,ADWIN,CUSUM,DDM,GeometricMovingAverage,HDDMAverage,HDDMWeighted,Ground-truth
38,0.0,0.0,1.0,0.0,0.0,0.0,0.0
49,0.0,0.0,2.0,0.0,0.0,0.0,0.0
549,0.0,0.0,0.0,0.0,0.0,0.0,0.0
1012,0.0,0.0,1.0,0.0,0.0,0.0,0.0
1106,0.0,0.0,1.0,0.0,0.0,1.0,0.0
1484,0.0,0.0,1.0,0.0,1.0,1.0,0.0
1512,0.0,0.0,0.0,0.0,1.0,1.0,0.0
1580,0.0,0.0,1.0,0.0,1.0,1.0,0.0
1606,0.0,0.0,1.0,0.0,1.0,0.0,0.0
1984,0.0,0.0,1.0,0.0,0.0,0.0,0.0
2002,0.0,0.0,1.0,0.0,0.0,1.0,0.0
2080,0.0,0.0,0.0,0.0,0.0,1.0,0.0
2356,0.0,0.0,1.0,0.0,0.0,1.0,0.0
2361,0.0,0.0,1.0,0.0,0.0,2.0,0.0
2861,0.0,0.0,1.0,0.0,0.0,0.0,0.0
4356,0.0,0.0,0.0,0.0,0.0,0.0,0.0
5039,0.0,0.0,0.0,0.0,0.0,1.0,0.0
5539,0.0,0.0,0.0,0.0,0.0,0.0,0.0
6692,0.0,0.0,0.0,0.0,0.0,1.0,0.0
6695,0.0,0.0,0.0,0.0,0.0,2.0,0.0
7038,0.0,0.0,0.0,0.0,1.0,2.0,0.0
7149,0.0,0.0,0.0,0.0,2.0,2.0,0.0
7195,0.0,0.0,0.0,0.0,2.0,0.0,0.0
7289,0.0,0.0,1.0,0.0,2.0,0.0,0.0
7325,0.0,2.0,1.0,0.0,2.0,0.0,0.0
7359,2.0,2.0,1.0,0.0,2.0,0.0,0.0
7649,2.0,2.0,1.0,0.0,0.0,0.0,0.0
7825,2.0,0.0,1.0,0.0,0.0,0.0,0.0
7859,0.0,0.0,1.0,0.0,0.0,0.0,0.0
8183,0.0,0.0,1.0,0.0,0.0,1.0,0.0
8683,0.0,0.0,1.0,0.0,0.0,0.0,0.0
8789,0.0,0.0,0.0,0.0,0.0,0.0,0.0
10725,0.0,0.0,0.0,0.0,0.0,1.0,0.0
11225,0.0,0.0,0.0,0.0,0.0,0.0,0.0
12622,0.0,0.0,0.0,0.0,0.0,1.0,0.0
13122,0.0,0.0,0.0,0.0,0.0,0.0,0.0
14227,0.0,0.0,0.0,0.0,0.0,1.0,0.0
14727,0.0,0.0,0.0,0.0,0.0,0.0,0.0
15347,0.0,0.0,0.0,0.0,0.0,1.0,0.0
15745,0.0,0.0,0.0,0.0,0.0,2.0,0.0
16245,0.0,0.0,0.0,0.0,0.0,0.0,0.0
18440,0.0,0.0,0.0,0.0,0.0,1.0,0.0
18940,0.0,0.0,0.0,0.0,0.0,0.0,0.0
19576,0.0,0.0,0.0,0.0,0.0,1.0,0.0
20076,0.0,0.0,0.0,0.0,0.0,0.0,0.0
21775,0.0,0.0,0.0,0.0,0.0,1.0,0.0
21777,0.0,0.0,0.0,0.0,0.0,2.0,0.0
22277,0.0,0.0,0.0,0.0,0.0,0.0,0.0
22841,0.0,0.0,0.0,0.0,0.0,1.0,0.0
23341,0.0,0.0,0.0,0.0,0.0,0.0,0.0
23605,0.0,0.0,0.0,0.0,0.0,1.0,0.0
23607,0.0,0.0,0.0,0.0,0.0,2.0,0.0
24107,0.0,0.0,0.0,0.0,0.0,0.0,0.0
24209,0.0,0.0,0.0,0.0,0.0,1.0,0.0
24709,0.0,0.0,0.0,0.0,0.0,0.0,0.0
26794,0.0,0.0,0.0,0.0,0.0,1.0,0.0
27294,0.0,0.0,0.0,0.0,0.0,0.0,0.0
27829,0.0,0.0,0.0,0.0,0.0,1.0,0.0
27836,0.0,0.0,0.0,0.0,0.0,2.0,0.0
28336,0.0,0.0,0.0,0.0,0.0,0.0,0.0
28646,0.0,0.0,0.0,0.0,0.0,1.0,0.0
29146,0.0,0.0,0.0,0.0,0.0,0.0,0.0
29377,0.0,0.0,0.0,0.0,0.0,1.0,0.0
29416,0.0,0.0,0.0,0.0,0.0,2.0,0.0
29916,0.0,0.0,0.0,0.0,0.0,0.0,0.0
31208,0.0,0.0,0.0,0.0,0.0,1.0,0.0
31210,0.0,0.0,0.0,0.0,0.0,2.0,0.0
31710,0.0,0.0,0.0,0.0,0.0,0.0,0.0
32172,0.0,0.0,0.0,0.0,0.0,1.0,0.0
32672,0.0,0.0,0.0,0.0,0.0,0.0,0.0
35752,0.0,0.0,0.0,0.0,0.0,1.0,0.0
36252,0.0,0.0,0.0,0.0,0.0,0.0,0.0
38293,0.0,0.0,0.0,0.0,0.0,1.0,0.0
38793,0.0,0.0,0.0,0.0,0.0,0.0,0.0
39750,0.0,0.0,0.0,0.0,0.0,1.0,0.0
39917,0.0,0.0,0.0,0.0,0.0,2.0,0.0
40086,0.0,0.0,0.0,0.0,1.0,2.0,0.0
40417,0.0,0.0,0.0,0.0,1.0,0.0,0.0
40586,0.0,0.0,0.0,0.0,0.0,0.0,0.0
40603,0.0,0.0,0.0,0.0,1.0,0.0,0.0
40739,0.0,2.0,0.0,0.0,1.0,0.0,0.0
41103,0.0,2.0,0.0,0.0,0.0,0.0,0.0
41239,0.0,0.0,0.0,0.0,0.0,0.0,0.0
41408,0.0,0.0,0.0,0.0,0.0,1.0,0.0
41908,0.0,0.0,0.0,0.0,0.0,0.0,0.0
43894,0.0,0.0,0.0,0.0,0.0,1.0,0.0
44394,0.0,0.0,0.0,0.0,0.0,0.0,0.0
44732,0.0,0.0,0.0,0.0,0.0,1.0,0.0
44748,0.0,0.0,0.0,0.0,0.0,2.0,0.0
45248,0.0,0.0,0.0,0.0,0.0,0.0,0.0
45308,0.0,0.0,0.0,0.0,0.0,1.0,0.0
45349,0.0,2.0,0.0,0.0,0.0,1.0,0.0
45808,0.0,2.0,0.0,0.0,0.0,0.0,0.0
45843,0.0,2.0,0.0,0.0,0.0,1.0,0.0
45849,0.0,0.0,0.0,0.0,0.0,1.0,0.0
45851,0.0,0.0,0.0,0.0,0.0,2.0,0.0
46351,0.0,0.0,0.0,0.0,0.0,0.0,0.0
47521,0.0,0.0,0.0,0.0,0.0,1.0,0.0
48021,0.0,0.0,0.0,0.0,0.0,0.0,0.0
50372,0.0,0.0,0.0,0.0,0.0,1.0,0.0
50872,0.0,0.0,0.0,0.0,0.0,0.0,0.0
50883,0.0,0.0,0.0,0.0,0.0,1.0,0.0
51383,0.0,0.0,0.0,0.0,0.0,0.0,0.0
53008,0.0,0.0,0.0,0.0,0.0,1.0,0.0
53508,0.0,0.0,0.0,0.0,0.0,0.0,0.0
53800,0.0,0.0,0.0,0.0,0.0,1.0,0.0
54300,0.0,0.0,0.0,0.0,0.0,0.0,0.0
55055,0.0,0.0,0.0,0.0,0.0,1.0,0.0
55555,0.0,0.0,0.0,0.0,0.0,0.0,0.0
55763,0.0,2.0,0.0,0.0,0.0,0.0,0.0
56263,0.0,0.0,0.0,0.0,0.0,0.0,0.0
58450,0.0,0.0,0.0,0.0,0.0,1.0,0.0
58950,0.0,0.0,0.0,0.0,0.0,0.0,0.0
60000,0.0,0.0,0.0,0.0,0.0,1.0,0.0
60500,0.0,0.0,0.0,0.0,0.0,0.0,0.0
61781,0.0,0.0,0.0,0.0,0.0,1.0,0.0
62281,0.0,0.0,0.0,0.0,0.0,0.0,0.0
62991,0.0,0.0,0.0,0.0,0.0,1.0,0.0
63491,0.0,0.0,0.0,0.0,0.0,0.0,0.0
63784,0.0,0.0,0.0,0.0,0.0,1.0,0.0
63875,0.0,2.0,0.0,0.0,0.0,1.0,0.0
64284,0.0,2.0,0.0,0.0,0.0,0.0,0.0
64375,0.0,0.0,0.0,0.0,0.0,0.0,0.0
66034,0.0,0.0,0.0,0.0,0.0,1.0,0.0
66036,0.0,0.0,0.0,0.0,0.0,2.0,0.0
66536,0.0,0.0,0.0,0.0,0.0,0.0,0.0
66922,0.0,0.0,0.0,0.0,0.0,1.0,0.0
67123,0.0,0.0,0.0,0.0,0.0,2.0,0.0
67623,0.0,0.0,0.0,0.0,0.0,0.0,0.0
67739,0.0,0.0,0.0,0.0,0.0,1.0,0.0
68239,0.0,0.0,0.0,0.0,0.0,0.0,0.0
69779,0.0,0.0,0.0,0.0,0.0,1.0,0.0
70279,0.0,0.0,0.0,0.0,0.0,0.0,0.0
70523,0.0,0.0,0.0,0.0,0.0,1.0,0.0
71023,0.0,0.0,0.0,0.0,0.0,0.0,0.0
71041,0.0,0.0,0.0,0.0,0.0,1.0,0.0
71541,0.0,0.0,0.0,0.0,0.0,0.0,0.0
71602,0.0,0.0,0.0,0.0,0.0,1.0,0.0
72102,0.0,0.0,0.0,0.0,0.0,0.0,0.0
72950,0.0,0.0,0.0,0.0,0.0,1.0,0.0
73450,0.0,0.0,0.0,0.0,0.0,0.0,0.0
73847,0.0,0.0,0.0,0.0,0.0,1.0,0.0
74347,0.0,0.0,0.0,0.0,0.0,0.0,0.0
75424,0.0,0.0,0.0,0.0,0.0,1.0,0.0
75924,0.0,0.0,0.0,0.0,0.0,0.0,0.0
76030,0.0,0.0,0.0,0.0,0.0,1.0,0.0
76530,0.0,0.0,0.0,0.0,0.0,0.0,0.0
76894,0.0,0.0,0.0,0.0,0.0,1.0,0.0
76901,0.0,0.0,0.0,0.0,0.0,2.0,0.0
77401,0.0,0.0,0.0,0.0,0.0,0.0,0.0
79094,0.0,0.0,0.0,0.0,0.0,1.0,0.0
79594,0.0,0.0,0.0,0.0,0.0,0.0,0.0
79634,0.0,0.0,0.0,0.0,0.0,1.0,0.0
79783,0.0,0.0,0.0,0.0,0.0,2.0,0.0
80283,0.0,0.0,0.0,0.0,0.0,0.0,0.0
80414,0.0,0.0,0.0,0.0,0.0,1.0,0.0
80914,0.0,0.0,0.0,0.0,0.0,0.0,0.0
81930,0.0,0.0,0.0,0.0,0.0,1.0,0.0
82430,0.0,0.0,0.0,0.0,0.0,0.0,0.0
82617,0.0,0.0,0.0,0.0,0.0,1.0,0.0
82666,0.0,0.0,0.0,0.0,0.0,2.0,0.0
83166,0.0,0.0,0.0,0.0,0.0,0.0,0.0
85080,0.0,0.0,0.0,0.0,0.0,1.0,0.0
85580,0.0,0.0,0.0,0.0,0.0,0.0,0.0
86009,0.0,0.0,0.0,0.0,0.0,1.0,0.0
86355,0.0,0.0,0.0,0.0,0.0,2.0,0.0
86855,0.0,0.0,0.0,0.0,0.0,0.0,0.0
88049,0.0,0.0,0.0,0.0,0.0,1.0,0.0
88549,0.0,0.0,0.0,0.0,0.0,0.0,0.0
88692,0.0,0.0,0.0,0.0,0.0,1.0,0.0
89192,0.0,0.0,0.0,0.0,0.0,0.0,0.0
90675,0.0,0.0,0.0,0.0,0.0,1.0,0.0
91175,0.0,0.0,0.0,0.0,0.0,0.0,0.0
91462,0.0,0.0,0.0,0.0,0.0,1.0,0.0
91962,0.0,0.0,0.0,0.0,0.0,0.0,0.0
92469,0.0,0.0,0.0,0.0,0.0,1.0,0.0
92591,0.0,0.0,0.0,0.0,0.0,2.0,0.0
93091,0.0,0.0,0.0,0.0,0.0,0.0,0.0
93413,0.0,0.0,0.0,0.0,0.0,1.0,0.0
93913,0.0,0.0,0.0,0.0,0.0,0.0,0.0
97841,0.0,0.0,0.0,0.0,0.0,1.0,0.0
98341,0.0,0.0,0.0,0.0,0.0,0.0,0.0
99076,0.0,0.0,0.0,0.0,0.0,1.0,0.0
99576,0.0,0.0,0.0,0.0,0.0,0.0,0.0
99837,0.0,0.0,0.0,0.0,0.0,1.0,0.0
100337,0.0,0.0,0.0,0.0,0.0,0.0,0.0
101628,0.0,0.0,0.0,0.0,0.0,1.0,0.0
101632,0.0,0.0,0.0,0.0,0.0,2.0,0.0
102132,0.0,0.0,0.0,0.0,0.0,0.0,0.0
104837,0.0,0.0,0.0,0.0,0.0,1.0,0.0
105337,0.0,0.0,0.0,0.0,0.0,0.0,0.0
107348,0.0,0.0,0.0,0.0,0.0,1.0,0.0
107350,0.0,0.0,0.0,0.0,0.0,2.0,0.0
107850,0.0,0.0,0.0,0.0,0.0,0.0,0.0
113586,0.0,0.0,0.0,0.0,0.0,1.0,0.0
114086,0.0,0.0,0.0,0.0,0.0,0.0,0.0
115348,0.0,0.0,0.0,0.0,0.0,1.0,0.0
115848,0.0,0.0,0.0,0.0,0.0,0.0,0.0
115850,0.0,0.0,0.0,0.0,0.0,1.0,0.0
116177,0.0,0.0,0.0,0.0,1.0,1.0,0.0
116350,0.0,0.0,0.0,0.0,1.0,0.0,0.0
116433,0.0,0.0,0.0,0.0,2.0,0.0,0.0
116443,0.0,0.0,0.0,0.0,2.0,1.0,0.0
116933,0.0,0.0,0.0,0.0,0.0,1.0,0.0
116943,0.0,0.0,0.0,0.0,0.0,0.0,0.0
116965,0.0,0.0,0.0,0.0,0.0,1.0,0.0
116966,0.0,0.0,0.0,0.0,0.0,2.0,0.0
117466,0.0,0.0,0.0,0.0,0.0,0.0,0.0
118136,0.0,0.0,0.0,0.0,0.0,1.0,0.0
118636,0.0,0.0,0.0,0.0,0.0,0.0,0.0
118875,0.0,0.0,0.0,0.0,0.0,1.0,0.0
119375,0.0,0.0,0.0,0.0,0.0,0.0,0.0
119752,0.0,0.0,0.0,0.0,0.0,1.0,0.0
120252,0.0,0.0,0.0,0.0,0.0,0.0,0.0
122516,0.0,0.0,0.0,0.0,0.0,1.0,0.0
123016,0.0,0.0,0.0,0.0,0.0,0.0,0.0
128118,0.0,0.0,0.0,0.0,0.0,1.0,0.0
128119,0.0,0.0,0.0,0.0,0.0,2.0,0.0
128619,0.0,0.0,0.0,0.0,0.0,0.0,0.0
131917,0.0,0.0,0.0,0.0,0.0,1.0,0.0
132417,0.0,0.0,0.0,0.0,0.0,0.0,0.0
133673,0.0,0.0,0.0,0.0,0.0,1.0,0.0
133677,0.0,0.0,0.0,0.0,0.0,2.0,0.0
134177,0.0,0.0,0.0,0.0,0.0,0.0,0.0
135895,0.0,0.0,0.0,0.0,0.0,1.0,0.0
136395,0.0,0.0,0.0,0.0,0.0,0.0,0.0
139061,0.0,0.0,0.0,0.0,0.0,1.0,0.0
139561,0.0,0.0,0.0,0.0,0.0,0.0,0.0
140633,0.0,0.0,0.0,0.0,0.0,1.0,0.0
141133,0.0,0.0,0.0,0.0,0.0,0.0,0.0
141387,0.0,0.0,0.0,0.0,0.0,1.0,0.0
141887,0.0,0.0,0.0,0.0,0.0,0.0,0.0
142043,0.0,0.0,0.0,0.0,0.0,1.0,0.0
142543,0.0,0.0,0.0,0.0,0.0,0.0,0.0
144404,0.0,0.0,0.0,0.0,0.0,1.0,0.0
144861,0.0,0.0,0.0,0.0,1.0,1.0,0.0
144904,0.0,0.0,0.0,0.0,1.0,0.0,0.0
144969,0.0,0.0,0.0,0.0,1.0,1.0,0.0
145361,0.0,0.0,0.0,0.0,0.0,1.0,0.0
145469,0.0,0.0,0.0,0.0,0.0,0.0,0.0
148379,0.0,0.0,0.0,0.0,0.0,1.0,0.0
148879,0.0,0.0,0.0,0.0,0.0,0.0,0.0
149335,0.0,0.0,0.0,0.0,0.0,1.0,0.0
149835,0.0,0.0,0.0,0.0,0.0,0.0,0.0
150117,0.0,0.0,0.0,0.0,0.0,1.0,0.0
150119,0.0,0.0,0.0,0.0,0.0,2.0,0.0
150619,0.0,0.0,0.0,0.0,0.0,0.0,0.0
155085,0.0,0.0,0.0,0.0,0.0,1.0,0.0
155102,0.0,0.0,0.0,0.0,0.0,2.0,0.0
155602,0.0,0.0,0.0,0.0,0.0,0.0,0.0
162772,0.0,0.0,0.0,0.0,0.0,1.0,0.0
163272,0.0,0.0,0.0,0.0,0.0,0.0,0.0
164106,0.0,0.0,0.0,0.0,0.0,1.0,0.0
164606,0.0,0.0,0.0,0.0,0.0,0.0,0.0
165886,0.0,0.0,0.0,0.0,0.0,1.0,0.0
166386,0.0,0.0,0.0,0.0,0.0,0.0,0.0
169399,0.0,0.0,0.0,0.0,0.0,1.0,0.0
169899,0.0,0.0,0.0,0.0,0.0,0.0,0.0
171744,0.0,0.0,0.0,0.0,0.0,1.0,0.0
172244,0.0,0.0,0.0,0.0,0.0,0.0,0.0
175076,0.0,0.0,0.0,0.0,0.0,1.0,0.0
175576,0.0,0.0,0.0,0.0,0.0,0.0,0.0
176950,0.0,0.0,0.0,0.0,0.0,1.0,0.0
177450,0.0,0.0,0.0,0.0,0.0,0.0,0.0
181354,0.0,0.0,0.0,0.0,0.0,1.0,0.0
181854,0.0,0.0,0.0,0.0,0.0,0.0,0.0
182849,0.0,0.0,0.0,0.0,0.0,1.0,0.0
182854,0.0,0.0,0.0,0.0,0.0,2.0,0.0
183354,0.0,0.0,0.0,0.0,0.0,0.0,0.0
185299,0.0,0.0,0.0,0.0,0.0,1.0,0.0
185799,0.0,0.0,0.0,0.0,0.0,0.0,0.0
191609,0.0,0.0,0.0,0.0,0.0,1.0,0.0
192109,0.0,0.0,0.0,0.0,0.0,0.0,0.0
193253,0.0,0.0,0.0,0.0,0.0,1.0,0.0
193255,0.0,0.0,0.0,0.0,0.0,2.0,0.0
193755,0.0,0.0,0.0,0.0,0.0,0.0,0.0
195811,0.0,0.0,0.0,0.0,0.0,1.0,0.0
196311,0.0,0.0,0.0,0.0,0.0,0.0,0.0
199163,0.0,0.0,0.0,0.0,0.0,1.0,0.0
199663,0.0,0.0,0.0,0.0,0.0,0.0,0.0
200000,0.0,0.0,0.0,0.0,0.0,0.0,1.0
200008,0.0,0.0,0.0,0.0,0.0,1.0,1.0
200154,0.0,0.0,0.0,0.0,1.0,1.0,1.0
200199,0.0,0.0,0.0,0.0,2.0,1.0,1.0
200500,0.0,0.0,0.0,0.0,2.0,1.0,0.0
200508,0.0,0.0,0.0,0.0,2.0,0.0,0.0
200699,0.0,0.0,0.0,0.0,0.0,0.0,0.0
201011,0.0,2.0,0.0,0.0,0.0,0.0,0.0
201055,2.0,2.0,0.0,0.0,0.0,0.0,0.0
201183,2.0,2.0,0.0,0.0,0.0,1.0,0.0
201511,2.0,0.0,0.0,0.0,0.0,1.0,0.0
201555,0.0,0.0,0.0,0.0,0.0,1.0,0.0
201567,2.0,0.0,0.0,0.0,0.0,1.0,0.0
201659,2.0,0.0,0.0,0.0,0.0,2.0,0.0
202067,0.0,0.0,0.0,0.0,0.0,2.0,0.0
202159,0.0,0.0,0.0,0.0,0.0,0.0,0.0
202651,0.0,0.0,0.0,0.0,0.0,1.0,0.0
203151,0.0,0.0,0.0,0.0,0.0,0.0,0.0
203198,0.0,0.0,0.0,0.0,0.0,1.0,0.0
203698,0.0,0.0,0.0,0.0,0.0,0.0,0.0
208223,0.0,0.0,0.0,0.0,0.0,1.0,0.0
208224,0.0,0.0,0.0,0.0,1.0,1.0,0.0
208723,0.0,0.0,0.0,0.0,1.0,0.0,0.0
208724,0.0,0.0,0.0,0.0,0.0,0.0,0.0
209833,0.0,0.0,0.0,0.0,0.0,1.0,0.0
209837,0.0,0.0,0.0,0.0,0.0,2.0,0.0
210337,0.0,0.0,0.0,0.0,0.0,0.0,0.0
210414,0.0,0.0,0.0,0.0,0.0,1.0,0.0
210914,0.0,0.0,0.0,0.0,0.0,0.0,0.0
211225,0.0,0.0,0.0,0.0,0.0,1.0,0.0
211562,0.0,0.0,0.0,0.0,0.0,2.0,0.0
212062,0.0,0.0,0.0,0.0,0.0,0.0,0.0
216482,0.0,0.0,0.0,0.0,0.0,1.0,0.0
216982,0.0,0.0,0.0,0.0,0.0,0.0,0.0
217068,0.0,0.0,0.0,0.0,0.0,1.0,0.0
217077,0.0,0.0,0.0,0.0,0.0,2.0,0.0
217577,0.0,0.0,0.0,0.0,0.0,0.0,0.0
217808,0.0,0.0,0.0,0.0,0.0,1.0,0.0
218308,0.0,0.0,0.0,0.0,0.0,0.0,0.0
219007,0.0,0.0,0.0,0.0,0.0,1.0,0.0
219507,0.0,0.0,0.0,0.0,0.0,0.0,0.0
219904,0.0,0.0,0.0,0.0,1.0,0.0,0.0
220277,0.0,0.0,0.0,0.0,1.0,1.0,0.0
220404,0.0,0.0,0.0,0.0,0.0,1.0,0.0
220777,0.0,0.0,0.0,0.0,0.0,0.0,0.0
220782,0.0,0.0,0.0,0.0,0.0,1.0,0.0
220785,0.0,0.0,0.0,0.0,0.0,2.0,0.0
221285,0.0,0.0,0.0,0.0,0.0,0.0,0.0
222563,0.0,0.0,0.0,0.0,0.0,1.0,0.0
223063,0.0,0.0,0.0,0.0,0.0,0.0,0.0
223100,0.0,0.0,0.0,0.0,0.0,1.0,0.0
223600,0.0,0.0,0.0,0.0,0.0,0.0,0.0
225148,0.0,0.0,0.0,0.0,0.0,1.0,0.0
225648,0.0,0.0,0.0,0.0,0.0,0.0,0.0
226392,0.0,0.0,0.0,0.0,0.0,1.0,0.0
226892,0.0,0.0,0.0,0.0,0.0,0.0,0.0
228721,0.0,0.0,0.0,0.0,0.0,1.0,0.0
228727,0.0,0.0,0.0,0.0,0.0,2.0,0.0
229227,0.0,0.0,0.0,0.0,0.0,0.0,0.0
232425,0.0,0.0,0.0,0.0,0.0,1.0,0.0
232925,0.0,0.0,0.0,0.0,0.0,0.0,0.0
233225,0.0,0.0,0.0,0.0,0.0,1.0,0.0
233731,0.0,0.0,0.0,0.0,0.0,2.0,0.0
234231,0.0,0.0,0.0,0.0,0.0,0.0,0.0
234480,0.0,0.0,0.0,0.0,0.0,1.0,0.0
234980,0.0,0.0,0.0,0.0,0.0,0.0,0.0
235113,0.0,0.0,0.0,0.0,0.0,1.0,0.0
235152,0.0,0.0,0.0,0.0,0.0,2.0,0.0
235652,0.0,0.0,0.0,0.0,0.0,0.0,0.0
237383,0.0,0.0,0.0,0.0,0.0,1.0,0.0
237883,0.0,0.0,0.0,0.0,0.0,0.0,0.0
238200,0.0,0.0,0.0,0.0,0.0,1.0,0.0
238281,0.0,0.0,0.0,0.0,0.0,2.0,0.0
238781,0.0,0.0,0.0,0.0,0.0,0.0,0.0
242498,0.0,0.0,0.0,0.0,0.0,1.0,0.0
242998,0.0,0.0,0.0,0.0,0.0,0.0,0.0
243069,0.0,0.0,0.0,0.0,0.0,1.0,0.0
243569,0.0,0.0,0.0,0.0,0.0,0.0,0.0
244126,0.0,0.0,0.0,0.0,0.0,1.0,0.0
244626,0.0,0.0,0.0,0.0,0.0,0.0,0.0
245202,0.0,0.0,0.0,0.0,0.0,1.0,0.0
245216,0.0,0.0,0.0,0.0,0.0,2.0,0.0
245716,0.0,0.0,0.0,0.0,0.0,0.0,0.0
247291,0.0,0.0,0.0,0.0,0.0,1.0,0.0
247294,0.0,0.0,0.0,0.0,1.0,1.0,0.0
247295,0.0,0.0,0.0,0.0,1.0,2.0,0.0
247794,0.0,0.0,0.0,0.0,0.0,2.0,0.0
247795,0.0,0.0,0.0,0.0,0.0,0.0,0.0
247905,0.0,0.0,0.0,0.0,0.0,1.0,0.0
248405,0.0,0.0,0.0,0.0,0.0,0.0,0.0
248679,0.0,0.0,0.0,0.0,0.0,1.0,0.0
249179,0.0,0.0,0.0,0.0,0.0,0.0,0.0
249269,0.0,0.0,0.0,0.0,0.0,1.0,0.0
249769,0.0,0.0,0.0,0.0,0.0,0.0,0.0
249859,0.0,0.0,0.0,0.0,0.0,1.0,0.0
250325,0.0,0.0,0.0,0.0,1.0,1.0,0.0
250359,0.0,0.0,0.0,0.0,1.0,0.0,0.0
250518,0.0,0.0,0.0,0.0,1.0,1.0,0.0
250825,0.0,0.0,0.0,0.0,0.0,1.0,0.0
250937,0.0,2.0,0.0,0.0,0.0,1.0,0.0
251018,0.0,2.0,0.0,0.0,0.0,0.0,0.0
251437,0.0,0.0,0.0,0.0,0.0,0.0,0.0
251562,0.0,0.0,0.0,0.0,0.0,1.0,0.0
252062,0.0,0.0,0.0,0.0,0.0,0.0,0.0
253757,0.0,0.0,0.0,0.0,0.0,1.0,0.0
254257,0.0,0.0,0.0,0.0,0.0,0.0,0.0
254345,0.0,0.0,0.0,0.0,0.0,1.0,0.0
254346,0.0,0.0,0.0,0.0,0.0,2.0,0.0
254846,0.0,0.0,0.0,0.0,0.0,0.0,0.0
255075,0.0,0.0,0.0,0.0,0.0,1.0,0.0
255077,0.0,0.0,0.0,0.0,0.0,2.0,0.0
255577,0.0,0.0,0.0,0.0,0.0,0.0,0.0
256834,0.0,0.0,0.0,0.0,0.0,1.0,0.0
256836,0.0,0.0,0.0,0.0,0.0,2.0,0.0
257336,0.0,0.0,0.0,0.0,0.0,0.0,0.0
258886,0.0,0.0,0.0,0.0,0.0,1.0,0.0
259386,0.0,0.0,0.0,0.0,0.0,0.0,0.0
260664,0.0,0.0,0.0,0.0,0.0,1.0,0.0
261164,0.0,0.0,0.0,0.0,0.0,0.0,0.0
261644,0.0,0.0,0.0,0.0,0.0,1.0,0.0
261908,0.0,0.0,0.0,0.0,0.0,2.0,0.0
261917,0.0,2.0,0.0,0.0,0.0,2.0,0.0
262408,0.0,2.0,0.0,0.0,0.0,0.0,0.0
262417,0.0,0.0,0.0,0.0,0.0,0.0,0.0
262730,0.0,0.0,0.0,0.0,0.0,1.0,0.0
263230,0.0,0.0,0.0,0.0,0.0,0.0,0.0
263596,0.0,0.0,0.0,0.0,0.0,1.0,0.0
263634,0.0,0.0,0.0,0.0,0.0,2.0,0.0
264134,0.0,0.0,0.0,0.0,0.0,0.0,0.0
265012,0.0,0.0,0.0,0.0,0.0,1.0,0.0
265512,0.0,0.0,0.0,0.0,0.0,0.0,0.0
266273,0.0,0.0,0.0,0.0,0.0,1.0,0.0
266773,0.0,0.0,0.0,0.0,0.0,0.0,0.0
266897,0.0,0.0,0.0,0.0,0.0,1.0,0.0
267397,0.0,0.0,0.0,0.0,0.0,0.0,0.0
267436,0.0,0.0,0.0,0.0,0.0,1.0,0.0
267936,0.0,0.0,0.0,0.0,0.0,0.0,0.0
268036,0.0,0.0,0.0,0.0,0.0,1.0,0.0
268536,0.0,0.0,0.0,0.0,0.0,0.0,0.0
268904,0.0,0.0,0.0,0.0,0.0,1.0,0.0
269404,0.0,0.0,0.0,0.0,0.0,0.0,0.0
269420,0.0,0.0,0.0,0.0,0.0,1.0,0.0
269920,0.0,0.0,0.0,0.0,0.0,0.0,0.0
270782,0.0,0.0,0.0,0.0,0.0,1.0,0.0
271282,0.0,0.0,0.0,0.0,0.0,0.0,0.0
271685,0.0,0.0,0.0,0.0,0.0,1.0,0.0
271687,0.0,0.0,0.0,0.0,0.0,2.0,0.0
272187,0.0,0.0,0.0,0.0,0.0,0.0,0.0
272556,0.0,0.0,0.0,0.0,0.0,1.0,0.0
273056,0.0,0.0,0.0,0.0,0.0,0.0,0.0
274809,0.0,0.0,0.0,0.0,0.0,1.0,0.0
275309,0.0,0.0,0.0,0.0,0.0,0.0,0.0
276510,0.0,0.0,0.0,0.0,0.0,1.0,0.0
277010,0.0,0.0,0.0,0.0,0.0,0.0,0.0
278415,0.0,0.0,0.0,0.0,0.0,1.0,0.0
278915,0.0,0.0,0.0,0.0,0.0,0.0,0.0
279138,0.0,0.0,0.0,0.0,0.0,1.0,0.0
279638,0.0,0.0,0.0,0.0,0.0,0.0,0.0
279931,0.0,0.0,0.0,0.0,0.0,1.0,0.0
279935,0.0,0.0,0.0,0.0,0.0,2.0,0.0
280435,0.0,0.0,0.0,0.0,0.0,0.0,0.0
282229,0.0,0.0,0.0,0.0,0.0,1.0,0.0
282729,0.0,0.0,0.0,0.0,0.0,0.0,0.0
284153,0.0,0.0,0.0,0.0,0.0,1.0,0.0
284653,0.0,0.0,0.0,0.0,0.0,0.0,0.0
284725,0.0,0.0,0.0,0.0,0.0,1.0,0.0
285225,0.0,0.0,0.0,0.0,0.0,0.0,0.0
285365,0.0,0.0,0.0,0.0,0.0,1.0,0.0
285865,0.0,0.0,0.0,0.0,0.0,0.0,0.0
286799,0.0,0.0,0.0,0.0,0.0,1.0,0.0
287023,0.0,0.0,0.0,0.0,0.0,2.0,0.0
287523,0.0,0.0,0.0,0.0,0.0,0.0,0.0
287865,0.0,0.0,0.0,0.0,0.0,1.0,0.0
288070,0.0,0.0,0.0,0.0,0.0,2.0,0.0
288570,0.0,0.0,0.0,0.0,0.0,0.0,0.0
290637,0.0,0.0,0.0,0.0,0.0,1.0,0.0
291137,0.0,0.0,0.0,0.0,0.0,0.0,0.0
292060,0.0,0.0,0.0,0.0,0.0,1.0,0.0
292508,0.0,0.0,0.0,0.0,0.0,2.0,0.0
293008,0.0,0.0,0.0,0.0,0.0,0.0,0.0
293434,0.0,0.0,0.0,0.0,1.0,0.0,0.0
293677,0.0,0.0,0.0,0.0,1.0,1.0,0.0
293678,0.0,0.0,0.0,0.0,1.0,2.0,0.0
293934,0.0,0.0,0.0,0.0,0.0,2.0,0.0
294178,0.0,0.0,0.0,0.0,0.0,0.0,0.0
295230,0.0,0.0,0.0,0.0,0.0,1.0,0.0
295730,0.0,0.0,0.0,0.0,0.0,0.0,0.0
295867,0.0,0.0,0.0,0.0,0.0,1.0,0.0
296367,0.0,0.0,0.0,0.0,0.0,0.0,0.0
297741,0.0,0.0,0.0,0.0,0.0,1.0,0.0
298241,0.0,0.0,0.0,0.0,0.0,0.0,0.0
298262,0.0,0.0,0.0,0.0,0.0,1.0,0.0
298762,0.0,0.0,0.0,0.0,0.0,0.0,0.0
299424,0.0,0.0,0.0,0.0,0.0,1.0,0.0
299924,0.0,0.0,0.0,0.0,0.0,0.0,0.0
299973,0.0,0.0,0.0,0.0,0.0,1.0,0.0
300973,0.0,0.0,0.0,0.0,0.0,0.0,0.0
304330,0.0,0.0,0.0,0.0,0.0,1.0,0.0
304336,0.0,0.0,0.0,0.0,0.0,2.0,0.0
304836,0.0,0.0,0.0,0.0,0.0,0.0,0.0
306112,0.0,0.0,0.0,0.0,0.0,1.0,0.0
306612,0.0,0.0,0.0,0.0,0.0,0.0,0.0
310815,0.0,0.0,0.0,0.0,0.0,1.0,0.0
311315,0.0,0.0,0.0,0.0,0.0,0.0,0.0
311686,0.0,0.0,0.0,0.0,0.0,1.0,0.0
312186,0.0,0.0,0.0,0.0,0.0,0.0,0.0
315828,0.0,0.0,0.0,0.0,0.0,1.0,0.0
315830,0.0,0.0,0.0,0.0,0.0,2.0,0.0
316330,0.0,0.0,0.0,0.0,0.0,0.0,0.0
318784,0.0,0.0,0.0,0.0,0.0,1.0,0.0
319284,0.0,0.0,0.0,0.0,0.0,0.0,0.0
319809,0.0,0.0,0.0,0.0,0.0,1.0,0.0
320102,0.0,0.0,0.0,0.0,0.0,2.0,0.0
320602,0.0,0.0,0.0,0.0,0.0,0.0,0.0
321848,0.0,0.0,0.0,0.0,0.0,1.0,0.0
321853,0.0,0.0,0.0,0.0,0.0,2.0,0.0
322353,0.0,0.0,0.0,0.0,0.0,0.0,0.0
323113,0.0,0.0,0.0,0.0,0.0,1.0,0.0
323613,0.0,0.0,0.0,0.0,0.0,0.0,0.0
325240,0.0,0.0,0.0,0.0,1.0,0.0,0.0
325538,0.0,0.0,0.0,0.0,1.0,1.0,0.0
325740,0.0,0.0,0.0,0.0,0.0,1.0,0.0
326038,0.0,0.0,0.0,0.0,0.0,0.0,0.0
328149,0.0,0.0,0.0,0.0,0.0,1.0,0.0
328649,0.0,0.0,0.0,0.0,0.0,0.0,0.0
329830,0.0,0.0,0.0,0.0,0.0,1.0,0.0
330330,0.0,0.0,0.0,0.0,0.0,0.0,0.0
331293,0.0,0.0,0.0,0.0,1.0,0.0,0.0
331793,0.0,0.0,0.0,0.0,0.0,0.0,0.0
331859,0.0,0.0,0.0,0.0,1.0,0.0,0.0
332100,0.0,0.0,0.0,0.0,1.0,1.0,0.0
332359,0.0,0.0,0.0,0.0,0.0,1.0,0.0
332600,0.0,0.0,0.0,0.0,0.0,0.0,0.0
333213,0.0,0.0,0.0,0.0,0.0,1.0,0.0
333713,0.0,0.0,0.0,0.0,0.0,0.0,0.0
334772,0.0,0.0,0.0,0.0,0.0,1.0,0.0
334774,0.0,0.0,0.0,0.0,0.0,2.0,0.0
335274,0.0,0.0,0.0,0.0,0.0,0.0,0.0
335850,0.0,0.0,0.0,0.0,0.0,1.0,0.0
335855,0.0,0.0,0.0,0.0,0.0,2.0,0.0
336355,0.0,0.0,0.0,0.0,0.0,0.0,0.0
336903,0.0,0.0,0.0,0.0,0.0,1.0,0.0
336907,0.0,0.0,0.0,0.0,0.0,2.0,0.0
336916,0.0,0.0,0.0,0.0,1.0,2.0,0.0
337407,0.0,0.0,0.0,0.0,1.0,0.0,0.0
337416,0.0,0.0,0.0,0.0,0.0,0.0,0.0
337648,0.0,0.0,0.0,0.0,0.0,1.0,0.0
338148,0.0,0.0,0.0,0.0,0.0,0.0,0.0
343875,0.0,0.0,0.0,0.0,0.0,1.0,0.0
344375,0.0,0.0,0.0,0.0,0.0,0.0,0.0
347217,0.0,0.0,0.0,0.0,0.0,1.0,0.0
347311,0.0,0.0,0.0,0.0,0.0,2.0,0.0
347811,0.0,0.0,0.0,0.0,0.0,0.0,0.0
348658,0.0,0.0,0.0,0.0,0.0,1.0,0.0
349158,0.0,0.0,0.0,0.0,0.0,0.0,0.0
355483,0.0,0.0,0.0,0.0,0.0,1.0,0.0
355983,0.0,0.0,0.0,0.0,0.0,0.0,0.0
356077,0.0,0.0,0.0,0.0,0.0,1.0,0.0
356117,0.0,0.0,0.0,0.0,0.0,2.0,0.0
356617,0.0,0.0,0.0,0.0,0.0,0.0,0.0
357151,0.0,0.0,0.0,0.0,0.0,1.0,0.0
357651,0.0,0.0,0.0,0.0,0.0,0.0,0.0
358134,0.0,0.0,0.0,0.0,0.0,1.0,0.0
358634,0.0,0.0,0.0,0.0,0.0,0.0,0.0
361063,0.0,0.0,0.0,0.0,0.0,1.0,0.0
361563,0.0,0.0,0.0,0.0,0.0,0.0,0.0
366029,0.0,0.0,0.0,0.0,0.0,1.0,0.0
366529,0.0,0.0,0.0,0.0,0.0,0.0,0.0
368274,0.0,0.0,0.0,0.0,0.0,1.0,0.0
368774,0.0,0.0,0.0,0.0,0.0,0.0,0.0
371432,0.0,0.0,0.0,0.0,0.0,1.0,0.0
371932,0.0,0.0,0.0,0.0,0.0,0.0,0.0
373455,0.0,0.0,0.0,0.0,0.0,1.0,0.0
373955,0.0,0.0,0.0,0.0,0.0,0.0,0.0
374078,0.0,0.0,0.0,0.0,0.0,1.0,0.0
374079,0.0,0.0,0.0,0.0,0.0,2.0,0.0
374579,0.0,0.0,0.0,0.0,0.0,0.0,0.0
374587,0.0,0.0,0.0,0.0,0.0,1.0,0.0
375087,0.0,0.0,0.0,0.0,0.0,0.0,0.0
377905,0.0,0.0,0.0,0.0,0.0,1.0,0.0
377906,0.0,0.0,0.0,0.0,0.0,2.0,0.0
378406,0.0,0.0,0.0,0.0,0.0,0.0,0.0
380756,0.0,0.0,0.0,0.0,0.0,1.0,0.0
381256,0.0,0.0,0.0,0.0,0.0,0.0,0.0
381665,0.0,0.0,0.0,0.0,0.0,1.0,0.0
382165,0.0,0.0,0.0,0.0,0.0,0.0,0.0
384943,0.0,0.0,0.0,0.0,0.0,1.0,0.0
385443,0.0,0.0,0.0,0.0,0.0,0.0,0.0
388150,0.0,0.0,0.0,0.0,0.0,1.0,0.0
388650,0.0,0.0,0.0,0.0,0.0,0.0,0.0
389972,0.0,0.0,0.0,0.0,0.0,1.0,0.0
390472,0.0,0.0,0.0,0.0,0.0,0.0,0.0
398630,0.0,0.0,0.0,0.0,0.0,1.0,0.0
399130,0.0,0.0,0.0,0.0,0.0,0.0,0.0
400000,0.0,0.0,0.0,0.0,0.0,0.0,1.0
400392,0.0,0.0,0.0,0.0,0.0,1.0,1.0
400500,0.0,0.0,0.0,0.0,0.0,1.0,0.0
400892,0.0,0.0,0.0,0.0,0.0,0.0,0.0
401416,0.0,0.0,0.0,0.0,0.0,1.0,0.0
401916,0.0,0.0,0.0,0.0,0.0,0.0,0.0
402194,0.0,2.0,0.0,0.0,0.0,0.0,0.0
402344,0.0,2.0,0.0,0.0,1.0,0.0,0.0
402367,2.0,2.0,0.0,0.0,1.0,0.0,0.0
402425,2.0,2.0,0.0,0.0,1.0,1.0,0.0
402694,2.0,0.0,0.0,0.0,1.0,1.0,0.0
402867,0.0,0.0,0.0,0.0,1.0,1.0,0.0
402925,0.0,0.0,0.0,0.0,1.0,0.0,0.0
403594,0.0,0.0,0.0,0.0,2.0,0.0,0.0
403853,0.0,0.0,0.0,0.0,2.0,1.0,0.0
403860,0.0,0.0,0.0,0.0,2.0,2.0,0.0
403871,2.0,0.0,0.0,0.0,2.0,2.0,0.0
404094,2.0,0.0,0.0,0.0,0.0,2.0,0.0
404360,2.0,0.0,0.0,0.0,0.0,0.0,0.0
404371,0.0,0.0,0.0,0.0,0.0,0.0,0.0
405183,2.0,0.0,0.0,0.0,0.0,0.0,0.0
405683,0.0,0.0,0.0,0.0,0.0,0.0,0.0
405695,2.0,0.0,0.0,0.0,0.0,0.0,0.0
406195,0.0,0.0,0.0,0.0,0.0,0.0,0.0
407250,0.0,0.0,0.0,0.0,0.0,1.0,0.0
407750,0.0,0.0,0.0,0.0,0.0,0.0,0.0
407890,0.0,0.0,0.0,0.0,0.0,1.0,0.0
407891,0.0,0.0,0.0,0.0,0.0,2.0,0.0
407896,0.0,0.0,0.0,0.0,1.0,2.0,0.0
408391,0.0,0.0,0.0,0.0,1.0,0.0,0.0
408396,0.0,0.0,0.0,0.0,0.0,0.0,0.0
409331,0.0,0.0,0.0,0.0,1.0,1.0,0.0
409831,0.0,0.0,0.0,0.0,0.0,0.0,0.0
410430,0.0,0.0,0.0,0.0,0.0,1.0,0.0
410930,0.0,0.0,0.0,0.0,0.0,0.0,0.0
411629,0.0,0.0,0.0,0.0,0.0,1.0,0.0
412129,0.0,0.0,0.0,0.0,0.0,0.0,0.0
412679,0.0,0.0,0.0,0.0,0.0,1.0,0.0
413179,0.0,0.0,0.0,0.0,0.0,0.0,0.0
413512,0.0,0.0,0.0,0.0,0.0,1.0,0.0
414012,0.0,0.0,0.0,0.0,0.0,0.0,0.0
414294,0.0,0.0,0.0,0.0,0.0,1.0,0.0
414794,0.0,0.0,0.0,0.0,0.0,0.0,0.0
415178,0.0,0.0,0.0,0.0,0.0,1.0,0.0
415678,0.0,0.0,0.0,0.0,0.0,0.0,0.0
417006,0.0,0.0,0.0,0.0,1.0,1.0,0.0
417439,2.0,0.0,0.0,0.0,1.0,1.0,0.0
417506,2.0,0.0,0.0,0.0,0.0,0.0,0.0
417939,0.0,0.0,0.0,0.0,0.0,0.0,0.0
418955,0.0,0.0,0.0,0.0,0.0,1.0,0.0
418959,0.0,0.0,0.0,0.0,0.0,2.0,0.0
419459,0.0,0.0,0.0,0.0,0.0,0.0,0.0
419650,0.0,0.0,0.0,0.0,0.0,1.0,0.0
420150,0.0,0.0,0.0,0.0,0.0,0.0,0.0
420675,0.0,0.0,0.0,0.0,0.0,1.0,0.0
420679,0.0,0.0,0.0,0.0,0.0,2.0,0.0
421179,0.0,0.0,0.0,0.0,0.0,0.0,0.0
421759,0.0,0.0,0.0,0.0,0.0,1.0,0.0
422259,0.0,0.0,0.0,0.0,0.0,0.0,0.0
423268,0.0,0.0,0.0,0.0,0.0,1.0,0.0
423768,0.0,0.0,0.0,0.0,0.0,0.0,0.0
423789,0.0,0.0,0.0,0.0,0.0,1.0,0.0
424289,0.0,0.0,0.0,0.0,0.0,0.0,0.0
425149,0.0,0.0,0.0,0.0,0.0,1.0,0.0
425301,0.0,0.0,0.0,0.0,0.0,2.0,0.0
425801,0.0,0.0,0.0,0.0,0.0,0.0,0.0
426096,0.0,0.0,0.0,0.0,0.0,1.0,0.0
426596,0.0,0.0,0.0,0.0,0.0,0.0,0.0
428310,0.0,0.0,0.0,0.0,0.0,1.0,0.0
428810,0.0,0.0,0.0,0.0,0.0,0.0,0.0
431536,0.0,0.0,0.0,0.0,0.0,1.0,0.0
432036,0.0,0.0,0.0,0.0,0.0,0.0,0.0
433798,0.0,0.0,0.0,0.0,0.0,1.0,0.0
434298,0.0,0.0,0.0,0.0,0.0,0.0,0.0
436141,0.0,0.0,0.0,0.0,0.0,1.0,0.0
436641,0.0,0.0,0.0,0.0,0.0,0.0,0.0
437566,0.0,0.0,0.0,0.0,0.0,1.0,0.0
438066,0.0,0.0,0.0,0.0,0.0,0.0,0.0
438159,0.0,2.0,0.0,0.0,0.0,0.0,0.0
438659,0.0,0.0,0.0,0.0,0.0,0.0,0.0
440305,0.0,0.0,0.0,0.0,0.0,1.0,0.0
440805,0.0,0.0,0.0,0.0,0.0,0.0,0.0
441566,0.0,0.0,0.0,0.0,0.0,1.0,0.0
441982,0.0,0.0,0.0,0.0,0.0,2.0,0.0
442108,0.0,2.0,0.0,0.0,0.0,2.0,0.0
442482,0.0,2.0,0.0,0.0,0.0,0.0,0.0
442608,0.0,0.0,0.0,0.0,0.0,0.0,0.0
445179,0.0,0.0,0.0,0.0,0.0,1.0,0.0
445679,0.0,0.0,0.0,0.0,0.0,0.0,0.0
446670,0.0,0.0,0.0,0.0,0.0,1.0,0.0
447170,0.0,0.0,0.0,0.0,0.0,0.0,0.0
447506,0.0,0.0,0.0,0.0,0.0,1.0,0.0
448006,0.0,0.0,0.0,0.0,0.0,0.0,0.0
448369,0.0,0.0,0.0,0.0,0.0,1.0,0.0
448395,0.0,2.0,0.0,0.0,0.0,1.0,0.0
448869,0.0,2.0,0.0,0.0,0.0,0.0,0.0
448895,0.0,0.0,0.0,0.0,0.0,0.0,0.0
449032,0.0,0.0,0.0,0.0,0.0,1.0,0.0
449532,0.0,0.0,0.0,0.0,0.0,0.0,0.0
450672,0.0,0.0,0.0,0.0,0.0,1.0,0.0
450703,0.0,0.0,0.0,0.0,0.0,2.0,0.0
451203,0.0,0.0,0.0,0.0,0.0,0.0,0.0
451232,0.0,0.0,0.0,0.0,0.0,1.0,0.0
451732,0.0,0.0,0.0,0.0,0.0,0.0,0.0
451807,0.0,0.0,0.0,0.0,0.0,1.0,0.0
451809,0.0,0.0,0.0,0.0,0.0,2.0,0.0
452309,0.0,0.0,0.0,0.0,0.0,0.0,0.0
453256,0.0,0.0,0.0,0.0,0.0,1.0,0.0
453307,0.0,2.0,0.0,0.0,0.0,1.0,0.0
453756,0.0,2.0,0.0,0.0,0.0,0.0,0.0
453807,0.0,0.0,0.0,0.0,0.0,0.0,0.0
453983,0.0,0.0,0.0,0.0,0.0,1.0,0.0
454483,0.0,0.0,0.0,0.0,0.0,0.0,0.0
454757,0.0,0.0,0.0,0.0,0.0,1.0,0.0
455257,0.0,0.0,0.0,0.0,0.0,0.0,0.0
457449,0.0,0.0,0.0,0.0,0.0,1.0,0.0
457949,0.0,0.0,0.0,0.0,0.0,0.0,0.0
459129,0.0,0.0,0.0,0.0,0.0,1.0,0.0
459629,0.0,0.0,0.0,0.0,0.0,0.0,0.0
460046,0.0,0.0,0.0,0.0,0.0,1.0,0.0
460048,0.0,0.0,0.0,0.0,0.0,2.0,0.0
460548,0.0,0.0,0.0,0.0,0.0,0.0,0.0
461920,0.0,0.0,0.0,0.0,0.0,1.0,0.0
461924,0.0,0.0,0.0,0.0,0.0,2.0,0.0
462424,0.0,0.0,0.0,0.0,0.0,0.0,0.0
462708,0.0,0.0,0.0,0.0,0.0,1.0,0.0
463208,0.0,0.0,0.0,0.0,0.0,0.0,0.0
463695,0.0,0.0,0.0,0.0,0.0,1.0,0.0
464019,0.0,0.0,0.0,0.0,0.0,2.0,0.0
464519,0.0,0.0,0.0,0.0,0.0,0.0,0.0
466096,0.0,0.0,0.0,0.0,0.0,1.0,0.0
466106,0.0,0.0,0.0,0.0,0.0,2.0,0.0
466606,0.0,0.0,0.0,0.0,0.0,0.0,0.0
469840,0.0,0.0,0.0,0.0,0.0,1.0,0.0
469850,0.0,0.0,0.0,0.0,0.0,2.0,0.0
470350,0.0,0.0,0.0,0.0,0.0,0.0,0.0
471300,0.0,0.0,0.0,0.0,0.0,1.0,0.0
471800,0.0,0.0,0.0,0.0,0.0,0.0,0.0
473012,0.0,0.0,0.0,0.0,0.0,1.0,0.0
473512,0.0,0.0,0.0,0.0,0.0,0.0,0.0
474042,0.0,0.0,0.0,0.0,0.0,1.0,0.0
474044,0.0,0.0,0.0,0.0,0.0,2.0,0.0
474544,0.0,0.0,0.0,0.0,0.0,0.0,0.0
474707,0.0,0.0,0.0,0.0,0.0,1.0,0.0
475207,0.0,0.0,0.0,0.0,0.0,0.0,0.0
476074,0.0,0.0,0.0,0.0,0.0,1.0,0.0
476574,0.0,0.0,0.0,0.0,0.0,0.0,0.0
476830,0.0,0.0,0.0,0.0,0.0,1.0,0.0
477330,0.0,0.0,0.0,0.0,0.0,0.0,0.0
477645,0.0,0.0,0.0,0.0,0.0,1.0,0.0
477648,0.0,0.0,0.0,0.0,0.0,2.0,0.0
478148,0.0,0.0,0.0,0.0,0.0,0.0,0.0
479374,0.0,0.0,0.0,0.0,0.0,1.0,0.0
479874,0.0,0.0,0.0,0.0,0.0,0.0,0.0
482644,0.0,0.0,0.0,0.0,0.0,1.0,0.0
483144,0.0,0.0,0.0,0.0,0.0,0.0,0.0
483534,0.0,0.0,0.0,0.0,0.0,1.0,0.0
483551,0.0,0.0,0.0,0.0,0.0,2.0,0.0
484051,0.0,0.0,0.0,0.0,0.0,0.0,0.0
487283,0.0,0.0,0.0,0.0,0.0,1.0,0.0
487285,0.0,0.0,0.0,0.0,1.0,1.0,0.0
487363,0.0,0.0,0.0,0.0,1.0,2.0,0.0
487785,0.0,0.0,0.0,0.0,0.0,2.0,0.0
487863,0.0,0.0,0.0,0.0,0.0,0.0,0.0
490286,0.0,0.0,0.0,0.0,0.0,1.0,0.0
490786,0.0,0.0,0.0,0.0,0.0,0.0,0.0
492616,0.0,0.0,0.0,0.0,0.0,1.0,0.0
492635,0.0,0.0,0.0,0.0,0.0,2.0,0.0
493135,0.0,0.0,0.0,0.0,0.0,0.0,0.0
493426,0.0,0.0,0.0,0.0,0.0,1.0,0.0
493926,0.0,0.0,0.0,0.0,0.0,0.0,0.0
494100,0.0,0.0,0.0,0.0,0.0,1.0,0.0
494329,0.0,0.0,0.0,0.0,0.0,2.0,0.0
494829,0.0,0.0,0.0,0.0,0.0,0.0,0.0
495559,0.0,0.0,0.0,0.0,0.0,1.0,0.0
496059,0.0,0.0,0.0,0.0,0.0,0.0,0.0
496607,0.0,0.0,0.0,0.0,0.0,1.0,0.0
496611,0.0,0.0,0.0,0.0,0.0,2.0,0.0
497111,0.0,0.0,0.0,0.0,0.0,0.0,0.0
498122,0.0,0.0,0.0,0.0,0.0,1.0,0.0
498622,0.0,0.0,0.0,0.0,0.0,0.0,0.0
499128,0.0,0.0,0.0,0.0,0.0,1.0,0.0
499628,0.0,0.0,0.0,0.0,0.0,0.0,0.0
500596,0.0,0.0,0.0,0.0,0.0,1.0,0.0
500631,0.0,0.0,0.0,0.0,0.0,2.0,0.0
501131,0.0,0.0,0.0,0.0,0.0,0.0,0.0
501705,0.0,0.0,0.0,0.0,1.0,0.0,0.0
501706,0.0,0.0,0.0,0.0,2.0,1.0,0.0
502206,0.0,0.0,0.0,0.0,0.0,0.0,0.0
503912,0.0,0.0,0.0,0.0,0.0,1.0,0.0
504412,0.0,0.0,0.0,0.0,0.0,0.0,0.0
508151,0.0,0.0,0.0,0.0,0.0,1.0,0.0
508651,0.0,0.0,0.0,0.0,0.0,0.0,0.0
511069,0.0,0.0,0.0,0.0,0.0,1.0,0.0
511414,0.0,0.0,0.0,0.0,0.0,2.0,0.0
511914,0.0,0.0,0.0,0.0,0.0,0.0,0.0
513698,0.0,0.0,0.0,0.0,0.0,1.0,0.0
514198,0.0,0.0,0.0,0.0,0.0,0.0,0.0
515109,0.0,0.0,0.0,0.0,0.0,1.0,0.0
515118,0.0,0.0,0.0,0.0,0.0,2.0,0.0
515618,0.0,0.0,0.0,0.0,0.0,0.0,0.0
517639,0.0,0.0,0.0,0.0,0.0,1.0,0.0
518139,0.0,0.0,0.0,0.0,0.0,0.0,0.0
519705,0.0,0.0,0.0,0.0,0.0,1.0,0.0
520205,0.0,0.0,0.0,0.0,0.0,0.0,0.0
521394,0.0,0.0,0.0,0.0,0.0,1.0,0.0
521894,0.0,0.0,0.0,0.0,0.0,0.0,0.0
523139,0.0,0.0,0.0,0.0,1.0,1.0,0.0
523639,0.0,0.0,0.0,0.0,0.0,0.0,0.0
524490,0.0,0.0,0.0,0.0,0.0,1.0,0.0
524494,0.0,0.0,0.0,0.0,0.0,2.0,0.0
524994,0.0,0.0,0.0,0.0,0.0,0.0,0.0
526113,0.0,0.0,0.0,0.0,0.0,1.0,0.0
526613,0.0,0.0,0.0,0.0,0.0,0.0,0.0
526635,0.0,0.0,0.0,0.0,0.0,1.0,0.0
527135,0.0,0.0,0.0,0.0,0.0,0.0,0.0
527319,0.0,0.0,0.0,0.0,0.0,1.0,0.0
527819,0.0,0.0,0.0,0.0,0.0,0.0,0.0
528622,0.0,0.0,0.0,0.0,0.0,1.0,0.0
529122,0.0,0.0,0.0,0.0,0.0,0.0,0.0
530482,0.0,0.0,0.0,0.0,0.0,1.0,0.0
530982,0.0,0.0,0.0,0.0,0.0,0.0,0.0
531042,0.0,0.0,0.0,0.0,0.0,1.0,0.0
531044,0.0,0.0,0.0,0.0,0.0,2.0,0.0
531544,0.0,0.0,0.0,0.0,0.0,0.0,0.0
533672,0.0,0.0,0.0,0.0,0.0,1.0,0.0
534172,0.0,0.0,0.0,0.0,0.0,0.0,0.0
534540,0.0,0.0,0.0,0.0,0.0,1.0,0.0
535040,0.0,0.0,0.0,0.0,0.0,0.0,0.0
536201,0.0,0.0,0.0,0.0,0.0,1.0,0.0
536701,0.0,0.0,0.0,0.0,0.0,0.0,0.0
536917,0.0,0.0,0.0,0.0,0.0,1.0,0.0
537417,0.0,0.0,0.0,0.0,0.0,0.0,0.0
537578,0.0,0.0,0.0,0.0,0.0,1.0,0.0
538078,0.0,0.0,0.0,0.0,0.0,0.0,0.0
538098,0.0,0.0,0.0,0.0,0.0,1.0,0.0
538598,0.0,0.0,0.0,0.0,0.0,0.0,0.0
538677,0.0,0.0,0.0,0.0,0.0,1.0,0.0
539177,0.0,0.0,0.0,0.0,0.0,0.0,0.0
539393,0.0,0.0,0.0,0.0,0.0,1.0,0.0
539893,0.0,0.0,0.0,0.0,0.0,0.0,0.0
541191,0.0,0.0,0.0,0.0,0.0,1.0,0.0
541691,0.0,0.0,0.0,0.0,0.0,0.0,0.0
542802,0.0,0.0,0.0,0.0,0.0,1.0,0.0
543302,0.0,0.0,0.0,0.0,0.0,0.0,0.0
544325,0.0,0.0,0.0,0.0,0.0,1.0,0.0
544825,0.0,0.0,0.0,0.0,0.0,0.0,0.0
545827,0.0,0.0,0.0,0.0,0.0,1.0,0.0
545829,0.0,0.0,0.0,0.0,0.0,2.0,0.0
546329,0.0,0.0,0.0,0.0,0.0,0.0,0.0
547496,0.0,0.0,0.0,0.0,0.0,1.0,0.0
547996,0.0,0.0,0.0,0.0,0.0,0.0,0.0
548294,0.0,0.0,0.0,0.0,0.0,1.0,0.0
548794,0.0,0.0,0.0,0.0,0.0,0.0,0.0
552182,0.0,0.0,0.0,0.0,0.0,1.0,0.0
552187,0.0,0.0,0.0,0.0,0.0,2.0,0.0
552687,0.0,0.0,0.0,0.0,0.0,0.0,0.0
552729,0.0,0.0,0.0,0.0,0.0,1.0,0.0
553229,0.0,0.0,0.0,0.0,0.0,0.0,0.0
556933,0.0,0.0,0.0,0.0,0.0,1.0,0.0
557433,0.0,0.0,0.0,0.0,0.0,0.0,0.0
559575,0.0,0.0,0.0,0.0,0.0,1.0,0.0
560075,0.0,0.0,0.0,0.0,0.0,0.0,0.0
561640,0.0,0.0,0.0,0.0,0.0,1.0,0.0
562140,0.0,0.0,0.0,0.0,0.0,0.0,0.0
565727,0.0,0.0,0.0,0.0,0.0,1.0,0.0
566227,0.0,0.0,0.0,0.0,0.0,0.0,0.0
567696,0.0,0.0,0.0,0.0,0.0,1.0,0.0
568196,0.0,0.0,0.0,0.0,0.0,0.0,0.0
569917,0.0,0.0,0.0,0.0,0.0,1.0,0.0
570417,0.0,0.0,0.0,0.0,0.0,0.0,0.0
571627,0.0,0.0,0.0,0.0,0.0,1.0,0.0
571643,0.0,0.0,0.0,0.0,0.0,2.0,0.0
572143,0.0,0.0,0.0,0.0,0.0,0.0,0.0
572293,0.0,0.0,0.0,0.0,0.0,1.0,0.0
572793,0.0,0.0,0.0,0.0,0.0,0.0,0.0
578932,0.0,0.0,0.0,0.0,0.0,1.0,0.0
579432,0.0,0.0,0.0,0.0,0.0,0.0,0.0
580039,0.0,0.0,0.0,0.0,0.0,1.0,0.0
580539,0.0,0.0,0.0,0.0,0.0,0.0,0.0
580809,0.0,0.0,0.0,0.0,0.0,1.0,0.0
580814,0.0,0.0,0.0,0.0,0.0,2.0,0.0
581314,0.0,0.0,0.0,0.0,0.0,0.0,0.0
586162,0.0,0.0,0.0,0.0,0.0,1.0,0.0
586617,0.0,0.0,0.0,0.0,1.0,1.0,0.0
586662,0.0,0.0,0.0,0.0,1.0,0.0,0.0
587117,0.0,0.0,0.0,0.0,0.0,0.0,0.0
588766,0.0,0.0,0.0,0.0,0.0,1.0,0.0
589266,0.0,0.0,0.0,0.0,0.0,0.0,0.0
589799,0.0,0.0,0.0,0.0,0.0,1.0,0.0
590299,0.0,0.0,0.0,0.0,0.0,0.0,0.0
590861,0.0,0.0,0.0,0.0,0.0,1.0,0.0
591361,0.0,0.0,0.0,0.0,0.0,0.0,0.0
591752,0.0,0.0,0.0,0.0,1.0,0.0,0.0
592169,0.0,0.0,0.0,0.0,1.0,1.0,0.0
592252,0.0,0.0,0.0,0.0,0.0,1.0,0.0
592669,0.0,0.0,0.0,0.0,0.0,0.0,0.0
597686,0.0,0.0,0.0,0.0,0.0,1.0,0.0
598186,0.0,0.0,0.0,0.0,0.0,0.0,0.0
598621,0.0,0.0,0.0,0.0,0.0,1.0,0.0
599121,0.0,0.0,0.0,0.0,0.0,0.0,0.0
599336,0.0,0.0,0.0,0.0,0.0,1.0,0.0
599836,0.0,0.0,0.0,0.0,0.0,0.0,0.0
600000,0.0,0.0,0.0,0.0,0.0,0.0,1.0
600165,0.0,0.0,0.0,0.0,0.0,1.0,1.0
600184,0.0,0.0,0.0,0.0,0.0,2.0,1.0
600500,0.0,0.0,0.0,0.0,0.0,2.0,0.0
600684,0.0,0.0,0.0,0.0,0.0,0.0,0.0
601407,0.0,0.0,0.0,0.0,1.0,0.0,0.0
601416,0.0,0.0,0.0,0.0,1.0,1.0,0.0
601439,2.0,0.0,0.0,0.0,1.0,1.0,0.0
601466,2.0,2.0,0.0,0.0,1.0,1.0,0.0
601467,2.0,2.0,0.0,0.0,2.0,1.0,0.0
601916,2.0,2.0,0.0,0.0,2.0,0.0,0.0
601939,0.0,2.0,0.0,0.0,2.0,0.0,0.0
601966,0.0,0.0,0.0,0.0,2.0,0.0,0.0
601967,0.0,0.0,0.0,0.0,0.0,0.0,0.0
602478,0.0,0.0,0.0,0.0,1.0,0.0,0.0
602978,0.0,0.0,0.0,0.0,0.0,0.0,0.0
604307,0.0,0.0,0.0,0.0,0.0,1.0,0.0
604399,0.0,0.0,0.0,0.0,0.0,2.0,0.0
604899,0.0,0.0,0.0,0.0,0.0,0.0,0.0
605695,2.0,0.0,0.0,0.0,0.0,0.0,0.0
606195,0.0,0.0,0.0,0.0,0.0,0.0,0.0
607808,0.0,0.0,0.0,0.0,0.0,1.0,0.0
608104,0.0,0.0,0.0,0.0,1.0,1.0,0.0
608308,0.0,0.0,0.0,0.0,1.0,0.0,0.0
608376,0.0,0.0,0.0,0.0,1.0,1.0,0.0
608383,0.0,0.0,0.0,0.0,1.0,2.0,0.0
608604,0.0,0.0,0.0,0.0,0.0,2.0,0.0
608883,0.0,0.0,0.0,0.0,0.0,0.0,0.0
608983,0.0,0.0,0.0,0.0,0.0,1.0,0.0
609483,0.0,0.0,0.0,0.0,0.0,0.0,0.0
610027,0.0,0.0,0.0,0.0,0.0,1.0,0.0
610047,2.0,0.0,0.0,0.0,0.0,1.0,0.0
610527,2.0,0.0,0.0,0.0,0.0,0.0,0.0
610547,0.0,0.0,0.0,0.0,0.0,0.0,0.0
610557,0.0,2.0,0.0,0.0,0.0,0.0,0.0
610562,0.0,2.0,0.0,0.0,0.0,1.0,0.0
611057,0.0,0.0,0.0,0.0,0.0,1.0,0.0
611062,0.0,0.0,0.0,0.0,0.0,0.0,0.0
612753,0.0,0.0,0.0,0.0,0.0,1.0,0.0
613253,0.0,0.0,0.0,0.0,0.0,0.0,0.0
614127,0.0,0.0,0.0,0.0,0.0,1.0,0.0
614627,0.0,0.0,0.0,0.0,0.0,0.0,0.0
614629,0.0,0.0,0.0,0.0,0.0,1.0,0.0
615129,0.0,0.0,0.0,0.0,0.0,0.0,0.0
615771,0.0,0.0,0.0,0.0,0.0,1.0,0.0
615820,0.0,0.0,0.0,0.0,0.0,2.0,0.0
616320,0.0,0.0,0.0,0.0,0.0,0.0,0.0
617166,0.0,0.0,0.0,0.0,0.0,1.0,0.0
617666,0.0,0.0,0.0,0.0,0.0,0.0,0.0
618103,0.0,0.0,0.0,0.0,0.0,1.0,0.0
618255,0.0,0.0,0.0,0.0,0.0,2.0,0.0
618755,0.0,0.0,0.0,0.0,0.0,0.0,0.0
619092,0.0,0.0,0.0,0.0,0.0,1.0,0.0
619507,0.0,0.0,0.0,0.0,0.0,2.0,0.0
620007,0.0,0.0,0.0,0.0,0.0,0.0,0.0
620592,0.0,0.0,0.0,0.0,0.0,1.0,0.0
621092,0.0,0.0,0.0,0.0,0.0,0.0,0.0
621716,0.0,0.0,0.0,0.0,0.0,1.0,0.0
622216,0.0,0.0,0.0,0.0,0.0,0.0,0.0
623788,0.0,0.0,0.0,0.0,0.0,1.0,0.0
624288,0.0,0.0,0.0,0.0,0.0,0.0,0.0
625137,0.0,0.0,0.0,0.0,0.0,1.0,0.0
625637,0.0,0.0,0.0,0.0,0.0,0.0,0.0
626723,0.0,0.0,0.0,0.0,1.0,0.0,0.0
627223,0.0,0.0,0.0,0.0,0.0,0.0,0.0
630023,0.0,0.0,0.0,0.0,0.0,1.0,0.0
630025,0.0,0.0,0.0,0.0,0.0,2.0,0.0
630525,0.0,0.0,0.0,0.0,0.0,0.0,0.0
630600,0.0,0.0,0.0,0.0,0.0,1.0,0.0
630602,0.0,0.0,0.0,0.0,0.0,2.0,0.0
631102,0.0,0.0,0.0,0.0,0.0,0.0,0.0
633572,0.0,0.0,0.0,0.0,0.0,1.0,0.0
634072,0.0,0.0,0.0,0.0,0.0,0.0,0.0
634846,0.0,0.0,0.0,0.0,0.0,1.0,0.0
635346,0.0,0.0,0.0,0.0,0.0,0.0,0.0
636715,0.0,0.0,0.0,0.0,0.0,1.0,0.0
637215,0.0,0.0,0.0,0.0,0.0,0.0,0.0
638280,0.0,0.0,0.0,0.0,0.0,1.0,0.0
638780,0.0,0.0,0.0,0.0,0.0,0.0,0.0
639530,0.0,0.0,0.0,0.0,1.0,0.0,0.0
640030,0.0,0.0,0.0,0.0,0.0,0.0,0.0
642703,0.0,0.0,0.0,0.0,0.0,1.0,0.0
643203,0.0,0.0,0.0,0.0,0.0,0.0,0.0
643955,0.0,0.0,0.0,0.0,0.0,1.0,0.0
644455,0.0,0.0,0.0,0.0,0.0,0.0,0.0
645308,0.0,0.0,0.0,0.0,0.0,1.0,0.0
645808,0.0,0.0,0.0,0.0,0.0,0.0,0.0
646223,0.0,0.0,0.0,0.0,0.0,1.0,0.0
646723,0.0,0.0,0.0,0.0,0.0,0.0,0.0
647003,0.0,0.0,0.0,0.0,0.0,1.0,0.0
647503,0.0,0.0,0.0,0.0,0.0,0.0,0.0
647727,0.0,0.0,0.0,0.0,0.0,1.0,0.0
648227,0.0,0.0,0.0,0.0,0.0,0.0,0.0
648872,0.0,0.0,0.0,0.0,0.0,1.0,0.0
648878,0.0,0.0,0.0,0.0,0.0,2.0,0.0
649378,0.0,0.0,0.0,0.0,0.0,0.0,0.0
649588,0.0,0.0,0.0,0.0,0.0,1.0,0.0
650088,0.0,0.0,0.0,0.0,0.0,0.0,0.0
651453,0.0,0.0,0.0,0.0,0.0,1.0,0.0
651953,0.0,0.0,0.0,0.0,0.0,0.0,0.0
652589,0.0,0.0,0.0,0.0,0.0,1.0,0.0
652603,0.0,0.0,0.0,0.0,0.0,2.0,0.0
653103,0.0,0.0,0.0,0.0,0.0,0.0,0.0
653118,0.0,0.0,0.0,0.0,0.0,1.0,0.0
653618,0.0,0.0,0.0,0.0,0.0,0.0,0.0
653653,0.0,0.0,0.0,0.0,0.0,1.0,0.0
654153,0.0,0.0,0.0,0.0,0.0,0.0,0.0
654208,0.0,0.0,0.0,0.0,0.0,1.0,0.0
654601,0.0,0.0,0.0,0.0,0.0,2.0,0.0
655101,0.0,0.0,0.0,0.0,0.0,0.0,0.0
655484,0.0,0.0,0.0,0.0,0.0,1.0,0.0
655642,0.0,2.0,0.0,0.0,0.0,1.0,0.0
655984,0.0,2.0,0.0,0.0,0.0,0.0,0.0
656142,0.0,0.0,0.0,0.0,0.0,0.0,0.0
657327,0.0,0.0,0.0,0.0,0.0,1.0,0.0
657827,0.0,0.0,0.0,0.0,0.0,0.0,0.0
658014,0.0,0.0,0.0,0.0,0.0,1.0,0.0
658165,0.0,0.0,0.0,0.0,0.0,2.0,0.0
658665,0.0,0.0,0.0,0.0,0.0,0.0,0.0
658799,0.0,0.0,0.0,0.0,0.0,1.0,0.0
659299,0.0,0.0,0.0,0.0,0.0,0.0,0.0
659401,0.0,0.0,0.0,0.0,0.0,1.0,0.0
659901,0.0,0.0,0.0,0.0,0.0,0.0,0.0
660555,0.0,0.0,0.0,0.0,0.0,1.0,0.0
661055,0.0,0.0,0.0,0.0,0.0,0.0,0.0
661122,0.0,0.0,0.0,0.0,0.0,1.0,0.0
661622,0.0,0.0,0.0,0.0,0.0,0.0,0.0
661873,0.0,0.0,0.0,0.0,0.0,1.0,0.0
662373,0.0,0.0,0.0,0.0,0.0,0.0,0.0
662383,0.0,0.0,0.0,0.0,0.0,1.0,0.0
662388,0.0,0.0,0.0,0.0,0.0,2.0,0.0
662888,0.0,0.0,0.0,0.0,0.0,0.0,0.0
663624,0.0,0.0,0.0,0.0,0.0,1.0,0.0
664124,0.0,0.0,0.0,0.0,0.0,0.0,0.0
664691,0.0,0.0,0.0,0.0,0.0,1.0,0.0
665191,0.0,0.0,0.0,0.0,0.0,0.0,0.0
666119,0.0,0.0,0.0,0.0,0.0,1.0,0.0
666289,0.0,0.0,0.0,0.0,0.0,2.0,0.0
666789,0.0,0.0,0.0,0.0,0.0,0.0,0.0
666875,0.0,0.0,0.0,0.0,0.0,1.0,0.0
667375,0.0,0.0,0.0,0.0,0.0,0.0,0.0
667441,0.0,0.0,0.0,0.0,0.0,1.0,0.0
667941,0.0,0.0,0.0,0.0,0.0,0.0,0.0
668256,0.0,0.0,0.0,0.0,0.0,1.0,0.0
668756,0.0,0.0,0.0,0.0,0.0,0.0,0.0
668916,0.0,0.0,0.0,0.0,0.0,1.0,0.0
669416,0.0,0.0,0.0,0.0,0.0,0.0,0.0
670399,0.0,0.0,0.0,0.0,0.0,1.0,0.0
670899,0.0,0.0,0.0,0.0,0.0,0.0,0.0
672475,0.0,0.0,0.0,0.0,0.0,1.0,0.0
672481,0.0,0.0,0.0,0.0,0.0,2.0,0.0
672981,0.0,0.0,0.0,0.0,0.0,0.0,0.0
674411,0.0,0.0,0.0,0.0,0.0,1.0,0.0
674911,0.0,0.0,0.0,0.0,0.0,0.0,0.0
675468,0.0,0.0,0.0,0.0,0.0,1.0,0.0
675638,0.0,0.0,0.0,0.0,1.0,1.0,0.0
675968,0.0,0.0,0.0,0.0,1.0,0.0,0.0
676138,0.0,0.0,0.0,0.0,0.0,0.0,0.0
679048,0.0,0.0,0.0,0.0,0.0,1.0,0.0
679548,0.0,0.0,0.0,0.0,0.0,0.0,0.0
680232,0.0,0.0,0.0,0.0,0.0,1.0,0.0
680732,0.0,0.0,0.0,0.0,0.0,0.0,0.0
681473,0.0,0.0,0.0,0.0,0.0,1.0,0.0
681973,0.0,0.0,0.0,0.0,0.0,0.0,0.0
682067,0.0,0.0,0.0,0.0,0.0,1.0,0.0
682567,0.0,0.0,0.0,0.0,0.0,0.0,0.0
682694,0.0,0.0,0.0,0.0,0.0,1.0,0.0
682696,0.0,0.0,0.0,0.0,0.0,2.0,0.0
683196,0.0,0.0,0.0,0.0,0.0,0.0,0.0
685696,0.0,0.0,0.0,0.0,0.0,1.0,0.0
686196,0.0,0.0,0.0,0.0,0.0,0.0,0.0
686693,0.0,0.0,0.0,0.0,0.0,1.0,0.0
687068,0.0,0.0,0.0,0.0,0.0,2.0,0.0
687568,0.0,0.0,0.0,0.0,0.0,0.0,0.0
688575,0.0,2.0,0.0,0.0,0.0,0.0,0.0
689075,0.0,0.0,0.0,0.0,0.0,0.0,0.0
689246,0.0,0.0,0.0,0.0,0.0,1.0,0.0
689698,0.0,0.0,0.0,0.0,0.0,2.0,0.0
690198,0.0,0.0,0.0,0.0,0.0,0.0,0.0
690744,0.0,0.0,0.0,0.0,0.0,1.0,0.0
690980,0.0,0.0,0.0,0.0,0.0,2.0,0.0
691480,0.0,0.0,0.0,0.0,0.0,0.0,0.0
691861,0.0,0.0,0.0,0.0,0.0,1.0,0.0
692361,0.0,0.0,0.0,0.0,0.0,0.0,0.0
693384,0.0,0.0,0.0,0.0,0.0,1.0,0.0
693884,0.0,0.0,0.0,0.0,0.0,0.0,0.0
699651,0.0,0.0,0.0,0.0,0.0,1.0,0.0
700151,0.0,0.0,0.0,0.0,0.0,0.0,0.0
701978,0.0,0.0,0.0,0.0,0.0,1.0,0.0
702478,0.0,0.0,0.0,0.0,0.0,0.0,0.0
703598,0.0,0.0,0.0,0.0,0.0,1.0,0.0
704098,0.0,0.0,0.0,0.0,0.0,0.0,0.0
705683,0.0,0.0,0.0,0.0,0.0,1.0,0.0
706109,0.0,0.0,0.0,0.0,1.0,1.0,0.0
706183,0.0,0.0,0.0,0.0,1.0,0.0,0.0
706250,0.0,0.0,0.0,0.0,1.0,1.0,0.0
706257,0.0,0.0,0.0,0.0,1.0,2.0,0.0
706609,0.0,0.0,0.0,0.0,0.0,2.0,0.0
706757,0.0,0.0,0.0,0.0,0.0,0.0,0.0
706858,0.0,0.0,0.0,0.0,0.0,1.0,0.0
707358,0.0,0.0,0.0,0.0,0.0,0.0,0.0
712252,0.0,0.0,0.0,0.0,0.0,1.0,0.0
712752,0.0,0.0,0.0,0.0,0.0,0.0,0.0
713957,0.0,0.0,0.0,0.0,0.0,1.0,0.0
714457,0.0,0.0,0.0,0.0,0.0,0.0,0.0
715666,0.0,0.0,0.0,0.0,0.0,1.0,0.0
716166,0.0,0.0,0.0,0.0,0.0,0.0,0.0
716372,0.0,0.0,0.0,0.0,0.0,1.0,0.0
716621,0.0,0.0,0.0,0.0,0.0,2.0,0.0
717121,0.0,0.0,0.0,0.0,0.0,0.0,0.0
722271,0.0,0.0,0.0,0.0,0.0,1.0,0.0
722272,0.0,0.0,0.0,0.0,0.0,2.0,0.0
722772,0.0,0.0,0.0,0.0,0.0,0.0,0.0
724255,0.0,0.0,0.0,0.0,0.0,1.0,0.0
724755,0.0,0.0,0.0,0.0,0.0,0.0,0.0
727195,0.0,0.0,0.0,0.0,0.0,1.0,0.0
727695,0.0,0.0,0.0,0.0,0.0,0.0,0.0
729735,0.0,0.0,0.0,0.0,0.0,1.0,0.0
730235,0.0,0.0,0.0,0.0,0.0,0.0,0.0
730353,0.0,0.0,0.0,0.0,0.0,1.0,0.0
730853,0.0,0.0,0.0,0.0,0.0,0.0,0.0
731570,0.0,0.0,0.0,0.0,0.0,1.0,0.0
732070,0.0,0.0,0.0,0.0,0.0,0.0,0.0
733518,0.0,0.0,0.0,0.0,0.0,1.0,0.0
734018,0.0,0.0,0.0,0.0,0.0,0.0,0.0
734277,0.0,0.0,0.0,0.0,0.0,1.0,0.0
734777,0.0,0.0,0.0,0.0,0.0,0.0,0.0
735209,0.0,0.0,0.0,0.0,0.0,1.0,0.0
735709,0.0,0.0,0.0,0.0,0.0,0.0,0.0
736399,0.0,0.0,0.0,0.0,0.0,1.0,0.0
736899,0.0,0.0,0.0,0.0,0.0,0.0,0.0
737496,0.0,0.0,0.0,0.0,0.0,1.0,0.0
737855,0.0,0.0,0.0,0.0,0.0,2.0,0.0
738355,0.0,0.0,0.0,0.0,0.0,0.0,0.0
739674,0.0,0.0,0.0,0.0,0.0,1.0,0.0
740174,0.0,0.0,0.0,0.0,0.0,0.0,0.0
742779,0.0,0.0,0.0,0.0,0.0,1.0,0.0
743279,0.0,0.0,0.0,0.0,0.0,0.0,0.0
744481,0.0,0.0,0.0,0.0,1.0,0.0,0.0
744981,0.0,0.0,0.0,0.0,0.0,0.0,0.0
745146,0.0,0.0,0.0,0.0,0.0,1.0,0.0
745646,0.0,0.0,0.0,0.0,0.0,0.0,0.0
746238,0.0,0.0,0.0,0.0,0.0,1.0,0.0
746658,0.0,0.0,0.0,0.0,0.0,2.0,0.0
747158,0.0,0.0,0.0,0.0,0.0,0.0,0.0
748559,0.0,0.0,0.0,0.0,0.0,1.0,0.0
749059,0.0,0.0,0.0,0.0,0.0,0.0,0.0
749735,0.0,0.0,0.0,0.0,0.0,1.0,0.0
750235,0.0,0.0,0.0,0.0,0.0,0.0,0.0
753556,0.0,0.0,0.0,0.0,0.0,1.0,0.0
754056,0.0,0.0,0.0,0.0,0.0,0.0,0.0
754483,0.0,0.0,0.0,0.0,0.0,1.0,0.0
754983,0.0,0.0,0.0,0.0,0.0,0.0,0.0
755805,0.0,0.0,0.0,0.0,0.0,1.0,0.0
755836,0.0,0.0,0.0,0.0,0.0,2.0,0.0
756336,0.0,0.0,0.0,0.0,0.0,0.0,0.0
760339,0.0,0.0,0.0,0.0,0.0,1.0,0.0
760839,0.0,0.0,0.0,0.0,0.0,0.0,0.0
761008,0.0,0.0,0.0,0.0,0.0,1.0,0.0
761508,0.0,0.0,0.0,0.0,0.0,0.0,0.0
762901,0.0,0.0,0.0,0.0,0.0,1.0,0.0
763401,0.0,0.0,0.0,0.0,0.0,0.0,0.0
767216,0.0,0.0,0.0,0.0,0.0,1.0,0.0
767716,0.0,0.0,0.0,0.0,0.0,0.0,0.0
770445,0.0,0.0,0.0,0.0,0.0,1.0,0.0
770945,0.0,0.0,0.0,0.0,0.0,0.0,0.0
771042,0.0,0.0,0.0,0.0,0.0,1.0,0.0
771542,0.0,0.0,0.0,0.0,0.0,0.0,0.0
772259,0.0,0.0,0.0,0.0,0.0,1.0,0.0
772759,0.0,0.0,0.0,0.0,0.0,0.0,0.0
775219,0.0,0.0,0.0,0.0,0.0,1.0,0.0
775719,0.0,0.0,0.0,0.0,0.0,0.0,0.0
777309,0.0,0.0,0.0,0.0,0.0,1.0,0.0
777310,0.0,0.0,0.0,0.0,1.0,2.0,0.0
777313,0.0,0.0,0.0,0.0,2.0,2.0,0.0
777810,0.0,0.0,0.0,0.0,2.0,0.0,0.0
777813,0.0,0.0,0.0,0.0,0.0,0.0,0.0
779078,0.0,0.0,0.0,0.0,0.0,1.0,0.0
779578,0.0,0.0,0.0,0.0,0.0,0.0,0.0
783110,0.0,0.0,0.0,0.0,0.0,1.0,0.0
783610,0.0,0.0,0.0,0.0,0.0,0.0,0.0
783935,0.0,0.0,0.0,0.0,0.0,1.0,0.0
784435,0.0,0.0,0.0,0.0,0.0,0.0,0.0
785345,0.0,0.0,0.0,0.0,0.0,1.0,0.0
785845,0.0,0.0,0.0,0.0,0.0,0.0,0.0
787107,0.0,0.0,0.0,0.0,1.0,0.0,0.0
787601,0.0,0.0,0.0,0.0,1.0,1.0,0.0
787607,0.0,0.0,0.0,0.0,0.0,1.0,0.0
787614,0.0,0.0,0.0,0.0,0.0,2.0,0.0
788114,0.0,0.0,0.0,0.0,0.0,0.0,0.0
789512,0.0,0.0,0.0,0.0,0.0,1.0,0.0
790012,0.0,0.0,0.0,0.0,0.0,0.0,0.0
790649,0.0,0.0,0.0,0.0,0.0,1.0,0.0
791149,0.0,0.0,0.0,0.0,0.0,0.0,0.0
791230,0.0,0.0,0.0,0.0,0.0,1.0,0.0
791730,0.0,0.0,0.0,0.0,0.0,0.0,0.0
793137,0.0,0.0,0.0,0.0,1.0,0.0,0.0
793155,0.0,0.0,0.0,0.0,1.0,1.0,0.0
793637,0.0,0.0,0.0,0.0,0.0,1.0,0.0
793655,0.0,0.0,0.0,0.0,0.0,0.0,0.0
794167,0.0,0.0,0.0,0.0,0.0,1.0,0.0
794667,0.0,0.0,0.0,0.0,0.0,0.0,0.0
795825,0.0,0.0,0.0,0.0,0.0,1.0,0.0
796325,0.0,0.0,0.0,0.0,0.0,0.0,0.0
800000,0.0,0.0,0.0,0.0,0.0,0.0,1.0
800500,0.0,0.0,0.0,0.0,0.0,0.0,0.0
800538,0.0,0.0,0.0,0.0,0.0,1.0,0.0
801038,0.0,0.0,0.0,0.0,0.0,0.0,0.0
801294,0.0,0.0,0.0,0.0,0.0,1.0,0.0
801297,0.0,0.0,0.0,0.0,0.0,2.0,0.0
801489,0.0,2.0,0.0,0.0,0.0,2.0,0.0
801533,0.0,2.0,0.0,0.0,1.0,2.0,0.0
801797,0.0,2.0,0.0,0.0,1.0,0.0,0.0
801989,0.0,0.0,0.0,0.0,1.0,0.0,0.0
802033,0.0,0.0,0.0,0.0,0.0,0.0,0.0
802309,0.0,0.0,0.0,0.0,1.0,0.0,0.0
802495,2.0,0.0,0.0,0.0,1.0,0.0,0.0
802657,2.0,0.0,0.0,0.0,2.0,0.0,0.0
802877,2.0,0.0,0.0,0.0,2.0,1.0,0.0
802879,2.0,0.0,0.0,0.0,2.0,2.0,0.0
802995,0.0,0.0,0.0,0.0,2.0,2.0,0.0
803157,0.0,0.0,0.0,0.0,0.0,2.0,0.0
803379,0.0,0.0,0.0,0.0,0.0,0.0,0.0
803966,0.0,0.0,0.0,0.0,0.0,1.0,0.0
803970,0.0,0.0,0.0,0.0,0.0,2.0,0.0
804095,2.0,0.0,0.0,0.0,0.0,2.0,0.0
804470,2.0,0.0,0.0,0.0,0.0,0.0,0.0
804595,0.0,0.0,0.0,0.0,0.0,0.0,0.0
806003,0.0,0.0,0.0,0.0,0.0,1.0,0.0
806055,0.0,0.0,0.0,0.0,0.0,2.0,0.0
806555,0.0,0.0,0.0,0.0,0.0,0.0,0.0
807167,2.0,0.0,0.0,0.0,0.0,0.0,0.0
807667,0.0,0.0,0.0,0.0,0.0,0.0,0.0
807689,0.0,0.0,0.0,0.0,0.0,1.0,0.0
808189,0.0,0.0,0.0,0.0,0.0,0.0,0.0
808615,0.0,0.0,0.0,0.0,0.0,1.0,0.0
808617,0.0,0.0,0.0,0.0,1.0,2.0,0.0
809117,0.0,0.0,0.0,0.0,0.0,0.0,0.0
810367,0.0,0.0,0.0,0.0,0.0,1.0,0.0
810867,0.0,0.0,0.0,0.0,0.0,0.0,0.0
810918,0.0,0.0,0.0,0.0,0.0,1.0,0.0
810923,0.0,0.0,0.0,0.0,0.0,2.0,0.0
811423,0.0,0.0,0.0,0.0,0.0,0.0,0.0
811517,0.0,0.0,0.0,0.0,0.0,1.0,0.0
812017,0.0,0.0,0.0,0.0,0.0,0.0,0.0
812893,0.0,0.0,0.0,0.0,0.0,1.0,0.0
813393,0.0,0.0,0.0,0.0,0.0,0.0,0.0
813822,0.0,0.0,0.0,0.0,0.0,1.0,0.0
814322,0.0,0.0,0.0,0.0,0.0,0.0,0.0
814323,0.0,0.0,0.0,0.0,0.0,1.0,0.0
814823,0.0,0.0,0.0,0.0,0.0,0.0,0.0
816883,0.0,0.0,0.0,0.0,0.0,1.0,0.0
817383,0.0,0.0,0.0,0.0,0.0,0.0,0.0
817387,0.0,0.0,0.0,0.0,0.0,1.0,0.0
817887,0.0,0.0,0.0,0.0,0.0,0.0,0.0
819386,0.0,0.0,0.0,0.0,1.0,0.0,0.0
819886,0.0,0.0,0.0,0.0,0.0,0.0,0.0
820052,0.0,0.0,0.0,0.0,0.0,1.0,0.0
820552,0.0,0.0,0.0,0.0,0.0,0.0,0.0
821101,0.0,0.0,0.0,0.0,0.0,1.0,0.0
821374,0.0,0.0,0.0,0.0,0.0,2.0,0.0
821874,0.0,0.0,0.0,0.0,0.0,0.0,0.0
822393,0.0,0.0,0.0,0.0,0.0,1.0,0.0
822408,0.0,0.0,0.0,0.0,0.0,2.0,0.0
822908,0.0,0.0,0.0,0.0,0.0,0.0,0.0
823582,0.0,0.0,0.0,0.0,0.0,1.0,0.0
823588,0.0,0.0,0.0,0.0,0.0,2.0,0.0
824088,0.0,0.0,0.0,0.0,0.0,0.0,0.0
824895,0.0,0.0,0.0,0.0,0.0,1.0,0.0
825307,0.0,2.0,0.0,0.0,0.0,1.0,0.0
825395,0.0,2.0,0.0,0.0,0.0,0.0,0.0
825807,0.0,0.0,0.0,0.0,0.0,0.0,0.0
826467,0.0,0.0,0.0,0.0,0.0,1.0,0.0
826469,0.0,0.0,0.0,0.0,0.0,2.0,0.0
826969,0.0,0.0,0.0,0.0,0.0,0.0,0.0
828225,0.0,0.0,0.0,0.0,0.0,1.0,0.0
828725,0.0,0.0,0.0,0.0,0.0,0.0,0.0
829024,0.0,0.0,0.0,0.0,0.0,1.0,0.0
829037,0.0,0.0,0.0,0.0,0.0,2.0,0.0
829537,0.0,0.0,0.0,0.0,0.0,0.0,0.0
831137,0.0,0.0,0.0,0.0,0.0,1.0,0.0
831637,0.0,0.0,0.0,0.0,0.0,0.0,0.0
833642,0.0,0.0,0.0,0.0,0.0,1.0,0.0
834142,0.0,0.0,0.0,0.0,0.0,0.0,0.0
837521,0.0,0.0,0.0,0.0,0.0,1.0,0.0
838021,0.0,0.0,0.0,0.0,0.0,0.0,0.0
839008,0.0,0.0,0.0,0.0,0.0,1.0,0.0
839508,0.0,0.0,0.0,0.0,0.0,0.0,0.0
839995,0.0,0.0,0.0,0.0,0.0,1.0,0.0
840495,0.0,0.0,0.0,0.0,0.0,0.0,0.0
840919,0.0,0.0,0.0,0.0,0.0,1.0,0.0
841419,0.0,0.0,0.0,0.0,0.0,0.0,0.0
843709,0.0,0.0,0.0,0.0,0.0,1.0,0.0
843745,0.0,0.0,0.0,0.0,0.0,2.0,0.0
844245,0.0,0.0,0.0,0.0,0.0,0.0,0.0
844996,0.0,0.0,0.0,0.0,0.0,1.0,0.0
845496,0.0,0.0,0.0,0.0,0.0,0.0,0.0
845755,0.0,0.0,0.0,0.0,1.0,0.0,0.0
845758,0.0,0.0,0.0,0.0,1.0,1.0,0.0
846093,0.0,0.0,0.0,0.0,1.0,2.0,0.0
846255,0.0,0.0,0.0,0.0,0.0,2.0,0.0
846593,0.0,0.0,0.0,0.0,0.0,0.0,0.0
846953,0.0,0.0,0.0,0.0,0.0,1.0,0.0
847453,0.0,0.0,0.0,0.0,0.0,0.0,0.0
847512,0.0,0.0,0.0,0.0,0.0,1.0,0.0
848012,0.0,0.0,0.0,0.0,0.0,0.0,0.0
849917,0.0,0.0,0.0,0.0,0.0,1.0,0.0
850417,0.0,0.0,0.0,0.0,0.0,0.0,0.0
850984,0.0,0.0,0.0,0.0,0.0,1.0,0.0
851484,0.0,0.0,0.0,0.0,0.0,0.0,0.0
853391,0.0,0.0,0.0,0.0,0.0,1.0,0.0
853891,0.0,0.0,0.0,0.0,0.0,0.0,0.0
853938,0.0,0.0,0.0,0.0,0.0,1.0,0.0
854438,0.0,0.0,0.0,0.0,0.0,0.0,0.0
854636,0.0,0.0,0.0,0.0,0.0,1.0,0.0
854638,0.0,0.0,0.0,0.0,0.0,2.0,0.0
855138,0.0,0.0,0.0,0.0,0.0,0.0,0.0
855237,0.0,0.0,0.0,0.0,0.0,1.0,0.0
855239,0.0,0.0,0.0,0.0,0.0,2.0,0.0
855739,0.0,0.0,0.0,0.0,0.0,0.0,0.0
855791,0.0,0.0,0.0,0.0,0.0,1.0,0.0
856291,0.0,0.0,0.0,0.0,0.0,0.0,0.0
856658,0.0,0.0,0.0,0.0,0.0,1.0,0.0
857158,0.0,0.0,0.0,0.0,0.0,0.0,0.0
857508,0.0,0.0,0.0,0.0,0.0,1.0,0.0
858008,0.0,0.0,0.0,0.0,0.0,0.0,0.0
859098,0.0,0.0,0.0,0.0,0.0,1.0,0.0
859598,0.0,0.0,0.0,0.0,0.0,0.0,0.0
859676,0.0,0.0,0.0,0.0,0.0,1.0,0.0
860176,0.0,0.0,0.0,0.0,0.0,0.0,0.0
860317,0.0,0.0,0.0,0.0,0.0,1.0,0.0
860817,0.0,0.0,0.0,0.0,0.0,0.0,0.0
861215,0.0,0.0,0.0,0.0,0.0,1.0,0.0
861715,0.0,0.0,0.0,0.0,0.0,0.0,0.0
861873,0.0,0.0,0.0,0.0,0.0,1.0,0.0
862373,0.0,0.0,0.0,0.0,0.0,0.0,0.0
862865,0.0,0.0,0.0,0.0,0.0,1.0,0.0
863365,0.0,0.0,0.0,0.0,0.0,0.0,0.0
864917,0.0,0.0,0.0,0.0,0.0,1.0,0.0
865417,0.0,0.0,0.0,0.0,0.0,0.0,0.0
865445,0.0,0.0,0.0,0.0,0.0,1.0,0.0
865945,0.0,0.0,0.0,0.0,0.0,0.0,0.0
866080,0.0,0.0,0.0,0.0,0.0,1.0,0.0
866580,0.0,0.0,0.0,0.0,0.0,0.0,0.0
866802,0.0,0.0,0.0,0.0,0.0,1.0,0.0
866804,0.0,0.0,0.0,0.0,0.0,2.0,0.0
867304,0.0,0.0,0.0,0.0,0.0,0.0,0.0
871296,0.0,0.0,0.0,0.0,0.0,1.0,0.0
871308,0.0,0.0,0.0,0.0,0.0,2.0,0.0
871808,0.0,0.0,0.0,0.0,0.0,0.0,0.0
873385,0.0,0.0,0.0,0.0,0.0,1.0,0.0
873885,0.0,0.0,0.0,0.0,0.0,0.0,0.0
874124,0.0,0.0,0.0,0.0,0.0,1.0,0.0
874136,0.0,0.0,0.0,0.0,0.0,2.0,0.0
874636,0.0,0.0,0.0,0.0,0.0,0.0,0.0
875709,0.0,0.0,0.0,0.0,0.0,1.0,0.0
876209,0.0,0.0,0.0,0.0,0.0,0.0,0.0
876283,0.0,0.0,0.0,0.0,0.0,1.0,0.0
876783,0.0,0.0,0.0,0.0,0.0,0.0,0.0
876858,0.0,0.0,0.0,0.0,0.0,1.0,0.0
877358,0.0,0.0,0.0,0.0,0.0,0.0,0.0
878474,0.0,0.0,0.0,0.0,0.0,1.0,0.0
878974,0.0,0.0,0.0,0.0,0.0,0.0,0.0
880002,0.0,0.0,0.0,0.0,0.0,1.0,0.0
880502,0.0,0.0,0.0,0.0,0.0,0.0,0.0
881047,0.0,0.0,0.0,0.0,0.0,1.0,0.0
881547,0.0,0.0,0.0,0.0,0.0,0.0,0.0
881688,0.0,0.0,0.0,0.0,0.0,1.0,0.0
882188,0.0,0.0,0.0,0.0,0.0,0.0,0.0
884846,0.0,0.0,0.0,0.0,0.0,1.0,0.0
885346,0.0,0.0,0.0,0.0,0.0,0.0,0.0
885586,0.0,0.0,0.0,0.0,0.0,1.0,0.0
885587,0.0,0.0,0.0,0.0,0.0,2.0,0.0
886087,0.0,0.0,0.0,0.0,0.0,0.0,0.0
889739,0.0,0.0,0.0,0.0,0.0,1.0,0.0
889741,0.0,0.0,0.0,0.0,1.0,1.0,0.0
889746,0.0,0.0,0.0,0.0,1.0,2.0,0.0
889747,0.0,0.0,0.0,0.0,2.0,2.0,0.0
890246,0.0,0.0,0.0,0.0,2.0,0.0,0.0
890247,0.0,0.0,0.0,0.0,0.0,0.0,0.0
890618,0.0,0.0,0.0,0.0,0.0,1.0,0.0
890798,0.0,0.0,0.0,0.0,1.0,1.0,0.0
891118,0.0,0.0,0.0,0.0,1.0,0.0,0.0
891298,0.0,0.0,0.0,0.0,0.0,0.0,0.0
891332,0.0,0.0,0.0,0.0,0.0,1.0,0.0
891832,0.0,0.0,0.0,0.0,0.0,0.0,0.0
893607,0.0,0.0,0.0,0.0,0.0,1.0,0.0
894107,0.0,0.0,0.0,0.0,0.0,0.0,0.0
894197,0.0,0.0,0.0,0.0,0.0,1.0,0.0
894697,0.0,0.0,0.0,0.0,0.0,0.0,0.0
894997,0.0,0.0,0.0,0.0,0.0,1.0,0.0
895497,0.0,0.0,0.0,0.0,0.0,0.0,0.0
898277,0.0,0.0,0.0,0.0,0.0,1.0,0.0
898777,0.0,0.0,0.0,0.0,0.0,0.0,0.0
899141,0.0,0.0,0.0,0.0,0.0,1.0,0.0
899641,0.0,0.0,0.0,0.0,0.0,0.0,0.0
905745,0.0,0.0,0.0,0.0,0.0,1.0,0.0
905748,0.0,0.0,0.0,0.0,0.0,2.0,0.0
906248,0.0,0.0,0.0,0.0,0.0,0.0,0.0
909186,0.0,0.0,0.0,0.0,0.0,1.0,0.0
909686,0.0,0.0,0.0,0.0,0.0,0.0,0.0
910644,0.0,0.0,0.0,0.0,0.0,1.0,0.0
911144,0.0,0.0,0.0,0.0,0.0,0.0,0.0
914019,0.0,0.0,0.0,0.0,0.0,1.0,0.0
914511,0.0,0.0,0.0,0.0,0.0,2.0,0.0
915011,0.0,0.0,0.0,0.0,0.0,0.0,0.0
918547,0.0,0.0,0.0,0.0,0.0,1.0,0.0
919047,0.0,0.0,0.0,0.0,0.0,0.0,0.0
921671,0.0,0.0,0.0,0.0,0.0,1.0,0.0
922171,0.0,0.0,0.0,0.0,0.0,0.0,0.0
924047,0.0,0.0,0.0,0.0,0.0,1.0,0.0
924547,0.0,0.0,0.0,0.0,0.0,0.0,0.0
924671,0.0,0.0,0.0,0.0,0.0,1.0,0.0
924678,0.0,0.0,0.0,0.0,0.0,2.0,0.0
925178,0.0,0.0,0.0,0.0,0.0,0.0,0.0
925833,0.0,0.0,0.0,0.0,0.0,1.0,0.0
926333,0.0,0.0,0.0,0.0,0.0,0.0,0.0
928474,0.0,0.0,0.0,0.0,0.0,1.0,0.0
928974,0.0,0.0,0.0,0.0,0.0,0.0,0.0
931706,0.0,0.0,0.0,0.0,0.0,1.0,0.0
932206,0.0,0.0,0.0,0.0,0.0,0.0,0.0
932974,0.0,0.0,0.0,0.0,0.0,1.0,0.0
933474,0.0,0.0,0.0,0.0,0.0,0.0,0.0
933609,0.0,0.0,0.0,0.0,0.0,1.0,0.0
934109,0.0,0.0,0.0,0.0,0.0,0.0,0.0
934264,0.0,0.0,0.0,0.0,0.0,1.0,0.0
934764,0.0,0.0,0.0,0.0,0.0,0.0,0.0
935193,0.0,0.0,0.0,0.0,0.0,1.0,0.0
935693,0.0,0.0,0.0,0.0,0.0,0.0,0.0
938104,0.0,0.0,0.0,0.0,0.0,1.0,0.0
938604,0.0,0.0,0.0,0.0,0.0,0.0,0.0
941309,0.0,0.0,0.0,0.0,0.0,1.0,0.0
941809,0.0,0.0,0.0,0.0,0.0,0.0,0.0
946287,0.0,0.0,0.0,0.0,0.0,1.0,0.0
946787,0.0,0.0,0.0,0.0,0.0,0.0,0.0
949341,0.0,0.0,0.0,0.0,0.0,1.0,0.0
949344,0.0,0.0,0.0,0.0,0.0,2.0,0.0
949844,0.0,0.0,0.0,0.0,0.0,0.0,0.0
951040,0.0,0.0,0.0,0.0,0.0,1.0,0.0
951042,0.0,0.0,0.0,0.0,0.0,2.0,0.0
951542,0.0,0.0,0.0,0.0,0.0,0.0,0.0
953207,0.0,0.0,0.0,0.0,0.0,1.0,0.0
953209,0.0,0.0,0.0,0.0,0.0,2.0,0.0
953709,0.0,0.0,0.0,0.0,0.0,0.0,0.0
959805,0.0,0.0,0.0,0.0,0.0,1.0,0.0
960305,0.0,0.0,0.0,0.0,0.0,0.0,0.0
960766,0.0,0.0,0.0,0.0,0.0,1.0,0.0
961266,0.0,0.0,0.0,0.0,0.0,0.0,0.0
961660,0.0,0.0,0.0,0.0,1.0,0.0,0.0
962160,0.0,0.0,0.0,0.0,0.0,0.0,0.0
963510,0.0,0.0,0.0,0.0,0.0,1.0,0.0
964010,0.0,0.0,0.0,0.0,0.0,0.0,0.0
964811,0.0,0.0,0.0,0.0,1.0,0.0,0.0
965311,0.0,0.0,0.0,0.0,0.0,0.0,0.0
968444,0.0,0.0,0.0,0.0,0.0,1.0,0.0
968446,0.0,0.0,0.0,0.0,0.0,2.0,0.0
968946,0.0,0.0,0.0,0.0,0.0,0.0,0.0
971995,0.0,0.0,0.0,0.0,0.0,1.0,0.0
972495,0.0,0.0,0.0,0.0,0.0,0.0,0.0
975561,0.0,0.0,0.0,0.0,0.0,1.0,0.0
976061,0.0,0.0,0.0,0.0,0.0,0.0,0.0
976851,0.0,0.0,0.0,0.0,0.0,1.0,0.0
977351,0.0,0.0,0.0,0.0,0.0,0.0,0.0
978832,0.0,0.0,0.0,0.0,0.0,1.0,0.0
978833,0.0,0.0,0.0,0.0,0.0,2.0,0.0
979333,0.0,0.0,0.0,0.0,0.0,0.0,0.0
982238,0.0,0.0,0.0,0.0,0.0,1.0,0.0
982738,0.0,0.0,0.0,0.0,0.0,0.0,0.0
983564,0.0,0.0,0.0,0.0,0.0,1.0,0.0
984064,0.0,0.0,0.0,0.0,0.0,0.0,0.0
985509,0.0,0.0,0.0,0.0,0.0,1.0,0.0
985555,0.0,0.0,0.0,0.0,0.0,2.0,0.0
986055,0.0,0.0,0.0,0.0,0.0,0.0,0.0
989786,0.0,0.0,0.0,0.0,0.0,1.0,0.0
990286,0.0,0.0,0.0,0.0,0.0,0.0,0.0
990946,0.0,0.0,0.0,0.0,0.0,1.0,0.0
990953,0.0,0.0,0.0,0.0,0.0,2.0,0.0
991453,0.0,0.0,0.0,0.0,0.0,0.0,0.0
992847,0.0,0.0,0.0,0.0,0.0,1.0,0.0
993347,0.0,0.0,0.0,0.0,0.0,0.0,0.0
995757,0.0,0.0,0.0,0.0,0.0,1.0,0.0
995758,0.0,0.0,0.0,0.0,0.0,2.0,0.0
996258,0.0,0.0,0.0,0.0,0.0,0.0,0.0
996327,0.0,0.0,0.0,0.0,0.0,1.0,0.0
996827,0.0,0.0,0.0,0.0,0.0,0.0,0.0
997813,0.0,0.0,0.0,0.0,0.0,1.0,0.0
997815,0.0,0.0,0.0,0.0,0.0,2.0,0.0
998315,0.0,0.0,0.0,0.0,0.0,0.0,0.0
1000000,0.0,0.0,0.0,0.0,0.0,0.0,1.0
1000352,0.0,0.0,0.0,0.0,0.0,1.0,1.0
1000500,0.0,0.0,0.0,0.0,0.0,1.0,0.0
1000852,0.0,0.0,0.0,0.0,0.0,0.0,0.0
1000867,0.0,0.0,0.0,0.0,0.0,1.0,0.0
1000869,0.0,0.0,0.0,0.0,0.0,2.0,0.0
1001369,0.0,0.0,0.0,0.0,0.0,0.0,0.0
1002173,0.0,0.0,0.0,0.0,1.0,0.0,0.0
1002623,2.0,0.0,0.0,0.0,1.0,0.0,0.0
1002637,2.0,0.0,0.0,0.0,1.0,1.0,0.0
1002638,2.0,0.0,0.0,0.0,1.0,2.0,0.0
1002779,2.0,0.0,0.0,0.0,2.0,2.0,0.0
1003023,2.0,2.0,0.0,0.0,2.0,2.0,0.0
1003123,0.0,2.0,0.0,0.0,2.0,2.0,0.0
1003138,0.0,2.0,0.0,0.0,2.0,0.0,0.0
1003279,0.0,2.0,0.0,0.0,0.0,0.0,0.0
1003523,0.0,0.0,0.0,0.0,0.0,0.0,0.0
1003551,2.0,0.0,0.0,0.0,0.0,0.0,0.0
1003605,2.0,0.0,0.0,0.0,0.0,1.0,0.0
1003607,2.0,0.0,0.0,0.0,0.0,2.0,0.0
1004051,0.0,0.0,0.0,0.0,0.0,2.0,0.0
1004107,0.0,0.0,0.0,0.0,0.0,0.0,0.0
1004329,0.0,0.0,0.0,0.0,0.0,1.0,0.0
1004829,0.0,0.0,0.0,0.0,0.0,0.0,0.0
1005023,2.0,0.0,0.0,0.0,0.0,0.0,0.0
1005523,0.0,0.0,0.0,0.0,0.0,0.0,0.0
1006459,0.0,0.0,0.0,0.0,0.0,1.0,0.0
1006959,0.0,0.0,0.0,0.0,0.0,0.0,0.0
1007071,2.0,0.0,0.0,0.0,0.0,0.0,0.0
1007072,2.0,0.0,0.0,0.0,0.0,1.0,0.0
1007571,0.0,0.0,0.0,0.0,0.0,1.0,0.0
1007572,0.0,0.0,0.0,0.0,0.0,0.0,0.0
1008428,0.0,0.0,0.0,0.0,0.0,1.0,0.0
1008928,0.0,0.0,0.0,0.0,0.0,0.0,0.0
1010468,0.0,0.0,0.0,0.0,0.0,1.0,0.0
1010782,0.0,0.0,0.0,0.0,0.0,2.0,0.0
1011282,0.0,0.0,0.0,0.0,0.0,0.0,0.0
1012114,0.0,0.0,0.0,0.0,0.0,1.0,0.0
1012614,0.0,0.0,0.0,0.0,0.0,0.0,0.0
1014283,0.0,0.0,0.0,0.0,0.0,1.0,0.0
1014783,0.0,0.0,0.0,0.0,0.0,0.0,0.0
1015481,0.0,0.0,0.0,0.0,0.0,1.0,0.0
1015828,0.0,0.0,0.0,0.0,0.0,2.0,0.0
1016328,0.0,0.0,0.0,0.0,0.0,0.0,0.0
1016825,0.0,0.0,0.0,0.0,0.0,1.0,0.0
1017325,0.0,0.0,0.0,0.0,0.0,0.0,0.0
1017669,0.0,0.0,0.0,0.0,0.0,1.0,0.0
1018169,0.0,0.0,0.0,0.0,0.0,0.0,0.0
1018483,0.0,0.0,0.0,0.0,0.0,1.0,0.0
1018485,0.0,0.0,0.0,0.0,0.0,2.0,0.0
1018985,0.0,0.0,0.0,0.0,0.0,0.0,0.0
1020783,0.0,0.0,0.0,0.0,0.0,1.0,0.0
1021283,0.0,0.0,0.0,0.0,0.0,0.0,0.0
1021553,0.0,0.0,0.0,0.0,0.0,1.0,0.0
1021559,0.0,0.0,0.0,0.0,0.0,2.0,0.0
1022059,0.0,0.0,0.0,0.0,0.0,0.0,0.0
1023229,0.0,0.0,0.0,0.0,0.0,1.0,0.0
1023729,0.0,0.0,0.0,0.0,0.0,0.0,0.0
1024522,0.0,0.0,0.0,0.0,0.0,1.0,0.0
1025022,0.0,0.0,0.0,0.0,0.0,0.0,0.0
1026754,0.0,0.0,0.0,0.0,0.0,1.0,0.0
1026914,0.0,0.0,0.0,0.0,0.0,2.0,0.0
1027414,0.0,0.0,0.0,0.0,0.0,0.0,0.0
1029671,0.0,0.0,0.0,0.0,0.0,1.0,0.0
1030171,0.0,0.0,0.0,0.0,0.0,0.0,0.0
1031528,0.0,0.0,0.0,0.0,0.0,1.0,0.0
1031530,0.0,0.0,0.0,0.0,0.0,2.0,0.0
1032030,0.0,0.0,0.0,0.0,0.0,0.0,0.0
1033302,0.0,0.0,0.0,0.0,1.0,0.0,0.0
1033369,0.0,0.0,0.0,0.0,1.0,1.0,0.0
1033802,0.0,0.0,0.0,0.0,0.0,1.0,0.0
1033869,0.0,0.0,0.0,0.0,0.0,0.0,0.0
1034539,0.0,0.0,0.0,0.0,0.0,1.0,0.0
1035009,0.0,0.0,0.0,0.0,0.0,2.0,0.0
1035509,0.0,0.0,0.0,0.0,0.0,0.0,0.0
1037743,0.0,0.0,0.0,0.0,0.0,1.0,0.0
1038243,0.0,0.0,0.0,0.0,0.0,0.0,0.0
1040185,0.0,0.0,0.0,0.0,0.0,1.0,0.0
1040187,0.0,0.0,0.0,0.0,0.0,2.0,0.0
1040687,0.0,0.0,0.0,0.0,0.0,0.0,0.0
1040834,0.0,0.0,0.0,0.0,0.0,1.0,0.0
1041334,0.0,0.0,0.0,0.0,0.0,0.0,0.0
1042762,0.0,0.0,0.0,0.0,0.0,1.0,0.0
1042834,0.0,0.0,0.0,0.0,0.0,2.0,0.0
1043334,0.0,0.0,0.0,0.0,0.0,0.0,0.0
1043531,0.0,0.0,0.0,0.0,0.0,1.0,0.0
1044031,0.0,0.0,0.0,0.0,0.0,0.0,0.0
1044839,0.0,0.0,0.0,0.0,0.0,1.0,0.0
1045339,0.0,0.0,0.0,0.0,0.0,0.0,0.0
1045832,0.0,0.0,0.0,0.0,0.0,1.0,0.0
1045836,0.0,0.0,0.0,0.0,0.0,2.0,0.0
1046336,0.0,0.0,0.0,0.0,0.0,0.0,0.0
1046402,0.0,0.0,0.0,0.0,0.0,1.0,0.0
1046902,0.0,0.0,0.0,0.0,0.0,0.0,0.0
1046908,0.0,2.0,0.0,0.0,0.0,0.0,0.0
1047408,0.0,0.0,0.0,0.0,0.0,0.0,0.0
1047622,0.0,0.0,0.0,0.0,0.0,1.0,0.0
1048122,0.0,0.0,0.0,0.0,0.0,0.0,0.0
1049036,0.0,0.0,0.0,0.0,0.0,1.0,0.0
1049536,0.0,0.0,0.0,0.0,0.0,0.0,0.0
1053175,0.0,0.0,0.0,0.0,0.0,1.0,0.0
1053188,0.0,0.0,0.0,0.0,0.0,2.0,0.0
1053688,0.0,0.0,0.0,0.0,0.0,0.0,0.0
1054541,0.0,0.0,0.0,0.0,0.0,1.0,0.0
1055041,0.0,0.0,0.0,0.0,0.0,0.0,0.0
1055144,0.0,0.0,0.0,0.0,0.0,1.0,0.0
1055644,0.0,0.0,0.0,0.0,0.0,0.0,0.0
1057769,0.0,0.0,0.0,0.0,0.0,1.0,0.0
1058269,0.0,0.0,0.0,0.0,0.0,0.0,0.0
1058467,0.0,0.0,0.0,0.0,0.0,1.0,0.0
1058469,0.0,0.0,0.0,0.0,0.0,2.0,0.0
1058969,0.0,0.0,0.0,0.0,0.0,0.0,0.0
1059654,0.0,0.0,0.0,0.0,0.0,1.0,0.0
1060154,0.0,0.0,0.0,0.0,0.0,0.0,0.0
1060247,0.0,0.0,0.0,0.0,0.0,1.0,0.0
1060248,0.0,0.0,0.0,0.0,0.0,2.0,0.0
1060748,0.0,0.0,0.0,0.0,0.0,0.0,0.0
1061901,0.0,0.0,0.0,0.0,0.0,1.0,0.0
1062100,0.0,0.0,0.0,0.0,0.0,2.0,0.0
1062600,0.0,0.0,0.0,0.0,0.0,0.0,0.0
1063895,0.0,2.0,0.0,0.0,0.0,0.0,0.0
1064395,0.0,0.0,0.0,0.0,0.0,0.0,0.0
1064470,0.0,0.0,0.0,0.0,0.0,1.0,0.0
1064564,0.0,0.0,0.0,0.0,0.0,2.0,0.0
1065064,0.0,0.0,0.0,0.0,0.0,0.0,0.0
1067808,0.0,0.0,0.0,0.0,0.0,1.0,0.0
1067810,0.0,0.0,0.0,0.0,0.0,2.0,0.0
1068310,0.0,0.0,0.0,0.0,0.0,0.0,0.0
1070220,0.0,0.0,0.0,0.0,0.0,1.0,0.0
1070720,0.0,0.0,0.0,0.0,0.0,0.0,0.0
1071116,0.0,0.0,0.0,0.0,0.0,1.0,0.0
1071124,0.0,0.0,0.0,0.0,1.0,1.0,0.0
1071125,0.0,0.0,0.0,0.0,1.0,2.0,0.0
1071624,0.0,0.0,0.0,0.0,0.0,2.0,0.0
1071625,0.0,0.0,0.0,0.0,0.0,0.0,0.0
1074558,0.0,0.0,0.0,0.0,0.0,1.0,0.0
1075058,0.0,0.0,0.0,0.0,0.0,0.0,0.0
1076711,0.0,0.0,0.0,0.0,0.0,1.0,0.0
1076719,0.0,0.0,0.0,0.0,0.0,2.0,0.0
1077219,0.0,0.0,0.0,0.0,0.0,0.0,0.0
1078134,0.0,0.0,0.0,0.0,0.0,1.0,0.0
1078150,0.0,0.0,0.0,0.0,0.0,2.0,0.0
1078650,0.0,0.0,0.0,0.0,0.0,0.0,0.0
1078731,0.0,0.0,0.0,0.0,0.0,1.0,0.0
1079231,0.0,0.0,0.0,0.0,0.0,0.0,0.0
1079689,0.0,0.0,0.0,0.0,0.0,1.0,0.0
1080189,0.0,0.0,0.0,0.0,0.0,0.0,0.0
1080268,0.0,0.0,0.0,0.0,0.0,1.0,0.0
1080499,0.0,2.0,0.0,0.0,0.0,1.0,0.0
1080768,0.0,2.0,0.0,0.0,0.0,0.0,0.0
1080999,0.0,0.0,0.0,0.0,0.0,0.0,0.0
1081197,0.0,0.0,0.0,0.0,0.0,1.0,0.0
1081697,0.0,0.0,0.0,0.0,0.0,0.0,0.0
1081700,0.0,0.0,0.0,0.0,0.0,1.0,0.0
1081703,0.0,0.0,0.0,0.0,0.0,2.0,0.0
1082203,0.0,0.0,0.0,0.0,0.0,0.0,0.0
1083259,0.0,0.0,0.0,0.0,0.0,1.0,0.0
1083598,0.0,0.0,0.0,0.0,0.0,2.0,0.0
1084098,0.0,0.0,0.0,0.0,0.0,0.0,0.0
1087766,0.0,0.0,0.0,0.0,0.0,1.0,0.0
1088266,0.0,0.0,0.0,0.0,0.0,0.0,0.0
1089732,0.0,0.0,0.0,0.0,0.0,1.0,0.0
1090232,0.0,0.0,0.0,0.0,0.0,0.0,0.0
1090531,0.0,0.0,0.0,0.0,0.0,1.0,0.0
1091031,0.0,0.0,0.0,0.0,0.0,0.0,0.0
1092118,0.0,0.0,0.0,0.0,0.0,1.0,0.0
1092618,0.0,0.0,0.0,0.0,0.0,0.0,0.0
1093092,0.0,0.0,0.0,0.0,0.0,1.0,0.0
1093109,0.0,0.0,0.0,0.0,0.0,2.0,0.0
1093609,0.0,0.0,0.0,0.0,0.0,0.0,0.0
1093812,0.0,0.0,0.0,0.0,0.0,1.0,0.0
1093822,0.0,0.0,0.0,0.0,0.0,2.0,0.0
1094322,0.0,0.0,0.0,0.0,0.0,0.0,0.0
1094632,0.0,0.0,0.0,0.0,0.0,1.0,0.0
1095132,0.0,0.0,0.0,0.0,0.0,0.0,0.0
1095285,0.0,0.0,0.0,0.0,0.0,1.0,0.0
1095521,0.0,0.0,0.0,0.0,0.0,2.0,0.0
1096021,0.0,0.0,0.0,0.0,0.0,0.0,0.0
1096260,0.0,0.0,0.0,0.0,0.0,1.0,0.0
1096760,0.0,0.0,0.0,0.0,0.0,0.0,0.0
1097052,0.0,0.0,0.0,0.0,0.0,1.0,0.0
1097552,0.0,0.0,0.0,0.0,0.0,0.0,0.0
1097804,0.0,0.0,0.0,0.0,0.0,1.0,0.0
1098304,0.0,0.0,0.0,0.0,0.0,0.0,0.0
1098647,0.0,0.0,0.0,0.0,0.0,1.0,0.0
1099147,0.0,0.0,0.0,0.0,0.0,0.0,0.0
1099347,0.0,0.0,0.0,0.0,0.0,1.0,0.0
1099575,0.0,0.0,0.0,0.0,0.0,2.0,0.0
1100075,0.0,0.0,0.0,0.0,0.0,0.0,0.0
1104471,0.0,0.0,0.0,0.0,0.0,1.0,0.0
1104971,0.0,0.0,0.0,0.0,0.0,0.0,0.0
1105443,0.0,0.0,0.0,0.0,0.0,1.0,0.0
1105445,0.0,0.0,0.0,0.0,0.0,2.0,0.0
1105945,0.0,0.0,0.0,0.0,0.0,0.0,0.0
1109029,0.0,0.0,0.0,0.0,0.0,1.0,0.0
1109529,0.0,0.0,0.0,0.0,0.0,0.0,0.0
1111291,0.0,0.0,0.0,0.0,0.0,1.0,0.0
1111791,0.0,0.0,0.0,0.0,0.0,0.0,0.0
1114448,0.0,0.0,0.0,0.0,0.0,1.0,0.0
1114948,0.0,0.0,0.0,0.0,0.0,0.0,0.0
1118403,0.0,0.0,0.0,0.0,0.0,1.0,0.0
1118903,0.0,0.0,0.0,0.0,0.0,0.0,0.0
1120016,0.0,0.0,0.0,0.0,0.0,1.0,0.0
1120275,0.0,0.0,0.0,0.0,0.0,2.0,0.0
1120775,0.0,0.0,0.0,0.0,0.0,0.0,0.0
1122970,0.0,0.0,0.0,0.0,1.0,0.0,0.0
1123470,0.0,0.0,0.0,0.0,0.0,0.0,0.0
1124647,0.0,0.0,0.0,0.0,0.0,1.0,0.0
1124657,0.0,0.0,0.0,0.0,0.0,2.0,0.0
1125157,0.0,0.0,0.0,0.0,0.0,0.0,0.0
1126564,0.0,0.0,0.0,0.0,0.0,1.0,0.0
1126578,0.0,0.0,0.0,0.0,0.0,2.0,0.0
1127078,0.0,0.0,0.0,0.0,0.0,0.0,0.0
1127480,0.0,0.0,0.0,0.0,0.0,1.0,0.0
1127584,0.0,0.0,0.0,0.0,0.0,2.0,0.0
1128084,0.0,0.0,0.0,0.0,0.0,0.0,0.0
1130062,0.0,0.0,0.0,0.0,0.0,1.0,0.0
1130562,0.0,0.0,0.0,0.0,0.0,0.0,0.0
1134470,0.0,0.0,0.0,0.0,1.0,0.0,0.0
1134970,0.0,0.0,0.0,0.0,0.0,0.0,0.0
1135391,0.0,0.0,0.0,0.0,0.0,1.0,0.0
1135891,0.0,0.0,0.0,0.0,0.0,0.0,0.0
1136965,0.0,0.0,0.0,0.0,0.0,1.0,0.0
1137465,0.0,0.0,0.0,0.0,0.0,0.0,0.0
1138249,0.0,0.0,0.0,0.0,0.0,1.0,0.0
1138749,0.0,0.0,0.0,0.0,0.0,0.0,0.0
1140423,0.0,0.0,0.0,0.0,0.0,1.0,0.0
1140923,0.0,0.0,0.0,0.0,0.0,0.0,0.0
1144215,0.0,0.0,0.0,0.0,0.0,1.0,0.0
1144715,0.0,0.0,0.0,0.0,0.0,0.0,0.0
1145221,0.0,0.0,0.0,0.0,0.0,1.0,0.0
1145721,0.0,0.0,0.0,0.0,0.0,0.0,0.0
1147252,0.0,0.0,0.0,0.0,0.0,1.0,0.0
1147752,0.0,0.0,0.0,0.0,0.0,0.0,0.0
1148157,0.0,0.0,0.0,0.0,0.0,1.0,0.0
1148657,0.0,0.0,0.0,0.0,0.0,0.0,0.0
1156913,0.0,0.0,0.0,0.0,1.0,0.0,0.0
1157413,0.0,0.0,0.0,0.0,0.0,0.0,0.0
1159151,0.0,0.0,0.0,0.0,0.0,1.0,0.0
1159651,0.0,0.0,0.0,0.0,0.0,0.0,0.0
1159760,0.0,0.0,0.0,0.0,0.0,1.0,0.0
1160260,0.0,0.0,0.0,0.0,0.0,0.0,0.0
1168917,0.0,0.0,0.0,0.0,0.0,1.0,0.0
1169417,0.0,0.0,0.0,0.0,0.0,0.0,0.0
1169860,0.0,0.0,0.0,0.0,0.0,1.0,0.0
1170360,0.0,0.0,0.0,0.0,0.0,0.0,0.0
1170701,0.0,0.0,0.0,0.0,0.0,1.0,0.0
1171201,0.0,0.0,0.0,0.0,0.0,0.0,0.0
1171711,0.0,0.0,0.0,0.0,0.0,1.0,0.0
1172211,0.0,0.0,0.0,0.0,0.0,0.0,0.0
1172527,0.0,0.0,0.0,0.0,0.0,1.0,0.0
1173027,0.0,0.0,0.0,0.0,0.0,0.0,0.0
1177408,0.0,0.0,0.0,0.0,0.0,1.0,0.0
1177908,0.0,0.0,0.0,0.0,0.0,0.0,0.0
1178499,0.0,0.0,0.0,0.0,0.0,1.0,0.0
1178999,0.0,0.0,0.0,0.0,0.0,0.0,0.0
1180289,0.0,0.0,0.0,0.0,0.0,1.0,0.0
1180292,0.0,0.0,0.0,0.0,0.0,2.0,0.0
1180792,0.0,0.0,0.0,0.0,0.0,0.0,0.0
1181173,0.0,0.0,0.0,0.0,0.0,1.0,0.0
1181673,0.0,0.0,0.0,0.0,0.0,0.0,0.0
1182910,0.0,0.0,0.0,0.0,0.0,1.0,0.0
1183410,0.0,0.0,0.0,0.0,0.0,0.0,0.0
1184576,0.0,0.0,0.0,0.0,0.0,1.0,0.0
1185076,0.0,0.0,0.0,0.0,0.0,0.0,0.0
1185220,0.0,0.0,0.0,0.0,0.0,1.0,0.0
1185720,0.0,0.0,0.0,0.0,0.0,0.0,0.0
1187894,0.0,0.0,0.0,0.0,0.0,1.0,0.0
1187895,0.0,0.0,0.0,0.0,0.0,2.0,0.0
1188395,0.0,0.0,0.0,0.0,0.0,0.0,0.0
1189974,0.0,0.0,0.0,0.0,0.0,1.0,0.0
1190474,0.0,0.0,0.0,0.0,0.0,0.0,0.0
1192661,0.0,0.0,0.0,0.0,0.0,1.0,0.0
1193161,0.0,0.0,0.0,0.0,0.0,0.0,0.0
1196772,0.0,0.0,0.0,0.0,0.0,1.0,0.0
1197272,0.0,0.0,0.0,0.0,0.0,0.0,0.0
1198137,0.0,0.0,0.0,0.0,0.0,1.0,0.0
1198637,0.0,0.0,0.0,0.0,0.0,0.0,0.0
1200000,0.0,0.0,0.0,0.0,0.0,0.0,1.0
1200285,0.0,0.0,0.0,0.0,0.0,1.0,1.0
1200500,0.0,0.0,0.0,0.0,0.0,1.0,0.0
1200785,0.0,0.0,0.0,0.0,0.0,0.0,0.0
1201618,0.0,2.0,0.0,0.0,0.0,0.0,0.0
1201960,0.0,2.0,0.0,0.0,0.0,1.0,0.0
1201963,0.0,2.0,0.0,0.0,0.0,2.0,0.0
1202118,0.0,0.0,0.0,0.0,0.0,2.0,0.0
1202149,0.0,0.0,0.0,0.0,1.0,2.0,0.0
1202463,0.0,0.0,0.0,0.0,1.0,0.0,0.0
1202719,2.0,0.0,0.0,0.0,1.0,0.0,0.0
1202927,2.0,0.0,0.0,0.0,2.0,0.0,0.0
1203219,0.0,0.0,0.0,0.0,2.0,0.0,0.0
1203231,2.0,0.0,0.0,0.0,2.0,0.0,0.0
1203420,2.0,0.0,0.0,0.0,2.0,1.0,0.0
1203427,2.0,0.0,0.0,0.0,0.0,1.0,0.0
1203731,0.0,0.0,0.0,0.0,0.0,1.0,0.0
1203920,0.0,0.0,0.0,0.0,0.0,0.0,0.0
1206619,0.0,0.0,0.0,0.0,0.0,1.0,0.0
1207119,0.0,0.0,0.0,0.0,0.0,0.0,0.0
1207321,0.0,0.0,0.0,0.0,0.0,1.0,0.0
1207821,0.0,0.0,0.0,0.0,0.0,0.0,0.0
1208028,0.0,0.0,0.0,0.0,0.0,1.0,0.0
1208029,0.0,0.0,0.0,0.0,0.0,2.0,0.0
1208031,2.0,0.0,0.0,0.0,0.0,2.0,0.0
1208529,2.0,0.0,0.0,0.0,0.0,0.0,0.0
1208531,0.0,0.0,0.0,0.0,0.0,0.0,0.0
1208611,0.0,0.0,0.0,0.0,0.0,1.0,0.0
1209111,0.0,0.0,0.0,0.0,0.0,0.0,0.0
1209487,0.0,0.0,0.0,0.0,0.0,1.0,0.0
1209987,0.0,0.0,0.0,0.0,0.0,0.0,0.0
1210043,0.0,0.0,0.0,0.0,0.0,1.0,0.0
1210543,0.0,0.0,0.0,0.0,0.0,0.0,0.0
1210857,0.0,0.0,0.0,0.0,0.0,1.0,0.0
1211357,0.0,0.0,0.0,0.0,0.0,0.0,0.0
1213362,0.0,0.0,0.0,0.0,0.0,1.0,0.0
1213862,0.0,0.0,0.0,0.0,0.0,0.0,0.0
1214495,0.0,0.0,0.0,0.0,0.0,1.0,0.0
1214995,0.0,0.0,0.0,0.0,0.0,0.0,0.0
1215086,0.0,0.0,0.0,0.0,0.0,1.0,0.0
1215586,0.0,0.0,0.0,0.0,0.0,0.0,0.0
1215884,0.0,0.0,0.0,0.0,0.0,1.0,0.0
1215910,0.0,2.0,0.0,0.0,0.0,1.0,0.0
1216384,0.0,2.0,0.0,0.0,0.0,0.0,0.0
1216410,0.0,0.0,0.0,0.0,0.0,0.0,0.0
1216647,0.0,0.0,0.0,0.0,0.0,1.0,0.0
1217147,0.0,0.0,0.0,0.0,0.0,0.0,0.0
1217267,0.0,0.0,0.0,0.0,0.0,1.0,0.0
1217767,0.0,0.0,0.0,0.0,0.0,0.0,0.0
1217926,0.0,0.0,0.0,0.0,0.0,1.0,0.0
1218426,0.0,0.0,0.0,0.0,0.0,0.0,0.0
1218748,0.0,0.0,0.0,0.0,0.0,1.0,0.0
1219248,0.0,0.0,0.0,0.0,0.0,0.0,0.0
1220365,0.0,0.0,0.0,0.0,0.0,1.0,0.0
1220865,0.0,0.0,0.0,0.0,0.0,0.0,0.0
1221307,0.0,0.0,0.0,0.0,0.0,1.0,0.0
1221807,0.0,0.0,0.0,0.0,0.0,0.0,0.0
1222463,0.0,0.0,0.0,0.0,0.0,1.0,0.0
1222963,0.0,0.0,0.0,0.0,0.0,0.0,0.0
1223345,0.0,0.0,0.0,0.0,0.0,1.0,0.0
1223845,0.0,0.0,0.0,0.0,0.0,0.0,0.0
1224736,0.0,0.0,0.0,0.0,0.0,1.0,0.0
1225236,0.0,0.0,0.0,0.0,0.0,0.0,0.0
1225851,0.0,0.0,0.0,0.0,0.0,1.0,0.0
1226351,0.0,0.0,0.0,0.0,0.0,0.0,0.0
1226825,0.0,0.0,0.0,0.0,0.0,1.0,0.0
1227325,0.0,0.0,0.0,0.0,0.0,0.0,0.0
1227386,0.0,0.0,0.0,0.0,0.0,1.0,0.0
1227886,0.0,0.0,0.0,0.0,0.0,0.0,0.0
1228091,0.0,0.0,0.0,0.0,0.0,1.0,0.0
1228095,0.0,0.0,0.0,0.0,0.0,2.0,0.0
1228595,0.0,0.0,0.0,0.0,0.0,0.0,0.0
1231179,0.0,0.0,0.0,0.0,0.0,1.0,0.0
1231679,0.0,0.0,0.0,0.0,0.0,0.0,0.0
1232160,0.0,0.0,0.0,0.0,0.0,1.0,0.0
1232660,0.0,0.0,0.0,0.0,0.0,0.0,0.0
1232754,0.0,0.0,0.0,0.0,0.0,1.0,0.0
1232825,0.0,0.0,0.0,0.0,0.0,2.0,0.0
1233325,0.0,0.0,0.0,0.0,0.0,0.0,0.0
1235054,0.0,0.0,0.0,0.0,0.0,1.0,0.0
1235058,0.0,0.0,0.0,0.0,0.0,2.0,0.0
1235558,0.0,0.0,0.0,0.0,0.0,0.0,0.0
1235883,0.0,0.0,0.0,0.0,0.0,1.0,0.0
1236383,0.0,0.0,0.0,0.0,0.0,0.0,0.0
1236440,0.0,0.0,0.0,0.0,0.0,1.0,0.0
1236502,0.0,2.0,0.0,0.0,0.0,1.0,0.0
1236940,0.0,2.0,0.0,0.0,0.0,0.0,0.0
1237002,0.0,0.0,0.0,0.0,0.0,0.0,0.0
1237153,0.0,0.0,0.0,0.0,0.0,1.0,0.0
1237653,0.0,0.0,0.0,0.0,0.0,0.0,0.0
1237832,0.0,0.0,0.0,0.0,0.0,1.0,0.0
1238332,0.0,0.0,0.0,0.0,0.0,0.0,0.0
1238875,0.0,0.0,0.0,0.0,0.0,1.0,0.0
1239375,0.0,0.0,0.0,0.0,0.0,0.0,0.0
1239840,0.0,0.0,0.0,0.0,0.0,1.0,0.0
1239900,0.0,0.0,0.0,0.0,0.0,2.0,0.0
1240400,0.0,0.0,0.0,0.0,0.0,0.0,0.0
1241161,0.0,0.0,0.0,0.0,0.0,1.0,0.0
1241174,0.0,0.0,0.0,0.0,0.0,2.0,0.0
1241674,0.0,0.0,0.0,0.0,0.0,0.0,0.0
1243805,0.0,0.0,0.0,0.0,0.0,1.0,0.0
1244305,0.0,0.0,0.0,0.0,0.0,0.0,0.0
1244866,0.0,0.0,0.0,0.0,0.0,1.0,0.0
1245366,0.0,0.0,0.0,0.0,0.0,0.0,0.0
1247337,0.0,0.0,0.0,0.0,0.0,1.0,0.0
1247837,0.0,0.0,0.0,0.0,0.0,0.0,0.0
1248421,0.0,0.0,0.0,0.0,0.0,1.0,0.0
1248921,0.0,0.0,0.0,0.0,0.0,0.0,0.0
1250263,0.0,0.0,0.0,0.0,0.0,1.0,0.0
1250763,0.0,0.0,0.0,0.0,0.0,0.0,0.0
1254418,0.0,0.0,0.0,0.0,0.0,1.0,0.0
1254422,0.0,0.0,0.0,0.0,0.0,2.0,0.0
1254922,0.0,0.0,0.0,0.0,0.0,0.0,0.0
1255609,0.0,0.0,0.0,0.0,0.0,1.0,0.0
1256109,0.0,0.0,0.0,0.0,0.0,0.0,0.0
1256990,0.0,0.0,0.0,0.0,0.0,1.0,0.0
1257050,0.0,0.0,0.0,0.0,0.0,2.0,0.0
1257550,0.0,0.0,0.0,0.0,0.0,0.0,0.0
1257836,0.0,2.0,0.0,0.0,0.0,0.0,0.0
1258336,0.0,0.0,0.0,0.0,0.0,0.0,0.0
1259722,0.0,0.0,0.0,0.0,0.0,1.0,0.0
1260222,0.0,0.0,0.0,0.0,0.0,0.0,0.0
1260503,0.0,0.0,0.0,0.0,0.0,1.0,0.0
1261003,0.0,0.0,0.0,0.0,0.0,0.0,0.0
1261677,0.0,0.0,0.0,0.0,0.0,1.0,0.0
1261679,0.0,0.0,0.0,0.0,0.0,2.0,0.0
1262179,0.0,0.0,0.0,0.0,0.0,0.0,0.0
1262580,0.0,0.0,0.0,0.0,0.0,1.0,0.0
1263080,0.0,0.0,0.0,0.0,0.0,0.0,0.0
1263488,0.0,0.0,0.0,0.0,0.0,1.0,0.0
1263988,0.0,0.0,0.0,0.0,0.0,0.0,0.0
1264364,0.0,0.0,0.0,0.0,0.0,1.0,0.0
1264864,0.0,0.0,0.0,0.0,0.0,0.0,0.0
1264948,0.0,0.0,0.0,0.0,0.0,1.0,0.0
1265101,0.0,0.0,0.0,0.0,0.0,2.0,0.0
1265601,0.0,0.0,0.0,0.0,0.0,0.0,0.0
1266511,0.0,0.0,0.0,0.0,0.0,1.0,0.0
1266517,0.0,2.0,0.0,0.0,0.0,1.0,0.0
1267011,0.0,2.0,0.0,0.0,0.0,0.0,0.0
1267017,0.0,0.0,0.0,0.0,0.0,0.0,0.0
1271207,0.0,0.0,0.0,0.0,0.0,1.0,0.0
1271209,0.0,0.0,0.0,0.0,0.0,2.0,0.0
1271709,0.0,0.0,0.0,0.0,0.0,0.0,0.0
1273361,0.0,0.0,0.0,0.0,0.0,1.0,0.0
1273861,0.0,0.0,0.0,0.0,0.0,0.0,0.0
1274006,0.0,0.0,0.0,0.0,0.0,1.0,0.0
1274506,0.0,0.0,0.0,0.0,0.0,0.0,0.0
1275625,0.0,0.0,0.0,0.0,0.0,1.0,0.0
1276125,0.0,0.0,0.0,0.0,0.0,0.0,0.0
1276501,0.0,0.0,0.0,0.0,0.0,1.0,0.0
1277001,0.0,0.0,0.0,0.0,0.0,0.0,0.0
1277429,0.0,0.0,0.0,0.0,0.0,1.0,0.0
1277929,0.0,0.0,0.0,0.0,0.0,0.0,0.0
1278275,0.0,0.0,0.0,0.0,0.0,1.0,0.0
1278775,0.0,0.0,0.0,0.0,0.0,0.0,0.0
1278975,0.0,0.0,0.0,0.0,0.0,1.0,0.0
1279475,0.0,0.0,0.0,0.0,0.0,0.0,0.0
1279559,0.0,0.0,0.0,0.0,0.0,1.0,0.0
1279716,0.0,2.0,0.0,0.0,0.0,1.0,0.0
1280059,0.0,2.0,0.0,0.0,0.0,0.0,0.0
1280216,0.0,0.0,0.0,0.0,0.0,0.0,0.0
1280539,0.0,0.0,0.0,0.0,0.0,1.0,0.0
1281039,0.0,0.0,0.0,0.0,0.0,0.0,0.0
1281258,0.0,0.0,0.0,0.0,0.0,1.0,0.0
1281269,0.0,0.0,0.0,0.0,0.0,2.0,0.0
1281769,0.0,0.0,0.0,0.0,0.0,0.0,0.0
1285080,0.0,0.0,0.0,0.0,0.0,1.0,0.0
1285580,0.0,0.0,0.0,0.0,0.0,0.0,0.0
1285678,0.0,0.0,0.0,0.0,0.0,1.0,0.0
1285746,0.0,0.0,0.0,0.0,0.0,2.0,0.0
1286246,0.0,0.0,0.0,0.0,0.0,0.0,0.0
1286335,0.0,0.0,0.0,0.0,0.0,1.0,0.0
1286342,0.0,0.0,0.0,0.0,0.0,2.0,0.0
1286842,0.0,0.0,0.0,0.0,0.0,0.0,0.0
1287312,0.0,0.0,0.0,0.0,0.0,1.0,0.0
1287812,0.0,0.0,0.0,0.0,0.0,0.0,0.0
1288474,0.0,0.0,0.0,0.0,0.0,1.0,0.0
1288974,0.0,0.0,0.0,0.0,0.0,0.0,0.0
1289219,0.0,0.0,0.0,0.0,0.0,1.0,0.0
1289606,0.0,0.0,0.0,0.0,0.0,2.0,0.0
1290106,0.0,0.0,0.0,0.0,0.0,0.0,0.0
1292119,0.0,0.0,0.0,0.0,0.0,1.0,0.0
1292121,0.0,0.0,0.0,0.0,0.0,2.0,0.0
1292621,0.0,0.0,0.0,0.0,0.0,0.0,0.0
1295876,0.0,0.0,0.0,0.0,0.0,1.0,0.0
1296376,0.0,0.0,0.0,0.0,0.0,0.0,0.0
1298576,0.0,0.0,0.0,0.0,0.0,1.0,0.0
1298601,0.0,0.0,0.0,0.0,0.0,2.0,0.0
1299101,0.0,0.0,0.0,0.0,0.0,0.0,0.0
1300351,0.0,0.0,0.0,0.0,0.0,1.0,0.0
1300353,0.0,0.0,0.0,0.0,0.0,2.0,0.0
1300853,0.0,0.0,0.0,0.0,0.0,0.0,0.0
1301284,0.0,0.0,0.0,0.0,0.0,1.0,0.0
1301784,0.0,0.0,0.0,0.0,0.0,0.0,0.0
1302137,0.0,0.0,0.0,0.0,0.0,1.0,0.0
1302637,0.0,0.0,0.0,0.0,0.0,0.0,0.0
1309566,0.0,0.0,0.0,0.0,0.0,1.0,0.0
1310066,0.0,0.0,0.0,0.0,0.0,0.0,0.0
1312365,0.0,0.0,0.0,0.0,0.0,1.0,0.0
1312865,0.0,0.0,0.0,0.0,0.0,0.0,0.0
1314373,0.0,0.0,0.0,0.0,0.0,1.0,0.0
1314374,0.0,0.0,0.0,0.0,0.0,2.0,0.0
1314874,0.0,0.0,0.0,0.0,0.0,0.0,0.0
1315648,0.0,0.0,0.0,0.0,0.0,1.0,0.0
1315649,0.0,0.0,0.0,0.0,0.0,2.0,0.0
1316149,0.0,0.0,0.0,0.0,0.0,0.0,0.0
1322490,0.0,0.0,0.0,0.0,0.0,1.0,0.0
1322990,0.0,0.0,0.0,0.0,0.0,0.0,0.0
1323455,0.0,0.0,0.0,0.0,0.0,1.0,0.0
1323457,0.0,0.0,0.0,0.0,0.0,2.0,0.0
1323957,0.0,0.0,0.0,0.0,0.0,0.0,0.0
1324818,0.0,0.0,0.0,0.0,0.0,1.0,0.0
1325157,0.0,0.0,0.0,0.0,0.0,2.0,0.0
1325657,0.0,0.0,0.0,0.0,0.0,0.0,0.0
1328360,0.0,0.0,0.0,0.0,0.0,1.0,0.0
1328860,0.0,0.0,0.0,0.0,0.0,0.0,0.0
1330016,0.0,0.0,0.0,0.0,0.0,1.0,0.0
1330021,0.0,0.0,0.0,0.0,0.0,2.0,0.0
1330521,0.0,0.0,0.0,0.0,0.0,0.0,0.0
1330735,0.0,0.0,0.0,0.0,0.0,1.0,0.0
1331235,0.0,0.0,0.0,0.0,0.0,0.0,0.0
1331689,0.0,0.0,0.0,0.0,0.0,1.0,0.0
1331691,0.0,0.0,0.0,0.0,0.0,2.0,0.0
1332191,0.0,0.0,0.0,0.0,0.0,0.0,0.0
1333612,0.0,0.0,0.0,0.0,0.0,1.0,0.0
1334112,0.0,0.0,0.0,0.0,0.0,0.0,0.0
1334810,0.0,0.0,0.0,0.0,0.0,1.0,0.0
1335310,0.0,0.0,0.0,0.0,0.0,0.0,0.0
1336212,0.0,0.0,0.0,0.0,0.0,1.0,0.0
1336712,0.0,0.0,0.0,0.0,0.0,0.0,0.0
1336806,0.0,0.0,0.0,0.0,0.0,1.0,0.0
1337306,0.0,0.0,0.0,0.0,0.0,0.0,0.0
1337636,0.0,0.0,0.0,0.0,0.0,1.0,0.0
1338136,0.0,0.0,0.0,0.0,0.0,0.0,0.0
1339898,0.0,0.0,0.0,0.0,0.0,1.0,0.0
1339901,0.0,0.0,0.0,0.0,0.0,2.0,0.0
1340401,0.0,0.0,0.0,0.0,0.0,0.0,0.0
1340805,0.0,0.0,0.0,0.0,0.0,1.0,0.0
1340807,0.0,0.0,0.0,0.0,0.0,2.0,0.0
1340809,0.0,0.0,0.0,0.0,1.0,2.0,0.0
1341307,0.0,0.0,0.0,0.0,1.0,0.0,0.0
1341309,0.0,0.0,0.0,0.0,0.0,0.0,0.0
1342064,0.0,0.0,0.0,0.0,0.0,1.0,0.0
1342564,0.0,0.0,0.0,0.0,0.0,0.0,0.0
1342685,0.0,0.0,0.0,0.0,0.0,1.0,0.0
1343185,0.0,0.0,0.0,0.0,0.0,0.0,0.0
1344837,0.0,0.0,0.0,0.0,0.0,1.0,0.0
1345337,0.0,0.0,0.0,0.0,0.0,0.0,0.0
1348941,0.0,0.0,0.0,0.0,0.0,1.0,0.0
1349441,0.0,0.0,0.0,0.0,0.0,0.0,0.0
1350190,0.0,0.0,0.0,0.0,0.0,1.0,0.0
1350690,0.0,0.0,0.0,0.0,0.0,0.0,0.0
1351515,0.0,0.0,0.0,0.0,0.0,1.0,0.0
1351537,0.0,0.0,0.0,0.0,0.0,2.0,0.0
1352037,0.0,0.0,0.0,0.0,0.0,0.0,0.0
1352094,0.0,0.0,0.0,0.0,0.0,1.0,0.0
1352594,0.0,0.0,0.0,0.0,0.0,0.0,0.0
1354606,0.0,0.0,0.0,0.0,0.0,1.0,0.0
1355106,0.0,0.0,0.0,0.0,0.0,0.0,0.0
1359222,0.0,0.0,0.0,0.0,0.0,1.0,0.0
1359722,0.0,0.0,0.0,0.0,0.0,0.0,0.0
1359993,0.0,0.0,0.0,0.0,0.0,1.0,0.0
1360493,0.0,0.0,0.0,0.0,0.0,0.0,0.0
1364445,0.0,0.0,0.0,0.0,0.0,1.0,0.0
1364945,0.0,0.0,0.0,0.0,0.0,0.0,0.0
1365039,0.0,0.0,0.0,0.0,0.0,1.0,0.0
1365539,0.0,0.0,0.0,0.0,0.0,0.0,0.0
1366035,0.0,0.0,0.0,0.0,0.0,1.0,0.0
1366535,0.0,0.0,0.0,0.0,0.0,0.0,0.0
1368428,0.0,0.0,0.0,0.0,1.0,0.0,0.0
1368659,0.0,0.0,0.0,0.0,1.0,1.0,0.0
1368928,0.0,0.0,0.0,0.0,0.0,1.0,0.0
1369159,0.0,0.0,0.0,0.0,0.0,0.0,0.0
1374184,0.0,0.0,0.0,0.0,0.0,1.0,0.0
1374684,0.0,0.0,0.0,0.0,0.0,0.0,0.0
1375103,0.0,0.0,0.0,0.0,0.0,1.0,0.0
1375603,0.0,0.0,0.0,0.0,0.0,0.0,0.0
1379907,0.0,0.0,0.0,0.0,0.0,1.0,0.0
1380407,0.0,0.0,0.0,0.0,0.0,0.0,0.0
1382080,0.0,0.0,0.0,0.0,0.0,1.0,0.0
1382580,0.0,0.0,0.0,0.0,0.0,0.0,0.0
1382819,0.0,0.0,0.0,0.0,0.0,1.0,0.0
1383319,0.0,0.0,0.0,0.0,0.0,0.0,0.0
1384676,0.0,0.0,0.0,0.0,0.0,1.0,0.0
1384678,0.0,0.0,0.0,0.0,0.0,2.0,0.0
1385178,0.0,0.0,0.0,0.0,0.0,0.0,0.0
1388347,0.0,0.0,0.0,0.0,0.0,1.0,0.0
1388847,0.0,0.0,0.0,0.0,0.0,0.0,0.0
1390430,0.0,0.0,0.0,0.0,0.0,1.0,0.0
1390433,0.0,0.0,0.0,0.0,0.0,2.0,0.0
1390933,0.0,0.0,0.0,0.0,0.0,0.0,0.0
1394343,0.0,0.0,0.0,0.0,0.0,1.0,0.0
1394368,0.0,0.0,0.0,0.0,0.0,2.0,0.0
1394868,0.0,0.0,0.0,0.0,0.0,0.0,0.0
1399839,0.0,0.0,0.0,0.0,0.0,1.0,0.0
1400000,0.0,0.0,0.0,0.0,0.0,1.0,1.0
1400339,0.0,0.0,0.0,0.0,0.0,0.0,1.0
1400500,0.0,0.0,0.0,0.0,1.0,0.0,0.0
1400745,0.0,0.0,0.0,0.0,1.0,1.0,0.0
1400867,0.0,2.0,0.0,0.0,1.0,1.0,0.0
1400871,0.0,2.0,0.0,0.0,2.0,1.0,0.0
1401151,2.0,2.0,0.0,0.0,2.0,1.0,0.0
1401245,2.0,2.0,0.0,0.0,2.0,0.0,0.0
1401367,2.0,0.0,0.0,0.0,2.0,0.0,0.0
1401371,2.0,0.0,0.0,0.0,0.0,0.0,0.0
1401651,0.0,0.0,0.0,0.0,0.0,0.0,0.0
1402774,0.0,0.0,0.0,0.0,0.0,1.0,0.0
1402784,0.0,0.0,0.0,0.0,0.0,2.0,0.0
1402786,0.0,0.0,0.0,0.0,1.0,2.0,0.0
1403284,0.0,0.0,0.0,0.0,1.0,0.0,0.0
1403286,0.0,0.0,0.0,0.0,0.0,0.0,0.0
1404606,0.0,0.0,0.0,0.0,0.0,1.0,0.0
1404609,0.0,0.0,0.0,0.0,0.0,2.0,0.0
1405109,0.0,0.0,0.0,0.0,0.0,0.0,0.0
1405254,0.0,0.0,0.0,0.0,0.0,1.0,0.0
1405754,0.0,0.0,0.0,0.0,0.0,0.0,0.0
1406290,0.0,0.0,0.0,0.0,0.0,1.0,0.0
1406790,0.0,0.0,0.0,0.0,0.0,0.0,0.0
1407159,0.0,0.0,0.0,0.0,0.0,1.0,0.0
1407659,0.0,0.0,0.0,0.0,0.0,0.0,0.0
1408258,0.0,0.0,0.0,0.0,0.0,1.0,0.0
1408261,0.0,0.0,0.0,0.0,0.0,2.0,0.0
1408761,0.0,0.0,0.0,0.0,0.0,0.0,0.0
1409473,0.0,0.0,0.0,0.0,1.0,0.0,0.0
1409973,0.0,0.0,0.0,0.0,0.0,0.0,0.0
1411592,0.0,0.0,0.0,0.0,0.0,1.0,0.0
1412092,0.0,0.0,0.0,0.0,0.0,0.0,0.0
1412635,0.0,0.0,0.0,0.0,0.0,1.0,0.0
1413135,0.0,0.0,0.0,0.0,0.0,0.0,0.0
1413966,0.0,0.0,0.0,0.0,0.0,1.0,0.0
1414466,0.0,0.0,0.0,0.0,0.0,0.0,0.0
1417207,0.0,0.0,0.0,0.0,0.0,1.0,0.0
1417233,0.0,0.0,0.0,0.0,0.0,2.0,0.0
1417733,0.0,0.0,0.0,0.0,0.0,0.0,0.0
1420451,0.0,0.0,0.0,0.0,0.0,1.0,0.0
1420951,0.0,0.0,0.0,0.0,0.0,0.0,0.0
1421763,0.0,0.0,0.0,0.0,0.0,1.0,0.0
1422263,0.0,0.0,0.0,0.0,0.0,0.0,0.0
1422804,0.0,0.0,0.0,0.0,0.0,1.0,0.0
1423304,0.0,0.0,0.0,0.0,0.0,0.0,0.0
1423386,0.0,0.0,0.0,0.0,0.0,1.0,0.0
1423886,0.0,0.0,0.0,0.0,0.0,0.0,0.0
1424491,0.0,0.0,0.0,0.0,0.0,1.0,0.0
1424991,0.0,0.0,0.0,0.0,0.0,0.0,0.0
1427298,0.0,0.0,0.0,0.0,0.0,1.0,0.0
1427302,0.0,0.0,0.0,0.0,0.0,2.0,0.0
1427802,0.0,0.0,0.0,0.0,0.0,0.0,0.0
1428777,0.0,0.0,0.0,0.0,0.0,1.0,0.0
1429277,0.0,0.0,0.0,0.0,0.0,0.0,0.0
1431393,0.0,0.0,0.0,0.0,0.0,1.0,0.0
1431893,0.0,0.0,0.0,0.0,0.0,0.0,0.0
1431930,0.0,0.0,0.0,0.0,0.0,1.0,0.0
1432430,0.0,0.0,0.0,0.0,0.0,0.0,0.0
1433593,0.0,2.0,0.0,0.0,0.0,0.0,0.0
1433595,0.0,2.0,0.0,0.0,0.0,1.0,0.0
1434093,0.0,0.0,0.0,0.0,0.0,1.0,0.0
1434095,0.0,0.0,0.0,0.0,0.0,0.0,0.0
1435589,0.0,0.0,0.0,0.0,0.0,1.0,0.0
1436089,0.0,0.0,0.0,0.0,0.0,0.0,0.0
1436598,0.0,0.0,0.0,0.0,0.0,1.0,0.0
1437098,0.0,0.0,0.0,0.0,0.0,0.0,0.0
1437235,0.0,0.0,0.0,0.0,0.0,1.0,0.0
1437735,0.0,0.0,0.0,0.0,0.0,0.0,0.0
1441805,0.0,0.0,0.0,0.0,1.0,1.0,0.0
1442305,0.0,0.0,0.0,0.0,0.0,0.0,0.0
1445559,0.0,0.0,0.0,0.0,0.0,1.0,0.0
1446059,0.0,0.0,0.0,0.0,0.0,0.0,0.0
1446599,0.0,0.0,0.0,0.0,0.0,1.0,0.0
1447099,0.0,0.0,0.0,0.0,0.0,0.0,0.0
1448527,0.0,0.0,0.0,0.0,0.0,1.0,0.0
1449027,0.0,0.0,0.0,0.0,0.0,0.0,0.0
1449503,0.0,0.0,0.0,0.0,0.0,1.0,0.0
1449507,0.0,0.0,0.0,0.0,0.0,2.0,0.0
1450007,0.0,0.0,0.0,0.0,0.0,0.0,0.0
1450948,0.0,0.0,0.0,0.0,0.0,1.0,0.0
1450950,0.0,0.0,0.0,0.0,0.0,2.0,0.0
1451450,0.0,0.0,0.0,0.0,0.0,0.0,0.0
1453620,0.0,0.0,0.0,0.0,0.0,1.0,0.0
1454120,0.0,0.0,0.0,0.0,0.0,0.0,0.0
1455613,0.0,0.0,0.0,0.0,0.0,1.0,0.0
1455632,0.0,0.0,0.0,0.0,0.0,2.0,0.0
1456132,0.0,0.0,0.0,0.0,0.0,0.0,0.0
1456297,0.0,0.0,0.0,0.0,0.0,1.0,0.0
1456797,0.0,0.0,0.0,0.0,0.0,0.0,0.0
1457423,0.0,0.0,0.0,0.0,0.0,1.0,0.0
1457426,0.0,0.0,0.0,0.0,0.0,2.0,0.0
1457926,0.0,0.0,0.0,0.0,0.0,0.0,0.0
1458689,0.0,0.0,0.0,0.0,0.0,1.0,0.0
1459189,0.0,0.0,0.0,0.0,0.0,0.0,0.0
1460591,0.0,0.0,0.0,0.0,0.0,1.0,0.0
1461091,0.0,0.0,0.0,0.0,0.0,0.0,0.0
1461288,0.0,0.0,0.0,0.0,0.0,1.0,0.0
1461788,0.0,0.0,0.0,0.0,0.0,0.0,0.0
1462103,0.0,0.0,0.0,0.0,0.0,1.0,0.0
1462603,0.0,0.0,0.0,0.0,0.0,0.0,0.0
1462833,0.0,0.0,0.0,0.0,0.0,1.0,0.0
1462900,0.0,0.0,0.0,0.0,0.0,2.0,0.0
1463400,0.0,0.0,0.0,0.0,0.0,0.0,0.0
1464215,0.0,0.0,0.0,0.0,0.0,1.0,0.0
1464217,0.0,0.0,0.0,0.0,0.0,2.0,0.0
1464717,0.0,0.0,0.0,0.0,0.0,0.0,0.0
1465982,0.0,0.0,0.0,0.0,0.0,1.0,0.0
1466482,0.0,0.0,0.0,0.0,0.0,0.0,0.0
1467586,0.0,0.0,0.0,0.0,0.0,1.0,0.0
1468086,0.0,0.0,0.0,0.0,0.0,0.0,0.0
1468245,0.0,0.0,0.0,0.0,0.0,1.0,0.0
1468745,0.0,0.0,0.0,0.0,0.0,0.0,0.0
1468853,0.0,0.0,0.0,0.0,0.0,1.0,0.0
1469353,0.0,0.0,0.0,0.0,0.0,0.0,0.0
1470397,0.0,0.0,0.0,0.0,0.0,1.0,0.0
1470401,0.0,0.0,0.0,0.0,0.0,2.0,0.0
1470901,0.0,0.0,0.0,0.0,0.0,0.0,0.0
1472661,0.0,2.0,0.0,0.0,0.0,0.0,0.0
1473161,0.0,0.0,0.0,0.0,0.0,0.0,0.0
1474893,0.0,0.0,0.0,0.0,0.0,1.0,0.0
1475393,0.0,0.0,0.0,0.0,0.0,0.0,0.0
1475546,0.0,0.0,0.0,0.0,0.0,1.0,0.0
1475548,0.0,0.0,0.0,0.0,0.0,2.0,0.0
1476048,0.0,0.0,0.0,0.0,0.0,0.0,0.0
1476784,0.0,0.0,0.0,0.0,0.0,1.0,0.0
1476788,0.0,0.0,0.0,0.0,0.0,2.0,0.0
1477288,0.0,0.0,0.0,0.0,0.0,0.0,0.0
1479118,0.0,0.0,0.0,0.0,0.0,1.0,0.0
1479122,0.0,0.0,0.0,0.0,0.0,2.0,0.0
1479622,0.0,0.0,0.0,0.0,0.0,0.0,0.0
1479932,0.0,0.0,0.0,0.0,0.0,1.0,0.0
1480432,0.0,0.0,0.0,0.0,0.0,0.0,0.0
1480719,0.0,0.0,0.0,0.0,0.0,1.0,0.0
1481219,0.0,0.0,0.0,0.0,0.0,0.0,0.0
1483537,0.0,0.0,0.0,0.0,0.0,1.0,0.0
1484037,0.0,0.0,0.0,0.0,0.0,0.0,0.0
1484099,0.0,0.0,0.0,0.0,0.0,1.0,0.0
1484111,0.0,0.0,0.0,0.0,0.0,2.0,0.0
1484611,0.0,0.0,0.0,0.0,0.0,0.0,0.0
1485392,0.0,0.0,0.0,0.0,0.0,1.0,0.0
1485646,0.0,0.0,0.0,0.0,0.0,2.0,0.0
1486146,0.0,0.0,0.0,0.0,0.0,0.0,0.0
1486668,0.0,0.0,0.0,0.0,0.0,1.0,0.0
1487168,0.0,0.0,0.0,0.0,0.0,0.0,0.0
1488380,0.0,0.0,0.0,0.0,0.0,1.0,0.0
1488867,0.0,0.0,0.0,0.0,0.0,2.0,0.0
1489367,0.0,0.0,0.0,0.0,0.0,0.0,0.0
1489473,0.0,0.0,0.0,0.0,0.0,1.0,0.0
1489973,0.0,0.0,0.0,0.0,0.0,0.0,0.0
1490000,0.0,0.0,0.0,0.0,0.0,1.0,0.0
1490002,0.0,0.0,0.0,0.0,0.0,2.0,0.0
1490502,0.0,0.0,0.0,0.0,0.0,0.0,0.0
1490656,0.0,0.0,0.0,0.0,0.0,1.0,0.0
1491156,0.0,0.0,0.0,0.0,0.0,0.0,0.0
1491287,0.0,0.0,0.0,0.0,0.0,1.0,0.0
1491787,0.0,0.0,0.0,0.0,0.0,0.0,0.0
1494953,0.0,0.0,0.0,0.0,0.0,1.0,0.0
1494955,0.0,0.0,0.0,0.0,0.0,2.0,0.0
1495455,0.0,0.0,0.0,0.0,0.0,0.0,0.0
1496322,0.0,0.0,0.0,0.0,0.0,1.0,0.0
1496324,0.0,0.0,0.0,0.0,0.0,2.0,0.0
1496824,0.0,0.0,0.0,0.0,0.0,0.0,0.0
1497982,0.0,0.0,0.0,0.0,0.0,1.0,0.0
1498482,0.0,0.0,0.0,0.0,0.0,0.0,0.0
1498804,0.0,0.0,0.0,0.0,0.0,1.0,0.0
1499307,0.0,0.0,0.0,0.0,0.0,2.0,0.0
1499807,0.0,0.0,0.0,0.0,0.0,0.0,0.0
1500994,0.0,0.0,0.0,0.0,1.0,0.0,0.0
1501494,0.0,0.0,0.0,0.0,0.0,0.0,0.0
1502859,0.0,0.0,0.0,0.0,0.0,1.0,0.0
1503359,0.0,0.0,0.0,0.0,0.0,0.0,0.0
1504511,0.0,0.0,0.0,0.0,0.0,1.0,0.0
1505011,0.0,0.0,0.0,0.0,0.0,0.0,0.0
1505253,0.0,0.0,0.0,0.0,0.0,1.0,0.0
1505753,0.0,0.0,0.0,0.0,0.0,0.0,0.0
1505846,0.0,0.0,0.0,0.0,0.0,1.0,0.0
1506346,0.0,0.0,0.0,0.0,0.0,0.0,0.0
1508064,0.0,0.0,0.0,0.0,0.0,1.0,0.0
1508564,0.0,0.0,0.0,0.0,0.0,0.0,0.0
1508866,0.0,0.0,0.0,0.0,0.0,1.0,0.0
1509366,0.0,0.0,0.0,0.0,0.0,0.0,0.0
1510844,0.0,0.0,0.0,0.0,0.0,1.0,0.0
1511344,0.0,0.0,0.0,0.0,0.0,0.0,0.0
1512062,0.0,0.0,0.0,0.0,0.0,1.0,0.0
1512562,0.0,0.0,0.0,0.0,0.0,0.0,0.0
1513281,0.0,0.0,0.0,0.0,0.0,1.0,0.0
1513781,0.0,0.0,0.0,0.0,0.0,0.0,0.0
1514709,0.0,0.0,0.0,0.0,0.0,1.0,0.0
1515209,0.0,0.0,0.0,0.0,0.0,0.0,0.0
1515405,0.0,0.0,0.0,0.0,0.0,1.0,0.0
1515406,0.0,0.0,0.0,0.0,0.0,2.0,0.0
1515906,0.0,0.0,0.0,0.0,0.0,0.0,0.0
1516465,0.0,0.0,0.0,0.0,0.0,1.0,0.0
1516965,0.0,0.0,0.0,0.0,0.0,0.0,0.0
1518621,0.0,0.0,0.0,0.0,0.0,1.0,0.0
1519121,0.0,0.0,0.0,0.0,0.0,0.0,0.0
1521905,0.0,0.0,0.0,0.0,0.0,1.0,0.0
1522405,0.0,0.0,0.0,0.0,0.0,0.0,0.0
1526552,0.0,0.0,0.0,0.0,0.0,1.0,0.0
1527052,0.0,0.0,0.0,0.0,0.0,0.0,0.0
1527294,0.0,0.0,0.0,0.0,0.0,1.0,0.0
1527794,0.0,0.0,0.0,0.0,0.0,0.0,0.0
1528977,0.0,0.0,0.0,0.0,0.0,1.0,0.0
1529477,0.0,0.0,0.0,0.0,0.0,0.0,0.0
1534815,0.0,0.0,0.0,0.0,0.0,1.0,0.0
1535315,0.0,0.0,0.0,0.0,0.0,0.0,0.0
1535485,0.0,0.0,0.0,0.0,0.0,1.0,0.0
1535985,0.0,0.0,0.0,0.0,0.0,0.0,0.0
1536495,0.0,0.0,0.0,0.0,0.0,1.0,0.0
1536995,0.0,0.0,0.0,0.0,0.0,0.0,0.0
1537267,0.0,0.0,0.0,0.0,0.0,1.0,0.0
1537272,0.0,0.0,0.0,0.0,0.0,2.0,0.0
1537772,0.0,0.0,0.0,0.0,0.0,0.0,0.0
1539250,0.0,0.0,0.0,0.0,0.0,1.0,0.0
1539750,0.0,0.0,0.0,0.0,0.0,0.0,0.0
1542806,0.0,0.0,0.0,0.0,0.0,1.0,0.0
1543306,0.0,0.0,0.0,0.0,0.0,0.0,0.0
1543628,0.0,0.0,0.0,0.0,0.0,1.0,0.0
1544128,0.0,0.0,0.0,0.0,0.0,0.0,0.0
1545689,0.0,0.0,0.0,0.0,0.0,1.0,0.0
1546189,0.0,0.0,0.0,0.0,0.0,0.0,0.0
1547354,0.0,0.0,0.0,0.0,0.0,1.0,0.0
1547854,0.0,0.0,0.0,0.0,0.0,0.0,0.0
1549582,0.0,0.0,0.0,0.0,0.0,1.0,0.0
1550082,0.0,0.0,0.0,0.0,0.0,0.0,0.0
1552381,0.0,0.0,0.0,0.0,0.0,1.0,0.0
1552881,0.0,0.0,0.0,0.0,0.0,0.0,0.0
1553194,0.0,0.0,0.0,0.0,0.0,1.0,0.0
1553694,0.0,0.0,0.0,0.0,0.0,0.0,0.0
1553910,0.0,0.0,0.0,0.0,0.0,1.0,0.0
1554410,0.0,0.0,0.0,0.0,0.0,0.0,0.0
1554499,0.0,0.0,0.0,0.0,0.0,1.0,0.0
1554512,0.0,0.0,0.0,0.0,0.0,2.0,0.0
1555012,0.0,0.0,0.0,0.0,0.0,0.0,0.0
1555321,0.0,0.0,0.0,0.0,0.0,1.0,0.0
1555821,0.0,0.0,0.0,0.0,0.0,0.0,0.0
1555888,0.0,0.0,0.0,0.0,0.0,1.0,0.0
1556388,0.0,0.0,0.0,0.0,0.0,0.0,0.0
1556613,0.0,0.0,0.0,0.0,0.0,1.0,0.0
1557113,0.0,0.0,0.0,0.0,0.0,0.0,0.0
1558104,0.0,0.0,0.0,0.0,0.0,1.0,0.0
1558604,0.0,0.0,0.0,0.0,0.0,0.0,0.0
1560924,0.0,0.0,0.0,0.0,0.0,1.0,0.0
1561424,0.0,0.0,0.0,0.0,0.0,0.0,0.0
1562836,0.0,0.0,0.0,0.0,0.0,1.0,0.0
1563336,0.0,0.0,0.0,0.0,0.0,0.0,0.0
1563471,0.0,0.0,0.0,0.0,0.0,1.0,0.0
1563482,0.0,0.0,0.0,0.0,0.0,2.0,0.0
1563982,0.0,0.0,0.0,0.0,0.0,0.0,0.0
1564023,0.0,0.0,0.0,0.0,0.0,1.0,0.0
1564523,0.0,0.0,0.0,0.0,0.0,0.0,0.0
1568737,0.0,0.0,0.0,0.0,0.0,1.0,0.0
1569237,0.0,0.0,0.0,0.0,0.0,0.0,0.0
1570148,0.0,0.0,0.0,0.0,0.0,1.0,0.0
1570648,0.0,0.0,0.0,0.0,0.0,0.0,0.0
1572332,0.0,0.0,0.0,0.0,1.0,0.0,0.0
1572639,0.0,0.0,0.0,0.0,1.0,1.0,0.0
1572832,0.0,0.0,0.0,0.0,0.0,1.0,0.0
1573139,0.0,0.0,0.0,0.0,0.0,0.0,0.0
1573775,0.0,0.0,0.0,0.0,0.0,1.0,0.0
1574275,0.0,0.0,0.0,0.0,0.0,0.0,0.0
1575938,0.0,0.0,0.0,0.0,0.0,1.0,0.0
1576438,0.0,0.0,0.0,0.0,0.0,0.0,0.0
1577887,0.0,0.0,0.0,0.0,0.0,1.0,0.0
1578349,0.0,0.0,0.0,0.0,1.0,1.0,0.0
1578387,0.0,0.0,0.0,0.0,1.0,0.0,0.0
1578549,0.0,0.0,0.0,0.0,1.0,1.0,0.0
1578849,0.0,0.0,0.0,0.0,0.0,1.0,0.0
1579049,0.0,0.0,0.0,0.0,0.0,0.0,0.0
1579317,0.0,0.0,0.0,0.0,0.0,1.0,0.0
1579817,0.0,0.0,0.0,0.0,0.0,0.0,0.0
1583057,0.0,0.0,0.0,0.0,0.0,1.0,0.0
1583557,0.0,0.0,0.0,0.0,0.0,0.0,0.0
1583969,0.0,0.0,0.0,0.0,0.0,1.0,0.0
1584469,0.0,0.0,0.0,0.0,0.0,0.0,0.0
1586155,0.0,0.0,0.0,0.0,0.0,1.0,0.0
1586655,0.0,0.0,0.0,0.0,0.0,0.0,0.0
1586953,0.0,0.0,0.0,0.0,0.0,1.0,0.0
1587453,0.0,0.0,0.0,0.0,0.0,0.0,0.0
1587589,0.0,0.0,0.0,0.0,0.0,1.0,0.0
1588089,0.0,0.0,0.0,0.0,0.0,0.0,0.0
1588991,0.0,0.0,0.0,0.0,0.0,1.0,0.0
1589491,0.0,0.0,0.0,0.0,0.0,0.0,0.0
1592636,0.0,0.0,0.0,0.0,0.0,1.0,0.0
1592637,0.0,0.0,0.0,0.0,0.0,2.0,0.0
1593137,0.0,0.0,0.0,0.0,0.0,0.0,0.0
1594524,0.0,0.0,0.0,0.0,0.0,1.0,0.0
1595024,0.0,0.0,0.0,0.0,0.0,0.0,0.0
1598038,0.0,0.0,0.0,0.0,0.0,1.0,0.0
1598538,0.0,0.0,0.0,0.0,0.0,0.0,0.0
1599291,0.0,0.0,0.0,0.0,0.0,1.0,0.0
1599791,0.0,0.0,0.0,0.0,0.0,0.0,0.0
1600000,0.0,0.0,0.0,0.0,0.0,0.0,1.0
1600500,0.0,0.0,0.0,0.0,0.0,0.0,0.0
1600707,0.0,0.0,0.0,0.0,0.0,1.0,0.0
1601207,0.0,0.0,0.0,0.0,0.0,0.0,0.0
1601447,0.0,0.0,0.0,0.0,0.0,1.0,0.0
1601597,0.0,0.0,0.0,0.0,0.0,2.0,0.0
1601663,2.0,0.0,0.0,0.0,0.0,2.0,0.0
1601674,2.0,0.0,0.0,0.0,1.0,2.0,0.0
1601681,2.0,2.0,0.0,0.0,1.0,2.0,0.0
1602097,2.0,2.0,0.0,0.0,1.0,0.0,0.0
1602163,0.0,2.0,0.0,0.0,1.0,0.0,0.0
1602181,0.0,0.0,0.0,0.0,1.0,0.0,0.0
1602360,0.0,0.0,0.0,0.0,2.0,0.0,0.0
1602860,0.0,0.0,0.0,0.0,0.0,0.0,0.0
1602995,0.0,0.0,0.0,0.0,0.0,1.0,0.0
1603199,2.0,0.0,0.0,0.0,0.0,1.0,0.0
1603495,2.0,0.0,0.0,0.0,0.0,0.0,0.0
1603699,0.0,0.0,0.0,0.0,0.0,0.0,0.0
1604167,0.0,0.0,0.0,0.0,0.0,1.0,0.0
1604453,0.0,0.0,0.0,0.0,0.0,2.0,0.0
1604863,2.0,0.0,0.0,0.0,0.0,2.0,0.0
1604953,2.0,0.0,0.0,0.0,0.0,0.0,0.0
1605363,0.0,0.0,0.0,0.0,0.0,0.0,0.0
1607368,0.0,0.0,0.0,0.0,0.0,1.0,0.0
1607868,0.0,0.0,0.0,0.0,0.0,0.0,0.0
1609479,0.0,0.0,0.0,0.0,0.0,1.0,0.0
1609955,0.0,0.0,0.0,0.0,0.0,2.0,0.0
1610455,0.0,0.0,0.0,0.0,0.0,0.0,0.0
1610740,0.0,0.0,0.0,0.0,0.0,1.0,0.0
1611240,0.0,0.0,0.0,0.0,0.0,0.0,0.0
1611446,0.0,0.0,0.0,0.0,0.0,1.0,0.0
1611946,0.0,0.0,0.0,0.0,0.0,0.0,0.0
1612019,0.0,0.0,0.0,0.0,0.0,1.0,0.0
1612519,0.0,0.0,0.0,0.0,0.0,0.0,0.0
1612600,0.0,0.0,0.0,0.0,0.0,1.0,0.0
1613100,0.0,0.0,0.0,0.0,0.0,0.0,0.0
1613629,0.0,0.0,0.0,0.0,0.0,1.0,0.0
1614129,0.0,0.0,0.0,0.0,0.0,0.0,0.0
1614858,0.0,0.0,0.0,0.0,0.0,1.0,0.0
1614873,0.0,0.0,0.0,0.0,0.0,2.0,0.0
1614904,0.0,0.0,0.0,0.0,1.0,2.0,0.0
1615373,0.0,0.0,0.0,0.0,1.0,0.0,0.0
1615404,0.0,0.0,0.0,0.0,0.0,0.0,0.0
1617669,0.0,0.0,0.0,0.0,0.0,1.0,0.0
1617728,0.0,0.0,0.0,0.0,0.0,2.0,0.0
1617729,0.0,2.0,0.0,0.0,0.0,2.0,0.0
1618228,0.0,2.0,0.0,0.0,0.0,0.0,0.0
1618229,0.0,0.0,0.0,0.0,0.0,0.0,0.0
1618431,2.0,0.0,0.0,0.0,0.0,0.0,0.0
1618931,0.0,0.0,0.0,0.0,0.0,0.0,0.0
1619385,0.0,0.0,0.0,0.0,0.0,1.0,0.0
1619885,0.0,0.0,0.0,0.0,0.0,0.0,0.0
1619899,0.0,0.0,0.0,0.0,0.0,1.0,0.0
1620399,0.0,0.0,0.0,0.0,0.0,0.0,0.0
1621418,0.0,0.0,0.0,0.0,0.0,1.0,0.0
1621918,0.0,0.0,0.0,0.0,0.0,0.0,0.0
1622541,0.0,0.0,0.0,0.0,0.0,1.0,0.0
1623041,0.0,0.0,0.0,0.0,0.0,0.0,0.0
1623590,0.0,0.0,0.0,0.0,0.0,1.0,0.0
1623829,0.0,0.0,0.0,0.0,0.0,2.0,0.0
1624329,0.0,0.0,0.0,0.0,0.0,0.0,0.0
1624882,0.0,0.0,0.0,0.0,0.0,1.0,0.0
1625382,0.0,0.0,0.0,0.0,0.0,0.0,0.0
1626921,0.0,0.0,0.0,0.0,0.0,1.0,0.0
1626922,0.0,0.0,0.0,0.0,0.0,2.0,0.0
1627422,0.0,0.0,0.0,0.0,0.0,0.0,0.0
1627630,0.0,0.0,0.0,0.0,0.0,1.0,0.0
1628130,0.0,0.0,0.0,0.0,0.0,0.0,0.0
1628165,0.0,0.0,0.0,0.0,0.0,1.0,0.0
1628665,0.0,0.0,0.0,0.0,0.0,0.0,0.0
1629359,0.0,0.0,0.0,0.0,0.0,1.0,0.0
1629366,0.0,0.0,0.0,0.0,0.0,2.0,0.0
1629866,0.0,0.0,0.0,0.0,0.0,0.0,0.0
1630424,0.0,0.0,0.0,0.0,0.0,1.0,0.0
1630924,0.0,0.0,0.0,0.0,0.0,0.0,0.0
1631082,0.0,0.0,0.0,0.0,0.0,1.0,0.0
1631582,0.0,0.0,0.0,0.0,0.0,0.0,0.0
1631616,0.0,0.0,0.0,0.0,0.0,1.0,0.0
1632116,0.0,0.0,0.0,0.0,0.0,0.0,0.0
1633255,0.0,0.0,0.0,0.0,0.0,1.0,0.0
1633755,0.0,0.0,0.0,0.0,0.0,0.0,0.0
1635212,0.0,0.0,0.0,0.0,0.0,1.0,0.0
1635224,0.0,0.0,0.0,0.0,0.0,2.0,0.0
1635724,0.0,0.0,0.0,0.0,0.0,0.0,0.0
1638545,0.0,0.0,0.0,0.0,0.0,1.0,0.0
1639045,0.0,0.0,0.0,0.0,0.0,0.0,0.0
1640889,0.0,0.0,0.0,0.0,0.0,1.0,0.0
1641389,0.0,0.0,0.0,0.0,0.0,0.0,0.0
1641778,0.0,0.0,0.0,0.0,0.0,1.0,0.0
1642278,0.0,0.0,0.0,0.0,0.0,0.0,0.0
1643126,0.0,0.0,0.0,0.0,0.0,1.0,0.0
1643128,0.0,0.0,0.0,0.0,0.0,2.0,0.0
1643628,0.0,0.0,0.0,0.0,0.0,0.0,0.0
1647543,0.0,0.0,0.0,0.0,0.0,1.0,0.0
1647553,0.0,0.0,0.0,0.0,0.0,2.0,0.0
1648053,0.0,0.0,0.0,0.0,0.0,0.0,0.0
1649416,0.0,0.0,0.0,0.0,0.0,1.0,0.0
1649418,0.0,0.0,0.0,0.0,0.0,2.0,0.0
1649918,0.0,0.0,0.0,0.0,0.0,0.0,0.0
1650265,0.0,0.0,0.0,0.0,0.0,1.0,0.0
1650686,0.0,0.0,0.0,0.0,0.0,2.0,0.0
1651186,0.0,0.0,0.0,0.0,0.0,0.0,0.0
1651674,0.0,0.0,0.0,0.0,0.0,1.0,0.0
1652174,0.0,0.0,0.0,0.0,0.0,0.0,0.0
1652849,0.0,0.0,0.0,0.0,0.0,1.0,0.0
1652853,0.0,0.0,0.0,0.0,0.0,2.0,0.0
1653353,0.0,0.0,0.0,0.0,0.0,0.0,0.0
1654004,0.0,0.0,0.0,0.0,0.0,1.0,0.0
1654504,0.0,0.0,0.0,0.0,0.0,0.0,0.0
1654821,0.0,0.0,0.0,0.0,0.0,1.0,0.0
1655321,0.0,0.0,0.0,0.0,0.0,0.0,0.0
1656790,0.0,0.0,0.0,0.0,0.0,1.0,0.0
1657290,0.0,0.0,0.0,0.0,0.0,0.0,0.0
1657663,0.0,0.0,0.0,0.0,0.0,1.0,0.0
1658163,0.0,0.0,0.0,0.0,0.0,0.0,0.0
1658238,0.0,0.0,0.0,0.0,0.0,1.0,0.0
1658245,0.0,0.0,0.0,0.0,0.0,2.0,0.0
1658745,0.0,0.0,0.0,0.0,0.0,0.0,0.0
1658764,0.0,0.0,0.0,0.0,0.0,1.0,0.0
1658768,0.0,0.0,0.0,0.0,0.0,2.0,0.0
1659268,0.0,0.0,0.0,0.0,0.0,0.0,0.0
1659667,0.0,0.0,0.0,0.0,0.0,1.0,0.0
1659669,0.0,0.0,0.0,0.0,0.0,2.0,0.0
1660169,0.0,0.0,0.0,0.0,0.0,0.0,0.0
1661679,0.0,0.0,0.0,0.0,0.0,1.0,0.0
1662102,0.0,0.0,0.0,0.0,0.0,2.0,0.0
1662602,0.0,0.0,0.0,0.0,0.0,0.0,0.0
1665941,0.0,0.0,0.0,0.0,0.0,1.0,0.0
1666441,0.0,0.0,0.0,0.0,0.0,0.0,0.0
1667399,0.0,0.0,0.0,0.0,0.0,1.0,0.0
1667899,0.0,0.0,0.0,0.0,0.0,0.0,0.0
1668614,0.0,0.0,0.0,0.0,0.0,1.0,0.0
1669114,0.0,0.0,0.0,0.0,0.0,0.0,0.0
1671621,0.0,0.0,0.0,0.0,0.0,1.0,0.0
1672121,0.0,0.0,0.0,0.0,0.0,0.0,0.0
1672580,0.0,0.0,0.0,0.0,0.0,1.0,0.0
1673080,0.0,0.0,0.0,0.0,0.0,0.0,0.0
1675264,0.0,0.0,0.0,0.0,0.0,1.0,0.0
1675266,0.0,0.0,0.0,0.0,0.0,2.0,0.0
1675290,0.0,0.0,0.0,0.0,1.0,2.0,0.0
1675766,0.0,0.0,0.0,0.0,1.0,0.0,0.0
1675790,0.0,0.0,0.0,0.0,0.0,0.0,0.0
1675882,0.0,0.0,0.0,0.0,0.0,1.0,0.0
1676382,0.0,0.0,0.0,0.0,0.0,0.0,0.0
1676434,0.0,0.0,0.0,0.0,0.0,1.0,0.0
1676934,0.0,0.0,0.0,0.0,0.0,0.0,0.0
1676936,0.0,0.0,0.0,0.0,0.0,1.0,0.0
1677436,0.0,0.0,0.0,0.0,0.0,0.0,0.0
1677624,0.0,0.0,0.0,0.0,0.0,1.0,0.0
1678124,0.0,0.0,0.0,0.0,0.0,0.0,0.0
1680652,0.0,0.0,0.0,0.0,0.0,1.0,0.0
1680774,0.0,2.0,0.0,0.0,0.0,1.0,0.0
1681152,0.0,2.0,0.0,0.0,0.0,0.0,0.0
1681274,0.0,0.0,0.0,0.0,0.0,0.0,0.0
1681576,0.0,0.0,0.0,0.0,0.0,1.0,0.0
1682076,0.0,0.0,0.0,0.0,0.0,0.0,0.0
1682428,0.0,0.0,0.0,0.0,0.0,1.0,0.0
1682928,0.0,0.0,0.0,0.0,0.0,0.0,0.0
1684078,0.0,0.0,0.0,0.0,0.0,1.0,0.0
1684578,0.0,0.0,0.0,0.0,0.0,0.0,0.0
1684924,0.0,0.0,0.0,0.0,0.0,1.0,0.0
1684941,0.0,0.0,0.0,0.0,0.0,2.0,0.0
1684988,0.0,2.0,0.0,0.0,0.0,2.0,0.0
1685441,0.0,2.0,0.0,0.0,0.0,0.0,0.0
1685488,0.0,0.0,0.0,0.0,0.0,0.0,0.0
1685977,0.0,0.0,0.0,0.0,0.0,1.0,0.0
1686477,0.0,0.0,0.0,0.0,0.0,0.0,0.0
1687242,0.0,0.0,0.0,0.0,0.0,1.0,0.0
1687742,0.0,0.0,0.0,0.0,0.0,0.0,0.0
1687750,0.0,0.0,0.0,0.0,0.0,1.0,0.0
1688250,0.0,0.0,0.0,0.0,0.0,0.0,0.0
1688340,0.0,0.0,0.0,0.0,0.0,1.0,0.0
1688840,0.0,0.0,0.0,0.0,0.0,0.0,0.0
1689454,0.0,0.0,0.0,0.0,0.0,1.0,0.0
1689954,0.0,0.0,0.0,0.0,0.0,0.0,0.0
1691320,0.0,0.0,0.0,0.0,0.0,1.0,0.0
1691820,0.0,0.0,0.0,0.0,0.0,0.0,0.0
1691941,0.0,0.0,0.0,0.0,0.0,1.0,0.0
1692355,0.0,0.0,0.0,0.0,0.0,2.0,0.0
1692359,0.0,0.0,0.0,0.0,1.0,2.0,0.0
1692855,0.0,0.0,0.0,0.0,1.0,0.0,0.0
1692859,0.0,0.0,0.0,0.0,0.0,0.0,0.0
1694414,0.0,0.0,0.0,0.0,0.0,1.0,0.0
1694914,0.0,0.0,0.0,0.0,0.0,0.0,0.0
1696076,0.0,0.0,0.0,0.0,0.0,1.0,0.0
1696576,0.0,0.0,0.0,0.0,0.0,0.0,0.0
1697130,0.0,0.0,0.0,0.0,0.0,1.0,0.0
1697135,0.0,0.0,0.0,0.0,0.0,2.0,0.0
1697175,0.0,0.0,0.0,0.0,1.0,2.0,0.0
1697635,0.0,0.0,0.0,0.0,1.0,0.0,0.0
1697675,0.0,0.0,0.0,0.0,0.0,0.0,0.0
1698592,0.0,0.0,0.0,0.0,0.0,1.0,0.0
1699092,0.0,0.0,0.0,0.0,0.0,0.0,0.0
1702028,0.0,0.0,0.0,0.0,1.0,0.0,0.0
1702040,0.0,0.0,0.0,0.0,1.0,1.0,0.0
1702528,0.0,0.0,0.0,0.0,0.0,1.0,0.0
1702540,0.0,0.0,0.0,0.0,0.0,0.0,0.0
1702549,0.0,0.0,0.0,0.0,0.0,1.0,0.0
1703049,0.0,0.0,0.0,0.0,0.0,0.0,0.0
1704675,0.0,0.0,0.0,0.0,0.0,1.0,0.0
1705175,0.0,0.0,0.0,0.0,0.0,0.0,0.0
1709051,0.0,0.0,0.0,0.0,0.0,1.0,0.0
1709054,0.0,0.0,0.0,0.0,0.0,2.0,0.0
1709554,0.0,0.0,0.0,0.0,0.0,0.0,0.0
1712766,0.0,0.0,0.0,0.0,0.0,1.0,0.0
1713266,0.0,0.0,0.0,0.0,0.0,0.0,0.0
1714577,0.0,0.0,0.0,0.0,0.0,1.0,0.0
1715077,0.0,0.0,0.0,0.0,0.0,0.0,0.0
1717659,0.0,0.0,0.0,0.0,0.0,1.0,0.0
1718159,0.0,0.0,0.0,0.0,0.0,0.0,0.0
1723083,0.0,0.0,0.0,0.0,0.0,1.0,0.0
1723583,0.0,0.0,0.0,0.0,0.0,0.0,0.0
1726134,0.0,0.0,0.0,0.0,0.0,1.0,0.0
1726634,0.0,0.0,0.0,0.0,0.0,0.0,0.0
1727128,0.0,0.0,0.0,0.0,0.0,1.0,0.0
1727628,0.0,0.0,0.0,0.0,0.0,0.0,0.0
1728158,0.0,0.0,0.0,0.0,0.0,1.0,0.0
1728159,0.0,0.0,0.0,0.0,0.0,2.0,0.0
1728659,0.0,0.0,0.0,0.0,0.0,0.0,0.0
1729389,0.0,0.0,0.0,0.0,0.0,1.0,0.0
1729889,0.0,0.0,0.0,0.0,0.0,0.0,0.0
1730013,0.0,0.0,0.0,0.0,0.0,1.0,0.0
1730513,0.0,0.0,0.0,0.0,0.0,0.0,0.0
1733095,0.0,0.0,0.0,0.0,0.0,1.0,0.0
1733595,0.0,0.0,0.0,0.0,0.0,0.0,0.0
1738401,0.0,0.0,0.0,0.0,0.0,1.0,0.0
1738901,0.0,0.0,0.0,0.0,0.0,0.0,0.0
1739052,0.0,0.0,0.0,0.0,0.0,1.0,0.0
1739552,0.0,0.0,0.0,0.0,0.0,0.0,0.0
1739630,0.0,0.0,0.0,0.0,0.0,1.0,0.0
1740130,0.0,0.0,0.0,0.0,0.0,0.0,0.0
1740795,0.0,0.0,0.0,0.0,0.0,1.0,0.0
1741295,0.0,0.0,0.0,0.0,0.0,0.0,0.0
1744684,0.0,0.0,0.0,0.0,0.0,1.0,0.0
1745184,0.0,0.0,0.0,0.0,0.0,0.0,0.0
1745545,0.0,0.0,0.0,0.0,1.0,0.0,0.0
1745546,0.0,0.0,0.0,0.0,2.0,0.0,0.0
1746046,0.0,0.0,0.0,0.0,0.0,0.0,0.0
1746562,0.0,0.0,0.0,0.0,0.0,1.0,0.0
1747062,0.0,0.0,0.0,0.0,0.0,0.0,0.0
1748626,0.0,0.0,0.0,0.0,0.0,1.0,0.0
1749126,0.0,0.0,0.0,0.0,0.0,0.0,0.0
1749483,0.0,0.0,0.0,0.0,0.0,1.0,0.0
1749983,0.0,0.0,0.0,0.0,0.0,0.0,0.0
1752613,0.0,0.0,0.0,0.0,0.0,1.0,0.0
1753113,0.0,0.0,0.0,0.0,0.0,0.0,0.0
1754116,0.0,0.0,0.0,0.0,0.0,1.0,0.0
1754616,0.0,0.0,0.0,0.0,0.0,0.0,0.0
1755231,0.0,0.0,0.0,0.0,0.0,1.0,0.0
1755236,0.0,0.0,0.0,0.0,0.0,2.0,0.0
1755736,0.0,0.0,0.0,0.0,0.0,0.0,0.0
1758313,0.0,0.0,0.0,0.0,0.0,1.0,0.0
1758813,0.0,0.0,0.0,0.0,0.0,0.0,0.0
1759676,0.0,0.0,0.0,0.0,0.0,1.0,0.0
1760176,0.0,0.0,0.0,0.0,0.0,0.0,0.0
1760596,0.0,0.0,0.0,0.0,0.0,1.0,0.0
1761096,0.0,0.0,0.0,0.0,0.0,0.0,0.0
1761732,0.0,0.0,0.0,0.0,0.0,1.0,0.0
1762232,0.0,0.0,0.0,0.0,0.0,0.0,0.0
1763087,0.0,0.0,0.0,0.0,0.0,1.0,0.0
1763222,0.0,0.0,0.0,0.0,0.0,2.0,0.0
1763722,0.0,0.0,0.0,0.0,0.0,0.0,0.0
1765291,0.0,0.0,0.0,0.0,0.0,1.0,0.0
1765791,0.0,0.0,0.0,0.0,0.0,0.0,0.0
1767592,0.0,0.0,0.0,0.0,0.0,1.0,0.0
1768057,0.0,0.0,0.0,0.0,0.0,2.0,0.0
1768557,0.0,0.0,0.0,0.0,0.0,0.0,0.0
1769448,0.0,0.0,0.0,0.0,0.0,1.0,0.0
1769948,0.0,0.0,0.0,0.0,0.0,0.0,0.0
1770506,0.0,0.0,0.0,0.0,0.0,1.0,0.0
1771006,0.0,0.0,0.0,0.0,0.0,0.0,0.0
1772285,0.0,0.0,0.0,0.0,0.0,1.0,0.0
1772785,0.0,0.0,0.0,0.0,0.0,0.0,0.0
1780106,0.0,0.0,0.0,0.0,0.0,1.0,0.0
1780606,0.0,0.0,0.0,0.0,0.0,0.0,0.0
1781977,0.0,0.0,0.0,0.0,0.0,1.0,0.0
1782477,0.0,0.0,0.0,0.0,0.0,0.0,0.0
1782635,0.0,2.0,0.0,0.0,0.0,0.0,0.0
1782983,0.0,2.0,0.0,0.0,0.0,1.0,0.0
1783135,0.0,0.0,0.0,0.0,0.0,1.0,0.0
1783483,0.0,0.0,0.0,0.0,0.0,0.0,0.0
1784044,0.0,0.0,0.0,0.0,0.0,1.0,0.0
1784046,0.0,0.0,0.0,0.0,0.0,2.0,0.0
1784546,0.0,0.0,0.0,0.0,0.0,0.0,0.0
1785982,0.0,0.0,0.0,0.0,0.0,1.0,0.0
1786482,0.0,0.0,0.0,0.0,0.0,0.0,0.0
1790898,0.0,0.0,0.0,0.0,0.0,1.0,0.0
1791398,0.0,0.0,0.0,0.0,0.0,0.0,0.0
1792097,0.0,0.0,0.0,0.0,0.0,1.0,0.0
1792099,0.0,0.0,0.0,0.0,0.0,2.0,0.0
1792599,0.0,0.0,0.0,0.0,0.0,0.0,0.0
1793525,0.0,0.0,0.0,0.0,0.0,1.0,0.0
1794025,0.0,0.0,0.0,0.0,0.0,0.0,0.0
1795628,0.0,0.0,0.0,0.0,0.0,1.0,0.0
1795673,0.0,0.0,0.0,0.0,0.0,2.0,0.0
1796173,0.0,0.0,0.0,0.0,0.0,0.0,0.0
1797311,0.0,0.0,0.0,0.0,0.0,1.0,0.0
1797811,0.0,0.0,0.0,0.0,0.0,0.0,0.0
1799996,0.0,0.0,0.0,0.0,0.0,1.0,0.0
1800000,0.0,0.0,0.0,0.0,0.0,1.0,1.0
1800001,0.0,0.0,0.0,0.0,0.0,2.0,1.0
1800500,0.0,0.0,0.0,0.0,0.0,2.0,0.0
1800501,0.0,0.0,0.0,0.0,0.0,0.0,0.0
1800647,0.0,2.0,0.0,0.0,0.0,0.0,0.0
1800659,0.0,2.0,0.0,0.0,0.0,1.0,0.0
1800703,2.0,2.0,0.0,0.0,0.0,1.0,0.0
1801147,2.0,0.0,0.0,0.0,0.0,1.0,0.0
1801159,2.0,0.0,0.0,0.0,0.0,0.0,0.0
1801203,0.0,0.0,0.0,0.0,0.0,0.0,0.0
1801247,2.0,0.0,0.0,0.0,0.0,0.0,0.0
1801747,0.0,0.0,0.0,0.0,0.0,0.0,0.0
1801932,0.0,0.0,0.0,0.0,0.0,1.0,0.0
1802432,0.0,0.0,0.0,0.0,0.0,0.0,0.0
1802647,0.0,0.0,0.0,0.0,0.0,1.0,0.0
1803097,0.0,0.0,0.0,0.0,0.0,2.0,0.0
1803277,0.0,0.0,0.0,0.0,1.0,2.0,0.0
1803597,0.0,0.0,0.0,0.0,1.0,0.0,0.0
1804115,0.0,0.0,0.0,0.0,2.0,0.0,0.0
1804191,2.0,0.0,0.0,0.0,2.0,0.0,0.0
1804615,2.0,0.0,0.0,0.0,0.0,0.0,0.0
1804691,0.0,0.0,0.0,0.0,0.0,0.0,0.0
1805108,0.0,0.0,0.0,0.0,0.0,1.0,0.0
1805608,0.0,0.0,0.0,0.0,0.0,0.0,0.0
1805932,0.0,0.0,0.0,0.0,0.0,1.0,0.0
1806432,0.0,0.0,0.0,0.0,0.0,0.0,0.0
1807105,0.0,0.0,0.0,0.0,0.0,1.0,0.0
1807605,0.0,0.0,0.0,0.0,0.0,0.0,0.0
1807848,0.0,0.0,0.0,0.0,1.0,0.0,0.0
1808297,0.0,0.0,0.0,0.0,1.0,1.0,0.0
1808348,0.0,0.0,0.0,0.0,0.0,1.0,0.0
1808797,0.0,0.0,0.0,0.0,0.0,0.0,0.0
1809069,0.0,0.0,0.0,0.0,0.0,1.0,0.0
1809268,0.0,0.0,0.0,0.0,0.0,2.0,0.0
1809768,0.0,0.0,0.0,0.0,0.0,0.0,0.0
1810258,0.0,0.0,0.0,0.0,0.0,1.0,0.0
1810758,0.0,0.0,0.0,0.0,0.0,0.0,0.0
1810910,0.0,0.0,0.0,0.0,0.0,1.0,0.0
1811410,0.0,0.0,0.0,0.0,0.0,0.0,0.0
1811660,0.0,0.0,0.0,0.0,0.0,1.0,0.0
1811670,0.0,0.0,0.0,0.0,0.0,2.0,0.0
1812170,0.0,0.0,0.0,0.0,0.0,0.0,0.0
1813992,0.0,0.0,0.0,0.0,0.0,1.0,0.0
1814492,0.0,0.0,0.0,0.0,0.0,0.0,0.0
1814672,0.0,0.0,0.0,0.0,0.0,1.0,0.0
1814683,0.0,0.0,0.0,0.0,0.0,2.0,0.0
1815183,0.0,0.0,0.0,0.0,0.0,0.0,0.0
1816722,0.0,0.0,0.0,0.0,0.0,1.0,0.0
1817222,0.0,0.0,0.0,0.0,0.0,0.0,0.0
1817400,0.0,0.0,0.0,0.0,0.0,1.0,0.0
1817405,0.0,0.0,0.0,0.0,0.0,2.0,0.0
1817905,0.0,0.0,0.0,0.0,0.0,0.0,0.0
1820139,0.0,0.0,0.0,0.0,0.0,1.0,0.0
1820639,0.0,0.0,0.0,0.0,0.0,0.0,0.0
1821841,0.0,0.0,0.0,0.0,0.0,1.0,0.0
1822341,0.0,0.0,0.0,0.0,0.0,0.0,0.0
1822412,0.0,0.0,0.0,0.0,0.0,1.0,0.0
1822912,0.0,0.0,0.0,0.0,0.0,0.0,0.0
1823994,0.0,0.0,0.0,0.0,0.0,1.0,0.0
1824494,0.0,0.0,0.0,0.0,0.0,0.0,0.0
1824817,0.0,0.0,0.0,0.0,0.0,1.0,0.0
1825317,0.0,0.0,0.0,0.0,0.0,0.0,0.0
1826477,0.0,0.0,0.0,0.0,0.0,1.0,0.0
1826977,0.0,0.0,0.0,0.0,0.0,0.0,0.0
1827073,0.0,0.0,0.0,0.0,0.0,1.0,0.0
1827106,0.0,0.0,0.0,0.0,0.0,2.0,0.0
1827606,0.0,0.0,0.0,0.0,0.0,0.0,0.0
1828967,0.0,0.0,0.0,0.0,0.0,1.0,0.0
1829467,0.0,0.0,0.0,0.0,0.0,0.0,0.0
1829778,0.0,0.0,0.0,0.0,0.0,1.0,0.0
1829780,0.0,0.0,0.0,0.0,0.0,2.0,0.0
1830280,0.0,0.0,0.0,0.0,0.0,0.0,0.0
1830660,0.0,0.0,0.0,0.0,0.0,1.0,0.0
1831160,0.0,0.0,0.0,0.0,0.0,0.0,0.0
1831402,0.0,0.0,0.0,0.0,0.0,1.0,0.0
1831454,0.0,0.0,0.0,0.0,0.0,2.0,0.0
1831954,0.0,0.0,0.0,0.0,0.0,0.0,0.0
1832780,0.0,0.0,0.0,0.0,0.0,1.0,0.0
1833280,0.0,0.0,0.0,0.0,0.0,0.0,0.0
1834476,0.0,0.0,0.0,0.0,0.0,1.0,0.0
1834976,0.0,0.0,0.0,0.0,0.0,0.0,0.0
1835818,0.0,0.0,0.0,0.0,0.0,1.0,0.0
1836318,0.0,0.0,0.0,0.0,0.0,0.0,0.0
1836590,0.0,0.0,0.0,0.0,0.0,1.0,0.0
1837090,0.0,0.0,0.0,0.0,0.0,0.0,0.0
1837984,0.0,0.0,0.0,0.0,0.0,1.0,0.0
1838484,0.0,0.0,0.0,0.0,0.0,0.0,0.0
1838531,0.0,0.0,0.0,0.0,0.0,1.0,0.0
1838532,0.0,0.0,0.0,0.0,0.0,2.0,0.0
1839032,0.0,0.0,0.0,0.0,0.0,0.0,0.0
1839291,0.0,0.0,0.0,0.0,0.0,1.0,0.0
1839791,0.0,0.0,0.0,0.0,0.0,0.0,0.0
1840966,0.0,0.0,0.0,0.0,0.0,1.0,0.0
1841065,0.0,0.0,0.0,0.0,0.0,2.0,0.0
1841565,0.0,0.0,0.0,0.0,0.0,0.0,0.0
1842452,0.0,0.0,0.0,0.0,0.0,1.0,0.0
1842952,0.0,0.0,0.0,0.0,0.0,0.0,0.0
1843159,0.0,0.0,0.0,0.0,0.0,1.0,0.0
1843659,0.0,0.0,0.0,0.0,0.0,0.0,0.0
1844033,0.0,0.0,0.0,0.0,0.0,1.0,0.0
1844036,0.0,0.0,0.0,0.0,0.0,2.0,0.0
1844536,0.0,0.0,0.0,0.0,0.0,0.0,0.0
1845258,0.0,0.0,0.0,0.0,0.0,1.0,0.0
1845272,0.0,0.0,0.0,0.0,0.0,2.0,0.0
1845772,0.0,0.0,0.0,0.0,0.0,0.0,0.0
1846151,0.0,0.0,0.0,0.0,0.0,1.0,0.0
1846651,0.0,0.0,0.0,0.0,0.0,0.0,0.0
1848045,0.0,0.0,0.0,0.0,0.0,1.0,0.0
1848545,0.0,0.0,0.0,0.0,0.0,0.0,0.0
1849401,0.0,0.0,0.0,0.0,0.0,1.0,0.0
1849901,0.0,0.0,0.0,0.0,0.0,0.0,0.0
1850248,0.0,0.0,0.0,0.0,0.0,1.0,0.0
1850748,0.0,0.0,0.0,0.0,0.0,0.0,0.0
1853532,0.0,0.0,0.0,0.0,0.0,1.0,0.0
1854032,0.0,0.0,0.0,0.0,0.0,0.0,0.0
1855097,0.0,0.0,0.0,0.0,0.0,1.0,0.0
1855597,0.0,0.0,0.0,0.0,0.0,0.0,0.0
1857363,0.0,0.0,0.0,0.0,0.0,1.0,0.0
1857863,0.0,0.0,0.0,0.0,0.0,0.0,0.0
1858627,0.0,0.0,0.0,0.0,0.0,1.0,0.0
1859127,0.0,0.0,0.0,0.0,0.0,0.0,0.0
1859699,0.0,0.0,0.0,0.0,0.0,1.0,0.0
1860199,0.0,0.0,0.0,0.0,0.0,0.0,0.0
1860489,0.0,0.0,0.0,0.0,0.0,1.0,0.0
1860526,0.0,0.0,0.0,0.0,0.0,2.0,0.0
1861026,0.0,0.0,0.0,0.0,0.0,0.0,0.0
1862308,0.0,0.0,0.0,0.0,0.0,1.0,0.0
1862731,0.0,0.0,0.0,0.0,1.0,1.0,0.0
1862732,0.0,0.0,0.0,0.0,2.0,1.0,0.0
1862808,0.0,0.0,0.0,0.0,2.0,0.0,0.0
1862997,0.0,0.0,0.0,0.0,2.0,1.0,0.0
1863002,0.0,0.0,0.0,0.0,2.0,2.0,0.0
1863232,0.0,0.0,0.0,0.0,0.0,2.0,0.0
1863502,0.0,0.0,0.0,0.0,0.0,0.0,0.0
1863612,0.0,0.0,0.0,0.0,1.0,0.0,0.0
1864112,0.0,0.0,0.0,0.0,0.0,0.0,0.0
1864247,0.0,0.0,0.0,0.0,0.0,1.0,0.0
1864478,0.0,0.0,0.0,0.0,1.0,1.0,0.0
1864747,0.0,0.0,0.0,0.0,1.0,0.0,0.0
1864978,0.0,0.0,0.0,0.0,0.0,0.0,0.0
1866312,0.0,0.0,0.0,0.0,0.0,1.0,0.0
1866812,0.0,0.0,0.0,0.0,0.0,0.0,0.0
1867060,0.0,0.0,0.0,0.0,0.0,1.0,0.0
1867560,0.0,0.0,0.0,0.0,0.0,0.0,0.0
1868105,0.0,0.0,0.0,0.0,0.0,1.0,0.0
1868587,0.0,0.0,0.0,0.0,0.0,2.0,0.0
1869087,0.0,0.0,0.0,0.0,0.0,0.0,0.0
1869102,0.0,0.0,0.0,0.0,0.0,1.0,0.0
1869602,0.0,0.0,0.0,0.0,0.0,0.0,0.0
1871876,0.0,0.0,0.0,0.0,0.0,1.0,0.0
1871878,0.0,0.0,0.0,0.0,0.0,2.0,0.0
1872378,0.0,0.0,0.0,0.0,0.0,0.0,0.0
1875371,0.0,0.0,0.0,0.0,0.0,1.0,0.0
1875871,0.0,0.0,0.0,0.0,0.0,0.0,0.0
1876802,0.0,0.0,0.0,0.0,0.0,1.0,0.0
1877302,0.0,0.0,0.0,0.0,0.0,0.0,0.0
1877771,0.0,0.0,0.0,0.0,0.0,1.0,0.0
1878271,0.0,0.0,0.0,0.0,0.0,0.0,0.0
1878649,0.0,0.0,0.0,0.0,0.0,1.0,0.0
1879138,0.0,0.0,0.0,0.0,0.0,2.0,0.0
1879638,0.0,0.0,0.0,0.0,0.0,0.0,0.0
1880863,0.0,0.0,0.0,0.0,0.0,1.0,0.0
1881363,0.0,0.0,0.0,0.0,0.0,0.0,0.0
1881756,0.0,0.0,0.0,0.0,1.0,0.0,0.0
1882256,0.0,0.0,0.0,0.0,0.0,0.0,0.0
1882476,0.0,0.0,0.0,0.0,0.0,1.0,0.0
1882976,0.0,0.0,0.0,0.0,0.0,0.0,0.0
1884899,0.0,0.0,0.0,0.0,0.0,1.0,0.0
1884912,0.0,0.0,0.0,0.0,0.0,2.0,0.0
1885412,0.0,0.0,0.0,0.0,0.0,0.0,0.0
1888436,0.0,0.0,0.0,0.0,0.0,1.0,0.0
1888936,0.0,0.0,0.0,0.0,0.0,0.0,0.0
1891205,0.0,0.0,0.0,0.0,0.0,1.0,0.0
1891207,0.0,0.0,0.0,0.0,0.0,2.0,0.0
1891707,0.0,0.0,0.0,0.0,0.0,0.0,0.0
1892783,0.0,2.0,0.0,0.0,0.0,0.0,0.0
1893283,0.0,0.0,0.0,0.0,0.0,0.0,0.0
1893315,0.0,0.0,0.0,0.0,0.0,1.0,0.0
1893318,0.0,0.0,0.0,0.0,0.0,2.0,0.0
1893818,0.0,0.0,0.0,0.0,0.0,0.0,0.0
1894288,0.0,0.0,0.0,0.0,0.0,1.0,0.0
1894487,0.0,2.0,0.0,0.0,0.0,1.0,0.0
1894788,0.0,2.0,0.0,0.0,0.0,0.0,0.0
1894987,0.0,0.0,0.0,0.0,0.0,0.0,0.0
1895451,0.0,0.0,0.0,0.0,0.0,1.0,0.0
1895951,0.0,0.0,0.0,0.0,0.0,0.0,0.0
1896098,0.0,0.0,0.0,0.0,0.0,1.0,0.0
1896393,0.0,0.0,0.0,0.0,0.0,2.0,0.0
1896893,0.0,0.0,0.0,0.0,0.0,0.0,0.0
1897189,0.0,0.0,0.0,0.0,0.0,1.0,0.0
1897689,0.0,0.0,0.0,0.0,0.0,0.0,0.0
1897890,0.0,0.0,0.0,0.0,0.0,1.0,0.0
1898390,0.0,0.0,0.0,0.0,0.0,0.0,0.0
1898738,0.0,0.0,0.0,0.0,0.0,1.0,0.0
1899238,0.0,0.0,0.0,0.0,0.0,0.0,0.0
1899690,0.0,0.0,0.0,0.0,0.0,1.0,0.0
1900190,0.0,0.0,0.0,0.0,0.0,0.0,0.0
1903159,0.0,0.0,0.0,0.0,1.0,1.0,0.0
1903659,0.0,0.0,0.0,0.0,1.0,0.0,0.0
1904159,0.0,0.0,0.0,0.0,0.0,0.0,0.0
1905621,0.0,0.0,0.0,0.0,0.0,1.0,0.0
1906121,0.0,0.0,0.0,0.0,0.0,0.0,0.0
1907200,0.0,0.0,0.0,0.0,0.0,1.0,0.0
1907205,0.0,0.0,0.0,0.0,0.0,2.0,0.0
1907705,0.0,0.0,0.0,0.0,0.0,0.0,0.0
1910344,0.0,0.0,0.0,0.0,0.0,1.0,0.0
1910844,0.0,0.0,0.0,0.0,0.0,0.0,0.0
1911036,0.0,0.0,0.0,0.0,0.0,1.0,0.0
1911536,0.0,0.0,0.0,0.0,0.0,0.0,0.0
1911869,0.0,0.0,0.0,0.0,0.0,1.0,0.0
1912369,0.0,0.0,0.0,0.0,0.0,0.0,0.0
1913223,0.0,0.0,0.0,0.0,0.0,1.0,0.0
1913723,0.0,0.0,0.0,0.0,0.0,0.0,0.0
1913973,0.0,0.0,0.0,0.0,0.0,1.0,0.0
1914473,0.0,0.0,0.0,0.0,0.0,0.0,0.0
1917396,0.0,0.0,0.0,0.0,0.0,1.0,0.0
1917896,0.0,0.0,0.0,0.0,0.0,0.0,0.0
1917913,0.0,0.0,0.0,0.0,0.0,1.0,0.0
1918413,0.0,0.0,0.0,0.0,0.0,0.0,0.0
1919625,0.0,0.0,0.0,0.0,0.0,1.0,0.0
1920125,0.0,0.0,0.0,0.0,0.0,0.0,0.0
1921226,0.0,0.0,0.0,0.0,0.0,1.0,0.0
1921726,0.0,0.0,0.0,0.0,0.0,0.0,0.0
1922816,0.0,0.0,0.0,0.0,0.0,1.0,0.0
1922821,0.0,0.0,0.0,0.0,0.0,2.0,0.0
1923321,0.0,0.0,0.0,0.0,0.0,0.0,0.0
1926801,0.0,0.0,0.0,0.0,0.0,1.0,0.0
1927301,0.0,0.0,0.0,0.0,0.0,0.0,0.0
1927417,0.0,0.0,0.0,0.0,0.0,1.0,0.0
1927917,0.0,0.0,0.0,0.0,0.0,0.0,0.0
1929214,0.0,0.0,0.0,0.0,0.0,1.0,0.0
1929216,0.0,0.0,0.0,0.0,0.0,2.0,0.0
1929716,0.0,0.0,0.0,0.0,0.0,0.0,0.0
1934549,0.0,0.0,0.0,0.0,0.0,1.0,0.0
1935049,0.0,0.0,0.0,0.0,0.0,0.0,0.0
1935679,0.0,0.0,0.0,0.0,0.0,1.0,0.0
1936179,0.0,0.0,0.0,0.0,0.0,0.0,0.0
1937367,0.0,0.0,0.0,0.0,0.0,1.0,0.0
1937867,0.0,0.0,0.0,0.0,0.0,0.0,0.0
1938302,0.0,0.0,0.0,0.0,0.0,1.0,0.0
1938802,0.0,0.0,0.0,0.0,0.0,0.0,0.0
1942249,0.0,0.0,0.0,0.0,0.0,1.0,0.0
1942749,0.0,0.0,0.0,0.0,0.0,0.0,0.0
1945229,0.0,0.0,0.0,0.0,0.0,1.0,0.0
1945729,0.0,0.0,0.0,0.0,0.0,0.0,0.0
1947705,0.0,0.0,0.0,0.0,0.0,1.0,0.0
1948205,0.0,0.0,0.0,0.0,0.0,0.0,0.0
1948568,0.0,0.0,0.0,0.0,0.0,1.0,0.0
1948778,0.0,0.0,0.0,0.0,0.0,2.0,0.0
1949278,0.0,0.0,0.0,0.0,0.0,0.0,0.0
1950260,0.0,0.0,0.0,0.0,0.0,1.0,0.0
1950760,0.0,0.0,0.0,0.0,0.0,0.0,0.0
1953135,0.0,0.0,0.0,0.0,0.0,1.0,0.0
1953635,0.0,0.0,0.0,0.0,0.0,0.0,0.0
1955285,0.0,0.0,0.0,0.0,0.0,1.0,0.0
1955785,0.0,0.0,0.0,0.0,0.0,0.0,0.0
1958540,0.0,0.0,0.0,0.0,0.0,1.0,0.0
1959040,0.0,0.0,0.0,0.0,0.0,0.0,0.0
1960549,0.0,0.0,0.0,0.0,0.0,1.0,0.0
1960552,0.0,0.0,0.0,0.0,0.0,2.0,0.0
1961052,0.0,0.0,0.0,0.0,0.0,0.0,0.0
1961703,0.0,0.0,0.0,0.0,0.0,1.0,0.0
1962203,0.0,0.0,0.0,0.0,0.0,0.0,0.0
1963198,0.0,0.0,0.0,0.0,0.0,1.0,0.0
1963698,0.0,0.0,0.0,0.0,0.0,0.0,0.0
1963708,0.0,0.0,0.0,0.0,0.0,1.0,0.0
1964208,0.0,0.0,0.0,0.0,0.0,0.0,0.0
1964526,0.0,0.0,0.0,0.0,0.0,1.0,0.0
1965026,0.0,0.0,0.0,0.0,0.0,0.0,0.0
1965963,0.0,0.0,0.0,0.0,0.0,1.0,0.0
1966255,0.0,0.0,0.0,0.0,0.0,2.0,0.0
1966755,0.0,0.0,0.0,0.0,0.0,0.0,0.0
1972710,0.0,0.0,0.0,0.0,0.0,1.0,0.0
1973210,0.0,0.0,0.0,0.0,0.0,0.0,0.0
1978402,0.0,0.0,0.0,0.0,0.0,1.0,0.0
1978902,0.0,0.0,0.0,0.0,0.0,0.0,0.0
1979054,0.0,0.0,0.0,0.0,0.0,1.0,0.0
1979554,0.0,0.0,0.0,0.0,0.0,0.0,0.0
1980062,0.0,0.0,0.0,0.0,0.0,1.0,0.0
1980562,0.0,0.0,0.0,0.0,0.0,0.0,0.0
1987742,0.0,0.0,0.0,0.0,0.0,1.0,0.0
1988242,0.0,0.0,0.0,0.0,0.0,0.0,0.0
1988695,0.0,0.0,0.0,0.0,0.0,1.0,0.0
1989195,0.0,0.0,0.0,0.0,0.0,0.0,0.0
1991590,0.0,0.0,0.0,0.0,0.0,1.0,0.0
1992090,0.0,0.0,0.0,0.0,0.0,0.0,0.0
1993322,0.0,0.0,0.0,0.0,0.0,1.0,0.0
1993324,0.0,0.0,0.0,0.0,0.0,2.0,0.0
1993824,0.0,0.0,0.0,0.0,0.0,0.0,0.0
1995583,0.0,0.0,0.0,0.0,0.0,1.0,0.0
1995712,0.0,0.0,0.0,0.0,0.0,2.0,0.0
1996212,0.0,0.0,0.0,0.0,0.0,0.0,0.0
2000000,0.0,0.0,0.0,0.0,0.0,0.0,1.0
