,ADWIN,CUSUM,DDM,GeometricMovingAverage,HDDMAverage,HDDMWeighted,Ground-truth
139,0.0,0.0,1.0,0.0,0.0,0.0,0.0
377,0.0,0.0,1.0,0.0,0.0,1.0,0.0
639,0.0,0.0,0.0,0.0,0.0,1.0,0.0
877,0.0,0.0,0.0,0.0,0.0,0.0,0.0
1148,0.0,0.0,0.0,0.0,0.0,1.0,0.0
1648,0.0,0.0,0.0,0.0,0.0,0.0,0.0
2610,0.0,0.0,0.0,0.0,0.0,1.0,0.0
3110,0.0,0.0,0.0,0.0,0.0,0.0,0.0
3120,0.0,0.0,0.0,0.0,0.0,1.0,0.0
3620,0.0,0.0,0.0,0.0,0.0,0.0,0.0
3926,0.0,0.0,0.0,0.0,0.0,1.0,0.0
4426,0.0,0.0,0.0,0.0,0.0,0.0,0.0
5014,0.0,0.0,0.0,0.0,0.0,1.0,0.0
5288,0.0,0.0,0.0,0.0,0.0,2.0,0.0
5788,0.0,0.0,0.0,0.0,0.0,0.0,0.0
5812,0.0,0.0,0.0,0.0,0.0,1.0,0.0
6312,0.0,0.0,0.0,0.0,0.0,0.0,0.0
6355,0.0,0.0,0.0,0.0,0.0,1.0,0.0
6370,0.0,0.0,0.0,0.0,0.0,2.0,0.0
6870,0.0,0.0,0.0,0.0,0.0,0.0,0.0
7575,0.0,0.0,0.0,0.0,0.0,1.0,0.0
8075,0.0,0.0,0.0,0.0,0.0,0.0,0.0
8111,0.0,0.0,0.0,0.0,0.0,1.0,0.0
8114,0.0,0.0,0.0,0.0,0.0,2.0,0.0
8614,0.0,0.0,0.0,0.0,0.0,0.0,0.0
10680,0.0,0.0,0.0,0.0,0.0,1.0,0.0
10686,0.0,0.0,0.0,0.0,0.0,2.0,0.0
11186,0.0,0.0,0.0,0.0,0.0,0.0,0.0
11275,0.0,0.0,0.0,0.0,0.0,1.0,0.0
11278,0.0,0.0,0.0,0.0,0.0,2.0,0.0
11778,0.0,0.0,0.0,0.0,0.0,0.0,0.0
12028,0.0,0.0,0.0,0.0,0.0,1.0,0.0
12528,0.0,0.0,0.0,0.0,0.0,0.0,0.0
13605,0.0,0.0,0.0,0.0,0.0,1.0,0.0
14105,0.0,0.0,0.0,0.0,0.0,0.0,0.0
14456,0.0,0.0,0.0,0.0,0.0,1.0,0.0
14956,0.0,0.0,0.0,0.0,0.0,0.0,0.0
15208,0.0,0.0,0.0,0.0,0.0,1.0,0.0
15224,0.0,0.0,0.0,0.0,0.0,2.0,0.0
15724,0.0,0.0,0.0,0.0,0.0,0.0,0.0
16342,0.0,0.0,0.0,0.0,0.0,1.0,0.0
16842,0.0,0.0,0.0,0.0,0.0,0.0,0.0
17091,0.0,0.0,0.0,0.0,0.0,1.0,0.0
17591,0.0,0.0,0.0,0.0,0.0,0.0,0.0
17700,0.0,0.0,0.0,0.0,0.0,1.0,0.0
18029,0.0,0.0,0.0,0.0,0.0,2.0,0.0
18529,0.0,0.0,0.0,0.0,0.0,0.0,0.0
19494,0.0,0.0,0.0,0.0,0.0,1.0,0.0
19497,0.0,0.0,0.0,0.0,0.0,2.0,0.0
19499,0.0,0.0,0.0,0.0,1.0,2.0,0.0
19997,0.0,0.0,0.0,0.0,1.0,0.0,0.0
19999,0.0,0.0,0.0,0.0,0.0,0.0,0.0
20302,0.0,0.0,0.0,0.0,0.0,1.0,0.0
20305,0.0,0.0,0.0,0.0,0.0,2.0,0.0
20805,0.0,0.0,0.0,0.0,0.0,0.0,0.0
21208,0.0,0.0,0.0,0.0,0.0,1.0,0.0
21708,0.0,0.0,0.0,0.0,0.0,0.0,0.0
22039,0.0,0.0,0.0,0.0,0.0,1.0,0.0
22539,0.0,0.0,0.0,0.0,0.0,0.0,0.0
23706,0.0,0.0,0.0,0.0,0.0,1.0,0.0
23716,0.0,0.0,0.0,0.0,0.0,2.0,0.0
24216,0.0,0.0,0.0,0.0,0.0,0.0,0.0
24435,0.0,0.0,0.0,0.0,0.0,1.0,0.0
24935,0.0,0.0,0.0,0.0,0.0,0.0,0.0
24984,0.0,0.0,0.0,0.0,0.0,1.0,0.0
25484,0.0,0.0,0.0,0.0,0.0,0.0,0.0
26260,0.0,0.0,0.0,0.0,0.0,1.0,0.0
26267,0.0,0.0,0.0,0.0,0.0,2.0,0.0
26767,0.0,0.0,0.0,0.0,0.0,0.0,0.0
26792,0.0,0.0,0.0,0.0,0.0,1.0,0.0
27193,0.0,0.0,0.0,0.0,0.0,2.0,0.0
27693,0.0,0.0,0.0,0.0,0.0,0.0,0.0
27733,0.0,0.0,0.0,0.0,0.0,1.0,0.0
28233,0.0,0.0,0.0,0.0,0.0,0.0,0.0
28787,0.0,0.0,0.0,0.0,0.0,1.0,0.0
29287,0.0,0.0,0.0,0.0,0.0,0.0,0.0
31164,0.0,0.0,0.0,0.0,0.0,1.0,0.0
31657,0.0,0.0,0.0,0.0,0.0,2.0,0.0
32157,0.0,0.0,0.0,0.0,0.0,0.0,0.0
32163,0.0,0.0,0.0,0.0,0.0,1.0,0.0
32663,0.0,0.0,0.0,0.0,0.0,0.0,0.0
32702,0.0,0.0,0.0,0.0,0.0,1.0,0.0
32737,0.0,0.0,0.0,0.0,0.0,2.0,0.0
33237,0.0,0.0,0.0,0.0,0.0,0.0,0.0
34125,0.0,0.0,0.0,0.0,0.0,1.0,0.0
34400,0.0,0.0,0.0,0.0,0.0,2.0,0.0
34900,0.0,0.0,0.0,0.0,0.0,0.0,0.0
36761,0.0,0.0,0.0,0.0,0.0,1.0,0.0
37261,0.0,0.0,0.0,0.0,0.0,0.0,0.0
37907,0.0,0.0,0.0,0.0,0.0,1.0,0.0
37939,0.0,2.0,0.0,0.0,0.0,1.0,0.0
38407,0.0,2.0,0.0,0.0,0.0,0.0,0.0
38438,0.0,2.0,0.0,0.0,0.0,1.0,0.0
38439,0.0,0.0,0.0,0.0,0.0,1.0,0.0
38938,0.0,0.0,0.0,0.0,0.0,0.0,0.0
38968,0.0,0.0,0.0,0.0,0.0,1.0,0.0
39468,0.0,0.0,0.0,0.0,0.0,0.0,0.0
39814,0.0,0.0,1.0,0.0,0.0,0.0,0.0
40314,0.0,0.0,0.0,0.0,0.0,0.0,0.0
40380,0.0,0.0,0.0,0.0,0.0,1.0,0.0
40880,0.0,0.0,0.0,0.0,0.0,0.0,0.0
42031,0.0,0.0,0.0,0.0,0.0,1.0,0.0
42466,0.0,0.0,1.0,0.0,0.0,1.0,0.0
42531,0.0,0.0,1.0,0.0,0.0,0.0,0.0
42966,0.0,0.0,0.0,0.0,0.0,0.0,0.0
43545,0.0,0.0,0.0,0.0,0.0,1.0,0.0
44045,0.0,0.0,0.0,0.0,0.0,0.0,0.0
44674,0.0,0.0,0.0,0.0,0.0,1.0,0.0
45174,0.0,0.0,0.0,0.0,0.0,0.0,0.0
45766,0.0,0.0,0.0,0.0,0.0,1.0,0.0
46009,0.0,0.0,0.0,0.0,0.0,2.0,0.0
46509,0.0,0.0,0.0,0.0,0.0,0.0,0.0
47725,0.0,0.0,0.0,0.0,0.0,1.0,0.0
48225,0.0,0.0,0.0,0.0,0.0,0.0,0.0
48255,0.0,0.0,0.0,0.0,0.0,1.0,0.0
48755,0.0,0.0,0.0,0.0,0.0,0.0,0.0
48786,0.0,0.0,0.0,0.0,0.0,1.0,0.0
48795,0.0,0.0,0.0,0.0,0.0,2.0,0.0
49295,0.0,0.0,0.0,0.0,0.0,0.0,0.0
50244,0.0,0.0,0.0,0.0,0.0,1.0,0.0
50744,0.0,0.0,0.0,0.0,0.0,0.0,0.0
53386,0.0,0.0,0.0,0.0,0.0,1.0,0.0
53416,0.0,0.0,0.0,0.0,0.0,2.0,0.0
53916,0.0,0.0,0.0,0.0,0.0,0.0,0.0
54859,0.0,0.0,0.0,0.0,0.0,1.0,0.0
55359,0.0,0.0,0.0,0.0,0.0,0.0,0.0
55447,0.0,0.0,0.0,0.0,0.0,1.0,0.0
55452,0.0,0.0,0.0,0.0,0.0,2.0,0.0
55952,0.0,0.0,0.0,0.0,0.0,0.0,0.0
55989,0.0,0.0,0.0,0.0,0.0,1.0,0.0
56002,0.0,0.0,0.0,0.0,1.0,1.0,0.0
56004,0.0,0.0,0.0,0.0,1.0,2.0,0.0
56502,0.0,0.0,0.0,0.0,0.0,2.0,0.0
56504,0.0,0.0,0.0,0.0,0.0,0.0,0.0
56541,0.0,0.0,0.0,0.0,0.0,1.0,0.0
57041,0.0,0.0,0.0,0.0,0.0,0.0,0.0
57530,0.0,0.0,0.0,0.0,0.0,1.0,0.0
58030,0.0,0.0,0.0,0.0,0.0,0.0,0.0
59064,0.0,0.0,0.0,0.0,0.0,1.0,0.0
59073,0.0,0.0,0.0,0.0,0.0,2.0,0.0
59573,0.0,0.0,0.0,0.0,0.0,0.0,0.0
59683,0.0,0.0,0.0,0.0,0.0,1.0,0.0
59687,0.0,0.0,0.0,0.0,0.0,2.0,0.0
60187,0.0,0.0,0.0,0.0,0.0,0.0,0.0
60258,0.0,0.0,0.0,0.0,0.0,1.0,0.0
60265,0.0,0.0,0.0,0.0,0.0,2.0,0.0
60765,0.0,0.0,0.0,0.0,0.0,0.0,0.0
61572,0.0,0.0,0.0,0.0,0.0,1.0,0.0
62072,0.0,0.0,0.0,0.0,0.0,0.0,0.0
62106,0.0,0.0,0.0,0.0,0.0,1.0,0.0
62606,0.0,0.0,0.0,0.0,0.0,0.0,0.0
62628,0.0,0.0,0.0,0.0,0.0,1.0,0.0
62667,0.0,0.0,0.0,0.0,0.0,2.0,0.0
63167,0.0,0.0,0.0,0.0,0.0,0.0,0.0
63441,0.0,0.0,0.0,0.0,0.0,1.0,0.0
63444,0.0,0.0,0.0,0.0,0.0,2.0,0.0
63944,0.0,0.0,0.0,0.0,0.0,0.0,0.0
63946,0.0,0.0,0.0,0.0,0.0,1.0,0.0
63949,0.0,0.0,0.0,0.0,0.0,2.0,0.0
64449,0.0,0.0,0.0,0.0,0.0,0.0,0.0
64463,0.0,0.0,0.0,0.0,0.0,1.0,0.0
64866,0.0,0.0,0.0,0.0,0.0,2.0,0.0
65366,0.0,0.0,0.0,0.0,0.0,0.0,0.0
65411,0.0,0.0,0.0,0.0,0.0,1.0,0.0
65522,0.0,0.0,0.0,0.0,0.0,2.0,0.0
66022,0.0,0.0,0.0,0.0,0.0,0.0,0.0
66589,0.0,0.0,0.0,0.0,0.0,1.0,0.0
66835,0.0,0.0,0.0,0.0,0.0,2.0,0.0
66842,0.0,0.0,0.0,0.0,1.0,2.0,0.0
67335,0.0,0.0,0.0,0.0,1.0,0.0,0.0
67342,0.0,0.0,0.0,0.0,0.0,0.0,0.0
67343,0.0,0.0,0.0,0.0,0.0,1.0,0.0
67545,0.0,0.0,0.0,0.0,0.0,2.0,0.0
68045,0.0,0.0,0.0,0.0,0.0,0.0,0.0
68048,0.0,0.0,0.0,0.0,0.0,1.0,0.0
68548,0.0,0.0,0.0,0.0,0.0,0.0,0.0
68736,0.0,0.0,0.0,0.0,0.0,1.0,0.0
69236,0.0,0.0,0.0,0.0,0.0,0.0,0.0
70031,0.0,0.0,0.0,0.0,0.0,1.0,0.0
70531,0.0,0.0,0.0,0.0,0.0,0.0,0.0
70778,0.0,0.0,0.0,0.0,0.0,1.0,0.0
70920,0.0,0.0,0.0,0.0,0.0,2.0,0.0
71420,0.0,0.0,0.0,0.0,0.0,1.0,0.0
71422,0.0,0.0,0.0,0.0,0.0,2.0,0.0
71922,0.0,0.0,0.0,0.0,0.0,0.0,0.0
72460,0.0,0.0,0.0,0.0,0.0,1.0,0.0
72482,0.0,0.0,0.0,0.0,0.0,2.0,0.0
72982,0.0,0.0,0.0,0.0,0.0,0.0,0.0
73656,0.0,0.0,0.0,0.0,0.0,1.0,0.0
74130,0.0,2.0,0.0,0.0,0.0,1.0,0.0
74156,0.0,2.0,0.0,0.0,0.0,0.0,0.0
74630,0.0,0.0,0.0,0.0,0.0,0.0,0.0
76571,0.0,0.0,0.0,0.0,0.0,1.0,0.0
77071,0.0,0.0,0.0,0.0,0.0,0.0,0.0
78035,0.0,0.0,0.0,0.0,0.0,1.0,0.0
78176,0.0,0.0,0.0,0.0,0.0,2.0,0.0
78676,0.0,0.0,0.0,0.0,0.0,0.0,0.0
79198,0.0,0.0,0.0,0.0,0.0,1.0,0.0
79698,0.0,0.0,0.0,0.0,0.0,0.0,0.0
80018,0.0,0.0,0.0,0.0,0.0,1.0,0.0
80021,0.0,0.0,0.0,0.0,0.0,2.0,0.0
80521,0.0,0.0,0.0,0.0,0.0,0.0,0.0
81620,0.0,0.0,0.0,0.0,0.0,1.0,0.0
82120,0.0,0.0,0.0,0.0,0.0,0.0,0.0
82383,0.0,0.0,0.0,0.0,0.0,1.0,0.0
82883,0.0,0.0,0.0,0.0,0.0,0.0,0.0
82915,0.0,0.0,0.0,0.0,0.0,1.0,0.0
83415,0.0,0.0,0.0,0.0,0.0,0.0,0.0
83525,0.0,0.0,0.0,0.0,0.0,1.0,0.0
83544,0.0,0.0,0.0,0.0,1.0,1.0,0.0
84025,0.0,0.0,0.0,0.0,1.0,0.0,0.0
84044,0.0,0.0,0.0,0.0,0.0,0.0,0.0
84965,0.0,0.0,0.0,0.0,0.0,1.0,0.0
85465,0.0,0.0,0.0,0.0,0.0,0.0,0.0
85502,0.0,0.0,0.0,0.0,0.0,1.0,0.0
85521,0.0,0.0,0.0,0.0,0.0,2.0,0.0
86021,0.0,0.0,0.0,0.0,0.0,0.0,0.0
86092,0.0,0.0,0.0,0.0,0.0,1.0,0.0
86098,0.0,0.0,0.0,0.0,0.0,2.0,0.0
86598,0.0,0.0,0.0,0.0,0.0,0.0,0.0
86966,0.0,0.0,0.0,0.0,0.0,1.0,0.0
87466,0.0,0.0,0.0,0.0,0.0,0.0,0.0
87746,0.0,0.0,0.0,0.0,0.0,1.0,0.0
88246,0.0,0.0,0.0,0.0,0.0,0.0,0.0
88658,0.0,0.0,0.0,0.0,0.0,1.0,0.0
88667,0.0,0.0,0.0,0.0,0.0,2.0,0.0
89167,0.0,0.0,0.0,0.0,0.0,0.0,0.0
90149,0.0,0.0,0.0,0.0,0.0,1.0,0.0
90649,0.0,0.0,0.0,0.0,0.0,0.0,0.0
90829,0.0,0.0,0.0,0.0,0.0,1.0,0.0
90876,0.0,2.0,0.0,0.0,0.0,1.0,0.0
91329,0.0,2.0,0.0,0.0,0.0,0.0,0.0
91376,0.0,0.0,0.0,0.0,0.0,0.0,0.0
91467,0.0,0.0,0.0,0.0,0.0,1.0,0.0
91967,0.0,0.0,0.0,0.0,0.0,0.0,0.0
92988,0.0,0.0,0.0,0.0,0.0,1.0,0.0
93488,0.0,0.0,0.0,0.0,0.0,2.0,0.0
93988,0.0,0.0,0.0,0.0,0.0,0.0,0.0
94357,0.0,0.0,0.0,0.0,0.0,1.0,0.0
94857,0.0,0.0,0.0,0.0,0.0,0.0,0.0
95429,0.0,0.0,0.0,0.0,0.0,1.0,0.0
95440,0.0,0.0,0.0,0.0,0.0,2.0,0.0
95457,0.0,0.0,0.0,0.0,1.0,2.0,0.0
95464,0.0,0.0,0.0,0.0,2.0,2.0,0.0
95940,0.0,0.0,0.0,0.0,2.0,0.0,0.0
95964,0.0,0.0,0.0,0.0,0.0,0.0,0.0
96488,0.0,0.0,0.0,0.0,0.0,1.0,0.0
96542,0.0,0.0,0.0,0.0,0.0,2.0,0.0
97042,0.0,0.0,0.0,0.0,0.0,0.0,0.0
97699,0.0,0.0,0.0,0.0,0.0,1.0,0.0
98199,0.0,0.0,0.0,0.0,0.0,0.0,0.0
98516,0.0,0.0,0.0,0.0,0.0,1.0,0.0
98633,0.0,0.0,0.0,0.0,0.0,2.0,0.0
99133,0.0,0.0,0.0,0.0,0.0,0.0,0.0
99707,0.0,0.0,0.0,0.0,0.0,1.0,0.0
100207,0.0,0.0,0.0,0.0,0.0,0.0,0.0
100613,0.0,0.0,0.0,0.0,0.0,1.0,0.0
100615,0.0,0.0,0.0,0.0,0.0,2.0,0.0
100620,0.0,0.0,0.0,0.0,1.0,2.0,0.0
101115,0.0,0.0,0.0,0.0,1.0,0.0,0.0
101120,0.0,0.0,0.0,0.0,0.0,0.0,0.0
101388,0.0,0.0,0.0,0.0,0.0,1.0,0.0
101888,0.0,0.0,0.0,0.0,0.0,0.0,0.0
108299,0.0,0.0,0.0,0.0,0.0,1.0,0.0
108302,0.0,0.0,0.0,0.0,0.0,2.0,0.0
108802,0.0,0.0,0.0,0.0,0.0,0.0,0.0
108812,0.0,0.0,0.0,0.0,0.0,1.0,0.0
108816,0.0,0.0,0.0,0.0,0.0,2.0,0.0
109316,0.0,0.0,0.0,0.0,0.0,0.0,0.0
110403,0.0,0.0,0.0,0.0,0.0,1.0,0.0
110903,0.0,0.0,0.0,0.0,0.0,0.0,0.0
112461,0.0,0.0,0.0,0.0,0.0,1.0,0.0
112961,0.0,0.0,0.0,0.0,0.0,0.0,0.0
113100,0.0,0.0,0.0,0.0,0.0,1.0,0.0
113600,0.0,0.0,0.0,0.0,0.0,0.0,0.0
113849,0.0,0.0,0.0,0.0,0.0,1.0,0.0
114349,0.0,0.0,0.0,0.0,0.0,0.0,0.0
116324,0.0,0.0,0.0,0.0,0.0,1.0,0.0
116332,0.0,0.0,0.0,0.0,0.0,2.0,0.0
116832,0.0,0.0,0.0,0.0,0.0,0.0,0.0
123410,0.0,0.0,0.0,0.0,0.0,1.0,0.0
123413,0.0,0.0,0.0,0.0,0.0,2.0,0.0
123913,0.0,0.0,0.0,0.0,0.0,0.0,0.0
127586,0.0,0.0,0.0,0.0,0.0,1.0,0.0
128086,0.0,0.0,0.0,0.0,0.0,0.0,0.0
134194,0.0,0.0,0.0,0.0,0.0,1.0,0.0
134694,0.0,0.0,0.0,0.0,0.0,0.0,0.0
135626,0.0,0.0,0.0,0.0,0.0,1.0,0.0
136126,0.0,0.0,0.0,0.0,0.0,0.0,0.0
137263,0.0,0.0,0.0,0.0,0.0,1.0,0.0
137763,0.0,0.0,0.0,0.0,0.0,0.0,0.0
138585,0.0,0.0,0.0,0.0,0.0,1.0,0.0
139085,0.0,0.0,0.0,0.0,0.0,0.0,0.0
139319,0.0,0.0,0.0,0.0,0.0,1.0,0.0
139321,0.0,0.0,0.0,0.0,0.0,2.0,0.0
139821,0.0,0.0,0.0,0.0,0.0,0.0,0.0
143655,0.0,0.0,0.0,0.0,0.0,1.0,0.0
144155,0.0,0.0,0.0,0.0,0.0,0.0,0.0
146529,0.0,0.0,0.0,0.0,0.0,1.0,0.0
147029,0.0,0.0,0.0,0.0,0.0,0.0,0.0
149010,0.0,0.0,0.0,0.0,0.0,1.0,0.0
149510,0.0,0.0,0.0,0.0,0.0,0.0,0.0
156014,0.0,0.0,0.0,0.0,0.0,1.0,0.0
156514,0.0,0.0,0.0,0.0,0.0,0.0,0.0
157601,0.0,0.0,0.0,0.0,0.0,1.0,0.0
158101,0.0,0.0,0.0,0.0,0.0,0.0,0.0
158338,0.0,0.0,0.0,0.0,0.0,1.0,0.0
158342,0.0,0.0,0.0,0.0,0.0,2.0,0.0
158842,0.0,0.0,0.0,0.0,0.0,0.0,0.0
161589,0.0,0.0,0.0,0.0,0.0,1.0,0.0
162089,0.0,0.0,0.0,0.0,0.0,0.0,0.0
168415,0.0,0.0,0.0,0.0,0.0,1.0,0.0
168915,0.0,0.0,0.0,0.0,0.0,0.0,0.0
169107,0.0,0.0,0.0,0.0,0.0,1.0,0.0
169607,0.0,0.0,0.0,0.0,0.0,0.0,0.0
171947,0.0,0.0,0.0,0.0,0.0,1.0,0.0
172447,0.0,0.0,0.0,0.0,0.0,0.0,0.0
172508,0.0,0.0,0.0,0.0,0.0,1.0,0.0
173008,0.0,0.0,0.0,0.0,0.0,0.0,0.0
173026,0.0,0.0,0.0,0.0,0.0,1.0,0.0
173526,0.0,0.0,0.0,0.0,0.0,0.0,0.0
176576,0.0,0.0,0.0,0.0,0.0,1.0,0.0
177076,0.0,0.0,0.0,0.0,0.0,0.0,0.0
177599,0.0,0.0,0.0,0.0,0.0,1.0,0.0
178099,0.0,0.0,0.0,0.0,0.0,0.0,0.0
180420,0.0,0.0,0.0,0.0,0.0,1.0,0.0
180920,0.0,0.0,0.0,0.0,0.0,0.0,0.0
181365,0.0,0.0,0.0,0.0,0.0,1.0,0.0
181367,0.0,0.0,0.0,0.0,0.0,2.0,0.0
181867,0.0,0.0,0.0,0.0,0.0,0.0,0.0
182747,0.0,0.0,0.0,0.0,0.0,1.0,0.0
183247,0.0,0.0,0.0,0.0,0.0,0.0,0.0
184758,0.0,0.0,0.0,0.0,0.0,1.0,0.0
185202,0.0,0.0,0.0,0.0,0.0,2.0,0.0
185702,0.0,0.0,0.0,0.0,0.0,0.0,0.0
185856,0.0,0.0,0.0,0.0,0.0,1.0,0.0
186356,0.0,0.0,0.0,0.0,0.0,0.0,0.0
188762,0.0,0.0,0.0,0.0,0.0,1.0,0.0
189262,0.0,0.0,0.0,0.0,0.0,0.0,0.0
191711,0.0,0.0,0.0,0.0,0.0,1.0,0.0
192211,0.0,0.0,0.0,0.0,0.0,0.0,0.0
193121,0.0,0.0,0.0,0.0,0.0,1.0,0.0
193621,0.0,0.0,0.0,0.0,0.0,0.0,0.0
194294,0.0,0.0,0.0,0.0,0.0,1.0,0.0
194427,0.0,0.0,0.0,0.0,0.0,2.0,0.0
194927,0.0,0.0,0.0,0.0,0.0,0.0,0.0
195299,0.0,0.0,0.0,0.0,0.0,1.0,0.0
195799,0.0,0.0,0.0,0.0,0.0,0.0,0.0
196801,0.0,0.0,0.0,0.0,0.0,1.0,0.0
197301,0.0,0.0,0.0,0.0,0.0,0.0,0.0
199473,0.0,0.0,0.0,0.0,0.0,1.0,0.0
199973,0.0,0.0,0.0,0.0,0.0,0.0,0.0
200110,0.0,0.0,0.0,0.0,0.0,1.0,0.0
200610,0.0,0.0,0.0,0.0,0.0,0.0,0.0
200633,0.0,0.0,0.0,0.0,0.0,1.0,0.0
201000,0.0,0.0,0.0,0.0,0.0,1.0,1.0
201133,0.0,0.0,0.0,0.0,0.0,0.0,1.0
201270,0.0,0.0,0.0,0.0,0.0,1.0,1.0
201272,0.0,0.0,0.0,0.0,0.0,2.0,1.0
201407,2.0,0.0,0.0,0.0,0.0,2.0,1.0
201500,2.0,0.0,0.0,0.0,0.0,2.0,0.0
201570,2.0,2.0,0.0,0.0,0.0,2.0,0.0
201603,2.0,2.0,0.0,0.0,1.0,2.0,0.0
201688,2.0,2.0,0.0,0.0,2.0,2.0,0.0
201772,2.0,2.0,0.0,0.0,2.0,0.0,0.0
201816,2.0,2.0,0.0,0.0,2.0,1.0,0.0
201907,0.0,2.0,0.0,0.0,2.0,1.0,0.0
202008,0.0,2.0,0.0,0.0,2.0,2.0,0.0
202015,2.0,2.0,0.0,0.0,2.0,2.0,0.0
202070,2.0,0.0,0.0,0.0,2.0,2.0,0.0
202188,2.0,0.0,0.0,0.0,1.0,2.0,0.0
202212,2.0,0.0,0.0,0.0,2.0,2.0,0.0
202381,2.0,2.0,0.0,0.0,2.0,2.0,0.0
202508,2.0,2.0,0.0,0.0,2.0,0.0,0.0
202515,0.0,2.0,0.0,0.0,2.0,0.0,0.0
202712,0.0,2.0,0.0,0.0,0.0,0.0,0.0
202735,0.0,2.0,0.0,0.0,0.0,1.0,0.0
202849,0.0,2.0,0.0,0.0,0.0,2.0,0.0
202881,0.0,0.0,0.0,0.0,0.0,2.0,0.0
203017,0.0,0.0,1.0,0.0,0.0,2.0,0.0
203349,0.0,0.0,1.0,0.0,0.0,0.0,0.0
203352,0.0,0.0,1.0,0.0,0.0,1.0,0.0
203356,0.0,0.0,1.0,0.0,0.0,2.0,0.0
203359,2.0,0.0,1.0,0.0,0.0,2.0,0.0
203856,2.0,0.0,1.0,0.0,0.0,0.0,0.0
203859,0.0,0.0,1.0,0.0,0.0,0.0,0.0
204300,0.0,0.0,2.0,0.0,0.0,0.0,0.0
204303,0.0,0.0,2.0,0.0,0.0,1.0,0.0
204307,0.0,0.0,2.0,0.0,0.0,2.0,0.0
204800,0.0,0.0,0.0,0.0,0.0,2.0,0.0
204807,0.0,0.0,0.0,0.0,0.0,0.0,0.0
205265,0.0,0.0,0.0,0.0,0.0,1.0,0.0
205557,0.0,0.0,0.0,0.0,0.0,2.0,0.0
206057,0.0,0.0,0.0,0.0,0.0,0.0,0.0
206074,0.0,0.0,0.0,0.0,0.0,1.0,0.0
206574,0.0,0.0,0.0,0.0,0.0,0.0,0.0
207462,0.0,0.0,0.0,0.0,0.0,1.0,0.0
207962,0.0,0.0,0.0,0.0,0.0,0.0,0.0
208145,0.0,0.0,0.0,0.0,0.0,1.0,0.0
208175,0.0,0.0,0.0,0.0,0.0,2.0,0.0
208383,0.0,0.0,0.0,0.0,1.0,2.0,0.0
208675,0.0,0.0,0.0,0.0,1.0,0.0,0.0
208883,0.0,0.0,0.0,0.0,0.0,0.0,0.0
209406,0.0,0.0,0.0,0.0,0.0,1.0,0.0
209906,0.0,0.0,0.0,0.0,0.0,0.0,0.0
210074,0.0,0.0,0.0,0.0,0.0,1.0,0.0
210574,0.0,0.0,0.0,0.0,0.0,0.0,0.0
211246,0.0,0.0,0.0,0.0,0.0,1.0,0.0
211746,0.0,0.0,0.0,0.0,0.0,0.0,0.0
211928,0.0,0.0,0.0,0.0,0.0,1.0,0.0
212316,0.0,0.0,0.0,0.0,0.0,2.0,0.0
212816,0.0,0.0,0.0,0.0,0.0,0.0,0.0
213020,0.0,0.0,0.0,0.0,0.0,1.0,0.0
213520,0.0,0.0,0.0,0.0,0.0,0.0,0.0
214002,0.0,0.0,0.0,0.0,0.0,1.0,0.0
214123,0.0,0.0,0.0,0.0,0.0,2.0,0.0
214623,0.0,0.0,0.0,0.0,0.0,0.0,0.0
214947,0.0,0.0,0.0,0.0,0.0,1.0,0.0
215436,0.0,0.0,0.0,0.0,0.0,2.0,0.0
215936,0.0,0.0,0.0,0.0,0.0,0.0,0.0
216154,0.0,0.0,0.0,0.0,0.0,1.0,0.0
216654,0.0,0.0,0.0,0.0,0.0,0.0,0.0
217154,0.0,0.0,0.0,0.0,0.0,1.0,0.0
217160,0.0,0.0,0.0,0.0,0.0,2.0,0.0
217660,0.0,0.0,0.0,0.0,0.0,0.0,0.0
218540,0.0,0.0,0.0,0.0,0.0,1.0,0.0
219040,0.0,0.0,0.0,0.0,0.0,0.0,0.0
219296,0.0,0.0,0.0,0.0,0.0,1.0,0.0
219796,0.0,0.0,0.0,0.0,0.0,0.0,0.0
219863,0.0,0.0,0.0,0.0,0.0,1.0,0.0
220363,0.0,0.0,0.0,0.0,0.0,0.0,0.0
220432,0.0,0.0,0.0,0.0,0.0,1.0,0.0
220435,0.0,0.0,0.0,0.0,0.0,2.0,0.0
220690,0.0,0.0,1.0,0.0,0.0,2.0,0.0
220935,0.0,0.0,1.0,0.0,0.0,0.0,0.0
220958,0.0,2.0,1.0,0.0,0.0,0.0,0.0
220959,0.0,2.0,1.0,0.0,0.0,1.0,0.0
220962,0.0,2.0,1.0,0.0,0.0,2.0,0.0
221458,0.0,0.0,1.0,0.0,0.0,2.0,0.0
221462,0.0,0.0,1.0,0.0,0.0,0.0,0.0
221613,0.0,0.0,1.0,0.0,0.0,1.0,0.0
222113,0.0,0.0,1.0,0.0,0.0,0.0,0.0
222690,0.0,0.0,0.0,0.0,0.0,0.0,0.0
222729,0.0,0.0,0.0,0.0,0.0,1.0,0.0
222742,0.0,0.0,1.0,0.0,0.0,1.0,0.0
223229,0.0,0.0,1.0,0.0,0.0,0.0,0.0
223242,0.0,0.0,0.0,0.0,0.0,0.0,0.0
223433,0.0,0.0,0.0,0.0,0.0,1.0,0.0
223906,0.0,0.0,0.0,0.0,0.0,2.0,0.0
224406,0.0,0.0,0.0,0.0,0.0,0.0,0.0
224928,0.0,0.0,1.0,0.0,0.0,0.0,0.0
225154,0.0,0.0,1.0,0.0,0.0,1.0,0.0
225428,0.0,0.0,0.0,0.0,0.0,1.0,0.0
225654,0.0,0.0,0.0,0.0,0.0,0.0,0.0
225717,0.0,0.0,0.0,0.0,0.0,1.0,0.0
226217,0.0,0.0,0.0,0.0,0.0,0.0,0.0
226421,0.0,0.0,0.0,0.0,0.0,1.0,0.0
226921,0.0,0.0,0.0,0.0,0.0,0.0,0.0
227234,0.0,0.0,0.0,0.0,0.0,1.0,0.0
227422,0.0,0.0,0.0,0.0,0.0,2.0,0.0
227922,0.0,0.0,0.0,0.0,0.0,0.0,0.0
228594,0.0,0.0,0.0,0.0,0.0,1.0,0.0
228610,0.0,0.0,0.0,0.0,0.0,2.0,0.0
229110,0.0,0.0,0.0,0.0,0.0,0.0,0.0
230731,0.0,0.0,0.0,0.0,0.0,1.0,0.0
231231,0.0,0.0,0.0,0.0,0.0,0.0,0.0
231636,0.0,0.0,0.0,0.0,0.0,1.0,0.0
231650,0.0,0.0,0.0,0.0,0.0,2.0,0.0
232150,0.0,0.0,0.0,0.0,0.0,0.0,0.0
232293,0.0,0.0,0.0,0.0,0.0,1.0,0.0
232388,0.0,0.0,0.0,0.0,0.0,2.0,0.0
232888,0.0,0.0,0.0,0.0,0.0,0.0,0.0
233283,0.0,0.0,0.0,0.0,0.0,1.0,0.0
233287,0.0,0.0,0.0,0.0,0.0,2.0,0.0
233787,0.0,0.0,0.0,0.0,0.0,0.0,0.0
233972,0.0,2.0,0.0,0.0,0.0,0.0,0.0
234348,0.0,2.0,0.0,0.0,0.0,1.0,0.0
234352,0.0,2.0,0.0,0.0,0.0,2.0,0.0
234472,0.0,0.0,0.0,0.0,0.0,2.0,0.0
234852,0.0,0.0,0.0,0.0,0.0,0.0,0.0
235560,0.0,0.0,0.0,0.0,0.0,1.0,0.0
235564,0.0,0.0,0.0,0.0,0.0,2.0,0.0
236064,0.0,0.0,0.0,0.0,0.0,0.0,0.0
236663,0.0,0.0,0.0,0.0,0.0,1.0,0.0
237163,0.0,0.0,0.0,0.0,0.0,0.0,0.0
238145,0.0,0.0,0.0,0.0,0.0,1.0,0.0
238645,0.0,0.0,0.0,0.0,0.0,0.0,0.0
239639,0.0,0.0,0.0,0.0,0.0,1.0,0.0
239723,0.0,0.0,0.0,0.0,0.0,2.0,0.0
240223,0.0,0.0,0.0,0.0,0.0,0.0,0.0
240666,0.0,0.0,0.0,0.0,0.0,1.0,0.0
240669,0.0,0.0,0.0,0.0,0.0,2.0,0.0
241169,0.0,0.0,0.0,0.0,0.0,0.0,0.0
241941,0.0,0.0,0.0,0.0,0.0,1.0,0.0
242441,0.0,0.0,0.0,0.0,0.0,0.0,0.0
242605,0.0,0.0,0.0,0.0,0.0,1.0,0.0
243081,0.0,0.0,0.0,0.0,0.0,2.0,0.0
243581,0.0,0.0,0.0,0.0,0.0,0.0,0.0
243866,0.0,0.0,0.0,0.0,0.0,1.0,0.0
243924,0.0,0.0,0.0,0.0,0.0,2.0,0.0
244424,0.0,0.0,0.0,0.0,0.0,0.0,0.0
244638,0.0,0.0,0.0,0.0,0.0,1.0,0.0
245138,0.0,0.0,0.0,0.0,0.0,0.0,0.0
245288,0.0,0.0,0.0,0.0,0.0,1.0,0.0
245298,0.0,0.0,0.0,0.0,0.0,2.0,0.0
245798,0.0,0.0,0.0,0.0,0.0,0.0,0.0
245986,0.0,0.0,0.0,0.0,0.0,1.0,0.0
246486,0.0,0.0,0.0,0.0,0.0,0.0,0.0
247754,0.0,0.0,0.0,0.0,0.0,1.0,0.0
247988,0.0,0.0,0.0,0.0,0.0,2.0,0.0
248488,0.0,0.0,0.0,0.0,0.0,0.0,0.0
248660,0.0,0.0,0.0,0.0,0.0,1.0,0.0
249160,0.0,0.0,0.0,0.0,0.0,0.0,0.0
249575,0.0,0.0,0.0,0.0,0.0,1.0,0.0
249578,0.0,0.0,0.0,0.0,0.0,2.0,0.0
250078,0.0,0.0,0.0,0.0,0.0,0.0,0.0
250294,0.0,0.0,0.0,0.0,0.0,1.0,0.0
250306,0.0,0.0,0.0,0.0,0.0,2.0,0.0
250806,0.0,0.0,0.0,0.0,0.0,0.0,0.0
251328,0.0,0.0,0.0,0.0,0.0,1.0,0.0
251828,0.0,0.0,0.0,0.0,0.0,0.0,0.0
252161,0.0,0.0,0.0,0.0,0.0,1.0,0.0
252509,0.0,0.0,0.0,0.0,0.0,2.0,0.0
253009,0.0,0.0,0.0,0.0,0.0,0.0,0.0
253038,0.0,0.0,0.0,0.0,0.0,1.0,0.0
253538,0.0,0.0,0.0,0.0,0.0,0.0,0.0
254031,0.0,0.0,0.0,0.0,0.0,1.0,0.0
254137,0.0,0.0,0.0,0.0,0.0,2.0,0.0
254637,0.0,0.0,0.0,0.0,0.0,0.0,0.0
255296,0.0,0.0,0.0,0.0,0.0,1.0,0.0
255299,0.0,0.0,0.0,0.0,0.0,2.0,0.0
255305,0.0,0.0,0.0,0.0,1.0,2.0,0.0
255799,0.0,0.0,0.0,0.0,1.0,0.0,0.0
255805,0.0,0.0,0.0,0.0,0.0,0.0,0.0
256264,0.0,0.0,0.0,0.0,0.0,1.0,0.0
256764,0.0,0.0,0.0,0.0,0.0,0.0,0.0
257681,0.0,0.0,0.0,0.0,0.0,1.0,0.0
257956,0.0,0.0,0.0,0.0,0.0,2.0,0.0
258456,0.0,0.0,0.0,0.0,0.0,0.0,0.0
258615,0.0,0.0,0.0,0.0,0.0,1.0,0.0
259115,0.0,0.0,0.0,0.0,0.0,0.0,0.0
259413,0.0,0.0,0.0,0.0,0.0,1.0,0.0
259913,0.0,0.0,0.0,0.0,0.0,0.0,0.0
260717,0.0,0.0,0.0,0.0,0.0,1.0,0.0
261217,0.0,0.0,0.0,0.0,0.0,0.0,0.0
261917,0.0,0.0,0.0,0.0,0.0,1.0,0.0
262380,0.0,0.0,0.0,0.0,0.0,2.0,0.0
262880,0.0,0.0,0.0,0.0,0.0,0.0,0.0
263226,0.0,0.0,0.0,0.0,0.0,1.0,0.0
263434,0.0,0.0,0.0,0.0,0.0,2.0,0.0
263934,0.0,0.0,0.0,0.0,0.0,0.0,0.0
264037,0.0,0.0,0.0,0.0,0.0,1.0,0.0
264537,0.0,0.0,0.0,0.0,0.0,0.0,0.0
264562,0.0,0.0,0.0,0.0,0.0,1.0,0.0
265062,0.0,0.0,0.0,0.0,0.0,0.0,0.0
265103,0.0,0.0,0.0,0.0,0.0,1.0,0.0
265603,0.0,0.0,0.0,0.0,0.0,0.0,0.0
266368,0.0,0.0,0.0,0.0,0.0,1.0,0.0
266764,0.0,0.0,0.0,0.0,0.0,2.0,0.0
267264,0.0,0.0,0.0,0.0,0.0,0.0,0.0
268722,0.0,0.0,0.0,0.0,0.0,1.0,0.0
269222,0.0,0.0,0.0,0.0,0.0,0.0,0.0
269278,0.0,0.0,0.0,0.0,0.0,1.0,0.0
269287,0.0,0.0,0.0,0.0,0.0,2.0,0.0
269787,0.0,0.0,0.0,0.0,0.0,0.0,0.0
269867,0.0,0.0,0.0,0.0,0.0,1.0,0.0
269873,0.0,0.0,0.0,0.0,0.0,2.0,0.0
269960,0.0,2.0,0.0,0.0,0.0,2.0,0.0
270373,0.0,2.0,0.0,0.0,0.0,0.0,0.0
270460,0.0,0.0,0.0,0.0,0.0,0.0,0.0
270596,0.0,0.0,0.0,0.0,0.0,1.0,0.0
271096,0.0,0.0,0.0,0.0,0.0,0.0,0.0
272001,0.0,0.0,0.0,0.0,0.0,1.0,0.0
272495,0.0,0.0,0.0,0.0,0.0,2.0,0.0
272995,0.0,0.0,0.0,0.0,0.0,0.0,0.0
273045,0.0,0.0,0.0,0.0,0.0,1.0,0.0
273049,0.0,0.0,0.0,0.0,0.0,2.0,0.0
273051,0.0,0.0,0.0,0.0,1.0,2.0,0.0
273100,0.0,0.0,0.0,0.0,2.0,2.0,0.0
273549,0.0,0.0,0.0,0.0,2.0,0.0,0.0
273600,0.0,0.0,0.0,0.0,0.0,0.0,0.0
273616,0.0,0.0,0.0,0.0,0.0,1.0,0.0
274116,0.0,0.0,0.0,0.0,0.0,0.0,0.0
274340,0.0,0.0,0.0,0.0,0.0,1.0,0.0
274840,0.0,0.0,0.0,0.0,0.0,0.0,0.0
275284,0.0,0.0,0.0,0.0,0.0,1.0,0.0
275601,0.0,0.0,0.0,0.0,0.0,2.0,0.0
276101,0.0,0.0,0.0,0.0,0.0,0.0,0.0
276224,0.0,0.0,0.0,0.0,0.0,1.0,0.0
276227,0.0,0.0,0.0,0.0,0.0,2.0,0.0
276727,0.0,0.0,0.0,0.0,0.0,0.0,0.0
276975,0.0,0.0,0.0,0.0,0.0,1.0,0.0
277475,0.0,0.0,0.0,0.0,0.0,0.0,0.0
277634,0.0,0.0,0.0,0.0,0.0,1.0,0.0
278134,0.0,0.0,0.0,0.0,0.0,0.0,0.0
278136,0.0,0.0,0.0,0.0,0.0,1.0,0.0
278148,0.0,0.0,0.0,0.0,0.0,2.0,0.0
278648,0.0,0.0,0.0,0.0,0.0,0.0,0.0
278689,0.0,0.0,0.0,0.0,0.0,1.0,0.0
278776,0.0,0.0,0.0,0.0,0.0,2.0,0.0
279276,0.0,0.0,0.0,0.0,0.0,0.0,0.0
279411,0.0,0.0,0.0,0.0,0.0,1.0,0.0
279418,0.0,0.0,0.0,0.0,0.0,2.0,0.0
279918,0.0,0.0,0.0,0.0,0.0,0.0,0.0
279976,0.0,0.0,0.0,0.0,0.0,1.0,0.0
280103,0.0,0.0,0.0,0.0,1.0,1.0,0.0
280476,0.0,0.0,0.0,0.0,1.0,0.0,0.0
280603,0.0,0.0,0.0,0.0,0.0,0.0,0.0
281073,0.0,0.0,0.0,0.0,0.0,1.0,0.0
281080,0.0,0.0,0.0,0.0,0.0,2.0,0.0
281580,0.0,0.0,0.0,0.0,0.0,0.0,0.0
282038,0.0,0.0,0.0,0.0,0.0,1.0,0.0
282538,0.0,0.0,0.0,0.0,0.0,0.0,0.0
282689,0.0,0.0,0.0,0.0,0.0,1.0,0.0
283189,0.0,0.0,0.0,0.0,0.0,0.0,0.0
283559,0.0,0.0,0.0,0.0,0.0,1.0,0.0
284059,0.0,0.0,0.0,0.0,0.0,0.0,0.0
284234,0.0,0.0,0.0,0.0,0.0,1.0,0.0
284734,0.0,0.0,0.0,0.0,0.0,0.0,0.0
285980,0.0,0.0,0.0,0.0,0.0,1.0,0.0
286480,0.0,0.0,0.0,0.0,0.0,0.0,0.0
286866,0.0,0.0,0.0,0.0,0.0,1.0,0.0
287182,0.0,0.0,0.0,0.0,0.0,2.0,0.0
287682,0.0,0.0,0.0,0.0,0.0,0.0,0.0
288264,0.0,0.0,0.0,0.0,1.0,1.0,0.0
288277,0.0,0.0,0.0,0.0,1.0,2.0,0.0
288764,0.0,0.0,0.0,0.0,0.0,2.0,0.0
288777,0.0,0.0,0.0,0.0,0.0,0.0,0.0
288865,0.0,0.0,0.0,0.0,0.0,1.0,0.0
289365,0.0,0.0,0.0,0.0,0.0,0.0,0.0
289582,0.0,0.0,0.0,0.0,0.0,1.0,0.0
290082,0.0,0.0,0.0,0.0,0.0,0.0,0.0
290841,0.0,0.0,0.0,0.0,0.0,1.0,0.0
290846,0.0,0.0,0.0,0.0,0.0,2.0,0.0
291346,0.0,0.0,0.0,0.0,0.0,0.0,0.0
291669,0.0,0.0,0.0,0.0,0.0,1.0,0.0
292169,0.0,0.0,0.0,0.0,0.0,0.0,0.0
292916,0.0,0.0,0.0,0.0,0.0,1.0,0.0
292939,0.0,0.0,0.0,0.0,0.0,2.0,0.0
293439,0.0,0.0,0.0,0.0,0.0,0.0,0.0
293519,0.0,0.0,0.0,0.0,0.0,1.0,0.0
294019,0.0,0.0,0.0,0.0,0.0,0.0,0.0
294737,0.0,0.0,0.0,0.0,0.0,1.0,0.0
294747,0.0,0.0,0.0,0.0,0.0,2.0,0.0
295247,0.0,0.0,0.0,0.0,0.0,0.0,0.0
295679,0.0,0.0,0.0,0.0,0.0,1.0,0.0
296153,0.0,0.0,0.0,0.0,0.0,2.0,0.0
296653,0.0,0.0,0.0,0.0,0.0,0.0,0.0
297448,0.0,2.0,0.0,0.0,0.0,0.0,0.0
297491,0.0,2.0,0.0,0.0,0.0,1.0,0.0
297585,0.0,2.0,1.0,0.0,0.0,1.0,0.0
297948,0.0,0.0,1.0,0.0,0.0,1.0,0.0
297991,0.0,0.0,1.0,0.0,0.0,0.0,0.0
298085,0.0,0.0,0.0,0.0,0.0,0.0,0.0
298392,0.0,0.0,1.0,0.0,0.0,0.0,0.0
298631,0.0,0.0,1.0,0.0,0.0,1.0,0.0
298892,0.0,0.0,0.0,0.0,0.0,1.0,0.0
298920,0.0,0.0,1.0,0.0,0.0,1.0,0.0
299131,0.0,0.0,1.0,0.0,0.0,0.0,0.0
299920,0.0,0.0,0.0,0.0,0.0,0.0,0.0
300378,0.0,0.0,0.0,0.0,0.0,1.0,0.0
300878,0.0,0.0,0.0,0.0,0.0,0.0,0.0
300885,0.0,0.0,0.0,0.0,0.0,1.0,0.0
300888,0.0,0.0,0.0,0.0,0.0,2.0,0.0
301103,0.0,0.0,1.0,0.0,0.0,2.0,0.0
301388,0.0,0.0,1.0,0.0,0.0,0.0,0.0
302103,0.0,0.0,0.0,0.0,0.0,0.0,0.0
302553,0.0,0.0,0.0,0.0,0.0,1.0,0.0
303053,0.0,0.0,0.0,0.0,0.0,0.0,0.0
304318,0.0,0.0,0.0,0.0,1.0,0.0,0.0
304818,0.0,0.0,0.0,0.0,0.0,0.0,0.0
304993,0.0,0.0,0.0,0.0,1.0,0.0,0.0
305211,0.0,0.0,0.0,0.0,1.0,1.0,0.0
305493,0.0,0.0,0.0,0.0,0.0,1.0,0.0
305589,0.0,0.0,0.0,0.0,0.0,2.0,0.0
306089,0.0,0.0,0.0,0.0,0.0,0.0,0.0
306901,0.0,0.0,0.0,0.0,0.0,1.0,0.0
307401,0.0,0.0,0.0,0.0,0.0,0.0,0.0
308650,0.0,0.0,0.0,0.0,0.0,1.0,0.0
309150,0.0,0.0,0.0,0.0,0.0,0.0,0.0
309782,0.0,0.0,0.0,0.0,1.0,1.0,0.0
310282,0.0,0.0,0.0,0.0,0.0,0.0,0.0
310668,0.0,0.0,0.0,0.0,0.0,1.0,0.0
311168,0.0,0.0,0.0,0.0,0.0,0.0,0.0
313173,0.0,0.0,0.0,0.0,0.0,1.0,0.0
313673,0.0,0.0,0.0,0.0,0.0,0.0,0.0
314977,0.0,0.0,0.0,0.0,0.0,1.0,0.0
315477,0.0,0.0,0.0,0.0,0.0,0.0,0.0
317509,0.0,0.0,0.0,0.0,0.0,1.0,0.0
317570,0.0,0.0,0.0,0.0,0.0,2.0,0.0
318070,0.0,0.0,0.0,0.0,0.0,0.0,0.0
324784,0.0,0.0,0.0,0.0,0.0,1.0,0.0
325284,0.0,0.0,0.0,0.0,0.0,0.0,0.0
325879,0.0,0.0,0.0,0.0,0.0,1.0,0.0
326379,0.0,0.0,0.0,0.0,0.0,0.0,0.0
327161,0.0,0.0,0.0,0.0,0.0,1.0,0.0
327163,0.0,0.0,0.0,0.0,0.0,2.0,0.0
327663,0.0,0.0,0.0,0.0,0.0,0.0,0.0
329973,0.0,0.0,0.0,0.0,0.0,1.0,0.0
330473,0.0,0.0,0.0,0.0,0.0,0.0,0.0
333304,0.0,0.0,0.0,0.0,0.0,1.0,0.0
333804,0.0,0.0,0.0,0.0,0.0,0.0,0.0
334333,0.0,0.0,0.0,0.0,0.0,1.0,0.0
334833,0.0,0.0,0.0,0.0,0.0,0.0,0.0
336888,0.0,0.0,0.0,0.0,0.0,1.0,0.0
337388,0.0,0.0,0.0,0.0,0.0,0.0,0.0
338448,0.0,0.0,0.0,0.0,0.0,1.0,0.0
338948,0.0,0.0,0.0,0.0,0.0,0.0,0.0
338963,0.0,0.0,0.0,0.0,0.0,1.0,0.0
339463,0.0,0.0,0.0,0.0,0.0,0.0,0.0
341318,0.0,0.0,0.0,0.0,0.0,1.0,0.0
341818,0.0,0.0,0.0,0.0,0.0,0.0,0.0
342541,0.0,0.0,0.0,0.0,0.0,1.0,0.0
343041,0.0,0.0,0.0,0.0,0.0,0.0,0.0
343378,0.0,0.0,0.0,0.0,0.0,1.0,0.0
343878,0.0,0.0,0.0,0.0,0.0,0.0,0.0
344227,0.0,0.0,0.0,0.0,0.0,1.0,0.0
344727,0.0,0.0,0.0,0.0,0.0,0.0,0.0
346301,0.0,0.0,0.0,0.0,0.0,1.0,0.0
346801,0.0,0.0,0.0,0.0,0.0,0.0,0.0
346817,0.0,0.0,0.0,0.0,0.0,1.0,0.0
346825,0.0,0.0,0.0,0.0,0.0,2.0,0.0
347325,0.0,0.0,0.0,0.0,0.0,0.0,0.0
350027,0.0,0.0,0.0,0.0,0.0,1.0,0.0
350527,0.0,0.0,0.0,0.0,0.0,0.0,0.0
351160,0.0,0.0,0.0,0.0,0.0,1.0,0.0
351660,0.0,0.0,0.0,0.0,0.0,0.0,0.0
351860,0.0,0.0,0.0,0.0,0.0,1.0,0.0
352360,0.0,0.0,0.0,0.0,0.0,0.0,0.0
353089,0.0,0.0,0.0,0.0,0.0,1.0,0.0
353589,0.0,0.0,0.0,0.0,0.0,0.0,0.0
354549,0.0,0.0,0.0,0.0,0.0,1.0,0.0
355049,0.0,0.0,0.0,0.0,0.0,0.0,0.0
356242,0.0,0.0,0.0,0.0,0.0,1.0,0.0
356742,0.0,0.0,0.0,0.0,0.0,0.0,0.0
356795,0.0,0.0,0.0,0.0,0.0,1.0,0.0
357295,0.0,0.0,0.0,0.0,0.0,0.0,0.0
359239,0.0,0.0,0.0,0.0,0.0,1.0,0.0
359739,0.0,0.0,0.0,0.0,0.0,0.0,0.0
360464,0.0,0.0,0.0,0.0,0.0,1.0,0.0
360964,0.0,0.0,0.0,0.0,0.0,0.0,0.0
361079,0.0,0.0,0.0,0.0,0.0,1.0,0.0
361579,0.0,0.0,0.0,0.0,0.0,0.0,0.0
362642,0.0,0.0,0.0,0.0,0.0,1.0,0.0
363142,0.0,0.0,0.0,0.0,0.0,0.0,0.0
365283,0.0,0.0,0.0,0.0,0.0,1.0,0.0
365783,0.0,0.0,0.0,0.0,0.0,0.0,0.0
367056,0.0,0.0,0.0,0.0,0.0,1.0,0.0
367556,0.0,0.0,0.0,0.0,0.0,0.0,0.0
368678,0.0,0.0,0.0,0.0,0.0,1.0,0.0
369178,0.0,0.0,0.0,0.0,0.0,0.0,0.0
369709,0.0,0.0,0.0,0.0,0.0,1.0,0.0
370209,0.0,0.0,0.0,0.0,0.0,0.0,0.0
371463,0.0,0.0,0.0,0.0,0.0,1.0,0.0
371963,0.0,0.0,0.0,0.0,0.0,0.0,0.0
374338,0.0,0.0,0.0,0.0,0.0,1.0,0.0
374838,0.0,0.0,0.0,0.0,0.0,0.0,0.0
374853,0.0,0.0,0.0,0.0,0.0,1.0,0.0
375353,0.0,0.0,0.0,0.0,0.0,0.0,0.0
377376,0.0,0.0,0.0,0.0,0.0,1.0,0.0
377876,0.0,0.0,0.0,0.0,0.0,0.0,0.0
380065,0.0,0.0,0.0,0.0,0.0,1.0,0.0
380565,0.0,0.0,0.0,0.0,0.0,0.0,0.0
381002,0.0,0.0,0.0,0.0,0.0,1.0,0.0
381502,0.0,0.0,0.0,0.0,0.0,0.0,0.0
381759,0.0,0.0,0.0,0.0,0.0,1.0,0.0
382259,0.0,0.0,0.0,0.0,0.0,0.0,0.0
382729,0.0,0.0,0.0,0.0,0.0,1.0,0.0
382733,0.0,0.0,0.0,0.0,0.0,2.0,0.0
383233,0.0,0.0,0.0,0.0,0.0,0.0,0.0
384981,0.0,0.0,0.0,0.0,0.0,1.0,0.0
385481,0.0,0.0,0.0,0.0,0.0,0.0,0.0
388952,0.0,0.0,0.0,0.0,0.0,1.0,0.0
389452,0.0,0.0,0.0,0.0,0.0,0.0,0.0
389856,0.0,0.0,0.0,0.0,0.0,1.0,0.0
390356,0.0,0.0,0.0,0.0,0.0,0.0,0.0
391008,0.0,0.0,0.0,0.0,0.0,1.0,0.0
391508,0.0,0.0,0.0,0.0,0.0,0.0,0.0
392359,0.0,0.0,0.0,0.0,0.0,1.0,0.0
392361,0.0,0.0,0.0,0.0,0.0,2.0,0.0
392861,0.0,0.0,0.0,0.0,0.0,0.0,0.0
395569,0.0,0.0,0.0,0.0,0.0,1.0,0.0
396069,0.0,0.0,0.0,0.0,0.0,0.0,0.0
397706,0.0,0.0,0.0,0.0,0.0,1.0,0.0
398206,0.0,0.0,0.0,0.0,0.0,0.0,0.0
399224,0.0,0.0,0.0,0.0,0.0,1.0,0.0
399724,0.0,0.0,0.0,0.0,0.0,0.0,0.0
401446,0.0,0.0,0.0,0.0,0.0,1.0,0.0
401946,0.0,0.0,0.0,0.0,0.0,0.0,0.0
403000,0.0,0.0,0.0,0.0,0.0,0.0,1.0
403316,0.0,0.0,0.0,0.0,0.0,1.0,1.0
403494,0.0,0.0,0.0,0.0,0.0,2.0,1.0
403500,0.0,0.0,0.0,0.0,0.0,2.0,0.0
403679,2.0,0.0,0.0,0.0,0.0,2.0,0.0
403749,2.0,2.0,0.0,0.0,0.0,2.0,0.0
403994,2.0,2.0,0.0,0.0,0.0,0.0,0.0
404048,2.0,2.0,0.0,0.0,0.0,1.0,0.0
404133,2.0,2.0,0.0,0.0,0.0,2.0,0.0
404142,2.0,2.0,0.0,0.0,1.0,2.0,0.0
404179,0.0,2.0,0.0,0.0,1.0,2.0,0.0
404249,0.0,0.0,0.0,0.0,1.0,2.0,0.0
404256,0.0,0.0,0.0,0.0,2.0,2.0,0.0
404383,2.0,0.0,0.0,0.0,2.0,2.0,0.0
404633,2.0,0.0,0.0,0.0,2.0,0.0,0.0
404641,2.0,0.0,0.0,0.0,2.0,1.0,0.0
404756,2.0,0.0,0.0,0.0,0.0,1.0,0.0
404883,0.0,0.0,0.0,0.0,0.0,1.0,0.0
405055,2.0,0.0,0.0,0.0,0.0,1.0,0.0
405119,2.0,0.0,1.0,0.0,0.0,1.0,0.0
405141,2.0,0.0,1.0,0.0,0.0,0.0,0.0
405164,2.0,2.0,1.0,0.0,0.0,0.0,0.0
405169,2.0,2.0,1.0,0.0,0.0,1.0,0.0
405517,2.0,2.0,1.0,0.0,0.0,2.0,0.0
405555,0.0,2.0,1.0,0.0,0.0,2.0,0.0
405664,0.0,0.0,1.0,0.0,0.0,2.0,0.0
406017,0.0,0.0,1.0,0.0,0.0,0.0,0.0
406648,0.0,0.0,2.0,0.0,0.0,0.0,0.0
407148,0.0,0.0,1.0,0.0,0.0,0.0,0.0
407295,0.0,0.0,1.0,0.0,0.0,1.0,0.0
407795,0.0,0.0,1.0,0.0,0.0,0.0,0.0
407834,0.0,0.0,1.0,0.0,0.0,1.0,0.0
407868,0.0,0.0,1.0,0.0,0.0,2.0,0.0
408137,0.0,0.0,1.0,0.0,1.0,2.0,0.0
408368,0.0,0.0,1.0,0.0,1.0,0.0,0.0
408637,0.0,0.0,1.0,0.0,0.0,0.0,0.0
409084,0.0,0.0,1.0,0.0,0.0,1.0,0.0
409088,0.0,0.0,1.0,0.0,0.0,2.0,0.0
409588,0.0,0.0,1.0,0.0,0.0,0.0,0.0
410679,0.0,0.0,1.0,0.0,0.0,1.0,0.0
411104,0.0,0.0,1.0,0.0,0.0,2.0,0.0
411108,0.0,2.0,1.0,0.0,0.0,2.0,0.0
411604,0.0,2.0,1.0,0.0,0.0,0.0,0.0
411608,0.0,0.0,1.0,0.0,0.0,0.0,0.0
411756,0.0,0.0,1.0,0.0,0.0,1.0,0.0
411760,0.0,0.0,1.0,0.0,0.0,2.0,0.0
412260,0.0,0.0,1.0,0.0,0.0,0.0,0.0
412957,0.0,0.0,1.0,0.0,0.0,1.0,0.0
413457,0.0,0.0,1.0,0.0,0.0,0.0,0.0
414149,0.0,0.0,1.0,0.0,0.0,1.0,0.0
414201,0.0,0.0,1.0,0.0,0.0,2.0,0.0
414701,0.0,0.0,1.0,0.0,0.0,0.0,0.0
414710,0.0,0.0,1.0,0.0,0.0,1.0,0.0
415098,0.0,0.0,1.0,0.0,0.0,2.0,0.0
415598,0.0,0.0,1.0,0.0,0.0,0.0,0.0
415879,0.0,0.0,1.0,0.0,0.0,1.0,0.0
415900,0.0,0.0,1.0,0.0,0.0,2.0,0.0
416400,0.0,0.0,1.0,0.0,0.0,0.0,0.0
417932,0.0,0.0,1.0,0.0,0.0,1.0,0.0
418343,0.0,0.0,1.0,0.0,0.0,2.0,0.0
418843,0.0,0.0,1.0,0.0,0.0,0.0,0.0
418942,0.0,0.0,1.0,0.0,0.0,1.0,0.0
419442,0.0,0.0,1.0,0.0,0.0,0.0,0.0
419929,0.0,0.0,1.0,0.0,0.0,1.0,0.0
420429,0.0,0.0,1.0,0.0,0.0,0.0,0.0
420916,0.0,0.0,1.0,0.0,0.0,1.0,0.0
421176,0.0,0.0,1.0,0.0,0.0,2.0,0.0
421676,0.0,0.0,1.0,0.0,0.0,0.0,0.0
421769,0.0,0.0,1.0,0.0,1.0,0.0,0.0
422146,0.0,2.0,1.0,0.0,1.0,0.0,0.0
422269,0.0,2.0,1.0,0.0,0.0,0.0,0.0
422646,0.0,0.0,1.0,0.0,0.0,0.0,0.0
423492,0.0,0.0,1.0,0.0,0.0,1.0,0.0
423766,0.0,0.0,1.0,0.0,0.0,2.0,0.0
424266,0.0,0.0,1.0,0.0,0.0,0.0,0.0
424272,0.0,0.0,1.0,0.0,0.0,1.0,0.0
424772,0.0,0.0,1.0,0.0,0.0,0.0,0.0
425297,0.0,0.0,1.0,0.0,0.0,1.0,0.0
425303,0.0,0.0,1.0,0.0,0.0,2.0,0.0
425803,0.0,0.0,1.0,0.0,0.0,0.0,0.0
426101,0.0,0.0,1.0,0.0,0.0,1.0,0.0
426601,0.0,0.0,1.0,0.0,0.0,0.0,0.0
426906,0.0,0.0,1.0,0.0,0.0,1.0,0.0
427406,0.0,0.0,1.0,0.0,0.0,0.0,0.0
428274,0.0,0.0,1.0,0.0,0.0,1.0,0.0
428774,0.0,0.0,1.0,0.0,0.0,0.0,0.0
429442,0.0,0.0,1.0,0.0,0.0,1.0,0.0
429760,0.0,0.0,1.0,0.0,0.0,2.0,0.0
430260,0.0,0.0,1.0,0.0,0.0,0.0,0.0
430439,0.0,0.0,1.0,0.0,0.0,1.0,0.0
430767,0.0,0.0,1.0,0.0,0.0,2.0,0.0
430769,0.0,0.0,1.0,0.0,1.0,2.0,0.0
431267,0.0,0.0,1.0,0.0,1.0,0.0,0.0
431269,0.0,0.0,1.0,0.0,0.0,0.0,0.0
431462,0.0,0.0,1.0,0.0,0.0,1.0,0.0
431465,0.0,0.0,1.0,0.0,0.0,2.0,0.0
431965,0.0,0.0,1.0,0.0,0.0,0.0,0.0
432515,0.0,0.0,1.0,0.0,0.0,1.0,0.0
433015,0.0,0.0,1.0,0.0,0.0,0.0,0.0
433045,0.0,0.0,1.0,0.0,0.0,1.0,0.0
433251,0.0,0.0,1.0,0.0,0.0,2.0,0.0
433751,0.0,0.0,1.0,0.0,0.0,0.0,0.0
434047,0.0,0.0,1.0,0.0,0.0,1.0,0.0
434547,0.0,0.0,1.0,0.0,0.0,0.0,0.0
434558,0.0,0.0,1.0,0.0,0.0,1.0,0.0
434929,0.0,0.0,1.0,0.0,0.0,2.0,0.0
435199,0.0,0.0,1.0,0.0,1.0,2.0,0.0
435346,0.0,0.0,1.0,0.0,2.0,2.0,0.0
435364,0.0,2.0,1.0,0.0,2.0,2.0,0.0
435429,0.0,2.0,1.0,0.0,2.0,0.0,0.0
435846,0.0,2.0,1.0,0.0,0.0,0.0,0.0
435864,0.0,0.0,1.0,0.0,0.0,0.0,0.0
436113,0.0,0.0,1.0,0.0,0.0,1.0,0.0
436119,0.0,0.0,1.0,0.0,0.0,2.0,0.0
436321,0.0,2.0,1.0,0.0,0.0,2.0,0.0
436619,0.0,2.0,1.0,0.0,0.0,0.0,0.0
436821,0.0,0.0,1.0,0.0,0.0,0.0,0.0
437041,0.0,0.0,1.0,0.0,0.0,1.0,0.0
437541,0.0,0.0,1.0,0.0,0.0,0.0,0.0
437698,0.0,0.0,1.0,0.0,0.0,1.0,0.0
438198,0.0,0.0,1.0,0.0,0.0,0.0,0.0
438481,0.0,0.0,1.0,0.0,0.0,1.0,0.0
438981,0.0,0.0,1.0,0.0,0.0,0.0,0.0
440937,0.0,0.0,1.0,0.0,0.0,1.0,0.0
441384,0.0,0.0,1.0,0.0,0.0,2.0,0.0
441884,0.0,0.0,1.0,0.0,0.0,0.0,0.0
442064,0.0,0.0,1.0,0.0,0.0,1.0,0.0
442564,0.0,0.0,1.0,0.0,0.0,0.0,0.0
443288,0.0,0.0,1.0,0.0,0.0,1.0,0.0
443788,0.0,0.0,1.0,0.0,0.0,0.0,0.0
443998,0.0,0.0,1.0,0.0,0.0,1.0,0.0
444344,0.0,0.0,1.0,0.0,0.0,2.0,0.0
444844,0.0,0.0,1.0,0.0,0.0,0.0,0.0
445044,0.0,0.0,1.0,0.0,0.0,1.0,0.0
445544,0.0,0.0,1.0,0.0,0.0,0.0,0.0
445550,0.0,0.0,1.0,0.0,0.0,1.0,0.0
446050,0.0,0.0,1.0,0.0,0.0,0.0,0.0
446056,0.0,2.0,1.0,0.0,0.0,0.0,0.0
446280,0.0,2.0,1.0,0.0,0.0,1.0,0.0
446556,0.0,0.0,1.0,0.0,0.0,1.0,0.0
446780,0.0,0.0,1.0,0.0,0.0,0.0,0.0
447408,0.0,0.0,1.0,0.0,0.0,1.0,0.0
447420,0.0,0.0,1.0,0.0,0.0,2.0,0.0
447920,0.0,0.0,1.0,0.0,0.0,0.0,0.0
448407,0.0,0.0,1.0,0.0,0.0,1.0,0.0
448429,0.0,0.0,1.0,0.0,0.0,2.0,0.0
448929,0.0,0.0,1.0,0.0,0.0,0.0,0.0
449910,0.0,0.0,1.0,0.0,0.0,1.0,0.0
450410,0.0,0.0,1.0,0.0,0.0,0.0,0.0
450617,0.0,0.0,1.0,0.0,0.0,1.0,0.0
450863,0.0,0.0,1.0,0.0,0.0,2.0,0.0
451363,0.0,0.0,1.0,0.0,0.0,0.0,0.0
451817,0.0,0.0,1.0,0.0,0.0,1.0,0.0
452317,0.0,0.0,1.0,0.0,0.0,0.0,0.0
452694,0.0,0.0,1.0,0.0,0.0,1.0,0.0
453194,0.0,0.0,1.0,0.0,0.0,0.0,0.0
453220,0.0,0.0,1.0,0.0,1.0,0.0,0.0
453720,0.0,0.0,1.0,0.0,0.0,0.0,0.0
454169,0.0,0.0,1.0,0.0,0.0,1.0,0.0
454669,0.0,0.0,1.0,0.0,0.0,0.0,0.0
454844,0.0,0.0,1.0,0.0,0.0,1.0,0.0
455344,0.0,0.0,1.0,0.0,0.0,0.0,0.0
455676,0.0,0.0,1.0,0.0,0.0,1.0,0.0
455951,0.0,0.0,1.0,0.0,0.0,2.0,0.0
456451,0.0,0.0,1.0,0.0,0.0,0.0,0.0
456763,0.0,0.0,1.0,0.0,1.0,1.0,0.0
457263,0.0,0.0,1.0,0.0,0.0,0.0,0.0
457739,0.0,0.0,1.0,0.0,0.0,1.0,0.0
457757,0.0,0.0,1.0,0.0,0.0,2.0,0.0
458257,0.0,0.0,1.0,0.0,0.0,0.0,0.0
459303,0.0,0.0,1.0,0.0,0.0,1.0,0.0
459350,0.0,0.0,1.0,0.0,0.0,2.0,0.0
459850,0.0,0.0,1.0,0.0,0.0,0.0,0.0
460213,0.0,0.0,1.0,0.0,0.0,1.0,0.0
460713,0.0,0.0,1.0,0.0,0.0,0.0,0.0
461761,0.0,0.0,1.0,0.0,0.0,1.0,0.0
462157,0.0,0.0,1.0,0.0,0.0,2.0,0.0
462657,0.0,0.0,1.0,0.0,0.0,0.0,0.0
463609,0.0,0.0,1.0,0.0,0.0,1.0,0.0
464109,0.0,0.0,1.0,0.0,0.0,0.0,0.0
465239,0.0,0.0,1.0,0.0,0.0,1.0,0.0
465690,0.0,0.0,1.0,0.0,0.0,2.0,0.0
466190,0.0,0.0,1.0,0.0,0.0,0.0,0.0
466776,0.0,0.0,1.0,0.0,0.0,1.0,0.0
466779,0.0,0.0,1.0,0.0,0.0,2.0,0.0
466790,0.0,2.0,1.0,0.0,0.0,2.0,0.0
467279,0.0,2.0,1.0,0.0,0.0,0.0,0.0
467290,0.0,0.0,1.0,0.0,0.0,0.0,0.0
467668,0.0,0.0,1.0,0.0,0.0,1.0,0.0
468168,0.0,0.0,1.0,0.0,0.0,0.0,0.0
468423,0.0,0.0,1.0,0.0,0.0,1.0,0.0
468923,0.0,0.0,1.0,0.0,0.0,0.0,0.0
469039,0.0,0.0,1.0,0.0,0.0,1.0,0.0
469539,0.0,0.0,1.0,0.0,0.0,0.0,0.0
469661,0.0,0.0,1.0,0.0,0.0,1.0,0.0
469665,0.0,0.0,1.0,0.0,0.0,2.0,0.0
470165,0.0,0.0,1.0,0.0,0.0,0.0,0.0
471774,0.0,0.0,1.0,0.0,0.0,1.0,0.0
472274,0.0,0.0,1.0,0.0,0.0,0.0,0.0
472463,0.0,0.0,1.0,0.0,0.0,1.0,0.0
472963,0.0,0.0,1.0,0.0,0.0,0.0,0.0
473518,0.0,0.0,1.0,0.0,0.0,1.0,0.0
474018,0.0,0.0,1.0,0.0,0.0,0.0,0.0
474344,0.0,0.0,1.0,0.0,0.0,1.0,0.0
474350,0.0,0.0,1.0,0.0,0.0,2.0,0.0
474850,0.0,0.0,1.0,0.0,0.0,0.0,0.0
474942,0.0,0.0,1.0,0.0,0.0,1.0,0.0
475442,0.0,0.0,1.0,0.0,0.0,0.0,0.0
475636,0.0,0.0,1.0,0.0,0.0,1.0,0.0
475841,0.0,0.0,1.0,0.0,0.0,2.0,0.0
476341,0.0,0.0,1.0,0.0,0.0,0.0,0.0
477589,0.0,0.0,1.0,0.0,0.0,1.0,0.0
477878,0.0,0.0,1.0,0.0,0.0,2.0,0.0
478378,0.0,0.0,1.0,0.0,0.0,0.0,0.0
478476,0.0,0.0,1.0,0.0,0.0,1.0,0.0
478483,0.0,0.0,1.0,0.0,0.0,2.0,0.0
478983,0.0,0.0,1.0,0.0,0.0,0.0,0.0
479140,0.0,0.0,1.0,0.0,0.0,1.0,0.0
479149,0.0,0.0,1.0,0.0,0.0,2.0,0.0
479649,0.0,0.0,1.0,0.0,0.0,0.0,0.0
480992,0.0,0.0,1.0,0.0,0.0,1.0,0.0
481454,0.0,0.0,1.0,0.0,0.0,2.0,0.0
481954,0.0,0.0,1.0,0.0,0.0,0.0,0.0
482007,0.0,0.0,1.0,0.0,0.0,1.0,0.0
482507,0.0,0.0,1.0,0.0,0.0,0.0,0.0
483335,0.0,0.0,1.0,0.0,0.0,1.0,0.0
483604,0.0,0.0,1.0,0.0,0.0,2.0,0.0
483605,0.0,0.0,1.0,0.0,1.0,2.0,0.0
484104,0.0,0.0,1.0,0.0,1.0,0.0,0.0
484105,0.0,0.0,1.0,0.0,0.0,0.0,0.0
484232,0.0,0.0,1.0,0.0,0.0,1.0,0.0
484238,0.0,0.0,1.0,0.0,0.0,2.0,0.0
484738,0.0,0.0,1.0,0.0,0.0,0.0,0.0
485451,0.0,0.0,1.0,0.0,0.0,1.0,0.0
485951,0.0,0.0,1.0,0.0,0.0,0.0,0.0
486032,0.0,0.0,1.0,0.0,0.0,1.0,0.0
486082,0.0,0.0,1.0,0.0,1.0,1.0,0.0
486532,0.0,0.0,1.0,0.0,1.0,0.0,0.0
486582,0.0,0.0,1.0,0.0,0.0,0.0,0.0
486778,0.0,0.0,1.0,0.0,0.0,1.0,0.0
487278,0.0,0.0,1.0,0.0,0.0,0.0,0.0
487771,0.0,0.0,1.0,0.0,0.0,1.0,0.0
487773,0.0,0.0,1.0,0.0,0.0,2.0,0.0
488273,0.0,0.0,1.0,0.0,0.0,0.0,0.0
488327,0.0,0.0,1.0,0.0,0.0,1.0,0.0
488618,0.0,0.0,1.0,0.0,0.0,2.0,0.0
489118,0.0,0.0,1.0,0.0,0.0,0.0,0.0
489258,0.0,0.0,1.0,0.0,0.0,1.0,0.0
489758,0.0,0.0,1.0,0.0,0.0,0.0,0.0
490057,0.0,0.0,1.0,0.0,0.0,1.0,0.0
490557,0.0,0.0,1.0,0.0,0.0,0.0,0.0
490717,0.0,0.0,1.0,0.0,0.0,1.0,0.0
491217,0.0,0.0,1.0,0.0,0.0,0.0,0.0
491393,0.0,0.0,1.0,0.0,0.0,1.0,0.0
491893,0.0,0.0,1.0,0.0,0.0,0.0,0.0
492006,0.0,0.0,1.0,0.0,0.0,1.0,0.0
492132,0.0,0.0,1.0,0.0,0.0,2.0,0.0
492290,0.0,0.0,1.0,0.0,1.0,2.0,0.0
492632,0.0,0.0,1.0,0.0,1.0,0.0,0.0
492790,0.0,0.0,1.0,0.0,0.0,0.0,0.0
494397,0.0,0.0,1.0,0.0,0.0,1.0,0.0
494700,0.0,2.0,1.0,0.0,0.0,1.0,0.0
494897,0.0,2.0,1.0,0.0,0.0,0.0,0.0
495200,0.0,0.0,1.0,0.0,0.0,0.0,0.0
495422,0.0,0.0,1.0,0.0,0.0,1.0,0.0
495922,0.0,0.0,1.0,0.0,0.0,0.0,0.0
496545,0.0,0.0,1.0,0.0,0.0,1.0,0.0
496552,0.0,0.0,1.0,0.0,0.0,2.0,0.0
497052,0.0,0.0,1.0,0.0,0.0,0.0,0.0
497152,0.0,0.0,1.0,0.0,0.0,1.0,0.0
497188,0.0,0.0,1.0,0.0,0.0,2.0,0.0
497688,0.0,0.0,1.0,0.0,0.0,0.0,0.0
497804,0.0,0.0,1.0,0.0,0.0,1.0,0.0
498304,0.0,0.0,1.0,0.0,0.0,0.0,0.0
498362,0.0,0.0,1.0,0.0,0.0,1.0,0.0
498374,0.0,0.0,1.0,0.0,0.0,2.0,0.0
498874,0.0,0.0,1.0,0.0,0.0,0.0,0.0
498940,0.0,0.0,1.0,0.0,0.0,1.0,0.0
499418,0.0,0.0,1.0,0.0,0.0,2.0,0.0
499918,0.0,0.0,1.0,0.0,0.0,0.0,0.0
500751,0.0,0.0,1.0,0.0,0.0,1.0,0.0
501251,0.0,0.0,1.0,0.0,0.0,0.0,0.0
501252,0.0,0.0,1.0,0.0,0.0,1.0,0.0
501258,0.0,0.0,1.0,0.0,0.0,2.0,0.0
501758,0.0,0.0,1.0,0.0,0.0,0.0,0.0
501966,0.0,0.0,1.0,0.0,1.0,0.0,0.0
502466,0.0,0.0,1.0,0.0,0.0,0.0,0.0
502602,0.0,0.0,1.0,0.0,0.0,1.0,0.0
502638,0.0,0.0,1.0,0.0,0.0,2.0,0.0
503138,0.0,0.0,1.0,0.0,0.0,0.0,0.0
504077,0.0,0.0,1.0,0.0,0.0,1.0,0.0
504577,0.0,0.0,1.0,0.0,0.0,0.0,0.0
509901,0.0,0.0,1.0,0.0,1.0,0.0,0.0
510401,0.0,0.0,1.0,0.0,0.0,0.0,0.0
511648,0.0,0.0,0.0,0.0,0.0,0.0,0.0
511828,0.0,0.0,0.0,0.0,0.0,1.0,0.0
512328,0.0,0.0,0.0,0.0,0.0,0.0,0.0
516820,0.0,0.0,0.0,0.0,0.0,1.0,0.0
517320,0.0,0.0,0.0,0.0,0.0,0.0,0.0
518555,0.0,0.0,0.0,0.0,0.0,1.0,0.0
519055,0.0,0.0,0.0,0.0,0.0,0.0,0.0
520228,0.0,0.0,0.0,0.0,0.0,1.0,0.0
520728,0.0,0.0,0.0,0.0,0.0,0.0,0.0
521292,0.0,0.0,0.0,0.0,0.0,1.0,0.0
521792,0.0,0.0,0.0,0.0,0.0,0.0,0.0
522249,0.0,0.0,0.0,0.0,0.0,1.0,0.0
522749,0.0,0.0,0.0,0.0,0.0,0.0,0.0
523477,0.0,0.0,0.0,0.0,0.0,1.0,0.0
523977,0.0,0.0,0.0,0.0,0.0,0.0,0.0
525333,0.0,0.0,0.0,0.0,1.0,0.0,0.0
525334,0.0,0.0,0.0,0.0,2.0,1.0,0.0
525834,0.0,0.0,0.0,0.0,0.0,0.0,0.0
528200,0.0,0.0,0.0,0.0,0.0,1.0,0.0
528700,0.0,0.0,0.0,0.0,0.0,0.0,0.0
530791,0.0,0.0,0.0,0.0,0.0,1.0,0.0
531291,0.0,0.0,0.0,0.0,0.0,0.0,0.0
532477,0.0,0.0,0.0,0.0,0.0,1.0,0.0
532977,0.0,0.0,0.0,0.0,0.0,0.0,0.0
534889,0.0,0.0,0.0,0.0,1.0,0.0,0.0
535389,0.0,0.0,0.0,0.0,0.0,0.0,0.0
536231,0.0,0.0,0.0,0.0,0.0,1.0,0.0
536235,0.0,0.0,0.0,0.0,0.0,2.0,0.0
536735,0.0,0.0,0.0,0.0,0.0,0.0,0.0
538430,0.0,0.0,0.0,0.0,0.0,1.0,0.0
538930,0.0,0.0,0.0,0.0,0.0,0.0,0.0
539280,0.0,0.0,0.0,0.0,1.0,0.0,0.0
539780,0.0,0.0,0.0,0.0,0.0,0.0,0.0
540124,0.0,0.0,0.0,0.0,0.0,1.0,0.0
540624,0.0,0.0,0.0,0.0,0.0,0.0,0.0
541236,0.0,0.0,0.0,0.0,0.0,1.0,0.0
541238,0.0,0.0,0.0,0.0,0.0,2.0,0.0
541738,0.0,0.0,0.0,0.0,0.0,0.0,0.0
548614,0.0,0.0,0.0,0.0,0.0,1.0,0.0
549114,0.0,0.0,0.0,0.0,0.0,0.0,0.0
550023,0.0,0.0,0.0,0.0,0.0,1.0,0.0
550523,0.0,0.0,0.0,0.0,0.0,0.0,0.0
551095,0.0,0.0,0.0,0.0,0.0,1.0,0.0
551595,0.0,0.0,0.0,0.0,0.0,0.0,0.0
552275,0.0,0.0,0.0,0.0,0.0,1.0,0.0
552775,0.0,0.0,0.0,0.0,0.0,0.0,0.0
553256,0.0,0.0,0.0,0.0,0.0,1.0,0.0
553756,0.0,0.0,0.0,0.0,0.0,0.0,0.0
556668,0.0,0.0,0.0,0.0,0.0,1.0,0.0
557168,0.0,0.0,0.0,0.0,0.0,0.0,0.0
560039,0.0,0.0,0.0,0.0,0.0,1.0,0.0
560539,0.0,0.0,0.0,0.0,0.0,0.0,0.0
561257,0.0,0.0,0.0,0.0,0.0,1.0,0.0
561262,0.0,0.0,0.0,0.0,0.0,2.0,0.0
561762,0.0,0.0,0.0,0.0,0.0,0.0,0.0
561982,0.0,0.0,0.0,0.0,0.0,1.0,0.0
562482,0.0,0.0,0.0,0.0,0.0,0.0,0.0
571597,0.0,0.0,0.0,0.0,0.0,1.0,0.0
572097,0.0,0.0,0.0,0.0,0.0,0.0,0.0
572176,0.0,0.0,0.0,0.0,0.0,1.0,0.0
572676,0.0,0.0,0.0,0.0,0.0,0.0,0.0
573369,0.0,0.0,0.0,0.0,0.0,1.0,0.0
573742,0.0,0.0,0.0,0.0,0.0,2.0,0.0
574242,0.0,0.0,0.0,0.0,0.0,0.0,0.0
577873,0.0,0.0,0.0,0.0,0.0,1.0,0.0
578373,0.0,0.0,0.0,0.0,0.0,0.0,0.0
579040,0.0,0.0,0.0,0.0,0.0,1.0,0.0
579540,0.0,0.0,0.0,0.0,0.0,0.0,0.0
580812,0.0,0.0,0.0,0.0,0.0,1.0,0.0
581312,0.0,0.0,0.0,0.0,0.0,0.0,0.0
581398,0.0,0.0,0.0,0.0,0.0,1.0,0.0
581898,0.0,0.0,0.0,0.0,0.0,0.0,0.0
583047,0.0,0.0,0.0,0.0,0.0,1.0,0.0
583547,0.0,0.0,0.0,0.0,0.0,0.0,0.0
583975,0.0,0.0,0.0,0.0,0.0,1.0,0.0
584475,0.0,0.0,0.0,0.0,0.0,0.0,0.0
588317,0.0,0.0,0.0,0.0,0.0,1.0,0.0
588817,0.0,0.0,0.0,0.0,0.0,0.0,0.0
589282,0.0,0.0,0.0,0.0,0.0,1.0,0.0
589609,0.0,0.0,0.0,0.0,0.0,2.0,0.0
590109,0.0,0.0,0.0,0.0,0.0,0.0,0.0
591321,0.0,0.0,0.0,0.0,0.0,1.0,0.0
591821,0.0,0.0,0.0,0.0,0.0,0.0,0.0
592595,0.0,0.0,0.0,0.0,0.0,1.0,0.0
593095,0.0,0.0,0.0,0.0,0.0,0.0,0.0
593470,0.0,0.0,0.0,0.0,0.0,1.0,0.0
593970,0.0,0.0,0.0,0.0,0.0,0.0,0.0
596839,0.0,0.0,0.0,0.0,0.0,1.0,0.0
597339,0.0,0.0,0.0,0.0,0.0,0.0,0.0
597600,0.0,0.0,0.0,0.0,0.0,1.0,0.0
598100,0.0,0.0,0.0,0.0,0.0,0.0,0.0
598613,0.0,0.0,0.0,0.0,0.0,1.0,0.0
599113,0.0,0.0,0.0,0.0,0.0,0.0,0.0
599732,0.0,0.0,0.0,0.0,0.0,1.0,0.0
600232,0.0,0.0,0.0,0.0,0.0,0.0,0.0
601853,0.0,0.0,0.0,0.0,0.0,1.0,0.0
601855,0.0,0.0,0.0,0.0,0.0,2.0,0.0
602355,0.0,0.0,0.0,0.0,0.0,0.0,0.0
602755,0.0,0.0,0.0,0.0,0.0,1.0,0.0
603255,0.0,0.0,0.0,0.0,0.0,0.0,0.0
604187,0.0,0.0,0.0,0.0,0.0,1.0,0.0
604687,0.0,0.0,0.0,0.0,0.0,0.0,0.0
605000,0.0,0.0,0.0,0.0,0.0,0.0,1.0
605398,0.0,0.0,0.0,0.0,0.0,1.0,1.0
605479,0.0,0.0,0.0,0.0,0.0,2.0,1.0
605500,0.0,0.0,0.0,0.0,0.0,2.0,0.0
605567,2.0,0.0,0.0,0.0,0.0,2.0,0.0
605684,2.0,2.0,0.0,0.0,0.0,2.0,0.0
605979,2.0,2.0,0.0,0.0,0.0,0.0,0.0
606038,2.0,2.0,0.0,0.0,0.0,1.0,0.0
606053,2.0,2.0,0.0,0.0,0.0,2.0,0.0
606067,0.0,2.0,0.0,0.0,0.0,2.0,0.0
606184,0.0,0.0,0.0,0.0,0.0,2.0,0.0
606359,0.0,0.0,0.0,0.0,1.0,2.0,0.0
606527,2.0,0.0,0.0,0.0,1.0,2.0,0.0
606551,2.0,0.0,0.0,0.0,2.0,2.0,0.0
606553,2.0,0.0,0.0,0.0,2.0,0.0,0.0
606824,2.0,0.0,0.0,0.0,2.0,1.0,0.0
606828,2.0,0.0,0.0,0.0,2.0,2.0,0.0
607027,0.0,0.0,0.0,0.0,2.0,2.0,0.0
607051,0.0,0.0,0.0,0.0,0.0,2.0,0.0
607301,0.0,0.0,1.0,0.0,0.0,2.0,0.0
607328,0.0,0.0,1.0,0.0,0.0,0.0,0.0
607442,0.0,0.0,1.0,0.0,0.0,1.0,0.0
607722,0.0,0.0,1.0,0.0,0.0,2.0,0.0
608222,0.0,0.0,1.0,0.0,0.0,0.0,0.0
609007,0.0,0.0,2.0,0.0,0.0,0.0,0.0
609507,0.0,0.0,0.0,0.0,0.0,0.0,0.0
609578,0.0,0.0,0.0,0.0,0.0,1.0,0.0
609907,0.0,0.0,1.0,0.0,0.0,1.0,0.0
610078,0.0,0.0,1.0,0.0,0.0,0.0,0.0
610356,0.0,2.0,1.0,0.0,0.0,0.0,0.0
610783,0.0,2.0,1.0,0.0,1.0,0.0,0.0
610794,0.0,2.0,1.0,0.0,1.0,1.0,0.0
610851,0.0,2.0,2.0,0.0,1.0,1.0,0.0
610856,0.0,0.0,2.0,0.0,1.0,1.0,0.0
610945,0.0,0.0,2.0,0.0,2.0,1.0,0.0
611103,2.0,0.0,2.0,0.0,2.0,1.0,0.0
611294,2.0,0.0,2.0,0.0,2.0,0.0,0.0
611351,2.0,0.0,0.0,0.0,2.0,0.0,0.0
611445,2.0,0.0,0.0,0.0,0.0,0.0,0.0
611603,0.0,0.0,0.0,0.0,0.0,0.0,0.0
611653,0.0,0.0,0.0,0.0,0.0,1.0,0.0
612153,0.0,0.0,0.0,0.0,0.0,0.0,0.0
612259,0.0,0.0,0.0,0.0,0.0,1.0,0.0
612261,0.0,0.0,0.0,0.0,1.0,1.0,0.0
612759,0.0,0.0,0.0,0.0,1.0,0.0,0.0
612761,0.0,0.0,0.0,0.0,0.0,0.0,0.0
613420,0.0,0.0,0.0,0.0,0.0,1.0,0.0
613423,0.0,0.0,0.0,0.0,0.0,2.0,0.0
613923,0.0,0.0,0.0,0.0,0.0,0.0,0.0
614479,0.0,0.0,0.0,0.0,0.0,1.0,0.0
614979,0.0,0.0,0.0,0.0,0.0,0.0,0.0
615044,0.0,0.0,0.0,0.0,0.0,1.0,0.0
615053,0.0,0.0,0.0,0.0,0.0,2.0,0.0
615058,0.0,0.0,0.0,0.0,1.0,2.0,0.0
615103,0.0,0.0,1.0,0.0,1.0,2.0,0.0
615553,0.0,0.0,1.0,0.0,1.0,0.0,0.0
615558,0.0,0.0,1.0,0.0,0.0,0.0,0.0
615565,0.0,0.0,1.0,0.0,0.0,1.0,0.0
615593,0.0,0.0,1.0,0.0,1.0,1.0,0.0
616065,0.0,0.0,1.0,0.0,1.0,0.0,0.0
616093,0.0,0.0,1.0,0.0,0.0,0.0,0.0
616290,0.0,0.0,1.0,0.0,0.0,1.0,0.0
616790,0.0,0.0,1.0,0.0,0.0,0.0,0.0
617103,0.0,0.0,0.0,0.0,0.0,0.0,0.0
617494,0.0,0.0,0.0,0.0,0.0,1.0,0.0
617577,0.0,0.0,0.0,0.0,0.0,2.0,0.0
618077,0.0,0.0,0.0,0.0,0.0,0.0,0.0
618515,0.0,0.0,0.0,0.0,0.0,1.0,0.0
618614,0.0,0.0,0.0,0.0,0.0,2.0,0.0
619114,0.0,0.0,0.0,0.0,0.0,0.0,0.0
619116,0.0,0.0,0.0,0.0,0.0,1.0,0.0
619404,0.0,0.0,0.0,0.0,0.0,2.0,0.0
619904,0.0,0.0,0.0,0.0,0.0,0.0,0.0
620971,0.0,0.0,0.0,0.0,0.0,1.0,0.0
621471,0.0,0.0,0.0,0.0,0.0,0.0,0.0
621484,0.0,0.0,0.0,0.0,0.0,1.0,0.0
621557,0.0,0.0,0.0,0.0,0.0,2.0,0.0
622057,0.0,0.0,0.0,0.0,0.0,0.0,0.0
622182,0.0,0.0,0.0,0.0,0.0,1.0,0.0
622326,0.0,0.0,0.0,0.0,0.0,2.0,0.0
622826,0.0,0.0,0.0,0.0,0.0,0.0,0.0
623054,0.0,0.0,0.0,0.0,0.0,1.0,0.0
623057,0.0,0.0,0.0,0.0,0.0,2.0,0.0
623557,0.0,0.0,0.0,0.0,0.0,0.0,0.0
623979,0.0,0.0,0.0,0.0,0.0,1.0,0.0
624479,0.0,0.0,0.0,0.0,0.0,0.0,0.0
624608,0.0,0.0,0.0,0.0,0.0,1.0,0.0
625108,0.0,0.0,0.0,0.0,0.0,0.0,0.0
625118,0.0,0.0,0.0,0.0,0.0,1.0,0.0
625123,0.0,0.0,0.0,0.0,0.0,2.0,0.0
625623,0.0,0.0,0.0,0.0,0.0,0.0,0.0
626027,0.0,0.0,0.0,0.0,0.0,1.0,0.0
626030,0.0,0.0,0.0,0.0,0.0,2.0,0.0
626414,0.0,0.0,1.0,0.0,0.0,2.0,0.0
626530,0.0,0.0,1.0,0.0,0.0,0.0,0.0
626598,0.0,0.0,1.0,0.0,0.0,1.0,0.0
626604,0.0,0.0,1.0,0.0,0.0,2.0,0.0
626914,0.0,0.0,0.0,0.0,0.0,2.0,0.0
627104,0.0,0.0,0.0,0.0,0.0,0.0,0.0
628175,0.0,0.0,0.0,0.0,0.0,1.0,0.0
628675,0.0,0.0,0.0,0.0,0.0,0.0,0.0
628913,0.0,0.0,0.0,0.0,0.0,1.0,0.0
629393,0.0,0.0,1.0,0.0,0.0,1.0,0.0
629413,0.0,0.0,1.0,0.0,0.0,0.0,0.0
629425,0.0,0.0,1.0,0.0,0.0,1.0,0.0
629893,0.0,2.0,1.0,0.0,0.0,1.0,0.0
629925,0.0,2.0,1.0,0.0,0.0,0.0,0.0
630393,0.0,0.0,1.0,0.0,0.0,0.0,0.0
630407,0.0,0.0,1.0,0.0,0.0,1.0,0.0
630907,0.0,0.0,1.0,0.0,0.0,0.0,0.0
631401,0.0,0.0,1.0,0.0,0.0,1.0,0.0
631575,0.0,0.0,1.0,0.0,0.0,2.0,0.0
632075,0.0,0.0,1.0,0.0,0.0,0.0,0.0
632331,0.0,0.0,1.0,0.0,0.0,1.0,0.0
632831,0.0,0.0,1.0,0.0,0.0,0.0,0.0
633393,0.0,0.0,0.0,0.0,0.0,0.0,0.0
633400,0.0,0.0,0.0,0.0,0.0,1.0,0.0
633403,0.0,0.0,0.0,0.0,0.0,2.0,0.0
633535,0.0,0.0,1.0,0.0,0.0,2.0,0.0
633903,0.0,0.0,1.0,0.0,0.0,0.0,0.0
633904,0.0,0.0,1.0,0.0,0.0,1.0,0.0
633907,0.0,0.0,1.0,0.0,0.0,2.0,0.0
634035,0.0,0.0,0.0,0.0,0.0,2.0,0.0
634407,0.0,0.0,0.0,0.0,0.0,0.0,0.0
634475,0.0,0.0,0.0,0.0,0.0,1.0,0.0
634993,0.0,0.0,0.0,0.0,0.0,2.0,0.0
635493,0.0,0.0,0.0,0.0,0.0,0.0,0.0
635776,0.0,0.0,0.0,0.0,0.0,1.0,0.0
636062,0.0,0.0,0.0,0.0,0.0,2.0,0.0
636562,0.0,0.0,0.0,0.0,0.0,0.0,0.0
636970,0.0,0.0,0.0,0.0,0.0,1.0,0.0
637418,0.0,2.0,0.0,0.0,0.0,1.0,0.0
637470,0.0,2.0,0.0,0.0,0.0,0.0,0.0
637551,0.0,2.0,0.0,0.0,0.0,1.0,0.0
637555,0.0,2.0,0.0,0.0,0.0,2.0,0.0
637918,0.0,0.0,0.0,0.0,0.0,2.0,0.0
638055,0.0,0.0,0.0,0.0,0.0,0.0,0.0
638132,0.0,0.0,0.0,0.0,0.0,1.0,0.0
638133,0.0,0.0,1.0,0.0,0.0,1.0,0.0
638632,0.0,0.0,1.0,0.0,0.0,0.0,0.0
638633,0.0,0.0,0.0,0.0,0.0,0.0,0.0
638797,0.0,0.0,0.0,0.0,0.0,1.0,0.0
639297,0.0,0.0,0.0,0.0,0.0,0.0,0.0
639451,0.0,0.0,0.0,0.0,0.0,1.0,0.0
639751,0.0,0.0,0.0,0.0,0.0,2.0,0.0
640251,0.0,0.0,0.0,0.0,0.0,0.0,0.0
640326,0.0,0.0,0.0,0.0,0.0,1.0,0.0
640329,0.0,0.0,0.0,0.0,0.0,2.0,0.0
640645,0.0,0.0,1.0,0.0,0.0,2.0,0.0
640829,0.0,0.0,1.0,0.0,0.0,0.0,0.0
641224,0.0,0.0,1.0,0.0,0.0,1.0,0.0
641724,0.0,0.0,1.0,0.0,0.0,0.0,0.0
643417,0.0,0.0,1.0,0.0,0.0,1.0,0.0
643457,0.0,0.0,1.0,0.0,0.0,2.0,0.0
643957,0.0,0.0,1.0,0.0,0.0,0.0,0.0
644013,0.0,0.0,1.0,0.0,0.0,1.0,0.0
644513,0.0,0.0,1.0,0.0,0.0,0.0,0.0
645681,0.0,0.0,1.0,0.0,0.0,1.0,0.0
645690,0.0,0.0,1.0,0.0,0.0,2.0,0.0
646190,0.0,0.0,1.0,0.0,0.0,0.0,0.0
647623,0.0,0.0,1.0,0.0,0.0,1.0,0.0
647629,0.0,0.0,1.0,0.0,0.0,2.0,0.0
648129,0.0,0.0,1.0,0.0,0.0,0.0,0.0
648137,0.0,0.0,1.0,0.0,0.0,1.0,0.0
648637,0.0,0.0,1.0,0.0,0.0,0.0,0.0
648839,0.0,0.0,1.0,0.0,0.0,1.0,0.0
649339,0.0,0.0,1.0,0.0,0.0,0.0,0.0
649353,0.0,0.0,1.0,0.0,0.0,1.0,0.0
649357,0.0,0.0,1.0,0.0,0.0,2.0,0.0
649857,0.0,0.0,1.0,0.0,0.0,0.0,0.0
650419,0.0,0.0,1.0,0.0,0.0,1.0,0.0
650428,0.0,0.0,1.0,0.0,0.0,2.0,0.0
650928,0.0,0.0,1.0,0.0,0.0,0.0,0.0
651873,0.0,0.0,1.0,0.0,0.0,1.0,0.0
651879,0.0,0.0,1.0,0.0,0.0,2.0,0.0
652379,0.0,0.0,1.0,0.0,0.0,0.0,0.0
653064,0.0,0.0,1.0,0.0,0.0,1.0,0.0
653071,0.0,0.0,1.0,0.0,0.0,2.0,0.0
653571,0.0,0.0,1.0,0.0,0.0,0.0,0.0
653691,0.0,0.0,1.0,0.0,0.0,1.0,0.0
653980,0.0,0.0,1.0,0.0,0.0,2.0,0.0
654480,0.0,0.0,1.0,0.0,0.0,0.0,0.0
654538,0.0,0.0,1.0,0.0,0.0,1.0,0.0
654677,0.0,0.0,1.0,0.0,0.0,2.0,0.0
655177,0.0,0.0,1.0,0.0,0.0,0.0,0.0
655224,0.0,0.0,1.0,0.0,0.0,1.0,0.0
655724,0.0,0.0,1.0,0.0,0.0,0.0,0.0
656195,0.0,0.0,1.0,0.0,0.0,1.0,0.0
656198,0.0,0.0,1.0,0.0,0.0,2.0,0.0
656698,0.0,0.0,1.0,0.0,0.0,0.0,0.0
657056,0.0,0.0,1.0,0.0,0.0,1.0,0.0
657556,0.0,0.0,1.0,0.0,0.0,0.0,0.0
659298,0.0,0.0,1.0,0.0,0.0,1.0,0.0
659798,0.0,0.0,1.0,0.0,0.0,0.0,0.0
659855,0.0,0.0,1.0,0.0,0.0,1.0,0.0
660355,0.0,0.0,1.0,0.0,0.0,0.0,0.0
660475,0.0,0.0,1.0,0.0,0.0,1.0,0.0
660975,0.0,0.0,1.0,0.0,0.0,0.0,0.0
661064,0.0,0.0,1.0,0.0,0.0,1.0,0.0
661067,0.0,0.0,1.0,0.0,0.0,2.0,0.0
661567,0.0,0.0,1.0,0.0,0.0,0.0,0.0
662157,0.0,0.0,1.0,0.0,0.0,1.0,0.0
662657,0.0,0.0,1.0,0.0,0.0,0.0,0.0
662833,0.0,0.0,1.0,0.0,0.0,1.0,0.0
663333,0.0,0.0,1.0,0.0,0.0,0.0,0.0
663896,0.0,0.0,1.0,0.0,0.0,1.0,0.0
663926,0.0,0.0,1.0,0.0,0.0,2.0,0.0
664426,0.0,0.0,1.0,0.0,0.0,0.0,0.0
664482,0.0,0.0,1.0,0.0,0.0,1.0,0.0
664488,0.0,0.0,1.0,0.0,0.0,2.0,0.0
664988,0.0,0.0,1.0,0.0,0.0,0.0,0.0
665124,0.0,0.0,1.0,0.0,0.0,1.0,0.0
665130,0.0,0.0,1.0,0.0,0.0,2.0,0.0
665630,0.0,0.0,1.0,0.0,0.0,0.0,0.0
666645,0.0,0.0,0.0,0.0,0.0,0.0,0.0
666746,0.0,0.0,0.0,0.0,0.0,1.0,0.0
666751,0.0,0.0,1.0,0.0,0.0,1.0,0.0
666808,0.0,0.0,1.0,0.0,0.0,2.0,0.0
667308,0.0,0.0,1.0,0.0,0.0,0.0,0.0
668251,0.0,0.0,0.0,0.0,0.0,0.0,0.0
668613,0.0,0.0,1.0,0.0,0.0,0.0,0.0
668702,0.0,0.0,1.0,0.0,0.0,1.0,0.0
668776,0.0,0.0,1.0,0.0,0.0,2.0,0.0
669276,0.0,0.0,1.0,0.0,0.0,0.0,0.0
670113,0.0,0.0,0.0,0.0,0.0,0.0,0.0
670243,0.0,0.0,1.0,0.0,0.0,0.0,0.0
670358,0.0,0.0,1.0,0.0,0.0,1.0,0.0
670743,0.0,0.0,0.0,0.0,0.0,1.0,0.0
670858,0.0,0.0,0.0,0.0,0.0,0.0,0.0
671148,0.0,0.0,0.0,0.0,0.0,1.0,0.0
671303,0.0,0.0,1.0,0.0,0.0,1.0,0.0
671648,0.0,0.0,1.0,0.0,0.0,0.0,0.0
672303,0.0,0.0,0.0,0.0,0.0,0.0,0.0
672675,0.0,0.0,0.0,0.0,0.0,1.0,0.0
672678,0.0,0.0,0.0,0.0,0.0,2.0,0.0
673178,0.0,0.0,0.0,0.0,0.0,0.0,0.0
673438,0.0,0.0,0.0,0.0,0.0,1.0,0.0
673938,0.0,0.0,0.0,0.0,0.0,0.0,0.0
673963,0.0,0.0,0.0,0.0,0.0,1.0,0.0
674463,0.0,0.0,0.0,0.0,0.0,0.0,0.0
674504,0.0,0.0,1.0,0.0,0.0,0.0,0.0
676004,0.0,0.0,0.0,0.0,0.0,0.0,0.0
676115,0.0,0.0,0.0,0.0,0.0,1.0,0.0
676615,0.0,0.0,0.0,0.0,0.0,0.0,0.0
676787,0.0,0.0,0.0,0.0,0.0,1.0,0.0
676850,0.0,0.0,0.0,0.0,0.0,2.0,0.0
677350,0.0,0.0,0.0,0.0,0.0,0.0,0.0
677494,0.0,0.0,0.0,0.0,0.0,1.0,0.0
677497,0.0,0.0,0.0,0.0,0.0,2.0,0.0
677997,0.0,0.0,0.0,0.0,0.0,0.0,0.0
679132,0.0,0.0,0.0,0.0,0.0,1.0,0.0
679246,0.0,0.0,1.0,0.0,0.0,1.0,0.0
679632,0.0,0.0,1.0,0.0,0.0,0.0,0.0
679738,0.0,0.0,1.0,0.0,0.0,1.0,0.0
680238,0.0,0.0,1.0,0.0,0.0,0.0,0.0
680246,0.0,0.0,0.0,0.0,0.0,0.0,0.0
680353,0.0,0.0,1.0,0.0,0.0,0.0,0.0
680803,0.0,0.0,1.0,0.0,0.0,1.0,0.0
680853,0.0,0.0,0.0,0.0,0.0,1.0,0.0
680967,0.0,0.0,1.0,0.0,0.0,1.0,0.0
681303,0.0,0.0,1.0,0.0,0.0,0.0,0.0
682292,0.0,0.0,1.0,0.0,0.0,1.0,0.0
682495,0.0,0.0,1.0,0.0,0.0,2.0,0.0
682995,0.0,0.0,1.0,0.0,0.0,0.0,0.0
683546,0.0,0.0,1.0,0.0,0.0,1.0,0.0
684046,0.0,0.0,1.0,0.0,0.0,0.0,0.0
684180,0.0,0.0,1.0,0.0,0.0,1.0,0.0
684183,0.0,0.0,1.0,0.0,0.0,2.0,0.0
684683,0.0,0.0,1.0,0.0,0.0,0.0,0.0
684725,0.0,0.0,1.0,0.0,0.0,1.0,0.0
685225,0.0,0.0,1.0,0.0,0.0,0.0,0.0
685569,0.0,0.0,1.0,0.0,0.0,1.0,0.0
686069,0.0,0.0,1.0,0.0,0.0,0.0,0.0
686884,0.0,0.0,1.0,0.0,0.0,1.0,0.0
686887,0.0,0.0,1.0,0.0,0.0,2.0,0.0
687387,0.0,0.0,1.0,0.0,0.0,0.0,0.0
687849,0.0,0.0,1.0,0.0,0.0,1.0,0.0
688349,0.0,0.0,1.0,0.0,0.0,0.0,0.0
688401,0.0,0.0,1.0,0.0,0.0,1.0,0.0
688407,0.0,0.0,1.0,0.0,0.0,2.0,0.0
688907,0.0,0.0,1.0,0.0,0.0,0.0,0.0
689275,0.0,0.0,1.0,0.0,0.0,1.0,0.0
689775,0.0,0.0,1.0,0.0,0.0,0.0,0.0
690057,0.0,0.0,1.0,0.0,0.0,1.0,0.0
690557,0.0,0.0,1.0,0.0,0.0,0.0,0.0
690843,0.0,0.0,1.0,0.0,0.0,1.0,0.0
690967,0.0,0.0,0.0,0.0,0.0,1.0,0.0
691056,0.0,0.0,1.0,0.0,0.0,1.0,0.0
691096,0.0,0.0,1.0,0.0,0.0,2.0,0.0
691596,0.0,0.0,1.0,0.0,0.0,0.0,0.0
692415,0.0,0.0,1.0,0.0,0.0,1.0,0.0
692488,0.0,0.0,1.0,0.0,0.0,2.0,0.0
692556,0.0,0.0,0.0,0.0,0.0,2.0,0.0
692988,0.0,0.0,0.0,0.0,0.0,0.0,0.0
692991,0.0,0.0,1.0,0.0,0.0,0.0,0.0
693212,0.0,0.0,1.0,0.0,0.0,1.0,0.0
693276,0.0,0.0,1.0,0.0,0.0,2.0,0.0
693776,0.0,0.0,1.0,0.0,0.0,0.0,0.0
693809,0.0,0.0,1.0,0.0,0.0,1.0,0.0
694262,0.0,0.0,1.0,0.0,0.0,2.0,0.0
694762,0.0,0.0,1.0,0.0,0.0,0.0,0.0
694895,0.0,0.0,1.0,0.0,0.0,1.0,0.0
695395,0.0,0.0,1.0,0.0,0.0,0.0,0.0
695734,0.0,0.0,1.0,0.0,0.0,1.0,0.0
696224,0.0,0.0,1.0,0.0,0.0,2.0,0.0
696724,0.0,0.0,1.0,0.0,0.0,0.0,0.0
696994,0.0,0.0,1.0,0.0,0.0,1.0,0.0
697494,0.0,0.0,1.0,0.0,0.0,0.0,0.0
697991,0.0,0.0,0.0,0.0,0.0,0.0,0.0
698126,0.0,0.0,0.0,0.0,0.0,1.0,0.0
698132,0.0,0.0,0.0,0.0,0.0,2.0,0.0
698293,0.0,0.0,1.0,0.0,0.0,2.0,0.0
698632,0.0,0.0,1.0,0.0,0.0,0.0,0.0
698661,0.0,0.0,1.0,0.0,0.0,1.0,0.0
698793,0.0,0.0,0.0,0.0,0.0,1.0,0.0
699161,0.0,0.0,0.0,0.0,0.0,0.0,0.0
699874,0.0,0.0,1.0,0.0,0.0,0.0,0.0
699879,0.0,0.0,1.0,0.0,0.0,1.0,0.0
700374,0.0,0.0,0.0,0.0,0.0,1.0,0.0
700379,0.0,0.0,0.0,0.0,0.0,0.0,0.0
700778,0.0,0.0,0.0,0.0,0.0,1.0,0.0
700784,0.0,0.0,0.0,0.0,0.0,2.0,0.0
701284,0.0,0.0,0.0,0.0,0.0,0.0,0.0
701397,0.0,0.0,0.0,0.0,0.0,1.0,0.0
701463,0.0,0.0,0.0,0.0,0.0,2.0,0.0
701963,0.0,0.0,0.0,0.0,0.0,0.0,0.0
702735,0.0,0.0,0.0,0.0,0.0,1.0,0.0
703235,0.0,0.0,0.0,0.0,0.0,0.0,0.0
703365,0.0,0.0,0.0,0.0,0.0,1.0,0.0
703372,0.0,0.0,0.0,0.0,0.0,2.0,0.0
703373,0.0,0.0,1.0,0.0,0.0,2.0,0.0
703872,0.0,0.0,1.0,0.0,0.0,0.0,0.0
703873,0.0,0.0,0.0,0.0,0.0,0.0,0.0
704533,0.0,0.0,0.0,0.0,0.0,1.0,0.0
704536,0.0,0.0,0.0,0.0,0.0,2.0,0.0
705036,0.0,0.0,0.0,0.0,0.0,0.0,0.0
705923,0.0,0.0,0.0,0.0,0.0,1.0,0.0
706048,0.0,0.0,0.0,0.0,0.0,2.0,0.0
706056,0.0,0.0,0.0,0.0,1.0,2.0,0.0
706548,0.0,0.0,0.0,0.0,1.0,0.0,0.0
706556,0.0,0.0,0.0,0.0,0.0,0.0,0.0
711316,0.0,0.0,0.0,0.0,0.0,1.0,0.0
711816,0.0,0.0,0.0,0.0,0.0,0.0,0.0
713439,0.0,0.0,0.0,0.0,0.0,1.0,0.0
713441,0.0,0.0,0.0,0.0,0.0,2.0,0.0
713941,0.0,0.0,0.0,0.0,0.0,0.0,0.0
719300,0.0,0.0,0.0,0.0,0.0,1.0,0.0
719304,0.0,0.0,0.0,0.0,0.0,2.0,0.0
719804,0.0,0.0,0.0,0.0,0.0,0.0,0.0
720490,0.0,0.0,0.0,0.0,0.0,1.0,0.0
720497,0.0,0.0,0.0,0.0,0.0,2.0,0.0
720997,0.0,0.0,0.0,0.0,0.0,0.0,0.0
721764,0.0,0.0,0.0,0.0,0.0,1.0,0.0
721766,0.0,0.0,0.0,0.0,0.0,2.0,0.0
721768,0.0,0.0,0.0,0.0,1.0,2.0,0.0
722266,0.0,0.0,0.0,0.0,1.0,0.0,0.0
722268,0.0,0.0,0.0,0.0,0.0,0.0,0.0
725317,0.0,0.0,0.0,0.0,0.0,1.0,0.0
725320,0.0,0.0,0.0,0.0,0.0,2.0,0.0
725820,0.0,0.0,0.0,0.0,0.0,0.0,0.0
727670,0.0,0.0,0.0,0.0,0.0,1.0,0.0
728170,0.0,0.0,0.0,0.0,0.0,0.0,0.0
728286,0.0,0.0,0.0,0.0,0.0,1.0,0.0
728786,0.0,0.0,0.0,0.0,0.0,0.0,0.0
730093,0.0,0.0,0.0,0.0,0.0,1.0,0.0
730593,0.0,0.0,0.0,0.0,0.0,0.0,0.0
732448,0.0,0.0,0.0,0.0,0.0,1.0,0.0
732948,0.0,0.0,0.0,0.0,0.0,0.0,0.0
734522,0.0,0.0,0.0,0.0,0.0,1.0,0.0
735022,0.0,0.0,0.0,0.0,0.0,0.0,0.0
735289,0.0,0.0,0.0,0.0,0.0,1.0,0.0
735431,0.0,0.0,0.0,0.0,1.0,1.0,0.0
735789,0.0,0.0,0.0,0.0,1.0,0.0,0.0
735894,0.0,0.0,0.0,0.0,1.0,1.0,0.0
735931,0.0,0.0,0.0,0.0,0.0,1.0,0.0
736394,0.0,0.0,0.0,0.0,0.0,0.0,0.0
739438,0.0,0.0,0.0,0.0,0.0,1.0,0.0
739920,0.0,0.0,0.0,0.0,0.0,2.0,0.0
740420,0.0,0.0,0.0,0.0,0.0,0.0,0.0
741158,0.0,0.0,0.0,0.0,0.0,1.0,0.0
741658,0.0,0.0,0.0,0.0,0.0,0.0,0.0
746730,0.0,0.0,0.0,0.0,0.0,1.0,0.0
747230,0.0,0.0,0.0,0.0,0.0,0.0,0.0
747444,0.0,0.0,0.0,0.0,0.0,1.0,0.0
747944,0.0,0.0,0.0,0.0,0.0,0.0,0.0
750846,0.0,0.0,0.0,0.0,0.0,1.0,0.0
750850,0.0,0.0,0.0,0.0,0.0,2.0,0.0
751350,0.0,0.0,0.0,0.0,0.0,0.0,0.0
752730,0.0,0.0,0.0,0.0,0.0,1.0,0.0
753230,0.0,0.0,0.0,0.0,0.0,0.0,0.0
755160,0.0,0.0,0.0,0.0,0.0,1.0,0.0
755660,0.0,0.0,0.0,0.0,0.0,0.0,0.0
756904,0.0,0.0,0.0,0.0,0.0,1.0,0.0
757404,0.0,0.0,0.0,0.0,0.0,0.0,0.0
757408,0.0,0.0,0.0,0.0,0.0,1.0,0.0
757908,0.0,0.0,0.0,0.0,0.0,0.0,0.0
758102,0.0,0.0,0.0,0.0,0.0,1.0,0.0
758602,0.0,0.0,0.0,0.0,0.0,0.0,0.0
759619,0.0,0.0,0.0,0.0,0.0,1.0,0.0
759620,0.0,0.0,0.0,0.0,0.0,2.0,0.0
760120,0.0,0.0,0.0,0.0,0.0,0.0,0.0
764159,0.0,0.0,0.0,0.0,0.0,1.0,0.0
764659,0.0,0.0,0.0,0.0,0.0,0.0,0.0
764966,0.0,0.0,0.0,0.0,0.0,1.0,0.0
765466,0.0,0.0,0.0,0.0,0.0,0.0,0.0
766595,0.0,0.0,0.0,0.0,0.0,1.0,0.0
767095,0.0,0.0,0.0,0.0,0.0,0.0,0.0
767567,0.0,0.0,0.0,0.0,0.0,1.0,0.0
768067,0.0,0.0,0.0,0.0,0.0,0.0,0.0
768209,0.0,0.0,0.0,0.0,0.0,1.0,0.0
768709,0.0,0.0,0.0,0.0,0.0,0.0,0.0
769438,0.0,0.0,0.0,0.0,0.0,1.0,0.0
769938,0.0,0.0,0.0,0.0,0.0,0.0,0.0
772044,0.0,0.0,0.0,0.0,0.0,1.0,0.0
772544,0.0,0.0,0.0,0.0,0.0,0.0,0.0
774245,0.0,0.0,0.0,0.0,0.0,1.0,0.0
774247,0.0,0.0,0.0,0.0,0.0,2.0,0.0
774747,0.0,0.0,0.0,0.0,0.0,0.0,0.0
778009,0.0,0.0,0.0,0.0,0.0,1.0,0.0
778509,0.0,0.0,0.0,0.0,0.0,0.0,0.0
780174,0.0,0.0,0.0,0.0,0.0,1.0,0.0
780674,0.0,0.0,0.0,0.0,0.0,0.0,0.0
781227,0.0,0.0,0.0,0.0,0.0,1.0,0.0
781727,0.0,0.0,0.0,0.0,0.0,0.0,0.0
782554,0.0,0.0,0.0,0.0,0.0,1.0,0.0
783054,0.0,0.0,0.0,0.0,0.0,0.0,0.0
783908,0.0,0.0,0.0,0.0,0.0,1.0,0.0
783909,0.0,0.0,0.0,0.0,0.0,2.0,0.0
784409,0.0,0.0,0.0,0.0,0.0,0.0,0.0
788891,0.0,0.0,0.0,0.0,0.0,1.0,0.0
789391,0.0,0.0,0.0,0.0,0.0,0.0,0.0
792990,0.0,0.0,0.0,0.0,0.0,1.0,0.0
793490,0.0,0.0,0.0,0.0,0.0,0.0,0.0
794810,0.0,0.0,0.0,0.0,0.0,1.0,0.0
795310,0.0,0.0,0.0,0.0,0.0,0.0,0.0
795751,0.0,0.0,0.0,0.0,0.0,1.0,0.0
796251,0.0,0.0,0.0,0.0,0.0,0.0,0.0
797314,0.0,0.0,0.0,0.0,0.0,1.0,0.0
797814,0.0,0.0,0.0,0.0,0.0,0.0,0.0
799952,0.0,0.0,0.0,0.0,0.0,1.0,0.0
800452,0.0,0.0,0.0,0.0,0.0,0.0,0.0
801813,0.0,0.0,0.0,0.0,0.0,1.0,0.0
802313,0.0,0.0,0.0,0.0,0.0,0.0,0.0
805895,0.0,0.0,0.0,0.0,0.0,1.0,0.0
805897,0.0,0.0,0.0,0.0,0.0,2.0,0.0
806397,0.0,0.0,0.0,0.0,0.0,0.0,0.0
807000,0.0,0.0,0.0,0.0,0.0,0.0,1.0
807339,0.0,0.0,0.0,0.0,0.0,1.0,1.0
807425,0.0,0.0,0.0,0.0,0.0,2.0,1.0
807500,0.0,0.0,0.0,0.0,0.0,2.0,0.0
807647,2.0,0.0,0.0,0.0,0.0,2.0,0.0
807691,2.0,0.0,0.0,0.0,1.0,2.0,0.0
807772,2.0,0.0,0.0,0.0,2.0,2.0,0.0
807925,2.0,0.0,0.0,0.0,2.0,0.0,0.0
807972,2.0,0.0,0.0,0.0,2.0,1.0,0.0
808008,2.0,0.0,0.0,0.0,2.0,2.0,0.0
808015,2.0,2.0,0.0,0.0,2.0,2.0,0.0
808147,0.0,2.0,0.0,0.0,2.0,2.0,0.0
808272,0.0,2.0,0.0,0.0,0.0,2.0,0.0
808383,2.0,2.0,0.0,0.0,0.0,2.0,0.0
808508,2.0,2.0,0.0,0.0,0.0,0.0,0.0
808515,2.0,0.0,0.0,0.0,0.0,0.0,0.0
808666,2.0,0.0,0.0,0.0,0.0,1.0,0.0
808674,2.0,0.0,0.0,0.0,0.0,2.0,0.0
808681,2.0,0.0,0.0,0.0,1.0,2.0,0.0
808883,0.0,0.0,0.0,0.0,1.0,2.0,0.0
809080,0.0,0.0,1.0,0.0,1.0,2.0,0.0
809174,0.0,0.0,1.0,0.0,1.0,0.0,0.0
809181,0.0,0.0,1.0,0.0,0.0,0.0,0.0
809595,0.0,0.0,1.0,0.0,0.0,1.0,0.0
810095,0.0,0.0,1.0,0.0,0.0,0.0,0.0
810576,0.0,0.0,1.0,0.0,0.0,1.0,0.0
810634,0.0,0.0,2.0,0.0,0.0,1.0,0.0
811076,0.0,0.0,2.0,0.0,0.0,0.0,0.0
811134,0.0,0.0,0.0,0.0,0.0,0.0,0.0
811415,0.0,0.0,0.0,0.0,0.0,1.0,0.0
811915,0.0,0.0,0.0,0.0,0.0,0.0,0.0
812337,0.0,0.0,0.0,0.0,0.0,1.0,0.0
812341,0.0,0.0,0.0,0.0,0.0,2.0,0.0
812478,0.0,0.0,1.0,0.0,0.0,2.0,0.0
812841,0.0,0.0,1.0,0.0,0.0,0.0,0.0
812978,0.0,0.0,0.0,0.0,0.0,0.0,0.0
814057,0.0,0.0,0.0,0.0,0.0,1.0,0.0
814557,0.0,0.0,0.0,0.0,0.0,0.0,0.0
814587,0.0,0.0,0.0,0.0,0.0,1.0,0.0
814590,0.0,0.0,0.0,0.0,0.0,2.0,0.0
815090,0.0,0.0,0.0,0.0,0.0,0.0,0.0
815208,0.0,0.0,0.0,0.0,0.0,1.0,0.0
815381,0.0,0.0,0.0,0.0,0.0,2.0,0.0
815881,0.0,0.0,0.0,0.0,0.0,0.0,0.0
816064,0.0,0.0,0.0,0.0,0.0,1.0,0.0
816094,0.0,0.0,0.0,0.0,0.0,2.0,0.0
816095,0.0,0.0,0.0,0.0,1.0,2.0,0.0
816113,0.0,0.0,0.0,0.0,2.0,2.0,0.0
816594,0.0,0.0,0.0,0.0,2.0,0.0,0.0
816613,0.0,0.0,0.0,0.0,0.0,0.0,0.0
817161,0.0,0.0,0.0,0.0,0.0,1.0,0.0
817168,0.0,0.0,0.0,0.0,0.0,2.0,0.0
817180,0.0,0.0,0.0,0.0,1.0,2.0,0.0
817668,0.0,0.0,0.0,0.0,1.0,0.0,0.0
817680,0.0,0.0,0.0,0.0,0.0,0.0,0.0
817893,0.0,0.0,0.0,0.0,0.0,1.0,0.0
818364,0.0,0.0,0.0,0.0,0.0,2.0,0.0
818864,0.0,0.0,0.0,0.0,0.0,0.0,0.0
819321,0.0,0.0,0.0,0.0,0.0,1.0,0.0
819514,0.0,0.0,0.0,0.0,0.0,2.0,0.0
820014,0.0,0.0,0.0,0.0,0.0,0.0,0.0
820496,0.0,0.0,0.0,0.0,0.0,1.0,0.0
820996,0.0,0.0,0.0,0.0,0.0,0.0,0.0
821053,0.0,0.0,0.0,0.0,0.0,1.0,0.0
821157,0.0,0.0,1.0,0.0,0.0,1.0,0.0
821553,0.0,0.0,1.0,0.0,0.0,0.0,0.0
821579,0.0,2.0,1.0,0.0,0.0,0.0,0.0
821940,0.0,2.0,1.0,0.0,0.0,1.0,0.0
821944,0.0,2.0,1.0,0.0,0.0,2.0,0.0
822079,0.0,0.0,1.0,0.0,0.0,2.0,0.0
822444,0.0,0.0,1.0,0.0,0.0,0.0,0.0
823157,0.0,0.0,0.0,0.0,0.0,0.0,0.0
823159,0.0,0.0,1.0,0.0,0.0,0.0,0.0
823975,0.0,0.0,1.0,0.0,0.0,1.0,0.0
824090,0.0,0.0,1.0,0.0,0.0,2.0,0.0
824507,0.0,0.0,1.0,0.0,1.0,2.0,0.0
824590,0.0,0.0,1.0,0.0,1.0,0.0,0.0
825007,0.0,0.0,1.0,0.0,0.0,0.0,0.0
825188,0.0,0.0,1.0,0.0,0.0,1.0,0.0
825228,0.0,0.0,1.0,0.0,0.0,2.0,0.0
825728,0.0,0.0,1.0,0.0,0.0,0.0,0.0
825916,0.0,0.0,1.0,0.0,0.0,1.0,0.0
826218,0.0,0.0,1.0,0.0,0.0,2.0,0.0
826718,0.0,0.0,1.0,0.0,0.0,0.0,0.0
827079,0.0,0.0,1.0,0.0,0.0,1.0,0.0
827353,0.0,0.0,1.0,0.0,0.0,2.0,0.0
827853,0.0,0.0,1.0,0.0,0.0,0.0,0.0
828557,0.0,0.0,1.0,0.0,0.0,1.0,0.0
829057,0.0,0.0,1.0,0.0,0.0,0.0,0.0
829110,0.0,0.0,1.0,0.0,0.0,1.0,0.0
829113,0.0,0.0,1.0,0.0,0.0,2.0,0.0
829613,0.0,0.0,1.0,0.0,0.0,0.0,0.0
829901,0.0,0.0,1.0,0.0,0.0,1.0,0.0
830067,0.0,0.0,1.0,0.0,0.0,2.0,0.0
830567,0.0,0.0,1.0,0.0,0.0,0.0,0.0
830631,0.0,0.0,1.0,0.0,0.0,1.0,0.0
831131,0.0,0.0,1.0,0.0,0.0,0.0,0.0
831286,0.0,0.0,1.0,0.0,0.0,1.0,0.0
831786,0.0,0.0,1.0,0.0,0.0,0.0,0.0
831969,0.0,0.0,1.0,0.0,0.0,1.0,0.0
831972,0.0,0.0,1.0,0.0,0.0,2.0,0.0
832472,0.0,0.0,1.0,0.0,0.0,0.0,0.0
833162,0.0,0.0,1.0,0.0,0.0,1.0,0.0
833662,0.0,0.0,1.0,0.0,0.0,0.0,0.0
833690,0.0,0.0,1.0,0.0,0.0,1.0,0.0
834190,0.0,0.0,1.0,0.0,0.0,0.0,0.0
835573,0.0,0.0,1.0,0.0,0.0,1.0,0.0
836073,0.0,0.0,1.0,0.0,0.0,0.0,0.0
836122,0.0,0.0,1.0,0.0,0.0,1.0,0.0
836622,0.0,0.0,1.0,0.0,0.0,0.0,0.0
837473,0.0,0.0,1.0,0.0,0.0,1.0,0.0
837757,0.0,0.0,1.0,0.0,0.0,2.0,0.0
838257,0.0,0.0,1.0,0.0,0.0,0.0,0.0
839038,0.0,0.0,1.0,0.0,0.0,1.0,0.0
839045,0.0,0.0,1.0,0.0,0.0,2.0,0.0
839545,0.0,0.0,1.0,0.0,0.0,0.0,0.0
839568,0.0,0.0,1.0,0.0,0.0,1.0,0.0
840068,0.0,0.0,1.0,0.0,0.0,0.0,0.0
841334,0.0,0.0,1.0,0.0,0.0,1.0,0.0
841389,0.0,0.0,1.0,0.0,0.0,2.0,0.0
841889,0.0,0.0,1.0,0.0,0.0,0.0,0.0
842326,0.0,0.0,1.0,0.0,0.0,1.0,0.0
842826,0.0,0.0,1.0,0.0,0.0,0.0,0.0
843438,0.0,0.0,1.0,0.0,0.0,1.0,0.0
843445,0.0,0.0,1.0,0.0,1.0,2.0,0.0
843945,0.0,0.0,1.0,0.0,0.0,0.0,0.0
844208,0.0,0.0,1.0,0.0,0.0,1.0,0.0
844218,0.0,0.0,1.0,0.0,0.0,2.0,0.0
844718,0.0,0.0,1.0,0.0,0.0,0.0,0.0
845470,0.0,0.0,1.0,0.0,0.0,1.0,0.0
845652,0.0,0.0,1.0,0.0,0.0,2.0,0.0
846152,0.0,0.0,1.0,0.0,0.0,0.0,0.0
846572,0.0,0.0,1.0,0.0,0.0,1.0,0.0
847072,0.0,0.0,1.0,0.0,0.0,0.0,0.0
847771,0.0,0.0,1.0,0.0,0.0,1.0,0.0
848271,0.0,0.0,1.0,0.0,0.0,0.0,0.0
848749,0.0,0.0,1.0,0.0,0.0,1.0,0.0
848763,0.0,0.0,1.0,0.0,0.0,2.0,0.0
849263,0.0,0.0,1.0,0.0,0.0,0.0,0.0
849272,0.0,0.0,1.0,0.0,0.0,1.0,0.0
849772,0.0,0.0,1.0,0.0,0.0,0.0,0.0
850065,0.0,0.0,1.0,0.0,0.0,1.0,0.0
850565,0.0,0.0,1.0,0.0,0.0,0.0,0.0
850851,0.0,0.0,1.0,0.0,0.0,1.0,0.0
851351,0.0,0.0,1.0,0.0,0.0,0.0,0.0
851369,0.0,0.0,1.0,0.0,0.0,1.0,0.0
851869,0.0,0.0,1.0,0.0,0.0,0.0,0.0
852219,0.0,0.0,1.0,0.0,0.0,1.0,0.0
852719,0.0,0.0,1.0,0.0,0.0,0.0,0.0
852921,0.0,0.0,1.0,0.0,0.0,1.0,0.0
853421,0.0,0.0,1.0,0.0,0.0,0.0,0.0
853860,0.0,0.0,1.0,0.0,0.0,1.0,0.0
854360,0.0,0.0,1.0,0.0,0.0,0.0,0.0
855162,0.0,0.0,1.0,0.0,0.0,1.0,0.0
855187,0.0,0.0,1.0,0.0,0.0,2.0,0.0
855687,0.0,0.0,1.0,0.0,0.0,0.0,0.0
855820,0.0,0.0,1.0,0.0,0.0,1.0,0.0
856320,0.0,0.0,1.0,0.0,0.0,0.0,0.0
856771,0.0,0.0,1.0,0.0,0.0,1.0,0.0
857269,0.0,2.0,1.0,0.0,0.0,1.0,0.0
857271,0.0,2.0,1.0,0.0,0.0,0.0,0.0
857769,0.0,0.0,1.0,0.0,0.0,0.0,0.0
858165,0.0,0.0,1.0,0.0,0.0,1.0,0.0
858168,0.0,0.0,1.0,0.0,0.0,2.0,0.0
858668,0.0,0.0,1.0,0.0,0.0,0.0,0.0
859992,0.0,0.0,1.0,0.0,0.0,1.0,0.0
860086,0.0,0.0,1.0,0.0,0.0,2.0,0.0
860586,0.0,0.0,1.0,0.0,0.0,0.0,0.0
861714,0.0,0.0,1.0,0.0,1.0,1.0,0.0
862214,0.0,0.0,1.0,0.0,0.0,0.0,0.0
862253,0.0,0.0,1.0,0.0,0.0,1.0,0.0
862753,0.0,0.0,1.0,0.0,0.0,0.0,0.0
863535,0.0,0.0,1.0,0.0,0.0,1.0,0.0
864035,0.0,0.0,1.0,0.0,0.0,0.0,0.0
864461,0.0,0.0,1.0,0.0,0.0,1.0,0.0
864464,0.0,0.0,1.0,0.0,0.0,2.0,0.0
864964,0.0,0.0,1.0,0.0,0.0,0.0,0.0
865283,0.0,0.0,1.0,0.0,0.0,1.0,0.0
865783,0.0,0.0,1.0,0.0,0.0,0.0,0.0
865826,0.0,0.0,1.0,0.0,0.0,1.0,0.0
865829,0.0,0.0,1.0,0.0,0.0,2.0,0.0
866329,0.0,0.0,1.0,0.0,0.0,0.0,0.0
867401,0.0,0.0,1.0,0.0,0.0,1.0,0.0
867617,0.0,0.0,1.0,0.0,0.0,2.0,0.0
868117,0.0,0.0,1.0,0.0,0.0,0.0,0.0
868654,0.0,0.0,1.0,0.0,0.0,1.0,0.0
869154,0.0,0.0,1.0,0.0,0.0,0.0,0.0
869159,0.0,0.0,0.0,0.0,0.0,0.0,0.0
869483,0.0,0.0,0.0,0.0,0.0,1.0,0.0
869495,0.0,0.0,0.0,0.0,0.0,2.0,0.0
869496,0.0,0.0,1.0,0.0,0.0,2.0,0.0
869995,0.0,0.0,1.0,0.0,0.0,0.0,0.0
870556,0.0,0.0,1.0,0.0,0.0,1.0,0.0
871056,0.0,0.0,1.0,0.0,0.0,0.0,0.0
871091,0.0,0.0,1.0,0.0,0.0,1.0,0.0
871591,0.0,0.0,1.0,0.0,0.0,0.0,0.0
871819,0.0,0.0,1.0,0.0,0.0,1.0,0.0
871934,0.0,0.0,1.0,0.0,0.0,2.0,0.0
872434,0.0,0.0,1.0,0.0,0.0,0.0,0.0
872446,0.0,0.0,1.0,0.0,0.0,1.0,0.0
872634,0.0,2.0,1.0,0.0,0.0,1.0,0.0
872946,0.0,2.0,1.0,0.0,0.0,0.0,0.0
873134,0.0,0.0,1.0,0.0,0.0,0.0,0.0
873489,0.0,0.0,1.0,0.0,0.0,1.0,0.0
873989,0.0,0.0,1.0,0.0,0.0,0.0,0.0
874396,0.0,0.0,1.0,0.0,0.0,1.0,0.0
874433,0.0,0.0,1.0,0.0,0.0,2.0,0.0
874933,0.0,0.0,1.0,0.0,0.0,0.0,0.0
875090,0.0,0.0,1.0,0.0,0.0,1.0,0.0
875590,0.0,0.0,1.0,0.0,0.0,0.0,0.0
875851,0.0,0.0,1.0,0.0,0.0,1.0,0.0
876351,0.0,0.0,1.0,0.0,0.0,0.0,0.0
876534,0.0,0.0,1.0,0.0,0.0,1.0,0.0
876538,0.0,0.0,1.0,0.0,0.0,2.0,0.0
877038,0.0,0.0,1.0,0.0,0.0,0.0,0.0
877632,0.0,0.0,1.0,0.0,0.0,1.0,0.0
877794,0.0,0.0,1.0,0.0,0.0,2.0,0.0
878294,0.0,0.0,1.0,0.0,0.0,0.0,0.0
878441,0.0,0.0,1.0,0.0,0.0,1.0,0.0
878941,0.0,0.0,1.0,0.0,0.0,0.0,0.0
879178,0.0,0.0,1.0,0.0,0.0,1.0,0.0
879338,0.0,0.0,1.0,0.0,1.0,1.0,0.0
879345,0.0,0.0,1.0,0.0,2.0,1.0,0.0
879346,0.0,0.0,1.0,0.0,2.0,2.0,0.0
879845,0.0,0.0,1.0,0.0,0.0,2.0,0.0
879846,0.0,0.0,1.0,0.0,0.0,0.0,0.0
879938,0.0,0.0,1.0,0.0,0.0,1.0,0.0
879950,0.0,0.0,1.0,0.0,1.0,1.0,0.0
880438,0.0,0.0,1.0,0.0,1.0,0.0,0.0
880449,0.0,2.0,1.0,0.0,1.0,0.0,0.0
880450,0.0,2.0,1.0,0.0,0.0,0.0,0.0
880464,0.0,2.0,1.0,0.0,0.0,1.0,0.0
880468,0.0,2.0,1.0,0.0,0.0,2.0,0.0
880949,0.0,0.0,1.0,0.0,0.0,2.0,0.0
880968,0.0,0.0,1.0,0.0,0.0,0.0,0.0
881777,0.0,0.0,1.0,0.0,0.0,1.0,0.0
882277,0.0,0.0,1.0,0.0,0.0,0.0,0.0
882527,0.0,0.0,1.0,0.0,0.0,1.0,0.0
883027,0.0,0.0,1.0,0.0,0.0,0.0,0.0
883561,0.0,0.0,1.0,0.0,0.0,1.0,0.0
884061,0.0,0.0,1.0,0.0,0.0,0.0,0.0
884328,0.0,0.0,1.0,0.0,0.0,1.0,0.0
884828,0.0,0.0,1.0,0.0,0.0,0.0,0.0
885132,0.0,0.0,1.0,0.0,0.0,1.0,0.0
885632,0.0,0.0,1.0,0.0,0.0,0.0,0.0
885902,0.0,0.0,1.0,0.0,0.0,1.0,0.0
886402,0.0,0.0,1.0,0.0,0.0,0.0,0.0
886433,0.0,0.0,1.0,0.0,0.0,1.0,0.0
886933,0.0,0.0,1.0,0.0,0.0,0.0,0.0
887144,0.0,0.0,1.0,0.0,0.0,1.0,0.0
887644,0.0,0.0,1.0,0.0,0.0,0.0,0.0
888434,0.0,0.0,1.0,0.0,0.0,1.0,0.0
888441,0.0,0.0,1.0,0.0,0.0,2.0,0.0
888453,0.0,0.0,1.0,0.0,1.0,2.0,0.0
888941,0.0,0.0,1.0,0.0,1.0,0.0,0.0
888953,0.0,0.0,1.0,0.0,0.0,0.0,0.0
890635,0.0,0.0,1.0,0.0,0.0,1.0,0.0
890718,0.0,0.0,1.0,0.0,0.0,2.0,0.0
891218,0.0,0.0,1.0,0.0,0.0,0.0,0.0
891468,0.0,0.0,1.0,0.0,0.0,1.0,0.0
891968,0.0,0.0,1.0,0.0,0.0,0.0,0.0
892002,0.0,0.0,1.0,0.0,0.0,1.0,0.0
892502,0.0,0.0,1.0,0.0,0.0,0.0,0.0
893393,0.0,0.0,1.0,0.0,0.0,1.0,0.0
893399,0.0,0.0,1.0,0.0,0.0,2.0,0.0
893899,0.0,0.0,1.0,0.0,0.0,0.0,0.0
894467,0.0,0.0,1.0,0.0,0.0,1.0,0.0
894475,0.0,0.0,1.0,0.0,0.0,2.0,0.0
894975,0.0,0.0,1.0,0.0,0.0,0.0,0.0
895521,0.0,0.0,1.0,0.0,0.0,1.0,0.0
896021,0.0,0.0,1.0,0.0,0.0,0.0,0.0
896348,0.0,0.0,1.0,0.0,0.0,1.0,0.0
896599,0.0,0.0,1.0,0.0,0.0,2.0,0.0
897099,0.0,0.0,1.0,0.0,0.0,0.0,0.0
897355,0.0,0.0,1.0,0.0,0.0,1.0,0.0
897855,0.0,0.0,1.0,0.0,0.0,0.0,0.0
897996,0.0,0.0,0.0,0.0,0.0,0.0,0.0
898030,0.0,0.0,1.0,0.0,0.0,0.0,0.0
898452,0.0,0.0,1.0,0.0,0.0,1.0,0.0
898530,0.0,0.0,0.0,0.0,0.0,1.0,0.0
898935,0.0,0.0,0.0,0.0,0.0,2.0,0.0
899435,0.0,0.0,0.0,0.0,0.0,0.0,0.0
900812,0.0,0.0,0.0,0.0,0.0,1.0,0.0
900818,0.0,0.0,0.0,0.0,0.0,2.0,0.0
901318,0.0,0.0,0.0,0.0,0.0,0.0,0.0
901351,0.0,0.0,0.0,0.0,0.0,1.0,0.0
901851,0.0,0.0,0.0,0.0,0.0,0.0,0.0
902286,0.0,0.0,0.0,0.0,0.0,1.0,0.0
902290,0.0,0.0,0.0,0.0,0.0,2.0,0.0
902790,0.0,0.0,0.0,0.0,0.0,0.0,0.0
903176,0.0,0.0,0.0,0.0,0.0,1.0,0.0
903676,0.0,0.0,0.0,0.0,0.0,0.0,0.0
903979,0.0,0.0,0.0,0.0,0.0,1.0,0.0
904479,0.0,0.0,0.0,0.0,0.0,0.0,0.0
904684,0.0,0.0,0.0,0.0,0.0,1.0,0.0
904755,0.0,0.0,0.0,0.0,0.0,2.0,0.0
905255,0.0,0.0,0.0,0.0,0.0,0.0,0.0
906368,0.0,0.0,0.0,0.0,0.0,1.0,0.0
906395,0.0,0.0,0.0,0.0,0.0,2.0,0.0
906895,0.0,0.0,0.0,0.0,0.0,0.0,0.0
909671,0.0,0.0,0.0,0.0,0.0,1.0,0.0
910171,0.0,0.0,0.0,0.0,0.0,0.0,0.0
911089,0.0,0.0,0.0,0.0,1.0,0.0,0.0
911589,0.0,0.0,0.0,0.0,0.0,0.0,0.0
912173,0.0,0.0,0.0,0.0,0.0,1.0,0.0
912673,0.0,0.0,0.0,0.0,0.0,0.0,0.0
913007,0.0,0.0,0.0,0.0,0.0,1.0,0.0
913507,0.0,0.0,0.0,0.0,0.0,0.0,0.0
916846,0.0,0.0,0.0,0.0,0.0,1.0,0.0
917346,0.0,0.0,0.0,0.0,0.0,0.0,0.0
919470,0.0,0.0,0.0,0.0,0.0,1.0,0.0
919475,0.0,0.0,0.0,0.0,0.0,2.0,0.0
919975,0.0,0.0,0.0,0.0,0.0,0.0,0.0
920978,0.0,0.0,0.0,0.0,0.0,1.0,0.0
921478,0.0,0.0,0.0,0.0,0.0,0.0,0.0
922368,0.0,0.0,0.0,0.0,0.0,1.0,0.0
922868,0.0,0.0,0.0,0.0,0.0,0.0,0.0
926043,0.0,0.0,0.0,0.0,0.0,1.0,0.0
926543,0.0,0.0,0.0,0.0,0.0,0.0,0.0
926835,0.0,0.0,0.0,0.0,0.0,1.0,0.0
927335,0.0,0.0,0.0,0.0,0.0,0.0,0.0
932843,0.0,0.0,0.0,0.0,0.0,1.0,0.0
933343,0.0,0.0,0.0,0.0,0.0,0.0,0.0
942763,0.0,0.0,0.0,0.0,0.0,1.0,0.0
942764,0.0,0.0,0.0,0.0,0.0,2.0,0.0
943264,0.0,0.0,0.0,0.0,0.0,0.0,0.0
944626,0.0,0.0,0.0,0.0,0.0,1.0,0.0
945126,0.0,0.0,0.0,0.0,0.0,0.0,0.0
945277,0.0,0.0,0.0,0.0,0.0,1.0,0.0
945777,0.0,0.0,0.0,0.0,0.0,0.0,0.0
946734,0.0,0.0,0.0,0.0,0.0,1.0,0.0
947234,0.0,0.0,0.0,0.0,0.0,0.0,0.0
948045,0.0,0.0,0.0,0.0,0.0,1.0,0.0
948545,0.0,0.0,0.0,0.0,0.0,0.0,0.0
950221,0.0,0.0,0.0,0.0,0.0,1.0,0.0
950721,0.0,0.0,0.0,0.0,0.0,0.0,0.0
951984,0.0,0.0,0.0,0.0,0.0,1.0,0.0
951987,0.0,0.0,0.0,0.0,0.0,2.0,0.0
952487,0.0,0.0,0.0,0.0,0.0,0.0,0.0
955271,0.0,0.0,0.0,0.0,0.0,1.0,0.0
955272,0.0,0.0,0.0,0.0,0.0,2.0,0.0
955772,0.0,0.0,0.0,0.0,0.0,0.0,0.0
959107,0.0,0.0,0.0,0.0,0.0,1.0,0.0
959607,0.0,0.0,0.0,0.0,0.0,0.0,0.0
961061,0.0,0.0,0.0,0.0,0.0,1.0,0.0
961561,0.0,0.0,0.0,0.0,0.0,0.0,0.0
964834,0.0,0.0,0.0,0.0,0.0,1.0,0.0
965334,0.0,0.0,0.0,0.0,0.0,0.0,0.0
965772,0.0,0.0,0.0,0.0,0.0,1.0,0.0
966272,0.0,0.0,0.0,0.0,0.0,0.0,0.0
968139,0.0,0.0,0.0,0.0,0.0,1.0,0.0
968639,0.0,0.0,0.0,0.0,0.0,0.0,0.0
971932,0.0,0.0,0.0,0.0,0.0,1.0,0.0
972432,0.0,0.0,0.0,0.0,0.0,0.0,0.0
972563,0.0,0.0,0.0,0.0,0.0,1.0,0.0
972565,0.0,0.0,0.0,0.0,0.0,2.0,0.0
973065,0.0,0.0,0.0,0.0,0.0,0.0,0.0
976851,0.0,0.0,0.0,0.0,0.0,1.0,0.0
977351,0.0,0.0,0.0,0.0,0.0,0.0,0.0
977658,0.0,0.0,0.0,0.0,0.0,1.0,0.0
978158,0.0,0.0,0.0,0.0,0.0,0.0,0.0
980632,0.0,0.0,0.0,0.0,0.0,1.0,0.0
981132,0.0,0.0,0.0,0.0,0.0,0.0,0.0
984195,0.0,0.0,0.0,0.0,0.0,1.0,0.0
984695,0.0,0.0,0.0,0.0,0.0,0.0,0.0
989931,0.0,0.0,0.0,0.0,0.0,1.0,0.0
990319,0.0,0.0,0.0,0.0,0.0,2.0,0.0
990819,0.0,0.0,0.0,0.0,0.0,0.0,0.0
992000,0.0,0.0,0.0,0.0,0.0,1.0,0.0
992500,0.0,0.0,0.0,0.0,0.0,0.0,0.0
993738,0.0,0.0,0.0,0.0,0.0,1.0,0.0
993743,0.0,0.0,0.0,0.0,0.0,2.0,0.0
994243,0.0,0.0,0.0,0.0,0.0,0.0,0.0
994728,0.0,0.0,0.0,0.0,0.0,1.0,0.0
995228,0.0,0.0,0.0,0.0,0.0,0.0,0.0
1000222,0.0,0.0,0.0,0.0,0.0,1.0,0.0
1000603,0.0,0.0,0.0,0.0,0.0,2.0,0.0
1001103,0.0,0.0,0.0,0.0,0.0,0.0,0.0
1003793,0.0,0.0,0.0,0.0,0.0,1.0,0.0
1004293,0.0,0.0,0.0,0.0,0.0,0.0,0.0
1006691,0.0,0.0,0.0,0.0,0.0,1.0,0.0
1007038,0.0,0.0,0.0,0.0,0.0,2.0,0.0
1007538,0.0,0.0,0.0,0.0,0.0,0.0,0.0
1009000,0.0,0.0,0.0,0.0,0.0,0.0,1.0
1009266,0.0,0.0,0.0,0.0,0.0,1.0,1.0
1009273,0.0,0.0,0.0,0.0,0.0,2.0,1.0
1009430,0.0,0.0,0.0,0.0,1.0,2.0,1.0
1009441,0.0,0.0,0.0,0.0,2.0,2.0,1.0
1009471,2.0,0.0,0.0,0.0,2.0,2.0,1.0
1009500,2.0,0.0,0.0,0.0,2.0,2.0,0.0
1009763,2.0,2.0,0.0,0.0,2.0,2.0,0.0
1009773,2.0,2.0,0.0,0.0,2.0,0.0,0.0
1009792,2.0,2.0,0.0,0.0,2.0,1.0,0.0
1009941,2.0,2.0,0.0,0.0,0.0,1.0,0.0
1009971,0.0,2.0,0.0,0.0,0.0,1.0,0.0
1010104,0.0,2.0,0.0,0.0,1.0,1.0,0.0
1010109,0.0,2.0,0.0,0.0,1.0,2.0,0.0
1010111,2.0,2.0,0.0,0.0,1.0,2.0,0.0
1010112,2.0,2.0,0.0,0.0,2.0,2.0,0.0
1010263,2.0,0.0,0.0,0.0,2.0,2.0,0.0
1010609,2.0,0.0,0.0,0.0,2.0,0.0,0.0
1010611,0.0,0.0,0.0,0.0,2.0,0.0,0.0
1010612,0.0,0.0,0.0,0.0,0.0,0.0,0.0
1010696,0.0,0.0,0.0,0.0,0.0,1.0,0.0
1010715,0.0,0.0,0.0,0.0,0.0,2.0,0.0
1010719,2.0,0.0,0.0,0.0,0.0,2.0,0.0
1011215,2.0,0.0,0.0,0.0,0.0,0.0,0.0
1011219,0.0,0.0,0.0,0.0,0.0,0.0,0.0
1011289,0.0,0.0,0.0,0.0,0.0,1.0,0.0
1011294,0.0,0.0,0.0,0.0,0.0,2.0,0.0
1011339,0.0,0.0,1.0,0.0,0.0,2.0,0.0
1011794,0.0,0.0,1.0,0.0,0.0,0.0,0.0
1012089,0.0,2.0,1.0,0.0,0.0,0.0,0.0
1012150,0.0,2.0,1.0,0.0,0.0,1.0,0.0
1012232,0.0,2.0,1.0,0.0,1.0,1.0,0.0
1012561,0.0,2.0,2.0,0.0,1.0,1.0,0.0
1012589,0.0,0.0,2.0,0.0,1.0,1.0,0.0
1012650,0.0,0.0,2.0,0.0,1.0,0.0,0.0
1012735,2.0,0.0,2.0,0.0,1.0,0.0,0.0
1013061,2.0,0.0,0.0,0.0,1.0,0.0,0.0
1013232,2.0,0.0,0.0,0.0,0.0,0.0,0.0
1013235,0.0,0.0,0.0,0.0,0.0,0.0,0.0
1013357,0.0,0.0,0.0,0.0,0.0,1.0,0.0
1013391,0.0,0.0,1.0,0.0,0.0,1.0,0.0
1013857,0.0,0.0,1.0,0.0,0.0,0.0,0.0
1013891,0.0,0.0,0.0,0.0,0.0,0.0,0.0
1014067,0.0,0.0,0.0,0.0,0.0,1.0,0.0
1014070,0.0,0.0,0.0,0.0,0.0,2.0,0.0
1014570,0.0,0.0,0.0,0.0,0.0,0.0,0.0
1016215,0.0,0.0,0.0,0.0,0.0,1.0,0.0
1016362,0.0,0.0,0.0,0.0,0.0,2.0,0.0
1016862,0.0,0.0,0.0,0.0,0.0,0.0,0.0
1017222,0.0,0.0,0.0,0.0,0.0,1.0,0.0
1017413,0.0,0.0,0.0,0.0,0.0,2.0,0.0
1017628,0.0,0.0,1.0,0.0,0.0,2.0,0.0
1017913,0.0,0.0,1.0,0.0,0.0,0.0,0.0
1018128,0.0,0.0,0.0,0.0,0.0,0.0,0.0
1018214,0.0,0.0,0.0,0.0,0.0,1.0,0.0
1018501,0.0,0.0,0.0,0.0,0.0,2.0,0.0
1019001,0.0,0.0,0.0,0.0,0.0,0.0,0.0
1019323,0.0,0.0,0.0,0.0,0.0,1.0,0.0
1019338,0.0,0.0,0.0,0.0,0.0,2.0,0.0
1019838,0.0,0.0,0.0,0.0,0.0,0.0,0.0
1020737,0.0,0.0,0.0,0.0,0.0,1.0,0.0
1021237,0.0,0.0,0.0,0.0,0.0,0.0,0.0
1021326,0.0,0.0,0.0,0.0,0.0,1.0,0.0
1021826,0.0,0.0,0.0,0.0,0.0,0.0,0.0
1021885,0.0,0.0,0.0,0.0,0.0,1.0,0.0
1021888,0.0,0.0,0.0,0.0,0.0,2.0,0.0
1022388,0.0,0.0,0.0,0.0,0.0,0.0,0.0
1022442,0.0,0.0,0.0,0.0,0.0,1.0,0.0
1022828,0.0,0.0,1.0,0.0,0.0,1.0,0.0
1022942,0.0,0.0,1.0,0.0,0.0,0.0,0.0
1023318,0.0,0.0,1.0,0.0,0.0,1.0,0.0
1023324,0.0,0.0,1.0,0.0,0.0,2.0,0.0
1023328,0.0,0.0,0.0,0.0,0.0,2.0,0.0
1023332,0.0,0.0,1.0,0.0,0.0,2.0,0.0
1023500,0.0,2.0,1.0,0.0,0.0,2.0,0.0
1023824,0.0,2.0,1.0,0.0,0.0,0.0,0.0
1024000,0.0,0.0,1.0,0.0,0.0,0.0,0.0
1024187,0.0,0.0,1.0,0.0,0.0,1.0,0.0
1024332,0.0,0.0,0.0,0.0,0.0,1.0,0.0
1024687,0.0,0.0,0.0,0.0,0.0,0.0,0.0
1025119,0.0,0.0,0.0,0.0,0.0,1.0,0.0
1025367,0.0,0.0,0.0,0.0,0.0,2.0,0.0
1025867,0.0,0.0,0.0,0.0,0.0,0.0,0.0
1026056,0.0,0.0,0.0,0.0,0.0,1.0,0.0
1026556,0.0,0.0,0.0,0.0,0.0,0.0,0.0
1026611,0.0,0.0,0.0,0.0,0.0,1.0,0.0
1026635,0.0,0.0,0.0,0.0,0.0,2.0,0.0
1026870,0.0,0.0,1.0,0.0,0.0,2.0,0.0
1027135,0.0,0.0,1.0,0.0,0.0,0.0,0.0
1027298,0.0,0.0,1.0,0.0,0.0,1.0,0.0
1027798,0.0,0.0,1.0,0.0,0.0,0.0,0.0
1027870,0.0,0.0,0.0,0.0,0.0,0.0,0.0
1027906,0.0,0.0,0.0,0.0,0.0,1.0,0.0
1028406,0.0,0.0,0.0,0.0,0.0,0.0,0.0
1028601,0.0,0.0,0.0,0.0,0.0,1.0,0.0
1029101,0.0,0.0,0.0,0.0,0.0,0.0,0.0
1029185,0.0,0.0,0.0,0.0,0.0,1.0,0.0
1029633,0.0,0.0,0.0,0.0,0.0,2.0,0.0
1030133,0.0,0.0,0.0,0.0,0.0,0.0,0.0
1030166,0.0,0.0,0.0,0.0,0.0,1.0,0.0
1030417,0.0,0.0,0.0,0.0,0.0,2.0,0.0
1030917,0.0,0.0,0.0,0.0,0.0,0.0,0.0
1031347,0.0,0.0,0.0,0.0,0.0,1.0,0.0
1031847,0.0,0.0,0.0,0.0,0.0,0.0,0.0
1032525,0.0,0.0,0.0,0.0,0.0,1.0,0.0
1032717,0.0,0.0,0.0,0.0,0.0,2.0,0.0
1033183,0.0,0.0,0.0,0.0,1.0,2.0,0.0
1033217,0.0,0.0,0.0,0.0,1.0,0.0,0.0
1033477,0.0,0.0,0.0,0.0,1.0,1.0,0.0
1033527,0.0,0.0,0.0,0.0,1.0,2.0,0.0
1033683,0.0,0.0,0.0,0.0,0.0,2.0,0.0
1034027,0.0,0.0,0.0,0.0,0.0,0.0,0.0
1034960,0.0,0.0,0.0,0.0,0.0,1.0,0.0
1034971,0.0,0.0,0.0,0.0,0.0,2.0,0.0
1035471,0.0,0.0,0.0,0.0,0.0,0.0,0.0
1035986,0.0,0.0,0.0,0.0,0.0,1.0,0.0
1035989,0.0,0.0,0.0,0.0,0.0,2.0,0.0
1036489,0.0,0.0,0.0,0.0,0.0,0.0,0.0
1037128,0.0,0.0,0.0,0.0,0.0,1.0,0.0
1037131,0.0,0.0,0.0,0.0,0.0,2.0,0.0
1037631,0.0,0.0,0.0,0.0,0.0,0.0,0.0
1037892,0.0,0.0,0.0,0.0,0.0,1.0,0.0
1037898,0.0,0.0,0.0,0.0,0.0,2.0,0.0
1038398,0.0,0.0,0.0,0.0,0.0,0.0,0.0
1039404,0.0,0.0,0.0,0.0,0.0,1.0,0.0
1039763,0.0,0.0,0.0,0.0,0.0,2.0,0.0
1040263,0.0,0.0,0.0,0.0,0.0,0.0,0.0
1040567,0.0,0.0,0.0,0.0,0.0,1.0,0.0
1040879,0.0,0.0,0.0,0.0,0.0,2.0,0.0
1041379,0.0,0.0,0.0,0.0,0.0,0.0,0.0
1041391,0.0,0.0,0.0,0.0,0.0,1.0,0.0
1041413,0.0,0.0,0.0,0.0,0.0,2.0,0.0
1041913,0.0,0.0,0.0,0.0,0.0,0.0,0.0
1041968,0.0,0.0,0.0,0.0,0.0,1.0,0.0
1042037,0.0,0.0,0.0,0.0,1.0,1.0,0.0
1042184,0.0,2.0,0.0,0.0,1.0,1.0,0.0
1042468,0.0,2.0,0.0,0.0,1.0,0.0,0.0
1042537,0.0,2.0,0.0,0.0,0.0,0.0,0.0
1042639,0.0,2.0,0.0,0.0,0.0,1.0,0.0
1042684,0.0,0.0,0.0,0.0,0.0,1.0,0.0
1043139,0.0,0.0,0.0,0.0,0.0,0.0,0.0
1043190,0.0,0.0,0.0,0.0,0.0,1.0,0.0
1043289,0.0,0.0,0.0,0.0,0.0,2.0,0.0
1043789,0.0,0.0,0.0,0.0,0.0,0.0,0.0
1044184,0.0,0.0,0.0,0.0,0.0,1.0,0.0
1044186,0.0,0.0,0.0,0.0,0.0,2.0,0.0
1044686,0.0,0.0,0.0,0.0,0.0,0.0,0.0
1046962,0.0,0.0,0.0,0.0,0.0,1.0,0.0
1047197,0.0,2.0,0.0,0.0,0.0,1.0,0.0
1047462,0.0,2.0,0.0,0.0,0.0,0.0,0.0
1047697,0.0,0.0,0.0,0.0,0.0,0.0,0.0
1047742,0.0,0.0,0.0,0.0,0.0,1.0,0.0
1047995,0.0,0.0,0.0,0.0,0.0,2.0,0.0
1048495,0.0,0.0,0.0,0.0,0.0,0.0,0.0
1048864,0.0,2.0,0.0,0.0,0.0,0.0,0.0
1048865,0.0,2.0,0.0,0.0,0.0,1.0,0.0
1049364,0.0,0.0,0.0,0.0,0.0,1.0,0.0
1049365,0.0,0.0,0.0,0.0,0.0,0.0,0.0
1049547,0.0,0.0,0.0,0.0,0.0,1.0,0.0
1050047,0.0,0.0,0.0,0.0,0.0,0.0,0.0
1050319,0.0,0.0,0.0,0.0,0.0,1.0,0.0
1050792,0.0,0.0,0.0,0.0,0.0,2.0,0.0
1051292,0.0,0.0,0.0,0.0,0.0,0.0,0.0
1052232,0.0,0.0,0.0,0.0,0.0,1.0,0.0
1052630,0.0,0.0,0.0,0.0,0.0,2.0,0.0
1052703,0.0,2.0,0.0,0.0,0.0,2.0,0.0
1053130,0.0,2.0,0.0,0.0,0.0,0.0,0.0
1053203,0.0,0.0,0.0,0.0,0.0,0.0,0.0
1054101,0.0,0.0,0.0,0.0,0.0,1.0,0.0
1054176,0.0,2.0,0.0,0.0,0.0,1.0,0.0
1054601,0.0,2.0,0.0,0.0,0.0,0.0,0.0
1054676,0.0,0.0,0.0,0.0,0.0,0.0,0.0
1056615,0.0,0.0,0.0,0.0,0.0,1.0,0.0
1056712,0.0,0.0,0.0,0.0,0.0,2.0,0.0
1057212,0.0,0.0,0.0,0.0,0.0,0.0,0.0
1057637,0.0,0.0,0.0,0.0,0.0,1.0,0.0
1058108,0.0,0.0,0.0,0.0,0.0,2.0,0.0
1058608,0.0,0.0,0.0,0.0,0.0,0.0,0.0
1059199,0.0,0.0,0.0,0.0,0.0,1.0,0.0
1059205,0.0,0.0,0.0,0.0,0.0,2.0,0.0
1059705,0.0,0.0,0.0,0.0,0.0,0.0,0.0
1059711,0.0,0.0,0.0,0.0,0.0,1.0,0.0
1059718,0.0,0.0,0.0,0.0,0.0,2.0,0.0
1060218,0.0,0.0,0.0,0.0,0.0,0.0,0.0
1060830,0.0,0.0,0.0,0.0,0.0,1.0,0.0
1060839,0.0,0.0,0.0,0.0,0.0,2.0,0.0
1061339,0.0,0.0,0.0,0.0,0.0,1.0,0.0
1061839,0.0,0.0,0.0,0.0,0.0,0.0,0.0
1063104,0.0,0.0,0.0,0.0,0.0,1.0,0.0
1063604,0.0,0.0,0.0,0.0,0.0,0.0,0.0
1064003,0.0,0.0,0.0,0.0,0.0,1.0,0.0
1064006,0.0,0.0,0.0,0.0,0.0,2.0,0.0
1064506,0.0,0.0,0.0,0.0,0.0,0.0,0.0
1064817,0.0,0.0,0.0,0.0,0.0,1.0,0.0
1065162,0.0,0.0,0.0,0.0,0.0,2.0,0.0
1065662,0.0,0.0,0.0,0.0,0.0,0.0,0.0
1065960,0.0,0.0,0.0,0.0,0.0,1.0,0.0
1066460,0.0,0.0,0.0,0.0,0.0,0.0,0.0
1067037,0.0,0.0,0.0,0.0,0.0,1.0,0.0
1067059,0.0,0.0,0.0,0.0,0.0,2.0,0.0
1067559,0.0,0.0,0.0,0.0,0.0,0.0,0.0
1068044,0.0,0.0,0.0,0.0,0.0,1.0,0.0
1068544,0.0,0.0,0.0,0.0,0.0,0.0,0.0
1068627,0.0,0.0,0.0,0.0,0.0,1.0,0.0
1068885,0.0,0.0,0.0,0.0,0.0,2.0,0.0
1069385,0.0,0.0,0.0,0.0,0.0,0.0,0.0
1069552,0.0,0.0,0.0,0.0,0.0,1.0,0.0
1070052,0.0,0.0,0.0,0.0,0.0,0.0,0.0
1070265,0.0,0.0,0.0,0.0,0.0,1.0,0.0
1070765,0.0,0.0,0.0,0.0,0.0,0.0,0.0
1071084,0.0,0.0,0.0,0.0,0.0,1.0,0.0
1071584,0.0,0.0,0.0,0.0,0.0,0.0,0.0
1072024,0.0,0.0,0.0,0.0,0.0,1.0,0.0
1072027,0.0,0.0,0.0,0.0,0.0,2.0,0.0
1072527,0.0,0.0,0.0,0.0,0.0,0.0,0.0
1074002,0.0,0.0,0.0,0.0,0.0,1.0,0.0
1074502,0.0,0.0,0.0,0.0,0.0,0.0,0.0
1074517,0.0,0.0,0.0,0.0,0.0,1.0,0.0
1075017,0.0,0.0,0.0,0.0,0.0,0.0,0.0
1075154,0.0,0.0,0.0,0.0,0.0,1.0,0.0
1075402,0.0,0.0,0.0,0.0,0.0,2.0,0.0
1075902,0.0,0.0,0.0,0.0,0.0,0.0,0.0
1076657,0.0,0.0,0.0,0.0,0.0,1.0,0.0
1077157,0.0,0.0,0.0,0.0,0.0,0.0,0.0
1078327,0.0,0.0,0.0,0.0,0.0,1.0,0.0
1078330,0.0,0.0,0.0,0.0,0.0,2.0,0.0
1078830,0.0,0.0,0.0,0.0,0.0,0.0,0.0
1079128,0.0,0.0,0.0,0.0,0.0,1.0,0.0
1079132,0.0,0.0,0.0,0.0,0.0,2.0,0.0
1079632,0.0,0.0,0.0,0.0,0.0,0.0,0.0
1080770,0.0,0.0,0.0,0.0,0.0,1.0,0.0
1081270,0.0,0.0,0.0,0.0,0.0,0.0,0.0
1081716,0.0,0.0,0.0,0.0,0.0,1.0,0.0
1082216,0.0,0.0,0.0,0.0,0.0,0.0,0.0
1082228,0.0,0.0,0.0,0.0,0.0,1.0,0.0
1082728,0.0,0.0,0.0,0.0,0.0,0.0,0.0
1082771,0.0,0.0,0.0,0.0,0.0,1.0,0.0
1082775,0.0,0.0,0.0,0.0,0.0,2.0,0.0
1083275,0.0,0.0,0.0,0.0,0.0,0.0,0.0
1083580,0.0,0.0,0.0,0.0,0.0,1.0,0.0
1084080,0.0,0.0,0.0,0.0,0.0,0.0,0.0
1084096,0.0,0.0,0.0,0.0,0.0,1.0,0.0
1084596,0.0,0.0,0.0,0.0,0.0,0.0,0.0
1084761,0.0,0.0,0.0,0.0,0.0,1.0,0.0
1084764,0.0,0.0,0.0,0.0,0.0,2.0,0.0
1085264,0.0,0.0,0.0,0.0,0.0,0.0,0.0
1085757,0.0,0.0,0.0,0.0,0.0,1.0,0.0
1085761,0.0,0.0,0.0,0.0,0.0,2.0,0.0
1086261,0.0,0.0,0.0,0.0,0.0,0.0,0.0
1087702,0.0,0.0,0.0,0.0,0.0,1.0,0.0
1088131,0.0,0.0,0.0,0.0,0.0,2.0,0.0
1088631,0.0,0.0,0.0,0.0,0.0,0.0,0.0
1088793,0.0,0.0,0.0,0.0,0.0,1.0,0.0
1088810,0.0,0.0,0.0,0.0,0.0,2.0,0.0
1089310,0.0,0.0,0.0,0.0,0.0,0.0,0.0
1089489,0.0,0.0,0.0,0.0,0.0,1.0,0.0
1089989,0.0,0.0,0.0,0.0,0.0,0.0,0.0
1090029,0.0,0.0,0.0,0.0,0.0,1.0,0.0
1090457,0.0,0.0,0.0,0.0,0.0,2.0,0.0
1090957,0.0,0.0,0.0,0.0,0.0,0.0,0.0
1090971,0.0,2.0,0.0,0.0,0.0,0.0,0.0
1091158,0.0,2.0,0.0,0.0,0.0,1.0,0.0
1091162,0.0,2.0,0.0,0.0,0.0,2.0,0.0
1091471,0.0,0.0,0.0,0.0,0.0,2.0,0.0
1091662,0.0,0.0,0.0,0.0,0.0,0.0,0.0
1091731,0.0,0.0,0.0,0.0,0.0,1.0,0.0
1092231,0.0,0.0,0.0,0.0,0.0,0.0,0.0
1092490,0.0,0.0,0.0,0.0,0.0,1.0,0.0
1092503,0.0,0.0,0.0,0.0,0.0,2.0,0.0
1093003,0.0,0.0,0.0,0.0,0.0,0.0,0.0
1093100,0.0,0.0,0.0,0.0,0.0,1.0,0.0
1093600,0.0,0.0,0.0,0.0,0.0,0.0,0.0
1093845,0.0,0.0,0.0,0.0,0.0,1.0,0.0
1094140,0.0,0.0,0.0,0.0,0.0,2.0,0.0
1094640,0.0,0.0,0.0,0.0,0.0,0.0,0.0
1094894,0.0,0.0,0.0,0.0,0.0,1.0,0.0
1095394,0.0,0.0,0.0,0.0,0.0,0.0,0.0
1095423,0.0,0.0,0.0,0.0,0.0,1.0,0.0
1095923,0.0,0.0,0.0,0.0,0.0,0.0,0.0
1097514,0.0,0.0,0.0,0.0,0.0,1.0,0.0
1097517,0.0,0.0,0.0,0.0,0.0,2.0,0.0
1098017,0.0,0.0,0.0,0.0,0.0,0.0,0.0
1098079,0.0,0.0,0.0,0.0,0.0,1.0,0.0
1098082,0.0,0.0,0.0,0.0,0.0,2.0,0.0
1098582,0.0,0.0,0.0,0.0,0.0,0.0,0.0
1099543,0.0,0.0,0.0,0.0,0.0,1.0,0.0
1099968,0.0,0.0,0.0,0.0,0.0,2.0,0.0
1100468,0.0,0.0,0.0,0.0,0.0,0.0,0.0
1100702,0.0,0.0,0.0,0.0,0.0,1.0,0.0
1100751,0.0,0.0,0.0,0.0,0.0,2.0,0.0
1101251,0.0,0.0,0.0,0.0,0.0,0.0,0.0
1102048,0.0,0.0,0.0,0.0,0.0,1.0,0.0
1102548,0.0,0.0,0.0,0.0,0.0,0.0,0.0
1103005,0.0,0.0,0.0,0.0,0.0,1.0,0.0
1103020,0.0,0.0,0.0,0.0,0.0,2.0,0.0
1103520,0.0,0.0,0.0,0.0,0.0,0.0,0.0
1103657,0.0,0.0,0.0,0.0,0.0,1.0,0.0
1104157,0.0,0.0,0.0,0.0,0.0,0.0,0.0
1104385,0.0,0.0,0.0,0.0,0.0,1.0,0.0
1104885,0.0,0.0,0.0,0.0,0.0,0.0,0.0
1105437,0.0,0.0,0.0,0.0,0.0,1.0,0.0
1105937,0.0,0.0,0.0,0.0,0.0,0.0,0.0
1106173,0.0,0.0,0.0,0.0,0.0,1.0,0.0
1106177,0.0,0.0,0.0,0.0,0.0,2.0,0.0
1106677,0.0,0.0,0.0,0.0,0.0,0.0,0.0
1108004,0.0,0.0,0.0,0.0,0.0,1.0,0.0
1108504,0.0,0.0,0.0,0.0,0.0,0.0,0.0
1108881,0.0,0.0,0.0,0.0,0.0,1.0,0.0
1109381,0.0,0.0,0.0,0.0,0.0,0.0,0.0
1109390,0.0,0.0,0.0,0.0,0.0,1.0,0.0
1109890,0.0,0.0,0.0,0.0,0.0,0.0,0.0
1115685,0.0,0.0,0.0,0.0,0.0,1.0,0.0
1116185,0.0,0.0,0.0,0.0,0.0,0.0,0.0
1122692,0.0,0.0,0.0,0.0,0.0,1.0,0.0
1122694,0.0,0.0,0.0,0.0,0.0,2.0,0.0
1123194,0.0,0.0,0.0,0.0,0.0,0.0,0.0
1124500,0.0,0.0,0.0,0.0,0.0,1.0,0.0
1125000,0.0,0.0,0.0,0.0,0.0,0.0,0.0
1127012,0.0,0.0,0.0,0.0,0.0,1.0,0.0
1127512,0.0,0.0,0.0,0.0,0.0,0.0,0.0
1131474,0.0,0.0,0.0,0.0,0.0,1.0,0.0
1131974,0.0,0.0,0.0,0.0,0.0,0.0,0.0
1134509,0.0,0.0,0.0,0.0,0.0,1.0,0.0
1135009,0.0,0.0,0.0,0.0,0.0,0.0,0.0
1135466,0.0,0.0,0.0,0.0,1.0,0.0,0.0
1135966,0.0,0.0,0.0,0.0,0.0,0.0,0.0
1137653,0.0,0.0,0.0,0.0,0.0,1.0,0.0
1138153,0.0,0.0,0.0,0.0,0.0,0.0,0.0
1138295,0.0,0.0,0.0,0.0,0.0,1.0,0.0
1138297,0.0,0.0,0.0,0.0,0.0,2.0,0.0
1138797,0.0,0.0,0.0,0.0,0.0,0.0,0.0
1141205,0.0,0.0,0.0,0.0,0.0,1.0,0.0
1141705,0.0,0.0,0.0,0.0,0.0,0.0,0.0
1144349,0.0,0.0,0.0,0.0,0.0,1.0,0.0
1144849,0.0,0.0,0.0,0.0,0.0,0.0,0.0
1146409,0.0,0.0,0.0,0.0,0.0,1.0,0.0
1146909,0.0,0.0,0.0,0.0,0.0,0.0,0.0
1148735,0.0,0.0,0.0,0.0,0.0,1.0,0.0
1149235,0.0,0.0,0.0,0.0,0.0,0.0,0.0
1149766,0.0,0.0,0.0,0.0,0.0,1.0,0.0
1150266,0.0,0.0,0.0,0.0,0.0,0.0,0.0
1151983,0.0,0.0,0.0,0.0,0.0,1.0,0.0
1152483,0.0,0.0,0.0,0.0,0.0,0.0,0.0
1152686,0.0,0.0,0.0,0.0,0.0,1.0,0.0
1153186,0.0,0.0,0.0,0.0,0.0,0.0,0.0
1154664,0.0,0.0,0.0,0.0,0.0,1.0,0.0
1155164,0.0,0.0,0.0,0.0,0.0,0.0,0.0
1155784,0.0,0.0,0.0,0.0,0.0,1.0,0.0
1156009,0.0,0.0,0.0,0.0,0.0,2.0,0.0
1156509,0.0,0.0,0.0,0.0,0.0,0.0,0.0
1157790,0.0,0.0,0.0,0.0,0.0,1.0,0.0
1158290,0.0,0.0,0.0,0.0,0.0,0.0,0.0
1160285,0.0,0.0,0.0,0.0,0.0,1.0,0.0
1160287,0.0,0.0,0.0,0.0,0.0,2.0,0.0
1160787,0.0,0.0,0.0,0.0,0.0,0.0,0.0
1163807,0.0,0.0,0.0,0.0,0.0,1.0,0.0
1164307,0.0,0.0,0.0,0.0,0.0,0.0,0.0
1165226,0.0,0.0,0.0,0.0,0.0,1.0,0.0
1165726,0.0,0.0,0.0,0.0,0.0,0.0,0.0
1167469,0.0,0.0,0.0,0.0,0.0,1.0,0.0
1167969,0.0,0.0,0.0,0.0,0.0,0.0,0.0
1168062,0.0,0.0,0.0,0.0,0.0,1.0,0.0
1168562,0.0,0.0,0.0,0.0,0.0,0.0,0.0
1171556,0.0,0.0,0.0,0.0,0.0,1.0,0.0
1172056,0.0,0.0,0.0,0.0,0.0,0.0,0.0
1176474,0.0,0.0,0.0,0.0,0.0,1.0,0.0
1176974,0.0,0.0,0.0,0.0,0.0,0.0,0.0
1177070,0.0,0.0,0.0,0.0,0.0,1.0,0.0
1177570,0.0,0.0,0.0,0.0,0.0,0.0,0.0
1177574,0.0,0.0,0.0,0.0,0.0,1.0,0.0
1178074,0.0,0.0,0.0,0.0,0.0,0.0,0.0
1178407,0.0,0.0,0.0,0.0,0.0,1.0,0.0
1178409,0.0,0.0,0.0,0.0,0.0,2.0,0.0
1178909,0.0,0.0,0.0,0.0,0.0,0.0,0.0
1179574,0.0,0.0,0.0,0.0,0.0,1.0,0.0
1180074,0.0,0.0,0.0,0.0,0.0,0.0,0.0
1182069,0.0,0.0,0.0,0.0,0.0,1.0,0.0
1182569,0.0,0.0,0.0,0.0,0.0,0.0,0.0
1183553,0.0,0.0,0.0,0.0,0.0,1.0,0.0
1184053,0.0,0.0,0.0,0.0,0.0,0.0,0.0
1184160,0.0,0.0,0.0,0.0,0.0,1.0,0.0
1184660,0.0,0.0,0.0,0.0,0.0,0.0,0.0
1187763,0.0,0.0,0.0,0.0,0.0,1.0,0.0
1188263,0.0,0.0,0.0,0.0,0.0,0.0,0.0
1188970,0.0,0.0,0.0,0.0,0.0,1.0,0.0
1189470,0.0,0.0,0.0,0.0,0.0,0.0,0.0
1193906,0.0,0.0,0.0,0.0,0.0,1.0,0.0
1194406,0.0,0.0,0.0,0.0,0.0,0.0,0.0
1195518,0.0,0.0,0.0,0.0,0.0,1.0,0.0
1195669,0.0,0.0,0.0,0.0,0.0,2.0,0.0
1196169,0.0,0.0,0.0,0.0,0.0,0.0,0.0
1198387,0.0,0.0,0.0,0.0,0.0,1.0,0.0
1198887,0.0,0.0,0.0,0.0,0.0,0.0,0.0
1199150,0.0,0.0,0.0,0.0,0.0,1.0,0.0
1199153,0.0,0.0,0.0,0.0,0.0,2.0,0.0
1199653,0.0,0.0,0.0,0.0,0.0,0.0,0.0
1200627,0.0,0.0,0.0,0.0,0.0,1.0,0.0
1201127,0.0,0.0,0.0,0.0,0.0,0.0,0.0
1207683,0.0,0.0,0.0,0.0,0.0,1.0,0.0
1207696,0.0,0.0,0.0,0.0,0.0,2.0,0.0
1208196,0.0,0.0,0.0,0.0,0.0,0.0,0.0
1208363,0.0,0.0,0.0,0.0,0.0,1.0,0.0
1208863,0.0,0.0,0.0,0.0,0.0,0.0,0.0
1211000,0.0,0.0,0.0,0.0,0.0,0.0,1.0
1211167,0.0,0.0,0.0,0.0,0.0,1.0,1.0
1211171,0.0,0.0,0.0,0.0,0.0,2.0,1.0
1211455,2.0,0.0,0.0,0.0,0.0,2.0,1.0
1211500,2.0,0.0,0.0,0.0,0.0,2.0,0.0
1211568,2.0,2.0,0.0,0.0,0.0,2.0,0.0
1211603,2.0,2.0,0.0,0.0,1.0,2.0,0.0
1211671,2.0,2.0,0.0,0.0,1.0,0.0,0.0
1211672,2.0,2.0,0.0,0.0,2.0,0.0,0.0
1211955,0.0,2.0,0.0,0.0,2.0,0.0,0.0
1212063,2.0,2.0,0.0,0.0,2.0,0.0,0.0
1212068,2.0,0.0,0.0,0.0,2.0,0.0,0.0
1212091,2.0,0.0,0.0,0.0,2.0,1.0,0.0
1212094,2.0,0.0,0.0,0.0,2.0,2.0,0.0
1212172,2.0,0.0,0.0,0.0,0.0,2.0,0.0
1212563,0.0,0.0,0.0,0.0,0.0,2.0,0.0
1212594,0.0,0.0,0.0,0.0,0.0,0.0,0.0
1212984,0.0,0.0,0.0,0.0,0.0,1.0,0.0
1213093,0.0,0.0,1.0,0.0,0.0,1.0,0.0
1213484,0.0,0.0,1.0,0.0,0.0,0.0,0.0
1213669,0.0,0.0,1.0,0.0,0.0,1.0,0.0
1213789,0.0,0.0,1.0,0.0,0.0,2.0,0.0
1213790,0.0,0.0,1.0,0.0,1.0,2.0,0.0
1214289,0.0,0.0,1.0,0.0,1.0,0.0,0.0
1214290,0.0,0.0,1.0,0.0,0.0,0.0,0.0
1214798,0.0,0.0,2.0,0.0,0.0,0.0,0.0
1214857,0.0,0.0,2.0,0.0,0.0,1.0,0.0
1215298,0.0,0.0,0.0,0.0,0.0,1.0,0.0
1215357,0.0,0.0,0.0,0.0,0.0,0.0,0.0
1215403,0.0,0.0,0.0,0.0,0.0,1.0,0.0
1215850,0.0,0.0,0.0,0.0,0.0,2.0,0.0
1216350,0.0,0.0,0.0,0.0,0.0,0.0,0.0
1216863,0.0,0.0,0.0,0.0,0.0,1.0,0.0
1217173,0.0,2.0,0.0,0.0,0.0,1.0,0.0
1217363,0.0,2.0,0.0,0.0,0.0,0.0,0.0
1217453,0.0,2.0,0.0,0.0,0.0,1.0,0.0
1217533,0.0,2.0,0.0,0.0,0.0,2.0,0.0
1217542,0.0,2.0,1.0,0.0,0.0,2.0,0.0
1217673,0.0,0.0,1.0,0.0,0.0,2.0,0.0
1218033,0.0,0.0,1.0,0.0,0.0,0.0,0.0
1218042,0.0,0.0,0.0,0.0,0.0,0.0,0.0
1218105,0.0,0.0,0.0,0.0,0.0,1.0,0.0
1218455,0.0,0.0,0.0,0.0,0.0,2.0,0.0
1218955,0.0,0.0,0.0,0.0,0.0,0.0,0.0
1219106,0.0,0.0,0.0,0.0,0.0,1.0,0.0
1219606,0.0,0.0,0.0,0.0,0.0,0.0,0.0
1219792,0.0,0.0,0.0,0.0,0.0,1.0,0.0
1220292,0.0,0.0,0.0,0.0,0.0,0.0,0.0
1220387,0.0,0.0,0.0,0.0,0.0,1.0,0.0
1220474,0.0,0.0,0.0,0.0,0.0,2.0,0.0
1220770,0.0,2.0,0.0,0.0,0.0,2.0,0.0
1220974,0.0,2.0,0.0,0.0,0.0,0.0,0.0
1221270,0.0,0.0,0.0,0.0,0.0,0.0,0.0
1221805,0.0,0.0,0.0,0.0,0.0,1.0,0.0
1221812,0.0,0.0,0.0,0.0,0.0,2.0,0.0
1222312,0.0,0.0,0.0,0.0,0.0,0.0,0.0
1223068,0.0,0.0,0.0,0.0,0.0,1.0,0.0
1223568,0.0,0.0,0.0,0.0,0.0,0.0,0.0
1224151,0.0,0.0,0.0,0.0,0.0,1.0,0.0
1224154,0.0,0.0,0.0,0.0,0.0,2.0,0.0
1224654,0.0,0.0,0.0,0.0,0.0,0.0,0.0
1224752,0.0,0.0,0.0,0.0,0.0,1.0,0.0
1224755,0.0,0.0,0.0,0.0,0.0,2.0,0.0
1225255,0.0,0.0,0.0,0.0,0.0,0.0,0.0
1226246,0.0,0.0,0.0,0.0,0.0,1.0,0.0
1226746,0.0,0.0,0.0,0.0,0.0,0.0,0.0
1226811,0.0,0.0,0.0,0.0,0.0,1.0,0.0
1227105,0.0,0.0,0.0,0.0,0.0,2.0,0.0
1227605,0.0,0.0,0.0,0.0,0.0,0.0,0.0
1227682,0.0,0.0,0.0,0.0,0.0,1.0,0.0
1227688,0.0,0.0,0.0,0.0,0.0,2.0,0.0
1228188,0.0,0.0,0.0,0.0,0.0,0.0,0.0
1228635,0.0,0.0,0.0,0.0,0.0,1.0,0.0
1228670,0.0,0.0,0.0,0.0,0.0,2.0,0.0
1228674,0.0,0.0,0.0,0.0,1.0,2.0,0.0
1229170,0.0,0.0,0.0,0.0,1.0,0.0,0.0
1229174,0.0,0.0,0.0,0.0,0.0,0.0,0.0
1229892,0.0,0.0,0.0,0.0,0.0,1.0,0.0
1229895,0.0,0.0,0.0,0.0,0.0,2.0,0.0
1230395,0.0,0.0,0.0,0.0,0.0,0.0,0.0
1230707,0.0,0.0,0.0,0.0,0.0,1.0,0.0
1231207,0.0,0.0,0.0,0.0,0.0,0.0,0.0
1231247,0.0,0.0,0.0,0.0,0.0,1.0,0.0
1231252,0.0,0.0,0.0,0.0,0.0,2.0,0.0
1231752,0.0,0.0,0.0,0.0,0.0,0.0,0.0
1232698,0.0,0.0,0.0,0.0,0.0,1.0,0.0
1232703,0.0,0.0,0.0,0.0,0.0,2.0,0.0
1233203,0.0,0.0,0.0,0.0,0.0,0.0,0.0
1233633,0.0,0.0,0.0,0.0,0.0,1.0,0.0
1233636,0.0,0.0,0.0,0.0,0.0,2.0,0.0
1234136,0.0,0.0,0.0,0.0,0.0,0.0,0.0
1234140,0.0,0.0,0.0,0.0,0.0,1.0,0.0
1234260,0.0,0.0,0.0,0.0,0.0,2.0,0.0
1234760,0.0,0.0,0.0,0.0,0.0,0.0,0.0
1236481,0.0,0.0,0.0,0.0,0.0,1.0,0.0
1236981,0.0,0.0,0.0,0.0,0.0,0.0,0.0
1237162,0.0,0.0,0.0,0.0,0.0,1.0,0.0
1237220,0.0,0.0,0.0,0.0,0.0,2.0,0.0
1237358,0.0,2.0,0.0,0.0,0.0,2.0,0.0
1237720,0.0,2.0,0.0,0.0,0.0,0.0,0.0
1237812,0.0,2.0,0.0,0.0,0.0,1.0,0.0
1237816,0.0,2.0,0.0,0.0,0.0,2.0,0.0
1237858,0.0,0.0,0.0,0.0,0.0,2.0,0.0
1238316,0.0,0.0,0.0,0.0,0.0,0.0,0.0
1238458,0.0,0.0,0.0,0.0,0.0,1.0,0.0
1238898,0.0,0.0,0.0,0.0,0.0,2.0,0.0
1239398,0.0,0.0,0.0,0.0,0.0,0.0,0.0
1239401,0.0,0.0,1.0,0.0,0.0,0.0,0.0
1239403,0.0,0.0,1.0,0.0,0.0,1.0,0.0
1239901,0.0,0.0,0.0,0.0,0.0,1.0,0.0
1239903,0.0,0.0,0.0,0.0,0.0,0.0,0.0
1240192,0.0,0.0,0.0,0.0,0.0,1.0,0.0
1240692,0.0,0.0,0.0,0.0,0.0,0.0,0.0
1240810,0.0,0.0,0.0,0.0,0.0,1.0,0.0
1241035,0.0,0.0,0.0,0.0,0.0,2.0,0.0
1241535,0.0,0.0,0.0,0.0,0.0,0.0,0.0
1241960,0.0,0.0,0.0,0.0,0.0,1.0,0.0
1242027,0.0,0.0,0.0,0.0,0.0,2.0,0.0
1242527,0.0,0.0,0.0,0.0,0.0,0.0,0.0
1242656,0.0,0.0,0.0,0.0,0.0,1.0,0.0
1242929,0.0,0.0,0.0,0.0,0.0,2.0,0.0
1243429,0.0,0.0,0.0,0.0,0.0,0.0,0.0
1243659,0.0,0.0,0.0,0.0,0.0,1.0,0.0
1244159,0.0,0.0,0.0,0.0,0.0,0.0,0.0
1244255,0.0,0.0,0.0,0.0,0.0,1.0,0.0
1244267,0.0,0.0,0.0,0.0,0.0,2.0,0.0
1244767,0.0,0.0,0.0,0.0,0.0,0.0,0.0
1244862,0.0,0.0,0.0,0.0,0.0,1.0,0.0
1245266,0.0,0.0,0.0,0.0,0.0,2.0,0.0
1245766,0.0,0.0,0.0,0.0,0.0,0.0,0.0
1246662,0.0,0.0,0.0,0.0,0.0,1.0,0.0
1247162,0.0,0.0,0.0,0.0,0.0,0.0,0.0
1247430,0.0,0.0,0.0,0.0,0.0,1.0,0.0
1247434,0.0,0.0,0.0,0.0,0.0,2.0,0.0
1247934,0.0,0.0,0.0,0.0,0.0,0.0,0.0
1248354,0.0,0.0,0.0,0.0,0.0,1.0,0.0
1248854,0.0,0.0,0.0,0.0,0.0,0.0,0.0
1249068,0.0,0.0,0.0,0.0,0.0,1.0,0.0
1249542,0.0,0.0,0.0,0.0,0.0,2.0,0.0
1250042,0.0,0.0,0.0,0.0,0.0,0.0,0.0
1250658,0.0,0.0,0.0,0.0,0.0,1.0,0.0
1250662,0.0,0.0,0.0,0.0,0.0,2.0,0.0
1251162,0.0,0.0,0.0,0.0,0.0,0.0,0.0
1252844,0.0,0.0,0.0,0.0,0.0,1.0,0.0
1253344,0.0,0.0,0.0,0.0,0.0,0.0,0.0
1253670,0.0,0.0,0.0,0.0,0.0,1.0,0.0
1253674,0.0,0.0,0.0,0.0,0.0,2.0,0.0
1254174,0.0,0.0,0.0,0.0,0.0,0.0,0.0
1254991,0.0,0.0,0.0,0.0,0.0,1.0,0.0
1255491,0.0,0.0,0.0,0.0,0.0,0.0,0.0
1255548,0.0,0.0,0.0,0.0,0.0,1.0,0.0
1255561,0.0,0.0,0.0,0.0,0.0,2.0,0.0
1256061,0.0,0.0,0.0,0.0,0.0,0.0,0.0
1256751,0.0,0.0,0.0,0.0,0.0,1.0,0.0
1257251,0.0,0.0,0.0,0.0,0.0,0.0,0.0
1257793,0.0,0.0,0.0,0.0,0.0,1.0,0.0
1258293,0.0,0.0,0.0,0.0,0.0,0.0,0.0
1258391,0.0,0.0,0.0,0.0,0.0,1.0,0.0
1258415,0.0,0.0,0.0,0.0,0.0,2.0,0.0
1258915,0.0,0.0,0.0,0.0,0.0,0.0,0.0
1258982,0.0,0.0,0.0,0.0,0.0,1.0,0.0
1258984,0.0,0.0,0.0,0.0,0.0,2.0,0.0
1259484,0.0,0.0,0.0,0.0,0.0,0.0,0.0
1259523,0.0,0.0,0.0,0.0,0.0,1.0,0.0
1259736,0.0,0.0,0.0,0.0,1.0,1.0,0.0
1259737,0.0,0.0,0.0,0.0,1.0,2.0,0.0
1260236,0.0,0.0,0.0,0.0,0.0,2.0,0.0
1260237,0.0,0.0,0.0,0.0,0.0,0.0,0.0
1260645,0.0,0.0,0.0,0.0,0.0,1.0,0.0
1261145,0.0,0.0,0.0,0.0,0.0,0.0,0.0
1261222,0.0,0.0,0.0,0.0,0.0,1.0,0.0
1261722,0.0,0.0,0.0,0.0,0.0,0.0,0.0
1263087,0.0,0.0,0.0,0.0,0.0,1.0,0.0
1263587,0.0,0.0,0.0,0.0,0.0,0.0,0.0
1263622,0.0,0.0,0.0,0.0,0.0,1.0,0.0
1263801,0.0,0.0,0.0,0.0,0.0,2.0,0.0
1264301,0.0,0.0,0.0,0.0,0.0,0.0,0.0
1264753,0.0,0.0,0.0,0.0,0.0,1.0,0.0
1265242,0.0,0.0,0.0,0.0,0.0,2.0,0.0
1265742,0.0,0.0,0.0,0.0,0.0,0.0,0.0
1265835,0.0,0.0,0.0,0.0,0.0,1.0,0.0
1266335,0.0,0.0,0.0,0.0,0.0,0.0,0.0
1266433,0.0,0.0,0.0,0.0,0.0,1.0,0.0
1266933,0.0,0.0,0.0,0.0,0.0,0.0,0.0
1266994,0.0,0.0,0.0,0.0,0.0,1.0,0.0
1267494,0.0,0.0,0.0,0.0,0.0,0.0,0.0
1267608,0.0,0.0,0.0,0.0,0.0,1.0,0.0
1267612,0.0,0.0,0.0,0.0,0.0,2.0,0.0
1268112,0.0,0.0,0.0,0.0,0.0,0.0,0.0
1268348,0.0,0.0,0.0,0.0,0.0,1.0,0.0
1268355,0.0,0.0,0.0,0.0,0.0,2.0,0.0
1268855,0.0,0.0,0.0,0.0,0.0,0.0,0.0
1269061,0.0,0.0,0.0,0.0,0.0,1.0,0.0
1269561,0.0,0.0,0.0,0.0,0.0,0.0,0.0
1269766,0.0,0.0,0.0,0.0,0.0,1.0,0.0
1270266,0.0,0.0,0.0,0.0,0.0,0.0,0.0
1270806,0.0,0.0,0.0,0.0,0.0,1.0,0.0
1271093,0.0,0.0,0.0,0.0,0.0,2.0,0.0
1271580,0.0,2.0,0.0,0.0,0.0,2.0,0.0
1271593,0.0,2.0,0.0,0.0,0.0,0.0,0.0
1271921,0.0,2.0,0.0,0.0,0.0,1.0,0.0
1272080,0.0,0.0,0.0,0.0,0.0,1.0,0.0
1272421,0.0,0.0,0.0,0.0,0.0,0.0,0.0
1272581,0.0,0.0,0.0,0.0,0.0,1.0,0.0
1272585,0.0,0.0,0.0,0.0,0.0,2.0,0.0
1273085,0.0,0.0,0.0,0.0,0.0,0.0,0.0
1273199,0.0,0.0,1.0,0.0,0.0,0.0,0.0
1275201,0.0,0.0,1.0,0.0,0.0,1.0,0.0
1275701,0.0,0.0,1.0,0.0,0.0,0.0,0.0
1277412,0.0,0.0,1.0,0.0,0.0,1.0,0.0
1277478,0.0,0.0,1.0,0.0,0.0,2.0,0.0
1277978,0.0,0.0,1.0,0.0,0.0,0.0,0.0
1278770,0.0,0.0,1.0,0.0,0.0,1.0,0.0
1279270,0.0,0.0,1.0,0.0,0.0,0.0,0.0
1279754,0.0,0.0,1.0,0.0,0.0,1.0,0.0
1280254,0.0,0.0,1.0,0.0,0.0,0.0,0.0
1280512,0.0,0.0,1.0,0.0,0.0,1.0,0.0
1280722,0.0,0.0,1.0,0.0,0.0,2.0,0.0
1281222,0.0,0.0,1.0,0.0,0.0,0.0,0.0
1281744,0.0,0.0,1.0,0.0,0.0,1.0,0.0
1281747,0.0,0.0,1.0,0.0,0.0,2.0,0.0
1282247,0.0,0.0,1.0,0.0,0.0,0.0,0.0
1282612,0.0,0.0,1.0,0.0,0.0,1.0,0.0
1283112,0.0,0.0,1.0,0.0,0.0,0.0,0.0
1283349,0.0,0.0,1.0,0.0,0.0,1.0,0.0
1283558,0.0,0.0,1.0,0.0,0.0,2.0,0.0
1284058,0.0,0.0,1.0,0.0,0.0,0.0,0.0
1284663,0.0,0.0,1.0,0.0,0.0,1.0,0.0
1285163,0.0,0.0,1.0,0.0,0.0,0.0,0.0
1285309,0.0,0.0,1.0,0.0,0.0,1.0,0.0
1285717,0.0,0.0,1.0,0.0,0.0,2.0,0.0
1286217,0.0,0.0,1.0,0.0,0.0,0.0,0.0
1286551,0.0,0.0,1.0,0.0,0.0,1.0,0.0
1286965,0.0,0.0,1.0,0.0,0.0,2.0,0.0
1287465,0.0,0.0,1.0,0.0,0.0,0.0,0.0
1287511,0.0,0.0,1.0,0.0,0.0,1.0,0.0
1288012,0.0,0.0,1.0,0.0,0.0,2.0,0.0
1288512,0.0,0.0,1.0,0.0,0.0,0.0,0.0
1288810,0.0,0.0,1.0,0.0,0.0,1.0,0.0
1288880,0.0,0.0,1.0,0.0,0.0,2.0,0.0
1289380,0.0,0.0,1.0,0.0,0.0,0.0,0.0
1289559,0.0,0.0,1.0,0.0,0.0,1.0,0.0
1290059,0.0,0.0,1.0,0.0,0.0,0.0,0.0
1290199,0.0,0.0,0.0,0.0,0.0,0.0,0.0
1290364,0.0,0.0,0.0,0.0,0.0,1.0,0.0
1290367,0.0,0.0,0.0,0.0,0.0,2.0,0.0
1290397,0.0,0.0,1.0,0.0,0.0,2.0,0.0
1290867,0.0,0.0,1.0,0.0,0.0,0.0,0.0
1290897,0.0,0.0,0.0,0.0,0.0,0.0,0.0
1290986,0.0,0.0,0.0,0.0,0.0,1.0,0.0
1290989,0.0,0.0,0.0,0.0,0.0,2.0,0.0
1291489,0.0,0.0,0.0,0.0,0.0,0.0,0.0
1292411,0.0,0.0,0.0,0.0,0.0,1.0,0.0
1292423,0.0,0.0,0.0,0.0,0.0,2.0,0.0
1292923,0.0,0.0,0.0,0.0,0.0,0.0,0.0
1293060,0.0,0.0,0.0,0.0,0.0,1.0,0.0
1293560,0.0,0.0,0.0,0.0,0.0,0.0,0.0
1293870,0.0,0.0,0.0,0.0,0.0,1.0,0.0
1294370,0.0,0.0,0.0,0.0,0.0,0.0,0.0
1295344,0.0,0.0,0.0,0.0,0.0,1.0,0.0
1295844,0.0,0.0,0.0,0.0,0.0,0.0,0.0
1296744,0.0,0.0,0.0,0.0,0.0,1.0,0.0
1296973,0.0,0.0,0.0,0.0,0.0,2.0,0.0
1297430,0.0,0.0,1.0,0.0,0.0,2.0,0.0
1297473,0.0,0.0,1.0,0.0,0.0,0.0,0.0
1297930,0.0,0.0,0.0,0.0,0.0,0.0,0.0
1298122,0.0,0.0,1.0,0.0,0.0,0.0,0.0
1298478,0.0,0.0,1.0,0.0,0.0,1.0,0.0
1298622,0.0,0.0,0.0,0.0,0.0,1.0,0.0
1298978,0.0,0.0,0.0,0.0,0.0,0.0,0.0
1299789,0.0,0.0,0.0,0.0,0.0,1.0,0.0
1300289,0.0,0.0,0.0,0.0,0.0,0.0,0.0
1300526,0.0,0.0,0.0,0.0,0.0,1.0,0.0
1300586,0.0,0.0,0.0,0.0,0.0,2.0,0.0
1301086,0.0,0.0,0.0,0.0,0.0,0.0,0.0
1301192,0.0,0.0,0.0,0.0,0.0,1.0,0.0
1301692,0.0,0.0,0.0,0.0,0.0,0.0,0.0
1301743,0.0,0.0,0.0,0.0,0.0,1.0,0.0
1302243,0.0,0.0,0.0,0.0,0.0,0.0,0.0
1302529,0.0,0.0,0.0,0.0,0.0,1.0,0.0
1303029,0.0,0.0,0.0,0.0,0.0,0.0,0.0
1303035,0.0,0.0,0.0,0.0,0.0,1.0,0.0
1303186,0.0,0.0,1.0,0.0,0.0,1.0,0.0
1303355,0.0,0.0,1.0,0.0,0.0,2.0,0.0
1303855,0.0,0.0,1.0,0.0,0.0,0.0,0.0
1304196,0.0,0.0,1.0,0.0,0.0,1.0,0.0
1304696,0.0,0.0,1.0,0.0,0.0,0.0,0.0
1304700,0.0,0.0,1.0,0.0,0.0,1.0,0.0
1305200,0.0,0.0,1.0,0.0,0.0,0.0,0.0
1305244,0.0,0.0,1.0,0.0,0.0,1.0,0.0
1305721,0.0,0.0,1.0,0.0,0.0,2.0,0.0
1306221,0.0,0.0,1.0,0.0,0.0,0.0,0.0
1306254,0.0,0.0,1.0,0.0,0.0,1.0,0.0
1306754,0.0,0.0,1.0,0.0,0.0,0.0,0.0
1307657,0.0,2.0,1.0,0.0,0.0,0.0,0.0
1308124,0.0,2.0,1.0,0.0,0.0,1.0,0.0
1308157,0.0,0.0,1.0,0.0,0.0,1.0,0.0
1308624,0.0,0.0,1.0,0.0,0.0,0.0,0.0
1308663,0.0,0.0,1.0,0.0,0.0,1.0,0.0
1309163,0.0,0.0,1.0,0.0,0.0,0.0,0.0
1310632,0.0,0.0,1.0,0.0,0.0,1.0,0.0
1310636,0.0,0.0,1.0,0.0,0.0,2.0,0.0
1311136,0.0,0.0,1.0,0.0,0.0,0.0,0.0
1311347,0.0,0.0,1.0,0.0,0.0,1.0,0.0
1311422,0.0,0.0,1.0,0.0,0.0,2.0,0.0
1311922,0.0,0.0,1.0,0.0,0.0,0.0,0.0
1312522,0.0,0.0,1.0,0.0,0.0,1.0,0.0
1313022,0.0,0.0,1.0,0.0,0.0,0.0,0.0
1313186,0.0,0.0,0.0,0.0,0.0,0.0,0.0
1314879,0.0,0.0,0.0,0.0,0.0,1.0,0.0
1315379,0.0,0.0,0.0,0.0,0.0,0.0,0.0
1324922,0.0,0.0,0.0,0.0,0.0,1.0,0.0
1325422,0.0,0.0,0.0,0.0,0.0,0.0,0.0
1328626,0.0,0.0,0.0,0.0,0.0,1.0,0.0
1329126,0.0,0.0,0.0,0.0,0.0,0.0,0.0
1330959,0.0,0.0,0.0,0.0,0.0,1.0,0.0
1330961,0.0,0.0,0.0,0.0,0.0,2.0,0.0
1331461,0.0,0.0,0.0,0.0,0.0,0.0,0.0
1331622,0.0,0.0,0.0,0.0,0.0,1.0,0.0
1332122,0.0,0.0,0.0,0.0,0.0,0.0,0.0
1336549,0.0,0.0,0.0,0.0,0.0,1.0,0.0
1337049,0.0,0.0,0.0,0.0,0.0,0.0,0.0
1337318,0.0,0.0,0.0,0.0,0.0,1.0,0.0
1337818,0.0,0.0,0.0,0.0,0.0,0.0,0.0
1338530,0.0,0.0,0.0,0.0,0.0,1.0,0.0
1339030,0.0,0.0,0.0,0.0,0.0,0.0,0.0
1340420,0.0,0.0,0.0,0.0,0.0,1.0,0.0
1340920,0.0,0.0,0.0,0.0,0.0,0.0,0.0
1341409,0.0,0.0,0.0,0.0,0.0,1.0,0.0
1341909,0.0,0.0,0.0,0.0,0.0,0.0,0.0
1343356,0.0,0.0,0.0,0.0,0.0,1.0,0.0
1343358,0.0,0.0,0.0,0.0,0.0,2.0,0.0
1343858,0.0,0.0,0.0,0.0,0.0,0.0,0.0
1344955,0.0,0.0,0.0,0.0,0.0,1.0,0.0
1345455,0.0,0.0,0.0,0.0,0.0,0.0,0.0
1348381,0.0,0.0,0.0,0.0,0.0,1.0,0.0
1348881,0.0,0.0,0.0,0.0,0.0,0.0,0.0
1348947,0.0,0.0,0.0,0.0,0.0,1.0,0.0
1348949,0.0,0.0,0.0,0.0,1.0,2.0,0.0
1349449,0.0,0.0,0.0,0.0,0.0,0.0,0.0
1354128,0.0,0.0,0.0,0.0,0.0,1.0,0.0
1354129,0.0,0.0,0.0,0.0,0.0,2.0,0.0
1354629,0.0,0.0,0.0,0.0,0.0,0.0,0.0
1356019,0.0,0.0,0.0,0.0,0.0,1.0,0.0
1356519,0.0,0.0,0.0,0.0,0.0,0.0,0.0
1357113,0.0,0.0,0.0,0.0,0.0,1.0,0.0
1357613,0.0,0.0,0.0,0.0,0.0,0.0,0.0
1358404,0.0,0.0,0.0,0.0,0.0,1.0,0.0
1358904,0.0,0.0,0.0,0.0,0.0,0.0,0.0
1360577,0.0,0.0,0.0,0.0,0.0,1.0,0.0
1361077,0.0,0.0,0.0,0.0,0.0,0.0,0.0
1362072,0.0,0.0,0.0,0.0,0.0,1.0,0.0
1362073,0.0,0.0,0.0,0.0,0.0,2.0,0.0
1362573,0.0,0.0,0.0,0.0,0.0,0.0,0.0
1365264,0.0,0.0,0.0,0.0,0.0,1.0,0.0
1365764,0.0,0.0,0.0,0.0,0.0,0.0,0.0
1366977,0.0,0.0,0.0,0.0,0.0,1.0,0.0
1367477,0.0,0.0,0.0,0.0,0.0,0.0,0.0
1371159,0.0,0.0,0.0,0.0,0.0,1.0,0.0
1371659,0.0,0.0,0.0,0.0,0.0,0.0,0.0
1373954,0.0,0.0,0.0,0.0,0.0,1.0,0.0
1374454,0.0,0.0,0.0,0.0,0.0,0.0,0.0
1376273,0.0,0.0,0.0,0.0,0.0,1.0,0.0
1376773,0.0,0.0,0.0,0.0,0.0,0.0,0.0
1377394,0.0,0.0,0.0,0.0,0.0,1.0,0.0
1377396,0.0,0.0,0.0,0.0,0.0,2.0,0.0
1377896,0.0,0.0,0.0,0.0,0.0,0.0,0.0
1380308,0.0,0.0,0.0,0.0,0.0,1.0,0.0
1380310,0.0,0.0,0.0,0.0,0.0,2.0,0.0
1380810,0.0,0.0,0.0,0.0,0.0,0.0,0.0
1382146,0.0,0.0,0.0,0.0,0.0,1.0,0.0
1382147,0.0,0.0,0.0,0.0,0.0,2.0,0.0
1382647,0.0,0.0,0.0,0.0,0.0,0.0,0.0
1382903,0.0,0.0,0.0,0.0,0.0,1.0,0.0
1383403,0.0,0.0,0.0,0.0,0.0,0.0,0.0
1384259,0.0,0.0,0.0,0.0,0.0,1.0,0.0
1384759,0.0,0.0,0.0,0.0,0.0,0.0,0.0
1384761,0.0,0.0,0.0,0.0,0.0,1.0,0.0
1385261,0.0,0.0,0.0,0.0,0.0,0.0,0.0
1388755,0.0,0.0,0.0,0.0,0.0,1.0,0.0
1389255,0.0,0.0,0.0,0.0,0.0,0.0,0.0
1390767,0.0,0.0,0.0,0.0,0.0,1.0,0.0
1390772,0.0,0.0,0.0,0.0,0.0,2.0,0.0
1391272,0.0,0.0,0.0,0.0,0.0,0.0,0.0
1393980,0.0,0.0,0.0,0.0,0.0,1.0,0.0
1393984,0.0,0.0,0.0,0.0,0.0,2.0,0.0
1394484,0.0,0.0,0.0,0.0,0.0,0.0,0.0
1398106,0.0,0.0,0.0,0.0,0.0,1.0,0.0
1398109,0.0,0.0,0.0,0.0,0.0,2.0,0.0
1398609,0.0,0.0,0.0,0.0,0.0,0.0,0.0
1398854,0.0,0.0,0.0,0.0,0.0,1.0,0.0
1399354,0.0,0.0,0.0,0.0,0.0,0.0,0.0
1400464,0.0,0.0,0.0,0.0,0.0,1.0,0.0
1400964,0.0,0.0,0.0,0.0,0.0,0.0,0.0
1401236,0.0,0.0,0.0,0.0,0.0,1.0,0.0
1401736,0.0,0.0,0.0,0.0,0.0,0.0,0.0
1403383,0.0,0.0,0.0,0.0,0.0,1.0,0.0
1403883,0.0,0.0,0.0,0.0,0.0,0.0,0.0
1404396,0.0,0.0,0.0,0.0,0.0,1.0,0.0
1404402,0.0,0.0,0.0,0.0,0.0,2.0,0.0
1404902,0.0,0.0,0.0,0.0,0.0,0.0,0.0
1405951,0.0,0.0,0.0,0.0,0.0,1.0,0.0
1406451,0.0,0.0,0.0,0.0,0.0,0.0,0.0
1408742,0.0,0.0,0.0,0.0,0.0,1.0,0.0
1408744,0.0,0.0,0.0,0.0,0.0,2.0,0.0
1409244,0.0,0.0,0.0,0.0,0.0,0.0,0.0
1413000,0.0,0.0,0.0,0.0,0.0,0.0,1.0
1413500,0.0,0.0,0.0,0.0,0.0,0.0,0.0
1413541,0.0,0.0,0.0,0.0,0.0,1.0,0.0
1413574,0.0,0.0,0.0,0.0,0.0,2.0,0.0
1413631,2.0,0.0,0.0,0.0,0.0,2.0,0.0
1413688,2.0,2.0,0.0,0.0,0.0,2.0,0.0
1414074,2.0,2.0,0.0,0.0,0.0,0.0,0.0
1414115,2.0,2.0,0.0,0.0,0.0,1.0,0.0
1414131,0.0,2.0,0.0,0.0,0.0,1.0,0.0
1414188,0.0,0.0,0.0,0.0,0.0,1.0,0.0
1414207,2.0,0.0,0.0,0.0,0.0,1.0,0.0
1414221,2.0,0.0,0.0,0.0,1.0,1.0,0.0
1414304,2.0,0.0,0.0,0.0,1.0,2.0,0.0
1414328,2.0,0.0,0.0,0.0,2.0,2.0,0.0
1414707,0.0,0.0,0.0,0.0,2.0,2.0,0.0
1414804,0.0,0.0,0.0,0.0,2.0,0.0,0.0
1414828,0.0,0.0,0.0,0.0,0.0,0.0,0.0
1414884,0.0,0.0,0.0,0.0,0.0,1.0,0.0
1415230,0.0,0.0,1.0,0.0,0.0,1.0,0.0
1415384,0.0,0.0,1.0,0.0,0.0,0.0,0.0
1415999,2.0,0.0,1.0,0.0,0.0,0.0,0.0
1416148,2.0,0.0,1.0,0.0,0.0,1.0,0.0
1416217,2.0,2.0,1.0,0.0,0.0,1.0,0.0
1416218,2.0,2.0,1.0,0.0,0.0,2.0,0.0
1416499,0.0,2.0,1.0,0.0,0.0,2.0,0.0
1416508,0.0,2.0,2.0,0.0,0.0,2.0,0.0
1416717,0.0,0.0,2.0,0.0,0.0,2.0,0.0
1416718,0.0,0.0,2.0,0.0,0.0,0.0,0.0
1417008,0.0,0.0,0.0,0.0,0.0,0.0,0.0
1417243,0.0,0.0,0.0,0.0,0.0,1.0,0.0
1417273,0.0,0.0,0.0,0.0,0.0,2.0,0.0
1417773,0.0,0.0,0.0,0.0,0.0,0.0,0.0
1417778,0.0,0.0,0.0,0.0,0.0,1.0,0.0
1417943,0.0,0.0,0.0,0.0,0.0,2.0,0.0
1418443,0.0,0.0,0.0,0.0,0.0,0.0,0.0
1418774,0.0,0.0,0.0,0.0,0.0,1.0,0.0
1418831,0.0,0.0,0.0,0.0,0.0,2.0,0.0
1419331,0.0,0.0,0.0,0.0,0.0,0.0,0.0
1419830,0.0,0.0,0.0,0.0,0.0,1.0,0.0
1420330,0.0,0.0,0.0,0.0,0.0,0.0,0.0
1422254,0.0,0.0,0.0,0.0,0.0,1.0,0.0
1422754,0.0,0.0,0.0,0.0,0.0,0.0,0.0
1422862,0.0,0.0,0.0,0.0,0.0,1.0,0.0
1423362,0.0,0.0,0.0,0.0,0.0,0.0,0.0
1423710,0.0,0.0,0.0,0.0,0.0,1.0,0.0
1424210,0.0,0.0,0.0,0.0,0.0,0.0,0.0
1424551,0.0,0.0,0.0,0.0,0.0,1.0,0.0
1425551,0.0,0.0,0.0,0.0,0.0,0.0,0.0
1425576,0.0,0.0,0.0,0.0,0.0,1.0,0.0
1425795,0.0,0.0,0.0,0.0,0.0,2.0,0.0
1426295,0.0,0.0,0.0,0.0,0.0,0.0,0.0
1427476,0.0,0.0,0.0,0.0,0.0,1.0,0.0
1427485,0.0,2.0,0.0,0.0,0.0,1.0,0.0
1427976,0.0,2.0,0.0,0.0,0.0,0.0,0.0
1427985,0.0,0.0,0.0,0.0,0.0,0.0,0.0
1428522,0.0,0.0,0.0,0.0,0.0,1.0,0.0
1428619,0.0,0.0,0.0,0.0,0.0,2.0,0.0
1429119,0.0,0.0,0.0,0.0,0.0,0.0,0.0
1429675,0.0,0.0,0.0,0.0,0.0,1.0,0.0
1430175,0.0,0.0,0.0,0.0,0.0,0.0,0.0
1430492,0.0,0.0,0.0,0.0,0.0,1.0,0.0
1430992,0.0,0.0,0.0,0.0,0.0,0.0,0.0
1432094,0.0,0.0,0.0,0.0,0.0,1.0,0.0
1432594,0.0,0.0,0.0,0.0,0.0,0.0,0.0
1432640,0.0,0.0,0.0,0.0,0.0,1.0,0.0
1433140,0.0,0.0,0.0,0.0,0.0,0.0,0.0
1433636,0.0,2.0,0.0,0.0,0.0,0.0,0.0
1433637,0.0,2.0,0.0,0.0,0.0,1.0,0.0
1434136,0.0,0.0,0.0,0.0,0.0,1.0,0.0
1434137,0.0,0.0,0.0,0.0,0.0,0.0,0.0
1434162,0.0,0.0,0.0,0.0,0.0,1.0,0.0
1434166,0.0,0.0,0.0,0.0,0.0,2.0,0.0
1434666,0.0,0.0,0.0,0.0,0.0,0.0,0.0
1434683,0.0,0.0,0.0,0.0,0.0,1.0,0.0
1434686,0.0,0.0,0.0,0.0,0.0,2.0,0.0
1435186,0.0,0.0,0.0,0.0,0.0,0.0,0.0
1436045,0.0,0.0,0.0,0.0,0.0,1.0,0.0
1436425,0.0,0.0,0.0,0.0,0.0,2.0,0.0
1436925,0.0,0.0,0.0,0.0,0.0,0.0,0.0
1437444,0.0,0.0,0.0,0.0,0.0,1.0,0.0
1437448,0.0,0.0,0.0,0.0,0.0,2.0,0.0
1437948,0.0,0.0,0.0,0.0,0.0,0.0,0.0
1438081,0.0,0.0,0.0,0.0,0.0,1.0,0.0
1438519,0.0,0.0,0.0,0.0,0.0,2.0,0.0
1439019,0.0,0.0,0.0,0.0,0.0,0.0,0.0
1440584,0.0,0.0,0.0,0.0,0.0,1.0,0.0
1441015,0.0,0.0,0.0,0.0,0.0,2.0,0.0
1441515,0.0,0.0,0.0,0.0,0.0,0.0,0.0
1441747,0.0,0.0,0.0,0.0,0.0,1.0,0.0
1442102,0.0,0.0,0.0,0.0,0.0,2.0,0.0
1442602,0.0,0.0,0.0,0.0,0.0,0.0,0.0
1442930,0.0,0.0,0.0,0.0,0.0,1.0,0.0
1443234,0.0,0.0,0.0,0.0,0.0,2.0,0.0
1443734,0.0,0.0,0.0,0.0,0.0,0.0,0.0
1445039,0.0,0.0,0.0,0.0,0.0,1.0,0.0
1445351,0.0,0.0,0.0,0.0,0.0,2.0,0.0
1445851,0.0,0.0,0.0,0.0,0.0,0.0,0.0
1447098,0.0,0.0,0.0,0.0,0.0,1.0,0.0
1447598,0.0,0.0,0.0,0.0,0.0,0.0,0.0
1448009,0.0,0.0,0.0,0.0,0.0,1.0,0.0
1448021,0.0,0.0,0.0,0.0,0.0,2.0,0.0
1448521,0.0,0.0,0.0,0.0,0.0,0.0,0.0
1448886,0.0,0.0,0.0,0.0,0.0,1.0,0.0
1449171,0.0,0.0,0.0,0.0,0.0,2.0,0.0
1449671,0.0,0.0,0.0,0.0,0.0,0.0,0.0
1450123,0.0,0.0,0.0,0.0,0.0,1.0,0.0
1450623,0.0,0.0,0.0,0.0,0.0,0.0,0.0
1450750,0.0,0.0,0.0,0.0,0.0,1.0,0.0
1450780,0.0,0.0,0.0,0.0,0.0,2.0,0.0
1451280,0.0,0.0,0.0,0.0,0.0,0.0,0.0
1452080,0.0,0.0,0.0,0.0,0.0,1.0,0.0
1452580,0.0,0.0,0.0,0.0,0.0,0.0,0.0
1453874,0.0,0.0,0.0,0.0,0.0,1.0,0.0
1454374,0.0,0.0,0.0,0.0,0.0,0.0,0.0
1455222,0.0,0.0,0.0,0.0,0.0,1.0,0.0
1455233,0.0,0.0,0.0,0.0,0.0,2.0,0.0
1455733,0.0,0.0,0.0,0.0,0.0,0.0,0.0
1455800,0.0,0.0,0.0,0.0,0.0,1.0,0.0
1455802,0.0,0.0,0.0,0.0,0.0,2.0,0.0
1456302,0.0,0.0,0.0,0.0,0.0,0.0,0.0
1456358,0.0,0.0,0.0,0.0,0.0,1.0,0.0
1456758,0.0,0.0,0.0,0.0,0.0,2.0,0.0
1457258,0.0,0.0,0.0,0.0,0.0,0.0,0.0
1458669,0.0,0.0,0.0,0.0,0.0,1.0,0.0
1458753,0.0,0.0,0.0,0.0,0.0,2.0,0.0
1458929,0.0,2.0,0.0,0.0,0.0,2.0,0.0
1459253,0.0,2.0,0.0,0.0,0.0,0.0,0.0
1459429,0.0,0.0,0.0,0.0,0.0,0.0,0.0
1460213,0.0,0.0,0.0,0.0,0.0,1.0,0.0
1460713,0.0,0.0,0.0,0.0,0.0,0.0,0.0
1460897,0.0,0.0,0.0,0.0,0.0,1.0,0.0
1460900,0.0,0.0,0.0,0.0,0.0,2.0,0.0
1461400,0.0,0.0,0.0,0.0,0.0,0.0,0.0
1462007,0.0,0.0,0.0,0.0,0.0,1.0,0.0
1462056,0.0,0.0,0.0,0.0,0.0,2.0,0.0
1462556,0.0,0.0,0.0,0.0,0.0,0.0,0.0
1462867,0.0,0.0,0.0,0.0,0.0,1.0,0.0
1463367,0.0,0.0,0.0,0.0,0.0,0.0,0.0
1463413,0.0,0.0,0.0,0.0,0.0,1.0,0.0
1463913,0.0,0.0,0.0,0.0,0.0,0.0,0.0
1464019,0.0,0.0,0.0,0.0,0.0,1.0,0.0
1464519,0.0,0.0,0.0,0.0,0.0,0.0,0.0
1465435,0.0,0.0,0.0,0.0,0.0,1.0,0.0
1465719,0.0,0.0,0.0,0.0,0.0,2.0,0.0
1466219,0.0,0.0,0.0,0.0,0.0,0.0,0.0
1466231,0.0,0.0,0.0,0.0,0.0,1.0,0.0
1466346,0.0,0.0,0.0,0.0,0.0,2.0,0.0
1466846,0.0,0.0,0.0,0.0,0.0,0.0,0.0
1466917,0.0,0.0,0.0,0.0,0.0,1.0,0.0
1467155,0.0,0.0,0.0,0.0,0.0,2.0,0.0
1467655,0.0,0.0,0.0,0.0,0.0,0.0,0.0
1467919,0.0,2.0,0.0,0.0,0.0,0.0,0.0
1468419,0.0,0.0,0.0,0.0,0.0,0.0,0.0
1469226,0.0,0.0,0.0,0.0,0.0,1.0,0.0
1469726,0.0,0.0,0.0,0.0,0.0,0.0,0.0
1469892,0.0,0.0,0.0,0.0,0.0,1.0,0.0
1470392,0.0,0.0,0.0,0.0,0.0,0.0,0.0
1470677,0.0,0.0,0.0,0.0,0.0,1.0,0.0
1471120,0.0,0.0,0.0,0.0,0.0,2.0,0.0
1471620,0.0,0.0,0.0,0.0,0.0,0.0,0.0
1471893,0.0,0.0,0.0,0.0,0.0,1.0,0.0
1472393,0.0,0.0,0.0,0.0,0.0,0.0,0.0
1474260,0.0,0.0,0.0,0.0,0.0,1.0,0.0
1474430,0.0,0.0,0.0,0.0,0.0,2.0,0.0
1474930,0.0,0.0,0.0,0.0,0.0,0.0,0.0
1475932,0.0,0.0,0.0,0.0,0.0,1.0,0.0
1476156,0.0,0.0,0.0,0.0,0.0,2.0,0.0
1476656,0.0,0.0,0.0,0.0,0.0,0.0,0.0
1476677,0.0,0.0,0.0,0.0,0.0,1.0,0.0
1477177,0.0,0.0,0.0,0.0,0.0,0.0,0.0
1478096,0.0,0.0,0.0,0.0,1.0,0.0,0.0
1478596,0.0,0.0,0.0,0.0,0.0,0.0,0.0
1479192,0.0,0.0,0.0,0.0,0.0,1.0,0.0
1479692,0.0,0.0,0.0,0.0,0.0,0.0,0.0
1481343,0.0,0.0,0.0,0.0,0.0,1.0,0.0
1481349,0.0,0.0,0.0,0.0,0.0,2.0,0.0
1481849,0.0,0.0,0.0,0.0,0.0,0.0,0.0
1482697,0.0,2.0,0.0,0.0,0.0,0.0,0.0
1482746,0.0,2.0,0.0,0.0,0.0,1.0,0.0
1483197,0.0,0.0,0.0,0.0,0.0,1.0,0.0
1483246,0.0,0.0,0.0,0.0,0.0,0.0,0.0
1484004,0.0,0.0,0.0,0.0,0.0,1.0,0.0
1484007,0.0,0.0,0.0,0.0,0.0,2.0,0.0
1484507,0.0,0.0,0.0,0.0,0.0,0.0,0.0
1484826,0.0,0.0,0.0,0.0,0.0,1.0,0.0
1485326,0.0,0.0,0.0,0.0,0.0,0.0,0.0
1487595,0.0,0.0,0.0,0.0,0.0,1.0,0.0
1487625,0.0,0.0,0.0,0.0,0.0,2.0,0.0
1488125,0.0,0.0,0.0,0.0,0.0,0.0,0.0
1488320,0.0,0.0,0.0,0.0,0.0,1.0,0.0
1488360,0.0,0.0,0.0,0.0,0.0,2.0,0.0
1488860,0.0,0.0,0.0,0.0,0.0,0.0,0.0
1489417,0.0,0.0,0.0,0.0,0.0,1.0,0.0
1489483,0.0,0.0,0.0,0.0,0.0,2.0,0.0
1489983,0.0,0.0,0.0,0.0,0.0,0.0,0.0
1490767,0.0,0.0,0.0,0.0,0.0,1.0,0.0
1491267,0.0,0.0,0.0,0.0,0.0,0.0,0.0
1491512,0.0,0.0,0.0,0.0,0.0,1.0,0.0
1491515,0.0,0.0,0.0,0.0,0.0,2.0,0.0
1492015,0.0,0.0,0.0,0.0,0.0,0.0,0.0
1492198,0.0,0.0,0.0,0.0,0.0,1.0,0.0
1492201,0.0,0.0,0.0,0.0,0.0,2.0,0.0
1492701,0.0,0.0,0.0,0.0,0.0,0.0,0.0
1492706,0.0,0.0,0.0,0.0,0.0,1.0,0.0
1493206,0.0,0.0,0.0,0.0,0.0,0.0,0.0
1493370,0.0,0.0,0.0,0.0,0.0,1.0,0.0
1493595,0.0,0.0,0.0,0.0,0.0,2.0,0.0
1494095,0.0,0.0,0.0,0.0,0.0,0.0,0.0
1494703,0.0,0.0,0.0,0.0,0.0,1.0,0.0
1494707,0.0,0.0,0.0,0.0,0.0,2.0,0.0
1495207,0.0,0.0,0.0,0.0,0.0,0.0,0.0
1496479,0.0,0.0,0.0,0.0,0.0,1.0,0.0
1496630,0.0,0.0,0.0,0.0,0.0,2.0,0.0
1497130,0.0,0.0,0.0,0.0,0.0,0.0,0.0
1497715,0.0,0.0,0.0,0.0,0.0,1.0,0.0
1498203,0.0,0.0,0.0,0.0,0.0,2.0,0.0
1498703,0.0,0.0,0.0,0.0,0.0,0.0,0.0
1498995,0.0,0.0,0.0,0.0,0.0,1.0,0.0
1499495,0.0,0.0,0.0,0.0,0.0,0.0,0.0
1499638,0.0,0.0,0.0,0.0,0.0,1.0,0.0
1499919,0.0,0.0,0.0,0.0,0.0,2.0,0.0
1500419,0.0,0.0,0.0,0.0,0.0,0.0,0.0
1500524,0.0,0.0,0.0,0.0,0.0,1.0,0.0
1501022,0.0,0.0,0.0,0.0,0.0,2.0,0.0
1501522,0.0,0.0,0.0,0.0,0.0,0.0,0.0
1501833,0.0,0.0,0.0,0.0,0.0,1.0,0.0
1502333,0.0,0.0,0.0,0.0,0.0,0.0,0.0
1502828,0.0,0.0,0.0,0.0,0.0,1.0,0.0
1503328,0.0,0.0,0.0,0.0,0.0,0.0,0.0
1503754,0.0,0.0,0.0,0.0,0.0,1.0,0.0
1504254,0.0,0.0,0.0,0.0,0.0,0.0,0.0
1504475,0.0,0.0,0.0,0.0,0.0,1.0,0.0
1504706,0.0,0.0,0.0,0.0,0.0,2.0,0.0
1505206,0.0,0.0,0.0,0.0,0.0,0.0,0.0
1505330,0.0,0.0,0.0,0.0,0.0,1.0,0.0
1505830,0.0,0.0,0.0,0.0,0.0,0.0,0.0
1505835,0.0,0.0,0.0,0.0,0.0,1.0,0.0
1506106,0.0,0.0,0.0,0.0,0.0,2.0,0.0
1506606,0.0,0.0,0.0,0.0,0.0,0.0,0.0
1506932,0.0,0.0,0.0,0.0,0.0,1.0,0.0
1507432,0.0,0.0,0.0,0.0,0.0,0.0,0.0
1507712,0.0,0.0,0.0,0.0,0.0,1.0,0.0
1508090,0.0,0.0,0.0,0.0,0.0,2.0,0.0
1508590,0.0,0.0,0.0,0.0,0.0,0.0,0.0
1508737,0.0,0.0,0.0,0.0,0.0,1.0,0.0
1509237,0.0,0.0,0.0,0.0,0.0,0.0,0.0
1509320,0.0,0.0,0.0,0.0,0.0,1.0,0.0
1509326,0.0,0.0,0.0,0.0,0.0,2.0,0.0
1509826,0.0,0.0,0.0,0.0,0.0,0.0,0.0
1510467,0.0,0.0,0.0,0.0,0.0,1.0,0.0
1510502,0.0,0.0,0.0,0.0,0.0,2.0,0.0
1511002,0.0,0.0,0.0,0.0,0.0,0.0,0.0
1511680,0.0,0.0,0.0,0.0,0.0,1.0,0.0
1512180,0.0,0.0,0.0,0.0,0.0,0.0,0.0
1512537,0.0,0.0,0.0,0.0,0.0,1.0,0.0
1513037,0.0,0.0,0.0,0.0,0.0,0.0,0.0
1513374,0.0,0.0,0.0,0.0,0.0,1.0,0.0
1513845,0.0,0.0,0.0,0.0,0.0,2.0,0.0
1514345,0.0,0.0,0.0,0.0,0.0,0.0,0.0
1516606,0.0,0.0,0.0,0.0,0.0,1.0,0.0
1517015,0.0,0.0,0.0,0.0,0.0,2.0,0.0
1517515,0.0,0.0,0.0,0.0,0.0,0.0,0.0
1519752,0.0,0.0,0.0,0.0,0.0,1.0,0.0
1519754,0.0,0.0,0.0,0.0,1.0,1.0,0.0
1520252,0.0,0.0,0.0,0.0,1.0,0.0,0.0
1520254,0.0,0.0,0.0,0.0,0.0,0.0,0.0
1521582,0.0,0.0,0.0,0.0,0.0,1.0,0.0
1522082,0.0,0.0,0.0,0.0,0.0,0.0,0.0
1522249,0.0,0.0,0.0,0.0,1.0,0.0,0.0
1522252,0.0,0.0,0.0,0.0,1.0,1.0,0.0
1522749,0.0,0.0,0.0,0.0,0.0,1.0,0.0
1522752,0.0,0.0,0.0,0.0,0.0,0.0,0.0
1523698,0.0,0.0,0.0,0.0,0.0,1.0,0.0
1524198,0.0,0.0,0.0,0.0,0.0,0.0,0.0
1525728,0.0,0.0,0.0,0.0,1.0,0.0,0.0
1525729,0.0,0.0,0.0,0.0,2.0,0.0,0.0
1525730,0.0,0.0,0.0,0.0,2.0,1.0,0.0
1526229,0.0,0.0,0.0,0.0,0.0,1.0,0.0
1526230,0.0,0.0,0.0,0.0,0.0,0.0,0.0
1526428,0.0,0.0,0.0,0.0,0.0,1.0,0.0
1526928,0.0,0.0,0.0,0.0,0.0,0.0,0.0
1527987,0.0,0.0,0.0,0.0,0.0,1.0,0.0
1528092,0.0,0.0,0.0,0.0,0.0,2.0,0.0
1528592,0.0,0.0,0.0,0.0,0.0,0.0,0.0
1529656,0.0,0.0,0.0,0.0,1.0,0.0,0.0
1529685,0.0,0.0,0.0,0.0,1.0,1.0,0.0
1530156,0.0,0.0,0.0,0.0,0.0,1.0,0.0
1530185,0.0,0.0,0.0,0.0,0.0,0.0,0.0
1530912,0.0,0.0,0.0,0.0,0.0,1.0,0.0
1531412,0.0,0.0,0.0,0.0,0.0,0.0,0.0
1534574,0.0,0.0,0.0,0.0,0.0,1.0,0.0
1535074,0.0,0.0,0.0,0.0,0.0,0.0,0.0
1537401,0.0,0.0,0.0,0.0,0.0,1.0,0.0
1537901,0.0,0.0,0.0,0.0,0.0,0.0,0.0
1540865,0.0,0.0,0.0,0.0,0.0,1.0,0.0
1541365,0.0,0.0,0.0,0.0,0.0,0.0,0.0
1542005,0.0,0.0,0.0,0.0,0.0,1.0,0.0
1542505,0.0,0.0,0.0,0.0,0.0,0.0,0.0
1542754,0.0,0.0,0.0,0.0,0.0,1.0,0.0
1543254,0.0,0.0,0.0,0.0,0.0,0.0,0.0
1543420,0.0,0.0,0.0,0.0,0.0,1.0,0.0
1543920,0.0,0.0,0.0,0.0,0.0,0.0,0.0
1543980,0.0,0.0,0.0,0.0,0.0,1.0,0.0
1544480,0.0,0.0,0.0,0.0,0.0,0.0,0.0
1544730,0.0,0.0,0.0,0.0,0.0,1.0,0.0
1545230,0.0,0.0,0.0,0.0,0.0,0.0,0.0
1546034,0.0,0.0,0.0,0.0,0.0,1.0,0.0
1546534,0.0,0.0,0.0,0.0,0.0,0.0,0.0
1548921,0.0,0.0,0.0,0.0,0.0,1.0,0.0
1549421,0.0,0.0,0.0,0.0,0.0,0.0,0.0
1550183,0.0,0.0,0.0,0.0,0.0,1.0,0.0
1550683,0.0,0.0,0.0,0.0,0.0,0.0,0.0
1551980,0.0,0.0,0.0,0.0,0.0,1.0,0.0
1552193,0.0,0.0,0.0,0.0,0.0,2.0,0.0
1552693,0.0,0.0,0.0,0.0,0.0,0.0,0.0
1553051,0.0,0.0,0.0,0.0,0.0,1.0,0.0
1553551,0.0,0.0,0.0,0.0,0.0,0.0,0.0
1554517,0.0,0.0,0.0,0.0,0.0,1.0,0.0
1554520,0.0,0.0,0.0,0.0,1.0,2.0,0.0
1554537,0.0,0.0,0.0,0.0,2.0,2.0,0.0
1555020,0.0,0.0,0.0,0.0,2.0,0.0,0.0
1555037,0.0,0.0,0.0,0.0,0.0,0.0,0.0
1555417,0.0,0.0,0.0,0.0,1.0,0.0,0.0
1555835,0.0,0.0,0.0,0.0,1.0,1.0,0.0
1555917,0.0,0.0,0.0,0.0,0.0,1.0,0.0
1556335,0.0,0.0,0.0,0.0,0.0,0.0,0.0
1560330,0.0,0.0,0.0,0.0,0.0,1.0,0.0
1560830,0.0,0.0,0.0,0.0,0.0,0.0,0.0
1563986,0.0,0.0,0.0,0.0,0.0,1.0,0.0
1563991,0.0,0.0,0.0,0.0,1.0,1.0,0.0
1564001,0.0,0.0,0.0,0.0,2.0,2.0,0.0
1564501,0.0,0.0,0.0,0.0,0.0,0.0,0.0
1565180,0.0,0.0,0.0,0.0,0.0,1.0,0.0
1565680,0.0,0.0,0.0,0.0,0.0,0.0,0.0
1567411,0.0,0.0,0.0,0.0,0.0,1.0,0.0
1567415,0.0,0.0,0.0,0.0,0.0,2.0,0.0
1567915,0.0,0.0,0.0,0.0,0.0,0.0,0.0
1575269,0.0,0.0,0.0,0.0,0.0,1.0,0.0
1575769,0.0,0.0,0.0,0.0,0.0,0.0,0.0
1576560,0.0,0.0,0.0,0.0,0.0,1.0,0.0
1576567,0.0,0.0,0.0,0.0,0.0,2.0,0.0
1577067,0.0,0.0,0.0,0.0,0.0,0.0,0.0
1577315,0.0,0.0,0.0,0.0,0.0,1.0,0.0
1577319,0.0,0.0,0.0,0.0,0.0,2.0,0.0
1577819,0.0,0.0,0.0,0.0,0.0,0.0,0.0
1580085,0.0,0.0,0.0,0.0,0.0,1.0,0.0
1580585,0.0,0.0,0.0,0.0,0.0,0.0,0.0
1582057,0.0,0.0,0.0,0.0,0.0,1.0,0.0
1582066,0.0,0.0,0.0,0.0,1.0,2.0,0.0
1582566,0.0,0.0,0.0,0.0,0.0,0.0,0.0
1582599,0.0,0.0,0.0,0.0,0.0,1.0,0.0
1583099,0.0,0.0,0.0,0.0,0.0,0.0,0.0
1584493,0.0,0.0,0.0,0.0,0.0,1.0,0.0
1584993,0.0,0.0,0.0,0.0,0.0,0.0,0.0
1585707,0.0,0.0,0.0,0.0,0.0,1.0,0.0
1586207,0.0,0.0,0.0,0.0,0.0,0.0,0.0
1588798,0.0,0.0,0.0,0.0,0.0,1.0,0.0
1589298,0.0,0.0,0.0,0.0,0.0,0.0,0.0
1590394,0.0,0.0,0.0,0.0,0.0,1.0,0.0
1590894,0.0,0.0,0.0,0.0,0.0,0.0,0.0
1591307,0.0,0.0,0.0,0.0,0.0,1.0,0.0
1591807,0.0,0.0,0.0,0.0,0.0,0.0,0.0
1592671,0.0,0.0,0.0,0.0,0.0,1.0,0.0
1593171,0.0,0.0,0.0,0.0,0.0,0.0,0.0
1593822,0.0,0.0,0.0,0.0,0.0,1.0,0.0
1593860,0.0,0.0,0.0,0.0,1.0,1.0,0.0
1594322,0.0,0.0,0.0,0.0,1.0,0.0,0.0
1594360,0.0,0.0,0.0,0.0,0.0,0.0,0.0
1594712,0.0,0.0,0.0,0.0,0.0,1.0,0.0
1595212,0.0,0.0,0.0,0.0,0.0,0.0,0.0
1597018,0.0,0.0,0.0,0.0,0.0,1.0,0.0
1597518,0.0,0.0,0.0,0.0,0.0,0.0,0.0
1597778,0.0,0.0,0.0,0.0,0.0,1.0,0.0
1598278,0.0,0.0,0.0,0.0,0.0,0.0,0.0
1604115,0.0,0.0,0.0,0.0,0.0,1.0,0.0
1604615,0.0,0.0,0.0,0.0,0.0,0.0,0.0
1604784,0.0,0.0,0.0,0.0,0.0,1.0,0.0
1605284,0.0,0.0,0.0,0.0,0.0,0.0,0.0
1606085,0.0,0.0,0.0,0.0,0.0,1.0,0.0
1606087,0.0,0.0,0.0,0.0,0.0,2.0,0.0
1606587,0.0,0.0,0.0,0.0,0.0,0.0,0.0
1607918,0.0,0.0,0.0,0.0,0.0,1.0,0.0
1608418,0.0,0.0,0.0,0.0,0.0,0.0,0.0
1609234,0.0,0.0,0.0,0.0,0.0,1.0,0.0
1609236,0.0,0.0,0.0,0.0,0.0,2.0,0.0
1609736,0.0,0.0,0.0,0.0,0.0,0.0,0.0
1610502,0.0,0.0,0.0,0.0,0.0,1.0,0.0
1611002,0.0,0.0,0.0,0.0,0.0,0.0,0.0
1612555,0.0,0.0,0.0,0.0,0.0,1.0,0.0
1612566,0.0,0.0,0.0,0.0,0.0,2.0,0.0
1613066,0.0,0.0,0.0,0.0,0.0,0.0,0.0
1615000,0.0,0.0,0.0,0.0,0.0,0.0,1.0
1615495,0.0,0.0,0.0,0.0,0.0,1.0,1.0
1615500,0.0,0.0,0.0,0.0,0.0,1.0,0.0
1615508,0.0,0.0,0.0,0.0,0.0,2.0,0.0
1615551,2.0,0.0,0.0,0.0,0.0,2.0,0.0
1615672,2.0,0.0,0.0,0.0,1.0,2.0,0.0
1615730,2.0,2.0,0.0,0.0,1.0,2.0,0.0
1615735,2.0,2.0,0.0,0.0,2.0,2.0,0.0
1616008,2.0,2.0,0.0,0.0,2.0,0.0,0.0
1616051,0.0,2.0,0.0,0.0,2.0,0.0,0.0
1616140,0.0,2.0,0.0,0.0,2.0,1.0,0.0
1616146,0.0,2.0,0.0,0.0,2.0,2.0,0.0
1616159,2.0,2.0,0.0,0.0,2.0,2.0,0.0
1616230,2.0,0.0,0.0,0.0,2.0,2.0,0.0
1616235,2.0,0.0,0.0,0.0,0.0,2.0,0.0
1616646,2.0,0.0,0.0,0.0,0.0,0.0,0.0
1616659,0.0,0.0,0.0,0.0,0.0,0.0,0.0
1617054,0.0,0.0,0.0,0.0,0.0,1.0,0.0
1617057,0.0,0.0,0.0,0.0,0.0,2.0,0.0
1617177,0.0,0.0,1.0,0.0,0.0,2.0,0.0
1617296,0.0,2.0,1.0,0.0,0.0,2.0,0.0
1617557,0.0,2.0,1.0,0.0,0.0,0.0,0.0
1617664,0.0,2.0,1.0,0.0,0.0,1.0,0.0
1617667,0.0,2.0,1.0,0.0,0.0,2.0,0.0
1617796,0.0,0.0,1.0,0.0,0.0,2.0,0.0
1617803,0.0,0.0,1.0,0.0,1.0,2.0,0.0
1618167,0.0,0.0,1.0,0.0,1.0,0.0,0.0
1618303,0.0,0.0,1.0,0.0,0.0,0.0,0.0
1618756,0.0,0.0,2.0,0.0,0.0,0.0,0.0
1618820,0.0,0.0,2.0,0.0,0.0,1.0,0.0
1619100,0.0,0.0,2.0,0.0,0.0,2.0,0.0
1619256,0.0,0.0,0.0,0.0,0.0,2.0,0.0
1619600,0.0,0.0,0.0,0.0,0.0,0.0,0.0
1620214,0.0,0.0,0.0,0.0,0.0,1.0,0.0
1620714,0.0,0.0,0.0,0.0,0.0,0.0,0.0
1621679,0.0,0.0,0.0,0.0,0.0,1.0,0.0
1622179,0.0,0.0,0.0,0.0,0.0,0.0,0.0
1622299,0.0,0.0,0.0,0.0,0.0,1.0,0.0
1622694,0.0,0.0,0.0,0.0,0.0,2.0,0.0
1623194,0.0,0.0,0.0,0.0,0.0,0.0,0.0
1623541,0.0,0.0,0.0,0.0,0.0,1.0,0.0
1623903,0.0,0.0,0.0,0.0,0.0,2.0,0.0
1624403,0.0,0.0,0.0,0.0,0.0,0.0,0.0
1624693,0.0,0.0,0.0,0.0,0.0,1.0,0.0
1625056,0.0,2.0,0.0,0.0,0.0,1.0,0.0
1625193,0.0,2.0,0.0,0.0,0.0,0.0,0.0
1625260,0.0,2.0,0.0,0.0,0.0,1.0,0.0
1625268,0.0,2.0,0.0,0.0,0.0,2.0,0.0
1625391,0.0,2.0,0.0,0.0,1.0,2.0,0.0
1625556,0.0,0.0,0.0,0.0,1.0,2.0,0.0
1625768,0.0,0.0,0.0,0.0,1.0,0.0,0.0
1625891,0.0,0.0,0.0,0.0,0.0,0.0,0.0
1626172,0.0,0.0,0.0,0.0,0.0,1.0,0.0
1626251,0.0,0.0,0.0,0.0,0.0,2.0,0.0
1626751,0.0,0.0,0.0,0.0,0.0,0.0,0.0
1627447,0.0,0.0,0.0,0.0,0.0,1.0,0.0
1627912,0.0,0.0,0.0,0.0,0.0,2.0,0.0
1628412,0.0,0.0,0.0,0.0,0.0,0.0,0.0
1628446,0.0,0.0,0.0,0.0,0.0,1.0,0.0
1628946,0.0,0.0,0.0,0.0,0.0,0.0,0.0
1628965,0.0,0.0,0.0,0.0,0.0,1.0,0.0
1628968,0.0,0.0,0.0,0.0,0.0,2.0,0.0
1629468,0.0,0.0,0.0,0.0,0.0,0.0,0.0
1630002,0.0,0.0,0.0,0.0,0.0,1.0,0.0
1630502,0.0,0.0,0.0,0.0,0.0,0.0,0.0
1631179,0.0,0.0,0.0,0.0,0.0,1.0,0.0
1631182,0.0,0.0,0.0,0.0,0.0,2.0,0.0
1631682,0.0,0.0,0.0,0.0,0.0,0.0,0.0
1632192,0.0,0.0,0.0,0.0,0.0,1.0,0.0
1632692,0.0,0.0,0.0,0.0,0.0,0.0,0.0
1632864,0.0,0.0,0.0,0.0,0.0,1.0,0.0
1633310,0.0,0.0,0.0,0.0,0.0,2.0,0.0
1633810,0.0,0.0,0.0,0.0,0.0,0.0,0.0
1634306,0.0,0.0,0.0,0.0,0.0,1.0,0.0
1634806,0.0,0.0,0.0,0.0,0.0,0.0,0.0
1635585,0.0,0.0,0.0,0.0,0.0,1.0,0.0
1635627,0.0,0.0,0.0,0.0,0.0,2.0,0.0
1636127,0.0,0.0,0.0,0.0,0.0,0.0,0.0
1636304,0.0,0.0,0.0,0.0,0.0,1.0,0.0
1636804,0.0,0.0,0.0,0.0,0.0,0.0,0.0
1637969,0.0,0.0,0.0,0.0,0.0,1.0,0.0
1638469,0.0,0.0,0.0,0.0,0.0,0.0,0.0
1638958,0.0,0.0,0.0,0.0,0.0,1.0,0.0
1639230,0.0,0.0,0.0,0.0,0.0,2.0,0.0
1639287,0.0,0.0,0.0,0.0,1.0,2.0,0.0
1639730,0.0,0.0,0.0,0.0,1.0,0.0,0.0
1639745,0.0,0.0,0.0,0.0,1.0,1.0,0.0
1639772,0.0,0.0,0.0,0.0,1.0,2.0,0.0
1639787,0.0,0.0,0.0,0.0,0.0,2.0,0.0
1640272,0.0,0.0,0.0,0.0,0.0,0.0,0.0
1640487,0.0,0.0,0.0,0.0,0.0,1.0,0.0
1640987,0.0,0.0,0.0,0.0,0.0,0.0,0.0
1640995,0.0,0.0,0.0,0.0,0.0,1.0,0.0
1641495,0.0,0.0,0.0,0.0,0.0,0.0,0.0
1641762,0.0,0.0,0.0,0.0,0.0,1.0,0.0
1642262,0.0,0.0,0.0,0.0,0.0,0.0,0.0
1642849,0.0,0.0,0.0,0.0,0.0,1.0,0.0
1643349,0.0,0.0,0.0,0.0,0.0,0.0,0.0
1644453,0.0,0.0,0.0,0.0,0.0,1.0,0.0
1644462,0.0,0.0,0.0,0.0,0.0,2.0,0.0
1644962,0.0,0.0,0.0,0.0,0.0,0.0,0.0
1645577,0.0,0.0,0.0,0.0,0.0,1.0,0.0
1646077,0.0,0.0,0.0,0.0,0.0,0.0,0.0
1647144,0.0,0.0,0.0,0.0,0.0,1.0,0.0
1647644,0.0,0.0,0.0,0.0,0.0,0.0,0.0
1648687,0.0,0.0,0.0,0.0,0.0,1.0,0.0
1648719,0.0,0.0,0.0,0.0,0.0,2.0,0.0
1648723,0.0,0.0,0.0,0.0,1.0,2.0,0.0
1649219,0.0,0.0,0.0,0.0,1.0,0.0,0.0
1649223,0.0,0.0,0.0,0.0,0.0,0.0,0.0
1649796,0.0,0.0,0.0,0.0,0.0,1.0,0.0
1650296,0.0,0.0,0.0,0.0,0.0,0.0,0.0
1650405,0.0,0.0,0.0,0.0,0.0,1.0,0.0
1650905,0.0,0.0,0.0,0.0,0.0,0.0,0.0
1651475,0.0,0.0,0.0,0.0,0.0,1.0,0.0
1651975,0.0,0.0,0.0,0.0,0.0,0.0,0.0
1652142,0.0,0.0,0.0,0.0,0.0,1.0,0.0
1652147,0.0,0.0,0.0,0.0,0.0,2.0,0.0
1652161,0.0,0.0,0.0,0.0,1.0,2.0,0.0
1652647,0.0,0.0,0.0,0.0,1.0,0.0,0.0
1652661,0.0,0.0,0.0,0.0,0.0,0.0,0.0
1653033,0.0,0.0,0.0,0.0,0.0,1.0,0.0
1653535,0.0,0.0,0.0,0.0,0.0,2.0,0.0
1654035,0.0,0.0,0.0,0.0,0.0,0.0,0.0
1654335,0.0,0.0,0.0,0.0,0.0,1.0,0.0
1654342,0.0,0.0,0.0,0.0,0.0,2.0,0.0
1654842,0.0,0.0,0.0,0.0,0.0,0.0,0.0
1655107,0.0,0.0,0.0,0.0,0.0,1.0,0.0
1655607,0.0,0.0,0.0,0.0,0.0,0.0,0.0
1655716,0.0,0.0,0.0,0.0,0.0,1.0,0.0
1655719,0.0,0.0,0.0,0.0,0.0,2.0,0.0
1656219,0.0,0.0,0.0,0.0,0.0,0.0,0.0
1656777,0.0,0.0,0.0,0.0,0.0,1.0,0.0
1656787,0.0,0.0,0.0,0.0,0.0,2.0,0.0
1657287,0.0,0.0,0.0,0.0,0.0,0.0,0.0
1658221,0.0,0.0,0.0,0.0,0.0,1.0,0.0
1658721,0.0,0.0,0.0,0.0,0.0,0.0,0.0
1658734,0.0,0.0,0.0,0.0,0.0,1.0,0.0
1659156,0.0,2.0,0.0,0.0,0.0,1.0,0.0
1659234,0.0,2.0,0.0,0.0,0.0,0.0,0.0
1659570,0.0,2.0,0.0,0.0,0.0,1.0,0.0
1659656,0.0,0.0,0.0,0.0,0.0,1.0,0.0
1660070,0.0,0.0,0.0,0.0,0.0,0.0,0.0
1660180,0.0,0.0,0.0,0.0,0.0,1.0,0.0
1660680,0.0,0.0,0.0,0.0,0.0,0.0,0.0
1661137,0.0,0.0,0.0,0.0,0.0,1.0,0.0
1661637,0.0,0.0,0.0,0.0,0.0,0.0,0.0
1661640,0.0,0.0,0.0,0.0,0.0,1.0,0.0
1662140,0.0,0.0,0.0,0.0,0.0,0.0,0.0
1662223,0.0,0.0,0.0,0.0,0.0,1.0,0.0
1662266,0.0,0.0,0.0,0.0,0.0,2.0,0.0
1662766,0.0,0.0,0.0,0.0,0.0,0.0,0.0
1662889,0.0,0.0,0.0,0.0,0.0,1.0,0.0
1663389,0.0,0.0,0.0,0.0,0.0,0.0,0.0
1664155,0.0,0.0,0.0,0.0,0.0,1.0,0.0
1664447,0.0,0.0,0.0,0.0,0.0,2.0,0.0
1664947,0.0,0.0,0.0,0.0,0.0,0.0,0.0
1665061,0.0,2.0,0.0,0.0,0.0,0.0,0.0
1665561,0.0,0.0,0.0,0.0,0.0,0.0,0.0
1666396,0.0,0.0,0.0,0.0,0.0,1.0,0.0
1666822,0.0,0.0,0.0,0.0,0.0,2.0,0.0
1667322,0.0,0.0,0.0,0.0,0.0,0.0,0.0
1667863,0.0,0.0,0.0,0.0,0.0,1.0,0.0
1668363,0.0,0.0,0.0,0.0,0.0,0.0,0.0
1668713,0.0,0.0,0.0,0.0,0.0,1.0,0.0
1668903,0.0,0.0,0.0,0.0,0.0,2.0,0.0
1669403,0.0,0.0,0.0,0.0,0.0,0.0,0.0
1669615,0.0,0.0,0.0,0.0,0.0,1.0,0.0
1670115,0.0,0.0,0.0,0.0,0.0,0.0,0.0
1670136,0.0,0.0,0.0,0.0,0.0,1.0,0.0
1670311,0.0,0.0,0.0,0.0,0.0,2.0,0.0
1670811,0.0,0.0,0.0,0.0,0.0,0.0,0.0
1671660,0.0,0.0,0.0,0.0,0.0,1.0,0.0
1672160,0.0,0.0,0.0,0.0,0.0,0.0,0.0
1672507,0.0,0.0,0.0,0.0,0.0,1.0,0.0
1673007,0.0,0.0,0.0,0.0,0.0,0.0,0.0
1673763,0.0,0.0,0.0,0.0,0.0,1.0,0.0
1674263,0.0,0.0,0.0,0.0,0.0,0.0,0.0
1674358,0.0,0.0,0.0,0.0,0.0,1.0,0.0
1674454,0.0,0.0,0.0,0.0,0.0,2.0,0.0
1674954,0.0,0.0,0.0,0.0,0.0,0.0,0.0
1675103,0.0,0.0,0.0,0.0,0.0,1.0,0.0
1675603,0.0,0.0,0.0,0.0,0.0,0.0,0.0
1676035,0.0,0.0,0.0,0.0,0.0,1.0,0.0
1676535,0.0,0.0,0.0,0.0,0.0,0.0,0.0
1676714,0.0,0.0,0.0,0.0,0.0,1.0,0.0
1676720,0.0,0.0,0.0,0.0,0.0,2.0,0.0
1676974,0.0,0.0,0.0,0.0,1.0,2.0,0.0
1677220,0.0,0.0,0.0,0.0,1.0,0.0,0.0
1677342,0.0,0.0,0.0,0.0,1.0,1.0,0.0
1677474,0.0,0.0,0.0,0.0,0.0,1.0,0.0
1677519,0.0,0.0,0.0,0.0,0.0,2.0,0.0
1678019,0.0,0.0,0.0,0.0,0.0,0.0,0.0
1678375,0.0,0.0,0.0,0.0,0.0,1.0,0.0
1678875,0.0,0.0,0.0,0.0,0.0,0.0,0.0
1678971,0.0,0.0,0.0,0.0,0.0,1.0,0.0
1678993,0.0,0.0,0.0,0.0,0.0,2.0,0.0
1679493,0.0,0.0,0.0,0.0,0.0,0.0,0.0
1679992,0.0,0.0,0.0,0.0,0.0,1.0,0.0
1680449,0.0,0.0,0.0,0.0,0.0,2.0,0.0
1680949,0.0,0.0,0.0,0.0,0.0,0.0,0.0
1681624,0.0,0.0,0.0,0.0,0.0,1.0,0.0
1682124,0.0,0.0,0.0,0.0,0.0,0.0,0.0
1682142,0.0,0.0,0.0,0.0,0.0,1.0,0.0
1682148,0.0,0.0,0.0,0.0,0.0,2.0,0.0
1682648,0.0,0.0,0.0,0.0,0.0,0.0,0.0
1683587,0.0,0.0,0.0,0.0,0.0,1.0,0.0
1683789,0.0,0.0,0.0,0.0,0.0,2.0,0.0
1684289,0.0,0.0,0.0,0.0,0.0,0.0,0.0
1684915,0.0,0.0,0.0,0.0,0.0,1.0,0.0
1685415,0.0,0.0,0.0,0.0,0.0,0.0,0.0
1685910,0.0,0.0,0.0,0.0,0.0,1.0,0.0
1686410,0.0,0.0,0.0,0.0,0.0,0.0,0.0
1687003,0.0,0.0,0.0,0.0,0.0,1.0,0.0
1687007,0.0,0.0,0.0,0.0,0.0,2.0,0.0
1687507,0.0,0.0,0.0,0.0,0.0,0.0,0.0
1687630,0.0,0.0,0.0,0.0,0.0,1.0,0.0
1688130,0.0,0.0,0.0,0.0,0.0,0.0,0.0
1688383,0.0,0.0,0.0,0.0,0.0,1.0,0.0
1688387,0.0,0.0,0.0,0.0,0.0,2.0,0.0
1688887,0.0,0.0,0.0,0.0,0.0,0.0,0.0
1689521,0.0,0.0,0.0,0.0,0.0,1.0,0.0
1690021,0.0,0.0,0.0,0.0,0.0,0.0,0.0
1690029,0.0,0.0,0.0,0.0,0.0,1.0,0.0
1690529,0.0,0.0,0.0,0.0,0.0,0.0,0.0
1690823,0.0,0.0,0.0,0.0,0.0,1.0,0.0
1691323,0.0,0.0,0.0,0.0,0.0,0.0,0.0
1691802,0.0,0.0,0.0,0.0,0.0,1.0,0.0
1691805,0.0,0.0,0.0,0.0,0.0,2.0,0.0
1692305,0.0,0.0,0.0,0.0,0.0,0.0,0.0
1694270,0.0,0.0,0.0,0.0,0.0,1.0,0.0
1694273,0.0,0.0,0.0,0.0,0.0,2.0,0.0
1694773,0.0,0.0,0.0,0.0,0.0,0.0,0.0
1695090,0.0,0.0,0.0,0.0,0.0,1.0,0.0
1695590,0.0,0.0,0.0,0.0,0.0,0.0,0.0
1696040,0.0,0.0,0.0,0.0,0.0,1.0,0.0
1696540,0.0,0.0,0.0,0.0,0.0,0.0,0.0
1697106,0.0,0.0,0.0,0.0,0.0,1.0,0.0
1697303,0.0,0.0,0.0,0.0,0.0,2.0,0.0
1697803,0.0,0.0,0.0,0.0,0.0,0.0,0.0
1699180,0.0,0.0,0.0,0.0,0.0,1.0,0.0
1699183,0.0,0.0,0.0,0.0,0.0,2.0,0.0
1699683,0.0,0.0,0.0,0.0,0.0,0.0,0.0
1700892,0.0,0.0,0.0,0.0,0.0,1.0,0.0
1701392,0.0,0.0,0.0,0.0,0.0,0.0,0.0
1701779,0.0,0.0,0.0,0.0,0.0,1.0,0.0
1701957,0.0,0.0,0.0,0.0,0.0,2.0,0.0
1702457,0.0,0.0,0.0,0.0,0.0,0.0,0.0
1703259,0.0,0.0,0.0,0.0,0.0,1.0,0.0
1703759,0.0,0.0,0.0,0.0,0.0,0.0,0.0
1704401,0.0,0.0,0.0,0.0,0.0,1.0,0.0
1704404,0.0,0.0,0.0,0.0,0.0,2.0,0.0
1704904,0.0,0.0,0.0,0.0,0.0,0.0,0.0
1704923,0.0,0.0,0.0,0.0,0.0,1.0,0.0
1705311,0.0,0.0,0.0,0.0,0.0,2.0,0.0
1705314,0.0,0.0,0.0,0.0,1.0,2.0,0.0
1705811,0.0,0.0,0.0,0.0,1.0,0.0,0.0
1705814,0.0,0.0,0.0,0.0,0.0,0.0,0.0
1706976,0.0,0.0,0.0,0.0,0.0,1.0,0.0
1706982,0.0,0.0,0.0,0.0,0.0,2.0,0.0
1707482,0.0,0.0,0.0,0.0,0.0,0.0,0.0
1707921,0.0,0.0,0.0,0.0,0.0,1.0,0.0
1707928,0.0,0.0,0.0,0.0,0.0,2.0,0.0
1708428,0.0,0.0,0.0,0.0,0.0,0.0,0.0
1708611,0.0,0.0,0.0,0.0,0.0,1.0,0.0
1708771,0.0,0.0,0.0,0.0,0.0,2.0,0.0
1709271,0.0,0.0,0.0,0.0,0.0,0.0,0.0
1709722,0.0,0.0,0.0,0.0,0.0,1.0,0.0
1710086,0.0,0.0,0.0,0.0,0.0,2.0,0.0
1710138,0.0,0.0,0.0,0.0,1.0,2.0,0.0
1710458,0.0,0.0,0.0,0.0,2.0,2.0,0.0
1710586,0.0,0.0,0.0,0.0,2.0,0.0,0.0
1710950,0.0,0.0,0.0,0.0,2.0,1.0,0.0
1710958,0.0,0.0,0.0,0.0,0.0,1.0,0.0
1711450,0.0,0.0,0.0,0.0,0.0,0.0,0.0
1711678,0.0,0.0,0.0,0.0,0.0,1.0,0.0
1712178,0.0,0.0,0.0,0.0,0.0,0.0,0.0
1712636,0.0,0.0,0.0,0.0,0.0,1.0,0.0
1713136,0.0,0.0,0.0,0.0,0.0,0.0,0.0
1715033,0.0,0.0,0.0,0.0,0.0,1.0,0.0
1715533,0.0,0.0,0.0,0.0,0.0,0.0,0.0
1716075,0.0,0.0,0.0,0.0,0.0,1.0,0.0
1716575,0.0,0.0,0.0,0.0,0.0,0.0,0.0
1720731,0.0,0.0,0.0,0.0,0.0,1.0,0.0
1721231,0.0,0.0,0.0,0.0,0.0,0.0,0.0
1723047,0.0,0.0,0.0,0.0,0.0,1.0,0.0
1723547,0.0,0.0,0.0,0.0,0.0,0.0,0.0
1723551,0.0,0.0,0.0,0.0,0.0,1.0,0.0
1724051,0.0,0.0,0.0,0.0,0.0,0.0,0.0
1724331,0.0,0.0,0.0,0.0,0.0,1.0,0.0
1724831,0.0,0.0,0.0,0.0,0.0,0.0,0.0
1725685,0.0,0.0,0.0,0.0,0.0,1.0,0.0
1726185,0.0,0.0,0.0,0.0,0.0,0.0,0.0
1729844,0.0,0.0,0.0,0.0,0.0,1.0,0.0
1730344,0.0,0.0,0.0,0.0,0.0,0.0,0.0
1731067,0.0,0.0,0.0,0.0,0.0,1.0,0.0
1731567,0.0,0.0,0.0,0.0,0.0,0.0,0.0
1734035,0.0,0.0,0.0,0.0,0.0,1.0,0.0
1734038,0.0,0.0,0.0,0.0,0.0,2.0,0.0
1734538,0.0,0.0,0.0,0.0,0.0,0.0,0.0
1735184,0.0,0.0,0.0,0.0,0.0,1.0,0.0
1735684,0.0,0.0,0.0,0.0,0.0,0.0,0.0
1735835,0.0,0.0,0.0,0.0,0.0,1.0,0.0
1736335,0.0,0.0,0.0,0.0,0.0,0.0,0.0
1738165,0.0,0.0,0.0,0.0,0.0,1.0,0.0
1738665,0.0,0.0,0.0,0.0,0.0,0.0,0.0
1741380,0.0,0.0,0.0,0.0,0.0,1.0,0.0
1741880,0.0,0.0,0.0,0.0,0.0,0.0,0.0
1742429,0.0,0.0,0.0,0.0,0.0,1.0,0.0
1742929,0.0,0.0,0.0,0.0,0.0,0.0,0.0
1744168,0.0,0.0,0.0,0.0,0.0,1.0,0.0
1744668,0.0,0.0,0.0,0.0,0.0,0.0,0.0
1745638,0.0,0.0,0.0,0.0,0.0,1.0,0.0
1746138,0.0,0.0,0.0,0.0,0.0,0.0,0.0
1751516,0.0,0.0,0.0,0.0,0.0,1.0,0.0
1752016,0.0,0.0,0.0,0.0,0.0,0.0,0.0
1752678,0.0,0.0,0.0,0.0,0.0,1.0,0.0
1753178,0.0,0.0,0.0,0.0,0.0,0.0,0.0
1757333,0.0,0.0,0.0,0.0,0.0,1.0,0.0
1757833,0.0,0.0,0.0,0.0,0.0,0.0,0.0
1758916,0.0,0.0,0.0,0.0,0.0,1.0,0.0
1759416,0.0,0.0,0.0,0.0,0.0,0.0,0.0
1759733,0.0,0.0,0.0,0.0,0.0,1.0,0.0
1760233,0.0,0.0,0.0,0.0,0.0,0.0,0.0
1765032,0.0,0.0,0.0,0.0,0.0,1.0,0.0
1765532,0.0,0.0,0.0,0.0,0.0,0.0,0.0
1766331,0.0,0.0,0.0,0.0,0.0,1.0,0.0
1766831,0.0,0.0,0.0,0.0,0.0,0.0,0.0
1769792,0.0,0.0,0.0,0.0,0.0,1.0,0.0
1770292,0.0,0.0,0.0,0.0,0.0,0.0,0.0
1770740,0.0,0.0,0.0,0.0,0.0,1.0,0.0
1771240,0.0,0.0,0.0,0.0,0.0,0.0,0.0
1772925,0.0,0.0,0.0,0.0,0.0,1.0,0.0
1773425,0.0,0.0,0.0,0.0,0.0,0.0,0.0
1774055,0.0,0.0,0.0,0.0,0.0,1.0,0.0
1774555,0.0,0.0,0.0,0.0,0.0,0.0,0.0
1775845,0.0,0.0,0.0,0.0,0.0,1.0,0.0
1776345,0.0,0.0,0.0,0.0,0.0,0.0,0.0
1777811,0.0,0.0,0.0,0.0,0.0,1.0,0.0
1778311,0.0,0.0,0.0,0.0,0.0,0.0,0.0
1778822,0.0,0.0,0.0,0.0,0.0,1.0,0.0
1779310,0.0,0.0,0.0,0.0,0.0,2.0,0.0
1779810,0.0,0.0,0.0,0.0,0.0,0.0,0.0
1780373,0.0,0.0,0.0,0.0,0.0,1.0,0.0
1780873,0.0,0.0,0.0,0.0,0.0,0.0,0.0
1782780,0.0,0.0,0.0,0.0,0.0,1.0,0.0
1783280,0.0,0.0,0.0,0.0,0.0,0.0,0.0
1784960,0.0,0.0,0.0,0.0,0.0,1.0,0.0
1785460,0.0,0.0,0.0,0.0,0.0,0.0,0.0
1789431,0.0,0.0,0.0,0.0,0.0,1.0,0.0
1789931,0.0,0.0,0.0,0.0,0.0,0.0,0.0
1796392,0.0,0.0,0.0,0.0,0.0,1.0,0.0
1796892,0.0,0.0,0.0,0.0,0.0,0.0,0.0
1797541,0.0,0.0,0.0,0.0,0.0,1.0,0.0
1798041,0.0,0.0,0.0,0.0,0.0,0.0,0.0
1800809,0.0,0.0,0.0,0.0,0.0,1.0,0.0
1800812,0.0,0.0,0.0,0.0,0.0,2.0,0.0
1801312,0.0,0.0,0.0,0.0,0.0,0.0,0.0
1805499,0.0,0.0,0.0,0.0,0.0,1.0,0.0
1805999,0.0,0.0,0.0,0.0,0.0,0.0,0.0
1806766,0.0,0.0,0.0,0.0,0.0,1.0,0.0
1807266,0.0,0.0,0.0,0.0,0.0,0.0,0.0
1811635,0.0,0.0,0.0,0.0,0.0,1.0,0.0
1812135,0.0,0.0,0.0,0.0,0.0,0.0,0.0
1812568,0.0,0.0,0.0,0.0,0.0,1.0,0.0
1813068,0.0,0.0,0.0,0.0,0.0,0.0,0.0
1813167,0.0,0.0,0.0,0.0,0.0,1.0,0.0
1813667,0.0,0.0,0.0,0.0,0.0,0.0,0.0
1814198,0.0,0.0,0.0,0.0,0.0,1.0,0.0
1814205,0.0,0.0,0.0,0.0,0.0,2.0,0.0
1814705,0.0,0.0,0.0,0.0,0.0,0.0,0.0
1816349,0.0,0.0,0.0,0.0,0.0,1.0,0.0
1816849,0.0,0.0,0.0,0.0,0.0,0.0,0.0
1817000,0.0,0.0,0.0,0.0,0.0,0.0,1.0
1817205,0.0,0.0,0.0,0.0,0.0,1.0,1.0
1817209,0.0,0.0,0.0,0.0,0.0,2.0,1.0
1817375,2.0,0.0,0.0,0.0,0.0,2.0,1.0
1817500,2.0,0.0,0.0,0.0,0.0,2.0,0.0
1817709,2.0,0.0,0.0,0.0,0.0,0.0,0.0
1817757,2.0,0.0,0.0,0.0,1.0,0.0,0.0
1817823,2.0,0.0,0.0,0.0,2.0,0.0,0.0
1817875,0.0,0.0,0.0,0.0,2.0,0.0,0.0
1817919,2.0,2.0,0.0,0.0,2.0,0.0,0.0
1818134,2.0,2.0,0.0,0.0,2.0,1.0,0.0
1818323,2.0,2.0,0.0,0.0,0.0,1.0,0.0
1818419,0.0,0.0,0.0,0.0,0.0,1.0,0.0
1818634,0.0,0.0,0.0,0.0,0.0,0.0,0.0
1818679,0.0,0.0,0.0,0.0,0.0,1.0,0.0
1818939,0.0,0.0,0.0,0.0,0.0,2.0,0.0
1819094,0.0,0.0,1.0,0.0,0.0,2.0,0.0
1819439,0.0,0.0,1.0,0.0,0.0,0.0,0.0
1819653,0.0,0.0,1.0,0.0,0.0,1.0,0.0
1820153,0.0,0.0,1.0,0.0,0.0,0.0,0.0
1820219,0.0,0.0,1.0,0.0,0.0,1.0,0.0
1820222,0.0,0.0,1.0,0.0,0.0,2.0,0.0
1820397,0.0,0.0,2.0,0.0,0.0,2.0,0.0
1820722,0.0,0.0,2.0,0.0,0.0,0.0,0.0
1820897,0.0,0.0,1.0,0.0,0.0,0.0,0.0
1821648,0.0,0.0,1.0,0.0,0.0,1.0,0.0
1821657,0.0,0.0,1.0,0.0,0.0,2.0,0.0
1822157,0.0,0.0,1.0,0.0,0.0,0.0,0.0
1822588,0.0,0.0,1.0,0.0,0.0,1.0,0.0
1822595,0.0,0.0,1.0,0.0,0.0,2.0,0.0
1823095,0.0,0.0,1.0,0.0,0.0,0.0,0.0
1823427,0.0,0.0,1.0,0.0,0.0,1.0,0.0
1823927,0.0,0.0,1.0,0.0,0.0,0.0,0.0
1824316,0.0,0.0,1.0,0.0,0.0,1.0,0.0
1824319,0.0,0.0,1.0,0.0,1.0,2.0,0.0
1824819,0.0,0.0,1.0,0.0,0.0,0.0,0.0
1824835,0.0,0.0,1.0,0.0,0.0,1.0,0.0
1825335,0.0,0.0,1.0,0.0,0.0,0.0,0.0
1825844,0.0,0.0,1.0,0.0,0.0,1.0,0.0
1826344,0.0,0.0,1.0,0.0,0.0,0.0,0.0
1826381,0.0,0.0,1.0,0.0,0.0,1.0,0.0
1827314,0.0,0.0,1.0,0.0,0.0,2.0,0.0
1827814,0.0,0.0,1.0,0.0,0.0,0.0,0.0
1828457,0.0,0.0,1.0,0.0,0.0,1.0,0.0
1828957,0.0,0.0,1.0,0.0,0.0,0.0,0.0
1829317,0.0,0.0,1.0,0.0,0.0,1.0,0.0
1829385,0.0,0.0,1.0,0.0,0.0,2.0,0.0
1829885,0.0,0.0,1.0,0.0,0.0,0.0,0.0
1830375,0.0,0.0,1.0,0.0,0.0,1.0,0.0
1830377,0.0,0.0,1.0,0.0,1.0,1.0,0.0
1830875,0.0,0.0,1.0,0.0,1.0,0.0,0.0
1830877,0.0,0.0,1.0,0.0,0.0,0.0,0.0
1830967,0.0,0.0,1.0,0.0,0.0,1.0,0.0
1831112,0.0,0.0,1.0,0.0,1.0,1.0,0.0
1831467,0.0,0.0,1.0,0.0,1.0,0.0,0.0
1831612,0.0,0.0,1.0,0.0,0.0,0.0,0.0
1832234,0.0,0.0,1.0,0.0,0.0,1.0,0.0
1832238,0.0,0.0,1.0,0.0,1.0,1.0,0.0
1832734,0.0,0.0,1.0,0.0,1.0,0.0,0.0
1832738,0.0,0.0,1.0,0.0,0.0,0.0,0.0
1832964,0.0,0.0,1.0,0.0,0.0,1.0,0.0
1833464,0.0,0.0,1.0,0.0,0.0,0.0,0.0
1833620,0.0,0.0,1.0,0.0,0.0,1.0,0.0
1833928,0.0,2.0,1.0,0.0,0.0,1.0,0.0
1834120,0.0,2.0,1.0,0.0,0.0,0.0,0.0
1834152,0.0,2.0,1.0,0.0,0.0,1.0,0.0
1834161,0.0,2.0,1.0,0.0,0.0,2.0,0.0
1834428,0.0,0.0,1.0,0.0,0.0,2.0,0.0
1834661,0.0,0.0,1.0,0.0,0.0,0.0,0.0
1834947,0.0,0.0,1.0,0.0,0.0,1.0,0.0
1835447,0.0,0.0,1.0,0.0,0.0,0.0,0.0
1835840,0.0,0.0,1.0,0.0,0.0,1.0,0.0
1836340,0.0,0.0,1.0,0.0,0.0,0.0,0.0
1836367,0.0,0.0,1.0,0.0,0.0,1.0,0.0
1836867,0.0,0.0,1.0,0.0,0.0,0.0,0.0
1837055,0.0,0.0,1.0,0.0,0.0,1.0,0.0
1837555,0.0,0.0,1.0,0.0,0.0,0.0,0.0
1837799,0.0,0.0,1.0,0.0,0.0,1.0,0.0
1838299,0.0,0.0,1.0,0.0,0.0,0.0,0.0
1838396,0.0,0.0,1.0,0.0,0.0,1.0,0.0
1838896,0.0,0.0,1.0,0.0,0.0,0.0,0.0
1839241,0.0,0.0,1.0,0.0,0.0,1.0,0.0
1839741,0.0,0.0,1.0,0.0,0.0,0.0,0.0
1839867,0.0,0.0,1.0,0.0,0.0,1.0,0.0
1839902,0.0,0.0,1.0,0.0,0.0,2.0,0.0
1840402,0.0,0.0,1.0,0.0,0.0,0.0,0.0
1840448,0.0,0.0,1.0,0.0,0.0,1.0,0.0
1840531,0.0,0.0,1.0,0.0,0.0,2.0,0.0
1841031,0.0,0.0,1.0,0.0,0.0,0.0,0.0
1841046,0.0,0.0,1.0,0.0,0.0,1.0,0.0
1841170,0.0,0.0,1.0,0.0,0.0,2.0,0.0
1841670,0.0,0.0,1.0,0.0,0.0,0.0,0.0
1841973,0.0,0.0,1.0,0.0,0.0,1.0,0.0
1842473,0.0,0.0,1.0,0.0,0.0,0.0,0.0
1842509,0.0,0.0,1.0,0.0,0.0,1.0,0.0
1843009,0.0,0.0,1.0,0.0,0.0,0.0,0.0
1843218,0.0,0.0,1.0,0.0,0.0,1.0,0.0
1843718,0.0,0.0,1.0,0.0,0.0,0.0,0.0
1844561,0.0,0.0,1.0,0.0,0.0,1.0,0.0
1845061,0.0,0.0,1.0,0.0,0.0,0.0,0.0
1845410,0.0,0.0,1.0,0.0,0.0,1.0,0.0
1845416,0.0,0.0,1.0,0.0,0.0,2.0,0.0
1845666,0.0,0.0,1.0,0.0,1.0,2.0,0.0
1845916,0.0,0.0,1.0,0.0,1.0,0.0,0.0
1845962,0.0,2.0,1.0,0.0,1.0,0.0,0.0
1846166,0.0,2.0,1.0,0.0,0.0,0.0,0.0
1846462,0.0,0.0,1.0,0.0,0.0,0.0,0.0
1846478,0.0,0.0,1.0,0.0,0.0,1.0,0.0
1846493,0.0,0.0,1.0,0.0,0.0,2.0,0.0
1846993,0.0,0.0,1.0,0.0,0.0,0.0,0.0
1847537,0.0,0.0,1.0,0.0,0.0,1.0,0.0
1847541,0.0,0.0,1.0,0.0,0.0,2.0,0.0
1848041,0.0,0.0,1.0,0.0,0.0,0.0,0.0
1848345,0.0,0.0,1.0,0.0,0.0,1.0,0.0
1848356,0.0,0.0,1.0,0.0,0.0,2.0,0.0
1848856,0.0,0.0,1.0,0.0,0.0,0.0,0.0
1849323,0.0,0.0,1.0,0.0,0.0,1.0,0.0
1849823,0.0,0.0,1.0,0.0,0.0,0.0,0.0
1849838,0.0,0.0,1.0,0.0,0.0,1.0,0.0
1849857,0.0,0.0,1.0,0.0,0.0,2.0,0.0
1850357,0.0,0.0,1.0,0.0,0.0,0.0,0.0
1852418,0.0,0.0,1.0,0.0,0.0,1.0,0.0
1852918,0.0,0.0,1.0,0.0,0.0,0.0,0.0
1853357,0.0,0.0,1.0,0.0,0.0,1.0,0.0
1853857,0.0,0.0,1.0,0.0,0.0,0.0,0.0
1854060,0.0,0.0,1.0,0.0,0.0,1.0,0.0
1854560,0.0,0.0,1.0,0.0,0.0,0.0,0.0
1854865,0.0,0.0,1.0,0.0,0.0,1.0,0.0
1854956,0.0,0.0,1.0,0.0,0.0,2.0,0.0
1855456,0.0,0.0,1.0,0.0,0.0,0.0,0.0
1855676,0.0,0.0,1.0,0.0,0.0,1.0,0.0
1855907,0.0,0.0,1.0,0.0,0.0,2.0,0.0
1856407,0.0,0.0,1.0,0.0,0.0,0.0,0.0
1856655,0.0,0.0,1.0,0.0,0.0,1.0,0.0
1857109,0.0,0.0,1.0,0.0,0.0,2.0,0.0
1857609,0.0,0.0,1.0,0.0,0.0,0.0,0.0
1858043,0.0,0.0,1.0,0.0,0.0,1.0,0.0
1858046,0.0,0.0,1.0,0.0,0.0,2.0,0.0
1858546,0.0,0.0,1.0,0.0,0.0,0.0,0.0
1859395,0.0,0.0,1.0,0.0,0.0,1.0,0.0
1859895,0.0,0.0,1.0,0.0,0.0,0.0,0.0
1860531,0.0,0.0,1.0,0.0,0.0,1.0,0.0
1860534,0.0,0.0,1.0,0.0,0.0,2.0,0.0
1861034,0.0,0.0,1.0,0.0,0.0,0.0,0.0
1861245,0.0,0.0,1.0,0.0,0.0,1.0,0.0
1861405,0.0,0.0,1.0,0.0,0.0,2.0,0.0
1861905,0.0,0.0,1.0,0.0,0.0,0.0,0.0
1862844,0.0,0.0,1.0,0.0,0.0,1.0,0.0
1862904,0.0,0.0,1.0,0.0,0.0,2.0,0.0
1863404,0.0,0.0,1.0,0.0,0.0,0.0,0.0
1863529,0.0,0.0,1.0,0.0,0.0,1.0,0.0
1864029,0.0,0.0,1.0,0.0,0.0,0.0,0.0
1864432,0.0,0.0,1.0,0.0,0.0,1.0,0.0
1864435,0.0,0.0,1.0,0.0,0.0,2.0,0.0
1864935,0.0,0.0,1.0,0.0,0.0,0.0,0.0
1864958,0.0,0.0,1.0,0.0,0.0,1.0,0.0
1864969,0.0,0.0,1.0,0.0,0.0,2.0,0.0
1865469,0.0,0.0,1.0,0.0,0.0,0.0,0.0
1865532,0.0,0.0,1.0,0.0,0.0,1.0,0.0
1865624,0.0,0.0,1.0,0.0,0.0,2.0,0.0
1865734,0.0,0.0,1.0,0.0,1.0,2.0,0.0
1866124,0.0,0.0,1.0,0.0,1.0,0.0,0.0
1866234,0.0,0.0,1.0,0.0,0.0,0.0,0.0
1866764,0.0,0.0,1.0,0.0,0.0,1.0,0.0
1867225,0.0,0.0,1.0,0.0,0.0,2.0,0.0
1867725,0.0,0.0,1.0,0.0,0.0,0.0,0.0
1868778,0.0,0.0,1.0,0.0,0.0,1.0,0.0
1869278,0.0,0.0,1.0,0.0,0.0,0.0,0.0
1869481,0.0,0.0,1.0,0.0,0.0,1.0,0.0
1869484,0.0,0.0,1.0,0.0,0.0,2.0,0.0
1869984,0.0,0.0,1.0,0.0,0.0,0.0,0.0
1869989,0.0,0.0,1.0,0.0,0.0,1.0,0.0
1870374,0.0,0.0,1.0,0.0,0.0,2.0,0.0
1870874,0.0,0.0,1.0,0.0,0.0,0.0,0.0
1871065,0.0,0.0,1.0,0.0,0.0,1.0,0.0
1871565,0.0,0.0,1.0,0.0,0.0,0.0,0.0
1871985,0.0,0.0,1.0,0.0,0.0,1.0,0.0
1872148,0.0,0.0,1.0,0.0,0.0,2.0,0.0
1872648,0.0,0.0,1.0,0.0,0.0,0.0,0.0
1872980,0.0,0.0,1.0,0.0,0.0,1.0,0.0
1873140,0.0,0.0,1.0,0.0,0.0,2.0,0.0
1873640,0.0,0.0,1.0,0.0,0.0,0.0,0.0
1874584,0.0,0.0,1.0,0.0,0.0,1.0,0.0
1875084,0.0,0.0,1.0,0.0,0.0,0.0,0.0
1875608,0.0,0.0,1.0,0.0,0.0,1.0,0.0
1875977,0.0,0.0,1.0,0.0,0.0,2.0,0.0
1876477,0.0,0.0,1.0,0.0,0.0,0.0,0.0
1876917,0.0,0.0,1.0,0.0,0.0,1.0,0.0
1877417,0.0,0.0,1.0,0.0,0.0,0.0,0.0
1877423,0.0,0.0,1.0,0.0,0.0,1.0,0.0
1877427,0.0,0.0,1.0,0.0,0.0,2.0,0.0
1877755,0.0,2.0,1.0,0.0,0.0,2.0,0.0
1877927,0.0,2.0,1.0,0.0,0.0,0.0,0.0
1877980,0.0,2.0,1.0,0.0,0.0,1.0,0.0
1878255,0.0,0.0,1.0,0.0,0.0,1.0,0.0
1878480,0.0,0.0,1.0,0.0,0.0,0.0,0.0
1878538,0.0,0.0,1.0,0.0,0.0,1.0,0.0
1879038,0.0,0.0,1.0,0.0,0.0,0.0,0.0
1879289,0.0,0.0,1.0,0.0,0.0,1.0,0.0
1879632,0.0,0.0,1.0,0.0,0.0,2.0,0.0
1880132,0.0,0.0,1.0,0.0,0.0,0.0,0.0
1880156,0.0,0.0,1.0,0.0,0.0,1.0,0.0
1880656,0.0,0.0,1.0,0.0,0.0,0.0,0.0
1881909,0.0,0.0,1.0,0.0,0.0,1.0,0.0
1882409,0.0,0.0,1.0,0.0,0.0,0.0,0.0
1882880,0.0,0.0,1.0,0.0,0.0,1.0,0.0
1882885,0.0,0.0,1.0,0.0,0.0,2.0,0.0
1883385,0.0,0.0,1.0,0.0,0.0,0.0,0.0
1884773,0.0,0.0,1.0,0.0,0.0,1.0,0.0
1884776,0.0,0.0,1.0,0.0,0.0,2.0,0.0
1885276,0.0,0.0,1.0,0.0,0.0,0.0,0.0
1885733,0.0,0.0,1.0,0.0,0.0,1.0,0.0
1886233,0.0,0.0,1.0,0.0,0.0,0.0,0.0
1886844,0.0,0.0,1.0,0.0,0.0,1.0,0.0
1886878,0.0,0.0,1.0,0.0,0.0,2.0,0.0
1887378,0.0,0.0,1.0,0.0,0.0,0.0,0.0
1887597,0.0,0.0,1.0,0.0,0.0,1.0,0.0
1888097,0.0,0.0,1.0,0.0,0.0,0.0,0.0
1888442,0.0,0.0,1.0,0.0,0.0,1.0,0.0
1888942,0.0,0.0,1.0,0.0,0.0,0.0,0.0
1889049,0.0,0.0,1.0,0.0,0.0,1.0,0.0
1889549,0.0,0.0,1.0,0.0,0.0,0.0,0.0
1889843,0.0,0.0,1.0,0.0,0.0,1.0,0.0
1890343,0.0,0.0,1.0,0.0,0.0,0.0,0.0
1890794,0.0,0.0,1.0,0.0,0.0,1.0,0.0
1891294,0.0,0.0,1.0,0.0,0.0,0.0,0.0
1891712,0.0,0.0,1.0,0.0,0.0,1.0,0.0
1891848,0.0,0.0,1.0,0.0,0.0,2.0,0.0
1892348,0.0,0.0,1.0,0.0,0.0,0.0,0.0
1893022,0.0,0.0,1.0,0.0,0.0,1.0,0.0
1893025,0.0,0.0,1.0,0.0,0.0,2.0,0.0
1893525,0.0,0.0,1.0,0.0,0.0,0.0,0.0
1893532,0.0,0.0,1.0,0.0,0.0,1.0,0.0
1894032,0.0,0.0,1.0,0.0,0.0,0.0,0.0
1894257,0.0,0.0,1.0,0.0,0.0,1.0,0.0
1894476,0.0,0.0,1.0,0.0,0.0,2.0,0.0
1894976,0.0,0.0,1.0,0.0,0.0,0.0,0.0
1894980,0.0,0.0,1.0,0.0,0.0,1.0,0.0
1895480,0.0,0.0,1.0,0.0,0.0,0.0,0.0
1896205,0.0,0.0,1.0,0.0,0.0,1.0,0.0
1896672,0.0,0.0,1.0,0.0,0.0,2.0,0.0
1897172,0.0,0.0,1.0,0.0,0.0,0.0,0.0
1897666,0.0,0.0,1.0,0.0,0.0,1.0,0.0
1898166,0.0,0.0,1.0,0.0,0.0,0.0,0.0
1898195,0.0,0.0,1.0,0.0,0.0,1.0,0.0
1898695,0.0,0.0,1.0,0.0,0.0,0.0,0.0
1898832,0.0,0.0,1.0,0.0,0.0,1.0,0.0
1898998,0.0,0.0,1.0,0.0,0.0,2.0,0.0
1899498,0.0,0.0,1.0,0.0,0.0,0.0,0.0
1899693,0.0,0.0,1.0,0.0,0.0,1.0,0.0
1900193,0.0,0.0,1.0,0.0,0.0,0.0,0.0
1900376,0.0,0.0,1.0,0.0,0.0,1.0,0.0
1900876,0.0,0.0,1.0,0.0,0.0,0.0,0.0
1901137,0.0,0.0,1.0,0.0,0.0,1.0,0.0
1901637,0.0,0.0,1.0,0.0,0.0,0.0,0.0
1901639,0.0,0.0,1.0,0.0,0.0,1.0,0.0
1901645,0.0,0.0,1.0,0.0,0.0,2.0,0.0
1901947,0.0,2.0,1.0,0.0,0.0,2.0,0.0
1902075,0.0,2.0,1.0,0.0,1.0,2.0,0.0
1902145,0.0,2.0,1.0,0.0,1.0,0.0,0.0
1902447,0.0,0.0,1.0,0.0,1.0,0.0,0.0
1902575,0.0,0.0,1.0,0.0,0.0,0.0,0.0
1903355,0.0,0.0,1.0,0.0,0.0,1.0,0.0
1903855,0.0,0.0,1.0,0.0,0.0,0.0,0.0
1904486,0.0,0.0,1.0,0.0,0.0,1.0,0.0
1904986,0.0,0.0,1.0,0.0,0.0,0.0,0.0
1905427,0.0,0.0,1.0,0.0,0.0,1.0,0.0
1905920,0.0,0.0,1.0,0.0,0.0,2.0,0.0
1906420,0.0,0.0,1.0,0.0,0.0,0.0,0.0
1906833,0.0,0.0,1.0,0.0,0.0,1.0,0.0
1906878,0.0,0.0,1.0,0.0,0.0,2.0,0.0
1907378,0.0,0.0,1.0,0.0,0.0,0.0,0.0
1907483,0.0,0.0,1.0,0.0,0.0,1.0,0.0
1907503,0.0,0.0,1.0,0.0,0.0,2.0,0.0
1908003,0.0,0.0,1.0,0.0,0.0,0.0,0.0
1908758,0.0,0.0,1.0,0.0,0.0,1.0,0.0
1909258,0.0,0.0,1.0,0.0,0.0,0.0,0.0
1909354,0.0,0.0,1.0,0.0,0.0,1.0,0.0
1909357,0.0,0.0,1.0,0.0,0.0,2.0,0.0
1909857,0.0,0.0,1.0,0.0,0.0,0.0,0.0
1910088,0.0,0.0,1.0,0.0,0.0,1.0,0.0
1910588,0.0,0.0,1.0,0.0,0.0,0.0,0.0
1910634,0.0,0.0,1.0,0.0,0.0,1.0,0.0
1911134,0.0,0.0,1.0,0.0,0.0,0.0,0.0
1911436,0.0,0.0,1.0,0.0,0.0,1.0,0.0
1911948,0.0,0.0,1.0,0.0,0.0,2.0,0.0
1912448,0.0,0.0,1.0,0.0,0.0,0.0,0.0
1912642,0.0,0.0,1.0,0.0,0.0,1.0,0.0
1912691,0.0,0.0,1.0,0.0,0.0,2.0,0.0
1913191,0.0,0.0,1.0,0.0,0.0,0.0,0.0
1913978,0.0,0.0,1.0,0.0,0.0,1.0,0.0
1914478,0.0,0.0,1.0,0.0,0.0,0.0,0.0
1914592,0.0,0.0,1.0,0.0,0.0,1.0,0.0
1915092,0.0,0.0,1.0,0.0,0.0,0.0,0.0
1915230,0.0,0.0,1.0,0.0,0.0,1.0,0.0
1915243,0.0,0.0,1.0,0.0,0.0,2.0,0.0
1915743,0.0,0.0,1.0,0.0,0.0,0.0,0.0
1915782,0.0,0.0,1.0,0.0,0.0,1.0,0.0
1915788,0.0,0.0,1.0,0.0,0.0,2.0,0.0
1916288,0.0,0.0,1.0,0.0,0.0,0.0,0.0
1916415,0.0,0.0,1.0,0.0,0.0,1.0,0.0
1916915,0.0,0.0,1.0,0.0,0.0,0.0,0.0
1917203,0.0,0.0,1.0,0.0,0.0,1.0,0.0
1917703,0.0,0.0,1.0,0.0,0.0,0.0,0.0
1918196,0.0,0.0,1.0,0.0,0.0,1.0,0.0
1918696,0.0,0.0,1.0,0.0,0.0,0.0,0.0
1925195,0.0,0.0,1.0,0.0,0.0,1.0,0.0
1925196,0.0,0.0,1.0,0.0,1.0,1.0,0.0
1925695,0.0,0.0,1.0,0.0,1.0,0.0,0.0
1925696,0.0,0.0,1.0,0.0,0.0,0.0,0.0
1928550,0.0,0.0,1.0,0.0,0.0,1.0,0.0
1929050,0.0,0.0,1.0,0.0,0.0,0.0,0.0
1930796,0.0,0.0,1.0,0.0,0.0,1.0,0.0
1931296,0.0,0.0,1.0,0.0,0.0,0.0,0.0
1931307,0.0,0.0,1.0,0.0,0.0,1.0,0.0
1931807,0.0,0.0,1.0,0.0,0.0,0.0,0.0
1932001,0.0,0.0,1.0,0.0,0.0,1.0,0.0
1932501,0.0,0.0,1.0,0.0,0.0,0.0,0.0
1933397,0.0,0.0,0.0,0.0,0.0,0.0,0.0
1933986,0.0,0.0,0.0,0.0,0.0,1.0,0.0
1934417,0.0,0.0,0.0,0.0,0.0,2.0,0.0
1934917,0.0,0.0,0.0,0.0,0.0,0.0,0.0
1941831,0.0,0.0,0.0,0.0,0.0,1.0,0.0
1941835,0.0,0.0,0.0,0.0,0.0,2.0,0.0
1942335,0.0,0.0,0.0,0.0,0.0,0.0,0.0
1947005,0.0,0.0,0.0,0.0,0.0,1.0,0.0
1947120,0.0,0.0,0.0,0.0,0.0,2.0,0.0
1947620,0.0,0.0,0.0,0.0,0.0,0.0,0.0
1949977,0.0,0.0,0.0,0.0,0.0,1.0,0.0
1950477,0.0,0.0,0.0,0.0,0.0,0.0,0.0
1955667,0.0,0.0,0.0,0.0,0.0,1.0,0.0
1956167,0.0,0.0,0.0,0.0,0.0,0.0,0.0
1959258,0.0,0.0,0.0,0.0,0.0,1.0,0.0
1959758,0.0,0.0,0.0,0.0,0.0,0.0,0.0
1959963,0.0,0.0,0.0,0.0,0.0,1.0,0.0
1960463,0.0,0.0,0.0,0.0,0.0,0.0,0.0
1963846,0.0,0.0,0.0,0.0,0.0,1.0,0.0
1964346,0.0,0.0,0.0,0.0,0.0,0.0,0.0
1965985,0.0,0.0,0.0,0.0,0.0,1.0,0.0
1966485,0.0,0.0,0.0,0.0,0.0,0.0,0.0
1967206,0.0,0.0,0.0,0.0,0.0,1.0,0.0
1967706,0.0,0.0,0.0,0.0,0.0,0.0,0.0
1969474,0.0,0.0,0.0,0.0,0.0,1.0,0.0
1969974,0.0,0.0,0.0,0.0,0.0,0.0,0.0
1973017,0.0,0.0,0.0,0.0,0.0,1.0,0.0
1973020,0.0,0.0,0.0,0.0,0.0,2.0,0.0
1973520,0.0,0.0,0.0,0.0,0.0,0.0,0.0
1974002,0.0,0.0,0.0,0.0,0.0,1.0,0.0
1974502,0.0,0.0,0.0,0.0,0.0,0.0,0.0
1975340,0.0,0.0,0.0,0.0,0.0,1.0,0.0
1975840,0.0,0.0,0.0,0.0,0.0,0.0,0.0
1976173,0.0,0.0,0.0,0.0,0.0,1.0,0.0
1976177,0.0,0.0,0.0,0.0,0.0,2.0,0.0
1976677,0.0,0.0,0.0,0.0,0.0,0.0,0.0
1978416,0.0,0.0,0.0,0.0,0.0,1.0,0.0
1978916,0.0,0.0,0.0,0.0,0.0,0.0,0.0
1980978,0.0,0.0,0.0,0.0,0.0,1.0,0.0
1981478,0.0,0.0,0.0,0.0,0.0,0.0,0.0
1983541,0.0,0.0,0.0,0.0,1.0,0.0,0.0
1983542,0.0,0.0,0.0,0.0,2.0,0.0,0.0
1984042,0.0,0.0,0.0,0.0,0.0,0.0,0.0
1987224,0.0,0.0,0.0,0.0,0.0,1.0,0.0
1987225,0.0,0.0,0.0,0.0,0.0,2.0,0.0
1987725,0.0,0.0,0.0,0.0,0.0,0.0,0.0
1990061,0.0,0.0,0.0,0.0,0.0,1.0,0.0
1990561,0.0,0.0,0.0,0.0,0.0,0.0,0.0
1993064,0.0,0.0,0.0,0.0,0.0,1.0,0.0
1993564,0.0,0.0,0.0,0.0,0.0,0.0,0.0
1994162,0.0,0.0,0.0,0.0,0.0,1.0,0.0
1994371,0.0,0.0,0.0,0.0,0.0,2.0,0.0
1994377,0.0,0.0,0.0,0.0,1.0,2.0,0.0
1994871,0.0,0.0,0.0,0.0,1.0,0.0,0.0
1994877,0.0,0.0,0.0,0.0,0.0,0.0,0.0
1997337,0.0,0.0,0.0,0.0,0.0,1.0,0.0
1997837,0.0,0.0,0.0,0.0,0.0,0.0,0.0
1998145,0.0,0.0,0.0,0.0,0.0,1.0,0.0
1998645,0.0,0.0,0.0,0.0,0.0,0.0,0.0
1998839,0.0,0.0,0.0,0.0,0.0,1.0,0.0
1998938,0.0,0.0,0.0,0.0,0.0,2.0,0.0
1999438,0.0,0.0,0.0,0.0,0.0,0.0,0.0
1999637,0.0,0.0,0.0,0.0,0.0,1.0,0.0
2000137,0.0,0.0,0.0,0.0,0.0,0.0,0.0
2003573,0.0,0.0,0.0,0.0,0.0,1.0,0.0
2003730,0.0,0.0,0.0,0.0,0.0,2.0,0.0
2004230,0.0,0.0,0.0,0.0,0.0,0.0,0.0
2006118,0.0,0.0,0.0,0.0,0.0,1.0,0.0
2006618,0.0,0.0,0.0,0.0,0.0,0.0,0.0
2006674,0.0,0.0,0.0,0.0,0.0,1.0,0.0
2007174,0.0,0.0,0.0,0.0,0.0,0.0,0.0
2007403,0.0,0.0,0.0,0.0,0.0,1.0,0.0
2007540,0.0,0.0,0.0,0.0,0.0,2.0,0.0
2008040,0.0,0.0,0.0,0.0,0.0,0.0,0.0
2011000,0.0,0.0,0.0,0.0,1.0,0.0,0.0
2011500,0.0,0.0,0.0,0.0,0.0,0.0,0.0
2013269,0.0,0.0,0.0,0.0,0.0,1.0,0.0
2013273,0.0,0.0,0.0,0.0,0.0,2.0,0.0
2013773,0.0,0.0,0.0,0.0,0.0,0.0,0.0
2014410,0.0,0.0,0.0,0.0,0.0,1.0,0.0
2014910,0.0,0.0,0.0,0.0,0.0,0.0,0.0
2016867,0.0,0.0,0.0,0.0,0.0,1.0,0.0
2017367,0.0,0.0,0.0,0.0,0.0,0.0,0.0
2017654,0.0,0.0,0.0,0.0,0.0,1.0,0.0
2018154,0.0,0.0,0.0,0.0,0.0,0.0,0.0
2019000,0.0,0.0,0.0,0.0,0.0,0.0,1.0
2019370,0.0,0.0,0.0,0.0,0.0,1.0,1.0
2019374,0.0,0.0,0.0,0.0,0.0,2.0,1.0
2019486,0.0,0.0,0.0,0.0,1.0,2.0,1.0
2019500,0.0,0.0,0.0,0.0,1.0,2.0,0.0
2019501,0.0,0.0,0.0,0.0,2.0,2.0,0.0
2019519,2.0,0.0,0.0,0.0,2.0,2.0,0.0
2019696,2.0,2.0,0.0,0.0,2.0,2.0,0.0
2019874,2.0,2.0,0.0,0.0,2.0,0.0,0.0
2020001,2.0,2.0,0.0,0.0,1.0,0.0,0.0
2020019,0.0,2.0,0.0,0.0,1.0,0.0,0.0
2020150,0.0,2.0,0.0,0.0,1.0,1.0,0.0
2020196,0.0,0.0,0.0,0.0,1.0,1.0,0.0
2020319,2.0,0.0,0.0,0.0,1.0,1.0,0.0
2020490,2.0,0.0,0.0,0.0,1.0,2.0,0.0
