,ADWIN,CUSUM,DDM,GeometricMovingAverage,HDDMAverage,HDDMWeighted,Ground-truth
101,0.0,0.0,1.0,0.0,0.0,0.0,0.0
601,0.0,0.0,0.0,0.0,0.0,0.0,0.0
1364,0.0,0.0,0.0,0.0,1.0,1.0,0.0
1864,0.0,0.0,0.0,0.0,0.0,0.0,0.0
4528,0.0,0.0,0.0,0.0,0.0,1.0,0.0
5028,0.0,0.0,0.0,0.0,0.0,0.0,0.0
5065,0.0,0.0,0.0,0.0,0.0,1.0,0.0
5068,0.0,0.0,0.0,0.0,1.0,1.0,0.0
5392,0.0,0.0,1.0,0.0,1.0,1.0,0.0
5565,0.0,0.0,1.0,0.0,1.0,0.0,0.0
5568,0.0,0.0,1.0,0.0,0.0,0.0,0.0
5892,0.0,0.0,0.0,0.0,0.0,0.0,0.0
5907,0.0,0.0,1.0,0.0,0.0,0.0,0.0
5935,0.0,0.0,1.0,0.0,0.0,1.0,0.0
5942,0.0,0.0,1.0,0.0,0.0,2.0,0.0
6407,0.0,0.0,0.0,0.0,0.0,2.0,0.0
6442,0.0,0.0,0.0,0.0,0.0,0.0,0.0
6556,0.0,0.0,1.0,0.0,0.0,0.0,0.0
6986,0.0,0.0,1.0,0.0,0.0,1.0,0.0
7486,0.0,0.0,1.0,0.0,0.0,0.0,0.0
8056,0.0,0.0,0.0,0.0,0.0,0.0,0.0
8764,0.0,0.0,0.0,0.0,0.0,1.0,0.0
9120,0.0,0.0,1.0,0.0,0.0,1.0,0.0
9264,0.0,0.0,1.0,0.0,0.0,0.0,0.0
9620,0.0,0.0,0.0,0.0,0.0,0.0,0.0
10536,0.0,0.0,0.0,0.0,0.0,1.0,0.0
10538,0.0,0.0,1.0,0.0,0.0,1.0,0.0
11036,0.0,0.0,1.0,0.0,0.0,0.0,0.0
11376,0.0,0.0,1.0,0.0,0.0,1.0,0.0
11876,0.0,0.0,1.0,0.0,0.0,0.0,0.0
12070,0.0,0.0,1.0,0.0,0.0,1.0,0.0
12570,0.0,0.0,1.0,0.0,0.0,0.0,0.0
13538,0.0,0.0,0.0,0.0,0.0,0.0,0.0
13555,0.0,0.0,1.0,0.0,0.0,0.0,0.0
14055,0.0,0.0,0.0,0.0,0.0,0.0,0.0
15680,0.0,0.0,0.0,0.0,0.0,1.0,0.0
16180,0.0,0.0,0.0,0.0,0.0,0.0,0.0
16261,0.0,0.0,0.0,0.0,0.0,1.0,0.0
16761,0.0,0.0,0.0,0.0,0.0,0.0,0.0
17050,0.0,0.0,0.0,0.0,0.0,1.0,0.0
17550,0.0,0.0,0.0,0.0,0.0,0.0,0.0
18497,0.0,0.0,0.0,0.0,0.0,1.0,0.0
18997,0.0,0.0,0.0,0.0,0.0,0.0,0.0
19587,0.0,0.0,0.0,0.0,0.0,1.0,0.0
20087,0.0,0.0,0.0,0.0,0.0,0.0,0.0
20795,0.0,0.0,0.0,0.0,0.0,1.0,0.0
21295,0.0,0.0,0.0,0.0,0.0,0.0,0.0
21734,0.0,0.0,0.0,0.0,0.0,1.0,0.0
21866,0.0,0.0,0.0,0.0,0.0,2.0,0.0
22366,0.0,0.0,0.0,0.0,0.0,0.0,0.0
22439,0.0,0.0,0.0,0.0,0.0,1.0,0.0
22939,0.0,0.0,0.0,0.0,0.0,0.0,0.0
24307,0.0,0.0,0.0,0.0,0.0,1.0,0.0
24807,0.0,0.0,0.0,0.0,0.0,0.0,0.0
26606,0.0,0.0,0.0,0.0,0.0,1.0,0.0
27106,0.0,0.0,0.0,0.0,0.0,0.0,0.0
27587,0.0,0.0,0.0,0.0,0.0,1.0,0.0
28087,0.0,0.0,0.0,0.0,0.0,0.0,0.0
30661,0.0,0.0,0.0,0.0,0.0,1.0,0.0
30675,0.0,0.0,0.0,0.0,0.0,2.0,0.0
31175,0.0,0.0,0.0,0.0,0.0,0.0,0.0
32026,0.0,0.0,0.0,0.0,0.0,1.0,0.0
32526,0.0,0.0,0.0,0.0,0.0,0.0,0.0
35095,0.0,0.0,0.0,0.0,0.0,1.0,0.0
35595,0.0,0.0,0.0,0.0,0.0,0.0,0.0
35620,0.0,0.0,0.0,0.0,0.0,1.0,0.0
36120,0.0,0.0,0.0,0.0,0.0,0.0,0.0
37106,0.0,0.0,0.0,0.0,0.0,1.0,0.0
37606,0.0,0.0,0.0,0.0,0.0,0.0,0.0
37739,0.0,0.0,0.0,0.0,0.0,1.0,0.0
37861,0.0,0.0,0.0,0.0,0.0,2.0,0.0
38361,0.0,0.0,0.0,0.0,0.0,0.0,0.0
38843,0.0,0.0,0.0,0.0,0.0,1.0,0.0
38847,0.0,0.0,0.0,0.0,0.0,2.0,0.0
39347,0.0,0.0,0.0,0.0,0.0,0.0,0.0
39732,0.0,0.0,0.0,0.0,0.0,1.0,0.0
40087,0.0,0.0,0.0,0.0,0.0,2.0,0.0
40587,0.0,0.0,0.0,0.0,0.0,0.0,0.0
42948,0.0,0.0,0.0,0.0,0.0,1.0,0.0
43448,0.0,0.0,0.0,0.0,0.0,0.0,0.0
43695,0.0,0.0,0.0,0.0,0.0,1.0,0.0
44195,0.0,0.0,0.0,0.0,0.0,0.0,0.0
44240,0.0,2.0,0.0,0.0,0.0,0.0,0.0
44740,0.0,0.0,0.0,0.0,0.0,0.0,0.0
44949,0.0,0.0,0.0,0.0,0.0,1.0,0.0
45449,0.0,0.0,0.0,0.0,0.0,0.0,0.0
46248,0.0,0.0,0.0,0.0,0.0,1.0,0.0
46250,0.0,0.0,0.0,0.0,0.0,2.0,0.0
46750,0.0,0.0,0.0,0.0,0.0,0.0,0.0
47616,0.0,0.0,1.0,0.0,0.0,0.0,0.0
48538,0.0,0.0,1.0,0.0,0.0,1.0,0.0
49038,0.0,0.0,1.0,0.0,0.0,0.0,0.0
49825,0.0,0.0,1.0,0.0,0.0,1.0,0.0
50325,0.0,0.0,1.0,0.0,0.0,0.0,0.0
50616,0.0,0.0,0.0,0.0,0.0,0.0,0.0
50684,0.0,0.0,1.0,0.0,0.0,0.0,0.0
51184,0.0,0.0,0.0,0.0,0.0,0.0,0.0
51189,0.0,0.0,0.0,0.0,0.0,1.0,0.0
51204,0.0,0.0,1.0,0.0,0.0,1.0,0.0
51689,0.0,0.0,1.0,0.0,0.0,0.0,0.0
51704,0.0,0.0,0.0,0.0,0.0,0.0,0.0
54418,0.0,0.0,0.0,0.0,0.0,1.0,0.0
54918,0.0,0.0,0.0,0.0,0.0,0.0,0.0
55343,0.0,0.0,0.0,0.0,0.0,1.0,0.0
55843,0.0,0.0,0.0,0.0,0.0,0.0,0.0
56064,0.0,0.0,0.0,0.0,0.0,1.0,0.0
56564,0.0,0.0,0.0,0.0,0.0,0.0,0.0
57614,0.0,0.0,0.0,0.0,0.0,1.0,0.0
57725,0.0,0.0,1.0,0.0,0.0,1.0,0.0
57896,0.0,0.0,1.0,0.0,0.0,2.0,0.0
58396,0.0,0.0,1.0,0.0,0.0,0.0,0.0
59658,0.0,0.0,1.0,0.0,0.0,1.0,0.0
60158,0.0,0.0,1.0,0.0,0.0,0.0,0.0
60305,0.0,0.0,1.0,0.0,0.0,1.0,0.0
60805,0.0,0.0,1.0,0.0,0.0,0.0,0.0
62227,0.0,0.0,1.0,0.0,0.0,1.0,0.0
62727,0.0,0.0,1.0,0.0,0.0,0.0,0.0
63786,0.0,0.0,1.0,0.0,0.0,1.0,0.0
64286,0.0,0.0,1.0,0.0,0.0,0.0,0.0
64399,0.0,0.0,1.0,0.0,0.0,1.0,0.0
64899,0.0,0.0,1.0,0.0,0.0,0.0,0.0
67267,0.0,0.0,1.0,0.0,0.0,1.0,0.0
67767,0.0,0.0,1.0,0.0,0.0,0.0,0.0
68015,0.0,0.0,1.0,0.0,0.0,1.0,0.0
68515,0.0,0.0,1.0,0.0,0.0,0.0,0.0
69082,0.0,0.0,1.0,0.0,0.0,1.0,0.0
69088,0.0,0.0,1.0,0.0,0.0,2.0,0.0
69588,0.0,0.0,1.0,0.0,0.0,0.0,0.0
71418,0.0,0.0,1.0,0.0,0.0,1.0,0.0
71918,0.0,0.0,1.0,0.0,0.0,0.0,0.0
73249,0.0,0.0,1.0,0.0,0.0,1.0,0.0
73749,0.0,0.0,1.0,0.0,0.0,0.0,0.0
75435,0.0,0.0,1.0,0.0,0.0,1.0,0.0
75935,0.0,0.0,1.0,0.0,0.0,0.0,0.0
76565,0.0,0.0,1.0,0.0,0.0,1.0,0.0
76584,0.0,0.0,1.0,0.0,0.0,2.0,0.0
77084,0.0,0.0,1.0,0.0,0.0,0.0,0.0
77697,0.0,0.0,1.0,0.0,0.0,1.0,0.0
78197,0.0,0.0,1.0,0.0,0.0,0.0,0.0
79546,0.0,0.0,1.0,0.0,0.0,1.0,0.0
80046,0.0,0.0,1.0,0.0,0.0,0.0,0.0
80399,0.0,0.0,1.0,0.0,0.0,1.0,0.0
80899,0.0,0.0,1.0,0.0,0.0,0.0,0.0
81378,0.0,0.0,1.0,0.0,0.0,1.0,0.0
81878,0.0,0.0,1.0,0.0,0.0,0.0,0.0
82084,0.0,0.0,1.0,0.0,0.0,1.0,0.0
82338,0.0,0.0,1.0,0.0,0.0,2.0,0.0
82838,0.0,0.0,1.0,0.0,0.0,0.0,0.0
83098,0.0,0.0,1.0,0.0,0.0,1.0,0.0
83113,0.0,2.0,1.0,0.0,0.0,1.0,0.0
83598,0.0,2.0,1.0,0.0,0.0,0.0,0.0
83613,0.0,0.0,1.0,0.0,0.0,0.0,0.0
84625,0.0,0.0,1.0,0.0,0.0,1.0,0.0
85125,0.0,0.0,1.0,0.0,0.0,0.0,0.0
86742,0.0,0.0,1.0,0.0,0.0,1.0,0.0
87242,0.0,0.0,1.0,0.0,0.0,0.0,0.0
91915,0.0,0.0,1.0,0.0,0.0,1.0,0.0
92415,0.0,0.0,1.0,0.0,0.0,0.0,0.0
92483,0.0,0.0,1.0,0.0,0.0,1.0,0.0
92983,0.0,0.0,1.0,0.0,0.0,0.0,0.0
93492,0.0,0.0,1.0,0.0,0.0,1.0,0.0
93494,0.0,0.0,1.0,0.0,0.0,2.0,0.0
93994,0.0,0.0,1.0,0.0,0.0,0.0,0.0
94597,0.0,0.0,1.0,0.0,0.0,1.0,0.0
95097,0.0,0.0,1.0,0.0,0.0,0.0,0.0
95322,0.0,0.0,1.0,0.0,0.0,1.0,0.0
95822,0.0,0.0,1.0,0.0,0.0,0.0,0.0
97466,0.0,0.0,1.0,0.0,0.0,1.0,0.0
97471,0.0,0.0,1.0,0.0,0.0,2.0,0.0
97971,0.0,0.0,1.0,0.0,0.0,0.0,0.0
100302,0.0,0.0,1.0,0.0,0.0,1.0,0.0
100802,0.0,0.0,1.0,0.0,0.0,0.0,0.0
101225,0.0,0.0,0.0,0.0,0.0,0.0,0.0
103286,0.0,0.0,0.0,0.0,0.0,1.0,0.0
103786,0.0,0.0,0.0,0.0,0.0,0.0,0.0
103901,0.0,0.0,0.0,0.0,0.0,1.0,0.0
104401,0.0,0.0,0.0,0.0,0.0,0.0,0.0
104863,0.0,0.0,0.0,0.0,0.0,1.0,0.0
105363,0.0,0.0,0.0,0.0,0.0,0.0,0.0
105853,0.0,0.0,0.0,0.0,0.0,1.0,0.0
106271,0.0,0.0,0.0,0.0,0.0,2.0,0.0
106771,0.0,0.0,0.0,0.0,0.0,0.0,0.0
112942,0.0,0.0,0.0,0.0,0.0,1.0,0.0
113442,0.0,0.0,0.0,0.0,0.0,0.0,0.0
114015,0.0,0.0,0.0,0.0,0.0,1.0,0.0
114515,0.0,0.0,0.0,0.0,0.0,0.0,0.0
115025,0.0,0.0,0.0,0.0,0.0,1.0,0.0
115525,0.0,0.0,0.0,0.0,0.0,0.0,0.0
117424,0.0,0.0,0.0,0.0,0.0,1.0,0.0
117924,0.0,0.0,0.0,0.0,0.0,0.0,0.0
117938,0.0,0.0,0.0,0.0,0.0,1.0,0.0
118438,0.0,0.0,0.0,0.0,0.0,0.0,0.0
123177,0.0,0.0,0.0,0.0,0.0,1.0,0.0
123677,0.0,0.0,0.0,0.0,0.0,0.0,0.0
123732,0.0,0.0,0.0,0.0,0.0,1.0,0.0
124232,0.0,0.0,0.0,0.0,0.0,0.0,0.0
124725,0.0,0.0,0.0,0.0,0.0,1.0,0.0
125225,0.0,0.0,0.0,0.0,0.0,0.0,0.0
126830,0.0,0.0,0.0,0.0,0.0,1.0,0.0
127330,0.0,0.0,0.0,0.0,0.0,0.0,0.0
128392,0.0,0.0,0.0,0.0,0.0,1.0,0.0
128892,0.0,0.0,0.0,0.0,0.0,0.0,0.0
133421,0.0,0.0,0.0,0.0,0.0,1.0,0.0
133921,0.0,0.0,0.0,0.0,0.0,0.0,0.0
135854,0.0,0.0,0.0,0.0,0.0,1.0,0.0
136354,0.0,0.0,0.0,0.0,0.0,0.0,0.0
136541,0.0,0.0,0.0,0.0,0.0,1.0,0.0
136557,0.0,0.0,0.0,0.0,0.0,2.0,0.0
137057,0.0,0.0,0.0,0.0,0.0,0.0,0.0
138181,0.0,0.0,0.0,0.0,0.0,1.0,0.0
138192,0.0,0.0,0.0,0.0,0.0,2.0,0.0
138692,0.0,0.0,0.0,0.0,0.0,0.0,0.0
141680,0.0,0.0,0.0,0.0,0.0,1.0,0.0
142180,0.0,0.0,0.0,0.0,0.0,0.0,0.0
142340,0.0,0.0,0.0,0.0,0.0,1.0,0.0
142840,0.0,0.0,0.0,0.0,0.0,0.0,0.0
144964,0.0,0.0,0.0,0.0,0.0,1.0,0.0
145464,0.0,0.0,0.0,0.0,0.0,0.0,0.0
145625,0.0,0.0,0.0,0.0,0.0,1.0,0.0
145626,0.0,0.0,0.0,0.0,0.0,2.0,0.0
146126,0.0,0.0,0.0,0.0,0.0,0.0,0.0
146699,0.0,0.0,0.0,0.0,0.0,1.0,0.0
147199,0.0,0.0,0.0,0.0,0.0,0.0,0.0
148260,0.0,0.0,0.0,0.0,0.0,1.0,0.0
148760,0.0,0.0,0.0,0.0,0.0,0.0,0.0
152411,0.0,0.0,0.0,0.0,1.0,0.0,0.0
152909,0.0,0.0,0.0,0.0,1.0,1.0,0.0
152911,0.0,0.0,0.0,0.0,0.0,1.0,0.0
153409,0.0,0.0,0.0,0.0,0.0,0.0,0.0
153658,0.0,0.0,0.0,0.0,0.0,1.0,0.0
154158,0.0,0.0,0.0,0.0,0.0,0.0,0.0
155406,0.0,0.0,0.0,0.0,0.0,1.0,0.0
155906,0.0,0.0,0.0,0.0,0.0,0.0,0.0
158156,0.0,0.0,0.0,0.0,0.0,1.0,0.0
158656,0.0,0.0,0.0,0.0,0.0,0.0,0.0
160779,0.0,0.0,0.0,0.0,0.0,1.0,0.0
161279,0.0,0.0,0.0,0.0,0.0,0.0,0.0
163909,0.0,0.0,0.0,0.0,0.0,1.0,0.0
164409,0.0,0.0,0.0,0.0,0.0,0.0,0.0
167236,0.0,0.0,0.0,0.0,0.0,1.0,0.0
167736,0.0,0.0,0.0,0.0,0.0,0.0,0.0
174113,0.0,0.0,0.0,0.0,0.0,1.0,0.0
174613,0.0,0.0,0.0,0.0,0.0,0.0,0.0
175623,0.0,0.0,0.0,0.0,0.0,1.0,0.0
176123,0.0,0.0,0.0,0.0,0.0,0.0,0.0
176464,0.0,0.0,0.0,0.0,0.0,1.0,0.0
176964,0.0,0.0,0.0,0.0,0.0,0.0,0.0
180544,0.0,0.0,0.0,0.0,0.0,1.0,0.0
181044,0.0,0.0,0.0,0.0,0.0,0.0,0.0
184225,0.0,0.0,0.0,0.0,0.0,1.0,0.0
184725,0.0,0.0,0.0,0.0,0.0,0.0,0.0
191696,0.0,0.0,0.0,0.0,0.0,1.0,0.0
192196,0.0,0.0,0.0,0.0,0.0,0.0,0.0
194211,0.0,0.0,0.0,0.0,0.0,1.0,0.0
194711,0.0,0.0,0.0,0.0,0.0,0.0,0.0
196024,0.0,0.0,0.0,0.0,0.0,1.0,0.0
196524,0.0,0.0,0.0,0.0,0.0,0.0,0.0
196527,0.0,0.0,0.0,0.0,0.0,1.0,0.0
197027,0.0,0.0,0.0,0.0,0.0,0.0,0.0
198469,0.0,0.0,0.0,0.0,0.0,1.0,0.0
198608,0.0,0.0,0.0,0.0,0.0,2.0,0.0
199108,0.0,0.0,0.0,0.0,0.0,0.0,0.0
200100,0.0,0.0,0.0,0.0,0.0,0.0,1.0
200444,0.0,0.0,0.0,0.0,0.0,1.0,1.0
200600,0.0,0.0,0.0,0.0,0.0,1.0,0.0
200944,0.0,0.0,0.0,0.0,0.0,0.0,0.0
202468,0.0,2.0,0.0,0.0,0.0,0.0,0.0
202968,0.0,0.0,0.0,0.0,0.0,0.0,0.0
203160,0.0,0.0,0.0,0.0,0.0,1.0,0.0
203455,2.0,0.0,0.0,0.0,0.0,1.0,0.0
203660,2.0,0.0,0.0,0.0,0.0,0.0,0.0
203955,0.0,0.0,0.0,0.0,0.0,0.0,0.0
204042,0.0,0.0,0.0,0.0,1.0,0.0,0.0
204059,0.0,0.0,0.0,0.0,1.0,1.0,0.0
204063,2.0,0.0,0.0,0.0,1.0,1.0,0.0
204559,2.0,0.0,0.0,0.0,1.0,0.0,0.0
204563,0.0,0.0,0.0,0.0,1.0,0.0,0.0
204606,0.0,0.0,0.0,0.0,2.0,0.0,0.0
204607,0.0,0.0,0.0,0.0,2.0,1.0,0.0
204609,0.0,0.0,0.0,0.0,2.0,2.0,0.0
204671,2.0,0.0,0.0,0.0,2.0,2.0,0.0
205106,2.0,0.0,0.0,0.0,0.0,2.0,0.0
205109,2.0,0.0,0.0,0.0,0.0,0.0,0.0
205171,0.0,0.0,0.0,0.0,0.0,0.0,0.0
206300,0.0,0.0,0.0,0.0,0.0,1.0,0.0
206800,0.0,0.0,0.0,0.0,0.0,0.0,0.0
208110,0.0,0.0,0.0,0.0,0.0,1.0,0.0
208119,0.0,0.0,0.0,0.0,0.0,2.0,0.0
208447,2.0,0.0,0.0,0.0,0.0,2.0,0.0
208619,2.0,0.0,0.0,0.0,0.0,0.0,0.0
208947,0.0,0.0,0.0,0.0,0.0,0.0,0.0
209050,0.0,0.0,0.0,0.0,0.0,1.0,0.0
209550,0.0,0.0,0.0,0.0,0.0,0.0,0.0
209552,0.0,0.0,0.0,0.0,0.0,1.0,0.0
210052,0.0,0.0,0.0,0.0,0.0,0.0,0.0
211038,0.0,0.0,1.0,0.0,0.0,0.0,0.0
212891,0.0,0.0,1.0,0.0,1.0,0.0,0.0
212892,0.0,0.0,1.0,0.0,1.0,1.0,0.0
213391,0.0,0.0,1.0,0.0,0.0,1.0,0.0
213392,0.0,0.0,1.0,0.0,0.0,0.0,0.0
213457,0.0,0.0,1.0,0.0,0.0,1.0,0.0
213957,0.0,0.0,1.0,0.0,0.0,0.0,0.0
214858,0.0,0.0,1.0,0.0,0.0,1.0,0.0
215358,0.0,0.0,1.0,0.0,0.0,0.0,0.0
215394,0.0,0.0,1.0,0.0,0.0,1.0,0.0
215894,0.0,0.0,1.0,0.0,0.0,0.0,0.0
217534,0.0,0.0,1.0,0.0,1.0,0.0,0.0
217724,0.0,0.0,1.0,0.0,1.0,1.0,0.0
218034,0.0,0.0,1.0,0.0,0.0,1.0,0.0
218224,0.0,0.0,1.0,0.0,0.0,0.0,0.0
219598,0.0,0.0,1.0,0.0,0.0,1.0,0.0
219692,0.0,0.0,2.0,0.0,0.0,1.0,0.0
220098,0.0,0.0,2.0,0.0,0.0,0.0,0.0
220192,0.0,0.0,0.0,0.0,0.0,0.0,0.0
220911,0.0,0.0,1.0,0.0,0.0,0.0,0.0
221936,0.0,0.0,1.0,0.0,0.0,1.0,0.0
222319,0.0,0.0,2.0,0.0,0.0,1.0,0.0
222436,0.0,0.0,2.0,0.0,0.0,0.0,0.0
222819,0.0,0.0,0.0,0.0,0.0,0.0,0.0
225570,0.0,0.0,0.0,0.0,0.0,1.0,0.0
226070,0.0,0.0,0.0,0.0,0.0,0.0,0.0
226437,0.0,0.0,0.0,0.0,0.0,1.0,0.0
226937,0.0,0.0,0.0,0.0,0.0,0.0,0.0
227001,0.0,0.0,0.0,0.0,0.0,1.0,0.0
227039,2.0,0.0,0.0,0.0,0.0,1.0,0.0
227501,2.0,0.0,0.0,0.0,0.0,0.0,0.0
227506,2.0,0.0,0.0,0.0,0.0,1.0,0.0
227539,0.0,0.0,0.0,0.0,0.0,1.0,0.0
227566,0.0,2.0,0.0,0.0,0.0,1.0,0.0
227996,0.0,2.0,0.0,0.0,0.0,2.0,0.0
228030,0.0,2.0,0.0,0.0,1.0,2.0,0.0
228066,0.0,0.0,0.0,0.0,1.0,2.0,0.0
228496,0.0,0.0,0.0,0.0,1.0,0.0,0.0
229530,0.0,0.0,0.0,0.0,0.0,0.0,0.0
230644,0.0,0.0,0.0,0.0,0.0,1.0,0.0
230654,0.0,0.0,0.0,0.0,0.0,2.0,0.0
231154,0.0,0.0,0.0,0.0,0.0,0.0,0.0
231271,0.0,0.0,0.0,0.0,0.0,1.0,0.0
231771,0.0,0.0,0.0,0.0,0.0,0.0,0.0
233790,0.0,0.0,0.0,0.0,0.0,1.0,0.0
234290,0.0,0.0,0.0,0.0,0.0,0.0,0.0
236167,0.0,0.0,0.0,0.0,0.0,1.0,0.0
236481,0.0,0.0,0.0,0.0,0.0,2.0,0.0
236981,0.0,0.0,0.0,0.0,0.0,0.0,0.0
237300,0.0,0.0,0.0,0.0,0.0,1.0,0.0
237800,0.0,0.0,0.0,0.0,0.0,0.0,0.0
238555,0.0,0.0,0.0,0.0,0.0,1.0,0.0
239055,0.0,0.0,0.0,0.0,0.0,0.0,0.0
239744,0.0,0.0,0.0,0.0,0.0,1.0,0.0
240244,0.0,0.0,0.0,0.0,0.0,0.0,0.0
240553,0.0,0.0,0.0,0.0,0.0,1.0,0.0
240554,0.0,0.0,0.0,0.0,0.0,2.0,0.0
241054,0.0,0.0,0.0,0.0,0.0,0.0,0.0
241506,0.0,0.0,0.0,0.0,1.0,0.0,0.0
242006,0.0,0.0,0.0,0.0,0.0,0.0,0.0
242394,0.0,0.0,0.0,0.0,0.0,1.0,0.0
242519,0.0,0.0,0.0,0.0,0.0,2.0,0.0
243019,0.0,0.0,0.0,0.0,0.0,0.0,0.0
243183,0.0,0.0,0.0,0.0,0.0,1.0,0.0
243683,0.0,0.0,0.0,0.0,0.0,0.0,0.0
244229,0.0,0.0,0.0,0.0,0.0,1.0,0.0
244729,0.0,0.0,0.0,0.0,0.0,0.0,0.0
247513,0.0,0.0,0.0,0.0,0.0,1.0,0.0
247520,0.0,0.0,0.0,0.0,0.0,2.0,0.0
248020,0.0,0.0,0.0,0.0,0.0,0.0,0.0
248713,0.0,0.0,0.0,0.0,0.0,1.0,0.0
249213,0.0,0.0,0.0,0.0,0.0,0.0,0.0
249464,0.0,0.0,0.0,0.0,0.0,1.0,0.0
249781,0.0,0.0,0.0,0.0,0.0,2.0,0.0
250281,0.0,0.0,0.0,0.0,0.0,0.0,0.0
251743,0.0,0.0,0.0,0.0,0.0,1.0,0.0
252243,0.0,0.0,0.0,0.0,0.0,0.0,0.0
252442,0.0,0.0,0.0,0.0,0.0,1.0,0.0
252444,0.0,0.0,0.0,0.0,0.0,2.0,0.0
252944,0.0,0.0,0.0,0.0,0.0,0.0,0.0
254168,0.0,0.0,0.0,0.0,0.0,1.0,0.0
254668,0.0,0.0,0.0,0.0,0.0,0.0,0.0
255413,0.0,0.0,0.0,0.0,0.0,1.0,0.0
255420,0.0,0.0,0.0,0.0,0.0,2.0,0.0
255920,0.0,0.0,0.0,0.0,0.0,0.0,0.0
257798,0.0,0.0,0.0,0.0,0.0,1.0,0.0
258298,0.0,0.0,0.0,0.0,0.0,0.0,0.0
258527,0.0,0.0,0.0,0.0,0.0,1.0,0.0
258529,0.0,0.0,0.0,0.0,0.0,2.0,0.0
259029,0.0,0.0,0.0,0.0,0.0,0.0,0.0
260821,0.0,0.0,0.0,0.0,0.0,1.0,0.0
261321,0.0,0.0,0.0,0.0,0.0,0.0,0.0
262216,0.0,0.0,0.0,0.0,0.0,1.0,0.0
262716,0.0,0.0,0.0,0.0,0.0,0.0,0.0
262998,0.0,0.0,0.0,0.0,0.0,1.0,0.0
263002,0.0,0.0,0.0,0.0,0.0,2.0,0.0
263502,0.0,0.0,0.0,0.0,0.0,0.0,0.0
265232,0.0,0.0,0.0,0.0,0.0,1.0,0.0
265732,0.0,0.0,0.0,0.0,0.0,0.0,0.0
266270,0.0,0.0,0.0,0.0,0.0,1.0,0.0
266770,0.0,0.0,0.0,0.0,0.0,0.0,0.0
268442,0.0,0.0,0.0,0.0,0.0,1.0,0.0
268942,0.0,0.0,0.0,0.0,0.0,0.0,0.0
269429,0.0,0.0,0.0,0.0,0.0,1.0,0.0
269929,0.0,0.0,0.0,0.0,0.0,0.0,0.0
270708,0.0,0.0,0.0,0.0,0.0,1.0,0.0
271208,0.0,0.0,0.0,0.0,0.0,0.0,0.0
272134,0.0,0.0,0.0,0.0,0.0,1.0,0.0
272634,0.0,0.0,0.0,0.0,0.0,0.0,0.0
273433,0.0,0.0,0.0,0.0,0.0,1.0,0.0
273933,0.0,0.0,0.0,0.0,0.0,0.0,0.0
275410,0.0,0.0,0.0,0.0,0.0,1.0,0.0
275412,0.0,0.0,0.0,0.0,0.0,2.0,0.0
275912,0.0,0.0,0.0,0.0,0.0,0.0,0.0
276680,0.0,0.0,0.0,0.0,0.0,1.0,0.0
277180,0.0,0.0,0.0,0.0,0.0,0.0,0.0
277608,0.0,0.0,0.0,0.0,0.0,1.0,0.0
277862,0.0,0.0,0.0,0.0,1.0,1.0,0.0
277875,0.0,0.0,0.0,0.0,2.0,2.0,0.0
278375,0.0,0.0,0.0,0.0,0.0,0.0,0.0
279251,0.0,0.0,0.0,0.0,1.0,0.0,0.0
279751,0.0,0.0,0.0,0.0,0.0,0.0,0.0
279856,0.0,0.0,0.0,0.0,0.0,1.0,0.0
279858,0.0,0.0,0.0,0.0,0.0,2.0,0.0
280358,0.0,0.0,0.0,0.0,0.0,0.0,0.0
281419,0.0,0.0,0.0,0.0,0.0,1.0,0.0
281919,0.0,0.0,0.0,0.0,0.0,0.0,0.0
282079,0.0,0.0,0.0,0.0,0.0,1.0,0.0
282127,0.0,2.0,0.0,0.0,0.0,1.0,0.0
282579,0.0,2.0,0.0,0.0,0.0,0.0,0.0
282627,0.0,0.0,0.0,0.0,0.0,0.0,0.0
283424,0.0,0.0,0.0,0.0,0.0,1.0,0.0
283924,0.0,0.0,0.0,0.0,0.0,0.0,0.0
286615,0.0,0.0,0.0,0.0,0.0,1.0,0.0
287115,0.0,0.0,0.0,0.0,0.0,0.0,0.0
288040,0.0,0.0,0.0,0.0,0.0,1.0,0.0
288540,0.0,0.0,0.0,0.0,0.0,0.0,0.0
288685,0.0,0.0,0.0,0.0,0.0,1.0,0.0
289185,0.0,0.0,0.0,0.0,0.0,0.0,0.0
289873,0.0,0.0,0.0,0.0,0.0,1.0,0.0
290373,0.0,0.0,0.0,0.0,0.0,0.0,0.0
291960,0.0,0.0,0.0,0.0,0.0,1.0,0.0
291962,0.0,0.0,0.0,0.0,0.0,2.0,0.0
292462,0.0,0.0,0.0,0.0,0.0,0.0,0.0
293277,0.0,0.0,0.0,0.0,0.0,1.0,0.0
293777,0.0,0.0,0.0,0.0,0.0,0.0,0.0
294929,0.0,0.0,0.0,0.0,0.0,1.0,0.0
295429,0.0,0.0,0.0,0.0,0.0,0.0,0.0
296111,0.0,0.0,0.0,0.0,0.0,1.0,0.0
296611,0.0,0.0,0.0,0.0,0.0,0.0,0.0
297058,0.0,0.0,0.0,0.0,0.0,1.0,0.0
297558,0.0,0.0,0.0,0.0,0.0,0.0,0.0
298159,0.0,0.0,0.0,0.0,0.0,1.0,0.0
298659,0.0,0.0,0.0,0.0,0.0,0.0,0.0
298856,0.0,0.0,0.0,0.0,0.0,1.0,0.0
299356,0.0,0.0,0.0,0.0,0.0,0.0,0.0
299992,0.0,0.0,0.0,0.0,0.0,1.0,0.0
300492,0.0,0.0,0.0,0.0,0.0,0.0,0.0
301774,0.0,0.0,0.0,0.0,1.0,1.0,0.0
302274,0.0,0.0,0.0,0.0,0.0,0.0,0.0
305090,0.0,0.0,0.0,0.0,0.0,1.0,0.0
305184,0.0,0.0,0.0,0.0,0.0,2.0,0.0
305684,0.0,0.0,0.0,0.0,0.0,0.0,0.0
308290,0.0,0.0,0.0,0.0,0.0,1.0,0.0
308790,0.0,0.0,0.0,0.0,0.0,0.0,0.0
308819,0.0,0.0,0.0,0.0,0.0,1.0,0.0
308824,0.0,0.0,0.0,0.0,0.0,2.0,0.0
309324,0.0,0.0,0.0,0.0,0.0,0.0,0.0
315904,0.0,0.0,0.0,0.0,0.0,1.0,0.0
316404,0.0,0.0,0.0,0.0,0.0,0.0,0.0
316636,0.0,0.0,0.0,0.0,0.0,1.0,0.0
317136,0.0,0.0,0.0,0.0,0.0,0.0,0.0
318777,0.0,0.0,0.0,0.0,1.0,0.0,0.0
319277,0.0,0.0,0.0,0.0,0.0,0.0,0.0
319706,0.0,0.0,0.0,0.0,0.0,1.0,0.0
320206,0.0,0.0,0.0,0.0,0.0,0.0,0.0
320586,0.0,0.0,0.0,0.0,0.0,1.0,0.0
321086,0.0,0.0,0.0,0.0,0.0,0.0,0.0
321553,0.0,0.0,0.0,0.0,0.0,1.0,0.0
321558,0.0,0.0,0.0,0.0,0.0,2.0,0.0
322058,0.0,0.0,0.0,0.0,0.0,0.0,0.0
323102,0.0,0.0,0.0,0.0,0.0,1.0,0.0
323602,0.0,0.0,0.0,0.0,0.0,0.0,0.0
323664,0.0,0.0,0.0,0.0,0.0,1.0,0.0
324164,0.0,0.0,0.0,0.0,0.0,0.0,0.0
330892,0.0,0.0,0.0,0.0,0.0,1.0,0.0
331392,0.0,0.0,0.0,0.0,0.0,0.0,0.0
342589,0.0,0.0,0.0,0.0,0.0,1.0,0.0
342596,0.0,0.0,0.0,0.0,0.0,2.0,0.0
343096,0.0,0.0,0.0,0.0,0.0,0.0,0.0
343524,0.0,0.0,0.0,0.0,0.0,1.0,0.0
344024,0.0,0.0,0.0,0.0,0.0,0.0,0.0
344354,0.0,0.0,0.0,0.0,0.0,1.0,0.0
344854,0.0,0.0,0.0,0.0,0.0,0.0,0.0
345075,0.0,0.0,0.0,0.0,0.0,1.0,0.0
345575,0.0,0.0,0.0,0.0,0.0,0.0,0.0
346883,0.0,0.0,0.0,0.0,0.0,1.0,0.0
347383,0.0,0.0,0.0,0.0,0.0,0.0,0.0
347963,0.0,0.0,0.0,0.0,0.0,1.0,0.0
348463,0.0,0.0,0.0,0.0,0.0,0.0,0.0
348781,0.0,0.0,0.0,0.0,0.0,1.0,0.0
349281,0.0,0.0,0.0,0.0,0.0,0.0,0.0
350828,0.0,0.0,0.0,0.0,0.0,1.0,0.0
351328,0.0,0.0,0.0,0.0,0.0,0.0,0.0
352301,0.0,0.0,0.0,0.0,0.0,1.0,0.0
352801,0.0,0.0,0.0,0.0,0.0,0.0,0.0
355061,0.0,0.0,0.0,0.0,0.0,1.0,0.0
355561,0.0,0.0,0.0,0.0,0.0,0.0,0.0
356689,0.0,0.0,0.0,0.0,0.0,1.0,0.0
357189,0.0,0.0,0.0,0.0,0.0,0.0,0.0
357369,0.0,0.0,0.0,0.0,0.0,1.0,0.0
357374,0.0,0.0,0.0,0.0,0.0,2.0,0.0
357874,0.0,0.0,0.0,0.0,0.0,0.0,0.0
360612,0.0,0.0,0.0,0.0,0.0,1.0,0.0
360614,0.0,0.0,0.0,0.0,0.0,2.0,0.0
361114,0.0,0.0,0.0,0.0,0.0,0.0,0.0
364181,0.0,0.0,0.0,0.0,0.0,1.0,0.0
364681,0.0,0.0,0.0,0.0,0.0,0.0,0.0
367621,0.0,0.0,0.0,0.0,0.0,1.0,0.0
367789,0.0,0.0,0.0,0.0,0.0,2.0,0.0
368289,0.0,0.0,0.0,0.0,0.0,0.0,0.0
368677,0.0,0.0,0.0,0.0,0.0,1.0,0.0
369177,0.0,0.0,0.0,0.0,0.0,0.0,0.0
369198,0.0,0.0,0.0,0.0,0.0,1.0,0.0
369698,0.0,0.0,0.0,0.0,0.0,0.0,0.0
370128,0.0,0.0,0.0,0.0,0.0,1.0,0.0
370628,0.0,0.0,0.0,0.0,0.0,0.0,0.0
371736,0.0,0.0,0.0,0.0,0.0,1.0,0.0
372236,0.0,0.0,0.0,0.0,0.0,0.0,0.0
373168,0.0,0.0,0.0,0.0,0.0,1.0,0.0
373170,0.0,0.0,0.0,0.0,0.0,2.0,0.0
373670,0.0,0.0,0.0,0.0,0.0,0.0,0.0
379168,0.0,0.0,0.0,0.0,0.0,1.0,0.0
379668,0.0,0.0,0.0,0.0,0.0,0.0,0.0
380052,0.0,0.0,0.0,0.0,0.0,1.0,0.0
380552,0.0,0.0,0.0,0.0,0.0,0.0,0.0
380669,0.0,0.0,0.0,0.0,0.0,1.0,0.0
381169,0.0,0.0,0.0,0.0,0.0,0.0,0.0
382400,0.0,0.0,0.0,0.0,0.0,1.0,0.0
382900,0.0,0.0,0.0,0.0,0.0,0.0,0.0
387340,0.0,0.0,0.0,0.0,0.0,1.0,0.0
387840,0.0,0.0,0.0,0.0,0.0,0.0,0.0
389495,0.0,0.0,0.0,0.0,0.0,1.0,0.0
389995,0.0,0.0,0.0,0.0,0.0,0.0,0.0
392091,0.0,0.0,0.0,0.0,0.0,1.0,0.0
392591,0.0,0.0,0.0,0.0,0.0,0.0,0.0
393604,0.0,0.0,0.0,0.0,0.0,1.0,0.0
394104,0.0,0.0,0.0,0.0,0.0,0.0,0.0
394730,0.0,0.0,0.0,0.0,0.0,1.0,0.0
394732,0.0,0.0,0.0,0.0,0.0,2.0,0.0
395232,0.0,0.0,0.0,0.0,0.0,0.0,0.0
397493,0.0,0.0,0.0,0.0,0.0,1.0,0.0
397993,0.0,0.0,0.0,0.0,0.0,0.0,0.0
400300,0.0,0.0,0.0,0.0,0.0,0.0,1.0
400610,0.0,0.0,0.0,0.0,0.0,1.0,1.0
400800,0.0,0.0,0.0,0.0,0.0,1.0,0.0
400831,2.0,0.0,0.0,0.0,0.0,1.0,0.0
400863,2.0,2.0,0.0,0.0,0.0,2.0,0.0
401331,0.0,2.0,0.0,0.0,0.0,2.0,0.0
401363,0.0,0.0,0.0,0.0,0.0,0.0,0.0
401911,0.0,0.0,0.0,0.0,0.0,1.0,0.0
402094,0.0,0.0,0.0,0.0,1.0,1.0,0.0
402411,0.0,0.0,0.0,0.0,1.0,0.0,0.0
402896,0.0,0.0,0.0,0.0,2.0,0.0,0.0
403396,0.0,0.0,0.0,0.0,0.0,0.0,0.0
404889,0.0,0.0,0.0,0.0,0.0,1.0,0.0
404890,0.0,0.0,0.0,0.0,0.0,2.0,0.0
405390,0.0,0.0,0.0,0.0,0.0,0.0,0.0
406826,0.0,0.0,1.0,0.0,0.0,0.0,0.0
408268,0.0,0.0,1.0,0.0,0.0,1.0,0.0
408543,2.0,0.0,1.0,0.0,0.0,1.0,0.0
408768,2.0,0.0,1.0,0.0,0.0,0.0,0.0
409043,0.0,0.0,1.0,0.0,0.0,0.0,0.0
409661,0.0,0.0,1.0,0.0,0.0,1.0,0.0
409662,0.0,0.0,1.0,0.0,0.0,2.0,0.0
410162,0.0,0.0,1.0,0.0,0.0,0.0,0.0
412098,0.0,0.0,1.0,0.0,0.0,1.0,0.0
412598,0.0,0.0,1.0,0.0,0.0,0.0,0.0
412984,0.0,0.0,1.0,0.0,0.0,1.0,0.0
413484,0.0,0.0,1.0,0.0,0.0,0.0,0.0
413722,0.0,0.0,1.0,0.0,0.0,1.0,0.0
413735,0.0,0.0,1.0,0.0,0.0,2.0,0.0
414235,0.0,0.0,1.0,0.0,0.0,0.0,0.0
415439,0.0,0.0,2.0,0.0,0.0,0.0,0.0
415454,0.0,0.0,2.0,0.0,0.0,1.0,0.0
415939,0.0,0.0,0.0,0.0,0.0,1.0,0.0
415954,0.0,0.0,0.0,0.0,0.0,0.0,0.0
416020,0.0,0.0,0.0,0.0,0.0,1.0,0.0
416520,0.0,0.0,0.0,0.0,0.0,0.0,0.0
417123,0.0,0.0,0.0,0.0,0.0,1.0,0.0
417623,0.0,0.0,0.0,0.0,0.0,0.0,0.0
417935,0.0,0.0,0.0,0.0,0.0,1.0,0.0
418435,0.0,0.0,0.0,0.0,0.0,0.0,0.0
419627,0.0,0.0,0.0,0.0,0.0,1.0,0.0
419629,0.0,0.0,0.0,0.0,0.0,2.0,0.0
420129,0.0,0.0,0.0,0.0,0.0,0.0,0.0
423557,0.0,0.0,0.0,0.0,0.0,1.0,0.0
423559,0.0,0.0,0.0,0.0,0.0,2.0,0.0
424059,0.0,0.0,0.0,0.0,0.0,0.0,0.0
424524,0.0,0.0,0.0,0.0,0.0,1.0,0.0
424529,0.0,0.0,0.0,0.0,0.0,2.0,0.0
425029,0.0,0.0,0.0,0.0,0.0,0.0,0.0
425559,0.0,0.0,0.0,0.0,0.0,1.0,0.0
426059,0.0,0.0,0.0,0.0,0.0,0.0,0.0
426240,0.0,0.0,0.0,0.0,0.0,1.0,0.0
426334,0.0,0.0,1.0,0.0,0.0,1.0,0.0
426740,0.0,0.0,1.0,0.0,0.0,0.0,0.0
426834,0.0,0.0,0.0,0.0,0.0,0.0,0.0
427527,0.0,0.0,0.0,0.0,0.0,1.0,0.0
427539,0.0,0.0,0.0,0.0,0.0,2.0,0.0
427551,0.0,0.0,1.0,0.0,0.0,2.0,0.0
428039,0.0,0.0,1.0,0.0,0.0,0.0,0.0
428051,0.0,0.0,0.0,0.0,0.0,0.0,0.0
428954,0.0,0.0,0.0,0.0,0.0,1.0,0.0
429050,0.0,0.0,1.0,0.0,0.0,1.0,0.0
429454,0.0,0.0,1.0,0.0,0.0,0.0,0.0
430550,0.0,0.0,0.0,0.0,0.0,0.0,0.0
430565,0.0,0.0,1.0,0.0,0.0,0.0,0.0
433395,0.0,0.0,1.0,0.0,0.0,1.0,0.0
433397,0.0,0.0,1.0,0.0,0.0,2.0,0.0
433897,0.0,0.0,1.0,0.0,0.0,0.0,0.0
434456,0.0,0.0,1.0,0.0,0.0,1.0,0.0
434956,0.0,0.0,1.0,0.0,0.0,0.0,0.0
435040,0.0,0.0,1.0,0.0,0.0,1.0,0.0
435065,0.0,0.0,0.0,0.0,0.0,1.0,0.0
435102,0.0,0.0,1.0,0.0,0.0,1.0,0.0
435540,0.0,0.0,1.0,0.0,0.0,0.0,0.0
435602,0.0,0.0,0.0,0.0,0.0,0.0,0.0
436014,0.0,0.0,0.0,0.0,0.0,1.0,0.0
436514,0.0,0.0,0.0,0.0,0.0,0.0,0.0
438285,0.0,0.0,0.0,0.0,0.0,1.0,0.0
438785,0.0,0.0,0.0,0.0,0.0,0.0,0.0
440041,0.0,0.0,0.0,0.0,0.0,1.0,0.0
440541,0.0,0.0,0.0,0.0,0.0,0.0,0.0
440758,0.0,0.0,0.0,0.0,0.0,1.0,0.0
441258,0.0,0.0,0.0,0.0,0.0,0.0,0.0
441751,0.0,0.0,0.0,0.0,0.0,1.0,0.0
441753,0.0,0.0,0.0,0.0,0.0,2.0,0.0
442253,0.0,0.0,0.0,0.0,0.0,0.0,0.0
443004,0.0,2.0,0.0,0.0,0.0,0.0,0.0
443158,0.0,2.0,1.0,0.0,0.0,0.0,0.0
443504,0.0,0.0,1.0,0.0,0.0,0.0,0.0
443658,0.0,0.0,0.0,0.0,0.0,0.0,0.0
444994,0.0,0.0,0.0,0.0,0.0,1.0,0.0
445414,0.0,0.0,1.0,0.0,0.0,1.0,0.0
445494,0.0,0.0,1.0,0.0,0.0,0.0,0.0
446200,0.0,0.0,1.0,0.0,0.0,1.0,0.0
446700,0.0,0.0,1.0,0.0,0.0,0.0,0.0
447412,0.0,0.0,1.0,0.0,0.0,1.0,0.0
447414,0.0,0.0,1.0,0.0,0.0,2.0,0.0
447914,0.0,0.0,1.0,0.0,0.0,0.0,0.0
448914,0.0,0.0,0.0,0.0,0.0,0.0,0.0
449039,0.0,0.0,1.0,0.0,0.0,0.0,0.0
449539,0.0,0.0,0.0,0.0,0.0,0.0,0.0
450055,0.0,0.0,0.0,0.0,0.0,1.0,0.0
450064,0.0,0.0,0.0,0.0,0.0,2.0,0.0
450070,0.0,0.0,1.0,0.0,0.0,2.0,0.0
450564,0.0,0.0,1.0,0.0,0.0,0.0,0.0
450964,0.0,0.0,1.0,0.0,0.0,1.0,0.0
451070,0.0,0.0,0.0,0.0,0.0,1.0,0.0
451464,0.0,0.0,0.0,0.0,0.0,0.0,0.0
451766,0.0,0.0,0.0,0.0,0.0,1.0,0.0
451857,0.0,0.0,1.0,0.0,0.0,1.0,0.0
452266,0.0,0.0,1.0,0.0,0.0,0.0,0.0
452357,0.0,0.0,0.0,0.0,0.0,0.0,0.0
452655,0.0,0.0,1.0,0.0,0.0,0.0,0.0
453155,0.0,0.0,0.0,0.0,0.0,0.0,0.0
453288,0.0,0.0,1.0,0.0,0.0,0.0,0.0
453386,0.0,0.0,1.0,0.0,0.0,1.0,0.0
453788,0.0,0.0,0.0,0.0,0.0,1.0,0.0
453886,0.0,0.0,0.0,0.0,0.0,0.0,0.0
454174,0.0,0.0,0.0,0.0,0.0,1.0,0.0
454176,0.0,0.0,0.0,0.0,0.0,2.0,0.0
454676,0.0,0.0,0.0,0.0,0.0,0.0,0.0
455102,0.0,0.0,0.0,0.0,0.0,1.0,0.0
455602,0.0,0.0,0.0,0.0,0.0,0.0,0.0
455894,0.0,0.0,0.0,0.0,0.0,1.0,0.0
456294,0.0,0.0,0.0,0.0,0.0,2.0,0.0
456794,0.0,0.0,0.0,0.0,0.0,0.0,0.0
456904,0.0,0.0,0.0,0.0,0.0,1.0,0.0
457404,0.0,0.0,0.0,0.0,0.0,0.0,0.0
457732,0.0,0.0,0.0,0.0,0.0,1.0,0.0
458232,0.0,0.0,0.0,0.0,0.0,0.0,0.0
458273,0.0,0.0,0.0,0.0,0.0,1.0,0.0
458773,0.0,0.0,0.0,0.0,0.0,0.0,0.0
459612,0.0,0.0,0.0,0.0,0.0,1.0,0.0
460112,0.0,0.0,0.0,0.0,0.0,0.0,0.0
460235,0.0,0.0,0.0,0.0,0.0,1.0,0.0
460735,0.0,0.0,0.0,0.0,0.0,0.0,0.0
461333,0.0,0.0,0.0,0.0,0.0,1.0,0.0
461833,0.0,0.0,0.0,0.0,0.0,0.0,0.0
462046,0.0,0.0,0.0,0.0,0.0,1.0,0.0
462546,0.0,0.0,0.0,0.0,0.0,0.0,0.0
464427,0.0,0.0,0.0,0.0,0.0,1.0,0.0
464927,0.0,0.0,0.0,0.0,0.0,0.0,0.0
465918,0.0,0.0,0.0,0.0,0.0,1.0,0.0
466075,0.0,0.0,0.0,0.0,0.0,2.0,0.0
466575,0.0,0.0,0.0,0.0,0.0,0.0,0.0
467520,0.0,0.0,0.0,0.0,0.0,1.0,0.0
467528,0.0,0.0,0.0,0.0,0.0,2.0,0.0
467765,0.0,2.0,0.0,0.0,0.0,2.0,0.0
468028,0.0,2.0,0.0,0.0,0.0,0.0,0.0
468176,0.0,2.0,0.0,0.0,0.0,1.0,0.0
468265,0.0,0.0,0.0,0.0,0.0,1.0,0.0
468331,0.0,0.0,1.0,0.0,0.0,1.0,0.0
468676,0.0,0.0,1.0,0.0,0.0,0.0,0.0
470331,0.0,0.0,0.0,0.0,0.0,0.0,0.0
470658,0.0,0.0,1.0,0.0,0.0,0.0,0.0
472158,0.0,0.0,0.0,0.0,0.0,0.0,0.0
472385,0.0,0.0,1.0,0.0,0.0,0.0,0.0
472390,0.0,0.0,1.0,0.0,0.0,1.0,0.0
472890,0.0,0.0,1.0,0.0,0.0,0.0,0.0
473057,0.0,0.0,1.0,0.0,0.0,1.0,0.0
473557,0.0,0.0,1.0,0.0,0.0,0.0,0.0
473975,0.0,0.0,1.0,0.0,0.0,1.0,0.0
474475,0.0,0.0,1.0,0.0,0.0,0.0,0.0
475133,0.0,0.0,1.0,0.0,0.0,1.0,0.0
475633,0.0,0.0,1.0,0.0,0.0,0.0,0.0
475741,0.0,0.0,1.0,0.0,0.0,1.0,0.0
476241,0.0,0.0,1.0,0.0,0.0,0.0,0.0
476479,0.0,0.0,1.0,0.0,0.0,1.0,0.0
476979,0.0,0.0,1.0,0.0,0.0,0.0,0.0
477871,0.0,0.0,1.0,0.0,0.0,1.0,0.0
477894,0.0,0.0,1.0,0.0,0.0,2.0,0.0
478394,0.0,0.0,1.0,0.0,0.0,0.0,0.0
480550,0.0,0.0,1.0,0.0,0.0,1.0,0.0
481050,0.0,0.0,1.0,0.0,0.0,0.0,0.0
481294,0.0,0.0,1.0,0.0,0.0,1.0,0.0
481794,0.0,0.0,1.0,0.0,0.0,0.0,0.0
482603,0.0,0.0,1.0,0.0,0.0,1.0,0.0
483103,0.0,0.0,1.0,0.0,0.0,0.0,0.0
484056,0.0,0.0,1.0,0.0,0.0,1.0,0.0
484556,0.0,0.0,1.0,0.0,0.0,0.0,0.0
487361,0.0,0.0,1.0,0.0,0.0,1.0,0.0
487861,0.0,0.0,1.0,0.0,0.0,0.0,0.0
489400,0.0,0.0,1.0,0.0,0.0,1.0,0.0
489900,0.0,0.0,1.0,0.0,0.0,0.0,0.0
491109,0.0,0.0,1.0,0.0,0.0,1.0,0.0
491609,0.0,0.0,1.0,0.0,0.0,0.0,0.0
492409,0.0,0.0,1.0,0.0,0.0,1.0,0.0
492909,0.0,0.0,1.0,0.0,0.0,0.0,0.0
493486,0.0,0.0,1.0,0.0,0.0,1.0,0.0
493986,0.0,0.0,1.0,0.0,0.0,0.0,0.0
494830,0.0,0.0,1.0,0.0,0.0,1.0,0.0
495330,0.0,0.0,1.0,0.0,0.0,0.0,0.0
497640,0.0,0.0,1.0,0.0,0.0,1.0,0.0
498140,0.0,0.0,1.0,0.0,0.0,0.0,0.0
499510,0.0,0.0,1.0,0.0,0.0,1.0,0.0
499516,0.0,0.0,1.0,0.0,0.0,2.0,0.0
500016,0.0,0.0,1.0,0.0,0.0,0.0,0.0
500885,0.0,0.0,0.0,0.0,0.0,0.0,0.0
501123,0.0,0.0,0.0,0.0,0.0,1.0,0.0
501623,0.0,0.0,0.0,0.0,0.0,0.0,0.0
505765,0.0,0.0,0.0,0.0,1.0,0.0,0.0
505954,0.0,0.0,0.0,0.0,1.0,1.0,0.0
506265,0.0,0.0,0.0,0.0,0.0,1.0,0.0
506454,0.0,0.0,0.0,0.0,0.0,0.0,0.0
507593,0.0,0.0,0.0,0.0,0.0,1.0,0.0
508093,0.0,0.0,0.0,0.0,0.0,0.0,0.0
508307,0.0,0.0,0.0,0.0,0.0,1.0,0.0
508807,0.0,0.0,0.0,0.0,0.0,0.0,0.0
508899,0.0,0.0,0.0,0.0,0.0,1.0,0.0
508902,0.0,0.0,0.0,0.0,0.0,2.0,0.0
509402,0.0,0.0,0.0,0.0,0.0,0.0,0.0
510273,0.0,0.0,0.0,0.0,0.0,1.0,0.0
510773,0.0,0.0,0.0,0.0,0.0,0.0,0.0
513786,0.0,0.0,0.0,0.0,0.0,1.0,0.0
514286,0.0,0.0,0.0,0.0,0.0,0.0,0.0
516036,0.0,0.0,0.0,0.0,0.0,1.0,0.0
516536,0.0,0.0,0.0,0.0,0.0,0.0,0.0
521264,0.0,0.0,0.0,0.0,0.0,1.0,0.0
521764,0.0,0.0,0.0,0.0,0.0,0.0,0.0
521783,0.0,0.0,0.0,0.0,0.0,1.0,0.0
522283,0.0,0.0,0.0,0.0,0.0,0.0,0.0
522696,0.0,0.0,0.0,0.0,0.0,1.0,0.0
523196,0.0,0.0,0.0,0.0,0.0,0.0,0.0
524582,0.0,0.0,0.0,0.0,0.0,1.0,0.0
525082,0.0,0.0,0.0,0.0,0.0,0.0,0.0
526071,0.0,0.0,0.0,0.0,0.0,1.0,0.0
526571,0.0,0.0,0.0,0.0,0.0,0.0,0.0
527533,0.0,0.0,0.0,0.0,0.0,1.0,0.0
528033,0.0,0.0,0.0,0.0,0.0,0.0,0.0
532558,0.0,0.0,0.0,0.0,0.0,1.0,0.0
533058,0.0,0.0,0.0,0.0,0.0,0.0,0.0
535607,0.0,0.0,0.0,0.0,0.0,1.0,0.0
536107,0.0,0.0,0.0,0.0,0.0,0.0,0.0
537536,0.0,0.0,0.0,0.0,0.0,1.0,0.0
538036,0.0,0.0,0.0,0.0,0.0,0.0,0.0
538568,0.0,0.0,0.0,0.0,0.0,1.0,0.0
539068,0.0,0.0,0.0,0.0,0.0,0.0,0.0
541561,0.0,0.0,0.0,0.0,0.0,1.0,0.0
542061,0.0,0.0,0.0,0.0,0.0,0.0,0.0
542873,0.0,0.0,0.0,0.0,0.0,1.0,0.0
543373,0.0,0.0,0.0,0.0,0.0,0.0,0.0
544293,0.0,0.0,0.0,0.0,0.0,1.0,0.0
544412,0.0,0.0,0.0,0.0,0.0,2.0,0.0
544912,0.0,0.0,0.0,0.0,0.0,0.0,0.0
545019,0.0,0.0,0.0,0.0,0.0,1.0,0.0
545519,0.0,0.0,0.0,0.0,0.0,0.0,0.0
545640,0.0,0.0,0.0,0.0,0.0,1.0,0.0
546140,0.0,0.0,0.0,0.0,0.0,0.0,0.0
546744,0.0,0.0,0.0,0.0,0.0,1.0,0.0
547244,0.0,0.0,0.0,0.0,0.0,0.0,0.0
549839,0.0,0.0,0.0,0.0,0.0,1.0,0.0
550339,0.0,0.0,0.0,0.0,0.0,0.0,0.0
553050,0.0,0.0,0.0,0.0,0.0,1.0,0.0
553550,0.0,0.0,0.0,0.0,0.0,0.0,0.0
553922,0.0,0.0,0.0,0.0,0.0,1.0,0.0
554422,0.0,0.0,0.0,0.0,0.0,0.0,0.0
554871,0.0,0.0,0.0,0.0,0.0,1.0,0.0
555371,0.0,0.0,0.0,0.0,0.0,0.0,0.0
555511,0.0,0.0,0.0,0.0,0.0,1.0,0.0
555917,0.0,0.0,0.0,0.0,0.0,2.0,0.0
556417,0.0,0.0,0.0,0.0,0.0,0.0,0.0
560934,0.0,0.0,0.0,0.0,0.0,1.0,0.0
561434,0.0,0.0,0.0,0.0,0.0,0.0,0.0
561587,0.0,0.0,0.0,0.0,0.0,1.0,0.0
562087,0.0,0.0,0.0,0.0,0.0,0.0,0.0
562410,0.0,0.0,0.0,0.0,0.0,1.0,0.0
562413,0.0,0.0,0.0,0.0,0.0,2.0,0.0
562913,0.0,0.0,0.0,0.0,0.0,0.0,0.0
566733,0.0,0.0,0.0,0.0,0.0,1.0,0.0
567233,0.0,0.0,0.0,0.0,0.0,0.0,0.0
570296,0.0,0.0,0.0,0.0,0.0,1.0,0.0
570796,0.0,0.0,0.0,0.0,0.0,0.0,0.0
572034,0.0,0.0,0.0,0.0,0.0,1.0,0.0
572534,0.0,0.0,0.0,0.0,0.0,0.0,0.0
572539,0.0,0.0,0.0,0.0,0.0,1.0,0.0
573039,0.0,0.0,0.0,0.0,0.0,0.0,0.0
577058,0.0,0.0,0.0,0.0,0.0,1.0,0.0
577558,0.0,0.0,0.0,0.0,0.0,0.0,0.0
578749,0.0,0.0,0.0,0.0,0.0,1.0,0.0
579249,0.0,0.0,0.0,0.0,0.0,0.0,0.0
579506,0.0,0.0,0.0,0.0,0.0,1.0,0.0
580006,0.0,0.0,0.0,0.0,0.0,0.0,0.0
580946,0.0,0.0,0.0,0.0,0.0,1.0,0.0
581446,0.0,0.0,0.0,0.0,0.0,0.0,0.0
587962,0.0,0.0,0.0,0.0,0.0,1.0,0.0
588462,0.0,0.0,0.0,0.0,0.0,0.0,0.0
590428,0.0,0.0,0.0,0.0,0.0,1.0,0.0
590928,0.0,0.0,0.0,0.0,0.0,0.0,0.0
594988,0.0,0.0,0.0,0.0,0.0,1.0,0.0
595097,0.0,0.0,0.0,0.0,0.0,2.0,0.0
595132,0.0,0.0,0.0,0.0,1.0,2.0,0.0
595597,0.0,0.0,0.0,0.0,1.0,0.0,0.0
595632,0.0,0.0,0.0,0.0,0.0,0.0,0.0
600468,0.0,0.0,0.0,0.0,0.0,1.0,0.0
600500,0.0,0.0,0.0,0.0,0.0,1.0,1.0
600968,0.0,0.0,0.0,0.0,0.0,0.0,1.0
601000,0.0,0.0,0.0,0.0,0.0,0.0,0.0
601080,0.0,0.0,0.0,0.0,0.0,1.0,0.0
601453,0.0,0.0,0.0,0.0,0.0,2.0,0.0
601849,0.0,2.0,0.0,0.0,0.0,2.0,0.0
601953,0.0,2.0,0.0,0.0,0.0,0.0,0.0
602143,2.0,2.0,0.0,0.0,0.0,0.0,0.0
602349,2.0,0.0,0.0,0.0,0.0,0.0,0.0
602469,2.0,0.0,0.0,0.0,0.0,1.0,0.0
602477,2.0,0.0,0.0,0.0,0.0,2.0,0.0
602577,2.0,0.0,0.0,0.0,1.0,2.0,0.0
602643,0.0,0.0,0.0,0.0,1.0,2.0,0.0
602879,2.0,0.0,0.0,0.0,1.0,2.0,0.0
602977,2.0,0.0,0.0,0.0,1.0,0.0,0.0
603040,2.0,0.0,0.0,0.0,2.0,0.0,0.0
603379,0.0,0.0,0.0,0.0,2.0,0.0,0.0
603540,0.0,0.0,0.0,0.0,0.0,0.0,0.0
603886,0.0,0.0,0.0,0.0,0.0,1.0,0.0
603906,0.0,0.0,0.0,0.0,1.0,1.0,0.0
603939,0.0,0.0,0.0,0.0,2.0,1.0,0.0
604386,0.0,0.0,0.0,0.0,2.0,0.0,0.0
604439,0.0,0.0,0.0,0.0,0.0,0.0,0.0
604643,0.0,0.0,0.0,0.0,0.0,1.0,0.0
605143,0.0,0.0,0.0,0.0,0.0,0.0,0.0
605545,0.0,0.0,0.0,0.0,1.0,0.0,0.0
605552,0.0,0.0,0.0,0.0,2.0,1.0,0.0
606052,0.0,0.0,0.0,0.0,0.0,0.0,0.0
606381,0.0,0.0,1.0,0.0,0.0,0.0,0.0
606805,0.0,0.0,1.0,0.0,0.0,1.0,0.0
606815,2.0,0.0,1.0,0.0,0.0,1.0,0.0
606838,2.0,0.0,1.0,0.0,1.0,1.0,0.0
607305,2.0,0.0,1.0,0.0,1.0,0.0,0.0
607315,0.0,0.0,1.0,0.0,1.0,0.0,0.0
607338,0.0,0.0,1.0,0.0,0.0,0.0,0.0
607814,0.0,0.0,1.0,0.0,0.0,1.0,0.0
608314,0.0,0.0,1.0,0.0,0.0,0.0,0.0
609498,0.0,0.0,1.0,0.0,0.0,1.0,0.0
609998,0.0,0.0,1.0,0.0,0.0,0.0,0.0
612791,0.0,0.0,1.0,0.0,0.0,1.0,0.0
612814,0.0,0.0,1.0,0.0,1.0,2.0,0.0
613314,0.0,0.0,1.0,0.0,0.0,0.0,0.0
614520,0.0,0.0,1.0,0.0,0.0,1.0,0.0
614616,0.0,0.0,1.0,0.0,0.0,2.0,0.0
614638,0.0,0.0,2.0,0.0,0.0,2.0,0.0
615116,0.0,0.0,2.0,0.0,0.0,0.0,0.0
615138,0.0,0.0,0.0,0.0,0.0,0.0,0.0
615257,0.0,0.0,0.0,0.0,0.0,1.0,0.0
615757,0.0,0.0,0.0,0.0,0.0,0.0,0.0
615758,0.0,0.0,0.0,0.0,0.0,1.0,0.0
616258,0.0,0.0,0.0,0.0,0.0,0.0,0.0
616450,0.0,0.0,0.0,0.0,0.0,1.0,0.0
616950,0.0,0.0,0.0,0.0,0.0,0.0,0.0
617145,0.0,0.0,0.0,0.0,0.0,1.0,0.0
617645,0.0,0.0,0.0,0.0,0.0,0.0,0.0
618104,0.0,0.0,0.0,0.0,0.0,1.0,0.0
618604,0.0,0.0,0.0,0.0,0.0,0.0,0.0
619200,0.0,0.0,0.0,0.0,0.0,1.0,0.0
619700,0.0,0.0,0.0,0.0,0.0,0.0,0.0
620212,0.0,0.0,0.0,0.0,0.0,1.0,0.0
620712,0.0,0.0,0.0,0.0,0.0,0.0,0.0
621034,0.0,0.0,0.0,0.0,0.0,1.0,0.0
621369,0.0,2.0,0.0,0.0,0.0,1.0,0.0
621534,0.0,2.0,0.0,0.0,0.0,0.0,0.0
621869,0.0,0.0,0.0,0.0,0.0,0.0,0.0
622122,0.0,0.0,0.0,0.0,0.0,1.0,0.0
622622,0.0,0.0,0.0,0.0,0.0,0.0,0.0
623023,0.0,0.0,0.0,0.0,0.0,1.0,0.0
623523,0.0,0.0,0.0,0.0,0.0,0.0,0.0
623956,0.0,0.0,0.0,0.0,0.0,1.0,0.0
623965,0.0,0.0,0.0,0.0,0.0,2.0,0.0
624465,0.0,0.0,0.0,0.0,0.0,0.0,0.0
625817,0.0,0.0,0.0,0.0,0.0,1.0,0.0
626317,0.0,0.0,0.0,0.0,0.0,0.0,0.0
626967,0.0,0.0,0.0,0.0,0.0,1.0,0.0
627467,0.0,0.0,0.0,0.0,0.0,0.0,0.0
627493,0.0,0.0,0.0,0.0,0.0,1.0,0.0
627495,0.0,0.0,0.0,0.0,0.0,2.0,0.0
627995,0.0,0.0,0.0,0.0,0.0,0.0,0.0
628281,0.0,0.0,0.0,0.0,0.0,1.0,0.0
628283,0.0,0.0,0.0,0.0,0.0,2.0,0.0
628359,0.0,2.0,0.0,0.0,0.0,2.0,0.0
628783,0.0,2.0,0.0,0.0,0.0,0.0,0.0
628859,0.0,0.0,0.0,0.0,0.0,0.0,0.0
628901,0.0,0.0,0.0,0.0,0.0,1.0,0.0
629401,0.0,0.0,0.0,0.0,0.0,0.0,0.0
630885,0.0,0.0,1.0,0.0,0.0,0.0,0.0
630943,0.0,0.0,1.0,0.0,0.0,1.0,0.0
631443,0.0,0.0,1.0,0.0,0.0,0.0,0.0
631885,0.0,0.0,0.0,0.0,0.0,0.0,0.0
633376,0.0,0.0,0.0,0.0,0.0,1.0,0.0
633876,0.0,0.0,0.0,0.0,0.0,0.0,0.0
634328,0.0,0.0,0.0,0.0,0.0,1.0,0.0
634828,0.0,0.0,0.0,0.0,0.0,0.0,0.0
636347,0.0,0.0,0.0,0.0,0.0,1.0,0.0
636847,0.0,0.0,0.0,0.0,0.0,0.0,0.0
637439,0.0,0.0,0.0,0.0,0.0,1.0,0.0
637939,0.0,0.0,0.0,0.0,0.0,0.0,0.0
637996,0.0,0.0,0.0,0.0,0.0,1.0,0.0
638317,0.0,0.0,0.0,0.0,0.0,2.0,0.0
638817,0.0,0.0,0.0,0.0,0.0,0.0,0.0
639376,0.0,0.0,0.0,0.0,0.0,1.0,0.0
639876,0.0,0.0,0.0,0.0,0.0,0.0,0.0
643573,0.0,0.0,0.0,0.0,0.0,1.0,0.0
644073,0.0,0.0,0.0,0.0,0.0,0.0,0.0
644755,0.0,0.0,0.0,0.0,0.0,1.0,0.0
644838,0.0,0.0,0.0,0.0,0.0,2.0,0.0
645338,0.0,0.0,0.0,0.0,0.0,0.0,0.0
645559,0.0,2.0,0.0,0.0,0.0,0.0,0.0
645563,0.0,2.0,0.0,0.0,1.0,0.0,0.0
645749,0.0,2.0,0.0,0.0,1.0,1.0,0.0
646059,0.0,0.0,0.0,0.0,1.0,1.0,0.0
646063,0.0,0.0,0.0,0.0,0.0,1.0,0.0
646249,0.0,0.0,0.0,0.0,0.0,0.0,0.0
646500,0.0,0.0,0.0,0.0,0.0,1.0,0.0
647000,0.0,0.0,0.0,0.0,0.0,0.0,0.0
647105,0.0,0.0,0.0,0.0,0.0,1.0,0.0
647605,0.0,0.0,0.0,0.0,0.0,0.0,0.0
649546,0.0,0.0,0.0,0.0,0.0,1.0,0.0
649551,0.0,0.0,0.0,0.0,0.0,2.0,0.0
650051,0.0,0.0,0.0,0.0,0.0,0.0,0.0
651729,0.0,0.0,0.0,0.0,0.0,1.0,0.0
651744,0.0,0.0,0.0,0.0,0.0,2.0,0.0
652244,0.0,0.0,0.0,0.0,0.0,0.0,0.0
657180,0.0,0.0,0.0,0.0,0.0,1.0,0.0
657680,0.0,0.0,0.0,0.0,0.0,0.0,0.0
658016,0.0,0.0,0.0,0.0,0.0,1.0,0.0
658018,0.0,0.0,0.0,0.0,1.0,1.0,0.0
658516,0.0,0.0,0.0,0.0,1.0,0.0,0.0
658518,0.0,0.0,0.0,0.0,0.0,0.0,0.0
659661,0.0,0.0,0.0,0.0,0.0,1.0,0.0
660161,0.0,0.0,0.0,0.0,0.0,0.0,0.0
660971,0.0,0.0,0.0,0.0,0.0,1.0,0.0
661469,0.0,0.0,0.0,0.0,0.0,2.0,0.0
661969,0.0,0.0,0.0,0.0,0.0,0.0,0.0
662225,0.0,0.0,0.0,0.0,0.0,1.0,0.0
662725,0.0,0.0,0.0,0.0,0.0,0.0,0.0
663929,0.0,0.0,0.0,0.0,0.0,1.0,0.0
664429,0.0,0.0,0.0,0.0,0.0,0.0,0.0
664623,0.0,0.0,0.0,0.0,0.0,1.0,0.0
665123,0.0,0.0,0.0,0.0,0.0,0.0,0.0
665270,0.0,0.0,0.0,0.0,0.0,1.0,0.0
665770,0.0,0.0,0.0,0.0,0.0,0.0,0.0
666259,0.0,0.0,0.0,0.0,0.0,1.0,0.0
666759,0.0,0.0,0.0,0.0,0.0,0.0,0.0
669171,0.0,0.0,0.0,0.0,0.0,1.0,0.0
669671,0.0,0.0,0.0,0.0,0.0,0.0,0.0
670417,0.0,0.0,0.0,0.0,1.0,0.0,0.0
670902,0.0,0.0,0.0,0.0,1.0,1.0,0.0
670917,0.0,0.0,0.0,0.0,0.0,1.0,0.0
671402,0.0,0.0,0.0,0.0,0.0,0.0,0.0
671988,0.0,0.0,0.0,0.0,0.0,1.0,0.0
672150,0.0,0.0,0.0,0.0,0.0,2.0,0.0
672650,0.0,0.0,0.0,0.0,0.0,0.0,0.0
675306,0.0,0.0,0.0,0.0,0.0,1.0,0.0
675806,0.0,0.0,0.0,0.0,0.0,0.0,0.0
677463,0.0,0.0,0.0,0.0,0.0,1.0,0.0
677963,0.0,0.0,0.0,0.0,0.0,0.0,0.0
678110,0.0,0.0,0.0,0.0,0.0,1.0,0.0
678119,0.0,0.0,0.0,0.0,0.0,2.0,0.0
678619,0.0,0.0,0.0,0.0,0.0,0.0,0.0
679481,0.0,0.0,0.0,0.0,0.0,1.0,0.0
679981,0.0,0.0,0.0,0.0,0.0,0.0,0.0
680063,0.0,0.0,0.0,0.0,0.0,1.0,0.0
680563,0.0,0.0,0.0,0.0,0.0,0.0,0.0
681666,0.0,2.0,0.0,0.0,0.0,0.0,0.0
681670,0.0,2.0,0.0,0.0,0.0,1.0,0.0
681673,0.0,2.0,0.0,0.0,0.0,2.0,0.0
681723,0.0,2.0,1.0,0.0,0.0,2.0,0.0
682166,0.0,0.0,1.0,0.0,0.0,2.0,0.0
682173,0.0,0.0,1.0,0.0,0.0,0.0,0.0
683940,0.0,0.0,1.0,0.0,0.0,1.0,0.0
684440,0.0,0.0,1.0,0.0,0.0,0.0,0.0
685171,0.0,0.0,1.0,0.0,0.0,1.0,0.0
685671,0.0,0.0,1.0,0.0,0.0,0.0,0.0
686329,0.0,0.0,1.0,0.0,0.0,1.0,0.0
686760,0.0,0.0,1.0,0.0,0.0,2.0,0.0
687260,0.0,0.0,1.0,0.0,0.0,1.0,0.0
687760,0.0,0.0,1.0,0.0,0.0,0.0,0.0
688668,0.0,0.0,1.0,0.0,0.0,1.0,0.0
689168,0.0,0.0,1.0,0.0,0.0,0.0,0.0
691041,0.0,0.0,1.0,0.0,0.0,1.0,0.0
691085,0.0,0.0,1.0,0.0,0.0,2.0,0.0
691585,0.0,0.0,1.0,0.0,0.0,0.0,0.0
693150,0.0,0.0,1.0,0.0,0.0,1.0,0.0
693650,0.0,0.0,1.0,0.0,0.0,0.0,0.0
694854,0.0,0.0,1.0,0.0,0.0,1.0,0.0
695354,0.0,0.0,1.0,0.0,0.0,0.0,0.0
695404,0.0,0.0,1.0,0.0,0.0,1.0,0.0
695904,0.0,0.0,1.0,0.0,0.0,0.0,0.0
696019,0.0,0.0,1.0,0.0,0.0,1.0,0.0
696519,0.0,0.0,1.0,0.0,0.0,0.0,0.0
696928,0.0,0.0,1.0,0.0,0.0,1.0,0.0
697428,0.0,0.0,1.0,0.0,0.0,0.0,0.0
697437,0.0,0.0,1.0,0.0,0.0,1.0,0.0
697439,0.0,0.0,1.0,0.0,0.0,2.0,0.0
697939,0.0,0.0,1.0,0.0,0.0,0.0,0.0
699510,0.0,0.0,1.0,0.0,0.0,1.0,0.0
700010,0.0,0.0,1.0,0.0,0.0,0.0,0.0
701723,0.0,0.0,0.0,0.0,0.0,0.0,0.0
706253,0.0,0.0,0.0,0.0,0.0,1.0,0.0
706753,0.0,0.0,0.0,0.0,0.0,0.0,0.0
708696,0.0,0.0,0.0,0.0,0.0,1.0,0.0
708697,0.0,0.0,0.0,0.0,0.0,2.0,0.0
709197,0.0,0.0,0.0,0.0,0.0,0.0,0.0
709325,0.0,0.0,0.0,0.0,1.0,0.0,0.0
709825,0.0,0.0,0.0,0.0,0.0,0.0,0.0
709944,0.0,0.0,0.0,0.0,1.0,0.0,0.0
710444,0.0,0.0,0.0,0.0,0.0,0.0,0.0
712281,0.0,0.0,0.0,0.0,0.0,1.0,0.0
712781,0.0,0.0,0.0,0.0,0.0,0.0,0.0
713380,0.0,0.0,0.0,0.0,0.0,1.0,0.0
713880,0.0,0.0,0.0,0.0,0.0,0.0,0.0
714583,0.0,0.0,0.0,0.0,0.0,1.0,0.0
714585,0.0,0.0,0.0,0.0,0.0,2.0,0.0
715085,0.0,0.0,0.0,0.0,0.0,0.0,0.0
721187,0.0,0.0,0.0,0.0,0.0,1.0,0.0
721687,0.0,0.0,0.0,0.0,0.0,0.0,0.0
722221,0.0,0.0,0.0,0.0,0.0,1.0,0.0
722721,0.0,0.0,0.0,0.0,0.0,0.0,0.0
722740,0.0,0.0,0.0,0.0,0.0,1.0,0.0
723240,0.0,0.0,0.0,0.0,0.0,0.0,0.0
725306,0.0,0.0,0.0,0.0,0.0,1.0,0.0
725806,0.0,0.0,0.0,0.0,0.0,0.0,0.0
726262,0.0,0.0,0.0,0.0,0.0,1.0,0.0
726762,0.0,0.0,0.0,0.0,0.0,0.0,0.0
727822,0.0,0.0,0.0,0.0,0.0,1.0,0.0
728322,0.0,0.0,0.0,0.0,0.0,0.0,0.0
734037,0.0,0.0,0.0,0.0,0.0,1.0,0.0
734537,0.0,0.0,0.0,0.0,0.0,0.0,0.0
734644,0.0,0.0,0.0,0.0,0.0,1.0,0.0
735144,0.0,0.0,0.0,0.0,0.0,0.0,0.0
736032,0.0,0.0,0.0,0.0,0.0,1.0,0.0
736532,0.0,0.0,0.0,0.0,0.0,0.0,0.0
738081,0.0,0.0,0.0,0.0,0.0,1.0,0.0
738581,0.0,0.0,0.0,0.0,0.0,0.0,0.0
739484,0.0,0.0,0.0,0.0,0.0,1.0,0.0
739984,0.0,0.0,0.0,0.0,0.0,0.0,0.0
740228,0.0,0.0,0.0,0.0,0.0,1.0,0.0
740728,0.0,0.0,0.0,0.0,0.0,0.0,0.0
741756,0.0,0.0,0.0,0.0,0.0,1.0,0.0
742256,0.0,0.0,0.0,0.0,0.0,0.0,0.0
750929,0.0,0.0,0.0,0.0,0.0,1.0,0.0
751429,0.0,0.0,0.0,0.0,0.0,0.0,0.0
754067,0.0,0.0,0.0,0.0,0.0,1.0,0.0
754567,0.0,0.0,0.0,0.0,0.0,0.0,0.0
754874,0.0,0.0,0.0,0.0,0.0,1.0,0.0
755374,0.0,0.0,0.0,0.0,0.0,0.0,0.0
755429,0.0,0.0,0.0,0.0,0.0,1.0,0.0
755929,0.0,0.0,0.0,0.0,0.0,0.0,0.0
757563,0.0,0.0,0.0,0.0,0.0,1.0,0.0
758063,0.0,0.0,0.0,0.0,0.0,0.0,0.0
759915,0.0,0.0,0.0,0.0,0.0,1.0,0.0
759920,0.0,0.0,0.0,0.0,0.0,2.0,0.0
760420,0.0,0.0,0.0,0.0,0.0,0.0,0.0
764261,0.0,0.0,0.0,0.0,0.0,1.0,0.0
764761,0.0,0.0,0.0,0.0,0.0,0.0,0.0
766235,0.0,0.0,0.0,0.0,0.0,1.0,0.0
766735,0.0,0.0,0.0,0.0,0.0,0.0,0.0
766746,0.0,0.0,0.0,0.0,0.0,1.0,0.0
767246,0.0,0.0,0.0,0.0,0.0,0.0,0.0
767258,0.0,0.0,0.0,0.0,0.0,1.0,0.0
767261,0.0,0.0,0.0,0.0,0.0,2.0,0.0
767761,0.0,0.0,0.0,0.0,0.0,0.0,0.0
768031,0.0,0.0,0.0,0.0,0.0,1.0,0.0
768531,0.0,0.0,0.0,0.0,0.0,0.0,0.0
772244,0.0,0.0,0.0,0.0,0.0,1.0,0.0
772744,0.0,0.0,0.0,0.0,0.0,0.0,0.0
773527,0.0,0.0,0.0,0.0,0.0,1.0,0.0
774027,0.0,0.0,0.0,0.0,0.0,0.0,0.0
774763,0.0,0.0,0.0,0.0,0.0,1.0,0.0
775263,0.0,0.0,0.0,0.0,0.0,0.0,0.0
775414,0.0,0.0,0.0,0.0,0.0,1.0,0.0
775416,0.0,0.0,0.0,0.0,0.0,2.0,0.0
775916,0.0,0.0,0.0,0.0,0.0,0.0,0.0
778541,0.0,0.0,0.0,0.0,0.0,1.0,0.0
778705,0.0,0.0,0.0,0.0,0.0,2.0,0.0
778706,0.0,0.0,0.0,0.0,1.0,2.0,0.0
779205,0.0,0.0,0.0,0.0,1.0,0.0,0.0
779206,0.0,0.0,0.0,0.0,0.0,0.0,0.0
782464,0.0,0.0,0.0,0.0,0.0,1.0,0.0
782476,0.0,0.0,0.0,0.0,0.0,2.0,0.0
782976,0.0,0.0,0.0,0.0,0.0,0.0,0.0
783589,0.0,0.0,0.0,0.0,0.0,1.0,0.0
784089,0.0,0.0,0.0,0.0,0.0,0.0,0.0
784819,0.0,0.0,0.0,0.0,0.0,1.0,0.0
785319,0.0,0.0,0.0,0.0,0.0,0.0,0.0
785522,0.0,0.0,0.0,0.0,0.0,1.0,0.0
785532,0.0,0.0,0.0,0.0,0.0,2.0,0.0
786032,0.0,0.0,0.0,0.0,0.0,0.0,0.0
787578,0.0,0.0,0.0,0.0,0.0,1.0,0.0
788078,0.0,0.0,0.0,0.0,0.0,0.0,0.0
788306,0.0,0.0,0.0,0.0,0.0,1.0,0.0
788806,0.0,0.0,0.0,0.0,0.0,0.0,0.0
789967,0.0,0.0,0.0,0.0,0.0,1.0,0.0
790467,0.0,0.0,0.0,0.0,0.0,0.0,0.0
791160,0.0,0.0,0.0,0.0,0.0,1.0,0.0
791660,0.0,0.0,0.0,0.0,0.0,0.0,0.0
792313,0.0,0.0,0.0,0.0,1.0,1.0,0.0
792813,0.0,0.0,0.0,0.0,0.0,0.0,0.0
793519,0.0,0.0,0.0,0.0,0.0,1.0,0.0
794019,0.0,0.0,0.0,0.0,0.0,0.0,0.0
794664,0.0,0.0,0.0,0.0,0.0,1.0,0.0
795164,0.0,0.0,0.0,0.0,0.0,0.0,0.0
795406,0.0,0.0,0.0,0.0,0.0,1.0,0.0
795906,0.0,0.0,0.0,0.0,0.0,0.0,0.0
797974,0.0,0.0,0.0,0.0,0.0,1.0,0.0
798474,0.0,0.0,0.0,0.0,0.0,0.0,0.0
798800,0.0,0.0,0.0,0.0,0.0,1.0,0.0
799300,0.0,0.0,0.0,0.0,0.0,0.0,0.0
799605,0.0,0.0,0.0,0.0,0.0,1.0,0.0
800106,0.0,0.0,0.0,0.0,0.0,2.0,0.0
800606,0.0,0.0,0.0,0.0,0.0,0.0,0.0
800700,0.0,0.0,0.0,0.0,0.0,0.0,1.0
800987,0.0,0.0,0.0,0.0,0.0,1.0,1.0
801200,0.0,0.0,0.0,0.0,0.0,1.0,0.0
801487,0.0,0.0,0.0,0.0,0.0,0.0,0.0
801924,0.0,0.0,0.0,0.0,0.0,1.0,0.0
801931,0.0,2.0,0.0,0.0,0.0,2.0,0.0
802015,2.0,2.0,0.0,0.0,0.0,2.0,0.0
802249,2.0,2.0,0.0,0.0,1.0,2.0,0.0
802391,2.0,2.0,0.0,0.0,2.0,2.0,0.0
802431,2.0,0.0,0.0,0.0,2.0,0.0,0.0
802515,0.0,0.0,0.0,0.0,2.0,0.0,0.0
802891,0.0,0.0,0.0,0.0,0.0,0.0,0.0
803217,0.0,0.0,0.0,0.0,0.0,1.0,0.0
803717,0.0,0.0,0.0,0.0,0.0,0.0,0.0
805136,0.0,0.0,0.0,0.0,0.0,1.0,0.0
805439,2.0,0.0,0.0,0.0,0.0,1.0,0.0
805636,2.0,0.0,0.0,0.0,0.0,0.0,0.0
805939,0.0,0.0,0.0,0.0,0.0,0.0,0.0
806295,0.0,0.0,0.0,0.0,0.0,1.0,0.0
806795,0.0,0.0,0.0,0.0,0.0,0.0,0.0
806826,0.0,0.0,0.0,0.0,0.0,1.0,0.0
806998,0.0,0.0,1.0,0.0,0.0,1.0,0.0
807002,0.0,0.0,1.0,0.0,0.0,2.0,0.0
807502,0.0,0.0,1.0,0.0,0.0,0.0,0.0
807595,0.0,0.0,1.0,0.0,0.0,1.0,0.0
808095,0.0,0.0,1.0,0.0,0.0,0.0,0.0
809722,0.0,0.0,1.0,0.0,0.0,1.0,0.0
810222,0.0,0.0,1.0,0.0,0.0,0.0,0.0
810301,0.0,0.0,1.0,0.0,0.0,1.0,0.0
810305,0.0,0.0,1.0,0.0,0.0,2.0,0.0
810805,0.0,0.0,1.0,0.0,0.0,0.0,0.0
812304,0.0,0.0,1.0,0.0,0.0,1.0,0.0
812804,0.0,0.0,1.0,0.0,0.0,0.0,0.0
813179,0.0,0.0,1.0,0.0,0.0,1.0,0.0
813679,0.0,0.0,1.0,0.0,0.0,0.0,0.0
814332,0.0,0.0,1.0,0.0,0.0,1.0,0.0
814832,0.0,0.0,1.0,0.0,0.0,0.0,0.0
815811,0.0,0.0,1.0,0.0,0.0,1.0,0.0
816311,0.0,0.0,1.0,0.0,0.0,0.0,0.0
816727,0.0,0.0,1.0,0.0,0.0,1.0,0.0
817227,0.0,0.0,1.0,0.0,0.0,0.0,0.0
817274,0.0,0.0,2.0,0.0,0.0,0.0,0.0
817774,0.0,0.0,0.0,0.0,0.0,0.0,0.0
817792,0.0,0.0,0.0,0.0,0.0,1.0,0.0
818292,0.0,0.0,0.0,0.0,0.0,0.0,0.0
818865,0.0,0.0,0.0,0.0,0.0,1.0,0.0
819365,0.0,0.0,0.0,0.0,0.0,0.0,0.0
820013,0.0,0.0,0.0,0.0,0.0,1.0,0.0
820027,0.0,0.0,0.0,0.0,0.0,2.0,0.0
820527,0.0,0.0,0.0,0.0,0.0,0.0,0.0
821218,0.0,0.0,0.0,0.0,0.0,1.0,0.0
821718,0.0,0.0,0.0,0.0,0.0,0.0,0.0
823301,0.0,0.0,0.0,0.0,0.0,1.0,0.0
823801,0.0,0.0,0.0,0.0,0.0,0.0,0.0
824404,0.0,0.0,0.0,0.0,0.0,1.0,0.0
824904,0.0,0.0,0.0,0.0,0.0,0.0,0.0
824939,0.0,0.0,0.0,0.0,0.0,1.0,0.0
825439,0.0,0.0,0.0,0.0,0.0,0.0,0.0
825668,0.0,0.0,0.0,0.0,0.0,1.0,0.0
825677,0.0,0.0,0.0,0.0,0.0,2.0,0.0
826177,0.0,0.0,0.0,0.0,0.0,0.0,0.0
826519,0.0,0.0,0.0,0.0,0.0,1.0,0.0
827019,0.0,0.0,0.0,0.0,0.0,0.0,0.0
828180,0.0,0.0,0.0,0.0,0.0,1.0,0.0
828680,0.0,0.0,0.0,0.0,0.0,0.0,0.0
828957,0.0,0.0,0.0,0.0,0.0,1.0,0.0
829457,0.0,0.0,0.0,0.0,0.0,0.0,0.0
829683,0.0,0.0,0.0,0.0,0.0,1.0,0.0
830051,0.0,0.0,0.0,0.0,0.0,2.0,0.0
830551,0.0,0.0,0.0,0.0,0.0,0.0,0.0
832332,0.0,0.0,0.0,0.0,0.0,1.0,0.0
832654,0.0,0.0,0.0,0.0,0.0,2.0,0.0
833154,0.0,0.0,0.0,0.0,0.0,0.0,0.0
833861,0.0,0.0,0.0,0.0,0.0,1.0,0.0
834271,0.0,0.0,1.0,0.0,0.0,1.0,0.0
834361,0.0,0.0,1.0,0.0,0.0,0.0,0.0
834512,0.0,0.0,1.0,0.0,0.0,1.0,0.0
835012,0.0,0.0,1.0,0.0,0.0,0.0,0.0
835271,0.0,0.0,0.0,0.0,0.0,0.0,0.0
835274,0.0,0.0,1.0,0.0,0.0,0.0,0.0
835621,0.0,0.0,1.0,0.0,0.0,1.0,0.0
836121,0.0,0.0,1.0,0.0,0.0,0.0,0.0
836300,0.0,0.0,1.0,0.0,0.0,1.0,0.0
836324,0.0,0.0,1.0,0.0,0.0,2.0,0.0
836824,0.0,0.0,1.0,0.0,0.0,0.0,0.0
837556,0.0,0.0,1.0,0.0,0.0,1.0,0.0
838056,0.0,0.0,1.0,0.0,0.0,0.0,0.0
838396,0.0,0.0,1.0,0.0,0.0,1.0,0.0
838896,0.0,0.0,1.0,0.0,0.0,0.0,0.0
839774,0.0,0.0,0.0,0.0,0.0,0.0,0.0
840414,0.0,0.0,0.0,0.0,0.0,1.0,0.0
840426,0.0,0.0,1.0,0.0,0.0,1.0,0.0
840914,0.0,0.0,1.0,0.0,0.0,0.0,0.0
840926,0.0,0.0,0.0,0.0,0.0,0.0,0.0
841446,0.0,0.0,0.0,0.0,0.0,1.0,0.0
841945,0.0,0.0,0.0,0.0,0.0,2.0,0.0
842445,0.0,0.0,0.0,0.0,0.0,0.0,0.0
843095,0.0,0.0,1.0,0.0,0.0,0.0,0.0
843595,0.0,0.0,0.0,0.0,0.0,0.0,0.0
844187,0.0,0.0,0.0,0.0,0.0,1.0,0.0
844196,0.0,0.0,0.0,0.0,0.0,2.0,0.0
844696,0.0,0.0,0.0,0.0,0.0,0.0,0.0
844757,0.0,0.0,1.0,0.0,0.0,0.0,0.0
845317,0.0,0.0,1.0,0.0,0.0,1.0,0.0
845817,0.0,0.0,1.0,0.0,0.0,0.0,0.0
847757,0.0,0.0,0.0,0.0,0.0,0.0,0.0
847856,0.0,0.0,1.0,0.0,0.0,0.0,0.0
848856,0.0,0.0,0.0,0.0,0.0,0.0,0.0
848908,0.0,0.0,0.0,0.0,0.0,1.0,0.0
848910,0.0,0.0,1.0,0.0,0.0,1.0,0.0
848913,0.0,0.0,1.0,0.0,0.0,2.0,0.0
849413,0.0,0.0,1.0,0.0,0.0,0.0,0.0
849698,0.0,0.0,1.0,0.0,0.0,1.0,0.0
849910,0.0,0.0,0.0,0.0,0.0,1.0,0.0
850198,0.0,0.0,0.0,0.0,0.0,0.0,0.0
851254,0.0,0.0,0.0,0.0,0.0,1.0,0.0
851754,0.0,0.0,0.0,0.0,0.0,0.0,0.0
852403,0.0,0.0,0.0,0.0,0.0,1.0,0.0
852903,0.0,0.0,0.0,0.0,0.0,0.0,0.0
853035,0.0,0.0,0.0,0.0,0.0,1.0,0.0
853535,0.0,0.0,0.0,0.0,0.0,0.0,0.0
854002,0.0,0.0,0.0,0.0,0.0,1.0,0.0
854502,0.0,0.0,0.0,0.0,0.0,0.0,0.0
854543,0.0,0.0,0.0,0.0,0.0,1.0,0.0
854590,0.0,0.0,0.0,0.0,0.0,2.0,0.0
855090,0.0,0.0,0.0,0.0,0.0,0.0,0.0
857421,0.0,0.0,0.0,0.0,0.0,1.0,0.0
857921,0.0,0.0,0.0,0.0,0.0,0.0,0.0
859777,0.0,0.0,0.0,0.0,0.0,1.0,0.0
859789,0.0,0.0,0.0,0.0,0.0,2.0,0.0
860289,0.0,0.0,0.0,0.0,0.0,0.0,0.0
860697,0.0,0.0,0.0,0.0,0.0,1.0,0.0
861197,0.0,0.0,0.0,0.0,0.0,0.0,0.0
861326,0.0,0.0,0.0,0.0,0.0,1.0,0.0
861333,0.0,0.0,0.0,0.0,0.0,2.0,0.0
861833,0.0,0.0,0.0,0.0,0.0,0.0,0.0
865859,0.0,0.0,0.0,0.0,0.0,1.0,0.0
866359,0.0,0.0,0.0,0.0,0.0,0.0,0.0
867145,0.0,0.0,0.0,0.0,0.0,1.0,0.0
867645,0.0,0.0,0.0,0.0,0.0,0.0,0.0
867937,0.0,0.0,0.0,0.0,0.0,1.0,0.0
868437,0.0,0.0,0.0,0.0,0.0,0.0,0.0
869357,0.0,0.0,0.0,0.0,0.0,1.0,0.0
869857,0.0,0.0,0.0,0.0,0.0,0.0,0.0
872772,0.0,0.0,0.0,0.0,0.0,1.0,0.0
873272,0.0,0.0,0.0,0.0,0.0,0.0,0.0
873953,0.0,0.0,0.0,0.0,0.0,1.0,0.0
874453,0.0,0.0,0.0,0.0,0.0,0.0,0.0
874542,0.0,0.0,0.0,0.0,0.0,1.0,0.0
875042,0.0,0.0,0.0,0.0,0.0,0.0,0.0
877421,0.0,0.0,0.0,0.0,0.0,1.0,0.0
877921,0.0,0.0,0.0,0.0,0.0,0.0,0.0
878274,0.0,0.0,0.0,0.0,0.0,1.0,0.0
878306,0.0,2.0,0.0,0.0,0.0,1.0,0.0
878774,0.0,2.0,0.0,0.0,0.0,0.0,0.0
878806,0.0,0.0,0.0,0.0,0.0,0.0,0.0
879306,0.0,0.0,0.0,0.0,0.0,1.0,0.0
879806,0.0,0.0,0.0,0.0,0.0,0.0,0.0
879911,0.0,0.0,0.0,0.0,0.0,1.0,0.0
880411,0.0,0.0,0.0,0.0,0.0,0.0,0.0
881386,0.0,0.0,0.0,0.0,0.0,1.0,0.0
881886,0.0,0.0,0.0,0.0,0.0,0.0,0.0
881951,0.0,0.0,0.0,0.0,0.0,1.0,0.0
882451,0.0,0.0,0.0,0.0,0.0,0.0,0.0
886043,0.0,0.0,0.0,0.0,0.0,1.0,0.0
886543,0.0,0.0,0.0,0.0,0.0,0.0,0.0
888307,0.0,0.0,0.0,0.0,0.0,1.0,0.0
888807,0.0,0.0,0.0,0.0,0.0,0.0,0.0
890148,0.0,0.0,0.0,0.0,0.0,1.0,0.0
890648,0.0,0.0,0.0,0.0,0.0,0.0,0.0
890985,0.0,0.0,0.0,0.0,0.0,1.0,0.0
891485,0.0,0.0,0.0,0.0,0.0,0.0,0.0
891778,0.0,0.0,0.0,0.0,0.0,1.0,0.0
892278,0.0,0.0,0.0,0.0,0.0,0.0,0.0
892827,0.0,0.0,0.0,0.0,0.0,1.0,0.0
893327,0.0,0.0,0.0,0.0,0.0,0.0,0.0
893508,0.0,0.0,0.0,0.0,0.0,1.0,0.0
893512,0.0,0.0,0.0,0.0,0.0,2.0,0.0
894012,0.0,0.0,0.0,0.0,0.0,0.0,0.0
894915,0.0,0.0,0.0,0.0,0.0,1.0,0.0
895415,0.0,0.0,0.0,0.0,0.0,0.0,0.0
895497,0.0,0.0,0.0,0.0,0.0,1.0,0.0
895997,0.0,0.0,0.0,0.0,0.0,0.0,0.0
897338,0.0,0.0,0.0,0.0,0.0,1.0,0.0
897838,0.0,0.0,0.0,0.0,0.0,0.0,0.0
898134,0.0,0.0,0.0,0.0,0.0,1.0,0.0
898147,0.0,0.0,0.0,0.0,0.0,2.0,0.0
898647,0.0,0.0,0.0,0.0,0.0,0.0,0.0
899530,0.0,0.0,0.0,0.0,0.0,1.0,0.0
900030,0.0,0.0,0.0,0.0,0.0,0.0,0.0
900127,0.0,0.0,0.0,0.0,0.0,1.0,0.0
900129,0.0,0.0,0.0,0.0,0.0,2.0,0.0
900629,0.0,0.0,0.0,0.0,0.0,0.0,0.0
902031,0.0,0.0,0.0,0.0,0.0,1.0,0.0
902531,0.0,0.0,0.0,0.0,0.0,0.0,0.0
905810,0.0,0.0,0.0,0.0,0.0,1.0,0.0
906310,0.0,0.0,0.0,0.0,0.0,0.0,0.0
907346,0.0,0.0,0.0,0.0,0.0,1.0,0.0
907846,0.0,0.0,0.0,0.0,0.0,0.0,0.0
907971,0.0,0.0,0.0,0.0,0.0,1.0,0.0
908471,0.0,0.0,0.0,0.0,0.0,0.0,0.0
909952,0.0,0.0,0.0,0.0,0.0,1.0,0.0
910452,0.0,0.0,0.0,0.0,0.0,0.0,0.0
911590,0.0,0.0,0.0,0.0,0.0,1.0,0.0
912090,0.0,0.0,0.0,0.0,0.0,0.0,0.0
912591,0.0,0.0,0.0,0.0,0.0,1.0,0.0
913091,0.0,0.0,0.0,0.0,0.0,0.0,0.0
914190,0.0,0.0,0.0,0.0,1.0,0.0,0.0
914690,0.0,0.0,0.0,0.0,0.0,0.0,0.0
916494,0.0,0.0,0.0,0.0,0.0,1.0,0.0
916994,0.0,0.0,0.0,0.0,0.0,0.0,0.0
917526,0.0,0.0,0.0,0.0,0.0,1.0,0.0
917531,0.0,0.0,0.0,0.0,0.0,2.0,0.0
918031,0.0,0.0,0.0,0.0,0.0,0.0,0.0
919085,0.0,0.0,0.0,0.0,0.0,1.0,0.0
919585,0.0,0.0,0.0,0.0,0.0,0.0,0.0
921422,0.0,0.0,0.0,0.0,0.0,1.0,0.0
921424,0.0,0.0,0.0,0.0,0.0,2.0,0.0
921924,0.0,0.0,0.0,0.0,0.0,0.0,0.0
929068,0.0,0.0,0.0,0.0,0.0,1.0,0.0
929568,0.0,0.0,0.0,0.0,0.0,0.0,0.0
930009,0.0,0.0,0.0,0.0,0.0,1.0,0.0
930018,0.0,0.0,0.0,0.0,0.0,2.0,0.0
930518,0.0,0.0,0.0,0.0,0.0,0.0,0.0
931052,0.0,0.0,0.0,0.0,0.0,1.0,0.0
931552,0.0,0.0,0.0,0.0,0.0,0.0,0.0
932346,0.0,0.0,0.0,0.0,0.0,1.0,0.0
932846,0.0,0.0,0.0,0.0,0.0,0.0,0.0
936104,0.0,0.0,0.0,0.0,0.0,1.0,0.0
936106,0.0,0.0,0.0,0.0,0.0,2.0,0.0
936606,0.0,0.0,0.0,0.0,0.0,0.0,0.0
942324,0.0,0.0,0.0,0.0,0.0,1.0,0.0
942824,0.0,0.0,0.0,0.0,0.0,0.0,0.0
945740,0.0,0.0,0.0,0.0,0.0,1.0,0.0
946240,0.0,0.0,0.0,0.0,0.0,0.0,0.0
946716,0.0,0.0,0.0,0.0,0.0,1.0,0.0
947216,0.0,0.0,0.0,0.0,0.0,0.0,0.0
947619,0.0,0.0,0.0,0.0,0.0,1.0,0.0
948119,0.0,0.0,0.0,0.0,0.0,0.0,0.0
950640,0.0,0.0,0.0,0.0,0.0,1.0,0.0
951140,0.0,0.0,0.0,0.0,0.0,0.0,0.0
951323,0.0,0.0,0.0,0.0,0.0,1.0,0.0
951823,0.0,0.0,0.0,0.0,0.0,0.0,0.0
953680,0.0,0.0,0.0,0.0,0.0,1.0,0.0
953682,0.0,0.0,0.0,0.0,0.0,2.0,0.0
954182,0.0,0.0,0.0,0.0,0.0,0.0,0.0
954257,0.0,0.0,0.0,0.0,0.0,1.0,0.0
954348,0.0,0.0,0.0,0.0,0.0,2.0,0.0
954848,0.0,0.0,0.0,0.0,0.0,0.0,0.0
957462,0.0,0.0,0.0,0.0,0.0,1.0,0.0
957466,0.0,0.0,0.0,0.0,0.0,2.0,0.0
957966,0.0,0.0,0.0,0.0,0.0,0.0,0.0
958881,0.0,0.0,0.0,0.0,0.0,1.0,0.0
959381,0.0,0.0,0.0,0.0,0.0,0.0,0.0
960961,0.0,0.0,0.0,0.0,0.0,1.0,0.0
961461,0.0,0.0,0.0,0.0,0.0,0.0,0.0
963605,0.0,0.0,0.0,0.0,0.0,1.0,0.0
964105,0.0,0.0,0.0,0.0,0.0,0.0,0.0
967437,0.0,0.0,0.0,0.0,0.0,1.0,0.0
967937,0.0,0.0,0.0,0.0,0.0,0.0,0.0
969515,0.0,0.0,0.0,0.0,0.0,1.0,0.0
970015,0.0,0.0,0.0,0.0,0.0,0.0,0.0
970091,0.0,0.0,0.0,0.0,0.0,1.0,0.0
970591,0.0,0.0,0.0,0.0,0.0,0.0,0.0
976382,0.0,0.0,0.0,0.0,0.0,1.0,0.0
976882,0.0,0.0,0.0,0.0,0.0,0.0,0.0
978242,0.0,0.0,0.0,0.0,0.0,1.0,0.0
978742,0.0,0.0,0.0,0.0,0.0,0.0,0.0
979675,0.0,0.0,0.0,0.0,0.0,1.0,0.0
980175,0.0,0.0,0.0,0.0,0.0,0.0,0.0
983117,0.0,0.0,0.0,0.0,0.0,1.0,0.0
983617,0.0,0.0,0.0,0.0,0.0,0.0,0.0
985359,0.0,0.0,0.0,0.0,0.0,1.0,0.0
985859,0.0,0.0,0.0,0.0,0.0,0.0,0.0
986659,0.0,0.0,0.0,0.0,0.0,1.0,0.0
987159,0.0,0.0,0.0,0.0,0.0,0.0,0.0
987757,0.0,0.0,0.0,0.0,0.0,1.0,0.0
988257,0.0,0.0,0.0,0.0,0.0,0.0,0.0
988429,0.0,0.0,0.0,0.0,0.0,1.0,0.0
988929,0.0,0.0,0.0,0.0,0.0,0.0,0.0
990298,0.0,0.0,0.0,0.0,0.0,1.0,0.0
990798,0.0,0.0,0.0,0.0,0.0,0.0,0.0
992777,0.0,0.0,0.0,0.0,0.0,1.0,0.0
993277,0.0,0.0,0.0,0.0,0.0,0.0,0.0
996400,0.0,0.0,0.0,0.0,0.0,1.0,0.0
996900,0.0,0.0,0.0,0.0,0.0,0.0,0.0
997104,0.0,0.0,0.0,0.0,0.0,1.0,0.0
997604,0.0,0.0,0.0,0.0,0.0,0.0,0.0
998109,0.0,0.0,0.0,0.0,0.0,1.0,0.0
998609,0.0,0.0,0.0,0.0,0.0,0.0,0.0
999442,0.0,0.0,0.0,0.0,0.0,1.0,0.0
999942,0.0,0.0,0.0,0.0,0.0,0.0,0.0
1000348,0.0,0.0,0.0,0.0,0.0,1.0,0.0
1000848,0.0,0.0,0.0,0.0,0.0,0.0,0.0
1000900,0.0,0.0,0.0,0.0,0.0,0.0,1.0
1000982,0.0,0.0,0.0,0.0,0.0,1.0,1.0
1000989,0.0,0.0,0.0,0.0,0.0,2.0,1.0
1001400,0.0,0.0,0.0,0.0,0.0,2.0,0.0
1001489,0.0,0.0,0.0,0.0,0.0,0.0,0.0
1001844,0.0,0.0,0.0,0.0,0.0,1.0,0.0
1002323,0.0,0.0,0.0,0.0,0.0,2.0,0.0
1002823,0.0,0.0,0.0,0.0,0.0,0.0,0.0
1002848,0.0,2.0,0.0,0.0,0.0,0.0,0.0
1003039,2.0,2.0,0.0,0.0,0.0,0.0,0.0
1003348,2.0,0.0,0.0,0.0,0.0,0.0,0.0
1003539,0.0,0.0,0.0,0.0,0.0,0.0,0.0
1003615,2.0,0.0,0.0,0.0,0.0,0.0,0.0
1004115,0.0,0.0,0.0,0.0,0.0,0.0,0.0
1004280,0.0,0.0,0.0,0.0,0.0,1.0,0.0
1004607,2.0,0.0,0.0,0.0,0.0,1.0,0.0
1004780,2.0,0.0,0.0,0.0,0.0,0.0,0.0
1004841,2.0,0.0,0.0,0.0,0.0,1.0,0.0
1005107,0.0,0.0,0.0,0.0,0.0,1.0,0.0
1005132,0.0,0.0,0.0,0.0,1.0,1.0,0.0
1005341,0.0,0.0,0.0,0.0,1.0,0.0,0.0
1005431,0.0,0.0,0.0,0.0,1.0,1.0,0.0
1005438,0.0,0.0,0.0,0.0,1.0,2.0,0.0
1005864,0.0,0.0,0.0,0.0,2.0,2.0,0.0
1005919,2.0,0.0,0.0,0.0,2.0,2.0,0.0
1005938,2.0,0.0,0.0,0.0,2.0,0.0,0.0
1006364,2.0,0.0,0.0,0.0,0.0,0.0,0.0
1006419,0.0,0.0,0.0,0.0,0.0,0.0,0.0
1007572,0.0,0.0,1.0,0.0,0.0,0.0,0.0
1007993,0.0,0.0,1.0,0.0,0.0,1.0,0.0
1008493,0.0,0.0,1.0,0.0,0.0,0.0,0.0
1011107,0.0,0.0,1.0,0.0,1.0,0.0,0.0
1011607,0.0,0.0,1.0,0.0,0.0,0.0,0.0
1012721,0.0,0.0,2.0,0.0,0.0,0.0,0.0
1013152,0.0,0.0,2.0,0.0,0.0,1.0,0.0
1013221,0.0,0.0,0.0,0.0,0.0,1.0,0.0
1013252,0.0,0.0,1.0,0.0,0.0,1.0,0.0
1013652,0.0,0.0,1.0,0.0,0.0,0.0,0.0
1014004,0.0,0.0,1.0,0.0,0.0,1.0,0.0
1014252,0.0,0.0,0.0,0.0,0.0,1.0,0.0
1014425,0.0,0.0,1.0,0.0,0.0,1.0,0.0
1014504,0.0,0.0,1.0,0.0,0.0,0.0,0.0
1015425,0.0,0.0,0.0,0.0,0.0,0.0,0.0
1015710,0.0,0.0,0.0,0.0,0.0,1.0,0.0
1015910,0.0,0.0,1.0,0.0,0.0,1.0,0.0
1016210,0.0,0.0,1.0,0.0,0.0,0.0,0.0
1016343,0.0,0.0,1.0,0.0,0.0,1.0,0.0
1016843,0.0,0.0,1.0,0.0,0.0,0.0,0.0
1016910,0.0,0.0,0.0,0.0,0.0,0.0,0.0
1016934,0.0,0.0,1.0,0.0,0.0,0.0,0.0
1017434,0.0,0.0,0.0,0.0,0.0,0.0,0.0
1019756,0.0,0.0,0.0,0.0,0.0,1.0,0.0
1020256,0.0,0.0,0.0,0.0,0.0,0.0,0.0
1023440,0.0,0.0,0.0,0.0,0.0,1.0,0.0
1023940,0.0,0.0,0.0,0.0,0.0,0.0,0.0
1024690,0.0,0.0,0.0,0.0,0.0,1.0,0.0
1025190,0.0,0.0,0.0,0.0,0.0,0.0,0.0
1025192,0.0,0.0,0.0,0.0,0.0,1.0,0.0
1025692,0.0,0.0,0.0,0.0,0.0,0.0,0.0
1025772,0.0,0.0,0.0,0.0,0.0,1.0,0.0
1026272,0.0,0.0,0.0,0.0,0.0,0.0,0.0
1027528,0.0,0.0,0.0,0.0,0.0,1.0,0.0
1028028,0.0,0.0,0.0,0.0,0.0,0.0,0.0
1028177,0.0,0.0,0.0,0.0,0.0,1.0,0.0
1028269,0.0,0.0,0.0,0.0,0.0,2.0,0.0
1028769,0.0,0.0,0.0,0.0,0.0,0.0,0.0
1028916,0.0,0.0,0.0,0.0,0.0,1.0,0.0
1029416,0.0,0.0,0.0,0.0,0.0,0.0,0.0
1029703,0.0,0.0,0.0,0.0,0.0,1.0,0.0
1030203,0.0,0.0,0.0,0.0,0.0,0.0,0.0
1031506,0.0,0.0,0.0,0.0,0.0,1.0,0.0
1032006,0.0,0.0,0.0,0.0,0.0,0.0,0.0
1033672,0.0,0.0,0.0,0.0,0.0,1.0,0.0
1034172,0.0,0.0,0.0,0.0,0.0,0.0,0.0
1036330,0.0,0.0,0.0,0.0,0.0,1.0,0.0
1036830,0.0,0.0,0.0,0.0,0.0,0.0,0.0
1038460,0.0,0.0,0.0,0.0,0.0,1.0,0.0
1038960,0.0,0.0,0.0,0.0,0.0,0.0,0.0
1040024,0.0,0.0,0.0,0.0,0.0,1.0,0.0
1040524,0.0,0.0,0.0,0.0,0.0,0.0,0.0
1040829,0.0,0.0,0.0,0.0,0.0,1.0,0.0
1041329,0.0,0.0,0.0,0.0,0.0,0.0,0.0
1041590,0.0,0.0,0.0,0.0,0.0,1.0,0.0
1041610,0.0,0.0,0.0,0.0,0.0,2.0,0.0
1042110,0.0,0.0,0.0,0.0,0.0,0.0,0.0
1042689,0.0,0.0,0.0,0.0,0.0,1.0,0.0
1043189,0.0,0.0,0.0,0.0,0.0,0.0,0.0
1043556,0.0,0.0,0.0,0.0,0.0,1.0,0.0
1044056,0.0,0.0,0.0,0.0,0.0,0.0,0.0
1045842,0.0,0.0,0.0,0.0,0.0,1.0,0.0
1045858,0.0,0.0,0.0,0.0,0.0,2.0,0.0
1046358,0.0,0.0,0.0,0.0,0.0,1.0,0.0
1046362,0.0,0.0,0.0,0.0,0.0,2.0,0.0
1046862,0.0,0.0,0.0,0.0,0.0,0.0,0.0
1046944,0.0,0.0,0.0,0.0,0.0,1.0,0.0
1047444,0.0,0.0,0.0,0.0,0.0,0.0,0.0
1047821,0.0,0.0,0.0,0.0,0.0,1.0,0.0
1047825,0.0,0.0,0.0,0.0,0.0,2.0,0.0
1048325,0.0,0.0,0.0,0.0,0.0,0.0,0.0
1052072,0.0,0.0,0.0,0.0,0.0,1.0,0.0
1052572,0.0,0.0,0.0,0.0,0.0,0.0,0.0
1054744,0.0,0.0,0.0,0.0,0.0,1.0,0.0
1055244,0.0,0.0,0.0,0.0,0.0,0.0,0.0
1055390,0.0,0.0,0.0,0.0,0.0,1.0,0.0
1055398,0.0,0.0,0.0,0.0,0.0,2.0,0.0
1055898,0.0,0.0,0.0,0.0,0.0,0.0,0.0
1058630,0.0,0.0,0.0,0.0,0.0,1.0,0.0
1059130,0.0,0.0,0.0,0.0,0.0,0.0,0.0
1059674,0.0,0.0,0.0,0.0,0.0,1.0,0.0
1060174,0.0,0.0,0.0,0.0,0.0,0.0,0.0
1060260,0.0,0.0,0.0,0.0,0.0,1.0,0.0
1060302,0.0,0.0,0.0,0.0,0.0,2.0,0.0
1060802,0.0,0.0,0.0,0.0,0.0,0.0,0.0
1062156,0.0,0.0,0.0,0.0,0.0,1.0,0.0
1062157,0.0,0.0,0.0,0.0,0.0,2.0,0.0
1062657,0.0,0.0,0.0,0.0,0.0,0.0,0.0
1063801,0.0,0.0,0.0,0.0,0.0,1.0,0.0
1064301,0.0,0.0,0.0,0.0,0.0,0.0,0.0
1065286,0.0,0.0,0.0,0.0,0.0,1.0,0.0
1065786,0.0,0.0,0.0,0.0,0.0,0.0,0.0
1065807,0.0,0.0,0.0,0.0,0.0,1.0,0.0
1066307,0.0,0.0,0.0,0.0,0.0,0.0,0.0
1067866,0.0,0.0,0.0,0.0,0.0,1.0,0.0
1068366,0.0,0.0,0.0,0.0,0.0,0.0,0.0
1068480,0.0,0.0,0.0,0.0,0.0,1.0,0.0
1068980,0.0,0.0,0.0,0.0,0.0,0.0,0.0
1069255,0.0,0.0,0.0,0.0,0.0,1.0,0.0
1069755,0.0,0.0,0.0,0.0,0.0,0.0,0.0
1070338,0.0,0.0,0.0,0.0,0.0,1.0,0.0
1070740,0.0,0.0,0.0,0.0,0.0,2.0,0.0
1071240,0.0,0.0,0.0,0.0,0.0,0.0,0.0
1071578,0.0,0.0,0.0,0.0,0.0,1.0,0.0
1071580,0.0,0.0,0.0,0.0,0.0,2.0,0.0
1072080,0.0,0.0,0.0,0.0,0.0,0.0,0.0
1072205,0.0,0.0,0.0,0.0,0.0,1.0,0.0
1072705,0.0,0.0,0.0,0.0,0.0,0.0,0.0
1073765,0.0,0.0,0.0,0.0,0.0,1.0,0.0
1074265,0.0,0.0,0.0,0.0,0.0,0.0,0.0
1075692,0.0,0.0,0.0,0.0,0.0,1.0,0.0
1075693,0.0,0.0,0.0,0.0,0.0,2.0,0.0
1076193,0.0,0.0,0.0,0.0,0.0,0.0,0.0
1076788,0.0,0.0,0.0,0.0,0.0,1.0,0.0
1077288,0.0,0.0,0.0,0.0,0.0,0.0,0.0
1079068,0.0,0.0,0.0,0.0,0.0,1.0,0.0
1079089,0.0,0.0,0.0,0.0,0.0,2.0,0.0
1079589,0.0,0.0,0.0,0.0,0.0,0.0,0.0
1081198,0.0,0.0,0.0,0.0,0.0,1.0,0.0
1081202,0.0,0.0,0.0,0.0,0.0,2.0,0.0
1081702,0.0,0.0,0.0,0.0,0.0,0.0,0.0
1082198,0.0,0.0,0.0,0.0,0.0,1.0,0.0
1082698,0.0,0.0,0.0,0.0,0.0,0.0,0.0
1082802,0.0,0.0,0.0,0.0,0.0,1.0,0.0
1083302,0.0,0.0,0.0,0.0,0.0,0.0,0.0
1083497,0.0,0.0,0.0,0.0,0.0,1.0,0.0
1083997,0.0,0.0,0.0,0.0,0.0,0.0,0.0
1084090,0.0,0.0,0.0,0.0,0.0,1.0,0.0
1084092,0.0,0.0,0.0,0.0,0.0,2.0,0.0
1084592,0.0,0.0,0.0,0.0,0.0,0.0,0.0
1084665,0.0,0.0,0.0,0.0,0.0,1.0,0.0
1085165,0.0,0.0,0.0,0.0,0.0,0.0,0.0
1085265,0.0,0.0,0.0,0.0,0.0,1.0,0.0
1085765,0.0,0.0,0.0,0.0,0.0,0.0,0.0
1086662,0.0,0.0,0.0,0.0,0.0,1.0,0.0
1087162,0.0,0.0,0.0,0.0,0.0,0.0,0.0
1087713,0.0,0.0,0.0,0.0,0.0,1.0,0.0
1087715,0.0,0.0,0.0,0.0,0.0,2.0,0.0
1088215,0.0,0.0,0.0,0.0,0.0,0.0,0.0
1090119,0.0,0.0,0.0,0.0,0.0,1.0,0.0
1090339,0.0,0.0,0.0,0.0,0.0,2.0,0.0
1090839,0.0,0.0,0.0,0.0,0.0,0.0,0.0
1092911,0.0,0.0,0.0,0.0,0.0,1.0,0.0
1093411,0.0,0.0,0.0,0.0,0.0,0.0,0.0
1094547,0.0,0.0,0.0,0.0,0.0,1.0,0.0
1094564,0.0,0.0,0.0,0.0,0.0,2.0,0.0
1095064,0.0,0.0,0.0,0.0,0.0,0.0,0.0
1095708,0.0,0.0,0.0,0.0,0.0,1.0,0.0
1096208,0.0,0.0,0.0,0.0,0.0,0.0,0.0
1097697,0.0,0.0,0.0,0.0,0.0,1.0,0.0
1098197,0.0,0.0,0.0,0.0,0.0,0.0,0.0
1098736,0.0,0.0,0.0,0.0,0.0,1.0,0.0
1099236,0.0,0.0,0.0,0.0,0.0,0.0,0.0
1101061,0.0,0.0,0.0,0.0,0.0,1.0,0.0
1101063,0.0,0.0,0.0,0.0,0.0,2.0,0.0
1101563,0.0,0.0,0.0,0.0,0.0,0.0,0.0
1103081,0.0,0.0,0.0,0.0,0.0,1.0,0.0
1103581,0.0,0.0,0.0,0.0,0.0,0.0,0.0
1106742,0.0,0.0,0.0,0.0,0.0,1.0,0.0
1107242,0.0,0.0,0.0,0.0,0.0,0.0,0.0
1107533,0.0,0.0,0.0,0.0,0.0,1.0,0.0
1108033,0.0,0.0,0.0,0.0,0.0,0.0,0.0
1108220,0.0,0.0,0.0,0.0,0.0,1.0,0.0
1108720,0.0,0.0,0.0,0.0,0.0,0.0,0.0
1109847,0.0,0.0,0.0,0.0,0.0,1.0,0.0
1110347,0.0,0.0,0.0,0.0,0.0,0.0,0.0
1111598,0.0,0.0,0.0,0.0,0.0,1.0,0.0
1111600,0.0,0.0,0.0,0.0,0.0,2.0,0.0
1112100,0.0,0.0,0.0,0.0,0.0,0.0,0.0
1113329,0.0,0.0,0.0,0.0,0.0,1.0,0.0
1113829,0.0,0.0,0.0,0.0,0.0,0.0,0.0
1114378,0.0,0.0,0.0,0.0,0.0,1.0,0.0
1114878,0.0,0.0,0.0,0.0,0.0,0.0,0.0
1120035,0.0,0.0,0.0,0.0,0.0,1.0,0.0
1120535,0.0,0.0,0.0,0.0,0.0,0.0,0.0
1120662,0.0,0.0,0.0,0.0,0.0,1.0,0.0
1121162,0.0,0.0,0.0,0.0,0.0,0.0,0.0
1123041,0.0,0.0,0.0,0.0,0.0,1.0,0.0
1123541,0.0,0.0,0.0,0.0,0.0,0.0,0.0
1124169,0.0,0.0,0.0,0.0,0.0,1.0,0.0
1124669,0.0,0.0,0.0,0.0,0.0,0.0,0.0
1126179,0.0,0.0,0.0,0.0,0.0,1.0,0.0
1126679,0.0,0.0,0.0,0.0,0.0,0.0,0.0
1128037,0.0,0.0,0.0,0.0,0.0,1.0,0.0
1128039,0.0,0.0,0.0,0.0,1.0,2.0,0.0
1128539,0.0,0.0,0.0,0.0,0.0,0.0,0.0
1132246,0.0,0.0,0.0,0.0,0.0,1.0,0.0
1132746,0.0,0.0,0.0,0.0,0.0,0.0,0.0
1133706,0.0,0.0,0.0,0.0,0.0,1.0,0.0
1134206,0.0,0.0,0.0,0.0,0.0,0.0,0.0
1134876,0.0,0.0,0.0,0.0,0.0,1.0,0.0
1135376,0.0,0.0,0.0,0.0,0.0,0.0,0.0
1135627,0.0,0.0,0.0,0.0,0.0,1.0,0.0
1136127,0.0,0.0,0.0,0.0,0.0,0.0,0.0
1136637,0.0,0.0,0.0,0.0,0.0,1.0,0.0
1136642,0.0,0.0,0.0,0.0,0.0,2.0,0.0
1137142,0.0,0.0,0.0,0.0,0.0,0.0,0.0
1138838,0.0,0.0,0.0,0.0,0.0,1.0,0.0
1139338,0.0,0.0,0.0,0.0,0.0,0.0,0.0
1141435,0.0,0.0,0.0,0.0,1.0,0.0,0.0
1141446,0.0,0.0,0.0,0.0,1.0,1.0,0.0
1141447,0.0,0.0,0.0,0.0,2.0,1.0,0.0
1141946,0.0,0.0,0.0,0.0,2.0,0.0,0.0
1141947,0.0,0.0,0.0,0.0,0.0,0.0,0.0
1148509,0.0,0.0,0.0,0.0,0.0,1.0,0.0
1148511,0.0,0.0,0.0,0.0,0.0,2.0,0.0
1149011,0.0,0.0,0.0,0.0,0.0,0.0,0.0
1149142,0.0,0.0,0.0,0.0,0.0,1.0,0.0
1149642,0.0,0.0,0.0,0.0,0.0,0.0,0.0
1149997,0.0,0.0,0.0,0.0,0.0,1.0,0.0
1150497,0.0,0.0,0.0,0.0,0.0,0.0,0.0
1151848,0.0,0.0,0.0,0.0,0.0,1.0,0.0
1151859,0.0,0.0,0.0,0.0,0.0,2.0,0.0
1152359,0.0,0.0,0.0,0.0,0.0,0.0,0.0
1153293,0.0,0.0,0.0,0.0,0.0,1.0,0.0
1153444,0.0,0.0,0.0,0.0,0.0,2.0,0.0
1153944,0.0,0.0,0.0,0.0,0.0,0.0,0.0
1154981,0.0,0.0,0.0,0.0,0.0,1.0,0.0
1155481,0.0,0.0,0.0,0.0,0.0,0.0,0.0
1156638,0.0,0.0,0.0,0.0,0.0,1.0,0.0
1156644,0.0,0.0,0.0,0.0,1.0,1.0,0.0
1157138,0.0,0.0,0.0,0.0,1.0,0.0,0.0
1157144,0.0,0.0,0.0,0.0,0.0,0.0,0.0
1158409,0.0,0.0,0.0,0.0,0.0,1.0,0.0
1158909,0.0,0.0,0.0,0.0,0.0,0.0,0.0
1160565,0.0,0.0,0.0,0.0,1.0,0.0,0.0
1161065,0.0,0.0,0.0,0.0,0.0,0.0,0.0
1163867,0.0,0.0,0.0,0.0,0.0,1.0,0.0
1164367,0.0,0.0,0.0,0.0,0.0,0.0,0.0
1167380,0.0,0.0,0.0,0.0,0.0,1.0,0.0
1167880,0.0,0.0,0.0,0.0,0.0,0.0,0.0
1168418,0.0,0.0,0.0,0.0,0.0,1.0,0.0
1168918,0.0,0.0,0.0,0.0,0.0,0.0,0.0
1169800,0.0,0.0,0.0,0.0,0.0,1.0,0.0
1170300,0.0,0.0,0.0,0.0,0.0,0.0,0.0
1171499,0.0,0.0,0.0,0.0,0.0,1.0,0.0
1171999,0.0,0.0,0.0,0.0,0.0,0.0,0.0
1172185,0.0,0.0,0.0,0.0,0.0,1.0,0.0
1172685,0.0,0.0,0.0,0.0,0.0,0.0,0.0
1176696,0.0,0.0,0.0,0.0,0.0,1.0,0.0
1177196,0.0,0.0,0.0,0.0,0.0,0.0,0.0
1178191,0.0,0.0,0.0,0.0,0.0,1.0,0.0
1178691,0.0,0.0,0.0,0.0,0.0,0.0,0.0
1179749,0.0,0.0,0.0,0.0,0.0,1.0,0.0
1179757,0.0,0.0,0.0,0.0,0.0,2.0,0.0
1180257,0.0,0.0,0.0,0.0,0.0,0.0,0.0
1185113,0.0,0.0,0.0,0.0,0.0,1.0,0.0
1185613,0.0,0.0,0.0,0.0,0.0,0.0,0.0
1185851,0.0,0.0,0.0,0.0,0.0,1.0,0.0
1186351,0.0,0.0,0.0,0.0,0.0,0.0,0.0
1188767,0.0,0.0,0.0,0.0,0.0,1.0,0.0
1188771,0.0,0.0,0.0,0.0,0.0,2.0,0.0
1189271,0.0,0.0,0.0,0.0,0.0,0.0,0.0
1195247,0.0,0.0,0.0,0.0,0.0,1.0,0.0
1195747,0.0,0.0,0.0,0.0,0.0,0.0,0.0
1196949,0.0,0.0,0.0,0.0,0.0,1.0,0.0
1197449,0.0,0.0,0.0,0.0,0.0,0.0,0.0
1199282,0.0,0.0,0.0,0.0,0.0,1.0,0.0
1199782,0.0,0.0,0.0,0.0,0.0,0.0,0.0
1201100,0.0,0.0,0.0,0.0,0.0,0.0,1.0
1201284,0.0,0.0,0.0,0.0,0.0,1.0,1.0
1201600,0.0,0.0,0.0,0.0,0.0,1.0,0.0
1201784,0.0,0.0,0.0,0.0,0.0,0.0,0.0
1201901,0.0,0.0,0.0,0.0,0.0,1.0,0.0
1202401,0.0,0.0,0.0,0.0,0.0,0.0,0.0
1202534,0.0,0.0,0.0,0.0,0.0,1.0,0.0
1202556,0.0,0.0,0.0,0.0,0.0,2.0,0.0
1202601,0.0,0.0,0.0,0.0,1.0,2.0,0.0
1202687,2.0,0.0,0.0,0.0,1.0,2.0,0.0
1203056,2.0,0.0,0.0,0.0,1.0,0.0,0.0
1203187,0.0,0.0,0.0,0.0,1.0,0.0,0.0
1203199,2.0,0.0,0.0,0.0,1.0,0.0,0.0
1203217,2.0,0.0,0.0,0.0,2.0,0.0,0.0
1203605,2.0,2.0,0.0,0.0,2.0,0.0,0.0
1203606,2.0,2.0,0.0,0.0,2.0,1.0,0.0
1203699,0.0,2.0,0.0,0.0,2.0,1.0,0.0
1203717,0.0,2.0,0.0,0.0,0.0,1.0,0.0
1203743,2.0,2.0,0.0,0.0,0.0,1.0,0.0
1203898,2.0,2.0,0.0,0.0,1.0,1.0,0.0
1204105,2.0,0.0,0.0,0.0,1.0,1.0,0.0
1204106,2.0,0.0,0.0,0.0,1.0,0.0,0.0
1204243,0.0,0.0,0.0,0.0,1.0,0.0,0.0
1204398,0.0,0.0,0.0,0.0,0.0,0.0,0.0
1205362,0.0,0.0,0.0,0.0,0.0,1.0,0.0
1205471,2.0,0.0,0.0,0.0,0.0,1.0,0.0
1205862,2.0,0.0,0.0,0.0,0.0,0.0,0.0
1205971,0.0,0.0,0.0,0.0,0.0,0.0,0.0
1207807,2.0,0.0,0.0,0.0,0.0,0.0,0.0
1207888,2.0,0.0,0.0,0.0,0.0,1.0,0.0
1208028,2.0,0.0,1.0,0.0,0.0,1.0,0.0
1208307,0.0,0.0,1.0,0.0,0.0,1.0,0.0
1208388,0.0,0.0,1.0,0.0,0.0,0.0,0.0
1208528,0.0,0.0,0.0,0.0,0.0,0.0,0.0
1208649,0.0,0.0,1.0,0.0,0.0,0.0,0.0
1208668,0.0,0.0,1.0,0.0,0.0,1.0,0.0
1209168,0.0,0.0,1.0,0.0,0.0,0.0,0.0
1209187,0.0,0.0,1.0,0.0,0.0,1.0,0.0
1209489,0.0,0.0,1.0,0.0,0.0,2.0,0.0
1209989,0.0,0.0,1.0,0.0,0.0,0.0,0.0
1212452,0.0,0.0,1.0,0.0,0.0,1.0,0.0
1212952,0.0,0.0,1.0,0.0,0.0,0.0,0.0
1215793,0.0,0.0,1.0,0.0,0.0,1.0,0.0
1215799,0.0,0.0,1.0,0.0,0.0,2.0,0.0
1216299,0.0,0.0,1.0,0.0,0.0,0.0,0.0
1216829,0.0,0.0,1.0,0.0,0.0,1.0,0.0
1217329,0.0,0.0,1.0,0.0,0.0,0.0,0.0
1219017,0.0,0.0,1.0,0.0,0.0,1.0,0.0
1219024,0.0,0.0,1.0,0.0,0.0,2.0,0.0
1219524,0.0,0.0,1.0,0.0,0.0,0.0,0.0
1219560,0.0,0.0,2.0,0.0,0.0,0.0,0.0
1220060,0.0,0.0,0.0,0.0,0.0,0.0,0.0
1220418,0.0,0.0,0.0,0.0,0.0,1.0,0.0
1220492,0.0,0.0,1.0,0.0,0.0,1.0,0.0
1220918,0.0,0.0,1.0,0.0,0.0,0.0,0.0
1220992,0.0,0.0,0.0,0.0,0.0,0.0,0.0
1221307,0.0,0.0,1.0,0.0,0.0,0.0,0.0
1221807,0.0,0.0,0.0,0.0,0.0,0.0,0.0
1222243,0.0,0.0,0.0,0.0,0.0,1.0,0.0
1222250,0.0,0.0,0.0,0.0,0.0,2.0,0.0
1222750,0.0,0.0,0.0,0.0,0.0,0.0,0.0
1223610,0.0,0.0,0.0,0.0,1.0,1.0,0.0
1224110,0.0,0.0,0.0,0.0,0.0,0.0,0.0
1224696,0.0,0.0,0.0,0.0,0.0,1.0,0.0
1225196,0.0,0.0,0.0,0.0,0.0,0.0,0.0
1225756,0.0,0.0,1.0,0.0,0.0,0.0,0.0
1225796,0.0,0.0,1.0,0.0,0.0,1.0,0.0
1225809,0.0,0.0,1.0,0.0,0.0,2.0,0.0
1226309,0.0,0.0,1.0,0.0,0.0,0.0,0.0
1228159,0.0,0.0,1.0,0.0,0.0,1.0,0.0
1228659,0.0,0.0,1.0,0.0,0.0,0.0,0.0
1228717,0.0,0.0,1.0,0.0,0.0,1.0,0.0
1229217,0.0,0.0,1.0,0.0,0.0,0.0,0.0
1229584,0.0,0.0,1.0,0.0,0.0,1.0,0.0
1229925,0.0,2.0,1.0,0.0,0.0,1.0,0.0
1230084,0.0,2.0,1.0,0.0,0.0,0.0,0.0
1230144,0.0,2.0,1.0,0.0,0.0,1.0,0.0
1230155,0.0,2.0,1.0,0.0,0.0,2.0,0.0
1230425,0.0,0.0,1.0,0.0,0.0,2.0,0.0
1230655,0.0,0.0,1.0,0.0,0.0,0.0,0.0
1230899,0.0,0.0,1.0,0.0,0.0,1.0,0.0
1231399,0.0,0.0,1.0,0.0,0.0,0.0,0.0
1232198,0.0,0.0,1.0,0.0,0.0,1.0,0.0
1232698,0.0,0.0,1.0,0.0,0.0,0.0,0.0
1234119,0.0,0.0,1.0,0.0,0.0,1.0,0.0
1234619,0.0,0.0,1.0,0.0,0.0,0.0,0.0
1235539,0.0,0.0,1.0,0.0,0.0,1.0,0.0
1235626,0.0,0.0,1.0,0.0,0.0,2.0,0.0
1236126,0.0,0.0,1.0,0.0,0.0,0.0,0.0
1238082,0.0,0.0,1.0,0.0,0.0,1.0,0.0
1238582,0.0,0.0,1.0,0.0,0.0,0.0,0.0
1238977,0.0,0.0,1.0,0.0,0.0,1.0,0.0
1239002,0.0,0.0,1.0,0.0,0.0,2.0,0.0
1239502,0.0,0.0,1.0,0.0,0.0,0.0,0.0
1240244,0.0,0.0,1.0,0.0,0.0,1.0,0.0
1240546,0.0,2.0,1.0,0.0,0.0,1.0,0.0
1240744,0.0,2.0,1.0,0.0,0.0,0.0,0.0
1241046,0.0,0.0,1.0,0.0,0.0,0.0,0.0
1241340,0.0,0.0,1.0,0.0,0.0,1.0,0.0
1241353,0.0,0.0,1.0,0.0,0.0,2.0,0.0
1241853,0.0,0.0,1.0,0.0,0.0,0.0,0.0
1242495,0.0,0.0,1.0,0.0,0.0,1.0,0.0
1242995,0.0,0.0,1.0,0.0,0.0,0.0,0.0
1244867,0.0,0.0,1.0,0.0,0.0,1.0,0.0
1244870,0.0,0.0,1.0,0.0,0.0,2.0,0.0
1245370,0.0,0.0,1.0,0.0,0.0,0.0,0.0
1246874,0.0,0.0,1.0,0.0,0.0,1.0,0.0
1247374,0.0,0.0,1.0,0.0,0.0,0.0,0.0
1249323,0.0,0.0,1.0,0.0,0.0,1.0,0.0
1249823,0.0,0.0,1.0,0.0,0.0,0.0,0.0
1252014,0.0,0.0,1.0,0.0,0.0,1.0,0.0
1252514,0.0,0.0,1.0,0.0,0.0,0.0,0.0
1253301,0.0,0.0,1.0,0.0,0.0,1.0,0.0
1253305,0.0,0.0,1.0,0.0,0.0,2.0,0.0
1253805,0.0,0.0,1.0,0.0,0.0,0.0,0.0
1255764,0.0,0.0,1.0,0.0,0.0,1.0,0.0
1256264,0.0,0.0,1.0,0.0,0.0,0.0,0.0
1257523,0.0,0.0,1.0,0.0,0.0,1.0,0.0
1258023,0.0,0.0,1.0,0.0,0.0,0.0,0.0
1259719,0.0,0.0,1.0,0.0,0.0,1.0,0.0
1260219,0.0,0.0,1.0,0.0,0.0,0.0,0.0
1260298,0.0,0.0,1.0,0.0,0.0,1.0,0.0
1260798,0.0,0.0,1.0,0.0,0.0,0.0,0.0
1261207,0.0,0.0,1.0,0.0,0.0,1.0,0.0
1261707,0.0,0.0,1.0,0.0,0.0,0.0,0.0
1261804,0.0,0.0,1.0,0.0,0.0,1.0,0.0
1262304,0.0,0.0,1.0,0.0,0.0,0.0,0.0
1262760,0.0,0.0,1.0,0.0,0.0,1.0,0.0
1263260,0.0,0.0,1.0,0.0,0.0,0.0,0.0
1263440,0.0,0.0,1.0,0.0,0.0,1.0,0.0
1263804,0.0,0.0,1.0,0.0,0.0,2.0,0.0
1264304,0.0,0.0,1.0,0.0,0.0,0.0,0.0
1264429,0.0,0.0,1.0,0.0,0.0,1.0,0.0
1264929,0.0,0.0,1.0,0.0,0.0,0.0,0.0
1265628,0.0,0.0,1.0,0.0,0.0,1.0,0.0
1266128,0.0,0.0,1.0,0.0,0.0,0.0,0.0
1266315,0.0,0.0,1.0,0.0,0.0,1.0,0.0
1266815,0.0,0.0,1.0,0.0,0.0,0.0,0.0
1266980,0.0,0.0,1.0,0.0,0.0,1.0,0.0
1267480,0.0,0.0,1.0,0.0,0.0,0.0,0.0
1268469,0.0,0.0,1.0,0.0,0.0,1.0,0.0
1268969,0.0,0.0,1.0,0.0,0.0,0.0,0.0
1269736,0.0,0.0,1.0,0.0,0.0,1.0,0.0
1270236,0.0,0.0,1.0,0.0,0.0,0.0,0.0
1272967,0.0,0.0,1.0,0.0,0.0,1.0,0.0
1273467,0.0,0.0,1.0,0.0,0.0,0.0,0.0
1273711,0.0,0.0,1.0,0.0,0.0,1.0,0.0
1274211,0.0,0.0,1.0,0.0,0.0,0.0,0.0
1274525,0.0,0.0,1.0,0.0,0.0,1.0,0.0
1274541,0.0,0.0,1.0,0.0,0.0,2.0,0.0
1275041,0.0,0.0,1.0,0.0,0.0,0.0,0.0
1277500,0.0,0.0,1.0,0.0,0.0,1.0,0.0
1278000,0.0,0.0,1.0,0.0,0.0,0.0,0.0
1280355,0.0,0.0,1.0,0.0,0.0,1.0,0.0
1280855,0.0,0.0,1.0,0.0,0.0,0.0,0.0
1281470,0.0,0.0,1.0,0.0,0.0,1.0,0.0
1281545,0.0,0.0,1.0,0.0,0.0,2.0,0.0
1282045,0.0,0.0,1.0,0.0,0.0,0.0,0.0
1283742,0.0,0.0,1.0,0.0,0.0,1.0,0.0
1283749,0.0,0.0,1.0,0.0,0.0,2.0,0.0
1283759,0.0,0.0,1.0,0.0,1.0,2.0,0.0
1284249,0.0,0.0,1.0,0.0,1.0,0.0,0.0
1284259,0.0,0.0,1.0,0.0,0.0,0.0,0.0
1284535,0.0,0.0,1.0,0.0,0.0,1.0,0.0
1285035,0.0,0.0,1.0,0.0,0.0,0.0,0.0
1285339,0.0,0.0,1.0,0.0,0.0,1.0,0.0
1285406,0.0,0.0,1.0,0.0,0.0,2.0,0.0
1285906,0.0,0.0,1.0,0.0,0.0,0.0,0.0
1286287,0.0,0.0,1.0,0.0,0.0,1.0,0.0
1286787,0.0,0.0,1.0,0.0,0.0,0.0,0.0
1286863,0.0,0.0,1.0,0.0,0.0,1.0,0.0
1287363,0.0,0.0,1.0,0.0,0.0,0.0,0.0
1287678,0.0,0.0,1.0,0.0,0.0,1.0,0.0
1287679,0.0,0.0,1.0,0.0,0.0,2.0,0.0
1288179,0.0,0.0,1.0,0.0,0.0,0.0,0.0
1289791,0.0,0.0,1.0,0.0,0.0,1.0,0.0
1289793,0.0,0.0,1.0,0.0,0.0,2.0,0.0
1290293,0.0,0.0,1.0,0.0,0.0,0.0,0.0
1290376,0.0,0.0,1.0,0.0,0.0,1.0,0.0
1290876,0.0,0.0,1.0,0.0,0.0,0.0,0.0
1293483,0.0,0.0,1.0,0.0,0.0,1.0,0.0
1293513,0.0,0.0,1.0,0.0,0.0,2.0,0.0
1294013,0.0,0.0,1.0,0.0,0.0,0.0,0.0
1295728,0.0,0.0,1.0,0.0,0.0,1.0,0.0
1296228,0.0,0.0,1.0,0.0,0.0,0.0,0.0
1297571,0.0,0.0,1.0,0.0,0.0,1.0,0.0
1298071,0.0,0.0,1.0,0.0,0.0,0.0,0.0
1298341,0.0,0.0,1.0,0.0,0.0,1.0,0.0
1298841,0.0,0.0,1.0,0.0,0.0,0.0,0.0
1299193,0.0,0.0,1.0,0.0,0.0,1.0,0.0
1299693,0.0,0.0,1.0,0.0,0.0,0.0,0.0
1300703,0.0,0.0,1.0,0.0,0.0,1.0,0.0
1301203,0.0,0.0,1.0,0.0,0.0,0.0,0.0
1304659,0.0,0.0,1.0,0.0,0.0,1.0,0.0
1305159,0.0,0.0,1.0,0.0,0.0,0.0,0.0
1306009,0.0,0.0,1.0,0.0,1.0,0.0,0.0
1306041,0.0,0.0,1.0,0.0,2.0,0.0,0.0
1306541,0.0,0.0,1.0,0.0,0.0,0.0,0.0
1306756,0.0,0.0,0.0,0.0,0.0,0.0,0.0
1314163,0.0,0.0,0.0,0.0,0.0,1.0,0.0
1314663,0.0,0.0,0.0,0.0,0.0,0.0,0.0
1318076,0.0,0.0,0.0,0.0,0.0,1.0,0.0
1318576,0.0,0.0,0.0,0.0,0.0,0.0,0.0
1319048,0.0,0.0,0.0,0.0,0.0,1.0,0.0
1319548,0.0,0.0,0.0,0.0,0.0,0.0,0.0
1320222,0.0,0.0,0.0,0.0,0.0,1.0,0.0
1320722,0.0,0.0,0.0,0.0,0.0,0.0,0.0
1321745,0.0,0.0,0.0,0.0,0.0,1.0,0.0
1322245,0.0,0.0,0.0,0.0,0.0,0.0,0.0
1324867,0.0,0.0,0.0,0.0,0.0,1.0,0.0
1325367,0.0,0.0,0.0,0.0,0.0,0.0,0.0
1326081,0.0,0.0,0.0,0.0,0.0,1.0,0.0
1326083,0.0,0.0,0.0,0.0,0.0,2.0,0.0
1326583,0.0,0.0,0.0,0.0,0.0,0.0,0.0
1329884,0.0,0.0,0.0,0.0,0.0,1.0,0.0
1330202,0.0,0.0,0.0,0.0,0.0,2.0,0.0
1330702,0.0,0.0,0.0,0.0,0.0,0.0,0.0
1333280,0.0,0.0,0.0,0.0,0.0,1.0,0.0
1333780,0.0,0.0,0.0,0.0,0.0,0.0,0.0
1335040,0.0,0.0,0.0,0.0,0.0,1.0,0.0
1335042,0.0,0.0,0.0,0.0,0.0,2.0,0.0
1335542,0.0,0.0,0.0,0.0,0.0,0.0,0.0
1335905,0.0,0.0,0.0,0.0,0.0,1.0,0.0
1336405,0.0,0.0,0.0,0.0,0.0,0.0,0.0
1338140,0.0,0.0,0.0,0.0,0.0,1.0,0.0
1338640,0.0,0.0,0.0,0.0,0.0,0.0,0.0
1340777,0.0,0.0,0.0,0.0,0.0,1.0,0.0
1341277,0.0,0.0,0.0,0.0,0.0,0.0,0.0
1342907,0.0,0.0,0.0,0.0,0.0,1.0,0.0
1342912,0.0,0.0,0.0,0.0,0.0,2.0,0.0
1343412,0.0,0.0,0.0,0.0,0.0,0.0,0.0
1343710,0.0,0.0,0.0,0.0,0.0,1.0,0.0
1344210,0.0,0.0,0.0,0.0,0.0,0.0,0.0
1352739,0.0,0.0,0.0,0.0,0.0,1.0,0.0
1353239,0.0,0.0,0.0,0.0,0.0,0.0,0.0
1356314,0.0,0.0,0.0,0.0,0.0,1.0,0.0
1356814,0.0,0.0,0.0,0.0,0.0,0.0,0.0
1358645,0.0,0.0,0.0,0.0,0.0,1.0,0.0
1359145,0.0,0.0,0.0,0.0,0.0,0.0,0.0
1360303,0.0,0.0,0.0,0.0,0.0,1.0,0.0
1360803,0.0,0.0,0.0,0.0,0.0,0.0,0.0
1362274,0.0,0.0,0.0,0.0,0.0,1.0,0.0
1362646,0.0,0.0,0.0,0.0,1.0,1.0,0.0
1362650,0.0,0.0,0.0,0.0,2.0,1.0,0.0
1362774,0.0,0.0,0.0,0.0,2.0,0.0,0.0
1363150,0.0,0.0,0.0,0.0,0.0,0.0,0.0
1363473,0.0,0.0,0.0,0.0,0.0,1.0,0.0
1363973,0.0,0.0,0.0,0.0,0.0,0.0,0.0
1364279,0.0,0.0,0.0,0.0,1.0,0.0,0.0
1364657,0.0,0.0,0.0,0.0,1.0,1.0,0.0
1364779,0.0,0.0,0.0,0.0,0.0,1.0,0.0
1365157,0.0,0.0,0.0,0.0,0.0,0.0,0.0
1366410,0.0,0.0,0.0,0.0,0.0,1.0,0.0
1366910,0.0,0.0,0.0,0.0,0.0,0.0,0.0
1367982,0.0,0.0,0.0,0.0,0.0,1.0,0.0
1367983,0.0,0.0,0.0,0.0,0.0,2.0,0.0
1368483,0.0,0.0,0.0,0.0,0.0,0.0,0.0
1368543,0.0,0.0,0.0,0.0,1.0,0.0,0.0
1369043,0.0,0.0,0.0,0.0,0.0,0.0,0.0
1371996,0.0,0.0,0.0,0.0,1.0,0.0,0.0
1372014,0.0,0.0,0.0,0.0,1.0,1.0,0.0
1372496,0.0,0.0,0.0,0.0,0.0,1.0,0.0
1372514,0.0,0.0,0.0,0.0,0.0,0.0,0.0
1373268,0.0,0.0,0.0,0.0,0.0,1.0,0.0
1373768,0.0,0.0,0.0,0.0,0.0,0.0,0.0
1376125,0.0,0.0,0.0,0.0,0.0,1.0,0.0
1376130,0.0,0.0,0.0,0.0,0.0,2.0,0.0
1376630,0.0,0.0,0.0,0.0,0.0,0.0,0.0
1378836,0.0,0.0,0.0,0.0,0.0,1.0,0.0
1379336,0.0,0.0,0.0,0.0,0.0,0.0,0.0
1385106,0.0,0.0,0.0,0.0,0.0,1.0,0.0
1385109,0.0,0.0,0.0,0.0,1.0,2.0,0.0
1385116,0.0,0.0,0.0,0.0,2.0,2.0,0.0
1385609,0.0,0.0,0.0,0.0,2.0,0.0,0.0
1385616,0.0,0.0,0.0,0.0,0.0,0.0,0.0
1386705,0.0,0.0,0.0,0.0,0.0,1.0,0.0
1386707,0.0,0.0,0.0,0.0,0.0,2.0,0.0
1387207,0.0,0.0,0.0,0.0,0.0,0.0,0.0
1387627,0.0,0.0,0.0,0.0,1.0,0.0,0.0
1388127,0.0,0.0,0.0,0.0,0.0,0.0,0.0
1388619,0.0,0.0,0.0,0.0,0.0,1.0,0.0
1389119,0.0,0.0,0.0,0.0,0.0,0.0,0.0
1391691,0.0,0.0,0.0,0.0,0.0,1.0,0.0
1392191,0.0,0.0,0.0,0.0,0.0,0.0,0.0
1396875,0.0,0.0,0.0,0.0,0.0,1.0,0.0
1397375,0.0,0.0,0.0,0.0,0.0,0.0,0.0
1397376,0.0,0.0,0.0,0.0,0.0,1.0,0.0
1397876,0.0,0.0,0.0,0.0,0.0,0.0,0.0
1398121,0.0,0.0,0.0,0.0,0.0,1.0,0.0
1398123,0.0,0.0,0.0,0.0,0.0,2.0,0.0
1398623,0.0,0.0,0.0,0.0,0.0,0.0,0.0
1401300,0.0,0.0,0.0,0.0,0.0,0.0,1.0
1401800,0.0,0.0,0.0,0.0,0.0,0.0,0.0
1401817,0.0,0.0,0.0,0.0,0.0,1.0,0.0
1401819,0.0,0.0,0.0,0.0,0.0,2.0,0.0
1402319,0.0,0.0,0.0,0.0,0.0,0.0,0.0
1402879,2.0,0.0,0.0,0.0,0.0,0.0,0.0
1402902,2.0,2.0,0.0,0.0,0.0,0.0,0.0
1403379,0.0,2.0,0.0,0.0,0.0,0.0,0.0
1403402,0.0,0.0,0.0,0.0,0.0,0.0,0.0
1403672,0.0,0.0,0.0,0.0,1.0,0.0,0.0
1403839,2.0,0.0,0.0,0.0,1.0,0.0,0.0
1404107,2.0,0.0,0.0,0.0,2.0,1.0,0.0
1404339,0.0,0.0,0.0,0.0,2.0,1.0,0.0
1404607,0.0,0.0,0.0,0.0,0.0,0.0,0.0
1405023,2.0,0.0,0.0,0.0,0.0,0.0,0.0
1405134,2.0,0.0,0.0,0.0,0.0,1.0,0.0
1405523,0.0,0.0,0.0,0.0,0.0,1.0,0.0
1405634,0.0,0.0,0.0,0.0,0.0,0.0,0.0
1405948,0.0,0.0,0.0,0.0,0.0,1.0,0.0
1406448,0.0,0.0,0.0,0.0,0.0,0.0,0.0
1406814,0.0,0.0,0.0,0.0,0.0,1.0,0.0
1407163,0.0,0.0,1.0,0.0,0.0,1.0,0.0
1407314,0.0,0.0,1.0,0.0,0.0,0.0,0.0
1410872,0.0,0.0,1.0,0.0,0.0,1.0,0.0
1411372,0.0,0.0,1.0,0.0,0.0,0.0,0.0
1411384,0.0,0.0,1.0,0.0,0.0,1.0,0.0
1411395,0.0,0.0,1.0,0.0,0.0,2.0,0.0
1411895,0.0,0.0,1.0,0.0,0.0,0.0,0.0
1413580,0.0,0.0,1.0,0.0,0.0,1.0,0.0
1414080,0.0,0.0,1.0,0.0,0.0,0.0,0.0
1414241,0.0,0.0,2.0,0.0,0.0,0.0,0.0
1414741,0.0,0.0,0.0,0.0,0.0,0.0,0.0
1416268,0.0,0.0,0.0,0.0,0.0,1.0,0.0
1416435,0.0,0.0,1.0,0.0,0.0,1.0,0.0
1416768,0.0,0.0,1.0,0.0,0.0,0.0,0.0
1416968,0.0,0.0,1.0,0.0,0.0,1.0,0.0
1417468,0.0,0.0,1.0,0.0,0.0,0.0,0.0
1418807,0.0,0.0,1.0,0.0,0.0,1.0,0.0
1419307,0.0,0.0,1.0,0.0,0.0,0.0,0.0
1419435,0.0,0.0,0.0,0.0,0.0,0.0,0.0
1419540,0.0,0.0,0.0,0.0,0.0,1.0,0.0
1419903,0.0,0.0,1.0,0.0,0.0,1.0,0.0
1420040,0.0,0.0,1.0,0.0,0.0,0.0,0.0
1420051,0.0,0.0,1.0,0.0,0.0,1.0,0.0
1420551,0.0,0.0,1.0,0.0,0.0,0.0,0.0
1420692,0.0,0.0,1.0,0.0,0.0,1.0,0.0
1421192,0.0,0.0,1.0,0.0,0.0,0.0,0.0
1421403,0.0,0.0,0.0,0.0,0.0,0.0,0.0
1421724,0.0,0.0,0.0,0.0,0.0,1.0,0.0
1422224,0.0,0.0,0.0,0.0,0.0,0.0,0.0
1422230,0.0,0.0,0.0,0.0,0.0,1.0,0.0
1422730,0.0,0.0,0.0,0.0,0.0,0.0,0.0
1423191,0.0,0.0,0.0,0.0,0.0,1.0,0.0
1423197,0.0,0.0,0.0,0.0,1.0,1.0,0.0
1423200,0.0,0.0,0.0,0.0,1.0,2.0,0.0
1423697,0.0,0.0,0.0,0.0,0.0,2.0,0.0
1423700,0.0,0.0,0.0,0.0,0.0,0.0,0.0
1423711,0.0,0.0,0.0,0.0,0.0,1.0,0.0
1424211,0.0,0.0,0.0,0.0,0.0,0.0,0.0
1424574,0.0,0.0,0.0,0.0,0.0,1.0,0.0
1425074,0.0,0.0,0.0,0.0,0.0,0.0,0.0
1425809,0.0,0.0,0.0,0.0,1.0,0.0,0.0
1425810,0.0,0.0,0.0,0.0,2.0,0.0,0.0
1426310,0.0,0.0,0.0,0.0,0.0,0.0,0.0
1426920,0.0,0.0,0.0,0.0,0.0,1.0,0.0
1427420,0.0,0.0,0.0,0.0,0.0,0.0,0.0
1427552,0.0,0.0,0.0,0.0,0.0,1.0,0.0
1428052,0.0,0.0,0.0,0.0,0.0,0.0,0.0
1429682,0.0,0.0,0.0,0.0,0.0,1.0,0.0
1430182,0.0,0.0,0.0,0.0,0.0,0.0,0.0
1431209,0.0,0.0,0.0,0.0,0.0,1.0,0.0
1431709,0.0,0.0,0.0,0.0,0.0,0.0,0.0
1432861,0.0,0.0,0.0,0.0,0.0,1.0,0.0
1433147,0.0,0.0,0.0,0.0,1.0,1.0,0.0
1433361,0.0,0.0,0.0,0.0,1.0,0.0,0.0
1433647,0.0,0.0,0.0,0.0,0.0,0.0,0.0
1435328,0.0,0.0,0.0,0.0,0.0,1.0,0.0
1435654,0.0,0.0,0.0,0.0,0.0,2.0,0.0
1436154,0.0,0.0,0.0,0.0,0.0,1.0,0.0
1436654,0.0,0.0,0.0,0.0,0.0,0.0,0.0
1436758,0.0,0.0,0.0,0.0,0.0,1.0,0.0
1436774,0.0,2.0,0.0,0.0,0.0,1.0,0.0
1437258,0.0,2.0,0.0,0.0,0.0,0.0,0.0
1437274,0.0,0.0,0.0,0.0,0.0,0.0,0.0
1439108,0.0,0.0,0.0,0.0,0.0,1.0,0.0
1439608,0.0,0.0,0.0,0.0,0.0,0.0,0.0
1439916,0.0,0.0,0.0,0.0,0.0,1.0,0.0
1439918,0.0,0.0,0.0,0.0,0.0,2.0,0.0
1440216,0.0,2.0,0.0,0.0,0.0,2.0,0.0
1440418,0.0,2.0,0.0,0.0,0.0,0.0,0.0
1440690,0.0,2.0,0.0,0.0,0.0,1.0,0.0
1440716,0.0,0.0,0.0,0.0,0.0,1.0,0.0
1441190,0.0,0.0,0.0,0.0,0.0,0.0,0.0
1443082,0.0,0.0,0.0,0.0,0.0,1.0,0.0
1443084,0.0,0.0,0.0,0.0,0.0,2.0,0.0
1443584,0.0,0.0,0.0,0.0,0.0,0.0,0.0
1444836,0.0,0.0,0.0,0.0,0.0,1.0,0.0
1444907,0.0,0.0,1.0,0.0,0.0,1.0,0.0
1445336,0.0,0.0,1.0,0.0,0.0,0.0,0.0
1445407,0.0,0.0,0.0,0.0,0.0,0.0,0.0
1446206,0.0,0.0,0.0,0.0,0.0,1.0,0.0
1446706,0.0,0.0,0.0,0.0,0.0,0.0,0.0
1447086,0.0,0.0,0.0,0.0,0.0,1.0,0.0
1447586,0.0,0.0,0.0,0.0,0.0,0.0,0.0
1449759,0.0,0.0,0.0,0.0,0.0,1.0,0.0
1450259,0.0,0.0,0.0,0.0,0.0,0.0,0.0
1452463,0.0,0.0,0.0,0.0,0.0,1.0,0.0
1452963,0.0,0.0,0.0,0.0,0.0,0.0,0.0
1453502,0.0,0.0,0.0,0.0,0.0,1.0,0.0
1453512,0.0,0.0,0.0,0.0,0.0,2.0,0.0
1454012,0.0,0.0,0.0,0.0,0.0,0.0,0.0
1455071,0.0,0.0,0.0,0.0,0.0,1.0,0.0
1455571,0.0,0.0,0.0,0.0,0.0,0.0,0.0
1456095,0.0,0.0,0.0,0.0,0.0,1.0,0.0
1456152,0.0,0.0,0.0,0.0,0.0,2.0,0.0
1456652,0.0,0.0,0.0,0.0,0.0,0.0,0.0
1456757,0.0,0.0,0.0,0.0,0.0,1.0,0.0
1457257,0.0,0.0,0.0,0.0,0.0,0.0,0.0
1458030,0.0,0.0,0.0,0.0,0.0,1.0,0.0
1458031,0.0,0.0,0.0,0.0,1.0,1.0,0.0
1458035,0.0,0.0,0.0,0.0,1.0,2.0,0.0
1458038,0.0,0.0,0.0,0.0,2.0,2.0,0.0
1458535,0.0,0.0,0.0,0.0,2.0,0.0,0.0
1458538,0.0,0.0,0.0,0.0,0.0,0.0,0.0
1458598,0.0,0.0,0.0,0.0,0.0,1.0,0.0
1458599,0.0,0.0,0.0,0.0,0.0,2.0,0.0
1459099,0.0,0.0,0.0,0.0,0.0,0.0,0.0
1459609,0.0,0.0,0.0,0.0,0.0,1.0,0.0
1460109,0.0,0.0,0.0,0.0,0.0,0.0,0.0
1460566,0.0,0.0,0.0,0.0,0.0,1.0,0.0
1461066,0.0,0.0,0.0,0.0,0.0,0.0,0.0
1461453,0.0,0.0,0.0,0.0,0.0,1.0,0.0
1461914,0.0,0.0,0.0,0.0,0.0,2.0,0.0
1462414,0.0,0.0,0.0,0.0,0.0,0.0,0.0
1464550,0.0,0.0,0.0,0.0,0.0,1.0,0.0
1465050,0.0,0.0,0.0,0.0,0.0,0.0,0.0
1465680,0.0,0.0,0.0,0.0,0.0,1.0,0.0
1466180,0.0,0.0,0.0,0.0,0.0,0.0,0.0
1467277,0.0,0.0,0.0,0.0,0.0,1.0,0.0
1467777,0.0,0.0,0.0,0.0,0.0,0.0,0.0
1468725,0.0,0.0,0.0,0.0,0.0,1.0,0.0
1469225,0.0,0.0,0.0,0.0,0.0,0.0,0.0
1469607,0.0,0.0,0.0,0.0,0.0,1.0,0.0
1469732,0.0,0.0,0.0,0.0,0.0,2.0,0.0
1470151,0.0,0.0,0.0,0.0,1.0,2.0,0.0
1470232,0.0,0.0,0.0,0.0,1.0,0.0,0.0
1470239,0.0,0.0,0.0,0.0,1.0,1.0,0.0
1470651,0.0,0.0,0.0,0.0,0.0,1.0,0.0
1470739,0.0,0.0,0.0,0.0,0.0,0.0,0.0
1470814,0.0,0.0,0.0,0.0,0.0,1.0,0.0
1471314,0.0,0.0,0.0,0.0,0.0,0.0,0.0
1472157,0.0,0.0,0.0,0.0,0.0,1.0,0.0
1472657,0.0,0.0,0.0,0.0,0.0,0.0,0.0
1472959,0.0,0.0,0.0,0.0,0.0,1.0,0.0
1473459,0.0,0.0,0.0,0.0,0.0,0.0,0.0
1474753,0.0,0.0,0.0,0.0,0.0,1.0,0.0
1475253,0.0,0.0,0.0,0.0,0.0,0.0,0.0
1475588,0.0,0.0,0.0,0.0,0.0,1.0,0.0
1476088,0.0,0.0,0.0,0.0,0.0,0.0,0.0
1476549,0.0,0.0,0.0,0.0,0.0,1.0,0.0
1476578,0.0,0.0,0.0,0.0,0.0,2.0,0.0
1477078,0.0,0.0,0.0,0.0,0.0,0.0,0.0
1477265,0.0,0.0,0.0,0.0,0.0,1.0,0.0
1477765,0.0,0.0,0.0,0.0,0.0,0.0,0.0
1480303,0.0,0.0,0.0,0.0,0.0,1.0,0.0
1480803,0.0,0.0,0.0,0.0,0.0,0.0,0.0
1481583,0.0,0.0,0.0,0.0,0.0,1.0,0.0
1482083,0.0,0.0,0.0,0.0,0.0,0.0,0.0
1482963,0.0,0.0,0.0,0.0,1.0,0.0,0.0
1483125,0.0,0.0,0.0,0.0,1.0,1.0,0.0
1483463,0.0,0.0,0.0,0.0,0.0,1.0,0.0
1483625,0.0,0.0,0.0,0.0,0.0,0.0,0.0
1484456,0.0,0.0,0.0,0.0,0.0,1.0,0.0
1484956,0.0,0.0,0.0,0.0,0.0,0.0,0.0
1485946,0.0,0.0,0.0,0.0,0.0,1.0,0.0
1486446,0.0,0.0,0.0,0.0,0.0,0.0,0.0
1487049,0.0,0.0,0.0,0.0,0.0,1.0,0.0
1487549,0.0,0.0,0.0,0.0,0.0,0.0,0.0
1488539,0.0,0.0,0.0,0.0,0.0,1.0,0.0
1488990,0.0,0.0,0.0,0.0,0.0,2.0,0.0
1489490,0.0,0.0,0.0,0.0,0.0,0.0,0.0
1489674,0.0,0.0,0.0,0.0,0.0,1.0,0.0
1490174,0.0,0.0,0.0,0.0,0.0,0.0,0.0
1490462,0.0,0.0,0.0,0.0,0.0,1.0,0.0
1490962,0.0,0.0,0.0,0.0,0.0,0.0,0.0
1491170,0.0,0.0,0.0,0.0,0.0,1.0,0.0
1491174,0.0,0.0,0.0,0.0,0.0,2.0,0.0
1491674,0.0,0.0,0.0,0.0,0.0,0.0,0.0
1491745,0.0,2.0,0.0,0.0,0.0,0.0,0.0
1492245,0.0,0.0,0.0,0.0,0.0,0.0,0.0
1492760,0.0,0.0,0.0,0.0,0.0,1.0,0.0
1493117,0.0,0.0,0.0,0.0,0.0,2.0,0.0
1493617,0.0,0.0,0.0,0.0,0.0,0.0,0.0
1493679,0.0,0.0,0.0,0.0,0.0,1.0,0.0
1494179,0.0,0.0,0.0,0.0,0.0,0.0,0.0
1495066,0.0,0.0,0.0,0.0,0.0,1.0,0.0
1495566,0.0,0.0,0.0,0.0,0.0,0.0,0.0
1495579,0.0,0.0,0.0,0.0,0.0,1.0,0.0
1496079,0.0,0.0,0.0,0.0,0.0,0.0,0.0
1496350,0.0,0.0,0.0,0.0,0.0,1.0,0.0
1496850,0.0,0.0,0.0,0.0,0.0,0.0,0.0
1497358,0.0,0.0,0.0,0.0,0.0,1.0,0.0
1497858,0.0,0.0,0.0,0.0,0.0,0.0,0.0
1498902,0.0,0.0,0.0,0.0,0.0,1.0,0.0
1498909,0.0,0.0,0.0,0.0,0.0,2.0,0.0
1499409,0.0,0.0,0.0,0.0,0.0,0.0,0.0
1499802,0.0,0.0,0.0,0.0,0.0,1.0,0.0
1500302,0.0,0.0,0.0,0.0,0.0,0.0,0.0
1501388,0.0,0.0,0.0,0.0,0.0,1.0,0.0
1501390,0.0,0.0,0.0,0.0,0.0,2.0,0.0
1501890,0.0,0.0,0.0,0.0,0.0,0.0,0.0
1502665,0.0,0.0,0.0,0.0,0.0,1.0,0.0
1503165,0.0,0.0,0.0,0.0,0.0,0.0,0.0
1503669,0.0,0.0,0.0,0.0,0.0,1.0,0.0
1504169,0.0,0.0,0.0,0.0,0.0,0.0,0.0
1517133,0.0,0.0,0.0,0.0,0.0,1.0,0.0
1517633,0.0,0.0,0.0,0.0,0.0,0.0,0.0
1517742,0.0,0.0,0.0,0.0,0.0,1.0,0.0
1518242,0.0,0.0,0.0,0.0,0.0,0.0,0.0
1518835,0.0,0.0,0.0,0.0,0.0,1.0,0.0
1519300,0.0,0.0,0.0,0.0,1.0,1.0,0.0
1519335,0.0,0.0,0.0,0.0,1.0,0.0,0.0
1519800,0.0,0.0,0.0,0.0,0.0,0.0,0.0
1520374,0.0,0.0,0.0,0.0,0.0,1.0,0.0
1520874,0.0,0.0,0.0,0.0,0.0,0.0,0.0
1522410,0.0,0.0,0.0,0.0,0.0,1.0,0.0
1522910,0.0,0.0,0.0,0.0,0.0,0.0,0.0
1526596,0.0,0.0,0.0,0.0,0.0,1.0,0.0
1527096,0.0,0.0,0.0,0.0,0.0,0.0,0.0
1529594,0.0,0.0,0.0,0.0,0.0,1.0,0.0
1529597,0.0,0.0,0.0,0.0,1.0,1.0,0.0
1530094,0.0,0.0,0.0,0.0,1.0,0.0,0.0
1530097,0.0,0.0,0.0,0.0,0.0,0.0,0.0
1531028,0.0,0.0,0.0,0.0,0.0,1.0,0.0
1531121,0.0,0.0,0.0,0.0,0.0,2.0,0.0
1531621,0.0,0.0,0.0,0.0,0.0,0.0,0.0
1533549,0.0,0.0,0.0,0.0,1.0,0.0,0.0
1534049,0.0,0.0,0.0,0.0,0.0,0.0,0.0
1534152,0.0,0.0,0.0,0.0,0.0,1.0,0.0
1534652,0.0,0.0,0.0,0.0,0.0,0.0,0.0
1537048,0.0,0.0,0.0,0.0,0.0,1.0,0.0
1537548,0.0,0.0,0.0,0.0,0.0,0.0,0.0
1539124,0.0,0.0,0.0,0.0,0.0,1.0,0.0
1539624,0.0,0.0,0.0,0.0,0.0,0.0,0.0
1540797,0.0,0.0,0.0,0.0,0.0,1.0,0.0
1541297,0.0,0.0,0.0,0.0,0.0,0.0,0.0
1541444,0.0,0.0,0.0,0.0,0.0,1.0,0.0
1541944,0.0,0.0,0.0,0.0,0.0,0.0,0.0
1549628,0.0,0.0,0.0,0.0,0.0,1.0,0.0
1550128,0.0,0.0,0.0,0.0,0.0,0.0,0.0
1550756,0.0,0.0,0.0,0.0,0.0,1.0,0.0
1550758,0.0,0.0,0.0,0.0,0.0,2.0,0.0
1551258,0.0,0.0,0.0,0.0,0.0,0.0,0.0
1551556,0.0,0.0,0.0,0.0,0.0,1.0,0.0
1551560,0.0,0.0,0.0,0.0,0.0,2.0,0.0
1552060,0.0,0.0,0.0,0.0,0.0,0.0,0.0
1552729,0.0,0.0,0.0,0.0,0.0,1.0,0.0
1553229,0.0,0.0,0.0,0.0,0.0,0.0,0.0
1554833,0.0,0.0,0.0,0.0,0.0,1.0,0.0
1554835,0.0,0.0,0.0,0.0,0.0,2.0,0.0
1555335,0.0,0.0,0.0,0.0,0.0,0.0,0.0
1556409,0.0,0.0,0.0,0.0,0.0,1.0,0.0
1556909,0.0,0.0,0.0,0.0,0.0,0.0,0.0
1560919,0.0,0.0,0.0,0.0,0.0,1.0,0.0
1561419,0.0,0.0,0.0,0.0,0.0,0.0,0.0
1562225,0.0,0.0,0.0,0.0,0.0,1.0,0.0
1562725,0.0,0.0,0.0,0.0,0.0,0.0,0.0
1565493,0.0,0.0,0.0,0.0,0.0,1.0,0.0
1565628,0.0,0.0,0.0,0.0,0.0,2.0,0.0
1566128,0.0,0.0,0.0,0.0,0.0,0.0,0.0
1566403,0.0,0.0,0.0,0.0,0.0,1.0,0.0
1566903,0.0,0.0,0.0,0.0,0.0,0.0,0.0
1571115,0.0,0.0,0.0,0.0,0.0,1.0,0.0
1571615,0.0,0.0,0.0,0.0,0.0,0.0,0.0
1574478,0.0,0.0,0.0,0.0,0.0,1.0,0.0
1574978,0.0,0.0,0.0,0.0,0.0,0.0,0.0
1575117,0.0,0.0,0.0,0.0,0.0,1.0,0.0
1575617,0.0,0.0,0.0,0.0,0.0,0.0,0.0
1576133,0.0,0.0,0.0,0.0,0.0,1.0,0.0
1576633,0.0,0.0,0.0,0.0,0.0,0.0,0.0
1579445,0.0,0.0,0.0,0.0,0.0,1.0,0.0
1579945,0.0,0.0,0.0,0.0,0.0,0.0,0.0
1582770,0.0,0.0,0.0,0.0,0.0,1.0,0.0
1582772,0.0,0.0,0.0,0.0,0.0,2.0,0.0
1583272,0.0,0.0,0.0,0.0,0.0,0.0,0.0
1586672,0.0,0.0,0.0,0.0,0.0,1.0,0.0
1587172,0.0,0.0,0.0,0.0,0.0,0.0,0.0
1587181,0.0,0.0,0.0,0.0,0.0,1.0,0.0
1587681,0.0,0.0,0.0,0.0,0.0,0.0,0.0
1589040,0.0,0.0,0.0,0.0,0.0,1.0,0.0
1589540,0.0,0.0,0.0,0.0,0.0,0.0,0.0
1589961,0.0,0.0,0.0,0.0,0.0,1.0,0.0
1590461,0.0,0.0,0.0,0.0,0.0,0.0,0.0
1591375,0.0,0.0,0.0,0.0,0.0,1.0,0.0
1591875,0.0,0.0,0.0,0.0,0.0,0.0,0.0
1592555,0.0,0.0,0.0,0.0,0.0,1.0,0.0
1592563,0.0,0.0,0.0,0.0,1.0,1.0,0.0
1593055,0.0,0.0,0.0,0.0,1.0,0.0,0.0
1593063,0.0,0.0,0.0,0.0,0.0,0.0,0.0
1593227,0.0,0.0,0.0,0.0,0.0,1.0,0.0
1593727,0.0,0.0,0.0,0.0,0.0,0.0,0.0
1593784,0.0,0.0,0.0,0.0,0.0,1.0,0.0
1594284,0.0,0.0,0.0,0.0,0.0,0.0,0.0
1594905,0.0,0.0,0.0,0.0,0.0,1.0,0.0
1595405,0.0,0.0,0.0,0.0,0.0,0.0,0.0
1596706,0.0,0.0,0.0,0.0,0.0,1.0,0.0
1597206,0.0,0.0,0.0,0.0,0.0,0.0,0.0
1597491,0.0,0.0,0.0,0.0,0.0,1.0,0.0
1597991,0.0,0.0,0.0,0.0,0.0,0.0,0.0
1598312,0.0,0.0,0.0,0.0,0.0,1.0,0.0
1598812,0.0,0.0,0.0,0.0,0.0,0.0,0.0
1598989,0.0,0.0,0.0,0.0,0.0,1.0,0.0
1599489,0.0,0.0,0.0,0.0,0.0,0.0,0.0
1599849,0.0,0.0,0.0,0.0,0.0,1.0,0.0
1600349,0.0,0.0,0.0,0.0,0.0,0.0,0.0
1601500,0.0,0.0,0.0,0.0,0.0,0.0,1.0
1601603,0.0,0.0,0.0,0.0,0.0,1.0,1.0
1602000,0.0,0.0,0.0,0.0,0.0,1.0,0.0
1602103,0.0,0.0,0.0,0.0,0.0,0.0,0.0
1602109,0.0,0.0,0.0,0.0,0.0,1.0,0.0
1602446,0.0,2.0,0.0,0.0,0.0,1.0,0.0
1602463,2.0,2.0,0.0,0.0,0.0,1.0,0.0
1602468,2.0,2.0,0.0,0.0,0.0,2.0,0.0
1602946,2.0,0.0,0.0,0.0,0.0,2.0,0.0
1602963,0.0,0.0,0.0,0.0,0.0,2.0,0.0
1602968,0.0,0.0,0.0,0.0,0.0,0.0,0.0
1603071,2.0,0.0,0.0,0.0,0.0,0.0,0.0
1603229,2.0,0.0,0.0,0.0,0.0,1.0,0.0
1603386,2.0,0.0,0.0,0.0,1.0,1.0,0.0
1603571,0.0,0.0,0.0,0.0,1.0,1.0,0.0
1603729,0.0,0.0,0.0,0.0,1.0,0.0,0.0
1603995,0.0,0.0,0.0,0.0,1.0,1.0,0.0
1604033,0.0,0.0,0.0,0.0,2.0,1.0,0.0
1604495,0.0,0.0,0.0,0.0,2.0,0.0,0.0
1604533,0.0,0.0,0.0,0.0,0.0,0.0,0.0
1604592,0.0,0.0,0.0,0.0,0.0,1.0,0.0
1604607,2.0,0.0,0.0,0.0,0.0,1.0,0.0
1605092,2.0,0.0,0.0,0.0,0.0,0.0,0.0
1605107,0.0,0.0,0.0,0.0,0.0,0.0,0.0
1606633,0.0,0.0,0.0,0.0,0.0,1.0,0.0
1607133,0.0,0.0,0.0,0.0,0.0,0.0,0.0
1607675,0.0,0.0,0.0,0.0,0.0,1.0,0.0
1608175,0.0,0.0,0.0,0.0,0.0,0.0,0.0
1608717,0.0,0.0,1.0,0.0,0.0,0.0,0.0
1608892,0.0,0.0,1.0,0.0,0.0,1.0,0.0
1608895,2.0,0.0,1.0,0.0,0.0,1.0,0.0
1608897,2.0,0.0,1.0,0.0,0.0,2.0,0.0
1609395,0.0,0.0,1.0,0.0,0.0,2.0,0.0
1609397,0.0,0.0,1.0,0.0,0.0,0.0,0.0
1609723,0.0,0.0,1.0,0.0,0.0,1.0,0.0
1609725,0.0,0.0,1.0,0.0,0.0,2.0,0.0
1609791,2.0,0.0,1.0,0.0,0.0,2.0,0.0
1610225,2.0,0.0,1.0,0.0,0.0,0.0,0.0
1610291,0.0,0.0,1.0,0.0,0.0,0.0,0.0
1611381,0.0,0.0,1.0,0.0,0.0,1.0,0.0
1611881,0.0,0.0,1.0,0.0,0.0,0.0,0.0
1612465,0.0,0.0,1.0,0.0,0.0,1.0,0.0
1612467,0.0,0.0,1.0,0.0,0.0,2.0,0.0
1612967,0.0,0.0,1.0,0.0,0.0,0.0,0.0
1613084,0.0,0.0,1.0,0.0,0.0,1.0,0.0
1613477,0.0,2.0,1.0,0.0,0.0,1.0,0.0
1613584,0.0,2.0,1.0,0.0,0.0,0.0,0.0
1613653,0.0,2.0,1.0,0.0,0.0,1.0,0.0
1613660,0.0,2.0,2.0,0.0,0.0,1.0,0.0
1613977,0.0,0.0,2.0,0.0,0.0,1.0,0.0
1614153,0.0,0.0,2.0,0.0,0.0,0.0,0.0
1614160,0.0,0.0,0.0,0.0,0.0,0.0,0.0
1614243,0.0,0.0,1.0,0.0,0.0,0.0,0.0
1616243,0.0,0.0,0.0,0.0,0.0,0.0,0.0
1616298,0.0,0.0,1.0,0.0,0.0,0.0,0.0
1616977,0.0,0.0,1.0,0.0,0.0,1.0,0.0
1616978,0.0,0.0,1.0,0.0,0.0,2.0,0.0
1617478,0.0,0.0,1.0,0.0,0.0,0.0,0.0
1618381,0.0,0.0,1.0,0.0,0.0,1.0,0.0
1618385,0.0,0.0,1.0,0.0,0.0,2.0,0.0
1618885,0.0,0.0,1.0,0.0,0.0,0.0,0.0
1619841,0.0,0.0,1.0,0.0,0.0,1.0,0.0
1620341,0.0,0.0,1.0,0.0,0.0,0.0,0.0
1623072,0.0,0.0,1.0,0.0,0.0,1.0,0.0
1623572,0.0,0.0,1.0,0.0,0.0,0.0,0.0
1623686,0.0,0.0,1.0,0.0,0.0,1.0,0.0
1624186,0.0,0.0,1.0,0.0,0.0,0.0,0.0
1624298,0.0,0.0,0.0,0.0,0.0,0.0,0.0
1627052,0.0,0.0,0.0,0.0,0.0,1.0,0.0
1627552,0.0,0.0,0.0,0.0,0.0,0.0,0.0
1627729,0.0,0.0,0.0,0.0,1.0,0.0,0.0
1627911,0.0,0.0,0.0,0.0,2.0,0.0,0.0
1627912,0.0,0.0,0.0,0.0,2.0,1.0,0.0
1628411,0.0,0.0,0.0,0.0,0.0,1.0,0.0
1628412,0.0,0.0,0.0,0.0,0.0,0.0,0.0
1629596,0.0,0.0,0.0,0.0,0.0,1.0,0.0
1630096,0.0,0.0,0.0,0.0,0.0,0.0,0.0
1630485,0.0,0.0,0.0,0.0,0.0,1.0,0.0
1630985,0.0,0.0,0.0,0.0,0.0,0.0,0.0
1631112,0.0,0.0,0.0,0.0,0.0,1.0,0.0
1631612,0.0,0.0,0.0,0.0,0.0,0.0,0.0
1632064,0.0,0.0,0.0,0.0,0.0,1.0,0.0
1632564,0.0,0.0,0.0,0.0,0.0,0.0,0.0
1635049,0.0,0.0,0.0,0.0,0.0,1.0,0.0
1635549,0.0,0.0,0.0,0.0,0.0,0.0,0.0
1635755,0.0,0.0,0.0,0.0,0.0,1.0,0.0
1636255,0.0,0.0,0.0,0.0,0.0,0.0,0.0
1636888,0.0,0.0,0.0,0.0,1.0,0.0,0.0
1636889,0.0,0.0,0.0,0.0,2.0,0.0,0.0
1637067,0.0,0.0,0.0,0.0,2.0,1.0,0.0
1637068,0.0,0.0,0.0,0.0,2.0,2.0,0.0
1637389,0.0,0.0,0.0,0.0,0.0,2.0,0.0
1637568,0.0,0.0,0.0,0.0,0.0,0.0,0.0
1638136,0.0,0.0,0.0,0.0,0.0,1.0,0.0
1638636,0.0,0.0,0.0,0.0,0.0,0.0,0.0
1639170,0.0,0.0,0.0,0.0,0.0,1.0,0.0
1639181,0.0,0.0,0.0,0.0,0.0,2.0,0.0
1639681,0.0,0.0,0.0,0.0,0.0,0.0,0.0
1640288,0.0,0.0,0.0,0.0,0.0,1.0,0.0
1640788,0.0,0.0,0.0,0.0,0.0,0.0,0.0
1641630,0.0,0.0,0.0,0.0,0.0,1.0,0.0
1642130,0.0,0.0,0.0,0.0,0.0,0.0,0.0
1642579,0.0,0.0,0.0,0.0,0.0,1.0,0.0
1643032,0.0,0.0,0.0,0.0,0.0,2.0,0.0
1643532,0.0,0.0,0.0,0.0,0.0,0.0,0.0
1645622,0.0,0.0,0.0,0.0,0.0,1.0,0.0
1646122,0.0,0.0,0.0,0.0,0.0,0.0,0.0
1647564,0.0,0.0,0.0,0.0,0.0,1.0,0.0
1648064,0.0,0.0,0.0,0.0,0.0,0.0,0.0
1648374,0.0,0.0,0.0,0.0,0.0,1.0,0.0
1648383,0.0,0.0,0.0,0.0,0.0,2.0,0.0
1648410,0.0,0.0,0.0,0.0,1.0,2.0,0.0
1648424,0.0,0.0,0.0,0.0,2.0,2.0,0.0
1648883,0.0,0.0,0.0,0.0,2.0,0.0,0.0
1648924,0.0,0.0,0.0,0.0,0.0,0.0,0.0
1649584,0.0,0.0,0.0,0.0,1.0,0.0,0.0
1650084,0.0,0.0,0.0,0.0,0.0,0.0,0.0
1650354,0.0,0.0,0.0,0.0,0.0,1.0,0.0
1650854,0.0,0.0,0.0,0.0,0.0,0.0,0.0
1651309,0.0,0.0,0.0,0.0,0.0,1.0,0.0
1651809,0.0,0.0,0.0,0.0,0.0,0.0,0.0
1652023,0.0,0.0,0.0,0.0,0.0,1.0,0.0
1652523,0.0,0.0,0.0,0.0,0.0,0.0,0.0
1652888,0.0,0.0,0.0,0.0,0.0,1.0,0.0
1653388,0.0,0.0,0.0,0.0,0.0,0.0,0.0
1654094,0.0,0.0,0.0,0.0,0.0,1.0,0.0
1654594,0.0,0.0,0.0,0.0,0.0,0.0,0.0
1655017,0.0,0.0,0.0,0.0,0.0,1.0,0.0
1655021,0.0,0.0,0.0,0.0,0.0,2.0,0.0
1655521,0.0,0.0,0.0,0.0,0.0,0.0,0.0
1658407,0.0,0.0,0.0,0.0,0.0,1.0,0.0
1658907,0.0,0.0,0.0,0.0,0.0,0.0,0.0
1659005,0.0,0.0,0.0,0.0,0.0,1.0,0.0
1659505,0.0,0.0,0.0,0.0,0.0,0.0,0.0
1659514,0.0,0.0,0.0,0.0,0.0,1.0,0.0
1660014,0.0,0.0,0.0,0.0,0.0,0.0,0.0
1660062,0.0,0.0,0.0,0.0,0.0,1.0,0.0
1660562,0.0,0.0,0.0,0.0,0.0,0.0,0.0
1663152,0.0,0.0,0.0,0.0,0.0,1.0,0.0
1663535,0.0,0.0,0.0,0.0,0.0,2.0,0.0
1664035,0.0,0.0,0.0,0.0,0.0,0.0,0.0
1664283,0.0,0.0,0.0,0.0,0.0,1.0,0.0
1664783,0.0,0.0,0.0,0.0,0.0,0.0,0.0
1666430,0.0,0.0,0.0,0.0,0.0,1.0,0.0
1666930,0.0,0.0,0.0,0.0,0.0,0.0,0.0
1667343,0.0,0.0,0.0,0.0,0.0,1.0,0.0
1667345,0.0,0.0,0.0,0.0,0.0,2.0,0.0
1667845,0.0,0.0,0.0,0.0,0.0,0.0,0.0
1668607,0.0,0.0,0.0,0.0,0.0,1.0,0.0
1669107,0.0,0.0,0.0,0.0,0.0,0.0,0.0
1669151,0.0,0.0,0.0,0.0,0.0,1.0,0.0
1669651,0.0,0.0,0.0,0.0,0.0,0.0,0.0
1669659,0.0,0.0,0.0,0.0,0.0,1.0,0.0
1670159,0.0,0.0,0.0,0.0,0.0,0.0,0.0
1670395,0.0,0.0,0.0,0.0,0.0,1.0,0.0
1670895,0.0,0.0,0.0,0.0,0.0,0.0,0.0
1672790,0.0,0.0,0.0,0.0,0.0,1.0,0.0
1673032,0.0,0.0,0.0,0.0,0.0,2.0,0.0
1673532,0.0,0.0,0.0,0.0,0.0,0.0,0.0
1674185,0.0,0.0,0.0,0.0,0.0,1.0,0.0
1674685,0.0,0.0,0.0,0.0,0.0,0.0,0.0
1674805,0.0,0.0,0.0,0.0,0.0,1.0,0.0
1675305,0.0,0.0,0.0,0.0,0.0,0.0,0.0
1676402,0.0,0.0,0.0,0.0,0.0,1.0,0.0
1676412,0.0,0.0,0.0,0.0,0.0,2.0,0.0
1676912,0.0,0.0,0.0,0.0,0.0,0.0,0.0
1678618,0.0,0.0,0.0,0.0,0.0,1.0,0.0
1679118,0.0,0.0,0.0,0.0,0.0,0.0,0.0
1679394,0.0,0.0,0.0,0.0,0.0,1.0,0.0
1679894,0.0,0.0,0.0,0.0,0.0,0.0,0.0
1680098,0.0,0.0,0.0,0.0,0.0,1.0,0.0
1680598,0.0,0.0,0.0,0.0,0.0,0.0,0.0
1681256,0.0,0.0,0.0,0.0,0.0,1.0,0.0
1681756,0.0,0.0,0.0,0.0,0.0,0.0,0.0
1681872,0.0,0.0,0.0,0.0,1.0,1.0,0.0
1681883,0.0,0.0,0.0,0.0,1.0,2.0,0.0
1682372,0.0,0.0,0.0,0.0,0.0,2.0,0.0
1682383,0.0,0.0,0.0,0.0,0.0,0.0,0.0
1682891,0.0,0.0,0.0,0.0,0.0,1.0,0.0
1683391,0.0,0.0,0.0,0.0,0.0,0.0,0.0
1684751,0.0,0.0,0.0,0.0,0.0,1.0,0.0
1685251,0.0,0.0,0.0,0.0,0.0,0.0,0.0
1687101,0.0,0.0,0.0,0.0,0.0,1.0,0.0
1687339,0.0,0.0,0.0,0.0,0.0,2.0,0.0
1687839,0.0,0.0,0.0,0.0,0.0,0.0,0.0
1688135,0.0,0.0,0.0,0.0,0.0,1.0,0.0
1688635,0.0,0.0,0.0,0.0,0.0,0.0,0.0
1689863,0.0,0.0,0.0,0.0,0.0,1.0,0.0
1690024,0.0,0.0,0.0,0.0,0.0,2.0,0.0
1690524,0.0,0.0,0.0,0.0,0.0,0.0,0.0
1690539,0.0,0.0,0.0,0.0,0.0,1.0,0.0
1691039,0.0,0.0,0.0,0.0,0.0,0.0,0.0
1692451,0.0,0.0,0.0,0.0,0.0,1.0,0.0
1692951,0.0,0.0,0.0,0.0,0.0,0.0,0.0
1695150,0.0,0.0,0.0,0.0,0.0,1.0,0.0
1695650,0.0,0.0,0.0,0.0,0.0,0.0,0.0
1697337,0.0,0.0,0.0,0.0,0.0,1.0,0.0
1697837,0.0,0.0,0.0,0.0,0.0,0.0,0.0
1698402,0.0,0.0,0.0,0.0,0.0,1.0,0.0
1698902,0.0,0.0,0.0,0.0,0.0,0.0,0.0
1699166,0.0,0.0,0.0,0.0,0.0,1.0,0.0
1699176,0.0,0.0,0.0,0.0,0.0,2.0,0.0
1699676,0.0,0.0,0.0,0.0,0.0,0.0,0.0
1701203,0.0,0.0,0.0,0.0,0.0,1.0,0.0
1701703,0.0,0.0,0.0,0.0,0.0,0.0,0.0
1706237,0.0,0.0,0.0,0.0,0.0,1.0,0.0
1706737,0.0,0.0,0.0,0.0,0.0,0.0,0.0
1711285,0.0,0.0,0.0,0.0,0.0,1.0,0.0
1711785,0.0,0.0,0.0,0.0,0.0,0.0,0.0
1712948,0.0,0.0,0.0,0.0,0.0,1.0,0.0
1713448,0.0,0.0,0.0,0.0,0.0,0.0,0.0
1714028,0.0,0.0,0.0,0.0,0.0,1.0,0.0
1714528,0.0,0.0,0.0,0.0,0.0,0.0,0.0
1714830,0.0,0.0,0.0,0.0,0.0,1.0,0.0
1715330,0.0,0.0,0.0,0.0,0.0,0.0,0.0
1716652,0.0,0.0,0.0,0.0,0.0,1.0,0.0
1717152,0.0,0.0,0.0,0.0,0.0,0.0,0.0
1720577,0.0,0.0,0.0,0.0,0.0,1.0,0.0
1721077,0.0,0.0,0.0,0.0,0.0,0.0,0.0
1721524,0.0,0.0,0.0,0.0,0.0,1.0,0.0
1721611,0.0,0.0,0.0,0.0,0.0,2.0,0.0
1722111,0.0,0.0,0.0,0.0,0.0,0.0,0.0
1723017,0.0,0.0,0.0,0.0,0.0,1.0,0.0
1723517,0.0,0.0,0.0,0.0,0.0,0.0,0.0
1728904,0.0,0.0,0.0,0.0,0.0,1.0,0.0
1729404,0.0,0.0,0.0,0.0,0.0,0.0,0.0
1729911,0.0,0.0,0.0,0.0,0.0,1.0,0.0
1729914,0.0,0.0,0.0,0.0,0.0,2.0,0.0
1730414,0.0,0.0,0.0,0.0,0.0,0.0,0.0
1732691,0.0,0.0,0.0,0.0,0.0,1.0,0.0
1732696,0.0,0.0,0.0,0.0,0.0,2.0,0.0
1733196,0.0,0.0,0.0,0.0,0.0,0.0,0.0
1734269,0.0,0.0,0.0,0.0,0.0,1.0,0.0
1734769,0.0,0.0,0.0,0.0,0.0,0.0,0.0
1735804,0.0,0.0,0.0,0.0,0.0,1.0,0.0
1736304,0.0,0.0,0.0,0.0,0.0,0.0,0.0
1738008,0.0,0.0,0.0,0.0,0.0,1.0,0.0
1738508,0.0,0.0,0.0,0.0,0.0,0.0,0.0
1740712,0.0,0.0,0.0,0.0,0.0,1.0,0.0
1741212,0.0,0.0,0.0,0.0,0.0,0.0,0.0
1742919,0.0,0.0,0.0,0.0,0.0,1.0,0.0
1743419,0.0,0.0,0.0,0.0,0.0,0.0,0.0
1750886,0.0,0.0,0.0,0.0,0.0,1.0,0.0
1751386,0.0,0.0,0.0,0.0,0.0,0.0,0.0
1756059,0.0,0.0,0.0,0.0,1.0,0.0,0.0
1756559,0.0,0.0,0.0,0.0,0.0,0.0,0.0
1762148,0.0,0.0,0.0,0.0,0.0,1.0,0.0
1762648,0.0,0.0,0.0,0.0,0.0,0.0,0.0
1766597,0.0,0.0,0.0,0.0,0.0,1.0,0.0
1767097,0.0,0.0,0.0,0.0,0.0,0.0,0.0
1769864,0.0,0.0,0.0,0.0,0.0,1.0,0.0
1770364,0.0,0.0,0.0,0.0,0.0,0.0,0.0
1770706,0.0,0.0,0.0,0.0,0.0,1.0,0.0
1771206,0.0,0.0,0.0,0.0,0.0,0.0,0.0
1773102,0.0,0.0,0.0,0.0,0.0,1.0,0.0
1773602,0.0,0.0,0.0,0.0,0.0,0.0,0.0
1779664,0.0,0.0,0.0,0.0,0.0,1.0,0.0
1779666,0.0,0.0,0.0,0.0,0.0,2.0,0.0
1780166,0.0,0.0,0.0,0.0,0.0,0.0,0.0
1780528,0.0,0.0,0.0,0.0,0.0,1.0,0.0
1781028,0.0,0.0,0.0,0.0,0.0,0.0,0.0
1782539,0.0,0.0,0.0,0.0,0.0,1.0,0.0
1782541,0.0,0.0,0.0,0.0,0.0,2.0,0.0
1783041,0.0,0.0,0.0,0.0,0.0,0.0,0.0
1783768,0.0,0.0,0.0,0.0,0.0,1.0,0.0
1784268,0.0,0.0,0.0,0.0,0.0,0.0,0.0
1785179,0.0,0.0,0.0,0.0,0.0,1.0,0.0
1785679,0.0,0.0,0.0,0.0,0.0,0.0,0.0
1785773,0.0,0.0,0.0,0.0,0.0,1.0,0.0
1786273,0.0,0.0,0.0,0.0,0.0,0.0,0.0
1789974,0.0,0.0,0.0,0.0,0.0,1.0,0.0
1790474,0.0,0.0,0.0,0.0,0.0,0.0,0.0
1790509,0.0,0.0,0.0,0.0,0.0,1.0,0.0
1790635,0.0,0.0,0.0,0.0,0.0,2.0,0.0
1791135,0.0,0.0,0.0,0.0,0.0,0.0,0.0
1791597,0.0,0.0,0.0,0.0,1.0,0.0,0.0
1792097,0.0,0.0,0.0,0.0,0.0,0.0,0.0
1794375,0.0,0.0,0.0,0.0,0.0,1.0,0.0
1794875,0.0,0.0,0.0,0.0,0.0,0.0,0.0
1797643,0.0,0.0,0.0,0.0,0.0,1.0,0.0
1798143,0.0,0.0,0.0,0.0,0.0,0.0,0.0
1798789,0.0,0.0,0.0,0.0,0.0,1.0,0.0
1799289,0.0,0.0,0.0,0.0,0.0,0.0,0.0
1800819,0.0,0.0,0.0,0.0,0.0,1.0,0.0
1801319,0.0,0.0,0.0,0.0,0.0,0.0,0.0
1801700,0.0,0.0,0.0,0.0,0.0,0.0,1.0
1801898,0.0,0.0,0.0,0.0,0.0,1.0,1.0
1802042,0.0,0.0,0.0,0.0,0.0,2.0,1.0
1802200,0.0,0.0,0.0,0.0,0.0,2.0,0.0
1802542,0.0,0.0,0.0,0.0,0.0,0.0,0.0
1802943,2.0,0.0,0.0,0.0,0.0,0.0,0.0
1803073,2.0,0.0,0.0,0.0,0.0,1.0,0.0
1803393,2.0,2.0,0.0,0.0,0.0,1.0,0.0
1803443,0.0,2.0,0.0,0.0,0.0,1.0,0.0
1803573,0.0,2.0,0.0,0.0,0.0,0.0,0.0
1803583,2.0,2.0,0.0,0.0,0.0,0.0,0.0
1803816,2.0,2.0,0.0,0.0,1.0,0.0,0.0
1803893,2.0,0.0,0.0,0.0,1.0,0.0,0.0
1804083,0.0,0.0,0.0,0.0,1.0,0.0,0.0
1804816,0.0,0.0,0.0,0.0,2.0,0.0,0.0
1805316,0.0,0.0,0.0,0.0,0.0,0.0,0.0
1805802,0.0,0.0,0.0,0.0,0.0,1.0,0.0
1806302,0.0,0.0,0.0,0.0,0.0,0.0,0.0
1806386,0.0,0.0,0.0,0.0,0.0,1.0,0.0
1806886,0.0,0.0,0.0,0.0,0.0,0.0,0.0
1806896,0.0,0.0,0.0,0.0,0.0,1.0,0.0
1806915,0.0,0.0,0.0,0.0,0.0,2.0,0.0
1807415,0.0,0.0,0.0,0.0,0.0,0.0,0.0
1807895,0.0,0.0,1.0,0.0,0.0,0.0,0.0
1808332,0.0,0.0,1.0,0.0,0.0,1.0,0.0
1808832,0.0,0.0,1.0,0.0,0.0,0.0,0.0
1810174,0.0,0.0,1.0,0.0,0.0,1.0,0.0
1810177,0.0,0.0,1.0,0.0,0.0,2.0,0.0
1810677,0.0,0.0,1.0,0.0,0.0,0.0,0.0
1813586,0.0,0.0,2.0,0.0,0.0,0.0,0.0
1814086,0.0,0.0,0.0,0.0,0.0,0.0,0.0
1814736,0.0,0.0,0.0,0.0,0.0,1.0,0.0
1815004,0.0,0.0,1.0,0.0,0.0,1.0,0.0
1815236,0.0,0.0,1.0,0.0,0.0,0.0,0.0
1815353,0.0,0.0,1.0,0.0,0.0,1.0,0.0
1815504,0.0,0.0,0.0,0.0,0.0,1.0,0.0
1815516,0.0,0.0,1.0,0.0,0.0,1.0,0.0
1815853,0.0,0.0,1.0,0.0,0.0,0.0,0.0
1816016,0.0,0.0,0.0,0.0,0.0,0.0,0.0
1816381,0.0,0.0,0.0,0.0,1.0,0.0,0.0
1816779,0.0,0.0,0.0,0.0,1.0,1.0,0.0
1816881,0.0,0.0,0.0,0.0,0.0,1.0,0.0
1817279,0.0,0.0,0.0,0.0,0.0,0.0,0.0
1818121,0.0,0.0,0.0,0.0,0.0,1.0,0.0
1818409,0.0,0.0,0.0,0.0,1.0,1.0,0.0
1818621,0.0,0.0,0.0,0.0,1.0,0.0,0.0
1818826,0.0,0.0,0.0,0.0,1.0,1.0,0.0
1818899,0.0,0.0,0.0,0.0,1.0,2.0,0.0
1818909,0.0,0.0,0.0,0.0,0.0,2.0,0.0
1819399,0.0,0.0,0.0,0.0,0.0,0.0,0.0
1821243,0.0,0.0,0.0,0.0,1.0,0.0,0.0
1821743,0.0,0.0,0.0,0.0,0.0,0.0,0.0
1822761,0.0,0.0,0.0,0.0,0.0,1.0,0.0
1823261,0.0,0.0,0.0,0.0,0.0,0.0,0.0
1825423,0.0,0.0,0.0,0.0,0.0,1.0,0.0
1825923,0.0,0.0,0.0,0.0,0.0,0.0,0.0
1827073,0.0,0.0,0.0,0.0,0.0,1.0,0.0
1827573,0.0,0.0,0.0,0.0,0.0,0.0,0.0
1828258,0.0,0.0,0.0,0.0,0.0,1.0,0.0
1828758,0.0,0.0,0.0,0.0,0.0,0.0,0.0
1829509,0.0,0.0,0.0,0.0,1.0,0.0,0.0
1829657,0.0,0.0,0.0,0.0,1.0,1.0,0.0
1829659,0.0,0.0,0.0,0.0,1.0,2.0,0.0
1830009,0.0,0.0,0.0,0.0,0.0,2.0,0.0
1830159,0.0,0.0,0.0,0.0,0.0,0.0,0.0
1830400,0.0,0.0,0.0,0.0,0.0,1.0,0.0
1830900,0.0,0.0,0.0,0.0,0.0,0.0,0.0
1831297,0.0,0.0,0.0,0.0,0.0,1.0,0.0
1831618,0.0,0.0,0.0,0.0,0.0,2.0,0.0
1832118,0.0,0.0,0.0,0.0,0.0,0.0,0.0
1832593,0.0,0.0,0.0,0.0,0.0,1.0,0.0
1833093,0.0,0.0,0.0,0.0,0.0,0.0,0.0
1833249,0.0,0.0,0.0,0.0,0.0,1.0,0.0
1833749,0.0,0.0,0.0,0.0,0.0,0.0,0.0
1834448,0.0,0.0,0.0,0.0,0.0,1.0,0.0
1834469,0.0,0.0,0.0,0.0,0.0,2.0,0.0
1834969,0.0,0.0,0.0,0.0,0.0,0.0,0.0
1835421,0.0,0.0,0.0,0.0,0.0,1.0,0.0
1835462,0.0,0.0,0.0,0.0,0.0,2.0,0.0
1835490,0.0,2.0,0.0,0.0,0.0,2.0,0.0
1835962,0.0,2.0,0.0,0.0,0.0,0.0,0.0
1835990,0.0,0.0,0.0,0.0,0.0,0.0,0.0
1836278,0.0,0.0,1.0,0.0,0.0,0.0,0.0
1836778,0.0,0.0,0.0,0.0,0.0,0.0,0.0
1836798,0.0,0.0,0.0,0.0,0.0,1.0,0.0
1837298,0.0,0.0,0.0,0.0,0.0,0.0,0.0
1838427,0.0,0.0,0.0,0.0,0.0,1.0,0.0
1838927,0.0,0.0,0.0,0.0,0.0,0.0,0.0
1840221,0.0,0.0,0.0,0.0,0.0,1.0,0.0
1840721,0.0,0.0,0.0,0.0,0.0,0.0,0.0
1841133,0.0,0.0,0.0,0.0,0.0,1.0,0.0
1841135,0.0,0.0,0.0,0.0,0.0,2.0,0.0
1841635,0.0,0.0,0.0,0.0,0.0,0.0,0.0
1842198,0.0,0.0,0.0,0.0,0.0,1.0,0.0
1842202,0.0,0.0,0.0,0.0,0.0,2.0,0.0
1842702,0.0,0.0,0.0,0.0,0.0,0.0,0.0
1843513,0.0,0.0,0.0,0.0,0.0,1.0,0.0
1844013,0.0,0.0,0.0,0.0,0.0,0.0,0.0
1844879,0.0,0.0,0.0,0.0,0.0,1.0,0.0
1845379,0.0,0.0,0.0,0.0,0.0,0.0,0.0
1845522,0.0,0.0,0.0,0.0,0.0,1.0,0.0
1846022,0.0,0.0,0.0,0.0,0.0,0.0,0.0
1846029,0.0,0.0,0.0,0.0,0.0,1.0,0.0
1846031,0.0,0.0,0.0,0.0,0.0,2.0,0.0
1846531,0.0,0.0,0.0,0.0,0.0,0.0,0.0
1846547,0.0,0.0,0.0,0.0,0.0,1.0,0.0
1847047,0.0,0.0,0.0,0.0,0.0,0.0,0.0
1847222,0.0,0.0,0.0,0.0,0.0,1.0,0.0
1847722,0.0,0.0,0.0,0.0,0.0,0.0,0.0
1847841,0.0,0.0,0.0,0.0,0.0,1.0,0.0
1848341,0.0,0.0,0.0,0.0,0.0,0.0,0.0
1848365,0.0,0.0,0.0,0.0,0.0,1.0,0.0
1848865,0.0,0.0,0.0,0.0,0.0,0.0,0.0
1849262,0.0,0.0,0.0,0.0,0.0,1.0,0.0
1849762,0.0,0.0,0.0,0.0,0.0,0.0,0.0
1849981,0.0,0.0,0.0,0.0,0.0,1.0,0.0
1850481,0.0,0.0,0.0,0.0,0.0,0.0,0.0
1850786,0.0,0.0,0.0,0.0,0.0,1.0,0.0
1851286,0.0,0.0,0.0,0.0,0.0,0.0,0.0
1851992,0.0,0.0,0.0,0.0,0.0,1.0,0.0
1852492,0.0,0.0,0.0,0.0,0.0,0.0,0.0
1852879,0.0,0.0,0.0,0.0,0.0,1.0,0.0
1852982,0.0,0.0,0.0,0.0,0.0,2.0,0.0
1853482,0.0,0.0,0.0,0.0,0.0,0.0,0.0
1854259,0.0,0.0,0.0,0.0,0.0,1.0,0.0
1854759,0.0,0.0,0.0,0.0,0.0,0.0,0.0
1859301,0.0,0.0,0.0,0.0,0.0,1.0,0.0
1859801,0.0,0.0,0.0,0.0,0.0,0.0,0.0
1860062,0.0,0.0,0.0,0.0,0.0,1.0,0.0
1860562,0.0,0.0,0.0,0.0,0.0,0.0,0.0
1863092,0.0,0.0,0.0,0.0,0.0,1.0,0.0
1863287,0.0,0.0,0.0,0.0,1.0,1.0,0.0
1863469,0.0,0.0,0.0,0.0,1.0,2.0,0.0
1863787,0.0,0.0,0.0,0.0,0.0,2.0,0.0
1863969,0.0,0.0,0.0,0.0,0.0,0.0,0.0
1864160,0.0,0.0,0.0,0.0,0.0,1.0,0.0
1864660,0.0,0.0,0.0,0.0,0.0,0.0,0.0
1865197,0.0,0.0,0.0,0.0,0.0,1.0,0.0
1865201,0.0,0.0,0.0,0.0,0.0,2.0,0.0
1865701,0.0,0.0,0.0,0.0,0.0,0.0,0.0
1867712,0.0,0.0,0.0,0.0,0.0,1.0,0.0
1868712,0.0,0.0,0.0,0.0,0.0,0.0,0.0
1868736,0.0,0.0,0.0,0.0,0.0,1.0,0.0
1869236,0.0,0.0,0.0,0.0,0.0,0.0,0.0
1870421,0.0,0.0,0.0,0.0,0.0,1.0,0.0
1870921,0.0,0.0,0.0,0.0,0.0,0.0,0.0
1871481,0.0,0.0,0.0,0.0,0.0,1.0,0.0
1871981,0.0,0.0,0.0,0.0,0.0,0.0,0.0
1872797,0.0,0.0,0.0,0.0,1.0,0.0,0.0
1873297,0.0,0.0,0.0,0.0,0.0,0.0,0.0
1873474,0.0,0.0,0.0,0.0,0.0,1.0,0.0
1873974,0.0,0.0,0.0,0.0,0.0,0.0,0.0
1874863,0.0,0.0,0.0,0.0,0.0,1.0,0.0
1875286,0.0,0.0,0.0,0.0,0.0,2.0,0.0
1875786,0.0,0.0,0.0,0.0,0.0,0.0,0.0
1876123,0.0,0.0,0.0,0.0,0.0,1.0,0.0
1876176,0.0,0.0,0.0,0.0,0.0,2.0,0.0
1876676,0.0,0.0,0.0,0.0,0.0,0.0,0.0
1876924,0.0,0.0,0.0,0.0,0.0,1.0,0.0
1877424,0.0,0.0,0.0,0.0,0.0,0.0,0.0
1880105,0.0,0.0,0.0,0.0,0.0,1.0,0.0
1880605,0.0,0.0,0.0,0.0,0.0,0.0,0.0
1881110,0.0,0.0,0.0,0.0,0.0,1.0,0.0
1881610,0.0,0.0,0.0,0.0,0.0,0.0,0.0
1881636,0.0,0.0,0.0,0.0,0.0,1.0,0.0
1882136,0.0,0.0,0.0,0.0,0.0,0.0,0.0
1882318,0.0,0.0,0.0,0.0,0.0,1.0,0.0
1882818,0.0,0.0,0.0,0.0,0.0,0.0,0.0
1882872,0.0,0.0,0.0,0.0,0.0,1.0,0.0
1883372,0.0,0.0,0.0,0.0,0.0,0.0,0.0
1883450,0.0,0.0,0.0,0.0,0.0,1.0,0.0
1883950,0.0,0.0,0.0,0.0,0.0,0.0,0.0
1884503,0.0,0.0,0.0,0.0,0.0,1.0,0.0
1885003,0.0,0.0,0.0,0.0,0.0,0.0,0.0
1885353,0.0,0.0,0.0,0.0,0.0,1.0,0.0
1885853,0.0,0.0,0.0,0.0,0.0,0.0,0.0
1886944,0.0,0.0,0.0,0.0,0.0,1.0,0.0
1887444,0.0,0.0,0.0,0.0,0.0,0.0,0.0
1887649,0.0,0.0,0.0,0.0,0.0,1.0,0.0
1888149,0.0,0.0,0.0,0.0,0.0,0.0,0.0
1888422,0.0,0.0,0.0,0.0,0.0,1.0,0.0
1888922,0.0,0.0,0.0,0.0,0.0,0.0,0.0
1889191,0.0,0.0,0.0,0.0,0.0,1.0,0.0
1889229,0.0,0.0,0.0,0.0,0.0,2.0,0.0
1889729,0.0,0.0,0.0,0.0,0.0,0.0,0.0
1889972,0.0,0.0,0.0,0.0,0.0,1.0,0.0
1890472,0.0,0.0,0.0,0.0,0.0,0.0,0.0
1890863,0.0,0.0,0.0,0.0,0.0,1.0,0.0
1891363,0.0,0.0,0.0,0.0,0.0,0.0,0.0
1891905,0.0,0.0,0.0,0.0,0.0,1.0,0.0
1892405,0.0,0.0,0.0,0.0,0.0,0.0,0.0
1893041,0.0,0.0,0.0,0.0,0.0,1.0,0.0
1893541,0.0,0.0,0.0,0.0,0.0,0.0,0.0
1893678,0.0,0.0,0.0,0.0,0.0,1.0,0.0
1894178,0.0,0.0,0.0,0.0,0.0,0.0,0.0
1894393,0.0,0.0,0.0,0.0,0.0,1.0,0.0
1894893,0.0,0.0,0.0,0.0,0.0,0.0,0.0
1894937,0.0,0.0,0.0,0.0,0.0,1.0,0.0
1895437,0.0,0.0,0.0,0.0,0.0,0.0,0.0
1897266,0.0,0.0,0.0,0.0,0.0,1.0,0.0
1897272,0.0,0.0,0.0,0.0,0.0,2.0,0.0
1897772,0.0,0.0,0.0,0.0,0.0,0.0,0.0
1898778,0.0,0.0,0.0,0.0,0.0,1.0,0.0
1898779,0.0,0.0,0.0,0.0,1.0,1.0,0.0
1898780,0.0,0.0,0.0,0.0,2.0,2.0,0.0
1899280,0.0,0.0,0.0,0.0,0.0,0.0,0.0
1899847,0.0,0.0,0.0,0.0,0.0,1.0,0.0
1900347,0.0,0.0,0.0,0.0,0.0,0.0,0.0
1900443,0.0,0.0,0.0,0.0,0.0,1.0,0.0
1900943,0.0,0.0,0.0,0.0,0.0,0.0,0.0
1904694,0.0,0.0,0.0,0.0,0.0,1.0,0.0
1905194,0.0,0.0,0.0,0.0,0.0,0.0,0.0
1908127,0.0,0.0,0.0,0.0,0.0,1.0,0.0
1908130,0.0,0.0,0.0,0.0,0.0,2.0,0.0
1908630,0.0,0.0,0.0,0.0,0.0,0.0,0.0
1909323,0.0,0.0,0.0,0.0,0.0,1.0,0.0
1909823,0.0,0.0,0.0,0.0,0.0,0.0,0.0
1909891,0.0,0.0,0.0,0.0,0.0,1.0,0.0
1910391,0.0,0.0,0.0,0.0,0.0,0.0,0.0
1913289,0.0,0.0,0.0,0.0,0.0,1.0,0.0
1913789,0.0,0.0,0.0,0.0,0.0,0.0,0.0
1915354,0.0,0.0,0.0,0.0,0.0,1.0,0.0
1915854,0.0,0.0,0.0,0.0,0.0,0.0,0.0
1917205,0.0,0.0,0.0,0.0,0.0,1.0,0.0
1917705,0.0,0.0,0.0,0.0,0.0,0.0,0.0
1918430,0.0,0.0,0.0,0.0,0.0,1.0,0.0
1918431,0.0,0.0,0.0,0.0,0.0,2.0,0.0
1918931,0.0,0.0,0.0,0.0,0.0,0.0,0.0
1920536,0.0,0.0,0.0,0.0,0.0,1.0,0.0
1921036,0.0,0.0,0.0,0.0,0.0,0.0,0.0
1924845,0.0,0.0,0.0,0.0,0.0,1.0,0.0
1925345,0.0,0.0,0.0,0.0,0.0,0.0,0.0
1925796,0.0,0.0,0.0,0.0,0.0,1.0,0.0
1926296,0.0,0.0,0.0,0.0,0.0,0.0,0.0
1927434,0.0,0.0,0.0,0.0,0.0,1.0,0.0
1927934,0.0,0.0,0.0,0.0,0.0,0.0,0.0
1930272,0.0,0.0,0.0,0.0,0.0,1.0,0.0
1930772,0.0,0.0,0.0,0.0,0.0,0.0,0.0
1934577,0.0,0.0,0.0,0.0,0.0,1.0,0.0
1935077,0.0,0.0,0.0,0.0,0.0,0.0,0.0
1935282,0.0,0.0,0.0,0.0,0.0,1.0,0.0
1935782,0.0,0.0,0.0,0.0,0.0,0.0,0.0
1936072,0.0,0.0,0.0,0.0,0.0,1.0,0.0
1936073,0.0,0.0,0.0,0.0,0.0,2.0,0.0
1936573,0.0,0.0,0.0,0.0,0.0,0.0,0.0
1940333,0.0,0.0,0.0,0.0,0.0,1.0,0.0
1940833,0.0,0.0,0.0,0.0,0.0,0.0,0.0
1941831,0.0,0.0,0.0,0.0,0.0,1.0,0.0
1942331,0.0,0.0,0.0,0.0,0.0,0.0,0.0
1946416,0.0,0.0,0.0,0.0,0.0,1.0,0.0
1946418,0.0,0.0,0.0,0.0,0.0,2.0,0.0
1946918,0.0,0.0,0.0,0.0,0.0,0.0,0.0
1949435,0.0,0.0,0.0,0.0,0.0,1.0,0.0
1949935,0.0,0.0,0.0,0.0,0.0,0.0,0.0
1952187,0.0,0.0,0.0,0.0,0.0,1.0,0.0
1952687,0.0,0.0,0.0,0.0,0.0,0.0,0.0
1953511,0.0,0.0,0.0,0.0,0.0,1.0,0.0
1954011,0.0,0.0,0.0,0.0,0.0,0.0,0.0
1954326,0.0,0.0,0.0,0.0,0.0,1.0,0.0
1954826,0.0,0.0,0.0,0.0,0.0,0.0,0.0
1958487,0.0,0.0,0.0,0.0,0.0,1.0,0.0
1958987,0.0,0.0,0.0,0.0,0.0,0.0,0.0
1958991,0.0,0.0,0.0,0.0,0.0,1.0,0.0
1959491,0.0,0.0,0.0,0.0,0.0,0.0,0.0
1960545,0.0,0.0,0.0,0.0,0.0,1.0,0.0
1961045,0.0,0.0,0.0,0.0,0.0,0.0,0.0
1961390,0.0,0.0,0.0,0.0,0.0,1.0,0.0
1961890,0.0,0.0,0.0,0.0,0.0,0.0,0.0
1965475,0.0,0.0,0.0,0.0,0.0,1.0,0.0
1965975,0.0,0.0,0.0,0.0,0.0,0.0,0.0
1967943,0.0,0.0,0.0,0.0,0.0,1.0,0.0
1968443,0.0,0.0,0.0,0.0,0.0,0.0,0.0
1968801,0.0,0.0,0.0,0.0,0.0,1.0,0.0
1969301,0.0,0.0,0.0,0.0,0.0,0.0,0.0
1969746,0.0,0.0,0.0,0.0,0.0,1.0,0.0
1970246,0.0,0.0,0.0,0.0,0.0,0.0,0.0
1970612,0.0,0.0,0.0,0.0,0.0,1.0,0.0
1970614,0.0,0.0,0.0,0.0,0.0,2.0,0.0
1971114,0.0,0.0,0.0,0.0,0.0,0.0,0.0
1973307,0.0,0.0,0.0,0.0,0.0,1.0,0.0
1973807,0.0,0.0,0.0,0.0,0.0,0.0,0.0
1974518,0.0,0.0,0.0,0.0,0.0,1.0,0.0
1974527,0.0,0.0,0.0,0.0,0.0,2.0,0.0
1975027,0.0,0.0,0.0,0.0,0.0,0.0,0.0
1976362,0.0,0.0,0.0,0.0,0.0,1.0,0.0
1976862,0.0,0.0,0.0,0.0,0.0,0.0,0.0
1977192,0.0,0.0,0.0,0.0,0.0,1.0,0.0
1977692,0.0,0.0,0.0,0.0,0.0,0.0,0.0
1977907,0.0,0.0,0.0,0.0,0.0,1.0,0.0
1978407,0.0,0.0,0.0,0.0,0.0,0.0,0.0
1978505,0.0,0.0,0.0,0.0,0.0,1.0,0.0
1979005,0.0,0.0,0.0,0.0,0.0,0.0,0.0
1984120,0.0,0.0,0.0,0.0,0.0,1.0,0.0
1984620,0.0,0.0,0.0,0.0,0.0,0.0,0.0
1985774,0.0,0.0,0.0,0.0,0.0,1.0,0.0
1986274,0.0,0.0,0.0,0.0,0.0,0.0,0.0
1989774,0.0,0.0,0.0,0.0,0.0,1.0,0.0
1989778,0.0,0.0,0.0,0.0,0.0,2.0,0.0
1990278,0.0,0.0,0.0,0.0,0.0,0.0,0.0
1994075,0.0,0.0,0.0,0.0,0.0,1.0,0.0
1994575,0.0,0.0,0.0,0.0,0.0,0.0,0.0
1995686,0.0,0.0,0.0,0.0,0.0,1.0,0.0
1996186,0.0,0.0,0.0,0.0,0.0,0.0,0.0
1996807,0.0,0.0,0.0,0.0,0.0,1.0,0.0
1997307,0.0,0.0,0.0,0.0,0.0,0.0,0.0
1999263,0.0,0.0,0.0,0.0,0.0,1.0,0.0
1999763,0.0,0.0,0.0,0.0,0.0,0.0,0.0
2001657,0.0,0.0,0.0,0.0,0.0,1.0,0.0
2001900,0.0,0.0,0.0,0.0,0.0,1.0,1.0
2002157,0.0,0.0,0.0,0.0,0.0,0.0,1.0
2002369,0.0,0.0,0.0,0.0,0.0,1.0,1.0
2002400,0.0,0.0,0.0,0.0,0.0,1.0,0.0
