,ADWIN,CUSUM,DDM,GeometricMovingAverage,HDDMAverage,HDDMWeighted,Ground-truth
75,0.0,0.0,1.0,0.0,0.0,0.0,0.0
575,0.0,0.0,0.0,0.0,0.0,0.0,0.0
707,0.0,0.0,0.0,0.0,0.0,1.0,0.0
1207,0.0,0.0,0.0,0.0,0.0,0.0,0.0
1694,0.0,0.0,0.0,0.0,1.0,1.0,0.0
2008,0.0,0.0,0.0,0.0,2.0,2.0,0.0
2508,0.0,0.0,0.0,0.0,0.0,0.0,0.0
2639,0.0,0.0,0.0,0.0,0.0,1.0,0.0
2642,0.0,0.0,0.0,0.0,0.0,2.0,0.0
3142,0.0,0.0,0.0,0.0,0.0,0.0,0.0
3958,0.0,0.0,0.0,0.0,0.0,1.0,0.0
4458,0.0,0.0,0.0,0.0,0.0,0.0,0.0
4955,0.0,0.0,0.0,0.0,0.0,1.0,0.0
5455,0.0,0.0,0.0,0.0,0.0,0.0,0.0
5725,0.0,0.0,0.0,0.0,0.0,1.0,0.0
6225,0.0,0.0,0.0,0.0,0.0,0.0,0.0
7764,0.0,0.0,0.0,0.0,0.0,1.0,0.0
7767,0.0,0.0,0.0,0.0,0.0,2.0,0.0
8267,0.0,0.0,0.0,0.0,0.0,0.0,0.0
8627,0.0,0.0,0.0,0.0,0.0,1.0,0.0
8738,0.0,0.0,0.0,0.0,0.0,2.0,0.0
9238,0.0,0.0,0.0,0.0,0.0,0.0,0.0
10676,0.0,0.0,0.0,0.0,0.0,1.0,0.0
11176,0.0,0.0,0.0,0.0,0.0,0.0,0.0
11229,0.0,0.0,0.0,0.0,0.0,1.0,0.0
11729,0.0,0.0,0.0,0.0,0.0,0.0,0.0
11760,0.0,0.0,0.0,0.0,0.0,1.0,0.0
12260,0.0,0.0,0.0,0.0,0.0,0.0,0.0
12644,0.0,0.0,0.0,0.0,0.0,1.0,0.0
12998,0.0,0.0,0.0,0.0,0.0,2.0,0.0
13498,0.0,0.0,0.0,0.0,0.0,0.0,0.0
14401,0.0,0.0,0.0,0.0,0.0,1.0,0.0
14611,0.0,0.0,0.0,0.0,0.0,2.0,0.0
15111,0.0,0.0,0.0,0.0,0.0,0.0,0.0
15244,0.0,0.0,0.0,0.0,0.0,1.0,0.0
15744,0.0,0.0,0.0,0.0,0.0,0.0,0.0
15877,0.0,0.0,0.0,0.0,0.0,1.0,0.0
16377,0.0,0.0,0.0,0.0,0.0,0.0,0.0
16812,0.0,0.0,0.0,0.0,0.0,1.0,0.0
17312,0.0,0.0,0.0,0.0,0.0,0.0,0.0
17522,0.0,0.0,0.0,0.0,0.0,1.0,0.0
18022,0.0,0.0,0.0,0.0,0.0,0.0,0.0
18166,0.0,0.0,0.0,0.0,0.0,1.0,0.0
18171,0.0,0.0,0.0,0.0,0.0,2.0,0.0
18671,0.0,0.0,0.0,0.0,0.0,0.0,0.0
19252,0.0,0.0,0.0,0.0,0.0,1.0,0.0
19752,0.0,0.0,0.0,0.0,0.0,0.0,0.0
21045,0.0,0.0,0.0,0.0,0.0,1.0,0.0
21057,0.0,0.0,0.0,0.0,0.0,2.0,0.0
21557,0.0,0.0,0.0,0.0,0.0,0.0,0.0
21633,0.0,0.0,0.0,0.0,0.0,1.0,0.0
21717,0.0,0.0,0.0,0.0,0.0,2.0,0.0
22217,0.0,0.0,0.0,0.0,0.0,0.0,0.0
23131,0.0,0.0,0.0,0.0,0.0,1.0,0.0
23580,0.0,0.0,0.0,0.0,0.0,2.0,0.0
24080,0.0,0.0,0.0,0.0,0.0,0.0,0.0
25167,0.0,0.0,0.0,0.0,0.0,1.0,0.0
25667,0.0,0.0,0.0,0.0,0.0,0.0,0.0
25697,0.0,0.0,0.0,0.0,0.0,1.0,0.0
26197,0.0,0.0,0.0,0.0,0.0,0.0,0.0
26263,0.0,0.0,0.0,0.0,0.0,1.0,0.0
26763,0.0,0.0,0.0,0.0,0.0,0.0,0.0
28675,0.0,0.0,0.0,0.0,0.0,1.0,0.0
29175,0.0,0.0,0.0,0.0,0.0,0.0,0.0
29533,0.0,0.0,0.0,0.0,0.0,1.0,0.0
29574,0.0,0.0,0.0,0.0,0.0,2.0,0.0
30074,0.0,0.0,0.0,0.0,0.0,0.0,0.0
31441,0.0,0.0,0.0,0.0,0.0,1.0,0.0
31941,0.0,0.0,0.0,0.0,0.0,0.0,0.0
32277,0.0,0.0,0.0,0.0,0.0,1.0,0.0
32777,0.0,0.0,0.0,0.0,0.0,0.0,0.0
32836,0.0,0.0,0.0,0.0,0.0,1.0,0.0
32842,0.0,0.0,0.0,0.0,0.0,2.0,0.0
33342,0.0,0.0,0.0,0.0,0.0,0.0,0.0
33946,0.0,0.0,0.0,0.0,0.0,1.0,0.0
34115,0.0,0.0,0.0,0.0,0.0,2.0,0.0
34615,0.0,0.0,0.0,0.0,0.0,0.0,0.0
34951,0.0,0.0,0.0,0.0,0.0,1.0,0.0
35080,0.0,0.0,0.0,0.0,0.0,2.0,0.0
35580,0.0,0.0,0.0,0.0,0.0,0.0,0.0
35729,0.0,0.0,0.0,0.0,0.0,1.0,0.0
36095,0.0,0.0,0.0,0.0,0.0,2.0,0.0
36595,0.0,0.0,0.0,0.0,0.0,0.0,0.0
37050,0.0,0.0,0.0,0.0,0.0,1.0,0.0
37550,0.0,0.0,0.0,0.0,0.0,0.0,0.0
37636,0.0,0.0,0.0,0.0,0.0,1.0,0.0
38136,0.0,0.0,0.0,0.0,0.0,0.0,0.0
38289,0.0,0.0,0.0,0.0,0.0,1.0,0.0
38294,0.0,0.0,0.0,0.0,0.0,2.0,0.0
38794,0.0,0.0,0.0,0.0,0.0,0.0,0.0
38927,0.0,0.0,0.0,0.0,0.0,1.0,0.0
38948,0.0,0.0,0.0,0.0,0.0,2.0,0.0
39448,0.0,0.0,0.0,0.0,0.0,0.0,0.0
39877,0.0,0.0,0.0,0.0,0.0,1.0,0.0
39879,0.0,0.0,0.0,0.0,0.0,2.0,0.0
40379,0.0,0.0,0.0,0.0,0.0,0.0,0.0
41206,0.0,0.0,0.0,0.0,0.0,1.0,0.0
41706,0.0,0.0,0.0,0.0,0.0,0.0,0.0
42044,0.0,0.0,0.0,0.0,0.0,1.0,0.0
42315,0.0,0.0,0.0,0.0,0.0,2.0,0.0
42815,0.0,0.0,0.0,0.0,0.0,0.0,0.0
43739,0.0,0.0,0.0,0.0,0.0,1.0,0.0
44239,0.0,0.0,0.0,0.0,0.0,0.0,0.0
45974,0.0,0.0,0.0,0.0,0.0,1.0,0.0
46474,0.0,0.0,0.0,0.0,0.0,0.0,0.0
47567,0.0,0.0,0.0,0.0,0.0,1.0,0.0
48067,0.0,0.0,0.0,0.0,0.0,0.0,0.0
48239,0.0,0.0,0.0,0.0,0.0,1.0,0.0
48255,0.0,0.0,0.0,0.0,0.0,2.0,0.0
48755,0.0,0.0,0.0,0.0,0.0,0.0,0.0
49527,0.0,0.0,0.0,0.0,0.0,1.0,0.0
50001,0.0,0.0,0.0,0.0,0.0,2.0,0.0
50501,0.0,0.0,0.0,0.0,0.0,0.0,0.0
50750,0.0,0.0,0.0,0.0,0.0,1.0,0.0
51250,0.0,0.0,0.0,0.0,0.0,0.0,0.0
51267,0.0,0.0,0.0,0.0,0.0,1.0,0.0
51767,0.0,0.0,0.0,0.0,0.0,0.0,0.0
52606,0.0,0.0,0.0,0.0,0.0,1.0,0.0
53106,0.0,0.0,0.0,0.0,0.0,0.0,0.0
53137,0.0,0.0,0.0,0.0,0.0,1.0,0.0
53380,0.0,0.0,0.0,0.0,0.0,2.0,0.0
53880,0.0,0.0,0.0,0.0,0.0,0.0,0.0
54060,0.0,0.0,0.0,0.0,0.0,1.0,0.0
54361,0.0,0.0,0.0,0.0,0.0,2.0,0.0
54861,0.0,0.0,0.0,0.0,0.0,0.0,0.0
54932,0.0,0.0,0.0,0.0,0.0,1.0,0.0
55050,0.0,0.0,0.0,0.0,0.0,2.0,0.0
55550,0.0,0.0,0.0,0.0,0.0,0.0,0.0
55806,0.0,0.0,0.0,0.0,0.0,1.0,0.0
55930,0.0,2.0,0.0,0.0,0.0,1.0,0.0
56306,0.0,2.0,0.0,0.0,0.0,0.0,0.0
56430,0.0,0.0,0.0,0.0,0.0,0.0,0.0
57259,0.0,0.0,0.0,0.0,0.0,1.0,0.0
57759,0.0,0.0,0.0,0.0,0.0,0.0,0.0
57792,0.0,0.0,0.0,0.0,0.0,1.0,0.0
57795,0.0,0.0,0.0,0.0,0.0,2.0,0.0
58295,0.0,0.0,0.0,0.0,0.0,0.0,0.0
58903,0.0,0.0,0.0,0.0,0.0,1.0,0.0
59403,0.0,0.0,0.0,0.0,0.0,0.0,0.0
59554,0.0,0.0,0.0,0.0,0.0,1.0,0.0
60054,0.0,0.0,0.0,0.0,0.0,0.0,0.0
60063,0.0,0.0,0.0,0.0,0.0,1.0,0.0
60071,0.0,0.0,0.0,0.0,0.0,2.0,0.0
60571,0.0,0.0,0.0,0.0,0.0,0.0,0.0
61803,0.0,0.0,0.0,0.0,0.0,1.0,0.0
61807,0.0,0.0,0.0,0.0,0.0,2.0,0.0
62307,0.0,0.0,0.0,0.0,0.0,0.0,0.0
62395,0.0,0.0,0.0,0.0,0.0,1.0,0.0
62400,0.0,0.0,0.0,0.0,0.0,2.0,0.0
62900,0.0,0.0,0.0,0.0,0.0,0.0,0.0
63727,0.0,2.0,0.0,0.0,0.0,0.0,0.0
63735,0.0,2.0,0.0,0.0,0.0,1.0,0.0
63740,0.0,2.0,0.0,0.0,0.0,2.0,0.0
64227,0.0,0.0,0.0,0.0,0.0,2.0,0.0
64240,0.0,0.0,0.0,0.0,0.0,0.0,0.0
65484,0.0,0.0,0.0,0.0,0.0,1.0,0.0
65984,0.0,0.0,0.0,0.0,0.0,0.0,0.0
66683,0.0,0.0,0.0,0.0,0.0,1.0,0.0
66687,0.0,0.0,0.0,0.0,0.0,2.0,0.0
67187,0.0,0.0,0.0,0.0,0.0,0.0,0.0
67408,0.0,0.0,0.0,0.0,0.0,1.0,0.0
67847,0.0,0.0,0.0,0.0,0.0,2.0,0.0
68347,0.0,0.0,0.0,0.0,0.0,0.0,0.0
69104,0.0,0.0,0.0,0.0,0.0,1.0,0.0
69434,0.0,0.0,0.0,0.0,0.0,2.0,0.0
69934,0.0,0.0,0.0,0.0,0.0,0.0,0.0
70288,0.0,0.0,0.0,0.0,0.0,1.0,0.0
70788,0.0,0.0,0.0,0.0,0.0,0.0,0.0
70966,0.0,0.0,0.0,0.0,0.0,1.0,0.0
71165,0.0,0.0,0.0,0.0,0.0,2.0,0.0
71665,0.0,0.0,0.0,0.0,0.0,0.0,0.0
71679,0.0,0.0,0.0,0.0,0.0,1.0,0.0
71916,0.0,0.0,0.0,0.0,0.0,2.0,0.0
72416,0.0,0.0,0.0,0.0,0.0,0.0,0.0
72429,0.0,0.0,0.0,0.0,0.0,1.0,0.0
72929,0.0,0.0,0.0,0.0,0.0,0.0,0.0
72995,0.0,0.0,0.0,0.0,0.0,1.0,0.0
73495,0.0,0.0,0.0,0.0,0.0,0.0,0.0
75503,0.0,0.0,0.0,0.0,0.0,1.0,0.0
76003,0.0,0.0,0.0,0.0,0.0,0.0,0.0
76138,0.0,0.0,0.0,0.0,0.0,1.0,0.0
76638,0.0,0.0,0.0,0.0,0.0,0.0,0.0
76976,0.0,0.0,0.0,0.0,0.0,1.0,0.0
77042,0.0,0.0,0.0,0.0,0.0,2.0,0.0
77542,0.0,0.0,0.0,0.0,0.0,0.0,0.0
78560,0.0,0.0,0.0,0.0,0.0,1.0,0.0
78565,0.0,0.0,0.0,0.0,0.0,2.0,0.0
79065,0.0,0.0,0.0,0.0,0.0,0.0,0.0
79350,0.0,0.0,0.0,0.0,0.0,1.0,0.0
79573,0.0,0.0,0.0,0.0,0.0,2.0,0.0
80073,0.0,0.0,0.0,0.0,0.0,0.0,0.0
80212,0.0,0.0,0.0,0.0,0.0,1.0,0.0
80214,0.0,0.0,0.0,0.0,0.0,2.0,0.0
80714,0.0,0.0,0.0,0.0,0.0,0.0,0.0
81246,0.0,0.0,0.0,0.0,0.0,1.0,0.0
81248,0.0,0.0,0.0,0.0,0.0,2.0,0.0
81748,0.0,0.0,0.0,0.0,0.0,0.0,0.0
81925,0.0,2.0,0.0,0.0,0.0,0.0,0.0
82207,0.0,2.0,0.0,0.0,0.0,1.0,0.0
82425,0.0,0.0,0.0,0.0,0.0,1.0,0.0
82707,0.0,0.0,0.0,0.0,0.0,0.0,0.0
83472,0.0,0.0,0.0,0.0,0.0,1.0,0.0
83972,0.0,0.0,0.0,0.0,0.0,0.0,0.0
84689,0.0,0.0,0.0,0.0,0.0,1.0,0.0
85189,0.0,0.0,0.0,0.0,0.0,0.0,0.0
85399,0.0,0.0,0.0,0.0,0.0,1.0,0.0
85899,0.0,0.0,0.0,0.0,0.0,0.0,0.0
85956,0.0,0.0,0.0,0.0,0.0,1.0,0.0
86431,0.0,0.0,0.0,0.0,0.0,2.0,0.0
86931,0.0,0.0,0.0,0.0,0.0,1.0,0.0
87431,0.0,0.0,0.0,0.0,0.0,0.0,0.0
87498,0.0,0.0,0.0,0.0,0.0,1.0,0.0
87998,0.0,0.0,0.0,0.0,0.0,0.0,0.0
88052,0.0,0.0,0.0,0.0,0.0,1.0,0.0
88552,0.0,0.0,0.0,0.0,0.0,0.0,0.0
88674,0.0,0.0,0.0,0.0,0.0,1.0,0.0
89174,0.0,0.0,0.0,0.0,0.0,0.0,0.0
89930,0.0,0.0,0.0,0.0,0.0,1.0,0.0
90430,0.0,0.0,0.0,0.0,0.0,0.0,0.0
90999,0.0,0.0,0.0,0.0,0.0,1.0,0.0
91184,0.0,0.0,0.0,0.0,0.0,2.0,0.0
91684,0.0,0.0,0.0,0.0,0.0,0.0,0.0
92497,0.0,0.0,0.0,0.0,0.0,1.0,0.0
92997,0.0,0.0,0.0,0.0,0.0,0.0,0.0
93349,0.0,0.0,0.0,0.0,0.0,1.0,0.0
93351,0.0,0.0,0.0,0.0,0.0,2.0,0.0
93851,0.0,0.0,0.0,0.0,0.0,0.0,0.0
93959,0.0,0.0,0.0,0.0,0.0,1.0,0.0
94375,0.0,0.0,0.0,0.0,0.0,2.0,0.0
94875,0.0,0.0,0.0,0.0,0.0,0.0,0.0
95564,0.0,0.0,0.0,0.0,0.0,1.0,0.0
96064,0.0,0.0,0.0,0.0,0.0,0.0,0.0
96253,0.0,0.0,0.0,0.0,0.0,1.0,0.0
96413,0.0,0.0,0.0,0.0,0.0,2.0,0.0
96913,0.0,0.0,0.0,0.0,0.0,0.0,0.0
96967,0.0,0.0,0.0,0.0,0.0,1.0,0.0
97193,0.0,0.0,0.0,0.0,0.0,2.0,0.0
97693,0.0,0.0,0.0,0.0,0.0,0.0,0.0
98375,0.0,0.0,0.0,0.0,0.0,1.0,0.0
98875,0.0,0.0,0.0,0.0,0.0,0.0,0.0
99025,0.0,0.0,0.0,0.0,0.0,1.0,0.0
99027,0.0,0.0,0.0,0.0,0.0,2.0,0.0
99527,0.0,0.0,0.0,0.0,0.0,0.0,0.0
101579,0.0,0.0,0.0,0.0,0.0,1.0,0.0
102079,0.0,0.0,0.0,0.0,0.0,0.0,0.0
105265,0.0,0.0,0.0,0.0,0.0,1.0,0.0
105765,0.0,0.0,0.0,0.0,0.0,0.0,0.0
107534,0.0,0.0,0.0,0.0,0.0,1.0,0.0
108012,0.0,0.0,0.0,0.0,1.0,1.0,0.0
108034,0.0,0.0,0.0,0.0,1.0,0.0,0.0
108512,0.0,0.0,0.0,0.0,0.0,0.0,0.0
110468,0.0,0.0,0.0,0.0,0.0,1.0,0.0
110968,0.0,0.0,0.0,0.0,0.0,0.0,0.0
111933,0.0,0.0,0.0,0.0,0.0,1.0,0.0
112433,0.0,0.0,0.0,0.0,0.0,0.0,0.0
112607,0.0,0.0,0.0,0.0,0.0,1.0,0.0
113107,0.0,0.0,0.0,0.0,0.0,0.0,0.0
114979,0.0,0.0,0.0,0.0,0.0,1.0,0.0
115479,0.0,0.0,0.0,0.0,0.0,0.0,0.0
118070,0.0,0.0,0.0,0.0,0.0,1.0,0.0
118083,0.0,0.0,0.0,0.0,0.0,2.0,0.0
118583,0.0,0.0,0.0,0.0,0.0,0.0,0.0
121261,0.0,0.0,0.0,0.0,0.0,1.0,0.0
121761,0.0,0.0,0.0,0.0,0.0,0.0,0.0
123727,0.0,0.0,0.0,0.0,0.0,1.0,0.0
124227,0.0,0.0,0.0,0.0,0.0,0.0,0.0
125750,0.0,0.0,0.0,0.0,0.0,1.0,0.0
126250,0.0,0.0,0.0,0.0,0.0,0.0,0.0
126716,0.0,0.0,0.0,0.0,0.0,1.0,0.0
127216,0.0,0.0,0.0,0.0,0.0,0.0,0.0
127230,0.0,0.0,0.0,0.0,0.0,1.0,0.0
127730,0.0,0.0,0.0,0.0,0.0,0.0,0.0
128545,0.0,0.0,0.0,0.0,0.0,1.0,0.0
128813,0.0,0.0,0.0,0.0,0.0,2.0,0.0
129313,0.0,0.0,0.0,0.0,0.0,0.0,0.0
135744,0.0,0.0,0.0,0.0,0.0,1.0,0.0
136244,0.0,0.0,0.0,0.0,0.0,0.0,0.0
137446,0.0,0.0,0.0,0.0,0.0,1.0,0.0
137946,0.0,0.0,0.0,0.0,0.0,0.0,0.0
138145,0.0,0.0,0.0,0.0,0.0,1.0,0.0
138645,0.0,0.0,0.0,0.0,0.0,0.0,0.0
141506,0.0,0.0,0.0,0.0,0.0,1.0,0.0
142006,0.0,0.0,0.0,0.0,0.0,0.0,0.0
142858,0.0,0.0,0.0,0.0,0.0,1.0,0.0
143358,0.0,0.0,0.0,0.0,0.0,0.0,0.0
143371,0.0,0.0,0.0,0.0,0.0,1.0,0.0
143871,0.0,0.0,0.0,0.0,0.0,0.0,0.0
147721,0.0,0.0,0.0,0.0,0.0,1.0,0.0
147723,0.0,0.0,0.0,0.0,0.0,2.0,0.0
148223,0.0,0.0,0.0,0.0,0.0,0.0,0.0
151570,0.0,0.0,0.0,0.0,0.0,1.0,0.0
151596,0.0,0.0,0.0,0.0,0.0,2.0,0.0
151607,0.0,0.0,0.0,0.0,1.0,2.0,0.0
151780,0.0,0.0,0.0,0.0,2.0,2.0,0.0
152096,0.0,0.0,0.0,0.0,2.0,0.0,0.0
152280,0.0,0.0,0.0,0.0,0.0,0.0,0.0
153743,0.0,0.0,0.0,0.0,0.0,1.0,0.0
154243,0.0,0.0,0.0,0.0,0.0,0.0,0.0
155344,0.0,0.0,0.0,0.0,0.0,1.0,0.0
155844,0.0,0.0,0.0,0.0,0.0,0.0,0.0
156953,0.0,0.0,0.0,0.0,0.0,1.0,0.0
156963,0.0,0.0,0.0,0.0,0.0,2.0,0.0
157463,0.0,0.0,0.0,0.0,0.0,0.0,0.0
161282,0.0,0.0,0.0,0.0,0.0,1.0,0.0
161782,0.0,0.0,0.0,0.0,0.0,0.0,0.0
162593,0.0,0.0,0.0,0.0,0.0,1.0,0.0
163093,0.0,0.0,0.0,0.0,0.0,0.0,0.0
167364,0.0,0.0,0.0,0.0,0.0,1.0,0.0
167864,0.0,0.0,0.0,0.0,0.0,0.0,0.0
170014,0.0,0.0,0.0,0.0,0.0,1.0,0.0
170514,0.0,0.0,0.0,0.0,0.0,0.0,0.0
170531,0.0,0.0,0.0,0.0,0.0,1.0,0.0
171031,0.0,0.0,0.0,0.0,0.0,0.0,0.0
172182,0.0,0.0,0.0,0.0,0.0,1.0,0.0
172682,0.0,0.0,0.0,0.0,0.0,0.0,0.0
177628,0.0,0.0,0.0,0.0,1.0,0.0,0.0
178128,0.0,0.0,0.0,0.0,0.0,0.0,0.0
178920,0.0,0.0,0.0,0.0,0.0,1.0,0.0
179420,0.0,0.0,0.0,0.0,0.0,0.0,0.0
179463,0.0,0.0,0.0,0.0,0.0,1.0,0.0
179963,0.0,0.0,0.0,0.0,0.0,0.0,0.0
182005,0.0,0.0,0.0,0.0,0.0,1.0,0.0
182505,0.0,0.0,0.0,0.0,0.0,0.0,0.0
184035,0.0,0.0,0.0,0.0,0.0,1.0,0.0
184535,0.0,0.0,0.0,0.0,0.0,0.0,0.0
186214,0.0,0.0,0.0,0.0,0.0,1.0,0.0
186714,0.0,0.0,0.0,0.0,0.0,0.0,0.0
187192,0.0,0.0,0.0,0.0,0.0,1.0,0.0
187692,0.0,0.0,0.0,0.0,0.0,0.0,0.0
187870,0.0,0.0,0.0,0.0,0.0,1.0,0.0
187875,0.0,0.0,0.0,0.0,0.0,2.0,0.0
188375,0.0,0.0,0.0,0.0,0.0,0.0,0.0
189853,0.0,0.0,0.0,0.0,0.0,1.0,0.0
190353,0.0,0.0,0.0,0.0,0.0,0.0,0.0
195526,0.0,0.0,0.0,0.0,0.0,1.0,0.0
196026,0.0,0.0,0.0,0.0,0.0,0.0,0.0
196357,0.0,0.0,0.0,0.0,0.0,1.0,0.0
196857,0.0,0.0,0.0,0.0,0.0,0.0,0.0
198200,0.0,0.0,0.0,0.0,0.0,1.0,0.0
198202,0.0,0.0,0.0,0.0,0.0,2.0,0.0
198702,0.0,0.0,0.0,0.0,0.0,0.0,0.0
199299,0.0,0.0,0.0,0.0,0.0,1.0,0.0
199799,0.0,0.0,0.0,0.0,0.0,0.0,0.0
199800,0.0,0.0,0.0,0.0,0.0,1.0,0.0
200000,0.0,0.0,0.0,0.0,0.0,1.0,1.0
200066,0.0,0.0,0.0,0.0,0.0,2.0,1.0
200150,0.0,0.0,0.0,0.0,1.0,2.0,1.0
200188,0.0,0.0,0.0,0.0,2.0,2.0,1.0
200223,2.0,0.0,0.0,0.0,2.0,2.0,1.0
200319,2.0,2.0,0.0,0.0,2.0,2.0,1.0
200500,2.0,2.0,0.0,0.0,2.0,2.0,0.0
200566,2.0,2.0,0.0,0.0,2.0,0.0,0.0
200688,2.0,2.0,0.0,0.0,0.0,0.0,0.0
200723,0.0,2.0,0.0,0.0,0.0,0.0,0.0
200819,0.0,0.0,0.0,0.0,0.0,0.0,0.0
202010,0.0,0.0,0.0,0.0,0.0,1.0,0.0
202510,0.0,0.0,0.0,0.0,0.0,0.0,0.0
202668,0.0,0.0,1.0,0.0,0.0,0.0,0.0
202671,0.0,0.0,1.0,0.0,0.0,1.0,0.0
202690,0.0,0.0,1.0,0.0,0.0,2.0,0.0
203190,0.0,0.0,1.0,0.0,0.0,0.0,0.0
203363,0.0,0.0,1.0,0.0,0.0,1.0,0.0
203380,0.0,0.0,1.0,0.0,0.0,2.0,0.0
203880,0.0,0.0,1.0,0.0,0.0,0.0,0.0
204270,0.0,0.0,1.0,0.0,0.0,1.0,0.0
204770,0.0,0.0,1.0,0.0,0.0,0.0,0.0
205172,0.0,0.0,1.0,0.0,0.0,1.0,0.0
205174,0.0,0.0,1.0,0.0,0.0,2.0,0.0
205390,0.0,0.0,2.0,0.0,0.0,2.0,0.0
205674,0.0,0.0,2.0,0.0,0.0,0.0,0.0
205890,0.0,0.0,0.0,0.0,0.0,0.0,0.0
206441,0.0,0.0,0.0,0.0,0.0,1.0,0.0
206442,0.0,0.0,1.0,0.0,0.0,1.0,0.0
206941,0.0,0.0,1.0,0.0,0.0,0.0,0.0
206986,0.0,0.0,1.0,0.0,0.0,1.0,0.0
207486,0.0,0.0,1.0,0.0,0.0,0.0,0.0
207513,0.0,0.0,1.0,0.0,0.0,1.0,0.0
208013,0.0,0.0,1.0,0.0,0.0,0.0,0.0
208075,0.0,0.0,1.0,0.0,0.0,1.0,0.0
208077,0.0,0.0,1.0,0.0,0.0,2.0,0.0
208577,0.0,0.0,1.0,0.0,0.0,0.0,0.0
208668,0.0,0.0,1.0,0.0,0.0,1.0,0.0
209168,0.0,0.0,1.0,0.0,0.0,0.0,0.0
209316,0.0,0.0,1.0,0.0,0.0,1.0,0.0
209319,0.0,0.0,1.0,0.0,0.0,2.0,0.0
209819,0.0,0.0,1.0,0.0,0.0,0.0,0.0
210140,0.0,0.0,1.0,0.0,0.0,1.0,0.0
210640,0.0,0.0,1.0,0.0,0.0,0.0,0.0
210710,0.0,0.0,1.0,0.0,0.0,1.0,0.0
210939,0.0,0.0,1.0,0.0,1.0,1.0,0.0
210941,0.0,0.0,1.0,0.0,2.0,1.0,0.0
211210,0.0,0.0,1.0,0.0,2.0,0.0,0.0
211441,0.0,0.0,1.0,0.0,0.0,0.0,0.0
211979,0.0,0.0,1.0,0.0,0.0,1.0,0.0
212479,0.0,0.0,1.0,0.0,0.0,0.0,0.0
213776,0.0,0.0,1.0,0.0,0.0,1.0,0.0
214276,0.0,0.0,1.0,0.0,0.0,0.0,0.0
215073,0.0,0.0,1.0,0.0,0.0,1.0,0.0
215120,0.0,0.0,1.0,0.0,0.0,2.0,0.0
215620,0.0,0.0,1.0,0.0,0.0,0.0,0.0
216444,0.0,0.0,1.0,0.0,0.0,1.0,0.0
216683,0.0,0.0,1.0,0.0,0.0,2.0,0.0
217183,0.0,0.0,1.0,0.0,0.0,0.0,0.0
217204,0.0,0.0,1.0,0.0,0.0,1.0,0.0
217206,0.0,0.0,1.0,0.0,1.0,2.0,0.0
217706,0.0,0.0,1.0,0.0,0.0,0.0,0.0
218279,0.0,0.0,1.0,0.0,0.0,1.0,0.0
218316,0.0,0.0,1.0,0.0,0.0,2.0,0.0
218816,0.0,0.0,1.0,0.0,0.0,0.0,0.0
219431,0.0,0.0,1.0,0.0,0.0,1.0,0.0
219433,0.0,0.0,1.0,0.0,0.0,2.0,0.0
219933,0.0,0.0,1.0,0.0,0.0,0.0,0.0
219963,0.0,0.0,1.0,0.0,0.0,1.0,0.0
220463,0.0,0.0,1.0,0.0,0.0,0.0,0.0
221088,0.0,0.0,1.0,0.0,0.0,1.0,0.0
222088,0.0,0.0,1.0,0.0,0.0,0.0,0.0
224070,0.0,0.0,1.0,0.0,0.0,1.0,0.0
224526,0.0,2.0,1.0,0.0,0.0,1.0,0.0
224570,0.0,2.0,1.0,0.0,0.0,0.0,0.0
225026,0.0,0.0,1.0,0.0,0.0,0.0,0.0
225737,0.0,0.0,1.0,0.0,0.0,1.0,0.0
226237,0.0,0.0,1.0,0.0,0.0,0.0,0.0
226279,0.0,0.0,1.0,0.0,0.0,1.0,0.0
226437,0.0,0.0,1.0,0.0,0.0,2.0,0.0
226937,0.0,0.0,1.0,0.0,0.0,0.0,0.0
226988,0.0,0.0,1.0,0.0,0.0,1.0,0.0
227053,0.0,0.0,1.0,0.0,0.0,2.0,0.0
227553,0.0,0.0,1.0,0.0,0.0,0.0,0.0
228265,0.0,0.0,1.0,0.0,0.0,1.0,0.0
228498,0.0,0.0,1.0,0.0,0.0,2.0,0.0
228998,0.0,0.0,1.0,0.0,0.0,0.0,0.0
229572,0.0,0.0,1.0,0.0,0.0,1.0,0.0
229617,0.0,0.0,1.0,0.0,1.0,1.0,0.0
230072,0.0,0.0,1.0,0.0,1.0,0.0,0.0
230117,0.0,0.0,1.0,0.0,0.0,0.0,0.0
230556,0.0,0.0,1.0,0.0,0.0,1.0,0.0
230650,0.0,2.0,1.0,0.0,0.0,1.0,0.0
231056,0.0,2.0,1.0,0.0,0.0,0.0,0.0
231150,0.0,0.0,1.0,0.0,0.0,0.0,0.0
231909,0.0,0.0,1.0,0.0,0.0,1.0,0.0
231935,0.0,0.0,1.0,0.0,0.0,2.0,0.0
232435,0.0,0.0,1.0,0.0,0.0,0.0,0.0
232970,0.0,0.0,1.0,0.0,0.0,1.0,0.0
233470,0.0,0.0,1.0,0.0,0.0,0.0,0.0
233471,0.0,0.0,1.0,0.0,0.0,1.0,0.0
233473,0.0,0.0,1.0,0.0,0.0,2.0,0.0
233973,0.0,0.0,1.0,0.0,0.0,0.0,0.0
234569,0.0,0.0,1.0,0.0,0.0,1.0,0.0
235069,0.0,0.0,1.0,0.0,0.0,0.0,0.0
235628,0.0,0.0,1.0,0.0,0.0,1.0,0.0
236128,0.0,0.0,1.0,0.0,0.0,0.0,0.0
238007,0.0,0.0,1.0,0.0,0.0,1.0,0.0
238507,0.0,0.0,1.0,0.0,0.0,0.0,0.0
239658,0.0,0.0,1.0,0.0,0.0,1.0,0.0
239848,0.0,0.0,1.0,0.0,1.0,1.0,0.0
240158,0.0,0.0,1.0,0.0,1.0,0.0,0.0
240309,0.0,0.0,1.0,0.0,1.0,1.0,0.0
240348,0.0,0.0,1.0,0.0,0.0,1.0,0.0
240809,0.0,0.0,1.0,0.0,0.0,0.0,0.0
240886,0.0,0.0,1.0,0.0,0.0,1.0,0.0
241333,0.0,2.0,1.0,0.0,0.0,1.0,0.0
241386,0.0,2.0,1.0,0.0,0.0,0.0,0.0
241833,0.0,0.0,1.0,0.0,0.0,0.0,0.0
242400,0.0,0.0,1.0,0.0,0.0,1.0,0.0
242900,0.0,0.0,1.0,0.0,0.0,0.0,0.0
243107,0.0,0.0,1.0,0.0,0.0,1.0,0.0
243607,0.0,0.0,1.0,0.0,0.0,0.0,0.0
244082,0.0,0.0,1.0,0.0,0.0,1.0,0.0
244582,0.0,0.0,1.0,0.0,0.0,0.0,0.0
244815,0.0,0.0,1.0,0.0,0.0,1.0,0.0
244817,0.0,0.0,1.0,0.0,0.0,2.0,0.0
245317,0.0,0.0,1.0,0.0,0.0,0.0,0.0
245798,0.0,0.0,1.0,0.0,0.0,1.0,0.0
245801,0.0,0.0,1.0,0.0,0.0,2.0,0.0
246301,0.0,0.0,1.0,0.0,0.0,0.0,0.0
246632,0.0,0.0,1.0,0.0,0.0,1.0,0.0
247132,0.0,0.0,1.0,0.0,0.0,0.0,0.0
247489,0.0,0.0,1.0,0.0,0.0,1.0,0.0
247500,0.0,0.0,1.0,0.0,0.0,2.0,0.0
248000,0.0,0.0,1.0,0.0,0.0,0.0,0.0
248383,0.0,0.0,1.0,0.0,0.0,1.0,0.0
248883,0.0,0.0,1.0,0.0,0.0,0.0,0.0
249362,0.0,0.0,1.0,0.0,0.0,1.0,0.0
249862,0.0,0.0,1.0,0.0,0.0,0.0,0.0
250725,0.0,0.0,1.0,0.0,0.0,1.0,0.0
251225,0.0,0.0,1.0,0.0,0.0,0.0,0.0
251237,0.0,0.0,1.0,0.0,0.0,1.0,0.0
251737,0.0,0.0,1.0,0.0,0.0,0.0,0.0
251756,0.0,0.0,1.0,0.0,0.0,1.0,0.0
252256,0.0,0.0,1.0,0.0,0.0,0.0,0.0
252560,0.0,0.0,1.0,0.0,0.0,1.0,0.0
252613,0.0,0.0,1.0,0.0,0.0,2.0,0.0
253113,0.0,0.0,1.0,0.0,0.0,0.0,0.0
253222,0.0,0.0,1.0,0.0,0.0,1.0,0.0
253320,0.0,0.0,1.0,0.0,0.0,2.0,0.0
253820,0.0,0.0,1.0,0.0,0.0,0.0,0.0
254853,0.0,0.0,1.0,0.0,0.0,1.0,0.0
255353,0.0,0.0,1.0,0.0,0.0,0.0,0.0
255447,0.0,0.0,1.0,0.0,0.0,1.0,0.0
255947,0.0,0.0,1.0,0.0,0.0,0.0,0.0
257677,0.0,0.0,1.0,0.0,0.0,1.0,0.0
258177,0.0,0.0,1.0,0.0,0.0,0.0,0.0
258268,0.0,0.0,1.0,0.0,0.0,1.0,0.0
258768,0.0,0.0,1.0,0.0,0.0,0.0,0.0
258772,0.0,0.0,1.0,0.0,0.0,1.0,0.0
258822,0.0,0.0,1.0,0.0,0.0,2.0,0.0
259322,0.0,0.0,1.0,0.0,0.0,0.0,0.0
259530,0.0,0.0,1.0,0.0,0.0,1.0,0.0
260030,0.0,0.0,1.0,0.0,0.0,0.0,0.0
260101,0.0,0.0,1.0,0.0,0.0,1.0,0.0
260601,0.0,0.0,1.0,0.0,0.0,0.0,0.0
261145,0.0,0.0,1.0,0.0,0.0,1.0,0.0
261645,0.0,0.0,1.0,0.0,0.0,0.0,0.0
262793,0.0,0.0,1.0,0.0,0.0,1.0,0.0
263293,0.0,0.0,1.0,0.0,0.0,0.0,0.0
263358,0.0,0.0,1.0,0.0,0.0,1.0,0.0
263858,0.0,0.0,1.0,0.0,0.0,0.0,0.0
264182,0.0,0.0,1.0,0.0,0.0,1.0,0.0
264187,0.0,0.0,1.0,0.0,0.0,2.0,0.0
264687,0.0,0.0,1.0,0.0,0.0,0.0,0.0
265642,0.0,0.0,1.0,0.0,0.0,1.0,0.0
265646,0.0,0.0,1.0,0.0,0.0,2.0,0.0
266146,0.0,0.0,1.0,0.0,0.0,0.0,0.0
267286,0.0,0.0,1.0,0.0,0.0,1.0,0.0
267786,0.0,0.0,1.0,0.0,0.0,0.0,0.0
268098,0.0,0.0,1.0,0.0,0.0,1.0,0.0
268598,0.0,0.0,1.0,0.0,0.0,0.0,0.0
268909,0.0,0.0,1.0,0.0,0.0,1.0,0.0
268913,0.0,0.0,1.0,0.0,0.0,2.0,0.0
269413,0.0,0.0,1.0,0.0,0.0,0.0,0.0
270041,0.0,0.0,1.0,0.0,0.0,1.0,0.0
270541,0.0,0.0,1.0,0.0,0.0,0.0,0.0
270698,0.0,0.0,1.0,0.0,0.0,1.0,0.0
270776,0.0,0.0,1.0,0.0,0.0,2.0,0.0
271276,0.0,0.0,1.0,0.0,0.0,0.0,0.0
273126,0.0,0.0,1.0,0.0,0.0,1.0,0.0
273626,0.0,0.0,1.0,0.0,0.0,0.0,0.0
273737,0.0,0.0,1.0,0.0,0.0,1.0,0.0
273739,0.0,0.0,1.0,0.0,0.0,2.0,0.0
274239,0.0,0.0,1.0,0.0,0.0,0.0,0.0
274447,0.0,0.0,1.0,0.0,0.0,1.0,0.0
274501,0.0,0.0,1.0,0.0,0.0,2.0,0.0
275001,0.0,0.0,1.0,0.0,0.0,0.0,0.0
275757,0.0,0.0,1.0,0.0,0.0,1.0,0.0
276257,0.0,0.0,1.0,0.0,0.0,0.0,0.0
276809,0.0,0.0,1.0,0.0,0.0,1.0,0.0
276828,0.0,0.0,1.0,0.0,0.0,2.0,0.0
277328,0.0,0.0,1.0,0.0,0.0,0.0,0.0
277706,0.0,0.0,1.0,0.0,0.0,1.0,0.0
277734,0.0,0.0,1.0,0.0,0.0,2.0,0.0
278234,0.0,0.0,1.0,0.0,0.0,0.0,0.0
279428,0.0,0.0,1.0,0.0,0.0,1.0,0.0
279928,0.0,0.0,1.0,0.0,0.0,0.0,0.0
280021,0.0,0.0,1.0,0.0,0.0,1.0,0.0
280521,0.0,0.0,1.0,0.0,0.0,0.0,0.0
280526,0.0,0.0,1.0,0.0,0.0,1.0,0.0
281026,0.0,0.0,1.0,0.0,0.0,0.0,0.0
281065,0.0,0.0,1.0,0.0,0.0,1.0,0.0
281078,0.0,0.0,1.0,0.0,0.0,2.0,0.0
281578,0.0,0.0,1.0,0.0,0.0,0.0,0.0
281705,0.0,0.0,1.0,0.0,0.0,1.0,0.0
282205,0.0,0.0,1.0,0.0,0.0,0.0,0.0
282223,0.0,0.0,1.0,0.0,0.0,1.0,0.0
282723,0.0,0.0,1.0,0.0,0.0,0.0,0.0
284049,0.0,0.0,1.0,0.0,0.0,1.0,0.0
284549,0.0,0.0,1.0,0.0,0.0,0.0,0.0
284696,0.0,0.0,1.0,0.0,0.0,1.0,0.0
284705,0.0,0.0,1.0,0.0,0.0,2.0,0.0
285205,0.0,0.0,1.0,0.0,0.0,0.0,0.0
285919,0.0,0.0,1.0,0.0,0.0,1.0,0.0
286297,0.0,0.0,1.0,0.0,0.0,2.0,0.0
286797,0.0,0.0,1.0,0.0,0.0,0.0,0.0
288081,0.0,0.0,1.0,0.0,0.0,1.0,0.0
288547,0.0,0.0,1.0,0.0,0.0,2.0,0.0
288555,0.0,0.0,1.0,0.0,1.0,2.0,0.0
289047,0.0,0.0,1.0,0.0,1.0,0.0,0.0
289055,0.0,0.0,1.0,0.0,0.0,0.0,0.0
289519,0.0,0.0,1.0,0.0,0.0,1.0,0.0
289915,0.0,0.0,1.0,0.0,0.0,2.0,0.0
290415,0.0,0.0,1.0,0.0,0.0,0.0,0.0
290519,0.0,0.0,1.0,0.0,0.0,1.0,0.0
290903,0.0,0.0,1.0,0.0,1.0,1.0,0.0
291019,0.0,0.0,1.0,0.0,1.0,0.0,0.0
291159,0.0,0.0,1.0,0.0,1.0,1.0,0.0
291198,0.0,0.0,1.0,0.0,2.0,1.0,0.0
291200,0.0,2.0,1.0,0.0,2.0,1.0,0.0
291283,0.0,2.0,1.0,0.0,2.0,2.0,0.0
291698,0.0,2.0,1.0,0.0,0.0,2.0,0.0
291700,0.0,0.0,1.0,0.0,0.0,2.0,0.0
291783,0.0,0.0,1.0,0.0,0.0,0.0,0.0
291837,0.0,0.0,1.0,0.0,0.0,1.0,0.0
292337,0.0,0.0,1.0,0.0,0.0,0.0,0.0
292497,0.0,0.0,1.0,0.0,0.0,1.0,0.0
292502,0.0,0.0,1.0,0.0,0.0,2.0,0.0
293002,0.0,0.0,1.0,0.0,0.0,0.0,0.0
294148,0.0,0.0,1.0,0.0,0.0,1.0,0.0
294648,0.0,0.0,1.0,0.0,0.0,0.0,0.0
294806,0.0,0.0,1.0,0.0,0.0,1.0,0.0
294814,0.0,0.0,1.0,0.0,0.0,2.0,0.0
295314,0.0,0.0,1.0,0.0,0.0,0.0,0.0
297254,0.0,0.0,1.0,0.0,0.0,1.0,0.0
297256,0.0,0.0,1.0,0.0,0.0,2.0,0.0
297756,0.0,0.0,1.0,0.0,0.0,0.0,0.0
297783,0.0,0.0,1.0,0.0,0.0,1.0,0.0
298283,0.0,0.0,1.0,0.0,0.0,0.0,0.0
298286,0.0,0.0,1.0,0.0,0.0,1.0,0.0
298561,0.0,0.0,1.0,0.0,0.0,2.0,0.0
299061,0.0,0.0,1.0,0.0,0.0,0.0,0.0
299290,0.0,0.0,1.0,0.0,0.0,1.0,0.0
299487,0.0,0.0,1.0,0.0,0.0,2.0,0.0
299987,0.0,0.0,1.0,0.0,0.0,0.0,0.0
301069,0.0,0.0,1.0,0.0,0.0,1.0,0.0
301569,0.0,0.0,1.0,0.0,0.0,0.0,0.0
301778,0.0,0.0,1.0,0.0,0.0,1.0,0.0
302278,0.0,0.0,1.0,0.0,0.0,0.0,0.0
302889,0.0,0.0,1.0,0.0,0.0,1.0,0.0
303389,0.0,0.0,1.0,0.0,0.0,0.0,0.0
307221,0.0,0.0,1.0,0.0,0.0,1.0,0.0
307721,0.0,0.0,1.0,0.0,0.0,0.0,0.0
307887,0.0,0.0,1.0,0.0,0.0,1.0,0.0
308387,0.0,0.0,1.0,0.0,0.0,0.0,0.0
308499,0.0,0.0,1.0,0.0,0.0,1.0,0.0
308999,0.0,0.0,1.0,0.0,0.0,0.0,0.0
311442,0.0,0.0,0.0,0.0,0.0,0.0,0.0
312984,0.0,0.0,0.0,0.0,0.0,1.0,0.0
313484,0.0,0.0,0.0,0.0,0.0,0.0,0.0
316073,0.0,0.0,0.0,0.0,1.0,0.0,0.0
316233,0.0,0.0,0.0,0.0,1.0,1.0,0.0
316237,0.0,0.0,0.0,0.0,1.0,2.0,0.0
316573,0.0,0.0,0.0,0.0,0.0,2.0,0.0
316737,0.0,0.0,0.0,0.0,0.0,0.0,0.0
319384,0.0,0.0,0.0,0.0,0.0,1.0,0.0
319884,0.0,0.0,0.0,0.0,0.0,0.0,0.0
320312,0.0,0.0,0.0,0.0,0.0,1.0,0.0
320812,0.0,0.0,0.0,0.0,0.0,0.0,0.0
322239,0.0,0.0,0.0,0.0,0.0,1.0,0.0
322739,0.0,0.0,0.0,0.0,0.0,0.0,0.0
323355,0.0,0.0,0.0,0.0,0.0,1.0,0.0
323855,0.0,0.0,0.0,0.0,0.0,0.0,0.0
325291,0.0,0.0,0.0,0.0,0.0,1.0,0.0
325791,0.0,0.0,0.0,0.0,0.0,0.0,0.0
327146,0.0,0.0,0.0,0.0,0.0,1.0,0.0
327646,0.0,0.0,0.0,0.0,0.0,0.0,0.0
328029,0.0,0.0,0.0,0.0,0.0,1.0,0.0
328529,0.0,0.0,0.0,0.0,0.0,0.0,0.0
329531,0.0,0.0,0.0,0.0,0.0,1.0,0.0
330031,0.0,0.0,0.0,0.0,0.0,0.0,0.0
332076,0.0,0.0,0.0,0.0,0.0,1.0,0.0
332576,0.0,0.0,0.0,0.0,0.0,0.0,0.0
335493,0.0,0.0,0.0,0.0,0.0,1.0,0.0
335993,0.0,0.0,0.0,0.0,0.0,0.0,0.0
337297,0.0,0.0,0.0,0.0,0.0,1.0,0.0
337797,0.0,0.0,0.0,0.0,0.0,0.0,0.0
340407,0.0,0.0,0.0,0.0,1.0,1.0,0.0
340907,0.0,0.0,0.0,0.0,0.0,0.0,0.0
342063,0.0,0.0,0.0,0.0,0.0,1.0,0.0
342563,0.0,0.0,0.0,0.0,0.0,0.0,0.0
343847,0.0,0.0,0.0,0.0,0.0,1.0,0.0
344347,0.0,0.0,0.0,0.0,0.0,0.0,0.0
344954,0.0,0.0,0.0,0.0,0.0,1.0,0.0
345454,0.0,0.0,0.0,0.0,0.0,0.0,0.0
346925,0.0,0.0,0.0,0.0,0.0,1.0,0.0
347425,0.0,0.0,0.0,0.0,0.0,0.0,0.0
348182,0.0,0.0,0.0,0.0,0.0,1.0,0.0
348682,0.0,0.0,0.0,0.0,0.0,0.0,0.0
351814,0.0,0.0,0.0,0.0,0.0,1.0,0.0
352314,0.0,0.0,0.0,0.0,0.0,0.0,0.0
353989,0.0,0.0,0.0,0.0,0.0,1.0,0.0
354489,0.0,0.0,0.0,0.0,0.0,0.0,0.0
355501,0.0,0.0,0.0,0.0,1.0,0.0,0.0
356001,0.0,0.0,0.0,0.0,0.0,0.0,0.0
359311,0.0,0.0,0.0,0.0,0.0,1.0,0.0
359811,0.0,0.0,0.0,0.0,0.0,0.0,0.0
361839,0.0,0.0,0.0,0.0,0.0,1.0,0.0
362339,0.0,0.0,0.0,0.0,0.0,0.0,0.0
362859,0.0,0.0,0.0,0.0,0.0,1.0,0.0
363359,0.0,0.0,0.0,0.0,0.0,0.0,0.0
363496,0.0,0.0,0.0,0.0,0.0,1.0,0.0
363503,0.0,0.0,0.0,0.0,0.0,2.0,0.0
364003,0.0,0.0,0.0,0.0,0.0,0.0,0.0
364545,0.0,0.0,0.0,0.0,0.0,1.0,0.0
365045,0.0,0.0,0.0,0.0,0.0,0.0,0.0
368014,0.0,0.0,0.0,0.0,0.0,1.0,0.0
368514,0.0,0.0,0.0,0.0,0.0,0.0,0.0
369559,0.0,0.0,0.0,0.0,0.0,1.0,0.0
370059,0.0,0.0,0.0,0.0,0.0,0.0,0.0
370876,0.0,0.0,0.0,0.0,0.0,1.0,0.0
371376,0.0,0.0,0.0,0.0,0.0,0.0,0.0
379612,0.0,0.0,0.0,0.0,0.0,1.0,0.0
380112,0.0,0.0,0.0,0.0,0.0,0.0,0.0
382856,0.0,0.0,0.0,0.0,0.0,1.0,0.0
383356,0.0,0.0,0.0,0.0,0.0,0.0,0.0
385404,0.0,0.0,0.0,0.0,0.0,1.0,0.0
385904,0.0,0.0,0.0,0.0,0.0,0.0,0.0
387338,0.0,0.0,0.0,0.0,0.0,1.0,0.0
387838,0.0,0.0,0.0,0.0,0.0,0.0,0.0
391703,0.0,0.0,0.0,0.0,0.0,1.0,0.0
391708,0.0,0.0,0.0,0.0,0.0,2.0,0.0
392208,0.0,0.0,0.0,0.0,0.0,0.0,0.0
395089,0.0,0.0,0.0,0.0,0.0,1.0,0.0
395589,0.0,0.0,0.0,0.0,0.0,0.0,0.0
396122,0.0,0.0,0.0,0.0,0.0,1.0,0.0
396622,0.0,0.0,0.0,0.0,0.0,0.0,0.0
398134,0.0,0.0,0.0,0.0,0.0,1.0,0.0
398634,0.0,0.0,0.0,0.0,0.0,0.0,0.0
400000,0.0,0.0,0.0,0.0,0.0,0.0,1.0
400032,0.0,0.0,0.0,0.0,0.0,1.0,1.0
400055,0.0,0.0,0.0,0.0,0.0,2.0,1.0
400191,2.0,0.0,0.0,0.0,0.0,2.0,1.0
400356,2.0,2.0,0.0,0.0,0.0,2.0,1.0
400500,2.0,2.0,0.0,0.0,0.0,2.0,0.0
400555,2.0,2.0,0.0,0.0,0.0,0.0,0.0
400691,0.0,2.0,0.0,0.0,0.0,0.0,0.0
400694,0.0,2.0,0.0,0.0,1.0,0.0,0.0
400833,0.0,2.0,0.0,0.0,2.0,0.0,0.0
400856,0.0,0.0,0.0,0.0,2.0,0.0,0.0
401119,2.0,0.0,0.0,0.0,2.0,0.0,0.0
401135,2.0,0.0,0.0,0.0,2.0,1.0,0.0
401333,2.0,0.0,0.0,0.0,0.0,1.0,0.0
401619,0.0,0.0,0.0,0.0,0.0,1.0,0.0
401635,0.0,0.0,0.0,0.0,0.0,0.0,0.0
401700,0.0,0.0,0.0,0.0,0.0,1.0,0.0
402200,0.0,0.0,0.0,0.0,0.0,0.0,0.0
402529,0.0,0.0,1.0,0.0,0.0,0.0,0.0
402717,0.0,0.0,1.0,0.0,0.0,1.0,0.0
402724,0.0,0.0,1.0,0.0,0.0,2.0,0.0
403224,0.0,0.0,1.0,0.0,0.0,0.0,0.0
403553,0.0,0.0,1.0,0.0,0.0,1.0,0.0
404053,0.0,0.0,1.0,0.0,0.0,0.0,0.0
404081,0.0,0.0,1.0,0.0,0.0,1.0,0.0
404083,0.0,0.0,1.0,0.0,0.0,2.0,0.0
404583,0.0,0.0,1.0,0.0,0.0,0.0,0.0
404632,0.0,0.0,1.0,0.0,0.0,1.0,0.0
404752,0.0,2.0,1.0,0.0,0.0,1.0,0.0
404773,0.0,2.0,1.0,0.0,0.0,2.0,0.0
404841,0.0,2.0,2.0,0.0,0.0,2.0,0.0
405252,0.0,0.0,2.0,0.0,0.0,2.0,0.0
405273,0.0,0.0,2.0,0.0,0.0,0.0,0.0
405332,0.0,0.0,2.0,0.0,0.0,1.0,0.0
405341,0.0,0.0,0.0,0.0,0.0,1.0,0.0
405657,0.0,0.0,0.0,0.0,0.0,2.0,0.0
406157,0.0,0.0,0.0,0.0,0.0,0.0,0.0
406198,0.0,0.0,0.0,0.0,0.0,1.0,0.0
406698,0.0,0.0,0.0,0.0,0.0,0.0,0.0
407144,0.0,0.0,0.0,0.0,0.0,1.0,0.0
407644,0.0,0.0,0.0,0.0,0.0,0.0,0.0
407883,0.0,0.0,0.0,0.0,0.0,1.0,0.0
408383,0.0,0.0,0.0,0.0,0.0,0.0,0.0
409129,0.0,0.0,0.0,0.0,0.0,1.0,0.0
409629,0.0,0.0,0.0,0.0,0.0,0.0,0.0
409738,0.0,0.0,0.0,0.0,0.0,1.0,0.0
409742,0.0,0.0,0.0,0.0,0.0,2.0,0.0
410242,0.0,0.0,0.0,0.0,0.0,0.0,0.0
410560,0.0,0.0,0.0,0.0,0.0,1.0,0.0
410686,0.0,0.0,0.0,0.0,0.0,2.0,0.0
411186,0.0,0.0,0.0,0.0,0.0,0.0,0.0
411871,0.0,0.0,0.0,0.0,0.0,1.0,0.0
411885,0.0,0.0,0.0,0.0,0.0,2.0,0.0
412385,0.0,0.0,0.0,0.0,0.0,0.0,0.0
412715,0.0,0.0,0.0,0.0,0.0,1.0,0.0
413215,0.0,0.0,0.0,0.0,0.0,0.0,0.0
414310,0.0,0.0,0.0,0.0,0.0,1.0,0.0
414810,0.0,0.0,0.0,0.0,0.0,0.0,0.0
415050,0.0,0.0,0.0,0.0,0.0,1.0,0.0
415550,0.0,0.0,0.0,0.0,0.0,0.0,0.0
416348,0.0,0.0,0.0,0.0,0.0,1.0,0.0
416848,0.0,0.0,0.0,0.0,0.0,0.0,0.0
417060,0.0,0.0,0.0,0.0,0.0,1.0,0.0
417065,0.0,0.0,0.0,0.0,0.0,2.0,0.0
417565,0.0,0.0,0.0,0.0,0.0,0.0,0.0
417681,0.0,0.0,0.0,0.0,0.0,1.0,0.0
418181,0.0,0.0,0.0,0.0,0.0,0.0,0.0
418957,0.0,0.0,0.0,0.0,0.0,1.0,0.0
419053,0.0,0.0,0.0,0.0,0.0,2.0,0.0
419553,0.0,0.0,0.0,0.0,0.0,0.0,0.0
419617,0.0,0.0,0.0,0.0,0.0,1.0,0.0
420117,0.0,0.0,0.0,0.0,0.0,0.0,0.0
420144,0.0,0.0,0.0,0.0,0.0,1.0,0.0
420454,0.0,0.0,0.0,0.0,0.0,2.0,0.0
420954,0.0,0.0,0.0,0.0,0.0,0.0,0.0
422408,0.0,0.0,0.0,0.0,0.0,1.0,0.0
422410,0.0,0.0,0.0,0.0,0.0,2.0,0.0
422910,0.0,0.0,0.0,0.0,0.0,0.0,0.0
423063,0.0,0.0,1.0,0.0,0.0,1.0,0.0
423563,0.0,0.0,0.0,0.0,0.0,0.0,0.0
424491,0.0,0.0,0.0,0.0,0.0,1.0,0.0
424991,0.0,0.0,0.0,0.0,0.0,0.0,0.0
425064,0.0,0.0,0.0,0.0,0.0,1.0,0.0
425564,0.0,0.0,0.0,0.0,0.0,0.0,0.0
425665,0.0,0.0,0.0,0.0,0.0,1.0,0.0
426165,0.0,0.0,0.0,0.0,0.0,0.0,0.0
426374,0.0,0.0,0.0,0.0,1.0,0.0,0.0
426388,0.0,0.0,0.0,0.0,1.0,1.0,0.0
426874,0.0,0.0,0.0,0.0,0.0,1.0,0.0
426888,0.0,0.0,0.0,0.0,0.0,0.0,0.0
427323,0.0,0.0,0.0,0.0,0.0,1.0,0.0
427823,0.0,0.0,0.0,0.0,0.0,0.0,0.0
428231,0.0,0.0,0.0,0.0,0.0,1.0,0.0
428245,0.0,0.0,0.0,0.0,0.0,2.0,0.0
428745,0.0,0.0,0.0,0.0,0.0,0.0,0.0
428976,0.0,0.0,0.0,0.0,0.0,1.0,0.0
429476,0.0,0.0,0.0,0.0,0.0,0.0,0.0
429890,0.0,0.0,0.0,0.0,0.0,1.0,0.0
429894,0.0,0.0,0.0,0.0,0.0,2.0,0.0
430394,0.0,0.0,0.0,0.0,0.0,0.0,0.0
430398,0.0,0.0,0.0,0.0,0.0,1.0,0.0
430400,0.0,0.0,0.0,0.0,0.0,2.0,0.0
430425,0.0,0.0,0.0,0.0,1.0,2.0,0.0
430900,0.0,0.0,0.0,0.0,1.0,0.0,0.0
430925,0.0,0.0,0.0,0.0,0.0,0.0,0.0
430944,0.0,0.0,0.0,0.0,0.0,1.0,0.0
431444,0.0,0.0,0.0,0.0,0.0,0.0,0.0
431830,0.0,0.0,1.0,0.0,0.0,0.0,0.0
431878,0.0,0.0,1.0,0.0,0.0,1.0,0.0
432342,0.0,2.0,1.0,0.0,0.0,1.0,0.0
432378,0.0,2.0,1.0,0.0,0.0,0.0,0.0
432830,0.0,2.0,0.0,0.0,0.0,0.0,0.0
432842,0.0,0.0,0.0,0.0,0.0,0.0,0.0
432843,0.0,0.0,1.0,0.0,0.0,0.0,0.0
433343,0.0,0.0,0.0,0.0,0.0,0.0,0.0
433372,0.0,0.0,0.0,0.0,0.0,1.0,0.0
433872,0.0,0.0,0.0,0.0,0.0,0.0,0.0
434336,0.0,0.0,0.0,0.0,0.0,1.0,0.0
434836,0.0,0.0,0.0,0.0,0.0,0.0,0.0
435401,0.0,0.0,0.0,0.0,0.0,1.0,0.0
435412,0.0,0.0,0.0,0.0,0.0,2.0,0.0
435912,0.0,0.0,0.0,0.0,0.0,0.0,0.0
437055,0.0,0.0,0.0,0.0,0.0,1.0,0.0
437057,0.0,0.0,0.0,0.0,0.0,2.0,0.0
437557,0.0,0.0,0.0,0.0,0.0,0.0,0.0
438501,0.0,0.0,0.0,0.0,0.0,1.0,0.0
439001,0.0,0.0,0.0,0.0,0.0,0.0,0.0
439035,0.0,0.0,0.0,0.0,0.0,1.0,0.0
439535,0.0,0.0,0.0,0.0,0.0,0.0,0.0
439593,0.0,0.0,0.0,0.0,0.0,1.0,0.0
440093,0.0,0.0,0.0,0.0,0.0,0.0,0.0
440144,0.0,0.0,0.0,0.0,0.0,1.0,0.0
440644,0.0,0.0,0.0,0.0,0.0,0.0,0.0
441267,0.0,0.0,0.0,0.0,0.0,1.0,0.0
441534,0.0,0.0,0.0,0.0,0.0,2.0,0.0
442034,0.0,0.0,0.0,0.0,0.0,0.0,0.0
442767,0.0,0.0,0.0,0.0,0.0,1.0,0.0
443045,0.0,0.0,0.0,0.0,0.0,2.0,0.0
443545,0.0,0.0,0.0,0.0,0.0,0.0,0.0
443574,0.0,0.0,0.0,0.0,0.0,1.0,0.0
444074,0.0,0.0,0.0,0.0,0.0,0.0,0.0
444664,0.0,0.0,0.0,0.0,0.0,1.0,0.0
445164,0.0,0.0,0.0,0.0,0.0,0.0,0.0
445301,0.0,0.0,0.0,0.0,0.0,1.0,0.0
445303,0.0,0.0,0.0,0.0,0.0,2.0,0.0
445803,0.0,0.0,0.0,0.0,0.0,0.0,0.0
446395,0.0,0.0,0.0,0.0,0.0,1.0,0.0
446895,0.0,0.0,0.0,0.0,0.0,0.0,0.0
447130,0.0,0.0,0.0,0.0,0.0,1.0,0.0
447131,0.0,0.0,0.0,0.0,1.0,1.0,0.0
447137,0.0,0.0,0.0,0.0,2.0,2.0,0.0
447637,0.0,0.0,0.0,0.0,0.0,0.0,0.0
448562,0.0,0.0,0.0,0.0,0.0,1.0,0.0
449024,0.0,0.0,0.0,0.0,0.0,2.0,0.0
449288,0.0,2.0,0.0,0.0,0.0,2.0,0.0
449524,0.0,2.0,0.0,0.0,0.0,0.0,0.0
449788,0.0,0.0,0.0,0.0,0.0,0.0,0.0
450130,0.0,0.0,0.0,0.0,0.0,1.0,0.0
450630,0.0,0.0,0.0,0.0,0.0,0.0,0.0
450794,0.0,0.0,0.0,0.0,0.0,1.0,0.0
450796,0.0,0.0,0.0,0.0,0.0,2.0,0.0
451296,0.0,0.0,0.0,0.0,0.0,0.0,0.0
451845,0.0,0.0,0.0,0.0,0.0,1.0,0.0
452098,0.0,0.0,0.0,0.0,0.0,2.0,0.0
452598,0.0,0.0,0.0,0.0,0.0,0.0,0.0
452876,0.0,0.0,0.0,0.0,0.0,1.0,0.0
453016,0.0,0.0,0.0,0.0,0.0,2.0,0.0
453516,0.0,0.0,0.0,0.0,0.0,0.0,0.0
454564,0.0,0.0,0.0,0.0,0.0,1.0,0.0
455064,0.0,0.0,0.0,0.0,0.0,0.0,0.0
455217,0.0,0.0,0.0,0.0,0.0,1.0,0.0
455667,0.0,0.0,0.0,0.0,0.0,2.0,0.0
456167,0.0,0.0,0.0,0.0,0.0,0.0,0.0
456293,0.0,0.0,0.0,0.0,0.0,1.0,0.0
456316,0.0,0.0,0.0,0.0,0.0,2.0,0.0
456816,0.0,0.0,0.0,0.0,0.0,0.0,0.0
457008,0.0,0.0,0.0,0.0,0.0,1.0,0.0
457483,0.0,0.0,0.0,0.0,0.0,2.0,0.0
457983,0.0,0.0,0.0,0.0,0.0,0.0,0.0
459726,0.0,0.0,0.0,0.0,0.0,1.0,0.0
460226,0.0,0.0,0.0,0.0,0.0,0.0,0.0
460295,0.0,0.0,0.0,0.0,0.0,1.0,0.0
460795,0.0,0.0,0.0,0.0,0.0,0.0,0.0
460892,0.0,0.0,0.0,0.0,0.0,1.0,0.0
461392,0.0,0.0,0.0,0.0,0.0,0.0,0.0
461397,0.0,0.0,0.0,0.0,0.0,1.0,0.0
461897,0.0,0.0,0.0,0.0,0.0,0.0,0.0
462108,0.0,0.0,0.0,0.0,0.0,1.0,0.0
462608,0.0,0.0,0.0,0.0,0.0,0.0,0.0
462609,0.0,0.0,0.0,0.0,0.0,1.0,0.0
463109,0.0,0.0,0.0,0.0,0.0,0.0,0.0
464819,0.0,0.0,0.0,0.0,0.0,1.0,0.0
465079,0.0,0.0,0.0,0.0,0.0,2.0,0.0
465579,0.0,0.0,0.0,0.0,0.0,0.0,0.0
465847,0.0,0.0,0.0,0.0,0.0,1.0,0.0
466347,0.0,0.0,0.0,0.0,0.0,0.0,0.0
466716,0.0,0.0,0.0,0.0,0.0,1.0,0.0
467216,0.0,0.0,0.0,0.0,0.0,0.0,0.0
467713,0.0,0.0,0.0,0.0,0.0,1.0,0.0
468213,0.0,0.0,0.0,0.0,0.0,0.0,0.0
468214,0.0,0.0,0.0,0.0,0.0,1.0,0.0
468241,0.0,0.0,0.0,0.0,0.0,2.0,0.0
468741,0.0,0.0,0.0,0.0,0.0,0.0,0.0
469127,0.0,0.0,0.0,0.0,0.0,1.0,0.0
469627,0.0,0.0,0.0,0.0,0.0,0.0,0.0
469811,0.0,0.0,0.0,0.0,0.0,1.0,0.0
470311,0.0,0.0,0.0,0.0,0.0,0.0,0.0
470820,0.0,0.0,0.0,0.0,0.0,1.0,0.0
471320,0.0,0.0,0.0,0.0,0.0,0.0,0.0
472960,0.0,0.0,0.0,0.0,0.0,1.0,0.0
472980,0.0,0.0,0.0,0.0,1.0,1.0,0.0
472981,0.0,0.0,0.0,0.0,1.0,2.0,0.0
473480,0.0,0.0,0.0,0.0,0.0,2.0,0.0
473481,0.0,0.0,0.0,0.0,0.0,0.0,0.0
474571,0.0,0.0,0.0,0.0,0.0,1.0,0.0
475071,0.0,0.0,0.0,0.0,0.0,0.0,0.0
475834,0.0,0.0,0.0,0.0,0.0,1.0,0.0
476334,0.0,0.0,0.0,0.0,0.0,0.0,0.0
477228,0.0,0.0,0.0,0.0,0.0,1.0,0.0
477728,0.0,0.0,0.0,0.0,0.0,0.0,0.0
477900,0.0,0.0,0.0,0.0,0.0,1.0,0.0
478283,0.0,0.0,0.0,0.0,0.0,2.0,0.0
478783,0.0,0.0,0.0,0.0,0.0,0.0,0.0
478799,0.0,0.0,0.0,0.0,0.0,1.0,0.0
479299,0.0,0.0,0.0,0.0,0.0,0.0,0.0
479354,0.0,0.0,0.0,0.0,0.0,1.0,0.0
479466,0.0,0.0,0.0,0.0,0.0,2.0,0.0
479966,0.0,0.0,0.0,0.0,0.0,0.0,0.0
480119,0.0,0.0,0.0,0.0,0.0,1.0,0.0
480619,0.0,0.0,0.0,0.0,0.0,0.0,0.0
480866,0.0,0.0,0.0,0.0,0.0,1.0,0.0
481366,0.0,0.0,0.0,0.0,0.0,0.0,0.0
482268,0.0,0.0,0.0,0.0,1.0,0.0,0.0
482272,0.0,0.0,0.0,0.0,1.0,1.0,0.0
482273,0.0,0.0,0.0,0.0,2.0,1.0,0.0
482487,0.0,0.0,0.0,0.0,2.0,2.0,0.0
482773,0.0,0.0,0.0,0.0,0.0,2.0,0.0
482987,0.0,0.0,0.0,0.0,0.0,0.0,0.0
483744,0.0,0.0,0.0,0.0,0.0,1.0,0.0
484244,0.0,0.0,0.0,0.0,0.0,0.0,0.0
484815,0.0,0.0,0.0,0.0,0.0,1.0,0.0
485315,0.0,0.0,0.0,0.0,0.0,0.0,0.0
486735,0.0,0.0,0.0,0.0,0.0,1.0,0.0
487235,0.0,0.0,0.0,0.0,0.0,0.0,0.0
487402,0.0,0.0,0.0,0.0,0.0,1.0,0.0
487902,0.0,0.0,0.0,0.0,0.0,0.0,0.0
488782,0.0,0.0,0.0,0.0,0.0,1.0,0.0
489282,0.0,0.0,0.0,0.0,0.0,0.0,0.0
489642,0.0,0.0,0.0,0.0,0.0,1.0,0.0
490142,0.0,0.0,0.0,0.0,0.0,0.0,0.0
490216,0.0,0.0,0.0,0.0,0.0,1.0,0.0
490218,0.0,0.0,0.0,0.0,0.0,2.0,0.0
490718,0.0,0.0,0.0,0.0,0.0,0.0,0.0
491301,0.0,0.0,0.0,0.0,0.0,1.0,0.0
491751,0.0,0.0,0.0,0.0,0.0,2.0,0.0
492251,0.0,0.0,0.0,0.0,0.0,0.0,0.0
493749,0.0,0.0,0.0,0.0,0.0,1.0,0.0
494175,0.0,0.0,0.0,0.0,0.0,2.0,0.0
494675,0.0,0.0,0.0,0.0,0.0,0.0,0.0
494822,0.0,0.0,0.0,0.0,0.0,1.0,0.0
495322,0.0,0.0,0.0,0.0,0.0,0.0,0.0
496026,0.0,0.0,0.0,0.0,0.0,1.0,0.0
496064,0.0,0.0,0.0,0.0,0.0,2.0,0.0
496564,0.0,0.0,0.0,0.0,0.0,0.0,0.0
496609,0.0,0.0,0.0,0.0,0.0,1.0,0.0
497109,0.0,0.0,0.0,0.0,0.0,0.0,0.0
497113,0.0,0.0,0.0,0.0,0.0,1.0,0.0
497613,0.0,0.0,0.0,0.0,0.0,0.0,0.0
497903,0.0,0.0,0.0,0.0,0.0,1.0,0.0
498403,0.0,0.0,0.0,0.0,0.0,0.0,0.0
498465,0.0,0.0,0.0,0.0,0.0,1.0,0.0
498467,0.0,0.0,0.0,0.0,0.0,2.0,0.0
498578,0.0,2.0,0.0,0.0,0.0,2.0,0.0
498967,0.0,2.0,0.0,0.0,0.0,0.0,0.0
499078,0.0,0.0,0.0,0.0,0.0,0.0,0.0
499116,0.0,0.0,0.0,0.0,0.0,1.0,0.0
499616,0.0,0.0,0.0,0.0,0.0,0.0,0.0
503657,0.0,0.0,0.0,0.0,0.0,1.0,0.0
504157,0.0,0.0,0.0,0.0,0.0,0.0,0.0
506392,0.0,0.0,0.0,0.0,0.0,1.0,0.0
506395,0.0,0.0,0.0,0.0,1.0,1.0,0.0
506399,0.0,0.0,0.0,0.0,1.0,2.0,0.0
506400,0.0,0.0,0.0,0.0,2.0,2.0,0.0
506899,0.0,0.0,0.0,0.0,2.0,0.0,0.0
506900,0.0,0.0,0.0,0.0,0.0,0.0,0.0
507719,0.0,0.0,0.0,0.0,0.0,1.0,0.0
508219,0.0,0.0,0.0,0.0,0.0,0.0,0.0
508526,0.0,0.0,0.0,0.0,0.0,1.0,0.0
509026,0.0,0.0,0.0,0.0,0.0,0.0,0.0
509520,0.0,0.0,0.0,0.0,1.0,0.0,0.0
510020,0.0,0.0,0.0,0.0,0.0,0.0,0.0
515808,0.0,0.0,0.0,0.0,0.0,1.0,0.0
516308,0.0,0.0,0.0,0.0,0.0,0.0,0.0
517490,0.0,0.0,0.0,0.0,0.0,1.0,0.0
517990,0.0,0.0,0.0,0.0,0.0,0.0,0.0
518013,0.0,0.0,0.0,0.0,1.0,0.0,0.0
518144,0.0,0.0,0.0,0.0,1.0,1.0,0.0
518220,0.0,0.0,0.0,0.0,1.0,2.0,0.0
518513,0.0,0.0,0.0,0.0,0.0,2.0,0.0
518720,0.0,0.0,0.0,0.0,0.0,0.0,0.0
521920,0.0,0.0,0.0,0.0,0.0,1.0,0.0
522420,0.0,0.0,0.0,0.0,0.0,0.0,0.0
522482,0.0,0.0,0.0,0.0,0.0,1.0,0.0
522982,0.0,0.0,0.0,0.0,0.0,0.0,0.0
523296,0.0,0.0,0.0,0.0,0.0,1.0,0.0
523697,0.0,0.0,0.0,0.0,0.0,2.0,0.0
524197,0.0,0.0,0.0,0.0,0.0,0.0,0.0
526811,0.0,0.0,0.0,0.0,0.0,1.0,0.0
527311,0.0,0.0,0.0,0.0,0.0,0.0,0.0
528879,0.0,0.0,0.0,0.0,0.0,1.0,0.0
529379,0.0,0.0,0.0,0.0,0.0,0.0,0.0
534687,0.0,0.0,0.0,0.0,0.0,1.0,0.0
535187,0.0,0.0,0.0,0.0,0.0,0.0,0.0
535239,0.0,0.0,0.0,0.0,0.0,1.0,0.0
535739,0.0,0.0,0.0,0.0,0.0,0.0,0.0
536128,0.0,0.0,0.0,0.0,0.0,1.0,0.0
536628,0.0,0.0,0.0,0.0,0.0,0.0,0.0
539674,0.0,0.0,0.0,0.0,0.0,1.0,0.0
540174,0.0,0.0,0.0,0.0,0.0,0.0,0.0
543795,0.0,0.0,0.0,0.0,0.0,1.0,0.0
544295,0.0,0.0,0.0,0.0,0.0,0.0,0.0
544712,0.0,0.0,0.0,0.0,0.0,1.0,0.0
545212,0.0,0.0,0.0,0.0,0.0,0.0,0.0
548443,0.0,0.0,0.0,0.0,0.0,1.0,0.0
548943,0.0,0.0,0.0,0.0,0.0,0.0,0.0
549305,0.0,0.0,0.0,0.0,0.0,1.0,0.0
549805,0.0,0.0,0.0,0.0,0.0,0.0,0.0
550640,0.0,0.0,0.0,0.0,0.0,1.0,0.0
551140,0.0,0.0,0.0,0.0,0.0,0.0,0.0
551171,0.0,0.0,0.0,0.0,0.0,1.0,0.0
551671,0.0,0.0,0.0,0.0,0.0,0.0,0.0
551880,0.0,0.0,0.0,0.0,0.0,1.0,0.0
552380,0.0,0.0,0.0,0.0,0.0,0.0,0.0
556463,0.0,0.0,0.0,0.0,0.0,1.0,0.0
556879,0.0,0.0,0.0,0.0,0.0,2.0,0.0
557379,0.0,0.0,0.0,0.0,0.0,0.0,0.0
561722,0.0,0.0,0.0,0.0,0.0,1.0,0.0
562222,0.0,0.0,0.0,0.0,0.0,0.0,0.0
566212,0.0,0.0,0.0,0.0,0.0,1.0,0.0
566214,0.0,0.0,0.0,0.0,0.0,2.0,0.0
566714,0.0,0.0,0.0,0.0,0.0,0.0,0.0
569747,0.0,0.0,0.0,0.0,0.0,1.0,0.0
570247,0.0,0.0,0.0,0.0,0.0,0.0,0.0
570565,0.0,0.0,0.0,0.0,0.0,1.0,0.0
571065,0.0,0.0,0.0,0.0,0.0,0.0,0.0
571409,0.0,0.0,0.0,0.0,0.0,1.0,0.0
571909,0.0,0.0,0.0,0.0,0.0,0.0,0.0
573156,0.0,0.0,0.0,0.0,0.0,1.0,0.0
573656,0.0,0.0,0.0,0.0,0.0,0.0,0.0
574694,0.0,0.0,0.0,0.0,0.0,1.0,0.0
575194,0.0,0.0,0.0,0.0,0.0,0.0,0.0
575490,0.0,0.0,0.0,0.0,0.0,1.0,0.0
575990,0.0,0.0,0.0,0.0,0.0,0.0,0.0
576257,0.0,0.0,0.0,0.0,0.0,1.0,0.0
576757,0.0,0.0,0.0,0.0,0.0,0.0,0.0
576988,0.0,2.0,0.0,0.0,0.0,0.0,0.0
576991,0.0,2.0,0.0,0.0,0.0,1.0,0.0
577488,0.0,0.0,0.0,0.0,0.0,1.0,0.0
577491,0.0,0.0,0.0,0.0,0.0,0.0,0.0
577956,0.0,0.0,0.0,0.0,0.0,1.0,0.0
577978,0.0,0.0,0.0,0.0,0.0,2.0,0.0
578478,0.0,0.0,0.0,0.0,0.0,0.0,0.0
581127,0.0,0.0,0.0,0.0,0.0,1.0,0.0
581627,0.0,0.0,0.0,0.0,0.0,0.0,0.0
582801,0.0,0.0,0.0,0.0,0.0,1.0,0.0
583301,0.0,0.0,0.0,0.0,0.0,0.0,0.0
584183,0.0,0.0,0.0,0.0,0.0,1.0,0.0
584259,0.0,2.0,0.0,0.0,0.0,1.0,0.0
584683,0.0,2.0,0.0,0.0,0.0,0.0,0.0
584759,0.0,0.0,0.0,0.0,0.0,0.0,0.0
590663,0.0,0.0,0.0,0.0,0.0,1.0,0.0
591163,0.0,0.0,0.0,0.0,0.0,0.0,0.0
592144,0.0,0.0,0.0,0.0,0.0,1.0,0.0
592644,0.0,0.0,0.0,0.0,0.0,0.0,0.0
594212,0.0,0.0,0.0,0.0,0.0,1.0,0.0
594712,0.0,0.0,0.0,0.0,0.0,0.0,0.0
595626,0.0,0.0,0.0,0.0,0.0,1.0,0.0
596126,0.0,0.0,0.0,0.0,0.0,0.0,0.0
596150,0.0,0.0,0.0,0.0,0.0,1.0,0.0
596650,0.0,0.0,0.0,0.0,0.0,0.0,0.0
597284,0.0,0.0,0.0,0.0,0.0,1.0,0.0
597784,0.0,0.0,0.0,0.0,0.0,0.0,0.0
597954,0.0,0.0,0.0,0.0,0.0,1.0,0.0
598348,0.0,0.0,0.0,0.0,1.0,2.0,0.0
598848,0.0,0.0,0.0,0.0,0.0,0.0,0.0
600000,0.0,0.0,0.0,0.0,0.0,0.0,1.0
600018,0.0,0.0,0.0,0.0,0.0,1.0,1.0
600176,0.0,2.0,0.0,0.0,0.0,1.0,1.0
600181,0.0,2.0,0.0,0.0,0.0,2.0,1.0
600191,2.0,2.0,0.0,0.0,0.0,2.0,1.0
600318,2.0,2.0,0.0,0.0,1.0,2.0,1.0
600384,2.0,2.0,0.0,0.0,2.0,2.0,1.0
600500,2.0,2.0,0.0,0.0,2.0,2.0,0.0
600676,2.0,0.0,0.0,0.0,2.0,2.0,0.0
600681,2.0,0.0,0.0,0.0,2.0,0.0,0.0
600691,0.0,0.0,0.0,0.0,2.0,0.0,0.0
600772,0.0,0.0,0.0,0.0,2.0,1.0,0.0
600884,0.0,0.0,0.0,0.0,0.0,1.0,0.0
601272,0.0,0.0,0.0,0.0,0.0,0.0,0.0
601396,0.0,0.0,0.0,0.0,0.0,1.0,0.0
601896,0.0,0.0,0.0,0.0,0.0,0.0,0.0
601904,0.0,0.0,0.0,0.0,0.0,1.0,0.0
602265,0.0,0.0,1.0,0.0,0.0,1.0,0.0
602271,2.0,0.0,1.0,0.0,0.0,1.0,0.0
602404,2.0,0.0,1.0,0.0,0.0,0.0,0.0
602771,0.0,0.0,1.0,0.0,0.0,0.0,0.0
603320,0.0,0.0,1.0,0.0,0.0,1.0,0.0
603820,0.0,0.0,1.0,0.0,0.0,0.0,0.0
603838,0.0,0.0,1.0,0.0,0.0,1.0,0.0
603868,0.0,0.0,1.0,0.0,0.0,2.0,0.0
604368,0.0,0.0,1.0,0.0,0.0,0.0,0.0
605655,0.0,0.0,2.0,0.0,0.0,0.0,0.0
606099,0.0,0.0,2.0,0.0,0.0,1.0,0.0
606155,0.0,0.0,0.0,0.0,0.0,1.0,0.0
606599,0.0,0.0,0.0,0.0,0.0,0.0,0.0
607326,0.0,0.0,0.0,0.0,0.0,1.0,0.0
607332,0.0,0.0,1.0,0.0,0.0,1.0,0.0
607650,0.0,0.0,1.0,0.0,1.0,1.0,0.0
607826,0.0,0.0,1.0,0.0,1.0,0.0,0.0
608150,0.0,0.0,1.0,0.0,0.0,0.0,0.0
609045,0.0,0.0,1.0,0.0,0.0,1.0,0.0
609545,0.0,0.0,1.0,0.0,0.0,0.0,0.0
611332,0.0,0.0,1.0,0.0,0.0,1.0,0.0
611832,0.0,0.0,1.0,0.0,0.0,0.0,0.0
612227,0.0,0.0,1.0,0.0,0.0,1.0,0.0
612727,0.0,0.0,1.0,0.0,0.0,0.0,0.0
612865,0.0,0.0,1.0,0.0,0.0,1.0,0.0
612867,0.0,0.0,1.0,0.0,0.0,2.0,0.0
613367,0.0,0.0,1.0,0.0,0.0,0.0,0.0
614382,0.0,0.0,1.0,0.0,0.0,1.0,0.0
614882,0.0,0.0,1.0,0.0,0.0,0.0,0.0
615132,0.0,0.0,1.0,0.0,0.0,1.0,0.0
615632,0.0,0.0,1.0,0.0,0.0,0.0,0.0
616215,0.0,0.0,1.0,0.0,0.0,1.0,0.0
616268,0.0,0.0,1.0,0.0,0.0,2.0,0.0
616768,0.0,0.0,1.0,0.0,0.0,0.0,0.0
617742,0.0,0.0,1.0,0.0,0.0,1.0,0.0
618085,0.0,0.0,1.0,0.0,0.0,2.0,0.0
618585,0.0,0.0,1.0,0.0,0.0,0.0,0.0
618830,0.0,0.0,1.0,0.0,0.0,1.0,0.0
619330,0.0,0.0,1.0,0.0,0.0,0.0,0.0
620393,0.0,0.0,1.0,0.0,0.0,1.0,0.0
620893,0.0,0.0,1.0,0.0,0.0,0.0,0.0
621433,0.0,0.0,1.0,0.0,0.0,1.0,0.0
621933,0.0,0.0,1.0,0.0,0.0,0.0,0.0
621940,0.0,0.0,1.0,0.0,0.0,1.0,0.0
622275,0.0,0.0,1.0,0.0,0.0,2.0,0.0
622775,0.0,0.0,1.0,0.0,0.0,0.0,0.0
622848,0.0,0.0,1.0,0.0,0.0,1.0,0.0
623348,0.0,0.0,1.0,0.0,0.0,0.0,0.0
623392,0.0,0.0,1.0,0.0,0.0,1.0,0.0
623848,0.0,0.0,1.0,0.0,0.0,2.0,0.0
624348,0.0,0.0,1.0,0.0,0.0,0.0,0.0
625616,0.0,0.0,1.0,0.0,0.0,1.0,0.0
626116,0.0,0.0,1.0,0.0,0.0,0.0,0.0
626273,0.0,0.0,1.0,0.0,0.0,1.0,0.0
626275,0.0,0.0,1.0,0.0,0.0,2.0,0.0
626278,0.0,0.0,1.0,0.0,1.0,2.0,0.0
626299,0.0,0.0,1.0,0.0,2.0,2.0,0.0
626775,0.0,0.0,1.0,0.0,2.0,0.0,0.0
626799,0.0,0.0,1.0,0.0,0.0,0.0,0.0
627035,0.0,0.0,1.0,0.0,0.0,1.0,0.0
627535,0.0,0.0,1.0,0.0,0.0,0.0,0.0
627539,0.0,0.0,1.0,0.0,0.0,1.0,0.0
628039,0.0,0.0,1.0,0.0,0.0,0.0,0.0
628608,0.0,0.0,1.0,0.0,0.0,1.0,0.0
629108,0.0,0.0,1.0,0.0,0.0,0.0,0.0
629666,0.0,0.0,1.0,0.0,0.0,1.0,0.0
629670,0.0,0.0,1.0,0.0,0.0,2.0,0.0
630170,0.0,0.0,1.0,0.0,0.0,0.0,0.0
630773,0.0,0.0,1.0,0.0,0.0,1.0,0.0
631273,0.0,0.0,1.0,0.0,0.0,0.0,0.0
631479,0.0,0.0,1.0,0.0,0.0,1.0,0.0
631483,0.0,0.0,1.0,0.0,1.0,1.0,0.0
631979,0.0,0.0,1.0,0.0,1.0,0.0,0.0
631983,0.0,0.0,1.0,0.0,0.0,0.0,0.0
632201,0.0,0.0,1.0,0.0,0.0,1.0,0.0
632701,0.0,0.0,1.0,0.0,0.0,0.0,0.0
632846,0.0,0.0,1.0,0.0,0.0,1.0,0.0
633346,0.0,0.0,1.0,0.0,0.0,0.0,0.0
633762,0.0,0.0,1.0,0.0,0.0,1.0,0.0
634262,0.0,0.0,1.0,0.0,0.0,0.0,0.0
634583,0.0,0.0,1.0,0.0,0.0,1.0,0.0
635083,0.0,0.0,1.0,0.0,0.0,0.0,0.0
635099,0.0,0.0,1.0,0.0,0.0,1.0,0.0
635101,0.0,0.0,1.0,0.0,0.0,2.0,0.0
635235,0.0,2.0,1.0,0.0,0.0,2.0,0.0
635601,0.0,2.0,1.0,0.0,0.0,0.0,0.0
635691,0.0,2.0,1.0,0.0,0.0,1.0,0.0
635735,0.0,0.0,1.0,0.0,0.0,1.0,0.0
636191,0.0,0.0,1.0,0.0,0.0,0.0,0.0
636680,0.0,0.0,1.0,0.0,0.0,1.0,0.0
637090,0.0,0.0,1.0,0.0,0.0,2.0,0.0
637590,0.0,0.0,1.0,0.0,0.0,0.0,0.0
637833,0.0,0.0,1.0,0.0,0.0,1.0,0.0
637981,0.0,0.0,1.0,0.0,0.0,2.0,0.0
638481,0.0,0.0,1.0,0.0,0.0,0.0,0.0
639561,0.0,0.0,1.0,0.0,0.0,1.0,0.0
639731,0.0,0.0,1.0,0.0,0.0,2.0,0.0
640231,0.0,0.0,1.0,0.0,0.0,0.0,0.0
640632,0.0,0.0,1.0,0.0,0.0,1.0,0.0
641132,0.0,0.0,1.0,0.0,0.0,0.0,0.0
641443,0.0,0.0,1.0,0.0,0.0,1.0,0.0
641943,0.0,0.0,1.0,0.0,0.0,0.0,0.0
643046,0.0,0.0,1.0,0.0,0.0,1.0,0.0
643546,0.0,0.0,1.0,0.0,0.0,0.0,0.0
644720,0.0,0.0,1.0,0.0,0.0,1.0,0.0
645220,0.0,0.0,1.0,0.0,0.0,0.0,0.0
645276,0.0,0.0,1.0,0.0,0.0,1.0,0.0
645298,0.0,0.0,1.0,0.0,0.0,2.0,0.0
645798,0.0,0.0,1.0,0.0,0.0,0.0,0.0
646133,0.0,0.0,1.0,0.0,0.0,1.0,0.0
646216,0.0,0.0,1.0,0.0,1.0,1.0,0.0
646219,0.0,0.0,1.0,0.0,1.0,2.0,0.0
646716,0.0,0.0,1.0,0.0,0.0,2.0,0.0
646719,0.0,0.0,1.0,0.0,0.0,0.0,0.0
647745,0.0,0.0,1.0,0.0,0.0,1.0,0.0
647770,0.0,0.0,1.0,0.0,0.0,2.0,0.0
648270,0.0,0.0,1.0,0.0,0.0,0.0,0.0
648560,0.0,0.0,1.0,0.0,0.0,1.0,0.0
649060,0.0,0.0,1.0,0.0,0.0,0.0,0.0
649161,0.0,0.0,1.0,0.0,0.0,1.0,0.0
649661,0.0,0.0,1.0,0.0,0.0,0.0,0.0
649706,0.0,0.0,1.0,0.0,0.0,1.0,0.0
649708,0.0,0.0,1.0,0.0,0.0,2.0,0.0
650208,0.0,0.0,1.0,0.0,0.0,0.0,0.0
650219,0.0,0.0,1.0,0.0,0.0,1.0,0.0
650222,0.0,0.0,1.0,0.0,0.0,2.0,0.0
650722,0.0,0.0,1.0,0.0,0.0,0.0,0.0
651023,0.0,0.0,1.0,0.0,0.0,1.0,0.0
651523,0.0,0.0,1.0,0.0,0.0,0.0,0.0
651573,0.0,0.0,1.0,0.0,0.0,1.0,0.0
651705,0.0,0.0,1.0,0.0,0.0,2.0,0.0
652205,0.0,0.0,1.0,0.0,0.0,0.0,0.0
652295,0.0,0.0,1.0,0.0,0.0,1.0,0.0
652320,0.0,2.0,1.0,0.0,0.0,2.0,0.0
652820,0.0,0.0,1.0,0.0,0.0,0.0,0.0
654009,0.0,0.0,1.0,0.0,0.0,1.0,0.0
654509,0.0,0.0,1.0,0.0,0.0,0.0,0.0
654947,0.0,0.0,1.0,0.0,0.0,1.0,0.0
655447,0.0,0.0,1.0,0.0,0.0,0.0,0.0
655533,0.0,0.0,1.0,0.0,0.0,1.0,0.0
655762,0.0,0.0,1.0,0.0,0.0,2.0,0.0
656262,0.0,0.0,1.0,0.0,0.0,0.0,0.0
657196,0.0,0.0,1.0,0.0,0.0,1.0,0.0
657696,0.0,0.0,1.0,0.0,0.0,0.0,0.0
657942,0.0,0.0,1.0,0.0,0.0,1.0,0.0
658442,0.0,0.0,1.0,0.0,0.0,0.0,0.0
659846,0.0,0.0,1.0,0.0,0.0,1.0,0.0
660346,0.0,0.0,1.0,0.0,0.0,0.0,0.0
660801,0.0,0.0,1.0,0.0,0.0,1.0,0.0
660831,0.0,0.0,1.0,0.0,0.0,2.0,0.0
661331,0.0,0.0,1.0,0.0,0.0,0.0,0.0
661603,0.0,0.0,1.0,0.0,0.0,1.0,0.0
662103,0.0,0.0,1.0,0.0,0.0,0.0,0.0
662537,0.0,0.0,1.0,0.0,0.0,1.0,0.0
662938,0.0,0.0,1.0,0.0,0.0,2.0,0.0
663438,0.0,0.0,1.0,0.0,0.0,0.0,0.0
663656,0.0,0.0,1.0,0.0,0.0,1.0,0.0
664159,0.0,0.0,1.0,0.0,0.0,2.0,0.0
664659,0.0,0.0,1.0,0.0,0.0,0.0,0.0
665205,0.0,0.0,1.0,0.0,0.0,1.0,0.0
665207,0.0,2.0,1.0,0.0,0.0,2.0,0.0
665707,0.0,0.0,1.0,0.0,0.0,0.0,0.0
665930,0.0,0.0,1.0,0.0,0.0,1.0,0.0
666380,0.0,0.0,1.0,0.0,0.0,2.0,0.0
666880,0.0,0.0,1.0,0.0,0.0,0.0,0.0
667354,0.0,0.0,1.0,0.0,0.0,1.0,0.0
667854,0.0,0.0,1.0,0.0,0.0,0.0,0.0
668081,0.0,2.0,1.0,0.0,0.0,0.0,0.0
668581,0.0,0.0,1.0,0.0,0.0,0.0,0.0
668846,0.0,0.0,1.0,0.0,0.0,1.0,0.0
669346,0.0,0.0,1.0,0.0,0.0,0.0,0.0
669658,0.0,0.0,1.0,0.0,0.0,1.0,0.0
669663,0.0,0.0,1.0,0.0,0.0,2.0,0.0
670163,0.0,0.0,1.0,0.0,0.0,0.0,0.0
670341,0.0,0.0,1.0,0.0,0.0,1.0,0.0
670841,0.0,0.0,1.0,0.0,0.0,0.0,0.0
671304,0.0,0.0,1.0,0.0,0.0,1.0,0.0
671312,0.0,0.0,1.0,0.0,0.0,2.0,0.0
671812,0.0,0.0,1.0,0.0,0.0,0.0,0.0
672116,0.0,0.0,1.0,0.0,0.0,1.0,0.0
672616,0.0,0.0,1.0,0.0,0.0,0.0,0.0
672619,0.0,0.0,1.0,0.0,0.0,1.0,0.0
672985,0.0,0.0,1.0,0.0,0.0,2.0,0.0
673485,0.0,0.0,1.0,0.0,0.0,0.0,0.0
673495,0.0,0.0,1.0,0.0,0.0,1.0,0.0
673995,0.0,0.0,1.0,0.0,0.0,0.0,0.0
674176,0.0,0.0,1.0,0.0,0.0,1.0,0.0
674676,0.0,0.0,1.0,0.0,0.0,0.0,0.0
676520,0.0,0.0,1.0,0.0,0.0,1.0,0.0
677020,0.0,0.0,1.0,0.0,0.0,0.0,0.0
677192,0.0,0.0,1.0,0.0,0.0,1.0,0.0
677692,0.0,0.0,1.0,0.0,0.0,0.0,0.0
677877,0.0,0.0,1.0,0.0,0.0,1.0,0.0
678377,0.0,0.0,1.0,0.0,0.0,0.0,0.0
678830,0.0,0.0,1.0,0.0,0.0,1.0,0.0
679048,0.0,0.0,1.0,0.0,0.0,2.0,0.0
679548,0.0,0.0,1.0,0.0,0.0,0.0,0.0
679549,0.0,0.0,1.0,0.0,0.0,1.0,0.0
679551,0.0,0.0,1.0,0.0,0.0,2.0,0.0
680051,0.0,0.0,1.0,0.0,0.0,0.0,0.0
680338,0.0,0.0,1.0,0.0,0.0,1.0,0.0
680555,0.0,0.0,1.0,0.0,0.0,2.0,0.0
681055,0.0,0.0,1.0,0.0,0.0,0.0,0.0
681243,0.0,0.0,1.0,0.0,0.0,1.0,0.0
681247,0.0,0.0,1.0,0.0,0.0,2.0,0.0
681747,0.0,0.0,1.0,0.0,0.0,0.0,0.0
682412,0.0,0.0,1.0,0.0,0.0,1.0,0.0
682912,0.0,0.0,1.0,0.0,0.0,0.0,0.0
683277,0.0,0.0,1.0,0.0,0.0,1.0,0.0
683284,0.0,0.0,1.0,0.0,0.0,2.0,0.0
683784,0.0,0.0,1.0,0.0,0.0,0.0,0.0
684873,0.0,0.0,1.0,0.0,0.0,1.0,0.0
685373,0.0,0.0,1.0,0.0,0.0,0.0,0.0
686142,0.0,0.0,1.0,0.0,1.0,1.0,0.0
686642,0.0,0.0,1.0,0.0,0.0,0.0,0.0
687246,0.0,0.0,1.0,0.0,0.0,1.0,0.0
687656,0.0,0.0,1.0,0.0,0.0,2.0,0.0
688156,0.0,0.0,1.0,0.0,0.0,0.0,0.0
689222,0.0,0.0,1.0,0.0,0.0,1.0,0.0
689458,0.0,0.0,1.0,0.0,0.0,2.0,0.0
689958,0.0,0.0,1.0,0.0,0.0,0.0,0.0
691053,0.0,0.0,1.0,0.0,0.0,1.0,0.0
691160,0.0,0.0,1.0,0.0,0.0,2.0,0.0
691660,0.0,0.0,1.0,0.0,0.0,0.0,0.0
693061,0.0,0.0,1.0,0.0,0.0,1.0,0.0
693561,0.0,0.0,1.0,0.0,0.0,0.0,0.0
694152,0.0,0.0,1.0,0.0,0.0,1.0,0.0
694652,0.0,0.0,1.0,0.0,0.0,0.0,0.0
695163,0.0,0.0,1.0,0.0,0.0,1.0,0.0
695663,0.0,0.0,1.0,0.0,0.0,0.0,0.0
695664,0.0,0.0,1.0,0.0,0.0,1.0,0.0
695762,0.0,0.0,1.0,0.0,0.0,2.0,0.0
696262,0.0,0.0,1.0,0.0,0.0,0.0,0.0
696909,0.0,0.0,1.0,0.0,0.0,1.0,0.0
697409,0.0,0.0,1.0,0.0,0.0,0.0,0.0
698656,0.0,0.0,1.0,0.0,0.0,1.0,0.0
699156,0.0,0.0,1.0,0.0,0.0,0.0,0.0
699280,0.0,0.0,1.0,0.0,0.0,1.0,0.0
699780,0.0,0.0,1.0,0.0,0.0,0.0,0.0
700503,0.0,0.0,1.0,0.0,0.0,1.0,0.0
701003,0.0,0.0,1.0,0.0,0.0,0.0,0.0
701367,0.0,0.0,1.0,0.0,0.0,1.0,0.0
701867,0.0,0.0,1.0,0.0,0.0,0.0,0.0
703299,0.0,0.0,1.0,0.0,0.0,1.0,0.0
703799,0.0,0.0,1.0,0.0,0.0,0.0,0.0
704332,0.0,0.0,0.0,0.0,0.0,0.0,0.0
705384,0.0,0.0,0.0,0.0,0.0,1.0,0.0
705884,0.0,0.0,0.0,0.0,0.0,0.0,0.0
706643,0.0,0.0,0.0,0.0,0.0,1.0,0.0
707143,0.0,0.0,0.0,0.0,0.0,0.0,0.0
709446,0.0,0.0,0.0,0.0,0.0,1.0,0.0
709946,0.0,0.0,0.0,0.0,0.0,0.0,0.0
711347,0.0,0.0,0.0,0.0,0.0,1.0,0.0
711847,0.0,0.0,0.0,0.0,0.0,0.0,0.0
713463,0.0,0.0,0.0,0.0,0.0,1.0,0.0
713963,0.0,0.0,0.0,0.0,0.0,0.0,0.0
714042,0.0,0.0,0.0,0.0,0.0,1.0,0.0
714542,0.0,0.0,0.0,0.0,0.0,0.0,0.0
715572,0.0,0.0,0.0,0.0,0.0,1.0,0.0
716054,0.0,0.0,0.0,0.0,0.0,2.0,0.0
716554,0.0,0.0,0.0,0.0,0.0,0.0,0.0
726036,0.0,0.0,0.0,0.0,0.0,1.0,0.0
726536,0.0,0.0,0.0,0.0,0.0,0.0,0.0
726815,0.0,0.0,0.0,0.0,0.0,1.0,0.0
727315,0.0,0.0,0.0,0.0,0.0,0.0,0.0
729591,0.0,0.0,0.0,0.0,0.0,1.0,0.0
730091,0.0,0.0,0.0,0.0,0.0,0.0,0.0
731683,0.0,0.0,0.0,0.0,0.0,1.0,0.0
732183,0.0,0.0,0.0,0.0,0.0,0.0,0.0
733585,0.0,0.0,0.0,0.0,0.0,1.0,0.0
734085,0.0,0.0,0.0,0.0,0.0,0.0,0.0
736066,0.0,0.0,0.0,0.0,0.0,1.0,0.0
736566,0.0,0.0,0.0,0.0,0.0,0.0,0.0
736636,0.0,0.0,0.0,0.0,0.0,1.0,0.0
737136,0.0,0.0,0.0,0.0,0.0,0.0,0.0
739910,0.0,0.0,0.0,0.0,0.0,1.0,0.0
740410,0.0,0.0,0.0,0.0,0.0,0.0,0.0
741896,0.0,0.0,0.0,0.0,0.0,1.0,0.0
742396,0.0,0.0,0.0,0.0,0.0,0.0,0.0
747392,0.0,0.0,0.0,0.0,0.0,1.0,0.0
747892,0.0,0.0,0.0,0.0,0.0,0.0,0.0
748156,0.0,0.0,0.0,0.0,0.0,1.0,0.0
748656,0.0,0.0,0.0,0.0,0.0,0.0,0.0
750129,0.0,0.0,0.0,0.0,0.0,1.0,0.0
750629,0.0,0.0,0.0,0.0,0.0,0.0,0.0
753251,0.0,0.0,0.0,0.0,0.0,1.0,0.0
753751,0.0,0.0,0.0,0.0,0.0,0.0,0.0
754985,0.0,0.0,0.0,0.0,0.0,1.0,0.0
755190,0.0,0.0,0.0,0.0,0.0,2.0,0.0
755690,0.0,0.0,0.0,0.0,0.0,0.0,0.0
757822,0.0,0.0,0.0,0.0,0.0,1.0,0.0
758322,0.0,0.0,0.0,0.0,0.0,0.0,0.0
762065,0.0,0.0,0.0,0.0,0.0,1.0,0.0
762565,0.0,0.0,0.0,0.0,0.0,0.0,0.0
763971,0.0,0.0,0.0,0.0,0.0,1.0,0.0
764471,0.0,0.0,0.0,0.0,0.0,0.0,0.0
769309,0.0,0.0,0.0,0.0,0.0,1.0,0.0
769809,0.0,0.0,0.0,0.0,0.0,0.0,0.0
771524,0.0,0.0,0.0,0.0,0.0,1.0,0.0
772024,0.0,0.0,0.0,0.0,0.0,0.0,0.0
773121,0.0,0.0,0.0,0.0,0.0,1.0,0.0
773621,0.0,0.0,0.0,0.0,0.0,0.0,0.0
774366,0.0,0.0,0.0,0.0,0.0,1.0,0.0
774621,0.0,0.0,0.0,0.0,0.0,2.0,0.0
775121,0.0,0.0,0.0,0.0,0.0,0.0,0.0
776722,0.0,0.0,0.0,0.0,0.0,1.0,0.0
777222,0.0,0.0,0.0,0.0,0.0,0.0,0.0
777925,0.0,0.0,0.0,0.0,0.0,1.0,0.0
778425,0.0,0.0,0.0,0.0,0.0,0.0,0.0
782330,0.0,0.0,0.0,0.0,0.0,1.0,0.0
782830,0.0,0.0,0.0,0.0,0.0,0.0,0.0
783817,0.0,0.0,0.0,0.0,0.0,1.0,0.0
784317,0.0,0.0,0.0,0.0,0.0,0.0,0.0
786366,0.0,0.0,0.0,0.0,0.0,1.0,0.0
786866,0.0,0.0,0.0,0.0,0.0,0.0,0.0
789741,0.0,0.0,0.0,0.0,0.0,1.0,0.0
790241,0.0,0.0,0.0,0.0,0.0,0.0,0.0
791088,0.0,0.0,0.0,0.0,0.0,1.0,0.0
791588,0.0,0.0,0.0,0.0,0.0,0.0,0.0
794722,0.0,0.0,0.0,0.0,0.0,1.0,0.0
795222,0.0,0.0,0.0,0.0,0.0,0.0,0.0
796064,0.0,0.0,0.0,0.0,0.0,1.0,0.0
796564,0.0,0.0,0.0,0.0,0.0,0.0,0.0
796787,0.0,0.0,0.0,0.0,0.0,1.0,0.0
797287,0.0,0.0,0.0,0.0,0.0,0.0,0.0
799948,0.0,0.0,0.0,0.0,0.0,1.0,0.0
799950,0.0,0.0,0.0,0.0,0.0,2.0,0.0
800000,0.0,0.0,0.0,0.0,0.0,2.0,1.0
800319,2.0,0.0,0.0,0.0,0.0,2.0,1.0
800359,2.0,0.0,0.0,0.0,1.0,2.0,1.0
800418,2.0,2.0,0.0,0.0,1.0,2.0,1.0
800431,2.0,2.0,0.0,0.0,2.0,2.0,1.0
800450,2.0,2.0,0.0,0.0,2.0,0.0,1.0
800500,2.0,2.0,0.0,0.0,2.0,0.0,0.0
800819,0.0,2.0,0.0,0.0,2.0,0.0,0.0
800830,0.0,2.0,0.0,0.0,2.0,1.0,0.0
800918,0.0,0.0,0.0,0.0,2.0,1.0,0.0
800931,0.0,0.0,0.0,0.0,0.0,1.0,0.0
801055,2.0,0.0,0.0,0.0,0.0,1.0,0.0
801131,2.0,0.0,0.0,0.0,0.0,2.0,0.0
801555,0.0,0.0,0.0,0.0,0.0,2.0,0.0
801631,0.0,0.0,0.0,0.0,0.0,0.0,0.0
801885,0.0,0.0,0.0,0.0,0.0,1.0,0.0
802225,0.0,0.0,0.0,0.0,0.0,2.0,0.0
802512,0.0,0.0,1.0,0.0,0.0,2.0,0.0
802725,0.0,0.0,1.0,0.0,0.0,0.0,0.0
803111,0.0,0.0,1.0,0.0,1.0,0.0,0.0
803119,0.0,0.0,1.0,0.0,1.0,1.0,0.0
803611,0.0,0.0,1.0,0.0,0.0,1.0,0.0
803619,0.0,0.0,1.0,0.0,0.0,0.0,0.0
803846,0.0,0.0,1.0,0.0,0.0,1.0,0.0
804346,0.0,0.0,1.0,0.0,0.0,0.0,0.0
804753,0.0,0.0,1.0,0.0,0.0,1.0,0.0
805253,0.0,0.0,1.0,0.0,0.0,0.0,0.0
805300,0.0,0.0,1.0,0.0,0.0,1.0,0.0
805570,0.0,0.0,2.0,0.0,0.0,1.0,0.0
805800,0.0,0.0,2.0,0.0,0.0,0.0,0.0
806070,0.0,0.0,0.0,0.0,0.0,0.0,0.0
806111,0.0,0.0,0.0,0.0,0.0,1.0,0.0
806136,0.0,0.0,1.0,0.0,0.0,1.0,0.0
806137,0.0,0.0,1.0,0.0,0.0,2.0,0.0
806636,0.0,0.0,0.0,0.0,0.0,2.0,0.0
806637,0.0,0.0,0.0,0.0,0.0,0.0,0.0
807108,0.0,0.0,0.0,0.0,0.0,1.0,0.0
807520,0.0,0.0,0.0,0.0,0.0,2.0,0.0
808020,0.0,0.0,0.0,0.0,0.0,0.0,0.0
808853,0.0,0.0,0.0,0.0,0.0,1.0,0.0
808855,0.0,0.0,0.0,0.0,0.0,2.0,0.0
809355,0.0,0.0,0.0,0.0,0.0,1.0,0.0
809440,0.0,0.0,0.0,0.0,1.0,2.0,0.0
809442,0.0,0.0,0.0,0.0,2.0,2.0,0.0
809940,0.0,0.0,0.0,0.0,2.0,0.0,0.0
809942,0.0,0.0,0.0,0.0,0.0,0.0,0.0
811076,0.0,0.0,0.0,0.0,0.0,1.0,0.0
811576,0.0,0.0,0.0,0.0,0.0,0.0,0.0
811760,0.0,0.0,0.0,0.0,0.0,1.0,0.0
811774,0.0,0.0,0.0,0.0,0.0,2.0,0.0
811876,0.0,0.0,1.0,0.0,0.0,2.0,0.0
812274,0.0,0.0,1.0,0.0,0.0,0.0,0.0
812342,0.0,0.0,1.0,0.0,0.0,1.0,0.0
812353,0.0,2.0,1.0,0.0,0.0,1.0,0.0
812842,0.0,2.0,1.0,0.0,0.0,0.0,0.0
812853,0.0,0.0,1.0,0.0,0.0,0.0,0.0
813247,0.0,0.0,1.0,0.0,0.0,1.0,0.0
813674,0.0,0.0,1.0,0.0,0.0,2.0,0.0
814174,0.0,0.0,1.0,0.0,0.0,0.0,0.0
814876,0.0,0.0,0.0,0.0,0.0,0.0,0.0
814957,0.0,0.0,1.0,0.0,0.0,0.0,0.0
815482,0.0,0.0,1.0,0.0,0.0,1.0,0.0
815493,0.0,0.0,1.0,0.0,0.0,2.0,0.0
815993,0.0,0.0,1.0,0.0,0.0,0.0,0.0
816058,0.0,0.0,1.0,0.0,0.0,1.0,0.0
816558,0.0,0.0,1.0,0.0,0.0,0.0,0.0
817099,0.0,0.0,1.0,0.0,0.0,1.0,0.0
817119,0.0,0.0,1.0,0.0,0.0,2.0,0.0
817457,0.0,0.0,1.0,0.0,1.0,2.0,0.0
817503,0.0,0.0,1.0,0.0,2.0,2.0,0.0
817619,0.0,0.0,1.0,0.0,2.0,0.0,0.0
818003,0.0,0.0,1.0,0.0,0.0,0.0,0.0
819457,0.0,0.0,0.0,0.0,0.0,0.0,0.0
819696,0.0,0.0,0.0,0.0,0.0,1.0,0.0
819800,0.0,0.0,0.0,0.0,0.0,2.0,0.0
819805,0.0,0.0,1.0,0.0,0.0,2.0,0.0
820300,0.0,0.0,1.0,0.0,0.0,0.0,0.0
820416,0.0,0.0,1.0,0.0,0.0,1.0,0.0
820916,0.0,0.0,1.0,0.0,0.0,0.0,0.0
821170,0.0,0.0,1.0,0.0,0.0,1.0,0.0
821670,0.0,0.0,1.0,0.0,0.0,0.0,0.0
821695,0.0,0.0,1.0,0.0,0.0,1.0,0.0
822195,0.0,0.0,1.0,0.0,0.0,0.0,0.0
822305,0.0,0.0,0.0,0.0,0.0,0.0,0.0
822547,0.0,0.0,0.0,0.0,0.0,1.0,0.0
822552,0.0,0.0,0.0,0.0,0.0,2.0,0.0
822811,0.0,0.0,1.0,0.0,0.0,2.0,0.0
823052,0.0,0.0,1.0,0.0,0.0,0.0,0.0
823311,0.0,0.0,0.0,0.0,0.0,0.0,0.0
825056,0.0,0.0,0.0,0.0,1.0,1.0,0.0
825556,0.0,0.0,0.0,0.0,0.0,0.0,0.0
825792,0.0,0.0,0.0,0.0,0.0,1.0,0.0
826292,0.0,0.0,0.0,0.0,0.0,0.0,0.0
827434,0.0,0.0,0.0,0.0,0.0,1.0,0.0
827934,0.0,0.0,0.0,0.0,0.0,0.0,0.0
827953,0.0,0.0,0.0,0.0,0.0,1.0,0.0
828453,0.0,0.0,0.0,0.0,0.0,0.0,0.0
829010,0.0,0.0,0.0,0.0,0.0,1.0,0.0
829431,0.0,0.0,0.0,0.0,0.0,2.0,0.0
829931,0.0,0.0,0.0,0.0,0.0,0.0,0.0
830773,0.0,0.0,0.0,0.0,0.0,1.0,0.0
831273,0.0,0.0,0.0,0.0,0.0,0.0,0.0
831415,0.0,0.0,0.0,0.0,0.0,1.0,0.0
831915,0.0,0.0,0.0,0.0,0.0,0.0,0.0
832338,0.0,0.0,0.0,0.0,0.0,1.0,0.0
832838,0.0,0.0,0.0,0.0,0.0,0.0,0.0
833623,0.0,0.0,0.0,0.0,0.0,1.0,0.0
834123,0.0,0.0,0.0,0.0,0.0,0.0,0.0
836090,0.0,0.0,0.0,0.0,0.0,1.0,0.0
836590,0.0,0.0,0.0,0.0,0.0,0.0,0.0
838496,0.0,0.0,0.0,0.0,0.0,1.0,0.0
838513,0.0,0.0,0.0,0.0,0.0,2.0,0.0
839013,0.0,0.0,0.0,0.0,0.0,0.0,0.0
839170,0.0,0.0,0.0,0.0,0.0,1.0,0.0
839670,0.0,0.0,0.0,0.0,0.0,0.0,0.0
839882,0.0,0.0,0.0,0.0,0.0,1.0,0.0
840159,0.0,0.0,0.0,0.0,0.0,2.0,0.0
840241,0.0,2.0,0.0,0.0,0.0,2.0,0.0
840659,0.0,2.0,0.0,0.0,0.0,0.0,0.0
840741,0.0,0.0,0.0,0.0,0.0,0.0,0.0
841747,0.0,0.0,0.0,0.0,0.0,1.0,0.0
841751,0.0,0.0,0.0,0.0,0.0,2.0,0.0
842251,0.0,0.0,0.0,0.0,0.0,0.0,0.0
842392,0.0,0.0,0.0,0.0,0.0,1.0,0.0
842892,0.0,0.0,0.0,0.0,0.0,0.0,0.0
842983,0.0,0.0,0.0,0.0,0.0,1.0,0.0
843483,0.0,0.0,0.0,0.0,0.0,0.0,0.0
843944,0.0,0.0,0.0,0.0,0.0,1.0,0.0
844151,0.0,0.0,0.0,0.0,0.0,2.0,0.0
844651,0.0,0.0,0.0,0.0,0.0,0.0,0.0
845076,0.0,0.0,0.0,0.0,0.0,1.0,0.0
845576,0.0,0.0,0.0,0.0,0.0,0.0,0.0
845989,0.0,0.0,0.0,0.0,0.0,1.0,0.0
845991,0.0,0.0,0.0,0.0,0.0,2.0,0.0
846491,0.0,0.0,0.0,0.0,0.0,0.0,0.0
846563,0.0,0.0,0.0,0.0,0.0,1.0,0.0
847063,0.0,0.0,0.0,0.0,0.0,0.0,0.0
847451,0.0,0.0,0.0,0.0,0.0,1.0,0.0
847566,0.0,0.0,0.0,0.0,0.0,2.0,0.0
848066,0.0,0.0,0.0,0.0,0.0,0.0,0.0
848474,0.0,0.0,0.0,0.0,0.0,1.0,0.0
848974,0.0,0.0,0.0,0.0,0.0,0.0,0.0
849182,0.0,0.0,0.0,0.0,0.0,1.0,0.0
849398,0.0,0.0,0.0,0.0,0.0,2.0,0.0
849898,0.0,0.0,0.0,0.0,0.0,0.0,0.0
850102,0.0,0.0,0.0,0.0,0.0,1.0,0.0
850105,0.0,0.0,0.0,0.0,0.0,2.0,0.0
850605,0.0,0.0,0.0,0.0,0.0,0.0,0.0
850622,0.0,0.0,0.0,0.0,0.0,1.0,0.0
851122,0.0,0.0,0.0,0.0,0.0,0.0,0.0
851359,0.0,0.0,0.0,0.0,0.0,1.0,0.0
851859,0.0,0.0,0.0,0.0,0.0,0.0,0.0
852696,0.0,0.0,0.0,0.0,0.0,1.0,0.0
853196,0.0,0.0,0.0,0.0,0.0,0.0,0.0
853521,0.0,0.0,0.0,0.0,0.0,1.0,0.0
853523,0.0,0.0,0.0,0.0,0.0,2.0,0.0
854023,0.0,0.0,0.0,0.0,0.0,0.0,0.0
854231,0.0,0.0,0.0,0.0,0.0,1.0,0.0
854329,0.0,0.0,0.0,0.0,0.0,2.0,0.0
854829,0.0,0.0,0.0,0.0,0.0,0.0,0.0
855001,0.0,0.0,0.0,0.0,0.0,1.0,0.0
855501,0.0,0.0,0.0,0.0,0.0,0.0,0.0
856086,0.0,0.0,0.0,0.0,0.0,1.0,0.0
856093,0.0,0.0,0.0,0.0,0.0,2.0,0.0
856593,0.0,0.0,0.0,0.0,0.0,0.0,0.0
856683,0.0,0.0,0.0,0.0,0.0,1.0,0.0
856685,0.0,0.0,0.0,0.0,0.0,2.0,0.0
857185,0.0,0.0,0.0,0.0,0.0,0.0,0.0
857961,0.0,0.0,0.0,0.0,0.0,1.0,0.0
858062,0.0,0.0,0.0,0.0,0.0,2.0,0.0
858562,0.0,0.0,0.0,0.0,0.0,0.0,0.0
859343,0.0,0.0,0.0,0.0,0.0,1.0,0.0
859843,0.0,0.0,0.0,0.0,0.0,0.0,0.0
859906,0.0,0.0,0.0,0.0,0.0,1.0,0.0
859921,0.0,0.0,0.0,0.0,0.0,2.0,0.0
860421,0.0,0.0,0.0,0.0,0.0,0.0,0.0
860701,0.0,0.0,0.0,0.0,0.0,1.0,0.0
860704,0.0,0.0,0.0,0.0,0.0,2.0,0.0
861204,0.0,0.0,0.0,0.0,0.0,0.0,0.0
861274,0.0,0.0,0.0,0.0,0.0,1.0,0.0
861286,0.0,0.0,0.0,0.0,0.0,2.0,0.0
861786,0.0,0.0,0.0,0.0,0.0,0.0,0.0
862720,0.0,0.0,0.0,0.0,0.0,1.0,0.0
862722,0.0,0.0,0.0,0.0,0.0,2.0,0.0
863222,0.0,0.0,0.0,0.0,0.0,0.0,0.0
864552,0.0,0.0,0.0,0.0,0.0,1.0,0.0
864557,0.0,0.0,0.0,0.0,0.0,2.0,0.0
865057,0.0,0.0,0.0,0.0,0.0,0.0,0.0
865161,0.0,0.0,0.0,0.0,0.0,1.0,0.0
865169,0.0,0.0,0.0,0.0,0.0,2.0,0.0
865669,0.0,0.0,0.0,0.0,0.0,0.0,0.0
867204,0.0,0.0,0.0,0.0,0.0,1.0,0.0
867704,0.0,0.0,0.0,0.0,0.0,0.0,0.0
868148,0.0,0.0,0.0,0.0,0.0,1.0,0.0
868150,0.0,0.0,0.0,0.0,0.0,2.0,0.0
868650,0.0,0.0,0.0,0.0,0.0,0.0,0.0
868824,0.0,0.0,0.0,0.0,0.0,1.0,0.0
869324,0.0,0.0,0.0,0.0,0.0,0.0,0.0
869599,0.0,0.0,0.0,0.0,0.0,1.0,0.0
869660,0.0,0.0,0.0,0.0,0.0,2.0,0.0
870160,0.0,0.0,0.0,0.0,0.0,0.0,0.0
870942,0.0,0.0,0.0,0.0,0.0,1.0,0.0
871401,0.0,0.0,0.0,0.0,0.0,2.0,0.0
871445,0.0,0.0,0.0,0.0,1.0,2.0,0.0
871901,0.0,0.0,0.0,0.0,1.0,0.0,0.0
871945,0.0,0.0,0.0,0.0,0.0,0.0,0.0
873008,0.0,0.0,0.0,0.0,0.0,1.0,0.0
873169,0.0,0.0,0.0,0.0,0.0,2.0,0.0
873669,0.0,0.0,0.0,0.0,0.0,0.0,0.0
873986,0.0,0.0,0.0,0.0,1.0,0.0,0.0
873989,0.0,0.0,0.0,0.0,1.0,1.0,0.0
873990,0.0,0.0,0.0,0.0,2.0,1.0,0.0
874489,0.0,0.0,0.0,0.0,2.0,0.0,0.0
874490,0.0,0.0,0.0,0.0,0.0,0.0,0.0
874972,0.0,0.0,0.0,0.0,0.0,1.0,0.0
875147,0.0,0.0,0.0,0.0,0.0,2.0,0.0
875647,0.0,0.0,0.0,0.0,0.0,0.0,0.0
876220,0.0,0.0,0.0,0.0,0.0,1.0,0.0
876223,0.0,0.0,0.0,0.0,1.0,2.0,0.0
876723,0.0,0.0,0.0,0.0,0.0,0.0,0.0
877784,0.0,0.0,0.0,0.0,0.0,1.0,0.0
877786,0.0,0.0,0.0,0.0,0.0,2.0,0.0
878286,0.0,0.0,0.0,0.0,0.0,0.0,0.0
878347,0.0,0.0,0.0,0.0,0.0,1.0,0.0
878847,0.0,0.0,0.0,0.0,0.0,0.0,0.0
879564,0.0,0.0,0.0,0.0,0.0,1.0,0.0
879584,0.0,0.0,0.0,0.0,0.0,2.0,0.0
880084,0.0,0.0,0.0,0.0,0.0,0.0,0.0
880433,0.0,0.0,0.0,0.0,0.0,1.0,0.0
880933,0.0,0.0,0.0,0.0,0.0,0.0,0.0
881275,0.0,0.0,0.0,0.0,0.0,1.0,0.0
881775,0.0,0.0,0.0,0.0,0.0,0.0,0.0
882465,0.0,0.0,0.0,0.0,0.0,1.0,0.0
882965,0.0,0.0,0.0,0.0,0.0,0.0,0.0
882975,0.0,0.0,0.0,0.0,0.0,1.0,0.0
882977,0.0,0.0,0.0,0.0,0.0,2.0,0.0
883477,0.0,0.0,0.0,0.0,0.0,0.0,0.0
883722,0.0,0.0,0.0,0.0,0.0,1.0,0.0
884018,0.0,2.0,0.0,0.0,0.0,1.0,0.0
884222,0.0,2.0,0.0,0.0,0.0,0.0,0.0
884518,0.0,0.0,0.0,0.0,0.0,0.0,0.0
885091,0.0,0.0,0.0,0.0,0.0,1.0,0.0
885093,0.0,0.0,0.0,0.0,0.0,2.0,0.0
885593,0.0,0.0,0.0,0.0,0.0,0.0,0.0
886369,0.0,2.0,0.0,0.0,0.0,0.0,0.0
886531,0.0,2.0,0.0,0.0,0.0,1.0,0.0
886869,0.0,0.0,0.0,0.0,0.0,1.0,0.0
887031,0.0,0.0,0.0,0.0,0.0,0.0,0.0
887263,0.0,0.0,0.0,0.0,0.0,1.0,0.0
887688,0.0,0.0,0.0,0.0,0.0,2.0,0.0
888188,0.0,0.0,0.0,0.0,0.0,0.0,0.0
888295,0.0,0.0,0.0,0.0,0.0,1.0,0.0
888346,0.0,0.0,0.0,0.0,0.0,2.0,0.0
888846,0.0,0.0,0.0,0.0,0.0,0.0,0.0
889016,0.0,0.0,0.0,0.0,0.0,1.0,0.0
889516,0.0,0.0,0.0,0.0,0.0,0.0,0.0
889724,0.0,0.0,0.0,0.0,0.0,1.0,0.0
890224,0.0,0.0,0.0,0.0,0.0,0.0,0.0
891341,0.0,0.0,0.0,0.0,0.0,1.0,0.0
891539,0.0,0.0,0.0,0.0,0.0,2.0,0.0
892039,0.0,0.0,0.0,0.0,0.0,0.0,0.0
893042,0.0,0.0,0.0,0.0,0.0,1.0,0.0
893542,0.0,0.0,0.0,0.0,0.0,0.0,0.0
893588,0.0,0.0,0.0,0.0,0.0,1.0,0.0
894088,0.0,0.0,0.0,0.0,0.0,0.0,0.0
894733,0.0,0.0,0.0,0.0,0.0,1.0,0.0
894739,0.0,0.0,0.0,0.0,0.0,2.0,0.0
895239,0.0,0.0,0.0,0.0,0.0,0.0,0.0
895615,0.0,0.0,0.0,0.0,0.0,1.0,0.0
896115,0.0,0.0,0.0,0.0,0.0,0.0,0.0
896838,0.0,0.0,0.0,0.0,0.0,1.0,0.0
897063,0.0,0.0,0.0,0.0,0.0,2.0,0.0
897563,0.0,0.0,0.0,0.0,0.0,0.0,0.0
897882,0.0,0.0,0.0,0.0,0.0,1.0,0.0
897884,0.0,0.0,0.0,0.0,0.0,2.0,0.0
898384,0.0,0.0,0.0,0.0,0.0,0.0,0.0
899216,0.0,0.0,0.0,0.0,0.0,1.0,0.0
900216,0.0,0.0,0.0,0.0,0.0,0.0,0.0
901947,0.0,0.0,0.0,0.0,0.0,1.0,0.0
902447,0.0,0.0,0.0,0.0,0.0,0.0,0.0
906033,0.0,0.0,0.0,0.0,0.0,1.0,0.0
906533,0.0,0.0,0.0,0.0,0.0,0.0,0.0
916327,0.0,0.0,0.0,0.0,0.0,1.0,0.0
916827,0.0,0.0,0.0,0.0,0.0,0.0,0.0
918916,0.0,0.0,0.0,0.0,0.0,1.0,0.0
919416,0.0,0.0,0.0,0.0,0.0,0.0,0.0
920971,0.0,0.0,0.0,0.0,0.0,1.0,0.0
921471,0.0,0.0,0.0,0.0,0.0,0.0,0.0
923688,0.0,0.0,0.0,0.0,0.0,1.0,0.0
924188,0.0,0.0,0.0,0.0,0.0,0.0,0.0
927061,0.0,0.0,0.0,0.0,0.0,1.0,0.0
927561,0.0,0.0,0.0,0.0,0.0,0.0,0.0
931722,0.0,0.0,0.0,0.0,0.0,1.0,0.0
932222,0.0,0.0,0.0,0.0,0.0,0.0,0.0
934311,0.0,0.0,0.0,0.0,0.0,1.0,0.0
934321,0.0,0.0,0.0,0.0,0.0,2.0,0.0
934821,0.0,0.0,0.0,0.0,0.0,0.0,0.0
936342,0.0,0.0,0.0,0.0,0.0,1.0,0.0
936842,0.0,0.0,0.0,0.0,0.0,0.0,0.0
938904,0.0,0.0,0.0,0.0,0.0,1.0,0.0
939404,0.0,0.0,0.0,0.0,0.0,0.0,0.0
942566,0.0,0.0,0.0,0.0,0.0,1.0,0.0
943010,0.0,0.0,0.0,0.0,0.0,2.0,0.0
943510,0.0,0.0,0.0,0.0,0.0,0.0,0.0
946752,0.0,0.0,0.0,0.0,0.0,1.0,0.0
947252,0.0,0.0,0.0,0.0,0.0,0.0,0.0
948213,0.0,0.0,0.0,0.0,0.0,1.0,0.0
948223,0.0,0.0,0.0,0.0,0.0,2.0,0.0
948723,0.0,0.0,0.0,0.0,0.0,0.0,0.0
949966,0.0,0.0,0.0,0.0,0.0,1.0,0.0
950466,0.0,0.0,0.0,0.0,0.0,0.0,0.0
952214,0.0,0.0,0.0,0.0,0.0,1.0,0.0
952714,0.0,0.0,0.0,0.0,0.0,0.0,0.0
953506,0.0,0.0,0.0,0.0,0.0,1.0,0.0
954006,0.0,0.0,0.0,0.0,0.0,0.0,0.0
955192,0.0,0.0,0.0,0.0,1.0,0.0,0.0
955692,0.0,0.0,0.0,0.0,0.0,0.0,0.0
957242,0.0,0.0,0.0,0.0,0.0,1.0,0.0
957742,0.0,0.0,0.0,0.0,0.0,0.0,0.0
958562,0.0,0.0,0.0,0.0,0.0,1.0,0.0
959062,0.0,0.0,0.0,0.0,0.0,0.0,0.0
960455,0.0,0.0,0.0,0.0,0.0,1.0,0.0
960955,0.0,0.0,0.0,0.0,0.0,0.0,0.0
961791,0.0,0.0,0.0,0.0,0.0,1.0,0.0
962291,0.0,0.0,0.0,0.0,0.0,0.0,0.0
962400,0.0,0.0,0.0,0.0,0.0,1.0,0.0
962900,0.0,0.0,0.0,0.0,0.0,0.0,0.0
962912,0.0,0.0,0.0,0.0,0.0,1.0,0.0
963412,0.0,0.0,0.0,0.0,0.0,0.0,0.0
964259,0.0,0.0,0.0,0.0,0.0,1.0,0.0
964759,0.0,0.0,0.0,0.0,0.0,0.0,0.0
965654,0.0,0.0,0.0,0.0,0.0,1.0,0.0
966154,0.0,0.0,0.0,0.0,0.0,0.0,0.0
967516,0.0,0.0,0.0,0.0,0.0,1.0,0.0
968016,0.0,0.0,0.0,0.0,0.0,0.0,0.0
968338,0.0,0.0,0.0,0.0,0.0,1.0,0.0
968838,0.0,0.0,0.0,0.0,0.0,0.0,0.0
969447,0.0,0.0,0.0,0.0,0.0,1.0,0.0
969947,0.0,0.0,0.0,0.0,0.0,0.0,0.0
970257,0.0,0.0,0.0,0.0,0.0,1.0,0.0
970757,0.0,0.0,0.0,0.0,0.0,0.0,0.0
971128,0.0,0.0,0.0,0.0,0.0,1.0,0.0
971133,0.0,0.0,0.0,0.0,0.0,2.0,0.0
971633,0.0,0.0,0.0,0.0,0.0,0.0,0.0
973491,0.0,0.0,0.0,0.0,0.0,1.0,0.0
973991,0.0,0.0,0.0,0.0,0.0,0.0,0.0
974629,0.0,0.0,0.0,0.0,0.0,1.0,0.0
974630,0.0,0.0,0.0,0.0,0.0,2.0,0.0
975130,0.0,0.0,0.0,0.0,0.0,0.0,0.0
975248,0.0,0.0,0.0,0.0,0.0,1.0,0.0
975306,0.0,0.0,0.0,0.0,0.0,2.0,0.0
975806,0.0,0.0,0.0,0.0,0.0,0.0,0.0
976725,0.0,0.0,0.0,0.0,0.0,1.0,0.0
977225,0.0,0.0,0.0,0.0,0.0,0.0,0.0
977460,0.0,0.0,0.0,0.0,0.0,1.0,0.0
977960,0.0,0.0,0.0,0.0,0.0,0.0,0.0
979185,0.0,0.0,0.0,0.0,0.0,1.0,0.0
979685,0.0,0.0,0.0,0.0,0.0,0.0,0.0
983726,0.0,0.0,0.0,0.0,0.0,1.0,0.0
984226,0.0,0.0,0.0,0.0,0.0,0.0,0.0
987334,0.0,0.0,0.0,0.0,0.0,1.0,0.0
987834,0.0,0.0,0.0,0.0,0.0,0.0,0.0
988193,0.0,0.0,0.0,0.0,0.0,1.0,0.0
988195,0.0,0.0,0.0,0.0,0.0,2.0,0.0
988695,0.0,0.0,0.0,0.0,0.0,0.0,0.0
988736,0.0,0.0,0.0,0.0,0.0,1.0,0.0
988746,0.0,0.0,0.0,0.0,0.0,2.0,0.0
989246,0.0,0.0,0.0,0.0,0.0,0.0,0.0
990876,0.0,0.0,0.0,0.0,0.0,1.0,0.0
990886,0.0,0.0,0.0,0.0,0.0,2.0,0.0
991386,0.0,0.0,0.0,0.0,0.0,0.0,0.0
991475,0.0,0.0,0.0,0.0,0.0,1.0,0.0
991975,0.0,0.0,0.0,0.0,0.0,0.0,0.0
992528,0.0,0.0,0.0,0.0,0.0,1.0,0.0
993028,0.0,0.0,0.0,0.0,0.0,0.0,0.0
994153,0.0,0.0,0.0,0.0,0.0,1.0,0.0
994653,0.0,0.0,0.0,0.0,0.0,0.0,0.0
994916,0.0,0.0,0.0,0.0,0.0,1.0,0.0
995416,0.0,0.0,0.0,0.0,0.0,0.0,0.0
995954,0.0,0.0,0.0,0.0,0.0,1.0,0.0
996454,0.0,0.0,0.0,0.0,0.0,0.0,0.0
999191,0.0,0.0,0.0,0.0,0.0,1.0,0.0
999196,0.0,0.0,0.0,0.0,0.0,2.0,0.0
999696,0.0,0.0,0.0,0.0,0.0,0.0,0.0
1000000,0.0,0.0,0.0,0.0,0.0,0.0,1.0
1000052,0.0,0.0,0.0,0.0,0.0,1.0,1.0
1000070,0.0,0.0,0.0,0.0,0.0,2.0,1.0
1000383,2.0,0.0,0.0,0.0,0.0,2.0,1.0
1000433,2.0,2.0,0.0,0.0,0.0,2.0,1.0
1000500,2.0,2.0,0.0,0.0,0.0,2.0,0.0
1000570,2.0,2.0,0.0,0.0,0.0,0.0,0.0
1000615,2.0,2.0,0.0,0.0,1.0,0.0,0.0
1000738,2.0,2.0,0.0,0.0,2.0,0.0,0.0
1000883,0.0,2.0,0.0,0.0,2.0,0.0,0.0
1000933,0.0,0.0,0.0,0.0,2.0,0.0,0.0
1001238,0.0,0.0,0.0,0.0,0.0,0.0,0.0
1001714,0.0,0.0,0.0,0.0,0.0,1.0,0.0
1002214,0.0,0.0,0.0,0.0,0.0,0.0,0.0
1002341,0.0,0.0,0.0,0.0,0.0,1.0,0.0
1002841,0.0,0.0,0.0,0.0,0.0,0.0,0.0
1002921,0.0,0.0,1.0,0.0,0.0,0.0,0.0
1003019,0.0,0.0,1.0,0.0,0.0,1.0,0.0
1003029,0.0,0.0,1.0,0.0,0.0,2.0,0.0
1003529,0.0,0.0,1.0,0.0,0.0,0.0,0.0
1003536,0.0,0.0,1.0,0.0,0.0,1.0,0.0
1003538,0.0,0.0,1.0,0.0,0.0,2.0,0.0
1004038,0.0,0.0,1.0,0.0,0.0,0.0,0.0
1004582,0.0,0.0,1.0,0.0,0.0,1.0,0.0
1004584,0.0,0.0,1.0,0.0,0.0,2.0,0.0
1005084,0.0,0.0,1.0,0.0,0.0,0.0,0.0
1005181,0.0,0.0,1.0,0.0,1.0,0.0,0.0
1005182,0.0,0.0,1.0,0.0,1.0,1.0,0.0
1005538,0.0,0.0,1.0,0.0,1.0,2.0,0.0
1005681,0.0,0.0,1.0,0.0,0.0,2.0,0.0
1005682,0.0,0.0,2.0,0.0,0.0,2.0,0.0
1006038,0.0,0.0,2.0,0.0,0.0,0.0,0.0
1006182,0.0,0.0,0.0,0.0,0.0,0.0,0.0
1007691,0.0,0.0,0.0,0.0,0.0,1.0,0.0
1007693,0.0,0.0,0.0,0.0,0.0,2.0,0.0
1008193,0.0,0.0,0.0,0.0,0.0,0.0,0.0
1008250,0.0,0.0,0.0,0.0,0.0,1.0,0.0
1008255,0.0,0.0,0.0,0.0,0.0,2.0,0.0
1008755,0.0,0.0,0.0,0.0,0.0,0.0,0.0
1010093,0.0,0.0,0.0,0.0,0.0,1.0,0.0
1010095,0.0,0.0,0.0,0.0,0.0,2.0,0.0
1010228,0.0,0.0,0.0,0.0,1.0,2.0,0.0
1010595,0.0,0.0,0.0,0.0,1.0,0.0,0.0
1010728,0.0,0.0,0.0,0.0,0.0,0.0,0.0
1011186,0.0,0.0,0.0,0.0,0.0,1.0,0.0
1011686,0.0,0.0,0.0,0.0,0.0,0.0,0.0
1011744,0.0,0.0,0.0,0.0,0.0,1.0,0.0
1012244,0.0,0.0,0.0,0.0,0.0,0.0,0.0
1012490,0.0,0.0,0.0,0.0,0.0,1.0,0.0
1012990,0.0,0.0,0.0,0.0,0.0,0.0,0.0
1013256,0.0,0.0,0.0,0.0,0.0,1.0,0.0
1013258,0.0,0.0,0.0,0.0,0.0,2.0,0.0
1013758,0.0,0.0,0.0,0.0,0.0,0.0,0.0
1013963,0.0,0.0,0.0,0.0,0.0,1.0,0.0
1014025,0.0,0.0,0.0,0.0,0.0,2.0,0.0
1014525,0.0,0.0,0.0,0.0,0.0,0.0,0.0
1015963,0.0,0.0,0.0,0.0,0.0,1.0,0.0
1016463,0.0,0.0,0.0,0.0,0.0,0.0,0.0
1016706,0.0,0.0,0.0,0.0,0.0,1.0,0.0
1017206,0.0,0.0,0.0,0.0,0.0,0.0,0.0
1017623,0.0,0.0,0.0,0.0,0.0,1.0,0.0
1017933,0.0,0.0,0.0,0.0,0.0,2.0,0.0
1018433,0.0,0.0,0.0,0.0,0.0,0.0,0.0
1019638,0.0,0.0,0.0,0.0,0.0,1.0,0.0
1020138,0.0,0.0,0.0,0.0,0.0,0.0,0.0
1020291,0.0,0.0,0.0,0.0,0.0,1.0,0.0
1020649,0.0,0.0,0.0,0.0,0.0,2.0,0.0
1021149,0.0,0.0,0.0,0.0,0.0,0.0,0.0
1021792,0.0,0.0,0.0,0.0,0.0,1.0,0.0
1022216,0.0,0.0,0.0,0.0,0.0,2.0,0.0
1022716,0.0,0.0,0.0,0.0,0.0,0.0,0.0
1023823,0.0,0.0,0.0,0.0,0.0,1.0,0.0
1024323,0.0,0.0,0.0,0.0,0.0,0.0,0.0
1024472,0.0,0.0,0.0,0.0,0.0,1.0,0.0
1024474,0.0,0.0,0.0,0.0,0.0,2.0,0.0
1024974,0.0,0.0,0.0,0.0,0.0,0.0,0.0
1025643,0.0,0.0,0.0,0.0,0.0,1.0,0.0
1026143,0.0,0.0,0.0,0.0,0.0,0.0,0.0
1026560,0.0,0.0,0.0,0.0,0.0,1.0,0.0
1026769,0.0,0.0,0.0,0.0,0.0,2.0,0.0
1027269,0.0,0.0,0.0,0.0,0.0,0.0,0.0
1027399,0.0,0.0,0.0,0.0,0.0,1.0,0.0
1027691,0.0,0.0,0.0,0.0,0.0,2.0,0.0
1028191,0.0,0.0,0.0,0.0,0.0,0.0,0.0
1028949,0.0,0.0,0.0,0.0,0.0,1.0,0.0
1029449,0.0,0.0,0.0,0.0,0.0,0.0,0.0
1029753,0.0,0.0,0.0,0.0,0.0,1.0,0.0
1030253,0.0,0.0,0.0,0.0,0.0,0.0,0.0
1031464,0.0,0.0,0.0,0.0,0.0,1.0,0.0
1031777,0.0,0.0,0.0,0.0,0.0,2.0,0.0
1032277,0.0,0.0,0.0,0.0,0.0,0.0,0.0
1032299,0.0,0.0,0.0,0.0,0.0,1.0,0.0
1032799,0.0,0.0,0.0,0.0,0.0,0.0,0.0
1033154,0.0,0.0,0.0,0.0,0.0,1.0,0.0
1033167,0.0,0.0,0.0,0.0,0.0,2.0,0.0
1033667,0.0,0.0,0.0,0.0,0.0,0.0,0.0
1033976,0.0,0.0,0.0,0.0,0.0,1.0,0.0
1034476,0.0,0.0,0.0,0.0,0.0,0.0,0.0
1034509,0.0,0.0,0.0,0.0,0.0,1.0,0.0
1035009,0.0,0.0,0.0,0.0,0.0,0.0,0.0
1035024,0.0,0.0,0.0,0.0,0.0,1.0,0.0
1035524,0.0,0.0,0.0,0.0,0.0,0.0,0.0
1036490,0.0,0.0,0.0,0.0,0.0,1.0,0.0
1036990,0.0,0.0,0.0,0.0,0.0,0.0,0.0
1037350,0.0,0.0,0.0,0.0,0.0,1.0,0.0
1037850,0.0,0.0,0.0,0.0,0.0,0.0,0.0
1038040,0.0,0.0,0.0,0.0,0.0,1.0,0.0
1038540,0.0,0.0,0.0,0.0,0.0,0.0,0.0
1038642,0.0,0.0,0.0,0.0,0.0,1.0,0.0
1038987,0.0,0.0,0.0,0.0,0.0,2.0,0.0
1039487,0.0,0.0,0.0,0.0,0.0,0.0,0.0
1039721,0.0,0.0,0.0,0.0,0.0,1.0,0.0
1040221,0.0,0.0,0.0,0.0,0.0,0.0,0.0
1040293,0.0,0.0,0.0,0.0,0.0,1.0,0.0
1040688,0.0,0.0,0.0,0.0,0.0,2.0,0.0
1040746,0.0,2.0,0.0,0.0,0.0,2.0,0.0
1041188,0.0,2.0,0.0,0.0,0.0,0.0,0.0
1041246,0.0,0.0,0.0,0.0,0.0,0.0,0.0
1041263,0.0,0.0,0.0,0.0,0.0,1.0,0.0
1041763,0.0,0.0,0.0,0.0,0.0,0.0,0.0
1042121,0.0,0.0,0.0,0.0,0.0,1.0,0.0
1042344,0.0,0.0,0.0,0.0,0.0,2.0,0.0
1042571,0.0,0.0,0.0,0.0,1.0,2.0,0.0
1042844,0.0,0.0,0.0,0.0,1.0,0.0,0.0
1043122,0.0,0.0,0.0,0.0,1.0,1.0,0.0
1043622,0.0,0.0,0.0,0.0,1.0,0.0,0.0
1043689,0.0,0.0,0.0,0.0,1.0,1.0,0.0
1044189,0.0,0.0,0.0,0.0,1.0,0.0,0.0
1045071,0.0,0.0,0.0,0.0,0.0,0.0,0.0
1045227,0.0,0.0,0.0,0.0,1.0,0.0,0.0
1045727,0.0,0.0,0.0,0.0,0.0,0.0,0.0
1046578,0.0,0.0,0.0,0.0,0.0,1.0,0.0
1046585,0.0,0.0,0.0,0.0,0.0,2.0,0.0
1046749,0.0,0.0,0.0,0.0,1.0,2.0,0.0
1047085,0.0,0.0,0.0,0.0,1.0,0.0,0.0
1047231,0.0,0.0,0.0,0.0,1.0,1.0,0.0
1047249,0.0,0.0,0.0,0.0,0.0,1.0,0.0
1047373,0.0,0.0,0.0,0.0,1.0,1.0,0.0
1047634,0.0,0.0,0.0,0.0,1.0,2.0,0.0
1048134,0.0,0.0,0.0,0.0,1.0,0.0,0.0
1049373,0.0,0.0,0.0,0.0,0.0,0.0,0.0
1049572,0.0,0.0,0.0,0.0,1.0,0.0,0.0
1050072,0.0,0.0,0.0,0.0,0.0,0.0,0.0
1050747,0.0,0.0,0.0,0.0,0.0,1.0,0.0
1051244,0.0,0.0,0.0,0.0,1.0,1.0,0.0
1051247,0.0,0.0,0.0,0.0,1.0,0.0,0.0
1051461,0.0,0.0,0.0,0.0,1.0,1.0,0.0
1051744,0.0,0.0,0.0,0.0,0.0,1.0,0.0
1051961,0.0,0.0,0.0,0.0,0.0,0.0,0.0
1052893,0.0,0.0,0.0,0.0,0.0,1.0,0.0
1053393,0.0,0.0,0.0,0.0,0.0,0.0,0.0
1054360,0.0,0.0,0.0,0.0,0.0,1.0,0.0
1054860,0.0,0.0,0.0,0.0,0.0,0.0,0.0
1056039,0.0,0.0,0.0,0.0,0.0,1.0,0.0
1056045,0.0,0.0,0.0,0.0,0.0,2.0,0.0
1056545,0.0,0.0,0.0,0.0,0.0,0.0,0.0
1057400,0.0,0.0,0.0,0.0,0.0,1.0,0.0
1057900,0.0,0.0,0.0,0.0,0.0,0.0,0.0
1057995,0.0,0.0,0.0,0.0,0.0,1.0,0.0
1058495,0.0,0.0,0.0,0.0,0.0,0.0,0.0
1058832,0.0,0.0,0.0,0.0,0.0,1.0,0.0
1059230,0.0,0.0,0.0,0.0,0.0,2.0,0.0
1059730,0.0,0.0,0.0,0.0,0.0,0.0,0.0
1060084,0.0,0.0,0.0,0.0,0.0,1.0,0.0
1060584,0.0,0.0,0.0,0.0,0.0,0.0,0.0
1060919,0.0,0.0,0.0,0.0,0.0,1.0,0.0
1061376,0.0,0.0,0.0,0.0,0.0,2.0,0.0
1061876,0.0,0.0,0.0,0.0,0.0,0.0,0.0
1062357,0.0,0.0,0.0,0.0,0.0,1.0,0.0
1062857,0.0,0.0,0.0,0.0,0.0,0.0,0.0
1063573,0.0,0.0,0.0,0.0,0.0,1.0,0.0
1064073,0.0,0.0,0.0,0.0,0.0,0.0,0.0
1064668,0.0,0.0,0.0,0.0,0.0,1.0,0.0
1065168,0.0,0.0,0.0,0.0,0.0,0.0,0.0
1065571,0.0,0.0,0.0,0.0,0.0,1.0,0.0
1065573,0.0,0.0,0.0,0.0,0.0,2.0,0.0
1066073,0.0,0.0,0.0,0.0,0.0,0.0,0.0
1066330,0.0,0.0,0.0,0.0,0.0,1.0,0.0
1067330,0.0,0.0,0.0,0.0,0.0,0.0,0.0
1067547,0.0,0.0,0.0,0.0,0.0,1.0,0.0
1068047,0.0,0.0,0.0,0.0,0.0,0.0,0.0
1068413,0.0,0.0,0.0,0.0,0.0,1.0,0.0
1068536,0.0,2.0,0.0,0.0,0.0,1.0,0.0
1068913,0.0,2.0,0.0,0.0,0.0,0.0,0.0
1069036,0.0,0.0,0.0,0.0,0.0,0.0,0.0
1069362,0.0,0.0,0.0,0.0,0.0,1.0,0.0
1069862,0.0,0.0,0.0,0.0,0.0,0.0,0.0
1069872,0.0,0.0,0.0,0.0,0.0,1.0,0.0
1070372,0.0,0.0,0.0,0.0,0.0,0.0,0.0
1070590,0.0,0.0,0.0,0.0,0.0,1.0,0.0
1071090,0.0,0.0,0.0,0.0,0.0,0.0,0.0
1071157,0.0,0.0,0.0,0.0,0.0,1.0,0.0
1071159,0.0,0.0,0.0,0.0,0.0,2.0,0.0
1071659,0.0,0.0,0.0,0.0,0.0,0.0,0.0
1071689,0.0,0.0,0.0,0.0,0.0,1.0,0.0
1072060,0.0,0.0,0.0,0.0,0.0,2.0,0.0
1072560,0.0,0.0,0.0,0.0,0.0,0.0,0.0
1073029,0.0,0.0,0.0,0.0,0.0,1.0,0.0
1073036,0.0,0.0,0.0,0.0,0.0,2.0,0.0
1073536,0.0,0.0,0.0,0.0,0.0,0.0,0.0
1073610,0.0,0.0,0.0,0.0,0.0,1.0,0.0
1073818,0.0,2.0,0.0,0.0,0.0,1.0,0.0
1073819,0.0,2.0,0.0,0.0,0.0,2.0,0.0
1074318,0.0,0.0,0.0,0.0,0.0,2.0,0.0
1074319,0.0,0.0,0.0,0.0,0.0,0.0,0.0
1074391,0.0,0.0,0.0,0.0,0.0,1.0,0.0
1074393,0.0,0.0,0.0,0.0,0.0,2.0,0.0
1074893,0.0,0.0,0.0,0.0,0.0,0.0,0.0
1075784,0.0,0.0,0.0,0.0,0.0,1.0,0.0
1076284,0.0,0.0,0.0,0.0,0.0,0.0,0.0
1076906,0.0,0.0,0.0,0.0,1.0,0.0,0.0
1077347,0.0,0.0,0.0,0.0,1.0,1.0,0.0
1077358,0.0,0.0,0.0,0.0,1.0,2.0,0.0
1077858,0.0,0.0,0.0,0.0,1.0,0.0,0.0
1077906,0.0,0.0,0.0,0.0,0.0,0.0,0.0
1077937,0.0,0.0,0.0,0.0,1.0,0.0,0.0
1077947,0.0,0.0,0.0,0.0,1.0,1.0,0.0
1077961,0.0,0.0,0.0,0.0,1.0,2.0,0.0
1078461,0.0,0.0,0.0,0.0,1.0,0.0,0.0
1078537,0.0,0.0,0.0,0.0,1.0,1.0,0.0
1079037,0.0,0.0,0.0,0.0,1.0,0.0,0.0
1079198,0.0,0.0,0.0,0.0,1.0,1.0,0.0
1079273,0.0,0.0,0.0,0.0,1.0,2.0,0.0
1079773,0.0,0.0,0.0,0.0,1.0,0.0,0.0
1079911,0.0,0.0,0.0,0.0,1.0,1.0,0.0
1079913,0.0,0.0,0.0,0.0,1.0,2.0,0.0
1080413,0.0,0.0,0.0,0.0,1.0,0.0,0.0
1081055,0.0,0.0,0.0,0.0,1.0,1.0,0.0
1081741,0.0,0.0,0.0,0.0,1.0,2.0,0.0
1082241,0.0,0.0,0.0,0.0,1.0,0.0,0.0
1082319,0.0,0.0,0.0,0.0,2.0,0.0,0.0
1082819,0.0,0.0,0.0,0.0,0.0,0.0,0.0
1082979,0.0,0.0,0.0,0.0,0.0,1.0,0.0
1083024,0.0,0.0,0.0,0.0,0.0,2.0,0.0
1083524,0.0,0.0,0.0,0.0,0.0,0.0,0.0
1084179,0.0,0.0,0.0,0.0,0.0,1.0,0.0
1084479,0.0,0.0,0.0,0.0,0.0,2.0,0.0
1084979,0.0,0.0,0.0,0.0,0.0,0.0,0.0
1085731,0.0,0.0,0.0,0.0,0.0,1.0,0.0
1086231,0.0,0.0,0.0,0.0,0.0,0.0,0.0
1086384,0.0,0.0,0.0,0.0,0.0,1.0,0.0
1086884,0.0,0.0,0.0,0.0,0.0,0.0,0.0
1087233,0.0,0.0,0.0,0.0,0.0,1.0,0.0
1087737,0.0,0.0,0.0,0.0,0.0,2.0,0.0
1088237,0.0,0.0,0.0,0.0,0.0,0.0,0.0
1088641,0.0,0.0,0.0,0.0,0.0,1.0,0.0
1088685,0.0,0.0,0.0,0.0,0.0,2.0,0.0
1089185,0.0,0.0,0.0,0.0,0.0,0.0,0.0
1089400,0.0,0.0,0.0,0.0,0.0,1.0,0.0
1089900,0.0,0.0,0.0,0.0,0.0,0.0,0.0
1090428,0.0,0.0,0.0,0.0,1.0,1.0,0.0
1090928,0.0,0.0,0.0,0.0,0.0,0.0,0.0
1091185,0.0,0.0,0.0,0.0,0.0,1.0,0.0
1091685,0.0,0.0,0.0,0.0,0.0,0.0,0.0
1094166,0.0,0.0,0.0,0.0,0.0,1.0,0.0
1094666,0.0,0.0,0.0,0.0,0.0,0.0,0.0
1095053,0.0,0.0,0.0,0.0,0.0,1.0,0.0
1095470,0.0,0.0,0.0,0.0,0.0,2.0,0.0
1095970,0.0,0.0,0.0,0.0,0.0,0.0,0.0
1095997,0.0,0.0,0.0,0.0,0.0,1.0,0.0
1096497,0.0,0.0,0.0,0.0,0.0,0.0,0.0
1096535,0.0,0.0,0.0,0.0,0.0,1.0,0.0
1096537,0.0,0.0,0.0,0.0,0.0,2.0,0.0
1097037,0.0,0.0,0.0,0.0,0.0,0.0,0.0
1097190,0.0,0.0,0.0,0.0,1.0,1.0,0.0
1097690,0.0,0.0,0.0,0.0,0.0,0.0,0.0
1098232,0.0,0.0,0.0,0.0,0.0,1.0,0.0
1098239,0.0,0.0,0.0,0.0,0.0,2.0,0.0
1098739,0.0,0.0,0.0,0.0,0.0,0.0,0.0
1099143,0.0,0.0,0.0,0.0,0.0,1.0,0.0
1099643,0.0,0.0,0.0,0.0,0.0,0.0,0.0
1099815,0.0,0.0,0.0,0.0,0.0,1.0,0.0
1099817,0.0,0.0,0.0,0.0,0.0,2.0,0.0
1100317,0.0,0.0,0.0,0.0,0.0,0.0,0.0
1101505,0.0,0.0,0.0,0.0,0.0,1.0,0.0
1102005,0.0,0.0,0.0,0.0,0.0,0.0,0.0
1102218,0.0,0.0,0.0,0.0,0.0,1.0,0.0
1102718,0.0,0.0,0.0,0.0,0.0,0.0,0.0
1104944,0.0,0.0,0.0,0.0,0.0,1.0,0.0
1105444,0.0,0.0,0.0,0.0,0.0,0.0,0.0
1106522,0.0,0.0,0.0,0.0,0.0,1.0,0.0
1107022,0.0,0.0,0.0,0.0,0.0,0.0,0.0
1110683,0.0,0.0,0.0,0.0,0.0,1.0,0.0
1111183,0.0,0.0,0.0,0.0,0.0,0.0,0.0
1111752,0.0,0.0,0.0,0.0,0.0,1.0,0.0
1112252,0.0,0.0,0.0,0.0,0.0,0.0,0.0
1113150,0.0,0.0,0.0,0.0,0.0,1.0,0.0
1113154,0.0,0.0,0.0,0.0,0.0,2.0,0.0
1113654,0.0,0.0,0.0,0.0,0.0,0.0,0.0
1113724,0.0,0.0,0.0,0.0,0.0,1.0,0.0
1114224,0.0,0.0,0.0,0.0,0.0,0.0,0.0
1115739,0.0,0.0,0.0,0.0,0.0,1.0,0.0
1116239,0.0,0.0,0.0,0.0,0.0,0.0,0.0
1116451,0.0,0.0,0.0,0.0,0.0,1.0,0.0
1116453,0.0,0.0,0.0,0.0,0.0,2.0,0.0
1116953,0.0,0.0,0.0,0.0,0.0,0.0,0.0
1117369,0.0,0.0,0.0,0.0,0.0,1.0,0.0
1117374,0.0,0.0,0.0,0.0,0.0,2.0,0.0
1117874,0.0,0.0,0.0,0.0,0.0,0.0,0.0
1117942,0.0,0.0,0.0,0.0,0.0,1.0,0.0
1117947,0.0,0.0,0.0,0.0,0.0,2.0,0.0
1118447,0.0,0.0,0.0,0.0,0.0,0.0,0.0
1119250,0.0,0.0,0.0,0.0,0.0,1.0,0.0
1119750,0.0,0.0,0.0,0.0,0.0,0.0,0.0
1119892,0.0,0.0,0.0,0.0,0.0,1.0,0.0
1119894,0.0,0.0,0.0,0.0,0.0,2.0,0.0
1120394,0.0,0.0,0.0,0.0,0.0,0.0,0.0
1121833,0.0,0.0,0.0,0.0,0.0,1.0,0.0
1122333,0.0,0.0,0.0,0.0,0.0,0.0,0.0
1128695,0.0,0.0,0.0,0.0,0.0,1.0,0.0
1129195,0.0,0.0,0.0,0.0,0.0,0.0,0.0
1131790,0.0,0.0,0.0,0.0,0.0,1.0,0.0
1131792,0.0,0.0,0.0,0.0,0.0,2.0,0.0
1132292,0.0,0.0,0.0,0.0,0.0,0.0,0.0
1133633,0.0,0.0,0.0,0.0,0.0,1.0,0.0
1134133,0.0,0.0,0.0,0.0,0.0,0.0,0.0
1134470,0.0,0.0,0.0,0.0,0.0,1.0,0.0
1134970,0.0,0.0,0.0,0.0,0.0,0.0,0.0
1137025,0.0,0.0,0.0,0.0,0.0,1.0,0.0
1137525,0.0,0.0,0.0,0.0,0.0,0.0,0.0
1139001,0.0,0.0,0.0,0.0,0.0,1.0,0.0
1139501,0.0,0.0,0.0,0.0,0.0,0.0,0.0
1142612,0.0,0.0,0.0,0.0,0.0,1.0,0.0
1142659,0.0,0.0,0.0,0.0,0.0,2.0,0.0
1143159,0.0,0.0,0.0,0.0,0.0,0.0,0.0
1144675,0.0,0.0,0.0,0.0,0.0,1.0,0.0
1145175,0.0,0.0,0.0,0.0,0.0,0.0,0.0
1149205,0.0,0.0,0.0,0.0,0.0,1.0,0.0
1149705,0.0,0.0,0.0,0.0,0.0,0.0,0.0
1152055,0.0,0.0,0.0,0.0,0.0,1.0,0.0
1152555,0.0,0.0,0.0,0.0,0.0,0.0,0.0
1153341,0.0,0.0,0.0,0.0,0.0,1.0,0.0
1153841,0.0,0.0,0.0,0.0,0.0,0.0,0.0
1155917,0.0,0.0,0.0,0.0,0.0,1.0,0.0
1156417,0.0,0.0,0.0,0.0,0.0,0.0,0.0
1157218,0.0,0.0,0.0,0.0,0.0,1.0,0.0
1157225,0.0,0.0,0.0,0.0,0.0,2.0,0.0
1157725,0.0,0.0,0.0,0.0,0.0,0.0,0.0
1161397,0.0,0.0,0.0,0.0,0.0,1.0,0.0
1161897,0.0,0.0,0.0,0.0,0.0,0.0,0.0
1162063,0.0,0.0,0.0,0.0,0.0,1.0,0.0
1162563,0.0,0.0,0.0,0.0,0.0,0.0,0.0
1162959,0.0,0.0,0.0,0.0,0.0,1.0,0.0
1163459,0.0,0.0,0.0,0.0,0.0,0.0,0.0
1164737,0.0,0.0,0.0,0.0,0.0,1.0,0.0
1165237,0.0,0.0,0.0,0.0,0.0,0.0,0.0
1167615,0.0,0.0,0.0,0.0,0.0,1.0,0.0
1168115,0.0,0.0,0.0,0.0,0.0,0.0,0.0
1171524,0.0,0.0,0.0,0.0,0.0,1.0,0.0
1172024,0.0,0.0,0.0,0.0,0.0,0.0,0.0
1175721,0.0,0.0,0.0,0.0,0.0,1.0,0.0
1176221,0.0,0.0,0.0,0.0,0.0,0.0,0.0
1178981,0.0,0.0,0.0,0.0,0.0,1.0,0.0
1179143,0.0,0.0,0.0,0.0,0.0,2.0,0.0
1179157,0.0,0.0,0.0,0.0,1.0,2.0,0.0
1179643,0.0,0.0,0.0,0.0,1.0,0.0,0.0
1179657,0.0,0.0,0.0,0.0,0.0,0.0,0.0
1183913,0.0,0.0,0.0,0.0,0.0,1.0,0.0
1184413,0.0,0.0,0.0,0.0,0.0,0.0,0.0
1184871,0.0,0.0,0.0,0.0,0.0,1.0,0.0
1185371,0.0,0.0,0.0,0.0,0.0,0.0,0.0
1186151,0.0,0.0,0.0,0.0,0.0,1.0,0.0
1186651,0.0,0.0,0.0,0.0,0.0,0.0,0.0
1200000,0.0,0.0,0.0,0.0,0.0,0.0,1.0
1200030,0.0,0.0,0.0,0.0,0.0,1.0,1.0
1200044,0.0,0.0,0.0,0.0,0.0,2.0,1.0
1200159,2.0,0.0,0.0,0.0,0.0,2.0,1.0
1200315,2.0,2.0,0.0,0.0,0.0,2.0,1.0
1200500,2.0,2.0,0.0,0.0,0.0,2.0,0.0
1200544,2.0,2.0,0.0,0.0,0.0,0.0,0.0
1200659,0.0,2.0,0.0,0.0,0.0,0.0,0.0
1200815,0.0,0.0,0.0,0.0,0.0,0.0,0.0
1200864,0.0,0.0,0.0,0.0,1.0,0.0,0.0
1201059,0.0,0.0,0.0,0.0,2.0,0.0,0.0
1201522,0.0,0.0,0.0,0.0,2.0,1.0,0.0
1201559,0.0,0.0,0.0,0.0,0.0,1.0,0.0
1201601,0.0,0.0,0.0,0.0,0.0,2.0,0.0
1202100,0.0,0.0,1.0,0.0,0.0,2.0,0.0
1202101,0.0,0.0,1.0,0.0,0.0,0.0,0.0
1202420,0.0,0.0,1.0,0.0,0.0,1.0,0.0
1202920,0.0,0.0,1.0,0.0,0.0,0.0,0.0
1203807,0.0,0.0,1.0,0.0,1.0,0.0,0.0
1203810,0.0,0.0,1.0,0.0,1.0,1.0,0.0
1203910,0.0,0.0,1.0,0.0,1.0,2.0,0.0
1204307,0.0,0.0,1.0,0.0,0.0,2.0,0.0
1204410,0.0,0.0,1.0,0.0,0.0,0.0,0.0
1204602,0.0,0.0,2.0,0.0,0.0,0.0,0.0
1205102,0.0,0.0,0.0,0.0,0.0,0.0,0.0
1205107,0.0,0.0,1.0,0.0,0.0,0.0,0.0
1205183,0.0,0.0,1.0,0.0,0.0,1.0,0.0
1205186,0.0,0.0,1.0,0.0,0.0,2.0,0.0
1205686,0.0,0.0,1.0,0.0,0.0,0.0,0.0
1206107,0.0,0.0,0.0,0.0,0.0,0.0,0.0
1206117,0.0,0.0,1.0,0.0,0.0,0.0,0.0
1206617,0.0,0.0,0.0,0.0,0.0,0.0,0.0
1206649,0.0,0.0,0.0,0.0,0.0,1.0,0.0
1206724,0.0,0.0,0.0,0.0,0.0,2.0,0.0
1207012,0.0,0.0,1.0,0.0,0.0,2.0,0.0
1207224,0.0,0.0,1.0,0.0,0.0,0.0,0.0
1207326,0.0,0.0,1.0,0.0,0.0,1.0,0.0
1207706,0.0,0.0,1.0,0.0,0.0,2.0,0.0
1208206,0.0,0.0,1.0,0.0,0.0,0.0,0.0
1208533,0.0,0.0,1.0,0.0,0.0,1.0,0.0
1208535,0.0,0.0,1.0,0.0,1.0,1.0,0.0
1208536,0.0,0.0,1.0,0.0,1.0,2.0,0.0
1208540,0.0,0.0,1.0,0.0,2.0,2.0,0.0
1209036,0.0,0.0,1.0,0.0,2.0,0.0,0.0
1209040,0.0,0.0,1.0,0.0,0.0,0.0,0.0
1209396,0.0,0.0,1.0,0.0,0.0,1.0,0.0
1209404,0.0,0.0,1.0,0.0,0.0,2.0,0.0
1209408,0.0,0.0,1.0,0.0,1.0,2.0,0.0
1209415,0.0,0.0,1.0,0.0,2.0,2.0,0.0
1209904,0.0,0.0,1.0,0.0,2.0,0.0,0.0
1209915,0.0,0.0,1.0,0.0,0.0,0.0,0.0
1210439,0.0,0.0,1.0,0.0,0.0,1.0,0.0
1210550,0.0,0.0,1.0,0.0,0.0,2.0,0.0
1211050,0.0,0.0,1.0,0.0,0.0,0.0,0.0
1211789,0.0,0.0,1.0,0.0,0.0,1.0,0.0
1212289,0.0,0.0,1.0,0.0,0.0,0.0,0.0
1213574,0.0,0.0,1.0,0.0,0.0,1.0,0.0
1214074,0.0,0.0,1.0,0.0,0.0,0.0,0.0
1214807,0.0,0.0,1.0,0.0,0.0,1.0,0.0
1215307,0.0,0.0,1.0,0.0,0.0,0.0,0.0
1215379,0.0,0.0,1.0,0.0,0.0,1.0,0.0
1215384,0.0,0.0,1.0,0.0,0.0,2.0,0.0
1215884,0.0,0.0,1.0,0.0,0.0,0.0,0.0
1216633,0.0,0.0,1.0,0.0,0.0,1.0,0.0
1216643,0.0,0.0,1.0,0.0,0.0,2.0,0.0
1217143,0.0,0.0,1.0,0.0,0.0,0.0,0.0
1217417,0.0,0.0,1.0,0.0,0.0,1.0,0.0
1217917,0.0,0.0,1.0,0.0,0.0,0.0,0.0
1218005,0.0,0.0,1.0,0.0,0.0,1.0,0.0
1218505,0.0,0.0,1.0,0.0,0.0,0.0,0.0
1218816,0.0,0.0,1.0,0.0,0.0,1.0,0.0
1219316,0.0,0.0,1.0,0.0,0.0,0.0,0.0
1219926,0.0,0.0,1.0,0.0,0.0,1.0,0.0
1219936,0.0,0.0,1.0,0.0,0.0,2.0,0.0
1220436,0.0,0.0,1.0,0.0,0.0,0.0,0.0
1221099,0.0,0.0,1.0,0.0,0.0,1.0,0.0
1221599,0.0,0.0,1.0,0.0,0.0,0.0,0.0
1221722,0.0,0.0,1.0,0.0,0.0,1.0,0.0
1222222,0.0,0.0,1.0,0.0,0.0,0.0,0.0
1222759,0.0,0.0,1.0,0.0,0.0,1.0,0.0
1223259,0.0,0.0,1.0,0.0,0.0,0.0,0.0
1223707,0.0,0.0,1.0,0.0,0.0,1.0,0.0
1224207,0.0,0.0,1.0,0.0,0.0,0.0,0.0
1224236,0.0,0.0,1.0,0.0,0.0,1.0,0.0
1224736,0.0,0.0,1.0,0.0,0.0,0.0,0.0
1224814,0.0,0.0,1.0,0.0,0.0,1.0,0.0
1224850,0.0,0.0,1.0,0.0,0.0,2.0,0.0
1225350,0.0,0.0,1.0,0.0,0.0,0.0,0.0
1226458,0.0,0.0,1.0,0.0,0.0,1.0,0.0
1226958,0.0,0.0,1.0,0.0,0.0,0.0,0.0
1227277,0.0,0.0,1.0,0.0,0.0,1.0,0.0
1227777,0.0,0.0,1.0,0.0,0.0,0.0,0.0
1228737,0.0,0.0,1.0,0.0,0.0,1.0,0.0
1229237,0.0,0.0,1.0,0.0,0.0,0.0,0.0
1229731,0.0,0.0,1.0,0.0,0.0,1.0,0.0
1230231,0.0,0.0,1.0,0.0,0.0,0.0,0.0
1230434,0.0,0.0,1.0,0.0,0.0,1.0,0.0
1230436,0.0,0.0,1.0,0.0,0.0,2.0,0.0
1230936,0.0,0.0,1.0,0.0,0.0,0.0,0.0
1231255,0.0,0.0,1.0,0.0,0.0,1.0,0.0
1231755,0.0,0.0,1.0,0.0,0.0,0.0,0.0
1232895,0.0,0.0,1.0,0.0,0.0,1.0,0.0
1233227,0.0,0.0,1.0,0.0,0.0,2.0,0.0
1233228,0.0,2.0,1.0,0.0,0.0,2.0,0.0
1233727,0.0,2.0,1.0,0.0,0.0,0.0,0.0
1233728,0.0,0.0,1.0,0.0,0.0,0.0,0.0
1234518,0.0,0.0,1.0,0.0,0.0,1.0,0.0
1234522,0.0,0.0,1.0,0.0,0.0,2.0,0.0
1235022,0.0,0.0,1.0,0.0,0.0,0.0,0.0
1235428,0.0,0.0,1.0,0.0,0.0,1.0,0.0
1235928,0.0,0.0,1.0,0.0,0.0,0.0,0.0
1236735,0.0,0.0,1.0,0.0,0.0,1.0,0.0
1237235,0.0,0.0,1.0,0.0,0.0,0.0,0.0
1237484,0.0,0.0,1.0,0.0,0.0,1.0,0.0
1237984,0.0,0.0,1.0,0.0,0.0,0.0,0.0
1238696,0.0,0.0,1.0,0.0,0.0,1.0,0.0
1239196,0.0,0.0,1.0,0.0,0.0,0.0,0.0
1239801,0.0,0.0,1.0,0.0,0.0,1.0,0.0
1240301,0.0,0.0,1.0,0.0,0.0,0.0,0.0
1241078,0.0,0.0,1.0,0.0,0.0,1.0,0.0
1241087,0.0,0.0,1.0,0.0,0.0,2.0,0.0
1241587,0.0,0.0,1.0,0.0,0.0,0.0,0.0
1242248,0.0,0.0,1.0,0.0,0.0,1.0,0.0
1242748,0.0,0.0,1.0,0.0,0.0,0.0,0.0
1242823,0.0,0.0,1.0,0.0,0.0,1.0,0.0
1242825,0.0,0.0,1.0,0.0,0.0,2.0,0.0
1243325,0.0,0.0,1.0,0.0,0.0,0.0,0.0
1243370,0.0,0.0,1.0,0.0,0.0,1.0,0.0
1243373,0.0,0.0,1.0,0.0,1.0,2.0,0.0
1243873,0.0,0.0,1.0,0.0,0.0,0.0,0.0
1243909,0.0,0.0,1.0,0.0,0.0,1.0,0.0
1243912,0.0,0.0,1.0,0.0,0.0,2.0,0.0
1244412,0.0,0.0,1.0,0.0,0.0,0.0,0.0
1245226,0.0,0.0,1.0,0.0,0.0,1.0,0.0
1245256,0.0,0.0,1.0,0.0,0.0,2.0,0.0
1245756,0.0,0.0,1.0,0.0,0.0,0.0,0.0
1246047,0.0,0.0,1.0,0.0,0.0,1.0,0.0
1246336,0.0,0.0,1.0,0.0,0.0,2.0,0.0
1246836,0.0,0.0,1.0,0.0,0.0,0.0,0.0
1247472,0.0,0.0,1.0,0.0,0.0,1.0,0.0
1247972,0.0,0.0,1.0,0.0,0.0,0.0,0.0
1248655,0.0,0.0,1.0,0.0,0.0,1.0,0.0
1248659,0.0,0.0,1.0,0.0,1.0,2.0,0.0
1249159,0.0,0.0,1.0,0.0,0.0,0.0,0.0
1249223,0.0,0.0,1.0,0.0,0.0,1.0,0.0
1249225,0.0,0.0,1.0,0.0,0.0,2.0,0.0
1249725,0.0,0.0,1.0,0.0,0.0,0.0,0.0
1249808,0.0,0.0,1.0,0.0,0.0,1.0,0.0
1249836,0.0,2.0,1.0,0.0,0.0,1.0,0.0
1249845,0.0,2.0,1.0,0.0,0.0,2.0,0.0
1250336,0.0,0.0,1.0,0.0,0.0,2.0,0.0
1250345,0.0,0.0,1.0,0.0,0.0,0.0,0.0
1250394,0.0,0.0,1.0,0.0,0.0,1.0,0.0
1250751,0.0,0.0,1.0,0.0,0.0,2.0,0.0
1251251,0.0,0.0,1.0,0.0,0.0,0.0,0.0
1251325,0.0,0.0,1.0,0.0,0.0,1.0,0.0
1251825,0.0,0.0,1.0,0.0,0.0,0.0,0.0
1252655,0.0,0.0,1.0,0.0,0.0,1.0,0.0
1253155,0.0,0.0,1.0,0.0,0.0,0.0,0.0
1253294,0.0,0.0,1.0,0.0,0.0,1.0,0.0
1253794,0.0,0.0,1.0,0.0,0.0,0.0,0.0
1254807,0.0,0.0,1.0,0.0,0.0,1.0,0.0
1255307,0.0,0.0,1.0,0.0,0.0,0.0,0.0
1255319,0.0,0.0,1.0,0.0,0.0,1.0,0.0
1255819,0.0,0.0,1.0,0.0,0.0,0.0,0.0
1255914,0.0,0.0,1.0,0.0,0.0,1.0,0.0
1256414,0.0,0.0,1.0,0.0,0.0,0.0,0.0
1256462,0.0,0.0,1.0,0.0,0.0,1.0,0.0
1256962,0.0,0.0,1.0,0.0,0.0,0.0,0.0
1258045,0.0,0.0,1.0,0.0,0.0,1.0,0.0
1258048,0.0,0.0,1.0,0.0,1.0,1.0,0.0
1258545,0.0,0.0,1.0,0.0,1.0,0.0,0.0
1258548,0.0,0.0,1.0,0.0,0.0,0.0,0.0
1260218,0.0,0.0,1.0,0.0,0.0,1.0,0.0
1260222,0.0,0.0,1.0,0.0,0.0,2.0,0.0
1260432,0.0,2.0,1.0,0.0,0.0,2.0,0.0
1260722,0.0,2.0,1.0,0.0,0.0,0.0,0.0
1260932,0.0,0.0,1.0,0.0,0.0,0.0,0.0
1261143,0.0,0.0,1.0,0.0,0.0,1.0,0.0
1261643,0.0,0.0,1.0,0.0,0.0,0.0,0.0
1261688,0.0,0.0,1.0,0.0,0.0,1.0,0.0
1262188,0.0,0.0,1.0,0.0,0.0,0.0,0.0
1262196,0.0,0.0,1.0,0.0,0.0,1.0,0.0
1262213,0.0,0.0,1.0,0.0,0.0,2.0,0.0
1262713,0.0,0.0,1.0,0.0,0.0,0.0,0.0
1265719,0.0,0.0,1.0,0.0,0.0,1.0,0.0
1266219,0.0,0.0,1.0,0.0,0.0,0.0,0.0
1266313,0.0,2.0,1.0,0.0,0.0,1.0,0.0
1266813,0.0,0.0,1.0,0.0,0.0,0.0,0.0
1266911,0.0,0.0,1.0,0.0,0.0,1.0,0.0
1267411,0.0,0.0,1.0,0.0,0.0,0.0,0.0
1267976,0.0,0.0,1.0,0.0,0.0,1.0,0.0
1268375,0.0,0.0,1.0,0.0,0.0,2.0,0.0
1268875,0.0,0.0,1.0,0.0,0.0,0.0,0.0
1269006,0.0,0.0,1.0,0.0,0.0,1.0,0.0
1269506,0.0,0.0,1.0,0.0,0.0,0.0,0.0
1269764,0.0,0.0,1.0,0.0,0.0,1.0,0.0
1270264,0.0,0.0,1.0,0.0,0.0,0.0,0.0
1270798,0.0,0.0,1.0,0.0,0.0,1.0,0.0
1271232,0.0,0.0,1.0,0.0,0.0,2.0,0.0
1271732,0.0,0.0,1.0,0.0,0.0,0.0,0.0
1272061,0.0,0.0,1.0,0.0,0.0,1.0,0.0
1272253,0.0,0.0,1.0,0.0,0.0,2.0,0.0
1272753,0.0,0.0,1.0,0.0,0.0,0.0,0.0
1275393,0.0,0.0,1.0,0.0,0.0,1.0,0.0
1275893,0.0,0.0,1.0,0.0,0.0,0.0,0.0
1275962,0.0,0.0,1.0,0.0,0.0,1.0,0.0
1276934,0.0,0.0,1.0,0.0,0.0,2.0,0.0
1277434,0.0,0.0,1.0,0.0,0.0,0.0,0.0
1279459,0.0,0.0,1.0,0.0,0.0,1.0,0.0
1279461,0.0,0.0,1.0,0.0,0.0,2.0,0.0
1279961,0.0,0.0,1.0,0.0,0.0,0.0,0.0
1280344,0.0,0.0,1.0,0.0,0.0,1.0,0.0
1280512,0.0,0.0,0.0,0.0,0.0,1.0,0.0
1280636,0.0,0.0,1.0,0.0,0.0,1.0,0.0
1280844,0.0,0.0,1.0,0.0,0.0,0.0,0.0
1281136,0.0,0.0,0.0,0.0,0.0,0.0,0.0
1281214,0.0,0.0,0.0,0.0,0.0,1.0,0.0
1281287,0.0,0.0,1.0,0.0,0.0,1.0,0.0
1281714,0.0,0.0,1.0,0.0,0.0,0.0,0.0
1281787,0.0,0.0,0.0,0.0,0.0,0.0,0.0
1282839,0.0,0.0,0.0,0.0,0.0,1.0,0.0
1283154,0.0,0.0,0.0,0.0,0.0,2.0,0.0
1283654,0.0,0.0,0.0,0.0,0.0,0.0,0.0
1284671,0.0,0.0,0.0,0.0,0.0,1.0,0.0
1285171,0.0,0.0,0.0,0.0,0.0,0.0,0.0
1285252,0.0,0.0,0.0,0.0,0.0,1.0,0.0
1285556,0.0,0.0,0.0,0.0,1.0,1.0,0.0
1285745,0.0,0.0,0.0,0.0,1.0,2.0,0.0
1286056,0.0,0.0,0.0,0.0,0.0,2.0,0.0
1286245,0.0,0.0,0.0,0.0,0.0,0.0,0.0
1286413,0.0,0.0,0.0,0.0,0.0,1.0,0.0
1286913,0.0,0.0,0.0,0.0,0.0,0.0,0.0
1286944,0.0,0.0,0.0,0.0,0.0,1.0,0.0
1286946,0.0,0.0,0.0,0.0,0.0,2.0,0.0
1287446,0.0,0.0,0.0,0.0,0.0,0.0,0.0
1288628,0.0,0.0,0.0,0.0,0.0,1.0,0.0
1289086,0.0,0.0,1.0,0.0,0.0,1.0,0.0
1289126,0.0,2.0,1.0,0.0,0.0,1.0,0.0
1289128,0.0,2.0,1.0,0.0,0.0,0.0,0.0
1289178,0.0,2.0,1.0,0.0,0.0,1.0,0.0
1289446,0.0,2.0,1.0,0.0,0.0,2.0,0.0
1289626,0.0,0.0,1.0,0.0,0.0,2.0,0.0
1289946,0.0,0.0,1.0,0.0,0.0,0.0,0.0
1290039,0.0,0.0,1.0,0.0,0.0,1.0,0.0
1290539,0.0,0.0,1.0,0.0,0.0,0.0,0.0
1290850,0.0,0.0,1.0,0.0,0.0,1.0,0.0
1290852,0.0,0.0,1.0,0.0,0.0,2.0,0.0
1291086,0.0,0.0,0.0,0.0,0.0,2.0,0.0
1291099,0.0,0.0,1.0,0.0,0.0,2.0,0.0
1291352,0.0,0.0,1.0,0.0,0.0,0.0,0.0
1291707,0.0,0.0,1.0,0.0,0.0,1.0,0.0
1292207,0.0,0.0,1.0,0.0,0.0,0.0,0.0
1292440,0.0,0.0,1.0,0.0,0.0,1.0,0.0
1292599,0.0,0.0,0.0,0.0,0.0,1.0,0.0
1292933,0.0,0.0,1.0,0.0,0.0,1.0,0.0
1292940,0.0,0.0,1.0,0.0,0.0,0.0,0.0
1293115,0.0,0.0,1.0,0.0,0.0,1.0,0.0
1293615,0.0,0.0,1.0,0.0,0.0,0.0,0.0
1293725,0.0,0.0,1.0,0.0,0.0,1.0,0.0
1294225,0.0,0.0,1.0,0.0,0.0,0.0,0.0
1294316,0.0,0.0,1.0,0.0,0.0,1.0,0.0
1294466,0.0,0.0,1.0,0.0,0.0,2.0,0.0
1294966,0.0,0.0,1.0,0.0,0.0,0.0,0.0
1295202,0.0,0.0,1.0,0.0,0.0,1.0,0.0
1295702,0.0,0.0,1.0,0.0,0.0,0.0,0.0
1296070,0.0,0.0,1.0,0.0,0.0,1.0,0.0
1296074,0.0,0.0,1.0,0.0,0.0,2.0,0.0
1296574,0.0,0.0,1.0,0.0,0.0,0.0,0.0
1296758,0.0,0.0,1.0,0.0,0.0,1.0,0.0
1297258,0.0,0.0,1.0,0.0,0.0,0.0,0.0
1297682,0.0,0.0,1.0,0.0,0.0,1.0,0.0
1298182,0.0,0.0,1.0,0.0,0.0,0.0,0.0
1298216,0.0,0.0,1.0,0.0,0.0,1.0,0.0
1298251,0.0,0.0,1.0,0.0,0.0,2.0,0.0
1298751,0.0,0.0,1.0,0.0,0.0,0.0,0.0
1299189,0.0,0.0,1.0,0.0,0.0,1.0,0.0
1299689,0.0,0.0,1.0,0.0,0.0,0.0,0.0
1300433,0.0,0.0,0.0,0.0,0.0,0.0,0.0
1301402,0.0,0.0,0.0,0.0,1.0,0.0,0.0
1301902,0.0,0.0,0.0,0.0,0.0,0.0,0.0
1302228,0.0,0.0,0.0,0.0,0.0,1.0,0.0
1302728,0.0,0.0,0.0,0.0,0.0,0.0,0.0
1303376,0.0,0.0,0.0,0.0,0.0,1.0,0.0
1303377,0.0,0.0,0.0,0.0,1.0,1.0,0.0
1303876,0.0,0.0,0.0,0.0,1.0,0.0,0.0
1303877,0.0,0.0,0.0,0.0,0.0,0.0,0.0
1315594,0.0,0.0,0.0,0.0,0.0,1.0,0.0
1316094,0.0,0.0,0.0,0.0,0.0,0.0,0.0
1319227,0.0,0.0,0.0,0.0,0.0,1.0,0.0
1319727,0.0,0.0,0.0,0.0,0.0,0.0,0.0
1320552,0.0,0.0,0.0,0.0,0.0,1.0,0.0
1321052,0.0,0.0,0.0,0.0,0.0,0.0,0.0
1322388,0.0,0.0,0.0,0.0,0.0,1.0,0.0
1322888,0.0,0.0,0.0,0.0,0.0,0.0,0.0
1324307,0.0,0.0,0.0,0.0,0.0,1.0,0.0
1324807,0.0,0.0,0.0,0.0,0.0,0.0,0.0
1326063,0.0,0.0,0.0,0.0,0.0,1.0,0.0
1326563,0.0,0.0,0.0,0.0,0.0,0.0,0.0
1326682,0.0,0.0,0.0,0.0,0.0,1.0,0.0
1327182,0.0,0.0,0.0,0.0,0.0,0.0,0.0
1327319,0.0,0.0,0.0,0.0,0.0,1.0,0.0
1327321,0.0,0.0,0.0,0.0,0.0,2.0,0.0
1327821,0.0,0.0,0.0,0.0,0.0,0.0,0.0
1332727,0.0,0.0,0.0,0.0,0.0,1.0,0.0
1333227,0.0,0.0,0.0,0.0,0.0,0.0,0.0
1334560,0.0,0.0,0.0,0.0,0.0,1.0,0.0
1335060,0.0,0.0,0.0,0.0,0.0,0.0,0.0
1338492,0.0,0.0,0.0,0.0,0.0,1.0,0.0
1338992,0.0,0.0,0.0,0.0,0.0,0.0,0.0
1339029,0.0,0.0,0.0,0.0,0.0,1.0,0.0
1339529,0.0,0.0,0.0,0.0,0.0,0.0,0.0
1341597,0.0,0.0,0.0,0.0,0.0,1.0,0.0
1342097,0.0,0.0,0.0,0.0,0.0,0.0,0.0
1342342,0.0,0.0,0.0,0.0,0.0,1.0,0.0
1342343,0.0,0.0,0.0,0.0,0.0,2.0,0.0
1342843,0.0,0.0,0.0,0.0,0.0,0.0,0.0
1347945,0.0,0.0,0.0,0.0,0.0,1.0,0.0
1348445,0.0,0.0,0.0,0.0,0.0,0.0,0.0
1348606,0.0,0.0,0.0,0.0,0.0,1.0,0.0
1349106,0.0,0.0,0.0,0.0,0.0,0.0,0.0
1349651,0.0,0.0,0.0,0.0,0.0,1.0,0.0
1350151,0.0,0.0,0.0,0.0,0.0,0.0,0.0
1351411,0.0,0.0,0.0,0.0,1.0,0.0,0.0
1351637,0.0,0.0,0.0,0.0,1.0,1.0,0.0
1351911,0.0,0.0,0.0,0.0,0.0,1.0,0.0
1352137,0.0,0.0,0.0,0.0,0.0,0.0,0.0
1352433,0.0,0.0,0.0,0.0,0.0,1.0,0.0
1352933,0.0,0.0,0.0,0.0,0.0,0.0,0.0
1353355,0.0,0.0,0.0,0.0,0.0,1.0,0.0
1353855,0.0,0.0,0.0,0.0,0.0,0.0,0.0
1354107,0.0,0.0,0.0,0.0,0.0,1.0,0.0
1354607,0.0,0.0,0.0,0.0,0.0,0.0,0.0
1355315,0.0,0.0,0.0,0.0,0.0,1.0,0.0
1355815,0.0,0.0,0.0,0.0,0.0,0.0,0.0
1356596,0.0,0.0,0.0,0.0,0.0,1.0,0.0
1357096,0.0,0.0,0.0,0.0,0.0,0.0,0.0
1358408,0.0,0.0,0.0,0.0,0.0,1.0,0.0
1358908,0.0,0.0,0.0,0.0,0.0,0.0,0.0
1359608,0.0,0.0,0.0,0.0,0.0,1.0,0.0
1360108,0.0,0.0,0.0,0.0,0.0,0.0,0.0
1362479,0.0,0.0,0.0,0.0,0.0,1.0,0.0
1362979,0.0,0.0,0.0,0.0,0.0,0.0,0.0
1365530,0.0,0.0,0.0,0.0,0.0,1.0,0.0
1366030,0.0,0.0,0.0,0.0,0.0,0.0,0.0
1368394,0.0,0.0,0.0,0.0,0.0,1.0,0.0
1368894,0.0,0.0,0.0,0.0,0.0,0.0,0.0
1370856,0.0,0.0,0.0,0.0,0.0,1.0,0.0
1371356,0.0,0.0,0.0,0.0,0.0,0.0,0.0
1372716,0.0,0.0,0.0,0.0,0.0,1.0,0.0
1373216,0.0,0.0,0.0,0.0,0.0,0.0,0.0
1373527,0.0,0.0,0.0,0.0,0.0,1.0,0.0
1374027,0.0,0.0,0.0,0.0,0.0,0.0,0.0
1374182,0.0,0.0,0.0,0.0,0.0,1.0,0.0
1374682,0.0,0.0,0.0,0.0,0.0,0.0,0.0
1375151,0.0,0.0,0.0,0.0,0.0,1.0,0.0
1375651,0.0,0.0,0.0,0.0,0.0,0.0,0.0
1376260,0.0,0.0,0.0,0.0,0.0,1.0,0.0
1376760,0.0,0.0,0.0,0.0,0.0,0.0,0.0
1377120,0.0,0.0,0.0,0.0,0.0,1.0,0.0
1377122,0.0,0.0,0.0,0.0,0.0,2.0,0.0
1377622,0.0,0.0,0.0,0.0,0.0,0.0,0.0
1379365,0.0,0.0,0.0,0.0,0.0,1.0,0.0
1379865,0.0,0.0,0.0,0.0,0.0,0.0,0.0
1384606,0.0,0.0,0.0,0.0,0.0,1.0,0.0
1385106,0.0,0.0,0.0,0.0,0.0,0.0,0.0
1386215,0.0,0.0,0.0,0.0,0.0,1.0,0.0
1386217,0.0,0.0,0.0,0.0,0.0,2.0,0.0
1386717,0.0,0.0,0.0,0.0,0.0,0.0,0.0
1390028,0.0,0.0,0.0,0.0,0.0,1.0,0.0
1390528,0.0,0.0,0.0,0.0,0.0,0.0,0.0
1390958,0.0,0.0,0.0,0.0,0.0,1.0,0.0
1391458,0.0,0.0,0.0,0.0,0.0,0.0,0.0
1396152,0.0,0.0,0.0,0.0,0.0,1.0,0.0
1396652,0.0,0.0,0.0,0.0,0.0,0.0,0.0
1397956,0.0,0.0,0.0,0.0,0.0,1.0,0.0
1398456,0.0,0.0,0.0,0.0,0.0,0.0,0.0
1398777,0.0,0.0,0.0,0.0,0.0,1.0,0.0
1399277,0.0,0.0,0.0,0.0,0.0,0.0,0.0
1400000,0.0,0.0,0.0,0.0,0.0,0.0,1.0
1400113,0.0,0.0,0.0,0.0,0.0,1.0,1.0
1400227,0.0,0.0,0.0,0.0,1.0,1.0,1.0
1400236,0.0,0.0,0.0,0.0,1.0,2.0,1.0
1400274,0.0,0.0,0.0,0.0,2.0,2.0,1.0
1400287,2.0,0.0,0.0,0.0,2.0,2.0,1.0
1400345,2.0,2.0,0.0,0.0,2.0,2.0,1.0
1400500,2.0,2.0,0.0,0.0,2.0,2.0,0.0
1400736,2.0,2.0,0.0,0.0,2.0,0.0,0.0
1400774,2.0,2.0,0.0,0.0,0.0,0.0,0.0
1400787,0.0,2.0,0.0,0.0,0.0,0.0,0.0
1400801,0.0,2.0,0.0,0.0,0.0,1.0,0.0
1400845,0.0,0.0,0.0,0.0,0.0,1.0,0.0
1400991,2.0,0.0,0.0,0.0,0.0,1.0,0.0
1401301,2.0,0.0,0.0,0.0,0.0,0.0,0.0
1401394,2.0,0.0,0.0,0.0,0.0,1.0,0.0
1401396,2.0,0.0,0.0,0.0,0.0,2.0,0.0
1401491,0.0,0.0,0.0,0.0,0.0,2.0,0.0
1401896,0.0,0.0,0.0,0.0,0.0,0.0,0.0
1402360,0.0,0.0,1.0,0.0,0.0,0.0,0.0
1402413,0.0,0.0,1.0,0.0,0.0,1.0,0.0
1402623,2.0,0.0,1.0,0.0,0.0,1.0,0.0
1402913,2.0,0.0,1.0,0.0,0.0,0.0,0.0
1403123,0.0,0.0,1.0,0.0,0.0,0.0,0.0
1403670,0.0,0.0,1.0,0.0,0.0,1.0,0.0
1403672,0.0,0.0,1.0,0.0,1.0,1.0,0.0
1403673,0.0,0.0,1.0,0.0,1.0,2.0,0.0
1403675,0.0,0.0,1.0,0.0,2.0,2.0,0.0
1404173,0.0,0.0,1.0,0.0,2.0,0.0,0.0
1404175,0.0,0.0,1.0,0.0,0.0,0.0,0.0
1404328,0.0,0.0,1.0,0.0,0.0,1.0,0.0
1404783,0.0,0.0,2.0,0.0,0.0,1.0,0.0
1404828,0.0,0.0,2.0,0.0,0.0,0.0,0.0
1405003,0.0,0.0,2.0,0.0,0.0,1.0,0.0
1405283,0.0,0.0,1.0,0.0,0.0,1.0,0.0
1405503,0.0,0.0,1.0,0.0,0.0,0.0,0.0
1405738,0.0,0.0,1.0,0.0,0.0,1.0,0.0
1405783,0.0,0.0,0.0,0.0,0.0,1.0,0.0
1405979,0.0,0.0,0.0,0.0,1.0,1.0,0.0
1406305,0.0,0.0,1.0,0.0,1.0,1.0,0.0
1406479,0.0,0.0,1.0,0.0,0.0,1.0,0.0
1406738,0.0,0.0,1.0,0.0,0.0,0.0,0.0
1407136,0.0,0.0,1.0,0.0,0.0,1.0,0.0
1407138,0.0,0.0,1.0,0.0,0.0,2.0,0.0
1407638,0.0,0.0,1.0,0.0,0.0,0.0,0.0
1410136,0.0,0.0,1.0,0.0,0.0,1.0,0.0
1410505,0.0,0.0,1.0,0.0,0.0,2.0,0.0
1411005,0.0,0.0,1.0,0.0,0.0,0.0,0.0
1411446,0.0,0.0,1.0,0.0,0.0,1.0,0.0
1411946,0.0,0.0,1.0,0.0,0.0,0.0,0.0
1412309,0.0,0.0,1.0,0.0,0.0,1.0,0.0
1412317,0.0,0.0,1.0,0.0,0.0,2.0,0.0
1412817,0.0,0.0,1.0,0.0,0.0,0.0,0.0
1413238,0.0,0.0,1.0,0.0,0.0,1.0,0.0
1413738,0.0,0.0,1.0,0.0,0.0,0.0,0.0
1413758,0.0,0.0,1.0,0.0,0.0,1.0,0.0
1413763,0.0,0.0,1.0,0.0,0.0,2.0,0.0
1413764,0.0,0.0,1.0,0.0,1.0,2.0,0.0
1414263,0.0,0.0,1.0,0.0,1.0,0.0,0.0
1414264,0.0,0.0,1.0,0.0,0.0,0.0,0.0
1414577,0.0,0.0,1.0,0.0,0.0,1.0,0.0
1414583,0.0,0.0,1.0,0.0,0.0,2.0,0.0
1415083,0.0,0.0,1.0,0.0,0.0,0.0,0.0
1415160,0.0,0.0,1.0,0.0,0.0,1.0,0.0
1415162,0.0,0.0,1.0,0.0,0.0,2.0,0.0
1415662,0.0,0.0,1.0,0.0,0.0,0.0,0.0
1416131,0.0,0.0,1.0,0.0,0.0,1.0,0.0
1416539,0.0,0.0,1.0,0.0,0.0,2.0,0.0
1417039,0.0,0.0,1.0,0.0,0.0,0.0,0.0
1417805,0.0,0.0,0.0,0.0,0.0,0.0,0.0
1418667,0.0,0.0,0.0,0.0,0.0,1.0,0.0
1418828,0.0,0.0,1.0,0.0,0.0,1.0,0.0
1419167,0.0,0.0,1.0,0.0,0.0,0.0,0.0
1419242,0.0,0.0,1.0,0.0,0.0,1.0,0.0
1419607,0.0,0.0,1.0,0.0,0.0,2.0,0.0
1420107,0.0,0.0,1.0,0.0,0.0,0.0,0.0
1420828,0.0,0.0,0.0,0.0,0.0,0.0,0.0
1420855,0.0,0.0,0.0,0.0,0.0,1.0,0.0
1421067,0.0,0.0,1.0,0.0,0.0,1.0,0.0
1421355,0.0,0.0,1.0,0.0,0.0,0.0,0.0
1421483,0.0,0.0,1.0,0.0,0.0,1.0,0.0
1421567,0.0,0.0,0.0,0.0,0.0,1.0,0.0
1421744,0.0,0.0,1.0,0.0,0.0,1.0,0.0
1421983,0.0,0.0,1.0,0.0,0.0,0.0,0.0
1422180,0.0,0.0,1.0,0.0,0.0,1.0,0.0
1422526,0.0,0.0,1.0,0.0,0.0,2.0,0.0
1423026,0.0,0.0,1.0,0.0,0.0,0.0,0.0
1423288,0.0,0.0,1.0,0.0,0.0,1.0,0.0
1423788,0.0,0.0,1.0,0.0,0.0,0.0,0.0
1424576,0.0,0.0,1.0,0.0,0.0,1.0,0.0
1424728,0.0,0.0,1.0,0.0,0.0,2.0,0.0
1425228,0.0,0.0,1.0,0.0,0.0,0.0,0.0
1427244,0.0,0.0,0.0,0.0,0.0,0.0,0.0
1427516,0.0,0.0,1.0,0.0,0.0,0.0,0.0
1427610,0.0,0.0,1.0,0.0,0.0,1.0,0.0
1427984,0.0,0.0,1.0,0.0,0.0,2.0,0.0
1428231,0.0,2.0,1.0,0.0,0.0,2.0,0.0
1428484,0.0,2.0,1.0,0.0,0.0,0.0,0.0
1428696,0.0,2.0,1.0,0.0,0.0,1.0,0.0
1428731,0.0,0.0,1.0,0.0,0.0,1.0,0.0
1429196,0.0,0.0,1.0,0.0,0.0,0.0,0.0
1429616,0.0,0.0,1.0,0.0,0.0,1.0,0.0
1430116,0.0,0.0,1.0,0.0,0.0,0.0,0.0
1431299,0.0,0.0,1.0,0.0,0.0,1.0,0.0
1431799,0.0,0.0,1.0,0.0,0.0,0.0,0.0
1431876,0.0,0.0,1.0,0.0,0.0,1.0,0.0
1432230,0.0,0.0,1.0,0.0,0.0,2.0,0.0
1432730,0.0,0.0,1.0,0.0,0.0,0.0,0.0
1432887,0.0,0.0,1.0,0.0,0.0,1.0,0.0
1433387,0.0,0.0,1.0,0.0,0.0,0.0,0.0
1433752,0.0,0.0,1.0,0.0,0.0,1.0,0.0
1434146,0.0,0.0,1.0,0.0,0.0,2.0,0.0
1434646,0.0,0.0,1.0,0.0,0.0,0.0,0.0
1435191,0.0,0.0,1.0,0.0,0.0,1.0,0.0
1435208,0.0,0.0,1.0,0.0,0.0,2.0,0.0
1435708,0.0,0.0,1.0,0.0,0.0,0.0,0.0
1436354,0.0,0.0,1.0,0.0,0.0,1.0,0.0
1436367,0.0,0.0,1.0,0.0,0.0,2.0,0.0
1436867,0.0,0.0,1.0,0.0,0.0,0.0,0.0
1437046,0.0,0.0,1.0,0.0,0.0,1.0,0.0
1437053,0.0,0.0,1.0,0.0,0.0,2.0,0.0
1437553,0.0,0.0,1.0,0.0,0.0,0.0,0.0
1437560,0.0,0.0,1.0,0.0,0.0,1.0,0.0
1438060,0.0,0.0,1.0,0.0,0.0,0.0,0.0
1438113,0.0,0.0,1.0,0.0,0.0,1.0,0.0
1438613,0.0,0.0,1.0,0.0,0.0,0.0,0.0
1439254,0.0,0.0,1.0,0.0,0.0,1.0,0.0
1439754,0.0,0.0,1.0,0.0,0.0,0.0,0.0
1440422,0.0,0.0,1.0,0.0,0.0,1.0,0.0
1440424,0.0,0.0,1.0,0.0,0.0,2.0,0.0
1440924,0.0,0.0,1.0,0.0,0.0,0.0,0.0
1441840,0.0,0.0,1.0,0.0,0.0,1.0,0.0
1442340,0.0,0.0,1.0,0.0,0.0,0.0,0.0
1442550,0.0,0.0,1.0,0.0,0.0,1.0,0.0
1442873,0.0,0.0,1.0,0.0,0.0,2.0,0.0
1443373,0.0,0.0,1.0,0.0,0.0,0.0,0.0
1445665,0.0,0.0,1.0,0.0,0.0,1.0,0.0
1446165,0.0,0.0,1.0,0.0,0.0,0.0,0.0
1446473,0.0,0.0,1.0,0.0,0.0,1.0,0.0
1446973,0.0,0.0,1.0,0.0,0.0,0.0,0.0
1447229,0.0,0.0,1.0,0.0,0.0,1.0,0.0
1447252,0.0,0.0,1.0,0.0,0.0,2.0,0.0
1447752,0.0,0.0,1.0,0.0,0.0,0.0,0.0
1448141,0.0,0.0,1.0,0.0,0.0,1.0,0.0
1448500,0.0,0.0,1.0,0.0,0.0,2.0,0.0
1449000,0.0,0.0,1.0,0.0,0.0,0.0,0.0
1449950,0.0,0.0,1.0,0.0,0.0,1.0,0.0
1450450,0.0,0.0,1.0,0.0,0.0,0.0,0.0
1451568,0.0,0.0,1.0,0.0,0.0,1.0,0.0
1452068,0.0,0.0,1.0,0.0,0.0,0.0,0.0
1453331,0.0,0.0,1.0,0.0,0.0,1.0,0.0
1453831,0.0,0.0,1.0,0.0,0.0,0.0,0.0
1454082,0.0,0.0,1.0,0.0,0.0,1.0,0.0
1454582,0.0,0.0,1.0,0.0,0.0,0.0,0.0
1455011,0.0,0.0,1.0,0.0,0.0,1.0,0.0
1455511,0.0,0.0,1.0,0.0,0.0,0.0,0.0
1455680,0.0,0.0,1.0,0.0,0.0,1.0,0.0
1455689,0.0,0.0,1.0,0.0,0.0,2.0,0.0
1456189,0.0,0.0,1.0,0.0,0.0,0.0,0.0
1456298,0.0,0.0,1.0,0.0,0.0,1.0,0.0
1456302,0.0,0.0,1.0,0.0,0.0,2.0,0.0
1456802,0.0,0.0,1.0,0.0,0.0,0.0,0.0
1458063,0.0,0.0,1.0,0.0,0.0,1.0,0.0
1458563,0.0,0.0,1.0,0.0,0.0,0.0,0.0
1458781,0.0,0.0,1.0,0.0,0.0,1.0,0.0
1459281,0.0,0.0,1.0,0.0,0.0,0.0,0.0
1459643,0.0,0.0,1.0,0.0,0.0,1.0,0.0
1460143,0.0,0.0,1.0,0.0,0.0,0.0,0.0
1461621,0.0,0.0,1.0,0.0,0.0,1.0,0.0
1461623,0.0,0.0,1.0,0.0,0.0,2.0,0.0
1462123,0.0,0.0,1.0,0.0,0.0,0.0,0.0
1462266,0.0,0.0,1.0,0.0,0.0,1.0,0.0
1462766,0.0,0.0,1.0,0.0,0.0,0.0,0.0
1463822,0.0,0.0,1.0,0.0,0.0,1.0,0.0
1464196,0.0,0.0,1.0,0.0,1.0,1.0,0.0
1464238,0.0,0.0,1.0,0.0,2.0,1.0,0.0
1464239,0.0,0.0,1.0,0.0,2.0,2.0,0.0
1464738,0.0,0.0,1.0,0.0,0.0,2.0,0.0
1464739,0.0,0.0,1.0,0.0,0.0,0.0,0.0
1466071,0.0,0.0,1.0,0.0,0.0,1.0,0.0
1466571,0.0,0.0,1.0,0.0,0.0,0.0,0.0
1466772,0.0,0.0,1.0,0.0,0.0,1.0,0.0
1467272,0.0,0.0,1.0,0.0,0.0,0.0,0.0
1467334,0.0,0.0,1.0,0.0,1.0,0.0,0.0
1467834,0.0,0.0,1.0,0.0,0.0,0.0,0.0
1468129,0.0,0.0,1.0,0.0,0.0,1.0,0.0
1468131,0.0,0.0,1.0,0.0,0.0,2.0,0.0
1468631,0.0,0.0,1.0,0.0,0.0,0.0,0.0
1469073,0.0,0.0,1.0,0.0,0.0,1.0,0.0
1469573,0.0,0.0,1.0,0.0,0.0,0.0,0.0
1469831,0.0,0.0,1.0,0.0,0.0,1.0,0.0
1469851,0.0,0.0,1.0,0.0,0.0,2.0,0.0
1470351,0.0,0.0,1.0,0.0,0.0,0.0,0.0
1470392,0.0,0.0,1.0,0.0,0.0,1.0,0.0
1470892,0.0,0.0,1.0,0.0,0.0,0.0,0.0
1471669,0.0,0.0,1.0,0.0,0.0,1.0,0.0
1471976,0.0,0.0,1.0,0.0,0.0,2.0,0.0
1472476,0.0,0.0,1.0,0.0,0.0,0.0,0.0
1472768,0.0,0.0,1.0,0.0,0.0,1.0,0.0
1472770,0.0,0.0,1.0,0.0,0.0,2.0,0.0
1473270,0.0,0.0,1.0,0.0,0.0,0.0,0.0
1473517,0.0,0.0,1.0,0.0,0.0,1.0,0.0
1474017,0.0,0.0,1.0,0.0,0.0,0.0,0.0
1474260,0.0,0.0,1.0,0.0,0.0,1.0,0.0
1474760,0.0,0.0,1.0,0.0,0.0,0.0,0.0
1475088,0.0,0.0,1.0,0.0,0.0,1.0,0.0
1475091,0.0,0.0,1.0,0.0,0.0,2.0,0.0
1475591,0.0,0.0,1.0,0.0,0.0,0.0,0.0
1476086,0.0,0.0,1.0,0.0,0.0,1.0,0.0
1476586,0.0,0.0,1.0,0.0,0.0,0.0,0.0
1477240,0.0,0.0,1.0,0.0,0.0,1.0,0.0
1477740,0.0,0.0,1.0,0.0,0.0,0.0,0.0
1477757,0.0,0.0,1.0,0.0,0.0,1.0,0.0
1477759,0.0,0.0,1.0,0.0,0.0,2.0,0.0
1478259,0.0,0.0,1.0,0.0,0.0,0.0,0.0
1478695,0.0,0.0,1.0,0.0,0.0,1.0,0.0
1479014,0.0,0.0,1.0,0.0,0.0,2.0,0.0
1479514,0.0,0.0,1.0,0.0,0.0,0.0,0.0
1479910,0.0,0.0,1.0,0.0,0.0,1.0,0.0
1480410,0.0,0.0,1.0,0.0,0.0,0.0,0.0
1480510,0.0,0.0,1.0,0.0,0.0,1.0,0.0
1480873,0.0,0.0,1.0,0.0,0.0,2.0,0.0
1481373,0.0,0.0,1.0,0.0,0.0,0.0,0.0
1481388,0.0,0.0,1.0,0.0,0.0,1.0,0.0
1481888,0.0,0.0,1.0,0.0,0.0,0.0,0.0
1481920,0.0,0.0,1.0,0.0,0.0,1.0,0.0
1481922,0.0,0.0,1.0,0.0,0.0,2.0,0.0
1482422,0.0,0.0,1.0,0.0,0.0,0.0,0.0
1483348,0.0,0.0,1.0,0.0,0.0,1.0,0.0
1483362,0.0,0.0,1.0,0.0,0.0,2.0,0.0
1483862,0.0,0.0,1.0,0.0,0.0,0.0,0.0
1484446,0.0,0.0,1.0,0.0,0.0,1.0,0.0
1484946,0.0,0.0,1.0,0.0,0.0,0.0,0.0
1485517,0.0,2.0,1.0,0.0,0.0,0.0,0.0
1485994,0.0,2.0,1.0,0.0,0.0,1.0,0.0
1486017,0.0,0.0,1.0,0.0,0.0,1.0,0.0
1486494,0.0,0.0,1.0,0.0,0.0,0.0,0.0
1486777,0.0,0.0,1.0,0.0,0.0,1.0,0.0
1487277,0.0,0.0,1.0,0.0,0.0,0.0,0.0
1487295,0.0,0.0,1.0,0.0,0.0,1.0,0.0
1487795,0.0,0.0,1.0,0.0,0.0,0.0,0.0
1488490,0.0,0.0,1.0,0.0,0.0,1.0,0.0
1488939,0.0,0.0,1.0,0.0,0.0,2.0,0.0
1489439,0.0,0.0,1.0,0.0,0.0,0.0,0.0
1489663,0.0,0.0,1.0,0.0,0.0,1.0,0.0
1490163,0.0,0.0,1.0,0.0,0.0,0.0,0.0
1490696,0.0,0.0,1.0,0.0,0.0,1.0,0.0
1490705,0.0,0.0,1.0,0.0,0.0,2.0,0.0
1491205,0.0,0.0,1.0,0.0,0.0,0.0,0.0
1491669,0.0,0.0,1.0,0.0,0.0,1.0,0.0
1492169,0.0,0.0,1.0,0.0,0.0,0.0,0.0
1492297,0.0,0.0,1.0,0.0,0.0,1.0,0.0
1492797,0.0,0.0,1.0,0.0,0.0,0.0,0.0
1492977,0.0,0.0,1.0,0.0,0.0,1.0,0.0
1493477,0.0,0.0,1.0,0.0,0.0,0.0,0.0
1494018,0.0,0.0,1.0,0.0,0.0,1.0,0.0
1494064,0.0,0.0,1.0,0.0,0.0,2.0,0.0
1494564,0.0,0.0,1.0,0.0,0.0,0.0,0.0
1496523,0.0,0.0,1.0,0.0,0.0,1.0,0.0
1496645,0.0,0.0,1.0,0.0,0.0,2.0,0.0
1497145,0.0,0.0,1.0,0.0,0.0,0.0,0.0
1497548,0.0,0.0,1.0,0.0,0.0,1.0,0.0
1498048,0.0,0.0,1.0,0.0,0.0,0.0,0.0
1498178,0.0,0.0,1.0,0.0,0.0,1.0,0.0
1498678,0.0,0.0,1.0,0.0,0.0,0.0,0.0
1498921,0.0,0.0,1.0,0.0,0.0,1.0,0.0
1499421,0.0,0.0,1.0,0.0,0.0,0.0,0.0
1501471,0.0,0.0,1.0,0.0,0.0,1.0,0.0
1501516,0.0,0.0,0.0,0.0,0.0,1.0,0.0
1501971,0.0,0.0,0.0,0.0,0.0,0.0,0.0
1503880,0.0,0.0,0.0,0.0,0.0,1.0,0.0
1504380,0.0,0.0,0.0,0.0,0.0,0.0,0.0
1505582,0.0,0.0,0.0,0.0,1.0,0.0,0.0
1505884,0.0,0.0,0.0,0.0,1.0,1.0,0.0
1505886,0.0,0.0,0.0,0.0,1.0,2.0,0.0
1506082,0.0,0.0,0.0,0.0,0.0,2.0,0.0
1506386,0.0,0.0,0.0,0.0,0.0,0.0,0.0
1506795,0.0,0.0,0.0,0.0,0.0,1.0,0.0
1507295,0.0,0.0,0.0,0.0,0.0,0.0,0.0
1508624,0.0,0.0,0.0,0.0,0.0,1.0,0.0
1509124,0.0,0.0,0.0,0.0,0.0,0.0,0.0
1513295,0.0,0.0,0.0,0.0,0.0,1.0,0.0
1513795,0.0,0.0,0.0,0.0,0.0,0.0,0.0
1514377,0.0,0.0,0.0,0.0,0.0,1.0,0.0
1514877,0.0,0.0,0.0,0.0,0.0,0.0,0.0
1515182,0.0,0.0,0.0,0.0,0.0,1.0,0.0
1515682,0.0,0.0,0.0,0.0,0.0,0.0,0.0
1515967,0.0,0.0,0.0,0.0,0.0,1.0,0.0
1516467,0.0,0.0,0.0,0.0,0.0,0.0,0.0
1519751,0.0,0.0,0.0,0.0,0.0,1.0,0.0
1520251,0.0,0.0,0.0,0.0,0.0,0.0,0.0
1521190,0.0,0.0,0.0,0.0,0.0,1.0,0.0
1521690,0.0,0.0,0.0,0.0,0.0,0.0,0.0
1523588,0.0,0.0,0.0,0.0,1.0,1.0,0.0
1524088,0.0,0.0,0.0,0.0,0.0,0.0,0.0
1534456,0.0,0.0,0.0,0.0,0.0,1.0,0.0
1534956,0.0,0.0,0.0,0.0,0.0,0.0,0.0
1537104,0.0,0.0,0.0,0.0,0.0,1.0,0.0
1537604,0.0,0.0,0.0,0.0,0.0,0.0,0.0
1538767,0.0,0.0,0.0,0.0,0.0,1.0,0.0
1539267,0.0,0.0,0.0,0.0,0.0,0.0,0.0
1541070,0.0,0.0,0.0,0.0,0.0,1.0,0.0
1541089,0.0,0.0,0.0,0.0,0.0,2.0,0.0
1541589,0.0,0.0,0.0,0.0,0.0,0.0,0.0
1542864,0.0,0.0,0.0,0.0,0.0,1.0,0.0
1543364,0.0,0.0,0.0,0.0,0.0,0.0,0.0
1544214,0.0,0.0,0.0,0.0,0.0,1.0,0.0
1544714,0.0,0.0,0.0,0.0,0.0,0.0,0.0
1544936,0.0,0.0,0.0,0.0,0.0,1.0,0.0
1545436,0.0,0.0,0.0,0.0,0.0,0.0,0.0
1546973,0.0,0.0,0.0,0.0,0.0,1.0,0.0
1547473,0.0,0.0,0.0,0.0,0.0,0.0,0.0
1551397,0.0,0.0,0.0,0.0,0.0,1.0,0.0
1551897,0.0,0.0,0.0,0.0,0.0,0.0,0.0
1552416,0.0,0.0,0.0,0.0,0.0,1.0,0.0
1552916,0.0,0.0,0.0,0.0,0.0,0.0,0.0
1555695,0.0,0.0,0.0,0.0,0.0,1.0,0.0
1556195,0.0,0.0,0.0,0.0,0.0,0.0,0.0
1557575,0.0,0.0,0.0,0.0,1.0,0.0,0.0
1558075,0.0,0.0,0.0,0.0,0.0,0.0,0.0
1559687,0.0,0.0,0.0,0.0,0.0,1.0,0.0
1560187,0.0,0.0,0.0,0.0,0.0,0.0,0.0
1562895,0.0,0.0,0.0,0.0,0.0,1.0,0.0
1563395,0.0,0.0,0.0,0.0,0.0,0.0,0.0
1564123,0.0,0.0,0.0,0.0,0.0,1.0,0.0
1564623,0.0,0.0,0.0,0.0,0.0,0.0,0.0
1567645,0.0,0.0,0.0,0.0,0.0,1.0,0.0
1568145,0.0,0.0,0.0,0.0,0.0,0.0,0.0
1571423,0.0,0.0,0.0,0.0,0.0,1.0,0.0
1571923,0.0,0.0,0.0,0.0,0.0,0.0,0.0
1572084,0.0,0.0,0.0,0.0,0.0,1.0,0.0
1572584,0.0,0.0,0.0,0.0,0.0,0.0,0.0
1576732,0.0,0.0,0.0,0.0,0.0,1.0,0.0
1576734,0.0,0.0,0.0,0.0,0.0,2.0,0.0
1577234,0.0,0.0,0.0,0.0,0.0,0.0,0.0
1579120,0.0,0.0,0.0,0.0,0.0,1.0,0.0
1579620,0.0,0.0,0.0,0.0,0.0,0.0,0.0
1580745,0.0,0.0,0.0,0.0,0.0,1.0,0.0
1581245,0.0,0.0,0.0,0.0,0.0,0.0,0.0
1581383,0.0,0.0,0.0,0.0,0.0,1.0,0.0
1581883,0.0,0.0,0.0,0.0,0.0,0.0,0.0
1582367,0.0,0.0,0.0,0.0,0.0,1.0,0.0
1582370,0.0,0.0,0.0,0.0,0.0,2.0,0.0
1582870,0.0,0.0,0.0,0.0,0.0,0.0,0.0
1588891,0.0,0.0,0.0,0.0,0.0,1.0,0.0
1589391,0.0,0.0,0.0,0.0,0.0,0.0,0.0
1595296,0.0,0.0,0.0,0.0,0.0,1.0,0.0
1595796,0.0,0.0,0.0,0.0,0.0,0.0,0.0
1597245,0.0,0.0,0.0,0.0,0.0,1.0,0.0
1597745,0.0,0.0,0.0,0.0,0.0,0.0,0.0
1598061,0.0,0.0,0.0,0.0,0.0,1.0,0.0
1598561,0.0,0.0,0.0,0.0,0.0,0.0,0.0
1600000,0.0,0.0,0.0,0.0,0.0,0.0,1.0
1600055,0.0,0.0,0.0,0.0,0.0,1.0,1.0
1600060,0.0,0.0,0.0,0.0,0.0,2.0,1.0
1600159,2.0,0.0,0.0,0.0,0.0,2.0,1.0
1600266,2.0,2.0,0.0,0.0,0.0,2.0,1.0
1600283,2.0,2.0,0.0,0.0,1.0,2.0,1.0
1600345,2.0,2.0,0.0,0.0,2.0,2.0,1.0
1600500,2.0,2.0,0.0,0.0,2.0,2.0,0.0
1600560,2.0,2.0,0.0,0.0,2.0,0.0,0.0
1600659,0.0,2.0,0.0,0.0,2.0,0.0,0.0
1600751,0.0,2.0,0.0,0.0,2.0,1.0,0.0
1600766,0.0,0.0,0.0,0.0,2.0,1.0,0.0
1600845,0.0,0.0,0.0,0.0,0.0,1.0,0.0
1601243,0.0,0.0,0.0,0.0,1.0,1.0,0.0
1601251,0.0,0.0,0.0,0.0,1.0,0.0,0.0
1601636,0.0,0.0,0.0,0.0,1.0,1.0,0.0
1601638,0.0,0.0,0.0,0.0,1.0,2.0,0.0
1601743,0.0,0.0,0.0,0.0,0.0,2.0,0.0
1602138,0.0,0.0,0.0,0.0,0.0,0.0,0.0
1602576,0.0,0.0,0.0,0.0,0.0,1.0,0.0
1602578,0.0,0.0,0.0,0.0,0.0,2.0,0.0
1602629,0.0,0.0,1.0,0.0,0.0,2.0,0.0
1603078,0.0,0.0,1.0,0.0,0.0,0.0,0.0
1603219,0.0,0.0,1.0,0.0,0.0,1.0,0.0
1603224,0.0,0.0,1.0,0.0,0.0,2.0,0.0
1603724,0.0,0.0,1.0,0.0,0.0,0.0,0.0
1604953,0.0,0.0,1.0,0.0,0.0,1.0,0.0
1605187,0.0,0.0,2.0,0.0,0.0,1.0,0.0
1605219,0.0,0.0,2.0,0.0,0.0,2.0,0.0
1605687,0.0,0.0,0.0,0.0,0.0,2.0,0.0
1605719,0.0,0.0,0.0,0.0,0.0,0.0,0.0
1606394,0.0,0.0,0.0,0.0,0.0,1.0,0.0
1606894,0.0,0.0,0.0,0.0,0.0,0.0,0.0
1607355,0.0,0.0,0.0,0.0,0.0,1.0,0.0
1607635,0.0,0.0,0.0,0.0,0.0,2.0,0.0
1607795,0.0,0.0,1.0,0.0,0.0,2.0,0.0
1608135,0.0,0.0,1.0,0.0,0.0,0.0,0.0
1608366,0.0,0.0,1.0,0.0,0.0,1.0,0.0
1608866,0.0,0.0,1.0,0.0,0.0,0.0,0.0
1609107,0.0,2.0,1.0,0.0,0.0,0.0,0.0
1609230,0.0,2.0,2.0,0.0,0.0,0.0,0.0
1609607,0.0,0.0,2.0,0.0,0.0,0.0,0.0
1609730,0.0,0.0,0.0,0.0,0.0,0.0,0.0
1609942,0.0,0.0,0.0,0.0,0.0,1.0,0.0
1609981,0.0,0.0,0.0,0.0,0.0,2.0,0.0
1609983,0.0,0.0,1.0,0.0,0.0,2.0,0.0
1610481,0.0,0.0,1.0,0.0,0.0,0.0,0.0
1610483,0.0,0.0,0.0,0.0,0.0,0.0,0.0
1610721,0.0,0.0,0.0,0.0,0.0,1.0,0.0
1610762,0.0,0.0,0.0,0.0,0.0,2.0,0.0
1610912,0.0,0.0,1.0,0.0,0.0,2.0,0.0
1611262,0.0,0.0,1.0,0.0,0.0,0.0,0.0
1611412,0.0,0.0,0.0,0.0,0.0,0.0,0.0
1612399,0.0,0.0,0.0,0.0,0.0,1.0,0.0
1612733,0.0,0.0,1.0,0.0,0.0,1.0,0.0
1612899,0.0,0.0,1.0,0.0,0.0,0.0,0.0
1613037,0.0,0.0,1.0,0.0,0.0,1.0,0.0
1613537,0.0,0.0,1.0,0.0,0.0,0.0,0.0
1613601,0.0,0.0,1.0,0.0,0.0,1.0,0.0
1614101,0.0,0.0,1.0,0.0,0.0,0.0,0.0
1614198,0.0,0.0,1.0,0.0,0.0,1.0,0.0
1614211,0.0,0.0,1.0,0.0,0.0,2.0,0.0
1614711,0.0,0.0,1.0,0.0,0.0,0.0,0.0
1614733,0.0,0.0,0.0,0.0,0.0,0.0,0.0
1614935,0.0,0.0,0.0,0.0,0.0,1.0,0.0
1615051,0.0,0.0,1.0,0.0,0.0,1.0,0.0
1615336,0.0,0.0,1.0,0.0,0.0,2.0,0.0
1615836,0.0,0.0,1.0,0.0,0.0,0.0,0.0
1616019,0.0,0.0,1.0,0.0,0.0,1.0,0.0
1616021,0.0,0.0,1.0,0.0,0.0,2.0,0.0
1616521,0.0,0.0,1.0,0.0,0.0,0.0,0.0
1616631,0.0,0.0,1.0,0.0,0.0,1.0,0.0
1617131,0.0,0.0,1.0,0.0,0.0,0.0,0.0
1617267,0.0,0.0,1.0,0.0,0.0,1.0,0.0
1617767,0.0,0.0,1.0,0.0,0.0,0.0,0.0
1617818,0.0,0.0,1.0,0.0,0.0,1.0,0.0
1618077,0.0,0.0,1.0,0.0,0.0,2.0,0.0
1618577,0.0,0.0,1.0,0.0,0.0,0.0,0.0
1618776,0.0,0.0,1.0,0.0,0.0,1.0,0.0
1619276,0.0,0.0,1.0,0.0,0.0,0.0,0.0
1619573,0.0,0.0,1.0,0.0,0.0,1.0,0.0
1620073,0.0,0.0,1.0,0.0,0.0,0.0,0.0
1620175,0.0,0.0,1.0,0.0,0.0,1.0,0.0
1620675,0.0,0.0,1.0,0.0,0.0,0.0,0.0
1621629,0.0,0.0,1.0,0.0,0.0,1.0,0.0
1621781,0.0,0.0,1.0,0.0,0.0,2.0,0.0
1622281,0.0,0.0,1.0,0.0,0.0,0.0,0.0
1622475,0.0,0.0,1.0,0.0,0.0,1.0,0.0
1622911,0.0,0.0,1.0,0.0,0.0,2.0,0.0
1623411,0.0,0.0,1.0,0.0,0.0,0.0,0.0
1624871,0.0,0.0,1.0,0.0,0.0,1.0,0.0
1625271,0.0,0.0,1.0,0.0,0.0,2.0,0.0
1625430,0.0,0.0,1.0,0.0,1.0,2.0,0.0
1625771,0.0,0.0,1.0,0.0,1.0,0.0,0.0
1625930,0.0,0.0,1.0,0.0,0.0,0.0,0.0
1626308,0.0,0.0,1.0,0.0,0.0,1.0,0.0
1626515,0.0,2.0,1.0,0.0,0.0,1.0,0.0
1626808,0.0,2.0,1.0,0.0,0.0,0.0,0.0
1627015,0.0,0.0,1.0,0.0,0.0,0.0,0.0
1627417,0.0,0.0,1.0,0.0,0.0,1.0,0.0
1627917,0.0,0.0,1.0,0.0,0.0,0.0,0.0
1627996,0.0,0.0,1.0,0.0,0.0,1.0,0.0
1628496,0.0,0.0,1.0,0.0,0.0,0.0,0.0
1628655,0.0,0.0,1.0,0.0,0.0,1.0,0.0
1628658,0.0,0.0,1.0,0.0,0.0,2.0,0.0
1629158,0.0,0.0,1.0,0.0,0.0,0.0,0.0
1629558,0.0,0.0,1.0,0.0,0.0,1.0,0.0
1630058,0.0,0.0,1.0,0.0,0.0,0.0,0.0
1631144,0.0,0.0,1.0,0.0,0.0,1.0,0.0
1631146,0.0,0.0,1.0,0.0,0.0,2.0,0.0
1631646,0.0,0.0,1.0,0.0,0.0,0.0,0.0
1631798,0.0,0.0,1.0,0.0,0.0,1.0,0.0
1632298,0.0,0.0,1.0,0.0,0.0,0.0,0.0
1633418,0.0,0.0,1.0,0.0,0.0,1.0,0.0
1633918,0.0,0.0,1.0,0.0,0.0,0.0,0.0
1634381,0.0,0.0,1.0,0.0,0.0,1.0,0.0
1634881,0.0,0.0,1.0,0.0,0.0,0.0,0.0
1635292,0.0,0.0,1.0,0.0,1.0,0.0,0.0
1635792,0.0,0.0,1.0,0.0,0.0,0.0,0.0
1636674,0.0,0.0,1.0,0.0,0.0,1.0,0.0
1637174,0.0,0.0,1.0,0.0,0.0,0.0,0.0
1637432,0.0,0.0,1.0,0.0,0.0,1.0,0.0
1637444,0.0,0.0,1.0,0.0,0.0,2.0,0.0
1637944,0.0,0.0,1.0,0.0,0.0,0.0,0.0
1638420,0.0,0.0,1.0,0.0,0.0,1.0,0.0
1638920,0.0,0.0,1.0,0.0,0.0,0.0,0.0
1639902,0.0,0.0,1.0,0.0,0.0,1.0,0.0
1640402,0.0,0.0,1.0,0.0,0.0,0.0,0.0
1640527,0.0,0.0,1.0,0.0,0.0,1.0,0.0
1641027,0.0,0.0,1.0,0.0,0.0,0.0,0.0
1641134,0.0,0.0,1.0,0.0,0.0,1.0,0.0
1641634,0.0,0.0,1.0,0.0,0.0,0.0,0.0
1642072,0.0,0.0,1.0,0.0,0.0,1.0,0.0
1642572,0.0,0.0,1.0,0.0,0.0,0.0,0.0
1642605,0.0,0.0,1.0,0.0,0.0,1.0,0.0
1643105,0.0,0.0,1.0,0.0,0.0,0.0,0.0
1643156,0.0,0.0,1.0,0.0,0.0,1.0,0.0
1643656,0.0,0.0,1.0,0.0,0.0,0.0,0.0
1644026,0.0,0.0,1.0,0.0,0.0,1.0,0.0
1644526,0.0,0.0,1.0,0.0,0.0,0.0,0.0
1644926,0.0,0.0,1.0,0.0,0.0,1.0,0.0
1645426,0.0,0.0,1.0,0.0,0.0,0.0,0.0
1645467,0.0,0.0,1.0,0.0,0.0,1.0,0.0
1645469,0.0,0.0,1.0,0.0,0.0,2.0,0.0
1645969,0.0,0.0,1.0,0.0,0.0,0.0,0.0
1645977,0.0,0.0,1.0,0.0,0.0,1.0,0.0
1646080,0.0,0.0,1.0,0.0,0.0,2.0,0.0
1646580,0.0,0.0,1.0,0.0,0.0,0.0,0.0
1646803,0.0,0.0,1.0,0.0,0.0,1.0,0.0
1646917,0.0,0.0,1.0,0.0,0.0,2.0,0.0
1647417,0.0,0.0,1.0,0.0,0.0,0.0,0.0
1648084,0.0,0.0,1.0,0.0,0.0,1.0,0.0
1648584,0.0,0.0,1.0,0.0,0.0,0.0,0.0
1648657,0.0,0.0,1.0,0.0,0.0,1.0,0.0
1649157,0.0,0.0,1.0,0.0,0.0,0.0,0.0
1650111,0.0,0.0,1.0,0.0,0.0,1.0,0.0
1650113,0.0,0.0,1.0,0.0,0.0,2.0,0.0
1650613,0.0,0.0,1.0,0.0,0.0,0.0,0.0
1651444,0.0,0.0,1.0,0.0,0.0,1.0,0.0
1651944,0.0,0.0,1.0,0.0,0.0,0.0,0.0
1652003,0.0,0.0,1.0,0.0,0.0,1.0,0.0
1652503,0.0,0.0,1.0,0.0,0.0,0.0,0.0
1652648,0.0,0.0,1.0,0.0,0.0,1.0,0.0
1652752,0.0,2.0,1.0,0.0,0.0,1.0,0.0
1653148,0.0,2.0,1.0,0.0,0.0,0.0,0.0
1653252,0.0,0.0,1.0,0.0,0.0,0.0,0.0
1653397,0.0,0.0,1.0,0.0,0.0,1.0,0.0
1653402,0.0,0.0,1.0,0.0,0.0,2.0,0.0
1653902,0.0,0.0,1.0,0.0,0.0,0.0,0.0
1654138,0.0,0.0,1.0,0.0,0.0,1.0,0.0
1654638,0.0,0.0,1.0,0.0,0.0,0.0,0.0
1655190,0.0,0.0,1.0,0.0,0.0,1.0,0.0
1655690,0.0,0.0,1.0,0.0,0.0,0.0,0.0
1657048,0.0,0.0,1.0,0.0,0.0,1.0,0.0
1657548,0.0,0.0,1.0,0.0,0.0,0.0,0.0
1658326,0.0,0.0,1.0,0.0,0.0,1.0,0.0
1658667,0.0,0.0,1.0,0.0,0.0,2.0,0.0
1659167,0.0,0.0,1.0,0.0,0.0,0.0,0.0
1659334,0.0,0.0,1.0,0.0,0.0,1.0,0.0
1659834,0.0,0.0,1.0,0.0,0.0,0.0,0.0
1660285,0.0,0.0,1.0,0.0,0.0,1.0,0.0
1660740,0.0,0.0,1.0,0.0,0.0,2.0,0.0
1661240,0.0,0.0,1.0,0.0,0.0,0.0,0.0
1661539,0.0,0.0,1.0,0.0,0.0,1.0,0.0
1662039,0.0,0.0,1.0,0.0,0.0,0.0,0.0
1662131,0.0,0.0,1.0,0.0,0.0,1.0,0.0
1662157,0.0,0.0,1.0,0.0,0.0,2.0,0.0
1662657,0.0,0.0,1.0,0.0,0.0,0.0,0.0
1662867,0.0,0.0,1.0,0.0,0.0,1.0,0.0
1663331,0.0,0.0,1.0,0.0,0.0,2.0,0.0
1663831,0.0,0.0,1.0,0.0,0.0,0.0,0.0
1664868,0.0,0.0,1.0,0.0,0.0,1.0,0.0
1665102,0.0,0.0,1.0,0.0,0.0,2.0,0.0
1665602,0.0,0.0,1.0,0.0,0.0,0.0,0.0
1666813,0.0,0.0,1.0,0.0,0.0,1.0,0.0
1667313,0.0,0.0,1.0,0.0,0.0,0.0,0.0
1667487,0.0,0.0,1.0,0.0,0.0,1.0,0.0
1667666,0.0,0.0,1.0,0.0,0.0,2.0,0.0
1667725,0.0,2.0,1.0,0.0,0.0,2.0,0.0
1668166,0.0,2.0,1.0,0.0,0.0,0.0,0.0
1668225,0.0,0.0,1.0,0.0,0.0,0.0,0.0
1668530,0.0,0.0,1.0,0.0,0.0,1.0,0.0
1669030,0.0,0.0,1.0,0.0,0.0,0.0,0.0
1669795,0.0,0.0,1.0,0.0,0.0,1.0,0.0
1670092,0.0,0.0,1.0,0.0,0.0,2.0,0.0
1670592,0.0,0.0,1.0,0.0,0.0,0.0,0.0
1670715,0.0,0.0,1.0,0.0,0.0,1.0,0.0
1671215,0.0,0.0,1.0,0.0,0.0,0.0,0.0
1671697,0.0,0.0,1.0,0.0,0.0,1.0,0.0
1672197,0.0,0.0,1.0,0.0,0.0,0.0,0.0
1672731,0.0,0.0,1.0,0.0,0.0,1.0,0.0
1672733,0.0,0.0,1.0,0.0,0.0,2.0,0.0
1673233,0.0,0.0,1.0,0.0,0.0,0.0,0.0
1673665,0.0,0.0,1.0,0.0,0.0,1.0,0.0
1673959,0.0,0.0,1.0,0.0,0.0,2.0,0.0
1674459,0.0,0.0,1.0,0.0,0.0,0.0,0.0
1674476,0.0,0.0,1.0,0.0,0.0,1.0,0.0
1674976,0.0,0.0,1.0,0.0,0.0,0.0,0.0
1674992,0.0,0.0,1.0,0.0,0.0,1.0,0.0
1675009,0.0,0.0,1.0,0.0,0.0,2.0,0.0
1675509,0.0,0.0,1.0,0.0,0.0,0.0,0.0
1676130,0.0,0.0,1.0,0.0,0.0,1.0,0.0
1676524,0.0,0.0,1.0,0.0,0.0,2.0,0.0
1677024,0.0,0.0,1.0,0.0,0.0,0.0,0.0
1677789,0.0,0.0,1.0,0.0,0.0,1.0,0.0
1678289,0.0,0.0,1.0,0.0,0.0,0.0,0.0
1679404,0.0,0.0,1.0,0.0,0.0,1.0,0.0
1679406,0.0,0.0,1.0,0.0,0.0,2.0,0.0
1679906,0.0,0.0,1.0,0.0,0.0,0.0,0.0
1680282,0.0,0.0,1.0,0.0,0.0,1.0,0.0
1680782,0.0,0.0,1.0,0.0,0.0,0.0,0.0
1681013,0.0,0.0,1.0,0.0,0.0,1.0,0.0
1681015,0.0,0.0,1.0,0.0,0.0,2.0,0.0
1681515,0.0,0.0,1.0,0.0,0.0,0.0,0.0
1682198,0.0,0.0,1.0,0.0,0.0,1.0,0.0
1682202,0.0,0.0,1.0,0.0,0.0,2.0,0.0
1682220,0.0,0.0,1.0,0.0,1.0,2.0,0.0
1682702,0.0,0.0,1.0,0.0,1.0,0.0,0.0
1682720,0.0,0.0,1.0,0.0,0.0,0.0,0.0
1682957,0.0,0.0,1.0,0.0,0.0,1.0,0.0
1682997,0.0,0.0,1.0,0.0,0.0,2.0,0.0
1683497,0.0,0.0,1.0,0.0,0.0,0.0,0.0
1683623,0.0,0.0,1.0,0.0,0.0,1.0,0.0
1683770,0.0,0.0,1.0,0.0,0.0,2.0,0.0
1684270,0.0,0.0,1.0,0.0,0.0,0.0,0.0
1685973,0.0,0.0,1.0,0.0,0.0,1.0,0.0
1686318,0.0,0.0,1.0,0.0,0.0,2.0,0.0
1686818,0.0,0.0,1.0,0.0,0.0,0.0,0.0
1687074,0.0,0.0,1.0,0.0,0.0,1.0,0.0
1687078,0.0,0.0,1.0,0.0,0.0,2.0,0.0
1687578,0.0,0.0,1.0,0.0,0.0,0.0,0.0
1689394,0.0,0.0,1.0,0.0,0.0,1.0,0.0
1689818,0.0,0.0,1.0,0.0,0.0,2.0,0.0
1689824,0.0,0.0,1.0,0.0,1.0,2.0,0.0
1689829,0.0,0.0,1.0,0.0,2.0,2.0,0.0
1690318,0.0,0.0,1.0,0.0,2.0,0.0,0.0
1690329,0.0,0.0,1.0,0.0,0.0,0.0,0.0
1691209,0.0,0.0,1.0,0.0,0.0,1.0,0.0
1691709,0.0,0.0,1.0,0.0,0.0,0.0,0.0
1691897,0.0,0.0,1.0,0.0,0.0,1.0,0.0
1692320,0.0,0.0,1.0,0.0,0.0,2.0,0.0
1692820,0.0,0.0,1.0,0.0,0.0,0.0,0.0
1692823,0.0,0.0,1.0,0.0,0.0,1.0,0.0
1693323,0.0,0.0,1.0,0.0,0.0,0.0,0.0
1693679,0.0,0.0,1.0,0.0,0.0,1.0,0.0
1694179,0.0,0.0,1.0,0.0,0.0,0.0,0.0
1694993,0.0,0.0,1.0,0.0,0.0,1.0,0.0
1694996,0.0,0.0,1.0,0.0,0.0,2.0,0.0
1695496,0.0,0.0,1.0,0.0,0.0,0.0,0.0
1695528,0.0,0.0,1.0,0.0,0.0,1.0,0.0
1696028,0.0,0.0,1.0,0.0,0.0,0.0,0.0
1697262,0.0,0.0,1.0,0.0,0.0,1.0,0.0
1697265,0.0,0.0,1.0,0.0,0.0,2.0,0.0
1697765,0.0,0.0,1.0,0.0,0.0,0.0,0.0
1698474,0.0,0.0,1.0,0.0,0.0,1.0,0.0
1698974,0.0,0.0,1.0,0.0,0.0,0.0,0.0
1699203,0.0,2.0,1.0,0.0,0.0,0.0,0.0
1699703,0.0,0.0,1.0,0.0,0.0,0.0,0.0
1701189,0.0,0.0,1.0,0.0,0.0,1.0,0.0
1701689,0.0,0.0,1.0,0.0,0.0,0.0,0.0
1702104,0.0,0.0,1.0,0.0,0.0,1.0,0.0
1702105,0.0,0.0,1.0,0.0,1.0,1.0,0.0
1702551,0.0,0.0,0.0,0.0,1.0,1.0,0.0
1702604,0.0,0.0,0.0,0.0,1.0,0.0,0.0
1702605,0.0,0.0,0.0,0.0,0.0,0.0,0.0
1702759,0.0,0.0,0.0,0.0,0.0,1.0,0.0
1703259,0.0,0.0,0.0,0.0,0.0,0.0,0.0
1703647,0.0,0.0,0.0,0.0,0.0,1.0,0.0
1704147,0.0,0.0,0.0,0.0,0.0,0.0,0.0
1704975,0.0,0.0,0.0,0.0,0.0,1.0,0.0
1705475,0.0,0.0,0.0,0.0,0.0,0.0,0.0
1705620,0.0,0.0,0.0,0.0,0.0,1.0,0.0
1706620,0.0,0.0,0.0,0.0,0.0,0.0,0.0
1707787,0.0,0.0,0.0,0.0,0.0,1.0,0.0
1708287,0.0,0.0,0.0,0.0,0.0,0.0,0.0
1708408,0.0,0.0,0.0,0.0,0.0,1.0,0.0
1708908,0.0,0.0,0.0,0.0,0.0,0.0,0.0
1709384,0.0,0.0,0.0,0.0,0.0,1.0,0.0
1709877,0.0,0.0,0.0,0.0,0.0,2.0,0.0
1710377,0.0,0.0,0.0,0.0,0.0,0.0,0.0
1712539,0.0,0.0,0.0,0.0,0.0,1.0,0.0
1713039,0.0,0.0,0.0,0.0,0.0,0.0,0.0
1716528,0.0,0.0,0.0,0.0,0.0,1.0,0.0
1717028,0.0,0.0,0.0,0.0,0.0,0.0,0.0
1719506,0.0,0.0,0.0,0.0,0.0,1.0,0.0
1720006,0.0,0.0,0.0,0.0,0.0,0.0,0.0
1721232,0.0,0.0,0.0,0.0,0.0,1.0,0.0
1721732,0.0,0.0,0.0,0.0,0.0,0.0,0.0
1722673,0.0,0.0,0.0,0.0,1.0,0.0,0.0
1723173,0.0,0.0,0.0,0.0,0.0,0.0,0.0
1724425,0.0,0.0,0.0,0.0,0.0,1.0,0.0
1724925,0.0,0.0,0.0,0.0,0.0,0.0,0.0
1725810,0.0,0.0,0.0,0.0,0.0,1.0,0.0
1726310,0.0,0.0,0.0,0.0,0.0,0.0,0.0
1726437,0.0,0.0,0.0,0.0,0.0,1.0,0.0
1726937,0.0,0.0,0.0,0.0,0.0,0.0,0.0
1728558,0.0,0.0,0.0,0.0,0.0,1.0,0.0
1729058,0.0,0.0,0.0,0.0,0.0,0.0,0.0
1729605,0.0,0.0,0.0,0.0,0.0,1.0,0.0
1730105,0.0,0.0,0.0,0.0,0.0,0.0,0.0
1730764,0.0,0.0,0.0,0.0,0.0,1.0,0.0
1731158,0.0,0.0,0.0,0.0,0.0,2.0,0.0
1731658,0.0,0.0,0.0,0.0,0.0,0.0,0.0
1735545,0.0,0.0,0.0,0.0,0.0,1.0,0.0
1736045,0.0,0.0,0.0,0.0,0.0,0.0,0.0
1736206,0.0,0.0,0.0,0.0,0.0,1.0,0.0
1736706,0.0,0.0,0.0,0.0,0.0,0.0,0.0
1736899,0.0,0.0,0.0,0.0,0.0,1.0,0.0
1736911,0.0,2.0,0.0,0.0,0.0,1.0,0.0
1737399,0.0,2.0,0.0,0.0,0.0,0.0,0.0
1737411,0.0,0.0,0.0,0.0,0.0,0.0,0.0
1738673,0.0,0.0,0.0,0.0,0.0,1.0,0.0
1739173,0.0,0.0,0.0,0.0,0.0,0.0,0.0
1739350,0.0,0.0,0.0,0.0,0.0,1.0,0.0
1739850,0.0,0.0,0.0,0.0,0.0,0.0,0.0
1740274,0.0,0.0,0.0,0.0,0.0,1.0,0.0
1740774,0.0,0.0,0.0,0.0,0.0,0.0,0.0
1742410,0.0,0.0,0.0,0.0,0.0,1.0,0.0
1742910,0.0,0.0,0.0,0.0,0.0,0.0,0.0
1743486,0.0,0.0,0.0,0.0,0.0,1.0,0.0
1743986,0.0,0.0,0.0,0.0,0.0,0.0,0.0
1747716,0.0,0.0,0.0,0.0,0.0,1.0,0.0
1747769,0.0,0.0,0.0,0.0,0.0,2.0,0.0
1748269,0.0,0.0,0.0,0.0,0.0,0.0,0.0
1750214,0.0,0.0,0.0,0.0,0.0,1.0,0.0
1750714,0.0,0.0,0.0,0.0,0.0,0.0,0.0
1751311,0.0,0.0,0.0,0.0,0.0,1.0,0.0
1751811,0.0,0.0,0.0,0.0,0.0,0.0,0.0
1755058,0.0,0.0,0.0,0.0,0.0,1.0,0.0
1755558,0.0,0.0,0.0,0.0,0.0,0.0,0.0
1756168,0.0,0.0,0.0,0.0,0.0,1.0,0.0
1756668,0.0,0.0,0.0,0.0,0.0,0.0,0.0
1757250,0.0,2.0,0.0,0.0,0.0,0.0,0.0
1757639,0.0,2.0,0.0,0.0,0.0,1.0,0.0
1757750,0.0,0.0,0.0,0.0,0.0,1.0,0.0
1758139,0.0,0.0,0.0,0.0,0.0,0.0,0.0
1760315,0.0,0.0,0.0,0.0,0.0,1.0,0.0
1760815,0.0,0.0,0.0,0.0,0.0,0.0,0.0
1762652,0.0,0.0,0.0,0.0,0.0,1.0,0.0
1763152,0.0,0.0,0.0,0.0,0.0,0.0,0.0
1765483,0.0,0.0,0.0,0.0,0.0,1.0,0.0
1765983,0.0,0.0,0.0,0.0,0.0,0.0,0.0
1766526,0.0,0.0,0.0,0.0,0.0,1.0,0.0
1767026,0.0,0.0,0.0,0.0,0.0,0.0,0.0
1767284,0.0,0.0,0.0,0.0,0.0,1.0,0.0
1767784,0.0,0.0,0.0,0.0,0.0,0.0,0.0
1768514,0.0,0.0,0.0,0.0,0.0,1.0,0.0
1769014,0.0,0.0,0.0,0.0,0.0,0.0,0.0
1774737,0.0,0.0,0.0,0.0,0.0,1.0,0.0
1775237,0.0,0.0,0.0,0.0,0.0,0.0,0.0
1775777,0.0,0.0,0.0,0.0,0.0,1.0,0.0
1776277,0.0,0.0,0.0,0.0,0.0,0.0,0.0
1781311,0.0,0.0,0.0,0.0,0.0,1.0,0.0
1781811,0.0,0.0,0.0,0.0,0.0,0.0,0.0
1782788,0.0,0.0,0.0,0.0,0.0,1.0,0.0
1783288,0.0,0.0,0.0,0.0,0.0,0.0,0.0
1784724,0.0,0.0,0.0,0.0,0.0,1.0,0.0
1785224,0.0,0.0,0.0,0.0,0.0,0.0,0.0
1785472,0.0,0.0,0.0,0.0,0.0,1.0,0.0
1785972,0.0,0.0,0.0,0.0,0.0,0.0,0.0
1787336,0.0,0.0,0.0,0.0,0.0,1.0,0.0
1787836,0.0,0.0,0.0,0.0,0.0,0.0,0.0
1788106,0.0,0.0,0.0,0.0,0.0,1.0,0.0
1788606,0.0,0.0,0.0,0.0,0.0,0.0,0.0
1790545,0.0,0.0,0.0,0.0,0.0,1.0,0.0
1791045,0.0,0.0,0.0,0.0,0.0,0.0,0.0
1797069,0.0,0.0,0.0,0.0,0.0,1.0,0.0
1797569,0.0,0.0,0.0,0.0,0.0,0.0,0.0
1800000,0.0,0.0,0.0,0.0,0.0,0.0,1.0
1800005,0.0,0.0,0.0,0.0,0.0,1.0,1.0
1800141,0.0,0.0,0.0,0.0,0.0,2.0,1.0
1800191,2.0,0.0,0.0,0.0,0.0,2.0,1.0
1800284,2.0,2.0,0.0,0.0,0.0,2.0,1.0
1800500,2.0,2.0,0.0,0.0,0.0,2.0,0.0
1800641,2.0,2.0,0.0,0.0,0.0,0.0,0.0
1800674,2.0,2.0,0.0,0.0,0.0,1.0,0.0
1800691,0.0,2.0,0.0,0.0,0.0,1.0,0.0
1800703,2.0,2.0,0.0,0.0,0.0,1.0,0.0
1800784,2.0,0.0,0.0,0.0,0.0,1.0,0.0
1801174,2.0,0.0,0.0,0.0,0.0,0.0,0.0
1801202,2.0,0.0,0.0,0.0,0.0,1.0,0.0
1801203,0.0,0.0,0.0,0.0,0.0,1.0,0.0
1801702,0.0,0.0,0.0,0.0,0.0,0.0,0.0
1801709,0.0,0.0,0.0,0.0,0.0,1.0,0.0
1801853,0.0,0.0,0.0,0.0,1.0,1.0,0.0
1802209,0.0,0.0,0.0,0.0,1.0,0.0,0.0
1802287,0.0,0.0,1.0,0.0,1.0,0.0,0.0
1802502,0.0,0.0,1.0,0.0,2.0,0.0,0.0
1802518,0.0,0.0,1.0,0.0,2.0,1.0,0.0
1802539,0.0,0.0,1.0,0.0,2.0,2.0,0.0
1803002,0.0,0.0,1.0,0.0,0.0,2.0,0.0
1803039,0.0,0.0,1.0,0.0,0.0,0.0,0.0
1804529,0.0,0.0,1.0,0.0,0.0,1.0,0.0
1804785,0.0,0.0,2.0,0.0,0.0,1.0,0.0
1805029,0.0,0.0,2.0,0.0,0.0,0.0,0.0
1805285,0.0,0.0,0.0,0.0,0.0,0.0,0.0
1805383,0.0,0.0,0.0,0.0,0.0,1.0,0.0
1805883,0.0,0.0,0.0,0.0,0.0,0.0,0.0
1806690,0.0,0.0,0.0,0.0,0.0,1.0,0.0
1807190,0.0,0.0,0.0,0.0,0.0,0.0,0.0
1807197,0.0,0.0,0.0,0.0,0.0,1.0,0.0
1807697,0.0,0.0,0.0,0.0,0.0,0.0,0.0
1807794,0.0,0.0,0.0,0.0,0.0,1.0,0.0
1807801,0.0,0.0,0.0,0.0,0.0,2.0,0.0
1808301,0.0,0.0,0.0,0.0,0.0,0.0,0.0
1808437,0.0,0.0,0.0,0.0,0.0,1.0,0.0
1808937,0.0,0.0,0.0,0.0,0.0,0.0,0.0
1808978,0.0,0.0,0.0,0.0,0.0,1.0,0.0
1809478,0.0,0.0,0.0,0.0,0.0,0.0,0.0
1810211,0.0,0.0,0.0,0.0,0.0,1.0,0.0
1810226,0.0,0.0,0.0,0.0,0.0,2.0,0.0
1810726,0.0,0.0,0.0,0.0,0.0,0.0,0.0
1810749,0.0,0.0,0.0,0.0,1.0,0.0,0.0
1810751,0.0,0.0,0.0,0.0,2.0,1.0,0.0
1810753,0.0,0.0,0.0,0.0,2.0,2.0,0.0
1811251,0.0,0.0,0.0,0.0,0.0,2.0,0.0
1811253,0.0,0.0,0.0,0.0,0.0,0.0,0.0
1812917,0.0,0.0,0.0,0.0,0.0,1.0,0.0
1813417,0.0,0.0,0.0,0.0,0.0,0.0,0.0
1813754,0.0,0.0,0.0,0.0,0.0,1.0,0.0
1814254,0.0,0.0,0.0,0.0,0.0,0.0,0.0
1815552,0.0,0.0,0.0,0.0,0.0,1.0,0.0
1816052,0.0,0.0,0.0,0.0,0.0,0.0,0.0
1817754,0.0,0.0,0.0,0.0,0.0,1.0,0.0
1817821,0.0,0.0,0.0,0.0,0.0,2.0,0.0
1817836,0.0,2.0,0.0,0.0,1.0,2.0,0.0
1818321,0.0,2.0,0.0,0.0,1.0,0.0,0.0
1818336,0.0,0.0,0.0,0.0,0.0,0.0,0.0
1818681,0.0,0.0,0.0,0.0,0.0,1.0,0.0
1819181,0.0,0.0,0.0,0.0,0.0,0.0,0.0
1819809,0.0,0.0,0.0,0.0,0.0,1.0,0.0
1820309,0.0,0.0,0.0,0.0,0.0,0.0,0.0
1820972,0.0,0.0,0.0,0.0,0.0,1.0,0.0
1821162,0.0,0.0,0.0,0.0,0.0,2.0,0.0
1821662,0.0,0.0,0.0,0.0,0.0,0.0,0.0
1822902,0.0,0.0,0.0,0.0,0.0,1.0,0.0
1822910,0.0,0.0,0.0,0.0,0.0,2.0,0.0
1823410,0.0,0.0,0.0,0.0,0.0,0.0,0.0
1823465,0.0,0.0,0.0,0.0,0.0,1.0,0.0
1823470,0.0,0.0,0.0,0.0,0.0,2.0,0.0
1823970,0.0,0.0,0.0,0.0,0.0,0.0,0.0
1824438,0.0,0.0,0.0,0.0,0.0,1.0,0.0
1824938,0.0,0.0,0.0,0.0,0.0,0.0,0.0
1825141,0.0,0.0,0.0,0.0,0.0,1.0,0.0
1825641,0.0,0.0,0.0,0.0,0.0,0.0,0.0
1825669,0.0,0.0,0.0,0.0,0.0,1.0,0.0
1826169,0.0,0.0,0.0,0.0,0.0,0.0,0.0
1826280,0.0,0.0,0.0,0.0,0.0,1.0,0.0
1826293,0.0,0.0,0.0,0.0,0.0,2.0,0.0
1826793,0.0,0.0,0.0,0.0,0.0,0.0,0.0
1827197,0.0,0.0,0.0,0.0,0.0,1.0,0.0
1827199,0.0,0.0,0.0,0.0,0.0,2.0,0.0
1827699,0.0,0.0,0.0,0.0,0.0,0.0,0.0
1827770,0.0,0.0,0.0,0.0,0.0,1.0,0.0
1827889,0.0,0.0,0.0,0.0,0.0,2.0,0.0
1828389,0.0,0.0,0.0,0.0,0.0,0.0,0.0
1828888,0.0,0.0,0.0,0.0,0.0,1.0,0.0
1829388,0.0,0.0,0.0,0.0,0.0,0.0,0.0
1829459,0.0,0.0,0.0,0.0,0.0,1.0,0.0
1829959,0.0,0.0,0.0,0.0,0.0,0.0,0.0
1830250,0.0,0.0,0.0,0.0,0.0,1.0,0.0
1830750,0.0,0.0,0.0,0.0,0.0,0.0,0.0
1831989,0.0,0.0,0.0,0.0,1.0,0.0,0.0
1832143,0.0,0.0,0.0,0.0,1.0,1.0,0.0
1832166,0.0,0.0,0.0,0.0,1.0,2.0,0.0
1832489,0.0,0.0,0.0,0.0,0.0,2.0,0.0
1832666,0.0,0.0,0.0,0.0,0.0,0.0,0.0
1833279,0.0,0.0,0.0,0.0,0.0,1.0,0.0
1833779,0.0,0.0,0.0,0.0,0.0,0.0,0.0
1833860,0.0,0.0,0.0,0.0,0.0,1.0,0.0
1834318,0.0,0.0,0.0,0.0,0.0,2.0,0.0
1834818,0.0,0.0,0.0,0.0,0.0,0.0,0.0
1834910,0.0,0.0,0.0,0.0,0.0,1.0,0.0
1835335,0.0,0.0,0.0,0.0,0.0,2.0,0.0
1835835,0.0,0.0,0.0,0.0,0.0,0.0,0.0
1836352,0.0,0.0,0.0,0.0,0.0,1.0,0.0
1836852,0.0,0.0,0.0,0.0,0.0,0.0,0.0
1837099,0.0,0.0,0.0,0.0,0.0,1.0,0.0
1837100,0.0,0.0,0.0,0.0,1.0,1.0,0.0
1837102,0.0,0.0,0.0,0.0,2.0,2.0,0.0
1837602,0.0,0.0,0.0,0.0,0.0,0.0,0.0
1837672,0.0,0.0,0.0,0.0,0.0,1.0,0.0
1838172,0.0,0.0,0.0,0.0,0.0,0.0,0.0
1838290,0.0,0.0,0.0,0.0,0.0,1.0,0.0
1838790,0.0,0.0,0.0,0.0,0.0,0.0,0.0
1839156,0.0,0.0,0.0,0.0,0.0,1.0,0.0
1839656,0.0,0.0,0.0,0.0,0.0,0.0,0.0
1839832,0.0,0.0,0.0,0.0,0.0,1.0,0.0
1840119,0.0,0.0,0.0,0.0,0.0,2.0,0.0
1840619,0.0,0.0,0.0,0.0,0.0,0.0,0.0
1841220,0.0,0.0,0.0,0.0,0.0,1.0,0.0
1841277,0.0,2.0,0.0,0.0,0.0,1.0,0.0
1841720,0.0,2.0,0.0,0.0,0.0,0.0,0.0
1841777,0.0,0.0,0.0,0.0,0.0,0.0,0.0
1841837,0.0,0.0,0.0,0.0,0.0,1.0,0.0
1842337,0.0,0.0,0.0,0.0,0.0,0.0,0.0
1842596,0.0,0.0,0.0,0.0,0.0,1.0,0.0
1842598,0.0,0.0,0.0,0.0,0.0,2.0,0.0
1842734,0.0,0.0,0.0,0.0,1.0,2.0,0.0
1843098,0.0,0.0,0.0,0.0,1.0,1.0,0.0
1843234,0.0,0.0,0.0,0.0,0.0,1.0,0.0
1843598,0.0,0.0,0.0,0.0,0.0,0.0,0.0
1844607,0.0,0.0,0.0,0.0,0.0,1.0,0.0
1845107,0.0,0.0,0.0,0.0,0.0,0.0,0.0
1846198,0.0,0.0,0.0,0.0,0.0,1.0,0.0
1846698,0.0,0.0,0.0,0.0,0.0,0.0,0.0
1846709,0.0,0.0,0.0,0.0,0.0,1.0,0.0
1847209,0.0,0.0,0.0,0.0,0.0,0.0,0.0
1847280,0.0,0.0,0.0,0.0,0.0,1.0,0.0
1847282,0.0,0.0,0.0,0.0,0.0,2.0,0.0
1847782,0.0,0.0,0.0,0.0,0.0,0.0,0.0
1847986,0.0,0.0,0.0,0.0,1.0,1.0,0.0
1848094,0.0,0.0,0.0,0.0,1.0,2.0,0.0
1848486,0.0,0.0,0.0,0.0,0.0,2.0,0.0
1848594,0.0,0.0,0.0,0.0,0.0,0.0,0.0
1848789,0.0,0.0,0.0,0.0,0.0,1.0,0.0
1849289,0.0,0.0,0.0,0.0,0.0,0.0,0.0
1849531,0.0,0.0,0.0,0.0,0.0,1.0,0.0
1850031,0.0,0.0,0.0,0.0,0.0,0.0,0.0
1850840,0.0,0.0,0.0,0.0,0.0,1.0,0.0
1851340,0.0,0.0,0.0,0.0,0.0,0.0,0.0
1851457,0.0,0.0,0.0,0.0,0.0,1.0,0.0
1851530,0.0,0.0,0.0,0.0,0.0,2.0,0.0
1852030,0.0,0.0,0.0,0.0,0.0,0.0,0.0
1853061,0.0,0.0,0.0,0.0,0.0,1.0,0.0
1853561,0.0,0.0,0.0,0.0,0.0,0.0,0.0
1853610,0.0,0.0,0.0,0.0,0.0,1.0,0.0
1853613,0.0,0.0,0.0,0.0,0.0,2.0,0.0
1854113,0.0,0.0,0.0,0.0,0.0,0.0,0.0
1855383,0.0,0.0,0.0,0.0,0.0,1.0,0.0
1855883,0.0,0.0,0.0,0.0,0.0,0.0,0.0
1856102,0.0,0.0,0.0,0.0,0.0,1.0,0.0
1856121,0.0,0.0,0.0,0.0,0.0,2.0,0.0
1856501,0.0,2.0,0.0,0.0,0.0,2.0,0.0
1856621,0.0,2.0,0.0,0.0,0.0,0.0,0.0
1857001,0.0,0.0,0.0,0.0,0.0,0.0,0.0
1857123,0.0,0.0,0.0,0.0,0.0,1.0,0.0
1857623,0.0,0.0,0.0,0.0,0.0,0.0,0.0
1857723,0.0,0.0,0.0,0.0,0.0,1.0,0.0
1857757,0.0,0.0,0.0,0.0,0.0,2.0,0.0
1858257,0.0,0.0,0.0,0.0,0.0,0.0,0.0
1858686,0.0,0.0,0.0,0.0,0.0,1.0,0.0
1858919,0.0,0.0,0.0,0.0,0.0,2.0,0.0
1859419,0.0,0.0,0.0,0.0,0.0,0.0,0.0
1860709,0.0,0.0,0.0,0.0,0.0,1.0,0.0
1861209,0.0,0.0,0.0,0.0,0.0,0.0,0.0
1861320,0.0,0.0,0.0,0.0,0.0,1.0,0.0
1861326,0.0,0.0,0.0,0.0,0.0,2.0,0.0
1861826,0.0,0.0,0.0,0.0,0.0,0.0,0.0
1861950,0.0,0.0,0.0,0.0,0.0,1.0,0.0
1861971,0.0,0.0,0.0,0.0,0.0,2.0,0.0
1862471,0.0,0.0,0.0,0.0,0.0,0.0,0.0
1863564,0.0,0.0,0.0,0.0,0.0,1.0,0.0
1864064,0.0,0.0,0.0,0.0,0.0,0.0,0.0
1864538,0.0,0.0,0.0,0.0,0.0,1.0,0.0
1865038,0.0,0.0,0.0,0.0,0.0,0.0,0.0
1865103,0.0,0.0,0.0,0.0,0.0,1.0,0.0
1865603,0.0,0.0,0.0,0.0,0.0,0.0,0.0
1865687,0.0,0.0,0.0,0.0,0.0,1.0,0.0
1865886,0.0,0.0,0.0,0.0,0.0,2.0,0.0
1866386,0.0,0.0,0.0,0.0,0.0,0.0,0.0
1866675,0.0,0.0,0.0,0.0,0.0,1.0,0.0
1867175,0.0,0.0,0.0,0.0,0.0,0.0,0.0
1867181,0.0,0.0,0.0,0.0,1.0,0.0,0.0
1867681,0.0,0.0,0.0,0.0,0.0,0.0,0.0
1869159,0.0,2.0,0.0,0.0,0.0,0.0,0.0
1869659,0.0,0.0,0.0,0.0,0.0,0.0,0.0
1870119,0.0,0.0,0.0,0.0,0.0,1.0,0.0
1870469,0.0,0.0,0.0,0.0,0.0,2.0,0.0
1870969,0.0,0.0,0.0,0.0,0.0,0.0,0.0
1871257,0.0,0.0,0.0,0.0,0.0,1.0,0.0
1871757,0.0,0.0,0.0,0.0,0.0,0.0,0.0
1871990,0.0,0.0,0.0,0.0,0.0,1.0,0.0
1871992,0.0,0.0,0.0,0.0,0.0,2.0,0.0
1872492,0.0,0.0,0.0,0.0,0.0,0.0,0.0
1872572,0.0,0.0,0.0,0.0,0.0,1.0,0.0
1873072,0.0,0.0,0.0,0.0,0.0,0.0,0.0
1875108,0.0,0.0,0.0,0.0,0.0,1.0,0.0
1875190,0.0,0.0,0.0,0.0,0.0,2.0,0.0
1875690,0.0,0.0,0.0,0.0,0.0,0.0,0.0
1875915,0.0,0.0,0.0,0.0,0.0,1.0,0.0
1876415,0.0,0.0,0.0,0.0,0.0,0.0,0.0
1877484,0.0,0.0,0.0,0.0,0.0,1.0,0.0
1877984,0.0,0.0,0.0,0.0,0.0,0.0,0.0
1878033,0.0,0.0,0.0,0.0,1.0,0.0,0.0
1878053,0.0,0.0,0.0,0.0,1.0,1.0,0.0
1878060,0.0,0.0,0.0,0.0,1.0,2.0,0.0
1878067,0.0,0.0,0.0,0.0,2.0,2.0,0.0
1878560,0.0,0.0,0.0,0.0,2.0,0.0,0.0
1878567,0.0,0.0,0.0,0.0,0.0,0.0,0.0
1878606,0.0,0.0,0.0,0.0,0.0,1.0,0.0
1878732,0.0,0.0,0.0,0.0,0.0,2.0,0.0
1879232,0.0,0.0,0.0,0.0,0.0,0.0,0.0
1879237,0.0,0.0,0.0,0.0,0.0,1.0,0.0
1879737,0.0,0.0,0.0,0.0,0.0,0.0,0.0
1879744,0.0,0.0,0.0,0.0,0.0,1.0,0.0
1879914,0.0,0.0,0.0,0.0,0.0,2.0,0.0
1880414,0.0,0.0,0.0,0.0,0.0,0.0,0.0
1880556,0.0,0.0,0.0,0.0,0.0,1.0,0.0
1881056,0.0,0.0,0.0,0.0,0.0,0.0,0.0
1881273,0.0,0.0,0.0,0.0,0.0,1.0,0.0
1881773,0.0,0.0,0.0,0.0,0.0,0.0,0.0
1882634,0.0,0.0,0.0,0.0,0.0,1.0,0.0
1883134,0.0,0.0,0.0,0.0,0.0,0.0,0.0
1883668,0.0,0.0,0.0,0.0,0.0,1.0,0.0
1884168,0.0,0.0,0.0,0.0,0.0,0.0,0.0
1884985,0.0,0.0,0.0,0.0,0.0,1.0,0.0
1885020,0.0,2.0,0.0,0.0,0.0,1.0,0.0
1885311,0.0,2.0,0.0,0.0,0.0,2.0,0.0
1885520,0.0,0.0,0.0,0.0,0.0,2.0,0.0
1885811,0.0,0.0,0.0,0.0,0.0,0.0,0.0
1886003,0.0,0.0,0.0,0.0,0.0,1.0,0.0
1886162,0.0,0.0,0.0,0.0,0.0,2.0,0.0
1886217,0.0,0.0,0.0,0.0,1.0,2.0,0.0
1886662,0.0,0.0,0.0,0.0,1.0,0.0,0.0
1886680,0.0,0.0,0.0,0.0,1.0,1.0,0.0
1886836,0.0,0.0,0.0,0.0,1.0,2.0,0.0
1887217,0.0,0.0,0.0,0.0,0.0,2.0,0.0
1887336,0.0,0.0,0.0,0.0,0.0,0.0,0.0
1887648,0.0,0.0,0.0,0.0,0.0,1.0,0.0
1888148,0.0,0.0,0.0,0.0,0.0,0.0,0.0
1888591,0.0,0.0,0.0,0.0,0.0,1.0,0.0
1889091,0.0,0.0,0.0,0.0,0.0,0.0,0.0
1889097,0.0,0.0,0.0,0.0,0.0,1.0,0.0
1889597,0.0,0.0,0.0,0.0,0.0,0.0,0.0
1889731,0.0,0.0,0.0,0.0,0.0,1.0,0.0
1889751,0.0,0.0,0.0,0.0,0.0,2.0,0.0
1890251,0.0,0.0,0.0,0.0,0.0,0.0,0.0
1890474,0.0,0.0,0.0,0.0,0.0,1.0,0.0
1890974,0.0,0.0,0.0,0.0,0.0,0.0,0.0
1892162,0.0,0.0,0.0,0.0,0.0,1.0,0.0
1892662,0.0,0.0,0.0,0.0,0.0,0.0,0.0
1892791,0.0,0.0,0.0,0.0,0.0,1.0,0.0
1893291,0.0,0.0,0.0,0.0,0.0,0.0,0.0
1893400,0.0,0.0,0.0,0.0,0.0,1.0,0.0
1893686,0.0,0.0,0.0,0.0,0.0,2.0,0.0
1894186,0.0,0.0,0.0,0.0,0.0,0.0,0.0
1895049,0.0,0.0,0.0,0.0,0.0,1.0,0.0
1895051,0.0,0.0,0.0,0.0,0.0,2.0,0.0
1895551,0.0,0.0,0.0,0.0,0.0,0.0,0.0
1896353,0.0,0.0,0.0,0.0,0.0,1.0,0.0
1896355,0.0,0.0,0.0,0.0,0.0,2.0,0.0
1896855,0.0,0.0,0.0,0.0,0.0,0.0,0.0
1897620,0.0,0.0,0.0,0.0,0.0,1.0,0.0
1898120,0.0,0.0,0.0,0.0,0.0,0.0,0.0
1898158,0.0,0.0,0.0,0.0,0.0,1.0,0.0
1898658,0.0,0.0,0.0,0.0,0.0,0.0,0.0
1899320,0.0,0.0,0.0,0.0,0.0,1.0,0.0
1899820,0.0,0.0,0.0,0.0,0.0,0.0,0.0
1900555,0.0,0.0,0.0,0.0,0.0,1.0,0.0
1901055,0.0,0.0,0.0,0.0,0.0,0.0,0.0
1901811,0.0,0.0,0.0,0.0,0.0,1.0,0.0
1902311,0.0,0.0,0.0,0.0,0.0,0.0,0.0
1905813,0.0,0.0,0.0,0.0,0.0,1.0,0.0
1905822,0.0,0.0,0.0,0.0,0.0,2.0,0.0
1906322,0.0,0.0,0.0,0.0,0.0,0.0,0.0
1907963,0.0,0.0,0.0,0.0,0.0,1.0,0.0
1908463,0.0,0.0,0.0,0.0,0.0,0.0,0.0
1908856,0.0,0.0,0.0,0.0,1.0,0.0,0.0
1908861,0.0,0.0,0.0,0.0,1.0,1.0,0.0
1908862,0.0,0.0,0.0,0.0,2.0,1.0,0.0
1909361,0.0,0.0,0.0,0.0,2.0,0.0,0.0
1909362,0.0,0.0,0.0,0.0,0.0,0.0,0.0
1910954,0.0,0.0,0.0,0.0,0.0,1.0,0.0
1911454,0.0,0.0,0.0,0.0,0.0,0.0,0.0
1911981,0.0,0.0,0.0,0.0,0.0,1.0,0.0
1912481,0.0,0.0,0.0,0.0,0.0,0.0,0.0
1913125,0.0,0.0,0.0,0.0,0.0,1.0,0.0
1913625,0.0,0.0,0.0,0.0,0.0,0.0,0.0
1914456,0.0,0.0,0.0,0.0,1.0,0.0,0.0
1914956,0.0,0.0,0.0,0.0,0.0,0.0,0.0
1915374,0.0,0.0,0.0,0.0,0.0,1.0,0.0
1915874,0.0,0.0,0.0,0.0,0.0,0.0,0.0
1916257,0.0,0.0,0.0,0.0,0.0,1.0,0.0
1916757,0.0,0.0,0.0,0.0,0.0,0.0,0.0
1917013,0.0,0.0,0.0,0.0,0.0,1.0,0.0
1917513,0.0,0.0,0.0,0.0,0.0,0.0,0.0
1918164,0.0,0.0,0.0,0.0,0.0,1.0,0.0
1918664,0.0,0.0,0.0,0.0,0.0,0.0,0.0
1923773,0.0,0.0,0.0,0.0,0.0,1.0,0.0
1924273,0.0,0.0,0.0,0.0,0.0,0.0,0.0
1925756,0.0,0.0,0.0,0.0,0.0,1.0,0.0
1926256,0.0,0.0,0.0,0.0,0.0,0.0,0.0
1927102,0.0,0.0,0.0,0.0,0.0,1.0,0.0
1927109,0.0,0.0,0.0,0.0,0.0,2.0,0.0
1927609,0.0,0.0,0.0,0.0,0.0,0.0,0.0
1929149,0.0,0.0,0.0,0.0,0.0,1.0,0.0
1929649,0.0,0.0,0.0,0.0,0.0,0.0,0.0
1929813,0.0,0.0,0.0,0.0,0.0,1.0,0.0
1930313,0.0,0.0,0.0,0.0,0.0,0.0,0.0
1931072,0.0,0.0,0.0,0.0,0.0,1.0,0.0
1931572,0.0,0.0,0.0,0.0,0.0,0.0,0.0
1932818,0.0,0.0,0.0,0.0,0.0,1.0,0.0
1933318,0.0,0.0,0.0,0.0,0.0,0.0,0.0
1933546,0.0,0.0,0.0,0.0,0.0,1.0,0.0
1934046,0.0,0.0,0.0,0.0,0.0,0.0,0.0
1934252,0.0,0.0,0.0,0.0,0.0,1.0,0.0
1934752,0.0,0.0,0.0,0.0,0.0,0.0,0.0
1935086,0.0,0.0,0.0,0.0,0.0,1.0,0.0
1935586,0.0,0.0,0.0,0.0,0.0,0.0,0.0
1937310,0.0,0.0,0.0,0.0,0.0,1.0,0.0
1937810,0.0,0.0,0.0,0.0,0.0,0.0,0.0
1937844,0.0,0.0,0.0,0.0,0.0,1.0,0.0
1938344,0.0,0.0,0.0,0.0,0.0,2.0,0.0
1938844,0.0,0.0,0.0,0.0,0.0,0.0,0.0
1939189,0.0,0.0,0.0,0.0,0.0,1.0,0.0
1939689,0.0,0.0,0.0,0.0,0.0,0.0,0.0
1945920,0.0,0.0,0.0,0.0,0.0,1.0,0.0
1946420,0.0,0.0,0.0,0.0,0.0,0.0,0.0
1946473,0.0,0.0,0.0,0.0,0.0,1.0,0.0
1946973,0.0,0.0,0.0,0.0,0.0,0.0,0.0
1947287,0.0,0.0,0.0,0.0,0.0,1.0,0.0
1947787,0.0,0.0,0.0,0.0,0.0,0.0,0.0
1950071,0.0,0.0,0.0,0.0,0.0,1.0,0.0
1950571,0.0,0.0,0.0,0.0,0.0,0.0,0.0
1953267,0.0,0.0,0.0,0.0,0.0,1.0,0.0
1953767,0.0,0.0,0.0,0.0,0.0,0.0,0.0
1955545,0.0,0.0,0.0,0.0,0.0,1.0,0.0
1956045,0.0,0.0,0.0,0.0,0.0,0.0,0.0
1956705,0.0,0.0,0.0,0.0,0.0,1.0,0.0
1957205,0.0,0.0,0.0,0.0,0.0,0.0,0.0
1959091,0.0,0.0,0.0,0.0,0.0,1.0,0.0
1959591,0.0,0.0,0.0,0.0,0.0,0.0,0.0
1963010,0.0,0.0,0.0,0.0,0.0,1.0,0.0
1963510,0.0,0.0,0.0,0.0,0.0,0.0,0.0
1964344,0.0,0.0,0.0,0.0,0.0,1.0,0.0
1964349,0.0,0.0,0.0,0.0,0.0,2.0,0.0
1964849,0.0,0.0,0.0,0.0,0.0,0.0,0.0
1965656,0.0,0.0,0.0,0.0,0.0,1.0,0.0
1966156,0.0,0.0,0.0,0.0,0.0,0.0,0.0
1967571,0.0,0.0,0.0,0.0,0.0,1.0,0.0
1968071,0.0,0.0,0.0,0.0,0.0,0.0,0.0
1970592,0.0,0.0,0.0,0.0,0.0,1.0,0.0
1971092,0.0,0.0,0.0,0.0,0.0,0.0,0.0
1971746,0.0,0.0,0.0,0.0,0.0,1.0,0.0
1972246,0.0,0.0,0.0,0.0,0.0,0.0,0.0
1975731,0.0,0.0,0.0,0.0,0.0,1.0,0.0
1976231,0.0,0.0,0.0,0.0,0.0,0.0,0.0
1977064,0.0,0.0,0.0,0.0,0.0,1.0,0.0
1977564,0.0,0.0,0.0,0.0,0.0,0.0,0.0
1977569,0.0,0.0,0.0,0.0,0.0,1.0,0.0
1978069,0.0,0.0,0.0,0.0,0.0,0.0,0.0
1979151,0.0,0.0,0.0,0.0,0.0,1.0,0.0
1979651,0.0,0.0,0.0,0.0,0.0,0.0,0.0
1979771,0.0,0.0,0.0,0.0,0.0,1.0,0.0
1979773,0.0,0.0,0.0,0.0,0.0,2.0,0.0
1980273,0.0,0.0,0.0,0.0,0.0,0.0,0.0
1981339,0.0,0.0,0.0,0.0,0.0,1.0,0.0
1981448,0.0,0.0,0.0,0.0,0.0,2.0,0.0
1981948,0.0,0.0,0.0,0.0,0.0,0.0,0.0
1983121,0.0,0.0,0.0,0.0,0.0,1.0,0.0
1983621,0.0,0.0,0.0,0.0,0.0,0.0,0.0
1991122,0.0,0.0,0.0,0.0,0.0,1.0,0.0
1991622,0.0,0.0,0.0,0.0,0.0,0.0,0.0
1994368,0.0,0.0,0.0,0.0,0.0,1.0,0.0
1994374,0.0,0.0,0.0,0.0,0.0,2.0,0.0
1994874,0.0,0.0,0.0,0.0,0.0,0.0,0.0
1998916,0.0,0.0,0.0,0.0,0.0,1.0,0.0
1999416,0.0,0.0,0.0,0.0,0.0,0.0,0.0
2000000,0.0,0.0,0.0,0.0,0.0,0.0,1.0
2000055,0.0,0.0,0.0,0.0,0.0,1.0,1.0
2000062,0.0,0.0,0.0,0.0,0.0,2.0,1.0
2000287,2.0,0.0,0.0,0.0,0.0,2.0,1.0
2000393,2.0,0.0,0.0,0.0,1.0,2.0,1.0
2000427,2.0,2.0,0.0,0.0,1.0,2.0,1.0
2000436,2.0,2.0,0.0,0.0,2.0,2.0,1.0
