,ADWIN,CUSUM,DDM,GeometricMovingAverage,HDDMAverage,HDDMWeighted,Ground-truth
1337,0.0,0.0,0.0,0.0,0.0,1.0,0.0
1641,0.0,0.0,1.0,0.0,0.0,1.0,0.0
2337,0.0,0.0,1.0,0.0,0.0,0.0,0.0
2787,0.0,0.0,1.0,0.0,0.0,1.0,0.0
3287,0.0,0.0,1.0,0.0,0.0,0.0,0.0
3295,0.0,0.0,1.0,0.0,0.0,1.0,0.0
3396,0.0,0.0,1.0,0.0,0.0,2.0,0.0
3863,0.0,2.0,1.0,0.0,0.0,2.0,0.0
3896,0.0,2.0,1.0,0.0,0.0,0.0,0.0
4167,0.0,2.0,2.0,0.0,0.0,0.0,0.0
4363,0.0,0.0,2.0,0.0,0.0,0.0,0.0
4667,0.0,0.0,0.0,0.0,0.0,0.0,0.0
4692,0.0,0.0,0.0,0.0,0.0,1.0,0.0
4885,0.0,0.0,1.0,0.0,0.0,1.0,0.0
5192,0.0,0.0,1.0,0.0,0.0,0.0,0.0
5385,0.0,0.0,0.0,0.0,0.0,0.0,0.0
5753,0.0,0.0,0.0,0.0,0.0,1.0,0.0
5756,0.0,0.0,0.0,0.0,0.0,2.0,0.0
6256,0.0,0.0,0.0,0.0,0.0,0.0,0.0
6342,0.0,0.0,0.0,0.0,0.0,1.0,0.0
6420,0.0,0.0,1.0,0.0,0.0,1.0,0.0
6842,0.0,0.0,1.0,0.0,0.0,0.0,0.0
6920,0.0,0.0,0.0,0.0,0.0,0.0,0.0
7206,0.0,0.0,1.0,0.0,0.0,0.0,0.0
7207,0.0,0.0,1.0,0.0,0.0,1.0,0.0
7213,0.0,0.0,1.0,0.0,0.0,2.0,0.0
7713,0.0,0.0,1.0,0.0,0.0,0.0,0.0
8206,0.0,0.0,0.0,0.0,0.0,0.0,0.0
8754,0.0,0.0,0.0,0.0,0.0,1.0,0.0
9052,0.0,0.0,0.0,0.0,0.0,2.0,0.0
9552,0.0,0.0,0.0,0.0,0.0,0.0,0.0
9803,0.0,0.0,0.0,0.0,0.0,1.0,0.0
9824,0.0,0.0,0.0,0.0,0.0,2.0,0.0
10179,0.0,2.0,0.0,0.0,0.0,2.0,0.0
10188,0.0,2.0,1.0,0.0,0.0,2.0,0.0
10324,0.0,2.0,1.0,0.0,0.0,0.0,0.0
10679,0.0,0.0,1.0,0.0,0.0,0.0,0.0
10710,0.0,0.0,1.0,0.0,0.0,1.0,0.0
11210,0.0,0.0,1.0,0.0,0.0,0.0,0.0
11308,0.0,0.0,1.0,0.0,0.0,1.0,0.0
11808,0.0,0.0,1.0,0.0,0.0,0.0,0.0
12030,0.0,0.0,1.0,0.0,0.0,1.0,0.0
12497,0.0,0.0,1.0,0.0,0.0,2.0,0.0
12688,0.0,0.0,0.0,0.0,0.0,2.0,0.0
12997,0.0,0.0,0.0,0.0,0.0,0.0,0.0
13171,0.0,0.0,0.0,0.0,0.0,1.0,0.0
13671,0.0,0.0,0.0,0.0,0.0,0.0,0.0
13710,0.0,0.0,0.0,0.0,0.0,1.0,0.0
13874,0.0,0.0,0.0,0.0,0.0,2.0,0.0
14374,0.0,0.0,0.0,0.0,0.0,0.0,0.0
14397,0.0,0.0,0.0,0.0,0.0,1.0,0.0
14400,0.0,0.0,0.0,0.0,0.0,2.0,0.0
14900,0.0,0.0,0.0,0.0,0.0,0.0,0.0
16553,0.0,0.0,0.0,0.0,0.0,1.0,0.0
16569,0.0,0.0,0.0,0.0,0.0,2.0,0.0
17069,0.0,0.0,0.0,0.0,0.0,0.0,0.0
17113,0.0,0.0,0.0,0.0,0.0,1.0,0.0
17268,0.0,0.0,0.0,0.0,0.0,2.0,0.0
17768,0.0,0.0,0.0,0.0,0.0,0.0,0.0
17775,0.0,0.0,0.0,0.0,0.0,1.0,0.0
18275,0.0,0.0,0.0,0.0,0.0,0.0,0.0
18537,0.0,0.0,0.0,0.0,0.0,1.0,0.0
19037,0.0,0.0,0.0,0.0,0.0,0.0,0.0
19053,0.0,0.0,0.0,0.0,0.0,1.0,0.0
19553,0.0,0.0,0.0,0.0,0.0,0.0,0.0
20540,0.0,0.0,0.0,0.0,0.0,1.0,0.0
20964,0.0,0.0,0.0,0.0,0.0,2.0,0.0
21464,0.0,0.0,0.0,0.0,0.0,0.0,0.0
21633,0.0,0.0,0.0,0.0,0.0,1.0,0.0
21656,0.0,0.0,0.0,0.0,0.0,2.0,0.0
22156,0.0,0.0,0.0,0.0,0.0,0.0,0.0
22683,0.0,0.0,0.0,0.0,0.0,1.0,0.0
23183,0.0,0.0,0.0,0.0,0.0,0.0,0.0
23234,0.0,0.0,0.0,0.0,0.0,1.0,0.0
23238,0.0,0.0,0.0,0.0,0.0,2.0,0.0
23738,0.0,0.0,0.0,0.0,0.0,0.0,0.0
24693,0.0,0.0,0.0,0.0,0.0,1.0,0.0
25193,0.0,0.0,0.0,0.0,0.0,0.0,0.0
26440,0.0,0.0,0.0,0.0,0.0,1.0,0.0
26940,0.0,0.0,0.0,0.0,0.0,0.0,0.0
27150,0.0,0.0,0.0,0.0,0.0,1.0,0.0
27272,0.0,0.0,0.0,0.0,0.0,2.0,0.0
27772,0.0,0.0,0.0,0.0,0.0,0.0,0.0
28152,0.0,0.0,0.0,0.0,0.0,1.0,0.0
28370,0.0,0.0,0.0,0.0,0.0,2.0,0.0
28870,0.0,0.0,0.0,0.0,0.0,0.0,0.0
29054,0.0,0.0,0.0,0.0,0.0,1.0,0.0
29554,0.0,0.0,0.0,0.0,0.0,0.0,0.0
29555,0.0,0.0,0.0,0.0,0.0,1.0,0.0
30055,0.0,0.0,0.0,0.0,0.0,0.0,0.0
30173,0.0,0.0,0.0,0.0,0.0,1.0,0.0
30673,0.0,0.0,0.0,0.0,0.0,0.0,0.0
30832,0.0,0.0,0.0,0.0,0.0,1.0,0.0
30977,0.0,0.0,0.0,0.0,0.0,2.0,0.0
31477,0.0,0.0,0.0,0.0,0.0,0.0,0.0
31551,0.0,0.0,0.0,0.0,0.0,1.0,0.0
32051,0.0,0.0,0.0,0.0,0.0,0.0,0.0
32072,0.0,0.0,0.0,0.0,0.0,1.0,0.0
32572,0.0,0.0,0.0,0.0,0.0,0.0,0.0
33142,0.0,0.0,0.0,0.0,0.0,1.0,0.0
33501,0.0,0.0,0.0,0.0,0.0,2.0,0.0
34001,0.0,0.0,0.0,0.0,0.0,0.0,0.0
35699,0.0,0.0,0.0,0.0,0.0,1.0,0.0
35702,0.0,0.0,0.0,0.0,0.0,2.0,0.0
36202,0.0,0.0,0.0,0.0,0.0,0.0,0.0
36324,0.0,0.0,0.0,0.0,0.0,1.0,0.0
36340,0.0,0.0,0.0,0.0,0.0,2.0,0.0
36840,0.0,0.0,0.0,0.0,0.0,0.0,0.0
37399,0.0,0.0,0.0,0.0,0.0,1.0,0.0
37402,0.0,0.0,0.0,0.0,0.0,2.0,0.0
37902,0.0,0.0,0.0,0.0,0.0,0.0,0.0
37963,0.0,0.0,0.0,0.0,0.0,1.0,0.0
37969,0.0,0.0,0.0,0.0,0.0,2.0,0.0
38469,0.0,0.0,0.0,0.0,0.0,0.0,0.0
39502,0.0,0.0,0.0,0.0,0.0,1.0,0.0
40002,0.0,0.0,0.0,0.0,0.0,0.0,0.0
40164,0.0,0.0,0.0,0.0,0.0,1.0,0.0
40167,0.0,0.0,0.0,0.0,0.0,2.0,0.0
40667,0.0,0.0,0.0,0.0,0.0,0.0,0.0
40764,0.0,0.0,0.0,0.0,0.0,1.0,0.0
41264,0.0,0.0,0.0,0.0,0.0,0.0,0.0
42091,0.0,0.0,0.0,0.0,0.0,1.0,0.0
42300,0.0,0.0,0.0,0.0,0.0,2.0,0.0
42800,0.0,0.0,0.0,0.0,0.0,0.0,0.0
42966,0.0,0.0,0.0,0.0,0.0,1.0,0.0
43355,0.0,0.0,0.0,0.0,0.0,2.0,0.0
43855,0.0,0.0,0.0,0.0,0.0,0.0,0.0
44171,0.0,0.0,0.0,0.0,0.0,1.0,0.0
44671,0.0,0.0,0.0,0.0,0.0,0.0,0.0
44685,0.0,0.0,0.0,0.0,0.0,1.0,0.0
44734,0.0,0.0,0.0,0.0,0.0,2.0,0.0
45234,0.0,0.0,0.0,0.0,0.0,0.0,0.0
45578,0.0,0.0,0.0,0.0,0.0,1.0,0.0
46078,0.0,0.0,0.0,0.0,0.0,0.0,0.0
46119,0.0,0.0,0.0,0.0,0.0,1.0,0.0
46619,0.0,0.0,0.0,0.0,0.0,0.0,0.0
47335,0.0,0.0,0.0,0.0,0.0,1.0,0.0
47835,0.0,0.0,0.0,0.0,0.0,0.0,0.0
47854,0.0,0.0,0.0,0.0,0.0,1.0,0.0
48354,0.0,0.0,0.0,0.0,0.0,0.0,0.0
50288,0.0,0.0,0.0,0.0,0.0,1.0,0.0
50788,0.0,0.0,0.0,0.0,0.0,0.0,0.0
51800,0.0,0.0,0.0,0.0,1.0,0.0,0.0
52144,0.0,0.0,0.0,0.0,1.0,1.0,0.0
52300,0.0,0.0,0.0,0.0,0.0,1.0,0.0
52644,0.0,0.0,0.0,0.0,0.0,0.0,0.0
53469,0.0,0.0,0.0,0.0,0.0,1.0,0.0
53969,0.0,0.0,0.0,0.0,0.0,0.0,0.0
55062,0.0,0.0,0.0,0.0,0.0,1.0,0.0
55562,0.0,0.0,0.0,0.0,0.0,0.0,0.0
55737,0.0,0.0,0.0,0.0,0.0,1.0,0.0
56237,0.0,0.0,0.0,0.0,0.0,0.0,0.0
56598,0.0,0.0,0.0,0.0,0.0,1.0,0.0
56619,0.0,0.0,0.0,0.0,0.0,2.0,0.0
56841,0.0,2.0,0.0,0.0,0.0,2.0,0.0
57119,0.0,2.0,0.0,0.0,0.0,0.0,0.0
57341,0.0,0.0,0.0,0.0,0.0,0.0,0.0
58612,0.0,0.0,0.0,0.0,0.0,1.0,0.0
59112,0.0,0.0,0.0,0.0,0.0,0.0,0.0
60294,0.0,0.0,0.0,0.0,0.0,1.0,0.0
60303,0.0,0.0,0.0,0.0,0.0,2.0,0.0
60803,0.0,0.0,0.0,0.0,0.0,0.0,0.0
62421,0.0,0.0,0.0,0.0,0.0,1.0,0.0
62837,0.0,0.0,0.0,0.0,0.0,2.0,0.0
63337,0.0,0.0,0.0,0.0,0.0,0.0,0.0
63446,0.0,0.0,0.0,0.0,0.0,1.0,0.0
63478,0.0,0.0,0.0,0.0,0.0,2.0,0.0
63978,0.0,0.0,0.0,0.0,0.0,0.0,0.0
64311,0.0,0.0,0.0,0.0,0.0,1.0,0.0
64446,0.0,0.0,0.0,0.0,0.0,2.0,0.0
64735,0.0,0.0,0.0,0.0,1.0,2.0,0.0
64946,0.0,0.0,0.0,0.0,1.0,0.0,0.0
65235,0.0,0.0,0.0,0.0,0.0,0.0,0.0
65611,0.0,0.0,0.0,0.0,0.0,1.0,0.0
66111,0.0,0.0,0.0,0.0,0.0,0.0,0.0
66115,0.0,0.0,0.0,0.0,0.0,1.0,0.0
66121,0.0,0.0,0.0,0.0,0.0,2.0,0.0
66621,0.0,0.0,0.0,0.0,0.0,0.0,0.0
66992,0.0,0.0,0.0,0.0,0.0,1.0,0.0
67492,0.0,0.0,0.0,0.0,0.0,0.0,0.0
67656,0.0,0.0,0.0,0.0,0.0,1.0,0.0
67659,0.0,0.0,0.0,0.0,0.0,2.0,0.0
68159,0.0,0.0,0.0,0.0,0.0,0.0,0.0
68406,0.0,0.0,0.0,0.0,0.0,1.0,0.0
68579,0.0,0.0,0.0,0.0,0.0,2.0,0.0
69079,0.0,0.0,0.0,0.0,0.0,0.0,0.0
69504,0.0,0.0,0.0,0.0,0.0,1.0,0.0
70004,0.0,0.0,0.0,0.0,0.0,0.0,0.0
70037,0.0,0.0,0.0,0.0,0.0,1.0,0.0
70518,0.0,0.0,0.0,0.0,1.0,1.0,0.0
70520,0.0,0.0,0.0,0.0,1.0,2.0,0.0
70521,0.0,0.0,0.0,0.0,2.0,2.0,0.0
71020,0.0,0.0,0.0,0.0,2.0,0.0,0.0
71021,0.0,0.0,0.0,0.0,0.0,0.0,0.0
71838,0.0,0.0,0.0,0.0,0.0,1.0,0.0
72338,0.0,0.0,0.0,0.0,0.0,0.0,0.0
72440,0.0,0.0,0.0,0.0,0.0,1.0,0.0
72940,0.0,0.0,0.0,0.0,0.0,0.0,0.0
73020,0.0,0.0,0.0,0.0,0.0,1.0,0.0
73326,0.0,0.0,0.0,0.0,0.0,2.0,0.0
73826,0.0,0.0,0.0,0.0,0.0,0.0,0.0
74766,0.0,0.0,0.0,0.0,0.0,1.0,0.0
74883,0.0,0.0,0.0,0.0,0.0,2.0,0.0
75383,0.0,0.0,0.0,0.0,0.0,0.0,0.0
75912,0.0,0.0,0.0,0.0,0.0,1.0,0.0
76412,0.0,0.0,0.0,0.0,0.0,0.0,0.0
76463,0.0,0.0,0.0,0.0,0.0,1.0,0.0
76963,0.0,0.0,0.0,0.0,0.0,0.0,0.0
77056,0.0,0.0,0.0,0.0,0.0,1.0,0.0
77466,0.0,0.0,0.0,0.0,0.0,2.0,0.0
77966,0.0,0.0,0.0,0.0,0.0,0.0,0.0
78090,0.0,0.0,0.0,0.0,0.0,1.0,0.0
78097,0.0,0.0,0.0,0.0,0.0,2.0,0.0
78564,0.0,2.0,0.0,0.0,0.0,2.0,0.0
78597,0.0,2.0,0.0,0.0,0.0,0.0,0.0
79064,0.0,0.0,0.0,0.0,0.0,0.0,0.0
80068,0.0,0.0,0.0,0.0,0.0,1.0,0.0
80437,0.0,0.0,0.0,0.0,0.0,2.0,0.0
80937,0.0,0.0,0.0,0.0,0.0,0.0,0.0
81121,0.0,0.0,0.0,0.0,0.0,1.0,0.0
81621,0.0,0.0,0.0,0.0,0.0,0.0,0.0
82257,0.0,0.0,0.0,0.0,0.0,1.0,0.0
82734,0.0,0.0,0.0,0.0,0.0,2.0,0.0
83234,0.0,0.0,0.0,0.0,0.0,0.0,0.0
83820,0.0,0.0,0.0,0.0,0.0,1.0,0.0
84144,0.0,0.0,0.0,0.0,0.0,2.0,0.0
84644,0.0,0.0,0.0,0.0,0.0,0.0,0.0
85244,0.0,0.0,0.0,0.0,0.0,1.0,0.0
85744,0.0,0.0,0.0,0.0,0.0,0.0,0.0
85821,0.0,0.0,0.0,0.0,0.0,1.0,0.0
85936,0.0,0.0,0.0,0.0,0.0,2.0,0.0
85937,0.0,0.0,0.0,0.0,1.0,2.0,0.0
86436,0.0,0.0,0.0,0.0,1.0,0.0,0.0
86437,0.0,0.0,0.0,0.0,0.0,0.0,0.0
86677,0.0,0.0,0.0,0.0,0.0,1.0,0.0
86680,0.0,0.0,0.0,0.0,0.0,2.0,0.0
87180,0.0,0.0,0.0,0.0,0.0,0.0,0.0
87421,0.0,0.0,0.0,0.0,0.0,1.0,0.0
87921,0.0,0.0,0.0,0.0,0.0,0.0,0.0
89054,0.0,0.0,0.0,0.0,0.0,1.0,0.0
89383,0.0,2.0,0.0,0.0,0.0,1.0,0.0
89554,0.0,2.0,0.0,0.0,0.0,0.0,0.0
89862,0.0,2.0,0.0,0.0,0.0,1.0,0.0
89875,0.0,2.0,0.0,0.0,0.0,2.0,0.0
89883,0.0,0.0,0.0,0.0,0.0,2.0,0.0
90375,0.0,0.0,0.0,0.0,0.0,0.0,0.0
90399,0.0,0.0,0.0,0.0,0.0,1.0,0.0
90463,0.0,0.0,0.0,0.0,0.0,2.0,0.0
90963,0.0,0.0,0.0,0.0,0.0,0.0,0.0
91875,0.0,0.0,0.0,0.0,0.0,1.0,0.0
91878,0.0,0.0,0.0,0.0,0.0,2.0,0.0
92378,0.0,0.0,0.0,0.0,0.0,0.0,0.0
92958,0.0,0.0,0.0,0.0,0.0,1.0,0.0
93458,0.0,0.0,0.0,0.0,0.0,0.0,0.0
93709,0.0,0.0,0.0,0.0,0.0,1.0,0.0
94209,0.0,0.0,0.0,0.0,0.0,0.0,0.0
94595,0.0,0.0,0.0,0.0,0.0,1.0,0.0
94760,0.0,0.0,0.0,0.0,0.0,2.0,0.0
95260,0.0,0.0,0.0,0.0,0.0,0.0,0.0
95610,0.0,0.0,0.0,0.0,0.0,1.0,0.0
96110,0.0,0.0,0.0,0.0,0.0,0.0,0.0
96897,0.0,0.0,0.0,0.0,0.0,1.0,0.0
96907,0.0,0.0,0.0,0.0,0.0,2.0,0.0
97407,0.0,0.0,0.0,0.0,0.0,0.0,0.0
97474,0.0,0.0,0.0,0.0,0.0,1.0,0.0
97487,0.0,0.0,0.0,0.0,0.0,2.0,0.0
97987,0.0,0.0,0.0,0.0,0.0,0.0,0.0
98111,0.0,0.0,0.0,0.0,0.0,1.0,0.0
98563,0.0,0.0,0.0,0.0,0.0,2.0,0.0
99063,0.0,0.0,0.0,0.0,0.0,0.0,0.0
99613,0.0,0.0,0.0,0.0,0.0,1.0,0.0
100113,0.0,0.0,0.0,0.0,0.0,0.0,0.0
100114,0.0,0.0,0.0,0.0,0.0,1.0,0.0
100614,0.0,0.0,0.0,0.0,0.0,0.0,0.0
101213,0.0,0.0,0.0,0.0,0.0,1.0,0.0
101713,0.0,0.0,0.0,0.0,0.0,0.0,0.0
101926,0.0,0.0,0.0,0.0,1.0,0.0,0.0
102426,0.0,0.0,0.0,0.0,0.0,0.0,0.0
104993,0.0,0.0,0.0,0.0,0.0,1.0,0.0
105493,0.0,0.0,0.0,0.0,0.0,0.0,0.0
106025,0.0,0.0,0.0,0.0,0.0,1.0,0.0
106525,0.0,0.0,0.0,0.0,0.0,0.0,0.0
108180,0.0,0.0,0.0,0.0,0.0,1.0,0.0
108680,0.0,0.0,0.0,0.0,0.0,0.0,0.0
108900,0.0,0.0,0.0,0.0,0.0,1.0,0.0
108908,0.0,0.0,0.0,0.0,0.0,2.0,0.0
109408,0.0,0.0,0.0,0.0,0.0,0.0,0.0
113957,0.0,0.0,0.0,0.0,0.0,1.0,0.0
114457,0.0,0.0,0.0,0.0,0.0,0.0,0.0
114591,0.0,0.0,0.0,0.0,0.0,1.0,0.0
114604,0.0,0.0,0.0,0.0,0.0,2.0,0.0
115104,0.0,0.0,0.0,0.0,0.0,0.0,0.0
115630,0.0,0.0,0.0,0.0,0.0,1.0,0.0
116130,0.0,0.0,0.0,0.0,0.0,0.0,0.0
117950,0.0,0.0,0.0,0.0,0.0,1.0,0.0
118206,0.0,0.0,0.0,0.0,0.0,2.0,0.0
118706,0.0,0.0,0.0,0.0,0.0,0.0,0.0
121195,0.0,0.0,0.0,0.0,0.0,1.0,0.0
121695,0.0,0.0,0.0,0.0,0.0,0.0,0.0
124578,0.0,0.0,0.0,0.0,0.0,1.0,0.0
125078,0.0,0.0,0.0,0.0,0.0,0.0,0.0
125620,0.0,0.0,0.0,0.0,0.0,1.0,0.0
126120,0.0,0.0,0.0,0.0,0.0,0.0,0.0
128028,0.0,0.0,0.0,0.0,0.0,1.0,0.0
128528,0.0,0.0,0.0,0.0,0.0,0.0,0.0
129671,0.0,0.0,0.0,0.0,0.0,1.0,0.0
130171,0.0,0.0,0.0,0.0,0.0,0.0,0.0
130337,0.0,0.0,0.0,0.0,0.0,1.0,0.0
130343,0.0,0.0,0.0,0.0,0.0,2.0,0.0
130843,0.0,0.0,0.0,0.0,0.0,0.0,0.0
137171,0.0,0.0,0.0,0.0,0.0,1.0,0.0
137178,0.0,0.0,0.0,0.0,0.0,2.0,0.0
137678,0.0,0.0,0.0,0.0,0.0,0.0,0.0
138057,0.0,0.0,0.0,0.0,0.0,1.0,0.0
138557,0.0,0.0,0.0,0.0,0.0,0.0,0.0
139791,0.0,0.0,0.0,0.0,0.0,1.0,0.0
139793,0.0,0.0,0.0,0.0,0.0,2.0,0.0
140293,0.0,0.0,0.0,0.0,0.0,0.0,0.0
143452,0.0,0.0,0.0,0.0,0.0,1.0,0.0
143952,0.0,0.0,0.0,0.0,0.0,0.0,0.0
148118,0.0,0.0,0.0,0.0,0.0,1.0,0.0
148120,0.0,0.0,0.0,0.0,0.0,2.0,0.0
148620,0.0,0.0,0.0,0.0,0.0,0.0,0.0
148832,0.0,0.0,0.0,0.0,0.0,1.0,0.0
149332,0.0,0.0,0.0,0.0,0.0,0.0,0.0
152531,0.0,0.0,0.0,0.0,0.0,1.0,0.0
152539,0.0,0.0,0.0,0.0,0.0,2.0,0.0
153039,0.0,0.0,0.0,0.0,0.0,0.0,0.0
156919,0.0,0.0,0.0,0.0,0.0,1.0,0.0
157419,0.0,0.0,0.0,0.0,0.0,0.0,0.0
159824,0.0,0.0,0.0,0.0,0.0,1.0,0.0
160324,0.0,0.0,0.0,0.0,0.0,0.0,0.0
160962,0.0,0.0,0.0,0.0,0.0,1.0,0.0
161462,0.0,0.0,0.0,0.0,0.0,0.0,0.0
164442,0.0,0.0,0.0,0.0,0.0,1.0,0.0
164942,0.0,0.0,0.0,0.0,0.0,0.0,0.0
165482,0.0,0.0,0.0,0.0,0.0,1.0,0.0
165982,0.0,0.0,0.0,0.0,0.0,0.0,0.0
166839,0.0,0.0,0.0,0.0,0.0,1.0,0.0
167339,0.0,0.0,0.0,0.0,0.0,0.0,0.0
167622,0.0,0.0,0.0,0.0,0.0,1.0,0.0
168122,0.0,0.0,0.0,0.0,0.0,0.0,0.0
168528,0.0,0.0,0.0,0.0,0.0,1.0,0.0
169028,0.0,0.0,0.0,0.0,0.0,0.0,0.0
172970,0.0,0.0,0.0,0.0,0.0,1.0,0.0
172972,0.0,0.0,0.0,0.0,0.0,2.0,0.0
173472,0.0,0.0,0.0,0.0,0.0,0.0,0.0
173878,0.0,0.0,0.0,0.0,0.0,1.0,0.0
173880,0.0,0.0,0.0,0.0,0.0,2.0,0.0
174380,0.0,0.0,0.0,0.0,0.0,0.0,0.0
177149,0.0,0.0,0.0,0.0,0.0,1.0,0.0
177649,0.0,0.0,0.0,0.0,0.0,0.0,0.0
178095,0.0,0.0,0.0,0.0,0.0,1.0,0.0
178595,0.0,0.0,0.0,0.0,0.0,0.0,0.0
180785,0.0,0.0,0.0,0.0,0.0,1.0,0.0
181262,0.0,0.0,0.0,0.0,0.0,2.0,0.0
181762,0.0,0.0,0.0,0.0,0.0,0.0,0.0
184341,0.0,0.0,0.0,0.0,0.0,1.0,0.0
184841,0.0,0.0,0.0,0.0,0.0,0.0,0.0
185111,0.0,0.0,0.0,0.0,0.0,1.0,0.0
185611,0.0,0.0,0.0,0.0,0.0,0.0,0.0
186742,0.0,0.0,0.0,0.0,0.0,1.0,0.0
187242,0.0,0.0,0.0,0.0,0.0,0.0,0.0
190655,0.0,0.0,0.0,0.0,0.0,1.0,0.0
191155,0.0,0.0,0.0,0.0,0.0,0.0,0.0
193923,0.0,0.0,0.0,0.0,0.0,1.0,0.0
194423,0.0,0.0,0.0,0.0,0.0,0.0,0.0
196426,0.0,0.0,0.0,0.0,0.0,1.0,0.0
196926,0.0,0.0,0.0,0.0,0.0,0.0,0.0
197265,0.0,0.0,0.0,0.0,0.0,1.0,0.0
197266,0.0,0.0,0.0,0.0,0.0,2.0,0.0
197766,0.0,0.0,0.0,0.0,0.0,0.0,0.0
198131,0.0,0.0,0.0,0.0,0.0,1.0,0.0
198631,0.0,0.0,0.0,0.0,0.0,0.0,0.0
200220,0.0,0.0,0.0,0.0,0.0,1.0,0.0
200720,0.0,0.0,0.0,0.0,0.0,0.0,0.0
201000,0.0,0.0,0.0,0.0,0.0,0.0,1.0
201178,0.0,0.0,0.0,0.0,0.0,1.0,1.0
201434,0.0,0.0,0.0,0.0,0.0,2.0,1.0
201500,0.0,0.0,0.0,0.0,0.0,2.0,0.0
201503,2.0,0.0,0.0,0.0,0.0,2.0,0.0
201631,2.0,2.0,0.0,0.0,0.0,2.0,0.0
201934,2.0,2.0,0.0,0.0,0.0,0.0,0.0
202003,0.0,2.0,0.0,0.0,0.0,0.0,0.0
202111,2.0,2.0,0.0,0.0,0.0,0.0,0.0
202131,2.0,0.0,0.0,0.0,0.0,0.0,0.0
202537,2.0,0.0,0.0,0.0,0.0,1.0,0.0
202544,2.0,0.0,0.0,0.0,1.0,1.0,0.0
202611,0.0,0.0,0.0,0.0,1.0,1.0,0.0
202878,0.0,0.0,0.0,0.0,2.0,1.0,0.0
203037,0.0,0.0,0.0,0.0,2.0,0.0,0.0
203122,0.0,0.0,1.0,0.0,2.0,0.0,0.0
203308,0.0,0.0,1.0,0.0,2.0,1.0,0.0
203360,0.0,0.0,1.0,0.0,2.0,2.0,0.0
203378,0.0,0.0,1.0,0.0,0.0,2.0,0.0
203703,0.0,2.0,1.0,0.0,0.0,2.0,0.0
203860,0.0,2.0,1.0,0.0,0.0,0.0,0.0
204203,0.0,0.0,1.0,0.0,0.0,0.0,0.0
204490,0.0,0.0,2.0,0.0,0.0,0.0,0.0
204558,0.0,0.0,2.0,0.0,0.0,1.0,0.0
204579,0.0,0.0,2.0,0.0,0.0,2.0,0.0
204990,0.0,0.0,0.0,0.0,0.0,2.0,0.0
205079,0.0,0.0,0.0,0.0,0.0,0.0,0.0
205122,0.0,0.0,0.0,0.0,0.0,1.0,0.0
205622,0.0,0.0,0.0,0.0,0.0,0.0,0.0
205978,0.0,0.0,0.0,0.0,0.0,1.0,0.0
206478,0.0,0.0,0.0,0.0,0.0,0.0,0.0
206797,0.0,0.0,0.0,0.0,0.0,1.0,0.0
207297,0.0,0.0,0.0,0.0,0.0,0.0,0.0
207746,0.0,0.0,0.0,0.0,0.0,1.0,0.0
207813,0.0,0.0,0.0,0.0,0.0,2.0,0.0
208313,0.0,0.0,0.0,0.0,0.0,0.0,0.0
209101,0.0,0.0,0.0,0.0,0.0,1.0,0.0
209601,0.0,0.0,0.0,0.0,0.0,0.0,0.0
210559,0.0,0.0,0.0,0.0,0.0,1.0,0.0
211059,0.0,0.0,0.0,0.0,0.0,0.0,0.0
211380,0.0,0.0,0.0,0.0,0.0,1.0,0.0
211393,0.0,0.0,0.0,0.0,0.0,2.0,0.0
211893,0.0,0.0,0.0,0.0,0.0,0.0,0.0
212018,0.0,0.0,0.0,0.0,0.0,1.0,0.0
212134,0.0,0.0,0.0,0.0,0.0,2.0,0.0
212634,0.0,0.0,0.0,0.0,0.0,0.0,0.0
213246,0.0,0.0,0.0,0.0,0.0,1.0,0.0
213255,0.0,0.0,0.0,0.0,0.0,2.0,0.0
213755,0.0,0.0,0.0,0.0,0.0,0.0,0.0
214285,0.0,0.0,0.0,0.0,0.0,1.0,0.0
214785,0.0,0.0,0.0,0.0,0.0,0.0,0.0
214823,0.0,0.0,0.0,0.0,0.0,1.0,0.0
215078,0.0,0.0,0.0,0.0,1.0,1.0,0.0
215079,0.0,0.0,0.0,0.0,1.0,2.0,0.0
215085,0.0,0.0,0.0,0.0,2.0,2.0,0.0
215579,0.0,0.0,0.0,0.0,2.0,1.0,0.0
215585,0.0,0.0,0.0,0.0,0.0,1.0,0.0
215586,0.0,0.0,0.0,0.0,0.0,2.0,0.0
216086,0.0,0.0,0.0,0.0,0.0,0.0,0.0
216513,0.0,0.0,0.0,0.0,0.0,1.0,0.0
217013,0.0,0.0,0.0,0.0,0.0,0.0,0.0
217494,0.0,0.0,0.0,0.0,0.0,1.0,0.0
217539,0.0,0.0,0.0,0.0,1.0,1.0,0.0
217994,0.0,0.0,0.0,0.0,1.0,0.0,0.0
218039,0.0,0.0,0.0,0.0,0.0,0.0,0.0
218046,0.0,0.0,0.0,0.0,0.0,1.0,0.0
218546,0.0,0.0,0.0,0.0,0.0,0.0,0.0
219046,0.0,0.0,0.0,0.0,0.0,1.0,0.0
219366,0.0,0.0,0.0,0.0,0.0,2.0,0.0
219866,0.0,0.0,0.0,0.0,0.0,0.0,0.0
220212,0.0,0.0,0.0,0.0,0.0,1.0,0.0
220712,0.0,0.0,0.0,0.0,0.0,0.0,0.0
220951,0.0,0.0,0.0,0.0,0.0,1.0,0.0
220957,0.0,0.0,0.0,0.0,1.0,1.0,0.0
221451,0.0,0.0,0.0,0.0,1.0,0.0,0.0
221457,0.0,0.0,0.0,0.0,0.0,0.0,0.0
221571,0.0,0.0,0.0,0.0,0.0,1.0,0.0
222071,0.0,0.0,0.0,0.0,0.0,0.0,0.0
222104,0.0,0.0,0.0,0.0,0.0,1.0,0.0
222604,0.0,0.0,0.0,0.0,0.0,0.0,0.0
222610,0.0,0.0,0.0,0.0,0.0,1.0,0.0
222871,0.0,0.0,0.0,0.0,0.0,2.0,0.0
223371,0.0,0.0,0.0,0.0,0.0,0.0,0.0
223815,0.0,0.0,0.0,0.0,0.0,1.0,0.0
223819,0.0,0.0,0.0,0.0,0.0,2.0,0.0
224319,0.0,0.0,0.0,0.0,0.0,0.0,0.0
224639,0.0,0.0,0.0,0.0,0.0,1.0,0.0
225139,0.0,0.0,0.0,0.0,0.0,0.0,0.0
225320,0.0,0.0,0.0,0.0,0.0,1.0,0.0
225600,0.0,0.0,0.0,0.0,0.0,2.0,0.0
226100,0.0,0.0,0.0,0.0,0.0,0.0,0.0
226534,0.0,0.0,0.0,0.0,0.0,1.0,0.0
227034,0.0,0.0,0.0,0.0,0.0,0.0,0.0
227454,0.0,0.0,0.0,0.0,0.0,1.0,0.0
227954,0.0,0.0,0.0,0.0,0.0,0.0,0.0
228819,0.0,0.0,0.0,0.0,0.0,1.0,0.0
229319,0.0,0.0,0.0,0.0,0.0,0.0,0.0
230160,0.0,0.0,0.0,0.0,0.0,1.0,0.0
230660,0.0,0.0,0.0,0.0,0.0,0.0,0.0
230687,0.0,0.0,0.0,0.0,0.0,1.0,0.0
230913,0.0,0.0,0.0,0.0,0.0,2.0,0.0
231413,0.0,0.0,0.0,0.0,0.0,0.0,0.0
231565,0.0,0.0,0.0,0.0,0.0,1.0,0.0
232065,0.0,0.0,0.0,0.0,0.0,0.0,0.0
232384,0.0,0.0,0.0,0.0,0.0,1.0,0.0
232387,0.0,0.0,0.0,0.0,0.0,2.0,0.0
232887,0.0,0.0,0.0,0.0,0.0,0.0,0.0
233466,0.0,0.0,0.0,0.0,0.0,1.0,0.0
233519,0.0,0.0,0.0,0.0,0.0,2.0,0.0
234019,0.0,0.0,0.0,0.0,0.0,0.0,0.0
234190,0.0,0.0,0.0,0.0,0.0,1.0,0.0
234690,0.0,0.0,0.0,0.0,0.0,0.0,0.0
235169,0.0,0.0,0.0,0.0,0.0,1.0,0.0
235669,0.0,0.0,0.0,0.0,0.0,0.0,0.0
235742,0.0,0.0,0.0,0.0,0.0,1.0,0.0
236242,0.0,0.0,0.0,0.0,0.0,0.0,0.0
236663,0.0,0.0,0.0,0.0,0.0,1.0,0.0
237163,0.0,0.0,0.0,0.0,0.0,0.0,0.0
237292,0.0,0.0,0.0,0.0,0.0,1.0,0.0
237792,0.0,0.0,0.0,0.0,0.0,0.0,0.0
237873,0.0,0.0,0.0,0.0,0.0,1.0,0.0
237876,0.0,0.0,0.0,0.0,0.0,2.0,0.0
238376,0.0,0.0,0.0,0.0,0.0,0.0,0.0
238440,0.0,0.0,0.0,0.0,0.0,1.0,0.0
238444,0.0,0.0,0.0,0.0,0.0,2.0,0.0
238944,0.0,0.0,0.0,0.0,0.0,0.0,0.0
239545,0.0,0.0,0.0,0.0,0.0,1.0,0.0
239748,0.0,0.0,0.0,0.0,0.0,2.0,0.0
240248,0.0,0.0,0.0,0.0,0.0,0.0,0.0
240928,0.0,0.0,0.0,0.0,0.0,1.0,0.0
240936,0.0,0.0,0.0,0.0,0.0,2.0,0.0
241436,0.0,0.0,0.0,0.0,0.0,0.0,0.0
241896,0.0,0.0,0.0,0.0,0.0,1.0,0.0
242396,0.0,0.0,0.0,0.0,0.0,0.0,0.0
242425,0.0,0.0,0.0,0.0,0.0,1.0,0.0
242647,0.0,0.0,0.0,0.0,0.0,2.0,0.0
243147,0.0,0.0,0.0,0.0,0.0,0.0,0.0
243226,0.0,0.0,0.0,0.0,0.0,1.0,0.0
243337,0.0,2.0,0.0,0.0,0.0,1.0,0.0
243837,0.0,0.0,0.0,0.0,0.0,1.0,0.0
244226,0.0,0.0,0.0,0.0,0.0,0.0,0.0
244384,0.0,0.0,0.0,0.0,0.0,1.0,0.0
244474,0.0,0.0,0.0,0.0,0.0,2.0,0.0
244974,0.0,0.0,0.0,0.0,0.0,0.0,0.0
245269,0.0,0.0,0.0,0.0,0.0,1.0,0.0
245769,0.0,0.0,0.0,0.0,0.0,0.0,0.0
245932,0.0,0.0,0.0,0.0,0.0,1.0,0.0
246432,0.0,0.0,0.0,0.0,0.0,0.0,0.0
246748,0.0,0.0,0.0,0.0,0.0,1.0,0.0
246784,0.0,0.0,0.0,0.0,0.0,2.0,0.0
247284,0.0,0.0,0.0,0.0,0.0,0.0,0.0
248364,0.0,0.0,0.0,0.0,0.0,1.0,0.0
248509,0.0,0.0,1.0,0.0,0.0,1.0,0.0
248864,0.0,0.0,1.0,0.0,0.0,0.0,0.0
248891,0.0,0.0,1.0,0.0,0.0,1.0,0.0
249391,0.0,0.0,1.0,0.0,0.0,0.0,0.0
249522,0.0,0.0,1.0,0.0,0.0,1.0,0.0
250009,0.0,0.0,0.0,0.0,0.0,1.0,0.0
250022,0.0,0.0,0.0,0.0,0.0,0.0,0.0
250105,0.0,0.0,1.0,0.0,0.0,0.0,0.0
251570,0.0,0.0,1.0,0.0,0.0,1.0,0.0
251948,0.0,0.0,1.0,0.0,0.0,2.0,0.0
252448,0.0,0.0,1.0,0.0,0.0,0.0,0.0
253312,0.0,0.0,1.0,0.0,0.0,1.0,0.0
253319,0.0,0.0,1.0,0.0,0.0,2.0,0.0
253819,0.0,0.0,1.0,0.0,0.0,0.0,0.0
254520,0.0,0.0,1.0,0.0,0.0,1.0,0.0
255020,0.0,0.0,1.0,0.0,0.0,0.0,0.0
255296,0.0,0.0,1.0,0.0,0.0,1.0,0.0
255796,0.0,0.0,1.0,0.0,0.0,0.0,0.0
255863,0.0,0.0,1.0,0.0,0.0,1.0,0.0
255866,0.0,0.0,1.0,0.0,0.0,2.0,0.0
256366,0.0,0.0,1.0,0.0,0.0,0.0,0.0
256540,0.0,0.0,1.0,0.0,0.0,1.0,0.0
257040,0.0,0.0,1.0,0.0,0.0,0.0,0.0
257213,0.0,0.0,1.0,0.0,0.0,1.0,0.0
257713,0.0,0.0,1.0,0.0,0.0,0.0,0.0
258141,0.0,0.0,1.0,0.0,0.0,1.0,0.0
258641,0.0,0.0,1.0,0.0,0.0,0.0,0.0
258845,0.0,0.0,1.0,0.0,0.0,1.0,0.0
258848,0.0,0.0,1.0,0.0,0.0,2.0,0.0
259348,0.0,0.0,1.0,0.0,0.0,0.0,0.0
260041,0.0,0.0,1.0,0.0,0.0,1.0,0.0
260541,0.0,0.0,1.0,0.0,0.0,0.0,0.0
260622,0.0,0.0,1.0,0.0,0.0,1.0,0.0
260641,0.0,0.0,1.0,0.0,0.0,2.0,0.0
261141,0.0,0.0,1.0,0.0,0.0,0.0,0.0
261794,0.0,0.0,1.0,0.0,0.0,1.0,0.0
261869,0.0,0.0,1.0,0.0,0.0,2.0,0.0
262369,0.0,0.0,1.0,0.0,0.0,0.0,0.0
263188,0.0,0.0,1.0,0.0,0.0,1.0,0.0
263688,0.0,0.0,1.0,0.0,0.0,0.0,0.0
264193,0.0,0.0,1.0,0.0,0.0,1.0,0.0
264693,0.0,0.0,1.0,0.0,0.0,0.0,0.0
264784,0.0,0.0,1.0,0.0,0.0,1.0,0.0
265284,0.0,0.0,1.0,0.0,0.0,0.0,0.0
266540,0.0,0.0,1.0,0.0,0.0,1.0,0.0
266561,0.0,0.0,1.0,0.0,0.0,2.0,0.0
267061,0.0,0.0,1.0,0.0,0.0,0.0,0.0
267137,0.0,0.0,1.0,0.0,0.0,1.0,0.0
267632,0.0,0.0,1.0,0.0,0.0,2.0,0.0
268132,0.0,0.0,1.0,0.0,0.0,0.0,0.0
269950,0.0,0.0,1.0,0.0,0.0,1.0,0.0
269960,0.0,0.0,1.0,0.0,0.0,2.0,0.0
270460,0.0,0.0,1.0,0.0,0.0,0.0,0.0
272008,0.0,0.0,1.0,0.0,0.0,1.0,0.0
272508,0.0,0.0,1.0,0.0,0.0,0.0,0.0
272789,0.0,0.0,1.0,0.0,0.0,1.0,0.0
273289,0.0,0.0,1.0,0.0,0.0,0.0,0.0
273312,0.0,0.0,1.0,0.0,0.0,1.0,0.0
273318,0.0,0.0,1.0,0.0,0.0,2.0,0.0
273818,0.0,0.0,1.0,0.0,0.0,0.0,0.0
274539,0.0,0.0,1.0,0.0,0.0,1.0,0.0
274631,0.0,0.0,1.0,0.0,0.0,2.0,0.0
275131,0.0,0.0,1.0,0.0,0.0,0.0,0.0
275238,0.0,0.0,1.0,0.0,0.0,1.0,0.0
275647,0.0,0.0,1.0,0.0,0.0,2.0,0.0
276147,0.0,0.0,1.0,0.0,0.0,0.0,0.0
276172,0.0,0.0,1.0,0.0,0.0,1.0,0.0
276672,0.0,0.0,1.0,0.0,0.0,0.0,0.0
276690,0.0,0.0,1.0,0.0,0.0,1.0,0.0
277190,0.0,0.0,1.0,0.0,0.0,0.0,0.0
277693,0.0,0.0,1.0,0.0,0.0,1.0,0.0
277699,0.0,0.0,1.0,0.0,0.0,2.0,0.0
278199,0.0,0.0,1.0,0.0,0.0,0.0,0.0
278229,0.0,0.0,1.0,0.0,0.0,1.0,0.0
278310,0.0,0.0,1.0,0.0,0.0,2.0,0.0
278810,0.0,0.0,1.0,0.0,0.0,0.0,0.0
279502,0.0,0.0,1.0,0.0,0.0,1.0,0.0
279913,0.0,0.0,1.0,0.0,0.0,2.0,0.0
280413,0.0,0.0,1.0,0.0,0.0,0.0,0.0
280570,0.0,0.0,1.0,0.0,0.0,1.0,0.0
281070,0.0,0.0,1.0,0.0,0.0,0.0,0.0
281193,0.0,0.0,1.0,0.0,0.0,1.0,0.0
281693,0.0,0.0,1.0,0.0,0.0,0.0,0.0
281888,0.0,0.0,1.0,0.0,0.0,1.0,0.0
282388,0.0,0.0,1.0,0.0,0.0,0.0,0.0
282622,0.0,0.0,1.0,0.0,0.0,1.0,0.0
283122,0.0,0.0,1.0,0.0,0.0,0.0,0.0
284598,0.0,0.0,1.0,0.0,0.0,1.0,0.0
285098,0.0,0.0,1.0,0.0,0.0,0.0,0.0
285455,0.0,0.0,1.0,0.0,0.0,1.0,0.0
285955,0.0,0.0,1.0,0.0,0.0,0.0,0.0
287745,0.0,0.0,1.0,0.0,0.0,1.0,0.0
288245,0.0,0.0,1.0,0.0,0.0,0.0,0.0
288521,0.0,0.0,1.0,0.0,0.0,1.0,0.0
288732,0.0,0.0,1.0,0.0,0.0,2.0,0.0
289232,0.0,0.0,1.0,0.0,0.0,0.0,0.0
289429,0.0,0.0,1.0,0.0,0.0,1.0,0.0
289929,0.0,0.0,1.0,0.0,0.0,0.0,0.0
290005,0.0,0.0,1.0,0.0,0.0,1.0,0.0
290008,0.0,0.0,1.0,0.0,0.0,2.0,0.0
290508,0.0,0.0,1.0,0.0,0.0,0.0,0.0
290717,0.0,0.0,1.0,0.0,0.0,1.0,0.0
291217,0.0,0.0,1.0,0.0,0.0,0.0,0.0
291218,0.0,0.0,1.0,0.0,0.0,1.0,0.0
291221,0.0,0.0,1.0,0.0,0.0,2.0,0.0
291721,0.0,0.0,1.0,0.0,0.0,0.0,0.0
292018,0.0,0.0,1.0,0.0,0.0,1.0,0.0
292518,0.0,0.0,1.0,0.0,0.0,0.0,0.0
292897,0.0,0.0,1.0,0.0,0.0,1.0,0.0
293397,0.0,0.0,1.0,0.0,0.0,0.0,0.0
293807,0.0,0.0,1.0,0.0,0.0,1.0,0.0
293810,0.0,0.0,1.0,0.0,0.0,2.0,0.0
294310,0.0,0.0,1.0,0.0,0.0,0.0,0.0
294344,0.0,0.0,1.0,0.0,0.0,1.0,0.0
294844,0.0,0.0,1.0,0.0,0.0,0.0,0.0
295256,0.0,0.0,1.0,0.0,0.0,1.0,0.0
295756,0.0,0.0,1.0,0.0,0.0,0.0,0.0
296004,0.0,0.0,1.0,0.0,0.0,1.0,0.0
296219,0.0,0.0,1.0,0.0,0.0,2.0,0.0
296719,0.0,0.0,1.0,0.0,0.0,0.0,0.0
296750,0.0,0.0,1.0,0.0,0.0,1.0,0.0
297108,0.0,0.0,1.0,0.0,0.0,2.0,0.0
297608,0.0,0.0,1.0,0.0,0.0,0.0,0.0
297730,0.0,0.0,1.0,0.0,0.0,1.0,0.0
298112,0.0,0.0,1.0,0.0,0.0,2.0,0.0
298612,0.0,0.0,1.0,0.0,0.0,0.0,0.0
298621,0.0,0.0,1.0,0.0,0.0,1.0,0.0
299121,0.0,0.0,1.0,0.0,0.0,0.0,0.0
300688,0.0,0.0,1.0,0.0,0.0,1.0,0.0
301188,0.0,0.0,1.0,0.0,0.0,0.0,0.0
301316,0.0,0.0,1.0,0.0,0.0,1.0,0.0
301331,0.0,0.0,1.0,0.0,0.0,2.0,0.0
301831,0.0,0.0,1.0,0.0,0.0,0.0,0.0
303105,0.0,0.0,0.0,0.0,0.0,0.0,0.0
304292,0.0,0.0,0.0,0.0,0.0,1.0,0.0
304792,0.0,0.0,0.0,0.0,0.0,0.0,0.0
310056,0.0,0.0,0.0,0.0,1.0,0.0,0.0
310245,0.0,0.0,0.0,0.0,1.0,1.0,0.0
310556,0.0,0.0,0.0,0.0,0.0,1.0,0.0
310745,0.0,0.0,0.0,0.0,0.0,0.0,0.0
311523,0.0,0.0,0.0,0.0,0.0,1.0,0.0
312023,0.0,0.0,0.0,0.0,0.0,0.0,0.0
312483,0.0,0.0,0.0,0.0,0.0,1.0,0.0
312983,0.0,0.0,0.0,0.0,0.0,0.0,0.0
315117,0.0,0.0,0.0,0.0,0.0,1.0,0.0
315617,0.0,0.0,0.0,0.0,0.0,0.0,0.0
316342,0.0,0.0,0.0,0.0,0.0,1.0,0.0
316344,0.0,0.0,0.0,0.0,1.0,1.0,0.0
316345,0.0,0.0,0.0,0.0,1.0,2.0,0.0
316346,0.0,0.0,0.0,0.0,2.0,2.0,0.0
316845,0.0,0.0,0.0,0.0,2.0,0.0,0.0
316846,0.0,0.0,0.0,0.0,0.0,0.0,0.0
317200,0.0,0.0,0.0,0.0,1.0,0.0,0.0
317700,0.0,0.0,0.0,0.0,0.0,0.0,0.0
318044,0.0,0.0,0.0,0.0,0.0,1.0,0.0
318544,0.0,0.0,0.0,0.0,0.0,0.0,0.0
325013,0.0,0.0,0.0,0.0,0.0,1.0,0.0
325024,0.0,0.0,0.0,0.0,0.0,2.0,0.0
325524,0.0,0.0,0.0,0.0,0.0,0.0,0.0
328745,0.0,0.0,0.0,0.0,1.0,0.0,0.0
329245,0.0,0.0,0.0,0.0,0.0,0.0,0.0
330121,0.0,0.0,0.0,0.0,0.0,1.0,0.0
330621,0.0,0.0,0.0,0.0,0.0,0.0,0.0
337253,0.0,0.0,0.0,0.0,0.0,1.0,0.0
337753,0.0,0.0,0.0,0.0,0.0,0.0,0.0
338188,0.0,0.0,0.0,0.0,0.0,1.0,0.0
338688,0.0,0.0,0.0,0.0,0.0,0.0,0.0
346554,0.0,0.0,0.0,0.0,0.0,1.0,0.0
347054,0.0,0.0,0.0,0.0,0.0,0.0,0.0
347712,0.0,0.0,0.0,0.0,0.0,1.0,0.0
348212,0.0,0.0,0.0,0.0,0.0,0.0,0.0
348744,0.0,0.0,0.0,0.0,0.0,1.0,0.0
349244,0.0,0.0,0.0,0.0,0.0,0.0,0.0
354181,0.0,0.0,0.0,0.0,0.0,1.0,0.0
354681,0.0,0.0,0.0,0.0,0.0,0.0,0.0
354747,0.0,0.0,0.0,0.0,0.0,1.0,0.0
355247,0.0,0.0,0.0,0.0,0.0,0.0,0.0
355258,0.0,0.0,0.0,0.0,0.0,1.0,0.0
355758,0.0,0.0,0.0,0.0,0.0,0.0,0.0
355995,0.0,0.0,0.0,0.0,0.0,1.0,0.0
356495,0.0,0.0,0.0,0.0,0.0,0.0,0.0
357910,0.0,0.0,0.0,0.0,0.0,1.0,0.0
358410,0.0,0.0,0.0,0.0,0.0,0.0,0.0
359653,0.0,0.0,0.0,0.0,0.0,1.0,0.0
360153,0.0,0.0,0.0,0.0,0.0,0.0,0.0
360216,0.0,0.0,0.0,0.0,0.0,1.0,0.0
360330,0.0,0.0,0.0,0.0,0.0,2.0,0.0
360830,0.0,0.0,0.0,0.0,0.0,0.0,0.0
364676,0.0,0.0,0.0,0.0,0.0,1.0,0.0
365176,0.0,0.0,0.0,0.0,0.0,0.0,0.0
365820,0.0,0.0,0.0,0.0,0.0,1.0,0.0
365822,0.0,0.0,0.0,0.0,0.0,2.0,0.0
366322,0.0,0.0,0.0,0.0,0.0,0.0,0.0
369539,0.0,0.0,0.0,0.0,0.0,1.0,0.0
370039,0.0,0.0,0.0,0.0,0.0,0.0,0.0
370283,0.0,0.0,0.0,0.0,0.0,1.0,0.0
370644,0.0,0.0,0.0,0.0,0.0,2.0,0.0
371144,0.0,0.0,0.0,0.0,0.0,0.0,0.0
371526,0.0,0.0,0.0,0.0,0.0,1.0,0.0
371529,0.0,0.0,0.0,0.0,0.0,2.0,0.0
372029,0.0,0.0,0.0,0.0,0.0,0.0,0.0
372169,0.0,0.0,0.0,0.0,0.0,1.0,0.0
372669,0.0,0.0,0.0,0.0,0.0,0.0,0.0
372980,0.0,0.0,0.0,0.0,0.0,1.0,0.0
373480,0.0,0.0,0.0,0.0,0.0,0.0,0.0
375213,0.0,0.0,0.0,0.0,0.0,1.0,0.0
375713,0.0,0.0,0.0,0.0,0.0,0.0,0.0
377173,0.0,0.0,0.0,0.0,0.0,1.0,0.0
377176,0.0,0.0,0.0,0.0,0.0,2.0,0.0
377676,0.0,0.0,0.0,0.0,0.0,0.0,0.0
377924,0.0,0.0,0.0,0.0,0.0,1.0,0.0
378424,0.0,0.0,0.0,0.0,0.0,0.0,0.0
380139,0.0,0.0,0.0,0.0,0.0,1.0,0.0
380639,0.0,0.0,0.0,0.0,0.0,0.0,0.0
381113,0.0,0.0,0.0,0.0,0.0,1.0,0.0
381613,0.0,0.0,0.0,0.0,0.0,0.0,0.0
382134,0.0,0.0,0.0,0.0,0.0,1.0,0.0
382634,0.0,0.0,0.0,0.0,0.0,0.0,0.0
382741,0.0,0.0,0.0,0.0,0.0,1.0,0.0
383241,0.0,0.0,0.0,0.0,0.0,0.0,0.0
384080,0.0,0.0,0.0,0.0,0.0,1.0,0.0
384580,0.0,0.0,0.0,0.0,0.0,0.0,0.0
385132,0.0,0.0,0.0,0.0,0.0,1.0,0.0
385632,0.0,0.0,0.0,0.0,0.0,0.0,0.0
385859,0.0,0.0,0.0,0.0,0.0,1.0,0.0
386359,0.0,0.0,0.0,0.0,0.0,0.0,0.0
386501,0.0,0.0,0.0,0.0,0.0,1.0,0.0
387001,0.0,0.0,0.0,0.0,0.0,0.0,0.0
389706,0.0,0.0,0.0,0.0,0.0,1.0,0.0
389708,0.0,0.0,0.0,0.0,0.0,2.0,0.0
390208,0.0,0.0,0.0,0.0,0.0,0.0,0.0
400072,0.0,0.0,0.0,0.0,0.0,1.0,0.0
400572,0.0,0.0,0.0,0.0,0.0,0.0,0.0
401279,0.0,0.0,0.0,0.0,0.0,1.0,0.0
401779,0.0,0.0,0.0,0.0,0.0,0.0,0.0
403000,0.0,0.0,0.0,0.0,0.0,0.0,1.0
403500,0.0,0.0,0.0,0.0,0.0,0.0,0.0
403511,0.0,0.0,0.0,0.0,0.0,1.0,0.0
403532,0.0,0.0,0.0,0.0,0.0,2.0,0.0
403551,2.0,0.0,0.0,0.0,0.0,2.0,0.0
403864,2.0,2.0,0.0,0.0,0.0,2.0,0.0
404028,2.0,2.0,0.0,0.0,1.0,2.0,0.0
404032,2.0,2.0,0.0,0.0,1.0,0.0,0.0
404051,0.0,2.0,0.0,0.0,1.0,0.0,0.0
404159,2.0,2.0,0.0,0.0,1.0,0.0,0.0
404230,2.0,2.0,0.0,0.0,1.0,1.0,0.0
404254,2.0,2.0,0.0,0.0,2.0,1.0,0.0
404364,2.0,0.0,0.0,0.0,2.0,1.0,0.0
404659,0.0,0.0,0.0,0.0,2.0,1.0,0.0
404703,2.0,0.0,0.0,0.0,2.0,1.0,0.0
404730,2.0,0.0,0.0,0.0,2.0,0.0,0.0
404731,2.0,0.0,0.0,0.0,2.0,1.0,0.0
404754,2.0,0.0,0.0,0.0,0.0,1.0,0.0
404878,2.0,0.0,1.0,0.0,0.0,1.0,0.0
405203,0.0,0.0,1.0,0.0,0.0,1.0,0.0
405231,0.0,0.0,1.0,0.0,0.0,0.0,0.0
405411,0.0,0.0,1.0,0.0,0.0,1.0,0.0
405911,0.0,0.0,1.0,0.0,0.0,0.0,0.0
405992,0.0,0.0,1.0,0.0,0.0,1.0,0.0
406213,0.0,0.0,1.0,0.0,0.0,2.0,0.0
406374,0.0,0.0,2.0,0.0,0.0,2.0,0.0
406713,0.0,0.0,2.0,0.0,0.0,0.0,0.0
406828,0.0,0.0,2.0,0.0,0.0,1.0,0.0
406831,0.0,0.0,2.0,0.0,0.0,2.0,0.0
406874,0.0,0.0,0.0,0.0,0.0,2.0,0.0
407331,0.0,0.0,0.0,0.0,0.0,0.0,0.0
407692,0.0,0.0,0.0,0.0,0.0,1.0,0.0
408192,0.0,0.0,0.0,0.0,0.0,0.0,0.0
408356,0.0,0.0,0.0,0.0,0.0,1.0,0.0
408856,0.0,0.0,0.0,0.0,0.0,0.0,0.0
409533,0.0,0.0,0.0,0.0,0.0,1.0,0.0
410033,0.0,0.0,0.0,0.0,0.0,0.0,0.0
410119,0.0,0.0,0.0,0.0,0.0,1.0,0.0
410122,0.0,0.0,0.0,0.0,0.0,2.0,0.0
410622,0.0,0.0,0.0,0.0,0.0,0.0,0.0
410697,0.0,0.0,0.0,0.0,0.0,1.0,0.0
411116,0.0,0.0,0.0,0.0,0.0,2.0,0.0
411616,0.0,0.0,0.0,0.0,0.0,1.0,0.0
412116,0.0,0.0,0.0,0.0,0.0,0.0,0.0
413092,0.0,0.0,0.0,0.0,0.0,1.0,0.0
413269,0.0,0.0,0.0,0.0,0.0,2.0,0.0
413769,0.0,0.0,0.0,0.0,0.0,0.0,0.0
414078,0.0,0.0,0.0,0.0,0.0,1.0,0.0
414578,0.0,0.0,0.0,0.0,0.0,0.0,0.0
414599,0.0,0.0,0.0,0.0,0.0,1.0,0.0
414715,0.0,0.0,0.0,0.0,0.0,2.0,0.0
415215,0.0,0.0,0.0,0.0,0.0,0.0,0.0
415264,0.0,0.0,0.0,0.0,0.0,1.0,0.0
415764,0.0,0.0,0.0,0.0,0.0,0.0,0.0
415839,0.0,0.0,0.0,0.0,0.0,1.0,0.0
416339,0.0,0.0,0.0,0.0,0.0,0.0,0.0
416760,0.0,0.0,0.0,0.0,0.0,1.0,0.0
416767,0.0,0.0,0.0,0.0,0.0,2.0,0.0
417267,0.0,0.0,0.0,0.0,0.0,0.0,0.0
417801,0.0,0.0,0.0,0.0,0.0,1.0,0.0
417815,0.0,0.0,0.0,0.0,0.0,2.0,0.0
418315,0.0,0.0,0.0,0.0,0.0,0.0,0.0
418479,0.0,0.0,0.0,0.0,0.0,1.0,0.0
418979,0.0,0.0,0.0,0.0,0.0,0.0,0.0
419185,0.0,0.0,0.0,0.0,0.0,1.0,0.0
419188,0.0,0.0,0.0,0.0,0.0,2.0,0.0
419688,0.0,0.0,0.0,0.0,0.0,0.0,0.0
420642,0.0,0.0,0.0,0.0,0.0,1.0,0.0
421142,0.0,0.0,0.0,0.0,0.0,0.0,0.0
421636,0.0,0.0,0.0,0.0,0.0,1.0,0.0
422136,0.0,0.0,0.0,0.0,0.0,0.0,0.0
422797,0.0,0.0,0.0,0.0,0.0,1.0,0.0
422901,0.0,0.0,0.0,0.0,0.0,2.0,0.0
423401,0.0,0.0,0.0,0.0,0.0,0.0,0.0
423773,0.0,0.0,0.0,0.0,0.0,1.0,0.0
424075,0.0,0.0,0.0,0.0,0.0,2.0,0.0
424091,0.0,0.0,0.0,0.0,1.0,2.0,0.0
424575,0.0,0.0,0.0,0.0,1.0,0.0,0.0
424591,0.0,0.0,0.0,0.0,0.0,0.0,0.0
425330,0.0,0.0,0.0,0.0,0.0,1.0,0.0
425334,0.0,0.0,0.0,0.0,0.0,2.0,0.0
425834,0.0,0.0,0.0,0.0,0.0,0.0,0.0
426046,0.0,0.0,0.0,0.0,0.0,1.0,0.0
426546,0.0,0.0,0.0,0.0,0.0,0.0,0.0
426580,0.0,0.0,0.0,0.0,0.0,1.0,0.0
426627,0.0,0.0,0.0,0.0,0.0,2.0,0.0
427127,0.0,0.0,0.0,0.0,0.0,0.0,0.0
427339,0.0,0.0,0.0,0.0,0.0,1.0,0.0
427342,0.0,0.0,0.0,0.0,0.0,2.0,0.0
427343,0.0,0.0,0.0,0.0,1.0,2.0,0.0
427346,0.0,0.0,0.0,0.0,2.0,2.0,0.0
427842,0.0,0.0,0.0,0.0,2.0,0.0,0.0
427846,0.0,0.0,0.0,0.0,0.0,0.0,0.0
428412,0.0,0.0,0.0,0.0,0.0,1.0,0.0
428577,0.0,0.0,0.0,0.0,0.0,2.0,0.0
429077,0.0,0.0,0.0,0.0,0.0,0.0,0.0
429396,0.0,0.0,0.0,0.0,0.0,1.0,0.0
429762,0.0,0.0,0.0,0.0,0.0,2.0,0.0
430262,0.0,0.0,0.0,0.0,0.0,0.0,0.0
430391,0.0,0.0,0.0,0.0,1.0,0.0,0.0
430392,0.0,0.0,0.0,0.0,1.0,1.0,0.0
430399,0.0,0.0,0.0,0.0,2.0,2.0,0.0
430899,0.0,0.0,0.0,0.0,0.0,0.0,0.0
431243,0.0,0.0,0.0,0.0,0.0,1.0,0.0
431743,0.0,0.0,0.0,0.0,0.0,0.0,0.0
432101,0.0,0.0,0.0,0.0,0.0,1.0,0.0
432130,0.0,0.0,0.0,0.0,0.0,2.0,0.0
432630,0.0,0.0,0.0,0.0,0.0,0.0,0.0
433051,0.0,0.0,0.0,0.0,0.0,1.0,0.0
433519,0.0,0.0,0.0,0.0,0.0,2.0,0.0
434019,0.0,0.0,0.0,0.0,0.0,0.0,0.0
434033,0.0,0.0,0.0,0.0,0.0,1.0,0.0
434533,0.0,0.0,0.0,0.0,0.0,0.0,0.0
434777,0.0,0.0,0.0,0.0,0.0,1.0,0.0
435277,0.0,0.0,0.0,0.0,0.0,0.0,0.0
435843,0.0,0.0,0.0,0.0,0.0,1.0,0.0
436343,0.0,0.0,0.0,0.0,0.0,0.0,0.0
436584,0.0,0.0,0.0,0.0,0.0,1.0,0.0
437084,0.0,0.0,0.0,0.0,0.0,0.0,0.0
437248,0.0,0.0,0.0,0.0,0.0,1.0,0.0
437748,0.0,0.0,0.0,0.0,0.0,0.0,0.0
437788,0.0,0.0,0.0,0.0,0.0,1.0,0.0
437794,0.0,0.0,0.0,0.0,0.0,2.0,0.0
438294,0.0,0.0,0.0,0.0,0.0,0.0,0.0
438623,0.0,0.0,0.0,0.0,0.0,1.0,0.0
439123,0.0,0.0,0.0,0.0,0.0,0.0,0.0
440024,0.0,0.0,0.0,0.0,0.0,1.0,0.0
440229,0.0,0.0,0.0,0.0,0.0,2.0,0.0
440729,0.0,0.0,0.0,0.0,0.0,0.0,0.0
440995,0.0,0.0,0.0,0.0,0.0,1.0,0.0
441046,0.0,0.0,0.0,0.0,0.0,2.0,0.0
441546,0.0,0.0,0.0,0.0,0.0,0.0,0.0
441681,0.0,0.0,0.0,0.0,0.0,1.0,0.0
441696,0.0,0.0,0.0,0.0,0.0,2.0,0.0
442196,0.0,0.0,0.0,0.0,0.0,0.0,0.0
442275,0.0,0.0,0.0,0.0,0.0,1.0,0.0
442775,0.0,0.0,0.0,0.0,0.0,0.0,0.0
443767,0.0,0.0,0.0,0.0,0.0,1.0,0.0
444267,0.0,0.0,0.0,0.0,0.0,0.0,0.0
444327,0.0,0.0,0.0,0.0,0.0,1.0,0.0
444827,0.0,0.0,0.0,0.0,0.0,0.0,0.0
444938,0.0,0.0,0.0,0.0,0.0,1.0,0.0
444946,0.0,0.0,0.0,0.0,0.0,2.0,0.0
445446,0.0,0.0,0.0,0.0,0.0,0.0,0.0
446179,0.0,0.0,0.0,0.0,0.0,1.0,0.0
446517,0.0,0.0,0.0,0.0,0.0,2.0,0.0
447017,0.0,0.0,0.0,0.0,0.0,0.0,0.0
447840,0.0,0.0,0.0,0.0,0.0,1.0,0.0
448340,0.0,0.0,0.0,0.0,0.0,0.0,0.0
448610,0.0,0.0,0.0,0.0,0.0,1.0,0.0
448862,0.0,0.0,0.0,0.0,0.0,2.0,0.0
449362,0.0,0.0,0.0,0.0,0.0,0.0,0.0
452209,0.0,2.0,0.0,0.0,0.0,0.0,0.0
452709,0.0,0.0,0.0,0.0,0.0,0.0,0.0
453272,0.0,0.0,0.0,0.0,0.0,1.0,0.0
453772,0.0,0.0,0.0,0.0,0.0,0.0,0.0
455035,0.0,0.0,0.0,0.0,0.0,1.0,0.0
455535,0.0,0.0,0.0,0.0,0.0,0.0,0.0
455716,0.0,0.0,0.0,0.0,0.0,1.0,0.0
455752,0.0,0.0,0.0,0.0,0.0,2.0,0.0
456252,0.0,0.0,0.0,0.0,0.0,0.0,0.0
456844,0.0,0.0,0.0,0.0,0.0,1.0,0.0
457344,0.0,0.0,0.0,0.0,0.0,0.0,0.0
457424,0.0,0.0,0.0,0.0,0.0,1.0,0.0
457435,0.0,0.0,0.0,0.0,0.0,2.0,0.0
457935,0.0,0.0,0.0,0.0,0.0,0.0,0.0
458130,0.0,0.0,0.0,0.0,0.0,1.0,0.0
458630,0.0,0.0,0.0,0.0,0.0,0.0,0.0
458633,0.0,0.0,0.0,0.0,0.0,1.0,0.0
458719,0.0,0.0,0.0,0.0,0.0,2.0,0.0
459219,0.0,0.0,0.0,0.0,0.0,0.0,0.0
459584,0.0,0.0,0.0,0.0,0.0,1.0,0.0
460084,0.0,0.0,0.0,0.0,0.0,0.0,0.0
460297,0.0,0.0,0.0,0.0,0.0,1.0,0.0
460303,0.0,0.0,0.0,0.0,0.0,2.0,0.0
460803,0.0,0.0,0.0,0.0,0.0,0.0,0.0
461561,0.0,0.0,0.0,0.0,0.0,1.0,0.0
462061,0.0,0.0,0.0,0.0,0.0,0.0,0.0
462736,0.0,0.0,0.0,0.0,0.0,1.0,0.0
463236,0.0,0.0,0.0,0.0,0.0,0.0,0.0
463301,0.0,0.0,0.0,0.0,0.0,1.0,0.0
463356,0.0,0.0,0.0,0.0,0.0,2.0,0.0
463856,0.0,0.0,0.0,0.0,0.0,0.0,0.0
464065,0.0,0.0,0.0,0.0,0.0,1.0,0.0
464565,0.0,0.0,0.0,0.0,0.0,0.0,0.0
464622,0.0,0.0,0.0,0.0,0.0,1.0,0.0
464943,0.0,2.0,0.0,0.0,0.0,1.0,0.0
465122,0.0,2.0,0.0,0.0,0.0,0.0,0.0
465311,0.0,2.0,0.0,0.0,0.0,1.0,0.0
465352,0.0,2.0,0.0,0.0,0.0,2.0,0.0
465443,0.0,0.0,0.0,0.0,0.0,2.0,0.0
465852,0.0,0.0,0.0,0.0,0.0,0.0,0.0
466278,0.0,0.0,0.0,0.0,0.0,1.0,0.0
466778,0.0,0.0,0.0,0.0,0.0,0.0,0.0
467162,0.0,0.0,0.0,0.0,0.0,1.0,0.0
467662,0.0,0.0,0.0,0.0,0.0,0.0,0.0
467794,0.0,0.0,0.0,0.0,0.0,1.0,0.0
468294,0.0,0.0,0.0,0.0,0.0,0.0,0.0
468896,0.0,0.0,0.0,0.0,0.0,1.0,0.0
469396,0.0,0.0,0.0,0.0,0.0,0.0,0.0
470091,0.0,0.0,0.0,0.0,0.0,1.0,0.0
470591,0.0,0.0,0.0,0.0,0.0,0.0,0.0
471197,0.0,0.0,0.0,0.0,0.0,1.0,0.0
471200,0.0,0.0,0.0,0.0,0.0,2.0,0.0
471700,0.0,0.0,0.0,0.0,0.0,0.0,0.0
472237,0.0,0.0,0.0,0.0,0.0,1.0,0.0
472401,0.0,0.0,0.0,0.0,0.0,2.0,0.0
472901,0.0,0.0,0.0,0.0,0.0,0.0,0.0
474113,0.0,0.0,0.0,0.0,0.0,1.0,0.0
474613,0.0,0.0,0.0,0.0,0.0,0.0,0.0
475844,0.0,0.0,0.0,0.0,0.0,1.0,0.0
476344,0.0,0.0,0.0,0.0,0.0,0.0,0.0
476641,0.0,0.0,0.0,0.0,0.0,1.0,0.0
477141,0.0,0.0,0.0,0.0,0.0,0.0,0.0
477671,0.0,0.0,0.0,0.0,0.0,1.0,0.0
478133,0.0,0.0,0.0,0.0,0.0,2.0,0.0
478633,0.0,0.0,0.0,0.0,0.0,0.0,0.0
479111,0.0,0.0,0.0,0.0,0.0,1.0,0.0
479611,0.0,0.0,0.0,0.0,0.0,0.0,0.0
480162,0.0,0.0,0.0,0.0,0.0,1.0,0.0
480662,0.0,0.0,0.0,0.0,0.0,0.0,0.0
480858,0.0,0.0,0.0,0.0,0.0,1.0,0.0
481083,0.0,0.0,0.0,0.0,0.0,2.0,0.0
481583,0.0,0.0,0.0,0.0,0.0,0.0,0.0
482070,0.0,0.0,0.0,0.0,0.0,1.0,0.0
482570,0.0,0.0,0.0,0.0,0.0,0.0,0.0
483002,0.0,0.0,0.0,0.0,0.0,1.0,0.0
483435,0.0,0.0,0.0,0.0,0.0,2.0,0.0
483935,0.0,0.0,0.0,0.0,0.0,0.0,0.0
484950,0.0,0.0,0.0,0.0,0.0,1.0,0.0
485450,0.0,0.0,0.0,0.0,0.0,0.0,0.0
485549,0.0,0.0,0.0,0.0,0.0,1.0,0.0
486049,0.0,0.0,0.0,0.0,0.0,0.0,0.0
486108,0.0,0.0,0.0,0.0,0.0,1.0,0.0
486214,0.0,0.0,0.0,0.0,0.0,2.0,0.0
486714,0.0,0.0,0.0,0.0,0.0,0.0,0.0
487295,0.0,0.0,0.0,0.0,0.0,1.0,0.0
487795,0.0,0.0,0.0,0.0,0.0,0.0,0.0
487877,0.0,0.0,0.0,0.0,0.0,1.0,0.0
488377,0.0,0.0,0.0,0.0,0.0,0.0,0.0
488613,0.0,0.0,0.0,0.0,0.0,1.0,0.0
489113,0.0,0.0,0.0,0.0,0.0,0.0,0.0
489153,0.0,0.0,0.0,0.0,0.0,1.0,0.0
489570,0.0,0.0,0.0,0.0,0.0,2.0,0.0
490070,0.0,0.0,0.0,0.0,0.0,0.0,0.0
490086,0.0,0.0,0.0,0.0,0.0,1.0,0.0
490127,0.0,0.0,0.0,0.0,0.0,2.0,0.0
490627,0.0,0.0,0.0,0.0,0.0,0.0,0.0
491487,0.0,0.0,0.0,0.0,0.0,1.0,0.0
491490,0.0,0.0,0.0,0.0,0.0,2.0,0.0
491990,0.0,0.0,0.0,0.0,0.0,0.0,0.0
492016,0.0,0.0,0.0,0.0,0.0,1.0,0.0
492145,0.0,0.0,0.0,0.0,0.0,2.0,0.0
492645,0.0,0.0,0.0,0.0,0.0,0.0,0.0
494627,0.0,0.0,0.0,0.0,0.0,1.0,0.0
494898,0.0,0.0,0.0,0.0,0.0,2.0,0.0
495398,0.0,0.0,0.0,0.0,0.0,0.0,0.0
495496,0.0,0.0,0.0,0.0,0.0,1.0,0.0
495986,0.0,2.0,0.0,0.0,0.0,1.0,0.0
495996,0.0,2.0,0.0,0.0,0.0,0.0,0.0
496337,0.0,2.0,0.0,0.0,0.0,1.0,0.0
496486,0.0,0.0,0.0,0.0,0.0,1.0,0.0
496837,0.0,0.0,0.0,0.0,0.0,0.0,0.0
498810,0.0,0.0,0.0,0.0,0.0,1.0,0.0
499310,0.0,0.0,0.0,0.0,0.0,0.0,0.0
499396,0.0,0.0,0.0,0.0,0.0,1.0,0.0
499896,0.0,0.0,0.0,0.0,0.0,0.0,0.0
500051,0.0,0.0,0.0,0.0,0.0,1.0,0.0
500551,0.0,0.0,0.0,0.0,0.0,0.0,0.0
501473,0.0,0.0,0.0,0.0,0.0,1.0,0.0
501973,0.0,0.0,0.0,0.0,0.0,0.0,0.0
502771,0.0,0.0,0.0,0.0,0.0,1.0,0.0
502775,0.0,0.0,0.0,0.0,0.0,2.0,0.0
503275,0.0,0.0,0.0,0.0,0.0,0.0,0.0
504596,0.0,0.0,0.0,0.0,0.0,1.0,0.0
505096,0.0,0.0,0.0,0.0,0.0,0.0,0.0
506470,0.0,0.0,0.0,0.0,0.0,1.0,0.0
506970,0.0,0.0,0.0,0.0,0.0,0.0,0.0
510887,0.0,0.0,0.0,0.0,0.0,1.0,0.0
511387,0.0,0.0,0.0,0.0,0.0,0.0,0.0
513054,0.0,0.0,0.0,0.0,0.0,1.0,0.0
513057,0.0,0.0,0.0,0.0,0.0,2.0,0.0
513557,0.0,0.0,0.0,0.0,0.0,0.0,0.0
514116,0.0,0.0,0.0,0.0,1.0,0.0,0.0
514232,0.0,0.0,0.0,0.0,1.0,1.0,0.0
514235,0.0,0.0,0.0,0.0,1.0,2.0,0.0
514616,0.0,0.0,0.0,0.0,0.0,2.0,0.0
514735,0.0,0.0,0.0,0.0,0.0,0.0,0.0
523309,0.0,0.0,0.0,0.0,0.0,1.0,0.0
523809,0.0,0.0,0.0,0.0,0.0,0.0,0.0
523900,0.0,0.0,0.0,0.0,0.0,1.0,0.0
524400,0.0,0.0,0.0,0.0,0.0,0.0,0.0
527485,0.0,0.0,0.0,0.0,0.0,1.0,0.0
527985,0.0,0.0,0.0,0.0,0.0,0.0,0.0
528896,0.0,0.0,0.0,0.0,0.0,1.0,0.0
528897,0.0,0.0,0.0,0.0,0.0,2.0,0.0
529397,0.0,0.0,0.0,0.0,0.0,0.0,0.0
529690,0.0,0.0,0.0,0.0,0.0,1.0,0.0
530190,0.0,0.0,0.0,0.0,0.0,0.0,0.0
531822,0.0,0.0,0.0,0.0,0.0,1.0,0.0
532322,0.0,0.0,0.0,0.0,0.0,0.0,0.0
534289,0.0,0.0,0.0,0.0,0.0,1.0,0.0
534789,0.0,0.0,0.0,0.0,0.0,0.0,0.0
535172,0.0,0.0,0.0,0.0,1.0,0.0,0.0
535672,0.0,0.0,0.0,0.0,0.0,0.0,0.0
537964,0.0,0.0,0.0,0.0,0.0,1.0,0.0
538464,0.0,0.0,0.0,0.0,0.0,0.0,0.0
541937,0.0,0.0,0.0,0.0,0.0,1.0,0.0
542437,0.0,0.0,0.0,0.0,0.0,0.0,0.0
543671,0.0,0.0,0.0,0.0,0.0,1.0,0.0
544171,0.0,0.0,0.0,0.0,0.0,0.0,0.0
545106,0.0,0.0,0.0,0.0,0.0,1.0,0.0
545606,0.0,0.0,0.0,0.0,0.0,0.0,0.0
551427,0.0,0.0,0.0,0.0,1.0,0.0,0.0
551917,0.0,0.0,0.0,0.0,1.0,1.0,0.0
551927,0.0,0.0,0.0,0.0,0.0,1.0,0.0
552417,0.0,0.0,0.0,0.0,0.0,0.0,0.0
554344,0.0,0.0,0.0,0.0,0.0,1.0,0.0
554844,0.0,0.0,0.0,0.0,0.0,0.0,0.0
558472,0.0,0.0,0.0,0.0,0.0,1.0,0.0
558972,0.0,0.0,0.0,0.0,0.0,0.0,0.0
558988,0.0,0.0,0.0,0.0,0.0,1.0,0.0
558989,0.0,0.0,0.0,0.0,0.0,2.0,0.0
559489,0.0,0.0,0.0,0.0,0.0,0.0,0.0
561338,0.0,0.0,0.0,0.0,0.0,1.0,0.0
561838,0.0,0.0,0.0,0.0,0.0,0.0,0.0
562092,0.0,0.0,0.0,0.0,0.0,1.0,0.0
562592,0.0,0.0,0.0,0.0,0.0,0.0,0.0
563942,0.0,0.0,0.0,0.0,0.0,1.0,0.0
564442,0.0,0.0,0.0,0.0,0.0,0.0,0.0
564959,0.0,0.0,0.0,0.0,0.0,1.0,0.0
565459,0.0,0.0,0.0,0.0,0.0,0.0,0.0
565793,0.0,0.0,0.0,0.0,0.0,1.0,0.0
565795,0.0,0.0,0.0,0.0,0.0,2.0,0.0
566295,0.0,0.0,0.0,0.0,0.0,0.0,0.0
566629,0.0,0.0,0.0,0.0,0.0,1.0,0.0
567129,0.0,0.0,0.0,0.0,0.0,0.0,0.0
567948,0.0,0.0,0.0,0.0,0.0,1.0,0.0
568448,0.0,0.0,0.0,0.0,0.0,0.0,0.0
573741,0.0,0.0,0.0,0.0,1.0,0.0,0.0
573961,0.0,0.0,0.0,0.0,1.0,1.0,0.0
574241,0.0,0.0,0.0,0.0,0.0,1.0,0.0
574461,0.0,0.0,0.0,0.0,0.0,0.0,0.0
574890,0.0,0.0,0.0,0.0,0.0,1.0,0.0
575390,0.0,0.0,0.0,0.0,0.0,0.0,0.0
579180,0.0,0.0,0.0,0.0,1.0,0.0,0.0
579680,0.0,0.0,0.0,0.0,0.0,0.0,0.0
580153,0.0,0.0,0.0,0.0,0.0,1.0,0.0
580653,0.0,0.0,0.0,0.0,0.0,0.0,0.0
581329,0.0,0.0,0.0,0.0,0.0,1.0,0.0
581829,0.0,0.0,0.0,0.0,0.0,0.0,0.0
582636,0.0,0.0,0.0,0.0,0.0,1.0,0.0
583136,0.0,0.0,0.0,0.0,0.0,0.0,0.0
585912,0.0,0.0,0.0,0.0,0.0,1.0,0.0
586412,0.0,0.0,0.0,0.0,0.0,0.0,0.0
590416,0.0,0.0,0.0,0.0,0.0,1.0,0.0
590916,0.0,0.0,0.0,0.0,0.0,0.0,0.0
591333,0.0,0.0,0.0,0.0,0.0,1.0,0.0
591337,0.0,0.0,0.0,0.0,0.0,2.0,0.0
591837,0.0,0.0,0.0,0.0,0.0,0.0,0.0
595544,0.0,0.0,0.0,0.0,0.0,1.0,0.0
596044,0.0,0.0,0.0,0.0,0.0,0.0,0.0
597715,0.0,0.0,0.0,0.0,0.0,1.0,0.0
597721,0.0,0.0,0.0,0.0,0.0,2.0,0.0
598221,0.0,0.0,0.0,0.0,0.0,0.0,0.0
602790,0.0,0.0,0.0,0.0,0.0,1.0,0.0
603290,0.0,0.0,0.0,0.0,0.0,0.0,0.0
604271,0.0,0.0,0.0,0.0,0.0,1.0,0.0
604273,0.0,0.0,0.0,0.0,0.0,2.0,0.0
604773,0.0,0.0,0.0,0.0,0.0,0.0,0.0
605000,0.0,0.0,0.0,0.0,0.0,0.0,1.0
605329,0.0,0.0,0.0,0.0,0.0,1.0,1.0
605442,0.0,0.0,0.0,0.0,0.0,2.0,1.0
605500,0.0,0.0,0.0,0.0,0.0,2.0,0.0
605503,2.0,0.0,0.0,0.0,0.0,2.0,0.0
605613,2.0,2.0,0.0,0.0,0.0,2.0,0.0
605804,2.0,2.0,0.0,0.0,1.0,2.0,0.0
605942,2.0,2.0,0.0,0.0,1.0,0.0,0.0
605959,2.0,2.0,0.0,0.0,2.0,0.0,0.0
605963,2.0,2.0,0.0,0.0,2.0,1.0,0.0
605968,2.0,2.0,0.0,0.0,2.0,2.0,0.0
606003,0.0,2.0,0.0,0.0,2.0,2.0,0.0
606113,0.0,0.0,0.0,0.0,2.0,2.0,0.0
606207,2.0,0.0,0.0,0.0,2.0,2.0,0.0
606459,2.0,0.0,0.0,0.0,0.0,2.0,0.0
606468,2.0,0.0,0.0,0.0,0.0,0.0,0.0
606707,0.0,0.0,0.0,0.0,0.0,0.0,0.0
607035,0.0,0.0,1.0,0.0,0.0,0.0,0.0
607043,0.0,0.0,1.0,0.0,0.0,1.0,0.0
607543,0.0,0.0,1.0,0.0,0.0,0.0,0.0
608084,0.0,0.0,1.0,0.0,0.0,1.0,0.0
608537,0.0,0.0,2.0,0.0,0.0,1.0,0.0
608584,0.0,0.0,2.0,0.0,0.0,0.0,0.0
609037,0.0,0.0,1.0,0.0,0.0,0.0,0.0
609175,0.0,0.0,1.0,0.0,0.0,1.0,0.0
609436,0.0,0.0,2.0,0.0,0.0,1.0,0.0
609556,0.0,0.0,2.0,0.0,0.0,2.0,0.0
609596,0.0,0.0,2.0,0.0,1.0,2.0,0.0
609936,0.0,0.0,0.0,0.0,1.0,2.0,0.0
610056,0.0,0.0,0.0,0.0,1.0,0.0,0.0
610096,0.0,0.0,0.0,0.0,0.0,0.0,0.0
610098,0.0,0.0,0.0,0.0,0.0,1.0,0.0
610598,0.0,0.0,0.0,0.0,0.0,0.0,0.0
610948,0.0,0.0,0.0,0.0,0.0,1.0,0.0
611448,0.0,0.0,0.0,0.0,0.0,0.0,0.0
611574,0.0,0.0,0.0,0.0,0.0,1.0,0.0
611585,0.0,0.0,0.0,0.0,0.0,2.0,0.0
612085,0.0,0.0,0.0,0.0,0.0,0.0,0.0
613259,0.0,0.0,0.0,0.0,0.0,1.0,0.0
613275,0.0,0.0,0.0,0.0,0.0,2.0,0.0
613775,0.0,0.0,0.0,0.0,0.0,0.0,0.0
613836,0.0,0.0,0.0,0.0,0.0,1.0,0.0
614207,0.0,2.0,0.0,0.0,0.0,1.0,0.0
614221,0.0,2.0,1.0,0.0,0.0,1.0,0.0
614222,0.0,2.0,1.0,0.0,0.0,2.0,0.0
614707,0.0,0.0,1.0,0.0,0.0,2.0,0.0
614722,0.0,0.0,1.0,0.0,0.0,0.0,0.0
615020,0.0,0.0,1.0,0.0,0.0,1.0,0.0
615520,0.0,0.0,1.0,0.0,0.0,0.0,0.0
616011,0.0,0.0,1.0,0.0,0.0,1.0,0.0
616511,0.0,0.0,1.0,0.0,0.0,0.0,0.0
617721,0.0,0.0,0.0,0.0,0.0,0.0,0.0
617735,0.0,0.0,1.0,0.0,0.0,0.0,0.0
618235,0.0,0.0,0.0,0.0,0.0,0.0,0.0
618371,0.0,0.0,0.0,0.0,0.0,1.0,0.0
618374,0.0,0.0,0.0,0.0,0.0,2.0,0.0
618408,0.0,0.0,0.0,0.0,1.0,2.0,0.0
618584,0.0,0.0,0.0,0.0,2.0,2.0,0.0
618874,0.0,0.0,0.0,0.0,2.0,0.0,0.0
618909,0.0,0.0,0.0,0.0,2.0,1.0,0.0
619084,0.0,0.0,0.0,0.0,0.0,1.0,0.0
619210,0.0,0.0,0.0,0.0,0.0,2.0,0.0
619710,0.0,0.0,0.0,0.0,0.0,0.0,0.0
619976,0.0,0.0,0.0,0.0,0.0,1.0,0.0
619979,0.0,0.0,0.0,0.0,0.0,2.0,0.0
620479,0.0,0.0,0.0,0.0,0.0,0.0,0.0
620558,0.0,0.0,0.0,0.0,0.0,1.0,0.0
620579,0.0,0.0,0.0,0.0,0.0,2.0,0.0
621079,0.0,0.0,0.0,0.0,0.0,0.0,0.0
621208,0.0,0.0,0.0,0.0,0.0,1.0,0.0
621306,0.0,0.0,0.0,0.0,0.0,2.0,0.0
621806,0.0,0.0,0.0,0.0,0.0,1.0,0.0
622302,0.0,0.0,0.0,0.0,0.0,2.0,0.0
622802,0.0,0.0,0.0,0.0,0.0,0.0,0.0
623074,0.0,0.0,0.0,0.0,0.0,1.0,0.0
623080,0.0,0.0,0.0,0.0,0.0,2.0,0.0
623580,0.0,0.0,0.0,0.0,0.0,0.0,0.0
623596,0.0,0.0,0.0,0.0,0.0,1.0,0.0
623813,0.0,0.0,0.0,0.0,0.0,2.0,0.0
624313,0.0,0.0,0.0,0.0,0.0,0.0,0.0
624372,0.0,0.0,0.0,0.0,0.0,1.0,0.0
624859,0.0,0.0,0.0,0.0,0.0,2.0,0.0
625359,0.0,0.0,0.0,0.0,0.0,0.0,0.0
625782,0.0,0.0,0.0,0.0,0.0,1.0,0.0
626282,0.0,0.0,0.0,0.0,0.0,0.0,0.0
626468,0.0,0.0,0.0,0.0,0.0,1.0,0.0
626968,0.0,0.0,0.0,0.0,0.0,0.0,0.0
627417,0.0,0.0,0.0,0.0,0.0,1.0,0.0
627917,0.0,0.0,0.0,0.0,0.0,0.0,0.0
627952,0.0,0.0,0.0,0.0,0.0,1.0,0.0
627955,0.0,0.0,0.0,0.0,0.0,2.0,0.0
628455,0.0,0.0,0.0,0.0,0.0,0.0,0.0
628643,0.0,0.0,0.0,0.0,0.0,1.0,0.0
628647,0.0,0.0,0.0,0.0,0.0,2.0,0.0
629147,0.0,0.0,0.0,0.0,0.0,0.0,0.0
630075,0.0,0.0,0.0,0.0,0.0,1.0,0.0
630575,0.0,0.0,0.0,0.0,0.0,0.0,0.0
632557,0.0,0.0,0.0,0.0,0.0,1.0,0.0
633057,0.0,0.0,0.0,0.0,0.0,0.0,0.0
633848,0.0,0.0,0.0,0.0,0.0,1.0,0.0
633851,0.0,0.0,0.0,0.0,0.0,2.0,0.0
634351,0.0,0.0,0.0,0.0,0.0,0.0,0.0
634713,0.0,0.0,0.0,0.0,0.0,1.0,0.0
635213,0.0,0.0,0.0,0.0,0.0,0.0,0.0
635946,0.0,0.0,0.0,0.0,0.0,1.0,0.0
636446,0.0,0.0,0.0,0.0,0.0,0.0,0.0
636949,0.0,0.0,0.0,0.0,0.0,1.0,0.0
637056,0.0,0.0,0.0,0.0,0.0,2.0,0.0
637556,0.0,0.0,0.0,0.0,0.0,0.0,0.0
637670,0.0,0.0,0.0,0.0,0.0,1.0,0.0
637679,0.0,0.0,0.0,0.0,0.0,2.0,0.0
638179,0.0,0.0,0.0,0.0,0.0,0.0,0.0
638554,0.0,0.0,0.0,0.0,0.0,1.0,0.0
639054,0.0,0.0,0.0,0.0,0.0,0.0,0.0
639149,0.0,0.0,0.0,0.0,0.0,1.0,0.0
639649,0.0,0.0,0.0,0.0,0.0,0.0,0.0
640289,0.0,0.0,0.0,0.0,0.0,1.0,0.0
640300,0.0,0.0,0.0,0.0,0.0,2.0,0.0
640800,0.0,0.0,0.0,0.0,0.0,0.0,0.0
641053,0.0,0.0,0.0,0.0,0.0,1.0,0.0
641422,0.0,0.0,0.0,0.0,0.0,2.0,0.0
641922,0.0,0.0,0.0,0.0,0.0,0.0,0.0
642194,0.0,0.0,0.0,0.0,0.0,1.0,0.0
643194,0.0,0.0,0.0,0.0,0.0,0.0,0.0
643204,0.0,0.0,0.0,0.0,0.0,1.0,0.0
643704,0.0,0.0,0.0,0.0,0.0,0.0,0.0
643891,0.0,0.0,0.0,0.0,0.0,1.0,0.0
644050,0.0,0.0,0.0,0.0,0.0,2.0,0.0
644550,0.0,0.0,0.0,0.0,0.0,0.0,0.0
644612,0.0,0.0,0.0,0.0,0.0,1.0,0.0
644615,0.0,0.0,0.0,0.0,0.0,2.0,0.0
645115,0.0,0.0,0.0,0.0,0.0,0.0,0.0
645307,0.0,0.0,0.0,0.0,0.0,1.0,0.0
645807,0.0,0.0,0.0,0.0,0.0,0.0,0.0
646076,0.0,0.0,0.0,0.0,0.0,1.0,0.0
646079,0.0,0.0,0.0,0.0,0.0,2.0,0.0
646579,0.0,0.0,0.0,0.0,0.0,0.0,0.0
646860,0.0,0.0,0.0,0.0,0.0,1.0,0.0
647360,0.0,0.0,0.0,0.0,0.0,0.0,0.0
647662,0.0,0.0,0.0,0.0,0.0,1.0,0.0
647982,0.0,0.0,0.0,0.0,0.0,2.0,0.0
648482,0.0,0.0,0.0,0.0,0.0,0.0,0.0
648903,0.0,0.0,0.0,0.0,0.0,1.0,0.0
649183,0.0,0.0,0.0,0.0,0.0,2.0,0.0
649683,0.0,0.0,0.0,0.0,0.0,0.0,0.0
649759,0.0,0.0,0.0,0.0,0.0,1.0,0.0
650115,0.0,0.0,0.0,0.0,0.0,2.0,0.0
650615,0.0,0.0,0.0,0.0,0.0,0.0,0.0
650792,0.0,0.0,0.0,0.0,0.0,1.0,0.0
651292,0.0,0.0,0.0,0.0,0.0,0.0,0.0
651474,0.0,0.0,0.0,0.0,0.0,1.0,0.0
651974,0.0,0.0,0.0,0.0,0.0,0.0,0.0
651990,0.0,0.0,0.0,0.0,0.0,1.0,0.0
652490,0.0,0.0,0.0,0.0,0.0,0.0,0.0
653027,0.0,0.0,0.0,0.0,0.0,1.0,0.0
653527,0.0,0.0,0.0,0.0,0.0,0.0,0.0
653678,0.0,0.0,0.0,0.0,0.0,1.0,0.0
654178,0.0,0.0,0.0,0.0,0.0,0.0,0.0
655842,0.0,0.0,0.0,0.0,0.0,1.0,0.0
655845,0.0,0.0,0.0,0.0,0.0,2.0,0.0
656345,0.0,0.0,0.0,0.0,0.0,0.0,0.0
656817,0.0,0.0,0.0,0.0,0.0,1.0,0.0
656820,0.0,0.0,0.0,0.0,0.0,2.0,0.0
657320,0.0,0.0,0.0,0.0,0.0,0.0,0.0
657527,0.0,0.0,0.0,0.0,0.0,1.0,0.0
658027,0.0,0.0,0.0,0.0,0.0,0.0,0.0
658163,0.0,0.0,0.0,0.0,0.0,1.0,0.0
658663,0.0,0.0,0.0,0.0,0.0,0.0,0.0
658748,0.0,0.0,0.0,0.0,0.0,1.0,0.0
659151,0.0,0.0,0.0,0.0,0.0,2.0,0.0
659651,0.0,0.0,0.0,0.0,0.0,0.0,0.0
660086,0.0,0.0,0.0,0.0,0.0,1.0,0.0
660586,0.0,0.0,0.0,0.0,0.0,0.0,0.0
660703,0.0,0.0,0.0,0.0,0.0,1.0,0.0
661203,0.0,0.0,0.0,0.0,0.0,0.0,0.0
661260,0.0,0.0,0.0,0.0,0.0,1.0,0.0
661760,0.0,0.0,0.0,0.0,0.0,0.0,0.0
662598,0.0,0.0,0.0,0.0,0.0,1.0,0.0
662635,0.0,0.0,0.0,0.0,0.0,2.0,0.0
662677,0.0,0.0,0.0,0.0,1.0,2.0,0.0
662737,0.0,0.0,0.0,0.0,2.0,2.0,0.0
663135,0.0,0.0,0.0,0.0,2.0,0.0,0.0
663237,0.0,0.0,0.0,0.0,0.0,0.0,0.0
663323,0.0,0.0,0.0,0.0,0.0,1.0,0.0
663823,0.0,0.0,0.0,0.0,0.0,0.0,0.0
664139,0.0,0.0,0.0,0.0,0.0,1.0,0.0
664639,0.0,0.0,0.0,0.0,0.0,0.0,0.0
664887,0.0,0.0,0.0,0.0,0.0,1.0,0.0
664893,0.0,0.0,0.0,0.0,0.0,2.0,0.0
665215,0.0,2.0,0.0,0.0,0.0,2.0,0.0
665393,0.0,2.0,0.0,0.0,0.0,0.0,0.0
665411,0.0,2.0,0.0,0.0,0.0,1.0,0.0
665715,0.0,0.0,0.0,0.0,0.0,1.0,0.0
665911,0.0,0.0,0.0,0.0,0.0,0.0,0.0
666656,0.0,0.0,0.0,0.0,0.0,1.0,0.0
667156,0.0,0.0,0.0,0.0,0.0,0.0,0.0
667655,0.0,0.0,0.0,0.0,0.0,1.0,0.0
667747,0.0,0.0,0.0,0.0,0.0,2.0,0.0
668247,0.0,0.0,0.0,0.0,0.0,0.0,0.0
669033,0.0,0.0,0.0,0.0,0.0,1.0,0.0
669125,0.0,0.0,0.0,0.0,0.0,2.0,0.0
669625,0.0,0.0,0.0,0.0,0.0,0.0,0.0
669808,0.0,0.0,0.0,0.0,0.0,1.0,0.0
669974,0.0,0.0,0.0,0.0,0.0,2.0,0.0
670474,0.0,0.0,0.0,0.0,0.0,0.0,0.0
671341,0.0,0.0,0.0,0.0,0.0,1.0,0.0
671426,0.0,0.0,0.0,0.0,0.0,2.0,0.0
671926,0.0,0.0,0.0,0.0,0.0,0.0,0.0
672910,0.0,0.0,0.0,0.0,0.0,1.0,0.0
672923,0.0,0.0,0.0,0.0,0.0,2.0,0.0
673423,0.0,0.0,0.0,0.0,0.0,0.0,0.0
675220,0.0,0.0,0.0,0.0,0.0,1.0,0.0
675720,0.0,0.0,0.0,0.0,0.0,0.0,0.0
676079,0.0,0.0,0.0,0.0,0.0,1.0,0.0
676579,0.0,0.0,0.0,0.0,0.0,0.0,0.0
676874,0.0,0.0,0.0,0.0,0.0,1.0,0.0
677374,0.0,0.0,0.0,0.0,0.0,0.0,0.0
678603,0.0,0.0,0.0,0.0,0.0,1.0,0.0
679082,0.0,0.0,0.0,0.0,0.0,2.0,0.0
679582,0.0,0.0,0.0,0.0,0.0,1.0,0.0
680082,0.0,0.0,0.0,0.0,0.0,0.0,0.0
680665,0.0,0.0,0.0,0.0,0.0,1.0,0.0
680782,0.0,0.0,0.0,0.0,0.0,2.0,0.0
681282,0.0,0.0,0.0,0.0,0.0,0.0,0.0
681370,0.0,0.0,0.0,0.0,0.0,1.0,0.0
681451,0.0,0.0,0.0,0.0,0.0,2.0,0.0
681951,0.0,0.0,0.0,0.0,0.0,0.0,0.0
681967,0.0,0.0,0.0,0.0,0.0,1.0,0.0
682467,0.0,0.0,0.0,0.0,0.0,0.0,0.0
682535,0.0,0.0,0.0,0.0,0.0,1.0,0.0
682541,0.0,0.0,0.0,0.0,0.0,2.0,0.0
683041,0.0,0.0,0.0,0.0,0.0,0.0,0.0
683406,0.0,0.0,0.0,0.0,0.0,1.0,0.0
683694,0.0,0.0,0.0,0.0,0.0,2.0,0.0
684194,0.0,0.0,0.0,0.0,0.0,0.0,0.0
685124,0.0,0.0,0.0,0.0,0.0,1.0,0.0
685409,0.0,0.0,0.0,0.0,0.0,2.0,0.0
685909,0.0,0.0,0.0,0.0,0.0,0.0,0.0
686297,0.0,0.0,0.0,0.0,0.0,1.0,0.0
686683,0.0,0.0,0.0,0.0,0.0,2.0,0.0
687183,0.0,0.0,0.0,0.0,0.0,0.0,0.0
687520,0.0,0.0,0.0,0.0,0.0,1.0,0.0
687529,0.0,0.0,0.0,0.0,0.0,2.0,0.0
688029,0.0,0.0,0.0,0.0,0.0,0.0,0.0
688482,0.0,2.0,0.0,0.0,0.0,0.0,0.0
688797,0.0,2.0,0.0,0.0,0.0,1.0,0.0
688901,0.0,2.0,0.0,0.0,1.0,1.0,0.0
688982,0.0,0.0,0.0,0.0,1.0,1.0,0.0
689297,0.0,0.0,0.0,0.0,1.0,0.0,0.0
689401,0.0,0.0,0.0,0.0,0.0,0.0,0.0
689457,0.0,0.0,0.0,0.0,0.0,1.0,0.0
689476,0.0,0.0,0.0,0.0,0.0,2.0,0.0
689976,0.0,0.0,0.0,0.0,0.0,0.0,0.0
690198,0.0,0.0,0.0,0.0,0.0,1.0,0.0
690698,0.0,0.0,0.0,0.0,0.0,0.0,0.0
690935,0.0,0.0,0.0,0.0,0.0,1.0,0.0
690946,0.0,0.0,0.0,0.0,0.0,2.0,0.0
691063,0.0,0.0,0.0,0.0,1.0,2.0,0.0
691446,0.0,0.0,0.0,0.0,1.0,0.0,0.0
692063,0.0,0.0,0.0,0.0,0.0,0.0,0.0
692528,0.0,0.0,0.0,0.0,0.0,1.0,0.0
693028,0.0,0.0,0.0,0.0,0.0,0.0,0.0
693199,0.0,0.0,0.0,0.0,0.0,1.0,0.0
693202,0.0,0.0,0.0,0.0,0.0,2.0,0.0
693702,0.0,0.0,0.0,0.0,0.0,0.0,0.0
694020,0.0,0.0,0.0,0.0,0.0,1.0,0.0
694520,0.0,0.0,0.0,0.0,0.0,0.0,0.0
694759,0.0,0.0,0.0,0.0,0.0,1.0,0.0
695259,0.0,0.0,0.0,0.0,0.0,0.0,0.0
695275,0.0,0.0,0.0,0.0,0.0,1.0,0.0
695775,0.0,0.0,0.0,0.0,0.0,0.0,0.0
695929,0.0,0.0,0.0,0.0,0.0,1.0,0.0
695932,0.0,0.0,0.0,0.0,0.0,2.0,0.0
696432,0.0,0.0,0.0,0.0,0.0,0.0,0.0
696557,0.0,0.0,0.0,0.0,0.0,1.0,0.0
697057,0.0,0.0,0.0,0.0,0.0,0.0,0.0
697493,0.0,0.0,0.0,0.0,0.0,1.0,0.0
697993,0.0,0.0,0.0,0.0,0.0,0.0,0.0
698383,0.0,0.0,0.0,0.0,0.0,1.0,0.0
698386,0.0,0.0,0.0,0.0,0.0,2.0,0.0
698886,0.0,0.0,0.0,0.0,0.0,0.0,0.0
698959,0.0,0.0,0.0,0.0,0.0,1.0,0.0
698963,0.0,0.0,0.0,0.0,0.0,2.0,0.0
699463,0.0,0.0,0.0,0.0,0.0,0.0,0.0
699656,0.0,0.0,0.0,0.0,0.0,1.0,0.0
700067,0.0,0.0,0.0,0.0,0.0,2.0,0.0
700567,0.0,0.0,0.0,0.0,0.0,0.0,0.0
700576,0.0,0.0,0.0,0.0,0.0,1.0,0.0
701076,0.0,0.0,0.0,0.0,0.0,0.0,0.0
701719,0.0,0.0,0.0,0.0,0.0,1.0,0.0
701798,0.0,0.0,0.0,0.0,0.0,2.0,0.0
702298,0.0,0.0,0.0,0.0,0.0,0.0,0.0
702315,0.0,0.0,0.0,0.0,0.0,1.0,0.0
702815,0.0,0.0,0.0,0.0,0.0,0.0,0.0
703288,0.0,0.0,0.0,0.0,0.0,1.0,0.0
703788,0.0,0.0,0.0,0.0,0.0,0.0,0.0
704169,0.0,0.0,0.0,0.0,0.0,1.0,0.0
704669,0.0,0.0,0.0,0.0,0.0,0.0,0.0
704856,0.0,0.0,0.0,0.0,0.0,1.0,0.0
705356,0.0,0.0,0.0,0.0,0.0,0.0,0.0
705835,0.0,0.0,0.0,0.0,0.0,1.0,0.0
706335,0.0,0.0,0.0,0.0,0.0,0.0,0.0
706671,0.0,0.0,0.0,0.0,0.0,1.0,0.0
707171,0.0,0.0,0.0,0.0,0.0,0.0,0.0
711164,0.0,0.0,0.0,0.0,0.0,1.0,0.0
711664,0.0,0.0,0.0,0.0,0.0,0.0,0.0
718252,0.0,0.0,0.0,0.0,0.0,1.0,0.0
718752,0.0,0.0,0.0,0.0,0.0,0.0,0.0
720927,0.0,0.0,0.0,0.0,1.0,0.0,0.0
721336,0.0,0.0,0.0,0.0,1.0,1.0,0.0
721427,0.0,0.0,0.0,0.0,0.0,1.0,0.0
721836,0.0,0.0,0.0,0.0,0.0,0.0,0.0
724180,0.0,0.0,0.0,0.0,0.0,1.0,0.0
724680,0.0,0.0,0.0,0.0,0.0,0.0,0.0
725770,0.0,0.0,0.0,0.0,0.0,1.0,0.0
726270,0.0,0.0,0.0,0.0,0.0,0.0,0.0
733723,0.0,0.0,0.0,0.0,0.0,1.0,0.0
734223,0.0,0.0,0.0,0.0,0.0,0.0,0.0
736646,0.0,0.0,0.0,0.0,0.0,1.0,0.0
736651,0.0,0.0,0.0,0.0,0.0,2.0,0.0
737151,0.0,0.0,0.0,0.0,0.0,0.0,0.0
737500,0.0,0.0,0.0,0.0,0.0,1.0,0.0
738000,0.0,0.0,0.0,0.0,0.0,0.0,0.0
738513,0.0,0.0,0.0,0.0,0.0,1.0,0.0
739013,0.0,0.0,0.0,0.0,0.0,0.0,0.0
741343,0.0,0.0,0.0,0.0,0.0,1.0,0.0
741345,0.0,0.0,0.0,0.0,0.0,2.0,0.0
741845,0.0,0.0,0.0,0.0,0.0,0.0,0.0
743210,0.0,0.0,0.0,0.0,0.0,1.0,0.0
743710,0.0,0.0,0.0,0.0,0.0,0.0,0.0
745883,0.0,0.0,0.0,0.0,0.0,1.0,0.0
746383,0.0,0.0,0.0,0.0,0.0,0.0,0.0
747321,0.0,0.0,0.0,0.0,0.0,1.0,0.0
747725,0.0,0.0,0.0,0.0,0.0,2.0,0.0
748225,0.0,0.0,0.0,0.0,0.0,0.0,0.0
748241,0.0,0.0,0.0,0.0,0.0,1.0,0.0
748741,0.0,0.0,0.0,0.0,0.0,0.0,0.0
751827,0.0,0.0,0.0,0.0,0.0,1.0,0.0
751839,0.0,0.0,0.0,0.0,0.0,2.0,0.0
752339,0.0,0.0,0.0,0.0,0.0,0.0,0.0
756024,0.0,0.0,0.0,0.0,0.0,1.0,0.0
756031,0.0,0.0,0.0,0.0,0.0,2.0,0.0
756531,0.0,0.0,0.0,0.0,0.0,0.0,0.0
761525,0.0,0.0,0.0,0.0,0.0,1.0,0.0
762025,0.0,0.0,0.0,0.0,0.0,0.0,0.0
764762,0.0,0.0,0.0,0.0,1.0,0.0,0.0
765262,0.0,0.0,0.0,0.0,0.0,0.0,0.0
765284,0.0,0.0,0.0,0.0,0.0,1.0,0.0
765286,0.0,0.0,0.0,0.0,0.0,2.0,0.0
765786,0.0,0.0,0.0,0.0,0.0,0.0,0.0
767810,0.0,0.0,0.0,0.0,0.0,1.0,0.0
767931,0.0,0.0,0.0,0.0,1.0,1.0,0.0
767932,0.0,0.0,0.0,0.0,1.0,2.0,0.0
768431,0.0,0.0,0.0,0.0,0.0,2.0,0.0
768432,0.0,0.0,0.0,0.0,0.0,0.0,0.0
769539,0.0,0.0,0.0,0.0,0.0,1.0,0.0
769572,0.0,0.0,0.0,0.0,1.0,1.0,0.0
770039,0.0,0.0,0.0,0.0,1.0,0.0,0.0
770072,0.0,0.0,0.0,0.0,0.0,0.0,0.0
772472,0.0,0.0,0.0,0.0,0.0,1.0,0.0
772972,0.0,0.0,0.0,0.0,0.0,0.0,0.0
774546,0.0,0.0,0.0,0.0,0.0,1.0,0.0
775046,0.0,0.0,0.0,0.0,0.0,0.0,0.0
779175,0.0,0.0,0.0,0.0,0.0,1.0,0.0
779675,0.0,0.0,0.0,0.0,0.0,0.0,0.0
781554,0.0,0.0,0.0,0.0,0.0,1.0,0.0
781566,0.0,0.0,0.0,0.0,0.0,2.0,0.0
782066,0.0,0.0,0.0,0.0,0.0,0.0,0.0
782792,0.0,0.0,0.0,0.0,0.0,1.0,0.0
783292,0.0,0.0,0.0,0.0,0.0,0.0,0.0
788810,0.0,0.0,0.0,0.0,0.0,1.0,0.0
789310,0.0,0.0,0.0,0.0,0.0,0.0,0.0
790669,0.0,0.0,0.0,0.0,0.0,1.0,0.0
791169,0.0,0.0,0.0,0.0,0.0,0.0,0.0
791548,0.0,0.0,0.0,0.0,0.0,1.0,0.0
792048,0.0,0.0,0.0,0.0,0.0,0.0,0.0
794772,0.0,0.0,0.0,0.0,0.0,1.0,0.0
794773,0.0,0.0,0.0,0.0,0.0,2.0,0.0
795273,0.0,0.0,0.0,0.0,0.0,0.0,0.0
799267,0.0,0.0,0.0,0.0,0.0,1.0,0.0
799767,0.0,0.0,0.0,0.0,0.0,0.0,0.0
807000,0.0,0.0,0.0,0.0,0.0,0.0,1.0
807417,0.0,0.0,0.0,0.0,0.0,1.0,1.0
807497,0.0,0.0,0.0,0.0,1.0,1.0,1.0
807500,0.0,0.0,0.0,0.0,1.0,1.0,0.0
807601,0.0,0.0,0.0,0.0,2.0,1.0,0.0
807615,2.0,0.0,0.0,0.0,2.0,1.0,0.0
807752,2.0,2.0,0.0,0.0,2.0,1.0,0.0
807755,2.0,2.0,0.0,0.0,2.0,2.0,0.0
808101,2.0,2.0,0.0,0.0,0.0,2.0,0.0
808115,0.0,2.0,0.0,0.0,0.0,2.0,0.0
808159,2.0,2.0,0.0,0.0,0.0,2.0,0.0
808252,2.0,0.0,0.0,0.0,0.0,2.0,0.0
808255,2.0,0.0,0.0,0.0,0.0,0.0,0.0
808352,2.0,0.0,0.0,0.0,0.0,1.0,0.0
808545,2.0,0.0,0.0,0.0,0.0,2.0,0.0
808659,0.0,0.0,0.0,0.0,0.0,2.0,0.0
808703,2.0,0.0,0.0,0.0,0.0,2.0,0.0
809045,2.0,0.0,0.0,0.0,0.0,0.0,0.0
809203,0.0,0.0,0.0,0.0,0.0,0.0,0.0
809243,0.0,0.0,1.0,0.0,0.0,0.0,0.0
809548,0.0,0.0,1.0,0.0,0.0,1.0,0.0
809629,0.0,2.0,1.0,0.0,0.0,1.0,0.0
809631,0.0,2.0,1.0,0.0,0.0,2.0,0.0
810129,0.0,0.0,1.0,0.0,0.0,2.0,0.0
810131,0.0,0.0,1.0,0.0,0.0,0.0,0.0
810516,0.0,0.0,2.0,0.0,0.0,0.0,0.0
811016,0.0,0.0,0.0,0.0,0.0,0.0,0.0
811150,0.0,0.0,0.0,0.0,0.0,1.0,0.0
811336,0.0,0.0,0.0,0.0,0.0,2.0,0.0
811586,0.0,0.0,1.0,0.0,0.0,2.0,0.0
811836,0.0,0.0,1.0,0.0,0.0,0.0,0.0
812086,0.0,0.0,0.0,0.0,0.0,0.0,0.0
812175,0.0,0.0,0.0,0.0,0.0,1.0,0.0
812675,0.0,0.0,0.0,0.0,0.0,0.0,0.0
812831,0.0,0.0,0.0,0.0,0.0,1.0,0.0
812984,0.0,0.0,1.0,0.0,0.0,1.0,0.0
813129,0.0,0.0,1.0,0.0,0.0,2.0,0.0
813484,0.0,0.0,0.0,0.0,0.0,2.0,0.0
813629,0.0,0.0,0.0,0.0,0.0,0.0,0.0
813816,0.0,0.0,0.0,0.0,0.0,1.0,0.0
813954,0.0,0.0,0.0,0.0,0.0,2.0,0.0
814454,0.0,0.0,0.0,0.0,0.0,0.0,0.0
814820,0.0,0.0,0.0,0.0,0.0,1.0,0.0
815320,0.0,0.0,0.0,0.0,0.0,0.0,0.0
815456,0.0,0.0,0.0,0.0,0.0,1.0,0.0
815956,0.0,0.0,0.0,0.0,0.0,0.0,0.0
816169,0.0,0.0,0.0,0.0,0.0,1.0,0.0
816175,0.0,0.0,0.0,0.0,0.0,2.0,0.0
816675,0.0,0.0,0.0,0.0,0.0,0.0,0.0
819062,0.0,0.0,0.0,0.0,0.0,1.0,0.0
819562,0.0,0.0,0.0,0.0,0.0,0.0,0.0
820017,0.0,0.0,0.0,0.0,0.0,1.0,0.0
820021,0.0,0.0,0.0,0.0,0.0,2.0,0.0
820521,0.0,0.0,0.0,0.0,0.0,0.0,0.0
820927,0.0,0.0,0.0,0.0,0.0,1.0,0.0
821427,0.0,0.0,0.0,0.0,0.0,0.0,0.0
821713,0.0,0.0,0.0,0.0,0.0,1.0,0.0
822213,0.0,0.0,0.0,0.0,0.0,0.0,0.0
822233,0.0,0.0,0.0,0.0,0.0,1.0,0.0
822399,0.0,0.0,0.0,0.0,0.0,2.0,0.0
822899,0.0,0.0,0.0,0.0,0.0,0.0,0.0
823877,0.0,0.0,0.0,0.0,0.0,1.0,0.0
824377,0.0,0.0,0.0,0.0,0.0,0.0,0.0
824388,0.0,0.0,0.0,0.0,0.0,1.0,0.0
824394,0.0,0.0,0.0,0.0,0.0,2.0,0.0
824894,0.0,0.0,0.0,0.0,0.0,0.0,0.0
825526,0.0,0.0,0.0,0.0,0.0,1.0,0.0
826026,0.0,0.0,0.0,0.0,0.0,0.0,0.0
826093,0.0,0.0,0.0,0.0,0.0,1.0,0.0
826593,0.0,0.0,0.0,0.0,0.0,0.0,0.0
827755,0.0,0.0,0.0,0.0,0.0,1.0,0.0
828255,0.0,0.0,0.0,0.0,0.0,0.0,0.0
828373,0.0,0.0,0.0,0.0,0.0,1.0,0.0
828873,0.0,0.0,0.0,0.0,0.0,0.0,0.0
829550,0.0,0.0,0.0,0.0,0.0,1.0,0.0
829553,0.0,0.0,0.0,0.0,0.0,2.0,0.0
830053,0.0,0.0,0.0,0.0,0.0,0.0,0.0
830093,0.0,0.0,0.0,0.0,0.0,1.0,0.0
830593,0.0,0.0,0.0,0.0,0.0,0.0,0.0
830881,0.0,0.0,0.0,0.0,0.0,1.0,0.0
831381,0.0,0.0,0.0,0.0,0.0,0.0,0.0
831662,0.0,0.0,0.0,0.0,0.0,1.0,0.0
831795,0.0,0.0,0.0,0.0,0.0,2.0,0.0
832295,0.0,0.0,0.0,0.0,0.0,0.0,0.0
832989,0.0,0.0,0.0,0.0,0.0,1.0,0.0
833409,0.0,0.0,0.0,0.0,0.0,2.0,0.0
833909,0.0,0.0,0.0,0.0,0.0,0.0,0.0
837254,0.0,0.0,0.0,0.0,0.0,1.0,0.0
837754,0.0,0.0,0.0,0.0,0.0,0.0,0.0
839699,0.0,0.0,0.0,0.0,0.0,1.0,0.0
840159,0.0,0.0,0.0,0.0,0.0,2.0,0.0
840659,0.0,0.0,0.0,0.0,0.0,0.0,0.0
841312,0.0,0.0,0.0,0.0,0.0,1.0,0.0
841320,0.0,0.0,0.0,0.0,0.0,2.0,0.0
841820,0.0,0.0,0.0,0.0,0.0,0.0,0.0
842326,0.0,0.0,0.0,0.0,0.0,1.0,0.0
842826,0.0,0.0,0.0,0.0,0.0,0.0,0.0
843474,0.0,0.0,0.0,0.0,0.0,1.0,0.0
843974,0.0,0.0,0.0,0.0,0.0,0.0,0.0
844278,0.0,0.0,0.0,0.0,0.0,1.0,0.0
844778,0.0,0.0,0.0,0.0,0.0,0.0,0.0
844888,0.0,0.0,0.0,0.0,0.0,1.0,0.0
844892,0.0,0.0,0.0,0.0,0.0,2.0,0.0
845392,0.0,0.0,0.0,0.0,0.0,0.0,0.0
845687,0.0,0.0,0.0,0.0,0.0,1.0,0.0
846187,0.0,0.0,0.0,0.0,0.0,0.0,0.0
846229,0.0,0.0,0.0,0.0,0.0,1.0,0.0
846684,0.0,0.0,0.0,0.0,0.0,2.0,0.0
847184,0.0,0.0,0.0,0.0,0.0,0.0,0.0
847589,0.0,0.0,0.0,0.0,0.0,1.0,0.0
847596,0.0,0.0,0.0,0.0,0.0,2.0,0.0
848096,0.0,0.0,0.0,0.0,0.0,0.0,0.0
848641,0.0,0.0,0.0,0.0,0.0,1.0,0.0
849141,0.0,0.0,0.0,0.0,0.0,0.0,0.0
849473,0.0,0.0,0.0,0.0,0.0,1.0,0.0
849973,0.0,0.0,0.0,0.0,0.0,0.0,0.0
850609,0.0,0.0,0.0,0.0,0.0,1.0,0.0
851082,0.0,2.0,0.0,0.0,0.0,1.0,0.0
851109,0.0,2.0,0.0,0.0,0.0,0.0,0.0
851582,0.0,0.0,0.0,0.0,0.0,0.0,0.0
851729,0.0,0.0,0.0,0.0,0.0,1.0,0.0
852229,0.0,0.0,0.0,0.0,0.0,0.0,0.0
852242,0.0,0.0,0.0,0.0,0.0,1.0,0.0
852392,0.0,0.0,0.0,0.0,0.0,2.0,0.0
852677,0.0,2.0,0.0,0.0,0.0,2.0,0.0
852892,0.0,2.0,0.0,0.0,0.0,0.0,0.0
853177,0.0,0.0,0.0,0.0,0.0,0.0,0.0
853254,0.0,0.0,0.0,0.0,0.0,1.0,0.0
853264,0.0,0.0,0.0,0.0,0.0,2.0,0.0
853764,0.0,0.0,0.0,0.0,0.0,0.0,0.0
855088,0.0,0.0,0.0,0.0,0.0,1.0,0.0
855588,0.0,0.0,0.0,0.0,0.0,0.0,0.0
856178,0.0,0.0,0.0,0.0,0.0,1.0,0.0
856678,0.0,0.0,0.0,0.0,0.0,0.0,0.0
856728,0.0,0.0,0.0,0.0,0.0,1.0,0.0
857228,0.0,0.0,0.0,0.0,0.0,0.0,0.0
858031,0.0,0.0,0.0,0.0,0.0,1.0,0.0
858034,0.0,0.0,0.0,0.0,0.0,2.0,0.0
858534,0.0,0.0,0.0,0.0,0.0,0.0,0.0
858607,0.0,0.0,0.0,0.0,0.0,1.0,0.0
859107,0.0,0.0,0.0,0.0,0.0,0.0,0.0
859167,0.0,0.0,0.0,0.0,0.0,1.0,0.0
859667,0.0,0.0,0.0,0.0,0.0,0.0,0.0
859729,0.0,0.0,0.0,0.0,0.0,1.0,0.0
860229,0.0,0.0,0.0,0.0,0.0,0.0,0.0
860301,0.0,0.0,0.0,0.0,0.0,1.0,0.0
860323,0.0,0.0,0.0,0.0,0.0,2.0,0.0
860823,0.0,0.0,0.0,0.0,0.0,0.0,0.0
861100,0.0,0.0,0.0,0.0,0.0,1.0,0.0
861600,0.0,0.0,0.0,0.0,0.0,0.0,0.0
861611,0.0,0.0,0.0,0.0,0.0,1.0,0.0
861618,0.0,0.0,0.0,0.0,0.0,2.0,0.0
862118,0.0,0.0,0.0,0.0,0.0,0.0,0.0
862967,0.0,0.0,0.0,0.0,0.0,1.0,0.0
863967,0.0,0.0,0.0,0.0,0.0,0.0,0.0
864049,0.0,0.0,0.0,0.0,0.0,1.0,0.0
864549,0.0,0.0,0.0,0.0,0.0,0.0,0.0
866066,0.0,0.0,0.0,0.0,0.0,1.0,0.0
866319,0.0,0.0,0.0,0.0,0.0,2.0,0.0
866819,0.0,0.0,0.0,0.0,0.0,0.0,0.0
867661,0.0,0.0,0.0,0.0,0.0,1.0,0.0
867664,0.0,0.0,0.0,0.0,0.0,2.0,0.0
868164,0.0,0.0,0.0,0.0,0.0,0.0,0.0
868790,0.0,0.0,0.0,0.0,0.0,1.0,0.0
868794,0.0,0.0,0.0,0.0,0.0,2.0,0.0
869294,0.0,0.0,0.0,0.0,0.0,0.0,0.0
869461,0.0,0.0,0.0,0.0,0.0,1.0,0.0
869467,0.0,0.0,0.0,0.0,0.0,2.0,0.0
869967,0.0,0.0,0.0,0.0,0.0,0.0,0.0
870899,0.0,0.0,0.0,0.0,0.0,1.0,0.0
871346,0.0,0.0,0.0,0.0,0.0,2.0,0.0
871846,0.0,0.0,0.0,0.0,0.0,0.0,0.0
873742,0.0,0.0,0.0,0.0,0.0,1.0,0.0
874242,0.0,0.0,0.0,0.0,0.0,0.0,0.0
874783,0.0,0.0,0.0,0.0,0.0,1.0,0.0
875283,0.0,0.0,0.0,0.0,0.0,0.0,0.0
875324,0.0,0.0,0.0,0.0,0.0,1.0,0.0
875327,0.0,0.0,0.0,0.0,0.0,2.0,0.0
875827,0.0,0.0,0.0,0.0,0.0,0.0,0.0
876205,0.0,0.0,0.0,0.0,0.0,1.0,0.0
876705,0.0,0.0,0.0,0.0,0.0,0.0,0.0
877305,0.0,0.0,0.0,0.0,0.0,1.0,0.0
877805,0.0,0.0,0.0,0.0,0.0,0.0,0.0
878441,0.0,0.0,0.0,0.0,0.0,1.0,0.0
878941,0.0,0.0,0.0,0.0,0.0,0.0,0.0
879041,0.0,0.0,0.0,0.0,0.0,1.0,0.0
879541,0.0,0.0,0.0,0.0,0.0,0.0,0.0
879563,0.0,0.0,0.0,0.0,0.0,1.0,0.0
880063,0.0,0.0,0.0,0.0,0.0,0.0,0.0
881070,0.0,0.0,0.0,0.0,0.0,1.0,0.0
881563,0.0,0.0,0.0,0.0,0.0,2.0,0.0
882063,0.0,0.0,0.0,0.0,0.0,0.0,0.0
882808,0.0,0.0,0.0,0.0,0.0,1.0,0.0
882858,0.0,0.0,0.0,0.0,0.0,2.0,0.0
883358,0.0,0.0,0.0,0.0,0.0,0.0,0.0
883670,0.0,0.0,0.0,0.0,0.0,1.0,0.0
884170,0.0,0.0,0.0,0.0,0.0,0.0,0.0
884507,0.0,0.0,0.0,0.0,0.0,1.0,0.0
885007,0.0,0.0,0.0,0.0,0.0,0.0,0.0
885281,0.0,0.0,0.0,0.0,0.0,1.0,0.0
885284,0.0,0.0,0.0,0.0,0.0,2.0,0.0
885784,0.0,0.0,0.0,0.0,0.0,0.0,0.0
885921,0.0,0.0,0.0,0.0,0.0,1.0,0.0
885937,0.0,0.0,0.0,0.0,0.0,2.0,0.0
886437,0.0,0.0,0.0,0.0,0.0,0.0,0.0
887282,0.0,0.0,0.0,0.0,0.0,1.0,0.0
887289,0.0,0.0,0.0,0.0,0.0,2.0,0.0
887542,0.0,2.0,0.0,0.0,0.0,2.0,0.0
887789,0.0,2.0,0.0,0.0,0.0,0.0,0.0
888042,0.0,0.0,0.0,0.0,0.0,0.0,0.0
888662,0.0,0.0,0.0,0.0,0.0,1.0,0.0
888757,0.0,0.0,0.0,0.0,0.0,2.0,0.0
889257,0.0,0.0,0.0,0.0,0.0,0.0,0.0
889712,0.0,0.0,0.0,0.0,0.0,1.0,0.0
890036,0.0,0.0,0.0,0.0,0.0,2.0,0.0
890536,0.0,0.0,0.0,0.0,0.0,0.0,0.0
890538,0.0,0.0,0.0,0.0,0.0,1.0,0.0
891038,0.0,0.0,0.0,0.0,0.0,0.0,0.0
891568,0.0,0.0,0.0,0.0,0.0,1.0,0.0
892076,0.0,0.0,0.0,0.0,0.0,2.0,0.0
892576,0.0,0.0,0.0,0.0,0.0,0.0,0.0
892850,0.0,0.0,0.0,0.0,0.0,1.0,0.0
893350,0.0,0.0,0.0,0.0,0.0,0.0,0.0
894353,0.0,0.0,0.0,0.0,0.0,1.0,0.0
894853,0.0,0.0,0.0,0.0,0.0,0.0,0.0
895672,0.0,0.0,0.0,0.0,0.0,1.0,0.0
896271,0.0,0.0,0.0,0.0,0.0,2.0,0.0
896771,0.0,0.0,0.0,0.0,0.0,0.0,0.0
897008,0.0,0.0,0.0,0.0,0.0,1.0,0.0
897050,0.0,0.0,0.0,0.0,1.0,1.0,0.0
897051,0.0,0.0,0.0,0.0,1.0,2.0,0.0
897550,0.0,0.0,0.0,0.0,0.0,2.0,0.0
897551,0.0,0.0,0.0,0.0,0.0,0.0,0.0
897554,0.0,0.0,0.0,0.0,0.0,1.0,0.0
898054,0.0,0.0,0.0,0.0,0.0,0.0,0.0
898488,0.0,0.0,0.0,0.0,0.0,1.0,0.0
898682,0.0,0.0,0.0,0.0,0.0,2.0,0.0
898687,0.0,2.0,0.0,0.0,0.0,2.0,0.0
899182,0.0,2.0,0.0,0.0,0.0,0.0,0.0
899187,0.0,0.0,0.0,0.0,0.0,0.0,0.0
899346,0.0,0.0,0.0,0.0,0.0,1.0,0.0
899846,0.0,0.0,0.0,0.0,0.0,0.0,0.0
900081,0.0,0.0,0.0,0.0,0.0,1.0,0.0
900101,0.0,0.0,0.0,0.0,0.0,2.0,0.0
900601,0.0,0.0,0.0,0.0,0.0,0.0,0.0
901972,0.0,0.0,0.0,0.0,0.0,1.0,0.0
902472,0.0,0.0,0.0,0.0,0.0,0.0,0.0
902555,0.0,0.0,0.0,0.0,0.0,1.0,0.0
903011,0.0,2.0,0.0,0.0,0.0,1.0,0.0
903055,0.0,2.0,0.0,0.0,0.0,0.0,0.0
903281,0.0,2.0,0.0,0.0,0.0,1.0,0.0
903296,0.0,2.0,0.0,0.0,0.0,2.0,0.0
903511,0.0,0.0,0.0,0.0,0.0,2.0,0.0
903796,0.0,0.0,0.0,0.0,0.0,0.0,0.0
904553,0.0,0.0,0.0,0.0,0.0,1.0,0.0
904556,0.0,0.0,0.0,0.0,0.0,2.0,0.0
905056,0.0,0.0,0.0,0.0,0.0,0.0,0.0
905628,0.0,0.0,0.0,0.0,0.0,1.0,0.0
906128,0.0,0.0,0.0,0.0,0.0,0.0,0.0
906194,0.0,0.0,0.0,0.0,0.0,1.0,0.0
906263,0.0,0.0,0.0,0.0,0.0,2.0,0.0
906324,0.0,2.0,0.0,0.0,0.0,2.0,0.0
906763,0.0,2.0,0.0,0.0,0.0,0.0,0.0
906824,0.0,0.0,0.0,0.0,0.0,0.0,0.0
907118,0.0,0.0,0.0,0.0,0.0,1.0,0.0
907121,0.0,0.0,0.0,0.0,0.0,2.0,0.0
907621,0.0,0.0,0.0,0.0,0.0,0.0,0.0
908613,0.0,0.0,0.0,0.0,1.0,0.0,0.0
909113,0.0,0.0,0.0,0.0,0.0,0.0,0.0
909575,0.0,0.0,0.0,0.0,0.0,1.0,0.0
910075,0.0,0.0,0.0,0.0,0.0,0.0,0.0
910410,0.0,0.0,0.0,0.0,0.0,1.0,0.0
910910,0.0,0.0,0.0,0.0,0.0,0.0,0.0
911248,0.0,0.0,0.0,0.0,1.0,0.0,0.0
911748,0.0,0.0,0.0,0.0,0.0,0.0,0.0
914860,0.0,0.0,0.0,0.0,0.0,1.0,0.0
915360,0.0,0.0,0.0,0.0,0.0,0.0,0.0
916789,0.0,0.0,0.0,0.0,0.0,1.0,0.0
917289,0.0,0.0,0.0,0.0,0.0,0.0,0.0
918122,0.0,0.0,0.0,0.0,0.0,1.0,0.0
918622,0.0,0.0,0.0,0.0,0.0,0.0,0.0
919770,0.0,0.0,0.0,0.0,0.0,1.0,0.0
920270,0.0,0.0,0.0,0.0,0.0,0.0,0.0
923616,0.0,0.0,0.0,0.0,0.0,1.0,0.0
924116,0.0,0.0,0.0,0.0,0.0,0.0,0.0
925425,0.0,0.0,0.0,0.0,0.0,1.0,0.0
925457,0.0,0.0,0.0,0.0,0.0,2.0,0.0
925957,0.0,0.0,0.0,0.0,0.0,0.0,0.0
932278,0.0,0.0,0.0,0.0,0.0,1.0,0.0
932778,0.0,0.0,0.0,0.0,0.0,0.0,0.0
935474,0.0,0.0,0.0,0.0,0.0,1.0,0.0
935974,0.0,0.0,0.0,0.0,0.0,0.0,0.0
937020,0.0,0.0,0.0,0.0,0.0,1.0,0.0
937520,0.0,0.0,0.0,0.0,0.0,0.0,0.0
938126,0.0,0.0,0.0,0.0,0.0,1.0,0.0
938626,0.0,0.0,0.0,0.0,0.0,0.0,0.0
939812,0.0,0.0,0.0,0.0,0.0,1.0,0.0
939814,0.0,0.0,0.0,0.0,0.0,2.0,0.0
940314,0.0,0.0,0.0,0.0,0.0,0.0,0.0
942143,0.0,0.0,0.0,0.0,0.0,1.0,0.0
942643,0.0,0.0,0.0,0.0,0.0,0.0,0.0
942803,0.0,0.0,0.0,0.0,0.0,1.0,0.0
943303,0.0,0.0,0.0,0.0,0.0,0.0,0.0
948273,0.0,0.0,0.0,0.0,0.0,1.0,0.0
948773,0.0,0.0,0.0,0.0,0.0,0.0,0.0
949596,0.0,0.0,0.0,0.0,0.0,1.0,0.0
950096,0.0,0.0,0.0,0.0,0.0,0.0,0.0
955967,0.0,0.0,0.0,0.0,0.0,1.0,0.0
956467,0.0,0.0,0.0,0.0,0.0,0.0,0.0
958291,0.0,0.0,0.0,0.0,0.0,1.0,0.0
958791,0.0,0.0,0.0,0.0,0.0,0.0,0.0
959291,0.0,0.0,0.0,0.0,0.0,1.0,0.0
959791,0.0,0.0,0.0,0.0,0.0,0.0,0.0
959858,0.0,0.0,0.0,0.0,0.0,1.0,0.0
960358,0.0,0.0,0.0,0.0,0.0,0.0,0.0
962647,0.0,0.0,0.0,0.0,0.0,1.0,0.0
963147,0.0,0.0,0.0,0.0,0.0,0.0,0.0
963326,0.0,0.0,0.0,0.0,0.0,1.0,0.0
963826,0.0,0.0,0.0,0.0,0.0,0.0,0.0
964027,0.0,0.0,0.0,0.0,0.0,1.0,0.0
964029,0.0,0.0,0.0,0.0,0.0,2.0,0.0
964529,0.0,0.0,0.0,0.0,0.0,0.0,0.0
965397,0.0,0.0,0.0,0.0,0.0,1.0,0.0
965897,0.0,0.0,0.0,0.0,0.0,0.0,0.0
966624,0.0,0.0,0.0,0.0,0.0,1.0,0.0
967124,0.0,0.0,0.0,0.0,0.0,0.0,0.0
969650,0.0,0.0,0.0,0.0,0.0,1.0,0.0
970150,0.0,0.0,0.0,0.0,0.0,0.0,0.0
970733,0.0,0.0,0.0,0.0,0.0,1.0,0.0
971233,0.0,0.0,0.0,0.0,0.0,0.0,0.0
973213,0.0,0.0,0.0,0.0,0.0,1.0,0.0
973713,0.0,0.0,0.0,0.0,0.0,0.0,0.0
977766,0.0,0.0,0.0,0.0,0.0,1.0,0.0
978266,0.0,0.0,0.0,0.0,0.0,0.0,0.0
978944,0.0,0.0,0.0,0.0,0.0,1.0,0.0
979444,0.0,0.0,0.0,0.0,0.0,0.0,0.0
981097,0.0,0.0,0.0,0.0,0.0,1.0,0.0
981597,0.0,0.0,0.0,0.0,0.0,0.0,0.0
983787,0.0,0.0,0.0,0.0,0.0,1.0,0.0
984287,0.0,0.0,0.0,0.0,0.0,0.0,0.0
984779,0.0,0.0,0.0,0.0,0.0,1.0,0.0
985279,0.0,0.0,0.0,0.0,0.0,0.0,0.0
990865,0.0,0.0,0.0,0.0,0.0,1.0,0.0
991365,0.0,0.0,0.0,0.0,0.0,0.0,0.0
992302,0.0,0.0,0.0,0.0,0.0,1.0,0.0
992802,0.0,0.0,0.0,0.0,0.0,0.0,0.0
995175,0.0,0.0,0.0,0.0,0.0,1.0,0.0
995675,0.0,0.0,0.0,0.0,0.0,0.0,0.0
997397,0.0,0.0,0.0,0.0,0.0,1.0,0.0
997897,0.0,0.0,0.0,0.0,0.0,0.0,0.0
998266,0.0,0.0,0.0,0.0,0.0,1.0,0.0
998766,0.0,0.0,0.0,0.0,0.0,0.0,0.0
999996,0.0,0.0,0.0,0.0,0.0,1.0,0.0
1000496,0.0,0.0,0.0,0.0,0.0,0.0,0.0
1003212,0.0,0.0,0.0,0.0,0.0,1.0,0.0
1003712,0.0,0.0,0.0,0.0,0.0,0.0,0.0
1005465,0.0,0.0,0.0,0.0,0.0,1.0,0.0
1005965,0.0,0.0,0.0,0.0,0.0,0.0,0.0
1007306,0.0,0.0,0.0,0.0,0.0,1.0,0.0
1007806,0.0,0.0,0.0,0.0,0.0,0.0,0.0
1009000,0.0,0.0,0.0,0.0,0.0,0.0,1.0
1009336,0.0,0.0,0.0,0.0,0.0,1.0,1.0
1009337,0.0,0.0,0.0,0.0,0.0,2.0,1.0
1009407,2.0,0.0,0.0,0.0,0.0,2.0,1.0
1009489,2.0,0.0,0.0,0.0,1.0,2.0,1.0
1009500,2.0,0.0,0.0,0.0,1.0,2.0,0.0
1009552,2.0,2.0,0.0,0.0,1.0,2.0,0.0
1009553,2.0,2.0,0.0,0.0,2.0,2.0,0.0
1009837,2.0,2.0,0.0,0.0,2.0,0.0,0.0
1009907,0.0,2.0,0.0,0.0,2.0,0.0,0.0
1009946,0.0,2.0,0.0,0.0,2.0,1.0,0.0
1009954,0.0,2.0,0.0,0.0,2.0,2.0,0.0
1010047,2.0,2.0,0.0,0.0,2.0,2.0,0.0
1010052,2.0,0.0,0.0,0.0,2.0,2.0,0.0
1010053,2.0,0.0,0.0,0.0,0.0,2.0,0.0
1010073,2.0,0.0,0.0,0.0,1.0,2.0,0.0
1010142,2.0,0.0,0.0,0.0,2.0,2.0,0.0
1010454,2.0,0.0,0.0,0.0,2.0,0.0,0.0
1010547,0.0,0.0,0.0,0.0,2.0,0.0,0.0
1010567,0.0,0.0,0.0,0.0,2.0,1.0,0.0
1010578,0.0,2.0,0.0,0.0,2.0,1.0,0.0
1010642,0.0,2.0,0.0,0.0,0.0,1.0,0.0
1010975,2.0,2.0,0.0,0.0,0.0,1.0,0.0
1010993,2.0,2.0,1.0,0.0,0.0,1.0,0.0
1011067,2.0,2.0,1.0,0.0,0.0,0.0,0.0
1011078,2.0,0.0,1.0,0.0,0.0,0.0,0.0
1011335,2.0,0.0,1.0,0.0,0.0,1.0,0.0
1011475,0.0,0.0,1.0,0.0,0.0,1.0,0.0
1011833,0.0,0.0,1.0,0.0,0.0,2.0,0.0
1012333,0.0,0.0,1.0,0.0,0.0,0.0,0.0
1012489,0.0,0.0,2.0,0.0,0.0,0.0,0.0
1012544,0.0,0.0,2.0,0.0,0.0,1.0,0.0
1012615,0.0,0.0,2.0,0.0,0.0,2.0,0.0
1012989,0.0,0.0,0.0,0.0,0.0,2.0,0.0
1013115,0.0,0.0,0.0,0.0,0.0,0.0,0.0
1013132,0.0,0.0,0.0,0.0,0.0,1.0,0.0
1013139,0.0,0.0,0.0,0.0,0.0,2.0,0.0
1013639,0.0,0.0,0.0,0.0,0.0,0.0,0.0
1013641,0.0,0.0,0.0,0.0,0.0,1.0,0.0
1014076,0.0,0.0,0.0,0.0,0.0,2.0,0.0
1014576,0.0,0.0,0.0,0.0,0.0,0.0,0.0
1014640,0.0,0.0,0.0,0.0,0.0,1.0,0.0
1015140,0.0,0.0,0.0,0.0,0.0,0.0,0.0
1016126,0.0,0.0,0.0,0.0,0.0,1.0,0.0
1016129,0.0,0.0,0.0,0.0,0.0,2.0,0.0
1016611,0.0,0.0,1.0,0.0,0.0,2.0,0.0
1016629,0.0,0.0,1.0,0.0,0.0,0.0,0.0
1017171,0.0,0.0,1.0,0.0,0.0,1.0,0.0
1017611,0.0,0.0,0.0,0.0,0.0,1.0,0.0
1017671,0.0,0.0,0.0,0.0,0.0,0.0,0.0
1017858,0.0,0.0,0.0,0.0,0.0,1.0,0.0
1018114,0.0,0.0,1.0,0.0,0.0,1.0,0.0
1018122,0.0,0.0,1.0,0.0,0.0,2.0,0.0
1018622,0.0,0.0,1.0,0.0,0.0,0.0,0.0
1018658,0.0,0.0,1.0,0.0,0.0,1.0,0.0
1018665,0.0,0.0,1.0,0.0,0.0,2.0,0.0
1018697,0.0,2.0,1.0,0.0,0.0,2.0,0.0
1019165,0.0,2.0,1.0,0.0,0.0,0.0,0.0
1019197,0.0,0.0,1.0,0.0,0.0,0.0,0.0
1020205,0.0,0.0,1.0,0.0,0.0,1.0,0.0
1020705,0.0,0.0,1.0,0.0,0.0,0.0,0.0
1022115,0.0,0.0,1.0,0.0,0.0,1.0,0.0
1022614,0.0,0.0,0.0,0.0,0.0,1.0,0.0
1022615,0.0,0.0,0.0,0.0,0.0,0.0,0.0
1022840,0.0,0.0,0.0,0.0,0.0,1.0,0.0
1023235,0.0,0.0,0.0,0.0,0.0,2.0,0.0
1023735,0.0,0.0,0.0,0.0,0.0,0.0,0.0
1023850,0.0,0.0,0.0,0.0,0.0,1.0,0.0
1024350,0.0,0.0,0.0,0.0,0.0,0.0,0.0
1024623,0.0,0.0,0.0,0.0,0.0,1.0,0.0
1025123,0.0,0.0,0.0,0.0,0.0,0.0,0.0
1025448,0.0,0.0,0.0,0.0,0.0,1.0,0.0
1025948,0.0,0.0,0.0,0.0,0.0,0.0,0.0
1026024,0.0,0.0,1.0,0.0,0.0,0.0,0.0
1026026,0.0,0.0,1.0,0.0,0.0,1.0,0.0
1026526,0.0,0.0,1.0,0.0,0.0,0.0,0.0
1026617,0.0,2.0,1.0,0.0,0.0,0.0,0.0
1026618,0.0,2.0,1.0,0.0,0.0,1.0,0.0
1027117,0.0,0.0,1.0,0.0,0.0,1.0,0.0
1027118,0.0,0.0,1.0,0.0,0.0,0.0,0.0
1027459,0.0,0.0,1.0,0.0,0.0,1.0,0.0
1027959,0.0,0.0,1.0,0.0,0.0,0.0,0.0
1028024,0.0,0.0,0.0,0.0,0.0,0.0,0.0
1028032,0.0,0.0,1.0,0.0,0.0,0.0,0.0
1028305,0.0,0.0,1.0,0.0,0.0,1.0,0.0
1028532,0.0,0.0,0.0,0.0,0.0,1.0,0.0
1028805,0.0,0.0,0.0,0.0,0.0,0.0,0.0
1028833,0.0,0.0,0.0,0.0,0.0,1.0,0.0
1028840,0.0,0.0,0.0,0.0,0.0,2.0,0.0
1029340,0.0,0.0,0.0,0.0,0.0,0.0,0.0
1029673,0.0,0.0,0.0,0.0,0.0,1.0,0.0
1030173,0.0,0.0,0.0,0.0,0.0,0.0,0.0
1030277,0.0,0.0,0.0,0.0,0.0,1.0,0.0
1030777,0.0,0.0,0.0,0.0,0.0,0.0,0.0
1031361,0.0,0.0,0.0,0.0,0.0,1.0,0.0
1032361,0.0,0.0,0.0,0.0,0.0,0.0,0.0
1032458,0.0,0.0,0.0,0.0,0.0,1.0,0.0
1032958,0.0,0.0,0.0,0.0,0.0,0.0,0.0
1033012,0.0,0.0,0.0,0.0,0.0,1.0,0.0
1033512,0.0,0.0,0.0,0.0,0.0,0.0,0.0
1033620,0.0,0.0,0.0,0.0,0.0,1.0,0.0
1033638,0.0,0.0,0.0,0.0,0.0,2.0,0.0
1034138,0.0,0.0,0.0,0.0,0.0,0.0,0.0
1034599,0.0,0.0,0.0,0.0,0.0,1.0,0.0
1034603,0.0,0.0,0.0,0.0,0.0,2.0,0.0
1035103,0.0,0.0,0.0,0.0,0.0,0.0,0.0
1036602,0.0,0.0,0.0,0.0,0.0,1.0,0.0
1036605,0.0,0.0,0.0,0.0,0.0,2.0,0.0
1037105,0.0,0.0,0.0,0.0,0.0,0.0,0.0
1037709,0.0,0.0,0.0,0.0,0.0,1.0,0.0
1037712,0.0,0.0,0.0,0.0,0.0,2.0,0.0
1038212,0.0,0.0,0.0,0.0,0.0,0.0,0.0
1038341,0.0,0.0,0.0,0.0,0.0,1.0,0.0
1038724,0.0,2.0,0.0,0.0,0.0,1.0,0.0
1038841,0.0,2.0,0.0,0.0,0.0,0.0,0.0
1038902,0.0,2.0,0.0,0.0,0.0,1.0,0.0
1038911,0.0,2.0,0.0,0.0,0.0,2.0,0.0
1039224,0.0,0.0,0.0,0.0,0.0,2.0,0.0
1039411,0.0,0.0,0.0,0.0,0.0,0.0,0.0
1040495,0.0,0.0,0.0,0.0,0.0,1.0,0.0
1040995,0.0,0.0,0.0,0.0,0.0,0.0,0.0
1041091,0.0,0.0,0.0,0.0,0.0,1.0,0.0
1041094,0.0,0.0,0.0,0.0,0.0,2.0,0.0
1041105,0.0,0.0,0.0,0.0,1.0,2.0,0.0
1041114,0.0,0.0,0.0,0.0,2.0,2.0,0.0
1041594,0.0,0.0,0.0,0.0,2.0,0.0,0.0
1041614,0.0,0.0,0.0,0.0,0.0,0.0,0.0
1042498,0.0,0.0,0.0,0.0,0.0,1.0,0.0
1042502,0.0,0.0,0.0,0.0,0.0,2.0,0.0
1042583,0.0,0.0,0.0,0.0,1.0,2.0,0.0
1042644,0.0,0.0,0.0,0.0,2.0,2.0,0.0
1043002,0.0,0.0,0.0,0.0,2.0,0.0,0.0
1043144,0.0,0.0,0.0,0.0,0.0,0.0,0.0
1044084,0.0,0.0,0.0,0.0,0.0,1.0,0.0
1044584,0.0,0.0,0.0,0.0,0.0,0.0,0.0
1044881,0.0,0.0,0.0,0.0,0.0,1.0,0.0
1044888,0.0,0.0,0.0,0.0,0.0,2.0,0.0
1045187,0.0,2.0,0.0,0.0,0.0,2.0,0.0
1045388,0.0,2.0,0.0,0.0,0.0,0.0,0.0
1045687,0.0,0.0,0.0,0.0,0.0,0.0,0.0
1045798,0.0,0.0,0.0,0.0,0.0,1.0,0.0
1046298,0.0,0.0,0.0,0.0,0.0,0.0,0.0
1046912,0.0,0.0,0.0,0.0,0.0,1.0,0.0
1047337,0.0,0.0,0.0,0.0,0.0,2.0,0.0
1047837,0.0,0.0,0.0,0.0,0.0,0.0,0.0
1048433,0.0,0.0,0.0,0.0,0.0,1.0,0.0
1048633,0.0,2.0,0.0,0.0,0.0,1.0,0.0
1048933,0.0,2.0,0.0,0.0,0.0,0.0,0.0
1049133,0.0,0.0,0.0,0.0,0.0,0.0,0.0
1049475,0.0,0.0,0.0,0.0,0.0,1.0,0.0
1049975,0.0,0.0,0.0,0.0,0.0,0.0,0.0
1049977,0.0,0.0,0.0,0.0,0.0,1.0,0.0
1049984,0.0,0.0,0.0,0.0,0.0,2.0,0.0
1050484,0.0,0.0,0.0,0.0,0.0,0.0,0.0
1050821,0.0,0.0,0.0,0.0,0.0,1.0,0.0
1051043,0.0,0.0,0.0,0.0,0.0,2.0,0.0
1051543,0.0,0.0,0.0,0.0,0.0,0.0,0.0
1051856,0.0,0.0,0.0,0.0,0.0,1.0,0.0
1052027,0.0,0.0,0.0,0.0,0.0,2.0,0.0
1052527,0.0,0.0,0.0,0.0,0.0,0.0,0.0
1052963,0.0,0.0,0.0,0.0,0.0,1.0,0.0
1053032,0.0,0.0,0.0,0.0,0.0,2.0,0.0
1053532,0.0,0.0,0.0,0.0,0.0,0.0,0.0
1053974,0.0,0.0,0.0,0.0,0.0,1.0,0.0
1054474,0.0,0.0,0.0,0.0,0.0,0.0,0.0
1055549,0.0,0.0,0.0,0.0,0.0,1.0,0.0
1056049,0.0,0.0,0.0,0.0,0.0,0.0,0.0
1056237,0.0,0.0,0.0,0.0,0.0,1.0,0.0
1056737,0.0,0.0,0.0,0.0,0.0,0.0,0.0
1056908,0.0,0.0,0.0,0.0,0.0,1.0,0.0
1056920,0.0,0.0,0.0,0.0,0.0,2.0,0.0
1057420,0.0,0.0,0.0,0.0,0.0,0.0,0.0
1057603,0.0,0.0,0.0,0.0,0.0,1.0,0.0
1058047,0.0,0.0,0.0,0.0,0.0,2.0,0.0
1058547,0.0,0.0,0.0,0.0,0.0,0.0,0.0
1058701,0.0,0.0,0.0,0.0,0.0,1.0,0.0
1059201,0.0,0.0,0.0,0.0,0.0,0.0,0.0
1059891,0.0,0.0,0.0,0.0,0.0,1.0,0.0
1060391,0.0,0.0,0.0,0.0,0.0,0.0,0.0
1061267,0.0,0.0,0.0,0.0,0.0,1.0,0.0
1061767,0.0,0.0,0.0,0.0,0.0,0.0,0.0
1062483,0.0,0.0,0.0,0.0,0.0,1.0,0.0
1062779,0.0,0.0,0.0,0.0,0.0,2.0,0.0
1063279,0.0,0.0,0.0,0.0,0.0,0.0,0.0
1063403,0.0,0.0,0.0,0.0,0.0,1.0,0.0
1063406,0.0,0.0,0.0,0.0,1.0,2.0,0.0
1063906,0.0,0.0,0.0,0.0,0.0,0.0,0.0
1064639,0.0,0.0,0.0,0.0,0.0,1.0,0.0
1065139,0.0,0.0,0.0,0.0,0.0,0.0,0.0
1065761,0.0,0.0,0.0,0.0,0.0,1.0,0.0
1066261,0.0,0.0,0.0,0.0,0.0,0.0,0.0
1066274,0.0,0.0,0.0,0.0,0.0,1.0,0.0
1066774,0.0,0.0,0.0,0.0,0.0,0.0,0.0
1067991,0.0,0.0,0.0,0.0,0.0,1.0,0.0
1068452,0.0,0.0,0.0,0.0,0.0,2.0,0.0
1068952,0.0,0.0,0.0,0.0,0.0,0.0,0.0
1069390,0.0,0.0,0.0,0.0,0.0,1.0,0.0
1069393,0.0,0.0,0.0,0.0,0.0,2.0,0.0
1069893,0.0,0.0,0.0,0.0,0.0,0.0,0.0
1070369,0.0,0.0,0.0,0.0,0.0,1.0,0.0
1070869,0.0,0.0,0.0,0.0,0.0,0.0,0.0
1071280,0.0,0.0,0.0,0.0,0.0,1.0,0.0
1071743,0.0,0.0,0.0,0.0,0.0,2.0,0.0
1072243,0.0,0.0,0.0,0.0,0.0,0.0,0.0
1072287,0.0,0.0,0.0,0.0,0.0,1.0,0.0
1072787,0.0,0.0,0.0,0.0,0.0,0.0,0.0
1073202,0.0,0.0,0.0,0.0,0.0,1.0,0.0
1073632,0.0,0.0,0.0,0.0,0.0,2.0,0.0
1073654,0.0,0.0,0.0,0.0,1.0,2.0,0.0
1073664,0.0,0.0,0.0,0.0,2.0,2.0,0.0
1074132,0.0,0.0,0.0,0.0,2.0,0.0,0.0
1074164,0.0,0.0,0.0,0.0,0.0,0.0,0.0
1075254,0.0,0.0,0.0,0.0,0.0,1.0,0.0
1075754,0.0,0.0,0.0,0.0,0.0,0.0,0.0
1076434,0.0,0.0,0.0,0.0,0.0,1.0,0.0
1076561,0.0,0.0,0.0,0.0,0.0,2.0,0.0
1077061,0.0,0.0,0.0,0.0,0.0,0.0,0.0
1077298,0.0,0.0,0.0,0.0,0.0,1.0,0.0
1077599,0.0,0.0,0.0,0.0,0.0,2.0,0.0
1077607,0.0,0.0,0.0,0.0,1.0,2.0,0.0
1078099,0.0,0.0,0.0,0.0,1.0,0.0,0.0
1078107,0.0,0.0,0.0,0.0,0.0,0.0,0.0
1078709,0.0,0.0,0.0,0.0,0.0,1.0,0.0
1078764,0.0,0.0,0.0,0.0,0.0,2.0,0.0
1079264,0.0,0.0,0.0,0.0,0.0,0.0,0.0
1080453,0.0,0.0,0.0,0.0,0.0,1.0,0.0
1080953,0.0,0.0,0.0,0.0,0.0,0.0,0.0
1082221,0.0,0.0,0.0,0.0,0.0,1.0,0.0
1082641,0.0,0.0,0.0,0.0,0.0,2.0,0.0
1083141,0.0,0.0,0.0,0.0,0.0,0.0,0.0
1083265,0.0,0.0,0.0,0.0,0.0,1.0,0.0
1083268,0.0,0.0,0.0,0.0,1.0,1.0,0.0
1083765,0.0,0.0,0.0,0.0,1.0,0.0,0.0
1083768,0.0,0.0,0.0,0.0,0.0,0.0,0.0
1083781,0.0,0.0,0.0,0.0,0.0,1.0,0.0
1084281,0.0,0.0,0.0,0.0,0.0,0.0,0.0
1084298,0.0,0.0,0.0,0.0,0.0,1.0,0.0
1084798,0.0,0.0,0.0,0.0,0.0,0.0,0.0
1085739,0.0,0.0,0.0,0.0,0.0,1.0,0.0
1086239,0.0,0.0,0.0,0.0,0.0,0.0,0.0
1086382,0.0,0.0,0.0,0.0,0.0,1.0,0.0
1086882,0.0,0.0,0.0,0.0,0.0,0.0,0.0
1086997,0.0,0.0,0.0,0.0,0.0,1.0,0.0
1087001,0.0,0.0,0.0,0.0,0.0,2.0,0.0
1087501,0.0,0.0,0.0,0.0,0.0,0.0,0.0
1088166,0.0,0.0,0.0,0.0,0.0,1.0,0.0
1088666,0.0,0.0,0.0,0.0,0.0,0.0,0.0
1088990,0.0,0.0,0.0,0.0,0.0,1.0,0.0
1089127,0.0,0.0,0.0,0.0,0.0,2.0,0.0
1089627,0.0,0.0,0.0,0.0,0.0,0.0,0.0
1090614,0.0,0.0,0.0,0.0,0.0,1.0,0.0
1091114,0.0,0.0,0.0,0.0,0.0,0.0,0.0
1092409,0.0,0.0,0.0,0.0,0.0,1.0,0.0
1092909,0.0,0.0,0.0,0.0,0.0,0.0,0.0
1093668,0.0,0.0,0.0,0.0,0.0,1.0,0.0
1094168,0.0,0.0,0.0,0.0,0.0,0.0,0.0
1094338,0.0,0.0,0.0,0.0,0.0,1.0,0.0
1094838,0.0,0.0,0.0,0.0,0.0,0.0,0.0
1095397,0.0,2.0,0.0,0.0,0.0,0.0,0.0
1095897,0.0,0.0,0.0,0.0,0.0,0.0,0.0
1096301,0.0,0.0,0.0,0.0,0.0,1.0,0.0
1096801,0.0,0.0,0.0,0.0,0.0,0.0,0.0
1097190,0.0,0.0,0.0,0.0,0.0,1.0,0.0
1097690,0.0,0.0,0.0,0.0,0.0,0.0,0.0
1097792,0.0,0.0,0.0,0.0,0.0,1.0,0.0
1097839,0.0,0.0,0.0,0.0,0.0,2.0,0.0
1098339,0.0,0.0,0.0,0.0,0.0,0.0,0.0
1099974,0.0,0.0,0.0,0.0,0.0,1.0,0.0
1100288,0.0,0.0,0.0,0.0,0.0,2.0,0.0
1100788,0.0,0.0,0.0,0.0,0.0,0.0,0.0
1101022,0.0,0.0,0.0,0.0,0.0,1.0,0.0
1101025,0.0,0.0,0.0,0.0,0.0,2.0,0.0
1101525,0.0,0.0,0.0,0.0,0.0,0.0,0.0
1102099,0.0,0.0,0.0,0.0,0.0,1.0,0.0
1102599,0.0,0.0,0.0,0.0,0.0,0.0,0.0
1102684,0.0,0.0,0.0,0.0,0.0,1.0,0.0
1103184,0.0,0.0,0.0,0.0,0.0,0.0,0.0
1103321,0.0,0.0,0.0,0.0,0.0,1.0,0.0
1103821,0.0,0.0,0.0,0.0,0.0,0.0,0.0
1103835,0.0,0.0,0.0,0.0,0.0,1.0,0.0
1104335,0.0,0.0,0.0,0.0,0.0,0.0,0.0
1104427,0.0,0.0,0.0,0.0,0.0,1.0,0.0
1104927,0.0,0.0,0.0,0.0,0.0,0.0,0.0
1105124,0.0,0.0,0.0,0.0,0.0,1.0,0.0
1105624,0.0,0.0,0.0,0.0,0.0,0.0,0.0
1105935,0.0,0.0,0.0,0.0,0.0,1.0,0.0
1106435,0.0,0.0,0.0,0.0,0.0,0.0,0.0
1106880,0.0,0.0,0.0,0.0,0.0,1.0,0.0
1107133,0.0,0.0,0.0,0.0,0.0,2.0,0.0
1107633,0.0,0.0,0.0,0.0,0.0,0.0,0.0
1109144,0.0,0.0,0.0,0.0,0.0,1.0,0.0
1109644,0.0,0.0,0.0,0.0,0.0,0.0,0.0
1109675,0.0,0.0,0.0,0.0,0.0,1.0,0.0
1109817,0.0,2.0,0.0,0.0,0.0,1.0,0.0
1109838,0.0,2.0,0.0,0.0,0.0,2.0,0.0
1110317,0.0,0.0,0.0,0.0,0.0,2.0,0.0
1110338,0.0,0.0,0.0,0.0,0.0,0.0,0.0
1110463,0.0,0.0,0.0,0.0,1.0,0.0,0.0
1110483,0.0,0.0,0.0,0.0,1.0,1.0,0.0
1110963,0.0,0.0,0.0,0.0,0.0,1.0,0.0
1110983,0.0,0.0,0.0,0.0,0.0,0.0,0.0
1111591,0.0,0.0,0.0,0.0,1.0,0.0,0.0
1111619,0.0,0.0,0.0,0.0,1.0,1.0,0.0
1112091,0.0,0.0,0.0,0.0,0.0,1.0,0.0
1112119,0.0,0.0,0.0,0.0,0.0,0.0,0.0
1116086,0.0,0.0,0.0,0.0,0.0,1.0,0.0
1116586,0.0,0.0,0.0,0.0,0.0,0.0,0.0
1116712,0.0,0.0,0.0,0.0,0.0,1.0,0.0
1117212,0.0,0.0,0.0,0.0,0.0,0.0,0.0
1119155,0.0,0.0,0.0,0.0,0.0,1.0,0.0
1119655,0.0,0.0,0.0,0.0,0.0,0.0,0.0
1119993,0.0,0.0,0.0,0.0,0.0,1.0,0.0
1119994,0.0,0.0,0.0,0.0,0.0,2.0,0.0
1120494,0.0,0.0,0.0,0.0,0.0,0.0,0.0
1121915,0.0,0.0,0.0,0.0,0.0,1.0,0.0
1122415,0.0,0.0,0.0,0.0,0.0,0.0,0.0
1126061,0.0,0.0,0.0,0.0,1.0,0.0,0.0
1126561,0.0,0.0,0.0,0.0,0.0,0.0,0.0
1131872,0.0,0.0,0.0,0.0,0.0,1.0,0.0
1131877,0.0,0.0,0.0,0.0,0.0,2.0,0.0
1132377,0.0,0.0,0.0,0.0,0.0,0.0,0.0
1136531,0.0,0.0,0.0,0.0,0.0,1.0,0.0
1137031,0.0,0.0,0.0,0.0,0.0,0.0,0.0
1138700,0.0,0.0,0.0,0.0,0.0,1.0,0.0
1138703,0.0,0.0,0.0,0.0,0.0,2.0,0.0
1139203,0.0,0.0,0.0,0.0,0.0,0.0,0.0
1139404,0.0,0.0,0.0,0.0,0.0,1.0,0.0
1139904,0.0,0.0,0.0,0.0,0.0,0.0,0.0
1140307,0.0,0.0,0.0,0.0,0.0,1.0,0.0
1140807,0.0,0.0,0.0,0.0,0.0,0.0,0.0
1142857,0.0,0.0,0.0,0.0,0.0,1.0,0.0
1143357,0.0,0.0,0.0,0.0,0.0,0.0,0.0
1148565,0.0,0.0,0.0,0.0,0.0,1.0,0.0
1149065,0.0,0.0,0.0,0.0,0.0,0.0,0.0
1155062,0.0,0.0,0.0,0.0,0.0,1.0,0.0
1155562,0.0,0.0,0.0,0.0,0.0,0.0,0.0
1155573,0.0,0.0,0.0,0.0,1.0,0.0,0.0
1155579,0.0,0.0,0.0,0.0,2.0,0.0,0.0
1155863,0.0,0.0,0.0,0.0,2.0,1.0,0.0
1156079,0.0,0.0,0.0,0.0,0.0,1.0,0.0
1156363,0.0,0.0,0.0,0.0,0.0,0.0,0.0
1157621,0.0,0.0,0.0,0.0,0.0,1.0,0.0
1158121,0.0,0.0,0.0,0.0,0.0,0.0,0.0
1159944,0.0,0.0,0.0,0.0,0.0,1.0,0.0
1160444,0.0,0.0,0.0,0.0,0.0,0.0,0.0
1160709,0.0,0.0,0.0,0.0,0.0,1.0,0.0
1161209,0.0,0.0,0.0,0.0,0.0,0.0,0.0
1161807,0.0,0.0,0.0,0.0,0.0,1.0,0.0
1162307,0.0,0.0,0.0,0.0,0.0,0.0,0.0
1162521,0.0,0.0,0.0,0.0,0.0,1.0,0.0
1163021,0.0,0.0,0.0,0.0,0.0,0.0,0.0
1165666,0.0,0.0,0.0,0.0,0.0,1.0,0.0
1166166,0.0,0.0,0.0,0.0,0.0,0.0,0.0
1168040,0.0,0.0,0.0,0.0,0.0,1.0,0.0
1168540,0.0,0.0,0.0,0.0,0.0,0.0,0.0
1170729,0.0,0.0,0.0,0.0,0.0,1.0,0.0
1171229,0.0,0.0,0.0,0.0,0.0,0.0,0.0
1171232,0.0,0.0,0.0,0.0,0.0,1.0,0.0
1171732,0.0,0.0,0.0,0.0,0.0,0.0,0.0
1173261,0.0,0.0,0.0,0.0,0.0,1.0,0.0
1173761,0.0,0.0,0.0,0.0,0.0,0.0,0.0
1176621,0.0,0.0,0.0,0.0,0.0,1.0,0.0
1176626,0.0,0.0,0.0,0.0,0.0,2.0,0.0
1177126,0.0,0.0,0.0,0.0,0.0,0.0,0.0
1182708,0.0,0.0,0.0,0.0,0.0,1.0,0.0
1183208,0.0,0.0,0.0,0.0,0.0,0.0,0.0
1183906,0.0,0.0,0.0,0.0,0.0,1.0,0.0
1183930,0.0,0.0,0.0,0.0,0.0,2.0,0.0
1184430,0.0,0.0,0.0,0.0,0.0,0.0,0.0
1185125,0.0,0.0,0.0,0.0,0.0,1.0,0.0
1185625,0.0,0.0,0.0,0.0,0.0,0.0,0.0
1186087,0.0,0.0,0.0,0.0,0.0,1.0,0.0
1186587,0.0,0.0,0.0,0.0,0.0,0.0,0.0
1187353,0.0,0.0,0.0,0.0,0.0,1.0,0.0
1187853,0.0,0.0,0.0,0.0,0.0,0.0,0.0
1187876,0.0,0.0,0.0,0.0,0.0,1.0,0.0
1188376,0.0,0.0,0.0,0.0,0.0,0.0,0.0
1190804,0.0,0.0,0.0,0.0,0.0,1.0,0.0
1191304,0.0,0.0,0.0,0.0,0.0,0.0,0.0
1195635,0.0,0.0,0.0,0.0,1.0,0.0,0.0
1196135,0.0,0.0,0.0,0.0,0.0,0.0,0.0
1196185,0.0,0.0,0.0,0.0,0.0,1.0,0.0
1196685,0.0,0.0,0.0,0.0,0.0,0.0,0.0
1198444,0.0,0.0,0.0,0.0,0.0,1.0,0.0
1198944,0.0,0.0,0.0,0.0,0.0,0.0,0.0
1199095,0.0,0.0,0.0,0.0,0.0,1.0,0.0
1199102,0.0,0.0,0.0,0.0,0.0,2.0,0.0
1199107,0.0,2.0,0.0,0.0,0.0,2.0,0.0
1199602,0.0,2.0,0.0,0.0,0.0,0.0,0.0
1199607,0.0,0.0,0.0,0.0,0.0,0.0,0.0
1200376,0.0,0.0,0.0,0.0,0.0,1.0,0.0
1200876,0.0,0.0,0.0,0.0,0.0,0.0,0.0
1201588,0.0,0.0,0.0,0.0,0.0,1.0,0.0
1201741,0.0,0.0,0.0,0.0,0.0,2.0,0.0
1202241,0.0,0.0,0.0,0.0,0.0,0.0,0.0
1203418,0.0,2.0,0.0,0.0,0.0,0.0,0.0
1203918,0.0,0.0,0.0,0.0,0.0,0.0,0.0
1204410,0.0,0.0,0.0,0.0,0.0,1.0,0.0
1204910,0.0,0.0,0.0,0.0,0.0,0.0,0.0
1205766,0.0,0.0,0.0,0.0,0.0,1.0,0.0
1206266,0.0,0.0,0.0,0.0,0.0,0.0,0.0
1207181,0.0,0.0,0.0,0.0,0.0,1.0,0.0
1207183,0.0,0.0,0.0,0.0,0.0,2.0,0.0
1207683,0.0,0.0,0.0,0.0,0.0,0.0,0.0
1211000,0.0,0.0,0.0,0.0,0.0,0.0,1.0
1211191,0.0,2.0,0.0,0.0,0.0,0.0,1.0
1211394,0.0,2.0,0.0,0.0,0.0,1.0,1.0
1211423,0.0,2.0,0.0,0.0,0.0,2.0,1.0
1211500,0.0,2.0,0.0,0.0,0.0,2.0,0.0
1211551,2.0,2.0,0.0,0.0,0.0,2.0,0.0
1211691,2.0,0.0,0.0,0.0,0.0,2.0,0.0
1211790,2.0,2.0,0.0,0.0,0.0,2.0,0.0
1211824,2.0,2.0,0.0,0.0,1.0,2.0,0.0
1211923,2.0,2.0,0.0,0.0,2.0,0.0,0.0
1212051,0.0,2.0,0.0,0.0,2.0,0.0,0.0
1212201,0.0,2.0,0.0,0.0,2.0,1.0,0.0
1212290,0.0,0.0,0.0,0.0,2.0,1.0,0.0
1212423,0.0,0.0,0.0,0.0,0.0,1.0,0.0
1212701,0.0,0.0,0.0,0.0,0.0,0.0,0.0
1213156,0.0,0.0,1.0,0.0,0.0,0.0,0.0
1213330,0.0,0.0,1.0,0.0,0.0,1.0,0.0
1213830,0.0,0.0,1.0,0.0,0.0,0.0,0.0
1213895,0.0,0.0,1.0,0.0,0.0,1.0,0.0
1213903,0.0,0.0,1.0,0.0,0.0,2.0,0.0
1214403,0.0,0.0,1.0,0.0,0.0,0.0,0.0
1214467,0.0,0.0,1.0,0.0,0.0,1.0,0.0
1214666,0.0,0.0,2.0,0.0,0.0,1.0,0.0
1214674,0.0,0.0,2.0,0.0,0.0,2.0,0.0
1215166,0.0,0.0,0.0,0.0,0.0,2.0,0.0
1215174,0.0,0.0,0.0,0.0,0.0,0.0,0.0
1215475,0.0,0.0,0.0,0.0,0.0,1.0,0.0
1215573,0.0,0.0,0.0,0.0,0.0,2.0,0.0
1215626,0.0,0.0,1.0,0.0,0.0,2.0,0.0
1216073,0.0,0.0,1.0,0.0,0.0,0.0,0.0
1216143,0.0,0.0,1.0,0.0,0.0,1.0,0.0
1216643,0.0,0.0,1.0,0.0,0.0,0.0,0.0
1216737,0.0,0.0,1.0,0.0,0.0,1.0,0.0
1217126,0.0,0.0,0.0,0.0,0.0,1.0,0.0
1217217,0.0,0.0,1.0,0.0,0.0,1.0,0.0
1217237,0.0,0.0,1.0,0.0,0.0,0.0,0.0
1217685,0.0,0.0,1.0,0.0,0.0,1.0,0.0
1218185,0.0,0.0,1.0,0.0,0.0,0.0,0.0
1218217,0.0,0.0,0.0,0.0,0.0,0.0,0.0
1218220,0.0,0.0,1.0,0.0,0.0,0.0,0.0
1218291,0.0,0.0,1.0,0.0,0.0,1.0,0.0
1218316,0.0,0.0,1.0,0.0,0.0,2.0,0.0
1218459,0.0,2.0,1.0,0.0,0.0,2.0,0.0
1218816,0.0,2.0,1.0,0.0,0.0,0.0,0.0
1218959,0.0,0.0,1.0,0.0,0.0,0.0,0.0
1219262,0.0,0.0,1.0,0.0,0.0,1.0,0.0
1219272,0.0,0.0,1.0,0.0,0.0,2.0,0.0
1219720,0.0,0.0,0.0,0.0,0.0,2.0,0.0
1219772,0.0,0.0,0.0,0.0,0.0,0.0,0.0
1219830,0.0,0.0,0.0,0.0,0.0,1.0,0.0
1219833,0.0,0.0,0.0,0.0,0.0,2.0,0.0
1220333,0.0,0.0,0.0,0.0,0.0,0.0,0.0
1220725,0.0,0.0,0.0,0.0,0.0,1.0,0.0
1220845,0.0,0.0,0.0,0.0,0.0,2.0,0.0
1221345,0.0,0.0,0.0,0.0,0.0,0.0,0.0
1221459,0.0,0.0,0.0,0.0,0.0,1.0,0.0
1221959,0.0,0.0,0.0,0.0,0.0,0.0,0.0
1222321,0.0,0.0,0.0,0.0,0.0,1.0,0.0
1222821,0.0,0.0,0.0,0.0,0.0,0.0,0.0
1223561,0.0,0.0,0.0,0.0,0.0,1.0,0.0
1224061,0.0,0.0,0.0,0.0,0.0,0.0,0.0
1224068,0.0,0.0,0.0,0.0,0.0,1.0,0.0
1224195,0.0,0.0,0.0,0.0,0.0,2.0,0.0
1224695,0.0,0.0,0.0,0.0,0.0,0.0,0.0
1224773,0.0,0.0,0.0,0.0,0.0,1.0,0.0
1224777,0.0,0.0,0.0,0.0,0.0,2.0,0.0
1225277,0.0,0.0,0.0,0.0,0.0,0.0,0.0
1226001,0.0,2.0,0.0,0.0,0.0,1.0,0.0
1226041,0.0,2.0,0.0,0.0,0.0,2.0,0.0
1226501,0.0,0.0,0.0,0.0,0.0,2.0,0.0
1226541,0.0,0.0,0.0,0.0,0.0,0.0,0.0
1226699,0.0,0.0,0.0,0.0,0.0,1.0,0.0
1227179,0.0,0.0,0.0,0.0,0.0,2.0,0.0
1227679,0.0,0.0,0.0,0.0,0.0,0.0,0.0
1228043,0.0,0.0,0.0,0.0,0.0,1.0,0.0
1228543,0.0,0.0,0.0,0.0,0.0,0.0,0.0
1228961,0.0,0.0,0.0,0.0,0.0,1.0,0.0
1228965,0.0,0.0,0.0,0.0,0.0,2.0,0.0
1228980,0.0,0.0,0.0,0.0,1.0,2.0,0.0
1229465,0.0,0.0,0.0,0.0,1.0,0.0,0.0
1229471,0.0,0.0,0.0,0.0,1.0,1.0,0.0
1229480,0.0,0.0,0.0,0.0,0.0,1.0,0.0
1229792,0.0,0.0,0.0,0.0,0.0,2.0,0.0
1230292,0.0,0.0,0.0,0.0,0.0,0.0,0.0
1230887,0.0,0.0,0.0,0.0,0.0,1.0,0.0
1231387,0.0,0.0,0.0,0.0,0.0,0.0,0.0
1232122,0.0,0.0,0.0,0.0,0.0,1.0,0.0
1232611,0.0,0.0,0.0,0.0,0.0,2.0,0.0
1233111,0.0,0.0,0.0,0.0,0.0,0.0,0.0
1233658,0.0,0.0,0.0,0.0,0.0,1.0,0.0
1234158,0.0,0.0,0.0,0.0,0.0,0.0,0.0
1234215,0.0,0.0,0.0,0.0,0.0,1.0,0.0
1234338,0.0,0.0,0.0,0.0,0.0,2.0,0.0
1234838,0.0,0.0,0.0,0.0,0.0,0.0,0.0
1234949,0.0,0.0,0.0,0.0,0.0,1.0,0.0
1235149,0.0,0.0,0.0,0.0,0.0,2.0,0.0
1235649,0.0,0.0,0.0,0.0,0.0,0.0,0.0
1235676,0.0,0.0,0.0,0.0,0.0,1.0,0.0
1236176,0.0,0.0,0.0,0.0,0.0,0.0,0.0
1236370,0.0,0.0,0.0,0.0,0.0,1.0,0.0
1236748,0.0,0.0,0.0,0.0,0.0,2.0,0.0
1237248,0.0,0.0,0.0,0.0,0.0,0.0,0.0
1237396,0.0,0.0,0.0,0.0,0.0,1.0,0.0
1237896,0.0,0.0,0.0,0.0,0.0,0.0,0.0
1239417,0.0,0.0,0.0,0.0,0.0,1.0,0.0
1239427,0.0,0.0,0.0,0.0,0.0,2.0,0.0
1239443,0.0,0.0,0.0,0.0,1.0,2.0,0.0
1239927,0.0,0.0,0.0,0.0,1.0,0.0,0.0
1239943,0.0,0.0,0.0,0.0,0.0,0.0,0.0
1240039,0.0,0.0,0.0,0.0,0.0,1.0,0.0
1240539,0.0,0.0,0.0,0.0,0.0,0.0,0.0
1240771,0.0,0.0,0.0,0.0,0.0,1.0,0.0
1240777,0.0,0.0,0.0,0.0,0.0,2.0,0.0
1241277,0.0,0.0,0.0,0.0,0.0,0.0,0.0
1241357,0.0,0.0,0.0,0.0,0.0,1.0,0.0
1241836,0.0,0.0,0.0,0.0,0.0,2.0,0.0
1242336,0.0,0.0,0.0,0.0,0.0,0.0,0.0
1242477,0.0,0.0,0.0,0.0,0.0,1.0,0.0
1242977,0.0,0.0,0.0,0.0,0.0,0.0,0.0
1243692,0.0,0.0,0.0,0.0,0.0,1.0,0.0
1243758,0.0,0.0,0.0,0.0,0.0,2.0,0.0
1243759,0.0,0.0,0.0,0.0,1.0,2.0,0.0
1244258,0.0,0.0,0.0,0.0,1.0,0.0,0.0
1244259,0.0,0.0,0.0,0.0,0.0,0.0,0.0
1244932,0.0,0.0,0.0,0.0,0.0,1.0,0.0
1245116,0.0,0.0,0.0,0.0,0.0,2.0,0.0
1245616,0.0,0.0,0.0,0.0,0.0,0.0,0.0
1245722,0.0,0.0,0.0,0.0,0.0,1.0,0.0
1246222,0.0,0.0,0.0,0.0,0.0,0.0,0.0
1246294,0.0,0.0,0.0,0.0,0.0,1.0,0.0
1246794,0.0,0.0,0.0,0.0,0.0,0.0,0.0
1246802,0.0,0.0,0.0,0.0,0.0,1.0,0.0
1246805,0.0,0.0,0.0,0.0,0.0,2.0,0.0
1247305,0.0,0.0,0.0,0.0,0.0,0.0,0.0
1247548,0.0,0.0,0.0,0.0,0.0,1.0,0.0
1248048,0.0,0.0,0.0,0.0,0.0,0.0,0.0
1248161,0.0,0.0,0.0,0.0,0.0,1.0,0.0
1248661,0.0,0.0,0.0,0.0,0.0,0.0,0.0
1249227,0.0,0.0,0.0,0.0,0.0,1.0,0.0
1249727,0.0,0.0,0.0,0.0,0.0,0.0,0.0
1249948,0.0,0.0,0.0,0.0,0.0,1.0,0.0
1250448,0.0,0.0,0.0,0.0,0.0,0.0,0.0
1250640,0.0,0.0,0.0,0.0,0.0,1.0,0.0
1251140,0.0,0.0,0.0,0.0,0.0,0.0,0.0
1251397,0.0,0.0,0.0,0.0,0.0,1.0,0.0
1251897,0.0,0.0,0.0,0.0,0.0,0.0,0.0
1252254,0.0,0.0,0.0,0.0,0.0,1.0,0.0
1252260,0.0,0.0,0.0,0.0,0.0,2.0,0.0
1252760,0.0,0.0,0.0,0.0,0.0,0.0,0.0
1252897,0.0,0.0,0.0,0.0,0.0,1.0,0.0
1253022,0.0,0.0,0.0,0.0,0.0,2.0,0.0
1253522,0.0,0.0,0.0,0.0,0.0,0.0,0.0
1253696,0.0,0.0,0.0,0.0,0.0,1.0,0.0
1254196,0.0,0.0,0.0,0.0,0.0,0.0,0.0
1254710,0.0,0.0,0.0,0.0,0.0,1.0,0.0
1254717,0.0,0.0,0.0,0.0,0.0,2.0,0.0
1255217,0.0,0.0,0.0,0.0,0.0,0.0,0.0
1256334,0.0,0.0,0.0,0.0,0.0,1.0,0.0
1256834,0.0,0.0,0.0,0.0,0.0,0.0,0.0
1257344,0.0,0.0,0.0,0.0,0.0,1.0,0.0
1257350,0.0,0.0,0.0,0.0,0.0,2.0,0.0
1257850,0.0,0.0,0.0,0.0,0.0,0.0,0.0
1257969,0.0,0.0,0.0,0.0,0.0,1.0,0.0
1258469,0.0,0.0,0.0,0.0,0.0,0.0,0.0
1258716,0.0,0.0,0.0,0.0,0.0,1.0,0.0
1259216,0.0,0.0,0.0,0.0,0.0,0.0,0.0
1260229,0.0,0.0,0.0,0.0,0.0,1.0,0.0
1260729,0.0,0.0,0.0,0.0,0.0,0.0,0.0
1260909,0.0,0.0,0.0,0.0,0.0,1.0,0.0
1261263,0.0,0.0,0.0,0.0,0.0,2.0,0.0
1261763,0.0,0.0,0.0,0.0,0.0,0.0,0.0
1262056,0.0,0.0,0.0,0.0,0.0,1.0,0.0
1262556,0.0,0.0,0.0,0.0,0.0,0.0,0.0
1262719,0.0,0.0,0.0,0.0,0.0,1.0,0.0
1263219,0.0,0.0,0.0,0.0,0.0,0.0,0.0
1264265,0.0,0.0,0.0,0.0,0.0,1.0,0.0
1264740,0.0,0.0,0.0,0.0,0.0,2.0,0.0
1264743,0.0,0.0,0.0,0.0,1.0,2.0,0.0
1265240,0.0,0.0,0.0,0.0,1.0,0.0,0.0
1265243,0.0,0.0,0.0,0.0,0.0,0.0,0.0
1266201,0.0,0.0,0.0,0.0,0.0,1.0,0.0
1266701,0.0,0.0,0.0,0.0,0.0,0.0,0.0
1267514,0.0,0.0,0.0,0.0,0.0,1.0,0.0
1267521,0.0,0.0,0.0,0.0,0.0,2.0,0.0
1268021,0.0,0.0,0.0,0.0,0.0,0.0,0.0
1268212,0.0,0.0,0.0,0.0,0.0,1.0,0.0
1268712,0.0,0.0,0.0,0.0,0.0,0.0,0.0
1269212,0.0,0.0,0.0,0.0,0.0,1.0,0.0
1269215,0.0,0.0,0.0,0.0,0.0,2.0,0.0
1269715,0.0,0.0,0.0,0.0,0.0,0.0,0.0
1271340,0.0,0.0,0.0,0.0,0.0,1.0,0.0
1271840,0.0,0.0,0.0,0.0,0.0,0.0,0.0
1272709,0.0,0.0,0.0,0.0,0.0,1.0,0.0
1273209,0.0,0.0,0.0,0.0,0.0,0.0,0.0
1273423,0.0,0.0,0.0,0.0,0.0,1.0,0.0
1273427,0.0,0.0,0.0,0.0,0.0,2.0,0.0
1273896,0.0,0.0,0.0,0.0,1.0,2.0,0.0
1273927,0.0,0.0,0.0,0.0,1.0,0.0,0.0
1274396,0.0,0.0,0.0,0.0,0.0,0.0,0.0
1274485,0.0,0.0,0.0,0.0,0.0,1.0,0.0
1274985,0.0,0.0,0.0,0.0,0.0,0.0,0.0
1275185,0.0,0.0,0.0,0.0,0.0,1.0,0.0
1275685,0.0,0.0,0.0,0.0,0.0,0.0,0.0
1276020,0.0,0.0,0.0,0.0,0.0,1.0,0.0
1276520,0.0,0.0,0.0,0.0,0.0,0.0,0.0
1276994,0.0,0.0,0.0,0.0,0.0,1.0,0.0
1277071,0.0,0.0,0.0,0.0,0.0,2.0,0.0
1277571,0.0,0.0,0.0,0.0,0.0,0.0,0.0
1277869,0.0,0.0,0.0,0.0,0.0,1.0,0.0
1278369,0.0,0.0,0.0,0.0,0.0,0.0,0.0
1278448,0.0,0.0,0.0,0.0,0.0,1.0,0.0
1278948,0.0,0.0,0.0,0.0,0.0,0.0,0.0
1279028,0.0,0.0,0.0,0.0,0.0,1.0,0.0
1279031,0.0,0.0,0.0,0.0,0.0,2.0,0.0
1279531,0.0,0.0,0.0,0.0,0.0,0.0,0.0
1279827,0.0,0.0,0.0,0.0,0.0,1.0,0.0
1280129,0.0,0.0,0.0,0.0,0.0,2.0,0.0
1280629,0.0,0.0,0.0,0.0,0.0,0.0,0.0
1280685,0.0,0.0,0.0,0.0,0.0,1.0,0.0
1281185,0.0,0.0,0.0,0.0,0.0,0.0,0.0
1281437,0.0,0.0,0.0,0.0,0.0,1.0,0.0
1281937,0.0,0.0,0.0,0.0,0.0,0.0,0.0
1282253,0.0,0.0,0.0,0.0,0.0,1.0,0.0
1282267,0.0,0.0,0.0,0.0,0.0,2.0,0.0
1282679,0.0,0.0,0.0,0.0,1.0,2.0,0.0
1282767,0.0,0.0,0.0,0.0,1.0,0.0,0.0
1282934,0.0,0.0,0.0,0.0,2.0,0.0,0.0
1283013,0.0,2.0,0.0,0.0,2.0,0.0,0.0
1283434,0.0,2.0,0.0,0.0,0.0,0.0,0.0
1283513,0.0,0.0,0.0,0.0,0.0,0.0,0.0
1283534,0.0,0.0,0.0,0.0,0.0,1.0,0.0
1284034,0.0,0.0,0.0,0.0,0.0,0.0,0.0
1284147,0.0,0.0,0.0,0.0,0.0,1.0,0.0
1284173,0.0,2.0,0.0,0.0,0.0,1.0,0.0
1284647,0.0,2.0,0.0,0.0,0.0,0.0,0.0
1284673,0.0,0.0,0.0,0.0,0.0,0.0,0.0
1284871,0.0,0.0,0.0,0.0,0.0,1.0,0.0
1285371,0.0,0.0,0.0,0.0,0.0,0.0,0.0
1285865,0.0,0.0,0.0,0.0,0.0,1.0,0.0
1286365,0.0,0.0,0.0,0.0,0.0,0.0,0.0
1286526,0.0,0.0,0.0,0.0,0.0,1.0,0.0
1286543,0.0,0.0,0.0,0.0,0.0,2.0,0.0
1287043,0.0,0.0,0.0,0.0,0.0,0.0,0.0
1287074,0.0,0.0,0.0,0.0,0.0,1.0,0.0
1287510,0.0,0.0,0.0,0.0,0.0,2.0,0.0
1288010,0.0,0.0,0.0,0.0,0.0,0.0,0.0
1288621,0.0,0.0,0.0,0.0,0.0,1.0,0.0
1288624,0.0,0.0,0.0,0.0,0.0,2.0,0.0
1288934,0.0,2.0,0.0,0.0,0.0,2.0,0.0
1289124,0.0,2.0,0.0,0.0,0.0,0.0,0.0
1289434,0.0,0.0,0.0,0.0,0.0,0.0,0.0
1289498,0.0,0.0,0.0,0.0,0.0,1.0,0.0
1289998,0.0,0.0,0.0,0.0,0.0,0.0,0.0
1290696,0.0,0.0,0.0,0.0,0.0,1.0,0.0
1291196,0.0,0.0,0.0,0.0,0.0,0.0,0.0
1291426,0.0,0.0,0.0,0.0,0.0,1.0,0.0
1291926,0.0,0.0,0.0,0.0,0.0,0.0,0.0
1292371,0.0,0.0,0.0,0.0,0.0,1.0,0.0
1292871,0.0,0.0,0.0,0.0,0.0,0.0,0.0
1294000,0.0,0.0,0.0,0.0,0.0,1.0,0.0
1294500,0.0,0.0,0.0,0.0,0.0,0.0,0.0
1294553,0.0,0.0,0.0,0.0,0.0,1.0,0.0
1295053,0.0,0.0,0.0,0.0,0.0,0.0,0.0
1295504,0.0,0.0,0.0,0.0,0.0,1.0,0.0
1295577,0.0,0.0,0.0,0.0,0.0,2.0,0.0
1296077,0.0,0.0,0.0,0.0,0.0,0.0,0.0
1296907,0.0,0.0,0.0,0.0,0.0,1.0,0.0
1297298,0.0,0.0,0.0,0.0,0.0,2.0,0.0
1297798,0.0,0.0,0.0,0.0,0.0,0.0,0.0
1299196,0.0,0.0,0.0,0.0,0.0,1.0,0.0
1299696,0.0,0.0,0.0,0.0,0.0,0.0,0.0
1302804,0.0,0.0,0.0,0.0,0.0,1.0,0.0
1302808,0.0,0.0,0.0,0.0,0.0,2.0,0.0
1303308,0.0,0.0,0.0,0.0,0.0,0.0,0.0
1303468,0.0,0.0,0.0,0.0,0.0,1.0,0.0
1303826,0.0,0.0,0.0,0.0,0.0,2.0,0.0
1304326,0.0,0.0,0.0,0.0,0.0,0.0,0.0
1304582,0.0,0.0,0.0,0.0,0.0,1.0,0.0
1305082,0.0,0.0,0.0,0.0,0.0,0.0,0.0
1305487,0.0,2.0,0.0,0.0,0.0,0.0,0.0
1305987,0.0,0.0,0.0,0.0,0.0,0.0,0.0
1306042,0.0,0.0,0.0,0.0,0.0,1.0,0.0
1306542,0.0,0.0,0.0,0.0,0.0,0.0,0.0
1306830,0.0,0.0,0.0,0.0,0.0,1.0,0.0
1307330,0.0,0.0,0.0,0.0,0.0,0.0,0.0
1308682,0.0,0.0,0.0,0.0,0.0,1.0,0.0
1309101,0.0,0.0,0.0,0.0,0.0,2.0,0.0
1309601,0.0,0.0,0.0,0.0,0.0,0.0,0.0
1310926,0.0,0.0,0.0,0.0,0.0,1.0,0.0
1311426,0.0,0.0,0.0,0.0,0.0,0.0,0.0
1311428,0.0,0.0,0.0,0.0,0.0,1.0,0.0
1311801,0.0,0.0,0.0,0.0,0.0,2.0,0.0
1312301,0.0,0.0,0.0,0.0,0.0,0.0,0.0
1316656,0.0,0.0,0.0,0.0,0.0,1.0,0.0
1316658,0.0,0.0,0.0,0.0,0.0,2.0,0.0
1317158,0.0,0.0,0.0,0.0,0.0,0.0,0.0
1318748,0.0,0.0,0.0,0.0,0.0,1.0,0.0
1319248,0.0,0.0,0.0,0.0,0.0,0.0,0.0
1321310,0.0,0.0,0.0,0.0,0.0,1.0,0.0
1321810,0.0,0.0,0.0,0.0,0.0,0.0,0.0
1322421,0.0,0.0,0.0,0.0,0.0,1.0,0.0
1322921,0.0,0.0,0.0,0.0,0.0,0.0,0.0
1322977,0.0,0.0,0.0,0.0,0.0,1.0,0.0
1323477,0.0,0.0,0.0,0.0,0.0,0.0,0.0
1323899,0.0,0.0,0.0,0.0,0.0,1.0,0.0
1324399,0.0,0.0,0.0,0.0,0.0,0.0,0.0
1325705,0.0,0.0,0.0,0.0,1.0,0.0,0.0
1325706,0.0,0.0,0.0,0.0,2.0,0.0,0.0
1326206,0.0,0.0,0.0,0.0,0.0,0.0,0.0
1327235,0.0,0.0,0.0,0.0,0.0,1.0,0.0
1327735,0.0,0.0,0.0,0.0,0.0,0.0,0.0
1327895,0.0,0.0,0.0,0.0,0.0,1.0,0.0
1328395,0.0,0.0,0.0,0.0,0.0,0.0,0.0
1328634,0.0,0.0,0.0,0.0,0.0,1.0,0.0
1329134,0.0,0.0,0.0,0.0,0.0,0.0,0.0
1330362,0.0,0.0,0.0,0.0,0.0,1.0,0.0
1330862,0.0,0.0,0.0,0.0,0.0,0.0,0.0
1331174,0.0,0.0,0.0,0.0,0.0,1.0,0.0
1331674,0.0,0.0,0.0,0.0,0.0,0.0,0.0
1331985,0.0,0.0,0.0,0.0,0.0,1.0,0.0
1332485,0.0,0.0,0.0,0.0,0.0,0.0,0.0
1333686,0.0,0.0,0.0,0.0,0.0,1.0,0.0
1334186,0.0,0.0,0.0,0.0,0.0,0.0,0.0
1336076,0.0,0.0,0.0,0.0,0.0,1.0,0.0
1336576,0.0,0.0,0.0,0.0,0.0,0.0,0.0
1336986,0.0,0.0,0.0,0.0,0.0,1.0,0.0
1336995,0.0,0.0,0.0,0.0,0.0,2.0,0.0
1337495,0.0,0.0,0.0,0.0,0.0,0.0,0.0
1339406,0.0,0.0,0.0,0.0,0.0,1.0,0.0
1339906,0.0,0.0,0.0,0.0,0.0,0.0,0.0
1343158,0.0,0.0,0.0,0.0,0.0,1.0,0.0
1343658,0.0,0.0,0.0,0.0,0.0,0.0,0.0
1344897,0.0,0.0,0.0,0.0,0.0,1.0,0.0
1345397,0.0,0.0,0.0,0.0,0.0,0.0,0.0
1345471,0.0,0.0,0.0,0.0,0.0,1.0,0.0
1345971,0.0,0.0,0.0,0.0,0.0,0.0,0.0
1346369,0.0,0.0,0.0,0.0,0.0,1.0,0.0
1346869,0.0,0.0,0.0,0.0,0.0,0.0,0.0
1346959,0.0,0.0,0.0,0.0,0.0,1.0,0.0
1347459,0.0,0.0,0.0,0.0,0.0,0.0,0.0
1349656,0.0,0.0,0.0,0.0,0.0,1.0,0.0
1350156,0.0,0.0,0.0,0.0,0.0,0.0,0.0
1352088,0.0,0.0,0.0,0.0,0.0,1.0,0.0
1352122,0.0,0.0,0.0,0.0,0.0,2.0,0.0
1352622,0.0,0.0,0.0,0.0,0.0,0.0,0.0
1354092,0.0,0.0,0.0,0.0,0.0,1.0,0.0
1354592,0.0,0.0,0.0,0.0,0.0,0.0,0.0
1360153,0.0,0.0,0.0,0.0,1.0,1.0,0.0
1360156,0.0,0.0,0.0,0.0,1.0,2.0,0.0
1360653,0.0,0.0,0.0,0.0,0.0,2.0,0.0
1360656,0.0,0.0,0.0,0.0,0.0,0.0,0.0
1361653,0.0,0.0,0.0,0.0,1.0,1.0,0.0
1362153,0.0,0.0,0.0,0.0,0.0,0.0,0.0
1363842,0.0,0.0,0.0,0.0,0.0,1.0,0.0
1364342,0.0,0.0,0.0,0.0,0.0,0.0,0.0
1366646,0.0,0.0,0.0,0.0,0.0,1.0,0.0
1367146,0.0,0.0,0.0,0.0,0.0,0.0,0.0
1368423,0.0,0.0,0.0,0.0,0.0,1.0,0.0
1368923,0.0,0.0,0.0,0.0,0.0,0.0,0.0
1369829,0.0,0.0,0.0,0.0,0.0,1.0,0.0
1370329,0.0,0.0,0.0,0.0,0.0,0.0,0.0
1370988,0.0,0.0,0.0,0.0,0.0,1.0,0.0
1371488,0.0,0.0,0.0,0.0,0.0,0.0,0.0
1372712,0.0,0.0,0.0,0.0,0.0,1.0,0.0
1373212,0.0,0.0,0.0,0.0,0.0,0.0,0.0
1376811,0.0,0.0,0.0,0.0,0.0,1.0,0.0
1377311,0.0,0.0,0.0,0.0,0.0,0.0,0.0
1379359,0.0,0.0,0.0,0.0,0.0,1.0,0.0
1379859,0.0,0.0,0.0,0.0,0.0,0.0,0.0
1380528,0.0,0.0,0.0,0.0,0.0,1.0,0.0
1381028,0.0,0.0,0.0,0.0,0.0,0.0,0.0
1381439,0.0,0.0,0.0,0.0,0.0,1.0,0.0
1381939,0.0,0.0,0.0,0.0,0.0,0.0,0.0
1384170,0.0,0.0,0.0,0.0,0.0,1.0,0.0
1384670,0.0,0.0,0.0,0.0,0.0,0.0,0.0
1385528,0.0,0.0,0.0,0.0,0.0,1.0,0.0
1386028,0.0,0.0,0.0,0.0,0.0,0.0,0.0
1386925,0.0,0.0,0.0,0.0,0.0,1.0,0.0
1387425,0.0,0.0,0.0,0.0,0.0,0.0,0.0
1388204,0.0,0.0,0.0,0.0,0.0,1.0,0.0
1388704,0.0,0.0,0.0,0.0,0.0,0.0,0.0
1390808,0.0,0.0,0.0,0.0,0.0,1.0,0.0
1391308,0.0,0.0,0.0,0.0,0.0,0.0,0.0
1391310,0.0,0.0,0.0,0.0,0.0,1.0,0.0
1391810,0.0,0.0,0.0,0.0,0.0,0.0,0.0
1392716,0.0,0.0,0.0,0.0,0.0,1.0,0.0
1393216,0.0,0.0,0.0,0.0,0.0,0.0,0.0
1393374,0.0,0.0,0.0,0.0,0.0,1.0,0.0
1393378,0.0,0.0,0.0,0.0,0.0,2.0,0.0
1393878,0.0,0.0,0.0,0.0,0.0,0.0,0.0
1397598,0.0,0.0,0.0,0.0,0.0,1.0,0.0
1398098,0.0,0.0,0.0,0.0,0.0,0.0,0.0
1398500,0.0,0.0,0.0,0.0,0.0,1.0,0.0
1399000,0.0,0.0,0.0,0.0,0.0,0.0,0.0
1403227,0.0,0.0,0.0,0.0,0.0,1.0,0.0
1403727,0.0,0.0,0.0,0.0,0.0,0.0,0.0
1407310,0.0,0.0,0.0,0.0,0.0,1.0,0.0
1407810,0.0,0.0,0.0,0.0,0.0,0.0,0.0
1408493,0.0,0.0,0.0,0.0,0.0,1.0,0.0
1408993,0.0,0.0,0.0,0.0,0.0,0.0,0.0
1413000,0.0,0.0,0.0,0.0,0.0,0.0,1.0
1413266,0.0,0.0,0.0,0.0,0.0,1.0,1.0
1413468,0.0,0.0,0.0,0.0,0.0,2.0,1.0
1413471,2.0,0.0,0.0,0.0,0.0,2.0,1.0
1413500,2.0,0.0,0.0,0.0,0.0,2.0,0.0
1413582,2.0,2.0,0.0,0.0,0.0,2.0,0.0
1413828,2.0,2.0,0.0,0.0,1.0,2.0,0.0
1413936,2.0,2.0,0.0,0.0,2.0,2.0,0.0
1413968,2.0,2.0,0.0,0.0,2.0,0.0,0.0
1413971,0.0,2.0,0.0,0.0,2.0,0.0,0.0
1414082,0.0,0.0,0.0,0.0,2.0,0.0,0.0
1414149,0.0,0.0,0.0,0.0,2.0,1.0,0.0
1414234,0.0,0.0,0.0,0.0,2.0,2.0,0.0
1414335,2.0,0.0,0.0,0.0,2.0,2.0,0.0
1414436,2.0,0.0,0.0,0.0,0.0,2.0,0.0
1414734,2.0,0.0,0.0,0.0,0.0,1.0,0.0
1414764,2.0,0.0,0.0,0.0,0.0,2.0,0.0
1414835,0.0,0.0,0.0,0.0,0.0,2.0,0.0
1415100,0.0,0.0,1.0,0.0,0.0,2.0,0.0
1415264,0.0,0.0,1.0,0.0,0.0,0.0,0.0
1415640,0.0,0.0,1.0,0.0,0.0,1.0,0.0
1416140,0.0,0.0,1.0,0.0,0.0,0.0,0.0
1416634,0.0,0.0,2.0,0.0,0.0,0.0,0.0
1416974,0.0,0.0,2.0,0.0,0.0,1.0,0.0
1417018,0.0,0.0,2.0,0.0,0.0,2.0,0.0
1417134,0.0,0.0,1.0,0.0,0.0,2.0,0.0
1417518,0.0,0.0,1.0,0.0,0.0,0.0,0.0
1418270,0.0,0.0,1.0,0.0,0.0,1.0,0.0
1418770,0.0,0.0,1.0,0.0,0.0,0.0,0.0
1418979,0.0,0.0,1.0,0.0,0.0,1.0,0.0
1418991,0.0,0.0,1.0,0.0,0.0,2.0,0.0
1419491,0.0,0.0,1.0,0.0,0.0,0.0,0.0
1419830,0.0,0.0,1.0,0.0,0.0,1.0,0.0
1419835,0.0,2.0,1.0,0.0,0.0,1.0,0.0
1419853,0.0,2.0,1.0,0.0,1.0,1.0,0.0
1420330,0.0,2.0,1.0,0.0,1.0,0.0,0.0
1420335,0.0,0.0,1.0,0.0,1.0,0.0,0.0
1420353,0.0,0.0,1.0,0.0,0.0,0.0,0.0
1420783,0.0,0.0,1.0,0.0,0.0,1.0,0.0
1421283,0.0,0.0,1.0,0.0,0.0,0.0,0.0
1421307,0.0,0.0,1.0,0.0,0.0,1.0,0.0
1421512,0.0,0.0,1.0,0.0,0.0,2.0,0.0
1422012,0.0,0.0,1.0,0.0,0.0,0.0,0.0
1422650,0.0,0.0,1.0,0.0,0.0,1.0,0.0
1422663,0.0,0.0,1.0,0.0,0.0,2.0,0.0
1423163,0.0,0.0,1.0,0.0,0.0,0.0,0.0
1423199,0.0,0.0,1.0,0.0,0.0,1.0,0.0
1423699,0.0,0.0,1.0,0.0,0.0,0.0,0.0
1425944,0.0,0.0,1.0,0.0,0.0,1.0,0.0
1426444,0.0,0.0,1.0,0.0,0.0,0.0,0.0
1426726,0.0,0.0,1.0,0.0,0.0,1.0,0.0
1427015,0.0,0.0,1.0,0.0,0.0,2.0,0.0
1427515,0.0,0.0,1.0,0.0,0.0,0.0,0.0
1427861,0.0,0.0,1.0,0.0,0.0,1.0,0.0
1428361,0.0,0.0,1.0,0.0,0.0,0.0,0.0
1428592,0.0,0.0,1.0,0.0,0.0,1.0,0.0
1428606,0.0,0.0,1.0,0.0,0.0,2.0,0.0
1429106,0.0,0.0,1.0,0.0,0.0,0.0,0.0
1429545,0.0,0.0,1.0,0.0,0.0,1.0,0.0
1429742,0.0,0.0,1.0,0.0,0.0,2.0,0.0
1429800,0.0,0.0,1.0,0.0,1.0,2.0,0.0
1430242,0.0,0.0,1.0,0.0,1.0,0.0,0.0
1430247,0.0,0.0,1.0,0.0,1.0,1.0,0.0
1430300,0.0,0.0,1.0,0.0,0.0,1.0,0.0
1430747,0.0,0.0,1.0,0.0,0.0,0.0,0.0
1430976,0.0,0.0,1.0,0.0,0.0,1.0,0.0
1431476,0.0,0.0,1.0,0.0,0.0,0.0,0.0
1432184,0.0,0.0,1.0,0.0,0.0,1.0,0.0
1432684,0.0,0.0,1.0,0.0,0.0,0.0,0.0
1433102,0.0,0.0,1.0,0.0,0.0,1.0,0.0
1433602,0.0,0.0,1.0,0.0,0.0,0.0,0.0
1434129,0.0,0.0,1.0,0.0,0.0,1.0,0.0
1434629,0.0,0.0,1.0,0.0,0.0,0.0,0.0
1434933,0.0,0.0,1.0,0.0,0.0,1.0,0.0
1434945,0.0,0.0,1.0,0.0,0.0,2.0,0.0
1435445,0.0,0.0,1.0,0.0,0.0,0.0,0.0
1436035,0.0,0.0,1.0,0.0,0.0,1.0,0.0
1436535,0.0,0.0,1.0,0.0,0.0,0.0,0.0
1437375,0.0,0.0,1.0,0.0,0.0,1.0,0.0
1437378,0.0,0.0,1.0,0.0,0.0,2.0,0.0
1437878,0.0,0.0,1.0,0.0,0.0,0.0,0.0
1438835,0.0,0.0,1.0,0.0,0.0,1.0,0.0
1439335,0.0,0.0,1.0,0.0,0.0,0.0,0.0
1439791,0.0,0.0,1.0,0.0,0.0,1.0,0.0
1440291,0.0,0.0,1.0,0.0,0.0,0.0,0.0
1440535,0.0,0.0,1.0,0.0,0.0,1.0,0.0
1441035,0.0,0.0,1.0,0.0,0.0,0.0,0.0
1441105,0.0,0.0,1.0,0.0,0.0,1.0,0.0
1441404,0.0,0.0,1.0,0.0,0.0,2.0,0.0
1441904,0.0,0.0,1.0,0.0,0.0,0.0,0.0
1442097,0.0,0.0,1.0,0.0,0.0,1.0,0.0
1442597,0.0,0.0,1.0,0.0,0.0,0.0,0.0
1442960,0.0,0.0,1.0,0.0,0.0,1.0,0.0
1443460,0.0,0.0,1.0,0.0,0.0,0.0,0.0
1443514,0.0,0.0,1.0,0.0,0.0,1.0,0.0
1444014,0.0,0.0,1.0,0.0,0.0,0.0,0.0
1444090,0.0,0.0,1.0,0.0,0.0,1.0,0.0
1444590,0.0,0.0,1.0,0.0,0.0,0.0,0.0
1444752,0.0,0.0,1.0,0.0,0.0,1.0,0.0
1445252,0.0,0.0,1.0,0.0,0.0,0.0,0.0
1445563,0.0,0.0,1.0,0.0,0.0,1.0,0.0
1445569,0.0,0.0,1.0,0.0,0.0,2.0,0.0
1446069,0.0,0.0,1.0,0.0,0.0,0.0,0.0
1446160,0.0,0.0,1.0,0.0,0.0,1.0,0.0
1446660,0.0,0.0,1.0,0.0,0.0,0.0,0.0
1446803,0.0,0.0,1.0,0.0,0.0,1.0,0.0
1447303,0.0,0.0,1.0,0.0,0.0,0.0,0.0
1447399,0.0,0.0,1.0,0.0,0.0,1.0,0.0
1447899,0.0,0.0,1.0,0.0,0.0,0.0,0.0
1448299,0.0,0.0,1.0,0.0,0.0,1.0,0.0
1448764,0.0,0.0,1.0,0.0,0.0,2.0,0.0
1449264,0.0,0.0,1.0,0.0,0.0,0.0,0.0
1449717,0.0,0.0,1.0,0.0,0.0,1.0,0.0
1449720,0.0,0.0,1.0,0.0,0.0,2.0,0.0
1450220,0.0,0.0,1.0,0.0,0.0,0.0,0.0
1451045,0.0,0.0,1.0,0.0,0.0,1.0,0.0
1451545,0.0,0.0,1.0,0.0,0.0,0.0,0.0
1451637,0.0,0.0,1.0,0.0,0.0,1.0,0.0
1452137,0.0,0.0,1.0,0.0,0.0,0.0,0.0
1453648,0.0,0.0,1.0,0.0,0.0,1.0,0.0
1454148,0.0,0.0,1.0,0.0,0.0,0.0,0.0
1454447,0.0,0.0,1.0,0.0,0.0,1.0,0.0
1454947,0.0,0.0,1.0,0.0,0.0,0.0,0.0
1455398,0.0,0.0,1.0,0.0,0.0,1.0,0.0
1455898,0.0,0.0,1.0,0.0,0.0,0.0,0.0
1456175,0.0,0.0,1.0,0.0,0.0,1.0,0.0
1456675,0.0,0.0,1.0,0.0,0.0,0.0,0.0
1456853,0.0,0.0,1.0,0.0,0.0,1.0,0.0
1456856,0.0,0.0,1.0,0.0,0.0,2.0,0.0
1457356,0.0,0.0,1.0,0.0,0.0,0.0,0.0
1457727,0.0,0.0,1.0,0.0,0.0,1.0,0.0
1457917,0.0,0.0,1.0,0.0,0.0,2.0,0.0
1458417,0.0,0.0,1.0,0.0,0.0,0.0,0.0
1459399,0.0,0.0,1.0,0.0,0.0,1.0,0.0
1459400,0.0,0.0,1.0,0.0,1.0,1.0,0.0
1459402,0.0,0.0,1.0,0.0,1.0,2.0,0.0
1459900,0.0,0.0,1.0,0.0,0.0,2.0,0.0
1459902,0.0,0.0,1.0,0.0,0.0,0.0,0.0
1459999,0.0,0.0,1.0,0.0,0.0,1.0,0.0
1460164,0.0,0.0,1.0,0.0,0.0,2.0,0.0
1460664,0.0,0.0,1.0,0.0,0.0,0.0,0.0
1461244,0.0,0.0,1.0,0.0,0.0,1.0,0.0
1461744,0.0,0.0,1.0,0.0,0.0,0.0,0.0
1462341,0.0,0.0,1.0,0.0,0.0,1.0,0.0
1462349,0.0,0.0,1.0,0.0,0.0,2.0,0.0
1462849,0.0,0.0,1.0,0.0,0.0,0.0,0.0
1462979,0.0,0.0,1.0,0.0,0.0,1.0,0.0
1462982,0.0,0.0,1.0,0.0,0.0,2.0,0.0
1463482,0.0,0.0,1.0,0.0,0.0,0.0,0.0
1463839,0.0,0.0,1.0,0.0,0.0,1.0,0.0
1464339,0.0,0.0,1.0,0.0,0.0,0.0,0.0
1464437,0.0,0.0,1.0,0.0,0.0,1.0,0.0
1464483,0.0,0.0,1.0,0.0,0.0,2.0,0.0
1464983,0.0,0.0,1.0,0.0,0.0,0.0,0.0
1465084,0.0,0.0,1.0,0.0,0.0,1.0,0.0
1465174,0.0,0.0,1.0,0.0,0.0,2.0,0.0
1465674,0.0,0.0,1.0,0.0,0.0,0.0,0.0
1465722,0.0,0.0,1.0,0.0,0.0,1.0,0.0
1466045,0.0,2.0,1.0,0.0,0.0,1.0,0.0
1466222,0.0,2.0,1.0,0.0,0.0,0.0,0.0
1466241,0.0,2.0,1.0,0.0,0.0,1.0,0.0
1466545,0.0,0.0,1.0,0.0,0.0,1.0,0.0
1466708,0.0,0.0,1.0,0.0,0.0,2.0,0.0
1467208,0.0,0.0,1.0,0.0,0.0,0.0,0.0
1467571,0.0,0.0,1.0,0.0,0.0,1.0,0.0
1467575,0.0,0.0,1.0,0.0,0.0,2.0,0.0
1468075,0.0,0.0,1.0,0.0,0.0,0.0,0.0
1471862,0.0,0.0,1.0,0.0,0.0,1.0,0.0
1471869,0.0,0.0,1.0,0.0,0.0,2.0,0.0
1472369,0.0,0.0,1.0,0.0,0.0,0.0,0.0
1472794,0.0,0.0,1.0,0.0,0.0,1.0,0.0
1473294,0.0,0.0,1.0,0.0,0.0,0.0,0.0
1473356,0.0,0.0,1.0,0.0,0.0,1.0,0.0
1473629,0.0,0.0,1.0,0.0,0.0,2.0,0.0
1474129,0.0,0.0,1.0,0.0,0.0,0.0,0.0
1474756,0.0,0.0,1.0,0.0,0.0,1.0,0.0
1474778,0.0,0.0,1.0,0.0,0.0,2.0,0.0
1475278,0.0,0.0,1.0,0.0,0.0,0.0,0.0
1476636,0.0,0.0,1.0,0.0,0.0,1.0,0.0
1477136,0.0,0.0,1.0,0.0,0.0,0.0,0.0
1477143,0.0,0.0,1.0,0.0,0.0,1.0,0.0
1477643,0.0,0.0,1.0,0.0,0.0,0.0,0.0
1478010,0.0,0.0,1.0,0.0,0.0,1.0,0.0
1478099,0.0,0.0,1.0,0.0,0.0,2.0,0.0
1478599,0.0,0.0,1.0,0.0,0.0,0.0,0.0
1478622,0.0,0.0,1.0,0.0,0.0,1.0,0.0
1478626,0.0,0.0,1.0,0.0,0.0,2.0,0.0
1479126,0.0,0.0,1.0,0.0,0.0,0.0,0.0
1479421,0.0,0.0,1.0,0.0,0.0,1.0,0.0
1479921,0.0,0.0,1.0,0.0,0.0,0.0,0.0
1480120,0.0,0.0,1.0,0.0,0.0,1.0,0.0
1480620,0.0,0.0,1.0,0.0,0.0,0.0,0.0
1480993,0.0,0.0,1.0,0.0,0.0,1.0,0.0
1481270,0.0,0.0,1.0,0.0,0.0,2.0,0.0
1481770,0.0,0.0,1.0,0.0,0.0,0.0,0.0
1482043,0.0,0.0,1.0,0.0,0.0,1.0,0.0
1482304,0.0,0.0,1.0,0.0,0.0,2.0,0.0
1482804,0.0,0.0,1.0,0.0,0.0,0.0,0.0
1482891,0.0,0.0,1.0,0.0,0.0,1.0,0.0
1483391,0.0,0.0,1.0,0.0,0.0,0.0,0.0
1483406,0.0,0.0,1.0,0.0,0.0,1.0,0.0
1483906,0.0,0.0,1.0,0.0,0.0,0.0,0.0
1483939,0.0,0.0,1.0,0.0,0.0,1.0,0.0
1484439,0.0,0.0,1.0,0.0,0.0,0.0,0.0
1484635,0.0,0.0,1.0,0.0,0.0,1.0,0.0
1485135,0.0,0.0,1.0,0.0,0.0,0.0,0.0
1485147,0.0,0.0,1.0,0.0,0.0,1.0,0.0
1485254,0.0,0.0,1.0,0.0,0.0,2.0,0.0
1485754,0.0,0.0,1.0,0.0,0.0,0.0,0.0
1486360,0.0,0.0,1.0,0.0,0.0,1.0,0.0
1486860,0.0,0.0,1.0,0.0,0.0,0.0,0.0
1489182,0.0,0.0,1.0,0.0,0.0,1.0,0.0
1489682,0.0,0.0,1.0,0.0,0.0,0.0,0.0
1491187,0.0,0.0,1.0,0.0,0.0,1.0,0.0
1491217,0.0,0.0,1.0,0.0,0.0,2.0,0.0
1491717,0.0,0.0,1.0,0.0,0.0,0.0,0.0
1491737,0.0,0.0,1.0,0.0,0.0,1.0,0.0
1491749,0.0,0.0,1.0,0.0,0.0,2.0,0.0
1492249,0.0,0.0,1.0,0.0,0.0,0.0,0.0
1492462,0.0,0.0,1.0,0.0,0.0,1.0,0.0
1492474,0.0,0.0,1.0,0.0,0.0,2.0,0.0
1492974,0.0,0.0,1.0,0.0,0.0,0.0,0.0
1492981,0.0,0.0,1.0,0.0,0.0,1.0,0.0
1493481,0.0,0.0,1.0,0.0,0.0,0.0,0.0
1493947,0.0,0.0,1.0,0.0,0.0,1.0,0.0
1493950,0.0,0.0,1.0,0.0,0.0,2.0,0.0
1494450,0.0,0.0,1.0,0.0,0.0,0.0,0.0
1495264,0.0,0.0,1.0,0.0,0.0,1.0,0.0
1495764,0.0,0.0,1.0,0.0,0.0,0.0,0.0
1495768,0.0,0.0,1.0,0.0,0.0,1.0,0.0
1496268,0.0,0.0,1.0,0.0,0.0,0.0,0.0
1496768,0.0,0.0,1.0,0.0,1.0,0.0,0.0
1497066,0.0,0.0,1.0,0.0,1.0,1.0,0.0
1497084,0.0,0.0,1.0,0.0,1.0,2.0,0.0
1497268,0.0,0.0,1.0,0.0,0.0,2.0,0.0
1497584,0.0,0.0,1.0,0.0,0.0,0.0,0.0
1497585,0.0,0.0,1.0,0.0,0.0,1.0,0.0
1498085,0.0,0.0,1.0,0.0,0.0,0.0,0.0
1498086,0.0,0.0,1.0,0.0,0.0,1.0,0.0
1498586,0.0,0.0,1.0,0.0,0.0,0.0,0.0
1498739,0.0,0.0,1.0,0.0,0.0,1.0,0.0
1498850,0.0,0.0,1.0,0.0,0.0,2.0,0.0
1499350,0.0,0.0,1.0,0.0,0.0,0.0,0.0
1499504,0.0,2.0,1.0,0.0,0.0,0.0,0.0
1499779,0.0,2.0,1.0,0.0,0.0,1.0,0.0
1500004,0.0,0.0,1.0,0.0,0.0,1.0,0.0
1500279,0.0,0.0,1.0,0.0,0.0,0.0,0.0
1500648,0.0,0.0,1.0,0.0,0.0,1.0,0.0
1500960,0.0,0.0,1.0,0.0,0.0,2.0,0.0
1501460,0.0,0.0,1.0,0.0,0.0,0.0,0.0
1503802,0.0,0.0,1.0,0.0,0.0,1.0,0.0
1504302,0.0,0.0,1.0,0.0,0.0,0.0,0.0
1504323,0.0,0.0,1.0,0.0,0.0,1.0,0.0
1504343,0.0,0.0,1.0,0.0,0.0,2.0,0.0
1504843,0.0,0.0,1.0,0.0,0.0,0.0,0.0
1504930,0.0,0.0,1.0,0.0,0.0,1.0,0.0
1505430,0.0,0.0,1.0,0.0,0.0,0.0,0.0
1505761,0.0,0.0,1.0,0.0,0.0,1.0,0.0
1506261,0.0,0.0,1.0,0.0,0.0,0.0,0.0
1506695,0.0,0.0,1.0,0.0,0.0,1.0,0.0
1507195,0.0,0.0,1.0,0.0,0.0,0.0,0.0
1507438,0.0,0.0,1.0,0.0,0.0,1.0,0.0
1507938,0.0,0.0,1.0,0.0,0.0,0.0,0.0
1508285,0.0,0.0,1.0,0.0,0.0,1.0,0.0
1508785,0.0,0.0,1.0,0.0,0.0,0.0,0.0
1508879,0.0,0.0,1.0,0.0,0.0,1.0,0.0
1508976,0.0,0.0,1.0,0.0,0.0,2.0,0.0
1509476,0.0,0.0,1.0,0.0,0.0,0.0,0.0
1509788,0.0,0.0,1.0,0.0,0.0,1.0,0.0
1509794,0.0,0.0,1.0,0.0,0.0,2.0,0.0
1510294,0.0,0.0,1.0,0.0,0.0,0.0,0.0
1510850,0.0,0.0,1.0,0.0,0.0,1.0,0.0
1511243,0.0,2.0,1.0,0.0,0.0,1.0,0.0
1511350,0.0,2.0,1.0,0.0,0.0,0.0,0.0
1511515,0.0,2.0,1.0,0.0,0.0,1.0,0.0
1511696,0.0,2.0,1.0,0.0,0.0,2.0,0.0
1511743,0.0,0.0,1.0,0.0,0.0,2.0,0.0
1512196,0.0,0.0,1.0,0.0,0.0,0.0,0.0
1512537,0.0,0.0,1.0,0.0,0.0,1.0,0.0
1513037,0.0,0.0,1.0,0.0,0.0,0.0,0.0
1513296,0.0,0.0,1.0,0.0,0.0,1.0,0.0
1513321,0.0,0.0,1.0,0.0,0.0,2.0,0.0
1513341,0.0,0.0,1.0,0.0,1.0,2.0,0.0
1513345,0.0,0.0,1.0,0.0,2.0,2.0,0.0
1513821,0.0,0.0,1.0,0.0,2.0,0.0,0.0
1513845,0.0,0.0,1.0,0.0,0.0,0.0,0.0
1513851,0.0,0.0,1.0,0.0,1.0,0.0,0.0
1514351,0.0,0.0,1.0,0.0,0.0,0.0,0.0
1516118,0.0,0.0,1.0,0.0,0.0,1.0,0.0
1516120,0.0,0.0,1.0,0.0,0.0,2.0,0.0
1516620,0.0,0.0,1.0,0.0,0.0,0.0,0.0
1517531,0.0,0.0,1.0,0.0,1.0,0.0,0.0
1517634,0.0,0.0,0.0,0.0,1.0,0.0,0.0
1518031,0.0,0.0,0.0,0.0,0.0,0.0,0.0
1519567,0.0,0.0,0.0,0.0,0.0,1.0,0.0
1520067,0.0,0.0,0.0,0.0,0.0,0.0,0.0
1529188,0.0,0.0,0.0,0.0,1.0,0.0,0.0
1529688,0.0,0.0,0.0,0.0,0.0,0.0,0.0
1533952,0.0,0.0,0.0,0.0,0.0,1.0,0.0
1534452,0.0,0.0,0.0,0.0,0.0,0.0,0.0
1534469,0.0,0.0,0.0,0.0,0.0,1.0,0.0
1534630,0.0,0.0,0.0,0.0,0.0,2.0,0.0
1535130,0.0,0.0,0.0,0.0,0.0,0.0,0.0
1535470,0.0,0.0,0.0,0.0,0.0,1.0,0.0
1535970,0.0,0.0,0.0,0.0,0.0,0.0,0.0
1536901,0.0,0.0,0.0,0.0,0.0,1.0,0.0
1537401,0.0,0.0,0.0,0.0,0.0,0.0,0.0
1541501,0.0,0.0,0.0,0.0,0.0,1.0,0.0
1542001,0.0,0.0,0.0,0.0,0.0,0.0,0.0
1543719,0.0,0.0,0.0,0.0,0.0,1.0,0.0
1544219,0.0,0.0,0.0,0.0,0.0,0.0,0.0
1545564,0.0,0.0,0.0,0.0,0.0,1.0,0.0
1546064,0.0,0.0,0.0,0.0,0.0,0.0,0.0
1547460,0.0,0.0,0.0,0.0,0.0,1.0,0.0
1547960,0.0,0.0,0.0,0.0,0.0,0.0,0.0
1550961,0.0,0.0,0.0,0.0,0.0,1.0,0.0
1551461,0.0,0.0,0.0,0.0,0.0,0.0,0.0
1551523,0.0,0.0,0.0,0.0,0.0,1.0,0.0
1552023,0.0,0.0,0.0,0.0,0.0,0.0,0.0
1553099,0.0,0.0,0.0,0.0,0.0,1.0,0.0
1553599,0.0,0.0,0.0,0.0,0.0,0.0,0.0
1557822,0.0,0.0,0.0,0.0,0.0,1.0,0.0
1558322,0.0,0.0,0.0,0.0,0.0,0.0,0.0
1558394,0.0,0.0,0.0,0.0,0.0,1.0,0.0
1558894,0.0,0.0,0.0,0.0,0.0,0.0,0.0
1559358,0.0,0.0,0.0,0.0,0.0,1.0,0.0
1559858,0.0,0.0,0.0,0.0,0.0,0.0,0.0
1560559,0.0,0.0,0.0,0.0,0.0,1.0,0.0
1561059,0.0,0.0,0.0,0.0,0.0,0.0,0.0
1561388,0.0,0.0,0.0,0.0,0.0,1.0,0.0
1561888,0.0,0.0,0.0,0.0,0.0,0.0,0.0
1563531,0.0,0.0,0.0,0.0,0.0,1.0,0.0
1564031,0.0,0.0,0.0,0.0,0.0,0.0,0.0
1564869,0.0,0.0,0.0,0.0,0.0,1.0,0.0
1565369,0.0,0.0,0.0,0.0,0.0,0.0,0.0
1567460,0.0,0.0,0.0,0.0,0.0,1.0,0.0
1567960,0.0,0.0,0.0,0.0,0.0,0.0,0.0
1570297,0.0,0.0,0.0,0.0,1.0,0.0,0.0
1570298,0.0,0.0,0.0,0.0,2.0,0.0,0.0
1570798,0.0,0.0,0.0,0.0,0.0,0.0,0.0
1571277,0.0,0.0,0.0,0.0,0.0,1.0,0.0
1571777,0.0,0.0,0.0,0.0,0.0,0.0,0.0
1572234,0.0,0.0,0.0,0.0,0.0,1.0,0.0
1572734,0.0,0.0,0.0,0.0,0.0,0.0,0.0
1573514,0.0,0.0,0.0,0.0,0.0,1.0,0.0
1574014,0.0,0.0,0.0,0.0,0.0,0.0,0.0
1574285,0.0,0.0,0.0,0.0,0.0,1.0,0.0
1574785,0.0,0.0,0.0,0.0,0.0,0.0,0.0
1574991,0.0,0.0,0.0,0.0,0.0,1.0,0.0
1575491,0.0,0.0,0.0,0.0,0.0,0.0,0.0
1576648,0.0,0.0,0.0,0.0,0.0,1.0,0.0
1577148,0.0,0.0,0.0,0.0,0.0,0.0,0.0
1578208,0.0,0.0,0.0,0.0,0.0,1.0,0.0
1578708,0.0,0.0,0.0,0.0,0.0,0.0,0.0
1582972,0.0,0.0,0.0,0.0,0.0,1.0,0.0
1583472,0.0,0.0,0.0,0.0,0.0,0.0,0.0
1583926,0.0,0.0,0.0,0.0,0.0,1.0,0.0
1584426,0.0,0.0,0.0,0.0,0.0,0.0,0.0
1586804,0.0,0.0,0.0,0.0,0.0,1.0,0.0
1586806,0.0,0.0,0.0,0.0,0.0,2.0,0.0
1587306,0.0,0.0,0.0,0.0,0.0,0.0,0.0
1587691,0.0,0.0,0.0,0.0,1.0,0.0,0.0
1588191,0.0,0.0,0.0,0.0,0.0,0.0,0.0
1588264,0.0,0.0,0.0,0.0,0.0,1.0,0.0
1588764,0.0,0.0,0.0,0.0,0.0,0.0,0.0
1591831,0.0,0.0,0.0,0.0,0.0,1.0,0.0
1592331,0.0,0.0,0.0,0.0,0.0,0.0,0.0
1598448,0.0,0.0,0.0,0.0,0.0,1.0,0.0
1598948,0.0,0.0,0.0,0.0,0.0,0.0,0.0
1599103,0.0,0.0,0.0,0.0,0.0,1.0,0.0
1599458,0.0,0.0,0.0,0.0,1.0,1.0,0.0
1599603,0.0,0.0,0.0,0.0,1.0,0.0,0.0
1599958,0.0,0.0,0.0,0.0,0.0,0.0,0.0
1600308,0.0,0.0,0.0,0.0,0.0,1.0,0.0
1600808,0.0,0.0,0.0,0.0,0.0,0.0,0.0
1606111,0.0,0.0,0.0,0.0,0.0,1.0,0.0
1606611,0.0,0.0,0.0,0.0,0.0,0.0,0.0
1610076,0.0,0.0,0.0,0.0,0.0,1.0,0.0
1610576,0.0,0.0,0.0,0.0,0.0,0.0,0.0
1615000,0.0,0.0,0.0,0.0,0.0,0.0,1.0
1615156,0.0,0.0,0.0,0.0,0.0,1.0,1.0
1615305,0.0,0.0,0.0,0.0,0.0,2.0,1.0
1615352,0.0,0.0,0.0,0.0,1.0,2.0,1.0
1615376,0.0,0.0,0.0,0.0,2.0,2.0,1.0
1615455,2.0,0.0,0.0,0.0,2.0,2.0,1.0
1615500,2.0,0.0,0.0,0.0,2.0,2.0,0.0
1615509,2.0,2.0,0.0,0.0,2.0,2.0,0.0
1615805,2.0,2.0,0.0,0.0,2.0,0.0,0.0
1615853,2.0,2.0,0.0,0.0,2.0,1.0,0.0
1615860,2.0,2.0,0.0,0.0,2.0,2.0,0.0
1615876,2.0,2.0,0.0,0.0,0.0,2.0,0.0
1615955,0.0,2.0,0.0,0.0,0.0,2.0,0.0
1615967,2.0,2.0,0.0,0.0,0.0,2.0,0.0
1616009,2.0,0.0,0.0,0.0,1.0,2.0,0.0
1616360,2.0,0.0,0.0,0.0,1.0,0.0,0.0
1616417,2.0,0.0,0.0,0.0,1.0,1.0,0.0
1616467,0.0,0.0,0.0,0.0,1.0,1.0,0.0
1616741,0.0,0.0,0.0,0.0,2.0,1.0,0.0
1616767,2.0,0.0,0.0,0.0,2.0,1.0,0.0
1616844,2.0,2.0,0.0,0.0,2.0,1.0,0.0
1616917,2.0,2.0,0.0,0.0,2.0,2.0,0.0
1617241,2.0,2.0,0.0,0.0,0.0,2.0,0.0
1617263,2.0,2.0,1.0,0.0,0.0,2.0,0.0
1617267,0.0,2.0,1.0,0.0,0.0,2.0,0.0
1617344,0.0,0.0,1.0,0.0,0.0,2.0,0.0
1617417,0.0,0.0,1.0,0.0,0.0,0.0,0.0
1617757,0.0,0.0,1.0,0.0,0.0,1.0,0.0
1617800,0.0,0.0,1.0,0.0,0.0,2.0,0.0
1618300,0.0,0.0,1.0,0.0,0.0,0.0,0.0
1618500,0.0,0.0,1.0,0.0,0.0,1.0,0.0
1618608,0.0,0.0,2.0,0.0,0.0,1.0,0.0
1619000,0.0,0.0,2.0,0.0,0.0,0.0,0.0
1619108,0.0,0.0,0.0,0.0,0.0,0.0,0.0
1619754,0.0,0.0,0.0,0.0,0.0,1.0,0.0
1619786,0.0,0.0,0.0,0.0,0.0,2.0,0.0
1620063,2.0,0.0,0.0,0.0,0.0,2.0,0.0
1620114,2.0,0.0,1.0,0.0,0.0,2.0,0.0
1620286,2.0,0.0,1.0,0.0,0.0,0.0,0.0
1620563,0.0,0.0,1.0,0.0,0.0,0.0,0.0
1620614,0.0,0.0,0.0,0.0,0.0,0.0,0.0
1621079,0.0,0.0,0.0,0.0,0.0,1.0,0.0
1621579,0.0,0.0,0.0,0.0,0.0,0.0,0.0
1621735,0.0,0.0,0.0,0.0,0.0,1.0,0.0
1621738,0.0,0.0,0.0,0.0,0.0,2.0,0.0
1622211,0.0,2.0,0.0,0.0,0.0,2.0,0.0
1622238,0.0,2.0,0.0,0.0,0.0,0.0,0.0
1622711,0.0,0.0,0.0,0.0,0.0,0.0,0.0
1622888,0.0,0.0,0.0,0.0,0.0,1.0,0.0
1623387,0.0,0.0,0.0,0.0,1.0,1.0,0.0
1623704,0.0,0.0,0.0,0.0,1.0,2.0,0.0
1623887,0.0,0.0,0.0,0.0,0.0,2.0,0.0
1624204,0.0,0.0,0.0,0.0,0.0,0.0,0.0
1624267,0.0,0.0,0.0,0.0,0.0,1.0,0.0
1624767,0.0,0.0,0.0,0.0,0.0,0.0,0.0
1625132,0.0,0.0,0.0,0.0,0.0,1.0,0.0
1625632,0.0,0.0,0.0,0.0,0.0,0.0,0.0
1625700,0.0,0.0,0.0,0.0,0.0,1.0,0.0
1626200,0.0,0.0,0.0,0.0,0.0,0.0,0.0
1626212,0.0,0.0,0.0,0.0,0.0,1.0,0.0
1626391,0.0,0.0,0.0,0.0,0.0,2.0,0.0
1626891,0.0,0.0,0.0,0.0,0.0,0.0,0.0
1627987,0.0,0.0,0.0,0.0,0.0,1.0,0.0
1628487,0.0,0.0,0.0,0.0,0.0,0.0,0.0
1628860,0.0,0.0,0.0,0.0,0.0,1.0,0.0
1628869,0.0,0.0,0.0,0.0,0.0,2.0,0.0
1629369,0.0,0.0,0.0,0.0,0.0,0.0,0.0
1629468,0.0,0.0,0.0,0.0,0.0,1.0,0.0
1629559,0.0,0.0,0.0,0.0,0.0,2.0,0.0
1629779,0.0,0.0,0.0,0.0,1.0,2.0,0.0
1629818,0.0,2.0,0.0,0.0,1.0,2.0,0.0
1630059,0.0,2.0,0.0,0.0,1.0,0.0,0.0
1630279,0.0,2.0,0.0,0.0,0.0,0.0,0.0
1630318,0.0,0.0,0.0,0.0,0.0,0.0,0.0
1630513,0.0,0.0,0.0,0.0,0.0,1.0,0.0
1630519,0.0,0.0,0.0,0.0,0.0,2.0,0.0
1631019,0.0,0.0,0.0,0.0,0.0,0.0,0.0
1631991,0.0,0.0,0.0,0.0,0.0,1.0,0.0
1632347,0.0,0.0,0.0,0.0,0.0,2.0,0.0
1632847,0.0,0.0,0.0,0.0,0.0,0.0,0.0
1633360,0.0,0.0,0.0,0.0,0.0,1.0,0.0
1633860,0.0,0.0,0.0,0.0,0.0,0.0,0.0
1635278,0.0,0.0,0.0,0.0,0.0,1.0,0.0
1635728,0.0,0.0,0.0,0.0,0.0,2.0,0.0
1636228,0.0,0.0,0.0,0.0,0.0,0.0,0.0
1636745,0.0,0.0,0.0,0.0,0.0,1.0,0.0
1636754,0.0,0.0,0.0,0.0,0.0,2.0,0.0
1637254,0.0,0.0,0.0,0.0,0.0,0.0,0.0
1637287,0.0,0.0,0.0,0.0,0.0,1.0,0.0
1637290,0.0,0.0,0.0,0.0,0.0,2.0,0.0
1637790,0.0,0.0,0.0,0.0,0.0,0.0,0.0
1637941,0.0,0.0,0.0,0.0,0.0,1.0,0.0
1638322,0.0,0.0,0.0,0.0,0.0,2.0,0.0
1638822,0.0,0.0,0.0,0.0,0.0,0.0,0.0
1639092,0.0,0.0,0.0,0.0,0.0,1.0,0.0
1639094,0.0,0.0,0.0,0.0,1.0,1.0,0.0
1639095,0.0,0.0,0.0,0.0,1.0,2.0,0.0
1639594,0.0,0.0,0.0,0.0,0.0,2.0,0.0
1639595,0.0,0.0,0.0,0.0,0.0,0.0,0.0
1639723,0.0,0.0,0.0,0.0,0.0,1.0,0.0
1639957,0.0,0.0,0.0,0.0,0.0,2.0,0.0
1640457,0.0,0.0,0.0,0.0,0.0,0.0,0.0
1640686,0.0,0.0,0.0,0.0,0.0,1.0,0.0
1641186,0.0,0.0,0.0,0.0,0.0,0.0,0.0
1641384,0.0,0.0,0.0,0.0,0.0,1.0,0.0
1641884,0.0,0.0,0.0,0.0,0.0,0.0,0.0
1642010,0.0,0.0,0.0,0.0,0.0,1.0,0.0
1642423,0.0,0.0,0.0,0.0,0.0,2.0,0.0
1642923,0.0,0.0,0.0,0.0,0.0,0.0,0.0
1642998,0.0,0.0,0.0,0.0,0.0,1.0,0.0
1643011,0.0,0.0,0.0,0.0,0.0,2.0,0.0
1643511,0.0,0.0,0.0,0.0,0.0,0.0,0.0
1644284,0.0,0.0,0.0,0.0,0.0,1.0,0.0
1644332,0.0,0.0,0.0,0.0,0.0,2.0,0.0
1644832,0.0,0.0,0.0,0.0,0.0,0.0,0.0
1645094,0.0,0.0,0.0,0.0,0.0,1.0,0.0
1645499,0.0,0.0,0.0,0.0,0.0,2.0,0.0
1645999,0.0,0.0,0.0,0.0,0.0,0.0,0.0
1647751,0.0,0.0,0.0,0.0,0.0,1.0,0.0
1648251,0.0,0.0,0.0,0.0,0.0,0.0,0.0
1648473,0.0,0.0,0.0,0.0,0.0,1.0,0.0
1648973,0.0,0.0,0.0,0.0,0.0,0.0,0.0
1649129,0.0,0.0,0.0,0.0,0.0,1.0,0.0
1649138,0.0,0.0,0.0,0.0,0.0,2.0,0.0
1649638,0.0,0.0,0.0,0.0,0.0,0.0,0.0
1650348,0.0,0.0,0.0,0.0,0.0,1.0,0.0
1650848,0.0,0.0,0.0,0.0,0.0,0.0,0.0
1650851,0.0,0.0,0.0,0.0,0.0,1.0,0.0
1651351,0.0,0.0,0.0,0.0,0.0,0.0,0.0
1653458,0.0,0.0,0.0,0.0,0.0,1.0,0.0
1653958,0.0,0.0,0.0,0.0,0.0,0.0,0.0
1654344,0.0,0.0,0.0,0.0,0.0,1.0,0.0
1654480,0.0,2.0,0.0,0.0,0.0,1.0,0.0
1654844,0.0,2.0,0.0,0.0,0.0,0.0,0.0
1654916,0.0,2.0,0.0,0.0,0.0,1.0,0.0
1654980,0.0,0.0,0.0,0.0,0.0,1.0,0.0
1655220,0.0,0.0,0.0,0.0,0.0,2.0,0.0
1655720,0.0,0.0,0.0,0.0,0.0,0.0,0.0
1656010,0.0,0.0,0.0,0.0,0.0,1.0,0.0
1656510,0.0,0.0,0.0,0.0,0.0,0.0,0.0
1656639,0.0,0.0,0.0,0.0,0.0,1.0,0.0
1657139,0.0,0.0,0.0,0.0,0.0,0.0,0.0
1657253,0.0,0.0,0.0,0.0,0.0,1.0,0.0
1657753,0.0,0.0,0.0,0.0,0.0,0.0,0.0
1658308,0.0,0.0,0.0,0.0,0.0,1.0,0.0
1658808,0.0,0.0,0.0,0.0,0.0,0.0,0.0
1658899,0.0,0.0,0.0,0.0,0.0,1.0,0.0
1658902,0.0,0.0,0.0,0.0,0.0,2.0,0.0
1659402,0.0,0.0,0.0,0.0,0.0,0.0,0.0
1659470,0.0,0.0,0.0,0.0,0.0,1.0,0.0
1659970,0.0,0.0,0.0,0.0,0.0,0.0,0.0
1661458,0.0,0.0,0.0,0.0,0.0,1.0,0.0
1661958,0.0,0.0,0.0,0.0,0.0,0.0,0.0
1662262,0.0,0.0,0.0,0.0,0.0,1.0,0.0
1662689,0.0,0.0,0.0,0.0,0.0,2.0,0.0
1663189,0.0,0.0,0.0,0.0,0.0,0.0,0.0
1663337,0.0,0.0,0.0,0.0,0.0,1.0,0.0
1663689,0.0,0.0,0.0,0.0,0.0,2.0,0.0
1664189,0.0,0.0,0.0,0.0,0.0,0.0,0.0
1665554,0.0,0.0,0.0,0.0,0.0,1.0,0.0
1666039,0.0,0.0,0.0,0.0,0.0,2.0,0.0
1666060,0.0,0.0,0.0,0.0,1.0,2.0,0.0
1666539,0.0,0.0,0.0,0.0,1.0,0.0,0.0
1666560,0.0,0.0,0.0,0.0,0.0,0.0,0.0
1666613,0.0,0.0,0.0,0.0,0.0,1.0,0.0
1667113,0.0,0.0,0.0,0.0,0.0,0.0,0.0
1668027,0.0,0.0,0.0,0.0,0.0,1.0,0.0
1668195,0.0,0.0,0.0,0.0,0.0,2.0,0.0
1668695,0.0,0.0,0.0,0.0,0.0,0.0,0.0
1669165,0.0,0.0,0.0,0.0,0.0,1.0,0.0
1669625,0.0,2.0,0.0,0.0,0.0,1.0,0.0
1669665,0.0,2.0,0.0,0.0,0.0,0.0,0.0
1669727,0.0,2.0,0.0,0.0,0.0,1.0,0.0
1670125,0.0,0.0,0.0,0.0,0.0,1.0,0.0
1670227,0.0,0.0,0.0,0.0,0.0,0.0,0.0
1671054,0.0,0.0,0.0,0.0,0.0,1.0,0.0
1671415,0.0,0.0,0.0,0.0,0.0,2.0,0.0
1671915,0.0,0.0,0.0,0.0,0.0,0.0,0.0
1672685,0.0,0.0,0.0,0.0,0.0,1.0,0.0
1672909,0.0,0.0,0.0,0.0,0.0,2.0,0.0
1673409,0.0,0.0,0.0,0.0,0.0,0.0,0.0
1674025,0.0,0.0,0.0,0.0,0.0,1.0,0.0
1674525,0.0,0.0,0.0,0.0,0.0,0.0,0.0
1674627,0.0,0.0,0.0,0.0,0.0,1.0,0.0
1674796,0.0,0.0,0.0,0.0,1.0,1.0,0.0
1674799,0.0,0.0,0.0,0.0,2.0,1.0,0.0
1675127,0.0,0.0,0.0,0.0,2.0,0.0,0.0
1675200,0.0,0.0,0.0,0.0,2.0,1.0,0.0
1675299,0.0,0.0,0.0,0.0,0.0,1.0,0.0
1675688,0.0,0.0,0.0,0.0,0.0,2.0,0.0
1676188,0.0,0.0,0.0,0.0,0.0,0.0,0.0
1677002,0.0,0.0,0.0,0.0,0.0,1.0,0.0
1677502,0.0,0.0,0.0,0.0,0.0,0.0,0.0
1677596,0.0,0.0,0.0,0.0,0.0,1.0,0.0
1678096,0.0,0.0,0.0,0.0,0.0,0.0,0.0
1678382,0.0,0.0,0.0,0.0,0.0,1.0,0.0
1678576,0.0,2.0,0.0,0.0,0.0,1.0,0.0
1678882,0.0,2.0,0.0,0.0,0.0,0.0,0.0
1678899,0.0,2.0,0.0,0.0,0.0,1.0,0.0
1679076,0.0,0.0,0.0,0.0,0.0,1.0,0.0
1679399,0.0,0.0,0.0,0.0,0.0,0.0,0.0
1679595,0.0,0.0,0.0,0.0,0.0,1.0,0.0
1680095,0.0,0.0,0.0,0.0,0.0,0.0,0.0
1681326,0.0,0.0,0.0,0.0,0.0,1.0,0.0
1681345,0.0,0.0,0.0,0.0,0.0,2.0,0.0
1681845,0.0,0.0,0.0,0.0,0.0,0.0,0.0
1682206,0.0,0.0,0.0,0.0,0.0,1.0,0.0
1682706,0.0,0.0,0.0,0.0,0.0,0.0,0.0
1683109,0.0,2.0,0.0,0.0,0.0,0.0,0.0
1683337,0.0,2.0,0.0,0.0,0.0,1.0,0.0
1683609,0.0,0.0,0.0,0.0,0.0,1.0,0.0
1683837,0.0,0.0,0.0,0.0,0.0,0.0,0.0
1684088,0.0,0.0,0.0,0.0,0.0,1.0,0.0
1684098,0.0,0.0,0.0,0.0,0.0,2.0,0.0
1684598,0.0,0.0,0.0,0.0,0.0,0.0,0.0
1684659,0.0,0.0,0.0,0.0,1.0,0.0,0.0
1685024,0.0,0.0,0.0,0.0,1.0,1.0,0.0
1685159,0.0,0.0,0.0,0.0,0.0,1.0,0.0
1685524,0.0,0.0,0.0,0.0,0.0,0.0,0.0
1685597,0.0,0.0,0.0,0.0,0.0,1.0,0.0
1686097,0.0,0.0,0.0,0.0,0.0,0.0,0.0
1686353,0.0,0.0,0.0,0.0,0.0,1.0,0.0
1686815,0.0,0.0,0.0,0.0,0.0,2.0,0.0
1687315,0.0,0.0,0.0,0.0,0.0,0.0,0.0
1687936,0.0,0.0,0.0,0.0,0.0,1.0,0.0
1688436,0.0,0.0,0.0,0.0,0.0,0.0,0.0
1688561,0.0,0.0,0.0,0.0,0.0,1.0,0.0
1688565,0.0,0.0,0.0,0.0,0.0,2.0,0.0
1689065,0.0,0.0,0.0,0.0,0.0,0.0,0.0
1689471,0.0,0.0,0.0,0.0,0.0,1.0,0.0
1689747,0.0,0.0,0.0,0.0,0.0,2.0,0.0
1689966,0.0,0.0,0.0,0.0,1.0,2.0,0.0
1690247,0.0,0.0,0.0,0.0,1.0,0.0,0.0
1690466,0.0,0.0,0.0,0.0,0.0,0.0,0.0
1690508,0.0,0.0,0.0,0.0,0.0,1.0,0.0
1690518,0.0,0.0,0.0,0.0,0.0,2.0,0.0
1690519,0.0,0.0,0.0,0.0,1.0,2.0,0.0
1691018,0.0,0.0,0.0,0.0,1.0,0.0,0.0
1691019,0.0,0.0,0.0,0.0,0.0,0.0,0.0
1691357,0.0,0.0,0.0,0.0,0.0,1.0,0.0
1691857,0.0,0.0,0.0,0.0,0.0,0.0,0.0
1692337,0.0,0.0,0.0,0.0,0.0,1.0,0.0
1692346,0.0,0.0,0.0,0.0,0.0,2.0,0.0
1692347,0.0,0.0,0.0,0.0,1.0,2.0,0.0
1692846,0.0,0.0,0.0,0.0,1.0,0.0,0.0
1692847,0.0,0.0,0.0,0.0,0.0,0.0,0.0
1693092,0.0,2.0,0.0,0.0,0.0,0.0,0.0
1693592,0.0,0.0,0.0,0.0,0.0,0.0,0.0
1693937,0.0,0.0,0.0,0.0,0.0,1.0,0.0
1694437,0.0,0.0,0.0,0.0,0.0,0.0,0.0
1694817,0.0,0.0,0.0,0.0,0.0,1.0,0.0
1695317,0.0,0.0,0.0,0.0,0.0,0.0,0.0
1696134,0.0,0.0,0.0,0.0,0.0,1.0,0.0
1696634,0.0,0.0,0.0,0.0,0.0,0.0,0.0
1696639,0.0,0.0,0.0,0.0,0.0,1.0,0.0
1696836,0.0,0.0,0.0,0.0,0.0,2.0,0.0
1697336,0.0,0.0,0.0,0.0,0.0,0.0,0.0
1697403,0.0,0.0,0.0,0.0,0.0,1.0,0.0
1697903,0.0,0.0,0.0,0.0,0.0,0.0,0.0
1698076,0.0,0.0,0.0,0.0,0.0,1.0,0.0
1698268,0.0,0.0,0.0,0.0,0.0,2.0,0.0
1698768,0.0,0.0,0.0,0.0,0.0,0.0,0.0
1699105,0.0,0.0,0.0,0.0,0.0,1.0,0.0
1699121,0.0,0.0,0.0,0.0,0.0,2.0,0.0
1699621,0.0,0.0,0.0,0.0,0.0,0.0,0.0
1700036,0.0,0.0,0.0,0.0,0.0,1.0,0.0
1700536,0.0,0.0,0.0,0.0,0.0,0.0,0.0
1700546,0.0,0.0,0.0,0.0,0.0,1.0,0.0
1701046,0.0,0.0,0.0,0.0,0.0,0.0,0.0
1701823,0.0,0.0,0.0,0.0,0.0,1.0,0.0
1702323,0.0,0.0,0.0,0.0,0.0,0.0,0.0
1703935,0.0,0.0,0.0,0.0,0.0,1.0,0.0
1704435,0.0,0.0,0.0,0.0,0.0,0.0,0.0
1704902,0.0,0.0,0.0,0.0,0.0,1.0,0.0
1705298,0.0,0.0,0.0,0.0,0.0,2.0,0.0
1705344,0.0,0.0,0.0,0.0,1.0,2.0,0.0
1705798,0.0,0.0,0.0,0.0,1.0,0.0,0.0
1705844,0.0,0.0,0.0,0.0,0.0,0.0,0.0
1706049,0.0,0.0,0.0,0.0,0.0,1.0,0.0
1706426,0.0,0.0,0.0,0.0,0.0,2.0,0.0
1706926,0.0,0.0,0.0,0.0,0.0,0.0,0.0
1707199,0.0,0.0,0.0,0.0,0.0,1.0,0.0
1707365,0.0,0.0,0.0,0.0,0.0,2.0,0.0
1707865,0.0,0.0,0.0,0.0,0.0,0.0,0.0
1708592,0.0,0.0,0.0,0.0,0.0,1.0,0.0
1709092,0.0,0.0,0.0,0.0,0.0,0.0,0.0
1710259,0.0,0.0,0.0,0.0,0.0,1.0,0.0
1710759,0.0,0.0,0.0,0.0,0.0,0.0,0.0
1710875,0.0,0.0,0.0,0.0,0.0,1.0,0.0
1711375,0.0,0.0,0.0,0.0,0.0,0.0,0.0
1711853,0.0,0.0,0.0,0.0,0.0,1.0,0.0
1712353,0.0,0.0,0.0,0.0,0.0,0.0,0.0
1712567,0.0,0.0,0.0,0.0,0.0,1.0,0.0
1713067,0.0,0.0,0.0,0.0,0.0,0.0,0.0
1713211,0.0,0.0,0.0,0.0,0.0,1.0,0.0
1713711,0.0,0.0,0.0,0.0,0.0,0.0,0.0
1714768,0.0,0.0,0.0,0.0,0.0,1.0,0.0
1715244,0.0,0.0,0.0,0.0,0.0,2.0,0.0
1715744,0.0,0.0,0.0,0.0,0.0,0.0,0.0
1715920,0.0,0.0,0.0,0.0,0.0,1.0,0.0
1716420,0.0,0.0,0.0,0.0,0.0,0.0,0.0
1724055,0.0,0.0,0.0,0.0,0.0,1.0,0.0
1724164,0.0,0.0,0.0,0.0,0.0,2.0,0.0
1724664,0.0,0.0,0.0,0.0,0.0,0.0,0.0
1725633,0.0,0.0,0.0,0.0,0.0,1.0,0.0
1725635,0.0,0.0,0.0,0.0,0.0,2.0,0.0
1726135,0.0,0.0,0.0,0.0,0.0,0.0,0.0
1727366,0.0,0.0,0.0,0.0,1.0,1.0,0.0
1727866,0.0,0.0,0.0,0.0,0.0,0.0,0.0
1727873,0.0,0.0,0.0,0.0,1.0,0.0,0.0
1727890,0.0,0.0,0.0,0.0,1.0,1.0,0.0
1728373,0.0,0.0,0.0,0.0,0.0,1.0,0.0
1728390,0.0,0.0,0.0,0.0,0.0,0.0,0.0
1729336,0.0,0.0,0.0,0.0,0.0,1.0,0.0
1729836,0.0,0.0,0.0,0.0,0.0,0.0,0.0
1730477,0.0,0.0,0.0,0.0,0.0,1.0,0.0
1730977,0.0,0.0,0.0,0.0,0.0,0.0,0.0
1731743,0.0,0.0,0.0,0.0,0.0,1.0,0.0
1732243,0.0,0.0,0.0,0.0,0.0,0.0,0.0
1735052,0.0,0.0,0.0,0.0,0.0,1.0,0.0
1735552,0.0,0.0,0.0,0.0,0.0,0.0,0.0
1738717,0.0,0.0,0.0,0.0,0.0,1.0,0.0
1738719,0.0,0.0,0.0,0.0,0.0,2.0,0.0
1739219,0.0,0.0,0.0,0.0,0.0,0.0,0.0
1740677,0.0,0.0,0.0,0.0,0.0,1.0,0.0
1741177,0.0,0.0,0.0,0.0,0.0,0.0,0.0
1747851,0.0,0.0,0.0,0.0,0.0,1.0,0.0
1748351,0.0,0.0,0.0,0.0,0.0,0.0,0.0
1748359,0.0,0.0,0.0,0.0,0.0,1.0,0.0
1748364,0.0,0.0,0.0,0.0,0.0,2.0,0.0
1748864,0.0,0.0,0.0,0.0,0.0,0.0,0.0
1749193,0.0,0.0,0.0,0.0,0.0,1.0,0.0
1749218,0.0,0.0,0.0,0.0,0.0,2.0,0.0
1749718,0.0,0.0,0.0,0.0,0.0,0.0,0.0
1749838,0.0,0.0,0.0,0.0,0.0,1.0,0.0
1750338,0.0,0.0,0.0,0.0,0.0,0.0,0.0
1750531,0.0,0.0,0.0,0.0,0.0,1.0,0.0
1751031,0.0,0.0,0.0,0.0,0.0,0.0,0.0
1753566,0.0,0.0,0.0,0.0,0.0,1.0,0.0
1754066,0.0,0.0,0.0,0.0,0.0,0.0,0.0
1756267,0.0,0.0,0.0,0.0,0.0,1.0,0.0
1756767,0.0,0.0,0.0,0.0,0.0,0.0,0.0
1757530,0.0,0.0,0.0,0.0,0.0,1.0,0.0
1758030,0.0,0.0,0.0,0.0,0.0,0.0,0.0
1760166,0.0,0.0,0.0,0.0,0.0,1.0,0.0
1760172,0.0,0.0,0.0,0.0,0.0,2.0,0.0
1760672,0.0,0.0,0.0,0.0,0.0,0.0,0.0
1762612,0.0,0.0,0.0,0.0,1.0,1.0,0.0
1763112,0.0,0.0,0.0,0.0,0.0,0.0,0.0
1763338,0.0,0.0,0.0,0.0,0.0,1.0,0.0
1763343,0.0,0.0,0.0,0.0,0.0,2.0,0.0
1763843,0.0,0.0,0.0,0.0,0.0,0.0,0.0
1764087,0.0,0.0,0.0,0.0,0.0,1.0,0.0
1764587,0.0,0.0,0.0,0.0,0.0,0.0,0.0
1770770,0.0,0.0,0.0,0.0,0.0,1.0,0.0
1771259,0.0,0.0,0.0,0.0,0.0,2.0,0.0
1771759,0.0,0.0,0.0,0.0,0.0,0.0,0.0
1772567,0.0,0.0,0.0,0.0,0.0,1.0,0.0
1773067,0.0,0.0,0.0,0.0,0.0,0.0,0.0
1773829,0.0,0.0,0.0,0.0,0.0,1.0,0.0
1774329,0.0,0.0,0.0,0.0,0.0,0.0,0.0
1774548,0.0,0.0,0.0,0.0,0.0,1.0,0.0
1775048,0.0,0.0,0.0,0.0,0.0,0.0,0.0
1776965,0.0,0.0,0.0,0.0,0.0,1.0,0.0
1776966,0.0,0.0,0.0,0.0,0.0,2.0,0.0
1777466,0.0,0.0,0.0,0.0,0.0,0.0,0.0
1781711,0.0,0.0,0.0,0.0,0.0,1.0,0.0
1782211,0.0,0.0,0.0,0.0,0.0,0.0,0.0
1783865,0.0,0.0,0.0,0.0,0.0,1.0,0.0
1784040,0.0,0.0,0.0,0.0,0.0,2.0,0.0
1784540,0.0,0.0,0.0,0.0,0.0,0.0,0.0
1785054,0.0,0.0,0.0,0.0,0.0,1.0,0.0
1785554,0.0,0.0,0.0,0.0,0.0,0.0,0.0
1788806,0.0,0.0,0.0,0.0,0.0,1.0,0.0
1789306,0.0,0.0,0.0,0.0,0.0,0.0,0.0
1789710,0.0,0.0,0.0,0.0,0.0,1.0,0.0
1790210,0.0,0.0,0.0,0.0,0.0,0.0,0.0
1791274,0.0,0.0,0.0,0.0,0.0,1.0,0.0
1791774,0.0,0.0,0.0,0.0,0.0,0.0,0.0
1796360,0.0,0.0,0.0,0.0,0.0,1.0,0.0
1796550,0.0,0.0,0.0,0.0,0.0,2.0,0.0
1797050,0.0,0.0,0.0,0.0,0.0,0.0,0.0
1801511,0.0,0.0,0.0,0.0,0.0,1.0,0.0
1802011,0.0,0.0,0.0,0.0,0.0,0.0,0.0
1802028,0.0,0.0,0.0,0.0,0.0,1.0,0.0
1802528,0.0,0.0,0.0,0.0,0.0,0.0,0.0
1803010,0.0,0.0,0.0,0.0,0.0,1.0,0.0
1803510,0.0,0.0,0.0,0.0,0.0,0.0,0.0
1805059,0.0,0.0,0.0,0.0,0.0,1.0,0.0
1805559,0.0,0.0,0.0,0.0,0.0,0.0,0.0
1809406,0.0,0.0,0.0,0.0,0.0,1.0,0.0
1809414,0.0,0.0,0.0,0.0,0.0,2.0,0.0
1809914,0.0,0.0,0.0,0.0,0.0,0.0,0.0
1810873,0.0,0.0,0.0,0.0,0.0,1.0,0.0
1811373,0.0,0.0,0.0,0.0,0.0,0.0,0.0
1811449,0.0,0.0,0.0,0.0,0.0,1.0,0.0
1811949,0.0,0.0,0.0,0.0,0.0,0.0,0.0
1813534,0.0,0.0,0.0,0.0,0.0,1.0,0.0
1814034,0.0,0.0,0.0,0.0,0.0,0.0,0.0
1814133,0.0,0.0,0.0,0.0,0.0,1.0,0.0
1814633,0.0,0.0,0.0,0.0,0.0,0.0,0.0
1815901,0.0,0.0,0.0,0.0,0.0,1.0,0.0
1816401,0.0,0.0,0.0,0.0,0.0,0.0,0.0
1817000,0.0,0.0,0.0,0.0,0.0,0.0,1.0
1817152,0.0,0.0,0.0,0.0,0.0,1.0,1.0
1817492,0.0,0.0,0.0,0.0,0.0,2.0,1.0
1817500,0.0,0.0,0.0,0.0,0.0,2.0,0.0
1817599,2.0,0.0,0.0,0.0,0.0,2.0,0.0
1817745,2.0,2.0,0.0,0.0,0.0,2.0,0.0
1817905,2.0,2.0,0.0,0.0,1.0,2.0,0.0
1817992,2.0,2.0,0.0,0.0,1.0,0.0,0.0
1818005,2.0,2.0,0.0,0.0,1.0,1.0,0.0
1818019,2.0,2.0,0.0,0.0,2.0,1.0,0.0
1818099,0.0,2.0,0.0,0.0,2.0,1.0,0.0
1818245,0.0,0.0,0.0,0.0,2.0,1.0,0.0
1818284,0.0,0.0,0.0,0.0,2.0,2.0,0.0
1818495,2.0,0.0,0.0,0.0,2.0,2.0,0.0
1818519,2.0,0.0,0.0,0.0,0.0,2.0,0.0
1818784,2.0,0.0,0.0,0.0,0.0,0.0,0.0
1818995,0.0,0.0,0.0,0.0,0.0,0.0,0.0
1819263,0.0,0.0,1.0,0.0,0.0,0.0,0.0
1819641,0.0,0.0,1.0,0.0,0.0,1.0,0.0
1819644,0.0,0.0,1.0,0.0,0.0,2.0,0.0
1820144,0.0,0.0,1.0,0.0,0.0,0.0,0.0
1820260,0.0,0.0,1.0,0.0,0.0,1.0,0.0
1820266,0.0,0.0,1.0,0.0,0.0,2.0,0.0
1820766,0.0,0.0,1.0,0.0,0.0,0.0,0.0
1820805,0.0,0.0,1.0,0.0,0.0,1.0,0.0
1820821,0.0,0.0,2.0,0.0,0.0,1.0,0.0
1820824,0.0,0.0,2.0,0.0,0.0,2.0,0.0
1821321,0.0,0.0,0.0,0.0,0.0,2.0,0.0
1821324,0.0,0.0,0.0,0.0,0.0,0.0,0.0
1821661,0.0,0.0,0.0,0.0,0.0,1.0,0.0
1821710,0.0,0.0,0.0,0.0,0.0,2.0,0.0
1822210,0.0,0.0,0.0,0.0,0.0,0.0,0.0
1822493,0.0,0.0,0.0,0.0,0.0,1.0,0.0
1822993,0.0,0.0,0.0,0.0,0.0,0.0,0.0
1822997,0.0,2.0,0.0,0.0,0.0,0.0,0.0
1823379,0.0,2.0,0.0,0.0,0.0,1.0,0.0
1823497,0.0,0.0,0.0,0.0,0.0,1.0,0.0
1823879,0.0,0.0,0.0,0.0,0.0,0.0,0.0
1823966,0.0,0.0,0.0,0.0,0.0,1.0,0.0
1824466,0.0,0.0,0.0,0.0,0.0,0.0,0.0
1825033,0.0,0.0,0.0,0.0,0.0,1.0,0.0
1825531,0.0,0.0,0.0,0.0,0.0,2.0,0.0
1826031,0.0,0.0,0.0,0.0,0.0,0.0,0.0
1826104,0.0,0.0,0.0,0.0,0.0,1.0,0.0
1826604,0.0,0.0,0.0,0.0,0.0,0.0,0.0
1826617,0.0,0.0,0.0,0.0,0.0,1.0,0.0
1826620,0.0,0.0,0.0,0.0,0.0,2.0,0.0
1826624,0.0,0.0,0.0,0.0,1.0,2.0,0.0
1827120,0.0,0.0,0.0,0.0,1.0,0.0,0.0
1827124,0.0,0.0,0.0,0.0,0.0,0.0,0.0
1827397,0.0,0.0,0.0,0.0,0.0,1.0,0.0
1827897,0.0,0.0,0.0,0.0,0.0,0.0,0.0
1828087,0.0,0.0,0.0,0.0,0.0,1.0,0.0
1828587,0.0,0.0,0.0,0.0,0.0,0.0,0.0
1828932,0.0,0.0,0.0,0.0,0.0,1.0,0.0
1829432,0.0,0.0,0.0,0.0,0.0,0.0,0.0
1829496,0.0,0.0,0.0,0.0,0.0,1.0,0.0
1829996,0.0,0.0,0.0,0.0,0.0,0.0,0.0
1830460,0.0,0.0,0.0,0.0,0.0,1.0,0.0
1830488,0.0,0.0,0.0,0.0,0.0,2.0,0.0
1830988,0.0,0.0,0.0,0.0,0.0,0.0,0.0
1831128,0.0,0.0,0.0,0.0,0.0,1.0,0.0
1831628,0.0,0.0,0.0,0.0,0.0,0.0,0.0
1831759,0.0,0.0,0.0,0.0,0.0,1.0,0.0
1832259,0.0,0.0,0.0,0.0,0.0,0.0,0.0
1832291,0.0,0.0,0.0,0.0,0.0,1.0,0.0
1832295,0.0,0.0,0.0,0.0,0.0,2.0,0.0
1832795,0.0,0.0,0.0,0.0,0.0,0.0,0.0
1833332,0.0,0.0,0.0,0.0,0.0,1.0,0.0
1833601,0.0,0.0,0.0,0.0,0.0,2.0,0.0
1834101,0.0,0.0,0.0,0.0,0.0,0.0,0.0
1834263,0.0,0.0,0.0,0.0,0.0,1.0,0.0
1834763,0.0,0.0,0.0,0.0,0.0,0.0,0.0
1835179,0.0,0.0,0.0,0.0,0.0,1.0,0.0
1835679,0.0,0.0,0.0,0.0,0.0,0.0,0.0
1835852,0.0,0.0,0.0,0.0,0.0,1.0,0.0
1836096,0.0,0.0,0.0,0.0,0.0,2.0,0.0
1836596,0.0,0.0,0.0,0.0,0.0,1.0,0.0
1837096,0.0,0.0,0.0,0.0,0.0,0.0,0.0
1837771,0.0,0.0,0.0,0.0,0.0,1.0,0.0
1838268,0.0,0.0,0.0,0.0,0.0,2.0,0.0
1838768,0.0,0.0,0.0,0.0,0.0,0.0,0.0
1839178,0.0,0.0,0.0,0.0,0.0,1.0,0.0
1839678,0.0,0.0,0.0,0.0,0.0,0.0,0.0
1839752,0.0,0.0,0.0,0.0,0.0,1.0,0.0
1840252,0.0,0.0,0.0,0.0,0.0,0.0,0.0
1840329,0.0,0.0,0.0,0.0,0.0,1.0,0.0
1840333,0.0,0.0,0.0,0.0,0.0,2.0,0.0
1840833,0.0,0.0,0.0,0.0,0.0,0.0,0.0
1840859,0.0,0.0,0.0,0.0,0.0,1.0,0.0
1841359,0.0,0.0,0.0,0.0,0.0,0.0,0.0
1843004,0.0,0.0,0.0,0.0,0.0,1.0,0.0
1843504,0.0,0.0,0.0,0.0,0.0,0.0,0.0
1843727,0.0,0.0,0.0,0.0,0.0,1.0,0.0
1844227,0.0,0.0,0.0,0.0,0.0,0.0,0.0
1844555,0.0,0.0,0.0,0.0,0.0,1.0,0.0
1844558,0.0,0.0,0.0,0.0,0.0,2.0,0.0
1845058,0.0,0.0,0.0,0.0,0.0,0.0,0.0
1845208,0.0,0.0,0.0,0.0,0.0,1.0,0.0
1845438,0.0,0.0,0.0,0.0,0.0,2.0,0.0
1845938,0.0,0.0,0.0,0.0,0.0,0.0,0.0
1846000,0.0,0.0,0.0,0.0,0.0,1.0,0.0
1846003,0.0,2.0,0.0,0.0,0.0,1.0,0.0
1846004,0.0,2.0,0.0,0.0,0.0,2.0,0.0
1846503,0.0,0.0,0.0,0.0,0.0,2.0,0.0
1846504,0.0,0.0,0.0,0.0,0.0,0.0,0.0
1847341,0.0,0.0,0.0,0.0,0.0,1.0,0.0
1847747,0.0,0.0,1.0,0.0,0.0,1.0,0.0
1847841,0.0,0.0,1.0,0.0,0.0,0.0,0.0
1848747,0.0,0.0,0.0,0.0,0.0,0.0,0.0
1848928,0.0,0.0,0.0,0.0,0.0,1.0,0.0
1849118,0.0,0.0,0.0,0.0,0.0,2.0,0.0
1849618,0.0,0.0,0.0,0.0,0.0,0.0,0.0
1849752,0.0,0.0,0.0,0.0,0.0,1.0,0.0
1850252,0.0,0.0,0.0,0.0,0.0,0.0,0.0
1850453,0.0,0.0,0.0,0.0,0.0,1.0,0.0
1850953,0.0,0.0,0.0,0.0,0.0,0.0,0.0
1851441,0.0,0.0,0.0,0.0,0.0,1.0,0.0
1851805,0.0,0.0,0.0,0.0,0.0,2.0,0.0
1852305,0.0,0.0,0.0,0.0,0.0,0.0,0.0
1852361,0.0,0.0,0.0,0.0,0.0,1.0,0.0
1852465,0.0,0.0,0.0,0.0,0.0,2.0,0.0
1852965,0.0,0.0,0.0,0.0,0.0,0.0,0.0
1854687,0.0,0.0,0.0,0.0,0.0,1.0,0.0
1855187,0.0,0.0,0.0,0.0,0.0,0.0,0.0
1855585,0.0,0.0,0.0,0.0,0.0,1.0,0.0
1856085,0.0,0.0,0.0,0.0,0.0,0.0,0.0
1856157,0.0,0.0,0.0,0.0,0.0,1.0,0.0
1856222,0.0,0.0,0.0,0.0,0.0,2.0,0.0
1856722,0.0,0.0,0.0,0.0,0.0,0.0,0.0
1857873,0.0,0.0,0.0,0.0,0.0,1.0,0.0
1857939,0.0,0.0,0.0,0.0,0.0,2.0,0.0
1857985,0.0,2.0,0.0,0.0,0.0,2.0,0.0
1858439,0.0,2.0,0.0,0.0,0.0,0.0,0.0
1858485,0.0,0.0,0.0,0.0,0.0,0.0,0.0
1858691,0.0,0.0,0.0,0.0,0.0,1.0,0.0
1859191,0.0,0.0,0.0,0.0,0.0,0.0,0.0
1859343,0.0,0.0,0.0,0.0,0.0,1.0,0.0
1859510,0.0,0.0,0.0,0.0,0.0,2.0,0.0
1860010,0.0,0.0,0.0,0.0,0.0,0.0,0.0
1860421,0.0,0.0,0.0,0.0,0.0,1.0,0.0
1860424,0.0,0.0,0.0,0.0,0.0,2.0,0.0
1860924,0.0,0.0,0.0,0.0,0.0,0.0,0.0
1861075,0.0,0.0,0.0,0.0,0.0,1.0,0.0
1861177,0.0,0.0,1.0,0.0,0.0,1.0,0.0
1861282,0.0,0.0,1.0,0.0,0.0,2.0,0.0
1861405,0.0,0.0,1.0,0.0,1.0,2.0,0.0
1861782,0.0,0.0,1.0,0.0,1.0,0.0,0.0
1861905,0.0,0.0,1.0,0.0,0.0,0.0,0.0
1862677,0.0,0.0,0.0,0.0,0.0,0.0,0.0
1862682,0.0,0.0,1.0,0.0,0.0,0.0,0.0
1862870,0.0,0.0,1.0,0.0,0.0,1.0,0.0
1862876,0.0,0.0,1.0,0.0,0.0,2.0,0.0
1863182,0.0,0.0,0.0,0.0,0.0,2.0,0.0
1863376,0.0,0.0,0.0,0.0,0.0,0.0,0.0
1864037,0.0,0.0,0.0,0.0,0.0,1.0,0.0
1864537,0.0,0.0,0.0,0.0,0.0,0.0,0.0
1864691,0.0,0.0,0.0,0.0,0.0,1.0,0.0
1865191,0.0,0.0,0.0,0.0,0.0,0.0,0.0
1865227,0.0,0.0,0.0,0.0,0.0,1.0,0.0
1865533,0.0,0.0,0.0,0.0,0.0,2.0,0.0
1865629,0.0,0.0,1.0,0.0,0.0,2.0,0.0
1866033,0.0,0.0,1.0,0.0,0.0,0.0,0.0
1866129,0.0,0.0,0.0,0.0,0.0,0.0,0.0
1866550,0.0,0.0,1.0,0.0,0.0,0.0,0.0
1866664,0.0,0.0,1.0,0.0,0.0,1.0,0.0
1867050,0.0,0.0,0.0,0.0,0.0,1.0,0.0
1867164,0.0,0.0,0.0,0.0,0.0,0.0,0.0
1867695,0.0,0.0,0.0,0.0,0.0,1.0,0.0
1868195,0.0,0.0,0.0,0.0,0.0,0.0,0.0
1868536,0.0,0.0,0.0,0.0,0.0,1.0,0.0
1869036,0.0,0.0,0.0,0.0,0.0,0.0,0.0
1869794,0.0,0.0,0.0,0.0,0.0,1.0,0.0
1869813,0.0,0.0,0.0,0.0,0.0,2.0,0.0
1870313,0.0,0.0,0.0,0.0,0.0,0.0,0.0
1870736,0.0,0.0,0.0,0.0,0.0,1.0,0.0
1870920,0.0,0.0,0.0,0.0,0.0,2.0,0.0
1871420,0.0,0.0,0.0,0.0,0.0,0.0,0.0
1871476,0.0,0.0,0.0,0.0,0.0,1.0,0.0
1871976,0.0,0.0,0.0,0.0,0.0,0.0,0.0
1872139,0.0,0.0,0.0,0.0,0.0,1.0,0.0
1872336,0.0,0.0,0.0,0.0,0.0,2.0,0.0
1872836,0.0,0.0,0.0,0.0,0.0,0.0,0.0
1872866,0.0,0.0,0.0,0.0,0.0,1.0,0.0
1873366,0.0,0.0,0.0,0.0,0.0,0.0,0.0
1873420,0.0,0.0,0.0,0.0,0.0,1.0,0.0
1873844,0.0,0.0,0.0,0.0,0.0,2.0,0.0
1874344,0.0,0.0,0.0,0.0,0.0,0.0,0.0
1874479,0.0,0.0,0.0,0.0,0.0,1.0,0.0
1874629,0.0,0.0,0.0,0.0,0.0,2.0,0.0
1874924,0.0,2.0,0.0,0.0,0.0,2.0,0.0
1875129,0.0,2.0,0.0,0.0,0.0,0.0,0.0
1875342,0.0,2.0,0.0,0.0,0.0,1.0,0.0
1875424,0.0,0.0,0.0,0.0,0.0,1.0,0.0
1875842,0.0,0.0,0.0,0.0,0.0,0.0,0.0
1875855,0.0,0.0,0.0,0.0,0.0,1.0,0.0
1875862,0.0,0.0,0.0,0.0,0.0,2.0,0.0
1876362,0.0,0.0,0.0,0.0,0.0,0.0,0.0
1876413,0.0,0.0,0.0,0.0,0.0,1.0,0.0
1876416,0.0,0.0,0.0,0.0,0.0,2.0,0.0
1876877,0.0,0.0,1.0,0.0,0.0,2.0,0.0
1876916,0.0,0.0,1.0,0.0,0.0,0.0,0.0
1877631,0.0,0.0,1.0,0.0,0.0,1.0,0.0
1877877,0.0,0.0,0.0,0.0,0.0,1.0,0.0
1877898,0.0,0.0,1.0,0.0,0.0,1.0,0.0
1878131,0.0,0.0,1.0,0.0,0.0,0.0,0.0
1878482,0.0,0.0,1.0,0.0,0.0,1.0,0.0
1878982,0.0,0.0,1.0,0.0,0.0,0.0,0.0
1880177,0.0,0.0,1.0,0.0,0.0,1.0,0.0
1880677,0.0,0.0,1.0,0.0,0.0,0.0,0.0
1880781,0.0,0.0,1.0,0.0,0.0,1.0,0.0
1881281,0.0,0.0,1.0,0.0,0.0,0.0,0.0
1881325,0.0,0.0,1.0,0.0,0.0,1.0,0.0
1881825,0.0,0.0,1.0,0.0,0.0,0.0,0.0
1882403,0.0,0.0,1.0,0.0,0.0,1.0,0.0
1882443,0.0,0.0,1.0,0.0,0.0,2.0,0.0
1882943,0.0,0.0,1.0,0.0,0.0,0.0,0.0
1883091,0.0,0.0,1.0,0.0,0.0,1.0,0.0
1883503,0.0,0.0,1.0,0.0,0.0,2.0,0.0
1884003,0.0,0.0,1.0,0.0,0.0,0.0,0.0
1884224,0.0,0.0,1.0,0.0,0.0,1.0,0.0
1884724,0.0,0.0,1.0,0.0,0.0,0.0,0.0
1885001,0.0,0.0,1.0,0.0,0.0,1.0,0.0
1885501,0.0,0.0,1.0,0.0,0.0,0.0,0.0
1885825,0.0,0.0,1.0,0.0,0.0,1.0,0.0
1885898,0.0,0.0,0.0,0.0,0.0,1.0,0.0
1885901,0.0,0.0,1.0,0.0,0.0,1.0,0.0
1885903,0.0,0.0,1.0,0.0,0.0,2.0,0.0
1886403,0.0,0.0,1.0,0.0,0.0,0.0,0.0
1886810,0.0,0.0,1.0,0.0,0.0,1.0,0.0
1887310,0.0,0.0,1.0,0.0,0.0,0.0,0.0
1887817,0.0,0.0,1.0,0.0,0.0,1.0,0.0
1887965,0.0,0.0,1.0,0.0,0.0,2.0,0.0
1888465,0.0,0.0,1.0,0.0,0.0,0.0,0.0
1888508,0.0,0.0,1.0,0.0,0.0,1.0,0.0
1888582,0.0,0.0,1.0,0.0,0.0,2.0,0.0
1889082,0.0,0.0,1.0,0.0,0.0,0.0,0.0
1890015,0.0,0.0,1.0,0.0,0.0,1.0,0.0
1890515,0.0,0.0,1.0,0.0,0.0,0.0,0.0
1890915,0.0,0.0,1.0,0.0,0.0,1.0,0.0
1891415,0.0,0.0,1.0,0.0,0.0,0.0,0.0
1891622,0.0,0.0,1.0,0.0,0.0,1.0,0.0
1892622,0.0,0.0,1.0,0.0,0.0,0.0,0.0
1892819,0.0,0.0,1.0,0.0,0.0,1.0,0.0
1892822,0.0,0.0,1.0,0.0,0.0,2.0,0.0
1893322,0.0,0.0,1.0,0.0,0.0,0.0,0.0
1894410,0.0,0.0,1.0,0.0,0.0,1.0,0.0
1894910,0.0,0.0,1.0,0.0,0.0,0.0,0.0
1894987,0.0,0.0,1.0,0.0,0.0,1.0,0.0
1895078,0.0,0.0,1.0,0.0,0.0,2.0,0.0
1895578,0.0,0.0,1.0,0.0,0.0,0.0,0.0
1895977,0.0,0.0,1.0,0.0,0.0,1.0,0.0
1895991,0.0,0.0,1.0,0.0,0.0,2.0,0.0
1896491,0.0,0.0,1.0,0.0,0.0,0.0,0.0
1897156,0.0,0.0,1.0,0.0,0.0,1.0,0.0
1897286,0.0,0.0,1.0,0.0,0.0,2.0,0.0
1897786,0.0,0.0,1.0,0.0,0.0,0.0,0.0
1898156,0.0,0.0,1.0,0.0,0.0,1.0,0.0
1898194,0.0,0.0,1.0,0.0,0.0,2.0,0.0
1898694,0.0,0.0,1.0,0.0,0.0,0.0,0.0
1898873,0.0,0.0,1.0,0.0,0.0,1.0,0.0
1898875,0.0,0.0,1.0,0.0,0.0,2.0,0.0
1899375,0.0,0.0,1.0,0.0,0.0,0.0,0.0
1899767,0.0,0.0,1.0,0.0,0.0,1.0,0.0
1899785,0.0,0.0,1.0,0.0,0.0,2.0,0.0
1900285,0.0,0.0,1.0,0.0,0.0,0.0,0.0
1900578,0.0,0.0,1.0,0.0,0.0,1.0,0.0
1901078,0.0,0.0,1.0,0.0,0.0,0.0,0.0
1901239,0.0,0.0,1.0,0.0,0.0,1.0,0.0
1901739,0.0,0.0,1.0,0.0,0.0,0.0,0.0
1901954,0.0,0.0,1.0,0.0,0.0,1.0,0.0
1902401,0.0,0.0,0.0,0.0,0.0,1.0,0.0
1902421,0.0,0.0,1.0,0.0,0.0,1.0,0.0
1902454,0.0,0.0,1.0,0.0,0.0,0.0,0.0
1902508,0.0,0.0,1.0,0.0,0.0,1.0,0.0
1902513,0.0,0.0,1.0,0.0,0.0,2.0,0.0
1903013,0.0,0.0,1.0,0.0,0.0,0.0,0.0
1903421,0.0,0.0,0.0,0.0,0.0,0.0,0.0
1903603,0.0,0.0,0.0,0.0,0.0,1.0,0.0
1904103,0.0,0.0,0.0,0.0,0.0,0.0,0.0
1904152,0.0,0.0,0.0,0.0,0.0,1.0,0.0
1904155,0.0,0.0,0.0,0.0,0.0,2.0,0.0
1904577,0.0,0.0,1.0,0.0,0.0,2.0,0.0
1904655,0.0,0.0,1.0,0.0,0.0,0.0,0.0
1906077,0.0,0.0,0.0,0.0,0.0,0.0,0.0
1906117,0.0,0.0,0.0,0.0,0.0,1.0,0.0
1907117,0.0,0.0,0.0,0.0,0.0,0.0,0.0
1907237,0.0,0.0,0.0,0.0,0.0,1.0,0.0
1907243,0.0,0.0,0.0,0.0,0.0,2.0,0.0
1907583,0.0,0.0,1.0,0.0,0.0,2.0,0.0
1907743,0.0,0.0,1.0,0.0,0.0,0.0,0.0
1908083,0.0,0.0,0.0,0.0,0.0,0.0,0.0
1908895,0.0,0.0,0.0,0.0,0.0,1.0,0.0
1908988,0.0,0.0,1.0,0.0,0.0,1.0,0.0
1909395,0.0,0.0,1.0,0.0,0.0,0.0,0.0
1909488,0.0,0.0,0.0,0.0,0.0,0.0,0.0
1909536,0.0,0.0,1.0,0.0,0.0,0.0,0.0
1910036,0.0,0.0,0.0,0.0,0.0,0.0,0.0
1910056,0.0,0.0,0.0,0.0,0.0,1.0,0.0
1910556,0.0,0.0,0.0,0.0,0.0,0.0,0.0
1911017,0.0,0.0,0.0,0.0,0.0,1.0,0.0
1911517,0.0,0.0,0.0,0.0,0.0,0.0,0.0
1911544,0.0,0.0,0.0,0.0,0.0,1.0,0.0
1912044,0.0,0.0,0.0,0.0,0.0,0.0,0.0
1912737,0.0,0.0,0.0,0.0,0.0,1.0,0.0
1912753,0.0,0.0,0.0,0.0,0.0,2.0,0.0
1913253,0.0,0.0,0.0,0.0,0.0,0.0,0.0
1913438,0.0,0.0,0.0,0.0,0.0,1.0,0.0
1913938,0.0,0.0,0.0,0.0,0.0,0.0,0.0
1914125,0.0,0.0,0.0,0.0,0.0,1.0,0.0
1914625,0.0,0.0,0.0,0.0,0.0,0.0,0.0
1914700,0.0,0.0,0.0,0.0,0.0,1.0,0.0
1914871,0.0,0.0,0.0,0.0,0.0,2.0,0.0
1915371,0.0,0.0,0.0,0.0,0.0,0.0,0.0
1915396,0.0,0.0,0.0,0.0,0.0,1.0,0.0
1915896,0.0,0.0,0.0,0.0,0.0,0.0,0.0
1915933,0.0,0.0,0.0,0.0,0.0,1.0,0.0
1915994,0.0,0.0,0.0,0.0,0.0,2.0,0.0
1916494,0.0,0.0,0.0,0.0,0.0,0.0,0.0
1917107,0.0,0.0,0.0,0.0,0.0,1.0,0.0
1917114,0.0,0.0,0.0,0.0,0.0,2.0,0.0
1917328,0.0,2.0,0.0,0.0,0.0,2.0,0.0
1917614,0.0,2.0,0.0,0.0,0.0,0.0,0.0
1917761,0.0,2.0,0.0,0.0,0.0,1.0,0.0
1917828,0.0,0.0,0.0,0.0,0.0,1.0,0.0
1918261,0.0,0.0,0.0,0.0,0.0,0.0,0.0
1922140,0.0,0.0,0.0,0.0,0.0,1.0,0.0
1922640,0.0,0.0,0.0,0.0,0.0,0.0,0.0
1924854,0.0,0.0,0.0,0.0,0.0,1.0,0.0
1925354,0.0,0.0,0.0,0.0,0.0,0.0,0.0
1926072,0.0,0.0,0.0,0.0,0.0,1.0,0.0
1926073,0.0,0.0,0.0,0.0,1.0,1.0,0.0
1926572,0.0,0.0,0.0,0.0,1.0,0.0,0.0
1926573,0.0,0.0,0.0,0.0,0.0,0.0,0.0
1926649,0.0,0.0,0.0,0.0,1.0,0.0,0.0
1926650,0.0,0.0,0.0,0.0,2.0,1.0,0.0
1927150,0.0,0.0,0.0,0.0,0.0,0.0,0.0
1930346,0.0,0.0,0.0,0.0,0.0,1.0,0.0
1930846,0.0,0.0,0.0,0.0,0.0,0.0,0.0
1932516,0.0,0.0,0.0,0.0,0.0,1.0,0.0
1933016,0.0,0.0,0.0,0.0,0.0,0.0,0.0
1934790,0.0,0.0,0.0,0.0,0.0,1.0,0.0
1935290,0.0,0.0,0.0,0.0,0.0,0.0,0.0
1936259,0.0,0.0,0.0,0.0,0.0,1.0,0.0
1936759,0.0,0.0,0.0,0.0,0.0,0.0,0.0
1938880,0.0,0.0,0.0,0.0,0.0,1.0,0.0
1939380,0.0,0.0,0.0,0.0,0.0,0.0,0.0
1941161,0.0,0.0,0.0,0.0,0.0,1.0,0.0
1941661,0.0,0.0,0.0,0.0,0.0,0.0,0.0
1941805,0.0,0.0,0.0,0.0,0.0,1.0,0.0
1942305,0.0,0.0,0.0,0.0,0.0,0.0,0.0
1943113,0.0,0.0,0.0,0.0,0.0,1.0,0.0
1943114,0.0,0.0,0.0,0.0,0.0,2.0,0.0
1943614,0.0,0.0,0.0,0.0,0.0,0.0,0.0
1945043,0.0,0.0,0.0,0.0,1.0,0.0,0.0
1945543,0.0,0.0,0.0,0.0,0.0,0.0,0.0
1946413,0.0,0.0,0.0,0.0,0.0,1.0,0.0
1946913,0.0,0.0,0.0,0.0,0.0,0.0,0.0
1950458,0.0,0.0,0.0,0.0,0.0,1.0,0.0
1950958,0.0,0.0,0.0,0.0,0.0,0.0,0.0
1951607,0.0,0.0,0.0,0.0,0.0,1.0,0.0
1952107,0.0,0.0,0.0,0.0,0.0,0.0,0.0
1952376,0.0,0.0,0.0,0.0,0.0,1.0,0.0
1952876,0.0,0.0,0.0,0.0,0.0,0.0,0.0
1953660,0.0,0.0,0.0,0.0,0.0,1.0,0.0
1954160,0.0,0.0,0.0,0.0,0.0,0.0,0.0
1956932,0.0,0.0,0.0,0.0,0.0,1.0,0.0
1957432,0.0,0.0,0.0,0.0,0.0,0.0,0.0
1963678,0.0,0.0,0.0,0.0,0.0,1.0,0.0
1964178,0.0,0.0,0.0,0.0,0.0,0.0,0.0
1964278,0.0,0.0,0.0,0.0,0.0,1.0,0.0
1964645,0.0,0.0,0.0,0.0,0.0,2.0,0.0
1965145,0.0,0.0,0.0,0.0,0.0,0.0,0.0
1966511,0.0,0.0,0.0,0.0,0.0,1.0,0.0
1966513,0.0,0.0,0.0,0.0,0.0,2.0,0.0
1967013,0.0,0.0,0.0,0.0,0.0,0.0,0.0
1968237,0.0,0.0,0.0,0.0,0.0,1.0,0.0
1968737,0.0,0.0,0.0,0.0,0.0,0.0,0.0
1969898,0.0,0.0,0.0,0.0,1.0,0.0,0.0
1970398,0.0,0.0,0.0,0.0,0.0,0.0,0.0
1971085,0.0,0.0,0.0,0.0,0.0,1.0,0.0
1971585,0.0,0.0,0.0,0.0,0.0,0.0,0.0
1972307,0.0,0.0,0.0,0.0,0.0,1.0,0.0
1972807,0.0,0.0,0.0,0.0,0.0,0.0,0.0
1972987,0.0,0.0,0.0,0.0,0.0,1.0,0.0
1973487,0.0,0.0,0.0,0.0,0.0,0.0,0.0
1978159,0.0,0.0,0.0,0.0,0.0,1.0,0.0
1978659,0.0,0.0,0.0,0.0,0.0,0.0,0.0
1979086,0.0,0.0,0.0,0.0,0.0,1.0,0.0
1979586,0.0,0.0,0.0,0.0,0.0,0.0,0.0
1980490,0.0,0.0,0.0,0.0,0.0,1.0,0.0
1980990,0.0,0.0,0.0,0.0,0.0,0.0,0.0
1981239,0.0,0.0,0.0,0.0,0.0,1.0,0.0
1981739,0.0,0.0,0.0,0.0,0.0,0.0,0.0
1982151,0.0,0.0,0.0,0.0,0.0,1.0,0.0
1982651,0.0,0.0,0.0,0.0,0.0,0.0,0.0
1984436,0.0,0.0,0.0,0.0,0.0,1.0,0.0
1984936,0.0,0.0,0.0,0.0,0.0,0.0,0.0
1986624,0.0,0.0,0.0,0.0,1.0,0.0,0.0
1987124,0.0,0.0,0.0,0.0,0.0,0.0,0.0
1987816,0.0,0.0,0.0,0.0,0.0,1.0,0.0
1988316,0.0,0.0,0.0,0.0,0.0,0.0,0.0
1988528,0.0,0.0,0.0,0.0,0.0,1.0,0.0
1989028,0.0,0.0,0.0,0.0,0.0,0.0,0.0
1992126,0.0,0.0,0.0,0.0,0.0,1.0,0.0
1992626,0.0,0.0,0.0,0.0,0.0,0.0,0.0
1993070,0.0,0.0,0.0,0.0,0.0,1.0,0.0
1993570,0.0,0.0,0.0,0.0,0.0,0.0,0.0
1998731,0.0,0.0,0.0,0.0,0.0,1.0,0.0
1999231,0.0,0.0,0.0,0.0,0.0,0.0,0.0
2000691,0.0,0.0,0.0,0.0,0.0,1.0,0.0
2001191,0.0,0.0,0.0,0.0,0.0,0.0,0.0
2005079,0.0,0.0,0.0,0.0,1.0,0.0,0.0
2005579,0.0,0.0,0.0,0.0,0.0,0.0,0.0
2010248,0.0,0.0,0.0,0.0,0.0,1.0,0.0
2010611,0.0,0.0,0.0,0.0,0.0,2.0,0.0
2011111,0.0,0.0,0.0,0.0,0.0,0.0,0.0
2011911,0.0,0.0,0.0,0.0,0.0,1.0,0.0
2012411,0.0,0.0,0.0,0.0,0.0,0.0,0.0
2015476,0.0,0.0,0.0,0.0,0.0,1.0,0.0
2015976,0.0,0.0,0.0,0.0,0.0,0.0,0.0
2019000,0.0,0.0,0.0,0.0,0.0,0.0,1.0
2019377,0.0,0.0,0.0,0.0,0.0,1.0,1.0
2019500,0.0,0.0,0.0,0.0,0.0,1.0,0.0
2019540,0.0,0.0,0.0,0.0,0.0,2.0,0.0
2019558,0.0,0.0,0.0,0.0,1.0,2.0,0.0
2019583,2.0,0.0,0.0,0.0,1.0,2.0,0.0
2019663,2.0,0.0,0.0,0.0,2.0,2.0,0.0
2019667,2.0,2.0,0.0,0.0,2.0,2.0,0.0
2020040,2.0,2.0,0.0,0.0,2.0,0.0,0.0
2020083,0.0,2.0,0.0,0.0,2.0,0.0,0.0
2020095,2.0,2.0,0.0,0.0,2.0,0.0,0.0
2020163,2.0,2.0,0.0,0.0,0.0,0.0,0.0
2020167,2.0,0.0,0.0,0.0,0.0,0.0,0.0
