,ADWIN,CUSUM,DDM,GeometricMovingAverage,HDDMAverage,HDDMWeighted,Ground-truth
105,0.0,0.0,1.0,0.0,0.0,0.0,0.0
605,0.0,0.0,0.0,0.0,0.0,0.0,0.0
1810,0.0,0.0,0.0,0.0,0.0,1.0,0.0
2310,0.0,0.0,0.0,0.0,0.0,0.0,0.0
3742,0.0,0.0,0.0,0.0,0.0,1.0,0.0
4242,0.0,0.0,0.0,0.0,0.0,0.0,0.0
4276,0.0,0.0,0.0,0.0,0.0,1.0,0.0
4776,0.0,0.0,0.0,0.0,0.0,0.0,0.0
4881,0.0,0.0,0.0,0.0,0.0,1.0,0.0
5381,0.0,0.0,0.0,0.0,0.0,0.0,0.0
6130,0.0,0.0,0.0,0.0,0.0,1.0,0.0
6630,0.0,0.0,0.0,0.0,0.0,0.0,0.0
6953,0.0,0.0,0.0,0.0,0.0,1.0,0.0
6960,0.0,0.0,0.0,0.0,0.0,2.0,0.0
7460,0.0,0.0,0.0,0.0,0.0,0.0,0.0
9678,0.0,0.0,0.0,0.0,0.0,1.0,0.0
9685,0.0,0.0,0.0,0.0,0.0,2.0,0.0
10185,0.0,0.0,0.0,0.0,0.0,0.0,0.0
10537,0.0,0.0,0.0,0.0,0.0,1.0,0.0
11037,0.0,0.0,0.0,0.0,0.0,0.0,0.0
11140,0.0,0.0,1.0,0.0,0.0,0.0,0.0
11640,0.0,0.0,0.0,0.0,0.0,0.0,0.0
11810,0.0,0.0,0.0,0.0,0.0,1.0,0.0
11833,0.0,0.0,1.0,0.0,0.0,1.0,0.0
12310,0.0,0.0,1.0,0.0,0.0,0.0,0.0
12520,0.0,2.0,1.0,0.0,0.0,0.0,0.0
12895,0.0,2.0,1.0,0.0,0.0,1.0,0.0
12899,0.0,2.0,1.0,0.0,0.0,2.0,0.0
13020,0.0,0.0,1.0,0.0,0.0,2.0,0.0
13399,0.0,0.0,1.0,0.0,0.0,0.0,0.0
13833,0.0,0.0,0.0,0.0,0.0,0.0,0.0
13844,0.0,0.0,1.0,0.0,0.0,0.0,0.0
14312,0.0,0.0,1.0,0.0,0.0,1.0,0.0
14317,0.0,0.0,1.0,0.0,0.0,2.0,0.0
14344,0.0,0.0,0.0,0.0,0.0,2.0,0.0
14345,0.0,0.0,1.0,0.0,0.0,2.0,0.0
14817,0.0,0.0,1.0,0.0,0.0,0.0,0.0
14845,0.0,0.0,0.0,0.0,0.0,0.0,0.0
15464,0.0,0.0,1.0,0.0,0.0,0.0,0.0
15964,0.0,0.0,0.0,0.0,0.0,0.0,0.0
16024,0.0,0.0,0.0,0.0,0.0,1.0,0.0
16026,0.0,0.0,0.0,0.0,0.0,2.0,0.0
16526,0.0,0.0,0.0,0.0,0.0,0.0,0.0
16905,0.0,0.0,0.0,0.0,0.0,1.0,0.0
17405,0.0,0.0,0.0,0.0,0.0,0.0,0.0
18336,0.0,0.0,0.0,0.0,0.0,1.0,0.0
18836,0.0,0.0,0.0,0.0,0.0,0.0,0.0
19232,0.0,0.0,0.0,0.0,0.0,1.0,0.0
19498,0.0,0.0,1.0,0.0,0.0,1.0,0.0
19732,0.0,0.0,1.0,0.0,0.0,0.0,0.0
19998,0.0,0.0,0.0,0.0,0.0,0.0,0.0
20027,0.0,0.0,1.0,0.0,0.0,0.0,0.0
20459,0.0,0.0,1.0,0.0,0.0,1.0,0.0
20469,0.0,0.0,1.0,0.0,0.0,2.0,0.0
20741,0.0,2.0,1.0,0.0,0.0,2.0,0.0
20969,0.0,2.0,1.0,0.0,0.0,0.0,0.0
21241,0.0,0.0,1.0,0.0,0.0,0.0,0.0
22527,0.0,0.0,0.0,0.0,0.0,0.0,0.0
22534,0.0,0.0,1.0,0.0,0.0,0.0,0.0
22584,0.0,0.0,1.0,0.0,0.0,1.0,0.0
22586,0.0,0.0,1.0,0.0,0.0,2.0,0.0
23086,0.0,0.0,1.0,0.0,0.0,0.0,0.0
24034,0.0,0.0,0.0,0.0,0.0,0.0,0.0
25448,0.0,0.0,0.0,0.0,0.0,1.0,0.0
25948,0.0,0.0,0.0,0.0,0.0,0.0,0.0
27265,0.0,0.0,0.0,0.0,0.0,1.0,0.0
27765,0.0,0.0,0.0,0.0,0.0,0.0,0.0
27987,0.0,0.0,0.0,0.0,0.0,1.0,0.0
28487,0.0,0.0,0.0,0.0,0.0,0.0,0.0
28696,0.0,0.0,0.0,0.0,0.0,1.0,0.0
29196,0.0,0.0,0.0,0.0,0.0,0.0,0.0
29288,0.0,0.0,0.0,0.0,0.0,1.0,0.0
29788,0.0,0.0,0.0,0.0,0.0,0.0,0.0
30606,0.0,0.0,0.0,0.0,0.0,1.0,0.0
30608,0.0,0.0,0.0,0.0,0.0,2.0,0.0
31108,0.0,0.0,0.0,0.0,0.0,0.0,0.0
32183,0.0,0.0,0.0,0.0,0.0,1.0,0.0
32683,0.0,0.0,0.0,0.0,0.0,0.0,0.0
33953,0.0,0.0,0.0,0.0,0.0,1.0,0.0
34453,0.0,0.0,0.0,0.0,0.0,0.0,0.0
35317,0.0,0.0,0.0,0.0,0.0,1.0,0.0
35322,0.0,0.0,0.0,0.0,0.0,2.0,0.0
35822,0.0,0.0,0.0,0.0,0.0,0.0,0.0
36131,0.0,0.0,0.0,0.0,0.0,1.0,0.0
36631,0.0,0.0,0.0,0.0,0.0,0.0,0.0
36816,0.0,0.0,0.0,0.0,0.0,1.0,0.0
37316,0.0,0.0,0.0,0.0,0.0,0.0,0.0
39941,0.0,0.0,0.0,0.0,0.0,1.0,0.0
40412,0.0,0.0,0.0,0.0,0.0,2.0,0.0
40912,0.0,0.0,0.0,0.0,0.0,0.0,0.0
45194,0.0,0.0,0.0,0.0,0.0,1.0,0.0
45694,0.0,0.0,0.0,0.0,0.0,0.0,0.0
45839,0.0,0.0,0.0,0.0,0.0,1.0,0.0
45840,0.0,0.0,0.0,0.0,0.0,2.0,0.0
46340,0.0,0.0,0.0,0.0,0.0,0.0,0.0
48018,0.0,0.0,0.0,0.0,0.0,1.0,0.0
48518,0.0,0.0,0.0,0.0,0.0,0.0,0.0
48848,0.0,0.0,0.0,0.0,0.0,1.0,0.0
49348,0.0,0.0,0.0,0.0,0.0,0.0,0.0
49653,0.0,0.0,0.0,0.0,0.0,1.0,0.0
50153,0.0,0.0,0.0,0.0,0.0,0.0,0.0
50232,0.0,2.0,0.0,0.0,0.0,0.0,0.0
50732,0.0,0.0,0.0,0.0,0.0,0.0,0.0
52895,0.0,0.0,0.0,0.0,0.0,1.0,0.0
53395,0.0,0.0,0.0,0.0,0.0,0.0,0.0
55304,0.0,0.0,0.0,0.0,0.0,1.0,0.0
55313,0.0,0.0,0.0,0.0,0.0,2.0,0.0
55451,0.0,2.0,0.0,0.0,0.0,2.0,0.0
55813,0.0,2.0,0.0,0.0,0.0,0.0,0.0
55951,0.0,0.0,0.0,0.0,0.0,0.0,0.0
56100,0.0,0.0,0.0,0.0,0.0,1.0,0.0
56600,0.0,0.0,0.0,0.0,0.0,0.0,0.0
57079,0.0,0.0,0.0,0.0,0.0,1.0,0.0
57579,0.0,0.0,0.0,0.0,0.0,0.0,0.0
58166,0.0,0.0,0.0,0.0,0.0,1.0,0.0
58229,0.0,0.0,0.0,0.0,0.0,2.0,0.0
58729,0.0,0.0,0.0,0.0,0.0,0.0,0.0
60606,0.0,0.0,0.0,0.0,0.0,1.0,0.0
60804,0.0,0.0,1.0,0.0,0.0,1.0,0.0
61106,0.0,0.0,1.0,0.0,0.0,0.0,0.0
61252,0.0,0.0,1.0,0.0,0.0,1.0,0.0
61752,0.0,0.0,1.0,0.0,0.0,0.0,0.0
61804,0.0,0.0,0.0,0.0,0.0,0.0,0.0
61805,0.0,0.0,1.0,0.0,0.0,0.0,0.0
62277,0.0,0.0,1.0,0.0,0.0,1.0,0.0
62777,0.0,0.0,1.0,0.0,0.0,0.0,0.0
63305,0.0,0.0,0.0,0.0,0.0,0.0,0.0
63822,0.0,0.0,0.0,0.0,0.0,1.0,0.0
63910,0.0,0.0,0.0,0.0,0.0,2.0,0.0
64410,0.0,0.0,0.0,0.0,0.0,0.0,0.0
64451,0.0,0.0,1.0,0.0,0.0,0.0,0.0
64552,0.0,0.0,1.0,0.0,0.0,1.0,0.0
64554,0.0,0.0,1.0,0.0,0.0,2.0,0.0
65054,0.0,0.0,1.0,0.0,0.0,0.0,0.0
65100,0.0,0.0,1.0,0.0,0.0,1.0,0.0
65451,0.0,0.0,0.0,0.0,0.0,1.0,0.0
65600,0.0,0.0,0.0,0.0,0.0,0.0,0.0
66139,0.0,0.0,0.0,0.0,0.0,1.0,0.0
66639,0.0,0.0,0.0,0.0,0.0,0.0,0.0
66985,0.0,0.0,0.0,0.0,0.0,1.0,0.0
67298,0.0,0.0,0.0,0.0,0.0,2.0,0.0
67798,0.0,0.0,0.0,0.0,0.0,0.0,0.0
67812,0.0,0.0,1.0,0.0,0.0,0.0,0.0
67986,0.0,0.0,1.0,0.0,0.0,1.0,0.0
68486,0.0,0.0,1.0,0.0,0.0,0.0,0.0
68536,0.0,0.0,1.0,0.0,0.0,1.0,0.0
69536,0.0,0.0,1.0,0.0,0.0,0.0,0.0
70283,0.0,0.0,1.0,0.0,0.0,1.0,0.0
70783,0.0,0.0,1.0,0.0,0.0,0.0,0.0
72899,0.0,0.0,1.0,0.0,0.0,1.0,0.0
73399,0.0,0.0,1.0,0.0,0.0,0.0,0.0
73633,0.0,0.0,1.0,0.0,0.0,1.0,0.0
74133,0.0,0.0,1.0,0.0,0.0,0.0,0.0
74812,0.0,0.0,0.0,0.0,0.0,0.0,0.0
76304,0.0,0.0,0.0,0.0,0.0,1.0,0.0
76539,0.0,0.0,0.0,0.0,0.0,2.0,0.0
77039,0.0,0.0,0.0,0.0,0.0,0.0,0.0
78772,0.0,0.0,0.0,0.0,0.0,1.0,0.0
79272,0.0,0.0,0.0,0.0,0.0,0.0,0.0
79723,0.0,0.0,0.0,0.0,0.0,1.0,0.0
80223,0.0,0.0,0.0,0.0,0.0,0.0,0.0
80397,0.0,0.0,0.0,0.0,0.0,1.0,0.0
80399,0.0,0.0,0.0,0.0,0.0,2.0,0.0
80863,0.0,0.0,0.0,0.0,1.0,2.0,0.0
80899,0.0,0.0,0.0,0.0,1.0,0.0,0.0
81363,0.0,0.0,0.0,0.0,0.0,0.0,0.0
82052,0.0,0.0,0.0,0.0,0.0,1.0,0.0
82552,0.0,0.0,0.0,0.0,0.0,0.0,0.0
83333,0.0,0.0,0.0,0.0,0.0,1.0,0.0
83833,0.0,0.0,0.0,0.0,0.0,0.0,0.0
83924,0.0,0.0,0.0,0.0,0.0,1.0,0.0
83930,0.0,0.0,0.0,0.0,0.0,2.0,0.0
84430,0.0,0.0,0.0,0.0,0.0,0.0,0.0
84873,0.0,0.0,0.0,0.0,0.0,1.0,0.0
84880,0.0,0.0,0.0,0.0,0.0,2.0,0.0
85380,0.0,0.0,0.0,0.0,0.0,0.0,0.0
87467,0.0,0.0,0.0,0.0,0.0,1.0,0.0
87967,0.0,0.0,0.0,0.0,0.0,0.0,0.0
88403,0.0,0.0,0.0,0.0,0.0,1.0,0.0
88539,0.0,0.0,0.0,0.0,0.0,2.0,0.0
89039,0.0,0.0,0.0,0.0,0.0,0.0,0.0
89566,0.0,0.0,0.0,0.0,0.0,1.0,0.0
90066,0.0,0.0,0.0,0.0,0.0,0.0,0.0
90723,0.0,0.0,0.0,0.0,0.0,1.0,0.0
91223,0.0,0.0,0.0,0.0,0.0,0.0,0.0
92254,0.0,0.0,0.0,0.0,0.0,1.0,0.0
92754,0.0,0.0,0.0,0.0,0.0,0.0,0.0
93474,0.0,0.0,0.0,0.0,0.0,1.0,0.0
93974,0.0,0.0,0.0,0.0,0.0,0.0,0.0
94465,0.0,0.0,0.0,0.0,0.0,1.0,0.0
94965,0.0,0.0,0.0,0.0,0.0,0.0,0.0
95288,0.0,0.0,0.0,0.0,0.0,1.0,0.0
95788,0.0,0.0,0.0,0.0,0.0,0.0,0.0
96179,0.0,0.0,0.0,0.0,0.0,1.0,0.0
96679,0.0,0.0,0.0,0.0,0.0,0.0,0.0
97285,0.0,0.0,0.0,0.0,0.0,1.0,0.0
97785,0.0,0.0,0.0,0.0,0.0,0.0,0.0
98510,0.0,0.0,0.0,0.0,0.0,1.0,0.0
99010,0.0,0.0,0.0,0.0,0.0,0.0,0.0
99809,0.0,0.0,0.0,0.0,0.0,1.0,0.0
99813,0.0,0.0,0.0,0.0,0.0,2.0,0.0
100313,0.0,0.0,0.0,0.0,0.0,0.0,0.0
100585,0.0,0.0,0.0,0.0,0.0,1.0,0.0
101085,0.0,0.0,0.0,0.0,0.0,0.0,0.0
101486,0.0,0.0,0.0,0.0,0.0,1.0,0.0
101986,0.0,0.0,0.0,0.0,0.0,0.0,0.0
102481,0.0,0.0,0.0,0.0,0.0,1.0,0.0
102981,0.0,0.0,0.0,0.0,0.0,0.0,0.0
103718,0.0,0.0,0.0,0.0,0.0,1.0,0.0
104218,0.0,0.0,0.0,0.0,0.0,0.0,0.0
104674,0.0,0.0,0.0,0.0,0.0,1.0,0.0
105174,0.0,0.0,0.0,0.0,0.0,0.0,0.0
106431,0.0,0.0,0.0,0.0,0.0,1.0,0.0
106931,0.0,0.0,0.0,0.0,0.0,0.0,0.0
108625,0.0,0.0,0.0,0.0,0.0,1.0,0.0
109125,0.0,0.0,0.0,0.0,0.0,0.0,0.0
110210,0.0,0.0,0.0,0.0,0.0,1.0,0.0
110710,0.0,0.0,0.0,0.0,0.0,0.0,0.0
112135,0.0,0.0,0.0,0.0,0.0,1.0,0.0
112635,0.0,0.0,0.0,0.0,0.0,0.0,0.0
116480,0.0,0.0,0.0,0.0,0.0,1.0,0.0
116980,0.0,0.0,0.0,0.0,0.0,0.0,0.0
120146,0.0,0.0,0.0,0.0,0.0,1.0,0.0
120646,0.0,0.0,0.0,0.0,0.0,0.0,0.0
121320,0.0,0.0,0.0,0.0,0.0,1.0,0.0
121820,0.0,0.0,0.0,0.0,0.0,0.0,0.0
122398,0.0,0.0,0.0,0.0,0.0,1.0,0.0
122898,0.0,0.0,0.0,0.0,0.0,0.0,0.0
122983,0.0,0.0,0.0,0.0,0.0,1.0,0.0
123483,0.0,0.0,0.0,0.0,0.0,0.0,0.0
125107,0.0,0.0,0.0,0.0,0.0,1.0,0.0
125607,0.0,0.0,0.0,0.0,0.0,0.0,0.0
125721,0.0,0.0,0.0,0.0,0.0,1.0,0.0
125742,0.0,0.0,0.0,0.0,0.0,2.0,0.0
126242,0.0,0.0,0.0,0.0,0.0,0.0,0.0
126712,0.0,0.0,0.0,0.0,0.0,1.0,0.0
127212,0.0,0.0,0.0,0.0,0.0,0.0,0.0
128693,0.0,0.0,0.0,0.0,0.0,1.0,0.0
129193,0.0,0.0,0.0,0.0,0.0,0.0,0.0
129437,0.0,0.0,0.0,0.0,0.0,1.0,0.0
129937,0.0,0.0,0.0,0.0,0.0,0.0,0.0
133684,0.0,0.0,0.0,0.0,0.0,1.0,0.0
134184,0.0,0.0,0.0,0.0,0.0,0.0,0.0
136967,0.0,0.0,0.0,0.0,0.0,1.0,0.0
137467,0.0,0.0,0.0,0.0,0.0,0.0,0.0
137606,0.0,0.0,0.0,0.0,0.0,1.0,0.0
138106,0.0,0.0,0.0,0.0,0.0,0.0,0.0
140561,0.0,0.0,0.0,0.0,0.0,1.0,0.0
141061,0.0,0.0,0.0,0.0,0.0,0.0,0.0
141769,0.0,0.0,0.0,0.0,0.0,1.0,0.0
142269,0.0,0.0,0.0,0.0,0.0,0.0,0.0
142809,0.0,0.0,0.0,0.0,0.0,1.0,0.0
143309,0.0,0.0,0.0,0.0,0.0,0.0,0.0
143908,0.0,0.0,0.0,0.0,0.0,1.0,0.0
144408,0.0,0.0,0.0,0.0,0.0,0.0,0.0
144781,0.0,0.0,0.0,0.0,0.0,1.0,0.0
145060,0.0,0.0,0.0,0.0,0.0,2.0,0.0
145560,0.0,0.0,0.0,0.0,0.0,0.0,0.0
147215,0.0,0.0,0.0,0.0,0.0,1.0,0.0
147715,0.0,0.0,0.0,0.0,0.0,0.0,0.0
148943,0.0,0.0,0.0,0.0,1.0,0.0,0.0
149443,0.0,0.0,0.0,0.0,0.0,0.0,0.0
149822,0.0,0.0,0.0,0.0,0.0,1.0,0.0
150322,0.0,0.0,0.0,0.0,0.0,0.0,0.0
150895,0.0,0.0,0.0,0.0,0.0,1.0,0.0
150961,0.0,0.0,0.0,0.0,0.0,2.0,0.0
151461,0.0,0.0,0.0,0.0,0.0,0.0,0.0
154360,0.0,0.0,0.0,0.0,0.0,1.0,0.0
154860,0.0,0.0,0.0,0.0,0.0,0.0,0.0
155365,0.0,0.0,0.0,0.0,0.0,1.0,0.0
155865,0.0,0.0,0.0,0.0,0.0,0.0,0.0
155885,0.0,0.0,0.0,0.0,0.0,1.0,0.0
156385,0.0,0.0,0.0,0.0,0.0,0.0,0.0
165209,0.0,0.0,0.0,0.0,0.0,1.0,0.0
165218,0.0,0.0,0.0,0.0,0.0,2.0,0.0
165718,0.0,0.0,0.0,0.0,0.0,0.0,0.0
168014,0.0,0.0,0.0,0.0,0.0,1.0,0.0
168514,0.0,0.0,0.0,0.0,0.0,0.0,0.0
169175,0.0,0.0,0.0,0.0,0.0,1.0,0.0
169675,0.0,0.0,0.0,0.0,0.0,0.0,0.0
170438,0.0,0.0,0.0,0.0,0.0,1.0,0.0
170443,0.0,0.0,0.0,0.0,0.0,2.0,0.0
170943,0.0,0.0,0.0,0.0,0.0,0.0,0.0
174219,0.0,0.0,0.0,0.0,0.0,1.0,0.0
174226,0.0,0.0,0.0,0.0,0.0,2.0,0.0
174726,0.0,0.0,0.0,0.0,0.0,0.0,0.0
177617,0.0,0.0,0.0,0.0,0.0,1.0,0.0
178117,0.0,0.0,0.0,0.0,0.0,0.0,0.0
181498,0.0,0.0,0.0,0.0,0.0,1.0,0.0
181998,0.0,0.0,0.0,0.0,0.0,0.0,0.0
182619,0.0,0.0,0.0,0.0,0.0,1.0,0.0
183119,0.0,0.0,0.0,0.0,0.0,0.0,0.0
184188,0.0,0.0,0.0,0.0,0.0,1.0,0.0
184688,0.0,0.0,0.0,0.0,0.0,0.0,0.0
186229,0.0,0.0,0.0,0.0,0.0,1.0,0.0
186729,0.0,0.0,0.0,0.0,0.0,0.0,0.0
187824,0.0,0.0,0.0,0.0,0.0,1.0,0.0
188324,0.0,0.0,0.0,0.0,0.0,0.0,0.0
188848,0.0,0.0,0.0,0.0,0.0,1.0,0.0
189348,0.0,0.0,0.0,0.0,0.0,0.0,0.0
190621,0.0,0.0,0.0,0.0,0.0,1.0,0.0
191121,0.0,0.0,0.0,0.0,0.0,0.0,0.0
194110,0.0,0.0,0.0,0.0,0.0,1.0,0.0
194111,0.0,0.0,0.0,0.0,0.0,2.0,0.0
194611,0.0,0.0,0.0,0.0,0.0,0.0,0.0
199818,0.0,0.0,0.0,0.0,0.0,1.0,0.0
200318,0.0,0.0,0.0,0.0,0.0,0.0,0.0
200724,0.0,0.0,0.0,0.0,0.0,1.0,0.0
201000,0.0,0.0,0.0,0.0,0.0,1.0,1.0
201224,0.0,0.0,0.0,0.0,0.0,0.0,1.0
201500,0.0,0.0,0.0,0.0,0.0,0.0,0.0
201729,0.0,0.0,0.0,0.0,0.0,1.0,0.0
201748,0.0,0.0,0.0,0.0,0.0,2.0,0.0
202248,0.0,0.0,0.0,0.0,0.0,0.0,0.0
202343,0.0,0.0,0.0,0.0,0.0,1.0,0.0
202843,0.0,0.0,0.0,0.0,0.0,0.0,0.0
203373,0.0,0.0,0.0,0.0,0.0,1.0,0.0
203873,0.0,0.0,0.0,0.0,0.0,0.0,0.0
204243,0.0,0.0,0.0,0.0,1.0,0.0,0.0
204503,0.0,2.0,0.0,0.0,1.0,0.0,0.0
204511,2.0,2.0,0.0,0.0,1.0,0.0,0.0
204599,2.0,2.0,0.0,0.0,2.0,0.0,0.0
204600,2.0,2.0,0.0,0.0,2.0,1.0,0.0
205003,2.0,0.0,0.0,0.0,2.0,1.0,0.0
205011,0.0,0.0,0.0,0.0,2.0,1.0,0.0
205087,2.0,0.0,0.0,0.0,2.0,1.0,0.0
205099,2.0,0.0,0.0,0.0,0.0,1.0,0.0
205100,2.0,0.0,0.0,0.0,0.0,0.0,0.0
205587,0.0,0.0,0.0,0.0,0.0,0.0,0.0
206087,0.0,0.0,0.0,0.0,0.0,1.0,0.0
206088,0.0,0.0,0.0,0.0,1.0,1.0,0.0
206587,0.0,0.0,0.0,0.0,1.0,0.0,0.0
206588,0.0,0.0,0.0,0.0,0.0,0.0,0.0
207585,0.0,0.0,0.0,0.0,0.0,1.0,0.0
207609,0.0,0.0,0.0,0.0,0.0,2.0,0.0
208109,0.0,0.0,0.0,0.0,0.0,0.0,0.0
209237,0.0,0.0,0.0,0.0,0.0,1.0,0.0
209501,0.0,0.0,0.0,0.0,0.0,2.0,0.0
209503,2.0,0.0,0.0,0.0,0.0,2.0,0.0
210001,2.0,0.0,0.0,0.0,0.0,0.0,0.0
210003,0.0,0.0,0.0,0.0,0.0,0.0,0.0
211096,0.0,0.0,0.0,0.0,0.0,1.0,0.0
211596,0.0,0.0,0.0,0.0,0.0,0.0,0.0
211752,0.0,0.0,1.0,0.0,0.0,0.0,0.0
212078,0.0,0.0,1.0,0.0,0.0,1.0,0.0
212578,0.0,0.0,1.0,0.0,0.0,0.0,0.0
212762,0.0,0.0,1.0,0.0,0.0,1.0,0.0
212773,0.0,0.0,1.0,0.0,0.0,2.0,0.0
212845,0.0,0.0,1.0,0.0,1.0,2.0,0.0
212925,0.0,0.0,1.0,0.0,2.0,2.0,0.0
213273,0.0,0.0,1.0,0.0,2.0,0.0,0.0
213425,0.0,0.0,1.0,0.0,0.0,0.0,0.0
216087,0.0,0.0,1.0,0.0,0.0,1.0,0.0
216587,0.0,0.0,1.0,0.0,0.0,0.0,0.0
218858,0.0,0.0,1.0,0.0,0.0,1.0,0.0
218911,2.0,0.0,1.0,0.0,0.0,1.0,0.0
219358,2.0,0.0,1.0,0.0,0.0,0.0,0.0
219386,2.0,0.0,1.0,0.0,0.0,1.0,0.0
219411,0.0,0.0,1.0,0.0,0.0,1.0,0.0
219612,0.0,0.0,2.0,0.0,0.0,1.0,0.0
219886,0.0,0.0,2.0,0.0,0.0,0.0,0.0
220112,0.0,0.0,0.0,0.0,0.0,0.0,0.0
221394,0.0,0.0,0.0,0.0,0.0,1.0,0.0
221894,0.0,0.0,0.0,0.0,0.0,0.0,0.0
222201,0.0,0.0,0.0,0.0,0.0,1.0,0.0
222480,0.0,0.0,1.0,0.0,0.0,1.0,0.0
222701,0.0,0.0,1.0,0.0,0.0,0.0,0.0
222877,0.0,0.0,1.0,0.0,0.0,1.0,0.0
222980,0.0,0.0,0.0,0.0,0.0,1.0,0.0
223377,0.0,0.0,0.0,0.0,0.0,0.0,0.0
223884,0.0,0.0,0.0,0.0,0.0,1.0,0.0
224384,0.0,0.0,0.0,0.0,0.0,0.0,0.0
224486,0.0,0.0,0.0,0.0,0.0,1.0,0.0
224986,0.0,0.0,0.0,0.0,0.0,0.0,0.0
225363,0.0,0.0,0.0,0.0,0.0,1.0,0.0
225451,0.0,0.0,0.0,0.0,0.0,2.0,0.0
225951,0.0,0.0,0.0,0.0,0.0,0.0,0.0
226199,0.0,0.0,0.0,0.0,0.0,1.0,0.0
226699,0.0,0.0,0.0,0.0,0.0,0.0,0.0
229104,0.0,0.0,0.0,0.0,0.0,1.0,0.0
229604,0.0,0.0,0.0,0.0,0.0,0.0,0.0
229870,0.0,0.0,0.0,0.0,0.0,1.0,0.0
230370,0.0,0.0,0.0,0.0,0.0,0.0,0.0
230702,0.0,0.0,0.0,0.0,0.0,1.0,0.0
231202,0.0,0.0,0.0,0.0,0.0,0.0,0.0
232081,0.0,0.0,0.0,0.0,0.0,1.0,0.0
232581,0.0,0.0,0.0,0.0,0.0,0.0,0.0
234470,0.0,0.0,0.0,0.0,0.0,1.0,0.0
234970,0.0,0.0,0.0,0.0,0.0,0.0,0.0
234981,0.0,0.0,0.0,0.0,0.0,1.0,0.0
235481,0.0,0.0,0.0,0.0,0.0,0.0,0.0
237887,0.0,0.0,0.0,0.0,1.0,0.0,0.0
238387,0.0,0.0,0.0,0.0,0.0,0.0,0.0
239956,0.0,0.0,0.0,0.0,0.0,1.0,0.0
240456,0.0,0.0,0.0,0.0,0.0,0.0,0.0
241467,0.0,0.0,0.0,0.0,0.0,1.0,0.0
241967,0.0,0.0,0.0,0.0,0.0,0.0,0.0
241999,0.0,0.0,0.0,0.0,0.0,1.0,0.0
242822,0.0,0.0,0.0,0.0,0.0,2.0,0.0
243322,0.0,0.0,0.0,0.0,0.0,0.0,0.0
243795,0.0,0.0,0.0,0.0,0.0,1.0,0.0
244295,0.0,0.0,0.0,0.0,0.0,0.0,0.0
244457,0.0,0.0,0.0,0.0,0.0,1.0,0.0
244957,0.0,0.0,0.0,0.0,0.0,0.0,0.0
245202,0.0,0.0,0.0,0.0,0.0,1.0,0.0
245702,0.0,0.0,0.0,0.0,0.0,0.0,0.0
246428,0.0,0.0,0.0,0.0,0.0,1.0,0.0
246928,0.0,0.0,0.0,0.0,0.0,0.0,0.0
247106,0.0,0.0,0.0,0.0,0.0,1.0,0.0
247606,0.0,0.0,0.0,0.0,0.0,0.0,0.0
247725,0.0,0.0,0.0,0.0,0.0,1.0,0.0
248225,0.0,0.0,0.0,0.0,0.0,0.0,0.0
248229,0.0,0.0,0.0,0.0,0.0,1.0,0.0
248729,0.0,0.0,0.0,0.0,0.0,0.0,0.0
249180,0.0,0.0,0.0,0.0,0.0,1.0,0.0
249499,0.0,0.0,0.0,0.0,0.0,2.0,0.0
249999,0.0,0.0,0.0,0.0,0.0,0.0,0.0
251032,0.0,0.0,0.0,0.0,0.0,1.0,0.0
251532,0.0,0.0,0.0,0.0,0.0,0.0,0.0
254725,0.0,0.0,0.0,0.0,0.0,1.0,0.0
255225,0.0,0.0,0.0,0.0,0.0,0.0,0.0
255336,0.0,0.0,0.0,0.0,0.0,1.0,0.0
255337,0.0,0.0,0.0,0.0,0.0,2.0,0.0
255837,0.0,0.0,0.0,0.0,0.0,0.0,0.0
256094,0.0,0.0,0.0,0.0,0.0,1.0,0.0
256594,0.0,0.0,0.0,0.0,0.0,0.0,0.0
256932,0.0,0.0,0.0,0.0,0.0,1.0,0.0
257432,0.0,0.0,0.0,0.0,0.0,0.0,0.0
257685,0.0,0.0,0.0,0.0,0.0,1.0,0.0
258185,0.0,0.0,0.0,0.0,0.0,0.0,0.0
258309,0.0,0.0,0.0,0.0,0.0,1.0,0.0
258809,0.0,0.0,0.0,0.0,0.0,0.0,0.0
259887,0.0,0.0,0.0,0.0,0.0,1.0,0.0
259891,0.0,0.0,0.0,0.0,0.0,2.0,0.0
260391,0.0,0.0,0.0,0.0,0.0,0.0,0.0
261158,0.0,0.0,0.0,0.0,0.0,1.0,0.0
261658,0.0,0.0,0.0,0.0,0.0,0.0,0.0
261668,0.0,0.0,0.0,0.0,0.0,1.0,0.0
262168,0.0,0.0,0.0,0.0,0.0,0.0,0.0
262635,0.0,0.0,0.0,0.0,0.0,1.0,0.0
262818,0.0,0.0,0.0,0.0,0.0,2.0,0.0
263318,0.0,0.0,0.0,0.0,0.0,0.0,0.0
263758,0.0,0.0,0.0,0.0,0.0,1.0,0.0
264258,0.0,0.0,0.0,0.0,0.0,0.0,0.0
265523,0.0,0.0,0.0,0.0,0.0,1.0,0.0
265874,0.0,0.0,0.0,0.0,0.0,2.0,0.0
265887,0.0,0.0,0.0,0.0,1.0,2.0,0.0
266374,0.0,0.0,0.0,0.0,1.0,0.0,0.0
266400,0.0,0.0,0.0,0.0,2.0,0.0,0.0
266900,0.0,0.0,0.0,0.0,0.0,0.0,0.0
267450,0.0,0.0,0.0,0.0,0.0,1.0,0.0
267950,0.0,0.0,0.0,0.0,0.0,0.0,0.0
269359,0.0,0.0,0.0,0.0,0.0,1.0,0.0
269495,0.0,0.0,0.0,0.0,1.0,1.0,0.0
269496,0.0,0.0,0.0,0.0,1.0,2.0,0.0
269502,0.0,0.0,0.0,0.0,2.0,2.0,0.0
269996,0.0,0.0,0.0,0.0,2.0,0.0,0.0
270002,0.0,0.0,0.0,0.0,0.0,0.0,0.0
271545,0.0,0.0,0.0,0.0,0.0,1.0,0.0
272045,0.0,0.0,0.0,0.0,0.0,0.0,0.0
273480,0.0,0.0,0.0,0.0,0.0,1.0,0.0
273980,0.0,0.0,0.0,0.0,0.0,0.0,0.0
276564,0.0,0.0,0.0,0.0,0.0,1.0,0.0
276568,0.0,0.0,0.0,0.0,0.0,2.0,0.0
277068,0.0,0.0,0.0,0.0,0.0,0.0,0.0
278027,0.0,0.0,0.0,0.0,0.0,1.0,0.0
278029,0.0,0.0,0.0,0.0,0.0,2.0,0.0
278529,0.0,0.0,0.0,0.0,0.0,0.0,0.0
282720,0.0,0.0,0.0,0.0,0.0,1.0,0.0
282724,0.0,0.0,0.0,0.0,0.0,2.0,0.0
282731,0.0,0.0,0.0,0.0,1.0,2.0,0.0
283224,0.0,0.0,0.0,0.0,1.0,0.0,0.0
283231,0.0,0.0,0.0,0.0,0.0,0.0,0.0
284357,0.0,0.0,0.0,0.0,0.0,1.0,0.0
284857,0.0,0.0,0.0,0.0,0.0,0.0,0.0
285536,0.0,0.0,0.0,0.0,0.0,1.0,0.0
286036,0.0,0.0,0.0,0.0,0.0,0.0,0.0
287145,0.0,0.0,0.0,0.0,0.0,1.0,0.0
287380,0.0,2.0,0.0,0.0,0.0,1.0,0.0
287645,0.0,2.0,0.0,0.0,0.0,0.0,0.0
287880,0.0,0.0,0.0,0.0,0.0,0.0,0.0
288271,0.0,0.0,0.0,0.0,0.0,1.0,0.0
288771,0.0,0.0,0.0,0.0,0.0,0.0,0.0
289852,0.0,0.0,0.0,0.0,0.0,1.0,0.0
290352,0.0,0.0,0.0,0.0,0.0,0.0,0.0
292401,0.0,0.0,0.0,0.0,0.0,1.0,0.0
292403,0.0,0.0,0.0,0.0,0.0,2.0,0.0
292903,0.0,0.0,0.0,0.0,0.0,0.0,0.0
295600,0.0,0.0,0.0,0.0,0.0,1.0,0.0
295620,0.0,0.0,0.0,0.0,0.0,2.0,0.0
296120,0.0,0.0,0.0,0.0,0.0,0.0,0.0
296410,0.0,0.0,0.0,0.0,0.0,1.0,0.0
296412,0.0,0.0,0.0,0.0,0.0,2.0,0.0
296912,0.0,0.0,0.0,0.0,0.0,0.0,0.0
297409,0.0,0.0,0.0,0.0,0.0,1.0,0.0
297909,0.0,0.0,0.0,0.0,0.0,0.0,0.0
299882,0.0,0.0,0.0,0.0,0.0,1.0,0.0
300382,0.0,0.0,0.0,0.0,0.0,0.0,0.0
300559,0.0,0.0,0.0,0.0,0.0,1.0,0.0
301059,0.0,0.0,0.0,0.0,0.0,0.0,0.0
305846,0.0,0.0,0.0,0.0,0.0,1.0,0.0
306346,0.0,0.0,0.0,0.0,0.0,0.0,0.0
309452,0.0,0.0,0.0,0.0,0.0,1.0,0.0
309952,0.0,0.0,0.0,0.0,0.0,0.0,0.0
311550,0.0,0.0,0.0,0.0,0.0,1.0,0.0
312050,0.0,0.0,0.0,0.0,0.0,0.0,0.0
312135,0.0,0.0,0.0,0.0,0.0,1.0,0.0
312635,0.0,0.0,0.0,0.0,0.0,0.0,0.0
313413,0.0,0.0,0.0,0.0,0.0,1.0,0.0
313913,0.0,0.0,0.0,0.0,0.0,0.0,0.0
316011,0.0,0.0,0.0,0.0,0.0,1.0,0.0
316511,0.0,0.0,0.0,0.0,0.0,0.0,0.0
316835,0.0,0.0,0.0,0.0,0.0,1.0,0.0
317335,0.0,0.0,0.0,0.0,0.0,0.0,0.0
318610,0.0,0.0,0.0,0.0,0.0,1.0,0.0
319110,0.0,0.0,0.0,0.0,0.0,0.0,0.0
323089,0.0,0.0,0.0,0.0,0.0,1.0,0.0
323154,0.0,0.0,0.0,0.0,0.0,2.0,0.0
323654,0.0,0.0,0.0,0.0,0.0,0.0,0.0
326373,0.0,0.0,0.0,0.0,0.0,1.0,0.0
326873,0.0,0.0,0.0,0.0,0.0,0.0,0.0
327412,0.0,0.0,0.0,0.0,0.0,1.0,0.0
327912,0.0,0.0,0.0,0.0,0.0,0.0,0.0
329693,0.0,0.0,0.0,0.0,0.0,1.0,0.0
330193,0.0,0.0,0.0,0.0,0.0,0.0,0.0
331133,0.0,0.0,0.0,0.0,0.0,1.0,0.0
331633,0.0,0.0,0.0,0.0,0.0,0.0,0.0
332375,0.0,0.0,0.0,0.0,0.0,1.0,0.0
332875,0.0,0.0,0.0,0.0,0.0,0.0,0.0
334299,0.0,0.0,0.0,0.0,0.0,1.0,0.0
334799,0.0,0.0,0.0,0.0,0.0,0.0,0.0
334899,0.0,0.0,0.0,0.0,0.0,1.0,0.0
335399,0.0,0.0,0.0,0.0,0.0,0.0,0.0
337181,0.0,0.0,0.0,0.0,0.0,1.0,0.0
337681,0.0,0.0,0.0,0.0,0.0,0.0,0.0
338575,0.0,0.0,0.0,0.0,0.0,1.0,0.0
339075,0.0,0.0,0.0,0.0,0.0,0.0,0.0
339609,0.0,0.0,0.0,0.0,0.0,1.0,0.0
340109,0.0,0.0,0.0,0.0,0.0,0.0,0.0
340620,0.0,0.0,0.0,0.0,0.0,1.0,0.0
341120,0.0,0.0,0.0,0.0,0.0,0.0,0.0
352015,0.0,0.0,0.0,0.0,0.0,1.0,0.0
352515,0.0,0.0,0.0,0.0,0.0,0.0,0.0
354239,0.0,0.0,0.0,0.0,0.0,1.0,0.0
354739,0.0,0.0,0.0,0.0,0.0,0.0,0.0
354854,0.0,0.0,0.0,0.0,0.0,1.0,0.0
355354,0.0,0.0,0.0,0.0,0.0,0.0,0.0
359569,0.0,0.0,0.0,0.0,0.0,1.0,0.0
359809,0.0,0.0,0.0,0.0,0.0,2.0,0.0
360309,0.0,0.0,0.0,0.0,0.0,0.0,0.0
362451,0.0,0.0,0.0,0.0,0.0,1.0,0.0
362951,0.0,0.0,0.0,0.0,0.0,0.0,0.0
365580,0.0,0.0,0.0,0.0,1.0,0.0,0.0
366080,0.0,0.0,0.0,0.0,0.0,0.0,0.0
366278,0.0,0.0,0.0,0.0,0.0,1.0,0.0
366778,0.0,0.0,0.0,0.0,0.0,0.0,0.0
368186,0.0,0.0,0.0,0.0,0.0,1.0,0.0
368686,0.0,0.0,0.0,0.0,0.0,0.0,0.0
369032,0.0,0.0,0.0,0.0,0.0,1.0,0.0
369037,0.0,0.0,0.0,0.0,0.0,2.0,0.0
369537,0.0,0.0,0.0,0.0,0.0,0.0,0.0
370307,0.0,0.0,0.0,0.0,0.0,1.0,0.0
370807,0.0,0.0,0.0,0.0,0.0,0.0,0.0
371877,0.0,0.0,0.0,0.0,0.0,1.0,0.0
372377,0.0,0.0,0.0,0.0,0.0,0.0,0.0
376573,0.0,0.0,0.0,0.0,0.0,1.0,0.0
377073,0.0,0.0,0.0,0.0,0.0,0.0,0.0
379059,0.0,0.0,0.0,0.0,0.0,1.0,0.0
379061,0.0,0.0,0.0,0.0,0.0,2.0,0.0
379561,0.0,0.0,0.0,0.0,0.0,0.0,0.0
388342,0.0,0.0,0.0,0.0,0.0,1.0,0.0
388842,0.0,0.0,0.0,0.0,0.0,0.0,0.0
392098,0.0,0.0,0.0,0.0,0.0,1.0,0.0
392598,0.0,0.0,0.0,0.0,0.0,0.0,0.0
393946,0.0,0.0,0.0,0.0,0.0,1.0,0.0
394446,0.0,0.0,0.0,0.0,0.0,0.0,0.0
395616,0.0,0.0,0.0,0.0,0.0,1.0,0.0
396116,0.0,0.0,0.0,0.0,0.0,0.0,0.0
396552,0.0,0.0,0.0,0.0,0.0,1.0,0.0
397052,0.0,0.0,0.0,0.0,0.0,0.0,0.0
400146,0.0,0.0,0.0,0.0,1.0,0.0,0.0
400646,0.0,0.0,0.0,0.0,0.0,0.0,0.0
400876,0.0,0.0,0.0,0.0,0.0,1.0,0.0
401376,0.0,0.0,0.0,0.0,0.0,0.0,0.0
403000,0.0,0.0,0.0,0.0,0.0,0.0,1.0
403500,0.0,0.0,0.0,0.0,0.0,0.0,0.0
403670,0.0,0.0,0.0,0.0,0.0,1.0,0.0
404170,0.0,0.0,0.0,0.0,0.0,0.0,0.0
404255,0.0,0.0,0.0,0.0,0.0,1.0,0.0
404457,0.0,2.0,0.0,0.0,0.0,1.0,0.0
404497,0.0,2.0,0.0,0.0,1.0,1.0,0.0
404755,0.0,2.0,0.0,0.0,1.0,0.0,0.0
404957,0.0,0.0,0.0,0.0,1.0,0.0,0.0
405311,2.0,0.0,0.0,0.0,1.0,0.0,0.0
405317,2.0,0.0,0.0,0.0,2.0,0.0,0.0
405811,0.0,0.0,0.0,0.0,2.0,0.0,0.0
405817,0.0,0.0,0.0,0.0,0.0,0.0,0.0
405976,0.0,0.0,0.0,0.0,0.0,1.0,0.0
405983,2.0,0.0,0.0,0.0,0.0,1.0,0.0
406476,2.0,0.0,0.0,0.0,0.0,0.0,0.0
406483,0.0,0.0,0.0,0.0,0.0,0.0,0.0
407454,0.0,0.0,0.0,0.0,0.0,1.0,0.0
407954,0.0,0.0,0.0,0.0,0.0,0.0,0.0
408100,0.0,0.0,0.0,0.0,0.0,1.0,0.0
408600,0.0,0.0,0.0,0.0,0.0,0.0,0.0
408654,0.0,0.0,0.0,0.0,0.0,1.0,0.0
409154,0.0,0.0,0.0,0.0,0.0,0.0,0.0
410033,0.0,0.0,1.0,0.0,0.0,0.0,0.0
410398,0.0,0.0,1.0,0.0,0.0,1.0,0.0
410898,0.0,0.0,1.0,0.0,0.0,0.0,0.0
411033,0.0,0.0,0.0,0.0,0.0,0.0,0.0
411284,0.0,0.0,1.0,0.0,0.0,0.0,0.0
411716,0.0,0.0,1.0,0.0,0.0,1.0,0.0
412216,0.0,0.0,1.0,0.0,0.0,0.0,0.0
413180,0.0,0.0,1.0,0.0,0.0,1.0,0.0
413181,0.0,0.0,1.0,0.0,0.0,2.0,0.0
413681,0.0,0.0,1.0,0.0,0.0,0.0,0.0
413759,0.0,0.0,1.0,0.0,1.0,0.0,0.0
413791,2.0,0.0,1.0,0.0,1.0,0.0,0.0
414259,2.0,0.0,1.0,0.0,0.0,0.0,0.0
414263,2.0,2.0,1.0,0.0,0.0,0.0,0.0
414291,0.0,2.0,1.0,0.0,0.0,0.0,0.0
414763,0.0,0.0,1.0,0.0,0.0,0.0,0.0
415479,0.0,0.0,1.0,0.0,0.0,1.0,0.0
415979,0.0,0.0,1.0,0.0,0.0,0.0,0.0
416195,0.0,0.0,2.0,0.0,0.0,0.0,0.0
416197,0.0,0.0,2.0,0.0,0.0,1.0,0.0
416695,0.0,0.0,0.0,0.0,0.0,1.0,0.0
416697,0.0,0.0,0.0,0.0,0.0,0.0,0.0
419985,0.0,0.0,0.0,0.0,0.0,1.0,0.0
420485,0.0,0.0,0.0,0.0,0.0,0.0,0.0
422065,0.0,0.0,0.0,0.0,0.0,1.0,0.0
422066,0.0,0.0,0.0,0.0,0.0,2.0,0.0
422566,0.0,0.0,0.0,0.0,0.0,0.0,0.0
423484,0.0,0.0,0.0,0.0,0.0,1.0,0.0
423984,0.0,0.0,0.0,0.0,0.0,0.0,0.0
425323,0.0,0.0,0.0,0.0,0.0,1.0,0.0
425823,0.0,0.0,0.0,0.0,0.0,0.0,0.0
426846,0.0,0.0,0.0,0.0,0.0,1.0,0.0
426848,0.0,0.0,0.0,0.0,0.0,2.0,0.0
427348,0.0,0.0,0.0,0.0,0.0,0.0,0.0
427698,0.0,0.0,0.0,0.0,0.0,1.0,0.0
427700,0.0,0.0,0.0,0.0,0.0,2.0,0.0
428200,0.0,0.0,0.0,0.0,0.0,0.0,0.0
429520,0.0,0.0,0.0,0.0,1.0,0.0,0.0
430020,0.0,0.0,0.0,0.0,0.0,0.0,0.0
431697,0.0,0.0,0.0,0.0,0.0,1.0,0.0
432197,0.0,0.0,0.0,0.0,0.0,0.0,0.0
432481,0.0,0.0,0.0,0.0,0.0,1.0,0.0
433481,0.0,0.0,0.0,0.0,0.0,0.0,0.0
433507,0.0,0.0,0.0,0.0,0.0,1.0,0.0
434007,0.0,0.0,0.0,0.0,0.0,0.0,0.0
436848,0.0,0.0,0.0,0.0,0.0,1.0,0.0
437348,0.0,0.0,0.0,0.0,0.0,0.0,0.0
438086,0.0,0.0,0.0,0.0,0.0,1.0,0.0
438586,0.0,0.0,0.0,0.0,0.0,0.0,0.0
438879,0.0,0.0,0.0,0.0,0.0,1.0,0.0
439379,0.0,0.0,0.0,0.0,0.0,0.0,0.0
439410,0.0,0.0,0.0,0.0,0.0,1.0,0.0
439910,0.0,0.0,0.0,0.0,0.0,0.0,0.0
440211,0.0,0.0,0.0,0.0,0.0,1.0,0.0
440711,0.0,0.0,0.0,0.0,0.0,0.0,0.0
440803,0.0,0.0,0.0,0.0,0.0,1.0,0.0
440804,0.0,0.0,0.0,0.0,0.0,2.0,0.0
441304,0.0,0.0,0.0,0.0,0.0,0.0,0.0
442786,0.0,0.0,0.0,0.0,0.0,1.0,0.0
443008,0.0,0.0,0.0,0.0,1.0,1.0,0.0
443147,0.0,0.0,0.0,0.0,1.0,2.0,0.0
443508,0.0,0.0,0.0,0.0,0.0,2.0,0.0
443647,0.0,0.0,0.0,0.0,0.0,0.0,0.0
445618,0.0,0.0,0.0,0.0,0.0,1.0,0.0
445620,0.0,0.0,0.0,0.0,0.0,2.0,0.0
446120,0.0,0.0,0.0,0.0,0.0,0.0,0.0
447734,0.0,0.0,0.0,0.0,0.0,1.0,0.0
447744,0.0,0.0,0.0,0.0,0.0,2.0,0.0
448244,0.0,0.0,0.0,0.0,0.0,0.0,0.0
448374,0.0,0.0,0.0,0.0,0.0,1.0,0.0
448874,0.0,0.0,0.0,0.0,0.0,0.0,0.0
452274,0.0,0.0,0.0,0.0,0.0,1.0,0.0
452774,0.0,0.0,0.0,0.0,0.0,0.0,0.0
453514,0.0,0.0,0.0,0.0,0.0,1.0,0.0
454014,0.0,0.0,0.0,0.0,0.0,0.0,0.0
454090,0.0,0.0,0.0,0.0,0.0,1.0,0.0
454590,0.0,0.0,0.0,0.0,0.0,0.0,0.0
455107,0.0,0.0,0.0,0.0,0.0,1.0,0.0
455607,0.0,0.0,0.0,0.0,0.0,0.0,0.0
456628,0.0,0.0,0.0,0.0,0.0,1.0,0.0
456630,0.0,0.0,0.0,0.0,0.0,2.0,0.0
457130,0.0,0.0,0.0,0.0,0.0,0.0,0.0
458055,0.0,0.0,0.0,0.0,0.0,1.0,0.0
458555,0.0,0.0,0.0,0.0,0.0,0.0,0.0
461023,0.0,0.0,0.0,0.0,0.0,1.0,0.0
461523,0.0,0.0,0.0,0.0,0.0,0.0,0.0
462654,0.0,0.0,0.0,0.0,0.0,1.0,0.0
463154,0.0,0.0,0.0,0.0,0.0,0.0,0.0
463220,0.0,0.0,0.0,0.0,0.0,1.0,0.0
463720,0.0,0.0,0.0,0.0,0.0,0.0,0.0
463762,0.0,0.0,0.0,0.0,0.0,1.0,0.0
463996,0.0,0.0,0.0,0.0,0.0,2.0,0.0
464496,0.0,0.0,0.0,0.0,0.0,0.0,0.0
465686,0.0,0.0,0.0,0.0,0.0,1.0,0.0
466186,0.0,0.0,0.0,0.0,0.0,0.0,0.0
466972,0.0,0.0,0.0,0.0,0.0,1.0,0.0
467472,0.0,0.0,0.0,0.0,0.0,0.0,0.0
467751,0.0,0.0,0.0,0.0,0.0,1.0,0.0
467752,0.0,0.0,0.0,0.0,0.0,2.0,0.0
468252,0.0,0.0,0.0,0.0,0.0,0.0,0.0
468287,0.0,0.0,0.0,0.0,0.0,1.0,0.0
468787,0.0,0.0,0.0,0.0,0.0,0.0,0.0
469291,0.0,0.0,0.0,0.0,0.0,1.0,0.0
469518,0.0,2.0,0.0,0.0,0.0,1.0,0.0
469791,0.0,2.0,0.0,0.0,0.0,0.0,0.0
470018,0.0,0.0,0.0,0.0,0.0,0.0,0.0
470952,0.0,0.0,0.0,0.0,0.0,1.0,0.0
471452,0.0,0.0,0.0,0.0,0.0,0.0,0.0
473299,0.0,0.0,0.0,0.0,0.0,1.0,0.0
473799,0.0,0.0,0.0,0.0,0.0,0.0,0.0
474002,0.0,0.0,0.0,0.0,0.0,1.0,0.0
474297,0.0,0.0,0.0,0.0,0.0,2.0,0.0
474797,0.0,0.0,0.0,0.0,0.0,0.0,0.0
474809,0.0,0.0,0.0,0.0,0.0,1.0,0.0
474811,0.0,0.0,0.0,0.0,0.0,2.0,0.0
475311,0.0,0.0,0.0,0.0,0.0,0.0,0.0
476083,0.0,0.0,0.0,0.0,0.0,1.0,0.0
476583,0.0,0.0,0.0,0.0,0.0,0.0,0.0
477795,0.0,0.0,0.0,0.0,0.0,1.0,0.0
478295,0.0,0.0,0.0,0.0,0.0,0.0,0.0
478672,0.0,0.0,0.0,0.0,0.0,1.0,0.0
479172,0.0,0.0,0.0,0.0,0.0,0.0,0.0
480866,0.0,0.0,0.0,0.0,0.0,1.0,0.0
481366,0.0,0.0,0.0,0.0,0.0,0.0,0.0
481551,0.0,0.0,0.0,0.0,0.0,1.0,0.0
481556,0.0,0.0,0.0,0.0,0.0,2.0,0.0
482056,0.0,0.0,0.0,0.0,0.0,0.0,0.0
482418,0.0,0.0,0.0,0.0,0.0,1.0,0.0
482484,0.0,2.0,0.0,0.0,0.0,1.0,0.0
482918,0.0,2.0,0.0,0.0,0.0,0.0,0.0
482984,0.0,0.0,0.0,0.0,0.0,0.0,0.0
483431,0.0,0.0,0.0,0.0,0.0,1.0,0.0
483931,0.0,0.0,0.0,0.0,0.0,0.0,0.0
484135,0.0,0.0,0.0,0.0,0.0,1.0,0.0
484142,0.0,0.0,0.0,0.0,0.0,2.0,0.0
484642,0.0,0.0,0.0,0.0,0.0,0.0,0.0
485708,0.0,0.0,0.0,0.0,0.0,1.0,0.0
486208,0.0,0.0,0.0,0.0,0.0,0.0,0.0
486852,0.0,0.0,0.0,0.0,0.0,1.0,0.0
487352,0.0,0.0,0.0,0.0,0.0,0.0,0.0
487834,0.0,0.0,0.0,0.0,0.0,1.0,0.0
488334,0.0,0.0,0.0,0.0,0.0,0.0,0.0
489247,0.0,0.0,0.0,0.0,0.0,1.0,0.0
489747,0.0,0.0,0.0,0.0,0.0,0.0,0.0
490392,0.0,0.0,0.0,0.0,0.0,1.0,0.0
490892,0.0,0.0,0.0,0.0,0.0,0.0,0.0
490921,0.0,0.0,0.0,0.0,0.0,1.0,0.0
491421,0.0,0.0,0.0,0.0,0.0,0.0,0.0
495067,0.0,0.0,0.0,0.0,0.0,1.0,0.0
495567,0.0,0.0,0.0,0.0,0.0,0.0,0.0
496206,0.0,0.0,0.0,0.0,0.0,1.0,0.0
496468,0.0,0.0,0.0,0.0,0.0,2.0,0.0
496968,0.0,0.0,0.0,0.0,0.0,0.0,0.0
497468,0.0,0.0,0.0,0.0,0.0,1.0,0.0
497968,0.0,0.0,0.0,0.0,0.0,0.0,0.0
498595,0.0,0.0,0.0,0.0,0.0,1.0,0.0
499095,0.0,0.0,0.0,0.0,0.0,0.0,0.0
499293,0.0,0.0,0.0,0.0,0.0,1.0,0.0
499793,0.0,0.0,0.0,0.0,0.0,0.0,0.0
499904,0.0,0.0,0.0,0.0,0.0,1.0,0.0
500404,0.0,0.0,0.0,0.0,0.0,0.0,0.0
501296,0.0,0.0,0.0,0.0,0.0,1.0,0.0
501796,0.0,0.0,0.0,0.0,0.0,0.0,0.0
501806,0.0,0.0,0.0,0.0,0.0,1.0,0.0
502306,0.0,0.0,0.0,0.0,0.0,0.0,0.0
502905,0.0,0.0,0.0,0.0,0.0,1.0,0.0
503405,0.0,0.0,0.0,0.0,0.0,0.0,0.0
505578,0.0,0.0,0.0,0.0,0.0,1.0,0.0
506078,0.0,0.0,0.0,0.0,0.0,0.0,0.0
508197,0.0,0.0,0.0,0.0,1.0,0.0,0.0
508697,0.0,0.0,0.0,0.0,0.0,0.0,0.0
510764,0.0,0.0,0.0,0.0,1.0,0.0,0.0
511264,0.0,0.0,0.0,0.0,0.0,0.0,0.0
511715,0.0,0.0,0.0,0.0,0.0,1.0,0.0
512215,0.0,0.0,0.0,0.0,0.0,0.0,0.0
513394,0.0,0.0,0.0,0.0,0.0,1.0,0.0
513894,0.0,0.0,0.0,0.0,0.0,0.0,0.0
516212,0.0,0.0,0.0,0.0,0.0,1.0,0.0
516712,0.0,0.0,0.0,0.0,0.0,0.0,0.0
517118,0.0,0.0,0.0,0.0,0.0,1.0,0.0
517618,0.0,0.0,0.0,0.0,0.0,0.0,0.0
517723,0.0,0.0,0.0,0.0,0.0,1.0,0.0
518223,0.0,0.0,0.0,0.0,0.0,0.0,0.0
518712,0.0,0.0,0.0,0.0,0.0,1.0,0.0
519212,0.0,0.0,0.0,0.0,0.0,0.0,0.0
520276,0.0,0.0,0.0,0.0,0.0,1.0,0.0
520776,0.0,0.0,0.0,0.0,0.0,0.0,0.0
521823,0.0,0.0,0.0,0.0,0.0,1.0,0.0
521826,0.0,0.0,0.0,0.0,0.0,2.0,0.0
522326,0.0,0.0,0.0,0.0,0.0,0.0,0.0
523356,0.0,0.0,0.0,0.0,0.0,1.0,0.0
523856,0.0,0.0,0.0,0.0,0.0,0.0,0.0
526529,0.0,0.0,0.0,0.0,0.0,1.0,0.0
527029,0.0,0.0,0.0,0.0,0.0,0.0,0.0
527439,0.0,0.0,0.0,0.0,0.0,1.0,0.0
527939,0.0,0.0,0.0,0.0,0.0,0.0,0.0
528538,0.0,0.0,0.0,0.0,0.0,1.0,0.0
529038,0.0,0.0,0.0,0.0,0.0,0.0,0.0
529364,0.0,0.0,0.0,0.0,0.0,1.0,0.0
529864,0.0,0.0,0.0,0.0,0.0,0.0,0.0
530874,0.0,0.0,0.0,0.0,0.0,1.0,0.0
531374,0.0,0.0,0.0,0.0,0.0,0.0,0.0
536115,0.0,0.0,0.0,0.0,0.0,1.0,0.0
536408,0.0,0.0,0.0,0.0,0.0,2.0,0.0
536908,0.0,0.0,0.0,0.0,0.0,0.0,0.0
538353,0.0,0.0,0.0,0.0,0.0,1.0,0.0
538853,0.0,0.0,0.0,0.0,0.0,0.0,0.0
539873,0.0,0.0,0.0,0.0,0.0,1.0,0.0
540373,0.0,0.0,0.0,0.0,0.0,0.0,0.0
541817,0.0,0.0,0.0,0.0,0.0,1.0,0.0
542317,0.0,0.0,0.0,0.0,0.0,0.0,0.0
542876,0.0,0.0,0.0,0.0,0.0,1.0,0.0
543376,0.0,0.0,0.0,0.0,0.0,0.0,0.0
543820,0.0,0.0,0.0,0.0,0.0,1.0,0.0
544320,0.0,0.0,0.0,0.0,0.0,0.0,0.0
548981,0.0,0.0,0.0,0.0,0.0,1.0,0.0
549481,0.0,0.0,0.0,0.0,0.0,0.0,0.0
550245,0.0,0.0,0.0,0.0,0.0,1.0,0.0
550745,0.0,0.0,0.0,0.0,0.0,0.0,0.0
554350,0.0,0.0,0.0,0.0,0.0,1.0,0.0
554850,0.0,0.0,0.0,0.0,0.0,0.0,0.0
556069,0.0,0.0,0.0,0.0,0.0,1.0,0.0
556569,0.0,0.0,0.0,0.0,0.0,0.0,0.0
556626,0.0,0.0,0.0,0.0,1.0,0.0,0.0
556711,0.0,0.0,0.0,0.0,1.0,1.0,0.0
557126,0.0,0.0,0.0,0.0,0.0,1.0,0.0
557211,0.0,0.0,0.0,0.0,0.0,0.0,0.0
557291,0.0,0.0,0.0,0.0,0.0,1.0,0.0
557791,0.0,0.0,0.0,0.0,0.0,0.0,0.0
559129,0.0,0.0,0.0,0.0,0.0,1.0,0.0
559629,0.0,0.0,0.0,0.0,0.0,0.0,0.0
559777,0.0,0.0,0.0,0.0,0.0,1.0,0.0
560226,0.0,0.0,0.0,0.0,1.0,1.0,0.0
560277,0.0,0.0,0.0,0.0,1.0,0.0,0.0
560726,0.0,0.0,0.0,0.0,0.0,0.0,0.0
562339,0.0,0.0,0.0,0.0,0.0,1.0,0.0
562839,0.0,0.0,0.0,0.0,0.0,0.0,0.0
566617,0.0,0.0,0.0,0.0,0.0,1.0,0.0
567117,0.0,0.0,0.0,0.0,0.0,0.0,0.0
567124,0.0,0.0,0.0,0.0,0.0,1.0,0.0
567264,0.0,0.0,0.0,0.0,0.0,2.0,0.0
567764,0.0,0.0,0.0,0.0,0.0,0.0,0.0
568415,0.0,0.0,0.0,0.0,0.0,1.0,0.0
568915,0.0,0.0,0.0,0.0,0.0,0.0,0.0
572281,0.0,0.0,0.0,0.0,0.0,1.0,0.0
572781,0.0,0.0,0.0,0.0,0.0,0.0,0.0
578888,0.0,0.0,0.0,0.0,0.0,1.0,0.0
579388,0.0,0.0,0.0,0.0,0.0,0.0,0.0
579454,0.0,0.0,0.0,0.0,0.0,1.0,0.0
579954,0.0,0.0,0.0,0.0,0.0,0.0,0.0
580337,0.0,0.0,0.0,0.0,0.0,1.0,0.0
580837,0.0,0.0,0.0,0.0,0.0,0.0,0.0
583566,0.0,0.0,0.0,0.0,0.0,1.0,0.0
583568,0.0,0.0,0.0,0.0,0.0,2.0,0.0
584068,0.0,0.0,0.0,0.0,0.0,0.0,0.0
588311,0.0,0.0,0.0,0.0,0.0,1.0,0.0
588811,0.0,0.0,0.0,0.0,0.0,0.0,0.0
591836,0.0,0.0,0.0,0.0,0.0,1.0,0.0
592336,0.0,0.0,0.0,0.0,0.0,0.0,0.0
592884,0.0,0.0,0.0,0.0,0.0,1.0,0.0
593384,0.0,0.0,0.0,0.0,0.0,0.0,0.0
593766,0.0,0.0,0.0,0.0,0.0,1.0,0.0
594266,0.0,0.0,0.0,0.0,0.0,0.0,0.0
595341,0.0,0.0,0.0,0.0,0.0,1.0,0.0
595841,0.0,0.0,0.0,0.0,0.0,0.0,0.0
595946,0.0,0.0,0.0,0.0,0.0,1.0,0.0
596446,0.0,0.0,0.0,0.0,0.0,0.0,0.0
597575,0.0,0.0,0.0,0.0,0.0,1.0,0.0
598075,0.0,0.0,0.0,0.0,0.0,0.0,0.0
598459,0.0,0.0,0.0,0.0,0.0,1.0,0.0
598959,0.0,0.0,0.0,0.0,0.0,0.0,0.0
600520,0.0,0.0,0.0,0.0,0.0,1.0,0.0
601020,0.0,0.0,0.0,0.0,0.0,0.0,0.0
605000,0.0,0.0,0.0,0.0,0.0,0.0,1.0
605500,0.0,0.0,0.0,0.0,0.0,0.0,0.0
605770,0.0,0.0,0.0,0.0,0.0,1.0,0.0
606270,0.0,0.0,0.0,0.0,0.0,0.0,0.0
606424,0.0,0.0,0.0,0.0,0.0,1.0,0.0
606724,0.0,2.0,0.0,0.0,0.0,1.0,0.0
606732,0.0,2.0,0.0,0.0,0.0,2.0,0.0
606751,2.0,2.0,0.0,0.0,0.0,2.0,0.0
607224,2.0,0.0,0.0,0.0,0.0,2.0,0.0
607232,2.0,0.0,0.0,0.0,0.0,0.0,0.0
607251,0.0,0.0,0.0,0.0,0.0,0.0,0.0
607455,2.0,0.0,0.0,0.0,0.0,0.0,0.0
607816,2.0,0.0,0.0,0.0,0.0,1.0,0.0
607955,0.0,0.0,0.0,0.0,0.0,1.0,0.0
608316,0.0,0.0,0.0,0.0,0.0,0.0,0.0
608475,0.0,0.0,0.0,0.0,0.0,1.0,0.0
608975,0.0,0.0,0.0,0.0,0.0,0.0,0.0
609343,0.0,0.0,0.0,0.0,0.0,1.0,0.0
609843,0.0,0.0,0.0,0.0,0.0,0.0,0.0
609858,0.0,0.0,0.0,0.0,1.0,0.0,0.0
611040,0.0,0.0,0.0,0.0,2.0,0.0,0.0
611048,0.0,0.0,0.0,0.0,2.0,1.0,0.0
611050,0.0,0.0,0.0,0.0,2.0,2.0,0.0
611540,0.0,0.0,0.0,0.0,0.0,2.0,0.0
611550,0.0,0.0,0.0,0.0,0.0,0.0,0.0
611755,0.0,0.0,1.0,0.0,0.0,0.0,0.0
614410,0.0,0.0,1.0,0.0,0.0,1.0,0.0
614910,0.0,0.0,1.0,0.0,0.0,0.0,0.0
615040,0.0,0.0,1.0,0.0,0.0,1.0,0.0
615540,0.0,0.0,1.0,0.0,0.0,0.0,0.0
617838,0.0,0.0,1.0,0.0,0.0,1.0,0.0
618338,0.0,0.0,1.0,0.0,0.0,0.0,0.0
619261,0.0,0.0,1.0,0.0,0.0,1.0,0.0
619761,0.0,0.0,1.0,0.0,0.0,0.0,0.0
621315,0.0,0.0,1.0,0.0,1.0,0.0,0.0
621316,0.0,0.0,1.0,0.0,1.0,1.0,0.0
621815,0.0,0.0,1.0,0.0,0.0,1.0,0.0
621816,0.0,0.0,1.0,0.0,0.0,0.0,0.0
622544,0.0,0.0,1.0,0.0,0.0,1.0,0.0
622992,0.0,0.0,2.0,0.0,0.0,1.0,0.0
623044,0.0,0.0,2.0,0.0,0.0,0.0,0.0
623492,0.0,0.0,1.0,0.0,0.0,0.0,0.0
623525,0.0,0.0,1.0,0.0,0.0,1.0,0.0
623992,0.0,0.0,0.0,0.0,0.0,1.0,0.0
624025,0.0,0.0,0.0,0.0,0.0,0.0,0.0
624382,0.0,0.0,0.0,0.0,0.0,1.0,0.0
624386,0.0,0.0,0.0,0.0,0.0,2.0,0.0
624388,0.0,0.0,1.0,0.0,0.0,2.0,0.0
624886,0.0,0.0,1.0,0.0,0.0,0.0,0.0
625388,0.0,0.0,0.0,0.0,0.0,0.0,0.0
625498,0.0,0.0,0.0,0.0,0.0,1.0,0.0
625998,0.0,0.0,0.0,0.0,0.0,0.0,0.0
626929,0.0,2.0,0.0,0.0,0.0,0.0,0.0
627290,0.0,2.0,0.0,0.0,0.0,1.0,0.0
627429,0.0,0.0,0.0,0.0,0.0,1.0,0.0
627790,0.0,0.0,0.0,0.0,0.0,0.0,0.0
628026,0.0,0.0,0.0,0.0,0.0,1.0,0.0
628526,0.0,0.0,0.0,0.0,0.0,0.0,0.0
628675,0.0,0.0,0.0,0.0,0.0,1.0,0.0
629175,0.0,0.0,0.0,0.0,0.0,0.0,0.0
630016,0.0,0.0,0.0,0.0,0.0,1.0,0.0
630413,0.0,0.0,0.0,0.0,0.0,2.0,0.0
630913,0.0,0.0,0.0,0.0,0.0,0.0,0.0
633924,0.0,0.0,0.0,0.0,0.0,1.0,0.0
634424,0.0,0.0,0.0,0.0,0.0,0.0,0.0
634452,0.0,0.0,0.0,0.0,0.0,1.0,0.0
634952,0.0,0.0,0.0,0.0,0.0,0.0,0.0
635035,0.0,0.0,0.0,0.0,0.0,1.0,0.0
635450,0.0,0.0,0.0,0.0,0.0,2.0,0.0
635950,0.0,0.0,0.0,0.0,0.0,0.0,0.0
636838,0.0,0.0,0.0,0.0,0.0,1.0,0.0
637338,0.0,0.0,0.0,0.0,0.0,0.0,0.0
637763,0.0,0.0,0.0,0.0,0.0,1.0,0.0
638263,0.0,0.0,0.0,0.0,0.0,0.0,0.0
638404,0.0,0.0,0.0,0.0,0.0,1.0,0.0
638711,0.0,0.0,0.0,0.0,0.0,2.0,0.0
639211,0.0,0.0,0.0,0.0,0.0,0.0,0.0
639598,0.0,0.0,0.0,0.0,0.0,1.0,0.0
639629,0.0,0.0,0.0,0.0,0.0,2.0,0.0
640129,0.0,0.0,0.0,0.0,0.0,0.0,0.0
640158,0.0,0.0,0.0,0.0,0.0,1.0,0.0
640658,0.0,0.0,0.0,0.0,0.0,0.0,0.0
643288,0.0,0.0,0.0,0.0,0.0,1.0,0.0
643649,0.0,0.0,0.0,0.0,0.0,2.0,0.0
644149,0.0,0.0,0.0,0.0,0.0,0.0,0.0
644677,0.0,0.0,0.0,0.0,0.0,1.0,0.0
645177,0.0,0.0,0.0,0.0,0.0,0.0,0.0
645234,0.0,0.0,0.0,0.0,0.0,1.0,0.0
645734,0.0,0.0,0.0,0.0,0.0,0.0,0.0
648329,0.0,0.0,0.0,0.0,0.0,1.0,0.0
648829,0.0,0.0,0.0,0.0,0.0,0.0,0.0
650443,0.0,0.0,0.0,0.0,0.0,1.0,0.0
650943,0.0,0.0,0.0,0.0,0.0,0.0,0.0
651323,0.0,0.0,0.0,0.0,0.0,1.0,0.0
651330,0.0,0.0,0.0,0.0,0.0,2.0,0.0
651830,0.0,0.0,0.0,0.0,0.0,0.0,0.0
652476,0.0,0.0,0.0,0.0,0.0,1.0,0.0
652976,0.0,0.0,0.0,0.0,0.0,0.0,0.0
654170,0.0,0.0,0.0,0.0,0.0,1.0,0.0
654670,0.0,0.0,0.0,0.0,0.0,0.0,0.0
655079,0.0,0.0,0.0,0.0,0.0,1.0,0.0
655579,0.0,0.0,0.0,0.0,0.0,0.0,0.0
655784,0.0,0.0,0.0,0.0,0.0,1.0,0.0
656284,0.0,0.0,0.0,0.0,0.0,0.0,0.0
656718,0.0,0.0,0.0,0.0,0.0,1.0,0.0
656720,0.0,0.0,0.0,0.0,0.0,2.0,0.0
657220,0.0,0.0,0.0,0.0,0.0,0.0,0.0
657272,0.0,0.0,0.0,0.0,0.0,1.0,0.0
657772,0.0,0.0,0.0,0.0,0.0,0.0,0.0
657877,0.0,0.0,0.0,0.0,0.0,1.0,0.0
658377,0.0,0.0,0.0,0.0,0.0,0.0,0.0
658700,0.0,0.0,0.0,0.0,0.0,1.0,0.0
659200,0.0,0.0,0.0,0.0,0.0,0.0,0.0
659485,0.0,0.0,0.0,0.0,0.0,1.0,0.0
659985,0.0,0.0,0.0,0.0,0.0,0.0,0.0
660971,0.0,0.0,0.0,0.0,0.0,1.0,0.0
660974,0.0,0.0,0.0,0.0,0.0,2.0,0.0
661474,0.0,0.0,0.0,0.0,0.0,0.0,0.0
662918,0.0,0.0,0.0,0.0,0.0,1.0,0.0
663418,0.0,0.0,0.0,0.0,0.0,0.0,0.0
663670,0.0,0.0,0.0,0.0,0.0,1.0,0.0
664170,0.0,0.0,0.0,0.0,0.0,0.0,0.0
665647,0.0,0.0,0.0,0.0,0.0,1.0,0.0
665652,0.0,0.0,0.0,0.0,0.0,2.0,0.0
666152,0.0,0.0,0.0,0.0,0.0,0.0,0.0
672170,0.0,0.0,0.0,0.0,0.0,1.0,0.0
672670,0.0,0.0,0.0,0.0,0.0,0.0,0.0
673610,0.0,0.0,0.0,0.0,0.0,1.0,0.0
674110,0.0,0.0,0.0,0.0,0.0,0.0,0.0
676215,0.0,0.0,0.0,0.0,0.0,1.0,0.0
676715,0.0,0.0,0.0,0.0,0.0,0.0,0.0
677504,0.0,0.0,0.0,0.0,0.0,1.0,0.0
678004,0.0,0.0,0.0,0.0,0.0,0.0,0.0
678925,0.0,0.0,0.0,0.0,0.0,1.0,0.0
679425,0.0,0.0,0.0,0.0,0.0,0.0,0.0
680349,0.0,0.0,0.0,0.0,0.0,1.0,0.0
680849,0.0,0.0,0.0,0.0,0.0,0.0,0.0
681218,0.0,0.0,0.0,0.0,0.0,1.0,0.0
681718,0.0,0.0,0.0,0.0,0.0,0.0,0.0
682024,0.0,0.0,0.0,0.0,0.0,1.0,0.0
682155,0.0,0.0,0.0,0.0,0.0,2.0,0.0
682655,0.0,0.0,0.0,0.0,0.0,0.0,0.0
683205,0.0,2.0,0.0,0.0,0.0,0.0,0.0
683212,0.0,2.0,0.0,0.0,0.0,1.0,0.0
683214,0.0,2.0,0.0,0.0,0.0,2.0,0.0
683705,0.0,0.0,0.0,0.0,0.0,2.0,0.0
683714,0.0,0.0,0.0,0.0,0.0,0.0,0.0
686581,0.0,0.0,0.0,0.0,0.0,1.0,0.0
687081,0.0,0.0,0.0,0.0,0.0,0.0,0.0
689934,0.0,0.0,0.0,0.0,0.0,1.0,0.0
690434,0.0,0.0,0.0,0.0,0.0,0.0,0.0
691361,0.0,0.0,0.0,0.0,0.0,1.0,0.0
691861,0.0,0.0,0.0,0.0,0.0,0.0,0.0
692767,0.0,0.0,0.0,0.0,0.0,1.0,0.0
693185,0.0,2.0,0.0,0.0,0.0,1.0,0.0
693267,0.0,2.0,0.0,0.0,0.0,0.0,0.0
693685,0.0,0.0,0.0,0.0,0.0,0.0,0.0
694581,0.0,0.0,0.0,0.0,0.0,1.0,0.0
694618,0.0,0.0,0.0,0.0,0.0,2.0,0.0
695118,0.0,0.0,0.0,0.0,0.0,0.0,0.0
695839,0.0,0.0,0.0,0.0,0.0,1.0,0.0
696339,0.0,0.0,0.0,0.0,0.0,0.0,0.0
697651,0.0,0.0,0.0,0.0,0.0,1.0,0.0
698151,0.0,0.0,0.0,0.0,0.0,0.0,0.0
701075,0.0,0.0,0.0,0.0,0.0,1.0,0.0
701080,0.0,0.0,0.0,0.0,0.0,2.0,0.0
701580,0.0,0.0,0.0,0.0,0.0,0.0,0.0
702401,0.0,0.0,0.0,0.0,0.0,1.0,0.0
702901,0.0,0.0,0.0,0.0,0.0,0.0,0.0
704595,0.0,0.0,0.0,0.0,0.0,1.0,0.0
704597,0.0,0.0,0.0,0.0,0.0,2.0,0.0
705097,0.0,0.0,0.0,0.0,0.0,0.0,0.0
705209,0.0,0.0,0.0,0.0,0.0,1.0,0.0
705224,0.0,0.0,0.0,0.0,0.0,2.0,0.0
705724,0.0,0.0,0.0,0.0,0.0,0.0,0.0
705742,0.0,0.0,0.0,0.0,0.0,1.0,0.0
706242,0.0,0.0,0.0,0.0,0.0,0.0,0.0
712641,0.0,0.0,0.0,0.0,0.0,1.0,0.0
713141,0.0,0.0,0.0,0.0,0.0,0.0,0.0
715121,0.0,0.0,0.0,0.0,1.0,0.0,0.0
715621,0.0,0.0,0.0,0.0,0.0,0.0,0.0
716083,0.0,0.0,0.0,0.0,1.0,0.0,0.0
716583,0.0,0.0,0.0,0.0,0.0,0.0,0.0
718133,0.0,0.0,0.0,0.0,0.0,1.0,0.0
718633,0.0,0.0,0.0,0.0,0.0,0.0,0.0
718839,0.0,0.0,0.0,0.0,0.0,1.0,0.0
719005,0.0,0.0,0.0,0.0,0.0,2.0,0.0
719505,0.0,0.0,0.0,0.0,0.0,0.0,0.0
723210,0.0,0.0,0.0,0.0,0.0,1.0,0.0
723710,0.0,0.0,0.0,0.0,0.0,0.0,0.0
726472,0.0,0.0,0.0,0.0,1.0,0.0,0.0
726972,0.0,0.0,0.0,0.0,0.0,0.0,0.0
729037,0.0,0.0,0.0,0.0,0.0,1.0,0.0
729537,0.0,0.0,0.0,0.0,0.0,0.0,0.0
732067,0.0,0.0,0.0,0.0,0.0,1.0,0.0
732567,0.0,0.0,0.0,0.0,0.0,0.0,0.0
732954,0.0,0.0,0.0,0.0,0.0,1.0,0.0
733454,0.0,0.0,0.0,0.0,0.0,0.0,0.0
735842,0.0,0.0,0.0,0.0,0.0,1.0,0.0
735845,0.0,0.0,0.0,0.0,0.0,2.0,0.0
736345,0.0,0.0,0.0,0.0,0.0,0.0,0.0
738976,0.0,0.0,0.0,0.0,0.0,1.0,0.0
739476,0.0,0.0,0.0,0.0,0.0,0.0,0.0
739914,0.0,0.0,0.0,0.0,0.0,1.0,0.0
740414,0.0,0.0,0.0,0.0,0.0,0.0,0.0
740461,0.0,0.0,0.0,0.0,0.0,1.0,0.0
740961,0.0,0.0,0.0,0.0,0.0,0.0,0.0
741675,0.0,0.0,0.0,0.0,0.0,1.0,0.0
742175,0.0,0.0,0.0,0.0,0.0,0.0,0.0
742636,0.0,0.0,0.0,0.0,0.0,1.0,0.0
743136,0.0,0.0,0.0,0.0,0.0,0.0,0.0
745002,0.0,0.0,0.0,0.0,0.0,1.0,0.0
745502,0.0,0.0,0.0,0.0,0.0,0.0,0.0
746882,0.0,0.0,0.0,0.0,0.0,1.0,0.0
746883,0.0,0.0,0.0,0.0,0.0,2.0,0.0
747383,0.0,0.0,0.0,0.0,0.0,0.0,0.0
749171,0.0,0.0,0.0,0.0,0.0,1.0,0.0
749182,0.0,0.0,0.0,0.0,0.0,2.0,0.0
749682,0.0,0.0,0.0,0.0,0.0,0.0,0.0
750070,0.0,0.0,0.0,0.0,0.0,1.0,0.0
750570,0.0,0.0,0.0,0.0,0.0,0.0,0.0
751169,0.0,0.0,0.0,0.0,0.0,1.0,0.0
751174,0.0,0.0,0.0,0.0,0.0,2.0,0.0
751674,0.0,0.0,0.0,0.0,0.0,0.0,0.0
752865,0.0,0.0,0.0,0.0,0.0,1.0,0.0
753365,0.0,0.0,0.0,0.0,0.0,0.0,0.0
754030,0.0,0.0,0.0,0.0,1.0,0.0,0.0
754530,0.0,0.0,0.0,0.0,0.0,0.0,0.0
755793,0.0,0.0,0.0,0.0,0.0,1.0,0.0
756293,0.0,0.0,0.0,0.0,0.0,0.0,0.0
757403,0.0,0.0,0.0,0.0,0.0,1.0,0.0
757903,0.0,0.0,0.0,0.0,0.0,0.0,0.0
757927,0.0,0.0,0.0,0.0,0.0,1.0,0.0
758427,0.0,0.0,0.0,0.0,0.0,0.0,0.0
761290,0.0,0.0,0.0,0.0,0.0,1.0,0.0
761790,0.0,0.0,0.0,0.0,0.0,0.0,0.0
761873,0.0,0.0,0.0,0.0,0.0,1.0,0.0
762373,0.0,0.0,0.0,0.0,0.0,0.0,0.0
766763,0.0,0.0,0.0,0.0,0.0,1.0,0.0
767263,0.0,0.0,0.0,0.0,0.0,0.0,0.0
770600,0.0,0.0,0.0,0.0,0.0,1.0,0.0
771100,0.0,0.0,0.0,0.0,0.0,0.0,0.0
771380,0.0,0.0,0.0,0.0,0.0,1.0,0.0
771880,0.0,0.0,0.0,0.0,0.0,0.0,0.0
772112,0.0,0.0,0.0,0.0,0.0,1.0,0.0
772612,0.0,0.0,0.0,0.0,0.0,0.0,0.0
773396,0.0,0.0,0.0,0.0,0.0,1.0,0.0
773896,0.0,0.0,0.0,0.0,0.0,0.0,0.0
776708,0.0,0.0,0.0,0.0,0.0,1.0,0.0
777208,0.0,0.0,0.0,0.0,0.0,0.0,0.0
778416,0.0,0.0,0.0,0.0,0.0,1.0,0.0
778916,0.0,0.0,0.0,0.0,0.0,0.0,0.0
780182,0.0,0.0,0.0,0.0,0.0,1.0,0.0
780682,0.0,0.0,0.0,0.0,0.0,0.0,0.0
782303,0.0,0.0,0.0,0.0,0.0,1.0,0.0
782803,0.0,0.0,0.0,0.0,0.0,0.0,0.0
783135,0.0,0.0,0.0,0.0,0.0,1.0,0.0
783635,0.0,0.0,0.0,0.0,0.0,0.0,0.0
783788,0.0,0.0,0.0,0.0,0.0,1.0,0.0
784288,0.0,0.0,0.0,0.0,0.0,0.0,0.0
784505,0.0,0.0,0.0,0.0,0.0,1.0,0.0
785005,0.0,0.0,0.0,0.0,0.0,0.0,0.0
785243,0.0,0.0,0.0,0.0,0.0,1.0,0.0
785248,0.0,0.0,0.0,0.0,0.0,2.0,0.0
785748,0.0,0.0,0.0,0.0,0.0,0.0,0.0
786672,0.0,0.0,0.0,0.0,0.0,1.0,0.0
787172,0.0,0.0,0.0,0.0,0.0,0.0,0.0
787695,0.0,0.0,0.0,0.0,0.0,1.0,0.0
788195,0.0,0.0,0.0,0.0,0.0,0.0,0.0
789083,0.0,0.0,0.0,0.0,0.0,1.0,0.0
789583,0.0,0.0,0.0,0.0,0.0,0.0,0.0
793119,0.0,0.0,0.0,0.0,0.0,1.0,0.0
793619,0.0,0.0,0.0,0.0,0.0,0.0,0.0
796592,0.0,0.0,0.0,0.0,0.0,1.0,0.0
797092,0.0,0.0,0.0,0.0,0.0,0.0,0.0
798410,0.0,0.0,0.0,0.0,0.0,1.0,0.0
798910,0.0,0.0,0.0,0.0,0.0,0.0,0.0
801242,0.0,0.0,0.0,0.0,0.0,1.0,0.0
801742,0.0,0.0,0.0,0.0,0.0,0.0,0.0
803615,0.0,0.0,0.0,0.0,0.0,1.0,0.0
803618,0.0,0.0,0.0,0.0,1.0,1.0,0.0
803642,0.0,0.0,0.0,0.0,2.0,2.0,0.0
804142,0.0,0.0,0.0,0.0,0.0,0.0,0.0
805680,0.0,0.0,0.0,0.0,1.0,0.0,0.0
805721,0.0,0.0,0.0,0.0,1.0,1.0,0.0
806180,0.0,0.0,0.0,0.0,0.0,1.0,0.0
806221,0.0,0.0,0.0,0.0,0.0,0.0,0.0
806404,0.0,0.0,0.0,0.0,0.0,1.0,0.0
806904,0.0,0.0,0.0,0.0,0.0,0.0,0.0
807000,0.0,0.0,0.0,0.0,0.0,0.0,1.0
807500,0.0,0.0,0.0,0.0,0.0,0.0,0.0
807673,0.0,0.0,0.0,0.0,0.0,1.0,0.0
807878,0.0,0.0,0.0,0.0,0.0,2.0,0.0
808378,0.0,0.0,0.0,0.0,0.0,0.0,0.0
808646,0.0,2.0,0.0,0.0,0.0,0.0,0.0
809146,0.0,0.0,0.0,0.0,0.0,0.0,0.0
809183,2.0,0.0,0.0,0.0,0.0,0.0,0.0
809443,2.0,0.0,0.0,0.0,1.0,0.0,0.0
809573,2.0,0.0,0.0,0.0,2.0,0.0,0.0
809683,0.0,0.0,0.0,0.0,2.0,0.0,0.0
810073,0.0,0.0,0.0,0.0,0.0,0.0,0.0
810149,0.0,0.0,0.0,0.0,0.0,1.0,0.0
810649,0.0,0.0,0.0,0.0,0.0,0.0,0.0
810822,0.0,0.0,0.0,0.0,0.0,1.0,0.0
811322,0.0,0.0,0.0,0.0,0.0,0.0,0.0
812849,0.0,0.0,0.0,0.0,0.0,1.0,0.0
813349,0.0,0.0,0.0,0.0,0.0,0.0,0.0
813628,0.0,0.0,1.0,0.0,0.0,0.0,0.0
814006,0.0,0.0,1.0,0.0,0.0,1.0,0.0
814506,0.0,0.0,1.0,0.0,0.0,0.0,0.0
814592,0.0,0.0,1.0,0.0,0.0,1.0,0.0
814652,0.0,0.0,1.0,0.0,0.0,2.0,0.0
815152,0.0,0.0,1.0,0.0,0.0,0.0,0.0
816621,0.0,0.0,1.0,0.0,0.0,1.0,0.0
817121,0.0,0.0,1.0,0.0,0.0,0.0,0.0
817220,0.0,0.0,1.0,0.0,0.0,1.0,0.0
817720,0.0,0.0,1.0,0.0,0.0,0.0,0.0
818022,0.0,0.0,1.0,0.0,0.0,1.0,0.0
818522,0.0,0.0,1.0,0.0,0.0,0.0,0.0
820765,0.0,0.0,2.0,0.0,0.0,0.0,0.0
821265,0.0,0.0,0.0,0.0,0.0,0.0,0.0
821524,0.0,0.0,1.0,0.0,0.0,0.0,0.0
821542,0.0,0.0,1.0,0.0,0.0,1.0,0.0
821767,0.0,0.0,2.0,0.0,0.0,1.0,0.0
822042,0.0,0.0,2.0,0.0,0.0,0.0,0.0
822217,0.0,0.0,2.0,0.0,0.0,1.0,0.0
822267,0.0,0.0,1.0,0.0,0.0,1.0,0.0
822717,0.0,0.0,1.0,0.0,0.0,0.0,0.0
823065,0.0,0.0,1.0,0.0,0.0,1.0,0.0
823072,0.0,0.0,1.0,0.0,0.0,2.0,0.0
823572,0.0,0.0,1.0,0.0,0.0,0.0,0.0
823837,0.0,0.0,1.0,0.0,0.0,1.0,0.0
824337,0.0,0.0,1.0,0.0,0.0,0.0,0.0
824737,0.0,0.0,1.0,0.0,0.0,1.0,0.0
824739,0.0,0.0,1.0,0.0,0.0,2.0,0.0
824740,0.0,0.0,1.0,0.0,1.0,2.0,0.0
824767,0.0,0.0,0.0,0.0,1.0,2.0,0.0
824826,0.0,0.0,1.0,0.0,1.0,2.0,0.0
825239,0.0,0.0,1.0,0.0,1.0,0.0,0.0
825240,0.0,0.0,1.0,0.0,0.0,0.0,0.0
825279,0.0,0.0,1.0,0.0,0.0,1.0,0.0
825326,0.0,0.0,0.0,0.0,0.0,1.0,0.0
825779,0.0,0.0,0.0,0.0,0.0,0.0,0.0
825804,0.0,0.0,0.0,0.0,0.0,1.0,0.0
826304,0.0,0.0,0.0,0.0,0.0,0.0,0.0
826491,0.0,0.0,0.0,0.0,0.0,1.0,0.0
826991,0.0,0.0,0.0,0.0,0.0,0.0,0.0
827311,0.0,0.0,0.0,0.0,0.0,1.0,0.0
827811,0.0,0.0,0.0,0.0,0.0,0.0,0.0
827838,0.0,0.0,0.0,0.0,0.0,1.0,0.0
828338,0.0,0.0,0.0,0.0,0.0,0.0,0.0
828341,0.0,0.0,0.0,0.0,0.0,1.0,0.0
828841,0.0,0.0,0.0,0.0,0.0,0.0,0.0
829174,0.0,0.0,0.0,0.0,0.0,1.0,0.0
829674,0.0,0.0,0.0,0.0,0.0,0.0,0.0
829684,0.0,0.0,0.0,0.0,0.0,1.0,0.0
829685,0.0,0.0,0.0,0.0,0.0,2.0,0.0
830185,0.0,0.0,0.0,0.0,0.0,0.0,0.0
831872,0.0,0.0,0.0,0.0,0.0,1.0,0.0
831999,0.0,0.0,0.0,0.0,0.0,2.0,0.0
832499,0.0,0.0,0.0,0.0,0.0,0.0,0.0
833780,0.0,0.0,0.0,0.0,0.0,1.0,0.0
834280,0.0,0.0,0.0,0.0,0.0,0.0,0.0
834585,0.0,0.0,0.0,0.0,0.0,1.0,0.0
834590,0.0,0.0,0.0,0.0,0.0,2.0,0.0
835090,0.0,0.0,0.0,0.0,0.0,0.0,0.0
836743,0.0,0.0,0.0,0.0,0.0,1.0,0.0
837243,0.0,0.0,0.0,0.0,0.0,0.0,0.0
837768,0.0,0.0,0.0,0.0,0.0,1.0,0.0
838268,0.0,0.0,0.0,0.0,0.0,0.0,0.0
838447,0.0,0.0,0.0,0.0,0.0,1.0,0.0
838947,0.0,0.0,0.0,0.0,0.0,0.0,0.0
839316,0.0,0.0,0.0,0.0,0.0,1.0,0.0
839816,0.0,0.0,0.0,0.0,0.0,0.0,0.0
840407,0.0,0.0,0.0,0.0,0.0,1.0,0.0
840902,0.0,0.0,0.0,0.0,0.0,2.0,0.0
841402,0.0,0.0,0.0,0.0,0.0,0.0,0.0
843781,0.0,0.0,0.0,0.0,0.0,1.0,0.0
843829,0.0,2.0,0.0,0.0,0.0,1.0,0.0
844281,0.0,2.0,0.0,0.0,0.0,0.0,0.0
844329,0.0,0.0,0.0,0.0,0.0,0.0,0.0
845059,0.0,0.0,0.0,0.0,0.0,1.0,0.0
845559,0.0,0.0,0.0,0.0,0.0,0.0,0.0
848766,0.0,0.0,0.0,0.0,0.0,1.0,0.0
849266,0.0,0.0,0.0,0.0,0.0,0.0,0.0
850178,0.0,0.0,0.0,0.0,0.0,1.0,0.0
850181,0.0,0.0,0.0,0.0,0.0,2.0,0.0
850681,0.0,0.0,0.0,0.0,0.0,0.0,0.0
850963,0.0,2.0,0.0,0.0,0.0,0.0,0.0
851463,0.0,0.0,0.0,0.0,0.0,0.0,0.0
853238,0.0,0.0,0.0,0.0,0.0,1.0,0.0
853245,0.0,0.0,0.0,0.0,0.0,2.0,0.0
853745,0.0,0.0,0.0,0.0,0.0,0.0,0.0
853976,0.0,0.0,0.0,0.0,0.0,1.0,0.0
854476,0.0,0.0,0.0,0.0,0.0,0.0,0.0
856118,0.0,0.0,0.0,0.0,0.0,1.0,0.0
856618,0.0,0.0,0.0,0.0,0.0,0.0,0.0
856927,0.0,0.0,0.0,0.0,0.0,1.0,0.0
857427,0.0,0.0,0.0,0.0,0.0,0.0,0.0
858639,0.0,0.0,0.0,0.0,0.0,1.0,0.0
859139,0.0,0.0,0.0,0.0,0.0,0.0,0.0
861755,0.0,0.0,0.0,0.0,0.0,1.0,0.0
861758,0.0,0.0,0.0,0.0,0.0,2.0,0.0
862258,0.0,0.0,0.0,0.0,0.0,0.0,0.0
862758,0.0,0.0,0.0,0.0,0.0,1.0,0.0
863258,0.0,0.0,0.0,0.0,0.0,0.0,0.0
864502,0.0,0.0,0.0,0.0,0.0,1.0,0.0
865002,0.0,0.0,0.0,0.0,0.0,0.0,0.0
868931,0.0,0.0,0.0,0.0,0.0,1.0,0.0
869431,0.0,0.0,0.0,0.0,0.0,0.0,0.0
869566,0.0,0.0,0.0,0.0,0.0,1.0,0.0
870002,0.0,0.0,0.0,0.0,0.0,2.0,0.0
870502,0.0,0.0,0.0,0.0,0.0,0.0,0.0
870517,0.0,0.0,0.0,0.0,0.0,1.0,0.0
871017,0.0,0.0,0.0,0.0,0.0,0.0,0.0
874009,0.0,0.0,0.0,0.0,0.0,1.0,0.0
874509,0.0,0.0,0.0,0.0,0.0,0.0,0.0
876012,0.0,0.0,0.0,0.0,1.0,0.0,0.0
876041,0.0,0.0,0.0,0.0,1.0,1.0,0.0
876512,0.0,0.0,0.0,0.0,0.0,1.0,0.0
876541,0.0,0.0,0.0,0.0,0.0,0.0,0.0
878253,0.0,0.0,0.0,0.0,0.0,1.0,0.0
878364,0.0,0.0,0.0,0.0,0.0,2.0,0.0
878864,0.0,0.0,0.0,0.0,0.0,0.0,0.0
879026,0.0,0.0,0.0,0.0,0.0,1.0,0.0
879526,0.0,0.0,0.0,0.0,0.0,0.0,0.0
880210,0.0,0.0,0.0,0.0,0.0,1.0,0.0
880710,0.0,0.0,0.0,0.0,0.0,0.0,0.0
881027,0.0,0.0,0.0,0.0,0.0,1.0,0.0
881527,0.0,0.0,0.0,0.0,0.0,0.0,0.0
882067,0.0,0.0,0.0,0.0,0.0,1.0,0.0
882567,0.0,0.0,0.0,0.0,0.0,0.0,0.0
882765,0.0,0.0,0.0,0.0,0.0,1.0,0.0
883265,0.0,0.0,0.0,0.0,0.0,0.0,0.0
884717,0.0,0.0,0.0,0.0,0.0,1.0,0.0
885158,0.0,0.0,0.0,0.0,0.0,2.0,0.0
885658,0.0,0.0,0.0,0.0,0.0,0.0,0.0
885998,0.0,0.0,0.0,0.0,0.0,1.0,0.0
886498,0.0,0.0,0.0,0.0,0.0,0.0,0.0
887001,0.0,0.0,0.0,0.0,0.0,1.0,0.0
887501,0.0,0.0,0.0,0.0,0.0,0.0,0.0
892614,0.0,0.0,0.0,0.0,0.0,1.0,0.0
892651,0.0,0.0,0.0,0.0,0.0,2.0,0.0
893151,0.0,0.0,0.0,0.0,0.0,0.0,0.0
893925,0.0,0.0,0.0,0.0,0.0,1.0,0.0
894425,0.0,0.0,0.0,0.0,0.0,0.0,0.0
895370,0.0,0.0,0.0,0.0,0.0,1.0,0.0
895372,0.0,0.0,0.0,0.0,0.0,2.0,0.0
895872,0.0,0.0,0.0,0.0,0.0,0.0,0.0
896535,0.0,0.0,0.0,0.0,0.0,1.0,0.0
897035,0.0,0.0,0.0,0.0,0.0,0.0,0.0
897188,0.0,0.0,0.0,0.0,0.0,1.0,0.0
897688,0.0,0.0,0.0,0.0,0.0,0.0,0.0
898754,0.0,0.0,0.0,0.0,0.0,1.0,0.0
898765,0.0,0.0,0.0,0.0,0.0,2.0,0.0
899265,0.0,0.0,0.0,0.0,0.0,0.0,0.0
900872,0.0,0.0,0.0,0.0,0.0,1.0,0.0
901372,0.0,0.0,0.0,0.0,0.0,0.0,0.0
901532,0.0,0.0,0.0,0.0,0.0,1.0,0.0
902032,0.0,0.0,0.0,0.0,0.0,0.0,0.0
902240,0.0,0.0,0.0,0.0,0.0,1.0,0.0
902740,0.0,0.0,0.0,0.0,0.0,0.0,0.0
902900,0.0,0.0,0.0,0.0,0.0,1.0,0.0
902902,0.0,0.0,0.0,0.0,0.0,2.0,0.0
903402,0.0,0.0,0.0,0.0,0.0,0.0,0.0
904748,0.0,0.0,0.0,0.0,0.0,1.0,0.0
904752,0.0,0.0,0.0,0.0,0.0,2.0,0.0
905252,0.0,0.0,0.0,0.0,0.0,0.0,0.0
905269,0.0,0.0,0.0,0.0,0.0,1.0,0.0
905769,0.0,0.0,0.0,0.0,0.0,0.0,0.0
908697,0.0,0.0,0.0,0.0,0.0,1.0,0.0
909197,0.0,0.0,0.0,0.0,0.0,0.0,0.0
911571,0.0,0.0,0.0,0.0,0.0,1.0,0.0
912071,0.0,0.0,0.0,0.0,0.0,0.0,0.0
914956,0.0,0.0,0.0,0.0,0.0,1.0,0.0
914957,0.0,0.0,0.0,0.0,0.0,2.0,0.0
914958,0.0,0.0,0.0,0.0,1.0,2.0,0.0
914963,0.0,0.0,0.0,0.0,2.0,2.0,0.0
915457,0.0,0.0,0.0,0.0,2.0,0.0,0.0
915463,0.0,0.0,0.0,0.0,0.0,0.0,0.0
916885,0.0,0.0,0.0,0.0,1.0,0.0,0.0
916985,0.0,0.0,0.0,0.0,1.0,1.0,0.0
917385,0.0,0.0,0.0,0.0,0.0,1.0,0.0
917485,0.0,0.0,0.0,0.0,0.0,0.0,0.0
917534,0.0,0.0,0.0,0.0,0.0,1.0,0.0
917549,0.0,0.0,0.0,0.0,0.0,2.0,0.0
918049,0.0,0.0,0.0,0.0,0.0,0.0,0.0
921738,0.0,0.0,0.0,0.0,0.0,1.0,0.0
922238,0.0,0.0,0.0,0.0,0.0,0.0,0.0
923532,0.0,0.0,0.0,0.0,0.0,1.0,0.0
924032,0.0,0.0,0.0,0.0,0.0,0.0,0.0
924277,0.0,0.0,0.0,0.0,0.0,1.0,0.0
924777,0.0,0.0,0.0,0.0,0.0,0.0,0.0
927988,0.0,0.0,0.0,0.0,0.0,1.0,0.0
927990,0.0,0.0,0.0,0.0,0.0,2.0,0.0
928490,0.0,0.0,0.0,0.0,0.0,0.0,0.0
928506,0.0,0.0,0.0,0.0,0.0,1.0,0.0
929006,0.0,0.0,0.0,0.0,0.0,0.0,0.0
929367,0.0,0.0,0.0,0.0,0.0,1.0,0.0
929867,0.0,0.0,0.0,0.0,0.0,0.0,0.0
930632,0.0,0.0,0.0,0.0,0.0,1.0,0.0
931132,0.0,0.0,0.0,0.0,0.0,0.0,0.0
932783,0.0,0.0,0.0,0.0,1.0,0.0,0.0
932824,0.0,0.0,0.0,0.0,1.0,1.0,0.0
933283,0.0,0.0,0.0,0.0,0.0,1.0,0.0
933324,0.0,0.0,0.0,0.0,0.0,0.0,0.0
934122,0.0,0.0,0.0,0.0,0.0,1.0,0.0
934138,0.0,0.0,0.0,0.0,1.0,2.0,0.0
934638,0.0,0.0,0.0,0.0,0.0,0.0,0.0
935542,0.0,0.0,0.0,0.0,0.0,1.0,0.0
936042,0.0,0.0,0.0,0.0,0.0,0.0,0.0
936685,0.0,0.0,0.0,0.0,0.0,1.0,0.0
937185,0.0,0.0,0.0,0.0,0.0,0.0,0.0
937799,0.0,0.0,0.0,0.0,0.0,1.0,0.0
938299,0.0,0.0,0.0,0.0,0.0,0.0,0.0
940404,0.0,0.0,0.0,0.0,0.0,1.0,0.0
940416,0.0,0.0,0.0,0.0,0.0,2.0,0.0
940916,0.0,0.0,0.0,0.0,0.0,0.0,0.0
942793,0.0,0.0,0.0,0.0,0.0,1.0,0.0
942969,0.0,0.0,0.0,0.0,0.0,2.0,0.0
943469,0.0,0.0,0.0,0.0,0.0,0.0,0.0
950879,0.0,0.0,0.0,0.0,0.0,1.0,0.0
951379,0.0,0.0,0.0,0.0,0.0,0.0,0.0
951677,0.0,0.0,0.0,0.0,0.0,1.0,0.0
952177,0.0,0.0,0.0,0.0,0.0,0.0,0.0
955720,0.0,0.0,0.0,0.0,0.0,1.0,0.0
956220,0.0,0.0,0.0,0.0,0.0,0.0,0.0
957338,0.0,0.0,0.0,0.0,0.0,1.0,0.0
957838,0.0,0.0,0.0,0.0,0.0,0.0,0.0
958634,0.0,0.0,0.0,0.0,0.0,1.0,0.0
958636,0.0,0.0,0.0,0.0,0.0,2.0,0.0
959136,0.0,0.0,0.0,0.0,0.0,0.0,0.0
961174,0.0,0.0,0.0,0.0,0.0,1.0,0.0
961674,0.0,0.0,0.0,0.0,0.0,0.0,0.0
964909,0.0,0.0,0.0,0.0,0.0,1.0,0.0
965409,0.0,0.0,0.0,0.0,0.0,0.0,0.0
966849,0.0,0.0,0.0,0.0,0.0,1.0,0.0
967349,0.0,0.0,0.0,0.0,0.0,0.0,0.0
969646,0.0,0.0,0.0,0.0,0.0,1.0,0.0
970146,0.0,0.0,0.0,0.0,0.0,0.0,0.0
971290,0.0,0.0,0.0,0.0,0.0,1.0,0.0
971790,0.0,0.0,0.0,0.0,0.0,0.0,0.0
972673,0.0,0.0,0.0,0.0,1.0,0.0,0.0
973173,0.0,0.0,0.0,0.0,0.0,0.0,0.0
973703,0.0,0.0,0.0,0.0,0.0,1.0,0.0
974203,0.0,0.0,0.0,0.0,0.0,0.0,0.0
974897,0.0,0.0,0.0,0.0,0.0,1.0,0.0
975397,0.0,0.0,0.0,0.0,0.0,0.0,0.0
976456,0.0,0.0,0.0,0.0,0.0,1.0,0.0
976956,0.0,0.0,0.0,0.0,0.0,0.0,0.0
977082,0.0,0.0,0.0,0.0,0.0,1.0,0.0
977582,0.0,0.0,0.0,0.0,0.0,0.0,0.0
977991,0.0,0.0,0.0,0.0,0.0,1.0,0.0
978001,0.0,0.0,0.0,0.0,0.0,2.0,0.0
978120,0.0,0.0,0.0,0.0,1.0,2.0,0.0
978501,0.0,0.0,0.0,0.0,1.0,0.0,0.0
978620,0.0,0.0,0.0,0.0,0.0,0.0,0.0
979141,0.0,0.0,0.0,0.0,0.0,1.0,0.0
979641,0.0,0.0,0.0,0.0,0.0,0.0,0.0
981874,0.0,0.0,0.0,0.0,0.0,1.0,0.0
982374,0.0,0.0,0.0,0.0,0.0,0.0,0.0
982450,0.0,0.0,0.0,0.0,0.0,1.0,0.0
982950,0.0,0.0,0.0,0.0,0.0,0.0,0.0
983906,0.0,0.0,0.0,0.0,0.0,1.0,0.0
983946,0.0,0.0,0.0,0.0,0.0,2.0,0.0
984446,0.0,0.0,0.0,0.0,0.0,0.0,0.0
989611,0.0,0.0,0.0,0.0,0.0,1.0,0.0
990111,0.0,0.0,0.0,0.0,0.0,0.0,0.0
994499,0.0,0.0,0.0,0.0,0.0,1.0,0.0
994999,0.0,0.0,0.0,0.0,0.0,0.0,0.0
995161,0.0,0.0,0.0,0.0,0.0,1.0,0.0
995661,0.0,0.0,0.0,0.0,0.0,0.0,0.0
996184,0.0,0.0,0.0,0.0,0.0,1.0,0.0
996684,0.0,0.0,0.0,0.0,0.0,0.0,0.0
1001282,0.0,0.0,0.0,0.0,0.0,1.0,0.0
1001782,0.0,0.0,0.0,0.0,0.0,0.0,0.0
1003190,0.0,0.0,0.0,0.0,0.0,1.0,0.0
1003690,0.0,0.0,0.0,0.0,0.0,0.0,0.0
1004200,0.0,0.0,0.0,0.0,0.0,1.0,0.0
1004700,0.0,0.0,0.0,0.0,0.0,0.0,0.0
1009000,0.0,0.0,0.0,0.0,0.0,0.0,1.0
1009500,0.0,0.0,0.0,0.0,0.0,0.0,0.0
1009815,0.0,0.0,0.0,0.0,0.0,1.0,0.0
1010315,0.0,0.0,0.0,0.0,0.0,0.0,0.0
1011373,0.0,0.0,0.0,0.0,0.0,1.0,0.0
1011873,0.0,0.0,0.0,0.0,0.0,0.0,0.0
1012186,0.0,0.0,0.0,0.0,0.0,1.0,0.0
1012255,2.0,0.0,0.0,0.0,0.0,1.0,0.0
1012427,2.0,2.0,0.0,0.0,0.0,1.0,0.0
1012686,2.0,2.0,0.0,0.0,0.0,0.0,0.0
1012755,0.0,2.0,0.0,0.0,0.0,0.0,0.0
1012927,0.0,0.0,0.0,0.0,0.0,0.0,0.0
1013161,0.0,0.0,0.0,0.0,1.0,0.0,0.0
1013183,2.0,0.0,0.0,0.0,1.0,0.0,0.0
1013653,2.0,0.0,0.0,0.0,1.0,1.0,0.0
1013660,2.0,0.0,0.0,0.0,1.0,2.0,0.0
1013683,0.0,0.0,0.0,0.0,1.0,2.0,0.0
1013850,0.0,0.0,0.0,0.0,2.0,2.0,0.0
1013855,2.0,0.0,0.0,0.0,2.0,2.0,0.0
1014160,2.0,0.0,0.0,0.0,2.0,0.0,0.0
1014350,2.0,0.0,0.0,0.0,0.0,0.0,0.0
1014355,0.0,0.0,0.0,0.0,0.0,0.0,0.0
1015830,0.0,0.0,0.0,0.0,0.0,1.0,0.0
1016330,0.0,0.0,0.0,0.0,0.0,0.0,0.0
1016610,0.0,0.0,0.0,0.0,0.0,1.0,0.0
1016927,2.0,0.0,0.0,0.0,0.0,1.0,0.0
1017110,2.0,0.0,0.0,0.0,0.0,0.0,0.0
1017427,0.0,0.0,0.0,0.0,0.0,0.0,0.0
1017599,0.0,0.0,0.0,0.0,0.0,1.0,0.0
1018099,0.0,0.0,0.0,0.0,0.0,0.0,0.0
1020658,0.0,0.0,0.0,0.0,0.0,1.0,0.0
1021158,0.0,0.0,0.0,0.0,0.0,0.0,0.0
1022990,0.0,0.0,0.0,0.0,0.0,1.0,0.0
1022992,0.0,0.0,0.0,0.0,0.0,2.0,0.0
1023492,0.0,0.0,0.0,0.0,0.0,0.0,0.0
1023762,0.0,0.0,0.0,0.0,0.0,1.0,0.0
1024262,0.0,0.0,0.0,0.0,0.0,0.0,0.0
1024685,0.0,0.0,0.0,0.0,1.0,0.0,0.0
1024693,0.0,0.0,0.0,0.0,1.0,1.0,0.0
1025185,0.0,0.0,0.0,0.0,0.0,1.0,0.0
1025193,0.0,0.0,0.0,0.0,0.0,0.0,0.0
1027229,0.0,0.0,0.0,0.0,0.0,1.0,0.0
1027231,0.0,0.0,0.0,0.0,0.0,2.0,0.0
1027731,0.0,0.0,0.0,0.0,0.0,0.0,0.0
1027989,0.0,0.0,0.0,0.0,0.0,1.0,0.0
1028489,0.0,0.0,0.0,0.0,0.0,0.0,0.0
1029404,0.0,0.0,0.0,0.0,0.0,1.0,0.0
1029904,0.0,0.0,0.0,0.0,0.0,0.0,0.0
1030351,0.0,0.0,0.0,0.0,0.0,1.0,0.0
1030851,0.0,0.0,0.0,0.0,0.0,0.0,0.0
1031023,0.0,0.0,0.0,0.0,0.0,1.0,0.0
1031026,0.0,0.0,0.0,0.0,0.0,2.0,0.0
1031526,0.0,0.0,0.0,0.0,0.0,0.0,0.0
1031943,0.0,0.0,0.0,0.0,0.0,1.0,0.0
1031945,0.0,0.0,0.0,0.0,0.0,2.0,0.0
1032445,0.0,0.0,0.0,0.0,0.0,0.0,0.0
1033737,0.0,0.0,0.0,0.0,0.0,1.0,0.0
1033739,0.0,0.0,0.0,0.0,0.0,2.0,0.0
1034239,0.0,0.0,0.0,0.0,0.0,0.0,0.0
1035005,0.0,0.0,0.0,0.0,0.0,1.0,0.0
1035505,0.0,0.0,0.0,0.0,0.0,0.0,0.0
1035589,0.0,0.0,0.0,0.0,0.0,1.0,0.0
1036089,0.0,0.0,0.0,0.0,0.0,0.0,0.0
1037088,0.0,0.0,0.0,0.0,0.0,1.0,0.0
1037164,0.0,2.0,0.0,0.0,0.0,1.0,0.0
1037588,0.0,2.0,0.0,0.0,0.0,0.0,0.0
1037664,0.0,0.0,0.0,0.0,0.0,0.0,0.0
1038310,0.0,0.0,0.0,0.0,0.0,1.0,0.0
1038312,0.0,0.0,0.0,0.0,0.0,2.0,0.0
1038812,0.0,0.0,0.0,0.0,0.0,0.0,0.0
1039751,0.0,0.0,0.0,0.0,0.0,1.0,0.0
1040251,0.0,0.0,0.0,0.0,0.0,0.0,0.0
1042368,0.0,0.0,0.0,0.0,0.0,1.0,0.0
1042375,0.0,0.0,0.0,0.0,0.0,2.0,0.0
1042875,0.0,0.0,0.0,0.0,0.0,0.0,0.0
1044772,0.0,0.0,0.0,0.0,0.0,1.0,0.0
1044794,0.0,0.0,0.0,0.0,0.0,2.0,0.0
1045294,0.0,0.0,0.0,0.0,0.0,0.0,0.0
1047577,0.0,0.0,0.0,0.0,0.0,1.0,0.0
1047586,0.0,0.0,0.0,0.0,0.0,2.0,0.0
1048086,0.0,0.0,0.0,0.0,0.0,0.0,0.0
1048196,0.0,0.0,0.0,0.0,0.0,1.0,0.0
1048696,0.0,0.0,0.0,0.0,0.0,0.0,0.0
1050592,0.0,0.0,0.0,0.0,0.0,1.0,0.0
1051092,0.0,0.0,0.0,0.0,0.0,0.0,0.0
1051418,0.0,0.0,0.0,0.0,0.0,1.0,0.0
1051423,0.0,0.0,0.0,0.0,0.0,2.0,0.0
1051923,0.0,0.0,0.0,0.0,0.0,0.0,0.0
1053540,0.0,0.0,0.0,0.0,0.0,1.0,0.0
1053687,0.0,2.0,0.0,0.0,0.0,1.0,0.0
1054040,0.0,2.0,0.0,0.0,0.0,0.0,0.0
1054187,0.0,0.0,0.0,0.0,0.0,0.0,0.0
1055597,0.0,0.0,0.0,0.0,0.0,1.0,0.0
1056097,0.0,0.0,0.0,0.0,0.0,0.0,0.0
1057425,0.0,0.0,0.0,0.0,0.0,1.0,0.0
1057925,0.0,0.0,0.0,0.0,0.0,0.0,0.0
1059096,0.0,0.0,0.0,0.0,0.0,1.0,0.0
1059596,0.0,0.0,0.0,0.0,0.0,0.0,0.0
1059703,0.0,0.0,0.0,0.0,0.0,1.0,0.0
1060203,0.0,0.0,0.0,0.0,0.0,0.0,0.0
1060205,0.0,0.0,0.0,0.0,0.0,1.0,0.0
1060705,0.0,0.0,0.0,0.0,0.0,0.0,0.0
1061773,0.0,0.0,0.0,0.0,0.0,1.0,0.0
1062273,0.0,0.0,0.0,0.0,0.0,0.0,0.0
1063745,0.0,0.0,0.0,0.0,0.0,1.0,0.0
1064245,0.0,0.0,0.0,0.0,0.0,0.0,0.0
1064850,0.0,0.0,0.0,0.0,0.0,1.0,0.0
1064866,0.0,0.0,0.0,0.0,0.0,2.0,0.0
1065366,0.0,0.0,0.0,0.0,0.0,0.0,0.0
1065681,0.0,0.0,0.0,0.0,0.0,1.0,0.0
1065683,0.0,0.0,0.0,0.0,0.0,2.0,0.0
1066183,0.0,0.0,0.0,0.0,0.0,0.0,0.0
1067417,0.0,0.0,0.0,0.0,0.0,1.0,0.0
1067917,0.0,0.0,0.0,0.0,0.0,0.0,0.0
1068247,0.0,0.0,0.0,0.0,0.0,1.0,0.0
1068747,0.0,0.0,0.0,0.0,0.0,0.0,0.0
1068945,0.0,0.0,0.0,0.0,0.0,1.0,0.0
1068954,0.0,0.0,0.0,0.0,0.0,2.0,0.0
1069454,0.0,0.0,0.0,0.0,0.0,0.0,0.0
1071515,0.0,0.0,0.0,0.0,0.0,1.0,0.0
1072015,0.0,0.0,0.0,0.0,0.0,0.0,0.0
1072452,0.0,2.0,0.0,0.0,0.0,0.0,0.0
1072952,0.0,0.0,0.0,0.0,0.0,0.0,0.0
1073263,0.0,0.0,0.0,0.0,0.0,1.0,0.0
1073763,0.0,0.0,0.0,0.0,0.0,0.0,0.0
1074968,0.0,0.0,0.0,0.0,0.0,1.0,0.0
1075468,0.0,0.0,0.0,0.0,0.0,0.0,0.0
1076693,0.0,0.0,0.0,0.0,0.0,1.0,0.0
1077193,0.0,0.0,0.0,0.0,0.0,0.0,0.0
1078701,0.0,0.0,0.0,0.0,0.0,1.0,0.0
1079201,0.0,0.0,0.0,0.0,0.0,0.0,0.0
1079243,0.0,0.0,0.0,0.0,0.0,1.0,0.0
1079743,0.0,0.0,0.0,0.0,0.0,0.0,0.0
1081939,0.0,0.0,0.0,0.0,0.0,1.0,0.0
1082439,0.0,0.0,0.0,0.0,0.0,0.0,0.0
1082775,0.0,0.0,0.0,0.0,0.0,1.0,0.0
1083275,0.0,0.0,0.0,0.0,0.0,0.0,0.0
1083352,0.0,0.0,0.0,0.0,0.0,1.0,0.0
1083852,0.0,0.0,0.0,0.0,0.0,0.0,0.0
1084185,0.0,0.0,0.0,0.0,0.0,1.0,0.0
1084685,0.0,0.0,0.0,0.0,0.0,0.0,0.0
1085779,0.0,0.0,0.0,0.0,0.0,1.0,0.0
1086279,0.0,0.0,0.0,0.0,0.0,0.0,0.0
1088385,0.0,0.0,0.0,0.0,0.0,1.0,0.0
1088885,0.0,0.0,0.0,0.0,0.0,0.0,0.0
1089234,0.0,0.0,0.0,0.0,0.0,1.0,0.0
1089734,0.0,0.0,0.0,0.0,0.0,0.0,0.0
1089875,0.0,0.0,0.0,0.0,0.0,1.0,0.0
1090375,0.0,0.0,0.0,0.0,0.0,0.0,0.0
1092045,0.0,0.0,0.0,0.0,0.0,1.0,0.0
1092545,0.0,0.0,0.0,0.0,0.0,0.0,0.0
1092631,0.0,0.0,0.0,0.0,0.0,1.0,0.0
1093131,0.0,0.0,0.0,0.0,0.0,0.0,0.0
1095119,0.0,0.0,0.0,0.0,0.0,1.0,0.0
1095122,0.0,0.0,0.0,0.0,0.0,2.0,0.0
1095622,0.0,0.0,0.0,0.0,0.0,0.0,0.0
1096101,0.0,0.0,0.0,0.0,0.0,1.0,0.0
1096601,0.0,0.0,0.0,0.0,0.0,0.0,0.0
1096713,0.0,0.0,0.0,0.0,0.0,1.0,0.0
1097213,0.0,0.0,0.0,0.0,0.0,0.0,0.0
1097313,0.0,0.0,0.0,0.0,0.0,1.0,0.0
1097813,0.0,0.0,0.0,0.0,0.0,0.0,0.0
1097986,0.0,0.0,0.0,0.0,0.0,1.0,0.0
1098486,0.0,0.0,0.0,0.0,0.0,0.0,0.0
1099059,0.0,0.0,0.0,0.0,0.0,1.0,0.0
1099083,0.0,0.0,0.0,0.0,0.0,2.0,0.0
1099583,0.0,0.0,0.0,0.0,0.0,0.0,0.0
1100220,0.0,0.0,0.0,0.0,0.0,1.0,0.0
1100720,0.0,0.0,0.0,0.0,0.0,0.0,0.0
1107264,0.0,0.0,0.0,0.0,0.0,1.0,0.0
1107266,0.0,0.0,0.0,0.0,0.0,2.0,0.0
1107766,0.0,0.0,0.0,0.0,0.0,0.0,0.0
1108577,0.0,0.0,0.0,0.0,0.0,1.0,0.0
1109077,0.0,0.0,0.0,0.0,0.0,0.0,0.0
1109580,0.0,0.0,0.0,0.0,0.0,1.0,0.0
1110080,0.0,0.0,0.0,0.0,0.0,0.0,0.0
1114223,0.0,0.0,0.0,0.0,0.0,1.0,0.0
1114723,0.0,0.0,0.0,0.0,0.0,0.0,0.0
1115457,0.0,0.0,0.0,0.0,0.0,1.0,0.0
1115957,0.0,0.0,0.0,0.0,0.0,0.0,0.0
1118698,0.0,0.0,0.0,0.0,0.0,1.0,0.0
1119198,0.0,0.0,0.0,0.0,0.0,0.0,0.0
1121485,0.0,0.0,0.0,0.0,0.0,1.0,0.0
1121985,0.0,0.0,0.0,0.0,0.0,0.0,0.0
1124502,0.0,0.0,0.0,0.0,0.0,1.0,0.0
1125002,0.0,0.0,0.0,0.0,0.0,0.0,0.0
1127986,0.0,0.0,0.0,0.0,0.0,1.0,0.0
1128486,0.0,0.0,0.0,0.0,0.0,0.0,0.0
1129245,0.0,0.0,0.0,0.0,0.0,1.0,0.0
1129745,0.0,0.0,0.0,0.0,0.0,0.0,0.0
1131244,0.0,0.0,0.0,0.0,0.0,1.0,0.0
1131744,0.0,0.0,0.0,0.0,0.0,0.0,0.0
1133206,0.0,0.0,0.0,0.0,0.0,1.0,0.0
1133706,0.0,0.0,0.0,0.0,0.0,0.0,0.0
1134881,0.0,0.0,0.0,0.0,0.0,1.0,0.0
1135381,0.0,0.0,0.0,0.0,0.0,0.0,0.0
1136165,0.0,0.0,0.0,0.0,0.0,1.0,0.0
1136665,0.0,0.0,0.0,0.0,0.0,0.0,0.0
1140443,0.0,0.0,0.0,0.0,0.0,1.0,0.0
1140943,0.0,0.0,0.0,0.0,0.0,0.0,0.0
1141105,0.0,0.0,0.0,0.0,0.0,1.0,0.0
1141107,0.0,0.0,0.0,0.0,0.0,2.0,0.0
1141607,0.0,0.0,0.0,0.0,0.0,0.0,0.0
1144587,0.0,0.0,0.0,0.0,0.0,1.0,0.0
1145087,0.0,0.0,0.0,0.0,0.0,0.0,0.0
1146974,0.0,0.0,0.0,0.0,0.0,1.0,0.0
1147474,0.0,0.0,0.0,0.0,0.0,0.0,0.0
1149486,0.0,0.0,0.0,0.0,0.0,1.0,0.0
1149986,0.0,0.0,0.0,0.0,0.0,0.0,0.0
1153939,0.0,0.0,0.0,0.0,0.0,1.0,0.0
1154439,0.0,0.0,0.0,0.0,0.0,0.0,0.0
1154583,0.0,0.0,0.0,0.0,0.0,1.0,0.0
1155083,0.0,0.0,0.0,0.0,0.0,0.0,0.0
1155394,0.0,0.0,0.0,0.0,0.0,1.0,0.0
1155894,0.0,0.0,0.0,0.0,0.0,0.0,0.0
1155996,0.0,0.0,0.0,0.0,0.0,1.0,0.0
1156496,0.0,0.0,0.0,0.0,0.0,0.0,0.0
1157938,0.0,0.0,0.0,0.0,0.0,1.0,0.0
1158438,0.0,0.0,0.0,0.0,0.0,0.0,0.0
1158890,0.0,0.0,0.0,0.0,0.0,1.0,0.0
1159390,0.0,0.0,0.0,0.0,0.0,0.0,0.0
1160018,0.0,0.0,0.0,0.0,0.0,1.0,0.0
1160518,0.0,0.0,0.0,0.0,0.0,0.0,0.0
1162709,0.0,0.0,0.0,0.0,0.0,1.0,0.0
1163209,0.0,0.0,0.0,0.0,0.0,0.0,0.0
1163289,0.0,0.0,0.0,0.0,0.0,1.0,0.0
1163789,0.0,0.0,0.0,0.0,0.0,0.0,0.0
1164902,0.0,0.0,0.0,0.0,0.0,1.0,0.0
1165402,0.0,0.0,0.0,0.0,0.0,0.0,0.0
1165463,0.0,0.0,0.0,0.0,0.0,1.0,0.0
1165963,0.0,0.0,0.0,0.0,0.0,0.0,0.0
1166809,0.0,0.0,0.0,0.0,0.0,1.0,0.0
1167309,0.0,0.0,0.0,0.0,0.0,0.0,0.0
1167590,0.0,0.0,0.0,0.0,0.0,1.0,0.0
1168090,0.0,0.0,0.0,0.0,0.0,0.0,0.0
1168392,0.0,0.0,0.0,0.0,0.0,1.0,0.0
1168892,0.0,0.0,0.0,0.0,0.0,0.0,0.0
1171027,0.0,0.0,0.0,0.0,0.0,1.0,0.0
1171527,0.0,0.0,0.0,0.0,0.0,0.0,0.0
1172558,0.0,0.0,0.0,0.0,0.0,1.0,0.0
1173058,0.0,0.0,0.0,0.0,0.0,0.0,0.0
1173762,0.0,0.0,0.0,0.0,0.0,1.0,0.0
1174262,0.0,0.0,0.0,0.0,0.0,0.0,0.0
1175611,0.0,0.0,0.0,0.0,1.0,0.0,0.0
1176111,0.0,0.0,0.0,0.0,0.0,0.0,0.0
1180719,0.0,0.0,0.0,0.0,0.0,1.0,0.0
1181219,0.0,0.0,0.0,0.0,0.0,0.0,0.0
1181907,0.0,0.0,0.0,0.0,0.0,1.0,0.0
1181913,0.0,0.0,0.0,0.0,0.0,2.0,0.0
1182413,0.0,0.0,0.0,0.0,0.0,0.0,0.0
1183438,0.0,0.0,0.0,0.0,0.0,1.0,0.0
1183938,0.0,0.0,0.0,0.0,0.0,0.0,0.0
1187468,0.0,0.0,0.0,0.0,0.0,1.0,0.0
1187968,0.0,0.0,0.0,0.0,0.0,0.0,0.0
1188170,0.0,0.0,0.0,0.0,0.0,1.0,0.0
1188670,0.0,0.0,0.0,0.0,0.0,0.0,0.0
1192132,0.0,0.0,0.0,0.0,0.0,1.0,0.0
1192632,0.0,0.0,0.0,0.0,0.0,0.0,0.0
1194929,0.0,0.0,0.0,0.0,0.0,1.0,0.0
1194987,0.0,0.0,0.0,0.0,0.0,2.0,0.0
1195487,0.0,0.0,0.0,0.0,0.0,0.0,0.0
1196733,0.0,0.0,0.0,0.0,0.0,1.0,0.0
1197233,0.0,0.0,0.0,0.0,0.0,0.0,0.0
1198711,0.0,0.0,0.0,0.0,0.0,1.0,0.0
1199211,0.0,0.0,0.0,0.0,0.0,0.0,0.0
1200875,0.0,0.0,0.0,0.0,0.0,1.0,0.0
1201375,0.0,0.0,0.0,0.0,0.0,0.0,0.0
1204308,0.0,0.0,0.0,0.0,0.0,1.0,0.0
1204808,0.0,0.0,0.0,0.0,0.0,0.0,0.0
1206803,0.0,0.0,0.0,0.0,0.0,1.0,0.0
1207303,0.0,0.0,0.0,0.0,0.0,0.0,0.0
1211000,0.0,0.0,0.0,0.0,0.0,0.0,1.0
1211500,0.0,0.0,0.0,0.0,0.0,0.0,0.0
1212124,0.0,0.0,0.0,0.0,0.0,1.0,0.0
1212863,2.0,0.0,0.0,0.0,0.0,1.0,0.0
1212914,2.0,2.0,0.0,0.0,0.0,1.0,0.0
1213124,2.0,2.0,0.0,0.0,0.0,0.0,0.0
1213363,0.0,2.0,0.0,0.0,0.0,0.0,0.0
1213414,0.0,0.0,0.0,0.0,0.0,0.0,0.0
1213691,0.0,0.0,0.0,0.0,0.0,1.0,0.0
1213951,2.0,0.0,0.0,0.0,0.0,1.0,0.0
1214191,2.0,0.0,0.0,0.0,0.0,0.0,0.0
1214365,2.0,0.0,0.0,0.0,0.0,1.0,0.0
1214451,0.0,0.0,0.0,0.0,0.0,1.0,0.0
1214865,0.0,0.0,0.0,0.0,0.0,0.0,0.0
1215033,0.0,0.0,0.0,0.0,0.0,1.0,0.0
1215035,0.0,0.0,0.0,0.0,0.0,2.0,0.0
1215391,2.0,0.0,0.0,0.0,0.0,2.0,0.0
1215535,2.0,0.0,0.0,0.0,0.0,0.0,0.0
1215891,0.0,0.0,0.0,0.0,0.0,0.0,0.0
1216252,0.0,0.0,0.0,0.0,1.0,0.0,0.0
1216569,0.0,0.0,0.0,0.0,1.0,1.0,0.0
1216927,2.0,0.0,0.0,0.0,1.0,1.0,0.0
1217069,2.0,0.0,0.0,0.0,1.0,0.0,0.0
1217427,0.0,0.0,0.0,0.0,1.0,0.0,0.0
1217802,0.0,0.0,0.0,0.0,2.0,0.0,0.0
1218302,0.0,0.0,0.0,0.0,0.0,0.0,0.0
1219782,0.0,0.0,0.0,0.0,0.0,1.0,0.0
1220282,0.0,0.0,0.0,0.0,0.0,0.0,0.0
1221359,0.0,0.0,0.0,0.0,0.0,1.0,0.0
1221856,0.0,0.0,0.0,0.0,0.0,2.0,0.0
1221859,0.0,0.0,0.0,0.0,1.0,2.0,0.0
1222356,0.0,0.0,0.0,0.0,1.0,0.0,0.0
1222359,0.0,0.0,0.0,0.0,0.0,0.0,0.0
1223126,0.0,0.0,0.0,0.0,0.0,1.0,0.0
1223626,0.0,0.0,0.0,0.0,0.0,0.0,0.0
1223913,0.0,2.0,0.0,0.0,0.0,0.0,0.0
1224413,0.0,0.0,0.0,0.0,0.0,0.0,0.0
1224777,0.0,0.0,0.0,0.0,0.0,1.0,0.0
1225277,0.0,0.0,0.0,0.0,0.0,0.0,0.0
1225346,0.0,0.0,0.0,0.0,0.0,1.0,0.0
1225846,0.0,0.0,0.0,0.0,0.0,0.0,0.0
1226460,0.0,0.0,0.0,0.0,0.0,1.0,0.0
1226960,0.0,0.0,0.0,0.0,0.0,0.0,0.0
1228588,0.0,0.0,0.0,0.0,0.0,1.0,0.0
1229088,0.0,0.0,0.0,0.0,0.0,0.0,0.0
1230318,0.0,0.0,0.0,0.0,0.0,1.0,0.0
1230799,0.0,0.0,0.0,0.0,0.0,2.0,0.0
1231299,0.0,0.0,0.0,0.0,0.0,0.0,0.0
1232260,0.0,0.0,0.0,0.0,0.0,1.0,0.0
1232272,0.0,0.0,0.0,0.0,0.0,2.0,0.0
1232772,0.0,0.0,0.0,0.0,0.0,0.0,0.0
1233593,0.0,0.0,0.0,0.0,0.0,1.0,0.0
1234093,0.0,0.0,0.0,0.0,0.0,0.0,0.0
1234842,0.0,0.0,0.0,0.0,0.0,1.0,0.0
1235342,0.0,0.0,0.0,0.0,0.0,0.0,0.0
1235381,0.0,0.0,0.0,0.0,0.0,1.0,0.0
1235881,0.0,0.0,0.0,0.0,0.0,0.0,0.0
1236093,0.0,0.0,0.0,0.0,0.0,1.0,0.0
1236095,0.0,0.0,0.0,0.0,0.0,2.0,0.0
1236595,0.0,0.0,0.0,0.0,0.0,0.0,0.0
1237246,0.0,0.0,0.0,0.0,0.0,1.0,0.0
1237247,0.0,0.0,0.0,0.0,0.0,2.0,0.0
1237747,0.0,0.0,0.0,0.0,0.0,0.0,0.0
1237870,0.0,0.0,0.0,0.0,0.0,1.0,0.0
1238370,0.0,0.0,0.0,0.0,0.0,0.0,0.0
1238910,0.0,0.0,0.0,0.0,0.0,1.0,0.0
1238919,0.0,0.0,0.0,0.0,0.0,2.0,0.0
1239419,0.0,0.0,0.0,0.0,0.0,0.0,0.0
1240177,0.0,0.0,0.0,0.0,0.0,1.0,0.0
1240677,0.0,0.0,0.0,0.0,0.0,0.0,0.0
1241502,0.0,0.0,0.0,0.0,1.0,0.0,0.0
1241795,0.0,0.0,0.0,0.0,1.0,1.0,0.0
1242002,0.0,0.0,0.0,0.0,0.0,1.0,0.0
1242295,0.0,0.0,0.0,0.0,0.0,0.0,0.0
1242386,0.0,0.0,0.0,0.0,0.0,1.0,0.0
1242886,0.0,0.0,0.0,0.0,0.0,0.0,0.0
1242991,0.0,0.0,0.0,0.0,0.0,1.0,0.0
1242993,0.0,0.0,0.0,0.0,0.0,2.0,0.0
1243100,0.0,0.0,0.0,0.0,1.0,2.0,0.0
1243493,0.0,0.0,0.0,0.0,1.0,0.0,0.0
1243600,0.0,0.0,0.0,0.0,0.0,0.0,0.0
1244293,0.0,2.0,0.0,0.0,0.0,0.0,0.0
1244793,0.0,0.0,0.0,0.0,0.0,0.0,0.0
1244972,0.0,0.0,0.0,0.0,0.0,1.0,0.0
1245472,0.0,0.0,0.0,0.0,0.0,0.0,0.0
1248518,0.0,0.0,0.0,0.0,0.0,1.0,0.0
1249018,0.0,0.0,0.0,0.0,0.0,0.0,0.0
1249063,0.0,0.0,0.0,0.0,0.0,1.0,0.0
1249563,0.0,0.0,0.0,0.0,0.0,0.0,0.0
1252094,0.0,0.0,0.0,0.0,0.0,1.0,0.0
1252594,0.0,0.0,0.0,0.0,0.0,0.0,0.0
1254163,0.0,0.0,0.0,0.0,0.0,1.0,0.0
1254663,0.0,0.0,0.0,0.0,0.0,0.0,0.0
1255816,0.0,0.0,0.0,0.0,0.0,1.0,0.0
1256316,0.0,0.0,0.0,0.0,0.0,0.0,0.0
1256563,0.0,0.0,0.0,0.0,1.0,0.0,0.0
1257063,0.0,0.0,0.0,0.0,0.0,0.0,0.0
1257965,0.0,0.0,0.0,0.0,0.0,1.0,0.0
1258465,0.0,0.0,0.0,0.0,0.0,0.0,0.0
1259438,0.0,0.0,0.0,0.0,0.0,1.0,0.0
1259440,0.0,0.0,0.0,0.0,0.0,2.0,0.0
1259940,0.0,0.0,0.0,0.0,0.0,0.0,0.0
1260799,0.0,0.0,0.0,0.0,0.0,1.0,0.0
1260941,0.0,0.0,0.0,0.0,1.0,1.0,0.0
1260944,0.0,0.0,0.0,0.0,1.0,2.0,0.0
1260947,0.0,0.0,0.0,0.0,2.0,2.0,0.0
1261444,0.0,0.0,0.0,0.0,2.0,0.0,0.0
1261447,0.0,0.0,0.0,0.0,0.0,0.0,0.0
1261832,0.0,0.0,0.0,0.0,0.0,1.0,0.0
1261836,0.0,0.0,0.0,0.0,0.0,2.0,0.0
1262336,0.0,0.0,0.0,0.0,0.0,0.0,0.0
1262403,0.0,0.0,0.0,0.0,0.0,1.0,0.0
1262405,0.0,0.0,0.0,0.0,0.0,2.0,0.0
1262905,0.0,0.0,0.0,0.0,0.0,0.0,0.0
1263242,0.0,0.0,0.0,0.0,0.0,1.0,0.0
1263742,0.0,0.0,0.0,0.0,0.0,0.0,0.0
1263848,0.0,0.0,0.0,0.0,0.0,1.0,0.0
1264348,0.0,0.0,0.0,0.0,0.0,0.0,0.0
1266596,0.0,0.0,0.0,0.0,0.0,1.0,0.0
1266886,0.0,0.0,0.0,0.0,0.0,2.0,0.0
1267386,0.0,0.0,0.0,0.0,0.0,0.0,0.0
1267982,0.0,0.0,0.0,0.0,0.0,1.0,0.0
1268482,0.0,0.0,0.0,0.0,0.0,0.0,0.0
1269095,0.0,0.0,0.0,0.0,1.0,0.0,0.0
1269101,0.0,0.0,0.0,0.0,2.0,1.0,0.0
1269135,0.0,0.0,0.0,0.0,2.0,2.0,0.0
1269601,0.0,0.0,0.0,0.0,0.0,2.0,0.0
1269635,0.0,0.0,0.0,0.0,0.0,0.0,0.0
1270082,0.0,0.0,0.0,0.0,0.0,1.0,0.0
1270090,0.0,0.0,0.0,0.0,0.0,2.0,0.0
1270590,0.0,0.0,0.0,0.0,0.0,0.0,0.0
1270974,0.0,0.0,0.0,0.0,0.0,1.0,0.0
1271474,0.0,0.0,0.0,0.0,0.0,0.0,0.0
1273333,0.0,0.0,0.0,0.0,0.0,1.0,0.0
1273833,0.0,0.0,0.0,0.0,0.0,0.0,0.0
1274286,0.0,0.0,0.0,0.0,0.0,1.0,0.0
1274786,0.0,0.0,0.0,0.0,0.0,0.0,0.0
1274862,0.0,0.0,0.0,0.0,0.0,1.0,0.0
1275362,0.0,0.0,0.0,0.0,0.0,0.0,0.0
1275665,0.0,0.0,0.0,0.0,0.0,1.0,0.0
1275674,0.0,0.0,0.0,0.0,0.0,2.0,0.0
1276174,0.0,0.0,0.0,0.0,0.0,0.0,0.0
1277229,0.0,0.0,0.0,0.0,0.0,1.0,0.0
1277729,0.0,0.0,0.0,0.0,0.0,0.0,0.0
1278027,0.0,0.0,0.0,0.0,0.0,1.0,0.0
1278527,0.0,0.0,0.0,0.0,0.0,0.0,0.0
1278833,0.0,0.0,0.0,0.0,0.0,1.0,0.0
1279333,0.0,0.0,0.0,0.0,0.0,0.0,0.0
1279646,0.0,0.0,0.0,0.0,1.0,0.0,0.0
1279955,0.0,0.0,0.0,0.0,1.0,1.0,0.0
1280146,0.0,0.0,0.0,0.0,0.0,1.0,0.0
1280455,0.0,0.0,0.0,0.0,0.0,0.0,0.0
1280897,0.0,0.0,0.0,0.0,0.0,1.0,0.0
1281397,0.0,0.0,0.0,0.0,0.0,0.0,0.0
1282756,0.0,0.0,0.0,0.0,0.0,1.0,0.0
1283256,0.0,0.0,0.0,0.0,0.0,0.0,0.0
1283830,0.0,0.0,0.0,0.0,0.0,1.0,0.0
1284330,0.0,0.0,0.0,0.0,0.0,0.0,0.0
1284825,0.0,0.0,0.0,0.0,0.0,1.0,0.0
1285325,0.0,0.0,0.0,0.0,0.0,0.0,0.0
1285470,0.0,0.0,0.0,0.0,0.0,1.0,0.0
1285970,0.0,0.0,0.0,0.0,0.0,0.0,0.0
1288285,0.0,0.0,0.0,0.0,0.0,1.0,0.0
1288292,0.0,0.0,0.0,0.0,0.0,2.0,0.0
1288300,0.0,0.0,0.0,0.0,1.0,2.0,0.0
1288792,0.0,0.0,0.0,0.0,1.0,0.0,0.0
1288800,0.0,0.0,0.0,0.0,0.0,0.0,0.0
1290137,0.0,0.0,0.0,0.0,0.0,1.0,0.0
1290637,0.0,0.0,0.0,0.0,0.0,0.0,0.0
1290829,0.0,0.0,0.0,0.0,0.0,1.0,0.0
1291329,0.0,0.0,0.0,0.0,0.0,0.0,0.0
1292657,0.0,0.0,0.0,0.0,0.0,1.0,0.0
1292659,0.0,0.0,0.0,0.0,0.0,2.0,0.0
1293159,0.0,0.0,0.0,0.0,0.0,0.0,0.0
1295291,0.0,0.0,0.0,0.0,0.0,1.0,0.0
1295791,0.0,0.0,0.0,0.0,0.0,0.0,0.0
1296217,0.0,0.0,0.0,0.0,0.0,1.0,0.0
1296717,0.0,0.0,0.0,0.0,0.0,0.0,0.0
1296824,0.0,0.0,0.0,0.0,0.0,1.0,0.0
1296829,0.0,0.0,0.0,0.0,0.0,2.0,0.0
1297329,0.0,0.0,0.0,0.0,0.0,0.0,0.0
1298426,0.0,0.0,0.0,0.0,0.0,1.0,0.0
1298926,0.0,0.0,0.0,0.0,0.0,0.0,0.0
1304401,0.0,0.0,0.0,0.0,0.0,1.0,0.0
1304901,0.0,0.0,0.0,0.0,0.0,0.0,0.0
1305002,0.0,0.0,0.0,0.0,0.0,1.0,0.0
1305018,0.0,0.0,0.0,0.0,0.0,2.0,0.0
1305518,0.0,0.0,0.0,0.0,0.0,0.0,0.0
1306854,0.0,0.0,0.0,0.0,0.0,1.0,0.0
1306953,0.0,2.0,0.0,0.0,0.0,1.0,0.0
1307354,0.0,2.0,0.0,0.0,0.0,0.0,0.0
1307453,0.0,0.0,0.0,0.0,0.0,0.0,0.0
1308863,0.0,0.0,0.0,0.0,0.0,1.0,0.0
1309363,0.0,0.0,0.0,0.0,0.0,0.0,0.0
1311074,0.0,0.0,0.0,0.0,0.0,1.0,0.0
1311574,0.0,0.0,0.0,0.0,0.0,0.0,0.0
1311868,0.0,0.0,0.0,0.0,0.0,1.0,0.0
1312368,0.0,0.0,0.0,0.0,0.0,0.0,0.0
1314155,0.0,0.0,0.0,0.0,0.0,1.0,0.0
1314655,0.0,0.0,0.0,0.0,0.0,0.0,0.0
1317152,0.0,0.0,0.0,0.0,0.0,1.0,0.0
1317155,0.0,0.0,0.0,0.0,0.0,2.0,0.0
1317655,0.0,0.0,0.0,0.0,0.0,0.0,0.0
1318976,0.0,0.0,0.0,0.0,0.0,1.0,0.0
1319476,0.0,0.0,0.0,0.0,0.0,0.0,0.0
1320637,0.0,0.0,0.0,0.0,0.0,1.0,0.0
1321137,0.0,0.0,0.0,0.0,0.0,0.0,0.0
1323581,0.0,0.0,0.0,0.0,0.0,1.0,0.0
1324081,0.0,0.0,0.0,0.0,0.0,0.0,0.0
1325163,0.0,0.0,0.0,0.0,0.0,1.0,0.0
1325167,0.0,0.0,0.0,0.0,0.0,2.0,0.0
1325667,0.0,0.0,0.0,0.0,0.0,0.0,0.0
1328329,0.0,0.0,0.0,0.0,0.0,1.0,0.0
1328829,0.0,0.0,0.0,0.0,0.0,0.0,0.0
1331194,0.0,0.0,0.0,0.0,0.0,1.0,0.0
1331694,0.0,0.0,0.0,0.0,0.0,0.0,0.0
1334290,0.0,0.0,0.0,0.0,0.0,1.0,0.0
1334790,0.0,0.0,0.0,0.0,0.0,0.0,0.0
1337390,0.0,0.0,0.0,0.0,0.0,1.0,0.0
1337890,0.0,0.0,0.0,0.0,0.0,0.0,0.0
1339760,0.0,0.0,0.0,0.0,0.0,1.0,0.0
1340260,0.0,0.0,0.0,0.0,0.0,0.0,0.0
1340742,0.0,0.0,0.0,0.0,0.0,1.0,0.0
1341242,0.0,0.0,0.0,0.0,0.0,0.0,0.0
1341742,0.0,0.0,0.0,0.0,0.0,1.0,0.0
1342242,0.0,0.0,0.0,0.0,0.0,0.0,0.0
1345170,0.0,0.0,0.0,0.0,0.0,1.0,0.0
1345418,0.0,0.0,0.0,0.0,0.0,2.0,0.0
1345918,0.0,0.0,0.0,0.0,0.0,0.0,0.0
1347716,0.0,0.0,0.0,0.0,0.0,1.0,0.0
1348216,0.0,0.0,0.0,0.0,0.0,0.0,0.0
1348295,0.0,0.0,0.0,0.0,0.0,1.0,0.0
1348795,0.0,0.0,0.0,0.0,0.0,0.0,0.0
1349111,0.0,0.0,0.0,0.0,0.0,1.0,0.0
1349611,0.0,0.0,0.0,0.0,0.0,0.0,0.0
1353710,0.0,0.0,0.0,0.0,0.0,1.0,0.0
1354210,0.0,0.0,0.0,0.0,0.0,0.0,0.0
1354711,0.0,0.0,0.0,0.0,0.0,1.0,0.0
1355211,0.0,0.0,0.0,0.0,0.0,0.0,0.0
1355713,0.0,0.0,0.0,0.0,0.0,1.0,0.0
1356213,0.0,0.0,0.0,0.0,0.0,0.0,0.0
1359353,0.0,0.0,0.0,0.0,0.0,1.0,0.0
1359853,0.0,0.0,0.0,0.0,0.0,0.0,0.0
1363507,0.0,0.0,0.0,0.0,0.0,1.0,0.0
1364007,0.0,0.0,0.0,0.0,0.0,0.0,0.0
1365463,0.0,0.0,0.0,0.0,0.0,1.0,0.0
1365963,0.0,0.0,0.0,0.0,0.0,0.0,0.0
1366322,0.0,0.0,0.0,0.0,0.0,1.0,0.0
1366822,0.0,0.0,0.0,0.0,0.0,0.0,0.0
1366892,0.0,0.0,0.0,0.0,0.0,1.0,0.0
1367392,0.0,0.0,0.0,0.0,0.0,0.0,0.0
1368018,0.0,0.0,0.0,0.0,0.0,1.0,0.0
1368518,0.0,0.0,0.0,0.0,0.0,0.0,0.0
1369675,0.0,0.0,0.0,0.0,1.0,0.0,0.0
1369682,0.0,0.0,0.0,0.0,1.0,1.0,0.0
1369685,0.0,0.0,0.0,0.0,2.0,1.0,0.0
1370182,0.0,0.0,0.0,0.0,2.0,0.0,0.0
1370185,0.0,0.0,0.0,0.0,0.0,0.0,0.0
1374723,0.0,0.0,0.0,0.0,0.0,1.0,0.0
1375223,0.0,0.0,0.0,0.0,0.0,0.0,0.0
1375496,0.0,0.0,0.0,0.0,0.0,1.0,0.0
1375996,0.0,0.0,0.0,0.0,0.0,0.0,0.0
1376378,0.0,0.0,0.0,0.0,0.0,1.0,0.0
1376878,0.0,0.0,0.0,0.0,0.0,0.0,0.0
1377057,0.0,0.0,0.0,0.0,0.0,1.0,0.0
1377557,0.0,0.0,0.0,0.0,0.0,0.0,0.0
1379203,0.0,0.0,0.0,0.0,0.0,1.0,0.0
1379703,0.0,0.0,0.0,0.0,0.0,0.0,0.0
1380279,0.0,0.0,0.0,0.0,0.0,1.0,0.0
1380779,0.0,0.0,0.0,0.0,0.0,0.0,0.0
1383011,0.0,0.0,0.0,0.0,0.0,1.0,0.0
1383511,0.0,0.0,0.0,0.0,0.0,0.0,0.0
1385195,0.0,0.0,0.0,0.0,0.0,1.0,0.0
1385695,0.0,0.0,0.0,0.0,0.0,0.0,0.0
1385729,0.0,0.0,0.0,0.0,0.0,1.0,0.0
1385736,0.0,0.0,0.0,0.0,0.0,2.0,0.0
1386236,0.0,0.0,0.0,0.0,0.0,0.0,0.0
1389495,0.0,0.0,0.0,0.0,0.0,1.0,0.0
1389995,0.0,0.0,0.0,0.0,0.0,0.0,0.0
1392955,0.0,0.0,0.0,0.0,0.0,1.0,0.0
1393455,0.0,0.0,0.0,0.0,0.0,0.0,0.0
1399785,0.0,0.0,0.0,0.0,0.0,1.0,0.0
1400285,0.0,0.0,0.0,0.0,0.0,0.0,0.0
1400697,0.0,0.0,0.0,0.0,0.0,1.0,0.0
1400699,0.0,0.0,0.0,0.0,0.0,2.0,0.0
1401199,0.0,0.0,0.0,0.0,0.0,0.0,0.0
1401557,0.0,0.0,0.0,0.0,0.0,1.0,0.0
1402057,0.0,0.0,0.0,0.0,0.0,0.0,0.0
1405743,0.0,0.0,0.0,0.0,0.0,1.0,0.0
1406243,0.0,0.0,0.0,0.0,0.0,0.0,0.0
1410227,0.0,0.0,0.0,0.0,0.0,1.0,0.0
1410727,0.0,0.0,0.0,0.0,0.0,0.0,0.0
1411716,0.0,0.0,0.0,0.0,0.0,1.0,0.0
1412216,0.0,0.0,0.0,0.0,0.0,0.0,0.0
1412239,0.0,0.0,0.0,0.0,0.0,1.0,0.0
1412739,0.0,0.0,0.0,0.0,0.0,0.0,0.0
1413000,0.0,0.0,0.0,0.0,0.0,0.0,1.0
1413394,0.0,0.0,0.0,0.0,0.0,1.0,1.0
1413500,0.0,0.0,0.0,0.0,0.0,1.0,0.0
1413894,0.0,0.0,0.0,0.0,0.0,0.0,0.0
1414470,0.0,2.0,0.0,0.0,0.0,0.0,0.0
1414970,0.0,0.0,0.0,0.0,0.0,0.0,0.0
1415479,0.0,0.0,0.0,0.0,1.0,0.0,0.0
1415519,2.0,0.0,0.0,0.0,1.0,0.0,0.0
1415873,2.0,0.0,0.0,0.0,2.0,0.0,0.0
1416019,0.0,0.0,0.0,0.0,2.0,0.0,0.0
1416191,2.0,0.0,0.0,0.0,2.0,0.0,0.0
1416365,2.0,0.0,0.0,0.0,2.0,1.0,0.0
1416373,2.0,0.0,0.0,0.0,0.0,1.0,0.0
1416691,0.0,0.0,0.0,0.0,0.0,1.0,0.0
1416865,0.0,0.0,0.0,0.0,0.0,0.0,0.0
1417377,0.0,0.0,0.0,0.0,0.0,1.0,0.0
1417786,0.0,0.0,0.0,0.0,0.0,2.0,0.0
1417791,2.0,0.0,0.0,0.0,0.0,2.0,0.0
1418286,2.0,0.0,0.0,0.0,0.0,0.0,0.0
1418291,0.0,0.0,0.0,0.0,0.0,0.0,0.0
1418590,0.0,0.0,0.0,0.0,0.0,1.0,0.0
1418591,2.0,0.0,0.0,0.0,0.0,1.0,0.0
1419090,2.0,0.0,0.0,0.0,0.0,0.0,0.0
1419091,0.0,0.0,0.0,0.0,0.0,0.0,0.0
1421432,0.0,0.0,0.0,0.0,0.0,1.0,0.0
1421932,0.0,0.0,0.0,0.0,0.0,0.0,0.0
1422880,0.0,0.0,0.0,0.0,0.0,1.0,0.0
1423380,0.0,0.0,0.0,0.0,0.0,0.0,0.0
1426623,0.0,0.0,0.0,0.0,0.0,1.0,0.0
1427123,0.0,0.0,0.0,0.0,0.0,0.0,0.0
1427263,0.0,0.0,0.0,0.0,0.0,1.0,0.0
1427326,0.0,0.0,0.0,0.0,0.0,2.0,0.0
1427376,0.0,0.0,0.0,0.0,1.0,2.0,0.0
1427826,0.0,0.0,0.0,0.0,1.0,0.0,0.0
1427876,0.0,0.0,0.0,0.0,0.0,0.0,0.0
1428960,0.0,0.0,0.0,0.0,0.0,1.0,0.0
1429460,0.0,0.0,0.0,0.0,0.0,0.0,0.0
1431579,0.0,0.0,0.0,0.0,0.0,1.0,0.0
1432079,0.0,0.0,0.0,0.0,0.0,0.0,0.0
1434223,0.0,0.0,0.0,0.0,0.0,1.0,0.0
1434723,0.0,0.0,0.0,0.0,0.0,0.0,0.0
1434949,0.0,0.0,0.0,0.0,0.0,1.0,0.0
1434981,0.0,0.0,0.0,0.0,0.0,2.0,0.0
1435481,0.0,0.0,0.0,0.0,0.0,0.0,0.0
1435795,0.0,0.0,0.0,0.0,0.0,1.0,0.0
1435817,0.0,0.0,0.0,0.0,0.0,2.0,0.0
1435837,0.0,0.0,0.0,0.0,1.0,2.0,0.0
1436317,0.0,0.0,0.0,0.0,1.0,0.0,0.0
1436337,0.0,0.0,0.0,0.0,0.0,0.0,0.0
1438629,0.0,0.0,0.0,0.0,0.0,1.0,0.0
1439129,0.0,0.0,0.0,0.0,0.0,0.0,0.0
1439215,0.0,0.0,0.0,0.0,0.0,1.0,0.0
1439218,0.0,0.0,0.0,0.0,0.0,2.0,0.0
1439718,0.0,0.0,0.0,0.0,0.0,0.0,0.0
1441057,0.0,0.0,0.0,0.0,0.0,1.0,0.0
1441557,0.0,0.0,0.0,0.0,0.0,0.0,0.0
1442233,0.0,0.0,0.0,0.0,0.0,1.0,0.0
1442239,0.0,0.0,0.0,0.0,0.0,2.0,0.0
1442739,0.0,0.0,0.0,0.0,0.0,0.0,0.0
1445310,0.0,0.0,0.0,0.0,0.0,1.0,0.0
1445810,0.0,0.0,0.0,0.0,0.0,0.0,0.0
1446809,0.0,0.0,0.0,0.0,0.0,1.0,0.0
1446811,0.0,0.0,0.0,0.0,0.0,2.0,0.0
1447311,0.0,0.0,0.0,0.0,0.0,0.0,0.0
1447366,0.0,0.0,0.0,0.0,0.0,1.0,0.0
1447866,0.0,0.0,0.0,0.0,0.0,0.0,0.0
1447919,0.0,0.0,0.0,0.0,0.0,1.0,0.0
1448419,0.0,0.0,0.0,0.0,0.0,0.0,0.0
1449226,0.0,0.0,0.0,0.0,0.0,1.0,0.0
1449642,0.0,0.0,0.0,0.0,0.0,2.0,0.0
1450142,0.0,0.0,0.0,0.0,0.0,0.0,0.0
1450994,0.0,0.0,0.0,0.0,0.0,1.0,0.0
1451494,0.0,0.0,0.0,0.0,0.0,0.0,0.0
1457924,0.0,0.0,0.0,0.0,0.0,1.0,0.0
1457930,0.0,0.0,0.0,0.0,0.0,2.0,0.0
1458430,0.0,0.0,0.0,0.0,0.0,0.0,0.0
1458611,0.0,0.0,0.0,0.0,0.0,1.0,0.0
1459111,0.0,0.0,0.0,0.0,0.0,0.0,0.0
1461474,0.0,0.0,0.0,0.0,0.0,1.0,0.0
1461974,0.0,0.0,0.0,0.0,0.0,0.0,0.0
1462172,0.0,0.0,0.0,0.0,0.0,1.0,0.0
1462672,0.0,0.0,0.0,0.0,0.0,0.0,0.0
1462825,0.0,0.0,0.0,0.0,0.0,1.0,0.0
1463325,0.0,0.0,0.0,0.0,0.0,0.0,0.0
1463503,0.0,0.0,0.0,0.0,0.0,1.0,0.0
1464003,0.0,0.0,0.0,0.0,0.0,0.0,0.0
1464263,0.0,0.0,0.0,0.0,0.0,1.0,0.0
1464763,0.0,0.0,0.0,0.0,0.0,0.0,0.0
1465033,0.0,0.0,0.0,0.0,0.0,1.0,0.0
1465533,0.0,0.0,0.0,0.0,0.0,0.0,0.0
1466485,0.0,0.0,0.0,0.0,0.0,1.0,0.0
1466985,0.0,0.0,0.0,0.0,0.0,0.0,0.0
1467157,0.0,0.0,0.0,0.0,0.0,1.0,0.0
1467657,0.0,0.0,0.0,0.0,0.0,0.0,0.0
1467697,0.0,0.0,0.0,0.0,0.0,1.0,0.0
1468197,0.0,0.0,0.0,0.0,0.0,0.0,0.0
1468676,0.0,0.0,0.0,0.0,0.0,1.0,0.0
1469176,0.0,0.0,0.0,0.0,0.0,0.0,0.0
1469459,0.0,0.0,0.0,0.0,0.0,1.0,0.0
1469959,0.0,0.0,0.0,0.0,0.0,0.0,0.0
1472063,0.0,0.0,0.0,0.0,0.0,1.0,0.0
1472563,0.0,0.0,0.0,0.0,0.0,0.0,0.0
1473326,0.0,0.0,0.0,0.0,0.0,1.0,0.0
1473826,0.0,0.0,0.0,0.0,0.0,0.0,0.0
1473891,0.0,0.0,0.0,0.0,0.0,1.0,0.0
1473895,0.0,0.0,0.0,0.0,0.0,2.0,0.0
1474395,0.0,0.0,0.0,0.0,0.0,0.0,0.0
1476216,0.0,0.0,0.0,0.0,0.0,1.0,0.0
1476716,0.0,0.0,0.0,0.0,0.0,0.0,0.0
1477880,0.0,0.0,0.0,0.0,0.0,1.0,0.0
1478380,0.0,0.0,0.0,0.0,0.0,0.0,0.0
1479561,0.0,0.0,0.0,0.0,0.0,1.0,0.0
1480061,0.0,0.0,0.0,0.0,0.0,0.0,0.0
1480363,0.0,0.0,0.0,0.0,0.0,1.0,0.0
1480365,0.0,0.0,0.0,0.0,0.0,2.0,0.0
1480865,0.0,0.0,0.0,0.0,0.0,0.0,0.0
1482237,0.0,0.0,0.0,0.0,0.0,1.0,0.0
1482238,0.0,0.0,0.0,0.0,0.0,2.0,0.0
1482738,0.0,0.0,0.0,0.0,0.0,0.0,0.0
1484027,0.0,0.0,0.0,0.0,0.0,1.0,0.0
1484527,0.0,0.0,0.0,0.0,0.0,0.0,0.0
1485768,0.0,0.0,0.0,0.0,0.0,1.0,0.0
1486268,0.0,0.0,0.0,0.0,0.0,0.0,0.0
1486938,0.0,0.0,0.0,0.0,0.0,1.0,0.0
1487438,0.0,0.0,0.0,0.0,0.0,0.0,0.0
1488668,0.0,0.0,0.0,0.0,0.0,1.0,0.0
1489168,0.0,0.0,0.0,0.0,0.0,0.0,0.0
1490261,0.0,0.0,0.0,0.0,0.0,1.0,0.0
1490761,0.0,0.0,0.0,0.0,0.0,0.0,0.0
1491004,0.0,0.0,0.0,0.0,0.0,1.0,0.0
1491504,0.0,0.0,0.0,0.0,0.0,0.0,0.0
1491901,0.0,0.0,0.0,0.0,0.0,1.0,0.0
1492401,0.0,0.0,0.0,0.0,0.0,0.0,0.0
1492823,0.0,0.0,0.0,0.0,0.0,1.0,0.0
1493323,0.0,0.0,0.0,0.0,0.0,0.0,0.0
1493930,0.0,0.0,0.0,0.0,0.0,1.0,0.0
1494430,0.0,0.0,0.0,0.0,0.0,0.0,0.0
1494597,0.0,0.0,0.0,0.0,1.0,0.0,0.0
1494749,0.0,0.0,0.0,0.0,1.0,1.0,0.0
1495097,0.0,0.0,0.0,0.0,0.0,1.0,0.0
1495249,0.0,0.0,0.0,0.0,0.0,0.0,0.0
1495365,0.0,0.0,0.0,0.0,0.0,1.0,0.0
1495865,0.0,0.0,0.0,0.0,0.0,0.0,0.0
1495950,0.0,0.0,0.0,0.0,0.0,1.0,0.0
1496450,0.0,0.0,0.0,0.0,0.0,0.0,0.0
1498168,0.0,0.0,0.0,0.0,0.0,1.0,0.0
1498170,0.0,0.0,0.0,0.0,0.0,2.0,0.0
1498670,0.0,0.0,0.0,0.0,0.0,0.0,0.0
1499194,0.0,0.0,0.0,0.0,0.0,1.0,0.0
1499203,0.0,0.0,0.0,0.0,1.0,2.0,0.0
1499703,0.0,0.0,0.0,0.0,0.0,0.0,0.0
1499929,0.0,0.0,0.0,0.0,0.0,1.0,0.0
1500429,0.0,0.0,0.0,0.0,0.0,0.0,0.0
1500845,0.0,0.0,0.0,0.0,0.0,1.0,0.0
1501345,0.0,0.0,0.0,0.0,0.0,0.0,0.0
1501434,0.0,0.0,0.0,0.0,0.0,1.0,0.0
1501442,0.0,0.0,0.0,0.0,0.0,2.0,0.0
1501942,0.0,0.0,0.0,0.0,0.0,0.0,0.0
1503366,0.0,0.0,0.0,0.0,0.0,1.0,0.0
1503799,0.0,0.0,0.0,0.0,0.0,2.0,0.0
1504299,0.0,0.0,0.0,0.0,0.0,0.0,0.0
1504479,0.0,0.0,0.0,0.0,0.0,1.0,0.0
1504979,0.0,0.0,0.0,0.0,0.0,0.0,0.0
1505456,0.0,0.0,0.0,0.0,0.0,1.0,0.0
1505956,0.0,0.0,0.0,0.0,0.0,0.0,0.0
1506183,0.0,0.0,0.0,0.0,0.0,1.0,0.0
1506683,0.0,0.0,0.0,0.0,0.0,0.0,0.0
1506915,0.0,2.0,0.0,0.0,0.0,0.0,0.0
1507415,0.0,0.0,0.0,0.0,0.0,0.0,0.0
1508710,0.0,0.0,0.0,0.0,0.0,1.0,0.0
1509210,0.0,0.0,0.0,0.0,0.0,0.0,0.0
1509955,0.0,0.0,0.0,0.0,0.0,1.0,0.0
1510455,0.0,0.0,0.0,0.0,0.0,0.0,0.0
1511092,0.0,0.0,0.0,0.0,0.0,1.0,0.0
1511096,0.0,0.0,0.0,0.0,0.0,2.0,0.0
1511596,0.0,0.0,0.0,0.0,0.0,0.0,0.0
1512886,0.0,0.0,0.0,0.0,0.0,1.0,0.0
1512888,0.0,0.0,0.0,0.0,0.0,2.0,0.0
1513388,0.0,0.0,0.0,0.0,0.0,0.0,0.0
1513590,0.0,0.0,0.0,0.0,0.0,1.0,0.0
1514090,0.0,0.0,0.0,0.0,0.0,0.0,0.0
1514764,0.0,0.0,0.0,0.0,0.0,1.0,0.0
1515264,0.0,0.0,0.0,0.0,0.0,0.0,0.0
1517030,0.0,0.0,0.0,0.0,0.0,1.0,0.0
1517530,0.0,0.0,0.0,0.0,0.0,0.0,0.0
1519037,0.0,0.0,0.0,0.0,0.0,1.0,0.0
1519039,0.0,0.0,0.0,0.0,0.0,2.0,0.0
1519539,0.0,0.0,0.0,0.0,0.0,0.0,0.0
1524137,0.0,0.0,0.0,0.0,0.0,1.0,0.0
1524637,0.0,0.0,0.0,0.0,0.0,0.0,0.0
1526524,0.0,0.0,0.0,0.0,0.0,1.0,0.0
1527024,0.0,0.0,0.0,0.0,0.0,0.0,0.0
1529486,0.0,0.0,0.0,0.0,1.0,0.0,0.0
1529509,0.0,0.0,0.0,0.0,1.0,1.0,0.0
1529986,0.0,0.0,0.0,0.0,0.0,1.0,0.0
1530009,0.0,0.0,0.0,0.0,0.0,0.0,0.0
1532344,0.0,0.0,0.0,0.0,1.0,0.0,0.0
1532382,0.0,0.0,0.0,0.0,1.0,1.0,0.0
1532396,0.0,0.0,0.0,0.0,1.0,2.0,0.0
1532844,0.0,0.0,0.0,0.0,0.0,2.0,0.0
1532896,0.0,0.0,0.0,0.0,0.0,0.0,0.0
1539411,0.0,0.0,0.0,0.0,0.0,1.0,0.0
1539911,0.0,0.0,0.0,0.0,0.0,0.0,0.0
1540511,0.0,0.0,0.0,0.0,0.0,1.0,0.0
1540715,0.0,0.0,0.0,0.0,0.0,2.0,0.0
1541215,0.0,0.0,0.0,0.0,0.0,0.0,0.0
1543575,0.0,0.0,0.0,0.0,0.0,1.0,0.0
1544075,0.0,0.0,0.0,0.0,0.0,0.0,0.0
1547786,0.0,0.0,0.0,0.0,0.0,1.0,0.0
1548286,0.0,0.0,0.0,0.0,0.0,0.0,0.0
1548980,0.0,0.0,0.0,0.0,0.0,1.0,0.0
1549480,0.0,0.0,0.0,0.0,0.0,0.0,0.0
1551279,0.0,0.0,0.0,0.0,0.0,1.0,0.0
1551779,0.0,0.0,0.0,0.0,0.0,0.0,0.0
1554685,0.0,0.0,0.0,0.0,0.0,1.0,0.0
1555185,0.0,0.0,0.0,0.0,0.0,0.0,0.0
1556768,0.0,0.0,0.0,0.0,0.0,1.0,0.0
1557268,0.0,0.0,0.0,0.0,0.0,0.0,0.0
1558314,0.0,0.0,0.0,0.0,0.0,1.0,0.0
1558814,0.0,0.0,0.0,0.0,0.0,0.0,0.0
1559663,0.0,0.0,0.0,0.0,0.0,1.0,0.0
1560163,0.0,0.0,0.0,0.0,0.0,0.0,0.0
1561493,0.0,0.0,0.0,0.0,0.0,1.0,0.0
1561993,0.0,0.0,0.0,0.0,0.0,0.0,0.0
1563155,0.0,0.0,0.0,0.0,0.0,1.0,0.0
1563655,0.0,0.0,0.0,0.0,0.0,0.0,0.0
1566683,0.0,0.0,0.0,0.0,1.0,0.0,0.0
1566685,0.0,0.0,0.0,0.0,2.0,0.0,0.0
1567185,0.0,0.0,0.0,0.0,0.0,0.0,0.0
1567773,0.0,0.0,0.0,0.0,0.0,1.0,0.0
1567778,0.0,0.0,0.0,0.0,0.0,2.0,0.0
1568278,0.0,0.0,0.0,0.0,0.0,0.0,0.0
1569071,0.0,0.0,0.0,0.0,0.0,1.0,0.0
1569571,0.0,0.0,0.0,0.0,0.0,0.0,0.0
1571643,0.0,0.0,0.0,0.0,0.0,1.0,0.0
1572143,0.0,0.0,0.0,0.0,0.0,0.0,0.0
1578757,0.0,0.0,0.0,0.0,0.0,1.0,0.0
1578764,0.0,0.0,0.0,0.0,0.0,2.0,0.0
1579264,0.0,0.0,0.0,0.0,0.0,0.0,0.0
1581424,0.0,0.0,0.0,0.0,0.0,1.0,0.0
1581924,0.0,0.0,0.0,0.0,0.0,0.0,0.0
1582219,0.0,0.0,0.0,0.0,0.0,1.0,0.0
1582587,0.0,0.0,0.0,0.0,0.0,2.0,0.0
1583087,0.0,0.0,0.0,0.0,0.0,0.0,0.0
1585310,0.0,0.0,0.0,0.0,0.0,1.0,0.0
1585391,0.0,0.0,0.0,0.0,0.0,2.0,0.0
1585720,0.0,0.0,0.0,0.0,1.0,2.0,0.0
1585891,0.0,0.0,0.0,0.0,1.0,0.0,0.0
1586220,0.0,0.0,0.0,0.0,0.0,0.0,0.0
1588425,0.0,0.0,0.0,0.0,0.0,1.0,0.0
1588925,0.0,0.0,0.0,0.0,0.0,0.0,0.0
1591960,0.0,0.0,0.0,0.0,0.0,1.0,0.0
1592460,0.0,0.0,0.0,0.0,0.0,0.0,0.0
1595329,0.0,0.0,0.0,0.0,0.0,1.0,0.0
1595829,0.0,0.0,0.0,0.0,0.0,0.0,0.0
1597076,0.0,0.0,0.0,0.0,0.0,1.0,0.0
1597576,0.0,0.0,0.0,0.0,0.0,0.0,0.0
1599481,0.0,0.0,0.0,0.0,0.0,1.0,0.0
1599981,0.0,0.0,0.0,0.0,0.0,0.0,0.0
1601008,0.0,0.0,0.0,0.0,0.0,1.0,0.0
1601508,0.0,0.0,0.0,0.0,0.0,0.0,0.0
1602163,0.0,0.0,0.0,0.0,0.0,1.0,0.0
1602663,0.0,0.0,0.0,0.0,0.0,0.0,0.0
1602877,0.0,0.0,0.0,0.0,0.0,1.0,0.0
1603377,0.0,0.0,0.0,0.0,0.0,0.0,0.0
1604300,0.0,0.0,0.0,0.0,0.0,1.0,0.0
1604328,0.0,0.0,0.0,0.0,0.0,2.0,0.0
1604828,0.0,0.0,0.0,0.0,0.0,0.0,0.0
1605950,0.0,0.0,0.0,0.0,0.0,1.0,0.0
1606450,0.0,0.0,0.0,0.0,0.0,0.0,0.0
1614611,0.0,0.0,0.0,0.0,0.0,1.0,0.0
1615000,0.0,0.0,0.0,0.0,0.0,1.0,1.0
1615111,0.0,0.0,0.0,0.0,0.0,0.0,1.0
1615500,0.0,0.0,0.0,0.0,0.0,0.0,0.0
1615945,0.0,0.0,0.0,0.0,0.0,1.0,0.0
1616383,0.0,0.0,0.0,0.0,0.0,2.0,0.0
1616791,0.0,2.0,0.0,0.0,0.0,2.0,0.0
1616883,0.0,2.0,0.0,0.0,0.0,0.0,0.0
1617291,0.0,0.0,0.0,0.0,0.0,0.0,0.0
1617435,0.0,0.0,0.0,0.0,1.0,0.0,0.0
1617599,2.0,0.0,0.0,0.0,1.0,0.0,0.0
1617628,2.0,0.0,0.0,0.0,2.0,0.0,0.0
1617891,2.0,0.0,0.0,0.0,2.0,1.0,0.0
1618099,0.0,0.0,0.0,0.0,2.0,1.0,0.0
1618128,0.0,0.0,0.0,0.0,0.0,1.0,0.0
1618334,0.0,0.0,0.0,0.0,1.0,1.0,0.0
1618391,0.0,0.0,0.0,0.0,1.0,0.0,0.0
1618834,0.0,0.0,0.0,0.0,0.0,0.0,0.0
1619167,2.0,0.0,0.0,0.0,0.0,0.0,0.0
1619667,0.0,0.0,0.0,0.0,0.0,0.0,0.0
1619839,2.0,0.0,0.0,0.0,0.0,0.0,0.0
1620042,2.0,0.0,0.0,0.0,0.0,1.0,0.0
1620339,0.0,0.0,0.0,0.0,0.0,1.0,0.0
1620542,0.0,0.0,0.0,0.0,0.0,0.0,0.0
1621086,0.0,0.0,0.0,0.0,0.0,1.0,0.0
1621091,0.0,0.0,0.0,0.0,0.0,2.0,0.0
1621591,0.0,0.0,0.0,0.0,0.0,0.0,0.0
1621762,0.0,0.0,0.0,0.0,0.0,1.0,0.0
1622262,0.0,0.0,0.0,0.0,0.0,0.0,0.0
1625047,0.0,0.0,0.0,0.0,0.0,1.0,0.0
1625051,0.0,0.0,0.0,0.0,0.0,2.0,0.0
1625551,0.0,0.0,0.0,0.0,0.0,0.0,0.0
1626241,0.0,0.0,0.0,0.0,0.0,1.0,0.0
1626741,0.0,0.0,0.0,0.0,0.0,0.0,0.0
1629158,0.0,0.0,0.0,0.0,0.0,1.0,0.0
1629658,0.0,0.0,0.0,0.0,0.0,0.0,0.0
1630825,0.0,0.0,0.0,0.0,0.0,1.0,0.0
1631325,0.0,0.0,0.0,0.0,0.0,0.0,0.0
1631370,0.0,0.0,0.0,0.0,0.0,1.0,0.0
1631870,0.0,0.0,0.0,0.0,0.0,0.0,0.0
1632245,0.0,0.0,0.0,0.0,0.0,1.0,0.0
1632745,0.0,0.0,0.0,0.0,0.0,0.0,0.0
1633651,0.0,0.0,0.0,0.0,1.0,0.0,0.0
1633652,0.0,0.0,0.0,0.0,2.0,0.0,0.0
1633674,0.0,0.0,0.0,0.0,2.0,1.0,0.0
1634152,0.0,0.0,0.0,0.0,0.0,1.0,0.0
1634174,0.0,0.0,0.0,0.0,0.0,0.0,0.0
1634937,0.0,0.0,0.0,0.0,0.0,1.0,0.0
1635225,0.0,0.0,0.0,0.0,1.0,1.0,0.0
1635437,0.0,0.0,0.0,0.0,1.0,0.0,0.0
1635710,0.0,0.0,0.0,0.0,1.0,1.0,0.0
1635725,0.0,0.0,0.0,0.0,0.0,1.0,0.0
1636210,0.0,0.0,0.0,0.0,0.0,0.0,0.0
1637341,0.0,0.0,0.0,0.0,1.0,0.0,0.0
1637841,0.0,0.0,0.0,0.0,0.0,0.0,0.0
1637981,0.0,0.0,0.0,0.0,0.0,1.0,0.0
1638481,0.0,0.0,0.0,0.0,0.0,0.0,0.0
1639227,0.0,0.0,0.0,0.0,0.0,1.0,0.0
1639727,0.0,0.0,0.0,0.0,0.0,0.0,0.0
1639832,0.0,0.0,0.0,0.0,0.0,1.0,0.0
1640332,0.0,0.0,0.0,0.0,0.0,0.0,0.0
1643129,0.0,0.0,0.0,0.0,0.0,1.0,0.0
1643134,0.0,0.0,0.0,0.0,0.0,2.0,0.0
1643634,0.0,0.0,0.0,0.0,0.0,0.0,0.0
1643659,0.0,0.0,0.0,0.0,0.0,1.0,0.0
1644159,0.0,0.0,0.0,0.0,0.0,0.0,0.0
1644353,0.0,0.0,0.0,0.0,1.0,0.0,0.0
1644853,0.0,0.0,0.0,0.0,0.0,0.0,0.0
1645679,0.0,0.0,0.0,0.0,0.0,1.0,0.0
1646179,0.0,0.0,0.0,0.0,0.0,0.0,0.0
1646809,0.0,0.0,0.0,0.0,0.0,1.0,0.0
1647309,0.0,0.0,0.0,0.0,0.0,0.0,0.0
1649264,0.0,0.0,0.0,0.0,0.0,1.0,0.0
1649266,0.0,0.0,0.0,0.0,0.0,2.0,0.0
1649766,0.0,0.0,0.0,0.0,0.0,0.0,0.0
1650562,0.0,0.0,0.0,0.0,0.0,1.0,0.0
1651062,0.0,0.0,0.0,0.0,0.0,0.0,0.0
1651596,0.0,0.0,0.0,0.0,0.0,1.0,0.0
1651598,0.0,0.0,0.0,0.0,0.0,2.0,0.0
1652098,0.0,0.0,0.0,0.0,0.0,0.0,0.0
1653428,0.0,0.0,0.0,0.0,0.0,1.0,0.0
1653505,0.0,2.0,0.0,0.0,0.0,1.0,0.0
1653928,0.0,2.0,0.0,0.0,0.0,0.0,0.0
1654005,0.0,0.0,0.0,0.0,0.0,0.0,0.0
1654160,0.0,0.0,0.0,0.0,0.0,1.0,0.0
1654660,0.0,0.0,0.0,0.0,0.0,0.0,0.0
1654804,0.0,0.0,0.0,0.0,0.0,1.0,0.0
1655304,0.0,0.0,0.0,0.0,0.0,0.0,0.0
1655617,0.0,0.0,0.0,0.0,0.0,1.0,0.0
1656117,0.0,0.0,0.0,0.0,0.0,0.0,0.0
1656316,0.0,0.0,0.0,0.0,0.0,1.0,0.0
1656816,0.0,0.0,0.0,0.0,0.0,0.0,0.0
1657546,0.0,0.0,0.0,0.0,0.0,1.0,0.0
1658046,0.0,0.0,0.0,0.0,0.0,0.0,0.0
1658747,0.0,0.0,0.0,0.0,0.0,1.0,0.0
1659247,0.0,0.0,0.0,0.0,0.0,0.0,0.0
1660836,0.0,0.0,0.0,0.0,0.0,1.0,0.0
1660837,0.0,0.0,0.0,0.0,0.0,2.0,0.0
1661337,0.0,0.0,0.0,0.0,0.0,0.0,0.0
1661438,0.0,0.0,0.0,0.0,0.0,1.0,0.0
1661449,0.0,0.0,0.0,0.0,0.0,2.0,0.0
1661949,0.0,0.0,0.0,0.0,0.0,0.0,0.0
1663610,0.0,0.0,0.0,0.0,0.0,1.0,0.0
1664110,0.0,0.0,0.0,0.0,0.0,0.0,0.0
1664655,0.0,0.0,0.0,0.0,0.0,1.0,0.0
1665155,0.0,0.0,0.0,0.0,0.0,0.0,0.0
1665452,0.0,0.0,0.0,0.0,0.0,1.0,0.0
1665952,0.0,0.0,0.0,0.0,0.0,0.0,0.0
1666173,0.0,0.0,0.0,0.0,0.0,1.0,0.0
1666673,0.0,0.0,0.0,0.0,0.0,0.0,0.0
1667024,0.0,0.0,0.0,0.0,0.0,1.0,0.0
1667524,0.0,0.0,0.0,0.0,0.0,0.0,0.0
1668015,0.0,0.0,0.0,0.0,0.0,1.0,0.0
1668515,0.0,0.0,0.0,0.0,0.0,0.0,0.0
1668659,0.0,0.0,0.0,0.0,0.0,1.0,0.0
1669159,0.0,0.0,0.0,0.0,0.0,0.0,0.0
1669585,0.0,0.0,0.0,0.0,0.0,1.0,0.0
1670085,0.0,0.0,0.0,0.0,0.0,0.0,0.0
1672123,0.0,0.0,0.0,0.0,0.0,1.0,0.0
1672623,0.0,0.0,0.0,0.0,0.0,0.0,0.0
1672673,0.0,0.0,0.0,0.0,0.0,1.0,0.0
1673173,0.0,0.0,0.0,0.0,0.0,0.0,0.0
1675268,0.0,0.0,0.0,0.0,0.0,1.0,0.0
1675768,0.0,0.0,0.0,0.0,0.0,0.0,0.0
1676012,0.0,0.0,0.0,0.0,0.0,1.0,0.0
1676019,0.0,0.0,0.0,0.0,0.0,2.0,0.0
1676519,0.0,0.0,0.0,0.0,0.0,0.0,0.0
1676995,0.0,0.0,0.0,0.0,0.0,1.0,0.0
1677495,0.0,0.0,0.0,0.0,0.0,0.0,0.0
1678104,0.0,0.0,0.0,0.0,0.0,1.0,0.0
1678604,0.0,0.0,0.0,0.0,0.0,0.0,0.0
1679134,0.0,0.0,0.0,0.0,0.0,1.0,0.0
1679310,0.0,0.0,0.0,0.0,0.0,2.0,0.0
1679810,0.0,0.0,0.0,0.0,0.0,0.0,0.0
1680079,0.0,0.0,0.0,0.0,0.0,1.0,0.0
1680579,0.0,0.0,0.0,0.0,0.0,0.0,0.0
1681750,0.0,0.0,0.0,0.0,0.0,1.0,0.0
1682250,0.0,0.0,0.0,0.0,0.0,0.0,0.0
1683577,0.0,0.0,0.0,0.0,0.0,1.0,0.0
1684077,0.0,0.0,0.0,0.0,0.0,0.0,0.0
1684447,0.0,0.0,0.0,0.0,0.0,1.0,0.0
1684947,0.0,0.0,0.0,0.0,0.0,0.0,0.0
1685171,0.0,0.0,0.0,0.0,0.0,1.0,0.0
1685671,0.0,0.0,0.0,0.0,0.0,0.0,0.0
1685672,0.0,0.0,0.0,0.0,0.0,1.0,0.0
1685820,0.0,0.0,0.0,0.0,0.0,2.0,0.0
1686320,0.0,0.0,0.0,0.0,0.0,0.0,0.0
1686707,0.0,0.0,0.0,0.0,0.0,1.0,0.0
1687207,0.0,0.0,0.0,0.0,0.0,0.0,0.0
1689360,0.0,0.0,0.0,0.0,0.0,1.0,0.0
1689860,0.0,0.0,0.0,0.0,0.0,0.0,0.0
1690862,0.0,2.0,0.0,0.0,0.0,0.0,0.0
1691362,0.0,0.0,0.0,0.0,0.0,0.0,0.0
1692338,0.0,0.0,0.0,0.0,0.0,1.0,0.0
1692838,0.0,0.0,0.0,0.0,0.0,0.0,0.0
1692999,0.0,0.0,0.0,0.0,0.0,1.0,0.0
1693008,0.0,0.0,0.0,0.0,0.0,2.0,0.0
1693508,0.0,0.0,0.0,0.0,0.0,0.0,0.0
1693578,0.0,0.0,0.0,0.0,0.0,1.0,0.0
1694078,0.0,0.0,0.0,0.0,0.0,0.0,0.0
1694188,0.0,0.0,0.0,0.0,0.0,1.0,0.0
1694688,0.0,0.0,0.0,0.0,0.0,0.0,0.0
1694785,0.0,0.0,0.0,0.0,0.0,1.0,0.0
1695285,0.0,0.0,0.0,0.0,0.0,0.0,0.0
1695562,0.0,0.0,0.0,0.0,0.0,1.0,0.0
1696062,0.0,0.0,0.0,0.0,0.0,0.0,0.0
1696436,0.0,0.0,0.0,0.0,0.0,1.0,0.0
1696936,0.0,0.0,0.0,0.0,0.0,0.0,0.0
1697212,0.0,0.0,0.0,0.0,0.0,1.0,0.0
1697712,0.0,0.0,0.0,0.0,0.0,0.0,0.0
1698003,0.0,0.0,0.0,0.0,0.0,1.0,0.0
1698214,0.0,0.0,0.0,0.0,0.0,2.0,0.0
1698714,0.0,0.0,0.0,0.0,0.0,0.0,0.0
1699569,0.0,0.0,0.0,0.0,0.0,1.0,0.0
1700069,0.0,0.0,0.0,0.0,0.0,0.0,0.0
1700290,0.0,0.0,0.0,0.0,0.0,1.0,0.0
1700790,0.0,0.0,0.0,0.0,0.0,0.0,0.0
1701243,0.0,0.0,0.0,0.0,0.0,1.0,0.0
1701651,0.0,0.0,0.0,0.0,0.0,2.0,0.0
1702151,0.0,0.0,0.0,0.0,0.0,0.0,0.0
1703796,0.0,0.0,0.0,0.0,0.0,1.0,0.0
1703798,0.0,0.0,0.0,0.0,0.0,2.0,0.0
1704298,0.0,0.0,0.0,0.0,0.0,0.0,0.0
1705241,0.0,0.0,0.0,0.0,0.0,1.0,0.0
1705741,0.0,0.0,0.0,0.0,0.0,0.0,0.0
1705884,0.0,0.0,0.0,0.0,0.0,1.0,0.0
1706384,0.0,0.0,0.0,0.0,0.0,0.0,0.0
1708110,0.0,0.0,0.0,0.0,0.0,1.0,0.0
1708610,0.0,0.0,0.0,0.0,0.0,0.0,0.0
1709592,0.0,0.0,0.0,0.0,0.0,1.0,0.0
1710092,0.0,0.0,0.0,0.0,0.0,0.0,0.0
1710556,0.0,0.0,0.0,0.0,0.0,1.0,0.0
1710620,0.0,0.0,0.0,0.0,0.0,2.0,0.0
1711120,0.0,0.0,0.0,0.0,0.0,0.0,0.0
1711682,0.0,0.0,0.0,0.0,0.0,1.0,0.0
1712182,0.0,0.0,0.0,0.0,0.0,0.0,0.0
1713692,0.0,0.0,0.0,0.0,0.0,1.0,0.0
1714192,0.0,0.0,0.0,0.0,0.0,0.0,0.0
1714905,0.0,0.0,0.0,0.0,0.0,1.0,0.0
1715405,0.0,0.0,0.0,0.0,0.0,0.0,0.0
1718450,0.0,0.0,0.0,0.0,0.0,1.0,0.0
1718950,0.0,0.0,0.0,0.0,0.0,0.0,0.0
1721161,0.0,0.0,0.0,0.0,1.0,0.0,0.0
1721204,0.0,0.0,0.0,0.0,1.0,1.0,0.0
1721661,0.0,0.0,0.0,0.0,0.0,1.0,0.0
1721704,0.0,0.0,0.0,0.0,0.0,0.0,0.0
1722609,0.0,0.0,0.0,0.0,0.0,1.0,0.0
1722611,0.0,0.0,0.0,0.0,0.0,2.0,0.0
1723111,0.0,0.0,0.0,0.0,0.0,0.0,0.0
1723278,0.0,0.0,0.0,0.0,0.0,1.0,0.0
1723778,0.0,0.0,0.0,0.0,0.0,0.0,0.0
1726046,0.0,0.0,0.0,0.0,0.0,1.0,0.0
1726071,0.0,0.0,0.0,0.0,0.0,2.0,0.0
1726571,0.0,0.0,0.0,0.0,0.0,0.0,0.0
1727801,0.0,0.0,0.0,0.0,0.0,1.0,0.0
1728301,0.0,0.0,0.0,0.0,0.0,0.0,0.0
1729235,0.0,0.0,0.0,0.0,0.0,1.0,0.0
1729237,0.0,0.0,0.0,0.0,0.0,2.0,0.0
1729737,0.0,0.0,0.0,0.0,0.0,0.0,0.0
1731728,0.0,0.0,0.0,0.0,0.0,1.0,0.0
1732228,0.0,0.0,0.0,0.0,0.0,0.0,0.0
1732923,0.0,0.0,0.0,0.0,0.0,1.0,0.0
1733423,0.0,0.0,0.0,0.0,0.0,0.0,0.0
1737074,0.0,0.0,0.0,0.0,0.0,1.0,0.0
1737574,0.0,0.0,0.0,0.0,0.0,0.0,0.0
1738837,0.0,0.0,0.0,0.0,0.0,1.0,0.0
1739337,0.0,0.0,0.0,0.0,0.0,0.0,0.0
1740630,0.0,0.0,0.0,0.0,0.0,1.0,0.0
1741130,0.0,0.0,0.0,0.0,0.0,0.0,0.0
1741209,0.0,0.0,0.0,0.0,1.0,0.0,0.0
1741709,0.0,0.0,0.0,0.0,0.0,0.0,0.0
1745549,0.0,0.0,0.0,0.0,0.0,1.0,0.0
1746049,0.0,0.0,0.0,0.0,0.0,0.0,0.0
1746355,0.0,0.0,0.0,0.0,0.0,1.0,0.0
1746855,0.0,0.0,0.0,0.0,0.0,0.0,0.0
1747763,0.0,0.0,0.0,0.0,0.0,1.0,0.0
1748263,0.0,0.0,0.0,0.0,0.0,0.0,0.0
1749057,0.0,0.0,0.0,0.0,1.0,0.0,0.0
1749557,0.0,0.0,0.0,0.0,0.0,0.0,0.0
1749593,0.0,0.0,0.0,0.0,0.0,1.0,0.0
1750093,0.0,0.0,0.0,0.0,0.0,0.0,0.0
1753618,0.0,0.0,0.0,0.0,0.0,1.0,0.0
1754118,0.0,0.0,0.0,0.0,0.0,0.0,0.0
1755948,0.0,0.0,0.0,0.0,0.0,1.0,0.0
1756448,0.0,0.0,0.0,0.0,0.0,0.0,0.0
1757850,0.0,0.0,0.0,0.0,0.0,1.0,0.0
1758350,0.0,0.0,0.0,0.0,0.0,0.0,0.0
1762265,0.0,0.0,0.0,0.0,0.0,1.0,0.0
1762765,0.0,0.0,0.0,0.0,0.0,0.0,0.0
1765197,0.0,0.0,0.0,0.0,0.0,1.0,0.0
1765397,0.0,0.0,0.0,0.0,0.0,2.0,0.0
1765897,0.0,0.0,0.0,0.0,0.0,0.0,0.0
1769270,0.0,0.0,0.0,0.0,0.0,1.0,0.0
1769283,0.0,0.0,0.0,0.0,0.0,2.0,0.0
1769783,0.0,0.0,0.0,0.0,0.0,0.0,0.0
1770506,0.0,0.0,0.0,0.0,0.0,1.0,0.0
1771006,0.0,0.0,0.0,0.0,0.0,0.0,0.0
1771125,0.0,0.0,0.0,0.0,0.0,1.0,0.0
1771625,0.0,0.0,0.0,0.0,0.0,0.0,0.0
1772317,0.0,0.0,0.0,0.0,0.0,1.0,0.0
1772817,0.0,0.0,0.0,0.0,0.0,0.0,0.0
1773460,0.0,0.0,0.0,0.0,0.0,1.0,0.0
1773960,0.0,0.0,0.0,0.0,0.0,0.0,0.0
1774835,0.0,0.0,0.0,0.0,0.0,1.0,0.0
1775335,0.0,0.0,0.0,0.0,0.0,0.0,0.0
1775469,0.0,0.0,0.0,0.0,0.0,1.0,0.0
1775969,0.0,0.0,0.0,0.0,0.0,0.0,0.0
1776313,0.0,0.0,0.0,0.0,0.0,1.0,0.0
1776586,0.0,0.0,0.0,0.0,0.0,2.0,0.0
1777086,0.0,0.0,0.0,0.0,0.0,0.0,0.0
1778556,0.0,0.0,0.0,0.0,0.0,1.0,0.0
1779056,0.0,0.0,0.0,0.0,0.0,0.0,0.0
1780135,0.0,0.0,0.0,0.0,0.0,1.0,0.0
1780635,0.0,0.0,0.0,0.0,0.0,0.0,0.0
1783037,0.0,0.0,0.0,0.0,0.0,1.0,0.0
1783537,0.0,0.0,0.0,0.0,0.0,0.0,0.0
1783603,0.0,0.0,0.0,0.0,0.0,1.0,0.0
1784103,0.0,0.0,0.0,0.0,0.0,0.0,0.0
1784123,0.0,0.0,0.0,0.0,0.0,1.0,0.0
1784623,0.0,0.0,0.0,0.0,0.0,0.0,0.0
1784729,0.0,0.0,0.0,0.0,0.0,1.0,0.0
1785229,0.0,0.0,0.0,0.0,0.0,0.0,0.0
1786297,0.0,0.0,0.0,0.0,0.0,1.0,0.0
1786797,0.0,0.0,0.0,0.0,0.0,0.0,0.0
1791947,0.0,0.0,0.0,0.0,0.0,1.0,0.0
1792447,0.0,0.0,0.0,0.0,0.0,0.0,0.0
1792718,0.0,0.0,0.0,0.0,0.0,1.0,0.0
1793218,0.0,0.0,0.0,0.0,0.0,0.0,0.0
1793923,0.0,0.0,0.0,0.0,0.0,1.0,0.0
1794423,0.0,0.0,0.0,0.0,0.0,0.0,0.0
1794609,0.0,0.0,0.0,0.0,0.0,1.0,0.0
1795109,0.0,0.0,0.0,0.0,0.0,0.0,0.0
1796379,0.0,0.0,0.0,0.0,0.0,1.0,0.0
1796879,0.0,0.0,0.0,0.0,0.0,0.0,0.0
1799161,0.0,0.0,0.0,0.0,0.0,1.0,0.0
1799661,0.0,0.0,0.0,0.0,0.0,0.0,0.0
1801328,0.0,0.0,0.0,0.0,0.0,1.0,0.0
1801751,0.0,0.0,0.0,0.0,0.0,2.0,0.0
1802251,0.0,0.0,0.0,0.0,0.0,0.0,0.0
1802638,0.0,0.0,0.0,0.0,0.0,1.0,0.0
1803138,0.0,0.0,0.0,0.0,0.0,0.0,0.0
1806072,0.0,0.0,0.0,0.0,0.0,1.0,0.0
1806572,0.0,0.0,0.0,0.0,0.0,0.0,0.0
1807147,0.0,0.0,0.0,0.0,0.0,1.0,0.0
1807148,0.0,0.0,0.0,0.0,0.0,2.0,0.0
1807648,0.0,0.0,0.0,0.0,0.0,0.0,0.0
1809702,0.0,0.0,0.0,0.0,0.0,1.0,0.0
1810202,0.0,0.0,0.0,0.0,0.0,0.0,0.0
1810302,0.0,0.0,0.0,0.0,0.0,1.0,0.0
1810802,0.0,0.0,0.0,0.0,0.0,0.0,0.0
1811806,0.0,0.0,0.0,0.0,0.0,1.0,0.0
1812067,0.0,0.0,0.0,0.0,1.0,1.0,0.0
1812068,0.0,0.0,0.0,0.0,2.0,1.0,0.0
1812306,0.0,0.0,0.0,0.0,2.0,0.0,0.0
1812568,0.0,0.0,0.0,0.0,0.0,0.0,0.0
1815485,0.0,0.0,0.0,0.0,0.0,1.0,0.0
1815985,0.0,0.0,0.0,0.0,0.0,0.0,0.0
1816577,0.0,0.0,0.0,0.0,0.0,1.0,0.0
1816580,0.0,0.0,0.0,0.0,0.0,2.0,0.0
1817000,0.0,0.0,0.0,0.0,0.0,2.0,1.0
1817080,0.0,0.0,0.0,0.0,0.0,0.0,1.0
1817500,0.0,0.0,0.0,0.0,0.0,0.0,0.0
1818891,0.0,2.0,0.0,0.0,0.0,0.0,0.0
1818893,0.0,2.0,0.0,0.0,0.0,1.0,0.0
1818911,2.0,2.0,0.0,0.0,0.0,1.0,0.0
1818940,2.0,2.0,0.0,0.0,1.0,1.0,0.0
1819279,2.0,2.0,0.0,0.0,2.0,1.0,0.0
1819391,2.0,0.0,0.0,0.0,2.0,1.0,0.0
1819393,2.0,0.0,0.0,0.0,2.0,0.0,0.0
1819411,0.0,0.0,0.0,0.0,2.0,0.0,0.0
1819455,2.0,0.0,0.0,0.0,2.0,0.0,0.0
1819685,2.0,0.0,0.0,0.0,2.0,1.0,0.0
1819779,2.0,0.0,0.0,0.0,0.0,1.0,0.0
1819955,0.0,0.0,0.0,0.0,0.0,1.0,0.0
1820185,0.0,0.0,0.0,0.0,0.0,0.0,0.0
1820446,0.0,0.0,0.0,0.0,0.0,1.0,0.0
1820946,0.0,0.0,0.0,0.0,0.0,0.0,0.0
1821514,0.0,0.0,0.0,0.0,0.0,1.0,0.0
1822014,0.0,0.0,0.0,0.0,0.0,0.0,0.0
1822293,0.0,0.0,0.0,0.0,0.0,1.0,0.0
1822294,0.0,0.0,0.0,0.0,0.0,2.0,0.0
1822794,0.0,0.0,0.0,0.0,0.0,0.0,0.0
1822973,0.0,0.0,0.0,0.0,0.0,1.0,0.0
1822978,0.0,0.0,0.0,0.0,1.0,2.0,0.0
1823167,2.0,0.0,0.0,0.0,1.0,2.0,0.0
1823478,2.0,0.0,0.0,0.0,0.0,0.0,0.0
1823667,0.0,0.0,0.0,0.0,0.0,0.0,0.0
1824068,0.0,0.0,0.0,0.0,0.0,1.0,0.0
1824568,0.0,0.0,0.0,0.0,0.0,0.0,0.0
1824959,0.0,0.0,0.0,0.0,0.0,1.0,0.0
1825459,0.0,0.0,0.0,0.0,0.0,0.0,0.0
1825976,0.0,0.0,0.0,0.0,0.0,1.0,0.0
1826079,2.0,0.0,0.0,0.0,0.0,1.0,0.0
1826476,2.0,0.0,0.0,0.0,0.0,0.0,0.0
1826579,0.0,0.0,0.0,0.0,0.0,0.0,0.0
1826746,0.0,0.0,0.0,0.0,0.0,1.0,0.0
1827246,0.0,0.0,0.0,0.0,0.0,0.0,0.0
1827608,0.0,0.0,0.0,0.0,0.0,1.0,0.0
1828067,0.0,2.0,0.0,0.0,0.0,1.0,0.0
1828074,0.0,2.0,0.0,0.0,0.0,2.0,0.0
1828567,0.0,0.0,0.0,0.0,0.0,2.0,0.0
1828574,0.0,0.0,0.0,0.0,0.0,0.0,0.0
1828971,0.0,0.0,0.0,0.0,0.0,1.0,0.0
1829026,0.0,0.0,0.0,0.0,0.0,2.0,0.0
1829526,0.0,0.0,0.0,0.0,0.0,0.0,0.0
1830264,0.0,0.0,0.0,0.0,0.0,1.0,0.0
1830764,0.0,0.0,0.0,0.0,0.0,0.0,0.0
1830886,0.0,0.0,0.0,0.0,0.0,1.0,0.0
1831386,0.0,0.0,0.0,0.0,0.0,0.0,0.0
1831851,0.0,0.0,0.0,0.0,0.0,1.0,0.0
1832351,0.0,0.0,0.0,0.0,0.0,0.0,0.0
1833172,0.0,0.0,0.0,0.0,0.0,1.0,0.0
1833672,0.0,0.0,0.0,0.0,0.0,0.0,0.0
1834098,0.0,0.0,0.0,0.0,0.0,1.0,0.0
1834598,0.0,0.0,0.0,0.0,0.0,0.0,0.0
1834742,0.0,0.0,0.0,0.0,0.0,1.0,0.0
1835047,0.0,0.0,0.0,0.0,0.0,2.0,0.0
1835547,0.0,0.0,0.0,0.0,0.0,0.0,0.0
1837585,0.0,0.0,0.0,0.0,0.0,1.0,0.0
1837822,0.0,0.0,0.0,0.0,0.0,2.0,0.0
1838322,0.0,0.0,0.0,0.0,0.0,0.0,0.0
1839780,0.0,0.0,0.0,0.0,0.0,1.0,0.0
1840280,0.0,0.0,0.0,0.0,0.0,0.0,0.0
1840664,0.0,0.0,0.0,0.0,0.0,1.0,0.0
1841164,0.0,0.0,0.0,0.0,0.0,0.0,0.0
1843948,0.0,0.0,0.0,0.0,0.0,1.0,0.0
1843950,0.0,0.0,0.0,0.0,0.0,2.0,0.0
1844450,0.0,0.0,0.0,0.0,0.0,0.0,0.0
1844895,0.0,0.0,0.0,0.0,0.0,1.0,0.0
1845395,0.0,0.0,0.0,0.0,0.0,0.0,0.0
1846581,0.0,0.0,0.0,0.0,0.0,1.0,0.0
1847043,0.0,0.0,0.0,0.0,0.0,2.0,0.0
1847543,0.0,0.0,0.0,0.0,0.0,0.0,0.0
1848241,0.0,0.0,0.0,0.0,0.0,1.0,0.0
1848741,0.0,0.0,0.0,0.0,0.0,0.0,0.0
1850993,0.0,0.0,0.0,0.0,0.0,1.0,0.0
1850995,0.0,0.0,0.0,0.0,0.0,2.0,0.0
1851495,0.0,0.0,0.0,0.0,0.0,0.0,0.0
1853405,0.0,0.0,0.0,0.0,0.0,1.0,0.0
1853905,0.0,0.0,0.0,0.0,0.0,0.0,0.0
1857862,0.0,0.0,0.0,0.0,0.0,1.0,0.0
1857982,0.0,0.0,0.0,0.0,1.0,1.0,0.0
1858362,0.0,0.0,0.0,0.0,1.0,0.0,0.0
1858482,0.0,0.0,0.0,0.0,0.0,0.0,0.0
1860195,0.0,0.0,0.0,0.0,0.0,1.0,0.0
1860199,0.0,0.0,0.0,0.0,0.0,2.0,0.0
1860699,0.0,0.0,0.0,0.0,0.0,0.0,0.0
1860715,0.0,0.0,0.0,0.0,0.0,1.0,0.0
1860717,0.0,0.0,0.0,0.0,0.0,2.0,0.0
1861217,0.0,0.0,0.0,0.0,0.0,0.0,0.0
1861790,0.0,0.0,0.0,0.0,0.0,1.0,0.0
1862290,0.0,0.0,0.0,0.0,0.0,0.0,0.0
1862303,0.0,0.0,0.0,0.0,0.0,1.0,0.0
1862803,0.0,0.0,0.0,0.0,0.0,0.0,0.0
1863226,0.0,0.0,0.0,0.0,0.0,1.0,0.0
1863726,0.0,0.0,0.0,0.0,0.0,0.0,0.0
1864033,0.0,0.0,0.0,0.0,0.0,1.0,0.0
1864310,0.0,0.0,0.0,0.0,0.0,2.0,0.0
1864810,0.0,0.0,0.0,0.0,0.0,0.0,0.0
1866153,0.0,0.0,0.0,0.0,0.0,1.0,0.0
1866653,0.0,0.0,0.0,0.0,0.0,0.0,0.0
1867101,0.0,0.0,0.0,0.0,0.0,1.0,0.0
1867601,0.0,0.0,0.0,0.0,0.0,0.0,0.0
1868408,0.0,0.0,0.0,0.0,0.0,1.0,0.0
1868908,0.0,0.0,0.0,0.0,0.0,0.0,0.0
1869529,0.0,0.0,0.0,0.0,0.0,1.0,0.0
1870029,0.0,0.0,0.0,0.0,0.0,0.0,0.0
1870741,0.0,0.0,0.0,0.0,0.0,1.0,0.0
1871241,0.0,0.0,0.0,0.0,0.0,0.0,0.0
1871682,0.0,0.0,0.0,0.0,0.0,1.0,0.0
1872182,0.0,0.0,0.0,0.0,0.0,0.0,0.0
1873520,0.0,0.0,0.0,0.0,0.0,1.0,0.0
1874020,0.0,0.0,0.0,0.0,0.0,0.0,0.0
1874115,0.0,0.0,0.0,0.0,0.0,1.0,0.0
1874615,0.0,0.0,0.0,0.0,0.0,0.0,0.0
1876490,0.0,0.0,0.0,0.0,0.0,1.0,0.0
1876990,0.0,0.0,0.0,0.0,0.0,0.0,0.0
1877401,0.0,0.0,0.0,0.0,0.0,1.0,0.0
1877901,0.0,0.0,0.0,0.0,0.0,0.0,0.0
1877945,0.0,0.0,0.0,0.0,0.0,1.0,0.0
1878445,0.0,0.0,0.0,0.0,0.0,0.0,0.0
1879540,0.0,0.0,0.0,0.0,0.0,1.0,0.0
1880040,0.0,0.0,0.0,0.0,0.0,0.0,0.0
1880560,0.0,0.0,0.0,0.0,0.0,1.0,0.0
1881060,0.0,0.0,0.0,0.0,0.0,0.0,0.0
1881411,0.0,0.0,0.0,0.0,0.0,1.0,0.0
1881413,0.0,0.0,0.0,0.0,0.0,2.0,0.0
1881913,0.0,0.0,0.0,0.0,0.0,0.0,0.0
1882203,0.0,0.0,0.0,0.0,0.0,1.0,0.0
1882703,0.0,0.0,0.0,0.0,0.0,0.0,0.0
1882723,0.0,0.0,0.0,0.0,0.0,1.0,0.0
1882729,0.0,0.0,0.0,0.0,0.0,2.0,0.0
1883229,0.0,0.0,0.0,0.0,0.0,0.0,0.0
1883317,0.0,0.0,0.0,0.0,0.0,1.0,0.0
1883817,0.0,0.0,0.0,0.0,0.0,0.0,0.0
1884006,0.0,0.0,0.0,0.0,0.0,1.0,0.0
1884061,0.0,0.0,0.0,0.0,0.0,2.0,0.0
1884561,0.0,0.0,0.0,0.0,0.0,0.0,0.0
1884744,0.0,0.0,0.0,0.0,0.0,1.0,0.0
1884746,0.0,0.0,0.0,0.0,0.0,2.0,0.0
1885246,0.0,0.0,0.0,0.0,0.0,0.0,0.0
1886375,0.0,0.0,0.0,0.0,0.0,1.0,0.0
1886875,0.0,0.0,0.0,0.0,0.0,0.0,0.0
1887548,0.0,0.0,0.0,0.0,0.0,1.0,0.0
1887591,0.0,0.0,0.0,0.0,0.0,2.0,0.0
1888091,0.0,0.0,0.0,0.0,0.0,0.0,0.0
1892529,0.0,0.0,0.0,0.0,0.0,1.0,0.0
1892533,0.0,0.0,0.0,0.0,0.0,2.0,0.0
1893033,0.0,0.0,0.0,0.0,0.0,0.0,0.0
1893195,0.0,0.0,0.0,0.0,0.0,1.0,0.0
1893695,0.0,0.0,0.0,0.0,0.0,0.0,0.0
1894440,0.0,0.0,0.0,0.0,0.0,1.0,0.0
1894940,0.0,0.0,0.0,0.0,0.0,0.0,0.0
1895014,0.0,0.0,0.0,0.0,0.0,1.0,0.0
1895514,0.0,0.0,0.0,0.0,0.0,0.0,0.0
1896030,0.0,0.0,0.0,0.0,0.0,1.0,0.0
1896530,0.0,0.0,0.0,0.0,0.0,0.0,0.0
1897155,0.0,0.0,0.0,0.0,0.0,1.0,0.0
1897655,0.0,0.0,0.0,0.0,0.0,0.0,0.0
1898019,0.0,0.0,0.0,0.0,0.0,1.0,0.0
1898519,0.0,0.0,0.0,0.0,0.0,0.0,0.0
1898712,0.0,0.0,0.0,0.0,0.0,1.0,0.0
1899076,0.0,0.0,0.0,0.0,0.0,2.0,0.0
1899576,0.0,0.0,0.0,0.0,0.0,0.0,0.0
1900042,0.0,0.0,0.0,0.0,0.0,1.0,0.0
1900542,0.0,0.0,0.0,0.0,0.0,0.0,0.0
1901108,0.0,0.0,0.0,0.0,0.0,1.0,0.0
1901608,0.0,0.0,0.0,0.0,0.0,0.0,0.0
1902294,0.0,0.0,0.0,0.0,0.0,1.0,0.0
1902794,0.0,0.0,0.0,0.0,0.0,0.0,0.0
1904252,0.0,0.0,0.0,0.0,0.0,1.0,0.0
1904752,0.0,0.0,0.0,0.0,0.0,0.0,0.0
1905480,0.0,0.0,0.0,0.0,0.0,1.0,0.0
1905769,0.0,2.0,0.0,0.0,0.0,1.0,0.0
1905980,0.0,2.0,0.0,0.0,0.0,0.0,0.0
1906015,0.0,2.0,0.0,0.0,0.0,1.0,0.0
1906269,0.0,0.0,0.0,0.0,0.0,1.0,0.0
1906515,0.0,0.0,0.0,0.0,0.0,0.0,0.0
1908020,0.0,0.0,0.0,0.0,0.0,1.0,0.0
1908520,0.0,0.0,0.0,0.0,0.0,0.0,0.0
1909795,0.0,0.0,0.0,0.0,0.0,1.0,0.0
1910295,0.0,0.0,0.0,0.0,0.0,0.0,0.0
1912438,0.0,0.0,0.0,0.0,0.0,1.0,0.0
1912938,0.0,0.0,0.0,0.0,0.0,0.0,0.0
1913156,0.0,0.0,0.0,0.0,0.0,1.0,0.0
1913162,0.0,0.0,0.0,0.0,0.0,2.0,0.0
1913662,0.0,0.0,0.0,0.0,0.0,0.0,0.0
1913755,0.0,0.0,0.0,0.0,0.0,1.0,0.0
1914255,0.0,0.0,0.0,0.0,0.0,0.0,0.0
1914568,0.0,0.0,0.0,0.0,0.0,1.0,0.0
1915068,0.0,0.0,0.0,0.0,0.0,0.0,0.0
1915511,0.0,0.0,0.0,0.0,0.0,1.0,0.0
1915513,0.0,0.0,0.0,0.0,0.0,2.0,0.0
1916013,0.0,0.0,0.0,0.0,0.0,0.0,0.0
1916875,0.0,0.0,0.0,0.0,0.0,1.0,0.0
1917250,0.0,2.0,0.0,0.0,0.0,1.0,0.0
1917375,0.0,2.0,0.0,0.0,0.0,0.0,0.0
1917750,0.0,0.0,0.0,0.0,0.0,0.0,0.0
1917795,0.0,0.0,0.0,0.0,0.0,1.0,0.0
1918295,0.0,0.0,0.0,0.0,0.0,0.0,0.0
1921273,0.0,0.0,0.0,0.0,0.0,1.0,0.0
1921773,0.0,0.0,0.0,0.0,0.0,0.0,0.0
1922437,0.0,0.0,0.0,0.0,0.0,1.0,0.0
1922937,0.0,0.0,0.0,0.0,0.0,0.0,0.0
1925439,0.0,0.0,0.0,0.0,0.0,1.0,0.0
1925939,0.0,0.0,0.0,0.0,0.0,0.0,0.0
1926038,0.0,0.0,0.0,0.0,0.0,1.0,0.0
1926040,0.0,0.0,0.0,0.0,0.0,2.0,0.0
1926540,0.0,0.0,0.0,0.0,0.0,0.0,0.0
1929754,0.0,0.0,0.0,0.0,0.0,1.0,0.0
1930254,0.0,0.0,0.0,0.0,0.0,0.0,0.0
1931035,0.0,0.0,0.0,0.0,0.0,1.0,0.0
1931535,0.0,0.0,0.0,0.0,0.0,0.0,0.0
1932692,0.0,0.0,0.0,0.0,0.0,1.0,0.0
1932701,0.0,0.0,0.0,0.0,1.0,2.0,0.0
1933201,0.0,0.0,0.0,0.0,0.0,0.0,0.0
1935744,0.0,0.0,0.0,0.0,0.0,1.0,0.0
1936244,0.0,0.0,0.0,0.0,0.0,0.0,0.0
1941797,0.0,0.0,0.0,0.0,0.0,1.0,0.0
1942297,0.0,0.0,0.0,0.0,0.0,0.0,0.0
1943584,0.0,0.0,0.0,0.0,0.0,1.0,0.0
1944084,0.0,0.0,0.0,0.0,0.0,0.0,0.0
1944894,0.0,0.0,0.0,0.0,0.0,1.0,0.0
1945394,0.0,0.0,0.0,0.0,0.0,0.0,0.0
1946846,0.0,0.0,0.0,0.0,0.0,1.0,0.0
1947346,0.0,0.0,0.0,0.0,0.0,0.0,0.0
1950503,0.0,0.0,0.0,0.0,0.0,1.0,0.0
1951003,0.0,0.0,0.0,0.0,0.0,0.0,0.0
1951829,0.0,0.0,0.0,0.0,0.0,1.0,0.0
1952329,0.0,0.0,0.0,0.0,0.0,0.0,0.0
1955933,0.0,0.0,0.0,0.0,0.0,1.0,0.0
1956433,0.0,0.0,0.0,0.0,0.0,0.0,0.0
1959263,0.0,0.0,0.0,0.0,0.0,1.0,0.0
1959763,0.0,0.0,0.0,0.0,0.0,0.0,0.0
1960512,0.0,0.0,0.0,0.0,0.0,1.0,0.0
1961012,0.0,0.0,0.0,0.0,0.0,0.0,0.0
1962026,0.0,0.0,0.0,0.0,0.0,1.0,0.0
1962526,0.0,0.0,0.0,0.0,0.0,0.0,0.0
1962946,0.0,0.0,0.0,0.0,0.0,1.0,0.0
1963446,0.0,0.0,0.0,0.0,0.0,0.0,0.0
1964942,0.0,0.0,0.0,0.0,0.0,1.0,0.0
1965442,0.0,0.0,0.0,0.0,0.0,0.0,0.0
1965690,0.0,0.0,0.0,0.0,0.0,1.0,0.0
1966190,0.0,0.0,0.0,0.0,0.0,0.0,0.0
1969320,0.0,0.0,0.0,0.0,0.0,1.0,0.0
1969820,0.0,0.0,0.0,0.0,0.0,0.0,0.0
1973154,0.0,0.0,0.0,0.0,0.0,1.0,0.0
1973163,0.0,0.0,0.0,0.0,0.0,2.0,0.0
1973663,0.0,0.0,0.0,0.0,0.0,0.0,0.0
1976120,0.0,0.0,0.0,0.0,0.0,1.0,0.0
1976620,0.0,0.0,0.0,0.0,0.0,0.0,0.0
1976783,0.0,0.0,0.0,0.0,0.0,1.0,0.0
1977283,0.0,0.0,0.0,0.0,0.0,0.0,0.0
1978420,0.0,0.0,0.0,0.0,0.0,1.0,0.0
1978920,0.0,0.0,0.0,0.0,0.0,0.0,0.0
1978933,0.0,0.0,0.0,0.0,0.0,1.0,0.0
1979433,0.0,0.0,0.0,0.0,0.0,0.0,0.0
1979552,0.0,0.0,0.0,0.0,0.0,1.0,0.0
1980052,0.0,0.0,0.0,0.0,0.0,0.0,0.0
1980530,0.0,0.0,0.0,0.0,0.0,1.0,0.0
1981030,0.0,0.0,0.0,0.0,0.0,0.0,0.0
1983346,0.0,0.0,0.0,0.0,1.0,0.0,0.0
1983846,0.0,0.0,0.0,0.0,0.0,0.0,0.0
1983940,0.0,0.0,0.0,0.0,0.0,1.0,0.0
1984440,0.0,0.0,0.0,0.0,0.0,0.0,0.0
1985783,0.0,0.0,0.0,0.0,0.0,1.0,0.0
1986283,0.0,0.0,0.0,0.0,0.0,0.0,0.0
1987064,0.0,0.0,0.0,0.0,1.0,0.0,0.0
1987065,0.0,0.0,0.0,0.0,1.0,1.0,0.0
1987564,0.0,0.0,0.0,0.0,0.0,1.0,0.0
1987565,0.0,0.0,0.0,0.0,0.0,0.0,0.0
1987950,0.0,0.0,0.0,0.0,0.0,1.0,0.0
1987953,0.0,0.0,0.0,0.0,0.0,2.0,0.0
1988453,0.0,0.0,0.0,0.0,0.0,0.0,0.0
1992132,0.0,0.0,0.0,0.0,0.0,1.0,0.0
1992632,0.0,0.0,0.0,0.0,0.0,0.0,0.0
1992926,0.0,2.0,0.0,0.0,0.0,0.0,0.0
1993358,0.0,2.0,0.0,0.0,0.0,1.0,0.0
1993426,0.0,0.0,0.0,0.0,0.0,1.0,0.0
1993858,0.0,0.0,0.0,0.0,0.0,0.0,0.0
1995575,0.0,0.0,0.0,0.0,0.0,1.0,0.0
1996075,0.0,0.0,0.0,0.0,0.0,0.0,0.0
2002305,0.0,0.0,0.0,0.0,0.0,1.0,0.0
2002805,0.0,0.0,0.0,0.0,0.0,0.0,0.0
2003459,0.0,0.0,0.0,0.0,0.0,1.0,0.0
2003959,0.0,0.0,0.0,0.0,0.0,0.0,0.0
2006231,0.0,0.0,0.0,0.0,0.0,1.0,0.0
2006731,0.0,0.0,0.0,0.0,0.0,0.0,0.0
2008716,0.0,0.0,0.0,0.0,0.0,1.0,0.0
2009216,0.0,0.0,0.0,0.0,0.0,0.0,0.0
2010461,0.0,0.0,0.0,0.0,0.0,1.0,0.0
2010961,0.0,0.0,0.0,0.0,0.0,0.0,0.0
2011096,0.0,0.0,0.0,0.0,0.0,1.0,0.0
2011596,0.0,0.0,0.0,0.0,0.0,0.0,0.0
2011782,0.0,0.0,0.0,0.0,0.0,1.0,0.0
2012282,0.0,0.0,0.0,0.0,0.0,0.0,0.0
2014783,0.0,0.0,0.0,0.0,0.0,1.0,0.0
2015283,0.0,0.0,0.0,0.0,0.0,0.0,0.0
2016191,0.0,0.0,0.0,0.0,0.0,1.0,0.0
2016691,0.0,0.0,0.0,0.0,0.0,0.0,0.0
2019000,0.0,0.0,0.0,0.0,0.0,0.0,1.0
2019500,0.0,0.0,0.0,0.0,0.0,0.0,0.0
2019582,0.0,0.0,0.0,0.0,0.0,1.0,0.0
2019951,0.0,0.0,0.0,0.0,0.0,2.0,0.0
2020296,0.0,2.0,0.0,0.0,0.0,2.0,0.0
2020451,0.0,2.0,0.0,0.0,0.0,0.0,0.0
