,ADWIN,CUSUM,DDM,GeometricMovingAverage,HDDMAverage,HDDMWeighted,Ground-truth
124,0.0,0.0,1.0,0.0,0.0,0.0,0.0
624,0.0,0.0,0.0,0.0,0.0,0.0,0.0
628,0.0,0.0,1.0,0.0,0.0,0.0,0.0
1324,0.0,0.0,1.0,0.0,0.0,1.0,0.0
1346,0.0,0.0,1.0,0.0,1.0,1.0,0.0
1824,0.0,0.0,1.0,0.0,1.0,0.0,0.0
1846,0.0,0.0,1.0,0.0,0.0,0.0,0.0
2183,0.0,0.0,1.0,0.0,0.0,1.0,0.0
2342,0.0,0.0,1.0,0.0,1.0,1.0,0.0
2683,0.0,0.0,1.0,0.0,1.0,0.0,0.0
2842,0.0,0.0,1.0,0.0,0.0,0.0,0.0
3373,0.0,0.0,1.0,0.0,0.0,1.0,0.0
3873,0.0,0.0,1.0,0.0,0.0,0.0,0.0
5404,0.0,0.0,1.0,0.0,0.0,1.0,0.0
5904,0.0,0.0,1.0,0.0,0.0,0.0,0.0
6627,0.0,0.0,1.0,0.0,0.0,1.0,0.0
7127,0.0,0.0,1.0,0.0,0.0,0.0,0.0
7128,0.0,0.0,0.0,0.0,0.0,0.0,0.0
7223,0.0,0.0,1.0,0.0,0.0,0.0,0.0
7888,0.0,0.0,1.0,0.0,0.0,1.0,0.0
7923,0.0,0.0,1.0,0.0,0.0,2.0,0.0
8423,0.0,0.0,1.0,0.0,0.0,0.0,0.0
9925,0.0,0.0,1.0,0.0,0.0,1.0,0.0
10425,0.0,0.0,1.0,0.0,0.0,0.0,0.0
11016,0.0,0.0,1.0,0.0,0.0,1.0,0.0
11439,0.0,0.0,1.0,0.0,0.0,2.0,0.0
11723,0.0,0.0,0.0,0.0,0.0,2.0,0.0
11939,0.0,0.0,0.0,0.0,0.0,0.0,0.0
12065,0.0,0.0,0.0,0.0,0.0,1.0,0.0
12565,0.0,0.0,0.0,0.0,0.0,0.0,0.0
12584,0.0,0.0,0.0,0.0,0.0,1.0,0.0
13084,0.0,0.0,0.0,0.0,0.0,0.0,0.0
13729,0.0,0.0,0.0,0.0,0.0,1.0,0.0
14229,0.0,0.0,0.0,0.0,0.0,0.0,0.0
17779,0.0,0.0,0.0,0.0,0.0,1.0,0.0
18279,0.0,0.0,0.0,0.0,0.0,0.0,0.0
18800,0.0,0.0,0.0,0.0,0.0,1.0,0.0
19300,0.0,0.0,0.0,0.0,0.0,0.0,0.0
19411,0.0,0.0,0.0,0.0,0.0,1.0,0.0
19413,0.0,0.0,0.0,0.0,0.0,2.0,0.0
19913,0.0,0.0,0.0,0.0,0.0,0.0,0.0
20329,0.0,0.0,0.0,0.0,0.0,1.0,0.0
20829,0.0,0.0,0.0,0.0,0.0,0.0,0.0
20902,0.0,0.0,0.0,0.0,0.0,1.0,0.0
21402,0.0,0.0,0.0,0.0,0.0,0.0,0.0
23057,0.0,0.0,0.0,0.0,0.0,1.0,0.0
23557,0.0,0.0,0.0,0.0,0.0,0.0,0.0
23764,0.0,0.0,0.0,0.0,0.0,1.0,0.0
24264,0.0,0.0,0.0,0.0,0.0,0.0,0.0
24360,0.0,0.0,0.0,0.0,0.0,1.0,0.0
24860,0.0,0.0,0.0,0.0,0.0,0.0,0.0
26720,0.0,0.0,0.0,0.0,0.0,1.0,0.0
26729,0.0,0.0,0.0,0.0,0.0,2.0,0.0
27229,0.0,0.0,0.0,0.0,0.0,0.0,0.0
28093,0.0,0.0,0.0,0.0,0.0,1.0,0.0
28593,0.0,0.0,0.0,0.0,0.0,0.0,0.0
28998,0.0,0.0,0.0,0.0,0.0,1.0,0.0
29498,0.0,0.0,0.0,0.0,0.0,0.0,0.0
30603,0.0,0.0,0.0,0.0,0.0,1.0,0.0
31103,0.0,0.0,0.0,0.0,0.0,0.0,0.0
32026,0.0,0.0,0.0,0.0,0.0,1.0,0.0
32526,0.0,0.0,0.0,0.0,0.0,0.0,0.0
33035,0.0,0.0,0.0,0.0,0.0,1.0,0.0
33535,0.0,0.0,0.0,0.0,0.0,0.0,0.0
34279,0.0,0.0,0.0,0.0,0.0,1.0,0.0
34779,0.0,0.0,0.0,0.0,0.0,0.0,0.0
34830,0.0,0.0,0.0,0.0,1.0,0.0,0.0
35330,0.0,0.0,0.0,0.0,0.0,0.0,0.0
35698,0.0,0.0,0.0,0.0,0.0,1.0,0.0
36198,0.0,0.0,0.0,0.0,0.0,0.0,0.0
36367,0.0,0.0,0.0,0.0,0.0,1.0,0.0
36867,0.0,0.0,0.0,0.0,0.0,0.0,0.0
37245,0.0,0.0,0.0,0.0,0.0,1.0,0.0
37745,0.0,0.0,0.0,0.0,0.0,0.0,0.0
38679,0.0,0.0,0.0,0.0,0.0,1.0,0.0
39179,0.0,0.0,0.0,0.0,0.0,0.0,0.0
40287,0.0,0.0,0.0,0.0,0.0,1.0,0.0
40787,0.0,0.0,0.0,0.0,0.0,0.0,0.0
40859,0.0,0.0,0.0,0.0,0.0,1.0,0.0
41359,0.0,0.0,0.0,0.0,0.0,0.0,0.0
43025,0.0,0.0,0.0,0.0,0.0,1.0,0.0
43027,0.0,0.0,0.0,0.0,0.0,2.0,0.0
43527,0.0,0.0,0.0,0.0,0.0,0.0,0.0
45151,0.0,0.0,0.0,0.0,0.0,1.0,0.0
45153,0.0,0.0,0.0,0.0,0.0,2.0,0.0
45653,0.0,0.0,0.0,0.0,0.0,0.0,0.0
45670,0.0,0.0,0.0,0.0,0.0,1.0,0.0
46170,0.0,0.0,0.0,0.0,0.0,0.0,0.0
46206,0.0,0.0,0.0,0.0,0.0,1.0,0.0
46706,0.0,0.0,0.0,0.0,0.0,0.0,0.0
46994,0.0,0.0,0.0,0.0,0.0,1.0,0.0
47494,0.0,0.0,0.0,0.0,0.0,0.0,0.0
49279,0.0,0.0,0.0,0.0,1.0,0.0,0.0
49779,0.0,0.0,0.0,0.0,0.0,0.0,0.0
49951,0.0,0.0,0.0,0.0,0.0,1.0,0.0
50451,0.0,0.0,0.0,0.0,0.0,0.0,0.0
51185,0.0,0.0,0.0,0.0,0.0,1.0,0.0
51685,0.0,0.0,0.0,0.0,0.0,0.0,0.0
52132,0.0,0.0,0.0,0.0,0.0,1.0,0.0
52632,0.0,0.0,0.0,0.0,0.0,0.0,0.0
52781,0.0,0.0,0.0,0.0,0.0,1.0,0.0
53281,0.0,0.0,0.0,0.0,0.0,0.0,0.0
53448,0.0,0.0,0.0,0.0,0.0,1.0,0.0
53449,0.0,0.0,0.0,0.0,1.0,1.0,0.0
53450,0.0,0.0,0.0,0.0,2.0,2.0,0.0
53950,0.0,0.0,0.0,0.0,0.0,0.0,0.0
54075,0.0,0.0,0.0,0.0,0.0,1.0,0.0
54077,0.0,0.0,0.0,0.0,0.0,2.0,0.0
54577,0.0,0.0,0.0,0.0,0.0,0.0,0.0
54943,0.0,0.0,0.0,0.0,0.0,1.0,0.0
55443,0.0,0.0,0.0,0.0,0.0,0.0,0.0
55558,0.0,0.0,0.0,0.0,0.0,1.0,0.0
56058,0.0,0.0,0.0,0.0,0.0,0.0,0.0
56207,0.0,0.0,0.0,0.0,0.0,1.0,0.0
56707,0.0,0.0,0.0,0.0,0.0,0.0,0.0
58044,0.0,0.0,0.0,0.0,0.0,1.0,0.0
58544,0.0,0.0,0.0,0.0,0.0,0.0,0.0
58948,0.0,0.0,0.0,0.0,0.0,1.0,0.0
58952,0.0,0.0,0.0,0.0,0.0,2.0,0.0
59452,0.0,0.0,0.0,0.0,0.0,0.0,0.0
60491,0.0,0.0,0.0,0.0,0.0,1.0,0.0
60991,0.0,0.0,0.0,0.0,0.0,0.0,0.0
61312,0.0,0.0,0.0,0.0,0.0,1.0,0.0
61812,0.0,0.0,0.0,0.0,0.0,0.0,0.0
62667,0.0,0.0,0.0,0.0,0.0,1.0,0.0
63667,0.0,0.0,0.0,0.0,0.0,0.0,0.0
63675,0.0,0.0,0.0,0.0,0.0,1.0,0.0
63682,0.0,0.0,0.0,0.0,0.0,2.0,0.0
64182,0.0,0.0,0.0,0.0,0.0,0.0,0.0
64735,0.0,0.0,0.0,0.0,0.0,1.0,0.0
65235,0.0,0.0,0.0,0.0,0.0,0.0,0.0
66109,0.0,0.0,0.0,0.0,0.0,1.0,0.0
66609,0.0,0.0,0.0,0.0,0.0,0.0,0.0
67248,0.0,0.0,0.0,0.0,0.0,1.0,0.0
67340,0.0,0.0,0.0,0.0,0.0,2.0,0.0
67840,0.0,0.0,0.0,0.0,0.0,0.0,0.0
67874,0.0,2.0,0.0,0.0,0.0,0.0,0.0
68243,0.0,2.0,0.0,0.0,0.0,1.0,0.0
68374,0.0,0.0,0.0,0.0,0.0,1.0,0.0
68743,0.0,0.0,0.0,0.0,0.0,0.0,0.0
69024,0.0,0.0,0.0,0.0,0.0,1.0,0.0
69524,0.0,0.0,0.0,0.0,0.0,0.0,0.0
70040,0.0,0.0,0.0,0.0,0.0,1.0,0.0
70071,0.0,0.0,0.0,0.0,0.0,2.0,0.0
70571,0.0,0.0,0.0,0.0,0.0,0.0,0.0
72392,0.0,0.0,0.0,0.0,0.0,1.0,0.0
72892,0.0,0.0,0.0,0.0,0.0,0.0,0.0
73546,0.0,0.0,0.0,0.0,0.0,1.0,0.0
74046,0.0,0.0,0.0,0.0,0.0,0.0,0.0
74192,0.0,0.0,0.0,0.0,0.0,1.0,0.0
74196,0.0,0.0,0.0,0.0,0.0,2.0,0.0
74696,0.0,0.0,0.0,0.0,0.0,0.0,0.0
76101,0.0,0.0,0.0,0.0,0.0,1.0,0.0
76601,0.0,0.0,0.0,0.0,0.0,0.0,0.0
77352,0.0,0.0,0.0,0.0,0.0,1.0,0.0
77355,0.0,0.0,0.0,0.0,0.0,2.0,0.0
77361,0.0,0.0,0.0,0.0,1.0,2.0,0.0
77855,0.0,0.0,0.0,0.0,1.0,0.0,0.0
77861,0.0,0.0,0.0,0.0,0.0,0.0,0.0
78571,0.0,0.0,0.0,0.0,0.0,1.0,0.0
79071,0.0,0.0,0.0,0.0,0.0,0.0,0.0
80016,0.0,0.0,0.0,0.0,0.0,1.0,0.0
80045,0.0,0.0,0.0,0.0,0.0,2.0,0.0
80216,0.0,2.0,0.0,0.0,0.0,2.0,0.0
80545,0.0,2.0,0.0,0.0,0.0,0.0,0.0
80716,0.0,0.0,0.0,0.0,0.0,0.0,0.0
80916,0.0,0.0,0.0,0.0,0.0,1.0,0.0
81416,0.0,0.0,0.0,0.0,0.0,0.0,0.0
82365,0.0,0.0,0.0,0.0,0.0,1.0,0.0
82515,0.0,0.0,0.0,0.0,0.0,2.0,0.0
83015,0.0,0.0,0.0,0.0,0.0,0.0,0.0
83794,0.0,0.0,0.0,0.0,0.0,1.0,0.0
84294,0.0,0.0,0.0,0.0,0.0,0.0,0.0
84511,0.0,0.0,0.0,0.0,0.0,1.0,0.0
85011,0.0,0.0,0.0,0.0,0.0,0.0,0.0
85095,0.0,0.0,0.0,0.0,0.0,1.0,0.0
85595,0.0,0.0,0.0,0.0,0.0,0.0,0.0
86315,0.0,0.0,0.0,0.0,0.0,1.0,0.0
86815,0.0,0.0,0.0,0.0,0.0,0.0,0.0
87828,0.0,0.0,0.0,0.0,0.0,1.0,0.0
88328,0.0,0.0,0.0,0.0,0.0,0.0,0.0
88712,0.0,0.0,0.0,0.0,0.0,1.0,0.0
89212,0.0,0.0,0.0,0.0,0.0,0.0,0.0
89355,0.0,0.0,0.0,0.0,0.0,1.0,0.0
89855,0.0,0.0,0.0,0.0,0.0,0.0,0.0
90030,0.0,0.0,0.0,0.0,0.0,1.0,0.0
90273,0.0,0.0,0.0,0.0,0.0,2.0,0.0
90773,0.0,0.0,0.0,0.0,0.0,0.0,0.0
92449,0.0,0.0,0.0,0.0,0.0,1.0,0.0
92485,0.0,0.0,0.0,0.0,0.0,2.0,0.0
92985,0.0,0.0,0.0,0.0,0.0,0.0,0.0
93438,0.0,0.0,0.0,0.0,1.0,1.0,0.0
93444,0.0,0.0,0.0,0.0,2.0,2.0,0.0
93944,0.0,0.0,0.0,0.0,0.0,0.0,0.0
94048,0.0,0.0,0.0,0.0,1.0,0.0,0.0
94548,0.0,0.0,0.0,0.0,0.0,0.0,0.0
95805,0.0,0.0,0.0,0.0,0.0,1.0,0.0
96043,0.0,0.0,0.0,0.0,0.0,2.0,0.0
96543,0.0,0.0,0.0,0.0,0.0,0.0,0.0
97020,0.0,0.0,0.0,0.0,0.0,1.0,0.0
97520,0.0,0.0,0.0,0.0,0.0,0.0,0.0
98619,0.0,0.0,0.0,0.0,0.0,1.0,0.0
98784,0.0,0.0,0.0,0.0,0.0,2.0,0.0
99284,0.0,0.0,0.0,0.0,0.0,0.0,0.0
101853,0.0,0.0,0.0,0.0,0.0,1.0,0.0
102353,0.0,0.0,0.0,0.0,0.0,0.0,0.0
103003,0.0,0.0,0.0,0.0,1.0,1.0,0.0
103503,0.0,0.0,0.0,0.0,0.0,0.0,0.0
103774,0.0,0.0,0.0,0.0,0.0,1.0,0.0
104274,0.0,0.0,0.0,0.0,0.0,0.0,0.0
108299,0.0,0.0,0.0,0.0,0.0,1.0,0.0
108799,0.0,0.0,0.0,0.0,0.0,0.0,0.0
110615,0.0,0.0,0.0,0.0,0.0,1.0,0.0
111115,0.0,0.0,0.0,0.0,0.0,0.0,0.0
111942,0.0,0.0,0.0,0.0,0.0,1.0,0.0
112442,0.0,0.0,0.0,0.0,0.0,0.0,0.0
119062,0.0,0.0,0.0,0.0,0.0,1.0,0.0
119562,0.0,0.0,0.0,0.0,0.0,0.0,0.0
120280,0.0,0.0,0.0,0.0,0.0,1.0,0.0
120780,0.0,0.0,0.0,0.0,0.0,0.0,0.0
121075,0.0,0.0,0.0,0.0,0.0,1.0,0.0
121575,0.0,0.0,0.0,0.0,0.0,0.0,0.0
122839,0.0,0.0,0.0,0.0,0.0,1.0,0.0
122970,0.0,0.0,0.0,0.0,1.0,1.0,0.0
123339,0.0,0.0,0.0,0.0,1.0,0.0,0.0
123450,0.0,0.0,0.0,0.0,1.0,1.0,0.0
123470,0.0,0.0,0.0,0.0,0.0,1.0,0.0
123950,0.0,0.0,0.0,0.0,0.0,0.0,0.0
124686,0.0,0.0,0.0,0.0,0.0,1.0,0.0
125137,0.0,0.0,0.0,0.0,0.0,2.0,0.0
125637,0.0,0.0,0.0,0.0,0.0,0.0,0.0
126884,0.0,0.0,0.0,0.0,0.0,1.0,0.0
127384,0.0,0.0,0.0,0.0,0.0,0.0,0.0
127817,0.0,0.0,0.0,0.0,0.0,1.0,0.0
128317,0.0,0.0,0.0,0.0,0.0,0.0,0.0
129633,0.0,0.0,0.0,0.0,0.0,1.0,0.0
130133,0.0,0.0,0.0,0.0,0.0,0.0,0.0
132585,0.0,0.0,0.0,0.0,0.0,1.0,0.0
133085,0.0,0.0,0.0,0.0,0.0,0.0,0.0
135660,0.0,0.0,0.0,0.0,0.0,1.0,0.0
136160,0.0,0.0,0.0,0.0,0.0,0.0,0.0
137491,0.0,0.0,0.0,0.0,0.0,1.0,0.0
137518,0.0,0.0,0.0,0.0,0.0,2.0,0.0
138018,0.0,0.0,0.0,0.0,0.0,0.0,0.0
141694,0.0,0.0,0.0,0.0,0.0,1.0,0.0
142194,0.0,0.0,0.0,0.0,0.0,0.0,0.0
144170,0.0,0.0,0.0,0.0,0.0,1.0,0.0
144670,0.0,0.0,0.0,0.0,0.0,0.0,0.0
145321,0.0,0.0,0.0,0.0,0.0,1.0,0.0
145821,0.0,0.0,0.0,0.0,0.0,0.0,0.0
147225,0.0,0.0,0.0,0.0,0.0,1.0,0.0
147725,0.0,0.0,0.0,0.0,0.0,0.0,0.0
147788,0.0,0.0,0.0,0.0,0.0,1.0,0.0
148288,0.0,0.0,0.0,0.0,0.0,0.0,0.0
151815,0.0,0.0,0.0,0.0,0.0,1.0,0.0
152315,0.0,0.0,0.0,0.0,0.0,0.0,0.0
154956,0.0,0.0,0.0,0.0,0.0,1.0,0.0
155456,0.0,0.0,0.0,0.0,0.0,0.0,0.0
157256,0.0,0.0,0.0,0.0,0.0,1.0,0.0
157756,0.0,0.0,0.0,0.0,0.0,0.0,0.0
157868,0.0,0.0,0.0,0.0,0.0,1.0,0.0
157875,0.0,0.0,0.0,0.0,0.0,2.0,0.0
158375,0.0,0.0,0.0,0.0,0.0,0.0,0.0
160917,0.0,0.0,0.0,0.0,0.0,1.0,0.0
160918,0.0,0.0,0.0,0.0,0.0,2.0,0.0
161418,0.0,0.0,0.0,0.0,0.0,0.0,0.0
161822,0.0,0.0,0.0,0.0,0.0,1.0,0.0
162322,0.0,0.0,0.0,0.0,0.0,0.0,0.0
163357,0.0,0.0,0.0,0.0,0.0,1.0,0.0
163857,0.0,0.0,0.0,0.0,0.0,0.0,0.0
164404,0.0,0.0,0.0,0.0,0.0,1.0,0.0
164904,0.0,0.0,0.0,0.0,0.0,0.0,0.0
166851,0.0,0.0,0.0,0.0,0.0,1.0,0.0
167351,0.0,0.0,0.0,0.0,0.0,0.0,0.0
167377,0.0,0.0,0.0,0.0,0.0,1.0,0.0
167877,0.0,0.0,0.0,0.0,0.0,0.0,0.0
168288,0.0,0.0,0.0,0.0,0.0,1.0,0.0
168788,0.0,0.0,0.0,0.0,0.0,0.0,0.0
169258,0.0,0.0,0.0,0.0,0.0,1.0,0.0
169262,0.0,0.0,0.0,0.0,0.0,2.0,0.0
169762,0.0,0.0,0.0,0.0,0.0,0.0,0.0
172948,0.0,0.0,0.0,0.0,0.0,1.0,0.0
173448,0.0,0.0,0.0,0.0,0.0,0.0,0.0
178461,0.0,0.0,0.0,0.0,0.0,1.0,0.0
178961,0.0,0.0,0.0,0.0,0.0,0.0,0.0
181708,0.0,0.0,0.0,0.0,0.0,1.0,0.0
182208,0.0,0.0,0.0,0.0,0.0,0.0,0.0
182323,0.0,0.0,0.0,0.0,0.0,1.0,0.0
182823,0.0,0.0,0.0,0.0,0.0,0.0,0.0
183182,0.0,0.0,0.0,0.0,0.0,1.0,0.0
183682,0.0,0.0,0.0,0.0,0.0,0.0,0.0
184298,0.0,0.0,0.0,0.0,0.0,1.0,0.0
184798,0.0,0.0,0.0,0.0,0.0,0.0,0.0
186679,0.0,0.0,0.0,0.0,0.0,1.0,0.0
187179,0.0,0.0,0.0,0.0,0.0,0.0,0.0
187724,0.0,0.0,0.0,0.0,0.0,1.0,0.0
188224,0.0,0.0,0.0,0.0,0.0,0.0,0.0
188675,0.0,0.0,0.0,0.0,0.0,1.0,0.0
189175,0.0,0.0,0.0,0.0,0.0,0.0,0.0
192782,0.0,0.0,0.0,0.0,0.0,1.0,0.0
193282,0.0,0.0,0.0,0.0,0.0,0.0,0.0
193559,0.0,0.0,0.0,0.0,0.0,1.0,0.0
193563,0.0,0.0,0.0,0.0,0.0,2.0,0.0
194063,0.0,0.0,0.0,0.0,0.0,0.0,0.0
197809,0.0,0.0,0.0,0.0,0.0,1.0,0.0
198309,0.0,0.0,0.0,0.0,0.0,0.0,0.0
200100,0.0,0.0,0.0,0.0,0.0,0.0,1.0
200600,0.0,0.0,0.0,0.0,0.0,0.0,0.0
201485,0.0,0.0,0.0,0.0,0.0,1.0,0.0
201675,0.0,2.0,0.0,0.0,0.0,1.0,0.0
201823,2.0,2.0,0.0,0.0,0.0,1.0,0.0
201854,2.0,2.0,0.0,0.0,0.0,2.0,0.0
202175,2.0,0.0,0.0,0.0,0.0,2.0,0.0
202323,0.0,0.0,0.0,0.0,0.0,2.0,0.0
202354,0.0,0.0,0.0,0.0,0.0,0.0,0.0
202527,2.0,0.0,0.0,0.0,0.0,0.0,0.0
202706,2.0,0.0,0.0,0.0,0.0,1.0,0.0
202714,2.0,0.0,0.0,0.0,0.0,2.0,0.0
203027,0.0,0.0,0.0,0.0,0.0,2.0,0.0
203214,0.0,0.0,0.0,0.0,0.0,0.0,0.0
203294,0.0,0.0,0.0,0.0,0.0,1.0,0.0
203794,0.0,0.0,0.0,0.0,0.0,0.0,0.0
204246,0.0,0.0,0.0,0.0,1.0,0.0,0.0
204248,0.0,0.0,0.0,0.0,1.0,1.0,0.0
204275,0.0,0.0,0.0,0.0,1.0,2.0,0.0
204775,0.0,0.0,0.0,0.0,1.0,0.0,0.0
204804,0.0,0.0,0.0,0.0,1.0,1.0,0.0
204852,0.0,0.0,0.0,0.0,2.0,1.0,0.0
205304,0.0,0.0,0.0,0.0,2.0,0.0,0.0
205352,0.0,0.0,0.0,0.0,0.0,0.0,0.0
205733,0.0,0.0,0.0,0.0,0.0,1.0,0.0
206233,0.0,0.0,0.0,0.0,0.0,0.0,0.0
206366,0.0,0.0,0.0,0.0,0.0,1.0,0.0
206495,2.0,0.0,0.0,0.0,0.0,1.0,0.0
206866,2.0,0.0,0.0,0.0,0.0,0.0,0.0
206995,0.0,0.0,0.0,0.0,0.0,0.0,0.0
207053,0.0,0.0,0.0,0.0,0.0,1.0,0.0
207553,0.0,0.0,0.0,0.0,0.0,0.0,0.0
207915,0.0,0.0,0.0,0.0,0.0,1.0,0.0
208415,0.0,0.0,0.0,0.0,0.0,0.0,0.0
208868,0.0,0.0,0.0,0.0,0.0,1.0,0.0
208872,0.0,0.0,0.0,0.0,0.0,2.0,0.0
209372,0.0,0.0,0.0,0.0,0.0,0.0,0.0
209869,0.0,0.0,0.0,0.0,0.0,1.0,0.0
210369,0.0,0.0,0.0,0.0,0.0,0.0,0.0
210994,0.0,0.0,0.0,0.0,0.0,1.0,0.0
211494,0.0,0.0,0.0,0.0,0.0,0.0,0.0
212724,0.0,0.0,0.0,0.0,0.0,1.0,0.0
212728,0.0,0.0,0.0,0.0,0.0,2.0,0.0
213228,0.0,0.0,0.0,0.0,0.0,0.0,0.0
213861,0.0,0.0,0.0,0.0,0.0,1.0,0.0
214142,0.0,0.0,0.0,0.0,0.0,2.0,0.0
214642,0.0,0.0,0.0,0.0,0.0,0.0,0.0
217602,0.0,0.0,0.0,0.0,0.0,1.0,0.0
218102,0.0,0.0,0.0,0.0,0.0,0.0,0.0
218466,0.0,0.0,0.0,0.0,0.0,1.0,0.0
218966,0.0,0.0,0.0,0.0,0.0,0.0,0.0
219576,0.0,0.0,0.0,0.0,0.0,1.0,0.0
219577,0.0,0.0,0.0,0.0,1.0,1.0,0.0
219582,0.0,0.0,0.0,0.0,2.0,2.0,0.0
220082,0.0,0.0,0.0,0.0,0.0,0.0,0.0
221784,0.0,0.0,0.0,0.0,0.0,1.0,0.0
222284,0.0,0.0,0.0,0.0,0.0,0.0,0.0
222616,0.0,0.0,0.0,0.0,0.0,1.0,0.0
223116,0.0,0.0,0.0,0.0,0.0,0.0,0.0
223792,0.0,0.0,0.0,0.0,0.0,1.0,0.0
224292,0.0,0.0,0.0,0.0,0.0,0.0,0.0
224951,0.0,0.0,0.0,0.0,0.0,1.0,0.0
224956,0.0,0.0,0.0,0.0,0.0,2.0,0.0
225456,0.0,0.0,0.0,0.0,0.0,0.0,0.0
225476,0.0,0.0,0.0,0.0,1.0,0.0,0.0
225976,0.0,0.0,0.0,0.0,0.0,0.0,0.0
226604,0.0,0.0,0.0,0.0,0.0,1.0,0.0
227104,0.0,0.0,0.0,0.0,0.0,0.0,0.0
227612,0.0,0.0,0.0,0.0,0.0,1.0,0.0
228112,0.0,0.0,0.0,0.0,0.0,0.0,0.0
229029,0.0,0.0,0.0,0.0,0.0,1.0,0.0
229366,0.0,0.0,0.0,0.0,1.0,1.0,0.0
229529,0.0,0.0,0.0,0.0,1.0,0.0,0.0
229866,0.0,0.0,0.0,0.0,0.0,0.0,0.0
230564,0.0,0.0,0.0,0.0,0.0,1.0,0.0
231064,0.0,0.0,0.0,0.0,0.0,0.0,0.0
233116,0.0,0.0,0.0,0.0,0.0,1.0,0.0
233616,0.0,0.0,0.0,0.0,0.0,0.0,0.0
234692,0.0,0.0,0.0,0.0,0.0,1.0,0.0
235192,0.0,0.0,0.0,0.0,0.0,0.0,0.0
235243,0.0,0.0,0.0,0.0,0.0,1.0,0.0
235743,0.0,0.0,0.0,0.0,0.0,0.0,0.0
236570,0.0,0.0,0.0,0.0,0.0,1.0,0.0
236878,0.0,0.0,0.0,0.0,0.0,2.0,0.0
237378,0.0,0.0,0.0,0.0,0.0,0.0,0.0
237693,0.0,0.0,0.0,0.0,0.0,1.0,0.0
238193,0.0,0.0,0.0,0.0,0.0,0.0,0.0
238489,0.0,0.0,0.0,0.0,0.0,1.0,0.0
238989,0.0,0.0,0.0,0.0,0.0,0.0,0.0
240399,0.0,0.0,0.0,0.0,0.0,1.0,0.0
240480,0.0,0.0,0.0,0.0,0.0,2.0,0.0
240980,0.0,0.0,0.0,0.0,0.0,0.0,0.0
241231,0.0,2.0,0.0,0.0,0.0,0.0,0.0
241376,0.0,2.0,0.0,0.0,1.0,0.0,0.0
241731,0.0,0.0,0.0,0.0,1.0,0.0,0.0
241876,0.0,0.0,0.0,0.0,0.0,0.0,0.0
242943,0.0,0.0,0.0,0.0,0.0,1.0,0.0
243443,0.0,0.0,0.0,0.0,0.0,0.0,0.0
243944,0.0,0.0,0.0,0.0,0.0,1.0,0.0
244444,0.0,0.0,0.0,0.0,0.0,0.0,0.0
244509,0.0,0.0,0.0,0.0,0.0,1.0,0.0
245009,0.0,0.0,0.0,0.0,0.0,0.0,0.0
245543,0.0,0.0,0.0,0.0,0.0,1.0,0.0
245971,0.0,0.0,0.0,0.0,0.0,2.0,0.0
246471,0.0,0.0,0.0,0.0,0.0,0.0,0.0
247914,0.0,0.0,0.0,0.0,0.0,1.0,0.0
247918,0.0,0.0,0.0,0.0,0.0,2.0,0.0
248418,0.0,0.0,0.0,0.0,0.0,0.0,0.0
249907,0.0,0.0,0.0,0.0,0.0,1.0,0.0
250407,0.0,0.0,0.0,0.0,0.0,0.0,0.0
251097,0.0,0.0,0.0,0.0,0.0,1.0,0.0
251597,0.0,0.0,0.0,0.0,0.0,0.0,0.0
252799,0.0,0.0,0.0,0.0,0.0,1.0,0.0
253299,0.0,0.0,0.0,0.0,0.0,0.0,0.0
255679,0.0,0.0,0.0,0.0,0.0,1.0,0.0
256179,0.0,0.0,0.0,0.0,0.0,0.0,0.0
256509,0.0,0.0,0.0,0.0,0.0,1.0,0.0
256977,0.0,0.0,0.0,0.0,0.0,2.0,0.0
257477,0.0,0.0,0.0,0.0,0.0,0.0,0.0
259649,0.0,0.0,0.0,0.0,0.0,1.0,0.0
260149,0.0,0.0,0.0,0.0,0.0,0.0,0.0
261695,0.0,0.0,0.0,0.0,0.0,1.0,0.0
261846,0.0,0.0,0.0,0.0,0.0,2.0,0.0
262346,0.0,0.0,0.0,0.0,0.0,0.0,0.0
264377,0.0,0.0,0.0,0.0,0.0,1.0,0.0
264877,0.0,0.0,0.0,0.0,0.0,0.0,0.0
264965,0.0,0.0,0.0,0.0,1.0,0.0,0.0
265465,0.0,0.0,0.0,0.0,0.0,0.0,0.0
266233,0.0,0.0,0.0,0.0,0.0,1.0,0.0
266733,0.0,0.0,0.0,0.0,0.0,0.0,0.0
266956,0.0,0.0,0.0,0.0,0.0,1.0,0.0
267456,0.0,0.0,0.0,0.0,0.0,0.0,0.0
268152,0.0,0.0,0.0,0.0,0.0,1.0,0.0
268652,0.0,0.0,0.0,0.0,0.0,0.0,0.0
268958,0.0,0.0,0.0,0.0,0.0,1.0,0.0
268960,0.0,0.0,0.0,0.0,0.0,2.0,0.0
269460,0.0,0.0,0.0,0.0,0.0,0.0,0.0
269575,0.0,0.0,0.0,0.0,0.0,1.0,0.0
269597,0.0,0.0,0.0,0.0,0.0,2.0,0.0
270097,0.0,0.0,0.0,0.0,0.0,0.0,0.0
273972,0.0,0.0,0.0,0.0,0.0,1.0,0.0
274472,0.0,0.0,0.0,0.0,0.0,0.0,0.0
276404,0.0,0.0,0.0,0.0,0.0,1.0,0.0
276904,0.0,0.0,0.0,0.0,0.0,0.0,0.0
277317,0.0,0.0,0.0,0.0,0.0,1.0,0.0
277817,0.0,0.0,0.0,0.0,0.0,0.0,0.0
280283,0.0,0.0,0.0,0.0,0.0,1.0,0.0
280783,0.0,0.0,0.0,0.0,0.0,0.0,0.0
281557,0.0,0.0,0.0,0.0,0.0,1.0,0.0
281559,0.0,0.0,0.0,0.0,0.0,2.0,0.0
282059,0.0,0.0,0.0,0.0,0.0,0.0,0.0
282324,0.0,0.0,0.0,0.0,0.0,1.0,0.0
282824,0.0,0.0,0.0,0.0,0.0,0.0,0.0
283680,0.0,0.0,0.0,0.0,0.0,1.0,0.0
284180,0.0,0.0,0.0,0.0,0.0,0.0,0.0
284304,0.0,0.0,0.0,0.0,0.0,1.0,0.0
284305,0.0,0.0,0.0,0.0,0.0,2.0,0.0
284805,0.0,0.0,0.0,0.0,0.0,0.0,0.0
285342,0.0,0.0,0.0,0.0,0.0,1.0,0.0
285705,0.0,0.0,0.0,0.0,0.0,2.0,0.0
286205,0.0,0.0,0.0,0.0,0.0,0.0,0.0
289325,0.0,0.0,0.0,0.0,0.0,1.0,0.0
289825,0.0,0.0,0.0,0.0,0.0,0.0,0.0
290638,0.0,0.0,0.0,0.0,0.0,1.0,0.0
290655,0.0,0.0,0.0,0.0,0.0,2.0,0.0
291155,0.0,0.0,0.0,0.0,0.0,0.0,0.0
291298,0.0,0.0,0.0,0.0,0.0,1.0,0.0
291798,0.0,0.0,0.0,0.0,0.0,0.0,0.0
291928,0.0,0.0,0.0,0.0,0.0,1.0,0.0
292428,0.0,0.0,0.0,0.0,0.0,0.0,0.0
293239,0.0,0.0,0.0,0.0,0.0,1.0,0.0
293739,0.0,0.0,0.0,0.0,0.0,0.0,0.0
293818,0.0,0.0,0.0,0.0,0.0,1.0,0.0
294318,0.0,0.0,0.0,0.0,0.0,0.0,0.0
294396,0.0,0.0,0.0,0.0,0.0,1.0,0.0
294896,0.0,0.0,0.0,0.0,0.0,0.0,0.0
295336,0.0,0.0,0.0,0.0,0.0,1.0,0.0
295836,0.0,0.0,0.0,0.0,0.0,0.0,0.0
296737,0.0,0.0,0.0,0.0,0.0,1.0,0.0
296739,0.0,0.0,0.0,0.0,0.0,2.0,0.0
297239,0.0,0.0,0.0,0.0,0.0,0.0,0.0
298565,0.0,0.0,0.0,0.0,0.0,1.0,0.0
299065,0.0,0.0,0.0,0.0,0.0,0.0,0.0
299740,0.0,0.0,0.0,0.0,0.0,1.0,0.0
300036,0.0,0.0,0.0,0.0,0.0,2.0,0.0
300536,0.0,0.0,0.0,0.0,0.0,0.0,0.0
302104,0.0,0.0,0.0,0.0,0.0,1.0,0.0
302604,0.0,0.0,0.0,0.0,0.0,0.0,0.0
304528,0.0,0.0,0.0,0.0,0.0,1.0,0.0
305028,0.0,0.0,0.0,0.0,0.0,0.0,0.0
307256,0.0,0.0,0.0,0.0,0.0,1.0,0.0
307267,0.0,0.0,0.0,0.0,0.0,2.0,0.0
307767,0.0,0.0,0.0,0.0,0.0,0.0,0.0
310353,0.0,0.0,0.0,0.0,0.0,1.0,0.0
310362,0.0,0.0,0.0,0.0,0.0,2.0,0.0
310364,0.0,0.0,0.0,0.0,1.0,2.0,0.0
310862,0.0,0.0,0.0,0.0,1.0,0.0,0.0
310864,0.0,0.0,0.0,0.0,0.0,0.0,0.0
312248,0.0,0.0,0.0,0.0,0.0,1.0,0.0
312748,0.0,0.0,0.0,0.0,0.0,0.0,0.0
313497,0.0,0.0,0.0,0.0,0.0,1.0,0.0
313528,0.0,0.0,0.0,0.0,0.0,2.0,0.0
314028,0.0,0.0,0.0,0.0,0.0,0.0,0.0
323738,0.0,0.0,0.0,0.0,0.0,1.0,0.0
323747,0.0,0.0,0.0,0.0,0.0,2.0,0.0
324247,0.0,0.0,0.0,0.0,0.0,0.0,0.0
324413,0.0,0.0,0.0,0.0,0.0,1.0,0.0
324913,0.0,0.0,0.0,0.0,0.0,0.0,0.0
325958,0.0,0.0,0.0,0.0,0.0,1.0,0.0
326458,0.0,0.0,0.0,0.0,0.0,0.0,0.0
328948,0.0,0.0,0.0,0.0,0.0,1.0,0.0
329448,0.0,0.0,0.0,0.0,0.0,0.0,0.0
329644,0.0,0.0,0.0,0.0,0.0,1.0,0.0
330144,0.0,0.0,0.0,0.0,0.0,0.0,0.0
331387,0.0,0.0,0.0,0.0,0.0,1.0,0.0
331887,0.0,0.0,0.0,0.0,0.0,0.0,0.0
332028,0.0,0.0,0.0,0.0,0.0,1.0,0.0
332528,0.0,0.0,0.0,0.0,0.0,0.0,0.0
338034,0.0,0.0,0.0,0.0,0.0,1.0,0.0
338534,0.0,0.0,0.0,0.0,0.0,0.0,0.0
340513,0.0,0.0,0.0,0.0,0.0,1.0,0.0
341013,0.0,0.0,0.0,0.0,0.0,0.0,0.0
341985,0.0,0.0,0.0,0.0,0.0,1.0,0.0
342485,0.0,0.0,0.0,0.0,0.0,0.0,0.0
344402,0.0,0.0,0.0,0.0,0.0,1.0,0.0
344902,0.0,0.0,0.0,0.0,0.0,0.0,0.0
345472,0.0,0.0,0.0,0.0,0.0,1.0,0.0
345972,0.0,0.0,0.0,0.0,0.0,0.0,0.0
346377,0.0,0.0,0.0,0.0,0.0,1.0,0.0
346877,0.0,0.0,0.0,0.0,0.0,0.0,0.0
348207,0.0,0.0,0.0,0.0,0.0,1.0,0.0
348707,0.0,0.0,0.0,0.0,0.0,0.0,0.0
350947,0.0,0.0,0.0,0.0,0.0,1.0,0.0
351447,0.0,0.0,0.0,0.0,0.0,0.0,0.0
355630,0.0,0.0,0.0,0.0,0.0,1.0,0.0
356130,0.0,0.0,0.0,0.0,0.0,0.0,0.0
357250,0.0,0.0,0.0,0.0,0.0,1.0,0.0
357750,0.0,0.0,0.0,0.0,0.0,0.0,0.0
359478,0.0,0.0,0.0,0.0,0.0,1.0,0.0
359480,0.0,0.0,0.0,0.0,0.0,2.0,0.0
359980,0.0,0.0,0.0,0.0,0.0,0.0,0.0
361811,0.0,0.0,0.0,0.0,0.0,1.0,0.0
362311,0.0,0.0,0.0,0.0,0.0,0.0,0.0
362666,0.0,0.0,0.0,0.0,0.0,1.0,0.0
363166,0.0,0.0,0.0,0.0,0.0,0.0,0.0
365198,0.0,0.0,0.0,0.0,0.0,1.0,0.0
365210,0.0,0.0,0.0,0.0,0.0,2.0,0.0
365710,0.0,0.0,0.0,0.0,0.0,0.0,0.0
366881,0.0,0.0,0.0,0.0,0.0,1.0,0.0
367381,0.0,0.0,0.0,0.0,0.0,0.0,0.0
368000,0.0,0.0,0.0,0.0,0.0,1.0,0.0
368500,0.0,0.0,0.0,0.0,0.0,0.0,0.0
369772,0.0,0.0,0.0,0.0,0.0,1.0,0.0
370272,0.0,0.0,0.0,0.0,0.0,0.0,0.0
371561,0.0,0.0,0.0,0.0,0.0,1.0,0.0
372061,0.0,0.0,0.0,0.0,0.0,0.0,0.0
372625,0.0,0.0,0.0,0.0,0.0,1.0,0.0
373125,0.0,0.0,0.0,0.0,0.0,0.0,0.0
375337,0.0,0.0,0.0,0.0,0.0,1.0,0.0
375837,0.0,0.0,0.0,0.0,0.0,0.0,0.0
376285,0.0,0.0,0.0,0.0,0.0,1.0,0.0
376785,0.0,0.0,0.0,0.0,0.0,0.0,0.0
378749,0.0,0.0,0.0,0.0,0.0,1.0,0.0
379249,0.0,0.0,0.0,0.0,0.0,0.0,0.0
380091,0.0,0.0,0.0,0.0,0.0,1.0,0.0
380591,0.0,0.0,0.0,0.0,0.0,0.0,0.0
380766,0.0,0.0,0.0,0.0,0.0,1.0,0.0
381266,0.0,0.0,0.0,0.0,0.0,0.0,0.0
382139,0.0,0.0,0.0,0.0,0.0,1.0,0.0
382639,0.0,0.0,0.0,0.0,0.0,0.0,0.0
384068,0.0,0.0,0.0,0.0,0.0,1.0,0.0
384568,0.0,0.0,0.0,0.0,0.0,0.0,0.0
385324,0.0,0.0,0.0,0.0,0.0,1.0,0.0
385824,0.0,0.0,0.0,0.0,0.0,0.0,0.0
386034,0.0,0.0,0.0,0.0,0.0,1.0,0.0
386534,0.0,0.0,0.0,0.0,0.0,0.0,0.0
386749,0.0,0.0,0.0,0.0,0.0,1.0,0.0
387249,0.0,0.0,0.0,0.0,0.0,0.0,0.0
389224,0.0,0.0,0.0,0.0,0.0,1.0,0.0
389634,0.0,0.0,0.0,0.0,0.0,2.0,0.0
390134,0.0,0.0,0.0,0.0,0.0,0.0,0.0
391101,0.0,0.0,0.0,0.0,0.0,1.0,0.0
391105,0.0,0.0,0.0,0.0,0.0,2.0,0.0
391605,0.0,0.0,0.0,0.0,0.0,0.0,0.0
394423,0.0,0.0,0.0,0.0,0.0,1.0,0.0
394923,0.0,0.0,0.0,0.0,0.0,0.0,0.0
397729,0.0,0.0,0.0,0.0,0.0,1.0,0.0
398229,0.0,0.0,0.0,0.0,0.0,0.0,0.0
398554,0.0,0.0,0.0,0.0,0.0,1.0,0.0
399054,0.0,0.0,0.0,0.0,0.0,0.0,0.0
400300,0.0,0.0,0.0,0.0,0.0,0.0,1.0
400613,0.0,0.0,0.0,0.0,0.0,1.0,1.0
400800,0.0,0.0,0.0,0.0,0.0,1.0,0.0
401113,0.0,0.0,0.0,0.0,0.0,0.0,0.0
401155,0.0,0.0,0.0,0.0,0.0,1.0,0.0
401655,0.0,0.0,0.0,0.0,0.0,0.0,0.0
401788,0.0,0.0,0.0,0.0,0.0,1.0,0.0
401831,0.0,0.0,0.0,0.0,0.0,2.0,0.0
402119,0.0,2.0,0.0,0.0,0.0,2.0,0.0
402143,2.0,2.0,0.0,0.0,0.0,2.0,0.0
402331,2.0,2.0,0.0,0.0,0.0,0.0,0.0
402619,2.0,0.0,0.0,0.0,0.0,0.0,0.0
402643,0.0,0.0,0.0,0.0,0.0,0.0,0.0
402751,2.0,0.0,0.0,0.0,0.0,0.0,0.0
403251,0.0,0.0,0.0,0.0,0.0,0.0,0.0
404159,2.0,0.0,0.0,0.0,0.0,0.0,0.0
404298,2.0,0.0,0.0,0.0,0.0,1.0,0.0
404659,0.0,0.0,0.0,0.0,0.0,1.0,0.0
404798,0.0,0.0,0.0,0.0,0.0,0.0,0.0
405022,0.0,0.0,0.0,0.0,0.0,1.0,0.0
405340,0.0,0.0,0.0,0.0,1.0,1.0,0.0
405522,0.0,0.0,0.0,0.0,1.0,0.0,0.0
406333,0.0,0.0,0.0,0.0,2.0,0.0,0.0
406683,0.0,0.0,0.0,0.0,2.0,1.0,0.0
406833,0.0,0.0,0.0,0.0,0.0,1.0,0.0
407002,0.0,0.0,0.0,0.0,0.0,2.0,0.0
407502,0.0,0.0,0.0,0.0,0.0,0.0,0.0
408163,0.0,0.0,0.0,0.0,0.0,1.0,0.0
408663,0.0,0.0,0.0,0.0,0.0,0.0,0.0
410879,2.0,0.0,0.0,0.0,0.0,0.0,0.0
411379,0.0,0.0,0.0,0.0,0.0,0.0,0.0
411570,0.0,0.0,0.0,0.0,0.0,1.0,0.0
412070,0.0,0.0,0.0,0.0,0.0,0.0,0.0
412171,0.0,0.0,0.0,0.0,0.0,1.0,0.0
412671,0.0,0.0,0.0,0.0,0.0,0.0,0.0
414752,0.0,0.0,0.0,0.0,0.0,1.0,0.0
415122,0.0,0.0,0.0,0.0,0.0,2.0,0.0
415622,0.0,0.0,0.0,0.0,0.0,0.0,0.0
417047,0.0,0.0,0.0,0.0,0.0,1.0,0.0
417335,0.0,2.0,0.0,0.0,0.0,2.0,0.0
417835,0.0,0.0,0.0,0.0,0.0,0.0,0.0
419393,0.0,0.0,0.0,0.0,0.0,1.0,0.0
419893,0.0,0.0,0.0,0.0,0.0,0.0,0.0
420093,0.0,0.0,0.0,0.0,0.0,1.0,0.0
420593,0.0,0.0,0.0,0.0,0.0,0.0,0.0
420629,0.0,0.0,0.0,0.0,0.0,1.0,0.0
420640,0.0,0.0,0.0,0.0,0.0,2.0,0.0
421140,0.0,0.0,0.0,0.0,0.0,0.0,0.0
421816,0.0,0.0,0.0,0.0,0.0,1.0,0.0
422316,0.0,0.0,0.0,0.0,0.0,0.0,0.0
422512,0.0,0.0,0.0,0.0,0.0,1.0,0.0
423012,0.0,0.0,0.0,0.0,0.0,0.0,0.0
423466,0.0,0.0,0.0,0.0,0.0,1.0,0.0
423966,0.0,0.0,0.0,0.0,0.0,0.0,0.0
424163,0.0,0.0,0.0,0.0,0.0,1.0,0.0
424663,0.0,0.0,0.0,0.0,0.0,0.0,0.0
425375,0.0,0.0,0.0,0.0,0.0,1.0,0.0
425875,0.0,0.0,0.0,0.0,0.0,0.0,0.0
425924,0.0,0.0,0.0,0.0,0.0,1.0,0.0
426424,0.0,0.0,0.0,0.0,0.0,0.0,0.0
426722,0.0,0.0,0.0,0.0,0.0,1.0,0.0
427222,0.0,0.0,0.0,0.0,0.0,0.0,0.0
427389,0.0,0.0,0.0,0.0,0.0,1.0,0.0
427850,0.0,0.0,0.0,0.0,0.0,2.0,0.0
428350,0.0,0.0,0.0,0.0,0.0,0.0,0.0
428674,0.0,0.0,0.0,0.0,0.0,1.0,0.0
428680,0.0,0.0,0.0,0.0,0.0,2.0,0.0
429180,0.0,0.0,0.0,0.0,0.0,0.0,0.0
429234,0.0,0.0,0.0,0.0,0.0,1.0,0.0
429238,0.0,0.0,0.0,0.0,0.0,2.0,0.0
429738,0.0,0.0,0.0,0.0,0.0,0.0,0.0
432435,0.0,0.0,0.0,0.0,0.0,1.0,0.0
432935,0.0,0.0,0.0,0.0,0.0,0.0,0.0
437194,0.0,0.0,0.0,0.0,0.0,1.0,0.0
437196,0.0,0.0,0.0,0.0,0.0,2.0,0.0
437696,0.0,0.0,0.0,0.0,0.0,0.0,0.0
439211,0.0,0.0,0.0,0.0,0.0,1.0,0.0
439222,0.0,0.0,0.0,0.0,0.0,2.0,0.0
439722,0.0,0.0,0.0,0.0,0.0,0.0,0.0
440270,0.0,0.0,0.0,0.0,0.0,1.0,0.0
440770,0.0,0.0,0.0,0.0,0.0,0.0,0.0
442001,0.0,0.0,0.0,0.0,0.0,1.0,0.0
442501,0.0,0.0,0.0,0.0,0.0,0.0,0.0
443307,0.0,0.0,0.0,0.0,0.0,1.0,0.0
443807,0.0,0.0,0.0,0.0,0.0,0.0,0.0
443835,0.0,0.0,0.0,0.0,0.0,1.0,0.0
444335,0.0,0.0,0.0,0.0,0.0,0.0,0.0
444964,0.0,0.0,0.0,0.0,0.0,1.0,0.0
445464,0.0,0.0,0.0,0.0,0.0,0.0,0.0
446845,0.0,0.0,0.0,0.0,0.0,1.0,0.0
447345,0.0,0.0,0.0,0.0,0.0,0.0,0.0
448154,0.0,0.0,0.0,0.0,0.0,1.0,0.0
448654,0.0,0.0,0.0,0.0,0.0,0.0,0.0
449149,0.0,0.0,0.0,0.0,0.0,1.0,0.0
449649,0.0,0.0,0.0,0.0,0.0,0.0,0.0
450500,0.0,0.0,0.0,0.0,0.0,1.0,0.0
451000,0.0,0.0,0.0,0.0,0.0,0.0,0.0
451315,0.0,0.0,0.0,0.0,0.0,1.0,0.0
451324,0.0,0.0,0.0,0.0,0.0,2.0,0.0
451824,0.0,0.0,0.0,0.0,0.0,0.0,0.0
452532,0.0,0.0,0.0,0.0,0.0,1.0,0.0
453032,0.0,0.0,0.0,0.0,0.0,0.0,0.0
453201,0.0,0.0,0.0,0.0,0.0,1.0,0.0
453701,0.0,0.0,0.0,0.0,0.0,0.0,0.0
454568,0.0,0.0,0.0,0.0,0.0,1.0,0.0
455068,0.0,0.0,0.0,0.0,0.0,0.0,0.0
455254,0.0,0.0,0.0,0.0,0.0,1.0,0.0
455754,0.0,0.0,0.0,0.0,0.0,0.0,0.0
456413,0.0,0.0,0.0,0.0,0.0,1.0,0.0
456913,0.0,0.0,0.0,0.0,0.0,0.0,0.0
457198,0.0,0.0,0.0,0.0,0.0,1.0,0.0
457698,0.0,0.0,0.0,0.0,0.0,0.0,0.0
458319,0.0,0.0,0.0,0.0,0.0,1.0,0.0
458392,0.0,0.0,0.0,0.0,0.0,2.0,0.0
458892,0.0,0.0,0.0,0.0,0.0,0.0,0.0
460254,0.0,0.0,0.0,0.0,0.0,1.0,0.0
460264,0.0,0.0,0.0,0.0,0.0,2.0,0.0
460719,0.0,2.0,0.0,0.0,0.0,2.0,0.0
460764,0.0,2.0,0.0,0.0,0.0,0.0,0.0
461219,0.0,0.0,0.0,0.0,0.0,0.0,0.0
461820,0.0,0.0,0.0,0.0,0.0,1.0,0.0
462320,0.0,0.0,0.0,0.0,0.0,0.0,0.0
462980,0.0,0.0,0.0,0.0,0.0,1.0,0.0
463480,0.0,0.0,0.0,0.0,0.0,0.0,0.0
463659,0.0,0.0,0.0,0.0,0.0,1.0,0.0
464159,0.0,0.0,0.0,0.0,0.0,0.0,0.0
466842,0.0,0.0,0.0,0.0,0.0,1.0,0.0
467342,0.0,0.0,0.0,0.0,0.0,0.0,0.0
467972,0.0,0.0,0.0,0.0,0.0,1.0,0.0
468472,0.0,0.0,0.0,0.0,0.0,0.0,0.0
469773,0.0,0.0,0.0,0.0,0.0,1.0,0.0
470273,0.0,0.0,0.0,0.0,0.0,0.0,0.0
470459,0.0,0.0,0.0,0.0,0.0,1.0,0.0
470770,0.0,0.0,0.0,0.0,0.0,2.0,0.0
471270,0.0,0.0,0.0,0.0,0.0,0.0,0.0
472882,0.0,0.0,0.0,0.0,0.0,1.0,0.0
473382,0.0,0.0,0.0,0.0,0.0,0.0,0.0
473571,0.0,0.0,0.0,0.0,0.0,1.0,0.0
474071,0.0,0.0,0.0,0.0,0.0,0.0,0.0
474447,0.0,0.0,0.0,0.0,0.0,1.0,0.0
474947,0.0,0.0,0.0,0.0,0.0,0.0,0.0
475532,0.0,0.0,0.0,0.0,0.0,1.0,0.0
475558,0.0,0.0,0.0,0.0,0.0,2.0,0.0
476058,0.0,0.0,0.0,0.0,0.0,0.0,0.0
476075,0.0,0.0,0.0,0.0,0.0,1.0,0.0
476575,0.0,0.0,0.0,0.0,0.0,0.0,0.0
476953,0.0,0.0,0.0,0.0,0.0,1.0,0.0
477306,0.0,0.0,0.0,0.0,0.0,2.0,0.0
477806,0.0,0.0,0.0,0.0,0.0,0.0,0.0
478235,0.0,0.0,0.0,0.0,0.0,1.0,0.0
478735,0.0,0.0,0.0,0.0,0.0,0.0,0.0
479754,0.0,0.0,0.0,0.0,0.0,1.0,0.0
480146,0.0,0.0,0.0,0.0,1.0,1.0,0.0
480254,0.0,0.0,0.0,0.0,1.0,0.0,0.0
480646,0.0,0.0,0.0,0.0,0.0,0.0,0.0
482083,0.0,0.0,0.0,0.0,0.0,1.0,0.0
482583,0.0,0.0,0.0,0.0,0.0,0.0,0.0
484312,0.0,0.0,0.0,0.0,0.0,1.0,0.0
484812,0.0,0.0,0.0,0.0,0.0,0.0,0.0
484899,0.0,0.0,0.0,0.0,0.0,1.0,0.0
485399,0.0,0.0,0.0,0.0,0.0,0.0,0.0
486083,0.0,0.0,0.0,0.0,0.0,1.0,0.0
486583,0.0,0.0,0.0,0.0,0.0,0.0,0.0
486714,0.0,0.0,0.0,0.0,0.0,1.0,0.0
487214,0.0,0.0,0.0,0.0,0.0,0.0,0.0
487215,0.0,0.0,0.0,0.0,0.0,1.0,0.0
487393,0.0,0.0,0.0,0.0,0.0,2.0,0.0
487893,0.0,0.0,0.0,0.0,0.0,0.0,0.0
488607,0.0,0.0,0.0,0.0,0.0,1.0,0.0
489107,0.0,0.0,0.0,0.0,0.0,0.0,0.0
489129,0.0,0.0,0.0,0.0,0.0,1.0,0.0
489131,0.0,0.0,0.0,0.0,0.0,2.0,0.0
489631,0.0,0.0,0.0,0.0,0.0,0.0,0.0
491813,0.0,0.0,0.0,0.0,0.0,1.0,0.0
492313,0.0,0.0,0.0,0.0,0.0,0.0,0.0
492386,0.0,2.0,0.0,0.0,0.0,0.0,0.0
492886,0.0,0.0,0.0,0.0,0.0,0.0,0.0
493106,0.0,0.0,0.0,0.0,0.0,1.0,0.0
493606,0.0,0.0,0.0,0.0,0.0,0.0,0.0
493781,0.0,0.0,0.0,0.0,0.0,1.0,0.0
494281,0.0,0.0,0.0,0.0,0.0,0.0,0.0
494764,0.0,0.0,0.0,0.0,0.0,1.0,0.0
495264,0.0,0.0,0.0,0.0,0.0,0.0,0.0
496059,0.0,0.0,0.0,0.0,0.0,1.0,0.0
496559,0.0,0.0,0.0,0.0,0.0,0.0,0.0
498215,0.0,0.0,0.0,0.0,0.0,1.0,0.0
498715,0.0,0.0,0.0,0.0,0.0,0.0,0.0
498888,0.0,0.0,0.0,0.0,0.0,1.0,0.0
499388,0.0,0.0,0.0,0.0,0.0,0.0,0.0
499575,0.0,0.0,0.0,0.0,0.0,1.0,0.0
500075,0.0,0.0,0.0,0.0,0.0,0.0,0.0
500199,0.0,0.0,0.0,0.0,0.0,1.0,0.0
500699,0.0,0.0,0.0,0.0,0.0,0.0,0.0
504653,0.0,0.0,0.0,0.0,0.0,1.0,0.0
505153,0.0,0.0,0.0,0.0,0.0,0.0,0.0
507181,0.0,0.0,0.0,0.0,0.0,1.0,0.0
507681,0.0,0.0,0.0,0.0,0.0,0.0,0.0
507742,0.0,0.0,0.0,0.0,0.0,1.0,0.0
508242,0.0,0.0,0.0,0.0,0.0,0.0,0.0
508601,0.0,0.0,0.0,0.0,0.0,1.0,0.0
508602,0.0,0.0,0.0,0.0,0.0,2.0,0.0
509102,0.0,0.0,0.0,0.0,0.0,0.0,0.0
510854,0.0,0.0,0.0,0.0,0.0,1.0,0.0
511354,0.0,0.0,0.0,0.0,0.0,0.0,0.0
512888,0.0,0.0,0.0,0.0,0.0,1.0,0.0
513050,0.0,0.0,0.0,0.0,0.0,2.0,0.0
513550,0.0,0.0,0.0,0.0,0.0,0.0,0.0
514284,0.0,0.0,0.0,0.0,0.0,1.0,0.0
514287,0.0,0.0,0.0,0.0,0.0,2.0,0.0
514787,0.0,0.0,0.0,0.0,0.0,0.0,0.0
516176,0.0,0.0,0.0,0.0,0.0,1.0,0.0
516676,0.0,0.0,0.0,0.0,0.0,0.0,0.0
517515,0.0,0.0,0.0,0.0,0.0,1.0,0.0
518015,0.0,0.0,0.0,0.0,0.0,0.0,0.0
521174,0.0,0.0,0.0,0.0,1.0,0.0,0.0
521179,0.0,0.0,0.0,0.0,1.0,1.0,0.0
521674,0.0,0.0,0.0,0.0,0.0,1.0,0.0
521679,0.0,0.0,0.0,0.0,0.0,0.0,0.0
522584,0.0,0.0,0.0,0.0,0.0,1.0,0.0
523084,0.0,0.0,0.0,0.0,0.0,0.0,0.0
523317,0.0,0.0,0.0,0.0,0.0,1.0,0.0
523817,0.0,0.0,0.0,0.0,0.0,0.0,0.0
526052,0.0,0.0,0.0,0.0,0.0,1.0,0.0
526552,0.0,0.0,0.0,0.0,0.0,0.0,0.0
526757,0.0,0.0,0.0,0.0,0.0,1.0,0.0
527257,0.0,0.0,0.0,0.0,0.0,0.0,0.0
528071,0.0,0.0,0.0,0.0,0.0,1.0,0.0
528571,0.0,0.0,0.0,0.0,0.0,0.0,0.0
529115,0.0,0.0,0.0,0.0,0.0,1.0,0.0
529615,0.0,0.0,0.0,0.0,0.0,0.0,0.0
532184,0.0,0.0,0.0,0.0,0.0,1.0,0.0
532684,0.0,0.0,0.0,0.0,0.0,0.0,0.0
533259,0.0,0.0,0.0,0.0,0.0,1.0,0.0
533759,0.0,0.0,0.0,0.0,0.0,0.0,0.0
533905,0.0,0.0,0.0,0.0,0.0,1.0,0.0
534405,0.0,0.0,0.0,0.0,0.0,0.0,0.0
534440,0.0,0.0,0.0,0.0,0.0,1.0,0.0
534940,0.0,0.0,0.0,0.0,0.0,0.0,0.0
535092,0.0,0.0,0.0,0.0,0.0,1.0,0.0
535592,0.0,0.0,0.0,0.0,0.0,0.0,0.0
537199,0.0,0.0,0.0,0.0,0.0,1.0,0.0
537699,0.0,0.0,0.0,0.0,0.0,0.0,0.0
537729,0.0,0.0,0.0,0.0,0.0,1.0,0.0
538229,0.0,0.0,0.0,0.0,0.0,0.0,0.0
540873,0.0,0.0,0.0,0.0,0.0,1.0,0.0
541373,0.0,0.0,0.0,0.0,0.0,0.0,0.0
541385,0.0,0.0,0.0,0.0,0.0,1.0,0.0
541885,0.0,0.0,0.0,0.0,0.0,0.0,0.0
543443,0.0,0.0,0.0,0.0,0.0,1.0,0.0
543943,0.0,0.0,0.0,0.0,0.0,0.0,0.0
544323,0.0,0.0,0.0,0.0,0.0,1.0,0.0
544326,0.0,0.0,0.0,0.0,0.0,2.0,0.0
544826,0.0,0.0,0.0,0.0,0.0,0.0,0.0
545848,0.0,0.0,0.0,0.0,0.0,1.0,0.0
546348,0.0,0.0,0.0,0.0,0.0,0.0,0.0
548215,0.0,0.0,0.0,0.0,0.0,1.0,0.0
548715,0.0,0.0,0.0,0.0,0.0,0.0,0.0
550081,0.0,0.0,0.0,0.0,0.0,1.0,0.0
550581,0.0,0.0,0.0,0.0,0.0,0.0,0.0
554948,0.0,0.0,0.0,0.0,0.0,1.0,0.0
555448,0.0,0.0,0.0,0.0,0.0,0.0,0.0
557988,0.0,0.0,0.0,0.0,0.0,1.0,0.0
558488,0.0,0.0,0.0,0.0,0.0,0.0,0.0
560126,0.0,0.0,0.0,0.0,0.0,1.0,0.0
560626,0.0,0.0,0.0,0.0,0.0,0.0,0.0
562586,0.0,0.0,0.0,0.0,0.0,1.0,0.0
562596,0.0,0.0,0.0,0.0,0.0,2.0,0.0
563096,0.0,0.0,0.0,0.0,0.0,0.0,0.0
564014,0.0,0.0,0.0,0.0,0.0,1.0,0.0
564514,0.0,0.0,0.0,0.0,0.0,0.0,0.0
565300,0.0,0.0,0.0,0.0,0.0,1.0,0.0
565800,0.0,0.0,0.0,0.0,0.0,0.0,0.0
568734,0.0,0.0,0.0,0.0,0.0,1.0,0.0
569234,0.0,0.0,0.0,0.0,0.0,0.0,0.0
570436,0.0,0.0,0.0,0.0,0.0,1.0,0.0
570936,0.0,0.0,0.0,0.0,0.0,0.0,0.0
571087,0.0,0.0,0.0,0.0,0.0,1.0,0.0
571587,0.0,0.0,0.0,0.0,0.0,0.0,0.0
571811,0.0,0.0,0.0,0.0,0.0,1.0,0.0
572311,0.0,0.0,0.0,0.0,0.0,0.0,0.0
575232,0.0,0.0,0.0,0.0,0.0,1.0,0.0
575732,0.0,0.0,0.0,0.0,0.0,0.0,0.0
579221,0.0,0.0,0.0,0.0,0.0,1.0,0.0
579721,0.0,0.0,0.0,0.0,0.0,0.0,0.0
581189,0.0,0.0,0.0,0.0,0.0,1.0,0.0
581689,0.0,0.0,0.0,0.0,0.0,0.0,0.0
583123,0.0,0.0,0.0,0.0,0.0,1.0,0.0
583623,0.0,0.0,0.0,0.0,0.0,0.0,0.0
586282,0.0,0.0,0.0,0.0,0.0,1.0,0.0
586782,0.0,0.0,0.0,0.0,0.0,0.0,0.0
588247,0.0,0.0,0.0,0.0,0.0,1.0,0.0
588747,0.0,0.0,0.0,0.0,0.0,0.0,0.0
591353,0.0,0.0,0.0,0.0,0.0,1.0,0.0
591853,0.0,0.0,0.0,0.0,0.0,0.0,0.0
592146,0.0,0.0,0.0,0.0,0.0,1.0,0.0
592646,0.0,0.0,0.0,0.0,0.0,0.0,0.0
595640,0.0,0.0,0.0,0.0,0.0,1.0,0.0
595645,0.0,0.0,0.0,0.0,0.0,2.0,0.0
596145,0.0,0.0,0.0,0.0,0.0,0.0,0.0
598350,0.0,0.0,0.0,0.0,0.0,1.0,0.0
598850,0.0,0.0,0.0,0.0,0.0,0.0,0.0
599021,0.0,0.0,0.0,0.0,0.0,1.0,0.0
599521,0.0,0.0,0.0,0.0,0.0,0.0,0.0
599893,0.0,0.0,0.0,0.0,0.0,1.0,0.0
600393,0.0,0.0,0.0,0.0,0.0,0.0,0.0
600496,0.0,0.0,0.0,0.0,0.0,1.0,0.0
600500,0.0,0.0,0.0,0.0,0.0,1.0,1.0
600948,0.0,2.0,0.0,0.0,0.0,1.0,1.0
600996,0.0,2.0,0.0,0.0,0.0,0.0,1.0
601000,0.0,2.0,0.0,0.0,0.0,0.0,0.0
601421,0.0,2.0,0.0,0.0,0.0,1.0,0.0
601439,2.0,2.0,0.0,0.0,0.0,1.0,0.0
601448,2.0,0.0,0.0,0.0,0.0,1.0,0.0
601637,2.0,0.0,0.0,0.0,1.0,1.0,0.0
601715,2.0,0.0,0.0,0.0,1.0,2.0,0.0
601926,2.0,0.0,0.0,0.0,2.0,2.0,0.0
601939,0.0,0.0,0.0,0.0,2.0,2.0,0.0
601951,2.0,0.0,0.0,0.0,2.0,2.0,0.0
602215,2.0,0.0,0.0,0.0,2.0,0.0,0.0
602426,2.0,0.0,0.0,0.0,0.0,0.0,0.0
602451,0.0,0.0,0.0,0.0,0.0,0.0,0.0
602719,2.0,0.0,0.0,0.0,0.0,0.0,0.0
603219,0.0,0.0,0.0,0.0,0.0,0.0,0.0
604436,0.0,0.0,0.0,0.0,0.0,1.0,0.0
604936,0.0,0.0,0.0,0.0,0.0,0.0,0.0
605047,0.0,0.0,0.0,0.0,0.0,1.0,0.0
605547,0.0,0.0,0.0,0.0,0.0,0.0,0.0
606206,0.0,0.0,0.0,0.0,0.0,1.0,0.0
606271,2.0,0.0,0.0,0.0,0.0,1.0,0.0
606706,2.0,0.0,0.0,0.0,0.0,0.0,0.0
606771,0.0,0.0,0.0,0.0,0.0,0.0,0.0
607064,0.0,0.0,0.0,0.0,0.0,1.0,0.0
607068,0.0,0.0,0.0,0.0,0.0,2.0,0.0
607568,0.0,0.0,0.0,0.0,0.0,0.0,0.0
609563,0.0,0.0,0.0,0.0,0.0,1.0,0.0
610063,0.0,0.0,0.0,0.0,0.0,0.0,0.0
611392,0.0,0.0,0.0,0.0,0.0,1.0,0.0
611892,0.0,0.0,0.0,0.0,0.0,0.0,0.0
611987,0.0,0.0,0.0,0.0,0.0,1.0,0.0
612487,0.0,0.0,0.0,0.0,0.0,0.0,0.0
614145,0.0,0.0,0.0,0.0,0.0,1.0,0.0
614645,0.0,0.0,0.0,0.0,0.0,0.0,0.0
616039,0.0,0.0,0.0,0.0,0.0,1.0,0.0
616539,0.0,0.0,0.0,0.0,0.0,0.0,0.0
617196,0.0,0.0,0.0,0.0,0.0,1.0,0.0
617483,0.0,0.0,0.0,0.0,0.0,2.0,0.0
617484,0.0,0.0,0.0,0.0,1.0,2.0,0.0
617983,0.0,0.0,0.0,0.0,1.0,0.0,0.0
617984,0.0,0.0,0.0,0.0,0.0,0.0,0.0
618044,0.0,0.0,0.0,0.0,0.0,1.0,0.0
618297,0.0,0.0,0.0,0.0,1.0,2.0,0.0
618797,0.0,0.0,0.0,0.0,0.0,0.0,0.0
619300,0.0,0.0,0.0,0.0,0.0,1.0,0.0
619302,0.0,0.0,0.0,0.0,0.0,2.0,0.0
619802,0.0,0.0,0.0,0.0,0.0,0.0,0.0
619884,0.0,0.0,0.0,0.0,0.0,1.0,0.0
620384,0.0,0.0,0.0,0.0,0.0,0.0,0.0
621119,0.0,0.0,0.0,0.0,0.0,1.0,0.0
621619,0.0,0.0,0.0,0.0,0.0,0.0,0.0
622512,0.0,0.0,0.0,0.0,0.0,1.0,0.0
623012,0.0,0.0,0.0,0.0,0.0,0.0,0.0
624343,0.0,0.0,0.0,0.0,0.0,1.0,0.0
624843,0.0,0.0,0.0,0.0,0.0,0.0,0.0
625522,0.0,0.0,0.0,0.0,0.0,1.0,0.0
626022,0.0,0.0,0.0,0.0,0.0,0.0,0.0
626594,0.0,0.0,0.0,0.0,0.0,1.0,0.0
627094,0.0,0.0,0.0,0.0,0.0,0.0,0.0
627104,0.0,0.0,0.0,0.0,0.0,1.0,0.0
627604,0.0,0.0,0.0,0.0,0.0,0.0,0.0
627773,0.0,0.0,0.0,0.0,0.0,1.0,0.0
627980,0.0,0.0,0.0,0.0,0.0,2.0,0.0
628480,0.0,0.0,0.0,0.0,0.0,0.0,0.0
630346,0.0,0.0,0.0,0.0,0.0,1.0,0.0
630846,0.0,0.0,0.0,0.0,0.0,0.0,0.0
631675,0.0,0.0,0.0,0.0,0.0,1.0,0.0
632175,0.0,0.0,0.0,0.0,0.0,0.0,0.0
632487,0.0,0.0,0.0,0.0,0.0,1.0,0.0
632489,0.0,0.0,0.0,0.0,0.0,2.0,0.0
632989,0.0,0.0,0.0,0.0,0.0,0.0,0.0
634828,0.0,0.0,0.0,0.0,0.0,1.0,0.0
635328,0.0,0.0,0.0,0.0,0.0,0.0,0.0
638050,0.0,0.0,0.0,0.0,0.0,1.0,0.0
638052,0.0,0.0,0.0,0.0,0.0,2.0,0.0
638552,0.0,0.0,0.0,0.0,0.0,0.0,0.0
638775,0.0,0.0,0.0,0.0,0.0,1.0,0.0
638955,0.0,0.0,0.0,0.0,0.0,2.0,0.0
639455,0.0,0.0,0.0,0.0,0.0,0.0,0.0
639532,0.0,0.0,0.0,0.0,0.0,1.0,0.0
639538,0.0,0.0,0.0,0.0,0.0,2.0,0.0
640038,0.0,0.0,0.0,0.0,0.0,0.0,0.0
640330,0.0,0.0,0.0,0.0,0.0,1.0,0.0
640830,0.0,0.0,0.0,0.0,0.0,0.0,0.0
642331,0.0,0.0,0.0,0.0,0.0,1.0,0.0
642831,0.0,0.0,0.0,0.0,0.0,0.0,0.0
643009,0.0,0.0,0.0,0.0,0.0,1.0,0.0
643042,0.0,0.0,0.0,0.0,0.0,2.0,0.0
643542,0.0,0.0,0.0,0.0,0.0,0.0,0.0
643874,0.0,0.0,0.0,0.0,0.0,1.0,0.0
643876,0.0,0.0,0.0,0.0,0.0,2.0,0.0
644376,0.0,0.0,0.0,0.0,0.0,0.0,0.0
645041,0.0,0.0,0.0,0.0,0.0,1.0,0.0
645541,0.0,0.0,0.0,0.0,0.0,0.0,0.0
646093,0.0,0.0,0.0,0.0,0.0,1.0,0.0
646593,0.0,0.0,0.0,0.0,0.0,0.0,0.0
647289,0.0,2.0,0.0,0.0,0.0,1.0,0.0
647789,0.0,0.0,0.0,0.0,0.0,0.0,0.0
647823,0.0,0.0,0.0,0.0,0.0,1.0,0.0
647825,0.0,0.0,0.0,0.0,0.0,2.0,0.0
648325,0.0,0.0,0.0,0.0,0.0,0.0,0.0
649391,0.0,0.0,0.0,0.0,0.0,1.0,0.0
649891,0.0,0.0,0.0,0.0,0.0,0.0,0.0
650737,0.0,0.0,0.0,0.0,0.0,1.0,0.0
651237,0.0,0.0,0.0,0.0,0.0,0.0,0.0
651874,0.0,0.0,0.0,0.0,0.0,1.0,0.0
652374,0.0,0.0,0.0,0.0,0.0,0.0,0.0
652607,0.0,0.0,0.0,0.0,0.0,1.0,0.0
652608,0.0,0.0,0.0,0.0,0.0,2.0,0.0
653108,0.0,0.0,0.0,0.0,0.0,0.0,0.0
653302,0.0,0.0,0.0,0.0,0.0,1.0,0.0
653802,0.0,0.0,0.0,0.0,0.0,0.0,0.0
653823,0.0,0.0,0.0,0.0,0.0,1.0,0.0
654323,0.0,0.0,0.0,0.0,0.0,0.0,0.0
655293,0.0,0.0,0.0,0.0,0.0,1.0,0.0
655793,0.0,0.0,0.0,0.0,0.0,0.0,0.0
657603,0.0,0.0,0.0,0.0,0.0,1.0,0.0
658103,0.0,0.0,0.0,0.0,0.0,0.0,0.0
658158,0.0,0.0,0.0,0.0,0.0,1.0,0.0
658658,0.0,0.0,0.0,0.0,0.0,0.0,0.0
660742,0.0,0.0,0.0,0.0,0.0,1.0,0.0
661242,0.0,0.0,0.0,0.0,0.0,0.0,0.0
662476,0.0,0.0,0.0,0.0,0.0,1.0,0.0
662477,0.0,0.0,0.0,0.0,1.0,1.0,0.0
662976,0.0,0.0,0.0,0.0,1.0,0.0,0.0
662977,0.0,0.0,0.0,0.0,0.0,0.0,0.0
663243,0.0,0.0,0.0,0.0,0.0,1.0,0.0
663743,0.0,0.0,0.0,0.0,0.0,0.0,0.0
664195,0.0,0.0,0.0,0.0,0.0,1.0,0.0
664695,0.0,0.0,0.0,0.0,0.0,0.0,0.0
665010,0.0,0.0,0.0,0.0,0.0,1.0,0.0
665510,0.0,0.0,0.0,0.0,0.0,0.0,0.0
668264,0.0,0.0,0.0,0.0,0.0,1.0,0.0
668487,0.0,0.0,0.0,0.0,0.0,2.0,0.0
668987,0.0,0.0,0.0,0.0,0.0,0.0,0.0
669889,0.0,0.0,0.0,0.0,0.0,1.0,0.0
670389,0.0,0.0,0.0,0.0,0.0,0.0,0.0
670572,0.0,0.0,0.0,0.0,0.0,1.0,0.0
671072,0.0,0.0,0.0,0.0,0.0,0.0,0.0
671554,0.0,0.0,0.0,0.0,0.0,1.0,0.0
672054,0.0,0.0,0.0,0.0,0.0,0.0,0.0
672860,0.0,0.0,0.0,0.0,0.0,1.0,0.0
673360,0.0,0.0,0.0,0.0,0.0,0.0,0.0
673475,0.0,0.0,0.0,0.0,0.0,1.0,0.0
673975,0.0,0.0,0.0,0.0,0.0,0.0,0.0
673976,0.0,0.0,0.0,0.0,0.0,1.0,0.0
674476,0.0,0.0,0.0,0.0,0.0,0.0,0.0
674706,0.0,0.0,0.0,0.0,0.0,1.0,0.0
675206,0.0,0.0,0.0,0.0,0.0,0.0,0.0
677465,0.0,0.0,0.0,0.0,0.0,1.0,0.0
677467,0.0,0.0,0.0,0.0,0.0,2.0,0.0
677967,0.0,0.0,0.0,0.0,0.0,0.0,0.0
678151,0.0,0.0,0.0,0.0,0.0,1.0,0.0
678651,0.0,0.0,0.0,0.0,0.0,0.0,0.0
679429,0.0,0.0,0.0,0.0,0.0,1.0,0.0
679435,0.0,0.0,0.0,0.0,0.0,2.0,0.0
679935,0.0,0.0,0.0,0.0,0.0,0.0,0.0
681154,0.0,0.0,0.0,0.0,0.0,1.0,0.0
681161,0.0,0.0,0.0,0.0,0.0,2.0,0.0
681661,0.0,0.0,0.0,0.0,0.0,0.0,0.0
682166,0.0,0.0,0.0,0.0,0.0,1.0,0.0
682666,0.0,0.0,0.0,0.0,0.0,0.0,0.0
682907,0.0,0.0,0.0,0.0,0.0,1.0,0.0
683407,0.0,0.0,0.0,0.0,0.0,0.0,0.0
683886,0.0,0.0,0.0,0.0,0.0,1.0,0.0
684386,0.0,0.0,0.0,0.0,0.0,0.0,0.0
684668,0.0,0.0,0.0,0.0,0.0,1.0,0.0
685168,0.0,0.0,0.0,0.0,0.0,0.0,0.0
686349,0.0,0.0,0.0,0.0,0.0,1.0,0.0
686849,0.0,0.0,0.0,0.0,0.0,0.0,0.0
687005,0.0,0.0,0.0,0.0,0.0,1.0,0.0
687505,0.0,0.0,0.0,0.0,0.0,0.0,0.0
687881,0.0,0.0,0.0,0.0,0.0,1.0,0.0
687884,0.0,0.0,0.0,0.0,0.0,2.0,0.0
688384,0.0,0.0,0.0,0.0,0.0,0.0,0.0
688714,0.0,0.0,0.0,0.0,0.0,1.0,0.0
688718,0.0,0.0,0.0,0.0,0.0,2.0,0.0
689218,0.0,0.0,0.0,0.0,0.0,0.0,0.0
691118,0.0,0.0,0.0,0.0,0.0,1.0,0.0
691618,0.0,0.0,0.0,0.0,0.0,0.0,0.0
693418,0.0,0.0,0.0,0.0,0.0,1.0,0.0
693918,0.0,0.0,0.0,0.0,0.0,0.0,0.0
693970,0.0,0.0,0.0,0.0,0.0,1.0,0.0
694470,0.0,0.0,0.0,0.0,0.0,0.0,0.0
697188,0.0,0.0,0.0,0.0,0.0,1.0,0.0
697688,0.0,0.0,0.0,0.0,0.0,0.0,0.0
698098,0.0,0.0,0.0,0.0,0.0,1.0,0.0
698598,0.0,0.0,0.0,0.0,0.0,0.0,0.0
698787,0.0,0.0,0.0,0.0,0.0,1.0,0.0
699287,0.0,0.0,0.0,0.0,0.0,0.0,0.0
699907,0.0,0.0,0.0,0.0,0.0,1.0,0.0
699909,0.0,0.0,0.0,0.0,0.0,2.0,0.0
699962,0.0,0.0,0.0,0.0,1.0,2.0,0.0
700409,0.0,0.0,0.0,0.0,1.0,0.0,0.0
700462,0.0,0.0,0.0,0.0,0.0,0.0,0.0
700478,0.0,0.0,0.0,0.0,0.0,1.0,0.0
700978,0.0,0.0,0.0,0.0,0.0,0.0,0.0
704075,0.0,0.0,0.0,0.0,1.0,0.0,0.0
704575,0.0,0.0,0.0,0.0,0.0,0.0,0.0
706071,0.0,0.0,0.0,0.0,0.0,1.0,0.0
706159,0.0,0.0,0.0,0.0,1.0,1.0,0.0
706571,0.0,0.0,0.0,0.0,1.0,0.0,0.0
706659,0.0,0.0,0.0,0.0,0.0,0.0,0.0
708667,0.0,0.0,0.0,0.0,0.0,1.0,0.0
709167,0.0,0.0,0.0,0.0,0.0,0.0,0.0
711638,0.0,0.0,0.0,0.0,0.0,1.0,0.0
712138,0.0,0.0,0.0,0.0,0.0,0.0,0.0
713888,0.0,0.0,0.0,0.0,0.0,1.0,0.0
714388,0.0,0.0,0.0,0.0,0.0,0.0,0.0
719067,0.0,0.0,0.0,0.0,0.0,1.0,0.0
719567,0.0,0.0,0.0,0.0,0.0,0.0,0.0
720250,0.0,0.0,0.0,0.0,0.0,1.0,0.0
720252,0.0,0.0,0.0,0.0,0.0,2.0,0.0
720752,0.0,0.0,0.0,0.0,0.0,0.0,0.0
722374,0.0,0.0,0.0,0.0,0.0,1.0,0.0
722874,0.0,0.0,0.0,0.0,0.0,0.0,0.0
726315,0.0,0.0,0.0,0.0,0.0,1.0,0.0
726815,0.0,0.0,0.0,0.0,0.0,0.0,0.0
727267,0.0,0.0,0.0,0.0,0.0,1.0,0.0
727767,0.0,0.0,0.0,0.0,0.0,0.0,0.0
727972,0.0,0.0,0.0,0.0,0.0,1.0,0.0
728472,0.0,0.0,0.0,0.0,0.0,0.0,0.0
728751,0.0,0.0,0.0,0.0,0.0,1.0,0.0
728756,0.0,0.0,0.0,0.0,0.0,2.0,0.0
729256,0.0,0.0,0.0,0.0,0.0,0.0,0.0
733714,0.0,0.0,0.0,0.0,0.0,1.0,0.0
734214,0.0,0.0,0.0,0.0,0.0,0.0,0.0
734683,0.0,0.0,0.0,0.0,0.0,1.0,0.0
735117,0.0,0.0,0.0,0.0,0.0,2.0,0.0
735617,0.0,0.0,0.0,0.0,0.0,0.0,0.0
736897,0.0,0.0,0.0,0.0,0.0,1.0,0.0
737397,0.0,0.0,0.0,0.0,0.0,0.0,0.0
738186,0.0,0.0,0.0,0.0,0.0,1.0,0.0
738686,0.0,0.0,0.0,0.0,0.0,0.0,0.0
738750,0.0,0.0,0.0,0.0,0.0,1.0,0.0
739250,0.0,0.0,0.0,0.0,0.0,0.0,0.0
740798,0.0,0.0,0.0,0.0,0.0,1.0,0.0
741298,0.0,0.0,0.0,0.0,0.0,0.0,0.0
743469,0.0,0.0,0.0,0.0,0.0,1.0,0.0
743969,0.0,0.0,0.0,0.0,0.0,0.0,0.0
744130,0.0,0.0,0.0,0.0,0.0,1.0,0.0
744630,0.0,0.0,0.0,0.0,0.0,0.0,0.0
745717,0.0,0.0,0.0,0.0,0.0,1.0,0.0
746217,0.0,0.0,0.0,0.0,0.0,0.0,0.0
748259,0.0,0.0,0.0,0.0,0.0,1.0,0.0
748271,0.0,0.0,0.0,0.0,0.0,2.0,0.0
748771,0.0,0.0,0.0,0.0,0.0,0.0,0.0
751018,0.0,0.0,0.0,0.0,0.0,1.0,0.0
751518,0.0,0.0,0.0,0.0,0.0,0.0,0.0
752243,0.0,0.0,0.0,0.0,0.0,1.0,0.0
752743,0.0,0.0,0.0,0.0,0.0,0.0,0.0
753445,0.0,0.0,0.0,0.0,0.0,1.0,0.0
753448,0.0,0.0,0.0,0.0,0.0,2.0,0.0
753948,0.0,0.0,0.0,0.0,0.0,0.0,0.0
755009,0.0,0.0,0.0,0.0,0.0,1.0,0.0
755509,0.0,0.0,0.0,0.0,0.0,0.0,0.0
755886,0.0,0.0,0.0,0.0,0.0,1.0,0.0
756386,0.0,0.0,0.0,0.0,0.0,0.0,0.0
759451,0.0,0.0,0.0,0.0,0.0,1.0,0.0
759951,0.0,0.0,0.0,0.0,0.0,0.0,0.0
760142,0.0,0.0,0.0,0.0,0.0,1.0,0.0
760642,0.0,0.0,0.0,0.0,0.0,0.0,0.0
761953,0.0,0.0,0.0,0.0,0.0,1.0,0.0
762453,0.0,0.0,0.0,0.0,0.0,0.0,0.0
762492,0.0,0.0,0.0,0.0,0.0,1.0,0.0
762992,0.0,0.0,0.0,0.0,0.0,0.0,0.0
764188,0.0,0.0,0.0,0.0,0.0,1.0,0.0
764688,0.0,0.0,0.0,0.0,0.0,0.0,0.0
765068,0.0,0.0,0.0,0.0,0.0,1.0,0.0
765568,0.0,0.0,0.0,0.0,0.0,0.0,0.0
765969,0.0,0.0,0.0,0.0,0.0,1.0,0.0
766469,0.0,0.0,0.0,0.0,0.0,0.0,0.0
768204,0.0,0.0,0.0,0.0,0.0,1.0,0.0
768704,0.0,0.0,0.0,0.0,0.0,0.0,0.0
769193,0.0,0.0,0.0,0.0,0.0,1.0,0.0
769693,0.0,0.0,0.0,0.0,0.0,0.0,0.0
769701,0.0,0.0,0.0,0.0,0.0,1.0,0.0
770201,0.0,0.0,0.0,0.0,0.0,0.0,0.0
771001,0.0,0.0,0.0,0.0,0.0,1.0,0.0
771501,0.0,0.0,0.0,0.0,0.0,0.0,0.0
771514,0.0,0.0,0.0,0.0,0.0,1.0,0.0
771636,0.0,0.0,0.0,0.0,0.0,2.0,0.0
772136,0.0,0.0,0.0,0.0,0.0,0.0,0.0
772710,0.0,0.0,0.0,0.0,0.0,1.0,0.0
773210,0.0,0.0,0.0,0.0,0.0,0.0,0.0
775066,0.0,0.0,0.0,0.0,0.0,1.0,0.0
775566,0.0,0.0,0.0,0.0,0.0,0.0,0.0
776979,0.0,0.0,0.0,0.0,0.0,1.0,0.0
777479,0.0,0.0,0.0,0.0,0.0,0.0,0.0
777577,0.0,0.0,0.0,0.0,0.0,1.0,0.0
778077,0.0,0.0,0.0,0.0,0.0,0.0,0.0
779060,0.0,0.0,0.0,0.0,0.0,1.0,0.0
779064,0.0,0.0,0.0,0.0,0.0,2.0,0.0
779564,0.0,0.0,0.0,0.0,0.0,0.0,0.0
786802,0.0,0.0,0.0,0.0,0.0,1.0,0.0
787302,0.0,0.0,0.0,0.0,0.0,0.0,0.0
789782,0.0,0.0,0.0,0.0,0.0,1.0,0.0
790282,0.0,0.0,0.0,0.0,0.0,0.0,0.0
790649,0.0,0.0,0.0,0.0,0.0,1.0,0.0
791149,0.0,0.0,0.0,0.0,0.0,0.0,0.0
791845,0.0,0.0,0.0,0.0,0.0,1.0,0.0
792345,0.0,0.0,0.0,0.0,0.0,0.0,0.0
792944,0.0,0.0,0.0,0.0,0.0,1.0,0.0
793444,0.0,0.0,0.0,0.0,0.0,0.0,0.0
795177,0.0,0.0,0.0,0.0,0.0,1.0,0.0
795677,0.0,0.0,0.0,0.0,0.0,0.0,0.0
798266,0.0,0.0,0.0,0.0,0.0,1.0,0.0
798766,0.0,0.0,0.0,0.0,0.0,0.0,0.0
799067,0.0,0.0,0.0,0.0,0.0,1.0,0.0
799567,0.0,0.0,0.0,0.0,0.0,0.0,0.0
799922,0.0,0.0,0.0,0.0,0.0,1.0,0.0
800422,0.0,0.0,0.0,0.0,0.0,0.0,0.0
800700,0.0,0.0,0.0,0.0,0.0,0.0,1.0
800903,0.0,0.0,0.0,0.0,0.0,1.0,1.0
800907,0.0,0.0,0.0,0.0,0.0,2.0,1.0
801200,0.0,0.0,0.0,0.0,0.0,2.0,0.0
801407,0.0,0.0,0.0,0.0,0.0,0.0,0.0
801919,2.0,0.0,0.0,0.0,0.0,0.0,0.0
802020,2.0,2.0,0.0,0.0,0.0,0.0,0.0
802025,2.0,2.0,0.0,0.0,1.0,0.0,0.0
802145,2.0,2.0,0.0,0.0,1.0,1.0,0.0
802147,2.0,2.0,0.0,0.0,1.0,2.0,0.0
802419,0.0,2.0,0.0,0.0,1.0,2.0,0.0
802520,0.0,0.0,0.0,0.0,1.0,2.0,0.0
802647,0.0,0.0,0.0,0.0,1.0,0.0,0.0
802752,0.0,0.0,0.0,0.0,2.0,0.0,0.0
802911,2.0,0.0,0.0,0.0,2.0,0.0,0.0
803252,2.0,0.0,0.0,0.0,0.0,0.0,0.0
803411,0.0,0.0,0.0,0.0,0.0,0.0,0.0
805709,0.0,0.0,0.0,0.0,0.0,1.0,0.0
806209,0.0,0.0,0.0,0.0,0.0,0.0,0.0
807154,0.0,0.0,0.0,0.0,0.0,1.0,0.0
807163,0.0,0.0,0.0,0.0,0.0,2.0,0.0
807424,0.0,0.0,0.0,0.0,1.0,2.0,0.0
807663,0.0,0.0,0.0,0.0,1.0,0.0,0.0
807924,0.0,0.0,0.0,0.0,0.0,0.0,0.0
810231,0.0,0.0,0.0,0.0,0.0,1.0,0.0
810731,0.0,0.0,0.0,0.0,0.0,0.0,0.0
811505,0.0,0.0,0.0,0.0,0.0,1.0,0.0
812005,0.0,0.0,0.0,0.0,0.0,0.0,0.0
813916,0.0,0.0,0.0,0.0,0.0,1.0,0.0
814386,0.0,0.0,0.0,0.0,0.0,2.0,0.0
814886,0.0,0.0,0.0,0.0,0.0,0.0,0.0
815179,0.0,0.0,0.0,0.0,0.0,1.0,0.0
815679,0.0,0.0,0.0,0.0,0.0,0.0,0.0
815987,0.0,0.0,0.0,0.0,0.0,1.0,0.0
815989,0.0,0.0,0.0,0.0,0.0,2.0,0.0
816489,0.0,0.0,0.0,0.0,0.0,0.0,0.0
817362,0.0,0.0,0.0,0.0,0.0,1.0,0.0
817862,0.0,0.0,0.0,0.0,0.0,0.0,0.0
817898,0.0,0.0,0.0,0.0,0.0,1.0,0.0
818171,0.0,0.0,0.0,0.0,0.0,2.0,0.0
818671,0.0,0.0,0.0,0.0,0.0,0.0,0.0
819891,0.0,0.0,0.0,0.0,0.0,1.0,0.0
819892,0.0,0.0,0.0,0.0,1.0,1.0,0.0
820391,0.0,0.0,0.0,0.0,1.0,0.0,0.0
820392,0.0,0.0,0.0,0.0,0.0,0.0,0.0
820563,0.0,0.0,0.0,0.0,0.0,1.0,0.0
821063,0.0,0.0,0.0,0.0,0.0,0.0,0.0
821535,0.0,0.0,0.0,0.0,0.0,1.0,0.0
821537,0.0,0.0,0.0,0.0,0.0,2.0,0.0
822037,0.0,0.0,0.0,0.0,0.0,0.0,0.0
822092,0.0,0.0,0.0,0.0,0.0,1.0,0.0
822592,0.0,0.0,0.0,0.0,0.0,0.0,0.0
823011,0.0,0.0,0.0,0.0,0.0,1.0,0.0
823511,0.0,0.0,0.0,0.0,0.0,0.0,0.0
823754,0.0,0.0,0.0,0.0,0.0,1.0,0.0
824254,0.0,0.0,0.0,0.0,0.0,0.0,0.0
825530,0.0,0.0,0.0,0.0,0.0,1.0,0.0
826030,0.0,0.0,0.0,0.0,0.0,0.0,0.0
826070,0.0,0.0,0.0,0.0,0.0,1.0,0.0
826570,0.0,0.0,0.0,0.0,0.0,0.0,0.0
826718,0.0,0.0,0.0,0.0,0.0,1.0,0.0
826722,0.0,0.0,0.0,0.0,0.0,2.0,0.0
827222,0.0,0.0,0.0,0.0,0.0,0.0,0.0
831187,0.0,0.0,0.0,0.0,0.0,1.0,0.0
831687,0.0,0.0,0.0,0.0,0.0,0.0,0.0
831826,0.0,0.0,0.0,0.0,0.0,1.0,0.0
832326,0.0,0.0,0.0,0.0,0.0,0.0,0.0
833155,0.0,0.0,0.0,0.0,0.0,1.0,0.0
833655,0.0,0.0,0.0,0.0,0.0,0.0,0.0
834898,0.0,0.0,0.0,0.0,0.0,1.0,0.0
835398,0.0,0.0,0.0,0.0,0.0,0.0,0.0
835504,0.0,0.0,0.0,0.0,0.0,1.0,0.0
835506,0.0,0.0,0.0,0.0,0.0,2.0,0.0
836006,0.0,0.0,0.0,0.0,0.0,0.0,0.0
836472,0.0,0.0,0.0,0.0,0.0,1.0,0.0
836972,0.0,0.0,0.0,0.0,0.0,0.0,0.0
837037,0.0,0.0,0.0,0.0,0.0,1.0,0.0
837537,0.0,0.0,0.0,0.0,0.0,0.0,0.0
837831,0.0,0.0,0.0,0.0,0.0,1.0,0.0
838331,0.0,0.0,0.0,0.0,0.0,0.0,0.0
838353,0.0,2.0,0.0,0.0,0.0,0.0,0.0
838675,0.0,2.0,0.0,0.0,0.0,1.0,0.0
838737,0.0,2.0,0.0,0.0,0.0,2.0,0.0
838853,0.0,0.0,0.0,0.0,0.0,2.0,0.0
839237,0.0,0.0,0.0,0.0,0.0,0.0,0.0
840092,0.0,0.0,0.0,0.0,0.0,1.0,0.0
840592,0.0,0.0,0.0,0.0,0.0,0.0,0.0
840915,0.0,0.0,0.0,0.0,0.0,1.0,0.0
841415,0.0,0.0,0.0,0.0,0.0,0.0,0.0
841708,0.0,0.0,0.0,0.0,0.0,1.0,0.0
842208,0.0,0.0,0.0,0.0,0.0,0.0,0.0
842700,0.0,0.0,0.0,0.0,0.0,1.0,0.0
843200,0.0,0.0,0.0,0.0,0.0,0.0,0.0
844140,0.0,0.0,0.0,0.0,0.0,1.0,0.0
844640,0.0,0.0,0.0,0.0,0.0,0.0,0.0
844976,0.0,0.0,0.0,0.0,0.0,1.0,0.0
844978,0.0,0.0,0.0,0.0,0.0,2.0,0.0
845478,0.0,0.0,0.0,0.0,0.0,0.0,0.0
845564,0.0,0.0,0.0,0.0,0.0,1.0,0.0
846064,0.0,0.0,0.0,0.0,0.0,0.0,0.0
846358,0.0,0.0,0.0,0.0,0.0,1.0,0.0
846360,0.0,0.0,0.0,0.0,0.0,2.0,0.0
846860,0.0,0.0,0.0,0.0,0.0,0.0,0.0
850002,0.0,0.0,0.0,0.0,0.0,1.0,0.0
850502,0.0,0.0,0.0,0.0,0.0,0.0,0.0
854057,0.0,0.0,0.0,0.0,0.0,1.0,0.0
854557,0.0,0.0,0.0,0.0,0.0,0.0,0.0
858839,0.0,0.0,0.0,0.0,0.0,1.0,0.0
859339,0.0,0.0,0.0,0.0,0.0,0.0,0.0
859548,0.0,0.0,0.0,0.0,0.0,1.0,0.0
860048,0.0,0.0,0.0,0.0,0.0,0.0,0.0
865654,0.0,0.0,0.0,0.0,0.0,1.0,0.0
866154,0.0,0.0,0.0,0.0,0.0,0.0,0.0
867942,0.0,0.0,0.0,0.0,0.0,1.0,0.0
867951,0.0,0.0,0.0,0.0,0.0,2.0,0.0
868451,0.0,0.0,0.0,0.0,0.0,0.0,0.0
868809,0.0,0.0,0.0,0.0,0.0,1.0,0.0
869309,0.0,0.0,0.0,0.0,0.0,0.0,0.0
869436,0.0,0.0,0.0,0.0,0.0,1.0,0.0
869448,0.0,0.0,0.0,0.0,0.0,2.0,0.0
869948,0.0,0.0,0.0,0.0,0.0,0.0,0.0
870215,0.0,0.0,0.0,0.0,0.0,1.0,0.0
870715,0.0,0.0,0.0,0.0,0.0,0.0,0.0
871040,0.0,0.0,0.0,0.0,0.0,1.0,0.0
871540,0.0,0.0,0.0,0.0,0.0,0.0,0.0
872356,0.0,0.0,0.0,0.0,0.0,1.0,0.0
872856,0.0,0.0,0.0,0.0,0.0,0.0,0.0
872888,0.0,0.0,0.0,0.0,0.0,1.0,0.0
872889,0.0,0.0,0.0,0.0,0.0,2.0,0.0
873389,0.0,0.0,0.0,0.0,0.0,0.0,0.0
874339,0.0,0.0,0.0,0.0,0.0,1.0,0.0
874839,0.0,0.0,0.0,0.0,0.0,0.0,0.0
875739,0.0,0.0,0.0,0.0,0.0,1.0,0.0
876239,0.0,0.0,0.0,0.0,0.0,0.0,0.0
880322,0.0,0.0,0.0,0.0,0.0,1.0,0.0
880822,0.0,0.0,0.0,0.0,0.0,0.0,0.0
881647,0.0,0.0,0.0,0.0,0.0,1.0,0.0
882147,0.0,0.0,0.0,0.0,0.0,0.0,0.0
882509,0.0,0.0,0.0,0.0,0.0,1.0,0.0
883009,0.0,0.0,0.0,0.0,0.0,0.0,0.0
883022,0.0,0.0,0.0,0.0,0.0,1.0,0.0
883522,0.0,0.0,0.0,0.0,0.0,0.0,0.0
883955,0.0,0.0,0.0,0.0,0.0,1.0,0.0
884455,0.0,0.0,0.0,0.0,0.0,0.0,0.0
885464,0.0,0.0,0.0,0.0,0.0,1.0,0.0
885474,0.0,0.0,0.0,0.0,0.0,2.0,0.0
885974,0.0,0.0,0.0,0.0,0.0,0.0,0.0
886971,0.0,0.0,0.0,0.0,0.0,1.0,0.0
887471,0.0,0.0,0.0,0.0,0.0,0.0,0.0
887880,0.0,0.0,0.0,0.0,0.0,1.0,0.0
888380,0.0,0.0,0.0,0.0,0.0,0.0,0.0
890590,0.0,0.0,0.0,0.0,0.0,1.0,0.0
890995,0.0,2.0,0.0,0.0,0.0,1.0,0.0
891090,0.0,2.0,0.0,0.0,0.0,0.0,0.0
891495,0.0,0.0,0.0,0.0,0.0,0.0,0.0
892763,0.0,0.0,0.0,0.0,0.0,1.0,0.0
892767,0.0,0.0,0.0,0.0,0.0,2.0,0.0
893267,0.0,0.0,0.0,0.0,0.0,0.0,0.0
893803,0.0,0.0,0.0,0.0,0.0,1.0,0.0
894303,0.0,0.0,0.0,0.0,0.0,0.0,0.0
894406,0.0,0.0,0.0,0.0,0.0,1.0,0.0
894906,0.0,0.0,0.0,0.0,0.0,0.0,0.0
895468,0.0,0.0,0.0,0.0,0.0,1.0,0.0
895968,0.0,0.0,0.0,0.0,0.0,0.0,0.0
896666,0.0,0.0,0.0,0.0,0.0,1.0,0.0
897166,0.0,0.0,0.0,0.0,0.0,0.0,0.0
897439,0.0,0.0,0.0,0.0,0.0,1.0,0.0
897939,0.0,0.0,0.0,0.0,0.0,0.0,0.0
898751,0.0,0.0,0.0,0.0,0.0,1.0,0.0
899251,0.0,0.0,0.0,0.0,0.0,0.0,0.0
900463,0.0,0.0,0.0,0.0,0.0,1.0,0.0
900963,0.0,0.0,0.0,0.0,0.0,0.0,0.0
901891,0.0,0.0,0.0,0.0,0.0,1.0,0.0
901898,0.0,0.0,0.0,0.0,0.0,2.0,0.0
902398,0.0,0.0,0.0,0.0,0.0,0.0,0.0
902740,0.0,0.0,0.0,0.0,1.0,0.0,0.0
903240,0.0,0.0,0.0,0.0,0.0,0.0,0.0
905838,0.0,0.0,0.0,0.0,0.0,1.0,0.0
906338,0.0,0.0,0.0,0.0,0.0,0.0,0.0
909003,0.0,0.0,0.0,0.0,0.0,1.0,0.0
909503,0.0,0.0,0.0,0.0,0.0,0.0,0.0
912879,0.0,0.0,0.0,0.0,0.0,1.0,0.0
913379,0.0,0.0,0.0,0.0,0.0,0.0,0.0
913832,0.0,0.0,0.0,0.0,0.0,1.0,0.0
914332,0.0,0.0,0.0,0.0,0.0,0.0,0.0
917708,0.0,0.0,0.0,0.0,0.0,1.0,0.0
918208,0.0,0.0,0.0,0.0,0.0,0.0,0.0
920832,0.0,0.0,0.0,0.0,0.0,1.0,0.0
921332,0.0,0.0,0.0,0.0,0.0,0.0,0.0
921828,0.0,0.0,0.0,0.0,0.0,1.0,0.0
922328,0.0,0.0,0.0,0.0,0.0,0.0,0.0
927072,0.0,0.0,0.0,0.0,0.0,1.0,0.0
927572,0.0,0.0,0.0,0.0,0.0,0.0,0.0
929404,0.0,0.0,0.0,0.0,0.0,1.0,0.0
929904,0.0,0.0,0.0,0.0,0.0,0.0,0.0
930326,0.0,0.0,0.0,0.0,0.0,1.0,0.0
930826,0.0,0.0,0.0,0.0,0.0,0.0,0.0
934846,0.0,0.0,0.0,0.0,0.0,1.0,0.0
935346,0.0,0.0,0.0,0.0,0.0,0.0,0.0
936302,0.0,0.0,0.0,0.0,0.0,1.0,0.0
936802,0.0,0.0,0.0,0.0,0.0,0.0,0.0
936894,0.0,0.0,0.0,0.0,0.0,1.0,0.0
937394,0.0,0.0,0.0,0.0,0.0,0.0,0.0
940359,0.0,0.0,0.0,0.0,0.0,1.0,0.0
940859,0.0,0.0,0.0,0.0,0.0,0.0,0.0
941357,0.0,0.0,0.0,0.0,0.0,1.0,0.0
941360,0.0,0.0,0.0,0.0,0.0,2.0,0.0
941860,0.0,0.0,0.0,0.0,0.0,0.0,0.0
942466,0.0,0.0,0.0,0.0,0.0,1.0,0.0
942966,0.0,0.0,0.0,0.0,0.0,0.0,0.0
946709,0.0,0.0,0.0,0.0,0.0,1.0,0.0
946711,0.0,0.0,0.0,0.0,1.0,2.0,0.0
947211,0.0,0.0,0.0,0.0,0.0,0.0,0.0
947692,0.0,0.0,0.0,0.0,0.0,1.0,0.0
947694,0.0,0.0,0.0,0.0,0.0,2.0,0.0
948194,0.0,0.0,0.0,0.0,0.0,0.0,0.0
949946,0.0,0.0,0.0,0.0,0.0,1.0,0.0
950446,0.0,0.0,0.0,0.0,0.0,0.0,0.0
950610,0.0,0.0,0.0,0.0,0.0,1.0,0.0
951110,0.0,0.0,0.0,0.0,0.0,0.0,0.0
952108,0.0,0.0,0.0,0.0,0.0,1.0,0.0
952608,0.0,0.0,0.0,0.0,0.0,0.0,0.0
952697,0.0,0.0,0.0,0.0,0.0,1.0,0.0
953197,0.0,0.0,0.0,0.0,0.0,0.0,0.0
953569,0.0,0.0,0.0,0.0,0.0,1.0,0.0
954069,0.0,0.0,0.0,0.0,0.0,0.0,0.0
955490,0.0,0.0,0.0,0.0,0.0,1.0,0.0
955990,0.0,0.0,0.0,0.0,0.0,0.0,0.0
959873,0.0,0.0,0.0,0.0,0.0,1.0,0.0
960373,0.0,0.0,0.0,0.0,0.0,0.0,0.0
961063,0.0,0.0,0.0,0.0,0.0,1.0,0.0
961563,0.0,0.0,0.0,0.0,0.0,0.0,0.0
965128,0.0,0.0,0.0,0.0,0.0,1.0,0.0
965628,0.0,0.0,0.0,0.0,0.0,0.0,0.0
967369,0.0,0.0,0.0,0.0,0.0,1.0,0.0
967869,0.0,0.0,0.0,0.0,0.0,0.0,0.0
969925,0.0,0.0,0.0,0.0,0.0,1.0,0.0
969927,0.0,0.0,0.0,0.0,0.0,2.0,0.0
970427,0.0,0.0,0.0,0.0,0.0,0.0,0.0
971365,0.0,0.0,0.0,0.0,0.0,1.0,0.0
971865,0.0,0.0,0.0,0.0,0.0,0.0,0.0
971958,0.0,0.0,0.0,0.0,0.0,1.0,0.0
972458,0.0,0.0,0.0,0.0,0.0,0.0,0.0
974398,0.0,0.0,0.0,0.0,0.0,1.0,0.0
974898,0.0,0.0,0.0,0.0,0.0,0.0,0.0
977238,0.0,0.0,0.0,0.0,0.0,1.0,0.0
977738,0.0,0.0,0.0,0.0,0.0,0.0,0.0
978346,0.0,0.0,0.0,0.0,0.0,1.0,0.0
978846,0.0,0.0,0.0,0.0,0.0,0.0,0.0
984015,0.0,0.0,0.0,0.0,0.0,1.0,0.0
984515,0.0,0.0,0.0,0.0,0.0,0.0,0.0
985404,0.0,0.0,0.0,0.0,0.0,1.0,0.0
985904,0.0,0.0,0.0,0.0,0.0,0.0,0.0
988305,0.0,0.0,0.0,0.0,0.0,1.0,0.0
988805,0.0,0.0,0.0,0.0,0.0,0.0,0.0
991020,0.0,0.0,0.0,0.0,1.0,0.0,0.0
991520,0.0,0.0,0.0,0.0,0.0,0.0,0.0
993264,0.0,0.0,0.0,0.0,0.0,1.0,0.0
993764,0.0,0.0,0.0,0.0,0.0,0.0,0.0
995813,0.0,0.0,0.0,0.0,0.0,1.0,0.0
996313,0.0,0.0,0.0,0.0,0.0,0.0,0.0
997503,0.0,0.0,0.0,0.0,0.0,1.0,0.0
997522,0.0,0.0,0.0,0.0,0.0,2.0,0.0
998022,0.0,0.0,0.0,0.0,0.0,0.0,0.0
999391,0.0,0.0,0.0,0.0,0.0,1.0,0.0
999891,0.0,0.0,0.0,0.0,0.0,0.0,0.0
1000900,0.0,0.0,0.0,0.0,0.0,0.0,1.0
1000967,0.0,0.0,0.0,0.0,0.0,1.0,1.0
1001400,0.0,0.0,0.0,0.0,0.0,1.0,0.0
1001467,0.0,0.0,0.0,0.0,0.0,0.0,0.0
1001507,0.0,0.0,0.0,0.0,0.0,1.0,0.0
1002007,0.0,0.0,0.0,0.0,0.0,0.0,0.0
1002274,0.0,2.0,0.0,0.0,0.0,0.0,0.0
1002527,2.0,2.0,0.0,0.0,0.0,0.0,0.0
1002649,2.0,2.0,0.0,0.0,0.0,1.0,0.0
1002774,2.0,0.0,0.0,0.0,0.0,1.0,0.0
1003027,0.0,0.0,0.0,0.0,0.0,1.0,0.0
1003135,2.0,0.0,0.0,0.0,0.0,1.0,0.0
1003139,2.0,0.0,0.0,0.0,1.0,1.0,0.0
1003635,0.0,0.0,0.0,0.0,1.0,1.0,0.0
1003649,0.0,0.0,0.0,0.0,1.0,0.0,0.0
1003721,0.0,0.0,0.0,0.0,2.0,0.0,0.0
1003730,0.0,0.0,0.0,0.0,2.0,1.0,0.0
1003807,2.0,0.0,0.0,0.0,2.0,1.0,0.0
1004003,2.0,0.0,0.0,0.0,2.0,2.0,0.0
1004221,2.0,0.0,0.0,0.0,0.0,2.0,0.0
1004307,0.0,0.0,0.0,0.0,0.0,2.0,0.0
1004503,0.0,0.0,0.0,0.0,0.0,0.0,0.0
1007339,0.0,0.0,0.0,0.0,0.0,1.0,0.0
1007839,0.0,0.0,0.0,0.0,0.0,0.0,0.0
1009357,0.0,0.0,0.0,0.0,0.0,1.0,0.0
1009361,0.0,0.0,0.0,0.0,0.0,2.0,0.0
1009363,0.0,0.0,0.0,0.0,1.0,2.0,0.0
1009861,0.0,0.0,0.0,0.0,1.0,0.0,0.0
1009863,0.0,0.0,0.0,0.0,0.0,0.0,0.0
1010032,0.0,0.0,0.0,0.0,0.0,1.0,0.0
1010034,0.0,0.0,0.0,0.0,0.0,2.0,0.0
1010534,0.0,0.0,0.0,0.0,0.0,0.0,0.0
1011125,0.0,0.0,0.0,0.0,0.0,1.0,0.0
1011141,0.0,0.0,0.0,0.0,0.0,2.0,0.0
1011641,0.0,0.0,0.0,0.0,0.0,0.0,0.0
1012845,0.0,0.0,0.0,0.0,0.0,1.0,0.0
1013345,0.0,0.0,0.0,0.0,0.0,0.0,0.0
1013894,0.0,0.0,0.0,0.0,0.0,1.0,0.0
1014394,0.0,0.0,0.0,0.0,0.0,0.0,0.0
1014445,0.0,0.0,0.0,0.0,0.0,1.0,0.0
1014456,0.0,0.0,0.0,0.0,0.0,2.0,0.0
1014956,0.0,0.0,0.0,0.0,0.0,0.0,0.0
1014965,0.0,0.0,0.0,0.0,0.0,1.0,0.0
1014967,0.0,2.0,0.0,0.0,0.0,1.0,0.0
1015465,0.0,2.0,0.0,0.0,0.0,0.0,0.0
1015467,0.0,0.0,0.0,0.0,0.0,0.0,0.0
1016027,0.0,0.0,0.0,0.0,0.0,1.0,0.0
1016527,0.0,0.0,0.0,0.0,0.0,0.0,0.0
1016852,0.0,0.0,0.0,0.0,0.0,1.0,0.0
1017352,0.0,0.0,0.0,0.0,0.0,0.0,0.0
1018453,0.0,0.0,0.0,0.0,0.0,1.0,0.0
1018953,0.0,0.0,0.0,0.0,0.0,0.0,0.0
1020032,0.0,0.0,0.0,0.0,0.0,1.0,0.0
1020034,0.0,0.0,0.0,0.0,0.0,2.0,0.0
1020534,0.0,0.0,0.0,0.0,0.0,0.0,0.0
1021739,0.0,0.0,0.0,0.0,0.0,1.0,0.0
1021745,0.0,0.0,0.0,0.0,0.0,2.0,0.0
1022245,0.0,0.0,0.0,0.0,0.0,0.0,0.0
1022680,0.0,0.0,0.0,0.0,0.0,1.0,0.0
1023180,0.0,0.0,0.0,0.0,0.0,0.0,0.0
1023278,0.0,0.0,0.0,0.0,0.0,1.0,0.0
1023280,0.0,0.0,0.0,0.0,0.0,2.0,0.0
1023780,0.0,0.0,0.0,0.0,0.0,0.0,0.0
1025734,0.0,0.0,0.0,0.0,0.0,1.0,0.0
1026234,0.0,0.0,0.0,0.0,0.0,0.0,0.0
1026308,0.0,0.0,0.0,0.0,0.0,1.0,0.0
1026501,0.0,0.0,0.0,0.0,0.0,2.0,0.0
1027501,0.0,0.0,0.0,0.0,0.0,0.0,0.0
1028998,0.0,0.0,0.0,0.0,0.0,1.0,0.0
1029498,0.0,0.0,0.0,0.0,0.0,0.0,0.0
1029797,0.0,0.0,0.0,0.0,0.0,1.0,0.0
1029799,0.0,0.0,0.0,0.0,0.0,2.0,0.0
1030299,0.0,0.0,0.0,0.0,0.0,0.0,0.0
1032484,0.0,0.0,0.0,0.0,0.0,1.0,0.0
1032984,0.0,0.0,0.0,0.0,0.0,0.0,0.0
1034152,0.0,0.0,0.0,0.0,0.0,1.0,0.0
1034652,0.0,0.0,0.0,0.0,0.0,0.0,0.0
1034834,0.0,0.0,0.0,0.0,0.0,1.0,0.0
1035334,0.0,0.0,0.0,0.0,0.0,0.0,0.0
1035765,0.0,0.0,0.0,0.0,0.0,1.0,0.0
1036265,0.0,0.0,0.0,0.0,0.0,0.0,0.0
1036947,0.0,0.0,0.0,0.0,0.0,1.0,0.0
1037447,0.0,0.0,0.0,0.0,0.0,0.0,0.0
1038316,0.0,0.0,0.0,0.0,0.0,1.0,0.0
1038816,0.0,0.0,0.0,0.0,0.0,0.0,0.0
1039495,0.0,0.0,0.0,0.0,0.0,1.0,0.0
1039995,0.0,0.0,0.0,0.0,0.0,0.0,0.0
1040527,0.0,0.0,0.0,0.0,0.0,1.0,0.0
1041027,0.0,0.0,0.0,0.0,0.0,0.0,0.0
1041032,0.0,0.0,0.0,0.0,0.0,1.0,0.0
1041532,0.0,0.0,0.0,0.0,0.0,0.0,0.0
1042202,0.0,0.0,0.0,0.0,0.0,1.0,0.0
1042240,0.0,0.0,0.0,0.0,0.0,2.0,0.0
1042740,0.0,0.0,0.0,0.0,0.0,0.0,0.0
1045402,0.0,0.0,0.0,0.0,0.0,1.0,0.0
1045902,0.0,0.0,0.0,0.0,0.0,0.0,0.0
1046185,0.0,0.0,0.0,0.0,0.0,1.0,0.0
1046685,0.0,0.0,0.0,0.0,0.0,0.0,0.0
1047570,0.0,0.0,0.0,0.0,0.0,1.0,0.0
1047572,0.0,0.0,0.0,0.0,0.0,2.0,0.0
1048072,0.0,0.0,0.0,0.0,0.0,0.0,0.0
1048143,0.0,0.0,0.0,0.0,0.0,1.0,0.0
1048147,0.0,0.0,0.0,0.0,0.0,2.0,0.0
1048647,0.0,0.0,0.0,0.0,0.0,0.0,0.0
1051159,0.0,0.0,0.0,0.0,0.0,1.0,0.0
1051659,0.0,0.0,0.0,0.0,0.0,0.0,0.0
1051749,0.0,0.0,0.0,0.0,0.0,1.0,0.0
1052216,0.0,0.0,0.0,0.0,0.0,2.0,0.0
1052716,0.0,0.0,0.0,0.0,0.0,0.0,0.0
1054280,0.0,0.0,0.0,0.0,0.0,1.0,0.0
1054780,0.0,0.0,0.0,0.0,0.0,0.0,0.0
1054914,0.0,0.0,0.0,0.0,0.0,1.0,0.0
1055414,0.0,0.0,0.0,0.0,0.0,0.0,0.0
1057078,0.0,0.0,0.0,0.0,0.0,1.0,0.0
1057079,0.0,0.0,0.0,0.0,0.0,2.0,0.0
1057579,0.0,0.0,0.0,0.0,0.0,0.0,0.0
1058184,0.0,0.0,0.0,0.0,0.0,1.0,0.0
1058684,0.0,0.0,0.0,0.0,0.0,0.0,0.0
1059166,0.0,2.0,0.0,0.0,0.0,1.0,0.0
1059174,0.0,2.0,0.0,0.0,0.0,2.0,0.0
1059666,0.0,0.0,0.0,0.0,0.0,2.0,0.0
1059674,0.0,0.0,0.0,0.0,0.0,0.0,0.0
1060215,0.0,0.0,0.0,0.0,0.0,1.0,0.0
1060219,0.0,0.0,0.0,0.0,0.0,2.0,0.0
1060719,0.0,0.0,0.0,0.0,0.0,0.0,0.0
1061040,0.0,0.0,0.0,0.0,0.0,1.0,0.0
1061305,0.0,0.0,0.0,0.0,0.0,2.0,0.0
1061805,0.0,0.0,0.0,0.0,0.0,0.0,0.0
1061953,0.0,0.0,0.0,0.0,0.0,1.0,0.0
1061966,0.0,0.0,0.0,0.0,0.0,2.0,0.0
1062466,0.0,0.0,0.0,0.0,0.0,0.0,0.0
1063490,0.0,0.0,0.0,0.0,0.0,1.0,0.0
1063990,0.0,0.0,0.0,0.0,0.0,0.0,0.0
1065479,0.0,0.0,0.0,0.0,0.0,1.0,0.0
1065979,0.0,0.0,0.0,0.0,0.0,0.0,0.0
1066327,0.0,0.0,0.0,0.0,0.0,1.0,0.0
1066827,0.0,0.0,0.0,0.0,0.0,0.0,0.0
1068353,0.0,0.0,0.0,0.0,0.0,1.0,0.0
1068853,0.0,0.0,0.0,0.0,0.0,0.0,0.0
1070177,0.0,0.0,0.0,0.0,0.0,1.0,0.0
1070677,0.0,0.0,0.0,0.0,0.0,0.0,0.0
1071136,0.0,0.0,0.0,0.0,0.0,1.0,0.0
1071636,0.0,0.0,0.0,0.0,0.0,0.0,0.0
1072507,0.0,0.0,0.0,0.0,0.0,1.0,0.0
1073007,0.0,0.0,0.0,0.0,0.0,0.0,0.0
1073859,0.0,0.0,0.0,0.0,0.0,1.0,0.0
1074359,0.0,0.0,0.0,0.0,0.0,0.0,0.0
1074489,0.0,0.0,0.0,0.0,0.0,1.0,0.0
1074989,0.0,0.0,0.0,0.0,0.0,0.0,0.0
1076353,0.0,0.0,0.0,0.0,0.0,1.0,0.0
1076853,0.0,0.0,0.0,0.0,0.0,0.0,0.0
1078059,0.0,0.0,0.0,0.0,0.0,1.0,0.0
1078487,0.0,0.0,0.0,0.0,0.0,2.0,0.0
1078987,0.0,0.0,0.0,0.0,0.0,0.0,0.0
1079130,0.0,0.0,0.0,0.0,0.0,1.0,0.0
1079630,0.0,0.0,0.0,0.0,0.0,0.0,0.0
1080529,0.0,0.0,0.0,0.0,0.0,1.0,0.0
1081029,0.0,0.0,0.0,0.0,0.0,0.0,0.0
1081045,0.0,0.0,0.0,0.0,0.0,1.0,0.0
1081545,0.0,0.0,0.0,0.0,0.0,0.0,0.0
1082136,0.0,0.0,0.0,0.0,0.0,1.0,0.0
1082636,0.0,0.0,0.0,0.0,0.0,0.0,0.0
1082906,0.0,0.0,0.0,0.0,0.0,1.0,0.0
1082908,0.0,0.0,0.0,0.0,0.0,2.0,0.0
1083408,0.0,0.0,0.0,0.0,0.0,0.0,0.0
1086716,0.0,0.0,0.0,0.0,0.0,1.0,0.0
1087216,0.0,0.0,0.0,0.0,0.0,0.0,0.0
1087458,0.0,0.0,0.0,0.0,0.0,1.0,0.0
1087958,0.0,0.0,0.0,0.0,0.0,0.0,0.0
1088583,0.0,0.0,0.0,0.0,0.0,1.0,0.0
1088595,0.0,0.0,0.0,0.0,0.0,2.0,0.0
1089095,0.0,0.0,0.0,0.0,0.0,0.0,0.0
1089244,0.0,0.0,0.0,0.0,0.0,1.0,0.0
1089246,0.0,0.0,0.0,0.0,0.0,2.0,0.0
1089746,0.0,0.0,0.0,0.0,0.0,0.0,0.0
1089778,0.0,0.0,0.0,0.0,0.0,1.0,0.0
1089940,0.0,0.0,0.0,0.0,0.0,2.0,0.0
1090075,0.0,2.0,0.0,0.0,0.0,2.0,0.0
1090440,0.0,2.0,0.0,0.0,0.0,0.0,0.0
1090575,0.0,0.0,0.0,0.0,0.0,0.0,0.0
1091772,0.0,0.0,0.0,0.0,0.0,1.0,0.0
1091774,0.0,0.0,0.0,0.0,0.0,2.0,0.0
1092274,0.0,0.0,0.0,0.0,0.0,0.0,0.0
1093707,0.0,0.0,0.0,0.0,0.0,1.0,0.0
1094207,0.0,0.0,0.0,0.0,0.0,0.0,0.0
1098226,0.0,0.0,0.0,0.0,0.0,1.0,0.0
1098228,0.0,0.0,0.0,0.0,0.0,2.0,0.0
1098728,0.0,0.0,0.0,0.0,0.0,0.0,0.0
1099084,0.0,0.0,0.0,0.0,0.0,1.0,0.0
1099160,0.0,0.0,0.0,0.0,0.0,2.0,0.0
1099660,0.0,0.0,0.0,0.0,0.0,0.0,0.0
1105878,0.0,0.0,0.0,0.0,0.0,1.0,0.0
1106378,0.0,0.0,0.0,0.0,0.0,0.0,0.0
1107813,0.0,0.0,0.0,0.0,0.0,1.0,0.0
1108313,0.0,0.0,0.0,0.0,0.0,0.0,0.0
1108603,0.0,0.0,0.0,0.0,0.0,1.0,0.0
1109103,0.0,0.0,0.0,0.0,0.0,0.0,0.0
1110780,0.0,0.0,0.0,0.0,0.0,1.0,0.0
1111280,0.0,0.0,0.0,0.0,0.0,0.0,0.0
1111533,0.0,0.0,0.0,0.0,0.0,1.0,0.0
1111535,0.0,0.0,0.0,0.0,0.0,2.0,0.0
1112035,0.0,0.0,0.0,0.0,0.0,0.0,0.0
1113987,0.0,0.0,0.0,0.0,0.0,1.0,0.0
1114487,0.0,0.0,0.0,0.0,0.0,0.0,0.0
1114795,0.0,0.0,0.0,0.0,0.0,1.0,0.0
1115295,0.0,0.0,0.0,0.0,0.0,0.0,0.0
1115354,0.0,0.0,0.0,0.0,0.0,1.0,0.0
1115854,0.0,0.0,0.0,0.0,0.0,0.0,0.0
1120582,0.0,0.0,0.0,0.0,0.0,1.0,0.0
1121082,0.0,0.0,0.0,0.0,0.0,0.0,0.0
1122211,0.0,0.0,0.0,0.0,0.0,1.0,0.0
1122711,0.0,0.0,0.0,0.0,0.0,0.0,0.0
1122807,0.0,0.0,0.0,0.0,0.0,1.0,0.0
1123307,0.0,0.0,0.0,0.0,0.0,0.0,0.0
1123666,0.0,0.0,0.0,0.0,0.0,1.0,0.0
1123863,0.0,0.0,0.0,0.0,0.0,2.0,0.0
1124363,0.0,0.0,0.0,0.0,0.0,0.0,0.0
1124368,0.0,0.0,0.0,0.0,0.0,1.0,0.0
1124868,0.0,0.0,0.0,0.0,0.0,0.0,0.0
1125258,0.0,0.0,0.0,0.0,0.0,1.0,0.0
1125758,0.0,0.0,0.0,0.0,0.0,0.0,0.0
1127174,0.0,0.0,0.0,0.0,0.0,1.0,0.0
1127674,0.0,0.0,0.0,0.0,0.0,0.0,0.0
1128649,0.0,0.0,0.0,0.0,0.0,1.0,0.0
1129149,0.0,0.0,0.0,0.0,0.0,0.0,0.0
1130302,0.0,0.0,0.0,0.0,0.0,1.0,0.0
1130802,0.0,0.0,0.0,0.0,0.0,0.0,0.0
1133138,0.0,0.0,0.0,0.0,0.0,1.0,0.0
1133638,0.0,0.0,0.0,0.0,0.0,0.0,0.0
1133900,0.0,0.0,0.0,0.0,0.0,1.0,0.0
1134400,0.0,0.0,0.0,0.0,0.0,0.0,0.0
1137070,0.0,0.0,0.0,0.0,0.0,1.0,0.0
1137570,0.0,0.0,0.0,0.0,0.0,0.0,0.0
1137976,0.0,0.0,0.0,0.0,0.0,1.0,0.0
1138476,0.0,0.0,0.0,0.0,0.0,0.0,0.0
1140046,0.0,0.0,0.0,0.0,0.0,1.0,0.0
1140546,0.0,0.0,0.0,0.0,0.0,0.0,0.0
1140999,0.0,0.0,0.0,0.0,0.0,1.0,0.0
1141025,0.0,0.0,0.0,0.0,1.0,1.0,0.0
1141026,0.0,0.0,0.0,0.0,1.0,2.0,0.0
1141525,0.0,0.0,0.0,0.0,0.0,2.0,0.0
1141526,0.0,0.0,0.0,0.0,0.0,0.0,0.0
1142611,0.0,0.0,0.0,0.0,1.0,0.0,0.0
1143111,0.0,0.0,0.0,0.0,0.0,0.0,0.0
1149088,0.0,0.0,0.0,0.0,0.0,1.0,0.0
1149588,0.0,0.0,0.0,0.0,0.0,0.0,0.0
1150453,0.0,0.0,0.0,0.0,0.0,1.0,0.0
1150455,0.0,0.0,0.0,0.0,0.0,2.0,0.0
1150955,0.0,0.0,0.0,0.0,0.0,0.0,0.0
1153035,0.0,0.0,0.0,0.0,0.0,1.0,0.0
1153535,0.0,0.0,0.0,0.0,0.0,0.0,0.0
1155933,0.0,0.0,0.0,0.0,0.0,1.0,0.0
1156433,0.0,0.0,0.0,0.0,0.0,0.0,0.0
1158284,0.0,0.0,0.0,0.0,0.0,1.0,0.0
1158784,0.0,0.0,0.0,0.0,0.0,0.0,0.0
1162399,0.0,0.0,0.0,0.0,0.0,1.0,0.0
1162899,0.0,0.0,0.0,0.0,0.0,0.0,0.0
1162901,0.0,0.0,0.0,0.0,0.0,1.0,0.0
1163401,0.0,0.0,0.0,0.0,0.0,0.0,0.0
1164355,0.0,0.0,0.0,0.0,0.0,1.0,0.0
1164855,0.0,0.0,0.0,0.0,0.0,0.0,0.0
1165967,0.0,0.0,0.0,0.0,0.0,1.0,0.0
1166467,0.0,0.0,0.0,0.0,0.0,0.0,0.0
1167366,0.0,0.0,0.0,0.0,0.0,1.0,0.0
1167866,0.0,0.0,0.0,0.0,0.0,0.0,0.0
1168409,0.0,0.0,0.0,0.0,0.0,1.0,0.0
1168909,0.0,0.0,0.0,0.0,0.0,0.0,0.0
1169348,0.0,0.0,0.0,0.0,0.0,1.0,0.0
1169848,0.0,0.0,0.0,0.0,0.0,0.0,0.0
1172985,0.0,0.0,0.0,0.0,0.0,1.0,0.0
1173485,0.0,0.0,0.0,0.0,0.0,0.0,0.0
1174537,0.0,0.0,0.0,0.0,0.0,1.0,0.0
1175037,0.0,0.0,0.0,0.0,0.0,0.0,0.0
1175571,0.0,0.0,0.0,0.0,0.0,1.0,0.0
1176071,0.0,0.0,0.0,0.0,0.0,0.0,0.0
1176496,0.0,0.0,0.0,0.0,0.0,1.0,0.0
1176523,0.0,0.0,0.0,0.0,0.0,2.0,0.0
1177023,0.0,0.0,0.0,0.0,0.0,0.0,0.0
1180350,0.0,0.0,0.0,0.0,0.0,1.0,0.0
1180850,0.0,0.0,0.0,0.0,0.0,0.0,0.0
1181352,0.0,0.0,0.0,0.0,0.0,1.0,0.0
1181852,0.0,0.0,0.0,0.0,0.0,0.0,0.0
1182187,0.0,0.0,0.0,0.0,0.0,1.0,0.0
1182687,0.0,0.0,0.0,0.0,0.0,0.0,0.0
1185340,0.0,0.0,0.0,0.0,0.0,1.0,0.0
1185840,0.0,0.0,0.0,0.0,0.0,0.0,0.0
1186489,0.0,0.0,0.0,0.0,0.0,1.0,0.0
1186989,0.0,0.0,0.0,0.0,0.0,0.0,0.0
1188756,0.0,0.0,0.0,0.0,0.0,1.0,0.0
1189256,0.0,0.0,0.0,0.0,0.0,0.0,0.0
1189275,0.0,0.0,0.0,0.0,0.0,1.0,0.0
1189775,0.0,0.0,0.0,0.0,0.0,0.0,0.0
1190148,0.0,0.0,0.0,0.0,0.0,1.0,0.0
1190648,0.0,0.0,0.0,0.0,0.0,0.0,0.0
1191361,0.0,0.0,0.0,0.0,0.0,1.0,0.0
1191861,0.0,0.0,0.0,0.0,0.0,0.0,0.0
1192036,0.0,0.0,0.0,0.0,0.0,1.0,0.0
1192536,0.0,0.0,0.0,0.0,0.0,0.0,0.0
1193630,0.0,0.0,0.0,0.0,0.0,1.0,0.0
1194130,0.0,0.0,0.0,0.0,0.0,0.0,0.0
1194384,0.0,0.0,0.0,0.0,0.0,1.0,0.0
1194884,0.0,0.0,0.0,0.0,0.0,0.0,0.0
1195483,0.0,0.0,0.0,0.0,0.0,1.0,0.0
1195983,0.0,0.0,0.0,0.0,0.0,0.0,0.0
1196406,0.0,0.0,0.0,0.0,0.0,1.0,0.0
1196906,0.0,0.0,0.0,0.0,0.0,0.0,0.0
1198611,0.0,0.0,0.0,0.0,0.0,1.0,0.0
1199111,0.0,0.0,0.0,0.0,0.0,0.0,0.0
1200305,0.0,0.0,0.0,0.0,0.0,1.0,0.0
1200805,0.0,0.0,0.0,0.0,0.0,0.0,0.0
1201100,0.0,0.0,0.0,0.0,0.0,0.0,1.0
1201189,0.0,0.0,0.0,0.0,0.0,1.0,1.0
1201600,0.0,0.0,0.0,0.0,0.0,1.0,0.0
1201689,0.0,0.0,0.0,0.0,0.0,0.0,0.0
1202162,0.0,0.0,0.0,0.0,0.0,1.0,0.0
1202276,0.0,2.0,0.0,0.0,0.0,1.0,0.0
1202431,2.0,2.0,0.0,0.0,0.0,1.0,0.0
1202472,2.0,2.0,0.0,0.0,0.0,2.0,0.0
1202776,2.0,0.0,0.0,0.0,0.0,2.0,0.0
1202931,0.0,0.0,0.0,0.0,0.0,2.0,0.0
1202972,0.0,0.0,0.0,0.0,0.0,0.0,0.0
1203541,0.0,0.0,0.0,0.0,0.0,1.0,0.0
1204041,0.0,0.0,0.0,0.0,0.0,0.0,0.0
1204336,0.0,0.0,0.0,0.0,1.0,0.0,0.0
1204545,0.0,0.0,0.0,0.0,1.0,1.0,0.0
1204936,0.0,0.0,0.0,0.0,2.0,1.0,0.0
1205045,0.0,0.0,0.0,0.0,2.0,0.0,0.0
1205121,0.0,0.0,0.0,0.0,2.0,1.0,0.0
1205165,0.0,0.0,0.0,0.0,2.0,2.0,0.0
1205436,0.0,0.0,0.0,0.0,0.0,2.0,0.0
1205665,0.0,0.0,0.0,0.0,0.0,0.0,0.0
1206944,0.0,0.0,0.0,0.0,1.0,0.0,0.0
1207444,0.0,0.0,0.0,0.0,0.0,0.0,0.0
1209285,0.0,0.0,0.0,0.0,0.0,1.0,0.0
1209785,0.0,0.0,0.0,0.0,0.0,0.0,0.0
1210057,0.0,0.0,0.0,0.0,0.0,1.0,0.0
1210557,0.0,0.0,0.0,0.0,0.0,0.0,0.0
1211179,0.0,0.0,0.0,0.0,0.0,1.0,0.0
1211679,0.0,0.0,0.0,0.0,0.0,0.0,0.0
1212057,0.0,0.0,0.0,0.0,0.0,1.0,0.0
1212557,0.0,0.0,0.0,0.0,0.0,0.0,0.0
1213812,0.0,0.0,0.0,0.0,0.0,1.0,0.0
1214312,0.0,0.0,0.0,0.0,0.0,0.0,0.0
1215466,0.0,0.0,0.0,0.0,0.0,1.0,0.0
1215966,0.0,0.0,0.0,0.0,0.0,0.0,0.0
1216334,0.0,0.0,0.0,0.0,0.0,1.0,0.0
1216341,0.0,0.0,0.0,0.0,0.0,2.0,0.0
1216841,0.0,0.0,0.0,0.0,0.0,0.0,0.0
1218001,0.0,0.0,0.0,0.0,0.0,1.0,0.0
1218501,0.0,0.0,0.0,0.0,0.0,0.0,0.0
1221162,0.0,0.0,0.0,0.0,0.0,1.0,0.0
1221662,0.0,0.0,0.0,0.0,0.0,0.0,0.0
1223348,0.0,0.0,0.0,0.0,0.0,1.0,0.0
1223848,0.0,0.0,0.0,0.0,0.0,0.0,0.0
1224367,0.0,0.0,0.0,0.0,0.0,1.0,0.0
1224867,0.0,0.0,0.0,0.0,0.0,0.0,0.0
1224878,0.0,0.0,0.0,0.0,0.0,1.0,0.0
1225378,0.0,0.0,0.0,0.0,0.0,0.0,0.0
1226234,0.0,0.0,0.0,0.0,0.0,1.0,0.0
1226734,0.0,0.0,0.0,0.0,0.0,0.0,0.0
1226964,0.0,0.0,0.0,0.0,0.0,1.0,0.0
1227353,0.0,0.0,0.0,0.0,0.0,2.0,0.0
1227853,0.0,0.0,0.0,0.0,0.0,0.0,0.0
1230153,0.0,0.0,0.0,0.0,0.0,1.0,0.0
1230653,0.0,0.0,0.0,0.0,0.0,0.0,0.0
1231486,0.0,0.0,0.0,0.0,0.0,1.0,0.0
1231986,0.0,0.0,0.0,0.0,0.0,0.0,0.0
1232739,0.0,0.0,0.0,0.0,0.0,1.0,0.0
1232741,0.0,0.0,0.0,0.0,0.0,2.0,0.0
1233241,0.0,0.0,0.0,0.0,0.0,0.0,0.0
1233478,0.0,0.0,0.0,0.0,0.0,1.0,0.0
1233978,0.0,0.0,0.0,0.0,0.0,0.0,0.0
1234279,0.0,0.0,0.0,0.0,0.0,1.0,0.0
1234419,0.0,0.0,0.0,0.0,0.0,2.0,0.0
1234919,0.0,0.0,0.0,0.0,0.0,0.0,0.0
1234974,0.0,0.0,0.0,0.0,0.0,1.0,0.0
1235474,0.0,0.0,0.0,0.0,0.0,0.0,0.0
1235480,0.0,0.0,0.0,0.0,0.0,1.0,0.0
1235980,0.0,0.0,0.0,0.0,0.0,0.0,0.0
1236065,0.0,0.0,0.0,0.0,0.0,1.0,0.0
1236565,0.0,0.0,0.0,0.0,0.0,0.0,0.0
1237607,0.0,0.0,0.0,0.0,0.0,1.0,0.0
1237609,0.0,0.0,0.0,0.0,0.0,2.0,0.0
1238109,0.0,0.0,0.0,0.0,0.0,0.0,0.0
1239508,0.0,0.0,0.0,0.0,0.0,1.0,0.0
1239510,0.0,0.0,0.0,0.0,0.0,2.0,0.0
1240010,0.0,0.0,0.0,0.0,0.0,0.0,0.0
1241931,0.0,0.0,0.0,0.0,0.0,1.0,0.0
1242431,0.0,0.0,0.0,0.0,0.0,0.0,0.0
1243469,0.0,0.0,0.0,0.0,0.0,1.0,0.0
1243470,0.0,0.0,0.0,0.0,0.0,2.0,0.0
1243970,0.0,0.0,0.0,0.0,0.0,0.0,0.0
1246804,0.0,0.0,0.0,0.0,0.0,1.0,0.0
1247304,0.0,0.0,0.0,0.0,0.0,0.0,0.0
1249953,0.0,0.0,0.0,0.0,0.0,1.0,0.0
1250453,0.0,0.0,0.0,0.0,0.0,0.0,0.0
1250977,0.0,0.0,0.0,0.0,1.0,0.0,0.0
1251306,0.0,0.0,0.0,0.0,1.0,1.0,0.0
1251338,0.0,0.0,0.0,0.0,1.0,2.0,0.0
1251477,0.0,0.0,0.0,0.0,0.0,2.0,0.0
1251838,0.0,0.0,0.0,0.0,0.0,0.0,0.0
1252414,0.0,0.0,0.0,0.0,0.0,1.0,0.0
1252425,0.0,0.0,0.0,0.0,0.0,2.0,0.0
1252925,0.0,0.0,0.0,0.0,0.0,0.0,0.0
1254497,0.0,0.0,0.0,0.0,0.0,1.0,0.0
1254504,0.0,0.0,0.0,0.0,0.0,2.0,0.0
1255004,0.0,0.0,0.0,0.0,0.0,0.0,0.0
1255219,0.0,0.0,0.0,0.0,0.0,1.0,0.0
1255719,0.0,0.0,0.0,0.0,0.0,0.0,0.0
1256059,0.0,0.0,0.0,0.0,0.0,1.0,0.0
1256068,0.0,0.0,0.0,0.0,0.0,2.0,0.0
1256568,0.0,0.0,0.0,0.0,0.0,0.0,0.0
1256957,0.0,0.0,0.0,0.0,0.0,1.0,0.0
1257457,0.0,0.0,0.0,0.0,0.0,0.0,0.0
1257517,0.0,2.0,0.0,0.0,0.0,0.0,0.0
1257522,0.0,2.0,0.0,0.0,0.0,1.0,0.0
1258017,0.0,0.0,0.0,0.0,0.0,1.0,0.0
1258022,0.0,0.0,0.0,0.0,0.0,0.0,0.0
1260973,0.0,0.0,0.0,0.0,0.0,1.0,0.0
1261267,0.0,0.0,0.0,0.0,0.0,2.0,0.0
1261767,0.0,0.0,0.0,0.0,0.0,0.0,0.0
1263306,0.0,0.0,0.0,0.0,0.0,1.0,0.0
1263806,0.0,0.0,0.0,0.0,0.0,0.0,0.0
1263860,0.0,0.0,0.0,0.0,0.0,1.0,0.0
1264360,0.0,0.0,0.0,0.0,0.0,0.0,0.0
1265382,0.0,0.0,0.0,0.0,0.0,1.0,0.0
1265386,0.0,0.0,0.0,0.0,0.0,2.0,0.0
1265886,0.0,0.0,0.0,0.0,0.0,0.0,0.0
1266062,0.0,0.0,0.0,0.0,0.0,1.0,0.0
1266562,0.0,0.0,0.0,0.0,0.0,0.0,0.0
1267025,0.0,0.0,0.0,0.0,0.0,1.0,0.0
1267525,0.0,0.0,0.0,0.0,0.0,0.0,0.0
1267553,0.0,0.0,0.0,0.0,0.0,1.0,0.0
1268053,0.0,0.0,0.0,0.0,0.0,0.0,0.0
1268066,0.0,0.0,0.0,0.0,0.0,1.0,0.0
1268566,0.0,0.0,0.0,0.0,0.0,0.0,0.0
1268607,0.0,0.0,0.0,0.0,0.0,1.0,0.0
1268609,0.0,0.0,0.0,0.0,0.0,2.0,0.0
1269109,0.0,0.0,0.0,0.0,0.0,0.0,0.0
1269809,0.0,0.0,0.0,0.0,0.0,1.0,0.0
1270309,0.0,0.0,0.0,0.0,0.0,0.0,0.0
1271826,0.0,0.0,0.0,0.0,0.0,1.0,0.0
1272326,0.0,0.0,0.0,0.0,0.0,0.0,0.0
1273040,0.0,0.0,0.0,0.0,0.0,1.0,0.0
1273540,0.0,0.0,0.0,0.0,0.0,0.0,0.0
1273582,0.0,0.0,0.0,0.0,0.0,1.0,0.0
1274082,0.0,0.0,0.0,0.0,0.0,0.0,0.0
1274101,0.0,0.0,0.0,0.0,0.0,1.0,0.0
1274601,0.0,0.0,0.0,0.0,0.0,0.0,0.0
1274772,0.0,0.0,0.0,0.0,0.0,1.0,0.0
1275272,0.0,0.0,0.0,0.0,0.0,0.0,0.0
1275580,0.0,0.0,0.0,0.0,0.0,1.0,0.0
1275582,0.0,0.0,0.0,0.0,0.0,2.0,0.0
1276082,0.0,0.0,0.0,0.0,0.0,0.0,0.0
1281102,0.0,0.0,0.0,0.0,0.0,1.0,0.0
1281158,0.0,2.0,0.0,0.0,0.0,1.0,0.0
1281602,0.0,2.0,0.0,0.0,0.0,0.0,0.0
1281658,0.0,0.0,0.0,0.0,0.0,0.0,0.0
1283749,0.0,2.0,0.0,0.0,0.0,0.0,0.0
1284249,0.0,0.0,0.0,0.0,0.0,0.0,0.0
1287828,0.0,0.0,0.0,0.0,0.0,1.0,0.0
1288328,0.0,0.0,0.0,0.0,0.0,0.0,0.0
1288533,0.0,0.0,0.0,0.0,0.0,1.0,0.0
1288536,0.0,0.0,0.0,0.0,0.0,2.0,0.0
1289036,0.0,0.0,0.0,0.0,0.0,0.0,0.0
1289314,0.0,0.0,0.0,0.0,0.0,1.0,0.0
1289814,0.0,0.0,0.0,0.0,0.0,0.0,0.0
1290122,0.0,0.0,0.0,0.0,0.0,1.0,0.0
1290506,0.0,0.0,0.0,0.0,0.0,2.0,0.0
1291006,0.0,0.0,0.0,0.0,0.0,0.0,0.0
1291859,0.0,0.0,0.0,0.0,0.0,1.0,0.0
1292359,0.0,0.0,0.0,0.0,0.0,0.0,0.0
1292756,0.0,0.0,0.0,0.0,0.0,1.0,0.0
1293256,0.0,0.0,0.0,0.0,0.0,0.0,0.0
1294484,0.0,0.0,0.0,0.0,0.0,1.0,0.0
1294984,0.0,0.0,0.0,0.0,0.0,0.0,0.0
1295213,0.0,0.0,0.0,0.0,0.0,1.0,0.0
1295713,0.0,0.0,0.0,0.0,0.0,0.0,0.0
1296146,0.0,0.0,0.0,0.0,0.0,1.0,0.0
1296646,0.0,0.0,0.0,0.0,0.0,0.0,0.0
1298680,0.0,0.0,0.0,0.0,0.0,1.0,0.0
1298683,0.0,0.0,0.0,0.0,0.0,2.0,0.0
1299183,0.0,0.0,0.0,0.0,0.0,0.0,0.0
1303147,0.0,0.0,0.0,0.0,1.0,0.0,0.0
1303647,0.0,0.0,0.0,0.0,0.0,0.0,0.0
1305271,0.0,0.0,0.0,0.0,0.0,1.0,0.0
1305771,0.0,0.0,0.0,0.0,0.0,0.0,0.0
1308084,0.0,0.0,0.0,0.0,1.0,0.0,0.0
1308584,0.0,0.0,0.0,0.0,0.0,0.0,0.0
1309430,0.0,0.0,0.0,0.0,1.0,0.0,0.0
1309930,0.0,0.0,0.0,0.0,0.0,0.0,0.0
1310206,0.0,0.0,0.0,0.0,0.0,1.0,0.0
1310706,0.0,0.0,0.0,0.0,0.0,0.0,0.0
1311315,0.0,0.0,0.0,0.0,0.0,1.0,0.0
1311815,0.0,0.0,0.0,0.0,0.0,0.0,0.0
1312770,0.0,0.0,0.0,0.0,0.0,1.0,0.0
1313270,0.0,0.0,0.0,0.0,0.0,0.0,0.0
1313591,0.0,0.0,0.0,0.0,0.0,1.0,0.0
1313593,0.0,0.0,0.0,0.0,0.0,2.0,0.0
1314093,0.0,0.0,0.0,0.0,0.0,0.0,0.0
1314221,0.0,0.0,0.0,0.0,0.0,1.0,0.0
1314721,0.0,0.0,0.0,0.0,0.0,0.0,0.0
1318033,0.0,0.0,0.0,0.0,0.0,1.0,0.0
1318533,0.0,0.0,0.0,0.0,0.0,0.0,0.0
1318773,0.0,0.0,0.0,0.0,0.0,1.0,0.0
1318777,0.0,0.0,0.0,0.0,0.0,2.0,0.0
1319277,0.0,0.0,0.0,0.0,0.0,0.0,0.0
1321487,0.0,0.0,0.0,0.0,0.0,1.0,0.0
1321987,0.0,0.0,0.0,0.0,0.0,0.0,0.0
1324865,0.0,0.0,0.0,0.0,0.0,1.0,0.0
1325365,0.0,0.0,0.0,0.0,0.0,0.0,0.0
1327519,0.0,0.0,0.0,0.0,0.0,1.0,0.0
1328019,0.0,0.0,0.0,0.0,0.0,0.0,0.0
1336267,0.0,0.0,0.0,0.0,0.0,1.0,0.0
1336767,0.0,0.0,0.0,0.0,0.0,0.0,0.0
1341961,0.0,0.0,0.0,0.0,0.0,1.0,0.0
1341965,0.0,0.0,0.0,0.0,0.0,2.0,0.0
1342465,0.0,0.0,0.0,0.0,0.0,0.0,0.0
1343668,0.0,0.0,0.0,0.0,0.0,1.0,0.0
1344168,0.0,0.0,0.0,0.0,0.0,0.0,0.0
1347653,0.0,0.0,0.0,0.0,0.0,1.0,0.0
1348153,0.0,0.0,0.0,0.0,0.0,0.0,0.0
1354287,0.0,0.0,0.0,0.0,0.0,1.0,0.0
1354787,0.0,0.0,0.0,0.0,0.0,0.0,0.0
1355222,0.0,0.0,0.0,0.0,0.0,1.0,0.0
1355223,0.0,0.0,0.0,0.0,0.0,2.0,0.0
1355723,0.0,0.0,0.0,0.0,0.0,0.0,0.0
1362189,0.0,0.0,0.0,0.0,1.0,0.0,0.0
1362689,0.0,0.0,0.0,0.0,0.0,0.0,0.0
1363407,0.0,0.0,0.0,0.0,1.0,1.0,0.0
1363907,0.0,0.0,0.0,0.0,0.0,0.0,0.0
1365830,0.0,0.0,0.0,0.0,0.0,1.0,0.0
1366330,0.0,0.0,0.0,0.0,0.0,0.0,0.0
1366342,0.0,0.0,0.0,0.0,0.0,1.0,0.0
1366842,0.0,0.0,0.0,0.0,0.0,0.0,0.0
1367340,0.0,0.0,0.0,0.0,0.0,1.0,0.0
1367840,0.0,0.0,0.0,0.0,0.0,0.0,0.0
1368157,0.0,0.0,0.0,0.0,0.0,1.0,0.0
1368657,0.0,0.0,0.0,0.0,0.0,0.0,0.0
1368681,0.0,0.0,0.0,0.0,0.0,1.0,0.0
1368683,0.0,0.0,0.0,0.0,0.0,2.0,0.0
1369183,0.0,0.0,0.0,0.0,0.0,0.0,0.0
1370458,0.0,0.0,0.0,0.0,0.0,1.0,0.0
1370958,0.0,0.0,0.0,0.0,0.0,0.0,0.0
1375558,0.0,0.0,0.0,0.0,0.0,1.0,0.0
1376051,0.0,0.0,0.0,0.0,0.0,2.0,0.0
1376551,0.0,0.0,0.0,0.0,0.0,0.0,0.0
1378355,0.0,0.0,0.0,0.0,0.0,1.0,0.0
1378855,0.0,0.0,0.0,0.0,0.0,0.0,0.0
1378947,0.0,0.0,0.0,0.0,0.0,1.0,0.0
1379447,0.0,0.0,0.0,0.0,0.0,0.0,0.0
1380331,0.0,0.0,0.0,0.0,0.0,1.0,0.0
1380831,0.0,0.0,0.0,0.0,0.0,0.0,0.0
1385637,0.0,0.0,0.0,0.0,0.0,1.0,0.0
1385639,0.0,0.0,0.0,0.0,0.0,2.0,0.0
1386139,0.0,0.0,0.0,0.0,0.0,0.0,0.0
1386309,0.0,0.0,0.0,0.0,0.0,1.0,0.0
1386809,0.0,0.0,0.0,0.0,0.0,0.0,0.0
1389704,0.0,0.0,0.0,0.0,0.0,1.0,0.0
1390204,0.0,0.0,0.0,0.0,0.0,0.0,0.0
1397468,0.0,0.0,0.0,0.0,0.0,1.0,0.0
1397968,0.0,0.0,0.0,0.0,0.0,0.0,0.0
1398906,0.0,0.0,0.0,0.0,0.0,1.0,0.0
1399406,0.0,0.0,0.0,0.0,0.0,0.0,0.0
1400076,0.0,0.0,0.0,0.0,0.0,1.0,0.0
1400576,0.0,0.0,0.0,0.0,0.0,0.0,0.0
1401300,0.0,0.0,0.0,0.0,0.0,0.0,1.0
1401420,0.0,0.0,0.0,0.0,0.0,1.0,1.0
1401800,0.0,0.0,0.0,0.0,0.0,1.0,0.0
1401920,0.0,0.0,0.0,0.0,0.0,0.0,0.0
1402194,0.0,0.0,0.0,0.0,0.0,1.0,0.0
1402694,0.0,0.0,0.0,0.0,0.0,0.0,0.0
1402753,0.0,0.0,0.0,0.0,1.0,0.0,0.0
1402761,0.0,2.0,0.0,0.0,1.0,0.0,0.0
1403016,0.0,2.0,0.0,0.0,1.0,1.0,0.0
1403039,2.0,2.0,0.0,0.0,1.0,1.0,0.0
1403085,2.0,2.0,0.0,0.0,2.0,1.0,0.0
1403261,2.0,0.0,0.0,0.0,2.0,1.0,0.0
1403516,2.0,0.0,0.0,0.0,2.0,0.0,0.0
1403539,0.0,0.0,0.0,0.0,2.0,0.0,0.0
1403585,0.0,0.0,0.0,0.0,0.0,0.0,0.0
1403594,0.0,0.0,0.0,0.0,0.0,1.0,0.0
1403807,2.0,0.0,0.0,0.0,0.0,1.0,0.0
1404094,2.0,0.0,0.0,0.0,0.0,0.0,0.0
1404307,0.0,0.0,0.0,0.0,0.0,0.0,0.0
1404741,0.0,0.0,0.0,0.0,0.0,1.0,0.0
1404760,0.0,0.0,0.0,0.0,0.0,2.0,0.0
1405260,0.0,0.0,0.0,0.0,0.0,0.0,0.0
1405279,2.0,0.0,0.0,0.0,0.0,0.0,0.0
1405601,2.0,0.0,0.0,0.0,0.0,1.0,0.0
1405779,0.0,0.0,0.0,0.0,0.0,1.0,0.0
1406101,0.0,0.0,0.0,0.0,0.0,0.0,0.0
1406894,0.0,0.0,0.0,0.0,0.0,1.0,0.0
1407394,0.0,0.0,0.0,0.0,0.0,0.0,0.0
1409062,0.0,0.0,0.0,0.0,0.0,1.0,0.0
1409562,0.0,0.0,0.0,0.0,0.0,0.0,0.0
1409647,0.0,0.0,0.0,0.0,0.0,1.0,0.0
1410147,0.0,0.0,0.0,0.0,0.0,0.0,0.0
1410696,0.0,0.0,0.0,0.0,0.0,1.0,0.0
1410831,0.0,0.0,0.0,0.0,1.0,1.0,0.0
1410832,0.0,0.0,0.0,0.0,2.0,1.0,0.0
1410834,0.0,0.0,0.0,0.0,2.0,2.0,0.0
1411332,0.0,0.0,0.0,0.0,0.0,2.0,0.0
1411334,0.0,0.0,0.0,0.0,0.0,0.0,0.0
1414792,0.0,0.0,0.0,0.0,0.0,1.0,0.0
1415292,0.0,0.0,0.0,0.0,0.0,0.0,0.0
1415302,0.0,0.0,0.0,0.0,0.0,1.0,0.0
1415304,0.0,0.0,0.0,0.0,0.0,2.0,0.0
1415310,0.0,0.0,0.0,0.0,1.0,2.0,0.0
1415804,0.0,0.0,0.0,0.0,1.0,0.0,0.0
1415810,0.0,0.0,0.0,0.0,0.0,0.0,0.0
1416849,0.0,0.0,0.0,0.0,0.0,1.0,0.0
1416853,0.0,0.0,0.0,0.0,0.0,2.0,0.0
1417353,0.0,0.0,0.0,0.0,0.0,0.0,0.0
1417669,0.0,0.0,0.0,0.0,0.0,1.0,0.0
1418169,0.0,0.0,0.0,0.0,0.0,0.0,0.0
1418791,0.0,0.0,0.0,0.0,0.0,1.0,0.0
1419291,0.0,0.0,0.0,0.0,0.0,0.0,0.0
1419583,0.0,0.0,0.0,0.0,0.0,1.0,0.0
1420083,0.0,0.0,0.0,0.0,0.0,0.0,0.0
1421324,0.0,0.0,0.0,0.0,0.0,1.0,0.0
1421824,0.0,0.0,0.0,0.0,0.0,0.0,0.0
1423495,0.0,0.0,0.0,0.0,0.0,1.0,0.0
1423995,0.0,0.0,0.0,0.0,0.0,0.0,0.0
1424467,0.0,0.0,0.0,0.0,0.0,1.0,0.0
1424967,0.0,0.0,0.0,0.0,0.0,0.0,0.0
1425652,0.0,0.0,0.0,0.0,0.0,1.0,0.0
1425659,0.0,0.0,0.0,0.0,0.0,2.0,0.0
1426159,0.0,0.0,0.0,0.0,0.0,0.0,0.0
1426259,0.0,0.0,0.0,0.0,0.0,1.0,0.0
1426759,0.0,0.0,0.0,0.0,0.0,0.0,0.0
1426802,0.0,0.0,0.0,0.0,0.0,1.0,0.0
1426810,0.0,0.0,0.0,0.0,0.0,2.0,0.0
1426853,0.0,0.0,0.0,0.0,1.0,2.0,0.0
1427310,0.0,0.0,0.0,0.0,1.0,0.0,0.0
1427353,0.0,0.0,0.0,0.0,0.0,0.0,0.0
1427440,0.0,0.0,0.0,0.0,0.0,1.0,0.0
1427940,0.0,0.0,0.0,0.0,0.0,0.0,0.0
1428379,0.0,0.0,0.0,0.0,0.0,1.0,0.0
1428399,0.0,0.0,0.0,0.0,0.0,2.0,0.0
1428899,0.0,0.0,0.0,0.0,0.0,0.0,0.0
1429255,0.0,0.0,0.0,0.0,0.0,1.0,0.0
1429755,0.0,0.0,0.0,0.0,0.0,0.0,0.0
1430242,0.0,0.0,0.0,0.0,0.0,1.0,0.0
1430248,0.0,0.0,0.0,0.0,1.0,2.0,0.0
1430748,0.0,0.0,0.0,0.0,0.0,0.0,0.0
1431855,0.0,0.0,0.0,0.0,1.0,0.0,0.0
1431856,0.0,0.0,0.0,0.0,1.0,1.0,0.0
1432355,0.0,0.0,0.0,0.0,0.0,1.0,0.0
1432356,0.0,0.0,0.0,0.0,0.0,0.0,0.0
1432541,0.0,0.0,0.0,0.0,0.0,1.0,0.0
1432543,0.0,0.0,0.0,0.0,0.0,2.0,0.0
1433043,0.0,0.0,0.0,0.0,0.0,0.0,0.0
1434962,0.0,0.0,0.0,0.0,0.0,1.0,0.0
1434963,0.0,0.0,0.0,0.0,0.0,2.0,0.0
1435463,0.0,0.0,0.0,0.0,0.0,0.0,0.0
1438922,0.0,0.0,0.0,0.0,0.0,1.0,0.0
1439422,0.0,0.0,0.0,0.0,0.0,0.0,0.0
1439505,0.0,0.0,0.0,0.0,0.0,1.0,0.0
1439529,0.0,0.0,0.0,0.0,0.0,2.0,0.0
1440029,0.0,0.0,0.0,0.0,0.0,0.0,0.0
1440836,0.0,0.0,0.0,0.0,0.0,1.0,0.0
1441336,0.0,0.0,0.0,0.0,0.0,0.0,0.0
1442778,0.0,0.0,0.0,0.0,0.0,1.0,0.0
1443278,0.0,0.0,0.0,0.0,0.0,0.0,0.0
1443325,0.0,0.0,0.0,0.0,0.0,1.0,0.0
1443825,0.0,0.0,0.0,0.0,0.0,0.0,0.0
1444385,0.0,0.0,0.0,0.0,0.0,1.0,0.0
1444885,0.0,0.0,0.0,0.0,0.0,0.0,0.0
1445227,0.0,0.0,0.0,0.0,0.0,1.0,0.0
1445727,0.0,0.0,0.0,0.0,0.0,0.0,0.0
1446767,0.0,0.0,0.0,0.0,0.0,1.0,0.0
1447239,0.0,0.0,0.0,0.0,0.0,2.0,0.0
1447739,0.0,0.0,0.0,0.0,0.0,0.0,0.0
1448924,0.0,0.0,0.0,0.0,0.0,1.0,0.0
1449424,0.0,0.0,0.0,0.0,0.0,0.0,0.0
1449455,0.0,0.0,0.0,0.0,0.0,1.0,0.0
1449955,0.0,0.0,0.0,0.0,0.0,0.0,0.0
1450086,0.0,0.0,0.0,0.0,0.0,1.0,0.0
1450092,0.0,0.0,0.0,0.0,0.0,2.0,0.0
1450592,0.0,0.0,0.0,0.0,0.0,0.0,0.0
1450852,0.0,0.0,0.0,0.0,0.0,1.0,0.0
1450859,0.0,0.0,0.0,0.0,0.0,2.0,0.0
1451359,0.0,0.0,0.0,0.0,0.0,0.0,0.0
1451576,0.0,0.0,0.0,0.0,0.0,1.0,0.0
1451588,0.0,0.0,0.0,0.0,0.0,2.0,0.0
1452088,0.0,0.0,0.0,0.0,0.0,0.0,0.0
1452221,0.0,0.0,0.0,0.0,0.0,1.0,0.0
1452721,0.0,0.0,0.0,0.0,0.0,0.0,0.0
1453543,0.0,0.0,0.0,0.0,0.0,1.0,0.0
1454043,0.0,0.0,0.0,0.0,0.0,0.0,0.0
1454566,0.0,0.0,0.0,0.0,0.0,1.0,0.0
1455066,0.0,0.0,0.0,0.0,0.0,0.0,0.0
1455460,0.0,0.0,0.0,0.0,1.0,0.0,0.0
1455461,0.0,0.0,0.0,0.0,1.0,1.0,0.0
1455960,0.0,0.0,0.0,0.0,0.0,1.0,0.0
1455961,0.0,0.0,0.0,0.0,0.0,0.0,0.0
1456250,0.0,0.0,0.0,0.0,0.0,1.0,0.0
1456750,0.0,0.0,0.0,0.0,0.0,0.0,0.0
1456872,0.0,0.0,0.0,0.0,0.0,1.0,0.0
1456979,0.0,0.0,0.0,0.0,0.0,2.0,0.0
1457479,0.0,0.0,0.0,0.0,0.0,0.0,0.0
1458717,0.0,0.0,0.0,0.0,0.0,1.0,0.0
1459217,0.0,0.0,0.0,0.0,0.0,0.0,0.0
1459691,0.0,0.0,0.0,0.0,0.0,1.0,0.0
1460191,0.0,0.0,0.0,0.0,0.0,0.0,0.0
1460292,0.0,0.0,0.0,0.0,0.0,1.0,0.0
1460792,0.0,0.0,0.0,0.0,0.0,0.0,0.0
1461305,0.0,0.0,0.0,0.0,0.0,1.0,0.0
1461805,0.0,0.0,0.0,0.0,0.0,0.0,0.0
1464254,0.0,0.0,0.0,0.0,0.0,1.0,0.0
1464599,0.0,0.0,0.0,0.0,0.0,2.0,0.0
1464999,0.0,2.0,0.0,0.0,0.0,2.0,0.0
1465099,0.0,2.0,0.0,0.0,0.0,0.0,0.0
1465499,0.0,0.0,0.0,0.0,0.0,0.0,0.0
1466448,0.0,0.0,0.0,0.0,0.0,1.0,0.0
1466684,0.0,0.0,0.0,0.0,0.0,2.0,0.0
1467184,0.0,0.0,0.0,0.0,0.0,0.0,0.0
1467516,0.0,0.0,0.0,0.0,0.0,1.0,0.0
1467518,0.0,0.0,0.0,0.0,0.0,2.0,0.0
1468018,0.0,0.0,0.0,0.0,0.0,0.0,0.0
1468884,0.0,0.0,0.0,0.0,0.0,1.0,0.0
1469384,0.0,0.0,0.0,0.0,0.0,0.0,0.0
1469602,0.0,0.0,0.0,0.0,0.0,1.0,0.0
1470102,0.0,0.0,0.0,0.0,0.0,0.0,0.0
1470266,0.0,0.0,0.0,0.0,0.0,1.0,0.0
1470766,0.0,0.0,0.0,0.0,0.0,0.0,0.0
1470953,0.0,0.0,0.0,0.0,0.0,1.0,0.0
1470956,0.0,0.0,0.0,0.0,0.0,2.0,0.0
1471456,0.0,0.0,0.0,0.0,0.0,0.0,0.0
1472477,0.0,0.0,0.0,0.0,0.0,1.0,0.0
1472977,0.0,0.0,0.0,0.0,0.0,0.0,0.0
1473750,0.0,0.0,0.0,0.0,0.0,1.0,0.0
1474250,0.0,0.0,0.0,0.0,0.0,0.0,0.0
1474418,0.0,0.0,0.0,0.0,0.0,1.0,0.0
1474445,0.0,0.0,0.0,0.0,0.0,2.0,0.0
1474945,0.0,0.0,0.0,0.0,0.0,0.0,0.0
1475017,0.0,0.0,0.0,0.0,0.0,1.0,0.0
1475517,0.0,0.0,0.0,0.0,0.0,0.0,0.0
1475824,0.0,0.0,0.0,0.0,0.0,1.0,0.0
1476324,0.0,0.0,0.0,0.0,0.0,0.0,0.0
1478298,0.0,0.0,0.0,0.0,0.0,1.0,0.0
1478798,0.0,0.0,0.0,0.0,0.0,0.0,0.0
1478960,0.0,0.0,0.0,0.0,0.0,1.0,0.0
1478966,0.0,0.0,0.0,0.0,0.0,2.0,0.0
1479466,0.0,0.0,0.0,0.0,0.0,0.0,0.0
1480825,0.0,0.0,0.0,0.0,0.0,1.0,0.0
1481171,0.0,0.0,0.0,0.0,0.0,2.0,0.0
1481671,0.0,0.0,0.0,0.0,0.0,0.0,0.0
1483578,0.0,0.0,0.0,0.0,0.0,1.0,0.0
1484078,0.0,0.0,0.0,0.0,0.0,0.0,0.0
1484336,0.0,0.0,0.0,0.0,0.0,1.0,0.0
1484836,0.0,0.0,0.0,0.0,0.0,0.0,0.0
1485495,0.0,0.0,0.0,0.0,0.0,1.0,0.0
1485995,0.0,0.0,0.0,0.0,0.0,0.0,0.0
1486322,0.0,0.0,0.0,0.0,0.0,1.0,0.0
1486324,0.0,0.0,0.0,0.0,0.0,2.0,0.0
1486824,0.0,0.0,0.0,0.0,0.0,0.0,0.0
1487209,0.0,0.0,0.0,0.0,0.0,1.0,0.0
1487709,0.0,0.0,0.0,0.0,0.0,0.0,0.0
1487735,0.0,2.0,0.0,0.0,0.0,0.0,0.0
1487739,0.0,2.0,0.0,0.0,0.0,1.0,0.0
1488235,0.0,0.0,0.0,0.0,0.0,1.0,0.0
1488239,0.0,0.0,0.0,0.0,0.0,0.0,0.0
1488259,0.0,0.0,0.0,0.0,0.0,1.0,0.0
1488759,0.0,0.0,0.0,0.0,0.0,0.0,0.0
1490404,0.0,0.0,0.0,0.0,0.0,1.0,0.0
1490904,0.0,0.0,0.0,0.0,0.0,0.0,0.0
1491070,0.0,0.0,0.0,0.0,0.0,1.0,0.0
1491570,0.0,0.0,0.0,0.0,0.0,0.0,0.0
1491629,0.0,0.0,0.0,0.0,0.0,1.0,0.0
1491636,0.0,0.0,0.0,0.0,0.0,2.0,0.0
1492136,0.0,0.0,0.0,0.0,0.0,0.0,0.0
1492205,0.0,0.0,0.0,0.0,0.0,1.0,0.0
1492705,0.0,0.0,0.0,0.0,0.0,0.0,0.0
1493251,0.0,2.0,0.0,0.0,0.0,0.0,0.0
1493296,0.0,2.0,0.0,0.0,0.0,1.0,0.0
1493298,0.0,2.0,0.0,0.0,0.0,2.0,0.0
1493751,0.0,0.0,0.0,0.0,0.0,2.0,0.0
1493798,0.0,0.0,0.0,0.0,0.0,0.0,0.0
1494083,0.0,0.0,0.0,0.0,0.0,1.0,0.0
1494583,0.0,0.0,0.0,0.0,0.0,0.0,0.0
1494742,0.0,0.0,0.0,0.0,0.0,1.0,0.0
1494766,0.0,0.0,0.0,0.0,0.0,2.0,0.0
1495266,0.0,0.0,0.0,0.0,0.0,0.0,0.0
1496035,0.0,0.0,0.0,0.0,0.0,1.0,0.0
1496535,0.0,0.0,0.0,0.0,0.0,0.0,0.0
1497878,0.0,0.0,0.0,0.0,0.0,1.0,0.0
1498378,0.0,0.0,0.0,0.0,0.0,0.0,0.0
1501292,0.0,0.0,0.0,0.0,0.0,1.0,0.0
1501296,0.0,0.0,0.0,0.0,1.0,2.0,0.0
1501796,0.0,0.0,0.0,0.0,0.0,0.0,0.0
1505037,0.0,0.0,0.0,0.0,0.0,1.0,0.0
1505537,0.0,0.0,0.0,0.0,0.0,0.0,0.0
1507587,0.0,0.0,0.0,0.0,0.0,1.0,0.0
1508087,0.0,0.0,0.0,0.0,0.0,0.0,0.0
1509246,0.0,0.0,0.0,0.0,0.0,1.0,0.0
1509746,0.0,0.0,0.0,0.0,0.0,0.0,0.0
1510121,0.0,0.0,0.0,0.0,0.0,1.0,0.0
1510621,0.0,0.0,0.0,0.0,0.0,0.0,0.0
1510990,0.0,0.0,0.0,0.0,0.0,1.0,0.0
1511490,0.0,0.0,0.0,0.0,0.0,0.0,0.0
1512490,0.0,0.0,0.0,0.0,0.0,1.0,0.0
1512990,0.0,0.0,0.0,0.0,0.0,0.0,0.0
1513655,0.0,0.0,0.0,0.0,0.0,1.0,0.0
1514155,0.0,0.0,0.0,0.0,0.0,0.0,0.0
1516289,0.0,0.0,0.0,0.0,0.0,1.0,0.0
1516789,0.0,0.0,0.0,0.0,0.0,0.0,0.0
1516837,0.0,0.0,0.0,0.0,0.0,1.0,0.0
1517337,0.0,0.0,0.0,0.0,0.0,0.0,0.0
1519966,0.0,0.0,0.0,0.0,0.0,1.0,0.0
1519978,0.0,0.0,0.0,0.0,0.0,2.0,0.0
1520478,0.0,0.0,0.0,0.0,0.0,0.0,0.0
1526324,0.0,0.0,0.0,0.0,0.0,1.0,0.0
1526824,0.0,0.0,0.0,0.0,0.0,0.0,0.0
1527610,0.0,0.0,0.0,0.0,0.0,1.0,0.0
1527612,0.0,0.0,0.0,0.0,0.0,2.0,0.0
1528112,0.0,0.0,0.0,0.0,0.0,0.0,0.0
1529485,0.0,0.0,0.0,0.0,0.0,1.0,0.0
1529486,0.0,0.0,0.0,0.0,0.0,2.0,0.0
1529986,0.0,0.0,0.0,0.0,0.0,0.0,0.0
1530522,0.0,0.0,0.0,0.0,0.0,1.0,0.0
1531022,0.0,0.0,0.0,0.0,0.0,0.0,0.0
1534550,0.0,0.0,0.0,0.0,0.0,1.0,0.0
1535050,0.0,0.0,0.0,0.0,0.0,0.0,0.0
1538861,0.0,0.0,0.0,0.0,0.0,1.0,0.0
1539361,0.0,0.0,0.0,0.0,0.0,0.0,0.0
1545503,0.0,0.0,0.0,0.0,0.0,1.0,0.0
1546003,0.0,0.0,0.0,0.0,0.0,0.0,0.0
1548201,0.0,0.0,0.0,0.0,0.0,1.0,0.0
1548701,0.0,0.0,0.0,0.0,0.0,0.0,0.0
1549487,0.0,0.0,0.0,0.0,0.0,1.0,0.0
1549987,0.0,0.0,0.0,0.0,0.0,0.0,0.0
1554881,0.0,0.0,0.0,0.0,0.0,1.0,0.0
1555381,0.0,0.0,0.0,0.0,0.0,0.0,0.0
1555713,0.0,0.0,0.0,0.0,0.0,1.0,0.0
1556213,0.0,0.0,0.0,0.0,0.0,0.0,0.0
1557698,0.0,0.0,0.0,0.0,0.0,1.0,0.0
1558198,0.0,0.0,0.0,0.0,0.0,0.0,0.0
1558351,0.0,0.0,0.0,0.0,0.0,1.0,0.0
1558851,0.0,0.0,0.0,0.0,0.0,0.0,0.0
1559061,0.0,0.0,0.0,0.0,0.0,1.0,0.0
1559561,0.0,0.0,0.0,0.0,0.0,0.0,0.0
1562051,0.0,0.0,0.0,0.0,0.0,1.0,0.0
1562551,0.0,0.0,0.0,0.0,0.0,0.0,0.0
1562826,0.0,0.0,0.0,0.0,0.0,1.0,0.0
1563326,0.0,0.0,0.0,0.0,0.0,0.0,0.0
1563372,0.0,0.0,0.0,0.0,0.0,1.0,0.0
1563872,0.0,0.0,0.0,0.0,0.0,0.0,0.0
1565192,0.0,0.0,0.0,0.0,0.0,1.0,0.0
1565692,0.0,0.0,0.0,0.0,0.0,0.0,0.0
1567462,0.0,0.0,0.0,0.0,0.0,1.0,0.0
1567962,0.0,0.0,0.0,0.0,0.0,0.0,0.0
1568416,0.0,0.0,0.0,0.0,0.0,1.0,0.0
1568916,0.0,0.0,0.0,0.0,0.0,0.0,0.0
1571990,0.0,0.0,0.0,0.0,0.0,1.0,0.0
1572490,0.0,0.0,0.0,0.0,0.0,0.0,0.0
1573990,0.0,0.0,0.0,0.0,0.0,1.0,0.0
1574490,0.0,0.0,0.0,0.0,0.0,0.0,0.0
1574615,0.0,0.0,0.0,0.0,0.0,1.0,0.0
1575115,0.0,0.0,0.0,0.0,0.0,0.0,0.0
1576194,0.0,0.0,0.0,0.0,0.0,1.0,0.0
1576694,0.0,0.0,0.0,0.0,0.0,0.0,0.0
1577337,0.0,0.0,0.0,0.0,0.0,1.0,0.0
1577837,0.0,0.0,0.0,0.0,0.0,0.0,0.0
1578298,0.0,0.0,0.0,0.0,1.0,0.0,0.0
1578798,0.0,0.0,0.0,0.0,0.0,0.0,0.0
1579897,0.0,0.0,0.0,0.0,0.0,1.0,0.0
1580397,0.0,0.0,0.0,0.0,0.0,0.0,0.0
1580684,0.0,0.0,0.0,0.0,0.0,1.0,0.0
1581184,0.0,0.0,0.0,0.0,0.0,0.0,0.0
1585659,0.0,0.0,0.0,0.0,0.0,1.0,0.0
1586159,0.0,0.0,0.0,0.0,0.0,0.0,0.0
1586302,0.0,0.0,0.0,0.0,0.0,1.0,0.0
1586802,0.0,0.0,0.0,0.0,0.0,0.0,0.0
1587661,0.0,0.0,0.0,0.0,0.0,1.0,0.0
1588161,0.0,0.0,0.0,0.0,0.0,0.0,0.0
1588374,0.0,0.0,0.0,0.0,0.0,1.0,0.0
1588874,0.0,0.0,0.0,0.0,0.0,0.0,0.0
1590618,0.0,0.0,0.0,0.0,0.0,1.0,0.0
1591118,0.0,0.0,0.0,0.0,0.0,0.0,0.0
1591231,0.0,0.0,0.0,0.0,0.0,1.0,0.0
1591731,0.0,0.0,0.0,0.0,0.0,0.0,0.0
1592895,0.0,0.0,0.0,0.0,0.0,1.0,0.0
1593395,0.0,0.0,0.0,0.0,0.0,0.0,0.0
1594786,0.0,0.0,0.0,0.0,0.0,1.0,0.0
1595286,0.0,0.0,0.0,0.0,0.0,0.0,0.0
1597533,0.0,0.0,0.0,0.0,0.0,1.0,0.0
1598033,0.0,0.0,0.0,0.0,0.0,0.0,0.0
1600232,0.0,0.0,0.0,0.0,0.0,1.0,0.0
1600732,0.0,0.0,0.0,0.0,0.0,0.0,0.0
1601500,0.0,0.0,0.0,0.0,0.0,0.0,1.0
1602000,0.0,0.0,0.0,0.0,0.0,0.0,0.0
1602341,0.0,0.0,0.0,0.0,0.0,1.0,0.0
1602633,0.0,0.0,0.0,0.0,1.0,1.0,0.0
1602759,0.0,2.0,0.0,0.0,1.0,1.0,0.0
1602841,0.0,2.0,0.0,0.0,1.0,0.0,0.0
1602861,0.0,2.0,0.0,0.0,2.0,0.0,0.0
1602864,0.0,2.0,0.0,0.0,2.0,1.0,0.0
1602943,2.0,2.0,0.0,0.0,2.0,1.0,0.0
1603259,2.0,0.0,0.0,0.0,2.0,1.0,0.0
1603361,2.0,0.0,0.0,0.0,0.0,1.0,0.0
1603364,2.0,0.0,0.0,0.0,0.0,0.0,0.0
1603443,0.0,0.0,0.0,0.0,0.0,0.0,0.0
1603455,2.0,0.0,0.0,0.0,0.0,0.0,0.0
1603769,2.0,0.0,0.0,0.0,0.0,1.0,0.0
1603955,0.0,0.0,0.0,0.0,0.0,1.0,0.0
1604269,0.0,0.0,0.0,0.0,0.0,0.0,0.0
1604341,0.0,0.0,0.0,0.0,0.0,1.0,0.0
1604841,0.0,0.0,0.0,0.0,0.0,0.0,0.0
1605052,0.0,0.0,0.0,0.0,0.0,1.0,0.0
1605552,0.0,0.0,0.0,0.0,0.0,0.0,0.0
1605917,0.0,0.0,0.0,0.0,0.0,1.0,0.0
1606417,0.0,0.0,0.0,0.0,0.0,0.0,0.0
1606628,0.0,0.0,0.0,0.0,0.0,1.0,0.0
1607111,0.0,0.0,0.0,0.0,0.0,2.0,0.0
1607611,0.0,0.0,0.0,0.0,0.0,0.0,0.0
1608031,2.0,0.0,0.0,0.0,0.0,0.0,0.0
1608531,0.0,0.0,0.0,0.0,0.0,0.0,0.0
1608967,0.0,0.0,0.0,0.0,0.0,1.0,0.0
1609467,0.0,0.0,0.0,0.0,0.0,0.0,0.0
1610751,0.0,0.0,0.0,0.0,0.0,1.0,0.0
1610764,0.0,0.0,0.0,0.0,0.0,2.0,0.0
1611264,0.0,0.0,0.0,0.0,0.0,0.0,0.0
1612244,0.0,2.0,0.0,0.0,0.0,0.0,0.0
1612744,0.0,0.0,0.0,0.0,0.0,0.0,0.0
1613345,0.0,0.0,0.0,0.0,0.0,1.0,0.0
1613845,0.0,0.0,0.0,0.0,0.0,0.0,0.0
1615676,0.0,0.0,0.0,0.0,0.0,1.0,0.0
1616176,0.0,0.0,0.0,0.0,0.0,0.0,0.0
1616566,0.0,0.0,0.0,0.0,0.0,1.0,0.0
1617066,0.0,0.0,0.0,0.0,0.0,0.0,0.0
1617636,0.0,0.0,0.0,0.0,0.0,1.0,0.0
1618136,0.0,0.0,0.0,0.0,0.0,0.0,0.0
1619045,0.0,0.0,0.0,0.0,0.0,1.0,0.0
1619047,0.0,0.0,0.0,0.0,0.0,2.0,0.0
1619547,0.0,0.0,0.0,0.0,0.0,0.0,0.0
1619940,0.0,0.0,0.0,0.0,0.0,1.0,0.0
1620440,0.0,0.0,0.0,0.0,0.0,0.0,0.0
1620528,0.0,0.0,0.0,0.0,0.0,1.0,0.0
1621028,0.0,0.0,0.0,0.0,0.0,0.0,0.0
1621149,0.0,0.0,0.0,0.0,0.0,1.0,0.0
1621649,0.0,0.0,0.0,0.0,0.0,0.0,0.0
1622441,0.0,0.0,0.0,0.0,0.0,1.0,0.0
1622707,0.0,0.0,0.0,0.0,1.0,1.0,0.0
1622711,0.0,0.0,0.0,0.0,1.0,2.0,0.0
1622713,0.0,0.0,0.0,0.0,2.0,2.0,0.0
1623211,0.0,0.0,0.0,0.0,2.0,0.0,0.0
1623213,0.0,0.0,0.0,0.0,0.0,0.0,0.0
1623605,0.0,0.0,0.0,0.0,1.0,0.0,0.0
1623609,0.0,0.0,0.0,0.0,2.0,0.0,0.0
1623764,0.0,0.0,0.0,0.0,2.0,1.0,0.0
1623766,0.0,0.0,0.0,0.0,2.0,2.0,0.0
1624109,0.0,0.0,0.0,0.0,0.0,2.0,0.0
1624266,0.0,0.0,0.0,0.0,0.0,0.0,0.0
1624644,0.0,0.0,0.0,0.0,0.0,1.0,0.0
1625144,0.0,0.0,0.0,0.0,0.0,0.0,0.0
1625205,0.0,0.0,0.0,0.0,0.0,1.0,0.0
1625212,0.0,0.0,0.0,0.0,0.0,2.0,0.0
1625712,0.0,0.0,0.0,0.0,0.0,0.0,0.0
1625954,0.0,0.0,0.0,0.0,0.0,1.0,0.0
1626454,0.0,0.0,0.0,0.0,0.0,0.0,0.0
1626643,0.0,0.0,0.0,0.0,0.0,1.0,0.0
1627143,0.0,0.0,0.0,0.0,0.0,0.0,0.0
1627907,0.0,0.0,0.0,0.0,0.0,1.0,0.0
1628407,0.0,0.0,0.0,0.0,0.0,0.0,0.0
1628851,0.0,0.0,0.0,0.0,0.0,1.0,0.0
1629351,0.0,0.0,0.0,0.0,0.0,0.0,0.0
1630946,0.0,0.0,0.0,0.0,0.0,1.0,0.0
1631178,0.0,0.0,0.0,0.0,0.0,2.0,0.0
1631678,0.0,0.0,0.0,0.0,0.0,0.0,0.0
1632101,0.0,0.0,0.0,0.0,0.0,1.0,0.0
1632601,0.0,0.0,0.0,0.0,0.0,0.0,0.0
1632765,0.0,0.0,0.0,0.0,0.0,1.0,0.0
1633265,0.0,0.0,0.0,0.0,0.0,0.0,0.0
1634960,0.0,0.0,0.0,0.0,0.0,1.0,0.0
1635460,0.0,0.0,0.0,0.0,0.0,0.0,0.0
1635528,0.0,0.0,0.0,0.0,0.0,1.0,0.0
1636028,0.0,0.0,0.0,0.0,0.0,0.0,0.0
1636864,0.0,0.0,0.0,0.0,0.0,1.0,0.0
1636908,0.0,0.0,0.0,0.0,0.0,2.0,0.0
1637408,0.0,0.0,0.0,0.0,0.0,0.0,0.0
1642764,0.0,0.0,0.0,0.0,0.0,1.0,0.0
1643264,0.0,0.0,0.0,0.0,0.0,0.0,0.0
1643415,0.0,0.0,0.0,0.0,0.0,1.0,0.0
1643915,0.0,0.0,0.0,0.0,0.0,0.0,0.0
1645795,0.0,0.0,0.0,0.0,0.0,1.0,0.0
1646295,0.0,0.0,0.0,0.0,0.0,0.0,0.0
1647529,0.0,0.0,0.0,0.0,0.0,1.0,0.0
1648029,0.0,0.0,0.0,0.0,0.0,0.0,0.0
1648439,0.0,0.0,0.0,0.0,0.0,1.0,0.0
1648643,0.0,0.0,0.0,0.0,0.0,2.0,0.0
1649143,0.0,0.0,0.0,0.0,0.0,0.0,0.0
1650880,0.0,0.0,0.0,0.0,0.0,1.0,0.0
1651380,0.0,0.0,0.0,0.0,0.0,0.0,0.0
1651750,0.0,0.0,0.0,0.0,0.0,1.0,0.0
1652250,0.0,0.0,0.0,0.0,0.0,0.0,0.0
1654169,0.0,0.0,0.0,0.0,0.0,1.0,0.0
1654669,0.0,0.0,0.0,0.0,0.0,0.0,0.0
1655592,0.0,0.0,0.0,0.0,0.0,1.0,0.0
1656092,0.0,0.0,0.0,0.0,0.0,0.0,0.0
1657969,0.0,0.0,0.0,0.0,0.0,1.0,0.0
1658469,0.0,0.0,0.0,0.0,0.0,0.0,0.0
1659078,0.0,0.0,0.0,0.0,0.0,1.0,0.0
1659578,0.0,0.0,0.0,0.0,0.0,0.0,0.0
1660281,0.0,0.0,0.0,0.0,0.0,1.0,0.0
1660781,0.0,0.0,0.0,0.0,0.0,0.0,0.0
1662057,0.0,0.0,0.0,0.0,1.0,0.0,0.0
1662070,0.0,0.0,0.0,0.0,1.0,1.0,0.0
1662072,0.0,0.0,0.0,0.0,1.0,2.0,0.0
1662557,0.0,0.0,0.0,0.0,0.0,2.0,0.0
1662572,0.0,0.0,0.0,0.0,0.0,0.0,0.0
1663898,0.0,0.0,0.0,0.0,0.0,1.0,0.0
1664398,0.0,0.0,0.0,0.0,0.0,0.0,0.0
1665150,0.0,0.0,0.0,0.0,0.0,1.0,0.0
1665176,0.0,0.0,0.0,0.0,0.0,2.0,0.0
1665676,0.0,0.0,0.0,0.0,0.0,0.0,0.0
1665691,0.0,0.0,0.0,0.0,0.0,1.0,0.0
1666191,0.0,0.0,0.0,0.0,0.0,0.0,0.0
1666443,0.0,0.0,0.0,0.0,0.0,1.0,0.0
1666943,0.0,0.0,0.0,0.0,0.0,0.0,0.0
1667050,0.0,0.0,0.0,0.0,0.0,1.0,0.0
1667550,0.0,0.0,0.0,0.0,0.0,0.0,0.0
1667861,0.0,0.0,0.0,0.0,0.0,1.0,0.0
1667867,0.0,0.0,0.0,0.0,0.0,2.0,0.0
1668367,0.0,0.0,0.0,0.0,0.0,0.0,0.0
1668903,0.0,0.0,0.0,0.0,0.0,1.0,0.0
1669403,0.0,0.0,0.0,0.0,0.0,0.0,0.0
1669648,0.0,0.0,0.0,0.0,0.0,1.0,0.0
1670077,0.0,0.0,0.0,0.0,0.0,2.0,0.0
1670577,0.0,0.0,0.0,0.0,0.0,0.0,0.0
1671253,0.0,0.0,0.0,0.0,0.0,1.0,0.0
1671753,0.0,0.0,0.0,0.0,0.0,0.0,0.0
1672812,0.0,0.0,0.0,0.0,0.0,1.0,0.0
1673312,0.0,0.0,0.0,0.0,0.0,0.0,0.0
1674631,0.0,0.0,0.0,0.0,0.0,1.0,0.0
1675131,0.0,0.0,0.0,0.0,0.0,0.0,0.0
1675960,0.0,2.0,0.0,0.0,0.0,0.0,0.0
1676460,0.0,0.0,0.0,0.0,0.0,0.0,0.0
1676998,0.0,0.0,0.0,0.0,0.0,1.0,0.0
1677498,0.0,0.0,0.0,0.0,0.0,0.0,0.0
1678448,0.0,0.0,0.0,0.0,0.0,1.0,0.0
1678948,0.0,0.0,0.0,0.0,0.0,0.0,0.0
1680441,0.0,0.0,0.0,0.0,0.0,1.0,0.0
1680941,0.0,0.0,0.0,0.0,0.0,0.0,0.0
1681335,0.0,0.0,0.0,0.0,0.0,1.0,0.0
1681835,0.0,0.0,0.0,0.0,0.0,0.0,0.0
1683329,0.0,0.0,0.0,0.0,0.0,1.0,0.0
1683829,0.0,0.0,0.0,0.0,0.0,0.0,0.0
1684244,0.0,0.0,0.0,0.0,0.0,1.0,0.0
1684539,0.0,0.0,0.0,0.0,0.0,2.0,0.0
1685039,0.0,0.0,0.0,0.0,0.0,0.0,0.0
1685595,0.0,0.0,0.0,0.0,0.0,1.0,0.0
1686095,0.0,0.0,0.0,0.0,0.0,0.0,0.0
1688341,0.0,0.0,0.0,0.0,0.0,1.0,0.0
1689341,0.0,0.0,0.0,0.0,0.0,0.0,0.0
1690479,0.0,0.0,0.0,0.0,0.0,1.0,0.0
1690979,0.0,0.0,0.0,0.0,0.0,0.0,0.0
1691644,0.0,0.0,0.0,0.0,0.0,1.0,0.0
1692144,0.0,0.0,0.0,0.0,0.0,0.0,0.0
1692162,0.0,0.0,0.0,0.0,0.0,1.0,0.0
1692662,0.0,0.0,0.0,0.0,0.0,0.0,0.0
1692997,0.0,0.0,0.0,0.0,0.0,1.0,0.0
1693497,0.0,0.0,0.0,0.0,0.0,0.0,0.0
1694564,0.0,0.0,0.0,0.0,0.0,1.0,0.0
1694568,0.0,0.0,0.0,0.0,0.0,2.0,0.0
1695068,0.0,0.0,0.0,0.0,0.0,0.0,0.0
1695569,0.0,0.0,0.0,0.0,0.0,1.0,0.0
1696069,0.0,0.0,0.0,0.0,0.0,0.0,0.0
1696444,0.0,0.0,0.0,0.0,0.0,1.0,0.0
1696944,0.0,0.0,0.0,0.0,0.0,0.0,0.0
1698297,0.0,0.0,0.0,0.0,0.0,1.0,0.0
1698731,0.0,0.0,0.0,0.0,1.0,1.0,0.0
1698797,0.0,0.0,0.0,0.0,1.0,0.0,0.0
1699231,0.0,0.0,0.0,0.0,0.0,0.0,0.0
1703489,0.0,0.0,0.0,0.0,0.0,1.0,0.0
1703989,0.0,0.0,0.0,0.0,0.0,0.0,0.0
1709590,0.0,0.0,0.0,0.0,0.0,1.0,0.0
1709809,0.0,0.0,0.0,0.0,0.0,2.0,0.0
1710309,0.0,0.0,0.0,0.0,0.0,0.0,0.0
1717382,0.0,0.0,0.0,0.0,0.0,1.0,0.0
1717882,0.0,0.0,0.0,0.0,0.0,0.0,0.0
1720729,0.0,0.0,0.0,0.0,0.0,1.0,0.0
1720732,0.0,0.0,0.0,0.0,1.0,1.0,0.0
1720733,0.0,0.0,0.0,0.0,2.0,2.0,0.0
1721233,0.0,0.0,0.0,0.0,0.0,0.0,0.0
1722152,0.0,0.0,0.0,0.0,0.0,1.0,0.0
1722652,0.0,0.0,0.0,0.0,0.0,0.0,0.0
1725017,0.0,0.0,0.0,0.0,0.0,1.0,0.0
1725517,0.0,0.0,0.0,0.0,0.0,0.0,0.0
1725997,0.0,0.0,0.0,0.0,0.0,1.0,0.0
1726497,0.0,0.0,0.0,0.0,0.0,0.0,0.0
1727416,0.0,0.0,0.0,0.0,0.0,1.0,0.0
1727916,0.0,0.0,0.0,0.0,0.0,0.0,0.0
1729359,0.0,0.0,0.0,0.0,0.0,1.0,0.0
1729859,0.0,0.0,0.0,0.0,0.0,0.0,0.0
1730506,0.0,0.0,0.0,0.0,0.0,1.0,0.0
1731006,0.0,0.0,0.0,0.0,0.0,0.0,0.0
1731370,0.0,0.0,0.0,0.0,0.0,1.0,0.0
1731870,0.0,0.0,0.0,0.0,0.0,0.0,0.0
1731900,0.0,0.0,0.0,0.0,0.0,1.0,0.0
1732400,0.0,0.0,0.0,0.0,0.0,0.0,0.0
1733589,0.0,0.0,0.0,0.0,0.0,1.0,0.0
1734089,0.0,0.0,0.0,0.0,0.0,0.0,0.0
1735627,0.0,0.0,0.0,0.0,0.0,1.0,0.0
1736127,0.0,0.0,0.0,0.0,0.0,0.0,0.0
1736271,0.0,0.0,0.0,0.0,0.0,1.0,0.0
1736771,0.0,0.0,0.0,0.0,0.0,0.0,0.0
1737964,0.0,0.0,0.0,0.0,0.0,1.0,0.0
1738464,0.0,0.0,0.0,0.0,0.0,0.0,0.0
1738550,0.0,0.0,0.0,0.0,0.0,1.0,0.0
1739050,0.0,0.0,0.0,0.0,0.0,0.0,0.0
1742484,0.0,0.0,0.0,0.0,0.0,1.0,0.0
1742984,0.0,0.0,0.0,0.0,0.0,0.0,0.0
1743268,0.0,0.0,0.0,0.0,0.0,1.0,0.0
1743768,0.0,0.0,0.0,0.0,0.0,0.0,0.0
1743985,0.0,0.0,0.0,0.0,0.0,1.0,0.0
1744485,0.0,0.0,0.0,0.0,0.0,0.0,0.0
1746286,0.0,0.0,0.0,0.0,0.0,1.0,0.0
1746786,0.0,0.0,0.0,0.0,0.0,0.0,0.0
1746851,0.0,0.0,0.0,0.0,0.0,1.0,0.0
1747351,0.0,0.0,0.0,0.0,0.0,0.0,0.0
1748190,0.0,0.0,0.0,0.0,0.0,1.0,0.0
1748690,0.0,0.0,0.0,0.0,0.0,0.0,0.0
1749961,0.0,0.0,0.0,0.0,0.0,1.0,0.0
1749963,0.0,0.0,0.0,0.0,0.0,2.0,0.0
1750463,0.0,0.0,0.0,0.0,0.0,0.0,0.0
1750960,0.0,0.0,0.0,0.0,0.0,1.0,0.0
1750968,0.0,0.0,0.0,0.0,0.0,2.0,0.0
1751468,0.0,0.0,0.0,0.0,0.0,0.0,0.0
1752319,0.0,0.0,0.0,0.0,0.0,1.0,0.0
1752819,0.0,0.0,0.0,0.0,0.0,0.0,0.0
1753926,0.0,0.0,0.0,0.0,0.0,1.0,0.0
1754426,0.0,0.0,0.0,0.0,0.0,0.0,0.0
1755869,0.0,0.0,0.0,0.0,0.0,1.0,0.0
1755871,0.0,0.0,0.0,0.0,0.0,2.0,0.0
1756371,0.0,0.0,0.0,0.0,0.0,0.0,0.0
1762294,0.0,0.0,0.0,0.0,0.0,1.0,0.0
1762295,0.0,0.0,0.0,0.0,0.0,2.0,0.0
1762795,0.0,0.0,0.0,0.0,0.0,0.0,0.0
1763911,0.0,0.0,0.0,0.0,0.0,1.0,0.0
1764411,0.0,0.0,0.0,0.0,0.0,0.0,0.0
1765999,0.0,0.0,0.0,0.0,0.0,1.0,0.0
1766499,0.0,0.0,0.0,0.0,0.0,0.0,0.0
1768837,0.0,0.0,0.0,0.0,0.0,1.0,0.0
1769337,0.0,0.0,0.0,0.0,0.0,0.0,0.0
1770788,0.0,0.0,0.0,0.0,0.0,1.0,0.0
1771288,0.0,0.0,0.0,0.0,0.0,0.0,0.0
1771377,0.0,0.0,0.0,0.0,0.0,1.0,0.0
1771877,0.0,0.0,0.0,0.0,0.0,0.0,0.0
1772021,0.0,0.0,0.0,0.0,0.0,1.0,0.0
1772521,0.0,0.0,0.0,0.0,0.0,0.0,0.0
1773064,0.0,0.0,0.0,0.0,0.0,1.0,0.0
1773564,0.0,0.0,0.0,0.0,0.0,0.0,0.0
1773606,0.0,0.0,0.0,0.0,0.0,1.0,0.0
1774106,0.0,0.0,0.0,0.0,0.0,0.0,0.0
1774369,0.0,0.0,0.0,0.0,0.0,1.0,0.0
1774869,0.0,0.0,0.0,0.0,0.0,0.0,0.0
1775561,0.0,0.0,0.0,0.0,0.0,1.0,0.0
1775683,0.0,0.0,0.0,0.0,0.0,2.0,0.0
1776183,0.0,0.0,0.0,0.0,0.0,0.0,0.0
1776959,0.0,0.0,0.0,0.0,0.0,1.0,0.0
1777459,0.0,0.0,0.0,0.0,0.0,0.0,0.0
1777461,0.0,0.0,0.0,0.0,0.0,1.0,0.0
1777961,0.0,0.0,0.0,0.0,0.0,0.0,0.0
1781319,0.0,0.0,0.0,0.0,0.0,1.0,0.0
1781819,0.0,0.0,0.0,0.0,0.0,0.0,0.0
1788517,0.0,0.0,0.0,0.0,0.0,1.0,0.0
1789017,0.0,0.0,0.0,0.0,0.0,0.0,0.0
1790158,0.0,0.0,0.0,0.0,0.0,1.0,0.0
1790170,0.0,0.0,0.0,0.0,0.0,2.0,0.0
1790670,0.0,0.0,0.0,0.0,0.0,0.0,0.0
1791405,0.0,0.0,0.0,0.0,0.0,1.0,0.0
1791905,0.0,0.0,0.0,0.0,0.0,0.0,0.0
1793894,0.0,0.0,0.0,0.0,0.0,1.0,0.0
1794394,0.0,0.0,0.0,0.0,0.0,0.0,0.0
1795035,0.0,0.0,0.0,0.0,0.0,1.0,0.0
1795535,0.0,0.0,0.0,0.0,0.0,0.0,0.0
1799113,0.0,0.0,0.0,0.0,0.0,1.0,0.0
1799613,0.0,0.0,0.0,0.0,0.0,0.0,0.0
1800346,0.0,0.0,0.0,0.0,0.0,1.0,0.0
1800846,0.0,0.0,0.0,0.0,0.0,0.0,0.0
1801055,0.0,0.0,0.0,0.0,0.0,1.0,0.0
1801555,0.0,0.0,0.0,0.0,0.0,0.0,0.0
1801700,0.0,0.0,0.0,0.0,0.0,0.0,1.0
1801759,0.0,0.0,0.0,0.0,0.0,1.0,1.0
1801833,0.0,0.0,0.0,0.0,0.0,2.0,1.0
1802200,0.0,0.0,0.0,0.0,0.0,2.0,0.0
1802333,0.0,0.0,0.0,0.0,0.0,0.0,0.0
1802669,0.0,0.0,0.0,0.0,0.0,1.0,0.0
1802706,0.0,2.0,0.0,0.0,0.0,1.0,0.0
1802745,0.0,2.0,0.0,0.0,1.0,1.0,0.0
1802751,2.0,2.0,0.0,0.0,1.0,1.0,0.0
1803014,2.0,2.0,0.0,0.0,2.0,1.0,0.0
1803169,2.0,2.0,0.0,0.0,2.0,0.0,0.0
1803206,2.0,0.0,0.0,0.0,2.0,0.0,0.0
1803251,0.0,0.0,0.0,0.0,2.0,0.0,0.0
1803439,0.0,0.0,0.0,0.0,2.0,1.0,0.0
1803487,2.0,0.0,0.0,0.0,2.0,1.0,0.0
1803514,2.0,0.0,0.0,0.0,0.0,1.0,0.0
1803939,2.0,0.0,0.0,0.0,0.0,0.0,0.0
1803987,0.0,0.0,0.0,0.0,0.0,0.0,0.0
1804017,0.0,0.0,0.0,0.0,0.0,1.0,0.0
1804517,0.0,0.0,0.0,0.0,0.0,0.0,0.0
1805366,0.0,0.0,0.0,0.0,0.0,1.0,0.0
1805866,0.0,0.0,0.0,0.0,0.0,0.0,0.0
1806266,0.0,0.0,0.0,0.0,0.0,1.0,0.0
1806268,0.0,0.0,0.0,0.0,0.0,2.0,0.0
1806768,0.0,0.0,0.0,0.0,0.0,0.0,0.0
1807243,0.0,0.0,0.0,0.0,0.0,1.0,0.0
1807743,0.0,0.0,0.0,0.0,0.0,0.0,0.0
1807868,0.0,0.0,0.0,0.0,0.0,1.0,0.0
1808368,0.0,0.0,0.0,0.0,0.0,0.0,0.0
1810080,0.0,0.0,0.0,0.0,0.0,1.0,0.0
1810495,0.0,0.0,0.0,0.0,1.0,1.0,0.0
1810580,0.0,0.0,0.0,0.0,1.0,0.0,0.0
1810995,0.0,0.0,0.0,0.0,0.0,0.0,0.0
1811095,0.0,0.0,0.0,0.0,0.0,1.0,0.0
1811595,0.0,0.0,0.0,0.0,0.0,0.0,0.0
1811678,0.0,0.0,0.0,0.0,0.0,1.0,0.0
1812178,0.0,0.0,0.0,0.0,0.0,0.0,0.0
1812248,0.0,0.0,0.0,0.0,0.0,1.0,0.0
1812748,0.0,0.0,0.0,0.0,0.0,0.0,0.0
1812831,0.0,0.0,0.0,0.0,0.0,1.0,0.0
1813331,0.0,0.0,0.0,0.0,0.0,0.0,0.0
1813416,0.0,0.0,0.0,0.0,0.0,1.0,0.0
1813916,0.0,0.0,0.0,0.0,0.0,0.0,0.0
1815783,0.0,0.0,0.0,0.0,0.0,1.0,0.0
1815906,0.0,0.0,0.0,0.0,0.0,2.0,0.0
1816406,0.0,0.0,0.0,0.0,0.0,0.0,0.0
1816719,0.0,0.0,0.0,0.0,0.0,1.0,0.0
1817219,0.0,0.0,0.0,0.0,0.0,0.0,0.0
1817263,0.0,0.0,0.0,0.0,0.0,1.0,0.0
1817763,0.0,0.0,0.0,0.0,0.0,0.0,0.0
1819303,0.0,0.0,0.0,0.0,0.0,1.0,0.0
1819803,0.0,0.0,0.0,0.0,0.0,0.0,0.0
1820247,0.0,0.0,0.0,0.0,0.0,1.0,0.0
1820747,0.0,0.0,0.0,0.0,0.0,0.0,0.0
1821678,0.0,0.0,0.0,0.0,0.0,1.0,0.0
1822178,0.0,0.0,0.0,0.0,0.0,0.0,0.0
1822768,0.0,0.0,0.0,0.0,0.0,1.0,0.0
1822772,0.0,0.0,0.0,0.0,0.0,2.0,0.0
1823272,0.0,0.0,0.0,0.0,0.0,0.0,0.0
1823368,0.0,0.0,0.0,0.0,0.0,1.0,0.0
1823868,0.0,0.0,0.0,0.0,0.0,0.0,0.0
1823968,0.0,0.0,0.0,0.0,0.0,1.0,0.0
1824468,0.0,0.0,0.0,0.0,0.0,0.0,0.0
1825022,0.0,0.0,0.0,0.0,0.0,1.0,0.0
1825522,0.0,0.0,0.0,0.0,0.0,0.0,0.0
1825992,0.0,0.0,0.0,0.0,0.0,1.0,0.0
1826482,0.0,0.0,0.0,0.0,0.0,2.0,0.0
1826982,0.0,0.0,0.0,0.0,0.0,0.0,0.0
1827935,0.0,0.0,0.0,0.0,0.0,1.0,0.0
1828435,0.0,0.0,0.0,0.0,0.0,0.0,0.0
1829203,0.0,0.0,0.0,0.0,0.0,1.0,0.0
1829208,0.0,0.0,0.0,0.0,0.0,2.0,0.0
1829708,0.0,0.0,0.0,0.0,0.0,0.0,0.0
1830792,0.0,0.0,0.0,0.0,0.0,1.0,0.0
1831292,0.0,0.0,0.0,0.0,0.0,0.0,0.0
1831409,0.0,0.0,0.0,0.0,0.0,1.0,0.0
1831909,0.0,0.0,0.0,0.0,0.0,0.0,0.0
1832424,0.0,0.0,0.0,0.0,0.0,1.0,0.0
1832924,0.0,0.0,0.0,0.0,0.0,0.0,0.0
1833278,0.0,0.0,0.0,0.0,0.0,1.0,0.0
1833778,0.0,0.0,0.0,0.0,0.0,0.0,0.0
1833957,0.0,0.0,0.0,0.0,0.0,1.0,0.0
1834457,0.0,0.0,0.0,0.0,0.0,0.0,0.0
1835737,0.0,0.0,0.0,0.0,0.0,1.0,0.0
1836237,0.0,0.0,0.0,0.0,0.0,0.0,0.0
1836686,0.0,0.0,0.0,0.0,0.0,1.0,0.0
1837186,0.0,0.0,0.0,0.0,0.0,0.0,0.0
1837832,0.0,0.0,0.0,0.0,0.0,1.0,0.0
1837836,0.0,0.0,0.0,0.0,0.0,2.0,0.0
1838336,0.0,0.0,0.0,0.0,0.0,0.0,0.0
1839411,0.0,0.0,0.0,0.0,0.0,1.0,0.0
1839911,0.0,0.0,0.0,0.0,0.0,0.0,0.0
1840466,0.0,0.0,0.0,0.0,0.0,1.0,0.0
1840966,0.0,0.0,0.0,0.0,0.0,0.0,0.0
1841250,0.0,0.0,0.0,0.0,0.0,1.0,0.0
1841412,0.0,0.0,0.0,0.0,0.0,2.0,0.0
1841912,0.0,0.0,0.0,0.0,0.0,0.0,0.0
1843650,0.0,0.0,0.0,0.0,0.0,1.0,0.0
1843654,0.0,0.0,0.0,0.0,0.0,2.0,0.0
1844154,0.0,0.0,0.0,0.0,0.0,0.0,0.0
1845262,0.0,0.0,0.0,0.0,0.0,1.0,0.0
1845296,0.0,0.0,0.0,0.0,0.0,2.0,0.0
1845796,0.0,0.0,0.0,0.0,0.0,0.0,0.0
1846168,0.0,0.0,0.0,0.0,0.0,1.0,0.0
1846668,0.0,0.0,0.0,0.0,0.0,0.0,0.0
1848182,0.0,0.0,0.0,0.0,0.0,1.0,0.0
1848682,0.0,0.0,0.0,0.0,0.0,0.0,0.0
1849480,0.0,0.0,0.0,0.0,0.0,1.0,0.0
1849521,0.0,0.0,0.0,0.0,0.0,2.0,0.0
1850021,0.0,0.0,0.0,0.0,0.0,0.0,0.0
1850486,0.0,0.0,0.0,0.0,0.0,1.0,0.0
1850986,0.0,0.0,0.0,0.0,0.0,0.0,0.0
1851861,0.0,0.0,0.0,0.0,0.0,1.0,0.0
1852361,0.0,0.0,0.0,0.0,0.0,0.0,0.0
1852838,0.0,0.0,0.0,0.0,0.0,1.0,0.0
1853338,0.0,0.0,0.0,0.0,0.0,0.0,0.0
1853485,0.0,0.0,0.0,0.0,0.0,1.0,0.0
1853985,0.0,0.0,0.0,0.0,0.0,0.0,0.0
1854316,0.0,0.0,0.0,0.0,0.0,1.0,0.0
1854816,0.0,0.0,0.0,0.0,0.0,0.0,0.0
1856789,0.0,0.0,0.0,0.0,0.0,1.0,0.0
1856793,0.0,0.0,0.0,0.0,0.0,2.0,0.0
1857293,0.0,0.0,0.0,0.0,0.0,0.0,0.0
1857401,0.0,0.0,0.0,0.0,0.0,1.0,0.0
1857901,0.0,0.0,0.0,0.0,0.0,0.0,0.0
1858463,0.0,0.0,0.0,0.0,0.0,1.0,0.0
1858963,0.0,0.0,0.0,0.0,0.0,0.0,0.0
1859182,0.0,0.0,0.0,0.0,0.0,1.0,0.0
1859682,0.0,0.0,0.0,0.0,0.0,0.0,0.0
1859956,0.0,0.0,0.0,0.0,0.0,1.0,0.0
1860456,0.0,0.0,0.0,0.0,0.0,0.0,0.0
1860568,0.0,0.0,0.0,0.0,0.0,1.0,0.0
1861068,0.0,0.0,0.0,0.0,0.0,0.0,0.0
1861160,0.0,0.0,0.0,0.0,0.0,1.0,0.0
1861660,0.0,0.0,0.0,0.0,0.0,0.0,0.0
1862406,0.0,0.0,0.0,0.0,0.0,1.0,0.0
1862906,0.0,0.0,0.0,0.0,0.0,0.0,0.0
1863863,0.0,0.0,0.0,0.0,0.0,1.0,0.0
1863978,0.0,0.0,0.0,0.0,0.0,2.0,0.0
1864478,0.0,0.0,0.0,0.0,0.0,0.0,0.0
1864973,0.0,2.0,0.0,0.0,0.0,0.0,0.0
1865473,0.0,0.0,0.0,0.0,0.0,0.0,0.0
1866834,0.0,0.0,0.0,0.0,0.0,1.0,0.0
1867334,0.0,0.0,0.0,0.0,0.0,0.0,0.0
1867497,0.0,0.0,0.0,0.0,0.0,1.0,0.0
1867997,0.0,0.0,0.0,0.0,0.0,0.0,0.0
1868365,0.0,0.0,0.0,0.0,0.0,1.0,0.0
1868865,0.0,0.0,0.0,0.0,0.0,0.0,0.0
1869574,0.0,0.0,0.0,0.0,0.0,1.0,0.0
1870074,0.0,0.0,0.0,0.0,0.0,0.0,0.0
1871641,0.0,0.0,0.0,0.0,0.0,1.0,0.0
1871958,0.0,0.0,0.0,0.0,0.0,2.0,0.0
1872458,0.0,0.0,0.0,0.0,0.0,0.0,0.0
1872476,0.0,0.0,0.0,0.0,0.0,1.0,0.0
1872976,0.0,0.0,0.0,0.0,0.0,0.0,0.0
1873171,0.0,0.0,0.0,0.0,0.0,1.0,0.0
1873671,0.0,0.0,0.0,0.0,0.0,0.0,0.0
1873821,0.0,0.0,0.0,0.0,0.0,1.0,0.0
1874321,0.0,0.0,0.0,0.0,0.0,0.0,0.0
1875118,0.0,0.0,0.0,0.0,0.0,1.0,0.0
1875618,0.0,0.0,0.0,0.0,0.0,0.0,0.0
1876930,0.0,0.0,0.0,0.0,0.0,1.0,0.0
1877430,0.0,0.0,0.0,0.0,0.0,0.0,0.0
1877758,0.0,0.0,0.0,0.0,0.0,1.0,0.0
1878258,0.0,0.0,0.0,0.0,0.0,0.0,0.0
1879727,0.0,0.0,0.0,0.0,0.0,1.0,0.0
1879849,0.0,0.0,0.0,0.0,0.0,2.0,0.0
1880349,0.0,0.0,0.0,0.0,0.0,0.0,0.0
1881023,0.0,0.0,0.0,0.0,0.0,1.0,0.0
1881523,0.0,0.0,0.0,0.0,0.0,0.0,0.0
1881858,0.0,0.0,0.0,0.0,0.0,1.0,0.0
1881862,0.0,0.0,0.0,0.0,0.0,2.0,0.0
1882362,0.0,0.0,0.0,0.0,0.0,0.0,0.0
1882854,0.0,0.0,0.0,0.0,0.0,1.0,0.0
1882858,0.0,0.0,0.0,0.0,0.0,2.0,0.0
1883358,0.0,0.0,0.0,0.0,0.0,0.0,0.0
1885308,0.0,0.0,0.0,0.0,0.0,1.0,0.0
1885808,0.0,0.0,0.0,0.0,0.0,0.0,0.0
1886408,0.0,0.0,0.0,0.0,0.0,1.0,0.0
1886908,0.0,0.0,0.0,0.0,0.0,0.0,0.0
1888053,0.0,0.0,0.0,0.0,0.0,1.0,0.0
1888553,0.0,0.0,0.0,0.0,0.0,0.0,0.0
1888776,0.0,0.0,0.0,0.0,0.0,1.0,0.0
1888778,0.0,0.0,0.0,0.0,0.0,2.0,0.0
1889278,0.0,0.0,0.0,0.0,0.0,0.0,0.0
1889542,0.0,0.0,0.0,0.0,0.0,1.0,0.0
1890042,0.0,0.0,0.0,0.0,0.0,0.0,0.0
1894569,0.0,0.0,0.0,0.0,0.0,1.0,0.0
1895069,0.0,0.0,0.0,0.0,0.0,0.0,0.0
1897293,0.0,0.0,0.0,0.0,0.0,1.0,0.0
1897793,0.0,0.0,0.0,0.0,0.0,0.0,0.0
1898621,0.0,0.0,0.0,0.0,0.0,1.0,0.0
1899121,0.0,0.0,0.0,0.0,0.0,0.0,0.0
1899202,0.0,0.0,0.0,0.0,0.0,1.0,0.0
1899245,0.0,0.0,0.0,0.0,0.0,2.0,0.0
1899745,0.0,0.0,0.0,0.0,0.0,0.0,0.0
1899962,0.0,0.0,0.0,0.0,0.0,1.0,0.0
1900462,0.0,0.0,0.0,0.0,0.0,0.0,0.0
1901006,0.0,0.0,0.0,0.0,0.0,1.0,0.0
1901008,0.0,0.0,0.0,0.0,0.0,2.0,0.0
1901508,0.0,0.0,0.0,0.0,0.0,0.0,0.0
1901723,0.0,0.0,0.0,0.0,0.0,1.0,0.0
1902223,0.0,0.0,0.0,0.0,0.0,0.0,0.0
1903732,0.0,0.0,0.0,0.0,0.0,1.0,0.0
1904232,0.0,0.0,0.0,0.0,0.0,0.0,0.0
1905396,0.0,0.0,0.0,0.0,0.0,1.0,0.0
1905896,0.0,0.0,0.0,0.0,0.0,0.0,0.0
1906002,0.0,0.0,0.0,0.0,0.0,1.0,0.0
1906502,0.0,0.0,0.0,0.0,0.0,0.0,0.0
1907918,0.0,0.0,0.0,0.0,0.0,1.0,0.0
1907933,0.0,0.0,0.0,0.0,0.0,2.0,0.0
1908433,0.0,0.0,0.0,0.0,0.0,0.0,0.0
1910338,0.0,0.0,0.0,0.0,0.0,1.0,0.0
1910838,0.0,0.0,0.0,0.0,0.0,0.0,0.0
1911190,0.0,0.0,0.0,0.0,0.0,1.0,0.0
1911193,0.0,0.0,0.0,0.0,1.0,1.0,0.0
1911690,0.0,0.0,0.0,0.0,1.0,0.0,0.0
1911693,0.0,0.0,0.0,0.0,0.0,0.0,0.0
1911756,0.0,0.0,0.0,0.0,0.0,1.0,0.0
1912256,0.0,0.0,0.0,0.0,0.0,0.0,0.0
1913317,0.0,0.0,0.0,0.0,0.0,1.0,0.0
1913817,0.0,0.0,0.0,0.0,0.0,0.0,0.0
1914576,0.0,0.0,0.0,0.0,0.0,1.0,0.0
1914577,0.0,0.0,0.0,0.0,0.0,2.0,0.0
1914601,0.0,0.0,0.0,0.0,1.0,2.0,0.0
1915077,0.0,0.0,0.0,0.0,1.0,0.0,0.0
1915101,0.0,0.0,0.0,0.0,0.0,0.0,0.0
1917489,0.0,0.0,0.0,0.0,0.0,1.0,0.0
1917989,0.0,0.0,0.0,0.0,0.0,0.0,0.0
1918776,0.0,0.0,0.0,0.0,0.0,1.0,0.0
1919276,0.0,0.0,0.0,0.0,0.0,0.0,0.0
1922714,0.0,0.0,0.0,0.0,0.0,1.0,0.0
1923214,0.0,0.0,0.0,0.0,0.0,0.0,0.0
1925427,0.0,0.0,0.0,0.0,0.0,1.0,0.0
1925927,0.0,0.0,0.0,0.0,0.0,0.0,0.0
1926316,0.0,0.0,0.0,0.0,0.0,1.0,0.0
1926816,0.0,0.0,0.0,0.0,0.0,0.0,0.0
1926975,0.0,0.0,0.0,0.0,0.0,1.0,0.0
1927475,0.0,0.0,0.0,0.0,0.0,0.0,0.0
1929000,0.0,0.0,0.0,0.0,0.0,1.0,0.0
1929500,0.0,0.0,0.0,0.0,0.0,0.0,0.0
1930411,0.0,0.0,0.0,0.0,0.0,1.0,0.0
1930911,0.0,0.0,0.0,0.0,0.0,0.0,0.0
1931084,0.0,0.0,0.0,0.0,0.0,1.0,0.0
1931584,0.0,0.0,0.0,0.0,0.0,0.0,0.0
1932026,0.0,0.0,0.0,0.0,0.0,1.0,0.0
1932526,0.0,0.0,0.0,0.0,0.0,0.0,0.0
1935867,0.0,0.0,0.0,0.0,0.0,1.0,0.0
1936367,0.0,0.0,0.0,0.0,0.0,0.0,0.0
1936524,0.0,0.0,0.0,0.0,0.0,1.0,0.0
1937024,0.0,0.0,0.0,0.0,0.0,0.0,0.0
1937166,0.0,0.0,0.0,0.0,0.0,1.0,0.0
1937666,0.0,0.0,0.0,0.0,0.0,0.0,0.0
1938171,0.0,0.0,0.0,0.0,0.0,1.0,0.0
1938186,0.0,0.0,0.0,0.0,0.0,2.0,0.0
1938686,0.0,0.0,0.0,0.0,0.0,0.0,0.0
1939701,0.0,0.0,0.0,0.0,0.0,1.0,0.0
1940201,0.0,0.0,0.0,0.0,0.0,0.0,0.0
1940453,0.0,0.0,0.0,0.0,0.0,1.0,0.0
1940953,0.0,0.0,0.0,0.0,0.0,0.0,0.0
1944785,0.0,0.0,0.0,0.0,0.0,1.0,0.0
1945285,0.0,0.0,0.0,0.0,0.0,0.0,0.0
1946301,0.0,0.0,0.0,0.0,0.0,1.0,0.0
1946801,0.0,0.0,0.0,0.0,0.0,0.0,0.0
1947398,0.0,0.0,0.0,0.0,0.0,1.0,0.0
1947898,0.0,0.0,0.0,0.0,0.0,0.0,0.0
1951659,0.0,0.0,0.0,0.0,0.0,1.0,0.0
1952159,0.0,0.0,0.0,0.0,0.0,0.0,0.0
1952576,0.0,0.0,0.0,0.0,0.0,1.0,0.0
1953076,0.0,0.0,0.0,0.0,0.0,0.0,0.0
1954671,0.0,0.0,0.0,0.0,0.0,1.0,0.0
1955171,0.0,0.0,0.0,0.0,0.0,0.0,0.0
1955611,0.0,0.0,0.0,0.0,0.0,1.0,0.0
1956111,0.0,0.0,0.0,0.0,0.0,0.0,0.0
1958912,0.0,0.0,0.0,0.0,0.0,1.0,0.0
1959412,0.0,0.0,0.0,0.0,0.0,0.0,0.0
1962704,0.0,0.0,0.0,0.0,0.0,1.0,0.0
1963204,0.0,0.0,0.0,0.0,0.0,0.0,0.0
1963486,0.0,0.0,0.0,0.0,0.0,1.0,0.0
1963986,0.0,0.0,0.0,0.0,0.0,0.0,0.0
1965409,0.0,0.0,0.0,0.0,1.0,0.0,0.0
1965909,0.0,0.0,0.0,0.0,0.0,0.0,0.0
1969392,0.0,0.0,0.0,0.0,0.0,1.0,0.0
1969892,0.0,0.0,0.0,0.0,0.0,0.0,0.0
1974923,0.0,0.0,0.0,0.0,0.0,1.0,0.0
1975423,0.0,0.0,0.0,0.0,0.0,0.0,0.0
1975459,0.0,0.0,0.0,0.0,0.0,1.0,0.0
1975461,0.0,0.0,0.0,0.0,0.0,2.0,0.0
1975961,0.0,0.0,0.0,0.0,0.0,0.0,0.0
1977085,0.0,0.0,0.0,0.0,0.0,1.0,0.0
1977585,0.0,0.0,0.0,0.0,0.0,0.0,0.0
1979216,0.0,0.0,0.0,0.0,0.0,1.0,0.0
1979716,0.0,0.0,0.0,0.0,0.0,0.0,0.0
1980624,0.0,0.0,0.0,0.0,0.0,1.0,0.0
1980626,0.0,0.0,0.0,0.0,0.0,2.0,0.0
1981126,0.0,0.0,0.0,0.0,0.0,0.0,0.0
1981820,0.0,0.0,0.0,0.0,0.0,1.0,0.0
1982320,0.0,0.0,0.0,0.0,0.0,0.0,0.0
1983022,0.0,0.0,0.0,0.0,0.0,1.0,0.0
1983522,0.0,0.0,0.0,0.0,0.0,0.0,0.0
1984324,0.0,0.0,0.0,0.0,0.0,1.0,0.0
1984824,0.0,0.0,0.0,0.0,0.0,0.0,0.0
1988147,0.0,0.0,0.0,0.0,0.0,1.0,0.0
1988647,0.0,0.0,0.0,0.0,0.0,0.0,0.0
1988704,0.0,0.0,0.0,0.0,0.0,1.0,0.0
1988743,0.0,0.0,0.0,0.0,0.0,2.0,0.0
1989243,0.0,0.0,0.0,0.0,0.0,0.0,0.0
1989505,0.0,0.0,0.0,0.0,0.0,1.0,0.0
1989512,0.0,0.0,0.0,0.0,0.0,2.0,0.0
1990012,0.0,0.0,0.0,0.0,0.0,0.0,0.0
1991455,0.0,0.0,0.0,0.0,0.0,1.0,0.0
1991955,0.0,0.0,0.0,0.0,0.0,0.0,0.0
1993478,0.0,0.0,0.0,0.0,0.0,1.0,0.0
1993978,0.0,0.0,0.0,0.0,0.0,0.0,0.0
1994517,0.0,0.0,0.0,0.0,0.0,1.0,0.0
1994527,0.0,0.0,0.0,0.0,0.0,2.0,0.0
1995027,0.0,0.0,0.0,0.0,0.0,0.0,0.0
1996200,0.0,0.0,0.0,0.0,0.0,1.0,0.0
1996201,0.0,0.0,0.0,0.0,0.0,2.0,0.0
1996701,0.0,0.0,0.0,0.0,0.0,0.0,0.0
2001900,0.0,0.0,0.0,0.0,0.0,0.0,1.0
2002052,0.0,0.0,0.0,0.0,0.0,1.0,1.0
2002400,0.0,0.0,0.0,0.0,0.0,1.0,0.0
