,ADWIN,CUSUM,DDM,GeometricMovingAverage,HDDMAverage,HDDMWeighted,Ground-truth
179,0.0,0.0,0.0,0.0,0.0,1.0,0.0
181,0.0,0.0,1.0,0.0,0.0,1.0,0.0
679,0.0,0.0,1.0,0.0,0.0,0.0,0.0
681,0.0,0.0,0.0,0.0,0.0,0.0,0.0
1477,0.0,0.0,0.0,0.0,0.0,1.0,0.0
1607,0.0,0.0,0.0,0.0,0.0,2.0,0.0
2107,0.0,0.0,0.0,0.0,0.0,0.0,0.0
2123,0.0,0.0,0.0,0.0,0.0,1.0,0.0
2128,0.0,0.0,0.0,0.0,0.0,2.0,0.0
2628,0.0,0.0,0.0,0.0,0.0,0.0,0.0
2636,0.0,0.0,0.0,0.0,0.0,1.0,0.0
2865,0.0,0.0,1.0,0.0,0.0,1.0,0.0
3136,0.0,0.0,1.0,0.0,0.0,0.0,0.0
3237,0.0,0.0,1.0,0.0,0.0,1.0,0.0
3737,0.0,0.0,1.0,0.0,0.0,0.0,0.0
3851,0.0,0.0,1.0,0.0,0.0,1.0,0.0
4351,0.0,0.0,1.0,0.0,0.0,0.0,0.0
4423,0.0,0.0,1.0,0.0,0.0,1.0,0.0
4500,0.0,2.0,1.0,0.0,0.0,1.0,0.0
4501,0.0,2.0,1.0,0.0,0.0,2.0,0.0
5000,0.0,0.0,1.0,0.0,0.0,2.0,0.0
5001,0.0,0.0,1.0,0.0,0.0,0.0,0.0
5634,0.0,0.0,1.0,0.0,0.0,1.0,0.0
5637,0.0,0.0,1.0,0.0,0.0,2.0,0.0
6137,0.0,0.0,1.0,0.0,0.0,0.0,0.0
6163,0.0,0.0,1.0,0.0,0.0,1.0,0.0
6181,0.0,0.0,1.0,0.0,0.0,2.0,0.0
6681,0.0,0.0,1.0,0.0,0.0,0.0,0.0
6988,0.0,0.0,1.0,0.0,0.0,1.0,0.0
7488,0.0,0.0,1.0,0.0,0.0,0.0,0.0
7540,0.0,0.0,1.0,0.0,0.0,1.0,0.0
7714,0.0,0.0,1.0,0.0,0.0,2.0,0.0
8214,0.0,0.0,1.0,0.0,0.0,0.0,0.0
8315,0.0,0.0,1.0,0.0,0.0,1.0,0.0
8815,0.0,0.0,1.0,0.0,0.0,0.0,0.0
9905,0.0,0.0,1.0,0.0,0.0,1.0,0.0
10405,0.0,0.0,1.0,0.0,0.0,0.0,0.0
10776,0.0,0.0,1.0,0.0,0.0,1.0,0.0
11276,0.0,0.0,1.0,0.0,0.0,0.0,0.0
11607,0.0,0.0,1.0,0.0,0.0,1.0,0.0
11996,0.0,0.0,1.0,0.0,1.0,1.0,0.0
12107,0.0,0.0,1.0,0.0,1.0,0.0,0.0
12407,0.0,0.0,1.0,0.0,1.0,1.0,0.0
12496,0.0,0.0,1.0,0.0,0.0,1.0,0.0
12501,0.0,0.0,1.0,0.0,0.0,2.0,0.0
13001,0.0,0.0,1.0,0.0,0.0,0.0,0.0
13044,0.0,0.0,1.0,0.0,0.0,1.0,0.0
13544,0.0,0.0,1.0,0.0,0.0,0.0,0.0
13592,0.0,0.0,1.0,0.0,0.0,1.0,0.0
13605,0.0,0.0,1.0,0.0,0.0,2.0,0.0
14105,0.0,0.0,1.0,0.0,0.0,0.0,0.0
14281,0.0,0.0,1.0,0.0,0.0,1.0,0.0
14781,0.0,0.0,1.0,0.0,0.0,0.0,0.0
15081,0.0,0.0,1.0,0.0,0.0,1.0,0.0
15581,0.0,0.0,1.0,0.0,0.0,0.0,0.0
16060,0.0,0.0,1.0,0.0,1.0,0.0,0.0
16095,0.0,0.0,1.0,0.0,1.0,1.0,0.0
16560,0.0,0.0,1.0,0.0,0.0,1.0,0.0
16595,0.0,0.0,1.0,0.0,0.0,0.0,0.0
16849,0.0,0.0,1.0,0.0,0.0,1.0,0.0
17349,0.0,0.0,1.0,0.0,0.0,0.0,0.0
18329,0.0,0.0,1.0,0.0,0.0,1.0,0.0
18829,0.0,0.0,1.0,0.0,0.0,0.0,0.0
19343,0.0,0.0,1.0,0.0,0.0,1.0,0.0
19416,0.0,0.0,1.0,0.0,0.0,2.0,0.0
19916,0.0,0.0,1.0,0.0,0.0,0.0,0.0
20022,0.0,0.0,1.0,0.0,0.0,1.0,0.0
20032,0.0,0.0,1.0,0.0,0.0,2.0,0.0
20532,0.0,0.0,1.0,0.0,0.0,0.0,0.0
20698,0.0,0.0,1.0,0.0,0.0,1.0,0.0
21198,0.0,0.0,1.0,0.0,0.0,0.0,0.0
21211,0.0,0.0,1.0,0.0,0.0,1.0,0.0
21711,0.0,0.0,1.0,0.0,0.0,0.0,0.0
22076,0.0,0.0,1.0,0.0,0.0,1.0,0.0
22576,0.0,0.0,1.0,0.0,0.0,0.0,0.0
22802,0.0,0.0,1.0,0.0,0.0,1.0,0.0
23302,0.0,0.0,1.0,0.0,0.0,0.0,0.0
23773,0.0,0.0,1.0,0.0,0.0,1.0,0.0
24273,0.0,0.0,1.0,0.0,0.0,0.0,0.0
25043,0.0,0.0,1.0,0.0,0.0,1.0,0.0
25050,0.0,0.0,1.0,0.0,0.0,2.0,0.0
25550,0.0,0.0,1.0,0.0,0.0,0.0,0.0
25707,0.0,0.0,1.0,0.0,0.0,1.0,0.0
26207,0.0,0.0,1.0,0.0,0.0,0.0,0.0
26243,0.0,0.0,1.0,0.0,0.0,1.0,0.0
26246,0.0,0.0,1.0,0.0,0.0,2.0,0.0
26746,0.0,0.0,1.0,0.0,0.0,0.0,0.0
26827,0.0,0.0,1.0,0.0,0.0,1.0,0.0
27327,0.0,0.0,1.0,0.0,0.0,0.0,0.0
29365,0.0,0.0,0.0,0.0,0.0,0.0,0.0
29918,0.0,0.0,0.0,0.0,0.0,1.0,0.0
30296,0.0,0.0,1.0,0.0,0.0,1.0,0.0
30418,0.0,0.0,1.0,0.0,0.0,0.0,0.0
30576,0.0,0.0,1.0,0.0,0.0,1.0,0.0
30678,0.0,0.0,1.0,0.0,0.0,2.0,0.0
30796,0.0,0.0,0.0,0.0,0.0,2.0,0.0
31178,0.0,0.0,0.0,0.0,0.0,0.0,0.0
31273,0.0,0.0,0.0,0.0,0.0,1.0,0.0
31773,0.0,0.0,0.0,0.0,0.0,0.0,0.0
32527,0.0,0.0,1.0,0.0,0.0,0.0,0.0
32532,0.0,0.0,1.0,0.0,0.0,1.0,0.0
33027,0.0,0.0,0.0,0.0,0.0,1.0,0.0
33032,0.0,0.0,0.0,0.0,0.0,0.0,0.0
33742,0.0,0.0,0.0,0.0,0.0,1.0,0.0
33789,0.0,0.0,0.0,0.0,0.0,2.0,0.0
33984,0.0,0.0,0.0,0.0,1.0,2.0,0.0
33990,0.0,0.0,1.0,0.0,1.0,2.0,0.0
34289,0.0,0.0,1.0,0.0,1.0,0.0,0.0
34484,0.0,0.0,1.0,0.0,0.0,0.0,0.0
34490,0.0,0.0,0.0,0.0,0.0,0.0,0.0
35503,0.0,0.0,0.0,0.0,0.0,1.0,0.0
36003,0.0,0.0,0.0,0.0,0.0,0.0,0.0
36132,0.0,0.0,0.0,0.0,0.0,1.0,0.0
36135,0.0,0.0,0.0,0.0,0.0,2.0,0.0
36635,0.0,0.0,0.0,0.0,0.0,0.0,0.0
37881,0.0,0.0,0.0,0.0,0.0,1.0,0.0
38028,0.0,0.0,1.0,0.0,0.0,1.0,0.0
38381,0.0,0.0,1.0,0.0,0.0,0.0,0.0
38452,0.0,0.0,1.0,0.0,0.0,1.0,0.0
38528,0.0,0.0,0.0,0.0,0.0,1.0,0.0
38952,0.0,0.0,0.0,0.0,0.0,0.0,0.0
39299,0.0,0.0,0.0,0.0,0.0,1.0,0.0
39448,0.0,0.0,0.0,0.0,0.0,2.0,0.0
39948,0.0,0.0,0.0,0.0,0.0,0.0,0.0
41052,0.0,0.0,1.0,0.0,0.0,0.0,0.0
41411,0.0,0.0,1.0,0.0,0.0,1.0,0.0
41552,0.0,0.0,0.0,0.0,0.0,1.0,0.0
41684,0.0,0.0,1.0,0.0,0.0,1.0,0.0
41911,0.0,0.0,1.0,0.0,0.0,0.0,0.0
42684,0.0,0.0,0.0,0.0,0.0,0.0,0.0
42871,0.0,0.0,0.0,0.0,0.0,1.0,0.0
43371,0.0,0.0,0.0,0.0,0.0,0.0,0.0
43375,0.0,0.0,0.0,0.0,0.0,1.0,0.0
43875,0.0,0.0,0.0,0.0,0.0,0.0,0.0
43876,0.0,0.0,0.0,0.0,0.0,1.0,0.0
44376,0.0,0.0,0.0,0.0,0.0,0.0,0.0
45896,0.0,0.0,0.0,0.0,0.0,1.0,0.0
46396,0.0,0.0,0.0,0.0,0.0,0.0,0.0
46865,0.0,0.0,0.0,0.0,0.0,1.0,0.0
46869,0.0,0.0,0.0,0.0,0.0,2.0,0.0
47323,0.0,0.0,0.0,0.0,1.0,2.0,0.0
47369,0.0,0.0,0.0,0.0,1.0,0.0,0.0
47763,0.0,0.0,0.0,0.0,1.0,1.0,0.0
47823,0.0,0.0,0.0,0.0,0.0,1.0,0.0
48263,0.0,0.0,0.0,0.0,0.0,0.0,0.0
49204,0.0,0.0,0.0,0.0,0.0,1.0,0.0
49704,0.0,0.0,0.0,0.0,0.0,0.0,0.0
49998,0.0,0.0,0.0,0.0,0.0,1.0,0.0
50498,0.0,0.0,0.0,0.0,0.0,0.0,0.0
50600,0.0,0.0,0.0,0.0,0.0,1.0,0.0
51100,0.0,0.0,0.0,0.0,0.0,0.0,0.0
51118,0.0,0.0,0.0,0.0,0.0,1.0,0.0
51308,0.0,0.0,0.0,0.0,0.0,2.0,0.0
51808,0.0,0.0,0.0,0.0,0.0,0.0,0.0
52173,0.0,0.0,0.0,0.0,0.0,1.0,0.0
52673,0.0,0.0,0.0,0.0,0.0,0.0,0.0
52836,0.0,0.0,0.0,0.0,0.0,1.0,0.0
53336,0.0,0.0,0.0,0.0,0.0,0.0,0.0
53366,0.0,0.0,0.0,0.0,0.0,1.0,0.0
53450,0.0,0.0,0.0,0.0,0.0,2.0,0.0
53828,0.0,0.0,0.0,0.0,1.0,2.0,0.0
53950,0.0,0.0,0.0,0.0,1.0,0.0,0.0
54328,0.0,0.0,0.0,0.0,0.0,0.0,0.0
54432,0.0,2.0,0.0,0.0,0.0,0.0,0.0
54435,0.0,2.0,0.0,0.0,0.0,1.0,0.0
54436,0.0,2.0,0.0,0.0,1.0,1.0,0.0
54932,0.0,0.0,0.0,0.0,1.0,1.0,0.0
54935,0.0,0.0,0.0,0.0,1.0,0.0,0.0
54936,0.0,0.0,0.0,0.0,0.0,0.0,0.0
55049,0.0,0.0,0.0,0.0,1.0,0.0,0.0
55183,0.0,0.0,0.0,0.0,1.0,1.0,0.0
55549,0.0,0.0,0.0,0.0,0.0,1.0,0.0
55683,0.0,0.0,0.0,0.0,0.0,0.0,0.0
55689,0.0,0.0,0.0,0.0,0.0,1.0,0.0
55692,0.0,0.0,0.0,0.0,0.0,2.0,0.0
56192,0.0,0.0,0.0,0.0,0.0,0.0,0.0
56674,0.0,0.0,0.0,0.0,0.0,1.0,0.0
56695,0.0,0.0,0.0,0.0,0.0,2.0,0.0
57195,0.0,0.0,0.0,0.0,0.0,0.0,0.0
58581,0.0,0.0,0.0,0.0,0.0,1.0,0.0
58585,0.0,0.0,0.0,0.0,0.0,2.0,0.0
59085,0.0,0.0,0.0,0.0,0.0,0.0,0.0
59787,0.0,0.0,0.0,0.0,0.0,1.0,0.0
60183,0.0,0.0,0.0,0.0,0.0,2.0,0.0
60683,0.0,0.0,0.0,0.0,0.0,0.0,0.0
61128,0.0,0.0,0.0,0.0,0.0,1.0,0.0
61628,0.0,0.0,0.0,0.0,0.0,0.0,0.0
62192,0.0,0.0,0.0,0.0,0.0,1.0,0.0
62692,0.0,0.0,0.0,0.0,0.0,0.0,0.0
65553,0.0,0.0,0.0,0.0,0.0,1.0,0.0
66006,0.0,0.0,0.0,0.0,0.0,2.0,0.0
66506,0.0,0.0,0.0,0.0,0.0,0.0,0.0
66947,0.0,0.0,0.0,0.0,0.0,1.0,0.0
66950,0.0,0.0,0.0,0.0,0.0,2.0,0.0
67450,0.0,0.0,0.0,0.0,0.0,0.0,0.0
69312,0.0,0.0,0.0,0.0,0.0,1.0,0.0
69315,0.0,0.0,0.0,0.0,0.0,2.0,0.0
69815,0.0,0.0,0.0,0.0,0.0,0.0,0.0
70251,0.0,0.0,0.0,0.0,0.0,1.0,0.0
70751,0.0,0.0,0.0,0.0,0.0,0.0,0.0
71046,0.0,0.0,0.0,0.0,0.0,1.0,0.0
71546,0.0,0.0,0.0,0.0,0.0,0.0,0.0
71694,0.0,0.0,0.0,0.0,0.0,1.0,0.0
72194,0.0,0.0,0.0,0.0,0.0,0.0,0.0
72637,0.0,0.0,0.0,0.0,0.0,1.0,0.0
72652,0.0,0.0,0.0,0.0,0.0,2.0,0.0
73152,0.0,0.0,0.0,0.0,0.0,0.0,0.0
73585,0.0,0.0,0.0,0.0,0.0,1.0,0.0
74085,0.0,0.0,0.0,0.0,0.0,0.0,0.0
74517,0.0,0.0,0.0,0.0,0.0,1.0,0.0
75017,0.0,0.0,0.0,0.0,0.0,0.0,0.0
75019,0.0,0.0,0.0,0.0,0.0,1.0,0.0
75519,0.0,0.0,0.0,0.0,0.0,2.0,0.0
76019,0.0,0.0,0.0,0.0,0.0,0.0,0.0
76116,0.0,0.0,0.0,0.0,0.0,1.0,0.0
76264,0.0,0.0,0.0,0.0,0.0,2.0,0.0
76764,0.0,0.0,0.0,0.0,0.0,0.0,0.0
77332,0.0,0.0,0.0,0.0,0.0,1.0,0.0
77832,0.0,0.0,0.0,0.0,0.0,0.0,0.0
77862,0.0,0.0,0.0,0.0,0.0,1.0,0.0
78362,0.0,0.0,0.0,0.0,0.0,0.0,0.0
78457,0.0,0.0,0.0,0.0,0.0,1.0,0.0
78463,0.0,0.0,0.0,0.0,0.0,2.0,0.0
78963,0.0,0.0,0.0,0.0,0.0,0.0,0.0
79064,0.0,0.0,0.0,0.0,0.0,1.0,0.0
79564,0.0,0.0,0.0,0.0,0.0,0.0,0.0
80141,0.0,0.0,0.0,0.0,0.0,1.0,0.0
80239,0.0,0.0,0.0,0.0,0.0,2.0,0.0
80739,0.0,0.0,0.0,0.0,0.0,0.0,0.0
80929,0.0,0.0,0.0,0.0,0.0,1.0,0.0
81429,0.0,0.0,0.0,0.0,0.0,0.0,0.0
81729,0.0,0.0,0.0,0.0,0.0,1.0,0.0
81854,0.0,0.0,0.0,0.0,0.0,2.0,0.0
82354,0.0,0.0,0.0,0.0,0.0,0.0,0.0
83142,0.0,0.0,0.0,0.0,0.0,1.0,0.0
83642,0.0,0.0,0.0,0.0,0.0,0.0,0.0
84366,0.0,0.0,0.0,0.0,0.0,1.0,0.0
84764,0.0,0.0,0.0,0.0,0.0,2.0,0.0
85264,0.0,0.0,0.0,0.0,0.0,0.0,0.0
85589,0.0,0.0,0.0,0.0,0.0,1.0,0.0
85992,0.0,0.0,0.0,0.0,0.0,2.0,0.0
86492,0.0,0.0,0.0,0.0,0.0,0.0,0.0
86517,0.0,0.0,0.0,0.0,0.0,1.0,0.0
87017,0.0,0.0,0.0,0.0,0.0,0.0,0.0
87256,0.0,0.0,0.0,0.0,0.0,1.0,0.0
87756,0.0,0.0,0.0,0.0,0.0,0.0,0.0
88294,0.0,0.0,0.0,0.0,0.0,1.0,0.0
88794,0.0,0.0,0.0,0.0,0.0,0.0,0.0
89290,0.0,0.0,0.0,0.0,0.0,1.0,0.0
89790,0.0,0.0,0.0,0.0,0.0,0.0,0.0
89828,0.0,2.0,0.0,0.0,0.0,0.0,0.0
90328,0.0,0.0,0.0,0.0,0.0,0.0,0.0
91385,0.0,0.0,0.0,0.0,0.0,1.0,0.0
91885,0.0,0.0,0.0,0.0,0.0,0.0,0.0
92545,0.0,0.0,0.0,0.0,0.0,1.0,0.0
92905,0.0,0.0,0.0,0.0,0.0,2.0,0.0
93405,0.0,0.0,0.0,0.0,0.0,0.0,0.0
94575,0.0,0.0,0.0,0.0,0.0,1.0,0.0
94798,0.0,0.0,0.0,0.0,0.0,2.0,0.0
95298,0.0,0.0,0.0,0.0,0.0,0.0,0.0
97424,0.0,0.0,0.0,0.0,0.0,1.0,0.0
97924,0.0,0.0,0.0,0.0,0.0,0.0,0.0
98795,0.0,0.0,0.0,0.0,0.0,1.0,0.0
99295,0.0,0.0,0.0,0.0,0.0,0.0,0.0
99833,0.0,0.0,0.0,0.0,0.0,1.0,0.0
99848,0.0,0.0,0.0,0.0,0.0,2.0,0.0
100348,0.0,0.0,0.0,0.0,0.0,0.0,0.0
100959,0.0,0.0,0.0,0.0,1.0,0.0,0.0
100960,0.0,0.0,0.0,0.0,2.0,0.0,0.0
101460,0.0,0.0,0.0,0.0,0.0,0.0,0.0
102655,0.0,0.0,0.0,0.0,1.0,0.0,0.0
103155,0.0,0.0,0.0,0.0,0.0,0.0,0.0
109755,0.0,0.0,0.0,0.0,0.0,1.0,0.0
110255,0.0,0.0,0.0,0.0,0.0,0.0,0.0
111150,0.0,0.0,0.0,0.0,0.0,1.0,0.0
111650,0.0,0.0,0.0,0.0,0.0,0.0,0.0
113924,0.0,0.0,0.0,0.0,0.0,1.0,0.0
114424,0.0,0.0,0.0,0.0,0.0,0.0,0.0
117536,0.0,0.0,0.0,0.0,0.0,1.0,0.0
118036,0.0,0.0,0.0,0.0,0.0,0.0,0.0
120446,0.0,0.0,0.0,0.0,0.0,1.0,0.0
120946,0.0,0.0,0.0,0.0,0.0,0.0,0.0
121305,0.0,0.0,0.0,0.0,0.0,1.0,0.0
121805,0.0,0.0,0.0,0.0,0.0,0.0,0.0
122090,0.0,0.0,0.0,0.0,0.0,1.0,0.0
122590,0.0,0.0,0.0,0.0,0.0,0.0,0.0
123134,0.0,0.0,0.0,0.0,0.0,1.0,0.0
123634,0.0,0.0,0.0,0.0,0.0,0.0,0.0
125035,0.0,0.0,0.0,0.0,0.0,1.0,0.0
125037,0.0,0.0,0.0,0.0,0.0,2.0,0.0
125537,0.0,0.0,0.0,0.0,0.0,0.0,0.0
125829,0.0,0.0,0.0,0.0,0.0,1.0,0.0
126329,0.0,0.0,0.0,0.0,0.0,0.0,0.0
126861,0.0,0.0,0.0,0.0,0.0,1.0,0.0
127361,0.0,0.0,0.0,0.0,0.0,0.0,0.0
127496,0.0,0.0,0.0,0.0,0.0,1.0,0.0
127996,0.0,0.0,0.0,0.0,0.0,0.0,0.0
129019,0.0,0.0,0.0,0.0,0.0,1.0,0.0
129519,0.0,0.0,0.0,0.0,0.0,0.0,0.0
131652,0.0,0.0,0.0,0.0,0.0,1.0,0.0
132152,0.0,0.0,0.0,0.0,0.0,0.0,0.0
132692,0.0,0.0,0.0,0.0,0.0,1.0,0.0
133192,0.0,0.0,0.0,0.0,0.0,0.0,0.0
135005,0.0,0.0,0.0,0.0,0.0,1.0,0.0
135505,0.0,0.0,0.0,0.0,0.0,0.0,0.0
137422,0.0,0.0,0.0,0.0,0.0,1.0,0.0
137922,0.0,0.0,0.0,0.0,0.0,0.0,0.0
138844,0.0,0.0,0.0,0.0,0.0,1.0,0.0
139344,0.0,0.0,0.0,0.0,0.0,0.0,0.0
139915,0.0,0.0,0.0,0.0,0.0,1.0,0.0
140415,0.0,0.0,0.0,0.0,0.0,0.0,0.0
140751,0.0,0.0,0.0,0.0,0.0,1.0,0.0
141251,0.0,0.0,0.0,0.0,0.0,0.0,0.0
141575,0.0,0.0,0.0,0.0,0.0,1.0,0.0
142075,0.0,0.0,0.0,0.0,0.0,0.0,0.0
143018,0.0,0.0,0.0,0.0,0.0,1.0,0.0
143518,0.0,0.0,0.0,0.0,0.0,0.0,0.0
145945,0.0,0.0,0.0,0.0,0.0,1.0,0.0
146445,0.0,0.0,0.0,0.0,0.0,0.0,0.0
146503,0.0,0.0,0.0,0.0,0.0,1.0,0.0
147003,0.0,0.0,0.0,0.0,0.0,0.0,0.0
147490,0.0,0.0,0.0,0.0,0.0,1.0,0.0
147990,0.0,0.0,0.0,0.0,0.0,0.0,0.0
148433,0.0,0.0,0.0,0.0,0.0,1.0,0.0
148933,0.0,0.0,0.0,0.0,0.0,0.0,0.0
149002,0.0,0.0,0.0,0.0,0.0,1.0,0.0
149502,0.0,0.0,0.0,0.0,0.0,0.0,0.0
149890,0.0,0.0,0.0,0.0,0.0,1.0,0.0
150390,0.0,0.0,0.0,0.0,0.0,0.0,0.0
152355,0.0,0.0,0.0,0.0,0.0,1.0,0.0
152855,0.0,0.0,0.0,0.0,0.0,0.0,0.0
154048,0.0,0.0,0.0,0.0,0.0,1.0,0.0
154548,0.0,0.0,0.0,0.0,0.0,0.0,0.0
154673,0.0,0.0,0.0,0.0,0.0,1.0,0.0
155173,0.0,0.0,0.0,0.0,0.0,0.0,0.0
156375,0.0,0.0,0.0,0.0,0.0,1.0,0.0
156875,0.0,0.0,0.0,0.0,0.0,0.0,0.0
158738,0.0,0.0,0.0,0.0,0.0,1.0,0.0
159238,0.0,0.0,0.0,0.0,0.0,0.0,0.0
160504,0.0,0.0,0.0,0.0,0.0,1.0,0.0
160505,0.0,0.0,0.0,0.0,0.0,2.0,0.0
161005,0.0,0.0,0.0,0.0,0.0,0.0,0.0
161721,0.0,0.0,0.0,0.0,0.0,1.0,0.0
162221,0.0,0.0,0.0,0.0,0.0,0.0,0.0
164065,0.0,0.0,0.0,0.0,0.0,1.0,0.0
164565,0.0,0.0,0.0,0.0,0.0,0.0,0.0
167111,0.0,0.0,0.0,0.0,0.0,1.0,0.0
167611,0.0,0.0,0.0,0.0,0.0,0.0,0.0
167850,0.0,0.0,0.0,0.0,0.0,1.0,0.0
168350,0.0,0.0,0.0,0.0,0.0,0.0,0.0
173906,0.0,0.0,0.0,0.0,0.0,1.0,0.0
173907,0.0,0.0,0.0,0.0,1.0,1.0,0.0
174406,0.0,0.0,0.0,0.0,1.0,0.0,0.0
174407,0.0,0.0,0.0,0.0,0.0,0.0,0.0
175387,0.0,0.0,0.0,0.0,0.0,1.0,0.0
175887,0.0,0.0,0.0,0.0,0.0,0.0,0.0
176125,0.0,0.0,0.0,0.0,0.0,1.0,0.0
176625,0.0,0.0,0.0,0.0,0.0,0.0,0.0
177000,0.0,0.0,0.0,0.0,0.0,1.0,0.0
177039,0.0,0.0,0.0,0.0,0.0,2.0,0.0
177539,0.0,0.0,0.0,0.0,0.0,0.0,0.0
177726,0.0,0.0,0.0,0.0,0.0,1.0,0.0
178226,0.0,0.0,0.0,0.0,0.0,0.0,0.0
180270,0.0,0.0,0.0,0.0,0.0,1.0,0.0
180770,0.0,0.0,0.0,0.0,0.0,0.0,0.0
181264,0.0,0.0,0.0,0.0,0.0,1.0,0.0
181742,0.0,0.0,0.0,0.0,0.0,2.0,0.0
182242,0.0,0.0,0.0,0.0,0.0,0.0,0.0
187457,0.0,0.0,0.0,0.0,0.0,1.0,0.0
187957,0.0,0.0,0.0,0.0,0.0,0.0,0.0
188962,0.0,0.0,0.0,0.0,0.0,1.0,0.0
189462,0.0,0.0,0.0,0.0,0.0,0.0,0.0
190421,0.0,0.0,0.0,0.0,0.0,1.0,0.0
190921,0.0,0.0,0.0,0.0,0.0,0.0,0.0
191747,0.0,0.0,0.0,0.0,0.0,1.0,0.0
192086,0.0,0.0,0.0,0.0,0.0,2.0,0.0
192586,0.0,0.0,0.0,0.0,0.0,0.0,0.0
199679,0.0,0.0,0.0,0.0,0.0,1.0,0.0
200179,0.0,0.0,0.0,0.0,0.0,0.0,0.0
201000,0.0,0.0,0.0,0.0,0.0,0.0,1.0
201410,0.0,0.0,0.0,0.0,0.0,1.0,1.0
201433,0.0,0.0,0.0,0.0,0.0,2.0,1.0
201500,0.0,0.0,0.0,0.0,0.0,2.0,0.0
201631,2.0,0.0,0.0,0.0,0.0,2.0,0.0
201719,2.0,2.0,0.0,0.0,0.0,2.0,0.0
201933,2.0,2.0,0.0,0.0,0.0,0.0,0.0
202131,0.0,2.0,0.0,0.0,0.0,0.0,0.0
202143,0.0,2.0,0.0,0.0,0.0,1.0,0.0
202210,0.0,2.0,0.0,0.0,1.0,1.0,0.0
202219,0.0,0.0,0.0,0.0,1.0,1.0,0.0
202340,0.0,0.0,0.0,0.0,2.0,1.0,0.0
202559,2.0,0.0,0.0,0.0,2.0,1.0,0.0
202643,2.0,0.0,0.0,0.0,2.0,0.0,0.0
202651,2.0,0.0,0.0,0.0,2.0,1.0,0.0
202840,2.0,0.0,0.0,0.0,0.0,1.0,0.0
202873,2.0,0.0,1.0,0.0,0.0,1.0,0.0
203059,0.0,0.0,1.0,0.0,0.0,1.0,0.0
203153,0.0,0.0,1.0,0.0,0.0,2.0,0.0
203653,0.0,0.0,1.0,0.0,0.0,0.0,0.0
203673,0.0,0.0,1.0,0.0,0.0,1.0,0.0
203676,0.0,0.0,1.0,0.0,0.0,2.0,0.0
204176,0.0,0.0,1.0,0.0,0.0,0.0,0.0
204234,0.0,0.0,1.0,0.0,0.0,1.0,0.0
204440,0.0,0.0,2.0,0.0,0.0,1.0,0.0
204734,0.0,0.0,2.0,0.0,0.0,0.0,0.0
204760,0.0,0.0,2.0,0.0,0.0,1.0,0.0
204940,0.0,0.0,0.0,0.0,0.0,1.0,0.0
205260,0.0,0.0,0.0,0.0,0.0,0.0,0.0
205619,0.0,0.0,0.0,0.0,0.0,1.0,0.0
205622,0.0,0.0,0.0,0.0,0.0,2.0,0.0
206122,0.0,0.0,0.0,0.0,0.0,0.0,0.0
206249,0.0,0.0,0.0,0.0,0.0,1.0,0.0
206267,0.0,0.0,0.0,0.0,0.0,2.0,0.0
206767,0.0,0.0,0.0,0.0,0.0,0.0,0.0
206973,0.0,0.0,0.0,0.0,0.0,1.0,0.0
206988,0.0,0.0,0.0,0.0,0.0,2.0,0.0
207488,0.0,0.0,0.0,0.0,0.0,0.0,0.0
207831,0.0,0.0,0.0,0.0,1.0,0.0,0.0
207834,0.0,0.0,0.0,0.0,2.0,0.0,0.0
208177,0.0,0.0,0.0,0.0,2.0,1.0,0.0
208180,0.0,0.0,0.0,0.0,2.0,2.0,0.0
208334,0.0,0.0,0.0,0.0,0.0,2.0,0.0
208680,0.0,0.0,0.0,0.0,0.0,0.0,0.0
208887,0.0,0.0,0.0,0.0,0.0,1.0,0.0
208894,0.0,0.0,0.0,0.0,0.0,2.0,0.0
209394,0.0,0.0,0.0,0.0,0.0,0.0,0.0
209688,0.0,0.0,0.0,0.0,0.0,1.0,0.0
210188,0.0,0.0,0.0,0.0,0.0,0.0,0.0
211278,0.0,0.0,0.0,0.0,0.0,1.0,0.0
211778,0.0,0.0,0.0,0.0,0.0,0.0,0.0
211810,0.0,0.0,0.0,0.0,0.0,1.0,0.0
211825,0.0,0.0,0.0,0.0,0.0,2.0,0.0
212325,0.0,0.0,0.0,0.0,0.0,0.0,0.0
212955,0.0,0.0,0.0,0.0,0.0,1.0,0.0
213455,0.0,0.0,0.0,0.0,0.0,0.0,0.0
213691,0.0,0.0,0.0,0.0,0.0,1.0,0.0
214191,0.0,0.0,0.0,0.0,0.0,0.0,0.0
214206,0.0,0.0,0.0,0.0,0.0,1.0,0.0
214334,0.0,0.0,0.0,0.0,0.0,2.0,0.0
214834,0.0,0.0,0.0,0.0,0.0,0.0,0.0
215071,0.0,0.0,0.0,0.0,0.0,1.0,0.0
215506,0.0,0.0,0.0,0.0,0.0,2.0,0.0
215626,0.0,0.0,0.0,0.0,1.0,2.0,0.0
216006,0.0,0.0,0.0,0.0,1.0,0.0,0.0
216126,0.0,0.0,0.0,0.0,0.0,0.0,0.0
216848,0.0,0.0,0.0,0.0,0.0,1.0,0.0
217348,0.0,0.0,0.0,0.0,0.0,0.0,0.0
217355,0.0,0.0,0.0,0.0,0.0,1.0,0.0
217785,0.0,0.0,0.0,0.0,0.0,2.0,0.0
217809,0.0,0.0,0.0,0.0,1.0,2.0,0.0
218285,0.0,0.0,0.0,0.0,1.0,0.0,0.0
218309,0.0,0.0,0.0,0.0,0.0,0.0,0.0
218604,0.0,0.0,0.0,0.0,0.0,1.0,0.0
219104,0.0,0.0,0.0,0.0,0.0,0.0,0.0
219231,0.0,0.0,0.0,0.0,0.0,1.0,0.0
219520,0.0,0.0,0.0,0.0,0.0,2.0,0.0
220020,0.0,0.0,0.0,0.0,0.0,0.0,0.0
220110,0.0,0.0,0.0,0.0,0.0,1.0,0.0
220610,0.0,0.0,0.0,0.0,0.0,0.0,0.0
221082,0.0,0.0,0.0,0.0,0.0,1.0,0.0
221582,0.0,0.0,0.0,0.0,0.0,0.0,0.0
221945,0.0,0.0,0.0,0.0,0.0,1.0,0.0
222445,0.0,0.0,0.0,0.0,0.0,0.0,0.0
222567,0.0,0.0,0.0,0.0,0.0,1.0,0.0
223067,0.0,0.0,0.0,0.0,0.0,0.0,0.0
223801,0.0,0.0,0.0,0.0,0.0,1.0,0.0
224301,0.0,0.0,0.0,0.0,0.0,0.0,0.0
224473,0.0,0.0,0.0,0.0,0.0,1.0,0.0
224769,0.0,0.0,0.0,0.0,0.0,2.0,0.0
225269,0.0,0.0,0.0,0.0,0.0,0.0,0.0
225319,0.0,0.0,0.0,0.0,0.0,1.0,0.0
225819,0.0,0.0,0.0,0.0,0.0,0.0,0.0
225829,0.0,0.0,0.0,0.0,0.0,1.0,0.0
226028,0.0,0.0,0.0,0.0,0.0,2.0,0.0
226528,0.0,0.0,0.0,0.0,0.0,0.0,0.0
226867,0.0,0.0,0.0,0.0,0.0,1.0,0.0
227183,0.0,0.0,0.0,0.0,0.0,2.0,0.0
227683,0.0,0.0,0.0,0.0,0.0,0.0,0.0
227968,0.0,0.0,0.0,0.0,0.0,1.0,0.0
228468,0.0,0.0,0.0,0.0,0.0,0.0,0.0
229262,0.0,0.0,0.0,0.0,0.0,1.0,0.0
229474,0.0,0.0,0.0,0.0,0.0,2.0,0.0
229974,0.0,0.0,0.0,0.0,0.0,0.0,0.0
230285,0.0,0.0,0.0,0.0,0.0,1.0,0.0
230323,0.0,0.0,0.0,0.0,0.0,2.0,0.0
230823,0.0,0.0,0.0,0.0,0.0,0.0,0.0
230966,0.0,0.0,0.0,0.0,0.0,1.0,0.0
231466,0.0,0.0,0.0,0.0,0.0,0.0,0.0
232037,0.0,0.0,0.0,0.0,0.0,1.0,0.0
232537,0.0,0.0,0.0,0.0,0.0,0.0,0.0
233382,0.0,0.0,0.0,0.0,0.0,1.0,0.0
233407,0.0,0.0,0.0,0.0,0.0,2.0,0.0
233907,0.0,0.0,0.0,0.0,0.0,0.0,0.0
234660,0.0,0.0,0.0,0.0,0.0,1.0,0.0
234692,0.0,0.0,0.0,0.0,0.0,2.0,0.0
235192,0.0,0.0,0.0,0.0,0.0,0.0,0.0
235616,0.0,0.0,0.0,0.0,0.0,1.0,0.0
236116,0.0,0.0,0.0,0.0,0.0,0.0,0.0
236261,0.0,0.0,0.0,0.0,0.0,1.0,0.0
236761,0.0,0.0,0.0,0.0,0.0,0.0,0.0
236805,0.0,0.0,0.0,0.0,0.0,1.0,0.0
237305,0.0,0.0,0.0,0.0,0.0,0.0,0.0
237555,0.0,0.0,0.0,0.0,0.0,1.0,0.0
238055,0.0,0.0,0.0,0.0,0.0,0.0,0.0
239069,0.0,0.0,0.0,0.0,0.0,1.0,0.0
239263,0.0,0.0,0.0,0.0,1.0,1.0,0.0
239569,0.0,0.0,0.0,0.0,1.0,0.0,0.0
239763,0.0,0.0,0.0,0.0,0.0,0.0,0.0
239880,0.0,0.0,0.0,0.0,0.0,1.0,0.0
240375,0.0,0.0,0.0,0.0,0.0,2.0,0.0
240875,0.0,0.0,0.0,0.0,0.0,0.0,0.0
241630,0.0,0.0,0.0,0.0,0.0,1.0,0.0
241643,0.0,0.0,0.0,0.0,0.0,2.0,0.0
242143,0.0,0.0,0.0,0.0,0.0,0.0,0.0
242822,0.0,0.0,0.0,0.0,0.0,1.0,0.0
242829,0.0,0.0,0.0,0.0,0.0,2.0,0.0
243329,0.0,0.0,0.0,0.0,0.0,0.0,0.0
243432,0.0,0.0,0.0,0.0,0.0,1.0,0.0
243932,0.0,0.0,0.0,0.0,0.0,0.0,0.0
244437,0.0,0.0,0.0,0.0,0.0,1.0,0.0
244937,0.0,0.0,0.0,0.0,0.0,0.0,0.0
245152,0.0,0.0,0.0,0.0,0.0,1.0,0.0
245156,0.0,0.0,0.0,0.0,1.0,2.0,0.0
245656,0.0,0.0,0.0,0.0,0.0,0.0,0.0
245957,0.0,2.0,0.0,0.0,0.0,0.0,0.0
246457,0.0,0.0,0.0,0.0,0.0,0.0,0.0
246544,0.0,0.0,0.0,0.0,0.0,1.0,0.0
246559,0.0,0.0,0.0,0.0,0.0,2.0,0.0
247059,0.0,0.0,0.0,0.0,0.0,0.0,0.0
247070,0.0,0.0,0.0,0.0,0.0,1.0,0.0
247304,0.0,0.0,0.0,0.0,0.0,2.0,0.0
247804,0.0,0.0,0.0,0.0,0.0,0.0,0.0
248430,0.0,0.0,0.0,0.0,0.0,1.0,0.0
248930,0.0,0.0,0.0,0.0,0.0,0.0,0.0
249352,0.0,0.0,0.0,0.0,0.0,1.0,0.0
249827,0.0,0.0,0.0,0.0,0.0,2.0,0.0
250327,0.0,0.0,0.0,0.0,0.0,0.0,0.0
250560,0.0,2.0,0.0,0.0,0.0,0.0,0.0
251020,0.0,2.0,0.0,0.0,0.0,1.0,0.0
251060,0.0,0.0,0.0,0.0,0.0,1.0,0.0
251520,0.0,0.0,0.0,0.0,0.0,0.0,0.0
251528,0.0,0.0,0.0,0.0,0.0,1.0,0.0
252033,0.0,0.0,0.0,0.0,0.0,2.0,0.0
252533,0.0,0.0,0.0,0.0,0.0,0.0,0.0
254131,0.0,0.0,0.0,0.0,0.0,1.0,0.0
254631,0.0,0.0,0.0,0.0,0.0,0.0,0.0
254858,0.0,0.0,0.0,0.0,0.0,1.0,0.0
255358,0.0,0.0,0.0,0.0,0.0,0.0,0.0
255433,0.0,0.0,0.0,0.0,0.0,1.0,0.0
255933,0.0,0.0,0.0,0.0,0.0,0.0,0.0
256086,0.0,0.0,0.0,0.0,0.0,1.0,0.0
256586,0.0,0.0,0.0,0.0,0.0,0.0,0.0
256846,0.0,0.0,0.0,0.0,0.0,1.0,0.0
256858,0.0,0.0,0.0,0.0,0.0,2.0,0.0
257358,0.0,0.0,0.0,0.0,0.0,0.0,0.0
257646,0.0,0.0,0.0,0.0,0.0,1.0,0.0
258146,0.0,0.0,0.0,0.0,0.0,0.0,0.0
258738,0.0,0.0,0.0,0.0,0.0,1.0,0.0
259238,0.0,0.0,0.0,0.0,0.0,0.0,0.0
259392,0.0,0.0,0.0,0.0,0.0,1.0,0.0
259396,0.0,0.0,0.0,0.0,0.0,2.0,0.0
259699,0.0,0.0,0.0,0.0,1.0,2.0,0.0
259896,0.0,0.0,0.0,0.0,1.0,0.0,0.0
260199,0.0,0.0,0.0,0.0,0.0,0.0,0.0
261699,0.0,0.0,0.0,0.0,0.0,1.0,0.0
262199,0.0,0.0,0.0,0.0,0.0,0.0,0.0
262261,0.0,0.0,0.0,0.0,0.0,1.0,0.0
262268,0.0,0.0,0.0,0.0,0.0,2.0,0.0
262768,0.0,0.0,0.0,0.0,0.0,0.0,0.0
264613,0.0,0.0,0.0,0.0,0.0,1.0,0.0
264869,0.0,0.0,0.0,0.0,0.0,2.0,0.0
265369,0.0,0.0,0.0,0.0,0.0,0.0,0.0
265868,0.0,0.0,0.0,0.0,0.0,1.0,0.0
265881,0.0,0.0,0.0,0.0,0.0,2.0,0.0
266381,0.0,0.0,0.0,0.0,0.0,0.0,0.0
266431,0.0,0.0,0.0,0.0,0.0,1.0,0.0
266780,0.0,0.0,0.0,0.0,0.0,2.0,0.0
266867,0.0,2.0,0.0,0.0,0.0,2.0,0.0
267280,0.0,2.0,0.0,0.0,0.0,0.0,0.0
267304,0.0,2.0,0.0,0.0,0.0,1.0,0.0
267367,0.0,0.0,0.0,0.0,0.0,1.0,0.0
267804,0.0,0.0,0.0,0.0,0.0,0.0,0.0
268081,0.0,0.0,0.0,0.0,0.0,1.0,0.0
268581,0.0,0.0,0.0,0.0,0.0,0.0,0.0
268628,0.0,0.0,0.0,0.0,0.0,1.0,0.0
268631,0.0,0.0,0.0,0.0,0.0,2.0,0.0
269131,0.0,0.0,0.0,0.0,0.0,0.0,0.0
269785,0.0,0.0,0.0,0.0,0.0,1.0,0.0
269813,0.0,0.0,0.0,0.0,0.0,2.0,0.0
270313,0.0,0.0,0.0,0.0,0.0,0.0,0.0
270795,0.0,0.0,0.0,0.0,0.0,1.0,0.0
270807,0.0,0.0,0.0,0.0,0.0,2.0,0.0
271307,0.0,0.0,0.0,0.0,0.0,0.0,0.0
271493,0.0,0.0,0.0,0.0,0.0,1.0,0.0
271993,0.0,0.0,0.0,0.0,0.0,0.0,0.0
272521,0.0,0.0,0.0,0.0,0.0,1.0,0.0
273021,0.0,0.0,0.0,0.0,0.0,0.0,0.0
273182,0.0,0.0,0.0,0.0,0.0,1.0,0.0
273478,0.0,0.0,0.0,0.0,0.0,2.0,0.0
273978,0.0,0.0,0.0,0.0,0.0,0.0,0.0
274302,0.0,0.0,0.0,0.0,0.0,1.0,0.0
274305,0.0,0.0,0.0,0.0,0.0,2.0,0.0
274805,0.0,0.0,0.0,0.0,0.0,0.0,0.0
274911,0.0,0.0,0.0,0.0,0.0,1.0,0.0
275411,0.0,0.0,0.0,0.0,0.0,0.0,0.0
275525,0.0,0.0,0.0,0.0,0.0,1.0,0.0
275567,0.0,2.0,0.0,0.0,0.0,1.0,0.0
275956,0.0,2.0,0.0,0.0,0.0,2.0,0.0
276067,0.0,0.0,0.0,0.0,0.0,2.0,0.0
276456,0.0,0.0,0.0,0.0,0.0,0.0,0.0
276882,0.0,0.0,0.0,0.0,0.0,1.0,0.0
277382,0.0,0.0,0.0,0.0,0.0,0.0,0.0
277405,0.0,0.0,0.0,0.0,0.0,1.0,0.0
277905,0.0,0.0,0.0,0.0,0.0,0.0,0.0
278428,0.0,0.0,0.0,0.0,0.0,1.0,0.0
278434,0.0,0.0,0.0,0.0,0.0,2.0,0.0
278934,0.0,0.0,0.0,0.0,0.0,0.0,0.0
279773,0.0,0.0,0.0,0.0,0.0,1.0,0.0
280185,0.0,0.0,0.0,0.0,0.0,2.0,0.0
280685,0.0,0.0,0.0,0.0,0.0,0.0,0.0
281231,0.0,0.0,0.0,0.0,0.0,1.0,0.0
281731,0.0,0.0,0.0,0.0,0.0,0.0,0.0
283038,0.0,0.0,0.0,0.0,0.0,1.0,0.0
283311,0.0,0.0,0.0,0.0,1.0,1.0,0.0
283538,0.0,0.0,0.0,0.0,1.0,0.0,0.0
283606,0.0,0.0,0.0,0.0,1.0,1.0,0.0
283811,0.0,0.0,0.0,0.0,0.0,1.0,0.0
283905,0.0,0.0,0.0,0.0,0.0,2.0,0.0
284405,0.0,0.0,0.0,0.0,0.0,0.0,0.0
284803,0.0,0.0,0.0,0.0,0.0,1.0,0.0
284812,0.0,0.0,0.0,0.0,0.0,2.0,0.0
285312,0.0,0.0,0.0,0.0,0.0,0.0,0.0
285629,0.0,2.0,0.0,0.0,0.0,0.0,0.0
286082,0.0,2.0,0.0,0.0,0.0,1.0,0.0
286129,0.0,0.0,0.0,0.0,0.0,1.0,0.0
286582,0.0,0.0,0.0,0.0,0.0,0.0,0.0
286664,0.0,0.0,0.0,0.0,0.0,1.0,0.0
287164,0.0,0.0,0.0,0.0,0.0,0.0,0.0
287706,0.0,0.0,0.0,0.0,0.0,1.0,0.0
288206,0.0,0.0,0.0,0.0,0.0,0.0,0.0
288665,0.0,0.0,0.0,0.0,0.0,1.0,0.0
288915,0.0,0.0,0.0,0.0,0.0,2.0,0.0
289415,0.0,0.0,0.0,0.0,0.0,0.0,0.0
290490,0.0,0.0,0.0,0.0,0.0,1.0,0.0
290990,0.0,0.0,0.0,0.0,0.0,0.0,0.0
291568,0.0,0.0,0.0,0.0,0.0,1.0,0.0
292068,0.0,0.0,0.0,0.0,0.0,0.0,0.0
292884,0.0,0.0,0.0,0.0,0.0,1.0,0.0
293384,0.0,0.0,0.0,0.0,0.0,0.0,0.0
293441,0.0,0.0,0.0,0.0,0.0,1.0,0.0
293941,0.0,0.0,0.0,0.0,0.0,0.0,0.0
294038,0.0,0.0,0.0,0.0,0.0,1.0,0.0
294248,0.0,0.0,0.0,0.0,0.0,2.0,0.0
294748,0.0,0.0,0.0,0.0,0.0,0.0,0.0
295192,0.0,0.0,0.0,0.0,0.0,1.0,0.0
295692,0.0,0.0,0.0,0.0,0.0,0.0,0.0
295931,0.0,0.0,0.0,0.0,0.0,1.0,0.0
295934,0.0,0.0,0.0,0.0,0.0,2.0,0.0
296434,0.0,0.0,0.0,0.0,0.0,0.0,0.0
296504,0.0,0.0,0.0,0.0,0.0,1.0,0.0
297004,0.0,0.0,0.0,0.0,0.0,0.0,0.0
297131,0.0,0.0,0.0,0.0,0.0,1.0,0.0
297631,0.0,0.0,0.0,0.0,0.0,0.0,0.0
299096,0.0,0.0,0.0,0.0,0.0,1.0,0.0
299100,0.0,0.0,0.0,0.0,0.0,2.0,0.0
299600,0.0,0.0,0.0,0.0,0.0,0.0,0.0
299623,0.0,0.0,0.0,0.0,0.0,1.0,0.0
300123,0.0,0.0,0.0,0.0,0.0,0.0,0.0
300301,0.0,0.0,0.0,0.0,0.0,1.0,0.0
300310,0.0,0.0,0.0,0.0,0.0,2.0,0.0
300810,0.0,0.0,0.0,0.0,0.0,0.0,0.0
301420,0.0,0.0,0.0,0.0,0.0,1.0,0.0
301613,0.0,0.0,0.0,0.0,0.0,2.0,0.0
302113,0.0,0.0,0.0,0.0,0.0,0.0,0.0
302454,0.0,0.0,0.0,0.0,0.0,1.0,0.0
302954,0.0,0.0,0.0,0.0,0.0,0.0,0.0
305449,0.0,0.0,0.0,0.0,0.0,1.0,0.0
305453,0.0,0.0,0.0,0.0,0.0,2.0,0.0
305953,0.0,0.0,0.0,0.0,0.0,0.0,0.0
306225,0.0,0.0,0.0,0.0,0.0,1.0,0.0
306725,0.0,0.0,0.0,0.0,0.0,0.0,0.0
308160,0.0,0.0,0.0,0.0,0.0,1.0,0.0
308660,0.0,0.0,0.0,0.0,0.0,0.0,0.0
308796,0.0,0.0,0.0,0.0,0.0,1.0,0.0
309296,0.0,0.0,0.0,0.0,0.0,0.0,0.0
310439,0.0,0.0,0.0,0.0,0.0,1.0,0.0
310939,0.0,0.0,0.0,0.0,0.0,0.0,0.0
311444,0.0,0.0,0.0,0.0,0.0,1.0,0.0
311944,0.0,0.0,0.0,0.0,0.0,0.0,0.0
312457,0.0,0.0,0.0,0.0,0.0,1.0,0.0
312957,0.0,0.0,0.0,0.0,0.0,0.0,0.0
315441,0.0,0.0,0.0,0.0,0.0,1.0,0.0
315941,0.0,0.0,0.0,0.0,0.0,0.0,0.0
317184,0.0,0.0,0.0,0.0,0.0,1.0,0.0
317684,0.0,0.0,0.0,0.0,0.0,0.0,0.0
317926,0.0,0.0,0.0,0.0,0.0,1.0,0.0
318426,0.0,0.0,0.0,0.0,0.0,0.0,0.0
319070,0.0,0.0,0.0,0.0,0.0,1.0,0.0
319199,0.0,0.0,0.0,0.0,0.0,2.0,0.0
319699,0.0,0.0,0.0,0.0,0.0,0.0,0.0
321608,0.0,0.0,0.0,0.0,0.0,1.0,0.0
322108,0.0,0.0,0.0,0.0,0.0,0.0,0.0
323303,0.0,0.0,0.0,0.0,0.0,1.0,0.0
323803,0.0,0.0,0.0,0.0,0.0,0.0,0.0
325862,0.0,0.0,0.0,0.0,0.0,1.0,0.0
326362,0.0,0.0,0.0,0.0,0.0,0.0,0.0
326816,0.0,0.0,0.0,0.0,0.0,1.0,0.0
327316,0.0,0.0,0.0,0.0,0.0,0.0,0.0
327475,0.0,0.0,0.0,0.0,0.0,1.0,0.0
327478,0.0,0.0,0.0,0.0,0.0,2.0,0.0
327978,0.0,0.0,0.0,0.0,0.0,0.0,0.0
330249,0.0,0.0,0.0,0.0,0.0,1.0,0.0
330279,0.0,0.0,0.0,0.0,0.0,2.0,0.0
330779,0.0,0.0,0.0,0.0,0.0,0.0,0.0
331098,0.0,0.0,0.0,0.0,0.0,1.0,0.0
331598,0.0,0.0,0.0,0.0,0.0,0.0,0.0
335205,0.0,0.0,0.0,0.0,0.0,1.0,0.0
335705,0.0,0.0,0.0,0.0,0.0,0.0,0.0
338901,0.0,0.0,0.0,0.0,0.0,1.0,0.0
339401,0.0,0.0,0.0,0.0,0.0,0.0,0.0
339435,0.0,0.0,0.0,0.0,0.0,1.0,0.0
339935,0.0,0.0,0.0,0.0,0.0,0.0,0.0
340000,0.0,0.0,0.0,0.0,0.0,1.0,0.0
340500,0.0,0.0,0.0,0.0,0.0,0.0,0.0
340578,0.0,0.0,0.0,0.0,0.0,1.0,0.0
341078,0.0,0.0,0.0,0.0,0.0,0.0,0.0
344549,0.0,0.0,0.0,0.0,0.0,1.0,0.0
344554,0.0,0.0,0.0,0.0,0.0,2.0,0.0
344555,0.0,0.0,0.0,0.0,1.0,2.0,0.0
345054,0.0,0.0,0.0,0.0,1.0,0.0,0.0
345055,0.0,0.0,0.0,0.0,0.0,0.0,0.0
353260,0.0,0.0,0.0,0.0,0.0,1.0,0.0
353760,0.0,0.0,0.0,0.0,0.0,0.0,0.0
355964,0.0,0.0,0.0,0.0,0.0,1.0,0.0
356464,0.0,0.0,0.0,0.0,0.0,0.0,0.0
356619,0.0,0.0,0.0,0.0,0.0,1.0,0.0
357119,0.0,0.0,0.0,0.0,0.0,0.0,0.0
357337,0.0,0.0,0.0,0.0,0.0,1.0,0.0
357338,0.0,0.0,0.0,0.0,0.0,2.0,0.0
357838,0.0,0.0,0.0,0.0,0.0,0.0,0.0
358282,0.0,0.0,0.0,0.0,0.0,1.0,0.0
358782,0.0,0.0,0.0,0.0,0.0,0.0,0.0
359053,0.0,0.0,0.0,0.0,0.0,1.0,0.0
359553,0.0,0.0,0.0,0.0,0.0,0.0,0.0
360375,0.0,0.0,0.0,0.0,0.0,1.0,0.0
360875,0.0,0.0,0.0,0.0,0.0,0.0,0.0
362681,0.0,0.0,0.0,0.0,0.0,1.0,0.0
363181,0.0,0.0,0.0,0.0,0.0,0.0,0.0
363866,0.0,0.0,0.0,0.0,0.0,1.0,0.0
364366,0.0,0.0,0.0,0.0,0.0,0.0,0.0
366454,0.0,0.0,0.0,0.0,0.0,1.0,0.0
366954,0.0,0.0,0.0,0.0,0.0,0.0,0.0
368802,0.0,0.0,0.0,0.0,0.0,1.0,0.0
369302,0.0,0.0,0.0,0.0,0.0,0.0,0.0
370864,0.0,0.0,0.0,0.0,0.0,1.0,0.0
371364,0.0,0.0,0.0,0.0,0.0,0.0,0.0
373259,0.0,0.0,0.0,0.0,0.0,1.0,0.0
373759,0.0,0.0,0.0,0.0,0.0,0.0,0.0
375404,0.0,0.0,0.0,0.0,0.0,1.0,0.0
375904,0.0,0.0,0.0,0.0,0.0,0.0,0.0
379513,0.0,0.0,0.0,0.0,0.0,1.0,0.0
380013,0.0,0.0,0.0,0.0,0.0,0.0,0.0
381091,0.0,0.0,0.0,0.0,0.0,1.0,0.0
381591,0.0,0.0,0.0,0.0,0.0,0.0,0.0
381878,0.0,0.0,0.0,0.0,0.0,1.0,0.0
382378,0.0,0.0,0.0,0.0,0.0,0.0,0.0
382557,0.0,0.0,0.0,0.0,0.0,1.0,0.0
383057,0.0,0.0,0.0,0.0,0.0,0.0,0.0
383285,0.0,0.0,0.0,0.0,0.0,1.0,0.0
383785,0.0,0.0,0.0,0.0,0.0,0.0,0.0
384493,0.0,0.0,0.0,0.0,0.0,1.0,0.0
384993,0.0,0.0,0.0,0.0,0.0,0.0,0.0
386447,0.0,0.0,0.0,0.0,0.0,1.0,0.0
386463,0.0,0.0,0.0,0.0,0.0,2.0,0.0
386963,0.0,0.0,0.0,0.0,0.0,0.0,0.0
387849,0.0,0.0,0.0,0.0,0.0,1.0,0.0
387852,0.0,0.0,0.0,0.0,1.0,1.0,0.0
387941,0.0,0.0,0.0,0.0,2.0,1.0,0.0
388349,0.0,0.0,0.0,0.0,2.0,0.0,0.0
388441,0.0,0.0,0.0,0.0,0.0,0.0,0.0
391559,0.0,0.0,0.0,0.0,0.0,1.0,0.0
392059,0.0,0.0,0.0,0.0,0.0,0.0,0.0
392133,0.0,0.0,0.0,0.0,0.0,1.0,0.0
392633,0.0,0.0,0.0,0.0,0.0,0.0,0.0
394004,0.0,0.0,0.0,0.0,0.0,1.0,0.0
394504,0.0,0.0,0.0,0.0,0.0,0.0,0.0
394912,0.0,0.0,0.0,0.0,0.0,1.0,0.0
395412,0.0,0.0,0.0,0.0,0.0,0.0,0.0
395639,0.0,0.0,0.0,0.0,0.0,1.0,0.0
396139,0.0,0.0,0.0,0.0,0.0,0.0,0.0
396157,0.0,0.0,0.0,0.0,0.0,1.0,0.0
396657,0.0,0.0,0.0,0.0,0.0,0.0,0.0
397513,0.0,0.0,0.0,0.0,0.0,1.0,0.0
398013,0.0,0.0,0.0,0.0,0.0,0.0,0.0
398679,0.0,0.0,0.0,0.0,0.0,1.0,0.0
399179,0.0,0.0,0.0,0.0,0.0,0.0,0.0
399403,0.0,0.0,0.0,0.0,0.0,1.0,0.0
399903,0.0,0.0,0.0,0.0,0.0,0.0,0.0
402630,0.0,0.0,0.0,0.0,0.0,1.0,0.0
403000,0.0,0.0,0.0,0.0,0.0,1.0,1.0
403130,0.0,0.0,0.0,0.0,0.0,0.0,1.0
403336,0.0,0.0,0.0,0.0,0.0,1.0,1.0
403437,0.0,0.0,0.0,0.0,0.0,2.0,1.0
403483,0.0,0.0,0.0,0.0,1.0,2.0,1.0
403487,2.0,0.0,0.0,0.0,1.0,2.0,1.0
403493,2.0,0.0,0.0,0.0,2.0,2.0,1.0
403500,2.0,0.0,0.0,0.0,2.0,2.0,0.0
403692,2.0,2.0,0.0,0.0,2.0,2.0,0.0
403937,2.0,2.0,0.0,0.0,2.0,0.0,0.0
403987,0.0,2.0,0.0,0.0,2.0,0.0,0.0
403993,0.0,2.0,0.0,0.0,0.0,0.0,0.0
404192,0.0,0.0,0.0,0.0,0.0,0.0,0.0
404202,0.0,0.0,0.0,0.0,0.0,1.0,0.0
404287,2.0,0.0,0.0,0.0,0.0,1.0,0.0
404702,2.0,0.0,0.0,0.0,0.0,0.0,0.0
404757,2.0,0.0,0.0,0.0,0.0,1.0,0.0
404787,0.0,0.0,0.0,0.0,0.0,1.0,0.0
405163,0.0,0.0,1.0,0.0,0.0,1.0,0.0
405165,0.0,0.0,1.0,0.0,0.0,2.0,0.0
405665,0.0,0.0,1.0,0.0,0.0,0.0,0.0
406096,0.0,0.0,1.0,0.0,0.0,1.0,0.0
406596,0.0,0.0,1.0,0.0,0.0,0.0,0.0
406703,0.0,0.0,2.0,0.0,0.0,0.0,0.0
406752,0.0,0.0,2.0,0.0,0.0,1.0,0.0
406758,0.0,0.0,2.0,0.0,0.0,2.0,0.0
407203,0.0,0.0,0.0,0.0,0.0,2.0,0.0
407258,0.0,0.0,0.0,0.0,0.0,0.0,0.0
407282,0.0,0.0,0.0,0.0,0.0,1.0,0.0
407782,0.0,0.0,0.0,0.0,0.0,0.0,0.0
407798,0.0,0.0,0.0,0.0,0.0,1.0,0.0
408298,0.0,0.0,0.0,0.0,0.0,0.0,0.0
408918,0.0,0.0,0.0,0.0,0.0,1.0,0.0
408942,0.0,2.0,0.0,0.0,0.0,1.0,0.0
408951,0.0,2.0,0.0,0.0,0.0,2.0,0.0
409442,0.0,0.0,0.0,0.0,0.0,2.0,0.0
409451,0.0,0.0,0.0,0.0,0.0,0.0,0.0
409548,0.0,0.0,0.0,0.0,0.0,1.0,0.0
410048,0.0,0.0,0.0,0.0,0.0,0.0,0.0
410096,0.0,0.0,0.0,0.0,0.0,1.0,0.0
410203,0.0,0.0,0.0,0.0,0.0,2.0,0.0
410703,0.0,0.0,0.0,0.0,0.0,0.0,0.0
410760,0.0,0.0,0.0,0.0,0.0,1.0,0.0
411260,0.0,0.0,0.0,0.0,0.0,0.0,0.0
411280,0.0,0.0,0.0,0.0,0.0,1.0,0.0
411284,0.0,0.0,0.0,0.0,0.0,2.0,0.0
411784,0.0,0.0,0.0,0.0,0.0,0.0,0.0
411785,0.0,0.0,0.0,0.0,0.0,1.0,0.0
412003,0.0,0.0,0.0,0.0,0.0,2.0,0.0
412503,0.0,0.0,0.0,0.0,0.0,0.0,0.0
413243,0.0,0.0,0.0,0.0,0.0,1.0,0.0
413743,0.0,0.0,0.0,0.0,0.0,0.0,0.0
414709,0.0,0.0,0.0,0.0,0.0,1.0,0.0
415132,0.0,0.0,0.0,0.0,0.0,2.0,0.0
415632,0.0,0.0,0.0,0.0,0.0,0.0,0.0
416929,0.0,0.0,0.0,0.0,0.0,1.0,0.0
417205,0.0,0.0,0.0,0.0,0.0,2.0,0.0
417705,0.0,0.0,0.0,0.0,0.0,0.0,0.0
417798,0.0,0.0,0.0,0.0,0.0,1.0,0.0
418015,0.0,0.0,0.0,0.0,0.0,2.0,0.0
418515,0.0,0.0,0.0,0.0,0.0,0.0,0.0
419218,0.0,0.0,0.0,0.0,0.0,1.0,0.0
419718,0.0,0.0,0.0,0.0,0.0,0.0,0.0
419784,0.0,0.0,0.0,0.0,0.0,1.0,0.0
420284,0.0,2.0,0.0,0.0,0.0,0.0,0.0
420784,0.0,0.0,0.0,0.0,0.0,0.0,0.0
421009,0.0,0.0,0.0,0.0,0.0,1.0,0.0
421020,0.0,0.0,0.0,0.0,0.0,2.0,0.0
421520,0.0,0.0,0.0,0.0,0.0,0.0,0.0
422165,0.0,0.0,0.0,0.0,0.0,1.0,0.0
422179,0.0,0.0,0.0,0.0,0.0,2.0,0.0
422679,0.0,0.0,0.0,0.0,0.0,0.0,0.0
422783,0.0,0.0,0.0,0.0,0.0,1.0,0.0
422787,0.0,0.0,0.0,0.0,0.0,2.0,0.0
423287,0.0,0.0,0.0,0.0,0.0,0.0,0.0
423527,0.0,0.0,0.0,0.0,0.0,1.0,0.0
424027,0.0,0.0,0.0,0.0,0.0,0.0,0.0
424033,0.0,0.0,0.0,0.0,0.0,1.0,0.0
424533,0.0,0.0,0.0,0.0,0.0,0.0,0.0
424568,0.0,0.0,0.0,0.0,0.0,1.0,0.0
424575,0.0,0.0,0.0,0.0,0.0,2.0,0.0
425075,0.0,0.0,0.0,0.0,0.0,0.0,0.0
425242,0.0,0.0,0.0,0.0,0.0,1.0,0.0
425344,0.0,0.0,0.0,0.0,0.0,2.0,0.0
425844,0.0,0.0,0.0,0.0,0.0,0.0,0.0
425865,0.0,0.0,0.0,0.0,0.0,1.0,0.0
426024,0.0,0.0,0.0,0.0,0.0,2.0,0.0
426524,0.0,0.0,0.0,0.0,0.0,0.0,0.0
426651,0.0,0.0,0.0,0.0,0.0,1.0,0.0
427151,0.0,0.0,0.0,0.0,0.0,0.0,0.0
427448,0.0,0.0,0.0,0.0,0.0,1.0,0.0
427506,0.0,0.0,0.0,0.0,0.0,2.0,0.0
427558,0.0,0.0,0.0,0.0,1.0,2.0,0.0
428006,0.0,0.0,0.0,0.0,1.0,0.0,0.0
428058,0.0,0.0,0.0,0.0,0.0,0.0,0.0
428083,0.0,0.0,0.0,0.0,0.0,1.0,0.0
428090,0.0,0.0,0.0,0.0,0.0,2.0,0.0
428590,0.0,0.0,0.0,0.0,0.0,0.0,0.0
428707,0.0,0.0,0.0,0.0,0.0,1.0,0.0
429207,0.0,0.0,0.0,0.0,0.0,0.0,0.0
429493,0.0,0.0,0.0,0.0,0.0,1.0,0.0
429713,0.0,0.0,0.0,0.0,0.0,2.0,0.0
430213,0.0,0.0,0.0,0.0,0.0,0.0,0.0
430418,0.0,0.0,0.0,0.0,0.0,1.0,0.0
430918,0.0,0.0,0.0,0.0,0.0,0.0,0.0
430919,0.0,0.0,0.0,0.0,0.0,1.0,0.0
430923,0.0,0.0,0.0,0.0,0.0,2.0,0.0
431423,0.0,0.0,0.0,0.0,0.0,0.0,0.0
431831,0.0,0.0,0.0,0.0,0.0,1.0,0.0
432331,0.0,0.0,0.0,0.0,0.0,0.0,0.0
432485,0.0,0.0,0.0,0.0,0.0,1.0,0.0
432503,0.0,0.0,0.0,0.0,1.0,2.0,0.0
433003,0.0,0.0,0.0,0.0,0.0,0.0,0.0
433071,0.0,0.0,0.0,0.0,0.0,1.0,0.0
433571,0.0,0.0,0.0,0.0,0.0,0.0,0.0
434082,0.0,0.0,0.0,0.0,0.0,1.0,0.0
434582,0.0,0.0,0.0,0.0,0.0,0.0,0.0
435237,0.0,0.0,0.0,0.0,1.0,0.0,0.0
435737,0.0,0.0,0.0,0.0,0.0,0.0,0.0
437096,0.0,0.0,0.0,0.0,0.0,1.0,0.0
437596,0.0,0.0,0.0,0.0,0.0,0.0,0.0
437830,0.0,0.0,0.0,0.0,0.0,1.0,0.0
438203,0.0,0.0,0.0,0.0,0.0,2.0,0.0
438703,0.0,0.0,0.0,0.0,0.0,0.0,0.0
438897,0.0,0.0,0.0,0.0,0.0,1.0,0.0
438900,0.0,0.0,0.0,0.0,0.0,2.0,0.0
439400,0.0,0.0,0.0,0.0,0.0,0.0,0.0
439969,0.0,0.0,0.0,0.0,0.0,1.0,0.0
440397,0.0,0.0,0.0,0.0,0.0,2.0,0.0
440897,0.0,0.0,0.0,0.0,0.0,0.0,0.0
440927,0.0,0.0,0.0,0.0,0.0,1.0,0.0
441427,0.0,0.0,0.0,0.0,0.0,0.0,0.0
441489,0.0,0.0,0.0,0.0,0.0,1.0,0.0
441989,0.0,0.0,0.0,0.0,0.0,0.0,0.0
442504,0.0,0.0,0.0,0.0,0.0,1.0,0.0
443004,0.0,0.0,0.0,0.0,0.0,0.0,0.0
443048,0.0,0.0,0.0,0.0,0.0,1.0,0.0
443548,0.0,0.0,0.0,0.0,0.0,0.0,0.0
444088,0.0,0.0,0.0,0.0,0.0,1.0,0.0
444158,0.0,0.0,0.0,0.0,0.0,2.0,0.0
444369,0.0,2.0,0.0,0.0,0.0,2.0,0.0
444658,0.0,2.0,0.0,0.0,0.0,0.0,0.0
444673,0.0,2.0,0.0,0.0,0.0,1.0,0.0
444827,0.0,2.0,0.0,0.0,0.0,2.0,0.0
444869,0.0,0.0,0.0,0.0,0.0,2.0,0.0
445327,0.0,0.0,0.0,0.0,0.0,0.0,0.0
445784,0.0,0.0,0.0,0.0,0.0,1.0,0.0
446284,0.0,0.0,0.0,0.0,0.0,0.0,0.0
446647,0.0,0.0,0.0,0.0,0.0,1.0,0.0
447147,0.0,0.0,0.0,0.0,0.0,0.0,0.0
447346,0.0,0.0,0.0,0.0,0.0,1.0,0.0
447349,0.0,0.0,0.0,0.0,0.0,2.0,0.0
447849,0.0,0.0,0.0,0.0,0.0,0.0,0.0
448077,0.0,0.0,0.0,0.0,0.0,1.0,0.0
448577,0.0,0.0,0.0,0.0,0.0,0.0,0.0
448893,0.0,0.0,0.0,0.0,0.0,1.0,0.0
449279,0.0,0.0,0.0,0.0,0.0,2.0,0.0
449779,0.0,0.0,0.0,0.0,0.0,0.0,0.0
450082,0.0,0.0,0.0,0.0,0.0,1.0,0.0
450476,0.0,0.0,0.0,0.0,0.0,2.0,0.0
450976,0.0,0.0,0.0,0.0,0.0,0.0,0.0
451607,0.0,0.0,0.0,0.0,0.0,1.0,0.0
452006,0.0,2.0,0.0,0.0,0.0,1.0,0.0
452107,0.0,2.0,0.0,0.0,0.0,0.0,0.0
452506,0.0,0.0,0.0,0.0,0.0,0.0,0.0
452562,0.0,0.0,0.0,0.0,0.0,1.0,0.0
453062,0.0,0.0,0.0,0.0,0.0,0.0,0.0
453460,0.0,0.0,0.0,0.0,0.0,1.0,0.0
453960,0.0,0.0,0.0,0.0,0.0,0.0,0.0
454044,0.0,0.0,0.0,0.0,0.0,1.0,0.0
454544,0.0,0.0,0.0,0.0,0.0,0.0,0.0
455425,0.0,0.0,0.0,0.0,0.0,1.0,0.0
455925,0.0,0.0,0.0,0.0,0.0,0.0,0.0
457920,0.0,0.0,0.0,0.0,0.0,1.0,0.0
458420,0.0,0.0,0.0,0.0,0.0,0.0,0.0
458467,0.0,0.0,0.0,0.0,0.0,1.0,0.0
458720,0.0,0.0,0.0,0.0,0.0,2.0,0.0
459220,0.0,0.0,0.0,0.0,0.0,0.0,0.0
459656,0.0,2.0,0.0,0.0,0.0,0.0,0.0
460156,0.0,0.0,0.0,0.0,0.0,0.0,0.0
460430,0.0,0.0,0.0,0.0,0.0,1.0,0.0
460520,0.0,0.0,0.0,0.0,0.0,2.0,0.0
461020,0.0,0.0,0.0,0.0,0.0,0.0,0.0
462321,0.0,0.0,0.0,0.0,0.0,1.0,0.0
462821,0.0,0.0,0.0,0.0,0.0,0.0,0.0
463267,0.0,0.0,0.0,0.0,0.0,1.0,0.0
463492,0.0,0.0,0.0,0.0,0.0,2.0,0.0
463992,0.0,0.0,0.0,0.0,0.0,0.0,0.0
464176,0.0,0.0,0.0,0.0,0.0,1.0,0.0
464182,0.0,0.0,0.0,0.0,0.0,2.0,0.0
464682,0.0,0.0,0.0,0.0,0.0,0.0,0.0
465075,0.0,0.0,0.0,0.0,0.0,1.0,0.0
465078,0.0,0.0,0.0,0.0,0.0,2.0,0.0
465578,0.0,0.0,0.0,0.0,0.0,0.0,0.0
465778,0.0,0.0,0.0,0.0,0.0,1.0,0.0
465797,0.0,0.0,0.0,0.0,0.0,2.0,0.0
466297,0.0,0.0,0.0,0.0,0.0,0.0,0.0
466872,0.0,0.0,0.0,0.0,0.0,1.0,0.0
467372,0.0,0.0,0.0,0.0,0.0,0.0,0.0
467684,0.0,0.0,0.0,0.0,0.0,1.0,0.0
467687,0.0,0.0,0.0,0.0,0.0,2.0,0.0
468187,0.0,0.0,0.0,0.0,0.0,0.0,0.0
468519,0.0,0.0,0.0,0.0,0.0,1.0,0.0
469019,0.0,0.0,0.0,0.0,0.0,0.0,0.0
469040,0.0,0.0,0.0,0.0,0.0,1.0,0.0
469044,0.0,0.0,0.0,0.0,0.0,2.0,0.0
469544,0.0,0.0,0.0,0.0,0.0,0.0,0.0
470261,0.0,0.0,0.0,0.0,0.0,1.0,0.0
470412,0.0,0.0,0.0,0.0,0.0,2.0,0.0
470912,0.0,0.0,0.0,0.0,0.0,0.0,0.0
471295,0.0,0.0,0.0,0.0,0.0,1.0,0.0
471671,0.0,0.0,0.0,0.0,0.0,2.0,0.0
472171,0.0,0.0,0.0,0.0,0.0,0.0,0.0
473030,0.0,2.0,0.0,0.0,0.0,0.0,0.0
473530,0.0,0.0,0.0,0.0,0.0,0.0,0.0
473910,0.0,0.0,0.0,0.0,0.0,1.0,0.0
474279,0.0,0.0,0.0,0.0,0.0,2.0,0.0
474779,0.0,0.0,0.0,0.0,0.0,0.0,0.0
474853,0.0,0.0,0.0,0.0,0.0,1.0,0.0
474891,0.0,0.0,0.0,0.0,0.0,2.0,0.0
475391,0.0,0.0,0.0,0.0,0.0,0.0,0.0
476086,0.0,0.0,0.0,0.0,0.0,1.0,0.0
476091,0.0,0.0,0.0,0.0,0.0,2.0,0.0
476591,0.0,0.0,0.0,0.0,0.0,0.0,0.0
476740,0.0,0.0,0.0,0.0,0.0,1.0,0.0
476745,0.0,0.0,0.0,0.0,0.0,2.0,0.0
477245,0.0,0.0,0.0,0.0,0.0,0.0,0.0
477860,0.0,0.0,0.0,0.0,0.0,1.0,0.0
478108,0.0,0.0,0.0,0.0,0.0,2.0,0.0
478608,0.0,0.0,0.0,0.0,0.0,0.0,0.0
478853,0.0,0.0,0.0,0.0,0.0,1.0,0.0
479353,0.0,0.0,0.0,0.0,0.0,0.0,0.0
479708,0.0,0.0,0.0,0.0,0.0,1.0,0.0
479744,0.0,0.0,0.0,0.0,0.0,2.0,0.0
480244,0.0,0.0,0.0,0.0,0.0,0.0,0.0
481194,0.0,0.0,0.0,0.0,0.0,1.0,0.0
481694,0.0,0.0,0.0,0.0,0.0,0.0,0.0
481714,0.0,0.0,0.0,0.0,0.0,1.0,0.0
481717,0.0,0.0,0.0,0.0,0.0,2.0,0.0
482217,0.0,0.0,0.0,0.0,0.0,0.0,0.0
482226,0.0,0.0,0.0,0.0,0.0,1.0,0.0
482726,0.0,0.0,0.0,0.0,0.0,0.0,0.0
482787,0.0,0.0,0.0,0.0,0.0,1.0,0.0
483271,0.0,0.0,0.0,0.0,0.0,2.0,0.0
483771,0.0,0.0,0.0,0.0,0.0,0.0,0.0
483899,0.0,0.0,0.0,0.0,0.0,1.0,0.0
484399,0.0,0.0,0.0,0.0,0.0,0.0,0.0
485498,0.0,0.0,0.0,0.0,0.0,1.0,0.0
485600,0.0,0.0,0.0,0.0,0.0,2.0,0.0
486100,0.0,0.0,0.0,0.0,0.0,0.0,0.0
486896,0.0,0.0,0.0,0.0,0.0,1.0,0.0
487186,0.0,0.0,0.0,0.0,0.0,2.0,0.0
487190,0.0,0.0,0.0,0.0,1.0,2.0,0.0
487686,0.0,0.0,0.0,0.0,1.0,0.0,0.0
487690,0.0,0.0,0.0,0.0,0.0,0.0,0.0
488801,0.0,0.0,0.0,0.0,0.0,1.0,0.0
488963,0.0,0.0,0.0,0.0,0.0,2.0,0.0
489463,0.0,0.0,0.0,0.0,0.0,0.0,0.0
489529,0.0,0.0,0.0,0.0,0.0,1.0,0.0
490029,0.0,0.0,0.0,0.0,0.0,0.0,0.0
490171,0.0,0.0,0.0,0.0,0.0,1.0,0.0
490671,0.0,0.0,0.0,0.0,0.0,0.0,0.0
491243,0.0,0.0,0.0,0.0,0.0,1.0,0.0
491743,0.0,0.0,0.0,0.0,0.0,0.0,0.0
491826,0.0,0.0,0.0,0.0,0.0,1.0,0.0
491847,0.0,0.0,0.0,0.0,0.0,2.0,0.0
492347,0.0,0.0,0.0,0.0,0.0,0.0,0.0
492364,0.0,0.0,0.0,0.0,0.0,1.0,0.0
492367,0.0,0.0,0.0,0.0,0.0,2.0,0.0
492867,0.0,0.0,0.0,0.0,0.0,0.0,0.0
493285,0.0,0.0,0.0,0.0,0.0,1.0,0.0
493288,0.0,0.0,0.0,0.0,0.0,2.0,0.0
493788,0.0,0.0,0.0,0.0,0.0,0.0,0.0
493846,0.0,0.0,0.0,0.0,0.0,1.0,0.0
494250,0.0,0.0,0.0,0.0,0.0,2.0,0.0
494750,0.0,0.0,0.0,0.0,0.0,0.0,0.0
495192,0.0,0.0,0.0,0.0,0.0,1.0,0.0
495692,0.0,0.0,0.0,0.0,0.0,0.0,0.0
495711,0.0,0.0,0.0,0.0,0.0,1.0,0.0
496211,0.0,0.0,0.0,0.0,0.0,0.0,0.0
496348,0.0,2.0,0.0,0.0,0.0,0.0,0.0
496349,0.0,2.0,0.0,0.0,0.0,1.0,0.0
496848,0.0,0.0,0.0,0.0,0.0,1.0,0.0
496849,0.0,0.0,0.0,0.0,0.0,0.0,0.0
498265,0.0,0.0,0.0,0.0,0.0,1.0,0.0
498765,0.0,0.0,0.0,0.0,0.0,0.0,0.0
499177,0.0,0.0,0.0,0.0,0.0,1.0,0.0
499677,0.0,0.0,0.0,0.0,0.0,0.0,0.0
500871,0.0,0.0,0.0,0.0,0.0,1.0,0.0
501371,0.0,0.0,0.0,0.0,0.0,0.0,0.0
501723,0.0,0.0,0.0,0.0,0.0,1.0,0.0
502223,0.0,0.0,0.0,0.0,0.0,0.0,0.0
502235,0.0,0.0,0.0,0.0,0.0,1.0,0.0
502735,0.0,0.0,0.0,0.0,0.0,0.0,0.0
502744,0.0,0.0,0.0,0.0,0.0,1.0,0.0
503244,0.0,0.0,0.0,0.0,0.0,0.0,0.0
503600,0.0,2.0,0.0,0.0,0.0,0.0,0.0
504100,0.0,0.0,0.0,0.0,0.0,0.0,0.0
506781,0.0,0.0,0.0,0.0,0.0,1.0,0.0
507281,0.0,0.0,0.0,0.0,0.0,0.0,0.0
510308,0.0,0.0,0.0,0.0,1.0,0.0,0.0
510808,0.0,0.0,0.0,0.0,0.0,0.0,0.0
511921,0.0,0.0,0.0,0.0,0.0,1.0,0.0
512421,0.0,0.0,0.0,0.0,0.0,0.0,0.0
514382,0.0,0.0,0.0,0.0,1.0,0.0,0.0
514882,0.0,0.0,0.0,0.0,0.0,0.0,0.0
516483,0.0,0.0,0.0,0.0,0.0,1.0,0.0
516983,0.0,0.0,0.0,0.0,0.0,0.0,0.0
520490,0.0,0.0,0.0,0.0,0.0,1.0,0.0
520990,0.0,0.0,0.0,0.0,0.0,0.0,0.0
521173,0.0,0.0,0.0,0.0,0.0,1.0,0.0
521673,0.0,0.0,0.0,0.0,0.0,0.0,0.0
522541,0.0,0.0,0.0,0.0,0.0,1.0,0.0
523041,0.0,0.0,0.0,0.0,0.0,0.0,0.0
523063,0.0,0.0,0.0,0.0,0.0,1.0,0.0
523563,0.0,0.0,0.0,0.0,0.0,0.0,0.0
524026,0.0,0.0,0.0,0.0,0.0,1.0,0.0
524526,0.0,0.0,0.0,0.0,0.0,0.0,0.0
528719,0.0,0.0,0.0,0.0,0.0,1.0,0.0
529219,0.0,0.0,0.0,0.0,0.0,0.0,0.0
529254,0.0,0.0,0.0,0.0,0.0,1.0,0.0
529754,0.0,0.0,0.0,0.0,0.0,0.0,0.0
530080,0.0,0.0,0.0,0.0,0.0,1.0,0.0
530448,0.0,0.0,0.0,0.0,0.0,2.0,0.0
530948,0.0,0.0,0.0,0.0,0.0,0.0,0.0
533262,0.0,0.0,0.0,0.0,0.0,1.0,0.0
533762,0.0,0.0,0.0,0.0,0.0,0.0,0.0
534316,0.0,0.0,0.0,0.0,0.0,1.0,0.0
534816,0.0,0.0,0.0,0.0,0.0,0.0,0.0
536147,0.0,0.0,0.0,0.0,0.0,1.0,0.0
536647,0.0,0.0,0.0,0.0,0.0,0.0,0.0
537133,0.0,0.0,0.0,0.0,0.0,1.0,0.0
537134,0.0,0.0,0.0,0.0,0.0,2.0,0.0
537634,0.0,0.0,0.0,0.0,0.0,0.0,0.0
540325,0.0,0.0,0.0,0.0,0.0,1.0,0.0
540825,0.0,0.0,0.0,0.0,0.0,0.0,0.0
541608,0.0,0.0,0.0,0.0,0.0,1.0,0.0
542108,0.0,0.0,0.0,0.0,0.0,0.0,0.0
542332,0.0,0.0,0.0,0.0,0.0,1.0,0.0
542335,0.0,0.0,0.0,0.0,0.0,2.0,0.0
542835,0.0,0.0,0.0,0.0,0.0,0.0,0.0
544565,0.0,0.0,0.0,0.0,0.0,1.0,0.0
545065,0.0,0.0,0.0,0.0,0.0,0.0,0.0
545874,0.0,0.0,0.0,0.0,0.0,1.0,0.0
546374,0.0,0.0,0.0,0.0,0.0,0.0,0.0
549264,0.0,0.0,0.0,0.0,0.0,1.0,0.0
549764,0.0,0.0,0.0,0.0,0.0,0.0,0.0
552304,0.0,0.0,0.0,0.0,0.0,1.0,0.0
552804,0.0,0.0,0.0,0.0,0.0,0.0,0.0
555915,0.0,0.0,0.0,0.0,0.0,1.0,0.0
556415,0.0,0.0,0.0,0.0,0.0,0.0,0.0
557328,0.0,0.0,0.0,0.0,0.0,1.0,0.0
557331,0.0,0.0,0.0,0.0,0.0,2.0,0.0
557831,0.0,0.0,0.0,0.0,0.0,0.0,0.0
558256,0.0,0.0,0.0,0.0,0.0,1.0,0.0
558756,0.0,0.0,0.0,0.0,0.0,0.0,0.0
559026,0.0,0.0,0.0,0.0,0.0,1.0,0.0
559029,0.0,0.0,0.0,0.0,0.0,2.0,0.0
559529,0.0,0.0,0.0,0.0,0.0,0.0,0.0
559688,0.0,0.0,0.0,0.0,0.0,1.0,0.0
559690,0.0,0.0,0.0,0.0,0.0,2.0,0.0
560190,0.0,0.0,0.0,0.0,0.0,0.0,0.0
560240,0.0,0.0,0.0,0.0,0.0,1.0,0.0
560740,0.0,0.0,0.0,0.0,0.0,0.0,0.0
561850,0.0,0.0,0.0,0.0,0.0,1.0,0.0
562350,0.0,0.0,0.0,0.0,0.0,0.0,0.0
562382,0.0,0.0,0.0,0.0,0.0,1.0,0.0
562882,0.0,0.0,0.0,0.0,0.0,0.0,0.0
563369,0.0,0.0,0.0,0.0,0.0,1.0,0.0
563869,0.0,0.0,0.0,0.0,0.0,0.0,0.0
564147,0.0,0.0,0.0,0.0,0.0,1.0,0.0
564647,0.0,0.0,0.0,0.0,0.0,0.0,0.0
565724,0.0,0.0,0.0,0.0,0.0,1.0,0.0
566224,0.0,0.0,0.0,0.0,0.0,0.0,0.0
567701,0.0,0.0,0.0,0.0,0.0,1.0,0.0
568201,0.0,0.0,0.0,0.0,0.0,0.0,0.0
569153,0.0,0.0,0.0,0.0,0.0,1.0,0.0
569653,0.0,0.0,0.0,0.0,0.0,0.0,0.0
573950,0.0,0.0,0.0,0.0,0.0,1.0,0.0
574450,0.0,0.0,0.0,0.0,0.0,0.0,0.0
574572,0.0,0.0,0.0,0.0,0.0,1.0,0.0
575072,0.0,0.0,0.0,0.0,0.0,0.0,0.0
575590,0.0,0.0,0.0,0.0,0.0,1.0,0.0
576090,0.0,0.0,0.0,0.0,0.0,0.0,0.0
576385,0.0,0.0,0.0,0.0,0.0,1.0,0.0
576885,0.0,0.0,0.0,0.0,0.0,0.0,0.0
578020,0.0,0.0,0.0,0.0,0.0,1.0,0.0
578520,0.0,0.0,0.0,0.0,0.0,0.0,0.0
579324,0.0,0.0,0.0,0.0,0.0,1.0,0.0
579476,0.0,2.0,0.0,0.0,0.0,1.0,0.0
579824,0.0,2.0,0.0,0.0,0.0,0.0,0.0
579976,0.0,0.0,0.0,0.0,0.0,0.0,0.0
580812,0.0,0.0,0.0,0.0,0.0,1.0,0.0
581312,0.0,0.0,0.0,0.0,0.0,0.0,0.0
584693,0.0,0.0,0.0,0.0,0.0,1.0,0.0
585052,0.0,2.0,0.0,0.0,0.0,1.0,0.0
585193,0.0,2.0,0.0,0.0,0.0,0.0,0.0
585552,0.0,0.0,0.0,0.0,0.0,0.0,0.0
586512,0.0,0.0,0.0,0.0,0.0,1.0,0.0
587012,0.0,0.0,0.0,0.0,0.0,0.0,0.0
587610,0.0,0.0,0.0,0.0,0.0,1.0,0.0
588110,0.0,0.0,0.0,0.0,0.0,0.0,0.0
588537,0.0,0.0,0.0,0.0,0.0,1.0,0.0
588539,0.0,0.0,0.0,0.0,0.0,2.0,0.0
589039,0.0,0.0,0.0,0.0,0.0,0.0,0.0
589060,0.0,0.0,0.0,0.0,0.0,1.0,0.0
589560,0.0,0.0,0.0,0.0,0.0,0.0,0.0
591265,0.0,0.0,0.0,0.0,0.0,1.0,0.0
591765,0.0,0.0,0.0,0.0,0.0,0.0,0.0
593226,0.0,0.0,0.0,0.0,0.0,1.0,0.0
593726,0.0,0.0,0.0,0.0,0.0,0.0,0.0
594195,0.0,0.0,0.0,0.0,0.0,1.0,0.0
594695,0.0,0.0,0.0,0.0,0.0,0.0,0.0
595103,0.0,0.0,0.0,0.0,0.0,1.0,0.0
595603,0.0,0.0,0.0,0.0,0.0,0.0,0.0
597092,0.0,0.0,0.0,0.0,1.0,0.0,0.0
597592,0.0,0.0,0.0,0.0,0.0,0.0,0.0
599643,0.0,0.0,0.0,0.0,0.0,1.0,0.0
600143,0.0,0.0,0.0,0.0,0.0,0.0,0.0
603029,0.0,0.0,0.0,0.0,0.0,1.0,0.0
603031,0.0,0.0,0.0,0.0,0.0,2.0,0.0
603531,0.0,0.0,0.0,0.0,0.0,0.0,0.0
605000,0.0,0.0,0.0,0.0,0.0,0.0,1.0
605445,0.0,0.0,0.0,0.0,0.0,1.0,1.0
605500,0.0,0.0,0.0,0.0,0.0,1.0,0.0
605555,0.0,0.0,0.0,0.0,0.0,2.0,0.0
605599,2.0,0.0,0.0,0.0,0.0,2.0,0.0
605654,2.0,2.0,0.0,0.0,0.0,2.0,0.0
605745,2.0,2.0,0.0,0.0,1.0,2.0,0.0
605960,2.0,2.0,0.0,0.0,2.0,2.0,0.0
606055,2.0,2.0,0.0,0.0,2.0,0.0,0.0
606099,0.0,2.0,0.0,0.0,2.0,0.0,0.0
606134,0.0,2.0,0.0,0.0,2.0,1.0,0.0
606154,0.0,0.0,0.0,0.0,2.0,1.0,0.0
606174,0.0,0.0,0.0,0.0,2.0,2.0,0.0
606460,0.0,0.0,0.0,0.0,0.0,2.0,0.0
606674,0.0,0.0,0.0,0.0,0.0,0.0,0.0
606738,0.0,0.0,0.0,0.0,0.0,1.0,0.0
607238,0.0,0.0,0.0,0.0,0.0,0.0,0.0
607251,0.0,0.0,1.0,0.0,0.0,0.0,0.0
607655,0.0,0.0,1.0,0.0,0.0,1.0,0.0
607807,2.0,0.0,1.0,0.0,0.0,1.0,0.0
608155,2.0,0.0,1.0,0.0,0.0,0.0,0.0
608186,2.0,2.0,1.0,0.0,0.0,0.0,0.0
608307,0.0,2.0,1.0,0.0,0.0,0.0,0.0
608664,0.0,2.0,1.0,0.0,0.0,1.0,0.0
608667,0.0,2.0,1.0,0.0,0.0,2.0,0.0
608686,0.0,0.0,1.0,0.0,0.0,2.0,0.0
608763,0.0,0.0,2.0,0.0,0.0,2.0,0.0
609167,0.0,0.0,2.0,0.0,0.0,0.0,0.0
609263,0.0,0.0,0.0,0.0,0.0,0.0,0.0
609358,0.0,0.0,1.0,0.0,0.0,0.0,0.0
609915,0.0,0.0,1.0,0.0,0.0,1.0,0.0
610415,0.0,0.0,1.0,0.0,0.0,0.0,0.0
610661,0.0,0.0,1.0,0.0,0.0,1.0,0.0
610675,0.0,0.0,1.0,0.0,0.0,2.0,0.0
611175,0.0,0.0,1.0,0.0,0.0,0.0,0.0
611202,0.0,0.0,1.0,0.0,0.0,1.0,0.0
611294,0.0,0.0,1.0,0.0,0.0,2.0,0.0
611794,0.0,0.0,1.0,0.0,0.0,0.0,0.0
611902,0.0,0.0,1.0,0.0,0.0,1.0,0.0
611917,0.0,0.0,1.0,0.0,0.0,2.0,0.0
612417,0.0,0.0,1.0,0.0,0.0,0.0,0.0
613001,0.0,2.0,1.0,0.0,0.0,0.0,0.0
613018,0.0,2.0,2.0,0.0,0.0,0.0,0.0
613436,0.0,2.0,2.0,0.0,0.0,1.0,0.0
613501,0.0,0.0,2.0,0.0,0.0,1.0,0.0
613518,0.0,0.0,0.0,0.0,0.0,1.0,0.0
613936,0.0,0.0,0.0,0.0,0.0,0.0,0.0
613964,0.0,0.0,0.0,0.0,0.0,1.0,0.0
613967,0.0,0.0,0.0,0.0,0.0,2.0,0.0
614467,0.0,0.0,0.0,0.0,0.0,0.0,0.0
614521,0.0,0.0,0.0,0.0,0.0,1.0,0.0
614598,0.0,0.0,0.0,0.0,0.0,2.0,0.0
615098,0.0,0.0,0.0,0.0,0.0,0.0,0.0
615159,0.0,0.0,0.0,0.0,0.0,1.0,0.0
615659,0.0,0.0,0.0,0.0,0.0,0.0,0.0
615673,0.0,0.0,0.0,0.0,0.0,1.0,0.0
615771,0.0,0.0,1.0,0.0,0.0,1.0,0.0
616173,0.0,0.0,1.0,0.0,0.0,0.0,0.0
616174,0.0,0.0,1.0,0.0,0.0,1.0,0.0
616674,0.0,0.0,1.0,0.0,0.0,0.0,0.0
616771,0.0,0.0,0.0,0.0,0.0,0.0,0.0
616845,0.0,0.0,0.0,0.0,0.0,1.0,0.0
616848,0.0,0.0,0.0,0.0,0.0,2.0,0.0
617348,0.0,0.0,0.0,0.0,0.0,0.0,0.0
618486,0.0,0.0,0.0,0.0,0.0,1.0,0.0
618488,0.0,0.0,0.0,0.0,1.0,1.0,0.0
618986,0.0,0.0,0.0,0.0,1.0,0.0,0.0
618988,0.0,0.0,0.0,0.0,0.0,0.0,0.0
619553,0.0,0.0,0.0,0.0,0.0,1.0,0.0
620053,0.0,0.0,0.0,0.0,0.0,0.0,0.0
620316,0.0,0.0,0.0,0.0,0.0,1.0,0.0
620816,0.0,0.0,0.0,0.0,0.0,0.0,0.0
620879,0.0,0.0,0.0,0.0,0.0,1.0,0.0
620895,0.0,0.0,0.0,0.0,0.0,2.0,0.0
621395,0.0,0.0,0.0,0.0,0.0,0.0,0.0
622271,0.0,0.0,0.0,0.0,0.0,1.0,0.0
622771,0.0,0.0,0.0,0.0,0.0,0.0,0.0
623051,0.0,0.0,0.0,0.0,0.0,1.0,0.0
623551,0.0,0.0,0.0,0.0,0.0,0.0,0.0
624195,0.0,0.0,0.0,0.0,0.0,1.0,0.0
624695,0.0,0.0,0.0,0.0,0.0,0.0,0.0
624770,0.0,0.0,0.0,0.0,0.0,1.0,0.0
624830,0.0,0.0,0.0,0.0,0.0,2.0,0.0
625330,0.0,0.0,0.0,0.0,0.0,0.0,0.0
625624,0.0,0.0,0.0,0.0,0.0,1.0,0.0
626124,0.0,0.0,0.0,0.0,0.0,0.0,0.0
626236,0.0,0.0,0.0,0.0,0.0,1.0,0.0
626736,0.0,0.0,0.0,0.0,0.0,0.0,0.0
627201,0.0,0.0,0.0,0.0,0.0,1.0,0.0
627234,0.0,0.0,0.0,0.0,0.0,2.0,0.0
627734,0.0,0.0,0.0,0.0,0.0,0.0,0.0
627768,0.0,0.0,0.0,0.0,0.0,1.0,0.0
627775,0.0,0.0,0.0,0.0,0.0,2.0,0.0
628275,0.0,0.0,0.0,0.0,0.0,1.0,0.0
628526,0.0,0.0,0.0,0.0,0.0,2.0,0.0
629026,0.0,0.0,0.0,0.0,0.0,0.0,0.0
629968,0.0,0.0,0.0,0.0,0.0,1.0,0.0
629971,0.0,0.0,0.0,0.0,0.0,2.0,0.0
630471,0.0,0.0,0.0,0.0,0.0,0.0,0.0
631119,0.0,0.0,0.0,0.0,0.0,1.0,0.0
631442,0.0,0.0,0.0,0.0,0.0,2.0,0.0
631942,0.0,0.0,0.0,0.0,0.0,0.0,0.0
632254,0.0,0.0,0.0,0.0,0.0,1.0,0.0
632754,0.0,0.0,0.0,0.0,0.0,0.0,0.0
633968,0.0,0.0,0.0,0.0,0.0,1.0,0.0
634468,0.0,0.0,0.0,0.0,0.0,0.0,0.0
634574,0.0,0.0,0.0,0.0,0.0,1.0,0.0
635074,0.0,0.0,0.0,0.0,0.0,0.0,0.0
635076,0.0,0.0,0.0,0.0,0.0,1.0,0.0
635576,0.0,0.0,0.0,0.0,0.0,0.0,0.0
635802,0.0,0.0,0.0,0.0,0.0,1.0,0.0
636090,0.0,0.0,0.0,0.0,0.0,2.0,0.0
636590,0.0,0.0,0.0,0.0,0.0,0.0,0.0
636728,0.0,0.0,0.0,0.0,0.0,1.0,0.0
637228,0.0,0.0,0.0,0.0,0.0,0.0,0.0
637698,0.0,0.0,0.0,0.0,0.0,1.0,0.0
638198,0.0,0.0,0.0,0.0,0.0,0.0,0.0
638311,0.0,2.0,0.0,0.0,0.0,0.0,0.0
638371,0.0,2.0,0.0,0.0,0.0,1.0,0.0
638811,0.0,0.0,0.0,0.0,0.0,1.0,0.0
638871,0.0,0.0,0.0,0.0,0.0,0.0,0.0
639013,0.0,0.0,0.0,0.0,0.0,1.0,0.0
639513,0.0,0.0,0.0,0.0,0.0,0.0,0.0
639800,0.0,0.0,0.0,0.0,0.0,1.0,0.0
640300,0.0,0.0,0.0,0.0,0.0,0.0,0.0
640478,0.0,0.0,0.0,0.0,0.0,1.0,0.0
640659,0.0,0.0,0.0,0.0,0.0,2.0,0.0
641159,0.0,0.0,0.0,0.0,0.0,0.0,0.0
641305,0.0,0.0,0.0,0.0,0.0,1.0,0.0
641308,0.0,0.0,0.0,0.0,0.0,2.0,0.0
641808,0.0,0.0,0.0,0.0,0.0,0.0,0.0
641968,0.0,0.0,0.0,0.0,0.0,1.0,0.0
642468,0.0,0.0,0.0,0.0,0.0,0.0,0.0
642708,0.0,0.0,0.0,0.0,0.0,1.0,0.0
643208,0.0,0.0,0.0,0.0,0.0,0.0,0.0
643447,0.0,0.0,0.0,0.0,0.0,1.0,0.0
643947,0.0,0.0,0.0,0.0,0.0,0.0,0.0
644242,0.0,0.0,0.0,0.0,0.0,1.0,0.0
644742,0.0,0.0,0.0,0.0,0.0,0.0,0.0
644798,0.0,0.0,0.0,0.0,0.0,1.0,0.0
644804,0.0,0.0,0.0,0.0,0.0,2.0,0.0
645304,0.0,0.0,0.0,0.0,0.0,0.0,0.0
645336,0.0,0.0,0.0,0.0,0.0,1.0,0.0
645342,0.0,0.0,0.0,0.0,0.0,2.0,0.0
645842,0.0,0.0,0.0,0.0,0.0,0.0,0.0
646077,0.0,0.0,0.0,0.0,0.0,1.0,0.0
646084,0.0,0.0,0.0,0.0,0.0,2.0,0.0
646584,0.0,0.0,0.0,0.0,0.0,0.0,0.0
648353,0.0,0.0,0.0,0.0,0.0,1.0,0.0
648853,0.0,0.0,0.0,0.0,0.0,0.0,0.0
649013,0.0,0.0,0.0,0.0,0.0,1.0,0.0
649032,0.0,0.0,0.0,0.0,0.0,2.0,0.0
649532,0.0,0.0,0.0,0.0,0.0,0.0,0.0
649616,0.0,0.0,0.0,0.0,0.0,1.0,0.0
650116,0.0,0.0,0.0,0.0,0.0,0.0,0.0
650145,0.0,0.0,0.0,0.0,0.0,1.0,0.0
650524,0.0,0.0,0.0,0.0,0.0,2.0,0.0
651024,0.0,0.0,0.0,0.0,0.0,0.0,0.0
651422,0.0,0.0,0.0,0.0,0.0,1.0,0.0
651922,0.0,0.0,0.0,0.0,0.0,0.0,0.0
652158,0.0,0.0,0.0,0.0,0.0,1.0,0.0
652658,0.0,0.0,0.0,0.0,0.0,0.0,0.0
652705,0.0,0.0,0.0,0.0,0.0,1.0,0.0
653035,0.0,0.0,0.0,0.0,0.0,2.0,0.0
653535,0.0,0.0,0.0,0.0,0.0,0.0,0.0
654123,0.0,0.0,0.0,0.0,0.0,1.0,0.0
654623,0.0,0.0,0.0,0.0,0.0,0.0,0.0
655242,0.0,0.0,0.0,0.0,0.0,1.0,0.0
655291,0.0,0.0,0.0,0.0,0.0,2.0,0.0
655791,0.0,0.0,0.0,0.0,0.0,0.0,0.0
656118,0.0,0.0,0.0,0.0,0.0,1.0,0.0
656618,0.0,0.0,0.0,0.0,0.0,0.0,0.0
657038,0.0,0.0,0.0,0.0,0.0,1.0,0.0
657538,0.0,0.0,0.0,0.0,0.0,0.0,0.0
657850,0.0,0.0,0.0,0.0,0.0,1.0,0.0
658350,0.0,0.0,0.0,0.0,0.0,0.0,0.0
659733,0.0,0.0,0.0,0.0,0.0,1.0,0.0
660233,0.0,0.0,0.0,0.0,0.0,0.0,0.0
660717,0.0,0.0,0.0,0.0,0.0,1.0,0.0
661217,0.0,0.0,0.0,0.0,0.0,0.0,0.0
661631,0.0,0.0,0.0,0.0,0.0,1.0,0.0
662116,0.0,0.0,0.0,0.0,0.0,2.0,0.0
662616,0.0,0.0,0.0,0.0,0.0,0.0,0.0
662633,0.0,0.0,0.0,0.0,0.0,1.0,0.0
662977,0.0,0.0,0.0,0.0,0.0,2.0,0.0
662986,0.0,2.0,0.0,0.0,0.0,2.0,0.0
663477,0.0,2.0,0.0,0.0,0.0,0.0,0.0
663486,0.0,0.0,0.0,0.0,0.0,0.0,0.0
664201,0.0,0.0,0.0,0.0,0.0,1.0,0.0
664701,0.0,0.0,0.0,0.0,0.0,0.0,0.0
664764,0.0,0.0,0.0,0.0,0.0,1.0,0.0
665264,0.0,0.0,0.0,0.0,0.0,0.0,0.0
665365,0.0,0.0,0.0,0.0,0.0,1.0,0.0
665491,0.0,0.0,0.0,0.0,0.0,2.0,0.0
665991,0.0,0.0,0.0,0.0,0.0,0.0,0.0
666266,0.0,0.0,0.0,0.0,0.0,1.0,0.0
666766,0.0,0.0,0.0,0.0,0.0,0.0,0.0
666877,0.0,0.0,0.0,0.0,0.0,1.0,0.0
667377,0.0,0.0,0.0,0.0,0.0,0.0,0.0
667594,0.0,0.0,0.0,0.0,0.0,1.0,0.0
668094,0.0,0.0,0.0,0.0,0.0,0.0,0.0
668630,0.0,0.0,0.0,0.0,0.0,1.0,0.0
668790,0.0,0.0,0.0,0.0,0.0,2.0,0.0
669247,0.0,0.0,0.0,0.0,1.0,2.0,0.0
669290,0.0,0.0,0.0,0.0,1.0,0.0,0.0
669747,0.0,0.0,0.0,0.0,0.0,0.0,0.0
669806,0.0,0.0,0.0,0.0,0.0,1.0,0.0
670306,0.0,0.0,0.0,0.0,0.0,0.0,0.0
670435,0.0,0.0,0.0,0.0,0.0,1.0,0.0
670534,0.0,0.0,0.0,0.0,0.0,2.0,0.0
671034,0.0,0.0,0.0,0.0,0.0,0.0,0.0
671340,0.0,0.0,0.0,0.0,0.0,1.0,0.0
671840,0.0,0.0,0.0,0.0,0.0,0.0,0.0
672292,0.0,0.0,0.0,0.0,0.0,1.0,0.0
672792,0.0,0.0,0.0,0.0,0.0,0.0,0.0
672946,0.0,0.0,0.0,0.0,0.0,1.0,0.0
673446,0.0,0.0,0.0,0.0,0.0,0.0,0.0
673482,0.0,0.0,0.0,0.0,0.0,1.0,0.0
673982,0.0,0.0,0.0,0.0,0.0,0.0,0.0
674008,0.0,0.0,0.0,0.0,0.0,1.0,0.0
674341,0.0,0.0,0.0,0.0,0.0,2.0,0.0
674537,0.0,2.0,0.0,0.0,0.0,2.0,0.0
674841,0.0,2.0,0.0,0.0,0.0,0.0,0.0
675037,0.0,0.0,0.0,0.0,0.0,0.0,0.0
676082,0.0,0.0,0.0,0.0,0.0,1.0,0.0
676582,0.0,0.0,0.0,0.0,0.0,0.0,0.0
676626,0.0,0.0,0.0,0.0,0.0,1.0,0.0
676629,0.0,0.0,0.0,0.0,0.0,2.0,0.0
677129,0.0,0.0,0.0,0.0,0.0,0.0,0.0
677646,0.0,0.0,0.0,0.0,0.0,1.0,0.0
677653,0.0,0.0,0.0,0.0,0.0,2.0,0.0
678153,0.0,0.0,0.0,0.0,0.0,0.0,0.0
678264,0.0,0.0,0.0,0.0,0.0,1.0,0.0
678764,0.0,0.0,0.0,0.0,0.0,0.0,0.0
678854,0.0,0.0,0.0,0.0,0.0,1.0,0.0
679354,0.0,0.0,0.0,0.0,0.0,0.0,0.0
679464,0.0,0.0,0.0,0.0,0.0,1.0,0.0
679964,0.0,0.0,0.0,0.0,0.0,0.0,0.0
680015,0.0,0.0,0.0,0.0,0.0,1.0,0.0
680515,0.0,0.0,0.0,0.0,0.0,0.0,0.0
681046,0.0,0.0,0.0,0.0,0.0,1.0,0.0
681141,0.0,0.0,0.0,0.0,0.0,2.0,0.0
681641,0.0,0.0,0.0,0.0,0.0,0.0,0.0
681946,0.0,0.0,0.0,0.0,0.0,1.0,0.0
681949,0.0,0.0,0.0,0.0,0.0,2.0,0.0
682449,0.0,0.0,0.0,0.0,0.0,0.0,0.0
682846,0.0,0.0,0.0,0.0,0.0,1.0,0.0
683346,0.0,0.0,0.0,0.0,0.0,0.0,0.0
683733,0.0,0.0,0.0,0.0,0.0,1.0,0.0
684233,0.0,0.0,0.0,0.0,0.0,0.0,0.0
684237,0.0,0.0,0.0,0.0,0.0,1.0,0.0
684631,0.0,2.0,0.0,0.0,0.0,1.0,0.0
684737,0.0,2.0,0.0,0.0,0.0,0.0,0.0
684760,0.0,2.0,0.0,0.0,0.0,1.0,0.0
685131,0.0,0.0,0.0,0.0,0.0,1.0,0.0
685260,0.0,0.0,0.0,0.0,0.0,0.0,0.0
685383,0.0,0.0,0.0,0.0,0.0,1.0,0.0
685883,0.0,0.0,0.0,0.0,0.0,0.0,0.0
686210,0.0,0.0,0.0,0.0,0.0,1.0,0.0
686710,0.0,0.0,0.0,0.0,0.0,0.0,0.0
686830,0.0,0.0,0.0,0.0,0.0,1.0,0.0
687330,0.0,0.0,0.0,0.0,0.0,0.0,0.0
688033,0.0,0.0,0.0,0.0,0.0,1.0,0.0
688040,0.0,0.0,0.0,0.0,0.0,2.0,0.0
688540,0.0,0.0,0.0,0.0,0.0,0.0,0.0
689046,0.0,0.0,0.0,0.0,0.0,1.0,0.0
689546,0.0,0.0,0.0,0.0,0.0,0.0,0.0
689599,0.0,0.0,0.0,0.0,0.0,1.0,0.0
690099,0.0,0.0,0.0,0.0,0.0,0.0,0.0
690622,0.0,0.0,0.0,0.0,0.0,1.0,0.0
690643,0.0,0.0,0.0,0.0,0.0,2.0,0.0
691143,0.0,0.0,0.0,0.0,0.0,0.0,0.0
691787,0.0,0.0,0.0,0.0,0.0,1.0,0.0
691790,0.0,0.0,0.0,0.0,0.0,2.0,0.0
692290,0.0,0.0,0.0,0.0,0.0,0.0,0.0
692428,0.0,0.0,0.0,0.0,0.0,1.0,0.0
692928,0.0,0.0,0.0,0.0,0.0,0.0,0.0
693429,0.0,0.0,0.0,0.0,0.0,1.0,0.0
693929,0.0,0.0,0.0,0.0,0.0,0.0,0.0
694169,0.0,0.0,0.0,0.0,0.0,1.0,0.0
694669,0.0,0.0,0.0,0.0,0.0,0.0,0.0
695203,0.0,0.0,0.0,0.0,0.0,1.0,0.0
695703,0.0,0.0,0.0,0.0,0.0,0.0,0.0
695872,0.0,0.0,0.0,0.0,0.0,1.0,0.0
696372,0.0,0.0,0.0,0.0,0.0,0.0,0.0
698175,0.0,0.0,0.0,0.0,0.0,1.0,0.0
698675,0.0,0.0,0.0,0.0,0.0,0.0,0.0
700322,0.0,0.0,0.0,0.0,0.0,1.0,0.0
700822,0.0,0.0,0.0,0.0,0.0,0.0,0.0
700859,0.0,0.0,0.0,0.0,0.0,1.0,0.0
700863,0.0,0.0,0.0,0.0,0.0,2.0,0.0
700898,0.0,2.0,0.0,0.0,0.0,2.0,0.0
701363,0.0,2.0,0.0,0.0,0.0,0.0,0.0
701398,0.0,0.0,0.0,0.0,0.0,0.0,0.0
701791,0.0,0.0,0.0,0.0,0.0,1.0,0.0
701794,0.0,0.0,0.0,0.0,0.0,2.0,0.0
702294,0.0,0.0,0.0,0.0,0.0,0.0,0.0
702330,0.0,0.0,0.0,0.0,0.0,1.0,0.0
702667,0.0,0.0,0.0,0.0,0.0,2.0,0.0
703167,0.0,0.0,0.0,0.0,0.0,0.0,0.0
703480,0.0,0.0,0.0,0.0,0.0,1.0,0.0
703980,0.0,0.0,0.0,0.0,0.0,0.0,0.0
704369,0.0,0.0,0.0,0.0,0.0,1.0,0.0
704869,0.0,0.0,0.0,0.0,0.0,0.0,0.0
705126,0.0,0.0,0.0,0.0,0.0,1.0,0.0
705626,0.0,0.0,0.0,0.0,0.0,0.0,0.0
706015,0.0,0.0,0.0,0.0,0.0,1.0,0.0
706517,0.0,0.0,0.0,0.0,0.0,2.0,0.0
707017,0.0,0.0,0.0,0.0,0.0,0.0,0.0
708026,0.0,0.0,0.0,0.0,0.0,1.0,0.0
708526,0.0,0.0,0.0,0.0,0.0,0.0,0.0
710531,0.0,0.0,0.0,0.0,0.0,1.0,0.0
711031,0.0,0.0,0.0,0.0,0.0,0.0,0.0
711705,0.0,0.0,0.0,0.0,0.0,1.0,0.0
711707,0.0,0.0,0.0,0.0,0.0,2.0,0.0
712207,0.0,0.0,0.0,0.0,0.0,0.0,0.0
713481,0.0,0.0,0.0,0.0,0.0,1.0,0.0
713981,0.0,0.0,0.0,0.0,0.0,0.0,0.0
714510,0.0,0.0,0.0,0.0,0.0,1.0,0.0
714511,0.0,0.0,0.0,0.0,0.0,2.0,0.0
715011,0.0,0.0,0.0,0.0,0.0,0.0,0.0
716620,0.0,0.0,0.0,0.0,0.0,1.0,0.0
717120,0.0,0.0,0.0,0.0,0.0,0.0,0.0
717773,0.0,0.0,0.0,0.0,0.0,1.0,0.0
718273,0.0,0.0,0.0,0.0,0.0,0.0,0.0
720692,0.0,0.0,0.0,0.0,0.0,1.0,0.0
721192,0.0,0.0,0.0,0.0,0.0,0.0,0.0
723447,0.0,0.0,0.0,0.0,0.0,1.0,0.0
723947,0.0,0.0,0.0,0.0,0.0,0.0,0.0
725877,0.0,0.0,0.0,0.0,0.0,1.0,0.0
726377,0.0,0.0,0.0,0.0,0.0,0.0,0.0
727109,0.0,0.0,0.0,0.0,0.0,1.0,0.0
727609,0.0,0.0,0.0,0.0,0.0,0.0,0.0
729972,0.0,0.0,0.0,0.0,0.0,1.0,0.0
730472,0.0,0.0,0.0,0.0,0.0,0.0,0.0
731258,0.0,0.0,0.0,0.0,0.0,1.0,0.0
731758,0.0,0.0,0.0,0.0,0.0,0.0,0.0
732502,0.0,0.0,0.0,0.0,0.0,1.0,0.0
733002,0.0,0.0,0.0,0.0,0.0,0.0,0.0
735007,0.0,0.0,0.0,0.0,0.0,1.0,0.0
735507,0.0,0.0,0.0,0.0,0.0,0.0,0.0
736536,0.0,0.0,0.0,0.0,0.0,1.0,0.0
737036,0.0,0.0,0.0,0.0,0.0,0.0,0.0
739338,0.0,0.0,0.0,0.0,0.0,1.0,0.0
739838,0.0,0.0,0.0,0.0,0.0,0.0,0.0
743048,0.0,0.0,0.0,0.0,0.0,1.0,0.0
743548,0.0,0.0,0.0,0.0,0.0,0.0,0.0
745262,0.0,0.0,0.0,0.0,0.0,1.0,0.0
745762,0.0,0.0,0.0,0.0,0.0,0.0,0.0
747917,0.0,0.0,0.0,0.0,0.0,1.0,0.0
748417,0.0,0.0,0.0,0.0,0.0,0.0,0.0
749320,0.0,0.0,0.0,0.0,0.0,1.0,0.0
749820,0.0,0.0,0.0,0.0,0.0,0.0,0.0
751918,0.0,0.0,0.0,0.0,0.0,1.0,0.0
752418,0.0,0.0,0.0,0.0,0.0,0.0,0.0
754960,0.0,0.0,0.0,0.0,0.0,1.0,0.0
755460,0.0,0.0,0.0,0.0,0.0,0.0,0.0
760822,0.0,0.0,0.0,0.0,0.0,1.0,0.0
761322,0.0,0.0,0.0,0.0,0.0,0.0,0.0
762214,0.0,0.0,0.0,0.0,0.0,1.0,0.0
762714,0.0,0.0,0.0,0.0,0.0,0.0,0.0
764073,0.0,0.0,0.0,0.0,0.0,1.0,0.0
764573,0.0,0.0,0.0,0.0,0.0,0.0,0.0
766966,0.0,0.0,0.0,0.0,0.0,1.0,0.0
767466,0.0,0.0,0.0,0.0,0.0,0.0,0.0
771184,0.0,0.0,0.0,0.0,0.0,1.0,0.0
771684,0.0,0.0,0.0,0.0,0.0,0.0,0.0
771686,0.0,0.0,0.0,0.0,0.0,1.0,0.0
772186,0.0,0.0,0.0,0.0,0.0,0.0,0.0
772761,0.0,0.0,0.0,0.0,0.0,1.0,0.0
773261,0.0,0.0,0.0,0.0,0.0,0.0,0.0
776016,0.0,0.0,0.0,0.0,0.0,1.0,0.0
776516,0.0,0.0,0.0,0.0,0.0,0.0,0.0
777066,0.0,0.0,0.0,0.0,0.0,1.0,0.0
777566,0.0,0.0,0.0,0.0,0.0,0.0,0.0
777801,0.0,0.0,0.0,0.0,0.0,1.0,0.0
778301,0.0,0.0,0.0,0.0,0.0,0.0,0.0
780908,0.0,0.0,0.0,0.0,0.0,1.0,0.0
781408,0.0,0.0,0.0,0.0,0.0,0.0,0.0
784616,0.0,0.0,0.0,0.0,0.0,1.0,0.0
785116,0.0,0.0,0.0,0.0,0.0,0.0,0.0
785353,0.0,0.0,0.0,0.0,0.0,1.0,0.0
785363,0.0,0.0,0.0,0.0,0.0,2.0,0.0
785863,0.0,0.0,0.0,0.0,0.0,0.0,0.0
786196,0.0,0.0,0.0,0.0,0.0,1.0,0.0
786696,0.0,0.0,0.0,0.0,0.0,0.0,0.0
791495,0.0,0.0,0.0,0.0,0.0,1.0,0.0
791995,0.0,0.0,0.0,0.0,0.0,0.0,0.0
792296,0.0,0.0,0.0,0.0,0.0,1.0,0.0
792399,0.0,0.0,0.0,0.0,0.0,2.0,0.0
792899,0.0,0.0,0.0,0.0,0.0,0.0,0.0
796899,0.0,0.0,0.0,0.0,0.0,1.0,0.0
797399,0.0,0.0,0.0,0.0,0.0,0.0,0.0
798016,0.0,0.0,0.0,0.0,0.0,1.0,0.0
798516,0.0,0.0,0.0,0.0,0.0,0.0,0.0
802728,0.0,0.0,0.0,0.0,0.0,1.0,0.0
803228,0.0,0.0,0.0,0.0,0.0,0.0,0.0
803797,0.0,0.0,0.0,0.0,0.0,1.0,0.0
804297,0.0,0.0,0.0,0.0,0.0,0.0,0.0
806390,0.0,0.0,0.0,0.0,1.0,0.0,0.0
806868,0.0,0.0,0.0,0.0,1.0,1.0,0.0
806890,0.0,0.0,0.0,0.0,0.0,1.0,0.0
807000,0.0,0.0,0.0,0.0,0.0,1.0,1.0
807368,0.0,0.0,0.0,0.0,0.0,0.0,1.0
807373,0.0,0.0,0.0,0.0,0.0,1.0,1.0
807393,0.0,0.0,0.0,0.0,0.0,2.0,1.0
807487,2.0,0.0,0.0,0.0,0.0,2.0,1.0
807500,2.0,0.0,0.0,0.0,0.0,2.0,0.0
807517,2.0,0.0,0.0,0.0,1.0,2.0,0.0
807545,2.0,0.0,0.0,0.0,2.0,2.0,0.0
807568,2.0,2.0,0.0,0.0,2.0,2.0,0.0
807893,2.0,2.0,0.0,0.0,2.0,0.0,0.0
807908,2.0,2.0,0.0,0.0,2.0,1.0,0.0
807987,0.0,2.0,0.0,0.0,2.0,1.0,0.0
808045,0.0,2.0,0.0,0.0,0.0,1.0,0.0
808068,0.0,0.0,0.0,0.0,0.0,1.0,0.0
808408,0.0,0.0,0.0,0.0,0.0,0.0,0.0
808449,0.0,0.0,0.0,0.0,0.0,1.0,0.0
808454,0.0,0.0,0.0,0.0,0.0,2.0,0.0
808607,2.0,0.0,0.0,0.0,0.0,2.0,0.0
808954,2.0,0.0,0.0,0.0,0.0,0.0,0.0
809015,2.0,0.0,1.0,0.0,0.0,0.0,0.0
809018,2.0,0.0,1.0,0.0,0.0,1.0,0.0
809107,0.0,0.0,1.0,0.0,0.0,1.0,0.0
809518,0.0,0.0,1.0,0.0,0.0,0.0,0.0
809901,0.0,2.0,1.0,0.0,0.0,0.0,0.0
810401,0.0,0.0,1.0,0.0,0.0,0.0,0.0
810483,0.0,0.0,2.0,0.0,0.0,0.0,0.0
810524,0.0,0.0,2.0,0.0,0.0,1.0,0.0
810527,0.0,0.0,2.0,0.0,0.0,2.0,0.0
810983,0.0,0.0,0.0,0.0,0.0,2.0,0.0
811027,0.0,0.0,0.0,0.0,0.0,0.0,0.0
811573,0.0,0.0,0.0,0.0,0.0,1.0,0.0
812073,0.0,0.0,0.0,0.0,0.0,0.0,0.0
812593,0.0,0.0,0.0,0.0,0.0,1.0,0.0
812596,0.0,0.0,0.0,0.0,0.0,2.0,0.0
813096,0.0,0.0,0.0,0.0,0.0,0.0,0.0
813851,0.0,0.0,0.0,0.0,0.0,1.0,0.0
813933,0.0,0.0,0.0,0.0,0.0,2.0,0.0
814433,0.0,0.0,0.0,0.0,0.0,0.0,0.0
814440,0.0,0.0,0.0,0.0,0.0,1.0,0.0
814446,0.0,0.0,0.0,0.0,0.0,2.0,0.0
814946,0.0,0.0,0.0,0.0,0.0,0.0,0.0
815136,0.0,0.0,0.0,0.0,0.0,1.0,0.0
815636,0.0,0.0,0.0,0.0,0.0,0.0,0.0
816370,0.0,0.0,0.0,0.0,0.0,1.0,0.0
816646,0.0,0.0,0.0,0.0,0.0,2.0,0.0
817146,0.0,0.0,0.0,0.0,0.0,0.0,0.0
817365,0.0,0.0,0.0,0.0,0.0,1.0,0.0
817865,0.0,0.0,0.0,0.0,0.0,0.0,0.0
818219,0.0,0.0,0.0,0.0,0.0,1.0,0.0
818719,0.0,0.0,0.0,0.0,0.0,0.0,0.0
818862,0.0,0.0,0.0,0.0,0.0,1.0,0.0
819362,0.0,0.0,0.0,0.0,0.0,0.0,0.0
820477,0.0,0.0,0.0,0.0,0.0,1.0,0.0
820698,0.0,0.0,0.0,0.0,0.0,2.0,0.0
821198,0.0,0.0,0.0,0.0,0.0,0.0,0.0
821664,0.0,0.0,0.0,0.0,0.0,1.0,0.0
821859,0.0,0.0,0.0,0.0,0.0,2.0,0.0
822359,0.0,0.0,0.0,0.0,0.0,0.0,0.0
822653,0.0,0.0,0.0,0.0,0.0,1.0,0.0
823153,0.0,0.0,0.0,0.0,0.0,0.0,0.0
823798,0.0,0.0,0.0,0.0,0.0,1.0,0.0
824241,0.0,0.0,0.0,0.0,0.0,2.0,0.0
824741,0.0,0.0,0.0,0.0,0.0,0.0,0.0
824850,0.0,0.0,0.0,0.0,0.0,1.0,0.0
825350,0.0,0.0,0.0,0.0,0.0,0.0,0.0
825604,0.0,0.0,0.0,0.0,0.0,1.0,0.0
826104,0.0,0.0,0.0,0.0,0.0,0.0,0.0
826534,0.0,0.0,0.0,0.0,0.0,1.0,0.0
827034,0.0,0.0,0.0,0.0,0.0,0.0,0.0
827274,0.0,2.0,0.0,0.0,0.0,0.0,0.0
827531,0.0,2.0,0.0,0.0,0.0,1.0,0.0
827774,0.0,0.0,0.0,0.0,0.0,1.0,0.0
828031,0.0,0.0,0.0,0.0,0.0,0.0,0.0
828046,0.0,0.0,0.0,0.0,0.0,1.0,0.0
828333,0.0,0.0,0.0,0.0,0.0,2.0,0.0
828833,0.0,0.0,0.0,0.0,0.0,0.0,0.0
829806,0.0,0.0,0.0,0.0,0.0,1.0,0.0
829809,0.0,0.0,0.0,0.0,0.0,2.0,0.0
830309,0.0,0.0,0.0,0.0,0.0,0.0,0.0
830340,0.0,0.0,0.0,0.0,0.0,1.0,0.0
830840,0.0,0.0,0.0,0.0,0.0,0.0,0.0
831266,0.0,0.0,0.0,0.0,0.0,1.0,0.0
831534,0.0,0.0,0.0,0.0,0.0,2.0,0.0
832034,0.0,0.0,0.0,0.0,0.0,0.0,0.0
832088,0.0,0.0,0.0,0.0,0.0,1.0,0.0
832588,0.0,0.0,0.0,0.0,0.0,0.0,0.0
832680,0.0,2.0,0.0,0.0,0.0,0.0,0.0
832683,0.0,2.0,0.0,0.0,0.0,1.0,0.0
833088,0.0,2.0,0.0,0.0,0.0,2.0,0.0
833180,0.0,0.0,0.0,0.0,0.0,2.0,0.0
833588,0.0,0.0,0.0,0.0,0.0,0.0,0.0
834127,0.0,0.0,0.0,0.0,0.0,1.0,0.0
834168,0.0,0.0,0.0,0.0,0.0,2.0,0.0
834668,0.0,0.0,0.0,0.0,0.0,0.0,0.0
835263,0.0,0.0,0.0,0.0,0.0,1.0,0.0
835763,0.0,0.0,0.0,0.0,0.0,0.0,0.0
836006,0.0,0.0,0.0,0.0,0.0,1.0,0.0
836506,0.0,0.0,0.0,0.0,0.0,0.0,0.0
836598,0.0,0.0,0.0,0.0,0.0,1.0,0.0
836728,0.0,0.0,0.0,0.0,0.0,2.0,0.0
837228,0.0,0.0,0.0,0.0,0.0,0.0,0.0
838109,0.0,0.0,0.0,0.0,0.0,1.0,0.0
838609,0.0,0.0,0.0,0.0,0.0,0.0,0.0
838729,0.0,0.0,0.0,0.0,0.0,1.0,0.0
839229,0.0,0.0,0.0,0.0,0.0,0.0,0.0
839345,0.0,0.0,0.0,0.0,0.0,1.0,0.0
839845,0.0,0.0,0.0,0.0,0.0,0.0,0.0
839896,0.0,0.0,0.0,0.0,0.0,1.0,0.0
839907,0.0,0.0,0.0,0.0,0.0,2.0,0.0
840407,0.0,0.0,0.0,0.0,0.0,0.0,0.0
840457,0.0,0.0,0.0,0.0,0.0,1.0,0.0
840957,0.0,0.0,0.0,0.0,0.0,0.0,0.0
841017,0.0,0.0,0.0,0.0,0.0,1.0,0.0
841517,0.0,0.0,0.0,0.0,0.0,0.0,0.0
842046,0.0,0.0,0.0,0.0,0.0,1.0,0.0
842143,0.0,0.0,0.0,0.0,0.0,2.0,0.0
842643,0.0,0.0,0.0,0.0,0.0,0.0,0.0
842990,0.0,0.0,0.0,0.0,0.0,1.0,0.0
843490,0.0,0.0,0.0,0.0,0.0,0.0,0.0
843772,0.0,0.0,0.0,0.0,0.0,1.0,0.0
843820,0.0,0.0,0.0,0.0,0.0,2.0,0.0
844320,0.0,0.0,0.0,0.0,0.0,0.0,0.0
844569,0.0,0.0,0.0,0.0,0.0,1.0,0.0
845069,0.0,0.0,0.0,0.0,0.0,0.0,0.0
845932,0.0,0.0,0.0,0.0,0.0,1.0,0.0
845957,0.0,0.0,0.0,0.0,0.0,2.0,0.0
846457,0.0,0.0,0.0,0.0,0.0,0.0,0.0
846496,0.0,0.0,0.0,0.0,0.0,1.0,0.0
846996,0.0,0.0,0.0,0.0,0.0,0.0,0.0
847261,0.0,0.0,0.0,0.0,0.0,1.0,0.0
847268,0.0,0.0,0.0,0.0,0.0,2.0,0.0
847768,0.0,0.0,0.0,0.0,0.0,0.0,0.0
847836,0.0,0.0,0.0,0.0,0.0,1.0,0.0
848336,0.0,0.0,0.0,0.0,0.0,0.0,0.0
849256,0.0,0.0,0.0,0.0,0.0,1.0,0.0
849750,0.0,0.0,0.0,0.0,0.0,2.0,0.0
850250,0.0,0.0,0.0,0.0,0.0,0.0,0.0
851185,0.0,0.0,0.0,0.0,0.0,1.0,0.0
851328,0.0,0.0,0.0,0.0,0.0,2.0,0.0
851828,0.0,0.0,0.0,0.0,0.0,0.0,0.0
851974,0.0,0.0,0.0,0.0,0.0,1.0,0.0
852474,0.0,0.0,0.0,0.0,0.0,0.0,0.0
853220,0.0,0.0,0.0,0.0,0.0,1.0,0.0
853720,0.0,0.0,0.0,0.0,0.0,0.0,0.0
854075,0.0,0.0,0.0,0.0,0.0,1.0,0.0
854575,0.0,0.0,0.0,0.0,0.0,0.0,0.0
854757,0.0,0.0,0.0,0.0,0.0,1.0,0.0
855257,0.0,0.0,0.0,0.0,0.0,0.0,0.0
855430,0.0,0.0,0.0,0.0,0.0,1.0,0.0
855930,0.0,0.0,0.0,0.0,0.0,0.0,0.0
856490,0.0,0.0,0.0,0.0,0.0,1.0,0.0
856990,0.0,0.0,0.0,0.0,0.0,0.0,0.0
858112,0.0,0.0,0.0,0.0,0.0,1.0,0.0
858308,0.0,0.0,0.0,0.0,0.0,2.0,0.0
858808,0.0,0.0,0.0,0.0,0.0,0.0,0.0
859573,0.0,0.0,0.0,0.0,0.0,1.0,0.0
860073,0.0,0.0,0.0,0.0,0.0,0.0,0.0
860259,0.0,0.0,0.0,0.0,0.0,1.0,0.0
860491,0.0,0.0,0.0,0.0,0.0,2.0,0.0
860991,0.0,0.0,0.0,0.0,0.0,0.0,0.0
861984,0.0,0.0,0.0,0.0,0.0,1.0,0.0
862484,0.0,0.0,0.0,0.0,0.0,0.0,0.0
862698,0.0,0.0,0.0,0.0,0.0,1.0,0.0
863198,0.0,0.0,0.0,0.0,0.0,0.0,0.0
863371,0.0,0.0,0.0,0.0,0.0,1.0,0.0
863871,0.0,0.0,0.0,0.0,0.0,0.0,0.0
864000,0.0,0.0,0.0,0.0,0.0,1.0,0.0
864500,0.0,0.0,0.0,0.0,0.0,0.0,0.0
864501,0.0,0.0,0.0,0.0,0.0,1.0,0.0
865001,0.0,0.0,0.0,0.0,0.0,0.0,0.0
865007,0.0,0.0,0.0,0.0,0.0,1.0,0.0
865507,0.0,0.0,0.0,0.0,0.0,0.0,0.0
866391,0.0,0.0,0.0,0.0,0.0,1.0,0.0
866413,0.0,0.0,0.0,0.0,0.0,2.0,0.0
866913,0.0,0.0,0.0,0.0,0.0,0.0,0.0
867305,0.0,0.0,0.0,0.0,0.0,1.0,0.0
867805,0.0,0.0,0.0,0.0,0.0,0.0,0.0
867978,0.0,0.0,0.0,0.0,0.0,1.0,0.0
868478,0.0,0.0,0.0,0.0,0.0,0.0,0.0
869004,0.0,0.0,0.0,0.0,0.0,1.0,0.0
869257,0.0,0.0,0.0,0.0,0.0,2.0,0.0
869757,0.0,0.0,0.0,0.0,0.0,0.0,0.0
870697,0.0,0.0,0.0,0.0,0.0,1.0,0.0
870710,0.0,0.0,0.0,0.0,0.0,2.0,0.0
871210,0.0,0.0,0.0,0.0,0.0,0.0,0.0
871993,0.0,0.0,0.0,0.0,0.0,1.0,0.0
872123,0.0,0.0,0.0,0.0,0.0,2.0,0.0
872623,0.0,0.0,0.0,0.0,0.0,0.0,0.0
873491,0.0,0.0,0.0,0.0,0.0,1.0,0.0
873991,0.0,0.0,0.0,0.0,0.0,0.0,0.0
874004,0.0,0.0,0.0,0.0,0.0,1.0,0.0
874069,0.0,0.0,0.0,0.0,0.0,2.0,0.0
874569,0.0,0.0,0.0,0.0,0.0,0.0,0.0
874887,0.0,0.0,0.0,0.0,0.0,1.0,0.0
875387,0.0,0.0,0.0,0.0,0.0,0.0,0.0
875567,0.0,0.0,0.0,0.0,0.0,1.0,0.0
875570,0.0,0.0,0.0,0.0,0.0,2.0,0.0
876070,0.0,0.0,0.0,0.0,0.0,0.0,0.0
876326,0.0,0.0,0.0,0.0,0.0,1.0,0.0
876366,0.0,0.0,0.0,0.0,0.0,2.0,0.0
876866,0.0,0.0,0.0,0.0,0.0,0.0,0.0
878443,0.0,0.0,0.0,0.0,0.0,1.0,0.0
878446,0.0,0.0,0.0,0.0,0.0,2.0,0.0
878461,0.0,2.0,0.0,0.0,0.0,2.0,0.0
878946,0.0,2.0,0.0,0.0,0.0,0.0,0.0
878961,0.0,0.0,0.0,0.0,0.0,0.0,0.0
879224,0.0,0.0,0.0,0.0,0.0,1.0,0.0
879234,0.0,0.0,0.0,0.0,0.0,2.0,0.0
879734,0.0,0.0,0.0,0.0,0.0,0.0,0.0
880047,0.0,0.0,0.0,0.0,0.0,1.0,0.0
880547,0.0,0.0,0.0,0.0,0.0,0.0,0.0
880772,0.0,0.0,0.0,0.0,0.0,1.0,0.0
881272,0.0,0.0,0.0,0.0,0.0,0.0,0.0
881456,0.0,0.0,0.0,0.0,0.0,1.0,0.0
881956,0.0,0.0,0.0,0.0,0.0,0.0,0.0
881975,0.0,0.0,0.0,0.0,0.0,1.0,0.0
882475,0.0,0.0,0.0,0.0,0.0,0.0,0.0
882841,0.0,0.0,0.0,0.0,0.0,1.0,0.0
883089,0.0,0.0,0.0,0.0,0.0,2.0,0.0
883589,0.0,0.0,0.0,0.0,0.0,0.0,0.0
883978,0.0,0.0,0.0,0.0,0.0,1.0,0.0
884424,0.0,0.0,0.0,0.0,0.0,2.0,0.0
884924,0.0,0.0,0.0,0.0,0.0,0.0,0.0
885648,0.0,0.0,0.0,0.0,0.0,1.0,0.0
886148,0.0,0.0,0.0,0.0,0.0,0.0,0.0
886973,0.0,0.0,0.0,0.0,0.0,1.0,0.0
886985,0.0,0.0,0.0,0.0,0.0,2.0,0.0
887485,0.0,0.0,0.0,0.0,0.0,0.0,0.0
887563,0.0,0.0,0.0,0.0,0.0,1.0,0.0
887572,0.0,0.0,0.0,0.0,0.0,2.0,0.0
888072,0.0,0.0,0.0,0.0,0.0,0.0,0.0
888384,0.0,0.0,0.0,0.0,0.0,1.0,0.0
888391,0.0,0.0,0.0,0.0,0.0,2.0,0.0
888891,0.0,0.0,0.0,0.0,0.0,0.0,0.0
889080,0.0,0.0,0.0,0.0,0.0,1.0,0.0
889112,0.0,0.0,0.0,0.0,0.0,2.0,0.0
889612,0.0,0.0,0.0,0.0,0.0,0.0,0.0
890122,0.0,0.0,0.0,0.0,0.0,1.0,0.0
890268,0.0,0.0,0.0,0.0,0.0,2.0,0.0
890768,0.0,0.0,0.0,0.0,0.0,0.0,0.0
890776,0.0,0.0,0.0,0.0,0.0,1.0,0.0
890779,0.0,0.0,0.0,0.0,0.0,2.0,0.0
891279,0.0,0.0,0.0,0.0,0.0,1.0,0.0
891554,0.0,0.0,0.0,0.0,0.0,2.0,0.0
892054,0.0,0.0,0.0,0.0,0.0,0.0,0.0
893029,0.0,0.0,0.0,0.0,0.0,1.0,0.0
893529,0.0,0.0,0.0,0.0,0.0,0.0,0.0
893945,0.0,0.0,0.0,0.0,0.0,1.0,0.0
893960,0.0,0.0,0.0,0.0,0.0,2.0,0.0
894460,0.0,0.0,0.0,0.0,0.0,0.0,0.0
894730,0.0,0.0,0.0,0.0,0.0,1.0,0.0
895230,0.0,0.0,0.0,0.0,0.0,0.0,0.0
895731,0.0,0.0,0.0,0.0,0.0,1.0,0.0
896229,0.0,0.0,0.0,0.0,0.0,2.0,0.0
896729,0.0,0.0,0.0,0.0,0.0,0.0,0.0
897294,0.0,0.0,0.0,0.0,0.0,1.0,0.0
897794,0.0,0.0,0.0,0.0,0.0,0.0,0.0
897810,0.0,0.0,0.0,0.0,0.0,1.0,0.0
898310,0.0,0.0,0.0,0.0,0.0,0.0,0.0
898619,0.0,0.0,0.0,0.0,0.0,1.0,0.0
899119,0.0,0.0,0.0,0.0,0.0,0.0,0.0
899237,0.0,0.0,0.0,0.0,0.0,1.0,0.0
899479,0.0,0.0,0.0,0.0,0.0,2.0,0.0
899979,0.0,0.0,0.0,0.0,0.0,0.0,0.0
900276,0.0,0.0,0.0,0.0,0.0,1.0,0.0
900776,0.0,0.0,0.0,0.0,0.0,0.0,0.0
901066,0.0,0.0,0.0,0.0,0.0,1.0,0.0
901075,0.0,0.0,0.0,0.0,0.0,2.0,0.0
901575,0.0,0.0,0.0,0.0,0.0,0.0,0.0
901985,0.0,0.0,0.0,0.0,0.0,1.0,0.0
902485,0.0,0.0,0.0,0.0,0.0,0.0,0.0
903489,0.0,0.0,0.0,0.0,0.0,1.0,0.0
903989,0.0,0.0,0.0,0.0,0.0,0.0,0.0
904344,0.0,0.0,0.0,0.0,0.0,1.0,0.0
904844,0.0,0.0,0.0,0.0,0.0,0.0,0.0
904933,0.0,0.0,0.0,0.0,0.0,1.0,0.0
904944,0.0,0.0,0.0,0.0,0.0,2.0,0.0
905444,0.0,0.0,0.0,0.0,0.0,0.0,0.0
905694,0.0,0.0,0.0,0.0,0.0,1.0,0.0
906194,0.0,0.0,0.0,0.0,0.0,0.0,0.0
906516,0.0,0.0,0.0,0.0,0.0,1.0,0.0
906738,0.0,0.0,0.0,0.0,0.0,2.0,0.0
907238,0.0,0.0,0.0,0.0,0.0,0.0,0.0
907379,0.0,0.0,0.0,0.0,0.0,1.0,0.0
907665,0.0,0.0,0.0,0.0,0.0,2.0,0.0
908165,0.0,0.0,0.0,0.0,0.0,0.0,0.0
911379,0.0,0.0,0.0,0.0,0.0,1.0,0.0
911879,0.0,0.0,0.0,0.0,0.0,0.0,0.0
912180,0.0,0.0,0.0,0.0,0.0,1.0,0.0
912680,0.0,0.0,0.0,0.0,0.0,0.0,0.0
915106,0.0,0.0,0.0,0.0,0.0,1.0,0.0
915606,0.0,0.0,0.0,0.0,0.0,0.0,0.0
915758,0.0,0.0,0.0,0.0,0.0,1.0,0.0
916258,0.0,0.0,0.0,0.0,0.0,0.0,0.0
918552,0.0,0.0,0.0,0.0,0.0,1.0,0.0
919052,0.0,0.0,0.0,0.0,0.0,0.0,0.0
920319,0.0,0.0,0.0,0.0,0.0,1.0,0.0
920819,0.0,0.0,0.0,0.0,0.0,0.0,0.0
925348,0.0,0.0,0.0,0.0,0.0,1.0,0.0
925848,0.0,0.0,0.0,0.0,0.0,0.0,0.0
925885,0.0,0.0,0.0,0.0,0.0,1.0,0.0
926385,0.0,0.0,0.0,0.0,0.0,0.0,0.0
934957,0.0,0.0,0.0,0.0,0.0,1.0,0.0
935457,0.0,0.0,0.0,0.0,0.0,0.0,0.0
935716,0.0,0.0,0.0,0.0,0.0,1.0,0.0
936216,0.0,0.0,0.0,0.0,0.0,0.0,0.0
936260,0.0,0.0,0.0,0.0,0.0,1.0,0.0
936760,0.0,0.0,0.0,0.0,0.0,0.0,0.0
938321,0.0,0.0,0.0,0.0,0.0,1.0,0.0
938821,0.0,0.0,0.0,0.0,0.0,0.0,0.0
939745,0.0,0.0,0.0,0.0,0.0,1.0,0.0
940245,0.0,0.0,0.0,0.0,0.0,0.0,0.0
941037,0.0,0.0,0.0,0.0,0.0,1.0,0.0
941537,0.0,0.0,0.0,0.0,0.0,0.0,0.0
941673,0.0,0.0,0.0,0.0,0.0,1.0,0.0
942173,0.0,0.0,0.0,0.0,0.0,0.0,0.0
942401,0.0,0.0,0.0,0.0,0.0,1.0,0.0
942901,0.0,0.0,0.0,0.0,0.0,0.0,0.0
944319,0.0,0.0,0.0,0.0,0.0,1.0,0.0
944819,0.0,0.0,0.0,0.0,0.0,0.0,0.0
945680,0.0,0.0,0.0,0.0,0.0,1.0,0.0
946180,0.0,0.0,0.0,0.0,0.0,0.0,0.0
947093,0.0,0.0,0.0,0.0,0.0,1.0,0.0
947593,0.0,0.0,0.0,0.0,0.0,0.0,0.0
949392,0.0,0.0,0.0,0.0,0.0,1.0,0.0
949892,0.0,0.0,0.0,0.0,0.0,0.0,0.0
950663,0.0,0.0,0.0,0.0,0.0,1.0,0.0
951163,0.0,0.0,0.0,0.0,0.0,0.0,0.0
951439,0.0,0.0,0.0,0.0,0.0,1.0,0.0
951939,0.0,0.0,0.0,0.0,0.0,0.0,0.0
952170,0.0,0.0,0.0,0.0,0.0,1.0,0.0
952670,0.0,0.0,0.0,0.0,0.0,0.0,0.0
952734,0.0,0.0,0.0,0.0,0.0,1.0,0.0
953234,0.0,0.0,0.0,0.0,0.0,0.0,0.0
954061,0.0,0.0,0.0,0.0,0.0,1.0,0.0
954561,0.0,0.0,0.0,0.0,0.0,0.0,0.0
957132,0.0,0.0,0.0,0.0,0.0,1.0,0.0
957632,0.0,0.0,0.0,0.0,0.0,0.0,0.0
959945,0.0,0.0,0.0,0.0,0.0,1.0,0.0
960445,0.0,0.0,0.0,0.0,0.0,0.0,0.0
962212,0.0,0.0,0.0,0.0,0.0,1.0,0.0
962213,0.0,0.0,0.0,0.0,0.0,2.0,0.0
962713,0.0,0.0,0.0,0.0,0.0,0.0,0.0
964917,0.0,0.0,0.0,0.0,0.0,1.0,0.0
965417,0.0,0.0,0.0,0.0,0.0,0.0,0.0
966676,0.0,0.0,0.0,0.0,0.0,1.0,0.0
967176,0.0,0.0,0.0,0.0,0.0,0.0,0.0
968470,0.0,0.0,0.0,0.0,0.0,1.0,0.0
968506,0.0,0.0,0.0,0.0,1.0,2.0,0.0
969006,0.0,0.0,0.0,0.0,0.0,0.0,0.0
973258,0.0,0.0,0.0,0.0,0.0,1.0,0.0
973758,0.0,0.0,0.0,0.0,0.0,0.0,0.0
974831,0.0,0.0,0.0,0.0,0.0,1.0,0.0
975331,0.0,0.0,0.0,0.0,0.0,0.0,0.0
976152,0.0,0.0,0.0,0.0,0.0,1.0,0.0
976652,0.0,0.0,0.0,0.0,0.0,0.0,0.0
978997,0.0,0.0,0.0,0.0,0.0,1.0,0.0
979497,0.0,0.0,0.0,0.0,0.0,0.0,0.0
979616,0.0,0.0,0.0,0.0,0.0,1.0,0.0
980116,0.0,0.0,0.0,0.0,0.0,0.0,0.0
981334,0.0,0.0,0.0,0.0,0.0,1.0,0.0
981341,0.0,0.0,0.0,0.0,0.0,2.0,0.0
981841,0.0,0.0,0.0,0.0,0.0,0.0,0.0
982692,0.0,0.0,0.0,0.0,0.0,1.0,0.0
982695,0.0,0.0,0.0,0.0,0.0,2.0,0.0
982711,0.0,0.0,0.0,0.0,1.0,2.0,0.0
982723,0.0,0.0,0.0,0.0,2.0,2.0,0.0
983195,0.0,0.0,0.0,0.0,2.0,0.0,0.0
983223,0.0,0.0,0.0,0.0,0.0,0.0,0.0
984747,0.0,0.0,0.0,0.0,0.0,1.0,0.0
984752,0.0,0.0,0.0,0.0,0.0,2.0,0.0
985252,0.0,0.0,0.0,0.0,0.0,0.0,0.0
988721,0.0,0.0,0.0,0.0,0.0,1.0,0.0
989221,0.0,0.0,0.0,0.0,0.0,0.0,0.0
989456,0.0,0.0,0.0,0.0,0.0,1.0,0.0
989457,0.0,0.0,0.0,0.0,1.0,1.0,0.0
989458,0.0,0.0,0.0,0.0,1.0,2.0,0.0
989957,0.0,0.0,0.0,0.0,0.0,2.0,0.0
989958,0.0,0.0,0.0,0.0,0.0,0.0,0.0
990417,0.0,0.0,0.0,0.0,0.0,1.0,0.0
990917,0.0,0.0,0.0,0.0,0.0,0.0,0.0
991464,0.0,0.0,0.0,0.0,0.0,1.0,0.0
991466,0.0,0.0,0.0,0.0,0.0,2.0,0.0
991966,0.0,0.0,0.0,0.0,0.0,0.0,0.0
992071,0.0,0.0,0.0,0.0,0.0,1.0,0.0
992571,0.0,0.0,0.0,0.0,0.0,0.0,0.0
995430,0.0,0.0,0.0,0.0,0.0,1.0,0.0
995432,0.0,0.0,0.0,0.0,0.0,2.0,0.0
995932,0.0,0.0,0.0,0.0,0.0,0.0,0.0
1001156,0.0,0.0,0.0,0.0,0.0,1.0,0.0
1001656,0.0,0.0,0.0,0.0,0.0,0.0,0.0
1002049,0.0,0.0,0.0,0.0,0.0,1.0,0.0
1002549,0.0,0.0,0.0,0.0,0.0,0.0,0.0
1002973,0.0,0.0,0.0,0.0,0.0,1.0,0.0
1003473,0.0,0.0,0.0,0.0,0.0,0.0,0.0
1004466,0.0,0.0,0.0,0.0,0.0,1.0,0.0
1004966,0.0,0.0,0.0,0.0,0.0,0.0,0.0
1004976,0.0,0.0,0.0,0.0,0.0,1.0,0.0
1005476,0.0,0.0,0.0,0.0,0.0,0.0,0.0
1006626,0.0,0.0,0.0,0.0,0.0,1.0,0.0
1006734,0.0,0.0,0.0,0.0,1.0,1.0,0.0
1007126,0.0,0.0,0.0,0.0,1.0,0.0,0.0
1007234,0.0,0.0,0.0,0.0,0.0,0.0,0.0
1009000,0.0,0.0,0.0,0.0,0.0,0.0,1.0
1009196,0.0,0.0,0.0,0.0,0.0,1.0,1.0
1009500,0.0,0.0,0.0,0.0,0.0,1.0,0.0
1009626,0.0,0.0,0.0,0.0,0.0,2.0,0.0
1009638,0.0,0.0,0.0,0.0,1.0,2.0,0.0
1009753,0.0,0.0,0.0,0.0,2.0,2.0,0.0
1009759,2.0,0.0,0.0,0.0,2.0,2.0,0.0
1009947,2.0,2.0,0.0,0.0,2.0,2.0,0.0
1010126,2.0,2.0,0.0,0.0,2.0,0.0,0.0
1010253,2.0,2.0,0.0,0.0,0.0,0.0,0.0
1010259,0.0,2.0,0.0,0.0,0.0,0.0,0.0
1010447,0.0,0.0,0.0,0.0,0.0,0.0,0.0
1011007,2.0,0.0,0.0,0.0,0.0,0.0,0.0
1011079,2.0,0.0,1.0,0.0,0.0,0.0,0.0
1011507,0.0,0.0,1.0,0.0,0.0,0.0,0.0
1011571,0.0,0.0,1.0,0.0,0.0,1.0,0.0
1012071,0.0,0.0,1.0,0.0,0.0,0.0,0.0
1012449,0.0,0.0,1.0,0.0,0.0,1.0,0.0
1012549,0.0,0.0,2.0,0.0,0.0,1.0,0.0
1012949,0.0,0.0,2.0,0.0,0.0,0.0,0.0
1013005,0.0,0.0,2.0,0.0,0.0,1.0,0.0
1013049,0.0,0.0,0.0,0.0,0.0,1.0,0.0
1013207,0.0,0.0,1.0,0.0,0.0,1.0,0.0
1013505,0.0,0.0,1.0,0.0,0.0,0.0,0.0
1014707,0.0,0.0,0.0,0.0,0.0,0.0,0.0
1014749,0.0,0.0,0.0,0.0,0.0,1.0,0.0
1014764,0.0,0.0,1.0,0.0,0.0,1.0,0.0
1015249,0.0,0.0,1.0,0.0,0.0,0.0,0.0
1015264,0.0,0.0,0.0,0.0,0.0,0.0,0.0
1015320,0.0,0.0,0.0,0.0,0.0,1.0,0.0
1015478,0.0,0.0,0.0,0.0,0.0,2.0,0.0
1015978,0.0,0.0,0.0,0.0,0.0,0.0,0.0
1016232,0.0,0.0,0.0,0.0,0.0,1.0,0.0
1016732,0.0,0.0,0.0,0.0,0.0,0.0,0.0
1017748,0.0,0.0,1.0,0.0,0.0,0.0,0.0
1018248,0.0,0.0,0.0,0.0,0.0,0.0,0.0
1018590,0.0,0.0,0.0,0.0,0.0,1.0,0.0
1019090,0.0,0.0,0.0,0.0,0.0,0.0,0.0
1020778,0.0,0.0,0.0,0.0,0.0,1.0,0.0
1020964,0.0,0.0,0.0,0.0,0.0,2.0,0.0
1021464,0.0,0.0,0.0,0.0,0.0,0.0,0.0
1021976,0.0,0.0,0.0,0.0,0.0,1.0,0.0
1022476,0.0,0.0,0.0,0.0,0.0,0.0,0.0
1022837,0.0,0.0,0.0,0.0,0.0,1.0,0.0
1023337,0.0,0.0,0.0,0.0,0.0,0.0,0.0
1024240,0.0,0.0,0.0,0.0,0.0,1.0,0.0
1024740,0.0,0.0,0.0,0.0,0.0,0.0,0.0
1024843,0.0,0.0,0.0,0.0,0.0,1.0,0.0
1025343,0.0,0.0,0.0,0.0,0.0,0.0,0.0
1025407,0.0,0.0,0.0,0.0,0.0,1.0,0.0
1025596,0.0,0.0,0.0,0.0,0.0,2.0,0.0
1026096,0.0,0.0,0.0,0.0,0.0,0.0,0.0
1026120,0.0,0.0,0.0,0.0,0.0,1.0,0.0
1026620,0.0,0.0,0.0,0.0,0.0,0.0,0.0
1026687,0.0,0.0,0.0,0.0,0.0,1.0,0.0
1026742,0.0,0.0,0.0,0.0,0.0,2.0,0.0
1027242,0.0,0.0,0.0,0.0,0.0,0.0,0.0
1028204,0.0,0.0,0.0,0.0,0.0,1.0,0.0
1028215,0.0,0.0,0.0,0.0,0.0,2.0,0.0
1028715,0.0,0.0,0.0,0.0,0.0,0.0,0.0
1028824,0.0,0.0,0.0,0.0,0.0,1.0,0.0
1028828,0.0,0.0,0.0,0.0,0.0,2.0,0.0
1029328,0.0,0.0,0.0,0.0,0.0,0.0,0.0
1030080,0.0,0.0,0.0,0.0,0.0,1.0,0.0
1030580,0.0,0.0,0.0,0.0,0.0,0.0,0.0
1031734,0.0,0.0,0.0,0.0,0.0,1.0,0.0
1032234,0.0,0.0,0.0,0.0,0.0,0.0,0.0
1032960,0.0,0.0,0.0,0.0,0.0,1.0,0.0
1032966,0.0,0.0,0.0,0.0,0.0,2.0,0.0
1033466,0.0,0.0,0.0,0.0,0.0,0.0,0.0
1033665,0.0,0.0,0.0,0.0,0.0,1.0,0.0
1034165,0.0,0.0,0.0,0.0,0.0,0.0,0.0
1034374,0.0,0.0,0.0,0.0,0.0,1.0,0.0
1034379,0.0,0.0,0.0,0.0,0.0,2.0,0.0
1034879,0.0,0.0,0.0,0.0,0.0,0.0,0.0
1035373,0.0,0.0,0.0,0.0,0.0,1.0,0.0
1035873,0.0,0.0,0.0,0.0,0.0,0.0,0.0
1035967,0.0,0.0,0.0,0.0,0.0,1.0,0.0
1036467,0.0,0.0,0.0,0.0,0.0,0.0,0.0
1037198,0.0,0.0,0.0,0.0,0.0,1.0,0.0
1037698,0.0,0.0,0.0,0.0,0.0,0.0,0.0
1037987,0.0,0.0,0.0,0.0,0.0,1.0,0.0
1038487,0.0,0.0,0.0,0.0,0.0,0.0,0.0
1039069,0.0,0.0,0.0,0.0,0.0,1.0,0.0
1039105,0.0,0.0,0.0,0.0,0.0,2.0,0.0
1039605,0.0,0.0,0.0,0.0,0.0,0.0,0.0
1040122,0.0,0.0,0.0,0.0,0.0,1.0,0.0
1040622,0.0,0.0,0.0,0.0,0.0,0.0,0.0
1040757,0.0,0.0,0.0,0.0,0.0,1.0,0.0
1040773,0.0,0.0,0.0,0.0,0.0,2.0,0.0
1041273,0.0,0.0,0.0,0.0,0.0,0.0,0.0
1041310,0.0,0.0,0.0,0.0,0.0,1.0,0.0
1041379,0.0,0.0,0.0,0.0,1.0,1.0,0.0
1041380,0.0,0.0,0.0,0.0,1.0,2.0,0.0
1041879,0.0,0.0,0.0,0.0,0.0,2.0,0.0
1041880,0.0,0.0,0.0,0.0,0.0,0.0,0.0
1042022,0.0,0.0,0.0,0.0,0.0,1.0,0.0
1042522,0.0,0.0,0.0,0.0,0.0,0.0,0.0
1042686,0.0,0.0,0.0,0.0,0.0,1.0,0.0
1043186,0.0,0.0,0.0,0.0,0.0,0.0,0.0
1044885,0.0,0.0,0.0,0.0,0.0,1.0,0.0
1045385,0.0,0.0,0.0,0.0,0.0,0.0,0.0
1045410,0.0,0.0,0.0,0.0,0.0,1.0,0.0
1045910,0.0,0.0,0.0,0.0,0.0,0.0,0.0
1046012,0.0,0.0,0.0,0.0,0.0,1.0,0.0
1046257,0.0,0.0,0.0,0.0,0.0,2.0,0.0
1046757,0.0,0.0,0.0,0.0,0.0,0.0,0.0
1047207,0.0,2.0,0.0,0.0,0.0,1.0,0.0
1047653,0.0,2.0,0.0,0.0,0.0,2.0,0.0
1047707,0.0,0.0,0.0,0.0,0.0,2.0,0.0
1048153,0.0,0.0,0.0,0.0,0.0,0.0,0.0
1049508,0.0,0.0,0.0,0.0,0.0,1.0,0.0
1050008,0.0,0.0,0.0,0.0,0.0,0.0,0.0
1050086,0.0,0.0,0.0,0.0,0.0,1.0,0.0
1050586,0.0,0.0,0.0,0.0,0.0,0.0,0.0
1050774,0.0,0.0,0.0,0.0,0.0,1.0,0.0
1051274,0.0,0.0,0.0,0.0,0.0,0.0,0.0
1051308,0.0,0.0,0.0,0.0,0.0,1.0,0.0
1051612,0.0,0.0,0.0,0.0,0.0,2.0,0.0
1052112,0.0,0.0,0.0,0.0,0.0,0.0,0.0
1052248,0.0,0.0,0.0,0.0,0.0,1.0,0.0
1052748,0.0,0.0,0.0,0.0,0.0,0.0,0.0
1053512,0.0,0.0,0.0,0.0,0.0,1.0,0.0
1054012,0.0,0.0,0.0,0.0,0.0,0.0,0.0
1054118,0.0,0.0,0.0,0.0,0.0,1.0,0.0
1054618,0.0,0.0,0.0,0.0,0.0,0.0,0.0
1054839,0.0,0.0,0.0,0.0,0.0,1.0,0.0
1054848,0.0,0.0,0.0,0.0,0.0,2.0,0.0
1055348,0.0,0.0,0.0,0.0,0.0,0.0,0.0
1056647,0.0,0.0,0.0,0.0,0.0,1.0,0.0
1057147,0.0,0.0,0.0,0.0,0.0,0.0,0.0
1058028,0.0,0.0,0.0,0.0,0.0,1.0,0.0
1058528,0.0,0.0,0.0,0.0,0.0,0.0,0.0
1058690,0.0,0.0,0.0,0.0,0.0,1.0,0.0
1058694,0.0,0.0,0.0,0.0,0.0,2.0,0.0
1059194,0.0,0.0,0.0,0.0,0.0,0.0,0.0
1059215,0.0,0.0,0.0,0.0,0.0,1.0,0.0
1059438,0.0,2.0,0.0,0.0,0.0,1.0,0.0
1059715,0.0,2.0,0.0,0.0,0.0,0.0,0.0
1059938,0.0,0.0,0.0,0.0,0.0,0.0,0.0
1061536,0.0,0.0,0.0,0.0,0.0,1.0,0.0
1062536,0.0,0.0,0.0,0.0,0.0,0.0,0.0
1062605,0.0,0.0,0.0,0.0,0.0,1.0,0.0
1063019,0.0,0.0,0.0,0.0,0.0,2.0,0.0
1063519,0.0,0.0,0.0,0.0,0.0,0.0,0.0
1064914,0.0,0.0,0.0,0.0,0.0,1.0,0.0
1064921,0.0,0.0,0.0,0.0,0.0,2.0,0.0
1065421,0.0,0.0,0.0,0.0,0.0,0.0,0.0
1065872,0.0,0.0,0.0,0.0,0.0,1.0,0.0
1066372,0.0,0.0,0.0,0.0,0.0,0.0,0.0
1067046,0.0,0.0,0.0,0.0,0.0,1.0,0.0
1067546,0.0,0.0,0.0,0.0,0.0,0.0,0.0
1069593,0.0,0.0,0.0,0.0,0.0,1.0,0.0
1069599,0.0,0.0,0.0,0.0,0.0,2.0,0.0
1070099,0.0,0.0,0.0,0.0,0.0,0.0,0.0
1071317,0.0,0.0,0.0,0.0,0.0,1.0,0.0
1071817,0.0,0.0,0.0,0.0,0.0,0.0,0.0
1072067,0.0,0.0,0.0,0.0,0.0,1.0,0.0
1072134,0.0,0.0,0.0,0.0,0.0,2.0,0.0
1072634,0.0,0.0,0.0,0.0,0.0,0.0,0.0
1072809,0.0,0.0,0.0,0.0,0.0,1.0,0.0
1072855,0.0,0.0,0.0,0.0,0.0,2.0,0.0
1073355,0.0,0.0,0.0,0.0,0.0,0.0,0.0
1073630,0.0,0.0,0.0,0.0,0.0,1.0,0.0
1074130,0.0,0.0,0.0,0.0,0.0,0.0,0.0
1074184,0.0,0.0,0.0,0.0,0.0,1.0,0.0
1075184,0.0,0.0,0.0,0.0,0.0,0.0,0.0
1075331,0.0,0.0,0.0,0.0,0.0,1.0,0.0
1075525,0.0,0.0,0.0,0.0,0.0,2.0,0.0
1076025,0.0,0.0,0.0,0.0,0.0,0.0,0.0
1076242,0.0,0.0,0.0,0.0,0.0,1.0,0.0
1076742,0.0,0.0,0.0,0.0,0.0,0.0,0.0
1077166,0.0,0.0,0.0,0.0,0.0,1.0,0.0
1077666,0.0,0.0,0.0,0.0,0.0,0.0,0.0
1077777,0.0,0.0,0.0,0.0,0.0,1.0,0.0
1078277,0.0,0.0,0.0,0.0,0.0,0.0,0.0
1078948,0.0,0.0,0.0,0.0,0.0,1.0,0.0
1079448,0.0,0.0,0.0,0.0,0.0,0.0,0.0
1080147,0.0,0.0,0.0,0.0,0.0,1.0,0.0
1080647,0.0,0.0,0.0,0.0,0.0,0.0,0.0
1080682,0.0,0.0,0.0,0.0,0.0,1.0,0.0
1080737,0.0,0.0,0.0,0.0,0.0,2.0,0.0
1081237,0.0,0.0,0.0,0.0,0.0,0.0,0.0
1082903,0.0,0.0,0.0,0.0,0.0,1.0,0.0
1083403,0.0,0.0,0.0,0.0,0.0,0.0,0.0
1083678,0.0,0.0,0.0,0.0,0.0,1.0,0.0
1083720,0.0,0.0,0.0,0.0,0.0,2.0,0.0
1084220,0.0,0.0,0.0,0.0,0.0,0.0,0.0
1084603,0.0,0.0,0.0,0.0,0.0,1.0,0.0
1085103,0.0,0.0,0.0,0.0,0.0,0.0,0.0
1086268,0.0,0.0,0.0,0.0,0.0,1.0,0.0
1086768,0.0,0.0,0.0,0.0,0.0,0.0,0.0
1086787,0.0,2.0,0.0,0.0,0.0,0.0,0.0
1087287,0.0,0.0,0.0,0.0,0.0,0.0,0.0
1087563,0.0,0.0,0.0,0.0,0.0,1.0,0.0
1087581,0.0,0.0,0.0,0.0,0.0,2.0,0.0
1088081,0.0,0.0,0.0,0.0,0.0,0.0,0.0
1088535,0.0,0.0,0.0,0.0,0.0,1.0,0.0
1089035,0.0,0.0,0.0,0.0,0.0,0.0,0.0
1090277,0.0,0.0,0.0,0.0,0.0,1.0,0.0
1090280,0.0,0.0,0.0,0.0,0.0,2.0,0.0
1090281,0.0,0.0,0.0,0.0,1.0,2.0,0.0
1090300,0.0,0.0,0.0,0.0,2.0,2.0,0.0
1090780,0.0,0.0,0.0,0.0,2.0,0.0,0.0
1090800,0.0,0.0,0.0,0.0,0.0,0.0,0.0
1091446,0.0,0.0,0.0,0.0,0.0,1.0,0.0
1091946,0.0,0.0,0.0,0.0,0.0,0.0,0.0
1092041,0.0,0.0,0.0,0.0,0.0,1.0,0.0
1092058,0.0,0.0,0.0,0.0,0.0,2.0,0.0
1092558,0.0,0.0,0.0,0.0,0.0,0.0,0.0
1093009,0.0,0.0,0.0,0.0,0.0,1.0,0.0
1093307,0.0,2.0,0.0,0.0,0.0,1.0,0.0
1093509,0.0,2.0,0.0,0.0,0.0,0.0,0.0
1093805,0.0,2.0,0.0,0.0,0.0,1.0,0.0
1093807,0.0,0.0,0.0,0.0,0.0,1.0,0.0
1093814,0.0,0.0,0.0,0.0,0.0,2.0,0.0
1094314,0.0,0.0,0.0,0.0,0.0,0.0,0.0
1094430,0.0,0.0,0.0,0.0,0.0,1.0,0.0
1094930,0.0,0.0,0.0,0.0,0.0,0.0,0.0
1094953,0.0,0.0,0.0,0.0,0.0,1.0,0.0
1095140,0.0,0.0,0.0,0.0,0.0,2.0,0.0
1095640,0.0,0.0,0.0,0.0,0.0,0.0,0.0
1096125,0.0,0.0,0.0,0.0,0.0,1.0,0.0
1096131,0.0,0.0,0.0,0.0,0.0,2.0,0.0
1096540,0.0,0.0,0.0,0.0,1.0,2.0,0.0
1096631,0.0,0.0,0.0,0.0,1.0,0.0,0.0
1096636,0.0,0.0,0.0,0.0,1.0,1.0,0.0
1096650,0.0,0.0,0.0,0.0,1.0,2.0,0.0
1097040,0.0,0.0,0.0,0.0,0.0,2.0,0.0
1097150,0.0,0.0,0.0,0.0,0.0,0.0,0.0
1097596,0.0,0.0,0.0,0.0,0.0,1.0,0.0
1098096,0.0,0.0,0.0,0.0,0.0,0.0,0.0
1099268,0.0,0.0,0.0,0.0,0.0,1.0,0.0
1099620,0.0,0.0,0.0,0.0,0.0,2.0,0.0
1100120,0.0,0.0,0.0,0.0,0.0,0.0,0.0
1100213,0.0,0.0,0.0,0.0,0.0,1.0,0.0
1100713,0.0,0.0,0.0,0.0,0.0,0.0,0.0
1100749,0.0,0.0,0.0,0.0,0.0,1.0,0.0
1100755,0.0,0.0,0.0,0.0,0.0,2.0,0.0
1101255,0.0,0.0,0.0,0.0,0.0,0.0,0.0
1101336,0.0,0.0,0.0,0.0,0.0,1.0,0.0
1101340,0.0,0.0,0.0,0.0,0.0,2.0,0.0
1101840,0.0,0.0,0.0,0.0,0.0,0.0,0.0
1102317,0.0,0.0,0.0,0.0,0.0,1.0,0.0
1102817,0.0,0.0,0.0,0.0,0.0,0.0,0.0
1104025,0.0,0.0,0.0,0.0,0.0,1.0,0.0
1104026,0.0,0.0,0.0,0.0,1.0,1.0,0.0
1104525,0.0,0.0,0.0,0.0,1.0,0.0,0.0
1104526,0.0,0.0,0.0,0.0,0.0,0.0,0.0
1105639,0.0,0.0,0.0,0.0,0.0,1.0,0.0
1106139,0.0,0.0,0.0,0.0,0.0,0.0,0.0
1106173,0.0,0.0,0.0,0.0,0.0,1.0,0.0
1106673,0.0,0.0,0.0,0.0,0.0,0.0,0.0
1106922,0.0,0.0,0.0,0.0,0.0,1.0,0.0
1107008,0.0,0.0,0.0,0.0,0.0,2.0,0.0
1107508,0.0,0.0,0.0,0.0,0.0,0.0,0.0
1109314,0.0,0.0,0.0,0.0,0.0,1.0,0.0
1109438,0.0,0.0,0.0,0.0,0.0,2.0,0.0
1109938,0.0,0.0,0.0,0.0,0.0,0.0,0.0
1110637,0.0,0.0,0.0,0.0,0.0,1.0,0.0
1111137,0.0,0.0,0.0,0.0,0.0,0.0,0.0
1112728,0.0,0.0,0.0,0.0,0.0,1.0,0.0
1113116,0.0,0.0,0.0,0.0,0.0,2.0,0.0
1113616,0.0,0.0,0.0,0.0,0.0,0.0,0.0
1114003,0.0,0.0,0.0,0.0,1.0,0.0,0.0
1114503,0.0,0.0,0.0,0.0,0.0,0.0,0.0
1119280,0.0,0.0,0.0,0.0,0.0,1.0,0.0
1119780,0.0,0.0,0.0,0.0,0.0,0.0,0.0
1121692,0.0,0.0,0.0,0.0,0.0,1.0,0.0
1121702,0.0,0.0,0.0,0.0,0.0,2.0,0.0
1122202,0.0,0.0,0.0,0.0,0.0,0.0,0.0
1125696,0.0,0.0,0.0,0.0,0.0,1.0,0.0
1126196,0.0,0.0,0.0,0.0,0.0,0.0,0.0
1126515,0.0,0.0,0.0,0.0,0.0,1.0,0.0
1126517,0.0,0.0,0.0,0.0,0.0,2.0,0.0
1127017,0.0,0.0,0.0,0.0,0.0,0.0,0.0
1127782,0.0,0.0,0.0,0.0,0.0,1.0,0.0
1128282,0.0,0.0,0.0,0.0,0.0,0.0,0.0
1129039,0.0,0.0,0.0,0.0,0.0,1.0,0.0
1129539,0.0,0.0,0.0,0.0,0.0,0.0,0.0
1130184,0.0,0.0,0.0,0.0,0.0,1.0,0.0
1130684,0.0,0.0,0.0,0.0,0.0,0.0,0.0
1132410,0.0,0.0,0.0,0.0,0.0,1.0,0.0
1132910,0.0,0.0,0.0,0.0,0.0,0.0,0.0
1137385,0.0,0.0,0.0,0.0,0.0,1.0,0.0
1137885,0.0,0.0,0.0,0.0,0.0,0.0,0.0
1139944,0.0,0.0,0.0,0.0,0.0,1.0,0.0
1140444,0.0,0.0,0.0,0.0,0.0,0.0,0.0
1141758,0.0,0.0,0.0,0.0,0.0,1.0,0.0
1142258,0.0,0.0,0.0,0.0,0.0,0.0,0.0
1142373,0.0,0.0,0.0,0.0,0.0,1.0,0.0
1142873,0.0,0.0,0.0,0.0,0.0,0.0,0.0
1144508,0.0,0.0,0.0,0.0,1.0,0.0,0.0
1144509,0.0,0.0,0.0,0.0,2.0,0.0,0.0
1144512,0.0,0.0,0.0,0.0,2.0,1.0,0.0
1144517,0.0,0.0,0.0,0.0,2.0,2.0,0.0
1145009,0.0,0.0,0.0,0.0,0.0,2.0,0.0
1145017,0.0,0.0,0.0,0.0,0.0,0.0,0.0
1149066,0.0,0.0,0.0,0.0,0.0,1.0,0.0
1149566,0.0,0.0,0.0,0.0,0.0,0.0,0.0
1150350,0.0,0.0,0.0,0.0,0.0,1.0,0.0
1150850,0.0,0.0,0.0,0.0,0.0,0.0,0.0
1153366,0.0,0.0,0.0,0.0,0.0,1.0,0.0
1153866,0.0,0.0,0.0,0.0,0.0,0.0,0.0
1154474,0.0,0.0,0.0,0.0,0.0,1.0,0.0
1154974,0.0,0.0,0.0,0.0,0.0,0.0,0.0
1156086,0.0,0.0,0.0,0.0,0.0,1.0,0.0
1156586,0.0,0.0,0.0,0.0,0.0,0.0,0.0
1156933,0.0,0.0,0.0,0.0,0.0,1.0,0.0
1156937,0.0,0.0,0.0,0.0,0.0,2.0,0.0
1157437,0.0,0.0,0.0,0.0,0.0,0.0,0.0
1159326,0.0,0.0,0.0,0.0,0.0,1.0,0.0
1159826,0.0,0.0,0.0,0.0,0.0,0.0,0.0
1160882,0.0,0.0,0.0,0.0,0.0,1.0,0.0
1161382,0.0,0.0,0.0,0.0,0.0,0.0,0.0
1161990,0.0,0.0,0.0,0.0,0.0,1.0,0.0
1162490,0.0,0.0,0.0,0.0,0.0,0.0,0.0
1164374,0.0,0.0,0.0,0.0,0.0,1.0,0.0
1164874,0.0,0.0,0.0,0.0,0.0,0.0,0.0
1166108,0.0,0.0,0.0,0.0,0.0,1.0,0.0
1166608,0.0,0.0,0.0,0.0,0.0,0.0,0.0
1170003,0.0,0.0,0.0,0.0,0.0,1.0,0.0
1170503,0.0,0.0,0.0,0.0,0.0,0.0,0.0
1172624,0.0,0.0,0.0,0.0,0.0,1.0,0.0
1173124,0.0,0.0,0.0,0.0,0.0,0.0,0.0
1174598,0.0,0.0,0.0,0.0,0.0,1.0,0.0
1175098,0.0,0.0,0.0,0.0,0.0,0.0,0.0
1175206,0.0,0.0,0.0,0.0,0.0,1.0,0.0
1175706,0.0,0.0,0.0,0.0,0.0,0.0,0.0
1176751,0.0,0.0,0.0,0.0,0.0,1.0,0.0
1177251,0.0,0.0,0.0,0.0,0.0,0.0,0.0
1177366,0.0,0.0,0.0,0.0,0.0,1.0,0.0
1177866,0.0,0.0,0.0,0.0,0.0,0.0,0.0
1178641,0.0,0.0,0.0,0.0,0.0,1.0,0.0
1179141,0.0,0.0,0.0,0.0,0.0,0.0,0.0
1179308,0.0,0.0,0.0,0.0,1.0,0.0,0.0
1179309,0.0,0.0,0.0,0.0,1.0,1.0,0.0
1179808,0.0,0.0,0.0,0.0,0.0,1.0,0.0
1179809,0.0,0.0,0.0,0.0,0.0,0.0,0.0
1180131,0.0,0.0,0.0,0.0,0.0,1.0,0.0
1180631,0.0,0.0,0.0,0.0,0.0,0.0,0.0
1181868,0.0,0.0,0.0,0.0,0.0,1.0,0.0
1182368,0.0,0.0,0.0,0.0,0.0,0.0,0.0
1183359,0.0,0.0,0.0,0.0,0.0,1.0,0.0
1183859,0.0,0.0,0.0,0.0,0.0,0.0,0.0
1183922,0.0,0.0,0.0,0.0,0.0,1.0,0.0
1184136,0.0,0.0,0.0,0.0,1.0,1.0,0.0
1184422,0.0,0.0,0.0,0.0,1.0,0.0,0.0
1184636,0.0,0.0,0.0,0.0,0.0,0.0,0.0
1186748,0.0,0.0,0.0,0.0,0.0,1.0,0.0
1187214,0.0,0.0,0.0,0.0,0.0,2.0,0.0
1187224,0.0,0.0,0.0,0.0,1.0,2.0,0.0
1187714,0.0,0.0,0.0,0.0,1.0,0.0,0.0
1187724,0.0,0.0,0.0,0.0,0.0,0.0,0.0
1187873,0.0,0.0,0.0,0.0,1.0,0.0,0.0
1188373,0.0,0.0,0.0,0.0,0.0,0.0,0.0
1189536,0.0,0.0,0.0,0.0,0.0,1.0,0.0
1189545,0.0,0.0,0.0,0.0,0.0,2.0,0.0
1190045,0.0,0.0,0.0,0.0,0.0,0.0,0.0
1190046,0.0,0.0,0.0,0.0,0.0,1.0,0.0
1190546,0.0,0.0,0.0,0.0,0.0,0.0,0.0
1190746,0.0,0.0,0.0,0.0,0.0,1.0,0.0
1191246,0.0,0.0,0.0,0.0,0.0,0.0,0.0
1193726,0.0,0.0,0.0,0.0,0.0,1.0,0.0
1194226,0.0,0.0,0.0,0.0,0.0,0.0,0.0
1194882,0.0,0.0,0.0,0.0,0.0,1.0,0.0
1195382,0.0,0.0,0.0,0.0,0.0,0.0,0.0
1197525,0.0,0.0,0.0,0.0,0.0,1.0,0.0
1197527,0.0,0.0,0.0,0.0,0.0,2.0,0.0
1198027,0.0,0.0,0.0,0.0,0.0,0.0,0.0
1201280,0.0,0.0,0.0,0.0,0.0,1.0,0.0
1201780,0.0,0.0,0.0,0.0,0.0,0.0,0.0
1202867,0.0,0.0,0.0,0.0,0.0,1.0,0.0
1203367,0.0,0.0,0.0,0.0,0.0,0.0,0.0
1203740,0.0,0.0,0.0,0.0,0.0,1.0,0.0
1204240,0.0,0.0,0.0,0.0,0.0,0.0,0.0
1204974,0.0,0.0,0.0,0.0,0.0,1.0,0.0
1205474,0.0,0.0,0.0,0.0,0.0,0.0,0.0
1208097,0.0,0.0,0.0,0.0,0.0,1.0,0.0
1208597,0.0,0.0,0.0,0.0,0.0,0.0,0.0
1210030,0.0,0.0,0.0,0.0,0.0,1.0,0.0
1210530,0.0,0.0,0.0,0.0,0.0,0.0,0.0
1211000,0.0,0.0,0.0,0.0,0.0,0.0,1.0
1211269,0.0,0.0,0.0,0.0,0.0,1.0,1.0
1211276,0.0,0.0,0.0,0.0,0.0,2.0,1.0
1211487,2.0,0.0,0.0,0.0,0.0,2.0,1.0
1211500,2.0,0.0,0.0,0.0,0.0,2.0,0.0
1211625,2.0,2.0,0.0,0.0,0.0,2.0,0.0
1211776,2.0,2.0,0.0,0.0,0.0,0.0,0.0
1211826,2.0,2.0,0.0,0.0,1.0,0.0,0.0
1211893,2.0,2.0,0.0,0.0,1.0,1.0,0.0
1211906,2.0,2.0,0.0,0.0,1.0,2.0,0.0
1211987,0.0,2.0,0.0,0.0,1.0,2.0,0.0
1212125,0.0,0.0,0.0,0.0,1.0,2.0,0.0
1212191,2.0,0.0,0.0,0.0,1.0,2.0,0.0
1212227,2.0,0.0,0.0,0.0,2.0,2.0,0.0
1212406,2.0,0.0,0.0,0.0,2.0,0.0,0.0
1212691,0.0,0.0,0.0,0.0,2.0,0.0,0.0
1212727,0.0,0.0,0.0,0.0,0.0,0.0,0.0
1213136,0.0,0.0,1.0,0.0,0.0,0.0,0.0
1213137,0.0,0.0,1.0,0.0,0.0,1.0,0.0
1213416,0.0,0.0,1.0,0.0,0.0,2.0,0.0
1213916,0.0,0.0,1.0,0.0,0.0,0.0,0.0
1214063,0.0,0.0,1.0,0.0,0.0,1.0,0.0
1214137,0.0,0.0,1.0,0.0,0.0,2.0,0.0
1214559,0.0,0.0,2.0,0.0,0.0,2.0,0.0
1214637,0.0,0.0,2.0,0.0,0.0,0.0,0.0
1214956,0.0,0.0,2.0,0.0,0.0,1.0,0.0
1215059,0.0,0.0,0.0,0.0,0.0,1.0,0.0
1215456,0.0,0.0,0.0,0.0,0.0,0.0,0.0
1216637,0.0,0.0,1.0,0.0,0.0,0.0,0.0
1216768,0.0,0.0,1.0,0.0,0.0,1.0,0.0
1216772,0.0,0.0,1.0,0.0,0.0,2.0,0.0
1217272,0.0,0.0,1.0,0.0,0.0,0.0,0.0
1217588,0.0,0.0,1.0,0.0,0.0,1.0,0.0
1217615,0.0,0.0,1.0,0.0,0.0,2.0,0.0
1217778,0.0,2.0,1.0,0.0,0.0,2.0,0.0
1218115,0.0,2.0,1.0,0.0,0.0,0.0,0.0
1218278,0.0,0.0,1.0,0.0,0.0,0.0,0.0
1218447,0.0,0.0,1.0,0.0,0.0,1.0,0.0
1218947,0.0,0.0,1.0,0.0,0.0,0.0,0.0
1219287,0.0,0.0,1.0,0.0,0.0,1.0,0.0
1219787,0.0,0.0,1.0,0.0,0.0,0.0,0.0
1219905,0.0,0.0,1.0,0.0,0.0,1.0,0.0
1220405,0.0,0.0,1.0,0.0,0.0,0.0,0.0
1220423,0.0,0.0,1.0,0.0,0.0,1.0,0.0
1220923,0.0,0.0,1.0,0.0,0.0,0.0,0.0
1221051,0.0,0.0,1.0,0.0,0.0,1.0,0.0
1221418,0.0,0.0,1.0,0.0,0.0,2.0,0.0
1221640,0.0,0.0,1.0,0.0,1.0,2.0,0.0
1221918,0.0,0.0,1.0,0.0,1.0,0.0,0.0
1221924,0.0,0.0,1.0,0.0,1.0,1.0,0.0
1222140,0.0,0.0,1.0,0.0,0.0,1.0,0.0
1222424,0.0,0.0,1.0,0.0,0.0,0.0,0.0
1223655,0.0,0.0,1.0,0.0,1.0,0.0,0.0
1224155,0.0,0.0,1.0,0.0,0.0,0.0,0.0
1224468,0.0,0.0,1.0,0.0,0.0,1.0,0.0
1224968,0.0,0.0,1.0,0.0,0.0,0.0,0.0
1224973,0.0,0.0,1.0,0.0,0.0,1.0,0.0
1225473,0.0,0.0,1.0,0.0,0.0,0.0,0.0
1225916,0.0,2.0,1.0,0.0,0.0,1.0,0.0
1225920,0.0,2.0,1.0,0.0,0.0,2.0,0.0
1226416,0.0,0.0,1.0,0.0,0.0,2.0,0.0
1226420,0.0,0.0,1.0,0.0,0.0,0.0,0.0
1227728,0.0,0.0,1.0,0.0,0.0,1.0,0.0
1228207,0.0,0.0,1.0,0.0,0.0,2.0,0.0
1228707,0.0,0.0,1.0,0.0,0.0,0.0,0.0
1228810,0.0,0.0,1.0,0.0,0.0,1.0,0.0
1229310,0.0,0.0,1.0,0.0,0.0,0.0,0.0
1229711,0.0,0.0,1.0,0.0,0.0,1.0,0.0
1230129,0.0,2.0,1.0,0.0,0.0,1.0,0.0
1230211,0.0,2.0,1.0,0.0,0.0,0.0,0.0
1230463,0.0,2.0,1.0,0.0,0.0,1.0,0.0
1230629,0.0,0.0,1.0,0.0,0.0,1.0,0.0
1230963,0.0,0.0,1.0,0.0,0.0,0.0,0.0
1231210,0.0,0.0,1.0,0.0,0.0,1.0,0.0
1231710,0.0,0.0,1.0,0.0,0.0,0.0,0.0
1232246,0.0,0.0,1.0,0.0,0.0,1.0,0.0
1232746,0.0,0.0,1.0,0.0,0.0,0.0,0.0
1232966,0.0,0.0,1.0,0.0,0.0,1.0,0.0
1232975,0.0,0.0,1.0,0.0,0.0,2.0,0.0
1233475,0.0,0.0,1.0,0.0,0.0,0.0,0.0
1234947,0.0,0.0,1.0,0.0,0.0,1.0,0.0
1235447,0.0,0.0,1.0,0.0,0.0,0.0,0.0
1235492,0.0,0.0,1.0,0.0,0.0,1.0,0.0
1235618,0.0,0.0,1.0,0.0,0.0,2.0,0.0
1236118,0.0,0.0,1.0,0.0,0.0,0.0,0.0
1236284,0.0,2.0,1.0,0.0,0.0,0.0,0.0
1236632,0.0,2.0,1.0,0.0,0.0,1.0,0.0
1236784,0.0,0.0,1.0,0.0,0.0,1.0,0.0
1237132,0.0,0.0,1.0,0.0,0.0,0.0,0.0
1237169,0.0,0.0,1.0,0.0,0.0,1.0,0.0
1237172,0.0,0.0,1.0,0.0,0.0,2.0,0.0
1237672,0.0,0.0,1.0,0.0,0.0,0.0,0.0
1237699,0.0,0.0,1.0,0.0,0.0,1.0,0.0
1237964,0.0,0.0,1.0,0.0,0.0,2.0,0.0
1238464,0.0,0.0,1.0,0.0,0.0,0.0,0.0
1238534,0.0,0.0,1.0,0.0,0.0,1.0,0.0
1238543,0.0,0.0,1.0,0.0,0.0,2.0,0.0
1239043,0.0,0.0,1.0,0.0,0.0,0.0,0.0
1240016,0.0,0.0,1.0,0.0,0.0,1.0,0.0
1240516,0.0,0.0,1.0,0.0,0.0,0.0,0.0
1240526,0.0,0.0,1.0,0.0,0.0,1.0,0.0
1241026,0.0,0.0,1.0,0.0,0.0,0.0,0.0
1241106,0.0,0.0,1.0,0.0,0.0,1.0,0.0
1241146,0.0,0.0,1.0,0.0,0.0,2.0,0.0
1241646,0.0,0.0,1.0,0.0,0.0,0.0,0.0
1242474,0.0,0.0,1.0,0.0,0.0,1.0,0.0
1242974,0.0,0.0,1.0,0.0,0.0,0.0,0.0
1243053,0.0,0.0,1.0,0.0,0.0,1.0,0.0
1243059,0.0,0.0,1.0,0.0,0.0,2.0,0.0
1243068,0.0,0.0,1.0,0.0,1.0,2.0,0.0
1243071,0.0,0.0,1.0,0.0,2.0,2.0,0.0
1243559,0.0,0.0,1.0,0.0,2.0,0.0,0.0
1243571,0.0,0.0,1.0,0.0,0.0,0.0,0.0
1243709,0.0,0.0,1.0,0.0,0.0,1.0,0.0
1244209,0.0,0.0,1.0,0.0,0.0,0.0,0.0
1244764,0.0,0.0,1.0,0.0,0.0,1.0,0.0
1245264,0.0,0.0,1.0,0.0,0.0,0.0,0.0
1245445,0.0,0.0,1.0,0.0,0.0,1.0,0.0
1245834,0.0,0.0,1.0,0.0,0.0,2.0,0.0
1246334,0.0,0.0,1.0,0.0,0.0,0.0,0.0
1246428,0.0,0.0,1.0,0.0,0.0,1.0,0.0
1246928,0.0,0.0,1.0,0.0,0.0,0.0,0.0
1247070,0.0,0.0,1.0,0.0,0.0,1.0,0.0
1247570,0.0,0.0,1.0,0.0,0.0,0.0,0.0
1247908,0.0,0.0,1.0,0.0,0.0,1.0,0.0
1248408,0.0,0.0,1.0,0.0,0.0,0.0,0.0
1249452,0.0,0.0,1.0,0.0,0.0,1.0,0.0
1249952,0.0,0.0,1.0,0.0,0.0,0.0,0.0
1250094,0.0,0.0,1.0,0.0,0.0,1.0,0.0
1250240,0.0,0.0,1.0,0.0,0.0,2.0,0.0
1250740,0.0,0.0,1.0,0.0,0.0,0.0,0.0
1251021,0.0,0.0,1.0,0.0,0.0,1.0,0.0
1251521,0.0,0.0,1.0,0.0,0.0,0.0,0.0
1252721,0.0,2.0,1.0,0.0,0.0,0.0,0.0
1252758,0.0,2.0,1.0,0.0,0.0,1.0,0.0
1252762,0.0,2.0,1.0,0.0,0.0,2.0,0.0
1253221,0.0,0.0,1.0,0.0,0.0,2.0,0.0
1253262,0.0,0.0,1.0,0.0,0.0,0.0,0.0
1253292,0.0,0.0,1.0,0.0,0.0,1.0,0.0
1253792,0.0,0.0,1.0,0.0,0.0,0.0,0.0
1253925,0.0,0.0,1.0,0.0,0.0,1.0,0.0
1254401,0.0,0.0,1.0,0.0,0.0,2.0,0.0
1254475,0.0,0.0,1.0,0.0,1.0,2.0,0.0
1254901,0.0,0.0,1.0,0.0,1.0,0.0,0.0
1254975,0.0,0.0,1.0,0.0,0.0,0.0,0.0
1257670,0.0,0.0,1.0,0.0,0.0,1.0,0.0
1258083,0.0,0.0,1.0,0.0,0.0,2.0,0.0
1258179,0.0,0.0,1.0,0.0,1.0,2.0,0.0
1258583,0.0,0.0,1.0,0.0,1.0,0.0,0.0
1258679,0.0,0.0,1.0,0.0,0.0,0.0,0.0
1258978,0.0,0.0,1.0,0.0,0.0,1.0,0.0
1259350,0.0,0.0,1.0,0.0,0.0,2.0,0.0
1259353,0.0,0.0,1.0,0.0,1.0,2.0,0.0
1259850,0.0,0.0,1.0,0.0,1.0,0.0,0.0
1259853,0.0,0.0,1.0,0.0,0.0,0.0,0.0
1260765,0.0,0.0,1.0,0.0,0.0,1.0,0.0
1261265,0.0,0.0,1.0,0.0,0.0,0.0,0.0
1262385,0.0,2.0,1.0,0.0,0.0,0.0,0.0
1262594,0.0,2.0,1.0,0.0,0.0,1.0,0.0
1262742,0.0,2.0,1.0,0.0,0.0,2.0,0.0
1262885,0.0,0.0,1.0,0.0,0.0,2.0,0.0
1263242,0.0,0.0,1.0,0.0,0.0,0.0,0.0
1264638,0.0,0.0,1.0,0.0,0.0,1.0,0.0
1264645,0.0,0.0,1.0,0.0,0.0,2.0,0.0
1265145,0.0,0.0,1.0,0.0,0.0,0.0,0.0
1266218,0.0,0.0,1.0,0.0,0.0,1.0,0.0
1266221,0.0,0.0,1.0,0.0,0.0,2.0,0.0
1266721,0.0,0.0,1.0,0.0,0.0,0.0,0.0
1267019,0.0,0.0,1.0,0.0,0.0,1.0,0.0
1267022,0.0,0.0,1.0,0.0,0.0,2.0,0.0
1267522,0.0,0.0,1.0,0.0,0.0,0.0,0.0
1268098,0.0,0.0,1.0,0.0,0.0,1.0,0.0
1268598,0.0,0.0,1.0,0.0,0.0,0.0,0.0
1269407,0.0,0.0,1.0,0.0,0.0,1.0,0.0
1269614,0.0,0.0,1.0,0.0,0.0,2.0,0.0
1270114,0.0,0.0,1.0,0.0,0.0,0.0,0.0
1270184,0.0,0.0,1.0,0.0,0.0,1.0,0.0
1270684,0.0,0.0,1.0,0.0,0.0,0.0,0.0
1271526,0.0,0.0,1.0,0.0,0.0,1.0,0.0
1271537,0.0,0.0,1.0,0.0,0.0,2.0,0.0
1271561,0.0,2.0,1.0,0.0,0.0,2.0,0.0
1272037,0.0,2.0,1.0,0.0,0.0,0.0,0.0
1272051,0.0,2.0,1.0,0.0,0.0,1.0,0.0
1272061,0.0,0.0,1.0,0.0,0.0,1.0,0.0
1272489,0.0,0.0,1.0,0.0,0.0,2.0,0.0
1272989,0.0,0.0,1.0,0.0,0.0,0.0,0.0
1273931,0.0,0.0,1.0,0.0,0.0,1.0,0.0
1274431,0.0,0.0,1.0,0.0,0.0,0.0,0.0
1274944,0.0,0.0,1.0,0.0,0.0,1.0,0.0
1275444,0.0,0.0,1.0,0.0,0.0,0.0,0.0
1275842,0.0,0.0,1.0,0.0,0.0,1.0,0.0
1276342,0.0,0.0,1.0,0.0,0.0,0.0,0.0
1276493,0.0,0.0,1.0,0.0,0.0,1.0,0.0
1276993,0.0,0.0,1.0,0.0,0.0,0.0,0.0
1277194,0.0,0.0,1.0,0.0,0.0,1.0,0.0
1277694,0.0,0.0,1.0,0.0,0.0,0.0,0.0
1277796,0.0,0.0,1.0,0.0,0.0,1.0,0.0
1277799,0.0,0.0,1.0,0.0,0.0,2.0,0.0
1278299,0.0,0.0,1.0,0.0,0.0,0.0,0.0
1279712,0.0,0.0,1.0,0.0,0.0,1.0,0.0
1279715,0.0,0.0,1.0,0.0,0.0,2.0,0.0
1280215,0.0,0.0,1.0,0.0,0.0,0.0,0.0
1280598,0.0,0.0,1.0,0.0,0.0,1.0,0.0
1281098,0.0,0.0,1.0,0.0,0.0,0.0,0.0
1281584,0.0,0.0,1.0,0.0,0.0,1.0,0.0
1281590,0.0,0.0,1.0,0.0,0.0,2.0,0.0
1282090,0.0,0.0,1.0,0.0,0.0,0.0,0.0
1282112,0.0,0.0,1.0,0.0,0.0,1.0,0.0
1282140,0.0,0.0,1.0,0.0,0.0,2.0,0.0
1282640,0.0,0.0,1.0,0.0,0.0,0.0,0.0
1282916,0.0,0.0,1.0,0.0,0.0,1.0,0.0
1283416,0.0,0.0,1.0,0.0,0.0,0.0,0.0
1284286,0.0,0.0,1.0,0.0,0.0,1.0,0.0
1284293,0.0,0.0,1.0,0.0,0.0,2.0,0.0
1284793,0.0,0.0,1.0,0.0,0.0,0.0,0.0
1284840,0.0,0.0,1.0,0.0,0.0,1.0,0.0
1285340,0.0,0.0,1.0,0.0,0.0,0.0,0.0
1285994,0.0,0.0,1.0,0.0,0.0,1.0,0.0
1286494,0.0,0.0,1.0,0.0,0.0,0.0,0.0
1286927,0.0,0.0,1.0,0.0,0.0,1.0,0.0
1286930,0.0,0.0,1.0,0.0,0.0,2.0,0.0
1287430,0.0,0.0,1.0,0.0,0.0,0.0,0.0
1287500,0.0,0.0,1.0,0.0,0.0,1.0,0.0
1287524,0.0,0.0,1.0,0.0,0.0,2.0,0.0
1288024,0.0,0.0,1.0,0.0,0.0,0.0,0.0
1288286,0.0,0.0,1.0,0.0,0.0,1.0,0.0
1288300,0.0,0.0,1.0,0.0,0.0,2.0,0.0
1288800,0.0,0.0,1.0,0.0,0.0,0.0,0.0
1289368,0.0,0.0,1.0,0.0,0.0,1.0,0.0
1289381,0.0,0.0,1.0,0.0,0.0,2.0,0.0
1289881,0.0,0.0,1.0,0.0,0.0,0.0,0.0
1290020,0.0,0.0,1.0,0.0,0.0,1.0,0.0
1290039,0.0,0.0,1.0,0.0,0.0,2.0,0.0
1290539,0.0,0.0,1.0,0.0,0.0,0.0,0.0
1291626,0.0,0.0,1.0,0.0,0.0,1.0,0.0
1291629,0.0,0.0,1.0,0.0,0.0,2.0,0.0
1292129,0.0,0.0,1.0,0.0,0.0,0.0,0.0
1292520,0.0,0.0,1.0,0.0,0.0,1.0,0.0
1292671,0.0,0.0,1.0,0.0,0.0,2.0,0.0
1293171,0.0,0.0,1.0,0.0,0.0,0.0,0.0
1293444,0.0,0.0,1.0,0.0,0.0,1.0,0.0
1293944,0.0,0.0,1.0,0.0,0.0,0.0,0.0
1294263,0.0,0.0,1.0,0.0,0.0,1.0,0.0
1294266,0.0,0.0,1.0,0.0,0.0,2.0,0.0
1294766,0.0,0.0,1.0,0.0,0.0,0.0,0.0
1295046,0.0,0.0,1.0,0.0,0.0,1.0,0.0
1295546,0.0,0.0,1.0,0.0,0.0,0.0,0.0
1296558,0.0,0.0,1.0,0.0,0.0,1.0,0.0
1297029,0.0,0.0,1.0,0.0,0.0,2.0,0.0
1297137,0.0,0.0,0.0,0.0,0.0,2.0,0.0
1297367,0.0,0.0,1.0,0.0,0.0,2.0,0.0
1297529,0.0,0.0,1.0,0.0,0.0,0.0,0.0
1297595,0.0,0.0,1.0,0.0,0.0,1.0,0.0
1298095,0.0,0.0,1.0,0.0,0.0,0.0,0.0
1298210,0.0,0.0,1.0,0.0,0.0,1.0,0.0
1298710,0.0,0.0,1.0,0.0,0.0,0.0,0.0
1298959,0.0,0.0,1.0,0.0,0.0,1.0,0.0
1298965,0.0,0.0,1.0,0.0,0.0,2.0,0.0
1299465,0.0,0.0,1.0,0.0,0.0,0.0,0.0
1299618,0.0,0.0,1.0,0.0,0.0,1.0,0.0
1300118,0.0,0.0,1.0,0.0,0.0,0.0,0.0
1300152,0.0,0.0,1.0,0.0,0.0,1.0,0.0
1300652,0.0,0.0,1.0,0.0,0.0,0.0,0.0
1300712,0.0,0.0,1.0,0.0,0.0,1.0,0.0
1300738,0.0,0.0,1.0,0.0,0.0,2.0,0.0
1301238,0.0,0.0,1.0,0.0,0.0,0.0,0.0
1301883,0.0,0.0,1.0,0.0,0.0,1.0,0.0
1302232,0.0,2.0,1.0,0.0,0.0,1.0,0.0
1302383,0.0,2.0,1.0,0.0,0.0,0.0,0.0
1302732,0.0,0.0,1.0,0.0,0.0,0.0,0.0
1303493,0.0,0.0,1.0,0.0,0.0,1.0,0.0
1303993,0.0,0.0,1.0,0.0,0.0,0.0,0.0
1304458,0.0,0.0,1.0,0.0,0.0,1.0,0.0
1304462,0.0,0.0,1.0,0.0,0.0,2.0,0.0
1304962,0.0,0.0,1.0,0.0,0.0,0.0,0.0
1305070,0.0,0.0,1.0,0.0,0.0,1.0,0.0
1305570,0.0,0.0,1.0,0.0,0.0,0.0,0.0
1305689,0.0,0.0,1.0,0.0,0.0,1.0,0.0
1305695,0.0,0.0,1.0,0.0,0.0,2.0,0.0
1306195,0.0,0.0,1.0,0.0,0.0,0.0,0.0
1307367,0.0,0.0,0.0,0.0,0.0,0.0,0.0
1307474,0.0,0.0,0.0,0.0,0.0,1.0,0.0
1307974,0.0,0.0,0.0,0.0,0.0,0.0,0.0
1307985,0.0,0.0,0.0,0.0,0.0,1.0,0.0
1308485,0.0,0.0,0.0,0.0,0.0,0.0,0.0
1308660,0.0,0.0,0.0,0.0,0.0,1.0,0.0
1308663,0.0,0.0,0.0,0.0,1.0,2.0,0.0
1309163,0.0,0.0,0.0,0.0,0.0,0.0,0.0
1309336,0.0,0.0,0.0,0.0,0.0,1.0,0.0
1309373,0.0,0.0,0.0,0.0,0.0,2.0,0.0
1309440,0.0,2.0,0.0,0.0,1.0,2.0,0.0
1309873,0.0,2.0,0.0,0.0,1.0,0.0,0.0
1309940,0.0,0.0,0.0,0.0,0.0,0.0,0.0
1310319,0.0,0.0,0.0,0.0,0.0,1.0,0.0
1310819,0.0,0.0,0.0,0.0,0.0,0.0,0.0
1311111,0.0,0.0,0.0,0.0,0.0,1.0,0.0
1311611,0.0,0.0,0.0,0.0,0.0,0.0,0.0
1312339,0.0,0.0,0.0,0.0,0.0,1.0,0.0
1312839,0.0,0.0,0.0,0.0,0.0,0.0,0.0
1313935,0.0,0.0,0.0,0.0,0.0,1.0,0.0
1314435,0.0,0.0,0.0,0.0,0.0,0.0,0.0
1315800,0.0,0.0,0.0,0.0,0.0,1.0,0.0
1316300,0.0,0.0,0.0,0.0,0.0,0.0,0.0
1317078,0.0,0.0,0.0,0.0,0.0,1.0,0.0
1317087,0.0,0.0,0.0,0.0,1.0,2.0,0.0
1317587,0.0,0.0,0.0,0.0,0.0,0.0,0.0
1319460,0.0,0.0,0.0,0.0,0.0,1.0,0.0
1319960,0.0,0.0,0.0,0.0,0.0,0.0,0.0
1320685,0.0,0.0,0.0,0.0,0.0,1.0,0.0
1321185,0.0,0.0,0.0,0.0,0.0,0.0,0.0
1324167,0.0,0.0,0.0,0.0,0.0,1.0,0.0
1324667,0.0,0.0,0.0,0.0,0.0,0.0,0.0
1328513,0.0,0.0,0.0,0.0,0.0,1.0,0.0
1329013,0.0,0.0,0.0,0.0,0.0,0.0,0.0
1329380,0.0,0.0,0.0,0.0,0.0,1.0,0.0
1329880,0.0,0.0,0.0,0.0,0.0,0.0,0.0
1334245,0.0,0.0,0.0,0.0,0.0,1.0,0.0
1334745,0.0,0.0,0.0,0.0,0.0,0.0,0.0
1336025,0.0,0.0,0.0,0.0,0.0,1.0,0.0
1336525,0.0,0.0,0.0,0.0,0.0,0.0,0.0
1337386,0.0,0.0,0.0,0.0,0.0,1.0,0.0
1337886,0.0,0.0,0.0,0.0,0.0,0.0,0.0
1339261,0.0,0.0,0.0,0.0,0.0,1.0,0.0
1339761,0.0,0.0,0.0,0.0,0.0,0.0,0.0
1340271,0.0,0.0,0.0,0.0,0.0,1.0,0.0
1340771,0.0,0.0,0.0,0.0,0.0,0.0,0.0
1341005,0.0,0.0,0.0,0.0,0.0,1.0,0.0
1341505,0.0,0.0,0.0,0.0,0.0,0.0,0.0
1342025,0.0,0.0,0.0,0.0,0.0,1.0,0.0
1342525,0.0,0.0,0.0,0.0,0.0,0.0,0.0
1343100,0.0,0.0,0.0,0.0,0.0,1.0,0.0
1343600,0.0,0.0,0.0,0.0,0.0,0.0,0.0
1348889,0.0,0.0,0.0,0.0,0.0,1.0,0.0
1349389,0.0,0.0,0.0,0.0,0.0,0.0,0.0
1349460,0.0,0.0,0.0,0.0,0.0,1.0,0.0
1349960,0.0,0.0,0.0,0.0,0.0,0.0,0.0
1350820,0.0,0.0,0.0,0.0,0.0,1.0,0.0
1351320,0.0,0.0,0.0,0.0,0.0,0.0,0.0
1351621,0.0,0.0,0.0,0.0,0.0,1.0,0.0
1351623,0.0,0.0,0.0,0.0,0.0,2.0,0.0
1352123,0.0,0.0,0.0,0.0,0.0,0.0,0.0
1354748,0.0,0.0,0.0,0.0,0.0,1.0,0.0
1355248,0.0,0.0,0.0,0.0,0.0,0.0,0.0
1355375,0.0,0.0,0.0,0.0,0.0,1.0,0.0
1355875,0.0,0.0,0.0,0.0,0.0,0.0,0.0
1359881,0.0,0.0,0.0,0.0,0.0,1.0,0.0
1359894,0.0,0.0,0.0,0.0,0.0,2.0,0.0
1360394,0.0,0.0,0.0,0.0,0.0,0.0,0.0
1368302,0.0,0.0,0.0,0.0,0.0,1.0,0.0
1368802,0.0,0.0,0.0,0.0,0.0,0.0,0.0
1370022,0.0,0.0,0.0,0.0,0.0,1.0,0.0
1370522,0.0,0.0,0.0,0.0,0.0,0.0,0.0
1370525,0.0,0.0,0.0,0.0,0.0,1.0,0.0
1371023,0.0,0.0,0.0,0.0,0.0,2.0,0.0
1371523,0.0,0.0,0.0,0.0,0.0,0.0,0.0
1372664,0.0,0.0,0.0,0.0,0.0,1.0,0.0
1373164,0.0,0.0,0.0,0.0,0.0,0.0,0.0
1374702,0.0,0.0,0.0,0.0,0.0,1.0,0.0
1375202,0.0,0.0,0.0,0.0,0.0,0.0,0.0
1377666,0.0,0.0,0.0,0.0,0.0,1.0,0.0
1378166,0.0,0.0,0.0,0.0,0.0,0.0,0.0
1379490,0.0,0.0,0.0,0.0,0.0,1.0,0.0
1379492,0.0,0.0,0.0,0.0,1.0,1.0,0.0
1379990,0.0,0.0,0.0,0.0,1.0,0.0,0.0
1379992,0.0,0.0,0.0,0.0,0.0,0.0,0.0
1381184,0.0,0.0,0.0,0.0,0.0,1.0,0.0
1381684,0.0,0.0,0.0,0.0,0.0,0.0,0.0
1382310,0.0,0.0,0.0,0.0,0.0,1.0,0.0
1382311,0.0,0.0,0.0,0.0,0.0,2.0,0.0
1382811,0.0,0.0,0.0,0.0,0.0,0.0,0.0
1384419,0.0,0.0,0.0,0.0,0.0,1.0,0.0
1384919,0.0,0.0,0.0,0.0,0.0,0.0,0.0
1388875,0.0,0.0,0.0,0.0,0.0,1.0,0.0
1389375,0.0,0.0,0.0,0.0,0.0,0.0,0.0
1392280,0.0,0.0,0.0,0.0,0.0,1.0,0.0
1392780,0.0,0.0,0.0,0.0,0.0,0.0,0.0
1394301,0.0,0.0,0.0,0.0,0.0,1.0,0.0
1394801,0.0,0.0,0.0,0.0,0.0,0.0,0.0
1396723,0.0,0.0,0.0,0.0,0.0,1.0,0.0
1397223,0.0,0.0,0.0,0.0,0.0,0.0,0.0
1397562,0.0,0.0,0.0,0.0,0.0,1.0,0.0
1398062,0.0,0.0,0.0,0.0,0.0,0.0,0.0
1398549,0.0,0.0,0.0,0.0,0.0,1.0,0.0
1399049,0.0,0.0,0.0,0.0,0.0,0.0,0.0
1399902,0.0,0.0,0.0,0.0,0.0,1.0,0.0
1399907,0.0,0.0,0.0,0.0,0.0,2.0,0.0
1400407,0.0,0.0,0.0,0.0,0.0,0.0,0.0
1401074,0.0,0.0,0.0,0.0,0.0,1.0,0.0
1401083,0.0,0.0,0.0,0.0,0.0,2.0,0.0
1401583,0.0,0.0,0.0,0.0,0.0,0.0,0.0
1403727,0.0,0.0,0.0,0.0,0.0,1.0,0.0
1404227,0.0,0.0,0.0,0.0,0.0,0.0,0.0
1404839,0.0,0.0,0.0,0.0,0.0,1.0,0.0
1405339,0.0,0.0,0.0,0.0,0.0,0.0,0.0
1405371,0.0,0.0,0.0,0.0,0.0,1.0,0.0
1405871,0.0,0.0,0.0,0.0,0.0,0.0,0.0
1406174,0.0,0.0,0.0,0.0,0.0,1.0,0.0
1406674,0.0,0.0,0.0,0.0,0.0,0.0,0.0
1407299,0.0,0.0,0.0,0.0,0.0,1.0,0.0
1407799,0.0,0.0,0.0,0.0,0.0,0.0,0.0
1408793,0.0,0.0,0.0,0.0,0.0,1.0,0.0
1408800,0.0,0.0,0.0,0.0,0.0,2.0,0.0
1409300,0.0,0.0,0.0,0.0,0.0,0.0,0.0
1409806,0.0,0.0,0.0,0.0,0.0,1.0,0.0
1410306,0.0,0.0,0.0,0.0,0.0,0.0,0.0
1410850,0.0,0.0,0.0,0.0,0.0,1.0,0.0
1411350,0.0,0.0,0.0,0.0,0.0,0.0,0.0
1412007,0.0,0.0,0.0,0.0,0.0,1.0,0.0
1412507,0.0,0.0,0.0,0.0,0.0,0.0,0.0
1413000,0.0,0.0,0.0,0.0,0.0,0.0,1.0
1413500,0.0,0.0,0.0,0.0,0.0,0.0,0.0
1413525,0.0,0.0,0.0,0.0,0.0,1.0,0.0
1413631,2.0,0.0,0.0,0.0,0.0,1.0,0.0
1413652,2.0,2.0,0.0,0.0,0.0,1.0,0.0
1413685,2.0,2.0,0.0,0.0,0.0,2.0,0.0
1413762,2.0,2.0,0.0,0.0,1.0,2.0,0.0
1413852,2.0,2.0,0.0,0.0,2.0,2.0,0.0
1414131,0.0,2.0,0.0,0.0,2.0,2.0,0.0
1414152,0.0,0.0,0.0,0.0,2.0,2.0,0.0
1414185,0.0,0.0,0.0,0.0,2.0,0.0,0.0
1414352,0.0,0.0,0.0,0.0,0.0,0.0,0.0
1414827,0.0,0.0,0.0,0.0,0.0,1.0,0.0
1414847,2.0,0.0,0.0,0.0,0.0,1.0,0.0
1415270,2.0,0.0,0.0,0.0,0.0,2.0,0.0
1415344,2.0,0.0,1.0,0.0,0.0,2.0,0.0
1415347,0.0,0.0,1.0,0.0,0.0,2.0,0.0
1415770,0.0,0.0,1.0,0.0,0.0,0.0,0.0
1416014,0.0,0.0,1.0,0.0,0.0,1.0,0.0
1416374,0.0,2.0,1.0,0.0,0.0,1.0,0.0
1416514,0.0,2.0,1.0,0.0,0.0,0.0,0.0
1416874,0.0,0.0,1.0,0.0,0.0,0.0,0.0
1416957,0.0,0.0,2.0,0.0,0.0,0.0,0.0
1417457,0.0,0.0,0.0,0.0,0.0,0.0,0.0
1418063,0.0,0.0,0.0,0.0,0.0,1.0,0.0
1418563,0.0,0.0,0.0,0.0,0.0,0.0,0.0
1418795,0.0,0.0,0.0,0.0,0.0,1.0,0.0
1419295,0.0,0.0,0.0,0.0,0.0,0.0,0.0
1420733,0.0,0.0,0.0,0.0,0.0,1.0,0.0
1421017,0.0,0.0,0.0,0.0,0.0,2.0,0.0
1421517,0.0,0.0,0.0,0.0,0.0,0.0,0.0
1422978,0.0,0.0,0.0,0.0,0.0,1.0,0.0
1423478,0.0,0.0,0.0,0.0,0.0,0.0,0.0
1423674,0.0,0.0,0.0,0.0,0.0,1.0,0.0
1424174,0.0,0.0,0.0,0.0,0.0,0.0,0.0
1424511,0.0,0.0,0.0,0.0,0.0,1.0,0.0
1425011,0.0,0.0,0.0,0.0,0.0,0.0,0.0
1425740,0.0,0.0,0.0,0.0,0.0,1.0,0.0
1426240,0.0,0.0,0.0,0.0,0.0,0.0,0.0
1426518,0.0,0.0,0.0,0.0,0.0,1.0,0.0
1426665,0.0,0.0,0.0,0.0,0.0,2.0,0.0
1427165,0.0,0.0,0.0,0.0,0.0,0.0,0.0
1427372,0.0,0.0,0.0,0.0,0.0,1.0,0.0
1427872,0.0,0.0,0.0,0.0,0.0,0.0,0.0
1427883,0.0,0.0,0.0,0.0,0.0,1.0,0.0
1427890,0.0,0.0,0.0,0.0,0.0,2.0,0.0
1428390,0.0,0.0,0.0,0.0,0.0,0.0,0.0
1428781,0.0,2.0,0.0,0.0,0.0,0.0,0.0
1429112,0.0,2.0,0.0,0.0,0.0,1.0,0.0
1429219,0.0,2.0,0.0,0.0,0.0,2.0,0.0
1429281,0.0,0.0,0.0,0.0,0.0,2.0,0.0
1429719,0.0,0.0,0.0,0.0,0.0,0.0,0.0
1430431,0.0,0.0,0.0,0.0,0.0,1.0,0.0
1430447,0.0,0.0,0.0,0.0,0.0,2.0,0.0
1430947,0.0,0.0,0.0,0.0,0.0,0.0,0.0
1431648,0.0,0.0,0.0,0.0,0.0,1.0,0.0
1431653,0.0,0.0,0.0,0.0,0.0,2.0,0.0
1431705,0.0,0.0,0.0,0.0,1.0,2.0,0.0
1432153,0.0,0.0,0.0,0.0,1.0,0.0,0.0
1432205,0.0,0.0,0.0,0.0,0.0,0.0,0.0
1432244,0.0,0.0,0.0,0.0,0.0,1.0,0.0
1432744,0.0,0.0,0.0,0.0,0.0,0.0,0.0
1433011,0.0,2.0,0.0,0.0,0.0,0.0,0.0
1433511,0.0,0.0,0.0,0.0,0.0,0.0,0.0
1434146,0.0,0.0,0.0,0.0,0.0,1.0,0.0
1434646,0.0,0.0,0.0,0.0,0.0,0.0,0.0
1434656,0.0,0.0,0.0,0.0,0.0,1.0,0.0
1435156,0.0,0.0,0.0,0.0,0.0,0.0,0.0
1435279,0.0,0.0,0.0,0.0,0.0,1.0,0.0
1435779,0.0,0.0,0.0,0.0,0.0,0.0,0.0
1436274,0.0,0.0,0.0,0.0,0.0,1.0,0.0
1436774,0.0,0.0,0.0,0.0,0.0,0.0,0.0
1437138,0.0,2.0,0.0,0.0,0.0,0.0,0.0
1437139,0.0,2.0,0.0,0.0,0.0,1.0,0.0
1437638,0.0,0.0,0.0,0.0,0.0,1.0,0.0
1437639,0.0,0.0,0.0,0.0,0.0,0.0,0.0
1438037,0.0,0.0,0.0,0.0,0.0,1.0,0.0
1438537,0.0,0.0,0.0,0.0,0.0,0.0,0.0
1438859,0.0,0.0,0.0,0.0,0.0,1.0,0.0
1438868,0.0,0.0,0.0,0.0,0.0,2.0,0.0
1439368,0.0,0.0,0.0,0.0,0.0,0.0,0.0
1439369,0.0,0.0,0.0,0.0,0.0,1.0,0.0
1439869,0.0,0.0,0.0,0.0,0.0,0.0,0.0
1439992,0.0,0.0,0.0,0.0,0.0,1.0,0.0
1440141,0.0,0.0,0.0,0.0,0.0,2.0,0.0
1440641,0.0,0.0,0.0,0.0,0.0,0.0,0.0
1440860,0.0,0.0,0.0,0.0,0.0,1.0,0.0
1440863,0.0,0.0,0.0,0.0,0.0,2.0,0.0
1441363,0.0,0.0,0.0,0.0,0.0,0.0,0.0
1441424,0.0,0.0,0.0,0.0,0.0,1.0,0.0
1441824,0.0,0.0,0.0,0.0,0.0,2.0,0.0
1442324,0.0,0.0,0.0,0.0,0.0,0.0,0.0
1442530,0.0,0.0,0.0,0.0,0.0,1.0,0.0
1443030,0.0,0.0,0.0,0.0,0.0,0.0,0.0
1444348,0.0,0.0,0.0,0.0,0.0,1.0,0.0
1444848,0.0,0.0,0.0,0.0,0.0,0.0,0.0
1445011,0.0,0.0,0.0,0.0,0.0,1.0,0.0
1445014,0.0,0.0,0.0,0.0,0.0,2.0,0.0
1445514,0.0,0.0,0.0,0.0,0.0,0.0,0.0
1446220,0.0,0.0,0.0,0.0,0.0,1.0,0.0
1446720,0.0,0.0,0.0,0.0,0.0,0.0,0.0
1446790,0.0,0.0,0.0,0.0,0.0,1.0,0.0
1447132,0.0,0.0,0.0,0.0,0.0,2.0,0.0
1447632,0.0,0.0,0.0,0.0,0.0,0.0,0.0
1447894,0.0,0.0,0.0,0.0,0.0,1.0,0.0
1448211,0.0,0.0,0.0,0.0,0.0,2.0,0.0
1448711,0.0,0.0,0.0,0.0,0.0,0.0,0.0
1449475,0.0,0.0,0.0,0.0,0.0,1.0,0.0
1449483,0.0,0.0,0.0,0.0,0.0,2.0,0.0
1449983,0.0,0.0,0.0,0.0,0.0,0.0,0.0
1450279,0.0,0.0,0.0,0.0,0.0,1.0,0.0
1450779,0.0,0.0,0.0,0.0,0.0,0.0,0.0
1452525,0.0,0.0,0.0,0.0,0.0,1.0,0.0
1453025,0.0,0.0,0.0,0.0,0.0,0.0,0.0
1453090,0.0,0.0,0.0,0.0,0.0,1.0,0.0
1453590,0.0,0.0,0.0,0.0,0.0,0.0,0.0
1453876,0.0,0.0,0.0,0.0,0.0,1.0,0.0
1453970,0.0,0.0,0.0,0.0,0.0,2.0,0.0
1454470,0.0,0.0,0.0,0.0,0.0,0.0,0.0
1454509,0.0,0.0,0.0,0.0,0.0,1.0,0.0
1454803,0.0,0.0,0.0,0.0,1.0,2.0,0.0
1455303,0.0,0.0,0.0,0.0,0.0,0.0,0.0
1456315,0.0,0.0,0.0,0.0,0.0,1.0,0.0
1456815,0.0,0.0,0.0,0.0,0.0,0.0,0.0
1457108,0.0,0.0,0.0,0.0,0.0,1.0,0.0
1457608,0.0,0.0,0.0,0.0,0.0,0.0,0.0
1458078,0.0,0.0,0.0,0.0,0.0,1.0,0.0
1458422,0.0,0.0,0.0,0.0,0.0,2.0,0.0
1458922,0.0,0.0,0.0,0.0,0.0,0.0,0.0
1459108,0.0,0.0,0.0,0.0,0.0,1.0,0.0
1459608,0.0,0.0,0.0,0.0,0.0,0.0,0.0
1459856,0.0,0.0,0.0,0.0,0.0,1.0,0.0
1460335,0.0,0.0,0.0,0.0,0.0,2.0,0.0
1460835,0.0,0.0,0.0,0.0,0.0,0.0,0.0
1461469,0.0,0.0,0.0,0.0,0.0,1.0,0.0
1461969,0.0,0.0,0.0,0.0,0.0,0.0,0.0
1462518,0.0,0.0,0.0,0.0,0.0,1.0,0.0
1462521,0.0,0.0,0.0,0.0,0.0,2.0,0.0
1463021,0.0,0.0,0.0,0.0,0.0,0.0,0.0
1463368,0.0,0.0,0.0,0.0,0.0,1.0,0.0
1463375,0.0,0.0,0.0,0.0,0.0,2.0,0.0
1463875,0.0,0.0,0.0,0.0,0.0,0.0,0.0
1463944,0.0,0.0,0.0,0.0,0.0,1.0,0.0
1464444,0.0,0.0,0.0,0.0,0.0,0.0,0.0
1465266,0.0,0.0,0.0,0.0,0.0,1.0,0.0
1465766,0.0,0.0,0.0,0.0,0.0,0.0,0.0
1465894,0.0,0.0,0.0,0.0,0.0,1.0,0.0
1466394,0.0,0.0,0.0,0.0,0.0,0.0,0.0
1466413,0.0,0.0,0.0,0.0,0.0,1.0,0.0
1466465,0.0,0.0,0.0,0.0,0.0,2.0,0.0
1466965,0.0,0.0,0.0,0.0,0.0,0.0,0.0
1467038,0.0,0.0,0.0,0.0,0.0,1.0,0.0
1467228,0.0,0.0,0.0,0.0,0.0,2.0,0.0
1467728,0.0,0.0,0.0,0.0,0.0,0.0,0.0
1468650,0.0,0.0,0.0,0.0,0.0,1.0,0.0
1469000,0.0,0.0,0.0,0.0,0.0,2.0,0.0
1469500,0.0,0.0,0.0,0.0,0.0,0.0,0.0
1469707,0.0,0.0,0.0,0.0,0.0,1.0,0.0
1470009,0.0,0.0,0.0,0.0,0.0,2.0,0.0
1470509,0.0,0.0,0.0,0.0,0.0,0.0,0.0
1471390,0.0,0.0,0.0,0.0,0.0,1.0,0.0
1471890,0.0,0.0,0.0,0.0,0.0,0.0,0.0
1472451,0.0,0.0,0.0,0.0,0.0,1.0,0.0
1472469,0.0,0.0,0.0,0.0,0.0,2.0,0.0
1472969,0.0,0.0,0.0,0.0,0.0,0.0,0.0
1473700,0.0,0.0,0.0,0.0,0.0,1.0,0.0
1473703,0.0,0.0,0.0,0.0,0.0,2.0,0.0
1474203,0.0,0.0,0.0,0.0,0.0,0.0,0.0
1474481,0.0,0.0,0.0,0.0,0.0,1.0,0.0
1474981,0.0,0.0,0.0,0.0,0.0,0.0,0.0
1475223,0.0,0.0,0.0,0.0,0.0,1.0,0.0
1475665,0.0,0.0,0.0,0.0,0.0,2.0,0.0
1476165,0.0,0.0,0.0,0.0,0.0,0.0,0.0
1476750,0.0,0.0,0.0,0.0,0.0,1.0,0.0
1477250,0.0,0.0,0.0,0.0,0.0,0.0,0.0
1477493,0.0,2.0,0.0,0.0,0.0,0.0,0.0
1477851,0.0,2.0,0.0,0.0,0.0,1.0,0.0
1477932,0.0,2.0,0.0,0.0,0.0,2.0,0.0
1477993,0.0,0.0,0.0,0.0,0.0,2.0,0.0
1478432,0.0,0.0,0.0,0.0,0.0,0.0,0.0
1478529,0.0,0.0,0.0,0.0,0.0,1.0,0.0
1478889,0.0,0.0,0.0,0.0,0.0,2.0,0.0
1479389,0.0,0.0,0.0,0.0,0.0,0.0,0.0
1479527,0.0,0.0,0.0,0.0,0.0,1.0,0.0
1480027,0.0,0.0,0.0,0.0,0.0,0.0,0.0
1480414,0.0,0.0,0.0,0.0,0.0,1.0,0.0
1480417,0.0,0.0,0.0,0.0,0.0,2.0,0.0
1480917,0.0,0.0,0.0,0.0,0.0,0.0,0.0
1482432,0.0,0.0,0.0,0.0,0.0,1.0,0.0
1482442,0.0,0.0,0.0,0.0,0.0,2.0,0.0
1482489,0.0,0.0,0.0,0.0,1.0,2.0,0.0
1482942,0.0,0.0,0.0,0.0,1.0,0.0,0.0
1482989,0.0,0.0,0.0,0.0,0.0,0.0,0.0
1483104,0.0,0.0,0.0,0.0,0.0,1.0,0.0
1483879,0.0,0.0,0.0,0.0,0.0,2.0,0.0
1484379,0.0,0.0,0.0,0.0,0.0,0.0,0.0
1484996,0.0,0.0,0.0,0.0,0.0,1.0,0.0
1485496,0.0,0.0,0.0,0.0,0.0,0.0,0.0
1486431,0.0,0.0,0.0,0.0,0.0,1.0,0.0
1486931,0.0,0.0,0.0,0.0,0.0,0.0,0.0
1487023,0.0,0.0,0.0,0.0,0.0,1.0,0.0
1487523,0.0,0.0,0.0,0.0,0.0,0.0,0.0
1488601,0.0,0.0,0.0,0.0,0.0,1.0,0.0
1488605,0.0,0.0,0.0,0.0,0.0,2.0,0.0
1489105,0.0,0.0,0.0,0.0,0.0,0.0,0.0
1489891,0.0,0.0,0.0,0.0,0.0,1.0,0.0
1490190,0.0,0.0,0.0,0.0,0.0,2.0,0.0
1490690,0.0,0.0,0.0,0.0,0.0,0.0,0.0
1490928,0.0,0.0,0.0,0.0,0.0,1.0,0.0
1491428,0.0,0.0,0.0,0.0,0.0,0.0,0.0
1491534,0.0,0.0,0.0,0.0,0.0,1.0,0.0
1492034,0.0,0.0,0.0,0.0,0.0,0.0,0.0
1492129,0.0,0.0,0.0,0.0,0.0,1.0,0.0
1492296,0.0,0.0,0.0,0.0,0.0,2.0,0.0
1492796,0.0,0.0,0.0,0.0,0.0,0.0,0.0
1492856,0.0,0.0,0.0,0.0,0.0,1.0,0.0
1492882,0.0,0.0,0.0,0.0,0.0,2.0,0.0
1493382,0.0,0.0,0.0,0.0,0.0,0.0,0.0
1493427,0.0,0.0,0.0,0.0,0.0,1.0,0.0
1493927,0.0,0.0,0.0,0.0,0.0,0.0,0.0
1494452,0.0,0.0,0.0,0.0,0.0,1.0,0.0
1494952,0.0,0.0,0.0,0.0,0.0,0.0,0.0
1495009,0.0,0.0,0.0,0.0,0.0,1.0,0.0
1495010,0.0,0.0,0.0,0.0,1.0,1.0,0.0
1495084,0.0,0.0,0.0,0.0,1.0,2.0,0.0
1495510,0.0,0.0,0.0,0.0,0.0,2.0,0.0
1495584,0.0,0.0,0.0,0.0,0.0,0.0,0.0
1495748,0.0,0.0,0.0,0.0,0.0,1.0,0.0
1496241,0.0,0.0,0.0,0.0,0.0,2.0,0.0
1496741,0.0,0.0,0.0,0.0,0.0,0.0,0.0
1496871,0.0,0.0,0.0,0.0,0.0,1.0,0.0
1497038,0.0,0.0,0.0,0.0,0.0,2.0,0.0
1497538,0.0,0.0,0.0,0.0,0.0,0.0,0.0
1497658,0.0,0.0,0.0,0.0,0.0,1.0,0.0
1498158,0.0,0.0,0.0,0.0,0.0,0.0,0.0
1498514,0.0,0.0,0.0,0.0,0.0,1.0,0.0
1499014,0.0,0.0,0.0,0.0,0.0,0.0,0.0
1499237,0.0,0.0,0.0,0.0,0.0,1.0,0.0
1499737,0.0,0.0,0.0,0.0,0.0,0.0,0.0
1499738,0.0,0.0,0.0,0.0,0.0,1.0,0.0
1499741,0.0,0.0,0.0,0.0,0.0,2.0,0.0
1500241,0.0,0.0,0.0,0.0,0.0,0.0,0.0
1500452,0.0,0.0,0.0,0.0,0.0,1.0,0.0
1500952,0.0,0.0,0.0,0.0,0.0,0.0,0.0
1501125,0.0,0.0,0.0,0.0,0.0,1.0,0.0
1501625,0.0,0.0,0.0,0.0,0.0,0.0,0.0
1501757,0.0,0.0,0.0,0.0,0.0,1.0,0.0
1501759,0.0,0.0,0.0,0.0,1.0,1.0,0.0
1502257,0.0,0.0,0.0,0.0,1.0,0.0,0.0
1502259,0.0,0.0,0.0,0.0,0.0,0.0,0.0
1502261,0.0,0.0,0.0,0.0,0.0,1.0,0.0
1502761,0.0,0.0,0.0,0.0,0.0,0.0,0.0
1502942,0.0,0.0,0.0,0.0,0.0,1.0,0.0
1502945,0.0,0.0,0.0,0.0,0.0,2.0,0.0
1503033,0.0,2.0,0.0,0.0,0.0,2.0,0.0
1503445,0.0,2.0,0.0,0.0,0.0,0.0,0.0
1503533,0.0,0.0,0.0,0.0,0.0,0.0,0.0
1503862,0.0,0.0,0.0,0.0,0.0,1.0,0.0
1504154,0.0,0.0,0.0,0.0,0.0,2.0,0.0
1504487,0.0,0.0,0.0,0.0,1.0,2.0,0.0
1504654,0.0,0.0,0.0,0.0,1.0,0.0,0.0
1505467,0.0,0.0,0.0,0.0,1.0,1.0,0.0
1505487,0.0,0.0,0.0,0.0,0.0,1.0,0.0
1505967,0.0,0.0,0.0,0.0,0.0,0.0,0.0
1506721,0.0,0.0,0.0,0.0,0.0,1.0,0.0
1507221,0.0,0.0,0.0,0.0,0.0,0.0,0.0
1507763,0.0,0.0,0.0,0.0,0.0,1.0,0.0
1507769,0.0,0.0,0.0,0.0,0.0,2.0,0.0
1508269,0.0,0.0,0.0,0.0,0.0,0.0,0.0
1508624,0.0,0.0,0.0,0.0,0.0,1.0,0.0
1509124,0.0,0.0,0.0,0.0,0.0,0.0,0.0
1510663,0.0,0.0,0.0,0.0,0.0,1.0,0.0
1511163,0.0,0.0,0.0,0.0,0.0,0.0,0.0
1511183,0.0,0.0,0.0,0.0,0.0,1.0,0.0
1511683,0.0,0.0,0.0,0.0,0.0,0.0,0.0
1511757,0.0,0.0,0.0,0.0,0.0,1.0,0.0
1512242,0.0,0.0,0.0,0.0,0.0,2.0,0.0
1512742,0.0,0.0,0.0,0.0,0.0,0.0,0.0
1512822,0.0,0.0,0.0,0.0,0.0,1.0,0.0
1512876,0.0,0.0,0.0,0.0,0.0,2.0,0.0
1513376,0.0,0.0,0.0,0.0,0.0,0.0,0.0
1514166,0.0,2.0,0.0,0.0,0.0,0.0,0.0
1514666,0.0,0.0,0.0,0.0,0.0,0.0,0.0
1515609,0.0,0.0,0.0,0.0,0.0,1.0,0.0
1516109,0.0,0.0,0.0,0.0,0.0,0.0,0.0
1516744,0.0,0.0,0.0,0.0,0.0,1.0,0.0
1517244,0.0,0.0,0.0,0.0,0.0,0.0,0.0
1518727,0.0,0.0,0.0,0.0,0.0,1.0,0.0
1519227,0.0,0.0,0.0,0.0,0.0,0.0,0.0
1530976,0.0,0.0,0.0,0.0,0.0,1.0,0.0
1531476,0.0,0.0,0.0,0.0,0.0,0.0,0.0
1532007,0.0,0.0,0.0,0.0,0.0,1.0,0.0
1532507,0.0,0.0,0.0,0.0,0.0,0.0,0.0
1533085,0.0,0.0,0.0,0.0,0.0,1.0,0.0
1533585,0.0,0.0,0.0,0.0,0.0,0.0,0.0
1535501,0.0,0.0,0.0,0.0,0.0,1.0,0.0
1535527,0.0,0.0,0.0,0.0,0.0,2.0,0.0
1536027,0.0,0.0,0.0,0.0,0.0,0.0,0.0
1540510,0.0,0.0,0.0,0.0,0.0,1.0,0.0
1541010,0.0,0.0,0.0,0.0,0.0,0.0,0.0
1541084,0.0,0.0,0.0,0.0,0.0,1.0,0.0
1541584,0.0,0.0,0.0,0.0,0.0,0.0,0.0
1542205,0.0,0.0,0.0,0.0,0.0,1.0,0.0
1542705,0.0,0.0,0.0,0.0,0.0,0.0,0.0
1544790,0.0,0.0,0.0,0.0,0.0,1.0,0.0
1545290,0.0,0.0,0.0,0.0,0.0,0.0,0.0
1545509,0.0,0.0,0.0,0.0,0.0,1.0,0.0
1545905,0.0,0.0,0.0,0.0,0.0,2.0,0.0
1546405,0.0,0.0,0.0,0.0,0.0,0.0,0.0
1548200,0.0,0.0,0.0,0.0,0.0,1.0,0.0
1548700,0.0,0.0,0.0,0.0,0.0,0.0,0.0
1548765,0.0,0.0,0.0,0.0,0.0,1.0,0.0
1548780,0.0,0.0,0.0,0.0,0.0,2.0,0.0
1549280,0.0,0.0,0.0,0.0,0.0,0.0,0.0
1550085,0.0,0.0,0.0,0.0,0.0,1.0,0.0
1550087,0.0,0.0,0.0,0.0,0.0,2.0,0.0
1550201,0.0,2.0,0.0,0.0,0.0,2.0,0.0
1550587,0.0,2.0,0.0,0.0,0.0,0.0,0.0
1550701,0.0,0.0,0.0,0.0,0.0,0.0,0.0
1554658,0.0,0.0,0.0,0.0,0.0,1.0,0.0
1555158,0.0,0.0,0.0,0.0,0.0,0.0,0.0
1555403,0.0,0.0,0.0,0.0,0.0,1.0,0.0
1555903,0.0,0.0,0.0,0.0,0.0,0.0,0.0
1560025,0.0,0.0,0.0,0.0,0.0,1.0,0.0
1560027,0.0,0.0,0.0,0.0,0.0,2.0,0.0
1560527,0.0,0.0,0.0,0.0,0.0,0.0,0.0
1566377,0.0,0.0,0.0,0.0,0.0,1.0,0.0
1566877,0.0,0.0,0.0,0.0,0.0,0.0,0.0
1569645,0.0,0.0,0.0,0.0,0.0,1.0,0.0
1570145,0.0,0.0,0.0,0.0,0.0,0.0,0.0
1571303,0.0,0.0,0.0,0.0,0.0,1.0,0.0
1571803,0.0,0.0,0.0,0.0,0.0,0.0,0.0
1572378,0.0,0.0,0.0,0.0,0.0,1.0,0.0
1572878,0.0,0.0,0.0,0.0,0.0,0.0,0.0
1573160,0.0,0.0,0.0,0.0,0.0,1.0,0.0
1573660,0.0,0.0,0.0,0.0,0.0,0.0,0.0
1577951,0.0,0.0,0.0,0.0,1.0,0.0,0.0
1578451,0.0,0.0,0.0,0.0,0.0,0.0,0.0
1578562,0.0,0.0,0.0,0.0,0.0,1.0,0.0
1579062,0.0,0.0,0.0,0.0,0.0,0.0,0.0
1579165,0.0,0.0,0.0,0.0,0.0,1.0,0.0
1579665,0.0,0.0,0.0,0.0,0.0,0.0,0.0
1580509,0.0,0.0,0.0,0.0,0.0,1.0,0.0
1580644,0.0,0.0,0.0,0.0,0.0,2.0,0.0
1581144,0.0,0.0,0.0,0.0,0.0,0.0,0.0
1582197,0.0,0.0,0.0,0.0,0.0,1.0,0.0
1582697,0.0,0.0,0.0,0.0,0.0,0.0,0.0
1584188,0.0,0.0,0.0,0.0,0.0,1.0,0.0
1584688,0.0,0.0,0.0,0.0,0.0,0.0,0.0
1584826,0.0,0.0,0.0,0.0,0.0,1.0,0.0
1585326,0.0,0.0,0.0,0.0,0.0,0.0,0.0
1585337,0.0,0.0,0.0,0.0,0.0,1.0,0.0
1585837,0.0,0.0,0.0,0.0,0.0,0.0,0.0
1587689,0.0,0.0,0.0,0.0,0.0,1.0,0.0
1588189,0.0,0.0,0.0,0.0,0.0,0.0,0.0
1593094,0.0,0.0,0.0,0.0,0.0,1.0,0.0
1593594,0.0,0.0,0.0,0.0,0.0,0.0,0.0
1596531,0.0,0.0,0.0,0.0,0.0,1.0,0.0
1596564,0.0,0.0,0.0,0.0,0.0,2.0,0.0
1597064,0.0,0.0,0.0,0.0,0.0,0.0,0.0
1597454,0.0,0.0,0.0,0.0,0.0,1.0,0.0
1597954,0.0,0.0,0.0,0.0,0.0,0.0,0.0
1598655,0.0,0.0,0.0,0.0,0.0,1.0,0.0
1599155,0.0,0.0,0.0,0.0,0.0,0.0,0.0
1599684,0.0,0.0,0.0,0.0,0.0,1.0,0.0
1600184,0.0,0.0,0.0,0.0,0.0,0.0,0.0
1601270,0.0,0.0,0.0,0.0,0.0,1.0,0.0
1601770,0.0,0.0,0.0,0.0,0.0,0.0,0.0
1602318,0.0,0.0,0.0,0.0,0.0,1.0,0.0
1602334,0.0,0.0,0.0,0.0,0.0,2.0,0.0
1602834,0.0,0.0,0.0,0.0,0.0,0.0,0.0
1603927,0.0,0.0,0.0,0.0,0.0,1.0,0.0
1604427,0.0,0.0,0.0,0.0,0.0,0.0,0.0
1608363,0.0,0.0,0.0,0.0,0.0,1.0,0.0
1608863,0.0,0.0,0.0,0.0,0.0,0.0,0.0
1611190,0.0,0.0,0.0,0.0,0.0,1.0,0.0
1611192,0.0,0.0,0.0,0.0,0.0,2.0,0.0
1611692,0.0,0.0,0.0,0.0,0.0,0.0,0.0
1611872,0.0,0.0,0.0,0.0,0.0,1.0,0.0
1611886,0.0,0.0,0.0,0.0,0.0,2.0,0.0
1612386,0.0,0.0,0.0,0.0,0.0,0.0,0.0
1615000,0.0,0.0,0.0,0.0,0.0,0.0,1.0
1615449,0.0,0.0,0.0,0.0,0.0,1.0,1.0
1615451,0.0,0.0,0.0,0.0,0.0,2.0,1.0
1615487,2.0,0.0,0.0,0.0,0.0,2.0,1.0
1615500,2.0,0.0,0.0,0.0,0.0,2.0,0.0
1615521,2.0,0.0,0.0,0.0,1.0,2.0,0.0
1615522,2.0,2.0,0.0,0.0,1.0,2.0,0.0
1615557,2.0,2.0,0.0,0.0,2.0,2.0,0.0
1615951,2.0,2.0,0.0,0.0,2.0,0.0,0.0
1615987,0.0,2.0,0.0,0.0,2.0,0.0,0.0
1616022,0.0,0.0,0.0,0.0,2.0,0.0,0.0
1616024,0.0,0.0,0.0,0.0,2.0,1.0,0.0
1616031,2.0,0.0,0.0,0.0,2.0,1.0,0.0
1616057,2.0,0.0,0.0,0.0,0.0,1.0,0.0
1616086,2.0,0.0,0.0,0.0,0.0,2.0,0.0
1616272,2.0,0.0,0.0,0.0,1.0,2.0,0.0
1616531,0.0,0.0,0.0,0.0,1.0,2.0,0.0
1616586,0.0,0.0,0.0,0.0,1.0,0.0,0.0
1616758,0.0,0.0,0.0,0.0,1.0,1.0,0.0
1616772,0.0,0.0,0.0,0.0,0.0,1.0,0.0
1616792,0.0,0.0,0.0,0.0,0.0,2.0,0.0
1617134,0.0,2.0,0.0,0.0,0.0,2.0,0.0
1617153,0.0,2.0,0.0,0.0,1.0,2.0,0.0
1617292,0.0,2.0,0.0,0.0,1.0,0.0,0.0
1617419,0.0,2.0,1.0,0.0,1.0,0.0,0.0
1617507,0.0,2.0,1.0,0.0,2.0,0.0,0.0
1617634,0.0,0.0,1.0,0.0,2.0,0.0,0.0
1617944,0.0,0.0,1.0,0.0,2.0,1.0,0.0
1618007,0.0,0.0,1.0,0.0,0.0,1.0,0.0
1618444,0.0,0.0,1.0,0.0,0.0,0.0,0.0
1618655,2.0,0.0,1.0,0.0,0.0,0.0,0.0
1618821,2.0,0.0,2.0,0.0,0.0,0.0,0.0
1619155,0.0,0.0,2.0,0.0,0.0,0.0,0.0
1619321,0.0,0.0,0.0,0.0,0.0,0.0,0.0
1619522,0.0,0.0,0.0,0.0,0.0,1.0,0.0
1619611,0.0,0.0,0.0,0.0,0.0,2.0,0.0
1620111,0.0,0.0,0.0,0.0,0.0,0.0,0.0
1620132,0.0,0.0,0.0,0.0,0.0,1.0,0.0
1620632,0.0,0.0,0.0,0.0,0.0,0.0,0.0
1620950,0.0,0.0,0.0,0.0,0.0,1.0,0.0
1621450,0.0,0.0,0.0,0.0,0.0,0.0,0.0
1622433,0.0,0.0,0.0,0.0,0.0,1.0,0.0
1622715,0.0,0.0,0.0,0.0,0.0,2.0,0.0
1623215,0.0,0.0,0.0,0.0,0.0,0.0,0.0
1623216,0.0,0.0,0.0,0.0,0.0,1.0,0.0
1623716,0.0,0.0,0.0,0.0,0.0,0.0,0.0
1624118,0.0,0.0,0.0,0.0,0.0,1.0,0.0
1624618,0.0,0.0,0.0,0.0,0.0,0.0,0.0
1624733,0.0,0.0,0.0,0.0,0.0,1.0,0.0
1624736,0.0,0.0,0.0,0.0,0.0,2.0,0.0
1625236,0.0,0.0,0.0,0.0,0.0,0.0,0.0
1625564,0.0,0.0,0.0,0.0,0.0,1.0,0.0
1625574,0.0,0.0,0.0,0.0,1.0,1.0,0.0
1626064,0.0,0.0,0.0,0.0,1.0,0.0,0.0
1626074,0.0,0.0,0.0,0.0,0.0,0.0,0.0
1627160,0.0,0.0,0.0,0.0,0.0,1.0,0.0
1627563,0.0,0.0,0.0,0.0,0.0,2.0,0.0
1628063,0.0,0.0,0.0,0.0,0.0,0.0,0.0
1629941,0.0,0.0,0.0,0.0,0.0,1.0,0.0
1630346,0.0,0.0,0.0,0.0,0.0,2.0,0.0
1630846,0.0,0.0,0.0,0.0,0.0,0.0,0.0
1631105,0.0,0.0,0.0,0.0,0.0,1.0,0.0
1631109,0.0,0.0,0.0,0.0,0.0,2.0,0.0
1631609,0.0,0.0,0.0,0.0,0.0,0.0,0.0
1631991,0.0,0.0,0.0,0.0,0.0,1.0,0.0
1632491,0.0,0.0,0.0,0.0,0.0,0.0,0.0
1633066,0.0,0.0,0.0,0.0,0.0,1.0,0.0
1633069,0.0,0.0,0.0,0.0,0.0,2.0,0.0
1633569,0.0,0.0,0.0,0.0,0.0,0.0,0.0
1633726,0.0,0.0,0.0,0.0,0.0,1.0,0.0
1634226,0.0,0.0,0.0,0.0,0.0,0.0,0.0
1634809,0.0,2.0,0.0,0.0,0.0,0.0,0.0
1634810,0.0,2.0,0.0,0.0,0.0,1.0,0.0
1634814,0.0,2.0,0.0,0.0,0.0,2.0,0.0
1635309,0.0,0.0,0.0,0.0,0.0,2.0,0.0
1635314,0.0,0.0,0.0,0.0,0.0,0.0,0.0
1635344,0.0,0.0,1.0,0.0,0.0,0.0,0.0
1635688,0.0,0.0,1.0,0.0,0.0,1.0,0.0
1635783,0.0,0.0,1.0,0.0,0.0,2.0,0.0
1636283,0.0,0.0,1.0,0.0,0.0,0.0,0.0
1636678,0.0,0.0,1.0,0.0,0.0,1.0,0.0
1637178,0.0,0.0,1.0,0.0,0.0,0.0,0.0
1637591,0.0,0.0,1.0,0.0,0.0,1.0,0.0
1638018,0.0,0.0,1.0,0.0,0.0,2.0,0.0
1638518,0.0,0.0,1.0,0.0,0.0,0.0,0.0
1638898,0.0,0.0,1.0,0.0,0.0,1.0,0.0
1638903,0.0,0.0,1.0,0.0,0.0,2.0,0.0
1639403,0.0,0.0,1.0,0.0,0.0,0.0,0.0
1639793,0.0,0.0,1.0,0.0,0.0,1.0,0.0
1640293,0.0,0.0,1.0,0.0,0.0,0.0,0.0
1640678,0.0,0.0,1.0,0.0,0.0,1.0,0.0
1640684,0.0,0.0,1.0,0.0,0.0,2.0,0.0
1641184,0.0,0.0,1.0,0.0,0.0,0.0,0.0
1641844,0.0,0.0,0.0,0.0,0.0,0.0,0.0
1641871,0.0,0.0,0.0,0.0,0.0,1.0,0.0
1641885,0.0,0.0,0.0,0.0,0.0,2.0,0.0
1642385,0.0,0.0,0.0,0.0,0.0,0.0,0.0
1642408,0.0,0.0,0.0,0.0,0.0,1.0,0.0
1642416,0.0,0.0,0.0,0.0,0.0,2.0,0.0
1642805,0.0,0.0,1.0,0.0,0.0,2.0,0.0
1642916,0.0,0.0,1.0,0.0,0.0,0.0,0.0
1643302,0.0,0.0,1.0,0.0,0.0,1.0,0.0
1643802,0.0,0.0,1.0,0.0,0.0,0.0,0.0
1643921,0.0,0.0,1.0,0.0,0.0,1.0,0.0
1644110,0.0,0.0,1.0,0.0,0.0,2.0,0.0
1644305,0.0,0.0,0.0,0.0,0.0,2.0,0.0
1644368,0.0,0.0,1.0,0.0,0.0,2.0,0.0
1644610,0.0,0.0,1.0,0.0,0.0,0.0,0.0
1645368,0.0,0.0,0.0,0.0,0.0,0.0,0.0
1645413,0.0,0.0,0.0,0.0,0.0,1.0,0.0
1645428,0.0,0.0,0.0,0.0,0.0,2.0,0.0
1645429,0.0,0.0,1.0,0.0,0.0,2.0,0.0
1645928,0.0,0.0,1.0,0.0,0.0,0.0,0.0
1645929,0.0,0.0,0.0,0.0,0.0,0.0,0.0
1646265,0.0,0.0,0.0,0.0,0.0,1.0,0.0
1646422,0.0,0.0,0.0,0.0,0.0,2.0,0.0
1646922,0.0,0.0,0.0,0.0,0.0,0.0,0.0
1648041,0.0,0.0,0.0,0.0,0.0,1.0,0.0
1648541,0.0,0.0,0.0,0.0,0.0,0.0,0.0
1649184,0.0,0.0,0.0,0.0,0.0,1.0,0.0
1649328,0.0,0.0,1.0,0.0,0.0,1.0,0.0
1649684,0.0,0.0,1.0,0.0,0.0,0.0,0.0
1649828,0.0,0.0,0.0,0.0,0.0,0.0,0.0
1649883,0.0,0.0,1.0,0.0,0.0,0.0,0.0
1650383,0.0,0.0,0.0,0.0,0.0,0.0,0.0
1650684,0.0,0.0,1.0,0.0,0.0,0.0,0.0
1650973,0.0,0.0,1.0,0.0,0.0,1.0,0.0
1650982,0.0,0.0,1.0,0.0,0.0,2.0,0.0
1651184,0.0,0.0,0.0,0.0,0.0,2.0,0.0
1651482,0.0,0.0,0.0,0.0,0.0,0.0,0.0
1653134,0.0,0.0,0.0,0.0,0.0,1.0,0.0
1653634,0.0,0.0,0.0,0.0,0.0,0.0,0.0
1653882,0.0,0.0,0.0,0.0,0.0,1.0,0.0
1654382,0.0,0.0,0.0,0.0,0.0,0.0,0.0
1654649,0.0,0.0,0.0,0.0,0.0,1.0,0.0
1654885,0.0,0.0,1.0,0.0,0.0,1.0,0.0
1655149,0.0,0.0,1.0,0.0,0.0,0.0,0.0
1655385,0.0,0.0,0.0,0.0,0.0,0.0,0.0
1655434,0.0,0.0,0.0,0.0,0.0,1.0,0.0
1655563,0.0,0.0,1.0,0.0,0.0,1.0,0.0
1655934,0.0,0.0,1.0,0.0,0.0,0.0,0.0
1656063,0.0,0.0,0.0,0.0,0.0,0.0,0.0
1656067,0.0,0.0,1.0,0.0,0.0,0.0,0.0
1656087,0.0,0.0,1.0,0.0,0.0,1.0,0.0
1656483,0.0,0.0,1.0,0.0,0.0,2.0,0.0
1656983,0.0,0.0,1.0,0.0,0.0,0.0,0.0
1657067,0.0,0.0,0.0,0.0,0.0,0.0,0.0
1657167,0.0,0.0,0.0,0.0,0.0,1.0,0.0
1657310,0.0,0.0,0.0,0.0,0.0,2.0,0.0
1657332,0.0,0.0,0.0,0.0,1.0,2.0,0.0
1657347,0.0,0.0,0.0,0.0,2.0,2.0,0.0
1657672,0.0,0.0,1.0,0.0,2.0,2.0,0.0
1657810,0.0,0.0,1.0,0.0,2.0,0.0,0.0
1657838,0.0,0.0,1.0,0.0,2.0,1.0,0.0
1657847,0.0,0.0,1.0,0.0,0.0,1.0,0.0
1658172,0.0,0.0,0.0,0.0,0.0,1.0,0.0
1658299,0.0,0.0,1.0,0.0,0.0,1.0,0.0
1658338,0.0,0.0,1.0,0.0,0.0,0.0,0.0
1658799,0.0,0.0,0.0,0.0,0.0,0.0,0.0
1659017,0.0,0.0,0.0,0.0,0.0,1.0,0.0
1659472,0.0,0.0,0.0,0.0,1.0,1.0,0.0
1659517,0.0,0.0,0.0,0.0,1.0,0.0,0.0
1659972,0.0,0.0,0.0,0.0,0.0,0.0,0.0
1660277,0.0,0.0,0.0,0.0,0.0,1.0,0.0
1660777,0.0,0.0,0.0,0.0,0.0,0.0,0.0
1660905,0.0,0.0,0.0,0.0,0.0,1.0,0.0
1660912,0.0,0.0,0.0,0.0,0.0,2.0,0.0
1661412,0.0,0.0,0.0,0.0,0.0,0.0,0.0
1661978,0.0,0.0,0.0,0.0,0.0,1.0,0.0
1661981,0.0,0.0,0.0,0.0,0.0,2.0,0.0
1662481,0.0,0.0,0.0,0.0,0.0,0.0,0.0
1662495,0.0,0.0,0.0,0.0,0.0,1.0,0.0
1662995,0.0,0.0,0.0,0.0,0.0,0.0,0.0
1663558,0.0,0.0,0.0,0.0,0.0,1.0,0.0
1664058,0.0,0.0,0.0,0.0,0.0,0.0,0.0
1664065,0.0,0.0,0.0,0.0,0.0,1.0,0.0
1664068,0.0,0.0,0.0,0.0,0.0,2.0,0.0
1664568,0.0,0.0,0.0,0.0,0.0,0.0,0.0
1664821,0.0,0.0,0.0,0.0,0.0,1.0,0.0
1665321,0.0,0.0,0.0,0.0,0.0,0.0,0.0
1665474,0.0,0.0,0.0,0.0,0.0,1.0,0.0
1665478,0.0,0.0,0.0,0.0,0.0,2.0,0.0
1666478,0.0,0.0,0.0,0.0,0.0,0.0,0.0
1666796,0.0,0.0,0.0,0.0,0.0,1.0,0.0
1667296,0.0,0.0,0.0,0.0,0.0,0.0,0.0
1667576,0.0,0.0,0.0,0.0,0.0,1.0,0.0
1668076,0.0,0.0,0.0,0.0,0.0,0.0,0.0
1668328,0.0,0.0,0.0,0.0,0.0,1.0,0.0
1668334,0.0,0.0,0.0,0.0,0.0,2.0,0.0
1668834,0.0,0.0,0.0,0.0,0.0,0.0,0.0
1669606,0.0,0.0,0.0,0.0,0.0,1.0,0.0
1670106,0.0,0.0,0.0,0.0,0.0,0.0,0.0
1670889,0.0,0.0,0.0,0.0,0.0,1.0,0.0
1671389,0.0,0.0,0.0,0.0,0.0,0.0,0.0
1671912,0.0,0.0,0.0,0.0,0.0,1.0,0.0
1672412,0.0,0.0,0.0,0.0,0.0,0.0,0.0
1672500,0.0,0.0,0.0,0.0,0.0,1.0,0.0
1672765,0.0,0.0,0.0,0.0,0.0,2.0,0.0
1673265,0.0,0.0,0.0,0.0,0.0,0.0,0.0
1673588,0.0,0.0,0.0,0.0,0.0,1.0,0.0
1674088,0.0,0.0,0.0,0.0,0.0,0.0,0.0
1674551,0.0,0.0,0.0,0.0,0.0,1.0,0.0
1674554,0.0,0.0,0.0,0.0,0.0,2.0,0.0
1675054,0.0,0.0,0.0,0.0,0.0,0.0,0.0
1675090,0.0,0.0,0.0,0.0,0.0,1.0,0.0
1675590,0.0,0.0,0.0,0.0,0.0,0.0,0.0
1675636,0.0,0.0,0.0,0.0,0.0,1.0,0.0
1675637,0.0,0.0,0.0,0.0,1.0,1.0,0.0
1676136,0.0,0.0,0.0,0.0,1.0,0.0,0.0
1676137,0.0,0.0,0.0,0.0,0.0,0.0,0.0
1676173,0.0,0.0,0.0,0.0,0.0,1.0,0.0
1676491,0.0,0.0,0.0,0.0,0.0,2.0,0.0
1676991,0.0,0.0,0.0,0.0,0.0,0.0,0.0
1677316,0.0,0.0,0.0,0.0,0.0,1.0,0.0
1677816,0.0,0.0,0.0,0.0,0.0,0.0,0.0
1677840,0.0,0.0,0.0,0.0,0.0,1.0,0.0
1678340,0.0,0.0,0.0,0.0,0.0,0.0,0.0
1678393,0.0,0.0,0.0,0.0,0.0,1.0,0.0
1678396,0.0,0.0,0.0,0.0,0.0,2.0,0.0
1678896,0.0,0.0,0.0,0.0,0.0,0.0,0.0
1679077,0.0,0.0,0.0,0.0,0.0,1.0,0.0
1679083,0.0,0.0,0.0,0.0,0.0,2.0,0.0
1679583,0.0,0.0,0.0,0.0,0.0,0.0,0.0
1679890,0.0,0.0,0.0,0.0,0.0,1.0,0.0
1680390,0.0,0.0,0.0,0.0,0.0,0.0,0.0
1681170,0.0,0.0,0.0,0.0,0.0,1.0,0.0
1681257,0.0,0.0,0.0,0.0,0.0,2.0,0.0
1681740,0.0,2.0,0.0,0.0,0.0,2.0,0.0
1681757,0.0,2.0,0.0,0.0,0.0,0.0,0.0
1682240,0.0,0.0,0.0,0.0,0.0,0.0,0.0
1683320,0.0,0.0,0.0,0.0,0.0,1.0,0.0
1683820,0.0,0.0,0.0,0.0,0.0,0.0,0.0
1684059,0.0,0.0,0.0,0.0,0.0,1.0,0.0
1684559,0.0,0.0,0.0,0.0,0.0,0.0,0.0
1684560,0.0,0.0,0.0,0.0,0.0,1.0,0.0
1685060,0.0,0.0,0.0,0.0,0.0,0.0,0.0
1685725,0.0,0.0,0.0,0.0,0.0,1.0,0.0
1685728,0.0,0.0,0.0,0.0,0.0,2.0,0.0
1686228,0.0,0.0,0.0,0.0,0.0,0.0,0.0
1686615,0.0,0.0,0.0,0.0,0.0,1.0,0.0
1687115,0.0,0.0,0.0,0.0,0.0,0.0,0.0
1687124,0.0,0.0,0.0,0.0,0.0,1.0,0.0
1687624,0.0,0.0,0.0,0.0,0.0,0.0,0.0
1688083,0.0,0.0,0.0,0.0,0.0,1.0,0.0
1688089,0.0,0.0,0.0,0.0,0.0,2.0,0.0
1688589,0.0,0.0,0.0,0.0,0.0,0.0,0.0
1688642,0.0,0.0,0.0,0.0,0.0,1.0,0.0
1688653,0.0,0.0,0.0,0.0,0.0,2.0,0.0
1689153,0.0,0.0,0.0,0.0,0.0,0.0,0.0
1689247,0.0,0.0,0.0,0.0,0.0,1.0,0.0
1689253,0.0,0.0,0.0,0.0,0.0,2.0,0.0
1689753,0.0,0.0,0.0,0.0,0.0,0.0,0.0
1689860,0.0,0.0,0.0,0.0,0.0,1.0,0.0
1690226,0.0,2.0,0.0,0.0,0.0,1.0,0.0
1690360,0.0,2.0,0.0,0.0,0.0,0.0,0.0
1690435,0.0,2.0,0.0,0.0,0.0,1.0,0.0
1690726,0.0,0.0,0.0,0.0,0.0,1.0,0.0
1690935,0.0,0.0,0.0,0.0,0.0,0.0,0.0
1691763,0.0,0.0,0.0,0.0,0.0,1.0,0.0
1691892,0.0,0.0,0.0,0.0,0.0,2.0,0.0
1692392,0.0,0.0,0.0,0.0,0.0,0.0,0.0
1692480,0.0,0.0,0.0,0.0,0.0,1.0,0.0
1692980,0.0,0.0,0.0,0.0,0.0,0.0,0.0
1693260,0.0,0.0,0.0,0.0,0.0,1.0,0.0
1693699,0.0,0.0,0.0,0.0,0.0,2.0,0.0
1694199,0.0,0.0,0.0,0.0,0.0,0.0,0.0
1694370,0.0,0.0,0.0,0.0,0.0,1.0,0.0
1694870,0.0,0.0,0.0,0.0,0.0,0.0,0.0
1694951,0.0,0.0,0.0,0.0,0.0,1.0,0.0
1694972,0.0,0.0,0.0,0.0,0.0,2.0,0.0
1695472,0.0,0.0,0.0,0.0,0.0,0.0,0.0
1695785,0.0,0.0,0.0,0.0,0.0,1.0,0.0
1696283,0.0,0.0,0.0,0.0,0.0,2.0,0.0
1696783,0.0,0.0,0.0,0.0,0.0,0.0,0.0
1696787,0.0,0.0,0.0,0.0,0.0,1.0,0.0
1697287,0.0,0.0,0.0,0.0,0.0,0.0,0.0
1697709,0.0,0.0,0.0,0.0,0.0,1.0,0.0
1697712,0.0,0.0,0.0,0.0,0.0,2.0,0.0
1698212,0.0,0.0,0.0,0.0,0.0,0.0,0.0
1698894,0.0,0.0,0.0,0.0,0.0,1.0,0.0
1698897,0.0,0.0,0.0,0.0,0.0,2.0,0.0
1699397,0.0,0.0,0.0,0.0,0.0,0.0,0.0
1699634,0.0,0.0,0.0,0.0,0.0,1.0,0.0
1699637,0.0,0.0,0.0,0.0,0.0,2.0,0.0
1700137,0.0,0.0,0.0,0.0,0.0,0.0,0.0
1700355,0.0,0.0,0.0,0.0,0.0,1.0,0.0
1700358,0.0,0.0,0.0,0.0,0.0,2.0,0.0
1700858,0.0,0.0,0.0,0.0,0.0,0.0,0.0
1702300,0.0,0.0,0.0,0.0,0.0,1.0,0.0
1702303,0.0,0.0,0.0,0.0,0.0,2.0,0.0
1702803,0.0,0.0,0.0,0.0,0.0,0.0,0.0
1702992,0.0,0.0,0.0,0.0,0.0,1.0,0.0
1703492,0.0,0.0,0.0,0.0,0.0,0.0,0.0
1703720,0.0,0.0,0.0,0.0,0.0,1.0,0.0
1703892,0.0,0.0,0.0,0.0,0.0,2.0,0.0
1704392,0.0,0.0,0.0,0.0,0.0,0.0,0.0
1704576,0.0,0.0,0.0,0.0,0.0,1.0,0.0
1704699,0.0,0.0,0.0,0.0,0.0,2.0,0.0
1705199,0.0,0.0,0.0,0.0,0.0,0.0,0.0
1705541,0.0,0.0,0.0,0.0,0.0,1.0,0.0
1706041,0.0,0.0,0.0,0.0,0.0,0.0,0.0
1706487,0.0,0.0,0.0,0.0,0.0,1.0,0.0
1706987,0.0,0.0,0.0,0.0,0.0,0.0,0.0
1707133,0.0,0.0,0.0,0.0,0.0,1.0,0.0
1707134,0.0,0.0,0.0,0.0,1.0,1.0,0.0
1707136,0.0,0.0,0.0,0.0,1.0,2.0,0.0
1707137,0.0,0.0,0.0,0.0,2.0,2.0,0.0
1707636,0.0,0.0,0.0,0.0,2.0,0.0,0.0
1707637,0.0,0.0,0.0,0.0,0.0,0.0,0.0
1707883,0.0,0.0,0.0,0.0,1.0,0.0,0.0
1708273,0.0,0.0,0.0,0.0,1.0,1.0,0.0
1708383,0.0,0.0,0.0,0.0,0.0,1.0,0.0
1708773,0.0,0.0,0.0,0.0,0.0,0.0,0.0
1709347,0.0,0.0,0.0,0.0,0.0,1.0,0.0
1709847,0.0,0.0,0.0,0.0,0.0,0.0,0.0
1710836,0.0,0.0,0.0,0.0,0.0,1.0,0.0
1710901,0.0,0.0,0.0,0.0,0.0,2.0,0.0
1711401,0.0,0.0,0.0,0.0,0.0,0.0,0.0
1711530,0.0,0.0,0.0,0.0,0.0,1.0,0.0
1712030,0.0,0.0,0.0,0.0,0.0,0.0,0.0
1712200,0.0,0.0,0.0,0.0,0.0,1.0,0.0
1712210,0.0,0.0,0.0,0.0,0.0,2.0,0.0
1712710,0.0,0.0,0.0,0.0,0.0,0.0,0.0
1713861,0.0,0.0,0.0,0.0,0.0,1.0,0.0
1713865,0.0,0.0,0.0,0.0,0.0,2.0,0.0
1714365,0.0,0.0,0.0,0.0,0.0,0.0,0.0
1715266,0.0,0.0,0.0,0.0,0.0,1.0,0.0
1715766,0.0,0.0,0.0,0.0,0.0,0.0,0.0
1715821,0.0,0.0,0.0,0.0,0.0,1.0,0.0
1716321,0.0,0.0,0.0,0.0,0.0,0.0,0.0
1717339,0.0,0.0,0.0,0.0,0.0,1.0,0.0
1717642,0.0,0.0,0.0,0.0,1.0,1.0,0.0
1717839,0.0,0.0,0.0,0.0,1.0,0.0,0.0
1718142,0.0,0.0,0.0,0.0,0.0,0.0,0.0
1718231,0.0,0.0,0.0,0.0,1.0,0.0,0.0
1718346,0.0,0.0,0.0,0.0,1.0,1.0,0.0
1718731,0.0,0.0,0.0,0.0,0.0,1.0,0.0
1718846,0.0,0.0,0.0,0.0,0.0,0.0,0.0
1720346,0.0,0.0,0.0,0.0,0.0,1.0,0.0
1720846,0.0,0.0,0.0,0.0,0.0,0.0,0.0
1721955,0.0,0.0,0.0,0.0,0.0,1.0,0.0
1722455,0.0,0.0,0.0,0.0,0.0,0.0,0.0
1722535,0.0,0.0,0.0,0.0,0.0,1.0,0.0
1723035,0.0,0.0,0.0,0.0,0.0,0.0,0.0
1723213,0.0,0.0,0.0,0.0,0.0,1.0,0.0
1723713,0.0,0.0,0.0,0.0,0.0,0.0,0.0
1728869,0.0,0.0,0.0,0.0,0.0,1.0,0.0
1729369,0.0,0.0,0.0,0.0,0.0,0.0,0.0
1731265,0.0,0.0,0.0,0.0,0.0,1.0,0.0
1731765,0.0,0.0,0.0,0.0,0.0,0.0,0.0
1732849,0.0,0.0,0.0,0.0,0.0,1.0,0.0
1733349,0.0,0.0,0.0,0.0,0.0,0.0,0.0
1735335,0.0,0.0,0.0,0.0,0.0,1.0,0.0
1735835,0.0,0.0,0.0,0.0,0.0,0.0,0.0
1736058,0.0,0.0,0.0,0.0,0.0,1.0,0.0
1736558,0.0,0.0,0.0,0.0,0.0,0.0,0.0
1737205,0.0,0.0,0.0,0.0,0.0,1.0,0.0
1737705,0.0,0.0,0.0,0.0,0.0,0.0,0.0
1740289,0.0,0.0,0.0,0.0,0.0,1.0,0.0
1740789,0.0,0.0,0.0,0.0,0.0,0.0,0.0
1740906,0.0,0.0,0.0,0.0,0.0,1.0,0.0
1741406,0.0,0.0,0.0,0.0,0.0,0.0,0.0
1742188,0.0,0.0,0.0,0.0,0.0,1.0,0.0
1742195,0.0,0.0,0.0,0.0,0.0,2.0,0.0
1742695,0.0,0.0,0.0,0.0,0.0,0.0,0.0
1743670,0.0,0.0,0.0,0.0,0.0,1.0,0.0
1744170,0.0,0.0,0.0,0.0,0.0,0.0,0.0
1745453,0.0,0.0,0.0,0.0,0.0,1.0,0.0
1745953,0.0,0.0,0.0,0.0,0.0,0.0,0.0
1746300,0.0,0.0,0.0,0.0,0.0,1.0,0.0
1746800,0.0,0.0,0.0,0.0,0.0,0.0,0.0
1746957,0.0,0.0,0.0,0.0,0.0,1.0,0.0
1746959,0.0,0.0,0.0,0.0,0.0,2.0,0.0
1747459,0.0,0.0,0.0,0.0,0.0,0.0,0.0
1749613,0.0,0.0,0.0,0.0,0.0,1.0,0.0
1750113,0.0,0.0,0.0,0.0,0.0,0.0,0.0
1750452,0.0,0.0,0.0,0.0,0.0,1.0,0.0
1750952,0.0,0.0,0.0,0.0,0.0,0.0,0.0
1751359,0.0,0.0,0.0,0.0,0.0,1.0,0.0
1751859,0.0,0.0,0.0,0.0,0.0,0.0,0.0
1753220,0.0,0.0,0.0,0.0,0.0,1.0,0.0
1753720,0.0,0.0,0.0,0.0,0.0,0.0,0.0
1755069,0.0,0.0,0.0,0.0,0.0,1.0,0.0
1755569,0.0,0.0,0.0,0.0,0.0,0.0,0.0
1755667,0.0,0.0,0.0,0.0,0.0,1.0,0.0
1755671,0.0,0.0,0.0,0.0,0.0,2.0,0.0
1756171,0.0,0.0,0.0,0.0,0.0,0.0,0.0
1757418,0.0,0.0,0.0,0.0,0.0,1.0,0.0
1757420,0.0,0.0,0.0,0.0,0.0,2.0,0.0
1757920,0.0,0.0,0.0,0.0,0.0,0.0,0.0
1758837,0.0,0.0,0.0,0.0,0.0,1.0,0.0
1759337,0.0,0.0,0.0,0.0,0.0,0.0,0.0
1763585,0.0,0.0,0.0,0.0,0.0,1.0,0.0
1764085,0.0,0.0,0.0,0.0,0.0,0.0,0.0
1764218,0.0,0.0,0.0,0.0,0.0,1.0,0.0
1764718,0.0,0.0,0.0,0.0,0.0,0.0,0.0
1765200,0.0,0.0,0.0,0.0,0.0,1.0,0.0
1765700,0.0,0.0,0.0,0.0,0.0,0.0,0.0
1766290,0.0,0.0,0.0,0.0,0.0,1.0,0.0
1766790,0.0,0.0,0.0,0.0,0.0,0.0,0.0
1767272,0.0,0.0,0.0,0.0,0.0,1.0,0.0
1767772,0.0,0.0,0.0,0.0,0.0,0.0,0.0
1768818,0.0,0.0,0.0,0.0,0.0,1.0,0.0
1769318,0.0,0.0,0.0,0.0,0.0,0.0,0.0
1773014,0.0,0.0,0.0,0.0,0.0,1.0,0.0
1773514,0.0,0.0,0.0,0.0,0.0,0.0,0.0
1779694,0.0,0.0,0.0,0.0,0.0,1.0,0.0
1780194,0.0,0.0,0.0,0.0,0.0,0.0,0.0
1780228,0.0,0.0,0.0,0.0,0.0,1.0,0.0
1780728,0.0,0.0,0.0,0.0,0.0,0.0,0.0
1781360,0.0,0.0,0.0,0.0,0.0,1.0,0.0
1781860,0.0,0.0,0.0,0.0,0.0,0.0,0.0
1782276,0.0,0.0,0.0,0.0,0.0,1.0,0.0
1782776,0.0,0.0,0.0,0.0,0.0,0.0,0.0
1784887,0.0,0.0,0.0,0.0,0.0,1.0,0.0
1785387,0.0,0.0,0.0,0.0,0.0,0.0,0.0
1786624,0.0,0.0,0.0,0.0,0.0,1.0,0.0
1787124,0.0,0.0,0.0,0.0,0.0,0.0,0.0
1787668,0.0,0.0,0.0,0.0,0.0,1.0,0.0
1788168,0.0,0.0,0.0,0.0,0.0,0.0,0.0
1790067,0.0,0.0,0.0,0.0,0.0,1.0,0.0
1790070,0.0,0.0,0.0,0.0,0.0,2.0,0.0
1790570,0.0,0.0,0.0,0.0,0.0,0.0,0.0
1790614,0.0,0.0,0.0,0.0,0.0,1.0,0.0
1791114,0.0,0.0,0.0,0.0,0.0,0.0,0.0
1793897,0.0,0.0,0.0,0.0,0.0,1.0,0.0
1794397,0.0,0.0,0.0,0.0,0.0,0.0,0.0
1796256,0.0,0.0,0.0,0.0,0.0,1.0,0.0
1796756,0.0,0.0,0.0,0.0,0.0,0.0,0.0
1800688,0.0,0.0,0.0,0.0,0.0,1.0,0.0
1801188,0.0,0.0,0.0,0.0,0.0,0.0,0.0
1802974,0.0,0.0,0.0,0.0,0.0,1.0,0.0
1803474,0.0,0.0,0.0,0.0,0.0,0.0,0.0
1804498,0.0,0.0,0.0,0.0,0.0,1.0,0.0
1804998,0.0,0.0,0.0,0.0,0.0,0.0,0.0
1805572,0.0,0.0,0.0,0.0,0.0,1.0,0.0
1806072,0.0,0.0,0.0,0.0,0.0,0.0,0.0
1806079,0.0,0.0,0.0,0.0,1.0,1.0,0.0
1806579,0.0,0.0,0.0,0.0,0.0,0.0,0.0
1806936,0.0,0.0,0.0,0.0,0.0,1.0,0.0
1807436,0.0,0.0,0.0,0.0,0.0,0.0,0.0
1810151,0.0,0.0,0.0,0.0,0.0,1.0,0.0
1810651,0.0,0.0,0.0,0.0,0.0,0.0,0.0
1817000,0.0,0.0,0.0,0.0,0.0,0.0,1.0
1817264,0.0,0.0,0.0,0.0,0.0,1.0,1.0
1817266,0.0,0.0,0.0,0.0,0.0,2.0,1.0
1817500,0.0,0.0,0.0,0.0,0.0,2.0,0.0
1817535,2.0,0.0,0.0,0.0,0.0,2.0,0.0
1817573,2.0,0.0,0.0,0.0,1.0,2.0,0.0
1817640,2.0,0.0,0.0,0.0,2.0,2.0,0.0
1817766,2.0,0.0,0.0,0.0,2.0,0.0,0.0
1817873,2.0,2.0,0.0,0.0,2.0,0.0,0.0
1817949,2.0,2.0,0.0,0.0,2.0,1.0,0.0
1818035,0.0,2.0,0.0,0.0,2.0,1.0,0.0
1818047,2.0,2.0,0.0,0.0,2.0,1.0,0.0
1818075,2.0,2.0,0.0,0.0,2.0,2.0,0.0
1818140,2.0,2.0,0.0,0.0,0.0,2.0,0.0
1818373,2.0,0.0,0.0,0.0,0.0,2.0,0.0
1818547,0.0,0.0,0.0,0.0,0.0,2.0,0.0
1818575,0.0,0.0,0.0,0.0,0.0,0.0,0.0
1818619,0.0,0.0,0.0,0.0,0.0,1.0,0.0
1818815,0.0,0.0,0.0,0.0,0.0,2.0,0.0
1819125,0.0,0.0,1.0,0.0,0.0,2.0,0.0
1819315,0.0,0.0,1.0,0.0,0.0,0.0,0.0
1819757,0.0,0.0,1.0,0.0,0.0,1.0,0.0
1820257,0.0,0.0,1.0,0.0,0.0,0.0,0.0
1820463,0.0,0.0,1.0,0.0,0.0,1.0,0.0
1820755,0.0,0.0,2.0,0.0,0.0,1.0,0.0
1820963,0.0,0.0,2.0,0.0,0.0,0.0,0.0
1821255,0.0,0.0,0.0,0.0,0.0,0.0,0.0
1821467,0.0,0.0,0.0,0.0,0.0,1.0,0.0
1821478,0.0,0.0,0.0,0.0,1.0,1.0,0.0
1821482,0.0,0.0,0.0,0.0,1.0,2.0,0.0
1821978,0.0,0.0,0.0,0.0,0.0,2.0,0.0
1821982,0.0,0.0,0.0,0.0,0.0,0.0,0.0
1822007,0.0,2.0,0.0,0.0,0.0,0.0,0.0
1822126,0.0,2.0,0.0,0.0,0.0,1.0,0.0
1822507,0.0,0.0,0.0,0.0,0.0,1.0,0.0
1822626,0.0,0.0,0.0,0.0,0.0,0.0,0.0
1823334,0.0,0.0,0.0,0.0,0.0,1.0,0.0
1823610,0.0,0.0,0.0,0.0,1.0,1.0,0.0
1823826,0.0,0.0,0.0,0.0,1.0,2.0,0.0
1824110,0.0,0.0,0.0,0.0,0.0,2.0,0.0
1824326,0.0,0.0,0.0,0.0,0.0,0.0,0.0
1824708,0.0,0.0,0.0,0.0,0.0,1.0,0.0
1825208,0.0,0.0,0.0,0.0,0.0,0.0,0.0
1825471,0.0,0.0,0.0,0.0,0.0,1.0,0.0
1825971,0.0,0.0,0.0,0.0,0.0,0.0,0.0
1826054,0.0,0.0,0.0,0.0,0.0,1.0,0.0
1826554,0.0,0.0,0.0,0.0,0.0,0.0,0.0
1826614,0.0,0.0,0.0,0.0,0.0,1.0,0.0
1827114,0.0,0.0,0.0,0.0,0.0,0.0,0.0
1827151,0.0,0.0,0.0,0.0,0.0,1.0,0.0
1827163,0.0,0.0,0.0,0.0,0.0,2.0,0.0
1827663,0.0,0.0,0.0,0.0,0.0,0.0,0.0
1828249,0.0,0.0,0.0,0.0,0.0,1.0,0.0
1828749,0.0,0.0,0.0,0.0,0.0,0.0,0.0
1829007,0.0,0.0,0.0,0.0,0.0,1.0,0.0
1829222,0.0,0.0,0.0,0.0,0.0,2.0,0.0
1829722,0.0,0.0,0.0,0.0,0.0,0.0,0.0
1832470,0.0,0.0,0.0,0.0,0.0,1.0,0.0
1832970,0.0,0.0,0.0,0.0,0.0,0.0,0.0
1833375,0.0,0.0,0.0,0.0,0.0,1.0,0.0
1833395,0.0,0.0,0.0,0.0,0.0,2.0,0.0
1833895,0.0,0.0,0.0,0.0,0.0,0.0,0.0
1834762,0.0,0.0,0.0,0.0,0.0,1.0,0.0
1834766,0.0,0.0,0.0,0.0,0.0,2.0,0.0
1835266,0.0,0.0,0.0,0.0,0.0,0.0,0.0
1835344,0.0,0.0,0.0,0.0,0.0,1.0,0.0
1835347,0.0,0.0,0.0,0.0,0.0,2.0,0.0
1835847,0.0,0.0,0.0,0.0,0.0,0.0,0.0
1836227,0.0,0.0,0.0,0.0,0.0,1.0,0.0
1836727,0.0,0.0,0.0,0.0,0.0,0.0,0.0
1836735,0.0,0.0,0.0,0.0,0.0,1.0,0.0
1837235,0.0,0.0,0.0,0.0,0.0,0.0,0.0
1837275,0.0,0.0,0.0,0.0,0.0,1.0,0.0
1837775,0.0,0.0,0.0,0.0,0.0,0.0,0.0
1837962,0.0,0.0,0.0,0.0,0.0,1.0,0.0
1838462,0.0,0.0,0.0,0.0,0.0,0.0,0.0
1838693,0.0,0.0,0.0,0.0,0.0,1.0,0.0
1839193,0.0,0.0,0.0,0.0,0.0,0.0,0.0
1840390,0.0,0.0,0.0,0.0,0.0,1.0,0.0
1840410,0.0,0.0,0.0,0.0,0.0,2.0,0.0
1840910,0.0,0.0,0.0,0.0,0.0,0.0,0.0
1841043,0.0,0.0,0.0,0.0,0.0,1.0,0.0
1841070,0.0,0.0,0.0,0.0,0.0,2.0,0.0
1841570,0.0,0.0,0.0,0.0,0.0,0.0,0.0
1842068,0.0,0.0,0.0,0.0,0.0,1.0,0.0
1842568,0.0,0.0,0.0,0.0,0.0,0.0,0.0
1842849,0.0,0.0,0.0,0.0,0.0,1.0,0.0
1842862,0.0,0.0,0.0,0.0,0.0,2.0,0.0
1843362,0.0,0.0,0.0,0.0,0.0,0.0,0.0
1843479,0.0,0.0,0.0,0.0,0.0,1.0,0.0
1843793,0.0,0.0,0.0,0.0,0.0,2.0,0.0
1844082,0.0,0.0,0.0,0.0,1.0,2.0,0.0
1844085,0.0,0.0,0.0,0.0,2.0,2.0,0.0
1844293,0.0,0.0,0.0,0.0,2.0,0.0,0.0
1844534,0.0,0.0,0.0,0.0,2.0,1.0,0.0
1844585,0.0,0.0,0.0,0.0,0.0,1.0,0.0
1845034,0.0,0.0,0.0,0.0,0.0,0.0,0.0
1845891,0.0,0.0,0.0,0.0,0.0,1.0,0.0
1845905,0.0,0.0,0.0,0.0,0.0,2.0,0.0
1846405,0.0,0.0,0.0,0.0,0.0,0.0,0.0
1846951,0.0,0.0,0.0,0.0,0.0,1.0,0.0
1847451,0.0,0.0,0.0,0.0,0.0,0.0,0.0
1847871,0.0,0.0,0.0,0.0,0.0,1.0,0.0
1848371,0.0,0.0,0.0,0.0,0.0,0.0,0.0
1848478,0.0,0.0,0.0,0.0,0.0,1.0,0.0
1848769,0.0,0.0,0.0,0.0,0.0,2.0,0.0
1849269,0.0,0.0,0.0,0.0,0.0,0.0,0.0
1849371,0.0,0.0,0.0,0.0,0.0,1.0,0.0
1849396,0.0,0.0,0.0,0.0,0.0,2.0,0.0
1849896,0.0,0.0,0.0,0.0,0.0,0.0,0.0
1850165,0.0,0.0,0.0,0.0,0.0,1.0,0.0
1850665,0.0,0.0,0.0,0.0,0.0,0.0,0.0
1850760,0.0,0.0,0.0,0.0,1.0,0.0,0.0
1851231,0.0,2.0,0.0,0.0,1.0,0.0,0.0
1851233,0.0,2.0,0.0,0.0,1.0,1.0,0.0
1851260,0.0,2.0,0.0,0.0,0.0,1.0,0.0
1851731,0.0,0.0,0.0,0.0,0.0,1.0,0.0
1851733,0.0,0.0,0.0,0.0,0.0,0.0,0.0
1851811,0.0,0.0,0.0,0.0,0.0,1.0,0.0
1851847,0.0,0.0,0.0,0.0,0.0,2.0,0.0
1852347,0.0,0.0,0.0,0.0,0.0,0.0,0.0
1853898,0.0,0.0,0.0,0.0,0.0,1.0,0.0
1854398,0.0,0.0,0.0,0.0,0.0,0.0,0.0
1854485,0.0,0.0,0.0,0.0,0.0,1.0,0.0
1854488,0.0,0.0,0.0,0.0,0.0,2.0,0.0
1854988,0.0,0.0,0.0,0.0,0.0,0.0,0.0
1855003,0.0,0.0,0.0,0.0,0.0,1.0,0.0
1855503,0.0,0.0,0.0,0.0,0.0,0.0,0.0
1855998,0.0,0.0,0.0,0.0,0.0,1.0,0.0
1856002,0.0,0.0,0.0,0.0,0.0,2.0,0.0
1856502,0.0,0.0,0.0,0.0,0.0,0.0,0.0
1857151,0.0,0.0,0.0,0.0,0.0,1.0,0.0
1857651,0.0,0.0,0.0,0.0,0.0,0.0,0.0
1857938,0.0,0.0,0.0,0.0,0.0,1.0,0.0
1857942,0.0,0.0,0.0,0.0,0.0,2.0,0.0
1858442,0.0,0.0,0.0,0.0,0.0,0.0,0.0
1858458,0.0,0.0,0.0,0.0,0.0,1.0,0.0
1858469,0.0,0.0,0.0,0.0,0.0,2.0,0.0
1858614,0.0,0.0,0.0,0.0,1.0,2.0,0.0
1858624,0.0,0.0,1.0,0.0,1.0,2.0,0.0
1858969,0.0,0.0,1.0,0.0,1.0,0.0,0.0
1859114,0.0,0.0,1.0,0.0,0.0,0.0,0.0
1859318,0.0,0.0,1.0,0.0,0.0,1.0,0.0
1859624,0.0,0.0,0.0,0.0,0.0,1.0,0.0
1859754,0.0,0.0,0.0,0.0,0.0,2.0,0.0
1859836,0.0,0.0,1.0,0.0,0.0,2.0,0.0
1860254,0.0,0.0,1.0,0.0,0.0,0.0,0.0
1860336,0.0,0.0,0.0,0.0,0.0,0.0,0.0
1860343,0.0,0.0,1.0,0.0,0.0,0.0,0.0
1860962,0.0,0.0,1.0,0.0,0.0,1.0,0.0
1861462,0.0,0.0,1.0,0.0,0.0,0.0,0.0
1861475,0.0,0.0,1.0,0.0,0.0,1.0,0.0
1861843,0.0,0.0,0.0,0.0,0.0,1.0,0.0
1861975,0.0,0.0,0.0,0.0,0.0,0.0,0.0
1862387,0.0,0.0,0.0,0.0,0.0,1.0,0.0
1862877,0.0,0.0,0.0,0.0,0.0,2.0,0.0
1863377,0.0,0.0,0.0,0.0,0.0,0.0,0.0
1863379,0.0,0.0,0.0,0.0,0.0,1.0,0.0
1863385,0.0,0.0,0.0,0.0,0.0,2.0,0.0
1863885,0.0,0.0,0.0,0.0,0.0,0.0,0.0
1864121,0.0,0.0,0.0,0.0,0.0,1.0,0.0
1864621,0.0,0.0,0.0,0.0,0.0,0.0,0.0
1864688,0.0,0.0,0.0,0.0,0.0,1.0,0.0
1865188,0.0,0.0,0.0,0.0,0.0,0.0,0.0
1865198,0.0,0.0,0.0,0.0,0.0,1.0,0.0
1865622,0.0,0.0,1.0,0.0,0.0,1.0,0.0
1865625,0.0,0.0,1.0,0.0,0.0,2.0,0.0
1866125,0.0,0.0,1.0,0.0,0.0,0.0,0.0
1867556,0.0,0.0,1.0,0.0,0.0,1.0,0.0
1868056,0.0,0.0,1.0,0.0,0.0,0.0,0.0
1868080,0.0,0.0,1.0,0.0,0.0,1.0,0.0
1868580,0.0,0.0,1.0,0.0,0.0,0.0,0.0
1868965,0.0,0.0,1.0,0.0,0.0,1.0,0.0
1869465,0.0,0.0,1.0,0.0,0.0,0.0,0.0
1869861,0.0,0.0,1.0,0.0,0.0,1.0,0.0
1870361,0.0,0.0,1.0,0.0,0.0,0.0,0.0
1871310,0.0,0.0,1.0,0.0,0.0,1.0,0.0
1871810,0.0,0.0,1.0,0.0,0.0,0.0,0.0
1872011,0.0,0.0,1.0,0.0,0.0,1.0,0.0
1872511,0.0,0.0,1.0,0.0,0.0,0.0,0.0
1872622,0.0,0.0,0.0,0.0,0.0,0.0,0.0
1872643,0.0,0.0,1.0,0.0,0.0,0.0,0.0
1872940,0.0,0.0,1.0,0.0,0.0,1.0,0.0
1873143,0.0,0.0,0.0,0.0,0.0,1.0,0.0
1873440,0.0,0.0,0.0,0.0,0.0,0.0,0.0
1873447,0.0,0.0,0.0,0.0,0.0,1.0,0.0
1873456,0.0,0.0,0.0,0.0,0.0,2.0,0.0
1873479,0.0,0.0,0.0,0.0,1.0,2.0,0.0
1873488,0.0,0.0,1.0,0.0,1.0,2.0,0.0
1873494,0.0,0.0,1.0,0.0,2.0,2.0,0.0
1873956,0.0,0.0,1.0,0.0,2.0,0.0,0.0
1873988,0.0,0.0,0.0,0.0,2.0,0.0,0.0
1873994,0.0,0.0,0.0,0.0,0.0,0.0,0.0
1874055,0.0,0.0,0.0,0.0,0.0,1.0,0.0
1874555,0.0,0.0,0.0,0.0,0.0,0.0,0.0
1875560,0.0,0.0,0.0,0.0,0.0,1.0,0.0
1876060,0.0,0.0,0.0,0.0,0.0,0.0,0.0
1876256,0.0,0.0,0.0,0.0,0.0,1.0,0.0
1876262,0.0,0.0,0.0,0.0,0.0,2.0,0.0
1876762,0.0,0.0,0.0,0.0,0.0,0.0,0.0
1877258,0.0,0.0,0.0,0.0,0.0,1.0,0.0
1877758,0.0,0.0,0.0,0.0,0.0,0.0,0.0
1877813,0.0,0.0,0.0,0.0,0.0,1.0,0.0
1877822,0.0,0.0,0.0,0.0,0.0,2.0,0.0
1878322,0.0,0.0,0.0,0.0,0.0,0.0,0.0
1878757,0.0,0.0,0.0,0.0,0.0,1.0,0.0
1879257,0.0,0.0,0.0,0.0,0.0,0.0,0.0
1880313,0.0,0.0,0.0,0.0,0.0,1.0,0.0
1880316,0.0,0.0,0.0,0.0,0.0,2.0,0.0
1880816,0.0,0.0,0.0,0.0,0.0,0.0,0.0
1880944,0.0,0.0,0.0,0.0,0.0,1.0,0.0
1881444,0.0,0.0,0.0,0.0,0.0,0.0,0.0
1881480,0.0,0.0,0.0,0.0,0.0,1.0,0.0
1881980,0.0,0.0,0.0,0.0,0.0,0.0,0.0
1882079,0.0,0.0,0.0,0.0,0.0,1.0,0.0
1882579,0.0,0.0,0.0,0.0,0.0,0.0,0.0
1882605,0.0,0.0,0.0,0.0,0.0,1.0,0.0
1882681,0.0,0.0,0.0,0.0,0.0,2.0,0.0
1883181,0.0,0.0,0.0,0.0,0.0,0.0,0.0
1883447,0.0,0.0,0.0,0.0,0.0,1.0,0.0
1883947,0.0,0.0,0.0,0.0,0.0,0.0,0.0
1884019,0.0,0.0,0.0,0.0,0.0,1.0,0.0
1884519,0.0,0.0,0.0,0.0,0.0,0.0,0.0
1884604,0.0,0.0,0.0,0.0,0.0,1.0,0.0
1884939,0.0,0.0,0.0,0.0,0.0,2.0,0.0
1885439,0.0,0.0,0.0,0.0,0.0,0.0,0.0
1885717,0.0,0.0,0.0,0.0,0.0,1.0,0.0
1886217,0.0,0.0,0.0,0.0,0.0,0.0,0.0
1887284,0.0,0.0,0.0,0.0,0.0,1.0,0.0
1887292,0.0,0.0,0.0,0.0,0.0,2.0,0.0
1887792,0.0,0.0,0.0,0.0,0.0,0.0,0.0
1887968,0.0,0.0,0.0,0.0,0.0,1.0,0.0
1888434,0.0,0.0,0.0,0.0,0.0,2.0,0.0
1888934,0.0,0.0,0.0,0.0,0.0,0.0,0.0
1888989,0.0,0.0,0.0,0.0,0.0,1.0,0.0
1889489,0.0,0.0,0.0,0.0,0.0,0.0,0.0
1889495,0.0,0.0,0.0,0.0,0.0,1.0,0.0
1889995,0.0,0.0,0.0,0.0,0.0,0.0,0.0
1890266,0.0,0.0,0.0,0.0,0.0,1.0,0.0
1890766,0.0,0.0,0.0,0.0,0.0,0.0,0.0
1891089,0.0,0.0,0.0,0.0,0.0,1.0,0.0
1891579,0.0,0.0,0.0,0.0,0.0,2.0,0.0
1892079,0.0,0.0,0.0,0.0,0.0,0.0,0.0
1892185,0.0,0.0,0.0,0.0,0.0,1.0,0.0
1892685,0.0,0.0,0.0,0.0,0.0,0.0,0.0
1894003,0.0,0.0,0.0,0.0,0.0,1.0,0.0
1894457,0.0,0.0,0.0,0.0,0.0,2.0,0.0
1894957,0.0,0.0,0.0,0.0,0.0,0.0,0.0
1895351,0.0,0.0,0.0,0.0,0.0,1.0,0.0
1895851,0.0,0.0,0.0,0.0,0.0,0.0,0.0
1896724,0.0,0.0,0.0,0.0,0.0,1.0,0.0
1897224,0.0,0.0,0.0,0.0,0.0,0.0,0.0
1897374,0.0,0.0,0.0,0.0,0.0,1.0,0.0
1897874,0.0,0.0,0.0,0.0,0.0,0.0,0.0
1897891,0.0,0.0,0.0,0.0,0.0,1.0,0.0
1898391,0.0,0.0,0.0,0.0,0.0,0.0,0.0
1898570,0.0,0.0,0.0,0.0,0.0,1.0,0.0
1898573,0.0,0.0,0.0,0.0,0.0,2.0,0.0
1899073,0.0,0.0,0.0,0.0,0.0,0.0,0.0
1899169,0.0,0.0,0.0,0.0,0.0,1.0,0.0
1899480,0.0,0.0,0.0,0.0,0.0,2.0,0.0
1899980,0.0,0.0,0.0,0.0,0.0,0.0,0.0
1900147,0.0,0.0,0.0,0.0,0.0,1.0,0.0
1900647,0.0,0.0,0.0,0.0,0.0,0.0,0.0
1900734,0.0,0.0,0.0,0.0,0.0,1.0,0.0
1901234,0.0,0.0,0.0,0.0,0.0,0.0,0.0
1901305,0.0,0.0,0.0,0.0,0.0,1.0,0.0
1901657,0.0,0.0,0.0,0.0,0.0,2.0,0.0
1902157,0.0,0.0,0.0,0.0,0.0,0.0,0.0
1902785,0.0,0.0,0.0,0.0,0.0,1.0,0.0
1903285,0.0,0.0,0.0,0.0,0.0,0.0,0.0
1903291,0.0,0.0,0.0,0.0,0.0,1.0,0.0
1903791,0.0,0.0,0.0,0.0,0.0,0.0,0.0
1904278,0.0,0.0,0.0,0.0,0.0,1.0,0.0
1904778,0.0,0.0,0.0,0.0,0.0,0.0,0.0
1905588,0.0,0.0,0.0,0.0,0.0,1.0,0.0
1906088,0.0,0.0,0.0,0.0,0.0,0.0,0.0
1907088,0.0,0.0,0.0,0.0,0.0,1.0,0.0
1907588,0.0,0.0,0.0,0.0,0.0,0.0,0.0
1907678,0.0,0.0,0.0,0.0,0.0,1.0,0.0
1908043,0.0,0.0,0.0,0.0,1.0,1.0,0.0
1908178,0.0,0.0,0.0,0.0,1.0,0.0,0.0
1908307,0.0,0.0,0.0,0.0,1.0,1.0,0.0
1908326,0.0,0.0,0.0,0.0,1.0,2.0,0.0
1908543,0.0,0.0,0.0,0.0,0.0,2.0,0.0
1908826,0.0,0.0,0.0,0.0,0.0,0.0,0.0
1909048,0.0,0.0,0.0,0.0,0.0,1.0,0.0
1909548,0.0,0.0,0.0,0.0,0.0,0.0,0.0
1909675,0.0,0.0,0.0,0.0,0.0,1.0,0.0
1909817,0.0,0.0,0.0,0.0,0.0,2.0,0.0
1910317,0.0,0.0,0.0,0.0,0.0,0.0,0.0
1910635,0.0,0.0,0.0,0.0,0.0,1.0,0.0
1910665,0.0,0.0,0.0,0.0,0.0,2.0,0.0
1911165,0.0,0.0,0.0,0.0,0.0,0.0,0.0
1911223,0.0,0.0,0.0,0.0,0.0,1.0,0.0
1911235,0.0,0.0,0.0,0.0,0.0,2.0,0.0
1911735,0.0,0.0,0.0,0.0,0.0,0.0,0.0
1913337,0.0,0.0,0.0,0.0,0.0,1.0,0.0
1913837,0.0,0.0,0.0,0.0,0.0,0.0,0.0
1913839,0.0,0.0,0.0,0.0,0.0,1.0,0.0
1914339,0.0,0.0,0.0,0.0,0.0,0.0,0.0
1915647,0.0,0.0,0.0,0.0,0.0,1.0,0.0
1915708,0.0,0.0,0.0,0.0,0.0,2.0,0.0
1916208,0.0,0.0,0.0,0.0,0.0,0.0,0.0
1916368,0.0,0.0,0.0,0.0,0.0,1.0,0.0
1916420,0.0,0.0,0.0,0.0,0.0,2.0,0.0
1916920,0.0,0.0,0.0,0.0,0.0,0.0,0.0
1917070,0.0,0.0,0.0,0.0,0.0,1.0,0.0
1917570,0.0,0.0,0.0,0.0,0.0,0.0,0.0
1917723,0.0,0.0,0.0,0.0,0.0,1.0,0.0
1917727,0.0,0.0,0.0,0.0,0.0,2.0,0.0
1918227,0.0,0.0,0.0,0.0,0.0,0.0,0.0
1918394,0.0,0.0,0.0,0.0,0.0,1.0,0.0
1918894,0.0,0.0,0.0,0.0,0.0,0.0,0.0
1919897,0.0,0.0,0.0,0.0,0.0,1.0,0.0
1920397,0.0,0.0,0.0,0.0,0.0,0.0,0.0
1921263,0.0,0.0,0.0,0.0,0.0,1.0,0.0
1921763,0.0,0.0,0.0,0.0,0.0,0.0,0.0
1921890,0.0,0.0,0.0,0.0,1.0,0.0,0.0
1922390,0.0,0.0,0.0,0.0,0.0,0.0,0.0
1923836,0.0,0.0,0.0,0.0,0.0,1.0,0.0
1924263,0.0,0.0,0.0,0.0,0.0,2.0,0.0
1924763,0.0,0.0,0.0,0.0,0.0,0.0,0.0
1926163,0.0,0.0,0.0,0.0,0.0,1.0,0.0
1926663,0.0,0.0,0.0,0.0,0.0,0.0,0.0
1926852,0.0,0.0,0.0,0.0,0.0,1.0,0.0
1927352,0.0,0.0,0.0,0.0,0.0,0.0,0.0
1927527,0.0,0.0,0.0,0.0,0.0,1.0,0.0
1928027,0.0,0.0,0.0,0.0,0.0,0.0,0.0
1928528,0.0,0.0,0.0,0.0,0.0,1.0,0.0
1928535,0.0,0.0,0.0,0.0,0.0,2.0,0.0
1929035,0.0,0.0,0.0,0.0,0.0,0.0,0.0
1931140,0.0,0.0,0.0,0.0,0.0,1.0,0.0
1931640,0.0,0.0,0.0,0.0,0.0,0.0,0.0
1935719,0.0,0.0,0.0,0.0,1.0,0.0,0.0
1935721,0.0,0.0,0.0,0.0,1.0,1.0,0.0
1936219,0.0,0.0,0.0,0.0,0.0,1.0,0.0
1936221,0.0,0.0,0.0,0.0,0.0,0.0,0.0
1938094,0.0,0.0,0.0,0.0,0.0,1.0,0.0
1938594,0.0,0.0,0.0,0.0,0.0,0.0,0.0
1945910,0.0,0.0,0.0,0.0,0.0,1.0,0.0
1946410,0.0,0.0,0.0,0.0,0.0,0.0,0.0
1948157,0.0,0.0,0.0,0.0,0.0,1.0,0.0
1948657,0.0,0.0,0.0,0.0,0.0,0.0,0.0
1948716,0.0,0.0,0.0,0.0,0.0,1.0,0.0
1949216,0.0,0.0,0.0,0.0,0.0,0.0,0.0
1953498,0.0,0.0,0.0,0.0,0.0,1.0,0.0
1953500,0.0,0.0,0.0,0.0,0.0,2.0,0.0
1954000,0.0,0.0,0.0,0.0,0.0,0.0,0.0
1960062,0.0,0.0,0.0,0.0,0.0,1.0,0.0
1960562,0.0,0.0,0.0,0.0,0.0,0.0,0.0
1962873,0.0,0.0,0.0,0.0,0.0,1.0,0.0
1963373,0.0,0.0,0.0,0.0,0.0,0.0,0.0
1964030,0.0,0.0,0.0,0.0,0.0,1.0,0.0
1964530,0.0,0.0,0.0,0.0,0.0,0.0,0.0
1967205,0.0,0.0,0.0,0.0,0.0,1.0,0.0
1967705,0.0,0.0,0.0,0.0,0.0,0.0,0.0
1967852,0.0,0.0,0.0,0.0,0.0,1.0,0.0
1968352,0.0,0.0,0.0,0.0,0.0,0.0,0.0
1970187,0.0,0.0,0.0,0.0,0.0,1.0,0.0
1970687,0.0,0.0,0.0,0.0,0.0,0.0,0.0
1971410,0.0,0.0,0.0,0.0,0.0,1.0,0.0
1971910,0.0,0.0,0.0,0.0,0.0,0.0,0.0
1973972,0.0,0.0,0.0,0.0,0.0,1.0,0.0
1974472,0.0,0.0,0.0,0.0,0.0,0.0,0.0
1977246,0.0,0.0,0.0,0.0,0.0,1.0,0.0
1977746,0.0,0.0,0.0,0.0,0.0,0.0,0.0
1978425,0.0,0.0,0.0,0.0,0.0,1.0,0.0
1978925,0.0,0.0,0.0,0.0,0.0,0.0,0.0
1981300,0.0,0.0,0.0,0.0,0.0,1.0,0.0
1981800,0.0,0.0,0.0,0.0,0.0,0.0,0.0
1983241,0.0,0.0,0.0,0.0,0.0,1.0,0.0
1983741,0.0,0.0,0.0,0.0,0.0,0.0,0.0
1983799,0.0,0.0,0.0,0.0,0.0,1.0,0.0
1984299,0.0,0.0,0.0,0.0,0.0,0.0,0.0
1986792,0.0,0.0,0.0,0.0,0.0,1.0,0.0
1987292,0.0,0.0,0.0,0.0,0.0,0.0,0.0
1988905,0.0,0.0,0.0,0.0,0.0,1.0,0.0
1989405,0.0,0.0,0.0,0.0,0.0,0.0,0.0
1989680,0.0,0.0,0.0,0.0,0.0,1.0,0.0
1989699,0.0,0.0,0.0,0.0,0.0,2.0,0.0
1990199,0.0,0.0,0.0,0.0,0.0,0.0,0.0
1992657,0.0,0.0,0.0,0.0,0.0,1.0,0.0
1993157,0.0,0.0,0.0,0.0,0.0,0.0,0.0
1993186,0.0,0.0,0.0,0.0,0.0,1.0,0.0
1993686,0.0,0.0,0.0,0.0,0.0,0.0,0.0
1993964,0.0,0.0,0.0,0.0,0.0,1.0,0.0
1994464,0.0,0.0,0.0,0.0,0.0,0.0,0.0
1995770,0.0,0.0,0.0,0.0,0.0,1.0,0.0
1996270,0.0,0.0,0.0,0.0,0.0,0.0,0.0
1996829,0.0,0.0,0.0,0.0,0.0,1.0,0.0
1997329,0.0,0.0,0.0,0.0,0.0,0.0,0.0
1998587,0.0,0.0,0.0,0.0,0.0,1.0,0.0
1998590,0.0,0.0,0.0,0.0,0.0,2.0,0.0
1999090,0.0,0.0,0.0,0.0,0.0,0.0,0.0
1999498,0.0,0.0,0.0,0.0,0.0,1.0,0.0
1999998,0.0,0.0,0.0,0.0,0.0,0.0,0.0
2002178,0.0,0.0,0.0,0.0,0.0,1.0,0.0
2002678,0.0,0.0,0.0,0.0,0.0,0.0,0.0
2007742,0.0,0.0,0.0,0.0,0.0,1.0,0.0
2008242,0.0,0.0,0.0,0.0,0.0,0.0,0.0
2009169,0.0,0.0,0.0,0.0,0.0,1.0,0.0
2009172,0.0,0.0,0.0,0.0,0.0,2.0,0.0
2009672,0.0,0.0,0.0,0.0,0.0,0.0,0.0
2014265,0.0,0.0,0.0,0.0,0.0,1.0,0.0
2014765,0.0,0.0,0.0,0.0,0.0,0.0,0.0
2014967,0.0,0.0,0.0,0.0,0.0,1.0,0.0
2015467,0.0,0.0,0.0,0.0,0.0,0.0,0.0
2016709,0.0,0.0,0.0,0.0,0.0,1.0,0.0
2017209,0.0,0.0,0.0,0.0,0.0,0.0,0.0
2019000,0.0,0.0,0.0,0.0,0.0,0.0,1.0
2019500,0.0,0.0,0.0,0.0,0.0,0.0,0.0
2019555,0.0,0.0,0.0,0.0,0.0,1.0,0.0
2019615,2.0,0.0,0.0,0.0,0.0,1.0,0.0
2019644,2.0,0.0,0.0,0.0,0.0,2.0,0.0
2019938,2.0,0.0,0.0,0.0,1.0,2.0,0.0
2019989,2.0,0.0,0.0,0.0,2.0,2.0,0.0
2019997,2.0,2.0,0.0,0.0,2.0,2.0,0.0
2020115,0.0,2.0,0.0,0.0,2.0,2.0,0.0
2020144,0.0,2.0,0.0,0.0,2.0,0.0,0.0
2020489,0.0,2.0,0.0,0.0,0.0,0.0,0.0
2020497,0.0,0.0,0.0,0.0,0.0,0.0,0.0
