,ADWIN,CUSUM,DDM,GeometricMovingAverage,HDDMAverage,HDDMWeighted,Ground-truth
193,0.0,0.0,0.0,0.0,1.0,0.0,0.0
682,0.0,0.0,0.0,0.0,1.0,1.0,0.0
693,0.0,0.0,0.0,0.0,0.0,1.0,0.0
1182,0.0,0.0,0.0,0.0,0.0,0.0,0.0
1570,0.0,0.0,0.0,0.0,0.0,1.0,0.0
1573,0.0,0.0,0.0,0.0,0.0,2.0,0.0
2073,0.0,0.0,0.0,0.0,0.0,0.0,0.0
2293,0.0,0.0,0.0,0.0,1.0,0.0,0.0
2711,0.0,0.0,0.0,0.0,1.0,1.0,0.0
2793,0.0,0.0,0.0,0.0,0.0,1.0,0.0
3211,0.0,0.0,0.0,0.0,0.0,0.0,0.0
3218,0.0,0.0,0.0,0.0,0.0,1.0,0.0
3223,0.0,0.0,0.0,0.0,0.0,2.0,0.0
3723,0.0,0.0,0.0,0.0,0.0,0.0,0.0
4090,0.0,0.0,0.0,0.0,0.0,1.0,0.0
4420,0.0,2.0,0.0,0.0,0.0,1.0,0.0
4590,0.0,2.0,0.0,0.0,0.0,0.0,0.0
4782,0.0,2.0,0.0,0.0,0.0,1.0,0.0
4920,0.0,0.0,0.0,0.0,0.0,1.0,0.0
5282,0.0,0.0,0.0,0.0,0.0,0.0,0.0
5287,0.0,0.0,0.0,0.0,0.0,1.0,0.0
5787,0.0,0.0,0.0,0.0,0.0,0.0,0.0
5821,0.0,0.0,0.0,0.0,0.0,1.0,0.0
5970,0.0,0.0,0.0,0.0,0.0,2.0,0.0
6470,0.0,0.0,0.0,0.0,0.0,0.0,0.0
6743,0.0,0.0,0.0,0.0,0.0,1.0,0.0
6746,0.0,0.0,0.0,0.0,0.0,2.0,0.0
7246,0.0,0.0,0.0,0.0,0.0,0.0,0.0
7478,0.0,0.0,0.0,0.0,0.0,1.0,0.0
7609,0.0,0.0,0.0,0.0,0.0,2.0,0.0
8109,0.0,0.0,0.0,0.0,0.0,0.0,0.0
8180,0.0,0.0,0.0,0.0,0.0,1.0,0.0
8403,0.0,0.0,0.0,0.0,0.0,2.0,0.0
8903,0.0,0.0,0.0,0.0,0.0,0.0,0.0
9157,0.0,0.0,0.0,0.0,0.0,1.0,0.0
9657,0.0,0.0,0.0,0.0,0.0,0.0,0.0
9877,0.0,0.0,0.0,0.0,0.0,1.0,0.0
10168,0.0,0.0,0.0,0.0,0.0,2.0,0.0
10668,0.0,0.0,0.0,0.0,0.0,0.0,0.0
10711,0.0,0.0,0.0,0.0,0.0,1.0,0.0
11211,0.0,0.0,0.0,0.0,0.0,0.0,0.0
11428,0.0,0.0,0.0,0.0,0.0,1.0,0.0
11928,0.0,0.0,0.0,0.0,0.0,0.0,0.0
12089,0.0,0.0,0.0,0.0,0.0,1.0,0.0
12589,0.0,0.0,0.0,0.0,0.0,0.0,0.0
13253,0.0,0.0,0.0,0.0,1.0,0.0,0.0
13266,0.0,0.0,0.0,0.0,1.0,1.0,0.0
13327,0.0,0.0,0.0,0.0,1.0,2.0,0.0
13753,0.0,0.0,0.0,0.0,0.0,2.0,0.0
13827,0.0,0.0,0.0,0.0,0.0,0.0,0.0
14450,0.0,0.0,0.0,0.0,0.0,1.0,0.0
14950,0.0,0.0,0.0,0.0,0.0,0.0,0.0
15135,0.0,0.0,0.0,0.0,0.0,1.0,0.0
15269,0.0,0.0,0.0,0.0,0.0,2.0,0.0
15769,0.0,0.0,0.0,0.0,0.0,0.0,0.0
17036,0.0,0.0,0.0,0.0,0.0,1.0,0.0
17442,0.0,0.0,0.0,0.0,0.0,2.0,0.0
17942,0.0,0.0,0.0,0.0,0.0,0.0,0.0
18164,0.0,0.0,0.0,0.0,0.0,1.0,0.0
18664,0.0,0.0,0.0,0.0,0.0,0.0,0.0
18671,0.0,0.0,0.0,0.0,0.0,1.0,0.0
19171,0.0,0.0,0.0,0.0,0.0,0.0,0.0
19448,0.0,0.0,0.0,0.0,0.0,1.0,0.0
19459,0.0,0.0,0.0,0.0,0.0,2.0,0.0
19959,0.0,0.0,0.0,0.0,0.0,0.0,0.0
20621,0.0,0.0,0.0,0.0,0.0,1.0,0.0
20624,0.0,0.0,0.0,0.0,0.0,2.0,0.0
21124,0.0,0.0,0.0,0.0,0.0,0.0,0.0
21269,0.0,0.0,0.0,0.0,0.0,1.0,0.0
21274,0.0,0.0,0.0,0.0,0.0,2.0,0.0
21774,0.0,0.0,0.0,0.0,0.0,0.0,0.0
22421,0.0,0.0,0.0,0.0,0.0,1.0,0.0
22533,0.0,0.0,0.0,0.0,0.0,2.0,0.0
23033,0.0,0.0,0.0,0.0,0.0,0.0,0.0
24078,0.0,0.0,0.0,0.0,0.0,1.0,0.0
24083,0.0,0.0,0.0,0.0,0.0,2.0,0.0
24583,0.0,0.0,0.0,0.0,0.0,0.0,0.0
24690,0.0,0.0,0.0,0.0,0.0,1.0,0.0
25190,0.0,0.0,0.0,0.0,0.0,0.0,0.0
25225,0.0,0.0,0.0,0.0,0.0,1.0,0.0
25725,0.0,0.0,0.0,0.0,0.0,0.0,0.0
25750,0.0,0.0,0.0,0.0,0.0,1.0,0.0
26250,0.0,0.0,0.0,0.0,0.0,0.0,0.0
26612,0.0,0.0,0.0,0.0,0.0,1.0,0.0
27112,0.0,0.0,0.0,0.0,0.0,0.0,0.0
27426,0.0,0.0,0.0,0.0,0.0,1.0,0.0
27434,0.0,0.0,0.0,0.0,0.0,2.0,0.0
27934,0.0,0.0,0.0,0.0,0.0,0.0,0.0
29384,0.0,0.0,0.0,0.0,0.0,1.0,0.0
29386,0.0,0.0,0.0,0.0,0.0,2.0,0.0
29886,0.0,0.0,0.0,0.0,0.0,0.0,0.0
30243,0.0,0.0,0.0,0.0,0.0,1.0,0.0
31243,0.0,0.0,0.0,0.0,0.0,0.0,0.0
31602,0.0,0.0,0.0,0.0,0.0,1.0,0.0
31604,0.0,0.0,0.0,0.0,0.0,2.0,0.0
31957,0.0,0.0,0.0,0.0,1.0,2.0,0.0
32104,0.0,0.0,0.0,0.0,1.0,0.0,0.0
32457,0.0,0.0,0.0,0.0,0.0,0.0,0.0
33650,0.0,0.0,0.0,0.0,0.0,1.0,0.0
33653,0.0,0.0,0.0,0.0,0.0,2.0,0.0
34153,0.0,0.0,0.0,0.0,0.0,0.0,0.0
34690,0.0,0.0,0.0,0.0,0.0,1.0,0.0
35190,0.0,0.0,0.0,0.0,0.0,0.0,0.0
35492,0.0,0.0,0.0,0.0,0.0,1.0,0.0
35992,0.0,0.0,0.0,0.0,0.0,0.0,0.0
36024,0.0,0.0,0.0,0.0,0.0,1.0,0.0
36026,0.0,0.0,0.0,0.0,0.0,2.0,0.0
36526,0.0,0.0,0.0,0.0,0.0,0.0,0.0
36784,0.0,0.0,0.0,0.0,0.0,1.0,0.0
37085,0.0,0.0,0.0,0.0,0.0,2.0,0.0
37585,0.0,0.0,0.0,0.0,0.0,0.0,0.0
37709,0.0,0.0,0.0,0.0,0.0,1.0,0.0
38209,0.0,0.0,0.0,0.0,0.0,0.0,0.0
38381,0.0,0.0,0.0,0.0,0.0,1.0,0.0
38881,0.0,0.0,0.0,0.0,0.0,0.0,0.0
39059,0.0,0.0,0.0,0.0,0.0,1.0,0.0
39559,0.0,0.0,0.0,0.0,0.0,0.0,0.0
39919,0.0,0.0,0.0,0.0,0.0,1.0,0.0
40419,0.0,0.0,0.0,0.0,0.0,0.0,0.0
41111,0.0,0.0,0.0,0.0,0.0,1.0,0.0
41611,0.0,0.0,0.0,0.0,0.0,0.0,0.0
42136,0.0,0.0,0.0,0.0,0.0,1.0,0.0
42636,0.0,0.0,0.0,0.0,0.0,0.0,0.0
42733,0.0,0.0,0.0,0.0,0.0,1.0,0.0
43233,0.0,0.0,0.0,0.0,0.0,0.0,0.0
43436,0.0,0.0,0.0,0.0,0.0,1.0,0.0
43438,0.0,0.0,0.0,0.0,0.0,2.0,0.0
43938,0.0,0.0,0.0,0.0,0.0,0.0,0.0
44339,0.0,0.0,0.0,0.0,0.0,1.0,0.0
44839,0.0,0.0,0.0,0.0,0.0,0.0,0.0
45558,0.0,0.0,0.0,0.0,0.0,1.0,0.0
45962,0.0,0.0,0.0,0.0,0.0,2.0,0.0
46462,0.0,0.0,0.0,0.0,0.0,0.0,0.0
46857,0.0,0.0,0.0,0.0,0.0,1.0,0.0
47357,0.0,0.0,0.0,0.0,0.0,0.0,0.0
47656,0.0,0.0,0.0,0.0,0.0,1.0,0.0
48156,0.0,0.0,0.0,0.0,0.0,0.0,0.0
49173,0.0,0.0,0.0,0.0,0.0,1.0,0.0
49673,0.0,0.0,0.0,0.0,0.0,0.0,0.0
49955,0.0,0.0,0.0,0.0,0.0,1.0,0.0
50262,0.0,0.0,0.0,0.0,0.0,2.0,0.0
50762,0.0,0.0,0.0,0.0,0.0,0.0,0.0
51054,0.0,0.0,0.0,0.0,0.0,1.0,0.0
51127,0.0,0.0,0.0,0.0,0.0,2.0,0.0
51627,0.0,0.0,0.0,0.0,0.0,0.0,0.0
52307,0.0,0.0,0.0,0.0,0.0,1.0,0.0
52807,0.0,0.0,0.0,0.0,0.0,0.0,0.0
52956,0.0,0.0,0.0,0.0,0.0,1.0,0.0
52978,0.0,0.0,0.0,0.0,0.0,2.0,0.0
53478,0.0,0.0,0.0,0.0,0.0,0.0,0.0
53547,0.0,0.0,0.0,0.0,0.0,1.0,0.0
54047,0.0,0.0,0.0,0.0,0.0,0.0,0.0
54091,0.0,0.0,0.0,0.0,0.0,1.0,0.0
54281,0.0,0.0,0.0,0.0,0.0,2.0,0.0
54781,0.0,0.0,0.0,0.0,0.0,0.0,0.0
55039,0.0,0.0,0.0,0.0,0.0,1.0,0.0
55539,0.0,0.0,0.0,0.0,0.0,0.0,0.0
56248,0.0,0.0,0.0,0.0,0.0,1.0,0.0
56476,0.0,0.0,0.0,0.0,0.0,2.0,0.0
56976,0.0,0.0,0.0,0.0,0.0,0.0,0.0
60228,0.0,0.0,0.0,0.0,0.0,1.0,0.0
60728,0.0,0.0,0.0,0.0,0.0,0.0,0.0
60985,0.0,0.0,0.0,0.0,0.0,1.0,0.0
61485,0.0,0.0,0.0,0.0,0.0,0.0,0.0
61506,0.0,0.0,0.0,0.0,0.0,1.0,0.0
62006,0.0,0.0,0.0,0.0,0.0,0.0,0.0
62225,0.0,0.0,0.0,0.0,0.0,1.0,0.0
62227,0.0,0.0,0.0,0.0,0.0,2.0,0.0
62228,0.0,0.0,0.0,0.0,1.0,2.0,0.0
62231,0.0,0.0,0.0,0.0,2.0,2.0,0.0
62727,0.0,0.0,0.0,0.0,2.0,0.0,0.0
62731,0.0,0.0,0.0,0.0,0.0,0.0,0.0
62863,0.0,0.0,0.0,0.0,0.0,1.0,0.0
63363,0.0,0.0,0.0,0.0,0.0,0.0,0.0
63533,0.0,0.0,0.0,0.0,0.0,1.0,0.0
64033,0.0,0.0,0.0,0.0,0.0,0.0,0.0
64922,0.0,0.0,0.0,0.0,0.0,1.0,0.0
64923,0.0,0.0,0.0,0.0,1.0,1.0,0.0
64927,0.0,0.0,0.0,0.0,1.0,2.0,0.0
65423,0.0,0.0,0.0,0.0,0.0,2.0,0.0
65427,0.0,0.0,0.0,0.0,0.0,0.0,0.0
65451,0.0,0.0,0.0,0.0,0.0,1.0,0.0
65454,0.0,0.0,0.0,0.0,0.0,2.0,0.0
65954,0.0,0.0,0.0,0.0,0.0,0.0,0.0
66052,0.0,0.0,0.0,0.0,0.0,1.0,0.0
66056,0.0,0.0,0.0,0.0,0.0,2.0,0.0
66556,0.0,0.0,0.0,0.0,0.0,0.0,0.0
67577,0.0,0.0,0.0,0.0,0.0,1.0,0.0
68077,0.0,0.0,0.0,0.0,0.0,0.0,0.0
68105,0.0,0.0,0.0,0.0,0.0,1.0,0.0
68363,0.0,0.0,0.0,0.0,0.0,2.0,0.0
68863,0.0,0.0,0.0,0.0,0.0,0.0,0.0
69008,0.0,0.0,0.0,0.0,0.0,1.0,0.0
69011,0.0,0.0,0.0,0.0,0.0,2.0,0.0
69511,0.0,0.0,0.0,0.0,0.0,0.0,0.0
69609,0.0,0.0,0.0,0.0,0.0,1.0,0.0
69616,0.0,0.0,0.0,0.0,0.0,2.0,0.0
70116,0.0,0.0,0.0,0.0,0.0,0.0,0.0
70991,0.0,0.0,0.0,0.0,0.0,1.0,0.0
71491,0.0,0.0,0.0,0.0,0.0,0.0,0.0
71864,0.0,0.0,0.0,0.0,0.0,1.0,0.0
72364,0.0,0.0,0.0,0.0,0.0,0.0,0.0
72650,0.0,0.0,0.0,0.0,0.0,1.0,0.0
73150,0.0,0.0,0.0,0.0,0.0,0.0,0.0
73628,0.0,0.0,0.0,0.0,0.0,1.0,0.0
74128,0.0,0.0,0.0,0.0,0.0,0.0,0.0
75661,0.0,0.0,0.0,0.0,0.0,1.0,0.0
75872,0.0,0.0,0.0,0.0,0.0,2.0,0.0
76372,0.0,0.0,0.0,0.0,0.0,0.0,0.0
76664,0.0,0.0,0.0,0.0,0.0,1.0,0.0
77164,0.0,0.0,0.0,0.0,0.0,0.0,0.0
77203,0.0,0.0,0.0,0.0,0.0,1.0,0.0
77703,0.0,0.0,0.0,0.0,0.0,0.0,0.0
77952,0.0,0.0,0.0,0.0,0.0,1.0,0.0
77955,0.0,0.0,0.0,0.0,0.0,2.0,0.0
78455,0.0,0.0,0.0,0.0,0.0,0.0,0.0
79698,0.0,0.0,0.0,0.0,0.0,1.0,0.0
79703,0.0,0.0,0.0,0.0,0.0,2.0,0.0
80203,0.0,0.0,0.0,0.0,0.0,0.0,0.0
80251,0.0,0.0,0.0,0.0,0.0,1.0,0.0
80751,0.0,0.0,0.0,0.0,0.0,0.0,0.0
80976,0.0,0.0,0.0,0.0,0.0,1.0,0.0
80993,0.0,0.0,0.0,0.0,0.0,2.0,0.0
81493,0.0,0.0,0.0,0.0,0.0,0.0,0.0
82163,0.0,0.0,0.0,0.0,0.0,1.0,0.0
82168,0.0,0.0,0.0,0.0,0.0,2.0,0.0
82668,0.0,0.0,0.0,0.0,0.0,0.0,0.0
83204,0.0,0.0,0.0,0.0,0.0,1.0,0.0
83704,0.0,0.0,0.0,0.0,0.0,0.0,0.0
84147,0.0,0.0,0.0,0.0,0.0,1.0,0.0
84647,0.0,0.0,0.0,0.0,0.0,0.0,0.0
85144,0.0,0.0,0.0,0.0,0.0,1.0,0.0
85644,0.0,0.0,0.0,0.0,0.0,0.0,0.0
86368,0.0,0.0,0.0,0.0,0.0,1.0,0.0
86868,0.0,0.0,0.0,0.0,0.0,0.0,0.0
87233,0.0,0.0,0.0,0.0,0.0,1.0,0.0
87733,0.0,0.0,0.0,0.0,0.0,0.0,0.0
87827,0.0,0.0,0.0,0.0,0.0,1.0,0.0
88327,0.0,0.0,0.0,0.0,0.0,0.0,0.0
88938,0.0,0.0,0.0,0.0,0.0,1.0,0.0
89438,0.0,0.0,0.0,0.0,0.0,0.0,0.0
89461,0.0,0.0,0.0,0.0,0.0,1.0,0.0
89464,0.0,0.0,0.0,0.0,1.0,2.0,0.0
89964,0.0,0.0,0.0,0.0,0.0,0.0,0.0
90434,0.0,0.0,0.0,0.0,0.0,1.0,0.0
90934,0.0,0.0,0.0,0.0,0.0,0.0,0.0
91016,0.0,0.0,0.0,0.0,0.0,1.0,0.0
91023,0.0,0.0,0.0,0.0,0.0,2.0,0.0
91523,0.0,0.0,0.0,0.0,0.0,0.0,0.0
92179,0.0,0.0,0.0,0.0,0.0,1.0,0.0
92180,0.0,0.0,0.0,0.0,1.0,1.0,0.0
92523,0.0,0.0,0.0,0.0,1.0,2.0,0.0
92680,0.0,0.0,0.0,0.0,0.0,2.0,0.0
93023,0.0,0.0,0.0,0.0,0.0,0.0,0.0
94406,0.0,0.0,0.0,0.0,0.0,1.0,0.0
94407,0.0,0.0,0.0,0.0,1.0,1.0,0.0
94409,0.0,0.0,0.0,0.0,1.0,2.0,0.0
94410,0.0,0.0,0.0,0.0,2.0,2.0,0.0
94909,0.0,0.0,0.0,0.0,2.0,0.0,0.0
94910,0.0,0.0,0.0,0.0,0.0,0.0,0.0
94962,0.0,0.0,0.0,0.0,0.0,1.0,0.0
95069,0.0,0.0,0.0,0.0,0.0,2.0,0.0
95436,0.0,2.0,0.0,0.0,0.0,2.0,0.0
95569,0.0,2.0,0.0,0.0,0.0,0.0,0.0
95936,0.0,0.0,0.0,0.0,0.0,0.0,0.0
96136,0.0,0.0,0.0,0.0,0.0,1.0,0.0
96482,0.0,0.0,0.0,0.0,0.0,2.0,0.0
96982,0.0,0.0,0.0,0.0,0.0,0.0,0.0
97076,0.0,0.0,0.0,0.0,0.0,1.0,0.0
97576,0.0,0.0,0.0,0.0,0.0,0.0,0.0
97712,0.0,0.0,0.0,0.0,0.0,1.0,0.0
98212,0.0,0.0,0.0,0.0,0.0,0.0,0.0
98838,0.0,0.0,0.0,0.0,0.0,1.0,0.0
98840,0.0,0.0,0.0,0.0,0.0,2.0,0.0
99340,0.0,0.0,0.0,0.0,0.0,0.0,0.0
99721,0.0,0.0,0.0,0.0,0.0,1.0,0.0
100221,0.0,0.0,0.0,0.0,0.0,0.0,0.0
159217,0.0,0.0,0.0,0.0,1.0,0.0,0.0
159717,0.0,0.0,0.0,0.0,0.0,0.0,0.0
201000,0.0,0.0,0.0,0.0,0.0,0.0,1.0
201500,0.0,0.0,0.0,0.0,0.0,0.0,0.0
201503,2.0,0.0,0.0,0.0,0.0,0.0,0.0
201586,2.0,0.0,0.0,0.0,1.0,0.0,0.0
201625,2.0,2.0,0.0,0.0,1.0,0.0,0.0
201631,2.0,2.0,0.0,0.0,2.0,0.0,0.0
201634,2.0,2.0,0.0,0.0,2.0,1.0,0.0
201794,2.0,2.0,0.0,0.0,2.0,2.0,0.0
202003,0.0,2.0,0.0,0.0,2.0,2.0,0.0
202079,2.0,2.0,0.0,0.0,2.0,2.0,0.0
202125,2.0,0.0,0.0,0.0,2.0,2.0,0.0
202131,2.0,0.0,0.0,0.0,0.0,2.0,0.0
202294,2.0,0.0,0.0,0.0,0.0,0.0,0.0
202350,2.0,0.0,0.0,0.0,0.0,1.0,0.0
202352,2.0,0.0,0.0,0.0,0.0,2.0,0.0
202579,0.0,0.0,0.0,0.0,0.0,2.0,0.0
202640,0.0,2.0,0.0,0.0,0.0,2.0,0.0
202852,0.0,2.0,0.0,0.0,0.0,0.0,0.0
202863,0.0,2.0,0.0,0.0,0.0,1.0,0.0
203140,0.0,0.0,0.0,0.0,0.0,1.0,0.0
203206,0.0,0.0,1.0,0.0,0.0,1.0,0.0
203363,0.0,0.0,1.0,0.0,0.0,0.0,0.0
203526,0.0,0.0,1.0,0.0,1.0,0.0,0.0
203761,0.0,0.0,1.0,0.0,1.0,1.0,0.0
204110,0.0,0.0,1.0,0.0,1.0,2.0,0.0
204422,0.0,0.0,2.0,0.0,1.0,2.0,0.0
204610,0.0,0.0,2.0,0.0,1.0,0.0,0.0
204922,0.0,0.0,1.0,0.0,1.0,0.0,0.0
205922,0.0,0.0,0.0,0.0,1.0,0.0,0.0
206226,0.0,0.0,1.0,0.0,1.0,0.0,0.0
206596,0.0,0.0,1.0,0.0,1.0,1.0,0.0
206726,0.0,0.0,0.0,0.0,1.0,1.0,0.0
206827,0.0,0.0,1.0,0.0,1.0,1.0,0.0
207096,0.0,0.0,1.0,0.0,1.0,0.0,0.0
207327,0.0,0.0,0.0,0.0,1.0,0.0,0.0
207464,0.0,0.0,1.0,0.0,1.0,0.0,0.0
207964,0.0,0.0,0.0,0.0,1.0,0.0,0.0
208077,0.0,0.0,0.0,0.0,1.0,1.0,0.0
208084,0.0,0.0,0.0,0.0,1.0,2.0,0.0
208584,0.0,0.0,0.0,0.0,1.0,0.0,0.0
208631,0.0,0.0,0.0,0.0,1.0,1.0,0.0
209131,0.0,0.0,0.0,0.0,1.0,0.0,0.0
209194,0.0,0.0,0.0,0.0,1.0,1.0,0.0
209222,0.0,0.0,0.0,0.0,1.0,2.0,0.0
209722,0.0,0.0,0.0,0.0,1.0,0.0,0.0
210262,0.0,0.0,0.0,0.0,1.0,1.0,0.0
210710,0.0,0.0,0.0,0.0,1.0,2.0,0.0
211210,0.0,0.0,0.0,0.0,1.0,0.0,0.0
211363,0.0,0.0,0.0,0.0,1.0,1.0,0.0
211863,0.0,0.0,0.0,0.0,1.0,0.0,0.0
214482,0.0,0.0,0.0,0.0,1.0,1.0,0.0
214485,0.0,0.0,0.0,0.0,1.0,2.0,0.0
214985,0.0,0.0,0.0,0.0,1.0,0.0,0.0
215286,0.0,0.0,0.0,0.0,1.0,1.0,0.0
215296,0.0,0.0,0.0,0.0,1.0,2.0,0.0
215796,0.0,0.0,0.0,0.0,1.0,0.0,0.0
215856,0.0,2.0,0.0,0.0,1.0,0.0,0.0
215976,0.0,2.0,0.0,0.0,1.0,1.0,0.0
216356,0.0,0.0,0.0,0.0,1.0,1.0,0.0
216476,0.0,0.0,0.0,0.0,1.0,0.0,0.0
216593,0.0,0.0,0.0,0.0,1.0,1.0,0.0
217093,0.0,0.0,0.0,0.0,1.0,0.0,0.0
217528,0.0,0.0,0.0,0.0,1.0,1.0,0.0
218028,0.0,0.0,0.0,0.0,1.0,0.0,0.0
219885,0.0,0.0,0.0,0.0,1.0,1.0,0.0
219896,0.0,0.0,0.0,0.0,1.0,2.0,0.0
220396,0.0,0.0,0.0,0.0,1.0,0.0,0.0
220810,0.0,0.0,0.0,0.0,1.0,1.0,0.0
221310,0.0,0.0,0.0,0.0,1.0,0.0,0.0
221399,0.0,0.0,0.0,0.0,1.0,1.0,0.0
221705,0.0,2.0,0.0,0.0,1.0,1.0,0.0
221899,0.0,2.0,0.0,0.0,1.0,0.0,0.0
221934,0.0,2.0,0.0,0.0,1.0,1.0,0.0
221941,0.0,2.0,0.0,0.0,1.0,2.0,0.0
222205,0.0,0.0,0.0,0.0,1.0,2.0,0.0
222441,0.0,0.0,0.0,0.0,1.0,0.0,0.0
222794,0.0,0.0,0.0,0.0,1.0,1.0,0.0
223294,0.0,0.0,0.0,0.0,1.0,0.0,0.0
224304,0.0,0.0,0.0,0.0,1.0,1.0,0.0
224804,0.0,0.0,0.0,0.0,1.0,0.0,0.0
225407,0.0,0.0,0.0,0.0,1.0,1.0,0.0
225907,0.0,0.0,0.0,0.0,1.0,0.0,0.0
225971,0.0,0.0,0.0,0.0,1.0,1.0,0.0
226471,0.0,0.0,0.0,0.0,1.0,0.0,0.0
226771,0.0,0.0,0.0,0.0,1.0,1.0,0.0
227271,0.0,0.0,0.0,0.0,1.0,0.0,0.0
227934,0.0,0.0,0.0,0.0,1.0,1.0,0.0
228434,0.0,0.0,0.0,0.0,1.0,0.0,0.0
228995,0.0,0.0,0.0,0.0,1.0,1.0,0.0
229020,0.0,0.0,0.0,0.0,1.0,2.0,0.0
229520,0.0,0.0,0.0,0.0,1.0,0.0,0.0
230388,0.0,0.0,0.0,0.0,1.0,1.0,0.0
230888,0.0,0.0,0.0,0.0,1.0,0.0,0.0
230916,0.0,0.0,0.0,0.0,1.0,1.0,0.0
231416,0.0,0.0,0.0,0.0,1.0,0.0,0.0
231418,0.0,0.0,0.0,0.0,1.0,1.0,0.0
231918,0.0,0.0,0.0,0.0,1.0,0.0,0.0
232235,0.0,0.0,0.0,0.0,1.0,1.0,0.0
232257,0.0,0.0,0.0,0.0,1.0,2.0,0.0
232757,0.0,0.0,0.0,0.0,1.0,0.0,0.0
232903,0.0,0.0,0.0,0.0,1.0,1.0,0.0
233403,0.0,0.0,0.0,0.0,1.0,0.0,0.0
234723,0.0,0.0,0.0,0.0,1.0,1.0,0.0
234725,0.0,0.0,0.0,0.0,1.0,2.0,0.0
235225,0.0,0.0,0.0,0.0,1.0,0.0,0.0
235943,0.0,0.0,0.0,0.0,1.0,1.0,0.0
235948,0.0,0.0,0.0,0.0,1.0,2.0,0.0
236448,0.0,0.0,0.0,0.0,1.0,0.0,0.0
236450,0.0,0.0,0.0,0.0,1.0,1.0,0.0
236950,0.0,0.0,0.0,0.0,1.0,0.0,0.0
237405,0.0,0.0,0.0,0.0,1.0,1.0,0.0
237672,0.0,2.0,0.0,0.0,1.0,1.0,0.0
237777,0.0,2.0,0.0,0.0,1.0,2.0,0.0
238172,0.0,0.0,0.0,0.0,1.0,2.0,0.0
238277,0.0,0.0,0.0,0.0,1.0,0.0,0.0
238439,0.0,0.0,0.0,0.0,1.0,1.0,0.0
238444,0.0,0.0,0.0,0.0,1.0,2.0,0.0
238944,0.0,0.0,0.0,0.0,1.0,0.0,0.0
239814,0.0,0.0,0.0,0.0,1.0,1.0,0.0
240314,0.0,0.0,0.0,0.0,1.0,0.0,0.0
241042,0.0,0.0,0.0,0.0,1.0,1.0,0.0
241047,0.0,0.0,0.0,0.0,1.0,2.0,0.0
241547,0.0,0.0,0.0,0.0,1.0,0.0,0.0
243622,0.0,0.0,0.0,0.0,1.0,1.0,0.0
244122,0.0,0.0,0.0,0.0,1.0,0.0,0.0
245368,0.0,0.0,0.0,0.0,1.0,1.0,0.0
245868,0.0,0.0,0.0,0.0,1.0,0.0,0.0
246210,0.0,0.0,0.0,0.0,1.0,1.0,0.0
246217,0.0,0.0,0.0,0.0,1.0,2.0,0.0
246717,0.0,0.0,0.0,0.0,1.0,0.0,0.0
247757,0.0,0.0,0.0,0.0,1.0,1.0,0.0
247775,0.0,0.0,0.0,0.0,1.0,2.0,0.0
248275,0.0,0.0,0.0,0.0,1.0,0.0,0.0
248906,0.0,0.0,0.0,0.0,1.0,1.0,0.0
249406,0.0,0.0,0.0,0.0,1.0,0.0,0.0
249734,0.0,0.0,0.0,0.0,1.0,1.0,0.0
249737,0.0,0.0,0.0,0.0,1.0,2.0,0.0
250237,0.0,0.0,0.0,0.0,1.0,0.0,0.0
250497,0.0,0.0,0.0,0.0,1.0,1.0,0.0
250690,0.0,0.0,0.0,0.0,1.0,2.0,0.0
251190,0.0,0.0,0.0,0.0,1.0,0.0,0.0
251420,0.0,0.0,0.0,0.0,1.0,1.0,0.0
251920,0.0,0.0,0.0,0.0,1.0,0.0,0.0
251928,0.0,0.0,0.0,0.0,1.0,1.0,0.0
252428,0.0,0.0,0.0,0.0,1.0,0.0,0.0
252552,0.0,0.0,0.0,0.0,1.0,1.0,0.0
253052,0.0,0.0,0.0,0.0,1.0,0.0,0.0
253277,0.0,0.0,0.0,0.0,1.0,1.0,0.0
253777,0.0,0.0,0.0,0.0,1.0,0.0,0.0
253981,0.0,0.0,0.0,0.0,1.0,1.0,0.0
253986,0.0,0.0,0.0,0.0,1.0,2.0,0.0
254486,0.0,0.0,0.0,0.0,1.0,0.0,0.0
254931,0.0,0.0,0.0,0.0,1.0,1.0,0.0
254944,0.0,0.0,0.0,0.0,1.0,2.0,0.0
255444,0.0,0.0,0.0,0.0,1.0,0.0,0.0
255451,0.0,0.0,0.0,0.0,1.0,1.0,0.0
255951,0.0,0.0,0.0,0.0,1.0,0.0,0.0
256686,0.0,0.0,0.0,0.0,1.0,1.0,0.0
257186,0.0,0.0,0.0,0.0,1.0,0.0,0.0
257599,0.0,0.0,0.0,0.0,1.0,1.0,0.0
258099,0.0,0.0,0.0,0.0,1.0,0.0,0.0
258547,0.0,0.0,0.0,0.0,1.0,1.0,0.0
258643,0.0,0.0,0.0,0.0,1.0,2.0,0.0
259143,0.0,0.0,0.0,0.0,1.0,0.0,0.0
259988,0.0,0.0,0.0,0.0,1.0,1.0,0.0
259990,0.0,0.0,0.0,0.0,1.0,2.0,0.0
260490,0.0,0.0,0.0,0.0,1.0,0.0,0.0
260695,0.0,0.0,0.0,0.0,1.0,1.0,0.0
261695,0.0,0.0,0.0,0.0,1.0,0.0,0.0
261847,0.0,0.0,0.0,0.0,1.0,1.0,0.0
262347,0.0,0.0,0.0,0.0,1.0,0.0,0.0
262768,0.0,0.0,0.0,0.0,1.0,1.0,0.0
262790,0.0,0.0,0.0,0.0,1.0,2.0,0.0
263290,0.0,0.0,0.0,0.0,1.0,0.0,0.0
263506,0.0,0.0,0.0,0.0,1.0,1.0,0.0
263782,0.0,0.0,0.0,0.0,1.0,2.0,0.0
264282,0.0,0.0,0.0,0.0,1.0,0.0,0.0
264476,0.0,0.0,0.0,0.0,1.0,1.0,0.0
264976,0.0,0.0,0.0,0.0,1.0,0.0,0.0
265403,0.0,0.0,0.0,0.0,1.0,1.0,0.0
265419,0.0,0.0,0.0,0.0,1.0,2.0,0.0
265919,0.0,0.0,0.0,0.0,1.0,0.0,0.0
266469,0.0,0.0,0.0,0.0,1.0,1.0,0.0
266969,0.0,0.0,0.0,0.0,1.0,0.0,0.0
267243,0.0,0.0,0.0,0.0,1.0,1.0,0.0
267477,0.0,0.0,0.0,0.0,1.0,2.0,0.0
267977,0.0,0.0,0.0,0.0,1.0,0.0,0.0
268234,0.0,0.0,0.0,0.0,1.0,1.0,0.0
268734,0.0,0.0,0.0,0.0,1.0,0.0,0.0
268997,0.0,0.0,0.0,0.0,1.0,1.0,0.0
269497,0.0,0.0,0.0,0.0,1.0,0.0,0.0
269515,0.0,0.0,0.0,0.0,1.0,1.0,0.0
270015,0.0,0.0,0.0,0.0,1.0,0.0,0.0
270087,0.0,0.0,0.0,0.0,1.0,1.0,0.0
270097,0.0,0.0,0.0,0.0,1.0,2.0,0.0
270597,0.0,0.0,0.0,0.0,1.0,0.0,0.0
270864,0.0,0.0,0.0,0.0,1.0,1.0,0.0
271364,0.0,0.0,0.0,0.0,1.0,0.0,0.0
272094,0.0,0.0,0.0,0.0,1.0,1.0,0.0
272222,0.0,0.0,0.0,0.0,1.0,2.0,0.0
272722,0.0,0.0,0.0,0.0,1.0,0.0,0.0
272923,0.0,0.0,0.0,0.0,1.0,1.0,0.0
272974,0.0,0.0,0.0,0.0,1.0,2.0,0.0
273474,0.0,0.0,0.0,0.0,1.0,0.0,0.0
273680,0.0,0.0,0.0,0.0,1.0,1.0,0.0
274180,0.0,0.0,0.0,0.0,1.0,0.0,0.0
274260,0.0,0.0,0.0,0.0,1.0,1.0,0.0
274760,0.0,0.0,0.0,0.0,1.0,0.0,0.0
275952,0.0,0.0,0.0,0.0,1.0,1.0,0.0
275955,0.0,0.0,0.0,0.0,1.0,2.0,0.0
276455,0.0,0.0,0.0,0.0,1.0,0.0,0.0
276807,0.0,0.0,0.0,0.0,1.0,1.0,0.0
277307,0.0,0.0,0.0,0.0,1.0,0.0,0.0
278142,0.0,0.0,0.0,0.0,1.0,1.0,0.0
278642,0.0,0.0,0.0,0.0,1.0,0.0,0.0
278672,0.0,0.0,0.0,0.0,1.0,1.0,0.0
278677,0.0,0.0,0.0,0.0,1.0,2.0,0.0
279177,0.0,0.0,0.0,0.0,1.0,0.0,0.0
280538,0.0,0.0,0.0,0.0,1.0,1.0,0.0
281038,0.0,0.0,0.0,0.0,1.0,0.0,0.0
281170,0.0,0.0,0.0,0.0,1.0,1.0,0.0
281670,0.0,0.0,0.0,0.0,1.0,0.0,0.0
281844,0.0,0.0,0.0,0.0,1.0,1.0,0.0
282344,0.0,0.0,0.0,0.0,1.0,0.0,0.0
282527,0.0,0.0,0.0,0.0,1.0,1.0,0.0
283027,0.0,0.0,0.0,0.0,1.0,0.0,0.0
283456,0.0,0.0,0.0,0.0,1.0,1.0,0.0
283480,0.0,0.0,0.0,0.0,1.0,2.0,0.0
283980,0.0,0.0,0.0,0.0,1.0,0.0,0.0
284319,0.0,0.0,0.0,0.0,1.0,1.0,0.0
284819,0.0,0.0,0.0,0.0,1.0,0.0,0.0
285435,0.0,0.0,0.0,0.0,1.0,1.0,0.0
285543,0.0,0.0,0.0,0.0,1.0,2.0,0.0
286043,0.0,0.0,0.0,0.0,1.0,0.0,0.0
286554,0.0,0.0,0.0,0.0,1.0,1.0,0.0
287054,0.0,0.0,0.0,0.0,1.0,0.0,0.0
287764,0.0,0.0,0.0,0.0,1.0,1.0,0.0
288264,0.0,0.0,0.0,0.0,1.0,0.0,0.0
290201,0.0,0.0,0.0,0.0,1.0,1.0,0.0
290280,0.0,0.0,0.0,0.0,1.0,2.0,0.0
290780,0.0,0.0,0.0,0.0,1.0,0.0,0.0
291481,0.0,0.0,0.0,0.0,1.0,1.0,0.0
291981,0.0,0.0,0.0,0.0,1.0,0.0,0.0
292131,0.0,0.0,0.0,0.0,1.0,1.0,0.0
292631,0.0,0.0,0.0,0.0,1.0,0.0,0.0
293237,0.0,0.0,0.0,0.0,1.0,1.0,0.0
293240,0.0,0.0,0.0,0.0,1.0,2.0,0.0
293740,0.0,0.0,0.0,0.0,1.0,0.0,0.0
293851,0.0,0.0,0.0,0.0,1.0,1.0,0.0
293880,0.0,0.0,0.0,0.0,1.0,2.0,0.0
294380,0.0,0.0,0.0,0.0,1.0,0.0,0.0
295060,0.0,0.0,0.0,0.0,1.0,1.0,0.0
295560,0.0,0.0,0.0,0.0,1.0,0.0,0.0
297313,0.0,0.0,0.0,0.0,1.0,1.0,0.0
297766,0.0,0.0,0.0,0.0,1.0,2.0,0.0
298266,0.0,0.0,0.0,0.0,1.0,0.0,0.0
298388,0.0,0.0,0.0,0.0,1.0,1.0,0.0
298888,0.0,0.0,0.0,0.0,1.0,0.0,0.0
300782,0.0,0.0,0.0,0.0,1.0,1.0,0.0
300784,0.0,0.0,0.0,0.0,1.0,2.0,0.0
301284,0.0,0.0,0.0,0.0,1.0,0.0,0.0
301703,0.0,0.0,0.0,0.0,1.0,1.0,0.0
301736,0.0,0.0,0.0,0.0,1.0,2.0,0.0
302236,0.0,0.0,0.0,0.0,1.0,0.0,0.0
303526,0.0,0.0,0.0,0.0,0.0,0.0,0.0
403000,0.0,0.0,0.0,0.0,0.0,0.0,1.0
403336,0.0,0.0,0.0,0.0,0.0,1.0,1.0
403359,2.0,0.0,0.0,0.0,0.0,1.0,1.0
403500,2.0,0.0,0.0,0.0,0.0,1.0,0.0
403551,2.0,0.0,0.0,0.0,1.0,1.0,0.0
403606,2.0,0.0,0.0,0.0,2.0,1.0,0.0
403648,2.0,0.0,0.0,0.0,2.0,2.0,0.0
403859,0.0,0.0,0.0,0.0,2.0,2.0,0.0
403910,0.0,2.0,0.0,0.0,2.0,2.0,0.0
404106,0.0,2.0,0.0,0.0,0.0,2.0,0.0
404127,2.0,2.0,0.0,0.0,0.0,2.0,0.0
404148,2.0,2.0,0.0,0.0,0.0,0.0,0.0
404246,2.0,2.0,0.0,0.0,0.0,1.0,0.0
404248,2.0,2.0,0.0,0.0,0.0,2.0,0.0
404410,2.0,0.0,0.0,0.0,0.0,2.0,0.0
404544,2.0,0.0,0.0,0.0,1.0,2.0,0.0
404627,0.0,0.0,0.0,0.0,1.0,2.0,0.0
404748,0.0,0.0,0.0,0.0,1.0,0.0,0.0
404896,0.0,0.0,1.0,0.0,1.0,0.0,0.0
405018,0.0,0.0,1.0,0.0,1.0,1.0,0.0
405028,0.0,0.0,1.0,0.0,1.0,2.0,0.0
405151,2.0,0.0,1.0,0.0,1.0,2.0,0.0
405528,2.0,0.0,1.0,0.0,1.0,0.0,0.0
405651,0.0,0.0,1.0,0.0,1.0,0.0,0.0
405854,0.0,0.0,1.0,0.0,1.0,1.0,0.0
405857,0.0,0.0,1.0,0.0,1.0,2.0,0.0
405942,0.0,0.0,2.0,0.0,1.0,2.0,0.0
406357,0.0,0.0,2.0,0.0,1.0,0.0,0.0
406372,0.0,0.0,2.0,0.0,1.0,1.0,0.0
406442,0.0,0.0,0.0,0.0,1.0,1.0,0.0
406544,0.0,0.0,0.0,0.0,0.0,1.0,0.0
406872,0.0,0.0,0.0,0.0,0.0,0.0,0.0
406983,0.0,0.0,0.0,0.0,0.0,1.0,0.0
407003,0.0,0.0,0.0,0.0,0.0,2.0,0.0
407503,0.0,0.0,0.0,0.0,0.0,0.0,0.0
407683,0.0,0.0,0.0,0.0,0.0,1.0,0.0
407687,0.0,0.0,0.0,0.0,1.0,2.0,0.0
408187,0.0,0.0,0.0,0.0,0.0,0.0,0.0
408508,0.0,0.0,1.0,0.0,0.0,0.0,0.0
408638,0.0,0.0,1.0,0.0,0.0,1.0,0.0
408648,0.0,0.0,1.0,0.0,0.0,2.0,0.0
408894,0.0,0.0,1.0,0.0,1.0,2.0,0.0
409148,0.0,0.0,1.0,0.0,1.0,0.0,0.0
409163,0.0,0.0,1.0,0.0,1.0,1.0,0.0
409394,0.0,0.0,1.0,0.0,0.0,1.0,0.0
409663,0.0,0.0,1.0,0.0,0.0,0.0,0.0
410717,0.0,0.0,1.0,0.0,0.0,1.0,0.0
410719,0.0,0.0,1.0,0.0,0.0,2.0,0.0
410720,0.0,0.0,2.0,0.0,0.0,2.0,0.0
411219,0.0,0.0,2.0,0.0,0.0,0.0,0.0
411220,0.0,0.0,0.0,0.0,0.0,0.0,0.0
412615,0.0,0.0,0.0,0.0,0.0,1.0,0.0
412629,0.0,0.0,0.0,0.0,0.0,2.0,0.0
412640,0.0,0.0,0.0,0.0,1.0,2.0,0.0
413129,0.0,0.0,0.0,0.0,1.0,0.0,0.0
413140,0.0,0.0,0.0,0.0,0.0,0.0,0.0
413170,0.0,0.0,0.0,0.0,1.0,0.0,0.0
413171,0.0,0.0,1.0,0.0,1.0,0.0,0.0
413232,0.0,0.0,1.0,0.0,2.0,0.0,0.0
413609,0.0,0.0,1.0,0.0,2.0,1.0,0.0
413732,0.0,0.0,1.0,0.0,0.0,1.0,0.0
414014,0.0,0.0,1.0,0.0,1.0,1.0,0.0
414109,0.0,0.0,1.0,0.0,1.0,0.0,0.0
414438,0.0,0.0,1.0,0.0,1.0,1.0,0.0
414514,0.0,0.0,1.0,0.0,0.0,1.0,0.0
414938,0.0,0.0,1.0,0.0,0.0,0.0,0.0
415187,0.0,0.0,1.0,0.0,0.0,1.0,0.0
415648,0.0,0.0,1.0,0.0,0.0,2.0,0.0
415666,0.0,0.0,1.0,0.0,1.0,2.0,0.0
416148,0.0,0.0,1.0,0.0,1.0,0.0,0.0
416166,0.0,0.0,1.0,0.0,0.0,0.0,0.0
416171,0.0,0.0,0.0,0.0,0.0,0.0,0.0
416930,0.0,0.0,1.0,0.0,0.0,0.0,0.0
417430,0.0,0.0,0.0,0.0,0.0,0.0,0.0
417944,0.0,0.0,0.0,0.0,0.0,1.0,0.0
417954,0.0,0.0,0.0,0.0,0.0,2.0,0.0
418077,0.0,0.0,1.0,0.0,0.0,2.0,0.0
418454,0.0,0.0,1.0,0.0,0.0,0.0,0.0
418577,0.0,0.0,0.0,0.0,0.0,0.0,0.0
418587,0.0,0.0,1.0,0.0,0.0,0.0,0.0
419123,0.0,0.0,1.0,0.0,0.0,1.0,0.0
419623,0.0,0.0,1.0,0.0,0.0,0.0,0.0
419742,0.0,0.0,1.0,0.0,0.0,1.0,0.0
420211,0.0,0.0,1.0,0.0,0.0,2.0,0.0
420375,0.0,2.0,1.0,0.0,0.0,2.0,0.0
420711,0.0,2.0,1.0,0.0,0.0,0.0,0.0
420875,0.0,0.0,1.0,0.0,0.0,0.0,0.0
421704,0.0,0.0,1.0,0.0,0.0,1.0,0.0
422204,0.0,0.0,1.0,0.0,0.0,0.0,0.0
422220,0.0,0.0,1.0,0.0,0.0,1.0,0.0
422490,0.0,0.0,1.0,0.0,0.0,2.0,0.0
422814,0.0,0.0,1.0,0.0,1.0,2.0,0.0
422990,0.0,0.0,1.0,0.0,1.0,0.0,0.0
423314,0.0,0.0,1.0,0.0,0.0,0.0,0.0
424157,0.0,0.0,1.0,0.0,0.0,1.0,0.0
424161,0.0,0.0,1.0,0.0,0.0,2.0,0.0
424661,0.0,0.0,1.0,0.0,0.0,0.0,0.0
424992,0.0,0.0,1.0,0.0,0.0,1.0,0.0
424995,0.0,0.0,1.0,0.0,0.0,2.0,0.0
425495,0.0,0.0,1.0,0.0,0.0,0.0,0.0
426751,0.0,0.0,1.0,0.0,0.0,1.0,0.0
427251,0.0,0.0,1.0,0.0,0.0,0.0,0.0
427350,0.0,0.0,1.0,0.0,0.0,1.0,0.0
427405,0.0,0.0,1.0,0.0,0.0,2.0,0.0
427564,0.0,0.0,1.0,0.0,1.0,2.0,0.0
427905,0.0,0.0,1.0,0.0,1.0,0.0,0.0
427941,0.0,0.0,1.0,0.0,1.0,1.0,0.0
428064,0.0,0.0,1.0,0.0,0.0,1.0,0.0
428441,0.0,0.0,1.0,0.0,0.0,0.0,0.0
428821,0.0,0.0,1.0,0.0,0.0,1.0,0.0
428824,0.0,0.0,1.0,0.0,0.0,2.0,0.0
429324,0.0,0.0,1.0,0.0,0.0,0.0,0.0
429505,0.0,0.0,1.0,0.0,0.0,1.0,0.0
429633,0.0,0.0,1.0,0.0,0.0,2.0,0.0
430133,0.0,0.0,1.0,0.0,0.0,0.0,0.0
430388,0.0,0.0,1.0,0.0,0.0,1.0,0.0
430540,0.0,0.0,1.0,0.0,0.0,2.0,0.0
431040,0.0,0.0,1.0,0.0,0.0,0.0,0.0
431563,0.0,0.0,1.0,0.0,0.0,1.0,0.0
431566,0.0,0.0,1.0,0.0,0.0,2.0,0.0
432066,0.0,0.0,1.0,0.0,0.0,0.0,0.0
432229,0.0,0.0,1.0,0.0,0.0,1.0,0.0
432232,0.0,0.0,1.0,0.0,0.0,2.0,0.0
432732,0.0,0.0,1.0,0.0,0.0,0.0,0.0
433132,0.0,0.0,1.0,0.0,0.0,1.0,0.0
433632,0.0,0.0,1.0,0.0,0.0,0.0,0.0
434399,0.0,0.0,1.0,0.0,0.0,1.0,0.0
434599,0.0,0.0,1.0,0.0,0.0,2.0,0.0
435099,0.0,0.0,1.0,0.0,0.0,0.0,0.0
435242,0.0,0.0,1.0,0.0,0.0,1.0,0.0
435742,0.0,0.0,1.0,0.0,0.0,0.0,0.0
436275,0.0,0.0,1.0,0.0,1.0,0.0,0.0
436276,0.0,0.0,1.0,0.0,1.0,1.0,0.0
436775,0.0,0.0,1.0,0.0,0.0,1.0,0.0
436776,0.0,0.0,1.0,0.0,0.0,0.0,0.0
436883,0.0,0.0,1.0,0.0,0.0,1.0,0.0
436884,0.0,0.0,1.0,0.0,1.0,1.0,0.0
437383,0.0,0.0,1.0,0.0,1.0,0.0,0.0
437384,0.0,0.0,1.0,0.0,0.0,0.0,0.0
437587,0.0,0.0,0.0,0.0,0.0,0.0,0.0
437851,0.0,0.0,0.0,0.0,0.0,1.0,0.0
438351,0.0,0.0,0.0,0.0,0.0,0.0,0.0
438565,0.0,0.0,0.0,0.0,0.0,1.0,0.0
439065,0.0,0.0,0.0,0.0,0.0,0.0,0.0
439171,0.0,0.0,0.0,0.0,0.0,1.0,0.0
439671,0.0,0.0,0.0,0.0,0.0,0.0,0.0
439752,0.0,0.0,0.0,0.0,0.0,1.0,0.0
439764,0.0,0.0,0.0,0.0,0.0,2.0,0.0
440264,0.0,0.0,0.0,0.0,0.0,0.0,0.0
440267,0.0,0.0,0.0,0.0,0.0,1.0,0.0
440269,0.0,0.0,0.0,0.0,0.0,2.0,0.0
440769,0.0,0.0,0.0,0.0,0.0,0.0,0.0
441166,0.0,0.0,0.0,0.0,0.0,1.0,0.0
441666,0.0,0.0,0.0,0.0,0.0,0.0,0.0
442045,0.0,0.0,0.0,0.0,0.0,1.0,0.0
442052,0.0,0.0,0.0,0.0,0.0,2.0,0.0
442552,0.0,0.0,0.0,0.0,0.0,0.0,0.0
442751,0.0,0.0,0.0,0.0,0.0,1.0,0.0
443251,0.0,0.0,0.0,0.0,0.0,0.0,0.0
444242,0.0,0.0,0.0,0.0,1.0,0.0,0.0
444490,0.0,0.0,0.0,0.0,1.0,1.0,0.0
444530,0.0,0.0,0.0,0.0,1.0,2.0,0.0
444742,0.0,0.0,0.0,0.0,0.0,2.0,0.0
445030,0.0,0.0,0.0,0.0,0.0,0.0,0.0
445566,0.0,0.0,0.0,0.0,0.0,1.0,0.0
446066,0.0,0.0,0.0,0.0,0.0,0.0,0.0
446635,0.0,0.0,0.0,0.0,0.0,1.0,0.0
446638,0.0,0.0,0.0,0.0,0.0,2.0,0.0
446783,0.0,2.0,0.0,0.0,0.0,2.0,0.0
447138,0.0,2.0,0.0,0.0,0.0,0.0,0.0
447283,0.0,0.0,0.0,0.0,0.0,0.0,0.0
448415,0.0,0.0,1.0,0.0,0.0,0.0,0.0
448666,0.0,0.0,1.0,0.0,0.0,1.0,0.0
448673,0.0,0.0,1.0,0.0,0.0,2.0,0.0
449173,0.0,0.0,1.0,0.0,0.0,0.0,0.0
449187,0.0,0.0,1.0,0.0,0.0,1.0,0.0
449687,0.0,0.0,1.0,0.0,0.0,0.0,0.0
449915,0.0,0.0,0.0,0.0,0.0,0.0,0.0
450500,0.0,0.0,1.0,0.0,0.0,0.0,0.0
450987,0.0,0.0,1.0,0.0,0.0,1.0,0.0
451487,0.0,0.0,1.0,0.0,0.0,0.0,0.0
451500,0.0,0.0,0.0,0.0,0.0,0.0,0.0
452037,0.0,0.0,0.0,0.0,0.0,1.0,0.0
452082,0.0,0.0,1.0,0.0,0.0,1.0,0.0
452537,0.0,0.0,1.0,0.0,0.0,0.0,0.0
452582,0.0,0.0,0.0,0.0,0.0,0.0,0.0
452762,0.0,0.0,0.0,0.0,0.0,1.0,0.0
453262,0.0,0.0,0.0,0.0,0.0,0.0,0.0
453540,0.0,0.0,0.0,0.0,0.0,1.0,0.0
454040,0.0,0.0,0.0,0.0,0.0,0.0,0.0
454261,0.0,0.0,0.0,0.0,0.0,1.0,0.0
454322,0.0,0.0,0.0,0.0,0.0,2.0,0.0
454383,0.0,0.0,0.0,0.0,1.0,2.0,0.0
454822,0.0,0.0,0.0,0.0,1.0,0.0,0.0
454883,0.0,0.0,0.0,0.0,0.0,0.0,0.0
454950,0.0,0.0,1.0,0.0,0.0,0.0,0.0
454951,0.0,0.0,1.0,0.0,0.0,1.0,0.0
454954,0.0,0.0,1.0,0.0,0.0,2.0,0.0
455450,0.0,0.0,0.0,0.0,0.0,2.0,0.0
455454,0.0,0.0,0.0,0.0,0.0,0.0,0.0
455593,0.0,0.0,0.0,0.0,0.0,1.0,0.0
455613,0.0,0.0,0.0,0.0,0.0,2.0,0.0
455867,0.0,0.0,1.0,0.0,0.0,2.0,0.0
456113,0.0,0.0,1.0,0.0,0.0,0.0,0.0
456367,0.0,0.0,0.0,0.0,0.0,0.0,0.0
456678,0.0,0.0,0.0,0.0,0.0,1.0,0.0
456750,0.0,0.0,1.0,0.0,0.0,1.0,0.0
457178,0.0,0.0,1.0,0.0,0.0,0.0,0.0
457594,0.0,0.0,1.0,0.0,0.0,1.0,0.0
457967,0.0,0.0,1.0,0.0,0.0,2.0,0.0
458467,0.0,0.0,1.0,0.0,0.0,0.0,0.0
458839,0.0,0.0,1.0,0.0,0.0,1.0,0.0
459339,0.0,0.0,1.0,0.0,0.0,0.0,0.0
459776,0.0,0.0,1.0,0.0,0.0,1.0,0.0
459785,0.0,0.0,1.0,0.0,0.0,2.0,0.0
460285,0.0,0.0,1.0,0.0,0.0,0.0,0.0
460696,0.0,0.0,1.0,0.0,0.0,1.0,0.0
460704,0.0,0.0,1.0,0.0,0.0,2.0,0.0
461204,0.0,0.0,1.0,0.0,0.0,0.0,0.0
461395,0.0,0.0,1.0,0.0,0.0,1.0,0.0
461895,0.0,0.0,1.0,0.0,0.0,0.0,0.0
462463,0.0,0.0,1.0,0.0,0.0,1.0,0.0
462504,0.0,0.0,1.0,0.0,0.0,2.0,0.0
463004,0.0,0.0,1.0,0.0,0.0,0.0,0.0
464059,0.0,0.0,1.0,0.0,0.0,1.0,0.0
464557,0.0,0.0,1.0,0.0,0.0,2.0,0.0
465057,0.0,0.0,1.0,0.0,0.0,0.0,0.0
466250,0.0,0.0,0.0,0.0,0.0,0.0,0.0
466289,0.0,0.0,1.0,0.0,0.0,0.0,0.0
466298,0.0,0.0,1.0,0.0,0.0,1.0,0.0
466798,0.0,0.0,1.0,0.0,0.0,0.0,0.0
467289,0.0,0.0,0.0,0.0,0.0,0.0,0.0
467708,0.0,0.0,0.0,0.0,0.0,1.0,0.0
467710,0.0,0.0,0.0,0.0,0.0,2.0,0.0
468210,0.0,0.0,0.0,0.0,0.0,0.0,0.0
468642,0.0,0.0,0.0,0.0,0.0,1.0,0.0
468664,0.0,0.0,0.0,0.0,0.0,2.0,0.0
469164,0.0,0.0,0.0,0.0,0.0,0.0,0.0
469500,0.0,0.0,0.0,0.0,0.0,1.0,0.0
470000,0.0,0.0,0.0,0.0,0.0,0.0,0.0
470955,0.0,0.0,0.0,0.0,0.0,1.0,0.0
471455,0.0,0.0,0.0,0.0,0.0,0.0,0.0
471500,0.0,0.0,0.0,0.0,0.0,1.0,0.0
471504,0.0,0.0,1.0,0.0,0.0,1.0,0.0
472000,0.0,0.0,1.0,0.0,0.0,0.0,0.0
472004,0.0,0.0,0.0,0.0,0.0,0.0,0.0
472008,0.0,0.0,1.0,0.0,0.0,0.0,0.0
472077,0.0,0.0,1.0,0.0,0.0,1.0,0.0
472255,0.0,0.0,1.0,0.0,0.0,2.0,0.0
472367,0.0,2.0,1.0,0.0,0.0,2.0,0.0
472755,0.0,2.0,1.0,0.0,0.0,0.0,0.0
472867,0.0,0.0,1.0,0.0,0.0,0.0,0.0
473070,0.0,0.0,1.0,0.0,0.0,1.0,0.0
473570,0.0,0.0,1.0,0.0,0.0,0.0,0.0
473664,0.0,0.0,1.0,0.0,0.0,1.0,0.0
474164,0.0,0.0,1.0,0.0,0.0,0.0,0.0
474240,0.0,0.0,1.0,0.0,0.0,1.0,0.0
474740,0.0,0.0,1.0,0.0,0.0,0.0,0.0
475012,0.0,0.0,1.0,0.0,0.0,1.0,0.0
475512,0.0,0.0,1.0,0.0,0.0,0.0,0.0
476151,0.0,0.0,1.0,0.0,0.0,1.0,0.0
476651,0.0,0.0,1.0,0.0,0.0,0.0,0.0
476796,0.0,0.0,1.0,0.0,0.0,1.0,0.0
477296,0.0,0.0,1.0,0.0,0.0,0.0,0.0
477297,0.0,0.0,1.0,0.0,0.0,1.0,0.0
477797,0.0,0.0,1.0,0.0,0.0,0.0,0.0
477954,0.0,0.0,1.0,0.0,0.0,1.0,0.0
478454,0.0,0.0,1.0,0.0,0.0,0.0,0.0
479129,0.0,0.0,1.0,0.0,0.0,1.0,0.0
479629,0.0,0.0,1.0,0.0,0.0,0.0,0.0
479989,0.0,0.0,1.0,0.0,0.0,1.0,0.0
480489,0.0,0.0,1.0,0.0,0.0,0.0,0.0
480519,0.0,0.0,1.0,0.0,0.0,1.0,0.0
481019,0.0,0.0,1.0,0.0,0.0,0.0,0.0
481929,0.0,0.0,1.0,0.0,0.0,1.0,0.0
482429,0.0,0.0,1.0,0.0,0.0,0.0,0.0
482450,0.0,0.0,1.0,0.0,0.0,1.0,0.0
482950,0.0,0.0,1.0,0.0,0.0,0.0,0.0
483832,0.0,0.0,1.0,0.0,0.0,1.0,0.0
484332,0.0,0.0,1.0,0.0,0.0,0.0,0.0
484401,0.0,0.0,1.0,0.0,0.0,1.0,0.0
484901,0.0,0.0,1.0,0.0,0.0,0.0,0.0
485836,0.0,0.0,1.0,0.0,0.0,1.0,0.0
486008,0.0,0.0,0.0,0.0,0.0,1.0,0.0
486277,0.0,0.0,1.0,0.0,0.0,1.0,0.0
486336,0.0,0.0,1.0,0.0,0.0,0.0,0.0
486352,0.0,0.0,1.0,0.0,0.0,1.0,0.0
486777,0.0,0.0,0.0,0.0,0.0,1.0,0.0
486852,0.0,0.0,0.0,0.0,0.0,0.0,0.0
486865,0.0,0.0,1.0,0.0,0.0,0.0,0.0
487196,0.0,0.0,1.0,0.0,0.0,1.0,0.0
487365,0.0,0.0,0.0,0.0,0.0,1.0,0.0
487518,0.0,0.0,1.0,0.0,0.0,1.0,0.0
487526,0.0,0.0,1.0,0.0,0.0,2.0,0.0
488026,0.0,0.0,1.0,0.0,0.0,0.0,0.0
488355,0.0,0.0,1.0,0.0,0.0,1.0,0.0
488855,0.0,0.0,1.0,0.0,0.0,0.0,0.0
489018,0.0,0.0,0.0,0.0,0.0,0.0,0.0
489057,0.0,0.0,1.0,0.0,0.0,0.0,0.0
489385,0.0,0.0,1.0,0.0,0.0,1.0,0.0
489557,0.0,0.0,0.0,0.0,0.0,1.0,0.0
489589,0.0,0.0,1.0,0.0,0.0,1.0,0.0
489885,0.0,0.0,1.0,0.0,0.0,0.0,0.0
490439,0.0,0.0,1.0,0.0,0.0,1.0,0.0
490589,0.0,0.0,0.0,0.0,0.0,1.0,0.0
490838,0.0,0.0,0.0,0.0,0.0,2.0,0.0
491151,0.0,0.0,1.0,0.0,0.0,2.0,0.0
491338,0.0,0.0,1.0,0.0,0.0,0.0,0.0
491381,0.0,0.0,1.0,0.0,0.0,1.0,0.0
491881,0.0,0.0,1.0,0.0,0.0,0.0,0.0
492151,0.0,0.0,0.0,0.0,0.0,0.0,0.0
493100,0.0,0.0,0.0,0.0,0.0,1.0,0.0
493102,0.0,0.0,0.0,0.0,0.0,2.0,0.0
493602,0.0,0.0,0.0,0.0,0.0,0.0,0.0
493671,0.0,0.0,0.0,0.0,0.0,1.0,0.0
494171,0.0,0.0,0.0,0.0,0.0,0.0,0.0
494322,0.0,0.0,0.0,0.0,0.0,1.0,0.0
494822,0.0,0.0,0.0,0.0,0.0,0.0,0.0
494978,0.0,0.0,0.0,0.0,0.0,1.0,0.0
495070,0.0,0.0,0.0,0.0,0.0,2.0,0.0
495570,0.0,0.0,0.0,0.0,0.0,0.0,0.0
497120,0.0,0.0,0.0,0.0,0.0,1.0,0.0
497620,0.0,0.0,0.0,0.0,0.0,0.0,0.0
497648,0.0,0.0,0.0,0.0,0.0,1.0,0.0
498148,0.0,0.0,0.0,0.0,0.0,0.0,0.0
498243,0.0,0.0,0.0,0.0,0.0,1.0,0.0
498546,0.0,0.0,0.0,0.0,0.0,2.0,0.0
499046,0.0,0.0,0.0,0.0,0.0,0.0,0.0
500000,0.0,0.0,0.0,0.0,0.0,1.0,0.0
500023,0.0,0.0,0.0,0.0,0.0,2.0,0.0
500523,0.0,0.0,0.0,0.0,0.0,0.0,0.0
502885,0.0,0.0,0.0,0.0,0.0,1.0,0.0
503385,0.0,0.0,0.0,0.0,0.0,0.0,0.0
504026,0.0,0.0,0.0,0.0,0.0,1.0,0.0
504526,0.0,0.0,0.0,0.0,0.0,0.0,0.0
510696,0.0,0.0,0.0,0.0,1.0,0.0,0.0
511196,0.0,0.0,0.0,0.0,0.0,0.0,0.0
585432,0.0,0.0,0.0,0.0,0.0,1.0,0.0
585932,0.0,0.0,0.0,0.0,0.0,0.0,0.0
605000,0.0,0.0,0.0,0.0,0.0,0.0,1.0
605298,0.0,0.0,0.0,0.0,0.0,1.0,1.0
605471,2.0,0.0,0.0,0.0,0.0,1.0,1.0
605500,2.0,0.0,0.0,0.0,0.0,1.0,0.0
605635,2.0,0.0,0.0,0.0,1.0,1.0,0.0
605641,2.0,0.0,0.0,0.0,1.0,2.0,0.0
605674,2.0,0.0,0.0,0.0,2.0,2.0,0.0
605752,2.0,2.0,0.0,0.0,2.0,2.0,0.0
605971,0.0,2.0,0.0,0.0,2.0,2.0,0.0
606141,0.0,2.0,0.0,0.0,2.0,0.0,0.0
606143,2.0,2.0,0.0,0.0,2.0,0.0,0.0
606174,2.0,2.0,0.0,0.0,0.0,0.0,0.0
606239,2.0,2.0,0.0,0.0,0.0,1.0,0.0
606243,2.0,2.0,0.0,0.0,0.0,2.0,0.0
606252,2.0,0.0,0.0,0.0,0.0,2.0,0.0
606643,0.0,0.0,0.0,0.0,0.0,2.0,0.0
606743,0.0,0.0,0.0,0.0,0.0,0.0,0.0
607004,0.0,0.0,1.0,0.0,0.0,0.0,0.0
607257,0.0,0.0,1.0,0.0,0.0,1.0,0.0
607757,0.0,0.0,1.0,0.0,0.0,0.0,0.0
607785,0.0,0.0,1.0,0.0,0.0,1.0,0.0
608252,0.0,0.0,2.0,0.0,0.0,1.0,0.0
608285,0.0,0.0,2.0,0.0,0.0,0.0,0.0
608327,0.0,0.0,2.0,0.0,0.0,1.0,0.0
608336,0.0,0.0,2.0,0.0,0.0,2.0,0.0
608752,0.0,0.0,0.0,0.0,0.0,2.0,0.0
608836,0.0,0.0,0.0,0.0,0.0,0.0,0.0
608929,0.0,2.0,0.0,0.0,0.0,0.0,0.0
609320,0.0,2.0,0.0,0.0,0.0,1.0,0.0
609340,0.0,2.0,0.0,0.0,0.0,2.0,0.0
609429,0.0,0.0,0.0,0.0,0.0,2.0,0.0
609840,0.0,0.0,0.0,0.0,0.0,0.0,0.0
610115,0.0,0.0,0.0,0.0,0.0,1.0,0.0
610138,0.0,0.0,0.0,0.0,0.0,2.0,0.0
610638,0.0,0.0,0.0,0.0,0.0,0.0,0.0
610820,0.0,0.0,0.0,0.0,0.0,1.0,0.0
611320,0.0,0.0,0.0,0.0,0.0,0.0,0.0
611420,0.0,0.0,0.0,0.0,0.0,1.0,0.0
611920,0.0,0.0,0.0,0.0,0.0,0.0,0.0
613211,0.0,0.0,0.0,0.0,0.0,1.0,0.0
613711,0.0,0.0,0.0,0.0,0.0,0.0,0.0
613947,0.0,0.0,0.0,0.0,0.0,1.0,0.0
614447,0.0,0.0,0.0,0.0,0.0,0.0,0.0
615147,0.0,0.0,0.0,0.0,0.0,1.0,0.0
615647,0.0,0.0,0.0,0.0,0.0,0.0,0.0
615721,0.0,0.0,0.0,0.0,0.0,1.0,0.0
616004,0.0,0.0,0.0,0.0,0.0,2.0,0.0
616504,0.0,0.0,0.0,0.0,0.0,0.0,0.0
616900,0.0,0.0,0.0,0.0,0.0,1.0,0.0
617382,0.0,0.0,0.0,0.0,1.0,1.0,0.0
617400,0.0,0.0,0.0,0.0,1.0,0.0,0.0
617882,0.0,0.0,0.0,0.0,0.0,0.0,0.0
618004,0.0,0.0,0.0,0.0,0.0,1.0,0.0
618090,0.0,0.0,0.0,0.0,0.0,2.0,0.0
618590,0.0,0.0,0.0,0.0,0.0,0.0,0.0
619436,0.0,0.0,0.0,0.0,0.0,1.0,0.0
619477,0.0,0.0,0.0,0.0,0.0,2.0,0.0
619977,0.0,0.0,0.0,0.0,0.0,0.0,0.0
620131,0.0,0.0,0.0,0.0,0.0,1.0,0.0
620631,0.0,0.0,0.0,0.0,0.0,0.0,0.0
620828,0.0,0.0,0.0,0.0,0.0,1.0,0.0
621328,0.0,0.0,0.0,0.0,0.0,0.0,0.0
621471,0.0,0.0,0.0,0.0,0.0,1.0,0.0
621971,0.0,0.0,0.0,0.0,0.0,0.0,0.0
621986,0.0,2.0,1.0,0.0,0.0,0.0,0.0
621988,0.0,2.0,1.0,0.0,0.0,1.0,0.0
622486,0.0,0.0,1.0,0.0,0.0,1.0,0.0
622488,0.0,0.0,1.0,0.0,0.0,0.0,0.0
623435,0.0,0.0,1.0,0.0,0.0,1.0,0.0
623496,0.0,0.0,1.0,0.0,0.0,2.0,0.0
623706,0.0,0.0,1.0,0.0,1.0,2.0,0.0
623996,0.0,0.0,1.0,0.0,1.0,0.0,0.0
624206,0.0,0.0,1.0,0.0,0.0,0.0,0.0
624729,0.0,0.0,1.0,0.0,0.0,1.0,0.0
624960,0.0,0.0,1.0,0.0,0.0,2.0,0.0
625460,0.0,0.0,1.0,0.0,0.0,0.0,0.0
625615,0.0,0.0,1.0,0.0,0.0,1.0,0.0
625618,0.0,0.0,1.0,0.0,0.0,2.0,0.0
626118,0.0,0.0,1.0,0.0,0.0,0.0,0.0
626544,0.0,0.0,1.0,0.0,0.0,1.0,0.0
627044,0.0,0.0,1.0,0.0,0.0,0.0,0.0
628481,0.0,0.0,1.0,0.0,0.0,1.0,0.0
628483,0.0,0.0,1.0,0.0,0.0,2.0,0.0
628983,0.0,0.0,1.0,0.0,0.0,0.0,0.0
629888,0.0,0.0,1.0,0.0,0.0,1.0,0.0
630388,0.0,0.0,1.0,0.0,0.0,0.0,0.0
630609,0.0,0.0,1.0,0.0,0.0,1.0,0.0
631109,0.0,0.0,1.0,0.0,0.0,0.0,0.0
631177,0.0,0.0,1.0,0.0,0.0,1.0,0.0
631421,0.0,0.0,1.0,0.0,0.0,2.0,0.0
631921,0.0,0.0,1.0,0.0,0.0,0.0,0.0
633004,0.0,0.0,1.0,0.0,0.0,1.0,0.0
633504,0.0,0.0,1.0,0.0,0.0,0.0,0.0
633932,0.0,0.0,1.0,0.0,0.0,1.0,0.0
634432,0.0,0.0,1.0,0.0,0.0,0.0,0.0
637310,0.0,0.0,1.0,0.0,0.0,1.0,0.0
637810,0.0,0.0,1.0,0.0,0.0,0.0,0.0
638665,0.0,0.0,1.0,0.0,0.0,1.0,0.0
638842,0.0,0.0,1.0,0.0,0.0,2.0,0.0
639342,0.0,0.0,1.0,0.0,0.0,0.0,0.0
639574,0.0,0.0,1.0,0.0,0.0,1.0,0.0
640074,0.0,0.0,1.0,0.0,0.0,0.0,0.0
640498,0.0,0.0,1.0,0.0,0.0,1.0,0.0
640934,0.0,0.0,1.0,0.0,0.0,2.0,0.0
641434,0.0,0.0,1.0,0.0,0.0,0.0,0.0
641926,0.0,0.0,1.0,0.0,0.0,1.0,0.0
641986,0.0,0.0,0.0,0.0,0.0,1.0,0.0
642426,0.0,0.0,0.0,0.0,0.0,0.0,0.0
642751,0.0,0.0,0.0,0.0,0.0,1.0,0.0
643251,0.0,0.0,0.0,0.0,0.0,0.0,0.0
643934,0.0,0.0,0.0,0.0,0.0,1.0,0.0
644434,0.0,0.0,0.0,0.0,0.0,0.0,0.0
644938,0.0,0.0,0.0,0.0,0.0,1.0,0.0
645438,0.0,0.0,0.0,0.0,0.0,0.0,0.0
645475,0.0,0.0,0.0,0.0,0.0,1.0,0.0
645975,0.0,0.0,0.0,0.0,0.0,0.0,0.0
646029,0.0,0.0,0.0,0.0,1.0,1.0,0.0
646529,0.0,0.0,0.0,0.0,0.0,0.0,0.0
646668,0.0,0.0,0.0,0.0,0.0,1.0,0.0
647168,0.0,0.0,0.0,0.0,0.0,0.0,0.0
647177,0.0,0.0,0.0,0.0,0.0,1.0,0.0
647677,0.0,0.0,0.0,0.0,0.0,0.0,0.0
648222,0.0,0.0,0.0,0.0,0.0,1.0,0.0
648302,0.0,0.0,0.0,0.0,1.0,2.0,0.0
648802,0.0,0.0,0.0,0.0,0.0,0.0,0.0
648806,0.0,0.0,0.0,0.0,0.0,1.0,0.0
649092,0.0,0.0,0.0,0.0,0.0,2.0,0.0
649592,0.0,0.0,0.0,0.0,0.0,0.0,0.0
649950,0.0,0.0,0.0,0.0,0.0,1.0,0.0
649971,0.0,0.0,0.0,0.0,0.0,2.0,0.0
650471,0.0,0.0,0.0,0.0,0.0,0.0,0.0
650996,0.0,0.0,0.0,0.0,0.0,1.0,0.0
651386,0.0,0.0,0.0,0.0,0.0,2.0,0.0
651886,0.0,0.0,0.0,0.0,0.0,0.0,0.0
652036,0.0,0.0,0.0,0.0,0.0,1.0,0.0
652039,0.0,0.0,0.0,0.0,0.0,2.0,0.0
652539,0.0,0.0,0.0,0.0,0.0,0.0,0.0
653816,0.0,0.0,0.0,0.0,0.0,1.0,0.0
654316,0.0,0.0,0.0,0.0,0.0,0.0,0.0
654481,0.0,0.0,0.0,0.0,0.0,1.0,0.0
654819,0.0,0.0,0.0,0.0,0.0,2.0,0.0
655319,0.0,0.0,0.0,0.0,0.0,0.0,0.0
656400,0.0,0.0,0.0,0.0,0.0,1.0,0.0
656408,0.0,0.0,0.0,0.0,0.0,2.0,0.0
656908,0.0,0.0,0.0,0.0,0.0,0.0,0.0
657400,0.0,0.0,0.0,0.0,0.0,1.0,0.0
657405,0.0,0.0,0.0,0.0,0.0,2.0,0.0
657905,0.0,0.0,0.0,0.0,0.0,0.0,0.0
659163,0.0,0.0,0.0,0.0,0.0,1.0,0.0
659663,0.0,0.0,0.0,0.0,0.0,0.0,0.0
659730,0.0,0.0,0.0,0.0,0.0,1.0,0.0
659947,0.0,0.0,0.0,0.0,0.0,2.0,0.0
660447,0.0,0.0,0.0,0.0,0.0,0.0,0.0
660568,0.0,0.0,0.0,0.0,0.0,1.0,0.0
661068,0.0,0.0,0.0,0.0,0.0,0.0,0.0
661313,0.0,0.0,0.0,0.0,0.0,1.0,0.0
661813,0.0,0.0,0.0,0.0,0.0,0.0,0.0
661819,0.0,0.0,0.0,0.0,0.0,1.0,0.0
661827,0.0,0.0,0.0,0.0,0.0,2.0,0.0
662327,0.0,0.0,0.0,0.0,0.0,0.0,0.0
662380,0.0,0.0,0.0,0.0,0.0,1.0,0.0
662382,0.0,0.0,0.0,0.0,0.0,2.0,0.0
662882,0.0,0.0,0.0,0.0,0.0,0.0,0.0
663207,0.0,0.0,0.0,0.0,0.0,1.0,0.0
663707,0.0,0.0,0.0,0.0,0.0,0.0,0.0
663739,0.0,0.0,0.0,0.0,0.0,1.0,0.0
664239,0.0,0.0,0.0,0.0,0.0,0.0,0.0
664552,0.0,0.0,0.0,0.0,0.0,1.0,0.0
665052,0.0,0.0,0.0,0.0,0.0,0.0,0.0
665608,0.0,0.0,0.0,0.0,0.0,1.0,0.0
665621,0.0,0.0,0.0,0.0,0.0,2.0,0.0
666121,0.0,0.0,0.0,0.0,0.0,0.0,0.0
666173,0.0,0.0,0.0,0.0,0.0,1.0,0.0
666316,0.0,0.0,0.0,0.0,0.0,2.0,0.0
666816,0.0,0.0,0.0,0.0,0.0,0.0,0.0
666871,0.0,2.0,0.0,0.0,0.0,0.0,0.0
667130,0.0,2.0,0.0,0.0,0.0,1.0,0.0
667371,0.0,0.0,0.0,0.0,0.0,1.0,0.0
667630,0.0,0.0,0.0,0.0,0.0,0.0,0.0
668040,0.0,0.0,0.0,0.0,0.0,1.0,0.0
668048,0.0,0.0,0.0,0.0,0.0,2.0,0.0
668548,0.0,0.0,0.0,0.0,0.0,0.0,0.0
668686,0.0,0.0,0.0,0.0,0.0,1.0,0.0
669186,0.0,0.0,0.0,0.0,0.0,0.0,0.0
669257,0.0,0.0,0.0,0.0,0.0,1.0,0.0
669586,0.0,0.0,0.0,0.0,0.0,2.0,0.0
669806,0.0,2.0,0.0,0.0,0.0,2.0,0.0
670086,0.0,2.0,0.0,0.0,0.0,0.0,0.0
670145,0.0,2.0,0.0,0.0,0.0,1.0,0.0
670306,0.0,0.0,0.0,0.0,0.0,1.0,0.0
670645,0.0,0.0,0.0,0.0,0.0,0.0,0.0
670879,0.0,0.0,0.0,0.0,0.0,1.0,0.0
671379,0.0,0.0,0.0,0.0,0.0,0.0,0.0
671740,0.0,0.0,0.0,0.0,0.0,1.0,0.0
672240,0.0,0.0,0.0,0.0,0.0,0.0,0.0
673845,0.0,0.0,0.0,0.0,0.0,1.0,0.0
674345,0.0,0.0,0.0,0.0,0.0,0.0,0.0
675009,0.0,0.0,0.0,0.0,0.0,1.0,0.0
675012,0.0,0.0,0.0,0.0,0.0,2.0,0.0
675512,0.0,0.0,0.0,0.0,0.0,0.0,0.0
676181,0.0,2.0,0.0,0.0,0.0,0.0,0.0
676488,0.0,2.0,0.0,0.0,0.0,1.0,0.0
676491,0.0,2.0,0.0,0.0,0.0,2.0,0.0
676681,0.0,0.0,0.0,0.0,0.0,2.0,0.0
676991,0.0,0.0,0.0,0.0,0.0,0.0,0.0
678472,0.0,0.0,0.0,0.0,0.0,1.0,0.0
678533,0.0,0.0,0.0,0.0,0.0,2.0,0.0
679033,0.0,0.0,0.0,0.0,0.0,0.0,0.0
680049,0.0,0.0,0.0,0.0,0.0,1.0,0.0
680549,0.0,0.0,0.0,0.0,0.0,0.0,0.0
680779,0.0,0.0,0.0,0.0,0.0,1.0,0.0
681279,0.0,0.0,0.0,0.0,0.0,0.0,0.0
681435,0.0,0.0,0.0,0.0,0.0,1.0,0.0
681935,0.0,0.0,0.0,0.0,0.0,0.0,0.0
683143,0.0,0.0,0.0,0.0,0.0,1.0,0.0
683149,0.0,0.0,0.0,0.0,1.0,2.0,0.0
683649,0.0,0.0,0.0,0.0,0.0,0.0,0.0
683936,0.0,0.0,0.0,0.0,0.0,1.0,0.0
683939,0.0,0.0,0.0,0.0,0.0,2.0,0.0
684439,0.0,0.0,0.0,0.0,0.0,0.0,0.0
684791,0.0,0.0,0.0,0.0,0.0,1.0,0.0
684816,0.0,0.0,0.0,0.0,0.0,2.0,0.0
685316,0.0,0.0,0.0,0.0,0.0,0.0,0.0
685952,0.0,0.0,0.0,0.0,0.0,1.0,0.0
685960,0.0,0.0,0.0,0.0,0.0,2.0,0.0
686460,0.0,0.0,0.0,0.0,0.0,0.0,0.0
687301,0.0,0.0,0.0,0.0,0.0,1.0,0.0
687801,0.0,0.0,0.0,0.0,0.0,0.0,0.0
688082,0.0,0.0,0.0,0.0,0.0,1.0,0.0
688582,0.0,0.0,0.0,0.0,0.0,0.0,0.0
689764,0.0,0.0,0.0,0.0,0.0,1.0,0.0
690264,0.0,0.0,0.0,0.0,0.0,0.0,0.0
690493,0.0,0.0,0.0,0.0,0.0,1.0,0.0
690498,0.0,0.0,0.0,0.0,0.0,2.0,0.0
690998,0.0,0.0,0.0,0.0,0.0,0.0,0.0
691482,0.0,0.0,0.0,0.0,0.0,1.0,0.0
691838,0.0,0.0,0.0,0.0,0.0,2.0,0.0
692338,0.0,0.0,0.0,0.0,0.0,0.0,0.0
692432,0.0,0.0,0.0,0.0,0.0,1.0,0.0
692442,0.0,0.0,0.0,0.0,0.0,2.0,0.0
692942,0.0,0.0,0.0,0.0,0.0,0.0,0.0
693211,0.0,0.0,0.0,0.0,0.0,1.0,0.0
693711,0.0,0.0,0.0,0.0,0.0,0.0,0.0
693797,0.0,0.0,0.0,0.0,0.0,1.0,0.0
694141,0.0,0.0,0.0,0.0,1.0,1.0,0.0
694297,0.0,0.0,0.0,0.0,1.0,0.0,0.0
694641,0.0,0.0,0.0,0.0,0.0,0.0,0.0
694674,0.0,0.0,0.0,0.0,0.0,1.0,0.0
695026,0.0,0.0,0.0,0.0,0.0,2.0,0.0
695526,0.0,0.0,0.0,0.0,0.0,0.0,0.0
696528,0.0,0.0,0.0,0.0,0.0,1.0,0.0
696672,0.0,0.0,0.0,0.0,0.0,2.0,0.0
697172,0.0,0.0,0.0,0.0,0.0,0.0,0.0
697395,0.0,0.0,0.0,0.0,0.0,1.0,0.0
697895,0.0,0.0,0.0,0.0,0.0,0.0,0.0
697979,0.0,0.0,0.0,0.0,0.0,1.0,0.0
697984,0.0,0.0,0.0,0.0,0.0,2.0,0.0
698484,0.0,0.0,0.0,0.0,0.0,0.0,0.0
699232,0.0,0.0,0.0,0.0,0.0,1.0,0.0
699732,0.0,0.0,0.0,0.0,0.0,0.0,0.0
699875,0.0,0.0,0.0,0.0,0.0,1.0,0.0
700375,0.0,0.0,0.0,0.0,0.0,0.0,0.0
700779,0.0,0.0,0.0,0.0,0.0,1.0,0.0
701279,0.0,0.0,0.0,0.0,0.0,0.0,0.0
701408,0.0,0.0,0.0,0.0,0.0,1.0,0.0
701416,0.0,0.0,0.0,0.0,0.0,2.0,0.0
701916,0.0,0.0,0.0,0.0,0.0,0.0,0.0
703764,0.0,0.0,0.0,0.0,0.0,1.0,0.0
703771,0.0,0.0,0.0,0.0,0.0,2.0,0.0
704271,0.0,0.0,0.0,0.0,0.0,0.0,0.0
704642,0.0,0.0,0.0,0.0,0.0,1.0,0.0
705142,0.0,0.0,0.0,0.0,0.0,0.0,0.0
705190,0.0,0.0,0.0,0.0,0.0,1.0,0.0
705690,0.0,0.0,0.0,0.0,0.0,0.0,0.0
705993,0.0,0.0,0.0,0.0,0.0,1.0,0.0
706493,0.0,0.0,0.0,0.0,0.0,0.0,0.0
712519,0.0,0.0,0.0,0.0,1.0,0.0,0.0
713019,0.0,0.0,0.0,0.0,0.0,0.0,0.0
769174,0.0,0.0,0.0,0.0,0.0,1.0,0.0
769674,0.0,0.0,0.0,0.0,0.0,0.0,0.0
772839,0.0,0.0,0.0,0.0,0.0,1.0,0.0
773339,0.0,0.0,0.0,0.0,0.0,0.0,0.0
807000,0.0,0.0,0.0,0.0,0.0,0.0,1.0
807500,0.0,0.0,0.0,0.0,0.0,0.0,0.0
807557,0.0,0.0,0.0,0.0,0.0,1.0,0.0
807564,0.0,0.0,0.0,0.0,1.0,1.0,0.0
807583,2.0,0.0,0.0,0.0,1.0,1.0,0.0
807610,2.0,0.0,0.0,0.0,2.0,1.0,0.0
807783,2.0,0.0,0.0,0.0,2.0,2.0,0.0
807822,2.0,2.0,0.0,0.0,2.0,2.0,0.0
808083,0.0,2.0,0.0,0.0,2.0,2.0,0.0
808110,0.0,2.0,0.0,0.0,0.0,2.0,0.0
808283,0.0,2.0,0.0,0.0,0.0,0.0,0.0
808287,2.0,2.0,0.0,0.0,0.0,0.0,0.0
808322,2.0,0.0,0.0,0.0,0.0,0.0,0.0
808412,2.0,0.0,0.0,0.0,0.0,1.0,0.0
808422,2.0,0.0,0.0,0.0,1.0,1.0,0.0
808787,0.0,0.0,0.0,0.0,1.0,1.0,0.0
808912,0.0,0.0,0.0,0.0,1.0,0.0,0.0
808922,0.0,0.0,0.0,0.0,0.0,0.0,0.0
808946,0.0,0.0,1.0,0.0,0.0,0.0,0.0
809421,0.0,0.0,1.0,0.0,0.0,1.0,0.0
809503,0.0,0.0,1.0,0.0,0.0,2.0,0.0
809966,0.0,0.0,1.0,0.0,1.0,2.0,0.0
810003,0.0,0.0,1.0,0.0,1.0,0.0,0.0
810201,0.0,0.0,1.0,0.0,1.0,1.0,0.0
810248,0.0,0.0,2.0,0.0,1.0,1.0,0.0
810466,0.0,0.0,2.0,0.0,0.0,1.0,0.0
810676,0.0,0.0,2.0,0.0,1.0,1.0,0.0
810701,0.0,0.0,2.0,0.0,1.0,0.0,0.0
810748,0.0,0.0,1.0,0.0,1.0,0.0,0.0
811176,0.0,0.0,1.0,0.0,0.0,0.0,0.0
811248,0.0,0.0,0.0,0.0,0.0,1.0,0.0
811748,0.0,0.0,0.0,0.0,0.0,0.0,0.0
811770,0.0,0.0,1.0,0.0,0.0,0.0,0.0
812039,0.0,0.0,1.0,0.0,0.0,1.0,0.0
812041,0.0,0.0,1.0,0.0,0.0,2.0,0.0
812541,0.0,0.0,1.0,0.0,0.0,0.0,0.0
812595,0.0,0.0,1.0,0.0,0.0,1.0,0.0
813095,0.0,0.0,1.0,0.0,0.0,0.0,0.0
813178,0.0,0.0,1.0,0.0,0.0,1.0,0.0
813678,0.0,0.0,1.0,0.0,0.0,0.0,0.0
814155,0.0,0.0,1.0,0.0,0.0,1.0,0.0
814270,0.0,0.0,0.0,0.0,0.0,1.0,0.0
814311,0.0,0.0,1.0,0.0,0.0,1.0,0.0
814655,0.0,0.0,1.0,0.0,0.0,0.0,0.0
814811,0.0,0.0,0.0,0.0,0.0,0.0,0.0
814857,0.0,0.0,1.0,0.0,0.0,0.0,0.0
814858,0.0,0.0,1.0,0.0,0.0,1.0,0.0
815357,0.0,0.0,0.0,0.0,0.0,1.0,0.0
815358,0.0,0.0,0.0,0.0,0.0,0.0,0.0
815378,0.0,0.0,1.0,0.0,0.0,0.0,0.0
816087,0.0,0.0,1.0,0.0,0.0,1.0,0.0
816089,0.0,0.0,1.0,0.0,0.0,2.0,0.0
816267,0.0,0.0,1.0,0.0,1.0,2.0,0.0
816589,0.0,0.0,1.0,0.0,1.0,0.0,0.0
816767,0.0,0.0,1.0,0.0,0.0,0.0,0.0
816804,0.0,0.0,1.0,0.0,1.0,0.0,0.0
817304,0.0,0.0,1.0,0.0,0.0,0.0,0.0
817432,0.0,0.0,1.0,0.0,0.0,1.0,0.0
817878,0.0,0.0,0.0,0.0,0.0,1.0,0.0
817905,0.0,0.0,1.0,0.0,0.0,1.0,0.0
817932,0.0,0.0,1.0,0.0,0.0,0.0,0.0
818184,0.0,0.0,1.0,0.0,0.0,1.0,0.0
818405,0.0,0.0,0.0,0.0,0.0,1.0,0.0
818406,0.0,0.0,1.0,0.0,0.0,1.0,0.0
818678,0.0,0.0,1.0,0.0,0.0,2.0,0.0
818906,0.0,0.0,0.0,0.0,0.0,2.0,0.0
819178,0.0,0.0,0.0,0.0,0.0,0.0,0.0
819291,0.0,0.0,0.0,0.0,0.0,1.0,0.0
819791,0.0,0.0,0.0,0.0,0.0,0.0,0.0
819814,0.0,0.0,0.0,0.0,0.0,1.0,0.0
820140,0.0,0.0,0.0,0.0,0.0,2.0,0.0
820495,0.0,0.0,1.0,0.0,0.0,2.0,0.0
820640,0.0,0.0,1.0,0.0,0.0,0.0,0.0
820995,0.0,0.0,0.0,0.0,0.0,0.0,0.0
821105,0.0,0.0,0.0,0.0,0.0,1.0,0.0
821110,0.0,0.0,0.0,0.0,0.0,2.0,0.0
821610,0.0,0.0,0.0,0.0,0.0,0.0,0.0
822051,0.0,0.0,0.0,0.0,0.0,1.0,0.0
822053,0.0,0.0,0.0,0.0,0.0,2.0,0.0
822226,0.0,0.0,1.0,0.0,0.0,2.0,0.0
822553,0.0,0.0,1.0,0.0,0.0,0.0,0.0
822726,0.0,0.0,0.0,0.0,0.0,0.0,0.0
822745,0.0,0.0,1.0,0.0,0.0,0.0,0.0
823245,0.0,0.0,0.0,0.0,0.0,0.0,0.0
824735,0.0,0.0,0.0,0.0,0.0,1.0,0.0
824738,0.0,0.0,0.0,0.0,0.0,2.0,0.0
825238,0.0,0.0,0.0,0.0,0.0,0.0,0.0
826792,0.0,0.0,0.0,0.0,0.0,1.0,0.0
827292,0.0,0.0,0.0,0.0,0.0,0.0,0.0
828046,0.0,0.0,0.0,0.0,0.0,1.0,0.0
828546,0.0,0.0,0.0,0.0,0.0,0.0,0.0
828802,0.0,0.0,0.0,0.0,0.0,1.0,0.0
828948,0.0,0.0,0.0,0.0,0.0,2.0,0.0
829448,0.0,0.0,0.0,0.0,0.0,0.0,0.0
829783,0.0,0.0,0.0,0.0,0.0,1.0,0.0
830283,0.0,0.0,0.0,0.0,0.0,0.0,0.0
830509,0.0,0.0,0.0,0.0,0.0,1.0,0.0
831009,0.0,0.0,0.0,0.0,0.0,0.0,0.0
831706,0.0,0.0,0.0,0.0,0.0,1.0,0.0
831709,0.0,0.0,0.0,0.0,0.0,2.0,0.0
832209,0.0,0.0,0.0,0.0,0.0,0.0,0.0
832540,0.0,0.0,0.0,0.0,0.0,1.0,0.0
833040,0.0,0.0,0.0,0.0,0.0,0.0,0.0
833102,0.0,0.0,0.0,0.0,0.0,1.0,0.0
833602,0.0,0.0,0.0,0.0,0.0,0.0,0.0
833652,0.0,0.0,0.0,0.0,0.0,1.0,0.0
833769,0.0,0.0,0.0,0.0,0.0,2.0,0.0
834269,0.0,0.0,0.0,0.0,0.0,0.0,0.0
834569,0.0,0.0,0.0,0.0,0.0,1.0,0.0
834572,0.0,0.0,0.0,0.0,0.0,2.0,0.0
835072,0.0,0.0,0.0,0.0,0.0,0.0,0.0
836119,0.0,0.0,0.0,0.0,0.0,1.0,0.0
836619,0.0,0.0,0.0,0.0,0.0,0.0,0.0
836909,0.0,0.0,0.0,0.0,0.0,1.0,0.0
836914,0.0,0.0,0.0,0.0,0.0,2.0,0.0
837414,0.0,0.0,0.0,0.0,0.0,0.0,0.0
838333,0.0,0.0,0.0,0.0,0.0,1.0,0.0
838595,0.0,0.0,0.0,0.0,0.0,2.0,0.0
839095,0.0,0.0,0.0,0.0,0.0,0.0,0.0
839951,0.0,0.0,0.0,0.0,0.0,1.0,0.0
840451,0.0,0.0,0.0,0.0,0.0,0.0,0.0
840895,0.0,0.0,0.0,0.0,0.0,1.0,0.0
841395,0.0,0.0,0.0,0.0,0.0,0.0,0.0
841709,0.0,0.0,0.0,0.0,0.0,1.0,0.0
841815,0.0,0.0,0.0,0.0,0.0,2.0,0.0
842315,0.0,0.0,0.0,0.0,0.0,0.0,0.0
843080,0.0,0.0,0.0,0.0,0.0,1.0,0.0
843580,0.0,0.0,0.0,0.0,0.0,0.0,0.0
844367,0.0,0.0,0.0,0.0,0.0,1.0,0.0
844438,0.0,0.0,0.0,0.0,0.0,2.0,0.0
844451,0.0,0.0,0.0,0.0,1.0,2.0,0.0
844462,0.0,0.0,0.0,0.0,2.0,2.0,0.0
844938,0.0,0.0,0.0,0.0,2.0,0.0,0.0
844962,0.0,0.0,0.0,0.0,0.0,0.0,0.0
845188,0.0,0.0,0.0,0.0,0.0,1.0,0.0
845221,0.0,0.0,0.0,0.0,1.0,2.0,0.0
845721,0.0,0.0,0.0,0.0,0.0,0.0,0.0
846924,0.0,0.0,0.0,0.0,0.0,1.0,0.0
846996,0.0,0.0,0.0,0.0,0.0,2.0,0.0
847496,0.0,0.0,0.0,0.0,0.0,0.0,0.0
848498,0.0,0.0,0.0,0.0,0.0,1.0,0.0
848503,0.0,0.0,0.0,0.0,0.0,2.0,0.0
849003,0.0,0.0,0.0,0.0,0.0,0.0,0.0
849008,0.0,0.0,0.0,0.0,0.0,1.0,0.0
849010,0.0,0.0,0.0,0.0,0.0,2.0,0.0
849069,0.0,0.0,0.0,0.0,1.0,2.0,0.0
849510,0.0,0.0,0.0,0.0,1.0,0.0,0.0
849569,0.0,0.0,0.0,0.0,0.0,0.0,0.0
849645,0.0,0.0,0.0,0.0,0.0,1.0,0.0
850145,0.0,0.0,0.0,0.0,0.0,0.0,0.0
850159,0.0,0.0,0.0,0.0,0.0,1.0,0.0
850161,0.0,0.0,0.0,0.0,0.0,2.0,0.0
850661,0.0,0.0,0.0,0.0,0.0,0.0,0.0
851223,0.0,0.0,0.0,0.0,0.0,1.0,0.0
851723,0.0,0.0,0.0,0.0,0.0,0.0,0.0
852042,0.0,0.0,0.0,0.0,0.0,1.0,0.0
852542,0.0,0.0,0.0,0.0,0.0,0.0,0.0
852557,0.0,0.0,0.0,0.0,0.0,1.0,0.0
852875,0.0,0.0,0.0,0.0,0.0,2.0,0.0
853375,0.0,0.0,0.0,0.0,0.0,0.0,0.0
853406,0.0,0.0,0.0,0.0,0.0,1.0,0.0
853906,0.0,0.0,0.0,0.0,0.0,0.0,0.0
853952,0.0,0.0,0.0,0.0,0.0,1.0,0.0
853955,0.0,0.0,0.0,0.0,0.0,2.0,0.0
854455,0.0,0.0,0.0,0.0,0.0,0.0,0.0
854954,0.0,0.0,0.0,0.0,0.0,1.0,0.0
855454,0.0,0.0,0.0,0.0,0.0,0.0,0.0
855509,0.0,0.0,0.0,0.0,0.0,1.0,0.0
856009,0.0,0.0,0.0,0.0,0.0,0.0,0.0
856177,0.0,0.0,0.0,0.0,0.0,1.0,0.0
856360,0.0,0.0,0.0,0.0,0.0,2.0,0.0
856860,0.0,0.0,0.0,0.0,0.0,0.0,0.0
856896,0.0,0.0,0.0,0.0,0.0,1.0,0.0
856935,0.0,0.0,0.0,0.0,0.0,2.0,0.0
857435,0.0,0.0,0.0,0.0,0.0,0.0,0.0
858246,0.0,0.0,0.0,0.0,0.0,1.0,0.0
858250,0.0,0.0,0.0,0.0,0.0,2.0,0.0
858750,0.0,0.0,0.0,0.0,0.0,0.0,0.0
859037,0.0,0.0,0.0,0.0,0.0,1.0,0.0
859537,0.0,0.0,0.0,0.0,0.0,0.0,0.0
860369,0.0,0.0,0.0,0.0,0.0,1.0,0.0
860856,0.0,0.0,0.0,0.0,0.0,2.0,0.0
861356,0.0,0.0,0.0,0.0,0.0,0.0,0.0
861916,0.0,0.0,0.0,0.0,0.0,1.0,0.0
862416,0.0,0.0,0.0,0.0,0.0,0.0,0.0
862925,0.0,0.0,0.0,0.0,0.0,1.0,0.0
863425,0.0,0.0,0.0,0.0,0.0,0.0,0.0
863454,0.0,0.0,0.0,0.0,0.0,1.0,0.0
863954,0.0,0.0,0.0,0.0,0.0,0.0,0.0
863965,0.0,0.0,0.0,0.0,0.0,1.0,0.0
864360,0.0,0.0,0.0,0.0,0.0,2.0,0.0
864374,0.0,0.0,0.0,0.0,1.0,2.0,0.0
864860,0.0,0.0,0.0,0.0,1.0,0.0,0.0
864874,0.0,0.0,0.0,0.0,0.0,0.0,0.0
865153,0.0,0.0,0.0,0.0,1.0,1.0,0.0
865174,0.0,0.0,0.0,0.0,1.0,2.0,0.0
865653,0.0,0.0,0.0,0.0,0.0,2.0,0.0
865674,0.0,0.0,0.0,0.0,0.0,0.0,0.0
865729,0.0,0.0,0.0,0.0,0.0,1.0,0.0
866229,0.0,0.0,0.0,0.0,0.0,0.0,0.0
866534,0.0,0.0,0.0,0.0,0.0,1.0,0.0
867034,0.0,0.0,0.0,0.0,0.0,0.0,0.0
867750,0.0,0.0,0.0,0.0,0.0,1.0,0.0
868250,0.0,0.0,0.0,0.0,0.0,0.0,0.0
868386,0.0,0.0,0.0,0.0,0.0,1.0,0.0
868826,0.0,0.0,0.0,0.0,0.0,2.0,0.0
869326,0.0,0.0,0.0,0.0,0.0,0.0,0.0
874341,0.0,0.0,0.0,0.0,0.0,1.0,0.0
874425,0.0,0.0,0.0,0.0,0.0,2.0,0.0
874925,0.0,0.0,0.0,0.0,0.0,0.0,0.0
875012,0.0,0.0,0.0,0.0,0.0,1.0,0.0
875021,0.0,0.0,0.0,0.0,0.0,2.0,0.0
875521,0.0,0.0,0.0,0.0,0.0,0.0,0.0
876003,0.0,0.0,0.0,0.0,0.0,1.0,0.0
876096,0.0,0.0,0.0,0.0,0.0,2.0,0.0
876596,0.0,0.0,0.0,0.0,0.0,0.0,0.0
876631,0.0,0.0,0.0,0.0,0.0,1.0,0.0
877131,0.0,0.0,0.0,0.0,0.0,0.0,0.0
877578,0.0,0.0,0.0,0.0,0.0,1.0,0.0
877884,0.0,0.0,0.0,0.0,0.0,2.0,0.0
878384,0.0,0.0,0.0,0.0,0.0,0.0,0.0
880032,0.0,0.0,0.0,0.0,0.0,1.0,0.0
880036,0.0,0.0,0.0,0.0,0.0,2.0,0.0
880536,0.0,0.0,0.0,0.0,0.0,0.0,0.0
880691,0.0,0.0,0.0,0.0,0.0,1.0,0.0
881191,0.0,0.0,0.0,0.0,0.0,0.0,0.0
882252,0.0,0.0,0.0,0.0,0.0,1.0,0.0
882752,0.0,0.0,0.0,0.0,0.0,0.0,0.0
885095,0.0,0.0,0.0,0.0,0.0,1.0,0.0
885520,0.0,0.0,0.0,0.0,0.0,2.0,0.0
886020,0.0,0.0,0.0,0.0,0.0,0.0,0.0
886107,0.0,0.0,0.0,0.0,0.0,1.0,0.0
886607,0.0,0.0,0.0,0.0,0.0,0.0,0.0
886633,0.0,0.0,0.0,0.0,0.0,1.0,0.0
887108,0.0,0.0,0.0,0.0,0.0,2.0,0.0
887608,0.0,0.0,0.0,0.0,0.0,0.0,0.0
887826,0.0,0.0,0.0,0.0,0.0,1.0,0.0
888326,0.0,0.0,0.0,0.0,0.0,0.0,0.0
888633,0.0,0.0,0.0,0.0,1.0,0.0,0.0
889133,0.0,0.0,0.0,0.0,0.0,0.0,0.0
889271,0.0,0.0,0.0,0.0,0.0,1.0,0.0
889771,0.0,0.0,0.0,0.0,0.0,0.0,0.0
889942,0.0,0.0,0.0,0.0,0.0,1.0,0.0
890442,0.0,0.0,0.0,0.0,0.0,0.0,0.0
891416,0.0,0.0,0.0,0.0,0.0,1.0,0.0
891916,0.0,0.0,0.0,0.0,0.0,0.0,0.0
892621,0.0,0.0,0.0,0.0,0.0,1.0,0.0
892779,0.0,0.0,0.0,0.0,0.0,2.0,0.0
893279,0.0,0.0,0.0,0.0,0.0,0.0,0.0
895064,0.0,0.0,0.0,0.0,0.0,1.0,0.0
895066,0.0,0.0,0.0,0.0,0.0,2.0,0.0
895566,0.0,0.0,0.0,0.0,0.0,0.0,0.0
895782,0.0,0.0,0.0,0.0,0.0,1.0,0.0
896144,0.0,0.0,0.0,0.0,0.0,2.0,0.0
896644,0.0,0.0,0.0,0.0,0.0,0.0,0.0
897391,0.0,0.0,0.0,0.0,0.0,1.0,0.0
897394,0.0,0.0,0.0,0.0,0.0,2.0,0.0
897894,0.0,0.0,0.0,0.0,0.0,0.0,0.0
898165,0.0,0.0,0.0,0.0,0.0,1.0,0.0
898665,0.0,0.0,0.0,0.0,0.0,0.0,0.0
899065,0.0,0.0,0.0,0.0,0.0,1.0,0.0
899565,0.0,0.0,0.0,0.0,0.0,0.0,0.0
899568,0.0,0.0,0.0,0.0,0.0,1.0,0.0
900068,0.0,0.0,0.0,0.0,0.0,0.0,0.0
900160,0.0,0.0,0.0,0.0,0.0,1.0,0.0
900660,0.0,0.0,0.0,0.0,0.0,0.0,0.0
902270,0.0,0.0,0.0,0.0,0.0,1.0,0.0
902770,0.0,0.0,0.0,0.0,0.0,0.0,0.0
903253,0.0,0.0,0.0,0.0,0.0,1.0,0.0
903256,0.0,0.0,0.0,0.0,0.0,2.0,0.0
903756,0.0,0.0,0.0,0.0,0.0,0.0,0.0
903829,0.0,0.0,0.0,0.0,0.0,1.0,0.0
903831,0.0,0.0,0.0,0.0,0.0,2.0,0.0
904331,0.0,0.0,0.0,0.0,0.0,0.0,0.0
904402,0.0,0.0,0.0,0.0,0.0,1.0,0.0
904902,0.0,0.0,0.0,0.0,0.0,0.0,0.0
904930,0.0,0.0,0.0,0.0,0.0,1.0,0.0
905077,0.0,0.0,0.0,0.0,0.0,2.0,0.0
905577,0.0,0.0,0.0,0.0,0.0,0.0,0.0
905672,0.0,0.0,0.0,0.0,0.0,1.0,0.0
905824,0.0,2.0,0.0,0.0,0.0,1.0,0.0
906172,0.0,2.0,0.0,0.0,0.0,0.0,0.0
906324,0.0,0.0,0.0,0.0,0.0,0.0,0.0
906621,0.0,0.0,0.0,0.0,0.0,1.0,0.0
907121,0.0,0.0,0.0,0.0,0.0,0.0,0.0
907326,0.0,0.0,0.0,0.0,0.0,1.0,0.0
907423,0.0,0.0,0.0,0.0,0.0,2.0,0.0
907923,0.0,0.0,0.0,0.0,0.0,0.0,0.0
909669,0.0,0.0,0.0,0.0,1.0,0.0,0.0
910169,0.0,0.0,0.0,0.0,0.0,0.0,0.0
940132,0.0,0.0,0.0,0.0,0.0,1.0,0.0
940632,0.0,0.0,0.0,0.0,0.0,0.0,0.0
1009000,0.0,0.0,0.0,0.0,0.0,0.0,1.0
1009202,0.0,0.0,0.0,0.0,0.0,1.0,1.0
1009311,2.0,0.0,0.0,0.0,0.0,1.0,1.0
1009500,2.0,0.0,0.0,0.0,0.0,1.0,0.0
1009534,2.0,2.0,0.0,0.0,0.0,1.0,0.0
1009592,2.0,2.0,0.0,0.0,1.0,1.0,0.0
1009675,2.0,2.0,0.0,0.0,2.0,1.0,0.0
1009702,2.0,2.0,0.0,0.0,2.0,0.0,0.0
1009705,2.0,2.0,0.0,0.0,2.0,1.0,0.0
1009811,0.0,2.0,0.0,0.0,2.0,2.0,0.0
1009855,2.0,2.0,0.0,0.0,2.0,2.0,0.0
1010034,2.0,0.0,0.0,0.0,2.0,2.0,0.0
1010175,2.0,0.0,0.0,0.0,0.0,2.0,0.0
1010311,2.0,0.0,0.0,0.0,0.0,0.0,0.0
1010355,0.0,0.0,0.0,0.0,0.0,0.0,0.0
1010617,0.0,0.0,0.0,0.0,0.0,1.0,0.0
1010783,0.0,2.0,0.0,0.0,0.0,1.0,0.0
1011112,0.0,2.0,1.0,0.0,0.0,1.0,0.0
1011117,0.0,2.0,1.0,0.0,0.0,0.0,0.0
1011212,0.0,2.0,1.0,0.0,0.0,1.0,0.0
1011283,0.0,0.0,1.0,0.0,0.0,1.0,0.0
1011342,0.0,0.0,1.0,0.0,0.0,2.0,0.0
1011842,0.0,0.0,1.0,0.0,0.0,0.0,0.0
1012160,0.0,0.0,1.0,0.0,0.0,1.0,0.0
1012170,0.0,0.0,1.0,0.0,0.0,2.0,0.0
1012179,0.0,0.0,1.0,0.0,1.0,2.0,0.0
1012484,0.0,0.0,2.0,0.0,1.0,2.0,0.0
1012670,0.0,0.0,2.0,0.0,1.0,0.0,0.0
1012679,0.0,0.0,2.0,0.0,0.0,0.0,0.0
1012762,0.0,0.0,2.0,0.0,0.0,1.0,0.0
1012767,0.0,0.0,2.0,0.0,0.0,2.0,0.0
1012984,0.0,0.0,1.0,0.0,0.0,2.0,0.0
1013267,0.0,0.0,1.0,0.0,0.0,0.0,0.0
1013484,0.0,0.0,0.0,0.0,0.0,0.0,0.0
1013573,0.0,0.0,0.0,0.0,0.0,1.0,0.0
1014073,0.0,0.0,0.0,0.0,0.0,0.0,0.0
1014352,0.0,0.0,0.0,0.0,0.0,1.0,0.0
1014852,0.0,0.0,0.0,0.0,0.0,0.0,0.0
1015173,0.0,0.0,0.0,0.0,0.0,1.0,0.0
1015673,0.0,0.0,0.0,0.0,0.0,0.0,0.0
1015962,0.0,0.0,0.0,0.0,0.0,1.0,0.0
1016462,0.0,0.0,0.0,0.0,0.0,0.0,0.0
1016531,0.0,0.0,0.0,0.0,0.0,1.0,0.0
1017031,0.0,0.0,0.0,0.0,0.0,0.0,0.0
1018162,0.0,0.0,0.0,0.0,0.0,1.0,0.0
1018662,0.0,0.0,0.0,0.0,0.0,0.0,0.0
1019130,0.0,0.0,0.0,0.0,0.0,1.0,0.0
1019630,0.0,0.0,0.0,0.0,0.0,0.0,0.0
1020007,0.0,0.0,0.0,0.0,0.0,1.0,0.0
1020095,0.0,0.0,0.0,0.0,0.0,2.0,0.0
1020595,0.0,0.0,0.0,0.0,0.0,0.0,0.0
1022175,0.0,0.0,0.0,0.0,0.0,1.0,0.0
1022675,0.0,0.0,0.0,0.0,0.0,0.0,0.0
1022716,0.0,0.0,0.0,0.0,0.0,1.0,0.0
1022804,0.0,0.0,0.0,0.0,0.0,2.0,0.0
1023304,0.0,0.0,0.0,0.0,0.0,0.0,0.0
1023605,0.0,0.0,0.0,0.0,0.0,1.0,0.0
1024105,0.0,0.0,0.0,0.0,0.0,0.0,0.0
1024728,0.0,0.0,0.0,0.0,0.0,1.0,0.0
1024782,0.0,0.0,0.0,0.0,0.0,2.0,0.0
1025282,0.0,0.0,0.0,0.0,0.0,0.0,0.0
1025836,0.0,0.0,0.0,0.0,0.0,1.0,0.0
1026336,0.0,0.0,0.0,0.0,0.0,0.0,0.0
1027288,0.0,0.0,0.0,0.0,0.0,1.0,0.0
1027788,0.0,0.0,0.0,0.0,0.0,0.0,0.0
1027850,0.0,0.0,0.0,0.0,0.0,1.0,0.0
1028350,0.0,0.0,0.0,0.0,0.0,0.0,0.0
1029472,0.0,0.0,0.0,0.0,0.0,1.0,0.0
1029550,0.0,0.0,0.0,0.0,0.0,2.0,0.0
1029574,0.0,0.0,0.0,0.0,1.0,2.0,0.0
1030050,0.0,0.0,0.0,0.0,1.0,0.0,0.0
1030074,0.0,0.0,0.0,0.0,0.0,0.0,0.0
1030261,0.0,0.0,0.0,0.0,0.0,1.0,0.0
1030761,0.0,0.0,0.0,0.0,0.0,0.0,0.0
1031049,0.0,0.0,0.0,0.0,0.0,1.0,0.0
1031051,0.0,0.0,0.0,0.0,0.0,2.0,0.0
1031551,0.0,0.0,0.0,0.0,0.0,0.0,0.0
1031696,0.0,0.0,0.0,0.0,0.0,1.0,0.0
1031698,0.0,0.0,0.0,0.0,0.0,2.0,0.0
1032198,0.0,0.0,0.0,0.0,0.0,0.0,0.0
1032698,0.0,0.0,0.0,0.0,0.0,1.0,0.0
1032700,0.0,0.0,0.0,0.0,0.0,2.0,0.0
1033200,0.0,0.0,0.0,0.0,0.0,0.0,0.0
1033426,0.0,0.0,0.0,0.0,0.0,1.0,0.0
1033428,0.0,0.0,0.0,0.0,0.0,2.0,0.0
1033455,0.0,0.0,0.0,0.0,1.0,2.0,0.0
1033928,0.0,0.0,0.0,0.0,1.0,0.0,0.0
1033955,0.0,0.0,0.0,0.0,0.0,0.0,0.0
1034533,0.0,0.0,0.0,0.0,0.0,1.0,0.0
1035033,0.0,0.0,0.0,0.0,0.0,0.0,0.0
1035165,0.0,0.0,0.0,0.0,0.0,1.0,0.0
1035663,0.0,0.0,0.0,0.0,0.0,2.0,0.0
1036163,0.0,0.0,0.0,0.0,0.0,0.0,0.0
1036276,0.0,0.0,0.0,0.0,0.0,1.0,0.0
1036776,0.0,0.0,0.0,0.0,0.0,0.0,0.0
1037029,0.0,0.0,0.0,0.0,0.0,1.0,0.0
1037529,0.0,0.0,0.0,0.0,0.0,0.0,0.0
1037690,0.0,0.0,0.0,0.0,0.0,1.0,0.0
1038190,0.0,0.0,0.0,0.0,0.0,0.0,0.0
1038746,0.0,0.0,0.0,0.0,0.0,1.0,0.0
1039246,0.0,0.0,0.0,0.0,0.0,0.0,0.0
1039353,0.0,0.0,0.0,0.0,0.0,1.0,0.0
1039853,0.0,0.0,0.0,0.0,0.0,0.0,0.0
1040954,0.0,0.0,0.0,0.0,0.0,1.0,0.0
1040956,0.0,0.0,0.0,0.0,0.0,2.0,0.0
1040959,0.0,0.0,0.0,0.0,1.0,2.0,0.0
1041456,0.0,0.0,0.0,0.0,1.0,0.0,0.0
1041459,0.0,0.0,0.0,0.0,0.0,0.0,0.0
1041826,0.0,0.0,0.0,0.0,0.0,1.0,0.0
1042326,0.0,0.0,0.0,0.0,0.0,0.0,0.0
1042786,0.0,0.0,0.0,0.0,0.0,1.0,0.0
1043203,0.0,0.0,0.0,0.0,1.0,1.0,0.0
1043204,0.0,0.0,0.0,0.0,1.0,2.0,0.0
1043703,0.0,0.0,0.0,0.0,0.0,2.0,0.0
1043704,0.0,0.0,0.0,0.0,0.0,0.0,0.0
1044403,0.0,0.0,0.0,0.0,0.0,1.0,0.0
1044903,0.0,0.0,0.0,0.0,0.0,0.0,0.0
1046363,0.0,0.0,0.0,0.0,0.0,1.0,0.0
1046375,0.0,0.0,0.0,0.0,0.0,2.0,0.0
1046875,0.0,0.0,0.0,0.0,0.0,0.0,0.0
1047385,0.0,0.0,0.0,0.0,0.0,1.0,0.0
1047885,0.0,0.0,0.0,0.0,0.0,0.0,0.0
1048142,0.0,0.0,0.0,0.0,0.0,1.0,0.0
1048149,0.0,0.0,0.0,0.0,0.0,2.0,0.0
1048649,0.0,0.0,0.0,0.0,0.0,0.0,0.0
1049376,0.0,0.0,0.0,0.0,0.0,1.0,0.0
1049876,0.0,0.0,0.0,0.0,0.0,0.0,0.0
1050586,0.0,0.0,0.0,0.0,0.0,1.0,0.0
1051086,0.0,0.0,0.0,0.0,0.0,0.0,0.0
1051118,0.0,0.0,0.0,0.0,0.0,1.0,0.0
1051618,0.0,0.0,0.0,0.0,0.0,0.0,0.0
1051671,0.0,2.0,0.0,0.0,0.0,0.0,0.0
1052171,0.0,0.0,0.0,0.0,0.0,0.0,0.0
1052802,0.0,0.0,0.0,0.0,0.0,1.0,0.0
1052863,0.0,0.0,0.0,0.0,0.0,2.0,0.0
1053363,0.0,0.0,0.0,0.0,0.0,0.0,0.0
1053620,0.0,0.0,0.0,0.0,0.0,1.0,0.0
1054127,0.0,0.0,0.0,0.0,0.0,2.0,0.0
1054627,0.0,0.0,0.0,0.0,0.0,0.0,0.0
1055428,0.0,0.0,0.0,0.0,0.0,1.0,0.0
1055928,0.0,0.0,0.0,0.0,0.0,0.0,0.0
1056612,0.0,0.0,0.0,0.0,0.0,1.0,0.0
1057112,0.0,0.0,0.0,0.0,0.0,0.0,0.0
1057201,0.0,0.0,0.0,0.0,0.0,1.0,0.0
1057203,0.0,0.0,0.0,0.0,0.0,2.0,0.0
1057703,0.0,0.0,0.0,0.0,0.0,0.0,0.0
1058233,0.0,0.0,0.0,0.0,0.0,1.0,0.0
1058492,0.0,0.0,0.0,0.0,0.0,2.0,0.0
1058992,0.0,0.0,0.0,0.0,0.0,0.0,0.0
1059138,0.0,0.0,0.0,0.0,0.0,1.0,0.0
1059145,0.0,0.0,0.0,0.0,0.0,2.0,0.0
1059645,0.0,0.0,0.0,0.0,0.0,0.0,0.0
1060071,0.0,0.0,0.0,0.0,0.0,1.0,0.0
1060571,0.0,0.0,0.0,0.0,0.0,0.0,0.0
1061061,0.0,0.0,0.0,0.0,0.0,1.0,0.0
1061561,0.0,0.0,0.0,0.0,0.0,0.0,0.0
1062193,0.0,0.0,0.0,0.0,0.0,1.0,0.0
1063193,0.0,0.0,0.0,0.0,0.0,0.0,0.0
1063885,0.0,0.0,0.0,0.0,0.0,1.0,0.0
1064385,0.0,0.0,0.0,0.0,0.0,0.0,0.0
1064421,0.0,0.0,0.0,0.0,0.0,1.0,0.0
1064424,0.0,0.0,0.0,0.0,0.0,2.0,0.0
1064924,0.0,0.0,0.0,0.0,0.0,0.0,0.0
1065221,0.0,0.0,0.0,0.0,0.0,1.0,0.0
1065721,0.0,0.0,0.0,0.0,0.0,0.0,0.0
1066880,0.0,0.0,0.0,0.0,0.0,1.0,0.0
1067380,0.0,0.0,0.0,0.0,0.0,0.0,0.0
1067667,0.0,0.0,0.0,0.0,0.0,1.0,0.0
1068167,0.0,0.0,0.0,0.0,0.0,0.0,0.0
1068492,0.0,0.0,0.0,0.0,0.0,1.0,0.0
1068992,0.0,0.0,0.0,0.0,0.0,0.0,0.0
1069274,0.0,0.0,0.0,0.0,0.0,1.0,0.0
1069774,0.0,0.0,0.0,0.0,0.0,0.0,0.0
1069895,0.0,0.0,0.0,0.0,0.0,1.0,0.0
1070395,0.0,0.0,0.0,0.0,0.0,0.0,0.0
1070597,0.0,0.0,0.0,0.0,0.0,1.0,0.0
1070718,0.0,0.0,0.0,0.0,0.0,2.0,0.0
1071218,0.0,0.0,0.0,0.0,0.0,0.0,0.0
1071513,0.0,0.0,0.0,0.0,1.0,0.0,0.0
1071516,0.0,0.0,0.0,0.0,1.0,1.0,0.0
1071523,0.0,0.0,0.0,0.0,2.0,2.0,0.0
1072023,0.0,0.0,0.0,0.0,0.0,0.0,0.0
1072527,0.0,0.0,0.0,0.0,0.0,1.0,0.0
1072532,0.0,0.0,0.0,0.0,0.0,2.0,0.0
1073032,0.0,0.0,0.0,0.0,0.0,0.0,0.0
1073542,0.0,0.0,0.0,0.0,0.0,1.0,0.0
1074542,0.0,0.0,0.0,0.0,0.0,0.0,0.0
1074575,0.0,0.0,0.0,0.0,0.0,1.0,0.0
1074900,0.0,0.0,0.0,0.0,0.0,2.0,0.0
1075400,0.0,0.0,0.0,0.0,0.0,0.0,0.0
1075811,0.0,0.0,0.0,0.0,0.0,1.0,0.0
1075934,0.0,0.0,0.0,0.0,0.0,2.0,0.0
1076434,0.0,0.0,0.0,0.0,0.0,0.0,0.0
1076804,0.0,0.0,0.0,0.0,0.0,1.0,0.0
1076806,0.0,0.0,0.0,0.0,0.0,2.0,0.0
1077306,0.0,0.0,0.0,0.0,0.0,0.0,0.0
1077950,0.0,0.0,0.0,0.0,0.0,1.0,0.0
1078450,0.0,0.0,0.0,0.0,0.0,0.0,0.0
1078864,0.0,0.0,0.0,0.0,0.0,1.0,0.0
1079364,0.0,0.0,0.0,0.0,0.0,0.0,0.0
1079452,0.0,0.0,0.0,0.0,0.0,1.0,0.0
1079457,0.0,0.0,0.0,0.0,0.0,2.0,0.0
1079957,0.0,0.0,0.0,0.0,0.0,0.0,0.0
1080562,0.0,0.0,0.0,0.0,0.0,1.0,0.0
1081062,0.0,0.0,0.0,0.0,0.0,0.0,0.0
1081135,0.0,0.0,0.0,0.0,0.0,1.0,0.0
1081635,0.0,0.0,0.0,0.0,0.0,0.0,0.0
1081761,0.0,0.0,0.0,0.0,0.0,1.0,0.0
1081825,0.0,0.0,0.0,0.0,0.0,2.0,0.0
1082325,0.0,0.0,0.0,0.0,0.0,0.0,0.0
1084199,0.0,0.0,0.0,0.0,0.0,1.0,0.0
1084699,0.0,0.0,0.0,0.0,0.0,0.0,0.0
1084873,0.0,0.0,0.0,0.0,0.0,1.0,0.0
1085373,0.0,0.0,0.0,0.0,0.0,0.0,0.0
1085419,0.0,0.0,0.0,0.0,0.0,1.0,0.0
1085421,0.0,0.0,0.0,0.0,0.0,2.0,0.0
1085921,0.0,0.0,0.0,0.0,0.0,0.0,0.0
1086981,0.0,0.0,0.0,0.0,0.0,1.0,0.0
1087481,0.0,0.0,0.0,0.0,0.0,0.0,0.0
1087574,0.0,0.0,0.0,0.0,0.0,1.0,0.0
1088074,0.0,0.0,0.0,0.0,0.0,0.0,0.0
1090204,0.0,0.0,0.0,0.0,0.0,1.0,0.0
1090206,0.0,0.0,0.0,0.0,0.0,2.0,0.0
1090706,0.0,0.0,0.0,0.0,0.0,0.0,0.0
1091027,0.0,0.0,0.0,0.0,0.0,1.0,0.0
1092027,0.0,0.0,0.0,0.0,0.0,0.0,0.0
1092197,0.0,0.0,0.0,0.0,0.0,1.0,0.0
1092697,0.0,0.0,0.0,0.0,0.0,0.0,0.0
1092994,0.0,0.0,0.0,0.0,0.0,1.0,0.0
1093494,0.0,0.0,0.0,0.0,0.0,0.0,0.0
1093652,0.0,0.0,0.0,0.0,0.0,1.0,0.0
1094152,0.0,0.0,0.0,0.0,0.0,0.0,0.0
1094184,0.0,0.0,0.0,0.0,0.0,1.0,0.0
1094186,0.0,0.0,0.0,0.0,0.0,2.0,0.0
1094686,0.0,0.0,0.0,0.0,0.0,0.0,0.0
1094989,0.0,0.0,0.0,0.0,0.0,1.0,0.0
1095489,0.0,0.0,0.0,0.0,0.0,0.0,0.0
1095566,0.0,0.0,0.0,0.0,0.0,1.0,0.0
1096066,0.0,0.0,0.0,0.0,0.0,0.0,0.0
1096298,0.0,0.0,0.0,0.0,0.0,1.0,0.0
1096798,0.0,0.0,0.0,0.0,0.0,0.0,0.0
1096818,0.0,2.0,0.0,0.0,0.0,0.0,0.0
1097001,0.0,2.0,0.0,0.0,0.0,1.0,0.0
1097318,0.0,0.0,0.0,0.0,0.0,1.0,0.0
1097501,0.0,0.0,0.0,0.0,0.0,0.0,0.0
1098059,0.0,0.0,0.0,0.0,0.0,1.0,0.0
1098076,0.0,0.0,0.0,0.0,0.0,2.0,0.0
1098576,0.0,0.0,0.0,0.0,0.0,0.0,0.0
1100840,0.0,0.0,0.0,0.0,0.0,1.0,0.0
1101340,0.0,0.0,0.0,0.0,0.0,0.0,0.0
1102567,0.0,0.0,0.0,0.0,0.0,1.0,0.0
1103067,0.0,0.0,0.0,0.0,0.0,0.0,0.0
1103243,0.0,0.0,0.0,0.0,0.0,1.0,0.0
1103270,0.0,0.0,0.0,0.0,0.0,2.0,0.0
1103770,0.0,0.0,0.0,0.0,0.0,0.0,0.0
1104327,0.0,0.0,0.0,0.0,0.0,1.0,0.0
1104537,0.0,0.0,0.0,0.0,0.0,2.0,0.0
1105037,0.0,0.0,0.0,0.0,0.0,0.0,0.0
1106984,0.0,0.0,0.0,0.0,0.0,1.0,0.0
1107484,0.0,0.0,0.0,0.0,0.0,0.0,0.0
1109276,0.0,0.0,0.0,0.0,0.0,1.0,0.0
1109776,0.0,0.0,0.0,0.0,0.0,0.0,0.0
1110427,0.0,0.0,0.0,0.0,1.0,0.0,0.0
1110927,0.0,0.0,0.0,0.0,0.0,0.0,0.0
1126628,0.0,0.0,0.0,0.0,1.0,0.0,0.0
1127128,0.0,0.0,0.0,0.0,0.0,0.0,0.0
1211000,0.0,0.0,0.0,0.0,0.0,0.0,1.0
1211455,2.0,0.0,0.0,0.0,0.0,0.0,1.0
1211500,2.0,0.0,0.0,0.0,0.0,0.0,0.0
1211630,2.0,0.0,0.0,0.0,0.0,1.0,0.0
1211720,2.0,0.0,0.0,0.0,0.0,2.0,0.0
1211727,2.0,2.0,0.0,0.0,0.0,2.0,0.0
1211955,0.0,2.0,0.0,0.0,0.0,2.0,0.0
1211959,0.0,2.0,0.0,0.0,1.0,2.0,0.0
1212018,0.0,2.0,0.0,0.0,2.0,2.0,0.0
1212220,0.0,2.0,0.0,0.0,2.0,0.0,0.0
1212227,0.0,0.0,0.0,0.0,2.0,0.0,0.0
1212396,0.0,0.0,0.0,0.0,2.0,1.0,0.0
1212447,2.0,0.0,0.0,0.0,2.0,1.0,0.0
1212518,2.0,0.0,0.0,0.0,0.0,1.0,0.0
1212896,2.0,0.0,0.0,0.0,0.0,0.0,0.0
1212941,2.0,0.0,0.0,0.0,0.0,1.0,0.0
1212947,0.0,0.0,0.0,0.0,0.0,1.0,0.0
1212988,0.0,0.0,1.0,0.0,0.0,1.0,0.0
1213180,0.0,0.0,1.0,0.0,0.0,2.0,0.0
1213183,2.0,0.0,1.0,0.0,0.0,2.0,0.0
1213680,2.0,0.0,1.0,0.0,0.0,0.0,0.0
1213683,0.0,0.0,1.0,0.0,0.0,0.0,0.0
1213775,0.0,0.0,1.0,0.0,0.0,1.0,0.0
1213778,0.0,0.0,1.0,0.0,0.0,2.0,0.0
1213881,0.0,2.0,1.0,0.0,0.0,2.0,0.0
1213941,0.0,2.0,2.0,0.0,0.0,2.0,0.0
1214278,0.0,2.0,2.0,0.0,0.0,0.0,0.0
1214381,0.0,0.0,2.0,0.0,0.0,0.0,0.0
1214441,0.0,0.0,0.0,0.0,0.0,0.0,0.0
1214529,0.0,0.0,0.0,0.0,0.0,1.0,0.0
1214539,0.0,0.0,0.0,0.0,0.0,2.0,0.0
1214540,0.0,0.0,1.0,0.0,0.0,2.0,0.0
1215039,0.0,0.0,1.0,0.0,0.0,0.0,0.0
1215040,0.0,0.0,0.0,0.0,0.0,0.0,0.0
1215592,0.0,0.0,0.0,0.0,0.0,1.0,0.0
1215594,0.0,0.0,0.0,0.0,0.0,2.0,0.0
1216094,0.0,0.0,0.0,0.0,0.0,0.0,0.0
1216803,0.0,0.0,0.0,0.0,0.0,1.0,0.0
1216808,0.0,0.0,0.0,0.0,0.0,2.0,0.0
1217308,0.0,0.0,0.0,0.0,0.0,0.0,0.0
1218010,0.0,0.0,0.0,0.0,0.0,1.0,0.0
1218447,0.0,0.0,0.0,0.0,0.0,2.0,0.0
1218947,0.0,0.0,0.0,0.0,0.0,0.0,0.0
1218996,0.0,0.0,0.0,0.0,0.0,1.0,0.0
1219496,0.0,0.0,0.0,0.0,0.0,0.0,0.0
1220040,0.0,0.0,0.0,0.0,0.0,1.0,0.0
1220042,0.0,0.0,0.0,0.0,0.0,2.0,0.0
1220542,0.0,0.0,0.0,0.0,0.0,0.0,0.0
1221025,0.0,0.0,0.0,0.0,0.0,1.0,0.0
1221035,0.0,0.0,0.0,0.0,0.0,2.0,0.0
1221535,0.0,0.0,0.0,0.0,0.0,0.0,0.0
1221597,0.0,0.0,0.0,0.0,0.0,1.0,0.0
1222097,0.0,0.0,0.0,0.0,0.0,0.0,0.0
1222347,0.0,0.0,0.0,0.0,0.0,1.0,0.0
1222836,0.0,0.0,0.0,0.0,0.0,2.0,0.0
1223336,0.0,0.0,0.0,0.0,0.0,0.0,0.0
1223861,0.0,0.0,0.0,0.0,0.0,1.0,0.0
1224361,0.0,0.0,0.0,0.0,0.0,0.0,0.0
1224952,0.0,0.0,0.0,0.0,0.0,1.0,0.0
1225130,0.0,2.0,0.0,0.0,0.0,1.0,0.0
1225452,0.0,2.0,0.0,0.0,0.0,0.0,0.0
1225630,0.0,0.0,0.0,0.0,0.0,0.0,0.0
1225871,0.0,0.0,0.0,0.0,0.0,1.0,0.0
1226211,0.0,0.0,0.0,0.0,0.0,2.0,0.0
1226711,0.0,0.0,0.0,0.0,0.0,0.0,0.0
1227561,0.0,0.0,0.0,0.0,0.0,1.0,0.0
1228061,0.0,0.0,0.0,0.0,0.0,0.0,0.0
1228285,0.0,0.0,0.0,0.0,0.0,1.0,0.0
1228785,0.0,0.0,0.0,0.0,0.0,0.0,0.0
1229077,0.0,0.0,0.0,0.0,0.0,1.0,0.0
1229577,0.0,0.0,0.0,0.0,0.0,0.0,0.0
1229697,0.0,0.0,0.0,0.0,0.0,1.0,0.0
1229994,0.0,0.0,0.0,0.0,0.0,2.0,0.0
1230494,0.0,0.0,0.0,0.0,0.0,0.0,0.0
1231157,0.0,0.0,0.0,0.0,0.0,1.0,0.0
1231657,0.0,0.0,0.0,0.0,0.0,0.0,0.0
1232001,0.0,0.0,0.0,0.0,0.0,1.0,0.0
1232501,0.0,0.0,0.0,0.0,0.0,0.0,0.0
1232692,0.0,0.0,0.0,0.0,0.0,1.0,0.0
1233005,0.0,2.0,0.0,0.0,0.0,1.0,0.0
1233192,0.0,2.0,0.0,0.0,0.0,0.0,0.0
1233505,0.0,0.0,0.0,0.0,0.0,0.0,0.0
1234016,0.0,0.0,0.0,0.0,0.0,1.0,0.0
1234112,0.0,0.0,0.0,0.0,0.0,2.0,0.0
1234612,0.0,0.0,0.0,0.0,0.0,0.0,0.0
1234746,0.0,0.0,0.0,0.0,0.0,1.0,0.0
1235246,0.0,0.0,0.0,0.0,0.0,0.0,0.0
1235355,0.0,0.0,0.0,0.0,0.0,1.0,0.0
1235497,0.0,0.0,0.0,0.0,0.0,2.0,0.0
1235520,0.0,0.0,0.0,0.0,1.0,2.0,0.0
1235997,0.0,0.0,0.0,0.0,1.0,0.0,0.0
1236020,0.0,0.0,0.0,0.0,0.0,0.0,0.0
1236083,0.0,0.0,0.0,0.0,0.0,1.0,0.0
1236583,0.0,0.0,0.0,0.0,0.0,0.0,0.0
1236938,0.0,0.0,0.0,0.0,0.0,1.0,0.0
1237438,0.0,0.0,0.0,0.0,0.0,0.0,0.0
1237904,0.0,0.0,0.0,0.0,0.0,1.0,0.0
1237906,0.0,0.0,0.0,0.0,0.0,2.0,0.0
1238406,0.0,0.0,0.0,0.0,0.0,0.0,0.0
1239686,0.0,0.0,0.0,0.0,0.0,1.0,0.0
1239693,0.0,0.0,0.0,0.0,0.0,2.0,0.0
1240193,0.0,0.0,0.0,0.0,0.0,0.0,0.0
1240354,0.0,0.0,0.0,0.0,0.0,1.0,0.0
1240529,0.0,0.0,0.0,0.0,1.0,1.0,0.0
1240854,0.0,0.0,0.0,0.0,1.0,0.0,0.0
1241029,0.0,0.0,0.0,0.0,0.0,0.0,0.0
1241299,0.0,0.0,0.0,0.0,0.0,1.0,0.0
1241799,0.0,0.0,0.0,0.0,0.0,0.0,0.0
1241840,0.0,0.0,0.0,0.0,0.0,1.0,0.0
1242027,0.0,0.0,0.0,0.0,0.0,2.0,0.0
1242527,0.0,0.0,0.0,0.0,0.0,0.0,0.0
1243156,0.0,0.0,0.0,0.0,0.0,1.0,0.0
1243656,0.0,0.0,0.0,0.0,0.0,0.0,0.0
1243695,0.0,0.0,0.0,0.0,0.0,1.0,0.0
1243866,0.0,0.0,0.0,0.0,0.0,2.0,0.0
1244366,0.0,0.0,0.0,0.0,0.0,0.0,0.0
1245639,0.0,0.0,0.0,0.0,0.0,1.0,0.0
1246139,0.0,0.0,0.0,0.0,0.0,0.0,0.0
1246657,0.0,0.0,0.0,0.0,0.0,1.0,0.0
1246662,0.0,0.0,0.0,0.0,0.0,2.0,0.0
1247162,0.0,0.0,0.0,0.0,0.0,1.0,0.0
1247662,0.0,0.0,0.0,0.0,0.0,0.0,0.0
1247801,0.0,0.0,0.0,0.0,0.0,1.0,0.0
1248301,0.0,0.0,0.0,0.0,0.0,0.0,0.0
1248309,0.0,0.0,0.0,0.0,0.0,1.0,0.0
1248662,0.0,2.0,0.0,0.0,0.0,1.0,0.0
1248664,0.0,2.0,0.0,0.0,0.0,2.0,0.0
1249162,0.0,0.0,0.0,0.0,0.0,2.0,0.0
1249164,0.0,0.0,0.0,0.0,0.0,0.0,0.0
1249257,0.0,0.0,0.0,0.0,0.0,1.0,0.0
1249615,0.0,0.0,0.0,0.0,0.0,2.0,0.0
1250115,0.0,0.0,0.0,0.0,0.0,0.0,0.0
1250129,0.0,0.0,0.0,0.0,0.0,1.0,0.0
1250629,0.0,0.0,0.0,0.0,0.0,0.0,0.0
1250652,0.0,0.0,0.0,0.0,0.0,1.0,0.0
1251152,0.0,0.0,0.0,0.0,0.0,0.0,0.0
1251172,0.0,0.0,0.0,0.0,0.0,1.0,0.0
1251672,0.0,0.0,0.0,0.0,0.0,0.0,0.0
1251948,0.0,0.0,0.0,0.0,0.0,1.0,0.0
1252357,0.0,0.0,0.0,0.0,0.0,2.0,0.0
1252857,0.0,0.0,0.0,0.0,0.0,0.0,0.0
1253051,0.0,0.0,0.0,0.0,0.0,1.0,0.0
1253551,0.0,0.0,0.0,0.0,0.0,0.0,0.0
1253594,0.0,0.0,0.0,0.0,0.0,1.0,0.0
1254094,0.0,0.0,0.0,0.0,0.0,0.0,0.0
1254529,0.0,0.0,0.0,0.0,0.0,1.0,0.0
1255029,0.0,0.0,0.0,0.0,0.0,0.0,0.0
1255074,0.0,0.0,0.0,0.0,0.0,1.0,0.0
1255574,0.0,0.0,0.0,0.0,0.0,0.0,0.0
1255750,0.0,0.0,0.0,0.0,0.0,1.0,0.0
1256250,0.0,0.0,0.0,0.0,0.0,0.0,0.0
1257315,0.0,0.0,0.0,0.0,0.0,1.0,0.0
1257815,0.0,0.0,0.0,0.0,0.0,0.0,0.0
1258323,0.0,0.0,0.0,0.0,0.0,1.0,0.0
1258708,0.0,0.0,0.0,0.0,0.0,2.0,0.0
1259208,0.0,0.0,0.0,0.0,0.0,0.0,0.0
1259892,0.0,0.0,0.0,0.0,0.0,1.0,0.0
1259894,0.0,0.0,0.0,0.0,0.0,2.0,0.0
1260394,0.0,0.0,0.0,0.0,0.0,0.0,0.0
1260506,0.0,0.0,0.0,0.0,0.0,1.0,0.0
1261006,0.0,0.0,0.0,0.0,0.0,0.0,0.0
1261700,0.0,0.0,0.0,0.0,0.0,1.0,0.0
1261707,0.0,0.0,0.0,0.0,0.0,2.0,0.0
1262207,0.0,0.0,0.0,0.0,0.0,0.0,0.0
1262844,0.0,0.0,0.0,0.0,0.0,1.0,0.0
1262852,0.0,0.0,0.0,0.0,0.0,2.0,0.0
1263352,0.0,0.0,0.0,0.0,0.0,0.0,0.0
1264109,0.0,0.0,0.0,0.0,0.0,1.0,0.0
1264123,0.0,0.0,0.0,0.0,0.0,2.0,0.0
1264623,0.0,0.0,0.0,0.0,0.0,0.0,0.0
1265225,0.0,0.0,0.0,0.0,0.0,1.0,0.0
1265725,0.0,0.0,0.0,0.0,0.0,0.0,0.0
1265866,0.0,0.0,0.0,0.0,0.0,1.0,0.0
1265879,0.0,0.0,0.0,0.0,0.0,2.0,0.0
1266379,0.0,0.0,0.0,0.0,0.0,0.0,0.0
1266380,0.0,0.0,0.0,0.0,0.0,1.0,0.0
1266382,0.0,0.0,0.0,0.0,0.0,2.0,0.0
1266882,0.0,0.0,0.0,0.0,0.0,0.0,0.0
1267137,0.0,0.0,0.0,0.0,0.0,1.0,0.0
1267139,0.0,0.0,0.0,0.0,0.0,2.0,0.0
1267639,0.0,0.0,0.0,0.0,0.0,0.0,0.0
1267836,0.0,0.0,0.0,0.0,0.0,1.0,0.0
1268336,0.0,0.0,0.0,0.0,0.0,0.0,0.0
1268796,0.0,0.0,0.0,0.0,0.0,1.0,0.0
1269296,0.0,0.0,0.0,0.0,0.0,0.0,0.0
1270087,0.0,0.0,0.0,0.0,0.0,1.0,0.0
1270587,0.0,0.0,0.0,0.0,0.0,0.0,0.0
1270690,0.0,0.0,0.0,0.0,0.0,1.0,0.0
1271190,0.0,0.0,0.0,0.0,0.0,0.0,0.0
1271333,0.0,0.0,0.0,0.0,0.0,1.0,0.0
1271340,0.0,0.0,0.0,0.0,0.0,2.0,0.0
1271840,0.0,0.0,0.0,0.0,0.0,0.0,0.0
1271976,0.0,0.0,0.0,0.0,0.0,1.0,0.0
1272476,0.0,0.0,0.0,0.0,0.0,0.0,0.0
1272489,0.0,0.0,0.0,0.0,0.0,1.0,0.0
1272989,0.0,0.0,0.0,0.0,0.0,0.0,0.0
1273136,0.0,0.0,0.0,0.0,0.0,1.0,0.0
1273147,0.0,0.0,0.0,0.0,0.0,2.0,0.0
1273647,0.0,0.0,0.0,0.0,0.0,0.0,0.0
1273659,0.0,0.0,0.0,0.0,0.0,1.0,0.0
1274159,0.0,0.0,0.0,0.0,0.0,0.0,0.0
1274330,0.0,0.0,0.0,0.0,0.0,1.0,0.0
1274830,0.0,0.0,0.0,0.0,0.0,0.0,0.0
1274867,0.0,0.0,0.0,0.0,0.0,1.0,0.0
1275367,0.0,0.0,0.0,0.0,0.0,0.0,0.0
1275548,0.0,0.0,0.0,0.0,0.0,1.0,0.0
1276048,0.0,0.0,0.0,0.0,0.0,0.0,0.0
1276084,0.0,0.0,0.0,0.0,0.0,1.0,0.0
1276089,0.0,0.0,0.0,0.0,0.0,2.0,0.0
1276589,0.0,0.0,0.0,0.0,0.0,0.0,0.0
1277480,0.0,0.0,0.0,0.0,0.0,1.0,0.0
1277980,0.0,0.0,0.0,0.0,0.0,0.0,0.0
1278331,0.0,0.0,0.0,0.0,0.0,1.0,0.0
1278817,0.0,0.0,0.0,0.0,0.0,2.0,0.0
1279317,0.0,0.0,0.0,0.0,0.0,0.0,0.0
1279646,0.0,0.0,0.0,0.0,0.0,1.0,0.0
1280146,0.0,0.0,0.0,0.0,0.0,0.0,0.0
1280977,0.0,0.0,0.0,0.0,0.0,1.0,0.0
1280980,0.0,0.0,0.0,0.0,0.0,2.0,0.0
1281480,0.0,0.0,0.0,0.0,0.0,0.0,0.0
1282825,0.0,0.0,0.0,0.0,0.0,1.0,0.0
1283325,0.0,0.0,0.0,0.0,0.0,0.0,0.0
1283694,0.0,0.0,0.0,0.0,0.0,1.0,0.0
1283955,0.0,0.0,0.0,0.0,0.0,2.0,0.0
1284455,0.0,0.0,0.0,0.0,0.0,0.0,0.0
1285430,0.0,0.0,0.0,0.0,0.0,1.0,0.0
1285930,0.0,0.0,0.0,0.0,0.0,0.0,0.0
1286269,0.0,0.0,0.0,0.0,0.0,1.0,0.0
1286270,0.0,0.0,0.0,0.0,1.0,1.0,0.0
1286271,0.0,0.0,0.0,0.0,1.0,2.0,0.0
1286770,0.0,0.0,0.0,0.0,0.0,2.0,0.0
1286771,0.0,0.0,0.0,0.0,0.0,0.0,0.0
1286924,0.0,0.0,0.0,0.0,0.0,1.0,0.0
1287424,0.0,0.0,0.0,0.0,0.0,0.0,0.0
1287551,0.0,0.0,0.0,0.0,0.0,1.0,0.0
1288041,0.0,0.0,0.0,0.0,0.0,2.0,0.0
1288541,0.0,0.0,0.0,0.0,0.0,0.0,0.0
1289056,0.0,0.0,0.0,0.0,0.0,1.0,0.0
1289556,0.0,0.0,0.0,0.0,0.0,0.0,0.0
1290725,0.0,0.0,0.0,0.0,0.0,1.0,0.0
1291069,0.0,0.0,0.0,0.0,0.0,2.0,0.0
1291569,0.0,0.0,0.0,0.0,0.0,0.0,0.0
1291590,0.0,0.0,0.0,0.0,0.0,1.0,0.0
1292090,0.0,0.0,0.0,0.0,0.0,0.0,0.0
1292602,0.0,0.0,0.0,0.0,1.0,0.0,0.0
1292777,0.0,0.0,0.0,0.0,1.0,1.0,0.0
1293102,0.0,0.0,0.0,0.0,0.0,1.0,0.0
1293277,0.0,0.0,0.0,0.0,0.0,0.0,0.0
1293537,0.0,0.0,0.0,0.0,0.0,1.0,0.0
1294037,0.0,0.0,0.0,0.0,0.0,0.0,0.0
1294040,0.0,0.0,0.0,0.0,0.0,1.0,0.0
1294540,0.0,0.0,0.0,0.0,0.0,0.0,0.0
1295560,0.0,0.0,0.0,0.0,0.0,1.0,0.0
1295594,0.0,0.0,0.0,0.0,0.0,2.0,0.0
1296094,0.0,0.0,0.0,0.0,0.0,0.0,0.0
1296863,0.0,0.0,0.0,0.0,0.0,1.0,0.0
1297363,0.0,0.0,0.0,0.0,0.0,0.0,0.0
1297408,0.0,0.0,0.0,0.0,0.0,1.0,0.0
1297411,0.0,0.0,0.0,0.0,0.0,2.0,0.0
1297911,0.0,0.0,0.0,0.0,0.0,0.0,0.0
1298592,0.0,0.0,0.0,0.0,0.0,1.0,0.0
1298618,0.0,0.0,0.0,0.0,0.0,2.0,0.0
1299118,0.0,0.0,0.0,0.0,0.0,0.0,0.0
1299249,0.0,0.0,0.0,0.0,0.0,1.0,0.0
1299749,0.0,0.0,0.0,0.0,0.0,0.0,0.0
1300355,0.0,0.0,0.0,0.0,0.0,1.0,0.0
1300602,0.0,0.0,0.0,0.0,0.0,2.0,0.0
1301102,0.0,0.0,0.0,0.0,0.0,0.0,0.0
1301135,0.0,0.0,0.0,0.0,0.0,1.0,0.0
1301635,0.0,0.0,0.0,0.0,0.0,0.0,0.0
1302248,0.0,0.0,0.0,0.0,0.0,1.0,0.0
1302253,0.0,0.0,0.0,0.0,0.0,2.0,0.0
1302753,0.0,0.0,0.0,0.0,0.0,0.0,0.0
1303691,0.0,0.0,0.0,0.0,0.0,1.0,0.0
1304191,0.0,0.0,0.0,0.0,0.0,0.0,0.0
1305182,0.0,0.0,0.0,0.0,0.0,1.0,0.0
1305193,0.0,0.0,0.0,0.0,0.0,2.0,0.0
1305693,0.0,0.0,0.0,0.0,0.0,1.0,0.0
1305694,0.0,0.0,0.0,0.0,0.0,2.0,0.0
1306194,0.0,0.0,0.0,0.0,0.0,0.0,0.0
1306872,0.0,0.0,0.0,0.0,0.0,1.0,0.0
1307372,0.0,0.0,0.0,0.0,0.0,0.0,0.0
1307471,0.0,0.0,0.0,0.0,0.0,1.0,0.0
1307971,0.0,0.0,0.0,0.0,0.0,0.0,0.0
1308601,0.0,0.0,0.0,0.0,0.0,1.0,0.0
1308888,0.0,0.0,0.0,0.0,0.0,2.0,0.0
1309388,0.0,0.0,0.0,0.0,0.0,0.0,0.0
1309440,0.0,0.0,0.0,0.0,0.0,1.0,0.0
1309466,0.0,0.0,0.0,0.0,0.0,2.0,0.0
1309966,0.0,0.0,0.0,0.0,0.0,0.0,0.0
1310402,0.0,0.0,0.0,0.0,0.0,1.0,0.0
1310403,0.0,0.0,0.0,0.0,1.0,1.0,0.0
1310417,0.0,0.0,0.0,0.0,1.0,2.0,0.0
1310903,0.0,0.0,0.0,0.0,0.0,2.0,0.0
1310917,0.0,0.0,0.0,0.0,0.0,0.0,0.0
1311217,0.0,0.0,0.0,0.0,0.0,1.0,0.0
1311717,0.0,0.0,0.0,0.0,0.0,0.0,0.0
1311843,0.0,0.0,0.0,0.0,0.0,1.0,0.0
1311935,0.0,0.0,0.0,0.0,0.0,2.0,0.0
1312435,0.0,0.0,0.0,0.0,0.0,0.0,0.0
1313091,0.0,0.0,0.0,0.0,1.0,0.0,0.0
1313591,0.0,0.0,0.0,0.0,0.0,0.0,0.0
1314549,0.0,0.0,0.0,0.0,1.0,0.0,0.0
1314550,0.0,0.0,0.0,0.0,2.0,0.0,0.0
1315050,0.0,0.0,0.0,0.0,0.0,0.0,0.0
1413000,0.0,0.0,0.0,0.0,0.0,0.0,1.0
1413358,0.0,0.0,0.0,0.0,0.0,1.0,1.0
1413375,2.0,0.0,0.0,0.0,0.0,1.0,1.0
1413500,2.0,0.0,0.0,0.0,0.0,1.0,0.0
1413541,2.0,0.0,0.0,0.0,1.0,1.0,0.0
1413608,2.0,0.0,0.0,0.0,2.0,1.0,0.0
1413709,2.0,0.0,0.0,0.0,2.0,2.0,0.0
1413875,0.0,0.0,0.0,0.0,2.0,2.0,0.0
1413887,2.0,0.0,0.0,0.0,2.0,2.0,0.0
1414001,2.0,2.0,0.0,0.0,2.0,2.0,0.0
1414108,2.0,2.0,0.0,0.0,0.0,2.0,0.0
1414162,2.0,2.0,0.0,0.0,1.0,2.0,0.0
1414209,2.0,2.0,0.0,0.0,1.0,0.0,0.0
1414387,0.0,2.0,0.0,0.0,1.0,0.0,0.0
1414463,2.0,2.0,0.0,0.0,1.0,0.0,0.0
1414501,2.0,0.0,0.0,0.0,1.0,0.0,0.0
1414566,2.0,0.0,0.0,0.0,1.0,1.0,0.0
1414573,2.0,0.0,0.0,0.0,1.0,2.0,0.0
1414662,2.0,0.0,0.0,0.0,0.0,2.0,0.0
1414963,0.0,0.0,0.0,0.0,0.0,2.0,0.0
1415027,0.0,0.0,1.0,0.0,0.0,2.0,0.0
1415073,0.0,0.0,1.0,0.0,0.0,0.0,0.0
1415412,0.0,0.0,1.0,0.0,0.0,1.0,0.0
1415912,0.0,0.0,1.0,0.0,0.0,0.0,0.0
1416528,0.0,0.0,2.0,0.0,0.0,0.0,0.0
1416558,0.0,0.0,2.0,0.0,0.0,1.0,0.0
1417028,0.0,0.0,0.0,0.0,0.0,1.0,0.0
1417058,0.0,0.0,0.0,0.0,0.0,0.0,0.0
1417409,0.0,0.0,0.0,0.0,0.0,1.0,0.0
1417909,0.0,0.0,0.0,0.0,0.0,0.0,0.0
1418283,0.0,0.0,0.0,0.0,0.0,1.0,0.0
1418541,0.0,0.0,0.0,0.0,0.0,2.0,0.0
1418913,0.0,0.0,1.0,0.0,0.0,2.0,0.0
1419041,0.0,0.0,1.0,0.0,0.0,0.0,0.0
1419413,0.0,0.0,0.0,0.0,0.0,0.0,0.0
1419583,0.0,0.0,0.0,0.0,0.0,1.0,0.0
1419589,0.0,0.0,0.0,0.0,0.0,2.0,0.0
1420089,0.0,0.0,0.0,0.0,0.0,0.0,0.0
1420560,0.0,0.0,0.0,0.0,0.0,1.0,0.0
1421060,0.0,0.0,0.0,0.0,0.0,0.0,0.0
1421197,0.0,0.0,0.0,0.0,0.0,1.0,0.0
1421697,0.0,0.0,0.0,0.0,0.0,0.0,0.0
1422206,0.0,0.0,0.0,0.0,0.0,1.0,0.0
1422706,0.0,0.0,0.0,0.0,0.0,0.0,0.0
1423040,0.0,0.0,0.0,0.0,0.0,1.0,0.0
1423540,0.0,0.0,0.0,0.0,0.0,0.0,0.0
1424365,0.0,0.0,0.0,0.0,0.0,1.0,0.0
1424865,0.0,0.0,0.0,0.0,0.0,0.0,0.0
1425117,0.0,0.0,0.0,0.0,0.0,1.0,0.0
1425617,0.0,0.0,0.0,0.0,0.0,0.0,0.0
1425822,0.0,0.0,0.0,0.0,0.0,1.0,0.0
1425830,0.0,0.0,0.0,0.0,0.0,2.0,0.0
1425870,0.0,2.0,0.0,0.0,0.0,2.0,0.0
1426330,0.0,2.0,0.0,0.0,0.0,0.0,0.0
1426370,0.0,0.0,0.0,0.0,0.0,0.0,0.0
1426636,0.0,0.0,0.0,0.0,0.0,1.0,0.0
1426638,0.0,0.0,0.0,0.0,0.0,2.0,0.0
1427138,0.0,0.0,0.0,0.0,0.0,0.0,0.0
1427782,0.0,0.0,0.0,0.0,0.0,1.0,0.0
1428282,0.0,0.0,0.0,0.0,0.0,0.0,0.0
1429051,0.0,0.0,0.0,0.0,0.0,1.0,0.0
1429551,0.0,0.0,0.0,0.0,0.0,0.0,0.0
1429604,0.0,0.0,0.0,0.0,0.0,1.0,0.0
1429609,0.0,0.0,0.0,0.0,0.0,2.0,0.0
1430109,0.0,0.0,0.0,0.0,0.0,0.0,0.0
1430249,0.0,0.0,0.0,0.0,0.0,1.0,0.0
1430749,0.0,0.0,0.0,0.0,0.0,0.0,0.0
1433122,0.0,0.0,0.0,0.0,0.0,1.0,0.0
1433622,0.0,0.0,0.0,0.0,0.0,0.0,0.0
1433627,0.0,0.0,0.0,0.0,0.0,1.0,0.0
1433729,0.0,0.0,0.0,0.0,0.0,2.0,0.0
1434229,0.0,0.0,0.0,0.0,0.0,0.0,0.0
1434576,0.0,0.0,0.0,0.0,0.0,1.0,0.0
1435042,0.0,0.0,0.0,0.0,0.0,2.0,0.0
1435542,0.0,0.0,0.0,0.0,0.0,0.0,0.0
1435770,0.0,0.0,0.0,0.0,0.0,1.0,0.0
1435772,0.0,0.0,0.0,0.0,0.0,2.0,0.0
1436272,0.0,0.0,0.0,0.0,0.0,0.0,0.0
1436545,0.0,0.0,0.0,0.0,0.0,1.0,0.0
1436870,0.0,0.0,0.0,0.0,0.0,2.0,0.0
1437370,0.0,0.0,0.0,0.0,0.0,0.0,0.0
1437672,0.0,0.0,0.0,0.0,0.0,1.0,0.0
1437675,0.0,0.0,0.0,0.0,0.0,2.0,0.0
1438175,0.0,0.0,0.0,0.0,0.0,0.0,0.0
1438869,0.0,0.0,0.0,0.0,0.0,1.0,0.0
1439369,0.0,0.0,0.0,0.0,0.0,0.0,0.0
1439742,0.0,0.0,0.0,0.0,0.0,1.0,0.0
1439802,0.0,0.0,0.0,0.0,0.0,2.0,0.0
1439818,0.0,0.0,0.0,0.0,1.0,2.0,0.0
1440302,0.0,0.0,0.0,0.0,1.0,0.0,0.0
1440318,0.0,0.0,0.0,0.0,0.0,0.0,0.0
1441114,0.0,0.0,0.0,0.0,0.0,1.0,0.0
1441614,0.0,0.0,0.0,0.0,0.0,0.0,0.0
1441720,0.0,0.0,0.0,0.0,0.0,1.0,0.0
1442220,0.0,0.0,0.0,0.0,0.0,0.0,0.0
1443132,0.0,0.0,0.0,0.0,0.0,1.0,0.0
1443309,0.0,0.0,0.0,0.0,0.0,2.0,0.0
1443809,0.0,0.0,0.0,0.0,0.0,0.0,0.0
1444071,0.0,0.0,0.0,0.0,0.0,1.0,0.0
1444117,0.0,0.0,0.0,0.0,0.0,2.0,0.0
1444617,0.0,0.0,0.0,0.0,0.0,0.0,0.0
1445149,0.0,0.0,0.0,0.0,0.0,1.0,0.0
1445187,0.0,0.0,0.0,0.0,0.0,2.0,0.0
1445687,0.0,0.0,0.0,0.0,0.0,0.0,0.0
1445867,0.0,2.0,0.0,0.0,0.0,0.0,0.0
1446367,0.0,0.0,0.0,0.0,0.0,0.0,0.0
1447001,0.0,0.0,0.0,0.0,0.0,1.0,0.0
1447501,0.0,0.0,0.0,0.0,0.0,0.0,0.0
1448156,0.0,0.0,0.0,0.0,0.0,1.0,0.0
1448158,0.0,0.0,0.0,0.0,0.0,2.0,0.0
1448658,0.0,0.0,0.0,0.0,0.0,0.0,0.0
1449267,0.0,0.0,0.0,0.0,0.0,1.0,0.0
1449276,0.0,0.0,0.0,0.0,0.0,2.0,0.0
1449776,0.0,0.0,0.0,0.0,0.0,0.0,0.0
1450542,0.0,0.0,0.0,0.0,0.0,1.0,0.0
1451042,0.0,0.0,0.0,0.0,0.0,0.0,0.0
1451109,0.0,0.0,0.0,0.0,0.0,1.0,0.0
1451609,0.0,0.0,0.0,0.0,0.0,0.0,0.0
1452724,0.0,0.0,0.0,0.0,0.0,1.0,0.0
1453112,0.0,0.0,0.0,0.0,0.0,2.0,0.0
1453612,0.0,0.0,0.0,0.0,0.0,0.0,0.0
1453668,0.0,0.0,0.0,0.0,0.0,1.0,0.0
1454072,0.0,0.0,0.0,0.0,0.0,2.0,0.0
1454572,0.0,0.0,0.0,0.0,0.0,0.0,0.0
1454945,0.0,0.0,0.0,0.0,0.0,1.0,0.0
1454953,0.0,0.0,0.0,0.0,0.0,2.0,0.0
1455453,0.0,0.0,0.0,0.0,0.0,0.0,0.0
1456363,0.0,0.0,0.0,0.0,0.0,1.0,0.0
1456368,0.0,0.0,0.0,0.0,0.0,2.0,0.0
1456868,0.0,0.0,0.0,0.0,0.0,0.0,0.0
1456982,0.0,0.0,0.0,0.0,0.0,1.0,0.0
1457003,0.0,0.0,0.0,0.0,0.0,2.0,0.0
1457503,0.0,0.0,0.0,0.0,0.0,0.0,0.0
1457506,0.0,0.0,0.0,0.0,0.0,1.0,0.0
1458006,0.0,0.0,0.0,0.0,0.0,0.0,0.0
1458467,0.0,0.0,0.0,0.0,0.0,1.0,0.0
1458967,0.0,0.0,0.0,0.0,0.0,0.0,0.0
1459547,0.0,0.0,0.0,0.0,0.0,1.0,0.0
1459562,0.0,0.0,0.0,0.0,0.0,2.0,0.0
1460062,0.0,0.0,0.0,0.0,0.0,0.0,0.0
1460825,0.0,0.0,0.0,0.0,0.0,1.0,0.0
1461325,0.0,0.0,0.0,0.0,0.0,0.0,0.0
1461637,0.0,0.0,0.0,0.0,0.0,1.0,0.0
1461642,0.0,0.0,0.0,0.0,0.0,2.0,0.0
1462142,0.0,0.0,0.0,0.0,0.0,0.0,0.0
1462590,0.0,0.0,0.0,0.0,0.0,1.0,0.0
1463090,0.0,0.0,0.0,0.0,0.0,0.0,0.0
1463277,0.0,0.0,0.0,0.0,0.0,1.0,0.0
1463777,0.0,0.0,0.0,0.0,0.0,0.0,0.0
1464585,0.0,0.0,0.0,0.0,0.0,1.0,0.0
1464938,0.0,0.0,0.0,0.0,0.0,2.0,0.0
1465438,0.0,0.0,0.0,0.0,0.0,0.0,0.0
1465737,0.0,0.0,0.0,0.0,0.0,1.0,0.0
1465741,0.0,0.0,0.0,0.0,0.0,2.0,0.0
1465751,0.0,0.0,0.0,0.0,1.0,2.0,0.0
1466241,0.0,0.0,0.0,0.0,1.0,0.0,0.0
1466251,0.0,0.0,0.0,0.0,0.0,0.0,0.0
1466515,0.0,0.0,0.0,0.0,0.0,1.0,0.0
1466517,0.0,0.0,0.0,0.0,0.0,2.0,0.0
1467017,0.0,0.0,0.0,0.0,0.0,0.0,0.0
1467071,0.0,0.0,0.0,0.0,0.0,1.0,0.0
1467571,0.0,0.0,0.0,0.0,0.0,0.0,0.0
1468362,0.0,0.0,0.0,0.0,0.0,1.0,0.0
1468431,0.0,2.0,0.0,0.0,0.0,1.0,0.0
1468862,0.0,2.0,0.0,0.0,0.0,0.0,0.0
1468931,0.0,0.0,0.0,0.0,0.0,0.0,0.0
1469219,0.0,0.0,0.0,0.0,0.0,1.0,0.0
1469719,0.0,0.0,0.0,0.0,0.0,0.0,0.0
1470438,0.0,0.0,0.0,0.0,0.0,1.0,0.0
1470506,0.0,0.0,0.0,0.0,0.0,2.0,0.0
1471006,0.0,0.0,0.0,0.0,0.0,0.0,0.0
1471097,0.0,0.0,0.0,0.0,0.0,1.0,0.0
1471597,0.0,0.0,0.0,0.0,0.0,0.0,0.0
1471660,0.0,0.0,0.0,0.0,0.0,1.0,0.0
1472160,0.0,0.0,0.0,0.0,0.0,0.0,0.0
1472265,0.0,0.0,0.0,0.0,0.0,1.0,0.0
1472362,0.0,0.0,0.0,0.0,0.0,2.0,0.0
1472862,0.0,0.0,0.0,0.0,0.0,0.0,0.0
1473114,0.0,0.0,0.0,0.0,0.0,1.0,0.0
1473614,0.0,0.0,0.0,0.0,0.0,0.0,0.0
1473839,0.0,0.0,0.0,0.0,0.0,1.0,0.0
1473939,0.0,0.0,0.0,0.0,0.0,2.0,0.0
1474439,0.0,0.0,0.0,0.0,0.0,0.0,0.0
1474477,0.0,0.0,0.0,0.0,0.0,1.0,0.0
1474977,0.0,0.0,0.0,0.0,0.0,0.0,0.0
1475175,0.0,0.0,0.0,0.0,0.0,1.0,0.0
1475182,0.0,0.0,0.0,0.0,0.0,2.0,0.0
1475682,0.0,0.0,0.0,0.0,0.0,0.0,0.0
1475931,0.0,0.0,0.0,0.0,0.0,1.0,0.0
1476235,0.0,0.0,0.0,0.0,0.0,2.0,0.0
1476735,0.0,0.0,0.0,0.0,0.0,0.0,0.0
1478190,0.0,0.0,0.0,0.0,0.0,1.0,0.0
1478690,0.0,0.0,0.0,0.0,0.0,0.0,0.0
1478709,0.0,0.0,0.0,0.0,0.0,1.0,0.0
1479209,0.0,0.0,0.0,0.0,0.0,0.0,0.0
1479291,0.0,0.0,0.0,0.0,0.0,1.0,0.0
1479681,0.0,0.0,0.0,0.0,0.0,2.0,0.0
1480181,0.0,0.0,0.0,0.0,0.0,0.0,0.0
1482296,0.0,0.0,0.0,0.0,0.0,1.0,0.0
1482796,0.0,0.0,0.0,0.0,0.0,0.0,0.0
1482852,0.0,0.0,0.0,0.0,0.0,1.0,0.0
1483352,0.0,0.0,0.0,0.0,0.0,0.0,0.0
1483413,0.0,0.0,0.0,0.0,0.0,1.0,0.0
1483629,0.0,0.0,0.0,0.0,0.0,2.0,0.0
1484129,0.0,0.0,0.0,0.0,0.0,0.0,0.0
1484250,0.0,0.0,0.0,0.0,0.0,1.0,0.0
1484750,0.0,0.0,0.0,0.0,0.0,0.0,0.0
1484899,0.0,0.0,0.0,0.0,0.0,1.0,0.0
1485399,0.0,0.0,0.0,0.0,0.0,0.0,0.0
1485712,0.0,0.0,0.0,0.0,0.0,1.0,0.0
1486212,0.0,0.0,0.0,0.0,0.0,0.0,0.0
1486240,0.0,0.0,0.0,0.0,0.0,1.0,0.0
1486735,0.0,0.0,0.0,0.0,0.0,2.0,0.0
1487235,0.0,0.0,0.0,0.0,0.0,0.0,0.0
1487598,0.0,0.0,0.0,0.0,0.0,1.0,0.0
1487616,0.0,0.0,0.0,0.0,0.0,2.0,0.0
1488116,0.0,0.0,0.0,0.0,0.0,0.0,0.0
1488198,0.0,0.0,0.0,0.0,0.0,1.0,0.0
1488698,0.0,0.0,0.0,0.0,0.0,0.0,0.0
1489449,0.0,0.0,0.0,0.0,0.0,1.0,0.0
1489452,0.0,0.0,0.0,0.0,0.0,2.0,0.0
1489952,0.0,0.0,0.0,0.0,0.0,0.0,0.0
1490108,0.0,0.0,0.0,0.0,0.0,1.0,0.0
1490608,0.0,0.0,0.0,0.0,0.0,0.0,0.0
1491027,0.0,0.0,0.0,0.0,0.0,1.0,0.0
1491175,0.0,0.0,0.0,0.0,1.0,1.0,0.0
1491527,0.0,0.0,0.0,0.0,1.0,0.0,0.0
1491675,0.0,0.0,0.0,0.0,0.0,0.0,0.0
1491684,0.0,0.0,0.0,0.0,0.0,1.0,0.0
1491838,0.0,0.0,0.0,0.0,0.0,2.0,0.0
1492338,0.0,0.0,0.0,0.0,0.0,0.0,0.0
1493580,0.0,0.0,0.0,0.0,0.0,1.0,0.0
1494080,0.0,0.0,0.0,0.0,0.0,0.0,0.0
1494817,0.0,0.0,0.0,0.0,0.0,1.0,0.0
1495317,0.0,0.0,0.0,0.0,0.0,0.0,0.0
1495647,0.0,0.0,0.0,0.0,0.0,1.0,0.0
1495715,0.0,2.0,0.0,0.0,0.0,1.0,0.0
1496147,0.0,2.0,0.0,0.0,0.0,0.0,0.0
1496215,0.0,0.0,0.0,0.0,0.0,0.0,0.0
1497635,0.0,0.0,0.0,0.0,0.0,1.0,0.0
1497640,0.0,0.0,0.0,0.0,0.0,2.0,0.0
1498140,0.0,0.0,0.0,0.0,0.0,0.0,0.0
1498387,0.0,0.0,0.0,0.0,0.0,1.0,0.0
1498714,0.0,0.0,0.0,0.0,0.0,2.0,0.0
1499214,0.0,0.0,0.0,0.0,0.0,0.0,0.0
1499502,0.0,0.0,0.0,0.0,0.0,1.0,0.0
1499817,0.0,0.0,0.0,0.0,0.0,2.0,0.0
1500317,0.0,0.0,0.0,0.0,0.0,0.0,0.0
1500868,0.0,2.0,0.0,0.0,0.0,0.0,0.0
1501368,0.0,0.0,0.0,0.0,0.0,0.0,0.0
1501424,0.0,0.0,0.0,0.0,0.0,1.0,0.0
1501847,0.0,0.0,0.0,0.0,0.0,2.0,0.0
1502347,0.0,0.0,0.0,0.0,0.0,0.0,0.0
1503031,0.0,0.0,0.0,0.0,0.0,1.0,0.0
1503033,0.0,0.0,0.0,0.0,0.0,2.0,0.0
1503533,0.0,0.0,0.0,0.0,0.0,0.0,0.0
1503764,0.0,0.0,0.0,0.0,0.0,1.0,0.0
1504264,0.0,0.0,0.0,0.0,0.0,0.0,0.0
1504456,0.0,0.0,0.0,0.0,0.0,1.0,0.0
1504459,0.0,0.0,0.0,0.0,0.0,2.0,0.0
1504959,0.0,0.0,0.0,0.0,0.0,0.0,0.0
1505139,0.0,0.0,0.0,0.0,0.0,1.0,0.0
1505245,0.0,0.0,0.0,0.0,0.0,2.0,0.0
1505745,0.0,0.0,0.0,0.0,0.0,0.0,0.0
1506092,0.0,0.0,0.0,0.0,0.0,1.0,0.0
1506097,0.0,0.0,0.0,0.0,0.0,2.0,0.0
1506597,0.0,0.0,0.0,0.0,0.0,0.0,0.0
1506756,0.0,0.0,0.0,0.0,0.0,1.0,0.0
1507256,0.0,0.0,0.0,0.0,0.0,0.0,0.0
1507456,0.0,0.0,0.0,0.0,0.0,1.0,0.0
1507956,0.0,0.0,0.0,0.0,0.0,0.0,0.0
1508196,0.0,0.0,0.0,0.0,0.0,1.0,0.0
1508696,0.0,0.0,0.0,0.0,0.0,0.0,0.0
1509077,0.0,0.0,0.0,0.0,0.0,1.0,0.0
1509082,0.0,0.0,0.0,0.0,0.0,2.0,0.0
1509582,0.0,0.0,0.0,0.0,0.0,0.0,0.0
1509934,0.0,0.0,0.0,0.0,0.0,1.0,0.0
1509937,0.0,0.0,0.0,0.0,0.0,2.0,0.0
1510437,0.0,0.0,0.0,0.0,0.0,0.0,0.0
1511795,0.0,0.0,0.0,0.0,0.0,1.0,0.0
1512295,0.0,0.0,0.0,0.0,0.0,0.0,0.0
1512328,0.0,0.0,0.0,0.0,0.0,1.0,0.0
1512828,0.0,0.0,0.0,0.0,0.0,0.0,0.0
1512854,0.0,0.0,0.0,0.0,0.0,1.0,0.0
1513354,0.0,0.0,0.0,0.0,0.0,0.0,0.0
1513762,0.0,0.0,0.0,0.0,0.0,1.0,0.0
1514262,0.0,0.0,0.0,0.0,0.0,0.0,0.0
1543624,0.0,0.0,0.0,0.0,1.0,0.0,0.0
1544124,0.0,0.0,0.0,0.0,0.0,0.0,0.0
1597815,0.0,0.0,0.0,0.0,0.0,1.0,0.0
1598315,0.0,0.0,0.0,0.0,0.0,0.0,0.0
1615000,0.0,0.0,0.0,0.0,0.0,0.0,1.0
1615454,0.0,0.0,0.0,0.0,0.0,1.0,1.0
1615455,2.0,0.0,0.0,0.0,0.0,1.0,1.0
1615500,2.0,0.0,0.0,0.0,0.0,1.0,0.0
1615584,2.0,0.0,0.0,0.0,0.0,2.0,0.0
1615728,2.0,2.0,0.0,0.0,0.0,2.0,0.0
1615928,2.0,2.0,0.0,0.0,1.0,2.0,0.0
1615955,0.0,2.0,0.0,0.0,1.0,2.0,0.0
1616029,0.0,2.0,0.0,0.0,2.0,2.0,0.0
1616084,0.0,2.0,0.0,0.0,2.0,0.0,0.0
1616095,2.0,2.0,0.0,0.0,2.0,0.0,0.0
1616228,2.0,0.0,0.0,0.0,2.0,0.0,0.0
1616335,2.0,0.0,0.0,0.0,2.0,1.0,0.0
1616341,2.0,0.0,0.0,0.0,2.0,2.0,0.0
1616529,2.0,0.0,0.0,0.0,0.0,2.0,0.0
1616595,0.0,0.0,0.0,0.0,0.0,2.0,0.0
1616841,0.0,0.0,0.0,0.0,0.0,0.0,0.0
1617008,0.0,0.0,1.0,0.0,0.0,0.0,0.0
1617727,2.0,0.0,1.0,0.0,0.0,0.0,0.0
1617738,2.0,0.0,1.0,0.0,0.0,1.0,0.0
1618224,2.0,0.0,2.0,0.0,0.0,1.0,0.0
1618227,0.0,0.0,2.0,0.0,0.0,1.0,0.0
1618238,0.0,0.0,2.0,0.0,0.0,0.0,0.0
1618724,0.0,0.0,0.0,0.0,0.0,0.0,0.0
1618857,0.0,0.0,0.0,0.0,0.0,1.0,0.0
1619357,0.0,0.0,0.0,0.0,0.0,0.0,0.0
1619539,0.0,0.0,0.0,0.0,0.0,1.0,0.0
1620039,0.0,0.0,0.0,0.0,0.0,0.0,0.0
1620074,0.0,0.0,0.0,0.0,0.0,1.0,0.0
1620574,0.0,0.0,0.0,0.0,0.0,0.0,0.0
1620723,0.0,0.0,0.0,0.0,0.0,1.0,0.0
1621223,0.0,0.0,0.0,0.0,0.0,0.0,0.0
1621275,0.0,0.0,0.0,0.0,0.0,1.0,0.0
1621338,0.0,0.0,1.0,0.0,0.0,2.0,0.0
1621838,0.0,0.0,1.0,0.0,0.0,0.0,0.0
1622383,0.0,0.0,1.0,0.0,0.0,1.0,0.0
1622393,0.0,0.0,1.0,0.0,0.0,2.0,0.0
1622857,0.0,2.0,1.0,0.0,0.0,2.0,0.0
1622893,0.0,2.0,1.0,0.0,0.0,0.0,0.0
1623357,0.0,0.0,1.0,0.0,0.0,0.0,0.0
1624494,0.0,0.0,1.0,0.0,0.0,1.0,0.0
1624498,0.0,0.0,1.0,0.0,0.0,2.0,0.0
1624998,0.0,0.0,1.0,0.0,0.0,0.0,0.0
1625299,0.0,0.0,1.0,0.0,0.0,1.0,0.0
1625302,0.0,0.0,1.0,0.0,0.0,2.0,0.0
1625802,0.0,0.0,1.0,0.0,0.0,0.0,0.0
1627518,0.0,0.0,1.0,0.0,0.0,1.0,0.0
1627525,0.0,0.0,1.0,0.0,0.0,2.0,0.0
1628025,0.0,0.0,1.0,0.0,0.0,0.0,0.0
1628145,0.0,0.0,1.0,0.0,0.0,1.0,0.0
1628645,0.0,0.0,1.0,0.0,0.0,0.0,0.0
1629024,0.0,0.0,1.0,0.0,0.0,1.0,0.0
1629524,0.0,0.0,1.0,0.0,0.0,0.0,0.0
1629530,0.0,0.0,1.0,0.0,0.0,1.0,0.0
1630030,0.0,0.0,1.0,0.0,0.0,0.0,0.0
1630218,0.0,0.0,1.0,0.0,0.0,1.0,0.0
1630585,0.0,0.0,1.0,0.0,0.0,2.0,0.0
1631085,0.0,0.0,1.0,0.0,0.0,0.0,0.0
1631601,0.0,0.0,1.0,0.0,0.0,1.0,0.0
1631893,0.0,0.0,1.0,0.0,0.0,2.0,0.0
1632393,0.0,0.0,1.0,0.0,0.0,0.0,0.0
1632836,0.0,0.0,1.0,0.0,0.0,1.0,0.0
1633336,0.0,0.0,1.0,0.0,0.0,0.0,0.0
1633461,0.0,0.0,1.0,0.0,0.0,1.0,0.0
1633961,0.0,0.0,1.0,0.0,0.0,0.0,0.0
1636027,0.0,0.0,1.0,0.0,0.0,1.0,0.0
1636527,0.0,0.0,1.0,0.0,0.0,0.0,0.0
1636814,0.0,0.0,1.0,0.0,0.0,1.0,0.0
1637073,0.0,0.0,1.0,0.0,0.0,2.0,0.0
1637573,0.0,0.0,1.0,0.0,0.0,0.0,0.0
1637605,0.0,0.0,1.0,0.0,0.0,1.0,0.0
1637908,0.0,0.0,1.0,0.0,1.0,1.0,0.0
1638105,0.0,0.0,1.0,0.0,1.0,0.0,0.0
1638408,0.0,0.0,1.0,0.0,0.0,0.0,0.0
1638991,0.0,0.0,1.0,0.0,0.0,1.0,0.0
1639491,0.0,0.0,1.0,0.0,0.0,0.0,0.0
1639736,0.0,0.0,1.0,0.0,0.0,1.0,0.0
1639844,0.0,0.0,1.0,0.0,0.0,2.0,0.0
1640344,0.0,0.0,1.0,0.0,0.0,0.0,0.0
1640413,0.0,0.0,1.0,0.0,0.0,1.0,0.0
1640913,0.0,0.0,1.0,0.0,0.0,0.0,0.0
1640998,0.0,0.0,1.0,0.0,0.0,1.0,0.0
1641091,0.0,0.0,1.0,0.0,0.0,2.0,0.0
1641591,0.0,0.0,1.0,0.0,0.0,0.0,0.0
1642475,0.0,0.0,1.0,0.0,0.0,1.0,0.0
1642490,0.0,0.0,1.0,0.0,0.0,2.0,0.0
1642990,0.0,0.0,1.0,0.0,0.0,0.0,0.0
1644467,0.0,0.0,1.0,0.0,0.0,1.0,0.0
1644967,0.0,0.0,1.0,0.0,0.0,0.0,0.0
1645703,0.0,0.0,1.0,0.0,0.0,1.0,0.0
1646203,0.0,0.0,1.0,0.0,0.0,0.0,0.0
1646358,0.0,0.0,1.0,0.0,0.0,1.0,0.0
1646858,0.0,0.0,1.0,0.0,0.0,0.0,0.0
1646978,0.0,0.0,1.0,0.0,0.0,1.0,0.0
1647478,0.0,0.0,1.0,0.0,0.0,0.0,0.0
1647767,0.0,0.0,1.0,0.0,0.0,1.0,0.0
1647769,0.0,0.0,1.0,0.0,0.0,2.0,0.0
1648269,0.0,0.0,1.0,0.0,0.0,0.0,0.0
1648842,0.0,0.0,1.0,0.0,0.0,1.0,0.0
1648944,0.0,0.0,1.0,0.0,0.0,2.0,0.0
1649444,0.0,0.0,1.0,0.0,0.0,0.0,0.0
1650064,0.0,0.0,1.0,0.0,0.0,1.0,0.0
1650113,0.0,0.0,1.0,0.0,0.0,2.0,0.0
1650613,0.0,0.0,1.0,0.0,0.0,0.0,0.0
1650944,0.0,0.0,1.0,0.0,0.0,1.0,0.0
1651120,0.0,0.0,1.0,0.0,0.0,2.0,0.0
1651620,0.0,0.0,1.0,0.0,0.0,0.0,0.0
1651635,0.0,0.0,1.0,0.0,0.0,1.0,0.0
1652032,0.0,0.0,1.0,0.0,0.0,2.0,0.0
1652532,0.0,0.0,1.0,0.0,0.0,0.0,0.0
1652639,0.0,0.0,1.0,0.0,0.0,1.0,0.0
1653139,0.0,0.0,1.0,0.0,0.0,0.0,0.0
1653430,0.0,0.0,1.0,0.0,0.0,1.0,0.0
1653930,0.0,0.0,1.0,0.0,0.0,0.0,0.0
1654177,0.0,0.0,1.0,0.0,0.0,1.0,0.0
1654573,0.0,2.0,1.0,0.0,0.0,1.0,0.0
1654677,0.0,2.0,1.0,0.0,0.0,0.0,0.0
1655038,0.0,2.0,1.0,0.0,0.0,1.0,0.0
1655073,0.0,0.0,1.0,0.0,0.0,1.0,0.0
1655538,0.0,0.0,1.0,0.0,0.0,0.0,0.0
1657426,0.0,0.0,1.0,0.0,0.0,1.0,0.0
1657690,0.0,0.0,1.0,0.0,0.0,2.0,0.0
1658190,0.0,0.0,1.0,0.0,0.0,0.0,0.0
1658351,0.0,0.0,1.0,0.0,0.0,1.0,0.0
1658377,0.0,0.0,1.0,0.0,0.0,2.0,0.0
1658877,0.0,0.0,1.0,0.0,0.0,0.0,0.0
1660990,0.0,0.0,1.0,0.0,0.0,1.0,0.0
1661022,0.0,0.0,1.0,0.0,0.0,2.0,0.0
1661522,0.0,0.0,1.0,0.0,0.0,0.0,0.0
1661831,0.0,0.0,1.0,0.0,0.0,1.0,0.0
1662331,0.0,0.0,1.0,0.0,0.0,0.0,0.0
1663973,0.0,0.0,1.0,0.0,0.0,1.0,0.0
1663990,0.0,0.0,1.0,0.0,0.0,2.0,0.0
1664490,0.0,0.0,1.0,0.0,0.0,0.0,0.0
1664745,0.0,0.0,1.0,0.0,0.0,1.0,0.0
1664748,0.0,0.0,1.0,0.0,0.0,2.0,0.0
1665248,0.0,0.0,1.0,0.0,0.0,0.0,0.0
1665760,0.0,0.0,1.0,0.0,0.0,1.0,0.0
1666244,0.0,0.0,1.0,0.0,0.0,2.0,0.0
1666744,0.0,0.0,1.0,0.0,0.0,0.0,0.0
1667753,0.0,0.0,1.0,0.0,0.0,1.0,0.0
1668253,0.0,0.0,1.0,0.0,0.0,0.0,0.0
1668549,0.0,0.0,1.0,0.0,1.0,0.0,0.0
1668552,0.0,0.0,1.0,0.0,1.0,1.0,0.0
1668564,0.0,0.0,1.0,0.0,2.0,1.0,0.0
1668632,0.0,0.0,1.0,0.0,2.0,2.0,0.0
1669064,0.0,0.0,1.0,0.0,0.0,2.0,0.0
1669132,0.0,0.0,1.0,0.0,0.0,0.0,0.0
1669412,0.0,0.0,1.0,0.0,0.0,1.0,0.0
1669912,0.0,0.0,1.0,0.0,0.0,0.0,0.0
1670090,0.0,0.0,1.0,0.0,0.0,1.0,0.0
1670590,0.0,0.0,1.0,0.0,0.0,0.0,0.0
1670742,0.0,0.0,1.0,0.0,0.0,1.0,0.0
1671126,0.0,0.0,1.0,0.0,0.0,2.0,0.0
1671626,0.0,0.0,1.0,0.0,0.0,0.0,0.0
1672193,0.0,0.0,1.0,0.0,0.0,1.0,0.0
1672693,0.0,0.0,1.0,0.0,0.0,0.0,0.0
1673521,0.0,0.0,1.0,0.0,0.0,1.0,0.0
1673526,0.0,0.0,1.0,0.0,0.0,2.0,0.0
1674026,0.0,0.0,1.0,0.0,0.0,0.0,0.0
1674095,0.0,0.0,1.0,0.0,0.0,1.0,0.0
1674097,0.0,0.0,1.0,0.0,0.0,2.0,0.0
1674597,0.0,0.0,1.0,0.0,0.0,0.0,0.0
1674637,0.0,0.0,1.0,0.0,0.0,1.0,0.0
1675137,0.0,0.0,1.0,0.0,0.0,0.0,0.0
1675309,0.0,0.0,1.0,0.0,0.0,1.0,0.0
1675809,0.0,0.0,1.0,0.0,0.0,0.0,0.0
1676945,0.0,0.0,1.0,0.0,0.0,1.0,0.0
1677192,0.0,0.0,1.0,0.0,0.0,2.0,0.0
1677692,0.0,0.0,1.0,0.0,0.0,0.0,0.0
1677701,0.0,0.0,1.0,0.0,0.0,1.0,0.0
1677704,0.0,0.0,1.0,0.0,0.0,2.0,0.0
1678204,0.0,0.0,1.0,0.0,0.0,0.0,0.0
1678425,0.0,0.0,1.0,0.0,0.0,1.0,0.0
1678925,0.0,0.0,1.0,0.0,0.0,0.0,0.0
1679496,0.0,0.0,1.0,0.0,0.0,1.0,0.0
1679996,0.0,0.0,1.0,0.0,0.0,0.0,0.0
1680012,0.0,0.0,1.0,0.0,0.0,1.0,0.0
1680512,0.0,0.0,1.0,0.0,0.0,0.0,0.0
1680738,0.0,0.0,1.0,0.0,0.0,1.0,0.0
1681238,0.0,0.0,1.0,0.0,0.0,0.0,0.0
1682142,0.0,0.0,1.0,0.0,0.0,1.0,0.0
1682642,0.0,0.0,1.0,0.0,0.0,0.0,0.0
1683276,0.0,0.0,1.0,0.0,0.0,1.0,0.0
1683776,0.0,0.0,1.0,0.0,0.0,0.0,0.0
1684110,0.0,0.0,1.0,0.0,0.0,1.0,0.0
1684610,0.0,0.0,1.0,0.0,0.0,0.0,0.0
1684805,0.0,0.0,1.0,0.0,0.0,1.0,0.0
1684807,0.0,0.0,1.0,0.0,0.0,2.0,0.0
1685307,0.0,0.0,1.0,0.0,0.0,0.0,0.0
1686376,0.0,0.0,1.0,0.0,0.0,1.0,0.0
1686876,0.0,0.0,1.0,0.0,0.0,0.0,0.0
1688247,0.0,0.0,1.0,0.0,0.0,1.0,0.0
1688747,0.0,0.0,1.0,0.0,0.0,0.0,0.0
1688855,0.0,0.0,1.0,0.0,0.0,1.0,0.0
1688857,0.0,0.0,1.0,0.0,0.0,2.0,0.0
1689357,0.0,0.0,1.0,0.0,0.0,0.0,0.0
1689366,0.0,0.0,1.0,0.0,0.0,1.0,0.0
1689866,0.0,0.0,1.0,0.0,0.0,0.0,0.0
1690205,0.0,0.0,1.0,0.0,0.0,1.0,0.0
1690705,0.0,0.0,1.0,0.0,0.0,0.0,0.0
1691743,0.0,0.0,1.0,0.0,0.0,1.0,0.0
1691756,0.0,0.0,1.0,0.0,0.0,2.0,0.0
1692256,0.0,0.0,1.0,0.0,0.0,0.0,0.0
1693568,0.0,0.0,1.0,0.0,0.0,1.0,0.0
1694068,0.0,0.0,1.0,0.0,0.0,0.0,0.0
1695288,0.0,0.0,1.0,0.0,0.0,1.0,0.0
1695561,0.0,0.0,1.0,0.0,0.0,2.0,0.0
1696061,0.0,0.0,1.0,0.0,0.0,0.0,0.0
1696105,0.0,0.0,1.0,0.0,0.0,1.0,0.0
1696117,0.0,0.0,1.0,0.0,0.0,2.0,0.0
1696617,0.0,0.0,1.0,0.0,0.0,0.0,0.0
1697012,0.0,0.0,1.0,0.0,0.0,1.0,0.0
1697112,0.0,0.0,1.0,0.0,0.0,2.0,0.0
1697612,0.0,0.0,1.0,0.0,0.0,0.0,0.0
1698570,0.0,0.0,1.0,0.0,0.0,1.0,0.0
1699070,0.0,0.0,1.0,0.0,0.0,0.0,0.0
1699986,0.0,0.0,1.0,0.0,0.0,1.0,0.0
1700486,0.0,0.0,1.0,0.0,0.0,0.0,0.0
1700769,0.0,0.0,1.0,0.0,0.0,1.0,0.0
1701269,0.0,0.0,1.0,0.0,0.0,0.0,0.0
1701758,0.0,0.0,1.0,0.0,0.0,1.0,0.0
1701939,0.0,0.0,1.0,0.0,0.0,2.0,0.0
1702439,0.0,0.0,1.0,0.0,0.0,0.0,0.0
1702566,0.0,0.0,1.0,0.0,0.0,1.0,0.0
1703066,0.0,0.0,1.0,0.0,0.0,0.0,0.0
1705142,0.0,0.0,1.0,0.0,0.0,1.0,0.0
1705642,0.0,0.0,1.0,0.0,0.0,0.0,0.0
1705819,0.0,0.0,1.0,0.0,0.0,1.0,0.0
1706319,0.0,0.0,1.0,0.0,0.0,0.0,0.0
1706420,0.0,0.0,1.0,0.0,0.0,1.0,0.0
1706920,0.0,0.0,1.0,0.0,0.0,0.0,0.0
1707287,0.0,0.0,1.0,0.0,0.0,1.0,0.0
1707292,0.0,0.0,1.0,0.0,0.0,2.0,0.0
1707792,0.0,0.0,1.0,0.0,0.0,0.0,0.0
1709413,0.0,0.0,1.0,0.0,0.0,1.0,0.0
1709424,0.0,0.0,1.0,0.0,0.0,2.0,0.0
1709924,0.0,0.0,1.0,0.0,0.0,0.0,0.0
1710876,0.0,0.0,1.0,0.0,0.0,1.0,0.0
1711376,0.0,0.0,1.0,0.0,0.0,0.0,0.0
1711382,0.0,0.0,1.0,0.0,0.0,1.0,0.0
1711700,0.0,0.0,1.0,0.0,0.0,2.0,0.0
1712200,0.0,0.0,1.0,0.0,0.0,0.0,0.0
1712615,0.0,0.0,1.0,0.0,0.0,1.0,0.0
1713115,0.0,0.0,1.0,0.0,0.0,0.0,0.0
1713282,0.0,0.0,1.0,0.0,0.0,1.0,0.0
1713782,0.0,0.0,1.0,0.0,0.0,0.0,0.0
1714030,0.0,0.0,1.0,0.0,0.0,1.0,0.0
1714491,0.0,0.0,1.0,0.0,0.0,2.0,0.0
1714991,0.0,0.0,1.0,0.0,0.0,0.0,0.0
1715821,0.0,0.0,1.0,0.0,0.0,1.0,0.0
1716321,0.0,0.0,1.0,0.0,0.0,0.0,0.0
1717338,0.0,0.0,0.0,0.0,0.0,0.0,0.0
1817000,0.0,0.0,0.0,0.0,0.0,0.0,1.0
1817237,0.0,0.0,0.0,0.0,0.0,1.0,1.0
1817471,2.0,0.0,0.0,0.0,0.0,1.0,1.0
1817500,2.0,0.0,0.0,0.0,0.0,1.0,0.0
1817737,2.0,0.0,0.0,0.0,0.0,0.0,0.0
1817750,2.0,0.0,0.0,0.0,1.0,0.0,0.0
1817779,2.0,0.0,0.0,0.0,1.0,1.0,0.0
1817784,2.0,0.0,0.0,0.0,1.0,2.0,0.0
1817795,2.0,0.0,0.0,0.0,2.0,2.0,0.0
1817971,0.0,0.0,0.0,0.0,2.0,2.0,0.0
1818030,0.0,2.0,0.0,0.0,2.0,2.0,0.0
1818079,2.0,2.0,0.0,0.0,2.0,2.0,0.0
1818284,2.0,2.0,0.0,0.0,2.0,0.0,0.0
1818295,2.0,2.0,0.0,0.0,0.0,0.0,0.0
1818381,2.0,2.0,0.0,0.0,0.0,1.0,0.0
1818477,2.0,2.0,0.0,0.0,0.0,2.0,0.0
1818530,2.0,0.0,0.0,0.0,0.0,2.0,0.0
1818579,0.0,0.0,0.0,0.0,0.0,2.0,0.0
1818977,0.0,0.0,0.0,0.0,0.0,0.0,0.0
1819006,0.0,0.0,1.0,0.0,0.0,0.0,0.0
1819023,0.0,0.0,1.0,0.0,0.0,1.0,0.0
1819523,0.0,0.0,1.0,0.0,0.0,0.0,0.0
1819537,0.0,0.0,1.0,0.0,0.0,1.0,0.0
1819540,0.0,0.0,1.0,0.0,0.0,2.0,0.0
1820040,0.0,0.0,1.0,0.0,0.0,0.0,0.0
1820280,0.0,0.0,1.0,0.0,0.0,1.0,0.0
1820367,0.0,0.0,2.0,0.0,0.0,1.0,0.0
1820780,0.0,0.0,2.0,0.0,0.0,0.0,0.0
1820867,0.0,0.0,0.0,0.0,0.0,0.0,0.0
1820977,0.0,0.0,1.0,0.0,0.0,0.0,0.0
1820981,0.0,0.0,1.0,0.0,0.0,1.0,0.0
1821481,0.0,0.0,1.0,0.0,0.0,0.0,0.0
1821625,0.0,0.0,1.0,0.0,0.0,1.0,0.0
1822021,0.0,0.0,1.0,0.0,0.0,2.0,0.0
1822521,0.0,0.0,1.0,0.0,0.0,0.0,0.0
1822598,0.0,0.0,1.0,0.0,0.0,1.0,0.0
1823098,0.0,0.0,1.0,0.0,0.0,0.0,0.0
1823501,0.0,0.0,1.0,0.0,0.0,1.0,0.0
1824001,0.0,0.0,1.0,0.0,0.0,0.0,0.0
1824142,0.0,0.0,1.0,0.0,0.0,1.0,0.0
1824393,0.0,0.0,1.0,0.0,0.0,2.0,0.0
1824893,0.0,0.0,1.0,0.0,0.0,0.0,0.0
1825166,0.0,0.0,1.0,0.0,0.0,1.0,0.0
1825477,0.0,0.0,0.0,0.0,0.0,1.0,0.0
1825480,0.0,0.0,1.0,0.0,0.0,1.0,0.0
1825666,0.0,0.0,1.0,0.0,0.0,0.0,0.0
1825895,0.0,0.0,1.0,0.0,0.0,1.0,0.0
1825971,0.0,0.0,1.0,0.0,0.0,2.0,0.0
1826471,0.0,0.0,1.0,0.0,0.0,0.0,0.0
1826480,0.0,0.0,0.0,0.0,0.0,0.0,0.0
1826627,0.0,0.0,0.0,0.0,0.0,1.0,0.0
1826634,0.0,0.0,0.0,0.0,0.0,2.0,0.0
1827134,0.0,0.0,0.0,0.0,0.0,0.0,0.0
1827275,0.0,0.0,0.0,0.0,0.0,1.0,0.0
1827459,0.0,0.0,0.0,0.0,0.0,2.0,0.0
1827959,0.0,0.0,0.0,0.0,0.0,0.0,0.0
1828424,0.0,0.0,0.0,0.0,0.0,1.0,0.0
1828804,0.0,0.0,0.0,0.0,0.0,2.0,0.0
1829304,0.0,0.0,0.0,0.0,0.0,0.0,0.0
1829540,0.0,0.0,0.0,0.0,0.0,1.0,0.0
1830040,0.0,0.0,0.0,0.0,0.0,0.0,0.0
1830791,0.0,0.0,0.0,0.0,0.0,1.0,0.0
1830796,0.0,0.0,0.0,0.0,0.0,2.0,0.0
1831296,0.0,0.0,0.0,0.0,0.0,0.0,0.0
1833153,0.0,0.0,0.0,0.0,0.0,1.0,0.0
1833156,0.0,0.0,0.0,0.0,0.0,2.0,0.0
1833656,0.0,0.0,0.0,0.0,0.0,0.0,0.0
1833659,0.0,0.0,0.0,0.0,0.0,1.0,0.0
1834159,0.0,0.0,0.0,0.0,0.0,0.0,0.0
1834296,0.0,0.0,0.0,0.0,0.0,1.0,0.0
1834796,0.0,0.0,0.0,0.0,0.0,0.0,0.0
1835106,0.0,0.0,0.0,0.0,1.0,0.0,0.0
1835192,0.0,0.0,0.0,0.0,1.0,1.0,0.0
1835524,0.0,0.0,0.0,0.0,1.0,2.0,0.0
1835606,0.0,0.0,0.0,0.0,0.0,2.0,0.0
1836024,0.0,0.0,0.0,0.0,0.0,0.0,0.0
1836038,0.0,0.0,0.0,0.0,0.0,1.0,0.0
1836185,0.0,0.0,0.0,0.0,0.0,2.0,0.0
1836685,0.0,0.0,0.0,0.0,0.0,0.0,0.0
1837858,0.0,0.0,0.0,0.0,0.0,1.0,0.0
1837866,0.0,0.0,0.0,0.0,0.0,2.0,0.0
1838366,0.0,0.0,0.0,0.0,0.0,0.0,0.0
1838791,0.0,0.0,0.0,0.0,0.0,1.0,0.0
1839291,0.0,0.0,0.0,0.0,0.0,0.0,0.0
1839496,0.0,0.0,0.0,0.0,0.0,1.0,0.0
1839996,0.0,0.0,0.0,0.0,0.0,0.0,0.0
1840204,0.0,0.0,0.0,0.0,0.0,1.0,0.0
1840433,0.0,0.0,0.0,0.0,0.0,2.0,0.0
1840442,0.0,0.0,0.0,0.0,1.0,2.0,0.0
1840445,0.0,0.0,0.0,0.0,2.0,2.0,0.0
1840933,0.0,0.0,0.0,0.0,2.0,0.0,0.0
1840945,0.0,0.0,0.0,0.0,0.0,0.0,0.0
1841644,0.0,0.0,0.0,0.0,0.0,1.0,0.0
1842108,0.0,0.0,0.0,0.0,0.0,2.0,0.0
1842608,0.0,0.0,0.0,0.0,0.0,0.0,0.0
1843271,0.0,0.0,0.0,0.0,0.0,1.0,0.0
1843771,0.0,0.0,0.0,0.0,0.0,0.0,0.0
1845527,0.0,0.0,0.0,0.0,0.0,1.0,0.0
1846027,0.0,0.0,0.0,0.0,0.0,0.0,0.0
1846108,0.0,0.0,0.0,0.0,0.0,1.0,0.0
1846608,0.0,0.0,0.0,0.0,0.0,0.0,0.0
1846761,0.0,0.0,0.0,0.0,0.0,1.0,0.0
1847261,0.0,0.0,0.0,0.0,0.0,0.0,0.0
1847647,0.0,0.0,0.0,0.0,0.0,1.0,0.0
1848147,0.0,0.0,0.0,0.0,0.0,0.0,0.0
1848931,0.0,0.0,0.0,0.0,0.0,1.0,0.0
1849431,0.0,0.0,0.0,0.0,0.0,0.0,0.0
1850001,0.0,0.0,0.0,0.0,0.0,1.0,0.0
1850501,0.0,0.0,0.0,0.0,0.0,0.0,0.0
1850522,0.0,0.0,0.0,0.0,0.0,1.0,0.0
1851022,0.0,0.0,0.0,0.0,0.0,0.0,0.0
1851398,0.0,0.0,0.0,0.0,0.0,1.0,0.0
1851898,0.0,0.0,0.0,0.0,0.0,0.0,0.0
1852042,0.0,0.0,0.0,0.0,0.0,1.0,0.0
1852542,0.0,0.0,0.0,0.0,0.0,0.0,0.0
1853031,0.0,0.0,0.0,0.0,0.0,1.0,0.0
1854031,0.0,0.0,0.0,0.0,0.0,0.0,0.0
1854527,0.0,0.0,0.0,0.0,0.0,1.0,0.0
1854679,0.0,0.0,0.0,0.0,0.0,2.0,0.0
1855179,0.0,0.0,0.0,0.0,0.0,0.0,0.0
1855519,0.0,0.0,0.0,0.0,0.0,1.0,0.0
1855526,0.0,0.0,0.0,0.0,0.0,2.0,0.0
1856026,0.0,0.0,0.0,0.0,0.0,0.0,0.0
1856177,0.0,0.0,0.0,0.0,0.0,1.0,0.0
1856191,0.0,0.0,0.0,0.0,0.0,2.0,0.0
1856691,0.0,0.0,0.0,0.0,0.0,0.0,0.0
1857150,0.0,0.0,0.0,0.0,0.0,1.0,0.0
1857650,0.0,0.0,0.0,0.0,0.0,0.0,0.0
1858004,0.0,0.0,0.0,0.0,0.0,1.0,0.0
1858010,0.0,0.0,0.0,0.0,0.0,2.0,0.0
1858510,0.0,0.0,0.0,0.0,0.0,0.0,0.0
1858762,0.0,2.0,0.0,0.0,0.0,0.0,0.0
1858880,0.0,2.0,0.0,0.0,0.0,1.0,0.0
1858883,0.0,2.0,0.0,0.0,0.0,2.0,0.0
1859262,0.0,0.0,0.0,0.0,0.0,2.0,0.0
1859383,0.0,0.0,0.0,0.0,0.0,0.0,0.0
1859627,0.0,0.0,0.0,0.0,0.0,1.0,0.0
1860127,0.0,0.0,0.0,0.0,0.0,0.0,0.0
1861528,0.0,0.0,0.0,0.0,0.0,1.0,0.0
1861605,0.0,0.0,0.0,0.0,0.0,2.0,0.0
1862105,0.0,0.0,0.0,0.0,0.0,0.0,0.0
1862578,0.0,0.0,0.0,0.0,0.0,1.0,0.0
1862774,0.0,0.0,0.0,0.0,0.0,2.0,0.0
1863274,0.0,0.0,0.0,0.0,0.0,0.0,0.0
1863420,0.0,0.0,0.0,0.0,0.0,1.0,0.0
1863665,0.0,0.0,0.0,0.0,0.0,2.0,0.0
1864165,0.0,0.0,0.0,0.0,0.0,0.0,0.0
1865397,0.0,0.0,0.0,0.0,0.0,1.0,0.0
1865897,0.0,0.0,0.0,0.0,0.0,0.0,0.0
1866086,0.0,0.0,0.0,0.0,0.0,1.0,0.0
1866511,0.0,0.0,0.0,0.0,0.0,2.0,0.0
1867011,0.0,0.0,0.0,0.0,0.0,0.0,0.0
1868007,0.0,0.0,0.0,0.0,0.0,1.0,0.0
1868345,0.0,0.0,0.0,0.0,0.0,2.0,0.0
1868845,0.0,0.0,0.0,0.0,0.0,0.0,0.0
1869461,0.0,0.0,0.0,0.0,0.0,1.0,0.0
1869507,0.0,0.0,0.0,0.0,0.0,2.0,0.0
1870007,0.0,0.0,0.0,0.0,0.0,0.0,0.0
1871138,0.0,0.0,0.0,0.0,0.0,1.0,0.0
1871638,0.0,0.0,0.0,0.0,0.0,0.0,0.0
1871953,0.0,0.0,0.0,0.0,0.0,1.0,0.0
1872453,0.0,0.0,0.0,0.0,0.0,0.0,0.0
1872609,0.0,0.0,0.0,0.0,0.0,1.0,0.0
1872966,0.0,0.0,0.0,0.0,0.0,2.0,0.0
1873466,0.0,0.0,0.0,0.0,0.0,0.0,0.0
1874011,0.0,0.0,0.0,0.0,0.0,1.0,0.0
1874511,0.0,0.0,0.0,0.0,0.0,0.0,0.0
1874647,0.0,0.0,0.0,0.0,0.0,1.0,0.0
1874650,0.0,0.0,0.0,0.0,0.0,2.0,0.0
1875150,0.0,0.0,0.0,0.0,0.0,0.0,0.0
1875462,0.0,0.0,0.0,0.0,0.0,1.0,0.0
1875494,0.0,0.0,0.0,0.0,0.0,2.0,0.0
1875994,0.0,0.0,0.0,0.0,0.0,0.0,0.0
1876027,0.0,0.0,0.0,0.0,0.0,1.0,0.0
1876527,0.0,0.0,0.0,0.0,0.0,0.0,0.0
1877316,0.0,0.0,0.0,0.0,0.0,1.0,0.0
1877590,0.0,0.0,0.0,0.0,0.0,2.0,0.0
1878090,0.0,0.0,0.0,0.0,0.0,0.0,0.0
1878226,0.0,0.0,0.0,0.0,0.0,1.0,0.0
1878388,0.0,0.0,0.0,0.0,0.0,2.0,0.0
1878888,0.0,0.0,0.0,0.0,0.0,0.0,0.0
1879274,0.0,0.0,0.0,0.0,0.0,1.0,0.0
1879292,0.0,0.0,0.0,0.0,0.0,2.0,0.0
1879792,0.0,0.0,0.0,0.0,0.0,0.0,0.0
1880076,0.0,0.0,0.0,0.0,0.0,1.0,0.0
1880088,0.0,0.0,0.0,0.0,0.0,2.0,0.0
1880588,0.0,0.0,0.0,0.0,0.0,0.0,0.0
1881077,0.0,0.0,0.0,0.0,0.0,1.0,0.0
1881199,0.0,0.0,0.0,0.0,0.0,2.0,0.0
1881699,0.0,0.0,0.0,0.0,0.0,0.0,0.0
1882361,0.0,0.0,0.0,0.0,0.0,1.0,0.0
1882861,0.0,0.0,0.0,0.0,0.0,0.0,0.0
1883330,0.0,0.0,0.0,0.0,0.0,1.0,0.0
1883332,0.0,0.0,0.0,0.0,0.0,2.0,0.0
1883832,0.0,0.0,0.0,0.0,0.0,0.0,0.0
1883854,0.0,0.0,0.0,0.0,0.0,1.0,0.0
1884354,0.0,0.0,0.0,0.0,0.0,0.0,0.0
1884551,0.0,0.0,0.0,0.0,0.0,1.0,0.0
1885051,0.0,0.0,0.0,0.0,0.0,0.0,0.0
1885187,0.0,0.0,0.0,0.0,0.0,1.0,0.0
1885189,0.0,0.0,0.0,0.0,0.0,2.0,0.0
1885689,0.0,0.0,0.0,0.0,0.0,0.0,0.0
1887326,0.0,0.0,0.0,0.0,0.0,1.0,0.0
1887826,0.0,0.0,0.0,0.0,0.0,0.0,0.0
1888889,0.0,0.0,0.0,0.0,0.0,1.0,0.0
1889389,0.0,0.0,0.0,0.0,0.0,0.0,0.0
1890414,0.0,0.0,0.0,0.0,0.0,1.0,0.0
1890914,0.0,0.0,0.0,0.0,0.0,0.0,0.0
1892111,0.0,0.0,0.0,0.0,0.0,1.0,0.0
1892611,0.0,0.0,0.0,0.0,0.0,0.0,0.0
1892643,0.0,0.0,0.0,0.0,0.0,1.0,0.0
1893143,0.0,0.0,0.0,0.0,0.0,0.0,0.0
1893891,0.0,0.0,0.0,0.0,0.0,1.0,0.0
1893898,0.0,0.0,0.0,0.0,0.0,2.0,0.0
1894398,0.0,0.0,0.0,0.0,0.0,0.0,0.0
1895066,0.0,0.0,0.0,0.0,0.0,1.0,0.0
1895566,0.0,0.0,0.0,0.0,0.0,0.0,0.0
1895915,0.0,0.0,0.0,0.0,0.0,1.0,0.0
1896415,0.0,0.0,0.0,0.0,0.0,0.0,0.0
1896459,0.0,0.0,0.0,0.0,0.0,1.0,0.0
1896807,0.0,0.0,0.0,0.0,0.0,2.0,0.0
1897307,0.0,0.0,0.0,0.0,0.0,0.0,0.0
1897812,0.0,0.0,0.0,0.0,0.0,1.0,0.0
1898178,0.0,0.0,0.0,0.0,0.0,2.0,0.0
1898678,0.0,0.0,0.0,0.0,0.0,0.0,0.0
1899142,0.0,0.0,0.0,0.0,0.0,1.0,0.0
1899145,0.0,0.0,0.0,0.0,0.0,2.0,0.0
1899645,0.0,0.0,0.0,0.0,0.0,0.0,0.0
1899742,0.0,0.0,0.0,0.0,0.0,1.0,0.0
1899744,0.0,0.0,0.0,0.0,0.0,2.0,0.0
1900244,0.0,0.0,0.0,0.0,0.0,0.0,0.0
1900434,0.0,0.0,0.0,0.0,0.0,1.0,0.0
1900934,0.0,0.0,0.0,0.0,0.0,0.0,0.0
1901284,0.0,0.0,0.0,0.0,0.0,1.0,0.0
1901784,0.0,0.0,0.0,0.0,0.0,0.0,0.0
1902451,0.0,0.0,0.0,0.0,0.0,1.0,0.0
1902951,0.0,0.0,0.0,0.0,0.0,0.0,0.0
1903371,0.0,0.0,0.0,0.0,0.0,1.0,0.0
1903871,0.0,0.0,0.0,0.0,0.0,0.0,0.0
1904044,0.0,0.0,0.0,0.0,0.0,1.0,0.0
1904049,0.0,0.0,0.0,0.0,0.0,2.0,0.0
1904549,0.0,0.0,0.0,0.0,0.0,0.0,0.0
1904909,0.0,0.0,0.0,0.0,0.0,1.0,0.0
1905128,0.0,0.0,0.0,0.0,0.0,2.0,0.0
1905628,0.0,0.0,0.0,0.0,0.0,0.0,0.0
1905801,0.0,0.0,0.0,0.0,0.0,1.0,0.0
1905815,0.0,0.0,0.0,0.0,0.0,2.0,0.0
1906315,0.0,0.0,0.0,0.0,0.0,1.0,0.0
1906542,0.0,0.0,0.0,0.0,0.0,2.0,0.0
1907042,0.0,0.0,0.0,0.0,0.0,0.0,0.0
1907424,0.0,0.0,0.0,0.0,0.0,1.0,0.0
1907924,0.0,0.0,0.0,0.0,0.0,0.0,0.0
1908090,0.0,0.0,0.0,0.0,0.0,1.0,0.0
1908159,0.0,2.0,0.0,0.0,0.0,1.0,0.0
1908161,0.0,2.0,0.0,0.0,0.0,2.0,0.0
1908659,0.0,0.0,0.0,0.0,0.0,2.0,0.0
1908661,0.0,0.0,0.0,0.0,0.0,0.0,0.0
1908704,0.0,0.0,0.0,0.0,0.0,1.0,0.0
1909204,0.0,0.0,0.0,0.0,0.0,0.0,0.0
1909418,0.0,0.0,0.0,0.0,0.0,1.0,0.0
1909494,0.0,0.0,0.0,0.0,0.0,2.0,0.0
1909994,0.0,0.0,0.0,0.0,0.0,0.0,0.0
1910008,0.0,0.0,0.0,0.0,0.0,1.0,0.0
1910358,0.0,0.0,0.0,0.0,0.0,2.0,0.0
1910858,0.0,0.0,0.0,0.0,0.0,0.0,0.0
1912699,0.0,0.0,0.0,0.0,0.0,1.0,0.0
1912701,0.0,0.0,0.0,0.0,0.0,2.0,0.0
1913201,0.0,0.0,0.0,0.0,0.0,0.0,0.0
1913707,0.0,0.0,0.0,0.0,0.0,1.0,0.0
1914207,0.0,0.0,0.0,0.0,0.0,0.0,0.0
1914532,0.0,0.0,0.0,0.0,0.0,1.0,0.0
1915032,0.0,0.0,0.0,0.0,0.0,0.0,0.0
1915601,0.0,0.0,0.0,0.0,0.0,1.0,0.0
1916101,0.0,0.0,0.0,0.0,0.0,0.0,0.0
1916371,0.0,0.0,0.0,0.0,0.0,1.0,0.0
1916522,0.0,0.0,0.0,0.0,0.0,2.0,0.0
1917022,0.0,0.0,0.0,0.0,0.0,0.0,0.0
1917200,0.0,0.0,0.0,0.0,0.0,1.0,0.0
1917700,0.0,0.0,0.0,0.0,0.0,0.0,0.0
1917991,0.0,0.0,0.0,0.0,0.0,1.0,0.0
1918491,0.0,0.0,0.0,0.0,0.0,0.0,0.0
1921283,0.0,0.0,0.0,0.0,1.0,0.0,0.0
1921783,0.0,0.0,0.0,0.0,0.0,0.0,0.0
1948716,0.0,0.0,0.0,0.0,1.0,0.0,0.0
1949216,0.0,0.0,0.0,0.0,0.0,0.0,0.0
1962992,0.0,0.0,0.0,0.0,1.0,0.0,0.0
1963492,0.0,0.0,0.0,0.0,0.0,0.0,0.0
2019000,0.0,0.0,0.0,0.0,0.0,0.0,1.0
2019424,0.0,0.0,0.0,0.0,0.0,1.0,1.0
2019500,0.0,0.0,0.0,0.0,0.0,1.0,0.0
2019519,2.0,0.0,0.0,0.0,0.0,1.0,0.0
2019522,2.0,0.0,0.0,0.0,1.0,1.0,0.0
2019526,2.0,0.0,0.0,0.0,1.0,2.0,0.0
2019532,2.0,0.0,0.0,0.0,2.0,2.0,0.0
2019691,2.0,2.0,0.0,0.0,2.0,2.0,0.0
2020019,0.0,2.0,0.0,0.0,2.0,2.0,0.0
2020026,0.0,2.0,0.0,0.0,2.0,0.0,0.0
2020032,0.0,2.0,0.0,0.0,0.0,0.0,0.0
2020044,0.0,2.0,0.0,0.0,0.0,1.0,0.0
2020055,0.0,2.0,0.0,0.0,0.0,2.0,0.0
2020191,2.0,0.0,0.0,0.0,0.0,2.0,0.0
2020267,2.0,0.0,0.0,0.0,1.0,2.0,0.0
