,ADWIN,CUSUM,DDM,GeometricMovingAverage,HDDMAverage,HDDMWeighted,Ground-truth
139,0.0,0.0,1.0,0.0,0.0,0.0,0.0
432,0.0,0.0,1.0,0.0,0.0,1.0,0.0
639,0.0,0.0,0.0,0.0,0.0,1.0,0.0
932,0.0,0.0,0.0,0.0,0.0,0.0,0.0
951,0.0,0.0,0.0,0.0,0.0,1.0,0.0
1451,0.0,0.0,0.0,0.0,0.0,0.0,0.0
1502,0.0,0.0,0.0,0.0,0.0,1.0,0.0
1531,0.0,0.0,0.0,0.0,0.0,2.0,0.0
2031,0.0,0.0,0.0,0.0,0.0,0.0,0.0
2575,0.0,0.0,0.0,0.0,0.0,1.0,0.0
2746,0.0,0.0,0.0,0.0,0.0,2.0,0.0
3246,0.0,0.0,0.0,0.0,0.0,0.0,0.0
3419,0.0,0.0,0.0,0.0,0.0,1.0,0.0
3431,0.0,0.0,0.0,0.0,0.0,2.0,0.0
3931,0.0,0.0,0.0,0.0,0.0,0.0,0.0
4339,0.0,0.0,0.0,0.0,0.0,1.0,0.0
4839,0.0,0.0,0.0,0.0,0.0,0.0,0.0
4880,0.0,0.0,0.0,0.0,0.0,1.0,0.0
5377,0.0,0.0,0.0,0.0,0.0,2.0,0.0
5877,0.0,0.0,0.0,0.0,0.0,0.0,0.0
6041,0.0,0.0,0.0,0.0,0.0,1.0,0.0
6541,0.0,0.0,0.0,0.0,0.0,0.0,0.0
6968,0.0,0.0,0.0,0.0,0.0,1.0,0.0
7123,0.0,0.0,0.0,0.0,0.0,2.0,0.0
7623,0.0,0.0,0.0,0.0,0.0,0.0,0.0
7781,0.0,0.0,0.0,0.0,1.0,0.0,0.0
8281,0.0,0.0,0.0,0.0,0.0,0.0,0.0
9993,0.0,0.0,0.0,0.0,0.0,1.0,0.0
10493,0.0,0.0,0.0,0.0,0.0,0.0,0.0
11004,0.0,0.0,0.0,0.0,0.0,1.0,0.0
11504,0.0,0.0,0.0,0.0,0.0,0.0,0.0
11754,0.0,0.0,0.0,0.0,0.0,1.0,0.0
11771,0.0,0.0,0.0,0.0,0.0,2.0,0.0
12271,0.0,0.0,0.0,0.0,0.0,0.0,0.0
12739,0.0,0.0,0.0,0.0,0.0,1.0,0.0
13239,0.0,0.0,0.0,0.0,0.0,0.0,0.0
13499,0.0,0.0,0.0,0.0,0.0,1.0,0.0
13999,0.0,0.0,0.0,0.0,0.0,0.0,0.0
14761,0.0,0.0,0.0,0.0,0.0,1.0,0.0
15261,0.0,0.0,0.0,0.0,0.0,0.0,0.0
15289,0.0,0.0,0.0,0.0,0.0,1.0,0.0
15789,0.0,0.0,0.0,0.0,0.0,0.0,0.0
16986,0.0,0.0,0.0,0.0,0.0,1.0,0.0
17314,0.0,0.0,0.0,0.0,0.0,2.0,0.0
17814,0.0,0.0,0.0,0.0,0.0,0.0,0.0
18585,0.0,0.0,0.0,0.0,0.0,1.0,0.0
18915,0.0,0.0,0.0,0.0,0.0,2.0,0.0
19415,0.0,0.0,0.0,0.0,0.0,0.0,0.0
20017,0.0,0.0,0.0,0.0,0.0,1.0,0.0
20517,0.0,0.0,0.0,0.0,0.0,0.0,0.0
20550,0.0,0.0,0.0,0.0,0.0,1.0,0.0
21050,0.0,0.0,0.0,0.0,0.0,0.0,0.0
21924,0.0,0.0,0.0,0.0,0.0,1.0,0.0
22424,0.0,0.0,0.0,0.0,0.0,0.0,0.0
22830,0.0,0.0,0.0,0.0,0.0,1.0,0.0
22834,0.0,0.0,0.0,0.0,0.0,2.0,0.0
23334,0.0,0.0,0.0,0.0,0.0,0.0,0.0
23387,0.0,0.0,0.0,0.0,0.0,1.0,0.0
23887,0.0,0.0,0.0,0.0,0.0,0.0,0.0
24003,0.0,0.0,0.0,0.0,0.0,1.0,0.0
24503,0.0,0.0,0.0,0.0,0.0,0.0,0.0
25010,0.0,0.0,0.0,0.0,0.0,1.0,0.0
26010,0.0,0.0,0.0,0.0,0.0,0.0,0.0
26336,0.0,0.0,0.0,0.0,0.0,1.0,0.0
26836,0.0,0.0,0.0,0.0,0.0,0.0,0.0
27314,0.0,0.0,0.0,0.0,0.0,1.0,0.0
27346,0.0,0.0,0.0,0.0,0.0,2.0,0.0
27846,0.0,0.0,0.0,0.0,0.0,0.0,0.0
28220,0.0,0.0,0.0,0.0,0.0,1.0,0.0
28720,0.0,0.0,0.0,0.0,0.0,0.0,0.0
29146,0.0,0.0,0.0,0.0,0.0,1.0,0.0
29179,0.0,0.0,0.0,0.0,0.0,2.0,0.0
29679,0.0,0.0,0.0,0.0,0.0,0.0,0.0
29827,0.0,0.0,0.0,0.0,0.0,1.0,0.0
30327,0.0,0.0,0.0,0.0,0.0,0.0,0.0
31798,0.0,0.0,0.0,0.0,0.0,1.0,0.0
31972,0.0,0.0,0.0,0.0,0.0,2.0,0.0
32472,0.0,0.0,0.0,0.0,0.0,0.0,0.0
32740,0.0,0.0,0.0,0.0,0.0,1.0,0.0
33240,0.0,0.0,0.0,0.0,0.0,0.0,0.0
33374,0.0,0.0,0.0,0.0,0.0,1.0,0.0
33874,0.0,0.0,0.0,0.0,0.0,0.0,0.0
33887,0.0,0.0,0.0,0.0,0.0,1.0,0.0
33900,0.0,0.0,0.0,0.0,0.0,2.0,0.0
34400,0.0,0.0,0.0,0.0,0.0,0.0,0.0
35277,0.0,0.0,0.0,0.0,0.0,1.0,0.0
35280,0.0,0.0,0.0,0.0,0.0,2.0,0.0
35780,0.0,0.0,0.0,0.0,0.0,0.0,0.0
36021,0.0,0.0,0.0,0.0,0.0,1.0,0.0
36183,0.0,0.0,0.0,0.0,0.0,2.0,0.0
36683,0.0,0.0,0.0,0.0,0.0,0.0,0.0
36865,0.0,0.0,0.0,0.0,0.0,1.0,0.0
36923,0.0,0.0,0.0,0.0,0.0,2.0,0.0
37423,0.0,0.0,0.0,0.0,0.0,0.0,0.0
37551,0.0,0.0,0.0,0.0,0.0,1.0,0.0
38051,0.0,0.0,0.0,0.0,0.0,0.0,0.0
39202,0.0,0.0,0.0,0.0,0.0,1.0,0.0
39208,0.0,0.0,0.0,0.0,0.0,2.0,0.0
39708,0.0,0.0,0.0,0.0,0.0,0.0,0.0
39847,0.0,0.0,0.0,0.0,0.0,1.0,0.0
40347,0.0,0.0,0.0,0.0,0.0,0.0,0.0
40876,0.0,0.0,0.0,0.0,0.0,1.0,0.0
41376,0.0,0.0,0.0,0.0,0.0,0.0,0.0
43102,0.0,0.0,0.0,0.0,0.0,1.0,0.0
43366,0.0,0.0,0.0,0.0,0.0,2.0,0.0
43866,0.0,0.0,0.0,0.0,0.0,0.0,0.0
44282,0.0,0.0,0.0,0.0,0.0,1.0,0.0
44341,0.0,0.0,0.0,0.0,0.0,2.0,0.0
44841,0.0,0.0,0.0,0.0,0.0,0.0,0.0
45332,0.0,0.0,0.0,0.0,0.0,1.0,0.0
45335,0.0,0.0,0.0,0.0,0.0,2.0,0.0
45835,0.0,0.0,0.0,0.0,0.0,0.0,0.0
46497,0.0,0.0,0.0,0.0,0.0,1.0,0.0
46663,0.0,0.0,0.0,0.0,0.0,2.0,0.0
47163,0.0,0.0,0.0,0.0,0.0,0.0,0.0
48275,0.0,0.0,0.0,0.0,0.0,1.0,0.0
48281,0.0,0.0,0.0,0.0,0.0,2.0,0.0
48781,0.0,0.0,0.0,0.0,0.0,0.0,0.0
49008,0.0,0.0,0.0,0.0,0.0,1.0,0.0
49508,0.0,0.0,0.0,0.0,0.0,0.0,0.0
49712,0.0,0.0,0.0,0.0,0.0,1.0,0.0
49715,0.0,0.0,0.0,0.0,0.0,2.0,0.0
50215,0.0,0.0,0.0,0.0,0.0,0.0,0.0
50390,0.0,0.0,0.0,0.0,0.0,1.0,0.0
50890,0.0,0.0,0.0,0.0,0.0,0.0,0.0
51440,0.0,0.0,0.0,0.0,0.0,1.0,0.0
51940,0.0,0.0,0.0,0.0,0.0,0.0,0.0
52176,0.0,0.0,0.0,0.0,0.0,1.0,0.0
52676,0.0,0.0,0.0,0.0,0.0,0.0,0.0
52684,0.0,0.0,0.0,0.0,0.0,1.0,0.0
53184,0.0,0.0,0.0,0.0,0.0,0.0,0.0
53258,0.0,0.0,0.0,0.0,0.0,1.0,0.0
53461,0.0,0.0,0.0,0.0,0.0,2.0,0.0
53961,0.0,0.0,0.0,0.0,0.0,0.0,0.0
54671,0.0,0.0,0.0,0.0,0.0,1.0,0.0
54674,0.0,0.0,0.0,0.0,0.0,2.0,0.0
55174,0.0,0.0,0.0,0.0,0.0,0.0,0.0
56037,0.0,0.0,0.0,0.0,0.0,1.0,0.0
56537,0.0,0.0,0.0,0.0,0.0,0.0,0.0
56553,0.0,0.0,0.0,0.0,0.0,1.0,0.0
56574,0.0,0.0,0.0,0.0,0.0,2.0,0.0
57074,0.0,0.0,0.0,0.0,0.0,0.0,0.0
57160,0.0,0.0,0.0,0.0,0.0,1.0,0.0
57660,0.0,0.0,0.0,0.0,0.0,0.0,0.0
57871,0.0,0.0,0.0,0.0,0.0,1.0,0.0
58371,0.0,0.0,0.0,0.0,0.0,0.0,0.0
58809,0.0,2.0,0.0,0.0,0.0,0.0,0.0
59309,0.0,0.0,0.0,0.0,0.0,0.0,0.0
59513,0.0,0.0,0.0,0.0,0.0,1.0,0.0
59928,0.0,0.0,0.0,0.0,0.0,2.0,0.0
60428,0.0,0.0,0.0,0.0,0.0,0.0,0.0
60666,0.0,0.0,0.0,0.0,0.0,1.0,0.0
60670,0.0,0.0,0.0,0.0,0.0,2.0,0.0
61152,0.0,2.0,0.0,0.0,0.0,2.0,0.0
61170,0.0,2.0,0.0,0.0,0.0,0.0,0.0
61251,0.0,2.0,0.0,0.0,0.0,1.0,0.0
61652,0.0,0.0,0.0,0.0,0.0,1.0,0.0
61751,0.0,0.0,0.0,0.0,0.0,0.0,0.0
61993,0.0,0.0,0.0,0.0,0.0,1.0,0.0
62493,0.0,0.0,0.0,0.0,0.0,0.0,0.0
62803,0.0,0.0,0.0,0.0,0.0,1.0,0.0
62806,0.0,0.0,0.0,0.0,0.0,2.0,0.0
63306,0.0,0.0,0.0,0.0,0.0,0.0,0.0
63894,0.0,0.0,0.0,0.0,0.0,1.0,0.0
64394,0.0,0.0,0.0,0.0,0.0,0.0,0.0
64401,0.0,0.0,0.0,0.0,0.0,1.0,0.0
64901,0.0,0.0,0.0,0.0,0.0,0.0,0.0
65772,0.0,0.0,0.0,0.0,0.0,1.0,0.0
66272,0.0,0.0,0.0,0.0,0.0,0.0,0.0
67755,0.0,0.0,0.0,0.0,0.0,1.0,0.0
67759,0.0,0.0,0.0,0.0,0.0,2.0,0.0
68259,0.0,0.0,0.0,0.0,0.0,0.0,0.0
70168,0.0,0.0,0.0,0.0,0.0,1.0,0.0
70668,0.0,0.0,0.0,0.0,0.0,0.0,0.0
70671,0.0,0.0,0.0,0.0,0.0,1.0,0.0
71171,0.0,0.0,0.0,0.0,0.0,0.0,0.0
73071,0.0,0.0,0.0,0.0,0.0,1.0,0.0
73571,0.0,0.0,0.0,0.0,0.0,0.0,0.0
73665,0.0,0.0,0.0,0.0,0.0,1.0,0.0
73916,0.0,0.0,0.0,0.0,0.0,2.0,0.0
73938,0.0,2.0,0.0,0.0,0.0,2.0,0.0
74416,0.0,2.0,0.0,0.0,0.0,0.0,0.0
74438,0.0,0.0,0.0,0.0,0.0,0.0,0.0
75325,0.0,0.0,0.0,0.0,0.0,1.0,0.0
75429,0.0,0.0,0.0,0.0,0.0,2.0,0.0
75929,0.0,0.0,0.0,0.0,0.0,0.0,0.0
76640,0.0,0.0,0.0,0.0,0.0,1.0,0.0
76643,0.0,0.0,0.0,0.0,0.0,2.0,0.0
77143,0.0,0.0,0.0,0.0,0.0,0.0,0.0
77402,0.0,0.0,0.0,0.0,0.0,1.0,0.0
77902,0.0,0.0,0.0,0.0,0.0,0.0,0.0
79267,0.0,0.0,0.0,0.0,0.0,1.0,0.0
79767,0.0,0.0,0.0,0.0,0.0,0.0,0.0
80820,0.0,0.0,0.0,0.0,0.0,1.0,0.0
80846,0.0,0.0,0.0,0.0,0.0,2.0,0.0
81346,0.0,0.0,0.0,0.0,0.0,0.0,0.0
81755,0.0,0.0,0.0,0.0,0.0,1.0,0.0
82255,0.0,0.0,0.0,0.0,0.0,0.0,0.0
82370,0.0,0.0,0.0,0.0,0.0,1.0,0.0
82373,0.0,0.0,0.0,0.0,0.0,2.0,0.0
82873,0.0,0.0,0.0,0.0,0.0,0.0,0.0
83253,0.0,0.0,0.0,0.0,0.0,1.0,0.0
83428,0.0,0.0,0.0,0.0,0.0,2.0,0.0
83928,0.0,0.0,0.0,0.0,0.0,0.0,0.0
84269,0.0,0.0,0.0,0.0,0.0,1.0,0.0
84769,0.0,0.0,0.0,0.0,0.0,0.0,0.0
84817,0.0,0.0,0.0,0.0,0.0,1.0,0.0
85317,0.0,0.0,0.0,0.0,0.0,0.0,0.0
85467,0.0,0.0,0.0,0.0,0.0,1.0,0.0
85647,0.0,2.0,0.0,0.0,0.0,1.0,0.0
85967,0.0,2.0,0.0,0.0,0.0,0.0,0.0
86147,0.0,0.0,0.0,0.0,0.0,0.0,0.0
86188,0.0,0.0,0.0,0.0,0.0,1.0,0.0
86688,0.0,0.0,0.0,0.0,0.0,0.0,0.0
86752,0.0,0.0,0.0,0.0,0.0,1.0,0.0
86775,0.0,0.0,0.0,0.0,0.0,2.0,0.0
87275,0.0,0.0,0.0,0.0,0.0,0.0,0.0
87816,0.0,0.0,0.0,0.0,0.0,1.0,0.0
88316,0.0,0.0,0.0,0.0,0.0,0.0,0.0
88677,0.0,0.0,0.0,0.0,0.0,1.0,0.0
89177,0.0,0.0,0.0,0.0,0.0,0.0,0.0
89466,0.0,0.0,0.0,0.0,0.0,1.0,0.0
89966,0.0,0.0,0.0,0.0,0.0,0.0,0.0
89995,0.0,0.0,0.0,0.0,0.0,1.0,0.0
90495,0.0,0.0,0.0,0.0,0.0,0.0,0.0
90531,0.0,0.0,0.0,0.0,0.0,1.0,0.0
91031,0.0,0.0,0.0,0.0,0.0,0.0,0.0
91283,0.0,0.0,0.0,0.0,0.0,1.0,0.0
91783,0.0,0.0,0.0,0.0,0.0,0.0,0.0
92069,0.0,0.0,0.0,0.0,0.0,1.0,0.0
92569,0.0,0.0,0.0,0.0,0.0,0.0,0.0
93462,0.0,0.0,0.0,0.0,0.0,1.0,0.0
93962,0.0,0.0,0.0,0.0,0.0,0.0,0.0
96048,0.0,0.0,0.0,0.0,0.0,1.0,0.0
96220,0.0,0.0,0.0,0.0,0.0,2.0,0.0
96720,0.0,0.0,0.0,0.0,0.0,0.0,0.0
96896,0.0,0.0,0.0,0.0,0.0,1.0,0.0
97396,0.0,0.0,0.0,0.0,0.0,0.0,0.0
97670,0.0,0.0,0.0,0.0,0.0,1.0,0.0
97750,0.0,0.0,0.0,0.0,0.0,2.0,0.0
98250,0.0,0.0,0.0,0.0,0.0,0.0,0.0
98601,0.0,0.0,0.0,0.0,0.0,1.0,0.0
98729,0.0,0.0,0.0,0.0,0.0,2.0,0.0
99229,0.0,0.0,0.0,0.0,0.0,0.0,0.0
102948,0.0,0.0,0.0,0.0,0.0,1.0,0.0
103448,0.0,0.0,0.0,0.0,0.0,0.0,0.0
104614,0.0,0.0,0.0,0.0,0.0,1.0,0.0
105114,0.0,0.0,0.0,0.0,0.0,0.0,0.0
110591,0.0,0.0,0.0,0.0,0.0,1.0,0.0
110919,0.0,0.0,0.0,0.0,0.0,2.0,0.0
111419,0.0,0.0,0.0,0.0,0.0,0.0,0.0
113521,0.0,0.0,0.0,0.0,0.0,1.0,0.0
114021,0.0,0.0,0.0,0.0,0.0,0.0,0.0
115885,0.0,0.0,0.0,0.0,0.0,1.0,0.0
115886,0.0,0.0,0.0,0.0,0.0,2.0,0.0
116386,0.0,0.0,0.0,0.0,0.0,0.0,0.0
118272,0.0,0.0,0.0,0.0,0.0,1.0,0.0
118772,0.0,0.0,0.0,0.0,0.0,0.0,0.0
119070,0.0,0.0,0.0,0.0,0.0,1.0,0.0
119570,0.0,0.0,0.0,0.0,0.0,0.0,0.0
119917,0.0,0.0,0.0,0.0,0.0,1.0,0.0
120417,0.0,0.0,0.0,0.0,0.0,0.0,0.0
120699,0.0,0.0,0.0,0.0,0.0,1.0,0.0
121199,0.0,0.0,0.0,0.0,0.0,0.0,0.0
121458,0.0,0.0,0.0,0.0,0.0,1.0,0.0
121958,0.0,0.0,0.0,0.0,0.0,0.0,0.0
122959,0.0,0.0,0.0,0.0,0.0,1.0,0.0
123459,0.0,0.0,0.0,0.0,0.0,0.0,0.0
124483,0.0,0.0,0.0,0.0,0.0,1.0,0.0
124983,0.0,0.0,0.0,0.0,0.0,0.0,0.0
125733,0.0,0.0,0.0,0.0,0.0,1.0,0.0
126233,0.0,0.0,0.0,0.0,0.0,0.0,0.0
126605,0.0,0.0,0.0,0.0,0.0,1.0,0.0
127105,0.0,0.0,0.0,0.0,0.0,0.0,0.0
129022,0.0,0.0,0.0,0.0,0.0,1.0,0.0
129522,0.0,0.0,0.0,0.0,0.0,0.0,0.0
129607,0.0,0.0,0.0,0.0,0.0,1.0,0.0
130107,0.0,0.0,0.0,0.0,0.0,0.0,0.0
130552,0.0,0.0,0.0,0.0,0.0,1.0,0.0
131052,0.0,0.0,0.0,0.0,0.0,0.0,0.0
131067,0.0,0.0,0.0,0.0,0.0,1.0,0.0
131567,0.0,0.0,0.0,0.0,0.0,0.0,0.0
132664,0.0,0.0,0.0,0.0,0.0,1.0,0.0
133164,0.0,0.0,0.0,0.0,0.0,0.0,0.0
134885,0.0,0.0,0.0,0.0,0.0,1.0,0.0
135385,0.0,0.0,0.0,0.0,0.0,0.0,0.0
135734,0.0,0.0,0.0,0.0,0.0,1.0,0.0
136234,0.0,0.0,0.0,0.0,0.0,0.0,0.0
139219,0.0,0.0,0.0,0.0,0.0,1.0,0.0
139719,0.0,0.0,0.0,0.0,0.0,0.0,0.0
141162,0.0,0.0,0.0,0.0,0.0,1.0,0.0
141662,0.0,0.0,0.0,0.0,0.0,0.0,0.0
145047,0.0,0.0,0.0,0.0,0.0,1.0,0.0
145067,0.0,0.0,0.0,0.0,0.0,2.0,0.0
145567,0.0,0.0,0.0,0.0,0.0,0.0,0.0
147659,0.0,0.0,0.0,0.0,0.0,1.0,0.0
147664,0.0,0.0,0.0,0.0,0.0,2.0,0.0
148164,0.0,0.0,0.0,0.0,0.0,0.0,0.0
149054,0.0,0.0,0.0,0.0,0.0,1.0,0.0
149554,0.0,0.0,0.0,0.0,0.0,0.0,0.0
151391,0.0,0.0,0.0,0.0,0.0,1.0,0.0
151396,0.0,0.0,0.0,0.0,0.0,2.0,0.0
151896,0.0,0.0,0.0,0.0,0.0,0.0,0.0
156675,0.0,0.0,0.0,0.0,0.0,1.0,0.0
157175,0.0,0.0,0.0,0.0,0.0,0.0,0.0
157517,0.0,0.0,0.0,0.0,0.0,1.0,0.0
158017,0.0,0.0,0.0,0.0,0.0,0.0,0.0
159376,0.0,0.0,0.0,0.0,0.0,1.0,0.0
159379,0.0,0.0,0.0,0.0,0.0,2.0,0.0
159879,0.0,0.0,0.0,0.0,0.0,0.0,0.0
162308,0.0,0.0,0.0,0.0,0.0,1.0,0.0
162808,0.0,0.0,0.0,0.0,0.0,0.0,0.0
162937,0.0,0.0,0.0,0.0,0.0,1.0,0.0
163437,0.0,0.0,0.0,0.0,0.0,0.0,0.0
163978,0.0,0.0,0.0,0.0,0.0,1.0,0.0
164478,0.0,0.0,0.0,0.0,0.0,0.0,0.0
165925,0.0,0.0,0.0,0.0,0.0,1.0,0.0
166425,0.0,0.0,0.0,0.0,0.0,0.0,0.0
168238,0.0,0.0,0.0,0.0,0.0,1.0,0.0
168738,0.0,0.0,0.0,0.0,0.0,0.0,0.0
170908,0.0,0.0,0.0,0.0,0.0,1.0,0.0
170910,0.0,0.0,0.0,0.0,0.0,2.0,0.0
171410,0.0,0.0,0.0,0.0,0.0,0.0,0.0
172750,0.0,0.0,0.0,0.0,0.0,1.0,0.0
173250,0.0,0.0,0.0,0.0,0.0,0.0,0.0
175118,0.0,0.0,0.0,0.0,0.0,1.0,0.0
175618,0.0,0.0,0.0,0.0,0.0,0.0,0.0
176964,0.0,0.0,0.0,0.0,0.0,1.0,0.0
177464,0.0,0.0,0.0,0.0,0.0,0.0,0.0
179803,0.0,0.0,0.0,0.0,0.0,1.0,0.0
180303,0.0,0.0,0.0,0.0,0.0,0.0,0.0
180509,0.0,0.0,0.0,0.0,0.0,1.0,0.0
180512,0.0,0.0,0.0,0.0,0.0,2.0,0.0
181012,0.0,0.0,0.0,0.0,0.0,0.0,0.0
185988,0.0,0.0,0.0,0.0,0.0,1.0,0.0
186488,0.0,0.0,0.0,0.0,0.0,0.0,0.0
187354,0.0,0.0,0.0,0.0,0.0,1.0,0.0
187356,0.0,0.0,0.0,0.0,0.0,2.0,0.0
187856,0.0,0.0,0.0,0.0,0.0,0.0,0.0
187958,0.0,0.0,0.0,0.0,0.0,1.0,0.0
188394,0.0,0.0,0.0,0.0,0.0,2.0,0.0
188894,0.0,0.0,0.0,0.0,0.0,0.0,0.0
190152,0.0,0.0,0.0,0.0,0.0,1.0,0.0
190652,0.0,0.0,0.0,0.0,0.0,0.0,0.0
190770,0.0,0.0,0.0,0.0,0.0,1.0,0.0
191270,0.0,0.0,0.0,0.0,0.0,0.0,0.0
192566,0.0,0.0,0.0,0.0,0.0,1.0,0.0
192568,0.0,0.0,0.0,0.0,0.0,2.0,0.0
193068,0.0,0.0,0.0,0.0,0.0,0.0,0.0
199523,0.0,0.0,0.0,0.0,0.0,1.0,0.0
200000,0.0,0.0,0.0,0.0,0.0,1.0,1.0
200014,0.0,0.0,0.0,0.0,0.0,2.0,1.0
200095,2.0,0.0,0.0,0.0,0.0,2.0,1.0
200168,2.0,0.0,0.0,0.0,1.0,2.0,1.0
200210,2.0,2.0,0.0,0.0,1.0,2.0,1.0
200218,2.0,2.0,0.0,0.0,2.0,2.0,1.0
200500,2.0,2.0,0.0,0.0,2.0,2.0,0.0
200514,2.0,2.0,0.0,0.0,2.0,0.0,0.0
200518,2.0,2.0,0.0,0.0,2.0,1.0,0.0
200595,0.0,2.0,0.0,0.0,2.0,1.0,0.0
200710,0.0,0.0,0.0,0.0,2.0,1.0,0.0
200718,0.0,0.0,0.0,0.0,0.0,1.0,0.0
201018,0.0,0.0,0.0,0.0,0.0,0.0,0.0
201332,0.0,0.0,1.0,0.0,0.0,0.0,0.0
201580,0.0,0.0,1.0,0.0,0.0,1.0,0.0
202080,0.0,0.0,1.0,0.0,0.0,0.0,0.0
202823,0.0,0.0,2.0,0.0,0.0,0.0,0.0
203323,0.0,0.0,0.0,0.0,0.0,0.0,0.0
203440,0.0,0.0,0.0,0.0,0.0,1.0,0.0
203485,0.0,0.0,0.0,0.0,0.0,2.0,0.0
203486,0.0,0.0,1.0,0.0,0.0,2.0,0.0
203985,0.0,0.0,1.0,0.0,0.0,0.0,0.0
203986,0.0,0.0,0.0,0.0,0.0,0.0,0.0
204038,0.0,0.0,0.0,0.0,0.0,1.0,0.0
204125,0.0,0.0,0.0,0.0,0.0,2.0,0.0
204625,0.0,0.0,0.0,0.0,0.0,0.0,0.0
204702,0.0,0.0,0.0,0.0,0.0,1.0,0.0
205202,0.0,0.0,0.0,0.0,0.0,0.0,0.0
205229,0.0,0.0,0.0,0.0,0.0,1.0,0.0
205729,0.0,0.0,0.0,0.0,0.0,0.0,0.0
206078,0.0,0.0,0.0,0.0,0.0,1.0,0.0
206195,0.0,0.0,0.0,0.0,0.0,2.0,0.0
206324,0.0,0.0,1.0,0.0,0.0,2.0,0.0
206695,0.0,0.0,1.0,0.0,0.0,0.0,0.0
206824,0.0,0.0,0.0,0.0,0.0,0.0,0.0
206886,0.0,0.0,0.0,0.0,0.0,1.0,0.0
207386,0.0,0.0,0.0,0.0,0.0,0.0,0.0
207586,0.0,0.0,0.0,0.0,0.0,1.0,0.0
208086,0.0,0.0,0.0,0.0,0.0,0.0,0.0
208256,0.0,0.0,0.0,0.0,0.0,1.0,0.0
208756,0.0,0.0,0.0,0.0,0.0,0.0,0.0
209033,0.0,0.0,0.0,0.0,0.0,1.0,0.0
209533,0.0,0.0,0.0,0.0,0.0,0.0,0.0
210203,0.0,0.0,0.0,0.0,0.0,1.0,0.0
210703,0.0,0.0,0.0,0.0,0.0,0.0,0.0
210787,0.0,0.0,0.0,0.0,0.0,1.0,0.0
211287,0.0,0.0,0.0,0.0,0.0,0.0,0.0
211679,0.0,0.0,0.0,0.0,0.0,1.0,0.0
211682,0.0,0.0,0.0,0.0,0.0,2.0,0.0
212182,0.0,0.0,0.0,0.0,0.0,0.0,0.0
212603,0.0,0.0,0.0,0.0,0.0,1.0,0.0
212610,0.0,0.0,0.0,0.0,0.0,2.0,0.0
213110,0.0,0.0,0.0,0.0,0.0,0.0,0.0
213528,0.0,0.0,0.0,0.0,0.0,1.0,0.0
213560,0.0,0.0,0.0,0.0,0.0,2.0,0.0
214060,0.0,0.0,0.0,0.0,0.0,0.0,0.0
214607,0.0,0.0,0.0,0.0,0.0,1.0,0.0
214611,0.0,0.0,0.0,0.0,0.0,2.0,0.0
215111,0.0,0.0,0.0,0.0,0.0,0.0,0.0
215114,0.0,0.0,0.0,0.0,0.0,1.0,0.0
215614,0.0,0.0,0.0,0.0,0.0,0.0,0.0
216252,0.0,0.0,0.0,0.0,0.0,1.0,0.0
216752,0.0,0.0,0.0,0.0,0.0,0.0,0.0
216850,0.0,0.0,0.0,0.0,0.0,1.0,0.0
217350,0.0,0.0,0.0,0.0,0.0,0.0,0.0
217856,0.0,0.0,0.0,0.0,0.0,1.0,0.0
217881,0.0,0.0,0.0,0.0,0.0,2.0,0.0
218381,0.0,0.0,0.0,0.0,0.0,0.0,0.0
218382,0.0,0.0,0.0,0.0,0.0,1.0,0.0
218882,0.0,0.0,0.0,0.0,0.0,0.0,0.0
220487,0.0,0.0,0.0,0.0,0.0,1.0,0.0
220937,0.0,0.0,0.0,0.0,0.0,2.0,0.0
221437,0.0,0.0,0.0,0.0,0.0,0.0,0.0
221720,0.0,0.0,0.0,0.0,0.0,1.0,0.0
222220,0.0,0.0,0.0,0.0,0.0,0.0,0.0
223200,0.0,0.0,0.0,0.0,0.0,1.0,0.0
223541,0.0,0.0,0.0,0.0,0.0,2.0,0.0
223571,0.0,2.0,0.0,0.0,0.0,2.0,0.0
223636,0.0,2.0,1.0,0.0,0.0,2.0,0.0
224041,0.0,2.0,1.0,0.0,0.0,0.0,0.0
224071,0.0,0.0,1.0,0.0,0.0,0.0,0.0
224595,0.0,0.0,1.0,0.0,1.0,0.0,0.0
225095,0.0,0.0,1.0,0.0,0.0,0.0,0.0
225885,0.0,0.0,1.0,0.0,0.0,1.0,0.0
226385,0.0,0.0,1.0,0.0,0.0,0.0,0.0
228468,0.0,0.0,1.0,0.0,0.0,1.0,0.0
228474,0.0,0.0,1.0,0.0,0.0,2.0,0.0
228974,0.0,0.0,1.0,0.0,0.0,0.0,0.0
229438,0.0,0.0,1.0,0.0,0.0,1.0,0.0
229442,0.0,0.0,1.0,0.0,0.0,2.0,0.0
229942,0.0,0.0,1.0,0.0,0.0,0.0,0.0
230010,0.0,0.0,1.0,0.0,0.0,1.0,0.0
230510,0.0,0.0,1.0,0.0,0.0,0.0,0.0
230537,0.0,0.0,1.0,0.0,0.0,1.0,0.0
231037,0.0,0.0,1.0,0.0,0.0,0.0,0.0
231054,0.0,0.0,1.0,0.0,0.0,1.0,0.0
231554,0.0,0.0,1.0,0.0,0.0,0.0,0.0
232068,0.0,0.0,1.0,0.0,0.0,1.0,0.0
232318,0.0,0.0,1.0,0.0,0.0,2.0,0.0
232818,0.0,0.0,1.0,0.0,0.0,0.0,0.0
233313,0.0,0.0,1.0,0.0,0.0,1.0,0.0
233813,0.0,0.0,1.0,0.0,0.0,0.0,0.0
233944,0.0,0.0,1.0,0.0,0.0,1.0,0.0
234367,0.0,0.0,1.0,0.0,0.0,2.0,0.0
234867,0.0,0.0,1.0,0.0,0.0,0.0,0.0
235014,0.0,0.0,1.0,0.0,0.0,1.0,0.0
235514,0.0,0.0,1.0,0.0,0.0,0.0,0.0
235710,0.0,0.0,1.0,0.0,0.0,1.0,0.0
236210,0.0,0.0,1.0,0.0,0.0,0.0,0.0
236408,0.0,0.0,1.0,0.0,0.0,1.0,0.0
236908,0.0,0.0,1.0,0.0,0.0,0.0,0.0
236963,0.0,0.0,1.0,0.0,0.0,1.0,0.0
237463,0.0,0.0,1.0,0.0,0.0,0.0,0.0
237529,0.0,0.0,1.0,0.0,0.0,1.0,0.0
237855,0.0,0.0,1.0,0.0,0.0,2.0,0.0
238355,0.0,0.0,1.0,0.0,0.0,0.0,0.0
239082,0.0,0.0,1.0,0.0,0.0,1.0,0.0
239582,0.0,0.0,1.0,0.0,0.0,0.0,0.0
239668,0.0,0.0,1.0,0.0,0.0,1.0,0.0
239976,0.0,0.0,1.0,0.0,0.0,2.0,0.0
240476,0.0,0.0,1.0,0.0,0.0,0.0,0.0
240540,0.0,0.0,1.0,0.0,0.0,1.0,0.0
240958,0.0,0.0,1.0,0.0,0.0,2.0,0.0
241458,0.0,0.0,1.0,0.0,0.0,0.0,0.0
241878,0.0,0.0,1.0,0.0,1.0,0.0,0.0
241930,0.0,0.0,1.0,0.0,1.0,1.0,0.0
242378,0.0,0.0,1.0,0.0,0.0,1.0,0.0
242430,0.0,0.0,1.0,0.0,0.0,0.0,0.0
242723,0.0,0.0,1.0,0.0,0.0,1.0,0.0
243032,0.0,0.0,1.0,0.0,0.0,2.0,0.0
243532,0.0,0.0,1.0,0.0,0.0,0.0,0.0
243797,0.0,0.0,1.0,0.0,0.0,1.0,0.0
243805,0.0,0.0,1.0,0.0,0.0,2.0,0.0
244305,0.0,0.0,1.0,0.0,0.0,0.0,0.0
244308,0.0,0.0,1.0,0.0,0.0,1.0,0.0
244808,0.0,0.0,1.0,0.0,0.0,0.0,0.0
245278,0.0,0.0,1.0,0.0,0.0,1.0,0.0
245343,0.0,0.0,1.0,0.0,0.0,2.0,0.0
245843,0.0,0.0,1.0,0.0,0.0,0.0,0.0
246747,0.0,0.0,1.0,0.0,0.0,1.0,0.0
246751,0.0,0.0,1.0,0.0,0.0,2.0,0.0
247251,0.0,0.0,1.0,0.0,0.0,0.0,0.0
247472,0.0,0.0,1.0,0.0,0.0,1.0,0.0
247728,0.0,0.0,1.0,0.0,0.0,2.0,0.0
248228,0.0,0.0,1.0,0.0,0.0,0.0,0.0
248613,0.0,0.0,1.0,0.0,0.0,1.0,0.0
249113,0.0,0.0,1.0,0.0,0.0,0.0,0.0
249339,0.0,0.0,1.0,0.0,0.0,1.0,0.0
249839,0.0,0.0,1.0,0.0,0.0,0.0,0.0
249945,0.0,0.0,1.0,0.0,0.0,1.0,0.0
250445,0.0,0.0,1.0,0.0,0.0,0.0,0.0
250733,0.0,0.0,1.0,0.0,0.0,1.0,0.0
251233,0.0,0.0,1.0,0.0,0.0,0.0,0.0
251779,0.0,0.0,1.0,0.0,0.0,1.0,0.0
251859,0.0,0.0,1.0,0.0,0.0,2.0,0.0
252359,0.0,0.0,1.0,0.0,0.0,0.0,0.0
252484,0.0,0.0,1.0,0.0,0.0,1.0,0.0
252984,0.0,0.0,1.0,0.0,0.0,0.0,0.0
253273,0.0,0.0,1.0,0.0,0.0,1.0,0.0
253773,0.0,0.0,1.0,0.0,0.0,0.0,0.0
254977,0.0,0.0,1.0,0.0,0.0,1.0,0.0
255477,0.0,0.0,1.0,0.0,0.0,0.0,0.0
255855,0.0,0.0,1.0,0.0,0.0,1.0,0.0
256088,0.0,0.0,1.0,0.0,0.0,2.0,0.0
256588,0.0,0.0,1.0,0.0,0.0,0.0,0.0
257084,0.0,0.0,1.0,0.0,0.0,1.0,0.0
257538,0.0,0.0,1.0,0.0,0.0,2.0,0.0
258038,0.0,0.0,1.0,0.0,0.0,0.0,0.0
258139,0.0,0.0,1.0,0.0,0.0,1.0,0.0
258639,0.0,0.0,1.0,0.0,0.0,0.0,0.0
259450,0.0,0.0,1.0,0.0,0.0,1.0,0.0
259900,0.0,0.0,1.0,0.0,0.0,2.0,0.0
259990,0.0,0.0,1.0,0.0,1.0,2.0,0.0
260400,0.0,0.0,1.0,0.0,1.0,0.0,0.0
260490,0.0,0.0,1.0,0.0,0.0,0.0,0.0
260503,0.0,0.0,1.0,0.0,0.0,1.0,0.0
260776,0.0,0.0,1.0,0.0,0.0,2.0,0.0
261276,0.0,0.0,1.0,0.0,0.0,0.0,0.0
262018,0.0,0.0,1.0,0.0,0.0,1.0,0.0
262021,0.0,0.0,1.0,0.0,0.0,2.0,0.0
262521,0.0,0.0,1.0,0.0,0.0,0.0,0.0
263284,0.0,0.0,1.0,0.0,0.0,1.0,0.0
263293,0.0,0.0,1.0,0.0,0.0,2.0,0.0
263793,0.0,0.0,1.0,0.0,0.0,0.0,0.0
265060,0.0,0.0,1.0,0.0,0.0,1.0,0.0
265560,0.0,0.0,1.0,0.0,0.0,0.0,0.0
265932,0.0,0.0,1.0,0.0,0.0,1.0,0.0
266432,0.0,0.0,1.0,0.0,0.0,0.0,0.0
266637,0.0,0.0,1.0,0.0,0.0,1.0,0.0
267137,0.0,0.0,1.0,0.0,0.0,0.0,0.0
267270,0.0,0.0,1.0,0.0,0.0,1.0,0.0
267273,0.0,0.0,1.0,0.0,0.0,2.0,0.0
267773,0.0,0.0,1.0,0.0,0.0,0.0,0.0
267917,0.0,0.0,1.0,0.0,0.0,1.0,0.0
268133,0.0,0.0,1.0,0.0,0.0,2.0,0.0
268633,0.0,0.0,1.0,0.0,0.0,0.0,0.0
268649,0.0,0.0,1.0,0.0,0.0,1.0,0.0
269149,0.0,0.0,1.0,0.0,0.0,0.0,0.0
269604,0.0,0.0,1.0,0.0,0.0,1.0,0.0
269609,0.0,0.0,1.0,0.0,0.0,2.0,0.0
270109,0.0,0.0,1.0,0.0,0.0,0.0,0.0
270167,0.0,0.0,1.0,0.0,0.0,1.0,0.0
270667,0.0,0.0,1.0,0.0,0.0,0.0,0.0
270827,0.0,0.0,1.0,0.0,0.0,1.0,0.0
270934,0.0,0.0,1.0,0.0,0.0,2.0,0.0
271434,0.0,0.0,1.0,0.0,0.0,0.0,0.0
271567,0.0,0.0,1.0,0.0,0.0,1.0,0.0
271571,0.0,0.0,1.0,0.0,0.0,2.0,0.0
272071,0.0,0.0,1.0,0.0,0.0,0.0,0.0
272328,0.0,0.0,1.0,0.0,0.0,1.0,0.0
272336,0.0,0.0,1.0,0.0,1.0,1.0,0.0
272353,0.0,0.0,1.0,0.0,1.0,2.0,0.0
272836,0.0,0.0,1.0,0.0,0.0,2.0,0.0
272853,0.0,0.0,1.0,0.0,0.0,0.0,0.0
274097,0.0,0.0,1.0,0.0,0.0,1.0,0.0
274404,0.0,0.0,1.0,0.0,0.0,2.0,0.0
274904,0.0,0.0,1.0,0.0,0.0,0.0,0.0
275481,0.0,0.0,1.0,0.0,1.0,0.0,0.0
275624,0.0,0.0,1.0,0.0,1.0,1.0,0.0
275981,0.0,0.0,1.0,0.0,0.0,1.0,0.0
276124,0.0,0.0,1.0,0.0,0.0,0.0,0.0
276172,0.0,0.0,1.0,0.0,0.0,1.0,0.0
276597,0.0,0.0,1.0,0.0,0.0,2.0,0.0
277097,0.0,0.0,1.0,0.0,0.0,0.0,0.0
277687,0.0,0.0,1.0,0.0,0.0,1.0,0.0
277694,0.0,0.0,1.0,0.0,0.0,2.0,0.0
278194,0.0,0.0,1.0,0.0,0.0,0.0,0.0
278554,0.0,0.0,1.0,0.0,0.0,1.0,0.0
278563,0.0,0.0,1.0,0.0,0.0,2.0,0.0
279063,0.0,0.0,1.0,0.0,0.0,0.0,0.0
279837,0.0,0.0,1.0,0.0,0.0,1.0,0.0
280337,0.0,0.0,1.0,0.0,0.0,0.0,0.0
280494,0.0,0.0,1.0,0.0,0.0,1.0,0.0
280994,0.0,0.0,1.0,0.0,0.0,0.0,0.0
281070,0.0,0.0,1.0,0.0,0.0,1.0,0.0
281570,0.0,0.0,1.0,0.0,0.0,0.0,0.0
282093,0.0,0.0,1.0,0.0,0.0,1.0,0.0
282593,0.0,0.0,1.0,0.0,0.0,0.0,0.0
282703,0.0,0.0,1.0,0.0,0.0,1.0,0.0
282706,0.0,0.0,1.0,0.0,0.0,2.0,0.0
283206,0.0,0.0,1.0,0.0,0.0,0.0,0.0
283207,0.0,0.0,1.0,0.0,0.0,1.0,0.0
283226,0.0,0.0,1.0,0.0,0.0,2.0,0.0
283726,0.0,0.0,1.0,0.0,0.0,0.0,0.0
283742,0.0,0.0,1.0,0.0,0.0,1.0,0.0
283752,0.0,0.0,1.0,0.0,0.0,2.0,0.0
284252,0.0,0.0,1.0,0.0,0.0,0.0,0.0
284455,0.0,0.0,1.0,0.0,0.0,1.0,0.0
284463,0.0,0.0,1.0,0.0,0.0,2.0,0.0
284963,0.0,0.0,1.0,0.0,0.0,0.0,0.0
284983,0.0,0.0,1.0,0.0,0.0,1.0,0.0
285483,0.0,0.0,1.0,0.0,0.0,0.0,0.0
286259,0.0,0.0,1.0,0.0,0.0,1.0,0.0
286269,0.0,0.0,1.0,0.0,0.0,2.0,0.0
286769,0.0,0.0,1.0,0.0,0.0,0.0,0.0
286895,0.0,0.0,1.0,0.0,0.0,1.0,0.0
287017,0.0,0.0,1.0,0.0,0.0,2.0,0.0
287517,0.0,0.0,1.0,0.0,0.0,0.0,0.0
288465,0.0,0.0,1.0,0.0,0.0,1.0,0.0
288965,0.0,0.0,1.0,0.0,0.0,0.0,0.0
290883,0.0,0.0,1.0,0.0,0.0,1.0,0.0
290889,0.0,0.0,1.0,0.0,0.0,2.0,0.0
291389,0.0,0.0,1.0,0.0,0.0,0.0,0.0
291602,0.0,0.0,1.0,0.0,0.0,1.0,0.0
292041,0.0,0.0,1.0,0.0,0.0,2.0,0.0
292541,0.0,0.0,1.0,0.0,0.0,0.0,0.0
292701,0.0,0.0,1.0,0.0,0.0,1.0,0.0
293201,0.0,0.0,1.0,0.0,0.0,0.0,0.0
293203,0.0,0.0,1.0,0.0,0.0,1.0,0.0
293447,0.0,0.0,1.0,0.0,0.0,2.0,0.0
293947,0.0,0.0,1.0,0.0,0.0,0.0,0.0
294459,0.0,0.0,1.0,0.0,0.0,1.0,0.0
294480,0.0,0.0,1.0,0.0,0.0,2.0,0.0
294980,0.0,0.0,1.0,0.0,0.0,0.0,0.0
295620,0.0,0.0,1.0,0.0,0.0,1.0,0.0
296120,0.0,0.0,1.0,0.0,0.0,0.0,0.0
296219,0.0,0.0,1.0,0.0,0.0,1.0,0.0
296243,0.0,0.0,1.0,0.0,0.0,2.0,0.0
296743,0.0,0.0,1.0,0.0,0.0,0.0,0.0
296885,0.0,0.0,1.0,0.0,0.0,1.0,0.0
297385,0.0,0.0,1.0,0.0,0.0,0.0,0.0
298136,0.0,0.0,0.0,0.0,0.0,0.0,0.0
298590,0.0,0.0,0.0,0.0,0.0,1.0,0.0
298656,0.0,0.0,1.0,0.0,0.0,1.0,0.0
299090,0.0,0.0,1.0,0.0,0.0,0.0,0.0
299156,0.0,0.0,0.0,0.0,0.0,0.0,0.0
299589,0.0,0.0,0.0,0.0,0.0,1.0,0.0
300089,0.0,0.0,0.0,0.0,0.0,0.0,0.0
302595,0.0,0.0,0.0,0.0,0.0,1.0,0.0
303095,0.0,0.0,0.0,0.0,0.0,0.0,0.0
304234,0.0,0.0,0.0,0.0,0.0,1.0,0.0
304734,0.0,0.0,0.0,0.0,0.0,0.0,0.0
305046,0.0,0.0,0.0,0.0,0.0,1.0,0.0
305546,0.0,0.0,0.0,0.0,0.0,0.0,0.0
305993,0.0,0.0,0.0,0.0,0.0,1.0,0.0
306493,0.0,0.0,0.0,0.0,0.0,0.0,0.0
306618,0.0,0.0,0.0,0.0,0.0,1.0,0.0
307118,0.0,0.0,0.0,0.0,0.0,0.0,0.0
308043,0.0,0.0,0.0,0.0,0.0,1.0,0.0
308543,0.0,0.0,0.0,0.0,0.0,0.0,0.0
310232,0.0,0.0,0.0,0.0,0.0,1.0,0.0
310732,0.0,0.0,0.0,0.0,0.0,0.0,0.0
312992,0.0,0.0,0.0,0.0,0.0,1.0,0.0
313492,0.0,0.0,0.0,0.0,0.0,0.0,0.0
317496,0.0,0.0,0.0,0.0,0.0,1.0,0.0
317996,0.0,0.0,0.0,0.0,0.0,0.0,0.0
320347,0.0,0.0,0.0,0.0,0.0,1.0,0.0
320361,0.0,0.0,0.0,0.0,0.0,2.0,0.0
320861,0.0,0.0,0.0,0.0,0.0,0.0,0.0
322711,0.0,0.0,0.0,0.0,0.0,1.0,0.0
323211,0.0,0.0,0.0,0.0,0.0,0.0,0.0
323452,0.0,0.0,0.0,0.0,0.0,1.0,0.0
323952,0.0,0.0,0.0,0.0,0.0,0.0,0.0
324572,0.0,0.0,0.0,0.0,0.0,1.0,0.0
325072,0.0,0.0,0.0,0.0,0.0,0.0,0.0
327725,0.0,0.0,0.0,0.0,0.0,1.0,0.0
328152,0.0,0.0,0.0,0.0,0.0,2.0,0.0
328652,0.0,0.0,0.0,0.0,0.0,0.0,0.0
330595,0.0,0.0,0.0,0.0,0.0,1.0,0.0
331095,0.0,0.0,0.0,0.0,0.0,0.0,0.0
332849,0.0,0.0,0.0,0.0,0.0,1.0,0.0
333037,0.0,0.0,0.0,0.0,0.0,2.0,0.0
333537,0.0,0.0,0.0,0.0,0.0,0.0,0.0
335488,0.0,0.0,0.0,0.0,0.0,1.0,0.0
335943,0.0,0.0,0.0,0.0,1.0,1.0,0.0
335988,0.0,0.0,0.0,0.0,1.0,0.0,0.0
336443,0.0,0.0,0.0,0.0,0.0,0.0,0.0
336884,0.0,0.0,0.0,0.0,0.0,1.0,0.0
337384,0.0,0.0,0.0,0.0,0.0,0.0,0.0
337798,0.0,0.0,0.0,0.0,0.0,1.0,0.0
338298,0.0,0.0,0.0,0.0,0.0,0.0,0.0
338426,0.0,0.0,0.0,0.0,0.0,1.0,0.0
338926,0.0,0.0,0.0,0.0,0.0,0.0,0.0
339790,0.0,0.0,0.0,0.0,0.0,1.0,0.0
339797,0.0,0.0,0.0,0.0,0.0,2.0,0.0
340297,0.0,0.0,0.0,0.0,0.0,0.0,0.0
344388,0.0,0.0,0.0,0.0,0.0,1.0,0.0
344888,0.0,0.0,0.0,0.0,0.0,0.0,0.0
346646,0.0,0.0,0.0,0.0,0.0,1.0,0.0
347146,0.0,0.0,0.0,0.0,0.0,0.0,0.0
347576,0.0,0.0,0.0,0.0,0.0,1.0,0.0
348076,0.0,0.0,0.0,0.0,0.0,0.0,0.0
355211,0.0,0.0,0.0,0.0,0.0,1.0,0.0
355213,0.0,0.0,0.0,0.0,0.0,2.0,0.0
355713,0.0,0.0,0.0,0.0,0.0,0.0,0.0
362433,0.0,0.0,0.0,0.0,0.0,1.0,0.0
362435,0.0,0.0,0.0,0.0,0.0,2.0,0.0
362935,0.0,0.0,0.0,0.0,0.0,0.0,0.0
368344,0.0,0.0,0.0,0.0,0.0,1.0,0.0
368346,0.0,0.0,0.0,0.0,0.0,2.0,0.0
368846,0.0,0.0,0.0,0.0,0.0,0.0,0.0
369719,0.0,0.0,0.0,0.0,0.0,1.0,0.0
370219,0.0,0.0,0.0,0.0,0.0,0.0,0.0
372128,0.0,0.0,0.0,0.0,0.0,1.0,0.0
372129,0.0,0.0,0.0,0.0,0.0,2.0,0.0
372629,0.0,0.0,0.0,0.0,0.0,0.0,0.0
372980,0.0,0.0,0.0,0.0,0.0,1.0,0.0
373480,0.0,0.0,0.0,0.0,0.0,0.0,0.0
374225,0.0,0.0,0.0,0.0,0.0,1.0,0.0
374226,0.0,0.0,0.0,0.0,0.0,2.0,0.0
374726,0.0,0.0,0.0,0.0,0.0,0.0,0.0
379657,0.0,0.0,0.0,0.0,0.0,1.0,0.0
380157,0.0,0.0,0.0,0.0,0.0,0.0,0.0
380593,0.0,0.0,0.0,0.0,0.0,1.0,0.0
381093,0.0,0.0,0.0,0.0,0.0,0.0,0.0
382249,0.0,0.0,0.0,0.0,0.0,1.0,0.0
382251,0.0,0.0,0.0,0.0,0.0,2.0,0.0
382751,0.0,0.0,0.0,0.0,0.0,0.0,0.0
383662,0.0,0.0,0.0,0.0,0.0,1.0,0.0
383664,0.0,0.0,0.0,0.0,0.0,2.0,0.0
384164,0.0,0.0,0.0,0.0,0.0,0.0,0.0
391053,0.0,0.0,0.0,0.0,0.0,1.0,0.0
391553,0.0,0.0,0.0,0.0,0.0,0.0,0.0
393699,0.0,0.0,0.0,0.0,0.0,1.0,0.0
394199,0.0,0.0,0.0,0.0,0.0,0.0,0.0
394829,0.0,0.0,0.0,0.0,0.0,1.0,0.0
394831,0.0,0.0,0.0,0.0,0.0,2.0,0.0
395331,0.0,0.0,0.0,0.0,0.0,0.0,0.0
398777,0.0,0.0,0.0,0.0,0.0,1.0,0.0
399277,0.0,0.0,0.0,0.0,0.0,0.0,0.0
400000,0.0,0.0,0.0,0.0,0.0,0.0,1.0
400016,0.0,0.0,0.0,0.0,0.0,1.0,1.0
400020,0.0,0.0,0.0,0.0,0.0,2.0,1.0
400063,2.0,0.0,0.0,0.0,0.0,2.0,1.0
400265,2.0,0.0,0.0,0.0,1.0,2.0,1.0
400323,2.0,2.0,0.0,0.0,1.0,2.0,1.0
400343,2.0,2.0,0.0,0.0,2.0,2.0,1.0
400500,2.0,2.0,0.0,0.0,2.0,2.0,0.0
400520,2.0,2.0,0.0,0.0,2.0,0.0,0.0
400563,0.0,2.0,0.0,0.0,2.0,0.0,0.0
400613,0.0,2.0,0.0,0.0,2.0,1.0,0.0
400700,0.0,2.0,0.0,0.0,2.0,2.0,0.0
400823,0.0,0.0,0.0,0.0,2.0,2.0,0.0
400843,0.0,0.0,0.0,0.0,0.0,2.0,0.0
401200,0.0,0.0,0.0,0.0,0.0,0.0,0.0
401646,0.0,0.0,1.0,0.0,0.0,0.0,0.0
402083,0.0,0.0,1.0,0.0,0.0,1.0,0.0
402086,0.0,0.0,1.0,0.0,0.0,2.0,0.0
402586,0.0,0.0,1.0,0.0,0.0,0.0,0.0
402904,0.0,0.0,1.0,0.0,0.0,1.0,0.0
403071,0.0,0.0,2.0,0.0,0.0,1.0,0.0
403404,0.0,0.0,2.0,0.0,0.0,0.0,0.0
403563,0.0,0.0,2.0,0.0,0.0,1.0,0.0
403571,0.0,0.0,1.0,0.0,0.0,1.0,0.0
404063,0.0,0.0,1.0,0.0,0.0,0.0,0.0
404071,0.0,0.0,0.0,0.0,0.0,0.0,0.0
404073,0.0,0.0,1.0,0.0,0.0,0.0,0.0
404083,0.0,0.0,1.0,0.0,0.0,1.0,0.0
404583,0.0,0.0,1.0,0.0,0.0,0.0,0.0
404941,0.0,0.0,1.0,0.0,0.0,1.0,0.0
404944,0.0,0.0,1.0,0.0,0.0,2.0,0.0
405444,0.0,0.0,1.0,0.0,0.0,0.0,0.0
405917,0.0,0.0,1.0,0.0,0.0,1.0,0.0
405940,0.0,0.0,1.0,0.0,0.0,2.0,0.0
406421,0.0,2.0,1.0,0.0,0.0,2.0,0.0
406440,0.0,2.0,1.0,0.0,0.0,0.0,0.0
406921,0.0,0.0,1.0,0.0,0.0,0.0,0.0
407592,0.0,0.0,1.0,0.0,0.0,1.0,0.0
407987,0.0,0.0,1.0,0.0,0.0,2.0,0.0
408487,0.0,0.0,1.0,0.0,0.0,0.0,0.0
408573,0.0,0.0,0.0,0.0,0.0,0.0,0.0
408659,0.0,0.0,1.0,0.0,0.0,0.0,0.0
408975,0.0,0.0,1.0,0.0,0.0,1.0,0.0
409475,0.0,0.0,1.0,0.0,0.0,0.0,0.0
409659,0.0,2.0,1.0,0.0,0.0,0.0,0.0
410159,0.0,0.0,1.0,0.0,0.0,0.0,0.0
410177,0.0,0.0,1.0,0.0,0.0,1.0,0.0
410677,0.0,0.0,1.0,0.0,0.0,0.0,0.0
411266,0.0,0.0,1.0,0.0,0.0,1.0,0.0
411766,0.0,0.0,1.0,0.0,0.0,0.0,0.0
412635,0.0,0.0,1.0,0.0,0.0,1.0,0.0
412639,0.0,0.0,1.0,0.0,0.0,2.0,0.0
413139,0.0,0.0,1.0,0.0,0.0,0.0,0.0
413586,0.0,0.0,1.0,0.0,0.0,1.0,0.0
413616,0.0,0.0,1.0,0.0,0.0,2.0,0.0
414116,0.0,0.0,1.0,0.0,0.0,0.0,0.0
414167,0.0,0.0,1.0,0.0,0.0,1.0,0.0
414667,0.0,0.0,1.0,0.0,0.0,0.0,0.0
415639,0.0,0.0,1.0,0.0,0.0,1.0,0.0
415983,0.0,0.0,1.0,0.0,0.0,2.0,0.0
416483,0.0,0.0,1.0,0.0,0.0,0.0,0.0
417101,0.0,0.0,1.0,0.0,0.0,1.0,0.0
417287,0.0,0.0,1.0,0.0,0.0,2.0,0.0
417633,0.0,0.0,1.0,0.0,1.0,2.0,0.0
417787,0.0,0.0,1.0,0.0,1.0,0.0,0.0
417964,0.0,0.0,1.0,0.0,1.0,1.0,0.0
417967,0.0,0.0,1.0,0.0,1.0,2.0,0.0
418133,0.0,0.0,1.0,0.0,0.0,2.0,0.0
418467,0.0,0.0,1.0,0.0,0.0,0.0,0.0
418540,0.0,0.0,1.0,0.0,0.0,1.0,0.0
419040,0.0,0.0,1.0,0.0,0.0,0.0,0.0
420717,0.0,0.0,1.0,0.0,0.0,1.0,0.0
421217,0.0,0.0,1.0,0.0,0.0,0.0,0.0
421825,0.0,0.0,1.0,0.0,0.0,1.0,0.0
422325,0.0,0.0,1.0,0.0,0.0,0.0,0.0
422982,0.0,0.0,1.0,0.0,0.0,1.0,0.0
423482,0.0,0.0,1.0,0.0,0.0,0.0,0.0
424034,0.0,0.0,1.0,0.0,0.0,1.0,0.0
424534,0.0,0.0,1.0,0.0,0.0,0.0,0.0
424659,0.0,0.0,0.0,0.0,0.0,0.0,0.0
424851,0.0,0.0,0.0,0.0,0.0,1.0,0.0
424953,0.0,0.0,1.0,0.0,0.0,1.0,0.0
425120,0.0,0.0,1.0,0.0,0.0,2.0,0.0
425620,0.0,0.0,1.0,0.0,0.0,0.0,0.0
426560,0.0,0.0,1.0,0.0,0.0,1.0,0.0
426624,0.0,0.0,1.0,0.0,0.0,2.0,0.0
427124,0.0,0.0,1.0,0.0,0.0,0.0,0.0
428546,0.0,0.0,1.0,0.0,0.0,1.0,0.0
428549,0.0,0.0,1.0,0.0,0.0,2.0,0.0
429049,0.0,0.0,1.0,0.0,0.0,0.0,0.0
429337,0.0,0.0,1.0,0.0,0.0,1.0,0.0
429837,0.0,0.0,1.0,0.0,0.0,0.0,0.0
430008,0.0,0.0,1.0,0.0,0.0,1.0,0.0
430508,0.0,0.0,1.0,0.0,0.0,0.0,0.0
430642,0.0,0.0,1.0,0.0,0.0,1.0,0.0
431142,0.0,0.0,1.0,0.0,0.0,0.0,0.0
431235,0.0,0.0,1.0,0.0,0.0,1.0,0.0
431623,0.0,0.0,1.0,0.0,0.0,2.0,0.0
432123,0.0,0.0,1.0,0.0,0.0,0.0,0.0
432333,0.0,2.0,1.0,0.0,0.0,0.0,0.0
432833,0.0,0.0,1.0,0.0,0.0,0.0,0.0
433415,0.0,0.0,1.0,0.0,0.0,1.0,0.0
433426,0.0,0.0,1.0,0.0,0.0,2.0,0.0
433926,0.0,0.0,1.0,0.0,0.0,0.0,0.0
434002,0.0,0.0,1.0,0.0,0.0,1.0,0.0
434502,0.0,0.0,1.0,0.0,0.0,0.0,0.0
434612,0.0,0.0,1.0,0.0,0.0,1.0,0.0
434643,0.0,0.0,1.0,0.0,0.0,2.0,0.0
435143,0.0,0.0,1.0,0.0,0.0,0.0,0.0
436442,0.0,0.0,1.0,0.0,0.0,1.0,0.0
436445,0.0,0.0,1.0,0.0,0.0,2.0,0.0
436945,0.0,0.0,1.0,0.0,0.0,0.0,0.0
437375,0.0,0.0,1.0,0.0,0.0,1.0,0.0
437875,0.0,0.0,1.0,0.0,0.0,0.0,0.0
437882,0.0,0.0,1.0,0.0,0.0,1.0,0.0
437889,0.0,0.0,1.0,0.0,0.0,2.0,0.0
438389,0.0,0.0,1.0,0.0,0.0,0.0,0.0
439290,0.0,0.0,1.0,0.0,0.0,1.0,0.0
439753,0.0,0.0,1.0,0.0,0.0,2.0,0.0
440253,0.0,0.0,1.0,0.0,0.0,0.0,0.0
440829,0.0,0.0,1.0,0.0,0.0,1.0,0.0
441329,0.0,0.0,1.0,0.0,0.0,0.0,0.0
441416,0.0,0.0,1.0,0.0,0.0,1.0,0.0
441422,0.0,0.0,1.0,0.0,0.0,2.0,0.0
441922,0.0,0.0,1.0,0.0,0.0,0.0,0.0
442083,0.0,0.0,1.0,0.0,0.0,1.0,0.0
442086,0.0,0.0,1.0,0.0,0.0,2.0,0.0
442586,0.0,0.0,1.0,0.0,0.0,0.0,0.0
443294,0.0,0.0,1.0,0.0,0.0,1.0,0.0
443794,0.0,0.0,1.0,0.0,0.0,0.0,0.0
446053,0.0,0.0,1.0,0.0,0.0,1.0,0.0
446055,0.0,0.0,1.0,0.0,0.0,2.0,0.0
446555,0.0,0.0,1.0,0.0,0.0,0.0,0.0
446760,0.0,0.0,1.0,0.0,0.0,1.0,0.0
447260,0.0,0.0,1.0,0.0,0.0,0.0,0.0
447935,0.0,0.0,1.0,0.0,0.0,1.0,0.0
448435,0.0,0.0,1.0,0.0,0.0,0.0,0.0
449662,0.0,0.0,1.0,0.0,0.0,1.0,0.0
449666,0.0,0.0,1.0,0.0,0.0,2.0,0.0
450166,0.0,0.0,1.0,0.0,0.0,0.0,0.0
450288,0.0,0.0,1.0,0.0,0.0,1.0,0.0
450788,0.0,0.0,1.0,0.0,0.0,0.0,0.0
451685,0.0,0.0,1.0,0.0,0.0,1.0,0.0
452185,0.0,0.0,1.0,0.0,0.0,0.0,0.0
452536,0.0,0.0,1.0,0.0,0.0,1.0,0.0
453036,0.0,0.0,1.0,0.0,0.0,0.0,0.0
453157,0.0,0.0,1.0,0.0,0.0,1.0,0.0
453657,0.0,0.0,1.0,0.0,0.0,0.0,0.0
453959,0.0,0.0,1.0,0.0,0.0,1.0,0.0
454015,0.0,0.0,1.0,0.0,0.0,2.0,0.0
454515,0.0,0.0,1.0,0.0,0.0,0.0,0.0
455012,0.0,0.0,1.0,0.0,0.0,1.0,0.0
455512,0.0,0.0,1.0,0.0,0.0,0.0,0.0
455513,0.0,0.0,1.0,0.0,0.0,1.0,0.0
456013,0.0,0.0,1.0,0.0,0.0,0.0,0.0
456066,0.0,0.0,1.0,0.0,0.0,1.0,0.0
456069,0.0,0.0,1.0,0.0,0.0,2.0,0.0
456437,0.0,2.0,1.0,0.0,0.0,2.0,0.0
456569,0.0,2.0,1.0,0.0,0.0,0.0,0.0
456937,0.0,0.0,1.0,0.0,0.0,0.0,0.0
457753,0.0,0.0,1.0,0.0,0.0,1.0,0.0
457756,0.0,0.0,1.0,0.0,0.0,2.0,0.0
458256,0.0,0.0,1.0,0.0,0.0,0.0,0.0
459437,0.0,0.0,1.0,0.0,0.0,1.0,0.0
459441,0.0,0.0,1.0,0.0,0.0,2.0,0.0
459941,0.0,0.0,1.0,0.0,0.0,0.0,0.0
460094,0.0,0.0,1.0,0.0,0.0,1.0,0.0
460594,0.0,0.0,1.0,0.0,0.0,0.0,0.0
461906,0.0,0.0,1.0,0.0,0.0,1.0,0.0
462406,0.0,0.0,1.0,0.0,0.0,0.0,0.0
463714,0.0,0.0,1.0,0.0,0.0,1.0,0.0
464214,0.0,0.0,1.0,0.0,0.0,0.0,0.0
464747,0.0,0.0,1.0,0.0,0.0,1.0,0.0
465247,0.0,0.0,1.0,0.0,0.0,0.0,0.0
465444,0.0,0.0,1.0,0.0,0.0,1.0,0.0
465944,0.0,0.0,1.0,0.0,0.0,0.0,0.0
466058,0.0,0.0,1.0,0.0,0.0,1.0,0.0
466111,0.0,0.0,1.0,0.0,0.0,2.0,0.0
466611,0.0,0.0,1.0,0.0,0.0,0.0,0.0
466812,0.0,0.0,1.0,0.0,0.0,1.0,0.0
467023,0.0,0.0,1.0,0.0,0.0,2.0,0.0
467523,0.0,0.0,1.0,0.0,0.0,0.0,0.0
467601,0.0,0.0,1.0,0.0,0.0,1.0,0.0
467772,0.0,0.0,1.0,0.0,0.0,2.0,0.0
468272,0.0,0.0,1.0,0.0,0.0,0.0,0.0
468317,0.0,0.0,1.0,0.0,0.0,1.0,0.0
468320,0.0,0.0,1.0,0.0,0.0,2.0,0.0
468820,0.0,0.0,1.0,0.0,0.0,0.0,0.0
468918,0.0,2.0,1.0,0.0,0.0,0.0,0.0
469041,0.0,2.0,1.0,0.0,0.0,1.0,0.0
469418,0.0,0.0,1.0,0.0,0.0,1.0,0.0
469541,0.0,0.0,1.0,0.0,0.0,0.0,0.0
469774,0.0,0.0,1.0,0.0,0.0,1.0,0.0
469980,0.0,0.0,1.0,0.0,0.0,2.0,0.0
470480,0.0,0.0,1.0,0.0,0.0,0.0,0.0
470495,0.0,0.0,1.0,0.0,0.0,1.0,0.0
470498,0.0,0.0,1.0,0.0,0.0,2.0,0.0
470998,0.0,0.0,1.0,0.0,0.0,0.0,0.0
471338,0.0,0.0,1.0,0.0,0.0,1.0,0.0
471838,0.0,0.0,1.0,0.0,0.0,0.0,0.0
473224,0.0,2.0,1.0,0.0,0.0,0.0,0.0
473724,0.0,0.0,1.0,0.0,0.0,0.0,0.0
473964,0.0,0.0,1.0,0.0,0.0,1.0,0.0
474464,0.0,0.0,1.0,0.0,0.0,0.0,0.0
474658,0.0,0.0,1.0,0.0,0.0,1.0,0.0
474677,0.0,0.0,1.0,0.0,0.0,2.0,0.0
475177,0.0,0.0,1.0,0.0,0.0,0.0,0.0
475275,0.0,0.0,1.0,0.0,0.0,1.0,0.0
475775,0.0,0.0,1.0,0.0,0.0,0.0,0.0
476340,0.0,0.0,1.0,0.0,0.0,1.0,0.0
476349,0.0,0.0,1.0,0.0,0.0,2.0,0.0
476849,0.0,0.0,1.0,0.0,0.0,0.0,0.0
477074,0.0,0.0,1.0,0.0,0.0,1.0,0.0
477567,0.0,2.0,1.0,0.0,0.0,1.0,0.0
477574,0.0,2.0,1.0,0.0,0.0,0.0,0.0
478067,0.0,0.0,1.0,0.0,0.0,0.0,0.0
478078,0.0,0.0,1.0,0.0,0.0,1.0,0.0
478085,0.0,0.0,1.0,0.0,0.0,2.0,0.0
478585,0.0,0.0,1.0,0.0,0.0,0.0,0.0
478597,0.0,0.0,1.0,0.0,0.0,1.0,0.0
479097,0.0,0.0,1.0,0.0,0.0,0.0,0.0
480794,0.0,0.0,1.0,0.0,0.0,1.0,0.0
480797,0.0,0.0,1.0,0.0,0.0,2.0,0.0
481297,0.0,0.0,1.0,0.0,0.0,0.0,0.0
481470,0.0,0.0,1.0,0.0,0.0,1.0,0.0
481970,0.0,0.0,1.0,0.0,0.0,0.0,0.0
482813,0.0,0.0,1.0,0.0,0.0,1.0,0.0
483313,0.0,0.0,1.0,0.0,0.0,0.0,0.0
484058,0.0,0.0,1.0,0.0,0.0,1.0,0.0
484376,0.0,0.0,1.0,0.0,0.0,2.0,0.0
484876,0.0,0.0,1.0,0.0,0.0,0.0,0.0
485129,0.0,0.0,1.0,0.0,0.0,1.0,0.0
485629,0.0,0.0,1.0,0.0,0.0,0.0,0.0
485896,0.0,0.0,1.0,0.0,0.0,1.0,0.0
486396,0.0,0.0,1.0,0.0,0.0,0.0,0.0
486884,0.0,0.0,1.0,0.0,0.0,1.0,0.0
487384,0.0,0.0,1.0,0.0,0.0,0.0,0.0
487523,0.0,0.0,1.0,0.0,0.0,1.0,0.0
487526,0.0,0.0,1.0,0.0,0.0,2.0,0.0
488026,0.0,0.0,1.0,0.0,0.0,0.0,0.0
488259,0.0,0.0,1.0,0.0,0.0,1.0,0.0
488759,0.0,0.0,1.0,0.0,0.0,0.0,0.0
489268,0.0,0.0,1.0,0.0,0.0,1.0,0.0
489274,0.0,0.0,1.0,0.0,0.0,2.0,0.0
489774,0.0,0.0,1.0,0.0,0.0,0.0,0.0
490116,0.0,0.0,1.0,0.0,0.0,1.0,0.0
490616,0.0,0.0,1.0,0.0,0.0,0.0,0.0
490868,0.0,0.0,1.0,0.0,0.0,1.0,0.0
490885,0.0,0.0,1.0,0.0,0.0,2.0,0.0
491385,0.0,0.0,1.0,0.0,0.0,0.0,0.0
492063,0.0,0.0,1.0,0.0,0.0,1.0,0.0
492157,0.0,0.0,1.0,0.0,0.0,2.0,0.0
492657,0.0,0.0,1.0,0.0,0.0,0.0,0.0
492658,0.0,0.0,1.0,0.0,0.0,1.0,0.0
492989,0.0,0.0,1.0,0.0,0.0,2.0,0.0
493489,0.0,0.0,1.0,0.0,0.0,0.0,0.0
493519,0.0,0.0,1.0,0.0,0.0,1.0,0.0
494019,0.0,0.0,1.0,0.0,0.0,0.0,0.0
495046,0.0,0.0,1.0,0.0,0.0,1.0,0.0
495546,0.0,0.0,1.0,0.0,0.0,0.0,0.0
495599,0.0,0.0,1.0,0.0,0.0,1.0,0.0
496016,0.0,0.0,1.0,0.0,0.0,2.0,0.0
496516,0.0,0.0,1.0,0.0,0.0,0.0,0.0
496699,0.0,0.0,1.0,0.0,0.0,1.0,0.0
497030,0.0,0.0,1.0,0.0,0.0,2.0,0.0
497530,0.0,0.0,1.0,0.0,0.0,0.0,0.0
498200,0.0,0.0,1.0,0.0,0.0,1.0,0.0
498700,0.0,0.0,1.0,0.0,0.0,0.0,0.0
498744,0.0,0.0,1.0,0.0,0.0,1.0,0.0
499244,0.0,0.0,1.0,0.0,0.0,0.0,0.0
499585,0.0,0.0,1.0,0.0,0.0,1.0,0.0
499677,0.0,0.0,1.0,0.0,0.0,2.0,0.0
500177,0.0,0.0,1.0,0.0,0.0,0.0,0.0
500543,0.0,0.0,1.0,0.0,0.0,1.0,0.0
500953,0.0,0.0,0.0,0.0,0.0,1.0,0.0
501043,0.0,0.0,0.0,0.0,0.0,0.0,0.0
503048,0.0,0.0,0.0,0.0,0.0,1.0,0.0
503548,0.0,0.0,0.0,0.0,0.0,0.0,0.0
503866,0.0,0.0,0.0,0.0,0.0,1.0,0.0
504366,0.0,0.0,0.0,0.0,0.0,0.0,0.0
505074,0.0,0.0,0.0,0.0,0.0,1.0,0.0
505574,0.0,0.0,0.0,0.0,0.0,0.0,0.0
505790,0.0,0.0,0.0,0.0,0.0,1.0,0.0
505792,0.0,0.0,0.0,0.0,0.0,2.0,0.0
506292,0.0,0.0,0.0,0.0,0.0,0.0,0.0
509082,0.0,0.0,0.0,0.0,0.0,1.0,0.0
509582,0.0,0.0,0.0,0.0,0.0,0.0,0.0
513057,0.0,0.0,0.0,0.0,0.0,1.0,0.0
513557,0.0,0.0,0.0,0.0,0.0,0.0,0.0
514335,0.0,0.0,0.0,0.0,0.0,1.0,0.0
514360,0.0,0.0,0.0,0.0,0.0,2.0,0.0
514860,0.0,0.0,0.0,0.0,0.0,0.0,0.0
517023,0.0,0.0,0.0,0.0,0.0,1.0,0.0
517523,0.0,0.0,0.0,0.0,0.0,0.0,0.0
519421,0.0,0.0,0.0,0.0,0.0,1.0,0.0
519921,0.0,0.0,0.0,0.0,0.0,0.0,0.0
520300,0.0,0.0,0.0,0.0,0.0,1.0,0.0
520800,0.0,0.0,0.0,0.0,0.0,0.0,0.0
524073,0.0,0.0,0.0,0.0,0.0,1.0,0.0
524573,0.0,0.0,0.0,0.0,0.0,0.0,0.0
526702,0.0,0.0,0.0,0.0,0.0,1.0,0.0
527202,0.0,0.0,0.0,0.0,0.0,0.0,0.0
527470,0.0,0.0,0.0,0.0,0.0,1.0,0.0
527970,0.0,0.0,0.0,0.0,0.0,0.0,0.0
530085,0.0,0.0,0.0,0.0,0.0,1.0,0.0
530548,0.0,0.0,0.0,0.0,0.0,2.0,0.0
531048,0.0,0.0,0.0,0.0,0.0,0.0,0.0
531758,0.0,0.0,0.0,0.0,0.0,1.0,0.0
532258,0.0,0.0,0.0,0.0,0.0,0.0,0.0
532364,0.0,0.0,0.0,0.0,0.0,1.0,0.0
532864,0.0,0.0,0.0,0.0,0.0,0.0,0.0
536565,0.0,0.0,0.0,0.0,0.0,1.0,0.0
537065,0.0,0.0,0.0,0.0,0.0,0.0,0.0
537067,0.0,0.0,0.0,0.0,0.0,1.0,0.0
537567,0.0,0.0,0.0,0.0,0.0,0.0,0.0
538614,0.0,0.0,0.0,0.0,0.0,1.0,0.0
539114,0.0,0.0,0.0,0.0,0.0,0.0,0.0
539186,0.0,0.0,0.0,0.0,0.0,1.0,0.0
539686,0.0,0.0,0.0,0.0,0.0,0.0,0.0
542180,0.0,0.0,0.0,0.0,0.0,1.0,0.0
542680,0.0,0.0,0.0,0.0,0.0,0.0,0.0
546492,0.0,0.0,0.0,0.0,0.0,1.0,0.0
546992,0.0,0.0,0.0,0.0,0.0,0.0,0.0
547758,0.0,0.0,0.0,0.0,0.0,1.0,0.0
548258,0.0,0.0,0.0,0.0,0.0,0.0,0.0
549294,0.0,0.0,0.0,0.0,0.0,1.0,0.0
549794,0.0,0.0,0.0,0.0,0.0,0.0,0.0
550435,0.0,0.0,0.0,0.0,0.0,1.0,0.0
550935,0.0,0.0,0.0,0.0,0.0,0.0,0.0
553450,0.0,0.0,0.0,0.0,0.0,1.0,0.0
553950,0.0,0.0,0.0,0.0,0.0,0.0,0.0
554143,0.0,0.0,0.0,0.0,0.0,1.0,0.0
554643,0.0,0.0,0.0,0.0,0.0,0.0,0.0
555778,0.0,0.0,0.0,0.0,0.0,1.0,0.0
556278,0.0,0.0,0.0,0.0,0.0,0.0,0.0
559864,0.0,0.0,0.0,0.0,0.0,1.0,0.0
560364,0.0,0.0,0.0,0.0,0.0,0.0,0.0
560953,0.0,0.0,0.0,0.0,0.0,1.0,0.0
561453,0.0,0.0,0.0,0.0,0.0,0.0,0.0
563699,0.0,0.0,0.0,0.0,0.0,1.0,0.0
564199,0.0,0.0,0.0,0.0,0.0,0.0,0.0
564480,0.0,0.0,0.0,0.0,0.0,1.0,0.0
564980,0.0,0.0,0.0,0.0,0.0,0.0,0.0
566872,0.0,0.0,0.0,0.0,0.0,1.0,0.0
567372,0.0,0.0,0.0,0.0,0.0,0.0,0.0
568884,0.0,0.0,0.0,0.0,0.0,1.0,0.0
569384,0.0,0.0,0.0,0.0,0.0,0.0,0.0
570099,0.0,0.0,0.0,0.0,0.0,1.0,0.0
570599,0.0,0.0,0.0,0.0,0.0,0.0,0.0
570693,0.0,0.0,0.0,0.0,0.0,1.0,0.0
570709,0.0,0.0,0.0,0.0,0.0,2.0,0.0
571209,0.0,0.0,0.0,0.0,0.0,0.0,0.0
579245,0.0,0.0,0.0,0.0,0.0,1.0,0.0
579745,0.0,0.0,0.0,0.0,0.0,0.0,0.0
580958,0.0,0.0,0.0,0.0,0.0,1.0,0.0
580960,0.0,0.0,0.0,0.0,0.0,2.0,0.0
581460,0.0,0.0,0.0,0.0,0.0,0.0,0.0
583152,0.0,0.0,0.0,0.0,0.0,1.0,0.0
583652,0.0,0.0,0.0,0.0,0.0,0.0,0.0
587165,0.0,0.0,0.0,0.0,0.0,1.0,0.0
587665,0.0,0.0,0.0,0.0,0.0,0.0,0.0
588489,0.0,0.0,0.0,0.0,0.0,1.0,0.0
588989,0.0,0.0,0.0,0.0,0.0,0.0,0.0
590707,0.0,0.0,0.0,0.0,0.0,1.0,0.0
591207,0.0,0.0,0.0,0.0,0.0,0.0,0.0
594286,0.0,0.0,0.0,0.0,0.0,1.0,0.0
594786,0.0,0.0,0.0,0.0,0.0,0.0,0.0
594846,0.0,0.0,0.0,0.0,0.0,1.0,0.0
595346,0.0,0.0,0.0,0.0,0.0,0.0,0.0
596556,0.0,0.0,0.0,0.0,0.0,1.0,0.0
597056,0.0,0.0,0.0,0.0,0.0,0.0,0.0
597099,0.0,0.0,0.0,0.0,0.0,1.0,0.0
597599,0.0,0.0,0.0,0.0,0.0,0.0,0.0
599778,0.0,0.0,0.0,0.0,0.0,1.0,0.0
600000,0.0,0.0,0.0,0.0,0.0,1.0,1.0
600013,0.0,0.0,0.0,0.0,0.0,2.0,1.0
600042,0.0,0.0,0.0,0.0,1.0,2.0,1.0
600061,0.0,0.0,0.0,0.0,2.0,2.0,1.0
600063,2.0,0.0,0.0,0.0,2.0,2.0,1.0
600182,2.0,2.0,0.0,0.0,2.0,2.0,1.0
600500,2.0,2.0,0.0,0.0,2.0,2.0,0.0
600513,2.0,2.0,0.0,0.0,2.0,0.0,0.0
600547,2.0,2.0,0.0,0.0,2.0,1.0,0.0
600561,2.0,2.0,0.0,0.0,0.0,1.0,0.0
600563,0.0,2.0,0.0,0.0,0.0,1.0,0.0
600564,0.0,2.0,0.0,0.0,0.0,2.0,0.0
600682,0.0,0.0,0.0,0.0,0.0,2.0,0.0
600767,2.0,0.0,0.0,0.0,0.0,2.0,0.0
601064,2.0,0.0,0.0,0.0,0.0,0.0,0.0
601267,0.0,0.0,0.0,0.0,0.0,0.0,0.0
601326,0.0,0.0,1.0,0.0,0.0,0.0,0.0
601442,0.0,0.0,1.0,0.0,0.0,1.0,0.0
601942,0.0,0.0,1.0,0.0,0.0,0.0,0.0
602148,0.0,0.0,1.0,0.0,0.0,1.0,0.0
602648,0.0,0.0,1.0,0.0,0.0,0.0,0.0
602859,0.0,0.0,2.0,0.0,0.0,0.0,0.0
602912,0.0,0.0,2.0,0.0,0.0,1.0,0.0
603172,0.0,0.0,2.0,0.0,0.0,2.0,0.0
603359,0.0,0.0,0.0,0.0,0.0,2.0,0.0
603372,0.0,0.0,1.0,0.0,0.0,2.0,0.0
603672,0.0,0.0,1.0,0.0,0.0,0.0,0.0
603872,0.0,0.0,0.0,0.0,0.0,0.0,0.0
604593,0.0,0.0,0.0,0.0,0.0,1.0,0.0
604623,0.0,0.0,0.0,0.0,0.0,2.0,0.0
605123,0.0,0.0,0.0,0.0,0.0,0.0,0.0
606516,0.0,0.0,0.0,0.0,0.0,1.0,0.0
607016,0.0,0.0,0.0,0.0,0.0,0.0,0.0
607042,0.0,0.0,0.0,0.0,0.0,1.0,0.0
607045,0.0,0.0,0.0,0.0,0.0,2.0,0.0
607545,0.0,0.0,0.0,0.0,0.0,0.0,0.0
607698,0.0,0.0,0.0,0.0,0.0,1.0,0.0
607704,0.0,0.0,0.0,0.0,0.0,2.0,0.0
608204,0.0,0.0,0.0,0.0,0.0,0.0,0.0
608552,0.0,0.0,0.0,0.0,0.0,1.0,0.0
609052,0.0,0.0,0.0,0.0,0.0,0.0,0.0
609955,0.0,0.0,0.0,0.0,0.0,1.0,0.0
610214,0.0,0.0,0.0,0.0,1.0,2.0,0.0
610714,0.0,0.0,0.0,0.0,0.0,0.0,0.0
610747,0.0,0.0,0.0,0.0,0.0,1.0,0.0
610800,0.0,0.0,0.0,0.0,0.0,2.0,0.0
611300,0.0,0.0,0.0,0.0,0.0,0.0,0.0
612223,0.0,0.0,0.0,0.0,0.0,1.0,0.0
612226,0.0,0.0,0.0,0.0,0.0,2.0,0.0
612726,0.0,0.0,0.0,0.0,0.0,0.0,0.0
613712,0.0,0.0,0.0,0.0,0.0,1.0,0.0
614212,0.0,0.0,0.0,0.0,0.0,0.0,0.0
614861,0.0,0.0,0.0,0.0,0.0,1.0,0.0
614864,0.0,0.0,0.0,0.0,0.0,2.0,0.0
615364,0.0,0.0,0.0,0.0,0.0,0.0,0.0
615835,0.0,0.0,0.0,0.0,0.0,1.0,0.0
616335,0.0,0.0,0.0,0.0,0.0,0.0,0.0
616336,0.0,0.0,0.0,0.0,0.0,1.0,0.0
616339,0.0,0.0,0.0,0.0,0.0,2.0,0.0
616839,0.0,0.0,0.0,0.0,0.0,0.0,0.0
616892,0.0,0.0,0.0,0.0,0.0,1.0,0.0
617392,0.0,0.0,0.0,0.0,0.0,0.0,0.0
618394,0.0,0.0,0.0,0.0,0.0,1.0,0.0
618894,0.0,0.0,0.0,0.0,0.0,0.0,0.0
619884,0.0,0.0,0.0,0.0,0.0,1.0,0.0
619952,0.0,0.0,0.0,0.0,0.0,2.0,0.0
620452,0.0,0.0,0.0,0.0,0.0,0.0,0.0
620833,0.0,0.0,0.0,0.0,0.0,1.0,0.0
621333,0.0,0.0,0.0,0.0,0.0,0.0,0.0
621365,0.0,0.0,0.0,0.0,0.0,1.0,0.0
621865,0.0,0.0,0.0,0.0,0.0,0.0,0.0
621928,0.0,0.0,0.0,0.0,0.0,1.0,0.0
621989,0.0,0.0,0.0,0.0,0.0,2.0,0.0
622489,0.0,0.0,0.0,0.0,0.0,0.0,0.0
623248,0.0,0.0,0.0,0.0,0.0,1.0,0.0
623748,0.0,0.0,0.0,0.0,0.0,0.0,0.0
624454,0.0,0.0,0.0,0.0,1.0,0.0,0.0
624468,0.0,0.0,0.0,0.0,2.0,0.0,0.0
624642,0.0,0.0,0.0,0.0,2.0,1.0,0.0
624968,0.0,0.0,0.0,0.0,0.0,1.0,0.0
625142,0.0,0.0,0.0,0.0,0.0,0.0,0.0
627023,0.0,0.0,0.0,0.0,0.0,1.0,0.0
627523,0.0,0.0,0.0,0.0,0.0,0.0,0.0
627570,0.0,0.0,0.0,0.0,0.0,1.0,0.0
628070,0.0,0.0,0.0,0.0,0.0,0.0,0.0
628297,0.0,0.0,0.0,0.0,0.0,1.0,0.0
628383,0.0,0.0,0.0,0.0,0.0,2.0,0.0
628883,0.0,0.0,0.0,0.0,0.0,0.0,0.0
629291,0.0,0.0,0.0,0.0,0.0,1.0,0.0
629791,0.0,0.0,0.0,0.0,0.0,0.0,0.0
629985,0.0,0.0,0.0,0.0,0.0,1.0,0.0
630113,0.0,0.0,0.0,0.0,0.0,2.0,0.0
630613,0.0,0.0,0.0,0.0,0.0,0.0,0.0
630630,0.0,0.0,0.0,0.0,0.0,1.0,0.0
630942,0.0,2.0,0.0,0.0,0.0,1.0,0.0
631130,0.0,2.0,0.0,0.0,0.0,0.0,0.0
631442,0.0,0.0,0.0,0.0,0.0,0.0,0.0
632401,0.0,0.0,0.0,0.0,0.0,1.0,0.0
632404,0.0,0.0,0.0,0.0,0.0,2.0,0.0
632904,0.0,0.0,0.0,0.0,0.0,0.0,0.0
633688,0.0,0.0,0.0,0.0,0.0,1.0,0.0
634188,0.0,0.0,0.0,0.0,0.0,0.0,0.0
634781,0.0,0.0,0.0,0.0,0.0,1.0,0.0
634790,0.0,0.0,0.0,0.0,0.0,2.0,0.0
635290,0.0,0.0,0.0,0.0,0.0,0.0,0.0
635399,0.0,0.0,0.0,0.0,0.0,1.0,0.0
635899,0.0,0.0,0.0,0.0,0.0,0.0,0.0
636196,0.0,0.0,0.0,0.0,0.0,1.0,0.0
636696,0.0,0.0,0.0,0.0,0.0,0.0,0.0
636735,0.0,0.0,0.0,0.0,0.0,1.0,0.0
637235,0.0,0.0,0.0,0.0,0.0,0.0,0.0
637522,0.0,0.0,0.0,0.0,0.0,1.0,0.0
637726,0.0,2.0,0.0,0.0,0.0,1.0,0.0
638022,0.0,2.0,0.0,0.0,0.0,0.0,0.0
638226,0.0,0.0,0.0,0.0,0.0,0.0,0.0
640551,0.0,0.0,0.0,0.0,0.0,1.0,0.0
640952,0.0,0.0,0.0,0.0,0.0,2.0,0.0
641452,0.0,0.0,0.0,0.0,0.0,0.0,0.0
641475,0.0,0.0,0.0,0.0,0.0,1.0,0.0
641588,0.0,0.0,0.0,0.0,0.0,2.0,0.0
642088,0.0,0.0,0.0,0.0,0.0,0.0,0.0
642213,0.0,0.0,0.0,0.0,0.0,1.0,0.0
642248,0.0,0.0,0.0,0.0,0.0,2.0,0.0
642748,0.0,0.0,0.0,0.0,0.0,0.0,0.0
642878,0.0,0.0,0.0,0.0,0.0,1.0,0.0
643378,0.0,0.0,0.0,0.0,0.0,0.0,0.0
643461,0.0,0.0,0.0,0.0,0.0,1.0,0.0
643467,0.0,0.0,0.0,0.0,0.0,2.0,0.0
643967,0.0,0.0,0.0,0.0,0.0,0.0,0.0
644108,0.0,0.0,0.0,0.0,0.0,1.0,0.0
644608,0.0,0.0,0.0,0.0,0.0,0.0,0.0
646543,0.0,0.0,0.0,0.0,0.0,1.0,0.0
647043,0.0,0.0,0.0,0.0,0.0,0.0,0.0
648061,0.0,0.0,0.0,0.0,0.0,1.0,0.0
648070,0.0,0.0,0.0,0.0,0.0,2.0,0.0
648570,0.0,0.0,0.0,0.0,0.0,0.0,0.0
648763,0.0,0.0,0.0,0.0,0.0,1.0,0.0
649263,0.0,0.0,0.0,0.0,0.0,0.0,0.0
649959,0.0,0.0,0.0,0.0,0.0,1.0,0.0
650459,0.0,0.0,0.0,0.0,0.0,0.0,0.0
650694,0.0,0.0,0.0,0.0,0.0,1.0,0.0
651163,0.0,0.0,0.0,0.0,0.0,2.0,0.0
651663,0.0,0.0,0.0,0.0,0.0,0.0,0.0
651675,0.0,0.0,0.0,0.0,0.0,1.0,0.0
652175,0.0,0.0,0.0,0.0,0.0,0.0,0.0
652176,0.0,0.0,0.0,0.0,0.0,1.0,0.0
652274,0.0,0.0,0.0,0.0,0.0,2.0,0.0
652774,0.0,0.0,0.0,0.0,0.0,0.0,0.0
652941,0.0,0.0,0.0,0.0,0.0,1.0,0.0
653441,0.0,0.0,0.0,0.0,0.0,0.0,0.0
653462,0.0,0.0,0.0,0.0,0.0,1.0,0.0
653962,0.0,0.0,0.0,0.0,0.0,0.0,0.0
654394,0.0,0.0,0.0,0.0,0.0,1.0,0.0
654503,0.0,0.0,0.0,0.0,0.0,2.0,0.0
655003,0.0,0.0,0.0,0.0,0.0,0.0,0.0
655407,0.0,0.0,0.0,0.0,0.0,1.0,0.0
655907,0.0,0.0,0.0,0.0,0.0,0.0,0.0
655994,0.0,0.0,0.0,0.0,0.0,1.0,0.0
656293,0.0,0.0,0.0,0.0,0.0,2.0,0.0
656793,0.0,0.0,0.0,0.0,0.0,0.0,0.0
657551,0.0,0.0,0.0,0.0,0.0,1.0,0.0
658051,0.0,0.0,0.0,0.0,0.0,0.0,0.0
658318,0.0,0.0,0.0,0.0,0.0,1.0,0.0
658818,0.0,0.0,0.0,0.0,0.0,0.0,0.0
658877,0.0,0.0,0.0,0.0,0.0,1.0,0.0
659063,0.0,0.0,0.0,0.0,0.0,2.0,0.0
659563,0.0,0.0,0.0,0.0,0.0,0.0,0.0
660146,0.0,0.0,0.0,0.0,0.0,1.0,0.0
660646,0.0,0.0,0.0,0.0,0.0,0.0,0.0
661266,0.0,0.0,0.0,0.0,0.0,1.0,0.0
661766,0.0,0.0,0.0,0.0,0.0,0.0,0.0
661775,0.0,0.0,0.0,0.0,0.0,1.0,0.0
662275,0.0,0.0,0.0,0.0,0.0,0.0,0.0
662597,0.0,0.0,0.0,0.0,0.0,1.0,0.0
663097,0.0,0.0,0.0,0.0,0.0,0.0,0.0
663492,0.0,0.0,0.0,0.0,0.0,1.0,0.0
663992,0.0,0.0,0.0,0.0,0.0,0.0,0.0
665264,0.0,0.0,0.0,0.0,0.0,1.0,0.0
665764,0.0,0.0,0.0,0.0,0.0,0.0,0.0
666488,0.0,0.0,0.0,0.0,0.0,1.0,0.0
666988,0.0,0.0,0.0,0.0,0.0,0.0,0.0
667040,0.0,0.0,0.0,0.0,0.0,1.0,0.0
667056,0.0,0.0,0.0,0.0,0.0,2.0,0.0
667556,0.0,0.0,0.0,0.0,0.0,0.0,0.0
667889,0.0,0.0,0.0,0.0,0.0,1.0,0.0
668389,0.0,0.0,0.0,0.0,0.0,0.0,0.0
668925,0.0,0.0,0.0,0.0,0.0,1.0,0.0
669022,0.0,0.0,0.0,0.0,0.0,2.0,0.0
669522,0.0,0.0,0.0,0.0,0.0,0.0,0.0
669965,0.0,0.0,0.0,0.0,0.0,1.0,0.0
670465,0.0,0.0,0.0,0.0,0.0,0.0,0.0
670778,0.0,0.0,0.0,0.0,0.0,1.0,0.0
671278,0.0,0.0,0.0,0.0,0.0,0.0,0.0
671844,0.0,0.0,0.0,0.0,0.0,1.0,0.0
671848,0.0,0.0,0.0,0.0,0.0,2.0,0.0
672348,0.0,0.0,0.0,0.0,0.0,0.0,0.0
673496,0.0,0.0,0.0,0.0,0.0,1.0,0.0
673996,0.0,0.0,0.0,0.0,0.0,0.0,0.0
674081,0.0,0.0,0.0,0.0,0.0,1.0,0.0
674403,0.0,2.0,0.0,0.0,0.0,1.0,0.0
674581,0.0,2.0,0.0,0.0,0.0,0.0,0.0
674620,0.0,2.0,0.0,0.0,0.0,1.0,0.0
674903,0.0,0.0,0.0,0.0,0.0,1.0,0.0
675120,0.0,0.0,0.0,0.0,0.0,0.0,0.0
675562,0.0,0.0,0.0,0.0,0.0,1.0,0.0
676062,0.0,0.0,0.0,0.0,0.0,0.0,0.0
676156,0.0,0.0,0.0,0.0,0.0,1.0,0.0
676656,0.0,0.0,0.0,0.0,0.0,0.0,0.0
676712,0.0,0.0,0.0,0.0,0.0,1.0,0.0
676929,0.0,0.0,0.0,0.0,0.0,2.0,0.0
677429,0.0,0.0,0.0,0.0,0.0,0.0,0.0
677785,0.0,0.0,0.0,0.0,0.0,1.0,0.0
677889,0.0,0.0,0.0,0.0,0.0,2.0,0.0
678389,0.0,0.0,0.0,0.0,0.0,0.0,0.0
678995,0.0,0.0,0.0,0.0,0.0,1.0,0.0
679495,0.0,0.0,0.0,0.0,0.0,0.0,0.0
679628,0.0,0.0,0.0,0.0,0.0,1.0,0.0
679797,0.0,0.0,0.0,0.0,0.0,2.0,0.0
680297,0.0,0.0,0.0,0.0,0.0,0.0,0.0
680336,0.0,0.0,0.0,0.0,0.0,1.0,0.0
680536,0.0,2.0,0.0,0.0,0.0,1.0,0.0
680836,0.0,2.0,0.0,0.0,0.0,0.0,0.0
681036,0.0,0.0,0.0,0.0,0.0,0.0,0.0
681249,0.0,0.0,0.0,0.0,0.0,1.0,0.0
681527,0.0,0.0,0.0,0.0,0.0,2.0,0.0
682027,0.0,0.0,0.0,0.0,0.0,0.0,0.0
682264,0.0,0.0,0.0,0.0,0.0,1.0,0.0
682764,0.0,0.0,0.0,0.0,0.0,0.0,0.0
682911,0.0,0.0,0.0,0.0,0.0,1.0,0.0
683411,0.0,0.0,0.0,0.0,0.0,0.0,0.0
683439,0.0,0.0,0.0,0.0,0.0,1.0,0.0
683939,0.0,0.0,0.0,0.0,0.0,0.0,0.0
684007,0.0,0.0,0.0,0.0,0.0,1.0,0.0
684507,0.0,0.0,0.0,0.0,0.0,0.0,0.0
684785,0.0,0.0,0.0,0.0,0.0,1.0,0.0
685285,0.0,0.0,0.0,0.0,0.0,0.0,0.0
685485,0.0,0.0,0.0,0.0,0.0,1.0,0.0
685533,0.0,0.0,0.0,0.0,0.0,2.0,0.0
686033,0.0,0.0,0.0,0.0,0.0,0.0,0.0
686609,0.0,2.0,0.0,0.0,0.0,1.0,0.0
687109,0.0,0.0,0.0,0.0,0.0,0.0,0.0
687374,0.0,0.0,0.0,0.0,0.0,1.0,0.0
687874,0.0,0.0,0.0,0.0,0.0,0.0,0.0
688177,0.0,0.0,0.0,0.0,0.0,1.0,0.0
688677,0.0,0.0,0.0,0.0,0.0,0.0,0.0
688917,0.0,2.0,0.0,0.0,0.0,1.0,0.0
689417,0.0,0.0,0.0,0.0,0.0,0.0,0.0
689841,0.0,0.0,0.0,0.0,0.0,1.0,0.0
689935,0.0,0.0,1.0,0.0,0.0,1.0,0.0
690341,0.0,0.0,1.0,0.0,0.0,0.0,0.0
690435,0.0,0.0,0.0,0.0,0.0,0.0,0.0
690451,0.0,0.0,0.0,0.0,0.0,1.0,0.0
690455,0.0,0.0,0.0,0.0,0.0,2.0,0.0
690460,0.0,0.0,1.0,0.0,0.0,2.0,0.0
690955,0.0,0.0,1.0,0.0,0.0,0.0,0.0
691292,0.0,0.0,1.0,0.0,0.0,1.0,0.0
691460,0.0,0.0,0.0,0.0,0.0,1.0,0.0
691792,0.0,0.0,0.0,0.0,0.0,0.0,0.0
691841,0.0,0.0,0.0,0.0,0.0,1.0,0.0
692333,0.0,0.0,0.0,0.0,0.0,2.0,0.0
692833,0.0,0.0,0.0,0.0,0.0,0.0,0.0
692857,0.0,0.0,0.0,0.0,0.0,1.0,0.0
693357,0.0,0.0,0.0,0.0,0.0,0.0,0.0
693668,0.0,0.0,0.0,0.0,0.0,1.0,0.0
694168,0.0,0.0,0.0,0.0,0.0,0.0,0.0
694287,0.0,0.0,0.0,0.0,0.0,1.0,0.0
694787,0.0,0.0,0.0,0.0,0.0,0.0,0.0
695915,0.0,0.0,0.0,0.0,0.0,1.0,0.0
696415,0.0,0.0,0.0,0.0,0.0,0.0,0.0
696511,0.0,0.0,0.0,0.0,0.0,1.0,0.0
696521,0.0,0.0,0.0,0.0,0.0,2.0,0.0
697021,0.0,0.0,0.0,0.0,0.0,0.0,0.0
697455,0.0,0.0,0.0,0.0,0.0,1.0,0.0
697955,0.0,0.0,0.0,0.0,0.0,0.0,0.0
698199,0.0,0.0,0.0,0.0,0.0,1.0,0.0
698699,0.0,0.0,0.0,0.0,0.0,0.0,0.0
698755,0.0,0.0,0.0,0.0,0.0,1.0,0.0
698761,0.0,0.0,0.0,0.0,0.0,2.0,0.0
699261,0.0,0.0,0.0,0.0,0.0,0.0,0.0
699675,0.0,0.0,0.0,0.0,0.0,1.0,0.0
700175,0.0,0.0,0.0,0.0,0.0,0.0,0.0
701650,0.0,0.0,0.0,0.0,0.0,1.0,0.0
702150,0.0,0.0,0.0,0.0,0.0,0.0,0.0
704245,0.0,0.0,0.0,0.0,1.0,0.0,0.0
704745,0.0,0.0,0.0,0.0,0.0,0.0,0.0
705748,0.0,0.0,0.0,0.0,0.0,1.0,0.0
706248,0.0,0.0,0.0,0.0,0.0,0.0,0.0
712535,0.0,0.0,0.0,0.0,0.0,1.0,0.0
713035,0.0,0.0,0.0,0.0,0.0,0.0,0.0
720694,0.0,0.0,0.0,0.0,0.0,1.0,0.0
721194,0.0,0.0,0.0,0.0,0.0,0.0,0.0
724328,0.0,0.0,0.0,0.0,0.0,1.0,0.0
724828,0.0,0.0,0.0,0.0,0.0,0.0,0.0
727126,0.0,0.0,0.0,0.0,0.0,1.0,0.0
727626,0.0,0.0,0.0,0.0,0.0,0.0,0.0
730483,0.0,0.0,0.0,0.0,0.0,1.0,0.0
730983,0.0,0.0,0.0,0.0,0.0,0.0,0.0
734999,0.0,0.0,0.0,0.0,0.0,1.0,0.0
735499,0.0,0.0,0.0,0.0,0.0,0.0,0.0
735629,0.0,0.0,0.0,0.0,0.0,1.0,0.0
736129,0.0,0.0,0.0,0.0,0.0,0.0,0.0
737196,0.0,0.0,0.0,0.0,0.0,1.0,0.0
737696,0.0,0.0,0.0,0.0,0.0,0.0,0.0
738243,0.0,0.0,0.0,0.0,0.0,1.0,0.0
738743,0.0,0.0,0.0,0.0,0.0,0.0,0.0
739095,0.0,0.0,0.0,0.0,1.0,0.0,0.0
739595,0.0,0.0,0.0,0.0,0.0,0.0,0.0
744078,0.0,0.0,0.0,0.0,0.0,1.0,0.0
744082,0.0,0.0,0.0,0.0,0.0,2.0,0.0
744582,0.0,0.0,0.0,0.0,0.0,0.0,0.0
746611,0.0,0.0,0.0,0.0,0.0,1.0,0.0
747111,0.0,0.0,0.0,0.0,0.0,0.0,0.0
748314,0.0,0.0,0.0,0.0,0.0,1.0,0.0
748814,0.0,0.0,0.0,0.0,0.0,0.0,0.0
748836,0.0,0.0,0.0,0.0,0.0,1.0,0.0
749336,0.0,0.0,0.0,0.0,0.0,0.0,0.0
751965,0.0,0.0,0.0,0.0,0.0,1.0,0.0
752465,0.0,0.0,0.0,0.0,0.0,0.0,0.0
754190,0.0,0.0,0.0,0.0,1.0,0.0,0.0
754203,0.0,0.0,0.0,0.0,1.0,1.0,0.0
754690,0.0,0.0,0.0,0.0,0.0,1.0,0.0
754703,0.0,0.0,0.0,0.0,0.0,0.0,0.0
757017,0.0,0.0,0.0,0.0,0.0,1.0,0.0
757046,0.0,0.0,0.0,0.0,0.0,2.0,0.0
757546,0.0,0.0,0.0,0.0,0.0,0.0,0.0
758904,0.0,0.0,0.0,0.0,0.0,1.0,0.0
759404,0.0,0.0,0.0,0.0,0.0,0.0,0.0
763434,0.0,0.0,0.0,0.0,0.0,1.0,0.0
763934,0.0,0.0,0.0,0.0,0.0,0.0,0.0
764490,0.0,0.0,0.0,0.0,0.0,1.0,0.0
764820,0.0,0.0,0.0,0.0,0.0,2.0,0.0
765320,0.0,0.0,0.0,0.0,0.0,0.0,0.0
767274,0.0,0.0,0.0,0.0,0.0,1.0,0.0
767765,0.0,0.0,0.0,0.0,1.0,1.0,0.0
767774,0.0,0.0,0.0,0.0,1.0,0.0,0.0
767945,0.0,0.0,0.0,0.0,1.0,1.0,0.0
768265,0.0,0.0,0.0,0.0,0.0,1.0,0.0
768445,0.0,0.0,0.0,0.0,0.0,0.0,0.0
768831,0.0,0.0,0.0,0.0,0.0,1.0,0.0
768833,0.0,0.0,0.0,0.0,0.0,2.0,0.0
769333,0.0,0.0,0.0,0.0,0.0,0.0,0.0
770491,0.0,0.0,0.0,0.0,0.0,1.0,0.0
770991,0.0,0.0,0.0,0.0,0.0,0.0,0.0
773252,0.0,0.0,0.0,0.0,0.0,1.0,0.0
773752,0.0,0.0,0.0,0.0,0.0,0.0,0.0
775129,0.0,0.0,0.0,0.0,0.0,1.0,0.0
775130,0.0,0.0,0.0,0.0,0.0,2.0,0.0
775131,0.0,0.0,0.0,0.0,1.0,2.0,0.0
775132,0.0,0.0,0.0,0.0,2.0,2.0,0.0
775630,0.0,0.0,0.0,0.0,2.0,0.0,0.0
775632,0.0,0.0,0.0,0.0,0.0,0.0,0.0
782955,0.0,0.0,0.0,0.0,0.0,1.0,0.0
782957,0.0,0.0,0.0,0.0,0.0,2.0,0.0
783457,0.0,0.0,0.0,0.0,0.0,0.0,0.0
785528,0.0,0.0,0.0,0.0,0.0,1.0,0.0
786028,0.0,0.0,0.0,0.0,0.0,0.0,0.0
790619,0.0,0.0,0.0,0.0,0.0,1.0,0.0
791119,0.0,0.0,0.0,0.0,0.0,0.0,0.0
791483,0.0,0.0,0.0,0.0,0.0,1.0,0.0
791485,0.0,0.0,0.0,0.0,0.0,2.0,0.0
791985,0.0,0.0,0.0,0.0,0.0,0.0,0.0
792922,0.0,0.0,0.0,0.0,1.0,0.0,0.0
793422,0.0,0.0,0.0,0.0,0.0,0.0,0.0
794200,0.0,0.0,0.0,0.0,0.0,1.0,0.0
794201,0.0,0.0,0.0,0.0,0.0,2.0,0.0
794701,0.0,0.0,0.0,0.0,0.0,0.0,0.0
797162,0.0,0.0,0.0,0.0,0.0,1.0,0.0
797173,0.0,0.0,0.0,0.0,0.0,2.0,0.0
797673,0.0,0.0,0.0,0.0,0.0,0.0,0.0
798218,0.0,0.0,0.0,0.0,0.0,1.0,0.0
798718,0.0,0.0,0.0,0.0,0.0,0.0,0.0
799920,0.0,0.0,0.0,0.0,0.0,1.0,0.0
799922,0.0,0.0,0.0,0.0,0.0,2.0,0.0
800000,0.0,0.0,0.0,0.0,0.0,2.0,1.0
800127,2.0,0.0,0.0,0.0,0.0,2.0,1.0
800155,2.0,0.0,0.0,0.0,1.0,2.0,1.0
800168,2.0,0.0,0.0,0.0,2.0,2.0,1.0
800205,2.0,2.0,0.0,0.0,2.0,2.0,1.0
800422,2.0,2.0,0.0,0.0,2.0,0.0,1.0
800500,2.0,2.0,0.0,0.0,2.0,0.0,0.0
800627,0.0,2.0,0.0,0.0,2.0,0.0,0.0
800668,0.0,2.0,0.0,0.0,0.0,0.0,0.0
800705,0.0,0.0,0.0,0.0,0.0,0.0,0.0
800959,2.0,0.0,0.0,0.0,0.0,0.0,0.0
801175,2.0,0.0,0.0,0.0,0.0,1.0,0.0
801459,0.0,0.0,0.0,0.0,0.0,1.0,0.0
801472,0.0,0.0,1.0,0.0,0.0,1.0,0.0
801675,0.0,0.0,1.0,0.0,0.0,0.0,0.0
802875,0.0,0.0,2.0,0.0,0.0,0.0,0.0
803326,0.0,0.0,2.0,0.0,0.0,1.0,0.0
803375,0.0,0.0,0.0,0.0,0.0,1.0,0.0
803458,0.0,2.0,0.0,0.0,0.0,1.0,0.0
803826,0.0,2.0,0.0,0.0,0.0,0.0,0.0
803958,0.0,0.0,0.0,0.0,0.0,0.0,0.0
804126,0.0,0.0,0.0,0.0,0.0,1.0,0.0
804626,0.0,0.0,0.0,0.0,0.0,0.0,0.0
804643,0.0,0.0,0.0,0.0,0.0,1.0,0.0
805143,0.0,0.0,0.0,0.0,0.0,0.0,0.0
805876,0.0,0.0,0.0,0.0,0.0,1.0,0.0
806376,0.0,0.0,0.0,0.0,0.0,0.0,0.0
806414,0.0,0.0,0.0,0.0,0.0,1.0,0.0
806914,0.0,0.0,0.0,0.0,0.0,0.0,0.0
807083,0.0,0.0,0.0,0.0,0.0,1.0,0.0
807583,0.0,0.0,0.0,0.0,0.0,0.0,0.0
808193,0.0,0.0,0.0,0.0,0.0,1.0,0.0
808277,0.0,0.0,0.0,0.0,0.0,2.0,0.0
808777,0.0,0.0,0.0,0.0,0.0,1.0,0.0
809274,0.0,0.0,0.0,0.0,0.0,2.0,0.0
809774,0.0,0.0,0.0,0.0,0.0,0.0,0.0
809810,0.0,0.0,0.0,0.0,0.0,1.0,0.0
810310,0.0,0.0,0.0,0.0,0.0,0.0,0.0
810420,0.0,0.0,0.0,0.0,0.0,1.0,0.0
810920,0.0,0.0,0.0,0.0,0.0,0.0,0.0
810937,0.0,0.0,0.0,0.0,0.0,1.0,0.0
811437,0.0,0.0,0.0,0.0,0.0,0.0,0.0
811574,0.0,0.0,0.0,0.0,0.0,1.0,0.0
812074,0.0,0.0,0.0,0.0,0.0,0.0,0.0
812378,0.0,0.0,0.0,0.0,0.0,1.0,0.0
812384,0.0,0.0,0.0,0.0,0.0,2.0,0.0
812884,0.0,0.0,0.0,0.0,0.0,0.0,0.0
813332,0.0,0.0,0.0,0.0,0.0,1.0,0.0
813832,0.0,0.0,0.0,0.0,0.0,0.0,0.0
814410,0.0,0.0,0.0,0.0,0.0,1.0,0.0
814823,0.0,0.0,0.0,0.0,0.0,2.0,0.0
815323,0.0,0.0,0.0,0.0,0.0,0.0,0.0
815519,0.0,0.0,0.0,0.0,0.0,1.0,0.0
816019,0.0,0.0,0.0,0.0,0.0,0.0,0.0
816094,0.0,0.0,0.0,0.0,0.0,1.0,0.0
816594,0.0,0.0,0.0,0.0,0.0,0.0,0.0
817326,0.0,0.0,0.0,0.0,0.0,1.0,0.0
817329,0.0,0.0,0.0,0.0,0.0,2.0,0.0
817829,0.0,0.0,0.0,0.0,0.0,0.0,0.0
818482,0.0,0.0,0.0,0.0,0.0,1.0,0.0
818485,0.0,0.0,0.0,0.0,0.0,2.0,0.0
818985,0.0,0.0,0.0,0.0,0.0,0.0,0.0
818988,0.0,0.0,0.0,0.0,0.0,1.0,0.0
819488,0.0,0.0,0.0,0.0,0.0,0.0,0.0
819516,0.0,0.0,0.0,0.0,0.0,1.0,0.0
819519,0.0,0.0,0.0,0.0,0.0,2.0,0.0
820019,0.0,0.0,0.0,0.0,0.0,0.0,0.0
820345,0.0,0.0,0.0,0.0,0.0,1.0,0.0
820845,0.0,0.0,0.0,0.0,0.0,0.0,0.0
821651,0.0,0.0,0.0,0.0,0.0,1.0,0.0
822151,0.0,0.0,0.0,0.0,0.0,0.0,0.0
822223,0.0,0.0,0.0,0.0,0.0,1.0,0.0
822723,0.0,0.0,0.0,0.0,0.0,0.0,0.0
823053,0.0,0.0,0.0,0.0,0.0,1.0,0.0
823553,0.0,0.0,0.0,0.0,0.0,0.0,0.0
823570,0.0,0.0,0.0,0.0,0.0,1.0,0.0
824070,0.0,0.0,0.0,0.0,0.0,0.0,0.0
824183,0.0,0.0,0.0,0.0,0.0,1.0,0.0
824683,0.0,0.0,0.0,0.0,0.0,0.0,0.0
824787,0.0,0.0,0.0,0.0,0.0,1.0,0.0
825287,0.0,0.0,0.0,0.0,0.0,0.0,0.0
825537,0.0,0.0,0.0,0.0,0.0,1.0,0.0
825579,0.0,0.0,0.0,0.0,0.0,2.0,0.0
826079,0.0,0.0,0.0,0.0,0.0,0.0,0.0
826775,0.0,0.0,0.0,0.0,0.0,1.0,0.0
826781,0.0,0.0,0.0,0.0,0.0,2.0,0.0
827281,0.0,0.0,0.0,0.0,0.0,0.0,0.0
827892,0.0,0.0,0.0,0.0,0.0,1.0,0.0
828392,0.0,0.0,0.0,0.0,0.0,0.0,0.0
828599,0.0,0.0,0.0,0.0,0.0,1.0,0.0
828941,0.0,0.0,0.0,0.0,0.0,2.0,0.0
829441,0.0,0.0,0.0,0.0,0.0,0.0,0.0
829472,0.0,0.0,0.0,0.0,0.0,1.0,0.0
829494,0.0,0.0,0.0,0.0,0.0,2.0,0.0
829994,0.0,0.0,0.0,0.0,0.0,0.0,0.0
830074,0.0,0.0,0.0,0.0,0.0,1.0,0.0
830534,0.0,0.0,0.0,0.0,0.0,2.0,0.0
831034,0.0,0.0,0.0,0.0,0.0,0.0,0.0
831127,0.0,0.0,0.0,0.0,0.0,1.0,0.0
831627,0.0,0.0,0.0,0.0,0.0,0.0,0.0
833185,0.0,0.0,0.0,0.0,0.0,1.0,0.0
833193,0.0,0.0,0.0,0.0,0.0,2.0,0.0
833693,0.0,0.0,0.0,0.0,0.0,0.0,0.0
834310,0.0,0.0,0.0,0.0,0.0,1.0,0.0
834422,0.0,0.0,0.0,0.0,0.0,2.0,0.0
834922,0.0,0.0,0.0,0.0,0.0,0.0,0.0
834946,0.0,0.0,0.0,0.0,0.0,1.0,0.0
835364,0.0,2.0,0.0,0.0,0.0,1.0,0.0
835446,0.0,2.0,0.0,0.0,0.0,0.0,0.0
835864,0.0,0.0,0.0,0.0,0.0,0.0,0.0
835908,0.0,0.0,0.0,0.0,0.0,1.0,0.0
836070,0.0,0.0,0.0,0.0,0.0,2.0,0.0
836570,0.0,0.0,0.0,0.0,0.0,0.0,0.0
836661,0.0,0.0,0.0,0.0,0.0,1.0,0.0
837161,0.0,0.0,0.0,0.0,0.0,0.0,0.0
837245,0.0,0.0,0.0,0.0,0.0,1.0,0.0
837248,0.0,0.0,0.0,0.0,0.0,2.0,0.0
837748,0.0,0.0,0.0,0.0,0.0,0.0,0.0
838522,0.0,0.0,0.0,0.0,0.0,1.0,0.0
839022,0.0,0.0,0.0,0.0,0.0,0.0,0.0
840342,0.0,0.0,0.0,0.0,0.0,1.0,0.0
840759,0.0,0.0,0.0,0.0,0.0,2.0,0.0
841259,0.0,0.0,0.0,0.0,0.0,0.0,0.0
841849,0.0,0.0,0.0,0.0,0.0,1.0,0.0
842349,0.0,0.0,0.0,0.0,0.0,0.0,0.0
842829,0.0,0.0,0.0,0.0,0.0,1.0,0.0
842833,0.0,0.0,0.0,0.0,0.0,2.0,0.0
843333,0.0,0.0,0.0,0.0,0.0,0.0,0.0
843354,0.0,0.0,0.0,0.0,0.0,1.0,0.0
843854,0.0,0.0,0.0,0.0,0.0,0.0,0.0
844854,0.0,0.0,0.0,0.0,0.0,1.0,0.0
844931,0.0,0.0,0.0,0.0,0.0,2.0,0.0
845431,0.0,0.0,0.0,0.0,0.0,0.0,0.0
846062,0.0,0.0,0.0,0.0,0.0,1.0,0.0
846562,0.0,0.0,0.0,0.0,0.0,0.0,0.0
848263,0.0,0.0,0.0,0.0,0.0,1.0,0.0
848450,0.0,0.0,0.0,0.0,0.0,2.0,0.0
848950,0.0,0.0,0.0,0.0,0.0,0.0,0.0
849132,0.0,0.0,0.0,0.0,0.0,1.0,0.0
849632,0.0,0.0,0.0,0.0,0.0,0.0,0.0
850204,0.0,0.0,0.0,0.0,0.0,1.0,0.0
850704,0.0,0.0,0.0,0.0,0.0,0.0,0.0
851000,0.0,0.0,0.0,0.0,0.0,1.0,0.0
851500,0.0,0.0,0.0,0.0,0.0,0.0,0.0
852237,0.0,0.0,0.0,0.0,0.0,1.0,0.0
852737,0.0,0.0,0.0,0.0,0.0,0.0,0.0
852740,0.0,0.0,0.0,0.0,0.0,1.0,0.0
852832,0.0,0.0,0.0,0.0,0.0,2.0,0.0
853332,0.0,0.0,0.0,0.0,0.0,0.0,0.0
853452,0.0,0.0,0.0,0.0,0.0,1.0,0.0
853952,0.0,0.0,0.0,0.0,0.0,0.0,0.0
853968,0.0,0.0,0.0,0.0,0.0,1.0,0.0
853977,0.0,0.0,0.0,0.0,0.0,2.0,0.0
854477,0.0,0.0,0.0,0.0,0.0,0.0,0.0
854604,0.0,0.0,0.0,0.0,0.0,1.0,0.0
855104,0.0,0.0,0.0,0.0,0.0,0.0,0.0
857187,0.0,0.0,0.0,0.0,0.0,1.0,0.0
857687,0.0,0.0,0.0,0.0,0.0,0.0,0.0
858752,0.0,0.0,0.0,0.0,0.0,1.0,0.0
858759,0.0,0.0,0.0,0.0,0.0,2.0,0.0
859259,0.0,0.0,0.0,0.0,0.0,0.0,0.0
859789,0.0,0.0,0.0,0.0,0.0,1.0,0.0
860289,0.0,0.0,0.0,0.0,0.0,0.0,0.0
860980,0.0,0.0,0.0,0.0,0.0,1.0,0.0
860999,0.0,0.0,0.0,0.0,0.0,2.0,0.0
861499,0.0,0.0,0.0,0.0,0.0,0.0,0.0
862442,0.0,0.0,0.0,0.0,0.0,1.0,0.0
862762,0.0,0.0,0.0,0.0,0.0,2.0,0.0
863060,0.0,0.0,0.0,0.0,1.0,2.0,0.0
863262,0.0,0.0,0.0,0.0,1.0,0.0,0.0
863560,0.0,0.0,0.0,0.0,0.0,0.0,0.0
864043,0.0,2.0,0.0,0.0,0.0,0.0,0.0
864045,0.0,2.0,0.0,0.0,0.0,1.0,0.0
864049,0.0,2.0,0.0,0.0,0.0,2.0,0.0
864190,0.0,2.0,0.0,0.0,1.0,2.0,0.0
864543,0.0,0.0,0.0,0.0,1.0,2.0,0.0
864549,0.0,0.0,0.0,0.0,1.0,0.0,0.0
864690,0.0,0.0,0.0,0.0,0.0,0.0,0.0
864719,0.0,0.0,0.0,0.0,1.0,0.0,0.0
865219,0.0,0.0,0.0,0.0,0.0,0.0,0.0
866502,0.0,0.0,0.0,0.0,0.0,1.0,0.0
866505,0.0,0.0,0.0,0.0,0.0,2.0,0.0
867005,0.0,0.0,0.0,0.0,0.0,0.0,0.0
867413,0.0,0.0,0.0,0.0,0.0,1.0,0.0
867913,0.0,0.0,0.0,0.0,0.0,0.0,0.0
868005,0.0,0.0,0.0,0.0,0.0,1.0,0.0
868385,0.0,0.0,0.0,0.0,0.0,2.0,0.0
868885,0.0,0.0,0.0,0.0,0.0,0.0,0.0
869094,0.0,0.0,0.0,0.0,0.0,1.0,0.0
869594,0.0,0.0,0.0,0.0,0.0,0.0,0.0
869791,0.0,0.0,0.0,0.0,0.0,1.0,0.0
870213,0.0,0.0,0.0,0.0,0.0,2.0,0.0
870713,0.0,0.0,0.0,0.0,0.0,0.0,0.0
871589,0.0,0.0,0.0,0.0,0.0,1.0,0.0
872089,0.0,0.0,0.0,0.0,0.0,0.0,0.0
872494,0.0,0.0,0.0,0.0,0.0,1.0,0.0
872994,0.0,0.0,0.0,0.0,0.0,0.0,0.0
874087,0.0,0.0,0.0,0.0,0.0,1.0,0.0
874538,0.0,0.0,1.0,0.0,0.0,1.0,0.0
874587,0.0,0.0,1.0,0.0,0.0,0.0,0.0
875538,0.0,0.0,0.0,0.0,0.0,0.0,0.0
875633,0.0,0.0,0.0,0.0,0.0,1.0,0.0
875645,0.0,0.0,1.0,0.0,0.0,1.0,0.0
875675,0.0,0.0,1.0,0.0,0.0,2.0,0.0
876175,0.0,0.0,1.0,0.0,0.0,0.0,0.0
876365,0.0,0.0,1.0,0.0,0.0,1.0,0.0
876645,0.0,0.0,0.0,0.0,0.0,1.0,0.0
876661,0.0,0.0,1.0,0.0,0.0,1.0,0.0
876865,0.0,0.0,1.0,0.0,0.0,0.0,0.0
877161,0.0,0.0,0.0,0.0,0.0,0.0,0.0
877234,0.0,0.0,1.0,0.0,0.0,0.0,0.0
877393,0.0,0.0,1.0,0.0,0.0,1.0,0.0
877734,0.0,0.0,0.0,0.0,0.0,1.0,0.0
877893,0.0,0.0,0.0,0.0,0.0,0.0,0.0
878006,0.0,0.0,0.0,0.0,0.0,1.0,0.0
878506,0.0,0.0,0.0,0.0,0.0,0.0,0.0
878710,0.0,0.0,0.0,0.0,0.0,1.0,0.0
879210,0.0,0.0,0.0,0.0,0.0,0.0,0.0
879226,0.0,0.0,0.0,0.0,0.0,1.0,0.0
879264,0.0,0.0,0.0,0.0,0.0,2.0,0.0
879764,0.0,0.0,0.0,0.0,0.0,0.0,0.0
879959,0.0,0.0,1.0,0.0,0.0,0.0,0.0
880748,0.0,0.0,1.0,0.0,0.0,1.0,0.0
881248,0.0,0.0,1.0,0.0,0.0,0.0,0.0
881968,0.0,0.0,1.0,0.0,0.0,1.0,0.0
881973,0.0,2.0,1.0,0.0,0.0,1.0,0.0
881975,0.0,2.0,1.0,0.0,0.0,2.0,0.0
882473,0.0,0.0,1.0,0.0,0.0,2.0,0.0
882475,0.0,0.0,1.0,0.0,0.0,0.0,0.0
882637,0.0,0.0,1.0,0.0,0.0,1.0,0.0
883137,0.0,0.0,1.0,0.0,0.0,0.0,0.0
883459,0.0,0.0,0.0,0.0,0.0,0.0,0.0
883460,0.0,0.0,1.0,0.0,0.0,0.0,0.0
883871,0.0,0.0,1.0,0.0,0.0,1.0,0.0
883960,0.0,0.0,0.0,0.0,0.0,1.0,0.0
884316,0.0,2.0,0.0,0.0,0.0,1.0,0.0
884371,0.0,2.0,0.0,0.0,0.0,0.0,0.0
884816,0.0,0.0,0.0,0.0,0.0,0.0,0.0
884895,0.0,0.0,0.0,0.0,0.0,1.0,0.0
884928,0.0,0.0,0.0,0.0,0.0,2.0,0.0
885276,0.0,0.0,1.0,0.0,0.0,2.0,0.0
885428,0.0,0.0,1.0,0.0,0.0,0.0,0.0
885733,0.0,0.0,1.0,0.0,0.0,1.0,0.0
885782,0.0,0.0,1.0,0.0,0.0,2.0,0.0
886282,0.0,0.0,1.0,0.0,0.0,0.0,0.0
886559,0.0,0.0,1.0,0.0,0.0,1.0,0.0
886805,0.0,0.0,1.0,0.0,0.0,2.0,0.0
886806,0.0,0.0,1.0,0.0,1.0,2.0,0.0
887305,0.0,0.0,1.0,0.0,1.0,0.0,0.0
887306,0.0,0.0,1.0,0.0,0.0,0.0,0.0
887312,0.0,0.0,1.0,0.0,0.0,1.0,0.0
887812,0.0,0.0,1.0,0.0,0.0,0.0,0.0
887885,0.0,0.0,1.0,0.0,0.0,1.0,0.0
888111,0.0,0.0,1.0,0.0,0.0,2.0,0.0
888611,0.0,0.0,1.0,0.0,0.0,0.0,0.0
890031,0.0,0.0,1.0,0.0,0.0,1.0,0.0
890037,0.0,0.0,1.0,0.0,0.0,2.0,0.0
890537,0.0,0.0,1.0,0.0,0.0,0.0,0.0
890538,0.0,0.0,1.0,0.0,0.0,1.0,0.0
890760,0.0,0.0,1.0,0.0,0.0,2.0,0.0
891260,0.0,0.0,1.0,0.0,0.0,0.0,0.0
891393,0.0,0.0,1.0,0.0,0.0,1.0,0.0
891396,0.0,0.0,1.0,0.0,0.0,2.0,0.0
891896,0.0,0.0,1.0,0.0,0.0,0.0,0.0
892441,0.0,0.0,1.0,0.0,0.0,1.0,0.0
892447,0.0,0.0,1.0,0.0,0.0,2.0,0.0
892947,0.0,0.0,1.0,0.0,0.0,0.0,0.0
893087,0.0,0.0,1.0,0.0,0.0,1.0,0.0
893587,0.0,0.0,1.0,0.0,0.0,0.0,0.0
894283,0.0,0.0,1.0,0.0,0.0,1.0,0.0
894669,0.0,0.0,1.0,0.0,0.0,2.0,0.0
895169,0.0,0.0,1.0,0.0,0.0,0.0,0.0
895412,0.0,0.0,1.0,0.0,0.0,1.0,0.0
895418,0.0,0.0,1.0,0.0,0.0,2.0,0.0
895918,0.0,0.0,1.0,0.0,0.0,0.0,0.0
896099,0.0,0.0,1.0,0.0,0.0,1.0,0.0
896599,0.0,0.0,1.0,0.0,0.0,0.0,0.0
896600,0.0,0.0,1.0,0.0,0.0,1.0,0.0
896604,0.0,0.0,1.0,0.0,1.0,1.0,0.0
896607,0.0,0.0,1.0,0.0,1.0,2.0,0.0
897104,0.0,0.0,1.0,0.0,0.0,2.0,0.0
897107,0.0,0.0,1.0,0.0,0.0,0.0,0.0
897822,0.0,0.0,1.0,0.0,0.0,1.0,0.0
897941,0.0,0.0,1.0,0.0,0.0,2.0,0.0
898441,0.0,0.0,1.0,0.0,0.0,0.0,0.0
899366,0.0,0.0,1.0,0.0,0.0,1.0,0.0
899593,0.0,0.0,1.0,0.0,0.0,2.0,0.0
900093,0.0,0.0,1.0,0.0,0.0,0.0,0.0
900276,0.0,0.0,0.0,0.0,0.0,0.0,0.0
901667,0.0,0.0,0.0,0.0,0.0,1.0,0.0
902167,0.0,0.0,0.0,0.0,0.0,0.0,0.0
902180,0.0,0.0,0.0,0.0,0.0,1.0,0.0
902680,0.0,0.0,0.0,0.0,0.0,0.0,0.0
903773,0.0,0.0,0.0,0.0,0.0,1.0,0.0
904273,0.0,0.0,0.0,0.0,0.0,0.0,0.0
904346,0.0,0.0,0.0,0.0,0.0,1.0,0.0
904349,0.0,0.0,0.0,0.0,0.0,2.0,0.0
904849,0.0,0.0,0.0,0.0,0.0,0.0,0.0
907335,0.0,0.0,0.0,0.0,0.0,1.0,0.0
907835,0.0,0.0,0.0,0.0,0.0,0.0,0.0
908178,0.0,0.0,0.0,0.0,0.0,1.0,0.0
908600,0.0,0.0,0.0,0.0,0.0,2.0,0.0
909100,0.0,0.0,0.0,0.0,0.0,0.0,0.0
911946,0.0,0.0,0.0,0.0,0.0,1.0,0.0
912446,0.0,0.0,0.0,0.0,0.0,0.0,0.0
912507,0.0,0.0,0.0,0.0,0.0,1.0,0.0
913007,0.0,0.0,0.0,0.0,0.0,0.0,0.0
915766,0.0,0.0,0.0,0.0,0.0,1.0,0.0
916266,0.0,0.0,0.0,0.0,0.0,0.0,0.0
923046,0.0,0.0,0.0,0.0,0.0,1.0,0.0
923546,0.0,0.0,0.0,0.0,0.0,0.0,0.0
924692,0.0,0.0,0.0,0.0,0.0,1.0,0.0
925192,0.0,0.0,0.0,0.0,0.0,0.0,0.0
925436,0.0,0.0,0.0,0.0,0.0,1.0,0.0
925936,0.0,0.0,0.0,0.0,0.0,0.0,0.0
927210,0.0,0.0,0.0,0.0,0.0,1.0,0.0
927710,0.0,0.0,0.0,0.0,0.0,0.0,0.0
929131,0.0,0.0,0.0,0.0,0.0,1.0,0.0
929631,0.0,0.0,0.0,0.0,0.0,0.0,0.0
929778,0.0,0.0,0.0,0.0,0.0,1.0,0.0
930278,0.0,0.0,0.0,0.0,0.0,0.0,0.0
932202,0.0,0.0,0.0,0.0,0.0,1.0,0.0
932702,0.0,0.0,0.0,0.0,0.0,0.0,0.0
933104,0.0,0.0,0.0,0.0,0.0,1.0,0.0
933604,0.0,0.0,0.0,0.0,0.0,0.0,0.0
933722,0.0,0.0,0.0,0.0,0.0,1.0,0.0
934222,0.0,0.0,0.0,0.0,0.0,0.0,0.0
936437,0.0,0.0,0.0,0.0,0.0,1.0,0.0
936750,0.0,0.0,0.0,0.0,0.0,2.0,0.0
937250,0.0,0.0,0.0,0.0,0.0,0.0,0.0
940097,0.0,0.0,0.0,0.0,1.0,0.0,0.0
940294,0.0,0.0,0.0,0.0,1.0,1.0,0.0
940597,0.0,0.0,0.0,0.0,0.0,1.0,0.0
940794,0.0,0.0,0.0,0.0,0.0,0.0,0.0
945300,0.0,0.0,0.0,0.0,0.0,1.0,0.0
945800,0.0,0.0,0.0,0.0,0.0,0.0,0.0
946543,0.0,0.0,0.0,0.0,0.0,1.0,0.0
947043,0.0,0.0,0.0,0.0,0.0,0.0,0.0
947081,0.0,0.0,0.0,0.0,0.0,1.0,0.0
947581,0.0,0.0,0.0,0.0,0.0,0.0,0.0
947702,0.0,0.0,0.0,0.0,0.0,1.0,0.0
948202,0.0,0.0,0.0,0.0,0.0,0.0,0.0
951194,0.0,0.0,0.0,0.0,0.0,1.0,0.0
951694,0.0,0.0,0.0,0.0,0.0,0.0,0.0
951728,0.0,0.0,0.0,0.0,0.0,1.0,0.0
952228,0.0,0.0,0.0,0.0,0.0,0.0,0.0
954940,0.0,0.0,0.0,0.0,0.0,1.0,0.0
955440,0.0,0.0,0.0,0.0,0.0,0.0,0.0
956759,0.0,0.0,0.0,0.0,0.0,1.0,0.0
957259,0.0,0.0,0.0,0.0,0.0,0.0,0.0
959533,0.0,0.0,0.0,0.0,0.0,1.0,0.0
960033,0.0,0.0,0.0,0.0,0.0,0.0,0.0
960703,0.0,0.0,0.0,0.0,0.0,1.0,0.0
961203,0.0,0.0,0.0,0.0,0.0,0.0,0.0
961864,0.0,0.0,0.0,0.0,0.0,1.0,0.0
962364,0.0,0.0,0.0,0.0,0.0,0.0,0.0
962968,0.0,0.0,0.0,0.0,0.0,1.0,0.0
963468,0.0,0.0,0.0,0.0,0.0,0.0,0.0
967776,0.0,0.0,0.0,0.0,0.0,1.0,0.0
967783,0.0,0.0,0.0,0.0,0.0,2.0,0.0
968283,0.0,0.0,0.0,0.0,0.0,0.0,0.0
970384,0.0,0.0,0.0,0.0,0.0,1.0,0.0
970884,0.0,0.0,0.0,0.0,0.0,0.0,0.0
971353,0.0,0.0,0.0,0.0,0.0,1.0,0.0
971354,0.0,0.0,0.0,0.0,0.0,2.0,0.0
971854,0.0,0.0,0.0,0.0,0.0,0.0,0.0
980043,0.0,0.0,0.0,0.0,0.0,1.0,0.0
980543,0.0,0.0,0.0,0.0,0.0,0.0,0.0
982424,0.0,0.0,0.0,0.0,0.0,1.0,0.0
982426,0.0,0.0,0.0,0.0,1.0,2.0,0.0
982926,0.0,0.0,0.0,0.0,0.0,0.0,0.0
987917,0.0,0.0,0.0,0.0,0.0,1.0,0.0
988417,0.0,0.0,0.0,0.0,0.0,0.0,0.0
989709,0.0,0.0,0.0,0.0,0.0,1.0,0.0
990209,0.0,0.0,0.0,0.0,0.0,0.0,0.0
994179,0.0,0.0,0.0,0.0,0.0,1.0,0.0
994679,0.0,0.0,0.0,0.0,0.0,0.0,0.0
999038,0.0,0.0,0.0,0.0,0.0,1.0,0.0
999538,0.0,0.0,0.0,0.0,0.0,0.0,0.0
1000000,0.0,0.0,0.0,0.0,0.0,0.0,1.0
1000012,0.0,0.0,0.0,0.0,0.0,1.0,1.0
1000014,0.0,0.0,0.0,0.0,0.0,2.0,1.0
1000095,2.0,0.0,0.0,0.0,0.0,2.0,1.0
1000175,2.0,2.0,0.0,0.0,0.0,2.0,1.0
1000454,2.0,2.0,0.0,0.0,1.0,2.0,1.0
1000500,2.0,2.0,0.0,0.0,1.0,2.0,0.0
1000514,2.0,2.0,0.0,0.0,1.0,0.0,0.0
1000542,2.0,2.0,0.0,0.0,2.0,0.0,0.0
1000595,0.0,2.0,0.0,0.0,2.0,0.0,0.0
1000675,0.0,0.0,0.0,0.0,2.0,0.0,0.0
1000848,0.0,0.0,0.0,0.0,2.0,1.0,0.0
1001042,0.0,0.0,0.0,0.0,0.0,1.0,0.0
1001300,0.0,0.0,1.0,0.0,0.0,1.0,0.0
1001348,0.0,0.0,1.0,0.0,0.0,0.0,0.0
1002401,0.0,0.0,1.0,0.0,0.0,1.0,0.0
1002694,0.0,0.0,2.0,0.0,0.0,1.0,0.0
1002901,0.0,0.0,2.0,0.0,0.0,0.0,0.0
1002984,0.0,0.0,2.0,0.0,0.0,1.0,0.0
1003038,0.0,0.0,2.0,0.0,0.0,2.0,0.0
1003194,0.0,0.0,0.0,0.0,0.0,2.0,0.0
1003242,0.0,0.0,1.0,0.0,0.0,2.0,0.0
1003538,0.0,0.0,1.0,0.0,0.0,0.0,0.0
1004367,0.0,0.0,1.0,0.0,0.0,1.0,0.0
1004720,0.0,0.0,1.0,0.0,0.0,2.0,0.0
1005220,0.0,0.0,1.0,0.0,0.0,0.0,0.0
1005575,0.0,0.0,1.0,0.0,0.0,1.0,0.0
1005593,0.0,0.0,1.0,0.0,0.0,2.0,0.0
1006093,0.0,0.0,1.0,0.0,0.0,0.0,0.0
1006352,0.0,0.0,1.0,0.0,0.0,1.0,0.0
1006852,0.0,0.0,1.0,0.0,0.0,0.0,0.0
1007242,0.0,0.0,0.0,0.0,0.0,0.0,0.0
1007383,0.0,0.0,0.0,0.0,0.0,1.0,0.0
1007883,0.0,0.0,0.0,0.0,0.0,0.0,0.0
1008190,0.0,0.0,0.0,0.0,0.0,1.0,0.0
1008567,0.0,0.0,0.0,0.0,0.0,2.0,0.0
1009067,0.0,0.0,0.0,0.0,0.0,0.0,0.0
1010091,0.0,0.0,0.0,0.0,0.0,1.0,0.0
1010591,0.0,0.0,0.0,0.0,0.0,0.0,0.0
1011725,0.0,0.0,0.0,0.0,0.0,1.0,0.0
1011878,0.0,0.0,0.0,0.0,0.0,2.0,0.0
1012378,0.0,0.0,0.0,0.0,0.0,0.0,0.0
1013326,0.0,0.0,0.0,0.0,0.0,1.0,0.0
1013826,0.0,0.0,0.0,0.0,0.0,0.0,0.0
1013950,0.0,0.0,0.0,0.0,0.0,1.0,0.0
1014450,0.0,0.0,0.0,0.0,0.0,0.0,0.0
1016806,0.0,0.0,0.0,0.0,0.0,1.0,0.0
1017306,0.0,0.0,0.0,0.0,0.0,0.0,0.0
1017608,0.0,0.0,0.0,0.0,0.0,1.0,0.0
1017614,0.0,0.0,0.0,0.0,0.0,2.0,0.0
1018114,0.0,0.0,0.0,0.0,0.0,0.0,0.0
1018149,0.0,0.0,0.0,0.0,0.0,1.0,0.0
1018153,0.0,0.0,0.0,0.0,0.0,2.0,0.0
1018653,0.0,0.0,0.0,0.0,0.0,0.0,0.0
1018730,0.0,0.0,0.0,0.0,0.0,1.0,0.0
1018737,0.0,0.0,0.0,0.0,0.0,2.0,0.0
1019237,0.0,0.0,0.0,0.0,0.0,0.0,0.0
1019636,0.0,0.0,0.0,0.0,0.0,1.0,0.0
1020136,0.0,0.0,0.0,0.0,0.0,0.0,0.0
1020871,0.0,0.0,0.0,0.0,0.0,1.0,0.0
1020942,0.0,2.0,0.0,0.0,0.0,1.0,0.0
1021371,0.0,2.0,0.0,0.0,0.0,0.0,0.0
1021442,0.0,0.0,0.0,0.0,0.0,0.0,0.0
1021499,0.0,0.0,0.0,0.0,0.0,1.0,0.0
1021999,0.0,0.0,0.0,0.0,0.0,0.0,0.0
1023356,0.0,0.0,0.0,0.0,0.0,1.0,0.0
1023407,0.0,0.0,0.0,0.0,0.0,2.0,0.0
1023907,0.0,0.0,0.0,0.0,0.0,0.0,0.0
1024386,0.0,0.0,0.0,0.0,0.0,1.0,0.0
1024416,0.0,0.0,0.0,0.0,0.0,2.0,0.0
1024916,0.0,0.0,0.0,0.0,0.0,0.0,0.0
1026551,0.0,0.0,0.0,0.0,0.0,1.0,0.0
1026562,0.0,0.0,0.0,0.0,0.0,2.0,0.0
1027062,0.0,0.0,0.0,0.0,0.0,0.0,0.0
1027214,0.0,0.0,0.0,0.0,0.0,1.0,0.0
1027714,0.0,0.0,0.0,0.0,0.0,0.0,0.0
1028178,0.0,0.0,0.0,0.0,0.0,1.0,0.0
1028678,0.0,0.0,0.0,0.0,0.0,0.0,0.0
1029168,0.0,0.0,0.0,0.0,0.0,1.0,0.0
1029381,0.0,0.0,0.0,0.0,0.0,2.0,0.0
1029881,0.0,0.0,0.0,0.0,0.0,0.0,0.0
1031173,0.0,0.0,0.0,0.0,0.0,1.0,0.0
1031673,0.0,0.0,0.0,0.0,0.0,0.0,0.0
1031706,0.0,0.0,0.0,0.0,0.0,1.0,0.0
1031825,0.0,0.0,0.0,0.0,0.0,2.0,0.0
1032325,0.0,0.0,0.0,0.0,0.0,0.0,0.0
1032754,0.0,0.0,0.0,0.0,0.0,1.0,0.0
1033254,0.0,0.0,0.0,0.0,0.0,0.0,0.0
1033859,0.0,2.0,0.0,0.0,0.0,0.0,0.0
1034179,0.0,2.0,0.0,0.0,0.0,1.0,0.0
1034359,0.0,0.0,0.0,0.0,0.0,1.0,0.0
1034679,0.0,0.0,0.0,0.0,0.0,0.0,0.0
1034967,0.0,0.0,0.0,0.0,0.0,1.0,0.0
1035467,0.0,0.0,0.0,0.0,0.0,0.0,0.0
1035739,0.0,0.0,0.0,0.0,0.0,1.0,0.0
1035817,0.0,0.0,0.0,0.0,0.0,2.0,0.0
1036317,0.0,0.0,0.0,0.0,0.0,0.0,0.0
1037323,0.0,0.0,0.0,0.0,0.0,1.0,0.0
1037823,0.0,0.0,0.0,0.0,0.0,0.0,0.0
1038476,0.0,0.0,0.0,0.0,0.0,1.0,0.0
1038480,0.0,0.0,0.0,0.0,0.0,2.0,0.0
1038980,0.0,0.0,0.0,0.0,0.0,0.0,0.0
1039785,0.0,0.0,0.0,0.0,0.0,1.0,0.0
1040285,0.0,0.0,0.0,0.0,0.0,0.0,0.0
1040341,0.0,0.0,0.0,0.0,0.0,1.0,0.0
1040359,0.0,0.0,0.0,0.0,0.0,2.0,0.0
1040859,0.0,0.0,0.0,0.0,0.0,0.0,0.0
1040964,0.0,0.0,0.0,0.0,0.0,1.0,0.0
1041464,0.0,0.0,0.0,0.0,0.0,0.0,0.0
1041500,0.0,0.0,0.0,0.0,0.0,1.0,0.0
1042000,0.0,0.0,0.0,0.0,0.0,0.0,0.0
1042230,0.0,0.0,0.0,0.0,0.0,1.0,0.0
1043230,0.0,0.0,0.0,0.0,0.0,0.0,0.0
1043493,0.0,0.0,0.0,0.0,0.0,1.0,0.0
1043993,0.0,0.0,0.0,0.0,0.0,0.0,0.0
1044039,0.0,0.0,0.0,0.0,0.0,1.0,0.0
1044046,0.0,0.0,0.0,0.0,0.0,2.0,0.0
1044546,0.0,0.0,0.0,0.0,0.0,0.0,0.0
1045122,0.0,0.0,0.0,0.0,0.0,1.0,0.0
1045126,0.0,0.0,0.0,0.0,0.0,2.0,0.0
1045626,0.0,0.0,0.0,0.0,0.0,0.0,0.0
1045716,0.0,0.0,0.0,0.0,0.0,1.0,0.0
1045797,0.0,0.0,0.0,0.0,0.0,2.0,0.0
1046297,0.0,0.0,0.0,0.0,0.0,1.0,0.0
1046304,0.0,0.0,0.0,0.0,0.0,2.0,0.0
1046804,0.0,0.0,0.0,0.0,0.0,0.0,0.0
1047311,0.0,0.0,0.0,0.0,0.0,1.0,0.0
1047811,0.0,0.0,0.0,0.0,0.0,0.0,0.0
1047958,0.0,0.0,0.0,0.0,0.0,1.0,0.0
1048032,0.0,0.0,0.0,0.0,0.0,2.0,0.0
1048532,0.0,0.0,0.0,0.0,0.0,0.0,0.0
1048622,0.0,0.0,0.0,0.0,0.0,1.0,0.0
1049122,0.0,0.0,0.0,0.0,0.0,0.0,0.0
1049467,0.0,0.0,0.0,0.0,0.0,1.0,0.0
1049967,0.0,0.0,0.0,0.0,0.0,0.0,0.0
1050483,0.0,0.0,0.0,0.0,0.0,1.0,0.0
1050983,0.0,0.0,0.0,0.0,0.0,0.0,0.0
1051136,0.0,0.0,0.0,0.0,0.0,1.0,0.0
1051636,0.0,0.0,0.0,0.0,0.0,0.0,0.0
1052220,0.0,0.0,0.0,0.0,0.0,1.0,0.0
1052248,0.0,0.0,0.0,0.0,0.0,2.0,0.0
1052748,0.0,0.0,0.0,0.0,0.0,0.0,0.0
1053037,0.0,0.0,0.0,0.0,0.0,1.0,0.0
1053047,0.0,0.0,0.0,0.0,0.0,2.0,0.0
1053547,0.0,0.0,0.0,0.0,0.0,0.0,0.0
1053651,0.0,0.0,0.0,0.0,0.0,1.0,0.0
1054151,0.0,0.0,0.0,0.0,0.0,0.0,0.0
1055428,0.0,0.0,0.0,0.0,0.0,1.0,0.0
1055431,0.0,0.0,0.0,0.0,0.0,2.0,0.0
1055931,0.0,0.0,0.0,0.0,0.0,0.0,0.0
1058076,0.0,0.0,0.0,0.0,0.0,1.0,0.0
1058079,0.0,0.0,0.0,0.0,0.0,2.0,0.0
1058170,0.0,0.0,0.0,0.0,1.0,2.0,0.0
1058579,0.0,0.0,0.0,0.0,1.0,0.0,0.0
1058670,0.0,0.0,0.0,0.0,0.0,0.0,0.0
1058827,0.0,0.0,0.0,0.0,0.0,1.0,0.0
1059327,0.0,0.0,0.0,0.0,0.0,0.0,0.0
1059375,0.0,0.0,0.0,0.0,0.0,1.0,0.0
1059875,0.0,0.0,0.0,0.0,0.0,0.0,0.0
1060333,0.0,0.0,0.0,0.0,0.0,1.0,0.0
1060336,0.0,0.0,0.0,0.0,0.0,2.0,0.0
1060836,0.0,0.0,0.0,0.0,0.0,0.0,0.0
1062080,0.0,0.0,0.0,0.0,0.0,1.0,0.0
1062098,0.0,0.0,0.0,0.0,0.0,2.0,0.0
1062598,0.0,0.0,0.0,0.0,0.0,0.0,0.0
1063116,0.0,2.0,0.0,0.0,0.0,0.0,0.0
1063612,0.0,2.0,0.0,0.0,0.0,1.0,0.0
1063616,0.0,0.0,0.0,0.0,0.0,1.0,0.0
1064112,0.0,0.0,0.0,0.0,0.0,0.0,0.0
1064621,0.0,0.0,0.0,0.0,0.0,1.0,0.0
1065121,0.0,0.0,0.0,0.0,0.0,0.0,0.0
1065273,0.0,0.0,0.0,0.0,0.0,1.0,0.0
1065773,0.0,0.0,0.0,0.0,0.0,0.0,0.0
1066342,0.0,0.0,0.0,0.0,0.0,1.0,0.0
1066842,0.0,0.0,0.0,0.0,0.0,0.0,0.0
1066937,0.0,0.0,0.0,0.0,0.0,1.0,0.0
1067437,0.0,0.0,0.0,0.0,0.0,0.0,0.0
1067818,0.0,0.0,0.0,0.0,0.0,1.0,0.0
1068318,0.0,0.0,0.0,0.0,0.0,0.0,0.0
1068576,0.0,0.0,0.0,0.0,0.0,1.0,0.0
1069076,0.0,0.0,0.0,0.0,0.0,0.0,0.0
1069599,0.0,0.0,0.0,0.0,0.0,1.0,0.0
1070099,0.0,0.0,0.0,0.0,0.0,0.0,0.0
1070493,0.0,0.0,0.0,0.0,0.0,1.0,0.0
1070993,0.0,0.0,0.0,0.0,0.0,0.0,0.0
1071022,0.0,0.0,0.0,0.0,0.0,1.0,0.0
1071025,0.0,0.0,0.0,0.0,0.0,2.0,0.0
1071525,0.0,0.0,0.0,0.0,0.0,0.0,0.0
1072383,0.0,0.0,0.0,0.0,0.0,1.0,0.0
1072883,0.0,0.0,0.0,0.0,0.0,0.0,0.0
1073061,0.0,0.0,0.0,0.0,0.0,1.0,0.0
1073064,0.0,0.0,0.0,0.0,0.0,2.0,0.0
1073564,0.0,0.0,0.0,0.0,0.0,0.0,0.0
1074041,0.0,0.0,0.0,0.0,0.0,1.0,0.0
1074061,0.0,0.0,0.0,0.0,0.0,2.0,0.0
1074561,0.0,0.0,0.0,0.0,0.0,0.0,0.0
1074627,0.0,0.0,0.0,0.0,0.0,1.0,0.0
1075127,0.0,0.0,0.0,0.0,0.0,0.0,0.0
1075149,0.0,0.0,0.0,0.0,0.0,1.0,0.0
1075649,0.0,0.0,0.0,0.0,0.0,0.0,0.0
1075737,0.0,0.0,0.0,0.0,0.0,1.0,0.0
1075873,0.0,0.0,0.0,0.0,0.0,2.0,0.0
1076373,0.0,0.0,0.0,0.0,0.0,0.0,0.0
1077213,0.0,0.0,0.0,0.0,0.0,1.0,0.0
1077484,0.0,0.0,0.0,0.0,0.0,2.0,0.0
1077984,0.0,0.0,0.0,0.0,0.0,0.0,0.0
1078364,0.0,0.0,0.0,0.0,0.0,1.0,0.0
1078864,0.0,0.0,0.0,0.0,0.0,0.0,0.0
1080115,0.0,0.0,0.0,0.0,0.0,1.0,0.0
1080118,0.0,0.0,0.0,0.0,0.0,2.0,0.0
1080618,0.0,0.0,0.0,0.0,0.0,0.0,0.0
1080681,0.0,0.0,0.0,0.0,0.0,1.0,0.0
1080712,0.0,0.0,0.0,0.0,0.0,2.0,0.0
1081212,0.0,0.0,0.0,0.0,0.0,0.0,0.0
1081802,0.0,0.0,0.0,0.0,0.0,1.0,0.0
1081811,0.0,0.0,0.0,0.0,0.0,2.0,0.0
1082311,0.0,0.0,0.0,0.0,0.0,0.0,0.0
1082622,0.0,0.0,0.0,0.0,0.0,1.0,0.0
1083122,0.0,0.0,0.0,0.0,0.0,0.0,0.0
1083586,0.0,0.0,0.0,0.0,0.0,1.0,0.0
1084086,0.0,0.0,0.0,0.0,0.0,0.0,0.0
1084599,0.0,0.0,0.0,0.0,0.0,1.0,0.0
1085099,0.0,0.0,0.0,0.0,0.0,0.0,0.0
1086358,0.0,2.0,0.0,0.0,0.0,0.0,0.0
1086858,0.0,0.0,0.0,0.0,0.0,0.0,0.0
1087144,0.0,0.0,0.0,0.0,0.0,1.0,0.0
1087644,0.0,0.0,0.0,0.0,0.0,0.0,0.0
1089315,0.0,0.0,0.0,0.0,0.0,1.0,0.0
1089815,0.0,0.0,0.0,0.0,0.0,0.0,0.0
1090403,0.0,0.0,0.0,0.0,0.0,1.0,0.0
1090903,0.0,0.0,0.0,0.0,0.0,0.0,0.0
1090946,0.0,0.0,0.0,0.0,0.0,1.0,0.0
1090952,0.0,0.0,0.0,0.0,0.0,2.0,0.0
1091452,0.0,0.0,0.0,0.0,0.0,0.0,0.0
1092424,0.0,0.0,0.0,0.0,0.0,1.0,0.0
1092575,0.0,0.0,0.0,0.0,0.0,2.0,0.0
1093075,0.0,0.0,0.0,0.0,0.0,0.0,0.0
1093215,0.0,0.0,0.0,0.0,0.0,1.0,0.0
1093385,0.0,0.0,0.0,0.0,0.0,2.0,0.0
1093885,0.0,0.0,0.0,0.0,0.0,0.0,0.0
1094297,0.0,0.0,0.0,0.0,0.0,1.0,0.0
1094756,0.0,0.0,0.0,0.0,0.0,2.0,0.0
1095256,0.0,0.0,0.0,0.0,0.0,0.0,0.0
1095540,0.0,0.0,0.0,0.0,0.0,1.0,0.0
1096040,0.0,0.0,0.0,0.0,0.0,0.0,0.0
1096247,0.0,0.0,0.0,0.0,0.0,1.0,0.0
1096250,0.0,0.0,0.0,0.0,0.0,2.0,0.0
1096750,0.0,0.0,0.0,0.0,0.0,0.0,0.0
1096854,0.0,0.0,0.0,0.0,0.0,1.0,0.0
1097354,0.0,0.0,0.0,0.0,0.0,0.0,0.0
1097823,0.0,0.0,0.0,0.0,0.0,1.0,0.0
1097825,0.0,0.0,0.0,0.0,0.0,2.0,0.0
1098325,0.0,0.0,0.0,0.0,0.0,0.0,0.0
1098776,0.0,0.0,0.0,0.0,0.0,1.0,0.0
1099276,0.0,0.0,0.0,0.0,0.0,0.0,0.0
1100122,0.0,0.0,0.0,0.0,0.0,1.0,0.0
1100622,0.0,0.0,0.0,0.0,0.0,0.0,0.0
1101045,0.0,0.0,0.0,0.0,1.0,0.0,0.0
1101545,0.0,0.0,0.0,0.0,0.0,0.0,0.0
1105024,0.0,0.0,0.0,0.0,0.0,1.0,0.0
1105524,0.0,0.0,0.0,0.0,0.0,0.0,0.0
1110022,0.0,0.0,0.0,0.0,0.0,1.0,0.0
1110050,0.0,0.0,0.0,0.0,0.0,2.0,0.0
1110550,0.0,0.0,0.0,0.0,0.0,0.0,0.0
1113586,0.0,0.0,0.0,0.0,0.0,1.0,0.0
1114086,0.0,0.0,0.0,0.0,0.0,0.0,0.0
1122098,0.0,0.0,0.0,0.0,0.0,1.0,0.0
1122598,0.0,0.0,0.0,0.0,0.0,0.0,0.0
1125238,0.0,0.0,0.0,0.0,0.0,1.0,0.0
1125738,0.0,0.0,0.0,0.0,0.0,0.0,0.0
1126580,0.0,0.0,0.0,0.0,0.0,1.0,0.0
1127080,0.0,0.0,0.0,0.0,0.0,0.0,0.0
1127136,0.0,0.0,0.0,0.0,0.0,1.0,0.0
1127636,0.0,0.0,0.0,0.0,0.0,0.0,0.0
1127753,0.0,0.0,0.0,0.0,0.0,1.0,0.0
1128253,0.0,0.0,0.0,0.0,0.0,0.0,0.0
1129355,0.0,0.0,0.0,0.0,0.0,1.0,0.0
1129855,0.0,0.0,0.0,0.0,0.0,0.0,0.0
1129857,0.0,0.0,0.0,0.0,0.0,1.0,0.0
1130357,0.0,0.0,0.0,0.0,0.0,0.0,0.0
1132306,0.0,0.0,0.0,0.0,0.0,1.0,0.0
1132806,0.0,0.0,0.0,0.0,0.0,0.0,0.0
1133501,0.0,0.0,0.0,0.0,0.0,1.0,0.0
1134001,0.0,0.0,0.0,0.0,0.0,0.0,0.0
1134385,0.0,0.0,0.0,0.0,0.0,1.0,0.0
1134885,0.0,0.0,0.0,0.0,0.0,0.0,0.0
1135333,0.0,0.0,0.0,0.0,0.0,1.0,0.0
1135833,0.0,0.0,0.0,0.0,0.0,0.0,0.0
1137459,0.0,0.0,0.0,0.0,0.0,1.0,0.0
1137959,0.0,0.0,0.0,0.0,0.0,0.0,0.0
1138907,0.0,0.0,0.0,0.0,0.0,1.0,0.0
1139407,0.0,0.0,0.0,0.0,0.0,0.0,0.0
1141780,0.0,0.0,0.0,0.0,0.0,1.0,0.0
1142280,0.0,0.0,0.0,0.0,0.0,0.0,0.0
1143218,0.0,0.0,0.0,0.0,0.0,1.0,0.0
1143718,0.0,0.0,0.0,0.0,0.0,0.0,0.0
1144242,0.0,0.0,0.0,0.0,0.0,1.0,0.0
1144742,0.0,0.0,0.0,0.0,0.0,0.0,0.0
1146737,0.0,0.0,0.0,0.0,0.0,1.0,0.0
1147237,0.0,0.0,0.0,0.0,0.0,0.0,0.0
1147527,0.0,0.0,0.0,0.0,0.0,1.0,0.0
1148027,0.0,0.0,0.0,0.0,0.0,0.0,0.0
1148401,0.0,0.0,0.0,0.0,0.0,1.0,0.0
1148403,0.0,0.0,0.0,0.0,0.0,2.0,0.0
1148903,0.0,0.0,0.0,0.0,0.0,0.0,0.0
1151866,0.0,0.0,0.0,0.0,0.0,1.0,0.0
1152366,0.0,0.0,0.0,0.0,0.0,0.0,0.0
1152700,0.0,0.0,0.0,0.0,0.0,1.0,0.0
1153200,0.0,0.0,0.0,0.0,0.0,0.0,0.0
1153621,0.0,0.0,0.0,0.0,0.0,1.0,0.0
1154121,0.0,0.0,0.0,0.0,0.0,0.0,0.0
1155081,0.0,0.0,0.0,0.0,0.0,1.0,0.0
1155581,0.0,0.0,0.0,0.0,0.0,0.0,0.0
1155902,0.0,0.0,0.0,0.0,0.0,1.0,0.0
1156402,0.0,0.0,0.0,0.0,0.0,0.0,0.0
1156813,0.0,0.0,0.0,0.0,0.0,1.0,0.0
1157313,0.0,0.0,0.0,0.0,0.0,0.0,0.0
1159383,0.0,0.0,0.0,0.0,0.0,1.0,0.0
1159883,0.0,0.0,0.0,0.0,0.0,0.0,0.0
1160871,0.0,0.0,0.0,0.0,0.0,1.0,0.0
1161371,0.0,0.0,0.0,0.0,0.0,0.0,0.0
1161562,0.0,0.0,0.0,0.0,0.0,1.0,0.0
1162062,0.0,0.0,0.0,0.0,0.0,0.0,0.0
1164342,0.0,0.0,0.0,0.0,0.0,1.0,0.0
1164842,0.0,0.0,0.0,0.0,0.0,0.0,0.0
1166045,0.0,0.0,0.0,0.0,1.0,0.0,0.0
1166545,0.0,0.0,0.0,0.0,0.0,0.0,0.0
1169536,0.0,0.0,0.0,0.0,1.0,0.0,0.0
1169820,0.0,0.0,0.0,0.0,1.0,1.0,0.0
1170036,0.0,0.0,0.0,0.0,0.0,1.0,0.0
1170320,0.0,0.0,0.0,0.0,0.0,0.0,0.0
1170429,0.0,0.0,0.0,0.0,0.0,1.0,0.0
1170929,0.0,0.0,0.0,0.0,0.0,0.0,0.0
1172954,0.0,0.0,0.0,0.0,0.0,1.0,0.0
1172959,0.0,0.0,0.0,0.0,0.0,2.0,0.0
1173459,0.0,0.0,0.0,0.0,0.0,0.0,0.0
1177133,0.0,0.0,0.0,0.0,0.0,1.0,0.0
1177633,0.0,0.0,0.0,0.0,0.0,0.0,0.0
1178174,0.0,0.0,0.0,0.0,0.0,1.0,0.0
1178674,0.0,0.0,0.0,0.0,0.0,0.0,0.0
1184989,0.0,0.0,0.0,0.0,0.0,1.0,0.0
1185489,0.0,0.0,0.0,0.0,0.0,0.0,0.0
1185511,0.0,0.0,0.0,0.0,0.0,1.0,0.0
1186011,0.0,0.0,0.0,0.0,0.0,0.0,0.0
1186562,0.0,0.0,0.0,0.0,0.0,1.0,0.0
1187062,0.0,0.0,0.0,0.0,0.0,0.0,0.0
1187667,0.0,0.0,0.0,0.0,0.0,1.0,0.0
1188167,0.0,0.0,0.0,0.0,0.0,0.0,0.0
1188871,0.0,0.0,0.0,0.0,0.0,1.0,0.0
1189371,0.0,0.0,0.0,0.0,0.0,0.0,0.0
1195526,0.0,0.0,0.0,0.0,0.0,1.0,0.0
1196026,0.0,0.0,0.0,0.0,0.0,0.0,0.0
1197703,0.0,0.0,0.0,0.0,0.0,1.0,0.0
1198203,0.0,0.0,0.0,0.0,0.0,0.0,0.0
1198610,0.0,0.0,0.0,0.0,0.0,1.0,0.0
1198833,0.0,0.0,0.0,0.0,1.0,1.0,0.0
1198834,0.0,0.0,0.0,0.0,2.0,1.0,0.0
1199110,0.0,0.0,0.0,0.0,2.0,0.0,0.0
1199334,0.0,0.0,0.0,0.0,0.0,0.0,0.0
1200000,0.0,0.0,0.0,0.0,0.0,0.0,1.0
1200008,0.0,0.0,0.0,0.0,0.0,1.0,1.0
1200018,0.0,0.0,0.0,0.0,0.0,2.0,1.0
1200023,0.0,0.0,0.0,0.0,1.0,2.0,1.0
1200036,0.0,0.0,0.0,0.0,2.0,2.0,1.0
1200063,2.0,0.0,0.0,0.0,2.0,2.0,1.0
1200151,2.0,2.0,0.0,0.0,2.0,2.0,1.0
1200500,2.0,2.0,0.0,0.0,2.0,2.0,0.0
1200518,2.0,2.0,0.0,0.0,2.0,0.0,0.0
1200536,2.0,2.0,0.0,0.0,0.0,0.0,0.0
1200563,0.0,2.0,0.0,0.0,0.0,0.0,0.0
1200567,0.0,2.0,0.0,0.0,0.0,1.0,0.0
1200651,0.0,0.0,0.0,0.0,0.0,1.0,0.0
1201067,0.0,0.0,0.0,0.0,0.0,0.0,0.0
1201295,0.0,0.0,1.0,0.0,0.0,1.0,0.0
1201795,0.0,0.0,1.0,0.0,0.0,0.0,0.0
1202688,0.0,0.0,2.0,0.0,0.0,0.0,0.0
1203095,0.0,0.0,2.0,0.0,0.0,1.0,0.0
1203188,0.0,0.0,0.0,0.0,0.0,1.0,0.0
1203595,0.0,0.0,0.0,0.0,0.0,0.0,0.0
1204703,0.0,0.0,0.0,0.0,0.0,1.0,0.0
1205203,0.0,0.0,0.0,0.0,0.0,0.0,0.0
1205256,0.0,0.0,0.0,0.0,0.0,1.0,0.0
1205756,0.0,0.0,0.0,0.0,0.0,0.0,0.0
1206017,0.0,0.0,0.0,0.0,0.0,1.0,0.0
1206026,0.0,0.0,0.0,0.0,0.0,2.0,0.0
1206377,0.0,0.0,0.0,0.0,1.0,2.0,0.0
1206526,0.0,0.0,0.0,0.0,1.0,0.0,0.0
1206762,0.0,0.0,0.0,0.0,1.0,1.0,0.0
1206793,0.0,0.0,0.0,0.0,1.0,2.0,0.0
1206877,0.0,0.0,0.0,0.0,0.0,2.0,0.0
1207293,0.0,0.0,0.0,0.0,0.0,0.0,0.0
1208229,0.0,0.0,0.0,0.0,0.0,1.0,0.0
1208237,0.0,0.0,0.0,0.0,0.0,2.0,0.0
1208737,0.0,0.0,0.0,0.0,0.0,0.0,0.0
1209054,0.0,0.0,0.0,0.0,0.0,1.0,0.0
1209340,0.0,0.0,0.0,0.0,0.0,2.0,0.0
1209840,0.0,0.0,0.0,0.0,0.0,0.0,0.0
1210795,0.0,0.0,0.0,0.0,0.0,1.0,0.0
1211295,0.0,0.0,0.0,0.0,0.0,0.0,0.0
1211771,0.0,0.0,0.0,0.0,0.0,1.0,0.0
1212271,0.0,0.0,0.0,0.0,0.0,0.0,0.0
1212285,0.0,0.0,0.0,0.0,0.0,1.0,0.0
1212785,0.0,0.0,0.0,0.0,0.0,0.0,0.0
1213142,0.0,0.0,0.0,0.0,0.0,1.0,0.0
1213642,0.0,0.0,0.0,0.0,0.0,0.0,0.0
1213969,0.0,0.0,0.0,0.0,0.0,1.0,0.0
1214226,0.0,0.0,0.0,0.0,0.0,2.0,0.0
1214726,0.0,0.0,0.0,0.0,0.0,0.0,0.0
1214984,0.0,0.0,0.0,0.0,0.0,1.0,0.0
1214987,0.0,0.0,0.0,0.0,0.0,2.0,0.0
1215487,0.0,0.0,0.0,0.0,0.0,0.0,0.0
1215926,0.0,0.0,0.0,0.0,0.0,1.0,0.0
1216033,0.0,0.0,0.0,0.0,0.0,2.0,0.0
1216533,0.0,0.0,0.0,0.0,0.0,0.0,0.0
1216557,0.0,0.0,0.0,0.0,0.0,1.0,0.0
1216561,0.0,0.0,0.0,0.0,0.0,2.0,0.0
1217061,0.0,0.0,0.0,0.0,0.0,0.0,0.0
1217127,0.0,0.0,0.0,0.0,0.0,1.0,0.0
1217627,0.0,0.0,0.0,0.0,0.0,0.0,0.0
1217677,0.0,0.0,0.0,0.0,0.0,1.0,0.0
1217753,0.0,0.0,0.0,0.0,0.0,2.0,0.0
1218253,0.0,0.0,0.0,0.0,0.0,0.0,0.0
1218558,0.0,0.0,0.0,0.0,0.0,1.0,0.0
1219058,0.0,0.0,0.0,0.0,0.0,0.0,0.0
1219202,0.0,0.0,0.0,0.0,0.0,1.0,0.0
1219218,0.0,0.0,0.0,0.0,0.0,2.0,0.0
1219718,0.0,0.0,0.0,0.0,0.0,0.0,0.0
1221398,0.0,0.0,0.0,0.0,0.0,1.0,0.0
1221415,0.0,0.0,0.0,0.0,0.0,2.0,0.0
1221915,0.0,0.0,0.0,0.0,0.0,0.0,0.0
1222144,0.0,0.0,0.0,0.0,0.0,1.0,0.0
1222424,0.0,0.0,0.0,0.0,0.0,2.0,0.0
1222924,0.0,0.0,0.0,0.0,0.0,0.0,0.0
1222961,0.0,0.0,0.0,0.0,0.0,1.0,0.0
1223461,0.0,0.0,0.0,0.0,0.0,0.0,0.0
1223615,0.0,0.0,0.0,0.0,0.0,1.0,0.0
1224115,0.0,0.0,0.0,0.0,0.0,0.0,0.0
1224153,0.0,0.0,0.0,0.0,0.0,1.0,0.0
1224179,0.0,2.0,0.0,0.0,0.0,1.0,0.0
1224418,0.0,2.0,0.0,0.0,0.0,2.0,0.0
1224679,0.0,0.0,0.0,0.0,0.0,2.0,0.0
1224918,0.0,0.0,0.0,0.0,0.0,0.0,0.0
1224948,0.0,0.0,0.0,0.0,0.0,1.0,0.0
1224956,0.0,0.0,0.0,0.0,0.0,2.0,0.0
1225456,0.0,0.0,0.0,0.0,0.0,0.0,0.0
1225939,0.0,0.0,0.0,0.0,0.0,1.0,0.0
1225942,0.0,0.0,0.0,0.0,0.0,2.0,0.0
1226442,0.0,0.0,0.0,0.0,0.0,0.0,0.0
1227325,0.0,0.0,0.0,0.0,0.0,1.0,0.0
1227599,0.0,0.0,0.0,0.0,0.0,2.0,0.0
1228099,0.0,0.0,0.0,0.0,0.0,0.0,0.0
1228536,0.0,0.0,0.0,0.0,0.0,1.0,0.0
1228862,0.0,0.0,0.0,0.0,0.0,2.0,0.0
1229362,0.0,0.0,0.0,0.0,0.0,0.0,0.0
1229399,0.0,0.0,0.0,0.0,0.0,1.0,0.0
1229480,0.0,0.0,0.0,0.0,0.0,2.0,0.0
1229980,0.0,0.0,0.0,0.0,0.0,0.0,0.0
1230531,0.0,0.0,0.0,0.0,0.0,1.0,0.0
1231031,0.0,0.0,0.0,0.0,0.0,0.0,0.0
1231038,0.0,0.0,0.0,0.0,0.0,1.0,0.0
1231538,0.0,0.0,0.0,0.0,0.0,0.0,0.0
1231562,0.0,0.0,0.0,0.0,0.0,1.0,0.0
1232002,0.0,0.0,0.0,0.0,0.0,2.0,0.0
1232502,0.0,0.0,0.0,0.0,0.0,0.0,0.0
1233921,0.0,0.0,0.0,0.0,0.0,1.0,0.0
1234421,0.0,0.0,0.0,0.0,0.0,0.0,0.0
1234874,0.0,0.0,0.0,0.0,0.0,1.0,0.0
1235374,0.0,0.0,0.0,0.0,0.0,0.0,0.0
1235907,0.0,0.0,0.0,0.0,0.0,1.0,0.0
1236253,0.0,0.0,0.0,0.0,0.0,2.0,0.0
1236753,0.0,0.0,0.0,0.0,0.0,0.0,0.0
1236943,0.0,0.0,0.0,0.0,0.0,1.0,0.0
1237081,0.0,0.0,0.0,0.0,0.0,2.0,0.0
1237581,0.0,0.0,0.0,0.0,0.0,0.0,0.0
1238306,0.0,0.0,0.0,0.0,0.0,1.0,0.0
1238806,0.0,0.0,0.0,0.0,0.0,0.0,0.0
1238924,0.0,0.0,0.0,0.0,0.0,1.0,0.0
1239424,0.0,0.0,0.0,0.0,0.0,0.0,0.0
1239443,0.0,0.0,0.0,0.0,0.0,1.0,0.0
1239658,0.0,0.0,0.0,0.0,0.0,2.0,0.0
1240158,0.0,0.0,0.0,0.0,0.0,0.0,0.0
1240327,0.0,0.0,0.0,0.0,0.0,1.0,0.0
1240827,0.0,0.0,0.0,0.0,0.0,0.0,0.0
1240910,0.0,0.0,0.0,0.0,0.0,1.0,0.0
1241410,0.0,0.0,0.0,0.0,0.0,0.0,0.0
1241449,0.0,0.0,0.0,0.0,0.0,1.0,0.0
1241787,0.0,0.0,0.0,0.0,0.0,2.0,0.0
1242287,0.0,0.0,0.0,0.0,0.0,0.0,0.0
1242582,0.0,0.0,0.0,0.0,0.0,1.0,0.0
1242599,0.0,0.0,0.0,0.0,0.0,2.0,0.0
1243099,0.0,0.0,0.0,0.0,0.0,0.0,0.0
1243339,0.0,0.0,0.0,0.0,0.0,1.0,0.0
1243839,0.0,0.0,0.0,0.0,0.0,0.0,0.0
1244255,0.0,0.0,0.0,0.0,0.0,1.0,0.0
1244319,0.0,0.0,0.0,0.0,0.0,2.0,0.0
1244819,0.0,0.0,0.0,0.0,0.0,0.0,0.0
1245986,0.0,0.0,0.0,0.0,0.0,1.0,0.0
1246486,0.0,0.0,0.0,0.0,0.0,0.0,0.0
1247039,0.0,0.0,0.0,0.0,0.0,1.0,0.0
1247539,0.0,0.0,0.0,0.0,0.0,0.0,0.0
1248282,0.0,0.0,0.0,0.0,0.0,1.0,0.0
1248286,0.0,0.0,0.0,0.0,0.0,2.0,0.0
1248786,0.0,0.0,0.0,0.0,0.0,0.0,0.0
1248973,0.0,0.0,0.0,0.0,0.0,1.0,0.0
1249385,0.0,0.0,0.0,0.0,0.0,2.0,0.0
1249885,0.0,0.0,0.0,0.0,0.0,0.0,0.0
1250770,0.0,0.0,0.0,0.0,0.0,1.0,0.0
1251270,0.0,0.0,0.0,0.0,0.0,0.0,0.0
1251816,0.0,0.0,0.0,0.0,0.0,1.0,0.0
1251987,0.0,0.0,0.0,0.0,0.0,2.0,0.0
1252487,0.0,0.0,0.0,0.0,0.0,0.0,0.0
1252615,0.0,0.0,0.0,0.0,0.0,1.0,0.0
1252750,0.0,0.0,0.0,0.0,0.0,2.0,0.0
1253250,0.0,0.0,0.0,0.0,0.0,0.0,0.0
1253614,0.0,0.0,0.0,0.0,0.0,1.0,0.0
1254114,0.0,0.0,0.0,0.0,0.0,0.0,0.0
1254202,0.0,0.0,0.0,0.0,0.0,1.0,0.0
1254702,0.0,0.0,0.0,0.0,0.0,0.0,0.0
1254723,0.0,0.0,0.0,0.0,0.0,1.0,0.0
1254882,0.0,0.0,0.0,0.0,0.0,2.0,0.0
1255382,0.0,0.0,0.0,0.0,0.0,0.0,0.0
1255678,0.0,0.0,0.0,0.0,0.0,1.0,0.0
1256178,0.0,0.0,0.0,0.0,0.0,0.0,0.0
1256516,0.0,0.0,0.0,0.0,0.0,1.0,0.0
1256534,0.0,0.0,0.0,0.0,0.0,2.0,0.0
1257034,0.0,0.0,0.0,0.0,0.0,0.0,0.0
1257638,0.0,0.0,0.0,0.0,0.0,1.0,0.0
1257641,0.0,0.0,0.0,0.0,0.0,2.0,0.0
1258141,0.0,0.0,0.0,0.0,0.0,0.0,0.0
1259592,0.0,0.0,0.0,0.0,0.0,1.0,0.0
1259659,0.0,0.0,0.0,0.0,0.0,2.0,0.0
1260159,0.0,0.0,0.0,0.0,0.0,1.0,0.0
1260209,0.0,0.0,0.0,0.0,0.0,2.0,0.0
1260709,0.0,0.0,0.0,0.0,0.0,0.0,0.0
1262806,0.0,0.0,0.0,0.0,0.0,1.0,0.0
1262840,0.0,0.0,0.0,0.0,0.0,2.0,0.0
1262849,0.0,2.0,0.0,0.0,0.0,2.0,0.0
1263340,0.0,2.0,0.0,0.0,0.0,0.0,0.0
1263349,0.0,0.0,0.0,0.0,0.0,0.0,0.0
1263461,0.0,0.0,0.0,0.0,0.0,1.0,0.0
1263961,0.0,0.0,0.0,0.0,0.0,0.0,0.0
1263977,0.0,0.0,0.0,0.0,0.0,1.0,0.0
1264016,0.0,0.0,0.0,0.0,0.0,2.0,0.0
1264516,0.0,0.0,0.0,0.0,0.0,0.0,0.0
1264800,0.0,0.0,0.0,0.0,0.0,1.0,0.0
1264936,0.0,0.0,0.0,0.0,0.0,2.0,0.0
1265436,0.0,0.0,0.0,0.0,0.0,0.0,0.0
1265480,0.0,0.0,0.0,0.0,0.0,1.0,0.0
1265980,0.0,0.0,0.0,0.0,0.0,0.0,0.0
1266189,0.0,0.0,0.0,0.0,0.0,1.0,0.0
1266342,0.0,0.0,0.0,0.0,0.0,2.0,0.0
1266842,0.0,0.0,0.0,0.0,0.0,0.0,0.0
1266913,0.0,0.0,0.0,0.0,0.0,1.0,0.0
1267413,0.0,0.0,0.0,0.0,0.0,0.0,0.0
1267589,0.0,0.0,0.0,0.0,0.0,1.0,0.0
1268089,0.0,0.0,0.0,0.0,0.0,0.0,0.0
1268510,0.0,0.0,0.0,0.0,0.0,1.0,0.0
1269010,0.0,0.0,0.0,0.0,0.0,0.0,0.0
1269032,0.0,0.0,0.0,0.0,0.0,1.0,0.0
1269532,0.0,0.0,0.0,0.0,0.0,0.0,0.0
1269542,0.0,0.0,0.0,0.0,0.0,1.0,0.0
1270042,0.0,0.0,0.0,0.0,0.0,0.0,0.0
1270057,0.0,0.0,0.0,0.0,0.0,1.0,0.0
1270557,0.0,0.0,0.0,0.0,0.0,0.0,0.0
1271519,0.0,0.0,0.0,0.0,0.0,1.0,0.0
1271926,0.0,0.0,0.0,0.0,0.0,2.0,0.0
1272426,0.0,0.0,0.0,0.0,0.0,0.0,0.0
1272933,0.0,0.0,0.0,0.0,0.0,1.0,0.0
1273433,0.0,0.0,0.0,0.0,0.0,0.0,0.0
1274163,0.0,0.0,0.0,0.0,0.0,1.0,0.0
1274663,0.0,0.0,0.0,0.0,0.0,0.0,0.0
1275968,0.0,0.0,0.0,0.0,0.0,1.0,0.0
1276468,0.0,0.0,0.0,0.0,0.0,0.0,0.0
1276553,0.0,0.0,0.0,0.0,0.0,1.0,0.0
1277053,0.0,0.0,0.0,0.0,0.0,0.0,0.0
1278513,0.0,0.0,0.0,0.0,0.0,1.0,0.0
1279013,0.0,0.0,0.0,0.0,0.0,0.0,0.0
1279060,0.0,0.0,0.0,0.0,0.0,1.0,0.0
1279560,0.0,0.0,0.0,0.0,0.0,0.0,0.0
1279570,0.0,0.0,0.0,0.0,0.0,1.0,0.0
1279573,0.0,0.0,0.0,0.0,0.0,2.0,0.0
1280073,0.0,0.0,0.0,0.0,0.0,0.0,0.0
1281008,0.0,0.0,0.0,0.0,0.0,1.0,0.0
1281508,0.0,0.0,0.0,0.0,0.0,0.0,0.0
1281669,0.0,0.0,0.0,0.0,0.0,1.0,0.0
1282169,0.0,0.0,0.0,0.0,0.0,0.0,0.0
1282353,0.0,0.0,0.0,0.0,0.0,1.0,0.0
1282853,0.0,0.0,0.0,0.0,0.0,0.0,0.0
1283409,0.0,0.0,0.0,0.0,0.0,1.0,0.0
1283909,0.0,0.0,0.0,0.0,0.0,0.0,0.0
1284116,0.0,0.0,0.0,0.0,0.0,1.0,0.0
1284360,0.0,0.0,0.0,0.0,0.0,2.0,0.0
1284860,0.0,0.0,0.0,0.0,0.0,0.0,0.0
1285143,0.0,0.0,0.0,0.0,0.0,1.0,0.0
1285643,0.0,0.0,0.0,0.0,0.0,0.0,0.0
1285673,0.0,0.0,0.0,0.0,0.0,1.0,0.0
1286080,0.0,0.0,0.0,0.0,0.0,2.0,0.0
1286580,0.0,0.0,0.0,0.0,0.0,0.0,0.0
1287573,0.0,0.0,0.0,0.0,0.0,1.0,0.0
1288073,0.0,0.0,0.0,0.0,0.0,0.0,0.0
1289216,0.0,0.0,0.0,0.0,0.0,1.0,0.0
1289716,0.0,0.0,0.0,0.0,0.0,0.0,0.0
1290046,0.0,0.0,0.0,0.0,0.0,1.0,0.0
1290481,0.0,0.0,0.0,0.0,0.0,2.0,0.0
1290981,0.0,0.0,0.0,0.0,0.0,0.0,0.0
1291176,0.0,0.0,0.0,0.0,0.0,1.0,0.0
1291389,0.0,0.0,0.0,0.0,0.0,2.0,0.0
1291889,0.0,0.0,0.0,0.0,0.0,0.0,0.0
1292134,0.0,0.0,0.0,0.0,0.0,1.0,0.0
1292137,0.0,0.0,0.0,0.0,0.0,2.0,0.0
1292637,0.0,0.0,0.0,0.0,0.0,0.0,0.0
1294837,0.0,0.0,0.0,0.0,0.0,1.0,0.0
1294841,0.0,0.0,0.0,0.0,0.0,2.0,0.0
1295341,0.0,0.0,0.0,0.0,0.0,0.0,0.0
1296228,0.0,0.0,0.0,0.0,0.0,1.0,0.0
1296231,0.0,0.0,0.0,0.0,0.0,2.0,0.0
1296731,0.0,0.0,0.0,0.0,0.0,0.0,0.0
1297092,0.0,0.0,0.0,0.0,0.0,1.0,0.0
1297592,0.0,0.0,0.0,0.0,0.0,0.0,0.0
1297656,0.0,0.0,0.0,0.0,0.0,1.0,0.0
1297956,0.0,0.0,0.0,0.0,0.0,2.0,0.0
1298456,0.0,0.0,0.0,0.0,0.0,0.0,0.0
1298882,0.0,0.0,0.0,0.0,0.0,1.0,0.0
1299083,0.0,2.0,0.0,0.0,0.0,1.0,0.0
1299382,0.0,2.0,0.0,0.0,0.0,0.0,0.0
1299411,0.0,2.0,0.0,0.0,0.0,1.0,0.0
1299413,0.0,2.0,0.0,0.0,0.0,2.0,0.0
1299500,0.0,2.0,0.0,0.0,1.0,2.0,0.0
1299583,0.0,0.0,0.0,0.0,1.0,2.0,0.0
1299913,0.0,0.0,0.0,0.0,1.0,0.0,0.0
1300000,0.0,0.0,0.0,0.0,0.0,0.0,0.0
1300216,0.0,0.0,0.0,0.0,1.0,0.0,0.0
1300716,0.0,0.0,0.0,0.0,0.0,0.0,0.0
1300763,0.0,0.0,0.0,0.0,0.0,1.0,0.0
1301263,0.0,0.0,0.0,0.0,0.0,0.0,0.0
1301988,0.0,0.0,0.0,0.0,0.0,1.0,0.0
1301990,0.0,0.0,0.0,0.0,1.0,1.0,0.0
1302488,0.0,0.0,0.0,0.0,1.0,0.0,0.0
1302490,0.0,0.0,0.0,0.0,0.0,0.0,0.0
1303292,0.0,0.0,0.0,0.0,0.0,1.0,0.0
1303792,0.0,0.0,0.0,0.0,0.0,0.0,0.0
1306498,0.0,0.0,0.0,0.0,0.0,1.0,0.0
1306998,0.0,0.0,0.0,0.0,0.0,0.0,0.0
1307151,0.0,0.0,0.0,0.0,0.0,1.0,0.0
1307152,0.0,0.0,0.0,0.0,0.0,2.0,0.0
1307652,0.0,0.0,0.0,0.0,0.0,0.0,0.0
1309590,0.0,0.0,0.0,0.0,0.0,1.0,0.0
1310090,0.0,0.0,0.0,0.0,0.0,0.0,0.0
1311269,0.0,0.0,0.0,0.0,0.0,1.0,0.0
1311769,0.0,0.0,0.0,0.0,0.0,0.0,0.0
1311845,0.0,0.0,0.0,0.0,0.0,1.0,0.0
1312345,0.0,0.0,0.0,0.0,0.0,0.0,0.0
1312812,0.0,0.0,0.0,0.0,0.0,1.0,0.0
1313312,0.0,0.0,0.0,0.0,0.0,0.0,0.0
1315326,0.0,0.0,0.0,0.0,0.0,1.0,0.0
1315826,0.0,0.0,0.0,0.0,0.0,0.0,0.0
1317197,0.0,0.0,0.0,0.0,0.0,1.0,0.0
1317697,0.0,0.0,0.0,0.0,0.0,0.0,0.0
1319177,0.0,0.0,0.0,0.0,0.0,1.0,0.0
1319677,0.0,0.0,0.0,0.0,0.0,0.0,0.0
1321456,0.0,0.0,0.0,0.0,0.0,1.0,0.0
1321956,0.0,0.0,0.0,0.0,0.0,0.0,0.0
1323142,0.0,0.0,0.0,0.0,0.0,1.0,0.0
1323642,0.0,0.0,0.0,0.0,0.0,0.0,0.0
1326773,0.0,0.0,0.0,0.0,0.0,1.0,0.0
1327273,0.0,0.0,0.0,0.0,0.0,0.0,0.0
1328312,0.0,0.0,0.0,0.0,0.0,1.0,0.0
1328523,0.0,0.0,0.0,0.0,0.0,2.0,0.0
1329023,0.0,0.0,0.0,0.0,0.0,0.0,0.0
1330552,0.0,0.0,0.0,0.0,0.0,1.0,0.0
1331052,0.0,0.0,0.0,0.0,0.0,0.0,0.0
1331117,0.0,0.0,0.0,0.0,1.0,0.0,0.0
1331617,0.0,0.0,0.0,0.0,0.0,0.0,0.0
1333307,0.0,0.0,0.0,0.0,0.0,1.0,0.0
1333807,0.0,0.0,0.0,0.0,0.0,0.0,0.0
1333852,0.0,0.0,0.0,0.0,0.0,1.0,0.0
1334352,0.0,0.0,0.0,0.0,0.0,0.0,0.0
1336587,0.0,0.0,0.0,0.0,0.0,1.0,0.0
1337087,0.0,0.0,0.0,0.0,0.0,0.0,0.0
1348079,0.0,0.0,0.0,0.0,0.0,1.0,0.0
1348579,0.0,0.0,0.0,0.0,0.0,0.0,0.0
1349652,0.0,0.0,0.0,0.0,0.0,1.0,0.0
1350152,0.0,0.0,0.0,0.0,0.0,0.0,0.0
1351707,0.0,0.0,0.0,0.0,0.0,1.0,0.0
1352207,0.0,0.0,0.0,0.0,0.0,0.0,0.0
1354174,0.0,0.0,0.0,0.0,0.0,1.0,0.0
1354674,0.0,0.0,0.0,0.0,0.0,0.0,0.0
1356849,0.0,0.0,0.0,0.0,0.0,1.0,0.0
1357349,0.0,0.0,0.0,0.0,0.0,0.0,0.0
1359660,0.0,0.0,0.0,0.0,0.0,1.0,0.0
1360160,0.0,0.0,0.0,0.0,0.0,0.0,0.0
1363413,0.0,0.0,0.0,0.0,0.0,1.0,0.0
1363913,0.0,0.0,0.0,0.0,0.0,0.0,0.0
1364737,0.0,0.0,0.0,0.0,0.0,1.0,0.0
1364738,0.0,0.0,0.0,0.0,0.0,2.0,0.0
1365238,0.0,0.0,0.0,0.0,0.0,0.0,0.0
1370046,0.0,0.0,0.0,0.0,1.0,0.0,0.0
1370546,0.0,0.0,0.0,0.0,0.0,0.0,0.0
1373715,0.0,0.0,0.0,0.0,0.0,1.0,0.0
1374215,0.0,0.0,0.0,0.0,0.0,0.0,0.0
1374432,0.0,0.0,0.0,0.0,0.0,1.0,0.0
1374435,0.0,0.0,0.0,0.0,1.0,1.0,0.0
1374932,0.0,0.0,0.0,0.0,1.0,0.0,0.0
1374935,0.0,0.0,0.0,0.0,0.0,0.0,0.0
1376381,0.0,0.0,0.0,0.0,0.0,1.0,0.0
1376881,0.0,0.0,0.0,0.0,0.0,0.0,0.0
1378449,0.0,0.0,0.0,0.0,0.0,1.0,0.0
1378949,0.0,0.0,0.0,0.0,0.0,0.0,0.0
1382833,0.0,0.0,0.0,0.0,0.0,1.0,0.0
1383333,0.0,0.0,0.0,0.0,0.0,0.0,0.0
1384399,0.0,0.0,0.0,0.0,0.0,1.0,0.0
1384899,0.0,0.0,0.0,0.0,0.0,0.0,0.0
1386615,0.0,0.0,0.0,0.0,0.0,1.0,0.0
1386618,0.0,0.0,0.0,0.0,0.0,2.0,0.0
1387118,0.0,0.0,0.0,0.0,0.0,0.0,0.0
1387640,0.0,0.0,0.0,0.0,0.0,1.0,0.0
1388140,0.0,0.0,0.0,0.0,0.0,0.0,0.0
1388795,0.0,0.0,0.0,0.0,0.0,1.0,0.0
1389295,0.0,0.0,0.0,0.0,0.0,0.0,0.0
1392306,0.0,0.0,0.0,0.0,0.0,1.0,0.0
1392311,0.0,0.0,0.0,0.0,0.0,2.0,0.0
1392811,0.0,0.0,0.0,0.0,0.0,0.0,0.0
1395877,0.0,0.0,0.0,0.0,0.0,1.0,0.0
1396377,0.0,0.0,0.0,0.0,0.0,0.0,0.0
1400000,0.0,0.0,0.0,0.0,0.0,0.0,1.0
1400024,0.0,0.0,0.0,0.0,0.0,1.0,1.0
1400025,0.0,0.0,0.0,0.0,0.0,2.0,1.0
1400127,2.0,0.0,0.0,0.0,0.0,2.0,1.0
1400185,2.0,2.0,0.0,0.0,0.0,2.0,1.0
1400286,2.0,2.0,0.0,0.0,1.0,2.0,1.0
1400327,2.0,2.0,0.0,0.0,2.0,2.0,1.0
1400500,2.0,2.0,0.0,0.0,2.0,2.0,0.0
1400525,2.0,2.0,0.0,0.0,2.0,0.0,0.0
1400627,0.0,2.0,0.0,0.0,2.0,0.0,0.0
1400685,0.0,0.0,0.0,0.0,2.0,0.0,0.0
1400827,0.0,0.0,0.0,0.0,0.0,0.0,0.0
1401191,0.0,0.0,0.0,0.0,0.0,1.0,0.0
1401307,0.0,0.0,1.0,0.0,0.0,1.0,0.0
1401691,0.0,0.0,1.0,0.0,0.0,0.0,0.0
1402043,0.0,0.0,1.0,0.0,0.0,1.0,0.0
1402543,0.0,0.0,1.0,0.0,0.0,0.0,0.0
1402606,0.0,0.0,2.0,0.0,0.0,0.0,0.0
1402850,0.0,0.0,2.0,0.0,0.0,1.0,0.0
1402899,0.0,0.0,2.0,0.0,0.0,2.0,0.0
1403106,0.0,0.0,0.0,0.0,0.0,2.0,0.0
1403399,0.0,0.0,0.0,0.0,0.0,0.0,0.0
1404745,0.0,0.0,0.0,0.0,0.0,1.0,0.0
1404748,0.0,0.0,0.0,0.0,0.0,2.0,0.0
1405248,0.0,0.0,0.0,0.0,0.0,0.0,0.0
1405644,0.0,0.0,0.0,0.0,0.0,1.0,0.0
1405648,0.0,0.0,0.0,0.0,0.0,2.0,0.0
1406148,0.0,0.0,0.0,0.0,0.0,0.0,0.0
1406285,0.0,0.0,0.0,0.0,1.0,0.0,0.0
1406286,0.0,2.0,0.0,0.0,1.0,0.0,0.0
1406594,0.0,2.0,0.0,0.0,1.0,1.0,0.0
1406785,0.0,2.0,0.0,0.0,0.0,1.0,0.0
1406786,0.0,0.0,0.0,0.0,0.0,1.0,0.0
1407094,0.0,0.0,0.0,0.0,0.0,0.0,0.0
1408045,0.0,0.0,0.0,0.0,0.0,1.0,0.0
1408046,0.0,0.0,0.0,0.0,1.0,1.0,0.0
1408545,0.0,0.0,0.0,0.0,1.0,0.0,0.0
1408546,0.0,0.0,0.0,0.0,0.0,0.0,0.0
1409259,0.0,0.0,0.0,0.0,0.0,1.0,0.0
1409759,0.0,0.0,0.0,0.0,0.0,0.0,0.0
1409936,0.0,0.0,0.0,0.0,0.0,1.0,0.0
1409947,0.0,0.0,0.0,0.0,0.0,2.0,0.0
1410447,0.0,0.0,0.0,0.0,0.0,0.0,0.0
1410695,0.0,0.0,0.0,0.0,0.0,1.0,0.0
1411195,0.0,0.0,0.0,0.0,0.0,0.0,0.0
1411752,0.0,0.0,0.0,0.0,0.0,1.0,0.0
1411837,0.0,0.0,0.0,0.0,0.0,2.0,0.0
1412337,0.0,0.0,0.0,0.0,0.0,0.0,0.0
1412842,0.0,0.0,0.0,0.0,0.0,1.0,0.0
1413342,0.0,0.0,0.0,0.0,0.0,0.0,0.0
1413501,0.0,0.0,0.0,0.0,0.0,1.0,0.0
1414001,0.0,0.0,0.0,0.0,0.0,0.0,0.0
1414043,0.0,0.0,0.0,0.0,0.0,1.0,0.0
1414429,0.0,0.0,0.0,0.0,0.0,2.0,0.0
1414929,0.0,0.0,0.0,0.0,0.0,0.0,0.0
1416972,0.0,0.0,0.0,0.0,0.0,1.0,0.0
1417472,0.0,0.0,0.0,0.0,0.0,0.0,0.0
1418060,0.0,0.0,0.0,0.0,0.0,1.0,0.0
1418560,0.0,0.0,0.0,0.0,0.0,0.0,0.0
1419167,0.0,0.0,0.0,0.0,0.0,1.0,0.0
1419596,0.0,0.0,0.0,0.0,1.0,1.0,0.0
1419667,0.0,0.0,0.0,0.0,1.0,0.0,0.0
1420096,0.0,0.0,0.0,0.0,0.0,0.0,0.0
1420469,0.0,0.0,0.0,0.0,0.0,1.0,0.0
1420969,0.0,0.0,0.0,0.0,0.0,0.0,0.0
1420974,0.0,0.0,0.0,0.0,0.0,1.0,0.0
1421175,0.0,0.0,0.0,0.0,0.0,2.0,0.0
1421675,0.0,0.0,0.0,0.0,0.0,0.0,0.0
1421937,0.0,0.0,0.0,0.0,0.0,1.0,0.0
1422437,0.0,0.0,0.0,0.0,0.0,0.0,0.0
1422665,0.0,0.0,0.0,0.0,0.0,1.0,0.0
1422721,0.0,0.0,0.0,0.0,0.0,2.0,0.0
1423221,0.0,0.0,0.0,0.0,0.0,0.0,0.0
1423586,0.0,0.0,0.0,0.0,0.0,1.0,0.0
1423759,0.0,0.0,0.0,0.0,0.0,2.0,0.0
1424259,0.0,0.0,0.0,0.0,0.0,0.0,0.0
1424439,0.0,0.0,0.0,0.0,0.0,1.0,0.0
1424939,0.0,0.0,0.0,0.0,0.0,0.0,0.0
1425064,0.0,0.0,0.0,0.0,0.0,1.0,0.0
1425564,0.0,0.0,0.0,0.0,0.0,0.0,0.0
1425854,0.0,0.0,0.0,0.0,0.0,1.0,0.0
1425857,0.0,0.0,0.0,0.0,0.0,2.0,0.0
1426357,0.0,0.0,0.0,0.0,0.0,0.0,0.0
1426482,0.0,0.0,0.0,0.0,0.0,1.0,0.0
1426488,0.0,0.0,0.0,0.0,0.0,2.0,0.0
1426988,0.0,0.0,0.0,0.0,0.0,0.0,0.0
1427386,0.0,0.0,0.0,0.0,0.0,1.0,0.0
1427886,0.0,0.0,0.0,0.0,0.0,0.0,0.0
1428212,0.0,0.0,0.0,0.0,0.0,1.0,0.0
1428712,0.0,0.0,0.0,0.0,0.0,0.0,0.0
1429019,0.0,0.0,0.0,0.0,0.0,1.0,0.0
1429519,0.0,0.0,0.0,0.0,0.0,0.0,0.0
1429757,0.0,0.0,0.0,0.0,0.0,1.0,0.0
1430176,0.0,0.0,0.0,0.0,0.0,2.0,0.0
1430676,0.0,0.0,0.0,0.0,0.0,0.0,0.0
1430743,0.0,0.0,0.0,0.0,0.0,1.0,0.0
1431243,0.0,0.0,0.0,0.0,0.0,0.0,0.0
1431695,0.0,0.0,0.0,0.0,0.0,1.0,0.0
1431720,0.0,0.0,0.0,0.0,0.0,2.0,0.0
1432220,0.0,0.0,0.0,0.0,0.0,0.0,0.0
1432474,0.0,0.0,0.0,0.0,0.0,1.0,0.0
1432974,0.0,0.0,0.0,0.0,0.0,0.0,0.0
1434726,0.0,0.0,0.0,0.0,0.0,1.0,0.0
1434990,0.0,0.0,0.0,0.0,0.0,2.0,0.0
1435490,0.0,0.0,0.0,0.0,0.0,0.0,0.0
1435969,0.0,0.0,0.0,0.0,0.0,1.0,0.0
1436469,0.0,0.0,0.0,0.0,0.0,0.0,0.0
1437608,0.0,0.0,0.0,0.0,0.0,1.0,0.0
1438108,0.0,0.0,0.0,0.0,0.0,0.0,0.0
1438285,0.0,0.0,0.0,0.0,0.0,1.0,0.0
1438785,0.0,0.0,0.0,0.0,0.0,0.0,0.0
1438809,0.0,0.0,0.0,0.0,0.0,1.0,0.0
1438819,0.0,0.0,0.0,0.0,0.0,2.0,0.0
1439319,0.0,0.0,0.0,0.0,0.0,0.0,0.0
1439377,0.0,0.0,0.0,0.0,0.0,1.0,0.0
1439877,0.0,0.0,0.0,0.0,0.0,0.0,0.0
1440701,0.0,0.0,0.0,0.0,0.0,1.0,0.0
1441076,0.0,0.0,0.0,0.0,0.0,2.0,0.0
1441576,0.0,0.0,0.0,0.0,0.0,0.0,0.0
1441966,0.0,0.0,0.0,0.0,0.0,1.0,0.0
1442466,0.0,0.0,0.0,0.0,0.0,0.0,0.0
1442847,0.0,0.0,0.0,0.0,0.0,1.0,0.0
1443169,0.0,0.0,0.0,0.0,0.0,2.0,0.0
1443669,0.0,0.0,0.0,0.0,0.0,0.0,0.0
1444439,0.0,0.0,0.0,0.0,0.0,1.0,0.0
1444939,0.0,0.0,0.0,0.0,0.0,0.0,0.0
1445936,0.0,0.0,0.0,0.0,0.0,1.0,0.0
1446295,0.0,0.0,0.0,0.0,1.0,1.0,0.0
1446298,0.0,0.0,0.0,0.0,1.0,2.0,0.0
1446795,0.0,0.0,0.0,0.0,0.0,2.0,0.0
1446798,0.0,0.0,0.0,0.0,0.0,0.0,0.0
1447422,0.0,0.0,0.0,0.0,0.0,1.0,0.0
1447713,0.0,0.0,0.0,0.0,0.0,2.0,0.0
1448213,0.0,0.0,0.0,0.0,0.0,0.0,0.0
1448340,0.0,0.0,0.0,0.0,0.0,1.0,0.0
1448346,0.0,0.0,0.0,0.0,0.0,2.0,0.0
1448846,0.0,0.0,0.0,0.0,0.0,0.0,0.0
1448874,0.0,0.0,0.0,0.0,0.0,1.0,0.0
1449374,0.0,0.0,0.0,0.0,0.0,0.0,0.0
1449396,0.0,0.0,0.0,0.0,0.0,1.0,0.0
1449431,0.0,0.0,0.0,0.0,0.0,2.0,0.0
1449931,0.0,0.0,0.0,0.0,0.0,0.0,0.0
1450062,0.0,0.0,0.0,0.0,0.0,1.0,0.0
1450127,0.0,0.0,0.0,0.0,0.0,2.0,0.0
1450627,0.0,0.0,0.0,0.0,0.0,0.0,0.0
1450926,0.0,0.0,0.0,0.0,0.0,1.0,0.0
1451426,0.0,0.0,0.0,0.0,0.0,0.0,0.0
1451522,0.0,0.0,0.0,0.0,0.0,1.0,0.0
1452022,0.0,0.0,0.0,0.0,0.0,0.0,0.0
1452044,0.0,0.0,0.0,0.0,0.0,1.0,0.0
1452544,0.0,0.0,0.0,0.0,0.0,0.0,0.0
1452664,0.0,0.0,0.0,0.0,0.0,1.0,0.0
1453164,0.0,0.0,0.0,0.0,0.0,0.0,0.0
1453213,0.0,0.0,0.0,0.0,0.0,1.0,0.0
1453216,0.0,0.0,0.0,0.0,0.0,2.0,0.0
1453716,0.0,0.0,0.0,0.0,0.0,0.0,0.0
1453895,0.0,0.0,0.0,0.0,0.0,1.0,0.0
1453899,0.0,0.0,0.0,0.0,0.0,2.0,0.0
1454399,0.0,0.0,0.0,0.0,0.0,0.0,0.0
1454777,0.0,0.0,0.0,0.0,0.0,1.0,0.0
1454783,0.0,0.0,0.0,0.0,0.0,2.0,0.0
1455283,0.0,0.0,0.0,0.0,0.0,0.0,0.0
1455630,0.0,0.0,0.0,0.0,0.0,1.0,0.0
1455633,0.0,0.0,0.0,0.0,0.0,2.0,0.0
1455952,0.0,2.0,0.0,0.0,0.0,2.0,0.0
1456133,0.0,2.0,0.0,0.0,0.0,0.0,0.0
1456452,0.0,0.0,0.0,0.0,0.0,0.0,0.0
1456549,0.0,0.0,0.0,0.0,0.0,1.0,0.0
1456552,0.0,0.0,0.0,0.0,0.0,2.0,0.0
1457052,0.0,0.0,0.0,0.0,0.0,0.0,0.0
1457116,0.0,0.0,0.0,0.0,0.0,1.0,0.0
1457616,0.0,0.0,0.0,0.0,0.0,0.0,0.0
1457893,0.0,0.0,0.0,0.0,0.0,1.0,0.0
1458086,0.0,0.0,0.0,0.0,0.0,2.0,0.0
1458586,0.0,0.0,0.0,0.0,0.0,0.0,0.0
1460708,0.0,0.0,0.0,0.0,0.0,1.0,0.0
1460927,0.0,0.0,0.0,0.0,0.0,2.0,0.0
1461427,0.0,0.0,0.0,0.0,0.0,0.0,0.0
1462770,0.0,0.0,0.0,0.0,0.0,1.0,0.0
1463270,0.0,0.0,0.0,0.0,0.0,0.0,0.0
1463842,0.0,0.0,0.0,0.0,0.0,1.0,0.0
1463980,0.0,0.0,0.0,0.0,0.0,2.0,0.0
1464480,0.0,0.0,0.0,0.0,0.0,0.0,0.0
1464763,0.0,0.0,0.0,0.0,0.0,1.0,0.0
1465263,0.0,0.0,0.0,0.0,0.0,0.0,0.0
1465857,0.0,0.0,0.0,0.0,0.0,1.0,0.0
1466357,0.0,0.0,0.0,0.0,0.0,0.0,0.0
1466474,0.0,0.0,0.0,0.0,0.0,1.0,0.0
1466518,0.0,0.0,0.0,0.0,0.0,2.0,0.0
1467018,0.0,0.0,0.0,0.0,0.0,0.0,0.0
1467221,0.0,0.0,0.0,0.0,0.0,1.0,0.0
1467294,0.0,0.0,0.0,0.0,0.0,2.0,0.0
1467794,0.0,0.0,0.0,0.0,0.0,0.0,0.0
1468059,0.0,0.0,0.0,0.0,0.0,1.0,0.0
1468062,0.0,0.0,0.0,0.0,0.0,2.0,0.0
1468562,0.0,0.0,0.0,0.0,0.0,0.0,0.0
1470037,0.0,0.0,0.0,0.0,0.0,1.0,0.0
1470470,0.0,0.0,0.0,0.0,0.0,2.0,0.0
1470970,0.0,0.0,0.0,0.0,0.0,0.0,0.0
1471358,0.0,0.0,0.0,0.0,0.0,1.0,0.0
1471858,0.0,0.0,0.0,0.0,0.0,0.0,0.0
1472909,0.0,0.0,0.0,0.0,0.0,1.0,0.0
1473409,0.0,0.0,0.0,0.0,0.0,0.0,0.0
1473533,0.0,0.0,0.0,0.0,0.0,1.0,0.0
1473743,0.0,0.0,0.0,0.0,0.0,2.0,0.0
1474243,0.0,0.0,0.0,0.0,0.0,0.0,0.0
1474303,0.0,0.0,0.0,0.0,0.0,1.0,0.0
1474803,0.0,0.0,0.0,0.0,0.0,0.0,0.0
1475204,0.0,0.0,0.0,0.0,0.0,1.0,0.0
1475371,0.0,0.0,0.0,0.0,0.0,2.0,0.0
1475871,0.0,0.0,0.0,0.0,0.0,0.0,0.0
1476032,0.0,0.0,0.0,0.0,0.0,1.0,0.0
1476358,0.0,0.0,0.0,0.0,0.0,2.0,0.0
1476858,0.0,0.0,0.0,0.0,0.0,0.0,0.0
1477438,0.0,0.0,0.0,0.0,0.0,1.0,0.0
1477938,0.0,0.0,0.0,0.0,0.0,0.0,0.0
1478279,0.0,0.0,0.0,0.0,0.0,1.0,0.0
1478779,0.0,0.0,0.0,0.0,0.0,0.0,0.0
1479039,0.0,0.0,0.0,0.0,0.0,1.0,0.0
1479058,0.0,2.0,0.0,0.0,0.0,1.0,0.0
1479539,0.0,2.0,0.0,0.0,0.0,0.0,0.0
1479543,0.0,2.0,0.0,0.0,0.0,1.0,0.0
1479558,0.0,0.0,0.0,0.0,0.0,1.0,0.0
1479982,0.0,0.0,0.0,0.0,0.0,2.0,0.0
1480482,0.0,0.0,0.0,0.0,0.0,0.0,0.0
1481618,0.0,0.0,0.0,0.0,0.0,1.0,0.0
1481621,0.0,0.0,0.0,0.0,0.0,2.0,0.0
1482121,0.0,0.0,0.0,0.0,0.0,0.0,0.0
1482994,0.0,0.0,0.0,0.0,0.0,1.0,0.0
1482997,0.0,0.0,0.0,0.0,0.0,2.0,0.0
1483497,0.0,0.0,0.0,0.0,0.0,0.0,0.0
1483503,0.0,0.0,0.0,0.0,0.0,1.0,0.0
1484003,0.0,0.0,0.0,0.0,0.0,0.0,0.0
1485010,0.0,0.0,0.0,0.0,0.0,1.0,0.0
1485043,0.0,0.0,0.0,0.0,0.0,2.0,0.0
1485543,0.0,0.0,0.0,0.0,0.0,0.0,0.0
1485560,0.0,0.0,0.0,0.0,0.0,1.0,0.0
1485564,0.0,0.0,0.0,0.0,0.0,2.0,0.0
1486064,0.0,0.0,0.0,0.0,0.0,0.0,0.0
1486068,0.0,0.0,0.0,0.0,0.0,1.0,0.0
1486169,0.0,0.0,0.0,0.0,0.0,2.0,0.0
1486669,0.0,0.0,0.0,0.0,0.0,0.0,0.0
1488083,0.0,0.0,0.0,0.0,0.0,1.0,0.0
1488583,0.0,0.0,0.0,0.0,0.0,0.0,0.0
1488963,0.0,0.0,0.0,0.0,0.0,1.0,0.0
1489463,0.0,0.0,0.0,0.0,0.0,0.0,0.0
1489764,0.0,0.0,0.0,0.0,0.0,1.0,0.0
1490264,0.0,0.0,0.0,0.0,0.0,0.0,0.0
1490726,0.0,0.0,0.0,0.0,0.0,1.0,0.0
1491226,0.0,0.0,0.0,0.0,0.0,0.0,0.0
1491238,0.0,0.0,0.0,0.0,0.0,1.0,0.0
1491738,0.0,0.0,0.0,0.0,0.0,0.0,0.0
1491967,0.0,0.0,0.0,0.0,0.0,1.0,0.0
1492074,0.0,0.0,0.0,0.0,0.0,2.0,0.0
1492529,0.0,0.0,0.0,0.0,1.0,2.0,0.0
1492574,0.0,0.0,0.0,0.0,1.0,0.0,0.0
1493029,0.0,0.0,0.0,0.0,0.0,0.0,0.0
1493511,0.0,0.0,0.0,0.0,0.0,1.0,0.0
1494011,0.0,0.0,0.0,0.0,0.0,0.0,0.0
1495955,0.0,0.0,0.0,0.0,0.0,1.0,0.0
1496455,0.0,0.0,0.0,0.0,0.0,0.0,0.0
1496663,0.0,0.0,0.0,0.0,0.0,1.0,0.0
1497163,0.0,0.0,0.0,0.0,0.0,0.0,0.0
1497171,0.0,0.0,0.0,0.0,0.0,1.0,0.0
1497671,0.0,0.0,0.0,0.0,0.0,0.0,0.0
1497859,0.0,0.0,0.0,0.0,0.0,1.0,0.0
1498013,0.0,0.0,0.0,0.0,0.0,2.0,0.0
1498513,0.0,0.0,0.0,0.0,0.0,0.0,0.0
1498514,0.0,0.0,0.0,0.0,0.0,1.0,0.0
1499014,0.0,0.0,0.0,0.0,0.0,0.0,0.0
1499181,0.0,0.0,0.0,0.0,0.0,1.0,0.0
1499681,0.0,0.0,0.0,0.0,0.0,0.0,0.0
1499789,0.0,0.0,0.0,0.0,0.0,1.0,0.0
1500289,0.0,0.0,0.0,0.0,0.0,0.0,0.0
1500525,0.0,0.0,0.0,0.0,0.0,1.0,0.0
1500802,0.0,0.0,0.0,0.0,1.0,1.0,0.0
1500803,0.0,0.0,0.0,0.0,2.0,1.0,0.0
1501025,0.0,0.0,0.0,0.0,2.0,0.0,0.0
1501053,0.0,0.0,0.0,0.0,2.0,1.0,0.0
1501303,0.0,0.0,0.0,0.0,0.0,1.0,0.0
1501553,0.0,0.0,0.0,0.0,0.0,0.0,0.0
1511380,0.0,0.0,0.0,0.0,0.0,1.0,0.0
1511880,0.0,0.0,0.0,0.0,0.0,0.0,0.0
1519464,0.0,0.0,0.0,0.0,0.0,1.0,0.0
1519964,0.0,0.0,0.0,0.0,0.0,0.0,0.0
1522411,0.0,0.0,0.0,0.0,0.0,1.0,0.0
1522911,0.0,0.0,0.0,0.0,0.0,0.0,0.0
1524716,0.0,0.0,0.0,0.0,0.0,1.0,0.0
1525103,0.0,0.0,0.0,0.0,0.0,2.0,0.0
1525603,0.0,0.0,0.0,0.0,0.0,0.0,0.0
1525607,0.0,0.0,0.0,0.0,0.0,1.0,0.0
1526107,0.0,0.0,0.0,0.0,0.0,0.0,0.0
1526814,0.0,0.0,0.0,0.0,0.0,1.0,0.0
1527314,0.0,0.0,0.0,0.0,0.0,0.0,0.0
1537673,0.0,0.0,0.0,0.0,0.0,1.0,0.0
1538173,0.0,0.0,0.0,0.0,0.0,0.0,0.0
1540717,0.0,0.0,0.0,0.0,0.0,1.0,0.0
1540729,0.0,0.0,0.0,0.0,0.0,2.0,0.0
1541229,0.0,0.0,0.0,0.0,0.0,0.0,0.0
1549293,0.0,0.0,0.0,0.0,0.0,1.0,0.0
1549793,0.0,0.0,0.0,0.0,0.0,0.0,0.0
1551086,0.0,0.0,0.0,0.0,0.0,1.0,0.0
1551586,0.0,0.0,0.0,0.0,0.0,0.0,0.0
1552880,0.0,0.0,0.0,0.0,0.0,1.0,0.0
1553380,0.0,0.0,0.0,0.0,0.0,0.0,0.0
1554073,0.0,0.0,0.0,0.0,0.0,1.0,0.0
1554573,0.0,0.0,0.0,0.0,0.0,0.0,0.0
1554906,0.0,0.0,0.0,0.0,0.0,1.0,0.0
1554910,0.0,0.0,0.0,0.0,0.0,2.0,0.0
1555410,0.0,0.0,0.0,0.0,0.0,0.0,0.0
1562941,0.0,0.0,0.0,0.0,0.0,1.0,0.0
1563441,0.0,0.0,0.0,0.0,0.0,0.0,0.0
1563751,0.0,0.0,0.0,0.0,0.0,1.0,0.0
1564251,0.0,0.0,0.0,0.0,0.0,0.0,0.0
1567002,0.0,0.0,0.0,0.0,0.0,1.0,0.0
1567502,0.0,0.0,0.0,0.0,0.0,0.0,0.0
1568826,0.0,0.0,0.0,0.0,0.0,1.0,0.0
1569326,0.0,0.0,0.0,0.0,0.0,0.0,0.0
1569966,0.0,0.0,0.0,0.0,0.0,1.0,0.0
1570466,0.0,0.0,0.0,0.0,0.0,0.0,0.0
1570856,0.0,0.0,0.0,0.0,0.0,1.0,0.0
1571356,0.0,0.0,0.0,0.0,0.0,0.0,0.0
1572125,0.0,0.0,0.0,0.0,0.0,1.0,0.0
1572625,0.0,0.0,0.0,0.0,0.0,0.0,0.0
1573066,0.0,0.0,0.0,0.0,0.0,1.0,0.0
1573069,0.0,0.0,0.0,0.0,0.0,2.0,0.0
1573569,0.0,0.0,0.0,0.0,0.0,0.0,0.0
1574308,0.0,0.0,0.0,0.0,0.0,1.0,0.0
1574808,0.0,0.0,0.0,0.0,0.0,0.0,0.0
1575796,0.0,0.0,0.0,0.0,0.0,1.0,0.0
1576296,0.0,0.0,0.0,0.0,0.0,0.0,0.0
1578870,0.0,0.0,0.0,0.0,0.0,1.0,0.0
1579370,0.0,0.0,0.0,0.0,0.0,0.0,0.0
1579678,0.0,0.0,0.0,0.0,0.0,1.0,0.0
1580178,0.0,0.0,0.0,0.0,0.0,0.0,0.0
1580648,0.0,0.0,0.0,0.0,0.0,1.0,0.0
1581148,0.0,0.0,0.0,0.0,0.0,0.0,0.0
1583083,0.0,0.0,0.0,0.0,0.0,1.0,0.0
1583583,0.0,0.0,0.0,0.0,0.0,0.0,0.0
1586954,0.0,0.0,0.0,0.0,0.0,1.0,0.0
1587454,0.0,0.0,0.0,0.0,0.0,0.0,0.0
1588288,0.0,0.0,0.0,0.0,0.0,1.0,0.0
1588788,0.0,0.0,0.0,0.0,0.0,0.0,0.0
1589718,0.0,0.0,0.0,0.0,0.0,1.0,0.0
1589724,0.0,0.0,0.0,0.0,0.0,2.0,0.0
1590224,0.0,0.0,0.0,0.0,0.0,0.0,0.0
1590671,0.0,0.0,0.0,0.0,0.0,1.0,0.0
1591171,0.0,0.0,0.0,0.0,0.0,0.0,0.0
1593355,0.0,0.0,0.0,0.0,0.0,1.0,0.0
1593855,0.0,0.0,0.0,0.0,0.0,0.0,0.0
1593899,0.0,0.0,0.0,0.0,0.0,1.0,0.0
1594399,0.0,0.0,0.0,0.0,0.0,0.0,0.0
1594641,0.0,0.0,0.0,0.0,0.0,1.0,0.0
1595141,0.0,0.0,0.0,0.0,0.0,0.0,0.0
1595302,0.0,0.0,0.0,0.0,0.0,1.0,0.0
1595802,0.0,0.0,0.0,0.0,0.0,0.0,0.0
1597385,0.0,0.0,0.0,0.0,0.0,1.0,0.0
1597885,0.0,0.0,0.0,0.0,0.0,0.0,0.0
1598060,0.0,0.0,0.0,0.0,0.0,1.0,0.0
1598071,0.0,0.0,0.0,0.0,0.0,2.0,0.0
1598571,0.0,0.0,0.0,0.0,0.0,0.0,0.0
1600000,0.0,0.0,0.0,0.0,0.0,0.0,1.0
1600026,0.0,0.0,0.0,0.0,0.0,1.0,1.0
1600056,0.0,0.0,0.0,0.0,0.0,2.0,1.0
1600081,0.0,0.0,0.0,0.0,1.0,2.0,1.0
1600089,0.0,0.0,0.0,0.0,2.0,2.0,1.0
1600095,2.0,0.0,0.0,0.0,2.0,2.0,1.0
1600163,2.0,2.0,0.0,0.0,2.0,2.0,1.0
1600500,2.0,2.0,0.0,0.0,2.0,2.0,0.0
1600556,2.0,2.0,0.0,0.0,2.0,0.0,0.0
1600589,2.0,2.0,0.0,0.0,0.0,0.0,0.0
1600595,0.0,2.0,0.0,0.0,0.0,0.0,0.0
1600663,0.0,0.0,0.0,0.0,0.0,0.0,0.0
1601017,0.0,0.0,0.0,0.0,0.0,1.0,0.0
1601290,0.0,0.0,1.0,0.0,0.0,1.0,0.0
1601517,0.0,0.0,1.0,0.0,0.0,0.0,0.0
1602329,0.0,0.0,1.0,0.0,0.0,1.0,0.0
1602632,0.0,0.0,2.0,0.0,0.0,1.0,0.0
1602829,0.0,0.0,2.0,0.0,0.0,0.0,0.0
1603132,0.0,0.0,0.0,0.0,0.0,0.0,0.0
1604915,0.0,0.0,0.0,0.0,0.0,1.0,0.0
1604918,0.0,0.0,0.0,0.0,0.0,2.0,0.0
1605418,0.0,0.0,0.0,0.0,0.0,0.0,0.0
1605661,0.0,0.0,0.0,0.0,0.0,1.0,0.0
1606161,0.0,0.0,0.0,0.0,0.0,0.0,0.0
1606243,0.0,0.0,0.0,0.0,0.0,1.0,0.0
1606669,0.0,0.0,0.0,0.0,0.0,2.0,0.0
1606792,0.0,0.0,0.0,0.0,1.0,2.0,0.0
1607169,0.0,0.0,0.0,0.0,1.0,0.0,0.0
1607292,0.0,0.0,0.0,0.0,0.0,0.0,0.0
1607315,0.0,0.0,0.0,0.0,0.0,1.0,0.0
1607339,0.0,0.0,0.0,0.0,0.0,2.0,0.0
1607839,0.0,0.0,0.0,0.0,0.0,0.0,0.0
1608048,0.0,0.0,0.0,0.0,0.0,1.0,0.0
1608548,0.0,0.0,0.0,0.0,0.0,0.0,0.0
1609634,0.0,0.0,0.0,0.0,0.0,1.0,0.0
1610134,0.0,0.0,0.0,0.0,0.0,0.0,0.0
1610774,0.0,0.0,0.0,0.0,0.0,1.0,0.0
1611274,0.0,0.0,0.0,0.0,0.0,0.0,0.0
1611348,0.0,0.0,0.0,0.0,0.0,1.0,0.0
1611352,0.0,0.0,0.0,0.0,0.0,2.0,0.0
1611837,0.0,0.0,0.0,0.0,1.0,2.0,0.0
1611852,0.0,0.0,0.0,0.0,1.0,0.0,0.0
1612124,0.0,0.0,0.0,0.0,1.0,1.0,0.0
1612337,0.0,0.0,0.0,0.0,0.0,1.0,0.0
1612425,0.0,0.0,0.0,0.0,0.0,2.0,0.0
1612426,0.0,0.0,0.0,0.0,1.0,2.0,0.0
1612925,0.0,0.0,0.0,0.0,1.0,0.0,0.0
1612926,0.0,0.0,0.0,0.0,0.0,0.0,0.0
1614033,0.0,0.0,0.0,0.0,0.0,1.0,0.0
1614533,0.0,0.0,0.0,0.0,0.0,0.0,0.0
1614937,0.0,0.0,0.0,0.0,0.0,1.0,0.0
1614966,0.0,0.0,0.0,0.0,0.0,2.0,0.0
1615051,0.0,0.0,0.0,0.0,1.0,2.0,0.0
1615059,0.0,0.0,0.0,0.0,2.0,2.0,0.0
1615466,0.0,0.0,0.0,0.0,2.0,0.0,0.0
1615559,0.0,0.0,0.0,0.0,0.0,0.0,0.0
1615656,0.0,0.0,0.0,0.0,0.0,1.0,0.0
1615663,0.0,0.0,0.0,0.0,0.0,2.0,0.0
1616163,0.0,0.0,0.0,0.0,0.0,0.0,0.0
1616555,0.0,0.0,0.0,0.0,0.0,1.0,0.0
1617055,0.0,0.0,0.0,0.0,0.0,0.0,0.0
1617547,0.0,0.0,0.0,0.0,0.0,1.0,0.0
1617551,0.0,0.0,0.0,0.0,0.0,2.0,0.0
1618051,0.0,0.0,0.0,0.0,0.0,0.0,0.0
1618114,0.0,0.0,0.0,0.0,0.0,1.0,0.0
1618474,0.0,0.0,0.0,0.0,0.0,2.0,0.0
1618974,0.0,0.0,0.0,0.0,0.0,0.0,0.0
1619358,0.0,0.0,0.0,0.0,0.0,1.0,0.0
1619858,0.0,0.0,0.0,0.0,0.0,0.0,0.0
1619885,0.0,0.0,0.0,0.0,0.0,1.0,0.0
1619972,0.0,0.0,0.0,0.0,0.0,2.0,0.0
1620398,0.0,0.0,0.0,0.0,1.0,2.0,0.0
1620472,0.0,0.0,0.0,0.0,1.0,0.0,0.0
1620628,0.0,0.0,0.0,0.0,1.0,1.0,0.0
1620898,0.0,0.0,0.0,0.0,0.0,1.0,0.0
1621128,0.0,0.0,0.0,0.0,0.0,0.0,0.0
1621413,0.0,0.0,0.0,0.0,0.0,1.0,0.0
1621913,0.0,0.0,0.0,0.0,0.0,0.0,0.0
1622112,0.0,0.0,0.0,0.0,0.0,1.0,0.0
1622612,0.0,0.0,0.0,0.0,0.0,0.0,0.0
1623008,0.0,0.0,0.0,0.0,0.0,1.0,0.0
1623266,0.0,0.0,0.0,0.0,0.0,2.0,0.0
1623766,0.0,0.0,0.0,0.0,0.0,0.0,0.0
1624119,0.0,0.0,0.0,0.0,0.0,1.0,0.0
1624619,0.0,0.0,0.0,0.0,0.0,0.0,0.0
1624986,0.0,0.0,0.0,0.0,1.0,0.0,0.0
1625360,0.0,0.0,0.0,0.0,1.0,1.0,0.0
1625486,0.0,0.0,0.0,0.0,0.0,1.0,0.0
1625860,0.0,0.0,0.0,0.0,0.0,0.0,0.0
1626027,0.0,0.0,0.0,0.0,0.0,1.0,0.0
1626030,0.0,0.0,0.0,0.0,0.0,2.0,0.0
1626043,0.0,0.0,0.0,0.0,1.0,2.0,0.0
1626530,0.0,0.0,0.0,0.0,1.0,0.0,0.0
1626543,0.0,0.0,0.0,0.0,0.0,0.0,0.0
1626544,0.0,0.0,0.0,0.0,0.0,1.0,0.0
1626573,0.0,0.0,0.0,0.0,0.0,2.0,0.0
1627073,0.0,0.0,0.0,0.0,0.0,0.0,0.0
1627165,0.0,0.0,0.0,0.0,0.0,1.0,0.0
1627515,0.0,0.0,0.0,0.0,0.0,2.0,0.0
1628015,0.0,0.0,0.0,0.0,0.0,0.0,0.0
1628375,0.0,0.0,0.0,0.0,0.0,1.0,0.0
1628875,0.0,0.0,0.0,0.0,0.0,0.0,0.0
1628954,0.0,0.0,0.0,0.0,0.0,1.0,0.0
1629454,0.0,0.0,0.0,0.0,0.0,0.0,0.0
1630316,0.0,0.0,0.0,0.0,0.0,1.0,0.0
1630329,0.0,0.0,0.0,0.0,0.0,2.0,0.0
1630829,0.0,0.0,0.0,0.0,0.0,0.0,0.0
1631127,0.0,0.0,0.0,0.0,0.0,1.0,0.0
1631627,0.0,0.0,0.0,0.0,0.0,0.0,0.0
1632561,0.0,0.0,0.0,0.0,0.0,1.0,0.0
1632738,0.0,0.0,0.0,0.0,0.0,2.0,0.0
1633238,0.0,0.0,0.0,0.0,0.0,0.0,0.0
1633680,0.0,0.0,0.0,0.0,0.0,1.0,0.0
1634180,0.0,0.0,0.0,0.0,0.0,0.0,0.0
1634287,0.0,0.0,0.0,0.0,0.0,1.0,0.0
1634573,0.0,0.0,0.0,0.0,0.0,2.0,0.0
1634995,0.0,0.0,0.0,0.0,1.0,2.0,0.0
1635073,0.0,0.0,0.0,0.0,1.0,0.0,0.0
1635304,0.0,0.0,0.0,0.0,1.0,1.0,0.0
1635495,0.0,0.0,0.0,0.0,0.0,1.0,0.0
1635804,0.0,0.0,0.0,0.0,0.0,0.0,0.0
1635858,0.0,0.0,0.0,0.0,0.0,1.0,0.0
1636358,0.0,0.0,0.0,0.0,0.0,0.0,0.0
1636530,0.0,0.0,0.0,0.0,0.0,1.0,0.0
1637030,0.0,0.0,0.0,0.0,0.0,0.0,0.0
1637233,0.0,0.0,0.0,0.0,0.0,1.0,0.0
1637316,0.0,0.0,0.0,0.0,0.0,2.0,0.0
1637816,0.0,0.0,0.0,0.0,0.0,0.0,0.0
1638235,0.0,0.0,0.0,0.0,0.0,1.0,0.0
1638238,0.0,0.0,0.0,0.0,0.0,2.0,0.0
1638738,0.0,0.0,0.0,0.0,0.0,0.0,0.0
1639706,0.0,0.0,0.0,0.0,0.0,1.0,0.0
1640118,0.0,0.0,0.0,0.0,0.0,2.0,0.0
1640618,0.0,0.0,0.0,0.0,0.0,0.0,0.0
1640845,0.0,0.0,0.0,0.0,0.0,1.0,0.0
1641044,0.0,0.0,0.0,0.0,0.0,2.0,0.0
1641544,0.0,0.0,0.0,0.0,0.0,0.0,0.0
1642601,0.0,0.0,0.0,0.0,0.0,1.0,0.0
1643101,0.0,0.0,0.0,0.0,0.0,0.0,0.0
1643507,0.0,0.0,0.0,0.0,0.0,1.0,0.0
1644003,0.0,0.0,0.0,0.0,0.0,2.0,0.0
1644503,0.0,0.0,0.0,0.0,0.0,0.0,0.0
1644788,0.0,0.0,0.0,0.0,0.0,1.0,0.0
1645288,0.0,0.0,0.0,0.0,0.0,0.0,0.0
1645300,0.0,0.0,0.0,0.0,0.0,1.0,0.0
1645800,0.0,0.0,0.0,0.0,0.0,0.0,0.0
1645817,0.0,0.0,0.0,0.0,0.0,1.0,0.0
1646317,0.0,0.0,0.0,0.0,0.0,0.0,0.0
1646936,0.0,0.0,0.0,0.0,0.0,1.0,0.0
1647436,0.0,0.0,0.0,0.0,0.0,0.0,0.0
1647539,0.0,0.0,0.0,0.0,0.0,1.0,0.0
1648039,0.0,0.0,0.0,0.0,0.0,0.0,0.0
1648040,0.0,0.0,0.0,0.0,0.0,1.0,0.0
1648540,0.0,0.0,0.0,0.0,0.0,0.0,0.0
1648702,0.0,0.0,0.0,0.0,0.0,1.0,0.0
1649202,0.0,0.0,0.0,0.0,0.0,0.0,0.0
1649338,0.0,0.0,0.0,0.0,0.0,1.0,0.0
1649686,0.0,0.0,0.0,0.0,0.0,2.0,0.0
1650186,0.0,0.0,0.0,0.0,0.0,0.0,0.0
1650515,0.0,0.0,0.0,0.0,0.0,1.0,0.0
1650903,0.0,0.0,0.0,0.0,0.0,2.0,0.0
1651403,0.0,0.0,0.0,0.0,0.0,0.0,0.0
1652298,0.0,0.0,0.0,0.0,0.0,1.0,0.0
1652798,0.0,0.0,0.0,0.0,0.0,0.0,0.0
1653589,0.0,0.0,0.0,0.0,0.0,1.0,0.0
1654025,0.0,2.0,0.0,0.0,0.0,1.0,0.0
1654033,0.0,2.0,0.0,0.0,0.0,2.0,0.0
1654525,0.0,0.0,0.0,0.0,0.0,2.0,0.0
1654533,0.0,0.0,0.0,0.0,0.0,0.0,0.0
1654691,0.0,0.0,0.0,0.0,0.0,1.0,0.0
1654761,0.0,0.0,0.0,0.0,0.0,2.0,0.0
1655261,0.0,0.0,0.0,0.0,0.0,0.0,0.0
1655779,0.0,0.0,0.0,0.0,0.0,1.0,0.0
1655809,0.0,0.0,0.0,0.0,0.0,2.0,0.0
1656309,0.0,0.0,0.0,0.0,0.0,0.0,0.0
1656640,0.0,0.0,0.0,0.0,0.0,1.0,0.0
1656859,0.0,0.0,0.0,0.0,0.0,2.0,0.0
1657359,0.0,0.0,0.0,0.0,0.0,0.0,0.0
1657398,0.0,0.0,0.0,0.0,0.0,1.0,0.0
1657495,0.0,0.0,0.0,0.0,0.0,2.0,0.0
1657995,0.0,0.0,0.0,0.0,0.0,0.0,0.0
1658530,0.0,0.0,0.0,0.0,0.0,1.0,0.0
1659030,0.0,0.0,0.0,0.0,0.0,0.0,0.0
1659077,0.0,0.0,0.0,0.0,0.0,1.0,0.0
1659577,0.0,0.0,0.0,0.0,0.0,0.0,0.0
1659697,0.0,0.0,0.0,0.0,0.0,1.0,0.0
1660197,0.0,0.0,0.0,0.0,0.0,0.0,0.0
1660335,0.0,0.0,0.0,0.0,0.0,1.0,0.0
1660352,0.0,0.0,0.0,0.0,0.0,2.0,0.0
1660519,0.0,2.0,0.0,0.0,0.0,2.0,0.0
1660852,0.0,2.0,0.0,0.0,0.0,0.0,0.0
1661019,0.0,0.0,0.0,0.0,0.0,0.0,0.0
1661765,0.0,0.0,0.0,0.0,0.0,1.0,0.0
1662265,0.0,0.0,0.0,0.0,0.0,0.0,0.0
1664585,0.0,0.0,0.0,0.0,0.0,1.0,0.0
1665085,0.0,0.0,0.0,0.0,0.0,0.0,0.0
1665654,0.0,0.0,0.0,0.0,0.0,1.0,0.0
1665657,0.0,0.0,0.0,0.0,0.0,2.0,0.0
1666157,0.0,0.0,0.0,0.0,0.0,0.0,0.0
1666663,0.0,0.0,0.0,0.0,0.0,1.0,0.0
1667017,0.0,0.0,0.0,0.0,0.0,2.0,0.0
1667517,0.0,0.0,0.0,0.0,0.0,0.0,0.0
1667566,0.0,0.0,0.0,0.0,0.0,1.0,0.0
1668066,0.0,0.0,0.0,0.0,0.0,0.0,0.0
1668262,0.0,0.0,0.0,0.0,0.0,1.0,0.0
1668269,0.0,0.0,0.0,0.0,0.0,2.0,0.0
1668769,0.0,0.0,0.0,0.0,0.0,0.0,0.0
1668867,0.0,0.0,0.0,0.0,0.0,1.0,0.0
1669318,0.0,0.0,0.0,0.0,0.0,2.0,0.0
1669818,0.0,0.0,0.0,0.0,0.0,0.0,0.0
1669863,0.0,0.0,0.0,0.0,0.0,1.0,0.0
1669986,0.0,0.0,0.0,0.0,0.0,2.0,0.0
1670466,0.0,2.0,0.0,0.0,0.0,2.0,0.0
1670486,0.0,2.0,0.0,0.0,0.0,0.0,0.0
1670966,0.0,0.0,0.0,0.0,0.0,0.0,0.0
1671579,0.0,0.0,0.0,0.0,0.0,1.0,0.0
1671678,0.0,0.0,0.0,0.0,0.0,2.0,0.0
1672178,0.0,0.0,0.0,0.0,0.0,0.0,0.0
1672888,0.0,0.0,0.0,0.0,0.0,1.0,0.0
1673388,0.0,0.0,0.0,0.0,0.0,0.0,0.0
1673608,0.0,0.0,0.0,0.0,0.0,1.0,0.0
1673611,0.0,0.0,0.0,0.0,0.0,2.0,0.0
1674111,0.0,0.0,0.0,0.0,0.0,0.0,0.0
1674707,0.0,0.0,0.0,0.0,0.0,1.0,0.0
1674731,0.0,0.0,0.0,0.0,0.0,2.0,0.0
1675231,0.0,0.0,0.0,0.0,0.0,0.0,0.0
1675879,0.0,0.0,0.0,0.0,0.0,1.0,0.0
1675897,0.0,0.0,0.0,0.0,0.0,2.0,0.0
1676397,0.0,0.0,0.0,0.0,0.0,0.0,0.0
1676398,0.0,0.0,0.0,0.0,0.0,1.0,0.0
1676454,0.0,0.0,0.0,0.0,0.0,2.0,0.0
1676954,0.0,0.0,0.0,0.0,0.0,0.0,0.0
1677704,0.0,0.0,0.0,0.0,0.0,1.0,0.0
1678204,0.0,0.0,0.0,0.0,0.0,0.0,0.0
1678327,0.0,0.0,0.0,0.0,0.0,1.0,0.0
1678827,0.0,0.0,0.0,0.0,0.0,0.0,0.0
1678873,0.0,0.0,0.0,0.0,0.0,1.0,0.0
1678882,0.0,0.0,0.0,0.0,0.0,2.0,0.0
1679382,0.0,0.0,0.0,0.0,0.0,0.0,0.0
1679485,0.0,0.0,0.0,0.0,0.0,1.0,0.0
1679743,0.0,0.0,0.0,0.0,0.0,2.0,0.0
1680243,0.0,0.0,0.0,0.0,0.0,0.0,0.0
1680477,0.0,0.0,0.0,0.0,0.0,1.0,0.0
1680977,0.0,0.0,0.0,0.0,0.0,0.0,0.0
1681070,0.0,0.0,0.0,0.0,0.0,1.0,0.0
1681080,0.0,0.0,0.0,0.0,0.0,2.0,0.0
1681580,0.0,0.0,0.0,0.0,0.0,0.0,0.0
1681875,0.0,0.0,0.0,0.0,0.0,1.0,0.0
1682375,0.0,0.0,0.0,0.0,0.0,0.0,0.0
1683457,0.0,0.0,0.0,0.0,0.0,1.0,0.0
1683733,0.0,0.0,0.0,0.0,0.0,2.0,0.0
1684233,0.0,0.0,0.0,0.0,0.0,0.0,0.0
1684414,0.0,0.0,0.0,0.0,0.0,1.0,0.0
1684914,0.0,0.0,0.0,0.0,0.0,0.0,0.0
1685030,0.0,0.0,0.0,0.0,0.0,1.0,0.0
1685530,0.0,0.0,0.0,0.0,0.0,0.0,0.0
1685879,0.0,0.0,0.0,0.0,0.0,1.0,0.0
1685914,0.0,0.0,0.0,0.0,0.0,2.0,0.0
1686414,0.0,0.0,0.0,0.0,0.0,0.0,0.0
1686668,0.0,0.0,0.0,0.0,0.0,1.0,0.0
1687168,0.0,0.0,0.0,0.0,0.0,0.0,0.0
1687169,0.0,0.0,0.0,0.0,0.0,1.0,0.0
1687177,0.0,0.0,0.0,0.0,0.0,2.0,0.0
1687677,0.0,0.0,0.0,0.0,0.0,0.0,0.0
1687777,0.0,0.0,0.0,0.0,0.0,1.0,0.0
1688277,0.0,0.0,0.0,0.0,0.0,0.0,0.0
1689017,0.0,0.0,0.0,0.0,0.0,1.0,0.0
1689090,0.0,0.0,0.0,0.0,0.0,2.0,0.0
1689590,0.0,0.0,0.0,0.0,0.0,0.0,0.0
1689798,0.0,0.0,0.0,0.0,0.0,1.0,0.0
1690298,0.0,0.0,0.0,0.0,0.0,0.0,0.0
1691205,0.0,0.0,0.0,0.0,0.0,1.0,0.0
1691211,0.0,0.0,0.0,0.0,0.0,2.0,0.0
1691711,0.0,0.0,0.0,0.0,0.0,0.0,0.0
1692297,0.0,0.0,0.0,0.0,0.0,1.0,0.0
1692709,0.0,0.0,0.0,0.0,0.0,2.0,0.0
1693209,0.0,0.0,0.0,0.0,0.0,0.0,0.0
1693572,0.0,0.0,0.0,0.0,0.0,1.0,0.0
1693755,0.0,0.0,0.0,0.0,0.0,2.0,0.0
1694033,0.0,2.0,0.0,0.0,0.0,2.0,0.0
1694255,0.0,2.0,0.0,0.0,0.0,0.0,0.0
1694533,0.0,0.0,0.0,0.0,0.0,0.0,0.0
1694595,0.0,0.0,0.0,0.0,0.0,1.0,0.0
1695095,0.0,0.0,0.0,0.0,0.0,0.0,0.0
1695161,0.0,0.0,0.0,0.0,0.0,1.0,0.0
1695222,0.0,0.0,0.0,0.0,0.0,2.0,0.0
1695722,0.0,0.0,0.0,0.0,0.0,0.0,0.0
1697482,0.0,0.0,0.0,0.0,0.0,1.0,0.0
1697982,0.0,0.0,0.0,0.0,0.0,0.0,0.0
1698385,0.0,0.0,0.0,0.0,0.0,1.0,0.0
1698885,0.0,0.0,0.0,0.0,0.0,0.0,0.0
1699439,0.0,0.0,0.0,0.0,0.0,1.0,0.0
1699497,0.0,0.0,0.0,0.0,0.0,2.0,0.0
1699997,0.0,0.0,0.0,0.0,0.0,0.0,0.0
1700617,0.0,0.0,0.0,0.0,0.0,1.0,0.0
1701117,0.0,0.0,0.0,0.0,0.0,0.0,0.0
1703752,0.0,0.0,0.0,0.0,0.0,1.0,0.0
1704252,0.0,0.0,0.0,0.0,0.0,0.0,0.0
1705763,0.0,0.0,0.0,0.0,1.0,0.0,0.0
1706263,0.0,0.0,0.0,0.0,0.0,0.0,0.0
1706264,0.0,0.0,0.0,0.0,0.0,1.0,0.0
1706764,0.0,0.0,0.0,0.0,0.0,0.0,0.0
1708180,0.0,0.0,0.0,0.0,0.0,1.0,0.0
1708680,0.0,0.0,0.0,0.0,0.0,0.0,0.0
1709807,0.0,0.0,0.0,0.0,0.0,1.0,0.0
1709809,0.0,0.0,0.0,0.0,0.0,2.0,0.0
1710309,0.0,0.0,0.0,0.0,0.0,0.0,0.0
1710981,0.0,0.0,0.0,0.0,1.0,0.0,0.0
1711481,0.0,0.0,0.0,0.0,0.0,0.0,0.0
1713550,0.0,0.0,0.0,0.0,0.0,1.0,0.0
1714050,0.0,0.0,0.0,0.0,0.0,0.0,0.0
1714420,0.0,0.0,0.0,0.0,0.0,1.0,0.0
1714424,0.0,0.0,0.0,0.0,0.0,2.0,0.0
1714924,0.0,0.0,0.0,0.0,0.0,0.0,0.0
1719237,0.0,0.0,0.0,0.0,1.0,0.0,0.0
1719277,0.0,0.0,0.0,0.0,1.0,1.0,0.0
1719279,0.0,0.0,0.0,0.0,1.0,2.0,0.0
1719737,0.0,0.0,0.0,0.0,0.0,2.0,0.0
1719779,0.0,0.0,0.0,0.0,0.0,0.0,0.0
1720567,0.0,0.0,0.0,0.0,0.0,1.0,0.0
1721067,0.0,0.0,0.0,0.0,0.0,0.0,0.0
1721676,0.0,0.0,0.0,0.0,0.0,1.0,0.0
1722176,0.0,0.0,0.0,0.0,0.0,0.0,0.0
1723016,0.0,0.0,0.0,0.0,0.0,1.0,0.0
1723516,0.0,0.0,0.0,0.0,0.0,0.0,0.0
1729576,0.0,0.0,0.0,0.0,0.0,1.0,0.0
1730076,0.0,0.0,0.0,0.0,0.0,0.0,0.0
1733350,0.0,0.0,0.0,0.0,0.0,1.0,0.0
1733850,0.0,0.0,0.0,0.0,0.0,0.0,0.0
1734570,0.0,0.0,0.0,0.0,0.0,1.0,0.0
1734573,0.0,0.0,0.0,0.0,0.0,2.0,0.0
1735073,0.0,0.0,0.0,0.0,0.0,0.0,0.0
1735771,0.0,0.0,0.0,0.0,0.0,1.0,0.0
1736271,0.0,0.0,0.0,0.0,0.0,0.0,0.0
1737238,0.0,0.0,0.0,0.0,0.0,1.0,0.0
1737738,0.0,0.0,0.0,0.0,0.0,0.0,0.0
1737875,0.0,0.0,0.0,0.0,1.0,0.0,0.0
1737884,0.0,0.0,0.0,0.0,1.0,1.0,0.0
1738375,0.0,0.0,0.0,0.0,0.0,1.0,0.0
1738384,0.0,0.0,0.0,0.0,0.0,0.0,0.0
1738585,0.0,0.0,0.0,0.0,1.0,0.0,0.0
1739085,0.0,0.0,0.0,0.0,0.0,0.0,0.0
1739569,0.0,0.0,0.0,0.0,0.0,1.0,0.0
1740069,0.0,0.0,0.0,0.0,0.0,0.0,0.0
1740282,0.0,0.0,0.0,0.0,0.0,1.0,0.0
1740782,0.0,0.0,0.0,0.0,0.0,0.0,0.0
1743139,0.0,0.0,0.0,0.0,1.0,0.0,0.0
1743639,0.0,0.0,0.0,0.0,0.0,0.0,0.0
1746342,0.0,0.0,0.0,0.0,0.0,1.0,0.0
1746842,0.0,0.0,0.0,0.0,0.0,0.0,0.0
1746930,0.0,0.0,0.0,0.0,0.0,1.0,0.0
1747430,0.0,0.0,0.0,0.0,0.0,0.0,0.0
1747468,0.0,0.0,0.0,0.0,0.0,1.0,0.0
1747638,0.0,0.0,0.0,0.0,0.0,2.0,0.0
1748138,0.0,0.0,0.0,0.0,0.0,0.0,0.0
1757389,0.0,0.0,0.0,0.0,1.0,0.0,0.0
1757774,0.0,0.0,0.0,0.0,1.0,1.0,0.0
1757889,0.0,0.0,0.0,0.0,0.0,1.0,0.0
1758274,0.0,0.0,0.0,0.0,0.0,0.0,0.0
1758388,0.0,0.0,0.0,0.0,0.0,1.0,0.0
1758390,0.0,0.0,0.0,0.0,0.0,2.0,0.0
1758890,0.0,0.0,0.0,0.0,0.0,0.0,0.0
1762464,0.0,0.0,0.0,0.0,0.0,1.0,0.0
1762465,0.0,0.0,0.0,0.0,0.0,2.0,0.0
1762965,0.0,0.0,0.0,0.0,0.0,0.0,0.0
1763575,0.0,0.0,0.0,0.0,0.0,1.0,0.0
1764075,0.0,0.0,0.0,0.0,0.0,0.0,0.0
1765564,0.0,0.0,0.0,0.0,0.0,1.0,0.0
1765582,0.0,0.0,0.0,0.0,0.0,2.0,0.0
1766082,0.0,0.0,0.0,0.0,0.0,0.0,0.0
1768395,0.0,0.0,0.0,0.0,0.0,1.0,0.0
1768895,0.0,0.0,0.0,0.0,0.0,0.0,0.0
1770556,0.0,0.0,0.0,0.0,0.0,1.0,0.0
1771056,0.0,0.0,0.0,0.0,0.0,0.0,0.0
1771269,0.0,0.0,0.0,0.0,0.0,1.0,0.0
1771769,0.0,0.0,0.0,0.0,0.0,0.0,0.0
1776049,0.0,0.0,0.0,0.0,0.0,1.0,0.0
1776549,0.0,0.0,0.0,0.0,0.0,0.0,0.0
1779828,0.0,0.0,0.0,0.0,0.0,1.0,0.0
1780328,0.0,0.0,0.0,0.0,0.0,0.0,0.0
1780608,0.0,0.0,0.0,0.0,0.0,1.0,0.0
1781108,0.0,0.0,0.0,0.0,0.0,0.0,0.0
1786025,0.0,0.0,0.0,0.0,0.0,1.0,0.0
1786029,0.0,0.0,0.0,0.0,0.0,2.0,0.0
1786529,0.0,0.0,0.0,0.0,0.0,0.0,0.0
1786852,0.0,0.0,0.0,0.0,0.0,1.0,0.0
1787352,0.0,0.0,0.0,0.0,0.0,0.0,0.0
1787747,0.0,0.0,0.0,0.0,0.0,1.0,0.0
1788247,0.0,0.0,0.0,0.0,0.0,0.0,0.0
1790350,0.0,0.0,0.0,0.0,0.0,1.0,0.0
1790359,0.0,0.0,0.0,0.0,0.0,2.0,0.0
1790859,0.0,0.0,0.0,0.0,0.0,0.0,0.0
1791141,0.0,0.0,0.0,0.0,1.0,0.0,0.0
1791641,0.0,0.0,0.0,0.0,0.0,0.0,0.0
1793268,0.0,0.0,0.0,0.0,0.0,1.0,0.0
1793269,0.0,0.0,0.0,0.0,0.0,2.0,0.0
1793769,0.0,0.0,0.0,0.0,0.0,0.0,0.0
1794514,0.0,0.0,0.0,0.0,0.0,1.0,0.0
1795014,0.0,0.0,0.0,0.0,0.0,0.0,0.0
1798295,0.0,0.0,0.0,0.0,0.0,1.0,0.0
1798310,0.0,0.0,0.0,0.0,0.0,2.0,0.0
1798810,0.0,0.0,0.0,0.0,0.0,0.0,0.0
1800000,0.0,0.0,0.0,0.0,0.0,0.0,1.0
1800012,0.0,0.0,0.0,0.0,0.0,1.0,1.0
1800026,0.0,0.0,0.0,0.0,0.0,2.0,1.0
1800095,2.0,0.0,0.0,0.0,0.0,2.0,1.0
1800160,2.0,2.0,0.0,0.0,0.0,2.0,1.0
1800185,2.0,2.0,0.0,0.0,1.0,2.0,1.0
1800218,2.0,2.0,0.0,0.0,2.0,2.0,1.0
1800500,2.0,2.0,0.0,0.0,2.0,2.0,0.0
1800526,2.0,2.0,0.0,0.0,2.0,0.0,0.0
1800595,0.0,2.0,0.0,0.0,2.0,0.0,0.0
1800660,0.0,0.0,0.0,0.0,2.0,0.0,0.0
1800718,0.0,0.0,0.0,0.0,0.0,0.0,0.0
1801237,0.0,0.0,1.0,0.0,0.0,0.0,0.0
1801239,0.0,0.0,1.0,0.0,0.0,1.0,0.0
1801648,0.0,0.0,1.0,0.0,1.0,2.0,0.0
1802148,0.0,0.0,1.0,0.0,0.0,0.0,0.0
1802299,0.0,0.0,1.0,0.0,0.0,1.0,0.0
1802674,0.0,0.0,2.0,0.0,0.0,1.0,0.0
1802799,0.0,0.0,2.0,0.0,0.0,0.0,0.0
1802882,0.0,0.0,2.0,0.0,0.0,1.0,0.0
1803124,0.0,0.0,2.0,0.0,0.0,2.0,0.0
1803174,0.0,0.0,0.0,0.0,0.0,2.0,0.0
1803624,0.0,0.0,0.0,0.0,0.0,0.0,0.0
1803650,0.0,0.0,0.0,0.0,0.0,1.0,0.0
1804150,0.0,0.0,0.0,0.0,0.0,0.0,0.0
1804838,0.0,0.0,0.0,0.0,0.0,1.0,0.0
1805338,0.0,0.0,0.0,0.0,0.0,0.0,0.0
1805674,0.0,0.0,0.0,0.0,0.0,1.0,0.0
1806174,0.0,0.0,0.0,0.0,0.0,0.0,0.0
1806194,0.0,0.0,0.0,0.0,0.0,1.0,0.0
1806694,0.0,0.0,0.0,0.0,0.0,0.0,0.0
1806925,0.0,0.0,0.0,0.0,0.0,1.0,0.0
1807120,0.0,0.0,0.0,0.0,0.0,2.0,0.0
1807620,0.0,0.0,0.0,0.0,0.0,0.0,0.0
1808255,0.0,0.0,0.0,0.0,0.0,1.0,0.0
1808258,0.0,0.0,0.0,0.0,0.0,2.0,0.0
1808758,0.0,0.0,0.0,0.0,0.0,0.0,0.0
1808852,0.0,0.0,0.0,0.0,0.0,1.0,0.0
1808871,0.0,0.0,0.0,0.0,0.0,2.0,0.0
1809371,0.0,0.0,0.0,0.0,0.0,0.0,0.0
1809403,0.0,0.0,0.0,0.0,0.0,1.0,0.0
1809903,0.0,0.0,0.0,0.0,0.0,0.0,0.0
1810139,0.0,0.0,0.0,0.0,0.0,1.0,0.0
1810639,0.0,0.0,0.0,0.0,0.0,0.0,0.0
1811563,0.0,0.0,0.0,0.0,0.0,1.0,0.0
1812063,0.0,0.0,0.0,0.0,0.0,0.0,0.0
1813031,0.0,0.0,0.0,0.0,0.0,1.0,0.0
1813041,0.0,0.0,0.0,0.0,0.0,2.0,0.0
1813541,0.0,0.0,0.0,0.0,0.0,0.0,0.0
1813801,0.0,0.0,0.0,0.0,0.0,1.0,0.0
1814301,0.0,0.0,0.0,0.0,0.0,0.0,0.0
1814436,0.0,0.0,0.0,0.0,0.0,1.0,0.0
1814936,0.0,0.0,0.0,0.0,0.0,0.0,0.0
1815911,0.0,0.0,0.0,0.0,0.0,1.0,0.0
1816411,0.0,0.0,0.0,0.0,0.0,0.0,0.0
1817074,0.0,0.0,0.0,0.0,0.0,1.0,0.0
1817429,0.0,0.0,0.0,0.0,0.0,2.0,0.0
1817929,0.0,0.0,0.0,0.0,0.0,0.0,0.0
1818035,0.0,0.0,0.0,0.0,0.0,1.0,0.0
1818081,0.0,0.0,0.0,0.0,0.0,2.0,0.0
1818581,0.0,0.0,0.0,0.0,0.0,0.0,0.0
1819463,0.0,0.0,0.0,0.0,0.0,1.0,0.0
1819520,0.0,0.0,0.0,0.0,0.0,2.0,0.0
1819547,0.0,0.0,0.0,0.0,1.0,2.0,0.0
1820020,0.0,0.0,0.0,0.0,1.0,0.0,0.0
1820035,0.0,0.0,0.0,0.0,1.0,1.0,0.0
1820047,0.0,0.0,0.0,0.0,0.0,1.0,0.0
1820535,0.0,0.0,0.0,0.0,0.0,0.0,0.0
1820586,0.0,0.0,0.0,0.0,0.0,1.0,0.0
1821086,0.0,0.0,0.0,0.0,0.0,0.0,0.0
1821087,0.0,0.0,0.0,0.0,0.0,1.0,0.0
1821096,0.0,0.0,0.0,0.0,0.0,2.0,0.0
1821596,0.0,0.0,0.0,0.0,0.0,0.0,0.0
1822165,0.0,0.0,0.0,0.0,0.0,1.0,0.0
1822254,0.0,0.0,0.0,0.0,0.0,2.0,0.0
1822443,0.0,2.0,0.0,0.0,0.0,2.0,0.0
1822540,0.0,2.0,1.0,0.0,0.0,2.0,0.0
1822754,0.0,2.0,1.0,0.0,0.0,0.0,0.0
1822943,0.0,0.0,1.0,0.0,0.0,0.0,0.0
1823040,0.0,0.0,0.0,0.0,0.0,0.0,0.0
1823122,0.0,0.0,0.0,0.0,0.0,1.0,0.0
1823474,0.0,0.0,0.0,0.0,0.0,2.0,0.0
1823475,0.0,0.0,1.0,0.0,0.0,2.0,0.0
1823974,0.0,0.0,1.0,0.0,0.0,0.0,0.0
1824213,0.0,0.0,1.0,0.0,0.0,1.0,0.0
1824475,0.0,0.0,0.0,0.0,0.0,1.0,0.0
1824713,0.0,0.0,0.0,0.0,0.0,0.0,0.0
1824773,0.0,0.0,1.0,0.0,0.0,0.0,0.0
1824774,0.0,0.0,1.0,0.0,0.0,1.0,0.0
1825274,0.0,0.0,1.0,0.0,0.0,0.0,0.0
1825773,0.0,0.0,0.0,0.0,0.0,0.0,0.0
1825840,0.0,0.0,1.0,0.0,0.0,0.0,0.0
1825842,0.0,0.0,1.0,0.0,0.0,1.0,0.0
1825869,0.0,0.0,1.0,0.0,0.0,2.0,0.0
1826369,0.0,0.0,1.0,0.0,0.0,0.0,0.0
1827340,0.0,0.0,0.0,0.0,0.0,0.0,0.0
1827455,0.0,0.0,1.0,0.0,0.0,0.0,0.0
1827746,0.0,0.0,1.0,0.0,0.0,1.0,0.0
1827955,0.0,0.0,0.0,0.0,0.0,1.0,0.0
1828246,0.0,0.0,0.0,0.0,0.0,0.0,0.0
1828574,0.0,0.0,0.0,0.0,0.0,1.0,0.0
1828700,0.0,0.0,0.0,0.0,0.0,2.0,0.0
1829200,0.0,0.0,0.0,0.0,0.0,0.0,0.0
1829910,0.0,0.0,0.0,0.0,0.0,1.0,0.0
1830410,0.0,0.0,0.0,0.0,0.0,0.0,0.0
1831453,0.0,0.0,0.0,0.0,0.0,1.0,0.0
1831460,0.0,0.0,0.0,0.0,0.0,2.0,0.0
1831960,0.0,0.0,0.0,0.0,0.0,0.0,0.0
1832630,0.0,0.0,0.0,0.0,0.0,1.0,0.0
1832633,0.0,0.0,0.0,0.0,0.0,2.0,0.0
1833133,0.0,0.0,0.0,0.0,0.0,0.0,0.0
1833190,0.0,0.0,0.0,0.0,0.0,1.0,0.0
1833690,0.0,0.0,0.0,0.0,0.0,0.0,0.0
1833732,0.0,0.0,0.0,0.0,0.0,1.0,0.0
1834232,0.0,0.0,0.0,0.0,0.0,0.0,0.0
1834336,0.0,0.0,0.0,0.0,0.0,1.0,0.0
1834346,0.0,0.0,0.0,0.0,0.0,2.0,0.0
1834846,0.0,0.0,0.0,0.0,0.0,0.0,0.0
1834920,0.0,0.0,0.0,0.0,0.0,1.0,0.0
1835054,0.0,0.0,0.0,0.0,0.0,2.0,0.0
1835554,0.0,0.0,0.0,0.0,0.0,0.0,0.0
1836764,0.0,0.0,0.0,0.0,0.0,1.0,0.0
1837264,0.0,0.0,0.0,0.0,0.0,0.0,0.0
1837507,0.0,0.0,0.0,0.0,0.0,1.0,0.0
1838007,0.0,0.0,0.0,0.0,0.0,0.0,0.0
1838231,0.0,0.0,0.0,0.0,0.0,1.0,0.0
1838731,0.0,0.0,0.0,0.0,0.0,0.0,0.0
1838824,0.0,0.0,0.0,0.0,0.0,1.0,0.0
1839171,0.0,0.0,0.0,0.0,0.0,2.0,0.0
1839671,0.0,0.0,0.0,0.0,0.0,0.0,0.0
1840085,0.0,0.0,0.0,0.0,0.0,1.0,0.0
1840189,0.0,0.0,0.0,0.0,0.0,2.0,0.0
1840689,0.0,0.0,0.0,0.0,0.0,0.0,0.0
1841374,0.0,0.0,0.0,0.0,0.0,1.0,0.0
1841726,0.0,0.0,0.0,0.0,0.0,2.0,0.0
1842226,0.0,0.0,0.0,0.0,0.0,0.0,0.0
1842838,0.0,0.0,0.0,0.0,0.0,1.0,0.0
1843338,0.0,0.0,0.0,0.0,0.0,0.0,0.0
1844001,0.0,0.0,0.0,0.0,0.0,1.0,0.0
1844501,0.0,0.0,0.0,0.0,0.0,0.0,0.0
1844837,0.0,0.0,0.0,0.0,0.0,1.0,0.0
1845041,0.0,0.0,0.0,0.0,0.0,2.0,0.0
1845541,0.0,0.0,0.0,0.0,0.0,0.0,0.0
1846879,0.0,0.0,0.0,0.0,0.0,1.0,0.0
1846963,0.0,0.0,0.0,0.0,0.0,2.0,0.0
1847463,0.0,0.0,0.0,0.0,0.0,1.0,0.0
1847963,0.0,0.0,0.0,0.0,0.0,0.0,0.0
1848318,0.0,0.0,0.0,0.0,0.0,1.0,0.0
1848818,0.0,0.0,0.0,0.0,0.0,0.0,0.0
1849807,0.0,0.0,0.0,0.0,0.0,1.0,0.0
1849813,0.0,0.0,0.0,0.0,0.0,2.0,0.0
1850313,0.0,0.0,0.0,0.0,0.0,0.0,0.0
1850694,0.0,0.0,0.0,0.0,0.0,1.0,0.0
1851056,0.0,0.0,0.0,0.0,1.0,1.0,0.0
1851066,0.0,0.0,0.0,0.0,1.0,2.0,0.0
1851556,0.0,0.0,0.0,0.0,0.0,2.0,0.0
1851566,0.0,0.0,0.0,0.0,0.0,0.0,0.0
1851865,0.0,0.0,0.0,0.0,0.0,1.0,0.0
1852365,0.0,0.0,0.0,0.0,0.0,0.0,0.0
1852563,0.0,0.0,0.0,0.0,0.0,1.0,0.0
1852661,0.0,0.0,0.0,0.0,0.0,2.0,0.0
1853161,0.0,0.0,0.0,0.0,0.0,0.0,0.0
1853346,0.0,0.0,0.0,0.0,0.0,1.0,0.0
1853846,0.0,0.0,0.0,0.0,0.0,0.0,0.0
1854078,0.0,0.0,0.0,0.0,0.0,1.0,0.0
1854578,0.0,0.0,0.0,0.0,0.0,0.0,0.0
1854850,0.0,0.0,0.0,0.0,0.0,1.0,0.0
1855350,0.0,0.0,0.0,0.0,0.0,0.0,0.0
1856697,0.0,0.0,0.0,0.0,0.0,1.0,0.0
1856854,0.0,0.0,0.0,0.0,0.0,2.0,0.0
1857354,0.0,0.0,0.0,0.0,0.0,0.0,0.0
1857492,0.0,0.0,0.0,0.0,0.0,1.0,0.0
1857572,0.0,0.0,0.0,0.0,0.0,2.0,0.0
1858072,0.0,0.0,0.0,0.0,0.0,0.0,0.0
1858265,0.0,0.0,0.0,0.0,0.0,1.0,0.0
1858445,0.0,0.0,0.0,0.0,0.0,2.0,0.0
1858945,0.0,0.0,0.0,0.0,0.0,0.0,0.0
1858952,0.0,0.0,0.0,0.0,0.0,1.0,0.0
1859300,0.0,0.0,0.0,0.0,0.0,2.0,0.0
1859800,0.0,0.0,0.0,0.0,0.0,0.0,0.0
1860336,0.0,0.0,0.0,0.0,0.0,1.0,0.0
1860836,0.0,0.0,0.0,0.0,0.0,0.0,0.0
1861033,0.0,0.0,0.0,0.0,0.0,1.0,0.0
1861533,0.0,0.0,0.0,0.0,0.0,0.0,0.0
1862007,0.0,0.0,0.0,0.0,0.0,1.0,0.0
1862507,0.0,0.0,0.0,0.0,0.0,0.0,0.0
1862612,0.0,0.0,0.0,0.0,0.0,1.0,0.0
1862618,0.0,0.0,0.0,0.0,0.0,2.0,0.0
1863118,0.0,0.0,0.0,0.0,0.0,0.0,0.0
1863169,0.0,0.0,0.0,0.0,0.0,1.0,0.0
1863196,0.0,0.0,0.0,0.0,0.0,2.0,0.0
1863696,0.0,0.0,0.0,0.0,0.0,0.0,0.0
1864118,0.0,0.0,0.0,0.0,0.0,1.0,0.0
1864618,0.0,0.0,0.0,0.0,0.0,0.0,0.0
1864723,0.0,0.0,0.0,0.0,0.0,1.0,0.0
1865223,0.0,0.0,0.0,0.0,0.0,0.0,0.0
1865235,0.0,0.0,0.0,0.0,0.0,1.0,0.0
1865735,0.0,0.0,0.0,0.0,0.0,0.0,0.0
1865763,0.0,0.0,0.0,0.0,0.0,1.0,0.0
1865769,0.0,0.0,0.0,0.0,0.0,2.0,0.0
1866269,0.0,0.0,0.0,0.0,0.0,0.0,0.0
1866277,0.0,0.0,0.0,0.0,0.0,1.0,0.0
1866777,0.0,0.0,0.0,0.0,0.0,0.0,0.0
1867496,0.0,0.0,0.0,0.0,0.0,1.0,0.0
1867781,0.0,0.0,0.0,0.0,0.0,2.0,0.0
1868281,0.0,0.0,0.0,0.0,0.0,0.0,0.0
1868829,0.0,0.0,0.0,0.0,0.0,1.0,0.0
1869329,0.0,0.0,0.0,0.0,0.0,0.0,0.0
1869561,0.0,0.0,0.0,0.0,0.0,1.0,0.0
1870061,0.0,0.0,0.0,0.0,0.0,0.0,0.0
1870416,0.0,0.0,0.0,0.0,0.0,1.0,0.0
1870916,0.0,0.0,0.0,0.0,0.0,0.0,0.0
1871221,0.0,0.0,0.0,0.0,0.0,1.0,0.0
1871225,0.0,0.0,0.0,0.0,0.0,2.0,0.0
1871725,0.0,0.0,0.0,0.0,0.0,0.0,0.0
1872419,0.0,0.0,0.0,0.0,0.0,1.0,0.0
1872467,0.0,0.0,0.0,0.0,0.0,2.0,0.0
1872967,0.0,0.0,0.0,0.0,0.0,0.0,0.0
1873142,0.0,0.0,0.0,0.0,0.0,1.0,0.0
1873642,0.0,0.0,0.0,0.0,0.0,0.0,0.0
1875934,0.0,0.0,0.0,0.0,0.0,1.0,0.0
1876434,0.0,0.0,0.0,0.0,0.0,0.0,0.0
1876471,0.0,0.0,0.0,0.0,0.0,1.0,0.0
1876474,0.0,0.0,0.0,0.0,0.0,2.0,0.0
1876974,0.0,0.0,0.0,0.0,0.0,0.0,0.0
1877373,0.0,0.0,0.0,0.0,0.0,1.0,0.0
1877376,0.0,0.0,0.0,0.0,0.0,2.0,0.0
1877876,0.0,0.0,0.0,0.0,0.0,0.0,0.0
1879161,0.0,0.0,0.0,0.0,0.0,1.0,0.0
1879661,0.0,0.0,0.0,0.0,0.0,0.0,0.0
1880425,0.0,0.0,0.0,0.0,0.0,1.0,0.0
1880428,0.0,0.0,0.0,0.0,0.0,2.0,0.0
1880928,0.0,0.0,0.0,0.0,0.0,0.0,0.0
1882397,0.0,0.0,0.0,0.0,0.0,1.0,0.0
1882400,0.0,0.0,0.0,0.0,0.0,2.0,0.0
1882900,0.0,0.0,0.0,0.0,0.0,0.0,0.0
1883026,0.0,0.0,0.0,0.0,0.0,1.0,0.0
1883046,0.0,0.0,0.0,0.0,0.0,2.0,0.0
1883546,0.0,0.0,0.0,0.0,0.0,0.0,0.0
1883674,0.0,0.0,0.0,0.0,0.0,1.0,0.0
1884174,0.0,0.0,0.0,0.0,0.0,0.0,0.0
1884728,0.0,0.0,0.0,0.0,0.0,1.0,0.0
1885131,0.0,0.0,0.0,0.0,0.0,2.0,0.0
1885631,0.0,0.0,0.0,0.0,0.0,0.0,0.0
1885671,0.0,0.0,0.0,0.0,0.0,1.0,0.0
1886171,0.0,0.0,0.0,0.0,0.0,0.0,0.0
1886429,0.0,0.0,0.0,0.0,0.0,1.0,0.0
1886929,0.0,0.0,0.0,0.0,0.0,0.0,0.0
1887630,0.0,0.0,0.0,0.0,0.0,1.0,0.0
1888130,0.0,0.0,0.0,0.0,0.0,0.0,0.0
1888761,0.0,0.0,0.0,0.0,0.0,1.0,0.0
1889261,0.0,0.0,0.0,0.0,0.0,0.0,0.0
1889639,0.0,0.0,0.0,0.0,0.0,1.0,0.0
1890139,0.0,0.0,0.0,0.0,0.0,0.0,0.0
1890298,0.0,0.0,0.0,0.0,0.0,1.0,0.0
1890304,0.0,0.0,0.0,0.0,0.0,2.0,0.0
1890804,0.0,0.0,0.0,0.0,0.0,0.0,0.0
1890979,0.0,0.0,0.0,0.0,0.0,1.0,0.0
1891479,0.0,0.0,0.0,0.0,0.0,0.0,0.0
1893686,0.0,0.0,0.0,0.0,0.0,1.0,0.0
1894186,0.0,0.0,0.0,0.0,0.0,0.0,0.0
1894553,0.0,0.0,0.0,0.0,0.0,1.0,0.0
1895053,0.0,0.0,0.0,0.0,0.0,0.0,0.0
1895080,0.0,0.0,0.0,0.0,0.0,1.0,0.0
1895479,0.0,0.0,0.0,0.0,0.0,2.0,0.0
1895979,0.0,0.0,0.0,0.0,0.0,0.0,0.0
1896266,0.0,0.0,0.0,0.0,0.0,1.0,0.0
1896275,0.0,0.0,0.0,0.0,0.0,2.0,0.0
1896775,0.0,0.0,0.0,0.0,0.0,0.0,0.0
1897212,0.0,0.0,0.0,0.0,0.0,1.0,0.0
1897712,0.0,0.0,0.0,0.0,0.0,0.0,0.0
1898214,0.0,0.0,0.0,0.0,0.0,1.0,0.0
1898272,0.0,0.0,0.0,0.0,0.0,2.0,0.0
1898772,0.0,0.0,0.0,0.0,0.0,0.0,0.0
1899424,0.0,0.0,0.0,0.0,0.0,1.0,0.0
1899924,0.0,0.0,0.0,0.0,0.0,0.0,0.0
1904484,0.0,0.0,0.0,0.0,0.0,1.0,0.0
1904984,0.0,0.0,0.0,0.0,0.0,0.0,0.0
1906338,0.0,0.0,0.0,0.0,0.0,1.0,0.0
1906838,0.0,0.0,0.0,0.0,0.0,0.0,0.0
1908005,0.0,0.0,0.0,0.0,0.0,1.0,0.0
1908505,0.0,0.0,0.0,0.0,0.0,0.0,0.0
1909656,0.0,0.0,0.0,0.0,0.0,1.0,0.0
1909657,0.0,0.0,0.0,0.0,1.0,1.0,0.0
1910156,0.0,0.0,0.0,0.0,1.0,0.0,0.0
1910157,0.0,0.0,0.0,0.0,0.0,0.0,0.0
1911813,0.0,0.0,0.0,0.0,0.0,1.0,0.0
1912313,0.0,0.0,0.0,0.0,0.0,0.0,0.0
1917469,0.0,0.0,0.0,0.0,0.0,1.0,0.0
1917969,0.0,0.0,0.0,0.0,0.0,0.0,0.0
1919236,0.0,0.0,0.0,0.0,0.0,1.0,0.0
1919736,0.0,0.0,0.0,0.0,0.0,0.0,0.0
1921153,0.0,0.0,0.0,0.0,0.0,1.0,0.0
1921653,0.0,0.0,0.0,0.0,0.0,0.0,0.0
1923993,0.0,0.0,0.0,0.0,0.0,1.0,0.0
1924493,0.0,0.0,0.0,0.0,0.0,0.0,0.0
1927121,0.0,0.0,0.0,0.0,0.0,1.0,0.0
1927621,0.0,0.0,0.0,0.0,0.0,0.0,0.0
1928922,0.0,0.0,0.0,0.0,0.0,1.0,0.0
1929422,0.0,0.0,0.0,0.0,0.0,0.0,0.0
1929736,0.0,0.0,0.0,0.0,0.0,1.0,0.0
1930236,0.0,0.0,0.0,0.0,0.0,0.0,0.0
1934592,0.0,0.0,0.0,0.0,0.0,1.0,0.0
1935092,0.0,0.0,0.0,0.0,0.0,0.0,0.0
1936291,0.0,0.0,0.0,0.0,0.0,1.0,0.0
1936791,0.0,0.0,0.0,0.0,0.0,0.0,0.0
1937764,0.0,0.0,0.0,0.0,0.0,1.0,0.0
1937973,0.0,0.0,0.0,0.0,0.0,2.0,0.0
1938473,0.0,0.0,0.0,0.0,0.0,0.0,0.0
1939820,0.0,0.0,0.0,0.0,0.0,1.0,0.0
1940320,0.0,0.0,0.0,0.0,0.0,0.0,0.0
1944980,0.0,0.0,0.0,0.0,0.0,1.0,0.0
1945480,0.0,0.0,0.0,0.0,0.0,0.0,0.0
1945628,0.0,0.0,0.0,0.0,1.0,0.0,0.0
1946042,0.0,0.0,0.0,0.0,1.0,1.0,0.0
1946044,0.0,0.0,0.0,0.0,1.0,2.0,0.0
1946128,0.0,0.0,0.0,0.0,0.0,2.0,0.0
1946544,0.0,0.0,0.0,0.0,0.0,0.0,0.0
1949728,0.0,0.0,0.0,0.0,0.0,1.0,0.0
1949730,0.0,0.0,0.0,0.0,0.0,2.0,0.0
1950230,0.0,0.0,0.0,0.0,0.0,0.0,0.0
1950283,0.0,0.0,0.0,0.0,0.0,1.0,0.0
1950285,0.0,0.0,0.0,0.0,0.0,2.0,0.0
1950785,0.0,0.0,0.0,0.0,0.0,0.0,0.0
1952239,0.0,0.0,0.0,0.0,0.0,1.0,0.0
1952739,0.0,0.0,0.0,0.0,0.0,0.0,0.0
1958840,0.0,0.0,0.0,0.0,0.0,1.0,0.0
1959340,0.0,0.0,0.0,0.0,0.0,0.0,0.0
1959907,0.0,0.0,0.0,0.0,0.0,1.0,0.0
1960407,0.0,0.0,0.0,0.0,0.0,0.0,0.0
1960684,0.0,0.0,0.0,0.0,0.0,1.0,0.0
1961184,0.0,0.0,0.0,0.0,0.0,0.0,0.0
1966349,0.0,0.0,0.0,0.0,0.0,1.0,0.0
1966849,0.0,0.0,0.0,0.0,0.0,0.0,0.0
1974583,0.0,0.0,0.0,0.0,0.0,1.0,0.0
1975083,0.0,0.0,0.0,0.0,0.0,0.0,0.0
1976464,0.0,0.0,0.0,0.0,0.0,1.0,0.0
1976964,0.0,0.0,0.0,0.0,0.0,0.0,0.0
1977265,0.0,0.0,0.0,0.0,1.0,0.0,0.0
1977765,0.0,0.0,0.0,0.0,0.0,0.0,0.0
1983379,0.0,0.0,0.0,0.0,0.0,1.0,0.0
1983879,0.0,0.0,0.0,0.0,0.0,0.0,0.0
1984940,0.0,0.0,0.0,0.0,1.0,0.0,0.0
1984953,0.0,0.0,0.0,0.0,1.0,1.0,0.0
1985440,0.0,0.0,0.0,0.0,0.0,1.0,0.0
1985453,0.0,0.0,0.0,0.0,0.0,0.0,0.0
1987129,0.0,0.0,0.0,0.0,0.0,1.0,0.0
1987629,0.0,0.0,0.0,0.0,0.0,0.0,0.0
1988587,0.0,0.0,0.0,0.0,0.0,1.0,0.0
1989087,0.0,0.0,0.0,0.0,0.0,0.0,0.0
1989452,0.0,0.0,0.0,0.0,0.0,1.0,0.0
1989952,0.0,0.0,0.0,0.0,0.0,0.0,0.0
1991027,0.0,0.0,0.0,0.0,0.0,1.0,0.0
1991527,0.0,0.0,0.0,0.0,0.0,0.0,0.0
1992286,0.0,0.0,0.0,0.0,0.0,1.0,0.0
1992288,0.0,0.0,0.0,0.0,0.0,2.0,0.0
1992788,0.0,0.0,0.0,0.0,0.0,0.0,0.0
1995874,0.0,0.0,0.0,0.0,1.0,0.0,0.0
1996067,0.0,0.0,0.0,0.0,1.0,1.0,0.0
1996374,0.0,0.0,0.0,0.0,0.0,1.0,0.0
1996567,0.0,0.0,0.0,0.0,0.0,0.0,0.0
1997090,0.0,0.0,0.0,0.0,0.0,1.0,0.0
1997590,0.0,0.0,0.0,0.0,0.0,0.0,0.0
2000000,0.0,0.0,0.0,0.0,0.0,0.0,1.0
2000010,0.0,0.0,0.0,0.0,0.0,1.0,1.0
2000017,0.0,0.0,0.0,0.0,0.0,2.0,1.0
2000063,2.0,0.0,0.0,0.0,1.0,2.0,1.0
2000069,2.0,0.0,0.0,0.0,2.0,2.0,1.0
2000343,2.0,2.0,0.0,0.0,2.0,2.0,1.0
