,ADWIN,CUSUM,DDM,GeometricMovingAverage,HDDMAverage,HDDMWeighted,Ground-truth
96,0.0,0.0,1.0,0.0,0.0,0.0,0.0
146,0.0,0.0,1.0,0.0,0.0,1.0,0.0
231,0.0,0.0,1.0,0.0,0.0,2.0,0.0
380,0.0,0.0,2.0,0.0,0.0,2.0,0.0
731,0.0,0.0,2.0,0.0,0.0,0.0,0.0
880,0.0,0.0,0.0,0.0,0.0,0.0,0.0
1236,0.0,0.0,1.0,0.0,0.0,0.0,0.0
1576,0.0,0.0,1.0,0.0,0.0,1.0,0.0
1616,0.0,0.0,1.0,0.0,0.0,2.0,0.0
2116,0.0,0.0,1.0,0.0,0.0,0.0,0.0
2226,0.0,0.0,1.0,0.0,0.0,1.0,0.0
2726,0.0,0.0,1.0,0.0,0.0,0.0,0.0
2736,0.0,0.0,0.0,0.0,0.0,0.0,0.0
3114,0.0,0.0,0.0,0.0,0.0,1.0,0.0
3236,0.0,0.0,0.0,0.0,0.0,2.0,0.0
3581,0.0,0.0,1.0,0.0,0.0,2.0,0.0
3736,0.0,0.0,1.0,0.0,0.0,0.0,0.0
4081,0.0,0.0,0.0,0.0,0.0,0.0,0.0
4279,0.0,0.0,0.0,0.0,0.0,1.0,0.0
4343,0.0,0.0,1.0,0.0,0.0,1.0,0.0
4779,0.0,0.0,1.0,0.0,0.0,0.0,0.0
4843,0.0,0.0,0.0,0.0,0.0,0.0,0.0
5093,0.0,0.0,0.0,0.0,0.0,1.0,0.0
5253,0.0,0.0,0.0,0.0,0.0,2.0,0.0
5426,0.0,0.0,1.0,0.0,0.0,2.0,0.0
5486,0.0,0.0,1.0,0.0,1.0,2.0,0.0
5614,0.0,2.0,1.0,0.0,1.0,2.0,0.0
5753,0.0,2.0,1.0,0.0,1.0,0.0,0.0
5986,0.0,2.0,1.0,0.0,0.0,0.0,0.0
5987,0.0,2.0,1.0,0.0,1.0,0.0,0.0
6114,0.0,0.0,1.0,0.0,1.0,0.0,0.0
6378,0.0,0.0,1.0,0.0,1.0,1.0,0.0
6487,0.0,0.0,1.0,0.0,0.0,1.0,0.0
6766,0.0,0.0,1.0,0.0,0.0,2.0,0.0
6926,0.0,0.0,0.0,0.0,0.0,2.0,0.0
7266,0.0,0.0,0.0,0.0,0.0,0.0,0.0
7522,0.0,0.0,0.0,0.0,0.0,1.0,0.0
7525,0.0,0.0,0.0,0.0,0.0,2.0,0.0
8025,0.0,0.0,0.0,0.0,0.0,0.0,0.0
8090,0.0,0.0,0.0,0.0,0.0,1.0,0.0
8482,0.0,0.0,0.0,0.0,0.0,2.0,0.0
8982,0.0,0.0,0.0,0.0,0.0,0.0,0.0
8988,0.0,0.0,0.0,0.0,1.0,0.0,0.0
9488,0.0,0.0,0.0,0.0,0.0,0.0,0.0
10001,0.0,0.0,0.0,0.0,0.0,1.0,0.0
10006,0.0,0.0,0.0,0.0,0.0,2.0,0.0
10411,0.0,0.0,0.0,0.0,1.0,2.0,0.0
10506,0.0,0.0,0.0,0.0,1.0,0.0,0.0
10911,0.0,0.0,0.0,0.0,0.0,0.0,0.0
11098,0.0,2.0,0.0,0.0,0.0,0.0,0.0
11533,0.0,2.0,0.0,0.0,0.0,1.0,0.0
11598,0.0,0.0,0.0,0.0,0.0,1.0,0.0
12033,0.0,0.0,0.0,0.0,0.0,0.0,0.0
12231,0.0,0.0,0.0,0.0,0.0,1.0,0.0
12731,0.0,0.0,0.0,0.0,0.0,0.0,0.0
12922,0.0,0.0,0.0,0.0,0.0,1.0,0.0
12954,0.0,0.0,0.0,0.0,0.0,2.0,0.0
13425,0.0,0.0,1.0,0.0,0.0,2.0,0.0
13454,0.0,0.0,1.0,0.0,0.0,0.0,0.0
14425,0.0,0.0,0.0,0.0,0.0,0.0,0.0
14460,0.0,0.0,0.0,0.0,0.0,1.0,0.0
14542,0.0,0.0,0.0,0.0,0.0,2.0,0.0
15042,0.0,0.0,0.0,0.0,0.0,0.0,0.0
15669,0.0,0.0,0.0,0.0,0.0,1.0,0.0
16169,0.0,0.0,0.0,0.0,0.0,0.0,0.0
16207,0.0,0.0,0.0,0.0,0.0,1.0,0.0
16225,0.0,0.0,0.0,0.0,0.0,2.0,0.0
16725,0.0,0.0,0.0,0.0,0.0,0.0,0.0
17328,0.0,0.0,0.0,0.0,0.0,1.0,0.0
17332,0.0,0.0,0.0,0.0,0.0,2.0,0.0
17832,0.0,0.0,0.0,0.0,0.0,0.0,0.0
19567,0.0,0.0,0.0,0.0,0.0,1.0,0.0
20067,0.0,0.0,0.0,0.0,0.0,0.0,0.0
20119,0.0,0.0,0.0,0.0,0.0,1.0,0.0
20619,0.0,0.0,0.0,0.0,0.0,0.0,0.0
20869,0.0,0.0,0.0,0.0,0.0,1.0,0.0
21369,0.0,0.0,0.0,0.0,0.0,0.0,0.0
22805,0.0,0.0,0.0,0.0,0.0,1.0,0.0
23305,0.0,0.0,0.0,0.0,0.0,0.0,0.0
23395,0.0,0.0,0.0,0.0,0.0,1.0,0.0
23398,0.0,0.0,0.0,0.0,0.0,2.0,0.0
23898,0.0,0.0,0.0,0.0,0.0,0.0,0.0
24317,0.0,0.0,0.0,0.0,0.0,1.0,0.0
24322,0.0,0.0,0.0,0.0,0.0,2.0,0.0
24822,0.0,0.0,0.0,0.0,0.0,0.0,0.0
24854,0.0,0.0,0.0,0.0,0.0,1.0,0.0
25354,0.0,0.0,0.0,0.0,0.0,0.0,0.0
25874,0.0,0.0,0.0,0.0,0.0,1.0,0.0
26374,0.0,0.0,0.0,0.0,0.0,0.0,0.0
27167,0.0,0.0,0.0,0.0,0.0,1.0,0.0
27667,0.0,0.0,0.0,0.0,0.0,0.0,0.0
28201,0.0,0.0,0.0,0.0,0.0,1.0,0.0
28701,0.0,0.0,0.0,0.0,0.0,0.0,0.0
28907,0.0,0.0,0.0,0.0,0.0,1.0,0.0
28913,0.0,0.0,0.0,0.0,0.0,2.0,0.0
29413,0.0,0.0,0.0,0.0,0.0,0.0,0.0
30666,0.0,0.0,0.0,0.0,0.0,1.0,0.0
31166,0.0,0.0,0.0,0.0,0.0,0.0,0.0
32949,0.0,0.0,0.0,0.0,0.0,1.0,0.0
33449,0.0,0.0,0.0,0.0,0.0,0.0,0.0
34470,0.0,0.0,0.0,0.0,0.0,1.0,0.0
34970,0.0,0.0,0.0,0.0,0.0,0.0,0.0
35089,0.0,0.0,0.0,0.0,0.0,1.0,0.0
35092,0.0,0.0,0.0,0.0,0.0,2.0,0.0
35592,0.0,0.0,0.0,0.0,0.0,0.0,0.0
35666,0.0,0.0,0.0,0.0,0.0,1.0,0.0
36166,0.0,0.0,0.0,0.0,0.0,0.0,0.0
36349,0.0,0.0,0.0,0.0,0.0,1.0,0.0
36735,0.0,0.0,0.0,0.0,0.0,2.0,0.0
37235,0.0,0.0,0.0,0.0,0.0,0.0,0.0
38003,0.0,0.0,0.0,0.0,0.0,1.0,0.0
38503,0.0,0.0,0.0,0.0,0.0,0.0,0.0
38619,0.0,0.0,0.0,0.0,0.0,1.0,0.0
39119,0.0,0.0,0.0,0.0,0.0,0.0,0.0
39690,0.0,0.0,0.0,0.0,0.0,1.0,0.0
39812,0.0,0.0,0.0,0.0,0.0,2.0,0.0
40312,0.0,0.0,0.0,0.0,0.0,0.0,0.0
40807,0.0,0.0,0.0,0.0,0.0,1.0,0.0
40810,0.0,0.0,0.0,0.0,0.0,2.0,0.0
41310,0.0,0.0,0.0,0.0,0.0,0.0,0.0
41995,0.0,0.0,0.0,0.0,0.0,1.0,0.0
42085,0.0,0.0,0.0,0.0,0.0,2.0,0.0
42585,0.0,0.0,0.0,0.0,0.0,0.0,0.0
42808,0.0,0.0,0.0,0.0,0.0,1.0,0.0
43308,0.0,0.0,0.0,0.0,0.0,0.0,0.0
43360,0.0,0.0,0.0,0.0,0.0,1.0,0.0
43860,0.0,0.0,0.0,0.0,0.0,0.0,0.0
44847,0.0,0.0,0.0,0.0,0.0,1.0,0.0
45234,0.0,0.0,0.0,0.0,0.0,2.0,0.0
45734,0.0,0.0,0.0,0.0,0.0,0.0,0.0
45898,0.0,0.0,0.0,0.0,0.0,1.0,0.0
45976,0.0,0.0,0.0,0.0,0.0,2.0,0.0
46443,0.0,2.0,0.0,0.0,0.0,2.0,0.0
46476,0.0,2.0,0.0,0.0,0.0,0.0,0.0
46617,0.0,2.0,0.0,0.0,0.0,1.0,0.0
46620,0.0,2.0,0.0,0.0,0.0,2.0,0.0
46943,0.0,0.0,0.0,0.0,0.0,2.0,0.0
47120,0.0,0.0,0.0,0.0,0.0,0.0,0.0
47123,0.0,0.0,0.0,0.0,0.0,1.0,0.0
47623,0.0,0.0,0.0,0.0,0.0,0.0,0.0
47680,0.0,0.0,0.0,0.0,0.0,1.0,0.0
47689,0.0,0.0,0.0,0.0,0.0,2.0,0.0
48189,0.0,0.0,0.0,0.0,0.0,0.0,0.0
48254,0.0,0.0,0.0,0.0,0.0,1.0,0.0
48261,0.0,0.0,0.0,0.0,0.0,2.0,0.0
48761,0.0,0.0,0.0,0.0,0.0,0.0,0.0
48765,0.0,0.0,0.0,0.0,0.0,1.0,0.0
49265,0.0,0.0,0.0,0.0,0.0,0.0,0.0
49599,0.0,0.0,0.0,0.0,0.0,1.0,0.0
50099,0.0,0.0,0.0,0.0,0.0,0.0,0.0
50862,0.0,0.0,0.0,0.0,0.0,1.0,0.0
51356,0.0,0.0,0.0,0.0,0.0,2.0,0.0
51856,0.0,0.0,0.0,0.0,0.0,0.0,0.0
52409,0.0,0.0,0.0,0.0,0.0,1.0,0.0
52543,0.0,0.0,0.0,0.0,0.0,2.0,0.0
53043,0.0,0.0,0.0,0.0,0.0,0.0,0.0
53096,0.0,2.0,0.0,0.0,0.0,0.0,0.0
53118,0.0,2.0,0.0,0.0,0.0,1.0,0.0
53596,0.0,0.0,0.0,0.0,0.0,1.0,0.0
53618,0.0,0.0,0.0,0.0,0.0,0.0,0.0
53880,0.0,0.0,0.0,0.0,0.0,1.0,0.0
54380,0.0,0.0,0.0,0.0,0.0,0.0,0.0
54924,0.0,0.0,0.0,0.0,0.0,1.0,0.0
55424,0.0,0.0,0.0,0.0,0.0,0.0,0.0
55513,0.0,0.0,0.0,0.0,0.0,1.0,0.0
56013,0.0,0.0,0.0,0.0,0.0,0.0,0.0
56713,0.0,0.0,0.0,0.0,0.0,1.0,0.0
56720,0.0,0.0,0.0,0.0,0.0,2.0,0.0
57220,0.0,0.0,0.0,0.0,0.0,0.0,0.0
57373,0.0,0.0,0.0,0.0,0.0,1.0,0.0
57873,0.0,0.0,0.0,0.0,0.0,0.0,0.0
58728,0.0,0.0,0.0,0.0,0.0,1.0,0.0
59228,0.0,0.0,0.0,0.0,0.0,0.0,0.0
59664,0.0,0.0,0.0,0.0,0.0,1.0,0.0
60007,0.0,0.0,0.0,0.0,1.0,1.0,0.0
60070,0.0,2.0,0.0,0.0,1.0,1.0,0.0
60164,0.0,2.0,0.0,0.0,1.0,0.0,0.0
60507,0.0,2.0,0.0,0.0,0.0,0.0,0.0
60545,0.0,2.0,0.0,0.0,1.0,0.0,0.0
60570,0.0,0.0,0.0,0.0,1.0,0.0,0.0
60923,0.0,0.0,0.0,0.0,1.0,1.0,0.0
61045,0.0,0.0,0.0,0.0,0.0,1.0,0.0
61423,0.0,0.0,0.0,0.0,0.0,0.0,0.0
61707,0.0,0.0,0.0,0.0,0.0,1.0,0.0
62207,0.0,0.0,0.0,0.0,0.0,0.0,0.0
62351,0.0,0.0,0.0,0.0,1.0,0.0,0.0
62352,0.0,0.0,0.0,0.0,1.0,1.0,0.0
62358,0.0,0.0,0.0,0.0,1.0,2.0,0.0
62851,0.0,0.0,0.0,0.0,0.0,2.0,0.0
62858,0.0,0.0,0.0,0.0,0.0,0.0,0.0
63716,0.0,0.0,0.0,0.0,0.0,1.0,0.0
63728,0.0,0.0,0.0,0.0,0.0,2.0,0.0
63878,0.0,0.0,0.0,0.0,1.0,2.0,0.0
64228,0.0,0.0,0.0,0.0,1.0,0.0,0.0
64378,0.0,0.0,0.0,0.0,0.0,0.0,0.0
64741,0.0,0.0,0.0,0.0,0.0,1.0,0.0
64835,0.0,0.0,0.0,0.0,0.0,2.0,0.0
65216,0.0,0.0,0.0,0.0,1.0,2.0,0.0
65335,0.0,0.0,0.0,0.0,1.0,0.0,0.0
65669,0.0,0.0,0.0,0.0,1.0,1.0,0.0
65678,0.0,0.0,0.0,0.0,1.0,2.0,0.0
65716,0.0,0.0,0.0,0.0,0.0,2.0,0.0
65717,0.0,0.0,0.0,0.0,1.0,2.0,0.0
66178,0.0,0.0,0.0,0.0,1.0,0.0,0.0
66536,0.0,0.0,0.0,0.0,1.0,1.0,0.0
67036,0.0,0.0,0.0,0.0,1.0,0.0,0.0
67198,0.0,0.0,0.0,0.0,1.0,1.0,0.0
67217,0.0,0.0,0.0,0.0,0.0,1.0,0.0
67388,0.0,0.0,0.0,0.0,0.0,2.0,0.0
67489,0.0,0.0,0.0,0.0,1.0,2.0,0.0
67888,0.0,0.0,0.0,0.0,1.0,0.0,0.0
68215,0.0,0.0,0.0,0.0,1.0,1.0,0.0
68715,0.0,0.0,0.0,0.0,1.0,0.0,0.0
68746,0.0,0.0,0.0,0.0,1.0,1.0,0.0
68749,0.0,0.0,0.0,0.0,1.0,2.0,0.0
69249,0.0,0.0,0.0,0.0,1.0,0.0,0.0
69363,0.0,0.0,0.0,0.0,1.0,1.0,0.0
69863,0.0,0.0,0.0,0.0,1.0,0.0,0.0
69989,0.0,0.0,0.0,0.0,0.0,0.0,0.0
70530,0.0,0.0,0.0,0.0,0.0,1.0,0.0
71030,0.0,0.0,0.0,0.0,0.0,0.0,0.0
71692,0.0,0.0,0.0,0.0,0.0,1.0,0.0
72192,0.0,0.0,0.0,0.0,0.0,0.0,0.0
72212,0.0,0.0,0.0,0.0,0.0,1.0,0.0
72519,0.0,0.0,0.0,0.0,0.0,2.0,0.0
73019,0.0,0.0,0.0,0.0,0.0,0.0,0.0
73029,0.0,0.0,0.0,0.0,0.0,1.0,0.0
73529,0.0,0.0,0.0,0.0,0.0,0.0,0.0
75085,0.0,0.0,0.0,0.0,0.0,1.0,0.0
75585,0.0,0.0,0.0,0.0,0.0,0.0,0.0
76050,0.0,0.0,0.0,0.0,0.0,1.0,0.0
76293,0.0,0.0,0.0,0.0,0.0,2.0,0.0
76793,0.0,0.0,0.0,0.0,0.0,0.0,0.0
76925,0.0,0.0,0.0,0.0,0.0,1.0,0.0
77313,0.0,0.0,0.0,0.0,0.0,2.0,0.0
77813,0.0,0.0,0.0,0.0,0.0,0.0,0.0
78794,0.0,0.0,0.0,0.0,0.0,1.0,0.0
79294,0.0,0.0,0.0,0.0,0.0,0.0,0.0
79300,0.0,0.0,0.0,0.0,0.0,1.0,0.0
79800,0.0,0.0,0.0,0.0,0.0,0.0,0.0
79938,0.0,0.0,0.0,0.0,0.0,1.0,0.0
80022,0.0,0.0,0.0,0.0,0.0,2.0,0.0
80522,0.0,0.0,0.0,0.0,0.0,0.0,0.0
80551,0.0,0.0,0.0,0.0,0.0,1.0,0.0
80597,0.0,0.0,0.0,0.0,0.0,2.0,0.0
81097,0.0,0.0,0.0,0.0,0.0,0.0,0.0
81125,0.0,0.0,0.0,0.0,0.0,1.0,0.0
81625,0.0,0.0,0.0,0.0,0.0,0.0,0.0
81709,0.0,0.0,0.0,0.0,0.0,1.0,0.0
81883,0.0,0.0,0.0,0.0,0.0,2.0,0.0
82057,0.0,0.0,0.0,0.0,1.0,2.0,0.0
82071,0.0,0.0,0.0,0.0,2.0,2.0,0.0
82383,0.0,0.0,0.0,0.0,2.0,0.0,0.0
82571,0.0,0.0,0.0,0.0,0.0,0.0,0.0
83434,0.0,0.0,0.0,0.0,0.0,1.0,0.0
83437,0.0,0.0,0.0,0.0,0.0,2.0,0.0
83439,0.0,0.0,0.0,0.0,1.0,2.0,0.0
83937,0.0,0.0,0.0,0.0,1.0,0.0,0.0
83939,0.0,0.0,0.0,0.0,0.0,0.0,0.0
84756,0.0,0.0,0.0,0.0,0.0,1.0,0.0
85256,0.0,0.0,0.0,0.0,0.0,0.0,0.0
85459,0.0,0.0,0.0,0.0,0.0,1.0,0.0
85959,0.0,0.0,0.0,0.0,0.0,0.0,0.0
85975,0.0,0.0,0.0,0.0,0.0,1.0,0.0
86475,0.0,0.0,0.0,0.0,0.0,0.0,0.0
86553,0.0,0.0,0.0,0.0,0.0,1.0,0.0
86638,0.0,0.0,0.0,0.0,0.0,2.0,0.0
87138,0.0,0.0,0.0,0.0,0.0,0.0,0.0
87387,0.0,0.0,0.0,0.0,0.0,1.0,0.0
87523,0.0,2.0,0.0,0.0,0.0,1.0,0.0
87887,0.0,2.0,0.0,0.0,0.0,0.0,0.0
88023,0.0,0.0,0.0,0.0,0.0,0.0,0.0
88277,0.0,0.0,0.0,0.0,0.0,1.0,0.0
88777,0.0,0.0,0.0,0.0,0.0,0.0,0.0
88802,0.0,0.0,0.0,0.0,0.0,1.0,0.0
88805,0.0,0.0,0.0,0.0,0.0,2.0,0.0
89305,0.0,0.0,0.0,0.0,0.0,0.0,0.0
89758,0.0,0.0,0.0,0.0,0.0,1.0,0.0
89796,0.0,0.0,0.0,0.0,0.0,2.0,0.0
90296,0.0,0.0,0.0,0.0,0.0,0.0,0.0
90458,0.0,0.0,0.0,0.0,0.0,1.0,0.0
90958,0.0,0.0,0.0,0.0,0.0,0.0,0.0
91117,0.0,0.0,0.0,0.0,0.0,1.0,0.0
91402,0.0,0.0,0.0,0.0,0.0,2.0,0.0
91902,0.0,0.0,0.0,0.0,0.0,0.0,0.0
91909,0.0,0.0,0.0,0.0,0.0,1.0,0.0
92409,0.0,0.0,0.0,0.0,0.0,0.0,0.0
92816,0.0,0.0,0.0,0.0,0.0,1.0,0.0
93316,0.0,0.0,0.0,0.0,0.0,0.0,0.0
93790,0.0,0.0,0.0,0.0,0.0,1.0,0.0
94001,0.0,0.0,0.0,0.0,0.0,2.0,0.0
94501,0.0,0.0,0.0,0.0,0.0,0.0,0.0
94543,0.0,0.0,0.0,0.0,0.0,1.0,0.0
95043,0.0,0.0,0.0,0.0,0.0,0.0,0.0
96873,0.0,0.0,0.0,0.0,0.0,1.0,0.0
97242,0.0,0.0,0.0,0.0,0.0,2.0,0.0
97742,0.0,0.0,0.0,0.0,0.0,0.0,0.0
98482,0.0,0.0,0.0,0.0,0.0,1.0,0.0
98502,0.0,0.0,0.0,0.0,0.0,2.0,0.0
99002,0.0,0.0,0.0,0.0,0.0,0.0,0.0
99445,0.0,0.0,0.0,0.0,0.0,1.0,0.0
99454,0.0,0.0,0.0,0.0,0.0,2.0,0.0
99461,0.0,0.0,0.0,0.0,1.0,2.0,0.0
99954,0.0,0.0,0.0,0.0,1.0,0.0,0.0
99961,0.0,0.0,0.0,0.0,0.0,0.0,0.0
100995,0.0,0.0,0.0,0.0,1.0,0.0,0.0
100998,0.0,0.0,0.0,0.0,2.0,0.0,0.0
101498,0.0,0.0,0.0,0.0,0.0,0.0,0.0
103322,0.0,0.0,0.0,0.0,0.0,1.0,0.0
103822,0.0,0.0,0.0,0.0,0.0,0.0,0.0
105181,0.0,0.0,0.0,0.0,0.0,1.0,0.0
105681,0.0,0.0,0.0,0.0,0.0,0.0,0.0
108270,0.0,0.0,0.0,0.0,0.0,1.0,0.0
108770,0.0,0.0,0.0,0.0,0.0,0.0,0.0
109087,0.0,0.0,0.0,0.0,0.0,1.0,0.0
109587,0.0,0.0,0.0,0.0,0.0,0.0,0.0
112474,0.0,0.0,0.0,0.0,0.0,1.0,0.0
112974,0.0,0.0,0.0,0.0,0.0,0.0,0.0
113186,0.0,0.0,0.0,0.0,0.0,1.0,0.0
113686,0.0,0.0,0.0,0.0,0.0,0.0,0.0
117000,0.0,0.0,0.0,0.0,0.0,1.0,0.0
117500,0.0,0.0,0.0,0.0,0.0,0.0,0.0
118259,0.0,0.0,0.0,0.0,0.0,1.0,0.0
118759,0.0,0.0,0.0,0.0,0.0,0.0,0.0
119187,0.0,0.0,0.0,0.0,0.0,1.0,0.0
119687,0.0,0.0,0.0,0.0,0.0,0.0,0.0
119793,0.0,0.0,0.0,0.0,0.0,1.0,0.0
119801,0.0,0.0,0.0,0.0,0.0,2.0,0.0
120301,0.0,0.0,0.0,0.0,0.0,0.0,0.0
127379,0.0,0.0,0.0,0.0,0.0,1.0,0.0
127380,0.0,0.0,0.0,0.0,0.0,2.0,0.0
127880,0.0,0.0,0.0,0.0,0.0,0.0,0.0
130468,0.0,0.0,0.0,0.0,0.0,1.0,0.0
130968,0.0,0.0,0.0,0.0,0.0,0.0,0.0
132417,0.0,0.0,0.0,0.0,0.0,1.0,0.0
132917,0.0,0.0,0.0,0.0,0.0,0.0,0.0
134877,0.0,0.0,0.0,0.0,0.0,1.0,0.0
134879,0.0,0.0,0.0,0.0,0.0,2.0,0.0
135379,0.0,0.0,0.0,0.0,0.0,0.0,0.0
135648,0.0,0.0,0.0,0.0,0.0,1.0,0.0
135650,0.0,0.0,0.0,0.0,0.0,2.0,0.0
136150,0.0,0.0,0.0,0.0,0.0,0.0,0.0
138368,0.0,0.0,0.0,0.0,0.0,1.0,0.0
138868,0.0,0.0,0.0,0.0,0.0,0.0,0.0
144431,0.0,0.0,0.0,0.0,0.0,1.0,0.0
144931,0.0,0.0,0.0,0.0,0.0,0.0,0.0
145001,0.0,0.0,0.0,0.0,0.0,1.0,0.0
145501,0.0,0.0,0.0,0.0,0.0,0.0,0.0
146197,0.0,0.0,0.0,0.0,0.0,1.0,0.0
146697,0.0,0.0,0.0,0.0,0.0,0.0,0.0
150694,0.0,0.0,0.0,0.0,0.0,1.0,0.0
151194,0.0,0.0,0.0,0.0,0.0,0.0,0.0
151509,0.0,0.0,0.0,0.0,0.0,1.0,0.0
152009,0.0,0.0,0.0,0.0,0.0,0.0,0.0
153583,0.0,0.0,0.0,0.0,0.0,1.0,0.0
153778,0.0,0.0,0.0,0.0,1.0,1.0,0.0
154083,0.0,0.0,0.0,0.0,1.0,0.0,0.0
154278,0.0,0.0,0.0,0.0,0.0,0.0,0.0
154489,0.0,0.0,0.0,0.0,0.0,1.0,0.0
154989,0.0,0.0,0.0,0.0,0.0,0.0,0.0
155159,0.0,0.0,0.0,0.0,0.0,1.0,0.0
155659,0.0,0.0,0.0,0.0,0.0,0.0,0.0
156354,0.0,0.0,0.0,0.0,0.0,1.0,0.0
156854,0.0,0.0,0.0,0.0,0.0,0.0,0.0
157623,0.0,0.0,0.0,0.0,0.0,1.0,0.0
158123,0.0,0.0,0.0,0.0,0.0,0.0,0.0
158137,0.0,0.0,0.0,0.0,0.0,1.0,0.0
158637,0.0,0.0,0.0,0.0,0.0,0.0,0.0
158706,0.0,0.0,0.0,0.0,0.0,1.0,0.0
159206,0.0,0.0,0.0,0.0,0.0,0.0,0.0
159773,0.0,0.0,0.0,0.0,0.0,1.0,0.0
160273,0.0,0.0,0.0,0.0,0.0,0.0,0.0
162115,0.0,0.0,0.0,0.0,0.0,1.0,0.0
162615,0.0,0.0,0.0,0.0,0.0,0.0,0.0
164335,0.0,0.0,0.0,0.0,0.0,1.0,0.0
164835,0.0,0.0,0.0,0.0,0.0,0.0,0.0
166223,0.0,0.0,0.0,0.0,0.0,1.0,0.0
166723,0.0,0.0,0.0,0.0,0.0,0.0,0.0
166914,0.0,0.0,0.0,0.0,0.0,1.0,0.0
167414,0.0,0.0,0.0,0.0,0.0,0.0,0.0
169015,0.0,0.0,0.0,0.0,0.0,1.0,0.0
169019,0.0,0.0,0.0,0.0,0.0,2.0,0.0
169519,0.0,0.0,0.0,0.0,0.0,0.0,0.0
169712,0.0,0.0,0.0,0.0,1.0,1.0,0.0
170212,0.0,0.0,0.0,0.0,0.0,0.0,0.0
170432,0.0,0.0,0.0,0.0,0.0,1.0,0.0
170932,0.0,0.0,0.0,0.0,0.0,0.0,0.0
170966,0.0,0.0,0.0,0.0,0.0,1.0,0.0
171466,0.0,0.0,0.0,0.0,0.0,0.0,0.0
172779,0.0,0.0,0.0,0.0,0.0,1.0,0.0
173279,0.0,0.0,0.0,0.0,0.0,0.0,0.0
173466,0.0,0.0,0.0,0.0,0.0,1.0,0.0
173966,0.0,0.0,0.0,0.0,0.0,0.0,0.0
174617,0.0,0.0,0.0,0.0,0.0,1.0,0.0
175117,0.0,0.0,0.0,0.0,0.0,0.0,0.0
176611,0.0,0.0,0.0,0.0,0.0,1.0,0.0
177111,0.0,0.0,0.0,0.0,0.0,0.0,0.0
179243,0.0,0.0,0.0,0.0,0.0,1.0,0.0
179743,0.0,0.0,0.0,0.0,0.0,0.0,0.0
182182,0.0,0.0,0.0,0.0,0.0,1.0,0.0
182682,0.0,0.0,0.0,0.0,0.0,0.0,0.0
183916,0.0,0.0,0.0,0.0,0.0,1.0,0.0
184416,0.0,0.0,0.0,0.0,0.0,0.0,0.0
185943,0.0,0.0,0.0,0.0,0.0,1.0,0.0
186443,0.0,0.0,0.0,0.0,0.0,0.0,0.0
187017,0.0,0.0,0.0,0.0,0.0,1.0,0.0
187517,0.0,0.0,0.0,0.0,0.0,0.0,0.0
190479,0.0,0.0,0.0,0.0,0.0,1.0,0.0
190979,0.0,0.0,0.0,0.0,0.0,0.0,0.0
192670,0.0,0.0,0.0,0.0,0.0,1.0,0.0
193170,0.0,0.0,0.0,0.0,0.0,0.0,0.0
194778,0.0,0.0,0.0,0.0,0.0,1.0,0.0
195278,0.0,0.0,0.0,0.0,0.0,0.0,0.0
196923,0.0,0.0,0.0,0.0,0.0,1.0,0.0
197423,0.0,0.0,0.0,0.0,0.0,0.0,0.0
201000,0.0,0.0,0.0,0.0,0.0,0.0,1.0
201353,0.0,0.0,0.0,0.0,0.0,1.0,1.0
201355,0.0,0.0,0.0,0.0,0.0,2.0,1.0
201500,0.0,0.0,0.0,0.0,0.0,2.0,0.0
201631,2.0,0.0,0.0,0.0,0.0,2.0,0.0
201639,2.0,0.0,0.0,0.0,1.0,2.0,0.0
201725,2.0,0.0,0.0,0.0,2.0,2.0,0.0
201756,2.0,2.0,0.0,0.0,2.0,2.0,0.0
201855,2.0,2.0,0.0,0.0,2.0,0.0,0.0
201872,2.0,2.0,0.0,0.0,2.0,1.0,0.0
201912,2.0,2.0,0.0,0.0,2.0,2.0,0.0
202131,0.0,2.0,0.0,0.0,2.0,2.0,0.0
202143,2.0,2.0,0.0,0.0,2.0,2.0,0.0
202225,2.0,2.0,0.0,0.0,0.0,2.0,0.0
202256,2.0,0.0,0.0,0.0,0.0,2.0,0.0
202412,2.0,0.0,0.0,0.0,0.0,0.0,0.0
202643,0.0,0.0,0.0,0.0,0.0,0.0,0.0
202689,0.0,0.0,0.0,0.0,0.0,1.0,0.0
203189,0.0,0.0,0.0,0.0,0.0,0.0,0.0
203263,2.0,0.0,0.0,0.0,0.0,0.0,0.0
203303,2.0,0.0,1.0,0.0,0.0,0.0,0.0
203628,2.0,0.0,1.0,0.0,0.0,1.0,0.0
203763,0.0,0.0,1.0,0.0,0.0,1.0,0.0
204116,0.0,0.0,1.0,0.0,0.0,2.0,0.0
204616,0.0,0.0,1.0,0.0,0.0,0.0,0.0
204649,0.0,0.0,1.0,0.0,0.0,1.0,0.0
204686,0.0,0.0,2.0,0.0,0.0,1.0,0.0
204745,0.0,0.0,2.0,0.0,0.0,2.0,0.0
204893,0.0,2.0,2.0,0.0,0.0,2.0,0.0
205186,0.0,2.0,0.0,0.0,0.0,2.0,0.0
205245,0.0,2.0,0.0,0.0,0.0,0.0,0.0
205310,0.0,2.0,0.0,0.0,0.0,1.0,0.0
205317,0.0,2.0,0.0,0.0,0.0,2.0,0.0
205393,0.0,0.0,0.0,0.0,0.0,2.0,0.0
205817,0.0,0.0,0.0,0.0,0.0,0.0,0.0
206091,0.0,0.0,0.0,0.0,0.0,1.0,0.0
206126,0.0,0.0,0.0,0.0,0.0,2.0,0.0
206626,0.0,0.0,0.0,0.0,0.0,0.0,0.0
207705,0.0,0.0,0.0,0.0,0.0,1.0,0.0
207721,0.0,0.0,0.0,0.0,0.0,2.0,0.0
208221,0.0,0.0,0.0,0.0,0.0,0.0,0.0
208344,0.0,0.0,0.0,0.0,0.0,1.0,0.0
208509,0.0,0.0,0.0,0.0,0.0,2.0,0.0
209009,0.0,0.0,0.0,0.0,0.0,0.0,0.0
209604,0.0,0.0,0.0,0.0,0.0,1.0,0.0
210104,0.0,0.0,0.0,0.0,0.0,0.0,0.0
210161,0.0,0.0,0.0,0.0,0.0,1.0,0.0
210661,0.0,0.0,0.0,0.0,0.0,0.0,0.0
210808,0.0,0.0,0.0,0.0,0.0,1.0,0.0
210841,0.0,0.0,0.0,0.0,0.0,2.0,0.0
211341,0.0,0.0,0.0,0.0,0.0,0.0,0.0
211795,0.0,0.0,0.0,0.0,0.0,1.0,0.0
212073,0.0,0.0,0.0,0.0,0.0,2.0,0.0
212573,0.0,0.0,0.0,0.0,0.0,0.0,0.0
212967,0.0,0.0,0.0,0.0,0.0,1.0,0.0
213467,0.0,0.0,0.0,0.0,0.0,0.0,0.0
214112,0.0,0.0,0.0,0.0,0.0,1.0,0.0
214612,0.0,0.0,0.0,0.0,0.0,0.0,0.0
214914,0.0,0.0,0.0,0.0,0.0,1.0,0.0
215414,0.0,0.0,0.0,0.0,0.0,0.0,0.0
215598,0.0,0.0,0.0,0.0,0.0,1.0,0.0
215881,0.0,0.0,0.0,0.0,0.0,2.0,0.0
216381,0.0,0.0,0.0,0.0,0.0,0.0,0.0
216941,0.0,0.0,0.0,0.0,0.0,1.0,0.0
217410,0.0,0.0,0.0,0.0,0.0,2.0,0.0
217910,0.0,0.0,0.0,0.0,0.0,0.0,0.0
218785,0.0,0.0,0.0,0.0,0.0,1.0,0.0
219285,0.0,0.0,0.0,0.0,0.0,0.0,0.0
219595,0.0,0.0,0.0,0.0,0.0,1.0,0.0
220095,0.0,0.0,0.0,0.0,0.0,0.0,0.0
220130,0.0,0.0,0.0,0.0,0.0,1.0,0.0
220375,0.0,0.0,0.0,0.0,0.0,2.0,0.0
220875,0.0,0.0,0.0,0.0,0.0,0.0,0.0
221243,0.0,0.0,0.0,0.0,0.0,1.0,0.0
221743,0.0,0.0,0.0,0.0,0.0,0.0,0.0
221902,0.0,0.0,0.0,0.0,0.0,1.0,0.0
221905,0.0,0.0,0.0,0.0,0.0,2.0,0.0
222405,0.0,0.0,0.0,0.0,0.0,0.0,0.0
222463,0.0,0.0,0.0,0.0,0.0,1.0,0.0
222963,0.0,0.0,0.0,0.0,0.0,0.0,0.0
223164,0.0,0.0,0.0,0.0,0.0,1.0,0.0
223664,0.0,0.0,0.0,0.0,0.0,0.0,0.0
223688,0.0,0.0,0.0,0.0,0.0,1.0,0.0
224188,0.0,0.0,0.0,0.0,0.0,0.0,0.0
224357,0.0,0.0,0.0,0.0,0.0,1.0,0.0
224360,0.0,0.0,0.0,0.0,0.0,2.0,0.0
224860,0.0,0.0,0.0,0.0,0.0,0.0,0.0
227057,0.0,0.0,0.0,0.0,0.0,1.0,0.0
227557,0.0,0.0,0.0,0.0,0.0,0.0,0.0
228545,0.0,0.0,0.0,0.0,0.0,1.0,0.0
229045,0.0,0.0,0.0,0.0,0.0,0.0,0.0
229983,0.0,0.0,0.0,0.0,0.0,1.0,0.0
229986,0.0,0.0,0.0,0.0,0.0,2.0,0.0
230486,0.0,0.0,0.0,0.0,0.0,0.0,0.0
230527,0.0,0.0,0.0,0.0,0.0,1.0,0.0
230852,0.0,0.0,0.0,0.0,0.0,2.0,0.0
231352,0.0,0.0,0.0,0.0,0.0,0.0,0.0
231626,0.0,0.0,0.0,0.0,0.0,1.0,0.0
231779,0.0,0.0,0.0,0.0,0.0,2.0,0.0
232279,0.0,0.0,0.0,0.0,0.0,0.0,0.0
232503,0.0,0.0,0.0,0.0,0.0,1.0,0.0
232509,0.0,0.0,0.0,0.0,0.0,2.0,0.0
233009,0.0,0.0,0.0,0.0,0.0,0.0,0.0
233102,0.0,0.0,0.0,0.0,0.0,1.0,0.0
233602,0.0,0.0,0.0,0.0,0.0,0.0,0.0
233716,0.0,0.0,0.0,0.0,0.0,1.0,0.0
233719,0.0,0.0,0.0,0.0,0.0,2.0,0.0
234219,0.0,0.0,0.0,0.0,0.0,0.0,0.0
234825,0.0,0.0,0.0,0.0,0.0,1.0,0.0
234873,0.0,0.0,0.0,0.0,0.0,2.0,0.0
235373,0.0,0.0,0.0,0.0,0.0,0.0,0.0
236230,0.0,0.0,0.0,0.0,0.0,1.0,0.0
236730,0.0,0.0,0.0,0.0,0.0,0.0,0.0
237239,0.0,0.0,0.0,0.0,0.0,1.0,0.0
237242,0.0,0.0,0.0,0.0,0.0,2.0,0.0
237742,0.0,0.0,0.0,0.0,0.0,0.0,0.0
237777,0.0,0.0,0.0,0.0,1.0,0.0,0.0
238277,0.0,0.0,0.0,0.0,0.0,1.0,0.0
238314,0.0,0.0,0.0,0.0,0.0,2.0,0.0
238814,0.0,0.0,0.0,0.0,0.0,0.0,0.0
239112,0.0,0.0,0.0,0.0,0.0,1.0,0.0
239612,0.0,0.0,0.0,0.0,0.0,0.0,0.0
239867,0.0,0.0,0.0,0.0,0.0,1.0,0.0
240367,0.0,0.0,0.0,0.0,0.0,0.0,0.0
240605,0.0,0.0,0.0,0.0,0.0,1.0,0.0
241105,0.0,0.0,0.0,0.0,0.0,0.0,0.0
241267,0.0,0.0,0.0,0.0,0.0,1.0,0.0
241767,0.0,0.0,0.0,0.0,0.0,0.0,0.0
241974,0.0,0.0,0.0,0.0,0.0,1.0,0.0
242135,0.0,0.0,0.0,0.0,0.0,2.0,0.0
242635,0.0,0.0,0.0,0.0,0.0,0.0,0.0
243222,0.0,0.0,0.0,0.0,0.0,1.0,0.0
243372,0.0,0.0,0.0,0.0,0.0,2.0,0.0
243872,0.0,0.0,0.0,0.0,0.0,0.0,0.0
243885,0.0,0.0,0.0,0.0,0.0,1.0,0.0
243926,0.0,0.0,0.0,0.0,0.0,2.0,0.0
244426,0.0,0.0,0.0,0.0,0.0,0.0,0.0
244654,0.0,0.0,0.0,0.0,0.0,1.0,0.0
245154,0.0,0.0,0.0,0.0,0.0,0.0,0.0
245207,0.0,0.0,0.0,0.0,0.0,1.0,0.0
245707,0.0,0.0,0.0,0.0,0.0,0.0,0.0
245890,0.0,0.0,0.0,0.0,0.0,1.0,0.0
246271,0.0,0.0,0.0,0.0,1.0,1.0,0.0
246390,0.0,0.0,0.0,0.0,1.0,0.0,0.0
246516,0.0,0.0,0.0,0.0,1.0,1.0,0.0
246622,0.0,0.0,0.0,0.0,1.0,2.0,0.0
246771,0.0,0.0,0.0,0.0,0.0,2.0,0.0
247122,0.0,0.0,0.0,0.0,0.0,0.0,0.0
247211,0.0,0.0,0.0,0.0,0.0,1.0,0.0
247711,0.0,0.0,0.0,0.0,0.0,0.0,0.0
247993,0.0,0.0,0.0,0.0,0.0,1.0,0.0
248254,0.0,0.0,0.0,0.0,0.0,2.0,0.0
248754,0.0,0.0,0.0,0.0,0.0,0.0,0.0
248863,0.0,0.0,0.0,0.0,0.0,1.0,0.0
249036,0.0,0.0,0.0,0.0,0.0,2.0,0.0
249536,0.0,0.0,0.0,0.0,0.0,0.0,0.0
249539,0.0,0.0,0.0,0.0,0.0,1.0,0.0
249548,0.0,0.0,0.0,0.0,0.0,2.0,0.0
250048,0.0,0.0,0.0,0.0,0.0,0.0,0.0
250124,0.0,0.0,0.0,0.0,0.0,1.0,0.0
250624,0.0,0.0,0.0,0.0,0.0,0.0,0.0
250640,0.0,0.0,0.0,0.0,0.0,1.0,0.0
251140,0.0,0.0,0.0,0.0,0.0,0.0,0.0
251415,0.0,0.0,0.0,0.0,0.0,1.0,0.0
251915,0.0,0.0,0.0,0.0,0.0,0.0,0.0
252464,0.0,0.0,0.0,0.0,0.0,1.0,0.0
252964,0.0,0.0,0.0,0.0,0.0,0.0,0.0
253495,0.0,0.0,0.0,0.0,0.0,1.0,0.0
253995,0.0,0.0,0.0,0.0,0.0,0.0,0.0
254333,0.0,0.0,0.0,0.0,0.0,1.0,0.0
254833,0.0,0.0,0.0,0.0,0.0,0.0,0.0
254934,0.0,0.0,0.0,0.0,0.0,1.0,0.0
254965,0.0,0.0,0.0,0.0,0.0,2.0,0.0
255465,0.0,0.0,0.0,0.0,0.0,0.0,0.0
255776,0.0,0.0,0.0,0.0,0.0,1.0,0.0
256276,0.0,0.0,0.0,0.0,0.0,0.0,0.0
256504,0.0,0.0,0.0,0.0,0.0,1.0,0.0
256915,0.0,0.0,0.0,0.0,0.0,2.0,0.0
257415,0.0,0.0,0.0,0.0,0.0,0.0,0.0
257553,0.0,0.0,0.0,0.0,0.0,1.0,0.0
257733,0.0,0.0,0.0,0.0,0.0,2.0,0.0
258233,0.0,0.0,0.0,0.0,0.0,0.0,0.0
258937,0.0,0.0,0.0,0.0,0.0,1.0,0.0
258940,0.0,0.0,0.0,0.0,0.0,2.0,0.0
259203,0.0,2.0,0.0,0.0,0.0,2.0,0.0
259440,0.0,2.0,0.0,0.0,0.0,0.0,0.0
259703,0.0,0.0,0.0,0.0,0.0,0.0,0.0
260113,0.0,0.0,0.0,0.0,0.0,1.0,0.0
260518,0.0,0.0,0.0,0.0,0.0,2.0,0.0
261018,0.0,0.0,0.0,0.0,0.0,0.0,0.0
261434,0.0,0.0,0.0,0.0,0.0,1.0,0.0
261934,0.0,0.0,0.0,0.0,0.0,0.0,0.0
262133,0.0,0.0,0.0,0.0,0.0,1.0,0.0
262633,0.0,0.0,0.0,0.0,0.0,0.0,0.0
264254,0.0,0.0,0.0,0.0,0.0,1.0,0.0
264754,0.0,0.0,0.0,0.0,0.0,0.0,0.0
265814,0.0,0.0,0.0,0.0,0.0,1.0,0.0
266314,0.0,0.0,0.0,0.0,0.0,0.0,0.0
266629,0.0,0.0,0.0,0.0,0.0,1.0,0.0
267129,0.0,0.0,0.0,0.0,0.0,0.0,0.0
267618,0.0,0.0,0.0,0.0,0.0,1.0,0.0
267683,0.0,0.0,1.0,0.0,0.0,1.0,0.0
268118,0.0,0.0,1.0,0.0,0.0,0.0,0.0
268323,0.0,0.0,1.0,0.0,0.0,1.0,0.0
268823,0.0,0.0,1.0,0.0,0.0,0.0,0.0
269183,0.0,0.0,0.0,0.0,0.0,0.0,0.0
269678,0.0,0.0,0.0,0.0,0.0,1.0,0.0
270178,0.0,0.0,0.0,0.0,0.0,0.0,0.0
270194,0.0,0.0,0.0,0.0,0.0,1.0,0.0
270195,0.0,0.0,1.0,0.0,0.0,1.0,0.0
270694,0.0,0.0,1.0,0.0,0.0,0.0,0.0
270695,0.0,0.0,0.0,0.0,0.0,0.0,0.0
271698,0.0,0.0,0.0,0.0,0.0,1.0,0.0
271862,0.0,0.0,0.0,0.0,0.0,2.0,0.0
271867,0.0,0.0,1.0,0.0,0.0,2.0,0.0
272362,0.0,0.0,1.0,0.0,0.0,0.0,0.0
272708,0.0,0.0,1.0,0.0,0.0,1.0,0.0
272711,0.0,0.0,1.0,0.0,0.0,2.0,0.0
272867,0.0,0.0,0.0,0.0,0.0,2.0,0.0
273211,0.0,0.0,0.0,0.0,0.0,0.0,0.0
273252,0.0,0.0,1.0,0.0,0.0,0.0,0.0
273254,0.0,0.0,1.0,0.0,0.0,1.0,0.0
273754,0.0,0.0,1.0,0.0,0.0,0.0,0.0
274153,0.0,0.0,1.0,0.0,0.0,1.0,0.0
274653,0.0,0.0,1.0,0.0,0.0,0.0,0.0
275186,0.0,0.0,1.0,0.0,0.0,1.0,0.0
275199,0.0,0.0,1.0,0.0,0.0,2.0,0.0
275699,0.0,0.0,1.0,0.0,0.0,0.0,0.0
276042,0.0,0.0,1.0,0.0,0.0,1.0,0.0
276242,0.0,0.0,1.0,0.0,0.0,2.0,0.0
276742,0.0,0.0,1.0,0.0,0.0,0.0,0.0
276986,0.0,0.0,1.0,0.0,0.0,1.0,0.0
277321,0.0,0.0,1.0,0.0,0.0,2.0,0.0
277821,0.0,0.0,1.0,0.0,0.0,0.0,0.0
277864,0.0,0.0,1.0,0.0,0.0,1.0,0.0
278253,0.0,0.0,1.0,0.0,0.0,2.0,0.0
278753,0.0,0.0,1.0,0.0,0.0,0.0,0.0
278805,0.0,0.0,1.0,0.0,0.0,1.0,0.0
279139,0.0,0.0,1.0,0.0,0.0,2.0,0.0
279639,0.0,0.0,1.0,0.0,0.0,0.0,0.0
279899,0.0,0.0,1.0,0.0,0.0,1.0,0.0
280399,0.0,0.0,1.0,0.0,0.0,0.0,0.0
280424,0.0,0.0,1.0,0.0,0.0,1.0,0.0
280603,0.0,0.0,1.0,0.0,0.0,2.0,0.0
281103,0.0,0.0,1.0,0.0,0.0,0.0,0.0
281244,0.0,0.0,1.0,0.0,0.0,1.0,0.0
281744,0.0,0.0,1.0,0.0,0.0,0.0,0.0
282501,0.0,0.0,1.0,0.0,0.0,1.0,0.0
282566,0.0,0.0,1.0,0.0,0.0,2.0,0.0
283066,0.0,0.0,1.0,0.0,0.0,0.0,0.0
283245,0.0,0.0,1.0,0.0,0.0,1.0,0.0
283745,0.0,0.0,1.0,0.0,0.0,0.0,0.0
284241,0.0,0.0,1.0,0.0,0.0,1.0,0.0
284741,0.0,0.0,1.0,0.0,0.0,0.0,0.0
284766,0.0,0.0,1.0,0.0,0.0,1.0,0.0
284772,0.0,0.0,1.0,0.0,0.0,2.0,0.0
285272,0.0,0.0,1.0,0.0,0.0,0.0,0.0
285316,0.0,0.0,1.0,0.0,0.0,1.0,0.0
285816,0.0,0.0,1.0,0.0,0.0,0.0,0.0
285817,0.0,0.0,1.0,0.0,0.0,1.0,0.0
286317,0.0,0.0,1.0,0.0,0.0,0.0,0.0
286482,0.0,0.0,1.0,0.0,0.0,1.0,0.0
286982,0.0,0.0,1.0,0.0,0.0,0.0,0.0
287355,0.0,0.0,1.0,0.0,0.0,1.0,0.0
287358,0.0,0.0,1.0,0.0,0.0,2.0,0.0
287858,0.0,0.0,1.0,0.0,0.0,0.0,0.0
288551,0.0,0.0,1.0,0.0,0.0,1.0,0.0
289051,0.0,0.0,1.0,0.0,0.0,0.0,0.0
289220,0.0,0.0,1.0,0.0,0.0,1.0,0.0
289720,0.0,0.0,1.0,0.0,0.0,0.0,0.0
290186,0.0,0.0,1.0,0.0,0.0,1.0,0.0
290189,0.0,0.0,1.0,0.0,0.0,2.0,0.0
290689,0.0,0.0,1.0,0.0,0.0,0.0,0.0
290716,0.0,0.0,1.0,0.0,0.0,1.0,0.0
290719,0.0,0.0,1.0,0.0,0.0,2.0,0.0
291219,0.0,0.0,1.0,0.0,0.0,0.0,0.0
291273,0.0,0.0,1.0,0.0,0.0,1.0,0.0
291643,0.0,0.0,1.0,0.0,0.0,2.0,0.0
292143,0.0,0.0,1.0,0.0,0.0,0.0,0.0
292289,0.0,0.0,1.0,0.0,0.0,1.0,0.0
292436,0.0,0.0,1.0,0.0,0.0,2.0,0.0
292936,0.0,0.0,1.0,0.0,0.0,0.0,0.0
293283,0.0,0.0,1.0,0.0,0.0,1.0,0.0
293783,0.0,0.0,1.0,0.0,0.0,0.0,0.0
294467,0.0,0.0,1.0,0.0,0.0,1.0,0.0
294967,0.0,0.0,1.0,0.0,0.0,0.0,0.0
295429,0.0,0.0,1.0,0.0,0.0,1.0,0.0
295929,0.0,0.0,1.0,0.0,0.0,0.0,0.0
296003,0.0,0.0,1.0,0.0,0.0,1.0,0.0
296007,0.0,0.0,1.0,0.0,0.0,2.0,0.0
296507,0.0,0.0,1.0,0.0,0.0,0.0,0.0
296695,0.0,0.0,1.0,0.0,0.0,1.0,0.0
297195,0.0,0.0,1.0,0.0,0.0,0.0,0.0
298092,0.0,0.0,1.0,0.0,0.0,1.0,0.0
298142,0.0,0.0,1.0,0.0,0.0,2.0,0.0
298642,0.0,0.0,1.0,0.0,0.0,0.0,0.0
298765,0.0,0.0,1.0,0.0,0.0,1.0,0.0
298772,0.0,0.0,1.0,0.0,0.0,2.0,0.0
299272,0.0,0.0,1.0,0.0,0.0,0.0,0.0
299475,0.0,2.0,1.0,0.0,0.0,0.0,0.0
299975,0.0,0.0,1.0,0.0,0.0,0.0,0.0
300244,0.0,0.0,1.0,0.0,0.0,1.0,0.0
300744,0.0,0.0,1.0,0.0,0.0,0.0,0.0
301052,0.0,0.0,1.0,0.0,0.0,1.0,0.0
301552,0.0,0.0,1.0,0.0,0.0,0.0,0.0
301612,0.0,0.0,1.0,0.0,0.0,1.0,0.0
301659,0.0,0.0,1.0,0.0,0.0,2.0,0.0
302159,0.0,0.0,1.0,0.0,0.0,0.0,0.0
303252,0.0,0.0,0.0,0.0,0.0,0.0,0.0
303764,0.0,0.0,0.0,0.0,0.0,1.0,0.0
304264,0.0,0.0,0.0,0.0,0.0,0.0,0.0
304900,0.0,0.0,0.0,0.0,0.0,1.0,0.0
304905,0.0,0.0,0.0,0.0,0.0,2.0,0.0
305405,0.0,0.0,0.0,0.0,0.0,0.0,0.0
307920,0.0,0.0,0.0,0.0,0.0,1.0,0.0
308420,0.0,0.0,0.0,0.0,0.0,0.0,0.0
308904,0.0,0.0,0.0,0.0,0.0,1.0,0.0
309404,0.0,0.0,0.0,0.0,0.0,0.0,0.0
311536,0.0,0.0,0.0,0.0,0.0,1.0,0.0
312036,0.0,0.0,0.0,0.0,0.0,0.0,0.0
312185,0.0,0.0,0.0,0.0,0.0,1.0,0.0
312236,0.0,0.0,0.0,0.0,0.0,2.0,0.0
312736,0.0,0.0,0.0,0.0,0.0,0.0,0.0
313549,0.0,0.0,0.0,0.0,0.0,1.0,0.0
314049,0.0,0.0,0.0,0.0,0.0,0.0,0.0
315966,0.0,0.0,0.0,0.0,0.0,1.0,0.0
316466,0.0,0.0,0.0,0.0,0.0,0.0,0.0
316832,0.0,0.0,0.0,0.0,0.0,1.0,0.0
317332,0.0,0.0,0.0,0.0,0.0,0.0,0.0
317453,0.0,0.0,0.0,0.0,0.0,1.0,0.0
317953,0.0,0.0,0.0,0.0,0.0,0.0,0.0
319111,0.0,0.0,0.0,0.0,0.0,1.0,0.0
319611,0.0,0.0,0.0,0.0,0.0,0.0,0.0
319622,0.0,0.0,0.0,0.0,0.0,1.0,0.0
319624,0.0,0.0,0.0,0.0,0.0,2.0,0.0
320124,0.0,0.0,0.0,0.0,0.0,0.0,0.0
320385,0.0,0.0,0.0,0.0,0.0,1.0,0.0
320885,0.0,0.0,0.0,0.0,0.0,0.0,0.0
322293,0.0,0.0,0.0,0.0,0.0,1.0,0.0
322793,0.0,0.0,0.0,0.0,0.0,0.0,0.0
323689,0.0,0.0,0.0,0.0,0.0,1.0,0.0
324189,0.0,0.0,0.0,0.0,0.0,0.0,0.0
326005,0.0,0.0,0.0,0.0,0.0,1.0,0.0
326505,0.0,0.0,0.0,0.0,0.0,0.0,0.0
329161,0.0,0.0,0.0,0.0,0.0,1.0,0.0
329166,0.0,0.0,0.0,0.0,0.0,2.0,0.0
329666,0.0,0.0,0.0,0.0,0.0,0.0,0.0
331230,0.0,0.0,0.0,0.0,0.0,1.0,0.0
331730,0.0,0.0,0.0,0.0,0.0,0.0,0.0
334112,0.0,0.0,0.0,0.0,0.0,1.0,0.0
334612,0.0,0.0,0.0,0.0,0.0,0.0,0.0
340184,0.0,0.0,0.0,0.0,0.0,1.0,0.0
340684,0.0,0.0,0.0,0.0,0.0,0.0,0.0
340808,0.0,0.0,0.0,0.0,0.0,1.0,0.0
341308,0.0,0.0,0.0,0.0,0.0,0.0,0.0
342092,0.0,0.0,0.0,0.0,0.0,1.0,0.0
342592,0.0,0.0,0.0,0.0,0.0,0.0,0.0
344241,0.0,0.0,0.0,0.0,0.0,1.0,0.0
344741,0.0,0.0,0.0,0.0,0.0,0.0,0.0
346940,0.0,0.0,0.0,0.0,0.0,1.0,0.0
347440,0.0,0.0,0.0,0.0,0.0,0.0,0.0
349600,0.0,0.0,0.0,0.0,0.0,1.0,0.0
350100,0.0,0.0,0.0,0.0,0.0,0.0,0.0
351742,0.0,0.0,0.0,0.0,0.0,1.0,0.0
352242,0.0,0.0,0.0,0.0,0.0,0.0,0.0
352259,0.0,0.0,0.0,0.0,0.0,1.0,0.0
352260,0.0,0.0,0.0,0.0,0.0,2.0,0.0
352760,0.0,0.0,0.0,0.0,0.0,0.0,0.0
357744,0.0,0.0,0.0,0.0,0.0,1.0,0.0
358244,0.0,0.0,0.0,0.0,0.0,0.0,0.0
359377,0.0,0.0,0.0,0.0,0.0,1.0,0.0
359877,0.0,0.0,0.0,0.0,0.0,0.0,0.0
362427,0.0,0.0,0.0,0.0,0.0,1.0,0.0
362927,0.0,0.0,0.0,0.0,0.0,0.0,0.0
362946,0.0,0.0,0.0,0.0,0.0,1.0,0.0
363446,0.0,0.0,0.0,0.0,0.0,0.0,0.0
364237,0.0,0.0,0.0,0.0,0.0,1.0,0.0
364737,0.0,0.0,0.0,0.0,0.0,0.0,0.0
365313,0.0,0.0,0.0,0.0,0.0,1.0,0.0
365813,0.0,0.0,0.0,0.0,0.0,0.0,0.0
367140,0.0,0.0,0.0,0.0,0.0,1.0,0.0
367640,0.0,0.0,0.0,0.0,0.0,0.0,0.0
367849,0.0,0.0,0.0,0.0,0.0,1.0,0.0
367851,0.0,0.0,0.0,0.0,0.0,2.0,0.0
368351,0.0,0.0,0.0,0.0,0.0,0.0,0.0
370251,0.0,0.0,0.0,0.0,0.0,1.0,0.0
370751,0.0,0.0,0.0,0.0,0.0,0.0,0.0
372512,0.0,0.0,0.0,0.0,0.0,1.0,0.0
373012,0.0,0.0,0.0,0.0,0.0,0.0,0.0
375679,0.0,0.0,0.0,0.0,0.0,1.0,0.0
376179,0.0,0.0,0.0,0.0,0.0,0.0,0.0
376921,0.0,0.0,0.0,0.0,0.0,1.0,0.0
377421,0.0,0.0,0.0,0.0,0.0,0.0,0.0
378679,0.0,0.0,0.0,0.0,0.0,1.0,0.0
378681,0.0,0.0,0.0,0.0,0.0,2.0,0.0
379181,0.0,0.0,0.0,0.0,0.0,0.0,0.0
382647,0.0,0.0,0.0,0.0,1.0,0.0,0.0
383147,0.0,0.0,0.0,0.0,0.0,0.0,0.0
386201,0.0,0.0,0.0,0.0,0.0,1.0,0.0
386701,0.0,0.0,0.0,0.0,0.0,0.0,0.0
387379,0.0,0.0,0.0,0.0,0.0,1.0,0.0
387879,0.0,0.0,0.0,0.0,0.0,0.0,0.0
390193,0.0,0.0,0.0,0.0,0.0,1.0,0.0
390693,0.0,0.0,0.0,0.0,0.0,0.0,0.0
391362,0.0,0.0,0.0,0.0,1.0,0.0,0.0
391862,0.0,0.0,0.0,0.0,0.0,0.0,0.0
392539,0.0,0.0,0.0,0.0,0.0,1.0,0.0
393039,0.0,0.0,0.0,0.0,0.0,0.0,0.0
395667,0.0,0.0,0.0,0.0,0.0,1.0,0.0
396167,0.0,0.0,0.0,0.0,0.0,0.0,0.0
397488,0.0,0.0,0.0,0.0,0.0,1.0,0.0
397500,0.0,0.0,0.0,0.0,0.0,2.0,0.0
398000,0.0,0.0,0.0,0.0,0.0,0.0,0.0
401837,0.0,0.0,0.0,0.0,1.0,0.0,0.0
402186,0.0,0.0,0.0,0.0,1.0,1.0,0.0
402337,0.0,0.0,0.0,0.0,0.0,1.0,0.0
402686,0.0,0.0,0.0,0.0,0.0,0.0,0.0
403000,0.0,0.0,0.0,0.0,0.0,0.0,1.0
403360,0.0,0.0,0.0,0.0,0.0,1.0,1.0
403500,0.0,0.0,0.0,0.0,0.0,1.0,0.0
403517,0.0,0.0,0.0,0.0,0.0,2.0,0.0
403583,2.0,0.0,0.0,0.0,0.0,2.0,0.0
403589,2.0,0.0,0.0,0.0,1.0,2.0,0.0
403636,2.0,0.0,0.0,0.0,2.0,2.0,0.0
403641,2.0,2.0,0.0,0.0,2.0,2.0,0.0
404017,2.0,2.0,0.0,0.0,2.0,0.0,0.0
404083,0.0,2.0,0.0,0.0,2.0,0.0,0.0
404136,0.0,2.0,0.0,0.0,0.0,0.0,0.0
404141,0.0,0.0,0.0,0.0,0.0,0.0,0.0
404145,0.0,0.0,0.0,0.0,0.0,1.0,0.0
404191,2.0,0.0,0.0,0.0,0.0,1.0,0.0
404645,2.0,0.0,0.0,0.0,0.0,0.0,0.0
404683,2.0,0.0,0.0,0.0,0.0,1.0,0.0
404691,0.0,0.0,0.0,0.0,0.0,1.0,0.0
405047,0.0,0.0,1.0,0.0,0.0,1.0,0.0
405053,0.0,0.0,1.0,0.0,0.0,2.0,0.0
405553,0.0,0.0,1.0,0.0,0.0,0.0,0.0
405823,2.0,0.0,1.0,0.0,0.0,0.0,0.0
406147,2.0,0.0,1.0,0.0,0.0,1.0,0.0
406222,2.0,0.0,1.0,0.0,0.0,2.0,0.0
406223,2.0,0.0,2.0,0.0,0.0,2.0,0.0
406323,0.0,0.0,2.0,0.0,0.0,2.0,0.0
406722,0.0,0.0,2.0,0.0,0.0,0.0,0.0
406723,0.0,0.0,1.0,0.0,0.0,0.0,0.0
408624,0.0,0.0,1.0,0.0,0.0,1.0,0.0
408723,0.0,0.0,0.0,0.0,0.0,1.0,0.0
409124,0.0,0.0,0.0,0.0,0.0,0.0,0.0
409162,0.0,0.0,0.0,0.0,0.0,1.0,0.0
409662,0.0,0.0,0.0,0.0,0.0,0.0,0.0
409720,0.0,0.0,0.0,0.0,0.0,1.0,0.0
409731,0.0,0.0,0.0,0.0,0.0,2.0,0.0
410231,0.0,0.0,0.0,0.0,0.0,0.0,0.0
410709,0.0,0.0,0.0,0.0,0.0,1.0,0.0
410786,0.0,0.0,0.0,0.0,0.0,2.0,0.0
411286,0.0,0.0,0.0,0.0,0.0,0.0,0.0
411719,0.0,0.0,0.0,0.0,0.0,1.0,0.0
412219,0.0,0.0,0.0,0.0,0.0,0.0,0.0
412423,0.0,0.0,0.0,0.0,0.0,1.0,0.0
412604,0.0,0.0,0.0,0.0,0.0,2.0,0.0
413104,0.0,0.0,0.0,0.0,0.0,0.0,0.0
413143,0.0,0.0,0.0,0.0,0.0,1.0,0.0
413542,0.0,0.0,0.0,0.0,0.0,2.0,0.0
414042,0.0,0.0,0.0,0.0,0.0,0.0,0.0
414587,0.0,0.0,0.0,0.0,0.0,1.0,0.0
414590,0.0,0.0,0.0,0.0,0.0,2.0,0.0
415090,0.0,0.0,0.0,0.0,0.0,0.0,0.0
415374,0.0,0.0,0.0,0.0,0.0,1.0,0.0
415624,0.0,0.0,0.0,0.0,0.0,2.0,0.0
416124,0.0,0.0,0.0,0.0,0.0,0.0,0.0
416513,0.0,0.0,0.0,0.0,0.0,1.0,0.0
417013,0.0,0.0,0.0,0.0,0.0,0.0,0.0
417109,0.0,0.0,0.0,0.0,0.0,1.0,0.0
417609,0.0,0.0,0.0,0.0,0.0,0.0,0.0
417914,0.0,0.0,0.0,0.0,0.0,1.0,0.0
418414,0.0,0.0,0.0,0.0,0.0,0.0,0.0
418463,0.0,0.0,0.0,0.0,0.0,1.0,0.0
418752,0.0,0.0,0.0,0.0,0.0,2.0,0.0
419252,0.0,0.0,0.0,0.0,0.0,0.0,0.0
419338,0.0,0.0,0.0,0.0,0.0,1.0,0.0
419384,0.0,0.0,0.0,0.0,0.0,2.0,0.0
419884,0.0,0.0,0.0,0.0,0.0,0.0,0.0
419988,0.0,0.0,0.0,0.0,0.0,1.0,0.0
420488,0.0,0.0,0.0,0.0,0.0,0.0,0.0
420917,0.0,0.0,0.0,0.0,0.0,1.0,0.0
421417,0.0,0.0,0.0,0.0,0.0,0.0,0.0
421564,0.0,2.0,0.0,0.0,0.0,0.0,0.0
422064,0.0,0.0,0.0,0.0,0.0,0.0,0.0
422081,0.0,0.0,0.0,0.0,0.0,1.0,0.0
422084,0.0,0.0,0.0,0.0,0.0,2.0,0.0
422584,0.0,0.0,0.0,0.0,0.0,0.0,0.0
422918,0.0,0.0,0.0,0.0,0.0,1.0,0.0
423126,0.0,0.0,0.0,0.0,0.0,2.0,0.0
423626,0.0,0.0,0.0,0.0,0.0,0.0,0.0
423800,0.0,0.0,0.0,0.0,0.0,1.0,0.0
424211,0.0,0.0,0.0,0.0,0.0,2.0,0.0
424711,0.0,0.0,0.0,0.0,0.0,0.0,0.0
425312,0.0,0.0,0.0,0.0,0.0,1.0,0.0
425812,0.0,0.0,0.0,0.0,0.0,0.0,0.0
425892,0.0,0.0,0.0,0.0,0.0,1.0,0.0
426258,0.0,0.0,0.0,0.0,0.0,2.0,0.0
426758,0.0,0.0,0.0,0.0,0.0,0.0,0.0
427435,0.0,0.0,0.0,0.0,1.0,0.0,0.0
427935,0.0,0.0,0.0,0.0,0.0,0.0,0.0
428444,0.0,0.0,0.0,0.0,0.0,1.0,0.0
428944,0.0,0.0,0.0,0.0,0.0,0.0,0.0
430065,0.0,0.0,0.0,0.0,0.0,1.0,0.0
430565,0.0,0.0,0.0,0.0,0.0,0.0,0.0
430630,0.0,0.0,0.0,0.0,0.0,1.0,0.0
431130,0.0,0.0,0.0,0.0,0.0,0.0,0.0
431577,0.0,0.0,0.0,0.0,0.0,1.0,0.0
432077,0.0,0.0,0.0,0.0,0.0,0.0,0.0
432199,0.0,0.0,0.0,0.0,0.0,1.0,0.0
432206,0.0,0.0,0.0,0.0,0.0,2.0,0.0
432706,0.0,0.0,0.0,0.0,0.0,0.0,0.0
432871,0.0,0.0,0.0,0.0,0.0,1.0,0.0
433371,0.0,0.0,0.0,0.0,0.0,0.0,0.0
433902,0.0,0.0,0.0,0.0,0.0,1.0,0.0
434402,0.0,0.0,0.0,0.0,0.0,0.0,0.0
435146,0.0,0.0,0.0,0.0,0.0,1.0,0.0
435151,0.0,0.0,0.0,0.0,0.0,2.0,0.0
435651,0.0,0.0,0.0,0.0,0.0,0.0,0.0
436107,0.0,0.0,0.0,0.0,0.0,1.0,0.0
436303,0.0,0.0,0.0,0.0,0.0,2.0,0.0
436398,0.0,0.0,0.0,0.0,1.0,2.0,0.0
436803,0.0,0.0,0.0,0.0,1.0,0.0,0.0
436898,0.0,0.0,0.0,0.0,0.0,0.0,0.0
438081,0.0,0.0,0.0,0.0,0.0,1.0,0.0
438581,0.0,0.0,0.0,0.0,0.0,0.0,0.0
438650,0.0,0.0,0.0,0.0,0.0,1.0,0.0
438653,0.0,0.0,0.0,0.0,0.0,2.0,0.0
439153,0.0,0.0,0.0,0.0,0.0,0.0,0.0
439178,0.0,0.0,0.0,0.0,0.0,1.0,0.0
439211,0.0,0.0,0.0,0.0,0.0,2.0,0.0
439711,0.0,0.0,0.0,0.0,0.0,0.0,0.0
439788,0.0,0.0,0.0,0.0,0.0,1.0,0.0
440288,0.0,0.0,0.0,0.0,0.0,0.0,0.0
440411,0.0,0.0,0.0,0.0,0.0,1.0,0.0
440911,0.0,0.0,0.0,0.0,0.0,0.0,0.0
441442,0.0,2.0,0.0,0.0,0.0,0.0,0.0
441830,0.0,2.0,0.0,0.0,0.0,1.0,0.0
441942,0.0,0.0,0.0,0.0,0.0,1.0,0.0
442330,0.0,0.0,0.0,0.0,0.0,0.0,0.0
442840,0.0,0.0,0.0,0.0,0.0,1.0,0.0
443239,0.0,0.0,0.0,0.0,0.0,2.0,0.0
443739,0.0,0.0,0.0,0.0,0.0,0.0,0.0
443780,0.0,0.0,0.0,0.0,0.0,1.0,0.0
444280,0.0,0.0,0.0,0.0,0.0,0.0,0.0
444327,0.0,0.0,0.0,0.0,0.0,1.0,0.0
444333,0.0,0.0,0.0,0.0,0.0,2.0,0.0
444833,0.0,0.0,0.0,0.0,0.0,0.0,0.0
444988,0.0,0.0,0.0,0.0,0.0,1.0,0.0
445488,0.0,0.0,0.0,0.0,0.0,0.0,0.0
445594,0.0,0.0,0.0,0.0,0.0,1.0,0.0
446094,0.0,0.0,0.0,0.0,0.0,0.0,0.0
446458,0.0,0.0,0.0,0.0,0.0,1.0,0.0
446465,0.0,0.0,0.0,0.0,0.0,2.0,0.0
446965,0.0,0.0,0.0,0.0,0.0,0.0,0.0
447547,0.0,0.0,0.0,0.0,0.0,1.0,0.0
447680,0.0,2.0,0.0,0.0,0.0,1.0,0.0
448047,0.0,2.0,0.0,0.0,0.0,0.0,0.0
448180,0.0,0.0,0.0,0.0,0.0,0.0,0.0
448716,0.0,0.0,0.0,0.0,0.0,1.0,0.0
448728,0.0,0.0,0.0,0.0,0.0,2.0,0.0
449228,0.0,0.0,0.0,0.0,0.0,0.0,0.0
449833,0.0,0.0,0.0,0.0,0.0,1.0,0.0
450333,0.0,0.0,0.0,0.0,0.0,0.0,0.0
451486,0.0,0.0,0.0,0.0,0.0,1.0,0.0
451986,0.0,0.0,0.0,0.0,0.0,0.0,0.0
452848,0.0,0.0,0.0,0.0,0.0,1.0,0.0
453348,0.0,0.0,0.0,0.0,0.0,0.0,0.0
453522,0.0,0.0,0.0,0.0,0.0,1.0,0.0
453952,0.0,0.0,0.0,0.0,0.0,2.0,0.0
454452,0.0,0.0,0.0,0.0,0.0,0.0,0.0
454496,0.0,0.0,0.0,0.0,0.0,1.0,0.0
454996,0.0,0.0,0.0,0.0,0.0,0.0,0.0
455290,0.0,0.0,0.0,0.0,0.0,1.0,0.0
455667,0.0,0.0,0.0,0.0,0.0,2.0,0.0
456167,0.0,0.0,0.0,0.0,0.0,0.0,0.0
456412,0.0,0.0,0.0,0.0,0.0,1.0,0.0
456912,0.0,0.0,0.0,0.0,0.0,0.0,0.0
457384,0.0,0.0,0.0,0.0,0.0,1.0,0.0
457884,0.0,0.0,0.0,0.0,0.0,0.0,0.0
457886,0.0,0.0,0.0,0.0,0.0,1.0,0.0
458386,0.0,0.0,0.0,0.0,0.0,0.0,0.0
458848,0.0,0.0,0.0,0.0,0.0,1.0,0.0
458933,0.0,0.0,0.0,0.0,0.0,2.0,0.0
459433,0.0,0.0,0.0,0.0,0.0,0.0,0.0
459651,0.0,0.0,0.0,0.0,0.0,1.0,0.0
460151,0.0,0.0,0.0,0.0,0.0,0.0,0.0
460508,0.0,0.0,0.0,0.0,0.0,1.0,0.0
461008,0.0,0.0,0.0,0.0,0.0,0.0,0.0
461013,0.0,0.0,0.0,0.0,0.0,1.0,0.0
461513,0.0,0.0,0.0,0.0,0.0,0.0,0.0
461642,0.0,0.0,0.0,0.0,0.0,1.0,0.0
461649,0.0,0.0,0.0,0.0,0.0,2.0,0.0
462149,0.0,0.0,0.0,0.0,0.0,0.0,0.0
462247,0.0,0.0,0.0,0.0,0.0,1.0,0.0
462259,0.0,0.0,0.0,0.0,0.0,2.0,0.0
462759,0.0,0.0,0.0,0.0,0.0,0.0,0.0
465241,0.0,0.0,0.0,0.0,0.0,1.0,0.0
465741,0.0,0.0,0.0,0.0,0.0,0.0,0.0
465780,0.0,0.0,0.0,0.0,0.0,1.0,0.0
466280,0.0,0.0,0.0,0.0,0.0,0.0,0.0
467758,0.0,0.0,0.0,0.0,0.0,1.0,0.0
468066,0.0,0.0,0.0,0.0,0.0,2.0,0.0
468566,0.0,0.0,0.0,0.0,0.0,0.0,0.0
469277,0.0,0.0,0.0,0.0,0.0,1.0,0.0
469777,0.0,0.0,0.0,0.0,0.0,0.0,0.0
469903,0.0,0.0,0.0,0.0,0.0,1.0,0.0
470381,0.0,0.0,0.0,0.0,0.0,2.0,0.0
470454,0.0,2.0,0.0,0.0,0.0,2.0,0.0
470881,0.0,2.0,0.0,0.0,0.0,0.0,0.0
470954,0.0,0.0,0.0,0.0,0.0,0.0,0.0
472399,0.0,0.0,0.0,0.0,0.0,1.0,0.0
472440,0.0,0.0,0.0,0.0,0.0,2.0,0.0
472940,0.0,0.0,0.0,0.0,0.0,0.0,0.0
473457,0.0,0.0,0.0,0.0,0.0,1.0,0.0
473467,0.0,0.0,0.0,0.0,0.0,2.0,0.0
473967,0.0,0.0,0.0,0.0,0.0,0.0,0.0
474085,0.0,0.0,0.0,0.0,0.0,1.0,0.0
474585,0.0,0.0,0.0,0.0,0.0,0.0,0.0
474947,0.0,0.0,0.0,0.0,0.0,1.0,0.0
474951,0.0,0.0,0.0,0.0,0.0,2.0,0.0
475451,0.0,0.0,0.0,0.0,0.0,0.0,0.0
475526,0.0,0.0,0.0,0.0,0.0,1.0,0.0
475532,0.0,0.0,0.0,0.0,0.0,2.0,0.0
476032,0.0,0.0,0.0,0.0,0.0,0.0,0.0
476056,0.0,0.0,0.0,0.0,0.0,1.0,0.0
476538,0.0,0.0,0.0,0.0,0.0,2.0,0.0
477038,0.0,0.0,0.0,0.0,0.0,0.0,0.0
477170,0.0,0.0,0.0,0.0,0.0,1.0,0.0
477670,0.0,0.0,0.0,0.0,0.0,0.0,0.0
477689,0.0,0.0,0.0,0.0,0.0,1.0,0.0
478189,0.0,0.0,0.0,0.0,0.0,0.0,0.0
478339,0.0,0.0,0.0,0.0,0.0,1.0,0.0
478614,0.0,0.0,0.0,0.0,0.0,2.0,0.0
479114,0.0,0.0,0.0,0.0,0.0,0.0,0.0
479127,0.0,0.0,0.0,0.0,0.0,1.0,0.0
479132,0.0,0.0,0.0,0.0,0.0,2.0,0.0
479361,0.0,0.0,0.0,0.0,1.0,2.0,0.0
479632,0.0,0.0,0.0,0.0,1.0,0.0,0.0
479861,0.0,0.0,0.0,0.0,0.0,0.0,0.0
480418,0.0,0.0,0.0,0.0,0.0,1.0,0.0
480859,0.0,0.0,0.0,0.0,0.0,2.0,0.0
481359,0.0,0.0,0.0,0.0,0.0,0.0,0.0
481788,0.0,0.0,0.0,0.0,0.0,1.0,0.0
482288,0.0,0.0,0.0,0.0,0.0,0.0,0.0
482471,0.0,0.0,0.0,0.0,1.0,0.0,0.0
482971,0.0,0.0,0.0,0.0,0.0,0.0,0.0
483824,0.0,0.0,0.0,0.0,0.0,1.0,0.0
483830,0.0,0.0,0.0,0.0,0.0,2.0,0.0
484330,0.0,0.0,0.0,0.0,0.0,0.0,0.0
484704,0.0,0.0,0.0,0.0,0.0,1.0,0.0
484898,0.0,0.0,0.0,0.0,0.0,2.0,0.0
485398,0.0,0.0,0.0,0.0,0.0,0.0,0.0
485468,0.0,0.0,0.0,0.0,0.0,1.0,0.0
485676,0.0,0.0,0.0,0.0,0.0,2.0,0.0
485847,0.0,0.0,0.0,0.0,1.0,2.0,0.0
486176,0.0,0.0,0.0,0.0,1.0,0.0,0.0
486347,0.0,0.0,0.0,0.0,0.0,0.0,0.0
486519,0.0,0.0,0.0,0.0,0.0,1.0,0.0
487019,0.0,0.0,0.0,0.0,0.0,0.0,0.0
487363,0.0,0.0,0.0,0.0,0.0,1.0,0.0
487863,0.0,0.0,0.0,0.0,0.0,0.0,0.0
488407,0.0,0.0,0.0,0.0,0.0,1.0,0.0
488473,0.0,0.0,0.0,0.0,0.0,2.0,0.0
488973,0.0,0.0,0.0,0.0,0.0,0.0,0.0
489104,0.0,0.0,0.0,0.0,0.0,1.0,0.0
489107,0.0,0.0,0.0,0.0,0.0,2.0,0.0
489607,0.0,0.0,0.0,0.0,0.0,0.0,0.0
489709,0.0,0.0,0.0,0.0,0.0,1.0,0.0
490196,0.0,0.0,0.0,0.0,0.0,2.0,0.0
490696,0.0,0.0,0.0,0.0,0.0,0.0,0.0
491984,0.0,0.0,0.0,0.0,0.0,1.0,0.0
492143,0.0,0.0,0.0,0.0,0.0,2.0,0.0
492643,0.0,0.0,0.0,0.0,0.0,0.0,0.0
493329,0.0,0.0,0.0,0.0,0.0,1.0,0.0
493335,0.0,0.0,0.0,0.0,0.0,2.0,0.0
493835,0.0,0.0,0.0,0.0,0.0,0.0,0.0
493837,0.0,0.0,0.0,0.0,0.0,1.0,0.0
494337,0.0,0.0,0.0,0.0,0.0,0.0,0.0
494836,0.0,0.0,0.0,0.0,0.0,1.0,0.0
495336,0.0,0.0,0.0,0.0,0.0,0.0,0.0
495717,0.0,0.0,0.0,0.0,0.0,1.0,0.0
495720,0.0,0.0,0.0,0.0,1.0,2.0,0.0
496220,0.0,0.0,0.0,0.0,0.0,0.0,0.0
497899,0.0,0.0,0.0,0.0,0.0,1.0,0.0
497911,0.0,0.0,0.0,0.0,0.0,2.0,0.0
497913,0.0,2.0,0.0,0.0,0.0,2.0,0.0
498411,0.0,2.0,0.0,0.0,0.0,0.0,0.0
498413,0.0,0.0,0.0,0.0,0.0,0.0,0.0
498491,0.0,0.0,0.0,0.0,0.0,1.0,0.0
498991,0.0,0.0,0.0,0.0,0.0,0.0,0.0
499293,0.0,0.0,0.0,0.0,0.0,1.0,0.0
499793,0.0,0.0,0.0,0.0,0.0,0.0,0.0
499925,0.0,0.0,0.0,0.0,0.0,1.0,0.0
499928,0.0,0.0,0.0,0.0,0.0,2.0,0.0
500428,0.0,0.0,0.0,0.0,0.0,0.0,0.0
500794,0.0,0.0,0.0,0.0,0.0,1.0,0.0
501048,0.0,0.0,0.0,0.0,0.0,2.0,0.0
501498,0.0,0.0,0.0,0.0,1.0,2.0,0.0
501548,0.0,0.0,0.0,0.0,1.0,0.0,0.0
501588,0.0,2.0,0.0,0.0,1.0,0.0,0.0
501978,0.0,2.0,0.0,0.0,1.0,1.0,0.0
501998,0.0,2.0,0.0,0.0,0.0,1.0,0.0
502088,0.0,0.0,0.0,0.0,0.0,1.0,0.0
502448,0.0,0.0,0.0,0.0,1.0,1.0,0.0
502478,0.0,0.0,0.0,0.0,1.0,0.0,0.0
502948,0.0,0.0,0.0,0.0,0.0,0.0,0.0
503334,0.0,0.0,0.0,0.0,0.0,1.0,0.0
503600,0.0,0.0,0.0,0.0,0.0,2.0,0.0
504100,0.0,0.0,0.0,0.0,0.0,0.0,0.0
505942,0.0,0.0,0.0,0.0,0.0,1.0,0.0
506442,0.0,0.0,0.0,0.0,0.0,0.0,0.0
507233,0.0,0.0,0.0,0.0,0.0,1.0,0.0
507733,0.0,0.0,0.0,0.0,0.0,0.0,0.0
507774,0.0,0.0,0.0,0.0,0.0,1.0,0.0
508274,0.0,0.0,0.0,0.0,0.0,0.0,0.0
511159,0.0,0.0,0.0,0.0,0.0,1.0,0.0
511659,0.0,0.0,0.0,0.0,0.0,0.0,0.0
512069,0.0,0.0,0.0,0.0,0.0,1.0,0.0
512569,0.0,0.0,0.0,0.0,0.0,0.0,0.0
513011,0.0,0.0,0.0,0.0,0.0,1.0,0.0
513511,0.0,0.0,0.0,0.0,0.0,0.0,0.0
514058,0.0,0.0,0.0,0.0,0.0,1.0,0.0
514068,0.0,0.0,0.0,0.0,0.0,2.0,0.0
514568,0.0,0.0,0.0,0.0,0.0,0.0,0.0
515540,0.0,0.0,0.0,0.0,1.0,0.0,0.0
515961,0.0,0.0,0.0,0.0,1.0,1.0,0.0
516040,0.0,0.0,0.0,0.0,0.0,1.0,0.0
516461,0.0,0.0,0.0,0.0,0.0,0.0,0.0
516610,0.0,0.0,0.0,0.0,0.0,1.0,0.0
517110,0.0,0.0,0.0,0.0,0.0,0.0,0.0
518170,0.0,0.0,0.0,0.0,0.0,1.0,0.0
518171,0.0,0.0,0.0,0.0,0.0,2.0,0.0
518671,0.0,0.0,0.0,0.0,0.0,0.0,0.0
523821,0.0,0.0,0.0,0.0,0.0,1.0,0.0
524321,0.0,0.0,0.0,0.0,0.0,0.0,0.0
528096,0.0,0.0,0.0,0.0,0.0,1.0,0.0
528596,0.0,0.0,0.0,0.0,0.0,0.0,0.0
529646,0.0,0.0,0.0,0.0,0.0,1.0,0.0
529658,0.0,0.0,0.0,0.0,0.0,2.0,0.0
530158,0.0,0.0,0.0,0.0,0.0,0.0,0.0
531940,0.0,0.0,0.0,0.0,0.0,1.0,0.0
532440,0.0,0.0,0.0,0.0,0.0,0.0,0.0
533967,0.0,0.0,0.0,0.0,0.0,1.0,0.0
534467,0.0,0.0,0.0,0.0,0.0,0.0,0.0
534810,0.0,0.0,0.0,0.0,0.0,1.0,0.0
535310,0.0,0.0,0.0,0.0,0.0,0.0,0.0
535504,0.0,0.0,0.0,0.0,0.0,1.0,0.0
536004,0.0,0.0,0.0,0.0,0.0,0.0,0.0
539251,0.0,0.0,0.0,0.0,1.0,1.0,0.0
539751,0.0,0.0,0.0,0.0,0.0,0.0,0.0
542758,0.0,0.0,0.0,0.0,0.0,1.0,0.0
543258,0.0,0.0,0.0,0.0,0.0,0.0,0.0
545678,0.0,0.0,0.0,0.0,0.0,1.0,0.0
546178,0.0,0.0,0.0,0.0,0.0,0.0,0.0
547372,0.0,0.0,0.0,0.0,0.0,1.0,0.0
547373,0.0,0.0,0.0,0.0,0.0,2.0,0.0
547873,0.0,0.0,0.0,0.0,0.0,0.0,0.0
549494,0.0,0.0,0.0,0.0,0.0,1.0,0.0
549994,0.0,0.0,0.0,0.0,0.0,0.0,0.0
550322,0.0,0.0,0.0,0.0,0.0,1.0,0.0
550822,0.0,0.0,0.0,0.0,0.0,0.0,0.0
555919,0.0,0.0,0.0,0.0,0.0,1.0,0.0
556419,0.0,0.0,0.0,0.0,0.0,0.0,0.0
562053,0.0,0.0,0.0,0.0,0.0,1.0,0.0
562497,0.0,0.0,0.0,0.0,0.0,2.0,0.0
562997,0.0,0.0,0.0,0.0,0.0,0.0,0.0
567466,0.0,0.0,0.0,0.0,0.0,1.0,0.0
567493,0.0,0.0,0.0,0.0,0.0,2.0,0.0
567993,0.0,0.0,0.0,0.0,0.0,0.0,0.0
568442,0.0,0.0,0.0,0.0,0.0,1.0,0.0
568942,0.0,0.0,0.0,0.0,0.0,0.0,0.0
572559,0.0,0.0,0.0,0.0,0.0,1.0,0.0
573059,0.0,0.0,0.0,0.0,0.0,0.0,0.0
573202,0.0,0.0,0.0,0.0,0.0,1.0,0.0
573702,0.0,0.0,0.0,0.0,0.0,0.0,0.0
575820,0.0,0.0,0.0,0.0,0.0,1.0,0.0
576320,0.0,0.0,0.0,0.0,0.0,0.0,0.0
580271,0.0,0.0,0.0,0.0,0.0,1.0,0.0
580771,0.0,0.0,0.0,0.0,0.0,0.0,0.0
583755,0.0,0.0,0.0,0.0,0.0,1.0,0.0
584255,0.0,0.0,0.0,0.0,0.0,0.0,0.0
584857,0.0,0.0,0.0,0.0,0.0,1.0,0.0
585357,0.0,0.0,0.0,0.0,0.0,0.0,0.0
585443,0.0,0.0,0.0,0.0,0.0,1.0,0.0
585445,0.0,0.0,0.0,0.0,0.0,2.0,0.0
585945,0.0,0.0,0.0,0.0,0.0,0.0,0.0
588873,0.0,0.0,0.0,0.0,0.0,1.0,0.0
589373,0.0,0.0,0.0,0.0,0.0,0.0,0.0
589676,0.0,0.0,0.0,0.0,0.0,1.0,0.0
590176,0.0,0.0,0.0,0.0,0.0,0.0,0.0
592156,0.0,0.0,0.0,0.0,0.0,1.0,0.0
592656,0.0,0.0,0.0,0.0,0.0,0.0,0.0
598897,0.0,0.0,0.0,0.0,0.0,1.0,0.0
599397,0.0,0.0,0.0,0.0,0.0,0.0,0.0
600337,0.0,0.0,0.0,0.0,0.0,1.0,0.0
600837,0.0,0.0,0.0,0.0,0.0,0.0,0.0
600868,0.0,0.0,0.0,0.0,0.0,1.0,0.0
600869,0.0,0.0,0.0,0.0,0.0,2.0,0.0
601369,0.0,0.0,0.0,0.0,0.0,0.0,0.0
602254,0.0,0.0,0.0,0.0,1.0,0.0,0.0
602266,0.0,0.0,0.0,0.0,1.0,1.0,0.0
602754,0.0,0.0,0.0,0.0,0.0,1.0,0.0
602766,0.0,0.0,0.0,0.0,0.0,0.0,0.0
602989,0.0,0.0,0.0,0.0,0.0,1.0,0.0
603489,0.0,0.0,0.0,0.0,0.0,0.0,0.0
603511,0.0,0.0,0.0,0.0,0.0,1.0,0.0
603537,0.0,0.0,0.0,0.0,0.0,2.0,0.0
604037,0.0,0.0,0.0,0.0,0.0,0.0,0.0
605000,0.0,0.0,0.0,0.0,0.0,0.0,1.0
605294,0.0,0.0,0.0,0.0,0.0,1.0,1.0
605500,0.0,0.0,0.0,0.0,0.0,1.0,0.0
605532,0.0,0.0,0.0,0.0,0.0,2.0,0.0
605535,2.0,0.0,0.0,0.0,0.0,2.0,0.0
605560,2.0,2.0,0.0,0.0,0.0,2.0,0.0
605626,2.0,2.0,0.0,0.0,1.0,2.0,0.0
605691,2.0,2.0,0.0,0.0,2.0,2.0,0.0
606032,2.0,2.0,0.0,0.0,2.0,1.0,0.0
606035,0.0,2.0,0.0,0.0,2.0,1.0,0.0
606060,0.0,0.0,0.0,0.0,2.0,1.0,0.0
606168,0.0,0.0,0.0,0.0,2.0,2.0,0.0
606191,0.0,0.0,0.0,0.0,0.0,2.0,0.0
606271,2.0,0.0,0.0,0.0,0.0,2.0,0.0
606668,2.0,0.0,0.0,0.0,0.0,0.0,0.0
606771,0.0,0.0,0.0,0.0,0.0,0.0,0.0
606966,0.0,2.0,0.0,0.0,0.0,0.0,0.0
607115,0.0,2.0,1.0,0.0,0.0,0.0,0.0
607173,0.0,2.0,1.0,0.0,0.0,1.0,0.0
607180,0.0,2.0,1.0,0.0,0.0,2.0,0.0
607391,2.0,2.0,1.0,0.0,0.0,2.0,0.0
607466,2.0,0.0,1.0,0.0,0.0,2.0,0.0
607680,2.0,0.0,1.0,0.0,0.0,0.0,0.0
607891,0.0,0.0,1.0,0.0,0.0,0.0,0.0
608001,0.0,0.0,1.0,0.0,0.0,1.0,0.0
608501,0.0,0.0,1.0,0.0,0.0,0.0,0.0
608553,0.0,0.0,2.0,0.0,0.0,0.0,0.0
608602,0.0,0.0,2.0,0.0,0.0,1.0,0.0
609053,0.0,0.0,0.0,0.0,0.0,1.0,0.0
609602,0.0,0.0,0.0,0.0,0.0,0.0,0.0
609879,0.0,0.0,0.0,0.0,0.0,1.0,0.0
610379,0.0,0.0,0.0,0.0,0.0,0.0,0.0
610401,0.0,0.0,0.0,0.0,0.0,1.0,0.0
610407,0.0,0.0,0.0,0.0,0.0,2.0,0.0
610907,0.0,0.0,0.0,0.0,0.0,0.0,0.0
612580,0.0,0.0,0.0,0.0,0.0,1.0,0.0
612666,0.0,0.0,0.0,0.0,0.0,2.0,0.0
613166,0.0,0.0,0.0,0.0,0.0,0.0,0.0
613393,0.0,0.0,0.0,0.0,0.0,1.0,0.0
613893,0.0,0.0,0.0,0.0,0.0,0.0,0.0
613906,0.0,0.0,0.0,0.0,0.0,1.0,0.0
614157,0.0,0.0,0.0,0.0,0.0,2.0,0.0
614604,0.0,0.0,1.0,0.0,0.0,2.0,0.0
614657,0.0,0.0,1.0,0.0,0.0,0.0,0.0
614687,0.0,0.0,1.0,0.0,0.0,1.0,0.0
614693,0.0,0.0,1.0,0.0,0.0,2.0,0.0
615104,0.0,0.0,0.0,0.0,0.0,2.0,0.0
615193,0.0,0.0,0.0,0.0,0.0,0.0,0.0
615950,0.0,0.0,0.0,0.0,0.0,1.0,0.0
616450,0.0,0.0,0.0,0.0,0.0,0.0,0.0
618152,0.0,0.0,0.0,0.0,0.0,1.0,0.0
618647,0.0,0.0,0.0,0.0,1.0,1.0,0.0
618652,0.0,0.0,0.0,0.0,1.0,0.0,0.0
619147,0.0,0.0,0.0,0.0,0.0,0.0,0.0
619256,0.0,0.0,0.0,0.0,1.0,0.0,0.0
619284,0.0,0.0,0.0,0.0,1.0,1.0,0.0
619413,0.0,2.0,0.0,0.0,1.0,1.0,0.0
619454,0.0,2.0,0.0,0.0,2.0,1.0,0.0
619784,0.0,2.0,0.0,0.0,2.0,0.0,0.0
619913,0.0,0.0,0.0,0.0,2.0,0.0,0.0
619954,0.0,0.0,0.0,0.0,0.0,0.0,0.0
620338,0.0,0.0,0.0,0.0,0.0,1.0,0.0
620838,0.0,0.0,0.0,0.0,0.0,0.0,0.0
621209,0.0,0.0,0.0,0.0,0.0,1.0,0.0
621211,0.0,0.0,0.0,0.0,1.0,1.0,0.0
621709,0.0,0.0,0.0,0.0,1.0,0.0,0.0
621711,0.0,0.0,0.0,0.0,0.0,0.0,0.0
621901,0.0,0.0,0.0,0.0,0.0,1.0,0.0
622401,0.0,0.0,0.0,0.0,0.0,0.0,0.0
622688,0.0,0.0,0.0,0.0,0.0,1.0,0.0
623188,0.0,0.0,0.0,0.0,0.0,0.0,0.0
623506,0.0,0.0,0.0,0.0,0.0,1.0,0.0
623525,0.0,0.0,0.0,0.0,0.0,2.0,0.0
623908,0.0,0.0,1.0,0.0,0.0,2.0,0.0
624025,0.0,0.0,1.0,0.0,0.0,0.0,0.0
624408,0.0,0.0,0.0,0.0,0.0,0.0,0.0
624444,0.0,0.0,0.0,0.0,0.0,1.0,0.0
624445,0.0,0.0,1.0,0.0,0.0,1.0,0.0
624447,0.0,0.0,1.0,0.0,0.0,2.0,0.0
624945,0.0,0.0,0.0,0.0,0.0,2.0,0.0
624947,0.0,0.0,0.0,0.0,0.0,0.0,0.0
625211,0.0,0.0,0.0,0.0,0.0,1.0,0.0
625272,0.0,0.0,0.0,0.0,0.0,2.0,0.0
625772,0.0,0.0,0.0,0.0,0.0,0.0,0.0
625825,0.0,0.0,0.0,0.0,0.0,1.0,0.0
626325,0.0,0.0,0.0,0.0,0.0,0.0,0.0
626836,0.0,0.0,0.0,0.0,0.0,1.0,0.0
627256,0.0,0.0,0.0,0.0,0.0,2.0,0.0
627756,0.0,0.0,0.0,0.0,0.0,0.0,0.0
627759,0.0,0.0,0.0,0.0,0.0,1.0,0.0
628259,0.0,0.0,0.0,0.0,0.0,0.0,0.0
628504,0.0,0.0,0.0,0.0,0.0,1.0,0.0
629004,0.0,0.0,0.0,0.0,0.0,0.0,0.0
629135,0.0,0.0,0.0,0.0,0.0,1.0,0.0
629138,0.0,0.0,0.0,0.0,0.0,2.0,0.0
629638,0.0,0.0,0.0,0.0,0.0,0.0,0.0
630494,0.0,0.0,0.0,0.0,0.0,1.0,0.0
630497,0.0,0.0,0.0,0.0,0.0,2.0,0.0
630997,0.0,0.0,0.0,0.0,0.0,0.0,0.0
631128,0.0,0.0,0.0,0.0,0.0,1.0,0.0
631134,0.0,0.0,0.0,0.0,0.0,2.0,0.0
631634,0.0,0.0,0.0,0.0,0.0,0.0,0.0
632576,0.0,0.0,0.0,0.0,0.0,1.0,0.0
632580,0.0,0.0,0.0,0.0,0.0,2.0,0.0
633080,0.0,0.0,0.0,0.0,0.0,0.0,0.0
633745,0.0,0.0,0.0,0.0,0.0,1.0,0.0
633752,0.0,0.0,0.0,0.0,0.0,2.0,0.0
634252,0.0,0.0,0.0,0.0,0.0,0.0,0.0
634710,0.0,0.0,0.0,0.0,0.0,1.0,0.0
635210,0.0,0.0,0.0,0.0,0.0,0.0,0.0
635918,0.0,0.0,0.0,0.0,0.0,1.0,0.0
635936,0.0,0.0,0.0,0.0,0.0,2.0,0.0
636436,0.0,0.0,0.0,0.0,0.0,0.0,0.0
637547,0.0,0.0,0.0,0.0,0.0,1.0,0.0
638047,0.0,0.0,0.0,0.0,0.0,0.0,0.0
638171,0.0,0.0,0.0,0.0,0.0,1.0,0.0
638671,0.0,0.0,0.0,0.0,0.0,0.0,0.0
638722,0.0,0.0,1.0,0.0,0.0,0.0,0.0
638727,0.0,2.0,1.0,0.0,0.0,0.0,0.0
638933,0.0,2.0,1.0,0.0,0.0,1.0,0.0
639222,0.0,2.0,0.0,0.0,0.0,1.0,0.0
639227,0.0,0.0,0.0,0.0,0.0,1.0,0.0
639382,0.0,0.0,0.0,0.0,1.0,1.0,0.0
639384,0.0,0.0,0.0,0.0,1.0,2.0,0.0
639884,0.0,0.0,0.0,0.0,1.0,0.0,0.0
639904,0.0,0.0,1.0,0.0,1.0,0.0,0.0
640684,0.0,0.0,1.0,0.0,1.0,1.0,0.0
640882,0.0,0.0,1.0,0.0,0.0,1.0,0.0
641184,0.0,0.0,1.0,0.0,0.0,0.0,0.0
641348,0.0,0.0,1.0,0.0,0.0,1.0,0.0
641604,0.0,0.0,1.0,0.0,0.0,2.0,0.0
641687,0.0,0.0,1.0,0.0,1.0,2.0,0.0
641769,0.0,2.0,1.0,0.0,1.0,2.0,0.0
642104,0.0,2.0,1.0,0.0,1.0,0.0,0.0
642269,0.0,0.0,1.0,0.0,1.0,0.0,0.0
642679,0.0,0.0,1.0,0.0,1.0,1.0,0.0
642687,0.0,0.0,1.0,0.0,0.0,1.0,0.0
642956,0.0,0.0,1.0,0.0,0.0,2.0,0.0
643456,0.0,0.0,1.0,0.0,0.0,0.0,0.0
644415,0.0,0.0,1.0,0.0,0.0,1.0,0.0
644858,0.0,0.0,1.0,0.0,0.0,2.0,0.0
645358,0.0,0.0,1.0,0.0,0.0,0.0,0.0
645374,0.0,0.0,1.0,0.0,0.0,1.0,0.0
645874,0.0,0.0,1.0,0.0,0.0,0.0,0.0
645881,0.0,0.0,1.0,0.0,0.0,1.0,0.0
646381,0.0,0.0,1.0,0.0,0.0,0.0,0.0
646629,0.0,0.0,1.0,0.0,0.0,1.0,0.0
647129,0.0,0.0,1.0,0.0,0.0,0.0,0.0
647149,0.0,0.0,1.0,0.0,0.0,1.0,0.0
647260,0.0,0.0,1.0,0.0,0.0,2.0,0.0
647760,0.0,0.0,1.0,0.0,0.0,0.0,0.0
648191,0.0,0.0,1.0,0.0,0.0,1.0,0.0
648691,0.0,0.0,1.0,0.0,0.0,0.0,0.0
648898,0.0,0.0,1.0,0.0,0.0,1.0,0.0
649398,0.0,0.0,1.0,0.0,0.0,0.0,0.0
650434,0.0,0.0,1.0,0.0,0.0,1.0,0.0
650440,0.0,0.0,1.0,0.0,0.0,2.0,0.0
650940,0.0,0.0,1.0,0.0,0.0,0.0,0.0
651280,0.0,0.0,1.0,0.0,0.0,1.0,0.0
651780,0.0,0.0,1.0,0.0,0.0,0.0,0.0
651895,0.0,0.0,1.0,0.0,0.0,1.0,0.0
652061,0.0,0.0,1.0,0.0,0.0,2.0,0.0
652561,0.0,0.0,1.0,0.0,0.0,0.0,0.0
653245,0.0,0.0,1.0,0.0,0.0,1.0,0.0
653375,0.0,0.0,1.0,0.0,0.0,2.0,0.0
653875,0.0,0.0,1.0,0.0,0.0,0.0,0.0
654099,0.0,0.0,1.0,0.0,0.0,1.0,0.0
654344,0.0,0.0,1.0,0.0,0.0,2.0,0.0
654844,0.0,0.0,1.0,0.0,0.0,0.0,0.0
654961,0.0,0.0,1.0,0.0,0.0,1.0,0.0
655461,0.0,0.0,1.0,0.0,0.0,0.0,0.0
655815,0.0,0.0,1.0,0.0,0.0,1.0,0.0
655982,0.0,0.0,1.0,0.0,0.0,2.0,0.0
655994,0.0,0.0,1.0,0.0,1.0,2.0,0.0
656482,0.0,0.0,1.0,0.0,1.0,0.0,0.0
656494,0.0,0.0,1.0,0.0,0.0,0.0,0.0
657386,0.0,0.0,1.0,0.0,0.0,1.0,0.0
657390,0.0,0.0,1.0,0.0,0.0,2.0,0.0
657890,0.0,0.0,1.0,0.0,0.0,0.0,0.0
658396,0.0,0.0,1.0,0.0,0.0,1.0,0.0
658838,0.0,0.0,1.0,0.0,0.0,2.0,0.0
659338,0.0,0.0,1.0,0.0,0.0,0.0,0.0
659343,0.0,0.0,1.0,0.0,0.0,1.0,0.0
659843,0.0,0.0,1.0,0.0,0.0,0.0,0.0
660058,0.0,0.0,1.0,0.0,0.0,1.0,0.0
660558,0.0,0.0,1.0,0.0,0.0,0.0,0.0
662404,0.0,0.0,0.0,0.0,0.0,0.0,0.0
662484,0.0,0.0,0.0,0.0,0.0,1.0,0.0
662685,0.0,0.0,0.0,0.0,0.0,2.0,0.0
663185,0.0,0.0,0.0,0.0,0.0,0.0,0.0
663748,0.0,0.0,0.0,0.0,0.0,1.0,0.0
664188,0.0,0.0,1.0,0.0,0.0,1.0,0.0
664248,0.0,0.0,1.0,0.0,0.0,0.0,0.0
664562,0.0,0.0,1.0,0.0,0.0,1.0,0.0
664688,0.0,0.0,0.0,0.0,0.0,1.0,0.0
665062,0.0,0.0,0.0,0.0,0.0,0.0,0.0
665475,0.0,0.0,0.0,0.0,0.0,1.0,0.0
665701,0.0,0.0,1.0,0.0,0.0,1.0,0.0
665975,0.0,0.0,1.0,0.0,0.0,0.0,0.0
666201,0.0,0.0,0.0,0.0,0.0,0.0,0.0
666594,0.0,0.0,0.0,0.0,0.0,1.0,0.0
666651,0.0,0.0,1.0,0.0,0.0,1.0,0.0
667094,0.0,0.0,1.0,0.0,0.0,0.0,0.0
667376,0.0,0.0,1.0,0.0,0.0,1.0,0.0
667413,0.0,2.0,1.0,0.0,0.0,1.0,0.0
667876,0.0,2.0,1.0,0.0,0.0,0.0,0.0
667913,0.0,0.0,1.0,0.0,0.0,0.0,0.0
668303,0.0,0.0,1.0,0.0,0.0,1.0,0.0
668803,0.0,0.0,1.0,0.0,0.0,0.0,0.0
668900,0.0,0.0,1.0,0.0,0.0,1.0,0.0
669400,0.0,0.0,1.0,0.0,0.0,0.0,0.0
670094,0.0,0.0,1.0,0.0,0.0,1.0,0.0
670594,0.0,0.0,1.0,0.0,0.0,0.0,0.0
670706,0.0,0.0,1.0,0.0,0.0,1.0,0.0
670715,0.0,0.0,1.0,0.0,0.0,2.0,0.0
671215,0.0,0.0,1.0,0.0,0.0,0.0,0.0
671968,0.0,2.0,1.0,0.0,0.0,0.0,0.0
672468,0.0,0.0,1.0,0.0,0.0,0.0,0.0
672793,0.0,0.0,1.0,0.0,0.0,1.0,0.0
672815,0.0,0.0,1.0,0.0,0.0,2.0,0.0
673315,0.0,0.0,1.0,0.0,0.0,0.0,0.0
673319,0.0,0.0,1.0,0.0,0.0,1.0,0.0
673325,0.0,0.0,1.0,0.0,0.0,2.0,0.0
673825,0.0,0.0,1.0,0.0,0.0,0.0,0.0
674037,0.0,0.0,1.0,0.0,0.0,1.0,0.0
674537,0.0,0.0,1.0,0.0,0.0,0.0,0.0
674759,0.0,0.0,1.0,0.0,0.0,1.0,0.0
675259,0.0,0.0,1.0,0.0,0.0,0.0,0.0
676907,0.0,0.0,1.0,0.0,0.0,1.0,0.0
677407,0.0,0.0,1.0,0.0,0.0,0.0,0.0
677443,0.0,0.0,1.0,0.0,0.0,1.0,0.0
677666,0.0,0.0,1.0,0.0,0.0,2.0,0.0
678166,0.0,0.0,1.0,0.0,0.0,0.0,0.0
678411,0.0,0.0,1.0,0.0,0.0,1.0,0.0
678878,0.0,0.0,1.0,0.0,0.0,2.0,0.0
679378,0.0,0.0,1.0,0.0,0.0,0.0,0.0
679420,0.0,0.0,1.0,0.0,0.0,1.0,0.0
679920,0.0,0.0,1.0,0.0,0.0,0.0,0.0
680074,0.0,0.0,1.0,0.0,0.0,1.0,0.0
680082,0.0,0.0,1.0,0.0,0.0,2.0,0.0
680567,0.0,2.0,1.0,0.0,0.0,2.0,0.0
680582,0.0,2.0,1.0,0.0,0.0,0.0,0.0
681067,0.0,0.0,1.0,0.0,0.0,0.0,0.0
682364,0.0,0.0,1.0,0.0,0.0,1.0,0.0
682454,0.0,0.0,1.0,0.0,0.0,2.0,0.0
682954,0.0,0.0,1.0,0.0,0.0,0.0,0.0
683354,0.0,0.0,1.0,0.0,0.0,1.0,0.0
683370,0.0,0.0,1.0,0.0,0.0,2.0,0.0
683870,0.0,0.0,1.0,0.0,0.0,0.0,0.0
683976,0.0,0.0,1.0,0.0,0.0,1.0,0.0
684476,0.0,0.0,1.0,0.0,0.0,0.0,0.0
684776,0.0,0.0,1.0,0.0,0.0,1.0,0.0
685276,0.0,0.0,1.0,0.0,0.0,0.0,0.0
685330,0.0,0.0,1.0,0.0,0.0,1.0,0.0
685830,0.0,0.0,1.0,0.0,0.0,0.0,0.0
685986,0.0,0.0,1.0,0.0,0.0,1.0,0.0
685989,0.0,0.0,1.0,0.0,0.0,2.0,0.0
686489,0.0,0.0,1.0,0.0,0.0,0.0,0.0
686970,0.0,0.0,1.0,0.0,0.0,1.0,0.0
687470,0.0,0.0,1.0,0.0,0.0,0.0,0.0
687836,0.0,0.0,1.0,0.0,0.0,1.0,0.0
688000,0.0,0.0,1.0,0.0,0.0,2.0,0.0
688500,0.0,0.0,1.0,0.0,0.0,0.0,0.0
689130,0.0,0.0,1.0,0.0,0.0,1.0,0.0
689630,0.0,0.0,1.0,0.0,0.0,0.0,0.0
689777,0.0,0.0,1.0,0.0,0.0,1.0,0.0
689780,0.0,0.0,1.0,0.0,0.0,2.0,0.0
690280,0.0,0.0,1.0,0.0,0.0,0.0,0.0
690774,0.0,0.0,1.0,0.0,0.0,1.0,0.0
690798,0.0,0.0,1.0,0.0,0.0,2.0,0.0
691298,0.0,0.0,1.0,0.0,0.0,0.0,0.0
691832,0.0,0.0,1.0,0.0,0.0,1.0,0.0
691869,0.0,0.0,1.0,0.0,0.0,2.0,0.0
692369,0.0,0.0,1.0,0.0,0.0,0.0,0.0
692614,0.0,0.0,1.0,0.0,0.0,1.0,0.0
693114,0.0,0.0,1.0,0.0,0.0,0.0,0.0
693127,0.0,0.0,1.0,0.0,0.0,1.0,0.0
693627,0.0,0.0,1.0,0.0,0.0,0.0,0.0
693664,0.0,0.0,1.0,0.0,0.0,1.0,0.0
694164,0.0,0.0,1.0,0.0,0.0,0.0,0.0
694898,0.0,0.0,1.0,0.0,0.0,1.0,0.0
695398,0.0,0.0,1.0,0.0,0.0,0.0,0.0
696367,0.0,0.0,1.0,0.0,0.0,1.0,0.0
696770,0.0,0.0,1.0,0.0,0.0,2.0,0.0
697270,0.0,0.0,1.0,0.0,0.0,0.0,0.0
698628,0.0,0.0,1.0,0.0,0.0,1.0,0.0
699077,0.0,0.0,1.0,0.0,0.0,2.0,0.0
699577,0.0,0.0,1.0,0.0,0.0,0.0,0.0
699735,0.0,0.0,1.0,0.0,0.0,1.0,0.0
699840,0.0,0.0,1.0,0.0,0.0,2.0,0.0
700340,0.0,0.0,1.0,0.0,0.0,0.0,0.0
700402,0.0,0.0,1.0,0.0,0.0,1.0,0.0
700902,0.0,0.0,1.0,0.0,0.0,0.0,0.0
701424,0.0,0.0,1.0,0.0,0.0,1.0,0.0
701502,0.0,0.0,1.0,0.0,0.0,2.0,0.0
702002,0.0,0.0,1.0,0.0,0.0,0.0,0.0
702929,0.0,0.0,1.0,0.0,0.0,1.0,0.0
703429,0.0,0.0,1.0,0.0,0.0,0.0,0.0
704246,0.0,0.0,1.0,0.0,0.0,1.0,0.0
704746,0.0,0.0,1.0,0.0,0.0,0.0,0.0
704776,0.0,0.0,1.0,0.0,0.0,1.0,0.0
705276,0.0,0.0,1.0,0.0,0.0,0.0,0.0
705746,0.0,0.0,1.0,0.0,0.0,1.0,0.0
706246,0.0,0.0,1.0,0.0,0.0,0.0,0.0
707651,0.0,0.0,0.0,0.0,0.0,0.0,0.0
709755,0.0,0.0,0.0,0.0,0.0,1.0,0.0
709779,0.0,0.0,0.0,0.0,1.0,2.0,0.0
710279,0.0,0.0,0.0,0.0,0.0,0.0,0.0
710413,0.0,0.0,0.0,0.0,0.0,1.0,0.0
710913,0.0,0.0,0.0,0.0,0.0,0.0,0.0
712627,0.0,0.0,0.0,0.0,0.0,1.0,0.0
713127,0.0,0.0,0.0,0.0,0.0,0.0,0.0
715139,0.0,0.0,0.0,0.0,0.0,1.0,0.0
715247,0.0,0.0,0.0,0.0,0.0,2.0,0.0
715747,0.0,0.0,0.0,0.0,0.0,0.0,0.0
717461,0.0,0.0,0.0,0.0,0.0,1.0,0.0
717961,0.0,0.0,0.0,0.0,0.0,0.0,0.0
720347,0.0,0.0,0.0,0.0,0.0,1.0,0.0
720847,0.0,0.0,0.0,0.0,0.0,0.0,0.0
721616,0.0,0.0,0.0,0.0,0.0,1.0,0.0
722116,0.0,0.0,0.0,0.0,0.0,0.0,0.0
722771,0.0,0.0,0.0,0.0,0.0,1.0,0.0
723271,0.0,0.0,0.0,0.0,0.0,0.0,0.0
724906,0.0,0.0,0.0,0.0,0.0,1.0,0.0
725406,0.0,0.0,0.0,0.0,0.0,0.0,0.0
725936,0.0,0.0,0.0,0.0,0.0,1.0,0.0
726436,0.0,0.0,0.0,0.0,0.0,0.0,0.0
726516,0.0,0.0,0.0,0.0,0.0,1.0,0.0
727016,0.0,0.0,0.0,0.0,0.0,0.0,0.0
728191,0.0,0.0,0.0,0.0,0.0,1.0,0.0
728691,0.0,0.0,0.0,0.0,0.0,0.0,0.0
729480,0.0,0.0,0.0,0.0,0.0,1.0,0.0
729980,0.0,0.0,0.0,0.0,0.0,0.0,0.0
730299,0.0,0.0,0.0,0.0,0.0,1.0,0.0
730799,0.0,0.0,0.0,0.0,0.0,0.0,0.0
731814,0.0,0.0,0.0,0.0,0.0,1.0,0.0
732314,0.0,0.0,0.0,0.0,0.0,0.0,0.0
739362,0.0,0.0,0.0,0.0,0.0,1.0,0.0
739862,0.0,0.0,0.0,0.0,0.0,0.0,0.0
745009,0.0,0.0,0.0,0.0,0.0,1.0,0.0
745011,0.0,0.0,0.0,0.0,0.0,2.0,0.0
745511,0.0,0.0,0.0,0.0,0.0,0.0,0.0
746468,0.0,0.0,0.0,0.0,0.0,1.0,0.0
746968,0.0,0.0,0.0,0.0,0.0,0.0,0.0
747348,0.0,0.0,0.0,0.0,0.0,1.0,0.0
747848,0.0,0.0,0.0,0.0,0.0,0.0,0.0
748527,0.0,0.0,0.0,0.0,0.0,1.0,0.0
749027,0.0,0.0,0.0,0.0,0.0,0.0,0.0
751037,0.0,0.0,0.0,0.0,0.0,1.0,0.0
751039,0.0,0.0,0.0,0.0,0.0,2.0,0.0
751539,0.0,0.0,0.0,0.0,0.0,0.0,0.0
756478,0.0,0.0,0.0,0.0,0.0,1.0,0.0
756978,0.0,0.0,0.0,0.0,0.0,0.0,0.0
767442,0.0,0.0,0.0,0.0,0.0,1.0,0.0
767942,0.0,0.0,0.0,0.0,0.0,0.0,0.0
769982,0.0,0.0,0.0,0.0,0.0,1.0,0.0
770482,0.0,0.0,0.0,0.0,0.0,0.0,0.0
771078,0.0,0.0,0.0,0.0,0.0,1.0,0.0
771578,0.0,0.0,0.0,0.0,0.0,0.0,0.0
771704,0.0,0.0,0.0,0.0,0.0,1.0,0.0
772204,0.0,0.0,0.0,0.0,0.0,0.0,0.0
773704,0.0,0.0,0.0,0.0,0.0,1.0,0.0
773710,0.0,0.0,0.0,0.0,0.0,2.0,0.0
774210,0.0,0.0,0.0,0.0,0.0,0.0,0.0
774236,0.0,0.0,0.0,0.0,0.0,1.0,0.0
774736,0.0,0.0,0.0,0.0,0.0,0.0,0.0
775328,0.0,0.0,0.0,0.0,0.0,1.0,0.0
775828,0.0,0.0,0.0,0.0,0.0,0.0,0.0
775942,0.0,0.0,0.0,0.0,0.0,1.0,0.0
776442,0.0,0.0,0.0,0.0,0.0,0.0,0.0
776520,0.0,0.0,0.0,0.0,0.0,1.0,0.0
776523,0.0,0.0,0.0,0.0,0.0,2.0,0.0
777023,0.0,0.0,0.0,0.0,0.0,0.0,0.0
779957,0.0,0.0,0.0,0.0,0.0,1.0,0.0
780457,0.0,0.0,0.0,0.0,0.0,0.0,0.0
781392,0.0,0.0,0.0,0.0,0.0,1.0,0.0
781892,0.0,0.0,0.0,0.0,0.0,0.0,0.0
782353,0.0,0.0,0.0,0.0,0.0,1.0,0.0
782853,0.0,0.0,0.0,0.0,0.0,0.0,0.0
785692,0.0,0.0,0.0,0.0,0.0,1.0,0.0
786192,0.0,0.0,0.0,0.0,0.0,0.0,0.0
787825,0.0,0.0,0.0,0.0,0.0,1.0,0.0
788325,0.0,0.0,0.0,0.0,0.0,0.0,0.0
788629,0.0,0.0,0.0,0.0,0.0,1.0,0.0
788961,0.0,0.0,0.0,0.0,0.0,2.0,0.0
789461,0.0,0.0,0.0,0.0,0.0,0.0,0.0
792802,0.0,0.0,0.0,0.0,0.0,1.0,0.0
793302,0.0,0.0,0.0,0.0,0.0,0.0,0.0
793465,0.0,0.0,0.0,0.0,0.0,1.0,0.0
793965,0.0,0.0,0.0,0.0,0.0,0.0,0.0
794927,0.0,0.0,0.0,0.0,0.0,1.0,0.0
795427,0.0,0.0,0.0,0.0,0.0,0.0,0.0
797566,0.0,0.0,0.0,0.0,0.0,1.0,0.0
798066,0.0,0.0,0.0,0.0,0.0,0.0,0.0
798622,0.0,0.0,0.0,0.0,0.0,1.0,0.0
799122,0.0,0.0,0.0,0.0,0.0,0.0,0.0
799661,0.0,0.0,0.0,0.0,0.0,1.0,0.0
800161,0.0,0.0,0.0,0.0,0.0,0.0,0.0
800229,0.0,0.0,0.0,0.0,0.0,1.0,0.0
800514,0.0,0.0,0.0,0.0,0.0,2.0,0.0
801014,0.0,0.0,0.0,0.0,0.0,0.0,0.0
802706,0.0,0.0,0.0,0.0,0.0,1.0,0.0
803206,0.0,0.0,0.0,0.0,0.0,0.0,0.0
803351,0.0,0.0,0.0,0.0,0.0,1.0,0.0
803353,0.0,0.0,0.0,0.0,0.0,2.0,0.0
803853,0.0,0.0,0.0,0.0,0.0,0.0,0.0
805312,0.0,0.0,0.0,0.0,0.0,1.0,0.0
805812,0.0,0.0,0.0,0.0,0.0,0.0,0.0
806215,0.0,0.0,0.0,0.0,0.0,1.0,0.0
806715,0.0,0.0,0.0,0.0,0.0,0.0,0.0
806885,0.0,0.0,0.0,0.0,0.0,1.0,0.0
807000,0.0,0.0,0.0,0.0,0.0,1.0,1.0
807404,0.0,0.0,0.0,0.0,0.0,2.0,1.0
807500,0.0,0.0,0.0,0.0,0.0,2.0,0.0
807583,2.0,0.0,0.0,0.0,0.0,2.0,0.0
807861,2.0,2.0,0.0,0.0,0.0,2.0,0.0
807904,2.0,2.0,0.0,0.0,0.0,0.0,0.0
807955,2.0,2.0,0.0,0.0,0.0,1.0,0.0
807957,2.0,2.0,0.0,0.0,0.0,2.0,0.0
808083,0.0,2.0,0.0,0.0,0.0,2.0,0.0
808093,0.0,2.0,0.0,0.0,1.0,2.0,0.0
808159,2.0,2.0,0.0,0.0,1.0,2.0,0.0
808191,2.0,2.0,0.0,0.0,2.0,2.0,0.0
808361,2.0,0.0,0.0,0.0,2.0,2.0,0.0
808457,2.0,0.0,0.0,0.0,2.0,0.0,0.0
808659,0.0,0.0,0.0,0.0,2.0,0.0,0.0
808691,0.0,0.0,0.0,0.0,0.0,0.0,0.0
809314,0.0,0.0,1.0,0.0,0.0,0.0,0.0
809322,0.0,0.0,1.0,0.0,0.0,1.0,0.0
809572,0.0,0.0,1.0,0.0,0.0,2.0,0.0
810072,0.0,0.0,1.0,0.0,0.0,0.0,0.0
810435,0.0,0.0,1.0,0.0,0.0,1.0,0.0
810925,0.0,0.0,2.0,0.0,0.0,1.0,0.0
810935,0.0,0.0,2.0,0.0,0.0,0.0,0.0
811171,0.0,0.0,2.0,0.0,0.0,1.0,0.0
811201,0.0,0.0,2.0,0.0,0.0,2.0,0.0
811425,0.0,0.0,0.0,0.0,0.0,2.0,0.0
811701,0.0,0.0,0.0,0.0,0.0,0.0,0.0
811704,0.0,0.0,0.0,0.0,0.0,1.0,0.0
812204,0.0,0.0,0.0,0.0,0.0,0.0,0.0
812350,0.0,0.0,0.0,0.0,0.0,1.0,0.0
812850,0.0,0.0,0.0,0.0,0.0,0.0,0.0
813026,0.0,0.0,0.0,0.0,0.0,1.0,0.0
813526,0.0,0.0,0.0,0.0,0.0,0.0,0.0
813987,0.0,0.0,0.0,0.0,0.0,1.0,0.0
814487,0.0,0.0,0.0,0.0,0.0,0.0,0.0
815511,0.0,0.0,0.0,0.0,0.0,1.0,0.0
816011,0.0,0.0,0.0,0.0,0.0,0.0,0.0
816184,0.0,0.0,0.0,0.0,0.0,1.0,0.0
816684,0.0,0.0,0.0,0.0,0.0,0.0,0.0
816981,0.0,0.0,0.0,0.0,0.0,1.0,0.0
817481,0.0,0.0,0.0,0.0,0.0,0.0,0.0
817522,0.0,0.0,0.0,0.0,0.0,1.0,0.0
818022,0.0,0.0,0.0,0.0,0.0,0.0,0.0
818547,0.0,0.0,0.0,0.0,0.0,1.0,0.0
819047,0.0,0.0,0.0,0.0,0.0,0.0,0.0
819527,0.0,0.0,0.0,0.0,0.0,1.0,0.0
819545,0.0,0.0,0.0,0.0,0.0,2.0,0.0
820045,0.0,0.0,0.0,0.0,0.0,0.0,0.0
820723,0.0,0.0,0.0,0.0,0.0,1.0,0.0
821223,0.0,0.0,0.0,0.0,0.0,0.0,0.0
821393,0.0,0.0,0.0,0.0,0.0,1.0,0.0
821893,0.0,0.0,0.0,0.0,0.0,0.0,0.0
822427,0.0,0.0,0.0,0.0,0.0,1.0,0.0
822468,0.0,0.0,0.0,0.0,0.0,2.0,0.0
822968,0.0,0.0,0.0,0.0,0.0,0.0,0.0
824726,0.0,0.0,0.0,0.0,0.0,1.0,0.0
824730,0.0,0.0,0.0,0.0,0.0,2.0,0.0
825230,0.0,0.0,0.0,0.0,0.0,0.0,0.0
825490,0.0,0.0,0.0,0.0,0.0,1.0,0.0
825990,0.0,0.0,0.0,0.0,0.0,0.0,0.0
826819,0.0,0.0,0.0,0.0,0.0,1.0,0.0
827319,0.0,0.0,0.0,0.0,0.0,0.0,0.0
827457,0.0,0.0,0.0,0.0,0.0,1.0,0.0
827487,0.0,0.0,0.0,0.0,0.0,2.0,0.0
827987,0.0,0.0,0.0,0.0,0.0,0.0,0.0
828054,0.0,0.0,0.0,0.0,0.0,1.0,0.0
828554,0.0,0.0,0.0,0.0,0.0,0.0,0.0
829050,0.0,0.0,0.0,0.0,0.0,1.0,0.0
829550,0.0,0.0,0.0,0.0,0.0,0.0,0.0
829791,0.0,0.0,0.0,0.0,0.0,1.0,0.0
829814,0.0,0.0,0.0,0.0,0.0,2.0,0.0
830215,0.0,2.0,0.0,0.0,0.0,2.0,0.0
830314,0.0,2.0,0.0,0.0,0.0,0.0,0.0
830618,0.0,2.0,0.0,0.0,0.0,1.0,0.0
830715,0.0,0.0,0.0,0.0,0.0,1.0,0.0
831118,0.0,0.0,0.0,0.0,0.0,0.0,0.0
831322,0.0,0.0,0.0,0.0,0.0,1.0,0.0
831822,0.0,0.0,0.0,0.0,0.0,0.0,0.0
832388,0.0,0.0,0.0,0.0,0.0,1.0,0.0
832888,0.0,0.0,0.0,0.0,0.0,0.0,0.0
833216,0.0,0.0,0.0,0.0,0.0,1.0,0.0
833602,0.0,2.0,0.0,0.0,0.0,1.0,0.0
833616,0.0,2.0,0.0,0.0,0.0,2.0,0.0
834102,0.0,0.0,0.0,0.0,0.0,2.0,0.0
834116,0.0,0.0,0.0,0.0,0.0,0.0,0.0
834673,0.0,0.0,0.0,0.0,0.0,1.0,0.0
834677,0.0,0.0,0.0,0.0,0.0,2.0,0.0
835177,0.0,0.0,0.0,0.0,0.0,0.0,0.0
835218,0.0,0.0,0.0,0.0,0.0,1.0,0.0
835227,0.0,0.0,0.0,0.0,0.0,2.0,0.0
835727,0.0,0.0,0.0,0.0,0.0,0.0,0.0
835734,0.0,0.0,1.0,0.0,0.0,0.0,0.0
835978,0.0,0.0,1.0,0.0,0.0,1.0,0.0
836014,0.0,0.0,1.0,0.0,0.0,2.0,0.0
836234,0.0,0.0,0.0,0.0,0.0,2.0,0.0
836514,0.0,0.0,0.0,0.0,0.0,0.0,0.0
836971,0.0,0.0,0.0,0.0,0.0,1.0,0.0
837471,0.0,0.0,0.0,0.0,0.0,0.0,0.0
837507,0.0,0.0,0.0,0.0,0.0,1.0,0.0
837628,0.0,0.0,1.0,0.0,0.0,1.0,0.0
838007,0.0,0.0,1.0,0.0,0.0,0.0,0.0
838611,0.0,0.0,1.0,0.0,0.0,1.0,0.0
839111,0.0,0.0,1.0,0.0,0.0,0.0,0.0
839324,0.0,0.0,1.0,0.0,0.0,1.0,0.0
839711,0.0,0.0,1.0,0.0,0.0,2.0,0.0
840211,0.0,0.0,1.0,0.0,0.0,0.0,0.0
840926,0.0,0.0,1.0,0.0,0.0,1.0,0.0
841128,0.0,0.0,0.0,0.0,0.0,1.0,0.0
841167,0.0,0.0,1.0,0.0,0.0,1.0,0.0
841426,0.0,0.0,1.0,0.0,0.0,0.0,0.0
841533,0.0,0.0,1.0,0.0,0.0,1.0,0.0
841815,0.0,0.0,1.0,0.0,0.0,2.0,0.0
842315,0.0,0.0,1.0,0.0,0.0,0.0,0.0
843793,0.0,0.0,1.0,0.0,0.0,1.0,0.0
844293,0.0,0.0,1.0,0.0,0.0,0.0,0.0
846393,0.0,0.0,1.0,0.0,0.0,1.0,0.0
846396,0.0,0.0,1.0,0.0,0.0,2.0,0.0
846896,0.0,0.0,1.0,0.0,0.0,0.0,0.0
847167,0.0,0.0,0.0,0.0,0.0,0.0,0.0
847619,0.0,0.0,0.0,0.0,0.0,1.0,0.0
847733,0.0,0.0,0.0,0.0,0.0,2.0,0.0
848233,0.0,0.0,0.0,0.0,0.0,0.0,0.0
848295,0.0,0.0,1.0,0.0,0.0,0.0,0.0
848795,0.0,0.0,0.0,0.0,0.0,0.0,0.0
848808,0.0,0.0,1.0,0.0,0.0,0.0,0.0
849262,0.0,0.0,1.0,0.0,0.0,1.0,0.0
849280,0.0,0.0,1.0,0.0,0.0,2.0,0.0
849780,0.0,0.0,1.0,0.0,0.0,0.0,0.0
850014,0.0,0.0,1.0,0.0,0.0,1.0,0.0
850514,0.0,0.0,1.0,0.0,0.0,0.0,0.0
851310,0.0,0.0,1.0,0.0,0.0,1.0,0.0
851810,0.0,0.0,1.0,0.0,0.0,0.0,0.0
851886,0.0,0.0,1.0,0.0,0.0,1.0,0.0
852386,0.0,0.0,1.0,0.0,0.0,0.0,0.0
853165,0.0,0.0,1.0,0.0,0.0,1.0,0.0
853665,0.0,0.0,1.0,0.0,0.0,0.0,0.0
853757,0.0,0.0,1.0,0.0,0.0,1.0,0.0
854260,0.0,0.0,1.0,0.0,0.0,2.0,0.0
854760,0.0,0.0,1.0,0.0,0.0,0.0,0.0
854808,0.0,0.0,0.0,0.0,0.0,0.0,0.0
854817,0.0,0.0,1.0,0.0,0.0,0.0,0.0
855298,0.0,0.0,1.0,0.0,0.0,1.0,0.0
855317,0.0,0.0,0.0,0.0,0.0,1.0,0.0
855473,0.0,0.0,0.0,0.0,0.0,2.0,0.0
855973,0.0,0.0,0.0,0.0,0.0,0.0,0.0
856134,0.0,0.0,0.0,0.0,0.0,1.0,0.0
856634,0.0,0.0,0.0,0.0,0.0,0.0,0.0
856667,0.0,0.0,0.0,0.0,0.0,1.0,0.0
856671,0.0,0.0,0.0,0.0,0.0,2.0,0.0
857171,0.0,0.0,0.0,0.0,0.0,0.0,0.0
857196,0.0,0.0,0.0,0.0,0.0,1.0,0.0
857696,0.0,0.0,0.0,0.0,0.0,0.0,0.0
858267,0.0,0.0,0.0,0.0,0.0,1.0,0.0
858767,0.0,0.0,0.0,0.0,0.0,0.0,0.0
858882,0.0,0.0,0.0,0.0,0.0,1.0,0.0
858886,0.0,0.0,0.0,0.0,0.0,2.0,0.0
859386,0.0,0.0,0.0,0.0,0.0,0.0,0.0
860712,0.0,0.0,0.0,0.0,0.0,1.0,0.0
861212,0.0,0.0,0.0,0.0,0.0,0.0,0.0
861308,0.0,0.0,0.0,0.0,0.0,1.0,0.0
861808,0.0,0.0,0.0,0.0,0.0,0.0,0.0
862265,0.0,0.0,0.0,0.0,0.0,1.0,0.0
862487,0.0,0.0,0.0,0.0,0.0,2.0,0.0
862987,0.0,0.0,0.0,0.0,0.0,0.0,0.0
863296,0.0,0.0,0.0,0.0,0.0,1.0,0.0
863796,0.0,0.0,0.0,0.0,0.0,0.0,0.0
865195,0.0,0.0,0.0,0.0,0.0,1.0,0.0
865203,0.0,0.0,0.0,0.0,0.0,2.0,0.0
865703,0.0,0.0,0.0,0.0,0.0,0.0,0.0
865904,0.0,0.0,0.0,0.0,0.0,1.0,0.0
866404,0.0,0.0,0.0,0.0,0.0,0.0,0.0
866696,0.0,0.0,0.0,0.0,0.0,1.0,0.0
867196,0.0,0.0,0.0,0.0,0.0,0.0,0.0
868144,0.0,0.0,0.0,0.0,0.0,1.0,0.0
868147,0.0,0.0,0.0,0.0,0.0,2.0,0.0
868647,0.0,0.0,0.0,0.0,0.0,0.0,0.0
869258,0.0,0.0,0.0,0.0,0.0,1.0,0.0
869758,0.0,0.0,0.0,0.0,0.0,0.0,0.0
871610,0.0,0.0,0.0,0.0,0.0,1.0,0.0
871615,0.0,0.0,0.0,0.0,1.0,1.0,0.0
871639,0.0,0.0,0.0,0.0,1.0,2.0,0.0
871641,0.0,0.0,0.0,0.0,2.0,2.0,0.0
872139,0.0,0.0,0.0,0.0,2.0,0.0,0.0
872141,0.0,0.0,0.0,0.0,0.0,0.0,0.0
872438,0.0,0.0,0.0,0.0,0.0,1.0,0.0
872453,0.0,0.0,0.0,0.0,0.0,2.0,0.0
872487,0.0,2.0,0.0,0.0,0.0,2.0,0.0
872953,0.0,2.0,0.0,0.0,0.0,0.0,0.0
872987,0.0,0.0,0.0,0.0,0.0,0.0,0.0
872998,0.0,0.0,0.0,0.0,0.0,1.0,0.0
873052,0.0,0.0,0.0,0.0,0.0,2.0,0.0
873552,0.0,0.0,0.0,0.0,0.0,0.0,0.0
873868,0.0,0.0,0.0,0.0,0.0,1.0,0.0
874368,0.0,0.0,0.0,0.0,0.0,0.0,0.0
874453,0.0,0.0,0.0,0.0,0.0,1.0,0.0
874953,0.0,0.0,0.0,0.0,0.0,0.0,0.0
875234,0.0,0.0,0.0,0.0,0.0,1.0,0.0
875237,0.0,0.0,0.0,0.0,0.0,2.0,0.0
875288,0.0,0.0,0.0,0.0,1.0,2.0,0.0
875737,0.0,0.0,0.0,0.0,1.0,0.0,0.0
875788,0.0,0.0,0.0,0.0,0.0,0.0,0.0
877599,0.0,0.0,0.0,0.0,0.0,1.0,0.0
878099,0.0,0.0,0.0,0.0,0.0,0.0,0.0
878519,0.0,0.0,0.0,0.0,0.0,1.0,0.0
878602,0.0,0.0,0.0,0.0,0.0,2.0,0.0
879102,0.0,0.0,0.0,0.0,0.0,0.0,0.0
879684,0.0,0.0,0.0,0.0,0.0,1.0,0.0
880184,0.0,0.0,0.0,0.0,0.0,0.0,0.0
880820,0.0,0.0,0.0,0.0,0.0,1.0,0.0
881320,0.0,0.0,0.0,0.0,0.0,0.0,0.0
881380,0.0,0.0,0.0,0.0,0.0,1.0,0.0
881383,0.0,0.0,0.0,0.0,0.0,2.0,0.0
881883,0.0,0.0,0.0,0.0,0.0,0.0,0.0
881889,0.0,0.0,0.0,0.0,0.0,1.0,0.0
882389,0.0,0.0,0.0,0.0,0.0,0.0,0.0
882458,0.0,0.0,0.0,0.0,0.0,1.0,0.0
882958,0.0,0.0,0.0,0.0,0.0,0.0,0.0
882983,0.0,0.0,0.0,0.0,0.0,1.0,0.0
883483,0.0,0.0,0.0,0.0,0.0,0.0,0.0
883504,0.0,0.0,0.0,0.0,0.0,1.0,0.0
884004,0.0,0.0,0.0,0.0,0.0,0.0,0.0
884317,0.0,0.0,0.0,0.0,0.0,1.0,0.0
884817,0.0,0.0,0.0,0.0,0.0,0.0,0.0
884928,0.0,0.0,0.0,0.0,0.0,1.0,0.0
884934,0.0,0.0,0.0,0.0,0.0,2.0,0.0
885434,0.0,0.0,0.0,0.0,0.0,0.0,0.0
885583,0.0,0.0,0.0,0.0,0.0,1.0,0.0
886083,0.0,0.0,0.0,0.0,0.0,0.0,0.0
886085,0.0,0.0,0.0,0.0,0.0,1.0,0.0
886088,0.0,0.0,0.0,0.0,0.0,2.0,0.0
886588,0.0,0.0,0.0,0.0,0.0,0.0,0.0
886719,0.0,0.0,0.0,0.0,0.0,1.0,0.0
886732,0.0,0.0,0.0,0.0,0.0,2.0,0.0
887232,0.0,0.0,0.0,0.0,0.0,0.0,0.0
887271,0.0,0.0,0.0,0.0,0.0,1.0,0.0
887771,0.0,0.0,0.0,0.0,0.0,0.0,0.0
888094,0.0,0.0,0.0,0.0,0.0,1.0,0.0
888594,0.0,0.0,0.0,0.0,0.0,0.0,0.0
889220,0.0,0.0,0.0,0.0,0.0,1.0,0.0
889720,0.0,0.0,0.0,0.0,0.0,0.0,0.0
889732,0.0,0.0,0.0,0.0,0.0,1.0,0.0
890000,0.0,0.0,0.0,0.0,0.0,2.0,0.0
890500,0.0,0.0,0.0,0.0,0.0,0.0,0.0
890503,0.0,0.0,0.0,0.0,0.0,1.0,0.0
891003,0.0,0.0,0.0,0.0,0.0,0.0,0.0
891277,0.0,0.0,0.0,0.0,0.0,1.0,0.0
891777,0.0,0.0,0.0,0.0,0.0,0.0,0.0
891928,0.0,0.0,0.0,0.0,0.0,1.0,0.0
892428,0.0,0.0,0.0,0.0,0.0,0.0,0.0
893198,0.0,0.0,0.0,0.0,0.0,1.0,0.0
893698,0.0,0.0,0.0,0.0,0.0,0.0,0.0
893791,0.0,0.0,0.0,0.0,0.0,1.0,0.0
893880,0.0,0.0,0.0,0.0,0.0,2.0,0.0
894380,0.0,0.0,0.0,0.0,0.0,0.0,0.0
894519,0.0,0.0,0.0,0.0,0.0,1.0,0.0
894985,0.0,0.0,0.0,0.0,0.0,2.0,0.0
895485,0.0,0.0,0.0,0.0,0.0,0.0,0.0
895625,0.0,0.0,0.0,0.0,0.0,1.0,0.0
895645,0.0,0.0,0.0,0.0,0.0,2.0,0.0
896145,0.0,0.0,0.0,0.0,0.0,0.0,0.0
896340,0.0,0.0,0.0,0.0,0.0,1.0,0.0
896538,0.0,0.0,0.0,0.0,0.0,2.0,0.0
897038,0.0,0.0,0.0,0.0,0.0,0.0,0.0
897616,0.0,0.0,0.0,0.0,0.0,1.0,0.0
897826,0.0,0.0,0.0,0.0,0.0,2.0,0.0
898326,0.0,0.0,0.0,0.0,0.0,0.0,0.0
898781,0.0,0.0,0.0,0.0,0.0,1.0,0.0
899239,0.0,0.0,0.0,0.0,0.0,2.0,0.0
899739,0.0,0.0,0.0,0.0,0.0,0.0,0.0
899870,0.0,0.0,0.0,0.0,0.0,1.0,0.0
900060,0.0,0.0,0.0,0.0,0.0,2.0,0.0
900560,0.0,0.0,0.0,0.0,0.0,0.0,0.0
901517,0.0,0.0,0.0,0.0,0.0,1.0,0.0
902017,0.0,0.0,0.0,0.0,0.0,0.0,0.0
902214,0.0,0.0,0.0,0.0,0.0,1.0,0.0
902714,0.0,0.0,0.0,0.0,0.0,0.0,0.0
903145,0.0,0.0,0.0,0.0,0.0,1.0,0.0
903645,0.0,0.0,0.0,0.0,0.0,0.0,0.0
904389,0.0,0.0,0.0,0.0,0.0,1.0,0.0
904889,0.0,0.0,0.0,0.0,0.0,0.0,0.0
905282,0.0,0.0,0.0,0.0,0.0,1.0,0.0
905782,0.0,0.0,0.0,0.0,0.0,0.0,0.0
906033,0.0,0.0,0.0,0.0,0.0,1.0,0.0
906533,0.0,0.0,0.0,0.0,0.0,0.0,0.0
907669,0.0,0.0,0.0,0.0,0.0,1.0,0.0
907821,0.0,0.0,0.0,0.0,0.0,2.0,0.0
908321,0.0,0.0,0.0,0.0,0.0,0.0,0.0
910264,0.0,0.0,0.0,0.0,0.0,1.0,0.0
910274,0.0,0.0,0.0,0.0,0.0,2.0,0.0
910774,0.0,0.0,0.0,0.0,0.0,0.0,0.0
910910,0.0,0.0,0.0,0.0,0.0,1.0,0.0
910912,0.0,0.0,0.0,0.0,0.0,2.0,0.0
911412,0.0,0.0,0.0,0.0,0.0,0.0,0.0
921281,0.0,0.0,0.0,0.0,0.0,1.0,0.0
921781,0.0,0.0,0.0,0.0,0.0,0.0,0.0
924919,0.0,0.0,0.0,0.0,0.0,1.0,0.0
925419,0.0,0.0,0.0,0.0,0.0,0.0,0.0
928539,0.0,0.0,0.0,0.0,0.0,1.0,0.0
929039,0.0,0.0,0.0,0.0,0.0,0.0,0.0
929599,0.0,0.0,0.0,0.0,0.0,1.0,0.0
930099,0.0,0.0,0.0,0.0,0.0,0.0,0.0
931320,0.0,0.0,0.0,0.0,0.0,1.0,0.0
931325,0.0,0.0,0.0,0.0,0.0,2.0,0.0
931825,0.0,0.0,0.0,0.0,0.0,0.0,0.0
934711,0.0,0.0,0.0,0.0,0.0,1.0,0.0
935211,0.0,0.0,0.0,0.0,0.0,0.0,0.0
937702,0.0,0.0,0.0,0.0,0.0,1.0,0.0
937705,0.0,0.0,0.0,0.0,0.0,2.0,0.0
938205,0.0,0.0,0.0,0.0,0.0,0.0,0.0
940120,0.0,0.0,0.0,0.0,0.0,1.0,0.0
940620,0.0,0.0,0.0,0.0,0.0,0.0,0.0
941138,0.0,0.0,0.0,0.0,0.0,1.0,0.0
941638,0.0,0.0,0.0,0.0,0.0,0.0,0.0
941778,0.0,0.0,0.0,0.0,0.0,1.0,0.0
942278,0.0,0.0,0.0,0.0,0.0,0.0,0.0
948661,0.0,0.0,0.0,0.0,0.0,1.0,0.0
949161,0.0,0.0,0.0,0.0,0.0,0.0,0.0
949198,0.0,0.0,0.0,0.0,0.0,1.0,0.0
949698,0.0,0.0,0.0,0.0,0.0,0.0,0.0
949769,0.0,0.0,0.0,0.0,0.0,1.0,0.0
950269,0.0,0.0,0.0,0.0,0.0,0.0,0.0
950572,0.0,0.0,0.0,0.0,0.0,1.0,0.0
951072,0.0,0.0,0.0,0.0,0.0,0.0,0.0
952111,0.0,0.0,0.0,0.0,1.0,0.0,0.0
952136,0.0,0.0,0.0,0.0,1.0,1.0,0.0
952138,0.0,0.0,0.0,0.0,1.0,2.0,0.0
952611,0.0,0.0,0.0,0.0,0.0,2.0,0.0
952638,0.0,0.0,0.0,0.0,0.0,0.0,0.0
954398,0.0,0.0,0.0,0.0,0.0,1.0,0.0
954898,0.0,0.0,0.0,0.0,0.0,0.0,0.0
957162,0.0,0.0,0.0,0.0,0.0,1.0,0.0
957662,0.0,0.0,0.0,0.0,0.0,0.0,0.0
957710,0.0,0.0,0.0,0.0,0.0,1.0,0.0
957714,0.0,0.0,0.0,0.0,0.0,2.0,0.0
958214,0.0,0.0,0.0,0.0,0.0,0.0,0.0
963044,0.0,0.0,0.0,0.0,1.0,0.0,0.0
963344,0.0,0.0,0.0,0.0,1.0,1.0,0.0
963544,0.0,0.0,0.0,0.0,0.0,1.0,0.0
963844,0.0,0.0,0.0,0.0,0.0,0.0,0.0
965785,0.0,0.0,0.0,0.0,1.0,1.0,0.0
966285,0.0,0.0,0.0,0.0,0.0,0.0,0.0
966586,0.0,0.0,0.0,0.0,0.0,1.0,0.0
967086,0.0,0.0,0.0,0.0,0.0,0.0,0.0
968411,0.0,0.0,0.0,0.0,0.0,1.0,0.0
968911,0.0,0.0,0.0,0.0,0.0,0.0,0.0
969214,0.0,0.0,0.0,0.0,0.0,1.0,0.0
969714,0.0,0.0,0.0,0.0,0.0,0.0,0.0
971331,0.0,0.0,0.0,0.0,0.0,1.0,0.0
971831,0.0,0.0,0.0,0.0,0.0,0.0,0.0
972701,0.0,0.0,0.0,0.0,0.0,1.0,0.0
973201,0.0,0.0,0.0,0.0,0.0,0.0,0.0
975450,0.0,0.0,0.0,0.0,0.0,1.0,0.0
975950,0.0,0.0,0.0,0.0,0.0,0.0,0.0
976773,0.0,0.0,0.0,0.0,0.0,1.0,0.0
977273,0.0,0.0,0.0,0.0,0.0,0.0,0.0
981966,0.0,0.0,0.0,0.0,0.0,1.0,0.0
982466,0.0,0.0,0.0,0.0,0.0,0.0,0.0
982529,0.0,0.0,0.0,0.0,0.0,1.0,0.0
983029,0.0,0.0,0.0,0.0,0.0,0.0,0.0
984926,0.0,0.0,0.0,0.0,0.0,1.0,0.0
985426,0.0,0.0,0.0,0.0,0.0,0.0,0.0
986919,0.0,0.0,0.0,0.0,0.0,1.0,0.0
987419,0.0,0.0,0.0,0.0,0.0,0.0,0.0
987669,0.0,0.0,0.0,0.0,0.0,1.0,0.0
988169,0.0,0.0,0.0,0.0,0.0,0.0,0.0
990047,0.0,0.0,0.0,0.0,0.0,1.0,0.0
990547,0.0,0.0,0.0,0.0,0.0,0.0,0.0
991688,0.0,0.0,0.0,0.0,0.0,1.0,0.0
992188,0.0,0.0,0.0,0.0,0.0,0.0,0.0
993659,0.0,0.0,0.0,0.0,0.0,1.0,0.0
994159,0.0,0.0,0.0,0.0,0.0,0.0,0.0
994660,0.0,0.0,0.0,0.0,0.0,1.0,0.0
994922,0.0,0.0,0.0,0.0,0.0,2.0,0.0
995422,0.0,0.0,0.0,0.0,0.0,0.0,0.0
996244,0.0,0.0,0.0,0.0,0.0,1.0,0.0
996744,0.0,0.0,0.0,0.0,0.0,0.0,0.0
999417,0.0,0.0,0.0,0.0,0.0,1.0,0.0
999917,0.0,0.0,0.0,0.0,0.0,0.0,0.0
1002061,0.0,0.0,0.0,0.0,0.0,1.0,0.0
1002561,0.0,0.0,0.0,0.0,0.0,0.0,0.0
1003126,0.0,0.0,0.0,0.0,0.0,1.0,0.0
1003626,0.0,0.0,0.0,0.0,0.0,0.0,0.0
1004001,0.0,0.0,0.0,0.0,0.0,1.0,0.0
1004501,0.0,0.0,0.0,0.0,0.0,0.0,0.0
1005397,0.0,0.0,0.0,0.0,0.0,1.0,0.0
1005897,0.0,0.0,0.0,0.0,0.0,0.0,0.0
1006286,0.0,0.0,0.0,0.0,0.0,1.0,0.0
1006287,0.0,0.0,0.0,0.0,0.0,2.0,0.0
1006787,0.0,0.0,0.0,0.0,0.0,0.0,0.0
1008092,0.0,0.0,0.0,0.0,0.0,1.0,0.0
1008592,0.0,0.0,0.0,0.0,0.0,0.0,0.0
1009000,0.0,0.0,0.0,0.0,0.0,0.0,1.0
1009280,0.0,0.0,0.0,0.0,0.0,1.0,1.0
1009500,0.0,0.0,0.0,0.0,0.0,1.0,0.0
1009544,0.0,0.0,0.0,0.0,0.0,2.0,0.0
1009599,2.0,0.0,0.0,0.0,0.0,2.0,0.0
1009655,2.0,0.0,0.0,0.0,1.0,2.0,0.0
1009702,2.0,0.0,0.0,0.0,2.0,2.0,0.0
1009797,2.0,2.0,0.0,0.0,2.0,2.0,0.0
1010044,2.0,2.0,0.0,0.0,2.0,0.0,0.0
1010099,0.0,2.0,0.0,0.0,2.0,0.0,0.0
1010202,0.0,2.0,0.0,0.0,0.0,0.0,0.0
1010255,0.0,2.0,0.0,0.0,0.0,1.0,0.0
1010297,0.0,0.0,0.0,0.0,0.0,1.0,0.0
1010431,2.0,0.0,0.0,0.0,0.0,1.0,0.0
1010531,2.0,0.0,0.0,0.0,0.0,2.0,0.0
1010896,2.0,0.0,0.0,0.0,1.0,2.0,0.0
1010931,0.0,0.0,0.0,0.0,1.0,2.0,0.0
1011031,0.0,0.0,0.0,0.0,1.0,0.0,0.0
1011047,0.0,0.0,1.0,0.0,1.0,0.0,0.0
1011197,0.0,0.0,1.0,0.0,1.0,1.0,0.0
1011295,2.0,0.0,1.0,0.0,1.0,1.0,0.0
1011697,2.0,0.0,1.0,0.0,1.0,0.0,0.0
1011795,0.0,0.0,1.0,0.0,1.0,0.0,0.0
1012234,0.0,0.0,1.0,0.0,1.0,1.0,0.0
1012391,0.0,0.0,2.0,0.0,1.0,1.0,0.0
1012734,0.0,0.0,2.0,0.0,1.0,0.0,0.0
1012891,0.0,0.0,1.0,0.0,1.0,0.0,0.0
1012958,0.0,0.0,1.0,0.0,1.0,1.0,0.0
1013202,0.0,0.0,1.0,0.0,1.0,2.0,0.0
1013702,0.0,0.0,1.0,0.0,1.0,0.0,0.0
1015015,0.0,0.0,1.0,0.0,1.0,1.0,0.0
1015419,0.0,0.0,1.0,0.0,1.0,2.0,0.0
1015919,0.0,0.0,1.0,0.0,1.0,0.0,0.0
1016001,0.0,0.0,1.0,0.0,1.0,1.0,0.0
1017001,0.0,0.0,1.0,0.0,1.0,0.0,0.0
1017292,0.0,0.0,1.0,0.0,1.0,1.0,0.0
1017792,0.0,0.0,1.0,0.0,1.0,0.0,0.0
1018237,0.0,0.0,1.0,0.0,1.0,1.0,0.0
1018737,0.0,0.0,1.0,0.0,1.0,0.0,0.0
1019059,0.0,0.0,1.0,0.0,1.0,1.0,0.0
1019559,0.0,0.0,1.0,0.0,1.0,0.0,0.0
1019662,0.0,0.0,1.0,0.0,1.0,1.0,0.0
1020162,0.0,0.0,1.0,0.0,1.0,0.0,0.0
1020390,0.0,0.0,1.0,0.0,1.0,1.0,0.0
1020890,0.0,0.0,1.0,0.0,1.0,0.0,0.0
1021393,0.0,0.0,1.0,0.0,1.0,1.0,0.0
1021767,0.0,0.0,1.0,0.0,1.0,2.0,0.0
1022267,0.0,0.0,1.0,0.0,1.0,0.0,0.0
1022417,0.0,0.0,1.0,0.0,1.0,1.0,0.0
1022719,0.0,0.0,1.0,0.0,1.0,2.0,0.0
1023219,0.0,0.0,1.0,0.0,1.0,0.0,0.0
1024064,0.0,0.0,1.0,0.0,1.0,1.0,0.0
1024068,0.0,0.0,1.0,0.0,1.0,2.0,0.0
1024568,0.0,0.0,1.0,0.0,1.0,0.0,0.0
1024631,0.0,0.0,1.0,0.0,1.0,1.0,0.0
1024751,0.0,0.0,1.0,0.0,1.0,2.0,0.0
1025251,0.0,0.0,1.0,0.0,1.0,0.0,0.0
1025394,0.0,0.0,1.0,0.0,1.0,1.0,0.0
1025894,0.0,0.0,1.0,0.0,1.0,0.0,0.0
1026247,0.0,0.0,1.0,0.0,1.0,1.0,0.0
1026747,0.0,0.0,1.0,0.0,1.0,0.0,0.0
1027396,0.0,0.0,1.0,0.0,0.0,0.0,0.0
1027423,0.0,0.0,1.0,0.0,0.0,1.0,0.0
1027502,0.0,0.0,1.0,0.0,0.0,2.0,0.0
1028002,0.0,0.0,1.0,0.0,0.0,0.0,0.0
1028631,0.0,0.0,1.0,0.0,0.0,1.0,0.0
1028672,0.0,0.0,1.0,0.0,0.0,2.0,0.0
1029172,0.0,0.0,1.0,0.0,0.0,0.0,0.0
1029421,0.0,0.0,1.0,0.0,0.0,1.0,0.0
1029431,0.0,0.0,1.0,0.0,0.0,2.0,0.0
1029931,0.0,0.0,1.0,0.0,0.0,0.0,0.0
1030303,0.0,0.0,1.0,0.0,0.0,1.0,0.0
1030803,0.0,0.0,1.0,0.0,0.0,0.0,0.0
1030834,0.0,0.0,1.0,0.0,0.0,1.0,0.0
1030837,0.0,0.0,1.0,0.0,0.0,2.0,0.0
1031337,0.0,0.0,1.0,0.0,0.0,0.0,0.0
1031609,0.0,0.0,1.0,0.0,0.0,1.0,0.0
1032109,0.0,0.0,1.0,0.0,0.0,0.0,0.0
1033351,0.0,0.0,1.0,0.0,0.0,1.0,0.0
1033731,0.0,0.0,1.0,0.0,0.0,2.0,0.0
1034231,0.0,0.0,1.0,0.0,0.0,0.0,0.0
1034408,0.0,0.0,1.0,0.0,0.0,1.0,0.0
1034908,0.0,0.0,1.0,0.0,0.0,0.0,0.0
1034983,0.0,0.0,1.0,0.0,0.0,1.0,0.0
1035015,0.0,0.0,1.0,0.0,0.0,2.0,0.0
1035515,0.0,0.0,1.0,0.0,0.0,0.0,0.0
1035919,0.0,0.0,1.0,0.0,0.0,1.0,0.0
1035925,0.0,0.0,1.0,0.0,0.0,2.0,0.0
1036425,0.0,0.0,1.0,0.0,0.0,0.0,0.0
1036464,0.0,0.0,1.0,0.0,0.0,1.0,0.0
1036467,0.0,0.0,1.0,0.0,0.0,2.0,0.0
1036967,0.0,0.0,1.0,0.0,0.0,0.0,0.0
1037277,0.0,0.0,1.0,0.0,0.0,1.0,0.0
1037283,0.0,0.0,1.0,0.0,0.0,2.0,0.0
1037783,0.0,0.0,1.0,0.0,0.0,0.0,0.0
1038388,0.0,0.0,1.0,0.0,0.0,1.0,0.0
1038864,0.0,0.0,1.0,0.0,0.0,2.0,0.0
1039364,0.0,0.0,1.0,0.0,0.0,0.0,0.0
1040363,0.0,0.0,1.0,0.0,0.0,1.0,0.0
1040863,0.0,0.0,1.0,0.0,0.0,0.0,0.0
1041433,0.0,0.0,1.0,0.0,0.0,1.0,0.0
1041451,0.0,0.0,1.0,0.0,0.0,2.0,0.0
1041951,0.0,0.0,1.0,0.0,0.0,0.0,0.0
1042058,0.0,0.0,1.0,0.0,0.0,1.0,0.0
1042558,0.0,0.0,1.0,0.0,0.0,0.0,0.0
1042914,0.0,0.0,1.0,0.0,0.0,1.0,0.0
1043414,0.0,0.0,1.0,0.0,0.0,0.0,0.0
1043581,0.0,0.0,1.0,0.0,0.0,1.0,0.0
1043660,0.0,0.0,1.0,0.0,0.0,2.0,0.0
1044160,0.0,0.0,1.0,0.0,0.0,0.0,0.0
1044486,0.0,0.0,1.0,0.0,0.0,1.0,0.0
1044505,0.0,0.0,1.0,0.0,0.0,2.0,0.0
1045005,0.0,0.0,1.0,0.0,0.0,0.0,0.0
1045014,0.0,0.0,1.0,0.0,0.0,1.0,0.0
1045225,0.0,0.0,1.0,0.0,0.0,2.0,0.0
1045725,0.0,0.0,1.0,0.0,0.0,0.0,0.0
1045848,0.0,0.0,1.0,0.0,0.0,1.0,0.0
1046348,0.0,0.0,1.0,0.0,0.0,0.0,0.0
1046642,0.0,0.0,1.0,0.0,0.0,1.0,0.0
1046851,0.0,0.0,1.0,0.0,0.0,2.0,0.0
1047351,0.0,0.0,1.0,0.0,0.0,0.0,0.0
1048205,0.0,0.0,1.0,0.0,0.0,1.0,0.0
1048705,0.0,0.0,1.0,0.0,0.0,0.0,0.0
1049908,0.0,0.0,1.0,0.0,0.0,1.0,0.0
1050408,0.0,0.0,1.0,0.0,0.0,0.0,0.0
1052021,0.0,0.0,1.0,0.0,0.0,1.0,0.0
1052521,0.0,0.0,1.0,0.0,0.0,0.0,0.0
1052554,0.0,0.0,1.0,0.0,0.0,1.0,0.0
1053054,0.0,0.0,1.0,0.0,0.0,0.0,0.0
1053127,0.0,0.0,1.0,0.0,0.0,1.0,0.0
1053330,0.0,0.0,1.0,0.0,0.0,2.0,0.0
1053830,0.0,0.0,1.0,0.0,0.0,0.0,0.0
1053921,0.0,0.0,1.0,0.0,0.0,1.0,0.0
1054421,0.0,0.0,1.0,0.0,0.0,0.0,0.0
1054826,0.0,0.0,1.0,0.0,0.0,1.0,0.0
1055326,0.0,0.0,1.0,0.0,0.0,0.0,0.0
1055428,0.0,0.0,1.0,0.0,0.0,1.0,0.0
1055431,0.0,0.0,1.0,0.0,0.0,2.0,0.0
1055931,0.0,0.0,1.0,0.0,0.0,0.0,0.0
1056102,0.0,0.0,1.0,0.0,0.0,1.0,0.0
1056602,0.0,0.0,1.0,0.0,0.0,0.0,0.0
1056626,0.0,0.0,1.0,0.0,0.0,1.0,0.0
1056867,0.0,2.0,1.0,0.0,0.0,1.0,0.0
1057126,0.0,2.0,1.0,0.0,0.0,0.0,0.0
1057367,0.0,0.0,1.0,0.0,0.0,0.0,0.0
1057436,0.0,0.0,1.0,0.0,0.0,1.0,0.0
1057936,0.0,0.0,1.0,0.0,0.0,0.0,0.0
1058505,0.0,0.0,1.0,0.0,0.0,1.0,0.0
1059005,0.0,0.0,1.0,0.0,0.0,0.0,0.0
1059059,0.0,0.0,1.0,0.0,0.0,1.0,0.0
1059559,0.0,0.0,1.0,0.0,0.0,0.0,0.0
1061450,0.0,0.0,1.0,0.0,0.0,1.0,0.0
1061454,0.0,0.0,1.0,0.0,0.0,2.0,0.0
1061954,0.0,0.0,1.0,0.0,0.0,0.0,0.0
1062118,0.0,0.0,1.0,0.0,0.0,1.0,0.0
1062618,0.0,0.0,1.0,0.0,0.0,0.0,0.0
1063174,0.0,0.0,1.0,0.0,0.0,1.0,0.0
1063178,0.0,0.0,1.0,0.0,1.0,2.0,0.0
1063678,0.0,0.0,1.0,0.0,0.0,0.0,0.0
1064106,0.0,0.0,1.0,0.0,0.0,1.0,0.0
1064280,0.0,0.0,1.0,0.0,0.0,2.0,0.0
1064780,0.0,0.0,1.0,0.0,0.0,1.0,0.0
1064917,0.0,0.0,1.0,0.0,0.0,2.0,0.0
1065417,0.0,0.0,1.0,0.0,0.0,0.0,0.0
1066605,0.0,0.0,1.0,0.0,0.0,1.0,0.0
1067105,0.0,0.0,1.0,0.0,0.0,0.0,0.0
1067863,0.0,0.0,1.0,0.0,0.0,1.0,0.0
1067894,0.0,0.0,1.0,0.0,0.0,2.0,0.0
1068032,0.0,0.0,1.0,0.0,1.0,2.0,0.0
1068394,0.0,0.0,1.0,0.0,1.0,1.0,0.0
1068435,0.0,0.0,1.0,0.0,1.0,2.0,0.0
1068532,0.0,0.0,1.0,0.0,0.0,2.0,0.0
1068935,0.0,0.0,1.0,0.0,0.0,0.0,0.0
1069066,0.0,0.0,1.0,0.0,0.0,1.0,0.0
1069566,0.0,0.0,1.0,0.0,0.0,0.0,0.0
1069814,0.0,0.0,1.0,0.0,0.0,1.0,0.0
1070314,0.0,0.0,1.0,0.0,0.0,0.0,0.0
1071136,0.0,0.0,1.0,0.0,0.0,1.0,0.0
1071636,0.0,0.0,1.0,0.0,0.0,0.0,0.0
1072990,0.0,0.0,1.0,0.0,0.0,1.0,0.0
1073490,0.0,0.0,1.0,0.0,0.0,0.0,0.0
1073566,0.0,0.0,1.0,0.0,0.0,1.0,0.0
1073601,0.0,0.0,1.0,0.0,0.0,2.0,0.0
1074101,0.0,0.0,1.0,0.0,0.0,0.0,0.0
1076279,0.0,0.0,1.0,0.0,0.0,1.0,0.0
1076779,0.0,0.0,1.0,0.0,0.0,0.0,0.0
1077085,0.0,0.0,1.0,0.0,0.0,1.0,0.0
1077585,0.0,0.0,1.0,0.0,0.0,0.0,0.0
1078512,0.0,0.0,1.0,0.0,0.0,1.0,0.0
1079012,0.0,0.0,1.0,0.0,0.0,0.0,0.0
1079559,0.0,0.0,1.0,0.0,0.0,1.0,0.0
1080059,0.0,0.0,1.0,0.0,0.0,0.0,0.0
1081250,0.0,0.0,1.0,0.0,0.0,1.0,0.0
1081379,0.0,0.0,1.0,0.0,0.0,2.0,0.0
1081879,0.0,0.0,1.0,0.0,0.0,0.0,0.0
1082124,0.0,0.0,1.0,0.0,0.0,1.0,0.0
1082624,0.0,0.0,1.0,0.0,0.0,0.0,0.0
1082803,0.0,0.0,1.0,0.0,0.0,1.0,0.0
1083303,0.0,0.0,1.0,0.0,0.0,0.0,0.0
1083627,0.0,0.0,1.0,0.0,0.0,1.0,0.0
1084127,0.0,0.0,1.0,0.0,0.0,0.0,0.0
1084738,0.0,0.0,1.0,0.0,0.0,1.0,0.0
1084741,0.0,0.0,1.0,0.0,0.0,2.0,0.0
1085241,0.0,0.0,1.0,0.0,0.0,0.0,0.0
1085460,0.0,0.0,1.0,0.0,0.0,1.0,0.0
1085463,0.0,0.0,1.0,0.0,0.0,2.0,0.0
1085963,0.0,0.0,1.0,0.0,0.0,0.0,0.0
1086772,0.0,0.0,1.0,0.0,0.0,1.0,0.0
1087315,0.0,0.0,1.0,0.0,0.0,2.0,0.0
1087815,0.0,0.0,1.0,0.0,0.0,0.0,0.0
1088168,0.0,0.0,1.0,0.0,0.0,1.0,0.0
1088668,0.0,0.0,1.0,0.0,0.0,0.0,0.0
1088694,0.0,0.0,1.0,0.0,0.0,1.0,0.0
1089166,0.0,0.0,1.0,0.0,0.0,2.0,0.0
1089666,0.0,0.0,1.0,0.0,0.0,0.0,0.0
1090542,0.0,0.0,1.0,0.0,0.0,1.0,0.0
1091042,0.0,0.0,1.0,0.0,0.0,0.0,0.0
1091641,0.0,0.0,1.0,0.0,0.0,1.0,0.0
1092141,0.0,0.0,1.0,0.0,0.0,0.0,0.0
1093009,0.0,0.0,1.0,0.0,0.0,1.0,0.0
1093509,0.0,0.0,1.0,0.0,0.0,0.0,0.0
1093898,0.0,0.0,1.0,0.0,0.0,1.0,0.0
1094398,0.0,0.0,1.0,0.0,0.0,0.0,0.0
1095044,0.0,0.0,1.0,0.0,0.0,1.0,0.0
1095152,0.0,0.0,1.0,0.0,0.0,2.0,0.0
1095652,0.0,0.0,1.0,0.0,0.0,0.0,0.0
1096371,0.0,0.0,1.0,0.0,0.0,1.0,0.0
1097371,0.0,0.0,1.0,0.0,0.0,0.0,0.0
1097541,0.0,0.0,1.0,0.0,0.0,1.0,0.0
1098041,0.0,0.0,1.0,0.0,0.0,0.0,0.0
1098990,0.0,0.0,1.0,0.0,0.0,1.0,0.0
1099490,0.0,0.0,1.0,0.0,0.0,0.0,0.0
1101631,0.0,0.0,1.0,0.0,0.0,1.0,0.0
1102131,0.0,0.0,1.0,0.0,0.0,0.0,0.0
1102175,0.0,0.0,1.0,0.0,0.0,1.0,0.0
1102675,0.0,0.0,1.0,0.0,0.0,0.0,0.0
1103492,0.0,0.0,1.0,0.0,0.0,1.0,0.0
1103860,0.0,0.0,1.0,0.0,0.0,2.0,0.0
1104360,0.0,0.0,1.0,0.0,0.0,0.0,0.0
1104699,0.0,0.0,1.0,0.0,0.0,1.0,0.0
1104926,0.0,0.0,1.0,0.0,0.0,2.0,0.0
1105426,0.0,0.0,1.0,0.0,0.0,0.0,0.0
1105500,0.0,0.0,1.0,0.0,0.0,1.0,0.0
1106000,0.0,0.0,1.0,0.0,0.0,0.0,0.0
1107108,0.0,0.0,1.0,0.0,0.0,1.0,0.0
1108108,0.0,0.0,1.0,0.0,0.0,0.0,0.0
1108189,0.0,0.0,1.0,0.0,0.0,1.0,0.0
1108689,0.0,0.0,1.0,0.0,0.0,0.0,0.0
1108817,0.0,0.0,1.0,0.0,0.0,1.0,0.0
1108820,0.0,0.0,1.0,0.0,0.0,2.0,0.0
1109320,0.0,0.0,1.0,0.0,0.0,0.0,0.0
1109583,0.0,0.0,1.0,0.0,0.0,1.0,0.0
1110083,0.0,0.0,1.0,0.0,0.0,0.0,0.0
1111331,0.0,0.0,1.0,0.0,1.0,0.0,0.0
1111831,0.0,0.0,1.0,0.0,0.0,0.0,0.0
1111891,0.0,0.0,0.0,0.0,0.0,0.0,0.0
1113380,0.0,0.0,0.0,0.0,0.0,1.0,0.0
1113880,0.0,0.0,0.0,0.0,0.0,0.0,0.0
1115613,0.0,0.0,0.0,0.0,0.0,1.0,0.0
1116113,0.0,0.0,0.0,0.0,0.0,0.0,0.0
1118305,0.0,0.0,0.0,0.0,0.0,1.0,0.0
1118714,0.0,0.0,0.0,0.0,0.0,2.0,0.0
1119214,0.0,0.0,0.0,0.0,0.0,0.0,0.0
1121744,0.0,0.0,0.0,0.0,0.0,1.0,0.0
1122244,0.0,0.0,0.0,0.0,0.0,0.0,0.0
1122319,0.0,0.0,0.0,0.0,0.0,1.0,0.0
1122819,0.0,0.0,0.0,0.0,0.0,0.0,0.0
1124865,0.0,0.0,0.0,0.0,0.0,1.0,0.0
1125365,0.0,0.0,0.0,0.0,0.0,0.0,0.0
1126202,0.0,0.0,0.0,0.0,0.0,1.0,0.0
1126702,0.0,0.0,0.0,0.0,0.0,0.0,0.0
1126817,0.0,0.0,0.0,0.0,0.0,1.0,0.0
1127317,0.0,0.0,0.0,0.0,0.0,0.0,0.0
1129958,0.0,0.0,0.0,0.0,0.0,1.0,0.0
1130458,0.0,0.0,0.0,0.0,0.0,0.0,0.0
1131491,0.0,0.0,0.0,0.0,0.0,1.0,0.0
1131991,0.0,0.0,0.0,0.0,0.0,0.0,0.0
1132004,0.0,0.0,0.0,0.0,0.0,1.0,0.0
1132504,0.0,0.0,0.0,0.0,0.0,0.0,0.0
1133372,0.0,0.0,0.0,0.0,0.0,1.0,0.0
1133872,0.0,0.0,0.0,0.0,0.0,0.0,0.0
1134213,0.0,0.0,0.0,0.0,1.0,0.0,0.0
1134509,0.0,0.0,0.0,0.0,1.0,1.0,0.0
1134713,0.0,0.0,0.0,0.0,0.0,1.0,0.0
1135009,0.0,0.0,0.0,0.0,0.0,0.0,0.0
1135043,0.0,0.0,0.0,0.0,0.0,1.0,0.0
1135543,0.0,0.0,0.0,0.0,0.0,0.0,0.0
1138318,0.0,0.0,0.0,0.0,0.0,1.0,0.0
1138818,0.0,0.0,0.0,0.0,0.0,0.0,0.0
1140280,0.0,0.0,0.0,0.0,0.0,1.0,0.0
1140780,0.0,0.0,0.0,0.0,0.0,0.0,0.0
1142356,0.0,0.0,0.0,0.0,0.0,1.0,0.0
1142856,0.0,0.0,0.0,0.0,0.0,0.0,0.0
1143079,0.0,0.0,0.0,0.0,0.0,1.0,0.0
1143579,0.0,0.0,0.0,0.0,0.0,0.0,0.0
1147009,0.0,0.0,0.0,0.0,0.0,1.0,0.0
1147509,0.0,0.0,0.0,0.0,0.0,0.0,0.0
1151057,0.0,0.0,0.0,0.0,0.0,1.0,0.0
1151557,0.0,0.0,0.0,0.0,0.0,0.0,0.0
1154456,0.0,0.0,0.0,0.0,0.0,1.0,0.0
1154956,0.0,0.0,0.0,0.0,0.0,0.0,0.0
1156343,0.0,0.0,0.0,0.0,0.0,1.0,0.0
1156843,0.0,0.0,0.0,0.0,0.0,0.0,0.0
1158168,0.0,0.0,0.0,0.0,0.0,1.0,0.0
1158668,0.0,0.0,0.0,0.0,0.0,0.0,0.0
1159442,0.0,0.0,0.0,0.0,0.0,1.0,0.0
1159445,0.0,0.0,0.0,0.0,0.0,2.0,0.0
1159945,0.0,0.0,0.0,0.0,0.0,0.0,0.0
1161313,0.0,0.0,0.0,0.0,0.0,1.0,0.0
1161813,0.0,0.0,0.0,0.0,0.0,0.0,0.0
1164572,0.0,0.0,0.0,0.0,0.0,1.0,0.0
1165072,0.0,0.0,0.0,0.0,0.0,0.0,0.0
1166400,0.0,0.0,0.0,0.0,1.0,0.0,0.0
1166900,0.0,0.0,0.0,0.0,0.0,0.0,0.0
1170457,0.0,0.0,0.0,0.0,0.0,1.0,0.0
1170470,0.0,0.0,0.0,0.0,0.0,2.0,0.0
1170970,0.0,0.0,0.0,0.0,0.0,0.0,0.0
1172339,0.0,0.0,0.0,0.0,0.0,1.0,0.0
1172839,0.0,0.0,0.0,0.0,0.0,0.0,0.0
1173368,0.0,0.0,0.0,0.0,0.0,1.0,0.0
1173370,0.0,0.0,0.0,0.0,0.0,2.0,0.0
1173870,0.0,0.0,0.0,0.0,0.0,0.0,0.0
1174886,0.0,0.0,0.0,0.0,0.0,1.0,0.0
1174889,0.0,0.0,0.0,0.0,1.0,2.0,0.0
1175389,0.0,0.0,0.0,0.0,0.0,0.0,0.0
1176683,0.0,0.0,0.0,0.0,0.0,1.0,0.0
1177183,0.0,0.0,0.0,0.0,0.0,0.0,0.0
1177603,0.0,0.0,0.0,0.0,0.0,1.0,0.0
1178103,0.0,0.0,0.0,0.0,0.0,0.0,0.0
1182343,0.0,0.0,0.0,0.0,0.0,1.0,0.0
1182843,0.0,0.0,0.0,0.0,0.0,0.0,0.0
1189619,0.0,0.0,0.0,0.0,0.0,1.0,0.0
1190119,0.0,0.0,0.0,0.0,0.0,0.0,0.0
1190165,0.0,0.0,0.0,0.0,0.0,1.0,0.0
1190166,0.0,0.0,0.0,0.0,0.0,2.0,0.0
1190666,0.0,0.0,0.0,0.0,0.0,0.0,0.0
1190685,0.0,0.0,0.0,0.0,1.0,0.0,0.0
1191185,0.0,0.0,0.0,0.0,0.0,0.0,0.0
1192541,0.0,0.0,0.0,0.0,0.0,1.0,0.0
1193041,0.0,0.0,0.0,0.0,0.0,0.0,0.0
1193188,0.0,0.0,0.0,0.0,0.0,1.0,0.0
1193688,0.0,0.0,0.0,0.0,0.0,0.0,0.0
1194982,0.0,0.0,0.0,0.0,0.0,1.0,0.0
1195482,0.0,0.0,0.0,0.0,0.0,0.0,0.0
1196992,0.0,0.0,0.0,0.0,0.0,1.0,0.0
1197492,0.0,0.0,0.0,0.0,0.0,0.0,0.0
1200785,0.0,0.0,0.0,0.0,0.0,1.0,0.0
1201285,0.0,0.0,0.0,0.0,0.0,0.0,0.0
1202648,0.0,0.0,0.0,0.0,0.0,1.0,0.0
1203148,0.0,0.0,0.0,0.0,0.0,0.0,0.0
1203569,0.0,0.0,0.0,0.0,1.0,0.0,0.0
1204069,0.0,0.0,0.0,0.0,0.0,0.0,0.0
1204252,0.0,0.0,0.0,0.0,0.0,1.0,0.0
1204752,0.0,0.0,0.0,0.0,0.0,0.0,0.0
1205801,0.0,0.0,0.0,0.0,0.0,1.0,0.0
1206301,0.0,0.0,0.0,0.0,0.0,0.0,0.0
1207679,0.0,0.0,0.0,0.0,0.0,1.0,0.0
1208179,0.0,0.0,0.0,0.0,0.0,0.0,0.0
1209444,0.0,0.0,0.0,0.0,0.0,1.0,0.0
1209944,0.0,0.0,0.0,0.0,0.0,0.0,0.0
1211000,0.0,0.0,0.0,0.0,0.0,0.0,1.0
1211178,0.0,0.0,0.0,0.0,0.0,1.0,1.0
1211334,0.0,0.0,0.0,0.0,1.0,1.0,1.0
1211443,0.0,0.0,0.0,0.0,2.0,1.0,1.0
1211500,0.0,0.0,0.0,0.0,2.0,1.0,0.0
1211551,2.0,0.0,0.0,0.0,2.0,1.0,0.0
1211552,2.0,0.0,0.0,0.0,2.0,2.0,0.0
1211913,2.0,2.0,0.0,0.0,2.0,2.0,0.0
1211943,2.0,2.0,0.0,0.0,0.0,2.0,0.0
1212051,0.0,2.0,0.0,0.0,0.0,2.0,0.0
1212052,0.0,2.0,0.0,0.0,0.0,0.0,0.0
1212063,2.0,2.0,0.0,0.0,0.0,0.0,0.0
1212413,2.0,0.0,0.0,0.0,0.0,0.0,0.0
1212563,0.0,0.0,0.0,0.0,0.0,0.0,0.0
1212671,2.0,0.0,0.0,0.0,0.0,0.0,0.0
1213105,2.0,0.0,0.0,0.0,0.0,1.0,0.0
1213171,0.0,0.0,0.0,0.0,0.0,1.0,0.0
1213320,0.0,0.0,1.0,0.0,0.0,1.0,0.0
1213605,0.0,0.0,1.0,0.0,0.0,0.0,0.0
1213811,0.0,0.0,1.0,0.0,0.0,1.0,0.0
1214241,0.0,0.0,1.0,0.0,0.0,2.0,0.0
1214741,0.0,0.0,1.0,0.0,0.0,0.0,0.0
1214849,0.0,0.0,2.0,0.0,0.0,0.0,0.0
1214922,0.0,0.0,2.0,0.0,0.0,1.0,0.0
1214925,0.0,0.0,2.0,0.0,0.0,2.0,0.0
1215349,0.0,0.0,0.0,0.0,0.0,2.0,0.0
1215350,0.0,0.0,1.0,0.0,0.0,2.0,0.0
1215425,0.0,0.0,1.0,0.0,0.0,0.0,0.0
1215576,0.0,0.0,1.0,0.0,0.0,1.0,0.0
1215850,0.0,0.0,0.0,0.0,0.0,1.0,0.0
1215873,0.0,0.0,1.0,0.0,0.0,1.0,0.0
1216018,0.0,2.0,1.0,0.0,0.0,1.0,0.0
1216076,0.0,2.0,1.0,0.0,0.0,0.0,0.0
1216373,0.0,2.0,0.0,0.0,0.0,0.0,0.0
1216518,0.0,0.0,0.0,0.0,0.0,0.0,0.0
1218317,0.0,0.0,0.0,0.0,0.0,1.0,0.0
1218817,0.0,0.0,0.0,0.0,0.0,0.0,0.0
1219154,0.0,0.0,0.0,0.0,0.0,1.0,0.0
1219160,0.0,0.0,0.0,0.0,0.0,2.0,0.0
1219660,0.0,0.0,0.0,0.0,0.0,0.0,0.0
1220522,0.0,0.0,0.0,0.0,0.0,1.0,0.0
1220744,0.0,0.0,0.0,0.0,0.0,2.0,0.0
1220891,0.0,2.0,0.0,0.0,0.0,2.0,0.0
1221244,0.0,2.0,0.0,0.0,0.0,0.0,0.0
1221391,0.0,0.0,0.0,0.0,0.0,0.0,0.0
1221413,0.0,0.0,0.0,0.0,0.0,1.0,0.0
1221913,0.0,0.0,0.0,0.0,0.0,0.0,0.0
1222668,0.0,0.0,0.0,0.0,0.0,1.0,0.0
1223168,0.0,0.0,0.0,0.0,0.0,0.0,0.0
1223628,0.0,0.0,0.0,0.0,0.0,1.0,0.0
1224128,0.0,0.0,0.0,0.0,0.0,0.0,0.0
1224252,0.0,0.0,0.0,0.0,0.0,1.0,0.0
1224691,0.0,0.0,0.0,0.0,1.0,2.0,0.0
1224695,0.0,0.0,0.0,0.0,2.0,2.0,0.0
1225191,0.0,0.0,0.0,0.0,2.0,0.0,0.0
1225195,0.0,0.0,0.0,0.0,0.0,0.0,0.0
1225922,0.0,0.0,0.0,0.0,0.0,1.0,0.0
1226422,0.0,0.0,0.0,0.0,0.0,0.0,0.0
1226529,0.0,0.0,0.0,0.0,0.0,1.0,0.0
1227029,0.0,0.0,0.0,0.0,0.0,0.0,0.0
1227558,0.0,0.0,0.0,0.0,0.0,1.0,0.0
1228058,0.0,0.0,0.0,0.0,0.0,0.0,0.0
1228867,0.0,0.0,0.0,0.0,0.0,1.0,0.0
1229367,0.0,0.0,0.0,0.0,0.0,0.0,0.0
1229608,0.0,0.0,0.0,0.0,0.0,1.0,0.0
1229842,0.0,0.0,0.0,0.0,0.0,2.0,0.0
1230342,0.0,0.0,0.0,0.0,0.0,0.0,0.0
1231217,0.0,0.0,0.0,0.0,0.0,1.0,0.0
1231551,0.0,0.0,0.0,0.0,0.0,2.0,0.0
1231552,0.0,0.0,0.0,0.0,1.0,2.0,0.0
1232051,0.0,0.0,0.0,0.0,1.0,0.0,0.0
1232052,0.0,0.0,0.0,0.0,0.0,0.0,0.0
1232297,0.0,0.0,0.0,0.0,0.0,1.0,0.0
1232797,0.0,0.0,0.0,0.0,0.0,0.0,0.0
1233223,0.0,0.0,0.0,0.0,0.0,1.0,0.0
1233723,0.0,0.0,0.0,0.0,0.0,0.0,0.0
1233974,0.0,0.0,0.0,0.0,0.0,1.0,0.0
1234474,0.0,0.0,0.0,0.0,0.0,0.0,0.0
1234762,0.0,0.0,0.0,0.0,0.0,1.0,0.0
1234765,0.0,0.0,0.0,0.0,0.0,2.0,0.0
1235174,0.0,0.0,0.0,0.0,1.0,2.0,0.0
1235265,0.0,0.0,0.0,0.0,1.0,0.0,0.0
1235292,0.0,0.0,0.0,0.0,1.0,1.0,0.0
1235674,0.0,0.0,0.0,0.0,0.0,1.0,0.0
1235792,0.0,0.0,0.0,0.0,0.0,0.0,0.0
1236298,0.0,0.0,0.0,0.0,0.0,1.0,0.0
1236798,0.0,0.0,0.0,0.0,0.0,0.0,0.0
1237072,0.0,0.0,0.0,0.0,0.0,1.0,0.0
1237572,0.0,0.0,0.0,0.0,0.0,0.0,0.0
1238343,0.0,0.0,0.0,0.0,0.0,1.0,0.0
1238843,0.0,0.0,0.0,0.0,0.0,0.0,0.0
1238931,0.0,0.0,0.0,0.0,0.0,1.0,0.0
1238939,0.0,0.0,0.0,0.0,0.0,2.0,0.0
1239439,0.0,0.0,0.0,0.0,0.0,0.0,0.0
1239661,0.0,0.0,0.0,0.0,0.0,1.0,0.0
1239669,0.0,0.0,0.0,0.0,0.0,2.0,0.0
1240169,0.0,0.0,0.0,0.0,0.0,0.0,0.0
1240732,0.0,0.0,0.0,0.0,0.0,1.0,0.0
1241232,0.0,0.0,0.0,0.0,0.0,0.0,0.0
1241262,0.0,0.0,0.0,0.0,0.0,1.0,0.0
1241269,0.0,0.0,0.0,0.0,0.0,2.0,0.0
1241499,0.0,2.0,0.0,0.0,0.0,2.0,0.0
1241769,0.0,2.0,0.0,0.0,0.0,0.0,0.0
1241999,0.0,0.0,0.0,0.0,0.0,0.0,0.0
1242014,0.0,0.0,0.0,0.0,0.0,1.0,0.0
1242514,0.0,0.0,0.0,0.0,0.0,0.0,0.0
1242552,0.0,0.0,0.0,0.0,0.0,1.0,0.0
1242562,0.0,0.0,0.0,0.0,0.0,2.0,0.0
1243062,0.0,0.0,0.0,0.0,0.0,0.0,0.0
1243094,0.0,0.0,0.0,0.0,0.0,1.0,0.0
1243594,0.0,0.0,0.0,0.0,0.0,0.0,0.0
1243890,0.0,0.0,0.0,0.0,0.0,1.0,0.0
1244390,0.0,0.0,0.0,0.0,0.0,0.0,0.0
1244926,0.0,0.0,0.0,0.0,0.0,1.0,0.0
1244930,0.0,0.0,0.0,0.0,0.0,2.0,0.0
1245430,0.0,0.0,0.0,0.0,0.0,0.0,0.0
1245478,0.0,0.0,0.0,0.0,0.0,1.0,0.0
1245978,0.0,0.0,0.0,0.0,0.0,0.0,0.0
1246039,0.0,2.0,0.0,0.0,0.0,0.0,0.0
1246539,0.0,0.0,0.0,0.0,0.0,0.0,0.0
1246710,0.0,0.0,0.0,0.0,0.0,1.0,0.0
1247210,0.0,0.0,0.0,0.0,0.0,0.0,0.0
1247803,0.0,0.0,0.0,0.0,0.0,1.0,0.0
1247815,0.0,0.0,0.0,0.0,0.0,2.0,0.0
1248315,0.0,0.0,0.0,0.0,0.0,0.0,0.0
1249537,0.0,0.0,0.0,0.0,0.0,1.0,0.0
1250037,0.0,0.0,0.0,0.0,0.0,0.0,0.0
1250176,0.0,0.0,0.0,0.0,0.0,1.0,0.0
1250225,0.0,2.0,0.0,0.0,0.0,1.0,0.0
1250676,0.0,2.0,0.0,0.0,0.0,0.0,0.0
1250725,0.0,0.0,0.0,0.0,0.0,0.0,0.0
1250850,0.0,0.0,0.0,0.0,0.0,1.0,0.0
1251350,0.0,0.0,0.0,0.0,0.0,0.0,0.0
1251737,0.0,0.0,0.0,0.0,0.0,1.0,0.0
1251991,0.0,0.0,0.0,0.0,0.0,2.0,0.0
1252491,0.0,0.0,0.0,0.0,0.0,0.0,0.0
1253129,0.0,2.0,0.0,0.0,0.0,0.0,0.0
1253455,0.0,2.0,0.0,0.0,0.0,1.0,0.0
1253629,0.0,0.0,0.0,0.0,0.0,1.0,0.0
1253955,0.0,0.0,0.0,0.0,0.0,0.0,0.0
1254384,0.0,0.0,0.0,0.0,0.0,1.0,0.0
1254884,0.0,0.0,0.0,0.0,0.0,0.0,0.0
1254989,0.0,0.0,0.0,0.0,0.0,1.0,0.0
1254992,0.0,0.0,0.0,0.0,0.0,2.0,0.0
1255492,0.0,0.0,0.0,0.0,0.0,1.0,0.0
1255495,0.0,0.0,0.0,0.0,0.0,2.0,0.0
1255995,0.0,0.0,0.0,0.0,0.0,0.0,0.0
1256051,0.0,0.0,0.0,0.0,0.0,1.0,0.0
1256057,0.0,0.0,0.0,0.0,0.0,2.0,0.0
1256557,0.0,0.0,0.0,0.0,0.0,0.0,0.0
1256813,0.0,0.0,0.0,0.0,0.0,1.0,0.0
1257313,0.0,0.0,0.0,0.0,0.0,0.0,0.0
1258042,0.0,0.0,0.0,0.0,0.0,1.0,0.0
1258542,0.0,0.0,0.0,0.0,0.0,0.0,0.0
1258553,0.0,0.0,0.0,0.0,0.0,1.0,0.0
1259053,0.0,0.0,0.0,0.0,0.0,0.0,0.0
1259908,0.0,0.0,0.0,0.0,0.0,1.0,0.0
1260408,0.0,0.0,0.0,0.0,0.0,0.0,0.0
1260548,0.0,0.0,0.0,0.0,0.0,1.0,0.0
1261048,0.0,0.0,0.0,0.0,0.0,0.0,0.0
1261937,0.0,0.0,0.0,0.0,0.0,1.0,0.0
1262437,0.0,0.0,0.0,0.0,0.0,0.0,0.0
1263759,0.0,0.0,0.0,0.0,0.0,1.0,0.0
1264259,0.0,0.0,0.0,0.0,0.0,0.0,0.0
1264391,0.0,0.0,0.0,0.0,0.0,1.0,0.0
1264498,0.0,0.0,0.0,0.0,0.0,2.0,0.0
1264998,0.0,0.0,0.0,0.0,0.0,0.0,0.0
1265083,0.0,0.0,0.0,0.0,0.0,1.0,0.0
1265583,0.0,0.0,0.0,0.0,0.0,0.0,0.0
1265601,0.0,0.0,0.0,0.0,0.0,1.0,0.0
1265607,0.0,0.0,0.0,0.0,0.0,2.0,0.0
1266107,0.0,0.0,0.0,0.0,0.0,0.0,0.0
1267510,0.0,0.0,0.0,0.0,0.0,1.0,0.0
1267521,0.0,0.0,0.0,0.0,0.0,2.0,0.0
1268021,0.0,0.0,0.0,0.0,0.0,0.0,0.0
1268136,0.0,0.0,0.0,0.0,0.0,1.0,0.0
1268636,0.0,0.0,0.0,0.0,0.0,0.0,0.0
1269164,0.0,0.0,0.0,0.0,0.0,1.0,0.0
1269229,0.0,0.0,0.0,0.0,0.0,2.0,0.0
1269729,0.0,0.0,0.0,0.0,0.0,0.0,0.0
1269737,0.0,0.0,0.0,0.0,0.0,1.0,0.0
1270237,0.0,0.0,0.0,0.0,0.0,0.0,0.0
1270944,0.0,0.0,0.0,0.0,0.0,1.0,0.0
1271099,0.0,0.0,0.0,0.0,0.0,2.0,0.0
1271599,0.0,0.0,0.0,0.0,0.0,0.0,0.0
1271691,0.0,0.0,0.0,0.0,0.0,1.0,0.0
1272191,0.0,0.0,0.0,0.0,0.0,0.0,0.0
1272319,0.0,0.0,0.0,0.0,0.0,1.0,0.0
1272322,0.0,0.0,0.0,0.0,0.0,2.0,0.0
1272822,0.0,0.0,0.0,0.0,0.0,0.0,0.0
1273417,0.0,0.0,0.0,0.0,0.0,1.0,0.0
1273659,0.0,0.0,0.0,0.0,0.0,2.0,0.0
1274159,0.0,0.0,0.0,0.0,0.0,0.0,0.0
1274303,0.0,0.0,0.0,0.0,0.0,1.0,0.0
1274508,0.0,0.0,0.0,0.0,0.0,2.0,0.0
1275008,0.0,0.0,0.0,0.0,0.0,0.0,0.0
1275285,0.0,0.0,0.0,0.0,0.0,1.0,0.0
1275785,0.0,0.0,0.0,0.0,0.0,0.0,0.0
1275827,0.0,0.0,0.0,0.0,0.0,1.0,0.0
1275834,0.0,0.0,0.0,0.0,0.0,2.0,0.0
1276334,0.0,0.0,0.0,0.0,0.0,0.0,0.0
1276657,0.0,0.0,0.0,0.0,0.0,1.0,0.0
1276663,0.0,0.0,0.0,0.0,0.0,2.0,0.0
1277163,0.0,0.0,0.0,0.0,0.0,0.0,0.0
1278886,0.0,0.0,0.0,0.0,0.0,1.0,0.0
1278891,0.0,0.0,0.0,0.0,0.0,2.0,0.0
1279391,0.0,0.0,0.0,0.0,0.0,0.0,0.0
1280699,0.0,0.0,0.0,0.0,0.0,1.0,0.0
1281199,0.0,0.0,0.0,0.0,0.0,0.0,0.0
1281253,0.0,0.0,0.0,0.0,0.0,1.0,0.0
1281286,0.0,0.0,0.0,0.0,0.0,2.0,0.0
1281786,0.0,0.0,0.0,0.0,0.0,0.0,0.0
1283292,0.0,0.0,0.0,0.0,0.0,1.0,0.0
1283464,0.0,0.0,0.0,0.0,0.0,2.0,0.0
1283964,0.0,0.0,0.0,0.0,0.0,0.0,0.0
1285022,0.0,0.0,0.0,0.0,0.0,1.0,0.0
1285207,0.0,0.0,0.0,0.0,0.0,2.0,0.0
1285707,0.0,0.0,0.0,0.0,0.0,0.0,0.0
1286013,0.0,0.0,0.0,0.0,0.0,1.0,0.0
1286513,0.0,0.0,0.0,0.0,0.0,0.0,0.0
1286571,0.0,0.0,0.0,0.0,0.0,1.0,0.0
1287071,0.0,0.0,0.0,0.0,0.0,0.0,0.0
1287411,0.0,0.0,0.0,0.0,0.0,1.0,0.0
1287911,0.0,0.0,0.0,0.0,0.0,0.0,0.0
1288343,0.0,0.0,0.0,0.0,0.0,1.0,0.0
1288411,0.0,0.0,0.0,0.0,0.0,2.0,0.0
1288606,0.0,2.0,0.0,0.0,0.0,2.0,0.0
1288911,0.0,2.0,0.0,0.0,0.0,0.0,0.0
1289106,0.0,0.0,0.0,0.0,0.0,0.0,0.0
1289817,0.0,0.0,0.0,0.0,0.0,1.0,0.0
1290317,0.0,0.0,0.0,0.0,0.0,0.0,0.0
1290667,0.0,0.0,0.0,0.0,0.0,1.0,0.0
1291167,0.0,0.0,0.0,0.0,0.0,0.0,0.0
1291339,0.0,0.0,0.0,0.0,0.0,1.0,0.0
1291839,0.0,0.0,0.0,0.0,0.0,0.0,0.0
1291917,0.0,0.0,0.0,0.0,0.0,1.0,0.0
1292266,0.0,0.0,0.0,0.0,0.0,2.0,0.0
1292766,0.0,0.0,0.0,0.0,0.0,0.0,0.0
1293481,0.0,0.0,0.0,0.0,0.0,1.0,0.0
1293981,0.0,0.0,0.0,0.0,0.0,0.0,0.0
1294232,0.0,0.0,0.0,0.0,0.0,1.0,0.0
1294261,0.0,2.0,0.0,0.0,0.0,1.0,0.0
1294732,0.0,2.0,0.0,0.0,0.0,0.0,0.0
1294761,0.0,0.0,0.0,0.0,0.0,0.0,0.0
1295192,0.0,0.0,0.0,0.0,0.0,1.0,0.0
1295692,0.0,0.0,0.0,0.0,0.0,0.0,0.0
1295804,0.0,0.0,0.0,0.0,0.0,1.0,0.0
1296304,0.0,0.0,0.0,0.0,0.0,0.0,0.0
1296561,0.0,0.0,0.0,0.0,0.0,1.0,0.0
1296564,0.0,0.0,0.0,0.0,0.0,2.0,0.0
1297064,0.0,0.0,0.0,0.0,0.0,0.0,0.0
1297850,0.0,0.0,0.0,0.0,0.0,1.0,0.0
1298350,0.0,0.0,0.0,0.0,0.0,0.0,0.0
1298518,0.0,0.0,0.0,0.0,0.0,1.0,0.0
1298521,0.0,0.0,0.0,0.0,0.0,2.0,0.0
1299021,0.0,0.0,0.0,0.0,0.0,0.0,0.0
1300267,0.0,0.0,0.0,0.0,0.0,1.0,0.0
1300670,0.0,0.0,0.0,0.0,0.0,2.0,0.0
1301170,0.0,0.0,0.0,0.0,0.0,0.0,0.0
1301477,0.0,2.0,0.0,0.0,0.0,0.0,0.0
1301977,0.0,0.0,0.0,0.0,0.0,0.0,0.0
1302220,0.0,0.0,0.0,0.0,0.0,1.0,0.0
1302720,0.0,0.0,0.0,0.0,0.0,2.0,0.0
1303220,0.0,0.0,0.0,0.0,0.0,0.0,0.0
1303501,0.0,0.0,0.0,0.0,0.0,1.0,0.0
1303537,0.0,0.0,0.0,0.0,0.0,2.0,0.0
1304037,0.0,0.0,0.0,0.0,0.0,0.0,0.0
1304232,0.0,0.0,0.0,0.0,0.0,1.0,0.0
1304732,0.0,0.0,0.0,0.0,0.0,0.0,0.0
1304764,0.0,0.0,0.0,0.0,0.0,1.0,0.0
1305232,0.0,0.0,0.0,0.0,0.0,2.0,0.0
1305732,0.0,0.0,0.0,0.0,0.0,0.0,0.0
1306363,0.0,0.0,0.0,0.0,0.0,1.0,0.0
1306863,0.0,0.0,0.0,0.0,0.0,0.0,0.0
1307411,0.0,0.0,0.0,0.0,0.0,1.0,0.0
1307911,0.0,0.0,0.0,0.0,0.0,0.0,0.0
1308037,0.0,0.0,0.0,0.0,0.0,1.0,0.0
1308537,0.0,0.0,0.0,0.0,0.0,0.0,0.0
1308698,0.0,0.0,0.0,0.0,0.0,1.0,0.0
1309198,0.0,0.0,0.0,0.0,0.0,0.0,0.0
1309427,0.0,0.0,0.0,0.0,0.0,1.0,0.0
1309927,0.0,0.0,0.0,0.0,0.0,0.0,0.0
1309993,0.0,0.0,0.0,0.0,0.0,1.0,0.0
1310493,0.0,0.0,0.0,0.0,0.0,0.0,0.0
1311572,0.0,0.0,0.0,0.0,0.0,1.0,0.0
1312072,0.0,0.0,0.0,0.0,0.0,0.0,0.0
1315547,0.0,0.0,0.0,0.0,0.0,1.0,0.0
1315549,0.0,0.0,0.0,0.0,0.0,2.0,0.0
1316049,0.0,0.0,0.0,0.0,0.0,0.0,0.0
1316474,0.0,0.0,0.0,0.0,1.0,0.0,0.0
1316476,0.0,0.0,0.0,0.0,1.0,1.0,0.0
1316974,0.0,0.0,0.0,0.0,0.0,1.0,0.0
1316976,0.0,0.0,0.0,0.0,0.0,0.0,0.0
1318698,0.0,0.0,0.0,0.0,0.0,1.0,0.0
1319198,0.0,0.0,0.0,0.0,0.0,0.0,0.0
1319341,0.0,0.0,0.0,0.0,0.0,1.0,0.0
1319343,0.0,0.0,0.0,0.0,0.0,2.0,0.0
1319843,0.0,0.0,0.0,0.0,0.0,0.0,0.0
1320560,0.0,0.0,0.0,0.0,0.0,1.0,0.0
1321060,0.0,0.0,0.0,0.0,0.0,0.0,0.0
1321402,0.0,0.0,0.0,0.0,0.0,1.0,0.0
1321902,0.0,0.0,0.0,0.0,0.0,0.0,0.0
1322255,0.0,0.0,0.0,0.0,0.0,1.0,0.0
1322750,0.0,0.0,0.0,0.0,0.0,2.0,0.0
1323250,0.0,0.0,0.0,0.0,0.0,0.0,0.0
1323767,0.0,0.0,0.0,0.0,0.0,1.0,0.0
1324267,0.0,0.0,0.0,0.0,0.0,0.0,0.0
1326582,0.0,0.0,0.0,0.0,0.0,1.0,0.0
1327082,0.0,0.0,0.0,0.0,0.0,0.0,0.0
1330112,0.0,0.0,0.0,0.0,0.0,1.0,0.0
1330612,0.0,0.0,0.0,0.0,0.0,0.0,0.0
1330812,0.0,0.0,0.0,0.0,0.0,1.0,0.0
1331312,0.0,0.0,0.0,0.0,0.0,0.0,0.0
1332125,0.0,0.0,0.0,0.0,0.0,1.0,0.0
1332625,0.0,0.0,0.0,0.0,0.0,0.0,0.0
1333545,0.0,0.0,0.0,0.0,0.0,1.0,0.0
1334045,0.0,0.0,0.0,0.0,0.0,0.0,0.0
1334607,0.0,0.0,0.0,0.0,0.0,1.0,0.0
1335107,0.0,0.0,0.0,0.0,0.0,0.0,0.0
1338372,0.0,0.0,0.0,0.0,0.0,1.0,0.0
1338872,0.0,0.0,0.0,0.0,0.0,0.0,0.0
1340843,0.0,0.0,0.0,0.0,0.0,1.0,0.0
1341343,0.0,0.0,0.0,0.0,0.0,0.0,0.0
1342950,0.0,0.0,0.0,0.0,0.0,1.0,0.0
1342951,0.0,0.0,0.0,0.0,0.0,2.0,0.0
1342969,0.0,0.0,0.0,0.0,1.0,2.0,0.0
1343451,0.0,0.0,0.0,0.0,1.0,0.0,0.0
1343469,0.0,0.0,0.0,0.0,0.0,0.0,0.0
1343775,0.0,0.0,0.0,0.0,0.0,1.0,0.0
1344275,0.0,0.0,0.0,0.0,0.0,0.0,0.0
1345686,0.0,0.0,0.0,0.0,0.0,1.0,0.0
1346186,0.0,0.0,0.0,0.0,0.0,0.0,0.0
1347201,0.0,0.0,0.0,0.0,0.0,1.0,0.0
1347701,0.0,0.0,0.0,0.0,0.0,0.0,0.0
1351004,0.0,0.0,0.0,0.0,0.0,1.0,0.0
1351504,0.0,0.0,0.0,0.0,0.0,0.0,0.0
1353822,0.0,0.0,0.0,0.0,0.0,1.0,0.0
1353832,0.0,0.0,0.0,0.0,0.0,2.0,0.0
1354332,0.0,0.0,0.0,0.0,0.0,0.0,0.0
1354471,0.0,0.0,0.0,0.0,0.0,1.0,0.0
1354475,0.0,0.0,0.0,0.0,0.0,2.0,0.0
1354975,0.0,0.0,0.0,0.0,0.0,0.0,0.0
1355542,0.0,0.0,0.0,0.0,0.0,1.0,0.0
1355547,0.0,0.0,0.0,0.0,0.0,2.0,0.0
1356047,0.0,0.0,0.0,0.0,0.0,0.0,0.0
1356955,0.0,0.0,0.0,0.0,0.0,1.0,0.0
1357455,0.0,0.0,0.0,0.0,0.0,0.0,0.0
1359984,0.0,0.0,0.0,0.0,0.0,1.0,0.0
1360484,0.0,0.0,0.0,0.0,0.0,0.0,0.0
1361124,0.0,0.0,0.0,0.0,0.0,1.0,0.0
1361624,0.0,0.0,0.0,0.0,0.0,0.0,0.0
1363626,0.0,0.0,0.0,0.0,0.0,1.0,0.0
1364126,0.0,0.0,0.0,0.0,0.0,0.0,0.0
1368448,0.0,0.0,0.0,0.0,0.0,1.0,0.0
1368948,0.0,0.0,0.0,0.0,0.0,0.0,0.0
1372644,0.0,0.0,0.0,0.0,0.0,1.0,0.0
1373144,0.0,0.0,0.0,0.0,0.0,0.0,0.0
1375060,0.0,0.0,0.0,0.0,0.0,1.0,0.0
1375560,0.0,0.0,0.0,0.0,0.0,0.0,0.0
1376351,0.0,0.0,0.0,0.0,0.0,1.0,0.0
1376851,0.0,0.0,0.0,0.0,0.0,0.0,0.0
1377286,0.0,0.0,0.0,0.0,1.0,1.0,0.0
1377786,0.0,0.0,0.0,0.0,0.0,0.0,0.0
1378691,0.0,0.0,0.0,0.0,0.0,1.0,0.0
1378692,0.0,0.0,0.0,0.0,0.0,2.0,0.0
1379192,0.0,0.0,0.0,0.0,0.0,0.0,0.0
1381574,0.0,0.0,0.0,0.0,0.0,1.0,0.0
1382074,0.0,0.0,0.0,0.0,0.0,0.0,0.0
1384814,0.0,0.0,0.0,0.0,0.0,1.0,0.0
1385150,0.0,0.0,0.0,0.0,1.0,1.0,0.0
1385314,0.0,0.0,0.0,0.0,1.0,0.0,0.0
1385650,0.0,0.0,0.0,0.0,0.0,0.0,0.0
1385794,0.0,0.0,0.0,0.0,0.0,1.0,0.0
1386294,0.0,0.0,0.0,0.0,0.0,0.0,0.0
1386342,0.0,0.0,0.0,0.0,0.0,1.0,0.0
1386842,0.0,0.0,0.0,0.0,0.0,0.0,0.0
1388961,0.0,0.0,0.0,0.0,0.0,1.0,0.0
1389461,0.0,0.0,0.0,0.0,0.0,0.0,0.0
1389463,0.0,0.0,0.0,0.0,0.0,1.0,0.0
1389880,0.0,0.0,0.0,0.0,0.0,2.0,0.0
1390380,0.0,0.0,0.0,0.0,0.0,0.0,0.0
1394612,0.0,0.0,0.0,0.0,0.0,1.0,0.0
1395112,0.0,0.0,0.0,0.0,0.0,0.0,0.0
1401639,0.0,0.0,0.0,0.0,0.0,1.0,0.0
1401641,0.0,0.0,0.0,0.0,0.0,2.0,0.0
1402141,0.0,0.0,0.0,0.0,0.0,0.0,0.0
1407722,0.0,0.0,0.0,0.0,0.0,1.0,0.0
1408222,0.0,0.0,0.0,0.0,0.0,0.0,0.0
1409538,0.0,0.0,0.0,0.0,0.0,1.0,0.0
1410038,0.0,0.0,0.0,0.0,0.0,0.0,0.0
1412184,0.0,0.0,0.0,0.0,0.0,1.0,0.0
1412192,0.0,0.0,0.0,0.0,1.0,1.0,0.0
1412193,0.0,0.0,0.0,0.0,1.0,2.0,0.0
1412692,0.0,0.0,0.0,0.0,0.0,2.0,0.0
1412693,0.0,0.0,0.0,0.0,0.0,0.0,0.0
1413000,0.0,0.0,0.0,0.0,0.0,0.0,1.0
1413475,0.0,0.0,0.0,0.0,0.0,1.0,1.0
1413500,0.0,0.0,0.0,0.0,0.0,1.0,0.0
1413529,0.0,0.0,0.0,0.0,0.0,2.0,0.0
1413535,2.0,0.0,0.0,0.0,0.0,2.0,0.0
1413633,2.0,0.0,0.0,0.0,1.0,2.0,0.0
1413660,2.0,2.0,0.0,0.0,1.0,2.0,0.0
1413678,2.0,2.0,0.0,0.0,2.0,2.0,0.0
1414029,2.0,2.0,0.0,0.0,2.0,0.0,0.0
1414032,2.0,2.0,0.0,0.0,2.0,1.0,0.0
1414035,0.0,2.0,0.0,0.0,2.0,1.0,0.0
1414160,0.0,0.0,0.0,0.0,2.0,1.0,0.0
1414178,0.0,0.0,0.0,0.0,0.0,1.0,0.0
1414240,0.0,0.0,0.0,0.0,0.0,2.0,0.0
1414740,0.0,0.0,0.0,0.0,0.0,1.0,0.0
1414741,0.0,0.0,0.0,0.0,0.0,2.0,0.0
1414751,2.0,0.0,0.0,0.0,0.0,2.0,0.0
1415241,2.0,0.0,0.0,0.0,0.0,0.0,0.0
1415242,2.0,0.0,1.0,0.0,0.0,0.0,0.0
1415251,0.0,0.0,1.0,0.0,0.0,0.0,0.0
1415329,0.0,0.0,1.0,0.0,0.0,1.0,0.0
1415365,0.0,2.0,1.0,0.0,0.0,1.0,0.0
1415829,0.0,2.0,1.0,0.0,0.0,0.0,0.0
1415865,0.0,0.0,1.0,0.0,0.0,0.0,0.0
1416397,0.0,0.0,1.0,0.0,0.0,1.0,0.0
1416543,0.0,0.0,1.0,0.0,0.0,2.0,0.0
1417043,0.0,0.0,1.0,0.0,0.0,0.0,0.0
1417109,0.0,0.0,2.0,0.0,0.0,0.0,0.0
1417350,0.0,0.0,2.0,0.0,0.0,1.0,0.0
1417483,0.0,0.0,2.0,0.0,0.0,2.0,0.0
1417575,0.0,0.0,2.0,0.0,1.0,2.0,0.0
1417609,0.0,0.0,1.0,0.0,2.0,2.0,0.0
1417610,0.0,2.0,1.0,0.0,2.0,2.0,0.0
1417983,0.0,2.0,1.0,0.0,2.0,0.0,0.0
1418109,0.0,2.0,1.0,0.0,0.0,0.0,0.0
1418110,0.0,0.0,1.0,0.0,0.0,0.0,0.0
1418324,0.0,0.0,1.0,0.0,0.0,1.0,0.0
1418824,0.0,0.0,1.0,0.0,0.0,0.0,0.0
1419109,0.0,0.0,0.0,0.0,0.0,0.0,0.0
1420086,0.0,0.0,0.0,0.0,0.0,1.0,0.0
1420586,0.0,0.0,0.0,0.0,0.0,0.0,0.0
1420670,0.0,0.0,0.0,0.0,0.0,1.0,0.0
1421170,0.0,0.0,0.0,0.0,0.0,0.0,0.0
1421310,0.0,0.0,0.0,0.0,0.0,1.0,0.0
1421502,0.0,0.0,0.0,0.0,0.0,2.0,0.0
1421813,0.0,2.0,0.0,0.0,0.0,2.0,0.0
1422002,0.0,2.0,0.0,0.0,0.0,0.0,0.0
1422313,0.0,0.0,0.0,0.0,0.0,0.0,0.0
1422420,0.0,0.0,0.0,0.0,0.0,1.0,0.0
1422737,0.0,0.0,0.0,0.0,0.0,2.0,0.0
1423237,0.0,0.0,0.0,0.0,0.0,0.0,0.0
1423562,0.0,0.0,0.0,0.0,0.0,1.0,0.0
1424062,0.0,0.0,0.0,0.0,0.0,0.0,0.0
1424434,0.0,0.0,0.0,0.0,0.0,1.0,0.0
1424611,0.0,0.0,0.0,0.0,0.0,2.0,0.0
1425111,0.0,0.0,0.0,0.0,0.0,0.0,0.0
1425289,0.0,0.0,0.0,0.0,0.0,1.0,0.0
1425789,0.0,0.0,0.0,0.0,0.0,0.0,0.0
1425815,0.0,0.0,0.0,0.0,0.0,1.0,0.0
1425870,0.0,0.0,0.0,0.0,0.0,2.0,0.0
1426370,0.0,0.0,0.0,0.0,0.0,0.0,0.0
1427750,0.0,0.0,0.0,0.0,0.0,1.0,0.0
1427762,0.0,0.0,0.0,0.0,0.0,2.0,0.0
1428262,0.0,0.0,0.0,0.0,0.0,0.0,0.0
1428613,0.0,0.0,0.0,0.0,0.0,1.0,0.0
1429113,0.0,0.0,0.0,0.0,0.0,0.0,0.0
1429369,0.0,0.0,0.0,0.0,0.0,1.0,0.0
1429670,0.0,0.0,0.0,0.0,0.0,2.0,0.0
1430170,0.0,0.0,0.0,0.0,0.0,0.0,0.0
1430232,0.0,0.0,0.0,0.0,0.0,1.0,0.0
1430238,0.0,0.0,0.0,0.0,0.0,2.0,0.0
1430738,0.0,0.0,0.0,0.0,0.0,0.0,0.0
1430743,0.0,0.0,0.0,0.0,0.0,1.0,0.0
1430822,0.0,0.0,0.0,0.0,0.0,2.0,0.0
1431258,0.0,0.0,0.0,0.0,1.0,2.0,0.0
1431322,0.0,0.0,0.0,0.0,1.0,0.0,0.0
1431758,0.0,0.0,0.0,0.0,0.0,0.0,0.0
1432724,0.0,0.0,0.0,0.0,0.0,1.0,0.0
1432738,0.0,0.0,0.0,0.0,0.0,2.0,0.0
1433238,0.0,0.0,0.0,0.0,0.0,0.0,0.0
1433791,0.0,0.0,0.0,0.0,0.0,1.0,0.0
1433795,0.0,0.0,0.0,0.0,0.0,2.0,0.0
1434295,0.0,0.0,0.0,0.0,0.0,0.0,0.0
1434765,0.0,0.0,0.0,0.0,0.0,1.0,0.0
1434850,0.0,0.0,0.0,0.0,0.0,2.0,0.0
1435350,0.0,0.0,0.0,0.0,0.0,0.0,0.0
1435852,0.0,0.0,0.0,0.0,0.0,1.0,0.0
1436352,0.0,0.0,0.0,0.0,0.0,0.0,0.0
1436500,0.0,0.0,0.0,0.0,0.0,1.0,0.0
1436514,0.0,0.0,0.0,0.0,0.0,2.0,0.0
1437014,0.0,0.0,0.0,0.0,0.0,0.0,0.0
1437627,0.0,0.0,0.0,0.0,0.0,1.0,0.0
1438127,0.0,0.0,0.0,0.0,0.0,0.0,0.0
1438192,0.0,0.0,0.0,0.0,0.0,1.0,0.0
1438692,0.0,0.0,0.0,0.0,0.0,0.0,0.0
1438755,0.0,0.0,0.0,0.0,0.0,1.0,0.0
1439237,0.0,0.0,0.0,0.0,0.0,2.0,0.0
1439737,0.0,0.0,0.0,0.0,0.0,0.0,0.0
1440071,0.0,0.0,0.0,0.0,0.0,1.0,0.0
1440571,0.0,0.0,0.0,0.0,0.0,0.0,0.0
1441780,0.0,0.0,0.0,0.0,0.0,1.0,0.0
1442080,0.0,0.0,0.0,0.0,0.0,2.0,0.0
1442580,0.0,0.0,0.0,0.0,0.0,0.0,0.0
1443227,0.0,0.0,0.0,0.0,0.0,1.0,0.0
1443309,0.0,0.0,0.0,0.0,0.0,2.0,0.0
1443809,0.0,0.0,0.0,0.0,0.0,0.0,0.0
1443846,0.0,0.0,0.0,0.0,0.0,1.0,0.0
1444346,0.0,0.0,0.0,0.0,0.0,0.0,0.0
1444375,0.0,0.0,0.0,0.0,0.0,1.0,0.0
1444494,0.0,0.0,0.0,0.0,0.0,2.0,0.0
1444994,0.0,0.0,0.0,0.0,0.0,0.0,0.0
1445041,0.0,0.0,0.0,0.0,0.0,1.0,0.0
1445047,0.0,0.0,0.0,0.0,0.0,2.0,0.0
1445547,0.0,0.0,0.0,0.0,0.0,0.0,0.0
1446187,0.0,0.0,0.0,0.0,0.0,1.0,0.0
1446451,0.0,0.0,0.0,0.0,0.0,2.0,0.0
1446951,0.0,0.0,0.0,0.0,0.0,0.0,0.0
1447223,0.0,0.0,0.0,0.0,0.0,1.0,0.0
1447723,0.0,0.0,0.0,0.0,0.0,0.0,0.0
1447771,0.0,0.0,0.0,0.0,0.0,1.0,0.0
1448271,0.0,0.0,0.0,0.0,0.0,0.0,0.0
1448387,0.0,0.0,0.0,0.0,0.0,1.0,0.0
1448462,0.0,0.0,0.0,0.0,0.0,2.0,0.0
1448962,0.0,0.0,0.0,0.0,0.0,0.0,0.0
1449517,0.0,0.0,0.0,0.0,0.0,1.0,0.0
1450017,0.0,0.0,0.0,0.0,0.0,0.0,0.0
1451468,0.0,0.0,0.0,0.0,0.0,1.0,0.0
1451968,0.0,0.0,0.0,0.0,0.0,0.0,0.0
1452948,0.0,0.0,0.0,0.0,0.0,1.0,0.0
1453448,0.0,0.0,0.0,0.0,0.0,0.0,0.0
1453933,0.0,0.0,0.0,0.0,0.0,1.0,0.0
1453934,0.0,0.0,0.0,0.0,1.0,1.0,0.0
1454318,0.0,0.0,0.0,0.0,1.0,2.0,0.0
1454434,0.0,0.0,0.0,0.0,0.0,2.0,0.0
1454818,0.0,0.0,0.0,0.0,0.0,0.0,0.0
1455384,0.0,0.0,0.0,0.0,0.0,1.0,0.0
1455387,0.0,0.0,0.0,0.0,0.0,2.0,0.0
1455443,0.0,2.0,0.0,0.0,0.0,2.0,0.0
1455653,0.0,2.0,0.0,0.0,1.0,2.0,0.0
1455887,0.0,2.0,0.0,0.0,1.0,0.0,0.0
1455943,0.0,0.0,0.0,0.0,1.0,0.0,0.0
1456138,0.0,0.0,0.0,0.0,1.0,1.0,0.0
1456153,0.0,0.0,0.0,0.0,0.0,1.0,0.0
1456273,0.0,0.0,0.0,0.0,1.0,1.0,0.0
1456638,0.0,0.0,0.0,0.0,1.0,0.0,0.0
1456676,0.0,0.0,0.0,0.0,1.0,1.0,0.0
1456679,0.0,0.0,0.0,0.0,1.0,2.0,0.0
1456773,0.0,0.0,0.0,0.0,0.0,2.0,0.0
1457179,0.0,0.0,0.0,0.0,0.0,0.0,0.0
1457493,0.0,0.0,0.0,0.0,1.0,0.0,0.0
1457993,0.0,0.0,0.0,0.0,0.0,0.0,0.0
1458050,0.0,0.0,0.0,0.0,0.0,1.0,0.0
1458328,0.0,0.0,0.0,0.0,1.0,1.0,0.0
1458550,0.0,0.0,0.0,0.0,1.0,0.0,0.0
1458676,0.0,0.0,0.0,0.0,1.0,1.0,0.0
1458828,0.0,0.0,0.0,0.0,0.0,1.0,0.0
1459176,0.0,0.0,0.0,0.0,0.0,0.0,0.0
1459271,0.0,0.0,0.0,0.0,0.0,1.0,0.0
1459275,0.0,0.0,0.0,0.0,0.0,2.0,0.0
1459775,0.0,0.0,0.0,0.0,0.0,0.0,0.0
1460057,0.0,0.0,0.0,0.0,0.0,1.0,0.0
1460527,0.0,0.0,0.0,0.0,0.0,2.0,0.0
1461027,0.0,0.0,0.0,0.0,0.0,0.0,0.0
1461756,0.0,0.0,0.0,0.0,0.0,1.0,0.0
1461759,0.0,0.0,0.0,0.0,0.0,2.0,0.0
1462259,0.0,0.0,0.0,0.0,0.0,0.0,0.0
1462264,0.0,0.0,0.0,0.0,0.0,1.0,0.0
1462764,0.0,0.0,0.0,0.0,0.0,0.0,0.0
1463330,0.0,0.0,0.0,0.0,0.0,1.0,0.0
1463830,0.0,0.0,0.0,0.0,0.0,0.0,0.0
1464117,0.0,0.0,0.0,0.0,0.0,1.0,0.0
1464301,0.0,0.0,0.0,0.0,0.0,2.0,0.0
1464801,0.0,0.0,0.0,0.0,0.0,0.0,0.0
1465548,0.0,0.0,0.0,0.0,0.0,1.0,0.0
1466048,0.0,0.0,0.0,0.0,0.0,0.0,0.0
1466790,0.0,0.0,0.0,0.0,0.0,1.0,0.0
1467290,0.0,0.0,0.0,0.0,0.0,0.0,0.0
1467447,0.0,0.0,0.0,0.0,0.0,1.0,0.0
1467947,0.0,0.0,0.0,0.0,0.0,0.0,0.0
1468234,0.0,0.0,0.0,0.0,0.0,1.0,0.0
1468242,0.0,0.0,0.0,0.0,0.0,2.0,0.0
1468742,0.0,0.0,0.0,0.0,0.0,0.0,0.0
1469105,0.0,0.0,0.0,0.0,0.0,1.0,0.0
1469108,0.0,0.0,0.0,0.0,0.0,2.0,0.0
1469608,0.0,0.0,0.0,0.0,0.0,0.0,0.0
1469992,0.0,0.0,0.0,0.0,0.0,1.0,0.0
1470492,0.0,0.0,0.0,0.0,0.0,0.0,0.0
1471382,0.0,0.0,0.0,0.0,0.0,1.0,0.0
1471882,0.0,0.0,0.0,0.0,0.0,0.0,0.0
1472195,0.0,0.0,0.0,0.0,0.0,1.0,0.0
1472695,0.0,0.0,0.0,0.0,0.0,0.0,0.0
1472906,0.0,0.0,0.0,0.0,0.0,1.0,0.0
1473406,0.0,0.0,0.0,0.0,0.0,0.0,0.0
1473516,0.0,0.0,0.0,0.0,0.0,1.0,0.0
1473956,0.0,0.0,0.0,0.0,0.0,2.0,0.0
1474456,0.0,0.0,0.0,0.0,0.0,1.0,0.0
1474459,0.0,0.0,0.0,0.0,0.0,2.0,0.0
1474959,0.0,0.0,0.0,0.0,0.0,0.0,0.0
1474963,0.0,0.0,0.0,0.0,0.0,1.0,0.0
1474966,0.0,0.0,0.0,0.0,0.0,2.0,0.0
1475466,0.0,0.0,0.0,0.0,0.0,0.0,0.0
1475495,0.0,0.0,0.0,0.0,0.0,1.0,0.0
1475502,0.0,0.0,0.0,0.0,0.0,2.0,0.0
1476002,0.0,0.0,0.0,0.0,0.0,0.0,0.0
1476884,0.0,0.0,0.0,0.0,0.0,1.0,0.0
1477384,0.0,0.0,0.0,0.0,0.0,0.0,0.0
1477749,0.0,0.0,0.0,0.0,0.0,1.0,0.0
1477752,0.0,0.0,0.0,0.0,0.0,2.0,0.0
1478252,0.0,0.0,0.0,0.0,0.0,0.0,0.0
1479255,0.0,0.0,0.0,0.0,0.0,1.0,0.0
1479755,0.0,0.0,0.0,0.0,0.0,0.0,0.0
1479989,0.0,0.0,0.0,0.0,0.0,1.0,0.0
1480463,0.0,0.0,0.0,0.0,0.0,2.0,0.0
1480963,0.0,0.0,0.0,0.0,0.0,0.0,0.0
1481931,0.0,0.0,0.0,0.0,0.0,1.0,0.0
1482015,0.0,0.0,0.0,0.0,0.0,2.0,0.0
1482515,0.0,0.0,0.0,0.0,0.0,0.0,0.0
1483261,0.0,2.0,0.0,0.0,0.0,0.0,0.0
1483282,0.0,2.0,0.0,0.0,0.0,1.0,0.0
1483761,0.0,0.0,0.0,0.0,0.0,1.0,0.0
1483782,0.0,0.0,0.0,0.0,0.0,0.0,0.0
1483912,0.0,0.0,0.0,0.0,0.0,1.0,0.0
1484412,0.0,0.0,0.0,0.0,0.0,0.0,0.0
1484506,0.0,0.0,0.0,0.0,0.0,1.0,0.0
1485006,0.0,0.0,0.0,0.0,0.0,0.0,0.0
1485410,0.0,0.0,0.0,0.0,0.0,1.0,0.0
1485421,0.0,0.0,0.0,0.0,0.0,2.0,0.0
1485921,0.0,0.0,0.0,0.0,0.0,0.0,0.0
1485974,0.0,0.0,0.0,0.0,0.0,1.0,0.0
1486474,0.0,0.0,0.0,0.0,0.0,0.0,0.0
1486478,0.0,0.0,0.0,0.0,0.0,1.0,0.0
1486978,0.0,0.0,0.0,0.0,0.0,0.0,0.0
1487031,0.0,0.0,0.0,0.0,0.0,1.0,0.0
1487531,0.0,0.0,0.0,0.0,0.0,0.0,0.0
1488210,0.0,0.0,0.0,0.0,0.0,1.0,0.0
1488370,0.0,0.0,0.0,0.0,0.0,2.0,0.0
1488870,0.0,0.0,0.0,0.0,0.0,0.0,0.0
1489447,0.0,0.0,0.0,0.0,0.0,1.0,0.0
1489947,0.0,0.0,0.0,0.0,0.0,0.0,0.0
1490002,0.0,0.0,0.0,0.0,0.0,1.0,0.0
1490210,0.0,0.0,0.0,0.0,0.0,2.0,0.0
1490710,0.0,0.0,0.0,0.0,0.0,0.0,0.0
1490790,0.0,0.0,0.0,0.0,0.0,1.0,0.0
1491290,0.0,0.0,0.0,0.0,0.0,0.0,0.0
1492040,0.0,0.0,0.0,0.0,0.0,1.0,0.0
1492229,0.0,0.0,0.0,0.0,0.0,2.0,0.0
1492729,0.0,0.0,0.0,0.0,0.0,0.0,0.0
1493176,0.0,0.0,0.0,0.0,0.0,1.0,0.0
1493615,0.0,0.0,0.0,0.0,0.0,2.0,0.0
1494115,0.0,0.0,0.0,0.0,0.0,0.0,0.0
1494659,0.0,0.0,0.0,0.0,0.0,1.0,0.0
1495159,0.0,0.0,0.0,0.0,0.0,0.0,0.0
1495219,0.0,0.0,0.0,0.0,0.0,1.0,0.0
1495490,0.0,0.0,0.0,0.0,0.0,2.0,0.0
1495990,0.0,0.0,0.0,0.0,0.0,0.0,0.0
1496333,0.0,0.0,0.0,0.0,0.0,1.0,0.0
1496833,0.0,0.0,0.0,0.0,0.0,0.0,0.0
1496964,0.0,0.0,0.0,0.0,0.0,1.0,0.0
1497325,0.0,0.0,0.0,0.0,0.0,2.0,0.0
1497825,0.0,0.0,0.0,0.0,0.0,0.0,0.0
1497965,0.0,0.0,0.0,0.0,0.0,1.0,0.0
1498465,0.0,0.0,0.0,0.0,0.0,0.0,0.0
1499533,0.0,0.0,0.0,0.0,0.0,1.0,0.0
1500033,0.0,0.0,0.0,0.0,0.0,0.0,0.0
1500069,0.0,0.0,0.0,0.0,0.0,1.0,0.0
1500569,0.0,0.0,0.0,0.0,0.0,0.0,0.0
1500656,0.0,0.0,0.0,0.0,0.0,1.0,0.0
1500660,0.0,0.0,0.0,0.0,0.0,2.0,0.0
1501160,0.0,0.0,0.0,0.0,0.0,1.0,0.0
1501660,0.0,0.0,0.0,0.0,0.0,0.0,0.0
1502035,0.0,0.0,0.0,0.0,0.0,1.0,0.0
1502535,0.0,0.0,0.0,0.0,0.0,0.0,0.0
1502775,0.0,0.0,0.0,0.0,0.0,1.0,0.0
1503275,0.0,0.0,0.0,0.0,0.0,0.0,0.0
1503427,0.0,0.0,0.0,0.0,0.0,1.0,0.0
1503927,0.0,0.0,0.0,0.0,0.0,0.0,0.0
1504212,0.0,0.0,0.0,0.0,0.0,1.0,0.0
1504646,0.0,0.0,0.0,0.0,0.0,2.0,0.0
1505146,0.0,0.0,0.0,0.0,0.0,0.0,0.0
1505253,0.0,0.0,0.0,0.0,0.0,1.0,0.0
1505753,0.0,0.0,0.0,0.0,0.0,0.0,0.0
1507546,0.0,0.0,0.0,0.0,0.0,1.0,0.0
1507568,0.0,0.0,0.0,0.0,1.0,2.0,0.0
1508068,0.0,0.0,0.0,0.0,0.0,0.0,0.0
1508229,0.0,0.0,0.0,0.0,0.0,1.0,0.0
1508729,0.0,0.0,0.0,0.0,0.0,0.0,0.0
1509291,0.0,0.0,0.0,0.0,0.0,1.0,0.0
1509422,0.0,0.0,0.0,0.0,0.0,2.0,0.0
1509922,0.0,0.0,0.0,0.0,0.0,0.0,0.0
1510544,0.0,0.0,0.0,0.0,0.0,1.0,0.0
1511044,0.0,0.0,0.0,0.0,0.0,0.0,0.0
1511064,0.0,0.0,0.0,0.0,0.0,1.0,0.0
1511494,0.0,0.0,0.0,0.0,0.0,2.0,0.0
1511994,0.0,0.0,0.0,0.0,0.0,0.0,0.0
1512121,0.0,0.0,0.0,0.0,0.0,1.0,0.0
1512621,0.0,0.0,0.0,0.0,0.0,0.0,0.0
1512633,0.0,0.0,0.0,0.0,0.0,1.0,0.0
1512833,0.0,0.0,0.0,0.0,1.0,1.0,0.0
1513133,0.0,0.0,0.0,0.0,1.0,0.0,0.0
1513262,0.0,0.0,0.0,0.0,1.0,1.0,0.0
1513333,0.0,0.0,0.0,0.0,0.0,1.0,0.0
1513674,0.0,2.0,0.0,0.0,0.0,1.0,0.0
1513722,0.0,2.0,0.0,0.0,1.0,1.0,0.0
1513762,0.0,2.0,0.0,0.0,1.0,0.0,0.0
1513791,0.0,2.0,0.0,0.0,1.0,1.0,0.0
1513800,0.0,2.0,0.0,0.0,1.0,2.0,0.0
1513938,0.0,2.0,0.0,0.0,2.0,2.0,0.0
1514174,0.0,0.0,0.0,0.0,2.0,2.0,0.0
1514300,0.0,0.0,0.0,0.0,2.0,0.0,0.0
1514438,0.0,0.0,0.0,0.0,0.0,0.0,0.0
1514509,0.0,0.0,0.0,0.0,0.0,1.0,0.0
1515009,0.0,0.0,0.0,0.0,0.0,0.0,0.0
1517355,0.0,0.0,0.0,0.0,0.0,1.0,0.0
1517855,0.0,0.0,0.0,0.0,0.0,0.0,0.0
1519376,0.0,0.0,0.0,0.0,0.0,1.0,0.0
1519380,0.0,0.0,0.0,0.0,0.0,2.0,0.0
1519880,0.0,0.0,0.0,0.0,0.0,0.0,0.0
1523999,0.0,0.0,0.0,0.0,0.0,1.0,0.0
1524499,0.0,0.0,0.0,0.0,0.0,0.0,0.0
1525656,0.0,0.0,0.0,0.0,0.0,1.0,0.0
1525658,0.0,0.0,0.0,0.0,0.0,2.0,0.0
1526158,0.0,0.0,0.0,0.0,0.0,0.0,0.0
1530039,0.0,0.0,0.0,0.0,0.0,1.0,0.0
1530539,0.0,0.0,0.0,0.0,0.0,0.0,0.0
1531147,0.0,0.0,0.0,0.0,0.0,1.0,0.0
1531647,0.0,0.0,0.0,0.0,0.0,0.0,0.0
1531850,0.0,0.0,0.0,0.0,0.0,1.0,0.0
1532350,0.0,0.0,0.0,0.0,0.0,0.0,0.0
1533015,0.0,0.0,0.0,0.0,0.0,1.0,0.0
1533515,0.0,0.0,0.0,0.0,0.0,0.0,0.0
1538289,0.0,0.0,0.0,0.0,0.0,1.0,0.0
1538789,0.0,0.0,0.0,0.0,0.0,0.0,0.0
1539003,0.0,0.0,0.0,0.0,0.0,1.0,0.0
1539503,0.0,0.0,0.0,0.0,0.0,0.0,0.0
1539771,0.0,0.0,0.0,0.0,0.0,1.0,0.0
1540271,0.0,0.0,0.0,0.0,0.0,0.0,0.0
1540903,0.0,0.0,0.0,0.0,0.0,1.0,0.0
1541403,0.0,0.0,0.0,0.0,0.0,0.0,0.0
1541683,0.0,0.0,0.0,0.0,0.0,1.0,0.0
1542183,0.0,0.0,0.0,0.0,0.0,0.0,0.0
1542958,0.0,0.0,0.0,0.0,0.0,1.0,0.0
1542960,0.0,0.0,0.0,0.0,0.0,2.0,0.0
1543460,0.0,0.0,0.0,0.0,0.0,0.0,0.0
1544085,0.0,0.0,0.0,0.0,0.0,1.0,0.0
1544585,0.0,0.0,0.0,0.0,0.0,0.0,0.0
1545734,0.0,0.0,0.0,0.0,0.0,1.0,0.0
1546234,0.0,0.0,0.0,0.0,0.0,0.0,0.0
1548052,0.0,0.0,0.0,0.0,0.0,1.0,0.0
1548552,0.0,0.0,0.0,0.0,0.0,0.0,0.0
1549382,0.0,0.0,0.0,0.0,0.0,1.0,0.0
1549882,0.0,0.0,0.0,0.0,0.0,0.0,0.0
1551596,0.0,0.0,0.0,0.0,0.0,1.0,0.0
1552096,0.0,0.0,0.0,0.0,0.0,0.0,0.0
1553595,0.0,0.0,0.0,0.0,0.0,1.0,0.0
1554095,0.0,0.0,0.0,0.0,0.0,0.0,0.0
1554377,0.0,0.0,0.0,0.0,0.0,1.0,0.0
1554877,0.0,0.0,0.0,0.0,0.0,0.0,0.0
1555722,0.0,0.0,0.0,0.0,0.0,1.0,0.0
1556222,0.0,0.0,0.0,0.0,0.0,0.0,0.0
1556231,0.0,0.0,0.0,0.0,0.0,1.0,0.0
1556731,0.0,0.0,0.0,0.0,0.0,0.0,0.0
1559171,0.0,0.0,0.0,0.0,0.0,1.0,0.0
1559671,0.0,0.0,0.0,0.0,0.0,0.0,0.0
1559948,0.0,0.0,0.0,0.0,0.0,1.0,0.0
1560448,0.0,0.0,0.0,0.0,0.0,0.0,0.0
1562711,0.0,0.0,0.0,0.0,0.0,1.0,0.0
1563211,0.0,0.0,0.0,0.0,0.0,0.0,0.0
1563470,0.0,0.0,0.0,0.0,0.0,1.0,0.0
1563970,0.0,0.0,0.0,0.0,0.0,0.0,0.0
1564045,0.0,0.0,0.0,0.0,0.0,1.0,0.0
1564545,0.0,0.0,0.0,0.0,0.0,0.0,0.0
1565623,0.0,0.0,0.0,0.0,0.0,1.0,0.0
1566123,0.0,0.0,0.0,0.0,0.0,0.0,0.0
1567447,0.0,0.0,0.0,0.0,0.0,1.0,0.0
1567944,0.0,0.0,0.0,0.0,0.0,2.0,0.0
1568444,0.0,0.0,0.0,0.0,0.0,0.0,0.0
1569080,0.0,0.0,0.0,0.0,0.0,1.0,0.0
1569580,0.0,0.0,0.0,0.0,0.0,0.0,0.0
1570216,0.0,0.0,0.0,0.0,1.0,0.0,0.0
1570716,0.0,0.0,0.0,0.0,0.0,0.0,0.0
1572617,0.0,0.0,0.0,0.0,0.0,1.0,0.0
1573117,0.0,0.0,0.0,0.0,0.0,0.0,0.0
1575590,0.0,0.0,0.0,0.0,0.0,1.0,0.0
1575591,0.0,0.0,0.0,0.0,0.0,2.0,0.0
1576091,0.0,0.0,0.0,0.0,0.0,0.0,0.0
1577358,0.0,0.0,0.0,0.0,0.0,1.0,0.0
1577858,0.0,0.0,0.0,0.0,0.0,0.0,0.0
1579598,0.0,0.0,0.0,0.0,0.0,1.0,0.0
1580098,0.0,0.0,0.0,0.0,0.0,0.0,0.0
1580303,0.0,0.0,0.0,0.0,0.0,1.0,0.0
1580803,0.0,0.0,0.0,0.0,0.0,0.0,0.0
1580812,0.0,0.0,0.0,0.0,0.0,1.0,0.0
1580822,0.0,0.0,0.0,0.0,0.0,2.0,0.0
1581322,0.0,0.0,0.0,0.0,0.0,0.0,0.0
1590235,0.0,0.0,0.0,0.0,0.0,1.0,0.0
1590735,0.0,0.0,0.0,0.0,0.0,0.0,0.0
1593773,0.0,0.0,0.0,0.0,0.0,1.0,0.0
1594273,0.0,0.0,0.0,0.0,0.0,0.0,0.0
1594403,0.0,0.0,0.0,0.0,0.0,1.0,0.0
1594903,0.0,0.0,0.0,0.0,0.0,0.0,0.0
1594928,0.0,0.0,0.0,0.0,0.0,1.0,0.0
1595207,0.0,0.0,0.0,0.0,1.0,1.0,0.0
1595208,0.0,0.0,0.0,0.0,2.0,1.0,0.0
1595209,0.0,0.0,0.0,0.0,2.0,2.0,0.0
1595708,0.0,0.0,0.0,0.0,0.0,2.0,0.0
1595709,0.0,0.0,0.0,0.0,0.0,0.0,0.0
1596410,0.0,0.0,0.0,0.0,0.0,1.0,0.0
1596423,0.0,0.0,0.0,0.0,1.0,1.0,0.0
1596910,0.0,0.0,0.0,0.0,1.0,0.0,0.0
1596923,0.0,0.0,0.0,0.0,0.0,0.0,0.0
1597694,0.0,0.0,0.0,0.0,0.0,1.0,0.0
1598194,0.0,0.0,0.0,0.0,0.0,0.0,0.0
1600210,0.0,0.0,0.0,0.0,0.0,1.0,0.0
1600710,0.0,0.0,0.0,0.0,0.0,0.0,0.0
1604735,0.0,0.0,0.0,0.0,0.0,1.0,0.0
1604748,0.0,0.0,0.0,0.0,0.0,2.0,0.0
1605248,0.0,0.0,0.0,0.0,0.0,0.0,0.0
1605978,0.0,0.0,0.0,0.0,0.0,1.0,0.0
1606478,0.0,0.0,0.0,0.0,0.0,0.0,0.0
1607075,0.0,0.0,0.0,0.0,0.0,1.0,0.0
1607575,0.0,0.0,0.0,0.0,0.0,0.0,0.0
1609179,0.0,0.0,0.0,0.0,0.0,1.0,0.0
1609679,0.0,0.0,0.0,0.0,0.0,0.0,0.0
1612244,0.0,0.0,0.0,0.0,0.0,1.0,0.0
1612744,0.0,0.0,0.0,0.0,0.0,0.0,0.0
1615000,0.0,0.0,0.0,0.0,0.0,0.0,1.0
1615458,0.0,0.0,0.0,0.0,0.0,1.0,1.0
1615459,0.0,0.0,0.0,0.0,0.0,2.0,1.0
1615500,0.0,0.0,0.0,0.0,0.0,2.0,0.0
1615615,2.0,0.0,0.0,0.0,0.0,2.0,0.0
1615627,2.0,2.0,0.0,0.0,0.0,2.0,0.0
1615660,2.0,2.0,0.0,0.0,1.0,2.0,0.0
1615700,2.0,2.0,0.0,0.0,2.0,2.0,0.0
1615959,2.0,2.0,0.0,0.0,2.0,0.0,0.0
1615964,2.0,2.0,0.0,0.0,2.0,1.0,0.0
1615967,2.0,2.0,0.0,0.0,2.0,2.0,0.0
1616115,0.0,2.0,0.0,0.0,2.0,2.0,0.0
1616127,2.0,0.0,0.0,0.0,2.0,2.0,0.0
1616200,2.0,0.0,0.0,0.0,0.0,2.0,0.0
1616467,2.0,0.0,0.0,0.0,0.0,0.0,0.0
1616471,2.0,2.0,0.0,0.0,0.0,0.0,0.0
1616627,0.0,2.0,0.0,0.0,0.0,0.0,0.0
1616971,0.0,0.0,0.0,0.0,0.0,0.0,0.0
1617065,0.0,0.0,1.0,0.0,0.0,0.0,0.0
1617538,0.0,0.0,1.0,0.0,0.0,1.0,0.0
1618038,0.0,0.0,1.0,0.0,0.0,0.0,0.0
1618181,0.0,0.0,1.0,0.0,0.0,1.0,0.0
1618681,0.0,0.0,1.0,0.0,0.0,0.0,0.0
1618827,0.0,0.0,2.0,0.0,0.0,0.0,0.0
1618828,0.0,0.0,2.0,0.0,0.0,1.0,0.0
1618864,0.0,0.0,2.0,0.0,0.0,2.0,0.0
1619327,0.0,0.0,0.0,0.0,0.0,2.0,0.0
1619364,0.0,0.0,0.0,0.0,0.0,0.0,0.0
1619896,0.0,0.0,0.0,0.0,0.0,1.0,0.0
1620396,0.0,0.0,0.0,0.0,0.0,0.0,0.0
1620498,0.0,0.0,0.0,0.0,0.0,1.0,0.0
1620998,0.0,0.0,0.0,0.0,0.0,0.0,0.0
1621433,0.0,0.0,0.0,0.0,0.0,1.0,0.0
1621440,0.0,0.0,0.0,0.0,0.0,2.0,0.0
1621940,0.0,0.0,0.0,0.0,0.0,0.0,0.0
1622338,0.0,0.0,0.0,0.0,0.0,1.0,0.0
1622347,0.0,0.0,0.0,0.0,0.0,2.0,0.0
1622351,0.0,0.0,0.0,0.0,1.0,2.0,0.0
1622847,0.0,0.0,0.0,0.0,1.0,0.0,0.0
1622851,0.0,0.0,0.0,0.0,0.0,0.0,0.0
1622890,0.0,0.0,0.0,0.0,0.0,1.0,0.0
1623390,0.0,0.0,0.0,0.0,0.0,0.0,0.0
1623403,0.0,0.0,0.0,0.0,0.0,1.0,0.0
1623903,0.0,0.0,0.0,0.0,0.0,0.0,0.0
1624790,0.0,0.0,0.0,0.0,0.0,1.0,0.0
1625290,0.0,0.0,0.0,0.0,0.0,0.0,0.0
1626256,0.0,0.0,0.0,0.0,0.0,1.0,0.0
1626756,0.0,0.0,0.0,0.0,0.0,0.0,0.0
1626916,0.0,0.0,1.0,0.0,0.0,0.0,0.0
1626948,0.0,2.0,1.0,0.0,0.0,0.0,0.0
1627416,0.0,2.0,0.0,0.0,0.0,0.0,0.0
1627448,0.0,0.0,0.0,0.0,0.0,0.0,0.0
1627802,0.0,0.0,0.0,0.0,0.0,1.0,0.0
1627804,0.0,0.0,0.0,0.0,0.0,2.0,0.0
1628304,0.0,0.0,0.0,0.0,0.0,0.0,0.0
1628451,0.0,0.0,0.0,0.0,0.0,1.0,0.0
1628457,0.0,0.0,0.0,0.0,0.0,2.0,0.0
1628957,0.0,0.0,0.0,0.0,0.0,0.0,0.0
1630285,0.0,0.0,0.0,0.0,0.0,1.0,0.0
1630303,0.0,0.0,0.0,0.0,0.0,2.0,0.0
1630803,0.0,0.0,0.0,0.0,0.0,0.0,0.0
1630919,0.0,2.0,0.0,0.0,0.0,0.0,0.0
1631241,0.0,2.0,0.0,0.0,0.0,1.0,0.0
1631419,0.0,0.0,0.0,0.0,0.0,1.0,0.0
1631630,0.0,0.0,0.0,0.0,0.0,2.0,0.0
1632130,0.0,0.0,0.0,0.0,0.0,0.0,0.0
1632522,0.0,0.0,0.0,0.0,0.0,1.0,0.0
1632683,0.0,0.0,0.0,0.0,0.0,2.0,0.0
1633183,0.0,0.0,0.0,0.0,0.0,0.0,0.0
1634550,0.0,0.0,0.0,0.0,0.0,1.0,0.0
1635050,0.0,0.0,0.0,0.0,0.0,0.0,0.0
1635161,0.0,0.0,0.0,0.0,0.0,1.0,0.0
1635164,0.0,0.0,0.0,0.0,0.0,2.0,0.0
1635664,0.0,0.0,0.0,0.0,0.0,0.0,0.0
1637118,0.0,0.0,0.0,0.0,0.0,1.0,0.0
1637618,0.0,0.0,0.0,0.0,0.0,0.0,0.0
1637863,0.0,0.0,0.0,0.0,0.0,1.0,0.0
1638363,0.0,0.0,0.0,0.0,0.0,0.0,0.0
1638473,0.0,0.0,0.0,0.0,0.0,1.0,0.0
1638629,0.0,0.0,0.0,0.0,0.0,2.0,0.0
1638639,0.0,0.0,0.0,0.0,1.0,2.0,0.0
1639129,0.0,0.0,0.0,0.0,1.0,0.0,0.0
1639139,0.0,0.0,0.0,0.0,0.0,0.0,0.0
1639229,0.0,0.0,0.0,0.0,0.0,1.0,0.0
1639232,0.0,0.0,0.0,0.0,0.0,2.0,0.0
1639732,0.0,0.0,0.0,0.0,0.0,0.0,0.0
1640398,0.0,0.0,0.0,0.0,0.0,1.0,0.0
1640898,0.0,0.0,0.0,0.0,0.0,0.0,0.0
1641109,0.0,0.0,0.0,0.0,0.0,1.0,0.0
1641123,0.0,0.0,0.0,0.0,0.0,2.0,0.0
1641623,0.0,0.0,0.0,0.0,0.0,0.0,0.0
1642242,0.0,0.0,0.0,0.0,0.0,1.0,0.0
1642742,0.0,0.0,0.0,0.0,0.0,0.0,0.0
1642834,0.0,0.0,0.0,0.0,0.0,1.0,0.0
1642849,0.0,0.0,0.0,0.0,0.0,2.0,0.0
1643349,0.0,0.0,0.0,0.0,0.0,0.0,0.0
1643829,0.0,0.0,0.0,0.0,0.0,1.0,0.0
1643992,0.0,0.0,0.0,0.0,0.0,2.0,0.0
1644492,0.0,0.0,0.0,0.0,0.0,0.0,0.0
1645865,0.0,0.0,0.0,0.0,0.0,1.0,0.0
1646365,0.0,0.0,0.0,0.0,0.0,0.0,0.0
1646546,0.0,0.0,0.0,0.0,0.0,1.0,0.0
1647046,0.0,0.0,0.0,0.0,0.0,0.0,0.0
1647111,0.0,0.0,0.0,0.0,0.0,1.0,0.0
1647114,0.0,0.0,0.0,0.0,0.0,2.0,0.0
1647614,0.0,0.0,0.0,0.0,0.0,0.0,0.0
1647819,0.0,0.0,0.0,0.0,0.0,1.0,0.0
1647932,0.0,0.0,0.0,0.0,0.0,2.0,0.0
1648432,0.0,0.0,0.0,0.0,0.0,0.0,0.0
1649680,0.0,0.0,0.0,0.0,0.0,1.0,0.0
1649768,0.0,0.0,0.0,0.0,0.0,2.0,0.0
1650268,0.0,0.0,0.0,0.0,0.0,0.0,0.0
1650614,0.0,0.0,0.0,0.0,0.0,1.0,0.0
1651114,0.0,0.0,0.0,0.0,0.0,0.0,0.0
1651397,0.0,0.0,0.0,0.0,0.0,1.0,0.0
1651897,0.0,0.0,0.0,0.0,0.0,0.0,0.0
1652000,0.0,0.0,0.0,0.0,0.0,1.0,0.0
1652451,0.0,0.0,0.0,0.0,0.0,2.0,0.0
1652951,0.0,0.0,0.0,0.0,0.0,0.0,0.0
1653812,0.0,0.0,0.0,0.0,0.0,1.0,0.0
1654312,0.0,0.0,0.0,0.0,0.0,0.0,0.0
1654379,0.0,0.0,0.0,0.0,0.0,1.0,0.0
1654757,0.0,2.0,0.0,0.0,0.0,1.0,0.0
1654856,0.0,2.0,0.0,0.0,0.0,2.0,0.0
1655257,0.0,0.0,0.0,0.0,0.0,2.0,0.0
1655356,0.0,0.0,0.0,0.0,0.0,0.0,0.0
1655375,0.0,0.0,0.0,0.0,0.0,1.0,0.0
1655875,0.0,0.0,0.0,0.0,0.0,0.0,0.0
1656591,0.0,0.0,0.0,0.0,0.0,1.0,0.0
1656598,0.0,0.0,0.0,0.0,0.0,2.0,0.0
1656801,0.0,0.0,0.0,0.0,1.0,2.0,0.0
1657098,0.0,0.0,0.0,0.0,1.0,0.0,0.0
1657301,0.0,0.0,0.0,0.0,0.0,0.0,0.0
1657546,0.0,0.0,0.0,0.0,0.0,1.0,0.0
1657617,0.0,0.0,0.0,0.0,0.0,2.0,0.0
1658117,0.0,0.0,0.0,0.0,0.0,0.0,0.0
1658277,0.0,0.0,0.0,0.0,0.0,1.0,0.0
1658777,0.0,0.0,0.0,0.0,0.0,0.0,0.0
1658789,0.0,0.0,0.0,0.0,0.0,1.0,0.0
1659289,0.0,0.0,0.0,0.0,0.0,0.0,0.0
1659841,0.0,0.0,0.0,0.0,0.0,1.0,0.0
1660341,0.0,0.0,0.0,0.0,0.0,0.0,0.0
1660356,0.0,0.0,0.0,0.0,0.0,1.0,0.0
1660557,0.0,0.0,0.0,0.0,0.0,2.0,0.0
1661057,0.0,0.0,0.0,0.0,0.0,0.0,0.0
1661084,0.0,0.0,0.0,0.0,0.0,1.0,0.0
1661584,0.0,0.0,0.0,0.0,0.0,0.0,0.0
1661785,0.0,0.0,0.0,0.0,0.0,1.0,0.0
1661804,0.0,0.0,0.0,0.0,0.0,2.0,0.0
1662304,0.0,0.0,0.0,0.0,0.0,0.0,0.0
1663023,0.0,0.0,0.0,0.0,0.0,1.0,0.0
1663314,0.0,0.0,0.0,0.0,1.0,1.0,0.0
1663323,0.0,0.0,0.0,0.0,1.0,2.0,0.0
1663814,0.0,0.0,0.0,0.0,0.0,2.0,0.0
1663823,0.0,0.0,0.0,0.0,0.0,0.0,0.0
1664640,0.0,0.0,0.0,0.0,0.0,1.0,0.0
1665140,0.0,0.0,0.0,0.0,0.0,0.0,0.0
1665143,0.0,0.0,0.0,0.0,0.0,1.0,0.0
1665149,0.0,0.0,0.0,0.0,0.0,2.0,0.0
1665649,0.0,0.0,0.0,0.0,0.0,0.0,0.0
1665838,0.0,0.0,0.0,0.0,0.0,1.0,0.0
1666338,0.0,0.0,0.0,0.0,0.0,0.0,0.0
1666401,0.0,0.0,0.0,0.0,0.0,1.0,0.0
1666901,0.0,0.0,0.0,0.0,0.0,0.0,0.0
1667204,0.0,0.0,0.0,0.0,0.0,1.0,0.0
1667299,0.0,0.0,0.0,0.0,0.0,2.0,0.0
1667799,0.0,0.0,0.0,0.0,0.0,0.0,0.0
1668234,0.0,0.0,0.0,0.0,0.0,1.0,0.0
1668734,0.0,0.0,0.0,0.0,0.0,0.0,0.0
1669152,0.0,0.0,0.0,0.0,0.0,1.0,0.0
1669652,0.0,0.0,0.0,0.0,0.0,0.0,0.0
1669674,0.0,0.0,0.0,0.0,0.0,1.0,0.0
1670174,0.0,0.0,0.0,0.0,0.0,0.0,0.0
1670192,0.0,0.0,0.0,0.0,0.0,1.0,0.0
1670198,0.0,0.0,0.0,0.0,0.0,2.0,0.0
1670698,0.0,0.0,0.0,0.0,0.0,0.0,0.0
1670802,0.0,0.0,0.0,0.0,0.0,1.0,0.0
1671302,0.0,0.0,0.0,0.0,0.0,0.0,0.0
1671334,0.0,0.0,0.0,0.0,0.0,1.0,0.0
1671834,0.0,0.0,0.0,0.0,0.0,0.0,0.0
1672104,0.0,0.0,0.0,0.0,0.0,1.0,0.0
1672604,0.0,0.0,0.0,0.0,0.0,0.0,0.0
1673099,0.0,0.0,0.0,0.0,0.0,1.0,0.0
1673175,0.0,0.0,0.0,0.0,0.0,2.0,0.0
1673675,0.0,0.0,0.0,0.0,0.0,0.0,0.0
1674301,0.0,0.0,0.0,0.0,0.0,1.0,0.0
1674801,0.0,0.0,0.0,0.0,0.0,0.0,0.0
1674855,0.0,0.0,0.0,0.0,0.0,1.0,0.0
1674862,0.0,0.0,0.0,0.0,0.0,2.0,0.0
1675362,0.0,0.0,0.0,0.0,0.0,0.0,0.0
1676005,0.0,0.0,0.0,0.0,0.0,1.0,0.0
1676505,0.0,0.0,0.0,0.0,0.0,0.0,0.0
1677279,0.0,0.0,0.0,0.0,0.0,1.0,0.0
1677779,0.0,0.0,0.0,0.0,0.0,0.0,0.0
1678979,0.0,0.0,0.0,0.0,0.0,1.0,0.0
1679479,0.0,0.0,0.0,0.0,0.0,0.0,0.0
1679509,0.0,0.0,0.0,0.0,0.0,1.0,0.0
1680006,0.0,0.0,0.0,0.0,0.0,2.0,0.0
1680506,0.0,0.0,0.0,0.0,0.0,0.0,0.0
1680743,0.0,0.0,0.0,0.0,0.0,1.0,0.0
1681243,0.0,0.0,0.0,0.0,0.0,0.0,0.0
1681927,0.0,0.0,0.0,0.0,0.0,1.0,0.0
1681930,0.0,0.0,0.0,0.0,0.0,2.0,0.0
1682430,0.0,0.0,0.0,0.0,0.0,0.0,0.0
1682840,0.0,0.0,0.0,0.0,0.0,1.0,0.0
1682844,0.0,0.0,0.0,0.0,0.0,2.0,0.0
1683344,0.0,0.0,0.0,0.0,0.0,0.0,0.0
1683866,0.0,0.0,0.0,0.0,0.0,1.0,0.0
1684122,0.0,0.0,0.0,0.0,0.0,2.0,0.0
1684622,0.0,0.0,0.0,0.0,0.0,0.0,0.0
1685314,0.0,0.0,0.0,0.0,0.0,1.0,0.0
1685814,0.0,0.0,0.0,0.0,0.0,0.0,0.0
1686253,0.0,0.0,0.0,0.0,0.0,1.0,0.0
1686753,0.0,0.0,0.0,0.0,0.0,0.0,0.0
1687054,0.0,0.0,0.0,0.0,0.0,1.0,0.0
1687554,0.0,0.0,0.0,0.0,0.0,0.0,0.0
1688057,0.0,0.0,0.0,0.0,0.0,1.0,0.0
1688557,0.0,0.0,0.0,0.0,0.0,0.0,0.0
1688633,0.0,0.0,0.0,0.0,0.0,1.0,0.0
1688642,0.0,0.0,0.0,0.0,0.0,2.0,0.0
1689142,0.0,0.0,0.0,0.0,0.0,0.0,0.0
1689299,0.0,0.0,0.0,0.0,0.0,1.0,0.0
1689799,0.0,0.0,0.0,0.0,0.0,0.0,0.0
1690485,0.0,0.0,0.0,0.0,0.0,1.0,0.0
1690985,0.0,0.0,0.0,0.0,0.0,0.0,0.0
1691037,0.0,0.0,0.0,0.0,0.0,1.0,0.0
1691537,0.0,0.0,0.0,0.0,0.0,0.0,0.0
1692271,0.0,0.0,0.0,0.0,0.0,1.0,0.0
1692771,0.0,0.0,0.0,0.0,0.0,0.0,0.0
1693614,0.0,0.0,0.0,0.0,0.0,1.0,0.0
1694114,0.0,0.0,0.0,0.0,0.0,0.0,0.0
1694347,0.0,0.0,0.0,0.0,0.0,1.0,0.0
1694847,0.0,0.0,0.0,0.0,0.0,0.0,0.0
1695086,0.0,0.0,0.0,0.0,0.0,1.0,0.0
1695095,0.0,0.0,0.0,0.0,0.0,2.0,0.0
1695595,0.0,0.0,0.0,0.0,0.0,0.0,0.0
1696134,0.0,0.0,0.0,0.0,0.0,1.0,0.0
1696360,0.0,0.0,0.0,0.0,0.0,2.0,0.0
1696860,0.0,0.0,0.0,0.0,0.0,0.0,0.0
1697208,0.0,2.0,0.0,0.0,0.0,0.0,0.0
1697708,0.0,0.0,0.0,0.0,0.0,0.0,0.0
1697969,0.0,0.0,0.0,0.0,0.0,1.0,0.0
1698013,0.0,0.0,0.0,0.0,0.0,2.0,0.0
1698513,0.0,0.0,0.0,0.0,0.0,0.0,0.0
1698589,0.0,0.0,0.0,0.0,0.0,1.0,0.0
1699089,0.0,0.0,0.0,0.0,0.0,0.0,0.0
1699455,0.0,0.0,0.0,0.0,0.0,1.0,0.0
1699955,0.0,0.0,0.0,0.0,0.0,0.0,0.0
1700341,0.0,0.0,0.0,0.0,0.0,1.0,0.0
1700841,0.0,0.0,0.0,0.0,0.0,0.0,0.0
1701928,0.0,0.0,0.0,0.0,0.0,1.0,0.0
1702428,0.0,0.0,0.0,0.0,0.0,0.0,0.0
1703031,0.0,0.0,0.0,0.0,0.0,1.0,0.0
1703231,0.0,0.0,0.0,0.0,0.0,2.0,0.0
1703731,0.0,0.0,0.0,0.0,0.0,0.0,0.0
1704676,0.0,0.0,0.0,0.0,0.0,1.0,0.0
1705176,0.0,0.0,0.0,0.0,0.0,0.0,0.0
1705689,0.0,0.0,0.0,0.0,0.0,1.0,0.0
1706189,0.0,0.0,0.0,0.0,0.0,0.0,0.0
1706314,0.0,0.0,0.0,0.0,0.0,1.0,0.0
1706814,0.0,0.0,0.0,0.0,0.0,0.0,0.0
1707554,0.0,0.0,0.0,0.0,0.0,1.0,0.0
1708005,0.0,0.0,0.0,0.0,0.0,2.0,0.0
1708505,0.0,0.0,0.0,0.0,0.0,0.0,0.0
1708510,0.0,0.0,0.0,0.0,0.0,1.0,0.0
1708554,0.0,0.0,0.0,0.0,0.0,2.0,0.0
1709054,0.0,0.0,0.0,0.0,0.0,0.0,0.0
1709367,0.0,0.0,0.0,0.0,0.0,1.0,0.0
1709568,0.0,0.0,0.0,0.0,0.0,2.0,0.0
1710068,0.0,0.0,0.0,0.0,0.0,0.0,0.0
1711001,0.0,0.0,0.0,0.0,0.0,1.0,0.0
1711501,0.0,0.0,0.0,0.0,0.0,0.0,0.0
1712290,0.0,0.0,0.0,0.0,0.0,1.0,0.0
1712703,0.0,0.0,0.0,0.0,0.0,2.0,0.0
1713203,0.0,0.0,0.0,0.0,0.0,0.0,0.0
1714019,0.0,0.0,0.0,0.0,0.0,1.0,0.0
1714022,0.0,0.0,0.0,0.0,0.0,2.0,0.0
1714522,0.0,0.0,0.0,0.0,0.0,0.0,0.0
1714641,0.0,0.0,0.0,0.0,0.0,1.0,0.0
1714677,0.0,0.0,0.0,0.0,0.0,2.0,0.0
1715177,0.0,0.0,0.0,0.0,0.0,0.0,0.0
1715774,0.0,0.0,0.0,0.0,0.0,1.0,0.0
1715781,0.0,0.0,0.0,0.0,0.0,2.0,0.0
1716281,0.0,0.0,0.0,0.0,0.0,0.0,0.0
1719257,0.0,0.0,0.0,0.0,1.0,0.0,0.0
1719632,0.0,0.0,0.0,0.0,1.0,1.0,0.0
1719757,0.0,0.0,0.0,0.0,0.0,1.0,0.0
1720132,0.0,0.0,0.0,0.0,0.0,0.0,0.0
1723219,0.0,0.0,0.0,0.0,0.0,1.0,0.0
1723719,0.0,0.0,0.0,0.0,0.0,0.0,0.0
1723965,0.0,0.0,0.0,0.0,1.0,0.0,0.0
1724242,0.0,0.0,0.0,0.0,1.0,1.0,0.0
1724465,0.0,0.0,0.0,0.0,0.0,1.0,0.0
1724742,0.0,0.0,0.0,0.0,0.0,0.0,0.0
1724993,0.0,0.0,0.0,0.0,0.0,1.0,0.0
1725493,0.0,0.0,0.0,0.0,0.0,0.0,0.0
1727462,0.0,0.0,0.0,0.0,0.0,1.0,0.0
1727464,0.0,0.0,0.0,0.0,0.0,2.0,0.0
1727964,0.0,0.0,0.0,0.0,0.0,0.0,0.0
1731443,0.0,0.0,0.0,0.0,0.0,1.0,0.0
1731943,0.0,0.0,0.0,0.0,0.0,0.0,0.0
1733092,0.0,0.0,0.0,0.0,0.0,1.0,0.0
1733592,0.0,0.0,0.0,0.0,0.0,0.0,0.0
1733943,0.0,0.0,0.0,0.0,0.0,1.0,0.0
1734443,0.0,0.0,0.0,0.0,0.0,0.0,0.0
1734476,0.0,0.0,0.0,0.0,0.0,1.0,0.0
1734481,0.0,0.0,0.0,0.0,0.0,2.0,0.0
1734981,0.0,0.0,0.0,0.0,0.0,0.0,0.0
1735930,0.0,0.0,0.0,0.0,0.0,1.0,0.0
1736430,0.0,0.0,0.0,0.0,0.0,0.0,0.0
1740141,0.0,0.0,0.0,0.0,0.0,1.0,0.0
1740641,0.0,0.0,0.0,0.0,0.0,0.0,0.0
1741369,0.0,0.0,0.0,0.0,0.0,1.0,0.0
1741510,0.0,0.0,0.0,0.0,0.0,2.0,0.0
1742010,0.0,0.0,0.0,0.0,0.0,0.0,0.0
1745797,0.0,0.0,0.0,0.0,0.0,1.0,0.0
1746297,0.0,0.0,0.0,0.0,0.0,0.0,0.0
1746616,0.0,0.0,0.0,0.0,0.0,1.0,0.0
1747116,0.0,0.0,0.0,0.0,0.0,0.0,0.0
1747253,0.0,0.0,0.0,0.0,0.0,1.0,0.0
1747753,0.0,0.0,0.0,0.0,0.0,0.0,0.0
1747982,0.0,0.0,0.0,0.0,0.0,1.0,0.0
1748482,0.0,0.0,0.0,0.0,0.0,0.0,0.0
1749047,0.0,0.0,0.0,0.0,0.0,1.0,0.0
1749547,0.0,0.0,0.0,0.0,0.0,0.0,0.0
1750726,0.0,0.0,0.0,0.0,0.0,1.0,0.0
1751226,0.0,0.0,0.0,0.0,0.0,0.0,0.0
1752615,0.0,0.0,0.0,0.0,0.0,1.0,0.0
1753115,0.0,0.0,0.0,0.0,0.0,0.0,0.0
1755219,0.0,0.0,0.0,0.0,0.0,1.0,0.0
1755225,0.0,0.0,0.0,0.0,0.0,2.0,0.0
1755725,0.0,0.0,0.0,0.0,0.0,0.0,0.0
1758560,0.0,0.0,0.0,0.0,0.0,1.0,0.0
1759060,0.0,0.0,0.0,0.0,0.0,0.0,0.0
1759861,0.0,0.0,0.0,0.0,0.0,1.0,0.0
1759863,0.0,0.0,0.0,0.0,0.0,2.0,0.0
1760363,0.0,0.0,0.0,0.0,0.0,0.0,0.0
1760783,0.0,0.0,0.0,0.0,0.0,1.0,0.0
1761283,0.0,0.0,0.0,0.0,0.0,0.0,0.0
1765166,0.0,0.0,0.0,0.0,0.0,1.0,0.0
1765666,0.0,0.0,0.0,0.0,0.0,0.0,0.0
1766323,0.0,0.0,0.0,0.0,0.0,1.0,0.0
1766823,0.0,0.0,0.0,0.0,0.0,0.0,0.0
1767966,0.0,0.0,0.0,0.0,0.0,1.0,0.0
1768466,0.0,0.0,0.0,0.0,0.0,0.0,0.0
1769738,0.0,0.0,0.0,0.0,0.0,1.0,0.0
1770238,0.0,0.0,0.0,0.0,0.0,0.0,0.0
1770700,0.0,0.0,0.0,0.0,0.0,1.0,0.0
1771200,0.0,0.0,0.0,0.0,0.0,0.0,0.0
1771337,0.0,0.0,0.0,0.0,0.0,1.0,0.0
1771837,0.0,0.0,0.0,0.0,0.0,0.0,0.0
1773698,0.0,0.0,0.0,0.0,0.0,1.0,0.0
1773703,0.0,0.0,0.0,0.0,0.0,2.0,0.0
1774203,0.0,0.0,0.0,0.0,0.0,0.0,0.0
1774264,0.0,0.0,0.0,0.0,0.0,1.0,0.0
1774764,0.0,0.0,0.0,0.0,0.0,0.0,0.0
1777690,0.0,0.0,0.0,0.0,0.0,1.0,0.0
1777695,0.0,0.0,0.0,0.0,0.0,2.0,0.0
1778195,0.0,0.0,0.0,0.0,0.0,0.0,0.0
1778926,0.0,0.0,0.0,0.0,0.0,1.0,0.0
1778930,0.0,0.0,0.0,0.0,0.0,2.0,0.0
1779430,0.0,0.0,0.0,0.0,0.0,0.0,0.0
1780816,0.0,0.0,0.0,0.0,0.0,1.0,0.0
1781316,0.0,0.0,0.0,0.0,0.0,0.0,0.0
1781457,0.0,0.0,0.0,0.0,0.0,1.0,0.0
1781957,0.0,0.0,0.0,0.0,0.0,0.0,0.0
1782017,0.0,0.0,0.0,0.0,0.0,1.0,0.0
1782517,0.0,0.0,0.0,0.0,0.0,0.0,0.0
1783450,0.0,0.0,0.0,0.0,0.0,1.0,0.0
1783453,0.0,0.0,0.0,0.0,0.0,2.0,0.0
1783953,0.0,0.0,0.0,0.0,0.0,0.0,0.0
1784389,0.0,0.0,0.0,0.0,0.0,1.0,0.0
1784889,0.0,0.0,0.0,0.0,0.0,0.0,0.0
1785171,0.0,0.0,0.0,0.0,0.0,1.0,0.0
1785671,0.0,0.0,0.0,0.0,0.0,0.0,0.0
1788153,0.0,0.0,0.0,0.0,0.0,1.0,0.0
1788653,0.0,0.0,0.0,0.0,0.0,0.0,0.0
1791355,0.0,0.0,0.0,0.0,0.0,1.0,0.0
1791429,0.0,0.0,0.0,0.0,0.0,2.0,0.0
1791929,0.0,0.0,0.0,0.0,0.0,0.0,0.0
1798018,0.0,0.0,0.0,0.0,0.0,1.0,0.0
1798027,0.0,0.0,0.0,0.0,0.0,2.0,0.0
1798527,0.0,0.0,0.0,0.0,0.0,0.0,0.0
1798959,0.0,0.0,0.0,0.0,0.0,1.0,0.0
1798961,0.0,0.0,0.0,0.0,1.0,1.0,0.0
1799459,0.0,0.0,0.0,0.0,1.0,0.0,0.0
1799461,0.0,0.0,0.0,0.0,0.0,0.0,0.0
1803085,0.0,0.0,0.0,0.0,0.0,1.0,0.0
1803585,0.0,0.0,0.0,0.0,0.0,0.0,0.0
1803663,0.0,0.0,0.0,0.0,0.0,1.0,0.0
1803665,0.0,0.0,0.0,0.0,0.0,2.0,0.0
1804165,0.0,0.0,0.0,0.0,0.0,0.0,0.0
1810212,0.0,0.0,0.0,0.0,0.0,1.0,0.0
1810712,0.0,0.0,0.0,0.0,0.0,0.0,0.0
1811225,0.0,0.0,0.0,0.0,0.0,1.0,0.0
1811227,0.0,0.0,0.0,0.0,0.0,2.0,0.0
1811727,0.0,0.0,0.0,0.0,0.0,0.0,0.0
1812492,0.0,0.0,0.0,0.0,0.0,1.0,0.0
1812992,0.0,0.0,0.0,0.0,0.0,0.0,0.0
1813743,0.0,0.0,0.0,0.0,0.0,1.0,0.0
1814243,0.0,0.0,0.0,0.0,0.0,0.0,0.0
1816271,0.0,0.0,0.0,0.0,0.0,1.0,0.0
1816273,0.0,0.0,0.0,0.0,0.0,2.0,0.0
1816773,0.0,0.0,0.0,0.0,0.0,0.0,0.0
1816898,0.0,0.0,0.0,0.0,0.0,1.0,0.0
1817000,0.0,0.0,0.0,0.0,0.0,1.0,1.0
1817398,0.0,0.0,0.0,0.0,0.0,0.0,1.0
1817405,0.0,0.0,0.0,0.0,0.0,1.0,1.0
1817409,0.0,0.0,0.0,0.0,0.0,2.0,1.0
1817500,0.0,0.0,0.0,0.0,0.0,2.0,0.0
1817567,2.0,0.0,0.0,0.0,0.0,2.0,0.0
1817752,2.0,2.0,0.0,0.0,0.0,2.0,0.0
1817903,2.0,2.0,0.0,0.0,1.0,2.0,0.0
1817909,2.0,2.0,0.0,0.0,1.0,0.0,0.0
1817981,2.0,2.0,0.0,0.0,2.0,0.0,0.0
1818067,0.0,2.0,0.0,0.0,2.0,0.0,0.0
1818135,0.0,2.0,0.0,0.0,2.0,1.0,0.0
1818252,0.0,0.0,0.0,0.0,2.0,1.0,0.0
1818463,2.0,0.0,0.0,0.0,2.0,1.0,0.0
1818481,2.0,0.0,0.0,0.0,0.0,1.0,0.0
1818635,2.0,0.0,0.0,0.0,0.0,0.0,0.0
1818963,0.0,0.0,0.0,0.0,0.0,0.0,0.0
1819225,0.0,0.0,1.0,0.0,0.0,0.0,0.0
1819296,0.0,0.0,1.0,0.0,0.0,1.0,0.0
1819796,0.0,0.0,1.0,0.0,0.0,0.0,0.0
1819946,0.0,0.0,1.0,0.0,0.0,1.0,0.0
1820287,2.0,0.0,1.0,0.0,0.0,1.0,0.0
1820446,2.0,0.0,1.0,0.0,0.0,0.0,0.0
1820637,2.0,0.0,2.0,0.0,0.0,0.0,0.0
1820695,2.0,0.0,2.0,0.0,0.0,1.0,0.0
1820787,0.0,0.0,2.0,0.0,0.0,1.0,0.0
1821137,0.0,0.0,0.0,0.0,0.0,1.0,0.0
1821195,0.0,0.0,0.0,0.0,0.0,0.0,0.0
1821487,0.0,0.0,0.0,0.0,0.0,1.0,0.0
1821987,0.0,0.0,0.0,0.0,0.0,0.0,0.0
1822197,0.0,0.0,0.0,0.0,0.0,1.0,0.0
1822697,0.0,0.0,0.0,0.0,0.0,0.0,0.0
1824110,0.0,0.0,0.0,0.0,0.0,1.0,0.0
1824610,0.0,0.0,0.0,0.0,0.0,0.0,0.0
1824793,0.0,0.0,0.0,0.0,0.0,1.0,0.0
1824857,0.0,0.0,0.0,0.0,0.0,2.0,0.0
1825357,0.0,0.0,0.0,0.0,0.0,0.0,0.0
1825633,0.0,0.0,0.0,0.0,0.0,1.0,0.0
1826133,0.0,0.0,0.0,0.0,0.0,0.0,0.0
1826602,0.0,0.0,0.0,0.0,0.0,1.0,0.0
1827102,0.0,0.0,0.0,0.0,0.0,0.0,0.0
1827114,0.0,0.0,0.0,0.0,0.0,1.0,0.0
1827117,0.0,0.0,0.0,0.0,0.0,2.0,0.0
1827617,0.0,0.0,0.0,0.0,0.0,0.0,0.0
1827837,0.0,0.0,0.0,0.0,0.0,1.0,0.0
1828337,0.0,0.0,0.0,0.0,0.0,0.0,0.0
1828918,0.0,0.0,0.0,0.0,0.0,1.0,0.0
1829182,0.0,0.0,0.0,0.0,0.0,2.0,0.0
1829682,0.0,0.0,0.0,0.0,0.0,0.0,0.0
1829787,0.0,0.0,0.0,0.0,0.0,1.0,0.0
1829794,0.0,0.0,0.0,0.0,0.0,2.0,0.0
1830294,0.0,0.0,0.0,0.0,0.0,0.0,0.0
1830339,0.0,0.0,0.0,0.0,0.0,1.0,0.0
1830586,0.0,0.0,0.0,0.0,0.0,2.0,0.0
1831086,0.0,0.0,0.0,0.0,0.0,0.0,0.0
1831494,0.0,0.0,0.0,0.0,0.0,1.0,0.0
1831648,0.0,0.0,0.0,0.0,0.0,2.0,0.0
1832148,0.0,0.0,0.0,0.0,0.0,0.0,0.0
1832954,0.0,0.0,0.0,0.0,0.0,1.0,0.0
1833164,0.0,0.0,0.0,0.0,0.0,2.0,0.0
1833664,0.0,0.0,0.0,0.0,0.0,0.0,0.0
1834159,0.0,0.0,0.0,0.0,0.0,1.0,0.0
1834659,0.0,0.0,0.0,0.0,0.0,0.0,0.0
1835021,0.0,0.0,0.0,0.0,0.0,1.0,0.0
1835052,0.0,0.0,0.0,0.0,0.0,2.0,0.0
1835552,0.0,0.0,0.0,0.0,0.0,0.0,0.0
1835643,0.0,0.0,0.0,0.0,0.0,1.0,0.0
1836143,0.0,0.0,0.0,0.0,0.0,0.0,0.0
1836155,0.0,0.0,0.0,0.0,0.0,1.0,0.0
1836158,0.0,0.0,0.0,0.0,0.0,2.0,0.0
1836658,0.0,0.0,0.0,0.0,0.0,0.0,0.0
1836996,0.0,0.0,0.0,0.0,0.0,1.0,0.0
1837000,0.0,0.0,0.0,0.0,0.0,2.0,0.0
1837500,0.0,0.0,0.0,0.0,0.0,0.0,0.0
1838281,0.0,0.0,0.0,0.0,0.0,1.0,0.0
1838781,0.0,0.0,0.0,0.0,0.0,0.0,0.0
1839274,0.0,0.0,0.0,0.0,0.0,1.0,0.0
1839465,0.0,0.0,0.0,0.0,0.0,2.0,0.0
1839965,0.0,0.0,0.0,0.0,0.0,0.0,0.0
1840641,0.0,0.0,0.0,0.0,0.0,1.0,0.0
1840654,0.0,0.0,0.0,0.0,0.0,2.0,0.0
1841154,0.0,0.0,0.0,0.0,0.0,0.0,0.0
1841413,0.0,0.0,0.0,0.0,0.0,1.0,0.0
1841517,0.0,0.0,0.0,0.0,0.0,2.0,0.0
1842017,0.0,0.0,0.0,0.0,0.0,0.0,0.0
1842746,0.0,0.0,0.0,0.0,1.0,0.0,0.0
1842966,0.0,0.0,0.0,0.0,1.0,1.0,0.0
1843246,0.0,0.0,0.0,0.0,0.0,1.0,0.0
1843466,0.0,0.0,0.0,0.0,0.0,0.0,0.0
1843965,0.0,0.0,0.0,0.0,0.0,1.0,0.0
1844465,0.0,0.0,0.0,0.0,0.0,0.0,0.0
1845155,0.0,0.0,0.0,0.0,0.0,1.0,0.0
1845158,0.0,0.0,0.0,0.0,0.0,2.0,0.0
1845658,0.0,0.0,0.0,0.0,0.0,0.0,0.0
1846114,0.0,0.0,0.0,0.0,0.0,1.0,0.0
1846439,0.0,2.0,0.0,0.0,0.0,1.0,0.0
1846614,0.0,2.0,0.0,0.0,0.0,0.0,0.0
1846939,0.0,0.0,0.0,0.0,0.0,0.0,0.0
1847324,0.0,0.0,0.0,0.0,0.0,1.0,0.0
1847328,0.0,0.0,0.0,0.0,0.0,2.0,0.0
1847828,0.0,0.0,0.0,0.0,0.0,0.0,0.0
1848212,0.0,0.0,0.0,0.0,0.0,1.0,0.0
1848714,0.0,0.0,0.0,0.0,0.0,2.0,0.0
1849065,0.0,0.0,1.0,0.0,0.0,2.0,0.0
1849214,0.0,0.0,1.0,0.0,0.0,0.0,0.0
1849328,0.0,0.0,1.0,0.0,0.0,1.0,0.0
1849669,0.0,0.0,1.0,0.0,0.0,2.0,0.0
1849787,0.0,0.0,1.0,0.0,1.0,2.0,0.0
1850169,0.0,0.0,1.0,0.0,1.0,0.0,0.0
1850226,0.0,0.0,1.0,0.0,1.0,1.0,0.0
1850726,0.0,0.0,1.0,0.0,1.0,0.0,0.0
1850728,0.0,0.0,1.0,0.0,1.0,1.0,0.0
1850893,0.0,0.0,1.0,0.0,2.0,1.0,0.0
1850894,0.0,2.0,1.0,0.0,2.0,1.0,0.0
1851108,0.0,2.0,1.0,0.0,2.0,2.0,0.0
1851393,0.0,2.0,1.0,0.0,0.0,2.0,0.0
1851394,0.0,0.0,1.0,0.0,0.0,2.0,0.0
1851608,0.0,0.0,1.0,0.0,0.0,0.0,0.0
1851621,0.0,0.0,1.0,0.0,0.0,1.0,0.0
1851624,0.0,0.0,1.0,0.0,0.0,2.0,0.0
1852124,0.0,0.0,1.0,0.0,0.0,0.0,0.0
1852515,0.0,0.0,1.0,0.0,0.0,1.0,0.0
1853015,0.0,0.0,1.0,0.0,0.0,0.0,0.0
1853044,0.0,0.0,1.0,0.0,0.0,1.0,0.0
1853544,0.0,0.0,1.0,0.0,0.0,0.0,0.0
1853723,0.0,0.0,1.0,0.0,0.0,1.0,0.0
1853727,0.0,0.0,1.0,0.0,0.0,2.0,0.0
1854227,0.0,0.0,1.0,0.0,0.0,0.0,0.0
1854331,0.0,0.0,1.0,0.0,0.0,1.0,0.0
1854334,0.0,0.0,1.0,0.0,0.0,2.0,0.0
1854834,0.0,0.0,1.0,0.0,0.0,0.0,0.0
1855166,0.0,0.0,1.0,0.0,0.0,1.0,0.0
1855666,0.0,0.0,1.0,0.0,0.0,0.0,0.0
1856323,0.0,0.0,1.0,0.0,0.0,1.0,0.0
1856823,0.0,0.0,1.0,0.0,0.0,0.0,0.0
1857932,0.0,2.0,1.0,0.0,0.0,0.0,0.0
1857948,0.0,2.0,1.0,0.0,0.0,1.0,0.0
1858432,0.0,0.0,1.0,0.0,0.0,1.0,0.0
1858448,0.0,0.0,1.0,0.0,0.0,0.0,0.0
1858536,0.0,0.0,1.0,0.0,1.0,0.0,0.0
1858541,0.0,0.0,1.0,0.0,1.0,1.0,0.0
1858930,0.0,0.0,2.0,0.0,1.0,1.0,0.0
1859041,0.0,0.0,2.0,0.0,1.0,0.0,0.0
1859430,0.0,0.0,0.0,0.0,1.0,0.0,0.0
1859536,0.0,0.0,0.0,0.0,0.0,0.0,0.0
1859693,0.0,0.0,0.0,0.0,1.0,0.0,0.0
1859714,0.0,0.0,0.0,0.0,1.0,1.0,0.0
1860193,0.0,0.0,0.0,0.0,0.0,1.0,0.0
1860214,0.0,0.0,0.0,0.0,0.0,0.0,0.0
1860332,0.0,0.0,0.0,0.0,0.0,1.0,0.0
1860614,0.0,0.0,0.0,0.0,0.0,2.0,0.0
1861114,0.0,0.0,0.0,0.0,0.0,0.0,0.0
1861746,0.0,0.0,0.0,0.0,0.0,1.0,0.0
1862246,0.0,0.0,0.0,0.0,0.0,0.0,0.0
1862468,0.0,0.0,0.0,0.0,0.0,1.0,0.0
1862968,0.0,0.0,0.0,0.0,0.0,0.0,0.0
1863490,0.0,0.0,0.0,0.0,0.0,1.0,0.0
1863990,0.0,0.0,0.0,0.0,0.0,0.0,0.0
1864152,0.0,0.0,0.0,0.0,0.0,1.0,0.0
1864282,0.0,0.0,0.0,0.0,0.0,2.0,0.0
1864782,0.0,0.0,0.0,0.0,0.0,0.0,0.0
1865014,0.0,0.0,0.0,0.0,0.0,1.0,0.0
1865017,0.0,0.0,0.0,0.0,0.0,2.0,0.0
1865517,0.0,0.0,0.0,0.0,0.0,1.0,0.0
1865519,0.0,0.0,0.0,0.0,0.0,2.0,0.0
1866019,0.0,0.0,0.0,0.0,0.0,0.0,0.0
1866546,0.0,0.0,0.0,0.0,0.0,1.0,0.0
1867046,0.0,0.0,0.0,0.0,0.0,0.0,0.0
1867205,0.0,0.0,0.0,0.0,0.0,1.0,0.0
1867705,0.0,0.0,0.0,0.0,0.0,0.0,0.0
1868768,0.0,0.0,0.0,0.0,0.0,1.0,0.0
1868887,0.0,0.0,0.0,0.0,0.0,2.0,0.0
1869387,0.0,0.0,0.0,0.0,0.0,0.0,0.0
1870215,0.0,0.0,0.0,0.0,0.0,1.0,0.0
1870715,0.0,0.0,0.0,0.0,0.0,0.0,0.0
1871044,0.0,0.0,0.0,0.0,0.0,1.0,0.0
1871050,0.0,0.0,0.0,0.0,0.0,2.0,0.0
1871550,0.0,0.0,0.0,0.0,0.0,0.0,0.0
1872346,0.0,0.0,0.0,0.0,0.0,1.0,0.0
1872350,0.0,0.0,0.0,0.0,0.0,2.0,0.0
1872684,0.0,2.0,0.0,0.0,0.0,2.0,0.0
1872850,0.0,2.0,0.0,0.0,0.0,0.0,0.0
1873184,0.0,0.0,0.0,0.0,0.0,0.0,0.0
1873322,0.0,0.0,0.0,0.0,0.0,1.0,0.0
1873822,0.0,0.0,0.0,0.0,0.0,0.0,0.0
1873957,0.0,0.0,0.0,0.0,0.0,1.0,0.0
1874457,0.0,0.0,0.0,0.0,0.0,0.0,0.0
1875950,0.0,0.0,0.0,0.0,0.0,1.0,0.0
1876386,0.0,0.0,0.0,0.0,0.0,2.0,0.0
1876886,0.0,0.0,0.0,0.0,0.0,0.0,0.0
1877194,0.0,0.0,1.0,0.0,0.0,0.0,0.0
1877466,0.0,0.0,1.0,0.0,0.0,1.0,0.0
1877477,0.0,0.0,1.0,0.0,0.0,2.0,0.0
1877977,0.0,0.0,1.0,0.0,0.0,0.0,0.0
1878199,0.0,0.0,1.0,0.0,0.0,1.0,0.0
1878699,0.0,0.0,1.0,0.0,0.0,0.0,0.0
1878733,0.0,0.0,1.0,0.0,0.0,1.0,0.0
1878759,0.0,0.0,1.0,0.0,0.0,2.0,0.0
1879259,0.0,0.0,1.0,0.0,0.0,0.0,0.0
1879361,0.0,0.0,1.0,0.0,0.0,1.0,0.0
1879861,0.0,0.0,1.0,0.0,0.0,0.0,0.0
1880330,0.0,0.0,1.0,0.0,0.0,1.0,0.0
1880694,0.0,0.0,0.0,0.0,0.0,1.0,0.0
1880830,0.0,0.0,0.0,0.0,0.0,0.0,0.0
1881133,0.0,0.0,0.0,0.0,0.0,1.0,0.0
1881340,0.0,0.0,1.0,0.0,0.0,1.0,0.0
1881633,0.0,0.0,1.0,0.0,0.0,0.0,0.0
1881840,0.0,0.0,0.0,0.0,0.0,0.0,0.0
1881921,0.0,0.0,1.0,0.0,0.0,0.0,0.0
1882019,0.0,0.0,1.0,0.0,0.0,1.0,0.0
1882421,0.0,0.0,0.0,0.0,0.0,1.0,0.0
1882519,0.0,0.0,0.0,0.0,0.0,0.0,0.0
1882871,0.0,0.0,0.0,0.0,0.0,1.0,0.0
1882897,0.0,0.0,1.0,0.0,0.0,1.0,0.0
1883371,0.0,0.0,1.0,0.0,0.0,0.0,0.0
1883897,0.0,0.0,0.0,0.0,0.0,0.0,0.0
1884416,0.0,0.0,0.0,0.0,0.0,1.0,0.0
1884618,0.0,0.0,0.0,0.0,0.0,2.0,0.0
1885118,0.0,0.0,0.0,0.0,0.0,0.0,0.0
1885193,0.0,0.0,0.0,0.0,0.0,1.0,0.0
1885693,0.0,0.0,0.0,0.0,0.0,0.0,0.0
1886315,0.0,0.0,0.0,0.0,0.0,1.0,0.0
1886815,0.0,0.0,0.0,0.0,0.0,0.0,0.0
1887166,0.0,0.0,0.0,0.0,0.0,1.0,0.0
1887666,0.0,0.0,0.0,0.0,0.0,0.0,0.0
1888227,0.0,0.0,0.0,0.0,0.0,1.0,0.0
1888239,0.0,0.0,0.0,0.0,0.0,2.0,0.0
1888739,0.0,0.0,0.0,0.0,0.0,0.0,0.0
1889477,0.0,0.0,0.0,0.0,0.0,1.0,0.0
1889529,0.0,0.0,0.0,0.0,0.0,2.0,0.0
1890029,0.0,0.0,0.0,0.0,0.0,0.0,0.0
1890337,0.0,0.0,0.0,0.0,0.0,1.0,0.0
1890837,0.0,0.0,0.0,0.0,0.0,0.0,0.0
1891185,0.0,0.0,0.0,0.0,0.0,1.0,0.0
1891685,0.0,0.0,0.0,0.0,0.0,0.0,0.0
1891882,0.0,0.0,0.0,0.0,0.0,1.0,0.0
1892382,0.0,0.0,0.0,0.0,0.0,0.0,0.0
1893779,0.0,0.0,0.0,0.0,0.0,1.0,0.0
1894279,0.0,0.0,0.0,0.0,0.0,0.0,0.0
1894530,0.0,0.0,0.0,0.0,0.0,1.0,0.0
1895030,0.0,0.0,0.0,0.0,0.0,0.0,0.0
1896003,0.0,0.0,0.0,0.0,0.0,1.0,0.0
1896006,0.0,0.0,0.0,0.0,0.0,2.0,0.0
1896022,0.0,0.0,0.0,0.0,1.0,2.0,0.0
1896506,0.0,0.0,0.0,0.0,1.0,0.0,0.0
1896522,0.0,0.0,0.0,0.0,0.0,0.0,0.0
1896827,0.0,0.0,0.0,0.0,0.0,1.0,0.0
1897327,0.0,0.0,0.0,0.0,0.0,0.0,0.0
1898013,0.0,0.0,0.0,0.0,0.0,1.0,0.0
1898016,0.0,0.0,0.0,0.0,0.0,2.0,0.0
1898516,0.0,0.0,0.0,0.0,0.0,0.0,0.0
1898819,0.0,0.0,0.0,0.0,0.0,1.0,0.0
1898970,0.0,0.0,0.0,0.0,0.0,2.0,0.0
1899470,0.0,0.0,0.0,0.0,0.0,0.0,0.0
1899931,0.0,0.0,0.0,0.0,0.0,1.0,0.0
1900431,0.0,0.0,0.0,0.0,0.0,0.0,0.0
1900516,0.0,0.0,0.0,0.0,0.0,1.0,0.0
1901016,0.0,0.0,0.0,0.0,0.0,0.0,0.0
1901397,0.0,0.0,0.0,0.0,0.0,1.0,0.0
1901403,0.0,0.0,0.0,0.0,0.0,2.0,0.0
1901903,0.0,0.0,0.0,0.0,0.0,0.0,0.0
1902660,0.0,0.0,0.0,0.0,0.0,1.0,0.0
1903093,0.0,0.0,0.0,0.0,0.0,2.0,0.0
1903593,0.0,0.0,0.0,0.0,0.0,0.0,0.0
1903945,0.0,0.0,0.0,0.0,0.0,1.0,0.0
1904445,0.0,0.0,0.0,0.0,0.0,0.0,0.0
1904820,0.0,0.0,0.0,0.0,0.0,1.0,0.0
1904910,0.0,0.0,0.0,0.0,0.0,2.0,0.0
1905410,0.0,0.0,0.0,0.0,0.0,0.0,0.0
1905801,0.0,0.0,0.0,0.0,0.0,1.0,0.0
1906059,0.0,0.0,0.0,0.0,0.0,2.0,0.0
1906559,0.0,0.0,0.0,0.0,0.0,0.0,0.0
1907148,0.0,0.0,0.0,0.0,0.0,1.0,0.0
1907648,0.0,0.0,0.0,0.0,0.0,0.0,0.0
1908453,0.0,0.0,0.0,0.0,0.0,1.0,0.0
1908953,0.0,0.0,0.0,0.0,0.0,0.0,0.0
1909136,0.0,0.0,0.0,0.0,0.0,1.0,0.0
1909555,0.0,0.0,0.0,0.0,0.0,2.0,0.0
1910055,0.0,0.0,0.0,0.0,0.0,0.0,0.0
1910460,0.0,0.0,0.0,0.0,0.0,1.0,0.0
1910960,0.0,0.0,0.0,0.0,0.0,0.0,0.0
1911141,0.0,0.0,0.0,0.0,0.0,1.0,0.0
1911641,0.0,0.0,0.0,0.0,0.0,0.0,0.0
1912052,0.0,0.0,0.0,0.0,0.0,1.0,0.0
1912552,0.0,0.0,0.0,0.0,0.0,0.0,0.0
1912700,0.0,0.0,0.0,0.0,0.0,1.0,0.0
1912892,0.0,0.0,0.0,0.0,0.0,2.0,0.0
1913392,0.0,0.0,0.0,0.0,0.0,0.0,0.0
1913427,0.0,0.0,0.0,0.0,0.0,1.0,0.0
1913927,0.0,0.0,0.0,0.0,0.0,0.0,0.0
1914307,0.0,0.0,0.0,0.0,0.0,1.0,0.0
1914652,0.0,0.0,0.0,0.0,0.0,2.0,0.0
1915152,0.0,0.0,0.0,0.0,0.0,0.0,0.0
1915369,0.0,0.0,0.0,0.0,0.0,1.0,0.0
1915869,0.0,0.0,0.0,0.0,0.0,0.0,0.0
1916351,0.0,0.0,0.0,0.0,0.0,1.0,0.0
1916851,0.0,0.0,0.0,0.0,0.0,0.0,0.0
1917338,0.0,0.0,0.0,0.0,0.0,1.0,0.0
1917342,0.0,0.0,0.0,0.0,0.0,2.0,0.0
1917842,0.0,0.0,0.0,0.0,0.0,0.0,0.0
1917967,0.0,0.0,0.0,0.0,0.0,1.0,0.0
1918467,0.0,0.0,0.0,0.0,0.0,0.0,0.0
1920056,0.0,0.0,0.0,0.0,0.0,1.0,0.0
1920556,0.0,0.0,0.0,0.0,0.0,0.0,0.0
1920761,0.0,0.0,0.0,0.0,0.0,1.0,0.0
1921261,0.0,0.0,0.0,0.0,0.0,0.0,0.0
1923453,0.0,0.0,0.0,0.0,0.0,1.0,0.0
1923953,0.0,0.0,0.0,0.0,0.0,0.0,0.0
1924373,0.0,0.0,0.0,0.0,0.0,1.0,0.0
1924873,0.0,0.0,0.0,0.0,0.0,0.0,0.0
1925502,0.0,0.0,0.0,0.0,0.0,1.0,0.0
1926002,0.0,0.0,0.0,0.0,0.0,0.0,0.0
1926775,0.0,0.0,0.0,0.0,0.0,1.0,0.0
1927275,0.0,0.0,0.0,0.0,0.0,0.0,0.0
1927695,0.0,0.0,0.0,0.0,0.0,1.0,0.0
1928195,0.0,0.0,0.0,0.0,0.0,0.0,0.0
1929765,0.0,0.0,0.0,0.0,0.0,1.0,0.0
1930265,0.0,0.0,0.0,0.0,0.0,0.0,0.0
1930768,0.0,0.0,0.0,0.0,0.0,1.0,0.0
1931268,0.0,0.0,0.0,0.0,0.0,0.0,0.0
1941897,0.0,0.0,0.0,0.0,0.0,1.0,0.0
1942397,0.0,0.0,0.0,0.0,0.0,0.0,0.0
1943823,0.0,0.0,0.0,0.0,0.0,1.0,0.0
1943996,0.0,0.0,0.0,0.0,0.0,2.0,0.0
1944496,0.0,0.0,0.0,0.0,0.0,0.0,0.0
1945105,0.0,0.0,0.0,0.0,0.0,1.0,0.0
1945605,0.0,0.0,0.0,0.0,0.0,0.0,0.0
1947558,0.0,0.0,0.0,0.0,0.0,1.0,0.0
1948058,0.0,0.0,0.0,0.0,0.0,0.0,0.0
1949442,0.0,0.0,0.0,0.0,0.0,1.0,0.0
1949942,0.0,0.0,0.0,0.0,0.0,0.0,0.0
1950258,0.0,0.0,0.0,0.0,0.0,1.0,0.0
1950758,0.0,0.0,0.0,0.0,0.0,0.0,0.0
1951299,0.0,0.0,0.0,0.0,0.0,1.0,0.0
1951304,0.0,0.0,0.0,0.0,0.0,2.0,0.0
1951804,0.0,0.0,0.0,0.0,0.0,0.0,0.0
1952964,0.0,0.0,0.0,0.0,0.0,1.0,0.0
1952966,0.0,0.0,0.0,0.0,0.0,2.0,0.0
1953466,0.0,0.0,0.0,0.0,0.0,0.0,0.0
1959947,0.0,0.0,0.0,0.0,0.0,1.0,0.0
1960447,0.0,0.0,0.0,0.0,0.0,0.0,0.0
1962441,0.0,0.0,0.0,0.0,0.0,1.0,0.0
1962442,0.0,0.0,0.0,0.0,0.0,2.0,0.0
1962942,0.0,0.0,0.0,0.0,0.0,0.0,0.0
1965781,0.0,0.0,0.0,0.0,0.0,1.0,0.0
1966281,0.0,0.0,0.0,0.0,0.0,0.0,0.0
1966363,0.0,0.0,0.0,0.0,0.0,1.0,0.0
1966863,0.0,0.0,0.0,0.0,0.0,0.0,0.0
1968046,0.0,0.0,0.0,0.0,0.0,1.0,0.0
1968546,0.0,0.0,0.0,0.0,0.0,0.0,0.0
1973177,0.0,0.0,0.0,0.0,0.0,1.0,0.0
1973677,0.0,0.0,0.0,0.0,0.0,0.0,0.0
1977499,0.0,0.0,0.0,0.0,0.0,1.0,0.0
1977999,0.0,0.0,0.0,0.0,0.0,0.0,0.0
1981040,0.0,0.0,0.0,0.0,0.0,1.0,0.0
1981386,0.0,0.0,0.0,0.0,0.0,2.0,0.0
1981886,0.0,0.0,0.0,0.0,0.0,0.0,0.0
1983705,0.0,0.0,0.0,0.0,0.0,1.0,0.0
1984205,0.0,0.0,0.0,0.0,0.0,0.0,0.0
1986000,0.0,0.0,0.0,0.0,0.0,1.0,0.0
1986500,0.0,0.0,0.0,0.0,0.0,0.0,0.0
1992454,0.0,0.0,0.0,0.0,0.0,1.0,0.0
1992954,0.0,0.0,0.0,0.0,0.0,0.0,0.0
1995021,0.0,0.0,0.0,0.0,0.0,1.0,0.0
1995521,0.0,0.0,0.0,0.0,0.0,0.0,0.0
1998031,0.0,0.0,0.0,0.0,0.0,1.0,0.0
1998035,0.0,0.0,0.0,0.0,0.0,2.0,0.0
1998535,0.0,0.0,0.0,0.0,0.0,0.0,0.0
2000070,0.0,0.0,0.0,0.0,0.0,1.0,0.0
2000570,0.0,0.0,0.0,0.0,0.0,0.0,0.0
2006494,0.0,0.0,0.0,0.0,0.0,1.0,0.0
2006994,0.0,0.0,0.0,0.0,0.0,0.0,0.0
2008582,0.0,0.0,0.0,0.0,0.0,1.0,0.0
2008588,0.0,0.0,0.0,0.0,0.0,2.0,0.0
2009088,0.0,0.0,0.0,0.0,0.0,0.0,0.0
2012946,0.0,0.0,0.0,0.0,0.0,1.0,0.0
2013446,0.0,0.0,0.0,0.0,0.0,0.0,0.0
2013455,0.0,0.0,0.0,0.0,0.0,1.0,0.0
2013457,0.0,0.0,0.0,0.0,0.0,2.0,0.0
2013957,0.0,0.0,0.0,0.0,0.0,0.0,0.0
2014643,0.0,0.0,0.0,0.0,0.0,1.0,0.0
2015143,0.0,0.0,0.0,0.0,0.0,0.0,0.0
2019000,0.0,0.0,0.0,0.0,0.0,0.0,1.0
2019358,0.0,0.0,0.0,0.0,0.0,1.0,1.0
2019500,0.0,0.0,0.0,0.0,0.0,1.0,0.0
2019519,2.0,0.0,0.0,0.0,0.0,1.0,0.0
2019705,2.0,0.0,0.0,0.0,0.0,2.0,0.0
2019908,2.0,2.0,0.0,0.0,0.0,2.0,0.0
2020004,2.0,2.0,0.0,0.0,1.0,2.0,0.0
2020019,0.0,2.0,0.0,0.0,1.0,2.0,0.0
2020031,2.0,2.0,0.0,0.0,1.0,2.0,0.0
2020132,2.0,2.0,0.0,0.0,2.0,2.0,0.0
2020205,2.0,2.0,0.0,0.0,2.0,0.0,0.0
2020408,2.0,0.0,0.0,0.0,2.0,0.0,0.0
