,ADWIN,CUSUM,DDM,GeometricMovingAverage,HDDMAverage,HDDMWeighted,Ground-truth
119,0.0,0.0,1.0,0.0,0.0,0.0,0.0
216,0.0,0.0,1.0,0.0,0.0,1.0,0.0
223,0.0,0.0,1.0,0.0,0.0,2.0,0.0
723,0.0,0.0,1.0,0.0,0.0,0.0,0.0
1119,0.0,0.0,0.0,0.0,0.0,0.0,0.0
1358,0.0,0.0,0.0,0.0,0.0,1.0,0.0
1858,0.0,0.0,0.0,0.0,0.0,0.0,0.0
2011,0.0,0.0,0.0,0.0,0.0,1.0,0.0
2511,0.0,0.0,0.0,0.0,0.0,0.0,0.0
2998,0.0,0.0,0.0,0.0,1.0,0.0,0.0
3498,0.0,0.0,0.0,0.0,0.0,0.0,0.0
5314,0.0,0.0,0.0,0.0,0.0,1.0,0.0
5814,0.0,0.0,0.0,0.0,0.0,0.0,0.0
7396,0.0,0.0,0.0,0.0,0.0,1.0,0.0
7896,0.0,0.0,0.0,0.0,0.0,0.0,0.0
8328,0.0,0.0,0.0,0.0,0.0,1.0,0.0
8828,0.0,0.0,0.0,0.0,0.0,0.0,0.0
9062,0.0,0.0,0.0,0.0,0.0,1.0,0.0
9176,0.0,0.0,0.0,0.0,0.0,2.0,0.0
9435,0.0,0.0,0.0,0.0,1.0,2.0,0.0
9676,0.0,0.0,0.0,0.0,1.0,0.0,0.0
9935,0.0,0.0,0.0,0.0,0.0,0.0,0.0
10199,0.0,0.0,0.0,0.0,0.0,1.0,0.0
10289,0.0,0.0,0.0,0.0,0.0,2.0,0.0
10789,0.0,0.0,0.0,0.0,0.0,0.0,0.0
10839,0.0,0.0,0.0,0.0,0.0,1.0,0.0
10867,0.0,0.0,0.0,0.0,0.0,2.0,0.0
11367,0.0,0.0,0.0,0.0,0.0,0.0,0.0
11886,0.0,0.0,0.0,0.0,0.0,1.0,0.0
11907,0.0,0.0,0.0,0.0,0.0,2.0,0.0
12407,0.0,0.0,0.0,0.0,0.0,0.0,0.0
14674,0.0,0.0,0.0,0.0,0.0,1.0,0.0
15174,0.0,0.0,0.0,0.0,0.0,0.0,0.0
15432,0.0,0.0,0.0,0.0,0.0,1.0,0.0
15890,0.0,0.0,0.0,0.0,0.0,2.0,0.0
16390,0.0,0.0,0.0,0.0,0.0,0.0,0.0
16628,0.0,0.0,0.0,0.0,0.0,1.0,0.0
17128,0.0,0.0,0.0,0.0,0.0,0.0,0.0
17296,0.0,0.0,0.0,0.0,0.0,1.0,0.0
17796,0.0,0.0,0.0,0.0,0.0,0.0,0.0
17835,0.0,0.0,0.0,0.0,0.0,1.0,0.0
17838,0.0,0.0,0.0,0.0,0.0,2.0,0.0
18338,0.0,0.0,0.0,0.0,0.0,0.0,0.0
18585,0.0,0.0,0.0,0.0,0.0,1.0,0.0
19085,0.0,0.0,0.0,0.0,0.0,0.0,0.0
19563,0.0,0.0,0.0,0.0,0.0,1.0,0.0
19902,0.0,0.0,0.0,0.0,0.0,2.0,0.0
19927,0.0,0.0,0.0,0.0,1.0,2.0,0.0
20402,0.0,0.0,0.0,0.0,1.0,0.0,0.0
20427,0.0,0.0,0.0,0.0,0.0,0.0,0.0
20804,0.0,0.0,0.0,0.0,0.0,1.0,0.0
20939,0.0,0.0,0.0,0.0,0.0,2.0,0.0
21439,0.0,0.0,0.0,0.0,0.0,0.0,0.0
21814,0.0,0.0,0.0,0.0,0.0,1.0,0.0
22026,0.0,0.0,0.0,0.0,0.0,2.0,0.0
22526,0.0,0.0,0.0,0.0,0.0,0.0,0.0
23072,0.0,0.0,0.0,0.0,0.0,1.0,0.0
23572,0.0,0.0,0.0,0.0,0.0,0.0,0.0
24744,0.0,0.0,0.0,0.0,0.0,1.0,0.0
25244,0.0,0.0,0.0,0.0,0.0,0.0,0.0
25282,0.0,0.0,0.0,0.0,0.0,1.0,0.0
25782,0.0,0.0,0.0,0.0,0.0,0.0,0.0
26001,0.0,0.0,0.0,0.0,0.0,1.0,0.0
26501,0.0,0.0,0.0,0.0,0.0,0.0,0.0
26572,0.0,0.0,0.0,0.0,0.0,1.0,0.0
26578,0.0,0.0,0.0,0.0,0.0,2.0,0.0
27078,0.0,0.0,0.0,0.0,0.0,0.0,0.0
27601,0.0,0.0,0.0,0.0,0.0,1.0,0.0
28101,0.0,0.0,0.0,0.0,0.0,0.0,0.0
28690,0.0,0.0,0.0,0.0,0.0,1.0,0.0
29190,0.0,0.0,0.0,0.0,0.0,0.0,0.0
29721,0.0,0.0,0.0,0.0,0.0,1.0,0.0
30221,0.0,0.0,0.0,0.0,0.0,0.0,0.0
30321,0.0,0.0,0.0,0.0,0.0,1.0,0.0
30797,0.0,0.0,0.0,0.0,0.0,2.0,0.0
31297,0.0,0.0,0.0,0.0,0.0,0.0,0.0
31890,0.0,0.0,0.0,0.0,0.0,1.0,0.0
32234,0.0,0.0,0.0,0.0,0.0,2.0,0.0
32734,0.0,0.0,0.0,0.0,0.0,0.0,0.0
32774,0.0,0.0,0.0,0.0,0.0,1.0,0.0
33274,0.0,0.0,0.0,0.0,0.0,0.0,0.0
33452,0.0,0.0,0.0,0.0,0.0,1.0,0.0
33458,0.0,0.0,0.0,0.0,0.0,2.0,0.0
33834,0.0,0.0,0.0,0.0,1.0,2.0,0.0
33958,0.0,0.0,0.0,0.0,1.0,0.0,0.0
34334,0.0,0.0,0.0,0.0,0.0,0.0,0.0
35820,0.0,0.0,0.0,0.0,0.0,1.0,0.0
35823,0.0,0.0,0.0,0.0,0.0,2.0,0.0
36295,0.0,2.0,0.0,0.0,0.0,2.0,0.0
36323,0.0,2.0,0.0,0.0,0.0,0.0,0.0
36795,0.0,0.0,0.0,0.0,0.0,0.0,0.0
37495,0.0,0.0,0.0,0.0,0.0,1.0,0.0
37498,0.0,0.0,0.0,0.0,0.0,2.0,0.0
37998,0.0,0.0,0.0,0.0,0.0,0.0,0.0
38059,0.0,0.0,0.0,0.0,0.0,1.0,0.0
38066,0.0,0.0,0.0,0.0,0.0,2.0,0.0
38566,0.0,0.0,0.0,0.0,0.0,0.0,0.0
38887,0.0,0.0,0.0,0.0,0.0,1.0,0.0
39387,0.0,0.0,0.0,0.0,0.0,0.0,0.0
39575,0.0,0.0,0.0,0.0,0.0,1.0,0.0
39858,0.0,0.0,0.0,0.0,0.0,2.0,0.0
40358,0.0,0.0,0.0,0.0,0.0,0.0,0.0
40865,0.0,0.0,0.0,0.0,0.0,1.0,0.0
40868,0.0,0.0,0.0,0.0,0.0,2.0,0.0
41368,0.0,0.0,0.0,0.0,0.0,0.0,0.0
41785,0.0,0.0,0.0,0.0,0.0,1.0,0.0
42285,0.0,0.0,0.0,0.0,0.0,0.0,0.0
42618,0.0,0.0,0.0,0.0,0.0,1.0,0.0
43118,0.0,0.0,0.0,0.0,0.0,0.0,0.0
45298,0.0,0.0,0.0,0.0,0.0,1.0,0.0
45302,0.0,0.0,0.0,0.0,0.0,2.0,0.0
45802,0.0,0.0,0.0,0.0,0.0,0.0,0.0
46174,0.0,0.0,0.0,0.0,0.0,1.0,0.0
46335,0.0,0.0,0.0,0.0,0.0,2.0,0.0
46835,0.0,0.0,0.0,0.0,0.0,0.0,0.0
47016,0.0,0.0,0.0,0.0,0.0,1.0,0.0
47516,0.0,0.0,0.0,0.0,0.0,0.0,0.0
47792,0.0,0.0,0.0,0.0,0.0,1.0,0.0
48292,0.0,0.0,0.0,0.0,0.0,0.0,0.0
48480,0.0,0.0,0.0,0.0,0.0,1.0,0.0
48483,0.0,0.0,0.0,0.0,0.0,2.0,0.0
48983,0.0,0.0,0.0,0.0,0.0,0.0,0.0
49613,0.0,0.0,0.0,0.0,0.0,1.0,0.0
50113,0.0,0.0,0.0,0.0,0.0,0.0,0.0
50504,0.0,0.0,0.0,0.0,0.0,1.0,0.0
51004,0.0,0.0,0.0,0.0,0.0,0.0,0.0
51402,0.0,0.0,0.0,0.0,0.0,1.0,0.0
51902,0.0,0.0,0.0,0.0,0.0,0.0,0.0
51957,0.0,0.0,0.0,0.0,0.0,1.0,0.0
52079,0.0,0.0,0.0,0.0,0.0,2.0,0.0
52579,0.0,0.0,0.0,0.0,0.0,0.0,0.0
52722,0.0,0.0,0.0,0.0,0.0,1.0,0.0
53022,0.0,0.0,0.0,0.0,0.0,2.0,0.0
53522,0.0,0.0,0.0,0.0,0.0,0.0,0.0
53886,0.0,0.0,0.0,0.0,0.0,1.0,0.0
53927,0.0,0.0,0.0,0.0,0.0,2.0,0.0
54427,0.0,0.0,0.0,0.0,0.0,0.0,0.0
54523,0.0,0.0,0.0,0.0,0.0,1.0,0.0
54537,0.0,0.0,0.0,0.0,0.0,2.0,0.0
55037,0.0,0.0,0.0,0.0,0.0,0.0,0.0
55889,0.0,0.0,0.0,0.0,0.0,1.0,0.0
56389,0.0,0.0,0.0,0.0,0.0,0.0,0.0
56500,0.0,0.0,0.0,0.0,0.0,1.0,0.0
56533,0.0,0.0,0.0,0.0,0.0,2.0,0.0
56536,0.0,0.0,0.0,0.0,1.0,2.0,0.0
57033,0.0,0.0,0.0,0.0,1.0,0.0,0.0
57036,0.0,0.0,0.0,0.0,0.0,0.0,0.0
59421,0.0,0.0,0.0,0.0,0.0,1.0,0.0
59665,0.0,0.0,0.0,0.0,0.0,2.0,0.0
60165,0.0,0.0,0.0,0.0,0.0,0.0,0.0
60188,0.0,0.0,0.0,0.0,0.0,1.0,0.0
60195,0.0,0.0,0.0,0.0,0.0,2.0,0.0
60695,0.0,0.0,0.0,0.0,0.0,0.0,0.0
60697,0.0,0.0,0.0,0.0,0.0,1.0,0.0
61197,0.0,0.0,0.0,0.0,0.0,0.0,0.0
61291,0.0,0.0,0.0,0.0,0.0,1.0,0.0
61791,0.0,0.0,0.0,0.0,0.0,0.0,0.0
62108,0.0,0.0,0.0,0.0,0.0,1.0,0.0
62608,0.0,0.0,0.0,0.0,0.0,0.0,0.0
63077,0.0,0.0,0.0,0.0,0.0,1.0,0.0
63518,0.0,0.0,0.0,0.0,0.0,2.0,0.0
64018,0.0,0.0,0.0,0.0,0.0,0.0,0.0
64808,0.0,0.0,0.0,0.0,0.0,1.0,0.0
64814,0.0,0.0,0.0,0.0,0.0,2.0,0.0
65314,0.0,0.0,0.0,0.0,0.0,0.0,0.0
65702,0.0,0.0,0.0,0.0,0.0,1.0,0.0
66202,0.0,0.0,0.0,0.0,0.0,0.0,0.0
66326,0.0,0.0,0.0,0.0,0.0,1.0,0.0
66328,0.0,0.0,0.0,0.0,0.0,2.0,0.0
66828,0.0,0.0,0.0,0.0,0.0,0.0,0.0
66833,0.0,0.0,0.0,0.0,0.0,1.0,0.0
67185,0.0,0.0,0.0,0.0,0.0,2.0,0.0
67685,0.0,0.0,0.0,0.0,0.0,0.0,0.0
67803,0.0,2.0,0.0,0.0,0.0,0.0,0.0
67804,0.0,2.0,0.0,0.0,0.0,1.0,0.0
67808,0.0,2.0,0.0,0.0,0.0,2.0,0.0
68303,0.0,0.0,0.0,0.0,0.0,2.0,0.0
68308,0.0,0.0,0.0,0.0,0.0,0.0,0.0
68482,0.0,0.0,0.0,0.0,0.0,1.0,0.0
68982,0.0,0.0,0.0,0.0,0.0,0.0,0.0
69254,0.0,0.0,0.0,0.0,0.0,1.0,0.0
69754,0.0,0.0,0.0,0.0,0.0,0.0,0.0
69798,0.0,0.0,0.0,0.0,0.0,1.0,0.0
69802,0.0,0.0,0.0,0.0,0.0,2.0,0.0
70302,0.0,0.0,0.0,0.0,0.0,0.0,0.0
70695,0.0,0.0,0.0,0.0,0.0,1.0,0.0
70927,0.0,0.0,0.0,0.0,0.0,2.0,0.0
70970,0.0,0.0,0.0,0.0,1.0,2.0,0.0
71054,0.0,0.0,0.0,0.0,2.0,2.0,0.0
71427,0.0,0.0,0.0,0.0,2.0,0.0,0.0
71554,0.0,0.0,0.0,0.0,0.0,0.0,0.0
73793,0.0,0.0,0.0,0.0,0.0,1.0,0.0
74114,0.0,0.0,0.0,0.0,0.0,2.0,0.0
74614,0.0,0.0,0.0,0.0,0.0,0.0,0.0
74794,0.0,0.0,0.0,0.0,0.0,1.0,0.0
74798,0.0,0.0,0.0,0.0,0.0,2.0,0.0
75013,0.0,2.0,0.0,0.0,0.0,2.0,0.0
75298,0.0,2.0,0.0,0.0,0.0,0.0,0.0
75513,0.0,0.0,0.0,0.0,0.0,0.0,0.0
75516,0.0,0.0,0.0,0.0,0.0,1.0,0.0
76016,0.0,0.0,0.0,0.0,0.0,0.0,0.0
76273,0.0,0.0,0.0,0.0,0.0,1.0,0.0
76366,0.0,0.0,0.0,0.0,0.0,2.0,0.0
76866,0.0,0.0,0.0,0.0,0.0,0.0,0.0
76925,0.0,0.0,0.0,0.0,0.0,1.0,0.0
77425,0.0,0.0,0.0,0.0,0.0,0.0,0.0
77809,0.0,0.0,0.0,0.0,0.0,1.0,0.0
78185,0.0,0.0,0.0,0.0,0.0,2.0,0.0
78685,0.0,0.0,0.0,0.0,0.0,0.0,0.0
79340,0.0,0.0,0.0,0.0,0.0,1.0,0.0
79808,0.0,0.0,0.0,0.0,0.0,2.0,0.0
80185,0.0,2.0,0.0,0.0,0.0,2.0,0.0
80308,0.0,2.0,0.0,0.0,0.0,0.0,0.0
80685,0.0,0.0,0.0,0.0,0.0,0.0,0.0
81571,0.0,0.0,0.0,0.0,0.0,1.0,0.0
82071,0.0,0.0,0.0,0.0,0.0,0.0,0.0
82241,0.0,0.0,0.0,0.0,0.0,1.0,0.0
82248,0.0,0.0,0.0,0.0,0.0,2.0,0.0
82748,0.0,0.0,0.0,0.0,0.0,0.0,0.0
83170,0.0,0.0,0.0,0.0,0.0,1.0,0.0
83456,0.0,0.0,0.0,0.0,0.0,2.0,0.0
83956,0.0,0.0,0.0,0.0,0.0,0.0,0.0
84103,0.0,0.0,0.0,0.0,0.0,1.0,0.0
84273,0.0,0.0,0.0,0.0,0.0,2.0,0.0
84773,0.0,0.0,0.0,0.0,0.0,0.0,0.0
85285,0.0,0.0,0.0,0.0,0.0,1.0,0.0
85588,0.0,2.0,0.0,0.0,0.0,1.0,0.0
85785,0.0,2.0,0.0,0.0,0.0,0.0,0.0
86088,0.0,0.0,0.0,0.0,0.0,0.0,0.0
86727,0.0,0.0,0.0,0.0,0.0,1.0,0.0
86730,0.0,0.0,0.0,0.0,0.0,2.0,0.0
87230,0.0,0.0,0.0,0.0,0.0,0.0,0.0
87886,0.0,0.0,0.0,0.0,0.0,1.0,0.0
87892,0.0,0.0,0.0,0.0,0.0,2.0,0.0
88392,0.0,0.0,0.0,0.0,0.0,0.0,0.0
89837,0.0,0.0,0.0,0.0,0.0,1.0,0.0
90337,0.0,0.0,0.0,0.0,0.0,0.0,0.0
90672,0.0,0.0,0.0,0.0,0.0,1.0,0.0
90675,0.0,0.0,0.0,0.0,0.0,2.0,0.0
91175,0.0,0.0,0.0,0.0,0.0,0.0,0.0
91216,0.0,0.0,0.0,0.0,0.0,1.0,0.0
91338,0.0,0.0,0.0,0.0,0.0,2.0,0.0
91838,0.0,0.0,0.0,0.0,0.0,0.0,0.0
92443,0.0,0.0,0.0,0.0,0.0,1.0,0.0
92943,0.0,0.0,0.0,0.0,0.0,0.0,0.0
93093,0.0,0.0,0.0,0.0,0.0,1.0,0.0
93257,0.0,0.0,0.0,0.0,0.0,2.0,0.0
93757,0.0,0.0,0.0,0.0,0.0,0.0,0.0
93829,0.0,0.0,0.0,0.0,0.0,1.0,0.0
93872,0.0,0.0,0.0,0.0,0.0,2.0,0.0
94372,0.0,0.0,0.0,0.0,0.0,0.0,0.0
94405,0.0,0.0,0.0,0.0,0.0,1.0,0.0
94452,0.0,0.0,0.0,0.0,0.0,2.0,0.0
94502,0.0,0.0,0.0,0.0,1.0,2.0,0.0
94952,0.0,0.0,0.0,0.0,1.0,0.0,0.0
95002,0.0,0.0,0.0,0.0,0.0,0.0,0.0
95054,0.0,0.0,0.0,0.0,1.0,0.0,0.0
95554,0.0,0.0,0.0,0.0,0.0,0.0,0.0
96429,0.0,0.0,0.0,0.0,1.0,0.0,0.0
96443,0.0,0.0,0.0,0.0,1.0,1.0,0.0
96929,0.0,0.0,0.0,0.0,0.0,1.0,0.0
96943,0.0,0.0,0.0,0.0,0.0,0.0,0.0
97517,0.0,0.0,0.0,0.0,0.0,1.0,0.0
97529,0.0,0.0,0.0,0.0,0.0,2.0,0.0
98029,0.0,0.0,0.0,0.0,0.0,0.0,0.0
98277,0.0,0.0,0.0,0.0,0.0,1.0,0.0
98280,0.0,0.0,0.0,0.0,0.0,2.0,0.0
98780,0.0,0.0,0.0,0.0,0.0,0.0,0.0
98803,0.0,0.0,0.0,0.0,0.0,1.0,0.0
99303,0.0,0.0,0.0,0.0,0.0,0.0,0.0
99419,0.0,0.0,0.0,0.0,0.0,1.0,0.0
99629,0.0,0.0,0.0,0.0,0.0,2.0,0.0
100129,0.0,0.0,0.0,0.0,0.0,0.0,0.0
100241,0.0,0.0,0.0,0.0,0.0,1.0,0.0
100741,0.0,0.0,0.0,0.0,0.0,0.0,0.0
101096,0.0,0.0,0.0,0.0,0.0,1.0,0.0
101105,0.0,0.0,0.0,0.0,0.0,2.0,0.0
101605,0.0,0.0,0.0,0.0,0.0,0.0,0.0
104572,0.0,0.0,0.0,0.0,0.0,1.0,0.0
105072,0.0,0.0,0.0,0.0,0.0,0.0,0.0
109280,0.0,0.0,0.0,0.0,0.0,1.0,0.0
109780,0.0,0.0,0.0,0.0,0.0,0.0,0.0
111537,0.0,0.0,0.0,0.0,0.0,1.0,0.0
112037,0.0,0.0,0.0,0.0,0.0,0.0,0.0
112915,0.0,0.0,0.0,0.0,0.0,1.0,0.0
113415,0.0,0.0,0.0,0.0,0.0,0.0,0.0
113456,0.0,0.0,0.0,0.0,0.0,1.0,0.0
113956,0.0,0.0,0.0,0.0,0.0,0.0,0.0
115507,0.0,0.0,0.0,0.0,0.0,1.0,0.0
116007,0.0,0.0,0.0,0.0,0.0,0.0,0.0
117320,0.0,0.0,0.0,0.0,0.0,1.0,0.0
117333,0.0,0.0,0.0,0.0,0.0,2.0,0.0
117833,0.0,0.0,0.0,0.0,0.0,0.0,0.0
123429,0.0,0.0,0.0,0.0,0.0,1.0,0.0
123929,0.0,0.0,0.0,0.0,0.0,0.0,0.0
125682,0.0,0.0,0.0,0.0,0.0,1.0,0.0
126182,0.0,0.0,0.0,0.0,0.0,0.0,0.0
126644,0.0,0.0,0.0,0.0,1.0,0.0,0.0
127144,0.0,0.0,0.0,0.0,0.0,0.0,0.0
134798,0.0,0.0,0.0,0.0,0.0,1.0,0.0
135298,0.0,0.0,0.0,0.0,0.0,0.0,0.0
136335,0.0,0.0,0.0,0.0,0.0,1.0,0.0
136835,0.0,0.0,0.0,0.0,0.0,0.0,0.0
137756,0.0,0.0,0.0,0.0,0.0,1.0,0.0
138256,0.0,0.0,0.0,0.0,0.0,0.0,0.0
138869,0.0,0.0,0.0,0.0,0.0,1.0,0.0
139369,0.0,0.0,0.0,0.0,0.0,0.0,0.0
141187,0.0,0.0,0.0,0.0,0.0,1.0,0.0
141687,0.0,0.0,0.0,0.0,0.0,0.0,0.0
144264,0.0,0.0,0.0,0.0,0.0,1.0,0.0
144764,0.0,0.0,0.0,0.0,0.0,0.0,0.0
145137,0.0,0.0,0.0,0.0,1.0,0.0,0.0
145500,0.0,0.0,0.0,0.0,1.0,1.0,0.0
145637,0.0,0.0,0.0,0.0,0.0,1.0,0.0
146000,0.0,0.0,0.0,0.0,0.0,0.0,0.0
146737,0.0,0.0,0.0,0.0,0.0,1.0,0.0
147237,0.0,0.0,0.0,0.0,0.0,0.0,0.0
147271,0.0,0.0,0.0,0.0,0.0,1.0,0.0
147771,0.0,0.0,0.0,0.0,0.0,0.0,0.0
150094,0.0,0.0,0.0,0.0,0.0,1.0,0.0
150107,0.0,0.0,0.0,0.0,0.0,2.0,0.0
150607,0.0,0.0,0.0,0.0,0.0,0.0,0.0
157891,0.0,0.0,0.0,0.0,0.0,1.0,0.0
158391,0.0,0.0,0.0,0.0,0.0,0.0,0.0
164090,0.0,0.0,0.0,0.0,0.0,1.0,0.0
164590,0.0,0.0,0.0,0.0,0.0,0.0,0.0
164736,0.0,0.0,0.0,0.0,0.0,1.0,0.0
165236,0.0,0.0,0.0,0.0,0.0,0.0,0.0
165849,0.0,0.0,0.0,0.0,0.0,1.0,0.0
165852,0.0,0.0,0.0,0.0,0.0,2.0,0.0
166352,0.0,0.0,0.0,0.0,0.0,0.0,0.0
167505,0.0,0.0,0.0,0.0,0.0,1.0,0.0
168005,0.0,0.0,0.0,0.0,0.0,0.0,0.0
169242,0.0,0.0,0.0,0.0,0.0,1.0,0.0
169742,0.0,0.0,0.0,0.0,0.0,0.0,0.0
169881,0.0,0.0,0.0,0.0,0.0,1.0,0.0
170381,0.0,0.0,0.0,0.0,0.0,0.0,0.0
171256,0.0,0.0,0.0,0.0,1.0,0.0,0.0
171756,0.0,0.0,0.0,0.0,0.0,0.0,0.0
171779,0.0,0.0,0.0,0.0,0.0,1.0,0.0
171793,0.0,0.0,0.0,0.0,0.0,2.0,0.0
172293,0.0,0.0,0.0,0.0,0.0,0.0,0.0
175989,0.0,0.0,0.0,0.0,0.0,1.0,0.0
176489,0.0,0.0,0.0,0.0,0.0,0.0,0.0
180283,0.0,0.0,0.0,0.0,0.0,1.0,0.0
180783,0.0,0.0,0.0,0.0,0.0,0.0,0.0
181842,0.0,0.0,0.0,0.0,0.0,1.0,0.0
182342,0.0,0.0,0.0,0.0,0.0,0.0,0.0
183549,0.0,0.0,0.0,0.0,0.0,1.0,0.0
184049,0.0,0.0,0.0,0.0,0.0,0.0,0.0
185832,0.0,0.0,0.0,0.0,0.0,1.0,0.0
186332,0.0,0.0,0.0,0.0,0.0,0.0,0.0
186526,0.0,0.0,0.0,0.0,0.0,1.0,0.0
187026,0.0,0.0,0.0,0.0,0.0,0.0,0.0
196665,0.0,0.0,0.0,0.0,0.0,1.0,0.0
197165,0.0,0.0,0.0,0.0,0.0,0.0,0.0
197759,0.0,0.0,0.0,0.0,0.0,1.0,0.0
197768,0.0,0.0,0.0,0.0,0.0,2.0,0.0
198268,0.0,0.0,0.0,0.0,0.0,0.0,0.0
198373,0.0,0.0,0.0,0.0,0.0,1.0,0.0
198873,0.0,0.0,0.0,0.0,0.0,0.0,0.0
200000,0.0,0.0,0.0,0.0,0.0,0.0,1.0
200023,0.0,0.0,0.0,0.0,0.0,1.0,1.0
200068,0.0,0.0,0.0,0.0,0.0,2.0,1.0
200127,2.0,0.0,0.0,0.0,0.0,2.0,1.0
200227,2.0,0.0,0.0,0.0,1.0,2.0,1.0
200230,2.0,2.0,0.0,0.0,1.0,2.0,1.0
200279,2.0,2.0,0.0,0.0,2.0,2.0,1.0
200500,2.0,2.0,0.0,0.0,2.0,2.0,0.0
200568,2.0,2.0,0.0,0.0,2.0,0.0,0.0
200627,0.0,2.0,0.0,0.0,2.0,0.0,0.0
200730,0.0,0.0,0.0,0.0,2.0,0.0,0.0
200779,0.0,0.0,0.0,0.0,0.0,0.0,0.0
200951,0.0,0.0,0.0,0.0,0.0,1.0,0.0
201451,0.0,0.0,0.0,0.0,0.0,0.0,0.0
201547,0.0,0.0,1.0,0.0,0.0,0.0,0.0
201918,0.0,0.0,1.0,0.0,0.0,1.0,0.0
202045,0.0,0.0,1.0,0.0,0.0,2.0,0.0
202545,0.0,0.0,1.0,0.0,0.0,0.0,0.0
203214,0.0,0.0,2.0,0.0,0.0,0.0,0.0
203535,0.0,0.0,2.0,0.0,0.0,1.0,0.0
203714,0.0,0.0,1.0,0.0,0.0,1.0,0.0
204035,0.0,0.0,1.0,0.0,0.0,0.0,0.0
204046,0.0,0.0,1.0,0.0,0.0,1.0,0.0
204214,0.0,0.0,0.0,0.0,0.0,1.0,0.0
204546,0.0,0.0,0.0,0.0,0.0,0.0,0.0
204982,0.0,0.0,0.0,0.0,0.0,1.0,0.0
204985,0.0,0.0,0.0,0.0,0.0,2.0,0.0
205048,0.0,0.0,0.0,0.0,1.0,2.0,0.0
205193,0.0,0.0,0.0,0.0,2.0,2.0,0.0
205485,0.0,0.0,0.0,0.0,2.0,0.0,0.0
205693,0.0,0.0,0.0,0.0,0.0,0.0,0.0
206525,0.0,0.0,0.0,0.0,0.0,1.0,0.0
207025,0.0,0.0,0.0,0.0,0.0,0.0,0.0
208112,0.0,0.0,0.0,0.0,0.0,1.0,0.0
208150,0.0,0.0,0.0,0.0,0.0,2.0,0.0
208650,0.0,0.0,0.0,0.0,0.0,0.0,0.0
209261,0.0,0.0,0.0,0.0,0.0,1.0,0.0
209761,0.0,0.0,0.0,0.0,0.0,0.0,0.0
209949,0.0,0.0,0.0,0.0,0.0,1.0,0.0
210127,0.0,0.0,0.0,0.0,0.0,2.0,0.0
210627,0.0,0.0,0.0,0.0,0.0,0.0,0.0
210818,0.0,0.0,0.0,0.0,0.0,1.0,0.0
211318,0.0,0.0,0.0,0.0,0.0,0.0,0.0
211595,0.0,0.0,0.0,0.0,0.0,1.0,0.0
211841,0.0,0.0,0.0,0.0,0.0,2.0,0.0
212237,0.0,0.0,0.0,0.0,1.0,2.0,0.0
212341,0.0,0.0,0.0,0.0,1.0,0.0,0.0
212389,0.0,2.0,0.0,0.0,1.0,0.0,0.0
212617,0.0,2.0,0.0,0.0,2.0,0.0,0.0
212619,0.0,2.0,0.0,0.0,2.0,1.0,0.0
212889,0.0,0.0,0.0,0.0,2.0,1.0,0.0
213117,0.0,0.0,0.0,0.0,0.0,1.0,0.0
213119,0.0,0.0,0.0,0.0,0.0,0.0,0.0
213618,0.0,0.0,0.0,0.0,0.0,1.0,0.0
213709,0.0,0.0,0.0,0.0,1.0,1.0,0.0
213712,0.0,0.0,0.0,0.0,2.0,1.0,0.0
214118,0.0,0.0,0.0,0.0,2.0,0.0,0.0
214137,0.0,0.0,0.0,0.0,2.0,1.0,0.0
214212,0.0,0.0,0.0,0.0,0.0,1.0,0.0
214525,0.0,0.0,0.0,0.0,0.0,2.0,0.0
215025,0.0,0.0,0.0,0.0,0.0,0.0,0.0
215271,0.0,0.0,0.0,0.0,0.0,1.0,0.0
215771,0.0,0.0,0.0,0.0,0.0,0.0,0.0
215887,0.0,0.0,0.0,0.0,0.0,1.0,0.0
215890,0.0,0.0,0.0,0.0,0.0,2.0,0.0
216390,0.0,0.0,0.0,0.0,0.0,0.0,0.0
216703,0.0,0.0,0.0,0.0,0.0,1.0,0.0
217203,0.0,0.0,0.0,0.0,0.0,0.0,0.0
218552,0.0,0.0,0.0,0.0,0.0,1.0,0.0
219052,0.0,0.0,0.0,0.0,0.0,0.0,0.0
219123,0.0,0.0,0.0,0.0,0.0,1.0,0.0
219126,0.0,0.0,0.0,0.0,0.0,2.0,0.0
219626,0.0,0.0,0.0,0.0,0.0,0.0,0.0
219851,0.0,0.0,0.0,0.0,0.0,1.0,0.0
220047,0.0,0.0,0.0,0.0,0.0,2.0,0.0
220547,0.0,0.0,0.0,0.0,0.0,0.0,0.0
220733,0.0,0.0,0.0,0.0,0.0,1.0,0.0
221233,0.0,0.0,0.0,0.0,0.0,0.0,0.0
221471,0.0,0.0,0.0,0.0,0.0,1.0,0.0
221922,0.0,0.0,0.0,0.0,0.0,2.0,0.0
222422,0.0,0.0,0.0,0.0,0.0,0.0,0.0
222610,0.0,0.0,0.0,0.0,0.0,1.0,0.0
222908,0.0,2.0,0.0,0.0,0.0,1.0,0.0
223110,0.0,2.0,0.0,0.0,0.0,0.0,0.0
223408,0.0,0.0,0.0,0.0,0.0,0.0,0.0
225618,0.0,0.0,0.0,0.0,0.0,1.0,0.0
226118,0.0,0.0,0.0,0.0,0.0,0.0,0.0
227389,0.0,0.0,0.0,0.0,0.0,1.0,0.0
227395,0.0,0.0,0.0,0.0,0.0,2.0,0.0
227895,0.0,0.0,0.0,0.0,0.0,0.0,0.0
227983,0.0,0.0,0.0,0.0,0.0,1.0,0.0
228483,0.0,0.0,0.0,0.0,0.0,0.0,0.0
228591,0.0,0.0,0.0,0.0,0.0,1.0,0.0
228600,0.0,0.0,0.0,0.0,0.0,2.0,0.0
229100,0.0,0.0,0.0,0.0,0.0,0.0,0.0
229561,0.0,0.0,0.0,0.0,0.0,1.0,0.0
230061,0.0,0.0,0.0,0.0,0.0,0.0,0.0
231509,0.0,0.0,0.0,0.0,0.0,1.0,0.0
231512,0.0,0.0,0.0,0.0,0.0,2.0,0.0
232012,0.0,0.0,0.0,0.0,0.0,0.0,0.0
232633,0.0,0.0,0.0,0.0,0.0,1.0,0.0
232706,0.0,0.0,0.0,0.0,0.0,2.0,0.0
233206,0.0,0.0,0.0,0.0,0.0,0.0,0.0
234873,0.0,0.0,0.0,0.0,0.0,1.0,0.0
235373,0.0,0.0,0.0,0.0,0.0,0.0,0.0
235436,0.0,0.0,0.0,0.0,0.0,1.0,0.0
235936,0.0,0.0,0.0,0.0,0.0,0.0,0.0
237594,0.0,0.0,0.0,0.0,0.0,1.0,0.0
237670,0.0,0.0,0.0,0.0,0.0,2.0,0.0
238170,0.0,0.0,0.0,0.0,0.0,0.0,0.0
238328,0.0,0.0,0.0,0.0,0.0,1.0,0.0
238828,0.0,0.0,0.0,0.0,0.0,0.0,0.0
239020,0.0,2.0,0.0,0.0,0.0,0.0,0.0
239520,0.0,0.0,0.0,0.0,0.0,0.0,0.0
240154,0.0,0.0,0.0,0.0,0.0,1.0,0.0
240533,0.0,0.0,0.0,0.0,0.0,2.0,0.0
241033,0.0,0.0,0.0,0.0,0.0,0.0,0.0
241359,0.0,0.0,0.0,0.0,0.0,1.0,0.0
241859,0.0,0.0,0.0,0.0,0.0,0.0,0.0
242280,0.0,0.0,0.0,0.0,0.0,1.0,0.0
242283,0.0,0.0,0.0,0.0,0.0,2.0,0.0
242783,0.0,0.0,0.0,0.0,0.0,0.0,0.0
242833,0.0,0.0,0.0,0.0,0.0,1.0,0.0
242873,0.0,0.0,0.0,0.0,0.0,2.0,0.0
243373,0.0,0.0,0.0,0.0,0.0,0.0,0.0
243686,0.0,0.0,0.0,0.0,0.0,1.0,0.0
243689,0.0,0.0,0.0,0.0,0.0,2.0,0.0
244189,0.0,0.0,0.0,0.0,0.0,0.0,0.0
244239,0.0,0.0,0.0,0.0,0.0,1.0,0.0
244262,0.0,0.0,0.0,0.0,0.0,2.0,0.0
244762,0.0,0.0,0.0,0.0,0.0,0.0,0.0
245365,0.0,0.0,0.0,0.0,0.0,1.0,0.0
245865,0.0,0.0,0.0,0.0,0.0,0.0,0.0
246031,0.0,0.0,0.0,0.0,0.0,1.0,0.0
246173,0.0,0.0,0.0,0.0,0.0,2.0,0.0
246673,0.0,0.0,0.0,0.0,0.0,0.0,0.0
247538,0.0,0.0,0.0,0.0,0.0,1.0,0.0
247573,0.0,0.0,0.0,0.0,0.0,2.0,0.0
248073,0.0,0.0,0.0,0.0,0.0,0.0,0.0
248217,0.0,0.0,0.0,0.0,0.0,1.0,0.0
248717,0.0,0.0,0.0,0.0,0.0,0.0,0.0
248779,0.0,0.0,0.0,0.0,0.0,1.0,0.0
249149,0.0,0.0,0.0,0.0,0.0,2.0,0.0
249649,0.0,0.0,0.0,0.0,0.0,0.0,0.0
249999,0.0,0.0,0.0,0.0,0.0,1.0,0.0
250499,0.0,0.0,0.0,0.0,0.0,0.0,0.0
250575,0.0,0.0,0.0,0.0,0.0,1.0,0.0
251075,0.0,0.0,0.0,0.0,0.0,0.0,0.0
251139,0.0,0.0,0.0,0.0,0.0,1.0,0.0
251143,0.0,0.0,0.0,0.0,0.0,2.0,0.0
251643,0.0,0.0,0.0,0.0,0.0,0.0,0.0
252467,0.0,0.0,0.0,0.0,0.0,1.0,0.0
252486,0.0,0.0,0.0,0.0,0.0,2.0,0.0
252522,0.0,2.0,0.0,0.0,0.0,2.0,0.0
252986,0.0,2.0,0.0,0.0,0.0,0.0,0.0
253022,0.0,0.0,0.0,0.0,0.0,0.0,0.0
253243,0.0,0.0,0.0,0.0,0.0,1.0,0.0
253743,0.0,0.0,0.0,0.0,0.0,0.0,0.0
254284,0.0,0.0,0.0,0.0,0.0,1.0,0.0
254784,0.0,0.0,0.0,0.0,0.0,0.0,0.0
255115,0.0,0.0,0.0,0.0,0.0,1.0,0.0
255753,0.0,0.0,0.0,0.0,0.0,2.0,0.0
256253,0.0,0.0,0.0,0.0,0.0,0.0,0.0
256372,0.0,0.0,0.0,0.0,0.0,1.0,0.0
256872,0.0,0.0,0.0,0.0,0.0,0.0,0.0
256973,0.0,0.0,0.0,0.0,0.0,1.0,0.0
257051,0.0,0.0,0.0,0.0,0.0,2.0,0.0
257551,0.0,0.0,0.0,0.0,0.0,0.0,0.0
257560,0.0,0.0,0.0,0.0,0.0,1.0,0.0
257847,0.0,0.0,0.0,0.0,0.0,2.0,0.0
258347,0.0,0.0,0.0,0.0,0.0,0.0,0.0
258545,0.0,0.0,0.0,0.0,0.0,1.0,0.0
259045,0.0,0.0,0.0,0.0,0.0,0.0,0.0
259211,0.0,0.0,0.0,0.0,0.0,1.0,0.0
259711,0.0,0.0,0.0,0.0,0.0,0.0,0.0
261429,0.0,0.0,0.0,0.0,0.0,1.0,0.0
261929,0.0,0.0,0.0,0.0,0.0,0.0,0.0
262079,0.0,0.0,0.0,0.0,0.0,1.0,0.0
262579,0.0,0.0,0.0,0.0,0.0,0.0,0.0
262600,0.0,0.0,0.0,0.0,0.0,1.0,0.0
263100,0.0,0.0,0.0,0.0,0.0,0.0,0.0
263541,0.0,0.0,0.0,0.0,0.0,1.0,0.0
264041,0.0,0.0,0.0,0.0,0.0,0.0,0.0
264939,0.0,0.0,0.0,0.0,0.0,1.0,0.0
265439,0.0,0.0,0.0,0.0,0.0,0.0,0.0
267219,0.0,0.0,0.0,0.0,0.0,1.0,0.0
267719,0.0,0.0,0.0,0.0,0.0,0.0,0.0
268554,0.0,0.0,0.0,0.0,0.0,1.0,0.0
268987,0.0,0.0,0.0,0.0,0.0,2.0,0.0
269487,0.0,0.0,0.0,0.0,0.0,0.0,0.0
270071,0.0,0.0,0.0,0.0,0.0,1.0,0.0
270079,0.0,0.0,0.0,0.0,0.0,2.0,0.0
270579,0.0,0.0,0.0,0.0,0.0,0.0,0.0
270586,0.0,0.0,0.0,0.0,0.0,1.0,0.0
270622,0.0,0.0,0.0,0.0,0.0,2.0,0.0
271122,0.0,0.0,0.0,0.0,0.0,0.0,0.0
271826,0.0,0.0,0.0,0.0,0.0,1.0,0.0
272305,0.0,0.0,0.0,0.0,0.0,2.0,0.0
272805,0.0,0.0,0.0,0.0,0.0,0.0,0.0
274094,0.0,0.0,0.0,0.0,0.0,1.0,0.0
274594,0.0,0.0,0.0,0.0,0.0,0.0,0.0
275825,0.0,0.0,0.0,0.0,0.0,1.0,0.0
276325,0.0,0.0,0.0,0.0,0.0,0.0,0.0
277141,0.0,0.0,0.0,0.0,0.0,1.0,0.0
277147,0.0,0.0,0.0,0.0,0.0,2.0,0.0
277647,0.0,0.0,0.0,0.0,0.0,0.0,0.0
278250,0.0,0.0,0.0,0.0,0.0,1.0,0.0
278750,0.0,0.0,0.0,0.0,0.0,0.0,0.0
278777,0.0,0.0,0.0,0.0,0.0,1.0,0.0
278872,0.0,0.0,0.0,0.0,0.0,2.0,0.0
278967,0.0,2.0,0.0,0.0,0.0,2.0,0.0
279372,0.0,2.0,0.0,0.0,0.0,0.0,0.0
279467,0.0,0.0,0.0,0.0,0.0,0.0,0.0
281204,0.0,0.0,0.0,0.0,0.0,1.0,0.0
281704,0.0,0.0,0.0,0.0,0.0,0.0,0.0
281890,0.0,0.0,0.0,0.0,0.0,1.0,0.0
281987,0.0,2.0,0.0,0.0,0.0,1.0,0.0
282060,0.0,2.0,0.0,0.0,0.0,2.0,0.0
282487,0.0,0.0,0.0,0.0,0.0,2.0,0.0
282560,0.0,0.0,0.0,0.0,0.0,0.0,0.0
283643,0.0,0.0,0.0,0.0,0.0,1.0,0.0
284143,0.0,0.0,0.0,0.0,0.0,0.0,0.0
284353,0.0,0.0,0.0,0.0,0.0,1.0,0.0
284853,0.0,0.0,0.0,0.0,0.0,0.0,0.0
284866,0.0,0.0,0.0,0.0,0.0,1.0,0.0
284892,0.0,0.0,0.0,0.0,0.0,2.0,0.0
285392,0.0,0.0,0.0,0.0,0.0,0.0,0.0
285967,0.0,0.0,0.0,0.0,0.0,1.0,0.0
286467,0.0,0.0,0.0,0.0,0.0,0.0,0.0
286506,0.0,0.0,0.0,0.0,0.0,1.0,0.0
286515,0.0,0.0,0.0,0.0,0.0,2.0,0.0
287015,0.0,0.0,0.0,0.0,0.0,0.0,0.0
287057,0.0,0.0,0.0,0.0,0.0,1.0,0.0
287538,0.0,0.0,0.0,0.0,0.0,2.0,0.0
288038,0.0,0.0,0.0,0.0,0.0,0.0,0.0
288095,0.0,0.0,0.0,0.0,0.0,1.0,0.0
288504,0.0,0.0,0.0,0.0,0.0,2.0,0.0
289004,0.0,0.0,0.0,0.0,0.0,0.0,0.0
289285,0.0,0.0,0.0,0.0,0.0,1.0,0.0
289485,0.0,0.0,0.0,0.0,0.0,2.0,0.0
289985,0.0,0.0,0.0,0.0,0.0,0.0,0.0
290015,0.0,0.0,0.0,0.0,0.0,1.0,0.0
290515,0.0,0.0,0.0,0.0,0.0,0.0,0.0
290606,0.0,0.0,0.0,0.0,0.0,1.0,0.0
291106,0.0,0.0,0.0,0.0,0.0,0.0,0.0
291163,0.0,0.0,0.0,0.0,0.0,1.0,0.0
291239,0.0,0.0,0.0,0.0,0.0,2.0,0.0
291265,0.0,0.0,0.0,0.0,1.0,2.0,0.0
291739,0.0,0.0,0.0,0.0,1.0,0.0,0.0
291765,0.0,0.0,0.0,0.0,0.0,0.0,0.0
291840,0.0,0.0,0.0,0.0,0.0,1.0,0.0
292143,0.0,0.0,0.0,0.0,0.0,2.0,0.0
292643,0.0,0.0,0.0,0.0,0.0,0.0,0.0
292771,0.0,0.0,0.0,0.0,0.0,1.0,0.0
293271,0.0,0.0,0.0,0.0,0.0,0.0,0.0
293402,0.0,0.0,0.0,0.0,0.0,1.0,0.0
293902,0.0,0.0,0.0,0.0,0.0,0.0,0.0
294055,0.0,0.0,0.0,0.0,0.0,1.0,0.0
294555,0.0,0.0,0.0,0.0,0.0,0.0,0.0
294628,0.0,0.0,0.0,0.0,0.0,1.0,0.0
294644,0.0,0.0,0.0,0.0,0.0,2.0,0.0
295144,0.0,0.0,0.0,0.0,0.0,0.0,0.0
295884,0.0,0.0,0.0,0.0,0.0,1.0,0.0
296384,0.0,0.0,0.0,0.0,0.0,0.0,0.0
296569,0.0,0.0,0.0,0.0,0.0,1.0,0.0
297069,0.0,0.0,0.0,0.0,0.0,0.0,0.0
297403,0.0,0.0,0.0,0.0,0.0,1.0,0.0
297415,0.0,0.0,0.0,0.0,0.0,2.0,0.0
297915,0.0,0.0,0.0,0.0,0.0,0.0,0.0
298135,0.0,0.0,0.0,0.0,0.0,1.0,0.0
298635,0.0,0.0,0.0,0.0,0.0,0.0,0.0
298906,0.0,0.0,0.0,0.0,0.0,1.0,0.0
299406,0.0,0.0,0.0,0.0,0.0,0.0,0.0
299970,0.0,0.0,0.0,0.0,0.0,1.0,0.0
300470,0.0,0.0,0.0,0.0,0.0,0.0,0.0
300960,0.0,0.0,0.0,0.0,0.0,1.0,0.0
301460,0.0,0.0,0.0,0.0,0.0,0.0,0.0
308003,0.0,0.0,0.0,0.0,0.0,1.0,0.0
308010,0.0,0.0,0.0,0.0,0.0,2.0,0.0
308510,0.0,0.0,0.0,0.0,0.0,0.0,0.0
308882,0.0,0.0,0.0,0.0,0.0,1.0,0.0
309382,0.0,0.0,0.0,0.0,0.0,0.0,0.0
310466,0.0,0.0,0.0,0.0,0.0,1.0,0.0
310966,0.0,0.0,0.0,0.0,0.0,0.0,0.0
311819,0.0,0.0,0.0,0.0,0.0,1.0,0.0
312319,0.0,0.0,0.0,0.0,0.0,0.0,0.0
313804,0.0,0.0,0.0,0.0,0.0,1.0,0.0
314304,0.0,0.0,0.0,0.0,0.0,0.0,0.0
315445,0.0,0.0,0.0,0.0,0.0,1.0,0.0
315446,0.0,0.0,0.0,0.0,0.0,2.0,0.0
315946,0.0,0.0,0.0,0.0,0.0,0.0,0.0
318188,0.0,0.0,0.0,0.0,0.0,1.0,0.0
318190,0.0,0.0,0.0,0.0,0.0,2.0,0.0
318690,0.0,0.0,0.0,0.0,0.0,0.0,0.0
321136,0.0,0.0,0.0,0.0,0.0,1.0,0.0
321173,0.0,0.0,0.0,0.0,1.0,1.0,0.0
321179,0.0,0.0,0.0,0.0,1.0,2.0,0.0
321181,0.0,0.0,0.0,0.0,2.0,2.0,0.0
321679,0.0,0.0,0.0,0.0,2.0,0.0,0.0
321681,0.0,0.0,0.0,0.0,0.0,0.0,0.0
321784,0.0,0.0,0.0,0.0,0.0,1.0,0.0
321787,0.0,0.0,0.0,0.0,0.0,2.0,0.0
322287,0.0,0.0,0.0,0.0,0.0,0.0,0.0
324286,0.0,0.0,0.0,0.0,1.0,0.0,0.0
324290,0.0,0.0,0.0,0.0,1.0,1.0,0.0
324786,0.0,0.0,0.0,0.0,0.0,1.0,0.0
324790,0.0,0.0,0.0,0.0,0.0,0.0,0.0
325269,0.0,0.0,0.0,0.0,0.0,1.0,0.0
325769,0.0,0.0,0.0,0.0,0.0,0.0,0.0
325953,0.0,0.0,0.0,0.0,0.0,1.0,0.0
326453,0.0,0.0,0.0,0.0,0.0,0.0,0.0
329110,0.0,0.0,0.0,0.0,0.0,1.0,0.0
329610,0.0,0.0,0.0,0.0,0.0,0.0,0.0
329670,0.0,0.0,0.0,0.0,0.0,1.0,0.0
330047,0.0,0.0,0.0,0.0,0.0,2.0,0.0
330547,0.0,0.0,0.0,0.0,0.0,0.0,0.0
330961,0.0,0.0,0.0,0.0,0.0,1.0,0.0
331461,0.0,0.0,0.0,0.0,0.0,0.0,0.0
333205,0.0,0.0,0.0,0.0,0.0,1.0,0.0
333705,0.0,0.0,0.0,0.0,0.0,0.0,0.0
334474,0.0,0.0,0.0,0.0,0.0,1.0,0.0
334974,0.0,0.0,0.0,0.0,0.0,0.0,0.0
336652,0.0,0.0,0.0,0.0,0.0,1.0,0.0
336656,0.0,0.0,0.0,0.0,0.0,2.0,0.0
337156,0.0,0.0,0.0,0.0,0.0,0.0,0.0
338426,0.0,0.0,0.0,0.0,0.0,1.0,0.0
338926,0.0,0.0,0.0,0.0,0.0,0.0,0.0
339904,0.0,0.0,0.0,0.0,0.0,1.0,0.0
340404,0.0,0.0,0.0,0.0,0.0,0.0,0.0
341142,0.0,0.0,0.0,0.0,0.0,1.0,0.0
341642,0.0,0.0,0.0,0.0,0.0,0.0,0.0
342376,0.0,0.0,0.0,0.0,0.0,1.0,0.0
342876,0.0,0.0,0.0,0.0,0.0,0.0,0.0
342995,0.0,0.0,0.0,0.0,0.0,1.0,0.0
343495,0.0,0.0,0.0,0.0,0.0,0.0,0.0
346217,0.0,0.0,0.0,0.0,0.0,1.0,0.0
346717,0.0,0.0,0.0,0.0,0.0,0.0,0.0
346980,0.0,0.0,0.0,0.0,0.0,1.0,0.0
347480,0.0,0.0,0.0,0.0,0.0,0.0,0.0
352304,0.0,0.0,0.0,0.0,0.0,1.0,0.0
352804,0.0,0.0,0.0,0.0,0.0,0.0,0.0
353551,0.0,0.0,0.0,0.0,0.0,1.0,0.0
353604,0.0,0.0,0.0,0.0,0.0,2.0,0.0
354104,0.0,0.0,0.0,0.0,0.0,0.0,0.0
354588,0.0,0.0,0.0,0.0,0.0,1.0,0.0
355088,0.0,0.0,0.0,0.0,0.0,0.0,0.0
359111,0.0,0.0,0.0,0.0,0.0,1.0,0.0
359611,0.0,0.0,0.0,0.0,0.0,0.0,0.0
360144,0.0,0.0,0.0,0.0,0.0,1.0,0.0
360644,0.0,0.0,0.0,0.0,0.0,0.0,0.0
363982,0.0,0.0,0.0,0.0,0.0,1.0,0.0
363985,0.0,0.0,0.0,0.0,0.0,2.0,0.0
364485,0.0,0.0,0.0,0.0,0.0,0.0,0.0
365973,0.0,0.0,0.0,0.0,0.0,1.0,0.0
366473,0.0,0.0,0.0,0.0,0.0,0.0,0.0
370767,0.0,0.0,0.0,0.0,0.0,1.0,0.0
371267,0.0,0.0,0.0,0.0,0.0,0.0,0.0
371816,0.0,0.0,0.0,0.0,0.0,1.0,0.0
372316,0.0,0.0,0.0,0.0,0.0,0.0,0.0
373699,0.0,0.0,0.0,0.0,0.0,1.0,0.0
373713,0.0,0.0,0.0,0.0,0.0,2.0,0.0
374213,0.0,0.0,0.0,0.0,0.0,0.0,0.0
376292,0.0,0.0,0.0,0.0,0.0,1.0,0.0
376792,0.0,0.0,0.0,0.0,0.0,0.0,0.0
378043,0.0,0.0,0.0,0.0,0.0,1.0,0.0
378543,0.0,0.0,0.0,0.0,0.0,0.0,0.0
378717,0.0,0.0,0.0,0.0,0.0,1.0,0.0
378758,0.0,0.0,0.0,0.0,0.0,2.0,0.0
379258,0.0,0.0,0.0,0.0,0.0,0.0,0.0
380771,0.0,0.0,0.0,0.0,0.0,1.0,0.0
381271,0.0,0.0,0.0,0.0,0.0,0.0,0.0
381689,0.0,0.0,0.0,0.0,0.0,1.0,0.0
382189,0.0,0.0,0.0,0.0,0.0,0.0,0.0
385577,0.0,0.0,0.0,0.0,0.0,1.0,0.0
386077,0.0,0.0,0.0,0.0,0.0,0.0,0.0
390290,0.0,0.0,0.0,0.0,0.0,1.0,0.0
390790,0.0,0.0,0.0,0.0,0.0,0.0,0.0
392024,0.0,0.0,0.0,0.0,0.0,1.0,0.0
392524,0.0,0.0,0.0,0.0,0.0,0.0,0.0
392563,0.0,0.0,0.0,0.0,0.0,1.0,0.0
393063,0.0,0.0,0.0,0.0,0.0,0.0,0.0
393507,0.0,0.0,0.0,0.0,0.0,1.0,0.0
394007,0.0,0.0,0.0,0.0,0.0,0.0,0.0
395178,0.0,0.0,0.0,0.0,0.0,1.0,0.0
395180,0.0,0.0,0.0,0.0,0.0,2.0,0.0
395680,0.0,0.0,0.0,0.0,0.0,0.0,0.0
396983,0.0,0.0,0.0,0.0,0.0,1.0,0.0
396995,0.0,0.0,0.0,0.0,0.0,2.0,0.0
397495,0.0,0.0,0.0,0.0,0.0,0.0,0.0
398034,0.0,0.0,0.0,0.0,0.0,1.0,0.0
398534,0.0,0.0,0.0,0.0,0.0,0.0,0.0
400000,0.0,0.0,0.0,0.0,0.0,0.0,1.0
400008,0.0,0.0,0.0,0.0,0.0,1.0,1.0
400013,0.0,0.0,0.0,0.0,0.0,2.0,1.0
400063,2.0,0.0,0.0,0.0,0.0,2.0,1.0
400166,2.0,2.0,0.0,0.0,0.0,2.0,1.0
400435,2.0,2.0,0.0,0.0,1.0,2.0,1.0
400500,2.0,2.0,0.0,0.0,1.0,2.0,0.0
400513,2.0,2.0,0.0,0.0,1.0,0.0,0.0
400519,2.0,2.0,0.0,0.0,2.0,0.0,0.0
400563,0.0,2.0,0.0,0.0,2.0,0.0,0.0
400666,0.0,0.0,0.0,0.0,2.0,0.0,0.0
401019,0.0,0.0,0.0,0.0,0.0,0.0,0.0
401202,0.0,0.0,0.0,0.0,0.0,1.0,0.0
401330,0.0,0.0,1.0,0.0,0.0,1.0,0.0
401702,0.0,0.0,1.0,0.0,0.0,0.0,0.0
402535,0.0,0.0,1.0,0.0,0.0,1.0,0.0
402718,0.0,0.0,2.0,0.0,0.0,1.0,0.0
403035,0.0,0.0,2.0,0.0,0.0,0.0,0.0
403218,0.0,0.0,0.0,0.0,0.0,0.0,0.0
404550,0.0,0.0,0.0,0.0,0.0,1.0,0.0
405050,0.0,0.0,0.0,0.0,0.0,0.0,0.0
405057,0.0,0.0,0.0,0.0,0.0,1.0,0.0
405557,0.0,0.0,0.0,0.0,0.0,0.0,0.0
405772,0.0,0.0,0.0,0.0,0.0,1.0,0.0
405778,0.0,0.0,0.0,0.0,0.0,2.0,0.0
406278,0.0,0.0,0.0,0.0,0.0,0.0,0.0
406733,0.0,0.0,0.0,0.0,0.0,1.0,0.0
406807,0.0,0.0,0.0,0.0,0.0,2.0,0.0
407307,0.0,0.0,0.0,0.0,0.0,0.0,0.0
407899,0.0,0.0,0.0,0.0,0.0,1.0,0.0
408399,0.0,0.0,0.0,0.0,0.0,0.0,0.0
408581,0.0,0.0,0.0,0.0,0.0,1.0,0.0
408587,0.0,0.0,1.0,0.0,0.0,1.0,0.0
409081,0.0,0.0,1.0,0.0,0.0,0.0,0.0
409303,0.0,0.0,1.0,0.0,0.0,1.0,0.0
409464,0.0,2.0,1.0,0.0,0.0,1.0,0.0
409803,0.0,2.0,1.0,0.0,0.0,0.0,0.0
409827,0.0,2.0,1.0,0.0,0.0,1.0,0.0
409964,0.0,0.0,1.0,0.0,0.0,1.0,0.0
410327,0.0,0.0,1.0,0.0,0.0,0.0,0.0
411112,0.0,0.0,1.0,0.0,0.0,1.0,0.0
411319,0.0,0.0,1.0,0.0,1.0,1.0,0.0
411612,0.0,0.0,1.0,0.0,1.0,0.0,0.0
411719,0.0,0.0,1.0,0.0,1.0,1.0,0.0
411819,0.0,0.0,1.0,0.0,0.0,1.0,0.0
412219,0.0,0.0,1.0,0.0,0.0,0.0,0.0
412257,0.0,0.0,1.0,0.0,1.0,0.0,0.0
412271,0.0,0.0,1.0,0.0,1.0,1.0,0.0
412757,0.0,0.0,1.0,0.0,0.0,1.0,0.0
412771,0.0,0.0,1.0,0.0,0.0,0.0,0.0
413761,0.0,0.0,1.0,0.0,0.0,1.0,0.0
414261,0.0,0.0,1.0,0.0,0.0,0.0,0.0
416263,0.0,0.0,1.0,0.0,0.0,1.0,0.0
416752,0.0,0.0,1.0,0.0,0.0,2.0,0.0
417252,0.0,0.0,1.0,0.0,0.0,0.0,0.0
417975,0.0,0.0,1.0,0.0,0.0,1.0,0.0
418475,0.0,0.0,1.0,0.0,0.0,0.0,0.0
418860,0.0,0.0,1.0,0.0,0.0,1.0,0.0
419360,0.0,0.0,1.0,0.0,0.0,0.0,0.0
419414,0.0,0.0,1.0,0.0,0.0,1.0,0.0
419914,0.0,0.0,1.0,0.0,0.0,0.0,0.0
419948,0.0,0.0,1.0,0.0,0.0,1.0,0.0
420213,0.0,0.0,1.0,0.0,1.0,1.0,0.0
420218,0.0,0.0,1.0,0.0,1.0,2.0,0.0
420718,0.0,0.0,1.0,0.0,1.0,0.0,0.0
421213,0.0,0.0,1.0,0.0,0.0,0.0,0.0
421524,0.0,0.0,1.0,0.0,0.0,1.0,0.0
421575,0.0,0.0,1.0,0.0,1.0,1.0,0.0
422024,0.0,0.0,1.0,0.0,1.0,0.0,0.0
422075,0.0,0.0,1.0,0.0,0.0,0.0,0.0
422661,0.0,0.0,1.0,0.0,0.0,1.0,0.0
423161,0.0,0.0,1.0,0.0,0.0,0.0,0.0
423412,0.0,0.0,1.0,0.0,0.0,1.0,0.0
423912,0.0,0.0,1.0,0.0,0.0,0.0,0.0
423968,0.0,0.0,1.0,0.0,0.0,1.0,0.0
423993,0.0,0.0,1.0,0.0,0.0,2.0,0.0
424493,0.0,0.0,1.0,0.0,0.0,0.0,0.0
424571,0.0,0.0,1.0,0.0,0.0,1.0,0.0
425071,0.0,0.0,1.0,0.0,0.0,0.0,0.0
425168,0.0,0.0,1.0,0.0,0.0,1.0,0.0
425171,0.0,0.0,1.0,0.0,0.0,2.0,0.0
425671,0.0,0.0,1.0,0.0,0.0,0.0,0.0
425755,0.0,0.0,1.0,0.0,0.0,1.0,0.0
426003,0.0,0.0,1.0,0.0,0.0,2.0,0.0
426503,0.0,0.0,1.0,0.0,0.0,0.0,0.0
426519,0.0,0.0,1.0,0.0,0.0,1.0,0.0
426522,0.0,0.0,1.0,0.0,0.0,2.0,0.0
427022,0.0,0.0,1.0,0.0,0.0,0.0,0.0
427486,0.0,2.0,1.0,0.0,0.0,0.0,0.0
427986,0.0,0.0,1.0,0.0,0.0,0.0,0.0
428091,0.0,0.0,1.0,0.0,0.0,1.0,0.0
428591,0.0,0.0,1.0,0.0,0.0,0.0,0.0
428622,0.0,0.0,1.0,0.0,0.0,1.0,0.0
428623,0.0,0.0,1.0,0.0,1.0,1.0,0.0
428625,0.0,0.0,1.0,0.0,1.0,2.0,0.0
428626,0.0,0.0,1.0,0.0,2.0,2.0,0.0
429125,0.0,0.0,1.0,0.0,2.0,0.0,0.0
429126,0.0,0.0,1.0,0.0,0.0,0.0,0.0
429348,0.0,0.0,1.0,0.0,0.0,1.0,0.0
429356,0.0,0.0,1.0,0.0,0.0,2.0,0.0
429856,0.0,0.0,1.0,0.0,0.0,0.0,0.0
430558,0.0,0.0,1.0,0.0,0.0,1.0,0.0
430575,0.0,0.0,1.0,0.0,0.0,2.0,0.0
430760,0.0,0.0,1.0,0.0,1.0,2.0,0.0
430840,0.0,0.0,1.0,0.0,2.0,2.0,0.0
431075,0.0,0.0,1.0,0.0,2.0,0.0,0.0
431170,0.0,0.0,1.0,0.0,2.0,1.0,0.0
431340,0.0,0.0,1.0,0.0,0.0,1.0,0.0
431670,0.0,0.0,1.0,0.0,0.0,0.0,0.0
431989,0.0,0.0,1.0,0.0,0.0,1.0,0.0
431992,0.0,0.0,1.0,0.0,0.0,2.0,0.0
432492,0.0,0.0,1.0,0.0,0.0,0.0,0.0
434454,0.0,0.0,1.0,0.0,0.0,1.0,0.0
434954,0.0,0.0,1.0,0.0,0.0,0.0,0.0
435026,0.0,0.0,1.0,0.0,0.0,1.0,0.0
435526,0.0,0.0,1.0,0.0,0.0,0.0,0.0
435537,0.0,0.0,1.0,0.0,0.0,1.0,0.0
435818,0.0,0.0,1.0,0.0,0.0,2.0,0.0
436318,0.0,0.0,1.0,0.0,0.0,0.0,0.0
436321,0.0,0.0,1.0,0.0,0.0,1.0,0.0
436561,0.0,2.0,1.0,0.0,0.0,1.0,0.0
436821,0.0,2.0,1.0,0.0,0.0,0.0,0.0
437061,0.0,0.0,1.0,0.0,0.0,0.0,0.0
437139,0.0,0.0,1.0,0.0,0.0,1.0,0.0
437639,0.0,0.0,1.0,0.0,0.0,0.0,0.0
437850,0.0,0.0,1.0,0.0,0.0,1.0,0.0
437861,0.0,0.0,1.0,0.0,0.0,2.0,0.0
438361,0.0,0.0,1.0,0.0,0.0,0.0,0.0
438420,0.0,0.0,1.0,0.0,0.0,1.0,0.0
438920,0.0,0.0,1.0,0.0,0.0,0.0,0.0
438930,0.0,0.0,1.0,0.0,0.0,1.0,0.0
439430,0.0,0.0,1.0,0.0,0.0,0.0,0.0
439488,0.0,0.0,1.0,0.0,0.0,1.0,0.0
439988,0.0,0.0,1.0,0.0,0.0,0.0,0.0
440054,0.0,0.0,1.0,0.0,0.0,1.0,0.0
440057,0.0,0.0,1.0,0.0,0.0,2.0,0.0
440557,0.0,0.0,1.0,0.0,0.0,0.0,0.0
440931,0.0,0.0,1.0,0.0,0.0,1.0,0.0
440935,0.0,0.0,1.0,0.0,0.0,2.0,0.0
441435,0.0,0.0,1.0,0.0,0.0,0.0,0.0
442305,0.0,0.0,1.0,0.0,0.0,1.0,0.0
442805,0.0,0.0,1.0,0.0,0.0,0.0,0.0
442806,0.0,0.0,1.0,0.0,0.0,1.0,0.0
442809,0.0,0.0,1.0,0.0,0.0,2.0,0.0
443309,0.0,0.0,1.0,0.0,0.0,0.0,0.0
443610,0.0,0.0,1.0,0.0,0.0,1.0,0.0
443923,0.0,2.0,1.0,0.0,0.0,1.0,0.0
443947,0.0,2.0,1.0,0.0,0.0,2.0,0.0
444423,0.0,0.0,1.0,0.0,0.0,2.0,0.0
444447,0.0,0.0,1.0,0.0,0.0,0.0,0.0
444556,0.0,0.0,1.0,0.0,0.0,1.0,0.0
445056,0.0,0.0,1.0,0.0,0.0,0.0,0.0
445395,0.0,0.0,1.0,0.0,0.0,1.0,0.0
445712,0.0,0.0,1.0,0.0,0.0,2.0,0.0
446212,0.0,0.0,1.0,0.0,0.0,0.0,0.0
446358,0.0,0.0,1.0,0.0,0.0,1.0,0.0
446382,0.0,0.0,1.0,0.0,0.0,2.0,0.0
446882,0.0,0.0,1.0,0.0,0.0,0.0,0.0
447186,0.0,0.0,1.0,0.0,0.0,1.0,0.0
447190,0.0,0.0,1.0,0.0,0.0,2.0,0.0
447690,0.0,0.0,1.0,0.0,0.0,0.0,0.0
448442,0.0,0.0,1.0,0.0,0.0,1.0,0.0
448445,0.0,0.0,1.0,0.0,0.0,2.0,0.0
448945,0.0,0.0,1.0,0.0,0.0,0.0,0.0
449423,0.0,0.0,1.0,0.0,0.0,1.0,0.0
449923,0.0,0.0,1.0,0.0,0.0,0.0,0.0
450346,0.0,0.0,1.0,0.0,0.0,1.0,0.0
450749,0.0,0.0,1.0,0.0,0.0,2.0,0.0
451249,0.0,0.0,1.0,0.0,0.0,0.0,0.0
454418,0.0,0.0,1.0,0.0,0.0,1.0,0.0
454437,0.0,0.0,1.0,0.0,0.0,2.0,0.0
454937,0.0,0.0,1.0,0.0,0.0,0.0,0.0
456084,0.0,0.0,1.0,0.0,0.0,1.0,0.0
456107,0.0,0.0,1.0,0.0,0.0,2.0,0.0
456139,0.0,0.0,1.0,0.0,1.0,2.0,0.0
456607,0.0,0.0,1.0,0.0,1.0,0.0,0.0
456639,0.0,0.0,1.0,0.0,0.0,0.0,0.0
456658,0.0,0.0,1.0,0.0,0.0,1.0,0.0
456674,0.0,0.0,1.0,0.0,0.0,2.0,0.0
457174,0.0,0.0,1.0,0.0,0.0,0.0,0.0
457636,0.0,0.0,1.0,0.0,0.0,1.0,0.0
457645,0.0,0.0,1.0,0.0,0.0,2.0,0.0
458145,0.0,0.0,1.0,0.0,0.0,0.0,0.0
458363,0.0,0.0,1.0,0.0,0.0,1.0,0.0
458863,0.0,0.0,1.0,0.0,0.0,0.0,0.0
459441,0.0,0.0,1.0,0.0,0.0,1.0,0.0
459941,0.0,0.0,1.0,0.0,0.0,0.0,0.0
460207,0.0,0.0,1.0,0.0,0.0,1.0,0.0
460345,0.0,0.0,1.0,0.0,0.0,2.0,0.0
460845,0.0,0.0,1.0,0.0,0.0,0.0,0.0
461101,0.0,0.0,1.0,0.0,0.0,1.0,0.0
461601,0.0,0.0,1.0,0.0,0.0,0.0,0.0
462508,0.0,2.0,1.0,0.0,0.0,0.0,0.0
463008,0.0,0.0,1.0,0.0,0.0,0.0,0.0
463036,0.0,0.0,1.0,0.0,0.0,1.0,0.0
463536,0.0,0.0,1.0,0.0,0.0,0.0,0.0
463779,0.0,0.0,1.0,0.0,0.0,1.0,0.0
463986,0.0,0.0,1.0,0.0,0.0,2.0,0.0
464486,0.0,0.0,1.0,0.0,0.0,0.0,0.0
465071,0.0,0.0,1.0,0.0,0.0,1.0,0.0
465331,0.0,0.0,1.0,0.0,0.0,2.0,0.0
465831,0.0,0.0,1.0,0.0,0.0,0.0,0.0
468350,0.0,0.0,1.0,0.0,0.0,1.0,0.0
468370,0.0,0.0,1.0,0.0,0.0,2.0,0.0
468769,0.0,2.0,1.0,0.0,0.0,2.0,0.0
468870,0.0,2.0,1.0,0.0,0.0,0.0,0.0
469269,0.0,0.0,1.0,0.0,0.0,0.0,0.0
469725,0.0,0.0,1.0,0.0,0.0,1.0,0.0
469729,0.0,0.0,1.0,0.0,0.0,2.0,0.0
470229,0.0,0.0,1.0,0.0,0.0,0.0,0.0
470930,0.0,0.0,1.0,0.0,0.0,1.0,0.0
471430,0.0,0.0,1.0,0.0,0.0,0.0,0.0
471540,0.0,0.0,1.0,0.0,1.0,0.0,0.0
471541,0.0,0.0,1.0,0.0,1.0,1.0,0.0
472040,0.0,0.0,1.0,0.0,0.0,1.0,0.0
472041,0.0,0.0,1.0,0.0,0.0,0.0,0.0
472407,0.0,0.0,1.0,0.0,0.0,1.0,0.0
472907,0.0,0.0,1.0,0.0,0.0,0.0,0.0
473588,0.0,0.0,1.0,0.0,0.0,1.0,0.0
474088,0.0,0.0,1.0,0.0,0.0,0.0,0.0
474892,0.0,0.0,1.0,0.0,0.0,1.0,0.0
475392,0.0,0.0,1.0,0.0,0.0,0.0,0.0
476223,0.0,0.0,1.0,0.0,0.0,1.0,0.0
476723,0.0,0.0,1.0,0.0,0.0,0.0,0.0
477009,0.0,0.0,1.0,0.0,0.0,1.0,0.0
477298,0.0,0.0,1.0,0.0,0.0,2.0,0.0
477798,0.0,0.0,1.0,0.0,0.0,0.0,0.0
478167,0.0,0.0,1.0,0.0,0.0,1.0,0.0
478185,0.0,0.0,1.0,0.0,0.0,2.0,0.0
478685,0.0,0.0,1.0,0.0,0.0,0.0,0.0
479193,0.0,0.0,1.0,0.0,0.0,1.0,0.0
479196,0.0,0.0,1.0,0.0,0.0,2.0,0.0
479696,0.0,0.0,1.0,0.0,0.0,0.0,0.0
479968,0.0,0.0,1.0,0.0,0.0,1.0,0.0
480247,0.0,0.0,1.0,0.0,0.0,2.0,0.0
480747,0.0,0.0,1.0,0.0,0.0,0.0,0.0
480898,0.0,0.0,1.0,0.0,0.0,1.0,0.0
481398,0.0,0.0,1.0,0.0,0.0,0.0,0.0
481554,0.0,0.0,1.0,0.0,0.0,1.0,0.0
482054,0.0,0.0,1.0,0.0,0.0,0.0,0.0
482585,0.0,0.0,1.0,0.0,0.0,1.0,0.0
483085,0.0,0.0,1.0,0.0,0.0,0.0,0.0
483229,0.0,0.0,1.0,0.0,0.0,1.0,0.0
483729,0.0,0.0,1.0,0.0,0.0,0.0,0.0
483916,0.0,0.0,1.0,0.0,0.0,1.0,0.0
484416,0.0,0.0,1.0,0.0,0.0,0.0,0.0
484858,0.0,0.0,1.0,0.0,0.0,1.0,0.0
485168,0.0,0.0,1.0,0.0,0.0,2.0,0.0
485301,0.0,0.0,1.0,0.0,1.0,2.0,0.0
485308,0.0,0.0,1.0,0.0,2.0,2.0,0.0
485668,0.0,0.0,1.0,0.0,2.0,0.0,0.0
485808,0.0,0.0,1.0,0.0,0.0,0.0,0.0
486788,0.0,0.0,1.0,0.0,0.0,1.0,0.0
487288,0.0,0.0,1.0,0.0,0.0,0.0,0.0
487795,0.0,0.0,1.0,0.0,0.0,1.0,0.0
488213,0.0,0.0,1.0,0.0,0.0,2.0,0.0
488713,0.0,0.0,1.0,0.0,0.0,0.0,0.0
489361,0.0,0.0,1.0,0.0,0.0,1.0,0.0
489371,0.0,0.0,1.0,0.0,0.0,2.0,0.0
489871,0.0,0.0,1.0,0.0,0.0,0.0,0.0
490140,0.0,0.0,1.0,0.0,0.0,1.0,0.0
490546,0.0,0.0,1.0,0.0,0.0,2.0,0.0
491046,0.0,0.0,1.0,0.0,0.0,0.0,0.0
492406,0.0,0.0,1.0,0.0,0.0,1.0,0.0
492906,0.0,0.0,1.0,0.0,0.0,0.0,0.0
493552,0.0,0.0,1.0,0.0,0.0,1.0,0.0
493565,0.0,0.0,1.0,0.0,0.0,2.0,0.0
494065,0.0,0.0,1.0,0.0,0.0,0.0,0.0
494457,0.0,0.0,1.0,0.0,0.0,1.0,0.0
494957,0.0,0.0,1.0,0.0,0.0,0.0,0.0
495436,0.0,0.0,1.0,0.0,0.0,1.0,0.0
495439,0.0,0.0,1.0,0.0,0.0,2.0,0.0
495939,0.0,0.0,1.0,0.0,0.0,0.0,0.0
495942,0.0,0.0,1.0,0.0,0.0,1.0,0.0
496442,0.0,0.0,1.0,0.0,0.0,0.0,0.0
496464,0.0,0.0,1.0,0.0,0.0,1.0,0.0
496796,0.0,0.0,1.0,0.0,0.0,2.0,0.0
497296,0.0,0.0,1.0,0.0,0.0,0.0,0.0
497402,0.0,0.0,1.0,0.0,0.0,1.0,0.0
497484,0.0,0.0,1.0,0.0,0.0,2.0,0.0
497533,0.0,0.0,1.0,0.0,1.0,2.0,0.0
497984,0.0,0.0,1.0,0.0,1.0,0.0,0.0
498033,0.0,0.0,1.0,0.0,0.0,0.0,0.0
498835,0.0,0.0,1.0,0.0,0.0,1.0,0.0
498838,0.0,0.0,1.0,0.0,0.0,2.0,0.0
499338,0.0,0.0,1.0,0.0,0.0,0.0,0.0
501587,0.0,0.0,0.0,0.0,0.0,0.0,0.0
501981,0.0,0.0,0.0,0.0,0.0,1.0,0.0
502481,0.0,0.0,0.0,0.0,0.0,0.0,0.0
505217,0.0,0.0,0.0,0.0,0.0,1.0,0.0
505717,0.0,0.0,0.0,0.0,0.0,0.0,0.0
506075,0.0,0.0,0.0,0.0,0.0,1.0,0.0
506575,0.0,0.0,0.0,0.0,0.0,0.0,0.0
508198,0.0,0.0,0.0,0.0,0.0,1.0,0.0
508698,0.0,0.0,0.0,0.0,0.0,0.0,0.0
511332,0.0,0.0,0.0,0.0,0.0,1.0,0.0
511832,0.0,0.0,0.0,0.0,0.0,0.0,0.0
516379,0.0,0.0,0.0,0.0,0.0,1.0,0.0
516879,0.0,0.0,0.0,0.0,0.0,0.0,0.0
519353,0.0,0.0,0.0,0.0,0.0,1.0,0.0
519853,0.0,0.0,0.0,0.0,0.0,0.0,0.0
520455,0.0,0.0,0.0,0.0,0.0,1.0,0.0
520699,0.0,0.0,0.0,0.0,0.0,2.0,0.0
521199,0.0,0.0,0.0,0.0,0.0,0.0,0.0
525261,0.0,0.0,0.0,0.0,1.0,0.0,0.0
525761,0.0,0.0,0.0,0.0,0.0,0.0,0.0
525808,0.0,0.0,0.0,0.0,0.0,1.0,0.0
525810,0.0,0.0,0.0,0.0,0.0,2.0,0.0
526310,0.0,0.0,0.0,0.0,0.0,0.0,0.0
529626,0.0,0.0,0.0,0.0,0.0,1.0,0.0
530126,0.0,0.0,0.0,0.0,0.0,0.0,0.0
530728,0.0,0.0,0.0,0.0,0.0,1.0,0.0
531228,0.0,0.0,0.0,0.0,0.0,0.0,0.0
531958,0.0,0.0,0.0,0.0,0.0,1.0,0.0
532458,0.0,0.0,0.0,0.0,0.0,0.0,0.0
533597,0.0,0.0,0.0,0.0,0.0,1.0,0.0
534097,0.0,0.0,0.0,0.0,0.0,0.0,0.0
535594,0.0,0.0,0.0,0.0,0.0,1.0,0.0
536094,0.0,0.0,0.0,0.0,0.0,0.0,0.0
541107,0.0,0.0,0.0,0.0,0.0,1.0,0.0
541607,0.0,0.0,0.0,0.0,0.0,0.0,0.0
548216,0.0,0.0,0.0,0.0,0.0,1.0,0.0
548716,0.0,0.0,0.0,0.0,0.0,0.0,0.0
549805,0.0,0.0,0.0,0.0,0.0,1.0,0.0
550305,0.0,0.0,0.0,0.0,0.0,0.0,0.0
550565,0.0,0.0,0.0,0.0,0.0,1.0,0.0
551065,0.0,0.0,0.0,0.0,0.0,0.0,0.0
552322,0.0,0.0,0.0,0.0,0.0,1.0,0.0
552822,0.0,0.0,0.0,0.0,0.0,0.0,0.0
555108,0.0,0.0,0.0,0.0,0.0,1.0,0.0
555608,0.0,0.0,0.0,0.0,0.0,0.0,0.0
556311,0.0,0.0,0.0,0.0,0.0,1.0,0.0
556811,0.0,0.0,0.0,0.0,0.0,0.0,0.0
558136,0.0,0.0,0.0,0.0,0.0,1.0,0.0
558145,0.0,0.0,0.0,0.0,0.0,2.0,0.0
558645,0.0,0.0,0.0,0.0,0.0,0.0,0.0
560687,0.0,0.0,0.0,0.0,0.0,1.0,0.0
561187,0.0,0.0,0.0,0.0,0.0,0.0,0.0
565353,0.0,0.0,0.0,0.0,0.0,1.0,0.0
565853,0.0,0.0,0.0,0.0,0.0,0.0,0.0
569128,0.0,0.0,0.0,0.0,0.0,1.0,0.0
569628,0.0,0.0,0.0,0.0,0.0,0.0,0.0
570049,0.0,0.0,0.0,0.0,0.0,1.0,0.0
570052,0.0,0.0,0.0,0.0,0.0,2.0,0.0
570552,0.0,0.0,0.0,0.0,0.0,0.0,0.0
571574,0.0,0.0,0.0,0.0,0.0,1.0,0.0
572074,0.0,0.0,0.0,0.0,0.0,0.0,0.0
572674,0.0,0.0,0.0,0.0,0.0,1.0,0.0
573174,0.0,0.0,0.0,0.0,0.0,0.0,0.0
578525,0.0,0.0,0.0,0.0,0.0,1.0,0.0
579025,0.0,0.0,0.0,0.0,0.0,0.0,0.0
580711,0.0,0.0,0.0,0.0,0.0,1.0,0.0
581211,0.0,0.0,0.0,0.0,0.0,0.0,0.0
583539,0.0,0.0,0.0,0.0,0.0,1.0,0.0
584039,0.0,0.0,0.0,0.0,0.0,0.0,0.0
587142,0.0,0.0,0.0,0.0,0.0,1.0,0.0
587642,0.0,0.0,0.0,0.0,0.0,0.0,0.0
588497,0.0,0.0,0.0,0.0,0.0,1.0,0.0
588997,0.0,0.0,0.0,0.0,0.0,0.0,0.0
589319,0.0,0.0,0.0,0.0,0.0,1.0,0.0
589819,0.0,0.0,0.0,0.0,0.0,0.0,0.0
590682,0.0,0.0,0.0,0.0,0.0,1.0,0.0
591182,0.0,0.0,0.0,0.0,0.0,0.0,0.0
592941,0.0,0.0,0.0,0.0,0.0,1.0,0.0
592961,0.0,0.0,0.0,0.0,0.0,2.0,0.0
593461,0.0,0.0,0.0,0.0,0.0,0.0,0.0
595498,0.0,0.0,0.0,0.0,0.0,1.0,0.0
595998,0.0,0.0,0.0,0.0,0.0,0.0,0.0
597625,0.0,0.0,0.0,0.0,0.0,1.0,0.0
598125,0.0,0.0,0.0,0.0,0.0,0.0,0.0
600000,0.0,0.0,0.0,0.0,0.0,0.0,1.0
600031,0.0,0.0,0.0,0.0,0.0,1.0,1.0
600033,0.0,0.0,0.0,0.0,0.0,2.0,1.0
600058,0.0,0.0,0.0,0.0,1.0,2.0,1.0
600080,0.0,0.0,0.0,0.0,2.0,2.0,1.0
600095,2.0,0.0,0.0,0.0,2.0,2.0,1.0
600330,2.0,2.0,0.0,0.0,2.0,2.0,1.0
600500,2.0,2.0,0.0,0.0,2.0,2.0,0.0
600533,2.0,2.0,0.0,0.0,2.0,0.0,0.0
600580,2.0,2.0,0.0,0.0,0.0,0.0,0.0
600595,0.0,2.0,0.0,0.0,0.0,0.0,0.0
600648,0.0,2.0,0.0,0.0,0.0,1.0,0.0
600830,0.0,0.0,0.0,0.0,0.0,1.0,0.0
601148,0.0,0.0,0.0,0.0,0.0,0.0,0.0
601168,0.0,0.0,0.0,0.0,0.0,1.0,0.0
601171,0.0,0.0,0.0,0.0,0.0,2.0,0.0
601671,0.0,0.0,0.0,0.0,0.0,0.0,0.0
601699,0.0,0.0,1.0,0.0,0.0,0.0,0.0
601716,0.0,0.0,1.0,0.0,0.0,1.0,0.0
602071,0.0,0.0,1.0,0.0,0.0,2.0,0.0
602571,0.0,0.0,1.0,0.0,0.0,0.0,0.0
603107,0.0,0.0,2.0,0.0,0.0,0.0,0.0
603380,0.0,0.0,2.0,0.0,0.0,1.0,0.0
603607,0.0,0.0,1.0,0.0,0.0,1.0,0.0
603880,0.0,0.0,1.0,0.0,0.0,0.0,0.0
603927,0.0,0.0,1.0,0.0,0.0,1.0,0.0
604005,0.0,0.0,1.0,0.0,0.0,2.0,0.0
604505,0.0,0.0,1.0,0.0,0.0,0.0,0.0
604607,0.0,0.0,0.0,0.0,0.0,0.0,0.0
604724,0.0,0.0,0.0,0.0,0.0,1.0,0.0
604878,0.0,0.0,1.0,0.0,0.0,1.0,0.0
604914,0.0,0.0,1.0,0.0,0.0,2.0,0.0
605414,0.0,0.0,1.0,0.0,0.0,0.0,0.0
606309,0.0,0.0,1.0,0.0,0.0,1.0,0.0
606809,0.0,0.0,1.0,0.0,0.0,0.0,0.0
606895,0.0,0.0,1.0,0.0,0.0,1.0,0.0
607240,0.0,2.0,1.0,0.0,0.0,1.0,0.0
607395,0.0,2.0,1.0,0.0,0.0,0.0,0.0
607740,0.0,0.0,1.0,0.0,0.0,0.0,0.0
607834,0.0,0.0,1.0,0.0,0.0,1.0,0.0
608334,0.0,0.0,1.0,0.0,0.0,0.0,0.0
608412,0.0,0.0,1.0,0.0,0.0,1.0,0.0
608637,0.0,0.0,1.0,0.0,0.0,2.0,0.0
609137,0.0,0.0,1.0,0.0,0.0,0.0,0.0
609456,0.0,0.0,1.0,0.0,0.0,1.0,0.0
609956,0.0,0.0,1.0,0.0,0.0,0.0,0.0
610065,0.0,0.0,1.0,0.0,0.0,1.0,0.0
610134,0.0,0.0,1.0,0.0,0.0,2.0,0.0
610378,0.0,0.0,0.0,0.0,0.0,2.0,0.0
610487,0.0,0.0,1.0,0.0,0.0,2.0,0.0
610634,0.0,0.0,1.0,0.0,0.0,0.0,0.0
610987,0.0,0.0,0.0,0.0,0.0,0.0,0.0
611275,0.0,0.0,0.0,0.0,0.0,1.0,0.0
611775,0.0,0.0,0.0,0.0,0.0,0.0,0.0
612302,0.0,0.0,0.0,0.0,0.0,1.0,0.0
612684,0.0,0.0,0.0,0.0,0.0,2.0,0.0
612697,0.0,0.0,0.0,0.0,1.0,2.0,0.0
613184,0.0,0.0,0.0,0.0,1.0,0.0,0.0
613197,0.0,0.0,0.0,0.0,0.0,0.0,0.0
613383,0.0,0.0,0.0,0.0,0.0,1.0,0.0
613500,0.0,0.0,0.0,0.0,0.0,2.0,0.0
614000,0.0,0.0,0.0,0.0,0.0,0.0,0.0
614021,0.0,0.0,0.0,0.0,0.0,1.0,0.0
614521,0.0,0.0,0.0,0.0,0.0,0.0,0.0
615172,0.0,0.0,0.0,0.0,0.0,1.0,0.0
615233,0.0,0.0,0.0,0.0,0.0,2.0,0.0
615733,0.0,0.0,0.0,0.0,0.0,0.0,0.0
616076,0.0,0.0,0.0,0.0,0.0,1.0,0.0
616576,0.0,0.0,0.0,0.0,0.0,0.0,0.0
616960,0.0,0.0,0.0,0.0,0.0,1.0,0.0
617460,0.0,0.0,0.0,0.0,0.0,0.0,0.0
617876,0.0,0.0,0.0,0.0,0.0,1.0,0.0
617879,0.0,0.0,0.0,0.0,0.0,2.0,0.0
618379,0.0,0.0,0.0,0.0,0.0,0.0,0.0
619512,0.0,0.0,0.0,0.0,0.0,1.0,0.0
619536,0.0,0.0,0.0,0.0,0.0,2.0,0.0
620036,0.0,0.0,0.0,0.0,0.0,0.0,0.0
620605,0.0,0.0,0.0,0.0,0.0,1.0,0.0
621105,0.0,0.0,0.0,0.0,0.0,0.0,0.0
621644,0.0,0.0,0.0,0.0,0.0,1.0,0.0
621779,0.0,0.0,0.0,0.0,0.0,2.0,0.0
622279,0.0,0.0,0.0,0.0,0.0,0.0,0.0
622594,0.0,0.0,0.0,0.0,0.0,1.0,0.0
623094,0.0,0.0,0.0,0.0,0.0,0.0,0.0
623341,0.0,0.0,0.0,0.0,0.0,1.0,0.0
623841,0.0,0.0,0.0,0.0,0.0,0.0,0.0
624101,0.0,0.0,0.0,0.0,0.0,1.0,0.0
624110,0.0,0.0,0.0,0.0,0.0,2.0,0.0
624610,0.0,0.0,0.0,0.0,0.0,0.0,0.0
625355,0.0,0.0,0.0,0.0,0.0,1.0,0.0
625855,0.0,0.0,0.0,0.0,0.0,0.0,0.0
627225,0.0,0.0,0.0,0.0,0.0,1.0,0.0
627725,0.0,0.0,0.0,0.0,0.0,0.0,0.0
628204,0.0,0.0,0.0,0.0,0.0,1.0,0.0
628704,0.0,0.0,0.0,0.0,0.0,0.0,0.0
628868,0.0,0.0,0.0,0.0,0.0,1.0,0.0
629150,0.0,0.0,0.0,0.0,0.0,2.0,0.0
629650,0.0,0.0,0.0,0.0,0.0,0.0,0.0
630297,0.0,0.0,0.0,0.0,0.0,1.0,0.0
630797,0.0,0.0,0.0,0.0,0.0,0.0,0.0
630889,0.0,0.0,0.0,0.0,0.0,1.0,0.0
631389,0.0,0.0,0.0,0.0,0.0,0.0,0.0
631561,0.0,0.0,0.0,0.0,0.0,1.0,0.0
631842,0.0,0.0,0.0,0.0,0.0,2.0,0.0
632342,0.0,0.0,0.0,0.0,0.0,1.0,0.0
632357,0.0,0.0,0.0,0.0,0.0,2.0,0.0
632857,0.0,0.0,0.0,0.0,0.0,0.0,0.0
633360,0.0,0.0,0.0,0.0,0.0,1.0,0.0
633860,0.0,0.0,0.0,0.0,0.0,0.0,0.0
634908,0.0,2.0,0.0,0.0,0.0,0.0,0.0
634921,0.0,2.0,0.0,0.0,0.0,1.0,0.0
635408,0.0,0.0,0.0,0.0,0.0,1.0,0.0
635421,0.0,0.0,0.0,0.0,0.0,0.0,0.0
635947,0.0,0.0,0.0,0.0,0.0,1.0,0.0
636447,0.0,0.0,0.0,0.0,0.0,0.0,0.0
636800,0.0,0.0,0.0,0.0,0.0,1.0,0.0
637300,0.0,0.0,0.0,0.0,0.0,0.0,0.0
637463,0.0,0.0,0.0,0.0,0.0,1.0,0.0
637963,0.0,0.0,0.0,0.0,0.0,0.0,0.0
638110,0.0,0.0,0.0,0.0,0.0,1.0,0.0
638610,0.0,0.0,0.0,0.0,0.0,0.0,0.0
638935,0.0,0.0,0.0,0.0,0.0,1.0,0.0
639433,0.0,0.0,0.0,0.0,0.0,2.0,0.0
639933,0.0,0.0,0.0,0.0,0.0,0.0,0.0
640074,0.0,0.0,0.0,0.0,0.0,1.0,0.0
640574,0.0,0.0,0.0,0.0,0.0,0.0,0.0
640748,0.0,0.0,0.0,0.0,0.0,1.0,0.0
640770,0.0,0.0,0.0,0.0,0.0,2.0,0.0
641270,0.0,0.0,0.0,0.0,0.0,0.0,0.0
642196,0.0,0.0,0.0,0.0,0.0,1.0,0.0
642696,0.0,0.0,0.0,0.0,0.0,0.0,0.0
643329,0.0,0.0,0.0,0.0,0.0,1.0,0.0
643829,0.0,0.0,0.0,0.0,0.0,0.0,0.0
643959,0.0,0.0,0.0,0.0,0.0,1.0,0.0
644146,0.0,0.0,0.0,0.0,0.0,2.0,0.0
644646,0.0,0.0,0.0,0.0,0.0,0.0,0.0
645123,0.0,0.0,0.0,0.0,0.0,1.0,0.0
645623,0.0,0.0,0.0,0.0,0.0,0.0,0.0
645994,0.0,0.0,0.0,0.0,0.0,1.0,0.0
646494,0.0,0.0,0.0,0.0,0.0,0.0,0.0
647256,0.0,0.0,0.0,0.0,0.0,1.0,0.0
647756,0.0,0.0,0.0,0.0,0.0,0.0,0.0
647964,0.0,0.0,0.0,0.0,0.0,1.0,0.0
648464,0.0,0.0,0.0,0.0,0.0,0.0,0.0
648488,0.0,0.0,0.0,0.0,0.0,1.0,0.0
648894,0.0,0.0,0.0,0.0,0.0,2.0,0.0
649394,0.0,0.0,0.0,0.0,0.0,0.0,0.0
649839,0.0,0.0,0.0,0.0,0.0,1.0,0.0
650339,0.0,0.0,0.0,0.0,0.0,0.0,0.0
651023,0.0,0.0,0.0,0.0,0.0,1.0,0.0
651523,0.0,0.0,0.0,0.0,0.0,0.0,0.0
652071,0.0,0.0,0.0,0.0,0.0,1.0,0.0
652571,0.0,0.0,0.0,0.0,0.0,0.0,0.0
652580,0.0,0.0,0.0,0.0,0.0,1.0,0.0
652583,0.0,0.0,0.0,0.0,0.0,2.0,0.0
653083,0.0,0.0,0.0,0.0,0.0,0.0,0.0
654273,0.0,0.0,0.0,0.0,0.0,1.0,0.0
654773,0.0,0.0,0.0,0.0,0.0,0.0,0.0
654906,0.0,0.0,0.0,0.0,0.0,1.0,0.0
654999,0.0,0.0,0.0,0.0,0.0,2.0,0.0
655499,0.0,0.0,0.0,0.0,0.0,0.0,0.0
655525,0.0,0.0,0.0,0.0,0.0,1.0,0.0
655528,0.0,0.0,0.0,0.0,0.0,2.0,0.0
656028,0.0,0.0,0.0,0.0,0.0,0.0,0.0
656162,0.0,0.0,0.0,0.0,0.0,1.0,0.0
656649,0.0,0.0,0.0,0.0,0.0,2.0,0.0
657149,0.0,0.0,0.0,0.0,0.0,0.0,0.0
657241,0.0,0.0,0.0,0.0,0.0,1.0,0.0
657244,0.0,0.0,0.0,0.0,0.0,2.0,0.0
657744,0.0,0.0,0.0,0.0,0.0,0.0,0.0
659911,0.0,0.0,0.0,0.0,0.0,1.0,0.0
660061,0.0,0.0,0.0,0.0,0.0,2.0,0.0
660561,0.0,0.0,0.0,0.0,0.0,0.0,0.0
660564,0.0,0.0,0.0,0.0,0.0,1.0,0.0
660870,0.0,0.0,0.0,0.0,0.0,2.0,0.0
661370,0.0,0.0,0.0,0.0,0.0,0.0,0.0
661655,0.0,0.0,0.0,0.0,0.0,1.0,0.0
661685,0.0,0.0,0.0,0.0,0.0,2.0,0.0
662185,0.0,0.0,0.0,0.0,0.0,0.0,0.0
663779,0.0,0.0,0.0,0.0,0.0,1.0,0.0
664279,0.0,0.0,0.0,0.0,0.0,0.0,0.0
664349,0.0,0.0,0.0,0.0,0.0,1.0,0.0
664394,0.0,0.0,0.0,0.0,0.0,2.0,0.0
664894,0.0,0.0,0.0,0.0,0.0,0.0,0.0
665123,0.0,0.0,0.0,0.0,0.0,1.0,0.0
665283,0.0,2.0,0.0,0.0,0.0,1.0,0.0
665623,0.0,2.0,0.0,0.0,0.0,0.0,0.0
665637,0.0,2.0,0.0,0.0,0.0,1.0,0.0
665783,0.0,0.0,0.0,0.0,0.0,1.0,0.0
666137,0.0,0.0,0.0,0.0,0.0,0.0,0.0
666215,0.0,0.0,0.0,0.0,0.0,1.0,0.0
666715,0.0,0.0,0.0,0.0,0.0,0.0,0.0
667493,0.0,0.0,0.0,0.0,0.0,1.0,0.0
667502,0.0,0.0,0.0,0.0,0.0,2.0,0.0
668002,0.0,0.0,0.0,0.0,0.0,0.0,0.0
668010,0.0,0.0,0.0,0.0,0.0,1.0,0.0
668013,0.0,0.0,0.0,0.0,0.0,2.0,0.0
668513,0.0,0.0,0.0,0.0,0.0,0.0,0.0
669071,0.0,0.0,0.0,0.0,0.0,1.0,0.0
669571,0.0,0.0,0.0,0.0,0.0,0.0,0.0
669590,0.0,0.0,0.0,0.0,0.0,1.0,0.0
669723,0.0,0.0,0.0,0.0,0.0,2.0,0.0
670223,0.0,0.0,0.0,0.0,0.0,0.0,0.0
670281,0.0,0.0,0.0,0.0,0.0,1.0,0.0
670307,0.0,0.0,0.0,0.0,0.0,2.0,0.0
670807,0.0,0.0,0.0,0.0,0.0,0.0,0.0
670904,0.0,0.0,0.0,0.0,0.0,1.0,0.0
671404,0.0,0.0,0.0,0.0,0.0,0.0,0.0
672072,0.0,0.0,0.0,0.0,0.0,1.0,0.0
672572,0.0,0.0,0.0,0.0,0.0,0.0,0.0
672909,0.0,0.0,0.0,0.0,0.0,1.0,0.0
673409,0.0,0.0,0.0,0.0,0.0,0.0,0.0
673595,0.0,0.0,0.0,0.0,0.0,1.0,0.0
674095,0.0,0.0,0.0,0.0,0.0,0.0,0.0
674801,0.0,0.0,0.0,0.0,0.0,1.0,0.0
675301,0.0,0.0,0.0,0.0,0.0,0.0,0.0
675505,0.0,0.0,0.0,0.0,0.0,1.0,0.0
675757,0.0,0.0,0.0,0.0,0.0,2.0,0.0
676257,0.0,0.0,0.0,0.0,0.0,0.0,0.0
676717,0.0,2.0,0.0,0.0,0.0,0.0,0.0
677082,0.0,2.0,0.0,0.0,0.0,1.0,0.0
677104,0.0,2.0,0.0,0.0,0.0,2.0,0.0
677110,0.0,2.0,0.0,0.0,1.0,2.0,0.0
677217,0.0,0.0,0.0,0.0,1.0,2.0,0.0
677604,0.0,0.0,0.0,0.0,1.0,0.0,0.0
677610,0.0,0.0,0.0,0.0,0.0,0.0,0.0
677703,0.0,0.0,0.0,0.0,0.0,1.0,0.0
678203,0.0,0.0,0.0,0.0,0.0,0.0,0.0
679204,0.0,0.0,0.0,0.0,0.0,1.0,0.0
679704,0.0,0.0,0.0,0.0,0.0,0.0,0.0
680367,0.0,0.0,0.0,0.0,0.0,1.0,0.0
680375,0.0,0.0,0.0,0.0,0.0,2.0,0.0
680875,0.0,0.0,0.0,0.0,0.0,0.0,0.0
681592,0.0,0.0,0.0,0.0,0.0,1.0,0.0
682092,0.0,0.0,0.0,0.0,0.0,0.0,0.0
683484,0.0,0.0,0.0,0.0,0.0,1.0,0.0
683984,0.0,0.0,0.0,0.0,0.0,0.0,0.0
684132,0.0,0.0,0.0,0.0,0.0,1.0,0.0
684632,0.0,0.0,0.0,0.0,0.0,0.0,0.0
684854,0.0,0.0,0.0,0.0,0.0,1.0,0.0
685354,0.0,0.0,0.0,0.0,0.0,0.0,0.0
686559,0.0,0.0,0.0,0.0,0.0,1.0,0.0
687059,0.0,0.0,0.0,0.0,0.0,0.0,0.0
687435,0.0,0.0,0.0,0.0,0.0,1.0,0.0
687456,0.0,0.0,0.0,0.0,0.0,2.0,0.0
687956,0.0,0.0,0.0,0.0,0.0,0.0,0.0
688394,0.0,0.0,0.0,0.0,0.0,1.0,0.0
688403,0.0,0.0,0.0,0.0,0.0,2.0,0.0
688406,0.0,0.0,0.0,0.0,1.0,2.0,0.0
688409,0.0,0.0,0.0,0.0,2.0,2.0,0.0
688903,0.0,0.0,0.0,0.0,2.0,0.0,0.0
688909,0.0,0.0,0.0,0.0,0.0,0.0,0.0
689082,0.0,0.0,0.0,0.0,1.0,1.0,0.0
689579,0.0,0.0,0.0,0.0,1.0,2.0,0.0
689582,0.0,0.0,0.0,0.0,0.0,2.0,0.0
690079,0.0,0.0,0.0,0.0,0.0,0.0,0.0
690139,0.0,0.0,0.0,0.0,0.0,1.0,0.0
690639,0.0,0.0,0.0,0.0,0.0,0.0,0.0
690929,0.0,0.0,0.0,0.0,0.0,1.0,0.0
690935,0.0,0.0,0.0,0.0,0.0,2.0,0.0
691435,0.0,0.0,0.0,0.0,0.0,0.0,0.0
691951,0.0,0.0,0.0,0.0,0.0,1.0,0.0
692109,0.0,0.0,0.0,0.0,1.0,1.0,0.0
692451,0.0,0.0,0.0,0.0,1.0,0.0,0.0
692607,0.0,2.0,0.0,0.0,1.0,0.0,0.0
692609,0.0,2.0,0.0,0.0,0.0,0.0,0.0
693107,0.0,0.0,0.0,0.0,0.0,0.0,0.0
693238,0.0,0.0,0.0,0.0,0.0,1.0,0.0
693565,0.0,0.0,0.0,0.0,0.0,2.0,0.0
694065,0.0,0.0,0.0,0.0,0.0,0.0,0.0
695138,0.0,0.0,0.0,0.0,0.0,1.0,0.0
695638,0.0,0.0,0.0,0.0,0.0,0.0,0.0
695701,0.0,0.0,0.0,0.0,0.0,1.0,0.0
696201,0.0,0.0,0.0,0.0,0.0,0.0,0.0
696407,0.0,0.0,0.0,0.0,0.0,1.0,0.0
696907,0.0,0.0,0.0,0.0,0.0,0.0,0.0
698331,0.0,0.0,0.0,0.0,0.0,1.0,0.0
698831,0.0,0.0,0.0,0.0,0.0,0.0,0.0
699401,0.0,0.0,0.0,0.0,0.0,1.0,0.0
699901,0.0,0.0,0.0,0.0,0.0,0.0,0.0
700837,0.0,0.0,0.0,0.0,0.0,1.0,0.0
701337,0.0,0.0,0.0,0.0,0.0,0.0,0.0
702065,0.0,0.0,0.0,0.0,0.0,1.0,0.0
702565,0.0,0.0,0.0,0.0,0.0,0.0,0.0
704977,0.0,0.0,0.0,0.0,0.0,1.0,0.0
705477,0.0,0.0,0.0,0.0,0.0,0.0,0.0
705783,0.0,0.0,0.0,0.0,0.0,1.0,0.0
706283,0.0,0.0,0.0,0.0,0.0,0.0,0.0
708822,0.0,0.0,0.0,0.0,0.0,1.0,0.0
709322,0.0,0.0,0.0,0.0,0.0,0.0,0.0
710644,0.0,0.0,0.0,0.0,0.0,1.0,0.0
711144,0.0,0.0,0.0,0.0,0.0,0.0,0.0
715493,0.0,0.0,0.0,0.0,0.0,1.0,0.0
715993,0.0,0.0,0.0,0.0,0.0,0.0,0.0
716396,0.0,0.0,0.0,0.0,0.0,1.0,0.0
716401,0.0,0.0,0.0,0.0,0.0,2.0,0.0
716901,0.0,0.0,0.0,0.0,0.0,0.0,0.0
717312,0.0,0.0,0.0,0.0,0.0,1.0,0.0
717812,0.0,0.0,0.0,0.0,0.0,0.0,0.0
724445,0.0,0.0,0.0,0.0,0.0,1.0,0.0
724945,0.0,0.0,0.0,0.0,0.0,0.0,0.0
725027,0.0,0.0,0.0,0.0,0.0,1.0,0.0
725527,0.0,0.0,0.0,0.0,0.0,0.0,0.0
725651,0.0,0.0,0.0,0.0,1.0,0.0,0.0
726122,0.0,0.0,0.0,0.0,1.0,1.0,0.0
726151,0.0,0.0,0.0,0.0,0.0,1.0,0.0
726622,0.0,0.0,0.0,0.0,0.0,0.0,0.0
728117,0.0,0.0,0.0,0.0,0.0,1.0,0.0
728617,0.0,0.0,0.0,0.0,0.0,0.0,0.0
729855,0.0,0.0,0.0,0.0,0.0,1.0,0.0
730355,0.0,0.0,0.0,0.0,0.0,0.0,0.0
732772,0.0,0.0,0.0,0.0,0.0,1.0,0.0
733272,0.0,0.0,0.0,0.0,0.0,0.0,0.0
734354,0.0,0.0,0.0,0.0,0.0,1.0,0.0
734371,0.0,0.0,0.0,0.0,0.0,2.0,0.0
734871,0.0,0.0,0.0,0.0,0.0,0.0,0.0
735878,0.0,0.0,0.0,0.0,0.0,1.0,0.0
736378,0.0,0.0,0.0,0.0,0.0,0.0,0.0
742547,0.0,0.0,0.0,0.0,1.0,0.0,0.0
743047,0.0,0.0,0.0,0.0,0.0,0.0,0.0
745535,0.0,0.0,0.0,0.0,0.0,1.0,0.0
746035,0.0,0.0,0.0,0.0,0.0,0.0,0.0
747601,0.0,0.0,0.0,0.0,0.0,1.0,0.0
748101,0.0,0.0,0.0,0.0,0.0,0.0,0.0
748535,0.0,0.0,0.0,0.0,1.0,0.0,0.0
748540,0.0,0.0,0.0,0.0,2.0,1.0,0.0
749040,0.0,0.0,0.0,0.0,0.0,0.0,0.0
750013,0.0,0.0,0.0,0.0,1.0,1.0,0.0
750513,0.0,0.0,0.0,0.0,0.0,0.0,0.0
752167,0.0,0.0,0.0,0.0,0.0,1.0,0.0
752667,0.0,0.0,0.0,0.0,0.0,0.0,0.0
753011,0.0,0.0,0.0,0.0,0.0,1.0,0.0
753013,0.0,0.0,0.0,0.0,0.0,2.0,0.0
753513,0.0,0.0,0.0,0.0,0.0,0.0,0.0
756454,0.0,0.0,0.0,0.0,0.0,1.0,0.0
756954,0.0,0.0,0.0,0.0,0.0,0.0,0.0
757118,0.0,0.0,0.0,0.0,0.0,1.0,0.0
757618,0.0,0.0,0.0,0.0,0.0,0.0,0.0
759215,0.0,0.0,0.0,0.0,0.0,1.0,0.0
759715,0.0,0.0,0.0,0.0,0.0,0.0,0.0
760108,0.0,0.0,0.0,0.0,0.0,1.0,0.0
760608,0.0,0.0,0.0,0.0,0.0,0.0,0.0
760617,0.0,0.0,0.0,0.0,0.0,1.0,0.0
761117,0.0,0.0,0.0,0.0,0.0,0.0,0.0
762364,0.0,0.0,0.0,0.0,0.0,1.0,0.0
762864,0.0,0.0,0.0,0.0,0.0,0.0,0.0
763574,0.0,0.0,0.0,0.0,0.0,1.0,0.0
764074,0.0,0.0,0.0,0.0,0.0,0.0,0.0
766168,0.0,0.0,0.0,0.0,0.0,1.0,0.0
766668,0.0,0.0,0.0,0.0,0.0,0.0,0.0
768659,0.0,0.0,0.0,0.0,0.0,1.0,0.0
768660,0.0,0.0,0.0,0.0,0.0,2.0,0.0
769160,0.0,0.0,0.0,0.0,0.0,0.0,0.0
769851,0.0,0.0,0.0,0.0,0.0,1.0,0.0
769865,0.0,0.0,0.0,0.0,0.0,2.0,0.0
770365,0.0,0.0,0.0,0.0,0.0,0.0,0.0
773664,0.0,0.0,0.0,0.0,0.0,1.0,0.0
774164,0.0,0.0,0.0,0.0,0.0,0.0,0.0
775844,0.0,0.0,0.0,0.0,0.0,1.0,0.0
776344,0.0,0.0,0.0,0.0,0.0,0.0,0.0
778291,0.0,0.0,0.0,0.0,0.0,1.0,0.0
778791,0.0,0.0,0.0,0.0,0.0,0.0,0.0
779849,0.0,0.0,0.0,0.0,0.0,1.0,0.0
780349,0.0,0.0,0.0,0.0,0.0,0.0,0.0
780998,0.0,0.0,0.0,0.0,0.0,1.0,0.0
781498,0.0,0.0,0.0,0.0,0.0,0.0,0.0
783871,0.0,0.0,0.0,0.0,0.0,1.0,0.0
784371,0.0,0.0,0.0,0.0,0.0,0.0,0.0
784725,0.0,0.0,0.0,0.0,0.0,1.0,0.0
784728,0.0,0.0,0.0,0.0,0.0,2.0,0.0
785228,0.0,0.0,0.0,0.0,0.0,0.0,0.0
788666,0.0,0.0,0.0,0.0,0.0,1.0,0.0
789166,0.0,0.0,0.0,0.0,0.0,0.0,0.0
790671,0.0,0.0,0.0,0.0,0.0,1.0,0.0
790689,0.0,0.0,0.0,0.0,0.0,2.0,0.0
791189,0.0,0.0,0.0,0.0,0.0,0.0,0.0
792014,0.0,0.0,0.0,0.0,0.0,1.0,0.0
792514,0.0,0.0,0.0,0.0,0.0,0.0,0.0
796070,0.0,0.0,0.0,0.0,0.0,1.0,0.0
796570,0.0,0.0,0.0,0.0,0.0,0.0,0.0
796716,0.0,0.0,0.0,0.0,0.0,1.0,0.0
797216,0.0,0.0,0.0,0.0,0.0,0.0,0.0
798688,0.0,0.0,0.0,0.0,0.0,1.0,0.0
799188,0.0,0.0,0.0,0.0,0.0,0.0,0.0
799325,0.0,0.0,0.0,0.0,0.0,1.0,0.0
799825,0.0,0.0,0.0,0.0,0.0,0.0,0.0
800000,0.0,0.0,0.0,0.0,0.0,0.0,1.0
800021,0.0,0.0,0.0,0.0,0.0,1.0,1.0
800026,0.0,0.0,0.0,0.0,0.0,2.0,1.0
800095,2.0,0.0,0.0,0.0,0.0,2.0,1.0
800145,2.0,2.0,0.0,0.0,0.0,2.0,1.0
800258,2.0,2.0,0.0,0.0,1.0,2.0,1.0
800310,2.0,2.0,0.0,0.0,2.0,2.0,1.0
800500,2.0,2.0,0.0,0.0,2.0,2.0,0.0
800526,2.0,2.0,0.0,0.0,2.0,0.0,0.0
800595,0.0,2.0,0.0,0.0,2.0,0.0,0.0
800645,0.0,0.0,0.0,0.0,2.0,0.0,0.0
800810,0.0,0.0,0.0,0.0,0.0,0.0,0.0
801342,0.0,0.0,1.0,0.0,0.0,0.0,0.0
801351,0.0,0.0,1.0,0.0,0.0,1.0,0.0
801851,0.0,0.0,1.0,0.0,0.0,0.0,0.0
802099,0.0,0.0,1.0,0.0,0.0,1.0,0.0
802599,0.0,0.0,1.0,0.0,0.0,0.0,0.0
802672,0.0,0.0,2.0,0.0,0.0,0.0,0.0
802869,0.0,0.0,2.0,0.0,0.0,1.0,0.0
803110,0.0,0.0,2.0,0.0,0.0,2.0,0.0
803172,0.0,0.0,0.0,0.0,0.0,2.0,0.0
803610,0.0,0.0,0.0,0.0,0.0,0.0,0.0
803740,0.0,0.0,0.0,0.0,0.0,1.0,0.0
803743,0.0,0.0,0.0,0.0,0.0,2.0,0.0
804120,0.0,0.0,1.0,0.0,0.0,2.0,0.0
804243,0.0,0.0,1.0,0.0,0.0,0.0,0.0
804494,0.0,0.0,1.0,0.0,0.0,1.0,0.0
804760,0.0,0.0,1.0,0.0,0.0,2.0,0.0
805260,0.0,0.0,1.0,0.0,0.0,0.0,0.0
805288,0.0,0.0,1.0,0.0,0.0,1.0,0.0
805676,0.0,0.0,1.0,0.0,1.0,1.0,0.0
805680,0.0,0.0,1.0,0.0,1.0,2.0,0.0
805683,0.0,0.0,1.0,0.0,2.0,2.0,0.0
806180,0.0,0.0,1.0,0.0,2.0,0.0,0.0
806183,0.0,0.0,1.0,0.0,0.0,0.0,0.0
806958,0.0,0.0,1.0,0.0,0.0,1.0,0.0
807378,0.0,0.0,1.0,0.0,0.0,2.0,0.0
807878,0.0,0.0,1.0,0.0,0.0,0.0,0.0
807977,0.0,0.0,1.0,0.0,0.0,1.0,0.0
808477,0.0,0.0,1.0,0.0,0.0,0.0,0.0
810208,0.0,0.0,1.0,0.0,0.0,1.0,0.0
810467,0.0,0.0,1.0,0.0,0.0,2.0,0.0
810967,0.0,0.0,1.0,0.0,0.0,0.0,0.0
811192,0.0,0.0,1.0,0.0,0.0,1.0,0.0
811298,0.0,0.0,1.0,0.0,0.0,2.0,0.0
811798,0.0,0.0,1.0,0.0,0.0,0.0,0.0
811893,0.0,0.0,1.0,0.0,0.0,1.0,0.0
812393,0.0,0.0,1.0,0.0,0.0,0.0,0.0
812424,0.0,0.0,1.0,0.0,0.0,1.0,0.0
812924,0.0,0.0,1.0,0.0,0.0,0.0,0.0
813292,0.0,0.0,1.0,0.0,0.0,1.0,0.0
813302,0.0,0.0,1.0,0.0,0.0,2.0,0.0
813802,0.0,0.0,1.0,0.0,0.0,0.0,0.0
813877,0.0,0.0,1.0,0.0,0.0,1.0,0.0
813891,0.0,0.0,1.0,0.0,0.0,2.0,0.0
814391,0.0,0.0,1.0,0.0,0.0,0.0,0.0
815070,0.0,2.0,1.0,0.0,0.0,0.0,0.0
815570,0.0,0.0,1.0,0.0,0.0,0.0,0.0
815637,0.0,0.0,1.0,0.0,0.0,1.0,0.0
816137,0.0,0.0,1.0,0.0,0.0,0.0,0.0
817349,0.0,0.0,1.0,0.0,0.0,1.0,0.0
817849,0.0,0.0,1.0,0.0,0.0,0.0,0.0
819203,0.0,0.0,1.0,0.0,0.0,1.0,0.0
819703,0.0,0.0,1.0,0.0,0.0,0.0,0.0
819800,0.0,0.0,1.0,0.0,0.0,1.0,0.0
820300,0.0,0.0,1.0,0.0,0.0,0.0,0.0
821455,0.0,0.0,1.0,0.0,0.0,1.0,0.0
821810,0.0,0.0,1.0,0.0,0.0,2.0,0.0
822310,0.0,0.0,1.0,0.0,0.0,0.0,0.0
822384,0.0,0.0,1.0,0.0,0.0,1.0,0.0
822884,0.0,0.0,1.0,0.0,0.0,0.0,0.0
823040,0.0,0.0,1.0,0.0,0.0,1.0,0.0
823540,0.0,0.0,1.0,0.0,0.0,0.0,0.0
823561,0.0,0.0,1.0,0.0,0.0,1.0,0.0
824061,0.0,0.0,1.0,0.0,0.0,0.0,0.0
824611,0.0,0.0,1.0,0.0,0.0,1.0,0.0
824620,0.0,0.0,1.0,0.0,0.0,2.0,0.0
825120,0.0,0.0,1.0,0.0,0.0,0.0,0.0
825495,0.0,0.0,1.0,0.0,0.0,1.0,0.0
825610,0.0,0.0,1.0,0.0,0.0,2.0,0.0
826110,0.0,0.0,1.0,0.0,0.0,0.0,0.0
826111,0.0,0.0,1.0,0.0,0.0,1.0,0.0
826611,0.0,0.0,1.0,0.0,0.0,0.0,0.0
826934,0.0,0.0,1.0,0.0,0.0,1.0,0.0
826943,0.0,0.0,1.0,0.0,0.0,2.0,0.0
827443,0.0,0.0,1.0,0.0,0.0,0.0,0.0
827714,0.0,2.0,1.0,0.0,0.0,0.0,0.0
827716,0.0,2.0,1.0,0.0,0.0,1.0,0.0
827789,0.0,2.0,1.0,0.0,0.0,2.0,0.0
828214,0.0,0.0,1.0,0.0,0.0,2.0,0.0
828289,0.0,0.0,1.0,0.0,0.0,0.0,0.0
828830,0.0,0.0,1.0,0.0,0.0,1.0,0.0
829116,0.0,0.0,1.0,0.0,0.0,2.0,0.0
829616,0.0,0.0,1.0,0.0,0.0,0.0,0.0
830470,0.0,0.0,1.0,0.0,0.0,1.0,0.0
830970,0.0,0.0,1.0,0.0,0.0,0.0,0.0
830974,0.0,0.0,1.0,0.0,0.0,1.0,0.0
831474,0.0,0.0,1.0,0.0,0.0,0.0,0.0
831577,0.0,0.0,1.0,0.0,0.0,1.0,0.0
832077,0.0,0.0,1.0,0.0,0.0,0.0,0.0
832116,0.0,0.0,1.0,0.0,0.0,1.0,0.0
832175,0.0,0.0,1.0,0.0,0.0,2.0,0.0
832675,0.0,0.0,1.0,0.0,0.0,0.0,0.0
832987,0.0,0.0,1.0,0.0,0.0,1.0,0.0
832989,0.0,0.0,1.0,0.0,1.0,1.0,0.0
833487,0.0,0.0,1.0,0.0,1.0,0.0,0.0
833489,0.0,0.0,1.0,0.0,0.0,0.0,0.0
833666,0.0,0.0,1.0,0.0,0.0,1.0,0.0
834166,0.0,0.0,1.0,0.0,0.0,0.0,0.0
834214,0.0,0.0,1.0,0.0,0.0,1.0,0.0
834217,0.0,0.0,1.0,0.0,0.0,2.0,0.0
834706,0.0,2.0,1.0,0.0,0.0,2.0,0.0
834717,0.0,2.0,1.0,0.0,0.0,0.0,0.0
835153,0.0,2.0,1.0,0.0,0.0,1.0,0.0
835173,0.0,2.0,1.0,0.0,0.0,2.0,0.0
835206,0.0,0.0,1.0,0.0,0.0,2.0,0.0
835673,0.0,0.0,1.0,0.0,0.0,0.0,0.0
835693,0.0,0.0,1.0,0.0,0.0,1.0,0.0
836193,0.0,0.0,1.0,0.0,0.0,0.0,0.0
836429,0.0,0.0,1.0,0.0,0.0,1.0,0.0
836929,0.0,0.0,1.0,0.0,0.0,0.0,0.0
837435,0.0,0.0,1.0,0.0,0.0,1.0,0.0
837935,0.0,0.0,1.0,0.0,0.0,0.0,0.0
837941,0.0,0.0,1.0,0.0,0.0,1.0,0.0
837977,0.0,0.0,1.0,0.0,0.0,2.0,0.0
838477,0.0,0.0,1.0,0.0,0.0,0.0,0.0
838711,0.0,0.0,1.0,0.0,0.0,1.0,0.0
839211,0.0,0.0,1.0,0.0,0.0,0.0,0.0
840074,0.0,0.0,1.0,0.0,0.0,1.0,0.0
840211,0.0,0.0,1.0,0.0,0.0,2.0,0.0
840711,0.0,0.0,1.0,0.0,0.0,0.0,0.0
841888,0.0,0.0,1.0,0.0,0.0,1.0,0.0
842388,0.0,0.0,1.0,0.0,0.0,0.0,0.0
842493,0.0,0.0,1.0,0.0,0.0,1.0,0.0
842993,0.0,0.0,1.0,0.0,0.0,0.0,0.0
843236,0.0,2.0,1.0,0.0,0.0,0.0,0.0
843736,0.0,0.0,1.0,0.0,0.0,0.0,0.0
843964,0.0,0.0,1.0,0.0,0.0,1.0,0.0
844168,0.0,0.0,1.0,0.0,0.0,2.0,0.0
844668,0.0,0.0,1.0,0.0,0.0,0.0,0.0
844849,0.0,0.0,1.0,0.0,0.0,1.0,0.0
845349,0.0,0.0,1.0,0.0,0.0,0.0,0.0
845464,0.0,0.0,1.0,0.0,0.0,1.0,0.0
845964,0.0,0.0,1.0,0.0,0.0,0.0,0.0
846550,0.0,0.0,1.0,0.0,0.0,1.0,0.0
846560,0.0,0.0,1.0,0.0,0.0,2.0,0.0
847060,0.0,0.0,1.0,0.0,0.0,0.0,0.0
847806,0.0,0.0,1.0,0.0,0.0,1.0,0.0
847853,0.0,0.0,1.0,0.0,0.0,2.0,0.0
848353,0.0,0.0,1.0,0.0,0.0,0.0,0.0
848561,0.0,0.0,1.0,0.0,0.0,1.0,0.0
848664,0.0,0.0,1.0,0.0,0.0,2.0,0.0
849164,0.0,0.0,1.0,0.0,0.0,0.0,0.0
849190,0.0,0.0,1.0,0.0,0.0,1.0,0.0
849199,0.0,0.0,1.0,0.0,0.0,2.0,0.0
849699,0.0,0.0,1.0,0.0,0.0,0.0,0.0
850213,0.0,0.0,1.0,0.0,0.0,1.0,0.0
850222,0.0,0.0,1.0,0.0,0.0,2.0,0.0
850722,0.0,0.0,1.0,0.0,0.0,0.0,0.0
852148,0.0,0.0,1.0,0.0,0.0,1.0,0.0
852189,0.0,0.0,1.0,0.0,0.0,2.0,0.0
852689,0.0,0.0,1.0,0.0,0.0,0.0,0.0
852842,0.0,0.0,1.0,0.0,0.0,1.0,0.0
852863,0.0,0.0,1.0,0.0,0.0,2.0,0.0
852864,0.0,0.0,1.0,0.0,1.0,2.0,0.0
853363,0.0,0.0,1.0,0.0,1.0,0.0,0.0
853364,0.0,0.0,1.0,0.0,0.0,0.0,0.0
853661,0.0,0.0,1.0,0.0,0.0,1.0,0.0
854161,0.0,0.0,1.0,0.0,0.0,0.0,0.0
854165,0.0,0.0,1.0,0.0,0.0,1.0,0.0
854186,0.0,0.0,1.0,0.0,0.0,2.0,0.0
854686,0.0,0.0,1.0,0.0,0.0,0.0,0.0
856101,0.0,0.0,1.0,0.0,0.0,1.0,0.0
856601,0.0,0.0,1.0,0.0,0.0,0.0,0.0
856831,0.0,0.0,1.0,0.0,0.0,1.0,0.0
857331,0.0,0.0,1.0,0.0,0.0,0.0,0.0
857475,0.0,0.0,1.0,0.0,0.0,1.0,0.0
857975,0.0,0.0,1.0,0.0,0.0,0.0,0.0
858228,0.0,0.0,1.0,0.0,0.0,1.0,0.0
858728,0.0,0.0,1.0,0.0,0.0,0.0,0.0
858822,0.0,0.0,1.0,0.0,0.0,1.0,0.0
858828,0.0,0.0,1.0,0.0,0.0,2.0,0.0
859328,0.0,0.0,1.0,0.0,0.0,0.0,0.0
859359,0.0,0.0,1.0,0.0,0.0,1.0,0.0
859859,0.0,0.0,1.0,0.0,0.0,0.0,0.0
860291,0.0,0.0,1.0,0.0,0.0,1.0,0.0
860791,0.0,0.0,1.0,0.0,0.0,0.0,0.0
861374,0.0,0.0,1.0,0.0,0.0,1.0,0.0
861380,0.0,0.0,1.0,0.0,0.0,2.0,0.0
861880,0.0,0.0,1.0,0.0,0.0,0.0,0.0
861960,0.0,0.0,1.0,0.0,0.0,1.0,0.0
862460,0.0,0.0,1.0,0.0,0.0,0.0,0.0
863102,0.0,0.0,1.0,0.0,0.0,1.0,0.0
863602,0.0,0.0,1.0,0.0,0.0,0.0,0.0
863715,0.0,0.0,1.0,0.0,0.0,1.0,0.0
863727,0.0,0.0,1.0,0.0,0.0,2.0,0.0
864227,0.0,0.0,1.0,0.0,0.0,0.0,0.0
865384,0.0,0.0,1.0,0.0,0.0,1.0,0.0
865884,0.0,0.0,1.0,0.0,0.0,0.0,0.0
866993,0.0,0.0,1.0,0.0,0.0,1.0,0.0
866996,0.0,0.0,1.0,0.0,0.0,2.0,0.0
867496,0.0,0.0,1.0,0.0,0.0,0.0,0.0
868036,0.0,0.0,1.0,0.0,0.0,1.0,0.0
868536,0.0,0.0,1.0,0.0,0.0,0.0,0.0
868559,0.0,0.0,1.0,0.0,0.0,1.0,0.0
868654,0.0,0.0,1.0,0.0,0.0,2.0,0.0
868662,0.0,0.0,1.0,0.0,1.0,2.0,0.0
869154,0.0,0.0,1.0,0.0,1.0,0.0,0.0
869162,0.0,0.0,1.0,0.0,0.0,0.0,0.0
869375,0.0,0.0,1.0,0.0,0.0,1.0,0.0
869875,0.0,0.0,1.0,0.0,0.0,0.0,0.0
869921,0.0,0.0,1.0,0.0,0.0,1.0,0.0
869928,0.0,0.0,1.0,0.0,0.0,2.0,0.0
870428,0.0,0.0,1.0,0.0,0.0,0.0,0.0
870943,0.0,0.0,1.0,0.0,0.0,1.0,0.0
870955,0.0,0.0,1.0,0.0,0.0,2.0,0.0
871455,0.0,0.0,1.0,0.0,0.0,0.0,0.0
871637,0.0,0.0,1.0,0.0,0.0,1.0,0.0
871981,0.0,0.0,1.0,0.0,0.0,2.0,0.0
872481,0.0,0.0,1.0,0.0,0.0,0.0,0.0
872501,0.0,0.0,1.0,0.0,0.0,1.0,0.0
873001,0.0,0.0,1.0,0.0,0.0,0.0,0.0
873186,0.0,0.0,1.0,0.0,0.0,1.0,0.0
873686,0.0,0.0,1.0,0.0,0.0,0.0,0.0
873790,0.0,0.0,1.0,0.0,0.0,1.0,0.0
874290,0.0,0.0,1.0,0.0,0.0,0.0,0.0
875489,0.0,0.0,1.0,0.0,0.0,1.0,0.0
875499,0.0,0.0,1.0,0.0,0.0,2.0,0.0
875999,0.0,0.0,1.0,0.0,0.0,0.0,0.0
876566,0.0,0.0,1.0,0.0,0.0,1.0,0.0
877066,0.0,0.0,1.0,0.0,0.0,0.0,0.0
877222,0.0,0.0,1.0,0.0,0.0,1.0,0.0
877260,0.0,0.0,1.0,0.0,0.0,2.0,0.0
877760,0.0,0.0,1.0,0.0,0.0,0.0,0.0
877890,0.0,0.0,1.0,0.0,0.0,1.0,0.0
878020,0.0,0.0,1.0,0.0,0.0,2.0,0.0
878133,0.0,0.0,1.0,0.0,1.0,2.0,0.0
878520,0.0,0.0,1.0,0.0,1.0,0.0,0.0
878633,0.0,0.0,1.0,0.0,0.0,0.0,0.0
879511,0.0,0.0,1.0,0.0,0.0,1.0,0.0
879514,0.0,0.0,1.0,0.0,0.0,2.0,0.0
880014,0.0,0.0,1.0,0.0,0.0,0.0,0.0
880267,0.0,0.0,1.0,0.0,0.0,1.0,0.0
880767,0.0,0.0,1.0,0.0,0.0,0.0,0.0
881933,0.0,0.0,1.0,0.0,0.0,1.0,0.0
882433,0.0,0.0,1.0,0.0,0.0,0.0,0.0
882996,0.0,0.0,1.0,0.0,0.0,1.0,0.0
883003,0.0,0.0,1.0,0.0,0.0,2.0,0.0
883503,0.0,0.0,1.0,0.0,0.0,0.0,0.0
883508,0.0,2.0,1.0,0.0,0.0,0.0,0.0
884008,0.0,0.0,1.0,0.0,0.0,0.0,0.0
884112,0.0,0.0,1.0,0.0,0.0,1.0,0.0
884612,0.0,0.0,1.0,0.0,0.0,0.0,0.0
884642,0.0,0.0,1.0,0.0,0.0,1.0,0.0
885093,0.0,0.0,1.0,0.0,0.0,2.0,0.0
885593,0.0,0.0,1.0,0.0,0.0,0.0,0.0
885664,0.0,0.0,1.0,0.0,0.0,1.0,0.0
885888,0.0,0.0,1.0,0.0,0.0,2.0,0.0
886388,0.0,0.0,1.0,0.0,0.0,0.0,0.0
886439,0.0,0.0,1.0,0.0,0.0,1.0,0.0
886939,0.0,0.0,1.0,0.0,0.0,0.0,0.0
887268,0.0,0.0,1.0,0.0,0.0,1.0,0.0
887324,0.0,0.0,1.0,0.0,0.0,2.0,0.0
887824,0.0,0.0,1.0,0.0,0.0,0.0,0.0
887916,0.0,0.0,1.0,0.0,0.0,1.0,0.0
888017,0.0,0.0,1.0,0.0,0.0,2.0,0.0
888517,0.0,0.0,1.0,0.0,0.0,0.0,0.0
889303,0.0,0.0,1.0,0.0,0.0,1.0,0.0
889591,0.0,0.0,1.0,0.0,0.0,2.0,0.0
890091,0.0,0.0,1.0,0.0,0.0,0.0,0.0
890264,0.0,0.0,1.0,0.0,0.0,1.0,0.0
890764,0.0,0.0,1.0,0.0,0.0,0.0,0.0
890778,0.0,0.0,1.0,0.0,0.0,1.0,0.0
891278,0.0,0.0,1.0,0.0,0.0,0.0,0.0
891992,0.0,0.0,1.0,0.0,0.0,1.0,0.0
892492,0.0,0.0,1.0,0.0,0.0,0.0,0.0
892678,0.0,0.0,1.0,0.0,0.0,1.0,0.0
893178,0.0,0.0,1.0,0.0,0.0,0.0,0.0
893733,0.0,0.0,1.0,0.0,0.0,1.0,0.0
894233,0.0,0.0,1.0,0.0,0.0,0.0,0.0
895117,0.0,0.0,1.0,0.0,0.0,1.0,0.0
895131,0.0,0.0,1.0,0.0,0.0,2.0,0.0
895631,0.0,0.0,1.0,0.0,0.0,0.0,0.0
896547,0.0,0.0,1.0,0.0,0.0,1.0,0.0
896550,0.0,0.0,1.0,0.0,0.0,2.0,0.0
897050,0.0,0.0,1.0,0.0,0.0,0.0,0.0
898958,0.0,0.0,1.0,0.0,0.0,1.0,0.0
899080,0.0,0.0,1.0,0.0,0.0,2.0,0.0
899580,0.0,0.0,1.0,0.0,0.0,0.0,0.0
899652,0.0,0.0,1.0,0.0,0.0,1.0,0.0
900152,0.0,0.0,1.0,0.0,0.0,0.0,0.0
900319,0.0,0.0,1.0,0.0,0.0,1.0,0.0
900819,0.0,0.0,1.0,0.0,0.0,0.0,0.0
903043,0.0,0.0,1.0,0.0,0.0,1.0,0.0
903045,0.0,0.0,1.0,0.0,0.0,2.0,0.0
903120,0.0,0.0,0.0,0.0,0.0,2.0,0.0
903545,0.0,0.0,0.0,0.0,0.0,0.0,0.0
908445,0.0,0.0,0.0,0.0,0.0,1.0,0.0
908945,0.0,0.0,0.0,0.0,0.0,0.0,0.0
909823,0.0,0.0,0.0,0.0,0.0,1.0,0.0
910323,0.0,0.0,0.0,0.0,0.0,0.0,0.0
911397,0.0,0.0,0.0,0.0,0.0,1.0,0.0
911399,0.0,0.0,0.0,0.0,0.0,2.0,0.0
911899,0.0,0.0,0.0,0.0,0.0,0.0,0.0
914950,0.0,0.0,0.0,0.0,0.0,1.0,0.0
915450,0.0,0.0,0.0,0.0,0.0,0.0,0.0
916282,0.0,0.0,0.0,0.0,0.0,1.0,0.0
916782,0.0,0.0,0.0,0.0,0.0,0.0,0.0
916906,0.0,0.0,0.0,0.0,0.0,1.0,0.0
917406,0.0,0.0,0.0,0.0,0.0,0.0,0.0
917956,0.0,0.0,0.0,0.0,0.0,1.0,0.0
917959,0.0,0.0,0.0,0.0,0.0,2.0,0.0
918459,0.0,0.0,0.0,0.0,0.0,0.0,0.0
919331,0.0,0.0,0.0,0.0,0.0,1.0,0.0
919831,0.0,0.0,0.0,0.0,0.0,0.0,0.0
919910,0.0,0.0,0.0,0.0,0.0,1.0,0.0
920410,0.0,0.0,0.0,0.0,0.0,0.0,0.0
920519,0.0,0.0,0.0,0.0,0.0,1.0,0.0
921019,0.0,0.0,0.0,0.0,0.0,0.0,0.0
922439,0.0,0.0,0.0,0.0,0.0,1.0,0.0
922939,0.0,0.0,0.0,0.0,0.0,0.0,0.0
925168,0.0,0.0,0.0,0.0,0.0,1.0,0.0
925668,0.0,0.0,0.0,0.0,0.0,0.0,0.0
929773,0.0,0.0,0.0,0.0,0.0,1.0,0.0
930273,0.0,0.0,0.0,0.0,0.0,0.0,0.0
932556,0.0,0.0,0.0,0.0,0.0,1.0,0.0
933056,0.0,0.0,0.0,0.0,0.0,0.0,0.0
934602,0.0,0.0,0.0,0.0,0.0,1.0,0.0
935102,0.0,0.0,0.0,0.0,0.0,0.0,0.0
939686,0.0,0.0,0.0,0.0,0.0,1.0,0.0
940186,0.0,0.0,0.0,0.0,0.0,0.0,0.0
940205,0.0,0.0,0.0,0.0,0.0,1.0,0.0
940705,0.0,0.0,0.0,0.0,0.0,0.0,0.0
944651,0.0,0.0,0.0,0.0,0.0,1.0,0.0
945151,0.0,0.0,0.0,0.0,0.0,0.0,0.0
945891,0.0,0.0,0.0,0.0,0.0,1.0,0.0
946391,0.0,0.0,0.0,0.0,0.0,0.0,0.0
947302,0.0,0.0,0.0,0.0,0.0,1.0,0.0
947802,0.0,0.0,0.0,0.0,0.0,0.0,0.0
948540,0.0,0.0,0.0,0.0,0.0,1.0,0.0
949040,0.0,0.0,0.0,0.0,0.0,0.0,0.0
949532,0.0,0.0,0.0,0.0,0.0,1.0,0.0
949538,0.0,0.0,0.0,0.0,1.0,2.0,0.0
950038,0.0,0.0,0.0,0.0,0.0,0.0,0.0
950418,0.0,0.0,0.0,0.0,0.0,1.0,0.0
950918,0.0,0.0,0.0,0.0,0.0,0.0,0.0
954139,0.0,0.0,0.0,0.0,0.0,1.0,0.0
954639,0.0,0.0,0.0,0.0,0.0,0.0,0.0
957514,0.0,0.0,0.0,0.0,0.0,1.0,0.0
958014,0.0,0.0,0.0,0.0,0.0,0.0,0.0
960390,0.0,0.0,0.0,0.0,0.0,1.0,0.0
960890,0.0,0.0,0.0,0.0,0.0,0.0,0.0
961425,0.0,0.0,0.0,0.0,0.0,1.0,0.0
961925,0.0,0.0,0.0,0.0,0.0,0.0,0.0
964455,0.0,0.0,0.0,0.0,0.0,1.0,0.0
964459,0.0,0.0,0.0,0.0,0.0,2.0,0.0
964959,0.0,0.0,0.0,0.0,0.0,0.0,0.0
965846,0.0,0.0,0.0,0.0,0.0,1.0,0.0
965856,0.0,0.0,0.0,0.0,0.0,2.0,0.0
966356,0.0,0.0,0.0,0.0,0.0,0.0,0.0
966744,0.0,0.0,0.0,0.0,0.0,1.0,0.0
967244,0.0,0.0,0.0,0.0,0.0,0.0,0.0
968029,0.0,0.0,0.0,0.0,0.0,1.0,0.0
968529,0.0,0.0,0.0,0.0,0.0,0.0,0.0
972274,0.0,0.0,0.0,0.0,0.0,1.0,0.0
972774,0.0,0.0,0.0,0.0,0.0,0.0,0.0
975440,0.0,0.0,0.0,0.0,0.0,1.0,0.0
975940,0.0,0.0,0.0,0.0,0.0,0.0,0.0
981571,0.0,0.0,0.0,0.0,0.0,1.0,0.0
982071,0.0,0.0,0.0,0.0,0.0,0.0,0.0
983869,0.0,0.0,0.0,0.0,0.0,1.0,0.0
984369,0.0,0.0,0.0,0.0,0.0,0.0,0.0
985979,0.0,0.0,0.0,0.0,0.0,1.0,0.0
986479,0.0,0.0,0.0,0.0,0.0,0.0,0.0
987515,0.0,0.0,0.0,0.0,0.0,1.0,0.0
987961,0.0,0.0,0.0,0.0,0.0,2.0,0.0
988461,0.0,0.0,0.0,0.0,0.0,0.0,0.0
990340,0.0,0.0,0.0,0.0,0.0,1.0,0.0
990840,0.0,0.0,0.0,0.0,0.0,0.0,0.0
993039,0.0,0.0,0.0,0.0,0.0,1.0,0.0
993539,0.0,0.0,0.0,0.0,0.0,0.0,0.0
994838,0.0,0.0,0.0,0.0,0.0,1.0,0.0
995338,0.0,0.0,0.0,0.0,0.0,0.0,0.0
995784,0.0,0.0,0.0,0.0,0.0,1.0,0.0
996284,0.0,0.0,0.0,0.0,0.0,0.0,0.0
996546,0.0,0.0,0.0,0.0,0.0,1.0,0.0
997046,0.0,0.0,0.0,0.0,0.0,0.0,0.0
1000000,0.0,0.0,0.0,0.0,0.0,0.0,1.0
1000013,0.0,0.0,0.0,0.0,0.0,1.0,1.0
1000015,0.0,0.0,0.0,0.0,0.0,2.0,1.0
1000095,2.0,0.0,0.0,0.0,0.0,2.0,1.0
1000119,2.0,0.0,0.0,0.0,1.0,2.0,1.0
1000165,2.0,0.0,0.0,0.0,2.0,2.0,1.0
1000259,2.0,2.0,0.0,0.0,2.0,2.0,1.0
1000500,2.0,2.0,0.0,0.0,2.0,2.0,0.0
1000515,2.0,2.0,0.0,0.0,2.0,0.0,0.0
1000595,0.0,2.0,0.0,0.0,2.0,0.0,0.0
1000665,0.0,2.0,0.0,0.0,0.0,0.0,0.0
1000759,0.0,0.0,0.0,0.0,0.0,0.0,0.0
1000923,0.0,0.0,0.0,0.0,0.0,1.0,0.0
1001055,2.0,0.0,0.0,0.0,0.0,1.0,0.0
1001423,2.0,0.0,0.0,0.0,0.0,0.0,0.0
1001555,0.0,0.0,0.0,0.0,0.0,0.0,0.0
1001807,0.0,0.0,1.0,0.0,0.0,0.0,0.0
1001920,0.0,0.0,1.0,0.0,0.0,1.0,0.0
1002420,0.0,0.0,1.0,0.0,0.0,0.0,0.0
1003314,0.0,0.0,2.0,0.0,0.0,0.0,0.0
1003431,0.0,0.0,2.0,0.0,0.0,1.0,0.0
1003461,0.0,0.0,2.0,0.0,0.0,2.0,0.0
1003814,0.0,0.0,0.0,0.0,0.0,2.0,0.0
1003961,0.0,0.0,0.0,0.0,0.0,0.0,0.0
1004515,0.0,2.0,0.0,0.0,0.0,0.0,0.0
1004525,0.0,2.0,0.0,0.0,0.0,1.0,0.0
1004528,0.0,2.0,0.0,0.0,0.0,2.0,0.0
1005015,0.0,0.0,0.0,0.0,0.0,2.0,0.0
1005028,0.0,0.0,0.0,0.0,0.0,0.0,0.0
1005257,0.0,0.0,0.0,0.0,0.0,1.0,0.0
1005265,0.0,0.0,0.0,0.0,0.0,2.0,0.0
1005765,0.0,0.0,0.0,0.0,0.0,0.0,0.0
1005934,0.0,0.0,0.0,0.0,0.0,1.0,0.0
1006434,0.0,0.0,0.0,0.0,0.0,0.0,0.0
1007053,0.0,0.0,0.0,0.0,0.0,1.0,0.0
1007302,0.0,0.0,0.0,0.0,0.0,2.0,0.0
1007802,0.0,0.0,0.0,0.0,0.0,0.0,0.0
1009133,0.0,0.0,0.0,0.0,0.0,1.0,0.0
1009137,0.0,0.0,0.0,0.0,0.0,2.0,0.0
1009637,0.0,0.0,0.0,0.0,0.0,0.0,0.0
1009712,0.0,2.0,0.0,0.0,0.0,0.0,0.0
1010212,0.0,0.0,0.0,0.0,0.0,0.0,0.0
1010400,0.0,0.0,0.0,0.0,0.0,1.0,0.0
1010900,0.0,0.0,0.0,0.0,0.0,0.0,0.0
1011620,0.0,0.0,0.0,0.0,0.0,1.0,0.0
1011623,0.0,0.0,0.0,0.0,0.0,2.0,0.0
1012123,0.0,0.0,0.0,0.0,0.0,0.0,0.0
1012346,0.0,0.0,0.0,0.0,0.0,1.0,0.0
1012846,0.0,0.0,0.0,0.0,0.0,0.0,0.0
1012917,0.0,0.0,0.0,0.0,0.0,1.0,0.0
1012926,0.0,0.0,0.0,0.0,0.0,2.0,0.0
1013140,0.0,2.0,0.0,0.0,0.0,2.0,0.0
1013426,0.0,2.0,0.0,0.0,0.0,0.0,0.0
1013640,0.0,0.0,0.0,0.0,0.0,0.0,0.0
1013888,0.0,0.0,0.0,0.0,0.0,1.0,0.0
1014388,0.0,0.0,0.0,0.0,0.0,0.0,0.0
1014449,0.0,0.0,0.0,0.0,0.0,1.0,0.0
1014452,0.0,0.0,0.0,0.0,0.0,2.0,0.0
1014952,0.0,0.0,0.0,0.0,0.0,0.0,0.0
1015024,0.0,0.0,0.0,0.0,0.0,1.0,0.0
1015524,0.0,0.0,0.0,0.0,0.0,0.0,0.0
1016948,0.0,0.0,0.0,0.0,0.0,1.0,0.0
1017448,0.0,0.0,0.0,0.0,0.0,0.0,0.0
1017970,0.0,0.0,0.0,0.0,0.0,1.0,0.0
1018415,0.0,0.0,0.0,0.0,0.0,2.0,0.0
1018762,0.0,2.0,0.0,0.0,0.0,2.0,0.0
1018915,0.0,2.0,0.0,0.0,0.0,0.0,0.0
1019262,0.0,0.0,0.0,0.0,0.0,0.0,0.0
1019501,0.0,0.0,0.0,0.0,0.0,1.0,0.0
1020001,0.0,0.0,0.0,0.0,0.0,0.0,0.0
1020856,0.0,0.0,0.0,0.0,0.0,1.0,0.0
1021356,0.0,0.0,0.0,0.0,0.0,0.0,0.0
1022087,0.0,0.0,0.0,0.0,0.0,1.0,0.0
1022090,0.0,0.0,0.0,0.0,0.0,2.0,0.0
1022590,0.0,0.0,0.0,0.0,0.0,0.0,0.0
1023467,0.0,0.0,0.0,0.0,0.0,1.0,0.0
1023967,0.0,0.0,0.0,0.0,0.0,0.0,0.0
1024167,0.0,0.0,0.0,0.0,0.0,1.0,0.0
1024667,0.0,0.0,0.0,0.0,0.0,0.0,0.0
1025540,0.0,0.0,0.0,0.0,0.0,1.0,0.0
1026040,0.0,0.0,0.0,0.0,0.0,0.0,0.0
1026801,0.0,0.0,0.0,0.0,0.0,1.0,0.0
1027301,0.0,0.0,0.0,0.0,0.0,0.0,0.0
1028027,0.0,0.0,0.0,0.0,0.0,1.0,0.0
1028047,0.0,0.0,0.0,0.0,0.0,2.0,0.0
1028547,0.0,0.0,0.0,0.0,0.0,0.0,0.0
1029199,0.0,0.0,0.0,0.0,0.0,1.0,0.0
1029509,0.0,0.0,0.0,0.0,0.0,2.0,0.0
1030009,0.0,0.0,0.0,0.0,0.0,0.0,0.0
1030656,0.0,0.0,0.0,0.0,0.0,1.0,0.0
1031156,0.0,0.0,0.0,0.0,0.0,0.0,0.0
1031351,0.0,0.0,0.0,0.0,0.0,1.0,0.0
1031551,0.0,0.0,0.0,0.0,0.0,2.0,0.0
1032051,0.0,0.0,0.0,0.0,0.0,0.0,0.0
1032087,0.0,0.0,0.0,0.0,0.0,1.0,0.0
1032587,0.0,0.0,0.0,0.0,0.0,0.0,0.0
1033513,0.0,0.0,0.0,0.0,0.0,1.0,0.0
1033525,0.0,0.0,0.0,0.0,0.0,2.0,0.0
1034025,0.0,0.0,0.0,0.0,0.0,0.0,0.0
1035354,0.0,0.0,0.0,0.0,0.0,1.0,0.0
1035854,0.0,0.0,0.0,0.0,0.0,0.0,0.0
1036414,0.0,0.0,0.0,0.0,0.0,1.0,0.0
1036914,0.0,0.0,0.0,0.0,0.0,0.0,0.0
1037041,0.0,0.0,0.0,0.0,0.0,1.0,0.0
1037045,0.0,0.0,0.0,0.0,0.0,2.0,0.0
1037545,0.0,0.0,0.0,0.0,0.0,0.0,0.0
1038104,0.0,0.0,0.0,0.0,0.0,1.0,0.0
1038122,0.0,0.0,0.0,0.0,0.0,2.0,0.0
1038622,0.0,0.0,0.0,0.0,0.0,0.0,0.0
1038631,0.0,0.0,0.0,0.0,0.0,1.0,0.0
1039131,0.0,0.0,0.0,0.0,0.0,0.0,0.0
1039158,0.0,0.0,0.0,0.0,0.0,1.0,0.0
1039283,0.0,0.0,0.0,0.0,0.0,2.0,0.0
1039783,0.0,0.0,0.0,0.0,0.0,0.0,0.0
1040135,0.0,0.0,0.0,0.0,0.0,1.0,0.0
1040635,0.0,0.0,0.0,0.0,0.0,0.0,0.0
1040800,0.0,0.0,0.0,0.0,0.0,1.0,0.0
1041300,0.0,0.0,0.0,0.0,0.0,0.0,0.0
1041317,0.0,0.0,0.0,0.0,0.0,1.0,0.0
1041320,0.0,0.0,0.0,0.0,0.0,2.0,0.0
1041820,0.0,0.0,0.0,0.0,0.0,0.0,0.0
1042626,0.0,0.0,0.0,0.0,0.0,1.0,0.0
1042631,0.0,0.0,0.0,0.0,0.0,2.0,0.0
1043131,0.0,0.0,0.0,0.0,0.0,0.0,0.0
1043141,0.0,0.0,0.0,0.0,0.0,1.0,0.0
1043309,0.0,0.0,0.0,0.0,0.0,2.0,0.0
1043354,0.0,0.0,0.0,0.0,1.0,2.0,0.0
1043421,0.0,0.0,0.0,0.0,2.0,2.0,0.0
1043809,0.0,0.0,0.0,0.0,2.0,0.0,0.0
1043921,0.0,0.0,0.0,0.0,0.0,0.0,0.0
1044184,0.0,0.0,0.0,0.0,0.0,1.0,0.0
1044187,0.0,0.0,0.0,0.0,0.0,2.0,0.0
1044687,0.0,0.0,0.0,0.0,0.0,0.0,0.0
1045201,0.0,0.0,0.0,0.0,0.0,1.0,0.0
1045451,0.0,0.0,0.0,0.0,0.0,2.0,0.0
1045951,0.0,0.0,0.0,0.0,0.0,0.0,0.0
1046264,0.0,0.0,0.0,0.0,0.0,1.0,0.0
1046301,0.0,0.0,0.0,0.0,0.0,2.0,0.0
1046801,0.0,0.0,0.0,0.0,0.0,0.0,0.0
1046908,0.0,0.0,0.0,0.0,0.0,1.0,0.0
1046940,0.0,0.0,0.0,0.0,0.0,2.0,0.0
1047440,0.0,0.0,0.0,0.0,0.0,0.0,0.0
1048202,0.0,0.0,0.0,0.0,0.0,1.0,0.0
1048206,0.0,0.0,0.0,0.0,0.0,2.0,0.0
1048706,0.0,0.0,0.0,0.0,0.0,0.0,0.0
1050857,0.0,0.0,0.0,0.0,0.0,1.0,0.0
1050860,0.0,0.0,0.0,0.0,0.0,2.0,0.0
1051360,0.0,0.0,0.0,0.0,0.0,0.0,0.0
1051799,0.0,0.0,0.0,0.0,0.0,1.0,0.0
1051805,0.0,0.0,0.0,0.0,0.0,2.0,0.0
1052305,0.0,0.0,0.0,0.0,0.0,0.0,0.0
1052640,0.0,0.0,0.0,0.0,0.0,1.0,0.0
1052642,0.0,0.0,0.0,0.0,0.0,2.0,0.0
1053142,0.0,0.0,0.0,0.0,0.0,0.0,0.0
1053598,0.0,0.0,0.0,0.0,0.0,1.0,0.0
1053601,0.0,0.0,0.0,0.0,0.0,2.0,0.0
1054101,0.0,0.0,0.0,0.0,0.0,0.0,0.0
1054461,0.0,0.0,0.0,0.0,0.0,1.0,0.0
1054676,0.0,0.0,0.0,0.0,0.0,2.0,0.0
1055176,0.0,0.0,0.0,0.0,0.0,0.0,0.0
1055558,0.0,0.0,0.0,0.0,0.0,1.0,0.0
1056058,0.0,0.0,0.0,0.0,0.0,0.0,0.0
1057265,0.0,0.0,0.0,0.0,0.0,1.0,0.0
1057595,0.0,0.0,0.0,0.0,0.0,2.0,0.0
1058095,0.0,0.0,0.0,0.0,0.0,0.0,0.0
1059252,0.0,0.0,0.0,0.0,0.0,1.0,0.0
1059391,0.0,0.0,0.0,0.0,0.0,2.0,0.0
1059891,0.0,0.0,0.0,0.0,0.0,0.0,0.0
1060342,0.0,0.0,0.0,0.0,0.0,1.0,0.0
1060692,0.0,0.0,0.0,0.0,0.0,2.0,0.0
1061192,0.0,0.0,0.0,0.0,0.0,0.0,0.0
1062050,0.0,0.0,0.0,0.0,0.0,1.0,0.0
1062550,0.0,0.0,0.0,0.0,0.0,0.0,0.0
1062745,0.0,0.0,0.0,0.0,0.0,1.0,0.0
1063245,0.0,0.0,0.0,0.0,0.0,0.0,0.0
1063497,0.0,0.0,0.0,0.0,0.0,1.0,0.0
1063501,0.0,0.0,0.0,0.0,0.0,2.0,0.0
1063504,0.0,0.0,0.0,0.0,1.0,2.0,0.0
1064001,0.0,0.0,0.0,0.0,1.0,0.0,0.0
1064004,0.0,0.0,0.0,0.0,0.0,0.0,0.0
1064232,0.0,0.0,0.0,0.0,0.0,1.0,0.0
1064236,0.0,0.0,0.0,0.0,0.0,2.0,0.0
1064736,0.0,0.0,0.0,0.0,0.0,0.0,0.0
1065016,0.0,0.0,0.0,0.0,0.0,1.0,0.0
1065516,0.0,0.0,0.0,0.0,0.0,0.0,0.0
1066553,0.0,0.0,0.0,0.0,0.0,1.0,0.0
1067053,0.0,0.0,0.0,0.0,0.0,0.0,0.0
1067482,0.0,0.0,0.0,0.0,0.0,1.0,0.0
1067485,0.0,0.0,0.0,0.0,0.0,2.0,0.0
1067985,0.0,0.0,0.0,0.0,0.0,0.0,0.0
1068360,0.0,0.0,0.0,0.0,0.0,1.0,0.0
1068363,0.0,0.0,0.0,0.0,0.0,2.0,0.0
1068863,0.0,0.0,0.0,0.0,0.0,0.0,0.0
1070184,0.0,0.0,0.0,0.0,0.0,1.0,0.0
1070193,0.0,0.0,0.0,0.0,0.0,2.0,0.0
1070693,0.0,0.0,0.0,0.0,0.0,0.0,0.0
1070910,0.0,0.0,0.0,0.0,0.0,1.0,0.0
1071410,0.0,0.0,0.0,0.0,0.0,0.0,0.0
1071626,0.0,0.0,0.0,0.0,0.0,1.0,0.0
1072126,0.0,0.0,0.0,0.0,0.0,0.0,0.0
1072160,0.0,0.0,0.0,0.0,0.0,1.0,0.0
1072169,0.0,0.0,0.0,0.0,0.0,2.0,0.0
1072669,0.0,0.0,0.0,0.0,0.0,0.0,0.0
1072858,0.0,0.0,0.0,0.0,0.0,1.0,0.0
1073358,0.0,0.0,0.0,0.0,0.0,0.0,0.0
1074565,0.0,0.0,0.0,0.0,1.0,0.0,0.0
1075065,0.0,0.0,0.0,0.0,0.0,0.0,0.0
1077665,0.0,0.0,0.0,0.0,0.0,1.0,0.0
1077716,0.0,0.0,0.0,0.0,0.0,2.0,0.0
1078216,0.0,0.0,0.0,0.0,0.0,0.0,0.0
1078540,0.0,0.0,0.0,0.0,0.0,1.0,0.0
1079040,0.0,0.0,0.0,0.0,0.0,0.0,0.0
1079606,0.0,0.0,0.0,0.0,0.0,1.0,0.0
1080106,0.0,0.0,0.0,0.0,0.0,0.0,0.0
1080254,0.0,0.0,0.0,0.0,0.0,1.0,0.0
1080411,0.0,0.0,0.0,0.0,0.0,2.0,0.0
1080911,0.0,0.0,0.0,0.0,0.0,0.0,0.0
1083409,0.0,0.0,0.0,0.0,0.0,1.0,0.0
1083449,0.0,0.0,0.0,0.0,0.0,2.0,0.0
1083949,0.0,0.0,0.0,0.0,0.0,0.0,0.0
1084182,0.0,0.0,0.0,0.0,0.0,1.0,0.0
1084682,0.0,0.0,0.0,0.0,0.0,0.0,0.0
1085058,0.0,0.0,0.0,0.0,0.0,1.0,0.0
1085558,0.0,0.0,0.0,0.0,0.0,0.0,0.0
1085770,0.0,0.0,0.0,0.0,0.0,1.0,0.0
1085881,0.0,0.0,0.0,0.0,0.0,2.0,0.0
1086381,0.0,0.0,0.0,0.0,0.0,0.0,0.0
1086787,0.0,0.0,0.0,0.0,0.0,1.0,0.0
1086790,0.0,0.0,0.0,0.0,0.0,2.0,0.0
1087290,0.0,0.0,0.0,0.0,0.0,0.0,0.0
1087635,0.0,0.0,0.0,0.0,0.0,1.0,0.0
1087770,0.0,0.0,0.0,0.0,0.0,2.0,0.0
1088270,0.0,0.0,0.0,0.0,0.0,0.0,0.0
1088277,0.0,0.0,0.0,0.0,0.0,1.0,0.0
1088777,0.0,0.0,0.0,0.0,0.0,0.0,0.0
1089028,0.0,0.0,0.0,0.0,0.0,1.0,0.0
1089032,0.0,0.0,0.0,0.0,0.0,2.0,0.0
1089532,0.0,0.0,0.0,0.0,0.0,0.0,0.0
1089567,0.0,0.0,0.0,0.0,0.0,1.0,0.0
1089902,0.0,0.0,0.0,0.0,0.0,2.0,0.0
1090402,0.0,0.0,0.0,0.0,0.0,0.0,0.0
1091857,0.0,0.0,0.0,0.0,0.0,1.0,0.0
1092088,0.0,0.0,0.0,0.0,0.0,2.0,0.0
1092588,0.0,0.0,0.0,0.0,0.0,0.0,0.0
1093469,0.0,0.0,0.0,0.0,0.0,1.0,0.0
1093903,0.0,0.0,0.0,0.0,0.0,2.0,0.0
1094403,0.0,0.0,0.0,0.0,0.0,0.0,0.0
1094563,0.0,0.0,0.0,0.0,0.0,1.0,0.0
1094572,0.0,0.0,0.0,0.0,0.0,2.0,0.0
1095072,0.0,0.0,0.0,0.0,0.0,0.0,0.0
1095655,0.0,0.0,0.0,0.0,0.0,1.0,0.0
1095684,0.0,0.0,0.0,0.0,0.0,2.0,0.0
1096184,0.0,0.0,0.0,0.0,0.0,0.0,0.0
1097229,0.0,0.0,0.0,0.0,0.0,1.0,0.0
1097729,0.0,0.0,0.0,0.0,0.0,0.0,0.0
1097852,0.0,0.0,0.0,0.0,0.0,1.0,0.0
1097855,0.0,0.0,0.0,0.0,0.0,2.0,0.0
1098355,0.0,0.0,0.0,0.0,0.0,0.0,0.0
1098776,0.0,0.0,0.0,0.0,0.0,1.0,0.0
1099276,0.0,0.0,0.0,0.0,0.0,0.0,0.0
1099411,0.0,0.0,0.0,0.0,0.0,1.0,0.0
1099672,0.0,0.0,0.0,0.0,0.0,2.0,0.0
1100172,0.0,0.0,0.0,0.0,0.0,0.0,0.0
1104283,0.0,0.0,0.0,0.0,0.0,1.0,0.0
1104783,0.0,0.0,0.0,0.0,0.0,0.0,0.0
1105677,0.0,0.0,0.0,0.0,0.0,1.0,0.0
1106177,0.0,0.0,0.0,0.0,0.0,0.0,0.0
1107430,0.0,0.0,0.0,0.0,0.0,1.0,0.0
1107930,0.0,0.0,0.0,0.0,0.0,0.0,0.0
1108824,0.0,0.0,0.0,0.0,0.0,1.0,0.0
1109324,0.0,0.0,0.0,0.0,0.0,0.0,0.0
1110939,0.0,0.0,0.0,0.0,0.0,1.0,0.0
1111439,0.0,0.0,0.0,0.0,0.0,0.0,0.0
1112201,0.0,0.0,0.0,0.0,0.0,1.0,0.0
1112203,0.0,0.0,0.0,0.0,0.0,2.0,0.0
1112703,0.0,0.0,0.0,0.0,0.0,0.0,0.0
1112827,0.0,0.0,0.0,0.0,0.0,1.0,0.0
1113327,0.0,0.0,0.0,0.0,0.0,0.0,0.0
1113491,0.0,0.0,0.0,0.0,0.0,1.0,0.0
1113991,0.0,0.0,0.0,0.0,0.0,0.0,0.0
1114403,0.0,0.0,0.0,0.0,0.0,1.0,0.0
1114903,0.0,0.0,0.0,0.0,0.0,0.0,0.0
1121108,0.0,0.0,0.0,0.0,0.0,1.0,0.0
1121608,0.0,0.0,0.0,0.0,0.0,0.0,0.0
1123899,0.0,0.0,0.0,0.0,1.0,0.0,0.0
1124241,0.0,0.0,0.0,0.0,1.0,1.0,0.0
1124399,0.0,0.0,0.0,0.0,0.0,1.0,0.0
1124741,0.0,0.0,0.0,0.0,0.0,0.0,0.0
1124942,0.0,0.0,0.0,0.0,0.0,1.0,0.0
1125442,0.0,0.0,0.0,0.0,0.0,0.0,0.0
1126611,0.0,0.0,0.0,0.0,0.0,1.0,0.0
1127111,0.0,0.0,0.0,0.0,0.0,0.0,0.0
1127434,0.0,0.0,0.0,0.0,0.0,1.0,0.0
1127934,0.0,0.0,0.0,0.0,0.0,0.0,0.0
1131840,0.0,0.0,0.0,0.0,0.0,1.0,0.0
1132340,0.0,0.0,0.0,0.0,0.0,0.0,0.0
1135048,0.0,0.0,0.0,0.0,0.0,1.0,0.0
1135548,0.0,0.0,0.0,0.0,0.0,0.0,0.0
1136408,0.0,0.0,0.0,0.0,0.0,1.0,0.0
1136410,0.0,0.0,0.0,0.0,0.0,2.0,0.0
1136910,0.0,0.0,0.0,0.0,0.0,0.0,0.0
1141309,0.0,0.0,0.0,0.0,0.0,1.0,0.0
1141317,0.0,0.0,0.0,0.0,0.0,2.0,0.0
1141817,0.0,0.0,0.0,0.0,0.0,0.0,0.0
1141940,0.0,0.0,0.0,0.0,0.0,1.0,0.0
1142440,0.0,0.0,0.0,0.0,0.0,0.0,0.0
1147189,0.0,0.0,0.0,0.0,0.0,1.0,0.0
1147689,0.0,0.0,0.0,0.0,0.0,0.0,0.0
1148240,0.0,0.0,0.0,0.0,0.0,1.0,0.0
1148740,0.0,0.0,0.0,0.0,0.0,0.0,0.0
1148945,0.0,0.0,0.0,0.0,0.0,1.0,0.0
1148946,0.0,0.0,0.0,0.0,0.0,2.0,0.0
1149446,0.0,0.0,0.0,0.0,0.0,0.0,0.0
1149911,0.0,0.0,0.0,0.0,0.0,1.0,0.0
1150411,0.0,0.0,0.0,0.0,0.0,0.0,0.0
1151333,0.0,0.0,0.0,0.0,0.0,1.0,0.0
1151833,0.0,0.0,0.0,0.0,0.0,0.0,0.0
1153240,0.0,0.0,0.0,0.0,0.0,1.0,0.0
1153246,0.0,0.0,0.0,0.0,0.0,2.0,0.0
1153746,0.0,0.0,0.0,0.0,0.0,0.0,0.0
1158242,0.0,0.0,0.0,0.0,0.0,1.0,0.0
1158262,0.0,0.0,0.0,0.0,0.0,2.0,0.0
1158762,0.0,0.0,0.0,0.0,0.0,0.0,0.0
1159843,0.0,0.0,0.0,0.0,0.0,1.0,0.0
1159948,0.0,0.0,0.0,0.0,0.0,2.0,0.0
1160448,0.0,0.0,0.0,0.0,0.0,0.0,0.0
1161713,0.0,0.0,0.0,0.0,0.0,1.0,0.0
1162213,0.0,0.0,0.0,0.0,0.0,0.0,0.0
1162917,0.0,0.0,0.0,0.0,0.0,1.0,0.0
1163417,0.0,0.0,0.0,0.0,0.0,0.0,0.0
1164406,0.0,0.0,0.0,0.0,0.0,1.0,0.0
1164429,0.0,0.0,0.0,0.0,0.0,2.0,0.0
1164929,0.0,0.0,0.0,0.0,0.0,0.0,0.0
1165465,0.0,0.0,0.0,0.0,0.0,1.0,0.0
1165965,0.0,0.0,0.0,0.0,0.0,0.0,0.0
1166144,0.0,0.0,0.0,0.0,0.0,1.0,0.0
1166644,0.0,0.0,0.0,0.0,0.0,0.0,0.0
1166645,0.0,0.0,0.0,0.0,0.0,1.0,0.0
1167145,0.0,0.0,0.0,0.0,0.0,0.0,0.0
1179044,0.0,0.0,0.0,0.0,0.0,1.0,0.0
1179544,0.0,0.0,0.0,0.0,0.0,0.0,0.0
1179709,0.0,0.0,0.0,0.0,0.0,1.0,0.0
1180209,0.0,0.0,0.0,0.0,0.0,0.0,0.0
1189391,0.0,0.0,0.0,0.0,0.0,1.0,0.0
1189891,0.0,0.0,0.0,0.0,0.0,0.0,0.0
1192868,0.0,0.0,0.0,0.0,0.0,1.0,0.0
1193368,0.0,0.0,0.0,0.0,0.0,0.0,0.0
1194781,0.0,0.0,0.0,0.0,0.0,1.0,0.0
1195281,0.0,0.0,0.0,0.0,0.0,0.0,0.0
1197226,0.0,0.0,0.0,0.0,0.0,1.0,0.0
1197726,0.0,0.0,0.0,0.0,0.0,0.0,0.0
1197887,0.0,0.0,0.0,0.0,0.0,1.0,0.0
1198387,0.0,0.0,0.0,0.0,0.0,0.0,0.0
1199550,0.0,0.0,0.0,0.0,0.0,1.0,0.0
1200000,0.0,0.0,0.0,0.0,0.0,1.0,1.0
1200007,0.0,0.0,0.0,0.0,0.0,2.0,1.0
1200095,2.0,0.0,0.0,0.0,0.0,2.0,1.0
1200157,2.0,0.0,0.0,0.0,1.0,2.0,1.0
1200177,2.0,0.0,0.0,0.0,2.0,2.0,1.0
1200295,2.0,2.0,0.0,0.0,2.0,2.0,1.0
1200500,2.0,2.0,0.0,0.0,2.0,2.0,0.0
1200507,2.0,2.0,0.0,0.0,2.0,0.0,0.0
1200595,0.0,2.0,0.0,0.0,2.0,0.0,0.0
1200677,0.0,2.0,0.0,0.0,0.0,0.0,0.0
1200785,0.0,2.0,0.0,0.0,0.0,1.0,0.0
1200795,0.0,0.0,0.0,0.0,0.0,1.0,0.0
1200837,0.0,0.0,0.0,0.0,0.0,2.0,0.0
1201337,0.0,0.0,0.0,0.0,0.0,0.0,0.0
1201452,0.0,0.0,1.0,0.0,0.0,0.0,0.0
1201591,0.0,0.0,1.0,0.0,0.0,1.0,0.0
1201607,0.0,0.0,1.0,0.0,0.0,2.0,0.0
1202107,0.0,0.0,1.0,0.0,0.0,0.0,0.0
1202255,0.0,0.0,1.0,0.0,0.0,1.0,0.0
1202293,0.0,0.0,1.0,0.0,1.0,1.0,0.0
1202308,0.0,0.0,1.0,0.0,2.0,1.0,0.0
1202755,0.0,0.0,1.0,0.0,2.0,0.0,0.0
1202808,0.0,0.0,1.0,0.0,0.0,0.0,0.0
1202809,0.0,0.0,2.0,0.0,0.0,0.0,0.0
1202900,0.0,0.0,2.0,0.0,0.0,1.0,0.0
1203309,0.0,0.0,0.0,0.0,0.0,1.0,0.0
1203355,0.0,0.0,0.0,0.0,0.0,2.0,0.0
1203572,0.0,0.0,1.0,0.0,0.0,2.0,0.0
1203855,0.0,0.0,1.0,0.0,0.0,0.0,0.0
1203953,0.0,0.0,1.0,0.0,0.0,1.0,0.0
1204453,0.0,0.0,1.0,0.0,0.0,0.0,0.0
1205072,0.0,0.0,0.0,0.0,0.0,0.0,0.0
1205373,0.0,0.0,0.0,0.0,0.0,1.0,0.0
1205873,0.0,0.0,0.0,0.0,0.0,0.0,0.0
1205972,0.0,0.0,0.0,0.0,0.0,1.0,0.0
1206472,0.0,0.0,0.0,0.0,0.0,0.0,0.0
1206653,0.0,0.0,0.0,0.0,0.0,1.0,0.0
1207153,0.0,0.0,0.0,0.0,0.0,0.0,0.0
1207531,0.0,0.0,0.0,0.0,0.0,1.0,0.0
1207630,0.0,0.0,0.0,0.0,0.0,2.0,0.0
1208130,0.0,0.0,0.0,0.0,0.0,0.0,0.0
1208506,0.0,0.0,0.0,0.0,0.0,1.0,0.0
1209006,0.0,0.0,0.0,0.0,0.0,0.0,0.0
1209819,0.0,0.0,0.0,0.0,0.0,1.0,0.0
1210319,0.0,0.0,0.0,0.0,0.0,0.0,0.0
1210729,0.0,0.0,0.0,0.0,0.0,1.0,0.0
1210750,0.0,0.0,0.0,0.0,0.0,2.0,0.0
1211250,0.0,0.0,0.0,0.0,0.0,0.0,0.0
1211436,0.0,0.0,0.0,0.0,0.0,1.0,0.0
1211936,0.0,0.0,0.0,0.0,0.0,0.0,0.0
1212427,0.0,0.0,0.0,0.0,0.0,1.0,0.0
1212927,0.0,0.0,0.0,0.0,0.0,0.0,0.0
1213037,0.0,0.0,0.0,0.0,0.0,1.0,0.0
1213537,0.0,0.0,0.0,0.0,0.0,0.0,0.0
1213756,0.0,0.0,0.0,0.0,0.0,1.0,0.0
1214087,0.0,0.0,0.0,0.0,0.0,2.0,0.0
1214587,0.0,0.0,0.0,0.0,0.0,0.0,0.0
1214605,0.0,0.0,0.0,0.0,0.0,1.0,0.0
1215105,0.0,0.0,0.0,0.0,0.0,0.0,0.0
1215485,0.0,0.0,0.0,0.0,0.0,1.0,0.0
1215985,0.0,0.0,0.0,0.0,0.0,0.0,0.0
1216086,0.0,0.0,0.0,0.0,0.0,1.0,0.0
1216586,0.0,0.0,0.0,0.0,0.0,0.0,0.0
1217028,0.0,0.0,0.0,0.0,0.0,1.0,0.0
1217465,0.0,0.0,0.0,0.0,1.0,1.0,0.0
1217528,0.0,0.0,0.0,0.0,1.0,0.0,0.0
1217791,0.0,0.0,0.0,0.0,1.0,1.0,0.0
1217803,0.0,0.0,0.0,0.0,1.0,2.0,0.0
1217965,0.0,0.0,0.0,0.0,0.0,2.0,0.0
1218303,0.0,0.0,0.0,0.0,0.0,0.0,0.0
1218923,0.0,0.0,0.0,0.0,0.0,1.0,0.0
1218991,0.0,0.0,0.0,0.0,0.0,2.0,0.0
1219491,0.0,0.0,0.0,0.0,0.0,0.0,0.0
1219496,0.0,0.0,0.0,0.0,0.0,1.0,0.0
1219532,0.0,0.0,0.0,0.0,0.0,2.0,0.0
1220032,0.0,0.0,0.0,0.0,0.0,0.0,0.0
1220895,0.0,0.0,0.0,0.0,0.0,1.0,0.0
1221394,0.0,0.0,0.0,0.0,1.0,1.0,0.0
1221395,0.0,0.0,0.0,0.0,1.0,0.0,0.0
1221409,0.0,0.0,0.0,0.0,2.0,0.0,0.0
1221836,0.0,0.0,0.0,0.0,2.0,1.0,0.0
1221909,0.0,0.0,0.0,0.0,0.0,1.0,0.0
1222336,0.0,0.0,0.0,0.0,0.0,0.0,0.0
1222407,0.0,0.0,0.0,0.0,0.0,1.0,0.0
1222733,0.0,0.0,0.0,0.0,0.0,2.0,0.0
1223233,0.0,0.0,0.0,0.0,0.0,0.0,0.0
1224329,0.0,0.0,0.0,0.0,0.0,1.0,0.0
1224337,0.0,0.0,0.0,0.0,0.0,2.0,0.0
1224837,0.0,0.0,0.0,0.0,0.0,0.0,0.0
1225237,0.0,0.0,0.0,0.0,0.0,1.0,0.0
1225737,0.0,0.0,0.0,0.0,0.0,0.0,0.0
1227310,0.0,0.0,0.0,0.0,0.0,1.0,0.0
1227314,0.0,0.0,0.0,0.0,0.0,2.0,0.0
1227814,0.0,0.0,0.0,0.0,0.0,0.0,0.0
1228501,0.0,0.0,0.0,0.0,0.0,1.0,0.0
1229001,0.0,0.0,0.0,0.0,0.0,0.0,0.0
1229197,0.0,0.0,0.0,0.0,0.0,1.0,0.0
1229697,0.0,0.0,0.0,0.0,0.0,0.0,0.0
1229698,0.0,0.0,0.0,0.0,0.0,1.0,0.0
1230198,0.0,0.0,0.0,0.0,0.0,0.0,0.0
1230407,0.0,0.0,0.0,0.0,0.0,1.0,0.0
1230907,0.0,0.0,0.0,0.0,0.0,0.0,0.0
1231181,0.0,0.0,0.0,0.0,0.0,1.0,0.0
1231234,0.0,0.0,0.0,0.0,0.0,2.0,0.0
1231510,0.0,0.0,0.0,0.0,1.0,2.0,0.0
1231581,0.0,0.0,0.0,0.0,2.0,2.0,0.0
1231734,0.0,0.0,0.0,0.0,2.0,0.0,0.0
1231772,0.0,2.0,0.0,0.0,2.0,0.0,0.0
1232081,0.0,2.0,0.0,0.0,0.0,0.0,0.0
1232272,0.0,0.0,0.0,0.0,0.0,0.0,0.0
1232676,0.0,0.0,0.0,0.0,0.0,1.0,0.0
1233176,0.0,0.0,0.0,0.0,0.0,0.0,0.0
1233851,0.0,0.0,0.0,0.0,0.0,1.0,0.0
1234351,0.0,0.0,0.0,0.0,0.0,0.0,0.0
1234688,0.0,0.0,0.0,0.0,0.0,1.0,0.0
1234691,0.0,0.0,0.0,0.0,1.0,1.0,0.0
1234692,0.0,0.0,0.0,0.0,1.0,2.0,0.0
1235191,0.0,0.0,0.0,0.0,0.0,2.0,0.0
1235192,0.0,0.0,0.0,0.0,0.0,0.0,0.0
1237482,0.0,0.0,0.0,0.0,0.0,1.0,0.0
1237486,0.0,0.0,0.0,0.0,0.0,2.0,0.0
1237986,0.0,0.0,0.0,0.0,0.0,0.0,0.0
1238213,0.0,0.0,0.0,0.0,0.0,1.0,0.0
1238242,0.0,0.0,0.0,0.0,0.0,2.0,0.0
1238742,0.0,0.0,0.0,0.0,0.0,0.0,0.0
1239295,0.0,0.0,0.0,0.0,0.0,1.0,0.0
1239795,0.0,0.0,0.0,0.0,0.0,0.0,0.0
1240462,0.0,0.0,0.0,0.0,0.0,1.0,0.0
1240962,0.0,0.0,0.0,0.0,0.0,0.0,0.0
1241045,0.0,0.0,0.0,0.0,0.0,1.0,0.0
1241048,0.0,0.0,0.0,0.0,0.0,2.0,0.0
1241548,0.0,0.0,0.0,0.0,0.0,0.0,0.0
1242221,0.0,0.0,0.0,0.0,0.0,1.0,0.0
1242387,0.0,0.0,0.0,0.0,0.0,2.0,0.0
1242887,0.0,0.0,0.0,0.0,0.0,0.0,0.0
1242890,0.0,0.0,0.0,0.0,0.0,1.0,0.0
1243057,0.0,0.0,0.0,0.0,0.0,2.0,0.0
1243557,0.0,0.0,0.0,0.0,0.0,0.0,0.0
1243587,0.0,0.0,0.0,0.0,0.0,1.0,0.0
1244087,0.0,0.0,0.0,0.0,0.0,0.0,0.0
1244786,0.0,0.0,0.0,0.0,0.0,1.0,0.0
1244817,0.0,0.0,0.0,0.0,0.0,2.0,0.0
1245317,0.0,0.0,0.0,0.0,0.0,0.0,0.0
1245698,0.0,0.0,0.0,0.0,1.0,1.0,0.0
1246198,0.0,0.0,0.0,0.0,0.0,0.0,0.0
1246850,0.0,0.0,0.0,0.0,0.0,1.0,0.0
1247350,0.0,0.0,0.0,0.0,0.0,0.0,0.0
1247492,0.0,0.0,0.0,0.0,0.0,1.0,0.0
1247505,0.0,0.0,0.0,0.0,0.0,2.0,0.0
1248005,0.0,0.0,0.0,0.0,0.0,0.0,0.0
1248929,0.0,0.0,0.0,0.0,0.0,1.0,0.0
1249429,0.0,0.0,0.0,0.0,0.0,0.0,0.0
1249670,0.0,0.0,0.0,0.0,0.0,1.0,0.0
1249693,0.0,0.0,0.0,0.0,0.0,2.0,0.0
1250193,0.0,0.0,0.0,0.0,0.0,0.0,0.0
1250310,0.0,0.0,0.0,0.0,0.0,1.0,0.0
1250325,0.0,0.0,0.0,0.0,0.0,2.0,0.0
1250825,0.0,0.0,0.0,0.0,0.0,0.0,0.0
1250920,0.0,0.0,0.0,0.0,0.0,1.0,0.0
1251420,0.0,0.0,0.0,0.0,0.0,0.0,0.0
1251571,0.0,0.0,0.0,0.0,0.0,1.0,0.0
1251574,0.0,0.0,0.0,0.0,0.0,2.0,0.0
1252074,0.0,0.0,0.0,0.0,0.0,0.0,0.0
1252462,0.0,0.0,0.0,0.0,0.0,1.0,0.0
1252962,0.0,0.0,0.0,0.0,0.0,0.0,0.0
1253281,0.0,0.0,0.0,0.0,0.0,1.0,0.0
1253781,0.0,0.0,0.0,0.0,0.0,0.0,0.0
1253853,0.0,0.0,0.0,0.0,0.0,1.0,0.0
1254353,0.0,0.0,0.0,0.0,0.0,0.0,0.0
1254956,0.0,0.0,0.0,0.0,0.0,1.0,0.0
1254966,0.0,0.0,0.0,0.0,0.0,2.0,0.0
1254973,0.0,0.0,0.0,0.0,1.0,2.0,0.0
1255466,0.0,0.0,0.0,0.0,1.0,0.0,0.0
1255473,0.0,0.0,0.0,0.0,0.0,0.0,0.0
1257291,0.0,0.0,0.0,0.0,0.0,1.0,0.0
1257791,0.0,0.0,0.0,0.0,0.0,0.0,0.0
1258303,0.0,0.0,0.0,0.0,0.0,1.0,0.0
1258803,0.0,0.0,0.0,0.0,0.0,0.0,0.0
1259360,0.0,0.0,0.0,0.0,0.0,1.0,0.0
1259860,0.0,0.0,0.0,0.0,0.0,0.0,0.0
1259905,0.0,0.0,0.0,0.0,0.0,1.0,0.0
1259915,0.0,0.0,0.0,0.0,0.0,2.0,0.0
1260167,0.0,0.0,0.0,0.0,1.0,2.0,0.0
1260194,0.0,0.0,0.0,0.0,2.0,2.0,0.0
1260415,0.0,0.0,0.0,0.0,2.0,0.0,0.0
1260694,0.0,0.0,0.0,0.0,0.0,0.0,0.0
1260825,0.0,0.0,0.0,0.0,0.0,1.0,0.0
1260840,0.0,2.0,0.0,0.0,0.0,1.0,0.0
1261325,0.0,2.0,0.0,0.0,0.0,0.0,0.0
1261340,0.0,0.0,0.0,0.0,0.0,0.0,0.0
1261691,0.0,0.0,0.0,0.0,0.0,1.0,0.0
1262191,0.0,0.0,0.0,0.0,0.0,0.0,0.0
1264335,0.0,0.0,0.0,0.0,0.0,1.0,0.0
1264339,0.0,0.0,0.0,0.0,0.0,2.0,0.0
1264839,0.0,0.0,0.0,0.0,0.0,0.0,0.0
1265262,0.0,0.0,0.0,0.0,0.0,1.0,0.0
1265333,0.0,0.0,0.0,0.0,1.0,1.0,0.0
1265335,0.0,0.0,0.0,0.0,1.0,2.0,0.0
1265336,0.0,0.0,0.0,0.0,2.0,2.0,0.0
1265835,0.0,0.0,0.0,0.0,2.0,0.0,0.0
1265836,0.0,0.0,0.0,0.0,0.0,0.0,0.0
1267375,0.0,0.0,0.0,0.0,0.0,1.0,0.0
1267875,0.0,0.0,0.0,0.0,0.0,0.0,0.0
1269012,0.0,0.0,0.0,0.0,0.0,1.0,0.0
1269025,0.0,0.0,0.0,0.0,0.0,2.0,0.0
1269525,0.0,0.0,0.0,0.0,0.0,0.0,0.0
1269612,0.0,0.0,0.0,0.0,0.0,1.0,0.0
1270112,0.0,0.0,0.0,0.0,0.0,0.0,0.0
1270606,0.0,0.0,0.0,0.0,0.0,1.0,0.0
1270948,0.0,0.0,0.0,0.0,0.0,2.0,0.0
1271448,0.0,0.0,0.0,0.0,0.0,0.0,0.0
1271850,0.0,0.0,0.0,0.0,0.0,1.0,0.0
1272350,0.0,0.0,0.0,0.0,0.0,0.0,0.0
1273357,0.0,0.0,0.0,0.0,0.0,1.0,0.0
1273506,0.0,0.0,0.0,0.0,0.0,2.0,0.0
1274006,0.0,0.0,0.0,0.0,0.0,0.0,0.0
1274036,0.0,0.0,0.0,0.0,0.0,1.0,0.0
1274536,0.0,0.0,0.0,0.0,0.0,0.0,0.0
1275352,0.0,0.0,0.0,0.0,0.0,1.0,0.0
1275852,0.0,0.0,0.0,0.0,0.0,0.0,0.0
1276953,0.0,0.0,0.0,0.0,0.0,1.0,0.0
1277278,0.0,0.0,0.0,0.0,0.0,2.0,0.0
1277778,0.0,0.0,0.0,0.0,0.0,0.0,0.0
1278559,0.0,0.0,0.0,0.0,0.0,1.0,0.0
1278878,0.0,0.0,0.0,0.0,0.0,2.0,0.0
1279378,0.0,0.0,0.0,0.0,0.0,0.0,0.0
1280232,0.0,0.0,0.0,0.0,0.0,1.0,0.0
1280236,0.0,0.0,0.0,0.0,1.0,2.0,0.0
1280736,0.0,0.0,0.0,0.0,0.0,0.0,0.0
1281918,0.0,0.0,0.0,0.0,0.0,1.0,0.0
1282418,0.0,0.0,0.0,0.0,0.0,0.0,0.0
1282744,0.0,0.0,0.0,0.0,0.0,1.0,0.0
1283244,0.0,0.0,0.0,0.0,0.0,0.0,0.0
1283346,0.0,0.0,0.0,0.0,0.0,1.0,0.0
1283846,0.0,0.0,0.0,0.0,0.0,0.0,0.0
1283903,0.0,0.0,0.0,0.0,1.0,0.0,0.0
1283904,0.0,0.0,0.0,0.0,1.0,1.0,0.0
1284403,0.0,0.0,0.0,0.0,0.0,1.0,0.0
1284404,0.0,0.0,0.0,0.0,0.0,0.0,0.0
1284750,0.0,0.0,0.0,0.0,0.0,1.0,0.0
1285250,0.0,0.0,0.0,0.0,0.0,0.0,0.0
1286236,0.0,0.0,0.0,0.0,0.0,1.0,0.0
1286736,0.0,0.0,0.0,0.0,0.0,0.0,0.0
1286749,0.0,0.0,0.0,0.0,0.0,1.0,0.0
1287249,0.0,0.0,0.0,0.0,0.0,0.0,0.0
1287310,0.0,0.0,0.0,0.0,0.0,1.0,0.0
1287754,0.0,0.0,0.0,0.0,0.0,2.0,0.0
1288254,0.0,0.0,0.0,0.0,0.0,0.0,0.0
1288667,0.0,0.0,0.0,0.0,0.0,1.0,0.0
1289167,0.0,0.0,0.0,0.0,0.0,0.0,0.0
1289613,0.0,0.0,0.0,0.0,0.0,1.0,0.0
1290113,0.0,0.0,0.0,0.0,0.0,0.0,0.0
1291724,0.0,0.0,0.0,0.0,0.0,1.0,0.0
1291731,0.0,0.0,0.0,0.0,0.0,2.0,0.0
1292231,0.0,0.0,0.0,0.0,0.0,0.0,0.0
1293054,0.0,0.0,0.0,0.0,0.0,1.0,0.0
1293554,0.0,0.0,0.0,0.0,0.0,0.0,0.0
1294400,0.0,2.0,0.0,0.0,0.0,0.0,0.0
1294594,0.0,2.0,0.0,0.0,0.0,1.0,0.0
1294900,0.0,0.0,0.0,0.0,0.0,1.0,0.0
1295094,0.0,0.0,0.0,0.0,0.0,0.0,0.0
1295570,0.0,0.0,0.0,0.0,0.0,1.0,0.0
1295582,0.0,0.0,0.0,0.0,0.0,2.0,0.0
1296082,0.0,0.0,0.0,0.0,0.0,0.0,0.0
1296416,0.0,0.0,0.0,0.0,0.0,1.0,0.0
1296916,0.0,0.0,0.0,0.0,0.0,0.0,0.0
1297015,0.0,0.0,0.0,0.0,0.0,1.0,0.0
1297022,0.0,0.0,0.0,0.0,0.0,2.0,0.0
1297522,0.0,0.0,0.0,0.0,0.0,0.0,0.0
1298469,0.0,0.0,0.0,0.0,0.0,1.0,0.0
1298969,0.0,0.0,0.0,0.0,0.0,0.0,0.0
1299424,0.0,0.0,0.0,0.0,0.0,1.0,0.0
1299924,0.0,0.0,0.0,0.0,0.0,0.0,0.0
1305935,0.0,0.0,0.0,0.0,0.0,1.0,0.0
1306435,0.0,0.0,0.0,0.0,0.0,0.0,0.0
1308101,0.0,0.0,0.0,0.0,0.0,1.0,0.0
1308601,0.0,0.0,0.0,0.0,0.0,0.0,0.0
1315925,0.0,0.0,0.0,0.0,0.0,1.0,0.0
1316425,0.0,0.0,0.0,0.0,0.0,0.0,0.0
1318259,0.0,0.0,0.0,0.0,0.0,1.0,0.0
1318759,0.0,0.0,0.0,0.0,0.0,0.0,0.0
1319319,0.0,0.0,0.0,0.0,0.0,1.0,0.0
1319819,0.0,0.0,0.0,0.0,0.0,0.0,0.0
1319954,0.0,0.0,0.0,0.0,0.0,1.0,0.0
1319956,0.0,0.0,0.0,0.0,0.0,2.0,0.0
1320456,0.0,0.0,0.0,0.0,0.0,0.0,0.0
1323708,0.0,0.0,0.0,0.0,0.0,1.0,0.0
1324208,0.0,0.0,0.0,0.0,0.0,0.0,0.0
1324849,0.0,0.0,0.0,0.0,0.0,1.0,0.0
1325349,0.0,0.0,0.0,0.0,0.0,0.0,0.0
1325902,0.0,0.0,0.0,0.0,0.0,1.0,0.0
1326402,0.0,0.0,0.0,0.0,0.0,0.0,0.0
1327818,0.0,0.0,0.0,0.0,0.0,1.0,0.0
1328318,0.0,0.0,0.0,0.0,0.0,0.0,0.0
1329487,0.0,0.0,0.0,0.0,0.0,1.0,0.0
1329489,0.0,0.0,0.0,0.0,0.0,2.0,0.0
1329989,0.0,0.0,0.0,0.0,0.0,0.0,0.0
1330707,0.0,0.0,0.0,0.0,0.0,1.0,0.0
1331207,0.0,0.0,0.0,0.0,0.0,0.0,0.0
1334090,0.0,0.0,0.0,0.0,0.0,1.0,0.0
1334590,0.0,0.0,0.0,0.0,0.0,0.0,0.0
1336486,0.0,0.0,0.0,0.0,0.0,1.0,0.0
1336986,0.0,0.0,0.0,0.0,0.0,0.0,0.0
1338367,0.0,0.0,0.0,0.0,0.0,1.0,0.0
1338368,0.0,0.0,0.0,0.0,0.0,2.0,0.0
1338868,0.0,0.0,0.0,0.0,0.0,0.0,0.0
1341273,0.0,0.0,0.0,0.0,0.0,1.0,0.0
1341773,0.0,0.0,0.0,0.0,0.0,0.0,0.0
1343645,0.0,0.0,0.0,0.0,0.0,1.0,0.0
1344145,0.0,0.0,0.0,0.0,0.0,0.0,0.0
1344722,0.0,0.0,0.0,0.0,0.0,1.0,0.0
1345222,0.0,0.0,0.0,0.0,0.0,0.0,0.0
1345925,0.0,0.0,0.0,0.0,0.0,1.0,0.0
1346425,0.0,0.0,0.0,0.0,0.0,0.0,0.0
1349820,0.0,0.0,0.0,0.0,0.0,1.0,0.0
1350320,0.0,0.0,0.0,0.0,0.0,0.0,0.0
1352286,0.0,0.0,0.0,0.0,0.0,1.0,0.0
1352712,0.0,0.0,0.0,0.0,0.0,2.0,0.0
1353212,0.0,0.0,0.0,0.0,0.0,0.0,0.0
1354928,0.0,0.0,0.0,0.0,0.0,1.0,0.0
1355428,0.0,0.0,0.0,0.0,0.0,0.0,0.0
1356080,0.0,0.0,0.0,0.0,0.0,1.0,0.0
1356580,0.0,0.0,0.0,0.0,0.0,0.0,0.0
1356722,0.0,0.0,0.0,0.0,0.0,1.0,0.0
1357222,0.0,0.0,0.0,0.0,0.0,0.0,0.0
1357908,0.0,0.0,0.0,0.0,0.0,1.0,0.0
1358408,0.0,0.0,0.0,0.0,0.0,0.0,0.0
1358706,0.0,0.0,0.0,0.0,0.0,1.0,0.0
1359206,0.0,0.0,0.0,0.0,0.0,0.0,0.0
1359616,0.0,0.0,0.0,0.0,0.0,1.0,0.0
1360116,0.0,0.0,0.0,0.0,0.0,0.0,0.0
1360705,0.0,0.0,0.0,0.0,0.0,1.0,0.0
1361205,0.0,0.0,0.0,0.0,0.0,0.0,0.0
1363210,0.0,0.0,0.0,0.0,0.0,1.0,0.0
1363211,0.0,0.0,0.0,0.0,0.0,2.0,0.0
1363711,0.0,0.0,0.0,0.0,0.0,0.0,0.0
1368781,0.0,0.0,0.0,0.0,0.0,1.0,0.0
1369281,0.0,0.0,0.0,0.0,0.0,0.0,0.0
1370496,0.0,0.0,0.0,0.0,0.0,1.0,0.0
1370996,0.0,0.0,0.0,0.0,0.0,0.0,0.0
1371204,0.0,0.0,0.0,0.0,0.0,1.0,0.0
1371704,0.0,0.0,0.0,0.0,0.0,0.0,0.0
1373768,0.0,0.0,0.0,0.0,0.0,1.0,0.0
1374268,0.0,0.0,0.0,0.0,0.0,0.0,0.0
1375460,0.0,0.0,0.0,0.0,0.0,1.0,0.0
1375960,0.0,0.0,0.0,0.0,0.0,0.0,0.0
1378739,0.0,0.0,0.0,0.0,0.0,1.0,0.0
1379239,0.0,0.0,0.0,0.0,0.0,0.0,0.0
1379928,0.0,0.0,0.0,0.0,0.0,1.0,0.0
1380428,0.0,0.0,0.0,0.0,0.0,0.0,0.0
1380515,0.0,0.0,0.0,0.0,0.0,1.0,0.0
1381015,0.0,0.0,0.0,0.0,0.0,0.0,0.0
1381240,0.0,0.0,0.0,0.0,0.0,1.0,0.0
1381740,0.0,0.0,0.0,0.0,0.0,0.0,0.0
1382818,0.0,0.0,0.0,0.0,0.0,1.0,0.0
1382821,0.0,0.0,0.0,0.0,0.0,2.0,0.0
1383321,0.0,0.0,0.0,0.0,0.0,0.0,0.0
1385654,0.0,0.0,0.0,0.0,0.0,1.0,0.0
1385656,0.0,0.0,0.0,0.0,0.0,2.0,0.0
1386156,0.0,0.0,0.0,0.0,0.0,0.0,0.0
1387304,0.0,0.0,0.0,0.0,0.0,1.0,0.0
1387804,0.0,0.0,0.0,0.0,0.0,0.0,0.0
1389575,0.0,0.0,0.0,0.0,0.0,1.0,0.0
1390075,0.0,0.0,0.0,0.0,0.0,0.0,0.0
1391483,0.0,0.0,0.0,0.0,0.0,1.0,0.0
1391484,0.0,0.0,0.0,0.0,0.0,2.0,0.0
1391984,0.0,0.0,0.0,0.0,0.0,0.0,0.0
1396144,0.0,0.0,0.0,0.0,0.0,1.0,0.0
1396644,0.0,0.0,0.0,0.0,0.0,0.0,0.0
1397743,0.0,0.0,0.0,0.0,0.0,1.0,0.0
1398243,0.0,0.0,0.0,0.0,0.0,0.0,0.0
1400000,0.0,0.0,0.0,0.0,0.0,0.0,1.0
1400019,0.0,0.0,0.0,0.0,0.0,1.0,1.0
1400021,0.0,0.0,0.0,0.0,0.0,2.0,1.0
1400063,2.0,0.0,0.0,0.0,0.0,2.0,1.0
1400131,2.0,2.0,0.0,0.0,0.0,2.0,1.0
1400260,2.0,2.0,0.0,0.0,1.0,2.0,1.0
1400356,2.0,2.0,0.0,0.0,2.0,2.0,1.0
1400500,2.0,2.0,0.0,0.0,2.0,2.0,0.0
1400521,2.0,2.0,0.0,0.0,2.0,0.0,0.0
1400563,0.0,2.0,0.0,0.0,2.0,0.0,0.0
1400631,0.0,0.0,0.0,0.0,2.0,0.0,0.0
1400856,0.0,0.0,0.0,0.0,0.0,0.0,0.0
1401411,0.0,0.0,1.0,0.0,0.0,0.0,0.0
1401836,0.0,0.0,1.0,0.0,0.0,1.0,0.0
1401839,0.0,0.0,1.0,0.0,0.0,2.0,0.0
1401949,0.0,0.0,1.0,0.0,1.0,2.0,0.0
1402339,0.0,0.0,1.0,0.0,1.0,0.0,0.0
1402449,0.0,0.0,1.0,0.0,0.0,0.0,0.0
1402711,0.0,0.0,2.0,0.0,0.0,0.0,0.0
1403211,0.0,0.0,0.0,0.0,0.0,0.0,0.0
1403574,0.0,0.0,0.0,0.0,0.0,1.0,0.0
1403583,0.0,0.0,0.0,0.0,0.0,2.0,0.0
1404083,0.0,0.0,0.0,0.0,0.0,0.0,0.0
1404135,0.0,0.0,0.0,0.0,0.0,1.0,0.0
1404137,0.0,0.0,0.0,0.0,0.0,2.0,0.0
1404637,0.0,0.0,0.0,0.0,0.0,0.0,0.0
1404800,0.0,0.0,0.0,0.0,0.0,1.0,0.0
1405300,0.0,0.0,0.0,0.0,0.0,0.0,0.0
1406715,0.0,0.0,0.0,0.0,0.0,1.0,0.0
1406897,0.0,0.0,0.0,0.0,0.0,2.0,0.0
1406993,0.0,0.0,0.0,0.0,1.0,2.0,0.0
1407397,0.0,0.0,0.0,0.0,1.0,0.0,0.0
1407493,0.0,0.0,0.0,0.0,0.0,0.0,0.0
1407607,0.0,0.0,0.0,0.0,0.0,1.0,0.0
1408107,0.0,0.0,0.0,0.0,0.0,0.0,0.0
1408312,0.0,0.0,0.0,0.0,0.0,1.0,0.0
1408812,0.0,0.0,0.0,0.0,0.0,0.0,0.0
1409011,0.0,0.0,0.0,0.0,0.0,1.0,0.0
1409392,0.0,0.0,0.0,0.0,0.0,2.0,0.0
1409892,0.0,0.0,0.0,0.0,0.0,0.0,0.0
1410155,0.0,0.0,0.0,0.0,0.0,1.0,0.0
1410315,0.0,0.0,0.0,0.0,0.0,2.0,0.0
1410815,0.0,0.0,0.0,0.0,0.0,0.0,0.0
1410906,0.0,0.0,0.0,0.0,0.0,1.0,0.0
1410909,0.0,0.0,0.0,0.0,0.0,2.0,0.0
1411409,0.0,0.0,0.0,0.0,0.0,0.0,0.0
1412123,0.0,0.0,0.0,0.0,0.0,1.0,0.0
1412159,0.0,0.0,0.0,0.0,0.0,2.0,0.0
1412659,0.0,0.0,0.0,0.0,0.0,0.0,0.0
1413224,0.0,0.0,0.0,0.0,0.0,1.0,0.0
1413376,0.0,0.0,0.0,0.0,0.0,2.0,0.0
1413876,0.0,0.0,0.0,0.0,0.0,0.0,0.0
1413932,0.0,0.0,0.0,0.0,0.0,1.0,0.0
1414432,0.0,0.0,0.0,0.0,0.0,0.0,0.0
1414474,0.0,0.0,0.0,0.0,0.0,1.0,0.0
1414832,0.0,0.0,0.0,0.0,0.0,2.0,0.0
1415332,0.0,0.0,0.0,0.0,0.0,0.0,0.0
1415454,0.0,0.0,0.0,0.0,0.0,1.0,0.0
1415458,0.0,0.0,0.0,0.0,0.0,2.0,0.0
1415944,0.0,2.0,0.0,0.0,0.0,2.0,0.0
1415958,0.0,2.0,0.0,0.0,0.0,0.0,0.0
1416444,0.0,0.0,0.0,0.0,0.0,0.0,0.0
1416484,0.0,0.0,0.0,0.0,0.0,1.0,0.0
1416984,0.0,0.0,0.0,0.0,0.0,0.0,0.0
1417795,0.0,0.0,0.0,0.0,0.0,1.0,0.0
1418295,0.0,0.0,0.0,0.0,0.0,0.0,0.0
1419297,0.0,0.0,0.0,0.0,0.0,1.0,0.0
1419797,0.0,0.0,0.0,0.0,0.0,0.0,0.0
1420286,0.0,0.0,0.0,0.0,0.0,1.0,0.0
1420289,0.0,0.0,0.0,0.0,0.0,2.0,0.0
1420789,0.0,0.0,0.0,0.0,0.0,0.0,0.0
1421099,0.0,0.0,0.0,0.0,0.0,1.0,0.0
1421105,0.0,0.0,0.0,0.0,0.0,2.0,0.0
1421605,0.0,0.0,0.0,0.0,0.0,0.0,0.0
1422110,0.0,0.0,0.0,0.0,0.0,1.0,0.0
1422610,0.0,0.0,0.0,0.0,0.0,0.0,0.0
1422836,0.0,0.0,0.0,0.0,0.0,1.0,0.0
1423263,0.0,0.0,0.0,0.0,0.0,2.0,0.0
1423397,0.0,0.0,0.0,0.0,1.0,2.0,0.0
1423763,0.0,0.0,0.0,0.0,1.0,0.0,0.0
1423896,0.0,0.0,0.0,0.0,1.0,1.0,0.0
1423897,0.0,0.0,0.0,0.0,0.0,1.0,0.0
1423899,0.0,0.0,0.0,0.0,0.0,2.0,0.0
1424399,0.0,0.0,0.0,0.0,0.0,0.0,0.0
1424489,0.0,0.0,0.0,0.0,0.0,1.0,0.0
1424620,0.0,0.0,0.0,0.0,0.0,2.0,0.0
1425120,0.0,0.0,0.0,0.0,0.0,0.0,0.0
1425538,0.0,0.0,0.0,0.0,0.0,1.0,0.0
1425957,0.0,0.0,0.0,0.0,0.0,2.0,0.0
1425975,0.0,0.0,0.0,0.0,1.0,2.0,0.0
1426457,0.0,0.0,0.0,0.0,1.0,0.0,0.0
1426475,0.0,0.0,0.0,0.0,0.0,0.0,0.0
1426554,0.0,0.0,0.0,0.0,0.0,1.0,0.0
1426558,0.0,0.0,0.0,0.0,0.0,2.0,0.0
1427058,0.0,0.0,0.0,0.0,0.0,0.0,0.0
1427279,0.0,0.0,0.0,0.0,0.0,1.0,0.0
1427779,0.0,0.0,0.0,0.0,0.0,0.0,0.0
1428152,0.0,0.0,0.0,0.0,0.0,1.0,0.0
1428652,0.0,0.0,0.0,0.0,0.0,0.0,0.0
1429121,0.0,0.0,0.0,0.0,0.0,1.0,0.0
1429621,0.0,0.0,0.0,0.0,0.0,0.0,0.0
1429732,0.0,0.0,0.0,0.0,0.0,1.0,0.0
1430232,0.0,0.0,0.0,0.0,0.0,0.0,0.0
1431045,0.0,0.0,0.0,0.0,0.0,1.0,0.0
1431719,0.0,2.0,0.0,0.0,0.0,1.0,0.0
1432045,0.0,2.0,0.0,0.0,0.0,0.0,0.0
1432067,0.0,2.0,0.0,0.0,0.0,1.0,0.0
1432159,0.0,2.0,0.0,0.0,0.0,2.0,0.0
1432219,0.0,0.0,0.0,0.0,0.0,2.0,0.0
1432659,0.0,0.0,0.0,0.0,0.0,0.0,0.0
1432889,0.0,0.0,0.0,0.0,0.0,1.0,0.0
1432894,0.0,0.0,0.0,0.0,0.0,2.0,0.0
1433242,0.0,2.0,0.0,0.0,0.0,2.0,0.0
1433394,0.0,2.0,0.0,0.0,0.0,0.0,0.0
1433712,0.0,2.0,0.0,0.0,0.0,1.0,0.0
1433742,0.0,0.0,0.0,0.0,0.0,1.0,0.0
1434212,0.0,0.0,0.0,0.0,0.0,0.0,0.0
1435430,0.0,0.0,0.0,0.0,0.0,1.0,0.0
1435930,0.0,0.0,0.0,0.0,0.0,0.0,0.0
1436021,0.0,0.0,0.0,0.0,0.0,1.0,0.0
1436024,0.0,0.0,0.0,0.0,0.0,2.0,0.0
1436524,0.0,0.0,0.0,0.0,0.0,0.0,0.0
1436798,0.0,0.0,0.0,0.0,0.0,1.0,0.0
1437298,0.0,0.0,0.0,0.0,0.0,0.0,0.0
1437430,0.0,0.0,0.0,0.0,0.0,1.0,0.0
1437778,0.0,0.0,0.0,0.0,0.0,2.0,0.0
1438278,0.0,0.0,0.0,0.0,0.0,0.0,0.0
1438717,0.0,0.0,0.0,0.0,0.0,1.0,0.0
1439217,0.0,0.0,0.0,0.0,0.0,0.0,0.0
1439411,0.0,0.0,0.0,0.0,0.0,1.0,0.0
1439911,0.0,0.0,0.0,0.0,0.0,0.0,0.0
1440219,0.0,0.0,0.0,0.0,0.0,1.0,0.0
1440719,0.0,0.0,0.0,0.0,0.0,0.0,0.0
1441819,0.0,0.0,0.0,0.0,0.0,1.0,0.0
1442319,0.0,0.0,0.0,0.0,0.0,0.0,0.0
1442543,0.0,0.0,0.0,0.0,0.0,1.0,0.0
1443043,0.0,0.0,0.0,0.0,0.0,0.0,0.0
1443120,0.0,0.0,0.0,0.0,0.0,1.0,0.0
1443620,0.0,0.0,0.0,0.0,0.0,0.0,0.0
1445129,0.0,0.0,0.0,0.0,0.0,1.0,0.0
1445155,0.0,0.0,0.0,0.0,0.0,2.0,0.0
1445655,0.0,0.0,0.0,0.0,0.0,0.0,0.0
1446221,0.0,0.0,0.0,0.0,0.0,1.0,0.0
1446225,0.0,0.0,0.0,0.0,0.0,2.0,0.0
1446725,0.0,0.0,0.0,0.0,0.0,0.0,0.0
1447123,0.0,0.0,0.0,0.0,0.0,1.0,0.0
1447236,0.0,0.0,0.0,0.0,0.0,2.0,0.0
1447736,0.0,0.0,0.0,0.0,0.0,0.0,0.0
1449561,0.0,0.0,0.0,0.0,0.0,1.0,0.0
1450061,0.0,0.0,0.0,0.0,0.0,0.0,0.0
1450246,0.0,0.0,0.0,0.0,0.0,1.0,0.0
1450249,0.0,0.0,0.0,0.0,0.0,2.0,0.0
1450749,0.0,0.0,0.0,0.0,0.0,0.0,0.0
1451386,0.0,0.0,0.0,0.0,0.0,1.0,0.0
1451469,0.0,0.0,0.0,0.0,0.0,2.0,0.0
1451567,0.0,0.0,0.0,0.0,1.0,2.0,0.0
1451969,0.0,0.0,0.0,0.0,1.0,0.0,0.0
1452067,0.0,0.0,0.0,0.0,0.0,0.0,0.0
1452295,0.0,0.0,0.0,0.0,0.0,1.0,0.0
1452795,0.0,0.0,0.0,0.0,0.0,0.0,0.0
1454112,0.0,0.0,0.0,0.0,0.0,1.0,0.0
1454115,0.0,0.0,0.0,0.0,0.0,2.0,0.0
1454615,0.0,0.0,0.0,0.0,0.0,0.0,0.0
1454671,0.0,0.0,0.0,0.0,0.0,1.0,0.0
1454683,0.0,0.0,0.0,0.0,0.0,2.0,0.0
1454684,0.0,0.0,0.0,0.0,1.0,2.0,0.0
1455183,0.0,0.0,0.0,0.0,1.0,0.0,0.0
1455184,0.0,0.0,0.0,0.0,0.0,0.0,0.0
1456031,0.0,0.0,0.0,0.0,0.0,1.0,0.0
1456531,0.0,0.0,0.0,0.0,0.0,0.0,0.0
1456645,0.0,0.0,0.0,0.0,0.0,1.0,0.0
1456712,0.0,0.0,0.0,0.0,0.0,2.0,0.0
1457212,0.0,0.0,0.0,0.0,0.0,0.0,0.0
1457349,0.0,0.0,0.0,0.0,0.0,1.0,0.0
1457849,0.0,0.0,0.0,0.0,0.0,0.0,0.0
1458152,0.0,0.0,0.0,0.0,0.0,1.0,0.0
1458652,0.0,0.0,0.0,0.0,0.0,0.0,0.0
1458782,0.0,0.0,0.0,0.0,0.0,1.0,0.0
1459211,0.0,0.0,0.0,0.0,0.0,2.0,0.0
1459711,0.0,0.0,0.0,0.0,0.0,0.0,0.0
1460090,0.0,0.0,0.0,0.0,0.0,1.0,0.0
1460590,0.0,0.0,0.0,0.0,0.0,0.0,0.0
1460621,0.0,0.0,0.0,0.0,0.0,1.0,0.0
1460909,0.0,0.0,0.0,0.0,0.0,2.0,0.0
1461409,0.0,0.0,0.0,0.0,0.0,0.0,0.0
1461416,0.0,0.0,0.0,0.0,0.0,1.0,0.0
1461916,0.0,0.0,0.0,0.0,0.0,0.0,0.0
1462759,0.0,0.0,0.0,0.0,0.0,1.0,0.0
1463259,0.0,0.0,0.0,0.0,0.0,0.0,0.0
1463904,0.0,0.0,0.0,0.0,0.0,1.0,0.0
1463907,0.0,0.0,0.0,0.0,0.0,2.0,0.0
1464250,0.0,0.0,0.0,0.0,1.0,2.0,0.0
1464407,0.0,0.0,0.0,0.0,1.0,0.0,0.0
1464578,0.0,0.0,0.0,0.0,1.0,1.0,0.0
1464750,0.0,0.0,0.0,0.0,0.0,1.0,0.0
1465078,0.0,0.0,0.0,0.0,0.0,0.0,0.0
1465387,0.0,0.0,0.0,0.0,0.0,1.0,0.0
1465389,0.0,2.0,0.0,0.0,0.0,1.0,0.0
1465608,0.0,2.0,0.0,0.0,1.0,1.0,0.0
1465887,0.0,2.0,0.0,0.0,1.0,0.0,0.0
1465889,0.0,0.0,0.0,0.0,1.0,0.0,0.0
1466108,0.0,0.0,0.0,0.0,0.0,0.0,0.0
1466331,0.0,0.0,0.0,0.0,0.0,1.0,0.0
1466831,0.0,0.0,0.0,0.0,0.0,0.0,0.0
1467034,0.0,0.0,0.0,0.0,0.0,1.0,0.0
1467534,0.0,0.0,0.0,0.0,0.0,0.0,0.0
1467608,0.0,0.0,0.0,0.0,0.0,1.0,0.0
1468108,0.0,0.0,0.0,0.0,0.0,0.0,0.0
1468220,0.0,0.0,0.0,0.0,0.0,1.0,0.0
1468426,0.0,0.0,0.0,0.0,0.0,2.0,0.0
1468926,0.0,0.0,0.0,0.0,0.0,0.0,0.0
1469340,0.0,0.0,0.0,0.0,0.0,1.0,0.0
1469391,0.0,0.0,0.0,0.0,0.0,2.0,0.0
1469891,0.0,0.0,0.0,0.0,0.0,0.0,0.0
1470218,0.0,0.0,0.0,0.0,0.0,1.0,0.0
1470718,0.0,0.0,0.0,0.0,0.0,0.0,0.0
1470913,0.0,0.0,0.0,0.0,0.0,1.0,0.0
1471413,0.0,0.0,0.0,0.0,0.0,0.0,0.0
1471423,0.0,0.0,0.0,0.0,0.0,1.0,0.0
1471691,0.0,0.0,0.0,0.0,0.0,2.0,0.0
1472191,0.0,0.0,0.0,0.0,0.0,0.0,0.0
1472499,0.0,0.0,0.0,0.0,0.0,1.0,0.0
1472999,0.0,0.0,0.0,0.0,0.0,0.0,0.0
1473643,0.0,0.0,0.0,0.0,0.0,1.0,0.0
1474143,0.0,0.0,0.0,0.0,0.0,0.0,0.0
1474564,0.0,0.0,0.0,0.0,0.0,1.0,0.0
1475064,0.0,0.0,0.0,0.0,0.0,0.0,0.0
1475673,0.0,0.0,0.0,0.0,0.0,1.0,0.0
1476173,0.0,0.0,0.0,0.0,0.0,0.0,0.0
1476350,0.0,0.0,0.0,0.0,0.0,1.0,0.0
1476850,0.0,0.0,0.0,0.0,0.0,0.0,0.0
1477320,0.0,0.0,0.0,0.0,0.0,1.0,0.0
1477378,0.0,0.0,0.0,0.0,0.0,2.0,0.0
1477878,0.0,0.0,0.0,0.0,0.0,0.0,0.0
1478433,0.0,0.0,0.0,0.0,0.0,1.0,0.0
1478436,0.0,0.0,0.0,0.0,0.0,2.0,0.0
1478936,0.0,0.0,0.0,0.0,0.0,0.0,0.0
1478996,0.0,0.0,0.0,0.0,0.0,1.0,0.0
1479233,0.0,0.0,0.0,0.0,0.0,2.0,0.0
1479733,0.0,0.0,0.0,0.0,0.0,0.0,0.0
1479804,0.0,0.0,0.0,0.0,0.0,1.0,0.0
1480162,0.0,0.0,0.0,0.0,0.0,2.0,0.0
1480575,0.0,2.0,0.0,0.0,0.0,2.0,0.0
1480662,0.0,2.0,0.0,0.0,0.0,0.0,0.0
1481075,0.0,0.0,0.0,0.0,0.0,0.0,0.0
1481165,0.0,0.0,0.0,0.0,0.0,1.0,0.0
1481665,0.0,0.0,0.0,0.0,0.0,0.0,0.0
1482466,0.0,0.0,0.0,0.0,0.0,1.0,0.0
1482966,0.0,0.0,0.0,0.0,0.0,0.0,0.0
1483130,0.0,0.0,0.0,0.0,0.0,1.0,0.0
1483630,0.0,0.0,0.0,0.0,0.0,0.0,0.0
1483874,0.0,0.0,0.0,0.0,0.0,1.0,0.0
1483877,0.0,0.0,0.0,0.0,0.0,2.0,0.0
1484377,0.0,0.0,0.0,0.0,0.0,0.0,0.0
1485315,0.0,0.0,0.0,0.0,0.0,1.0,0.0
1485815,0.0,0.0,0.0,0.0,0.0,0.0,0.0
1486704,0.0,0.0,0.0,0.0,0.0,1.0,0.0
1487204,0.0,0.0,0.0,0.0,0.0,0.0,0.0
1487425,0.0,0.0,0.0,0.0,0.0,1.0,0.0
1487925,0.0,0.0,0.0,0.0,0.0,0.0,0.0
1488720,0.0,0.0,0.0,0.0,0.0,1.0,0.0
1489220,0.0,0.0,0.0,0.0,0.0,0.0,0.0
1489936,0.0,0.0,0.0,0.0,0.0,1.0,0.0
1490436,0.0,0.0,0.0,0.0,0.0,0.0,0.0
1490623,0.0,0.0,0.0,0.0,0.0,1.0,0.0
1490632,0.0,0.0,0.0,0.0,0.0,2.0,0.0
1491132,0.0,0.0,0.0,0.0,0.0,0.0,0.0
1491333,0.0,0.0,0.0,0.0,0.0,1.0,0.0
1491833,0.0,0.0,0.0,0.0,0.0,0.0,0.0
1492635,0.0,0.0,0.0,0.0,0.0,1.0,0.0
1493135,0.0,0.0,0.0,0.0,0.0,0.0,0.0
1493488,0.0,0.0,0.0,0.0,0.0,1.0,0.0
1493988,0.0,0.0,0.0,0.0,0.0,0.0,0.0
1494081,0.0,0.0,0.0,0.0,0.0,1.0,0.0
1494581,0.0,0.0,0.0,0.0,0.0,0.0,0.0
1495583,0.0,0.0,0.0,0.0,0.0,1.0,0.0
1495788,0.0,0.0,0.0,0.0,0.0,2.0,0.0
1496288,0.0,0.0,0.0,0.0,0.0,0.0,0.0
1496576,0.0,0.0,0.0,0.0,0.0,1.0,0.0
1497076,0.0,0.0,0.0,0.0,0.0,0.0,0.0
1497082,0.0,0.0,0.0,0.0,0.0,1.0,0.0
1497582,0.0,0.0,0.0,0.0,0.0,0.0,0.0
1497614,0.0,0.0,0.0,0.0,0.0,1.0,0.0
1497623,0.0,0.0,0.0,0.0,0.0,2.0,0.0
1497624,0.0,2.0,0.0,0.0,0.0,2.0,0.0
1498123,0.0,2.0,0.0,0.0,0.0,0.0,0.0
1498124,0.0,0.0,0.0,0.0,0.0,0.0,0.0
1498505,0.0,0.0,0.0,0.0,0.0,1.0,0.0
1498510,0.0,0.0,0.0,0.0,0.0,2.0,0.0
1499010,0.0,0.0,0.0,0.0,0.0,0.0,0.0
1499134,0.0,0.0,0.0,0.0,0.0,1.0,0.0
1499634,0.0,0.0,0.0,0.0,0.0,0.0,0.0
1501099,0.0,0.0,0.0,0.0,0.0,1.0,0.0
1501599,0.0,0.0,0.0,0.0,0.0,0.0,0.0
1502894,0.0,0.0,0.0,0.0,0.0,1.0,0.0
1502901,0.0,0.0,0.0,0.0,0.0,2.0,0.0
1502907,0.0,0.0,0.0,0.0,1.0,2.0,0.0
1503401,0.0,0.0,0.0,0.0,1.0,0.0,0.0
1503407,0.0,0.0,0.0,0.0,0.0,0.0,0.0
1506536,0.0,0.0,0.0,0.0,0.0,1.0,0.0
1507036,0.0,0.0,0.0,0.0,0.0,0.0,0.0
1507448,0.0,0.0,0.0,0.0,0.0,1.0,0.0
1507948,0.0,0.0,0.0,0.0,0.0,0.0,0.0
1508061,0.0,0.0,0.0,0.0,0.0,1.0,0.0
1508561,0.0,0.0,0.0,0.0,0.0,0.0,0.0
1509139,0.0,0.0,0.0,0.0,0.0,1.0,0.0
1509639,0.0,0.0,0.0,0.0,0.0,0.0,0.0
1515996,0.0,0.0,0.0,0.0,0.0,1.0,0.0
1516496,0.0,0.0,0.0,0.0,0.0,0.0,0.0
1516643,0.0,0.0,0.0,0.0,0.0,1.0,0.0
1516773,0.0,0.0,0.0,0.0,0.0,2.0,0.0
1517273,0.0,0.0,0.0,0.0,0.0,0.0,0.0
1518844,0.0,0.0,0.0,0.0,0.0,1.0,0.0
1518846,0.0,0.0,0.0,0.0,0.0,2.0,0.0
1519346,0.0,0.0,0.0,0.0,0.0,0.0,0.0
1522773,0.0,0.0,0.0,0.0,0.0,1.0,0.0
1523273,0.0,0.0,0.0,0.0,0.0,0.0,0.0
1526788,0.0,0.0,0.0,0.0,0.0,1.0,0.0
1527288,0.0,0.0,0.0,0.0,0.0,0.0,0.0
1527487,0.0,0.0,0.0,0.0,0.0,1.0,0.0
1527987,0.0,0.0,0.0,0.0,0.0,0.0,0.0
1533130,0.0,0.0,0.0,0.0,0.0,1.0,0.0
1533630,0.0,0.0,0.0,0.0,0.0,0.0,0.0
1535018,0.0,0.0,0.0,0.0,0.0,1.0,0.0
1535022,0.0,0.0,0.0,0.0,0.0,2.0,0.0
1535522,0.0,0.0,0.0,0.0,0.0,0.0,0.0
1535975,0.0,0.0,0.0,0.0,0.0,1.0,0.0
1536475,0.0,0.0,0.0,0.0,0.0,0.0,0.0
1538644,0.0,0.0,0.0,0.0,0.0,1.0,0.0
1539144,0.0,0.0,0.0,0.0,0.0,0.0,0.0
1539388,0.0,0.0,0.0,0.0,0.0,1.0,0.0
1539888,0.0,0.0,0.0,0.0,0.0,0.0,0.0
1540105,0.0,0.0,0.0,0.0,0.0,1.0,0.0
1540117,0.0,0.0,0.0,0.0,0.0,2.0,0.0
1540617,0.0,0.0,0.0,0.0,0.0,0.0,0.0
1542408,0.0,0.0,0.0,0.0,0.0,1.0,0.0
1542908,0.0,0.0,0.0,0.0,0.0,0.0,0.0
1544987,0.0,0.0,0.0,0.0,0.0,1.0,0.0
1545178,0.0,0.0,0.0,0.0,0.0,2.0,0.0
1545678,0.0,0.0,0.0,0.0,0.0,0.0,0.0
1546084,0.0,0.0,0.0,0.0,0.0,1.0,0.0
1546584,0.0,0.0,0.0,0.0,0.0,0.0,0.0
1548953,0.0,0.0,0.0,0.0,0.0,1.0,0.0
1549453,0.0,0.0,0.0,0.0,0.0,0.0,0.0
1554024,0.0,0.0,0.0,0.0,0.0,1.0,0.0
1554524,0.0,0.0,0.0,0.0,0.0,0.0,0.0
1554895,0.0,0.0,0.0,0.0,0.0,1.0,0.0
1555395,0.0,0.0,0.0,0.0,0.0,0.0,0.0
1556389,0.0,0.0,0.0,0.0,0.0,1.0,0.0
1556889,0.0,0.0,0.0,0.0,0.0,0.0,0.0
1557921,0.0,0.0,0.0,0.0,0.0,1.0,0.0
1558421,0.0,0.0,0.0,0.0,0.0,0.0,0.0
1560052,0.0,0.0,0.0,0.0,0.0,1.0,0.0
1560552,0.0,0.0,0.0,0.0,0.0,0.0,0.0
1561133,0.0,0.0,0.0,0.0,0.0,1.0,0.0
1561633,0.0,0.0,0.0,0.0,0.0,0.0,0.0
1563768,0.0,0.0,0.0,0.0,1.0,0.0,0.0
1564268,0.0,0.0,0.0,0.0,0.0,0.0,0.0
1564279,0.0,0.0,0.0,0.0,0.0,1.0,0.0
1564631,0.0,0.0,0.0,0.0,0.0,2.0,0.0
1565131,0.0,0.0,0.0,0.0,0.0,0.0,0.0
1567294,0.0,0.0,0.0,0.0,0.0,1.0,0.0
1567794,0.0,0.0,0.0,0.0,0.0,0.0,0.0
1567919,0.0,0.0,0.0,0.0,0.0,1.0,0.0
1568419,0.0,0.0,0.0,0.0,0.0,0.0,0.0
1568738,0.0,0.0,0.0,0.0,0.0,1.0,0.0
1569238,0.0,0.0,0.0,0.0,0.0,0.0,0.0
1570851,0.0,0.0,0.0,0.0,0.0,1.0,0.0
1571351,0.0,0.0,0.0,0.0,0.0,0.0,0.0
1571498,0.0,0.0,0.0,0.0,0.0,1.0,0.0
1571998,0.0,0.0,0.0,0.0,0.0,0.0,0.0
1572093,0.0,0.0,0.0,0.0,0.0,1.0,0.0
1572593,0.0,0.0,0.0,0.0,0.0,0.0,0.0
1574775,0.0,0.0,0.0,0.0,0.0,1.0,0.0
1574786,0.0,0.0,0.0,0.0,0.0,2.0,0.0
1575286,0.0,0.0,0.0,0.0,0.0,0.0,0.0
1581313,0.0,0.0,0.0,0.0,0.0,1.0,0.0
1581813,0.0,0.0,0.0,0.0,0.0,0.0,0.0
1582046,0.0,0.0,0.0,0.0,0.0,1.0,0.0
1582546,0.0,0.0,0.0,0.0,0.0,0.0,0.0
1582834,0.0,0.0,0.0,0.0,0.0,1.0,0.0
1583334,0.0,0.0,0.0,0.0,0.0,0.0,0.0
1584970,0.0,0.0,0.0,0.0,0.0,1.0,0.0
1585470,0.0,0.0,0.0,0.0,0.0,0.0,0.0
1585683,0.0,0.0,0.0,0.0,0.0,1.0,0.0
1586183,0.0,0.0,0.0,0.0,0.0,0.0,0.0
1588472,0.0,0.0,0.0,0.0,0.0,1.0,0.0
1588972,0.0,0.0,0.0,0.0,0.0,0.0,0.0
1589637,0.0,0.0,0.0,0.0,0.0,1.0,0.0
1590137,0.0,0.0,0.0,0.0,0.0,0.0,0.0
1590149,0.0,0.0,0.0,0.0,0.0,1.0,0.0
1590649,0.0,0.0,0.0,0.0,0.0,0.0,0.0
1590733,0.0,0.0,0.0,0.0,0.0,1.0,0.0
1590753,0.0,0.0,0.0,0.0,0.0,2.0,0.0
1591253,0.0,0.0,0.0,0.0,0.0,0.0,0.0
1592794,0.0,0.0,0.0,0.0,0.0,1.0,0.0
1593294,0.0,0.0,0.0,0.0,0.0,0.0,0.0
1593723,0.0,0.0,0.0,0.0,0.0,1.0,0.0
1593859,0.0,0.0,0.0,0.0,0.0,2.0,0.0
1594359,0.0,0.0,0.0,0.0,0.0,0.0,0.0
1595839,0.0,0.0,0.0,0.0,0.0,1.0,0.0
1596339,0.0,0.0,0.0,0.0,0.0,0.0,0.0
1600000,0.0,0.0,0.0,0.0,0.0,0.0,1.0
1600026,0.0,0.0,0.0,0.0,0.0,1.0,1.0
1600032,0.0,0.0,0.0,0.0,0.0,2.0,1.0
1600063,2.0,0.0,0.0,0.0,0.0,2.0,1.0
1600154,2.0,2.0,0.0,0.0,0.0,2.0,1.0
1600247,2.0,2.0,0.0,0.0,1.0,2.0,1.0
1600301,2.0,2.0,0.0,0.0,2.0,2.0,1.0
1600500,2.0,2.0,0.0,0.0,2.0,2.0,0.0
1600532,2.0,2.0,0.0,0.0,2.0,0.0,0.0
1600563,0.0,2.0,0.0,0.0,2.0,0.0,0.0
1600654,0.0,0.0,0.0,0.0,2.0,0.0,0.0
1600801,0.0,0.0,0.0,0.0,0.0,0.0,0.0
1600952,0.0,0.0,0.0,0.0,0.0,1.0,0.0
1601367,0.0,0.0,1.0,0.0,0.0,1.0,0.0
1601452,0.0,0.0,1.0,0.0,0.0,0.0,0.0
1602058,0.0,0.0,1.0,0.0,0.0,1.0,0.0
1602558,0.0,0.0,1.0,0.0,0.0,0.0,0.0
1602912,0.0,0.0,2.0,0.0,0.0,0.0,0.0
1603039,0.0,0.0,2.0,0.0,0.0,1.0,0.0
1603412,0.0,0.0,0.0,0.0,0.0,1.0,0.0
1603539,0.0,0.0,0.0,0.0,0.0,0.0,0.0
1604576,0.0,0.0,0.0,0.0,0.0,1.0,0.0
1604730,0.0,0.0,0.0,0.0,0.0,2.0,0.0
1604737,0.0,0.0,1.0,0.0,0.0,2.0,0.0
1605230,0.0,0.0,1.0,0.0,0.0,0.0,0.0
1605237,0.0,0.0,0.0,0.0,0.0,0.0,0.0
1605629,0.0,0.0,0.0,0.0,0.0,1.0,0.0
1606129,0.0,0.0,0.0,0.0,0.0,0.0,0.0
1606226,0.0,0.0,0.0,0.0,0.0,1.0,0.0
1606726,0.0,0.0,0.0,0.0,0.0,0.0,0.0
1606760,0.0,0.0,0.0,0.0,0.0,1.0,0.0
1607260,0.0,0.0,0.0,0.0,0.0,0.0,0.0
1607356,0.0,0.0,0.0,0.0,0.0,1.0,0.0
1607856,0.0,0.0,0.0,0.0,0.0,0.0,0.0
1607896,0.0,0.0,0.0,0.0,0.0,1.0,0.0
1607905,0.0,0.0,0.0,0.0,0.0,2.0,0.0
1608405,0.0,0.0,0.0,0.0,0.0,0.0,0.0
1608471,0.0,0.0,0.0,0.0,0.0,1.0,0.0
1608740,0.0,0.0,0.0,0.0,0.0,2.0,0.0
1609173,0.0,0.0,1.0,0.0,0.0,2.0,0.0
1609240,0.0,0.0,1.0,0.0,0.0,0.0,0.0
1609673,0.0,0.0,0.0,0.0,0.0,0.0,0.0
1610225,0.0,0.0,0.0,0.0,0.0,1.0,0.0
1610236,0.0,0.0,0.0,0.0,0.0,2.0,0.0
1610736,0.0,0.0,0.0,0.0,0.0,0.0,0.0
1610923,0.0,0.0,0.0,0.0,0.0,1.0,0.0
1610976,0.0,0.0,0.0,0.0,0.0,2.0,0.0
1611077,0.0,0.0,1.0,0.0,0.0,2.0,0.0
1611377,0.0,2.0,1.0,0.0,0.0,2.0,0.0
1611476,0.0,2.0,1.0,0.0,0.0,0.0,0.0
1611533,0.0,2.0,1.0,0.0,1.0,0.0,0.0
1611877,0.0,0.0,1.0,0.0,1.0,0.0,0.0
1612033,0.0,0.0,1.0,0.0,0.0,0.0,0.0
1612035,0.0,0.0,1.0,0.0,0.0,1.0,0.0
1612062,0.0,0.0,1.0,0.0,1.0,1.0,0.0
1612535,0.0,0.0,1.0,0.0,1.0,0.0,0.0
1612562,0.0,0.0,1.0,0.0,0.0,0.0,0.0
1612848,0.0,0.0,1.0,0.0,0.0,1.0,0.0
1612984,0.0,0.0,1.0,0.0,0.0,2.0,0.0
1613484,0.0,0.0,1.0,0.0,0.0,0.0,0.0
1613556,0.0,0.0,1.0,0.0,0.0,1.0,0.0
1613559,0.0,0.0,1.0,0.0,0.0,2.0,0.0
1614059,0.0,0.0,1.0,0.0,0.0,0.0,0.0
1614502,0.0,0.0,1.0,0.0,0.0,1.0,0.0
1615002,0.0,0.0,1.0,0.0,0.0,0.0,0.0
1615749,0.0,0.0,1.0,0.0,0.0,1.0,0.0
1616249,0.0,0.0,1.0,0.0,0.0,0.0,0.0
1617674,0.0,0.0,1.0,0.0,0.0,1.0,0.0
1617678,0.0,0.0,1.0,0.0,0.0,2.0,0.0
1618178,0.0,0.0,1.0,0.0,0.0,0.0,0.0
1618180,0.0,0.0,1.0,0.0,0.0,1.0,0.0
1618182,0.0,0.0,1.0,0.0,0.0,2.0,0.0
1618682,0.0,0.0,1.0,0.0,0.0,0.0,0.0
1619598,0.0,0.0,1.0,0.0,0.0,1.0,0.0
1620098,0.0,0.0,1.0,0.0,0.0,0.0,0.0
1621588,0.0,0.0,1.0,0.0,0.0,1.0,0.0
1622088,0.0,0.0,1.0,0.0,0.0,0.0,0.0
1622940,0.0,0.0,1.0,0.0,0.0,1.0,0.0
1623440,0.0,0.0,1.0,0.0,0.0,0.0,0.0
1623789,0.0,0.0,1.0,0.0,0.0,1.0,0.0
1623881,0.0,0.0,1.0,0.0,0.0,2.0,0.0
1624381,0.0,0.0,1.0,0.0,0.0,0.0,0.0
1624435,0.0,0.0,1.0,0.0,0.0,1.0,0.0
1624467,0.0,0.0,1.0,0.0,0.0,2.0,0.0
1624967,0.0,0.0,1.0,0.0,0.0,0.0,0.0
1625529,0.0,0.0,1.0,0.0,0.0,1.0,0.0
1625534,0.0,0.0,1.0,0.0,0.0,2.0,0.0
1626034,0.0,0.0,1.0,0.0,0.0,0.0,0.0
1626416,0.0,0.0,1.0,0.0,0.0,1.0,0.0
1626441,0.0,0.0,1.0,0.0,0.0,2.0,0.0
1626577,0.0,0.0,0.0,0.0,0.0,2.0,0.0
1626585,0.0,0.0,1.0,0.0,0.0,2.0,0.0
1626941,0.0,0.0,1.0,0.0,0.0,0.0,0.0
1627418,0.0,0.0,1.0,0.0,0.0,1.0,0.0
1627585,0.0,0.0,0.0,0.0,0.0,1.0,0.0
1627669,0.0,0.0,1.0,0.0,0.0,1.0,0.0
1627918,0.0,0.0,1.0,0.0,0.0,0.0,0.0
1628169,0.0,0.0,0.0,0.0,0.0,0.0,0.0
1628232,0.0,0.0,1.0,0.0,0.0,0.0,0.0
1628276,0.0,0.0,1.0,0.0,0.0,1.0,0.0
1628371,0.0,0.0,1.0,0.0,0.0,2.0,0.0
1628531,0.0,0.0,1.0,0.0,1.0,2.0,0.0
1628871,0.0,0.0,1.0,0.0,1.0,0.0,0.0
1629031,0.0,0.0,1.0,0.0,0.0,0.0,0.0
1629177,0.0,0.0,1.0,0.0,0.0,1.0,0.0
1629232,0.0,0.0,0.0,0.0,0.0,1.0,0.0
1629243,0.0,0.0,1.0,0.0,0.0,1.0,0.0
1629677,0.0,0.0,1.0,0.0,0.0,0.0,0.0
1629743,0.0,0.0,0.0,0.0,0.0,0.0,0.0
1629751,0.0,0.0,0.0,0.0,0.0,1.0,0.0
1630251,0.0,0.0,0.0,0.0,0.0,0.0,0.0
1630286,0.0,0.0,0.0,0.0,0.0,1.0,0.0
1630786,0.0,0.0,0.0,0.0,0.0,0.0,0.0
1631167,0.0,0.0,0.0,0.0,0.0,1.0,0.0
1631170,0.0,0.0,0.0,0.0,0.0,2.0,0.0
1631218,0.0,0.0,1.0,0.0,0.0,2.0,0.0
1631670,0.0,0.0,1.0,0.0,0.0,0.0,0.0
1631718,0.0,0.0,0.0,0.0,0.0,0.0,0.0
1631972,0.0,0.0,0.0,0.0,0.0,1.0,0.0
1632414,0.0,0.0,0.0,0.0,0.0,2.0,0.0
1632594,0.0,0.0,1.0,0.0,0.0,2.0,0.0
1632914,0.0,0.0,1.0,0.0,0.0,0.0,0.0
1632947,0.0,0.0,1.0,0.0,0.0,1.0,0.0
1632954,0.0,0.0,1.0,0.0,0.0,2.0,0.0
1633094,0.0,0.0,0.0,0.0,0.0,2.0,0.0
1633454,0.0,0.0,0.0,0.0,0.0,0.0,0.0
1634394,0.0,0.0,0.0,0.0,0.0,1.0,0.0
1634894,0.0,0.0,0.0,0.0,0.0,0.0,0.0
1634968,0.0,0.0,0.0,0.0,0.0,1.0,0.0
1635107,0.0,0.0,0.0,0.0,0.0,2.0,0.0
1635607,0.0,0.0,0.0,0.0,0.0,0.0,0.0
1636765,0.0,0.0,0.0,0.0,0.0,1.0,0.0
1637008,0.0,0.0,0.0,0.0,0.0,2.0,0.0
1637055,0.0,0.0,0.0,0.0,1.0,2.0,0.0
1637508,0.0,0.0,0.0,0.0,1.0,0.0,0.0
1637555,0.0,0.0,0.0,0.0,0.0,0.0,0.0
1639319,0.0,0.0,0.0,0.0,0.0,1.0,0.0
1639497,0.0,0.0,0.0,0.0,1.0,1.0,0.0
1639819,0.0,0.0,0.0,0.0,1.0,0.0,0.0
1639853,0.0,0.0,0.0,0.0,1.0,1.0,0.0
1639997,0.0,0.0,0.0,0.0,0.0,1.0,0.0
1640353,0.0,0.0,0.0,0.0,0.0,0.0,0.0
1640562,0.0,0.0,0.0,0.0,0.0,1.0,0.0
1641062,0.0,0.0,0.0,0.0,0.0,0.0,0.0
1641581,0.0,0.0,0.0,0.0,0.0,1.0,0.0
1641679,0.0,0.0,0.0,0.0,0.0,2.0,0.0
1642179,0.0,0.0,0.0,0.0,0.0,0.0,0.0
1642430,0.0,0.0,0.0,0.0,0.0,1.0,0.0
1642930,0.0,0.0,0.0,0.0,0.0,0.0,0.0
1643299,0.0,0.0,0.0,0.0,0.0,1.0,0.0
1643537,0.0,0.0,0.0,0.0,0.0,2.0,0.0
1644037,0.0,0.0,0.0,0.0,0.0,0.0,0.0
1644130,0.0,0.0,0.0,0.0,0.0,1.0,0.0
1644466,0.0,0.0,0.0,0.0,0.0,2.0,0.0
1644966,0.0,0.0,0.0,0.0,0.0,0.0,0.0
1645906,0.0,0.0,0.0,0.0,0.0,1.0,0.0
1646406,0.0,0.0,0.0,0.0,0.0,0.0,0.0
1646590,0.0,0.0,0.0,0.0,0.0,1.0,0.0
1646947,0.0,0.0,0.0,0.0,0.0,2.0,0.0
1647447,0.0,0.0,0.0,0.0,0.0,0.0,0.0
1647596,0.0,0.0,0.0,0.0,0.0,1.0,0.0
1647600,0.0,0.0,0.0,0.0,0.0,2.0,0.0
1648100,0.0,0.0,0.0,0.0,0.0,0.0,0.0
1648528,0.0,0.0,0.0,0.0,0.0,1.0,0.0
1649028,0.0,0.0,0.0,0.0,0.0,0.0,0.0
1650592,0.0,0.0,0.0,0.0,0.0,1.0,0.0
1651092,0.0,0.0,0.0,0.0,0.0,0.0,0.0
1651202,0.0,0.0,0.0,0.0,0.0,1.0,0.0
1651378,0.0,0.0,0.0,0.0,0.0,2.0,0.0
1651397,0.0,0.0,0.0,0.0,1.0,2.0,0.0
1651878,0.0,0.0,0.0,0.0,1.0,0.0,0.0
1651897,0.0,0.0,0.0,0.0,0.0,0.0,0.0
1652191,0.0,0.0,0.0,0.0,0.0,1.0,0.0
1652266,0.0,0.0,0.0,0.0,0.0,2.0,0.0
1652766,0.0,0.0,0.0,0.0,0.0,0.0,0.0
1653609,0.0,0.0,0.0,0.0,0.0,1.0,0.0
1653884,0.0,0.0,0.0,0.0,0.0,2.0,0.0
1654384,0.0,0.0,0.0,0.0,0.0,0.0,0.0
1654536,0.0,0.0,0.0,0.0,0.0,1.0,0.0
1655036,0.0,0.0,0.0,0.0,0.0,0.0,0.0
1655202,0.0,0.0,0.0,0.0,0.0,1.0,0.0
1655702,0.0,0.0,0.0,0.0,0.0,0.0,0.0
1655706,0.0,0.0,0.0,0.0,0.0,1.0,0.0
1655710,0.0,0.0,0.0,0.0,0.0,2.0,0.0
1656210,0.0,0.0,0.0,0.0,0.0,0.0,0.0
1656399,0.0,0.0,0.0,0.0,0.0,1.0,0.0
1656899,0.0,0.0,0.0,0.0,0.0,0.0,0.0
1657417,0.0,0.0,0.0,0.0,0.0,1.0,0.0
1657420,0.0,0.0,0.0,0.0,0.0,2.0,0.0
1657920,0.0,0.0,0.0,0.0,0.0,0.0,0.0
1659242,0.0,0.0,0.0,0.0,0.0,1.0,0.0
1659249,0.0,0.0,0.0,0.0,0.0,2.0,0.0
1659749,0.0,0.0,0.0,0.0,0.0,0.0,0.0
1659919,0.0,0.0,0.0,0.0,0.0,1.0,0.0
1660419,0.0,0.0,0.0,0.0,0.0,0.0,0.0
1660636,0.0,0.0,0.0,0.0,0.0,1.0,0.0
1660645,0.0,0.0,0.0,0.0,0.0,2.0,0.0
1661145,0.0,0.0,0.0,0.0,0.0,0.0,0.0
1661426,0.0,0.0,0.0,0.0,0.0,1.0,0.0
1661629,0.0,0.0,0.0,0.0,0.0,2.0,0.0
1662129,0.0,0.0,0.0,0.0,0.0,0.0,0.0
1662581,0.0,0.0,0.0,0.0,0.0,1.0,0.0
1662858,0.0,0.0,0.0,0.0,0.0,2.0,0.0
1663358,0.0,0.0,0.0,0.0,0.0,0.0,0.0
1663521,0.0,0.0,0.0,0.0,0.0,1.0,0.0
1663629,0.0,2.0,0.0,0.0,0.0,1.0,0.0
1664021,0.0,2.0,0.0,0.0,0.0,0.0,0.0
1664035,0.0,2.0,0.0,0.0,0.0,1.0,0.0
1664129,0.0,0.0,0.0,0.0,0.0,1.0,0.0
1664535,0.0,0.0,0.0,0.0,0.0,0.0,0.0
1664716,0.0,0.0,0.0,0.0,0.0,1.0,0.0
1664754,0.0,0.0,0.0,0.0,0.0,2.0,0.0
1665254,0.0,0.0,0.0,0.0,0.0,0.0,0.0
1665850,0.0,0.0,0.0,0.0,0.0,1.0,0.0
1666218,0.0,0.0,0.0,0.0,0.0,2.0,0.0
1666718,0.0,0.0,0.0,0.0,0.0,0.0,0.0
1667417,0.0,0.0,0.0,0.0,0.0,1.0,0.0
1667420,0.0,0.0,0.0,0.0,0.0,2.0,0.0
1667920,0.0,0.0,0.0,0.0,0.0,0.0,0.0
1668139,0.0,0.0,0.0,0.0,0.0,1.0,0.0
1668639,0.0,0.0,0.0,0.0,0.0,0.0,0.0
1669626,0.0,0.0,0.0,0.0,0.0,1.0,0.0
1669632,0.0,0.0,0.0,0.0,0.0,2.0,0.0
1669710,0.0,0.0,1.0,0.0,0.0,2.0,0.0
1670132,0.0,0.0,1.0,0.0,0.0,0.0,0.0
1670710,0.0,0.0,0.0,0.0,0.0,0.0,0.0
1670845,0.0,0.0,0.0,0.0,0.0,1.0,0.0
1671345,0.0,0.0,0.0,0.0,0.0,0.0,0.0
1671583,0.0,0.0,0.0,0.0,0.0,1.0,0.0
1672083,0.0,0.0,0.0,0.0,0.0,0.0,0.0
1672257,0.0,0.0,0.0,0.0,0.0,1.0,0.0
1672543,0.0,0.0,1.0,0.0,0.0,1.0,0.0
1672757,0.0,0.0,1.0,0.0,0.0,0.0,0.0
1673043,0.0,0.0,0.0,0.0,0.0,0.0,0.0
1673328,0.0,0.0,0.0,0.0,0.0,1.0,0.0
1673828,0.0,0.0,0.0,0.0,0.0,0.0,0.0
1674247,0.0,0.0,1.0,0.0,0.0,0.0,0.0
1674404,0.0,0.0,1.0,0.0,0.0,1.0,0.0
1674420,0.0,0.0,1.0,0.0,0.0,2.0,0.0
1674747,0.0,0.0,0.0,0.0,0.0,2.0,0.0
1674755,0.0,0.0,1.0,0.0,0.0,2.0,0.0
1674920,0.0,0.0,1.0,0.0,0.0,0.0,0.0
1674937,0.0,0.0,1.0,0.0,0.0,1.0,0.0
1675437,0.0,0.0,1.0,0.0,0.0,0.0,0.0
1676220,0.0,0.0,1.0,0.0,0.0,1.0,0.0
1676720,0.0,0.0,1.0,0.0,0.0,0.0,0.0
1676763,0.0,0.0,1.0,0.0,0.0,1.0,0.0
1677263,0.0,0.0,1.0,0.0,0.0,0.0,0.0
1677879,0.0,0.0,1.0,0.0,0.0,1.0,0.0
1678379,0.0,0.0,1.0,0.0,0.0,0.0,0.0
1678618,0.0,0.0,1.0,0.0,0.0,1.0,0.0
1679118,0.0,0.0,1.0,0.0,0.0,0.0,0.0
1679247,0.0,0.0,1.0,0.0,0.0,1.0,0.0
1679491,0.0,0.0,1.0,0.0,0.0,2.0,0.0
1679991,0.0,0.0,1.0,0.0,0.0,0.0,0.0
1680632,0.0,0.0,1.0,0.0,0.0,1.0,0.0
1681132,0.0,0.0,1.0,0.0,0.0,0.0,0.0
1682258,0.0,0.0,1.0,0.0,0.0,1.0,0.0
1682552,0.0,0.0,1.0,0.0,0.0,2.0,0.0
1683052,0.0,0.0,1.0,0.0,0.0,0.0,0.0
1683100,0.0,0.0,1.0,0.0,0.0,1.0,0.0
1683600,0.0,0.0,1.0,0.0,0.0,0.0,0.0
1684269,0.0,0.0,1.0,0.0,0.0,1.0,0.0
1684769,0.0,0.0,1.0,0.0,0.0,0.0,0.0
1684973,0.0,0.0,1.0,0.0,0.0,1.0,0.0
1685233,0.0,0.0,1.0,0.0,0.0,2.0,0.0
1685733,0.0,0.0,1.0,0.0,0.0,0.0,0.0
1686112,0.0,0.0,1.0,0.0,0.0,1.0,0.0
1686118,0.0,0.0,1.0,0.0,0.0,2.0,0.0
1686618,0.0,0.0,1.0,0.0,0.0,0.0,0.0
1686727,0.0,0.0,1.0,0.0,0.0,1.0,0.0
1687227,0.0,0.0,1.0,0.0,0.0,0.0,0.0
1687299,0.0,0.0,1.0,0.0,0.0,1.0,0.0
1687515,0.0,0.0,1.0,0.0,0.0,2.0,0.0
1688015,0.0,0.0,1.0,0.0,0.0,0.0,0.0
1688082,0.0,0.0,1.0,0.0,0.0,1.0,0.0
1688091,0.0,0.0,1.0,0.0,0.0,2.0,0.0
1688540,0.0,2.0,1.0,0.0,0.0,2.0,0.0
1688591,0.0,2.0,1.0,0.0,0.0,0.0,0.0
1689040,0.0,0.0,1.0,0.0,0.0,0.0,0.0
1689126,0.0,0.0,1.0,0.0,0.0,1.0,0.0
1689292,0.0,0.0,1.0,0.0,0.0,2.0,0.0
1689792,0.0,0.0,1.0,0.0,0.0,0.0,0.0
1689834,0.0,0.0,1.0,0.0,0.0,1.0,0.0
1690334,0.0,0.0,1.0,0.0,0.0,0.0,0.0
1690448,0.0,0.0,1.0,0.0,0.0,1.0,0.0
1690948,0.0,0.0,1.0,0.0,0.0,0.0,0.0
1691034,0.0,0.0,1.0,0.0,0.0,1.0,0.0
1691406,0.0,0.0,1.0,0.0,0.0,2.0,0.0
1691906,0.0,0.0,1.0,0.0,0.0,0.0,0.0
1692570,0.0,0.0,1.0,0.0,0.0,1.0,0.0
1693070,0.0,0.0,1.0,0.0,0.0,0.0,0.0
1693681,0.0,0.0,1.0,0.0,0.0,1.0,0.0
1693706,0.0,0.0,1.0,0.0,0.0,2.0,0.0
1694206,0.0,0.0,1.0,0.0,0.0,0.0,0.0
1694361,0.0,0.0,1.0,0.0,0.0,1.0,0.0
1694861,0.0,0.0,1.0,0.0,0.0,0.0,0.0
1694930,0.0,0.0,1.0,0.0,0.0,1.0,0.0
1695090,0.0,0.0,1.0,0.0,0.0,2.0,0.0
1695590,0.0,0.0,1.0,0.0,0.0,0.0,0.0
1695993,0.0,0.0,1.0,0.0,0.0,1.0,0.0
1696079,0.0,0.0,1.0,0.0,0.0,2.0,0.0
1696579,0.0,0.0,1.0,0.0,0.0,0.0,0.0
1697261,0.0,0.0,1.0,0.0,0.0,1.0,0.0
1697367,0.0,2.0,1.0,0.0,0.0,1.0,0.0
1697761,0.0,2.0,1.0,0.0,0.0,0.0,0.0
1697867,0.0,0.0,1.0,0.0,0.0,0.0,0.0
1698375,0.0,0.0,1.0,0.0,0.0,1.0,0.0
1698382,0.0,0.0,1.0,0.0,0.0,2.0,0.0
1698882,0.0,0.0,1.0,0.0,0.0,0.0,0.0
1698948,0.0,0.0,1.0,0.0,0.0,1.0,0.0
1699448,0.0,0.0,1.0,0.0,0.0,0.0,0.0
1699687,0.0,0.0,1.0,0.0,0.0,1.0,0.0
1700187,0.0,0.0,1.0,0.0,0.0,0.0,0.0
1700255,0.0,0.0,0.0,0.0,0.0,0.0,0.0
1706253,0.0,0.0,0.0,0.0,0.0,1.0,0.0
1706753,0.0,0.0,0.0,0.0,0.0,0.0,0.0
1707971,0.0,0.0,0.0,0.0,0.0,1.0,0.0
1707973,0.0,0.0,0.0,0.0,0.0,2.0,0.0
1708473,0.0,0.0,0.0,0.0,0.0,0.0,0.0
1709561,0.0,0.0,0.0,0.0,0.0,1.0,0.0
1710061,0.0,0.0,0.0,0.0,0.0,0.0,0.0
1712563,0.0,0.0,0.0,0.0,1.0,1.0,0.0
1713063,0.0,0.0,0.0,0.0,0.0,0.0,0.0
1713211,0.0,0.0,0.0,0.0,0.0,1.0,0.0
1713711,0.0,0.0,0.0,0.0,0.0,0.0,0.0
1714583,0.0,0.0,0.0,0.0,0.0,1.0,0.0
1715083,0.0,0.0,0.0,0.0,0.0,0.0,0.0
1718059,0.0,0.0,0.0,0.0,0.0,1.0,0.0
1718559,0.0,0.0,0.0,0.0,0.0,0.0,0.0
1719227,0.0,0.0,0.0,0.0,0.0,1.0,0.0
1719229,0.0,0.0,0.0,0.0,0.0,2.0,0.0
1719729,0.0,0.0,0.0,0.0,0.0,0.0,0.0
1719892,0.0,0.0,0.0,0.0,0.0,1.0,0.0
1720392,0.0,0.0,0.0,0.0,0.0,0.0,0.0
1722412,0.0,0.0,0.0,0.0,0.0,1.0,0.0
1722912,0.0,0.0,0.0,0.0,0.0,0.0,0.0
1724695,0.0,0.0,0.0,0.0,0.0,1.0,0.0
1725195,0.0,0.0,0.0,0.0,0.0,0.0,0.0
1727117,0.0,0.0,0.0,0.0,0.0,1.0,0.0
1727617,0.0,0.0,0.0,0.0,0.0,0.0,0.0
1730554,0.0,0.0,0.0,0.0,1.0,0.0,0.0
1731054,0.0,0.0,0.0,0.0,0.0,0.0,0.0
1732760,0.0,0.0,0.0,0.0,0.0,1.0,0.0
1733260,0.0,0.0,0.0,0.0,0.0,0.0,0.0
1733289,0.0,0.0,0.0,0.0,0.0,1.0,0.0
1733789,0.0,0.0,0.0,0.0,0.0,0.0,0.0
1737564,0.0,0.0,0.0,0.0,0.0,1.0,0.0
1738064,0.0,0.0,0.0,0.0,0.0,0.0,0.0
1738444,0.0,0.0,0.0,0.0,0.0,1.0,0.0
1738944,0.0,0.0,0.0,0.0,0.0,0.0,0.0
1744245,0.0,0.0,0.0,0.0,1.0,0.0,0.0
1744276,0.0,0.0,0.0,0.0,1.0,1.0,0.0
1744745,0.0,0.0,0.0,0.0,0.0,1.0,0.0
1744776,0.0,0.0,0.0,0.0,0.0,0.0,0.0
1745492,0.0,0.0,0.0,0.0,0.0,1.0,0.0
1745992,0.0,0.0,0.0,0.0,0.0,0.0,0.0
1746240,0.0,0.0,0.0,0.0,0.0,1.0,0.0
1746740,0.0,0.0,0.0,0.0,0.0,0.0,0.0
1748845,0.0,0.0,0.0,0.0,0.0,1.0,0.0
1749345,0.0,0.0,0.0,0.0,0.0,0.0,0.0
1751655,0.0,0.0,0.0,0.0,0.0,1.0,0.0
1751660,0.0,0.0,0.0,0.0,0.0,2.0,0.0
1752160,0.0,0.0,0.0,0.0,0.0,0.0,0.0
1754672,0.0,0.0,0.0,0.0,0.0,1.0,0.0
1755172,0.0,0.0,0.0,0.0,0.0,0.0,0.0
1757436,0.0,0.0,0.0,0.0,0.0,1.0,0.0
1757936,0.0,0.0,0.0,0.0,0.0,0.0,0.0
1758320,0.0,0.0,0.0,0.0,0.0,1.0,0.0
1758327,0.0,0.0,0.0,0.0,0.0,2.0,0.0
1758827,0.0,0.0,0.0,0.0,0.0,0.0,0.0
1759405,0.0,0.0,0.0,0.0,0.0,1.0,0.0
1759905,0.0,0.0,0.0,0.0,0.0,0.0,0.0
1761253,0.0,0.0,0.0,0.0,0.0,1.0,0.0
1761753,0.0,0.0,0.0,0.0,0.0,0.0,0.0
1762113,0.0,0.0,0.0,0.0,0.0,1.0,0.0
1762613,0.0,0.0,0.0,0.0,0.0,0.0,0.0
1764630,0.0,0.0,0.0,0.0,0.0,1.0,0.0
1765130,0.0,0.0,0.0,0.0,0.0,0.0,0.0
1767541,0.0,0.0,0.0,0.0,0.0,1.0,0.0
1767959,0.0,0.0,0.0,0.0,0.0,2.0,0.0
1767972,0.0,0.0,0.0,0.0,1.0,2.0,0.0
1767975,0.0,0.0,0.0,0.0,2.0,2.0,0.0
1768459,0.0,0.0,0.0,0.0,2.0,0.0,0.0
1768475,0.0,0.0,0.0,0.0,0.0,0.0,0.0
1769703,0.0,0.0,0.0,0.0,0.0,1.0,0.0
1770203,0.0,0.0,0.0,0.0,0.0,0.0,0.0
1770640,0.0,0.0,0.0,0.0,0.0,1.0,0.0
1771140,0.0,0.0,0.0,0.0,0.0,0.0,0.0
1771320,0.0,0.0,0.0,0.0,0.0,1.0,0.0
1771820,0.0,0.0,0.0,0.0,0.0,0.0,0.0
1773106,0.0,0.0,0.0,0.0,0.0,1.0,0.0
1773606,0.0,0.0,0.0,0.0,0.0,0.0,0.0
1774240,0.0,0.0,0.0,0.0,0.0,1.0,0.0
1774740,0.0,0.0,0.0,0.0,0.0,0.0,0.0
1774921,0.0,0.0,0.0,0.0,0.0,1.0,0.0
1775421,0.0,0.0,0.0,0.0,0.0,0.0,0.0
1776313,0.0,0.0,0.0,0.0,1.0,0.0,0.0
1776813,0.0,0.0,0.0,0.0,0.0,0.0,0.0
1778181,0.0,0.0,0.0,0.0,0.0,1.0,0.0
1778681,0.0,0.0,0.0,0.0,0.0,0.0,0.0
1779709,0.0,0.0,0.0,0.0,0.0,1.0,0.0
1780209,0.0,0.0,0.0,0.0,0.0,0.0,0.0
1780665,0.0,0.0,0.0,0.0,0.0,1.0,0.0
1781165,0.0,0.0,0.0,0.0,0.0,0.0,0.0
1783211,0.0,0.0,0.0,0.0,0.0,1.0,0.0
1783214,0.0,0.0,0.0,0.0,0.0,2.0,0.0
1783714,0.0,0.0,0.0,0.0,0.0,0.0,0.0
1783958,0.0,0.0,0.0,0.0,0.0,1.0,0.0
1784458,0.0,0.0,0.0,0.0,0.0,0.0,0.0
1784489,0.0,0.0,0.0,0.0,0.0,1.0,0.0
1784506,0.0,0.0,0.0,0.0,0.0,2.0,0.0
1785006,0.0,0.0,0.0,0.0,0.0,0.0,0.0
1785073,0.0,0.0,0.0,0.0,0.0,1.0,0.0
1785083,0.0,0.0,0.0,0.0,0.0,2.0,0.0
1785583,0.0,0.0,0.0,0.0,0.0,0.0,0.0
1785928,0.0,0.0,0.0,0.0,0.0,1.0,0.0
1786428,0.0,0.0,0.0,0.0,0.0,0.0,0.0
1788060,0.0,0.0,0.0,0.0,0.0,1.0,0.0
1788560,0.0,0.0,0.0,0.0,0.0,0.0,0.0
1789034,0.0,0.0,0.0,0.0,0.0,1.0,0.0
1789534,0.0,0.0,0.0,0.0,0.0,0.0,0.0
1789595,0.0,0.0,0.0,0.0,0.0,1.0,0.0
1790095,0.0,0.0,0.0,0.0,0.0,0.0,0.0
1791473,0.0,0.0,0.0,0.0,0.0,1.0,0.0
1791973,0.0,0.0,0.0,0.0,0.0,0.0,0.0
1792154,0.0,0.0,0.0,0.0,0.0,1.0,0.0
1792654,0.0,0.0,0.0,0.0,0.0,0.0,0.0
1792760,0.0,0.0,0.0,0.0,0.0,1.0,0.0
1792761,0.0,0.0,0.0,0.0,0.0,2.0,0.0
1793261,0.0,0.0,0.0,0.0,0.0,0.0,0.0
1793339,0.0,0.0,0.0,0.0,1.0,0.0,0.0
1793746,0.0,0.0,0.0,0.0,1.0,1.0,0.0
1793839,0.0,0.0,0.0,0.0,0.0,1.0,0.0
1794246,0.0,0.0,0.0,0.0,0.0,0.0,0.0
1794711,0.0,0.0,0.0,0.0,0.0,1.0,0.0
1795211,0.0,0.0,0.0,0.0,0.0,0.0,0.0
1795686,0.0,0.0,0.0,0.0,0.0,1.0,0.0
1796186,0.0,0.0,0.0,0.0,0.0,0.0,0.0
1797709,0.0,0.0,0.0,0.0,0.0,1.0,0.0
1798209,0.0,0.0,0.0,0.0,0.0,0.0,0.0
1798305,0.0,0.0,0.0,0.0,0.0,1.0,0.0
1798805,0.0,0.0,0.0,0.0,0.0,0.0,0.0
1799587,0.0,0.0,0.0,0.0,0.0,1.0,0.0
1800000,0.0,0.0,0.0,0.0,0.0,1.0,1.0
1800030,0.0,0.0,0.0,0.0,0.0,2.0,1.0
1800063,2.0,0.0,0.0,0.0,0.0,2.0,1.0
1800124,2.0,0.0,0.0,0.0,1.0,2.0,1.0
1800144,2.0,0.0,0.0,0.0,2.0,2.0,1.0
1800174,2.0,2.0,0.0,0.0,2.0,2.0,1.0
1800500,2.0,2.0,0.0,0.0,2.0,2.0,0.0
1800530,2.0,2.0,0.0,0.0,2.0,0.0,0.0
1800563,0.0,2.0,0.0,0.0,2.0,0.0,0.0
1800644,0.0,2.0,0.0,0.0,0.0,0.0,0.0
1800674,0.0,0.0,0.0,0.0,0.0,0.0,0.0
1800761,0.0,0.0,0.0,0.0,0.0,1.0,0.0
1800827,0.0,0.0,0.0,0.0,0.0,2.0,0.0
1801151,2.0,0.0,0.0,0.0,0.0,2.0,0.0
1801327,2.0,0.0,0.0,0.0,0.0,0.0,0.0
1801347,2.0,0.0,1.0,0.0,0.0,0.0,0.0
1801651,0.0,0.0,1.0,0.0,0.0,0.0,0.0
1803033,0.0,0.0,2.0,0.0,0.0,0.0,0.0
1803075,0.0,0.0,2.0,0.0,0.0,1.0,0.0
1803533,0.0,0.0,0.0,0.0,0.0,1.0,0.0
1803536,0.0,0.0,0.0,0.0,0.0,2.0,0.0
1804036,0.0,0.0,0.0,0.0,0.0,0.0,0.0
1804128,0.0,0.0,0.0,0.0,0.0,1.0,0.0
1804155,0.0,0.0,0.0,0.0,0.0,2.0,0.0
1804655,0.0,0.0,0.0,0.0,0.0,0.0,0.0
1805404,0.0,0.0,0.0,0.0,0.0,1.0,0.0
1805904,0.0,0.0,0.0,0.0,0.0,0.0,0.0
1806180,0.0,0.0,0.0,0.0,0.0,1.0,0.0
1806680,0.0,0.0,0.0,0.0,0.0,0.0,0.0
1806962,0.0,0.0,0.0,0.0,0.0,1.0,0.0
1806965,0.0,0.0,0.0,0.0,0.0,2.0,0.0
1807465,0.0,0.0,0.0,0.0,0.0,0.0,0.0
1807528,0.0,0.0,0.0,0.0,0.0,1.0,0.0
1807688,0.0,0.0,1.0,0.0,0.0,1.0,0.0
1808028,0.0,0.0,1.0,0.0,0.0,0.0,0.0
1808188,0.0,0.0,0.0,0.0,0.0,0.0,0.0
1808267,0.0,0.0,0.0,0.0,0.0,1.0,0.0
1808767,0.0,0.0,0.0,0.0,0.0,0.0,0.0
1808871,0.0,0.0,0.0,0.0,0.0,1.0,0.0
1808961,0.0,0.0,0.0,0.0,0.0,2.0,0.0
1809461,0.0,0.0,0.0,0.0,0.0,0.0,0.0
1809714,0.0,0.0,0.0,0.0,0.0,1.0,0.0
1809722,0.0,0.0,0.0,0.0,0.0,2.0,0.0
1810222,0.0,0.0,0.0,0.0,0.0,0.0,0.0
1810278,0.0,0.0,0.0,0.0,0.0,1.0,0.0
1810778,0.0,0.0,0.0,0.0,0.0,0.0,0.0
1810790,0.0,0.0,0.0,0.0,0.0,1.0,0.0
1811290,0.0,0.0,0.0,0.0,0.0,0.0,0.0
1811691,0.0,0.0,0.0,0.0,0.0,1.0,0.0
1811697,0.0,0.0,0.0,0.0,0.0,2.0,0.0
1812197,0.0,0.0,0.0,0.0,0.0,0.0,0.0
1812435,0.0,0.0,0.0,0.0,0.0,1.0,0.0
1812935,0.0,0.0,0.0,0.0,0.0,0.0,0.0
1813043,0.0,0.0,0.0,0.0,0.0,1.0,0.0
1813489,0.0,0.0,0.0,0.0,0.0,2.0,0.0
1813989,0.0,0.0,0.0,0.0,0.0,0.0,0.0
1814471,0.0,0.0,0.0,0.0,0.0,1.0,0.0
1814490,0.0,0.0,1.0,0.0,0.0,1.0,0.0
1814971,0.0,0.0,1.0,0.0,0.0,0.0,0.0
1814990,0.0,0.0,0.0,0.0,0.0,0.0,0.0
1815269,0.0,0.0,1.0,0.0,0.0,0.0,0.0
1815442,0.0,0.0,1.0,0.0,0.0,1.0,0.0
1815481,0.0,2.0,1.0,0.0,0.0,1.0,0.0
1815490,0.0,2.0,1.0,0.0,0.0,2.0,0.0
1815981,0.0,0.0,1.0,0.0,0.0,2.0,0.0
1815990,0.0,0.0,1.0,0.0,0.0,0.0,0.0
1816269,0.0,0.0,0.0,0.0,0.0,0.0,0.0
1816309,0.0,0.0,1.0,0.0,0.0,0.0,0.0
1816715,0.0,0.0,1.0,0.0,0.0,1.0,0.0
1817148,0.0,0.0,1.0,0.0,0.0,2.0,0.0
1817648,0.0,0.0,1.0,0.0,0.0,0.0,0.0
1817709,0.0,0.0,1.0,0.0,0.0,1.0,0.0
1818209,0.0,0.0,1.0,0.0,0.0,0.0,0.0
1818983,0.0,0.0,1.0,0.0,0.0,1.0,0.0
1819483,0.0,0.0,1.0,0.0,0.0,0.0,0.0
1820162,0.0,0.0,1.0,0.0,0.0,1.0,0.0
1820166,0.0,0.0,1.0,0.0,0.0,2.0,0.0
1820666,0.0,0.0,1.0,0.0,0.0,0.0,0.0
1820953,0.0,0.0,1.0,0.0,0.0,1.0,0.0
1820960,0.0,0.0,1.0,0.0,0.0,2.0,0.0
1821460,0.0,0.0,1.0,0.0,0.0,0.0,0.0
1822697,0.0,0.0,1.0,0.0,0.0,1.0,0.0
1823196,0.0,0.0,1.0,0.0,0.0,2.0,0.0
1823696,0.0,0.0,1.0,0.0,0.0,0.0,0.0
1823857,0.0,0.0,1.0,0.0,0.0,1.0,0.0
1824259,0.0,0.0,1.0,0.0,0.0,2.0,0.0
1824759,0.0,0.0,1.0,0.0,0.0,0.0,0.0
1825776,0.0,0.0,1.0,0.0,0.0,1.0,0.0
1825784,0.0,0.0,1.0,0.0,0.0,2.0,0.0
1826284,0.0,0.0,1.0,0.0,0.0,0.0,0.0
1827197,0.0,0.0,1.0,0.0,0.0,1.0,0.0
1827200,0.0,0.0,1.0,0.0,1.0,2.0,0.0
1827700,0.0,0.0,1.0,0.0,0.0,0.0,0.0
1827791,0.0,0.0,1.0,0.0,0.0,1.0,0.0
1827794,0.0,0.0,1.0,0.0,0.0,2.0,0.0
1828294,0.0,0.0,1.0,0.0,0.0,1.0,0.0
1828295,0.0,0.0,1.0,0.0,0.0,2.0,0.0
1828795,0.0,0.0,1.0,0.0,0.0,1.0,0.0
1829295,0.0,0.0,1.0,0.0,0.0,0.0,0.0
1829327,0.0,0.0,1.0,0.0,0.0,1.0,0.0
1829753,0.0,0.0,1.0,0.0,0.0,2.0,0.0
1830253,0.0,0.0,1.0,0.0,0.0,0.0,0.0
1830381,0.0,0.0,1.0,0.0,0.0,1.0,0.0
1830881,0.0,0.0,1.0,0.0,0.0,0.0,0.0
1831056,0.0,0.0,1.0,0.0,0.0,1.0,0.0
1831556,0.0,0.0,1.0,0.0,0.0,0.0,0.0
1831807,0.0,0.0,1.0,0.0,0.0,1.0,0.0
1832307,0.0,0.0,1.0,0.0,0.0,0.0,0.0
1832517,0.0,0.0,1.0,0.0,0.0,1.0,0.0
1832616,0.0,0.0,1.0,0.0,0.0,2.0,0.0
1832617,0.0,0.0,1.0,0.0,1.0,2.0,0.0
1832623,0.0,0.0,1.0,0.0,2.0,2.0,0.0
1833116,0.0,0.0,1.0,0.0,2.0,0.0,0.0
1833123,0.0,0.0,1.0,0.0,0.0,0.0,0.0
1833583,0.0,0.0,1.0,0.0,0.0,1.0,0.0
1833953,0.0,0.0,1.0,0.0,0.0,2.0,0.0
1834453,0.0,0.0,1.0,0.0,0.0,0.0,0.0
1834737,0.0,0.0,1.0,0.0,0.0,1.0,0.0
1834740,0.0,0.0,1.0,0.0,0.0,2.0,0.0
1835240,0.0,0.0,1.0,0.0,0.0,0.0,0.0
1835421,0.0,0.0,1.0,0.0,0.0,1.0,0.0
1835426,0.0,0.0,1.0,0.0,0.0,2.0,0.0
1835926,0.0,0.0,1.0,0.0,0.0,0.0,0.0
1836020,0.0,0.0,1.0,0.0,0.0,1.0,0.0
1836031,0.0,0.0,1.0,0.0,0.0,2.0,0.0
1836531,0.0,0.0,1.0,0.0,0.0,0.0,0.0
1837570,0.0,0.0,1.0,0.0,0.0,1.0,0.0
1837579,0.0,0.0,1.0,0.0,0.0,2.0,0.0
1837583,0.0,0.0,1.0,0.0,1.0,2.0,0.0
1837619,0.0,0.0,1.0,0.0,2.0,2.0,0.0
1838079,0.0,0.0,1.0,0.0,2.0,0.0,0.0
1838119,0.0,0.0,1.0,0.0,0.0,0.0,0.0
1838206,0.0,0.0,1.0,0.0,0.0,1.0,0.0
1838706,0.0,0.0,1.0,0.0,0.0,0.0,0.0
1838834,0.0,0.0,1.0,0.0,0.0,1.0,0.0
1838851,0.0,0.0,1.0,0.0,0.0,2.0,0.0
1839351,0.0,0.0,1.0,0.0,0.0,0.0,0.0
1839425,0.0,0.0,1.0,0.0,0.0,1.0,0.0
1839925,0.0,0.0,1.0,0.0,0.0,0.0,0.0
1840307,0.0,0.0,1.0,0.0,0.0,1.0,0.0
1840716,0.0,0.0,1.0,0.0,0.0,2.0,0.0
1841216,0.0,0.0,1.0,0.0,0.0,0.0,0.0
1841956,0.0,0.0,1.0,0.0,0.0,1.0,0.0
1842456,0.0,0.0,1.0,0.0,0.0,0.0,0.0
1843287,0.0,0.0,1.0,0.0,0.0,1.0,0.0
1843322,0.0,0.0,1.0,0.0,1.0,1.0,0.0
1843787,0.0,0.0,1.0,0.0,1.0,0.0,0.0
1843822,0.0,0.0,1.0,0.0,0.0,0.0,0.0
1844055,0.0,0.0,1.0,0.0,0.0,1.0,0.0
1844545,0.0,0.0,1.0,0.0,0.0,2.0,0.0
1845045,0.0,0.0,1.0,0.0,0.0,0.0,0.0
1845502,0.0,0.0,1.0,0.0,0.0,1.0,0.0
1846002,0.0,0.0,1.0,0.0,0.0,0.0,0.0
1846670,0.0,0.0,1.0,0.0,0.0,1.0,0.0
1846676,0.0,0.0,1.0,0.0,0.0,2.0,0.0
1847176,0.0,0.0,1.0,0.0,0.0,0.0,0.0
1847611,0.0,0.0,1.0,0.0,0.0,1.0,0.0
1847612,0.0,0.0,1.0,0.0,1.0,1.0,0.0
1847712,0.0,0.0,1.0,0.0,1.0,2.0,0.0
1848112,0.0,0.0,1.0,0.0,0.0,2.0,0.0
1848212,0.0,0.0,1.0,0.0,0.0,0.0,0.0
1848838,0.0,0.0,1.0,0.0,0.0,1.0,0.0
1849338,0.0,0.0,1.0,0.0,0.0,0.0,0.0
1849551,0.0,0.0,1.0,0.0,0.0,1.0,0.0
1849560,0.0,0.0,1.0,0.0,0.0,2.0,0.0
1850060,0.0,0.0,1.0,0.0,0.0,0.0,0.0
1850617,0.0,0.0,1.0,0.0,0.0,1.0,0.0
1850980,0.0,0.0,1.0,0.0,0.0,2.0,0.0
1851480,0.0,0.0,1.0,0.0,0.0,0.0,0.0
1852046,0.0,0.0,1.0,0.0,0.0,1.0,0.0
1852381,0.0,0.0,1.0,0.0,0.0,2.0,0.0
1852881,0.0,0.0,1.0,0.0,0.0,0.0,0.0
1853453,0.0,2.0,1.0,0.0,0.0,0.0,0.0
1853466,0.0,2.0,1.0,0.0,1.0,0.0,0.0
1853646,0.0,2.0,1.0,0.0,1.0,1.0,0.0
1853685,0.0,2.0,1.0,0.0,2.0,1.0,0.0
1853953,0.0,0.0,1.0,0.0,2.0,1.0,0.0
1854146,0.0,0.0,1.0,0.0,2.0,0.0,0.0
1854185,0.0,0.0,1.0,0.0,0.0,0.0,0.0
1854430,0.0,0.0,1.0,0.0,0.0,1.0,0.0
1854440,0.0,0.0,1.0,0.0,0.0,2.0,0.0
1854940,0.0,0.0,1.0,0.0,0.0,0.0,0.0
1855309,0.0,0.0,1.0,0.0,0.0,1.0,0.0
1855312,0.0,0.0,1.0,0.0,0.0,2.0,0.0
1855322,0.0,0.0,1.0,0.0,1.0,2.0,0.0
1855812,0.0,0.0,1.0,0.0,1.0,0.0,0.0
1855822,0.0,0.0,1.0,0.0,0.0,0.0,0.0
1857093,0.0,0.0,1.0,0.0,0.0,1.0,0.0
1857470,0.0,0.0,1.0,0.0,0.0,2.0,0.0
1857856,0.0,0.0,1.0,0.0,1.0,2.0,0.0
1857970,0.0,0.0,1.0,0.0,1.0,0.0,0.0
1858044,0.0,0.0,1.0,0.0,1.0,1.0,0.0
1858122,0.0,0.0,1.0,0.0,1.0,2.0,0.0
1858356,0.0,0.0,1.0,0.0,0.0,2.0,0.0
1858390,0.0,0.0,1.0,0.0,1.0,2.0,0.0
1858622,0.0,0.0,1.0,0.0,1.0,0.0,0.0
1858890,0.0,0.0,1.0,0.0,0.0,0.0,0.0
1859310,0.0,0.0,1.0,0.0,0.0,1.0,0.0
1859810,0.0,0.0,1.0,0.0,0.0,0.0,0.0
1860171,0.0,0.0,1.0,0.0,0.0,1.0,0.0
1860671,0.0,0.0,1.0,0.0,0.0,0.0,0.0
1860916,0.0,0.0,1.0,0.0,0.0,1.0,0.0
1861416,0.0,0.0,1.0,0.0,0.0,0.0,0.0
1861719,0.0,0.0,1.0,0.0,0.0,1.0,0.0
1862219,0.0,0.0,1.0,0.0,0.0,0.0,0.0
1862990,0.0,0.0,1.0,0.0,0.0,1.0,0.0
1863490,0.0,0.0,1.0,0.0,0.0,0.0,0.0
1863764,0.0,0.0,1.0,0.0,0.0,1.0,0.0
1864264,0.0,0.0,1.0,0.0,0.0,0.0,0.0
1864506,0.0,0.0,1.0,0.0,0.0,1.0,0.0
1864821,0.0,0.0,1.0,0.0,0.0,2.0,0.0
1865321,0.0,0.0,1.0,0.0,0.0,0.0,0.0
1866266,0.0,0.0,1.0,0.0,0.0,1.0,0.0
1866336,0.0,0.0,1.0,0.0,0.0,2.0,0.0
1866836,0.0,0.0,1.0,0.0,0.0,0.0,0.0
1867178,0.0,0.0,1.0,0.0,0.0,1.0,0.0
1867541,0.0,0.0,1.0,0.0,0.0,2.0,0.0
1868041,0.0,0.0,1.0,0.0,0.0,0.0,0.0
1868779,0.0,0.0,1.0,0.0,0.0,1.0,0.0
1868783,0.0,0.0,1.0,0.0,0.0,2.0,0.0
1869283,0.0,0.0,1.0,0.0,0.0,0.0,0.0
1869690,0.0,0.0,1.0,0.0,0.0,1.0,0.0
1870190,0.0,0.0,1.0,0.0,0.0,0.0,0.0
1870231,0.0,0.0,1.0,0.0,0.0,1.0,0.0
1870731,0.0,0.0,1.0,0.0,0.0,0.0,0.0
1870833,0.0,0.0,1.0,0.0,0.0,1.0,0.0
1870836,0.0,0.0,1.0,0.0,0.0,2.0,0.0
1871336,0.0,0.0,1.0,0.0,0.0,0.0,0.0
1871823,0.0,0.0,1.0,0.0,0.0,1.0,0.0
1871826,0.0,0.0,1.0,0.0,0.0,2.0,0.0
1872326,0.0,0.0,1.0,0.0,0.0,0.0,0.0
1872910,0.0,0.0,1.0,0.0,0.0,1.0,0.0
1873130,0.0,0.0,1.0,0.0,0.0,2.0,0.0
1873630,0.0,0.0,1.0,0.0,0.0,0.0,0.0
1873914,0.0,0.0,1.0,0.0,0.0,1.0,0.0
1873929,0.0,0.0,1.0,0.0,0.0,2.0,0.0
1874429,0.0,0.0,1.0,0.0,0.0,0.0,0.0
1874986,0.0,0.0,1.0,0.0,0.0,1.0,0.0
1875486,0.0,0.0,1.0,0.0,0.0,0.0,0.0
1875502,0.0,0.0,1.0,0.0,0.0,1.0,0.0
1876002,0.0,0.0,1.0,0.0,0.0,0.0,0.0
1876090,0.0,0.0,1.0,0.0,0.0,1.0,0.0
1876541,0.0,0.0,1.0,0.0,0.0,2.0,0.0
1877041,0.0,0.0,1.0,0.0,0.0,0.0,0.0
1877094,0.0,0.0,1.0,0.0,0.0,1.0,0.0
1877594,0.0,0.0,1.0,0.0,0.0,0.0,0.0
1877609,0.0,0.0,1.0,0.0,0.0,1.0,0.0
1878137,0.0,0.0,1.0,0.0,0.0,2.0,0.0
1878637,0.0,0.0,1.0,0.0,0.0,0.0,0.0
1878892,0.0,0.0,1.0,0.0,0.0,1.0,0.0
1879392,0.0,0.0,1.0,0.0,0.0,0.0,0.0
1879440,0.0,0.0,1.0,0.0,0.0,1.0,0.0
1879940,0.0,0.0,1.0,0.0,0.0,0.0,0.0
1880205,0.0,0.0,1.0,0.0,0.0,1.0,0.0
1880705,0.0,0.0,1.0,0.0,0.0,0.0,0.0
1880942,0.0,0.0,1.0,0.0,0.0,1.0,0.0
1881442,0.0,0.0,1.0,0.0,0.0,0.0,0.0
1881740,0.0,0.0,1.0,0.0,0.0,1.0,0.0
1882240,0.0,0.0,1.0,0.0,0.0,0.0,0.0
1882390,0.0,0.0,1.0,0.0,0.0,1.0,0.0
1882890,0.0,0.0,1.0,0.0,0.0,0.0,0.0
1883048,0.0,0.0,1.0,0.0,0.0,1.0,0.0
1883548,0.0,0.0,1.0,0.0,0.0,0.0,0.0
1883582,0.0,0.0,1.0,0.0,0.0,1.0,0.0
1883756,0.0,0.0,1.0,0.0,0.0,2.0,0.0
1884256,0.0,0.0,1.0,0.0,0.0,0.0,0.0
1884399,0.0,0.0,1.0,0.0,0.0,1.0,0.0
1884899,0.0,0.0,1.0,0.0,0.0,0.0,0.0
1885277,0.0,0.0,1.0,0.0,0.0,1.0,0.0
1885280,0.0,0.0,1.0,0.0,0.0,2.0,0.0
1885495,0.0,0.0,1.0,0.0,1.0,2.0,0.0
1885780,0.0,0.0,1.0,0.0,1.0,0.0,0.0
1885995,0.0,0.0,1.0,0.0,0.0,0.0,0.0
1886960,0.0,0.0,1.0,0.0,0.0,1.0,0.0
1887460,0.0,0.0,1.0,0.0,0.0,0.0,0.0
1888185,0.0,0.0,1.0,0.0,0.0,1.0,0.0
1888325,0.0,0.0,1.0,0.0,0.0,2.0,0.0
1888825,0.0,0.0,1.0,0.0,0.0,0.0,0.0
1888999,0.0,0.0,1.0,0.0,0.0,1.0,0.0
1889111,0.0,0.0,1.0,0.0,0.0,2.0,0.0
1889611,0.0,0.0,1.0,0.0,0.0,0.0,0.0
1889614,0.0,0.0,1.0,0.0,0.0,1.0,0.0
1890087,0.0,0.0,1.0,0.0,0.0,2.0,0.0
1890587,0.0,0.0,1.0,0.0,0.0,0.0,0.0
1890629,0.0,0.0,1.0,0.0,0.0,1.0,0.0
1890632,0.0,0.0,1.0,0.0,0.0,2.0,0.0
1891132,0.0,0.0,1.0,0.0,0.0,0.0,0.0
1891978,0.0,0.0,1.0,0.0,0.0,1.0,0.0
1892478,0.0,0.0,1.0,0.0,0.0,0.0,0.0
1893852,0.0,0.0,1.0,0.0,0.0,1.0,0.0
1894352,0.0,0.0,1.0,0.0,0.0,0.0,0.0
1894604,0.0,0.0,1.0,0.0,0.0,1.0,0.0
1895104,0.0,0.0,1.0,0.0,0.0,0.0,0.0
1895171,0.0,0.0,1.0,0.0,0.0,1.0,0.0
1895462,0.0,0.0,1.0,0.0,0.0,2.0,0.0
1895962,0.0,0.0,1.0,0.0,0.0,0.0,0.0
1896906,0.0,0.0,1.0,0.0,0.0,1.0,0.0
1896909,0.0,2.0,1.0,0.0,0.0,1.0,0.0
1897186,0.0,2.0,1.0,0.0,0.0,2.0,0.0
1897409,0.0,0.0,1.0,0.0,0.0,2.0,0.0
1897686,0.0,0.0,1.0,0.0,0.0,0.0,0.0
1898306,0.0,0.0,1.0,0.0,0.0,1.0,0.0
1898806,0.0,0.0,1.0,0.0,0.0,0.0,0.0
1900809,0.0,0.0,0.0,0.0,0.0,0.0,0.0
1907207,0.0,0.0,0.0,0.0,0.0,1.0,0.0
1907707,0.0,0.0,0.0,0.0,0.0,0.0,0.0
1908068,0.0,0.0,0.0,0.0,0.0,1.0,0.0
1908568,0.0,0.0,0.0,0.0,0.0,0.0,0.0
1908761,0.0,0.0,0.0,0.0,0.0,1.0,0.0
1909261,0.0,0.0,0.0,0.0,0.0,0.0,0.0
1909837,0.0,0.0,0.0,0.0,0.0,1.0,0.0
1910337,0.0,0.0,0.0,0.0,0.0,0.0,0.0
1911584,0.0,0.0,0.0,0.0,0.0,1.0,0.0
1912084,0.0,0.0,0.0,0.0,0.0,0.0,0.0
1913630,0.0,0.0,0.0,0.0,0.0,1.0,0.0
1914130,0.0,0.0,0.0,0.0,0.0,0.0,0.0
1917513,0.0,0.0,0.0,0.0,0.0,1.0,0.0
1918013,0.0,0.0,0.0,0.0,0.0,0.0,0.0
1919110,0.0,0.0,0.0,0.0,0.0,1.0,0.0
1919610,0.0,0.0,0.0,0.0,0.0,0.0,0.0
1922537,0.0,0.0,0.0,0.0,0.0,1.0,0.0
1922544,0.0,0.0,0.0,0.0,0.0,2.0,0.0
1923044,0.0,0.0,0.0,0.0,0.0,0.0,0.0
1923327,0.0,0.0,0.0,0.0,0.0,1.0,0.0
1923827,0.0,0.0,0.0,0.0,0.0,0.0,0.0
1926050,0.0,0.0,0.0,0.0,0.0,1.0,0.0
1926550,0.0,0.0,0.0,0.0,0.0,0.0,0.0
1927943,0.0,0.0,0.0,0.0,0.0,1.0,0.0
1928443,0.0,0.0,0.0,0.0,0.0,0.0,0.0
1930391,0.0,0.0,0.0,0.0,0.0,1.0,0.0
1930891,0.0,0.0,0.0,0.0,0.0,0.0,0.0
1932194,0.0,0.0,0.0,0.0,0.0,1.0,0.0
1932204,0.0,0.0,0.0,0.0,0.0,2.0,0.0
1932704,0.0,0.0,0.0,0.0,0.0,0.0,0.0
1934551,0.0,0.0,0.0,0.0,0.0,1.0,0.0
1935051,0.0,0.0,0.0,0.0,0.0,0.0,0.0
1939833,0.0,0.0,0.0,0.0,0.0,1.0,0.0
1940333,0.0,0.0,0.0,0.0,0.0,0.0,0.0
1941052,0.0,0.0,0.0,0.0,0.0,1.0,0.0
1941384,0.0,0.0,0.0,0.0,0.0,2.0,0.0
1941884,0.0,0.0,0.0,0.0,0.0,0.0,0.0
1947447,0.0,0.0,0.0,0.0,0.0,1.0,0.0
1947947,0.0,0.0,0.0,0.0,0.0,0.0,0.0
1950399,0.0,0.0,0.0,0.0,0.0,1.0,0.0
1950899,0.0,0.0,0.0,0.0,0.0,0.0,0.0
1951203,0.0,0.0,0.0,0.0,0.0,1.0,0.0
1951703,0.0,0.0,0.0,0.0,0.0,0.0,0.0
1951746,0.0,0.0,0.0,0.0,0.0,1.0,0.0
1952246,0.0,0.0,0.0,0.0,0.0,0.0,0.0
1955685,0.0,0.0,0.0,0.0,0.0,1.0,0.0
1956185,0.0,0.0,0.0,0.0,0.0,0.0,0.0
1956765,0.0,0.0,0.0,0.0,0.0,1.0,0.0
1957265,0.0,0.0,0.0,0.0,0.0,0.0,0.0
1959521,0.0,0.0,0.0,0.0,0.0,1.0,0.0
1960021,0.0,0.0,0.0,0.0,0.0,0.0,0.0
1960771,0.0,0.0,0.0,0.0,0.0,1.0,0.0
1961271,0.0,0.0,0.0,0.0,0.0,0.0,0.0
1961908,0.0,0.0,0.0,0.0,0.0,1.0,0.0
1962408,0.0,0.0,0.0,0.0,0.0,0.0,0.0
1963129,0.0,0.0,0.0,0.0,0.0,1.0,0.0
1963629,0.0,0.0,0.0,0.0,0.0,0.0,0.0
1965479,0.0,0.0,0.0,0.0,0.0,1.0,0.0
1965979,0.0,0.0,0.0,0.0,0.0,0.0,0.0
1968376,0.0,0.0,0.0,0.0,0.0,1.0,0.0
1968876,0.0,0.0,0.0,0.0,0.0,0.0,0.0
1969233,0.0,0.0,0.0,0.0,0.0,1.0,0.0
1969733,0.0,0.0,0.0,0.0,0.0,0.0,0.0
1969757,0.0,0.0,0.0,0.0,0.0,1.0,0.0
1969758,0.0,0.0,0.0,0.0,0.0,2.0,0.0
1970258,0.0,0.0,0.0,0.0,0.0,0.0,0.0
1974893,0.0,0.0,0.0,0.0,0.0,1.0,0.0
1975393,0.0,0.0,0.0,0.0,0.0,0.0,0.0
1976179,0.0,0.0,0.0,0.0,0.0,1.0,0.0
1976679,0.0,0.0,0.0,0.0,0.0,0.0,0.0
1978422,0.0,0.0,0.0,0.0,0.0,1.0,0.0
1978922,0.0,0.0,0.0,0.0,0.0,0.0,0.0
1980575,0.0,0.0,0.0,0.0,0.0,1.0,0.0
1980925,0.0,0.0,0.0,0.0,0.0,2.0,0.0
1981425,0.0,0.0,0.0,0.0,0.0,0.0,0.0
1984497,0.0,0.0,0.0,0.0,0.0,1.0,0.0
1984997,0.0,0.0,0.0,0.0,0.0,0.0,0.0
1985157,0.0,0.0,0.0,0.0,0.0,1.0,0.0
1985657,0.0,0.0,0.0,0.0,0.0,0.0,0.0
1986494,0.0,0.0,0.0,0.0,0.0,1.0,0.0
1986994,0.0,0.0,0.0,0.0,0.0,0.0,0.0
1988615,0.0,0.0,0.0,0.0,0.0,1.0,0.0
1989077,0.0,0.0,0.0,0.0,0.0,2.0,0.0
1989577,0.0,0.0,0.0,0.0,0.0,0.0,0.0
1991787,0.0,0.0,0.0,0.0,0.0,1.0,0.0
1992287,0.0,0.0,0.0,0.0,0.0,0.0,0.0
1994361,0.0,0.0,0.0,0.0,0.0,1.0,0.0
1994861,0.0,0.0,0.0,0.0,0.0,0.0,0.0
1996699,0.0,0.0,0.0,0.0,0.0,1.0,0.0
1996833,0.0,0.0,0.0,0.0,0.0,2.0,0.0
1997333,0.0,0.0,0.0,0.0,0.0,0.0,0.0
1998365,0.0,0.0,0.0,0.0,0.0,1.0,0.0
1998865,0.0,0.0,0.0,0.0,0.0,0.0,0.0
2000000,0.0,0.0,0.0,0.0,0.0,0.0,1.0
2000023,0.0,0.0,0.0,0.0,0.0,1.0,1.0
2000025,0.0,0.0,0.0,0.0,0.0,2.0,1.0
2000095,2.0,0.0,0.0,0.0,0.0,2.0,1.0
2000145,2.0,2.0,0.0,0.0,0.0,2.0,1.0
2000254,2.0,2.0,0.0,0.0,1.0,2.0,1.0
2000295,2.0,2.0,0.0,0.0,2.0,2.0,1.0
