,ADWIN,CUSUM,DDM,GeometricMovingAverage,HDDMAverage,HDDMWeighted,Ground-truth
626,0.0,0.0,1.0,0.0,0.0,0.0,0.0
627,0.0,0.0,1.0,0.0,0.0,1.0,0.0
1127,0.0,0.0,1.0,0.0,0.0,0.0,0.0
1319,0.0,0.0,1.0,0.0,0.0,1.0,0.0
1324,0.0,0.0,1.0,0.0,0.0,2.0,0.0
1824,0.0,0.0,1.0,0.0,0.0,0.0,0.0
1868,0.0,0.0,1.0,0.0,0.0,1.0,0.0
1879,0.0,0.0,1.0,0.0,0.0,2.0,0.0
2379,0.0,0.0,1.0,0.0,0.0,0.0,0.0
2394,0.0,0.0,1.0,0.0,0.0,1.0,0.0
2894,0.0,0.0,1.0,0.0,0.0,0.0,0.0
3014,0.0,0.0,1.0,0.0,0.0,1.0,0.0
3293,0.0,0.0,1.0,0.0,0.0,2.0,0.0
3328,0.0,0.0,1.0,0.0,1.0,2.0,0.0
3793,0.0,0.0,1.0,0.0,1.0,0.0,0.0
3828,0.0,0.0,1.0,0.0,0.0,0.0,0.0
4122,0.0,0.0,1.0,0.0,0.0,1.0,0.0
4622,0.0,0.0,1.0,0.0,0.0,0.0,0.0
4754,0.0,0.0,1.0,0.0,0.0,1.0,0.0
5000,0.0,0.0,1.0,0.0,0.0,2.0,0.0
5500,0.0,0.0,1.0,0.0,0.0,0.0,0.0
5835,0.0,0.0,1.0,0.0,0.0,1.0,0.0
6335,0.0,0.0,1.0,0.0,0.0,0.0,0.0
6607,0.0,0.0,1.0,0.0,0.0,1.0,0.0
7107,0.0,0.0,1.0,0.0,0.0,0.0,0.0
7187,0.0,0.0,1.0,0.0,0.0,1.0,0.0
7687,0.0,0.0,1.0,0.0,0.0,0.0,0.0
7713,0.0,0.0,1.0,0.0,0.0,1.0,0.0
8038,0.0,0.0,1.0,0.0,0.0,2.0,0.0
8136,0.0,2.0,1.0,0.0,0.0,2.0,0.0
8538,0.0,2.0,1.0,0.0,0.0,0.0,0.0
8636,0.0,0.0,1.0,0.0,0.0,0.0,0.0
8829,0.0,0.0,1.0,0.0,0.0,1.0,0.0
9329,0.0,0.0,1.0,0.0,0.0,0.0,0.0
9741,0.0,0.0,1.0,0.0,0.0,1.0,0.0
10241,0.0,0.0,1.0,0.0,0.0,0.0,0.0
10723,0.0,0.0,1.0,0.0,0.0,1.0,0.0
11223,0.0,0.0,1.0,0.0,0.0,0.0,0.0
11439,0.0,0.0,1.0,0.0,0.0,1.0,0.0
11939,0.0,0.0,1.0,0.0,0.0,0.0,0.0
12585,0.0,0.0,1.0,0.0,0.0,1.0,0.0
13085,0.0,0.0,1.0,0.0,0.0,0.0,0.0
13732,0.0,0.0,1.0,0.0,0.0,1.0,0.0
14232,0.0,0.0,1.0,0.0,0.0,0.0,0.0
14654,0.0,0.0,1.0,0.0,0.0,1.0,0.0
15154,0.0,0.0,1.0,0.0,0.0,0.0,0.0
15581,0.0,0.0,1.0,0.0,0.0,1.0,0.0
16081,0.0,0.0,1.0,0.0,0.0,0.0,0.0
17462,0.0,0.0,1.0,0.0,0.0,1.0,0.0
17475,0.0,0.0,1.0,0.0,0.0,2.0,0.0
17975,0.0,0.0,1.0,0.0,0.0,0.0,0.0
18041,0.0,0.0,1.0,0.0,0.0,1.0,0.0
18450,0.0,0.0,1.0,0.0,0.0,2.0,0.0
18950,0.0,0.0,1.0,0.0,0.0,0.0,0.0
19940,0.0,0.0,1.0,0.0,0.0,1.0,0.0
20061,0.0,0.0,1.0,0.0,0.0,2.0,0.0
20561,0.0,0.0,1.0,0.0,0.0,0.0,0.0
20722,0.0,2.0,1.0,0.0,0.0,0.0,0.0
21222,0.0,0.0,1.0,0.0,0.0,0.0,0.0
21471,0.0,0.0,1.0,0.0,0.0,1.0,0.0
21971,0.0,0.0,1.0,0.0,0.0,0.0,0.0
22702,0.0,0.0,1.0,0.0,0.0,1.0,0.0
23070,0.0,0.0,1.0,0.0,0.0,2.0,0.0
23570,0.0,0.0,1.0,0.0,0.0,0.0,0.0
23764,0.0,0.0,1.0,0.0,0.0,1.0,0.0
24264,0.0,0.0,1.0,0.0,0.0,0.0,0.0
24267,0.0,0.0,1.0,0.0,0.0,1.0,0.0
24278,0.0,0.0,1.0,0.0,0.0,2.0,0.0
24778,0.0,0.0,1.0,0.0,0.0,0.0,0.0
26386,0.0,0.0,1.0,0.0,0.0,1.0,0.0
26522,0.0,0.0,1.0,0.0,0.0,2.0,0.0
27022,0.0,0.0,1.0,0.0,0.0,0.0,0.0
27837,0.0,0.0,1.0,0.0,0.0,1.0,0.0
28337,0.0,0.0,1.0,0.0,0.0,0.0,0.0
28453,0.0,0.0,1.0,0.0,0.0,1.0,0.0
28470,0.0,0.0,1.0,0.0,0.0,2.0,0.0
28970,0.0,0.0,1.0,0.0,0.0,0.0,0.0
29442,0.0,0.0,1.0,0.0,0.0,1.0,0.0
29894,0.0,0.0,1.0,0.0,0.0,2.0,0.0
30394,0.0,0.0,1.0,0.0,0.0,0.0,0.0
30520,0.0,0.0,1.0,0.0,0.0,1.0,0.0
31020,0.0,0.0,1.0,0.0,0.0,0.0,0.0
32006,0.0,0.0,1.0,0.0,0.0,1.0,0.0
32506,0.0,0.0,1.0,0.0,0.0,0.0,0.0
33611,0.0,0.0,1.0,0.0,0.0,1.0,0.0
33620,0.0,0.0,1.0,0.0,0.0,2.0,0.0
34120,0.0,0.0,1.0,0.0,0.0,0.0,0.0
34554,0.0,0.0,1.0,0.0,0.0,1.0,0.0
34833,0.0,0.0,1.0,0.0,1.0,1.0,0.0
35054,0.0,0.0,1.0,0.0,1.0,0.0,0.0
35333,0.0,0.0,1.0,0.0,0.0,0.0,0.0
35701,0.0,0.0,1.0,0.0,0.0,1.0,0.0
36201,0.0,0.0,1.0,0.0,0.0,0.0,0.0
37250,0.0,0.0,1.0,0.0,0.0,1.0,0.0
37257,0.0,0.0,1.0,0.0,0.0,2.0,0.0
37757,0.0,0.0,1.0,0.0,0.0,0.0,0.0
38400,0.0,0.0,1.0,0.0,0.0,1.0,0.0
38900,0.0,0.0,1.0,0.0,0.0,0.0,0.0
39075,0.0,0.0,1.0,0.0,0.0,1.0,0.0
39575,0.0,0.0,1.0,0.0,0.0,0.0,0.0
39610,0.0,0.0,1.0,0.0,0.0,1.0,0.0
40110,0.0,0.0,1.0,0.0,0.0,0.0,0.0
40286,0.0,0.0,1.0,0.0,0.0,1.0,0.0
40496,0.0,0.0,1.0,0.0,0.0,2.0,0.0
40996,0.0,0.0,1.0,0.0,0.0,0.0,0.0
42622,0.0,0.0,1.0,0.0,0.0,1.0,0.0
43026,0.0,0.0,1.0,0.0,0.0,2.0,0.0
43526,0.0,0.0,1.0,0.0,0.0,0.0,0.0
43900,0.0,0.0,1.0,0.0,0.0,1.0,0.0
44400,0.0,0.0,1.0,0.0,0.0,0.0,0.0
44842,0.0,0.0,1.0,0.0,0.0,1.0,0.0
45153,0.0,0.0,1.0,0.0,0.0,2.0,0.0
45653,0.0,0.0,1.0,0.0,0.0,0.0,0.0
46201,0.0,0.0,1.0,0.0,0.0,1.0,0.0
46701,0.0,0.0,1.0,0.0,0.0,0.0,0.0
48108,0.0,0.0,1.0,0.0,0.0,1.0,0.0
48608,0.0,0.0,1.0,0.0,0.0,0.0,0.0
48864,0.0,0.0,1.0,0.0,0.0,1.0,0.0
49291,0.0,0.0,1.0,0.0,0.0,2.0,0.0
49791,0.0,0.0,1.0,0.0,0.0,0.0,0.0
51185,0.0,0.0,1.0,0.0,0.0,1.0,0.0
51685,0.0,0.0,1.0,0.0,0.0,0.0,0.0
52325,0.0,0.0,1.0,0.0,0.0,1.0,0.0
52369,0.0,0.0,1.0,0.0,0.0,2.0,0.0
52869,0.0,0.0,1.0,0.0,0.0,0.0,0.0
53175,0.0,0.0,1.0,0.0,0.0,1.0,0.0
53675,0.0,0.0,1.0,0.0,0.0,0.0,0.0
54070,0.0,0.0,1.0,0.0,0.0,1.0,0.0
54077,0.0,0.0,1.0,0.0,0.0,2.0,0.0
54577,0.0,0.0,1.0,0.0,0.0,0.0,0.0
54944,0.0,0.0,1.0,0.0,0.0,1.0,0.0
55416,0.0,0.0,1.0,0.0,0.0,2.0,0.0
55916,0.0,0.0,1.0,0.0,0.0,0.0,0.0
56375,0.0,0.0,1.0,0.0,0.0,1.0,0.0
56875,0.0,0.0,1.0,0.0,0.0,0.0,0.0
57276,0.0,0.0,1.0,0.0,0.0,1.0,0.0
57776,0.0,0.0,1.0,0.0,0.0,0.0,0.0
57802,0.0,0.0,1.0,0.0,0.0,1.0,0.0
58302,0.0,0.0,1.0,0.0,0.0,0.0,0.0
58401,0.0,0.0,1.0,0.0,0.0,1.0,0.0
58901,0.0,0.0,1.0,0.0,0.0,0.0,0.0
58952,0.0,0.0,1.0,0.0,0.0,1.0,0.0
58964,0.0,0.0,1.0,0.0,0.0,2.0,0.0
59464,0.0,0.0,1.0,0.0,0.0,0.0,0.0
60030,0.0,0.0,1.0,0.0,0.0,1.0,0.0
60530,0.0,0.0,1.0,0.0,0.0,0.0,0.0
60629,0.0,0.0,1.0,0.0,0.0,1.0,0.0
60639,0.0,0.0,1.0,0.0,0.0,2.0,0.0
61139,0.0,0.0,1.0,0.0,0.0,0.0,0.0
61244,0.0,0.0,1.0,0.0,0.0,1.0,0.0
61263,0.0,0.0,1.0,0.0,0.0,2.0,0.0
61763,0.0,0.0,1.0,0.0,0.0,0.0,0.0
62671,0.0,0.0,1.0,0.0,0.0,1.0,0.0
63171,0.0,0.0,1.0,0.0,0.0,0.0,0.0
63561,0.0,0.0,1.0,0.0,0.0,1.0,0.0
63571,0.0,0.0,1.0,0.0,0.0,2.0,0.0
64071,0.0,0.0,1.0,0.0,0.0,0.0,0.0
64266,0.0,0.0,1.0,0.0,0.0,1.0,0.0
64766,0.0,0.0,1.0,0.0,0.0,0.0,0.0
66190,0.0,0.0,1.0,0.0,0.0,1.0,0.0
66690,0.0,0.0,1.0,0.0,0.0,0.0,0.0
67239,0.0,0.0,1.0,0.0,0.0,1.0,0.0
67248,0.0,0.0,1.0,0.0,0.0,2.0,0.0
67748,0.0,0.0,1.0,0.0,0.0,0.0,0.0
67834,0.0,2.0,1.0,0.0,0.0,0.0,0.0
68304,0.0,2.0,1.0,0.0,0.0,1.0,0.0
68334,0.0,0.0,1.0,0.0,0.0,1.0,0.0
68804,0.0,0.0,1.0,0.0,0.0,0.0,0.0
70051,0.0,0.0,1.0,0.0,0.0,1.0,0.0
70072,0.0,0.0,1.0,0.0,0.0,2.0,0.0
70572,0.0,0.0,1.0,0.0,0.0,0.0,0.0
71201,0.0,0.0,1.0,0.0,0.0,1.0,0.0
71211,0.0,0.0,1.0,0.0,0.0,2.0,0.0
71711,0.0,0.0,1.0,0.0,0.0,0.0,0.0
73537,0.0,0.0,1.0,0.0,0.0,1.0,0.0
73546,0.0,0.0,1.0,0.0,0.0,2.0,0.0
74046,0.0,0.0,1.0,0.0,0.0,0.0,0.0
74196,0.0,0.0,1.0,0.0,0.0,1.0,0.0
74696,0.0,0.0,1.0,0.0,0.0,0.0,0.0
74877,0.0,0.0,1.0,0.0,0.0,1.0,0.0
75377,0.0,0.0,1.0,0.0,0.0,0.0,0.0
75645,0.0,0.0,1.0,0.0,0.0,1.0,0.0
76121,0.0,0.0,1.0,0.0,0.0,2.0,0.0
76621,0.0,0.0,1.0,0.0,0.0,0.0,0.0
76903,0.0,0.0,1.0,0.0,0.0,1.0,0.0
77355,0.0,0.0,1.0,0.0,0.0,2.0,0.0
77855,0.0,0.0,1.0,0.0,0.0,0.0,0.0
78182,0.0,0.0,1.0,0.0,0.0,1.0,0.0
78186,0.0,0.0,1.0,0.0,0.0,2.0,0.0
78686,0.0,0.0,1.0,0.0,0.0,0.0,0.0
79496,0.0,0.0,1.0,0.0,0.0,1.0,0.0
79996,0.0,0.0,1.0,0.0,0.0,0.0,0.0
80046,0.0,0.0,1.0,0.0,0.0,1.0,0.0
80461,0.0,2.0,1.0,0.0,0.0,1.0,0.0
80546,0.0,2.0,1.0,0.0,0.0,0.0,0.0
80961,0.0,0.0,1.0,0.0,0.0,0.0,0.0
81086,0.0,0.0,1.0,0.0,0.0,1.0,0.0
81093,0.0,0.0,1.0,0.0,0.0,2.0,0.0
81593,0.0,0.0,1.0,0.0,0.0,0.0,0.0
81686,0.0,0.0,1.0,0.0,0.0,1.0,0.0
82186,0.0,0.0,1.0,0.0,0.0,0.0,0.0
82327,0.0,0.0,1.0,0.0,0.0,1.0,0.0
82515,0.0,0.0,1.0,0.0,0.0,2.0,0.0
83015,0.0,0.0,1.0,0.0,0.0,0.0,0.0
83793,0.0,0.0,1.0,0.0,0.0,1.0,0.0
83795,0.0,0.0,1.0,0.0,0.0,2.0,0.0
84295,0.0,0.0,1.0,0.0,0.0,0.0,0.0
85095,0.0,0.0,1.0,0.0,0.0,1.0,0.0
85595,0.0,0.0,1.0,0.0,0.0,0.0,0.0
85746,0.0,0.0,1.0,0.0,0.0,1.0,0.0
86246,0.0,0.0,1.0,0.0,0.0,0.0,0.0
86309,0.0,0.0,1.0,0.0,0.0,1.0,0.0
86315,0.0,0.0,1.0,0.0,0.0,2.0,0.0
86815,0.0,0.0,1.0,0.0,0.0,0.0,0.0
86982,0.0,0.0,1.0,0.0,0.0,1.0,0.0
87482,0.0,0.0,1.0,0.0,0.0,0.0,0.0
88778,0.0,0.0,1.0,0.0,0.0,1.0,0.0
89278,0.0,0.0,1.0,0.0,0.0,0.0,0.0
89355,0.0,0.0,1.0,0.0,0.0,1.0,0.0
89855,0.0,0.0,1.0,0.0,0.0,0.0,0.0
90030,0.0,0.0,1.0,0.0,0.0,1.0,0.0
90278,0.0,0.0,1.0,0.0,0.0,2.0,0.0
90778,0.0,0.0,1.0,0.0,0.0,0.0,0.0
92449,0.0,0.0,1.0,0.0,0.0,1.0,0.0
92949,0.0,0.0,1.0,0.0,0.0,0.0,0.0
93297,0.0,0.0,1.0,0.0,0.0,1.0,0.0
93445,0.0,0.0,1.0,0.0,0.0,2.0,0.0
93945,0.0,0.0,1.0,0.0,0.0,0.0,0.0
94049,0.0,0.0,1.0,0.0,0.0,1.0,0.0
94549,0.0,0.0,1.0,0.0,0.0,0.0,0.0
95144,0.0,0.0,1.0,0.0,0.0,1.0,0.0
95644,0.0,0.0,1.0,0.0,0.0,0.0,0.0
95665,0.0,0.0,1.0,0.0,0.0,1.0,0.0
95669,0.0,0.0,1.0,0.0,0.0,2.0,0.0
96169,0.0,0.0,1.0,0.0,0.0,0.0,0.0
97020,0.0,0.0,1.0,0.0,0.0,1.0,0.0
97024,0.0,0.0,1.0,0.0,0.0,2.0,0.0
97524,0.0,0.0,1.0,0.0,0.0,0.0,0.0
97656,0.0,0.0,1.0,0.0,0.0,1.0,0.0
98156,0.0,0.0,1.0,0.0,0.0,0.0,0.0
98200,0.0,0.0,1.0,0.0,0.0,1.0,0.0
98700,0.0,0.0,1.0,0.0,0.0,0.0,0.0
98784,0.0,0.0,1.0,0.0,0.0,1.0,0.0
99072,0.0,0.0,1.0,0.0,0.0,2.0,0.0
99076,0.0,0.0,1.0,0.0,1.0,2.0,0.0
99572,0.0,0.0,1.0,0.0,1.0,0.0,0.0
99576,0.0,0.0,1.0,0.0,0.0,0.0,0.0
100509,0.0,0.0,1.0,0.0,0.0,1.0,0.0
101009,0.0,0.0,1.0,0.0,0.0,0.0,0.0
101126,0.0,0.0,0.0,0.0,0.0,0.0,0.0
101854,0.0,0.0,0.0,0.0,0.0,1.0,0.0
102354,0.0,0.0,0.0,0.0,0.0,0.0,0.0
103004,0.0,0.0,0.0,0.0,0.0,1.0,0.0
103504,0.0,0.0,0.0,0.0,0.0,0.0,0.0
103775,0.0,0.0,0.0,0.0,0.0,1.0,0.0
104275,0.0,0.0,0.0,0.0,0.0,0.0,0.0
108268,0.0,0.0,0.0,0.0,0.0,1.0,0.0
108768,0.0,0.0,0.0,0.0,0.0,0.0,0.0
110616,0.0,0.0,0.0,0.0,0.0,1.0,0.0
111116,0.0,0.0,0.0,0.0,0.0,0.0,0.0
111943,0.0,0.0,0.0,0.0,0.0,1.0,0.0
111982,0.0,0.0,0.0,0.0,1.0,1.0,0.0
112443,0.0,0.0,0.0,0.0,1.0,0.0,0.0
112482,0.0,0.0,0.0,0.0,0.0,0.0,0.0
119063,0.0,0.0,0.0,0.0,0.0,1.0,0.0
119563,0.0,0.0,0.0,0.0,0.0,0.0,0.0
120281,0.0,0.0,0.0,0.0,0.0,1.0,0.0
120781,0.0,0.0,0.0,0.0,0.0,0.0,0.0
121076,0.0,0.0,0.0,0.0,0.0,1.0,0.0
121576,0.0,0.0,0.0,0.0,0.0,0.0,0.0
122840,0.0,0.0,0.0,0.0,0.0,1.0,0.0
122977,0.0,0.0,0.0,0.0,1.0,1.0,0.0
123340,0.0,0.0,0.0,0.0,1.0,0.0,0.0
123451,0.0,0.0,0.0,0.0,1.0,1.0,0.0
123477,0.0,0.0,0.0,0.0,0.0,1.0,0.0
123951,0.0,0.0,0.0,0.0,0.0,0.0,0.0
124687,0.0,0.0,0.0,0.0,0.0,1.0,0.0
125138,0.0,0.0,0.0,0.0,0.0,2.0,0.0
125638,0.0,0.0,0.0,0.0,0.0,0.0,0.0
126885,0.0,0.0,0.0,0.0,0.0,1.0,0.0
127385,0.0,0.0,0.0,0.0,0.0,0.0,0.0
127818,0.0,0.0,0.0,0.0,0.0,1.0,0.0
128318,0.0,0.0,0.0,0.0,0.0,0.0,0.0
129634,0.0,0.0,0.0,0.0,0.0,1.0,0.0
130134,0.0,0.0,0.0,0.0,0.0,0.0,0.0
132586,0.0,0.0,0.0,0.0,0.0,1.0,0.0
133086,0.0,0.0,0.0,0.0,0.0,0.0,0.0
135661,0.0,0.0,0.0,0.0,0.0,1.0,0.0
136161,0.0,0.0,0.0,0.0,0.0,0.0,0.0
137492,0.0,0.0,0.0,0.0,0.0,1.0,0.0
137519,0.0,0.0,0.0,0.0,0.0,2.0,0.0
138019,0.0,0.0,0.0,0.0,0.0,0.0,0.0
141695,0.0,0.0,0.0,0.0,0.0,1.0,0.0
142195,0.0,0.0,0.0,0.0,0.0,0.0,0.0
144171,0.0,0.0,0.0,0.0,0.0,1.0,0.0
144671,0.0,0.0,0.0,0.0,0.0,0.0,0.0
145322,0.0,0.0,0.0,0.0,0.0,1.0,0.0
145822,0.0,0.0,0.0,0.0,0.0,0.0,0.0
147226,0.0,0.0,0.0,0.0,0.0,1.0,0.0
147726,0.0,0.0,0.0,0.0,0.0,0.0,0.0
147789,0.0,0.0,0.0,0.0,0.0,1.0,0.0
148289,0.0,0.0,0.0,0.0,0.0,0.0,0.0
151816,0.0,0.0,0.0,0.0,0.0,1.0,0.0
152316,0.0,0.0,0.0,0.0,0.0,0.0,0.0
154957,0.0,0.0,0.0,0.0,0.0,1.0,0.0
155457,0.0,0.0,0.0,0.0,0.0,0.0,0.0
157257,0.0,0.0,0.0,0.0,0.0,1.0,0.0
157757,0.0,0.0,0.0,0.0,0.0,0.0,0.0
157869,0.0,0.0,0.0,0.0,0.0,1.0,0.0
157876,0.0,0.0,0.0,0.0,0.0,2.0,0.0
158376,0.0,0.0,0.0,0.0,0.0,0.0,0.0
160918,0.0,0.0,0.0,0.0,0.0,1.0,0.0
160919,0.0,0.0,0.0,0.0,0.0,2.0,0.0
161419,0.0,0.0,0.0,0.0,0.0,0.0,0.0
161823,0.0,0.0,0.0,0.0,0.0,1.0,0.0
162323,0.0,0.0,0.0,0.0,0.0,0.0,0.0
163358,0.0,0.0,0.0,0.0,0.0,1.0,0.0
163858,0.0,0.0,0.0,0.0,0.0,0.0,0.0
164405,0.0,0.0,0.0,0.0,0.0,1.0,0.0
164905,0.0,0.0,0.0,0.0,0.0,0.0,0.0
166852,0.0,0.0,0.0,0.0,0.0,1.0,0.0
167352,0.0,0.0,0.0,0.0,0.0,0.0,0.0
167378,0.0,0.0,0.0,0.0,0.0,1.0,0.0
167878,0.0,0.0,0.0,0.0,0.0,0.0,0.0
168289,0.0,0.0,0.0,0.0,0.0,1.0,0.0
168789,0.0,0.0,0.0,0.0,0.0,0.0,0.0
169259,0.0,0.0,0.0,0.0,0.0,1.0,0.0
169263,0.0,0.0,0.0,0.0,0.0,2.0,0.0
169763,0.0,0.0,0.0,0.0,0.0,0.0,0.0
172949,0.0,0.0,0.0,0.0,0.0,1.0,0.0
173449,0.0,0.0,0.0,0.0,0.0,0.0,0.0
178462,0.0,0.0,0.0,0.0,0.0,1.0,0.0
178962,0.0,0.0,0.0,0.0,0.0,0.0,0.0
181709,0.0,0.0,0.0,0.0,0.0,1.0,0.0
182209,0.0,0.0,0.0,0.0,0.0,0.0,0.0
182324,0.0,0.0,0.0,0.0,0.0,1.0,0.0
182824,0.0,0.0,0.0,0.0,0.0,0.0,0.0
183183,0.0,0.0,0.0,0.0,0.0,1.0,0.0
183683,0.0,0.0,0.0,0.0,0.0,0.0,0.0
184299,0.0,0.0,0.0,0.0,0.0,1.0,0.0
184799,0.0,0.0,0.0,0.0,0.0,0.0,0.0
186680,0.0,0.0,0.0,0.0,0.0,1.0,0.0
187180,0.0,0.0,0.0,0.0,0.0,0.0,0.0
187725,0.0,0.0,0.0,0.0,0.0,1.0,0.0
188225,0.0,0.0,0.0,0.0,0.0,0.0,0.0
188676,0.0,0.0,0.0,0.0,0.0,1.0,0.0
189176,0.0,0.0,0.0,0.0,0.0,0.0,0.0
192783,0.0,0.0,0.0,0.0,0.0,1.0,0.0
193283,0.0,0.0,0.0,0.0,0.0,0.0,0.0
193560,0.0,0.0,0.0,0.0,0.0,1.0,0.0
193564,0.0,0.0,0.0,0.0,0.0,2.0,0.0
194064,0.0,0.0,0.0,0.0,0.0,0.0,0.0
197810,0.0,0.0,0.0,0.0,0.0,1.0,0.0
198310,0.0,0.0,0.0,0.0,0.0,0.0,0.0
200000,0.0,0.0,0.0,0.0,0.0,0.0,1.0
200051,0.0,0.0,0.0,0.0,0.0,1.0,1.0
200060,0.0,0.0,0.0,0.0,0.0,2.0,1.0
200223,2.0,0.0,0.0,0.0,0.0,2.0,1.0
200337,2.0,2.0,0.0,0.0,0.0,2.0,1.0
200500,2.0,2.0,0.0,0.0,0.0,2.0,0.0
200560,2.0,2.0,0.0,0.0,0.0,0.0,0.0
200723,0.0,2.0,0.0,0.0,0.0,0.0,0.0
200837,0.0,0.0,0.0,0.0,0.0,0.0,0.0
201066,0.0,0.0,0.0,0.0,1.0,0.0,0.0
201246,0.0,0.0,0.0,0.0,2.0,0.0,0.0
201746,0.0,0.0,0.0,0.0,0.0,0.0,0.0
201838,0.0,0.0,0.0,0.0,0.0,1.0,0.0
201845,0.0,0.0,0.0,0.0,0.0,2.0,0.0
202345,0.0,0.0,0.0,0.0,0.0,0.0,0.0
202492,0.0,0.0,0.0,0.0,0.0,1.0,0.0
202493,0.0,0.0,0.0,0.0,1.0,1.0,0.0
202992,0.0,0.0,0.0,0.0,1.0,0.0,0.0
202993,0.0,0.0,0.0,0.0,0.0,0.0,0.0
203211,0.0,0.0,1.0,0.0,0.0,0.0,0.0
203848,0.0,0.0,1.0,0.0,0.0,1.0,0.0
204266,0.0,0.0,1.0,0.0,1.0,1.0,0.0
204267,0.0,0.0,1.0,0.0,1.0,2.0,0.0
204766,0.0,0.0,1.0,0.0,0.0,2.0,0.0
204767,0.0,0.0,1.0,0.0,0.0,0.0,0.0
205287,0.0,0.0,1.0,0.0,0.0,1.0,0.0
205787,0.0,0.0,1.0,0.0,0.0,0.0,0.0
206140,0.0,0.0,2.0,0.0,0.0,0.0,0.0
206356,0.0,0.0,2.0,0.0,0.0,1.0,0.0
206462,0.0,2.0,2.0,0.0,0.0,1.0,0.0
206640,0.0,2.0,1.0,0.0,0.0,1.0,0.0
206856,0.0,2.0,1.0,0.0,0.0,0.0,0.0
206857,0.0,2.0,1.0,0.0,0.0,1.0,0.0
206962,0.0,0.0,1.0,0.0,0.0,1.0,0.0
207140,0.0,0.0,0.0,0.0,0.0,1.0,0.0
207357,0.0,0.0,0.0,0.0,0.0,0.0,0.0
208853,0.0,0.0,0.0,0.0,0.0,1.0,0.0
208858,0.0,0.0,0.0,0.0,0.0,2.0,0.0
209358,0.0,0.0,0.0,0.0,0.0,0.0,0.0
209860,0.0,0.0,0.0,0.0,0.0,1.0,0.0
210360,0.0,0.0,0.0,0.0,0.0,0.0,0.0
210990,0.0,0.0,0.0,0.0,0.0,1.0,0.0
210993,0.0,0.0,0.0,0.0,0.0,2.0,0.0
211493,0.0,0.0,0.0,0.0,0.0,0.0,0.0
211928,0.0,0.0,0.0,0.0,0.0,1.0,0.0
212428,0.0,0.0,0.0,0.0,0.0,0.0,0.0
212481,0.0,0.0,0.0,0.0,0.0,1.0,0.0
212719,0.0,0.0,0.0,0.0,0.0,2.0,0.0
213219,0.0,0.0,0.0,0.0,0.0,0.0,0.0
213530,0.0,0.0,0.0,0.0,0.0,1.0,0.0
214030,0.0,0.0,0.0,0.0,0.0,0.0,0.0
214133,0.0,0.0,0.0,0.0,0.0,1.0,0.0
214633,0.0,0.0,0.0,0.0,0.0,0.0,0.0
216851,0.0,0.0,0.0,0.0,0.0,1.0,0.0
217351,0.0,0.0,0.0,0.0,0.0,0.0,0.0
217360,0.0,0.0,0.0,0.0,0.0,1.0,0.0
217860,0.0,0.0,0.0,0.0,0.0,0.0,0.0
218040,0.0,0.0,0.0,0.0,0.0,1.0,0.0
218042,0.0,0.0,0.0,0.0,0.0,2.0,0.0
218542,0.0,0.0,0.0,0.0,0.0,0.0,0.0
219317,0.0,0.0,0.0,0.0,0.0,1.0,0.0
219817,0.0,0.0,0.0,0.0,0.0,0.0,0.0
221250,0.0,0.0,0.0,0.0,0.0,1.0,0.0
221750,0.0,0.0,0.0,0.0,0.0,0.0,0.0
221775,0.0,0.0,0.0,0.0,0.0,1.0,0.0
222275,0.0,0.0,0.0,0.0,0.0,0.0,0.0
223600,0.0,0.0,0.0,0.0,0.0,1.0,0.0
224100,0.0,0.0,0.0,0.0,0.0,0.0,0.0
224640,0.0,0.0,0.0,0.0,0.0,1.0,0.0
224645,0.0,0.0,0.0,0.0,0.0,2.0,0.0
225145,0.0,0.0,0.0,0.0,0.0,0.0,0.0
225930,0.0,0.0,0.0,0.0,0.0,1.0,0.0
226430,0.0,0.0,0.0,0.0,0.0,0.0,0.0
226997,0.0,0.0,0.0,0.0,0.0,1.0,0.0
227497,0.0,0.0,0.0,0.0,0.0,0.0,0.0
227576,0.0,0.0,0.0,0.0,0.0,1.0,0.0
228076,0.0,0.0,0.0,0.0,0.0,0.0,0.0
228529,0.0,0.0,0.0,0.0,0.0,1.0,0.0
229029,0.0,0.0,0.0,0.0,0.0,2.0,0.0
229529,0.0,0.0,0.0,0.0,0.0,0.0,0.0
230554,0.0,0.0,0.0,0.0,0.0,1.0,0.0
230824,0.0,0.0,0.0,0.0,0.0,2.0,0.0
231324,0.0,0.0,0.0,0.0,0.0,0.0,0.0
232387,0.0,0.0,0.0,0.0,0.0,1.0,0.0
232887,0.0,0.0,0.0,0.0,0.0,0.0,0.0
233107,0.0,0.0,0.0,0.0,0.0,1.0,0.0
233607,0.0,0.0,0.0,0.0,0.0,0.0,0.0
233888,0.0,0.0,0.0,0.0,0.0,1.0,0.0
234388,0.0,0.0,0.0,0.0,0.0,0.0,0.0
235230,0.0,0.0,0.0,0.0,0.0,1.0,0.0
235232,0.0,0.0,0.0,0.0,0.0,2.0,0.0
235732,0.0,0.0,0.0,0.0,0.0,0.0,0.0
235799,0.0,0.0,0.0,0.0,0.0,1.0,0.0
236299,0.0,0.0,0.0,0.0,0.0,0.0,0.0
236557,0.0,0.0,0.0,0.0,0.0,1.0,0.0
236559,0.0,0.0,0.0,0.0,0.0,2.0,0.0
237059,0.0,0.0,0.0,0.0,0.0,0.0,0.0
237112,0.0,0.0,0.0,0.0,0.0,1.0,0.0
237612,0.0,0.0,0.0,0.0,0.0,0.0,0.0
237676,0.0,0.0,0.0,0.0,0.0,1.0,0.0
238176,0.0,0.0,0.0,0.0,0.0,0.0,0.0
240124,0.0,0.0,0.0,0.0,0.0,1.0,0.0
240466,0.0,0.0,0.0,0.0,0.0,2.0,0.0
240966,0.0,0.0,0.0,0.0,0.0,0.0,0.0
241516,0.0,0.0,0.0,0.0,0.0,1.0,0.0
241523,0.0,2.0,0.0,0.0,0.0,2.0,0.0
242023,0.0,0.0,0.0,0.0,0.0,0.0,0.0
242160,0.0,0.0,0.0,0.0,0.0,1.0,0.0
242660,0.0,0.0,0.0,0.0,0.0,0.0,0.0
242873,0.0,0.0,0.0,0.0,0.0,1.0,0.0
243265,0.0,0.0,0.0,0.0,1.0,1.0,0.0
243373,0.0,0.0,0.0,0.0,1.0,0.0,0.0
243445,0.0,0.0,0.0,0.0,1.0,1.0,0.0
243462,0.0,0.0,0.0,0.0,1.0,2.0,0.0
243765,0.0,0.0,0.0,0.0,0.0,2.0,0.0
243962,0.0,0.0,0.0,0.0,0.0,0.0,0.0
244249,0.0,0.0,0.0,0.0,0.0,1.0,0.0
244749,0.0,0.0,0.0,0.0,0.0,0.0,0.0
245397,0.0,0.0,0.0,0.0,0.0,1.0,0.0
245897,0.0,0.0,0.0,0.0,0.0,0.0,0.0
245947,0.0,0.0,0.0,0.0,0.0,1.0,0.0
245963,0.0,0.0,0.0,0.0,0.0,2.0,0.0
246463,0.0,0.0,0.0,0.0,0.0,0.0,0.0
247746,0.0,0.0,0.0,0.0,0.0,1.0,0.0
247908,0.0,0.0,0.0,0.0,0.0,2.0,0.0
248408,0.0,0.0,0.0,0.0,0.0,0.0,0.0
249160,0.0,0.0,0.0,0.0,0.0,1.0,0.0
249661,0.0,0.0,0.0,0.0,0.0,2.0,0.0
250161,0.0,0.0,0.0,0.0,0.0,0.0,0.0
250185,0.0,0.0,0.0,0.0,0.0,1.0,0.0
250685,0.0,0.0,0.0,0.0,0.0,0.0,0.0
250881,0.0,0.0,0.0,0.0,0.0,1.0,0.0
251381,0.0,0.0,0.0,0.0,0.0,0.0,0.0
251674,0.0,0.0,0.0,0.0,0.0,1.0,0.0
252174,0.0,0.0,0.0,0.0,0.0,0.0,0.0
252190,0.0,0.0,0.0,0.0,0.0,1.0,0.0
252284,0.0,0.0,0.0,0.0,0.0,2.0,0.0
252784,0.0,0.0,0.0,0.0,0.0,0.0,0.0
252793,0.0,0.0,0.0,0.0,0.0,1.0,0.0
253014,0.0,0.0,0.0,0.0,0.0,2.0,0.0
253514,0.0,0.0,0.0,0.0,0.0,0.0,0.0
254627,0.0,0.0,0.0,0.0,0.0,1.0,0.0
255127,0.0,0.0,0.0,0.0,0.0,0.0,0.0
255193,0.0,0.0,0.0,0.0,0.0,1.0,0.0
255693,0.0,0.0,0.0,0.0,0.0,0.0,0.0
256758,0.0,0.0,0.0,0.0,0.0,1.0,0.0
257258,0.0,0.0,0.0,0.0,0.0,0.0,0.0
257279,0.0,0.0,0.0,0.0,0.0,1.0,0.0
257779,0.0,0.0,0.0,0.0,0.0,0.0,0.0
259475,0.0,0.0,0.0,0.0,0.0,1.0,0.0
259500,0.0,0.0,0.0,0.0,0.0,2.0,0.0
260000,0.0,0.0,0.0,0.0,0.0,0.0,0.0
260872,0.0,0.0,0.0,0.0,0.0,1.0,0.0
261372,0.0,0.0,0.0,0.0,0.0,0.0,0.0
261458,0.0,0.0,0.0,0.0,0.0,1.0,0.0
261958,0.0,0.0,0.0,0.0,0.0,0.0,0.0
263994,0.0,0.0,0.0,0.0,0.0,1.0,0.0
264494,0.0,0.0,0.0,0.0,0.0,0.0,0.0
264663,0.0,0.0,0.0,0.0,0.0,1.0,0.0
265163,0.0,0.0,0.0,0.0,0.0,0.0,0.0
265629,0.0,0.0,0.0,0.0,0.0,1.0,0.0
266129,0.0,0.0,0.0,0.0,0.0,0.0,0.0
266235,0.0,0.0,0.0,0.0,0.0,1.0,0.0
266735,0.0,0.0,0.0,0.0,0.0,0.0,0.0
268300,0.0,0.0,0.0,0.0,0.0,1.0,0.0
268800,0.0,0.0,0.0,0.0,0.0,0.0,0.0
268945,0.0,0.0,0.0,0.0,0.0,1.0,0.0
268951,0.0,0.0,0.0,0.0,1.0,2.0,0.0
268953,0.0,0.0,0.0,0.0,2.0,2.0,0.0
269451,0.0,0.0,0.0,0.0,2.0,0.0,0.0
269453,0.0,0.0,0.0,0.0,0.0,0.0,0.0
269566,0.0,0.0,0.0,0.0,0.0,1.0,0.0
270066,0.0,0.0,0.0,0.0,0.0,0.0,0.0
270157,0.0,0.0,0.0,0.0,0.0,1.0,0.0
270657,0.0,0.0,0.0,0.0,0.0,0.0,0.0
271628,0.0,0.0,0.0,0.0,0.0,1.0,0.0
272128,0.0,0.0,0.0,0.0,0.0,0.0,0.0
273017,0.0,0.0,0.0,0.0,0.0,1.0,0.0
273517,0.0,0.0,0.0,0.0,0.0,0.0,0.0
273532,0.0,0.0,0.0,0.0,0.0,1.0,0.0
273963,0.0,0.0,0.0,0.0,0.0,2.0,0.0
274463,0.0,0.0,0.0,0.0,0.0,0.0,0.0
274814,0.0,2.0,0.0,0.0,0.0,0.0,0.0
274823,0.0,2.0,0.0,0.0,0.0,1.0,0.0
275314,0.0,0.0,0.0,0.0,0.0,1.0,0.0
275323,0.0,0.0,0.0,0.0,0.0,0.0,0.0
275936,0.0,0.0,0.0,0.0,0.0,1.0,0.0
276180,0.0,0.0,0.0,0.0,0.0,2.0,0.0
276680,0.0,0.0,0.0,0.0,0.0,0.0,0.0
277061,0.0,0.0,0.0,0.0,0.0,1.0,0.0
277264,0.0,0.0,0.0,0.0,0.0,2.0,0.0
277764,0.0,0.0,0.0,0.0,0.0,0.0,0.0
278441,0.0,0.0,0.0,0.0,0.0,1.0,0.0
278941,0.0,0.0,0.0,0.0,0.0,0.0,0.0
279231,0.0,0.0,0.0,0.0,0.0,1.0,0.0
279731,0.0,0.0,0.0,0.0,0.0,0.0,0.0
280145,0.0,0.0,0.0,0.0,0.0,1.0,0.0
280645,0.0,0.0,0.0,0.0,0.0,0.0,0.0
281547,0.0,0.0,0.0,0.0,0.0,1.0,0.0
281550,0.0,0.0,0.0,0.0,0.0,2.0,0.0
282050,0.0,0.0,0.0,0.0,0.0,0.0,0.0
282310,0.0,0.0,0.0,0.0,0.0,1.0,0.0
282315,0.0,0.0,0.0,0.0,0.0,2.0,0.0
282815,0.0,0.0,0.0,0.0,0.0,0.0,0.0
283232,0.0,0.0,0.0,0.0,0.0,1.0,0.0
283652,0.0,0.0,0.0,0.0,0.0,2.0,0.0
284152,0.0,0.0,0.0,0.0,0.0,0.0,0.0
284404,0.0,0.0,0.0,0.0,0.0,1.0,0.0
284904,0.0,0.0,0.0,0.0,0.0,0.0,0.0
285170,0.0,0.0,0.0,0.0,0.0,1.0,0.0
285337,0.0,0.0,0.0,0.0,0.0,2.0,0.0
285837,0.0,0.0,0.0,0.0,0.0,0.0,0.0
286148,0.0,0.0,0.0,0.0,0.0,1.0,0.0
286150,0.0,0.0,0.0,0.0,0.0,2.0,0.0
286650,0.0,0.0,0.0,0.0,0.0,0.0,0.0
286777,0.0,0.0,0.0,0.0,0.0,1.0,0.0
287277,0.0,0.0,0.0,0.0,0.0,0.0,0.0
288916,0.0,0.0,0.0,0.0,0.0,1.0,0.0
288933,0.0,0.0,0.0,0.0,0.0,2.0,0.0
288934,0.0,0.0,0.0,0.0,1.0,2.0,0.0
289433,0.0,0.0,0.0,0.0,1.0,0.0,0.0
289434,0.0,0.0,0.0,0.0,0.0,0.0,0.0
290360,0.0,0.0,0.0,0.0,0.0,1.0,0.0
290646,0.0,0.0,0.0,0.0,0.0,2.0,0.0
291146,0.0,0.0,0.0,0.0,0.0,0.0,0.0
291267,0.0,0.0,0.0,0.0,0.0,1.0,0.0
291290,0.0,0.0,0.0,0.0,0.0,2.0,0.0
291790,0.0,0.0,0.0,0.0,0.0,0.0,0.0
291922,0.0,0.0,0.0,0.0,0.0,1.0,0.0
291960,0.0,2.0,0.0,0.0,0.0,1.0,0.0
291969,0.0,2.0,0.0,0.0,0.0,2.0,0.0
292460,0.0,0.0,0.0,0.0,0.0,2.0,0.0
292469,0.0,0.0,0.0,0.0,0.0,0.0,0.0
292593,0.0,0.0,0.0,0.0,0.0,1.0,0.0
293093,0.0,0.0,0.0,0.0,0.0,0.0,0.0
293230,0.0,0.0,0.0,0.0,0.0,1.0,0.0
293730,0.0,0.0,0.0,0.0,0.0,0.0,0.0
293810,0.0,0.0,0.0,0.0,0.0,1.0,0.0
294310,0.0,0.0,0.0,0.0,0.0,0.0,0.0
294571,0.0,0.0,0.0,0.0,0.0,1.0,0.0
295071,0.0,0.0,0.0,0.0,0.0,0.0,0.0
295098,0.0,0.0,0.0,0.0,0.0,1.0,0.0
295327,0.0,0.0,0.0,0.0,0.0,2.0,0.0
295827,0.0,0.0,0.0,0.0,0.0,0.0,0.0
296085,0.0,0.0,0.0,0.0,0.0,1.0,0.0
296087,0.0,0.0,0.0,0.0,0.0,2.0,0.0
296587,0.0,0.0,0.0,0.0,0.0,0.0,0.0
296730,0.0,0.0,0.0,0.0,0.0,1.0,0.0
296732,0.0,0.0,0.0,0.0,0.0,2.0,0.0
297232,0.0,0.0,0.0,0.0,0.0,0.0,0.0
297453,0.0,0.0,0.0,0.0,0.0,1.0,0.0
297953,0.0,0.0,0.0,0.0,0.0,0.0,0.0
298031,0.0,0.0,0.0,0.0,0.0,1.0,0.0
298091,0.0,0.0,0.0,0.0,0.0,2.0,0.0
298591,0.0,0.0,0.0,0.0,0.0,0.0,0.0
299323,0.0,0.0,0.0,0.0,0.0,1.0,0.0
299823,0.0,0.0,0.0,0.0,0.0,0.0,0.0
299854,0.0,0.0,0.0,0.0,0.0,1.0,0.0
300354,0.0,0.0,0.0,0.0,0.0,0.0,0.0
302089,0.0,0.0,0.0,0.0,0.0,1.0,0.0
302589,0.0,0.0,0.0,0.0,0.0,0.0,0.0
304513,0.0,0.0,0.0,0.0,0.0,1.0,0.0
305013,0.0,0.0,0.0,0.0,0.0,0.0,0.0
307241,0.0,0.0,0.0,0.0,0.0,1.0,0.0
307252,0.0,0.0,0.0,0.0,0.0,2.0,0.0
307752,0.0,0.0,0.0,0.0,0.0,0.0,0.0
310338,0.0,0.0,0.0,0.0,0.0,1.0,0.0
310347,0.0,0.0,0.0,0.0,0.0,2.0,0.0
310847,0.0,0.0,0.0,0.0,0.0,0.0,0.0
312233,0.0,0.0,0.0,0.0,0.0,1.0,0.0
312733,0.0,0.0,0.0,0.0,0.0,0.0,0.0
313482,0.0,0.0,0.0,0.0,0.0,1.0,0.0
313513,0.0,0.0,0.0,0.0,0.0,2.0,0.0
314013,0.0,0.0,0.0,0.0,0.0,0.0,0.0
323723,0.0,0.0,0.0,0.0,0.0,1.0,0.0
323732,0.0,0.0,0.0,0.0,0.0,2.0,0.0
324232,0.0,0.0,0.0,0.0,0.0,0.0,0.0
324398,0.0,0.0,0.0,0.0,0.0,1.0,0.0
324898,0.0,0.0,0.0,0.0,0.0,0.0,0.0
325943,0.0,0.0,0.0,0.0,0.0,1.0,0.0
326443,0.0,0.0,0.0,0.0,0.0,0.0,0.0
328933,0.0,0.0,0.0,0.0,0.0,1.0,0.0
329433,0.0,0.0,0.0,0.0,0.0,0.0,0.0
329629,0.0,0.0,0.0,0.0,0.0,1.0,0.0
330129,0.0,0.0,0.0,0.0,0.0,0.0,0.0
331372,0.0,0.0,0.0,0.0,0.0,1.0,0.0
331872,0.0,0.0,0.0,0.0,0.0,0.0,0.0
332013,0.0,0.0,0.0,0.0,0.0,1.0,0.0
332513,0.0,0.0,0.0,0.0,0.0,0.0,0.0
338019,0.0,0.0,0.0,0.0,0.0,1.0,0.0
338519,0.0,0.0,0.0,0.0,0.0,0.0,0.0
340498,0.0,0.0,0.0,0.0,0.0,1.0,0.0
340998,0.0,0.0,0.0,0.0,0.0,0.0,0.0
341970,0.0,0.0,0.0,0.0,0.0,1.0,0.0
342470,0.0,0.0,0.0,0.0,0.0,0.0,0.0
344387,0.0,0.0,0.0,0.0,0.0,1.0,0.0
344887,0.0,0.0,0.0,0.0,0.0,0.0,0.0
345457,0.0,0.0,0.0,0.0,0.0,1.0,0.0
345957,0.0,0.0,0.0,0.0,0.0,0.0,0.0
346362,0.0,0.0,0.0,0.0,0.0,1.0,0.0
346862,0.0,0.0,0.0,0.0,0.0,0.0,0.0
348192,0.0,0.0,0.0,0.0,0.0,1.0,0.0
348692,0.0,0.0,0.0,0.0,0.0,0.0,0.0
350932,0.0,0.0,0.0,0.0,0.0,1.0,0.0
351432,0.0,0.0,0.0,0.0,0.0,0.0,0.0
355615,0.0,0.0,0.0,0.0,0.0,1.0,0.0
356115,0.0,0.0,0.0,0.0,0.0,0.0,0.0
357235,0.0,0.0,0.0,0.0,0.0,1.0,0.0
357735,0.0,0.0,0.0,0.0,0.0,0.0,0.0
359463,0.0,0.0,0.0,0.0,0.0,1.0,0.0
359465,0.0,0.0,0.0,0.0,0.0,2.0,0.0
359965,0.0,0.0,0.0,0.0,0.0,0.0,0.0
361796,0.0,0.0,0.0,0.0,0.0,1.0,0.0
362296,0.0,0.0,0.0,0.0,0.0,0.0,0.0
362651,0.0,0.0,0.0,0.0,0.0,1.0,0.0
363151,0.0,0.0,0.0,0.0,0.0,0.0,0.0
365183,0.0,0.0,0.0,0.0,0.0,1.0,0.0
365195,0.0,0.0,0.0,0.0,0.0,2.0,0.0
365695,0.0,0.0,0.0,0.0,0.0,0.0,0.0
366866,0.0,0.0,0.0,0.0,0.0,1.0,0.0
367366,0.0,0.0,0.0,0.0,0.0,0.0,0.0
367985,0.0,0.0,0.0,0.0,0.0,1.0,0.0
368485,0.0,0.0,0.0,0.0,0.0,0.0,0.0
369757,0.0,0.0,0.0,0.0,0.0,1.0,0.0
370257,0.0,0.0,0.0,0.0,0.0,0.0,0.0
371546,0.0,0.0,0.0,0.0,0.0,1.0,0.0
372046,0.0,0.0,0.0,0.0,0.0,0.0,0.0
372610,0.0,0.0,0.0,0.0,0.0,1.0,0.0
373110,0.0,0.0,0.0,0.0,0.0,0.0,0.0
375322,0.0,0.0,0.0,0.0,0.0,1.0,0.0
375822,0.0,0.0,0.0,0.0,0.0,0.0,0.0
376270,0.0,0.0,0.0,0.0,0.0,1.0,0.0
376770,0.0,0.0,0.0,0.0,0.0,0.0,0.0
378734,0.0,0.0,0.0,0.0,0.0,1.0,0.0
379234,0.0,0.0,0.0,0.0,0.0,0.0,0.0
380076,0.0,0.0,0.0,0.0,0.0,1.0,0.0
380576,0.0,0.0,0.0,0.0,0.0,0.0,0.0
380751,0.0,0.0,0.0,0.0,0.0,1.0,0.0
381251,0.0,0.0,0.0,0.0,0.0,0.0,0.0
382124,0.0,0.0,0.0,0.0,0.0,1.0,0.0
382624,0.0,0.0,0.0,0.0,0.0,0.0,0.0
384053,0.0,0.0,0.0,0.0,0.0,1.0,0.0
384553,0.0,0.0,0.0,0.0,0.0,0.0,0.0
385309,0.0,0.0,0.0,0.0,0.0,1.0,0.0
385809,0.0,0.0,0.0,0.0,0.0,0.0,0.0
386019,0.0,0.0,0.0,0.0,0.0,1.0,0.0
386519,0.0,0.0,0.0,0.0,0.0,0.0,0.0
386734,0.0,0.0,0.0,0.0,0.0,1.0,0.0
387234,0.0,0.0,0.0,0.0,0.0,0.0,0.0
389209,0.0,0.0,0.0,0.0,0.0,1.0,0.0
389619,0.0,0.0,0.0,0.0,0.0,2.0,0.0
390119,0.0,0.0,0.0,0.0,0.0,0.0,0.0
391086,0.0,0.0,0.0,0.0,0.0,1.0,0.0
391090,0.0,0.0,0.0,0.0,0.0,2.0,0.0
391590,0.0,0.0,0.0,0.0,0.0,0.0,0.0
394408,0.0,0.0,0.0,0.0,0.0,1.0,0.0
394908,0.0,0.0,0.0,0.0,0.0,0.0,0.0
397714,0.0,0.0,0.0,0.0,0.0,1.0,0.0
398214,0.0,0.0,0.0,0.0,0.0,0.0,0.0
398539,0.0,0.0,0.0,0.0,0.0,1.0,0.0
399039,0.0,0.0,0.0,0.0,0.0,0.0,0.0
400000,0.0,0.0,0.0,0.0,0.0,0.0,1.0
400030,0.0,0.0,0.0,0.0,0.0,1.0,1.0
400114,0.0,0.0,0.0,0.0,0.0,2.0,1.0
400287,2.0,0.0,0.0,0.0,0.0,2.0,1.0
400360,2.0,2.0,0.0,0.0,0.0,2.0,1.0
400500,2.0,2.0,0.0,0.0,0.0,2.0,0.0
400614,2.0,2.0,0.0,0.0,0.0,0.0,0.0
400673,2.0,2.0,0.0,0.0,0.0,1.0,0.0
400787,0.0,2.0,0.0,0.0,0.0,1.0,0.0
400860,0.0,0.0,0.0,0.0,0.0,1.0,0.0
401173,0.0,0.0,0.0,0.0,0.0,0.0,0.0
401284,0.0,0.0,0.0,0.0,1.0,0.0,0.0
401635,0.0,0.0,0.0,0.0,2.0,0.0,0.0
402135,0.0,0.0,0.0,0.0,0.0,0.0,0.0
402676,0.0,0.0,0.0,0.0,0.0,1.0,0.0
402817,0.0,0.0,1.0,0.0,0.0,1.0,0.0
403176,0.0,0.0,1.0,0.0,0.0,0.0,0.0
404042,0.0,0.0,1.0,0.0,0.0,1.0,0.0
404275,0.0,0.0,1.0,0.0,0.0,2.0,0.0
404775,0.0,0.0,1.0,0.0,0.0,0.0,0.0
405002,0.0,0.0,1.0,0.0,0.0,1.0,0.0
405502,0.0,0.0,1.0,0.0,0.0,0.0,0.0
405823,0.0,0.0,2.0,0.0,0.0,0.0,0.0
405847,0.0,0.0,2.0,0.0,0.0,1.0,0.0
406323,0.0,0.0,0.0,0.0,0.0,1.0,0.0
406327,0.0,0.0,0.0,0.0,0.0,2.0,0.0
406827,0.0,0.0,0.0,0.0,0.0,0.0,0.0
406982,0.0,0.0,0.0,0.0,0.0,1.0,0.0
407482,0.0,0.0,0.0,0.0,0.0,0.0,0.0
408337,0.0,0.0,0.0,0.0,0.0,1.0,0.0
408837,0.0,0.0,0.0,0.0,0.0,0.0,0.0
408872,0.0,0.0,0.0,0.0,0.0,1.0,0.0
409372,0.0,0.0,0.0,0.0,0.0,0.0,0.0
409727,0.0,0.0,0.0,0.0,0.0,1.0,0.0
410227,0.0,0.0,0.0,0.0,0.0,0.0,0.0
410504,0.0,0.0,0.0,0.0,0.0,1.0,0.0
411004,0.0,0.0,0.0,0.0,0.0,0.0,0.0
411177,0.0,0.0,0.0,0.0,0.0,1.0,0.0
411677,0.0,0.0,0.0,0.0,0.0,0.0,0.0
411828,0.0,0.0,0.0,0.0,0.0,1.0,0.0
412328,0.0,0.0,0.0,0.0,0.0,0.0,0.0
412388,0.0,0.0,0.0,0.0,0.0,1.0,0.0
412390,0.0,0.0,0.0,0.0,0.0,2.0,0.0
412890,0.0,0.0,0.0,0.0,0.0,0.0,0.0
413533,0.0,0.0,0.0,0.0,0.0,1.0,0.0
414033,0.0,0.0,0.0,0.0,0.0,0.0,0.0
414402,0.0,0.0,0.0,0.0,0.0,1.0,0.0
414732,0.0,0.0,0.0,0.0,0.0,2.0,0.0
415232,0.0,0.0,0.0,0.0,0.0,0.0,0.0
415566,0.0,0.0,0.0,0.0,0.0,1.0,0.0
416066,0.0,0.0,0.0,0.0,0.0,0.0,0.0
416764,0.0,0.0,0.0,0.0,0.0,1.0,0.0
417264,0.0,0.0,0.0,0.0,0.0,0.0,0.0
417314,0.0,0.0,0.0,0.0,0.0,1.0,0.0
417547,0.0,0.0,0.0,0.0,0.0,2.0,0.0
418047,0.0,0.0,0.0,0.0,0.0,0.0,0.0
418388,0.0,0.0,0.0,0.0,0.0,1.0,0.0
418888,0.0,0.0,0.0,0.0,0.0,0.0,0.0
419142,0.0,0.0,0.0,0.0,0.0,1.0,0.0
419642,0.0,0.0,0.0,0.0,0.0,0.0,0.0
419671,0.0,0.0,0.0,0.0,0.0,1.0,0.0
419673,0.0,0.0,0.0,0.0,0.0,2.0,0.0
420173,0.0,0.0,0.0,0.0,0.0,0.0,0.0
420608,0.0,0.0,0.0,0.0,0.0,1.0,0.0
420610,0.0,0.0,0.0,0.0,0.0,2.0,0.0
421110,0.0,0.0,0.0,0.0,0.0,0.0,0.0
421385,0.0,0.0,0.0,0.0,1.0,0.0,0.0
421885,0.0,0.0,0.0,0.0,0.0,0.0,0.0
422485,0.0,0.0,0.0,0.0,0.0,1.0,0.0
422985,0.0,0.0,0.0,0.0,0.0,0.0,0.0
423503,0.0,0.0,0.0,0.0,0.0,1.0,0.0
423511,0.0,0.0,0.0,0.0,0.0,2.0,0.0
424011,0.0,0.0,0.0,0.0,0.0,0.0,0.0
424127,0.0,0.0,0.0,0.0,0.0,1.0,0.0
424143,0.0,0.0,0.0,0.0,0.0,2.0,0.0
424643,0.0,0.0,0.0,0.0,0.0,0.0,0.0
425353,0.0,0.0,0.0,0.0,0.0,1.0,0.0
425853,0.0,0.0,0.0,0.0,0.0,0.0,0.0
425917,0.0,0.0,0.0,0.0,0.0,1.0,0.0
426417,0.0,0.0,0.0,0.0,0.0,0.0,0.0
426950,0.0,0.0,0.0,0.0,0.0,1.0,0.0
427450,0.0,0.0,0.0,0.0,0.0,0.0,0.0
427770,0.0,0.0,0.0,0.0,0.0,1.0,0.0
427829,0.0,0.0,0.0,0.0,0.0,2.0,0.0
428329,0.0,0.0,0.0,0.0,0.0,0.0,0.0
428660,0.0,0.0,0.0,0.0,0.0,1.0,0.0
428713,0.0,0.0,0.0,0.0,0.0,2.0,0.0
429213,0.0,0.0,0.0,0.0,0.0,0.0,0.0
429218,0.0,0.0,0.0,0.0,0.0,1.0,0.0
429718,0.0,0.0,0.0,0.0,0.0,0.0,0.0
431112,0.0,0.0,0.0,0.0,0.0,1.0,0.0
431133,0.0,0.0,0.0,0.0,0.0,2.0,0.0
431633,0.0,0.0,0.0,0.0,0.0,0.0,0.0
431805,0.0,0.0,0.0,0.0,1.0,0.0,0.0
432305,0.0,0.0,0.0,0.0,0.0,0.0,0.0
432416,0.0,0.0,0.0,0.0,0.0,1.0,0.0
432626,0.0,0.0,0.0,0.0,0.0,2.0,0.0
432729,0.0,2.0,0.0,0.0,0.0,2.0,0.0
433126,0.0,2.0,0.0,0.0,0.0,0.0,0.0
433229,0.0,0.0,0.0,0.0,0.0,0.0,0.0
433466,0.0,0.0,0.0,0.0,0.0,1.0,0.0
433551,0.0,0.0,0.0,0.0,0.0,2.0,0.0
434051,0.0,0.0,0.0,0.0,0.0,0.0,0.0
435956,0.0,0.0,0.0,0.0,0.0,1.0,0.0
436456,0.0,0.0,0.0,0.0,0.0,0.0,0.0
436963,0.0,0.0,0.0,0.0,0.0,1.0,0.0
437463,0.0,0.0,0.0,0.0,0.0,0.0,0.0
437564,0.0,0.0,0.0,0.0,0.0,1.0,0.0
438064,0.0,0.0,0.0,0.0,0.0,0.0,0.0
438353,0.0,0.0,0.0,0.0,0.0,1.0,0.0
438853,0.0,0.0,0.0,0.0,0.0,0.0,0.0
439141,0.0,0.0,0.0,0.0,0.0,1.0,0.0
439163,0.0,0.0,0.0,0.0,0.0,2.0,0.0
439663,0.0,0.0,0.0,0.0,0.0,0.0,0.0
441021,0.0,0.0,0.0,0.0,0.0,1.0,0.0
441400,0.0,2.0,0.0,0.0,0.0,1.0,0.0
441521,0.0,2.0,0.0,0.0,0.0,0.0,0.0
441900,0.0,0.0,0.0,0.0,0.0,0.0,0.0
442209,0.0,0.0,0.0,0.0,0.0,1.0,0.0
442709,0.0,0.0,0.0,0.0,0.0,0.0,0.0
443290,0.0,0.0,0.0,0.0,0.0,1.0,0.0
443292,0.0,0.0,0.0,0.0,0.0,2.0,0.0
443297,0.0,0.0,0.0,0.0,1.0,2.0,0.0
443792,0.0,0.0,0.0,0.0,1.0,0.0,0.0
443797,0.0,0.0,0.0,0.0,0.0,0.0,0.0
444353,0.0,0.0,0.0,0.0,0.0,1.0,0.0
444710,0.0,0.0,0.0,0.0,1.0,1.0,0.0
444717,0.0,0.0,0.0,0.0,2.0,2.0,0.0
445217,0.0,0.0,0.0,0.0,0.0,0.0,0.0
446825,0.0,0.0,0.0,0.0,0.0,1.0,0.0
447325,0.0,0.0,0.0,0.0,0.0,0.0,0.0
447609,0.0,0.0,0.0,0.0,1.0,0.0,0.0
448109,0.0,0.0,0.0,0.0,0.0,0.0,0.0
448946,0.0,0.0,0.0,0.0,0.0,1.0,0.0
448970,0.0,0.0,0.0,0.0,0.0,2.0,0.0
449470,0.0,0.0,0.0,0.0,0.0,0.0,0.0
449761,0.0,0.0,0.0,0.0,0.0,1.0,0.0
450261,0.0,0.0,0.0,0.0,0.0,0.0,0.0
450445,0.0,0.0,0.0,0.0,0.0,1.0,0.0
450945,0.0,0.0,0.0,0.0,0.0,0.0,0.0
451434,0.0,0.0,0.0,0.0,0.0,1.0,0.0
451892,0.0,0.0,0.0,0.0,0.0,2.0,0.0
452392,0.0,0.0,0.0,0.0,0.0,0.0,0.0
452508,0.0,0.0,0.0,0.0,0.0,1.0,0.0
453008,0.0,0.0,0.0,0.0,0.0,0.0,0.0
453051,0.0,2.0,0.0,0.0,0.0,0.0,0.0
453250,0.0,2.0,0.0,0.0,0.0,1.0,0.0
453289,0.0,2.0,0.0,0.0,0.0,2.0,0.0
453551,0.0,0.0,0.0,0.0,0.0,2.0,0.0
453789,0.0,0.0,0.0,0.0,0.0,0.0,0.0
454548,0.0,0.0,0.0,0.0,0.0,1.0,0.0
454845,0.0,0.0,0.0,0.0,0.0,2.0,0.0
455345,0.0,0.0,0.0,0.0,0.0,0.0,0.0
455623,0.0,0.0,0.0,0.0,0.0,1.0,0.0
456123,0.0,0.0,0.0,0.0,0.0,0.0,0.0
457210,0.0,0.0,0.0,0.0,0.0,1.0,0.0
457710,0.0,0.0,0.0,0.0,0.0,0.0,0.0
457971,0.0,0.0,0.0,0.0,0.0,1.0,0.0
458360,0.0,0.0,0.0,0.0,0.0,2.0,0.0
458860,0.0,0.0,0.0,0.0,0.0,0.0,0.0
459456,0.0,0.0,0.0,0.0,0.0,1.0,0.0
459464,0.0,0.0,0.0,0.0,0.0,2.0,0.0
459964,0.0,0.0,0.0,0.0,0.0,0.0,0.0
460234,0.0,0.0,0.0,0.0,0.0,1.0,0.0
460711,0.0,0.0,0.0,0.0,0.0,2.0,0.0
460877,0.0,2.0,0.0,0.0,0.0,2.0,0.0
461211,0.0,2.0,0.0,0.0,0.0,0.0,0.0
461377,0.0,0.0,0.0,0.0,0.0,0.0,0.0
461800,0.0,0.0,0.0,0.0,0.0,1.0,0.0
461935,0.0,0.0,0.0,0.0,0.0,2.0,0.0
462123,0.0,0.0,0.0,0.0,1.0,2.0,0.0
462435,0.0,0.0,0.0,0.0,1.0,0.0,0.0
462623,0.0,0.0,0.0,0.0,0.0,0.0,0.0
462934,0.0,0.0,0.0,0.0,0.0,1.0,0.0
463434,0.0,0.0,0.0,0.0,0.0,0.0,0.0
464232,0.0,0.0,0.0,0.0,0.0,1.0,0.0
464732,0.0,0.0,0.0,0.0,0.0,0.0,0.0
464823,0.0,0.0,0.0,0.0,0.0,1.0,0.0
464836,0.0,0.0,0.0,0.0,0.0,2.0,0.0
465336,0.0,0.0,0.0,0.0,0.0,0.0,0.0
465903,0.0,0.0,0.0,0.0,0.0,1.0,0.0
466403,0.0,0.0,0.0,0.0,0.0,0.0,0.0
466813,0.0,0.0,0.0,0.0,0.0,1.0,0.0
466822,0.0,0.0,0.0,0.0,0.0,2.0,0.0
467322,0.0,0.0,0.0,0.0,0.0,0.0,0.0
467358,0.0,0.0,0.0,0.0,0.0,1.0,0.0
467361,0.0,0.0,0.0,0.0,0.0,2.0,0.0
467861,0.0,0.0,0.0,0.0,0.0,0.0,0.0
467969,0.0,0.0,0.0,0.0,0.0,1.0,0.0
467977,0.0,0.0,0.0,0.0,0.0,2.0,0.0
468477,0.0,0.0,0.0,0.0,0.0,0.0,0.0
468949,0.0,0.0,0.0,0.0,0.0,1.0,0.0
469449,0.0,0.0,0.0,0.0,0.0,0.0,0.0
469906,0.0,0.0,0.0,0.0,0.0,1.0,0.0
470406,0.0,0.0,0.0,0.0,0.0,0.0,0.0
470749,0.0,0.0,0.0,0.0,0.0,1.0,0.0
471249,0.0,0.0,0.0,0.0,0.0,0.0,0.0
471454,0.0,0.0,0.0,0.0,0.0,1.0,0.0
471954,0.0,0.0,0.0,0.0,0.0,0.0,0.0
473551,0.0,0.0,0.0,0.0,0.0,1.0,0.0
474051,0.0,0.0,0.0,0.0,0.0,0.0,0.0
474427,0.0,0.0,0.0,0.0,0.0,1.0,0.0
474927,0.0,0.0,0.0,0.0,0.0,0.0,0.0
475378,0.0,0.0,0.0,0.0,0.0,1.0,0.0
475382,0.0,0.0,0.0,0.0,0.0,2.0,0.0
475882,0.0,0.0,0.0,0.0,0.0,0.0,0.0
476121,0.0,0.0,0.0,0.0,0.0,1.0,0.0
476124,0.0,0.0,0.0,0.0,0.0,2.0,0.0
476624,0.0,0.0,0.0,0.0,0.0,0.0,0.0
476937,0.0,0.0,0.0,0.0,0.0,1.0,0.0
476939,0.0,0.0,0.0,0.0,0.0,2.0,0.0
477439,0.0,0.0,0.0,0.0,0.0,0.0,0.0
477451,0.0,0.0,0.0,0.0,0.0,1.0,0.0
477557,0.0,0.0,0.0,0.0,0.0,2.0,0.0
478057,0.0,0.0,0.0,0.0,0.0,0.0,0.0
478223,0.0,0.0,0.0,0.0,0.0,1.0,0.0
478712,0.0,0.0,0.0,0.0,0.0,2.0,0.0
479212,0.0,0.0,0.0,0.0,0.0,0.0,0.0
480125,0.0,0.0,0.0,0.0,0.0,1.0,0.0
480250,0.0,0.0,0.0,0.0,0.0,2.0,0.0
480750,0.0,0.0,0.0,0.0,0.0,0.0,0.0
482719,0.0,0.0,0.0,0.0,0.0,1.0,0.0
483219,0.0,0.0,0.0,0.0,0.0,0.0,0.0
483923,0.0,0.0,0.0,0.0,0.0,1.0,0.0
484423,0.0,0.0,0.0,0.0,0.0,0.0,0.0
484621,0.0,0.0,0.0,0.0,0.0,1.0,0.0
484733,0.0,0.0,0.0,0.0,0.0,2.0,0.0
485233,0.0,0.0,0.0,0.0,0.0,0.0,0.0
486367,0.0,0.0,0.0,0.0,0.0,1.0,0.0
486694,0.0,0.0,0.0,0.0,0.0,2.0,0.0
486695,0.0,0.0,0.0,0.0,1.0,2.0,0.0
487194,0.0,0.0,0.0,0.0,1.0,0.0,0.0
487195,0.0,0.0,0.0,0.0,0.0,0.0,0.0
487369,0.0,0.0,0.0,0.0,0.0,1.0,0.0
487457,0.0,0.0,0.0,0.0,1.0,1.0,0.0
487461,0.0,0.0,0.0,0.0,1.0,2.0,0.0
487525,0.0,0.0,0.0,0.0,2.0,2.0,0.0
487961,0.0,0.0,0.0,0.0,2.0,0.0,0.0
488025,0.0,0.0,0.0,0.0,0.0,0.0,0.0
488059,0.0,0.0,0.0,0.0,0.0,1.0,0.0
488332,0.0,0.0,0.0,0.0,0.0,2.0,0.0
488709,0.0,0.0,0.0,0.0,1.0,2.0,0.0
488832,0.0,0.0,0.0,0.0,1.0,0.0,0.0
489209,0.0,0.0,0.0,0.0,0.0,0.0,0.0
489588,0.0,0.0,0.0,0.0,0.0,1.0,0.0
489600,0.0,0.0,0.0,0.0,0.0,2.0,0.0
490100,0.0,0.0,0.0,0.0,0.0,0.0,0.0
490721,0.0,0.0,0.0,0.0,0.0,1.0,0.0
490936,0.0,0.0,0.0,0.0,0.0,2.0,0.0
491436,0.0,0.0,0.0,0.0,0.0,0.0,0.0
491785,0.0,0.0,0.0,0.0,0.0,1.0,0.0
491794,0.0,0.0,0.0,0.0,0.0,2.0,0.0
492028,0.0,2.0,0.0,0.0,0.0,2.0,0.0
492294,0.0,2.0,0.0,0.0,0.0,0.0,0.0
492528,0.0,0.0,0.0,0.0,0.0,0.0,0.0
492835,0.0,0.0,0.0,0.0,0.0,1.0,0.0
493335,0.0,0.0,0.0,0.0,0.0,0.0,0.0
495382,0.0,0.0,0.0,0.0,0.0,1.0,0.0
495882,0.0,0.0,0.0,0.0,0.0,0.0,0.0
495889,0.0,0.0,0.0,0.0,0.0,1.0,0.0
496040,0.0,0.0,0.0,0.0,0.0,2.0,0.0
496540,0.0,0.0,0.0,0.0,0.0,0.0,0.0
496841,0.0,0.0,0.0,0.0,0.0,1.0,0.0
497341,0.0,0.0,0.0,0.0,0.0,0.0,0.0
499146,0.0,0.0,0.0,0.0,0.0,1.0,0.0
499646,0.0,0.0,0.0,0.0,0.0,0.0,0.0
501244,0.0,0.0,0.0,0.0,0.0,1.0,0.0
501744,0.0,0.0,0.0,0.0,0.0,0.0,0.0
503338,0.0,0.0,0.0,0.0,0.0,1.0,0.0
503838,0.0,0.0,0.0,0.0,0.0,0.0,0.0
504627,0.0,0.0,0.0,0.0,0.0,1.0,0.0
505127,0.0,0.0,0.0,0.0,0.0,0.0,0.0
505322,0.0,0.0,0.0,0.0,0.0,1.0,0.0
505822,0.0,0.0,0.0,0.0,0.0,0.0,0.0
505891,0.0,0.0,0.0,0.0,0.0,1.0,0.0
506391,0.0,0.0,0.0,0.0,0.0,0.0,0.0
507157,0.0,0.0,0.0,0.0,0.0,1.0,0.0
507657,0.0,0.0,0.0,0.0,0.0,0.0,0.0
507718,0.0,0.0,0.0,0.0,0.0,1.0,0.0
508218,0.0,0.0,0.0,0.0,0.0,0.0,0.0
508577,0.0,0.0,0.0,0.0,0.0,1.0,0.0
508578,0.0,0.0,0.0,0.0,0.0,2.0,0.0
509078,0.0,0.0,0.0,0.0,0.0,0.0,0.0
510830,0.0,0.0,0.0,0.0,0.0,1.0,0.0
511330,0.0,0.0,0.0,0.0,0.0,0.0,0.0
512864,0.0,0.0,0.0,0.0,0.0,1.0,0.0
513026,0.0,0.0,0.0,0.0,0.0,2.0,0.0
513526,0.0,0.0,0.0,0.0,0.0,0.0,0.0
514260,0.0,0.0,0.0,0.0,0.0,1.0,0.0
514263,0.0,0.0,0.0,0.0,0.0,2.0,0.0
514763,0.0,0.0,0.0,0.0,0.0,0.0,0.0
516152,0.0,0.0,0.0,0.0,0.0,1.0,0.0
516652,0.0,0.0,0.0,0.0,0.0,0.0,0.0
517491,0.0,0.0,0.0,0.0,0.0,1.0,0.0
517991,0.0,0.0,0.0,0.0,0.0,0.0,0.0
521150,0.0,0.0,0.0,0.0,1.0,0.0,0.0
521155,0.0,0.0,0.0,0.0,1.0,1.0,0.0
521650,0.0,0.0,0.0,0.0,0.0,1.0,0.0
521655,0.0,0.0,0.0,0.0,0.0,0.0,0.0
522560,0.0,0.0,0.0,0.0,0.0,1.0,0.0
523060,0.0,0.0,0.0,0.0,0.0,0.0,0.0
523293,0.0,0.0,0.0,0.0,0.0,1.0,0.0
523793,0.0,0.0,0.0,0.0,0.0,0.0,0.0
526028,0.0,0.0,0.0,0.0,0.0,1.0,0.0
526528,0.0,0.0,0.0,0.0,0.0,0.0,0.0
526733,0.0,0.0,0.0,0.0,0.0,1.0,0.0
527233,0.0,0.0,0.0,0.0,0.0,0.0,0.0
528047,0.0,0.0,0.0,0.0,0.0,1.0,0.0
528547,0.0,0.0,0.0,0.0,0.0,0.0,0.0
529091,0.0,0.0,0.0,0.0,0.0,1.0,0.0
529591,0.0,0.0,0.0,0.0,0.0,0.0,0.0
532160,0.0,0.0,0.0,0.0,0.0,1.0,0.0
532660,0.0,0.0,0.0,0.0,0.0,0.0,0.0
533235,0.0,0.0,0.0,0.0,0.0,1.0,0.0
533735,0.0,0.0,0.0,0.0,0.0,0.0,0.0
533881,0.0,0.0,0.0,0.0,0.0,1.0,0.0
534381,0.0,0.0,0.0,0.0,0.0,0.0,0.0
534416,0.0,0.0,0.0,0.0,0.0,1.0,0.0
534916,0.0,0.0,0.0,0.0,0.0,0.0,0.0
535068,0.0,0.0,0.0,0.0,0.0,1.0,0.0
535568,0.0,0.0,0.0,0.0,0.0,0.0,0.0
537175,0.0,0.0,0.0,0.0,0.0,1.0,0.0
537675,0.0,0.0,0.0,0.0,0.0,0.0,0.0
537705,0.0,0.0,0.0,0.0,0.0,1.0,0.0
538205,0.0,0.0,0.0,0.0,0.0,0.0,0.0
540849,0.0,0.0,0.0,0.0,0.0,1.0,0.0
541349,0.0,0.0,0.0,0.0,0.0,0.0,0.0
541361,0.0,0.0,0.0,0.0,0.0,1.0,0.0
541861,0.0,0.0,0.0,0.0,0.0,0.0,0.0
543419,0.0,0.0,0.0,0.0,0.0,1.0,0.0
543919,0.0,0.0,0.0,0.0,0.0,0.0,0.0
544299,0.0,0.0,0.0,0.0,0.0,1.0,0.0
544302,0.0,0.0,0.0,0.0,0.0,2.0,0.0
544802,0.0,0.0,0.0,0.0,0.0,0.0,0.0
545824,0.0,0.0,0.0,0.0,0.0,1.0,0.0
546324,0.0,0.0,0.0,0.0,0.0,0.0,0.0
548191,0.0,0.0,0.0,0.0,0.0,1.0,0.0
548691,0.0,0.0,0.0,0.0,0.0,0.0,0.0
550057,0.0,0.0,0.0,0.0,0.0,1.0,0.0
550557,0.0,0.0,0.0,0.0,0.0,0.0,0.0
554924,0.0,0.0,0.0,0.0,0.0,1.0,0.0
555424,0.0,0.0,0.0,0.0,0.0,0.0,0.0
557964,0.0,0.0,0.0,0.0,0.0,1.0,0.0
558464,0.0,0.0,0.0,0.0,0.0,0.0,0.0
560102,0.0,0.0,0.0,0.0,0.0,1.0,0.0
560602,0.0,0.0,0.0,0.0,0.0,0.0,0.0
562562,0.0,0.0,0.0,0.0,0.0,1.0,0.0
562572,0.0,0.0,0.0,0.0,0.0,2.0,0.0
563072,0.0,0.0,0.0,0.0,0.0,0.0,0.0
563990,0.0,0.0,0.0,0.0,0.0,1.0,0.0
564490,0.0,0.0,0.0,0.0,0.0,0.0,0.0
565276,0.0,0.0,0.0,0.0,0.0,1.0,0.0
565776,0.0,0.0,0.0,0.0,0.0,0.0,0.0
568710,0.0,0.0,0.0,0.0,0.0,1.0,0.0
569210,0.0,0.0,0.0,0.0,0.0,0.0,0.0
570412,0.0,0.0,0.0,0.0,0.0,1.0,0.0
570912,0.0,0.0,0.0,0.0,0.0,0.0,0.0
571063,0.0,0.0,0.0,0.0,0.0,1.0,0.0
571563,0.0,0.0,0.0,0.0,0.0,0.0,0.0
571787,0.0,0.0,0.0,0.0,0.0,1.0,0.0
572287,0.0,0.0,0.0,0.0,0.0,0.0,0.0
575208,0.0,0.0,0.0,0.0,0.0,1.0,0.0
575708,0.0,0.0,0.0,0.0,0.0,0.0,0.0
579197,0.0,0.0,0.0,0.0,0.0,1.0,0.0
579697,0.0,0.0,0.0,0.0,0.0,0.0,0.0
581165,0.0,0.0,0.0,0.0,0.0,1.0,0.0
581665,0.0,0.0,0.0,0.0,0.0,0.0,0.0
583099,0.0,0.0,0.0,0.0,0.0,1.0,0.0
583599,0.0,0.0,0.0,0.0,0.0,0.0,0.0
586258,0.0,0.0,0.0,0.0,0.0,1.0,0.0
586758,0.0,0.0,0.0,0.0,0.0,0.0,0.0
588223,0.0,0.0,0.0,0.0,0.0,1.0,0.0
588723,0.0,0.0,0.0,0.0,0.0,0.0,0.0
591329,0.0,0.0,0.0,0.0,0.0,1.0,0.0
591829,0.0,0.0,0.0,0.0,0.0,0.0,0.0
592122,0.0,0.0,0.0,0.0,0.0,1.0,0.0
592622,0.0,0.0,0.0,0.0,0.0,0.0,0.0
595616,0.0,0.0,0.0,0.0,0.0,1.0,0.0
595621,0.0,0.0,0.0,0.0,0.0,2.0,0.0
596121,0.0,0.0,0.0,0.0,0.0,0.0,0.0
598326,0.0,0.0,0.0,0.0,0.0,1.0,0.0
598826,0.0,0.0,0.0,0.0,0.0,0.0,0.0
598997,0.0,0.0,0.0,0.0,0.0,1.0,0.0
599497,0.0,0.0,0.0,0.0,0.0,0.0,0.0
599869,0.0,0.0,0.0,0.0,0.0,1.0,0.0
600000,0.0,0.0,0.0,0.0,0.0,1.0,1.0
600130,0.0,0.0,0.0,0.0,0.0,2.0,1.0
600223,2.0,0.0,0.0,0.0,0.0,2.0,1.0
600235,2.0,2.0,0.0,0.0,0.0,2.0,1.0
600351,2.0,2.0,0.0,0.0,1.0,2.0,1.0
600425,2.0,2.0,0.0,0.0,2.0,2.0,1.0
600500,2.0,2.0,0.0,0.0,2.0,2.0,0.0
600630,2.0,2.0,0.0,0.0,2.0,0.0,0.0
600723,0.0,2.0,0.0,0.0,2.0,0.0,0.0
600735,0.0,0.0,0.0,0.0,2.0,0.0,0.0
600925,0.0,0.0,0.0,0.0,0.0,0.0,0.0
601683,0.0,0.0,0.0,0.0,0.0,1.0,0.0
601685,0.0,0.0,0.0,0.0,1.0,1.0,0.0
602183,0.0,0.0,0.0,0.0,1.0,0.0,0.0
602185,0.0,0.0,0.0,0.0,0.0,0.0,0.0
602322,0.0,0.0,1.0,0.0,0.0,0.0,0.0
603841,0.0,0.0,1.0,0.0,0.0,1.0,0.0
604341,0.0,0.0,1.0,0.0,0.0,0.0,0.0
604390,0.0,0.0,1.0,0.0,0.0,1.0,0.0
604404,0.0,0.0,1.0,0.0,0.0,2.0,0.0
604904,0.0,0.0,1.0,0.0,0.0,0.0,0.0
604993,0.0,0.0,2.0,0.0,0.0,0.0,0.0
605015,0.0,0.0,2.0,0.0,0.0,1.0,0.0
605493,0.0,0.0,0.0,0.0,0.0,1.0,0.0
605515,0.0,0.0,0.0,0.0,0.0,0.0,0.0
606175,0.0,0.0,0.0,0.0,0.0,1.0,0.0
606675,0.0,0.0,0.0,0.0,0.0,0.0,0.0
606732,0.0,0.0,0.0,0.0,0.0,1.0,0.0
606745,0.0,0.0,0.0,0.0,1.0,1.0,0.0
607038,0.0,0.0,0.0,0.0,1.0,2.0,0.0
607245,0.0,0.0,0.0,0.0,0.0,2.0,0.0
607538,0.0,0.0,0.0,0.0,0.0,0.0,0.0
607983,0.0,0.0,0.0,0.0,0.0,1.0,0.0
607985,0.0,0.0,0.0,0.0,0.0,2.0,0.0
608485,0.0,0.0,0.0,0.0,0.0,0.0,0.0
609147,0.0,0.0,0.0,0.0,0.0,1.0,0.0
609647,0.0,0.0,0.0,0.0,0.0,0.0,0.0
609840,0.0,0.0,0.0,0.0,0.0,1.0,0.0
609903,0.0,0.0,0.0,0.0,0.0,2.0,0.0
610403,0.0,0.0,0.0,0.0,0.0,0.0,0.0
610842,0.0,0.0,0.0,0.0,0.0,1.0,0.0
611342,0.0,0.0,0.0,0.0,0.0,0.0,0.0
613044,0.0,0.0,0.0,0.0,0.0,1.0,0.0
613049,0.0,0.0,0.0,0.0,1.0,1.0,0.0
613544,0.0,0.0,0.0,0.0,1.0,0.0,0.0
613549,0.0,0.0,0.0,0.0,0.0,0.0,0.0
614111,0.0,0.0,0.0,0.0,0.0,1.0,0.0
614113,0.0,0.0,0.0,0.0,0.0,2.0,0.0
614613,0.0,0.0,0.0,0.0,0.0,0.0,0.0
615008,0.0,0.0,0.0,0.0,0.0,1.0,0.0
615012,0.0,0.0,0.0,0.0,0.0,2.0,0.0
615512,0.0,0.0,0.0,0.0,0.0,0.0,0.0
615632,0.0,0.0,0.0,0.0,0.0,1.0,0.0
616132,0.0,0.0,0.0,0.0,0.0,0.0,0.0
617160,0.0,0.0,0.0,0.0,0.0,1.0,0.0
617164,0.0,0.0,0.0,0.0,0.0,2.0,0.0
617664,0.0,0.0,0.0,0.0,0.0,0.0,0.0
617795,0.0,0.0,0.0,0.0,0.0,1.0,0.0
617807,0.0,0.0,0.0,0.0,0.0,2.0,0.0
618307,0.0,0.0,0.0,0.0,0.0,0.0,0.0
619270,0.0,0.0,0.0,0.0,0.0,1.0,0.0
619770,0.0,0.0,0.0,0.0,0.0,0.0,0.0
619851,0.0,0.0,0.0,0.0,0.0,1.0,0.0
619853,0.0,0.0,0.0,0.0,0.0,2.0,0.0
620353,0.0,0.0,0.0,0.0,0.0,0.0,0.0
620513,0.0,0.0,0.0,0.0,0.0,1.0,0.0
621013,0.0,0.0,0.0,0.0,0.0,0.0,0.0
621080,0.0,0.0,0.0,0.0,0.0,1.0,0.0
621087,0.0,0.0,0.0,0.0,0.0,2.0,0.0
621587,0.0,0.0,0.0,0.0,0.0,0.0,0.0
621676,0.0,0.0,0.0,0.0,0.0,1.0,0.0
622176,0.0,0.0,0.0,0.0,0.0,0.0,0.0
623522,0.0,0.0,0.0,0.0,0.0,1.0,0.0
624022,0.0,0.0,0.0,0.0,0.0,0.0,0.0
624306,0.0,0.0,0.0,0.0,0.0,1.0,0.0
624806,0.0,0.0,0.0,0.0,0.0,0.0,0.0
625377,0.0,0.0,0.0,0.0,0.0,1.0,0.0
625844,0.0,0.0,0.0,0.0,0.0,2.0,0.0
626344,0.0,0.0,0.0,0.0,0.0,0.0,0.0
626367,0.0,0.0,0.0,0.0,0.0,1.0,0.0
626867,0.0,0.0,0.0,0.0,0.0,0.0,0.0
627755,0.0,0.0,0.0,0.0,0.0,1.0,0.0
628255,0.0,0.0,0.0,0.0,0.0,0.0,0.0
628855,0.0,0.0,0.0,0.0,0.0,1.0,0.0
629355,0.0,0.0,0.0,0.0,0.0,0.0,0.0
629526,0.0,0.0,0.0,0.0,0.0,1.0,0.0
630026,0.0,0.0,0.0,0.0,0.0,0.0,0.0
630314,0.0,0.0,0.0,0.0,0.0,1.0,0.0
630713,0.0,0.0,0.0,0.0,0.0,2.0,0.0
631213,0.0,0.0,0.0,0.0,0.0,0.0,0.0
632143,0.0,0.0,0.0,0.0,0.0,1.0,0.0
632228,0.0,0.0,0.0,0.0,0.0,2.0,0.0
632685,0.0,2.0,0.0,0.0,0.0,2.0,0.0
632728,0.0,2.0,0.0,0.0,0.0,0.0,0.0
633107,0.0,2.0,1.0,0.0,0.0,0.0,0.0
633185,0.0,0.0,1.0,0.0,0.0,0.0,0.0
633322,0.0,0.0,1.0,0.0,0.0,1.0,0.0
633607,0.0,0.0,0.0,0.0,0.0,1.0,0.0
633822,0.0,0.0,0.0,0.0,0.0,0.0,0.0
633992,0.0,0.0,0.0,0.0,0.0,1.0,0.0
634000,0.0,0.0,0.0,0.0,0.0,2.0,0.0
634500,0.0,0.0,0.0,0.0,0.0,0.0,0.0
634501,0.0,0.0,0.0,0.0,0.0,1.0,0.0
634513,0.0,0.0,0.0,0.0,0.0,2.0,0.0
635013,0.0,0.0,0.0,0.0,0.0,0.0,0.0
636040,0.0,0.0,0.0,0.0,0.0,1.0,0.0
636044,0.0,0.0,0.0,0.0,0.0,2.0,0.0
636544,0.0,0.0,0.0,0.0,0.0,0.0,0.0
636784,0.0,0.0,0.0,0.0,0.0,1.0,0.0
637284,0.0,0.0,0.0,0.0,0.0,0.0,0.0
637812,0.0,0.0,0.0,0.0,0.0,1.0,0.0
637814,0.0,0.0,0.0,0.0,0.0,2.0,0.0
638270,0.0,0.0,0.0,0.0,1.0,2.0,0.0
638308,0.0,2.0,0.0,0.0,1.0,2.0,0.0
638314,0.0,2.0,0.0,0.0,1.0,0.0,0.0
638393,0.0,2.0,0.0,0.0,1.0,1.0,0.0
638770,0.0,2.0,0.0,0.0,0.0,1.0,0.0
638808,0.0,0.0,0.0,0.0,0.0,1.0,0.0
638893,0.0,0.0,0.0,0.0,0.0,0.0,0.0
638922,0.0,0.0,0.0,0.0,0.0,1.0,0.0
639333,0.0,0.0,0.0,0.0,0.0,2.0,0.0
639833,0.0,0.0,0.0,0.0,0.0,0.0,0.0
640614,0.0,0.0,0.0,0.0,0.0,1.0,0.0
641114,0.0,0.0,0.0,0.0,0.0,0.0,0.0
641603,0.0,0.0,0.0,0.0,0.0,1.0,0.0
641608,0.0,0.0,0.0,0.0,0.0,2.0,0.0
642108,0.0,0.0,0.0,0.0,0.0,0.0,0.0
642206,0.0,0.0,0.0,0.0,0.0,1.0,0.0
642706,0.0,0.0,0.0,0.0,0.0,0.0,0.0
642765,0.0,0.0,0.0,0.0,0.0,1.0,0.0
643008,0.0,0.0,0.0,0.0,0.0,2.0,0.0
643508,0.0,0.0,0.0,0.0,0.0,0.0,0.0
644137,0.0,0.0,0.0,0.0,0.0,1.0,0.0
644637,0.0,0.0,0.0,0.0,0.0,0.0,0.0
644862,0.0,0.0,0.0,0.0,0.0,1.0,0.0
644868,0.0,0.0,0.0,0.0,0.0,2.0,0.0
645368,0.0,0.0,0.0,0.0,0.0,0.0,0.0
646064,0.0,0.0,0.0,0.0,0.0,1.0,0.0
646564,0.0,0.0,0.0,0.0,0.0,0.0,0.0
646656,0.0,0.0,0.0,0.0,0.0,1.0,0.0
646669,0.0,2.0,0.0,0.0,0.0,1.0,0.0
647156,0.0,2.0,0.0,0.0,0.0,0.0,0.0
647169,0.0,0.0,0.0,0.0,0.0,0.0,0.0
647257,0.0,0.0,0.0,0.0,0.0,1.0,0.0
647757,0.0,0.0,0.0,0.0,0.0,0.0,0.0
647789,0.0,0.0,0.0,0.0,0.0,1.0,0.0
647792,0.0,0.0,0.0,0.0,0.0,2.0,0.0
648292,0.0,0.0,0.0,0.0,0.0,0.0,0.0
648815,0.0,0.0,0.0,0.0,0.0,1.0,0.0
648956,0.0,0.0,0.0,0.0,0.0,2.0,0.0
649456,0.0,0.0,0.0,0.0,0.0,0.0,0.0
650683,0.0,0.0,0.0,0.0,0.0,1.0,0.0
651183,0.0,0.0,0.0,0.0,0.0,0.0,0.0
651221,0.0,0.0,0.0,0.0,0.0,1.0,0.0
651721,0.0,0.0,0.0,0.0,0.0,0.0,0.0
651874,0.0,0.0,0.0,0.0,0.0,1.0,0.0
652874,0.0,0.0,0.0,0.0,0.0,0.0,0.0
653792,0.0,0.0,0.0,0.0,0.0,1.0,0.0
653794,0.0,0.0,0.0,0.0,0.0,2.0,0.0
654294,0.0,0.0,0.0,0.0,0.0,0.0,0.0
654695,0.0,0.0,0.0,0.0,0.0,1.0,0.0
655195,0.0,0.0,0.0,0.0,0.0,0.0,0.0
656086,0.0,0.0,0.0,0.0,0.0,1.0,0.0
656586,0.0,0.0,0.0,0.0,0.0,0.0,0.0
657571,0.0,0.0,0.0,0.0,0.0,1.0,0.0
658071,0.0,0.0,0.0,0.0,0.0,0.0,0.0
658124,0.0,0.0,0.0,0.0,0.0,1.0,0.0
658624,0.0,0.0,0.0,0.0,0.0,0.0,0.0
658641,0.0,0.0,0.0,0.0,0.0,1.0,0.0
659141,0.0,0.0,0.0,0.0,0.0,0.0,0.0
659398,0.0,0.0,0.0,0.0,0.0,1.0,0.0
659898,0.0,0.0,0.0,0.0,0.0,0.0,0.0
660113,0.0,0.0,0.0,0.0,0.0,1.0,0.0
660613,0.0,0.0,0.0,0.0,0.0,0.0,0.0
661747,0.0,0.0,0.0,0.0,0.0,1.0,0.0
662247,0.0,0.0,0.0,0.0,0.0,0.0,0.0
662445,0.0,0.0,0.0,0.0,0.0,1.0,0.0
662945,0.0,0.0,0.0,0.0,0.0,0.0,0.0
663207,0.0,0.0,0.0,0.0,0.0,1.0,0.0
663211,0.0,0.0,0.0,0.0,0.0,2.0,0.0
663711,0.0,0.0,0.0,0.0,0.0,0.0,0.0
663774,0.0,0.0,0.0,0.0,0.0,1.0,0.0
664274,0.0,0.0,0.0,0.0,0.0,0.0,0.0
664745,0.0,0.0,0.0,0.0,0.0,1.0,0.0
665245,0.0,0.0,0.0,0.0,0.0,0.0,0.0
665315,0.0,0.0,0.0,0.0,0.0,1.0,0.0
665815,0.0,0.0,0.0,0.0,0.0,0.0,0.0
667218,0.0,0.0,0.0,0.0,0.0,1.0,0.0
667267,0.0,0.0,0.0,0.0,0.0,2.0,0.0
667767,0.0,0.0,0.0,0.0,0.0,0.0,0.0
668235,0.0,0.0,0.0,0.0,0.0,1.0,0.0
668461,0.0,0.0,0.0,0.0,0.0,2.0,0.0
668961,0.0,0.0,0.0,0.0,0.0,0.0,0.0
669121,0.0,0.0,0.0,0.0,0.0,1.0,0.0
669360,0.0,0.0,0.0,0.0,0.0,2.0,0.0
669860,0.0,0.0,0.0,0.0,0.0,0.0,0.0
670449,0.0,0.0,0.0,0.0,0.0,1.0,0.0
670583,0.0,0.0,0.0,0.0,0.0,2.0,0.0
671083,0.0,0.0,0.0,0.0,0.0,0.0,0.0
671384,0.0,0.0,0.0,0.0,1.0,0.0,0.0
671401,0.0,0.0,0.0,0.0,1.0,1.0,0.0
671407,0.0,0.0,0.0,0.0,1.0,2.0,0.0
671884,0.0,0.0,0.0,0.0,0.0,2.0,0.0
671907,0.0,0.0,0.0,0.0,0.0,0.0,0.0
672821,0.0,0.0,0.0,0.0,0.0,1.0,0.0
673179,0.0,0.0,0.0,0.0,0.0,2.0,0.0
673679,0.0,0.0,0.0,0.0,0.0,0.0,0.0
674285,0.0,0.0,0.0,0.0,0.0,1.0,0.0
674676,0.0,0.0,0.0,0.0,0.0,2.0,0.0
675176,0.0,0.0,0.0,0.0,0.0,0.0,0.0
675188,0.0,0.0,0.0,0.0,0.0,1.0,0.0
675688,0.0,0.0,0.0,0.0,0.0,0.0,0.0
676276,0.0,0.0,0.0,0.0,0.0,1.0,0.0
676603,0.0,0.0,0.0,0.0,0.0,2.0,0.0
677103,0.0,0.0,0.0,0.0,0.0,0.0,0.0
677435,0.0,0.0,0.0,0.0,0.0,1.0,0.0
677935,0.0,0.0,0.0,0.0,0.0,0.0,0.0
679398,0.0,0.0,0.0,0.0,0.0,1.0,0.0
679405,0.0,0.0,0.0,0.0,0.0,2.0,0.0
679905,0.0,0.0,0.0,0.0,0.0,0.0,0.0
680985,0.0,0.0,0.0,0.0,0.0,1.0,0.0
680988,0.0,0.0,0.0,0.0,0.0,2.0,0.0
681488,0.0,0.0,0.0,0.0,0.0,0.0,0.0
682475,0.0,0.0,0.0,0.0,0.0,1.0,0.0
682975,0.0,0.0,0.0,0.0,0.0,0.0,0.0
683284,0.0,0.0,0.0,0.0,0.0,1.0,0.0
683784,0.0,0.0,0.0,0.0,0.0,0.0,0.0
684066,0.0,0.0,0.0,0.0,0.0,1.0,0.0
684566,0.0,0.0,0.0,0.0,0.0,0.0,0.0
684643,0.0,0.0,0.0,0.0,0.0,1.0,0.0
685143,0.0,0.0,0.0,0.0,0.0,0.0,0.0
685600,0.0,0.0,0.0,0.0,0.0,1.0,0.0
685943,0.0,0.0,0.0,0.0,0.0,2.0,0.0
686443,0.0,0.0,0.0,0.0,0.0,0.0,0.0
687006,0.0,0.0,0.0,0.0,0.0,1.0,0.0
687506,0.0,0.0,0.0,0.0,0.0,0.0,0.0
687848,0.0,0.0,0.0,0.0,0.0,1.0,0.0
687852,0.0,0.0,0.0,0.0,0.0,2.0,0.0
688352,0.0,0.0,0.0,0.0,0.0,0.0,0.0
688677,0.0,0.0,0.0,0.0,0.0,1.0,0.0
688679,0.0,0.0,0.0,0.0,0.0,2.0,0.0
689179,0.0,0.0,0.0,0.0,0.0,0.0,0.0
689651,0.0,0.0,0.0,0.0,0.0,1.0,0.0
690151,0.0,0.0,0.0,0.0,0.0,0.0,0.0
690701,0.0,0.0,0.0,0.0,0.0,1.0,0.0
691201,0.0,0.0,0.0,0.0,0.0,0.0,0.0
691238,0.0,0.0,0.0,0.0,0.0,1.0,0.0
691738,0.0,0.0,0.0,0.0,0.0,0.0,0.0
691845,0.0,0.0,0.0,0.0,0.0,1.0,0.0
691851,0.0,0.0,0.0,0.0,1.0,1.0,0.0
692345,0.0,0.0,0.0,0.0,1.0,0.0,0.0
692351,0.0,0.0,0.0,0.0,0.0,0.0,0.0
692633,0.0,0.0,0.0,0.0,0.0,1.0,0.0
692872,0.0,0.0,0.0,0.0,0.0,2.0,0.0
693372,0.0,0.0,0.0,0.0,0.0,0.0,0.0
693378,0.0,0.0,0.0,0.0,0.0,1.0,0.0
693380,0.0,0.0,0.0,0.0,0.0,2.0,0.0
693880,0.0,0.0,0.0,0.0,0.0,0.0,0.0
693930,0.0,0.0,0.0,0.0,0.0,1.0,0.0
693938,0.0,0.0,0.0,0.0,0.0,2.0,0.0
694438,0.0,0.0,0.0,0.0,0.0,0.0,0.0
694993,0.0,0.0,0.0,0.0,0.0,1.0,0.0
695493,0.0,0.0,0.0,0.0,0.0,0.0,0.0
695549,0.0,0.0,0.0,0.0,0.0,1.0,0.0
695661,0.0,0.0,0.0,0.0,0.0,2.0,0.0
696161,0.0,0.0,0.0,0.0,0.0,0.0,0.0
696391,0.0,0.0,0.0,0.0,0.0,1.0,0.0
696891,0.0,0.0,0.0,0.0,0.0,0.0,0.0
697966,0.0,0.0,0.0,0.0,0.0,1.0,0.0
698466,0.0,0.0,0.0,0.0,0.0,0.0,0.0
698537,0.0,0.0,0.0,0.0,0.0,1.0,0.0
698711,0.0,0.0,0.0,0.0,0.0,2.0,0.0
699211,0.0,0.0,0.0,0.0,0.0,0.0,0.0
699265,0.0,0.0,0.0,0.0,0.0,1.0,0.0
699765,0.0,0.0,0.0,0.0,0.0,0.0,0.0
704035,0.0,0.0,0.0,0.0,1.0,0.0,0.0
704535,0.0,0.0,0.0,0.0,0.0,0.0,0.0
706031,0.0,0.0,0.0,0.0,0.0,1.0,0.0
706118,0.0,0.0,0.0,0.0,1.0,1.0,0.0
706531,0.0,0.0,0.0,0.0,1.0,0.0,0.0
706618,0.0,0.0,0.0,0.0,0.0,0.0,0.0
708627,0.0,0.0,0.0,0.0,0.0,1.0,0.0
709127,0.0,0.0,0.0,0.0,0.0,0.0,0.0
711598,0.0,0.0,0.0,0.0,0.0,1.0,0.0
712098,0.0,0.0,0.0,0.0,0.0,0.0,0.0
713848,0.0,0.0,0.0,0.0,0.0,1.0,0.0
714348,0.0,0.0,0.0,0.0,0.0,0.0,0.0
719027,0.0,0.0,0.0,0.0,0.0,1.0,0.0
719527,0.0,0.0,0.0,0.0,0.0,0.0,0.0
720210,0.0,0.0,0.0,0.0,0.0,1.0,0.0
720212,0.0,0.0,0.0,0.0,0.0,2.0,0.0
720712,0.0,0.0,0.0,0.0,0.0,0.0,0.0
722334,0.0,0.0,0.0,0.0,0.0,1.0,0.0
722834,0.0,0.0,0.0,0.0,0.0,0.0,0.0
726275,0.0,0.0,0.0,0.0,0.0,1.0,0.0
726775,0.0,0.0,0.0,0.0,0.0,0.0,0.0
727227,0.0,0.0,0.0,0.0,0.0,1.0,0.0
727727,0.0,0.0,0.0,0.0,0.0,0.0,0.0
727932,0.0,0.0,0.0,0.0,0.0,1.0,0.0
728432,0.0,0.0,0.0,0.0,0.0,0.0,0.0
728711,0.0,0.0,0.0,0.0,0.0,1.0,0.0
728716,0.0,0.0,0.0,0.0,0.0,2.0,0.0
729216,0.0,0.0,0.0,0.0,0.0,0.0,0.0
733674,0.0,0.0,0.0,0.0,0.0,1.0,0.0
734174,0.0,0.0,0.0,0.0,0.0,0.0,0.0
734643,0.0,0.0,0.0,0.0,0.0,1.0,0.0
735077,0.0,0.0,0.0,0.0,0.0,2.0,0.0
735577,0.0,0.0,0.0,0.0,0.0,0.0,0.0
736857,0.0,0.0,0.0,0.0,0.0,1.0,0.0
737357,0.0,0.0,0.0,0.0,0.0,0.0,0.0
738146,0.0,0.0,0.0,0.0,0.0,1.0,0.0
738646,0.0,0.0,0.0,0.0,0.0,0.0,0.0
738710,0.0,0.0,0.0,0.0,0.0,1.0,0.0
739210,0.0,0.0,0.0,0.0,0.0,0.0,0.0
740758,0.0,0.0,0.0,0.0,0.0,1.0,0.0
741258,0.0,0.0,0.0,0.0,0.0,0.0,0.0
743429,0.0,0.0,0.0,0.0,0.0,1.0,0.0
743929,0.0,0.0,0.0,0.0,0.0,0.0,0.0
744090,0.0,0.0,0.0,0.0,0.0,1.0,0.0
744590,0.0,0.0,0.0,0.0,0.0,0.0,0.0
745677,0.0,0.0,0.0,0.0,0.0,1.0,0.0
746177,0.0,0.0,0.0,0.0,0.0,0.0,0.0
748219,0.0,0.0,0.0,0.0,0.0,1.0,0.0
748231,0.0,0.0,0.0,0.0,0.0,2.0,0.0
748731,0.0,0.0,0.0,0.0,0.0,0.0,0.0
750978,0.0,0.0,0.0,0.0,0.0,1.0,0.0
751478,0.0,0.0,0.0,0.0,0.0,0.0,0.0
752203,0.0,0.0,0.0,0.0,0.0,1.0,0.0
752703,0.0,0.0,0.0,0.0,0.0,0.0,0.0
753405,0.0,0.0,0.0,0.0,0.0,1.0,0.0
753408,0.0,0.0,0.0,0.0,0.0,2.0,0.0
753908,0.0,0.0,0.0,0.0,0.0,0.0,0.0
754969,0.0,0.0,0.0,0.0,0.0,1.0,0.0
755469,0.0,0.0,0.0,0.0,0.0,0.0,0.0
755846,0.0,0.0,0.0,0.0,0.0,1.0,0.0
756346,0.0,0.0,0.0,0.0,0.0,0.0,0.0
759411,0.0,0.0,0.0,0.0,0.0,1.0,0.0
759911,0.0,0.0,0.0,0.0,0.0,0.0,0.0
760102,0.0,0.0,0.0,0.0,0.0,1.0,0.0
760602,0.0,0.0,0.0,0.0,0.0,0.0,0.0
761913,0.0,0.0,0.0,0.0,0.0,1.0,0.0
762413,0.0,0.0,0.0,0.0,0.0,0.0,0.0
762452,0.0,0.0,0.0,0.0,0.0,1.0,0.0
762952,0.0,0.0,0.0,0.0,0.0,0.0,0.0
764148,0.0,0.0,0.0,0.0,0.0,1.0,0.0
764648,0.0,0.0,0.0,0.0,0.0,0.0,0.0
765028,0.0,0.0,0.0,0.0,0.0,1.0,0.0
765528,0.0,0.0,0.0,0.0,0.0,0.0,0.0
765929,0.0,0.0,0.0,0.0,0.0,1.0,0.0
766429,0.0,0.0,0.0,0.0,0.0,0.0,0.0
768164,0.0,0.0,0.0,0.0,0.0,1.0,0.0
768664,0.0,0.0,0.0,0.0,0.0,0.0,0.0
769153,0.0,0.0,0.0,0.0,0.0,1.0,0.0
769653,0.0,0.0,0.0,0.0,0.0,0.0,0.0
769661,0.0,0.0,0.0,0.0,0.0,1.0,0.0
770161,0.0,0.0,0.0,0.0,0.0,0.0,0.0
770961,0.0,0.0,0.0,0.0,0.0,1.0,0.0
771461,0.0,0.0,0.0,0.0,0.0,0.0,0.0
771474,0.0,0.0,0.0,0.0,0.0,1.0,0.0
771596,0.0,0.0,0.0,0.0,0.0,2.0,0.0
772096,0.0,0.0,0.0,0.0,0.0,0.0,0.0
772670,0.0,0.0,0.0,0.0,0.0,1.0,0.0
773170,0.0,0.0,0.0,0.0,0.0,0.0,0.0
775026,0.0,0.0,0.0,0.0,0.0,1.0,0.0
775526,0.0,0.0,0.0,0.0,0.0,0.0,0.0
776939,0.0,0.0,0.0,0.0,0.0,1.0,0.0
777439,0.0,0.0,0.0,0.0,0.0,0.0,0.0
777537,0.0,0.0,0.0,0.0,0.0,1.0,0.0
778037,0.0,0.0,0.0,0.0,0.0,0.0,0.0
779020,0.0,0.0,0.0,0.0,0.0,1.0,0.0
779024,0.0,0.0,0.0,0.0,0.0,2.0,0.0
779524,0.0,0.0,0.0,0.0,0.0,0.0,0.0
786762,0.0,0.0,0.0,0.0,0.0,1.0,0.0
787262,0.0,0.0,0.0,0.0,0.0,0.0,0.0
789742,0.0,0.0,0.0,0.0,0.0,1.0,0.0
790242,0.0,0.0,0.0,0.0,0.0,0.0,0.0
790609,0.0,0.0,0.0,0.0,0.0,1.0,0.0
791109,0.0,0.0,0.0,0.0,0.0,0.0,0.0
791805,0.0,0.0,0.0,0.0,0.0,1.0,0.0
792305,0.0,0.0,0.0,0.0,0.0,0.0,0.0
792904,0.0,0.0,0.0,0.0,0.0,1.0,0.0
793404,0.0,0.0,0.0,0.0,0.0,0.0,0.0
795137,0.0,0.0,0.0,0.0,0.0,1.0,0.0
795637,0.0,0.0,0.0,0.0,0.0,0.0,0.0
798226,0.0,0.0,0.0,0.0,0.0,1.0,0.0
798726,0.0,0.0,0.0,0.0,0.0,0.0,0.0
799027,0.0,0.0,0.0,0.0,0.0,1.0,0.0
799527,0.0,0.0,0.0,0.0,0.0,0.0,0.0
799882,0.0,0.0,0.0,0.0,0.0,1.0,0.0
800000,0.0,0.0,0.0,0.0,0.0,1.0,1.0
800033,0.0,0.0,0.0,0.0,0.0,2.0,1.0
800255,2.0,0.0,0.0,0.0,0.0,2.0,1.0
800304,2.0,0.0,0.0,0.0,1.0,2.0,1.0
800342,2.0,0.0,0.0,0.0,2.0,2.0,1.0
800367,2.0,2.0,0.0,0.0,2.0,2.0,1.0
800500,2.0,2.0,0.0,0.0,2.0,2.0,0.0
800533,2.0,2.0,0.0,0.0,2.0,0.0,0.0
800755,0.0,2.0,0.0,0.0,2.0,0.0,0.0
800842,0.0,2.0,0.0,0.0,0.0,0.0,0.0
800867,0.0,0.0,0.0,0.0,0.0,0.0,0.0
800933,0.0,0.0,0.0,0.0,0.0,1.0,0.0
801433,0.0,0.0,0.0,0.0,0.0,0.0,0.0
801841,0.0,0.0,0.0,0.0,0.0,1.0,0.0
802341,0.0,0.0,0.0,0.0,0.0,0.0,0.0
802366,0.0,0.0,1.0,0.0,0.0,0.0,0.0
802654,0.0,0.0,1.0,0.0,0.0,1.0,0.0
802669,0.0,0.0,1.0,0.0,0.0,2.0,0.0
803169,0.0,0.0,1.0,0.0,0.0,0.0,0.0
803503,0.0,0.0,1.0,0.0,0.0,1.0,0.0
803506,0.0,0.0,1.0,0.0,0.0,2.0,0.0
804006,0.0,0.0,1.0,0.0,0.0,0.0,0.0
804671,0.0,0.0,1.0,0.0,0.0,1.0,0.0
805171,0.0,0.0,1.0,0.0,0.0,0.0,0.0
805246,0.0,0.0,1.0,0.0,0.0,1.0,0.0
805258,0.0,0.0,1.0,0.0,0.0,2.0,0.0
805279,0.0,0.0,2.0,0.0,0.0,2.0,0.0
805758,0.0,0.0,2.0,0.0,0.0,0.0,0.0
805779,0.0,0.0,1.0,0.0,0.0,0.0,0.0
805833,0.0,0.0,1.0,0.0,0.0,1.0,0.0
805838,0.0,0.0,1.0,0.0,0.0,2.0,0.0
806338,0.0,0.0,1.0,0.0,0.0,0.0,0.0
806609,0.0,0.0,1.0,0.0,0.0,1.0,0.0
807109,0.0,0.0,1.0,0.0,0.0,0.0,0.0
807278,0.0,0.0,1.0,0.0,0.0,1.0,0.0
807778,0.0,0.0,1.0,0.0,0.0,0.0,0.0
807871,0.0,0.0,1.0,0.0,0.0,1.0,0.0
808371,0.0,0.0,1.0,0.0,0.0,0.0,0.0
809539,0.0,0.0,1.0,0.0,0.0,1.0,0.0
810039,0.0,0.0,1.0,0.0,0.0,0.0,0.0
810181,0.0,0.0,1.0,0.0,0.0,1.0,0.0
810681,0.0,0.0,1.0,0.0,0.0,0.0,0.0
811324,0.0,0.0,1.0,0.0,0.0,1.0,0.0
811824,0.0,0.0,1.0,0.0,0.0,0.0,0.0
812533,0.0,0.0,1.0,0.0,0.0,1.0,0.0
812682,0.0,0.0,1.0,0.0,0.0,2.0,0.0
812704,0.0,0.0,1.0,0.0,1.0,2.0,0.0
813182,0.0,0.0,1.0,0.0,1.0,0.0,0.0
813204,0.0,0.0,1.0,0.0,0.0,0.0,0.0
813375,0.0,0.0,1.0,0.0,0.0,1.0,0.0
813699,0.0,2.0,1.0,0.0,0.0,1.0,0.0
813881,0.0,2.0,1.0,0.0,0.0,2.0,0.0
813890,0.0,2.0,1.0,0.0,1.0,2.0,0.0
814199,0.0,0.0,1.0,0.0,1.0,2.0,0.0
814381,0.0,0.0,1.0,0.0,1.0,0.0,0.0
814390,0.0,0.0,1.0,0.0,0.0,0.0,0.0
814778,0.0,0.0,1.0,0.0,0.0,1.0,0.0
815278,0.0,0.0,1.0,0.0,0.0,0.0,0.0
815437,0.0,0.0,1.0,0.0,0.0,1.0,0.0
815939,0.0,0.0,1.0,0.0,0.0,2.0,0.0
816439,0.0,0.0,1.0,0.0,0.0,0.0,0.0
816657,0.0,0.0,1.0,0.0,0.0,1.0,0.0
816660,0.0,0.0,1.0,0.0,0.0,2.0,0.0
817160,0.0,0.0,1.0,0.0,0.0,0.0,0.0
817173,0.0,0.0,1.0,0.0,0.0,1.0,0.0
817673,0.0,0.0,1.0,0.0,0.0,0.0,0.0
818063,0.0,0.0,1.0,0.0,0.0,1.0,0.0
818120,0.0,0.0,1.0,0.0,0.0,2.0,0.0
818620,0.0,0.0,1.0,0.0,0.0,0.0,0.0
819485,0.0,0.0,1.0,0.0,0.0,1.0,0.0
819941,0.0,0.0,1.0,0.0,0.0,2.0,0.0
820441,0.0,0.0,1.0,0.0,0.0,0.0,0.0
820704,0.0,0.0,1.0,0.0,0.0,1.0,0.0
821204,0.0,0.0,1.0,0.0,0.0,0.0,0.0
821367,0.0,0.0,1.0,0.0,0.0,1.0,0.0
821369,0.0,0.0,1.0,0.0,0.0,2.0,0.0
821869,0.0,0.0,1.0,0.0,0.0,0.0,0.0
822034,0.0,0.0,1.0,0.0,0.0,1.0,0.0
822534,0.0,0.0,1.0,0.0,0.0,0.0,0.0
822588,0.0,0.0,1.0,0.0,0.0,1.0,0.0
823088,0.0,0.0,1.0,0.0,0.0,0.0,0.0
823449,0.0,0.0,1.0,0.0,0.0,1.0,0.0
823704,0.0,0.0,1.0,0.0,0.0,2.0,0.0
824204,0.0,0.0,1.0,0.0,0.0,0.0,0.0
824349,0.0,0.0,1.0,0.0,0.0,1.0,0.0
824561,0.0,0.0,1.0,0.0,0.0,2.0,0.0
825061,0.0,0.0,1.0,0.0,0.0,0.0,0.0
825868,0.0,0.0,1.0,0.0,0.0,1.0,0.0
826368,0.0,0.0,1.0,0.0,0.0,0.0,0.0
826671,0.0,0.0,1.0,0.0,0.0,1.0,0.0
826689,0.0,0.0,1.0,0.0,0.0,2.0,0.0
827189,0.0,0.0,1.0,0.0,0.0,0.0,0.0
829118,0.0,0.0,1.0,0.0,0.0,1.0,0.0
829301,0.0,0.0,1.0,0.0,0.0,2.0,0.0
829801,0.0,0.0,1.0,0.0,0.0,0.0,0.0
830117,0.0,0.0,1.0,0.0,0.0,1.0,0.0
830617,0.0,0.0,1.0,0.0,0.0,0.0,0.0
830978,0.0,0.0,1.0,0.0,0.0,1.0,0.0
831137,0.0,0.0,1.0,0.0,0.0,2.0,0.0
831637,0.0,0.0,1.0,0.0,0.0,0.0,0.0
831717,0.0,0.0,1.0,0.0,0.0,1.0,0.0
831760,0.0,0.0,1.0,0.0,0.0,2.0,0.0
832260,0.0,0.0,1.0,0.0,0.0,0.0,0.0
832467,0.0,0.0,1.0,0.0,0.0,1.0,0.0
832471,0.0,0.0,1.0,0.0,0.0,2.0,0.0
832930,0.0,0.0,1.0,0.0,1.0,2.0,0.0
832971,0.0,0.0,1.0,0.0,1.0,0.0,0.0
833111,0.0,0.0,1.0,0.0,1.0,1.0,0.0
833115,0.0,0.0,1.0,0.0,1.0,2.0,0.0
833430,0.0,0.0,1.0,0.0,0.0,2.0,0.0
833615,0.0,0.0,1.0,0.0,0.0,0.0,0.0
833630,0.0,0.0,1.0,0.0,0.0,1.0,0.0
833632,0.0,0.0,1.0,0.0,0.0,2.0,0.0
834132,0.0,0.0,1.0,0.0,0.0,0.0,0.0
834231,0.0,0.0,1.0,0.0,0.0,1.0,0.0
834731,0.0,0.0,1.0,0.0,0.0,0.0,0.0
834873,0.0,0.0,1.0,0.0,0.0,1.0,0.0
835373,0.0,0.0,1.0,0.0,0.0,0.0,0.0
835452,0.0,0.0,1.0,0.0,0.0,1.0,0.0
835454,0.0,0.0,1.0,0.0,0.0,2.0,0.0
835465,0.0,0.0,1.0,0.0,1.0,2.0,0.0
835954,0.0,0.0,1.0,0.0,1.0,0.0,0.0
835965,0.0,0.0,1.0,0.0,0.0,0.0,0.0
836423,0.0,0.0,1.0,0.0,0.0,1.0,0.0
836923,0.0,0.0,1.0,0.0,0.0,0.0,0.0
836987,0.0,0.0,1.0,0.0,0.0,1.0,0.0
837074,0.0,0.0,1.0,0.0,0.0,2.0,0.0
837574,0.0,0.0,1.0,0.0,0.0,0.0,0.0
837780,0.0,0.0,1.0,0.0,0.0,1.0,0.0
838051,0.0,0.0,1.0,0.0,0.0,2.0,0.0
838356,0.0,2.0,1.0,0.0,0.0,2.0,0.0
838551,0.0,2.0,1.0,0.0,0.0,0.0,0.0
838623,0.0,2.0,1.0,0.0,0.0,1.0,0.0
838625,0.0,2.0,1.0,0.0,0.0,2.0,0.0
838856,0.0,0.0,1.0,0.0,0.0,2.0,0.0
839125,0.0,0.0,1.0,0.0,0.0,0.0,0.0
839324,0.0,0.0,1.0,0.0,0.0,1.0,0.0
839824,0.0,0.0,1.0,0.0,0.0,0.0,0.0
840362,0.0,0.0,1.0,0.0,0.0,1.0,0.0
840862,0.0,0.0,1.0,0.0,0.0,0.0,0.0
840864,0.0,0.0,1.0,0.0,0.0,1.0,0.0
840866,0.0,0.0,1.0,0.0,0.0,2.0,0.0
841366,0.0,0.0,1.0,0.0,0.0,0.0,0.0
841746,0.0,0.0,1.0,0.0,0.0,1.0,0.0
842069,0.0,0.0,1.0,0.0,0.0,2.0,0.0
842569,0.0,0.0,1.0,0.0,0.0,0.0,0.0
842578,0.0,0.0,1.0,0.0,0.0,1.0,0.0
843078,0.0,0.0,1.0,0.0,0.0,0.0,0.0
844110,0.0,0.0,1.0,0.0,0.0,1.0,0.0
844610,0.0,0.0,1.0,0.0,0.0,0.0,0.0
844925,0.0,0.0,1.0,0.0,0.0,1.0,0.0
844928,0.0,0.0,1.0,0.0,0.0,2.0,0.0
845428,0.0,0.0,1.0,0.0,0.0,0.0,0.0
845514,0.0,0.0,1.0,0.0,0.0,1.0,0.0
845768,0.0,0.0,1.0,0.0,0.0,2.0,0.0
846268,0.0,0.0,1.0,0.0,0.0,0.0,0.0
846342,0.0,0.0,1.0,0.0,0.0,1.0,0.0
846513,0.0,0.0,1.0,0.0,0.0,2.0,0.0
847013,0.0,0.0,1.0,0.0,0.0,0.0,0.0
847174,0.0,0.0,1.0,0.0,0.0,1.0,0.0
847674,0.0,0.0,1.0,0.0,0.0,0.0,0.0
848599,0.0,0.0,1.0,0.0,0.0,1.0,0.0
849099,0.0,0.0,1.0,0.0,0.0,0.0,0.0
849757,0.0,0.0,1.0,0.0,0.0,1.0,0.0
850257,0.0,0.0,1.0,0.0,0.0,0.0,0.0
851974,0.0,0.0,1.0,0.0,0.0,1.0,0.0
852474,0.0,0.0,1.0,0.0,0.0,0.0,0.0
852878,0.0,0.0,1.0,0.0,0.0,1.0,0.0
853378,0.0,0.0,1.0,0.0,0.0,0.0,0.0
853526,0.0,0.0,1.0,0.0,0.0,1.0,0.0
853754,0.0,0.0,1.0,0.0,0.0,2.0,0.0
854254,0.0,0.0,1.0,0.0,0.0,0.0,0.0
855630,0.0,0.0,1.0,0.0,0.0,1.0,0.0
855647,0.0,0.0,1.0,0.0,0.0,2.0,0.0
856147,0.0,0.0,1.0,0.0,0.0,0.0,0.0
856321,0.0,0.0,1.0,0.0,0.0,1.0,0.0
856331,0.0,0.0,1.0,0.0,0.0,2.0,0.0
856831,0.0,0.0,1.0,0.0,0.0,0.0,0.0
856895,0.0,0.0,1.0,0.0,0.0,1.0,0.0
857395,0.0,0.0,1.0,0.0,0.0,0.0,0.0
857502,0.0,0.0,1.0,0.0,0.0,1.0,0.0
857504,0.0,0.0,1.0,0.0,0.0,2.0,0.0
858004,0.0,0.0,1.0,0.0,0.0,0.0,0.0
858480,0.0,0.0,1.0,0.0,0.0,1.0,0.0
858808,0.0,0.0,1.0,0.0,0.0,2.0,0.0
859308,0.0,0.0,1.0,0.0,0.0,0.0,0.0
859494,0.0,0.0,1.0,0.0,0.0,1.0,0.0
859518,0.0,0.0,1.0,0.0,1.0,1.0,0.0
859533,0.0,0.0,1.0,0.0,2.0,1.0,0.0
859534,0.0,0.0,1.0,0.0,2.0,2.0,0.0
860033,0.0,0.0,1.0,0.0,0.0,2.0,0.0
860034,0.0,0.0,1.0,0.0,0.0,0.0,0.0
861666,0.0,0.0,1.0,0.0,0.0,1.0,0.0
862166,0.0,0.0,1.0,0.0,0.0,0.0,0.0
862776,0.0,0.0,1.0,0.0,0.0,1.0,0.0
863276,0.0,0.0,1.0,0.0,0.0,0.0,0.0
863299,0.0,0.0,1.0,0.0,0.0,1.0,0.0
863799,0.0,0.0,1.0,0.0,0.0,0.0,0.0
863948,0.0,0.0,1.0,0.0,0.0,1.0,0.0
864448,0.0,0.0,1.0,0.0,0.0,0.0,0.0
864880,0.0,0.0,1.0,0.0,0.0,1.0,0.0
865380,0.0,0.0,1.0,0.0,0.0,0.0,0.0
865579,0.0,0.0,1.0,0.0,0.0,1.0,0.0
865693,0.0,0.0,1.0,0.0,0.0,2.0,0.0
866193,0.0,0.0,1.0,0.0,0.0,0.0,0.0
866682,0.0,0.0,1.0,0.0,0.0,1.0,0.0
866730,0.0,0.0,1.0,0.0,0.0,2.0,0.0
867230,0.0,0.0,1.0,0.0,0.0,0.0,0.0
867244,0.0,0.0,1.0,0.0,0.0,1.0,0.0
867744,0.0,0.0,1.0,0.0,0.0,0.0,0.0
867878,0.0,0.0,1.0,0.0,0.0,1.0,0.0
867890,0.0,0.0,1.0,0.0,0.0,2.0,0.0
868390,0.0,0.0,1.0,0.0,0.0,0.0,0.0
868546,0.0,0.0,1.0,0.0,0.0,1.0,0.0
868550,0.0,0.0,1.0,0.0,0.0,2.0,0.0
869050,0.0,0.0,1.0,0.0,0.0,0.0,0.0
869140,0.0,0.0,1.0,0.0,0.0,1.0,0.0
869145,0.0,0.0,1.0,0.0,0.0,2.0,0.0
869645,0.0,0.0,1.0,0.0,0.0,0.0,0.0
870153,0.0,0.0,1.0,0.0,0.0,1.0,0.0
870653,0.0,0.0,1.0,0.0,0.0,0.0,0.0
871574,0.0,0.0,1.0,0.0,0.0,1.0,0.0
872074,0.0,0.0,1.0,0.0,0.0,0.0,0.0
872082,0.0,0.0,1.0,0.0,0.0,1.0,0.0
872582,0.0,0.0,1.0,0.0,0.0,0.0,0.0
872840,0.0,0.0,1.0,0.0,0.0,1.0,0.0
872841,0.0,0.0,1.0,0.0,1.0,1.0,0.0
872842,0.0,0.0,1.0,0.0,1.0,2.0,0.0
873341,0.0,0.0,1.0,0.0,0.0,2.0,0.0
873342,0.0,0.0,1.0,0.0,0.0,0.0,0.0
873702,0.0,0.0,1.0,0.0,0.0,1.0,0.0
874032,0.0,0.0,1.0,0.0,0.0,2.0,0.0
874532,0.0,0.0,1.0,0.0,0.0,0.0,0.0
874638,0.0,0.0,1.0,0.0,0.0,1.0,0.0
875138,0.0,0.0,1.0,0.0,0.0,0.0,0.0
875199,0.0,0.0,1.0,0.0,0.0,1.0,0.0
875408,0.0,0.0,1.0,0.0,0.0,2.0,0.0
875908,0.0,0.0,1.0,0.0,0.0,0.0,0.0
876543,0.0,0.0,1.0,0.0,0.0,1.0,0.0
877043,0.0,0.0,1.0,0.0,0.0,0.0,0.0
878184,0.0,0.0,1.0,0.0,0.0,1.0,0.0
878684,0.0,0.0,1.0,0.0,0.0,0.0,0.0
879169,0.0,0.0,1.0,0.0,0.0,1.0,0.0
879669,0.0,0.0,1.0,0.0,0.0,0.0,0.0
880104,0.0,0.0,1.0,0.0,0.0,1.0,0.0
880604,0.0,0.0,1.0,0.0,0.0,0.0,0.0
881188,0.0,0.0,1.0,0.0,0.0,1.0,0.0
881688,0.0,0.0,1.0,0.0,0.0,0.0,0.0
881904,0.0,0.0,1.0,0.0,0.0,1.0,0.0
882404,0.0,0.0,1.0,0.0,0.0,0.0,0.0
882459,0.0,0.0,1.0,0.0,0.0,1.0,0.0
882959,0.0,0.0,1.0,0.0,0.0,0.0,0.0
882965,0.0,0.0,1.0,0.0,0.0,1.0,0.0
882975,0.0,0.0,1.0,0.0,0.0,2.0,0.0
883475,0.0,0.0,1.0,0.0,0.0,0.0,0.0
883762,0.0,0.0,1.0,0.0,0.0,1.0,0.0
884262,0.0,0.0,1.0,0.0,0.0,0.0,0.0
884335,0.0,0.0,1.0,0.0,0.0,1.0,0.0
884835,0.0,0.0,1.0,0.0,0.0,0.0,0.0
884978,0.0,0.0,1.0,0.0,0.0,1.0,0.0
885424,0.0,0.0,1.0,0.0,0.0,2.0,0.0
885924,0.0,0.0,1.0,0.0,0.0,0.0,0.0
886703,0.0,0.0,1.0,0.0,0.0,1.0,0.0
886705,0.0,0.0,1.0,0.0,0.0,2.0,0.0
887205,0.0,0.0,1.0,0.0,0.0,0.0,0.0
887315,0.0,0.0,1.0,0.0,0.0,1.0,0.0
887815,0.0,0.0,1.0,0.0,0.0,0.0,0.0
887819,0.0,0.0,1.0,0.0,0.0,1.0,0.0
887830,0.0,0.0,1.0,0.0,0.0,2.0,0.0
888330,0.0,0.0,1.0,0.0,0.0,0.0,0.0
888632,0.0,0.0,1.0,0.0,0.0,1.0,0.0
888907,0.0,0.0,1.0,0.0,0.0,2.0,0.0
889407,0.0,0.0,1.0,0.0,0.0,0.0,0.0
889957,0.0,0.0,1.0,0.0,0.0,1.0,0.0
890441,0.0,0.0,1.0,0.0,0.0,2.0,0.0
890676,0.0,2.0,1.0,0.0,0.0,2.0,0.0
890941,0.0,2.0,1.0,0.0,0.0,0.0,0.0
891108,0.0,2.0,1.0,0.0,1.0,0.0,0.0
891176,0.0,0.0,1.0,0.0,1.0,0.0,0.0
892608,0.0,0.0,1.0,0.0,0.0,0.0,0.0
892717,0.0,0.0,1.0,0.0,0.0,1.0,0.0
893217,0.0,0.0,1.0,0.0,0.0,0.0,0.0
893312,0.0,0.0,1.0,0.0,0.0,1.0,0.0
893812,0.0,0.0,1.0,0.0,0.0,0.0,0.0
893974,0.0,0.0,1.0,0.0,0.0,1.0,0.0
894474,0.0,0.0,1.0,0.0,0.0,0.0,0.0
894563,0.0,0.0,1.0,0.0,0.0,1.0,0.0
895063,0.0,0.0,1.0,0.0,0.0,0.0,0.0
895572,0.0,0.0,1.0,0.0,0.0,1.0,0.0
896072,0.0,0.0,1.0,0.0,0.0,0.0,0.0
896870,0.0,0.0,1.0,0.0,0.0,1.0,0.0
897370,0.0,0.0,1.0,0.0,0.0,0.0,0.0
897385,0.0,0.0,1.0,0.0,0.0,1.0,0.0
897387,0.0,0.0,1.0,0.0,0.0,2.0,0.0
897887,0.0,0.0,1.0,0.0,0.0,0.0,0.0
898368,0.0,0.0,1.0,0.0,0.0,1.0,0.0
898868,0.0,0.0,1.0,0.0,0.0,0.0,0.0
899754,0.0,0.0,1.0,0.0,0.0,1.0,0.0
900254,0.0,0.0,1.0,0.0,0.0,0.0,0.0
901836,0.0,0.0,1.0,0.0,0.0,1.0,0.0
901841,0.0,0.0,1.0,0.0,0.0,2.0,0.0
902341,0.0,0.0,1.0,0.0,0.0,0.0,0.0
905783,0.0,0.0,1.0,0.0,0.0,1.0,0.0
906283,0.0,0.0,1.0,0.0,0.0,0.0,0.0
908948,0.0,0.0,1.0,0.0,0.0,1.0,0.0
909448,0.0,0.0,1.0,0.0,0.0,0.0,0.0
912824,0.0,0.0,1.0,0.0,0.0,1.0,0.0
913324,0.0,0.0,1.0,0.0,0.0,0.0,0.0
913777,0.0,0.0,1.0,0.0,0.0,1.0,0.0
914277,0.0,0.0,1.0,0.0,0.0,0.0,0.0
915279,0.0,0.0,0.0,0.0,0.0,0.0,0.0
917653,0.0,0.0,0.0,0.0,0.0,1.0,0.0
918153,0.0,0.0,0.0,0.0,0.0,0.0,0.0
920777,0.0,0.0,0.0,0.0,0.0,1.0,0.0
921277,0.0,0.0,0.0,0.0,0.0,0.0,0.0
921773,0.0,0.0,0.0,0.0,0.0,1.0,0.0
922273,0.0,0.0,0.0,0.0,0.0,0.0,0.0
927017,0.0,0.0,0.0,0.0,0.0,1.0,0.0
927517,0.0,0.0,0.0,0.0,0.0,0.0,0.0
929349,0.0,0.0,0.0,0.0,0.0,1.0,0.0
929849,0.0,0.0,0.0,0.0,0.0,0.0,0.0
930271,0.0,0.0,0.0,0.0,0.0,1.0,0.0
930771,0.0,0.0,0.0,0.0,0.0,0.0,0.0
934791,0.0,0.0,0.0,0.0,0.0,1.0,0.0
935291,0.0,0.0,0.0,0.0,0.0,0.0,0.0
936247,0.0,0.0,0.0,0.0,0.0,1.0,0.0
936747,0.0,0.0,0.0,0.0,0.0,0.0,0.0
936839,0.0,0.0,0.0,0.0,0.0,1.0,0.0
937339,0.0,0.0,0.0,0.0,0.0,0.0,0.0
940304,0.0,0.0,0.0,0.0,0.0,1.0,0.0
940804,0.0,0.0,0.0,0.0,0.0,0.0,0.0
941302,0.0,0.0,0.0,0.0,0.0,1.0,0.0
941305,0.0,0.0,0.0,0.0,0.0,2.0,0.0
941805,0.0,0.0,0.0,0.0,0.0,0.0,0.0
942411,0.0,0.0,0.0,0.0,0.0,1.0,0.0
942911,0.0,0.0,0.0,0.0,0.0,0.0,0.0
946654,0.0,0.0,0.0,0.0,0.0,1.0,0.0
946656,0.0,0.0,0.0,0.0,1.0,2.0,0.0
947156,0.0,0.0,0.0,0.0,0.0,0.0,0.0
947637,0.0,0.0,0.0,0.0,0.0,1.0,0.0
947639,0.0,0.0,0.0,0.0,0.0,2.0,0.0
948139,0.0,0.0,0.0,0.0,0.0,0.0,0.0
949891,0.0,0.0,0.0,0.0,0.0,1.0,0.0
950391,0.0,0.0,0.0,0.0,0.0,0.0,0.0
950555,0.0,0.0,0.0,0.0,0.0,1.0,0.0
951055,0.0,0.0,0.0,0.0,0.0,0.0,0.0
952053,0.0,0.0,0.0,0.0,0.0,1.0,0.0
952553,0.0,0.0,0.0,0.0,0.0,0.0,0.0
952642,0.0,0.0,0.0,0.0,0.0,1.0,0.0
953142,0.0,0.0,0.0,0.0,0.0,0.0,0.0
953514,0.0,0.0,0.0,0.0,0.0,1.0,0.0
954014,0.0,0.0,0.0,0.0,0.0,0.0,0.0
955435,0.0,0.0,0.0,0.0,0.0,1.0,0.0
955935,0.0,0.0,0.0,0.0,0.0,0.0,0.0
959818,0.0,0.0,0.0,0.0,0.0,1.0,0.0
960318,0.0,0.0,0.0,0.0,0.0,0.0,0.0
961008,0.0,0.0,0.0,0.0,0.0,1.0,0.0
961508,0.0,0.0,0.0,0.0,0.0,0.0,0.0
965073,0.0,0.0,0.0,0.0,0.0,1.0,0.0
965573,0.0,0.0,0.0,0.0,0.0,0.0,0.0
967314,0.0,0.0,0.0,0.0,0.0,1.0,0.0
967814,0.0,0.0,0.0,0.0,0.0,0.0,0.0
969870,0.0,0.0,0.0,0.0,0.0,1.0,0.0
969872,0.0,0.0,0.0,0.0,0.0,2.0,0.0
970372,0.0,0.0,0.0,0.0,0.0,0.0,0.0
971310,0.0,0.0,0.0,0.0,0.0,1.0,0.0
971810,0.0,0.0,0.0,0.0,0.0,0.0,0.0
971903,0.0,0.0,0.0,0.0,0.0,1.0,0.0
972403,0.0,0.0,0.0,0.0,0.0,0.0,0.0
974343,0.0,0.0,0.0,0.0,0.0,1.0,0.0
974843,0.0,0.0,0.0,0.0,0.0,0.0,0.0
977183,0.0,0.0,0.0,0.0,0.0,1.0,0.0
977683,0.0,0.0,0.0,0.0,0.0,0.0,0.0
978291,0.0,0.0,0.0,0.0,0.0,1.0,0.0
978791,0.0,0.0,0.0,0.0,0.0,0.0,0.0
983960,0.0,0.0,0.0,0.0,0.0,1.0,0.0
984460,0.0,0.0,0.0,0.0,0.0,0.0,0.0
985349,0.0,0.0,0.0,0.0,0.0,1.0,0.0
985849,0.0,0.0,0.0,0.0,0.0,0.0,0.0
988250,0.0,0.0,0.0,0.0,0.0,1.0,0.0
988750,0.0,0.0,0.0,0.0,0.0,0.0,0.0
990965,0.0,0.0,0.0,0.0,1.0,0.0,0.0
991465,0.0,0.0,0.0,0.0,0.0,0.0,0.0
993209,0.0,0.0,0.0,0.0,0.0,1.0,0.0
993709,0.0,0.0,0.0,0.0,0.0,0.0,0.0
995758,0.0,0.0,0.0,0.0,0.0,1.0,0.0
996258,0.0,0.0,0.0,0.0,0.0,0.0,0.0
997448,0.0,0.0,0.0,0.0,0.0,1.0,0.0
997467,0.0,0.0,0.0,0.0,0.0,2.0,0.0
997967,0.0,0.0,0.0,0.0,0.0,0.0,0.0
999336,0.0,0.0,0.0,0.0,0.0,1.0,0.0
999836,0.0,0.0,0.0,0.0,0.0,0.0,0.0
1000000,0.0,0.0,0.0,0.0,0.0,0.0,1.0
1000032,0.0,0.0,0.0,0.0,0.0,1.0,1.0
1000182,0.0,0.0,0.0,0.0,0.0,2.0,1.0
1000223,2.0,0.0,0.0,0.0,0.0,2.0,1.0
1000284,2.0,2.0,0.0,0.0,0.0,2.0,1.0
1000500,2.0,2.0,0.0,0.0,0.0,2.0,0.0
1000566,2.0,2.0,0.0,0.0,1.0,2.0,0.0
1000682,2.0,2.0,0.0,0.0,1.0,0.0,0.0
1000723,0.0,2.0,0.0,0.0,1.0,0.0,0.0
1000755,0.0,2.0,0.0,0.0,2.0,0.0,0.0
1000784,0.0,0.0,0.0,0.0,2.0,0.0,0.0
1000913,0.0,0.0,0.0,0.0,2.0,1.0,0.0
1001255,0.0,0.0,0.0,0.0,0.0,1.0,0.0
1001312,0.0,0.0,0.0,0.0,0.0,2.0,0.0
1001812,0.0,0.0,0.0,0.0,0.0,0.0,0.0
1002591,2.0,0.0,0.0,0.0,0.0,0.0,0.0
1002702,2.0,0.0,0.0,0.0,0.0,1.0,0.0
1003091,0.0,0.0,0.0,0.0,0.0,1.0,0.0
1003176,0.0,0.0,0.0,0.0,1.0,1.0,0.0
1003202,0.0,0.0,0.0,0.0,1.0,0.0,0.0
1003672,0.0,0.0,0.0,0.0,1.0,1.0,0.0
1003674,0.0,0.0,0.0,0.0,1.0,2.0,0.0
1003676,0.0,0.0,0.0,0.0,0.0,2.0,0.0
1004174,0.0,0.0,0.0,0.0,0.0,0.0,0.0
1004713,0.0,0.0,0.0,0.0,0.0,1.0,0.0
1005213,0.0,0.0,0.0,0.0,0.0,0.0,0.0
1005515,0.0,0.0,0.0,0.0,0.0,1.0,0.0
1006015,0.0,0.0,0.0,0.0,0.0,0.0,0.0
1006745,0.0,0.0,0.0,0.0,0.0,1.0,0.0
1007062,0.0,0.0,0.0,0.0,1.0,1.0,0.0
1007245,0.0,0.0,0.0,0.0,1.0,0.0,0.0
1007350,0.0,0.0,0.0,0.0,1.0,1.0,0.0
1007562,0.0,0.0,0.0,0.0,0.0,1.0,0.0
1007850,0.0,0.0,0.0,0.0,0.0,0.0,0.0
1008397,0.0,0.0,0.0,0.0,0.0,1.0,0.0
1008897,0.0,0.0,0.0,0.0,0.0,0.0,0.0
1009303,0.0,0.0,0.0,0.0,0.0,1.0,0.0
1009309,0.0,0.0,0.0,0.0,0.0,2.0,0.0
1009809,0.0,0.0,0.0,0.0,0.0,0.0,0.0
1009974,0.0,0.0,0.0,0.0,0.0,1.0,0.0
1010474,0.0,0.0,0.0,0.0,0.0,0.0,0.0
1010941,0.0,0.0,0.0,0.0,0.0,1.0,0.0
1011087,0.0,0.0,0.0,0.0,0.0,2.0,0.0
1011587,0.0,0.0,0.0,0.0,0.0,0.0,0.0
1012784,0.0,0.0,0.0,0.0,0.0,1.0,0.0
1013284,0.0,0.0,0.0,0.0,0.0,0.0,0.0
1013305,0.0,2.0,0.0,0.0,0.0,0.0,0.0
1013308,0.0,2.0,0.0,0.0,0.0,1.0,0.0
1013805,0.0,0.0,0.0,0.0,0.0,1.0,0.0
1013808,0.0,0.0,0.0,0.0,0.0,0.0,0.0
1013834,0.0,0.0,0.0,0.0,0.0,1.0,0.0
1013836,0.0,0.0,0.0,0.0,0.0,2.0,0.0
1014336,0.0,0.0,0.0,0.0,0.0,0.0,0.0
1014356,0.0,0.0,0.0,0.0,0.0,1.0,0.0
1014388,0.0,0.0,0.0,0.0,0.0,2.0,0.0
1014888,0.0,0.0,0.0,0.0,0.0,0.0,0.0
1014889,0.0,0.0,0.0,0.0,0.0,1.0,0.0
1015389,0.0,0.0,0.0,0.0,0.0,0.0,0.0
1015662,0.0,0.0,0.0,0.0,0.0,1.0,0.0
1016162,0.0,0.0,0.0,0.0,0.0,0.0,0.0
1016828,0.0,0.0,0.0,0.0,0.0,1.0,0.0
1016830,0.0,0.0,0.0,0.0,0.0,2.0,0.0
1017330,0.0,0.0,0.0,0.0,0.0,0.0,0.0
1017788,0.0,0.0,0.0,0.0,0.0,1.0,0.0
1018084,0.0,0.0,0.0,0.0,1.0,1.0,0.0
1018288,0.0,0.0,0.0,0.0,1.0,0.0,0.0
1018395,0.0,0.0,0.0,0.0,1.0,1.0,0.0
1018472,0.0,0.0,0.0,0.0,1.0,2.0,0.0
1018972,0.0,0.0,0.0,0.0,1.0,0.0,0.0
1019084,0.0,0.0,0.0,0.0,0.0,0.0,0.0
1019186,0.0,0.0,0.0,0.0,0.0,1.0,0.0
1019686,0.0,0.0,0.0,0.0,0.0,0.0,0.0
1019971,0.0,0.0,0.0,0.0,0.0,1.0,0.0
1019975,0.0,0.0,0.0,0.0,0.0,2.0,0.0
1020475,0.0,0.0,0.0,0.0,0.0,0.0,0.0
1020567,0.0,0.0,0.0,0.0,0.0,1.0,0.0
1021067,0.0,0.0,0.0,0.0,0.0,0.0,0.0
1021443,0.0,0.0,0.0,0.0,0.0,1.0,0.0
1021943,0.0,0.0,0.0,0.0,0.0,0.0,0.0
1021969,0.0,0.0,0.0,0.0,0.0,1.0,0.0
1022469,0.0,0.0,0.0,0.0,0.0,0.0,0.0
1022607,0.0,0.0,0.0,0.0,0.0,1.0,0.0
1022623,0.0,0.0,0.0,0.0,0.0,2.0,0.0
1023123,0.0,0.0,0.0,0.0,0.0,0.0,0.0
1023555,0.0,0.0,0.0,0.0,0.0,1.0,0.0
1023576,0.0,0.0,0.0,0.0,0.0,2.0,0.0
1024076,0.0,0.0,0.0,0.0,0.0,0.0,0.0
1025684,0.0,0.0,0.0,0.0,0.0,1.0,0.0
1026184,0.0,0.0,0.0,0.0,0.0,0.0,0.0
1026223,0.0,0.0,0.0,0.0,0.0,1.0,0.0
1026250,0.0,0.0,0.0,0.0,0.0,2.0,0.0
1026750,0.0,0.0,0.0,0.0,0.0,0.0,0.0
1026943,0.0,0.0,0.0,0.0,0.0,1.0,0.0
1027443,0.0,0.0,0.0,0.0,0.0,0.0,0.0
1027604,0.0,0.0,0.0,0.0,0.0,1.0,0.0
1028104,0.0,0.0,0.0,0.0,0.0,0.0,0.0
1028421,0.0,0.0,0.0,0.0,0.0,1.0,0.0
1028921,0.0,0.0,0.0,0.0,0.0,0.0,0.0
1029965,0.0,0.0,0.0,0.0,0.0,1.0,0.0
1029972,0.0,0.0,0.0,0.0,0.0,2.0,0.0
1030472,0.0,0.0,0.0,0.0,0.0,0.0,0.0
1030681,0.0,0.0,0.0,0.0,0.0,1.0,0.0
1030919,0.0,0.0,0.0,0.0,0.0,2.0,0.0
1031419,0.0,0.0,0.0,0.0,0.0,0.0,0.0
1032171,0.0,0.0,0.0,0.0,0.0,1.0,0.0
1032671,0.0,0.0,0.0,0.0,0.0,0.0,0.0
1032905,0.0,0.0,0.0,0.0,0.0,1.0,0.0
1033405,0.0,0.0,0.0,0.0,0.0,0.0,0.0
1034769,0.0,0.0,0.0,0.0,0.0,1.0,0.0
1034776,0.0,0.0,0.0,0.0,0.0,2.0,0.0
1035276,0.0,0.0,0.0,0.0,0.0,0.0,0.0
1035283,0.0,0.0,0.0,0.0,0.0,1.0,0.0
1035377,0.0,0.0,0.0,0.0,0.0,2.0,0.0
1035877,0.0,0.0,0.0,0.0,0.0,0.0,0.0
1036173,0.0,0.0,0.0,0.0,0.0,1.0,0.0
1036673,0.0,0.0,0.0,0.0,0.0,0.0,0.0
1036894,0.0,0.0,0.0,0.0,0.0,1.0,0.0
1036896,0.0,0.0,0.0,0.0,0.0,2.0,0.0
1037396,0.0,0.0,0.0,0.0,0.0,0.0,0.0
1038201,0.0,0.0,0.0,0.0,0.0,1.0,0.0
1038701,0.0,0.0,0.0,0.0,0.0,0.0,0.0
1038793,0.0,0.0,0.0,0.0,0.0,1.0,0.0
1038946,0.0,0.0,0.0,0.0,0.0,2.0,0.0
1039446,0.0,0.0,0.0,0.0,0.0,0.0,0.0
1039727,0.0,0.0,0.0,0.0,0.0,1.0,0.0
1039732,0.0,0.0,0.0,0.0,0.0,2.0,0.0
1040232,0.0,0.0,0.0,0.0,0.0,0.0,0.0
1040666,0.0,0.0,0.0,0.0,0.0,1.0,0.0
1041166,0.0,0.0,0.0,0.0,0.0,0.0,0.0
1042145,0.0,0.0,0.0,0.0,0.0,1.0,0.0
1042777,0.0,0.0,0.0,0.0,0.0,2.0,0.0
1042908,0.0,0.0,0.0,0.0,1.0,2.0,0.0
1043277,0.0,0.0,0.0,0.0,1.0,0.0,0.0
1043408,0.0,0.0,0.0,0.0,0.0,0.0,0.0
1043659,0.0,0.0,0.0,0.0,0.0,1.0,0.0
1044159,0.0,0.0,0.0,0.0,0.0,0.0,0.0
1044216,0.0,2.0,0.0,0.0,0.0,0.0,0.0
1044464,0.0,2.0,0.0,0.0,0.0,1.0,0.0
1044716,0.0,0.0,0.0,0.0,0.0,1.0,0.0
1044964,0.0,0.0,0.0,0.0,0.0,0.0,0.0
1046120,0.0,0.0,0.0,0.0,0.0,1.0,0.0
1046519,0.0,0.0,0.0,0.0,0.0,2.0,0.0
1047019,0.0,0.0,0.0,0.0,0.0,0.0,0.0
1047504,0.0,0.0,0.0,0.0,0.0,1.0,0.0
1047508,0.0,0.0,0.0,0.0,0.0,2.0,0.0
1048008,0.0,0.0,0.0,0.0,0.0,0.0,0.0
1048084,0.0,0.0,0.0,0.0,0.0,1.0,0.0
1048089,0.0,0.0,0.0,0.0,0.0,2.0,0.0
1048468,0.0,2.0,0.0,0.0,0.0,2.0,0.0
1048589,0.0,2.0,0.0,0.0,0.0,0.0,0.0
1048666,0.0,2.0,0.0,0.0,0.0,1.0,0.0
1048968,0.0,0.0,0.0,0.0,0.0,1.0,0.0
1049166,0.0,0.0,0.0,0.0,0.0,0.0,0.0
1049323,0.0,0.0,0.0,0.0,0.0,1.0,0.0
1049329,0.0,0.0,0.0,0.0,0.0,2.0,0.0
1049829,0.0,0.0,0.0,0.0,0.0,0.0,0.0
1050649,0.0,0.0,0.0,0.0,0.0,1.0,0.0
1051118,0.0,0.0,0.0,0.0,0.0,2.0,0.0
1051618,0.0,0.0,0.0,0.0,0.0,0.0,0.0
1051682,0.0,0.0,0.0,0.0,0.0,1.0,0.0
1051692,0.0,0.0,0.0,0.0,0.0,2.0,0.0
1051775,0.0,0.0,0.0,0.0,1.0,2.0,0.0
1052192,0.0,0.0,0.0,0.0,1.0,0.0,0.0
1052275,0.0,0.0,0.0,0.0,0.0,0.0,0.0
1052654,0.0,0.0,0.0,0.0,0.0,1.0,0.0
1052702,0.0,0.0,0.0,0.0,0.0,2.0,0.0
1053202,0.0,0.0,0.0,0.0,0.0,0.0,0.0
1053370,0.0,0.0,0.0,0.0,0.0,1.0,0.0
1053387,0.0,0.0,0.0,0.0,0.0,2.0,0.0
1053887,0.0,0.0,0.0,0.0,0.0,0.0,0.0
1053935,0.0,0.0,0.0,0.0,0.0,1.0,0.0
1054435,0.0,0.0,0.0,0.0,0.0,0.0,0.0
1054459,0.0,0.0,0.0,0.0,0.0,1.0,0.0
1054503,0.0,0.0,0.0,0.0,0.0,2.0,0.0
1055003,0.0,0.0,0.0,0.0,0.0,0.0,0.0
1055328,0.0,0.0,0.0,0.0,0.0,1.0,0.0
1055828,0.0,0.0,0.0,0.0,0.0,0.0,0.0
1055866,0.0,0.0,0.0,0.0,0.0,1.0,0.0
1056366,0.0,0.0,0.0,0.0,0.0,0.0,0.0
1056452,0.0,0.0,0.0,0.0,0.0,1.0,0.0
1056660,0.0,0.0,0.0,0.0,0.0,2.0,0.0
1057160,0.0,0.0,0.0,0.0,0.0,0.0,0.0
1057505,0.0,0.0,0.0,0.0,0.0,1.0,0.0
1058005,0.0,0.0,0.0,0.0,0.0,0.0,0.0
1059051,0.0,0.0,0.0,0.0,0.0,1.0,0.0
1059119,0.0,0.0,0.0,0.0,0.0,2.0,0.0
1059619,0.0,0.0,0.0,0.0,0.0,0.0,0.0
1060584,0.0,0.0,0.0,0.0,0.0,1.0,0.0
1061084,0.0,0.0,0.0,0.0,0.0,0.0,0.0
1061095,0.0,0.0,0.0,0.0,0.0,1.0,0.0
1061117,0.0,0.0,0.0,0.0,0.0,2.0,0.0
1061617,0.0,0.0,0.0,0.0,0.0,0.0,0.0
1061900,0.0,0.0,0.0,0.0,0.0,1.0,0.0
1062400,0.0,0.0,0.0,0.0,0.0,0.0,0.0
1062628,0.0,0.0,0.0,0.0,0.0,1.0,0.0
1063128,0.0,0.0,0.0,0.0,0.0,0.0,0.0
1063177,0.0,0.0,0.0,0.0,0.0,1.0,0.0
1063677,0.0,0.0,0.0,0.0,0.0,0.0,0.0
1064562,0.0,0.0,0.0,0.0,0.0,1.0,0.0
1065062,0.0,0.0,0.0,0.0,0.0,0.0,0.0
1065201,0.0,0.0,0.0,0.0,0.0,1.0,0.0
1065513,0.0,0.0,0.0,0.0,0.0,2.0,0.0
1066013,0.0,0.0,0.0,0.0,0.0,0.0,0.0
1066266,0.0,0.0,0.0,0.0,0.0,1.0,0.0
1066269,0.0,0.0,0.0,0.0,0.0,2.0,0.0
1066769,0.0,0.0,0.0,0.0,0.0,0.0,0.0
1068819,0.0,0.0,0.0,0.0,0.0,1.0,0.0
1069319,0.0,0.0,0.0,0.0,0.0,0.0,0.0
1069591,0.0,0.0,0.0,0.0,0.0,1.0,0.0
1069835,0.0,0.0,0.0,0.0,0.0,2.0,0.0
1070335,0.0,0.0,0.0,0.0,0.0,0.0,0.0
1071075,0.0,0.0,0.0,0.0,0.0,1.0,0.0
1071078,0.0,0.0,0.0,0.0,0.0,2.0,0.0
1071578,0.0,0.0,0.0,0.0,0.0,0.0,0.0
1071935,0.0,0.0,0.0,0.0,0.0,1.0,0.0
1071984,0.0,0.0,0.0,0.0,1.0,2.0,0.0
1072081,0.0,0.0,0.0,0.0,2.0,2.0,0.0
1072484,0.0,0.0,0.0,0.0,2.0,0.0,0.0
1072544,0.0,0.0,0.0,0.0,2.0,1.0,0.0
1072547,0.0,0.0,0.0,0.0,2.0,2.0,0.0
1072581,0.0,0.0,0.0,0.0,0.0,2.0,0.0
1072660,0.0,0.0,0.0,0.0,1.0,2.0,0.0
1073047,0.0,0.0,0.0,0.0,1.0,0.0,0.0
1073160,0.0,0.0,0.0,0.0,0.0,0.0,0.0
1073643,0.0,0.0,0.0,0.0,1.0,0.0,0.0
1073802,0.0,0.0,0.0,0.0,1.0,1.0,0.0
1074143,0.0,0.0,0.0,0.0,0.0,1.0,0.0
1074302,0.0,0.0,0.0,0.0,0.0,0.0,0.0
1075310,0.0,0.0,0.0,0.0,0.0,1.0,0.0
1075810,0.0,0.0,0.0,0.0,0.0,0.0,0.0
1078001,0.0,0.0,0.0,0.0,0.0,1.0,0.0
1078369,0.0,0.0,0.0,0.0,1.0,2.0,0.0
1078869,0.0,0.0,0.0,0.0,0.0,0.0,0.0
1079072,0.0,0.0,0.0,0.0,0.0,1.0,0.0
1079572,0.0,0.0,0.0,0.0,0.0,0.0,0.0
1080048,0.0,0.0,0.0,0.0,0.0,1.0,0.0
1080089,0.0,0.0,0.0,0.0,0.0,2.0,0.0
1080589,0.0,0.0,0.0,0.0,0.0,0.0,0.0
1080787,0.0,0.0,0.0,0.0,0.0,1.0,0.0
1081287,0.0,0.0,0.0,0.0,0.0,0.0,0.0
1081874,0.0,0.0,0.0,0.0,0.0,1.0,0.0
1082374,0.0,0.0,0.0,0.0,0.0,0.0,0.0
1082920,0.0,0.0,0.0,0.0,0.0,1.0,0.0
1083420,0.0,0.0,0.0,0.0,0.0,0.0,0.0
1084610,0.0,0.0,0.0,0.0,0.0,1.0,0.0
1085110,0.0,0.0,0.0,0.0,0.0,0.0,0.0
1085181,0.0,0.0,0.0,0.0,0.0,1.0,0.0
1085681,0.0,0.0,0.0,0.0,0.0,0.0,0.0
1086658,0.0,0.0,0.0,0.0,0.0,1.0,0.0
1087158,0.0,0.0,0.0,0.0,0.0,0.0,0.0
1087391,0.0,0.0,0.0,0.0,0.0,1.0,0.0
1087400,0.0,0.0,0.0,0.0,0.0,2.0,0.0
1087900,0.0,0.0,0.0,0.0,0.0,0.0,0.0
1088337,0.0,0.0,0.0,0.0,0.0,1.0,0.0
1088530,0.0,0.0,0.0,0.0,0.0,2.0,0.0
1089030,0.0,0.0,0.0,0.0,0.0,0.0,0.0
1089201,0.0,0.0,0.0,0.0,0.0,1.0,0.0
1089701,0.0,0.0,0.0,0.0,0.0,0.0,0.0
1089882,0.0,0.0,0.0,0.0,0.0,1.0,0.0
1089889,0.0,0.0,0.0,0.0,0.0,2.0,0.0
1089958,0.0,2.0,0.0,0.0,0.0,2.0,0.0
1090389,0.0,2.0,0.0,0.0,0.0,0.0,0.0
1090458,0.0,0.0,0.0,0.0,0.0,0.0,0.0
1091066,0.0,0.0,0.0,0.0,0.0,1.0,0.0
1091071,0.0,0.0,0.0,0.0,0.0,2.0,0.0
1091571,0.0,0.0,0.0,0.0,0.0,0.0,0.0
1092732,0.0,0.0,0.0,0.0,0.0,1.0,0.0
1093232,0.0,0.0,0.0,0.0,0.0,0.0,0.0
1093582,0.0,0.0,0.0,0.0,0.0,1.0,0.0
1093652,0.0,0.0,0.0,0.0,0.0,2.0,0.0
1094152,0.0,0.0,0.0,0.0,0.0,0.0,0.0
1095451,0.0,0.0,0.0,0.0,0.0,1.0,0.0
1095951,0.0,0.0,0.0,0.0,0.0,0.0,0.0
1096842,0.0,0.0,0.0,0.0,0.0,1.0,0.0
1097342,0.0,0.0,0.0,0.0,0.0,0.0,0.0
1097375,0.0,0.0,0.0,0.0,0.0,1.0,0.0
1097411,0.0,0.0,0.0,0.0,0.0,2.0,0.0
1097911,0.0,0.0,0.0,0.0,0.0,0.0,0.0
1099102,0.0,0.0,0.0,0.0,0.0,1.0,0.0
1099602,0.0,0.0,0.0,0.0,0.0,0.0,0.0
1099797,0.0,0.0,0.0,0.0,0.0,1.0,0.0
1100297,0.0,0.0,0.0,0.0,0.0,0.0,0.0
1100653,0.0,0.0,0.0,0.0,1.0,0.0,0.0
1100654,0.0,0.0,0.0,0.0,2.0,0.0,0.0
1101154,0.0,0.0,0.0,0.0,0.0,0.0,0.0
1107752,0.0,0.0,0.0,0.0,0.0,1.0,0.0
1108252,0.0,0.0,0.0,0.0,0.0,0.0,0.0
1108532,0.0,0.0,0.0,0.0,0.0,1.0,0.0
1109032,0.0,0.0,0.0,0.0,0.0,0.0,0.0
1110185,0.0,0.0,0.0,0.0,0.0,1.0,0.0
1110685,0.0,0.0,0.0,0.0,0.0,0.0,0.0
1110719,0.0,0.0,0.0,0.0,0.0,1.0,0.0
1111219,0.0,0.0,0.0,0.0,0.0,0.0,0.0
1111472,0.0,0.0,0.0,0.0,0.0,1.0,0.0
1111474,0.0,0.0,0.0,0.0,0.0,2.0,0.0
1111974,0.0,0.0,0.0,0.0,0.0,0.0,0.0
1113926,0.0,0.0,0.0,0.0,0.0,1.0,0.0
1114426,0.0,0.0,0.0,0.0,0.0,0.0,0.0
1114734,0.0,0.0,0.0,0.0,0.0,1.0,0.0
1115234,0.0,0.0,0.0,0.0,0.0,0.0,0.0
1115293,0.0,0.0,0.0,0.0,0.0,1.0,0.0
1115793,0.0,0.0,0.0,0.0,0.0,0.0,0.0
1120521,0.0,0.0,0.0,0.0,0.0,1.0,0.0
1121021,0.0,0.0,0.0,0.0,0.0,0.0,0.0
1122150,0.0,0.0,0.0,0.0,0.0,1.0,0.0
1122650,0.0,0.0,0.0,0.0,0.0,0.0,0.0
1122746,0.0,0.0,0.0,0.0,0.0,1.0,0.0
1123246,0.0,0.0,0.0,0.0,0.0,0.0,0.0
1123605,0.0,0.0,0.0,0.0,0.0,1.0,0.0
1123802,0.0,0.0,0.0,0.0,0.0,2.0,0.0
1124302,0.0,0.0,0.0,0.0,0.0,0.0,0.0
1124307,0.0,0.0,0.0,0.0,0.0,1.0,0.0
1124807,0.0,0.0,0.0,0.0,0.0,0.0,0.0
1125197,0.0,0.0,0.0,0.0,0.0,1.0,0.0
1125697,0.0,0.0,0.0,0.0,0.0,0.0,0.0
1127113,0.0,0.0,0.0,0.0,0.0,1.0,0.0
1127613,0.0,0.0,0.0,0.0,0.0,0.0,0.0
1128588,0.0,0.0,0.0,0.0,0.0,1.0,0.0
1129088,0.0,0.0,0.0,0.0,0.0,0.0,0.0
1130241,0.0,0.0,0.0,0.0,0.0,1.0,0.0
1130741,0.0,0.0,0.0,0.0,0.0,0.0,0.0
1133077,0.0,0.0,0.0,0.0,0.0,1.0,0.0
1133577,0.0,0.0,0.0,0.0,0.0,0.0,0.0
1133839,0.0,0.0,0.0,0.0,0.0,1.0,0.0
1134339,0.0,0.0,0.0,0.0,0.0,0.0,0.0
1137009,0.0,0.0,0.0,0.0,0.0,1.0,0.0
1137509,0.0,0.0,0.0,0.0,0.0,0.0,0.0
1137915,0.0,0.0,0.0,0.0,0.0,1.0,0.0
1138415,0.0,0.0,0.0,0.0,0.0,0.0,0.0
1139985,0.0,0.0,0.0,0.0,0.0,1.0,0.0
1140485,0.0,0.0,0.0,0.0,0.0,0.0,0.0
1140938,0.0,0.0,0.0,0.0,0.0,1.0,0.0
1140965,0.0,0.0,0.0,0.0,0.0,2.0,0.0
1141465,0.0,0.0,0.0,0.0,0.0,0.0,0.0
1142550,0.0,0.0,0.0,0.0,1.0,0.0,0.0
1143050,0.0,0.0,0.0,0.0,0.0,0.0,0.0
1149027,0.0,0.0,0.0,0.0,0.0,1.0,0.0
1149527,0.0,0.0,0.0,0.0,0.0,0.0,0.0
1150392,0.0,0.0,0.0,0.0,0.0,1.0,0.0
1150394,0.0,0.0,0.0,0.0,0.0,2.0,0.0
1150894,0.0,0.0,0.0,0.0,0.0,0.0,0.0
1152974,0.0,0.0,0.0,0.0,0.0,1.0,0.0
1153474,0.0,0.0,0.0,0.0,0.0,0.0,0.0
1155872,0.0,0.0,0.0,0.0,0.0,1.0,0.0
1156372,0.0,0.0,0.0,0.0,0.0,0.0,0.0
1158223,0.0,0.0,0.0,0.0,0.0,1.0,0.0
1158723,0.0,0.0,0.0,0.0,0.0,0.0,0.0
1162338,0.0,0.0,0.0,0.0,0.0,1.0,0.0
1162838,0.0,0.0,0.0,0.0,0.0,0.0,0.0
1162840,0.0,0.0,0.0,0.0,0.0,1.0,0.0
1163340,0.0,0.0,0.0,0.0,0.0,0.0,0.0
1164294,0.0,0.0,0.0,0.0,0.0,1.0,0.0
1164794,0.0,0.0,0.0,0.0,0.0,0.0,0.0
1165906,0.0,0.0,0.0,0.0,0.0,1.0,0.0
1166406,0.0,0.0,0.0,0.0,0.0,0.0,0.0
1167305,0.0,0.0,0.0,0.0,0.0,1.0,0.0
1167805,0.0,0.0,0.0,0.0,0.0,0.0,0.0
1168348,0.0,0.0,0.0,0.0,0.0,1.0,0.0
1168848,0.0,0.0,0.0,0.0,0.0,0.0,0.0
1169287,0.0,0.0,0.0,0.0,0.0,1.0,0.0
1169787,0.0,0.0,0.0,0.0,0.0,0.0,0.0
1172924,0.0,0.0,0.0,0.0,0.0,1.0,0.0
1173424,0.0,0.0,0.0,0.0,0.0,0.0,0.0
1174476,0.0,0.0,0.0,0.0,0.0,1.0,0.0
1174976,0.0,0.0,0.0,0.0,0.0,0.0,0.0
1175510,0.0,0.0,0.0,0.0,0.0,1.0,0.0
1176010,0.0,0.0,0.0,0.0,0.0,0.0,0.0
1176435,0.0,0.0,0.0,0.0,0.0,1.0,0.0
1176462,0.0,0.0,0.0,0.0,0.0,2.0,0.0
1176962,0.0,0.0,0.0,0.0,0.0,0.0,0.0
1180289,0.0,0.0,0.0,0.0,0.0,1.0,0.0
1180789,0.0,0.0,0.0,0.0,0.0,0.0,0.0
1181291,0.0,0.0,0.0,0.0,0.0,1.0,0.0
1181791,0.0,0.0,0.0,0.0,0.0,0.0,0.0
1182126,0.0,0.0,0.0,0.0,0.0,1.0,0.0
1182626,0.0,0.0,0.0,0.0,0.0,0.0,0.0
1185279,0.0,0.0,0.0,0.0,0.0,1.0,0.0
1185779,0.0,0.0,0.0,0.0,0.0,0.0,0.0
1186428,0.0,0.0,0.0,0.0,0.0,1.0,0.0
1186928,0.0,0.0,0.0,0.0,0.0,0.0,0.0
1188695,0.0,0.0,0.0,0.0,0.0,1.0,0.0
1189195,0.0,0.0,0.0,0.0,0.0,0.0,0.0
1189214,0.0,0.0,0.0,0.0,0.0,1.0,0.0
1189714,0.0,0.0,0.0,0.0,0.0,0.0,0.0
1190087,0.0,0.0,0.0,0.0,0.0,1.0,0.0
1190587,0.0,0.0,0.0,0.0,0.0,0.0,0.0
1191300,0.0,0.0,0.0,0.0,0.0,1.0,0.0
1191800,0.0,0.0,0.0,0.0,0.0,0.0,0.0
1191975,0.0,0.0,0.0,0.0,0.0,1.0,0.0
1192475,0.0,0.0,0.0,0.0,0.0,0.0,0.0
1193569,0.0,0.0,0.0,0.0,0.0,1.0,0.0
1194069,0.0,0.0,0.0,0.0,0.0,0.0,0.0
1194323,0.0,0.0,0.0,0.0,0.0,1.0,0.0
1194823,0.0,0.0,0.0,0.0,0.0,0.0,0.0
1195422,0.0,0.0,0.0,0.0,0.0,1.0,0.0
1195922,0.0,0.0,0.0,0.0,0.0,0.0,0.0
1196345,0.0,0.0,0.0,0.0,0.0,1.0,0.0
1196845,0.0,0.0,0.0,0.0,0.0,0.0,0.0
1198550,0.0,0.0,0.0,0.0,0.0,1.0,0.0
1199050,0.0,0.0,0.0,0.0,0.0,0.0,0.0
1200000,0.0,0.0,0.0,0.0,0.0,0.0,1.0
1200025,0.0,0.0,0.0,0.0,0.0,1.0,1.0
1200043,0.0,0.0,0.0,0.0,0.0,2.0,1.0
1200191,2.0,0.0,0.0,0.0,0.0,2.0,1.0
1200319,2.0,2.0,0.0,0.0,0.0,2.0,1.0
1200500,2.0,2.0,0.0,0.0,0.0,2.0,0.0
1200543,2.0,2.0,0.0,0.0,0.0,0.0,0.0
1200691,0.0,2.0,0.0,0.0,0.0,0.0,0.0
1200819,0.0,0.0,0.0,0.0,0.0,0.0,0.0
1200820,0.0,0.0,0.0,0.0,1.0,0.0,0.0
1200977,0.0,0.0,0.0,0.0,2.0,0.0,0.0
1201477,0.0,0.0,0.0,0.0,0.0,0.0,0.0
1201670,0.0,0.0,0.0,0.0,0.0,1.0,0.0
1202170,0.0,0.0,0.0,0.0,0.0,0.0,0.0
1204005,0.0,0.0,0.0,0.0,0.0,1.0,0.0
1204505,0.0,0.0,0.0,0.0,0.0,0.0,0.0
1204508,0.0,0.0,0.0,0.0,0.0,1.0,0.0
1205008,0.0,0.0,0.0,0.0,0.0,0.0,0.0
1205053,0.0,0.0,0.0,0.0,0.0,1.0,0.0
1205055,0.0,0.0,0.0,0.0,0.0,2.0,0.0
1205555,0.0,0.0,0.0,0.0,0.0,0.0,0.0
1205657,0.0,0.0,0.0,0.0,0.0,1.0,0.0
1205703,0.0,0.0,0.0,0.0,1.0,1.0,0.0
1205705,0.0,0.0,0.0,0.0,1.0,2.0,0.0
1206203,0.0,0.0,0.0,0.0,0.0,2.0,0.0
1206205,0.0,0.0,0.0,0.0,0.0,0.0,0.0
1207275,0.0,0.0,0.0,0.0,0.0,1.0,0.0
1207775,0.0,0.0,0.0,0.0,0.0,0.0,0.0
1208190,0.0,0.0,0.0,0.0,0.0,1.0,0.0
1208285,0.0,0.0,0.0,0.0,0.0,2.0,0.0
1208785,0.0,0.0,0.0,0.0,0.0,0.0,0.0
1209202,0.0,0.0,0.0,0.0,0.0,1.0,0.0
1209204,0.0,0.0,0.0,0.0,0.0,2.0,0.0
1209704,0.0,0.0,0.0,0.0,0.0,0.0,0.0
1210549,0.0,0.0,0.0,0.0,0.0,1.0,0.0
1211049,0.0,0.0,0.0,0.0,0.0,0.0,0.0
1211050,0.0,0.0,0.0,0.0,0.0,1.0,0.0
1211550,0.0,0.0,0.0,0.0,0.0,0.0,0.0
1211770,0.0,0.0,0.0,0.0,0.0,1.0,0.0
1212270,0.0,0.0,0.0,0.0,0.0,0.0,0.0
1212478,0.0,0.0,0.0,0.0,0.0,1.0,0.0
1212978,0.0,0.0,0.0,0.0,0.0,0.0,0.0
1213070,0.0,0.0,0.0,0.0,0.0,1.0,0.0
1213570,0.0,0.0,0.0,0.0,0.0,0.0,0.0
1214275,0.0,0.0,0.0,0.0,0.0,1.0,0.0
1214371,0.0,0.0,0.0,0.0,0.0,2.0,0.0
1214871,0.0,0.0,0.0,0.0,0.0,0.0,0.0
1214963,0.0,0.0,0.0,0.0,0.0,1.0,0.0
1215463,0.0,0.0,0.0,0.0,0.0,0.0,0.0
1216137,0.0,0.0,0.0,0.0,0.0,1.0,0.0
1216147,0.0,0.0,0.0,0.0,0.0,2.0,0.0
1216171,0.0,0.0,0.0,0.0,1.0,2.0,0.0
1216647,0.0,0.0,0.0,0.0,1.0,0.0,0.0
1216671,0.0,0.0,0.0,0.0,0.0,0.0,0.0
1219005,0.0,0.0,0.0,0.0,0.0,1.0,0.0
1219505,0.0,0.0,0.0,0.0,0.0,0.0,0.0
1219631,0.0,0.0,0.0,0.0,0.0,1.0,0.0
1220131,0.0,0.0,0.0,0.0,0.0,0.0,0.0
1220527,0.0,0.0,0.0,0.0,0.0,1.0,0.0
1221027,0.0,0.0,0.0,0.0,0.0,0.0,0.0
1221407,0.0,0.0,0.0,0.0,0.0,1.0,0.0
1221907,0.0,0.0,0.0,0.0,0.0,0.0,0.0
1222801,0.0,0.0,0.0,0.0,0.0,1.0,0.0
1223301,0.0,0.0,0.0,0.0,0.0,0.0,0.0
1223874,0.0,0.0,0.0,0.0,0.0,1.0,0.0
1224374,0.0,0.0,0.0,0.0,0.0,0.0,0.0
1224590,0.0,0.0,0.0,0.0,0.0,1.0,0.0
1225090,0.0,0.0,0.0,0.0,0.0,0.0,0.0
1226403,0.0,0.0,0.0,0.0,0.0,1.0,0.0
1226903,0.0,0.0,0.0,0.0,0.0,0.0,0.0
1227287,0.0,0.0,0.0,0.0,0.0,1.0,0.0
1227388,0.0,0.0,0.0,0.0,1.0,1.0,0.0
1227787,0.0,0.0,0.0,0.0,1.0,0.0,0.0
1227888,0.0,0.0,0.0,0.0,0.0,0.0,0.0
1228036,0.0,0.0,0.0,0.0,0.0,1.0,0.0
1228536,0.0,0.0,0.0,0.0,0.0,0.0,0.0
1229054,0.0,0.0,0.0,0.0,0.0,1.0,0.0
1229350,0.0,0.0,0.0,0.0,0.0,2.0,0.0
1229352,0.0,0.0,0.0,0.0,1.0,2.0,0.0
1229355,0.0,0.0,0.0,0.0,2.0,2.0,0.0
1229850,0.0,0.0,0.0,0.0,2.0,0.0,0.0
1229855,0.0,0.0,0.0,0.0,0.0,0.0,0.0
1230087,0.0,0.0,0.0,0.0,0.0,1.0,0.0
1230587,0.0,0.0,0.0,0.0,0.0,0.0,0.0
1230848,0.0,0.0,0.0,0.0,0.0,1.0,0.0
1231348,0.0,0.0,0.0,0.0,0.0,0.0,0.0
1231674,0.0,0.0,0.0,0.0,0.0,1.0,0.0
1231678,0.0,0.0,0.0,0.0,0.0,2.0,0.0
1232178,0.0,0.0,0.0,0.0,0.0,0.0,0.0
1232675,0.0,0.0,0.0,0.0,0.0,1.0,0.0
1233017,0.0,0.0,0.0,0.0,0.0,2.0,0.0
1233517,0.0,0.0,0.0,0.0,0.0,0.0,0.0
1234353,0.0,0.0,0.0,0.0,0.0,1.0,0.0
1234853,0.0,0.0,0.0,0.0,0.0,0.0,0.0
1234871,0.0,0.0,0.0,0.0,0.0,1.0,0.0
1235371,0.0,0.0,0.0,0.0,0.0,0.0,0.0
1235383,0.0,0.0,0.0,0.0,0.0,1.0,0.0
1235883,0.0,0.0,0.0,0.0,0.0,0.0,0.0
1235970,0.0,0.0,0.0,0.0,0.0,1.0,0.0
1236470,0.0,0.0,0.0,0.0,0.0,0.0,0.0
1237073,0.0,0.0,0.0,0.0,0.0,1.0,0.0
1237546,0.0,0.0,0.0,0.0,0.0,2.0,0.0
1238046,0.0,0.0,0.0,0.0,0.0,0.0,0.0
1238280,0.0,0.0,0.0,0.0,0.0,1.0,0.0
1238780,0.0,0.0,0.0,0.0,0.0,0.0,0.0
1239275,0.0,0.0,0.0,0.0,0.0,1.0,0.0
1239332,0.0,0.0,0.0,0.0,0.0,2.0,0.0
1239832,0.0,0.0,0.0,0.0,0.0,0.0,0.0
1241987,0.0,0.0,0.0,0.0,0.0,1.0,0.0
1242487,0.0,0.0,0.0,0.0,0.0,0.0,0.0
1242682,0.0,0.0,0.0,0.0,0.0,1.0,0.0
1243182,0.0,0.0,0.0,0.0,0.0,0.0,0.0
1243411,0.0,0.0,0.0,0.0,0.0,1.0,0.0
1243911,0.0,0.0,0.0,0.0,0.0,0.0,0.0
1244129,0.0,0.0,0.0,0.0,0.0,1.0,0.0
1244629,0.0,0.0,0.0,0.0,0.0,0.0,0.0
1244653,0.0,0.0,0.0,0.0,0.0,1.0,0.0
1244656,0.0,0.0,0.0,0.0,0.0,2.0,0.0
1245156,0.0,0.0,0.0,0.0,0.0,0.0,0.0
1245517,0.0,0.0,0.0,0.0,0.0,1.0,0.0
1246017,0.0,0.0,0.0,0.0,0.0,0.0,0.0
1246737,0.0,0.0,0.0,0.0,0.0,1.0,0.0
1247237,0.0,0.0,0.0,0.0,0.0,0.0,0.0
1247668,0.0,0.0,0.0,0.0,0.0,1.0,0.0
1248168,0.0,0.0,0.0,0.0,0.0,0.0,0.0
1248503,0.0,0.0,0.0,0.0,0.0,1.0,0.0
1248582,0.0,0.0,0.0,0.0,0.0,2.0,0.0
1249082,0.0,0.0,0.0,0.0,0.0,0.0,0.0
1249887,0.0,0.0,0.0,0.0,0.0,1.0,0.0
1250387,0.0,0.0,0.0,0.0,0.0,0.0,0.0
1250450,0.0,0.0,0.0,0.0,0.0,1.0,0.0
1250454,0.0,0.0,0.0,0.0,0.0,2.0,0.0
1250911,0.0,0.0,0.0,0.0,1.0,2.0,0.0
1250954,0.0,0.0,0.0,0.0,1.0,0.0,0.0
1251241,0.0,0.0,0.0,0.0,1.0,1.0,0.0
1251272,0.0,0.0,0.0,0.0,1.0,2.0,0.0
1251411,0.0,0.0,0.0,0.0,0.0,2.0,0.0
1251772,0.0,0.0,0.0,0.0,0.0,0.0,0.0
1251821,0.0,0.0,0.0,0.0,0.0,1.0,0.0
1251827,0.0,0.0,0.0,0.0,0.0,2.0,0.0
1252327,0.0,0.0,0.0,0.0,0.0,0.0,0.0
1252357,0.0,0.0,0.0,0.0,0.0,1.0,0.0
1252359,0.0,0.0,0.0,0.0,0.0,2.0,0.0
1252859,0.0,0.0,0.0,0.0,0.0,0.0,0.0
1254146,0.0,0.0,0.0,0.0,0.0,1.0,0.0
1254646,0.0,0.0,0.0,0.0,0.0,0.0,0.0
1255152,0.0,0.0,0.0,0.0,0.0,1.0,0.0
1255652,0.0,0.0,0.0,0.0,0.0,0.0,0.0
1255957,0.0,0.0,0.0,0.0,0.0,1.0,0.0
1256003,0.0,0.0,0.0,0.0,0.0,2.0,0.0
1256503,0.0,0.0,0.0,0.0,0.0,0.0,0.0
1256887,0.0,0.0,0.0,0.0,0.0,1.0,0.0
1256890,0.0,0.0,0.0,0.0,0.0,2.0,0.0
1257390,0.0,0.0,0.0,0.0,0.0,0.0,0.0
1257450,0.0,0.0,0.0,0.0,0.0,1.0,0.0
1257460,0.0,2.0,0.0,0.0,0.0,1.0,0.0
1257474,0.0,2.0,0.0,0.0,0.0,2.0,0.0
1257960,0.0,0.0,0.0,0.0,0.0,2.0,0.0
1257974,0.0,0.0,0.0,0.0,0.0,0.0,0.0
1258234,0.0,0.0,0.0,0.0,0.0,1.0,0.0
1258241,0.0,0.0,0.0,0.0,0.0,2.0,0.0
1258741,0.0,0.0,0.0,0.0,0.0,0.0,0.0
1259738,0.0,0.0,0.0,0.0,0.0,1.0,0.0
1260238,0.0,0.0,0.0,0.0,0.0,0.0,0.0
1260620,0.0,0.0,0.0,0.0,0.0,1.0,0.0
1260732,0.0,0.0,0.0,0.0,0.0,2.0,0.0
1261232,0.0,0.0,0.0,0.0,0.0,0.0,0.0
1261557,0.0,0.0,0.0,0.0,0.0,1.0,0.0
1262057,0.0,0.0,0.0,0.0,0.0,0.0,0.0
1262709,0.0,0.0,0.0,0.0,0.0,1.0,0.0
1263209,0.0,0.0,0.0,0.0,0.0,0.0,0.0
1263230,0.0,0.0,0.0,0.0,0.0,1.0,0.0
1263234,0.0,0.0,0.0,0.0,0.0,2.0,0.0
1263734,0.0,0.0,0.0,0.0,0.0,0.0,0.0
1263794,0.0,0.0,0.0,0.0,0.0,1.0,0.0
1264294,0.0,0.0,0.0,0.0,0.0,0.0,0.0
1264964,0.0,0.0,0.0,0.0,0.0,1.0,0.0
1264988,0.0,2.0,0.0,0.0,0.0,1.0,0.0
1265014,0.0,2.0,0.0,0.0,0.0,2.0,0.0
1265488,0.0,0.0,0.0,0.0,0.0,2.0,0.0
1265514,0.0,0.0,0.0,0.0,0.0,0.0,0.0
1265998,0.0,0.0,0.0,0.0,0.0,1.0,0.0
1266404,0.0,0.0,0.0,0.0,0.0,2.0,0.0
1266904,0.0,0.0,0.0,0.0,0.0,0.0,0.0
1267403,0.0,0.0,0.0,0.0,0.0,1.0,0.0
1267903,0.0,0.0,0.0,0.0,0.0,0.0,0.0
1267919,0.0,0.0,0.0,0.0,0.0,1.0,0.0
1268419,0.0,0.0,0.0,0.0,0.0,0.0,0.0
1268548,0.0,0.0,0.0,0.0,0.0,1.0,0.0
1269048,0.0,0.0,0.0,0.0,0.0,0.0,0.0
1269654,0.0,0.0,0.0,0.0,0.0,1.0,0.0
1270126,0.0,0.0,0.0,0.0,0.0,2.0,0.0
1270626,0.0,0.0,0.0,0.0,0.0,0.0,0.0
1272469,0.0,0.0,0.0,0.0,0.0,1.0,0.0
1272969,0.0,0.0,0.0,0.0,0.0,0.0,0.0
1272972,0.0,0.0,0.0,0.0,0.0,1.0,0.0
1272975,0.0,0.0,0.0,0.0,0.0,2.0,0.0
1273475,0.0,0.0,0.0,0.0,0.0,0.0,0.0
1274070,0.0,0.0,0.0,0.0,0.0,1.0,0.0
1274570,0.0,0.0,0.0,0.0,0.0,0.0,0.0
1274932,0.0,0.0,0.0,0.0,0.0,1.0,0.0
1275037,0.0,0.0,0.0,0.0,0.0,2.0,0.0
1275537,0.0,0.0,0.0,0.0,0.0,0.0,0.0
1276310,0.0,0.0,0.0,0.0,0.0,1.0,0.0
1276810,0.0,0.0,0.0,0.0,0.0,0.0,0.0
1278203,0.0,0.0,0.0,0.0,0.0,1.0,0.0
1278703,0.0,0.0,0.0,0.0,0.0,0.0,0.0
1278928,0.0,0.0,0.0,0.0,0.0,1.0,0.0
1279121,0.0,0.0,0.0,0.0,0.0,2.0,0.0
1279621,0.0,0.0,0.0,0.0,0.0,0.0,0.0
1280543,0.0,0.0,0.0,0.0,0.0,1.0,0.0
1280960,0.0,2.0,0.0,0.0,0.0,1.0,0.0
1281043,0.0,2.0,0.0,0.0,0.0,0.0,0.0
1281460,0.0,0.0,0.0,0.0,0.0,0.0,0.0
1282159,0.0,0.0,0.0,0.0,0.0,1.0,0.0
1282659,0.0,0.0,0.0,0.0,0.0,0.0,0.0
1282840,0.0,0.0,0.0,0.0,0.0,1.0,0.0
1283340,0.0,0.0,0.0,0.0,0.0,0.0,0.0
1283694,0.0,0.0,0.0,0.0,0.0,1.0,0.0
1283703,0.0,0.0,0.0,0.0,0.0,2.0,0.0
1283722,0.0,2.0,0.0,0.0,0.0,2.0,0.0
1284203,0.0,2.0,0.0,0.0,0.0,0.0,0.0
1284222,0.0,0.0,0.0,0.0,0.0,0.0,0.0
1285219,0.0,0.0,0.0,0.0,0.0,1.0,0.0
1285719,0.0,0.0,0.0,0.0,0.0,0.0,0.0
1286306,0.0,0.0,0.0,0.0,0.0,1.0,0.0
1286308,0.0,0.0,0.0,0.0,0.0,2.0,0.0
1286808,0.0,0.0,0.0,0.0,0.0,0.0,0.0
1286868,0.0,0.0,0.0,0.0,0.0,1.0,0.0
1287368,0.0,0.0,0.0,0.0,0.0,0.0,0.0
1287896,0.0,0.0,0.0,0.0,0.0,1.0,0.0
1288396,0.0,0.0,0.0,0.0,0.0,0.0,0.0
1288467,0.0,0.0,0.0,0.0,0.0,1.0,0.0
1288471,0.0,0.0,0.0,0.0,0.0,2.0,0.0
1288971,0.0,0.0,0.0,0.0,0.0,0.0,0.0
1289207,0.0,0.0,0.0,0.0,0.0,1.0,0.0
1289707,0.0,0.0,0.0,0.0,0.0,0.0,0.0
1289990,0.0,0.0,0.0,0.0,0.0,1.0,0.0
1289992,0.0,0.0,0.0,0.0,0.0,2.0,0.0
1290492,0.0,0.0,0.0,0.0,0.0,0.0,0.0
1290981,0.0,0.0,0.0,0.0,0.0,1.0,0.0
1291481,0.0,0.0,0.0,0.0,0.0,0.0,0.0
1292669,0.0,0.0,0.0,0.0,0.0,1.0,0.0
1293169,0.0,0.0,0.0,0.0,0.0,0.0,0.0
1293301,0.0,0.0,0.0,0.0,0.0,1.0,0.0
1293801,0.0,0.0,0.0,0.0,0.0,0.0,0.0
1294181,0.0,0.0,0.0,0.0,0.0,1.0,0.0
1294196,0.0,0.0,0.0,0.0,0.0,2.0,0.0
1294696,0.0,0.0,0.0,0.0,0.0,0.0,0.0
1294843,0.0,0.0,0.0,0.0,0.0,1.0,0.0
1295234,0.0,0.0,0.0,0.0,0.0,2.0,0.0
1295734,0.0,0.0,0.0,0.0,0.0,0.0,0.0
1297323,0.0,0.0,0.0,0.0,0.0,1.0,0.0
1297823,0.0,0.0,0.0,0.0,0.0,0.0,0.0
1298599,0.0,0.0,0.0,0.0,0.0,1.0,0.0
1298601,0.0,0.0,0.0,0.0,0.0,2.0,0.0
1299101,0.0,0.0,0.0,0.0,0.0,0.0,0.0
1299307,0.0,0.0,0.0,0.0,0.0,1.0,0.0
1299807,0.0,0.0,0.0,0.0,0.0,0.0,0.0
1305201,0.0,0.0,0.0,0.0,0.0,1.0,0.0
1305701,0.0,0.0,0.0,0.0,0.0,0.0,0.0
1308014,0.0,0.0,0.0,0.0,1.0,0.0,0.0
1308514,0.0,0.0,0.0,0.0,0.0,0.0,0.0
1309360,0.0,0.0,0.0,0.0,1.0,0.0,0.0
1309860,0.0,0.0,0.0,0.0,0.0,0.0,0.0
1310136,0.0,0.0,0.0,0.0,0.0,1.0,0.0
1310636,0.0,0.0,0.0,0.0,0.0,0.0,0.0
1311245,0.0,0.0,0.0,0.0,0.0,1.0,0.0
1311745,0.0,0.0,0.0,0.0,0.0,0.0,0.0
1312700,0.0,0.0,0.0,0.0,0.0,1.0,0.0
1313200,0.0,0.0,0.0,0.0,0.0,0.0,0.0
1313521,0.0,0.0,0.0,0.0,0.0,1.0,0.0
1313523,0.0,0.0,0.0,0.0,0.0,2.0,0.0
1314023,0.0,0.0,0.0,0.0,0.0,0.0,0.0
1314151,0.0,0.0,0.0,0.0,0.0,1.0,0.0
1314651,0.0,0.0,0.0,0.0,0.0,0.0,0.0
1317963,0.0,0.0,0.0,0.0,0.0,1.0,0.0
1318463,0.0,0.0,0.0,0.0,0.0,0.0,0.0
1318703,0.0,0.0,0.0,0.0,0.0,1.0,0.0
1318707,0.0,0.0,0.0,0.0,0.0,2.0,0.0
1319207,0.0,0.0,0.0,0.0,0.0,0.0,0.0
1321417,0.0,0.0,0.0,0.0,0.0,1.0,0.0
1321917,0.0,0.0,0.0,0.0,0.0,0.0,0.0
1324795,0.0,0.0,0.0,0.0,0.0,1.0,0.0
1325295,0.0,0.0,0.0,0.0,0.0,0.0,0.0
1327449,0.0,0.0,0.0,0.0,0.0,1.0,0.0
1327949,0.0,0.0,0.0,0.0,0.0,0.0,0.0
1336197,0.0,0.0,0.0,0.0,0.0,1.0,0.0
1336697,0.0,0.0,0.0,0.0,0.0,0.0,0.0
1341891,0.0,0.0,0.0,0.0,0.0,1.0,0.0
1341895,0.0,0.0,0.0,0.0,0.0,2.0,0.0
1342395,0.0,0.0,0.0,0.0,0.0,0.0,0.0
1343598,0.0,0.0,0.0,0.0,0.0,1.0,0.0
1344098,0.0,0.0,0.0,0.0,0.0,0.0,0.0
1347583,0.0,0.0,0.0,0.0,0.0,1.0,0.0
1348083,0.0,0.0,0.0,0.0,0.0,0.0,0.0
1354217,0.0,0.0,0.0,0.0,0.0,1.0,0.0
1354717,0.0,0.0,0.0,0.0,0.0,0.0,0.0
1355152,0.0,0.0,0.0,0.0,0.0,1.0,0.0
1355153,0.0,0.0,0.0,0.0,0.0,2.0,0.0
1355653,0.0,0.0,0.0,0.0,0.0,0.0,0.0
1362119,0.0,0.0,0.0,0.0,1.0,0.0,0.0
1362619,0.0,0.0,0.0,0.0,0.0,0.0,0.0
1363337,0.0,0.0,0.0,0.0,1.0,1.0,0.0
1363837,0.0,0.0,0.0,0.0,0.0,0.0,0.0
1365760,0.0,0.0,0.0,0.0,0.0,1.0,0.0
1366260,0.0,0.0,0.0,0.0,0.0,0.0,0.0
1366272,0.0,0.0,0.0,0.0,0.0,1.0,0.0
1366772,0.0,0.0,0.0,0.0,0.0,0.0,0.0
1367270,0.0,0.0,0.0,0.0,0.0,1.0,0.0
1367770,0.0,0.0,0.0,0.0,0.0,0.0,0.0
1368087,0.0,0.0,0.0,0.0,0.0,1.0,0.0
1368587,0.0,0.0,0.0,0.0,0.0,0.0,0.0
1368611,0.0,0.0,0.0,0.0,0.0,1.0,0.0
1368613,0.0,0.0,0.0,0.0,0.0,2.0,0.0
1369113,0.0,0.0,0.0,0.0,0.0,0.0,0.0
1370388,0.0,0.0,0.0,0.0,0.0,1.0,0.0
1370888,0.0,0.0,0.0,0.0,0.0,0.0,0.0
1375488,0.0,0.0,0.0,0.0,0.0,1.0,0.0
1375981,0.0,0.0,0.0,0.0,0.0,2.0,0.0
1376481,0.0,0.0,0.0,0.0,0.0,0.0,0.0
1378285,0.0,0.0,0.0,0.0,0.0,1.0,0.0
1378785,0.0,0.0,0.0,0.0,0.0,0.0,0.0
1378877,0.0,0.0,0.0,0.0,0.0,1.0,0.0
1379377,0.0,0.0,0.0,0.0,0.0,0.0,0.0
1380261,0.0,0.0,0.0,0.0,0.0,1.0,0.0
1380761,0.0,0.0,0.0,0.0,0.0,0.0,0.0
1385567,0.0,0.0,0.0,0.0,0.0,1.0,0.0
1385569,0.0,0.0,0.0,0.0,0.0,2.0,0.0
1386069,0.0,0.0,0.0,0.0,0.0,0.0,0.0
1386239,0.0,0.0,0.0,0.0,0.0,1.0,0.0
1386739,0.0,0.0,0.0,0.0,0.0,0.0,0.0
1389634,0.0,0.0,0.0,0.0,0.0,1.0,0.0
1390134,0.0,0.0,0.0,0.0,0.0,0.0,0.0
1397398,0.0,0.0,0.0,0.0,0.0,1.0,0.0
1397898,0.0,0.0,0.0,0.0,0.0,0.0,0.0
1398836,0.0,0.0,0.0,0.0,0.0,1.0,0.0
1399336,0.0,0.0,0.0,0.0,0.0,0.0,0.0
1400000,0.0,0.0,0.0,0.0,0.0,0.0,1.0
1400006,0.0,0.0,0.0,0.0,0.0,1.0,1.0
1400073,0.0,0.0,0.0,0.0,1.0,1.0,1.0
1400121,0.0,0.0,0.0,0.0,2.0,1.0,1.0
1400223,2.0,0.0,0.0,0.0,2.0,2.0,1.0
1400389,2.0,2.0,0.0,0.0,2.0,2.0,1.0
1400500,2.0,2.0,0.0,0.0,2.0,2.0,0.0
1400621,2.0,2.0,0.0,0.0,0.0,2.0,0.0
1400723,0.0,2.0,0.0,0.0,0.0,0.0,0.0
1400889,0.0,0.0,0.0,0.0,0.0,0.0,0.0
1401079,0.0,0.0,0.0,0.0,0.0,1.0,0.0
1401083,0.0,0.0,0.0,0.0,0.0,2.0,0.0
1401583,0.0,0.0,0.0,0.0,0.0,0.0,0.0
1401969,0.0,0.0,0.0,0.0,0.0,1.0,0.0
1402469,0.0,0.0,0.0,0.0,0.0,0.0,0.0
1403491,0.0,0.0,0.0,0.0,0.0,1.0,0.0
1403991,0.0,0.0,0.0,0.0,0.0,0.0,0.0
1404984,0.0,0.0,0.0,0.0,0.0,1.0,0.0
1405484,0.0,0.0,0.0,0.0,0.0,0.0,0.0
1406163,0.0,0.0,0.0,0.0,0.0,1.0,0.0
1406663,0.0,0.0,0.0,0.0,0.0,0.0,0.0
1406817,0.0,0.0,0.0,0.0,0.0,1.0,0.0
1407317,0.0,0.0,0.0,0.0,0.0,0.0,0.0
1407349,0.0,0.0,0.0,0.0,0.0,1.0,0.0
1407849,0.0,0.0,0.0,0.0,0.0,0.0,0.0
1407899,0.0,0.0,0.0,0.0,0.0,1.0,0.0
1408244,0.0,0.0,0.0,0.0,0.0,2.0,0.0
1408744,0.0,0.0,0.0,0.0,0.0,0.0,0.0
1409482,0.0,0.0,0.0,0.0,0.0,1.0,0.0
1409486,0.0,0.0,0.0,0.0,0.0,2.0,0.0
1409986,0.0,0.0,0.0,0.0,0.0,0.0,0.0
1410262,0.0,0.0,0.0,0.0,0.0,1.0,0.0
1410414,0.0,0.0,0.0,0.0,0.0,2.0,0.0
1410914,0.0,0.0,0.0,0.0,0.0,0.0,0.0
1411929,0.0,0.0,0.0,0.0,0.0,1.0,0.0
1412429,0.0,0.0,0.0,0.0,0.0,0.0,0.0
1412646,0.0,0.0,0.0,0.0,0.0,1.0,0.0
1413146,0.0,0.0,0.0,0.0,0.0,0.0,0.0
1414634,0.0,0.0,0.0,0.0,0.0,1.0,0.0
1415134,0.0,0.0,0.0,0.0,0.0,0.0,0.0
1415175,0.0,0.0,0.0,0.0,0.0,1.0,0.0
1415226,0.0,0.0,0.0,0.0,0.0,2.0,0.0
1415726,0.0,0.0,0.0,0.0,0.0,0.0,0.0
1416776,0.0,0.0,0.0,0.0,0.0,1.0,0.0
1416791,0.0,0.0,0.0,0.0,0.0,2.0,0.0
1417291,0.0,0.0,0.0,0.0,0.0,0.0,0.0
1417420,0.0,0.0,0.0,0.0,0.0,1.0,0.0
1417581,0.0,0.0,0.0,0.0,0.0,2.0,0.0
1418081,0.0,0.0,0.0,0.0,0.0,0.0,0.0
1418135,0.0,0.0,0.0,0.0,0.0,1.0,0.0
1418633,0.0,0.0,0.0,0.0,0.0,2.0,0.0
1419133,0.0,0.0,0.0,0.0,0.0,0.0,0.0
1419363,0.0,0.0,0.0,0.0,0.0,1.0,0.0
1419863,0.0,0.0,0.0,0.0,0.0,0.0,0.0
1419900,0.0,0.0,0.0,0.0,0.0,1.0,0.0
1419902,0.0,0.0,0.0,0.0,0.0,2.0,0.0
1420402,0.0,0.0,0.0,0.0,0.0,0.0,0.0
1422256,0.0,0.0,0.0,0.0,0.0,1.0,0.0
1422263,0.0,0.0,0.0,0.0,0.0,2.0,0.0
1422763,0.0,0.0,0.0,0.0,0.0,0.0,0.0
1425576,0.0,0.0,0.0,0.0,0.0,1.0,0.0
1425584,0.0,0.0,0.0,0.0,0.0,2.0,0.0
1426084,0.0,0.0,0.0,0.0,0.0,0.0,0.0
1426181,0.0,0.0,0.0,0.0,0.0,1.0,0.0
1426185,0.0,0.0,0.0,0.0,0.0,2.0,0.0
1426685,0.0,0.0,0.0,0.0,0.0,0.0,0.0
1426725,0.0,0.0,0.0,0.0,0.0,1.0,0.0
1426744,0.0,0.0,0.0,0.0,0.0,2.0,0.0
1427244,0.0,0.0,0.0,0.0,0.0,0.0,0.0
1427328,0.0,0.0,0.0,0.0,0.0,1.0,0.0
1427828,0.0,0.0,0.0,0.0,0.0,0.0,0.0
1427850,0.0,0.0,0.0,0.0,0.0,1.0,0.0
1428350,0.0,0.0,0.0,0.0,0.0,0.0,0.0
1429178,0.0,0.0,0.0,0.0,0.0,1.0,0.0
1429678,0.0,0.0,0.0,0.0,0.0,0.0,0.0
1430165,0.0,0.0,0.0,0.0,0.0,1.0,0.0
1430665,0.0,0.0,0.0,0.0,0.0,0.0,0.0
1431779,0.0,0.0,0.0,0.0,0.0,1.0,0.0
1431790,0.0,0.0,0.0,0.0,0.0,2.0,0.0
1432290,0.0,0.0,0.0,0.0,0.0,0.0,0.0
1432456,0.0,0.0,0.0,0.0,0.0,1.0,0.0
1432464,0.0,0.0,0.0,0.0,0.0,2.0,0.0
1432964,0.0,0.0,0.0,0.0,0.0,0.0,0.0
1434578,0.0,0.0,0.0,0.0,0.0,1.0,0.0
1434599,0.0,0.0,0.0,0.0,0.0,2.0,0.0
1434966,0.0,2.0,0.0,0.0,0.0,2.0,0.0
1435099,0.0,2.0,0.0,0.0,0.0,0.0,0.0
1435466,0.0,0.0,0.0,0.0,0.0,0.0,0.0
1436253,0.0,0.0,0.0,0.0,0.0,1.0,0.0
1436753,0.0,0.0,0.0,0.0,0.0,0.0,0.0
1437306,0.0,0.0,0.0,0.0,0.0,1.0,0.0
1437806,0.0,0.0,0.0,0.0,0.0,0.0,0.0
1438384,0.0,0.0,0.0,0.0,0.0,1.0,0.0
1438820,0.0,0.0,0.0,0.0,0.0,2.0,0.0
1439317,0.0,2.0,0.0,0.0,0.0,2.0,0.0
1439320,0.0,2.0,0.0,0.0,0.0,0.0,0.0
1439429,0.0,2.0,0.0,0.0,0.0,1.0,0.0
1439817,0.0,0.0,0.0,0.0,0.0,1.0,0.0
1439929,0.0,0.0,0.0,0.0,0.0,0.0,0.0
1440940,0.0,0.0,0.0,0.0,0.0,1.0,0.0
1441440,0.0,0.0,0.0,0.0,0.0,0.0,0.0
1441596,0.0,0.0,0.0,0.0,0.0,1.0,0.0
1442096,0.0,0.0,0.0,0.0,0.0,0.0,0.0
1442610,0.0,0.0,0.0,0.0,0.0,1.0,0.0
1443069,0.0,0.0,0.0,0.0,1.0,2.0,0.0
1443074,0.0,0.0,0.0,0.0,2.0,2.0,0.0
1443569,0.0,0.0,0.0,0.0,2.0,0.0,0.0
1443574,0.0,0.0,0.0,0.0,0.0,0.0,0.0
1443979,0.0,0.0,0.0,0.0,0.0,1.0,0.0
1444430,0.0,0.0,0.0,0.0,0.0,2.0,0.0
1444475,0.0,0.0,0.0,0.0,1.0,2.0,0.0
1444930,0.0,0.0,0.0,0.0,1.0,0.0,0.0
1444975,0.0,0.0,0.0,0.0,0.0,0.0,0.0
1445158,0.0,0.0,0.0,0.0,0.0,1.0,0.0
1445160,0.0,0.0,0.0,0.0,0.0,2.0,0.0
1445660,0.0,0.0,0.0,0.0,0.0,0.0,0.0
1445795,0.0,0.0,0.0,0.0,0.0,1.0,0.0
1446295,0.0,0.0,0.0,0.0,0.0,0.0,0.0
1447161,0.0,0.0,0.0,0.0,0.0,1.0,0.0
1447420,0.0,0.0,0.0,0.0,0.0,2.0,0.0
1447920,0.0,0.0,0.0,0.0,0.0,0.0,0.0
1449328,0.0,0.0,0.0,0.0,0.0,1.0,0.0
1449377,0.0,0.0,0.0,0.0,0.0,2.0,0.0
1449401,0.0,0.0,0.0,0.0,1.0,2.0,0.0
1449877,0.0,0.0,0.0,0.0,1.0,0.0,0.0
1449901,0.0,0.0,0.0,0.0,0.0,0.0,0.0
1449982,0.0,0.0,0.0,0.0,0.0,1.0,0.0
1450482,0.0,0.0,0.0,0.0,0.0,0.0,0.0
1450509,0.0,0.0,0.0,0.0,0.0,1.0,0.0
1451009,0.0,0.0,0.0,0.0,0.0,0.0,0.0
1451499,0.0,0.0,0.0,0.0,0.0,1.0,0.0
1451512,0.0,0.0,0.0,0.0,0.0,2.0,0.0
1452012,0.0,0.0,0.0,0.0,0.0,0.0,0.0
1452792,0.0,0.0,0.0,0.0,0.0,1.0,0.0
1452804,0.0,0.0,0.0,0.0,0.0,2.0,0.0
1453304,0.0,0.0,0.0,0.0,0.0,0.0,0.0
1454603,0.0,0.0,0.0,0.0,0.0,1.0,0.0
1455103,0.0,0.0,0.0,0.0,0.0,0.0,0.0
1455384,0.0,0.0,0.0,0.0,0.0,1.0,0.0
1455884,0.0,0.0,0.0,0.0,0.0,0.0,0.0
1456446,0.0,0.0,0.0,0.0,0.0,1.0,0.0
1456903,0.0,0.0,0.0,0.0,0.0,2.0,0.0
1457403,0.0,0.0,0.0,0.0,0.0,0.0,0.0
1458212,0.0,0.0,0.0,0.0,0.0,1.0,0.0
1458712,0.0,0.0,0.0,0.0,0.0,0.0,0.0
1459297,0.0,0.0,0.0,0.0,0.0,1.0,0.0
1459797,0.0,0.0,0.0,0.0,0.0,0.0,0.0
1460215,0.0,0.0,0.0,0.0,0.0,1.0,0.0
1460633,0.0,0.0,0.0,0.0,0.0,2.0,0.0
1461133,0.0,0.0,0.0,0.0,0.0,0.0,0.0
1461574,0.0,0.0,0.0,0.0,0.0,1.0,0.0
1462074,0.0,0.0,0.0,0.0,0.0,0.0,0.0
1463244,0.0,0.0,0.0,0.0,0.0,1.0,0.0
1463744,0.0,0.0,0.0,0.0,0.0,0.0,0.0
1463943,0.0,0.0,0.0,0.0,0.0,1.0,0.0
1464443,0.0,0.0,0.0,0.0,0.0,0.0,0.0
1464863,0.0,0.0,0.0,0.0,0.0,1.0,0.0
1464947,0.0,2.0,0.0,0.0,0.0,1.0,0.0
1465363,0.0,2.0,0.0,0.0,0.0,0.0,0.0
1465447,0.0,0.0,0.0,0.0,0.0,0.0,0.0
1465532,0.0,0.0,0.0,0.0,0.0,1.0,0.0
1466032,0.0,0.0,0.0,0.0,0.0,0.0,0.0
1466141,0.0,0.0,0.0,0.0,0.0,1.0,0.0
1466574,0.0,0.0,0.0,0.0,0.0,2.0,0.0
1467074,0.0,0.0,0.0,0.0,0.0,0.0,0.0
1467441,0.0,0.0,0.0,0.0,0.0,1.0,0.0
1467485,0.0,0.0,0.0,0.0,0.0,2.0,0.0
1467751,0.0,2.0,0.0,0.0,0.0,2.0,0.0
1467985,0.0,2.0,0.0,0.0,0.0,0.0,0.0
1468251,0.0,0.0,0.0,0.0,0.0,0.0,0.0
1469569,0.0,0.0,0.0,0.0,0.0,1.0,0.0
1470069,0.0,0.0,0.0,0.0,0.0,0.0,0.0
1470401,0.0,0.0,0.0,0.0,0.0,1.0,0.0
1470901,0.0,0.0,0.0,0.0,0.0,0.0,0.0
1471274,0.0,0.0,0.0,0.0,0.0,1.0,0.0
1471768,0.0,2.0,0.0,0.0,0.0,1.0,0.0
1472268,0.0,0.0,0.0,0.0,0.0,1.0,0.0
1472274,0.0,0.0,0.0,0.0,0.0,0.0,0.0
1472306,0.0,0.0,0.0,0.0,0.0,1.0,0.0
1472806,0.0,0.0,0.0,0.0,0.0,0.0,0.0
1472883,0.0,0.0,0.0,0.0,0.0,1.0,0.0
1473383,0.0,0.0,0.0,0.0,0.0,0.0,0.0
1473386,0.0,0.0,0.0,0.0,0.0,1.0,0.0
1473549,0.0,0.0,0.0,0.0,0.0,2.0,0.0
1474049,0.0,0.0,0.0,0.0,0.0,0.0,0.0
1474339,0.0,0.0,0.0,0.0,0.0,1.0,0.0
1474341,0.0,0.0,0.0,0.0,0.0,2.0,0.0
1474841,0.0,0.0,0.0,0.0,0.0,0.0,0.0
1476042,0.0,0.0,0.0,0.0,1.0,0.0,0.0
1476079,0.0,0.0,0.0,0.0,1.0,1.0,0.0
1476081,0.0,0.0,0.0,0.0,1.0,2.0,0.0
1476542,0.0,0.0,0.0,0.0,0.0,2.0,0.0
1476581,0.0,0.0,0.0,0.0,0.0,0.0,0.0
1477756,0.0,0.0,0.0,0.0,0.0,1.0,0.0
1478256,0.0,0.0,0.0,0.0,0.0,0.0,0.0
1478557,0.0,0.0,0.0,0.0,0.0,1.0,0.0
1479057,0.0,0.0,0.0,0.0,0.0,0.0,0.0
1479736,0.0,0.0,0.0,0.0,0.0,1.0,0.0
1480236,0.0,0.0,0.0,0.0,0.0,0.0,0.0
1480749,0.0,0.0,0.0,0.0,0.0,1.0,0.0
1481249,0.0,0.0,0.0,0.0,0.0,0.0,0.0
1483827,0.0,0.0,0.0,0.0,0.0,1.0,0.0
1484248,0.0,0.0,0.0,0.0,0.0,2.0,0.0
1484748,0.0,0.0,0.0,0.0,0.0,0.0,0.0
1485012,0.0,0.0,0.0,0.0,0.0,1.0,0.0
1485018,0.0,0.0,0.0,0.0,0.0,2.0,0.0
1485518,0.0,0.0,0.0,0.0,0.0,0.0,0.0
1485835,0.0,0.0,0.0,0.0,0.0,1.0,0.0
1486247,0.0,0.0,0.0,0.0,0.0,2.0,0.0
1486552,0.0,0.0,0.0,0.0,1.0,2.0,0.0
1486747,0.0,0.0,0.0,0.0,1.0,0.0,0.0
1487052,0.0,0.0,0.0,0.0,0.0,0.0,0.0
1487462,0.0,0.0,0.0,0.0,0.0,1.0,0.0
1487487,0.0,2.0,0.0,0.0,0.0,1.0,0.0
1487739,0.0,2.0,0.0,0.0,0.0,2.0,0.0
1487987,0.0,0.0,0.0,0.0,0.0,2.0,0.0
1488239,0.0,0.0,0.0,0.0,0.0,0.0,0.0
1489426,0.0,0.0,0.0,0.0,0.0,1.0,0.0
1489926,0.0,0.0,0.0,0.0,0.0,0.0,0.0
1489939,0.0,0.0,0.0,0.0,0.0,1.0,0.0
1490439,0.0,0.0,0.0,0.0,0.0,0.0,0.0
1490557,0.0,0.0,0.0,0.0,0.0,1.0,0.0
1491021,0.0,0.0,0.0,0.0,0.0,2.0,0.0
1491521,0.0,0.0,0.0,0.0,0.0,0.0,0.0
1491749,0.0,0.0,0.0,0.0,0.0,1.0,0.0
1492249,0.0,0.0,0.0,0.0,0.0,0.0,0.0
1492370,0.0,0.0,0.0,0.0,0.0,1.0,0.0
1492870,0.0,0.0,0.0,0.0,0.0,0.0,0.0
1493001,0.0,0.0,0.0,0.0,0.0,1.0,0.0
1493501,0.0,0.0,0.0,0.0,0.0,0.0,0.0
1493525,0.0,0.0,0.0,0.0,0.0,1.0,0.0
1494025,0.0,0.0,0.0,0.0,0.0,0.0,0.0
1494691,0.0,0.0,0.0,0.0,0.0,1.0,0.0
1494693,0.0,0.0,0.0,0.0,0.0,2.0,0.0
1495193,0.0,0.0,0.0,0.0,0.0,0.0,0.0
1496946,0.0,0.0,0.0,0.0,0.0,1.0,0.0
1497446,0.0,0.0,0.0,0.0,0.0,0.0,0.0
1497804,0.0,0.0,0.0,0.0,0.0,1.0,0.0
1498067,0.0,0.0,0.0,0.0,0.0,2.0,0.0
1498567,0.0,0.0,0.0,0.0,0.0,0.0,0.0
1498741,0.0,0.0,0.0,0.0,0.0,1.0,0.0
1499241,0.0,0.0,0.0,0.0,0.0,0.0,0.0
1499788,0.0,0.0,0.0,0.0,0.0,1.0,0.0
1500288,0.0,0.0,0.0,0.0,0.0,0.0,0.0
1501609,0.0,0.0,0.0,0.0,0.0,1.0,0.0
1502109,0.0,0.0,0.0,0.0,0.0,0.0,0.0
1504946,0.0,0.0,0.0,0.0,0.0,1.0,0.0
1505446,0.0,0.0,0.0,0.0,0.0,0.0,0.0
1507496,0.0,0.0,0.0,0.0,0.0,1.0,0.0
1507996,0.0,0.0,0.0,0.0,0.0,0.0,0.0
1509155,0.0,0.0,0.0,0.0,0.0,1.0,0.0
1509655,0.0,0.0,0.0,0.0,0.0,0.0,0.0
1510030,0.0,0.0,0.0,0.0,0.0,1.0,0.0
1510530,0.0,0.0,0.0,0.0,0.0,0.0,0.0
1510899,0.0,0.0,0.0,0.0,0.0,1.0,0.0
1511399,0.0,0.0,0.0,0.0,0.0,0.0,0.0
1512399,0.0,0.0,0.0,0.0,0.0,1.0,0.0
1512899,0.0,0.0,0.0,0.0,0.0,0.0,0.0
1513564,0.0,0.0,0.0,0.0,0.0,1.0,0.0
1514064,0.0,0.0,0.0,0.0,0.0,0.0,0.0
1516198,0.0,0.0,0.0,0.0,0.0,1.0,0.0
1516698,0.0,0.0,0.0,0.0,0.0,0.0,0.0
1516746,0.0,0.0,0.0,0.0,0.0,1.0,0.0
1517246,0.0,0.0,0.0,0.0,0.0,0.0,0.0
1519875,0.0,0.0,0.0,0.0,0.0,1.0,0.0
1519887,0.0,0.0,0.0,0.0,0.0,2.0,0.0
1520387,0.0,0.0,0.0,0.0,0.0,0.0,0.0
1526233,0.0,0.0,0.0,0.0,0.0,1.0,0.0
1526733,0.0,0.0,0.0,0.0,0.0,0.0,0.0
1527519,0.0,0.0,0.0,0.0,0.0,1.0,0.0
1527521,0.0,0.0,0.0,0.0,0.0,2.0,0.0
1528021,0.0,0.0,0.0,0.0,0.0,0.0,0.0
1529394,0.0,0.0,0.0,0.0,0.0,1.0,0.0
1529395,0.0,0.0,0.0,0.0,0.0,2.0,0.0
1529895,0.0,0.0,0.0,0.0,0.0,0.0,0.0
1530431,0.0,0.0,0.0,0.0,0.0,1.0,0.0
1530931,0.0,0.0,0.0,0.0,0.0,0.0,0.0
1534459,0.0,0.0,0.0,0.0,0.0,1.0,0.0
1534959,0.0,0.0,0.0,0.0,0.0,0.0,0.0
1538770,0.0,0.0,0.0,0.0,0.0,1.0,0.0
1539270,0.0,0.0,0.0,0.0,0.0,0.0,0.0
1545412,0.0,0.0,0.0,0.0,0.0,1.0,0.0
1545912,0.0,0.0,0.0,0.0,0.0,0.0,0.0
1548110,0.0,0.0,0.0,0.0,0.0,1.0,0.0
1548610,0.0,0.0,0.0,0.0,0.0,0.0,0.0
1549396,0.0,0.0,0.0,0.0,0.0,1.0,0.0
1549896,0.0,0.0,0.0,0.0,0.0,0.0,0.0
1554790,0.0,0.0,0.0,0.0,0.0,1.0,0.0
1555290,0.0,0.0,0.0,0.0,0.0,0.0,0.0
1555622,0.0,0.0,0.0,0.0,0.0,1.0,0.0
1556122,0.0,0.0,0.0,0.0,0.0,0.0,0.0
1557607,0.0,0.0,0.0,0.0,0.0,1.0,0.0
1558107,0.0,0.0,0.0,0.0,0.0,0.0,0.0
1558260,0.0,0.0,0.0,0.0,0.0,1.0,0.0
1558760,0.0,0.0,0.0,0.0,0.0,0.0,0.0
1558970,0.0,0.0,0.0,0.0,0.0,1.0,0.0
1559470,0.0,0.0,0.0,0.0,0.0,0.0,0.0
1561960,0.0,0.0,0.0,0.0,0.0,1.0,0.0
1562460,0.0,0.0,0.0,0.0,0.0,0.0,0.0
1562735,0.0,0.0,0.0,0.0,0.0,1.0,0.0
1563235,0.0,0.0,0.0,0.0,0.0,0.0,0.0
1563281,0.0,0.0,0.0,0.0,0.0,1.0,0.0
1563781,0.0,0.0,0.0,0.0,0.0,0.0,0.0
1565101,0.0,0.0,0.0,0.0,0.0,1.0,0.0
1565601,0.0,0.0,0.0,0.0,0.0,0.0,0.0
1567371,0.0,0.0,0.0,0.0,0.0,1.0,0.0
1567871,0.0,0.0,0.0,0.0,0.0,0.0,0.0
1568325,0.0,0.0,0.0,0.0,0.0,1.0,0.0
1568825,0.0,0.0,0.0,0.0,0.0,0.0,0.0
1571899,0.0,0.0,0.0,0.0,0.0,1.0,0.0
1572399,0.0,0.0,0.0,0.0,0.0,0.0,0.0
1573899,0.0,0.0,0.0,0.0,0.0,1.0,0.0
1574399,0.0,0.0,0.0,0.0,0.0,0.0,0.0
1574524,0.0,0.0,0.0,0.0,0.0,1.0,0.0
1575024,0.0,0.0,0.0,0.0,0.0,0.0,0.0
1576103,0.0,0.0,0.0,0.0,0.0,1.0,0.0
1576603,0.0,0.0,0.0,0.0,0.0,0.0,0.0
1577246,0.0,0.0,0.0,0.0,0.0,1.0,0.0
1577746,0.0,0.0,0.0,0.0,0.0,0.0,0.0
1578207,0.0,0.0,0.0,0.0,1.0,0.0,0.0
1578707,0.0,0.0,0.0,0.0,0.0,0.0,0.0
1579806,0.0,0.0,0.0,0.0,0.0,1.0,0.0
1580306,0.0,0.0,0.0,0.0,0.0,0.0,0.0
1580593,0.0,0.0,0.0,0.0,0.0,1.0,0.0
1581093,0.0,0.0,0.0,0.0,0.0,0.0,0.0
1585568,0.0,0.0,0.0,0.0,0.0,1.0,0.0
1586068,0.0,0.0,0.0,0.0,0.0,0.0,0.0
1586211,0.0,0.0,0.0,0.0,0.0,1.0,0.0
1586711,0.0,0.0,0.0,0.0,0.0,0.0,0.0
1587570,0.0,0.0,0.0,0.0,0.0,1.0,0.0
1588070,0.0,0.0,0.0,0.0,0.0,0.0,0.0
1588283,0.0,0.0,0.0,0.0,0.0,1.0,0.0
1588783,0.0,0.0,0.0,0.0,0.0,0.0,0.0
1590527,0.0,0.0,0.0,0.0,0.0,1.0,0.0
1591027,0.0,0.0,0.0,0.0,0.0,0.0,0.0
1591140,0.0,0.0,0.0,0.0,0.0,1.0,0.0
1591640,0.0,0.0,0.0,0.0,0.0,0.0,0.0
1592804,0.0,0.0,0.0,0.0,0.0,1.0,0.0
1593304,0.0,0.0,0.0,0.0,0.0,0.0,0.0
1594695,0.0,0.0,0.0,0.0,0.0,1.0,0.0
1595195,0.0,0.0,0.0,0.0,0.0,0.0,0.0
1597442,0.0,0.0,0.0,0.0,0.0,1.0,0.0
1597942,0.0,0.0,0.0,0.0,0.0,0.0,0.0
1600000,0.0,0.0,0.0,0.0,0.0,0.0,1.0
1600070,0.0,0.0,0.0,0.0,0.0,1.0,1.0
1600072,0.0,0.0,0.0,0.0,0.0,2.0,1.0
1600074,0.0,0.0,0.0,0.0,1.0,2.0,1.0
1600136,0.0,0.0,0.0,0.0,2.0,2.0,1.0
1600191,2.0,0.0,0.0,0.0,2.0,2.0,1.0
1600423,2.0,2.0,0.0,0.0,2.0,2.0,1.0
1600500,2.0,2.0,0.0,0.0,2.0,2.0,0.0
1600572,2.0,2.0,0.0,0.0,2.0,0.0,0.0
1600636,2.0,2.0,0.0,0.0,0.0,0.0,0.0
1600691,0.0,2.0,0.0,0.0,0.0,0.0,0.0
1600923,0.0,0.0,0.0,0.0,0.0,0.0,0.0
1602378,0.0,0.0,0.0,0.0,0.0,1.0,0.0
1602878,0.0,0.0,0.0,0.0,0.0,0.0,0.0
1602883,0.0,0.0,0.0,0.0,0.0,1.0,0.0
1603383,0.0,0.0,0.0,0.0,0.0,0.0,0.0
1603625,0.0,0.0,0.0,0.0,0.0,1.0,0.0
1604125,0.0,0.0,0.0,0.0,0.0,0.0,0.0
1604245,0.0,0.0,0.0,0.0,0.0,1.0,0.0
1604745,0.0,0.0,0.0,0.0,0.0,0.0,0.0
1604935,0.0,0.0,0.0,0.0,0.0,1.0,0.0
1604956,0.0,0.0,0.0,0.0,0.0,2.0,0.0
1605456,0.0,0.0,0.0,0.0,0.0,0.0,0.0
1605828,0.0,0.0,0.0,0.0,0.0,1.0,0.0
1606328,0.0,0.0,0.0,0.0,0.0,0.0,0.0
1607399,0.0,0.0,0.0,0.0,0.0,1.0,0.0
1607401,0.0,0.0,0.0,0.0,0.0,2.0,0.0
1607901,0.0,0.0,0.0,0.0,0.0,0.0,0.0
1608219,0.0,0.0,0.0,0.0,0.0,1.0,0.0
1608719,0.0,0.0,0.0,0.0,0.0,0.0,0.0
1609491,0.0,0.0,0.0,0.0,0.0,1.0,0.0
1609493,0.0,0.0,0.0,0.0,0.0,2.0,0.0
1609993,0.0,0.0,0.0,0.0,0.0,0.0,0.0
1610648,0.0,0.0,0.0,0.0,0.0,1.0,0.0
1610655,0.0,0.0,0.0,0.0,0.0,2.0,0.0
1610668,0.0,0.0,0.0,0.0,1.0,2.0,0.0
1611155,0.0,0.0,0.0,0.0,1.0,0.0,0.0
1611157,0.0,0.0,0.0,0.0,1.0,1.0,0.0
1611168,0.0,0.0,0.0,0.0,0.0,1.0,0.0
1611657,0.0,0.0,0.0,0.0,0.0,0.0,0.0
1612303,0.0,2.0,0.0,0.0,0.0,0.0,0.0
1612803,0.0,0.0,0.0,0.0,0.0,0.0,0.0
1613214,0.0,0.0,0.0,0.0,0.0,1.0,0.0
1613714,0.0,0.0,0.0,0.0,0.0,0.0,0.0
1614579,0.0,0.0,0.0,0.0,0.0,1.0,0.0
1615079,0.0,0.0,0.0,0.0,0.0,0.0,0.0
1615262,0.0,0.0,0.0,0.0,0.0,1.0,0.0
1615269,0.0,0.0,0.0,0.0,0.0,2.0,0.0
1615769,0.0,0.0,0.0,0.0,0.0,0.0,0.0
1615953,0.0,0.0,0.0,0.0,0.0,1.0,0.0
1616469,0.0,0.0,0.0,0.0,0.0,2.0,0.0
1616969,0.0,0.0,0.0,0.0,0.0,0.0,0.0
1617234,0.0,0.0,0.0,0.0,0.0,1.0,0.0
1617734,0.0,0.0,0.0,0.0,0.0,0.0,0.0
1617805,0.0,0.0,0.0,0.0,0.0,1.0,0.0
1618305,0.0,0.0,0.0,0.0,0.0,0.0,0.0
1618951,0.0,0.0,0.0,0.0,0.0,1.0,0.0
1619451,0.0,0.0,0.0,0.0,0.0,0.0,0.0
1619835,0.0,0.0,0.0,0.0,0.0,1.0,0.0
1619840,0.0,0.0,0.0,0.0,0.0,2.0,0.0
1620340,0.0,0.0,0.0,0.0,0.0,0.0,0.0
1620389,0.0,0.0,0.0,0.0,0.0,1.0,0.0
1620889,0.0,0.0,0.0,0.0,0.0,0.0,0.0
1621734,0.0,0.0,0.0,0.0,0.0,1.0,0.0
1622234,0.0,0.0,0.0,0.0,0.0,0.0,0.0
1622606,0.0,0.0,0.0,0.0,0.0,1.0,0.0
1622615,0.0,0.0,0.0,0.0,0.0,2.0,0.0
1623115,0.0,0.0,0.0,0.0,0.0,0.0,0.0
1623669,0.0,0.0,0.0,0.0,0.0,1.0,0.0
1624169,0.0,0.0,0.0,0.0,0.0,0.0,0.0
1625116,0.0,0.0,0.0,0.0,0.0,1.0,0.0
1625616,0.0,0.0,0.0,0.0,0.0,0.0,0.0
1626107,0.0,0.0,0.0,0.0,0.0,1.0,0.0
1626607,0.0,0.0,0.0,0.0,0.0,0.0,0.0
1626752,0.0,0.0,0.0,0.0,0.0,1.0,0.0
1627252,0.0,0.0,0.0,0.0,0.0,0.0,0.0
1627811,0.0,0.0,0.0,0.0,0.0,1.0,0.0
1628311,0.0,0.0,0.0,0.0,0.0,0.0,0.0
1628730,0.0,0.0,0.0,0.0,0.0,1.0,0.0
1629230,0.0,0.0,0.0,0.0,0.0,0.0,0.0
1630685,0.0,0.0,0.0,0.0,0.0,1.0,0.0
1631185,0.0,0.0,0.0,0.0,0.0,0.0,0.0
1631239,0.0,0.0,0.0,0.0,0.0,1.0,0.0
1631328,0.0,0.0,0.0,0.0,0.0,2.0,0.0
1631828,0.0,0.0,0.0,0.0,0.0,0.0,0.0
1632191,0.0,0.0,0.0,0.0,0.0,1.0,0.0
1632691,0.0,0.0,0.0,0.0,0.0,0.0,0.0
1633551,0.0,0.0,0.0,0.0,0.0,1.0,0.0
1634051,0.0,0.0,0.0,0.0,0.0,0.0,0.0
1634681,0.0,0.0,0.0,0.0,0.0,1.0,0.0
1634888,0.0,0.0,0.0,0.0,0.0,2.0,0.0
1635388,0.0,0.0,0.0,0.0,0.0,0.0,0.0
1635432,0.0,0.0,0.0,0.0,0.0,1.0,0.0
1635932,0.0,0.0,0.0,0.0,0.0,0.0,0.0
1636183,0.0,0.0,0.0,0.0,0.0,1.0,0.0
1636186,0.0,0.0,0.0,0.0,0.0,2.0,0.0
1636686,0.0,0.0,0.0,0.0,0.0,0.0,0.0
1636811,0.0,0.0,0.0,0.0,0.0,1.0,0.0
1637311,0.0,0.0,0.0,0.0,0.0,0.0,0.0
1641251,0.0,0.0,0.0,0.0,0.0,1.0,0.0
1641751,0.0,0.0,0.0,0.0,0.0,0.0,0.0
1642179,0.0,0.0,0.0,0.0,0.0,1.0,0.0
1642275,0.0,0.0,0.0,0.0,0.0,2.0,0.0
1642775,0.0,0.0,0.0,0.0,0.0,0.0,0.0
1642864,0.0,0.0,0.0,0.0,0.0,1.0,0.0
1643364,0.0,0.0,0.0,0.0,0.0,0.0,0.0
1644033,0.0,0.0,0.0,0.0,0.0,1.0,0.0
1644035,0.0,0.0,0.0,0.0,0.0,2.0,0.0
1644535,0.0,0.0,0.0,0.0,0.0,0.0,0.0
1645174,0.0,0.0,0.0,0.0,0.0,1.0,0.0
1645674,0.0,0.0,0.0,0.0,0.0,0.0,0.0
1645699,0.0,0.0,0.0,0.0,0.0,1.0,0.0
1646025,0.0,0.0,0.0,0.0,0.0,2.0,0.0
1646525,0.0,0.0,0.0,0.0,0.0,0.0,0.0
1646552,0.0,0.0,0.0,0.0,0.0,1.0,0.0
1646555,0.0,0.0,0.0,0.0,0.0,2.0,0.0
1647055,0.0,0.0,0.0,0.0,0.0,0.0,0.0
1647359,0.0,0.0,0.0,0.0,0.0,1.0,0.0
1647859,0.0,0.0,0.0,0.0,0.0,0.0,0.0
1648028,0.0,0.0,0.0,0.0,0.0,1.0,0.0
1648528,0.0,0.0,0.0,0.0,0.0,0.0,0.0
1648547,0.0,0.0,0.0,0.0,0.0,1.0,0.0
1649047,0.0,0.0,0.0,0.0,0.0,0.0,0.0
1649433,0.0,0.0,0.0,0.0,0.0,1.0,0.0
1649535,0.0,0.0,0.0,0.0,0.0,2.0,0.0
1649585,0.0,2.0,0.0,0.0,0.0,2.0,0.0
1650035,0.0,2.0,0.0,0.0,0.0,0.0,0.0
1650079,0.0,2.0,0.0,0.0,0.0,1.0,0.0
1650085,0.0,0.0,0.0,0.0,0.0,1.0,0.0
1650579,0.0,0.0,0.0,0.0,0.0,0.0,0.0
1650726,0.0,0.0,0.0,0.0,0.0,1.0,0.0
1651226,0.0,0.0,0.0,0.0,0.0,0.0,0.0
1652405,0.0,0.0,0.0,0.0,0.0,1.0,0.0
1652853,0.0,0.0,0.0,0.0,0.0,2.0,0.0
1653353,0.0,0.0,0.0,0.0,0.0,0.0,0.0
1653435,0.0,0.0,0.0,0.0,0.0,1.0,0.0
1653476,0.0,0.0,0.0,0.0,0.0,2.0,0.0
1653976,0.0,0.0,0.0,0.0,0.0,0.0,0.0
1655489,0.0,0.0,0.0,0.0,0.0,1.0,0.0
1655493,0.0,0.0,0.0,0.0,0.0,2.0,0.0
1655993,0.0,0.0,0.0,0.0,0.0,0.0,0.0
1657561,0.0,0.0,0.0,0.0,0.0,1.0,0.0
1657564,0.0,0.0,0.0,0.0,0.0,2.0,0.0
1658064,0.0,0.0,0.0,0.0,0.0,0.0,0.0
1658450,0.0,0.0,0.0,0.0,0.0,1.0,0.0
1658950,0.0,0.0,0.0,0.0,0.0,0.0,0.0
1658972,0.0,0.0,0.0,0.0,0.0,1.0,0.0
1659472,0.0,0.0,0.0,0.0,0.0,0.0,0.0
1661976,0.0,0.0,0.0,0.0,0.0,1.0,0.0
1662021,0.0,0.0,0.0,0.0,0.0,2.0,0.0
1662521,0.0,0.0,0.0,0.0,0.0,0.0,0.0
1663072,0.0,0.0,0.0,0.0,0.0,1.0,0.0
1663572,0.0,0.0,0.0,0.0,0.0,0.0,0.0
1663874,0.0,0.0,0.0,0.0,0.0,1.0,0.0
1664184,0.0,0.0,0.0,0.0,1.0,1.0,0.0
1664374,0.0,0.0,0.0,0.0,1.0,0.0,0.0
1664653,0.0,0.0,0.0,0.0,1.0,1.0,0.0
1664684,0.0,0.0,0.0,0.0,0.0,1.0,0.0
1665153,0.0,0.0,0.0,0.0,0.0,0.0,0.0
1665338,0.0,0.0,0.0,0.0,0.0,1.0,0.0
1665838,0.0,0.0,0.0,0.0,0.0,0.0,0.0
1667676,0.0,0.0,0.0,0.0,0.0,1.0,0.0
1667771,0.0,2.0,0.0,0.0,0.0,2.0,0.0
1668271,0.0,0.0,0.0,0.0,0.0,0.0,0.0
1668793,0.0,0.0,0.0,0.0,0.0,1.0,0.0
1669293,0.0,0.0,0.0,0.0,0.0,0.0,0.0
1669552,0.0,0.0,0.0,0.0,0.0,1.0,0.0
1669981,0.0,0.0,0.0,0.0,0.0,2.0,0.0
1670481,0.0,0.0,0.0,0.0,0.0,0.0,0.0
1670830,0.0,0.0,0.0,0.0,0.0,1.0,0.0
1670970,0.0,0.0,0.0,0.0,0.0,2.0,0.0
1671045,0.0,2.0,0.0,0.0,0.0,2.0,0.0
1671470,0.0,2.0,0.0,0.0,0.0,0.0,0.0
1671545,0.0,0.0,0.0,0.0,0.0,0.0,0.0
1673210,0.0,0.0,0.0,0.0,0.0,1.0,0.0
1673257,0.0,0.0,0.0,0.0,0.0,2.0,0.0
1673757,0.0,0.0,0.0,0.0,0.0,0.0,0.0
1675233,0.0,0.0,0.0,0.0,0.0,1.0,0.0
1675733,0.0,0.0,0.0,0.0,0.0,0.0,0.0
1676896,0.0,0.0,0.0,0.0,0.0,1.0,0.0
1676902,0.0,0.0,0.0,0.0,0.0,2.0,0.0
1677402,0.0,0.0,0.0,0.0,0.0,0.0,0.0
1677576,0.0,0.0,0.0,0.0,0.0,1.0,0.0
1678076,0.0,0.0,0.0,0.0,0.0,0.0,0.0
1678352,0.0,0.0,0.0,0.0,0.0,1.0,0.0
1678852,0.0,0.0,0.0,0.0,0.0,0.0,0.0
1680095,0.0,0.0,0.0,0.0,0.0,1.0,0.0
1680099,0.0,0.0,0.0,0.0,0.0,2.0,0.0
1680599,0.0,0.0,0.0,0.0,0.0,0.0,0.0
1681651,0.0,0.0,0.0,0.0,0.0,1.0,0.0
1681665,0.0,0.0,0.0,0.0,0.0,2.0,0.0
1682165,0.0,0.0,0.0,0.0,0.0,0.0,0.0
1682199,0.0,0.0,0.0,0.0,0.0,1.0,0.0
1682699,0.0,0.0,0.0,0.0,0.0,0.0,0.0
1683946,0.0,0.0,0.0,0.0,0.0,1.0,0.0
1684442,0.0,0.0,0.0,0.0,0.0,2.0,0.0
1684942,0.0,0.0,0.0,0.0,0.0,0.0,0.0
1685380,0.0,0.0,0.0,0.0,0.0,1.0,0.0
1685492,0.0,0.0,0.0,0.0,0.0,2.0,0.0
1685992,0.0,0.0,0.0,0.0,0.0,0.0,0.0
1686542,0.0,0.0,0.0,0.0,0.0,1.0,0.0
1687042,0.0,0.0,0.0,0.0,0.0,0.0,0.0
1687402,0.0,0.0,0.0,0.0,0.0,1.0,0.0
1687554,0.0,0.0,0.0,0.0,0.0,2.0,0.0
1688054,0.0,0.0,0.0,0.0,0.0,0.0,0.0
1688378,0.0,0.0,0.0,0.0,0.0,1.0,0.0
1688597,0.0,0.0,0.0,0.0,0.0,2.0,0.0
1689097,0.0,0.0,0.0,0.0,0.0,0.0,0.0
1691238,0.0,0.0,0.0,0.0,0.0,1.0,0.0
1691240,0.0,0.0,0.0,0.0,0.0,2.0,0.0
1691740,0.0,0.0,0.0,0.0,0.0,0.0,0.0
1692065,0.0,0.0,0.0,0.0,0.0,1.0,0.0
1692565,0.0,0.0,0.0,0.0,0.0,0.0,0.0
1692901,0.0,0.0,0.0,0.0,0.0,1.0,0.0
1693401,0.0,0.0,0.0,0.0,0.0,0.0,0.0
1694014,0.0,0.0,0.0,0.0,0.0,1.0,0.0
1694476,0.0,0.0,0.0,0.0,0.0,2.0,0.0
1694976,0.0,0.0,0.0,0.0,0.0,0.0,0.0
1695473,0.0,0.0,0.0,0.0,0.0,1.0,0.0
1695685,0.0,0.0,0.0,0.0,0.0,2.0,0.0
1696185,0.0,0.0,0.0,0.0,0.0,0.0,0.0
1698201,0.0,0.0,0.0,0.0,0.0,1.0,0.0
1698203,0.0,0.0,0.0,0.0,0.0,2.0,0.0
1698703,0.0,0.0,0.0,0.0,0.0,0.0,0.0
1698739,0.0,0.0,0.0,0.0,0.0,1.0,0.0
1699239,0.0,0.0,0.0,0.0,0.0,0.0,0.0
1703388,0.0,0.0,0.0,0.0,0.0,1.0,0.0
1703888,0.0,0.0,0.0,0.0,0.0,0.0,0.0
1709483,0.0,0.0,0.0,0.0,0.0,1.0,0.0
1709490,0.0,0.0,0.0,0.0,0.0,2.0,0.0
1709990,0.0,0.0,0.0,0.0,0.0,0.0,0.0
1717281,0.0,0.0,0.0,0.0,0.0,1.0,0.0
1717781,0.0,0.0,0.0,0.0,0.0,0.0,0.0
1720628,0.0,0.0,0.0,0.0,0.0,1.0,0.0
1720631,0.0,0.0,0.0,0.0,1.0,1.0,0.0
1720632,0.0,0.0,0.0,0.0,2.0,2.0,0.0
1721132,0.0,0.0,0.0,0.0,0.0,0.0,0.0
1722051,0.0,0.0,0.0,0.0,0.0,1.0,0.0
1722551,0.0,0.0,0.0,0.0,0.0,0.0,0.0
1724916,0.0,0.0,0.0,0.0,0.0,1.0,0.0
1725416,0.0,0.0,0.0,0.0,0.0,0.0,0.0
1725896,0.0,0.0,0.0,0.0,0.0,1.0,0.0
1726396,0.0,0.0,0.0,0.0,0.0,0.0,0.0
1727315,0.0,0.0,0.0,0.0,0.0,1.0,0.0
1727815,0.0,0.0,0.0,0.0,0.0,0.0,0.0
1729258,0.0,0.0,0.0,0.0,0.0,1.0,0.0
1729758,0.0,0.0,0.0,0.0,0.0,0.0,0.0
1730405,0.0,0.0,0.0,0.0,0.0,1.0,0.0
1730905,0.0,0.0,0.0,0.0,0.0,0.0,0.0
1731269,0.0,0.0,0.0,0.0,0.0,1.0,0.0
1731769,0.0,0.0,0.0,0.0,0.0,0.0,0.0
1731799,0.0,0.0,0.0,0.0,0.0,1.0,0.0
1732299,0.0,0.0,0.0,0.0,0.0,0.0,0.0
1733488,0.0,0.0,0.0,0.0,0.0,1.0,0.0
1733988,0.0,0.0,0.0,0.0,0.0,0.0,0.0
1735526,0.0,0.0,0.0,0.0,0.0,1.0,0.0
1736026,0.0,0.0,0.0,0.0,0.0,0.0,0.0
1736170,0.0,0.0,0.0,0.0,0.0,1.0,0.0
1736670,0.0,0.0,0.0,0.0,0.0,0.0,0.0
1737863,0.0,0.0,0.0,0.0,0.0,1.0,0.0
1738363,0.0,0.0,0.0,0.0,0.0,0.0,0.0
1738449,0.0,0.0,0.0,0.0,0.0,1.0,0.0
1738949,0.0,0.0,0.0,0.0,0.0,0.0,0.0
1742383,0.0,0.0,0.0,0.0,0.0,1.0,0.0
1742883,0.0,0.0,0.0,0.0,0.0,0.0,0.0
1743167,0.0,0.0,0.0,0.0,0.0,1.0,0.0
1743667,0.0,0.0,0.0,0.0,0.0,0.0,0.0
1743884,0.0,0.0,0.0,0.0,0.0,1.0,0.0
1744384,0.0,0.0,0.0,0.0,0.0,0.0,0.0
1746185,0.0,0.0,0.0,0.0,0.0,1.0,0.0
1746685,0.0,0.0,0.0,0.0,0.0,0.0,0.0
1746750,0.0,0.0,0.0,0.0,0.0,1.0,0.0
1747250,0.0,0.0,0.0,0.0,0.0,0.0,0.0
1748089,0.0,0.0,0.0,0.0,0.0,1.0,0.0
1748589,0.0,0.0,0.0,0.0,0.0,0.0,0.0
1749860,0.0,0.0,0.0,0.0,0.0,1.0,0.0
1749862,0.0,0.0,0.0,0.0,0.0,2.0,0.0
1750362,0.0,0.0,0.0,0.0,0.0,0.0,0.0
1750859,0.0,0.0,0.0,0.0,0.0,1.0,0.0
1750867,0.0,0.0,0.0,0.0,0.0,2.0,0.0
1751367,0.0,0.0,0.0,0.0,0.0,0.0,0.0
1752218,0.0,0.0,0.0,0.0,0.0,1.0,0.0
1752718,0.0,0.0,0.0,0.0,0.0,0.0,0.0
1753825,0.0,0.0,0.0,0.0,0.0,1.0,0.0
1754325,0.0,0.0,0.0,0.0,0.0,0.0,0.0
1755768,0.0,0.0,0.0,0.0,0.0,1.0,0.0
1755770,0.0,0.0,0.0,0.0,0.0,2.0,0.0
1756270,0.0,0.0,0.0,0.0,0.0,0.0,0.0
1762193,0.0,0.0,0.0,0.0,0.0,1.0,0.0
1762194,0.0,0.0,0.0,0.0,0.0,2.0,0.0
1762694,0.0,0.0,0.0,0.0,0.0,0.0,0.0
1763810,0.0,0.0,0.0,0.0,0.0,1.0,0.0
1764310,0.0,0.0,0.0,0.0,0.0,0.0,0.0
1765898,0.0,0.0,0.0,0.0,0.0,1.0,0.0
1766398,0.0,0.0,0.0,0.0,0.0,0.0,0.0
1768736,0.0,0.0,0.0,0.0,0.0,1.0,0.0
1769236,0.0,0.0,0.0,0.0,0.0,0.0,0.0
1770687,0.0,0.0,0.0,0.0,0.0,1.0,0.0
1771187,0.0,0.0,0.0,0.0,0.0,0.0,0.0
1771276,0.0,0.0,0.0,0.0,0.0,1.0,0.0
1771776,0.0,0.0,0.0,0.0,0.0,0.0,0.0
1771920,0.0,0.0,0.0,0.0,0.0,1.0,0.0
1772420,0.0,0.0,0.0,0.0,0.0,0.0,0.0
1772963,0.0,0.0,0.0,0.0,0.0,1.0,0.0
1773463,0.0,0.0,0.0,0.0,0.0,0.0,0.0
1773505,0.0,0.0,0.0,0.0,0.0,1.0,0.0
1774005,0.0,0.0,0.0,0.0,0.0,0.0,0.0
1774268,0.0,0.0,0.0,0.0,0.0,1.0,0.0
1774768,0.0,0.0,0.0,0.0,0.0,0.0,0.0
1775460,0.0,0.0,0.0,0.0,0.0,1.0,0.0
1775582,0.0,0.0,0.0,0.0,0.0,2.0,0.0
1776082,0.0,0.0,0.0,0.0,0.0,0.0,0.0
1776858,0.0,0.0,0.0,0.0,0.0,1.0,0.0
1777358,0.0,0.0,0.0,0.0,0.0,0.0,0.0
1777360,0.0,0.0,0.0,0.0,0.0,1.0,0.0
1777860,0.0,0.0,0.0,0.0,0.0,0.0,0.0
1781218,0.0,0.0,0.0,0.0,0.0,1.0,0.0
1781718,0.0,0.0,0.0,0.0,0.0,0.0,0.0
1788416,0.0,0.0,0.0,0.0,0.0,1.0,0.0
1788916,0.0,0.0,0.0,0.0,0.0,0.0,0.0
1790057,0.0,0.0,0.0,0.0,0.0,1.0,0.0
1790069,0.0,0.0,0.0,0.0,0.0,2.0,0.0
1790569,0.0,0.0,0.0,0.0,0.0,0.0,0.0
1791304,0.0,0.0,0.0,0.0,0.0,1.0,0.0
1791804,0.0,0.0,0.0,0.0,0.0,0.0,0.0
1793793,0.0,0.0,0.0,0.0,0.0,1.0,0.0
1794293,0.0,0.0,0.0,0.0,0.0,0.0,0.0
1794934,0.0,0.0,0.0,0.0,0.0,1.0,0.0
1795434,0.0,0.0,0.0,0.0,0.0,0.0,0.0
1799012,0.0,0.0,0.0,0.0,0.0,1.0,0.0
1799512,0.0,0.0,0.0,0.0,0.0,0.0,0.0
1800000,0.0,0.0,0.0,0.0,0.0,0.0,1.0
1800065,0.0,0.0,0.0,0.0,0.0,1.0,1.0
1800100,0.0,0.0,0.0,0.0,0.0,2.0,1.0
1800225,0.0,0.0,0.0,0.0,1.0,2.0,1.0
1800244,0.0,0.0,0.0,0.0,2.0,2.0,1.0
1800287,2.0,0.0,0.0,0.0,2.0,2.0,1.0
1800500,2.0,0.0,0.0,0.0,2.0,2.0,0.0
1800600,2.0,0.0,0.0,0.0,2.0,0.0,0.0
1800678,2.0,2.0,0.0,0.0,2.0,0.0,0.0
1800744,2.0,2.0,0.0,0.0,0.0,0.0,0.0
1800787,0.0,2.0,0.0,0.0,0.0,0.0,0.0
1800893,0.0,2.0,0.0,0.0,0.0,1.0,0.0
1801087,2.0,2.0,0.0,0.0,0.0,1.0,0.0
1801178,2.0,0.0,0.0,0.0,0.0,1.0,0.0
1801393,2.0,0.0,0.0,0.0,0.0,0.0,0.0
1801413,2.0,0.0,0.0,0.0,0.0,1.0,0.0
1801453,2.0,0.0,0.0,0.0,0.0,2.0,0.0
1801587,0.0,0.0,0.0,0.0,0.0,2.0,0.0
1801953,0.0,0.0,0.0,0.0,0.0,0.0,0.0
1802066,0.0,0.0,0.0,0.0,0.0,1.0,0.0
1802068,0.0,0.0,0.0,0.0,0.0,2.0,0.0
1802568,0.0,0.0,0.0,0.0,0.0,0.0,0.0
1802709,0.0,0.0,0.0,0.0,0.0,1.0,0.0
1803100,0.0,0.0,0.0,0.0,0.0,2.0,0.0
1803600,0.0,0.0,0.0,0.0,0.0,0.0,0.0
1803626,0.0,0.0,0.0,0.0,0.0,1.0,0.0
1803739,0.0,0.0,0.0,0.0,0.0,2.0,0.0
1804239,0.0,0.0,0.0,0.0,0.0,0.0,0.0
1804246,0.0,0.0,0.0,0.0,0.0,1.0,0.0
1804746,0.0,0.0,0.0,0.0,0.0,0.0,0.0
1805260,0.0,0.0,0.0,0.0,0.0,1.0,0.0
1805318,0.0,0.0,0.0,0.0,0.0,2.0,0.0
1805818,0.0,0.0,0.0,0.0,0.0,0.0,0.0
1806451,0.0,0.0,0.0,0.0,0.0,1.0,0.0
1806951,0.0,0.0,0.0,0.0,0.0,0.0,0.0
1807138,0.0,0.0,0.0,0.0,0.0,1.0,0.0
1807545,0.0,0.0,0.0,0.0,0.0,2.0,0.0
1808045,0.0,0.0,0.0,0.0,0.0,0.0,0.0
1808525,0.0,0.0,0.0,0.0,0.0,1.0,0.0
1808746,0.0,0.0,0.0,0.0,0.0,2.0,0.0
1809246,0.0,0.0,0.0,0.0,0.0,0.0,0.0
1809492,0.0,0.0,0.0,0.0,0.0,1.0,0.0
1809992,0.0,0.0,0.0,0.0,0.0,0.0,0.0
1810986,0.0,0.0,0.0,0.0,0.0,1.0,0.0
1810996,0.0,0.0,0.0,0.0,0.0,2.0,0.0
1811496,0.0,0.0,0.0,0.0,0.0,0.0,0.0
1811573,0.0,0.0,0.0,0.0,0.0,1.0,0.0
1812073,0.0,0.0,0.0,0.0,0.0,0.0,0.0
1812509,0.0,0.0,0.0,0.0,0.0,1.0,0.0
1813009,0.0,0.0,0.0,0.0,0.0,0.0,0.0
1813139,0.0,0.0,0.0,0.0,0.0,1.0,0.0
1813145,0.0,0.0,0.0,0.0,0.0,2.0,0.0
1813645,0.0,0.0,0.0,0.0,0.0,0.0,0.0
1814039,0.0,0.0,0.0,0.0,0.0,1.0,0.0
1814539,0.0,0.0,0.0,0.0,0.0,0.0,0.0
1814724,0.0,0.0,0.0,0.0,0.0,1.0,0.0
1815224,0.0,0.0,0.0,0.0,0.0,0.0,0.0
1815404,0.0,0.0,0.0,0.0,0.0,1.0,0.0
1815409,0.0,0.0,0.0,0.0,0.0,2.0,0.0
1815909,0.0,0.0,0.0,0.0,0.0,0.0,0.0
1816615,0.0,0.0,0.0,0.0,0.0,1.0,0.0
1817115,0.0,0.0,0.0,0.0,0.0,0.0,0.0
1817222,0.0,0.0,0.0,0.0,0.0,1.0,0.0
1817722,0.0,0.0,0.0,0.0,0.0,0.0,0.0
1817842,0.0,0.0,0.0,0.0,0.0,1.0,0.0
1818342,0.0,0.0,0.0,0.0,0.0,0.0,0.0
1819198,0.0,0.0,0.0,0.0,0.0,1.0,0.0
1819202,0.0,0.0,0.0,0.0,0.0,2.0,0.0
1819702,0.0,0.0,0.0,0.0,0.0,0.0,0.0
1819906,0.0,0.0,0.0,0.0,0.0,1.0,0.0
1820406,0.0,0.0,0.0,0.0,0.0,0.0,0.0
1821561,0.0,0.0,0.0,0.0,0.0,1.0,0.0
1822061,0.0,0.0,0.0,0.0,0.0,0.0,0.0
1822214,0.0,0.0,0.0,0.0,0.0,1.0,0.0
1822714,0.0,0.0,0.0,0.0,0.0,0.0,0.0
1824333,0.0,0.0,0.0,0.0,0.0,1.0,0.0
1824833,0.0,0.0,0.0,0.0,0.0,0.0,0.0
1824896,0.0,0.0,0.0,0.0,0.0,1.0,0.0
1824898,0.0,0.0,0.0,0.0,0.0,2.0,0.0
1825398,0.0,0.0,0.0,0.0,0.0,0.0,0.0
1825758,0.0,0.0,0.0,0.0,0.0,1.0,0.0
1825877,0.0,0.0,0.0,0.0,0.0,2.0,0.0
1826377,0.0,0.0,0.0,0.0,0.0,1.0,0.0
1826877,0.0,0.0,0.0,0.0,0.0,0.0,0.0
1828715,0.0,0.0,0.0,0.0,0.0,1.0,0.0
1828717,0.0,0.0,0.0,0.0,0.0,2.0,0.0
1829217,0.0,0.0,0.0,0.0,0.0,0.0,0.0
1830142,0.0,0.0,0.0,0.0,0.0,1.0,0.0
1830642,0.0,0.0,0.0,0.0,0.0,0.0,0.0
1830844,0.0,0.0,0.0,0.0,0.0,1.0,0.0
1831054,0.0,0.0,0.0,0.0,0.0,2.0,0.0
1831554,0.0,0.0,0.0,0.0,0.0,0.0,0.0
1831927,0.0,0.0,0.0,0.0,0.0,1.0,0.0
1832427,0.0,0.0,0.0,0.0,0.0,0.0,0.0
1832822,0.0,0.0,0.0,0.0,0.0,1.0,0.0
1833173,0.0,0.0,0.0,0.0,0.0,2.0,0.0
1833673,0.0,0.0,0.0,0.0,0.0,0.0,0.0
1833852,0.0,0.0,0.0,0.0,0.0,1.0,0.0
1834352,0.0,0.0,0.0,0.0,0.0,0.0,0.0
1835633,0.0,0.0,0.0,0.0,0.0,1.0,0.0
1836133,0.0,0.0,0.0,0.0,0.0,0.0,0.0
1836524,0.0,0.0,0.0,0.0,0.0,1.0,0.0
1837024,0.0,0.0,0.0,0.0,0.0,0.0,0.0
1837719,0.0,0.0,0.0,0.0,0.0,1.0,0.0
1837731,0.0,0.0,0.0,0.0,0.0,2.0,0.0
1838231,0.0,0.0,0.0,0.0,0.0,0.0,0.0
1839101,0.0,0.0,0.0,0.0,0.0,1.0,0.0
1839307,0.0,0.0,0.0,0.0,0.0,2.0,0.0
1839807,0.0,0.0,0.0,0.0,0.0,0.0,0.0
1840320,0.0,0.0,0.0,0.0,0.0,1.0,0.0
1840578,0.0,0.0,0.0,0.0,0.0,2.0,0.0
1841078,0.0,0.0,0.0,0.0,0.0,0.0,0.0
1841305,0.0,0.0,0.0,0.0,0.0,1.0,0.0
1841307,0.0,0.0,0.0,0.0,0.0,2.0,0.0
1841565,0.0,0.0,0.0,0.0,1.0,2.0,0.0
1841568,0.0,0.0,0.0,0.0,2.0,2.0,0.0
1841807,0.0,0.0,0.0,0.0,2.0,0.0,0.0
1842068,0.0,0.0,0.0,0.0,0.0,0.0,0.0
1843550,0.0,0.0,0.0,0.0,0.0,1.0,0.0
1843717,0.0,0.0,0.0,0.0,0.0,2.0,0.0
1844217,0.0,0.0,0.0,0.0,0.0,0.0,0.0
1844539,0.0,0.0,0.0,0.0,0.0,1.0,0.0
1845031,0.0,0.0,0.0,0.0,0.0,2.0,0.0
1845531,0.0,0.0,0.0,0.0,0.0,0.0,0.0
1846062,0.0,0.0,0.0,0.0,0.0,1.0,0.0
1846562,0.0,0.0,0.0,0.0,0.0,0.0,0.0
1847138,0.0,0.0,0.0,0.0,0.0,1.0,0.0
1847638,0.0,0.0,0.0,0.0,0.0,0.0,0.0
1848075,0.0,0.0,0.0,0.0,0.0,1.0,0.0
1848077,0.0,0.0,0.0,0.0,0.0,2.0,0.0
1848577,0.0,0.0,0.0,0.0,0.0,0.0,0.0
1848671,0.0,0.0,0.0,0.0,0.0,1.0,0.0
1849171,0.0,0.0,0.0,0.0,0.0,0.0,0.0
1850346,0.0,0.0,0.0,0.0,0.0,1.0,0.0
1850401,0.0,0.0,0.0,0.0,0.0,2.0,0.0
1850901,0.0,0.0,0.0,0.0,0.0,0.0,0.0
1851131,0.0,0.0,0.0,0.0,0.0,1.0,0.0
1851631,0.0,0.0,0.0,0.0,0.0,0.0,0.0
1852234,0.0,0.0,0.0,0.0,0.0,1.0,0.0
1852751,0.0,0.0,0.0,0.0,0.0,2.0,0.0
1853251,0.0,0.0,0.0,0.0,0.0,0.0,0.0
1853435,0.0,0.0,0.0,0.0,0.0,1.0,0.0
1853935,0.0,0.0,0.0,0.0,0.0,0.0,0.0
1854345,0.0,0.0,0.0,0.0,0.0,1.0,0.0
1854845,0.0,0.0,0.0,0.0,0.0,0.0,0.0
1854970,0.0,0.0,0.0,0.0,0.0,1.0,0.0
1855470,0.0,0.0,0.0,0.0,0.0,0.0,0.0
1855519,0.0,0.0,0.0,0.0,0.0,1.0,0.0
1856019,0.0,0.0,0.0,0.0,0.0,0.0,0.0
1856684,0.0,0.0,0.0,0.0,0.0,1.0,0.0
1856724,0.0,0.0,0.0,0.0,0.0,2.0,0.0
1857224,0.0,0.0,0.0,0.0,0.0,0.0,0.0
1857262,0.0,0.0,0.0,0.0,0.0,1.0,0.0
1857266,0.0,0.0,0.0,0.0,0.0,2.0,0.0
1857766,0.0,0.0,0.0,0.0,0.0,0.0,0.0
1857973,0.0,0.0,0.0,0.0,0.0,1.0,0.0
1858473,0.0,0.0,0.0,0.0,0.0,0.0,0.0
1858632,0.0,0.0,0.0,0.0,0.0,1.0,0.0
1858764,0.0,0.0,0.0,0.0,0.0,2.0,0.0
1859264,0.0,0.0,0.0,0.0,0.0,0.0,0.0
1859304,0.0,0.0,0.0,0.0,0.0,1.0,0.0
1859804,0.0,0.0,0.0,0.0,0.0,0.0,0.0
1860463,0.0,0.0,0.0,0.0,0.0,1.0,0.0
1860963,0.0,0.0,0.0,0.0,0.0,0.0,0.0
1862090,0.0,0.0,0.0,0.0,0.0,1.0,0.0
1862190,0.0,2.0,0.0,0.0,0.0,1.0,0.0
1862554,0.0,2.0,0.0,0.0,0.0,2.0,0.0
1862690,0.0,0.0,0.0,0.0,0.0,2.0,0.0
1863054,0.0,0.0,0.0,0.0,0.0,0.0,0.0
1863311,0.0,0.0,0.0,0.0,0.0,1.0,0.0
1863759,0.0,0.0,0.0,0.0,0.0,2.0,0.0
1864259,0.0,0.0,0.0,0.0,0.0,0.0,0.0
1864611,0.0,0.0,0.0,0.0,0.0,1.0,0.0
1865111,0.0,0.0,0.0,0.0,0.0,0.0,0.0
1866989,0.0,0.0,0.0,0.0,0.0,1.0,0.0
1867489,0.0,0.0,0.0,0.0,0.0,0.0,0.0
1868170,0.0,0.0,0.0,0.0,0.0,1.0,0.0
1868260,0.0,0.0,0.0,0.0,0.0,2.0,0.0
1868760,0.0,0.0,0.0,0.0,0.0,0.0,0.0
1869167,0.0,0.0,0.0,0.0,0.0,1.0,0.0
1869667,0.0,0.0,0.0,0.0,0.0,0.0,0.0
1869785,0.0,0.0,0.0,0.0,0.0,1.0,0.0
1869826,0.0,0.0,0.0,0.0,0.0,2.0,0.0
1870326,0.0,0.0,0.0,0.0,0.0,0.0,0.0
1870519,0.0,0.0,0.0,0.0,0.0,1.0,0.0
1871019,0.0,0.0,0.0,0.0,0.0,0.0,0.0
1871033,0.0,0.0,0.0,0.0,0.0,1.0,0.0
1871533,0.0,0.0,0.0,0.0,0.0,0.0,0.0
1871535,0.0,0.0,0.0,0.0,0.0,1.0,0.0
1871549,0.0,0.0,0.0,0.0,0.0,2.0,0.0
1872049,0.0,0.0,0.0,0.0,0.0,0.0,0.0
1872368,0.0,0.0,0.0,0.0,0.0,1.0,0.0
1872868,0.0,0.0,0.0,0.0,0.0,0.0,0.0
1873613,0.0,0.0,0.0,0.0,0.0,1.0,0.0
1873851,0.0,0.0,0.0,0.0,0.0,2.0,0.0
1874351,0.0,0.0,0.0,0.0,0.0,0.0,0.0
1874666,0.0,0.0,0.0,0.0,0.0,1.0,0.0
1875166,0.0,0.0,0.0,0.0,0.0,0.0,0.0
1875276,0.0,0.0,0.0,0.0,0.0,1.0,0.0
1875776,0.0,0.0,0.0,0.0,0.0,0.0,0.0
1875827,0.0,0.0,0.0,0.0,0.0,1.0,0.0
1876327,0.0,0.0,0.0,0.0,0.0,0.0,0.0
1876337,0.0,0.0,0.0,0.0,0.0,1.0,0.0
1876818,0.0,0.0,0.0,0.0,0.0,2.0,0.0
1877318,0.0,0.0,0.0,0.0,0.0,0.0,0.0
1877366,0.0,0.0,0.0,0.0,0.0,1.0,0.0
1877517,0.0,0.0,0.0,0.0,0.0,2.0,0.0
1878017,0.0,0.0,0.0,0.0,0.0,0.0,0.0
1879625,0.0,0.0,0.0,0.0,0.0,1.0,0.0
1879627,0.0,0.0,0.0,0.0,0.0,2.0,0.0
1880127,0.0,0.0,0.0,0.0,0.0,0.0,0.0
1880688,0.0,0.0,0.0,0.0,0.0,1.0,0.0
1881688,0.0,0.0,0.0,0.0,0.0,0.0,0.0
1881757,0.0,0.0,0.0,0.0,0.0,1.0,0.0
1882242,0.0,0.0,0.0,0.0,0.0,2.0,0.0
1882742,0.0,0.0,0.0,0.0,0.0,0.0,0.0
1882749,0.0,0.0,0.0,0.0,0.0,1.0,0.0
1882753,0.0,0.0,0.0,0.0,0.0,2.0,0.0
1883253,0.0,0.0,0.0,0.0,0.0,0.0,0.0
1884896,0.0,0.0,0.0,0.0,0.0,1.0,0.0
1884930,0.0,2.0,0.0,0.0,0.0,1.0,0.0
1885396,0.0,2.0,0.0,0.0,0.0,0.0,0.0
1885430,0.0,0.0,0.0,0.0,0.0,0.0,0.0
1885664,0.0,0.0,0.0,0.0,0.0,1.0,0.0
1886164,0.0,0.0,0.0,0.0,0.0,0.0,0.0
1886305,0.0,0.0,0.0,0.0,0.0,1.0,0.0
1886805,0.0,0.0,0.0,0.0,0.0,0.0,0.0
1886808,0.0,0.0,0.0,0.0,0.0,1.0,0.0
1887308,0.0,0.0,0.0,0.0,0.0,0.0,0.0
1887591,0.0,0.0,0.0,0.0,0.0,1.0,0.0
1887594,0.0,0.0,0.0,0.0,0.0,2.0,0.0
1888094,0.0,0.0,0.0,0.0,0.0,0.0,0.0
1888673,0.0,0.0,0.0,0.0,0.0,1.0,0.0
1889173,0.0,0.0,0.0,0.0,0.0,0.0,0.0
1889694,0.0,0.0,0.0,0.0,0.0,1.0,0.0
1890194,0.0,0.0,0.0,0.0,0.0,0.0,0.0
1891189,0.0,0.0,0.0,0.0,0.0,1.0,0.0
1891689,0.0,0.0,0.0,0.0,0.0,0.0,0.0
1891844,0.0,0.0,0.0,0.0,0.0,1.0,0.0
1892344,0.0,0.0,0.0,0.0,0.0,0.0,0.0
1893764,0.0,0.0,0.0,0.0,0.0,1.0,0.0
1893766,0.0,0.0,0.0,0.0,0.0,2.0,0.0
1894266,0.0,0.0,0.0,0.0,0.0,0.0,0.0
1894690,0.0,0.0,0.0,0.0,0.0,1.0,0.0
1895190,0.0,0.0,0.0,0.0,0.0,0.0,0.0
1895899,0.0,0.0,0.0,0.0,0.0,1.0,0.0
1896091,0.0,0.0,0.0,0.0,0.0,2.0,0.0
1896591,0.0,0.0,0.0,0.0,0.0,0.0,0.0
1896655,0.0,0.0,0.0,0.0,0.0,1.0,0.0
1897007,0.0,0.0,0.0,0.0,0.0,2.0,0.0
1897507,0.0,0.0,0.0,0.0,0.0,0.0,0.0
1898515,0.0,0.0,0.0,0.0,0.0,1.0,0.0
1898519,0.0,0.0,0.0,0.0,0.0,2.0,0.0
1899019,0.0,0.0,0.0,0.0,0.0,0.0,0.0
1901625,0.0,0.0,0.0,0.0,0.0,1.0,0.0
1902125,0.0,0.0,0.0,0.0,0.0,0.0,0.0
1903615,0.0,0.0,0.0,0.0,0.0,1.0,0.0
1904115,0.0,0.0,0.0,0.0,0.0,0.0,0.0
1905279,0.0,0.0,0.0,0.0,0.0,1.0,0.0
1905779,0.0,0.0,0.0,0.0,0.0,0.0,0.0
1907815,0.0,0.0,0.0,0.0,0.0,1.0,0.0
1908315,0.0,0.0,0.0,0.0,0.0,0.0,0.0
1911076,0.0,0.0,0.0,0.0,1.0,1.0,0.0
1911576,0.0,0.0,0.0,0.0,0.0,0.0,0.0
1913202,0.0,0.0,0.0,0.0,0.0,1.0,0.0
1913702,0.0,0.0,0.0,0.0,0.0,0.0,0.0
1914459,0.0,0.0,0.0,0.0,0.0,1.0,0.0
1914471,0.0,0.0,0.0,0.0,0.0,2.0,0.0
1914484,0.0,0.0,0.0,0.0,1.0,2.0,0.0
1914971,0.0,0.0,0.0,0.0,1.0,0.0,0.0
1914984,0.0,0.0,0.0,0.0,0.0,0.0,0.0
1917372,0.0,0.0,0.0,0.0,0.0,1.0,0.0
1917872,0.0,0.0,0.0,0.0,0.0,0.0,0.0
1918659,0.0,0.0,0.0,0.0,0.0,1.0,0.0
1919159,0.0,0.0,0.0,0.0,0.0,0.0,0.0
1922597,0.0,0.0,0.0,0.0,0.0,1.0,0.0
1923097,0.0,0.0,0.0,0.0,0.0,0.0,0.0
1925310,0.0,0.0,0.0,0.0,0.0,1.0,0.0
1925810,0.0,0.0,0.0,0.0,0.0,0.0,0.0
1926199,0.0,0.0,0.0,0.0,0.0,1.0,0.0
1926699,0.0,0.0,0.0,0.0,0.0,0.0,0.0
1926858,0.0,0.0,0.0,0.0,0.0,1.0,0.0
1927358,0.0,0.0,0.0,0.0,0.0,0.0,0.0
1928883,0.0,0.0,0.0,0.0,0.0,1.0,0.0
1929383,0.0,0.0,0.0,0.0,0.0,0.0,0.0
1930294,0.0,0.0,0.0,0.0,0.0,1.0,0.0
1930794,0.0,0.0,0.0,0.0,0.0,0.0,0.0
1930967,0.0,0.0,0.0,0.0,0.0,1.0,0.0
1931467,0.0,0.0,0.0,0.0,0.0,0.0,0.0
1931909,0.0,0.0,0.0,0.0,0.0,1.0,0.0
1932409,0.0,0.0,0.0,0.0,0.0,0.0,0.0
1935750,0.0,0.0,0.0,0.0,0.0,1.0,0.0
1936250,0.0,0.0,0.0,0.0,0.0,0.0,0.0
1936407,0.0,0.0,0.0,0.0,0.0,1.0,0.0
1936907,0.0,0.0,0.0,0.0,0.0,0.0,0.0
1937049,0.0,0.0,0.0,0.0,0.0,1.0,0.0
1937549,0.0,0.0,0.0,0.0,0.0,0.0,0.0
1938054,0.0,0.0,0.0,0.0,0.0,1.0,0.0
1938069,0.0,0.0,0.0,0.0,0.0,2.0,0.0
1938569,0.0,0.0,0.0,0.0,0.0,0.0,0.0
1939584,0.0,0.0,0.0,0.0,0.0,1.0,0.0
1940084,0.0,0.0,0.0,0.0,0.0,0.0,0.0
1940336,0.0,0.0,0.0,0.0,0.0,1.0,0.0
1940836,0.0,0.0,0.0,0.0,0.0,0.0,0.0
1944668,0.0,0.0,0.0,0.0,0.0,1.0,0.0
1945168,0.0,0.0,0.0,0.0,0.0,0.0,0.0
1946184,0.0,0.0,0.0,0.0,0.0,1.0,0.0
1946684,0.0,0.0,0.0,0.0,0.0,0.0,0.0
1947281,0.0,0.0,0.0,0.0,0.0,1.0,0.0
1947781,0.0,0.0,0.0,0.0,0.0,0.0,0.0
1951542,0.0,0.0,0.0,0.0,0.0,1.0,0.0
1952042,0.0,0.0,0.0,0.0,0.0,0.0,0.0
1952459,0.0,0.0,0.0,0.0,0.0,1.0,0.0
1952959,0.0,0.0,0.0,0.0,0.0,0.0,0.0
1954554,0.0,0.0,0.0,0.0,0.0,1.0,0.0
1955054,0.0,0.0,0.0,0.0,0.0,0.0,0.0
1955494,0.0,0.0,0.0,0.0,0.0,1.0,0.0
1955994,0.0,0.0,0.0,0.0,0.0,0.0,0.0
1958795,0.0,0.0,0.0,0.0,0.0,1.0,0.0
1959295,0.0,0.0,0.0,0.0,0.0,0.0,0.0
1962587,0.0,0.0,0.0,0.0,0.0,1.0,0.0
1963087,0.0,0.0,0.0,0.0,0.0,0.0,0.0
1963369,0.0,0.0,0.0,0.0,0.0,1.0,0.0
1963869,0.0,0.0,0.0,0.0,0.0,0.0,0.0
1965292,0.0,0.0,0.0,0.0,1.0,0.0,0.0
1965792,0.0,0.0,0.0,0.0,0.0,0.0,0.0
1969275,0.0,0.0,0.0,0.0,0.0,1.0,0.0
1969775,0.0,0.0,0.0,0.0,0.0,0.0,0.0
1974806,0.0,0.0,0.0,0.0,0.0,1.0,0.0
1975306,0.0,0.0,0.0,0.0,0.0,0.0,0.0
1975342,0.0,0.0,0.0,0.0,0.0,1.0,0.0
1975344,0.0,0.0,0.0,0.0,0.0,2.0,0.0
1975844,0.0,0.0,0.0,0.0,0.0,0.0,0.0
1976968,0.0,0.0,0.0,0.0,0.0,1.0,0.0
1977468,0.0,0.0,0.0,0.0,0.0,0.0,0.0
1979099,0.0,0.0,0.0,0.0,0.0,1.0,0.0
1979599,0.0,0.0,0.0,0.0,0.0,0.0,0.0
1980507,0.0,0.0,0.0,0.0,0.0,1.0,0.0
1980509,0.0,0.0,0.0,0.0,0.0,2.0,0.0
1981009,0.0,0.0,0.0,0.0,0.0,0.0,0.0
1981703,0.0,0.0,0.0,0.0,0.0,1.0,0.0
1982203,0.0,0.0,0.0,0.0,0.0,0.0,0.0
1982905,0.0,0.0,0.0,0.0,0.0,1.0,0.0
1983405,0.0,0.0,0.0,0.0,0.0,0.0,0.0
1984207,0.0,0.0,0.0,0.0,0.0,1.0,0.0
1984707,0.0,0.0,0.0,0.0,0.0,0.0,0.0
1988030,0.0,0.0,0.0,0.0,0.0,1.0,0.0
1988530,0.0,0.0,0.0,0.0,0.0,0.0,0.0
1988587,0.0,0.0,0.0,0.0,0.0,1.0,0.0
1988626,0.0,0.0,0.0,0.0,0.0,2.0,0.0
1989126,0.0,0.0,0.0,0.0,0.0,0.0,0.0
1989388,0.0,0.0,0.0,0.0,0.0,1.0,0.0
1989395,0.0,0.0,0.0,0.0,0.0,2.0,0.0
1989895,0.0,0.0,0.0,0.0,0.0,0.0,0.0
1991338,0.0,0.0,0.0,0.0,0.0,1.0,0.0
1991838,0.0,0.0,0.0,0.0,0.0,0.0,0.0
1993361,0.0,0.0,0.0,0.0,0.0,1.0,0.0
1993861,0.0,0.0,0.0,0.0,0.0,0.0,0.0
1994400,0.0,0.0,0.0,0.0,0.0,1.0,0.0
1994410,0.0,0.0,0.0,0.0,0.0,2.0,0.0
1994910,0.0,0.0,0.0,0.0,0.0,0.0,0.0
1996083,0.0,0.0,0.0,0.0,0.0,1.0,0.0
1996084,0.0,0.0,0.0,0.0,0.0,2.0,0.0
1996584,0.0,0.0,0.0,0.0,0.0,0.0,0.0
2000000,0.0,0.0,0.0,0.0,0.0,0.0,1.0
2000063,0.0,0.0,0.0,0.0,0.0,1.0,1.0
2000082,0.0,0.0,0.0,0.0,0.0,2.0,1.0
2000159,2.0,0.0,0.0,0.0,0.0,2.0,1.0
2000213,2.0,0.0,0.0,0.0,1.0,2.0,1.0
2000257,2.0,0.0,0.0,0.0,2.0,2.0,1.0
2000303,2.0,2.0,0.0,0.0,2.0,2.0,1.0
