,ADWIN,CUSUM,DDM,GeometricMovingAverage,HDDMAverage,HDDMWeighted,Ground-truth
34,0.0,0.0,1.0,0.0,0.0,0.0,0.0
233,0.0,0.0,2.0,0.0,0.0,0.0,0.0
722,0.0,0.0,2.0,0.0,0.0,1.0,0.0
733,0.0,0.0,0.0,0.0,0.0,1.0,0.0
1222,0.0,0.0,0.0,0.0,0.0,0.0,0.0
1294,0.0,0.0,0.0,0.0,0.0,1.0,0.0
1794,0.0,0.0,0.0,0.0,0.0,0.0,0.0
2303,0.0,0.0,0.0,0.0,0.0,1.0,0.0
2619,0.0,0.0,0.0,0.0,0.0,2.0,0.0
3119,0.0,0.0,0.0,0.0,0.0,0.0,0.0
3233,0.0,0.0,0.0,0.0,0.0,1.0,0.0
3647,0.0,0.0,0.0,0.0,0.0,2.0,0.0
4147,0.0,0.0,0.0,0.0,0.0,0.0,0.0
4302,0.0,0.0,0.0,0.0,1.0,0.0,0.0
4802,0.0,0.0,0.0,0.0,0.0,0.0,0.0
5020,0.0,0.0,0.0,0.0,0.0,1.0,0.0
5302,0.0,0.0,0.0,0.0,0.0,2.0,0.0
5802,0.0,0.0,0.0,0.0,0.0,0.0,0.0
7739,0.0,0.0,0.0,0.0,0.0,1.0,0.0
8239,0.0,0.0,0.0,0.0,0.0,0.0,0.0
8417,0.0,0.0,0.0,0.0,0.0,1.0,0.0
8917,0.0,0.0,0.0,0.0,0.0,0.0,0.0
9640,0.0,0.0,0.0,0.0,0.0,1.0,0.0
10140,0.0,0.0,0.0,0.0,0.0,0.0,0.0
10464,0.0,0.0,0.0,0.0,0.0,1.0,0.0
10964,0.0,0.0,0.0,0.0,0.0,0.0,0.0
13492,0.0,0.0,0.0,0.0,0.0,1.0,0.0
13992,0.0,0.0,0.0,0.0,0.0,0.0,0.0
15463,0.0,0.0,0.0,0.0,0.0,1.0,0.0
15465,0.0,0.0,0.0,0.0,0.0,2.0,0.0
15965,0.0,0.0,0.0,0.0,0.0,0.0,0.0
16441,0.0,0.0,0.0,0.0,0.0,1.0,0.0
16941,0.0,0.0,0.0,0.0,0.0,0.0,0.0
17285,0.0,0.0,0.0,0.0,0.0,1.0,0.0
17342,0.0,0.0,1.0,0.0,0.0,1.0,0.0
17489,0.0,2.0,1.0,0.0,0.0,1.0,0.0
17785,0.0,2.0,1.0,0.0,0.0,0.0,0.0
17916,0.0,2.0,1.0,0.0,0.0,1.0,0.0
17989,0.0,0.0,1.0,0.0,0.0,1.0,0.0
18342,0.0,0.0,0.0,0.0,0.0,1.0,0.0
18344,0.0,0.0,1.0,0.0,0.0,1.0,0.0
18416,0.0,0.0,1.0,0.0,0.0,0.0,0.0
18844,0.0,0.0,0.0,0.0,0.0,0.0,0.0
19010,0.0,0.0,0.0,0.0,0.0,1.0,0.0
19041,0.0,0.0,0.0,0.0,0.0,2.0,0.0
19047,0.0,0.0,1.0,0.0,0.0,2.0,0.0
19541,0.0,0.0,1.0,0.0,0.0,0.0,0.0
19547,0.0,0.0,0.0,0.0,0.0,0.0,0.0
19961,0.0,0.0,1.0,0.0,0.0,0.0,0.0
20168,0.0,0.0,1.0,0.0,0.0,1.0,0.0
20520,0.0,0.0,1.0,0.0,0.0,2.0,0.0
21020,0.0,0.0,1.0,0.0,0.0,0.0,0.0
21061,0.0,0.0,1.0,0.0,0.0,1.0,0.0
21561,0.0,0.0,1.0,0.0,0.0,0.0,0.0
21650,0.0,0.0,1.0,0.0,0.0,1.0,0.0
21661,0.0,0.0,1.0,0.0,0.0,2.0,0.0
22161,0.0,0.0,1.0,0.0,0.0,0.0,0.0
22384,0.0,0.0,1.0,0.0,0.0,1.0,0.0
22884,0.0,0.0,1.0,0.0,0.0,0.0,0.0
23311,0.0,0.0,1.0,0.0,0.0,1.0,0.0
23811,0.0,0.0,1.0,0.0,0.0,0.0,0.0
24961,0.0,0.0,0.0,0.0,0.0,0.0,0.0
29287,0.0,0.0,0.0,0.0,0.0,1.0,0.0
29787,0.0,0.0,0.0,0.0,0.0,0.0,0.0
29813,0.0,0.0,0.0,0.0,0.0,1.0,0.0
29817,0.0,0.0,0.0,0.0,0.0,2.0,0.0
30317,0.0,0.0,0.0,0.0,0.0,0.0,0.0
30701,0.0,0.0,0.0,0.0,0.0,1.0,0.0
30708,0.0,0.0,0.0,0.0,0.0,2.0,0.0
31208,0.0,0.0,0.0,0.0,0.0,0.0,0.0
33708,0.0,0.0,0.0,0.0,0.0,1.0,0.0
34208,0.0,0.0,0.0,0.0,0.0,0.0,0.0
34238,0.0,0.0,0.0,0.0,0.0,1.0,0.0
34738,0.0,0.0,0.0,0.0,0.0,0.0,0.0
35196,0.0,0.0,0.0,0.0,0.0,1.0,0.0
35696,0.0,0.0,0.0,0.0,0.0,0.0,0.0
35697,0.0,0.0,0.0,0.0,0.0,1.0,0.0
35707,0.0,0.0,0.0,0.0,0.0,2.0,0.0
36207,0.0,0.0,0.0,0.0,0.0,0.0,0.0
36402,0.0,0.0,0.0,0.0,0.0,1.0,0.0
36902,0.0,0.0,0.0,0.0,0.0,0.0,0.0
37199,0.0,0.0,0.0,0.0,0.0,1.0,0.0
37699,0.0,0.0,0.0,0.0,0.0,0.0,0.0
37713,0.0,0.0,0.0,0.0,0.0,1.0,0.0
38213,0.0,0.0,0.0,0.0,0.0,0.0,0.0
38464,0.0,0.0,0.0,0.0,0.0,1.0,0.0
38964,0.0,0.0,0.0,0.0,0.0,0.0,0.0
39486,0.0,0.0,0.0,0.0,0.0,1.0,0.0
39518,0.0,0.0,0.0,0.0,0.0,2.0,0.0
40018,0.0,0.0,0.0,0.0,0.0,0.0,0.0
40077,0.0,0.0,0.0,0.0,0.0,1.0,0.0
40577,0.0,0.0,0.0,0.0,0.0,0.0,0.0
41238,0.0,0.0,0.0,0.0,0.0,1.0,0.0
41738,0.0,0.0,0.0,0.0,0.0,0.0,0.0
42850,0.0,0.0,0.0,0.0,0.0,1.0,0.0
43350,0.0,0.0,0.0,0.0,0.0,0.0,0.0
43516,0.0,0.0,0.0,0.0,0.0,1.0,0.0
44016,0.0,0.0,0.0,0.0,0.0,0.0,0.0
45276,0.0,0.0,0.0,0.0,0.0,1.0,0.0
45776,0.0,0.0,0.0,0.0,0.0,0.0,0.0
47039,0.0,0.0,0.0,0.0,0.0,1.0,0.0
47539,0.0,0.0,0.0,0.0,0.0,0.0,0.0
47570,0.0,0.0,0.0,0.0,0.0,1.0,0.0
48022,0.0,0.0,0.0,0.0,0.0,2.0,0.0
48522,0.0,0.0,0.0,0.0,0.0,0.0,0.0
50549,0.0,0.0,0.0,0.0,0.0,1.0,0.0
51049,0.0,0.0,0.0,0.0,0.0,0.0,0.0
52460,0.0,0.0,0.0,0.0,0.0,1.0,0.0
52960,0.0,0.0,0.0,0.0,0.0,0.0,0.0
54582,0.0,0.0,0.0,0.0,0.0,1.0,0.0
55082,0.0,0.0,0.0,0.0,0.0,0.0,0.0
57607,0.0,0.0,0.0,0.0,0.0,1.0,0.0
58107,0.0,0.0,0.0,0.0,0.0,0.0,0.0
59601,0.0,0.0,0.0,0.0,0.0,1.0,0.0
60101,0.0,0.0,0.0,0.0,0.0,0.0,0.0
61447,0.0,0.0,0.0,0.0,0.0,1.0,0.0
61947,0.0,0.0,0.0,0.0,0.0,0.0,0.0
62177,0.0,0.0,0.0,0.0,0.0,1.0,0.0
62477,0.0,0.0,0.0,0.0,1.0,1.0,0.0
62478,0.0,0.0,0.0,0.0,2.0,1.0,0.0
62677,0.0,0.0,0.0,0.0,2.0,0.0,0.0
62978,0.0,0.0,0.0,0.0,0.0,0.0,0.0
65047,0.0,0.0,0.0,0.0,0.0,1.0,0.0
65547,0.0,0.0,0.0,0.0,0.0,0.0,0.0
69314,0.0,0.0,0.0,0.0,0.0,1.0,0.0
69814,0.0,0.0,0.0,0.0,0.0,0.0,0.0
69825,0.0,0.0,0.0,0.0,0.0,1.0,0.0
69827,0.0,0.0,0.0,0.0,0.0,2.0,0.0
70327,0.0,0.0,0.0,0.0,0.0,0.0,0.0
71998,0.0,0.0,0.0,0.0,0.0,1.0,0.0
72498,0.0,0.0,0.0,0.0,0.0,0.0,0.0
73391,0.0,0.0,0.0,0.0,0.0,1.0,0.0
73891,0.0,0.0,0.0,0.0,0.0,0.0,0.0
74300,0.0,0.0,0.0,0.0,0.0,1.0,0.0
74800,0.0,0.0,0.0,0.0,0.0,0.0,0.0
75516,0.0,0.0,0.0,0.0,0.0,1.0,0.0
76016,0.0,0.0,0.0,0.0,0.0,0.0,0.0
76560,0.0,0.0,0.0,0.0,0.0,1.0,0.0
77060,0.0,0.0,0.0,0.0,0.0,0.0,0.0
77185,0.0,0.0,0.0,0.0,1.0,0.0,0.0
77250,0.0,0.0,0.0,0.0,1.0,1.0,0.0
77685,0.0,0.0,0.0,0.0,0.0,1.0,0.0
77750,0.0,0.0,0.0,0.0,0.0,0.0,0.0
78000,0.0,0.0,0.0,0.0,0.0,1.0,0.0
78500,0.0,0.0,0.0,0.0,0.0,0.0,0.0
79121,0.0,0.0,0.0,0.0,0.0,1.0,0.0
79249,0.0,0.0,0.0,0.0,0.0,2.0,0.0
79749,0.0,0.0,0.0,0.0,0.0,0.0,0.0
79930,0.0,0.0,0.0,0.0,0.0,1.0,0.0
80430,0.0,0.0,0.0,0.0,0.0,0.0,0.0
80605,0.0,0.0,0.0,0.0,0.0,1.0,0.0
81105,0.0,0.0,0.0,0.0,0.0,0.0,0.0
83282,0.0,0.0,0.0,0.0,0.0,1.0,0.0
83782,0.0,0.0,0.0,0.0,0.0,0.0,0.0
86618,0.0,0.0,0.0,0.0,0.0,1.0,0.0
87118,0.0,0.0,0.0,0.0,0.0,0.0,0.0
87949,0.0,0.0,0.0,0.0,0.0,1.0,0.0
88449,0.0,0.0,0.0,0.0,0.0,0.0,0.0
88484,0.0,0.0,0.0,0.0,0.0,1.0,0.0
88984,0.0,0.0,0.0,0.0,0.0,0.0,0.0
90297,0.0,0.0,0.0,0.0,0.0,1.0,0.0
90797,0.0,0.0,0.0,0.0,0.0,0.0,0.0
92091,0.0,0.0,0.0,0.0,0.0,1.0,0.0
92591,0.0,0.0,0.0,0.0,0.0,0.0,0.0
93309,0.0,0.0,0.0,0.0,0.0,1.0,0.0
93809,0.0,0.0,0.0,0.0,0.0,0.0,0.0
94184,0.0,0.0,0.0,0.0,0.0,1.0,0.0
94186,0.0,0.0,0.0,0.0,0.0,2.0,0.0
94686,0.0,0.0,0.0,0.0,0.0,0.0,0.0
94925,0.0,0.0,0.0,0.0,0.0,1.0,0.0
95425,0.0,0.0,0.0,0.0,0.0,0.0,0.0
95712,0.0,0.0,0.0,0.0,0.0,1.0,0.0
96212,0.0,0.0,0.0,0.0,0.0,0.0,0.0
97100,0.0,0.0,0.0,0.0,0.0,1.0,0.0
97600,0.0,0.0,0.0,0.0,0.0,0.0,0.0
97638,0.0,2.0,0.0,0.0,0.0,0.0,0.0
98136,0.0,2.0,0.0,0.0,0.0,1.0,0.0
98138,0.0,0.0,0.0,0.0,0.0,1.0,0.0
98636,0.0,0.0,0.0,0.0,0.0,0.0,0.0
105744,0.0,0.0,0.0,0.0,1.0,0.0,0.0
105745,0.0,0.0,0.0,0.0,2.0,0.0,0.0
106101,0.0,0.0,0.0,0.0,2.0,1.0,0.0
106245,0.0,0.0,0.0,0.0,0.0,1.0,0.0
106601,0.0,0.0,0.0,0.0,0.0,0.0,0.0
112959,0.0,0.0,0.0,0.0,0.0,1.0,0.0
113459,0.0,0.0,0.0,0.0,0.0,0.0,0.0
113975,0.0,0.0,0.0,0.0,0.0,1.0,0.0
114475,0.0,0.0,0.0,0.0,0.0,0.0,0.0
115000,0.0,0.0,0.0,0.0,0.0,1.0,0.0
115500,0.0,0.0,0.0,0.0,0.0,0.0,0.0
118309,0.0,0.0,0.0,0.0,0.0,1.0,0.0
118809,0.0,0.0,0.0,0.0,0.0,0.0,0.0
119665,0.0,0.0,0.0,0.0,0.0,1.0,0.0
120165,0.0,0.0,0.0,0.0,0.0,0.0,0.0
120427,0.0,0.0,0.0,0.0,0.0,1.0,0.0
120927,0.0,0.0,0.0,0.0,0.0,0.0,0.0
121369,0.0,0.0,0.0,0.0,0.0,1.0,0.0
121371,0.0,0.0,0.0,0.0,0.0,2.0,0.0
121375,0.0,0.0,0.0,0.0,1.0,2.0,0.0
121871,0.0,0.0,0.0,0.0,1.0,0.0,0.0
121875,0.0,0.0,0.0,0.0,0.0,0.0,0.0
124071,0.0,0.0,0.0,0.0,0.0,1.0,0.0
124079,0.0,0.0,0.0,0.0,0.0,2.0,0.0
124579,0.0,0.0,0.0,0.0,0.0,0.0,0.0
125210,0.0,0.0,0.0,0.0,0.0,1.0,0.0
125710,0.0,0.0,0.0,0.0,0.0,0.0,0.0
125998,0.0,0.0,0.0,0.0,0.0,1.0,0.0
126498,0.0,0.0,0.0,0.0,0.0,0.0,0.0
129480,0.0,0.0,0.0,0.0,0.0,1.0,0.0
129980,0.0,0.0,0.0,0.0,0.0,0.0,0.0
130544,0.0,0.0,0.0,0.0,0.0,1.0,0.0
131044,0.0,0.0,0.0,0.0,0.0,0.0,0.0
131482,0.0,0.0,0.0,0.0,0.0,1.0,0.0
131982,0.0,0.0,0.0,0.0,0.0,0.0,0.0
133814,0.0,0.0,0.0,0.0,0.0,1.0,0.0
134314,0.0,0.0,0.0,0.0,0.0,0.0,0.0
135671,0.0,0.0,0.0,0.0,0.0,1.0,0.0
136171,0.0,0.0,0.0,0.0,0.0,0.0,0.0
138108,0.0,0.0,0.0,0.0,0.0,1.0,0.0
138608,0.0,0.0,0.0,0.0,0.0,0.0,0.0
139490,0.0,0.0,0.0,0.0,0.0,1.0,0.0
139990,0.0,0.0,0.0,0.0,0.0,0.0,0.0
141023,0.0,0.0,0.0,0.0,0.0,1.0,0.0
141031,0.0,0.0,0.0,0.0,0.0,2.0,0.0
141531,0.0,0.0,0.0,0.0,0.0,0.0,0.0
142105,0.0,0.0,0.0,0.0,0.0,1.0,0.0
142568,0.0,0.0,0.0,0.0,1.0,1.0,0.0
142605,0.0,0.0,0.0,0.0,1.0,0.0,0.0
143068,0.0,0.0,0.0,0.0,0.0,0.0,0.0
146846,0.0,0.0,0.0,0.0,0.0,1.0,0.0
147346,0.0,0.0,0.0,0.0,0.0,0.0,0.0
147710,0.0,0.0,0.0,0.0,0.0,1.0,0.0
147713,0.0,0.0,0.0,0.0,0.0,2.0,0.0
148213,0.0,0.0,0.0,0.0,0.0,0.0,0.0
148747,0.0,0.0,0.0,0.0,0.0,1.0,0.0
149247,0.0,0.0,0.0,0.0,0.0,0.0,0.0
150906,0.0,0.0,0.0,0.0,0.0,1.0,0.0
151406,0.0,0.0,0.0,0.0,0.0,0.0,0.0
153578,0.0,0.0,0.0,0.0,0.0,1.0,0.0
154078,0.0,0.0,0.0,0.0,0.0,0.0,0.0
154968,0.0,0.0,0.0,0.0,0.0,1.0,0.0
155468,0.0,0.0,0.0,0.0,0.0,0.0,0.0
157058,0.0,0.0,0.0,0.0,0.0,1.0,0.0
157558,0.0,0.0,0.0,0.0,0.0,0.0,0.0
159321,0.0,0.0,0.0,0.0,0.0,1.0,0.0
159821,0.0,0.0,0.0,0.0,0.0,0.0,0.0
160220,0.0,0.0,0.0,0.0,0.0,1.0,0.0
160720,0.0,0.0,0.0,0.0,0.0,0.0,0.0
162828,0.0,0.0,0.0,0.0,1.0,0.0,0.0
162829,0.0,0.0,0.0,0.0,2.0,1.0,0.0
163329,0.0,0.0,0.0,0.0,0.0,0.0,0.0
167984,0.0,0.0,0.0,0.0,0.0,1.0,0.0
168484,0.0,0.0,0.0,0.0,0.0,0.0,0.0
168783,0.0,0.0,0.0,0.0,0.0,1.0,0.0
169283,0.0,0.0,0.0,0.0,0.0,0.0,0.0
169978,0.0,0.0,0.0,0.0,0.0,1.0,0.0
170478,0.0,0.0,0.0,0.0,0.0,0.0,0.0
172534,0.0,0.0,0.0,0.0,0.0,1.0,0.0
173034,0.0,0.0,0.0,0.0,0.0,0.0,0.0
173207,0.0,0.0,0.0,0.0,0.0,1.0,0.0
173707,0.0,0.0,0.0,0.0,0.0,0.0,0.0
174141,0.0,0.0,0.0,0.0,0.0,1.0,0.0
174641,0.0,0.0,0.0,0.0,0.0,0.0,0.0
175005,0.0,0.0,0.0,0.0,0.0,1.0,0.0
175505,0.0,0.0,0.0,0.0,0.0,0.0,0.0
176265,0.0,0.0,0.0,0.0,0.0,1.0,0.0
176765,0.0,0.0,0.0,0.0,0.0,0.0,0.0
177557,0.0,0.0,0.0,0.0,0.0,1.0,0.0
177559,0.0,0.0,0.0,0.0,0.0,2.0,0.0
178059,0.0,0.0,0.0,0.0,0.0,0.0,0.0
179154,0.0,0.0,0.0,0.0,0.0,1.0,0.0
179156,0.0,0.0,0.0,0.0,0.0,2.0,0.0
179656,0.0,0.0,0.0,0.0,0.0,0.0,0.0
182574,0.0,0.0,0.0,0.0,0.0,1.0,0.0
182576,0.0,0.0,0.0,0.0,0.0,2.0,0.0
183076,0.0,0.0,0.0,0.0,0.0,0.0,0.0
183133,0.0,0.0,0.0,0.0,0.0,1.0,0.0
183633,0.0,0.0,0.0,0.0,0.0,0.0,0.0
184160,0.0,0.0,0.0,0.0,0.0,1.0,0.0
184660,0.0,0.0,0.0,0.0,0.0,0.0,0.0
190493,0.0,0.0,0.0,0.0,0.0,1.0,0.0
190993,0.0,0.0,0.0,0.0,0.0,0.0,0.0
191158,0.0,0.0,0.0,0.0,0.0,1.0,0.0
191658,0.0,0.0,0.0,0.0,0.0,0.0,0.0
196282,0.0,0.0,0.0,0.0,0.0,1.0,0.0
196283,0.0,0.0,0.0,0.0,0.0,2.0,0.0
196783,0.0,0.0,0.0,0.0,0.0,0.0,0.0
197684,0.0,0.0,0.0,0.0,0.0,1.0,0.0
198184,0.0,0.0,0.0,0.0,0.0,0.0,0.0
200422,0.0,0.0,0.0,0.0,0.0,1.0,0.0
200423,0.0,0.0,0.0,0.0,0.0,2.0,0.0
200923,0.0,0.0,0.0,0.0,0.0,0.0,0.0
201000,0.0,0.0,0.0,0.0,0.0,0.0,1.0
201500,0.0,0.0,0.0,0.0,0.0,0.0,0.0
201701,0.0,0.0,0.0,0.0,0.0,1.0,0.0
202201,0.0,0.0,0.0,0.0,0.0,0.0,0.0
202670,0.0,2.0,0.0,0.0,0.0,0.0,0.0
202672,0.0,2.0,0.0,0.0,1.0,0.0,0.0
202676,0.0,2.0,0.0,0.0,1.0,1.0,0.0
203170,0.0,0.0,0.0,0.0,1.0,1.0,0.0
203176,0.0,0.0,0.0,0.0,1.0,0.0,0.0
203920,0.0,0.0,0.0,0.0,2.0,0.0,0.0
203929,0.0,0.0,0.0,0.0,2.0,1.0,0.0
203967,2.0,0.0,0.0,0.0,2.0,1.0,0.0
204420,2.0,0.0,0.0,0.0,0.0,1.0,0.0
204429,2.0,0.0,0.0,0.0,0.0,0.0,0.0
204467,0.0,0.0,0.0,0.0,0.0,0.0,0.0
204686,0.0,0.0,0.0,0.0,0.0,1.0,0.0
204831,2.0,0.0,0.0,0.0,0.0,1.0,0.0
205186,2.0,0.0,0.0,0.0,0.0,0.0,0.0
205331,0.0,0.0,0.0,0.0,0.0,0.0,0.0
205759,0.0,0.0,0.0,0.0,0.0,1.0,0.0
205791,2.0,0.0,0.0,0.0,0.0,1.0,0.0
206259,2.0,0.0,0.0,0.0,0.0,0.0,0.0
206291,0.0,0.0,0.0,0.0,0.0,0.0,0.0
206367,2.0,0.0,0.0,0.0,0.0,0.0,0.0
206759,2.0,0.0,0.0,0.0,0.0,1.0,0.0
206867,0.0,0.0,0.0,0.0,0.0,1.0,0.0
207259,0.0,0.0,0.0,0.0,0.0,0.0,0.0
207563,0.0,0.0,0.0,0.0,0.0,1.0,0.0
207606,0.0,2.0,0.0,0.0,0.0,1.0,0.0
207613,0.0,2.0,0.0,0.0,0.0,2.0,0.0
208106,0.0,0.0,0.0,0.0,0.0,2.0,0.0
208113,0.0,0.0,0.0,0.0,0.0,0.0,0.0
208444,0.0,0.0,0.0,0.0,0.0,1.0,0.0
208944,0.0,0.0,0.0,0.0,0.0,0.0,0.0
210676,0.0,0.0,1.0,0.0,0.0,0.0,0.0
210782,0.0,0.0,1.0,0.0,0.0,1.0,0.0
211282,0.0,0.0,1.0,0.0,0.0,0.0,0.0
212415,0.0,0.0,1.0,0.0,1.0,0.0,0.0
212416,0.0,0.0,1.0,0.0,1.0,1.0,0.0
212915,0.0,0.0,1.0,0.0,0.0,1.0,0.0
212916,0.0,0.0,1.0,0.0,0.0,0.0,0.0
213460,0.0,0.0,1.0,0.0,0.0,1.0,0.0
213960,0.0,0.0,1.0,0.0,0.0,0.0,0.0
215250,0.0,0.0,1.0,0.0,0.0,1.0,0.0
215255,0.0,0.0,1.0,0.0,0.0,2.0,0.0
215755,0.0,0.0,1.0,0.0,0.0,0.0,0.0
216932,0.0,0.0,1.0,0.0,0.0,1.0,0.0
217432,0.0,0.0,1.0,0.0,0.0,0.0,0.0
217977,0.0,0.0,1.0,0.0,0.0,1.0,0.0
218477,0.0,0.0,1.0,0.0,0.0,0.0,0.0
218491,0.0,0.0,1.0,0.0,0.0,1.0,0.0
218991,0.0,0.0,1.0,0.0,0.0,0.0,0.0
219280,0.0,0.0,1.0,0.0,0.0,1.0,0.0
219780,0.0,0.0,1.0,0.0,0.0,0.0,0.0
220296,0.0,0.0,1.0,0.0,0.0,1.0,0.0
220796,0.0,0.0,1.0,0.0,0.0,0.0,0.0
221101,0.0,0.0,2.0,0.0,0.0,0.0,0.0
221448,0.0,0.0,2.0,0.0,0.0,1.0,0.0
221450,0.0,0.0,2.0,0.0,0.0,2.0,0.0
221601,0.0,0.0,1.0,0.0,0.0,2.0,0.0
221950,0.0,0.0,1.0,0.0,0.0,0.0,0.0
224507,0.0,0.0,1.0,0.0,0.0,1.0,0.0
225007,0.0,0.0,1.0,0.0,0.0,0.0,0.0
226368,0.0,0.0,1.0,0.0,0.0,1.0,0.0
226868,0.0,0.0,1.0,0.0,0.0,0.0,0.0
227134,0.0,0.0,1.0,0.0,0.0,1.0,0.0
227634,0.0,0.0,1.0,0.0,0.0,0.0,0.0
227686,0.0,0.0,1.0,0.0,0.0,1.0,0.0
228039,0.0,2.0,1.0,0.0,0.0,1.0,0.0
228186,0.0,2.0,1.0,0.0,0.0,0.0,0.0
228539,0.0,0.0,1.0,0.0,0.0,0.0,0.0
228619,0.0,0.0,1.0,0.0,0.0,1.0,0.0
228964,0.0,0.0,1.0,0.0,0.0,2.0,0.0
229464,0.0,0.0,1.0,0.0,0.0,0.0,0.0
230435,0.0,0.0,1.0,0.0,0.0,1.0,0.0
230935,0.0,0.0,1.0,0.0,0.0,0.0,0.0
232619,0.0,0.0,1.0,0.0,0.0,1.0,0.0
233119,0.0,0.0,1.0,0.0,0.0,0.0,0.0
233612,0.0,0.0,1.0,0.0,0.0,1.0,0.0
234112,0.0,0.0,1.0,0.0,0.0,0.0,0.0
235366,0.0,0.0,1.0,0.0,0.0,1.0,0.0
235866,0.0,0.0,1.0,0.0,0.0,0.0,0.0
236142,0.0,0.0,1.0,0.0,0.0,1.0,0.0
236459,0.0,0.0,1.0,0.0,0.0,2.0,0.0
236959,0.0,0.0,1.0,0.0,0.0,0.0,0.0
238203,0.0,0.0,1.0,0.0,0.0,1.0,0.0
238703,0.0,0.0,1.0,0.0,0.0,0.0,0.0
240526,0.0,0.0,1.0,0.0,0.0,1.0,0.0
241026,0.0,0.0,1.0,0.0,0.0,0.0,0.0
243091,0.0,0.0,1.0,0.0,0.0,1.0,0.0
243419,0.0,0.0,1.0,0.0,0.0,2.0,0.0
243919,0.0,0.0,1.0,0.0,0.0,0.0,0.0
243938,0.0,0.0,1.0,0.0,0.0,1.0,0.0
244438,0.0,0.0,1.0,0.0,0.0,0.0,0.0
244934,0.0,0.0,1.0,0.0,0.0,1.0,0.0
245434,0.0,0.0,1.0,0.0,0.0,0.0,0.0
246831,0.0,0.0,1.0,0.0,0.0,1.0,0.0
246852,0.0,0.0,1.0,0.0,0.0,2.0,0.0
247352,0.0,0.0,1.0,0.0,0.0,0.0,0.0
247442,0.0,0.0,1.0,0.0,0.0,1.0,0.0
247445,0.0,0.0,1.0,0.0,0.0,2.0,0.0
247945,0.0,0.0,1.0,0.0,0.0,0.0,0.0
248580,0.0,0.0,1.0,0.0,0.0,1.0,0.0
249080,0.0,0.0,1.0,0.0,0.0,0.0,0.0
249259,0.0,0.0,1.0,0.0,0.0,1.0,0.0
249759,0.0,0.0,1.0,0.0,0.0,0.0,0.0
250441,0.0,0.0,1.0,0.0,0.0,1.0,0.0
250447,0.0,0.0,1.0,0.0,0.0,2.0,0.0
250947,0.0,0.0,1.0,0.0,0.0,0.0,0.0
251331,0.0,0.0,1.0,0.0,0.0,1.0,0.0
251338,0.0,0.0,1.0,0.0,0.0,2.0,0.0
251838,0.0,0.0,1.0,0.0,0.0,0.0,0.0
253125,0.0,0.0,1.0,0.0,0.0,1.0,0.0
253240,0.0,0.0,1.0,0.0,0.0,2.0,0.0
253740,0.0,0.0,1.0,0.0,0.0,0.0,0.0
254216,0.0,0.0,1.0,0.0,0.0,1.0,0.0
254716,0.0,0.0,1.0,0.0,0.0,0.0,0.0
254717,0.0,0.0,1.0,0.0,0.0,1.0,0.0
255217,0.0,0.0,1.0,0.0,0.0,0.0,0.0
255516,0.0,0.0,1.0,0.0,0.0,1.0,0.0
256016,0.0,0.0,1.0,0.0,0.0,0.0,0.0
256074,0.0,0.0,1.0,0.0,0.0,1.0,0.0
256077,0.0,0.0,1.0,0.0,0.0,2.0,0.0
256577,0.0,0.0,1.0,0.0,0.0,0.0,0.0
256610,0.0,0.0,1.0,0.0,0.0,1.0,0.0
257110,0.0,0.0,1.0,0.0,0.0,0.0,0.0
258110,0.0,0.0,1.0,0.0,0.0,1.0,0.0
258610,0.0,0.0,1.0,0.0,0.0,0.0,0.0
259120,0.0,0.0,1.0,0.0,0.0,1.0,0.0
259620,0.0,0.0,1.0,0.0,0.0,0.0,0.0
259989,0.0,0.0,1.0,0.0,0.0,1.0,0.0
260489,0.0,0.0,1.0,0.0,0.0,0.0,0.0
260929,0.0,0.0,1.0,0.0,0.0,1.0,0.0
261429,0.0,0.0,1.0,0.0,0.0,0.0,0.0
261819,0.0,0.0,1.0,0.0,0.0,1.0,0.0
261968,0.0,0.0,1.0,0.0,0.0,2.0,0.0
262385,0.0,2.0,1.0,0.0,0.0,2.0,0.0
262468,0.0,2.0,1.0,0.0,0.0,0.0,0.0
262885,0.0,0.0,1.0,0.0,0.0,0.0,0.0
264015,0.0,0.0,1.0,0.0,0.0,1.0,0.0
264515,0.0,0.0,1.0,0.0,0.0,0.0,0.0
266622,0.0,0.0,1.0,0.0,0.0,1.0,0.0
267122,0.0,0.0,1.0,0.0,0.0,0.0,0.0
267158,0.0,0.0,1.0,0.0,0.0,1.0,0.0
267658,0.0,0.0,1.0,0.0,0.0,0.0,0.0
267858,0.0,0.0,1.0,0.0,0.0,1.0,0.0
268358,0.0,0.0,1.0,0.0,0.0,0.0,0.0
269266,0.0,0.0,1.0,0.0,0.0,1.0,0.0
269766,0.0,0.0,1.0,0.0,0.0,0.0,0.0
270267,0.0,0.0,1.0,0.0,0.0,1.0,0.0
270269,0.0,0.0,1.0,0.0,0.0,2.0,0.0
270769,0.0,0.0,1.0,0.0,0.0,0.0,0.0
271184,0.0,0.0,1.0,0.0,0.0,1.0,0.0
271684,0.0,0.0,1.0,0.0,0.0,0.0,0.0
272551,0.0,0.0,1.0,0.0,0.0,1.0,0.0
273051,0.0,0.0,1.0,0.0,0.0,0.0,0.0
273441,0.0,0.0,1.0,0.0,0.0,1.0,0.0
273941,0.0,0.0,1.0,0.0,0.0,0.0,0.0
274179,0.0,0.0,1.0,0.0,0.0,1.0,0.0
274679,0.0,0.0,1.0,0.0,0.0,0.0,0.0
275864,0.0,0.0,1.0,0.0,0.0,1.0,0.0
275867,0.0,0.0,1.0,0.0,0.0,2.0,0.0
276367,0.0,0.0,1.0,0.0,0.0,0.0,0.0
277686,0.0,0.0,1.0,0.0,0.0,1.0,0.0
278186,0.0,0.0,1.0,0.0,0.0,0.0,0.0
279233,0.0,0.0,1.0,0.0,0.0,1.0,0.0
279733,0.0,0.0,1.0,0.0,0.0,0.0,0.0
280939,0.0,0.0,1.0,0.0,0.0,1.0,0.0
281439,0.0,0.0,1.0,0.0,0.0,0.0,0.0
282414,0.0,0.0,1.0,0.0,0.0,1.0,0.0
282914,0.0,0.0,1.0,0.0,0.0,0.0,0.0
282922,0.0,0.0,1.0,0.0,0.0,1.0,0.0
283422,0.0,0.0,1.0,0.0,0.0,0.0,0.0
285182,0.0,0.0,1.0,0.0,0.0,1.0,0.0
285682,0.0,0.0,1.0,0.0,0.0,0.0,0.0
287877,0.0,0.0,1.0,0.0,0.0,1.0,0.0
288377,0.0,0.0,1.0,0.0,0.0,0.0,0.0
289495,0.0,0.0,1.0,0.0,0.0,1.0,0.0
289995,0.0,0.0,1.0,0.0,0.0,0.0,0.0
290023,0.0,0.0,1.0,0.0,0.0,1.0,0.0
290293,0.0,0.0,1.0,0.0,1.0,1.0,0.0
290523,0.0,0.0,1.0,0.0,1.0,0.0,0.0
290606,0.0,0.0,1.0,0.0,1.0,1.0,0.0
290793,0.0,0.0,1.0,0.0,0.0,1.0,0.0
291106,0.0,0.0,1.0,0.0,0.0,0.0,0.0
291161,0.0,2.0,1.0,0.0,0.0,0.0,0.0
291337,0.0,2.0,1.0,0.0,1.0,0.0,0.0
291661,0.0,0.0,1.0,0.0,1.0,0.0,0.0
291837,0.0,0.0,1.0,0.0,0.0,0.0,0.0
292873,0.0,0.0,1.0,0.0,0.0,1.0,0.0
293373,0.0,0.0,1.0,0.0,0.0,0.0,0.0
293724,0.0,0.0,1.0,0.0,0.0,1.0,0.0
294224,0.0,0.0,1.0,0.0,0.0,0.0,0.0
294605,0.0,0.0,1.0,0.0,0.0,1.0,0.0
294898,0.0,0.0,1.0,0.0,0.0,2.0,0.0
295398,0.0,0.0,1.0,0.0,0.0,0.0,0.0
295784,0.0,0.0,1.0,0.0,0.0,1.0,0.0
296284,0.0,0.0,1.0,0.0,0.0,0.0,0.0
297867,0.0,0.0,1.0,0.0,0.0,1.0,0.0
298367,0.0,0.0,1.0,0.0,0.0,0.0,0.0
298619,0.0,0.0,1.0,0.0,0.0,1.0,0.0
298623,0.0,0.0,1.0,0.0,0.0,2.0,0.0
299123,0.0,0.0,1.0,0.0,0.0,0.0,0.0
300066,0.0,0.0,1.0,0.0,0.0,1.0,0.0
300068,0.0,0.0,1.0,0.0,0.0,2.0,0.0
300568,0.0,0.0,1.0,0.0,0.0,0.0,0.0
301213,0.0,0.0,1.0,0.0,0.0,1.0,0.0
301230,0.0,0.0,1.0,0.0,0.0,2.0,0.0
301730,0.0,0.0,1.0,0.0,0.0,0.0,0.0
303593,0.0,0.0,1.0,0.0,0.0,1.0,0.0
304093,0.0,0.0,1.0,0.0,0.0,0.0,0.0
304225,0.0,0.0,1.0,0.0,0.0,1.0,0.0
304725,0.0,0.0,1.0,0.0,0.0,0.0,0.0
305909,0.0,0.0,1.0,0.0,1.0,0.0,0.0
306409,0.0,0.0,1.0,0.0,0.0,0.0,0.0
306979,0.0,0.0,1.0,0.0,0.0,1.0,0.0
306981,0.0,0.0,1.0,0.0,0.0,2.0,0.0
307481,0.0,0.0,1.0,0.0,0.0,0.0,0.0
308560,0.0,0.0,1.0,0.0,0.0,1.0,0.0
309060,0.0,0.0,1.0,0.0,0.0,0.0,0.0
309586,0.0,0.0,1.0,0.0,0.0,1.0,0.0
310086,0.0,0.0,1.0,0.0,0.0,0.0,0.0
310442,0.0,0.0,1.0,0.0,0.0,1.0,0.0
310942,0.0,0.0,1.0,0.0,0.0,0.0,0.0
312935,0.0,0.0,1.0,0.0,0.0,1.0,0.0
313224,0.0,0.0,1.0,0.0,0.0,2.0,0.0
313724,0.0,0.0,1.0,0.0,0.0,0.0,0.0
314183,0.0,0.0,1.0,0.0,1.0,0.0,0.0
314683,0.0,0.0,1.0,0.0,0.0,0.0,0.0
316240,0.0,0.0,1.0,0.0,0.0,1.0,0.0
316740,0.0,0.0,1.0,0.0,0.0,0.0,0.0
320277,0.0,0.0,1.0,0.0,1.0,0.0,0.0
320396,0.0,0.0,1.0,0.0,1.0,1.0,0.0
320777,0.0,0.0,1.0,0.0,0.0,1.0,0.0
320896,0.0,0.0,1.0,0.0,0.0,0.0,0.0
321859,0.0,0.0,1.0,0.0,0.0,1.0,0.0
321882,0.0,0.0,1.0,0.0,0.0,2.0,0.0
322382,0.0,0.0,1.0,0.0,0.0,0.0,0.0
323327,0.0,0.0,1.0,0.0,0.0,1.0,0.0
323827,0.0,0.0,1.0,0.0,0.0,0.0,0.0
324407,0.0,0.0,1.0,0.0,0.0,1.0,0.0
324907,0.0,0.0,1.0,0.0,0.0,0.0,0.0
326465,0.0,0.0,1.0,0.0,0.0,1.0,0.0
326965,0.0,0.0,1.0,0.0,0.0,0.0,0.0
327101,0.0,0.0,0.0,0.0,0.0,0.0,0.0
329377,0.0,0.0,0.0,0.0,1.0,0.0,0.0
329877,0.0,0.0,0.0,0.0,0.0,0.0,0.0
330511,0.0,0.0,0.0,0.0,1.0,0.0,0.0
331011,0.0,0.0,0.0,0.0,0.0,0.0,0.0
332352,0.0,0.0,0.0,0.0,0.0,1.0,0.0
332357,0.0,0.0,0.0,0.0,0.0,2.0,0.0
332857,0.0,0.0,0.0,0.0,0.0,0.0,0.0
334021,0.0,0.0,0.0,0.0,0.0,1.0,0.0
334521,0.0,0.0,0.0,0.0,0.0,0.0,0.0
338411,0.0,0.0,0.0,0.0,0.0,1.0,0.0
338911,0.0,0.0,0.0,0.0,0.0,0.0,0.0
346383,0.0,0.0,0.0,0.0,0.0,1.0,0.0
346659,0.0,0.0,0.0,0.0,0.0,2.0,0.0
347159,0.0,0.0,0.0,0.0,0.0,0.0,0.0
347577,0.0,0.0,0.0,0.0,0.0,1.0,0.0
347979,0.0,0.0,0.0,0.0,0.0,2.0,0.0
348479,0.0,0.0,0.0,0.0,0.0,0.0,0.0
353274,0.0,0.0,0.0,0.0,0.0,1.0,0.0
353774,0.0,0.0,0.0,0.0,0.0,0.0,0.0
354863,0.0,0.0,0.0,0.0,0.0,1.0,0.0
355363,0.0,0.0,0.0,0.0,0.0,0.0,0.0
355806,0.0,0.0,0.0,0.0,0.0,1.0,0.0
356306,0.0,0.0,0.0,0.0,0.0,0.0,0.0
357590,0.0,0.0,0.0,0.0,0.0,1.0,0.0
358090,0.0,0.0,0.0,0.0,0.0,0.0,0.0
358680,0.0,0.0,0.0,0.0,0.0,1.0,0.0
359180,0.0,0.0,0.0,0.0,0.0,0.0,0.0
361331,0.0,0.0,0.0,0.0,0.0,1.0,0.0
361831,0.0,0.0,0.0,0.0,0.0,0.0,0.0
362890,0.0,0.0,0.0,0.0,0.0,1.0,0.0
363390,0.0,0.0,0.0,0.0,0.0,0.0,0.0
369849,0.0,0.0,0.0,0.0,0.0,1.0,0.0
370349,0.0,0.0,0.0,0.0,0.0,0.0,0.0
370513,0.0,0.0,0.0,0.0,0.0,1.0,0.0
370523,0.0,0.0,0.0,0.0,0.0,2.0,0.0
371023,0.0,0.0,0.0,0.0,0.0,0.0,0.0
372492,0.0,0.0,0.0,0.0,0.0,1.0,0.0
372992,0.0,0.0,0.0,0.0,0.0,0.0,0.0
374322,0.0,0.0,0.0,0.0,0.0,1.0,0.0
374324,0.0,0.0,0.0,0.0,0.0,2.0,0.0
374824,0.0,0.0,0.0,0.0,0.0,0.0,0.0
379047,0.0,0.0,0.0,0.0,0.0,1.0,0.0
379054,0.0,0.0,0.0,0.0,0.0,2.0,0.0
379554,0.0,0.0,0.0,0.0,0.0,0.0,0.0
379575,0.0,0.0,0.0,0.0,0.0,1.0,0.0
380075,0.0,0.0,0.0,0.0,0.0,0.0,0.0
383324,0.0,0.0,0.0,0.0,1.0,1.0,0.0
383824,0.0,0.0,0.0,0.0,0.0,0.0,0.0
384523,0.0,0.0,0.0,0.0,0.0,1.0,0.0
385023,0.0,0.0,0.0,0.0,0.0,0.0,0.0
385165,0.0,0.0,0.0,0.0,0.0,1.0,0.0
385665,0.0,0.0,0.0,0.0,0.0,0.0,0.0
386235,0.0,0.0,0.0,0.0,0.0,1.0,0.0
386735,0.0,0.0,0.0,0.0,0.0,0.0,0.0
389470,0.0,0.0,0.0,0.0,0.0,1.0,0.0
389970,0.0,0.0,0.0,0.0,0.0,0.0,0.0
394029,0.0,0.0,0.0,0.0,0.0,1.0,0.0
394529,0.0,0.0,0.0,0.0,0.0,0.0,0.0
396391,0.0,0.0,0.0,0.0,0.0,1.0,0.0
396891,0.0,0.0,0.0,0.0,0.0,0.0,0.0
399451,0.0,0.0,0.0,0.0,0.0,1.0,0.0
399951,0.0,0.0,0.0,0.0,0.0,0.0,0.0
400454,0.0,0.0,0.0,0.0,0.0,1.0,0.0
400954,0.0,0.0,0.0,0.0,0.0,0.0,0.0
401801,0.0,0.0,0.0,0.0,0.0,1.0,0.0
401802,0.0,0.0,0.0,0.0,0.0,2.0,0.0
402302,0.0,0.0,0.0,0.0,0.0,0.0,0.0
403000,0.0,0.0,0.0,0.0,0.0,0.0,1.0
403379,0.0,0.0,0.0,0.0,0.0,1.0,1.0
403500,0.0,0.0,0.0,0.0,0.0,1.0,0.0
403879,0.0,0.0,0.0,0.0,0.0,0.0,0.0
403923,0.0,0.0,0.0,0.0,0.0,1.0,0.0
404330,0.0,0.0,0.0,0.0,0.0,2.0,0.0
404830,0.0,0.0,0.0,0.0,0.0,0.0,0.0
405037,0.0,0.0,0.0,0.0,0.0,1.0,0.0
405125,0.0,2.0,0.0,0.0,0.0,1.0,0.0
405537,0.0,2.0,0.0,0.0,0.0,0.0,0.0
405572,0.0,2.0,0.0,0.0,0.0,1.0,0.0
405625,0.0,0.0,0.0,0.0,0.0,1.0,0.0
405759,2.0,0.0,0.0,0.0,0.0,1.0,0.0
406072,2.0,0.0,0.0,0.0,0.0,0.0,0.0
406259,0.0,0.0,0.0,0.0,0.0,0.0,0.0
406398,0.0,0.0,0.0,0.0,1.0,0.0,0.0
406411,0.0,0.0,0.0,0.0,1.0,1.0,0.0
406527,2.0,0.0,0.0,0.0,1.0,1.0,0.0
406636,2.0,0.0,0.0,0.0,2.0,1.0,0.0
406911,2.0,0.0,0.0,0.0,2.0,0.0,0.0
406956,2.0,0.0,0.0,0.0,2.0,1.0,0.0
406958,2.0,0.0,0.0,0.0,2.0,2.0,0.0
407027,0.0,0.0,0.0,0.0,2.0,2.0,0.0
407071,2.0,0.0,0.0,0.0,2.0,2.0,0.0
407136,2.0,0.0,0.0,0.0,0.0,2.0,0.0
407458,2.0,0.0,0.0,0.0,0.0,0.0,0.0
407571,0.0,0.0,0.0,0.0,0.0,0.0,0.0
408495,0.0,0.0,0.0,0.0,0.0,1.0,0.0
408995,0.0,0.0,0.0,0.0,0.0,0.0,0.0
409054,0.0,0.0,0.0,0.0,0.0,1.0,0.0
409554,0.0,0.0,0.0,0.0,0.0,0.0,0.0
410954,0.0,0.0,0.0,0.0,0.0,1.0,0.0
410956,0.0,0.0,0.0,0.0,1.0,2.0,0.0
410959,0.0,0.0,0.0,0.0,2.0,2.0,0.0
411456,0.0,0.0,0.0,0.0,2.0,0.0,0.0
411459,0.0,0.0,0.0,0.0,0.0,0.0,0.0
414897,0.0,0.0,0.0,0.0,0.0,1.0,0.0
415263,0.0,0.0,0.0,0.0,0.0,2.0,0.0
415763,0.0,0.0,0.0,0.0,0.0,0.0,0.0
415832,0.0,0.0,0.0,0.0,0.0,1.0,0.0
416332,0.0,0.0,0.0,0.0,0.0,0.0,0.0
417658,0.0,0.0,0.0,0.0,0.0,1.0,0.0
417663,0.0,0.0,0.0,0.0,1.0,1.0,0.0
418158,0.0,0.0,0.0,0.0,1.0,0.0,0.0
418163,0.0,0.0,0.0,0.0,0.0,0.0,0.0
418366,0.0,0.0,0.0,0.0,0.0,1.0,0.0
418866,0.0,0.0,0.0,0.0,0.0,0.0,0.0
419566,0.0,0.0,0.0,0.0,0.0,1.0,0.0
419895,0.0,0.0,0.0,0.0,0.0,2.0,0.0
419999,2.0,0.0,0.0,0.0,0.0,2.0,0.0
420395,2.0,0.0,0.0,0.0,0.0,0.0,0.0
420499,0.0,0.0,0.0,0.0,0.0,0.0,0.0
421560,0.0,0.0,0.0,0.0,0.0,1.0,0.0
422060,0.0,0.0,0.0,0.0,0.0,0.0,0.0
422317,0.0,0.0,0.0,0.0,0.0,1.0,0.0
422709,0.0,2.0,0.0,0.0,0.0,1.0,0.0
422817,0.0,2.0,0.0,0.0,0.0,0.0,0.0
423109,0.0,2.0,0.0,0.0,0.0,1.0,0.0
423123,0.0,2.0,0.0,0.0,0.0,2.0,0.0
423209,0.0,0.0,0.0,0.0,0.0,2.0,0.0
423623,0.0,0.0,0.0,0.0,0.0,0.0,0.0
425447,0.0,0.0,0.0,0.0,0.0,1.0,0.0
425947,0.0,0.0,0.0,0.0,0.0,0.0,0.0
426965,0.0,0.0,0.0,0.0,0.0,1.0,0.0
427229,0.0,0.0,0.0,0.0,0.0,2.0,0.0
427729,0.0,0.0,0.0,0.0,0.0,0.0,0.0
428898,0.0,0.0,0.0,0.0,0.0,1.0,0.0
429398,0.0,0.0,0.0,0.0,0.0,0.0,0.0
430139,0.0,0.0,0.0,0.0,0.0,1.0,0.0
430639,0.0,0.0,0.0,0.0,0.0,0.0,0.0
432337,0.0,0.0,0.0,0.0,0.0,1.0,0.0
432837,0.0,0.0,0.0,0.0,0.0,0.0,0.0
433426,0.0,0.0,0.0,0.0,0.0,1.0,0.0
433428,0.0,0.0,0.0,0.0,0.0,2.0,0.0
433928,0.0,0.0,0.0,0.0,0.0,0.0,0.0
436256,0.0,0.0,0.0,0.0,0.0,1.0,0.0
436756,0.0,0.0,0.0,0.0,0.0,0.0,0.0
436911,0.0,0.0,0.0,0.0,0.0,1.0,0.0
437411,0.0,0.0,0.0,0.0,0.0,0.0,0.0
438422,0.0,0.0,0.0,0.0,0.0,1.0,0.0
438922,0.0,0.0,0.0,0.0,0.0,0.0,0.0
439407,0.0,0.0,0.0,0.0,0.0,1.0,0.0
439907,0.0,0.0,0.0,0.0,0.0,0.0,0.0
440564,0.0,0.0,0.0,0.0,0.0,1.0,0.0
441064,0.0,0.0,0.0,0.0,0.0,0.0,0.0
444833,0.0,0.0,0.0,0.0,0.0,1.0,0.0
445333,0.0,0.0,0.0,0.0,0.0,0.0,0.0
450659,0.0,0.0,0.0,0.0,0.0,1.0,0.0
450661,0.0,0.0,0.0,0.0,0.0,2.0,0.0
450696,0.0,0.0,0.0,0.0,1.0,2.0,0.0
451161,0.0,0.0,0.0,0.0,1.0,0.0,0.0
451196,0.0,0.0,0.0,0.0,0.0,0.0,0.0
451249,0.0,0.0,0.0,0.0,0.0,1.0,0.0
451749,0.0,0.0,0.0,0.0,0.0,0.0,0.0
451864,0.0,0.0,0.0,0.0,0.0,1.0,0.0
451866,0.0,0.0,0.0,0.0,0.0,2.0,0.0
452366,0.0,0.0,0.0,0.0,0.0,0.0,0.0
454652,0.0,0.0,0.0,0.0,0.0,1.0,0.0
455152,0.0,0.0,0.0,0.0,0.0,0.0,0.0
455806,0.0,0.0,0.0,0.0,0.0,1.0,0.0
456306,0.0,0.0,0.0,0.0,0.0,0.0,0.0
456709,0.0,0.0,0.0,0.0,0.0,1.0,0.0
457209,0.0,0.0,0.0,0.0,0.0,0.0,0.0
457787,0.0,0.0,0.0,0.0,0.0,1.0,0.0
458287,0.0,0.0,0.0,0.0,0.0,0.0,0.0
458901,0.0,0.0,0.0,0.0,0.0,1.0,0.0
459401,0.0,0.0,0.0,0.0,0.0,0.0,0.0
459466,0.0,0.0,0.0,0.0,0.0,1.0,0.0
459966,0.0,0.0,0.0,0.0,0.0,0.0,0.0
460554,0.0,0.0,0.0,0.0,0.0,1.0,0.0
460562,0.0,0.0,0.0,0.0,0.0,2.0,0.0
461062,0.0,0.0,0.0,0.0,0.0,0.0,0.0
461660,0.0,0.0,0.0,0.0,0.0,1.0,0.0
461671,0.0,0.0,0.0,0.0,0.0,2.0,0.0
462171,0.0,0.0,0.0,0.0,0.0,0.0,0.0
462656,0.0,0.0,0.0,0.0,0.0,1.0,0.0
463156,0.0,0.0,0.0,0.0,0.0,0.0,0.0
463430,0.0,0.0,0.0,0.0,0.0,1.0,0.0
463930,0.0,0.0,0.0,0.0,0.0,0.0,0.0
466669,0.0,0.0,0.0,0.0,0.0,1.0,0.0
467169,0.0,0.0,0.0,0.0,0.0,0.0,0.0
468240,0.0,0.0,0.0,0.0,0.0,1.0,0.0
468242,0.0,0.0,0.0,0.0,0.0,2.0,0.0
468742,0.0,0.0,0.0,0.0,0.0,0.0,0.0
469137,0.0,0.0,0.0,0.0,0.0,1.0,0.0
469637,0.0,0.0,0.0,0.0,0.0,0.0,0.0
469638,0.0,0.0,0.0,0.0,0.0,1.0,0.0
470138,0.0,0.0,0.0,0.0,0.0,0.0,0.0
470519,0.0,0.0,0.0,0.0,0.0,1.0,0.0
471019,0.0,0.0,0.0,0.0,0.0,0.0,0.0
471180,0.0,0.0,0.0,0.0,0.0,1.0,0.0
471680,0.0,0.0,0.0,0.0,0.0,0.0,0.0
472354,0.0,0.0,0.0,0.0,0.0,1.0,0.0
472854,0.0,0.0,0.0,0.0,0.0,0.0,0.0
473080,0.0,0.0,0.0,0.0,0.0,1.0,0.0
473580,0.0,0.0,0.0,0.0,0.0,0.0,0.0
473787,0.0,0.0,0.0,0.0,0.0,1.0,0.0
474287,0.0,0.0,0.0,0.0,0.0,0.0,0.0
475861,0.0,0.0,0.0,0.0,0.0,1.0,0.0
476361,0.0,0.0,0.0,0.0,0.0,0.0,0.0
478457,0.0,0.0,0.0,0.0,0.0,1.0,0.0
478957,0.0,0.0,0.0,0.0,0.0,0.0,0.0
479584,0.0,0.0,0.0,0.0,0.0,1.0,0.0
480084,0.0,0.0,0.0,0.0,0.0,0.0,0.0
480382,0.0,0.0,0.0,0.0,0.0,1.0,0.0
480882,0.0,0.0,0.0,0.0,0.0,0.0,0.0
481033,0.0,0.0,0.0,0.0,0.0,1.0,0.0
481533,0.0,0.0,0.0,0.0,0.0,0.0,0.0
481659,0.0,0.0,0.0,0.0,0.0,1.0,0.0
481670,0.0,0.0,0.0,0.0,0.0,2.0,0.0
482170,0.0,0.0,0.0,0.0,0.0,0.0,0.0
482752,0.0,0.0,0.0,0.0,0.0,1.0,0.0
483252,0.0,0.0,0.0,0.0,0.0,0.0,0.0
484347,0.0,0.0,0.0,0.0,0.0,1.0,0.0
484847,0.0,0.0,0.0,0.0,0.0,0.0,0.0
486325,0.0,0.0,0.0,0.0,0.0,1.0,0.0
486541,0.0,0.0,0.0,0.0,0.0,2.0,0.0
486545,0.0,2.0,0.0,0.0,0.0,2.0,0.0
487041,0.0,2.0,0.0,0.0,0.0,0.0,0.0
487045,0.0,0.0,0.0,0.0,0.0,0.0,0.0
487407,0.0,0.0,0.0,0.0,0.0,1.0,0.0
487907,0.0,0.0,0.0,0.0,0.0,0.0,0.0
488755,0.0,0.0,0.0,0.0,0.0,1.0,0.0
489255,0.0,0.0,0.0,0.0,0.0,0.0,0.0
489457,0.0,0.0,0.0,0.0,0.0,1.0,0.0
489957,0.0,0.0,0.0,0.0,0.0,0.0,0.0
490145,0.0,0.0,0.0,0.0,0.0,1.0,0.0
490645,0.0,0.0,0.0,0.0,0.0,0.0,0.0
490900,0.0,0.0,0.0,0.0,0.0,1.0,0.0
491400,0.0,0.0,0.0,0.0,0.0,0.0,0.0
491470,0.0,0.0,0.0,0.0,0.0,1.0,0.0
491970,0.0,0.0,0.0,0.0,0.0,0.0,0.0
492057,0.0,0.0,0.0,0.0,0.0,1.0,0.0
492557,0.0,0.0,0.0,0.0,0.0,0.0,0.0
493083,0.0,0.0,0.0,0.0,0.0,1.0,0.0
493090,0.0,0.0,0.0,0.0,0.0,2.0,0.0
493590,0.0,0.0,0.0,0.0,0.0,0.0,0.0
495825,0.0,0.0,0.0,0.0,0.0,1.0,0.0
496325,0.0,0.0,0.0,0.0,0.0,0.0,0.0
499593,0.0,0.0,0.0,0.0,0.0,1.0,0.0
499595,0.0,0.0,0.0,0.0,0.0,2.0,0.0
500095,0.0,0.0,0.0,0.0,0.0,0.0,0.0
500276,0.0,0.0,0.0,0.0,0.0,1.0,0.0
500776,0.0,0.0,0.0,0.0,0.0,0.0,0.0
501046,0.0,0.0,0.0,0.0,0.0,1.0,0.0
501546,0.0,0.0,0.0,0.0,0.0,0.0,0.0
504545,0.0,0.0,0.0,0.0,0.0,1.0,0.0
505045,0.0,0.0,0.0,0.0,0.0,0.0,0.0
505196,0.0,0.0,0.0,0.0,0.0,1.0,0.0
505696,0.0,0.0,0.0,0.0,0.0,0.0,0.0
509407,0.0,0.0,0.0,0.0,0.0,1.0,0.0
509907,0.0,0.0,0.0,0.0,0.0,0.0,0.0
517355,0.0,0.0,0.0,0.0,0.0,1.0,0.0
517855,0.0,0.0,0.0,0.0,0.0,0.0,0.0
518439,0.0,0.0,0.0,0.0,0.0,1.0,0.0
518939,0.0,0.0,0.0,0.0,0.0,0.0,0.0
519009,0.0,0.0,0.0,0.0,0.0,1.0,0.0
519379,0.0,0.0,0.0,0.0,0.0,2.0,0.0
519879,0.0,0.0,0.0,0.0,0.0,0.0,0.0
523475,0.0,0.0,0.0,0.0,0.0,1.0,0.0
523975,0.0,0.0,0.0,0.0,0.0,0.0,0.0
524681,0.0,0.0,0.0,0.0,0.0,1.0,0.0
525162,0.0,0.0,0.0,0.0,1.0,1.0,0.0
525163,0.0,0.0,0.0,0.0,1.0,2.0,0.0
525662,0.0,0.0,0.0,0.0,0.0,2.0,0.0
525663,0.0,0.0,0.0,0.0,0.0,0.0,0.0
527767,0.0,0.0,0.0,0.0,0.0,1.0,0.0
528267,0.0,0.0,0.0,0.0,0.0,0.0,0.0
528819,0.0,0.0,0.0,0.0,0.0,1.0,0.0
529319,0.0,0.0,0.0,0.0,0.0,0.0,0.0
534777,0.0,0.0,0.0,0.0,0.0,1.0,0.0
534779,0.0,0.0,0.0,0.0,0.0,2.0,0.0
535279,0.0,0.0,0.0,0.0,0.0,0.0,0.0
537497,0.0,0.0,0.0,0.0,0.0,1.0,0.0
537997,0.0,0.0,0.0,0.0,0.0,0.0,0.0
538869,0.0,0.0,0.0,0.0,0.0,1.0,0.0
539369,0.0,0.0,0.0,0.0,0.0,0.0,0.0
541843,0.0,0.0,0.0,0.0,0.0,1.0,0.0
542343,0.0,0.0,0.0,0.0,0.0,0.0,0.0
542789,0.0,0.0,0.0,0.0,0.0,1.0,0.0
542792,0.0,0.0,0.0,0.0,0.0,2.0,0.0
543292,0.0,0.0,0.0,0.0,0.0,0.0,0.0
545021,0.0,0.0,0.0,0.0,1.0,0.0,0.0
545521,0.0,0.0,0.0,0.0,0.0,0.0,0.0
546223,0.0,0.0,0.0,0.0,0.0,1.0,0.0
546723,0.0,0.0,0.0,0.0,0.0,0.0,0.0
546834,0.0,0.0,0.0,0.0,0.0,1.0,0.0
547334,0.0,0.0,0.0,0.0,0.0,0.0,0.0
547568,0.0,0.0,0.0,0.0,0.0,1.0,0.0
548039,0.0,0.0,0.0,0.0,0.0,2.0,0.0
548539,0.0,0.0,0.0,0.0,0.0,0.0,0.0
548666,0.0,0.0,0.0,0.0,0.0,1.0,0.0
549166,0.0,0.0,0.0,0.0,0.0,0.0,0.0
549696,0.0,0.0,0.0,0.0,0.0,1.0,0.0
550196,0.0,0.0,0.0,0.0,0.0,0.0,0.0
557000,0.0,0.0,0.0,0.0,0.0,1.0,0.0
557500,0.0,0.0,0.0,0.0,0.0,0.0,0.0
561243,0.0,0.0,0.0,0.0,0.0,1.0,0.0
561244,0.0,0.0,0.0,0.0,1.0,1.0,0.0
561743,0.0,0.0,0.0,0.0,1.0,0.0,0.0
561744,0.0,0.0,0.0,0.0,0.0,0.0,0.0
563037,0.0,0.0,0.0,0.0,0.0,1.0,0.0
563537,0.0,0.0,0.0,0.0,0.0,0.0,0.0
563650,0.0,0.0,0.0,0.0,0.0,1.0,0.0
564150,0.0,0.0,0.0,0.0,0.0,0.0,0.0
566382,0.0,0.0,0.0,0.0,0.0,1.0,0.0
566882,0.0,0.0,0.0,0.0,0.0,0.0,0.0
568223,0.0,0.0,0.0,0.0,0.0,1.0,0.0
568723,0.0,0.0,0.0,0.0,0.0,0.0,0.0
569494,0.0,0.0,0.0,0.0,0.0,1.0,0.0
569994,0.0,0.0,0.0,0.0,0.0,0.0,0.0
570749,0.0,0.0,0.0,0.0,0.0,1.0,0.0
571249,0.0,0.0,0.0,0.0,0.0,0.0,0.0
571582,0.0,0.0,0.0,0.0,0.0,1.0,0.0
571584,0.0,0.0,0.0,0.0,0.0,2.0,0.0
572084,0.0,0.0,0.0,0.0,0.0,0.0,0.0
572291,0.0,0.0,0.0,0.0,0.0,1.0,0.0
572791,0.0,0.0,0.0,0.0,0.0,0.0,0.0
574453,0.0,0.0,0.0,0.0,0.0,1.0,0.0
574953,0.0,0.0,0.0,0.0,0.0,0.0,0.0
578440,0.0,0.0,0.0,0.0,0.0,1.0,0.0
578940,0.0,0.0,0.0,0.0,0.0,0.0,0.0
582799,0.0,0.0,0.0,0.0,0.0,1.0,0.0
582803,0.0,0.0,0.0,0.0,0.0,2.0,0.0
583303,0.0,0.0,0.0,0.0,0.0,0.0,0.0
583754,0.0,0.0,0.0,0.0,0.0,1.0,0.0
584254,0.0,0.0,0.0,0.0,0.0,0.0,0.0
584489,0.0,0.0,0.0,0.0,0.0,1.0,0.0
584989,0.0,0.0,0.0,0.0,0.0,0.0,0.0
586370,0.0,0.0,0.0,0.0,0.0,1.0,0.0
586372,0.0,0.0,0.0,0.0,0.0,2.0,0.0
586872,0.0,0.0,0.0,0.0,0.0,0.0,0.0
589437,0.0,0.0,0.0,0.0,0.0,1.0,0.0
589937,0.0,0.0,0.0,0.0,0.0,0.0,0.0
590261,0.0,0.0,0.0,0.0,0.0,1.0,0.0
590761,0.0,0.0,0.0,0.0,0.0,0.0,0.0
591218,0.0,0.0,0.0,0.0,0.0,1.0,0.0
591223,0.0,0.0,0.0,0.0,0.0,2.0,0.0
591723,0.0,0.0,0.0,0.0,0.0,0.0,0.0
594679,0.0,0.0,0.0,0.0,0.0,1.0,0.0
595179,0.0,0.0,0.0,0.0,0.0,0.0,0.0
597673,0.0,0.0,0.0,0.0,1.0,1.0,0.0
598173,0.0,0.0,0.0,0.0,0.0,0.0,0.0
599576,0.0,0.0,0.0,0.0,0.0,1.0,0.0
600076,0.0,0.0,0.0,0.0,0.0,0.0,0.0
602019,0.0,0.0,0.0,0.0,0.0,1.0,0.0
602519,0.0,0.0,0.0,0.0,0.0,0.0,0.0
603268,0.0,0.0,0.0,0.0,0.0,1.0,0.0
603768,0.0,0.0,0.0,0.0,0.0,0.0,0.0
604035,0.0,0.0,0.0,0.0,0.0,1.0,0.0
604535,0.0,0.0,0.0,0.0,0.0,0.0,0.0
605000,0.0,0.0,0.0,0.0,0.0,0.0,1.0
605500,0.0,0.0,0.0,0.0,0.0,0.0,0.0
605777,0.0,0.0,0.0,0.0,0.0,1.0,0.0
606277,0.0,0.0,0.0,0.0,0.0,0.0,0.0
606756,0.0,2.0,0.0,0.0,0.0,0.0,0.0
606925,0.0,2.0,0.0,0.0,0.0,1.0,0.0
607256,0.0,0.0,0.0,0.0,0.0,1.0,0.0
607425,0.0,0.0,0.0,0.0,0.0,0.0,0.0
608510,0.0,0.0,0.0,0.0,0.0,1.0,0.0
608634,0.0,0.0,0.0,0.0,0.0,2.0,0.0
608956,0.0,0.0,0.0,0.0,1.0,2.0,0.0
609134,0.0,0.0,0.0,0.0,1.0,0.0,0.0
609183,2.0,0.0,0.0,0.0,1.0,0.0,0.0
609231,2.0,0.0,0.0,0.0,2.0,0.0,0.0
609235,2.0,0.0,0.0,0.0,2.0,1.0,0.0
609683,0.0,0.0,0.0,0.0,2.0,1.0,0.0
609731,0.0,0.0,0.0,0.0,0.0,1.0,0.0
609735,0.0,0.0,0.0,0.0,0.0,0.0,0.0
609922,0.0,0.0,0.0,0.0,0.0,1.0,0.0
609938,0.0,0.0,0.0,0.0,1.0,2.0,0.0
610079,2.0,0.0,0.0,0.0,1.0,2.0,0.0
610258,2.0,2.0,0.0,0.0,1.0,2.0,0.0
610438,2.0,2.0,0.0,0.0,0.0,0.0,0.0
610579,0.0,2.0,0.0,0.0,0.0,0.0,0.0
610758,0.0,0.0,0.0,0.0,0.0,0.0,0.0
611242,0.0,0.0,0.0,0.0,1.0,0.0,0.0
611391,2.0,0.0,0.0,0.0,1.0,0.0,0.0
611677,2.0,0.0,0.0,0.0,1.0,1.0,0.0
611742,2.0,0.0,0.0,0.0,0.0,1.0,0.0
611891,0.0,0.0,0.0,0.0,0.0,1.0,0.0
611903,2.0,0.0,0.0,0.0,0.0,1.0,0.0
612114,2.0,0.0,0.0,0.0,0.0,2.0,0.0
612403,0.0,0.0,0.0,0.0,0.0,2.0,0.0
612614,0.0,0.0,0.0,0.0,0.0,0.0,0.0
613576,0.0,0.0,0.0,0.0,0.0,1.0,0.0
614076,0.0,0.0,0.0,0.0,0.0,0.0,0.0
615357,0.0,0.0,0.0,0.0,0.0,1.0,0.0
615520,0.0,0.0,0.0,0.0,0.0,2.0,0.0
616020,0.0,0.0,0.0,0.0,0.0,0.0,0.0
616785,0.0,0.0,0.0,0.0,0.0,1.0,0.0
616796,0.0,0.0,0.0,0.0,0.0,2.0,0.0
617296,0.0,0.0,0.0,0.0,0.0,0.0,0.0
617598,0.0,0.0,0.0,0.0,0.0,1.0,0.0
618098,0.0,0.0,0.0,0.0,0.0,0.0,0.0
619391,2.0,0.0,0.0,0.0,0.0,0.0,0.0
619891,0.0,0.0,0.0,0.0,0.0,0.0,0.0
620425,0.0,0.0,0.0,0.0,0.0,1.0,0.0
620925,0.0,0.0,0.0,0.0,0.0,0.0,0.0
621662,0.0,0.0,0.0,0.0,0.0,1.0,0.0
622162,0.0,0.0,0.0,0.0,0.0,0.0,0.0
622166,0.0,0.0,0.0,0.0,0.0,1.0,0.0
622387,0.0,0.0,0.0,0.0,0.0,2.0,0.0
622887,0.0,0.0,0.0,0.0,0.0,0.0,0.0
624463,0.0,0.0,0.0,0.0,0.0,1.0,0.0
624963,0.0,0.0,0.0,0.0,0.0,0.0,0.0
627428,0.0,0.0,0.0,0.0,0.0,1.0,0.0
627928,0.0,0.0,0.0,0.0,0.0,0.0,0.0
628280,0.0,0.0,0.0,0.0,0.0,1.0,0.0
628780,0.0,0.0,0.0,0.0,0.0,0.0,0.0
630735,0.0,0.0,0.0,0.0,0.0,1.0,0.0
631235,0.0,0.0,0.0,0.0,0.0,0.0,0.0
631461,0.0,0.0,0.0,0.0,0.0,1.0,0.0
631646,0.0,2.0,0.0,0.0,0.0,1.0,0.0
631961,0.0,2.0,0.0,0.0,0.0,0.0,0.0
632146,0.0,0.0,0.0,0.0,0.0,0.0,0.0
632566,0.0,0.0,0.0,0.0,0.0,1.0,0.0
633066,0.0,0.0,0.0,0.0,0.0,0.0,0.0
634054,0.0,0.0,0.0,0.0,0.0,1.0,0.0
634554,0.0,0.0,0.0,0.0,0.0,0.0,0.0
635859,0.0,0.0,0.0,0.0,0.0,1.0,0.0
636359,0.0,0.0,0.0,0.0,0.0,0.0,0.0
636587,0.0,0.0,0.0,0.0,0.0,1.0,0.0
636588,0.0,0.0,0.0,0.0,0.0,2.0,0.0
637088,0.0,0.0,0.0,0.0,0.0,0.0,0.0
637847,0.0,0.0,0.0,0.0,0.0,1.0,0.0
638347,0.0,0.0,0.0,0.0,0.0,0.0,0.0
638524,0.0,0.0,0.0,0.0,0.0,1.0,0.0
639024,0.0,0.0,0.0,0.0,0.0,0.0,0.0
639542,0.0,0.0,0.0,0.0,0.0,1.0,0.0
640026,0.0,0.0,0.0,0.0,0.0,2.0,0.0
640526,0.0,0.0,0.0,0.0,0.0,0.0,0.0
641876,0.0,0.0,0.0,0.0,0.0,1.0,0.0
642297,0.0,0.0,0.0,0.0,0.0,2.0,0.0
642797,0.0,0.0,0.0,0.0,0.0,0.0,0.0
643417,0.0,0.0,0.0,0.0,0.0,1.0,0.0
643917,0.0,0.0,0.0,0.0,0.0,0.0,0.0
646290,0.0,0.0,0.0,0.0,0.0,1.0,0.0
646790,0.0,0.0,0.0,0.0,0.0,0.0,0.0
647057,0.0,0.0,0.0,0.0,0.0,1.0,0.0
647557,0.0,0.0,0.0,0.0,0.0,0.0,0.0
648706,0.0,0.0,0.0,0.0,0.0,1.0,0.0
649206,0.0,0.0,0.0,0.0,0.0,0.0,0.0
652659,0.0,0.0,0.0,0.0,0.0,1.0,0.0
653159,0.0,0.0,0.0,0.0,0.0,0.0,0.0
655109,0.0,0.0,0.0,0.0,0.0,1.0,0.0
655609,0.0,0.0,0.0,0.0,0.0,0.0,0.0
656045,0.0,0.0,0.0,0.0,0.0,1.0,0.0
656545,0.0,0.0,0.0,0.0,0.0,0.0,0.0
656606,0.0,0.0,0.0,0.0,0.0,1.0,0.0
656608,0.0,0.0,0.0,0.0,0.0,2.0,0.0
657108,0.0,0.0,0.0,0.0,0.0,0.0,0.0
659963,0.0,0.0,0.0,0.0,0.0,1.0,0.0
659970,0.0,0.0,0.0,0.0,0.0,2.0,0.0
660470,0.0,0.0,0.0,0.0,0.0,0.0,0.0
662925,0.0,0.0,0.0,0.0,0.0,1.0,0.0
663425,0.0,0.0,0.0,0.0,0.0,0.0,0.0
663467,0.0,0.0,0.0,0.0,0.0,1.0,0.0
663967,0.0,0.0,0.0,0.0,0.0,0.0,0.0
664376,0.0,0.0,0.0,0.0,0.0,1.0,0.0
664876,0.0,0.0,0.0,0.0,0.0,0.0,0.0
665096,0.0,0.0,0.0,0.0,0.0,1.0,0.0
665475,0.0,2.0,0.0,0.0,0.0,1.0,0.0
665596,0.0,2.0,0.0,0.0,0.0,0.0,0.0
665743,0.0,2.0,0.0,0.0,0.0,1.0,0.0
665975,0.0,0.0,0.0,0.0,0.0,1.0,0.0
666243,0.0,0.0,0.0,0.0,0.0,0.0,0.0
668464,0.0,0.0,0.0,0.0,0.0,1.0,0.0
668964,0.0,0.0,0.0,0.0,0.0,0.0,0.0
669720,0.0,0.0,0.0,0.0,0.0,1.0,0.0
670220,0.0,0.0,0.0,0.0,0.0,0.0,0.0
671398,0.0,0.0,0.0,0.0,0.0,1.0,0.0
671898,0.0,0.0,0.0,0.0,0.0,0.0,0.0
672155,0.0,0.0,0.0,0.0,0.0,1.0,0.0
672655,0.0,0.0,0.0,0.0,0.0,0.0,0.0
674232,0.0,0.0,0.0,0.0,0.0,1.0,0.0
674732,0.0,0.0,0.0,0.0,0.0,0.0,0.0
676716,0.0,0.0,0.0,0.0,0.0,1.0,0.0
677216,0.0,0.0,0.0,0.0,0.0,0.0,0.0
677929,0.0,0.0,0.0,0.0,0.0,1.0,0.0
678429,0.0,0.0,0.0,0.0,0.0,0.0,0.0
680171,0.0,0.0,0.0,0.0,0.0,1.0,0.0
680671,0.0,0.0,0.0,0.0,0.0,0.0,0.0
680924,0.0,0.0,0.0,0.0,0.0,1.0,0.0
681424,0.0,0.0,0.0,0.0,0.0,0.0,0.0
686648,0.0,0.0,0.0,0.0,0.0,1.0,0.0
687148,0.0,0.0,0.0,0.0,0.0,0.0,0.0
688413,0.0,0.0,0.0,0.0,0.0,1.0,0.0
688913,0.0,0.0,0.0,0.0,0.0,0.0,0.0
689642,0.0,0.0,0.0,0.0,0.0,1.0,0.0
690142,0.0,0.0,0.0,0.0,0.0,0.0,0.0
690256,0.0,2.0,0.0,0.0,0.0,0.0,0.0
690756,0.0,0.0,0.0,0.0,0.0,0.0,0.0
691401,0.0,0.0,0.0,0.0,0.0,1.0,0.0
691901,0.0,0.0,0.0,0.0,0.0,0.0,0.0
692679,0.0,0.0,0.0,0.0,0.0,1.0,0.0
692908,0.0,0.0,0.0,0.0,0.0,2.0,0.0
693408,0.0,0.0,0.0,0.0,0.0,0.0,0.0
697041,0.0,0.0,0.0,0.0,0.0,1.0,0.0
697541,0.0,0.0,0.0,0.0,0.0,0.0,0.0
698382,0.0,0.0,0.0,0.0,0.0,1.0,0.0
698882,0.0,0.0,0.0,0.0,0.0,0.0,0.0
698932,0.0,0.0,0.0,0.0,1.0,0.0,0.0
698935,0.0,0.0,0.0,0.0,1.0,1.0,0.0
699432,0.0,0.0,0.0,0.0,0.0,1.0,0.0
699435,0.0,0.0,0.0,0.0,0.0,0.0,0.0
699706,0.0,0.0,0.0,0.0,0.0,1.0,0.0
700206,0.0,0.0,0.0,0.0,0.0,0.0,0.0
700916,0.0,0.0,0.0,0.0,0.0,1.0,0.0
700932,0.0,0.0,0.0,0.0,0.0,2.0,0.0
701432,0.0,0.0,0.0,0.0,0.0,0.0,0.0
702467,0.0,0.0,0.0,0.0,0.0,1.0,0.0
702967,0.0,0.0,0.0,0.0,0.0,0.0,0.0
703541,0.0,0.0,0.0,0.0,0.0,1.0,0.0
704041,0.0,0.0,0.0,0.0,0.0,0.0,0.0
704464,0.0,0.0,0.0,0.0,0.0,1.0,0.0
704964,0.0,0.0,0.0,0.0,0.0,0.0,0.0
705121,0.0,0.0,0.0,0.0,0.0,1.0,0.0
705621,0.0,0.0,0.0,0.0,0.0,0.0,0.0
705868,0.0,0.0,0.0,0.0,0.0,1.0,0.0
706368,0.0,0.0,0.0,0.0,0.0,0.0,0.0
706528,0.0,0.0,0.0,0.0,0.0,1.0,0.0
706530,0.0,0.0,0.0,0.0,0.0,2.0,0.0
707030,0.0,0.0,0.0,0.0,0.0,0.0,0.0
708307,0.0,0.0,0.0,0.0,0.0,1.0,0.0
708807,0.0,0.0,0.0,0.0,0.0,0.0,0.0
710496,0.0,0.0,0.0,0.0,0.0,1.0,0.0
710996,0.0,0.0,0.0,0.0,0.0,0.0,0.0
713203,0.0,0.0,0.0,0.0,0.0,1.0,0.0
713703,0.0,0.0,0.0,0.0,0.0,0.0,0.0
715302,0.0,0.0,0.0,0.0,0.0,1.0,0.0
715802,0.0,0.0,0.0,0.0,0.0,0.0,0.0
716334,0.0,0.0,0.0,0.0,0.0,1.0,0.0
716834,0.0,0.0,0.0,0.0,0.0,0.0,0.0
718726,0.0,0.0,0.0,0.0,0.0,1.0,0.0
719226,0.0,0.0,0.0,0.0,0.0,0.0,0.0
720798,0.0,0.0,0.0,0.0,0.0,1.0,0.0
721298,0.0,0.0,0.0,0.0,0.0,0.0,0.0
721814,0.0,0.0,0.0,0.0,0.0,1.0,0.0
722314,0.0,0.0,0.0,0.0,0.0,0.0,0.0
722820,0.0,0.0,0.0,0.0,0.0,1.0,0.0
723320,0.0,0.0,0.0,0.0,0.0,0.0,0.0
724452,0.0,0.0,0.0,0.0,0.0,1.0,0.0
724952,0.0,0.0,0.0,0.0,0.0,0.0,0.0
727967,0.0,0.0,0.0,0.0,0.0,1.0,0.0
728467,0.0,0.0,0.0,0.0,0.0,0.0,0.0
729653,0.0,0.0,0.0,0.0,0.0,1.0,0.0
730153,0.0,0.0,0.0,0.0,0.0,0.0,0.0
730967,0.0,0.0,0.0,0.0,0.0,1.0,0.0
731467,0.0,0.0,0.0,0.0,0.0,0.0,0.0
734088,0.0,0.0,0.0,0.0,0.0,1.0,0.0
734521,0.0,0.0,0.0,0.0,1.0,1.0,0.0
734588,0.0,0.0,0.0,0.0,1.0,0.0,0.0
735021,0.0,0.0,0.0,0.0,0.0,0.0,0.0
737568,0.0,0.0,0.0,0.0,0.0,1.0,0.0
738068,0.0,0.0,0.0,0.0,0.0,0.0,0.0
738482,0.0,0.0,0.0,0.0,0.0,1.0,0.0
738483,0.0,0.0,0.0,0.0,0.0,2.0,0.0
738983,0.0,0.0,0.0,0.0,0.0,0.0,0.0
742400,0.0,0.0,0.0,0.0,0.0,1.0,0.0
742900,0.0,0.0,0.0,0.0,0.0,0.0,0.0
743641,0.0,0.0,0.0,0.0,0.0,1.0,0.0
744141,0.0,0.0,0.0,0.0,0.0,0.0,0.0
744384,0.0,0.0,0.0,0.0,0.0,1.0,0.0
744884,0.0,0.0,0.0,0.0,0.0,0.0,0.0
745525,0.0,0.0,0.0,0.0,0.0,1.0,0.0
746025,0.0,0.0,0.0,0.0,0.0,0.0,0.0
746478,0.0,0.0,0.0,0.0,0.0,1.0,0.0
746978,0.0,0.0,0.0,0.0,0.0,0.0,0.0
747426,0.0,0.0,0.0,0.0,0.0,1.0,0.0
747926,0.0,0.0,0.0,0.0,0.0,0.0,0.0
747927,0.0,0.0,0.0,0.0,0.0,1.0,0.0
748427,0.0,0.0,0.0,0.0,0.0,0.0,0.0
749149,0.0,0.0,0.0,0.0,0.0,1.0,0.0
749649,0.0,0.0,0.0,0.0,0.0,0.0,0.0
749924,0.0,0.0,0.0,0.0,0.0,1.0,0.0
750424,0.0,0.0,0.0,0.0,0.0,0.0,0.0
751227,0.0,0.0,0.0,0.0,0.0,1.0,0.0
751230,0.0,0.0,0.0,0.0,0.0,2.0,0.0
751730,0.0,0.0,0.0,0.0,0.0,0.0,0.0
759435,0.0,0.0,0.0,0.0,0.0,1.0,0.0
759438,0.0,0.0,0.0,0.0,0.0,2.0,0.0
759938,0.0,0.0,0.0,0.0,0.0,0.0,0.0
765751,0.0,0.0,0.0,0.0,0.0,1.0,0.0
766251,0.0,0.0,0.0,0.0,0.0,0.0,0.0
766346,0.0,0.0,0.0,0.0,0.0,1.0,0.0
766846,0.0,0.0,0.0,0.0,0.0,0.0,0.0
767121,0.0,0.0,0.0,0.0,0.0,1.0,0.0
767621,0.0,0.0,0.0,0.0,0.0,0.0,0.0
776735,0.0,0.0,0.0,0.0,0.0,1.0,0.0
777235,0.0,0.0,0.0,0.0,0.0,0.0,0.0
778100,0.0,0.0,0.0,0.0,0.0,1.0,0.0
778600,0.0,0.0,0.0,0.0,0.0,0.0,0.0
778684,0.0,0.0,0.0,0.0,0.0,1.0,0.0
779184,0.0,0.0,0.0,0.0,0.0,0.0,0.0
779206,0.0,0.0,0.0,0.0,0.0,1.0,0.0
779706,0.0,0.0,0.0,0.0,0.0,0.0,0.0
780306,0.0,0.0,0.0,0.0,0.0,1.0,0.0
780806,0.0,0.0,0.0,0.0,0.0,0.0,0.0
781376,0.0,0.0,0.0,0.0,0.0,1.0,0.0
781590,0.0,0.0,0.0,0.0,0.0,2.0,0.0
782090,0.0,0.0,0.0,0.0,0.0,0.0,0.0
784639,0.0,0.0,0.0,0.0,0.0,1.0,0.0
785139,0.0,0.0,0.0,0.0,0.0,0.0,0.0
785221,0.0,0.0,0.0,0.0,0.0,1.0,0.0
785462,0.0,0.0,0.0,0.0,0.0,2.0,0.0
785962,0.0,0.0,0.0,0.0,0.0,0.0,0.0
787987,0.0,0.0,0.0,0.0,0.0,1.0,0.0
788487,0.0,0.0,0.0,0.0,0.0,0.0,0.0
789479,0.0,0.0,0.0,0.0,0.0,1.0,0.0
789979,0.0,0.0,0.0,0.0,0.0,0.0,0.0
792366,0.0,0.0,0.0,0.0,0.0,1.0,0.0
792866,0.0,0.0,0.0,0.0,0.0,0.0,0.0
795344,0.0,0.0,0.0,0.0,0.0,1.0,0.0
795844,0.0,0.0,0.0,0.0,0.0,0.0,0.0
796759,0.0,0.0,0.0,0.0,0.0,1.0,0.0
797259,0.0,0.0,0.0,0.0,0.0,0.0,0.0
798174,0.0,0.0,0.0,0.0,0.0,1.0,0.0
798674,0.0,0.0,0.0,0.0,0.0,0.0,0.0
804326,0.0,0.0,0.0,0.0,0.0,1.0,0.0
804631,0.0,0.0,0.0,0.0,0.0,2.0,0.0
805131,0.0,0.0,0.0,0.0,0.0,0.0,0.0
805830,0.0,0.0,0.0,0.0,0.0,1.0,0.0
806330,0.0,0.0,0.0,0.0,0.0,0.0,0.0
806828,0.0,0.0,0.0,0.0,0.0,1.0,0.0
807000,0.0,0.0,0.0,0.0,0.0,1.0,1.0
807328,0.0,0.0,0.0,0.0,0.0,0.0,1.0
807500,0.0,0.0,0.0,0.0,0.0,0.0,0.0
808991,0.0,0.0,0.0,0.0,0.0,1.0,0.0
809132,0.0,2.0,0.0,0.0,0.0,1.0,0.0
809491,0.0,2.0,0.0,0.0,0.0,0.0,0.0
809632,0.0,0.0,0.0,0.0,0.0,0.0,0.0
809757,0.0,0.0,0.0,0.0,0.0,1.0,0.0
809893,0.0,0.0,0.0,0.0,1.0,1.0,0.0
809951,2.0,0.0,0.0,0.0,1.0,1.0,0.0
810129,2.0,0.0,0.0,0.0,2.0,1.0,0.0
810257,2.0,0.0,0.0,0.0,2.0,0.0,0.0
810451,0.0,0.0,0.0,0.0,2.0,0.0,0.0
810468,0.0,0.0,0.0,0.0,2.0,1.0,0.0
810629,0.0,0.0,0.0,0.0,0.0,1.0,0.0
810968,0.0,0.0,0.0,0.0,0.0,0.0,0.0
811157,0.0,0.0,0.0,0.0,0.0,1.0,0.0
811657,0.0,0.0,0.0,0.0,0.0,0.0,0.0
811704,0.0,0.0,0.0,0.0,0.0,1.0,0.0
812204,0.0,0.0,0.0,0.0,0.0,0.0,0.0
812299,0.0,0.0,0.0,0.0,0.0,1.0,0.0
812799,0.0,0.0,0.0,0.0,0.0,0.0,0.0
812922,0.0,0.0,0.0,0.0,0.0,1.0,0.0
813310,0.0,0.0,0.0,0.0,0.0,2.0,0.0
813810,0.0,0.0,0.0,0.0,0.0,0.0,0.0
814175,2.0,0.0,0.0,0.0,0.0,0.0,0.0
814675,0.0,0.0,0.0,0.0,0.0,0.0,0.0
816114,0.0,0.0,0.0,0.0,0.0,1.0,0.0
816614,0.0,0.0,0.0,0.0,0.0,0.0,0.0
816846,0.0,0.0,0.0,0.0,0.0,1.0,0.0
816850,0.0,0.0,0.0,0.0,0.0,2.0,0.0
817350,0.0,0.0,0.0,0.0,0.0,0.0,0.0
817435,0.0,0.0,0.0,0.0,0.0,1.0,0.0
817935,0.0,0.0,0.0,0.0,0.0,0.0,0.0
819302,0.0,0.0,0.0,0.0,0.0,1.0,0.0
819802,0.0,0.0,0.0,0.0,0.0,0.0,0.0
820990,0.0,0.0,0.0,0.0,0.0,1.0,0.0
821490,0.0,0.0,0.0,0.0,0.0,0.0,0.0
822157,0.0,0.0,0.0,0.0,0.0,1.0,0.0
822207,2.0,0.0,0.0,0.0,0.0,1.0,0.0
822657,2.0,0.0,0.0,0.0,0.0,0.0,0.0
822707,0.0,0.0,0.0,0.0,0.0,0.0,0.0
823293,0.0,0.0,0.0,0.0,0.0,1.0,0.0
823436,0.0,0.0,0.0,0.0,0.0,2.0,0.0
823936,0.0,0.0,0.0,0.0,0.0,0.0,0.0
824909,0.0,0.0,0.0,0.0,0.0,1.0,0.0
824911,0.0,0.0,0.0,0.0,0.0,2.0,0.0
824971,0.0,2.0,0.0,0.0,0.0,2.0,0.0
825411,0.0,2.0,0.0,0.0,0.0,0.0,0.0
825471,0.0,0.0,0.0,0.0,0.0,0.0,0.0
825777,0.0,0.0,0.0,0.0,0.0,1.0,0.0
825780,0.0,0.0,0.0,0.0,0.0,2.0,0.0
826280,0.0,0.0,0.0,0.0,0.0,0.0,0.0
828127,0.0,0.0,0.0,0.0,0.0,1.0,0.0
828627,0.0,0.0,0.0,0.0,0.0,0.0,0.0
829348,0.0,0.0,0.0,0.0,0.0,1.0,0.0
829848,0.0,0.0,0.0,0.0,0.0,0.0,0.0
830003,0.0,0.0,0.0,0.0,0.0,1.0,0.0
830503,0.0,0.0,0.0,0.0,0.0,0.0,0.0
830679,0.0,0.0,0.0,0.0,0.0,1.0,0.0
830681,0.0,0.0,0.0,0.0,0.0,2.0,0.0
830682,0.0,0.0,0.0,0.0,1.0,2.0,0.0
831181,0.0,0.0,0.0,0.0,1.0,0.0,0.0
831182,0.0,0.0,0.0,0.0,0.0,0.0,0.0
832304,0.0,0.0,0.0,0.0,0.0,1.0,0.0
832804,0.0,0.0,0.0,0.0,0.0,0.0,0.0
832953,0.0,0.0,0.0,0.0,0.0,1.0,0.0
833453,0.0,0.0,0.0,0.0,0.0,0.0,0.0
835096,0.0,0.0,0.0,0.0,0.0,1.0,0.0
835596,0.0,0.0,0.0,0.0,0.0,0.0,0.0
835699,0.0,0.0,0.0,0.0,0.0,1.0,0.0
836199,0.0,0.0,0.0,0.0,0.0,0.0,0.0
836358,0.0,0.0,0.0,0.0,0.0,1.0,0.0
836525,0.0,0.0,0.0,0.0,0.0,2.0,0.0
837025,0.0,0.0,0.0,0.0,0.0,0.0,0.0
837168,0.0,0.0,0.0,0.0,0.0,1.0,0.0
837668,0.0,0.0,0.0,0.0,0.0,0.0,0.0
840107,0.0,0.0,0.0,0.0,0.0,1.0,0.0
840607,0.0,0.0,0.0,0.0,0.0,0.0,0.0
841609,0.0,0.0,0.0,0.0,0.0,1.0,0.0
842109,0.0,0.0,0.0,0.0,0.0,0.0,0.0
842570,0.0,0.0,0.0,0.0,0.0,1.0,0.0
843070,0.0,0.0,0.0,0.0,0.0,0.0,0.0
844290,0.0,0.0,0.0,0.0,0.0,1.0,0.0
844790,0.0,0.0,0.0,0.0,0.0,0.0,0.0
846530,0.0,0.0,0.0,0.0,0.0,1.0,0.0
847030,0.0,0.0,0.0,0.0,0.0,0.0,0.0
849807,0.0,0.0,0.0,0.0,0.0,1.0,0.0
849826,0.0,0.0,0.0,0.0,1.0,2.0,0.0
850326,0.0,0.0,0.0,0.0,0.0,0.0,0.0
850637,0.0,0.0,0.0,0.0,0.0,1.0,0.0
851137,0.0,0.0,0.0,0.0,0.0,0.0,0.0
851530,0.0,0.0,0.0,0.0,0.0,1.0,0.0
852030,0.0,0.0,0.0,0.0,0.0,0.0,0.0
852226,0.0,0.0,0.0,0.0,0.0,1.0,0.0
852726,0.0,0.0,0.0,0.0,0.0,0.0,0.0
852975,0.0,0.0,0.0,0.0,0.0,1.0,0.0
853475,0.0,0.0,0.0,0.0,0.0,0.0,0.0
854254,0.0,0.0,0.0,0.0,0.0,1.0,0.0
854740,0.0,0.0,0.0,0.0,0.0,2.0,0.0
855240,0.0,0.0,0.0,0.0,0.0,0.0,0.0
855974,0.0,0.0,0.0,0.0,0.0,1.0,0.0
856474,0.0,0.0,0.0,0.0,0.0,0.0,0.0
858856,0.0,0.0,0.0,0.0,0.0,1.0,0.0
858912,0.0,0.0,0.0,0.0,0.0,2.0,0.0
859412,0.0,0.0,0.0,0.0,0.0,0.0,0.0
860971,0.0,0.0,0.0,0.0,0.0,1.0,0.0
861471,0.0,0.0,0.0,0.0,0.0,0.0,0.0
862242,0.0,0.0,0.0,0.0,0.0,1.0,0.0
862742,0.0,0.0,0.0,0.0,0.0,0.0,0.0
864093,0.0,0.0,0.0,0.0,0.0,1.0,0.0
864593,0.0,0.0,0.0,0.0,0.0,0.0,0.0
864683,0.0,0.0,0.0,0.0,0.0,1.0,0.0
865183,0.0,0.0,0.0,0.0,0.0,0.0,0.0
865959,0.0,0.0,0.0,0.0,0.0,1.0,0.0
865961,0.0,0.0,0.0,0.0,0.0,2.0,0.0
866461,0.0,0.0,0.0,0.0,0.0,0.0,0.0
866672,0.0,0.0,0.0,0.0,0.0,1.0,0.0
867172,0.0,0.0,0.0,0.0,0.0,0.0,0.0
867230,0.0,0.0,0.0,0.0,0.0,1.0,0.0
867730,0.0,0.0,0.0,0.0,0.0,0.0,0.0
868280,0.0,0.0,0.0,0.0,0.0,1.0,0.0
868780,0.0,0.0,0.0,0.0,0.0,0.0,0.0
870262,0.0,0.0,0.0,0.0,0.0,1.0,0.0
870762,0.0,0.0,0.0,0.0,0.0,0.0,0.0
872700,0.0,0.0,0.0,0.0,0.0,1.0,0.0
873200,0.0,0.0,0.0,0.0,0.0,0.0,0.0
874435,0.0,0.0,0.0,0.0,0.0,1.0,0.0
874935,0.0,0.0,0.0,0.0,0.0,0.0,0.0
876368,0.0,0.0,0.0,0.0,0.0,1.0,0.0
876868,0.0,0.0,0.0,0.0,0.0,0.0,0.0
876934,0.0,0.0,0.0,0.0,0.0,1.0,0.0
877434,0.0,0.0,0.0,0.0,0.0,0.0,0.0
877711,0.0,0.0,0.0,0.0,1.0,0.0,0.0
877719,0.0,0.0,0.0,0.0,2.0,1.0,0.0
878219,0.0,0.0,0.0,0.0,0.0,0.0,0.0
879310,0.0,0.0,0.0,0.0,0.0,1.0,0.0
879810,0.0,0.0,0.0,0.0,0.0,0.0,0.0
879853,0.0,0.0,0.0,0.0,0.0,1.0,0.0
880353,0.0,0.0,0.0,0.0,0.0,0.0,0.0
880953,0.0,0.0,0.0,0.0,1.0,0.0,0.0
881129,0.0,0.0,0.0,0.0,1.0,1.0,0.0
881453,0.0,0.0,0.0,0.0,0.0,1.0,0.0
881629,0.0,0.0,0.0,0.0,0.0,0.0,0.0
881677,0.0,0.0,0.0,0.0,0.0,1.0,0.0
882101,0.0,0.0,0.0,0.0,0.0,2.0,0.0
882601,0.0,0.0,0.0,0.0,0.0,0.0,0.0
884491,0.0,0.0,0.0,0.0,0.0,1.0,0.0
884497,0.0,0.0,0.0,0.0,0.0,2.0,0.0
884997,0.0,0.0,0.0,0.0,0.0,0.0,0.0
885799,0.0,0.0,0.0,0.0,0.0,1.0,0.0
886299,0.0,0.0,0.0,0.0,0.0,0.0,0.0
886945,0.0,0.0,0.0,0.0,0.0,1.0,0.0
887445,0.0,0.0,0.0,0.0,0.0,0.0,0.0
888343,0.0,0.0,0.0,0.0,0.0,1.0,0.0
888535,0.0,0.0,0.0,0.0,0.0,2.0,0.0
889035,0.0,0.0,0.0,0.0,0.0,0.0,0.0
889605,0.0,0.0,0.0,0.0,1.0,0.0,0.0
890105,0.0,0.0,0.0,0.0,0.0,0.0,0.0
890344,0.0,0.0,0.0,0.0,0.0,1.0,0.0
890412,0.0,0.0,0.0,0.0,0.0,2.0,0.0
890912,0.0,0.0,0.0,0.0,0.0,0.0,0.0
891898,0.0,0.0,0.0,0.0,0.0,1.0,0.0
892398,0.0,0.0,0.0,0.0,0.0,0.0,0.0
897540,0.0,0.0,0.0,0.0,0.0,1.0,0.0
898040,0.0,0.0,0.0,0.0,0.0,0.0,0.0
898290,0.0,0.0,0.0,0.0,0.0,1.0,0.0
898472,0.0,2.0,0.0,0.0,0.0,1.0,0.0
898790,0.0,2.0,0.0,0.0,0.0,0.0,0.0
898972,0.0,0.0,0.0,0.0,0.0,0.0,0.0
899178,0.0,0.0,0.0,0.0,0.0,1.0,0.0
899678,0.0,0.0,0.0,0.0,0.0,0.0,0.0
899770,0.0,0.0,0.0,0.0,0.0,1.0,0.0
899771,0.0,0.0,0.0,0.0,0.0,2.0,0.0
900271,0.0,0.0,0.0,0.0,0.0,0.0,0.0
900838,0.0,0.0,0.0,0.0,0.0,1.0,0.0
900844,0.0,0.0,0.0,0.0,0.0,2.0,0.0
901344,0.0,0.0,0.0,0.0,0.0,0.0,0.0
901833,0.0,0.0,0.0,0.0,0.0,1.0,0.0
902333,0.0,0.0,0.0,0.0,0.0,0.0,0.0
904113,0.0,0.0,0.0,0.0,0.0,1.0,0.0
904613,0.0,0.0,0.0,0.0,0.0,0.0,0.0
907333,0.0,0.0,0.0,0.0,0.0,1.0,0.0
907513,0.0,0.0,0.0,0.0,0.0,2.0,0.0
908013,0.0,0.0,0.0,0.0,0.0,0.0,0.0
908428,0.0,0.0,0.0,0.0,0.0,1.0,0.0
908432,0.0,0.0,0.0,0.0,0.0,2.0,0.0
908932,0.0,0.0,0.0,0.0,0.0,0.0,0.0
912848,0.0,0.0,0.0,0.0,0.0,1.0,0.0
913348,0.0,0.0,0.0,0.0,0.0,0.0,0.0
913651,0.0,0.0,0.0,0.0,0.0,1.0,0.0
914151,0.0,0.0,0.0,0.0,0.0,0.0,0.0
914573,0.0,0.0,0.0,0.0,0.0,1.0,0.0
914831,0.0,0.0,0.0,0.0,0.0,2.0,0.0
915331,0.0,0.0,0.0,0.0,0.0,0.0,0.0
916305,0.0,0.0,0.0,0.0,0.0,1.0,0.0
916805,0.0,0.0,0.0,0.0,0.0,0.0,0.0
917234,0.0,0.0,0.0,0.0,0.0,1.0,0.0
917734,0.0,0.0,0.0,0.0,0.0,0.0,0.0
919485,0.0,0.0,0.0,0.0,0.0,1.0,0.0
919985,0.0,0.0,0.0,0.0,0.0,0.0,0.0
920720,0.0,0.0,0.0,0.0,0.0,1.0,0.0
921220,0.0,0.0,0.0,0.0,0.0,0.0,0.0
922851,0.0,0.0,0.0,0.0,0.0,1.0,0.0
923351,0.0,0.0,0.0,0.0,0.0,0.0,0.0
928495,0.0,0.0,0.0,0.0,0.0,1.0,0.0
928995,0.0,0.0,0.0,0.0,0.0,0.0,0.0
929173,0.0,0.0,0.0,0.0,0.0,1.0,0.0
929673,0.0,0.0,0.0,0.0,0.0,0.0,0.0
930322,0.0,0.0,0.0,0.0,0.0,1.0,0.0
930822,0.0,0.0,0.0,0.0,0.0,0.0,0.0
931770,0.0,0.0,0.0,0.0,0.0,1.0,0.0
931772,0.0,0.0,0.0,0.0,0.0,2.0,0.0
932272,0.0,0.0,0.0,0.0,0.0,0.0,0.0
933766,0.0,0.0,0.0,0.0,0.0,1.0,0.0
934266,0.0,0.0,0.0,0.0,0.0,0.0,0.0
936529,0.0,0.0,0.0,0.0,0.0,1.0,0.0
937029,0.0,0.0,0.0,0.0,0.0,0.0,0.0
939318,0.0,0.0,0.0,0.0,0.0,1.0,0.0
939818,0.0,0.0,0.0,0.0,0.0,0.0,0.0
940623,0.0,0.0,0.0,0.0,0.0,1.0,0.0
941123,0.0,0.0,0.0,0.0,0.0,0.0,0.0
943195,0.0,0.0,0.0,0.0,0.0,1.0,0.0
943695,0.0,0.0,0.0,0.0,0.0,0.0,0.0
945632,0.0,0.0,0.0,0.0,0.0,1.0,0.0
946132,0.0,0.0,0.0,0.0,0.0,0.0,0.0
946268,0.0,0.0,0.0,0.0,0.0,1.0,0.0
946768,0.0,0.0,0.0,0.0,0.0,0.0,0.0
947634,0.0,0.0,0.0,0.0,0.0,1.0,0.0
947636,0.0,0.0,0.0,0.0,1.0,1.0,0.0
948134,0.0,0.0,0.0,0.0,1.0,0.0,0.0
948136,0.0,0.0,0.0,0.0,0.0,0.0,0.0
949347,0.0,0.0,0.0,0.0,0.0,1.0,0.0
949847,0.0,0.0,0.0,0.0,0.0,0.0,0.0
950653,0.0,0.0,0.0,0.0,1.0,0.0,0.0
950677,0.0,0.0,0.0,0.0,1.0,1.0,0.0
950692,0.0,0.0,0.0,0.0,1.0,2.0,0.0
951153,0.0,0.0,0.0,0.0,0.0,2.0,0.0
951192,0.0,0.0,0.0,0.0,0.0,0.0,0.0
953164,0.0,0.0,0.0,0.0,0.0,1.0,0.0
953166,0.0,0.0,0.0,0.0,0.0,2.0,0.0
953666,0.0,0.0,0.0,0.0,0.0,0.0,0.0
955472,0.0,0.0,0.0,0.0,0.0,1.0,0.0
955972,0.0,0.0,0.0,0.0,0.0,0.0,0.0
958003,0.0,0.0,0.0,0.0,0.0,1.0,0.0
958503,0.0,0.0,0.0,0.0,0.0,0.0,0.0
958593,0.0,0.0,0.0,0.0,0.0,1.0,0.0
958594,0.0,0.0,0.0,0.0,0.0,2.0,0.0
959094,0.0,0.0,0.0,0.0,0.0,0.0,0.0
964562,0.0,0.0,0.0,0.0,0.0,1.0,0.0
965062,0.0,0.0,0.0,0.0,0.0,0.0,0.0
965691,0.0,0.0,0.0,0.0,0.0,1.0,0.0
965707,0.0,0.0,0.0,0.0,0.0,2.0,0.0
965730,0.0,0.0,0.0,0.0,1.0,2.0,0.0
966207,0.0,0.0,0.0,0.0,1.0,0.0,0.0
966230,0.0,0.0,0.0,0.0,0.0,0.0,0.0
969269,0.0,0.0,0.0,0.0,0.0,1.0,0.0
969279,0.0,0.0,0.0,0.0,0.0,2.0,0.0
969779,0.0,0.0,0.0,0.0,0.0,0.0,0.0
972760,0.0,0.0,0.0,0.0,0.0,1.0,0.0
973260,0.0,0.0,0.0,0.0,0.0,0.0,0.0
973712,0.0,0.0,0.0,0.0,0.0,1.0,0.0
974212,0.0,0.0,0.0,0.0,0.0,0.0,0.0
976211,0.0,0.0,0.0,0.0,0.0,1.0,0.0
976212,0.0,0.0,0.0,0.0,0.0,2.0,0.0
976712,0.0,0.0,0.0,0.0,0.0,0.0,0.0
977229,0.0,0.0,0.0,0.0,0.0,1.0,0.0
977729,0.0,0.0,0.0,0.0,0.0,0.0,0.0
977989,0.0,0.0,0.0,0.0,0.0,1.0,0.0
978489,0.0,0.0,0.0,0.0,0.0,0.0,0.0
978636,0.0,0.0,0.0,0.0,0.0,1.0,0.0
979136,0.0,0.0,0.0,0.0,0.0,0.0,0.0
980429,0.0,0.0,0.0,0.0,0.0,1.0,0.0
980929,0.0,0.0,0.0,0.0,0.0,0.0,0.0
982984,0.0,0.0,0.0,0.0,0.0,1.0,0.0
983484,0.0,0.0,0.0,0.0,0.0,0.0,0.0
983527,0.0,0.0,0.0,0.0,0.0,1.0,0.0
984027,0.0,0.0,0.0,0.0,0.0,0.0,0.0
984030,0.0,0.0,0.0,0.0,0.0,1.0,0.0
984045,0.0,0.0,0.0,0.0,0.0,2.0,0.0
984545,0.0,0.0,0.0,0.0,0.0,0.0,0.0
986580,0.0,0.0,0.0,0.0,0.0,1.0,0.0
987080,0.0,0.0,0.0,0.0,0.0,0.0,0.0
990181,0.0,0.0,0.0,0.0,0.0,1.0,0.0
990681,0.0,0.0,0.0,0.0,0.0,0.0,0.0
990777,0.0,0.0,0.0,0.0,0.0,1.0,0.0
990881,0.0,2.0,0.0,0.0,0.0,1.0,0.0
991277,0.0,2.0,0.0,0.0,0.0,0.0,0.0
991381,0.0,0.0,0.0,0.0,0.0,0.0,0.0
994850,0.0,0.0,0.0,0.0,0.0,1.0,0.0
995350,0.0,0.0,0.0,0.0,0.0,0.0,0.0
996884,0.0,0.0,0.0,0.0,0.0,1.0,0.0
996896,0.0,0.0,0.0,0.0,0.0,2.0,0.0
997396,0.0,0.0,0.0,0.0,0.0,0.0,0.0
999252,0.0,0.0,0.0,0.0,0.0,1.0,0.0
999752,0.0,0.0,0.0,0.0,0.0,0.0,0.0
1004098,0.0,0.0,0.0,0.0,0.0,1.0,0.0
1004598,0.0,0.0,0.0,0.0,0.0,0.0,0.0
1004642,0.0,0.0,0.0,0.0,0.0,1.0,0.0
1005142,0.0,0.0,0.0,0.0,0.0,0.0,0.0
1007509,0.0,0.0,0.0,0.0,0.0,1.0,0.0
1008009,0.0,0.0,0.0,0.0,0.0,0.0,0.0
1008625,0.0,0.0,0.0,0.0,0.0,1.0,0.0
1008631,0.0,0.0,0.0,0.0,0.0,2.0,0.0
1009000,0.0,0.0,0.0,0.0,0.0,2.0,1.0
1009131,0.0,0.0,0.0,0.0,0.0,0.0,1.0
1009500,0.0,0.0,0.0,0.0,0.0,0.0,0.0
1010338,0.0,0.0,0.0,0.0,0.0,1.0,0.0
1010591,0.0,2.0,0.0,0.0,0.0,1.0,0.0
1010838,0.0,2.0,0.0,0.0,0.0,0.0,0.0
1010887,0.0,2.0,0.0,0.0,0.0,1.0,0.0
1011091,0.0,0.0,0.0,0.0,0.0,1.0,0.0
1011387,0.0,0.0,0.0,0.0,0.0,0.0,0.0
1011455,2.0,0.0,0.0,0.0,0.0,0.0,0.0
1011955,0.0,0.0,0.0,0.0,0.0,0.0,0.0
1012129,0.0,0.0,0.0,0.0,0.0,1.0,0.0
1012255,2.0,0.0,0.0,0.0,0.0,1.0,0.0
1012629,2.0,0.0,0.0,0.0,0.0,0.0,0.0
1012755,0.0,0.0,0.0,0.0,0.0,0.0,0.0
1012988,0.0,0.0,0.0,0.0,0.0,1.0,0.0
1013008,0.0,0.0,0.0,0.0,0.0,2.0,0.0
1013023,2.0,0.0,0.0,0.0,0.0,2.0,0.0
1013508,2.0,0.0,0.0,0.0,0.0,0.0,0.0
1013521,2.0,0.0,0.0,0.0,0.0,1.0,0.0
1013523,0.0,0.0,0.0,0.0,0.0,1.0,0.0
1013813,0.0,0.0,0.0,0.0,1.0,1.0,0.0
1014021,0.0,0.0,0.0,0.0,1.0,0.0,0.0
1014419,0.0,0.0,0.0,0.0,1.0,1.0,0.0
1014919,0.0,0.0,0.0,0.0,1.0,0.0,0.0
1015448,0.0,0.0,0.0,0.0,2.0,0.0,0.0
1015948,0.0,0.0,0.0,0.0,0.0,0.0,0.0
1016235,0.0,0.0,0.0,0.0,0.0,1.0,0.0
1016693,0.0,0.0,0.0,0.0,0.0,2.0,0.0
1017061,0.0,0.0,0.0,0.0,1.0,2.0,0.0
1017062,0.0,0.0,0.0,0.0,2.0,2.0,0.0
1017193,0.0,0.0,0.0,0.0,2.0,0.0,0.0
1017543,0.0,0.0,0.0,0.0,2.0,1.0,0.0
1017547,0.0,0.0,0.0,0.0,2.0,2.0,0.0
1017562,0.0,0.0,0.0,0.0,0.0,2.0,0.0
1018047,0.0,0.0,0.0,0.0,0.0,0.0,0.0
1018175,0.0,0.0,0.0,0.0,1.0,0.0,0.0
1018675,0.0,0.0,0.0,0.0,0.0,0.0,0.0
1019446,0.0,0.0,0.0,0.0,0.0,1.0,0.0
1019946,0.0,0.0,0.0,0.0,0.0,0.0,0.0
1020735,2.0,0.0,0.0,0.0,0.0,0.0,0.0
1021235,0.0,0.0,0.0,0.0,0.0,0.0,0.0
1022728,0.0,0.0,0.0,0.0,0.0,1.0,0.0
1022975,0.0,0.0,0.0,0.0,0.0,2.0,0.0
1023475,0.0,0.0,0.0,0.0,0.0,0.0,0.0
1024540,0.0,0.0,0.0,0.0,0.0,1.0,0.0
1024969,0.0,2.0,0.0,0.0,0.0,1.0,0.0
1025040,0.0,2.0,0.0,0.0,0.0,0.0,0.0
1025168,0.0,2.0,0.0,0.0,0.0,1.0,0.0
1025469,0.0,0.0,0.0,0.0,0.0,1.0,0.0
1025668,0.0,0.0,0.0,0.0,0.0,0.0,0.0
1026676,0.0,0.0,0.0,0.0,0.0,1.0,0.0
1027176,0.0,0.0,0.0,0.0,0.0,0.0,0.0
1027181,0.0,0.0,0.0,0.0,0.0,1.0,0.0
1027681,0.0,0.0,0.0,0.0,0.0,0.0,0.0
1027881,0.0,0.0,0.0,0.0,0.0,1.0,0.0
1028381,0.0,0.0,0.0,0.0,0.0,0.0,0.0
1028561,0.0,0.0,0.0,0.0,0.0,1.0,0.0
1029061,0.0,0.0,0.0,0.0,0.0,0.0,0.0
1030307,0.0,0.0,0.0,0.0,0.0,1.0,0.0
1030807,0.0,0.0,0.0,0.0,0.0,0.0,0.0
1031008,0.0,0.0,0.0,0.0,0.0,1.0,0.0
1031508,0.0,0.0,0.0,0.0,0.0,0.0,0.0
1031788,0.0,0.0,0.0,0.0,0.0,1.0,0.0
1032288,0.0,0.0,0.0,0.0,0.0,0.0,0.0
1033116,0.0,0.0,0.0,0.0,0.0,1.0,0.0
1033616,0.0,0.0,0.0,0.0,0.0,0.0,0.0
1034210,0.0,0.0,0.0,0.0,0.0,1.0,0.0
1034211,0.0,0.0,0.0,0.0,1.0,1.0,0.0
1034710,0.0,0.0,0.0,0.0,1.0,0.0,0.0
1034711,0.0,0.0,0.0,0.0,0.0,0.0,0.0
1035678,0.0,0.0,0.0,0.0,0.0,1.0,0.0
1036178,0.0,0.0,0.0,0.0,0.0,0.0,0.0
1037737,0.0,0.0,0.0,0.0,0.0,1.0,0.0
1038237,0.0,0.0,0.0,0.0,0.0,0.0,0.0
1038536,0.0,0.0,0.0,0.0,0.0,1.0,0.0
1039036,0.0,0.0,0.0,0.0,0.0,0.0,0.0
1039194,0.0,0.0,0.0,0.0,0.0,1.0,0.0
1039196,0.0,0.0,0.0,0.0,0.0,2.0,0.0
1039696,0.0,0.0,0.0,0.0,0.0,0.0,0.0
1039884,0.0,0.0,0.0,0.0,0.0,1.0,0.0
1040384,0.0,0.0,0.0,0.0,0.0,0.0,0.0
1041665,0.0,0.0,0.0,0.0,0.0,1.0,0.0
1042165,0.0,0.0,0.0,0.0,0.0,0.0,0.0
1042355,0.0,0.0,0.0,0.0,0.0,1.0,0.0
1042855,0.0,0.0,0.0,0.0,0.0,0.0,0.0
1042947,0.0,0.0,0.0,0.0,0.0,1.0,0.0
1042951,0.0,0.0,0.0,0.0,0.0,2.0,0.0
1043451,0.0,0.0,0.0,0.0,0.0,0.0,0.0
1044883,0.0,0.0,0.0,0.0,0.0,1.0,0.0
1045383,0.0,0.0,0.0,0.0,0.0,0.0,0.0
1045478,0.0,0.0,0.0,0.0,0.0,1.0,0.0
1045966,0.0,0.0,0.0,0.0,1.0,1.0,0.0
1045978,0.0,0.0,0.0,0.0,1.0,0.0,0.0
1046466,0.0,0.0,0.0,0.0,0.0,0.0,0.0
1046976,0.0,0.0,0.0,0.0,0.0,1.0,0.0
1047476,0.0,0.0,0.0,0.0,0.0,0.0,0.0
1051246,0.0,0.0,0.0,0.0,0.0,1.0,0.0
1051247,0.0,0.0,0.0,0.0,0.0,2.0,0.0
1051747,0.0,0.0,0.0,0.0,0.0,0.0,0.0
1051779,0.0,0.0,0.0,0.0,0.0,1.0,0.0
1052279,0.0,0.0,0.0,0.0,0.0,0.0,0.0
1056583,0.0,0.0,0.0,0.0,0.0,1.0,0.0
1057083,0.0,0.0,0.0,0.0,0.0,0.0,0.0
1059667,0.0,0.0,0.0,0.0,0.0,1.0,0.0
1059769,0.0,0.0,0.0,0.0,0.0,2.0,0.0
1060269,0.0,0.0,0.0,0.0,0.0,0.0,0.0
1060944,0.0,0.0,0.0,0.0,0.0,1.0,0.0
1060951,0.0,0.0,0.0,0.0,0.0,2.0,0.0
1061451,0.0,0.0,0.0,0.0,0.0,0.0,0.0
1063386,0.0,0.0,0.0,0.0,0.0,1.0,0.0
1063886,0.0,0.0,0.0,0.0,0.0,0.0,0.0
1065319,0.0,0.0,0.0,0.0,0.0,1.0,0.0
1065597,0.0,0.0,0.0,0.0,0.0,2.0,0.0
1066097,0.0,0.0,0.0,0.0,0.0,0.0,0.0
1068220,0.0,0.0,0.0,0.0,0.0,1.0,0.0
1068720,0.0,0.0,0.0,0.0,0.0,0.0,0.0
1072573,0.0,0.0,0.0,0.0,0.0,1.0,0.0
1073073,0.0,0.0,0.0,0.0,0.0,0.0,0.0
1074059,0.0,0.0,0.0,0.0,0.0,1.0,0.0
1074559,0.0,0.0,0.0,0.0,0.0,0.0,0.0
1074787,0.0,0.0,0.0,0.0,0.0,1.0,0.0
1075287,0.0,0.0,0.0,0.0,0.0,0.0,0.0
1076160,0.0,0.0,0.0,0.0,0.0,1.0,0.0
1076166,0.0,0.0,0.0,0.0,0.0,2.0,0.0
1076176,0.0,0.0,0.0,0.0,1.0,2.0,0.0
1076178,0.0,0.0,0.0,0.0,2.0,2.0,0.0
1076666,0.0,0.0,0.0,0.0,2.0,0.0,0.0
1076678,0.0,0.0,0.0,0.0,0.0,0.0,0.0
1077032,0.0,0.0,0.0,0.0,0.0,1.0,0.0
1077532,0.0,0.0,0.0,0.0,0.0,0.0,0.0
1078727,0.0,0.0,0.0,0.0,0.0,1.0,0.0
1079227,0.0,0.0,0.0,0.0,0.0,0.0,0.0
1080213,0.0,0.0,0.0,0.0,1.0,0.0,0.0
1080713,0.0,0.0,0.0,0.0,0.0,0.0,0.0
1082842,0.0,0.0,0.0,0.0,0.0,1.0,0.0
1083342,0.0,0.0,0.0,0.0,0.0,0.0,0.0
1083683,0.0,0.0,0.0,0.0,0.0,1.0,0.0
1084183,0.0,0.0,0.0,0.0,0.0,0.0,0.0
1086234,0.0,0.0,0.0,0.0,1.0,0.0,0.0
1086413,0.0,0.0,0.0,0.0,1.0,1.0,0.0
1086415,0.0,0.0,0.0,0.0,2.0,2.0,0.0
1086915,0.0,0.0,0.0,0.0,0.0,0.0,0.0
1087002,0.0,0.0,0.0,0.0,0.0,1.0,0.0
1087502,0.0,0.0,0.0,0.0,0.0,0.0,0.0
1087797,0.0,0.0,0.0,0.0,0.0,1.0,0.0
1088047,0.0,0.0,0.0,0.0,1.0,1.0,0.0
1088297,0.0,0.0,0.0,0.0,1.0,0.0,0.0
1088547,0.0,0.0,0.0,0.0,0.0,0.0,0.0
1092598,0.0,0.0,0.0,0.0,1.0,0.0,0.0
1092813,0.0,0.0,0.0,0.0,1.0,1.0,0.0
1093098,0.0,0.0,0.0,0.0,0.0,1.0,0.0
1093313,0.0,0.0,0.0,0.0,0.0,0.0,0.0
1093681,0.0,0.0,0.0,0.0,0.0,1.0,0.0
1094181,0.0,0.0,0.0,0.0,0.0,0.0,0.0
1095070,0.0,0.0,0.0,0.0,0.0,1.0,0.0
1095089,0.0,0.0,0.0,0.0,0.0,2.0,0.0
1095589,0.0,0.0,0.0,0.0,0.0,0.0,0.0
1096894,0.0,0.0,0.0,0.0,0.0,1.0,0.0
1097394,0.0,0.0,0.0,0.0,0.0,0.0,0.0
1098006,0.0,0.0,0.0,0.0,0.0,1.0,0.0
1098081,0.0,0.0,0.0,0.0,1.0,1.0,0.0
1098506,0.0,0.0,0.0,0.0,1.0,0.0,0.0
1098581,0.0,0.0,0.0,0.0,0.0,0.0,0.0
1098946,0.0,0.0,0.0,0.0,1.0,0.0,0.0
1099055,0.0,0.0,0.0,0.0,1.0,1.0,0.0
1099151,0.0,0.0,0.0,0.0,1.0,2.0,0.0
1099446,0.0,0.0,0.0,0.0,0.0,2.0,0.0
1099651,0.0,0.0,0.0,0.0,0.0,0.0,0.0
1101797,0.0,0.0,0.0,0.0,0.0,1.0,0.0
1102297,0.0,0.0,0.0,0.0,0.0,0.0,0.0
1102642,0.0,0.0,0.0,0.0,0.0,1.0,0.0
1103142,0.0,0.0,0.0,0.0,0.0,0.0,0.0
1103680,0.0,0.0,0.0,0.0,0.0,1.0,0.0
1104180,0.0,0.0,0.0,0.0,0.0,0.0,0.0
1104804,0.0,0.0,0.0,0.0,0.0,1.0,0.0
1105304,0.0,0.0,0.0,0.0,0.0,0.0,0.0
1107159,0.0,0.0,0.0,0.0,0.0,1.0,0.0
1107413,0.0,0.0,0.0,0.0,0.0,2.0,0.0
1107913,0.0,0.0,0.0,0.0,0.0,0.0,0.0
1108266,0.0,0.0,0.0,0.0,0.0,1.0,0.0
1108766,0.0,0.0,0.0,0.0,0.0,0.0,0.0
1113196,0.0,0.0,0.0,0.0,0.0,1.0,0.0
1113696,0.0,0.0,0.0,0.0,0.0,0.0,0.0
1115825,0.0,0.0,0.0,0.0,0.0,1.0,0.0
1116325,0.0,0.0,0.0,0.0,0.0,0.0,0.0
1120666,0.0,0.0,0.0,0.0,0.0,1.0,0.0
1121166,0.0,0.0,0.0,0.0,0.0,0.0,0.0
1127491,0.0,0.0,0.0,0.0,0.0,1.0,0.0
1127498,0.0,0.0,0.0,0.0,0.0,2.0,0.0
1127998,0.0,0.0,0.0,0.0,0.0,0.0,0.0
1128757,0.0,0.0,0.0,0.0,0.0,1.0,0.0
1129257,0.0,0.0,0.0,0.0,0.0,0.0,0.0
1131866,0.0,0.0,0.0,0.0,0.0,1.0,0.0
1132366,0.0,0.0,0.0,0.0,0.0,0.0,0.0
1134063,0.0,0.0,0.0,0.0,0.0,1.0,0.0
1134563,0.0,0.0,0.0,0.0,0.0,0.0,0.0
1134826,0.0,0.0,0.0,0.0,0.0,1.0,0.0
1134827,0.0,0.0,0.0,0.0,0.0,2.0,0.0
1135327,0.0,0.0,0.0,0.0,0.0,0.0,0.0
1135812,0.0,0.0,0.0,0.0,0.0,1.0,0.0
1136312,0.0,0.0,0.0,0.0,0.0,0.0,0.0
1137510,0.0,0.0,0.0,0.0,0.0,1.0,0.0
1138010,0.0,0.0,0.0,0.0,0.0,0.0,0.0
1145558,0.0,0.0,0.0,0.0,0.0,1.0,0.0
1146058,0.0,0.0,0.0,0.0,0.0,0.0,0.0
1152486,0.0,0.0,0.0,0.0,0.0,1.0,0.0
1152986,0.0,0.0,0.0,0.0,0.0,0.0,0.0
1155325,0.0,0.0,0.0,0.0,0.0,1.0,0.0
1155825,0.0,0.0,0.0,0.0,0.0,0.0,0.0
1157230,0.0,0.0,0.0,0.0,0.0,1.0,0.0
1157730,0.0,0.0,0.0,0.0,0.0,0.0,0.0
1159894,0.0,0.0,0.0,0.0,0.0,1.0,0.0
1160394,0.0,0.0,0.0,0.0,0.0,0.0,0.0
1161343,0.0,0.0,0.0,0.0,1.0,1.0,0.0
1161843,0.0,0.0,0.0,0.0,0.0,0.0,0.0
1161921,0.0,0.0,0.0,0.0,0.0,1.0,0.0
1162421,0.0,0.0,0.0,0.0,0.0,0.0,0.0
1163538,0.0,0.0,0.0,0.0,0.0,1.0,0.0
1164038,0.0,0.0,0.0,0.0,0.0,0.0,0.0
1164223,0.0,0.0,0.0,0.0,0.0,1.0,0.0
1164723,0.0,0.0,0.0,0.0,0.0,0.0,0.0
1168138,0.0,0.0,0.0,0.0,0.0,1.0,0.0
1168638,0.0,0.0,0.0,0.0,0.0,0.0,0.0
1169920,0.0,0.0,0.0,0.0,0.0,1.0,0.0
1170420,0.0,0.0,0.0,0.0,0.0,0.0,0.0
1170600,0.0,0.0,0.0,0.0,0.0,1.0,0.0
1171100,0.0,0.0,0.0,0.0,0.0,0.0,0.0
1177283,0.0,0.0,0.0,0.0,0.0,1.0,0.0
1177783,0.0,0.0,0.0,0.0,0.0,0.0,0.0
1180596,0.0,0.0,0.0,0.0,0.0,1.0,0.0
1181096,0.0,0.0,0.0,0.0,0.0,0.0,0.0
1182148,0.0,0.0,0.0,0.0,0.0,1.0,0.0
1182648,0.0,0.0,0.0,0.0,0.0,0.0,0.0
1183009,0.0,0.0,0.0,0.0,0.0,1.0,0.0
1183509,0.0,0.0,0.0,0.0,0.0,0.0,0.0
1187848,0.0,0.0,0.0,0.0,0.0,1.0,0.0
1187935,0.0,0.0,0.0,0.0,0.0,2.0,0.0
1188435,0.0,0.0,0.0,0.0,0.0,0.0,0.0
1191766,0.0,0.0,0.0,0.0,0.0,1.0,0.0
1192266,0.0,0.0,0.0,0.0,0.0,0.0,0.0
1196322,0.0,0.0,0.0,0.0,0.0,1.0,0.0
1196822,0.0,0.0,0.0,0.0,0.0,0.0,0.0
1202220,0.0,0.0,0.0,0.0,0.0,1.0,0.0
1202720,0.0,0.0,0.0,0.0,0.0,0.0,0.0
1203109,0.0,0.0,0.0,0.0,0.0,1.0,0.0
1203609,0.0,0.0,0.0,0.0,0.0,0.0,0.0
1205341,0.0,0.0,0.0,0.0,1.0,1.0,0.0
1205841,0.0,0.0,0.0,0.0,0.0,0.0,0.0
1208639,0.0,0.0,0.0,0.0,0.0,1.0,0.0
1209139,0.0,0.0,0.0,0.0,0.0,0.0,0.0
1210066,0.0,0.0,0.0,0.0,0.0,1.0,0.0
1210566,0.0,0.0,0.0,0.0,0.0,0.0,0.0
1211000,0.0,0.0,0.0,0.0,0.0,0.0,1.0
1211500,0.0,0.0,0.0,0.0,0.0,0.0,0.0
1211928,0.0,0.0,0.0,0.0,0.0,1.0,0.0
1212201,0.0,0.0,0.0,0.0,0.0,2.0,0.0
1212701,0.0,0.0,0.0,0.0,0.0,0.0,0.0
1213031,0.0,0.0,0.0,0.0,1.0,0.0,0.0
1213283,0.0,0.0,0.0,0.0,1.0,1.0,0.0
1213316,0.0,0.0,0.0,0.0,2.0,1.0,0.0
1213343,2.0,0.0,0.0,0.0,2.0,1.0,0.0
1213584,2.0,2.0,0.0,0.0,2.0,1.0,0.0
1213783,2.0,2.0,0.0,0.0,2.0,0.0,0.0
1213816,2.0,2.0,0.0,0.0,0.0,0.0,0.0
1213843,0.0,2.0,0.0,0.0,0.0,0.0,0.0
1213919,2.0,2.0,0.0,0.0,0.0,0.0,0.0
1214084,2.0,0.0,0.0,0.0,0.0,0.0,0.0
1214419,0.0,0.0,0.0,0.0,0.0,0.0,0.0
1215316,0.0,0.0,0.0,0.0,0.0,1.0,0.0
1215816,0.0,0.0,0.0,0.0,0.0,0.0,0.0
1216504,0.0,0.0,0.0,0.0,0.0,1.0,0.0
1216506,0.0,0.0,0.0,0.0,0.0,2.0,0.0
1217006,0.0,0.0,0.0,0.0,0.0,0.0,0.0
1217097,0.0,0.0,0.0,0.0,0.0,1.0,0.0
1217099,0.0,0.0,0.0,0.0,0.0,2.0,0.0
1217119,2.0,0.0,0.0,0.0,0.0,2.0,0.0
1217599,2.0,0.0,0.0,0.0,0.0,0.0,0.0
1217619,0.0,0.0,0.0,0.0,0.0,0.0,0.0
1217934,0.0,0.0,0.0,0.0,0.0,1.0,0.0
1218434,0.0,0.0,0.0,0.0,0.0,0.0,0.0
1218689,0.0,0.0,0.0,0.0,0.0,1.0,0.0
1219189,0.0,0.0,0.0,0.0,0.0,0.0,0.0
1219251,0.0,0.0,0.0,0.0,0.0,1.0,0.0
1219751,0.0,0.0,0.0,0.0,0.0,0.0,0.0
1221496,0.0,0.0,0.0,0.0,0.0,1.0,0.0
1221814,0.0,0.0,0.0,0.0,0.0,2.0,0.0
1222314,0.0,0.0,0.0,0.0,0.0,0.0,0.0
1223244,0.0,0.0,0.0,0.0,0.0,1.0,0.0
1223744,0.0,0.0,0.0,0.0,0.0,0.0,0.0
1224253,0.0,0.0,0.0,0.0,0.0,1.0,0.0
1224254,0.0,0.0,0.0,0.0,1.0,1.0,0.0
1224753,0.0,0.0,0.0,0.0,1.0,0.0,0.0
1224754,0.0,0.0,0.0,0.0,0.0,0.0,0.0
1225166,0.0,0.0,0.0,0.0,0.0,1.0,0.0
1225666,0.0,0.0,0.0,0.0,0.0,0.0,0.0
1227855,0.0,0.0,0.0,0.0,0.0,1.0,0.0
1228355,0.0,0.0,0.0,0.0,0.0,0.0,0.0
1229495,0.0,0.0,0.0,0.0,0.0,1.0,0.0
1229503,0.0,0.0,0.0,0.0,1.0,1.0,0.0
1229506,0.0,0.0,0.0,0.0,1.0,2.0,0.0
1229507,0.0,0.0,0.0,0.0,2.0,2.0,0.0
1230006,0.0,0.0,0.0,0.0,2.0,0.0,0.0
1230007,0.0,0.0,0.0,0.0,0.0,0.0,0.0
1230278,0.0,0.0,0.0,0.0,0.0,1.0,0.0
1230280,0.0,0.0,0.0,0.0,0.0,2.0,0.0
1230780,0.0,0.0,0.0,0.0,0.0,0.0,0.0
1230953,0.0,0.0,0.0,0.0,0.0,1.0,0.0
1231453,0.0,0.0,0.0,0.0,0.0,0.0,0.0
1232207,0.0,0.0,0.0,0.0,0.0,1.0,0.0
1232707,0.0,0.0,0.0,0.0,0.0,0.0,0.0
1232824,0.0,0.0,0.0,0.0,0.0,1.0,0.0
1233324,0.0,0.0,0.0,0.0,0.0,0.0,0.0
1233853,0.0,0.0,0.0,0.0,0.0,1.0,0.0
1234353,0.0,0.0,0.0,0.0,0.0,0.0,0.0
1235186,0.0,0.0,0.0,0.0,0.0,1.0,0.0
1235686,0.0,0.0,0.0,0.0,0.0,0.0,0.0
1236393,0.0,0.0,0.0,0.0,0.0,1.0,0.0
1236413,0.0,0.0,0.0,0.0,0.0,2.0,0.0
1236913,0.0,0.0,0.0,0.0,0.0,0.0,0.0
1237578,0.0,0.0,0.0,0.0,0.0,1.0,0.0
1237607,0.0,0.0,0.0,0.0,0.0,2.0,0.0
1238107,0.0,0.0,0.0,0.0,0.0,1.0,0.0
1238607,0.0,0.0,0.0,0.0,0.0,0.0,0.0
1239038,0.0,0.0,0.0,0.0,0.0,1.0,0.0
1239040,0.0,0.0,0.0,0.0,0.0,2.0,0.0
1239540,0.0,0.0,0.0,0.0,0.0,0.0,0.0
1239757,0.0,0.0,0.0,0.0,0.0,1.0,0.0
1239847,0.0,0.0,0.0,0.0,0.0,2.0,0.0
1240347,0.0,0.0,0.0,0.0,0.0,0.0,0.0
1240615,0.0,0.0,0.0,0.0,0.0,1.0,0.0
1241115,0.0,0.0,0.0,0.0,0.0,0.0,0.0
1243108,0.0,0.0,0.0,0.0,0.0,1.0,0.0
1243608,0.0,0.0,0.0,0.0,0.0,0.0,0.0
1244042,0.0,0.0,0.0,0.0,0.0,1.0,0.0
1244050,0.0,0.0,0.0,0.0,0.0,2.0,0.0
1244550,0.0,0.0,0.0,0.0,0.0,0.0,0.0
1246169,0.0,0.0,0.0,0.0,0.0,1.0,0.0
1246669,0.0,0.0,0.0,0.0,0.0,0.0,0.0
1246706,0.0,0.0,0.0,0.0,0.0,1.0,0.0
1247206,0.0,0.0,0.0,0.0,0.0,0.0,0.0
1248621,0.0,0.0,0.0,0.0,0.0,1.0,0.0
1248622,0.0,0.0,0.0,0.0,0.0,2.0,0.0
1249122,0.0,0.0,0.0,0.0,0.0,0.0,0.0
1249894,0.0,0.0,0.0,0.0,0.0,1.0,0.0
1249897,0.0,0.0,0.0,0.0,0.0,2.0,0.0
1250397,0.0,0.0,0.0,0.0,0.0,0.0,0.0
1250817,0.0,0.0,0.0,0.0,0.0,1.0,0.0
1251317,0.0,0.0,0.0,0.0,0.0,0.0,0.0
1251394,0.0,0.0,0.0,0.0,0.0,1.0,0.0
1251894,0.0,0.0,0.0,0.0,0.0,0.0,0.0
1252119,0.0,0.0,0.0,0.0,0.0,1.0,0.0
1252619,0.0,0.0,0.0,0.0,0.0,0.0,0.0
1254090,0.0,0.0,0.0,0.0,0.0,1.0,0.0
1254590,0.0,0.0,0.0,0.0,0.0,0.0,0.0
1255007,0.0,0.0,0.0,0.0,0.0,1.0,0.0
1255507,0.0,0.0,0.0,0.0,0.0,0.0,0.0
1255597,0.0,0.0,0.0,0.0,0.0,1.0,0.0
1256097,0.0,0.0,0.0,0.0,0.0,0.0,0.0
1256167,0.0,0.0,0.0,0.0,0.0,1.0,0.0
1256667,0.0,0.0,0.0,0.0,0.0,0.0,0.0
1256690,0.0,0.0,0.0,0.0,0.0,1.0,0.0
1256695,0.0,0.0,0.0,0.0,0.0,2.0,0.0
1257195,0.0,0.0,0.0,0.0,0.0,0.0,0.0
1258368,0.0,0.0,0.0,0.0,0.0,1.0,0.0
1258868,0.0,0.0,0.0,0.0,0.0,0.0,0.0
1259000,0.0,0.0,0.0,0.0,0.0,1.0,0.0
1259500,0.0,0.0,0.0,0.0,0.0,0.0,0.0
1260413,0.0,0.0,0.0,0.0,0.0,1.0,0.0
1260913,0.0,0.0,0.0,0.0,0.0,0.0,0.0
1261119,0.0,0.0,0.0,0.0,0.0,1.0,0.0
1261619,0.0,0.0,0.0,0.0,0.0,0.0,0.0
1262997,0.0,0.0,0.0,0.0,0.0,1.0,0.0
1263497,0.0,0.0,0.0,0.0,0.0,0.0,0.0
1263566,0.0,0.0,0.0,0.0,0.0,1.0,0.0
1264066,0.0,0.0,0.0,0.0,0.0,0.0,0.0
1264230,0.0,0.0,0.0,0.0,0.0,1.0,0.0
1264730,0.0,0.0,0.0,0.0,0.0,0.0,0.0
1265023,0.0,0.0,0.0,0.0,0.0,1.0,0.0
1265026,0.0,0.0,0.0,0.0,0.0,2.0,0.0
1265526,0.0,0.0,0.0,0.0,0.0,0.0,0.0
1267408,0.0,0.0,0.0,0.0,0.0,1.0,0.0
1267908,0.0,0.0,0.0,0.0,0.0,0.0,0.0
1268090,0.0,0.0,0.0,0.0,0.0,1.0,0.0
1268590,0.0,0.0,0.0,0.0,0.0,0.0,0.0
1268896,0.0,0.0,0.0,0.0,0.0,1.0,0.0
1269396,0.0,0.0,0.0,0.0,0.0,0.0,0.0
1270006,0.0,0.0,0.0,0.0,0.0,1.0,0.0
1270506,0.0,0.0,0.0,0.0,0.0,0.0,0.0
1270510,0.0,0.0,0.0,0.0,0.0,1.0,0.0
1271010,0.0,0.0,0.0,0.0,0.0,0.0,0.0
1273813,0.0,0.0,0.0,0.0,0.0,1.0,0.0
1274313,0.0,0.0,0.0,0.0,0.0,0.0,0.0
1274520,0.0,0.0,0.0,0.0,0.0,1.0,0.0
1275020,0.0,0.0,0.0,0.0,0.0,0.0,0.0
1275476,0.0,0.0,0.0,0.0,0.0,1.0,0.0
1275478,0.0,0.0,0.0,0.0,0.0,2.0,0.0
1275978,0.0,0.0,0.0,0.0,0.0,0.0,0.0
1276789,0.0,0.0,0.0,0.0,0.0,1.0,0.0
1277289,0.0,0.0,0.0,0.0,0.0,0.0,0.0
1278851,0.0,0.0,0.0,0.0,0.0,1.0,0.0
1278949,0.0,2.0,0.0,0.0,0.0,1.0,0.0
1279351,0.0,2.0,0.0,0.0,0.0,0.0,0.0
1279383,0.0,2.0,0.0,0.0,0.0,1.0,0.0
1279449,0.0,0.0,0.0,0.0,0.0,1.0,0.0
1279883,0.0,0.0,0.0,0.0,0.0,0.0,0.0
1280295,0.0,0.0,0.0,0.0,0.0,1.0,0.0
1280795,0.0,0.0,0.0,0.0,0.0,0.0,0.0
1281353,0.0,0.0,0.0,0.0,0.0,1.0,0.0
1281853,0.0,0.0,0.0,0.0,0.0,0.0,0.0
1282497,0.0,0.0,0.0,0.0,0.0,1.0,0.0
1282997,0.0,0.0,0.0,0.0,0.0,0.0,0.0
1283246,0.0,0.0,0.0,0.0,0.0,1.0,0.0
1283746,0.0,0.0,0.0,0.0,0.0,0.0,0.0
1284230,0.0,0.0,0.0,0.0,0.0,1.0,0.0
1284730,0.0,0.0,0.0,0.0,0.0,0.0,0.0
1284919,0.0,0.0,0.0,0.0,0.0,1.0,0.0
1285419,0.0,0.0,0.0,0.0,0.0,0.0,0.0
1285686,0.0,0.0,0.0,0.0,0.0,1.0,0.0
1286186,0.0,0.0,0.0,0.0,0.0,0.0,0.0
1286965,0.0,0.0,0.0,0.0,0.0,1.0,0.0
1286971,0.0,0.0,0.0,0.0,0.0,2.0,0.0
1287471,0.0,0.0,0.0,0.0,0.0,0.0,0.0
1288474,0.0,0.0,0.0,0.0,0.0,1.0,0.0
1288612,0.0,0.0,0.0,0.0,0.0,2.0,0.0
1289112,0.0,0.0,0.0,0.0,0.0,0.0,0.0
1289156,0.0,0.0,0.0,0.0,0.0,1.0,0.0
1289656,0.0,0.0,0.0,0.0,0.0,0.0,0.0
1290557,0.0,0.0,0.0,0.0,0.0,1.0,0.0
1290569,0.0,0.0,0.0,0.0,0.0,2.0,0.0
1291069,0.0,0.0,0.0,0.0,0.0,0.0,0.0
1293185,0.0,0.0,0.0,0.0,0.0,1.0,0.0
1293189,0.0,0.0,0.0,0.0,0.0,2.0,0.0
1293689,0.0,0.0,0.0,0.0,0.0,0.0,0.0
1294413,0.0,0.0,0.0,0.0,0.0,1.0,0.0
1294913,0.0,0.0,0.0,0.0,0.0,0.0,0.0
1295770,0.0,0.0,0.0,0.0,0.0,1.0,0.0
1296270,0.0,0.0,0.0,0.0,0.0,0.0,0.0
1297872,0.0,0.0,0.0,0.0,1.0,0.0,0.0
1298372,0.0,0.0,0.0,0.0,0.0,0.0,0.0
1298935,0.0,0.0,0.0,0.0,0.0,1.0,0.0
1299435,0.0,0.0,0.0,0.0,0.0,0.0,0.0
1300002,0.0,0.0,0.0,0.0,0.0,1.0,0.0
1300502,0.0,0.0,0.0,0.0,0.0,0.0,0.0
1301781,0.0,0.0,0.0,0.0,0.0,1.0,0.0
1302281,0.0,0.0,0.0,0.0,0.0,0.0,0.0
1302287,0.0,0.0,0.0,0.0,0.0,1.0,0.0
1302787,0.0,0.0,0.0,0.0,0.0,0.0,0.0
1303036,0.0,0.0,0.0,0.0,0.0,1.0,0.0
1303184,0.0,0.0,0.0,0.0,0.0,2.0,0.0
1303684,0.0,0.0,0.0,0.0,0.0,0.0,0.0
1305302,0.0,0.0,0.0,0.0,0.0,1.0,0.0
1305802,0.0,0.0,0.0,0.0,0.0,0.0,0.0
1306422,0.0,0.0,0.0,0.0,0.0,1.0,0.0
1306922,0.0,0.0,0.0,0.0,0.0,0.0,0.0
1307142,0.0,0.0,0.0,0.0,0.0,1.0,0.0
1307144,0.0,0.0,0.0,0.0,0.0,2.0,0.0
1307644,0.0,0.0,0.0,0.0,0.0,0.0,0.0
1307788,0.0,0.0,0.0,0.0,0.0,1.0,0.0
1308288,0.0,0.0,0.0,0.0,0.0,0.0,0.0
1309125,0.0,0.0,0.0,0.0,0.0,1.0,0.0
1309127,0.0,0.0,0.0,0.0,0.0,2.0,0.0
1309627,0.0,0.0,0.0,0.0,0.0,0.0,0.0
1310530,0.0,0.0,0.0,0.0,0.0,1.0,0.0
1310531,0.0,0.0,0.0,0.0,1.0,1.0,0.0
1310685,0.0,0.0,0.0,0.0,1.0,2.0,0.0
1311031,0.0,0.0,0.0,0.0,0.0,2.0,0.0
1311185,0.0,0.0,0.0,0.0,0.0,0.0,0.0
1311991,0.0,0.0,0.0,0.0,0.0,1.0,0.0
1312491,0.0,0.0,0.0,0.0,0.0,0.0,0.0
1313620,0.0,0.0,0.0,0.0,0.0,1.0,0.0
1314120,0.0,0.0,0.0,0.0,0.0,0.0,0.0
1314664,0.0,0.0,0.0,0.0,0.0,1.0,0.0
1315164,0.0,0.0,0.0,0.0,0.0,0.0,0.0
1317674,0.0,0.0,0.0,0.0,0.0,1.0,0.0
1318174,0.0,0.0,0.0,0.0,0.0,0.0,0.0
1320516,0.0,0.0,0.0,0.0,1.0,0.0,0.0
1321016,0.0,0.0,0.0,0.0,0.0,0.0,0.0
1321297,0.0,0.0,0.0,0.0,0.0,1.0,0.0
1321298,0.0,0.0,0.0,0.0,0.0,2.0,0.0
1321798,0.0,0.0,0.0,0.0,0.0,0.0,0.0
1325152,0.0,0.0,0.0,0.0,1.0,0.0,0.0
1325652,0.0,0.0,0.0,0.0,0.0,0.0,0.0
1325841,0.0,0.0,0.0,0.0,0.0,1.0,0.0
1326341,0.0,0.0,0.0,0.0,0.0,0.0,0.0
1330958,0.0,0.0,0.0,0.0,0.0,1.0,0.0
1331458,0.0,0.0,0.0,0.0,0.0,0.0,0.0
1332786,0.0,0.0,0.0,0.0,0.0,1.0,0.0
1333286,0.0,0.0,0.0,0.0,0.0,0.0,0.0
1333424,0.0,0.0,0.0,0.0,0.0,1.0,0.0
1333924,0.0,0.0,0.0,0.0,0.0,0.0,0.0
1334950,0.0,0.0,0.0,0.0,0.0,1.0,0.0
1335450,0.0,0.0,0.0,0.0,0.0,0.0,0.0
1336875,0.0,0.0,0.0,0.0,0.0,1.0,0.0
1337375,0.0,0.0,0.0,0.0,0.0,0.0,0.0
1337489,0.0,0.0,0.0,0.0,0.0,1.0,0.0
1337989,0.0,0.0,0.0,0.0,0.0,0.0,0.0
1342144,0.0,0.0,0.0,0.0,0.0,1.0,0.0
1342644,0.0,0.0,0.0,0.0,0.0,0.0,0.0
1342977,0.0,0.0,0.0,0.0,0.0,1.0,0.0
1342979,0.0,0.0,0.0,0.0,0.0,2.0,0.0
1343479,0.0,0.0,0.0,0.0,0.0,0.0,0.0
1346697,0.0,0.0,0.0,0.0,1.0,0.0,0.0
1347197,0.0,0.0,0.0,0.0,0.0,0.0,0.0
1347314,0.0,0.0,0.0,0.0,0.0,1.0,0.0
1347814,0.0,0.0,0.0,0.0,0.0,0.0,0.0
1349090,0.0,0.0,0.0,0.0,0.0,1.0,0.0
1349590,0.0,0.0,0.0,0.0,0.0,0.0,0.0
1350292,0.0,0.0,0.0,0.0,0.0,1.0,0.0
1350792,0.0,0.0,0.0,0.0,0.0,0.0,0.0
1352959,0.0,0.0,0.0,0.0,0.0,1.0,0.0
1353459,0.0,0.0,0.0,0.0,0.0,0.0,0.0
1355023,0.0,0.0,0.0,0.0,0.0,1.0,0.0
1355490,0.0,0.0,0.0,0.0,0.0,2.0,0.0
1355990,0.0,0.0,0.0,0.0,0.0,0.0,0.0
1358772,0.0,0.0,0.0,0.0,0.0,1.0,0.0
1359272,0.0,0.0,0.0,0.0,0.0,0.0,0.0
1362710,0.0,0.0,0.0,0.0,0.0,1.0,0.0
1362711,0.0,0.0,0.0,0.0,0.0,2.0,0.0
1363211,0.0,0.0,0.0,0.0,0.0,0.0,0.0
1363420,0.0,0.0,0.0,0.0,0.0,1.0,0.0
1363424,0.0,0.0,0.0,0.0,0.0,2.0,0.0
1363924,0.0,0.0,0.0,0.0,0.0,0.0,0.0
1364292,0.0,0.0,0.0,0.0,0.0,1.0,0.0
1364792,0.0,0.0,0.0,0.0,0.0,0.0,0.0
1370024,0.0,0.0,0.0,0.0,0.0,1.0,0.0
1370524,0.0,0.0,0.0,0.0,0.0,0.0,0.0
1370988,0.0,0.0,0.0,0.0,0.0,1.0,0.0
1371488,0.0,0.0,0.0,0.0,0.0,0.0,0.0
1372485,0.0,0.0,0.0,0.0,0.0,1.0,0.0
1372985,0.0,0.0,0.0,0.0,0.0,0.0,0.0
1373511,0.0,0.0,0.0,0.0,0.0,1.0,0.0
1373513,0.0,0.0,0.0,0.0,0.0,2.0,0.0
1374013,0.0,0.0,0.0,0.0,0.0,0.0,0.0
1374642,0.0,0.0,0.0,0.0,0.0,1.0,0.0
1374646,0.0,0.0,0.0,0.0,0.0,2.0,0.0
1375146,0.0,0.0,0.0,0.0,0.0,0.0,0.0
1378946,0.0,0.0,0.0,0.0,0.0,1.0,0.0
1379446,0.0,0.0,0.0,0.0,0.0,0.0,0.0
1384269,0.0,0.0,0.0,0.0,0.0,1.0,0.0
1384769,0.0,0.0,0.0,0.0,0.0,0.0,0.0
1384913,0.0,0.0,0.0,0.0,0.0,1.0,0.0
1385413,0.0,0.0,0.0,0.0,0.0,0.0,0.0
1386140,0.0,0.0,0.0,0.0,0.0,1.0,0.0
1386640,0.0,0.0,0.0,0.0,0.0,0.0,0.0
1390890,0.0,0.0,0.0,0.0,0.0,1.0,0.0
1390895,0.0,0.0,0.0,0.0,0.0,2.0,0.0
1391395,0.0,0.0,0.0,0.0,0.0,0.0,0.0
1395017,0.0,0.0,0.0,0.0,0.0,1.0,0.0
1395517,0.0,0.0,0.0,0.0,0.0,0.0,0.0
1396401,0.0,0.0,0.0,0.0,0.0,1.0,0.0
1396901,0.0,0.0,0.0,0.0,0.0,0.0,0.0
1399008,0.0,0.0,0.0,0.0,0.0,1.0,0.0
1399508,0.0,0.0,0.0,0.0,0.0,0.0,0.0
1400467,0.0,0.0,0.0,0.0,0.0,1.0,0.0
1400967,0.0,0.0,0.0,0.0,0.0,0.0,0.0
1401060,0.0,0.0,0.0,0.0,0.0,1.0,0.0
1401063,0.0,0.0,0.0,0.0,0.0,2.0,0.0
1401563,0.0,0.0,0.0,0.0,0.0,0.0,0.0
1406964,0.0,0.0,0.0,0.0,0.0,1.0,0.0
1407464,0.0,0.0,0.0,0.0,0.0,0.0,0.0
1407771,0.0,0.0,0.0,0.0,0.0,1.0,0.0
1408271,0.0,0.0,0.0,0.0,0.0,0.0,0.0
1409302,0.0,0.0,0.0,0.0,0.0,1.0,0.0
1409802,0.0,0.0,0.0,0.0,0.0,0.0,0.0
1410223,0.0,0.0,0.0,0.0,0.0,1.0,0.0
1410723,0.0,0.0,0.0,0.0,0.0,0.0,0.0
1413000,0.0,0.0,0.0,0.0,0.0,0.0,1.0
1413500,0.0,0.0,0.0,0.0,0.0,0.0,0.0
1413577,0.0,0.0,0.0,0.0,0.0,1.0,0.0
1413998,0.0,0.0,0.0,0.0,0.0,2.0,0.0
1414485,0.0,2.0,0.0,0.0,0.0,2.0,0.0
1414495,2.0,2.0,0.0,0.0,0.0,2.0,0.0
1414498,2.0,2.0,0.0,0.0,0.0,0.0,0.0
1414985,2.0,0.0,0.0,0.0,0.0,0.0,0.0
1414995,0.0,0.0,0.0,0.0,0.0,0.0,0.0
1415487,2.0,0.0,0.0,0.0,0.0,0.0,0.0
1415524,2.0,0.0,0.0,0.0,0.0,1.0,0.0
1415987,0.0,0.0,0.0,0.0,0.0,1.0,0.0
1416024,0.0,0.0,0.0,0.0,0.0,0.0,0.0
1416511,2.0,0.0,0.0,0.0,0.0,0.0,0.0
1417011,0.0,0.0,0.0,0.0,0.0,0.0,0.0
1417023,2.0,0.0,0.0,0.0,0.0,0.0,0.0
1417523,0.0,0.0,0.0,0.0,0.0,0.0,0.0
1418822,0.0,0.0,0.0,0.0,1.0,0.0,0.0
1418831,0.0,0.0,0.0,0.0,1.0,1.0,0.0
1419331,0.0,0.0,0.0,0.0,1.0,0.0,0.0
1420027,0.0,0.0,0.0,0.0,1.0,1.0,0.0
1420527,0.0,0.0,0.0,0.0,1.0,0.0,0.0
1421452,0.0,0.0,0.0,0.0,2.0,0.0,0.0
1421454,0.0,0.0,0.0,0.0,2.0,1.0,0.0
1421952,0.0,0.0,0.0,0.0,0.0,1.0,0.0
1421954,0.0,0.0,0.0,0.0,0.0,0.0,0.0
1422951,0.0,0.0,0.0,0.0,0.0,1.0,0.0
1423451,0.0,0.0,0.0,0.0,0.0,0.0,0.0
1423561,0.0,0.0,0.0,0.0,0.0,1.0,0.0
1424061,0.0,0.0,0.0,0.0,0.0,0.0,0.0
1424761,0.0,0.0,0.0,0.0,0.0,1.0,0.0
1425261,0.0,0.0,0.0,0.0,0.0,0.0,0.0
1425286,0.0,0.0,0.0,0.0,0.0,1.0,0.0
1425786,0.0,0.0,0.0,0.0,0.0,0.0,0.0
1427828,0.0,0.0,0.0,0.0,0.0,1.0,0.0
1427830,0.0,0.0,0.0,0.0,0.0,2.0,0.0
1428330,0.0,0.0,0.0,0.0,0.0,0.0,0.0
1429302,0.0,2.0,0.0,0.0,0.0,0.0,0.0
1429305,0.0,2.0,0.0,0.0,0.0,1.0,0.0
1429802,0.0,0.0,0.0,0.0,0.0,1.0,0.0
1429805,0.0,0.0,0.0,0.0,0.0,0.0,0.0
1430598,0.0,0.0,0.0,0.0,0.0,1.0,0.0
1431098,0.0,0.0,0.0,0.0,0.0,0.0,0.0
1433490,0.0,0.0,0.0,0.0,0.0,1.0,0.0
1433491,0.0,0.0,0.0,0.0,1.0,1.0,0.0
1433494,0.0,0.0,0.0,0.0,1.0,2.0,0.0
1433991,0.0,0.0,0.0,0.0,0.0,2.0,0.0
1433994,0.0,0.0,0.0,0.0,0.0,0.0,0.0
1434842,0.0,0.0,0.0,0.0,0.0,1.0,0.0
1435342,0.0,0.0,0.0,0.0,0.0,0.0,0.0
1437821,0.0,0.0,0.0,0.0,0.0,1.0,0.0
1438321,0.0,0.0,0.0,0.0,0.0,0.0,0.0
1440204,0.0,0.0,0.0,0.0,0.0,1.0,0.0
1440704,0.0,0.0,0.0,0.0,0.0,0.0,0.0
1441083,0.0,0.0,0.0,0.0,0.0,1.0,0.0
1441087,0.0,0.0,0.0,0.0,1.0,2.0,0.0
1441587,0.0,0.0,0.0,0.0,0.0,0.0,0.0
1441651,0.0,0.0,0.0,0.0,0.0,1.0,0.0
1442151,0.0,0.0,0.0,0.0,0.0,0.0,0.0
1443006,0.0,0.0,0.0,0.0,0.0,1.0,0.0
1443506,0.0,0.0,0.0,0.0,0.0,0.0,0.0
1443664,0.0,0.0,0.0,0.0,0.0,1.0,0.0
1443945,0.0,2.0,0.0,0.0,0.0,1.0,0.0
1444164,0.0,2.0,0.0,0.0,0.0,0.0,0.0
1444445,0.0,0.0,0.0,0.0,0.0,0.0,0.0
1446066,0.0,0.0,0.0,0.0,0.0,1.0,0.0
1446566,0.0,0.0,0.0,0.0,0.0,0.0,0.0
1447799,0.0,0.0,0.0,0.0,0.0,1.0,0.0
1448299,0.0,0.0,0.0,0.0,0.0,0.0,0.0
1448348,0.0,0.0,0.0,0.0,0.0,1.0,0.0
1448786,0.0,0.0,0.0,0.0,1.0,1.0,0.0
1448848,0.0,0.0,0.0,0.0,1.0,0.0,0.0
1449286,0.0,0.0,0.0,0.0,0.0,0.0,0.0
1449545,0.0,0.0,0.0,0.0,0.0,1.0,0.0
1450045,0.0,0.0,0.0,0.0,0.0,0.0,0.0
1451167,0.0,0.0,0.0,0.0,0.0,1.0,0.0
1451667,0.0,0.0,0.0,0.0,0.0,0.0,0.0
1453202,0.0,0.0,0.0,0.0,0.0,1.0,0.0
1453702,0.0,0.0,0.0,0.0,0.0,0.0,0.0
1453966,0.0,0.0,0.0,0.0,0.0,1.0,0.0
1454466,0.0,0.0,0.0,0.0,0.0,0.0,0.0
1454613,0.0,0.0,0.0,0.0,0.0,1.0,0.0
1455113,0.0,0.0,0.0,0.0,0.0,0.0,0.0
1455193,0.0,0.0,0.0,0.0,0.0,1.0,0.0
1455693,0.0,0.0,0.0,0.0,0.0,0.0,0.0
1457794,0.0,0.0,0.0,0.0,1.0,0.0,0.0
1457795,0.0,0.0,0.0,0.0,2.0,0.0,0.0
1457833,0.0,0.0,0.0,0.0,2.0,1.0,0.0
1458295,0.0,0.0,0.0,0.0,0.0,1.0,0.0
1458333,0.0,0.0,0.0,0.0,0.0,0.0,0.0
1458692,0.0,0.0,0.0,0.0,0.0,1.0,0.0
1459192,0.0,0.0,0.0,0.0,0.0,0.0,0.0
1460043,0.0,0.0,0.0,0.0,0.0,1.0,0.0
1460543,0.0,0.0,0.0,0.0,0.0,0.0,0.0
1461859,0.0,0.0,0.0,0.0,0.0,1.0,0.0
1462359,0.0,0.0,0.0,0.0,0.0,0.0,0.0
1463026,0.0,0.0,0.0,0.0,0.0,1.0,0.0
1463526,0.0,0.0,0.0,0.0,0.0,0.0,0.0
1464702,0.0,0.0,0.0,0.0,0.0,1.0,0.0
1465202,0.0,0.0,0.0,0.0,0.0,0.0,0.0
1465296,0.0,0.0,0.0,0.0,0.0,1.0,0.0
1465796,0.0,0.0,0.0,0.0,0.0,0.0,0.0
1466771,0.0,0.0,0.0,0.0,0.0,1.0,0.0
1467271,0.0,0.0,0.0,0.0,0.0,0.0,0.0
1467291,0.0,0.0,0.0,0.0,0.0,1.0,0.0
1467791,0.0,0.0,0.0,0.0,0.0,0.0,0.0
1468043,0.0,0.0,0.0,0.0,0.0,1.0,0.0
1468079,0.0,0.0,0.0,0.0,0.0,2.0,0.0
1468080,0.0,0.0,0.0,0.0,1.0,2.0,0.0
1468579,0.0,0.0,0.0,0.0,1.0,0.0,0.0
1468580,0.0,0.0,0.0,0.0,0.0,0.0,0.0
1469906,0.0,0.0,0.0,0.0,0.0,1.0,0.0
1470406,0.0,0.0,0.0,0.0,0.0,0.0,0.0
1470567,0.0,0.0,0.0,0.0,0.0,1.0,0.0
1470702,0.0,2.0,0.0,0.0,0.0,1.0,0.0
1471067,0.0,2.0,0.0,0.0,0.0,0.0,0.0
1471202,0.0,0.0,0.0,0.0,0.0,0.0,0.0
1471330,0.0,0.0,0.0,0.0,0.0,1.0,0.0
1471392,0.0,0.0,0.0,0.0,0.0,2.0,0.0
1471892,0.0,0.0,0.0,0.0,0.0,0.0,0.0
1474768,0.0,0.0,0.0,0.0,0.0,1.0,0.0
1474770,0.0,0.0,0.0,0.0,0.0,2.0,0.0
1475270,0.0,0.0,0.0,0.0,0.0,0.0,0.0
1475963,0.0,0.0,0.0,0.0,0.0,1.0,0.0
1476463,0.0,0.0,0.0,0.0,0.0,0.0,0.0
1477482,0.0,0.0,0.0,0.0,0.0,1.0,0.0
1477489,0.0,0.0,0.0,0.0,0.0,2.0,0.0
1477989,0.0,0.0,0.0,0.0,0.0,0.0,0.0
1478748,0.0,0.0,0.0,0.0,0.0,1.0,0.0
1479248,0.0,0.0,0.0,0.0,0.0,0.0,0.0
1480166,0.0,0.0,0.0,0.0,0.0,1.0,0.0
1480461,0.0,0.0,0.0,0.0,0.0,2.0,0.0
1480961,0.0,0.0,0.0,0.0,0.0,0.0,0.0
1481198,0.0,0.0,0.0,0.0,0.0,1.0,0.0
1481677,0.0,0.0,0.0,0.0,0.0,2.0,0.0
1482177,0.0,0.0,0.0,0.0,0.0,0.0,0.0
1482205,0.0,0.0,0.0,0.0,0.0,1.0,0.0
1482208,0.0,0.0,0.0,0.0,0.0,2.0,0.0
1482708,0.0,0.0,0.0,0.0,0.0,0.0,0.0
1488064,0.0,0.0,0.0,0.0,0.0,1.0,0.0
1488564,0.0,0.0,0.0,0.0,0.0,0.0,0.0
1489069,0.0,0.0,0.0,0.0,0.0,1.0,0.0
1489569,0.0,0.0,0.0,0.0,0.0,0.0,0.0
1489619,0.0,0.0,0.0,0.0,0.0,1.0,0.0
1489621,0.0,0.0,0.0,0.0,0.0,2.0,0.0
1490121,0.0,0.0,0.0,0.0,0.0,0.0,0.0
1490829,0.0,0.0,0.0,0.0,0.0,1.0,0.0
1491329,0.0,0.0,0.0,0.0,0.0,0.0,0.0
1494066,0.0,0.0,0.0,0.0,0.0,1.0,0.0
1494294,0.0,0.0,0.0,0.0,1.0,1.0,0.0
1494566,0.0,0.0,0.0,0.0,1.0,0.0,0.0
1494794,0.0,0.0,0.0,0.0,0.0,0.0,0.0
1495699,0.0,0.0,0.0,0.0,0.0,1.0,0.0
1496199,0.0,0.0,0.0,0.0,0.0,0.0,0.0
1496503,0.0,0.0,0.0,0.0,0.0,1.0,0.0
1497003,0.0,0.0,0.0,0.0,0.0,0.0,0.0
1497226,0.0,0.0,0.0,0.0,0.0,1.0,0.0
1497726,0.0,0.0,0.0,0.0,0.0,0.0,0.0
1497964,0.0,0.0,0.0,0.0,0.0,1.0,0.0
1497966,0.0,0.0,0.0,0.0,0.0,2.0,0.0
1498466,0.0,0.0,0.0,0.0,0.0,0.0,0.0
1498777,0.0,0.0,0.0,0.0,0.0,1.0,0.0
1499277,0.0,0.0,0.0,0.0,0.0,0.0,0.0
1499634,0.0,0.0,0.0,0.0,0.0,1.0,0.0
1499635,0.0,0.0,0.0,0.0,0.0,2.0,0.0
1500135,0.0,0.0,0.0,0.0,0.0,0.0,0.0
1501146,0.0,0.0,0.0,0.0,0.0,1.0,0.0
1501646,0.0,0.0,0.0,0.0,0.0,0.0,0.0
1502236,0.0,0.0,0.0,0.0,0.0,1.0,0.0
1502736,0.0,0.0,0.0,0.0,0.0,0.0,0.0
1503262,0.0,0.0,0.0,0.0,0.0,1.0,0.0
1503421,0.0,0.0,0.0,0.0,0.0,2.0,0.0
1503921,0.0,0.0,0.0,0.0,0.0,0.0,0.0
1504702,0.0,0.0,0.0,0.0,0.0,1.0,0.0
1505061,0.0,0.0,0.0,0.0,0.0,2.0,0.0
1505561,0.0,0.0,0.0,0.0,0.0,0.0,0.0
1508114,0.0,0.0,0.0,0.0,0.0,1.0,0.0
1508116,0.0,0.0,0.0,0.0,0.0,2.0,0.0
1508616,0.0,0.0,0.0,0.0,0.0,0.0,0.0
1508922,0.0,0.0,0.0,0.0,0.0,1.0,0.0
1509316,0.0,0.0,0.0,0.0,0.0,2.0,0.0
1509816,0.0,0.0,0.0,0.0,0.0,0.0,0.0
1509933,0.0,0.0,0.0,0.0,0.0,1.0,0.0
1510433,0.0,0.0,0.0,0.0,0.0,0.0,0.0
1510649,0.0,0.0,0.0,0.0,0.0,1.0,0.0
1511145,0.0,0.0,0.0,0.0,0.0,2.0,0.0
1511645,0.0,0.0,0.0,0.0,0.0,0.0,0.0
1517099,0.0,0.0,0.0,0.0,1.0,0.0,0.0
1517100,0.0,0.0,0.0,0.0,2.0,0.0,0.0
1517600,0.0,0.0,0.0,0.0,0.0,0.0,0.0
1518006,0.0,0.0,0.0,0.0,0.0,1.0,0.0
1518506,0.0,0.0,0.0,0.0,0.0,0.0,0.0
1518668,0.0,0.0,0.0,0.0,0.0,1.0,0.0
1518669,0.0,0.0,0.0,0.0,1.0,1.0,0.0
1518670,0.0,0.0,0.0,0.0,1.0,2.0,0.0
1518671,0.0,0.0,0.0,0.0,2.0,2.0,0.0
1519170,0.0,0.0,0.0,0.0,2.0,0.0,0.0
1519171,0.0,0.0,0.0,0.0,0.0,0.0,0.0
1521187,0.0,0.0,0.0,0.0,0.0,1.0,0.0
1521189,0.0,0.0,0.0,0.0,0.0,2.0,0.0
1521689,0.0,0.0,0.0,0.0,0.0,0.0,0.0
1523036,0.0,0.0,0.0,0.0,0.0,1.0,0.0
1523536,0.0,0.0,0.0,0.0,0.0,0.0,0.0
1526415,0.0,0.0,0.0,0.0,0.0,1.0,0.0
1526915,0.0,0.0,0.0,0.0,0.0,0.0,0.0
1527617,0.0,0.0,0.0,0.0,0.0,1.0,0.0
1528117,0.0,0.0,0.0,0.0,0.0,0.0,0.0
1530084,0.0,0.0,0.0,0.0,0.0,1.0,0.0
1530584,0.0,0.0,0.0,0.0,0.0,0.0,0.0
1531866,0.0,0.0,0.0,0.0,0.0,1.0,0.0
1531879,0.0,0.0,0.0,0.0,0.0,2.0,0.0
1532379,0.0,0.0,0.0,0.0,0.0,0.0,0.0
1535017,0.0,0.0,0.0,0.0,0.0,1.0,0.0
1535517,0.0,0.0,0.0,0.0,0.0,0.0,0.0
1536591,0.0,0.0,0.0,0.0,0.0,1.0,0.0
1537091,0.0,0.0,0.0,0.0,0.0,0.0,0.0
1539036,0.0,0.0,0.0,0.0,0.0,1.0,0.0
1539536,0.0,0.0,0.0,0.0,0.0,0.0,0.0
1539623,0.0,0.0,0.0,0.0,0.0,1.0,0.0
1539630,0.0,0.0,0.0,0.0,0.0,2.0,0.0
1540130,0.0,0.0,0.0,0.0,0.0,0.0,0.0
1548513,0.0,0.0,0.0,0.0,0.0,1.0,0.0
1549013,0.0,0.0,0.0,0.0,0.0,0.0,0.0
1549785,0.0,0.0,0.0,0.0,0.0,1.0,0.0
1550285,0.0,0.0,0.0,0.0,0.0,0.0,0.0
1554005,0.0,0.0,0.0,0.0,0.0,1.0,0.0
1554505,0.0,0.0,0.0,0.0,0.0,0.0,0.0
1555450,0.0,0.0,0.0,0.0,0.0,1.0,0.0
1555950,0.0,0.0,0.0,0.0,0.0,0.0,0.0
1558307,0.0,0.0,0.0,0.0,0.0,1.0,0.0
1558807,0.0,0.0,0.0,0.0,0.0,0.0,0.0
1561315,0.0,0.0,0.0,0.0,0.0,1.0,0.0
1561322,0.0,0.0,0.0,0.0,0.0,2.0,0.0
1561822,0.0,0.0,0.0,0.0,0.0,0.0,0.0
1563441,0.0,0.0,0.0,0.0,0.0,1.0,0.0
1563941,0.0,0.0,0.0,0.0,0.0,0.0,0.0
1564812,0.0,0.0,0.0,0.0,0.0,1.0,0.0
1565312,0.0,0.0,0.0,0.0,0.0,0.0,0.0
1567680,0.0,0.0,0.0,0.0,0.0,1.0,0.0
1568180,0.0,0.0,0.0,0.0,0.0,0.0,0.0
1569284,0.0,0.0,0.0,0.0,0.0,1.0,0.0
1569784,0.0,0.0,0.0,0.0,0.0,0.0,0.0
1570400,0.0,0.0,0.0,0.0,0.0,1.0,0.0
1570900,0.0,0.0,0.0,0.0,0.0,0.0,0.0
1571376,0.0,0.0,0.0,0.0,0.0,1.0,0.0
1571876,0.0,0.0,0.0,0.0,0.0,0.0,0.0
1574578,0.0,0.0,0.0,0.0,0.0,1.0,0.0
1575078,0.0,0.0,0.0,0.0,0.0,0.0,0.0
1580289,0.0,0.0,0.0,0.0,0.0,1.0,0.0
1580789,0.0,0.0,0.0,0.0,0.0,0.0,0.0
1581585,0.0,0.0,0.0,0.0,0.0,1.0,0.0
1582085,0.0,0.0,0.0,0.0,0.0,0.0,0.0
1582930,0.0,0.0,0.0,0.0,0.0,1.0,0.0
1583430,0.0,0.0,0.0,0.0,0.0,0.0,0.0
1584050,0.0,0.0,0.0,0.0,0.0,1.0,0.0
1584550,0.0,0.0,0.0,0.0,0.0,0.0,0.0
1585155,0.0,0.0,0.0,0.0,0.0,1.0,0.0
1585655,0.0,0.0,0.0,0.0,0.0,0.0,0.0
1586833,0.0,0.0,0.0,0.0,0.0,1.0,0.0
1587333,0.0,0.0,0.0,0.0,0.0,0.0,0.0
1588882,0.0,0.0,0.0,0.0,0.0,1.0,0.0
1588945,0.0,0.0,0.0,0.0,0.0,2.0,0.0
1589445,0.0,0.0,0.0,0.0,0.0,0.0,0.0
1593421,0.0,0.0,0.0,0.0,0.0,1.0,0.0
1593921,0.0,0.0,0.0,0.0,0.0,0.0,0.0
1595101,0.0,0.0,0.0,0.0,0.0,1.0,0.0
1595601,0.0,0.0,0.0,0.0,0.0,0.0,0.0
1595905,0.0,0.0,0.0,0.0,0.0,1.0,0.0
1595907,0.0,0.0,0.0,0.0,0.0,2.0,0.0
1596407,0.0,0.0,0.0,0.0,0.0,0.0,0.0
1597109,0.0,0.0,0.0,0.0,0.0,1.0,0.0
1597609,0.0,0.0,0.0,0.0,0.0,0.0,0.0
1600187,0.0,0.0,0.0,0.0,0.0,1.0,0.0
1600687,0.0,0.0,0.0,0.0,0.0,0.0,0.0
1600867,0.0,0.0,0.0,0.0,0.0,1.0,0.0
1600940,0.0,0.0,0.0,0.0,0.0,2.0,0.0
1601440,0.0,0.0,0.0,0.0,0.0,0.0,0.0
1609583,0.0,0.0,0.0,0.0,0.0,1.0,0.0
1610083,0.0,0.0,0.0,0.0,0.0,0.0,0.0
1611155,0.0,0.0,0.0,0.0,0.0,1.0,0.0
1611330,0.0,0.0,0.0,0.0,0.0,2.0,0.0
1611830,0.0,0.0,0.0,0.0,0.0,0.0,0.0
1615000,0.0,0.0,0.0,0.0,0.0,0.0,1.0
1615500,0.0,0.0,0.0,0.0,0.0,0.0,0.0
1615695,0.0,0.0,0.0,0.0,0.0,1.0,0.0
1616195,0.0,0.0,0.0,0.0,0.0,0.0,0.0
1616368,0.0,0.0,0.0,0.0,0.0,1.0,0.0
1616383,2.0,0.0,0.0,0.0,0.0,1.0,0.0
1616651,2.0,2.0,0.0,0.0,0.0,1.0,0.0
1616868,2.0,2.0,0.0,0.0,0.0,0.0,0.0
1616883,0.0,2.0,0.0,0.0,0.0,0.0,0.0
1617151,0.0,0.0,0.0,0.0,0.0,0.0,0.0
1617814,0.0,0.0,0.0,0.0,1.0,0.0,0.0
1617829,0.0,0.0,0.0,0.0,1.0,1.0,0.0
1618198,0.0,0.0,0.0,0.0,2.0,1.0,0.0
1618329,0.0,0.0,0.0,0.0,2.0,0.0,0.0
1618508,0.0,0.0,0.0,0.0,2.0,1.0,0.0
1618698,0.0,0.0,0.0,0.0,0.0,1.0,0.0
1618966,0.0,0.0,0.0,0.0,0.0,2.0,0.0
1619007,2.0,0.0,0.0,0.0,0.0,2.0,0.0
1619466,2.0,0.0,0.0,0.0,0.0,0.0,0.0
1619507,0.0,0.0,0.0,0.0,0.0,0.0,0.0
1619551,2.0,0.0,0.0,0.0,0.0,0.0,0.0
1619868,2.0,2.0,0.0,0.0,0.0,0.0,0.0
1620009,2.0,2.0,0.0,0.0,0.0,1.0,0.0
1620051,0.0,2.0,0.0,0.0,0.0,1.0,0.0
1620368,0.0,0.0,0.0,0.0,0.0,1.0,0.0
1620509,0.0,0.0,0.0,0.0,0.0,0.0,0.0
1621809,0.0,0.0,0.0,0.0,0.0,1.0,0.0
1622309,0.0,0.0,0.0,0.0,0.0,0.0,0.0
1623447,0.0,0.0,0.0,0.0,0.0,1.0,0.0
1623461,0.0,0.0,0.0,0.0,0.0,2.0,0.0
1623961,0.0,0.0,0.0,0.0,0.0,0.0,0.0
1624868,0.0,0.0,0.0,0.0,0.0,1.0,0.0
1625368,0.0,0.0,0.0,0.0,0.0,0.0,0.0
1626266,0.0,0.0,0.0,0.0,0.0,1.0,0.0
1626766,0.0,0.0,0.0,0.0,0.0,0.0,0.0
1627977,0.0,0.0,0.0,0.0,0.0,1.0,0.0
1628477,0.0,0.0,0.0,0.0,0.0,0.0,0.0
1629282,0.0,0.0,0.0,0.0,0.0,1.0,0.0
1629284,0.0,0.0,0.0,0.0,0.0,2.0,0.0
1629784,0.0,0.0,0.0,0.0,0.0,0.0,0.0
1630630,0.0,0.0,0.0,0.0,0.0,1.0,0.0
1630649,0.0,0.0,0.0,0.0,0.0,2.0,0.0
1631149,0.0,0.0,0.0,0.0,0.0,0.0,0.0
1631330,0.0,0.0,0.0,0.0,0.0,1.0,0.0
1631830,0.0,0.0,0.0,0.0,0.0,0.0,0.0
1633575,0.0,0.0,0.0,0.0,0.0,1.0,0.0
1634075,0.0,0.0,0.0,0.0,0.0,0.0,0.0
1634270,0.0,0.0,0.0,0.0,0.0,1.0,0.0
1634271,0.0,0.0,0.0,0.0,0.0,2.0,0.0
1634771,0.0,0.0,0.0,0.0,0.0,0.0,0.0
1634852,0.0,0.0,0.0,0.0,0.0,1.0,0.0
1635352,0.0,0.0,0.0,0.0,0.0,0.0,0.0
1636907,0.0,0.0,0.0,0.0,0.0,1.0,0.0
1637407,0.0,0.0,0.0,0.0,0.0,0.0,0.0
1637786,0.0,2.0,0.0,0.0,0.0,0.0,0.0
1638286,0.0,0.0,0.0,0.0,0.0,0.0,0.0
1638774,0.0,0.0,0.0,0.0,0.0,1.0,0.0
1639274,0.0,0.0,0.0,0.0,0.0,0.0,0.0
1639585,0.0,0.0,0.0,0.0,0.0,1.0,0.0
1639598,0.0,0.0,0.0,0.0,0.0,2.0,0.0
1640098,0.0,0.0,0.0,0.0,0.0,0.0,0.0
1640903,0.0,0.0,0.0,0.0,0.0,1.0,0.0
1641403,0.0,0.0,0.0,0.0,0.0,0.0,0.0
1645402,0.0,0.0,0.0,0.0,0.0,1.0,0.0
1645902,0.0,0.0,0.0,0.0,0.0,0.0,0.0
1646354,0.0,0.0,0.0,0.0,0.0,1.0,0.0
1646384,0.0,0.0,0.0,0.0,0.0,2.0,0.0
1646884,0.0,0.0,0.0,0.0,0.0,0.0,0.0
1647570,0.0,0.0,0.0,0.0,0.0,1.0,0.0
1648070,0.0,0.0,0.0,0.0,0.0,0.0,0.0
1650042,0.0,0.0,0.0,0.0,0.0,1.0,0.0
1650542,0.0,0.0,0.0,0.0,0.0,0.0,0.0
1653006,0.0,0.0,0.0,0.0,0.0,1.0,0.0
1653506,0.0,0.0,0.0,0.0,0.0,0.0,0.0
1654713,0.0,0.0,0.0,0.0,0.0,1.0,0.0
1655213,0.0,0.0,0.0,0.0,0.0,0.0,0.0
1655648,0.0,0.0,0.0,0.0,0.0,1.0,0.0
1656148,0.0,0.0,0.0,0.0,0.0,0.0,0.0
1656407,0.0,0.0,0.0,0.0,0.0,1.0,0.0
1656409,0.0,0.0,0.0,0.0,0.0,2.0,0.0
1656909,0.0,0.0,0.0,0.0,0.0,0.0,0.0
1658805,0.0,0.0,0.0,0.0,0.0,1.0,0.0
1659305,0.0,0.0,0.0,0.0,0.0,0.0,0.0
1659520,0.0,0.0,0.0,0.0,0.0,1.0,0.0
1660020,0.0,0.0,0.0,0.0,0.0,0.0,0.0
1660444,0.0,0.0,0.0,0.0,0.0,1.0,0.0
1660453,0.0,0.0,0.0,0.0,0.0,2.0,0.0
1660953,0.0,0.0,0.0,0.0,0.0,0.0,0.0
1661387,0.0,0.0,0.0,0.0,1.0,0.0,0.0
1661887,0.0,0.0,0.0,0.0,0.0,0.0,0.0
1664662,0.0,0.0,0.0,0.0,0.0,1.0,0.0
1665162,0.0,0.0,0.0,0.0,0.0,0.0,0.0
1665800,0.0,0.0,0.0,0.0,0.0,1.0,0.0
1666300,0.0,0.0,0.0,0.0,0.0,0.0,0.0
1666395,0.0,0.0,0.0,0.0,0.0,1.0,0.0
1666895,0.0,0.0,0.0,0.0,0.0,0.0,0.0
1667203,0.0,0.0,0.0,0.0,0.0,1.0,0.0
1667703,0.0,0.0,0.0,0.0,0.0,0.0,0.0
1668626,0.0,0.0,0.0,0.0,0.0,1.0,0.0
1668628,0.0,0.0,0.0,0.0,0.0,2.0,0.0
1669128,0.0,0.0,0.0,0.0,0.0,0.0,0.0
1671350,0.0,0.0,0.0,0.0,0.0,1.0,0.0
1671850,0.0,0.0,0.0,0.0,0.0,0.0,0.0
1672273,0.0,0.0,0.0,0.0,0.0,1.0,0.0
1672773,0.0,0.0,0.0,0.0,0.0,0.0,0.0
1673346,0.0,0.0,0.0,0.0,1.0,1.0,0.0
1673846,0.0,0.0,0.0,0.0,0.0,0.0,0.0
1674064,0.0,0.0,0.0,0.0,0.0,1.0,0.0
1674564,0.0,0.0,0.0,0.0,0.0,0.0,0.0
1676097,0.0,0.0,0.0,0.0,0.0,1.0,0.0
1676202,0.0,0.0,0.0,0.0,0.0,2.0,0.0
1676702,0.0,0.0,0.0,0.0,0.0,0.0,0.0
1678609,0.0,0.0,0.0,0.0,0.0,1.0,0.0
1678707,0.0,0.0,0.0,0.0,0.0,2.0,0.0
1679207,0.0,0.0,0.0,0.0,0.0,0.0,0.0
1680590,0.0,0.0,0.0,0.0,0.0,1.0,0.0
1681090,0.0,0.0,0.0,0.0,0.0,0.0,0.0
1681298,0.0,0.0,0.0,0.0,0.0,1.0,0.0
1681302,0.0,0.0,0.0,0.0,0.0,2.0,0.0
1681802,0.0,0.0,0.0,0.0,0.0,0.0,0.0
1682251,0.0,0.0,0.0,0.0,0.0,1.0,0.0
1682751,0.0,0.0,0.0,0.0,0.0,0.0,0.0
1684727,0.0,0.0,0.0,0.0,0.0,1.0,0.0
1685227,0.0,0.0,0.0,0.0,0.0,0.0,0.0
1686305,0.0,0.0,0.0,0.0,0.0,1.0,0.0
1686307,0.0,0.0,0.0,0.0,0.0,2.0,0.0
1686807,0.0,0.0,0.0,0.0,0.0,0.0,0.0
1687115,0.0,0.0,0.0,0.0,0.0,1.0,0.0
1687615,0.0,0.0,0.0,0.0,0.0,0.0,0.0
1688432,0.0,0.0,0.0,0.0,0.0,1.0,0.0
1688932,0.0,0.0,0.0,0.0,0.0,0.0,0.0
1689497,0.0,0.0,0.0,0.0,0.0,1.0,0.0
1689997,0.0,0.0,0.0,0.0,0.0,0.0,0.0
1690230,0.0,0.0,0.0,0.0,0.0,1.0,0.0
1690730,0.0,0.0,0.0,0.0,0.0,0.0,0.0
1691850,0.0,0.0,0.0,0.0,0.0,1.0,0.0
1692350,0.0,0.0,0.0,0.0,0.0,0.0,0.0
1692835,0.0,0.0,0.0,0.0,0.0,1.0,0.0
1693335,0.0,0.0,0.0,0.0,0.0,0.0,0.0
1699421,0.0,0.0,0.0,0.0,0.0,1.0,0.0
1699921,0.0,0.0,0.0,0.0,0.0,0.0,0.0
1701064,0.0,0.0,0.0,0.0,0.0,1.0,0.0
1701564,0.0,0.0,0.0,0.0,0.0,0.0,0.0
1702716,0.0,0.0,0.0,0.0,0.0,1.0,0.0
1703216,0.0,0.0,0.0,0.0,0.0,0.0,0.0
1705691,0.0,0.0,0.0,0.0,0.0,1.0,0.0
1706191,0.0,0.0,0.0,0.0,0.0,0.0,0.0
1706813,0.0,0.0,0.0,0.0,0.0,1.0,0.0
1707313,0.0,0.0,0.0,0.0,0.0,0.0,0.0
1707317,0.0,0.0,0.0,0.0,0.0,1.0,0.0
1707394,0.0,0.0,0.0,0.0,0.0,2.0,0.0
1707894,0.0,0.0,0.0,0.0,0.0,0.0,0.0
1707920,0.0,0.0,0.0,0.0,0.0,1.0,0.0
1708420,0.0,0.0,0.0,0.0,0.0,0.0,0.0
1708984,0.0,0.0,0.0,0.0,0.0,1.0,0.0
1709484,0.0,0.0,0.0,0.0,0.0,0.0,0.0
1709846,0.0,0.0,0.0,0.0,0.0,1.0,0.0
1709850,0.0,0.0,0.0,0.0,0.0,2.0,0.0
1710350,0.0,0.0,0.0,0.0,0.0,0.0,0.0
1710807,0.0,0.0,0.0,0.0,0.0,1.0,0.0
1711307,0.0,0.0,0.0,0.0,0.0,0.0,0.0
1711982,0.0,0.0,0.0,0.0,0.0,1.0,0.0
1712339,0.0,2.0,0.0,0.0,0.0,1.0,0.0
1712482,0.0,2.0,0.0,0.0,0.0,0.0,0.0
1712839,0.0,0.0,0.0,0.0,0.0,0.0,0.0
1713295,0.0,0.0,0.0,0.0,0.0,1.0,0.0
1713795,0.0,0.0,0.0,0.0,0.0,0.0,0.0
1713991,0.0,0.0,0.0,0.0,0.0,1.0,0.0
1714035,0.0,0.0,0.0,0.0,0.0,2.0,0.0
1714535,0.0,0.0,0.0,0.0,0.0,0.0,0.0
1721017,0.0,0.0,0.0,0.0,1.0,0.0,0.0
1721517,0.0,0.0,0.0,0.0,0.0,0.0,0.0
1722787,0.0,0.0,0.0,0.0,1.0,0.0,0.0
1723287,0.0,0.0,0.0,0.0,0.0,0.0,0.0
1725014,0.0,0.0,0.0,0.0,0.0,1.0,0.0
1725514,0.0,0.0,0.0,0.0,0.0,0.0,0.0
1726429,0.0,0.0,0.0,0.0,0.0,1.0,0.0
1726434,0.0,0.0,0.0,0.0,0.0,2.0,0.0
1726934,0.0,0.0,0.0,0.0,0.0,0.0,0.0
1730007,0.0,0.0,0.0,0.0,0.0,1.0,0.0
1730158,0.0,0.0,0.0,0.0,0.0,2.0,0.0
1730658,0.0,0.0,0.0,0.0,0.0,0.0,0.0
1732687,0.0,0.0,0.0,0.0,0.0,1.0,0.0
1732688,0.0,0.0,0.0,0.0,0.0,2.0,0.0
1733188,0.0,0.0,0.0,0.0,0.0,0.0,0.0
1736317,0.0,0.0,0.0,0.0,0.0,1.0,0.0
1736817,0.0,0.0,0.0,0.0,0.0,0.0,0.0
1740184,0.0,0.0,0.0,0.0,0.0,1.0,0.0
1740684,0.0,0.0,0.0,0.0,0.0,0.0,0.0
1741114,0.0,0.0,0.0,0.0,0.0,1.0,0.0
1741128,0.0,0.0,0.0,0.0,0.0,2.0,0.0
1741628,0.0,0.0,0.0,0.0,0.0,0.0,0.0
1743310,0.0,0.0,0.0,0.0,0.0,1.0,0.0
1743810,0.0,0.0,0.0,0.0,0.0,0.0,0.0
1745630,0.0,0.0,0.0,0.0,0.0,1.0,0.0
1746130,0.0,0.0,0.0,0.0,0.0,0.0,0.0
1748056,0.0,0.0,0.0,0.0,0.0,1.0,0.0
1748556,0.0,0.0,0.0,0.0,0.0,0.0,0.0
1748651,0.0,0.0,0.0,0.0,0.0,1.0,0.0
1748659,0.0,0.0,0.0,0.0,0.0,2.0,0.0
1749159,0.0,0.0,0.0,0.0,0.0,0.0,0.0
1752701,0.0,0.0,0.0,0.0,0.0,1.0,0.0
1753201,0.0,0.0,0.0,0.0,0.0,0.0,0.0
1755610,0.0,0.0,0.0,0.0,0.0,1.0,0.0
1756110,0.0,0.0,0.0,0.0,0.0,0.0,0.0
1761727,0.0,0.0,0.0,0.0,0.0,1.0,0.0
1762227,0.0,0.0,0.0,0.0,0.0,0.0,0.0
1762580,0.0,0.0,0.0,0.0,0.0,1.0,0.0
1763080,0.0,0.0,0.0,0.0,0.0,0.0,0.0
1763538,0.0,0.0,0.0,0.0,0.0,1.0,0.0
1764038,0.0,0.0,0.0,0.0,0.0,0.0,0.0
1764045,0.0,0.0,0.0,0.0,0.0,1.0,0.0
1764545,0.0,0.0,0.0,0.0,0.0,0.0,0.0
1766803,0.0,0.0,0.0,0.0,0.0,1.0,0.0
1767303,0.0,0.0,0.0,0.0,0.0,0.0,0.0
1770040,0.0,0.0,0.0,0.0,0.0,1.0,0.0
1770540,0.0,0.0,0.0,0.0,0.0,0.0,0.0
1771111,0.0,0.0,0.0,0.0,0.0,1.0,0.0
1771611,0.0,0.0,0.0,0.0,0.0,0.0,0.0
1772173,0.0,0.0,0.0,0.0,0.0,1.0,0.0
1772673,0.0,0.0,0.0,0.0,0.0,0.0,0.0
1774022,0.0,0.0,0.0,0.0,0.0,1.0,0.0
1774522,0.0,0.0,0.0,0.0,0.0,0.0,0.0
1774846,0.0,0.0,0.0,0.0,1.0,0.0,0.0
1775346,0.0,0.0,0.0,0.0,0.0,0.0,0.0
1778165,0.0,0.0,0.0,0.0,0.0,1.0,0.0
1778665,0.0,0.0,0.0,0.0,0.0,0.0,0.0
1779977,0.0,0.0,0.0,0.0,0.0,1.0,0.0
1779996,0.0,0.0,0.0,0.0,0.0,2.0,0.0
1780496,0.0,0.0,0.0,0.0,0.0,0.0,0.0
1780616,0.0,0.0,0.0,0.0,0.0,1.0,0.0
1781116,0.0,0.0,0.0,0.0,0.0,0.0,0.0
1783272,0.0,0.0,0.0,0.0,1.0,0.0,0.0
1783772,0.0,0.0,0.0,0.0,0.0,0.0,0.0
1792210,0.0,0.0,0.0,0.0,0.0,1.0,0.0
1792710,0.0,0.0,0.0,0.0,0.0,0.0,0.0
1796801,0.0,0.0,0.0,0.0,0.0,1.0,0.0
1796804,0.0,0.0,0.0,0.0,0.0,2.0,0.0
1797304,0.0,0.0,0.0,0.0,0.0,0.0,0.0
1797330,0.0,0.0,0.0,0.0,0.0,1.0,0.0
1797830,0.0,0.0,0.0,0.0,0.0,0.0,0.0
1799933,0.0,0.0,0.0,0.0,0.0,1.0,0.0
1800433,0.0,0.0,0.0,0.0,0.0,0.0,0.0
1802565,0.0,0.0,0.0,0.0,0.0,1.0,0.0
1803065,0.0,0.0,0.0,0.0,0.0,0.0,0.0
1806124,0.0,0.0,0.0,0.0,0.0,1.0,0.0
1806624,0.0,0.0,0.0,0.0,0.0,0.0,0.0
1809914,0.0,0.0,0.0,0.0,0.0,1.0,0.0
1809917,0.0,0.0,0.0,0.0,0.0,2.0,0.0
1810417,0.0,0.0,0.0,0.0,0.0,0.0,0.0
1812918,0.0,0.0,0.0,0.0,0.0,1.0,0.0
1813418,0.0,0.0,0.0,0.0,0.0,0.0,0.0
1815266,0.0,0.0,0.0,0.0,0.0,1.0,0.0
1815766,0.0,0.0,0.0,0.0,0.0,0.0,0.0
1815877,0.0,0.0,0.0,0.0,0.0,1.0,0.0
1816377,0.0,0.0,0.0,0.0,0.0,0.0,0.0
1817000,0.0,0.0,0.0,0.0,0.0,0.0,1.0
1817500,0.0,0.0,0.0,0.0,0.0,0.0,0.0
1817606,0.0,0.0,0.0,0.0,0.0,1.0,0.0
1817608,0.0,0.0,0.0,0.0,0.0,2.0,0.0
1818108,0.0,0.0,0.0,0.0,0.0,0.0,0.0
1818341,0.0,2.0,0.0,0.0,0.0,0.0,0.0
1818465,0.0,2.0,0.0,0.0,0.0,1.0,0.0
1818783,2.0,2.0,0.0,0.0,0.0,1.0,0.0
1818841,2.0,0.0,0.0,0.0,0.0,1.0,0.0
1818965,2.0,0.0,0.0,0.0,0.0,0.0,0.0
1819283,0.0,0.0,0.0,0.0,0.0,0.0,0.0
1819487,2.0,0.0,0.0,0.0,0.0,0.0,0.0
1819787,2.0,0.0,0.0,0.0,1.0,0.0,0.0
1819987,0.0,0.0,0.0,0.0,1.0,0.0,0.0
1820425,0.0,0.0,0.0,0.0,2.0,0.0,0.0
1820592,0.0,0.0,0.0,0.0,2.0,1.0,0.0
1820607,2.0,0.0,0.0,0.0,2.0,1.0,0.0
1820925,2.0,0.0,0.0,0.0,0.0,1.0,0.0
1821092,2.0,0.0,0.0,0.0,0.0,0.0,0.0
1821107,0.0,0.0,0.0,0.0,0.0,0.0,0.0
1822384,0.0,0.0,0.0,0.0,0.0,1.0,0.0
1822884,0.0,0.0,0.0,0.0,0.0,0.0,0.0
1826396,0.0,0.0,0.0,0.0,0.0,1.0,0.0
1826896,0.0,0.0,0.0,0.0,0.0,0.0,0.0
1827544,0.0,0.0,0.0,0.0,0.0,1.0,0.0
1828044,0.0,0.0,0.0,0.0,0.0,0.0,0.0
1828654,0.0,0.0,0.0,0.0,0.0,1.0,0.0
1828658,0.0,0.0,0.0,0.0,0.0,2.0,0.0
1829158,0.0,0.0,0.0,0.0,0.0,0.0,0.0
1829179,0.0,0.0,0.0,0.0,0.0,1.0,0.0
1829679,0.0,0.0,0.0,0.0,0.0,0.0,0.0
1830835,0.0,0.0,0.0,0.0,0.0,1.0,0.0
1831335,0.0,0.0,0.0,0.0,0.0,0.0,0.0
1831792,0.0,0.0,0.0,0.0,0.0,1.0,0.0
1832045,0.0,0.0,0.0,0.0,0.0,2.0,0.0
1832545,0.0,0.0,0.0,0.0,0.0,0.0,0.0
1832675,0.0,0.0,0.0,0.0,0.0,1.0,0.0
1833175,0.0,0.0,0.0,0.0,0.0,0.0,0.0
1833664,0.0,0.0,0.0,0.0,0.0,1.0,0.0
1834164,0.0,0.0,0.0,0.0,0.0,0.0,0.0
1835176,0.0,0.0,0.0,0.0,0.0,1.0,0.0
1835184,0.0,0.0,0.0,0.0,0.0,2.0,0.0
1835684,0.0,0.0,0.0,0.0,0.0,0.0,0.0
1836050,0.0,0.0,0.0,0.0,0.0,1.0,0.0
1836052,0.0,0.0,0.0,0.0,0.0,2.0,0.0
1836552,0.0,0.0,0.0,0.0,0.0,0.0,0.0
1836715,0.0,0.0,0.0,0.0,0.0,1.0,0.0
1836722,0.0,0.0,0.0,0.0,0.0,2.0,0.0
1837222,0.0,0.0,0.0,0.0,0.0,0.0,0.0
1839020,0.0,0.0,0.0,0.0,0.0,1.0,0.0
1839520,0.0,0.0,0.0,0.0,0.0,0.0,0.0
1839558,0.0,0.0,0.0,0.0,0.0,1.0,0.0
1840058,0.0,0.0,0.0,0.0,0.0,0.0,0.0
1840744,0.0,0.0,0.0,0.0,0.0,1.0,0.0
1841244,0.0,0.0,0.0,0.0,0.0,0.0,0.0
1842791,0.0,0.0,0.0,0.0,0.0,1.0,0.0
1843291,0.0,0.0,0.0,0.0,0.0,0.0,0.0
1844733,0.0,0.0,0.0,0.0,0.0,1.0,0.0
1845233,0.0,0.0,0.0,0.0,0.0,0.0,0.0
1845992,0.0,0.0,0.0,0.0,1.0,0.0,0.0
1846492,0.0,0.0,0.0,0.0,0.0,0.0,0.0
1846725,0.0,0.0,0.0,0.0,0.0,1.0,0.0
1846730,0.0,0.0,0.0,0.0,0.0,2.0,0.0
1847230,0.0,0.0,0.0,0.0,0.0,0.0,0.0
1847777,0.0,0.0,0.0,0.0,0.0,1.0,0.0
1848277,0.0,0.0,0.0,0.0,0.0,0.0,0.0
1850548,0.0,2.0,0.0,0.0,0.0,0.0,0.0
1851015,0.0,2.0,0.0,0.0,0.0,1.0,0.0
1851048,0.0,0.0,0.0,0.0,0.0,1.0,0.0
1851515,0.0,0.0,0.0,0.0,0.0,0.0,0.0
1853896,0.0,0.0,0.0,0.0,0.0,1.0,0.0
1854396,0.0,0.0,0.0,0.0,0.0,0.0,0.0
1854738,0.0,0.0,0.0,0.0,0.0,1.0,0.0
1855180,0.0,0.0,0.0,0.0,0.0,2.0,0.0
1855188,0.0,0.0,0.0,0.0,1.0,2.0,0.0
1855680,0.0,0.0,0.0,0.0,1.0,0.0,0.0
1855688,0.0,0.0,0.0,0.0,0.0,0.0,0.0
1856022,0.0,0.0,0.0,0.0,0.0,1.0,0.0
1856522,0.0,0.0,0.0,0.0,0.0,0.0,0.0
1856599,0.0,0.0,0.0,0.0,0.0,1.0,0.0
1856604,0.0,0.0,0.0,0.0,0.0,2.0,0.0
1857104,0.0,0.0,0.0,0.0,0.0,0.0,0.0
1857223,0.0,0.0,0.0,0.0,0.0,1.0,0.0
1857723,0.0,0.0,0.0,0.0,0.0,0.0,0.0
1858488,0.0,0.0,0.0,0.0,0.0,1.0,0.0
1858988,0.0,0.0,0.0,0.0,0.0,0.0,0.0
1859430,0.0,0.0,0.0,0.0,0.0,1.0,0.0
1859930,0.0,0.0,0.0,0.0,0.0,0.0,0.0
1860283,0.0,0.0,0.0,0.0,0.0,1.0,0.0
1860783,0.0,0.0,0.0,0.0,0.0,0.0,0.0
1861153,0.0,0.0,0.0,0.0,0.0,1.0,0.0
1861653,0.0,0.0,0.0,0.0,0.0,0.0,0.0
1862181,0.0,0.0,0.0,0.0,0.0,1.0,0.0
1862681,0.0,0.0,0.0,0.0,0.0,0.0,0.0
1863320,0.0,0.0,0.0,0.0,0.0,1.0,0.0
1863621,0.0,0.0,0.0,0.0,0.0,2.0,0.0
1864121,0.0,0.0,0.0,0.0,0.0,0.0,0.0
1864132,0.0,0.0,0.0,0.0,0.0,1.0,0.0
1864134,0.0,0.0,0.0,0.0,0.0,2.0,0.0
1864634,0.0,0.0,0.0,0.0,0.0,0.0,0.0
1865567,0.0,0.0,0.0,0.0,0.0,1.0,0.0
1866067,0.0,0.0,0.0,0.0,0.0,0.0,0.0
1866146,0.0,0.0,0.0,0.0,0.0,1.0,0.0
1866646,0.0,0.0,0.0,0.0,0.0,0.0,0.0
1867563,0.0,0.0,0.0,0.0,0.0,1.0,0.0
1868063,0.0,0.0,0.0,0.0,0.0,0.0,0.0
1868935,0.0,0.0,0.0,0.0,0.0,1.0,0.0
1869435,0.0,0.0,0.0,0.0,0.0,0.0,0.0
1869574,0.0,0.0,0.0,0.0,0.0,1.0,0.0
1870074,0.0,0.0,0.0,0.0,0.0,0.0,0.0
1870200,0.0,0.0,0.0,0.0,0.0,1.0,0.0
1870700,0.0,0.0,0.0,0.0,0.0,0.0,0.0
1871556,0.0,0.0,0.0,0.0,0.0,1.0,0.0
1872056,0.0,0.0,0.0,0.0,0.0,0.0,0.0
1872490,0.0,0.0,0.0,0.0,0.0,1.0,0.0
1872990,0.0,0.0,0.0,0.0,0.0,0.0,0.0
1873901,0.0,0.0,0.0,0.0,0.0,1.0,0.0
1873903,0.0,0.0,0.0,0.0,0.0,2.0,0.0
1873908,0.0,0.0,0.0,0.0,1.0,2.0,0.0
1874403,0.0,0.0,0.0,0.0,1.0,0.0,0.0
1874408,0.0,0.0,0.0,0.0,0.0,0.0,0.0
1874534,0.0,0.0,0.0,0.0,0.0,1.0,0.0
1875034,0.0,0.0,0.0,0.0,0.0,0.0,0.0
1876706,0.0,0.0,0.0,0.0,0.0,1.0,0.0
1877206,0.0,0.0,0.0,0.0,0.0,0.0,0.0
1878028,0.0,0.0,0.0,0.0,0.0,1.0,0.0
1878528,0.0,0.0,0.0,0.0,0.0,0.0,0.0
1881300,0.0,0.0,0.0,0.0,0.0,1.0,0.0
1881800,0.0,0.0,0.0,0.0,0.0,0.0,0.0
1882448,0.0,0.0,0.0,0.0,0.0,1.0,0.0
1882948,0.0,0.0,0.0,0.0,0.0,0.0,0.0
1883167,0.0,0.0,0.0,0.0,0.0,1.0,0.0
1883667,0.0,0.0,0.0,0.0,0.0,0.0,0.0
1884156,0.0,0.0,0.0,0.0,0.0,1.0,0.0
1884656,0.0,0.0,0.0,0.0,0.0,0.0,0.0
1884862,0.0,0.0,0.0,0.0,0.0,1.0,0.0
1885362,0.0,0.0,0.0,0.0,0.0,0.0,0.0
1886084,0.0,0.0,0.0,0.0,0.0,1.0,0.0
1886224,0.0,0.0,0.0,0.0,0.0,2.0,0.0
1886724,0.0,0.0,0.0,0.0,0.0,0.0,0.0
1886733,0.0,0.0,0.0,0.0,0.0,1.0,0.0
1887233,0.0,0.0,0.0,0.0,0.0,0.0,0.0
1887255,0.0,0.0,0.0,0.0,0.0,1.0,0.0
1887328,0.0,0.0,0.0,0.0,0.0,2.0,0.0
1887828,0.0,0.0,0.0,0.0,0.0,0.0,0.0
1890087,0.0,0.0,0.0,0.0,0.0,1.0,0.0
1890587,0.0,0.0,0.0,0.0,0.0,0.0,0.0
1890889,0.0,0.0,0.0,0.0,0.0,1.0,0.0
1891029,0.0,0.0,0.0,0.0,0.0,2.0,0.0
1891529,0.0,0.0,0.0,0.0,0.0,0.0,0.0
1892369,0.0,0.0,0.0,0.0,0.0,1.0,0.0
1892378,0.0,0.0,0.0,0.0,0.0,2.0,0.0
1892878,0.0,0.0,0.0,0.0,0.0,0.0,0.0
1894248,0.0,0.0,0.0,0.0,0.0,1.0,0.0
1894748,0.0,0.0,0.0,0.0,0.0,0.0,0.0
1895414,0.0,0.0,0.0,0.0,0.0,1.0,0.0
1895914,0.0,0.0,0.0,0.0,0.0,0.0,0.0
1896626,0.0,0.0,0.0,0.0,0.0,1.0,0.0
1897126,0.0,0.0,0.0,0.0,0.0,0.0,0.0
1898120,0.0,0.0,0.0,0.0,0.0,1.0,0.0
1898620,0.0,0.0,0.0,0.0,0.0,0.0,0.0
1898941,0.0,0.0,0.0,0.0,0.0,1.0,0.0
1899441,0.0,0.0,0.0,0.0,0.0,0.0,0.0
1901120,0.0,0.0,0.0,0.0,0.0,1.0,0.0
1901620,0.0,0.0,0.0,0.0,0.0,0.0,0.0
1901830,0.0,0.0,0.0,0.0,0.0,1.0,0.0
1902735,0.0,0.0,0.0,0.0,0.0,2.0,0.0
1902771,0.0,0.0,0.0,0.0,1.0,2.0,0.0
1903235,0.0,0.0,0.0,0.0,1.0,0.0,0.0
1903247,0.0,0.0,0.0,0.0,1.0,1.0,0.0
1903271,0.0,0.0,0.0,0.0,0.0,1.0,0.0
1903747,0.0,0.0,0.0,0.0,0.0,0.0,0.0
1904875,0.0,0.0,0.0,0.0,0.0,1.0,0.0
1905375,0.0,0.0,0.0,0.0,0.0,0.0,0.0
1906532,0.0,0.0,0.0,0.0,0.0,1.0,0.0
1907032,0.0,0.0,0.0,0.0,0.0,0.0,0.0
1908557,0.0,0.0,0.0,0.0,0.0,1.0,0.0
1909057,0.0,0.0,0.0,0.0,0.0,0.0,0.0
1910007,0.0,0.0,0.0,0.0,0.0,1.0,0.0
1910178,0.0,0.0,0.0,0.0,0.0,2.0,0.0
1910678,0.0,0.0,0.0,0.0,0.0,0.0,0.0
1911175,0.0,0.0,0.0,0.0,0.0,1.0,0.0
1911675,0.0,0.0,0.0,0.0,0.0,0.0,0.0
1912564,0.0,0.0,0.0,0.0,0.0,1.0,0.0
1913064,0.0,0.0,0.0,0.0,0.0,0.0,0.0
1913391,0.0,0.0,0.0,0.0,0.0,1.0,0.0
1913891,0.0,0.0,0.0,0.0,0.0,0.0,0.0
1914696,0.0,0.0,0.0,0.0,0.0,1.0,0.0
1915196,0.0,0.0,0.0,0.0,0.0,0.0,0.0
1915343,0.0,0.0,0.0,0.0,0.0,1.0,0.0
1915798,0.0,2.0,0.0,0.0,0.0,1.0,0.0
1915843,0.0,2.0,0.0,0.0,0.0,0.0,0.0
1916298,0.0,0.0,0.0,0.0,0.0,0.0,0.0
1917006,0.0,0.0,0.0,0.0,0.0,1.0,0.0
1917506,0.0,0.0,0.0,0.0,0.0,0.0,0.0
1917859,0.0,0.0,0.0,0.0,0.0,1.0,0.0
1917863,0.0,0.0,0.0,0.0,0.0,2.0,0.0
1918363,0.0,0.0,0.0,0.0,0.0,0.0,0.0
1919028,0.0,0.0,0.0,0.0,0.0,1.0,0.0
1919528,0.0,0.0,0.0,0.0,0.0,0.0,0.0
1924481,0.0,0.0,0.0,0.0,0.0,1.0,0.0
1924981,0.0,0.0,0.0,0.0,0.0,0.0,0.0
1926564,0.0,0.0,0.0,0.0,1.0,0.0,0.0
1927064,0.0,0.0,0.0,0.0,0.0,0.0,0.0
1927467,0.0,0.0,0.0,0.0,0.0,1.0,0.0
1927967,0.0,0.0,0.0,0.0,0.0,0.0,0.0
1928128,0.0,0.0,0.0,0.0,0.0,1.0,0.0
1928628,0.0,0.0,0.0,0.0,0.0,0.0,0.0
1930125,0.0,0.0,0.0,0.0,0.0,1.0,0.0
1930625,0.0,0.0,0.0,0.0,0.0,0.0,0.0
1930749,0.0,0.0,0.0,0.0,0.0,1.0,0.0
1931249,0.0,0.0,0.0,0.0,0.0,0.0,0.0
1931458,0.0,0.0,0.0,0.0,0.0,1.0,0.0
1931462,0.0,0.0,0.0,0.0,0.0,2.0,0.0
1931962,0.0,0.0,0.0,0.0,0.0,0.0,0.0
1932669,0.0,0.0,0.0,0.0,0.0,1.0,0.0
1933169,0.0,0.0,0.0,0.0,0.0,0.0,0.0
1935279,0.0,0.0,0.0,0.0,0.0,1.0,0.0
1935779,0.0,0.0,0.0,0.0,0.0,0.0,0.0
1937621,0.0,0.0,0.0,0.0,0.0,1.0,0.0
1938121,0.0,0.0,0.0,0.0,0.0,0.0,0.0
1938614,0.0,0.0,0.0,0.0,0.0,1.0,0.0
1938630,0.0,0.0,0.0,0.0,0.0,2.0,0.0
1939130,0.0,0.0,0.0,0.0,0.0,0.0,0.0
1942612,0.0,0.0,0.0,0.0,0.0,1.0,0.0
1943112,0.0,0.0,0.0,0.0,0.0,0.0,0.0
1945096,0.0,0.0,0.0,0.0,0.0,1.0,0.0
1945596,0.0,0.0,0.0,0.0,0.0,0.0,0.0
1946564,0.0,0.0,0.0,0.0,1.0,0.0,0.0
1947064,0.0,0.0,0.0,0.0,0.0,0.0,0.0
1949832,0.0,0.0,0.0,0.0,0.0,1.0,0.0
1950332,0.0,0.0,0.0,0.0,0.0,0.0,0.0
1951111,0.0,0.0,0.0,0.0,0.0,1.0,0.0
1951611,0.0,0.0,0.0,0.0,0.0,0.0,0.0
1951993,0.0,0.0,0.0,0.0,0.0,1.0,0.0
1951994,0.0,0.0,0.0,0.0,0.0,2.0,0.0
1952994,0.0,0.0,0.0,0.0,0.0,0.0,0.0
1953278,0.0,0.0,0.0,0.0,0.0,1.0,0.0
1953778,0.0,0.0,0.0,0.0,0.0,0.0,0.0
1954867,0.0,0.0,0.0,0.0,0.0,1.0,0.0
1955367,0.0,0.0,0.0,0.0,0.0,0.0,0.0
1959762,0.0,0.0,0.0,0.0,0.0,1.0,0.0
1960262,0.0,0.0,0.0,0.0,0.0,0.0,0.0
1963837,0.0,0.0,0.0,0.0,0.0,1.0,0.0
1964337,0.0,0.0,0.0,0.0,0.0,0.0,0.0
1965542,0.0,0.0,0.0,0.0,0.0,1.0,0.0
1966042,0.0,0.0,0.0,0.0,0.0,0.0,0.0
1966667,0.0,0.0,0.0,0.0,0.0,1.0,0.0
1967167,0.0,0.0,0.0,0.0,0.0,0.0,0.0
1968190,0.0,0.0,0.0,0.0,0.0,1.0,0.0
1968550,0.0,0.0,0.0,0.0,0.0,2.0,0.0
1969050,0.0,0.0,0.0,0.0,0.0,0.0,0.0
1971472,0.0,0.0,0.0,0.0,0.0,1.0,0.0
1971972,0.0,0.0,0.0,0.0,0.0,0.0,0.0
1973618,0.0,0.0,0.0,0.0,0.0,1.0,0.0
1974118,0.0,0.0,0.0,0.0,0.0,0.0,0.0
1978718,0.0,0.0,0.0,0.0,1.0,0.0,0.0
1979218,0.0,0.0,0.0,0.0,0.0,0.0,0.0
1979765,0.0,0.0,0.0,0.0,0.0,1.0,0.0
1979767,0.0,0.0,0.0,0.0,0.0,2.0,0.0
1980267,0.0,0.0,0.0,0.0,0.0,0.0,0.0
1984249,0.0,0.0,0.0,0.0,0.0,1.0,0.0
1984749,0.0,0.0,0.0,0.0,0.0,0.0,0.0
1986703,0.0,0.0,0.0,0.0,0.0,1.0,0.0
1987203,0.0,0.0,0.0,0.0,0.0,0.0,0.0
1987344,0.0,0.0,0.0,0.0,0.0,1.0,0.0
1987346,0.0,0.0,0.0,0.0,0.0,2.0,0.0
1987846,0.0,0.0,0.0,0.0,0.0,0.0,0.0
1988192,0.0,0.0,0.0,0.0,0.0,1.0,0.0
1988692,0.0,0.0,0.0,0.0,0.0,0.0,0.0
1989576,0.0,0.0,0.0,0.0,0.0,1.0,0.0
1990076,0.0,0.0,0.0,0.0,0.0,0.0,0.0
1991107,0.0,0.0,0.0,0.0,0.0,1.0,0.0
1991607,0.0,0.0,0.0,0.0,0.0,0.0,0.0
1992606,0.0,0.0,0.0,0.0,0.0,1.0,0.0
1993106,0.0,0.0,0.0,0.0,0.0,0.0,0.0
1993183,0.0,0.0,0.0,0.0,0.0,1.0,0.0
1993683,0.0,0.0,0.0,0.0,0.0,0.0,0.0
1994640,0.0,0.0,0.0,0.0,0.0,1.0,0.0
1995140,0.0,0.0,0.0,0.0,0.0,0.0,0.0
1995909,0.0,0.0,0.0,0.0,0.0,1.0,0.0
1996409,0.0,0.0,0.0,0.0,0.0,0.0,0.0
1997695,0.0,0.0,0.0,0.0,0.0,1.0,0.0
1998195,0.0,0.0,0.0,0.0,0.0,0.0,0.0
1998432,0.0,0.0,0.0,0.0,0.0,1.0,0.0
1998932,0.0,0.0,0.0,0.0,0.0,0.0,0.0
1999022,0.0,0.0,0.0,0.0,0.0,1.0,0.0
1999522,0.0,0.0,0.0,0.0,0.0,0.0,0.0
2000422,0.0,0.0,0.0,0.0,0.0,1.0,0.0
2000922,0.0,0.0,0.0,0.0,0.0,0.0,0.0
2001887,0.0,0.0,0.0,0.0,0.0,1.0,0.0
2002387,0.0,0.0,0.0,0.0,0.0,0.0,0.0
2004974,0.0,0.0,0.0,0.0,0.0,1.0,0.0
2005474,0.0,0.0,0.0,0.0,0.0,0.0,0.0
2008845,0.0,0.0,0.0,0.0,0.0,1.0,0.0
2008846,0.0,0.0,0.0,0.0,0.0,2.0,0.0
2009346,0.0,0.0,0.0,0.0,0.0,0.0,0.0
2015804,0.0,0.0,0.0,0.0,0.0,1.0,0.0
2015806,0.0,0.0,0.0,0.0,0.0,2.0,0.0
2016306,0.0,0.0,0.0,0.0,0.0,0.0,0.0
2019000,0.0,0.0,0.0,0.0,0.0,0.0,1.0
2019500,0.0,0.0,0.0,0.0,0.0,0.0,0.0
2019964,0.0,0.0,0.0,0.0,0.0,1.0,0.0
2020210,0.0,0.0,0.0,0.0,0.0,2.0,0.0
