,ADWIN,CUSUM,DDM,GeometricMovingAverage,HDDMAverage,HDDMWeighted,Ground-truth
37,0.0,0.0,1.0,0.0,0.0,0.0,0.0
579,0.0,0.0,1.0,0.0,0.0,1.0,0.0
1079,0.0,0.0,1.0,0.0,0.0,0.0,0.0
1307,0.0,0.0,1.0,0.0,1.0,0.0,0.0
1308,0.0,0.0,1.0,0.0,2.0,0.0,0.0
1363,0.0,0.0,1.0,0.0,2.0,1.0,0.0
1537,0.0,0.0,0.0,0.0,2.0,1.0,0.0
1571,0.0,0.0,1.0,0.0,2.0,1.0,0.0
1808,0.0,0.0,1.0,0.0,0.0,1.0,0.0
1863,0.0,0.0,1.0,0.0,0.0,0.0,0.0
2014,0.0,0.0,1.0,0.0,0.0,1.0,0.0
2514,0.0,0.0,1.0,0.0,0.0,0.0,0.0
2571,0.0,0.0,0.0,0.0,0.0,0.0,0.0
3855,0.0,0.0,0.0,0.0,0.0,1.0,0.0
4355,0.0,0.0,0.0,0.0,0.0,0.0,0.0
5777,0.0,0.0,0.0,0.0,0.0,1.0,0.0
6191,0.0,0.0,0.0,0.0,0.0,2.0,0.0
6691,0.0,0.0,0.0,0.0,0.0,0.0,0.0
7349,0.0,0.0,0.0,0.0,0.0,1.0,0.0
7849,0.0,0.0,0.0,0.0,0.0,0.0,0.0
9727,0.0,0.0,0.0,0.0,0.0,1.0,0.0
10168,0.0,0.0,0.0,0.0,0.0,2.0,0.0
10668,0.0,0.0,0.0,0.0,0.0,0.0,0.0
11683,0.0,0.0,0.0,0.0,0.0,1.0,0.0
12183,0.0,0.0,0.0,0.0,0.0,0.0,0.0
12855,0.0,0.0,0.0,0.0,0.0,1.0,0.0
13355,0.0,0.0,0.0,0.0,0.0,0.0,0.0
16520,0.0,0.0,0.0,0.0,0.0,1.0,0.0
17020,0.0,0.0,0.0,0.0,0.0,0.0,0.0
17891,0.0,0.0,0.0,0.0,0.0,1.0,0.0
18391,0.0,0.0,0.0,0.0,0.0,0.0,0.0
18449,0.0,0.0,0.0,0.0,1.0,0.0,0.0
18927,0.0,0.0,0.0,0.0,1.0,1.0,0.0
18949,0.0,0.0,0.0,0.0,0.0,1.0,0.0
19048,0.0,0.0,0.0,0.0,0.0,2.0,0.0
19548,0.0,0.0,0.0,0.0,0.0,0.0,0.0
19899,0.0,0.0,0.0,0.0,0.0,1.0,0.0
19901,0.0,0.0,0.0,0.0,0.0,2.0,0.0
20401,0.0,0.0,0.0,0.0,0.0,0.0,0.0
23660,0.0,2.0,0.0,0.0,0.0,0.0,0.0
24160,0.0,0.0,0.0,0.0,0.0,0.0,0.0
24733,0.0,0.0,0.0,0.0,0.0,1.0,0.0
25233,0.0,0.0,0.0,0.0,0.0,0.0,0.0
26293,0.0,0.0,0.0,0.0,0.0,1.0,0.0
26297,0.0,0.0,0.0,0.0,0.0,2.0,0.0
26797,0.0,0.0,0.0,0.0,0.0,0.0,0.0
29268,0.0,0.0,0.0,0.0,0.0,1.0,0.0
29768,0.0,0.0,0.0,0.0,0.0,0.0,0.0
30061,0.0,0.0,0.0,0.0,0.0,1.0,0.0
30561,0.0,0.0,0.0,0.0,0.0,0.0,0.0
32098,0.0,0.0,0.0,0.0,0.0,1.0,0.0
32598,0.0,0.0,0.0,0.0,0.0,0.0,0.0
32791,0.0,0.0,0.0,0.0,0.0,1.0,0.0
33291,0.0,0.0,0.0,0.0,0.0,0.0,0.0
33401,0.0,0.0,0.0,0.0,0.0,1.0,0.0
33901,0.0,0.0,0.0,0.0,0.0,0.0,0.0
34523,0.0,0.0,0.0,0.0,0.0,1.0,0.0
35023,0.0,0.0,0.0,0.0,0.0,0.0,0.0
35586,0.0,0.0,0.0,0.0,0.0,1.0,0.0
36086,0.0,0.0,0.0,0.0,0.0,0.0,0.0
36153,0.0,0.0,0.0,0.0,0.0,1.0,0.0
36653,0.0,0.0,0.0,0.0,0.0,0.0,0.0
37236,0.0,0.0,0.0,0.0,0.0,1.0,0.0
37736,0.0,0.0,0.0,0.0,0.0,0.0,0.0
38917,0.0,0.0,0.0,0.0,1.0,0.0,0.0
39155,0.0,0.0,0.0,0.0,1.0,1.0,0.0
39417,0.0,0.0,0.0,0.0,0.0,1.0,0.0
39655,0.0,0.0,0.0,0.0,0.0,0.0,0.0
41031,0.0,0.0,0.0,0.0,0.0,1.0,0.0
41531,0.0,0.0,0.0,0.0,0.0,0.0,0.0
42997,0.0,0.0,0.0,0.0,0.0,1.0,0.0
43497,0.0,0.0,0.0,0.0,0.0,0.0,0.0
47358,0.0,0.0,0.0,0.0,0.0,1.0,0.0
47858,0.0,0.0,0.0,0.0,0.0,0.0,0.0
48054,0.0,0.0,0.0,0.0,0.0,1.0,0.0
48554,0.0,0.0,0.0,0.0,0.0,0.0,0.0
48879,0.0,0.0,0.0,0.0,0.0,1.0,0.0
49379,0.0,0.0,0.0,0.0,0.0,0.0,0.0
51255,0.0,0.0,0.0,0.0,0.0,1.0,0.0
51755,0.0,0.0,0.0,0.0,0.0,0.0,0.0
52454,0.0,0.0,0.0,0.0,0.0,1.0,0.0
52954,0.0,0.0,0.0,0.0,0.0,0.0,0.0
53188,0.0,0.0,0.0,0.0,0.0,1.0,0.0
53688,0.0,0.0,0.0,0.0,0.0,0.0,0.0
53740,0.0,0.0,0.0,0.0,0.0,1.0,0.0
54240,0.0,0.0,0.0,0.0,0.0,0.0,0.0
55665,0.0,0.0,0.0,0.0,0.0,1.0,0.0
56165,0.0,0.0,0.0,0.0,0.0,0.0,0.0
56427,0.0,0.0,0.0,0.0,0.0,1.0,0.0
56718,0.0,0.0,0.0,0.0,0.0,2.0,0.0
57218,0.0,0.0,0.0,0.0,0.0,0.0,0.0
58055,0.0,0.0,0.0,0.0,0.0,1.0,0.0
58066,0.0,0.0,0.0,0.0,0.0,2.0,0.0
58566,0.0,0.0,0.0,0.0,0.0,0.0,0.0
58692,0.0,0.0,0.0,0.0,0.0,1.0,0.0
59192,0.0,0.0,0.0,0.0,0.0,0.0,0.0
59361,0.0,0.0,0.0,0.0,0.0,1.0,0.0
59861,0.0,0.0,0.0,0.0,0.0,0.0,0.0
60044,0.0,0.0,0.0,0.0,0.0,1.0,0.0
60544,0.0,0.0,0.0,0.0,0.0,0.0,0.0
61885,0.0,0.0,0.0,0.0,0.0,1.0,0.0
62385,0.0,0.0,0.0,0.0,0.0,0.0,0.0
63986,0.0,0.0,0.0,0.0,0.0,1.0,0.0
64486,0.0,0.0,0.0,0.0,0.0,0.0,0.0
64970,0.0,0.0,0.0,0.0,0.0,1.0,0.0
65263,0.0,2.0,0.0,0.0,0.0,1.0,0.0
65470,0.0,2.0,0.0,0.0,0.0,0.0,0.0
65763,0.0,0.0,0.0,0.0,0.0,0.0,0.0
67259,0.0,0.0,0.0,0.0,0.0,1.0,0.0
67759,0.0,0.0,0.0,0.0,0.0,0.0,0.0
69049,0.0,0.0,0.0,0.0,0.0,1.0,0.0
69549,0.0,0.0,0.0,0.0,0.0,0.0,0.0
71967,0.0,0.0,0.0,0.0,0.0,1.0,0.0
72467,0.0,0.0,0.0,0.0,0.0,0.0,0.0
73588,0.0,0.0,0.0,0.0,0.0,1.0,0.0
74088,0.0,0.0,0.0,0.0,0.0,0.0,0.0
75268,0.0,0.0,0.0,0.0,0.0,1.0,0.0
75768,0.0,0.0,0.0,0.0,0.0,0.0,0.0
75827,0.0,0.0,0.0,0.0,0.0,1.0,0.0
76327,0.0,0.0,0.0,0.0,0.0,0.0,0.0
76518,0.0,0.0,0.0,0.0,0.0,1.0,0.0
77018,0.0,0.0,0.0,0.0,0.0,0.0,0.0
77030,0.0,0.0,0.0,0.0,0.0,1.0,0.0
77530,0.0,0.0,0.0,0.0,0.0,0.0,0.0
77591,0.0,0.0,0.0,0.0,0.0,1.0,0.0
77790,0.0,0.0,0.0,0.0,0.0,2.0,0.0
78290,0.0,0.0,0.0,0.0,0.0,0.0,0.0
80492,0.0,0.0,0.0,0.0,0.0,1.0,0.0
80887,0.0,0.0,0.0,0.0,0.0,2.0,0.0
81387,0.0,0.0,0.0,0.0,0.0,0.0,0.0
81660,0.0,0.0,0.0,0.0,0.0,1.0,0.0
81953,0.0,0.0,0.0,0.0,0.0,2.0,0.0
82453,0.0,0.0,0.0,0.0,0.0,0.0,0.0
82604,0.0,0.0,0.0,0.0,0.0,1.0,0.0
82631,0.0,0.0,0.0,0.0,0.0,2.0,0.0
83131,0.0,0.0,0.0,0.0,0.0,0.0,0.0
83498,0.0,0.0,0.0,0.0,0.0,1.0,0.0
83998,0.0,0.0,0.0,0.0,0.0,0.0,0.0
84014,0.0,0.0,0.0,0.0,0.0,1.0,0.0
84514,0.0,0.0,0.0,0.0,0.0,0.0,0.0
86009,0.0,0.0,0.0,0.0,0.0,1.0,0.0
86509,0.0,0.0,0.0,0.0,0.0,0.0,0.0
86699,0.0,0.0,0.0,0.0,0.0,1.0,0.0
87199,0.0,0.0,0.0,0.0,0.0,0.0,0.0
87686,0.0,0.0,0.0,0.0,0.0,1.0,0.0
88186,0.0,0.0,0.0,0.0,0.0,0.0,0.0
88930,0.0,0.0,0.0,0.0,0.0,1.0,0.0
89430,0.0,0.0,0.0,0.0,0.0,0.0,0.0
89571,0.0,0.0,0.0,0.0,0.0,1.0,0.0
90071,0.0,0.0,0.0,0.0,0.0,0.0,0.0
93230,0.0,0.0,0.0,0.0,0.0,1.0,0.0
93730,0.0,0.0,0.0,0.0,0.0,0.0,0.0
96848,0.0,0.0,0.0,0.0,1.0,1.0,0.0
97348,0.0,0.0,0.0,0.0,0.0,0.0,0.0
97630,0.0,0.0,0.0,0.0,0.0,1.0,0.0
98130,0.0,0.0,0.0,0.0,0.0,0.0,0.0
98848,0.0,0.0,0.0,0.0,0.0,1.0,0.0
98852,0.0,0.0,0.0,0.0,1.0,2.0,0.0
99352,0.0,0.0,0.0,0.0,0.0,0.0,0.0
101186,0.0,0.0,0.0,0.0,0.0,1.0,0.0
101196,0.0,0.0,0.0,0.0,0.0,2.0,0.0
101696,0.0,0.0,0.0,0.0,0.0,0.0,0.0
102177,0.0,0.0,0.0,0.0,0.0,1.0,0.0
102182,0.0,0.0,0.0,0.0,0.0,2.0,0.0
102682,0.0,0.0,0.0,0.0,0.0,0.0,0.0
103878,0.0,0.0,0.0,0.0,0.0,1.0,0.0
104378,0.0,0.0,0.0,0.0,0.0,0.0,0.0
105308,0.0,0.0,0.0,0.0,0.0,1.0,0.0
105808,0.0,0.0,0.0,0.0,0.0,0.0,0.0
107159,0.0,0.0,0.0,0.0,0.0,1.0,0.0
107659,0.0,0.0,0.0,0.0,0.0,0.0,0.0
108465,0.0,0.0,0.0,0.0,0.0,1.0,0.0
108965,0.0,0.0,0.0,0.0,0.0,0.0,0.0
111800,0.0,0.0,0.0,0.0,1.0,0.0,0.0
112300,0.0,0.0,0.0,0.0,0.0,0.0,0.0
115200,0.0,0.0,0.0,0.0,0.0,1.0,0.0
115202,0.0,0.0,0.0,0.0,0.0,2.0,0.0
115702,0.0,0.0,0.0,0.0,0.0,0.0,0.0
117597,0.0,0.0,0.0,0.0,0.0,1.0,0.0
117605,0.0,0.0,0.0,0.0,0.0,2.0,0.0
118105,0.0,0.0,0.0,0.0,0.0,0.0,0.0
120009,0.0,0.0,0.0,0.0,0.0,1.0,0.0
120509,0.0,0.0,0.0,0.0,0.0,0.0,0.0
123643,0.0,0.0,0.0,0.0,0.0,1.0,0.0
124143,0.0,0.0,0.0,0.0,0.0,0.0,0.0
124191,0.0,0.0,0.0,0.0,0.0,1.0,0.0
124691,0.0,0.0,0.0,0.0,0.0,0.0,0.0
124993,0.0,0.0,0.0,0.0,0.0,1.0,0.0
125028,0.0,0.0,0.0,0.0,0.0,2.0,0.0
125528,0.0,0.0,0.0,0.0,0.0,0.0,0.0
128707,0.0,0.0,0.0,0.0,0.0,1.0,0.0
129207,0.0,0.0,0.0,0.0,0.0,0.0,0.0
129249,0.0,0.0,0.0,0.0,0.0,1.0,0.0
129250,0.0,0.0,0.0,0.0,0.0,2.0,0.0
129750,0.0,0.0,0.0,0.0,0.0,0.0,0.0
130213,0.0,0.0,0.0,0.0,1.0,0.0,0.0
130230,0.0,0.0,0.0,0.0,1.0,1.0,0.0
130235,0.0,0.0,0.0,0.0,2.0,1.0,0.0
130730,0.0,0.0,0.0,0.0,2.0,0.0,0.0
130735,0.0,0.0,0.0,0.0,0.0,0.0,0.0
131164,0.0,0.0,0.0,0.0,1.0,0.0,0.0
131664,0.0,0.0,0.0,0.0,0.0,0.0,0.0
131736,0.0,0.0,0.0,0.0,0.0,1.0,0.0
132236,0.0,0.0,0.0,0.0,0.0,0.0,0.0
136080,0.0,0.0,0.0,0.0,0.0,1.0,0.0
136081,0.0,0.0,0.0,0.0,0.0,2.0,0.0
136581,0.0,0.0,0.0,0.0,0.0,0.0,0.0
138866,0.0,0.0,0.0,0.0,0.0,1.0,0.0
139366,0.0,0.0,0.0,0.0,0.0,0.0,0.0
140418,0.0,0.0,0.0,0.0,0.0,1.0,0.0
140918,0.0,0.0,0.0,0.0,0.0,0.0,0.0
141350,0.0,0.0,0.0,0.0,0.0,1.0,0.0
141850,0.0,0.0,0.0,0.0,0.0,0.0,0.0
141959,0.0,0.0,0.0,0.0,0.0,1.0,0.0
141968,0.0,0.0,0.0,0.0,0.0,2.0,0.0
142468,0.0,0.0,0.0,0.0,0.0,0.0,0.0
142816,0.0,0.0,0.0,0.0,0.0,1.0,0.0
143316,0.0,0.0,0.0,0.0,0.0,0.0,0.0
144822,0.0,0.0,0.0,0.0,0.0,1.0,0.0
145322,0.0,0.0,0.0,0.0,0.0,0.0,0.0
148913,0.0,0.0,0.0,0.0,0.0,1.0,0.0
149413,0.0,0.0,0.0,0.0,0.0,0.0,0.0
151926,0.0,0.0,0.0,0.0,0.0,1.0,0.0
152426,0.0,0.0,0.0,0.0,0.0,0.0,0.0
152487,0.0,0.0,0.0,0.0,0.0,1.0,0.0
152987,0.0,0.0,0.0,0.0,0.0,0.0,0.0
156034,0.0,0.0,0.0,0.0,0.0,1.0,0.0
156534,0.0,0.0,0.0,0.0,0.0,0.0,0.0
158209,0.0,0.0,0.0,0.0,0.0,1.0,0.0
158709,0.0,0.0,0.0,0.0,0.0,0.0,0.0
159737,0.0,0.0,0.0,0.0,0.0,1.0,0.0
160237,0.0,0.0,0.0,0.0,0.0,0.0,0.0
161076,0.0,0.0,0.0,0.0,0.0,1.0,0.0
161576,0.0,0.0,0.0,0.0,0.0,0.0,0.0
161812,0.0,0.0,0.0,0.0,0.0,1.0,0.0
161894,0.0,0.0,0.0,0.0,0.0,2.0,0.0
162394,0.0,0.0,0.0,0.0,0.0,0.0,0.0
166636,0.0,0.0,0.0,0.0,0.0,1.0,0.0
166810,0.0,0.0,0.0,0.0,0.0,2.0,0.0
167310,0.0,0.0,0.0,0.0,0.0,0.0,0.0
168344,0.0,0.0,0.0,0.0,0.0,1.0,0.0
168844,0.0,0.0,0.0,0.0,0.0,0.0,0.0
169505,0.0,0.0,0.0,0.0,0.0,1.0,0.0
170005,0.0,0.0,0.0,0.0,0.0,0.0,0.0
172066,0.0,0.0,0.0,0.0,0.0,1.0,0.0
172566,0.0,0.0,0.0,0.0,0.0,0.0,0.0
173422,0.0,0.0,0.0,0.0,0.0,1.0,0.0
173922,0.0,0.0,0.0,0.0,0.0,0.0,0.0
175002,0.0,0.0,0.0,0.0,0.0,1.0,0.0
175007,0.0,0.0,0.0,0.0,0.0,2.0,0.0
175507,0.0,0.0,0.0,0.0,0.0,0.0,0.0
179297,0.0,0.0,0.0,0.0,0.0,1.0,0.0
179300,0.0,0.0,0.0,0.0,0.0,2.0,0.0
179800,0.0,0.0,0.0,0.0,0.0,0.0,0.0
180086,0.0,0.0,0.0,0.0,0.0,1.0,0.0
180586,0.0,0.0,0.0,0.0,0.0,0.0,0.0
180936,0.0,0.0,0.0,0.0,0.0,1.0,0.0
181436,0.0,0.0,0.0,0.0,0.0,0.0,0.0
181561,0.0,0.0,0.0,0.0,0.0,1.0,0.0
182061,0.0,0.0,0.0,0.0,0.0,0.0,0.0
183007,0.0,0.0,0.0,0.0,0.0,1.0,0.0
183507,0.0,0.0,0.0,0.0,0.0,0.0,0.0
184856,0.0,0.0,0.0,0.0,0.0,1.0,0.0
185356,0.0,0.0,0.0,0.0,0.0,0.0,0.0
185743,0.0,0.0,0.0,0.0,0.0,1.0,0.0
186243,0.0,0.0,0.0,0.0,0.0,0.0,0.0
186708,0.0,0.0,0.0,0.0,0.0,1.0,0.0
187208,0.0,0.0,0.0,0.0,0.0,0.0,0.0
189169,0.0,0.0,0.0,0.0,0.0,1.0,0.0
189663,0.0,0.0,0.0,0.0,0.0,2.0,0.0
190163,0.0,0.0,0.0,0.0,0.0,0.0,0.0
190506,0.0,0.0,0.0,0.0,0.0,1.0,0.0
191006,0.0,0.0,0.0,0.0,0.0,0.0,0.0
191387,0.0,0.0,0.0,0.0,0.0,1.0,0.0
191887,0.0,0.0,0.0,0.0,0.0,0.0,0.0
198985,0.0,0.0,0.0,0.0,1.0,0.0,0.0
199277,0.0,0.0,0.0,0.0,1.0,1.0,0.0
199485,0.0,0.0,0.0,0.0,0.0,1.0,0.0
199777,0.0,0.0,0.0,0.0,0.0,0.0,0.0
200100,0.0,0.0,0.0,0.0,0.0,0.0,1.0
200119,0.0,0.0,0.0,0.0,0.0,1.0,1.0
200120,0.0,0.0,0.0,0.0,0.0,2.0,1.0
200536,0.0,0.0,0.0,0.0,1.0,2.0,1.0
200600,0.0,0.0,0.0,0.0,1.0,2.0,0.0
200620,0.0,0.0,0.0,0.0,1.0,0.0,0.0
201063,0.0,2.0,0.0,0.0,1.0,0.0,0.0
201065,0.0,2.0,0.0,0.0,1.0,1.0,0.0
201074,0.0,2.0,0.0,0.0,2.0,1.0,0.0
201075,0.0,2.0,0.0,0.0,2.0,2.0,0.0
201087,2.0,2.0,0.0,0.0,2.0,2.0,0.0
201563,2.0,0.0,0.0,0.0,2.0,2.0,0.0
201574,2.0,0.0,0.0,0.0,0.0,2.0,0.0
201575,2.0,0.0,0.0,0.0,0.0,0.0,0.0
201587,0.0,0.0,0.0,0.0,0.0,0.0,0.0
202821,0.0,0.0,0.0,0.0,0.0,1.0,0.0
203167,2.0,0.0,0.0,0.0,0.0,1.0,0.0
203321,2.0,0.0,0.0,0.0,0.0,0.0,0.0
203342,2.0,0.0,0.0,0.0,0.0,1.0,0.0
203421,2.0,0.0,0.0,0.0,0.0,2.0,0.0
203667,0.0,0.0,0.0,0.0,0.0,2.0,0.0
203921,0.0,0.0,0.0,0.0,0.0,0.0,0.0
204220,0.0,0.0,0.0,0.0,0.0,1.0,0.0
204494,0.0,0.0,0.0,0.0,0.0,2.0,0.0
204994,0.0,0.0,0.0,0.0,0.0,0.0,0.0
205773,0.0,0.0,0.0,0.0,0.0,1.0,0.0
206273,0.0,0.0,0.0,0.0,0.0,0.0,0.0
206612,0.0,0.0,0.0,0.0,0.0,1.0,0.0
207112,0.0,0.0,0.0,0.0,0.0,0.0,0.0
207754,0.0,0.0,0.0,0.0,0.0,1.0,0.0
208254,0.0,0.0,0.0,0.0,0.0,0.0,0.0
208566,0.0,0.0,1.0,0.0,0.0,0.0,0.0
209066,0.0,0.0,0.0,0.0,0.0,0.0,0.0
209122,0.0,0.0,0.0,0.0,0.0,1.0,0.0
209125,0.0,0.0,1.0,0.0,0.0,1.0,0.0
209622,0.0,0.0,1.0,0.0,0.0,0.0,0.0
209625,0.0,0.0,0.0,0.0,0.0,0.0,0.0
209643,0.0,0.0,1.0,0.0,0.0,0.0,0.0
210457,0.0,0.0,1.0,0.0,0.0,1.0,0.0
210957,0.0,0.0,1.0,0.0,0.0,0.0,0.0
211258,0.0,0.0,1.0,0.0,0.0,1.0,0.0
211758,0.0,0.0,1.0,0.0,0.0,0.0,0.0
212372,0.0,0.0,1.0,0.0,0.0,1.0,0.0
212872,0.0,0.0,1.0,0.0,0.0,0.0,0.0
214569,0.0,0.0,1.0,0.0,0.0,1.0,0.0
215069,0.0,0.0,1.0,0.0,0.0,0.0,0.0
215289,0.0,0.0,1.0,0.0,0.0,1.0,0.0
215789,0.0,0.0,1.0,0.0,0.0,0.0,0.0
215882,0.0,0.0,1.0,0.0,0.0,1.0,0.0
215888,0.0,0.0,1.0,0.0,0.0,2.0,0.0
216388,0.0,0.0,1.0,0.0,0.0,0.0,0.0
216458,0.0,2.0,1.0,0.0,0.0,0.0,0.0
216958,0.0,0.0,1.0,0.0,0.0,0.0,0.0
217744,0.0,0.0,2.0,0.0,0.0,0.0,0.0
218062,0.0,0.0,2.0,0.0,0.0,1.0,0.0
218244,0.0,0.0,1.0,0.0,0.0,1.0,0.0
218562,0.0,0.0,1.0,0.0,0.0,0.0,0.0
218744,0.0,0.0,0.0,0.0,0.0,0.0,0.0
218870,0.0,0.0,0.0,0.0,0.0,1.0,0.0
218872,0.0,0.0,0.0,0.0,0.0,2.0,0.0
219372,0.0,0.0,0.0,0.0,0.0,0.0,0.0
219483,0.0,0.0,0.0,0.0,0.0,1.0,0.0
219883,0.0,0.0,0.0,0.0,1.0,1.0,0.0
219886,0.0,0.0,0.0,0.0,1.0,2.0,0.0
219901,0.0,0.0,1.0,0.0,1.0,2.0,0.0
220383,0.0,0.0,1.0,0.0,0.0,2.0,0.0
220386,0.0,0.0,1.0,0.0,0.0,0.0,0.0
220401,0.0,0.0,0.0,0.0,0.0,0.0,0.0
220431,0.0,0.0,0.0,0.0,0.0,1.0,0.0
220438,0.0,0.0,0.0,0.0,1.0,1.0,0.0
220439,0.0,0.0,0.0,0.0,1.0,2.0,0.0
220735,2.0,0.0,0.0,0.0,1.0,2.0,0.0
220939,2.0,0.0,0.0,0.0,1.0,0.0,0.0
221235,0.0,0.0,0.0,0.0,1.0,0.0,0.0
221938,0.0,0.0,0.0,0.0,0.0,0.0,0.0
224704,0.0,0.0,0.0,0.0,0.0,1.0,0.0
225204,0.0,0.0,0.0,0.0,0.0,0.0,0.0
227024,0.0,0.0,0.0,0.0,0.0,1.0,0.0
227524,0.0,0.0,0.0,0.0,0.0,0.0,0.0
228561,0.0,0.0,0.0,0.0,0.0,1.0,0.0
229061,0.0,0.0,0.0,0.0,0.0,0.0,0.0
229108,0.0,0.0,0.0,0.0,0.0,1.0,0.0
229608,0.0,0.0,0.0,0.0,0.0,0.0,0.0
230182,0.0,0.0,0.0,0.0,0.0,1.0,0.0
230682,0.0,0.0,0.0,0.0,0.0,0.0,0.0
231499,0.0,0.0,0.0,0.0,0.0,1.0,0.0
231999,0.0,0.0,0.0,0.0,0.0,0.0,0.0
232600,0.0,0.0,0.0,0.0,0.0,1.0,0.0
233100,0.0,0.0,0.0,0.0,0.0,0.0,0.0
233653,0.0,0.0,0.0,0.0,0.0,1.0,0.0
234034,0.0,0.0,0.0,0.0,0.0,2.0,0.0
234534,0.0,0.0,0.0,0.0,0.0,0.0,0.0
234818,0.0,0.0,0.0,0.0,0.0,1.0,0.0
234828,0.0,0.0,0.0,0.0,0.0,2.0,0.0
235317,0.0,2.0,0.0,0.0,0.0,2.0,0.0
235328,0.0,2.0,0.0,0.0,0.0,0.0,0.0
235483,0.0,2.0,0.0,0.0,0.0,1.0,0.0
235817,0.0,0.0,0.0,0.0,0.0,1.0,0.0
235983,0.0,0.0,0.0,0.0,0.0,0.0,0.0
238225,0.0,0.0,0.0,0.0,0.0,1.0,0.0
238725,0.0,0.0,0.0,0.0,0.0,0.0,0.0
238998,0.0,0.0,0.0,0.0,0.0,1.0,0.0
239498,0.0,0.0,0.0,0.0,0.0,0.0,0.0
240073,0.0,0.0,0.0,0.0,0.0,1.0,0.0
240075,0.0,0.0,0.0,0.0,0.0,2.0,0.0
240575,0.0,0.0,0.0,0.0,0.0,0.0,0.0
241239,0.0,0.0,0.0,0.0,0.0,1.0,0.0
241675,0.0,0.0,0.0,0.0,0.0,2.0,0.0
242175,0.0,0.0,0.0,0.0,0.0,0.0,0.0
244180,0.0,0.0,0.0,0.0,0.0,1.0,0.0
244680,0.0,0.0,0.0,0.0,0.0,0.0,0.0
244994,0.0,0.0,0.0,0.0,0.0,1.0,0.0
245494,0.0,0.0,0.0,0.0,0.0,0.0,0.0
245958,0.0,0.0,0.0,0.0,0.0,1.0,0.0
246458,0.0,0.0,0.0,0.0,0.0,0.0,0.0
246717,0.0,0.0,0.0,0.0,0.0,1.0,0.0
247217,0.0,0.0,0.0,0.0,0.0,0.0,0.0
247483,0.0,0.0,0.0,0.0,0.0,1.0,0.0
247983,0.0,0.0,0.0,0.0,0.0,0.0,0.0
249616,0.0,0.0,0.0,0.0,0.0,1.0,0.0
250116,0.0,0.0,0.0,0.0,0.0,0.0,0.0
252056,0.0,0.0,0.0,0.0,0.0,1.0,0.0
252556,0.0,0.0,0.0,0.0,0.0,0.0,0.0
254940,0.0,0.0,0.0,0.0,0.0,1.0,0.0
254942,0.0,0.0,0.0,0.0,0.0,2.0,0.0
255442,0.0,0.0,0.0,0.0,0.0,0.0,0.0
255668,0.0,0.0,0.0,0.0,0.0,1.0,0.0
255669,0.0,0.0,0.0,0.0,0.0,2.0,0.0
256169,0.0,0.0,0.0,0.0,0.0,0.0,0.0
256288,0.0,0.0,0.0,0.0,0.0,1.0,0.0
256788,0.0,0.0,0.0,0.0,0.0,0.0,0.0
256900,0.0,0.0,0.0,0.0,0.0,1.0,0.0
257400,0.0,0.0,0.0,0.0,0.0,0.0,0.0
257959,0.0,0.0,0.0,0.0,0.0,1.0,0.0
258077,0.0,0.0,0.0,0.0,0.0,2.0,0.0
258577,0.0,0.0,0.0,0.0,0.0,0.0,0.0
260287,0.0,0.0,0.0,0.0,0.0,1.0,0.0
260666,0.0,0.0,0.0,0.0,0.0,2.0,0.0
261166,0.0,0.0,0.0,0.0,0.0,0.0,0.0
262565,0.0,0.0,0.0,0.0,0.0,1.0,0.0
262567,0.0,0.0,0.0,0.0,0.0,2.0,0.0
263067,0.0,0.0,0.0,0.0,0.0,0.0,0.0
263144,0.0,0.0,0.0,0.0,0.0,1.0,0.0
263644,0.0,0.0,0.0,0.0,0.0,0.0,0.0
263661,0.0,0.0,0.0,0.0,0.0,1.0,0.0
264161,0.0,0.0,0.0,0.0,0.0,0.0,0.0
265455,0.0,0.0,0.0,0.0,0.0,1.0,0.0
265955,0.0,0.0,0.0,0.0,0.0,0.0,0.0
266218,0.0,0.0,0.0,0.0,0.0,1.0,0.0
266718,0.0,0.0,0.0,0.0,0.0,0.0,0.0
267963,0.0,0.0,0.0,0.0,0.0,1.0,0.0
268463,0.0,0.0,0.0,0.0,0.0,0.0,0.0
269018,0.0,0.0,0.0,0.0,0.0,1.0,0.0
269518,0.0,0.0,0.0,0.0,0.0,0.0,0.0
269784,0.0,0.0,0.0,0.0,0.0,1.0,0.0
270284,0.0,0.0,0.0,0.0,0.0,0.0,0.0
270876,0.0,0.0,0.0,0.0,0.0,1.0,0.0
271175,0.0,0.0,0.0,0.0,0.0,2.0,0.0
271675,0.0,0.0,0.0,0.0,0.0,0.0,0.0
272746,0.0,0.0,0.0,0.0,0.0,1.0,0.0
273246,0.0,0.0,0.0,0.0,0.0,0.0,0.0
274873,0.0,0.0,0.0,0.0,0.0,1.0,0.0
275373,0.0,0.0,0.0,0.0,0.0,0.0,0.0
275604,0.0,0.0,0.0,0.0,0.0,1.0,0.0
276104,0.0,0.0,0.0,0.0,0.0,0.0,0.0
277989,0.0,0.0,0.0,0.0,0.0,1.0,0.0
278489,0.0,0.0,0.0,0.0,0.0,0.0,0.0
278538,0.0,0.0,0.0,0.0,0.0,1.0,0.0
279038,0.0,0.0,0.0,0.0,0.0,0.0,0.0
280044,0.0,0.0,0.0,0.0,0.0,1.0,0.0
280053,0.0,0.0,0.0,0.0,0.0,2.0,0.0
280553,0.0,0.0,0.0,0.0,0.0,0.0,0.0
280867,0.0,0.0,0.0,0.0,0.0,1.0,0.0
280869,0.0,0.0,0.0,0.0,0.0,2.0,0.0
280932,0.0,2.0,0.0,0.0,0.0,2.0,0.0
281369,0.0,2.0,0.0,0.0,0.0,0.0,0.0
281432,0.0,0.0,0.0,0.0,0.0,0.0,0.0
281500,0.0,0.0,0.0,0.0,0.0,1.0,0.0
281502,0.0,0.0,0.0,0.0,0.0,2.0,0.0
282002,0.0,0.0,0.0,0.0,0.0,0.0,0.0
283040,0.0,0.0,0.0,0.0,0.0,1.0,0.0
283540,0.0,0.0,0.0,0.0,0.0,0.0,0.0
283889,0.0,0.0,0.0,0.0,0.0,1.0,0.0
283891,0.0,0.0,0.0,0.0,0.0,2.0,0.0
284391,0.0,0.0,0.0,0.0,0.0,0.0,0.0
285001,0.0,0.0,0.0,0.0,0.0,1.0,0.0
285501,0.0,0.0,0.0,0.0,0.0,0.0,0.0
286083,0.0,0.0,0.0,0.0,0.0,1.0,0.0
286085,0.0,0.0,0.0,0.0,0.0,2.0,0.0
286585,0.0,0.0,0.0,0.0,0.0,0.0,0.0
287534,0.0,0.0,0.0,0.0,0.0,1.0,0.0
287668,0.0,0.0,0.0,0.0,0.0,2.0,0.0
288168,0.0,0.0,0.0,0.0,0.0,0.0,0.0
289072,0.0,0.0,0.0,0.0,0.0,1.0,0.0
289408,0.0,0.0,0.0,0.0,0.0,2.0,0.0
289908,0.0,0.0,0.0,0.0,0.0,0.0,0.0
290644,0.0,0.0,0.0,0.0,0.0,1.0,0.0
291144,0.0,0.0,0.0,0.0,0.0,0.0,0.0
291608,0.0,0.0,0.0,0.0,0.0,1.0,0.0
291610,0.0,0.0,0.0,0.0,0.0,2.0,0.0
292110,0.0,0.0,0.0,0.0,0.0,0.0,0.0
292464,0.0,0.0,0.0,0.0,0.0,1.0,0.0
292964,0.0,0.0,0.0,0.0,0.0,0.0,0.0
293985,0.0,0.0,0.0,0.0,0.0,1.0,0.0
294485,0.0,0.0,0.0,0.0,0.0,0.0,0.0
295501,0.0,2.0,0.0,0.0,0.0,1.0,0.0
296001,0.0,0.0,0.0,0.0,0.0,0.0,0.0
296282,0.0,0.0,0.0,0.0,0.0,1.0,0.0
296782,0.0,0.0,0.0,0.0,0.0,0.0,0.0
296815,0.0,0.0,0.0,0.0,0.0,1.0,0.0
297315,0.0,0.0,0.0,0.0,0.0,0.0,0.0
297331,0.0,0.0,0.0,0.0,0.0,1.0,0.0
297831,0.0,0.0,0.0,0.0,0.0,0.0,0.0
299062,0.0,0.0,0.0,0.0,0.0,1.0,0.0
299562,0.0,0.0,0.0,0.0,0.0,0.0,0.0
306424,0.0,0.0,0.0,0.0,0.0,1.0,0.0
306924,0.0,0.0,0.0,0.0,0.0,0.0,0.0
307313,0.0,0.0,0.0,0.0,0.0,1.0,0.0
307813,0.0,0.0,0.0,0.0,0.0,0.0,0.0
312247,0.0,0.0,0.0,0.0,0.0,1.0,0.0
312248,0.0,0.0,0.0,0.0,0.0,2.0,0.0
312748,0.0,0.0,0.0,0.0,0.0,0.0,0.0
314310,0.0,0.0,0.0,0.0,0.0,1.0,0.0
314317,0.0,0.0,0.0,0.0,0.0,2.0,0.0
314817,0.0,0.0,0.0,0.0,0.0,0.0,0.0
315071,0.0,0.0,0.0,0.0,0.0,1.0,0.0
315571,0.0,0.0,0.0,0.0,0.0,0.0,0.0
317719,0.0,0.0,0.0,0.0,0.0,1.0,0.0
318219,0.0,0.0,0.0,0.0,0.0,0.0,0.0
318784,0.0,0.0,0.0,0.0,0.0,1.0,0.0
319284,0.0,0.0,0.0,0.0,0.0,0.0,0.0
320797,0.0,0.0,0.0,0.0,0.0,1.0,0.0
321297,0.0,0.0,0.0,0.0,0.0,0.0,0.0
321879,0.0,0.0,0.0,0.0,0.0,1.0,0.0
322379,0.0,0.0,0.0,0.0,0.0,0.0,0.0
323252,0.0,0.0,0.0,0.0,0.0,1.0,0.0
323752,0.0,0.0,0.0,0.0,0.0,0.0,0.0
327994,0.0,0.0,0.0,0.0,0.0,1.0,0.0
328494,0.0,0.0,0.0,0.0,0.0,0.0,0.0
329877,0.0,0.0,0.0,0.0,0.0,1.0,0.0
330377,0.0,0.0,0.0,0.0,0.0,0.0,0.0
330875,0.0,0.0,0.0,0.0,0.0,1.0,0.0
331375,0.0,0.0,0.0,0.0,0.0,0.0,0.0
332136,0.0,0.0,0.0,0.0,0.0,1.0,0.0
332636,0.0,0.0,0.0,0.0,0.0,0.0,0.0
333867,0.0,0.0,0.0,0.0,0.0,1.0,0.0
334367,0.0,0.0,0.0,0.0,0.0,0.0,0.0
334698,0.0,0.0,0.0,0.0,0.0,1.0,0.0
335198,0.0,0.0,0.0,0.0,0.0,0.0,0.0
335725,0.0,0.0,0.0,0.0,0.0,1.0,0.0
336225,0.0,0.0,0.0,0.0,0.0,0.0,0.0
337454,0.0,0.0,0.0,0.0,0.0,1.0,0.0
337954,0.0,0.0,0.0,0.0,0.0,0.0,0.0
340309,0.0,0.0,0.0,0.0,0.0,1.0,0.0
340809,0.0,0.0,0.0,0.0,0.0,0.0,0.0
341017,0.0,0.0,0.0,0.0,0.0,1.0,0.0
341517,0.0,0.0,0.0,0.0,0.0,0.0,0.0
341953,0.0,0.0,0.0,0.0,0.0,1.0,0.0
342453,0.0,0.0,0.0,0.0,0.0,0.0,0.0
344232,0.0,0.0,0.0,0.0,0.0,1.0,0.0
344732,0.0,0.0,0.0,0.0,0.0,0.0,0.0
345754,0.0,0.0,0.0,0.0,0.0,1.0,0.0
345755,0.0,0.0,0.0,0.0,0.0,2.0,0.0
346255,0.0,0.0,0.0,0.0,0.0,0.0,0.0
351000,0.0,0.0,0.0,0.0,0.0,1.0,0.0
351500,0.0,0.0,0.0,0.0,0.0,0.0,0.0
351890,0.0,0.0,0.0,0.0,0.0,1.0,0.0
352390,0.0,0.0,0.0,0.0,0.0,0.0,0.0
353114,0.0,0.0,0.0,0.0,0.0,1.0,0.0
353614,0.0,0.0,0.0,0.0,0.0,0.0,0.0
357694,0.0,0.0,0.0,0.0,0.0,1.0,0.0
358194,0.0,0.0,0.0,0.0,0.0,0.0,0.0
359361,0.0,0.0,0.0,0.0,0.0,1.0,0.0
359861,0.0,0.0,0.0,0.0,0.0,0.0,0.0
361271,0.0,0.0,0.0,0.0,0.0,1.0,0.0
361272,0.0,0.0,0.0,0.0,0.0,2.0,0.0
361772,0.0,0.0,0.0,0.0,0.0,0.0,0.0
363607,0.0,0.0,0.0,0.0,0.0,1.0,0.0
364107,0.0,0.0,0.0,0.0,0.0,0.0,0.0
364216,0.0,0.0,0.0,0.0,0.0,1.0,0.0
364698,0.0,2.0,0.0,0.0,0.0,1.0,0.0
364716,0.0,2.0,0.0,0.0,0.0,0.0,0.0
364761,0.0,2.0,0.0,0.0,0.0,1.0,0.0
365198,0.0,0.0,0.0,0.0,0.0,1.0,0.0
365261,0.0,0.0,0.0,0.0,0.0,0.0,0.0
366473,0.0,0.0,0.0,0.0,0.0,1.0,0.0
366973,0.0,0.0,0.0,0.0,0.0,0.0,0.0
367138,0.0,0.0,0.0,0.0,0.0,1.0,0.0
367638,0.0,0.0,0.0,0.0,0.0,0.0,0.0
369493,0.0,0.0,0.0,0.0,0.0,1.0,0.0
369993,0.0,0.0,0.0,0.0,0.0,0.0,0.0
370294,0.0,0.0,0.0,0.0,0.0,1.0,0.0
370794,0.0,0.0,0.0,0.0,0.0,0.0,0.0
372847,0.0,0.0,0.0,0.0,0.0,1.0,0.0
373347,0.0,0.0,0.0,0.0,0.0,0.0,0.0
373505,0.0,0.0,0.0,0.0,0.0,1.0,0.0
374005,0.0,0.0,0.0,0.0,0.0,0.0,0.0
375339,0.0,0.0,0.0,0.0,0.0,1.0,0.0
375839,0.0,0.0,0.0,0.0,0.0,0.0,0.0
380630,0.0,0.0,0.0,0.0,0.0,1.0,0.0
381130,0.0,0.0,0.0,0.0,0.0,0.0,0.0
385412,0.0,0.0,0.0,0.0,0.0,1.0,0.0
385912,0.0,0.0,0.0,0.0,0.0,0.0,0.0
386767,0.0,0.0,0.0,0.0,0.0,1.0,0.0
386770,0.0,0.0,0.0,0.0,0.0,2.0,0.0
387270,0.0,0.0,0.0,0.0,0.0,0.0,0.0
387469,0.0,0.0,0.0,0.0,0.0,1.0,0.0
387969,0.0,0.0,0.0,0.0,0.0,0.0,0.0
389724,0.0,0.0,0.0,0.0,0.0,1.0,0.0
390224,0.0,0.0,0.0,0.0,0.0,0.0,0.0
392282,0.0,0.0,0.0,0.0,0.0,1.0,0.0
392782,0.0,0.0,0.0,0.0,0.0,0.0,0.0
396252,0.0,0.0,0.0,0.0,0.0,1.0,0.0
396752,0.0,0.0,0.0,0.0,0.0,0.0,0.0
398433,0.0,0.0,0.0,0.0,0.0,1.0,0.0
398933,0.0,0.0,0.0,0.0,0.0,0.0,0.0
400300,0.0,0.0,0.0,0.0,0.0,0.0,1.0
400469,0.0,0.0,0.0,0.0,0.0,1.0,1.0
400800,0.0,0.0,0.0,0.0,0.0,1.0,0.0
400969,0.0,0.0,0.0,0.0,0.0,0.0,0.0
400984,0.0,0.0,0.0,0.0,0.0,1.0,0.0
401094,0.0,2.0,0.0,0.0,0.0,1.0,0.0
401119,2.0,2.0,0.0,0.0,0.0,1.0,0.0
401159,2.0,2.0,0.0,0.0,0.0,2.0,0.0
401594,2.0,0.0,0.0,0.0,0.0,2.0,0.0
401619,0.0,0.0,0.0,0.0,0.0,2.0,0.0
401659,0.0,0.0,0.0,0.0,0.0,0.0,0.0
402813,0.0,0.0,0.0,0.0,1.0,0.0,0.0
403543,0.0,0.0,0.0,0.0,1.0,1.0,0.0
404043,0.0,0.0,0.0,0.0,1.0,0.0,0.0
404049,0.0,0.0,0.0,0.0,2.0,0.0,0.0
404549,0.0,0.0,0.0,0.0,0.0,0.0,0.0
404754,0.0,0.0,0.0,0.0,1.0,0.0,0.0
404941,0.0,0.0,0.0,0.0,1.0,1.0,0.0
405074,0.0,0.0,0.0,0.0,1.0,2.0,0.0
405254,0.0,0.0,0.0,0.0,0.0,2.0,0.0
405574,0.0,0.0,0.0,0.0,0.0,0.0,0.0
405626,0.0,0.0,0.0,0.0,1.0,1.0,0.0
406126,0.0,0.0,0.0,0.0,0.0,0.0,0.0
406730,0.0,0.0,1.0,0.0,0.0,0.0,0.0
406816,0.0,0.0,1.0,0.0,0.0,1.0,0.0
406837,0.0,0.0,1.0,0.0,0.0,2.0,0.0
407337,0.0,0.0,1.0,0.0,0.0,0.0,0.0
409743,0.0,0.0,1.0,0.0,0.0,1.0,0.0
410243,0.0,0.0,1.0,0.0,0.0,0.0,0.0
411347,0.0,0.0,1.0,0.0,0.0,1.0,0.0
411657,0.0,0.0,1.0,0.0,0.0,2.0,0.0
412157,0.0,0.0,1.0,0.0,0.0,0.0,0.0
412530,0.0,0.0,1.0,0.0,0.0,1.0,0.0
413030,0.0,0.0,1.0,0.0,0.0,0.0,0.0
413717,0.0,0.0,1.0,0.0,0.0,1.0,0.0
414217,0.0,0.0,1.0,0.0,0.0,0.0,0.0
414237,0.0,0.0,1.0,0.0,0.0,1.0,0.0
414737,0.0,0.0,1.0,0.0,0.0,0.0,0.0
415451,0.0,0.0,1.0,0.0,0.0,1.0,0.0
415951,0.0,0.0,1.0,0.0,0.0,0.0,0.0
416183,0.0,0.0,1.0,0.0,0.0,1.0,0.0
416376,0.0,0.0,2.0,0.0,0.0,1.0,0.0
416683,0.0,0.0,2.0,0.0,0.0,0.0,0.0
416876,0.0,0.0,0.0,0.0,0.0,0.0,0.0
417508,0.0,0.0,0.0,0.0,0.0,1.0,0.0
417522,0.0,0.0,0.0,0.0,0.0,2.0,0.0
418022,0.0,0.0,0.0,0.0,0.0,0.0,0.0
418096,0.0,0.0,0.0,0.0,0.0,1.0,0.0
418596,0.0,0.0,0.0,0.0,0.0,0.0,0.0
418859,0.0,0.0,1.0,0.0,0.0,0.0,0.0
419156,0.0,2.0,1.0,0.0,0.0,0.0,0.0
419656,0.0,0.0,1.0,0.0,0.0,0.0,0.0
419859,0.0,0.0,0.0,0.0,0.0,0.0,0.0
420763,0.0,0.0,0.0,0.0,0.0,1.0,0.0
421263,0.0,0.0,0.0,0.0,0.0,0.0,0.0
421291,0.0,0.0,0.0,0.0,0.0,1.0,0.0
421791,0.0,0.0,0.0,0.0,0.0,0.0,0.0
422252,0.0,0.0,0.0,0.0,0.0,1.0,0.0
422376,0.0,0.0,0.0,0.0,0.0,2.0,0.0
422876,0.0,0.0,0.0,0.0,0.0,0.0,0.0
423543,0.0,0.0,0.0,0.0,0.0,1.0,0.0
424043,0.0,0.0,0.0,0.0,0.0,0.0,0.0
425407,0.0,0.0,0.0,0.0,0.0,1.0,0.0
425423,0.0,0.0,0.0,0.0,0.0,2.0,0.0
425923,0.0,0.0,0.0,0.0,0.0,0.0,0.0
428281,0.0,0.0,0.0,0.0,1.0,0.0,0.0
428781,0.0,0.0,0.0,0.0,0.0,0.0,0.0
429350,0.0,0.0,0.0,0.0,1.0,0.0,0.0
429358,0.0,0.0,0.0,0.0,1.0,1.0,0.0
429809,0.0,0.0,0.0,0.0,1.0,2.0,0.0
429850,0.0,0.0,0.0,0.0,0.0,2.0,0.0
430309,0.0,0.0,0.0,0.0,0.0,0.0,0.0
431797,0.0,0.0,0.0,0.0,0.0,1.0,0.0
431806,0.0,0.0,0.0,0.0,0.0,2.0,0.0
432306,0.0,0.0,0.0,0.0,0.0,0.0,0.0
432354,0.0,0.0,0.0,0.0,0.0,1.0,0.0
432854,0.0,0.0,0.0,0.0,0.0,0.0,0.0
433128,0.0,2.0,0.0,0.0,0.0,0.0,0.0
433131,0.0,2.0,0.0,0.0,0.0,1.0,0.0
433628,0.0,0.0,0.0,0.0,0.0,1.0,0.0
433631,0.0,0.0,0.0,0.0,0.0,0.0,0.0
438548,0.0,0.0,0.0,0.0,0.0,1.0,0.0
438554,0.0,0.0,0.0,0.0,0.0,2.0,0.0
439054,0.0,0.0,0.0,0.0,0.0,0.0,0.0
440269,0.0,0.0,0.0,0.0,0.0,1.0,0.0
440769,0.0,0.0,0.0,0.0,0.0,0.0,0.0
441269,0.0,0.0,0.0,0.0,0.0,1.0,0.0
441769,0.0,0.0,0.0,0.0,0.0,0.0,0.0
442878,0.0,0.0,0.0,0.0,0.0,1.0,0.0
442880,0.0,0.0,0.0,0.0,0.0,2.0,0.0
443380,0.0,0.0,0.0,0.0,0.0,0.0,0.0
444824,0.0,0.0,0.0,0.0,0.0,1.0,0.0
444826,0.0,0.0,0.0,0.0,0.0,2.0,0.0
445326,0.0,0.0,0.0,0.0,0.0,0.0,0.0
448358,0.0,0.0,0.0,0.0,0.0,1.0,0.0
448858,0.0,0.0,0.0,0.0,0.0,0.0,0.0
449036,0.0,0.0,0.0,0.0,0.0,1.0,0.0
449536,0.0,0.0,0.0,0.0,0.0,0.0,0.0
449762,0.0,0.0,0.0,0.0,0.0,1.0,0.0
449764,0.0,0.0,0.0,0.0,0.0,2.0,0.0
450264,0.0,0.0,0.0,0.0,0.0,0.0,0.0
450508,0.0,0.0,0.0,0.0,0.0,1.0,0.0
451008,0.0,0.0,0.0,0.0,0.0,0.0,0.0
452283,0.0,0.0,0.0,0.0,0.0,1.0,0.0
452783,0.0,0.0,0.0,0.0,0.0,0.0,0.0
452963,0.0,0.0,0.0,0.0,0.0,1.0,0.0
453463,0.0,0.0,0.0,0.0,0.0,0.0,0.0
453753,0.0,0.0,0.0,0.0,0.0,1.0,0.0
453772,0.0,0.0,0.0,0.0,0.0,2.0,0.0
454272,0.0,0.0,0.0,0.0,0.0,0.0,0.0
455609,0.0,0.0,0.0,0.0,0.0,1.0,0.0
456109,0.0,0.0,0.0,0.0,0.0,0.0,0.0
458007,0.0,0.0,0.0,0.0,0.0,1.0,0.0
458016,0.0,0.0,0.0,0.0,0.0,2.0,0.0
458516,0.0,0.0,0.0,0.0,0.0,0.0,0.0
459083,0.0,0.0,0.0,0.0,0.0,1.0,0.0
459085,0.0,0.0,0.0,0.0,0.0,2.0,0.0
459585,0.0,0.0,0.0,0.0,0.0,0.0,0.0
459636,0.0,2.0,0.0,0.0,0.0,0.0,0.0
459639,0.0,2.0,0.0,0.0,0.0,1.0,0.0
460136,0.0,0.0,0.0,0.0,0.0,1.0,0.0
460139,0.0,0.0,0.0,0.0,0.0,0.0,0.0
460251,0.0,0.0,0.0,0.0,0.0,1.0,0.0
460751,0.0,0.0,0.0,0.0,0.0,0.0,0.0
461553,0.0,0.0,0.0,0.0,0.0,1.0,0.0
462053,0.0,0.0,0.0,0.0,0.0,0.0,0.0
462673,0.0,0.0,0.0,0.0,0.0,1.0,0.0
463173,0.0,0.0,0.0,0.0,0.0,0.0,0.0
464302,0.0,0.0,0.0,0.0,0.0,1.0,0.0
464802,0.0,0.0,0.0,0.0,0.0,0.0,0.0
465886,0.0,0.0,0.0,0.0,0.0,1.0,0.0
466386,0.0,0.0,0.0,0.0,0.0,0.0,0.0
469447,0.0,0.0,0.0,0.0,0.0,1.0,0.0
469947,0.0,0.0,0.0,0.0,0.0,0.0,0.0
470042,0.0,0.0,0.0,0.0,0.0,1.0,0.0
470057,0.0,0.0,0.0,0.0,0.0,2.0,0.0
470557,0.0,0.0,0.0,0.0,0.0,0.0,0.0
470572,0.0,0.0,0.0,0.0,0.0,1.0,0.0
471072,0.0,0.0,0.0,0.0,0.0,0.0,0.0
472653,0.0,0.0,0.0,0.0,0.0,1.0,0.0
473153,0.0,0.0,0.0,0.0,0.0,0.0,0.0
474678,0.0,0.0,0.0,0.0,1.0,0.0,0.0
474681,0.0,0.0,0.0,0.0,1.0,1.0,0.0
475178,0.0,0.0,0.0,0.0,0.0,1.0,0.0
475181,0.0,0.0,0.0,0.0,0.0,0.0,0.0
475375,0.0,0.0,0.0,0.0,0.0,1.0,0.0
475875,0.0,0.0,0.0,0.0,0.0,0.0,0.0
476052,0.0,0.0,0.0,0.0,0.0,1.0,0.0
476552,0.0,0.0,0.0,0.0,0.0,0.0,0.0
476692,0.0,0.0,0.0,0.0,0.0,1.0,0.0
476714,0.0,0.0,0.0,0.0,0.0,2.0,0.0
477214,0.0,0.0,0.0,0.0,0.0,0.0,0.0
477718,0.0,0.0,0.0,0.0,0.0,1.0,0.0
477918,0.0,0.0,0.0,0.0,0.0,2.0,0.0
477993,0.0,2.0,0.0,0.0,0.0,2.0,0.0
478418,0.0,2.0,0.0,0.0,0.0,0.0,0.0
478493,0.0,0.0,0.0,0.0,0.0,0.0,0.0
480855,0.0,0.0,0.0,0.0,0.0,1.0,0.0
481355,0.0,0.0,0.0,0.0,0.0,0.0,0.0
481478,0.0,0.0,0.0,0.0,0.0,1.0,0.0
481978,0.0,0.0,0.0,0.0,0.0,0.0,0.0
482430,0.0,0.0,0.0,0.0,0.0,1.0,0.0
482432,0.0,0.0,0.0,0.0,0.0,2.0,0.0
482932,0.0,0.0,0.0,0.0,0.0,0.0,0.0
483648,0.0,0.0,0.0,0.0,0.0,1.0,0.0
484148,0.0,0.0,0.0,0.0,0.0,0.0,0.0
484720,0.0,0.0,0.0,0.0,0.0,1.0,0.0
484765,0.0,0.0,0.0,0.0,0.0,2.0,0.0
485265,0.0,0.0,0.0,0.0,0.0,0.0,0.0
485684,0.0,0.0,0.0,0.0,0.0,1.0,0.0
485688,0.0,0.0,0.0,0.0,0.0,2.0,0.0
486188,0.0,0.0,0.0,0.0,0.0,0.0,0.0
486527,0.0,0.0,0.0,0.0,0.0,1.0,0.0
487027,0.0,0.0,0.0,0.0,0.0,0.0,0.0
487084,0.0,0.0,0.0,0.0,0.0,1.0,0.0
487584,0.0,0.0,0.0,0.0,0.0,0.0,0.0
488029,0.0,0.0,0.0,0.0,0.0,1.0,0.0
488529,0.0,0.0,0.0,0.0,0.0,0.0,0.0
488945,0.0,0.0,0.0,0.0,0.0,1.0,0.0
489445,0.0,0.0,0.0,0.0,0.0,0.0,0.0
489641,0.0,0.0,0.0,0.0,0.0,1.0,0.0
489764,0.0,0.0,0.0,0.0,1.0,1.0,0.0
490141,0.0,0.0,0.0,0.0,1.0,0.0,0.0
490264,0.0,0.0,0.0,0.0,0.0,0.0,0.0
491069,0.0,0.0,0.0,0.0,0.0,1.0,0.0
491569,0.0,0.0,0.0,0.0,0.0,0.0,0.0
492249,0.0,0.0,0.0,0.0,0.0,1.0,0.0
492749,0.0,0.0,0.0,0.0,0.0,0.0,0.0
493646,0.0,0.0,0.0,0.0,0.0,1.0,0.0
494146,0.0,0.0,0.0,0.0,0.0,0.0,0.0
496485,0.0,0.0,0.0,0.0,0.0,1.0,0.0
496985,0.0,0.0,0.0,0.0,0.0,0.0,0.0
497463,0.0,0.0,0.0,0.0,0.0,1.0,0.0
497963,0.0,0.0,0.0,0.0,0.0,0.0,0.0
498380,0.0,0.0,0.0,0.0,0.0,1.0,0.0
498880,0.0,0.0,0.0,0.0,0.0,0.0,0.0
499754,0.0,0.0,0.0,0.0,0.0,1.0,0.0
500254,0.0,0.0,0.0,0.0,0.0,0.0,0.0
502938,0.0,0.0,0.0,0.0,1.0,0.0,0.0
502963,0.0,0.0,0.0,0.0,1.0,1.0,0.0
503438,0.0,0.0,0.0,0.0,0.0,1.0,0.0
503463,0.0,0.0,0.0,0.0,0.0,0.0,0.0
505427,0.0,0.0,0.0,0.0,0.0,1.0,0.0
505927,0.0,0.0,0.0,0.0,0.0,0.0,0.0
507418,0.0,0.0,0.0,0.0,0.0,1.0,0.0
507657,0.0,0.0,0.0,0.0,0.0,2.0,0.0
508157,0.0,0.0,0.0,0.0,0.0,0.0,0.0
508354,0.0,0.0,0.0,0.0,0.0,1.0,0.0
508854,0.0,0.0,0.0,0.0,0.0,0.0,0.0
511083,0.0,0.0,0.0,0.0,0.0,1.0,0.0
511583,0.0,0.0,0.0,0.0,0.0,0.0,0.0
511628,0.0,0.0,0.0,0.0,0.0,1.0,0.0
512128,0.0,0.0,0.0,0.0,0.0,0.0,0.0
516936,0.0,0.0,0.0,0.0,0.0,1.0,0.0
517436,0.0,0.0,0.0,0.0,0.0,0.0,0.0
518274,0.0,0.0,0.0,0.0,0.0,1.0,0.0
518774,0.0,0.0,0.0,0.0,0.0,0.0,0.0
519421,0.0,0.0,0.0,0.0,0.0,1.0,0.0
519921,0.0,0.0,0.0,0.0,0.0,0.0,0.0
521766,0.0,0.0,0.0,0.0,0.0,1.0,0.0
522266,0.0,0.0,0.0,0.0,0.0,0.0,0.0
522655,0.0,0.0,0.0,0.0,0.0,1.0,0.0
523155,0.0,0.0,0.0,0.0,0.0,0.0,0.0
524197,0.0,0.0,0.0,0.0,0.0,1.0,0.0
524697,0.0,0.0,0.0,0.0,0.0,0.0,0.0
526036,0.0,0.0,0.0,0.0,0.0,1.0,0.0
526134,0.0,0.0,0.0,0.0,0.0,2.0,0.0
526634,0.0,0.0,0.0,0.0,0.0,0.0,0.0
527994,0.0,0.0,0.0,0.0,0.0,1.0,0.0
528494,0.0,0.0,0.0,0.0,0.0,0.0,0.0
530392,0.0,0.0,0.0,0.0,0.0,1.0,0.0
530892,0.0,0.0,0.0,0.0,0.0,0.0,0.0
530960,0.0,0.0,0.0,0.0,0.0,1.0,0.0
531460,0.0,0.0,0.0,0.0,0.0,0.0,0.0
533101,0.0,0.0,0.0,0.0,0.0,1.0,0.0
533601,0.0,0.0,0.0,0.0,0.0,0.0,0.0
534676,0.0,0.0,0.0,0.0,0.0,1.0,0.0
535176,0.0,0.0,0.0,0.0,0.0,0.0,0.0
536066,0.0,0.0,0.0,0.0,0.0,1.0,0.0
536071,0.0,0.0,0.0,0.0,0.0,2.0,0.0
536571,0.0,0.0,0.0,0.0,0.0,0.0,0.0
537264,0.0,0.0,0.0,0.0,0.0,1.0,0.0
537764,0.0,0.0,0.0,0.0,0.0,0.0,0.0
538086,0.0,0.0,0.0,0.0,0.0,1.0,0.0
538586,0.0,0.0,0.0,0.0,0.0,0.0,0.0
540097,0.0,0.0,0.0,0.0,0.0,1.0,0.0
540597,0.0,0.0,0.0,0.0,0.0,0.0,0.0
542768,0.0,0.0,0.0,0.0,0.0,1.0,0.0
543268,0.0,0.0,0.0,0.0,0.0,0.0,0.0
545166,0.0,0.0,0.0,0.0,0.0,1.0,0.0
545666,0.0,0.0,0.0,0.0,0.0,0.0,0.0
546245,0.0,0.0,0.0,0.0,0.0,1.0,0.0
546745,0.0,0.0,0.0,0.0,0.0,0.0,0.0
548314,0.0,0.0,0.0,0.0,0.0,1.0,0.0
548814,0.0,0.0,0.0,0.0,0.0,0.0,0.0
550959,0.0,0.0,0.0,0.0,0.0,1.0,0.0
551459,0.0,0.0,0.0,0.0,0.0,0.0,0.0
552060,0.0,0.0,0.0,0.0,0.0,1.0,0.0
552129,0.0,0.0,0.0,0.0,0.0,2.0,0.0
552629,0.0,0.0,0.0,0.0,0.0,0.0,0.0
554215,0.0,0.0,0.0,0.0,0.0,1.0,0.0
554715,0.0,0.0,0.0,0.0,0.0,0.0,0.0
556695,0.0,0.0,0.0,0.0,0.0,1.0,0.0
557195,0.0,0.0,0.0,0.0,0.0,0.0,0.0
558354,0.0,0.0,0.0,0.0,0.0,1.0,0.0
558359,0.0,0.0,0.0,0.0,0.0,2.0,0.0
558859,0.0,0.0,0.0,0.0,0.0,0.0,0.0
560789,0.0,0.0,0.0,0.0,1.0,0.0,0.0
561289,0.0,0.0,0.0,0.0,0.0,0.0,0.0
561528,0.0,0.0,0.0,0.0,0.0,1.0,0.0
562028,0.0,0.0,0.0,0.0,0.0,0.0,0.0
566915,0.0,0.0,0.0,0.0,1.0,0.0,0.0
567415,0.0,0.0,0.0,0.0,0.0,0.0,0.0
567972,0.0,0.0,0.0,0.0,0.0,1.0,0.0
568472,0.0,0.0,0.0,0.0,0.0,0.0,0.0
568938,0.0,0.0,0.0,0.0,0.0,1.0,0.0
569438,0.0,0.0,0.0,0.0,0.0,0.0,0.0
573504,0.0,0.0,0.0,0.0,0.0,1.0,0.0
574004,0.0,0.0,0.0,0.0,0.0,0.0,0.0
574096,0.0,0.0,0.0,0.0,0.0,1.0,0.0
574596,0.0,0.0,0.0,0.0,0.0,0.0,0.0
574726,0.0,0.0,0.0,0.0,1.0,0.0,0.0
575226,0.0,0.0,0.0,0.0,0.0,0.0,0.0
576436,0.0,0.0,0.0,0.0,0.0,1.0,0.0
576936,0.0,0.0,0.0,0.0,0.0,0.0,0.0
577450,0.0,0.0,0.0,0.0,0.0,1.0,0.0
577950,0.0,0.0,0.0,0.0,0.0,0.0,0.0
578150,0.0,0.0,0.0,0.0,0.0,1.0,0.0
578152,0.0,0.0,0.0,0.0,1.0,1.0,0.0
578650,0.0,0.0,0.0,0.0,1.0,0.0,0.0
578831,0.0,2.0,0.0,0.0,1.0,0.0,0.0
578833,0.0,2.0,0.0,0.0,2.0,0.0,0.0
579331,0.0,0.0,0.0,0.0,2.0,0.0,0.0
579333,0.0,0.0,0.0,0.0,0.0,0.0,0.0
580137,0.0,0.0,0.0,0.0,0.0,1.0,0.0
580637,0.0,0.0,0.0,0.0,0.0,0.0,0.0
584317,0.0,0.0,0.0,0.0,0.0,1.0,0.0
584817,0.0,0.0,0.0,0.0,0.0,0.0,0.0
586344,0.0,0.0,0.0,0.0,0.0,1.0,0.0
586844,0.0,0.0,0.0,0.0,0.0,0.0,0.0
588468,0.0,0.0,0.0,0.0,0.0,1.0,0.0
588968,0.0,0.0,0.0,0.0,0.0,0.0,0.0
591512,0.0,0.0,0.0,0.0,1.0,0.0,0.0
591519,0.0,0.0,0.0,0.0,1.0,1.0,0.0
591520,0.0,0.0,0.0,0.0,2.0,1.0,0.0
592019,0.0,0.0,0.0,0.0,2.0,0.0,0.0
592020,0.0,0.0,0.0,0.0,0.0,0.0,0.0
595198,0.0,0.0,0.0,0.0,0.0,1.0,0.0
595698,0.0,0.0,0.0,0.0,0.0,0.0,0.0
598177,0.0,0.0,0.0,0.0,0.0,1.0,0.0
598229,0.0,0.0,0.0,0.0,0.0,2.0,0.0
598729,0.0,0.0,0.0,0.0,0.0,0.0,0.0
600500,0.0,0.0,0.0,0.0,0.0,0.0,1.0
601000,0.0,0.0,0.0,0.0,0.0,0.0,0.0
601177,0.0,2.0,0.0,0.0,0.0,0.0,0.0
601566,0.0,2.0,0.0,0.0,0.0,1.0,0.0
601677,0.0,0.0,0.0,0.0,0.0,1.0,0.0
602033,0.0,0.0,0.0,0.0,0.0,2.0,0.0
602047,2.0,0.0,0.0,0.0,0.0,2.0,0.0
602533,2.0,0.0,0.0,0.0,0.0,0.0,0.0
602547,0.0,0.0,0.0,0.0,0.0,0.0,0.0
602627,0.0,0.0,0.0,0.0,1.0,0.0,0.0
604084,0.0,0.0,0.0,0.0,2.0,0.0,0.0
604500,0.0,0.0,0.0,0.0,2.0,1.0,0.0
604584,0.0,0.0,0.0,0.0,0.0,1.0,0.0
605000,0.0,0.0,0.0,0.0,0.0,0.0,0.0
608797,0.0,0.0,0.0,0.0,0.0,1.0,0.0
609297,0.0,0.0,0.0,0.0,0.0,0.0,0.0
609594,0.0,0.0,0.0,0.0,0.0,1.0,0.0
609631,2.0,0.0,0.0,0.0,0.0,1.0,0.0
609646,2.0,0.0,1.0,0.0,0.0,1.0,0.0
610094,2.0,0.0,1.0,0.0,0.0,0.0,0.0
610131,0.0,0.0,1.0,0.0,0.0,0.0,0.0
611800,0.0,0.0,1.0,0.0,0.0,1.0,0.0
612300,0.0,0.0,1.0,0.0,0.0,0.0,0.0
612612,0.0,0.0,1.0,0.0,0.0,1.0,0.0
612613,0.0,0.0,1.0,0.0,0.0,2.0,0.0
613113,0.0,0.0,1.0,0.0,0.0,0.0,0.0
613406,0.0,0.0,1.0,0.0,0.0,1.0,0.0
613722,0.0,0.0,1.0,0.0,0.0,2.0,0.0
614017,0.0,2.0,1.0,0.0,0.0,2.0,0.0
614222,0.0,2.0,1.0,0.0,0.0,0.0,0.0
614447,0.0,2.0,1.0,0.0,0.0,1.0,0.0
614517,0.0,0.0,1.0,0.0,0.0,1.0,0.0
614947,0.0,0.0,1.0,0.0,0.0,0.0,0.0
617232,0.0,0.0,1.0,0.0,0.0,1.0,0.0
617732,0.0,0.0,1.0,0.0,0.0,0.0,0.0
617775,0.0,0.0,2.0,0.0,0.0,0.0,0.0
618275,0.0,0.0,1.0,0.0,0.0,0.0,0.0
620376,0.0,0.0,1.0,0.0,0.0,1.0,0.0
620876,0.0,0.0,1.0,0.0,0.0,0.0,0.0
624223,0.0,0.0,1.0,0.0,0.0,1.0,0.0
624723,0.0,0.0,1.0,0.0,0.0,0.0,0.0
626286,0.0,0.0,1.0,0.0,0.0,1.0,0.0
626786,0.0,0.0,1.0,0.0,0.0,0.0,0.0
627374,0.0,0.0,1.0,0.0,0.0,1.0,0.0
627874,0.0,0.0,1.0,0.0,0.0,0.0,0.0
627967,0.0,0.0,1.0,0.0,0.0,1.0,0.0
628467,0.0,0.0,1.0,0.0,0.0,0.0,0.0
628472,0.0,0.0,1.0,0.0,0.0,1.0,0.0
628508,0.0,0.0,1.0,0.0,0.0,2.0,0.0
629008,0.0,0.0,1.0,0.0,0.0,0.0,0.0
629714,0.0,0.0,1.0,0.0,0.0,1.0,0.0
630214,0.0,0.0,1.0,0.0,0.0,0.0,0.0
633341,0.0,0.0,1.0,0.0,0.0,1.0,0.0
633841,0.0,0.0,1.0,0.0,0.0,0.0,0.0
634117,0.0,0.0,1.0,0.0,0.0,1.0,0.0
634617,0.0,0.0,1.0,0.0,0.0,0.0,0.0
636095,0.0,0.0,1.0,0.0,0.0,1.0,0.0
636595,0.0,0.0,1.0,0.0,0.0,0.0,0.0
636792,0.0,0.0,1.0,0.0,0.0,1.0,0.0
637292,0.0,0.0,1.0,0.0,0.0,0.0,0.0
638478,0.0,0.0,1.0,0.0,0.0,1.0,0.0
638600,0.0,0.0,1.0,0.0,0.0,2.0,0.0
639100,0.0,0.0,1.0,0.0,0.0,0.0,0.0
640742,0.0,0.0,1.0,0.0,0.0,1.0,0.0
640899,0.0,0.0,1.0,0.0,0.0,2.0,0.0
641399,0.0,0.0,1.0,0.0,0.0,0.0,0.0
642692,0.0,0.0,1.0,0.0,0.0,1.0,0.0
642696,0.0,0.0,1.0,0.0,0.0,2.0,0.0
643196,0.0,0.0,1.0,0.0,0.0,0.0,0.0
643841,0.0,0.0,1.0,0.0,0.0,1.0,0.0
644341,0.0,0.0,1.0,0.0,0.0,0.0,0.0
644637,0.0,0.0,1.0,0.0,0.0,1.0,0.0
644639,0.0,0.0,1.0,0.0,0.0,2.0,0.0
644700,0.0,2.0,1.0,0.0,0.0,2.0,0.0
645139,0.0,2.0,1.0,0.0,0.0,0.0,0.0
645200,0.0,0.0,1.0,0.0,0.0,0.0,0.0
646804,0.0,0.0,1.0,0.0,0.0,1.0,0.0
647304,0.0,0.0,1.0,0.0,0.0,0.0,0.0
647915,0.0,0.0,1.0,0.0,0.0,1.0,0.0
648415,0.0,0.0,1.0,0.0,0.0,0.0,0.0
648481,0.0,0.0,1.0,0.0,0.0,1.0,0.0
648500,0.0,0.0,1.0,0.0,0.0,2.0,0.0
649000,0.0,0.0,1.0,0.0,0.0,0.0,0.0
649083,0.0,0.0,1.0,0.0,0.0,1.0,0.0
649583,0.0,0.0,1.0,0.0,0.0,0.0,0.0
652172,0.0,0.0,1.0,0.0,0.0,1.0,0.0
652672,0.0,0.0,1.0,0.0,0.0,0.0,0.0
654096,0.0,0.0,1.0,0.0,0.0,1.0,0.0
654098,0.0,0.0,1.0,0.0,0.0,2.0,0.0
654598,0.0,0.0,1.0,0.0,0.0,0.0,0.0
654903,0.0,0.0,1.0,0.0,0.0,1.0,0.0
654910,0.0,0.0,1.0,0.0,0.0,2.0,0.0
655410,0.0,0.0,1.0,0.0,0.0,0.0,0.0
655451,0.0,0.0,1.0,0.0,0.0,1.0,0.0
655736,0.0,0.0,1.0,0.0,0.0,2.0,0.0
656236,0.0,0.0,1.0,0.0,0.0,0.0,0.0
657215,0.0,0.0,1.0,0.0,0.0,1.0,0.0
657715,0.0,0.0,1.0,0.0,0.0,0.0,0.0
658144,0.0,0.0,1.0,0.0,0.0,1.0,0.0
658644,0.0,0.0,1.0,0.0,0.0,0.0,0.0
660595,0.0,0.0,1.0,0.0,0.0,1.0,0.0
661095,0.0,0.0,1.0,0.0,0.0,0.0,0.0
661392,0.0,0.0,1.0,0.0,0.0,1.0,0.0
661892,0.0,0.0,1.0,0.0,0.0,0.0,0.0
662054,0.0,0.0,1.0,0.0,0.0,1.0,0.0
662554,0.0,0.0,1.0,0.0,0.0,0.0,0.0
663227,0.0,0.0,1.0,0.0,0.0,1.0,0.0
663727,0.0,0.0,1.0,0.0,0.0,0.0,0.0
664139,0.0,0.0,1.0,0.0,0.0,1.0,0.0
664166,0.0,0.0,1.0,0.0,0.0,2.0,0.0
664431,0.0,2.0,1.0,0.0,0.0,2.0,0.0
664666,0.0,2.0,1.0,0.0,0.0,0.0,0.0
664705,0.0,2.0,1.0,0.0,0.0,1.0,0.0
664931,0.0,0.0,1.0,0.0,0.0,1.0,0.0
665205,0.0,0.0,1.0,0.0,0.0,0.0,0.0
665906,0.0,0.0,1.0,0.0,0.0,1.0,0.0
666406,0.0,0.0,1.0,0.0,0.0,0.0,0.0
667411,0.0,0.0,1.0,0.0,0.0,1.0,0.0
667911,0.0,0.0,1.0,0.0,0.0,0.0,0.0
668409,0.0,0.0,1.0,0.0,0.0,1.0,0.0
668909,0.0,0.0,1.0,0.0,0.0,0.0,0.0
669083,0.0,0.0,1.0,0.0,0.0,1.0,0.0
669583,0.0,0.0,1.0,0.0,0.0,0.0,0.0
670302,0.0,0.0,1.0,0.0,0.0,1.0,0.0
670802,0.0,0.0,1.0,0.0,0.0,0.0,0.0
670809,0.0,0.0,1.0,0.0,0.0,1.0,0.0
671309,0.0,0.0,1.0,0.0,0.0,0.0,0.0
671783,0.0,0.0,1.0,0.0,0.0,1.0,0.0
671805,0.0,0.0,1.0,0.0,0.0,2.0,0.0
672305,0.0,0.0,1.0,0.0,0.0,0.0,0.0
673425,0.0,0.0,1.0,0.0,0.0,1.0,0.0
673925,0.0,0.0,1.0,0.0,0.0,0.0,0.0
674668,0.0,0.0,1.0,0.0,0.0,1.0,0.0
675168,0.0,0.0,1.0,0.0,0.0,0.0,0.0
676534,0.0,0.0,1.0,0.0,0.0,1.0,0.0
676536,0.0,0.0,1.0,0.0,0.0,2.0,0.0
677036,0.0,0.0,1.0,0.0,0.0,0.0,0.0
677610,0.0,0.0,1.0,0.0,0.0,1.0,0.0
677616,0.0,0.0,1.0,0.0,0.0,2.0,0.0
678116,0.0,0.0,1.0,0.0,0.0,0.0,0.0
678949,0.0,0.0,1.0,0.0,0.0,1.0,0.0
679449,0.0,0.0,1.0,0.0,0.0,0.0,0.0
679589,0.0,0.0,1.0,0.0,0.0,1.0,0.0
680089,0.0,0.0,1.0,0.0,0.0,0.0,0.0
680160,0.0,0.0,1.0,0.0,0.0,1.0,0.0
680660,0.0,0.0,1.0,0.0,0.0,0.0,0.0
681160,0.0,0.0,1.0,0.0,0.0,1.0,0.0
681660,0.0,0.0,1.0,0.0,0.0,0.0,0.0
682060,0.0,0.0,1.0,0.0,0.0,1.0,0.0
682560,0.0,0.0,1.0,0.0,0.0,0.0,0.0
683557,0.0,0.0,1.0,0.0,0.0,1.0,0.0
684057,0.0,0.0,1.0,0.0,0.0,0.0,0.0
684389,0.0,0.0,1.0,0.0,0.0,1.0,0.0
684889,0.0,0.0,1.0,0.0,0.0,0.0,0.0
685504,0.0,0.0,1.0,0.0,0.0,1.0,0.0
685950,0.0,0.0,1.0,0.0,0.0,2.0,0.0
686450,0.0,0.0,1.0,0.0,0.0,0.0,0.0
687102,0.0,0.0,1.0,0.0,0.0,1.0,0.0
687602,0.0,0.0,1.0,0.0,0.0,0.0,0.0
687819,0.0,0.0,1.0,0.0,0.0,1.0,0.0
688319,0.0,0.0,1.0,0.0,0.0,0.0,0.0
689083,0.0,0.0,1.0,0.0,0.0,1.0,0.0
689352,0.0,0.0,1.0,0.0,0.0,2.0,0.0
689852,0.0,0.0,1.0,0.0,0.0,0.0,0.0
690813,0.0,0.0,1.0,0.0,0.0,1.0,0.0
691313,0.0,0.0,1.0,0.0,0.0,0.0,0.0
692026,0.0,0.0,1.0,0.0,0.0,1.0,0.0
692526,0.0,0.0,1.0,0.0,0.0,0.0,0.0
692933,0.0,0.0,1.0,0.0,0.0,1.0,0.0
693433,0.0,0.0,1.0,0.0,0.0,0.0,0.0
693693,0.0,0.0,1.0,0.0,0.0,1.0,0.0
694193,0.0,0.0,1.0,0.0,0.0,0.0,0.0
695418,0.0,0.0,1.0,0.0,0.0,1.0,0.0
695609,0.0,0.0,1.0,0.0,0.0,2.0,0.0
696109,0.0,0.0,1.0,0.0,0.0,0.0,0.0
697359,0.0,0.0,1.0,0.0,0.0,1.0,0.0
697623,0.0,2.0,1.0,0.0,0.0,1.0,0.0
697859,0.0,2.0,1.0,0.0,0.0,0.0,0.0
698118,0.0,2.0,1.0,0.0,0.0,1.0,0.0
698123,0.0,0.0,1.0,0.0,0.0,1.0,0.0
698618,0.0,0.0,1.0,0.0,0.0,0.0,0.0
700111,0.0,0.0,1.0,0.0,0.0,1.0,0.0
700113,0.0,0.0,1.0,0.0,0.0,2.0,0.0
700613,0.0,0.0,1.0,0.0,0.0,0.0,0.0
701942,0.0,0.0,1.0,0.0,1.0,0.0,0.0
702442,0.0,0.0,1.0,0.0,0.0,0.0,0.0
703786,0.0,0.0,1.0,0.0,0.0,1.0,0.0
704286,0.0,0.0,1.0,0.0,0.0,0.0,0.0
704682,0.0,0.0,1.0,0.0,0.0,1.0,0.0
705182,0.0,0.0,1.0,0.0,0.0,0.0,0.0
705376,0.0,0.0,1.0,0.0,0.0,1.0,0.0
705876,0.0,0.0,1.0,0.0,0.0,0.0,0.0
706103,0.0,0.0,1.0,0.0,0.0,1.0,0.0
706603,0.0,0.0,1.0,0.0,0.0,0.0,0.0
710129,0.0,0.0,1.0,0.0,0.0,1.0,0.0
710629,0.0,0.0,1.0,0.0,0.0,0.0,0.0
710631,0.0,0.0,1.0,0.0,0.0,1.0,0.0
710635,0.0,0.0,1.0,0.0,0.0,2.0,0.0
710636,0.0,0.0,1.0,0.0,1.0,2.0,0.0
711135,0.0,0.0,1.0,0.0,1.0,0.0,0.0
711136,0.0,0.0,1.0,0.0,0.0,0.0,0.0
715330,0.0,0.0,1.0,0.0,0.0,1.0,0.0
715336,0.0,0.0,1.0,0.0,0.0,2.0,0.0
715836,0.0,0.0,1.0,0.0,0.0,0.0,0.0
717890,0.0,0.0,1.0,0.0,0.0,1.0,0.0
718390,0.0,0.0,1.0,0.0,0.0,0.0,0.0
718796,0.0,0.0,1.0,0.0,0.0,1.0,0.0
719296,0.0,0.0,1.0,0.0,0.0,0.0,0.0
720975,0.0,0.0,1.0,0.0,0.0,1.0,0.0
721475,0.0,0.0,1.0,0.0,0.0,0.0,0.0
721766,0.0,0.0,1.0,0.0,0.0,1.0,0.0
722266,0.0,0.0,1.0,0.0,0.0,0.0,0.0
723184,0.0,0.0,1.0,0.0,0.0,1.0,0.0
723684,0.0,0.0,1.0,0.0,0.0,0.0,0.0
724451,0.0,0.0,1.0,0.0,0.0,1.0,0.0
724951,0.0,0.0,1.0,0.0,0.0,0.0,0.0
725780,0.0,0.0,1.0,0.0,0.0,1.0,0.0
726280,0.0,0.0,1.0,0.0,0.0,0.0,0.0
727046,0.0,0.0,1.0,0.0,0.0,1.0,0.0
727546,0.0,0.0,1.0,0.0,0.0,0.0,0.0
727548,0.0,0.0,1.0,0.0,0.0,1.0,0.0
728048,0.0,0.0,1.0,0.0,0.0,0.0,0.0
729675,0.0,0.0,1.0,0.0,0.0,1.0,0.0
730175,0.0,0.0,1.0,0.0,0.0,0.0,0.0
730823,0.0,0.0,1.0,0.0,0.0,1.0,0.0
730901,0.0,0.0,1.0,0.0,0.0,2.0,0.0
731401,0.0,0.0,1.0,0.0,0.0,0.0,0.0
732923,0.0,0.0,1.0,0.0,0.0,1.0,0.0
733423,0.0,0.0,1.0,0.0,0.0,0.0,0.0
736343,0.0,0.0,1.0,0.0,0.0,1.0,0.0
736843,0.0,0.0,1.0,0.0,0.0,0.0,0.0
737839,0.0,0.0,1.0,0.0,0.0,1.0,0.0
738339,0.0,0.0,1.0,0.0,0.0,0.0,0.0
740253,0.0,0.0,1.0,0.0,0.0,1.0,0.0
740753,0.0,0.0,1.0,0.0,0.0,0.0,0.0
741447,0.0,0.0,1.0,0.0,0.0,1.0,0.0
741947,0.0,0.0,1.0,0.0,0.0,0.0,0.0
744475,0.0,0.0,1.0,0.0,0.0,1.0,0.0
744975,0.0,0.0,1.0,0.0,0.0,0.0,0.0
745487,0.0,0.0,1.0,0.0,0.0,1.0,0.0
745838,0.0,0.0,1.0,0.0,0.0,2.0,0.0
746338,0.0,0.0,1.0,0.0,0.0,0.0,0.0
746369,0.0,0.0,1.0,0.0,0.0,1.0,0.0
746869,0.0,0.0,1.0,0.0,0.0,0.0,0.0
748464,0.0,0.0,1.0,0.0,0.0,1.0,0.0
748964,0.0,0.0,1.0,0.0,0.0,0.0,0.0
750199,0.0,0.0,1.0,0.0,0.0,1.0,0.0
750699,0.0,0.0,1.0,0.0,0.0,0.0,0.0
751678,0.0,0.0,1.0,0.0,0.0,1.0,0.0
752178,0.0,0.0,1.0,0.0,0.0,0.0,0.0
752452,0.0,0.0,1.0,0.0,0.0,1.0,0.0
752952,0.0,0.0,1.0,0.0,0.0,0.0,0.0
753936,0.0,0.0,1.0,0.0,0.0,1.0,0.0
754436,0.0,0.0,1.0,0.0,0.0,0.0,0.0
755018,0.0,0.0,1.0,0.0,0.0,1.0,0.0
755518,0.0,0.0,1.0,0.0,0.0,0.0,0.0
755716,0.0,0.0,1.0,0.0,0.0,1.0,0.0
755717,0.0,0.0,1.0,0.0,0.0,2.0,0.0
756217,0.0,0.0,1.0,0.0,0.0,0.0,0.0
759356,0.0,0.0,1.0,0.0,0.0,1.0,0.0
759856,0.0,0.0,1.0,0.0,0.0,0.0,0.0
761642,0.0,0.0,1.0,0.0,0.0,1.0,0.0
762142,0.0,0.0,1.0,0.0,0.0,0.0,0.0
762775,0.0,0.0,0.0,0.0,0.0,0.0,0.0
762776,0.0,0.0,1.0,0.0,0.0,0.0,0.0
763276,0.0,0.0,0.0,0.0,0.0,0.0,0.0
763551,0.0,0.0,0.0,0.0,0.0,1.0,0.0
764051,0.0,0.0,0.0,0.0,0.0,0.0,0.0
764929,0.0,0.0,0.0,0.0,0.0,1.0,0.0
765429,0.0,0.0,0.0,0.0,0.0,0.0,0.0
767078,0.0,0.0,0.0,0.0,0.0,1.0,0.0
767578,0.0,0.0,0.0,0.0,0.0,0.0,0.0
769292,0.0,0.0,0.0,0.0,0.0,1.0,0.0
769792,0.0,0.0,0.0,0.0,0.0,0.0,0.0
770844,0.0,0.0,0.0,0.0,0.0,1.0,0.0
771116,0.0,0.0,0.0,0.0,0.0,2.0,0.0
771616,0.0,0.0,0.0,0.0,0.0,0.0,0.0
772520,0.0,0.0,0.0,0.0,0.0,1.0,0.0
772554,0.0,0.0,0.0,0.0,0.0,2.0,0.0
773054,0.0,0.0,0.0,0.0,0.0,0.0,0.0
773410,0.0,0.0,0.0,0.0,0.0,1.0,0.0
773910,0.0,0.0,0.0,0.0,0.0,0.0,0.0
776379,0.0,0.0,0.0,0.0,0.0,1.0,0.0
776879,0.0,0.0,0.0,0.0,0.0,0.0,0.0
778990,0.0,0.0,0.0,0.0,0.0,1.0,0.0
779490,0.0,0.0,0.0,0.0,0.0,0.0,0.0
781180,0.0,0.0,0.0,0.0,0.0,1.0,0.0
781680,0.0,0.0,0.0,0.0,0.0,0.0,0.0
781805,0.0,0.0,0.0,0.0,0.0,1.0,0.0
782305,0.0,0.0,0.0,0.0,0.0,0.0,0.0
786449,0.0,0.0,0.0,0.0,0.0,1.0,0.0
786949,0.0,0.0,0.0,0.0,0.0,0.0,0.0
788565,0.0,0.0,0.0,0.0,0.0,1.0,0.0
788567,0.0,0.0,0.0,0.0,0.0,2.0,0.0
789067,0.0,0.0,0.0,0.0,0.0,0.0,0.0
791275,0.0,0.0,0.0,0.0,0.0,1.0,0.0
791775,0.0,0.0,0.0,0.0,0.0,0.0,0.0
797920,0.0,0.0,0.0,0.0,0.0,1.0,0.0
797923,0.0,0.0,0.0,0.0,0.0,2.0,0.0
798423,0.0,0.0,0.0,0.0,0.0,0.0,0.0
800700,0.0,0.0,0.0,0.0,0.0,0.0,1.0
800916,0.0,0.0,0.0,0.0,0.0,1.0,1.0
801200,0.0,0.0,0.0,0.0,0.0,1.0,0.0
801416,0.0,0.0,0.0,0.0,0.0,0.0,0.0
802276,0.0,2.0,0.0,0.0,0.0,0.0,0.0
802281,0.0,2.0,0.0,0.0,0.0,1.0,0.0
802751,2.0,2.0,0.0,0.0,0.0,1.0,0.0
802776,2.0,0.0,0.0,0.0,0.0,1.0,0.0
802781,2.0,0.0,0.0,0.0,0.0,0.0,0.0
803251,0.0,0.0,0.0,0.0,0.0,0.0,0.0
803994,0.0,0.0,0.0,0.0,0.0,1.0,0.0
803999,2.0,0.0,0.0,0.0,0.0,1.0,0.0
804494,2.0,0.0,0.0,0.0,0.0,0.0,0.0
804499,0.0,0.0,0.0,0.0,0.0,0.0,0.0
804575,2.0,0.0,0.0,0.0,0.0,0.0,0.0
804605,2.0,0.0,0.0,0.0,0.0,1.0,0.0
804609,2.0,0.0,0.0,0.0,0.0,2.0,0.0
805033,2.0,0.0,0.0,0.0,1.0,2.0,0.0
805075,0.0,0.0,0.0,0.0,1.0,2.0,0.0
805109,0.0,0.0,0.0,0.0,1.0,0.0,0.0
806257,0.0,0.0,0.0,0.0,1.0,1.0,0.0
806259,0.0,0.0,0.0,0.0,1.0,2.0,0.0
806260,0.0,0.0,0.0,0.0,2.0,2.0,0.0
806759,0.0,0.0,0.0,0.0,2.0,0.0,0.0
806760,0.0,0.0,0.0,0.0,0.0,0.0,0.0
806855,0.0,0.0,0.0,0.0,0.0,1.0,0.0
806911,2.0,0.0,0.0,0.0,0.0,1.0,0.0
807355,2.0,0.0,0.0,0.0,0.0,0.0,0.0
807411,0.0,0.0,0.0,0.0,0.0,0.0,0.0
807910,0.0,0.0,0.0,0.0,0.0,1.0,0.0
808136,0.0,0.0,0.0,0.0,0.0,2.0,0.0
808636,0.0,0.0,0.0,0.0,0.0,0.0,0.0
809734,0.0,0.0,0.0,0.0,1.0,0.0,0.0
810234,0.0,0.0,0.0,0.0,0.0,0.0,0.0
810872,0.0,0.0,0.0,0.0,0.0,1.0,0.0
811372,0.0,0.0,0.0,0.0,0.0,0.0,0.0
813387,0.0,0.0,0.0,0.0,0.0,1.0,0.0
813887,0.0,0.0,0.0,0.0,0.0,0.0,0.0
814005,0.0,0.0,0.0,0.0,0.0,1.0,0.0
814505,0.0,0.0,0.0,0.0,0.0,0.0,0.0
814825,0.0,0.0,0.0,0.0,0.0,1.0,0.0
815325,0.0,0.0,0.0,0.0,0.0,0.0,0.0
815355,0.0,0.0,0.0,0.0,0.0,1.0,0.0
815562,0.0,0.0,0.0,0.0,0.0,2.0,0.0
816062,0.0,0.0,0.0,0.0,0.0,0.0,0.0
817281,0.0,0.0,0.0,0.0,0.0,1.0,0.0
817550,0.0,0.0,0.0,0.0,0.0,2.0,0.0
818050,0.0,0.0,0.0,0.0,0.0,0.0,0.0
819862,0.0,0.0,0.0,0.0,0.0,1.0,0.0
820362,0.0,0.0,0.0,0.0,0.0,0.0,0.0
821147,0.0,0.0,0.0,0.0,0.0,1.0,0.0
821647,0.0,0.0,0.0,0.0,0.0,0.0,0.0
821756,0.0,0.0,0.0,0.0,0.0,1.0,0.0
822256,0.0,0.0,0.0,0.0,0.0,0.0,0.0
822686,0.0,0.0,0.0,0.0,0.0,1.0,0.0
823186,0.0,0.0,0.0,0.0,0.0,0.0,0.0
823599,0.0,0.0,0.0,0.0,0.0,1.0,0.0
824099,0.0,0.0,0.0,0.0,0.0,0.0,0.0
824151,0.0,0.0,0.0,0.0,0.0,1.0,0.0
824168,0.0,0.0,0.0,0.0,0.0,2.0,0.0
824615,0.0,2.0,0.0,0.0,0.0,2.0,0.0
824668,0.0,2.0,0.0,0.0,0.0,0.0,0.0
824670,0.0,2.0,0.0,0.0,0.0,1.0,0.0
825115,0.0,0.0,0.0,0.0,0.0,1.0,0.0
825170,0.0,0.0,0.0,0.0,0.0,0.0,0.0
826461,0.0,0.0,0.0,0.0,0.0,1.0,0.0
826961,0.0,0.0,0.0,0.0,0.0,0.0,0.0
827246,0.0,0.0,0.0,0.0,0.0,1.0,0.0
827746,0.0,0.0,0.0,0.0,0.0,0.0,0.0
828126,0.0,0.0,0.0,0.0,0.0,1.0,0.0
828626,0.0,0.0,0.0,0.0,0.0,0.0,0.0
828939,0.0,0.0,0.0,0.0,0.0,1.0,0.0
829439,0.0,0.0,0.0,0.0,0.0,0.0,0.0
829524,0.0,0.0,0.0,0.0,0.0,1.0,0.0
830024,0.0,0.0,0.0,0.0,0.0,0.0,0.0
830401,0.0,0.0,0.0,0.0,0.0,1.0,0.0
830901,0.0,0.0,0.0,0.0,0.0,0.0,0.0
831130,0.0,0.0,0.0,0.0,0.0,1.0,0.0
831134,0.0,0.0,0.0,0.0,0.0,2.0,0.0
831258,0.0,0.0,0.0,0.0,1.0,2.0,0.0
831634,0.0,0.0,0.0,0.0,1.0,0.0,0.0
831758,0.0,0.0,0.0,0.0,0.0,0.0,0.0
833370,0.0,0.0,0.0,0.0,0.0,1.0,0.0
833870,0.0,0.0,0.0,0.0,0.0,0.0,0.0
833943,0.0,0.0,0.0,0.0,0.0,1.0,0.0
834443,0.0,0.0,0.0,0.0,0.0,0.0,0.0
836014,0.0,0.0,0.0,0.0,0.0,1.0,0.0
836514,0.0,0.0,0.0,0.0,0.0,0.0,0.0
838073,0.0,0.0,0.0,0.0,0.0,1.0,0.0
838573,0.0,0.0,0.0,0.0,0.0,0.0,0.0
839336,0.0,0.0,0.0,0.0,0.0,1.0,0.0
839338,0.0,0.0,0.0,0.0,0.0,2.0,0.0
839838,0.0,0.0,0.0,0.0,0.0,0.0,0.0
841329,0.0,0.0,0.0,0.0,0.0,1.0,0.0
841829,0.0,0.0,0.0,0.0,0.0,0.0,0.0
843056,0.0,0.0,0.0,0.0,0.0,1.0,0.0
843068,0.0,0.0,0.0,0.0,0.0,2.0,0.0
843568,0.0,0.0,0.0,0.0,0.0,0.0,0.0
843594,0.0,0.0,0.0,0.0,0.0,1.0,0.0
844094,0.0,0.0,0.0,0.0,0.0,0.0,0.0
844435,0.0,0.0,0.0,0.0,0.0,1.0,0.0
844935,0.0,0.0,0.0,0.0,0.0,0.0,0.0
845104,0.0,0.0,0.0,0.0,0.0,1.0,0.0
845604,0.0,0.0,0.0,0.0,0.0,0.0,0.0
845726,0.0,0.0,0.0,0.0,0.0,1.0,0.0
846226,0.0,0.0,0.0,0.0,0.0,0.0,0.0
847899,0.0,0.0,0.0,0.0,0.0,1.0,0.0
848399,0.0,0.0,0.0,0.0,0.0,0.0,0.0
849724,0.0,0.0,0.0,0.0,0.0,1.0,0.0
849894,0.0,0.0,0.0,0.0,0.0,2.0,0.0
850394,0.0,0.0,0.0,0.0,0.0,0.0,0.0
850436,0.0,0.0,0.0,0.0,0.0,1.0,0.0
850936,0.0,0.0,0.0,0.0,0.0,0.0,0.0
851370,0.0,0.0,0.0,0.0,0.0,1.0,0.0
851870,0.0,0.0,0.0,0.0,0.0,0.0,0.0
853206,0.0,0.0,0.0,0.0,0.0,1.0,0.0
853706,0.0,0.0,0.0,0.0,0.0,0.0,0.0
853707,0.0,0.0,0.0,0.0,0.0,1.0,0.0
853709,0.0,0.0,0.0,0.0,0.0,2.0,0.0
854209,0.0,0.0,0.0,0.0,0.0,0.0,0.0
854477,0.0,0.0,0.0,0.0,0.0,1.0,0.0
854977,0.0,0.0,0.0,0.0,0.0,0.0,0.0
855799,0.0,0.0,0.0,0.0,0.0,1.0,0.0
856299,0.0,0.0,0.0,0.0,0.0,0.0,0.0
856658,0.0,0.0,1.0,0.0,0.0,0.0,0.0
856660,0.0,0.0,1.0,0.0,0.0,1.0,0.0
856666,0.0,0.0,1.0,0.0,0.0,2.0,0.0
857166,0.0,0.0,1.0,0.0,0.0,0.0,0.0
859441,0.0,0.0,1.0,0.0,0.0,1.0,0.0
859941,0.0,0.0,1.0,0.0,0.0,0.0,0.0
860413,0.0,0.0,1.0,0.0,0.0,1.0,0.0
860913,0.0,0.0,1.0,0.0,0.0,0.0,0.0
861396,0.0,0.0,1.0,0.0,0.0,1.0,0.0
861896,0.0,0.0,1.0,0.0,0.0,0.0,0.0
862494,0.0,0.0,1.0,0.0,0.0,1.0,0.0
862648,0.0,0.0,1.0,0.0,0.0,2.0,0.0
863148,0.0,0.0,1.0,0.0,0.0,0.0,0.0
864014,0.0,0.0,1.0,0.0,0.0,1.0,0.0
864016,0.0,0.0,1.0,0.0,0.0,2.0,0.0
864516,0.0,0.0,1.0,0.0,0.0,0.0,0.0
864719,0.0,0.0,1.0,0.0,0.0,1.0,0.0
864730,0.0,0.0,1.0,0.0,0.0,2.0,0.0
865230,0.0,0.0,1.0,0.0,0.0,0.0,0.0
865267,0.0,0.0,1.0,0.0,0.0,1.0,0.0
865767,0.0,0.0,1.0,0.0,0.0,0.0,0.0
866645,0.0,0.0,1.0,0.0,0.0,1.0,0.0
867145,0.0,0.0,1.0,0.0,0.0,0.0,0.0
869203,0.0,0.0,1.0,0.0,0.0,1.0,0.0
869703,0.0,0.0,1.0,0.0,0.0,0.0,0.0
870473,0.0,0.0,1.0,0.0,0.0,1.0,0.0
870973,0.0,0.0,1.0,0.0,0.0,0.0,0.0
872476,0.0,0.0,1.0,0.0,0.0,1.0,0.0
872976,0.0,0.0,1.0,0.0,0.0,0.0,0.0
873403,0.0,0.0,1.0,0.0,0.0,1.0,0.0
873903,0.0,0.0,1.0,0.0,0.0,0.0,0.0
875033,0.0,0.0,1.0,0.0,0.0,1.0,0.0
875059,0.0,0.0,1.0,0.0,0.0,2.0,0.0
875559,0.0,0.0,1.0,0.0,0.0,0.0,0.0
879231,0.0,0.0,1.0,0.0,0.0,1.0,0.0
879235,0.0,0.0,1.0,0.0,0.0,2.0,0.0
879735,0.0,0.0,1.0,0.0,0.0,0.0,0.0
881788,0.0,0.0,1.0,0.0,0.0,1.0,0.0
881796,0.0,0.0,1.0,0.0,0.0,2.0,0.0
882296,0.0,0.0,1.0,0.0,0.0,0.0,0.0
883092,0.0,0.0,1.0,0.0,0.0,1.0,0.0
883592,0.0,0.0,1.0,0.0,0.0,0.0,0.0
883945,0.0,0.0,1.0,0.0,0.0,1.0,0.0
884445,0.0,0.0,1.0,0.0,0.0,0.0,0.0
886112,0.0,0.0,1.0,0.0,0.0,1.0,0.0
886612,0.0,0.0,1.0,0.0,0.0,0.0,0.0
886616,0.0,0.0,1.0,0.0,0.0,1.0,0.0
887116,0.0,0.0,1.0,0.0,0.0,0.0,0.0
887488,0.0,0.0,1.0,0.0,0.0,1.0,0.0
887988,0.0,0.0,1.0,0.0,0.0,0.0,0.0
888261,0.0,0.0,1.0,0.0,0.0,1.0,0.0
888761,0.0,0.0,1.0,0.0,0.0,0.0,0.0
889490,0.0,0.0,1.0,0.0,0.0,1.0,0.0
889990,0.0,0.0,1.0,0.0,0.0,0.0,0.0
891064,0.0,0.0,1.0,0.0,0.0,1.0,0.0
891073,0.0,0.0,1.0,0.0,0.0,2.0,0.0
891573,0.0,0.0,1.0,0.0,0.0,0.0,0.0
891592,0.0,0.0,1.0,0.0,0.0,1.0,0.0
892092,0.0,0.0,1.0,0.0,0.0,0.0,0.0
892868,0.0,0.0,1.0,0.0,0.0,1.0,0.0
893368,0.0,0.0,1.0,0.0,0.0,0.0,0.0
894208,0.0,0.0,1.0,0.0,0.0,1.0,0.0
894708,0.0,0.0,1.0,0.0,0.0,0.0,0.0
894960,0.0,0.0,1.0,0.0,0.0,1.0,0.0
895460,0.0,0.0,1.0,0.0,0.0,0.0,0.0
896873,0.0,0.0,1.0,0.0,0.0,1.0,0.0
897373,0.0,0.0,1.0,0.0,0.0,0.0,0.0
898312,0.0,0.0,1.0,0.0,0.0,1.0,0.0
898812,0.0,0.0,1.0,0.0,0.0,0.0,0.0
900418,0.0,0.0,1.0,0.0,0.0,1.0,0.0
900918,0.0,0.0,1.0,0.0,0.0,0.0,0.0
902250,0.0,0.0,1.0,0.0,0.0,1.0,0.0
902750,0.0,0.0,1.0,0.0,0.0,0.0,0.0
907872,0.0,0.0,1.0,0.0,0.0,1.0,0.0
908372,0.0,0.0,1.0,0.0,0.0,0.0,0.0
908689,0.0,0.0,1.0,0.0,0.0,1.0,0.0
909189,0.0,0.0,1.0,0.0,0.0,0.0,0.0
910644,0.0,0.0,1.0,0.0,0.0,1.0,0.0
911144,0.0,0.0,1.0,0.0,0.0,0.0,0.0
914162,0.0,0.0,1.0,0.0,0.0,1.0,0.0
914662,0.0,0.0,1.0,0.0,0.0,0.0,0.0
917988,0.0,0.0,1.0,0.0,0.0,1.0,0.0
917992,0.0,0.0,1.0,0.0,0.0,2.0,0.0
918492,0.0,0.0,1.0,0.0,0.0,0.0,0.0
919731,0.0,0.0,1.0,0.0,0.0,1.0,0.0
920231,0.0,0.0,1.0,0.0,0.0,0.0,0.0
920916,0.0,0.0,1.0,0.0,0.0,1.0,0.0
921416,0.0,0.0,1.0,0.0,0.0,0.0,0.0
922155,0.0,0.0,1.0,0.0,0.0,1.0,0.0
922655,0.0,0.0,1.0,0.0,0.0,0.0,0.0
923377,0.0,0.0,1.0,0.0,0.0,1.0,0.0
923877,0.0,0.0,1.0,0.0,0.0,0.0,0.0
924936,0.0,0.0,1.0,0.0,0.0,1.0,0.0
925436,0.0,0.0,1.0,0.0,0.0,0.0,0.0
927592,0.0,0.0,1.0,0.0,0.0,1.0,0.0
927850,0.0,0.0,1.0,0.0,0.0,2.0,0.0
928350,0.0,0.0,1.0,0.0,0.0,0.0,0.0
929658,0.0,0.0,0.0,0.0,0.0,0.0,0.0
930673,0.0,0.0,0.0,0.0,0.0,1.0,0.0
931173,0.0,0.0,0.0,0.0,0.0,0.0,0.0
931428,0.0,0.0,0.0,0.0,0.0,1.0,0.0
931928,0.0,0.0,0.0,0.0,0.0,0.0,0.0
934726,0.0,0.0,0.0,0.0,0.0,1.0,0.0
935226,0.0,0.0,0.0,0.0,0.0,0.0,0.0
938454,0.0,0.0,0.0,0.0,0.0,1.0,0.0
938954,0.0,0.0,0.0,0.0,0.0,0.0,0.0
945909,0.0,0.0,0.0,0.0,0.0,1.0,0.0
946409,0.0,0.0,0.0,0.0,0.0,0.0,0.0
948652,0.0,0.0,0.0,0.0,0.0,1.0,0.0
949152,0.0,0.0,0.0,0.0,0.0,0.0,0.0
950886,0.0,0.0,0.0,0.0,0.0,1.0,0.0
950891,0.0,0.0,0.0,0.0,0.0,2.0,0.0
951391,0.0,0.0,0.0,0.0,0.0,0.0,0.0
956582,0.0,0.0,0.0,0.0,1.0,0.0,0.0
956830,0.0,0.0,0.0,0.0,1.0,1.0,0.0
957082,0.0,0.0,0.0,0.0,0.0,1.0,0.0
957295,0.0,0.0,0.0,0.0,0.0,2.0,0.0
957795,0.0,0.0,0.0,0.0,0.0,0.0,0.0
962672,0.0,0.0,0.0,0.0,0.0,1.0,0.0
962677,0.0,0.0,0.0,0.0,0.0,2.0,0.0
963177,0.0,0.0,0.0,0.0,0.0,0.0,0.0
965051,0.0,0.0,0.0,0.0,0.0,1.0,0.0
965551,0.0,0.0,0.0,0.0,0.0,0.0,0.0
972123,0.0,0.0,0.0,0.0,0.0,1.0,0.0
972623,0.0,0.0,0.0,0.0,0.0,0.0,0.0
973559,0.0,0.0,0.0,0.0,0.0,1.0,0.0
973565,0.0,0.0,0.0,0.0,0.0,2.0,0.0
974065,0.0,0.0,0.0,0.0,0.0,0.0,0.0
976765,0.0,0.0,0.0,0.0,0.0,1.0,0.0
977265,0.0,0.0,0.0,0.0,0.0,0.0,0.0
977421,0.0,0.0,0.0,0.0,0.0,1.0,0.0
977921,0.0,0.0,0.0,0.0,0.0,0.0,0.0
978470,0.0,0.0,0.0,0.0,0.0,1.0,0.0
978970,0.0,0.0,0.0,0.0,0.0,0.0,0.0
979137,0.0,0.0,0.0,0.0,0.0,1.0,0.0
979140,0.0,0.0,0.0,0.0,0.0,2.0,0.0
979640,0.0,0.0,0.0,0.0,0.0,0.0,0.0
983638,0.0,0.0,0.0,0.0,0.0,1.0,0.0
984138,0.0,0.0,0.0,0.0,0.0,0.0,0.0
987837,0.0,0.0,0.0,0.0,0.0,1.0,0.0
988337,0.0,0.0,0.0,0.0,0.0,0.0,0.0
989143,0.0,0.0,0.0,0.0,0.0,1.0,0.0
989643,0.0,0.0,0.0,0.0,0.0,0.0,0.0
989945,0.0,0.0,0.0,0.0,0.0,1.0,0.0
990445,0.0,0.0,0.0,0.0,0.0,0.0,0.0
993519,0.0,0.0,0.0,0.0,0.0,1.0,0.0
994019,0.0,0.0,0.0,0.0,0.0,0.0,0.0
999336,0.0,0.0,0.0,0.0,0.0,1.0,0.0
999836,0.0,0.0,0.0,0.0,0.0,0.0,0.0
999889,0.0,0.0,0.0,0.0,0.0,1.0,0.0
1000389,0.0,0.0,0.0,0.0,0.0,0.0,0.0
1000900,0.0,0.0,0.0,0.0,0.0,0.0,1.0
1001245,0.0,0.0,0.0,0.0,0.0,1.0,1.0
1001400,0.0,0.0,0.0,0.0,0.0,1.0,0.0
1001745,0.0,0.0,0.0,0.0,0.0,0.0,0.0
1001856,0.0,0.0,0.0,0.0,0.0,1.0,0.0
1002356,0.0,0.0,0.0,0.0,0.0,0.0,0.0
1002791,0.0,0.0,0.0,0.0,1.0,0.0,0.0
1003225,0.0,0.0,0.0,0.0,1.0,1.0,0.0
1003593,0.0,0.0,0.0,0.0,2.0,1.0,0.0
1003725,0.0,0.0,0.0,0.0,2.0,0.0,0.0
1003743,2.0,0.0,0.0,0.0,2.0,0.0,0.0
1003775,2.0,0.0,0.0,0.0,2.0,1.0,0.0
1003777,2.0,0.0,0.0,0.0,2.0,2.0,0.0
1003831,2.0,2.0,0.0,0.0,2.0,2.0,0.0
1004093,2.0,2.0,0.0,0.0,0.0,2.0,0.0
1004230,2.0,2.0,0.0,0.0,1.0,2.0,0.0
1004243,0.0,2.0,0.0,0.0,1.0,2.0,0.0
1004277,0.0,2.0,0.0,0.0,1.0,0.0,0.0
1004331,0.0,0.0,0.0,0.0,1.0,0.0,0.0
1004482,0.0,0.0,0.0,0.0,1.0,1.0,0.0
1004511,2.0,0.0,0.0,0.0,1.0,1.0,0.0
1004730,2.0,0.0,0.0,0.0,0.0,1.0,0.0
1004982,2.0,0.0,0.0,0.0,0.0,0.0,0.0
1005011,0.0,0.0,0.0,0.0,0.0,0.0,0.0
1005458,0.0,0.0,0.0,0.0,0.0,1.0,0.0
1005958,0.0,0.0,0.0,0.0,0.0,0.0,0.0
1006085,0.0,0.0,0.0,0.0,0.0,1.0,0.0
1006585,0.0,0.0,0.0,0.0,0.0,0.0,0.0
1006821,0.0,0.0,0.0,0.0,0.0,1.0,0.0
1007321,0.0,0.0,0.0,0.0,0.0,0.0,0.0
1007866,0.0,0.0,0.0,0.0,0.0,1.0,0.0
1008366,0.0,0.0,0.0,0.0,0.0,0.0,0.0
1008367,0.0,0.0,0.0,0.0,0.0,1.0,0.0
1008746,0.0,0.0,0.0,0.0,0.0,2.0,0.0
1009246,0.0,0.0,0.0,0.0,0.0,0.0,0.0
1009312,0.0,0.0,0.0,0.0,0.0,1.0,0.0
1009812,0.0,0.0,0.0,0.0,0.0,0.0,0.0
1011102,0.0,0.0,0.0,0.0,0.0,1.0,0.0
1011425,0.0,0.0,0.0,0.0,0.0,2.0,0.0
1011925,0.0,0.0,0.0,0.0,0.0,0.0,0.0
1012133,0.0,0.0,0.0,0.0,0.0,1.0,0.0
1012138,0.0,0.0,0.0,0.0,1.0,1.0,0.0
1012633,0.0,0.0,0.0,0.0,1.0,0.0,0.0
1012638,0.0,0.0,0.0,0.0,0.0,0.0,0.0
1012981,0.0,0.0,0.0,0.0,1.0,0.0,0.0
1013481,0.0,0.0,0.0,0.0,0.0,0.0,0.0
1013579,0.0,0.0,0.0,0.0,0.0,1.0,0.0
1014079,0.0,0.0,0.0,0.0,0.0,0.0,0.0
1014569,0.0,0.0,0.0,0.0,1.0,0.0,0.0
1015069,0.0,0.0,0.0,0.0,0.0,0.0,0.0
1015178,0.0,0.0,0.0,0.0,0.0,1.0,0.0
1015678,0.0,0.0,0.0,0.0,0.0,0.0,0.0
1016279,0.0,0.0,0.0,0.0,0.0,1.0,0.0
1016779,0.0,0.0,0.0,0.0,0.0,0.0,0.0
1016937,0.0,0.0,0.0,0.0,0.0,1.0,0.0
1017437,0.0,0.0,0.0,0.0,0.0,0.0,0.0
1017443,0.0,0.0,0.0,0.0,0.0,1.0,0.0
1017943,0.0,0.0,0.0,0.0,0.0,0.0,0.0
1018188,0.0,0.0,0.0,0.0,0.0,1.0,0.0
1018198,0.0,0.0,0.0,0.0,0.0,2.0,0.0
1018698,0.0,0.0,0.0,0.0,0.0,0.0,0.0
1019727,0.0,0.0,0.0,0.0,0.0,1.0,0.0
1020094,0.0,0.0,0.0,0.0,0.0,2.0,0.0
1020594,0.0,0.0,0.0,0.0,0.0,0.0,0.0
1021329,0.0,0.0,0.0,0.0,0.0,1.0,0.0
1021829,0.0,0.0,0.0,0.0,0.0,0.0,0.0
1022294,0.0,0.0,0.0,0.0,0.0,1.0,0.0
1022794,0.0,0.0,0.0,0.0,0.0,0.0,0.0
1023214,0.0,0.0,0.0,0.0,0.0,1.0,0.0
1023222,0.0,0.0,0.0,0.0,0.0,2.0,0.0
1023722,0.0,0.0,0.0,0.0,0.0,0.0,0.0
1024297,0.0,0.0,0.0,0.0,0.0,1.0,0.0
1024797,0.0,0.0,0.0,0.0,0.0,0.0,0.0
1025994,0.0,0.0,0.0,0.0,0.0,1.0,0.0
1026494,0.0,0.0,0.0,0.0,0.0,0.0,0.0
1027569,0.0,0.0,0.0,0.0,0.0,1.0,0.0
1027823,0.0,0.0,0.0,0.0,0.0,2.0,0.0
1028323,0.0,0.0,0.0,0.0,0.0,0.0,0.0
1028725,0.0,0.0,0.0,0.0,0.0,1.0,0.0
1028727,0.0,0.0,0.0,0.0,0.0,2.0,0.0
1029227,0.0,0.0,0.0,0.0,0.0,0.0,0.0
1030616,0.0,0.0,0.0,0.0,0.0,1.0,0.0
1030618,0.0,0.0,0.0,0.0,0.0,2.0,0.0
1031118,0.0,0.0,0.0,0.0,0.0,0.0,0.0
1033435,0.0,0.0,0.0,0.0,0.0,1.0,0.0
1033935,0.0,0.0,0.0,0.0,0.0,0.0,0.0
1034241,0.0,0.0,0.0,0.0,0.0,1.0,0.0
1034741,0.0,0.0,0.0,0.0,0.0,0.0,0.0
1035499,0.0,0.0,0.0,0.0,0.0,1.0,0.0
1035999,0.0,0.0,0.0,0.0,0.0,0.0,0.0
1038313,0.0,0.0,0.0,0.0,0.0,1.0,0.0
1038813,0.0,0.0,0.0,0.0,0.0,0.0,0.0
1039056,0.0,0.0,0.0,0.0,1.0,0.0,0.0
1039059,0.0,0.0,0.0,0.0,1.0,1.0,0.0
1039556,0.0,0.0,0.0,0.0,0.0,1.0,0.0
1039559,0.0,0.0,0.0,0.0,0.0,0.0,0.0
1040954,0.0,0.0,0.0,0.0,0.0,1.0,0.0
1041454,0.0,0.0,0.0,0.0,0.0,0.0,0.0
1042411,0.0,0.0,0.0,0.0,1.0,0.0,0.0
1042412,0.0,0.0,0.0,0.0,1.0,1.0,0.0
1042413,0.0,0.0,0.0,0.0,2.0,1.0,0.0
1042414,0.0,0.0,0.0,0.0,2.0,2.0,0.0
1042913,0.0,0.0,0.0,0.0,0.0,2.0,0.0
1042914,0.0,0.0,0.0,0.0,0.0,0.0,0.0
1043132,0.0,0.0,0.0,0.0,0.0,1.0,0.0
1043632,0.0,0.0,0.0,0.0,0.0,0.0,0.0
1043791,0.0,0.0,0.0,0.0,0.0,1.0,0.0
1044291,0.0,0.0,0.0,0.0,0.0,0.0,0.0
1047615,0.0,0.0,0.0,0.0,0.0,1.0,0.0
1048115,0.0,0.0,0.0,0.0,0.0,0.0,0.0
1048500,0.0,0.0,0.0,0.0,0.0,1.0,0.0
1049000,0.0,0.0,0.0,0.0,0.0,0.0,0.0
1049490,0.0,0.0,0.0,0.0,0.0,1.0,0.0
1049990,0.0,0.0,0.0,0.0,0.0,0.0,0.0
1050292,0.0,0.0,0.0,0.0,0.0,1.0,0.0
1050792,0.0,0.0,0.0,0.0,0.0,0.0,0.0
1050876,0.0,0.0,0.0,0.0,0.0,1.0,0.0
1051376,0.0,0.0,0.0,0.0,0.0,0.0,0.0
1052308,0.0,0.0,0.0,0.0,0.0,1.0,0.0
1052421,0.0,0.0,0.0,0.0,0.0,2.0,0.0
1052921,0.0,0.0,0.0,0.0,0.0,0.0,0.0
1053812,0.0,0.0,0.0,0.0,0.0,1.0,0.0
1053813,0.0,0.0,0.0,0.0,0.0,2.0,0.0
1054313,0.0,0.0,0.0,0.0,0.0,0.0,0.0
1054829,0.0,0.0,0.0,0.0,0.0,1.0,0.0
1055329,0.0,0.0,0.0,0.0,0.0,0.0,0.0
1056173,0.0,0.0,0.0,0.0,0.0,1.0,0.0
1056204,0.0,0.0,0.0,0.0,0.0,2.0,0.0
1056704,0.0,0.0,0.0,0.0,0.0,0.0,0.0
1058834,0.0,0.0,0.0,0.0,0.0,1.0,0.0
1058852,0.0,2.0,0.0,0.0,0.0,1.0,0.0
1059334,0.0,2.0,0.0,0.0,0.0,0.0,0.0
1059352,0.0,0.0,0.0,0.0,0.0,0.0,0.0
1060021,0.0,0.0,0.0,0.0,0.0,1.0,0.0
1060521,0.0,0.0,0.0,0.0,0.0,0.0,0.0
1060740,0.0,0.0,0.0,0.0,0.0,1.0,0.0
1060744,0.0,0.0,0.0,0.0,0.0,2.0,0.0
1061244,0.0,0.0,0.0,0.0,0.0,0.0,0.0
1062222,0.0,0.0,0.0,0.0,0.0,1.0,0.0
1062224,0.0,0.0,0.0,0.0,0.0,2.0,0.0
1062724,0.0,0.0,0.0,0.0,0.0,0.0,0.0
1063291,0.0,0.0,0.0,0.0,0.0,1.0,0.0
1063791,0.0,0.0,0.0,0.0,0.0,0.0,0.0
1063804,0.0,0.0,0.0,0.0,0.0,1.0,0.0
1064304,0.0,0.0,0.0,0.0,0.0,0.0,0.0
1064431,0.0,0.0,0.0,0.0,0.0,1.0,0.0
1064931,0.0,0.0,0.0,0.0,0.0,0.0,0.0
1065966,0.0,0.0,0.0,0.0,0.0,1.0,0.0
1066466,0.0,0.0,0.0,0.0,0.0,0.0,0.0
1067358,0.0,0.0,0.0,0.0,0.0,1.0,0.0
1067365,0.0,0.0,0.0,0.0,0.0,2.0,0.0
1067865,0.0,0.0,0.0,0.0,0.0,0.0,0.0
1069240,0.0,0.0,0.0,0.0,0.0,1.0,0.0
1069740,0.0,0.0,0.0,0.0,0.0,0.0,0.0
1069742,0.0,0.0,0.0,0.0,1.0,0.0,0.0
1069810,0.0,0.0,0.0,0.0,1.0,1.0,0.0
1069824,0.0,0.0,0.0,0.0,1.0,2.0,0.0
1070242,0.0,0.0,0.0,0.0,0.0,2.0,0.0
1070324,0.0,0.0,0.0,0.0,0.0,0.0,0.0
1073034,0.0,0.0,0.0,0.0,0.0,1.0,0.0
1073534,0.0,0.0,0.0,0.0,0.0,0.0,0.0
1075232,0.0,0.0,0.0,0.0,0.0,1.0,0.0
1075732,0.0,0.0,0.0,0.0,0.0,0.0,0.0
1075738,0.0,0.0,0.0,0.0,0.0,1.0,0.0
1076238,0.0,0.0,0.0,0.0,0.0,0.0,0.0
1076745,0.0,0.0,0.0,0.0,0.0,1.0,0.0
1076811,0.0,0.0,0.0,0.0,0.0,2.0,0.0
1077311,0.0,0.0,0.0,0.0,0.0,0.0,0.0
1078103,0.0,0.0,0.0,0.0,0.0,1.0,0.0
1078603,0.0,0.0,0.0,0.0,0.0,0.0,0.0
1078814,0.0,0.0,0.0,0.0,0.0,1.0,0.0
1079085,0.0,0.0,0.0,0.0,0.0,2.0,0.0
1079585,0.0,0.0,0.0,0.0,0.0,0.0,0.0
1080612,0.0,0.0,0.0,0.0,0.0,1.0,0.0
1081112,0.0,0.0,0.0,0.0,0.0,0.0,0.0
1084130,0.0,0.0,0.0,0.0,0.0,1.0,0.0
1084630,0.0,0.0,0.0,0.0,0.0,0.0,0.0
1084812,0.0,0.0,0.0,0.0,0.0,1.0,0.0
1085312,0.0,0.0,0.0,0.0,0.0,0.0,0.0
1085448,0.0,0.0,0.0,0.0,0.0,1.0,0.0
1085474,0.0,0.0,0.0,0.0,0.0,2.0,0.0
1085974,0.0,0.0,0.0,0.0,0.0,0.0,0.0
1089573,0.0,0.0,0.0,0.0,0.0,1.0,0.0
1090076,0.0,0.0,0.0,0.0,0.0,2.0,0.0
1090576,0.0,0.0,0.0,0.0,0.0,0.0,0.0
1091104,0.0,0.0,0.0,0.0,0.0,1.0,0.0
1091604,0.0,0.0,0.0,0.0,0.0,0.0,0.0
1091710,0.0,0.0,0.0,0.0,0.0,1.0,0.0
1092710,0.0,0.0,0.0,0.0,0.0,0.0,0.0
1092913,0.0,0.0,0.0,0.0,0.0,1.0,0.0
1092915,0.0,0.0,0.0,0.0,0.0,2.0,0.0
1093415,0.0,0.0,0.0,0.0,0.0,0.0,0.0
1095220,0.0,0.0,0.0,0.0,0.0,1.0,0.0
1095720,0.0,0.0,0.0,0.0,0.0,0.0,0.0
1095768,0.0,2.0,0.0,0.0,0.0,0.0,0.0
1095911,0.0,2.0,0.0,0.0,0.0,1.0,0.0
1096268,0.0,0.0,0.0,0.0,0.0,1.0,0.0
1096411,0.0,0.0,0.0,0.0,0.0,0.0,0.0
1096456,0.0,0.0,0.0,0.0,0.0,1.0,0.0
1096956,0.0,0.0,0.0,0.0,0.0,0.0,0.0
1098715,0.0,0.0,0.0,0.0,0.0,1.0,0.0
1099215,0.0,0.0,0.0,0.0,0.0,0.0,0.0
1099946,0.0,0.0,0.0,0.0,0.0,1.0,0.0
1100446,0.0,0.0,0.0,0.0,0.0,0.0,0.0
1100640,0.0,0.0,0.0,0.0,0.0,1.0,0.0
1101140,0.0,0.0,0.0,0.0,0.0,0.0,0.0
1102987,0.0,0.0,0.0,0.0,1.0,0.0,0.0
1103487,0.0,0.0,0.0,0.0,0.0,0.0,0.0
1103587,0.0,0.0,0.0,0.0,0.0,1.0,0.0
1104087,0.0,0.0,0.0,0.0,0.0,0.0,0.0
1106876,0.0,0.0,0.0,0.0,0.0,1.0,0.0
1107376,0.0,0.0,0.0,0.0,0.0,0.0,0.0
1107462,0.0,0.0,0.0,0.0,0.0,1.0,0.0
1107962,0.0,0.0,0.0,0.0,0.0,0.0,0.0
1108267,0.0,0.0,0.0,0.0,0.0,1.0,0.0
1108270,0.0,0.0,0.0,0.0,1.0,1.0,0.0
1108767,0.0,0.0,0.0,0.0,1.0,0.0,0.0
1108770,0.0,0.0,0.0,0.0,0.0,0.0,0.0
1109062,0.0,0.0,0.0,0.0,0.0,1.0,0.0
1109562,0.0,0.0,0.0,0.0,0.0,0.0,0.0
1111220,0.0,0.0,0.0,0.0,1.0,0.0,0.0
1111239,0.0,0.0,0.0,0.0,1.0,1.0,0.0
1111720,0.0,0.0,0.0,0.0,0.0,1.0,0.0
1111739,0.0,0.0,0.0,0.0,0.0,0.0,0.0
1111752,0.0,0.0,0.0,0.0,0.0,1.0,0.0
1112252,0.0,0.0,0.0,0.0,0.0,0.0,0.0
1115383,0.0,0.0,0.0,0.0,0.0,1.0,0.0
1115883,0.0,0.0,0.0,0.0,0.0,0.0,0.0
1120781,0.0,0.0,0.0,0.0,0.0,1.0,0.0
1120783,0.0,0.0,0.0,0.0,0.0,2.0,0.0
1121283,0.0,0.0,0.0,0.0,0.0,0.0,0.0
1123512,0.0,0.0,0.0,0.0,1.0,0.0,0.0
1124012,0.0,0.0,0.0,0.0,0.0,0.0,0.0
1124017,0.0,0.0,0.0,0.0,0.0,1.0,0.0
1124517,0.0,0.0,0.0,0.0,0.0,0.0,0.0
1132445,0.0,0.0,0.0,0.0,0.0,1.0,0.0
1132945,0.0,0.0,0.0,0.0,0.0,0.0,0.0
1133252,0.0,0.0,0.0,0.0,0.0,1.0,0.0
1133752,0.0,0.0,0.0,0.0,0.0,0.0,0.0
1135549,0.0,0.0,0.0,0.0,0.0,1.0,0.0
1136049,0.0,0.0,0.0,0.0,0.0,0.0,0.0
1140478,0.0,0.0,0.0,0.0,0.0,1.0,0.0
1140978,0.0,0.0,0.0,0.0,0.0,0.0,0.0
1141001,0.0,0.0,0.0,0.0,0.0,1.0,0.0
1141501,0.0,0.0,0.0,0.0,0.0,0.0,0.0
1141579,0.0,0.0,0.0,0.0,0.0,1.0,0.0
1142079,0.0,0.0,0.0,0.0,0.0,0.0,0.0
1142594,0.0,0.0,0.0,0.0,0.0,1.0,0.0
1143094,0.0,0.0,0.0,0.0,0.0,0.0,0.0
1148911,0.0,0.0,0.0,0.0,0.0,1.0,0.0
1148913,0.0,0.0,0.0,0.0,0.0,2.0,0.0
1149413,0.0,0.0,0.0,0.0,0.0,0.0,0.0
1152796,0.0,0.0,0.0,0.0,0.0,1.0,0.0
1153296,0.0,0.0,0.0,0.0,0.0,0.0,0.0
1155355,0.0,0.0,0.0,0.0,0.0,1.0,0.0
1155855,0.0,0.0,0.0,0.0,0.0,0.0,0.0
1156127,0.0,0.0,0.0,0.0,0.0,1.0,0.0
1156131,0.0,0.0,0.0,0.0,0.0,2.0,0.0
1156631,0.0,0.0,0.0,0.0,0.0,0.0,0.0
1157102,0.0,0.0,0.0,0.0,0.0,1.0,0.0
1157602,0.0,0.0,0.0,0.0,0.0,0.0,0.0
1160412,0.0,0.0,0.0,0.0,0.0,1.0,0.0
1160415,0.0,0.0,0.0,0.0,0.0,2.0,0.0
1160915,0.0,0.0,0.0,0.0,0.0,0.0,0.0
1162273,0.0,0.0,0.0,0.0,0.0,1.0,0.0
1162773,0.0,0.0,0.0,0.0,0.0,0.0,0.0
1163010,0.0,0.0,0.0,0.0,0.0,1.0,0.0
1163510,0.0,0.0,0.0,0.0,0.0,0.0,0.0
1163548,0.0,0.0,0.0,0.0,0.0,1.0,0.0
1164048,0.0,0.0,0.0,0.0,0.0,0.0,0.0
1164492,0.0,0.0,0.0,0.0,0.0,1.0,0.0
1164992,0.0,0.0,0.0,0.0,0.0,0.0,0.0
1166359,0.0,0.0,0.0,0.0,0.0,1.0,0.0
1166859,0.0,0.0,0.0,0.0,0.0,0.0,0.0
1168299,0.0,0.0,0.0,0.0,0.0,1.0,0.0
1168799,0.0,0.0,0.0,0.0,0.0,0.0,0.0
1173612,0.0,0.0,0.0,0.0,0.0,1.0,0.0
1174112,0.0,0.0,0.0,0.0,0.0,0.0,0.0
1175419,0.0,0.0,0.0,0.0,0.0,1.0,0.0
1175919,0.0,0.0,0.0,0.0,0.0,0.0,0.0
1176081,0.0,0.0,0.0,0.0,0.0,1.0,0.0
1176581,0.0,0.0,0.0,0.0,0.0,0.0,0.0
1178201,0.0,0.0,0.0,0.0,0.0,1.0,0.0
1178701,0.0,0.0,0.0,0.0,0.0,0.0,0.0
1179021,0.0,0.0,0.0,0.0,0.0,1.0,0.0
1179521,0.0,0.0,0.0,0.0,0.0,0.0,0.0
1179651,0.0,0.0,0.0,0.0,0.0,1.0,0.0
1180151,0.0,0.0,0.0,0.0,0.0,0.0,0.0
1180705,0.0,0.0,0.0,0.0,0.0,1.0,0.0
1180707,0.0,0.0,0.0,0.0,0.0,2.0,0.0
1181207,0.0,0.0,0.0,0.0,0.0,0.0,0.0
1185045,0.0,0.0,0.0,0.0,0.0,1.0,0.0
1185211,0.0,0.0,0.0,0.0,0.0,2.0,0.0
1185711,0.0,0.0,0.0,0.0,0.0,0.0,0.0
1187610,0.0,0.0,0.0,0.0,0.0,1.0,0.0
1188110,0.0,0.0,0.0,0.0,0.0,0.0,0.0
1188127,0.0,0.0,0.0,0.0,0.0,1.0,0.0
1188627,0.0,0.0,0.0,0.0,0.0,0.0,0.0
1189211,0.0,0.0,0.0,0.0,0.0,1.0,0.0
1189350,0.0,0.0,0.0,0.0,0.0,2.0,0.0
1189850,0.0,0.0,0.0,0.0,0.0,0.0,0.0
1192102,0.0,0.0,0.0,0.0,0.0,1.0,0.0
1192602,0.0,0.0,0.0,0.0,0.0,0.0,0.0
1192952,0.0,0.0,0.0,0.0,0.0,1.0,0.0
1193452,0.0,0.0,0.0,0.0,0.0,0.0,0.0
1193485,0.0,0.0,0.0,0.0,0.0,1.0,0.0
1193985,0.0,0.0,0.0,0.0,0.0,0.0,0.0
1195077,0.0,0.0,0.0,0.0,0.0,1.0,0.0
1195577,0.0,0.0,0.0,0.0,0.0,0.0,0.0
1196203,0.0,0.0,0.0,0.0,0.0,1.0,0.0
1196703,0.0,0.0,0.0,0.0,0.0,0.0,0.0
1197598,0.0,0.0,0.0,0.0,0.0,1.0,0.0
1198098,0.0,0.0,0.0,0.0,0.0,0.0,0.0
1198235,0.0,0.0,0.0,0.0,0.0,1.0,0.0
1198238,0.0,0.0,0.0,0.0,0.0,2.0,0.0
1198738,0.0,0.0,0.0,0.0,0.0,0.0,0.0
1198864,0.0,0.0,0.0,0.0,0.0,1.0,0.0
1199364,0.0,0.0,0.0,0.0,0.0,0.0,0.0
1201048,0.0,0.0,0.0,0.0,0.0,1.0,0.0
1201100,0.0,0.0,0.0,0.0,0.0,1.0,1.0
1201548,0.0,0.0,0.0,0.0,0.0,0.0,1.0
1201585,0.0,0.0,0.0,0.0,0.0,1.0,1.0
1201600,0.0,0.0,0.0,0.0,0.0,1.0,0.0
1201824,0.0,2.0,0.0,0.0,0.0,1.0,0.0
1202047,2.0,2.0,0.0,0.0,0.0,1.0,0.0
1202085,2.0,2.0,0.0,0.0,0.0,0.0,0.0
1202221,2.0,2.0,0.0,0.0,0.0,1.0,0.0
1202324,2.0,0.0,0.0,0.0,0.0,1.0,0.0
1202547,0.0,0.0,0.0,0.0,0.0,1.0,0.0
1202559,2.0,0.0,0.0,0.0,0.0,1.0,0.0
1202721,2.0,0.0,0.0,0.0,0.0,0.0,0.0
1202739,2.0,0.0,0.0,0.0,0.0,1.0,0.0
1202858,2.0,0.0,0.0,0.0,1.0,1.0,0.0
1203059,0.0,0.0,0.0,0.0,1.0,1.0,0.0
1203239,0.0,0.0,0.0,0.0,1.0,0.0,0.0
1203241,0.0,0.0,0.0,0.0,2.0,0.0,0.0
1203651,0.0,0.0,0.0,0.0,2.0,1.0,0.0
1203741,0.0,0.0,0.0,0.0,0.0,1.0,0.0
1203743,2.0,0.0,0.0,0.0,0.0,1.0,0.0
1204019,2.0,0.0,0.0,0.0,0.0,2.0,0.0
1204243,0.0,0.0,0.0,0.0,0.0,2.0,0.0
1204519,0.0,0.0,0.0,0.0,0.0,0.0,0.0
1204940,0.0,0.0,0.0,0.0,0.0,1.0,0.0
1205440,0.0,0.0,0.0,0.0,0.0,0.0,0.0
1206418,0.0,0.0,0.0,0.0,0.0,1.0,0.0
1206918,0.0,0.0,0.0,0.0,0.0,0.0,0.0
1207497,0.0,0.0,0.0,0.0,0.0,1.0,0.0
1207986,0.0,0.0,0.0,0.0,0.0,2.0,0.0
1208486,0.0,0.0,0.0,0.0,0.0,0.0,0.0
1211858,0.0,0.0,0.0,0.0,0.0,1.0,0.0
1211860,0.0,0.0,0.0,0.0,0.0,2.0,0.0
1212360,0.0,0.0,0.0,0.0,0.0,0.0,0.0
1214685,0.0,0.0,0.0,0.0,0.0,1.0,0.0
1215185,0.0,0.0,0.0,0.0,0.0,0.0,0.0
1216185,0.0,0.0,0.0,0.0,0.0,1.0,0.0
1216685,0.0,0.0,0.0,0.0,0.0,0.0,0.0
1216723,0.0,0.0,0.0,0.0,0.0,1.0,0.0
1217223,0.0,0.0,0.0,0.0,0.0,0.0,0.0
1217523,0.0,0.0,0.0,0.0,0.0,1.0,0.0
1218023,0.0,0.0,0.0,0.0,0.0,0.0,0.0
1218158,0.0,0.0,0.0,0.0,0.0,1.0,0.0
1218658,0.0,0.0,0.0,0.0,0.0,0.0,0.0
1220320,0.0,0.0,0.0,0.0,0.0,1.0,0.0
1220527,0.0,0.0,0.0,0.0,0.0,2.0,0.0
1221027,0.0,0.0,0.0,0.0,0.0,0.0,0.0
1223905,0.0,0.0,0.0,0.0,0.0,1.0,0.0
1223907,0.0,0.0,0.0,0.0,0.0,2.0,0.0
1224407,0.0,0.0,0.0,0.0,0.0,0.0,0.0
1225160,0.0,0.0,0.0,0.0,0.0,1.0,0.0
1225660,0.0,0.0,0.0,0.0,0.0,0.0,0.0
1226546,0.0,0.0,0.0,0.0,0.0,1.0,0.0
1227046,0.0,0.0,0.0,0.0,0.0,0.0,0.0
1227613,0.0,0.0,0.0,0.0,0.0,1.0,0.0
1227616,0.0,0.0,0.0,0.0,0.0,2.0,0.0
1228116,0.0,0.0,0.0,0.0,0.0,0.0,0.0
1231622,0.0,0.0,0.0,0.0,0.0,1.0,0.0
1232122,0.0,0.0,0.0,0.0,0.0,0.0,0.0
1232611,0.0,0.0,0.0,0.0,0.0,1.0,0.0
1233111,0.0,0.0,0.0,0.0,0.0,0.0,0.0
1233462,0.0,0.0,0.0,0.0,0.0,1.0,0.0
1233962,0.0,0.0,0.0,0.0,0.0,0.0,0.0
1234338,0.0,0.0,0.0,0.0,0.0,1.0,0.0
1234838,0.0,0.0,0.0,0.0,0.0,0.0,0.0
1235284,0.0,0.0,0.0,0.0,0.0,1.0,0.0
1235784,0.0,0.0,0.0,0.0,0.0,0.0,0.0
1236243,0.0,0.0,0.0,0.0,0.0,1.0,0.0
1236743,0.0,0.0,0.0,0.0,0.0,0.0,0.0
1236885,0.0,0.0,0.0,0.0,0.0,1.0,0.0
1237385,0.0,0.0,0.0,0.0,0.0,0.0,0.0
1238168,0.0,0.0,0.0,0.0,0.0,1.0,0.0
1238668,0.0,0.0,0.0,0.0,0.0,0.0,0.0
1239161,0.0,0.0,0.0,0.0,0.0,1.0,0.0
1239661,0.0,0.0,0.0,0.0,0.0,0.0,0.0
1239725,0.0,0.0,0.0,0.0,0.0,1.0,0.0
1240225,0.0,0.0,0.0,0.0,0.0,0.0,0.0
1240512,0.0,0.0,0.0,0.0,0.0,1.0,0.0
1240528,0.0,0.0,0.0,0.0,0.0,2.0,0.0
1241028,0.0,0.0,0.0,0.0,0.0,0.0,0.0
1241459,0.0,0.0,0.0,0.0,0.0,1.0,0.0
1241959,0.0,0.0,0.0,0.0,0.0,0.0,0.0
1246176,0.0,0.0,0.0,0.0,0.0,1.0,0.0
1246676,0.0,0.0,0.0,0.0,0.0,0.0,0.0
1246887,0.0,0.0,0.0,0.0,0.0,1.0,0.0
1247387,0.0,0.0,0.0,0.0,0.0,0.0,0.0
1247887,0.0,0.0,0.0,0.0,0.0,1.0,0.0
1248387,0.0,0.0,0.0,0.0,0.0,0.0,0.0
1249598,0.0,0.0,0.0,0.0,0.0,1.0,0.0
1250098,0.0,0.0,0.0,0.0,0.0,0.0,0.0
1250946,0.0,0.0,0.0,0.0,0.0,1.0,0.0
1251446,0.0,0.0,0.0,0.0,0.0,0.0,0.0
1252464,0.0,0.0,0.0,0.0,0.0,1.0,0.0
1252964,0.0,0.0,0.0,0.0,0.0,0.0,0.0
1253119,0.0,0.0,0.0,0.0,0.0,1.0,0.0
1253619,0.0,0.0,0.0,0.0,0.0,0.0,0.0
1254346,0.0,0.0,0.0,0.0,0.0,1.0,0.0
1254348,0.0,0.0,0.0,0.0,0.0,2.0,0.0
1254848,0.0,0.0,0.0,0.0,0.0,0.0,0.0
1255306,0.0,0.0,0.0,0.0,0.0,1.0,0.0
1255806,0.0,0.0,0.0,0.0,0.0,0.0,0.0
1256843,0.0,0.0,0.0,0.0,0.0,1.0,0.0
1256856,0.0,0.0,0.0,0.0,0.0,2.0,0.0
1257356,0.0,0.0,0.0,0.0,0.0,0.0,0.0
1259013,0.0,0.0,0.0,0.0,0.0,1.0,0.0
1259513,0.0,0.0,0.0,0.0,0.0,0.0,0.0
1263071,0.0,0.0,0.0,0.0,0.0,1.0,0.0
1263076,0.0,0.0,0.0,0.0,0.0,2.0,0.0
1263576,0.0,0.0,0.0,0.0,0.0,0.0,0.0
1264703,0.0,0.0,0.0,0.0,0.0,1.0,0.0
1265203,0.0,0.0,0.0,0.0,0.0,0.0,0.0
1265612,0.0,0.0,0.0,0.0,1.0,0.0,0.0
1266112,0.0,0.0,0.0,0.0,0.0,0.0,0.0
1266903,0.0,0.0,0.0,0.0,0.0,1.0,0.0
1267403,0.0,0.0,0.0,0.0,0.0,0.0,0.0
1267426,0.0,0.0,0.0,0.0,0.0,1.0,0.0
1267926,0.0,0.0,0.0,0.0,0.0,0.0,0.0
1269783,0.0,0.0,0.0,0.0,0.0,1.0,0.0
1270283,0.0,0.0,0.0,0.0,0.0,0.0,0.0
1270806,0.0,0.0,0.0,0.0,0.0,1.0,0.0
1271306,0.0,0.0,0.0,0.0,0.0,0.0,0.0
1272618,0.0,0.0,0.0,0.0,0.0,1.0,0.0
1273118,0.0,0.0,0.0,0.0,0.0,0.0,0.0
1273375,0.0,0.0,0.0,0.0,0.0,1.0,0.0
1273875,0.0,0.0,0.0,0.0,0.0,0.0,0.0
1274747,0.0,0.0,0.0,0.0,0.0,1.0,0.0
1275247,0.0,0.0,0.0,0.0,0.0,0.0,0.0
1275473,0.0,0.0,0.0,0.0,0.0,1.0,0.0
1275973,0.0,0.0,0.0,0.0,0.0,0.0,0.0
1277749,0.0,0.0,0.0,0.0,0.0,1.0,0.0
1278249,0.0,0.0,0.0,0.0,0.0,0.0,0.0
1279531,0.0,0.0,0.0,0.0,0.0,1.0,0.0
1280031,0.0,0.0,0.0,0.0,0.0,0.0,0.0
1281764,0.0,0.0,0.0,0.0,0.0,1.0,0.0
1282264,0.0,0.0,0.0,0.0,0.0,0.0,0.0
1283327,0.0,0.0,0.0,0.0,0.0,1.0,0.0
1283606,0.0,0.0,0.0,0.0,0.0,2.0,0.0
1284106,0.0,0.0,0.0,0.0,0.0,0.0,0.0
1285648,0.0,0.0,0.0,0.0,0.0,1.0,0.0
1286148,0.0,0.0,0.0,0.0,0.0,0.0,0.0
1286580,0.0,0.0,0.0,0.0,0.0,1.0,0.0
1287080,0.0,0.0,0.0,0.0,0.0,0.0,0.0
1287451,0.0,0.0,0.0,0.0,0.0,1.0,0.0
1287951,0.0,0.0,0.0,0.0,0.0,0.0,0.0
1289529,0.0,0.0,0.0,0.0,0.0,1.0,0.0
1290029,0.0,0.0,0.0,0.0,0.0,0.0,0.0
1292231,0.0,0.0,0.0,0.0,0.0,1.0,0.0
1292731,0.0,0.0,0.0,0.0,0.0,0.0,0.0
1292895,0.0,0.0,0.0,0.0,0.0,1.0,0.0
1293395,0.0,0.0,0.0,0.0,0.0,0.0,0.0
1293944,0.0,0.0,0.0,0.0,0.0,1.0,0.0
1294444,0.0,0.0,0.0,0.0,0.0,0.0,0.0
1294457,0.0,0.0,0.0,0.0,0.0,1.0,0.0
1294957,0.0,0.0,0.0,0.0,0.0,0.0,0.0
1295021,0.0,0.0,0.0,0.0,0.0,1.0,0.0
1295521,0.0,0.0,0.0,0.0,0.0,0.0,0.0
1296086,0.0,0.0,0.0,0.0,0.0,1.0,0.0
1296586,0.0,0.0,0.0,0.0,0.0,0.0,0.0
1296834,0.0,0.0,0.0,0.0,0.0,1.0,0.0
1296837,0.0,0.0,0.0,0.0,0.0,2.0,0.0
1297337,0.0,0.0,0.0,0.0,0.0,0.0,0.0
1298616,0.0,0.0,0.0,0.0,0.0,1.0,0.0
1299116,0.0,0.0,0.0,0.0,0.0,0.0,0.0
1300118,0.0,0.0,0.0,0.0,0.0,1.0,0.0
1300618,0.0,0.0,0.0,0.0,0.0,0.0,0.0
1300754,0.0,0.0,0.0,0.0,0.0,1.0,0.0
1301254,0.0,0.0,0.0,0.0,0.0,0.0,0.0
1303754,0.0,0.0,0.0,0.0,0.0,1.0,0.0
1304254,0.0,0.0,0.0,0.0,0.0,0.0,0.0
1304893,0.0,0.0,0.0,0.0,0.0,1.0,0.0
1305393,0.0,0.0,0.0,0.0,0.0,0.0,0.0
1307895,0.0,0.0,0.0,0.0,1.0,0.0,0.0
1308395,0.0,0.0,0.0,0.0,0.0,0.0,0.0
1309923,0.0,0.0,0.0,0.0,0.0,1.0,0.0
1310423,0.0,0.0,0.0,0.0,0.0,0.0,0.0
1310716,0.0,0.0,0.0,0.0,0.0,1.0,0.0
1311216,0.0,0.0,0.0,0.0,0.0,0.0,0.0
1312050,0.0,0.0,0.0,0.0,0.0,1.0,0.0
1312550,0.0,0.0,0.0,0.0,0.0,0.0,0.0
1315434,0.0,0.0,0.0,0.0,0.0,1.0,0.0
1315934,0.0,0.0,0.0,0.0,0.0,0.0,0.0
1316476,0.0,0.0,0.0,0.0,0.0,1.0,0.0
1316976,0.0,0.0,0.0,0.0,0.0,0.0,0.0
1317174,0.0,0.0,0.0,0.0,0.0,1.0,0.0
1317674,0.0,0.0,0.0,0.0,0.0,0.0,0.0
1318226,0.0,0.0,0.0,0.0,0.0,1.0,0.0
1318726,0.0,0.0,0.0,0.0,0.0,0.0,0.0
1320576,0.0,0.0,0.0,0.0,0.0,1.0,0.0
1321076,0.0,0.0,0.0,0.0,0.0,0.0,0.0
1321843,0.0,0.0,0.0,0.0,0.0,1.0,0.0
1322343,0.0,0.0,0.0,0.0,0.0,0.0,0.0
1322377,0.0,0.0,0.0,0.0,0.0,1.0,0.0
1322877,0.0,0.0,0.0,0.0,0.0,0.0,0.0
1323792,0.0,0.0,0.0,0.0,0.0,1.0,0.0
1324292,0.0,0.0,0.0,0.0,0.0,0.0,0.0
1324566,0.0,0.0,0.0,0.0,0.0,1.0,0.0
1325066,0.0,0.0,0.0,0.0,0.0,0.0,0.0
1325349,0.0,0.0,0.0,0.0,0.0,1.0,0.0
1325849,0.0,0.0,0.0,0.0,0.0,0.0,0.0
1326051,0.0,0.0,0.0,0.0,0.0,1.0,0.0
1326551,0.0,0.0,0.0,0.0,0.0,0.0,0.0
1326654,0.0,0.0,0.0,0.0,0.0,1.0,0.0
1326655,0.0,0.0,0.0,0.0,0.0,2.0,0.0
1327155,0.0,0.0,0.0,0.0,0.0,0.0,0.0
1329430,0.0,0.0,0.0,0.0,0.0,1.0,0.0
1329432,0.0,0.0,0.0,0.0,0.0,2.0,0.0
1329932,0.0,0.0,0.0,0.0,0.0,0.0,0.0
1334061,0.0,0.0,0.0,0.0,0.0,1.0,0.0
1334561,0.0,0.0,0.0,0.0,0.0,0.0,0.0
1335362,0.0,0.0,0.0,0.0,0.0,1.0,0.0
1335862,0.0,0.0,0.0,0.0,0.0,0.0,0.0
1335989,0.0,0.0,0.0,0.0,0.0,1.0,0.0
1336489,0.0,0.0,0.0,0.0,0.0,0.0,0.0
1338568,0.0,0.0,0.0,0.0,0.0,1.0,0.0
1339068,0.0,0.0,0.0,0.0,0.0,0.0,0.0
1339158,0.0,0.0,0.0,0.0,0.0,1.0,0.0
1339658,0.0,0.0,0.0,0.0,0.0,0.0,0.0
1340300,0.0,0.0,0.0,0.0,0.0,1.0,0.0
1340307,0.0,0.0,0.0,0.0,0.0,2.0,0.0
1340807,0.0,0.0,0.0,0.0,0.0,0.0,0.0
1344945,0.0,0.0,0.0,0.0,0.0,1.0,0.0
1345445,0.0,0.0,0.0,0.0,0.0,0.0,0.0
1345626,0.0,0.0,0.0,0.0,0.0,1.0,0.0
1346126,0.0,0.0,0.0,0.0,0.0,0.0,0.0
1346681,0.0,0.0,0.0,0.0,0.0,1.0,0.0
1347181,0.0,0.0,0.0,0.0,0.0,0.0,0.0
1347966,0.0,0.0,0.0,0.0,0.0,1.0,0.0
1348466,0.0,0.0,0.0,0.0,0.0,0.0,0.0
1349232,0.0,0.0,0.0,0.0,0.0,1.0,0.0
1349732,0.0,0.0,0.0,0.0,0.0,0.0,0.0
1352176,0.0,0.0,0.0,0.0,0.0,1.0,0.0
1352407,0.0,0.0,0.0,0.0,0.0,2.0,0.0
1352907,0.0,0.0,0.0,0.0,0.0,0.0,0.0
1355560,0.0,0.0,0.0,0.0,0.0,1.0,0.0
1356060,0.0,0.0,0.0,0.0,0.0,0.0,0.0
1356410,0.0,0.0,0.0,0.0,0.0,1.0,0.0
1356910,0.0,0.0,0.0,0.0,0.0,0.0,0.0
1359726,0.0,0.0,0.0,0.0,0.0,1.0,0.0
1359727,0.0,0.0,0.0,0.0,0.0,2.0,0.0
1360227,0.0,0.0,0.0,0.0,0.0,0.0,0.0
1361468,0.0,0.0,0.0,0.0,1.0,0.0,0.0
1361968,0.0,0.0,0.0,0.0,0.0,0.0,0.0
1362433,0.0,0.0,0.0,0.0,0.0,1.0,0.0
1362933,0.0,0.0,0.0,0.0,0.0,0.0,0.0
1363091,0.0,0.0,0.0,0.0,0.0,1.0,0.0
1363591,0.0,0.0,0.0,0.0,0.0,0.0,0.0
1365155,0.0,0.0,0.0,0.0,0.0,1.0,0.0
1365655,0.0,0.0,0.0,0.0,0.0,0.0,0.0
1366553,0.0,0.0,0.0,0.0,0.0,1.0,0.0
1367053,0.0,0.0,0.0,0.0,0.0,0.0,0.0
1367587,0.0,0.0,0.0,0.0,0.0,1.0,0.0
1367721,0.0,0.0,0.0,0.0,0.0,2.0,0.0
1368221,0.0,0.0,0.0,0.0,0.0,0.0,0.0
1370125,0.0,0.0,0.0,0.0,0.0,1.0,0.0
1370126,0.0,0.0,0.0,0.0,0.0,2.0,0.0
1370626,0.0,0.0,0.0,0.0,0.0,0.0,0.0
1373913,0.0,0.0,0.0,0.0,0.0,1.0,0.0
1374413,0.0,0.0,0.0,0.0,0.0,0.0,0.0
1376595,0.0,0.0,0.0,0.0,0.0,1.0,0.0
1377095,0.0,0.0,0.0,0.0,0.0,0.0,0.0
1377344,0.0,0.0,0.0,0.0,0.0,1.0,0.0
1377844,0.0,0.0,0.0,0.0,0.0,0.0,0.0
1379873,0.0,0.0,0.0,0.0,0.0,1.0,0.0
1379895,0.0,0.0,0.0,0.0,0.0,2.0,0.0
1380395,0.0,0.0,0.0,0.0,0.0,0.0,0.0
1381779,0.0,0.0,0.0,0.0,0.0,1.0,0.0
1382279,0.0,0.0,0.0,0.0,0.0,0.0,0.0
1382623,0.0,0.0,0.0,0.0,0.0,1.0,0.0
1383123,0.0,0.0,0.0,0.0,0.0,0.0,0.0
1383559,0.0,0.0,0.0,0.0,0.0,1.0,0.0
1384059,0.0,0.0,0.0,0.0,0.0,0.0,0.0
1387340,0.0,0.0,0.0,0.0,0.0,1.0,0.0
1387840,0.0,0.0,0.0,0.0,0.0,0.0,0.0
1388098,0.0,0.0,0.0,0.0,0.0,1.0,0.0
1388598,0.0,0.0,0.0,0.0,0.0,0.0,0.0
1391584,0.0,0.0,0.0,0.0,0.0,1.0,0.0
1392084,0.0,0.0,0.0,0.0,0.0,0.0,0.0
1392481,0.0,0.0,0.0,0.0,0.0,1.0,0.0
1392981,0.0,0.0,0.0,0.0,0.0,0.0,0.0
1393508,0.0,0.0,0.0,0.0,0.0,1.0,0.0
1393513,0.0,0.0,0.0,0.0,0.0,2.0,0.0
1394013,0.0,0.0,0.0,0.0,0.0,0.0,0.0
1394938,0.0,0.0,0.0,0.0,0.0,1.0,0.0
1395438,0.0,0.0,0.0,0.0,0.0,0.0,0.0
1398617,0.0,0.0,0.0,0.0,0.0,1.0,0.0
1399117,0.0,0.0,0.0,0.0,0.0,0.0,0.0
1399890,0.0,0.0,0.0,0.0,0.0,1.0,0.0
1400390,0.0,0.0,0.0,0.0,0.0,0.0,0.0
1401300,0.0,0.0,0.0,0.0,0.0,0.0,1.0
1401800,0.0,0.0,0.0,0.0,0.0,0.0,0.0
1402111,2.0,0.0,0.0,0.0,0.0,0.0,0.0
1402203,2.0,0.0,0.0,0.0,0.0,1.0,0.0
1402356,2.0,0.0,0.0,0.0,1.0,1.0,0.0
1402611,0.0,0.0,0.0,0.0,1.0,1.0,0.0
1402622,0.0,2.0,0.0,0.0,1.0,1.0,0.0
1402703,0.0,2.0,0.0,0.0,1.0,0.0,0.0
1402925,0.0,2.0,0.0,0.0,2.0,0.0,0.0
1402943,2.0,2.0,0.0,0.0,2.0,0.0,0.0
1403122,2.0,0.0,0.0,0.0,2.0,0.0,0.0
1403184,2.0,0.0,0.0,0.0,2.0,1.0,0.0
1403425,2.0,0.0,0.0,0.0,0.0,1.0,0.0
1403443,0.0,0.0,0.0,0.0,0.0,1.0,0.0
1403684,0.0,0.0,0.0,0.0,0.0,0.0,0.0
1403941,0.0,0.0,0.0,0.0,0.0,1.0,0.0
1404441,0.0,0.0,0.0,0.0,0.0,0.0,0.0
1404543,0.0,0.0,0.0,0.0,0.0,1.0,0.0
1405043,0.0,0.0,0.0,0.0,0.0,0.0,0.0
1405055,2.0,0.0,0.0,0.0,0.0,0.0,0.0
1405555,0.0,0.0,0.0,0.0,0.0,0.0,0.0
1406138,0.0,0.0,0.0,0.0,0.0,1.0,0.0
1406638,0.0,0.0,0.0,0.0,0.0,0.0,0.0
1407752,0.0,0.0,0.0,0.0,0.0,1.0,0.0
1408252,0.0,0.0,0.0,0.0,0.0,0.0,0.0
1408595,0.0,0.0,0.0,0.0,0.0,1.0,0.0
1409095,0.0,0.0,0.0,0.0,0.0,0.0,0.0
1409973,0.0,0.0,0.0,0.0,0.0,1.0,0.0
1410473,0.0,0.0,0.0,0.0,0.0,0.0,0.0
1410958,0.0,0.0,0.0,0.0,0.0,1.0,0.0
1411458,0.0,0.0,0.0,0.0,0.0,0.0,0.0
1411574,0.0,0.0,0.0,0.0,0.0,1.0,0.0
1412074,0.0,0.0,0.0,0.0,0.0,0.0,0.0
1412680,0.0,0.0,0.0,0.0,0.0,1.0,0.0
1413180,0.0,0.0,0.0,0.0,0.0,0.0,0.0
1413382,0.0,0.0,0.0,0.0,0.0,1.0,0.0
1413882,0.0,0.0,0.0,0.0,0.0,0.0,0.0
1415351,0.0,0.0,0.0,0.0,0.0,1.0,0.0
1415851,0.0,0.0,0.0,0.0,0.0,0.0,0.0
1417690,0.0,0.0,0.0,0.0,0.0,1.0,0.0
1418190,0.0,0.0,0.0,0.0,0.0,0.0,0.0
1418299,0.0,0.0,0.0,0.0,0.0,1.0,0.0
1418799,0.0,0.0,0.0,0.0,0.0,0.0,0.0
1421783,0.0,0.0,0.0,0.0,0.0,1.0,0.0
1422283,0.0,0.0,0.0,0.0,0.0,0.0,0.0
1422606,0.0,0.0,0.0,0.0,0.0,1.0,0.0
1423106,0.0,0.0,0.0,0.0,0.0,0.0,0.0
1423157,0.0,0.0,0.0,0.0,0.0,1.0,0.0
1423657,0.0,0.0,0.0,0.0,0.0,0.0,0.0
1423702,0.0,0.0,0.0,0.0,0.0,1.0,0.0
1424202,0.0,0.0,0.0,0.0,0.0,0.0,0.0
1425601,0.0,0.0,0.0,0.0,0.0,1.0,0.0
1426101,0.0,0.0,0.0,0.0,0.0,0.0,0.0
1427125,0.0,0.0,0.0,0.0,0.0,1.0,0.0
1427625,0.0,0.0,0.0,0.0,0.0,0.0,0.0
1428004,0.0,0.0,0.0,0.0,0.0,1.0,0.0
1428011,0.0,0.0,0.0,0.0,0.0,2.0,0.0
1428511,0.0,0.0,0.0,0.0,0.0,0.0,0.0
1430415,0.0,0.0,0.0,0.0,0.0,1.0,0.0
1430915,0.0,0.0,0.0,0.0,0.0,0.0,0.0
1432632,0.0,0.0,0.0,0.0,0.0,1.0,0.0
1433132,0.0,0.0,0.0,0.0,0.0,0.0,0.0
1433713,0.0,0.0,0.0,0.0,0.0,1.0,0.0
1433831,0.0,0.0,0.0,0.0,1.0,1.0,0.0
1434213,0.0,0.0,0.0,0.0,1.0,0.0,0.0
1434331,0.0,0.0,0.0,0.0,0.0,0.0,0.0
1434409,0.0,0.0,0.0,0.0,0.0,1.0,0.0
1434909,0.0,0.0,0.0,0.0,0.0,0.0,0.0
1435437,0.0,0.0,0.0,0.0,0.0,1.0,0.0
1435937,0.0,0.0,0.0,0.0,0.0,0.0,0.0
1436465,0.0,0.0,0.0,0.0,0.0,1.0,0.0
1436965,0.0,0.0,0.0,0.0,0.0,0.0,0.0
1437963,0.0,0.0,0.0,0.0,0.0,1.0,0.0
1437967,0.0,0.0,0.0,0.0,0.0,2.0,0.0
1438467,0.0,0.0,0.0,0.0,0.0,0.0,0.0
1439119,0.0,0.0,0.0,0.0,0.0,1.0,0.0
1439619,0.0,0.0,0.0,0.0,0.0,0.0,0.0
1439846,0.0,0.0,0.0,0.0,0.0,1.0,0.0
1440346,0.0,0.0,0.0,0.0,0.0,0.0,0.0
1441546,0.0,0.0,0.0,0.0,0.0,1.0,0.0
1441804,0.0,0.0,0.0,0.0,0.0,2.0,0.0
1442304,0.0,0.0,0.0,0.0,0.0,0.0,0.0
1442956,0.0,0.0,0.0,0.0,0.0,1.0,0.0
1443456,0.0,0.0,0.0,0.0,0.0,0.0,0.0
1445174,0.0,0.0,0.0,0.0,0.0,1.0,0.0
1445674,0.0,0.0,0.0,0.0,0.0,0.0,0.0
1446647,0.0,0.0,0.0,0.0,0.0,1.0,0.0
1447147,0.0,0.0,0.0,0.0,0.0,0.0,0.0
1447317,0.0,0.0,0.0,0.0,0.0,1.0,0.0
1447789,0.0,0.0,0.0,0.0,0.0,2.0,0.0
1448289,0.0,0.0,0.0,0.0,0.0,0.0,0.0
1448453,0.0,0.0,0.0,0.0,0.0,1.0,0.0
1448456,0.0,0.0,0.0,0.0,0.0,2.0,0.0
1448956,0.0,0.0,0.0,0.0,0.0,0.0,0.0
1449070,0.0,0.0,0.0,0.0,0.0,1.0,0.0
1449570,0.0,0.0,0.0,0.0,0.0,0.0,0.0
1451187,0.0,0.0,0.0,0.0,0.0,1.0,0.0
1451687,0.0,0.0,0.0,0.0,0.0,0.0,0.0
1451873,0.0,0.0,0.0,0.0,0.0,1.0,0.0
1452373,0.0,0.0,0.0,0.0,0.0,0.0,0.0
1452580,0.0,0.0,0.0,0.0,0.0,1.0,0.0
1453080,0.0,0.0,0.0,0.0,0.0,0.0,0.0
1453295,0.0,0.0,0.0,0.0,0.0,1.0,0.0
1453304,0.0,0.0,0.0,0.0,0.0,2.0,0.0
1453804,0.0,0.0,0.0,0.0,0.0,0.0,0.0
1454982,0.0,0.0,0.0,0.0,0.0,1.0,0.0
1455482,0.0,0.0,0.0,0.0,0.0,0.0,0.0
1457576,0.0,0.0,0.0,0.0,0.0,1.0,0.0
1458076,0.0,0.0,0.0,0.0,0.0,0.0,0.0
1462706,0.0,0.0,0.0,0.0,0.0,1.0,0.0
1463206,0.0,0.0,0.0,0.0,0.0,0.0,0.0
1463813,0.0,0.0,0.0,0.0,0.0,1.0,0.0
1464313,0.0,0.0,0.0,0.0,0.0,0.0,0.0
1464368,0.0,0.0,0.0,0.0,0.0,1.0,0.0
1464868,0.0,0.0,0.0,0.0,0.0,0.0,0.0
1467131,0.0,0.0,0.0,0.0,0.0,1.0,0.0
1467631,0.0,0.0,0.0,0.0,0.0,0.0,0.0
1467798,0.0,0.0,0.0,0.0,0.0,1.0,0.0
1468298,0.0,0.0,0.0,0.0,0.0,0.0,0.0
1470119,0.0,0.0,0.0,0.0,0.0,1.0,0.0
1470619,0.0,0.0,0.0,0.0,0.0,0.0,0.0
1471934,0.0,0.0,0.0,0.0,0.0,1.0,0.0
1472434,0.0,0.0,0.0,0.0,0.0,0.0,0.0
1472526,0.0,0.0,0.0,0.0,0.0,1.0,0.0
1473026,0.0,0.0,0.0,0.0,0.0,0.0,0.0
1474274,0.0,0.0,0.0,0.0,0.0,1.0,0.0
1474518,0.0,0.0,0.0,0.0,0.0,2.0,0.0
1475018,0.0,0.0,0.0,0.0,0.0,0.0,0.0
1476946,0.0,0.0,0.0,0.0,0.0,1.0,0.0
1476994,0.0,0.0,0.0,0.0,0.0,2.0,0.0
1477494,0.0,0.0,0.0,0.0,0.0,0.0,0.0
1479759,0.0,0.0,0.0,0.0,0.0,1.0,0.0
1480259,0.0,0.0,0.0,0.0,0.0,0.0,0.0
1480431,0.0,2.0,0.0,0.0,0.0,0.0,0.0
1480931,0.0,0.0,0.0,0.0,0.0,0.0,0.0
1481100,0.0,0.0,0.0,0.0,0.0,1.0,0.0
1481104,0.0,0.0,0.0,0.0,0.0,2.0,0.0
1481604,0.0,0.0,0.0,0.0,0.0,0.0,0.0
1482454,0.0,0.0,0.0,0.0,0.0,1.0,0.0
1482468,0.0,0.0,0.0,0.0,0.0,2.0,0.0
1482968,0.0,0.0,0.0,0.0,0.0,0.0,0.0
1484673,0.0,0.0,0.0,0.0,0.0,1.0,0.0
1485173,0.0,0.0,0.0,0.0,0.0,0.0,0.0
1486842,0.0,0.0,0.0,0.0,0.0,1.0,0.0
1486892,0.0,0.0,0.0,0.0,0.0,2.0,0.0
1487392,0.0,0.0,0.0,0.0,0.0,0.0,0.0
1487473,0.0,0.0,0.0,0.0,0.0,1.0,0.0
1487481,0.0,0.0,0.0,0.0,0.0,2.0,0.0
1487981,0.0,0.0,0.0,0.0,0.0,0.0,0.0
1489738,0.0,0.0,0.0,0.0,0.0,1.0,0.0
1490238,0.0,0.0,0.0,0.0,0.0,0.0,0.0
1490564,0.0,0.0,0.0,0.0,0.0,1.0,0.0
1490565,0.0,0.0,0.0,0.0,0.0,2.0,0.0
1491065,0.0,0.0,0.0,0.0,0.0,0.0,0.0
1491418,0.0,0.0,0.0,0.0,0.0,1.0,0.0
1491918,0.0,0.0,0.0,0.0,0.0,0.0,0.0
1493096,0.0,0.0,0.0,0.0,0.0,1.0,0.0
1493098,0.0,0.0,0.0,0.0,0.0,2.0,0.0
1493598,0.0,0.0,0.0,0.0,0.0,0.0,0.0
1493968,0.0,0.0,0.0,0.0,0.0,1.0,0.0
1494468,0.0,0.0,0.0,0.0,0.0,0.0,0.0
1494664,0.0,0.0,0.0,0.0,0.0,1.0,0.0
1495164,0.0,0.0,0.0,0.0,0.0,0.0,0.0
1495784,0.0,0.0,0.0,0.0,0.0,1.0,0.0
1496284,0.0,0.0,0.0,0.0,0.0,0.0,0.0
1496758,0.0,0.0,0.0,0.0,0.0,1.0,0.0
1497258,0.0,0.0,0.0,0.0,0.0,0.0,0.0
1497495,0.0,0.0,0.0,0.0,0.0,1.0,0.0
1497610,0.0,0.0,0.0,0.0,0.0,2.0,0.0
1498110,0.0,0.0,0.0,0.0,0.0,0.0,0.0
1499058,0.0,0.0,0.0,0.0,0.0,1.0,0.0
1499062,0.0,0.0,0.0,0.0,0.0,2.0,0.0
1499562,0.0,0.0,0.0,0.0,0.0,0.0,0.0
1500271,0.0,0.0,0.0,0.0,0.0,1.0,0.0
1500771,0.0,0.0,0.0,0.0,0.0,0.0,0.0
1503210,0.0,0.0,0.0,0.0,0.0,1.0,0.0
1503710,0.0,0.0,0.0,0.0,0.0,0.0,0.0
1504622,0.0,0.0,0.0,0.0,0.0,1.0,0.0
1505122,0.0,0.0,0.0,0.0,0.0,0.0,0.0
1505616,0.0,0.0,0.0,0.0,0.0,1.0,0.0
1506116,0.0,0.0,0.0,0.0,0.0,0.0,0.0
1507202,0.0,0.0,0.0,0.0,0.0,1.0,0.0
1507702,0.0,0.0,0.0,0.0,0.0,0.0,0.0
1509005,0.0,0.0,0.0,0.0,0.0,1.0,0.0
1509505,0.0,0.0,0.0,0.0,0.0,0.0,0.0
1510053,0.0,0.0,0.0,0.0,0.0,1.0,0.0
1510054,0.0,0.0,0.0,0.0,1.0,2.0,0.0
1510554,0.0,0.0,0.0,0.0,0.0,0.0,0.0
1511753,0.0,0.0,0.0,0.0,0.0,1.0,0.0
1512253,0.0,0.0,0.0,0.0,0.0,0.0,0.0
1512743,0.0,0.0,0.0,0.0,0.0,1.0,0.0
1513243,0.0,0.0,0.0,0.0,0.0,0.0,0.0
1513863,0.0,0.0,0.0,0.0,0.0,1.0,0.0
1514363,0.0,0.0,0.0,0.0,0.0,0.0,0.0
1515048,0.0,0.0,0.0,0.0,0.0,1.0,0.0
1515548,0.0,0.0,0.0,0.0,0.0,0.0,0.0
1517264,0.0,0.0,0.0,0.0,0.0,1.0,0.0
1517764,0.0,0.0,0.0,0.0,0.0,0.0,0.0
1518983,0.0,0.0,0.0,0.0,0.0,1.0,0.0
1519483,0.0,0.0,0.0,0.0,0.0,0.0,0.0
1519567,0.0,0.0,0.0,0.0,0.0,1.0,0.0
1520067,0.0,0.0,0.0,0.0,0.0,0.0,0.0
1523843,0.0,0.0,0.0,0.0,0.0,1.0,0.0
1524343,0.0,0.0,0.0,0.0,0.0,0.0,0.0
1525691,0.0,0.0,0.0,0.0,0.0,1.0,0.0
1526191,0.0,0.0,0.0,0.0,0.0,0.0,0.0
1526920,0.0,0.0,0.0,0.0,0.0,1.0,0.0
1527420,0.0,0.0,0.0,0.0,0.0,0.0,0.0
1528682,0.0,0.0,0.0,0.0,0.0,1.0,0.0
1529182,0.0,0.0,0.0,0.0,0.0,0.0,0.0
1530414,0.0,0.0,0.0,0.0,0.0,1.0,0.0
1530914,0.0,0.0,0.0,0.0,0.0,0.0,0.0
1533034,0.0,0.0,0.0,0.0,0.0,1.0,0.0
1533534,0.0,0.0,0.0,0.0,0.0,0.0,0.0
1534156,0.0,0.0,0.0,0.0,1.0,0.0,0.0
1534484,0.0,0.0,0.0,0.0,1.0,1.0,0.0
1534656,0.0,0.0,0.0,0.0,0.0,1.0,0.0
1534984,0.0,0.0,0.0,0.0,0.0,0.0,0.0
1535870,0.0,0.0,0.0,0.0,0.0,1.0,0.0
1536370,0.0,0.0,0.0,0.0,0.0,0.0,0.0
1537902,0.0,0.0,0.0,0.0,0.0,1.0,0.0
1538402,0.0,0.0,0.0,0.0,0.0,0.0,0.0
1538616,0.0,0.0,0.0,0.0,0.0,1.0,0.0
1539116,0.0,0.0,0.0,0.0,0.0,0.0,0.0
1540652,0.0,0.0,0.0,0.0,0.0,1.0,0.0
1541152,0.0,0.0,0.0,0.0,0.0,0.0,0.0
1545373,0.0,0.0,0.0,0.0,0.0,1.0,0.0
1545873,0.0,0.0,0.0,0.0,0.0,0.0,0.0
1549709,0.0,0.0,0.0,0.0,0.0,1.0,0.0
1549728,0.0,0.0,0.0,0.0,0.0,2.0,0.0
1550228,0.0,0.0,0.0,0.0,0.0,0.0,0.0
1554385,0.0,0.0,0.0,0.0,0.0,1.0,0.0
1554390,0.0,0.0,0.0,0.0,0.0,2.0,0.0
1554890,0.0,0.0,0.0,0.0,0.0,0.0,0.0
1554892,0.0,0.0,0.0,0.0,0.0,1.0,0.0
1555392,0.0,0.0,0.0,0.0,0.0,0.0,0.0
1555918,0.0,0.0,0.0,0.0,0.0,1.0,0.0
1556418,0.0,0.0,0.0,0.0,0.0,0.0,0.0
1557227,0.0,0.0,0.0,0.0,0.0,1.0,0.0
1557727,0.0,0.0,0.0,0.0,0.0,0.0,0.0
1557995,0.0,0.0,0.0,0.0,0.0,1.0,0.0
1558000,0.0,0.0,0.0,0.0,0.0,2.0,0.0
1558500,0.0,0.0,0.0,0.0,0.0,0.0,0.0
1559788,0.0,0.0,0.0,0.0,0.0,1.0,0.0
1560288,0.0,0.0,0.0,0.0,0.0,0.0,0.0
1561439,0.0,0.0,0.0,0.0,0.0,1.0,0.0
1561939,0.0,0.0,0.0,0.0,0.0,0.0,0.0
1561988,0.0,0.0,0.0,0.0,0.0,1.0,0.0
1562488,0.0,0.0,0.0,0.0,0.0,0.0,0.0
1562615,0.0,0.0,0.0,0.0,0.0,1.0,0.0
1563115,0.0,0.0,0.0,0.0,0.0,0.0,0.0
1563801,0.0,0.0,0.0,0.0,0.0,1.0,0.0
1564301,0.0,0.0,0.0,0.0,0.0,0.0,0.0
1565465,0.0,0.0,0.0,0.0,0.0,1.0,0.0
1565468,0.0,0.0,0.0,0.0,0.0,2.0,0.0
1565968,0.0,0.0,0.0,0.0,0.0,0.0,0.0
1566302,0.0,0.0,0.0,0.0,0.0,1.0,0.0
1566802,0.0,0.0,0.0,0.0,0.0,0.0,0.0
1566862,0.0,0.0,0.0,0.0,0.0,1.0,0.0
1567362,0.0,0.0,0.0,0.0,0.0,0.0,0.0
1567482,0.0,0.0,0.0,0.0,0.0,1.0,0.0
1567982,0.0,0.0,0.0,0.0,0.0,0.0,0.0
1568583,0.0,0.0,0.0,0.0,0.0,1.0,0.0
1569083,0.0,0.0,0.0,0.0,0.0,0.0,0.0
1571406,0.0,0.0,0.0,0.0,0.0,1.0,0.0
1571906,0.0,0.0,0.0,0.0,0.0,0.0,0.0
1572255,0.0,0.0,0.0,0.0,0.0,1.0,0.0
1572755,0.0,0.0,0.0,0.0,0.0,0.0,0.0
1573131,0.0,0.0,0.0,0.0,0.0,1.0,0.0
1573631,0.0,0.0,0.0,0.0,0.0,0.0,0.0
1574620,0.0,0.0,0.0,0.0,0.0,1.0,0.0
1575120,0.0,0.0,0.0,0.0,0.0,0.0,0.0
1577269,0.0,0.0,0.0,0.0,0.0,1.0,0.0
1577769,0.0,0.0,0.0,0.0,0.0,0.0,0.0
1578631,0.0,0.0,0.0,0.0,0.0,1.0,0.0
1579131,0.0,0.0,0.0,0.0,0.0,0.0,0.0
1579244,0.0,0.0,0.0,0.0,0.0,1.0,0.0
1579744,0.0,0.0,0.0,0.0,0.0,0.0,0.0
1580010,0.0,0.0,0.0,0.0,0.0,1.0,0.0
1580033,0.0,0.0,0.0,0.0,0.0,2.0,0.0
1580533,0.0,0.0,0.0,0.0,0.0,0.0,0.0
1580854,0.0,0.0,0.0,0.0,0.0,1.0,0.0
1581354,0.0,0.0,0.0,0.0,0.0,0.0,0.0
1585309,0.0,0.0,0.0,0.0,0.0,1.0,0.0
1585809,0.0,0.0,0.0,0.0,0.0,0.0,0.0
1587530,0.0,0.0,0.0,0.0,0.0,1.0,0.0
1588030,0.0,0.0,0.0,0.0,0.0,0.0,0.0
1588288,0.0,0.0,0.0,0.0,0.0,1.0,0.0
1588788,0.0,0.0,0.0,0.0,0.0,0.0,0.0
1588798,0.0,0.0,0.0,0.0,0.0,1.0,0.0
1588801,0.0,0.0,0.0,0.0,0.0,2.0,0.0
1589301,0.0,0.0,0.0,0.0,0.0,0.0,0.0
1590227,0.0,0.0,0.0,0.0,0.0,1.0,0.0
1590228,0.0,0.0,0.0,0.0,0.0,2.0,0.0
1590728,0.0,0.0,0.0,0.0,0.0,0.0,0.0
1591293,0.0,0.0,0.0,0.0,0.0,1.0,0.0
1591793,0.0,0.0,0.0,0.0,0.0,0.0,0.0
1592869,0.0,0.0,0.0,0.0,0.0,1.0,0.0
1593369,0.0,0.0,0.0,0.0,0.0,0.0,0.0
1595514,0.0,0.0,0.0,0.0,0.0,1.0,0.0
1596014,0.0,0.0,0.0,0.0,0.0,0.0,0.0
1596299,0.0,0.0,0.0,0.0,0.0,1.0,0.0
1596799,0.0,0.0,0.0,0.0,0.0,0.0,0.0
1598553,0.0,0.0,0.0,0.0,0.0,1.0,0.0
1599053,0.0,0.0,0.0,0.0,0.0,0.0,0.0
1601500,0.0,0.0,0.0,0.0,0.0,0.0,1.0
1601518,0.0,0.0,0.0,0.0,0.0,1.0,1.0
1602000,0.0,0.0,0.0,0.0,0.0,1.0,0.0
1602018,0.0,0.0,0.0,0.0,0.0,0.0,0.0
1602462,0.0,0.0,0.0,0.0,0.0,1.0,0.0
1602489,0.0,0.0,0.0,0.0,0.0,2.0,0.0
1602790,0.0,2.0,0.0,0.0,0.0,2.0,0.0
1602989,0.0,2.0,0.0,0.0,0.0,0.0,0.0
1603290,0.0,0.0,0.0,0.0,0.0,0.0,0.0
1603345,0.0,0.0,0.0,0.0,0.0,1.0,0.0
1603359,2.0,0.0,0.0,0.0,0.0,1.0,0.0
1603845,2.0,0.0,0.0,0.0,0.0,0.0,0.0
1603859,0.0,0.0,0.0,0.0,0.0,0.0,0.0
1605538,0.0,0.0,0.0,0.0,0.0,1.0,0.0
1605759,0.0,0.0,0.0,0.0,0.0,2.0,0.0
1605788,0.0,0.0,0.0,0.0,1.0,2.0,0.0
1606259,0.0,0.0,0.0,0.0,1.0,0.0,0.0
1606428,0.0,0.0,0.0,0.0,2.0,0.0,0.0
1606928,0.0,0.0,0.0,0.0,0.0,0.0,0.0
1607265,0.0,0.0,0.0,0.0,0.0,1.0,0.0
1608031,2.0,0.0,0.0,0.0,0.0,1.0,0.0
1608265,2.0,0.0,0.0,0.0,0.0,0.0,0.0
1608531,0.0,0.0,0.0,0.0,0.0,0.0,0.0
1608696,0.0,0.0,0.0,0.0,0.0,1.0,0.0
1609196,0.0,0.0,0.0,0.0,0.0,0.0,0.0
1610992,0.0,0.0,0.0,0.0,0.0,1.0,0.0
1611492,0.0,0.0,0.0,0.0,0.0,0.0,0.0
1611770,0.0,0.0,0.0,0.0,0.0,1.0,0.0
1611777,0.0,0.0,0.0,0.0,0.0,2.0,0.0
1612277,0.0,0.0,0.0,0.0,0.0,0.0,0.0
1613039,0.0,0.0,0.0,0.0,0.0,1.0,0.0
1613539,0.0,0.0,0.0,0.0,0.0,0.0,0.0
1614131,0.0,0.0,0.0,0.0,0.0,1.0,0.0
1614139,0.0,0.0,0.0,0.0,0.0,2.0,0.0
1614639,0.0,0.0,0.0,0.0,0.0,0.0,0.0
1615311,0.0,0.0,0.0,0.0,0.0,1.0,0.0
1615811,0.0,0.0,0.0,0.0,0.0,0.0,0.0
1618332,0.0,0.0,0.0,0.0,0.0,1.0,0.0
1618832,0.0,0.0,0.0,0.0,0.0,0.0,0.0
1619608,0.0,0.0,0.0,0.0,0.0,1.0,0.0
1620108,0.0,0.0,0.0,0.0,0.0,0.0,0.0
1620830,0.0,0.0,0.0,0.0,0.0,1.0,0.0
1621330,0.0,0.0,0.0,0.0,0.0,0.0,0.0
1623635,0.0,0.0,0.0,0.0,0.0,1.0,0.0
1624135,0.0,0.0,0.0,0.0,0.0,0.0,0.0
1624505,0.0,0.0,0.0,0.0,0.0,1.0,0.0
1625005,0.0,0.0,0.0,0.0,0.0,0.0,0.0
1625247,0.0,0.0,0.0,0.0,0.0,1.0,0.0
1625249,0.0,0.0,0.0,0.0,0.0,2.0,0.0
1625749,0.0,0.0,0.0,0.0,0.0,0.0,0.0
1626163,0.0,0.0,0.0,0.0,0.0,1.0,0.0
1626663,0.0,0.0,0.0,0.0,0.0,0.0,0.0
1629417,0.0,0.0,0.0,0.0,0.0,1.0,0.0
1629917,0.0,0.0,0.0,0.0,0.0,0.0,0.0
1630277,0.0,0.0,0.0,0.0,0.0,1.0,0.0
1630775,0.0,0.0,0.0,0.0,1.0,1.0,0.0
1630777,0.0,0.0,0.0,0.0,1.0,0.0,0.0
1631214,0.0,0.0,0.0,0.0,1.0,1.0,0.0
1631275,0.0,0.0,0.0,0.0,0.0,1.0,0.0
1631714,0.0,0.0,0.0,0.0,0.0,0.0,0.0
1632797,0.0,0.0,0.0,0.0,0.0,1.0,0.0
1633297,0.0,0.0,0.0,0.0,0.0,0.0,0.0
1635099,0.0,0.0,0.0,0.0,0.0,1.0,0.0
1635599,0.0,0.0,0.0,0.0,0.0,0.0,0.0
1635836,0.0,0.0,0.0,0.0,0.0,1.0,0.0
1636336,0.0,0.0,0.0,0.0,0.0,0.0,0.0
1637080,0.0,0.0,0.0,0.0,0.0,1.0,0.0
1637084,0.0,0.0,0.0,0.0,1.0,1.0,0.0
1637085,0.0,0.0,0.0,0.0,1.0,2.0,0.0
1637584,0.0,0.0,0.0,0.0,0.0,2.0,0.0
1637585,0.0,0.0,0.0,0.0,0.0,0.0,0.0
1637999,0.0,0.0,0.0,0.0,0.0,1.0,0.0
1638499,0.0,0.0,0.0,0.0,0.0,0.0,0.0
1639099,0.0,0.0,0.0,0.0,0.0,1.0,0.0
1639599,0.0,0.0,0.0,0.0,0.0,0.0,0.0
1640994,0.0,0.0,0.0,0.0,0.0,1.0,0.0
1641494,0.0,0.0,0.0,0.0,0.0,0.0,0.0
1642359,0.0,0.0,0.0,0.0,0.0,1.0,0.0
1642361,0.0,0.0,0.0,0.0,0.0,2.0,0.0
1642861,0.0,0.0,0.0,0.0,0.0,0.0,0.0
1643074,0.0,0.0,0.0,0.0,0.0,1.0,0.0
1643574,0.0,0.0,0.0,0.0,0.0,0.0,0.0
1645338,0.0,0.0,0.0,0.0,0.0,1.0,0.0
1645631,0.0,0.0,0.0,0.0,0.0,2.0,0.0
1646131,0.0,0.0,0.0,0.0,0.0,0.0,0.0
1646418,0.0,0.0,0.0,0.0,0.0,1.0,0.0
1646686,0.0,0.0,0.0,0.0,0.0,2.0,0.0
1647186,0.0,0.0,0.0,0.0,0.0,0.0,0.0
1647422,0.0,0.0,0.0,0.0,0.0,1.0,0.0
1647922,0.0,0.0,0.0,0.0,0.0,0.0,0.0
1649036,0.0,0.0,0.0,0.0,0.0,1.0,0.0
1649355,0.0,0.0,0.0,0.0,0.0,2.0,0.0
1649855,0.0,0.0,0.0,0.0,0.0,0.0,0.0
1654753,0.0,0.0,0.0,0.0,0.0,1.0,0.0
1655253,0.0,0.0,0.0,0.0,0.0,0.0,0.0
1656123,0.0,0.0,0.0,0.0,0.0,1.0,0.0
1656623,0.0,0.0,0.0,0.0,0.0,0.0,0.0
1656715,0.0,0.0,0.0,0.0,0.0,1.0,0.0
1657215,0.0,0.0,0.0,0.0,0.0,0.0,0.0
1658105,0.0,0.0,0.0,0.0,0.0,1.0,0.0
1658605,0.0,0.0,0.0,0.0,0.0,0.0,0.0
1659608,0.0,0.0,0.0,0.0,0.0,1.0,0.0
1660108,0.0,0.0,0.0,0.0,0.0,0.0,0.0
1660895,0.0,0.0,0.0,0.0,0.0,1.0,0.0
1661110,0.0,0.0,0.0,0.0,0.0,2.0,0.0
1661610,0.0,0.0,0.0,0.0,0.0,0.0,0.0
1661673,0.0,0.0,0.0,0.0,0.0,1.0,0.0
1662173,0.0,0.0,0.0,0.0,0.0,0.0,0.0
1664301,0.0,0.0,0.0,0.0,0.0,1.0,0.0
1664801,0.0,0.0,0.0,0.0,0.0,0.0,0.0
1665179,0.0,0.0,0.0,0.0,0.0,1.0,0.0
1665209,0.0,0.0,0.0,0.0,0.0,2.0,0.0
1665709,0.0,0.0,0.0,0.0,0.0,0.0,0.0
1666904,0.0,0.0,0.0,0.0,0.0,1.0,0.0
1667198,0.0,0.0,0.0,0.0,0.0,2.0,0.0
1667698,0.0,0.0,0.0,0.0,0.0,0.0,0.0
1668291,0.0,0.0,0.0,0.0,0.0,1.0,0.0
1668791,0.0,0.0,0.0,0.0,0.0,0.0,0.0
1669516,0.0,0.0,0.0,0.0,0.0,1.0,0.0
1670016,0.0,0.0,0.0,0.0,0.0,0.0,0.0
1671445,0.0,0.0,0.0,0.0,0.0,1.0,0.0
1671945,0.0,0.0,0.0,0.0,0.0,0.0,0.0
1673571,0.0,0.0,0.0,0.0,0.0,1.0,0.0
1673862,0.0,0.0,0.0,0.0,0.0,2.0,0.0
1674362,0.0,0.0,0.0,0.0,0.0,0.0,0.0
1675860,0.0,0.0,0.0,0.0,0.0,1.0,0.0
1676360,0.0,0.0,0.0,0.0,0.0,0.0,0.0
1677325,0.0,0.0,0.0,0.0,0.0,1.0,0.0
1677825,0.0,0.0,0.0,0.0,0.0,0.0,0.0
1678761,0.0,0.0,0.0,0.0,0.0,1.0,0.0
1679261,0.0,0.0,0.0,0.0,0.0,0.0,0.0
1679460,0.0,0.0,0.0,0.0,0.0,1.0,0.0
1679960,0.0,0.0,0.0,0.0,0.0,0.0,0.0
1680621,0.0,0.0,0.0,0.0,0.0,1.0,0.0
1680623,0.0,0.0,0.0,0.0,0.0,2.0,0.0
1681123,0.0,0.0,0.0,0.0,0.0,0.0,0.0
1683384,0.0,0.0,0.0,0.0,0.0,1.0,0.0
1683884,0.0,0.0,0.0,0.0,0.0,0.0,0.0
1684027,0.0,0.0,0.0,0.0,0.0,1.0,0.0
1684029,0.0,0.0,0.0,0.0,0.0,2.0,0.0
1684529,0.0,0.0,0.0,0.0,0.0,0.0,0.0
1686036,0.0,0.0,0.0,0.0,0.0,1.0,0.0
1686536,0.0,0.0,0.0,0.0,0.0,0.0,0.0
1686895,0.0,0.0,0.0,0.0,0.0,1.0,0.0
1686904,0.0,0.0,0.0,0.0,0.0,2.0,0.0
1687404,0.0,0.0,0.0,0.0,0.0,0.0,0.0
1687472,0.0,0.0,0.0,0.0,0.0,1.0,0.0
1687672,0.0,0.0,0.0,0.0,0.0,2.0,0.0
1688172,0.0,0.0,0.0,0.0,0.0,0.0,0.0
1688641,0.0,0.0,0.0,0.0,0.0,1.0,0.0
1689141,0.0,0.0,0.0,0.0,0.0,0.0,0.0
1689237,0.0,0.0,0.0,0.0,0.0,1.0,0.0
1689737,0.0,0.0,0.0,0.0,0.0,0.0,0.0
1692155,0.0,0.0,0.0,0.0,0.0,1.0,0.0
1692655,0.0,0.0,0.0,0.0,0.0,0.0,0.0
1693243,0.0,0.0,0.0,0.0,0.0,1.0,0.0
1693743,0.0,0.0,0.0,0.0,0.0,0.0,0.0
1693824,0.0,0.0,0.0,0.0,0.0,1.0,0.0
1694040,0.0,2.0,0.0,0.0,0.0,1.0,0.0
1694324,0.0,2.0,0.0,0.0,0.0,0.0,0.0
1694540,0.0,0.0,0.0,0.0,0.0,0.0,0.0
1695685,0.0,0.0,0.0,0.0,0.0,1.0,0.0
1696185,0.0,0.0,0.0,0.0,0.0,0.0,0.0
1698632,0.0,0.0,0.0,0.0,0.0,1.0,0.0
1699132,0.0,0.0,0.0,0.0,0.0,0.0,0.0
1700226,0.0,0.0,0.0,0.0,0.0,1.0,0.0
1700726,0.0,0.0,0.0,0.0,0.0,0.0,0.0
1701222,0.0,0.0,0.0,0.0,0.0,1.0,0.0
1701722,0.0,0.0,0.0,0.0,0.0,0.0,0.0
1707666,0.0,0.0,0.0,0.0,0.0,1.0,0.0
1708166,0.0,0.0,0.0,0.0,0.0,0.0,0.0
1709262,0.0,0.0,0.0,0.0,0.0,1.0,0.0
1709762,0.0,0.0,0.0,0.0,0.0,0.0,0.0
1711535,0.0,0.0,0.0,0.0,0.0,1.0,0.0
1712035,0.0,0.0,0.0,0.0,0.0,0.0,0.0
1712872,0.0,0.0,0.0,0.0,0.0,1.0,0.0
1713281,0.0,0.0,0.0,0.0,1.0,1.0,0.0
1713372,0.0,0.0,0.0,0.0,1.0,0.0,0.0
1713781,0.0,0.0,0.0,0.0,0.0,0.0,0.0
1714076,0.0,0.0,0.0,0.0,0.0,1.0,0.0
1714576,0.0,0.0,0.0,0.0,0.0,0.0,0.0
1714662,0.0,0.0,0.0,0.0,0.0,1.0,0.0
1715162,0.0,0.0,0.0,0.0,0.0,0.0,0.0
1716339,0.0,0.0,0.0,0.0,1.0,0.0,0.0
1716340,0.0,0.0,0.0,0.0,2.0,0.0,0.0
1716840,0.0,0.0,0.0,0.0,0.0,0.0,0.0
1722045,0.0,0.0,0.0,0.0,0.0,1.0,0.0
1722545,0.0,0.0,0.0,0.0,0.0,0.0,0.0
1724431,0.0,0.0,0.0,0.0,0.0,1.0,0.0
1724931,0.0,0.0,0.0,0.0,0.0,0.0,0.0
1725069,0.0,0.0,0.0,0.0,0.0,1.0,0.0
1725569,0.0,0.0,0.0,0.0,0.0,0.0,0.0
1728140,0.0,0.0,0.0,0.0,0.0,1.0,0.0
1728640,0.0,0.0,0.0,0.0,0.0,0.0,0.0
1730683,0.0,0.0,0.0,0.0,0.0,1.0,0.0
1731183,0.0,0.0,0.0,0.0,0.0,0.0,0.0
1731851,0.0,0.0,0.0,0.0,0.0,1.0,0.0
1731859,0.0,0.0,0.0,0.0,1.0,1.0,0.0
1731860,0.0,0.0,0.0,0.0,1.0,2.0,0.0
1732359,0.0,0.0,0.0,0.0,0.0,2.0,0.0
1732360,0.0,0.0,0.0,0.0,0.0,0.0,0.0
1732552,0.0,0.0,0.0,0.0,0.0,1.0,0.0
1733052,0.0,0.0,0.0,0.0,0.0,0.0,0.0
1735557,0.0,0.0,0.0,0.0,0.0,1.0,0.0
1736057,0.0,0.0,0.0,0.0,0.0,0.0,0.0
1737263,0.0,0.0,0.0,0.0,0.0,1.0,0.0
1737763,0.0,0.0,0.0,0.0,0.0,0.0,0.0
1739974,0.0,0.0,0.0,0.0,0.0,1.0,0.0
1739981,0.0,0.0,0.0,0.0,0.0,2.0,0.0
1740481,0.0,0.0,0.0,0.0,0.0,0.0,0.0
1740971,0.0,0.0,0.0,0.0,0.0,1.0,0.0
1741471,0.0,0.0,0.0,0.0,0.0,0.0,0.0
1743162,0.0,0.0,0.0,0.0,0.0,1.0,0.0
1743662,0.0,0.0,0.0,0.0,0.0,0.0,0.0
1744611,0.0,0.0,0.0,0.0,0.0,1.0,0.0
1745111,0.0,0.0,0.0,0.0,0.0,0.0,0.0
1745964,0.0,0.0,0.0,0.0,0.0,1.0,0.0
1746464,0.0,0.0,0.0,0.0,0.0,0.0,0.0
1748024,0.0,0.0,0.0,0.0,0.0,1.0,0.0
1748524,0.0,0.0,0.0,0.0,0.0,0.0,0.0
1749821,0.0,0.0,0.0,0.0,0.0,1.0,0.0
1750321,0.0,0.0,0.0,0.0,0.0,0.0,0.0
1751969,0.0,0.0,0.0,0.0,1.0,0.0,0.0
1751977,0.0,0.0,0.0,0.0,1.0,1.0,0.0
1752469,0.0,0.0,0.0,0.0,0.0,1.0,0.0
1752477,0.0,0.0,0.0,0.0,0.0,0.0,0.0
1753525,0.0,0.0,0.0,0.0,1.0,0.0,0.0
1753879,0.0,0.0,0.0,0.0,1.0,1.0,0.0
1754025,0.0,0.0,0.0,0.0,0.0,1.0,0.0
1754379,0.0,0.0,0.0,0.0,0.0,0.0,0.0
1757472,0.0,0.0,0.0,0.0,1.0,0.0,0.0
1757473,0.0,0.0,0.0,0.0,2.0,0.0,0.0
1757776,0.0,0.0,0.0,0.0,2.0,1.0,0.0
1757973,0.0,0.0,0.0,0.0,0.0,1.0,0.0
1758276,0.0,0.0,0.0,0.0,0.0,0.0,0.0
1758787,0.0,0.0,0.0,0.0,0.0,1.0,0.0
1759287,0.0,0.0,0.0,0.0,0.0,0.0,0.0
1759886,0.0,0.0,0.0,0.0,0.0,1.0,0.0
1760032,0.0,0.0,0.0,0.0,1.0,1.0,0.0
1760131,0.0,0.0,0.0,0.0,1.0,2.0,0.0
1760532,0.0,0.0,0.0,0.0,0.0,2.0,0.0
1760631,0.0,0.0,0.0,0.0,0.0,0.0,0.0
1763861,0.0,0.0,0.0,0.0,0.0,1.0,0.0
1764361,0.0,0.0,0.0,0.0,0.0,0.0,0.0
1764563,0.0,0.0,0.0,0.0,0.0,1.0,0.0
1765063,0.0,0.0,0.0,0.0,0.0,0.0,0.0
1767667,0.0,0.0,0.0,0.0,0.0,1.0,0.0
1767978,0.0,0.0,0.0,0.0,0.0,2.0,0.0
1768478,0.0,0.0,0.0,0.0,0.0,0.0,0.0
1770341,0.0,0.0,0.0,0.0,0.0,1.0,0.0
1770841,0.0,0.0,0.0,0.0,0.0,0.0,0.0
1776724,0.0,0.0,0.0,0.0,0.0,1.0,0.0
1777224,0.0,0.0,0.0,0.0,0.0,0.0,0.0
1778804,0.0,0.0,0.0,0.0,0.0,1.0,0.0
1778805,0.0,0.0,0.0,0.0,0.0,2.0,0.0
1779305,0.0,0.0,0.0,0.0,0.0,0.0,0.0
1780496,0.0,0.0,0.0,0.0,0.0,1.0,0.0
1780996,0.0,0.0,0.0,0.0,0.0,0.0,0.0
1782957,0.0,0.0,0.0,0.0,0.0,1.0,0.0
1783457,0.0,0.0,0.0,0.0,0.0,0.0,0.0
1785286,0.0,0.0,0.0,0.0,0.0,1.0,0.0
1785786,0.0,0.0,0.0,0.0,0.0,0.0,0.0
1786069,0.0,0.0,0.0,0.0,0.0,1.0,0.0
1786569,0.0,0.0,0.0,0.0,0.0,0.0,0.0
1787700,0.0,0.0,0.0,0.0,0.0,1.0,0.0
1787705,0.0,0.0,0.0,0.0,0.0,2.0,0.0
1788205,0.0,0.0,0.0,0.0,0.0,0.0,0.0
1790814,0.0,0.0,0.0,0.0,0.0,1.0,0.0
1791314,0.0,0.0,0.0,0.0,0.0,0.0,0.0
1792269,0.0,0.0,0.0,0.0,0.0,1.0,0.0
1792769,0.0,0.0,0.0,0.0,0.0,0.0,0.0
1793455,0.0,0.0,0.0,0.0,0.0,1.0,0.0
1793955,0.0,0.0,0.0,0.0,0.0,0.0,0.0
1796052,0.0,0.0,0.0,0.0,0.0,1.0,0.0
1796552,0.0,0.0,0.0,0.0,0.0,0.0,0.0
1797506,0.0,0.0,0.0,0.0,0.0,1.0,0.0
1798006,0.0,0.0,0.0,0.0,0.0,0.0,0.0
1799765,0.0,0.0,0.0,0.0,0.0,1.0,0.0
1800265,0.0,0.0,0.0,0.0,0.0,0.0,0.0
1800501,0.0,0.0,0.0,0.0,0.0,1.0,0.0
1801001,0.0,0.0,0.0,0.0,0.0,0.0,0.0
1801700,0.0,0.0,0.0,0.0,0.0,0.0,1.0
1801880,0.0,0.0,0.0,0.0,0.0,1.0,1.0
1802200,0.0,0.0,0.0,0.0,0.0,1.0,0.0
1802380,0.0,0.0,0.0,0.0,0.0,0.0,0.0
1802722,0.0,0.0,0.0,0.0,1.0,0.0,0.0
1802723,0.0,2.0,0.0,0.0,1.0,0.0,0.0
1802805,0.0,2.0,0.0,0.0,2.0,1.0,0.0
1802815,0.0,2.0,0.0,0.0,2.0,2.0,0.0
1802879,2.0,2.0,0.0,0.0,2.0,2.0,0.0
1803223,2.0,0.0,0.0,0.0,2.0,2.0,0.0
1803305,2.0,0.0,0.0,0.0,0.0,2.0,0.0
1803315,2.0,0.0,0.0,0.0,0.0,0.0,0.0
1803379,0.0,0.0,0.0,0.0,0.0,0.0,0.0
1803946,0.0,0.0,0.0,0.0,0.0,1.0,0.0
1804155,0.0,0.0,0.0,0.0,0.0,2.0,0.0
1804655,0.0,0.0,0.0,0.0,0.0,0.0,0.0
1804991,2.0,0.0,0.0,0.0,0.0,0.0,0.0
1805491,0.0,0.0,0.0,0.0,0.0,0.0,0.0
1805614,0.0,0.0,0.0,0.0,0.0,1.0,0.0
1805983,2.0,0.0,0.0,0.0,0.0,1.0,0.0
1806114,2.0,0.0,0.0,0.0,0.0,0.0,0.0
1806409,2.0,0.0,0.0,0.0,0.0,1.0,0.0
1806483,0.0,0.0,0.0,0.0,0.0,1.0,0.0
1806909,0.0,0.0,0.0,0.0,0.0,0.0,0.0
1807771,0.0,0.0,0.0,0.0,0.0,1.0,0.0
1808271,0.0,0.0,0.0,0.0,0.0,0.0,0.0
1808621,0.0,0.0,0.0,0.0,0.0,1.0,0.0
1808623,0.0,0.0,0.0,0.0,0.0,2.0,0.0
1809123,0.0,0.0,0.0,0.0,0.0,0.0,0.0
1809617,0.0,0.0,0.0,0.0,0.0,1.0,0.0
1810117,0.0,0.0,0.0,0.0,0.0,0.0,0.0
1810527,2.0,0.0,0.0,0.0,0.0,0.0,0.0
1811027,0.0,0.0,0.0,0.0,0.0,0.0,0.0
1811880,0.0,0.0,0.0,0.0,0.0,1.0,0.0
1812265,0.0,0.0,0.0,0.0,0.0,2.0,0.0
1812765,0.0,0.0,0.0,0.0,0.0,0.0,0.0
1814378,0.0,0.0,0.0,0.0,0.0,1.0,0.0
1814379,0.0,0.0,0.0,0.0,0.0,2.0,0.0
1814879,0.0,0.0,0.0,0.0,0.0,0.0,0.0
1817088,0.0,0.0,0.0,0.0,0.0,1.0,0.0
1817588,0.0,0.0,0.0,0.0,0.0,0.0,0.0
1818635,0.0,0.0,0.0,0.0,0.0,1.0,0.0
1819135,0.0,0.0,0.0,0.0,0.0,0.0,0.0
1820722,0.0,0.0,0.0,0.0,0.0,1.0,0.0
1821222,0.0,0.0,0.0,0.0,0.0,0.0,0.0
1821568,0.0,0.0,0.0,0.0,0.0,1.0,0.0
1822068,0.0,0.0,0.0,0.0,0.0,0.0,0.0
1822919,0.0,0.0,0.0,0.0,0.0,1.0,0.0
1823145,0.0,0.0,0.0,0.0,0.0,2.0,0.0
1823645,0.0,0.0,0.0,0.0,0.0,0.0,0.0
1824623,0.0,0.0,0.0,0.0,0.0,1.0,0.0
1825123,0.0,0.0,0.0,0.0,0.0,0.0,0.0
1825573,0.0,0.0,0.0,0.0,0.0,1.0,0.0
1826073,0.0,0.0,0.0,0.0,0.0,0.0,0.0
1827664,0.0,0.0,0.0,0.0,0.0,1.0,0.0
1828164,0.0,0.0,0.0,0.0,0.0,0.0,0.0
1828804,0.0,0.0,0.0,0.0,0.0,1.0,0.0
1829304,0.0,0.0,0.0,0.0,0.0,0.0,0.0
1830193,0.0,0.0,0.0,0.0,0.0,1.0,0.0
1830693,0.0,0.0,0.0,0.0,0.0,0.0,0.0
1830839,0.0,0.0,0.0,0.0,0.0,1.0,0.0
1831117,0.0,0.0,0.0,0.0,0.0,2.0,0.0
1831617,0.0,0.0,0.0,0.0,0.0,0.0,0.0
1831810,0.0,0.0,0.0,0.0,0.0,1.0,0.0
1831817,0.0,0.0,0.0,0.0,0.0,2.0,0.0
1832317,0.0,0.0,0.0,0.0,0.0,0.0,0.0
1833981,0.0,0.0,0.0,0.0,0.0,1.0,0.0
1833997,0.0,0.0,0.0,0.0,0.0,2.0,0.0
1834497,0.0,0.0,0.0,0.0,0.0,0.0,0.0
1835115,0.0,0.0,0.0,0.0,0.0,1.0,0.0
1835615,0.0,0.0,0.0,0.0,0.0,0.0,0.0
1835869,0.0,0.0,0.0,0.0,0.0,1.0,0.0
1835881,0.0,0.0,0.0,0.0,0.0,2.0,0.0
1836381,0.0,0.0,0.0,0.0,0.0,0.0,0.0
1836458,0.0,0.0,0.0,0.0,0.0,1.0,0.0
1836958,0.0,0.0,0.0,0.0,0.0,0.0,0.0
1837397,0.0,0.0,0.0,0.0,0.0,1.0,0.0
1837897,0.0,0.0,0.0,0.0,0.0,0.0,0.0
1837906,0.0,0.0,0.0,0.0,0.0,1.0,0.0
1838406,0.0,0.0,0.0,0.0,0.0,0.0,0.0
1839155,0.0,0.0,0.0,0.0,0.0,1.0,0.0
1839655,0.0,0.0,0.0,0.0,0.0,0.0,0.0
1839990,0.0,0.0,0.0,0.0,0.0,1.0,0.0
1840490,0.0,0.0,0.0,0.0,0.0,0.0,0.0
1840882,0.0,0.0,0.0,0.0,0.0,1.0,0.0
1841382,0.0,0.0,0.0,0.0,0.0,0.0,0.0
1841808,0.0,0.0,0.0,0.0,0.0,1.0,0.0
1842308,0.0,0.0,0.0,0.0,0.0,0.0,0.0
1844449,0.0,0.0,0.0,0.0,0.0,1.0,0.0
1844451,0.0,0.0,0.0,0.0,0.0,2.0,0.0
1844951,0.0,0.0,0.0,0.0,0.0,0.0,0.0
1845557,0.0,0.0,0.0,0.0,0.0,1.0,0.0
1846057,0.0,0.0,0.0,0.0,0.0,0.0,0.0
1846115,0.0,0.0,0.0,0.0,0.0,1.0,0.0
1846147,0.0,0.0,0.0,0.0,0.0,2.0,0.0
1846647,0.0,0.0,0.0,0.0,0.0,0.0,0.0
1847819,0.0,0.0,0.0,0.0,0.0,1.0,0.0
1848319,0.0,0.0,0.0,0.0,0.0,0.0,0.0
1851814,0.0,0.0,0.0,0.0,0.0,1.0,0.0
1852314,0.0,0.0,0.0,0.0,0.0,0.0,0.0
1852513,0.0,0.0,0.0,0.0,0.0,1.0,0.0
1853013,0.0,0.0,0.0,0.0,0.0,0.0,0.0
1853300,0.0,0.0,0.0,0.0,0.0,1.0,0.0
1853800,0.0,0.0,0.0,0.0,0.0,0.0,0.0
1854332,0.0,0.0,0.0,0.0,0.0,1.0,0.0
1854832,0.0,0.0,0.0,0.0,0.0,0.0,0.0
1857967,0.0,0.0,0.0,0.0,0.0,1.0,0.0
1858467,0.0,0.0,0.0,0.0,0.0,0.0,0.0
1858697,0.0,0.0,0.0,0.0,0.0,1.0,0.0
1859197,0.0,0.0,0.0,0.0,0.0,0.0,0.0
1859878,0.0,0.0,0.0,0.0,0.0,1.0,0.0
1860378,0.0,0.0,0.0,0.0,0.0,0.0,0.0
1860519,0.0,0.0,0.0,0.0,0.0,1.0,0.0
1860689,0.0,0.0,0.0,0.0,0.0,2.0,0.0
1861189,0.0,0.0,0.0,0.0,0.0,0.0,0.0
1861783,0.0,0.0,0.0,0.0,0.0,1.0,0.0
1861901,0.0,0.0,0.0,0.0,0.0,2.0,0.0
1862401,0.0,0.0,0.0,0.0,0.0,0.0,0.0
1863590,0.0,0.0,0.0,0.0,0.0,1.0,0.0
1863604,0.0,0.0,0.0,0.0,0.0,2.0,0.0
1863613,0.0,0.0,0.0,0.0,1.0,2.0,0.0
1864104,0.0,0.0,0.0,0.0,1.0,0.0,0.0
1864113,0.0,0.0,0.0,0.0,0.0,0.0,0.0
1865845,0.0,0.0,0.0,0.0,0.0,1.0,0.0
1866345,0.0,0.0,0.0,0.0,0.0,0.0,0.0
1867560,0.0,0.0,0.0,0.0,0.0,1.0,0.0
1868060,0.0,0.0,0.0,0.0,0.0,0.0,0.0
1868940,0.0,0.0,0.0,0.0,0.0,1.0,0.0
1869440,0.0,0.0,0.0,0.0,0.0,0.0,0.0
1869765,0.0,0.0,0.0,0.0,0.0,1.0,0.0
1870265,0.0,0.0,0.0,0.0,0.0,0.0,0.0
1870585,0.0,0.0,0.0,0.0,0.0,1.0,0.0
1871085,0.0,0.0,0.0,0.0,0.0,0.0,0.0
1872588,0.0,0.0,0.0,0.0,0.0,1.0,0.0
1873088,0.0,0.0,0.0,0.0,0.0,0.0,0.0
1873964,0.0,0.0,0.0,0.0,0.0,1.0,0.0
1873969,0.0,0.0,0.0,0.0,0.0,2.0,0.0
1874469,0.0,0.0,0.0,0.0,0.0,0.0,0.0
1875740,0.0,0.0,0.0,0.0,0.0,1.0,0.0
1876240,0.0,0.0,0.0,0.0,0.0,0.0,0.0
1877286,0.0,0.0,0.0,0.0,0.0,1.0,0.0
1877786,0.0,0.0,0.0,0.0,0.0,0.0,0.0
1879292,0.0,0.0,0.0,0.0,0.0,1.0,0.0
1879792,0.0,0.0,0.0,0.0,0.0,0.0,0.0
1879816,0.0,0.0,0.0,0.0,0.0,1.0,0.0
1880072,0.0,0.0,0.0,0.0,0.0,2.0,0.0
1880572,0.0,0.0,0.0,0.0,0.0,0.0,0.0
1881212,0.0,0.0,0.0,0.0,0.0,1.0,0.0
1881263,0.0,0.0,0.0,0.0,0.0,2.0,0.0
1881763,0.0,0.0,0.0,0.0,0.0,0.0,0.0
1882223,0.0,0.0,0.0,0.0,0.0,1.0,0.0
1882229,0.0,0.0,0.0,0.0,0.0,2.0,0.0
1882729,0.0,0.0,0.0,0.0,0.0,0.0,0.0
1883506,0.0,0.0,0.0,0.0,0.0,1.0,0.0
1884006,0.0,0.0,0.0,0.0,0.0,0.0,0.0
1886855,0.0,0.0,0.0,0.0,0.0,1.0,0.0
1886860,0.0,0.0,0.0,0.0,0.0,2.0,0.0
1887360,0.0,0.0,0.0,0.0,0.0,0.0,0.0
1888162,0.0,0.0,0.0,0.0,0.0,1.0,0.0
1888662,0.0,0.0,0.0,0.0,0.0,0.0,0.0
1888904,0.0,0.0,0.0,0.0,0.0,1.0,0.0
1889323,0.0,0.0,0.0,0.0,0.0,2.0,0.0
1889823,0.0,0.0,0.0,0.0,0.0,0.0,0.0
1894185,0.0,0.0,0.0,0.0,0.0,1.0,0.0
1894685,0.0,0.0,0.0,0.0,0.0,0.0,0.0
1894845,0.0,0.0,0.0,0.0,0.0,1.0,0.0
1895252,0.0,0.0,0.0,0.0,0.0,2.0,0.0
1895752,0.0,0.0,0.0,0.0,0.0,0.0,0.0
1896037,0.0,0.0,0.0,0.0,0.0,1.0,0.0
1896537,0.0,0.0,0.0,0.0,0.0,0.0,0.0
1896609,0.0,0.0,0.0,0.0,0.0,1.0,0.0
1896611,0.0,0.0,0.0,0.0,0.0,2.0,0.0
1897111,0.0,0.0,0.0,0.0,0.0,0.0,0.0
1897518,0.0,0.0,0.0,0.0,0.0,1.0,0.0
1898018,0.0,0.0,0.0,0.0,0.0,0.0,0.0
1899397,0.0,0.0,0.0,0.0,0.0,1.0,0.0
1899897,0.0,0.0,0.0,0.0,0.0,0.0,0.0
1900167,0.0,0.0,0.0,0.0,0.0,1.0,0.0
1900667,0.0,0.0,0.0,0.0,0.0,0.0,0.0
1901794,0.0,0.0,0.0,0.0,0.0,1.0,0.0
1902210,0.0,0.0,0.0,0.0,0.0,2.0,0.0
1902710,0.0,0.0,0.0,0.0,0.0,0.0,0.0
1905154,0.0,0.0,0.0,0.0,1.0,0.0,0.0
1905463,0.0,0.0,0.0,0.0,1.0,1.0,0.0
1905468,0.0,0.0,0.0,0.0,1.0,2.0,0.0
1905654,0.0,0.0,0.0,0.0,0.0,2.0,0.0
1905968,0.0,0.0,0.0,0.0,0.0,0.0,0.0
1906741,0.0,0.0,0.0,0.0,0.0,1.0,0.0
1906742,0.0,0.0,0.0,0.0,1.0,1.0,0.0
1907241,0.0,0.0,0.0,0.0,1.0,0.0,0.0
1907242,0.0,0.0,0.0,0.0,0.0,0.0,0.0
1908648,0.0,0.0,0.0,0.0,0.0,1.0,0.0
1909148,0.0,0.0,0.0,0.0,0.0,0.0,0.0
1913016,0.0,0.0,0.0,0.0,0.0,1.0,0.0
1913516,0.0,0.0,0.0,0.0,0.0,0.0,0.0
1914597,0.0,0.0,0.0,0.0,0.0,1.0,0.0
1914852,0.0,0.0,0.0,0.0,0.0,2.0,0.0
1915352,0.0,0.0,0.0,0.0,0.0,0.0,0.0
1916983,0.0,0.0,0.0,0.0,0.0,1.0,0.0
1917483,0.0,0.0,0.0,0.0,0.0,0.0,0.0
1918500,0.0,0.0,0.0,0.0,0.0,1.0,0.0
1919000,0.0,0.0,0.0,0.0,0.0,0.0,0.0
1919138,0.0,0.0,0.0,0.0,0.0,1.0,0.0
1919291,0.0,0.0,0.0,0.0,0.0,2.0,0.0
1919791,0.0,0.0,0.0,0.0,0.0,0.0,0.0
1922289,0.0,0.0,0.0,0.0,0.0,1.0,0.0
1922291,0.0,0.0,0.0,0.0,0.0,2.0,0.0
1922791,0.0,0.0,0.0,0.0,0.0,0.0,0.0
1925790,0.0,0.0,0.0,0.0,1.0,0.0,0.0
1926290,0.0,0.0,0.0,0.0,0.0,0.0,0.0
1928655,0.0,0.0,0.0,0.0,0.0,1.0,0.0
1929155,0.0,0.0,0.0,0.0,0.0,0.0,0.0
1930257,0.0,0.0,0.0,0.0,0.0,1.0,0.0
1930757,0.0,0.0,0.0,0.0,0.0,0.0,0.0
1930769,0.0,0.0,0.0,0.0,0.0,1.0,0.0
1931269,0.0,0.0,0.0,0.0,0.0,0.0,0.0
1931276,0.0,0.0,0.0,0.0,0.0,1.0,0.0
1931776,0.0,0.0,0.0,0.0,0.0,0.0,0.0
1932158,0.0,0.0,0.0,0.0,0.0,1.0,0.0
1932658,0.0,0.0,0.0,0.0,0.0,0.0,0.0
1932747,0.0,0.0,0.0,0.0,0.0,1.0,0.0
1933247,0.0,0.0,0.0,0.0,0.0,0.0,0.0
1934884,0.0,0.0,0.0,0.0,0.0,1.0,0.0
1935384,0.0,0.0,0.0,0.0,0.0,0.0,0.0
1941422,0.0,0.0,0.0,0.0,0.0,1.0,0.0
1941434,0.0,0.0,0.0,0.0,0.0,2.0,0.0
1941934,0.0,0.0,0.0,0.0,0.0,0.0,0.0
1943943,0.0,0.0,0.0,0.0,0.0,1.0,0.0
1944443,0.0,0.0,0.0,0.0,0.0,0.0,0.0
1947980,0.0,0.0,0.0,0.0,0.0,1.0,0.0
1947982,0.0,0.0,0.0,0.0,0.0,2.0,0.0
1948482,0.0,0.0,0.0,0.0,0.0,0.0,0.0
1948797,0.0,0.0,0.0,0.0,0.0,1.0,0.0
1949297,0.0,0.0,0.0,0.0,0.0,0.0,0.0
1950012,0.0,0.0,0.0,0.0,0.0,1.0,0.0
1950512,0.0,0.0,0.0,0.0,0.0,0.0,0.0
1952640,0.0,0.0,0.0,0.0,0.0,1.0,0.0
1953140,0.0,0.0,0.0,0.0,0.0,0.0,0.0
1953564,0.0,0.0,0.0,0.0,0.0,1.0,0.0
1953567,0.0,0.0,0.0,0.0,0.0,2.0,0.0
1954067,0.0,0.0,0.0,0.0,0.0,0.0,0.0
1954442,0.0,0.0,0.0,0.0,0.0,1.0,0.0
1954942,0.0,0.0,0.0,0.0,0.0,0.0,0.0
1958183,0.0,0.0,0.0,0.0,0.0,1.0,0.0
1958683,0.0,0.0,0.0,0.0,0.0,0.0,0.0
1961124,0.0,0.0,0.0,0.0,0.0,1.0,0.0
1961624,0.0,0.0,0.0,0.0,0.0,0.0,0.0
1964107,0.0,0.0,0.0,0.0,0.0,1.0,0.0
1964607,0.0,0.0,0.0,0.0,0.0,0.0,0.0
1966492,0.0,0.0,0.0,0.0,1.0,1.0,0.0
1966992,0.0,0.0,0.0,0.0,0.0,0.0,0.0
1969078,0.0,0.0,0.0,0.0,0.0,1.0,0.0
1969578,0.0,0.0,0.0,0.0,0.0,0.0,0.0
1969656,0.0,0.0,0.0,0.0,0.0,1.0,0.0
1970156,0.0,0.0,0.0,0.0,0.0,0.0,0.0
1970968,0.0,0.0,0.0,0.0,0.0,1.0,0.0
1970972,0.0,0.0,0.0,0.0,0.0,2.0,0.0
1971472,0.0,0.0,0.0,0.0,0.0,0.0,0.0
1971669,0.0,0.0,0.0,0.0,0.0,1.0,0.0
1972169,0.0,0.0,0.0,0.0,0.0,0.0,0.0
1974479,0.0,0.0,0.0,0.0,0.0,1.0,0.0
1974979,0.0,0.0,0.0,0.0,0.0,0.0,0.0
1975281,0.0,0.0,0.0,0.0,0.0,1.0,0.0
1975781,0.0,0.0,0.0,0.0,0.0,0.0,0.0
1977819,0.0,0.0,0.0,0.0,0.0,1.0,0.0
1978319,0.0,0.0,0.0,0.0,0.0,0.0,0.0
1979346,0.0,0.0,0.0,0.0,0.0,1.0,0.0
1979846,0.0,0.0,0.0,0.0,0.0,0.0,0.0
1980500,0.0,0.0,0.0,0.0,0.0,1.0,0.0
1981000,0.0,0.0,0.0,0.0,0.0,0.0,0.0
1981064,0.0,0.0,0.0,0.0,0.0,1.0,0.0
1981396,0.0,0.0,0.0,0.0,0.0,2.0,0.0
1981896,0.0,0.0,0.0,0.0,0.0,0.0,0.0
1983617,0.0,0.0,0.0,0.0,0.0,1.0,0.0
1984117,0.0,0.0,0.0,0.0,0.0,0.0,0.0
1987373,0.0,0.0,0.0,0.0,0.0,1.0,0.0
1987873,0.0,0.0,0.0,0.0,0.0,0.0,0.0
1988343,0.0,0.0,0.0,0.0,0.0,1.0,0.0
1988843,0.0,0.0,0.0,0.0,0.0,0.0,0.0
1988967,0.0,0.0,0.0,0.0,0.0,1.0,0.0
1989467,0.0,0.0,0.0,0.0,0.0,0.0,0.0
1989697,0.0,0.0,0.0,0.0,0.0,1.0,0.0
1990197,0.0,0.0,0.0,0.0,0.0,0.0,0.0
1990261,0.0,0.0,0.0,0.0,0.0,1.0,0.0
1990761,0.0,0.0,0.0,0.0,0.0,0.0,0.0
1994845,0.0,0.0,0.0,0.0,0.0,1.0,0.0
1995345,0.0,0.0,0.0,0.0,0.0,0.0,0.0
1998857,0.0,0.0,0.0,0.0,0.0,1.0,0.0
1999357,0.0,0.0,0.0,0.0,0.0,0.0,0.0
1999715,0.0,0.0,0.0,0.0,0.0,1.0,0.0
2000215,0.0,0.0,0.0,0.0,0.0,0.0,0.0
2000539,0.0,0.0,0.0,0.0,0.0,1.0,0.0
2001039,0.0,0.0,0.0,0.0,0.0,0.0,0.0
2001110,0.0,0.0,0.0,0.0,0.0,1.0,0.0
2001610,0.0,0.0,0.0,0.0,0.0,0.0,0.0
2001900,0.0,0.0,0.0,0.0,0.0,0.0,1.0
2002212,0.0,0.0,0.0,0.0,0.0,1.0,1.0
2002400,0.0,0.0,0.0,0.0,0.0,1.0,0.0
