,ADWIN,CUSUM,DDM,GeometricMovingAverage,HDDMAverage,HDDMWeighted,Ground-truth
557,0.0,0.0,0.0,0.0,0.0,1.0,0.0
1057,0.0,0.0,0.0,0.0,0.0,0.0,0.0
1093,0.0,0.0,0.0,0.0,0.0,1.0,0.0
1096,0.0,0.0,0.0,0.0,0.0,2.0,0.0
1485,0.0,0.0,1.0,0.0,0.0,2.0,0.0
1514,0.0,0.0,1.0,0.0,1.0,2.0,0.0
1596,0.0,0.0,1.0,0.0,1.0,0.0,0.0
1985,0.0,0.0,0.0,0.0,1.0,0.0,0.0
2014,0.0,0.0,0.0,0.0,0.0,0.0,0.0
2196,0.0,0.0,0.0,0.0,0.0,1.0,0.0
2370,0.0,0.0,0.0,0.0,0.0,2.0,0.0
2870,0.0,0.0,0.0,0.0,0.0,0.0,0.0
3933,0.0,0.0,0.0,0.0,0.0,1.0,0.0
4338,0.0,0.0,0.0,0.0,0.0,2.0,0.0
4838,0.0,0.0,0.0,0.0,0.0,0.0,0.0
5075,0.0,0.0,0.0,0.0,0.0,1.0,0.0
5132,0.0,0.0,0.0,0.0,0.0,2.0,0.0
5632,0.0,0.0,0.0,0.0,0.0,0.0,0.0
6484,0.0,0.0,0.0,0.0,0.0,1.0,0.0
6984,0.0,0.0,0.0,0.0,0.0,0.0,0.0
6995,0.0,0.0,0.0,0.0,0.0,1.0,0.0
7378,0.0,0.0,0.0,0.0,0.0,2.0,0.0
7878,0.0,0.0,0.0,0.0,0.0,0.0,0.0
8705,0.0,0.0,0.0,0.0,0.0,1.0,0.0
9205,0.0,0.0,0.0,0.0,0.0,0.0,0.0
9653,0.0,0.0,0.0,0.0,0.0,1.0,0.0
9661,0.0,0.0,0.0,0.0,0.0,2.0,0.0
10161,0.0,0.0,0.0,0.0,0.0,0.0,0.0
10281,0.0,0.0,0.0,0.0,0.0,1.0,0.0
10292,0.0,0.0,0.0,0.0,0.0,2.0,0.0
10792,0.0,0.0,0.0,0.0,0.0,0.0,0.0
11373,0.0,0.0,0.0,0.0,0.0,1.0,0.0
11873,0.0,0.0,0.0,0.0,0.0,0.0,0.0
11960,0.0,0.0,0.0,0.0,0.0,1.0,0.0
11963,0.0,0.0,0.0,0.0,0.0,2.0,0.0
12463,0.0,0.0,0.0,0.0,0.0,0.0,0.0
13725,0.0,0.0,0.0,0.0,0.0,1.0,0.0
14225,0.0,0.0,0.0,0.0,0.0,0.0,0.0
14443,0.0,0.0,0.0,0.0,0.0,1.0,0.0
14943,0.0,0.0,0.0,0.0,0.0,0.0,0.0
15120,0.0,0.0,0.0,0.0,0.0,1.0,0.0
15620,0.0,0.0,0.0,0.0,0.0,0.0,0.0
15644,0.0,0.0,0.0,0.0,0.0,1.0,0.0
15647,0.0,0.0,0.0,0.0,0.0,2.0,0.0
16147,0.0,0.0,0.0,0.0,0.0,0.0,0.0
16570,0.0,0.0,0.0,0.0,0.0,1.0,0.0
16576,0.0,0.0,0.0,0.0,0.0,2.0,0.0
17076,0.0,0.0,0.0,0.0,0.0,0.0,0.0
17259,0.0,0.0,0.0,0.0,0.0,1.0,0.0
17373,0.0,0.0,0.0,0.0,0.0,2.0,0.0
17873,0.0,0.0,0.0,0.0,0.0,0.0,0.0
18188,0.0,0.0,0.0,0.0,0.0,1.0,0.0
18191,0.0,0.0,0.0,0.0,0.0,2.0,0.0
18691,0.0,0.0,0.0,0.0,0.0,0.0,0.0
18935,0.0,0.0,0.0,0.0,0.0,1.0,0.0
19435,0.0,0.0,0.0,0.0,0.0,0.0,0.0
19697,0.0,0.0,0.0,0.0,0.0,1.0,0.0
19730,0.0,0.0,0.0,0.0,0.0,2.0,0.0
20230,0.0,0.0,0.0,0.0,0.0,0.0,0.0
20575,0.0,0.0,0.0,0.0,0.0,1.0,0.0
20578,0.0,0.0,0.0,0.0,0.0,2.0,0.0
21078,0.0,0.0,0.0,0.0,0.0,0.0,0.0
21354,0.0,0.0,0.0,0.0,0.0,1.0,0.0
21854,0.0,0.0,0.0,0.0,0.0,0.0,0.0
21861,0.0,0.0,0.0,0.0,0.0,1.0,0.0
21872,0.0,0.0,0.0,0.0,0.0,2.0,0.0
22372,0.0,0.0,0.0,0.0,0.0,0.0,0.0
22650,0.0,0.0,0.0,0.0,0.0,1.0,0.0
23140,0.0,0.0,0.0,0.0,0.0,2.0,0.0
23640,0.0,0.0,0.0,0.0,0.0,0.0,0.0
23921,0.0,0.0,0.0,0.0,0.0,1.0,0.0
24421,0.0,0.0,0.0,0.0,0.0,0.0,0.0
24647,0.0,0.0,0.0,0.0,0.0,1.0,0.0
25577,0.0,0.0,0.0,0.0,0.0,2.0,0.0
26077,0.0,0.0,0.0,0.0,0.0,0.0,0.0
26152,0.0,2.0,0.0,0.0,0.0,0.0,0.0
26162,0.0,2.0,0.0,0.0,1.0,0.0,0.0
26652,0.0,0.0,0.0,0.0,1.0,0.0,0.0
26662,0.0,0.0,0.0,0.0,0.0,0.0,0.0
26809,0.0,0.0,0.0,0.0,0.0,1.0,0.0
27309,0.0,0.0,0.0,0.0,0.0,0.0,0.0
27347,0.0,0.0,0.0,0.0,0.0,1.0,0.0
27608,0.0,0.0,0.0,0.0,0.0,2.0,0.0
28108,0.0,0.0,0.0,0.0,0.0,0.0,0.0
28109,0.0,0.0,0.0,0.0,0.0,1.0,0.0
28214,0.0,2.0,0.0,0.0,0.0,1.0,0.0
28241,0.0,2.0,0.0,0.0,0.0,2.0,0.0
28714,0.0,0.0,0.0,0.0,0.0,2.0,0.0
28741,0.0,0.0,0.0,0.0,0.0,0.0,0.0
28843,0.0,0.0,1.0,0.0,0.0,1.0,0.0
28846,0.0,0.0,1.0,0.0,0.0,2.0,0.0
29343,0.0,0.0,0.0,0.0,0.0,2.0,0.0
29346,0.0,0.0,0.0,0.0,0.0,0.0,0.0
29643,0.0,0.0,0.0,0.0,0.0,1.0,0.0
29696,0.0,0.0,0.0,0.0,0.0,2.0,0.0
29811,0.0,0.0,1.0,0.0,0.0,2.0,0.0
30196,0.0,0.0,1.0,0.0,0.0,0.0,0.0
30311,0.0,0.0,0.0,0.0,0.0,0.0,0.0
30316,0.0,0.0,1.0,0.0,0.0,0.0,0.0
30816,0.0,0.0,0.0,0.0,0.0,0.0,0.0
30903,0.0,0.0,0.0,0.0,0.0,1.0,0.0
30933,0.0,0.0,1.0,0.0,0.0,1.0,0.0
30960,0.0,0.0,1.0,0.0,0.0,2.0,0.0
31433,0.0,0.0,0.0,0.0,0.0,2.0,0.0
31442,0.0,0.0,1.0,0.0,0.0,2.0,0.0
31460,0.0,0.0,1.0,0.0,0.0,0.0,0.0
31563,0.0,0.0,1.0,0.0,0.0,1.0,0.0
32063,0.0,0.0,1.0,0.0,0.0,0.0,0.0
32542,0.0,0.0,1.0,0.0,0.0,1.0,0.0
33042,0.0,0.0,1.0,0.0,0.0,0.0,0.0
33624,0.0,0.0,1.0,0.0,0.0,1.0,0.0
33901,0.0,0.0,1.0,0.0,0.0,2.0,0.0
34401,0.0,0.0,1.0,0.0,0.0,0.0,0.0
34775,0.0,0.0,1.0,0.0,0.0,1.0,0.0
35275,0.0,0.0,1.0,0.0,0.0,0.0,0.0
35388,0.0,0.0,1.0,0.0,0.0,1.0,0.0
35397,0.0,0.0,1.0,0.0,0.0,2.0,0.0
35897,0.0,0.0,1.0,0.0,0.0,0.0,0.0
35916,0.0,0.0,1.0,0.0,0.0,1.0,0.0
36416,0.0,0.0,1.0,0.0,0.0,0.0,0.0
36828,0.0,0.0,1.0,0.0,0.0,1.0,0.0
37328,0.0,0.0,1.0,0.0,0.0,0.0,0.0
39923,0.0,0.0,1.0,0.0,0.0,1.0,0.0
40301,0.0,0.0,1.0,0.0,0.0,2.0,0.0
40801,0.0,0.0,1.0,0.0,0.0,0.0,0.0
41181,0.0,0.0,1.0,0.0,0.0,1.0,0.0
41188,0.0,0.0,1.0,0.0,0.0,2.0,0.0
41688,0.0,0.0,1.0,0.0,0.0,0.0,0.0
43060,0.0,0.0,1.0,0.0,0.0,1.0,0.0
43150,0.0,0.0,1.0,0.0,0.0,2.0,0.0
43650,0.0,0.0,1.0,0.0,0.0,0.0,0.0
44161,0.0,0.0,1.0,0.0,0.0,1.0,0.0
44661,0.0,0.0,1.0,0.0,0.0,0.0,0.0
44676,0.0,0.0,1.0,0.0,0.0,1.0,0.0
44748,0.0,0.0,1.0,0.0,0.0,2.0,0.0
45248,0.0,0.0,1.0,0.0,0.0,0.0,0.0
45435,0.0,0.0,1.0,0.0,0.0,1.0,0.0
45848,0.0,0.0,1.0,0.0,0.0,2.0,0.0
46348,0.0,0.0,1.0,0.0,0.0,0.0,0.0
47256,0.0,0.0,1.0,0.0,0.0,1.0,0.0
47266,0.0,0.0,1.0,0.0,0.0,2.0,0.0
47766,0.0,0.0,1.0,0.0,0.0,0.0,0.0
48078,0.0,0.0,1.0,0.0,0.0,1.0,0.0
48578,0.0,0.0,1.0,0.0,0.0,0.0,0.0
48740,0.0,0.0,1.0,0.0,0.0,1.0,0.0
48744,0.0,0.0,1.0,0.0,0.0,2.0,0.0
49244,0.0,0.0,1.0,0.0,0.0,0.0,0.0
49640,0.0,0.0,1.0,0.0,0.0,1.0,0.0
49643,0.0,0.0,1.0,0.0,0.0,2.0,0.0
50143,0.0,0.0,1.0,0.0,0.0,0.0,0.0
50189,0.0,0.0,1.0,0.0,0.0,1.0,0.0
50648,0.0,0.0,1.0,0.0,0.0,2.0,0.0
51148,0.0,0.0,1.0,0.0,0.0,0.0,0.0
51345,0.0,0.0,1.0,0.0,0.0,1.0,0.0
51845,0.0,0.0,1.0,0.0,0.0,0.0,0.0
52313,0.0,0.0,1.0,0.0,0.0,1.0,0.0
52358,0.0,0.0,1.0,0.0,0.0,2.0,0.0
52858,0.0,0.0,1.0,0.0,0.0,0.0,0.0
53513,0.0,0.0,1.0,0.0,0.0,1.0,0.0
54013,0.0,0.0,1.0,0.0,0.0,0.0,0.0
54064,0.0,0.0,1.0,0.0,0.0,1.0,0.0
54116,0.0,0.0,1.0,0.0,0.0,2.0,0.0
54616,0.0,0.0,1.0,0.0,0.0,0.0,0.0
54782,0.0,0.0,1.0,0.0,0.0,1.0,0.0
55282,0.0,0.0,1.0,0.0,0.0,0.0,0.0
55317,0.0,0.0,1.0,0.0,0.0,1.0,0.0
55817,0.0,0.0,1.0,0.0,0.0,0.0,0.0
55823,0.0,0.0,1.0,0.0,0.0,1.0,0.0
55826,0.0,0.0,1.0,0.0,0.0,2.0,0.0
56326,0.0,0.0,1.0,0.0,0.0,0.0,0.0
56334,0.0,0.0,1.0,0.0,0.0,1.0,0.0
56338,0.0,0.0,1.0,0.0,0.0,2.0,0.0
56838,0.0,0.0,1.0,0.0,0.0,0.0,0.0
57107,0.0,0.0,1.0,0.0,0.0,1.0,0.0
57114,0.0,0.0,1.0,0.0,0.0,2.0,0.0
57614,0.0,0.0,1.0,0.0,0.0,0.0,0.0
58181,0.0,0.0,1.0,0.0,0.0,1.0,0.0
58681,0.0,0.0,1.0,0.0,0.0,0.0,0.0
60096,0.0,0.0,1.0,0.0,0.0,1.0,0.0
60386,0.0,0.0,1.0,0.0,0.0,2.0,0.0
60886,0.0,0.0,1.0,0.0,0.0,0.0,0.0
61513,0.0,0.0,1.0,0.0,0.0,1.0,0.0
61517,0.0,0.0,1.0,0.0,0.0,2.0,0.0
62017,0.0,0.0,1.0,0.0,0.0,0.0,0.0
62195,0.0,0.0,1.0,0.0,0.0,1.0,0.0
62221,0.0,0.0,1.0,0.0,0.0,2.0,0.0
62721,0.0,0.0,1.0,0.0,0.0,0.0,0.0
63387,0.0,0.0,1.0,0.0,0.0,1.0,0.0
63887,0.0,0.0,1.0,0.0,0.0,0.0,0.0
64060,0.0,0.0,1.0,0.0,0.0,1.0,0.0
64415,0.0,0.0,1.0,0.0,0.0,2.0,0.0
64915,0.0,0.0,1.0,0.0,0.0,0.0,0.0
65000,0.0,0.0,1.0,0.0,0.0,1.0,0.0
65500,0.0,0.0,1.0,0.0,0.0,0.0,0.0
66000,0.0,0.0,1.0,0.0,0.0,1.0,0.0
66195,0.0,0.0,1.0,0.0,0.0,2.0,0.0
66695,0.0,0.0,1.0,0.0,0.0,0.0,0.0
67019,0.0,0.0,1.0,0.0,0.0,1.0,0.0
67034,0.0,0.0,1.0,0.0,0.0,2.0,0.0
67534,0.0,0.0,1.0,0.0,0.0,0.0,0.0
67744,0.0,0.0,1.0,0.0,0.0,1.0,0.0
68244,0.0,0.0,1.0,0.0,0.0,0.0,0.0
68398,0.0,0.0,1.0,0.0,0.0,1.0,0.0
68898,0.0,0.0,1.0,0.0,0.0,0.0,0.0
69021,0.0,0.0,1.0,0.0,0.0,1.0,0.0
69024,0.0,0.0,1.0,0.0,0.0,2.0,0.0
69524,0.0,0.0,1.0,0.0,0.0,0.0,0.0
69638,0.0,0.0,1.0,0.0,0.0,1.0,0.0
69745,0.0,0.0,1.0,0.0,0.0,2.0,0.0
70245,0.0,0.0,1.0,0.0,0.0,0.0,0.0
70733,0.0,0.0,1.0,0.0,0.0,1.0,0.0
71233,0.0,0.0,1.0,0.0,0.0,0.0,0.0
72048,0.0,0.0,1.0,0.0,0.0,1.0,0.0
72548,0.0,0.0,1.0,0.0,0.0,0.0,0.0
72642,0.0,0.0,1.0,0.0,0.0,1.0,0.0
72719,0.0,0.0,1.0,0.0,0.0,2.0,0.0
73219,0.0,0.0,1.0,0.0,0.0,0.0,0.0
73235,0.0,0.0,1.0,0.0,0.0,1.0,0.0
73373,0.0,0.0,1.0,0.0,0.0,2.0,0.0
73873,0.0,0.0,1.0,0.0,0.0,0.0,0.0
74391,0.0,0.0,1.0,0.0,0.0,1.0,0.0
74891,0.0,0.0,1.0,0.0,0.0,0.0,0.0
75141,0.0,0.0,1.0,0.0,0.0,1.0,0.0
75144,0.0,0.0,1.0,0.0,0.0,2.0,0.0
75644,0.0,0.0,1.0,0.0,0.0,0.0,0.0
75892,0.0,0.0,1.0,0.0,0.0,1.0,0.0
76392,0.0,0.0,1.0,0.0,0.0,0.0,0.0
76542,0.0,0.0,1.0,0.0,0.0,1.0,0.0
77042,0.0,0.0,1.0,0.0,0.0,0.0,0.0
77199,0.0,0.0,1.0,0.0,0.0,1.0,0.0
77442,0.0,0.0,0.0,0.0,0.0,1.0,0.0
77699,0.0,0.0,0.0,0.0,0.0,0.0,0.0
77711,0.0,0.0,0.0,0.0,0.0,1.0,0.0
77714,0.0,0.0,0.0,0.0,0.0,2.0,0.0
78214,0.0,0.0,0.0,0.0,0.0,0.0,0.0
78411,0.0,0.0,1.0,0.0,0.0,0.0,0.0
78419,0.0,0.0,1.0,0.0,0.0,1.0,0.0
78428,0.0,0.0,1.0,0.0,0.0,2.0,0.0
78911,0.0,0.0,0.0,0.0,0.0,2.0,0.0
78928,0.0,0.0,0.0,0.0,0.0,0.0,0.0
78937,0.0,0.0,0.0,0.0,0.0,1.0,0.0
78955,0.0,0.0,0.0,0.0,0.0,2.0,0.0
78971,0.0,0.0,1.0,0.0,0.0,2.0,0.0
79455,0.0,0.0,1.0,0.0,0.0,0.0,0.0
79471,0.0,0.0,0.0,0.0,0.0,0.0,0.0
79947,0.0,0.0,0.0,0.0,0.0,1.0,0.0
80394,0.0,0.0,0.0,0.0,0.0,2.0,0.0
80425,0.0,0.0,0.0,0.0,1.0,2.0,0.0
80894,0.0,0.0,0.0,0.0,1.0,0.0,0.0
80925,0.0,0.0,0.0,0.0,0.0,0.0,0.0
81050,0.0,0.0,0.0,0.0,0.0,1.0,0.0
81198,0.0,0.0,1.0,0.0,0.0,1.0,0.0
81550,0.0,0.0,1.0,0.0,0.0,0.0,0.0
81698,0.0,0.0,0.0,0.0,0.0,0.0,0.0
81939,0.0,0.0,0.0,0.0,0.0,1.0,0.0
82439,0.0,0.0,0.0,0.0,0.0,0.0,0.0
82531,0.0,0.0,0.0,0.0,0.0,1.0,0.0
82626,0.0,0.0,1.0,0.0,0.0,1.0,0.0
83031,0.0,0.0,1.0,0.0,0.0,0.0,0.0
83053,0.0,0.0,1.0,0.0,0.0,1.0,0.0
83553,0.0,0.0,1.0,0.0,0.0,0.0,0.0
83792,0.0,0.0,1.0,0.0,0.0,1.0,0.0
84041,0.0,0.0,1.0,0.0,0.0,2.0,0.0
84541,0.0,0.0,1.0,0.0,0.0,0.0,0.0
87126,0.0,0.0,0.0,0.0,0.0,0.0,0.0
87510,0.0,0.0,0.0,0.0,0.0,1.0,0.0
88010,0.0,0.0,0.0,0.0,0.0,0.0,0.0
89144,0.0,0.0,0.0,0.0,0.0,1.0,0.0
89644,0.0,0.0,0.0,0.0,0.0,0.0,0.0
89786,0.0,0.0,0.0,0.0,0.0,1.0,0.0
90286,0.0,0.0,0.0,0.0,0.0,0.0,0.0
90825,0.0,0.0,0.0,0.0,0.0,1.0,0.0
91306,0.0,0.0,0.0,0.0,0.0,2.0,0.0
91806,0.0,0.0,0.0,0.0,0.0,0.0,0.0
92195,0.0,0.0,0.0,0.0,0.0,1.0,0.0
92310,0.0,0.0,0.0,0.0,0.0,2.0,0.0
92810,0.0,0.0,0.0,0.0,0.0,0.0,0.0
93880,0.0,0.0,0.0,0.0,0.0,1.0,0.0
93889,0.0,0.0,0.0,0.0,0.0,2.0,0.0
94389,0.0,0.0,0.0,0.0,0.0,0.0,0.0
95272,0.0,0.0,0.0,0.0,0.0,1.0,0.0
95278,0.0,0.0,0.0,0.0,0.0,2.0,0.0
95778,0.0,0.0,0.0,0.0,0.0,0.0,0.0
96919,0.0,0.0,0.0,0.0,0.0,1.0,0.0
97419,0.0,0.0,0.0,0.0,0.0,0.0,0.0
99007,0.0,0.0,0.0,0.0,0.0,1.0,0.0
99507,0.0,0.0,0.0,0.0,0.0,0.0,0.0
99720,0.0,0.0,0.0,0.0,0.0,1.0,0.0
100220,0.0,0.0,0.0,0.0,0.0,0.0,0.0
100594,0.0,0.0,0.0,0.0,0.0,1.0,0.0
100598,0.0,0.0,0.0,0.0,0.0,2.0,0.0
101098,0.0,0.0,0.0,0.0,0.0,0.0,0.0
102831,0.0,0.0,0.0,0.0,1.0,0.0,0.0
103172,0.0,0.0,0.0,0.0,1.0,1.0,0.0
103331,0.0,0.0,0.0,0.0,0.0,1.0,0.0
103672,0.0,0.0,0.0,0.0,0.0,0.0,0.0
105125,0.0,0.0,0.0,0.0,0.0,1.0,0.0
105625,0.0,0.0,0.0,0.0,0.0,0.0,0.0
106373,0.0,0.0,0.0,0.0,0.0,1.0,0.0
106873,0.0,0.0,0.0,0.0,0.0,0.0,0.0
108651,0.0,0.0,0.0,0.0,0.0,1.0,0.0
109151,0.0,0.0,0.0,0.0,0.0,0.0,0.0
111695,0.0,0.0,0.0,0.0,0.0,1.0,0.0
112195,0.0,0.0,0.0,0.0,0.0,0.0,0.0
112249,0.0,0.0,0.0,0.0,0.0,1.0,0.0
112749,0.0,0.0,0.0,0.0,0.0,0.0,0.0
113420,0.0,0.0,0.0,0.0,0.0,1.0,0.0
113920,0.0,0.0,0.0,0.0,0.0,0.0,0.0
114738,0.0,0.0,0.0,0.0,0.0,1.0,0.0
115238,0.0,0.0,0.0,0.0,0.0,0.0,0.0
115263,0.0,0.0,0.0,0.0,0.0,1.0,0.0
115763,0.0,0.0,0.0,0.0,0.0,0.0,0.0
118847,0.0,0.0,0.0,0.0,0.0,1.0,0.0
119347,0.0,0.0,0.0,0.0,0.0,0.0,0.0
119495,0.0,0.0,0.0,0.0,0.0,1.0,0.0
119995,0.0,0.0,0.0,0.0,0.0,0.0,0.0
120867,0.0,0.0,0.0,0.0,0.0,1.0,0.0
121367,0.0,0.0,0.0,0.0,0.0,0.0,0.0
123067,0.0,0.0,0.0,0.0,0.0,1.0,0.0
123567,0.0,0.0,0.0,0.0,0.0,0.0,0.0
123587,0.0,0.0,0.0,0.0,1.0,0.0,0.0
123703,0.0,0.0,0.0,0.0,1.0,1.0,0.0
124087,0.0,0.0,0.0,0.0,0.0,1.0,0.0
124203,0.0,0.0,0.0,0.0,0.0,0.0,0.0
125933,0.0,0.0,0.0,0.0,0.0,1.0,0.0
126073,0.0,0.0,0.0,0.0,0.0,2.0,0.0
126573,0.0,0.0,0.0,0.0,0.0,0.0,0.0
127932,0.0,0.0,0.0,0.0,0.0,1.0,0.0
128432,0.0,0.0,0.0,0.0,0.0,0.0,0.0
129415,0.0,0.0,0.0,0.0,0.0,1.0,0.0
129416,0.0,0.0,0.0,0.0,0.0,2.0,0.0
129916,0.0,0.0,0.0,0.0,0.0,0.0,0.0
132764,0.0,0.0,0.0,0.0,0.0,1.0,0.0
132766,0.0,0.0,0.0,0.0,0.0,2.0,0.0
133266,0.0,0.0,0.0,0.0,0.0,0.0,0.0
137730,0.0,0.0,0.0,0.0,0.0,1.0,0.0
138230,0.0,0.0,0.0,0.0,0.0,0.0,0.0
138448,0.0,0.0,0.0,0.0,0.0,1.0,0.0
138948,0.0,0.0,0.0,0.0,0.0,0.0,0.0
143548,0.0,0.0,0.0,0.0,0.0,1.0,0.0
144048,0.0,0.0,0.0,0.0,0.0,0.0,0.0
145708,0.0,0.0,0.0,0.0,0.0,1.0,0.0
146208,0.0,0.0,0.0,0.0,0.0,0.0,0.0
149902,0.0,0.0,0.0,0.0,0.0,1.0,0.0
149976,0.0,0.0,0.0,0.0,0.0,2.0,0.0
150476,0.0,0.0,0.0,0.0,0.0,0.0,0.0
158399,0.0,0.0,0.0,0.0,1.0,0.0,0.0
158631,0.0,0.0,0.0,0.0,1.0,1.0,0.0
158899,0.0,0.0,0.0,0.0,0.0,1.0,0.0
159131,0.0,0.0,0.0,0.0,0.0,0.0,0.0
159164,0.0,0.0,0.0,0.0,0.0,1.0,0.0
159664,0.0,0.0,0.0,0.0,0.0,0.0,0.0
160118,0.0,0.0,0.0,0.0,0.0,1.0,0.0
160618,0.0,0.0,0.0,0.0,0.0,0.0,0.0
163828,0.0,0.0,0.0,0.0,0.0,1.0,0.0
164328,0.0,0.0,0.0,0.0,0.0,0.0,0.0
168995,0.0,0.0,0.0,0.0,0.0,1.0,0.0
169495,0.0,0.0,0.0,0.0,0.0,0.0,0.0
169741,0.0,0.0,0.0,0.0,0.0,1.0,0.0
170241,0.0,0.0,0.0,0.0,0.0,0.0,0.0
170344,0.0,0.0,0.0,0.0,0.0,1.0,0.0
170844,0.0,0.0,0.0,0.0,0.0,0.0,0.0
170995,0.0,0.0,0.0,0.0,0.0,1.0,0.0
171495,0.0,0.0,0.0,0.0,0.0,0.0,0.0
173038,0.0,0.0,0.0,0.0,0.0,1.0,0.0
173085,0.0,0.0,0.0,0.0,0.0,2.0,0.0
173585,0.0,0.0,0.0,0.0,0.0,0.0,0.0
174662,0.0,0.0,0.0,0.0,0.0,1.0,0.0
175162,0.0,0.0,0.0,0.0,0.0,0.0,0.0
175451,0.0,0.0,0.0,0.0,0.0,1.0,0.0
175951,0.0,0.0,0.0,0.0,0.0,0.0,0.0
179199,0.0,0.0,0.0,0.0,0.0,1.0,0.0
179699,0.0,0.0,0.0,0.0,0.0,0.0,0.0
182034,0.0,0.0,0.0,0.0,0.0,1.0,0.0
182534,0.0,0.0,0.0,0.0,0.0,0.0,0.0
183716,0.0,0.0,0.0,0.0,0.0,1.0,0.0
184216,0.0,0.0,0.0,0.0,0.0,0.0,0.0
186432,0.0,0.0,0.0,0.0,0.0,1.0,0.0
186932,0.0,0.0,0.0,0.0,0.0,0.0,0.0
187295,0.0,0.0,0.0,0.0,0.0,1.0,0.0
187795,0.0,0.0,0.0,0.0,0.0,0.0,0.0
189087,0.0,0.0,0.0,0.0,0.0,1.0,0.0
189587,0.0,0.0,0.0,0.0,0.0,0.0,0.0
190850,0.0,0.0,0.0,0.0,0.0,1.0,0.0
191350,0.0,0.0,0.0,0.0,0.0,0.0,0.0
193499,0.0,0.0,0.0,0.0,0.0,1.0,0.0
193999,0.0,0.0,0.0,0.0,0.0,0.0,0.0
194514,0.0,0.0,0.0,0.0,0.0,1.0,0.0
195014,0.0,0.0,0.0,0.0,0.0,0.0,0.0
195064,0.0,0.0,0.0,0.0,0.0,1.0,0.0
195564,0.0,0.0,0.0,0.0,0.0,0.0,0.0
196755,0.0,0.0,0.0,0.0,0.0,1.0,0.0
197255,0.0,0.0,0.0,0.0,0.0,0.0,0.0
197752,0.0,0.0,0.0,0.0,0.0,1.0,0.0
198252,0.0,0.0,0.0,0.0,0.0,0.0,0.0
199357,0.0,0.0,0.0,0.0,0.0,1.0,0.0
199857,0.0,0.0,0.0,0.0,0.0,0.0,0.0
200000,0.0,0.0,0.0,0.0,0.0,0.0,1.0
200013,0.0,0.0,0.0,0.0,0.0,1.0,1.0
200038,0.0,0.0,0.0,0.0,0.0,2.0,1.0
200127,2.0,0.0,0.0,0.0,0.0,2.0,1.0
200221,2.0,0.0,0.0,0.0,1.0,2.0,1.0
200288,2.0,2.0,0.0,0.0,1.0,2.0,1.0
200290,2.0,2.0,0.0,0.0,2.0,2.0,1.0
200500,2.0,2.0,0.0,0.0,2.0,2.0,0.0
200538,2.0,2.0,0.0,0.0,2.0,0.0,0.0
200627,0.0,2.0,0.0,0.0,2.0,0.0,0.0
200788,0.0,0.0,0.0,0.0,2.0,0.0,0.0
200790,0.0,0.0,0.0,0.0,0.0,0.0,0.0
201422,0.0,0.0,1.0,0.0,0.0,0.0,0.0
201848,0.0,0.0,1.0,0.0,0.0,1.0,0.0
201858,0.0,0.0,1.0,0.0,0.0,2.0,0.0
202358,0.0,0.0,1.0,0.0,0.0,0.0,0.0
202731,0.0,0.0,1.0,0.0,0.0,1.0,0.0
202896,0.0,0.0,2.0,0.0,0.0,1.0,0.0
203231,0.0,0.0,2.0,0.0,0.0,0.0,0.0
203396,0.0,0.0,0.0,0.0,0.0,0.0,0.0
203577,0.0,0.0,1.0,0.0,0.0,0.0,0.0
203596,0.0,0.0,1.0,0.0,0.0,1.0,0.0
204077,0.0,0.0,0.0,0.0,0.0,1.0,0.0
204096,0.0,0.0,0.0,0.0,0.0,0.0,0.0
204346,0.0,0.0,1.0,0.0,0.0,0.0,0.0
204432,0.0,0.0,1.0,0.0,0.0,1.0,0.0
204846,0.0,0.0,0.0,0.0,0.0,1.0,0.0
204932,0.0,0.0,0.0,0.0,0.0,0.0,0.0
204971,0.0,0.0,0.0,0.0,0.0,1.0,0.0
205471,0.0,0.0,0.0,0.0,0.0,0.0,0.0
205485,0.0,0.0,0.0,0.0,0.0,1.0,0.0
205985,0.0,0.0,0.0,0.0,0.0,0.0,0.0
206135,0.0,0.0,0.0,0.0,0.0,1.0,0.0
206144,0.0,0.0,0.0,0.0,0.0,2.0,0.0
206644,0.0,0.0,0.0,0.0,0.0,0.0,0.0
206680,0.0,0.0,0.0,0.0,0.0,1.0,0.0
206684,0.0,0.0,0.0,0.0,1.0,1.0,0.0
206687,0.0,0.0,0.0,0.0,1.0,2.0,0.0
206752,0.0,0.0,0.0,0.0,2.0,2.0,0.0
207187,0.0,0.0,0.0,0.0,2.0,0.0,0.0
207252,0.0,0.0,0.0,0.0,0.0,0.0,0.0
207491,0.0,0.0,0.0,0.0,0.0,1.0,0.0
207970,0.0,2.0,0.0,0.0,0.0,1.0,0.0
207971,0.0,2.0,0.0,0.0,0.0,2.0,0.0
208470,0.0,0.0,0.0,0.0,0.0,2.0,0.0
208471,0.0,0.0,0.0,0.0,0.0,0.0,0.0
208861,0.0,0.0,0.0,0.0,0.0,1.0,0.0
208893,0.0,0.0,1.0,0.0,0.0,1.0,0.0
209361,0.0,0.0,1.0,0.0,0.0,0.0,0.0
209393,0.0,0.0,0.0,0.0,0.0,0.0,0.0
209546,0.0,0.0,0.0,0.0,0.0,1.0,0.0
209561,0.0,0.0,0.0,0.0,0.0,2.0,0.0
209562,0.0,0.0,0.0,0.0,1.0,2.0,0.0
210061,0.0,0.0,0.0,0.0,1.0,0.0,0.0
210062,0.0,0.0,0.0,0.0,0.0,0.0,0.0
211954,0.0,0.0,0.0,0.0,0.0,1.0,0.0
212454,0.0,0.0,0.0,0.0,0.0,0.0,0.0
212488,0.0,0.0,0.0,0.0,0.0,1.0,0.0
212718,0.0,0.0,0.0,0.0,0.0,2.0,0.0
213218,0.0,0.0,0.0,0.0,0.0,0.0,0.0
214073,0.0,0.0,0.0,0.0,0.0,1.0,0.0
214573,0.0,0.0,0.0,0.0,0.0,0.0,0.0
215187,0.0,0.0,0.0,0.0,0.0,1.0,0.0
215481,0.0,0.0,0.0,0.0,1.0,2.0,0.0
215981,0.0,0.0,0.0,0.0,0.0,0.0,0.0
216202,0.0,2.0,0.0,0.0,0.0,0.0,0.0
216702,0.0,0.0,0.0,0.0,0.0,0.0,0.0
217879,0.0,0.0,0.0,0.0,0.0,1.0,0.0
218379,0.0,0.0,0.0,0.0,0.0,0.0,0.0
218424,0.0,0.0,0.0,0.0,0.0,1.0,0.0
218434,0.0,0.0,0.0,0.0,0.0,2.0,0.0
218934,0.0,0.0,0.0,0.0,0.0,0.0,0.0
219083,0.0,0.0,0.0,0.0,0.0,1.0,0.0
219583,0.0,0.0,0.0,0.0,0.0,0.0,0.0
219997,0.0,0.0,0.0,0.0,0.0,1.0,0.0
220007,0.0,0.0,0.0,0.0,0.0,2.0,0.0
220507,0.0,0.0,0.0,0.0,0.0,0.0,0.0
221205,0.0,0.0,0.0,0.0,0.0,1.0,0.0
221705,0.0,0.0,0.0,0.0,0.0,0.0,0.0
221761,0.0,0.0,0.0,0.0,0.0,1.0,0.0
221764,0.0,0.0,0.0,0.0,0.0,2.0,0.0
222264,0.0,0.0,0.0,0.0,0.0,0.0,0.0
222279,0.0,0.0,0.0,0.0,0.0,1.0,0.0
222288,0.0,0.0,0.0,0.0,0.0,2.0,0.0
222788,0.0,0.0,0.0,0.0,0.0,0.0,0.0
222844,0.0,0.0,0.0,0.0,0.0,1.0,0.0
223344,0.0,0.0,0.0,0.0,0.0,0.0,0.0
223630,0.0,0.0,0.0,0.0,0.0,1.0,0.0
224065,0.0,2.0,0.0,0.0,0.0,1.0,0.0
224130,0.0,2.0,0.0,0.0,0.0,0.0,0.0
224347,0.0,2.0,0.0,0.0,0.0,1.0,0.0
224565,0.0,0.0,0.0,0.0,0.0,1.0,0.0
224847,0.0,0.0,0.0,0.0,0.0,0.0,0.0
225807,0.0,0.0,0.0,0.0,0.0,1.0,0.0
226307,0.0,0.0,0.0,0.0,0.0,0.0,0.0
227106,0.0,0.0,0.0,0.0,0.0,1.0,0.0
227606,0.0,0.0,0.0,0.0,0.0,0.0,0.0
228080,0.0,0.0,0.0,0.0,0.0,1.0,0.0
228223,0.0,0.0,0.0,0.0,0.0,2.0,0.0
228723,0.0,0.0,0.0,0.0,0.0,0.0,0.0
229872,0.0,0.0,0.0,0.0,0.0,1.0,0.0
229875,0.0,0.0,0.0,0.0,0.0,2.0,0.0
230375,0.0,0.0,0.0,0.0,0.0,0.0,0.0
230850,0.0,0.0,0.0,0.0,0.0,1.0,0.0
231350,0.0,0.0,0.0,0.0,0.0,0.0,0.0
231662,0.0,0.0,0.0,0.0,0.0,1.0,0.0
232162,0.0,0.0,0.0,0.0,0.0,0.0,0.0
233180,0.0,0.0,0.0,0.0,0.0,1.0,0.0
233680,0.0,0.0,0.0,0.0,0.0,0.0,0.0
234206,0.0,0.0,0.0,0.0,0.0,1.0,0.0
234706,0.0,0.0,0.0,0.0,0.0,0.0,0.0
234733,0.0,0.0,0.0,0.0,0.0,1.0,0.0
234805,0.0,0.0,0.0,0.0,0.0,2.0,0.0
235305,0.0,0.0,0.0,0.0,0.0,0.0,0.0
237299,0.0,0.0,0.0,0.0,0.0,1.0,0.0
237800,0.0,0.0,0.0,0.0,0.0,2.0,0.0
238300,0.0,0.0,0.0,0.0,0.0,0.0,0.0
238681,0.0,0.0,0.0,0.0,0.0,1.0,0.0
238863,0.0,0.0,0.0,0.0,0.0,2.0,0.0
239363,0.0,0.0,0.0,0.0,0.0,0.0,0.0
239450,0.0,0.0,0.0,0.0,0.0,1.0,0.0
239950,0.0,0.0,0.0,0.0,0.0,0.0,0.0
239986,0.0,0.0,0.0,0.0,0.0,1.0,0.0
240162,0.0,0.0,0.0,0.0,0.0,2.0,0.0
240662,0.0,0.0,0.0,0.0,0.0,0.0,0.0
241393,0.0,0.0,0.0,0.0,0.0,1.0,0.0
241396,0.0,0.0,0.0,0.0,0.0,2.0,0.0
241896,0.0,0.0,0.0,0.0,0.0,0.0,0.0
242109,0.0,0.0,0.0,0.0,0.0,1.0,0.0
242114,0.0,0.0,0.0,0.0,0.0,2.0,0.0
242614,0.0,0.0,0.0,0.0,0.0,0.0,0.0
243274,0.0,0.0,0.0,0.0,0.0,1.0,0.0
243510,0.0,0.0,0.0,0.0,0.0,2.0,0.0
244010,0.0,0.0,0.0,0.0,0.0,0.0,0.0
244127,0.0,0.0,0.0,0.0,0.0,1.0,0.0
244133,0.0,0.0,0.0,0.0,0.0,2.0,0.0
244633,0.0,0.0,0.0,0.0,0.0,0.0,0.0
245363,0.0,0.0,0.0,0.0,0.0,1.0,0.0
245863,0.0,0.0,0.0,0.0,0.0,0.0,0.0
245944,0.0,0.0,0.0,0.0,0.0,1.0,0.0
246444,0.0,0.0,0.0,0.0,0.0,0.0,0.0
246456,0.0,0.0,0.0,0.0,0.0,1.0,0.0
246459,0.0,0.0,0.0,0.0,0.0,2.0,0.0
246959,0.0,0.0,0.0,0.0,0.0,0.0,0.0
247091,0.0,0.0,0.0,0.0,0.0,1.0,0.0
247094,0.0,0.0,0.0,0.0,0.0,2.0,0.0
247594,0.0,0.0,0.0,0.0,0.0,0.0,0.0
247932,0.0,0.0,0.0,0.0,0.0,1.0,0.0
248432,0.0,0.0,0.0,0.0,0.0,0.0,0.0
248480,0.0,0.0,0.0,0.0,0.0,1.0,0.0
248980,0.0,0.0,0.0,0.0,0.0,0.0,0.0
249885,0.0,0.0,0.0,0.0,0.0,1.0,0.0
250385,0.0,0.0,0.0,0.0,0.0,0.0,0.0
250535,0.0,0.0,0.0,0.0,0.0,1.0,0.0
251004,0.0,0.0,0.0,0.0,0.0,2.0,0.0
251504,0.0,0.0,0.0,0.0,0.0,0.0,0.0
251742,0.0,0.0,0.0,0.0,0.0,1.0,0.0
252242,0.0,0.0,0.0,0.0,0.0,0.0,0.0
252396,0.0,0.0,0.0,0.0,0.0,1.0,0.0
252399,0.0,0.0,0.0,0.0,0.0,2.0,0.0
252899,0.0,0.0,0.0,0.0,0.0,0.0,0.0
252900,0.0,0.0,0.0,0.0,0.0,1.0,0.0
253124,0.0,0.0,0.0,0.0,0.0,2.0,0.0
253624,0.0,0.0,0.0,0.0,0.0,0.0,0.0
253958,0.0,0.0,0.0,0.0,0.0,1.0,0.0
254458,0.0,0.0,0.0,0.0,0.0,0.0,0.0
254678,0.0,0.0,0.0,0.0,0.0,1.0,0.0
254681,0.0,0.0,0.0,0.0,0.0,2.0,0.0
255181,0.0,0.0,0.0,0.0,0.0,0.0,0.0
257379,0.0,0.0,0.0,0.0,0.0,1.0,0.0
257388,0.0,0.0,0.0,0.0,0.0,2.0,0.0
257888,0.0,0.0,0.0,0.0,0.0,0.0,0.0
258053,0.0,0.0,0.0,0.0,0.0,1.0,0.0
258553,0.0,0.0,0.0,0.0,0.0,0.0,0.0
258979,0.0,0.0,0.0,0.0,0.0,1.0,0.0
259184,0.0,0.0,0.0,0.0,0.0,2.0,0.0
259684,0.0,0.0,0.0,0.0,0.0,0.0,0.0
260184,0.0,0.0,0.0,0.0,0.0,1.0,0.0
260199,0.0,0.0,0.0,0.0,0.0,2.0,0.0
260200,0.0,0.0,0.0,0.0,1.0,2.0,0.0
260207,0.0,0.0,0.0,0.0,2.0,2.0,0.0
260699,0.0,0.0,0.0,0.0,2.0,0.0,0.0
260707,0.0,0.0,0.0,0.0,0.0,0.0,0.0
260883,0.0,0.0,0.0,0.0,0.0,1.0,0.0
261267,0.0,0.0,0.0,0.0,0.0,2.0,0.0
261274,0.0,0.0,0.0,0.0,1.0,2.0,0.0
261280,0.0,0.0,0.0,0.0,2.0,2.0,0.0
261767,0.0,0.0,0.0,0.0,2.0,0.0,0.0
261780,0.0,0.0,0.0,0.0,0.0,0.0,0.0
262029,0.0,0.0,0.0,0.0,0.0,1.0,0.0
262032,0.0,0.0,0.0,0.0,0.0,2.0,0.0
262088,0.0,0.0,0.0,0.0,1.0,2.0,0.0
262532,0.0,0.0,0.0,0.0,1.0,0.0,0.0
262588,0.0,0.0,0.0,0.0,0.0,0.0,0.0
263863,0.0,0.0,0.0,0.0,0.0,1.0,0.0
263867,0.0,0.0,0.0,0.0,0.0,2.0,0.0
264367,0.0,0.0,0.0,0.0,0.0,0.0,0.0
265009,0.0,0.0,0.0,0.0,0.0,1.0,0.0
265012,0.0,0.0,0.0,0.0,0.0,2.0,0.0
265512,0.0,0.0,0.0,0.0,0.0,0.0,0.0
265551,0.0,0.0,0.0,0.0,0.0,1.0,0.0
266051,0.0,0.0,0.0,0.0,0.0,0.0,0.0
266286,0.0,0.0,0.0,0.0,0.0,1.0,0.0
266478,0.0,0.0,0.0,0.0,0.0,2.0,0.0
266978,0.0,0.0,0.0,0.0,0.0,0.0,0.0
267044,0.0,0.0,0.0,0.0,0.0,1.0,0.0
267544,0.0,0.0,0.0,0.0,0.0,0.0,0.0
267936,0.0,2.0,0.0,0.0,0.0,0.0,0.0
268077,0.0,2.0,0.0,0.0,0.0,1.0,0.0
268436,0.0,0.0,0.0,0.0,0.0,1.0,0.0
268577,0.0,0.0,0.0,0.0,0.0,0.0,0.0
269282,0.0,0.0,0.0,0.0,0.0,1.0,0.0
269782,0.0,0.0,0.0,0.0,0.0,0.0,0.0
270115,0.0,0.0,0.0,0.0,0.0,1.0,0.0
270118,0.0,0.0,0.0,0.0,0.0,2.0,0.0
270618,0.0,0.0,0.0,0.0,0.0,0.0,0.0
271790,0.0,0.0,0.0,0.0,0.0,1.0,0.0
272290,0.0,0.0,0.0,0.0,0.0,0.0,0.0
272485,0.0,0.0,0.0,0.0,0.0,1.0,0.0
272969,0.0,0.0,0.0,0.0,0.0,2.0,0.0
273469,0.0,0.0,0.0,0.0,0.0,0.0,0.0
273616,0.0,0.0,0.0,0.0,0.0,1.0,0.0
273962,0.0,0.0,0.0,0.0,0.0,2.0,0.0
274462,0.0,0.0,0.0,0.0,0.0,0.0,0.0
275804,0.0,0.0,0.0,0.0,0.0,1.0,0.0
276304,0.0,0.0,0.0,0.0,0.0,0.0,0.0
276914,0.0,0.0,0.0,0.0,0.0,1.0,0.0
277414,0.0,0.0,0.0,0.0,0.0,0.0,0.0
277755,0.0,0.0,0.0,0.0,0.0,1.0,0.0
278032,0.0,0.0,0.0,0.0,0.0,2.0,0.0
278532,0.0,0.0,0.0,0.0,0.0,0.0,0.0
278570,0.0,0.0,0.0,0.0,0.0,1.0,0.0
278743,0.0,0.0,0.0,0.0,0.0,2.0,0.0
279243,0.0,0.0,0.0,0.0,0.0,0.0,0.0
279297,0.0,0.0,0.0,0.0,0.0,1.0,0.0
279300,0.0,0.0,0.0,0.0,0.0,2.0,0.0
279800,0.0,0.0,0.0,0.0,0.0,0.0,0.0
280638,0.0,0.0,0.0,0.0,0.0,1.0,0.0
281138,0.0,0.0,0.0,0.0,0.0,0.0,0.0
281189,0.0,0.0,0.0,0.0,0.0,1.0,0.0
281196,0.0,0.0,0.0,0.0,0.0,2.0,0.0
281696,0.0,0.0,0.0,0.0,0.0,0.0,0.0
282232,0.0,0.0,0.0,0.0,0.0,1.0,0.0
282433,0.0,0.0,0.0,0.0,0.0,2.0,0.0
282933,0.0,0.0,0.0,0.0,0.0,0.0,0.0
284254,0.0,0.0,0.0,0.0,0.0,1.0,0.0
284474,0.0,0.0,0.0,0.0,0.0,2.0,0.0
284476,0.0,0.0,0.0,0.0,1.0,2.0,0.0
284974,0.0,0.0,0.0,0.0,1.0,0.0,0.0
284976,0.0,0.0,0.0,0.0,0.0,0.0,0.0
285245,0.0,0.0,0.0,0.0,0.0,1.0,0.0
285745,0.0,0.0,0.0,0.0,0.0,0.0,0.0
285755,0.0,0.0,0.0,0.0,0.0,1.0,0.0
286255,0.0,0.0,0.0,0.0,0.0,0.0,0.0
287299,0.0,0.0,0.0,0.0,0.0,1.0,0.0
287799,0.0,0.0,0.0,0.0,0.0,0.0,0.0
287832,0.0,0.0,0.0,0.0,0.0,1.0,0.0
287835,0.0,0.0,0.0,0.0,0.0,2.0,0.0
288335,0.0,0.0,0.0,0.0,0.0,0.0,0.0
289769,0.0,0.0,0.0,0.0,0.0,1.0,0.0
289772,0.0,0.0,0.0,0.0,0.0,2.0,0.0
290272,0.0,0.0,0.0,0.0,0.0,0.0,0.0
292233,0.0,0.0,0.0,0.0,0.0,1.0,0.0
292733,0.0,0.0,0.0,0.0,0.0,0.0,0.0
292895,0.0,0.0,0.0,0.0,0.0,1.0,0.0
292898,0.0,0.0,0.0,0.0,0.0,2.0,0.0
293398,0.0,0.0,0.0,0.0,0.0,0.0,0.0
293522,0.0,0.0,0.0,0.0,0.0,1.0,0.0
293535,0.0,0.0,0.0,0.0,0.0,2.0,0.0
294035,0.0,0.0,0.0,0.0,0.0,0.0,0.0
294953,0.0,0.0,0.0,0.0,0.0,1.0,0.0
295453,0.0,0.0,0.0,0.0,0.0,0.0,0.0
295551,0.0,0.0,0.0,0.0,0.0,1.0,0.0
296051,0.0,0.0,0.0,0.0,0.0,0.0,0.0
296439,0.0,0.0,0.0,0.0,0.0,1.0,0.0
296939,0.0,0.0,0.0,0.0,0.0,0.0,0.0
297366,0.0,0.0,0.0,0.0,0.0,1.0,0.0
297866,0.0,0.0,0.0,0.0,0.0,0.0,0.0
298028,0.0,0.0,0.0,0.0,0.0,1.0,0.0
298032,0.0,0.0,0.0,0.0,0.0,2.0,0.0
298532,0.0,0.0,0.0,0.0,0.0,0.0,0.0
299118,0.0,0.0,0.0,0.0,0.0,1.0,0.0
299129,0.0,0.0,0.0,0.0,0.0,2.0,0.0
299629,0.0,0.0,0.0,0.0,0.0,0.0,0.0
299950,0.0,0.0,0.0,0.0,0.0,1.0,0.0
300450,0.0,0.0,0.0,0.0,0.0,0.0,0.0
304113,0.0,0.0,0.0,0.0,0.0,1.0,0.0
304613,0.0,0.0,0.0,0.0,0.0,0.0,0.0
310091,0.0,0.0,0.0,0.0,0.0,1.0,0.0
310591,0.0,0.0,0.0,0.0,0.0,0.0,0.0
316449,0.0,0.0,0.0,0.0,0.0,1.0,0.0
316458,0.0,0.0,0.0,0.0,0.0,2.0,0.0
316958,0.0,0.0,0.0,0.0,0.0,0.0,0.0
319582,0.0,0.0,0.0,0.0,0.0,1.0,0.0
320082,0.0,0.0,0.0,0.0,0.0,0.0,0.0
320234,0.0,0.0,0.0,0.0,0.0,1.0,0.0
320734,0.0,0.0,0.0,0.0,0.0,0.0,0.0
321210,0.0,0.0,0.0,0.0,0.0,1.0,0.0
321710,0.0,0.0,0.0,0.0,0.0,0.0,0.0
322067,0.0,0.0,0.0,0.0,0.0,1.0,0.0
322567,0.0,0.0,0.0,0.0,0.0,0.0,0.0
322886,0.0,0.0,0.0,0.0,0.0,1.0,0.0
323386,0.0,0.0,0.0,0.0,0.0,0.0,0.0
323892,0.0,0.0,0.0,0.0,0.0,1.0,0.0
324392,0.0,0.0,0.0,0.0,0.0,0.0,0.0
324923,0.0,0.0,0.0,0.0,0.0,1.0,0.0
325423,0.0,0.0,0.0,0.0,0.0,0.0,0.0
325429,0.0,0.0,0.0,0.0,0.0,1.0,0.0
325929,0.0,0.0,0.0,0.0,0.0,0.0,0.0
326078,0.0,0.0,0.0,0.0,0.0,1.0,0.0
326193,0.0,0.0,0.0,0.0,0.0,2.0,0.0
326693,0.0,0.0,0.0,0.0,0.0,0.0,0.0
328650,0.0,0.0,0.0,0.0,0.0,1.0,0.0
329150,0.0,0.0,0.0,0.0,0.0,0.0,0.0
332726,0.0,0.0,0.0,0.0,0.0,1.0,0.0
333226,0.0,0.0,0.0,0.0,0.0,0.0,0.0
333607,0.0,0.0,0.0,0.0,0.0,1.0,0.0
334107,0.0,0.0,0.0,0.0,0.0,0.0,0.0
334468,0.0,0.0,0.0,0.0,0.0,1.0,0.0
334968,0.0,0.0,0.0,0.0,0.0,0.0,0.0
337731,0.0,0.0,0.0,0.0,1.0,0.0,0.0
338231,0.0,0.0,0.0,0.0,0.0,0.0,0.0
340228,0.0,0.0,0.0,0.0,0.0,1.0,0.0
340232,0.0,0.0,0.0,0.0,0.0,2.0,0.0
340732,0.0,0.0,0.0,0.0,0.0,0.0,0.0
345274,0.0,0.0,0.0,0.0,0.0,1.0,0.0
345774,0.0,0.0,0.0,0.0,0.0,0.0,0.0
348319,0.0,0.0,0.0,0.0,0.0,1.0,0.0
348819,0.0,0.0,0.0,0.0,0.0,0.0,0.0
349770,0.0,0.0,0.0,0.0,0.0,1.0,0.0
350270,0.0,0.0,0.0,0.0,0.0,0.0,0.0
351150,0.0,0.0,0.0,0.0,1.0,0.0,0.0
351229,0.0,0.0,0.0,0.0,1.0,1.0,0.0
351650,0.0,0.0,0.0,0.0,0.0,1.0,0.0
351729,0.0,0.0,0.0,0.0,0.0,0.0,0.0
353195,0.0,0.0,0.0,0.0,0.0,1.0,0.0
353695,0.0,0.0,0.0,0.0,0.0,0.0,0.0
354129,0.0,0.0,0.0,0.0,0.0,1.0,0.0
354629,0.0,0.0,0.0,0.0,0.0,0.0,0.0
354886,0.0,0.0,0.0,0.0,0.0,1.0,0.0
355386,0.0,0.0,0.0,0.0,0.0,0.0,0.0
356198,0.0,0.0,0.0,0.0,0.0,1.0,0.0
356698,0.0,0.0,0.0,0.0,0.0,0.0,0.0
356906,0.0,0.0,0.0,0.0,0.0,1.0,0.0
357406,0.0,0.0,0.0,0.0,0.0,0.0,0.0
357760,0.0,0.0,0.0,0.0,0.0,1.0,0.0
358260,0.0,0.0,0.0,0.0,0.0,0.0,0.0
359236,0.0,0.0,0.0,0.0,0.0,1.0,0.0
359736,0.0,0.0,0.0,0.0,0.0,0.0,0.0
360852,0.0,0.0,0.0,0.0,0.0,1.0,0.0
360857,0.0,0.0,0.0,0.0,0.0,2.0,0.0
361357,0.0,0.0,0.0,0.0,0.0,0.0,0.0
364260,0.0,0.0,0.0,0.0,0.0,1.0,0.0
364270,0.0,0.0,0.0,0.0,0.0,2.0,0.0
364770,0.0,0.0,0.0,0.0,0.0,0.0,0.0
368171,0.0,0.0,0.0,0.0,0.0,1.0,0.0
368173,0.0,0.0,0.0,0.0,0.0,2.0,0.0
368673,0.0,0.0,0.0,0.0,0.0,0.0,0.0
368742,0.0,0.0,0.0,0.0,0.0,1.0,0.0
369242,0.0,0.0,0.0,0.0,0.0,0.0,0.0
369325,0.0,0.0,0.0,0.0,0.0,1.0,0.0
369825,0.0,0.0,0.0,0.0,0.0,0.0,0.0
369860,0.0,0.0,0.0,0.0,0.0,1.0,0.0
369867,0.0,0.0,0.0,0.0,0.0,2.0,0.0
370367,0.0,0.0,0.0,0.0,0.0,0.0,0.0
370949,0.0,0.0,0.0,0.0,0.0,1.0,0.0
371449,0.0,0.0,0.0,0.0,0.0,0.0,0.0
377380,0.0,0.0,0.0,0.0,0.0,1.0,0.0
377880,0.0,0.0,0.0,0.0,0.0,0.0,0.0
379486,0.0,0.0,0.0,0.0,0.0,1.0,0.0
379986,0.0,0.0,0.0,0.0,0.0,0.0,0.0
382482,0.0,0.0,0.0,0.0,0.0,1.0,0.0
382970,0.0,0.0,0.0,0.0,0.0,2.0,0.0
383470,0.0,0.0,0.0,0.0,0.0,0.0,0.0
386732,0.0,0.0,0.0,0.0,0.0,1.0,0.0
387232,0.0,0.0,0.0,0.0,0.0,0.0,0.0
390954,0.0,0.0,0.0,0.0,0.0,1.0,0.0
390956,0.0,0.0,0.0,0.0,0.0,2.0,0.0
391456,0.0,0.0,0.0,0.0,0.0,0.0,0.0
394230,0.0,0.0,0.0,0.0,0.0,1.0,0.0
394730,0.0,0.0,0.0,0.0,0.0,0.0,0.0
395947,0.0,0.0,0.0,0.0,0.0,1.0,0.0
396447,0.0,0.0,0.0,0.0,0.0,0.0,0.0
396906,0.0,0.0,0.0,0.0,0.0,1.0,0.0
396908,0.0,0.0,0.0,0.0,0.0,2.0,0.0
397408,0.0,0.0,0.0,0.0,0.0,0.0,0.0
398093,0.0,0.0,0.0,0.0,0.0,1.0,0.0
398593,0.0,0.0,0.0,0.0,0.0,0.0,0.0
400000,0.0,0.0,0.0,0.0,0.0,0.0,1.0
400030,0.0,0.0,0.0,0.0,0.0,1.0,1.0
400032,0.0,0.0,0.0,0.0,0.0,2.0,1.0
400127,2.0,0.0,0.0,0.0,0.0,2.0,1.0
400262,2.0,2.0,0.0,0.0,0.0,2.0,1.0
400304,2.0,2.0,0.0,0.0,1.0,2.0,1.0
400333,2.0,2.0,0.0,0.0,2.0,2.0,1.0
400500,2.0,2.0,0.0,0.0,2.0,2.0,0.0
400532,2.0,2.0,0.0,0.0,2.0,0.0,0.0
400612,2.0,2.0,0.0,0.0,2.0,1.0,0.0
400616,2.0,2.0,0.0,0.0,2.0,2.0,0.0
400627,0.0,2.0,0.0,0.0,2.0,2.0,0.0
400639,2.0,2.0,0.0,0.0,2.0,2.0,0.0
400762,2.0,0.0,0.0,0.0,2.0,2.0,0.0
400833,2.0,0.0,0.0,0.0,0.0,2.0,0.0
401116,2.0,0.0,0.0,0.0,0.0,0.0,0.0
401139,0.0,0.0,0.0,0.0,0.0,0.0,0.0
401287,0.0,0.0,1.0,0.0,0.0,0.0,0.0
402677,0.0,0.0,2.0,0.0,0.0,0.0,0.0
403177,0.0,0.0,0.0,0.0,0.0,0.0,0.0
403908,0.0,0.0,0.0,0.0,0.0,1.0,0.0
404408,0.0,0.0,0.0,0.0,0.0,0.0,0.0
404624,0.0,0.0,0.0,0.0,0.0,1.0,0.0
404959,0.0,0.0,1.0,0.0,0.0,1.0,0.0
405124,0.0,0.0,1.0,0.0,0.0,0.0,0.0
405459,0.0,0.0,0.0,0.0,0.0,0.0,0.0
406216,0.0,0.0,0.0,0.0,0.0,1.0,0.0
406716,0.0,0.0,0.0,0.0,0.0,0.0,0.0
406857,0.0,0.0,0.0,0.0,0.0,1.0,0.0
407357,0.0,0.0,0.0,0.0,0.0,0.0,0.0
408224,0.0,0.0,0.0,0.0,0.0,1.0,0.0
408724,0.0,0.0,0.0,0.0,0.0,0.0,0.0
408758,0.0,0.0,0.0,0.0,0.0,1.0,0.0
409258,0.0,0.0,0.0,0.0,0.0,0.0,0.0
409263,0.0,0.0,0.0,0.0,0.0,1.0,0.0
409534,0.0,0.0,0.0,0.0,0.0,2.0,0.0
410034,0.0,0.0,0.0,0.0,0.0,0.0,0.0
410789,0.0,0.0,0.0,0.0,0.0,1.0,0.0
411289,0.0,0.0,0.0,0.0,0.0,0.0,0.0
411578,0.0,0.0,0.0,0.0,0.0,1.0,0.0
412078,0.0,0.0,0.0,0.0,0.0,0.0,0.0
412096,0.0,0.0,0.0,0.0,0.0,1.0,0.0
412596,0.0,0.0,0.0,0.0,0.0,0.0,0.0
412599,0.0,0.0,0.0,0.0,0.0,1.0,0.0
412644,0.0,0.0,0.0,0.0,0.0,2.0,0.0
413144,0.0,0.0,0.0,0.0,0.0,0.0,0.0
413812,0.0,0.0,0.0,0.0,0.0,1.0,0.0
414067,0.0,0.0,0.0,0.0,0.0,2.0,0.0
414567,0.0,0.0,0.0,0.0,0.0,0.0,0.0
414729,0.0,0.0,0.0,0.0,0.0,1.0,0.0
415229,0.0,0.0,0.0,0.0,0.0,0.0,0.0
415232,0.0,0.0,0.0,0.0,0.0,1.0,0.0
415587,0.0,0.0,0.0,0.0,0.0,2.0,0.0
416087,0.0,0.0,0.0,0.0,0.0,0.0,0.0
416601,0.0,0.0,0.0,0.0,0.0,1.0,0.0
417101,0.0,0.0,0.0,0.0,0.0,0.0,0.0
417738,0.0,0.0,0.0,0.0,0.0,1.0,0.0
418238,0.0,0.0,0.0,0.0,0.0,0.0,0.0
419206,0.0,0.0,0.0,0.0,0.0,1.0,0.0
419237,0.0,0.0,0.0,0.0,0.0,2.0,0.0
419737,0.0,0.0,0.0,0.0,0.0,0.0,0.0
419836,0.0,0.0,0.0,0.0,0.0,1.0,0.0
420336,0.0,0.0,0.0,0.0,0.0,0.0,0.0
420505,0.0,0.0,0.0,0.0,0.0,1.0,0.0
421005,0.0,0.0,0.0,0.0,0.0,0.0,0.0
421129,0.0,0.0,0.0,0.0,0.0,1.0,0.0
422129,0.0,0.0,0.0,0.0,0.0,0.0,0.0
422709,0.0,0.0,0.0,0.0,0.0,1.0,0.0
423209,0.0,0.0,0.0,0.0,0.0,0.0,0.0
424061,0.0,0.0,0.0,0.0,0.0,1.0,0.0
424561,0.0,0.0,0.0,0.0,0.0,0.0,0.0
424609,0.0,0.0,0.0,0.0,0.0,1.0,0.0
425109,0.0,0.0,0.0,0.0,0.0,0.0,0.0
425716,0.0,0.0,0.0,0.0,0.0,1.0,0.0
426216,0.0,0.0,0.0,0.0,0.0,0.0,0.0
426698,0.0,0.0,0.0,0.0,0.0,1.0,0.0
427198,0.0,0.0,0.0,0.0,0.0,0.0,0.0
427342,0.0,0.0,0.0,0.0,0.0,1.0,0.0
427842,0.0,0.0,0.0,0.0,0.0,0.0,0.0
428045,0.0,0.0,0.0,0.0,0.0,1.0,0.0
428545,0.0,0.0,0.0,0.0,0.0,0.0,0.0
429837,0.0,0.0,0.0,0.0,0.0,1.0,0.0
429932,0.0,0.0,0.0,0.0,0.0,2.0,0.0
430432,0.0,0.0,0.0,0.0,0.0,0.0,0.0
432008,0.0,0.0,0.0,0.0,0.0,1.0,0.0
432269,0.0,0.0,0.0,0.0,0.0,2.0,0.0
432769,0.0,0.0,0.0,0.0,0.0,0.0,0.0
432973,0.0,0.0,0.0,0.0,0.0,1.0,0.0
433473,0.0,0.0,0.0,0.0,0.0,0.0,0.0
434002,0.0,0.0,0.0,0.0,0.0,1.0,0.0
434502,0.0,0.0,0.0,0.0,0.0,0.0,0.0
435110,0.0,0.0,0.0,0.0,0.0,1.0,0.0
435131,0.0,0.0,0.0,0.0,0.0,2.0,0.0
435631,0.0,0.0,0.0,0.0,0.0,0.0,0.0
436051,0.0,0.0,0.0,0.0,0.0,1.0,0.0
436153,0.0,0.0,0.0,0.0,0.0,2.0,0.0
436653,0.0,0.0,0.0,0.0,0.0,0.0,0.0
437599,0.0,0.0,0.0,0.0,0.0,1.0,0.0
438099,0.0,0.0,0.0,0.0,0.0,0.0,0.0
439032,0.0,0.0,0.0,0.0,0.0,1.0,0.0
439532,0.0,0.0,0.0,0.0,0.0,0.0,0.0
439761,0.0,0.0,0.0,0.0,0.0,1.0,0.0
440166,0.0,0.0,0.0,0.0,0.0,2.0,0.0
440666,0.0,0.0,0.0,0.0,0.0,0.0,0.0
441453,0.0,0.0,0.0,0.0,0.0,1.0,0.0
441953,0.0,0.0,0.0,0.0,0.0,0.0,0.0
442490,0.0,0.0,0.0,0.0,0.0,1.0,0.0
442645,0.0,0.0,0.0,0.0,0.0,2.0,0.0
443145,0.0,0.0,0.0,0.0,0.0,0.0,0.0
443398,0.0,0.0,0.0,0.0,0.0,1.0,0.0
443898,0.0,0.0,0.0,0.0,0.0,0.0,0.0
445180,0.0,0.0,0.0,0.0,0.0,1.0,0.0
445183,0.0,0.0,0.0,0.0,0.0,2.0,0.0
445683,0.0,0.0,0.0,0.0,0.0,0.0,0.0
446018,0.0,0.0,0.0,0.0,0.0,1.0,0.0
446025,0.0,0.0,0.0,0.0,0.0,2.0,0.0
446525,0.0,0.0,0.0,0.0,0.0,0.0,0.0
446567,0.0,0.0,0.0,0.0,0.0,1.0,0.0
447067,0.0,0.0,0.0,0.0,0.0,0.0,0.0
447074,0.0,0.0,0.0,0.0,0.0,1.0,0.0
447158,0.0,0.0,0.0,0.0,0.0,2.0,0.0
447658,0.0,0.0,0.0,0.0,0.0,0.0,0.0
448480,0.0,0.0,0.0,0.0,0.0,1.0,0.0
448489,0.0,0.0,0.0,0.0,0.0,2.0,0.0
448989,0.0,0.0,0.0,0.0,0.0,0.0,0.0
449059,0.0,0.0,0.0,0.0,0.0,1.0,0.0
449559,0.0,0.0,0.0,0.0,0.0,0.0,0.0
449745,0.0,0.0,0.0,0.0,0.0,1.0,0.0
449748,0.0,0.0,0.0,0.0,0.0,2.0,0.0
450248,0.0,0.0,0.0,0.0,0.0,0.0,0.0
450564,0.0,0.0,0.0,0.0,0.0,1.0,0.0
451064,0.0,0.0,0.0,0.0,0.0,0.0,0.0
451155,0.0,0.0,0.0,0.0,0.0,1.0,0.0
451655,0.0,0.0,0.0,0.0,0.0,0.0,0.0
452311,0.0,0.0,0.0,0.0,0.0,1.0,0.0
452749,0.0,0.0,0.0,0.0,0.0,2.0,0.0
453249,0.0,0.0,0.0,0.0,0.0,0.0,0.0
454332,0.0,0.0,0.0,0.0,0.0,1.0,0.0
454659,0.0,0.0,0.0,0.0,1.0,1.0,0.0
454832,0.0,0.0,0.0,0.0,1.0,0.0,0.0
455159,0.0,0.0,0.0,0.0,0.0,0.0,0.0
455416,0.0,0.0,0.0,0.0,0.0,1.0,0.0
455916,0.0,0.0,0.0,0.0,0.0,0.0,0.0
455942,0.0,0.0,0.0,0.0,0.0,1.0,0.0
456442,0.0,0.0,0.0,0.0,0.0,0.0,0.0
456862,0.0,0.0,0.0,0.0,0.0,1.0,0.0
456964,0.0,0.0,0.0,0.0,0.0,2.0,0.0
457464,0.0,0.0,0.0,0.0,0.0,0.0,0.0
457574,0.0,0.0,0.0,0.0,0.0,1.0,0.0
457577,0.0,0.0,0.0,0.0,0.0,2.0,0.0
457579,0.0,0.0,0.0,0.0,1.0,2.0,0.0
458077,0.0,0.0,0.0,0.0,1.0,0.0,0.0
458079,0.0,0.0,0.0,0.0,0.0,0.0,0.0
458088,0.0,0.0,0.0,0.0,0.0,1.0,0.0
458104,0.0,0.0,0.0,0.0,0.0,2.0,0.0
458604,0.0,0.0,0.0,0.0,0.0,0.0,0.0
458980,0.0,0.0,0.0,0.0,0.0,1.0,0.0
459480,0.0,0.0,0.0,0.0,0.0,0.0,0.0
460669,0.0,0.0,0.0,0.0,1.0,1.0,0.0
460681,0.0,0.0,0.0,0.0,1.0,2.0,0.0
461169,0.0,0.0,0.0,0.0,0.0,2.0,0.0
461181,0.0,0.0,0.0,0.0,0.0,0.0,0.0
461495,0.0,0.0,0.0,0.0,0.0,1.0,0.0
461660,0.0,2.0,0.0,0.0,1.0,1.0,0.0
461995,0.0,2.0,0.0,0.0,1.0,0.0,0.0
462160,0.0,0.0,0.0,0.0,0.0,0.0,0.0
462325,0.0,0.0,0.0,0.0,1.0,0.0,0.0
462326,0.0,0.0,0.0,0.0,1.0,1.0,0.0
462702,0.0,0.0,0.0,0.0,1.0,2.0,0.0
462825,0.0,0.0,0.0,0.0,0.0,2.0,0.0
463202,0.0,0.0,0.0,0.0,0.0,0.0,0.0
464669,0.0,0.0,0.0,0.0,0.0,1.0,0.0
464720,0.0,0.0,0.0,0.0,0.0,2.0,0.0
465220,0.0,0.0,0.0,0.0,0.0,0.0,0.0
467223,0.0,0.0,0.0,0.0,0.0,1.0,0.0
467723,0.0,0.0,0.0,0.0,0.0,0.0,0.0
468005,0.0,0.0,0.0,0.0,0.0,1.0,0.0
468191,0.0,0.0,0.0,0.0,0.0,2.0,0.0
468691,0.0,0.0,0.0,0.0,0.0,0.0,0.0
468999,0.0,0.0,0.0,0.0,0.0,1.0,0.0
469499,0.0,0.0,0.0,0.0,0.0,0.0,0.0
469500,0.0,0.0,0.0,0.0,0.0,1.0,0.0
470000,0.0,0.0,0.0,0.0,0.0,0.0,0.0
470290,0.0,0.0,0.0,0.0,0.0,1.0,0.0
470790,0.0,0.0,0.0,0.0,0.0,0.0,0.0
470966,0.0,0.0,0.0,0.0,0.0,1.0,0.0
471259,0.0,0.0,0.0,0.0,0.0,2.0,0.0
471759,0.0,0.0,0.0,0.0,0.0,0.0,0.0
472005,0.0,0.0,0.0,0.0,0.0,1.0,0.0
472461,0.0,0.0,0.0,0.0,0.0,2.0,0.0
472961,0.0,0.0,0.0,0.0,0.0,0.0,0.0
473866,0.0,0.0,0.0,0.0,0.0,1.0,0.0
474306,0.0,0.0,0.0,0.0,1.0,2.0,0.0
474315,0.0,0.0,0.0,0.0,2.0,2.0,0.0
474806,0.0,0.0,0.0,0.0,2.0,0.0,0.0
474815,0.0,0.0,0.0,0.0,0.0,0.0,0.0
475349,0.0,0.0,0.0,0.0,0.0,1.0,0.0
475402,0.0,2.0,0.0,0.0,0.0,1.0,0.0
475849,0.0,2.0,0.0,0.0,0.0,0.0,0.0
475902,0.0,0.0,0.0,0.0,0.0,0.0,0.0
476024,0.0,0.0,0.0,0.0,0.0,1.0,0.0
476524,0.0,0.0,0.0,0.0,0.0,0.0,0.0
476995,0.0,0.0,0.0,0.0,0.0,1.0,0.0
477495,0.0,0.0,0.0,0.0,0.0,0.0,0.0
477600,0.0,0.0,0.0,0.0,0.0,1.0,0.0
477605,0.0,0.0,0.0,0.0,0.0,2.0,0.0
478105,0.0,0.0,0.0,0.0,0.0,0.0,0.0
478118,0.0,0.0,0.0,0.0,0.0,1.0,0.0
478618,0.0,0.0,0.0,0.0,0.0,0.0,0.0
478842,0.0,0.0,0.0,0.0,0.0,1.0,0.0
479342,0.0,0.0,0.0,0.0,0.0,0.0,0.0
480708,0.0,0.0,0.0,0.0,0.0,1.0,0.0
481208,0.0,0.0,0.0,0.0,0.0,0.0,0.0
481536,0.0,2.0,0.0,0.0,0.0,0.0,0.0
482036,0.0,0.0,0.0,0.0,0.0,0.0,0.0
482088,0.0,0.0,0.0,0.0,0.0,1.0,0.0
482588,0.0,0.0,0.0,0.0,0.0,0.0,0.0
482687,0.0,0.0,0.0,0.0,0.0,1.0,0.0
483187,0.0,0.0,0.0,0.0,0.0,0.0,0.0
483332,0.0,0.0,0.0,0.0,0.0,1.0,0.0
483832,0.0,0.0,0.0,0.0,0.0,0.0,0.0
483907,0.0,0.0,0.0,0.0,0.0,1.0,0.0
484407,0.0,0.0,0.0,0.0,0.0,0.0,0.0
484565,0.0,0.0,0.0,0.0,0.0,1.0,0.0
484574,0.0,0.0,0.0,0.0,0.0,2.0,0.0
484634,0.0,2.0,0.0,0.0,0.0,2.0,0.0
485074,0.0,2.0,0.0,0.0,0.0,0.0,0.0
485134,0.0,0.0,0.0,0.0,0.0,0.0,0.0
485730,0.0,0.0,0.0,0.0,0.0,1.0,0.0
485736,0.0,0.0,0.0,0.0,0.0,2.0,0.0
485951,0.0,0.0,0.0,0.0,1.0,2.0,0.0
486236,0.0,0.0,0.0,0.0,1.0,0.0,0.0
486451,0.0,0.0,0.0,0.0,0.0,0.0,0.0
486866,0.0,0.0,0.0,0.0,0.0,1.0,0.0
486876,0.0,0.0,0.0,0.0,0.0,2.0,0.0
487376,0.0,0.0,0.0,0.0,0.0,0.0,0.0
487442,0.0,0.0,0.0,0.0,0.0,1.0,0.0
487942,0.0,0.0,0.0,0.0,0.0,0.0,0.0
488353,0.0,0.0,0.0,0.0,0.0,1.0,0.0
488629,0.0,2.0,0.0,0.0,0.0,1.0,0.0
488853,0.0,2.0,0.0,0.0,0.0,0.0,0.0
489104,0.0,2.0,0.0,0.0,0.0,1.0,0.0
489129,0.0,0.0,0.0,0.0,0.0,1.0,0.0
489165,0.0,0.0,0.0,0.0,0.0,2.0,0.0
489665,0.0,0.0,0.0,0.0,0.0,0.0,0.0
489723,0.0,0.0,0.0,0.0,0.0,1.0,0.0
490114,0.0,0.0,0.0,0.0,0.0,2.0,0.0
490614,0.0,0.0,0.0,0.0,0.0,0.0,0.0
490993,0.0,0.0,0.0,0.0,1.0,0.0,0.0
491019,0.0,2.0,0.0,0.0,1.0,0.0,0.0
491493,0.0,2.0,0.0,0.0,0.0,0.0,0.0
491519,0.0,0.0,0.0,0.0,0.0,0.0,0.0
491520,0.0,0.0,0.0,0.0,0.0,1.0,0.0
491794,0.0,0.0,0.0,0.0,1.0,2.0,0.0
492007,0.0,0.0,1.0,0.0,1.0,2.0,0.0
492294,0.0,0.0,1.0,0.0,1.0,0.0,0.0
492433,0.0,0.0,1.0,0.0,1.0,1.0,0.0
492794,0.0,0.0,1.0,0.0,0.0,1.0,0.0
492911,0.0,0.0,1.0,0.0,0.0,2.0,0.0
493411,0.0,0.0,1.0,0.0,0.0,0.0,0.0
493414,0.0,0.0,1.0,0.0,0.0,1.0,0.0
493914,0.0,0.0,1.0,0.0,0.0,0.0,0.0
494678,0.0,0.0,1.0,0.0,0.0,1.0,0.0
495178,0.0,0.0,1.0,0.0,0.0,0.0,0.0
495229,0.0,0.0,1.0,0.0,0.0,1.0,0.0
495374,0.0,0.0,1.0,0.0,0.0,2.0,0.0
495874,0.0,0.0,1.0,0.0,0.0,0.0,0.0
495903,0.0,0.0,1.0,0.0,0.0,1.0,0.0
495906,0.0,0.0,1.0,0.0,0.0,2.0,0.0
496406,0.0,0.0,1.0,0.0,0.0,0.0,0.0
496661,0.0,0.0,1.0,0.0,0.0,1.0,0.0
497161,0.0,0.0,1.0,0.0,0.0,0.0,0.0
497632,0.0,0.0,1.0,0.0,0.0,1.0,0.0
498132,0.0,0.0,1.0,0.0,0.0,0.0,0.0
498218,0.0,0.0,1.0,0.0,0.0,1.0,0.0
498718,0.0,0.0,1.0,0.0,0.0,0.0,0.0
499136,0.0,0.0,1.0,0.0,0.0,1.0,0.0
499145,0.0,0.0,1.0,0.0,0.0,2.0,0.0
499645,0.0,0.0,1.0,0.0,0.0,0.0,0.0
500507,0.0,0.0,0.0,0.0,0.0,0.0,0.0
503299,0.0,0.0,0.0,0.0,0.0,1.0,0.0
503799,0.0,0.0,0.0,0.0,0.0,0.0,0.0
503985,0.0,0.0,0.0,0.0,0.0,1.0,0.0
504485,0.0,0.0,0.0,0.0,0.0,0.0,0.0
504650,0.0,0.0,0.0,0.0,0.0,1.0,0.0
505150,0.0,0.0,0.0,0.0,0.0,0.0,0.0
505809,0.0,0.0,0.0,0.0,0.0,1.0,0.0
505814,0.0,0.0,0.0,0.0,0.0,2.0,0.0
506314,0.0,0.0,0.0,0.0,0.0,0.0,0.0
507342,0.0,0.0,0.0,0.0,0.0,1.0,0.0
507842,0.0,0.0,0.0,0.0,0.0,0.0,0.0
509487,0.0,0.0,0.0,0.0,0.0,1.0,0.0
509987,0.0,0.0,0.0,0.0,0.0,0.0,0.0
510425,0.0,0.0,0.0,0.0,0.0,1.0,0.0
510925,0.0,0.0,0.0,0.0,0.0,0.0,0.0
512353,0.0,0.0,0.0,0.0,0.0,1.0,0.0
512357,0.0,0.0,0.0,0.0,0.0,2.0,0.0
512857,0.0,0.0,0.0,0.0,0.0,0.0,0.0
516367,0.0,0.0,0.0,0.0,0.0,1.0,0.0
516867,0.0,0.0,0.0,0.0,0.0,0.0,0.0
518177,0.0,0.0,0.0,0.0,1.0,0.0,0.0
518201,0.0,0.0,0.0,0.0,1.0,1.0,0.0
518677,0.0,0.0,0.0,0.0,0.0,1.0,0.0
518701,0.0,0.0,0.0,0.0,0.0,0.0,0.0
518844,0.0,0.0,0.0,0.0,0.0,1.0,0.0
519344,0.0,0.0,0.0,0.0,0.0,0.0,0.0
520559,0.0,0.0,0.0,0.0,0.0,1.0,0.0
521059,0.0,0.0,0.0,0.0,0.0,0.0,0.0
524291,0.0,0.0,0.0,0.0,1.0,1.0,0.0
524791,0.0,0.0,0.0,0.0,0.0,0.0,0.0
525762,0.0,0.0,0.0,0.0,0.0,1.0,0.0
526262,0.0,0.0,0.0,0.0,0.0,0.0,0.0
527622,0.0,0.0,0.0,0.0,0.0,1.0,0.0
527647,0.0,0.0,0.0,0.0,0.0,2.0,0.0
528147,0.0,0.0,0.0,0.0,0.0,0.0,0.0
529068,0.0,0.0,0.0,0.0,0.0,1.0,0.0
529568,0.0,0.0,0.0,0.0,0.0,0.0,0.0
531348,0.0,0.0,0.0,0.0,0.0,1.0,0.0
531848,0.0,0.0,0.0,0.0,0.0,0.0,0.0
531911,0.0,0.0,0.0,0.0,0.0,1.0,0.0
532411,0.0,0.0,0.0,0.0,0.0,0.0,0.0
533752,0.0,0.0,0.0,0.0,0.0,1.0,0.0
534252,0.0,0.0,0.0,0.0,0.0,0.0,0.0
535258,0.0,0.0,0.0,0.0,0.0,1.0,0.0
535758,0.0,0.0,0.0,0.0,0.0,0.0,0.0
536758,0.0,0.0,0.0,0.0,0.0,1.0,0.0
537258,0.0,0.0,0.0,0.0,0.0,0.0,0.0
537499,0.0,0.0,0.0,0.0,0.0,1.0,0.0
537999,0.0,0.0,0.0,0.0,0.0,0.0,0.0
540944,0.0,0.0,0.0,0.0,0.0,1.0,0.0
540954,0.0,0.0,0.0,0.0,0.0,2.0,0.0
541454,0.0,0.0,0.0,0.0,0.0,0.0,0.0
544257,0.0,0.0,0.0,0.0,0.0,1.0,0.0
544757,0.0,0.0,0.0,0.0,0.0,0.0,0.0
548820,0.0,0.0,0.0,0.0,0.0,1.0,0.0
549320,0.0,0.0,0.0,0.0,0.0,0.0,0.0
549771,0.0,0.0,0.0,0.0,0.0,1.0,0.0
550271,0.0,0.0,0.0,0.0,0.0,0.0,0.0
550667,0.0,0.0,0.0,0.0,0.0,1.0,0.0
551167,0.0,0.0,0.0,0.0,0.0,0.0,0.0
553571,0.0,0.0,0.0,0.0,0.0,1.0,0.0
554002,0.0,0.0,0.0,0.0,0.0,2.0,0.0
554502,0.0,0.0,0.0,0.0,0.0,0.0,0.0
556044,0.0,0.0,0.0,0.0,0.0,1.0,0.0
556544,0.0,0.0,0.0,0.0,0.0,0.0,0.0
557990,0.0,0.0,0.0,0.0,0.0,1.0,0.0
557991,0.0,0.0,0.0,0.0,0.0,2.0,0.0
558491,0.0,0.0,0.0,0.0,0.0,0.0,0.0
562022,0.0,0.0,0.0,0.0,0.0,1.0,0.0
562522,0.0,0.0,0.0,0.0,0.0,0.0,0.0
563253,0.0,0.0,0.0,0.0,0.0,1.0,0.0
563753,0.0,0.0,0.0,0.0,0.0,0.0,0.0
563807,0.0,0.0,0.0,0.0,0.0,1.0,0.0
564307,0.0,0.0,0.0,0.0,0.0,0.0,0.0
568075,0.0,0.0,0.0,0.0,0.0,1.0,0.0
568575,0.0,0.0,0.0,0.0,0.0,0.0,0.0
568923,0.0,0.0,0.0,0.0,0.0,1.0,0.0
569423,0.0,0.0,0.0,0.0,0.0,0.0,0.0
570454,0.0,0.0,0.0,0.0,0.0,1.0,0.0
570954,0.0,0.0,0.0,0.0,0.0,0.0,0.0
574928,0.0,0.0,0.0,0.0,0.0,1.0,0.0
575428,0.0,0.0,0.0,0.0,0.0,0.0,0.0
576047,0.0,0.0,0.0,0.0,0.0,1.0,0.0
576547,0.0,0.0,0.0,0.0,0.0,0.0,0.0
577826,0.0,0.0,0.0,0.0,0.0,1.0,0.0
578326,0.0,0.0,0.0,0.0,0.0,0.0,0.0
578670,0.0,0.0,0.0,0.0,0.0,1.0,0.0
579170,0.0,0.0,0.0,0.0,0.0,0.0,0.0
581565,0.0,0.0,0.0,0.0,0.0,1.0,0.0
581570,0.0,0.0,0.0,0.0,0.0,2.0,0.0
582070,0.0,0.0,0.0,0.0,0.0,0.0,0.0
582620,0.0,0.0,0.0,0.0,0.0,1.0,0.0
583120,0.0,0.0,0.0,0.0,0.0,0.0,0.0
586443,0.0,0.0,0.0,0.0,0.0,1.0,0.0
586943,0.0,0.0,0.0,0.0,0.0,0.0,0.0
590885,0.0,0.0,0.0,0.0,0.0,1.0,0.0
591385,0.0,0.0,0.0,0.0,0.0,0.0,0.0
592102,0.0,0.0,0.0,0.0,0.0,1.0,0.0
592340,0.0,0.0,0.0,0.0,0.0,2.0,0.0
592840,0.0,0.0,0.0,0.0,0.0,0.0,0.0
595451,0.0,0.0,0.0,0.0,0.0,1.0,0.0
595951,0.0,0.0,0.0,0.0,0.0,0.0,0.0
597776,0.0,0.0,0.0,0.0,0.0,1.0,0.0
598276,0.0,0.0,0.0,0.0,0.0,0.0,0.0
599580,0.0,0.0,0.0,0.0,0.0,1.0,0.0
599581,0.0,0.0,0.0,0.0,0.0,2.0,0.0
600000,0.0,0.0,0.0,0.0,0.0,2.0,1.0
600081,0.0,0.0,0.0,0.0,0.0,0.0,1.0
600095,2.0,0.0,0.0,0.0,0.0,0.0,1.0
600117,2.0,0.0,0.0,0.0,1.0,0.0,1.0
600140,2.0,0.0,0.0,0.0,2.0,0.0,1.0
600153,2.0,2.0,0.0,0.0,2.0,0.0,1.0
600500,2.0,2.0,0.0,0.0,2.0,0.0,0.0
600595,0.0,2.0,0.0,0.0,2.0,0.0,0.0
600640,0.0,2.0,0.0,0.0,0.0,0.0,0.0
600653,0.0,0.0,0.0,0.0,0.0,0.0,0.0
600976,0.0,0.0,0.0,0.0,0.0,1.0,0.0
601321,0.0,0.0,0.0,0.0,0.0,2.0,0.0
601559,0.0,0.0,1.0,0.0,0.0,2.0,0.0
601821,0.0,0.0,1.0,0.0,0.0,0.0,0.0
601836,0.0,0.0,1.0,0.0,0.0,1.0,0.0
601838,0.0,0.0,1.0,0.0,0.0,2.0,0.0
602338,0.0,0.0,1.0,0.0,0.0,0.0,0.0
602702,0.0,0.0,1.0,0.0,0.0,1.0,0.0
603153,0.0,0.0,2.0,0.0,0.0,1.0,0.0
603202,0.0,0.0,2.0,0.0,0.0,0.0,0.0
603374,0.0,0.0,2.0,0.0,0.0,1.0,0.0
603383,0.0,0.0,2.0,0.0,0.0,2.0,0.0
603653,0.0,0.0,0.0,0.0,0.0,2.0,0.0
603883,0.0,0.0,0.0,0.0,0.0,0.0,0.0
603892,0.0,0.0,1.0,0.0,0.0,0.0,0.0
603894,0.0,0.0,1.0,0.0,0.0,1.0,0.0
604392,0.0,0.0,0.0,0.0,0.0,1.0,0.0
604394,0.0,0.0,0.0,0.0,0.0,0.0,0.0
604842,0.0,0.0,0.0,0.0,0.0,1.0,0.0
604845,0.0,0.0,0.0,0.0,0.0,2.0,0.0
604894,0.0,0.0,0.0,0.0,1.0,2.0,0.0
605345,0.0,0.0,0.0,0.0,1.0,0.0,0.0
605373,0.0,0.0,0.0,0.0,1.0,1.0,0.0
605394,0.0,0.0,0.0,0.0,0.0,1.0,0.0
605806,0.0,0.0,0.0,0.0,0.0,2.0,0.0
606306,0.0,0.0,0.0,0.0,0.0,0.0,0.0
606982,0.0,0.0,0.0,0.0,0.0,1.0,0.0
607482,0.0,0.0,0.0,0.0,0.0,0.0,0.0
607568,0.0,0.0,0.0,0.0,0.0,1.0,0.0
607582,0.0,0.0,0.0,0.0,0.0,2.0,0.0
608082,0.0,0.0,0.0,0.0,0.0,0.0,0.0
608162,0.0,0.0,0.0,0.0,0.0,1.0,0.0
608662,0.0,0.0,0.0,0.0,0.0,0.0,0.0
609203,0.0,0.0,0.0,0.0,0.0,1.0,0.0
609228,0.0,0.0,0.0,0.0,0.0,2.0,0.0
609728,0.0,0.0,0.0,0.0,0.0,0.0,0.0
610001,0.0,0.0,0.0,0.0,0.0,1.0,0.0
610501,0.0,0.0,0.0,0.0,0.0,0.0,0.0
610737,0.0,0.0,0.0,0.0,0.0,1.0,0.0
610829,0.0,0.0,0.0,0.0,0.0,2.0,0.0
611329,0.0,0.0,0.0,0.0,0.0,0.0,0.0
611354,0.0,0.0,0.0,0.0,0.0,1.0,0.0
611854,0.0,0.0,0.0,0.0,0.0,0.0,0.0
612828,0.0,0.0,0.0,0.0,0.0,1.0,0.0
613328,0.0,0.0,0.0,0.0,0.0,0.0,0.0
613482,0.0,0.0,0.0,0.0,0.0,1.0,0.0
613982,0.0,0.0,0.0,0.0,0.0,0.0,0.0
615253,0.0,0.0,0.0,0.0,0.0,1.0,0.0
615264,0.0,0.0,0.0,0.0,0.0,2.0,0.0
615764,0.0,0.0,0.0,0.0,0.0,0.0,0.0
616219,0.0,0.0,0.0,0.0,0.0,1.0,0.0
616719,0.0,0.0,0.0,0.0,0.0,0.0,0.0
617126,0.0,0.0,0.0,0.0,0.0,1.0,0.0
617387,0.0,0.0,0.0,0.0,0.0,2.0,0.0
617887,0.0,0.0,0.0,0.0,0.0,0.0,0.0
618185,0.0,0.0,0.0,0.0,0.0,1.0,0.0
618456,0.0,0.0,0.0,0.0,0.0,2.0,0.0
618956,0.0,0.0,0.0,0.0,0.0,0.0,0.0
619058,0.0,0.0,0.0,0.0,0.0,1.0,0.0
619558,0.0,0.0,0.0,0.0,0.0,0.0,0.0
620158,0.0,0.0,0.0,0.0,0.0,1.0,0.0
620559,0.0,2.0,0.0,0.0,0.0,1.0,0.0
620658,0.0,2.0,0.0,0.0,0.0,0.0,0.0
620660,0.0,2.0,0.0,0.0,0.0,1.0,0.0
621059,0.0,0.0,0.0,0.0,0.0,1.0,0.0
621160,0.0,0.0,0.0,0.0,0.0,0.0,0.0
621166,0.0,0.0,0.0,0.0,0.0,1.0,0.0
621343,0.0,0.0,1.0,0.0,0.0,1.0,0.0
621418,0.0,0.0,1.0,0.0,1.0,1.0,0.0
621666,0.0,0.0,1.0,0.0,1.0,0.0,0.0
621843,0.0,0.0,0.0,0.0,1.0,0.0,0.0
621850,0.0,0.0,1.0,0.0,1.0,0.0,0.0
621852,0.0,0.0,1.0,0.0,1.0,1.0,0.0
621918,0.0,0.0,1.0,0.0,0.0,1.0,0.0
622352,0.0,0.0,1.0,0.0,0.0,0.0,0.0
622645,0.0,0.0,1.0,0.0,0.0,1.0,0.0
623145,0.0,0.0,1.0,0.0,0.0,0.0,0.0
623332,0.0,0.0,1.0,0.0,0.0,1.0,0.0
623350,0.0,0.0,0.0,0.0,0.0,1.0,0.0
623754,0.0,0.0,1.0,0.0,0.0,1.0,0.0
623757,0.0,0.0,1.0,0.0,0.0,2.0,0.0
624257,0.0,0.0,1.0,0.0,0.0,0.0,0.0
625254,0.0,0.0,0.0,0.0,0.0,0.0,0.0
625660,0.0,0.0,0.0,0.0,0.0,1.0,0.0
626160,0.0,0.0,0.0,0.0,0.0,0.0,0.0
626364,0.0,0.0,0.0,0.0,0.0,1.0,0.0
626368,0.0,0.0,0.0,0.0,0.0,2.0,0.0
626868,0.0,0.0,0.0,0.0,0.0,0.0,0.0
627190,0.0,0.0,0.0,0.0,0.0,1.0,0.0
627203,0.0,0.0,0.0,0.0,0.0,2.0,0.0
627703,0.0,0.0,0.0,0.0,0.0,0.0,0.0
628978,0.0,0.0,0.0,0.0,0.0,1.0,0.0
629478,0.0,0.0,0.0,0.0,0.0,0.0,0.0
629637,0.0,0.0,0.0,0.0,0.0,1.0,0.0
629661,0.0,0.0,0.0,0.0,0.0,2.0,0.0
630161,0.0,0.0,0.0,0.0,0.0,0.0,0.0
630252,0.0,0.0,0.0,0.0,0.0,1.0,0.0
630268,0.0,0.0,0.0,0.0,0.0,2.0,0.0
630768,0.0,0.0,0.0,0.0,0.0,0.0,0.0
631036,0.0,0.0,0.0,0.0,0.0,1.0,0.0
631133,0.0,0.0,0.0,0.0,0.0,2.0,0.0
631633,0.0,0.0,0.0,0.0,0.0,0.0,0.0
632297,0.0,0.0,0.0,0.0,0.0,1.0,0.0
632533,0.0,2.0,0.0,0.0,0.0,1.0,0.0
632797,0.0,2.0,0.0,0.0,0.0,0.0,0.0
632850,0.0,2.0,1.0,0.0,0.0,0.0,0.0
632871,0.0,2.0,1.0,0.0,0.0,1.0,0.0
633033,0.0,0.0,1.0,0.0,0.0,1.0,0.0
633371,0.0,0.0,1.0,0.0,0.0,0.0,0.0
634375,0.0,0.0,1.0,0.0,0.0,1.0,0.0
634557,0.0,0.0,1.0,0.0,0.0,2.0,0.0
635057,0.0,0.0,1.0,0.0,0.0,0.0,0.0
635722,0.0,0.0,1.0,0.0,0.0,1.0,0.0
635729,0.0,0.0,1.0,0.0,0.0,2.0,0.0
636229,0.0,0.0,1.0,0.0,0.0,0.0,0.0
636509,0.0,0.0,1.0,0.0,0.0,1.0,0.0
636512,0.0,0.0,1.0,0.0,0.0,2.0,0.0
637012,0.0,0.0,1.0,0.0,0.0,0.0,0.0
637245,0.0,0.0,1.0,0.0,0.0,1.0,0.0
637249,0.0,0.0,1.0,0.0,0.0,2.0,0.0
637749,0.0,0.0,1.0,0.0,0.0,0.0,0.0
637935,0.0,0.0,1.0,0.0,0.0,1.0,0.0
637941,0.0,0.0,1.0,0.0,0.0,2.0,0.0
638441,0.0,0.0,1.0,0.0,0.0,0.0,0.0
638654,0.0,0.0,1.0,0.0,0.0,1.0,0.0
638661,0.0,0.0,1.0,0.0,0.0,2.0,0.0
639161,0.0,0.0,1.0,0.0,0.0,0.0,0.0
640607,0.0,0.0,1.0,0.0,0.0,1.0,0.0
641107,0.0,0.0,1.0,0.0,0.0,0.0,0.0
641463,0.0,0.0,1.0,0.0,0.0,1.0,0.0
641539,0.0,0.0,1.0,0.0,0.0,2.0,0.0
642039,0.0,0.0,1.0,0.0,0.0,0.0,0.0
642273,0.0,0.0,1.0,0.0,0.0,1.0,0.0
642773,0.0,0.0,1.0,0.0,0.0,0.0,0.0
643277,0.0,0.0,1.0,0.0,0.0,1.0,0.0
643777,0.0,0.0,1.0,0.0,0.0,0.0,0.0
644262,0.0,0.0,1.0,0.0,0.0,1.0,0.0
644308,0.0,0.0,1.0,0.0,0.0,2.0,0.0
644808,0.0,0.0,1.0,0.0,0.0,0.0,0.0
644961,0.0,0.0,1.0,0.0,1.0,0.0,0.0
644972,0.0,0.0,1.0,0.0,1.0,1.0,0.0
645461,0.0,0.0,1.0,0.0,0.0,1.0,0.0
645472,0.0,0.0,1.0,0.0,0.0,0.0,0.0
645680,0.0,0.0,1.0,0.0,0.0,1.0,0.0
646180,0.0,0.0,1.0,0.0,0.0,0.0,0.0
646203,0.0,0.0,1.0,0.0,0.0,1.0,0.0
646488,0.0,0.0,1.0,0.0,1.0,1.0,0.0
646494,0.0,0.0,1.0,0.0,1.0,2.0,0.0
646988,0.0,0.0,1.0,0.0,0.0,2.0,0.0
646994,0.0,0.0,1.0,0.0,0.0,0.0,0.0
647057,0.0,0.0,1.0,0.0,0.0,1.0,0.0
647084,0.0,0.0,1.0,0.0,0.0,2.0,0.0
647584,0.0,0.0,1.0,0.0,0.0,0.0,0.0
647736,0.0,0.0,1.0,0.0,0.0,1.0,0.0
648236,0.0,0.0,1.0,0.0,0.0,0.0,0.0
648478,0.0,0.0,1.0,0.0,0.0,1.0,0.0
648967,0.0,0.0,1.0,0.0,0.0,2.0,0.0
649467,0.0,0.0,1.0,0.0,0.0,0.0,0.0
649561,0.0,0.0,1.0,0.0,0.0,1.0,0.0
650061,0.0,0.0,1.0,0.0,0.0,0.0,0.0
650304,0.0,0.0,1.0,0.0,0.0,1.0,0.0
650678,0.0,0.0,1.0,0.0,0.0,2.0,0.0
651178,0.0,0.0,1.0,0.0,0.0,0.0,0.0
651220,0.0,0.0,1.0,0.0,0.0,1.0,0.0
651625,0.0,0.0,1.0,0.0,0.0,2.0,0.0
652125,0.0,0.0,1.0,0.0,0.0,0.0,0.0
652529,0.0,0.0,1.0,0.0,0.0,1.0,0.0
653029,0.0,0.0,1.0,0.0,0.0,0.0,0.0
653405,0.0,0.0,1.0,0.0,0.0,1.0,0.0
653889,0.0,2.0,1.0,0.0,0.0,1.0,0.0
653894,0.0,2.0,1.0,0.0,1.0,1.0,0.0
653905,0.0,2.0,1.0,0.0,1.0,0.0,0.0
654389,0.0,0.0,1.0,0.0,1.0,0.0,0.0
654394,0.0,0.0,1.0,0.0,0.0,0.0,0.0
654905,0.0,0.0,1.0,0.0,0.0,1.0,0.0
655245,0.0,0.0,1.0,0.0,0.0,2.0,0.0
655745,0.0,0.0,1.0,0.0,0.0,0.0,0.0
656447,0.0,0.0,1.0,0.0,0.0,1.0,0.0
656947,0.0,0.0,1.0,0.0,0.0,0.0,0.0
657374,0.0,0.0,1.0,0.0,0.0,1.0,0.0
657874,0.0,0.0,1.0,0.0,0.0,0.0,0.0
658112,0.0,0.0,1.0,0.0,0.0,1.0,0.0
658115,0.0,0.0,1.0,0.0,0.0,2.0,0.0
658615,0.0,0.0,1.0,0.0,0.0,0.0,0.0
658883,0.0,0.0,1.0,0.0,0.0,1.0,0.0
659383,0.0,0.0,1.0,0.0,0.0,0.0,0.0
659622,0.0,0.0,1.0,0.0,0.0,1.0,0.0
660122,0.0,0.0,1.0,0.0,0.0,0.0,0.0
660611,0.0,0.0,1.0,0.0,0.0,1.0,0.0
660615,0.0,0.0,1.0,0.0,0.0,2.0,0.0
661115,0.0,0.0,1.0,0.0,0.0,0.0,0.0
661230,0.0,0.0,1.0,0.0,0.0,1.0,0.0
661730,0.0,0.0,1.0,0.0,0.0,0.0,0.0
661844,0.0,0.0,1.0,0.0,0.0,1.0,0.0
662103,0.0,0.0,1.0,0.0,0.0,2.0,0.0
662603,0.0,0.0,1.0,0.0,0.0,0.0,0.0
663634,0.0,0.0,1.0,0.0,0.0,1.0,0.0
664134,0.0,0.0,1.0,0.0,0.0,0.0,0.0
665100,0.0,0.0,1.0,0.0,0.0,1.0,0.0
665600,0.0,0.0,1.0,0.0,0.0,0.0,0.0
667201,0.0,0.0,1.0,0.0,0.0,1.0,0.0
667701,0.0,0.0,1.0,0.0,0.0,0.0,0.0
667982,0.0,0.0,1.0,0.0,0.0,1.0,0.0
667985,0.0,0.0,1.0,0.0,0.0,2.0,0.0
668485,0.0,0.0,1.0,0.0,0.0,0.0,0.0
669054,0.0,0.0,1.0,0.0,0.0,1.0,0.0
669554,0.0,0.0,1.0,0.0,0.0,0.0,0.0
669878,0.0,0.0,1.0,0.0,0.0,1.0,0.0
670378,0.0,0.0,1.0,0.0,0.0,0.0,0.0
671674,0.0,0.0,1.0,0.0,0.0,1.0,0.0
671677,0.0,0.0,1.0,0.0,0.0,2.0,0.0
672177,0.0,0.0,1.0,0.0,0.0,0.0,0.0
672838,0.0,0.0,1.0,0.0,0.0,1.0,0.0
673338,0.0,0.0,1.0,0.0,0.0,0.0,0.0
674436,0.0,0.0,1.0,0.0,0.0,1.0,0.0
674936,0.0,0.0,1.0,0.0,0.0,0.0,0.0
675562,0.0,0.0,1.0,0.0,0.0,1.0,0.0
675569,0.0,0.0,1.0,0.0,0.0,2.0,0.0
676069,0.0,0.0,1.0,0.0,0.0,0.0,0.0
676382,0.0,0.0,1.0,0.0,0.0,1.0,0.0
676882,0.0,0.0,1.0,0.0,0.0,0.0,0.0
677041,0.0,0.0,1.0,0.0,0.0,1.0,0.0
677050,0.0,0.0,1.0,0.0,0.0,2.0,0.0
677550,0.0,0.0,1.0,0.0,0.0,0.0,0.0
678527,0.0,0.0,1.0,0.0,0.0,1.0,0.0
678530,0.0,0.0,1.0,0.0,0.0,2.0,0.0
679030,0.0,0.0,1.0,0.0,0.0,0.0,0.0
679850,0.0,0.0,0.0,0.0,0.0,0.0,0.0
679959,0.0,0.0,1.0,0.0,0.0,0.0,0.0
679967,0.0,0.0,1.0,0.0,0.0,1.0,0.0
679969,0.0,0.0,1.0,0.0,1.0,1.0,0.0
680189,0.0,0.0,1.0,0.0,2.0,1.0,0.0
680467,0.0,0.0,1.0,0.0,2.0,0.0,0.0
680484,0.0,0.0,1.0,0.0,2.0,1.0,0.0
680670,0.0,2.0,1.0,0.0,2.0,1.0,0.0
680689,0.0,2.0,1.0,0.0,0.0,1.0,0.0
680984,0.0,2.0,1.0,0.0,0.0,0.0,0.0
681170,0.0,0.0,1.0,0.0,0.0,0.0,0.0
681671,0.0,0.0,1.0,0.0,0.0,1.0,0.0
682171,0.0,0.0,1.0,0.0,0.0,0.0,0.0
683228,0.0,0.0,1.0,0.0,0.0,1.0,0.0
683407,0.0,0.0,1.0,0.0,0.0,2.0,0.0
683907,0.0,0.0,1.0,0.0,0.0,0.0,0.0
684228,0.0,0.0,1.0,0.0,0.0,1.0,0.0
684728,0.0,0.0,1.0,0.0,0.0,0.0,0.0
684967,0.0,0.0,1.0,0.0,0.0,1.0,0.0
684973,0.0,0.0,1.0,0.0,0.0,2.0,0.0
685473,0.0,0.0,1.0,0.0,0.0,0.0,0.0
686765,0.0,0.0,1.0,0.0,0.0,1.0,0.0
687265,0.0,0.0,1.0,0.0,0.0,0.0,0.0
687475,0.0,0.0,1.0,0.0,0.0,1.0,0.0
687975,0.0,0.0,1.0,0.0,0.0,0.0,0.0
688064,0.0,0.0,1.0,0.0,0.0,1.0,0.0
688564,0.0,0.0,1.0,0.0,0.0,0.0,0.0
688817,0.0,0.0,1.0,0.0,0.0,1.0,0.0
689292,0.0,0.0,1.0,0.0,0.0,2.0,0.0
689792,0.0,0.0,1.0,0.0,0.0,0.0,0.0
690028,0.0,0.0,1.0,0.0,0.0,1.0,0.0
690528,0.0,0.0,1.0,0.0,0.0,0.0,0.0
690959,0.0,0.0,0.0,0.0,0.0,0.0,0.0
691458,0.0,0.0,1.0,0.0,0.0,0.0,0.0
691557,0.0,0.0,1.0,0.0,0.0,1.0,0.0
692057,0.0,0.0,1.0,0.0,0.0,0.0,0.0
692429,0.0,0.0,1.0,0.0,0.0,1.0,0.0
692439,0.0,0.0,1.0,0.0,0.0,2.0,0.0
692492,0.0,2.0,1.0,0.0,0.0,2.0,0.0
692939,0.0,2.0,1.0,0.0,0.0,0.0,0.0
692992,0.0,0.0,1.0,0.0,0.0,0.0,0.0
693153,0.0,0.0,1.0,0.0,1.0,0.0,0.0
693392,0.0,0.0,1.0,0.0,1.0,1.0,0.0
693395,0.0,0.0,1.0,0.0,1.0,2.0,0.0
693653,0.0,0.0,1.0,0.0,0.0,2.0,0.0
693895,0.0,0.0,1.0,0.0,0.0,0.0,0.0
694768,0.0,0.0,1.0,0.0,0.0,1.0,0.0
694772,0.0,0.0,1.0,0.0,0.0,2.0,0.0
695272,0.0,0.0,1.0,0.0,0.0,0.0,0.0
695515,0.0,0.0,1.0,0.0,0.0,1.0,0.0
696015,0.0,0.0,1.0,0.0,0.0,0.0,0.0
696340,0.0,0.0,1.0,0.0,0.0,1.0,0.0
696840,0.0,0.0,1.0,0.0,0.0,0.0,0.0
697157,0.0,0.0,1.0,0.0,0.0,1.0,0.0
697657,0.0,0.0,1.0,0.0,0.0,0.0,0.0
697710,0.0,0.0,1.0,0.0,0.0,1.0,0.0
698210,0.0,0.0,1.0,0.0,0.0,0.0,0.0
698261,0.0,0.0,1.0,0.0,0.0,1.0,0.0
698277,0.0,0.0,1.0,0.0,0.0,2.0,0.0
698777,0.0,0.0,1.0,0.0,0.0,0.0,0.0
699373,0.0,0.0,1.0,0.0,0.0,1.0,0.0
699873,0.0,0.0,1.0,0.0,0.0,0.0,0.0
700395,0.0,0.0,1.0,0.0,0.0,1.0,0.0
700458,0.0,0.0,0.0,0.0,0.0,1.0,0.0
700895,0.0,0.0,0.0,0.0,0.0,0.0,0.0
702804,0.0,0.0,0.0,0.0,0.0,1.0,0.0
703304,0.0,0.0,0.0,0.0,0.0,0.0,0.0
705722,0.0,0.0,0.0,0.0,0.0,1.0,0.0
706222,0.0,0.0,0.0,0.0,0.0,0.0,0.0
707157,0.0,0.0,0.0,0.0,0.0,1.0,0.0
707657,0.0,0.0,0.0,0.0,0.0,0.0,0.0
709573,0.0,0.0,0.0,0.0,0.0,1.0,0.0
710073,0.0,0.0,0.0,0.0,0.0,0.0,0.0
711936,0.0,0.0,0.0,0.0,0.0,1.0,0.0
711938,0.0,0.0,0.0,0.0,0.0,2.0,0.0
712438,0.0,0.0,0.0,0.0,0.0,0.0,0.0
713170,0.0,0.0,0.0,0.0,0.0,1.0,0.0
713375,0.0,0.0,0.0,0.0,0.0,2.0,0.0
713875,0.0,0.0,0.0,0.0,0.0,0.0,0.0
716562,0.0,0.0,0.0,0.0,0.0,1.0,0.0
717062,0.0,0.0,0.0,0.0,0.0,0.0,0.0
718865,0.0,0.0,0.0,0.0,0.0,1.0,0.0
719365,0.0,0.0,0.0,0.0,0.0,0.0,0.0
722549,0.0,0.0,0.0,0.0,0.0,1.0,0.0
723049,0.0,0.0,0.0,0.0,0.0,0.0,0.0
725751,0.0,0.0,0.0,0.0,0.0,1.0,0.0
726251,0.0,0.0,0.0,0.0,0.0,0.0,0.0
727075,0.0,0.0,0.0,0.0,0.0,1.0,0.0
727575,0.0,0.0,0.0,0.0,0.0,0.0,0.0
730318,0.0,0.0,0.0,0.0,0.0,1.0,0.0
730818,0.0,0.0,0.0,0.0,0.0,0.0,0.0
732857,0.0,0.0,0.0,0.0,0.0,1.0,0.0
733357,0.0,0.0,0.0,0.0,0.0,0.0,0.0
733942,0.0,0.0,0.0,0.0,0.0,1.0,0.0
734442,0.0,0.0,0.0,0.0,0.0,0.0,0.0
735170,0.0,0.0,0.0,0.0,0.0,1.0,0.0
735670,0.0,0.0,0.0,0.0,0.0,0.0,0.0
737838,0.0,0.0,0.0,0.0,0.0,1.0,0.0
738338,0.0,0.0,0.0,0.0,0.0,0.0,0.0
741753,0.0,0.0,0.0,0.0,0.0,1.0,0.0
742253,0.0,0.0,0.0,0.0,0.0,0.0,0.0
744814,0.0,0.0,0.0,0.0,0.0,1.0,0.0
745314,0.0,0.0,0.0,0.0,0.0,0.0,0.0
745856,0.0,0.0,0.0,0.0,0.0,1.0,0.0
746356,0.0,0.0,0.0,0.0,0.0,0.0,0.0
747165,0.0,0.0,0.0,0.0,0.0,1.0,0.0
747665,0.0,0.0,0.0,0.0,0.0,0.0,0.0
748028,0.0,0.0,0.0,0.0,0.0,1.0,0.0
748528,0.0,0.0,0.0,0.0,0.0,0.0,0.0
749570,0.0,0.0,0.0,0.0,0.0,1.0,0.0
750070,0.0,0.0,0.0,0.0,0.0,0.0,0.0
751451,0.0,0.0,0.0,0.0,0.0,1.0,0.0
751951,0.0,0.0,0.0,0.0,0.0,0.0,0.0
751997,0.0,0.0,0.0,0.0,0.0,1.0,0.0
752497,0.0,0.0,0.0,0.0,0.0,0.0,0.0
752750,0.0,0.0,0.0,0.0,0.0,1.0,0.0
753250,0.0,0.0,0.0,0.0,0.0,0.0,0.0
756013,0.0,0.0,0.0,0.0,0.0,1.0,0.0
756513,0.0,0.0,0.0,0.0,0.0,0.0,0.0
759507,0.0,0.0,0.0,0.0,0.0,1.0,0.0
760007,0.0,0.0,0.0,0.0,0.0,0.0,0.0
764482,0.0,0.0,0.0,0.0,0.0,1.0,0.0
764982,0.0,0.0,0.0,0.0,0.0,0.0,0.0
765181,0.0,0.0,0.0,0.0,0.0,1.0,0.0
765681,0.0,0.0,0.0,0.0,0.0,0.0,0.0
767179,0.0,0.0,0.0,0.0,0.0,1.0,0.0
767679,0.0,0.0,0.0,0.0,0.0,0.0,0.0
768118,0.0,0.0,0.0,0.0,0.0,1.0,0.0
768618,0.0,0.0,0.0,0.0,0.0,0.0,0.0
769221,0.0,0.0,0.0,0.0,0.0,1.0,0.0
769721,0.0,0.0,0.0,0.0,0.0,0.0,0.0
770959,0.0,0.0,0.0,0.0,0.0,1.0,0.0
771459,0.0,0.0,0.0,0.0,0.0,0.0,0.0
771696,0.0,0.0,0.0,0.0,0.0,1.0,0.0
772196,0.0,0.0,0.0,0.0,0.0,0.0,0.0
772788,0.0,0.0,0.0,0.0,0.0,1.0,0.0
773288,0.0,0.0,0.0,0.0,0.0,0.0,0.0
774144,0.0,0.0,0.0,0.0,0.0,1.0,0.0
774644,0.0,0.0,0.0,0.0,0.0,0.0,0.0
774686,0.0,0.0,0.0,0.0,0.0,1.0,0.0
775186,0.0,0.0,0.0,0.0,0.0,0.0,0.0
778395,0.0,0.0,0.0,0.0,0.0,1.0,0.0
778895,0.0,0.0,0.0,0.0,0.0,0.0,0.0
780579,0.0,0.0,0.0,0.0,0.0,1.0,0.0
781079,0.0,0.0,0.0,0.0,0.0,0.0,0.0
782104,0.0,0.0,0.0,0.0,0.0,1.0,0.0
782107,0.0,0.0,0.0,0.0,0.0,2.0,0.0
782607,0.0,0.0,0.0,0.0,0.0,0.0,0.0
783765,0.0,0.0,0.0,0.0,0.0,1.0,0.0
783779,0.0,0.0,0.0,0.0,0.0,2.0,0.0
784279,0.0,0.0,0.0,0.0,0.0,0.0,0.0
787595,0.0,0.0,0.0,0.0,0.0,1.0,0.0
788095,0.0,0.0,0.0,0.0,0.0,0.0,0.0
791264,0.0,0.0,0.0,0.0,0.0,1.0,0.0
791764,0.0,0.0,0.0,0.0,0.0,0.0,0.0
794453,0.0,0.0,0.0,0.0,0.0,1.0,0.0
794953,0.0,0.0,0.0,0.0,0.0,0.0,0.0
795150,0.0,0.0,0.0,0.0,0.0,1.0,0.0
795650,0.0,0.0,0.0,0.0,0.0,0.0,0.0
799379,0.0,0.0,0.0,0.0,0.0,1.0,0.0
799380,0.0,0.0,0.0,0.0,0.0,2.0,0.0
799880,0.0,0.0,0.0,0.0,0.0,0.0,0.0
800000,0.0,0.0,0.0,0.0,0.0,0.0,1.0
800014,0.0,0.0,0.0,0.0,0.0,1.0,1.0
800048,0.0,0.0,0.0,0.0,0.0,2.0,1.0
800095,2.0,0.0,0.0,0.0,0.0,2.0,1.0
800166,2.0,2.0,0.0,0.0,0.0,2.0,1.0
800500,2.0,2.0,0.0,0.0,0.0,2.0,0.0
800548,2.0,2.0,0.0,0.0,0.0,0.0,0.0
800595,0.0,2.0,0.0,0.0,0.0,0.0,0.0
800666,0.0,0.0,0.0,0.0,0.0,0.0,0.0
800721,0.0,0.0,0.0,0.0,0.0,1.0,0.0
800899,0.0,0.0,0.0,0.0,1.0,1.0,0.0
801124,0.0,0.0,0.0,0.0,1.0,2.0,0.0
801139,0.0,0.0,0.0,0.0,2.0,2.0,0.0
801472,0.0,0.0,1.0,0.0,2.0,2.0,0.0
801624,0.0,0.0,1.0,0.0,2.0,0.0,0.0
801639,0.0,0.0,1.0,0.0,0.0,0.0,0.0
802320,0.0,0.0,1.0,0.0,0.0,1.0,0.0
802392,0.0,0.0,1.0,0.0,0.0,2.0,0.0
802471,0.0,2.0,1.0,0.0,0.0,2.0,0.0
802662,0.0,2.0,2.0,0.0,0.0,2.0,0.0
802892,0.0,2.0,2.0,0.0,0.0,0.0,0.0
802971,0.0,0.0,2.0,0.0,0.0,0.0,0.0
803162,0.0,0.0,0.0,0.0,0.0,0.0,0.0
804781,0.0,0.0,0.0,0.0,0.0,1.0,0.0
805281,0.0,0.0,0.0,0.0,0.0,0.0,0.0
805342,0.0,0.0,1.0,0.0,0.0,0.0,0.0
806842,0.0,0.0,0.0,0.0,0.0,0.0,0.0
807463,0.0,0.0,0.0,0.0,0.0,1.0,0.0
807963,0.0,0.0,0.0,0.0,0.0,0.0,0.0
808568,0.0,0.0,0.0,0.0,0.0,1.0,0.0
809068,0.0,0.0,0.0,0.0,0.0,0.0,0.0
809085,0.0,0.0,0.0,0.0,0.0,1.0,0.0
809585,0.0,0.0,0.0,0.0,0.0,0.0,0.0
809784,0.0,0.0,0.0,0.0,0.0,1.0,0.0
810284,0.0,0.0,0.0,0.0,0.0,0.0,0.0
810314,0.0,0.0,0.0,0.0,0.0,1.0,0.0
810745,0.0,0.0,0.0,0.0,0.0,2.0,0.0
810829,0.0,0.0,0.0,0.0,1.0,2.0,0.0
810907,0.0,0.0,0.0,0.0,2.0,2.0,0.0
811245,0.0,0.0,0.0,0.0,2.0,0.0,0.0
811299,0.0,0.0,0.0,0.0,2.0,1.0,0.0
811407,0.0,0.0,0.0,0.0,0.0,1.0,0.0
811799,0.0,0.0,0.0,0.0,0.0,0.0,0.0
812198,0.0,0.0,0.0,0.0,0.0,1.0,0.0
812698,0.0,0.0,0.0,0.0,0.0,0.0,0.0
812741,0.0,0.0,0.0,0.0,0.0,1.0,0.0
812815,0.0,0.0,0.0,0.0,0.0,2.0,0.0
813315,0.0,0.0,0.0,0.0,0.0,0.0,0.0
813414,0.0,0.0,0.0,0.0,0.0,1.0,0.0
813914,0.0,0.0,0.0,0.0,0.0,0.0,0.0
814278,0.0,0.0,0.0,0.0,0.0,1.0,0.0
814282,0.0,0.0,0.0,0.0,0.0,2.0,0.0
814364,0.0,0.0,1.0,0.0,0.0,2.0,0.0
814365,0.0,2.0,1.0,0.0,0.0,2.0,0.0
814782,0.0,2.0,1.0,0.0,0.0,0.0,0.0
814864,0.0,2.0,0.0,0.0,0.0,0.0,0.0
814865,0.0,0.0,0.0,0.0,0.0,0.0,0.0
815714,0.0,0.0,0.0,0.0,0.0,1.0,0.0
815720,0.0,0.0,0.0,0.0,0.0,2.0,0.0
815723,0.0,0.0,1.0,0.0,0.0,2.0,0.0
816220,0.0,0.0,1.0,0.0,0.0,0.0,0.0
816223,0.0,0.0,0.0,0.0,0.0,0.0,0.0
816276,0.0,0.0,1.0,0.0,0.0,0.0,0.0
816496,0.0,0.0,1.0,0.0,0.0,1.0,0.0
816776,0.0,0.0,0.0,0.0,0.0,1.0,0.0
816996,0.0,0.0,0.0,0.0,0.0,0.0,0.0
817152,0.0,0.0,0.0,0.0,0.0,1.0,0.0
817176,0.0,0.0,1.0,0.0,0.0,1.0,0.0
817570,0.0,0.0,1.0,0.0,0.0,2.0,0.0
817676,0.0,0.0,0.0,0.0,0.0,2.0,0.0
818070,0.0,0.0,0.0,0.0,0.0,0.0,0.0
818205,0.0,0.0,0.0,0.0,0.0,1.0,0.0
818528,0.0,0.0,1.0,0.0,0.0,1.0,0.0
818705,0.0,0.0,1.0,0.0,0.0,0.0,0.0
818894,0.0,0.0,1.0,0.0,0.0,1.0,0.0
819394,0.0,0.0,1.0,0.0,0.0,0.0,0.0
819528,0.0,0.0,0.0,0.0,0.0,0.0,0.0
820346,0.0,0.0,0.0,0.0,0.0,1.0,0.0
820846,0.0,0.0,0.0,0.0,0.0,0.0,0.0
820898,0.0,0.0,0.0,0.0,0.0,1.0,0.0
820901,0.0,0.0,0.0,0.0,0.0,2.0,0.0
821401,0.0,0.0,0.0,0.0,0.0,0.0,0.0
821536,0.0,0.0,0.0,0.0,0.0,1.0,0.0
821611,0.0,0.0,1.0,0.0,0.0,1.0,0.0
822036,0.0,0.0,1.0,0.0,0.0,0.0,0.0
822171,0.0,0.0,1.0,0.0,0.0,1.0,0.0
822174,0.0,0.0,1.0,0.0,0.0,2.0,0.0
822674,0.0,0.0,1.0,0.0,0.0,0.0,0.0
822944,0.0,0.0,1.0,0.0,0.0,1.0,0.0
823111,0.0,0.0,0.0,0.0,0.0,1.0,0.0
823444,0.0,0.0,0.0,0.0,0.0,0.0,0.0
824143,0.0,0.0,0.0,0.0,0.0,1.0,0.0
824643,0.0,0.0,0.0,0.0,0.0,0.0,0.0
824885,0.0,0.0,0.0,0.0,0.0,1.0,0.0
825385,0.0,0.0,0.0,0.0,0.0,0.0,0.0
825718,0.0,0.0,0.0,0.0,0.0,1.0,0.0
825741,0.0,0.0,0.0,0.0,0.0,2.0,0.0
826241,0.0,0.0,0.0,0.0,0.0,0.0,0.0
826966,0.0,2.0,0.0,0.0,0.0,0.0,0.0
827466,0.0,0.0,0.0,0.0,0.0,0.0,0.0
827727,0.0,0.0,0.0,0.0,0.0,1.0,0.0
828227,0.0,0.0,0.0,0.0,0.0,0.0,0.0
828602,0.0,0.0,0.0,0.0,0.0,1.0,0.0
829102,0.0,0.0,0.0,0.0,0.0,0.0,0.0
829109,0.0,0.0,0.0,0.0,0.0,1.0,0.0
829609,0.0,0.0,0.0,0.0,0.0,0.0,0.0
830003,0.0,0.0,0.0,0.0,0.0,1.0,0.0
830006,0.0,0.0,0.0,0.0,0.0,2.0,0.0
830506,0.0,0.0,0.0,0.0,0.0,0.0,0.0
831636,0.0,0.0,0.0,0.0,0.0,1.0,0.0
831648,0.0,0.0,0.0,0.0,0.0,2.0,0.0
832148,0.0,0.0,0.0,0.0,0.0,0.0,0.0
832957,0.0,0.0,0.0,0.0,0.0,1.0,0.0
833457,0.0,0.0,0.0,0.0,0.0,0.0,0.0
834600,0.0,0.0,0.0,0.0,0.0,1.0,0.0
835100,0.0,0.0,0.0,0.0,0.0,0.0,0.0
835800,0.0,0.0,0.0,0.0,0.0,1.0,0.0
836300,0.0,0.0,0.0,0.0,0.0,0.0,0.0
836835,0.0,0.0,0.0,0.0,0.0,1.0,0.0
837106,0.0,0.0,0.0,0.0,0.0,2.0,0.0
837606,0.0,0.0,0.0,0.0,0.0,0.0,0.0
838221,0.0,0.0,0.0,0.0,0.0,1.0,0.0
838229,0.0,0.0,0.0,0.0,0.0,2.0,0.0
838729,0.0,0.0,0.0,0.0,0.0,0.0,0.0
839408,0.0,0.0,0.0,0.0,0.0,1.0,0.0
839908,0.0,0.0,0.0,0.0,0.0,0.0,0.0
840472,0.0,0.0,0.0,0.0,0.0,1.0,0.0
840972,0.0,0.0,0.0,0.0,0.0,0.0,0.0
841491,0.0,0.0,0.0,0.0,0.0,1.0,0.0
841505,0.0,0.0,0.0,0.0,0.0,2.0,0.0
842005,0.0,0.0,0.0,0.0,0.0,0.0,0.0
842057,0.0,0.0,0.0,0.0,0.0,1.0,0.0
842557,0.0,0.0,0.0,0.0,0.0,0.0,0.0
842827,0.0,0.0,0.0,0.0,0.0,1.0,0.0
843327,0.0,0.0,0.0,0.0,0.0,0.0,0.0
843563,0.0,0.0,0.0,0.0,0.0,1.0,0.0
844063,0.0,0.0,0.0,0.0,0.0,0.0,0.0
844190,0.0,0.0,0.0,0.0,0.0,1.0,0.0
844202,0.0,0.0,0.0,0.0,0.0,2.0,0.0
844702,0.0,0.0,0.0,0.0,0.0,0.0,0.0
844972,0.0,0.0,0.0,0.0,0.0,1.0,0.0
845404,0.0,0.0,0.0,0.0,0.0,2.0,0.0
845904,0.0,0.0,0.0,0.0,0.0,0.0,0.0
845941,0.0,0.0,1.0,0.0,0.0,0.0,0.0
846941,0.0,0.0,0.0,0.0,0.0,0.0,0.0
847719,0.0,0.0,0.0,0.0,0.0,1.0,0.0
848219,0.0,0.0,0.0,0.0,0.0,0.0,0.0
848531,0.0,0.0,0.0,0.0,0.0,1.0,0.0
849031,0.0,0.0,0.0,0.0,0.0,0.0,0.0
849100,0.0,0.0,0.0,0.0,0.0,1.0,0.0
849600,0.0,0.0,0.0,0.0,0.0,0.0,0.0
849732,0.0,0.0,0.0,0.0,0.0,1.0,0.0
849735,0.0,0.0,0.0,0.0,0.0,2.0,0.0
850235,0.0,0.0,0.0,0.0,0.0,0.0,0.0
850328,0.0,0.0,0.0,0.0,0.0,1.0,0.0
850331,0.0,0.0,0.0,0.0,0.0,2.0,0.0
850831,0.0,0.0,0.0,0.0,0.0,0.0,0.0
850958,0.0,0.0,0.0,0.0,0.0,1.0,0.0
851395,0.0,0.0,0.0,0.0,0.0,2.0,0.0
851895,0.0,0.0,0.0,0.0,0.0,0.0,0.0
852836,0.0,0.0,0.0,0.0,0.0,1.0,0.0
853336,0.0,0.0,0.0,0.0,0.0,0.0,0.0
853370,0.0,0.0,0.0,0.0,0.0,1.0,0.0
853870,0.0,0.0,0.0,0.0,0.0,0.0,0.0
853963,0.0,0.0,0.0,0.0,0.0,1.0,0.0
854062,0.0,0.0,0.0,0.0,0.0,2.0,0.0
854562,0.0,0.0,0.0,0.0,0.0,0.0,0.0
854614,0.0,0.0,0.0,0.0,0.0,1.0,0.0
855114,0.0,0.0,0.0,0.0,0.0,0.0,0.0
855131,0.0,0.0,0.0,0.0,0.0,1.0,0.0
855354,0.0,0.0,0.0,0.0,0.0,2.0,0.0
855579,0.0,0.0,0.0,0.0,1.0,2.0,0.0
855627,0.0,0.0,0.0,0.0,2.0,2.0,0.0
855854,0.0,0.0,0.0,0.0,2.0,0.0,0.0
856006,0.0,0.0,0.0,0.0,2.0,1.0,0.0
856127,0.0,0.0,0.0,0.0,0.0,1.0,0.0
856506,0.0,0.0,0.0,0.0,0.0,0.0,0.0
856705,0.0,0.0,0.0,0.0,0.0,1.0,0.0
857205,0.0,0.0,0.0,0.0,0.0,0.0,0.0
857243,0.0,0.0,0.0,0.0,0.0,1.0,0.0
857743,0.0,0.0,0.0,0.0,0.0,0.0,0.0
858189,0.0,0.0,0.0,0.0,0.0,1.0,0.0
858689,0.0,0.0,0.0,0.0,0.0,0.0,0.0
858742,0.0,0.0,0.0,0.0,0.0,1.0,0.0
859014,0.0,0.0,0.0,0.0,0.0,2.0,0.0
859514,0.0,0.0,0.0,0.0,0.0,0.0,0.0
859586,0.0,0.0,0.0,0.0,0.0,1.0,0.0
859720,0.0,0.0,0.0,0.0,0.0,2.0,0.0
860220,0.0,0.0,0.0,0.0,0.0,0.0,0.0
860416,0.0,0.0,0.0,0.0,0.0,1.0,0.0
860916,0.0,0.0,0.0,0.0,0.0,0.0,0.0
862201,0.0,0.0,0.0,0.0,0.0,1.0,0.0
862204,0.0,0.0,0.0,0.0,0.0,2.0,0.0
862704,0.0,0.0,0.0,0.0,0.0,0.0,0.0
862914,0.0,0.0,0.0,0.0,0.0,1.0,0.0
863414,0.0,0.0,0.0,0.0,0.0,0.0,0.0
863878,0.0,0.0,0.0,0.0,0.0,1.0,0.0
863959,0.0,0.0,0.0,0.0,0.0,2.0,0.0
864459,0.0,0.0,0.0,0.0,0.0,0.0,0.0
865506,0.0,0.0,0.0,0.0,0.0,1.0,0.0
865893,0.0,0.0,0.0,0.0,0.0,2.0,0.0
866393,0.0,0.0,0.0,0.0,0.0,0.0,0.0
866488,0.0,0.0,0.0,0.0,0.0,1.0,0.0
866563,0.0,0.0,0.0,0.0,0.0,2.0,0.0
867063,0.0,0.0,0.0,0.0,0.0,0.0,0.0
867414,0.0,0.0,0.0,0.0,0.0,1.0,0.0
867914,0.0,0.0,0.0,0.0,0.0,0.0,0.0
868011,0.0,0.0,0.0,0.0,0.0,1.0,0.0
868511,0.0,0.0,0.0,0.0,0.0,0.0,0.0
869314,0.0,0.0,0.0,0.0,0.0,1.0,0.0
869814,0.0,0.0,0.0,0.0,0.0,0.0,0.0
869887,0.0,0.0,0.0,0.0,0.0,1.0,0.0
870387,0.0,0.0,0.0,0.0,0.0,0.0,0.0
870755,0.0,0.0,0.0,0.0,0.0,1.0,0.0
871255,0.0,0.0,0.0,0.0,0.0,0.0,0.0
871770,0.0,0.0,0.0,0.0,0.0,1.0,0.0
872201,0.0,0.0,0.0,0.0,0.0,2.0,0.0
872701,0.0,0.0,0.0,0.0,0.0,0.0,0.0
872770,0.0,0.0,0.0,0.0,0.0,1.0,0.0
872827,0.0,0.0,0.0,0.0,0.0,2.0,0.0
873327,0.0,0.0,0.0,0.0,0.0,0.0,0.0
874058,0.0,0.0,0.0,0.0,0.0,1.0,0.0
874558,0.0,0.0,0.0,0.0,0.0,0.0,0.0
874849,0.0,0.0,0.0,0.0,0.0,1.0,0.0
874877,0.0,0.0,0.0,0.0,0.0,2.0,0.0
875377,0.0,0.0,0.0,0.0,0.0,0.0,0.0
875792,0.0,0.0,0.0,0.0,0.0,1.0,0.0
875796,0.0,0.0,0.0,0.0,0.0,2.0,0.0
876296,0.0,0.0,0.0,0.0,0.0,0.0,0.0
876583,0.0,0.0,0.0,0.0,0.0,1.0,0.0
876587,0.0,0.0,0.0,0.0,0.0,2.0,0.0
877087,0.0,0.0,0.0,0.0,0.0,0.0,0.0
877301,0.0,0.0,0.0,0.0,0.0,1.0,0.0
877801,0.0,0.0,0.0,0.0,0.0,0.0,0.0
877919,0.0,0.0,0.0,0.0,0.0,1.0,0.0
878419,0.0,0.0,0.0,0.0,0.0,0.0,0.0
878533,0.0,0.0,0.0,0.0,0.0,1.0,0.0
878542,0.0,0.0,0.0,0.0,0.0,2.0,0.0
879042,0.0,0.0,0.0,0.0,0.0,0.0,0.0
879236,0.0,2.0,0.0,0.0,0.0,0.0,0.0
879520,0.0,2.0,0.0,0.0,0.0,1.0,0.0
879736,0.0,0.0,0.0,0.0,0.0,1.0,0.0
880020,0.0,0.0,0.0,0.0,0.0,0.0,0.0
880885,0.0,0.0,0.0,0.0,0.0,1.0,0.0
881385,0.0,0.0,0.0,0.0,0.0,0.0,0.0
881696,0.0,0.0,0.0,0.0,0.0,1.0,0.0
881731,0.0,0.0,0.0,0.0,0.0,2.0,0.0
882231,0.0,0.0,0.0,0.0,0.0,0.0,0.0
882944,0.0,0.0,0.0,0.0,0.0,1.0,0.0
883444,0.0,0.0,0.0,0.0,0.0,0.0,0.0
883751,0.0,0.0,0.0,0.0,0.0,1.0,0.0
883764,0.0,0.0,0.0,0.0,0.0,2.0,0.0
884264,0.0,0.0,0.0,0.0,0.0,0.0,0.0
884455,0.0,0.0,0.0,0.0,0.0,1.0,0.0
884955,0.0,0.0,0.0,0.0,0.0,0.0,0.0
885039,0.0,0.0,0.0,0.0,0.0,1.0,0.0
885539,0.0,0.0,0.0,0.0,0.0,0.0,0.0
886270,0.0,0.0,0.0,0.0,0.0,1.0,0.0
886304,0.0,0.0,0.0,0.0,0.0,2.0,0.0
886804,0.0,0.0,0.0,0.0,0.0,0.0,0.0
886953,0.0,0.0,0.0,0.0,0.0,1.0,0.0
887272,0.0,0.0,0.0,0.0,0.0,2.0,0.0
887772,0.0,0.0,0.0,0.0,0.0,0.0,0.0
888345,0.0,0.0,0.0,0.0,0.0,1.0,0.0
888845,0.0,0.0,0.0,0.0,0.0,0.0,0.0
890871,0.0,0.0,0.0,0.0,0.0,1.0,0.0
891371,0.0,0.0,0.0,0.0,0.0,0.0,0.0
891824,0.0,0.0,0.0,0.0,0.0,1.0,0.0
892324,0.0,0.0,0.0,0.0,0.0,0.0,0.0
892460,0.0,0.0,0.0,0.0,0.0,1.0,0.0
892960,0.0,0.0,0.0,0.0,0.0,0.0,0.0
893708,0.0,0.0,0.0,0.0,0.0,1.0,0.0
893744,0.0,0.0,0.0,0.0,0.0,2.0,0.0
894244,0.0,0.0,0.0,0.0,0.0,0.0,0.0
894815,0.0,0.0,0.0,0.0,0.0,1.0,0.0
895315,0.0,0.0,0.0,0.0,0.0,0.0,0.0
895943,0.0,0.0,0.0,0.0,0.0,1.0,0.0
896231,0.0,2.0,0.0,0.0,0.0,1.0,0.0
896443,0.0,2.0,0.0,0.0,0.0,0.0,0.0
896731,0.0,0.0,0.0,0.0,0.0,0.0,0.0
899145,0.0,0.0,0.0,0.0,0.0,1.0,0.0
899645,0.0,0.0,0.0,0.0,0.0,0.0,0.0
899752,0.0,0.0,0.0,0.0,0.0,1.0,0.0
900252,0.0,0.0,0.0,0.0,0.0,0.0,0.0
903562,0.0,0.0,0.0,0.0,0.0,1.0,0.0
904062,0.0,0.0,0.0,0.0,0.0,0.0,0.0
905825,0.0,0.0,0.0,0.0,0.0,1.0,0.0
906325,0.0,0.0,0.0,0.0,0.0,0.0,0.0
908699,0.0,0.0,0.0,0.0,0.0,1.0,0.0
908702,0.0,0.0,0.0,0.0,0.0,2.0,0.0
909202,0.0,0.0,0.0,0.0,0.0,0.0,0.0
915367,0.0,0.0,0.0,0.0,0.0,1.0,0.0
915867,0.0,0.0,0.0,0.0,0.0,0.0,0.0
918291,0.0,0.0,0.0,0.0,0.0,1.0,0.0
918791,0.0,0.0,0.0,0.0,0.0,0.0,0.0
918835,0.0,0.0,0.0,0.0,0.0,1.0,0.0
919335,0.0,0.0,0.0,0.0,0.0,0.0,0.0
920133,0.0,0.0,0.0,0.0,0.0,1.0,0.0
920633,0.0,0.0,0.0,0.0,0.0,0.0,0.0
921058,0.0,0.0,0.0,0.0,0.0,1.0,0.0
921063,0.0,0.0,0.0,0.0,0.0,2.0,0.0
921563,0.0,0.0,0.0,0.0,0.0,0.0,0.0
921932,0.0,0.0,0.0,0.0,0.0,1.0,0.0
921935,0.0,0.0,0.0,0.0,0.0,2.0,0.0
922435,0.0,0.0,0.0,0.0,0.0,0.0,0.0
923975,0.0,0.0,0.0,0.0,0.0,1.0,0.0
924475,0.0,0.0,0.0,0.0,0.0,0.0,0.0
925897,0.0,0.0,0.0,0.0,0.0,1.0,0.0
925900,0.0,0.0,0.0,0.0,0.0,2.0,0.0
926400,0.0,0.0,0.0,0.0,0.0,0.0,0.0
928765,0.0,0.0,0.0,0.0,0.0,1.0,0.0
929265,0.0,0.0,0.0,0.0,0.0,0.0,0.0
930119,0.0,0.0,0.0,0.0,0.0,1.0,0.0
930619,0.0,0.0,0.0,0.0,0.0,0.0,0.0
939386,0.0,0.0,0.0,0.0,0.0,1.0,0.0
939886,0.0,0.0,0.0,0.0,0.0,0.0,0.0
940566,0.0,0.0,0.0,0.0,0.0,1.0,0.0
941066,0.0,0.0,0.0,0.0,0.0,0.0,0.0
943668,0.0,0.0,0.0,0.0,0.0,1.0,0.0
944168,0.0,0.0,0.0,0.0,0.0,0.0,0.0
949855,0.0,0.0,0.0,0.0,0.0,1.0,0.0
950355,0.0,0.0,0.0,0.0,0.0,0.0,0.0
952354,0.0,0.0,0.0,0.0,0.0,1.0,0.0
952854,0.0,0.0,0.0,0.0,0.0,0.0,0.0
954718,0.0,0.0,0.0,0.0,0.0,1.0,0.0
955218,0.0,0.0,0.0,0.0,0.0,0.0,0.0
955308,0.0,0.0,0.0,0.0,0.0,1.0,0.0
955808,0.0,0.0,0.0,0.0,0.0,0.0,0.0
957649,0.0,0.0,0.0,0.0,1.0,0.0,0.0
958149,0.0,0.0,0.0,0.0,0.0,0.0,0.0
961865,0.0,0.0,0.0,0.0,0.0,1.0,0.0
962365,0.0,0.0,0.0,0.0,0.0,0.0,0.0
963305,0.0,0.0,0.0,0.0,0.0,1.0,0.0
963805,0.0,0.0,0.0,0.0,0.0,0.0,0.0
974184,0.0,0.0,0.0,0.0,0.0,1.0,0.0
974684,0.0,0.0,0.0,0.0,0.0,0.0,0.0
978365,0.0,0.0,0.0,0.0,0.0,1.0,0.0
978416,0.0,0.0,0.0,0.0,0.0,2.0,0.0
978916,0.0,0.0,0.0,0.0,0.0,0.0,0.0
980035,0.0,0.0,0.0,0.0,0.0,1.0,0.0
980535,0.0,0.0,0.0,0.0,0.0,0.0,0.0
983464,0.0,0.0,0.0,0.0,0.0,1.0,0.0
983466,0.0,0.0,0.0,0.0,0.0,2.0,0.0
983470,0.0,0.0,0.0,0.0,1.0,2.0,0.0
983966,0.0,0.0,0.0,0.0,1.0,0.0,0.0
983970,0.0,0.0,0.0,0.0,0.0,0.0,0.0
984457,0.0,0.0,0.0,0.0,0.0,1.0,0.0
984464,0.0,0.0,0.0,0.0,0.0,2.0,0.0
984964,0.0,0.0,0.0,0.0,0.0,0.0,0.0
987024,0.0,0.0,0.0,0.0,0.0,1.0,0.0
987524,0.0,0.0,0.0,0.0,0.0,0.0,0.0
988171,0.0,0.0,0.0,0.0,0.0,1.0,0.0
988671,0.0,0.0,0.0,0.0,0.0,0.0,0.0
989221,0.0,0.0,0.0,0.0,0.0,1.0,0.0
989721,0.0,0.0,0.0,0.0,0.0,0.0,0.0
990943,0.0,0.0,0.0,0.0,0.0,1.0,0.0
991443,0.0,0.0,0.0,0.0,0.0,0.0,0.0
993474,0.0,0.0,0.0,0.0,0.0,1.0,0.0
993974,0.0,0.0,0.0,0.0,0.0,0.0,0.0
996248,0.0,0.0,0.0,0.0,0.0,1.0,0.0
996748,0.0,0.0,0.0,0.0,0.0,0.0,0.0
996841,0.0,0.0,0.0,0.0,0.0,1.0,0.0
997341,0.0,0.0,0.0,0.0,0.0,0.0,0.0
1000000,0.0,0.0,0.0,0.0,0.0,0.0,1.0
1000009,0.0,0.0,0.0,0.0,0.0,1.0,1.0
1000040,0.0,0.0,0.0,0.0,0.0,2.0,1.0
1000063,2.0,0.0,0.0,0.0,0.0,2.0,1.0
1000106,2.0,2.0,0.0,0.0,0.0,2.0,1.0
1000224,2.0,2.0,0.0,0.0,1.0,2.0,1.0
1000281,2.0,2.0,0.0,0.0,2.0,2.0,1.0
1000500,2.0,2.0,0.0,0.0,2.0,2.0,0.0
1000540,2.0,2.0,0.0,0.0,2.0,0.0,0.0
1000563,0.0,2.0,0.0,0.0,2.0,0.0,0.0
1000606,0.0,0.0,0.0,0.0,2.0,0.0,0.0
1000781,0.0,0.0,0.0,0.0,0.0,0.0,0.0
1001301,0.0,0.0,1.0,0.0,0.0,0.0,0.0
1001485,0.0,0.0,1.0,0.0,0.0,1.0,0.0
1001518,0.0,0.0,1.0,0.0,0.0,2.0,0.0
1002018,0.0,0.0,1.0,0.0,0.0,0.0,0.0
1002438,0.0,0.0,1.0,0.0,0.0,1.0,0.0
1002456,0.0,0.0,1.0,0.0,0.0,2.0,0.0
1002857,0.0,0.0,2.0,0.0,0.0,2.0,0.0
1002956,0.0,0.0,2.0,0.0,0.0,0.0,0.0
1002963,0.0,0.0,2.0,0.0,0.0,1.0,0.0
1003152,0.0,0.0,2.0,0.0,0.0,2.0,0.0
1003357,0.0,0.0,0.0,0.0,0.0,2.0,0.0
1003652,0.0,0.0,0.0,0.0,0.0,0.0,0.0
1004642,0.0,0.0,0.0,0.0,0.0,1.0,0.0
1004645,0.0,0.0,0.0,0.0,0.0,2.0,0.0
1004884,0.0,0.0,0.0,0.0,1.0,2.0,0.0
1005145,0.0,0.0,0.0,0.0,1.0,0.0,0.0
1005384,0.0,0.0,0.0,0.0,0.0,0.0,0.0
1005433,0.0,0.0,0.0,0.0,0.0,1.0,0.0
1005933,0.0,0.0,0.0,0.0,0.0,0.0,0.0
1007180,0.0,0.0,0.0,0.0,0.0,1.0,0.0
1007334,0.0,0.0,0.0,0.0,0.0,2.0,0.0
1007834,0.0,0.0,0.0,0.0,0.0,0.0,0.0
1008715,0.0,0.0,0.0,0.0,0.0,1.0,0.0
1008863,0.0,0.0,0.0,0.0,0.0,2.0,0.0
1009363,0.0,0.0,0.0,0.0,0.0,0.0,0.0
1009898,0.0,0.0,0.0,0.0,0.0,1.0,0.0
1009919,0.0,0.0,0.0,0.0,0.0,2.0,0.0
1010419,0.0,0.0,0.0,0.0,0.0,0.0,0.0
1011151,0.0,0.0,0.0,0.0,0.0,1.0,0.0
1011651,0.0,0.0,0.0,0.0,0.0,0.0,0.0
1012028,0.0,0.0,0.0,0.0,0.0,1.0,0.0
1012528,0.0,0.0,0.0,0.0,0.0,0.0,0.0
1012611,0.0,0.0,0.0,0.0,0.0,1.0,0.0
1012704,0.0,0.0,0.0,0.0,0.0,2.0,0.0
1012705,0.0,0.0,0.0,0.0,1.0,2.0,0.0
1012751,0.0,2.0,0.0,0.0,1.0,2.0,0.0
1012753,0.0,2.0,0.0,0.0,2.0,2.0,0.0
1013204,0.0,2.0,0.0,0.0,2.0,0.0,0.0
1013251,0.0,0.0,0.0,0.0,2.0,0.0,0.0
1013253,0.0,0.0,0.0,0.0,0.0,0.0,0.0
1013358,0.0,0.0,0.0,0.0,0.0,1.0,0.0
1013819,0.0,0.0,0.0,0.0,0.0,2.0,0.0
1014319,0.0,0.0,0.0,0.0,0.0,0.0,0.0
1014580,0.0,0.0,0.0,0.0,0.0,1.0,0.0
1015080,0.0,0.0,0.0,0.0,0.0,0.0,0.0
1015360,0.0,0.0,0.0,0.0,0.0,1.0,0.0
1015860,0.0,0.0,0.0,0.0,0.0,0.0,0.0
1016010,0.0,0.0,0.0,0.0,0.0,1.0,0.0
1016394,0.0,0.0,0.0,0.0,0.0,2.0,0.0
1016894,0.0,0.0,0.0,0.0,0.0,0.0,0.0
1016906,0.0,0.0,0.0,0.0,0.0,1.0,0.0
1017046,0.0,0.0,0.0,0.0,0.0,2.0,0.0
1017546,0.0,0.0,0.0,0.0,0.0,0.0,0.0
1017992,0.0,0.0,0.0,0.0,0.0,1.0,0.0
1017994,0.0,2.0,0.0,0.0,0.0,1.0,0.0
1018492,0.0,2.0,0.0,0.0,0.0,0.0,0.0
1018494,0.0,0.0,0.0,0.0,0.0,0.0,0.0
1019223,0.0,0.0,0.0,0.0,0.0,1.0,0.0
1019723,0.0,0.0,0.0,0.0,0.0,0.0,0.0
1020397,0.0,0.0,0.0,0.0,0.0,1.0,0.0
1020672,0.0,0.0,0.0,0.0,0.0,2.0,0.0
1021172,0.0,0.0,0.0,0.0,0.0,0.0,0.0
1021192,0.0,0.0,0.0,0.0,0.0,1.0,0.0
1021692,0.0,0.0,0.0,0.0,0.0,0.0,0.0
1021813,0.0,0.0,0.0,0.0,0.0,1.0,0.0
1022813,0.0,0.0,0.0,0.0,0.0,0.0,0.0
1023255,0.0,0.0,0.0,0.0,0.0,1.0,0.0
1023259,0.0,0.0,0.0,0.0,0.0,2.0,0.0
1023759,0.0,0.0,0.0,0.0,0.0,0.0,0.0
1023765,0.0,0.0,0.0,0.0,0.0,1.0,0.0
1024265,0.0,0.0,0.0,0.0,0.0,0.0,0.0
1024580,0.0,0.0,0.0,0.0,0.0,1.0,0.0
1024753,0.0,0.0,0.0,0.0,1.0,1.0,0.0
1025080,0.0,0.0,0.0,0.0,1.0,0.0,0.0
1025253,0.0,0.0,0.0,0.0,0.0,0.0,0.0
1025584,0.0,0.0,0.0,0.0,0.0,1.0,0.0
1026084,0.0,0.0,0.0,0.0,0.0,0.0,0.0
1027080,0.0,0.0,0.0,0.0,0.0,1.0,0.0
1027091,0.0,0.0,0.0,0.0,0.0,2.0,0.0
1027103,0.0,0.0,0.0,0.0,1.0,2.0,0.0
1027591,0.0,0.0,0.0,0.0,1.0,0.0,0.0
1027603,0.0,0.0,0.0,0.0,0.0,0.0,0.0
1028699,0.0,2.0,0.0,0.0,0.0,0.0,0.0
1028822,0.0,2.0,0.0,0.0,0.0,1.0,0.0
1028837,0.0,2.0,0.0,0.0,0.0,2.0,0.0
1029199,0.0,0.0,0.0,0.0,0.0,2.0,0.0
1029337,0.0,0.0,0.0,0.0,0.0,0.0,0.0
1030810,0.0,0.0,0.0,0.0,0.0,1.0,0.0
1031310,0.0,0.0,0.0,0.0,0.0,0.0,0.0
1031673,0.0,0.0,0.0,0.0,0.0,1.0,0.0
1031924,0.0,0.0,0.0,0.0,0.0,2.0,0.0
1032424,0.0,0.0,0.0,0.0,0.0,0.0,0.0
1032654,0.0,0.0,0.0,0.0,0.0,1.0,0.0
1033116,0.0,0.0,0.0,0.0,0.0,2.0,0.0
1033616,0.0,0.0,0.0,0.0,0.0,0.0,0.0
1033653,0.0,0.0,0.0,0.0,0.0,1.0,0.0
1033656,0.0,0.0,0.0,0.0,0.0,2.0,0.0
1034156,0.0,0.0,0.0,0.0,0.0,0.0,0.0
1034267,0.0,0.0,0.0,0.0,0.0,1.0,0.0
1034767,0.0,0.0,0.0,0.0,0.0,0.0,0.0
1035113,0.0,0.0,0.0,0.0,0.0,1.0,0.0
1035613,0.0,0.0,0.0,0.0,0.0,0.0,0.0
1035833,0.0,0.0,0.0,0.0,0.0,1.0,0.0
1036333,0.0,0.0,0.0,0.0,0.0,0.0,0.0
1036655,0.0,0.0,0.0,0.0,0.0,1.0,0.0
1037155,0.0,0.0,0.0,0.0,0.0,0.0,0.0
1037932,0.0,0.0,0.0,0.0,0.0,1.0,0.0
1038432,0.0,0.0,0.0,0.0,0.0,0.0,0.0
1038473,0.0,0.0,0.0,0.0,0.0,1.0,0.0
1038973,0.0,0.0,0.0,0.0,0.0,0.0,0.0
1039151,0.0,0.0,0.0,0.0,0.0,1.0,0.0
1039651,0.0,0.0,0.0,0.0,0.0,0.0,0.0
1039917,0.0,0.0,0.0,0.0,0.0,1.0,0.0
1039992,0.0,0.0,0.0,0.0,0.0,2.0,0.0
1040492,0.0,0.0,0.0,0.0,0.0,0.0,0.0
1040730,0.0,0.0,0.0,0.0,0.0,1.0,0.0
1040797,0.0,0.0,0.0,0.0,0.0,2.0,0.0
1041297,0.0,0.0,0.0,0.0,0.0,0.0,0.0
1041421,0.0,0.0,0.0,0.0,0.0,1.0,0.0
1041921,0.0,0.0,0.0,0.0,0.0,0.0,0.0
1042075,0.0,0.0,0.0,0.0,0.0,1.0,0.0
1042575,0.0,0.0,0.0,0.0,0.0,0.0,0.0
1042672,0.0,0.0,0.0,0.0,0.0,1.0,0.0
1043172,0.0,0.0,0.0,0.0,0.0,0.0,0.0
1044114,0.0,0.0,0.0,0.0,0.0,1.0,0.0
1044614,0.0,0.0,0.0,0.0,0.0,0.0,0.0
1044677,0.0,0.0,0.0,0.0,1.0,0.0,0.0
1045177,0.0,0.0,0.0,0.0,0.0,0.0,0.0
1045202,0.0,0.0,0.0,0.0,0.0,1.0,0.0
1045221,0.0,2.0,0.0,0.0,0.0,1.0,0.0
1045702,0.0,2.0,0.0,0.0,0.0,0.0,0.0
1045721,0.0,0.0,0.0,0.0,0.0,0.0,0.0
1045727,0.0,0.0,0.0,0.0,0.0,1.0,0.0
1046227,0.0,0.0,0.0,0.0,0.0,0.0,0.0
1046259,0.0,0.0,0.0,0.0,0.0,1.0,0.0
1046307,0.0,0.0,0.0,0.0,0.0,2.0,0.0
1046807,0.0,0.0,0.0,0.0,0.0,0.0,0.0
1047253,0.0,0.0,0.0,0.0,0.0,1.0,0.0
1047753,0.0,0.0,0.0,0.0,0.0,0.0,0.0
1047968,0.0,0.0,0.0,0.0,0.0,1.0,0.0
1048468,0.0,0.0,0.0,0.0,0.0,0.0,0.0
1048486,0.0,0.0,0.0,0.0,0.0,1.0,0.0
1048489,0.0,0.0,0.0,0.0,0.0,2.0,0.0
1048989,0.0,0.0,0.0,0.0,0.0,0.0,0.0
1049769,0.0,0.0,0.0,0.0,0.0,1.0,0.0
1049778,0.0,0.0,0.0,0.0,0.0,2.0,0.0
1050278,0.0,0.0,0.0,0.0,0.0,0.0,0.0
1051360,0.0,0.0,0.0,0.0,0.0,1.0,0.0
1051796,0.0,0.0,0.0,0.0,0.0,2.0,0.0
1052296,0.0,0.0,0.0,0.0,0.0,0.0,0.0
1052475,0.0,0.0,0.0,0.0,0.0,1.0,0.0
1052526,0.0,0.0,0.0,0.0,0.0,2.0,0.0
1053026,0.0,0.0,0.0,0.0,0.0,0.0,0.0
1053037,0.0,0.0,0.0,0.0,0.0,1.0,0.0
1053537,0.0,0.0,0.0,0.0,0.0,0.0,0.0
1054006,0.0,0.0,0.0,0.0,0.0,1.0,0.0
1054506,0.0,0.0,0.0,0.0,0.0,0.0,0.0
1054588,0.0,0.0,0.0,0.0,0.0,1.0,0.0
1055088,0.0,0.0,0.0,0.0,0.0,0.0,0.0
1055323,0.0,0.0,0.0,0.0,0.0,1.0,0.0
1055823,0.0,0.0,0.0,0.0,0.0,0.0,0.0
1056053,0.0,0.0,0.0,0.0,0.0,1.0,0.0
1056553,0.0,0.0,0.0,0.0,0.0,0.0,0.0
1057242,0.0,0.0,0.0,0.0,0.0,1.0,0.0
1057737,0.0,0.0,0.0,0.0,0.0,2.0,0.0
1058237,0.0,0.0,0.0,0.0,0.0,0.0,0.0
1058467,0.0,0.0,0.0,0.0,0.0,1.0,0.0
1058967,0.0,0.0,0.0,0.0,0.0,0.0,0.0
1060771,0.0,0.0,0.0,0.0,0.0,1.0,0.0
1061271,0.0,0.0,0.0,0.0,0.0,0.0,0.0
1062851,0.0,0.0,0.0,0.0,0.0,1.0,0.0
1063351,0.0,0.0,0.0,0.0,0.0,0.0,0.0
1063823,0.0,0.0,0.0,0.0,0.0,1.0,0.0
1064323,0.0,0.0,0.0,0.0,0.0,0.0,0.0
1065028,0.0,0.0,0.0,0.0,0.0,1.0,0.0
1065528,0.0,0.0,0.0,0.0,0.0,0.0,0.0
1065947,0.0,0.0,0.0,0.0,0.0,1.0,0.0
1066447,0.0,0.0,0.0,0.0,0.0,0.0,0.0
1069613,0.0,0.0,0.0,0.0,0.0,1.0,0.0
1069770,0.0,0.0,0.0,0.0,0.0,2.0,0.0
1070270,0.0,0.0,0.0,0.0,0.0,0.0,0.0
1071031,0.0,0.0,0.0,0.0,0.0,1.0,0.0
1071531,0.0,0.0,0.0,0.0,0.0,0.0,0.0
1072556,0.0,0.0,0.0,0.0,0.0,1.0,0.0
1072574,0.0,0.0,0.0,0.0,0.0,2.0,0.0
1073074,0.0,0.0,0.0,0.0,0.0,0.0,0.0
1073372,0.0,0.0,0.0,0.0,0.0,1.0,0.0
1073602,0.0,2.0,0.0,0.0,0.0,1.0,0.0
1073606,0.0,2.0,0.0,0.0,0.0,2.0,0.0
1074102,0.0,0.0,0.0,0.0,0.0,2.0,0.0
1074106,0.0,0.0,0.0,0.0,0.0,0.0,0.0
1074530,0.0,0.0,0.0,0.0,0.0,1.0,0.0
1074533,0.0,0.0,0.0,0.0,0.0,2.0,0.0
1075033,0.0,0.0,0.0,0.0,0.0,0.0,0.0
1075739,0.0,0.0,0.0,0.0,0.0,1.0,0.0
1076239,0.0,0.0,0.0,0.0,0.0,0.0,0.0
1077043,0.0,0.0,0.0,0.0,0.0,1.0,0.0
1077543,0.0,0.0,0.0,0.0,0.0,0.0,0.0
1078114,0.0,0.0,0.0,0.0,0.0,1.0,0.0
1078614,0.0,0.0,0.0,0.0,0.0,0.0,0.0
1078615,0.0,0.0,0.0,0.0,0.0,1.0,0.0
1078659,0.0,0.0,0.0,0.0,0.0,2.0,0.0
1079159,0.0,0.0,0.0,0.0,0.0,0.0,0.0
1079692,0.0,0.0,0.0,0.0,0.0,1.0,0.0
1080192,0.0,0.0,0.0,0.0,0.0,0.0,0.0
1080812,0.0,0.0,0.0,0.0,0.0,1.0,0.0
1081174,0.0,0.0,0.0,0.0,0.0,2.0,0.0
1081674,0.0,0.0,0.0,0.0,0.0,0.0,0.0
1081696,0.0,0.0,0.0,0.0,0.0,1.0,0.0
1081707,0.0,0.0,0.0,0.0,0.0,2.0,0.0
1082207,0.0,0.0,0.0,0.0,0.0,0.0,0.0
1083134,0.0,0.0,0.0,0.0,0.0,1.0,0.0
1083634,0.0,0.0,0.0,0.0,0.0,0.0,0.0
1084328,0.0,0.0,0.0,0.0,0.0,1.0,0.0
1084649,0.0,0.0,0.0,0.0,0.0,2.0,0.0
1085149,0.0,0.0,0.0,0.0,0.0,0.0,0.0
1085454,0.0,0.0,0.0,0.0,0.0,1.0,0.0
1085952,0.0,0.0,0.0,0.0,0.0,2.0,0.0
1086452,0.0,0.0,0.0,0.0,0.0,0.0,0.0
1086578,0.0,0.0,0.0,0.0,0.0,1.0,0.0
1086748,0.0,2.0,0.0,0.0,0.0,1.0,0.0
1087078,0.0,2.0,0.0,0.0,0.0,0.0,0.0
1087149,0.0,2.0,0.0,0.0,0.0,1.0,0.0
1087248,0.0,0.0,0.0,0.0,0.0,1.0,0.0
1087649,0.0,0.0,0.0,0.0,0.0,0.0,0.0
1088870,0.0,0.0,0.0,0.0,0.0,1.0,0.0
1089012,0.0,0.0,0.0,0.0,0.0,2.0,0.0
1089512,0.0,0.0,0.0,0.0,0.0,0.0,0.0
1089927,0.0,0.0,0.0,0.0,0.0,1.0,0.0
1089943,0.0,0.0,0.0,0.0,0.0,2.0,0.0
1090443,0.0,0.0,0.0,0.0,0.0,0.0,0.0
1090793,0.0,0.0,0.0,0.0,0.0,1.0,0.0
1090970,0.0,0.0,0.0,0.0,0.0,2.0,0.0
1091470,0.0,0.0,0.0,0.0,0.0,0.0,0.0
1092339,0.0,0.0,0.0,0.0,0.0,1.0,0.0
1092525,0.0,0.0,0.0,0.0,0.0,2.0,0.0
1093025,0.0,0.0,0.0,0.0,0.0,0.0,0.0
1093807,0.0,0.0,0.0,0.0,0.0,1.0,0.0
1094307,0.0,0.0,0.0,0.0,0.0,0.0,0.0
1094350,0.0,0.0,0.0,0.0,0.0,1.0,0.0
1094850,0.0,0.0,0.0,0.0,0.0,0.0,0.0
1094917,0.0,0.0,0.0,0.0,0.0,1.0,0.0
1094924,0.0,0.0,0.0,0.0,0.0,2.0,0.0
1095424,0.0,0.0,0.0,0.0,0.0,0.0,0.0
1096061,0.0,0.0,0.0,0.0,0.0,1.0,0.0
1096561,0.0,0.0,0.0,0.0,0.0,0.0,0.0
1096654,0.0,0.0,0.0,0.0,0.0,1.0,0.0
1096668,0.0,0.0,0.0,0.0,0.0,2.0,0.0
1096750,0.0,2.0,0.0,0.0,0.0,2.0,0.0
1097168,0.0,2.0,0.0,0.0,0.0,0.0,0.0
1097189,0.0,2.0,0.0,0.0,0.0,1.0,0.0
1097250,0.0,0.0,0.0,0.0,0.0,1.0,0.0
1097659,0.0,0.0,0.0,0.0,0.0,2.0,0.0
1098159,0.0,0.0,0.0,0.0,0.0,0.0,0.0
1098184,0.0,0.0,0.0,0.0,0.0,1.0,0.0
1098684,0.0,0.0,0.0,0.0,0.0,0.0,0.0
1099069,0.0,0.0,0.0,0.0,0.0,1.0,0.0
1099244,0.0,2.0,0.0,0.0,0.0,1.0,0.0
1099569,0.0,2.0,0.0,0.0,0.0,0.0,0.0
1099570,0.0,2.0,0.0,0.0,0.0,1.0,0.0
1099579,0.0,2.0,0.0,0.0,0.0,2.0,0.0
1099744,0.0,0.0,0.0,0.0,0.0,2.0,0.0
1100079,0.0,0.0,0.0,0.0,0.0,0.0,0.0
1102179,0.0,0.0,0.0,0.0,0.0,1.0,0.0
1102679,0.0,0.0,0.0,0.0,0.0,0.0,0.0
1103735,0.0,0.0,0.0,0.0,0.0,1.0,0.0
1104235,0.0,0.0,0.0,0.0,0.0,0.0,0.0
1105837,0.0,0.0,0.0,0.0,0.0,1.0,0.0
1106337,0.0,0.0,0.0,0.0,0.0,0.0,0.0
1109178,0.0,0.0,0.0,0.0,1.0,0.0,0.0
1109678,0.0,0.0,0.0,0.0,0.0,0.0,0.0
1110674,0.0,0.0,0.0,0.0,0.0,1.0,0.0
1111174,0.0,0.0,0.0,0.0,0.0,0.0,0.0
1116456,0.0,0.0,0.0,0.0,1.0,0.0,0.0
1116478,0.0,0.0,0.0,0.0,1.0,1.0,0.0
1116956,0.0,0.0,0.0,0.0,0.0,1.0,0.0
1116978,0.0,0.0,0.0,0.0,0.0,0.0,0.0
1119926,0.0,0.0,0.0,0.0,0.0,1.0,0.0
1120426,0.0,0.0,0.0,0.0,0.0,0.0,0.0
1121765,0.0,0.0,0.0,0.0,0.0,1.0,0.0
1122265,0.0,0.0,0.0,0.0,0.0,0.0,0.0
1122708,0.0,0.0,0.0,0.0,0.0,1.0,0.0
1123208,0.0,0.0,0.0,0.0,0.0,0.0,0.0
1124452,0.0,0.0,0.0,0.0,0.0,1.0,0.0
1124470,0.0,0.0,0.0,0.0,0.0,2.0,0.0
1124970,0.0,0.0,0.0,0.0,0.0,0.0,0.0
1129309,0.0,0.0,0.0,0.0,0.0,1.0,0.0
1129809,0.0,0.0,0.0,0.0,0.0,0.0,0.0
1130443,0.0,0.0,0.0,0.0,0.0,1.0,0.0
1130943,0.0,0.0,0.0,0.0,0.0,0.0,0.0
1131036,0.0,0.0,0.0,0.0,0.0,1.0,0.0
1131536,0.0,0.0,0.0,0.0,0.0,0.0,0.0
1133126,0.0,0.0,0.0,0.0,0.0,1.0,0.0
1133626,0.0,0.0,0.0,0.0,0.0,0.0,0.0
1133951,0.0,0.0,0.0,0.0,0.0,1.0,0.0
1134451,0.0,0.0,0.0,0.0,0.0,0.0,0.0
1137081,0.0,0.0,0.0,0.0,0.0,1.0,0.0
1137581,0.0,0.0,0.0,0.0,0.0,0.0,0.0
1139334,0.0,0.0,0.0,0.0,0.0,1.0,0.0
1139834,0.0,0.0,0.0,0.0,0.0,0.0,0.0
1142338,0.0,0.0,0.0,0.0,0.0,1.0,0.0
1142838,0.0,0.0,0.0,0.0,0.0,0.0,0.0
1142857,0.0,0.0,0.0,0.0,0.0,1.0,0.0
1142972,0.0,0.0,0.0,0.0,0.0,2.0,0.0
1143472,0.0,0.0,0.0,0.0,0.0,0.0,0.0
1143899,0.0,0.0,0.0,0.0,0.0,1.0,0.0
1143901,0.0,0.0,0.0,0.0,0.0,2.0,0.0
1144401,0.0,0.0,0.0,0.0,0.0,0.0,0.0
1144535,0.0,0.0,0.0,0.0,0.0,1.0,0.0
1145035,0.0,0.0,0.0,0.0,0.0,0.0,0.0
1145440,0.0,0.0,0.0,0.0,0.0,1.0,0.0
1145940,0.0,0.0,0.0,0.0,0.0,0.0,0.0
1146242,0.0,0.0,0.0,0.0,0.0,1.0,0.0
1146742,0.0,0.0,0.0,0.0,0.0,0.0,0.0
1161047,0.0,0.0,0.0,0.0,0.0,1.0,0.0
1161325,0.0,0.0,0.0,0.0,1.0,1.0,0.0
1161547,0.0,0.0,0.0,0.0,1.0,0.0,0.0
1161633,0.0,0.0,0.0,0.0,1.0,1.0,0.0
1161825,0.0,0.0,0.0,0.0,0.0,1.0,0.0
1162133,0.0,0.0,0.0,0.0,0.0,0.0,0.0
1162628,0.0,0.0,0.0,0.0,0.0,1.0,0.0
1162633,0.0,0.0,0.0,0.0,0.0,2.0,0.0
1162689,0.0,2.0,0.0,0.0,0.0,2.0,0.0
1163133,0.0,2.0,0.0,0.0,0.0,0.0,0.0
1163189,0.0,0.0,0.0,0.0,0.0,0.0,0.0
1167007,0.0,0.0,0.0,0.0,0.0,1.0,0.0
1167080,0.0,0.0,0.0,0.0,0.0,2.0,0.0
1167580,0.0,0.0,0.0,0.0,0.0,0.0,0.0
1168363,0.0,0.0,0.0,0.0,0.0,1.0,0.0
1168863,0.0,0.0,0.0,0.0,0.0,0.0,0.0
1172006,0.0,0.0,0.0,0.0,0.0,1.0,0.0
1172506,0.0,0.0,0.0,0.0,0.0,0.0,0.0
1172745,0.0,0.0,0.0,0.0,0.0,1.0,0.0
1172748,0.0,0.0,0.0,0.0,0.0,2.0,0.0
1173248,0.0,0.0,0.0,0.0,0.0,0.0,0.0
1173863,0.0,0.0,0.0,0.0,0.0,1.0,0.0
1174363,0.0,0.0,0.0,0.0,0.0,0.0,0.0
1176803,0.0,2.0,0.0,0.0,0.0,0.0,0.0
1177303,0.0,0.0,0.0,0.0,0.0,0.0,0.0
1177659,0.0,0.0,0.0,0.0,0.0,1.0,0.0
1178159,0.0,0.0,0.0,0.0,0.0,0.0,0.0
1178191,0.0,0.0,0.0,0.0,0.0,1.0,0.0
1178691,0.0,0.0,0.0,0.0,0.0,0.0,0.0
1180555,0.0,0.0,0.0,0.0,0.0,1.0,0.0
1181055,0.0,0.0,0.0,0.0,0.0,0.0,0.0
1183781,0.0,0.0,0.0,0.0,0.0,1.0,0.0
1184281,0.0,0.0,0.0,0.0,0.0,0.0,0.0
1189193,0.0,0.0,0.0,0.0,0.0,1.0,0.0
1189693,0.0,0.0,0.0,0.0,0.0,0.0,0.0
1193313,0.0,0.0,0.0,0.0,0.0,1.0,0.0
1193813,0.0,0.0,0.0,0.0,0.0,0.0,0.0
1194955,0.0,0.0,0.0,0.0,0.0,1.0,0.0
1194956,0.0,0.0,0.0,0.0,1.0,1.0,0.0
1195455,0.0,0.0,0.0,0.0,1.0,0.0,0.0
1195456,0.0,0.0,0.0,0.0,0.0,0.0,0.0
1200000,0.0,0.0,0.0,0.0,0.0,0.0,1.0
1200020,0.0,0.0,0.0,0.0,0.0,1.0,1.0
1200025,0.0,0.0,0.0,0.0,0.0,2.0,1.0
1200095,2.0,0.0,0.0,0.0,0.0,2.0,1.0
1200100,2.0,2.0,0.0,0.0,0.0,2.0,1.0
1200224,2.0,2.0,0.0,0.0,1.0,2.0,1.0
1200275,2.0,2.0,0.0,0.0,2.0,2.0,1.0
1200500,2.0,2.0,0.0,0.0,2.0,2.0,0.0
1200525,2.0,2.0,0.0,0.0,2.0,0.0,0.0
1200595,0.0,2.0,0.0,0.0,2.0,0.0,0.0
1200600,0.0,0.0,0.0,0.0,2.0,0.0,0.0
1200775,0.0,0.0,0.0,0.0,0.0,0.0,0.0
1201103,0.0,0.0,0.0,0.0,0.0,1.0,0.0
1201109,0.0,0.0,0.0,0.0,0.0,2.0,0.0
1201544,0.0,0.0,1.0,0.0,0.0,2.0,0.0
1201609,0.0,0.0,1.0,0.0,0.0,0.0,0.0
1201887,0.0,0.0,1.0,0.0,0.0,1.0,0.0
1202387,0.0,0.0,1.0,0.0,0.0,0.0,0.0
1202685,0.0,0.0,1.0,0.0,0.0,1.0,0.0
1203037,0.0,0.0,2.0,0.0,0.0,1.0,0.0
1203185,0.0,0.0,2.0,0.0,0.0,0.0,0.0
1203537,0.0,0.0,0.0,0.0,0.0,0.0,0.0
1203766,0.0,0.0,0.0,0.0,0.0,1.0,0.0
1204132,0.0,0.0,0.0,0.0,0.0,2.0,0.0
1204632,0.0,0.0,0.0,0.0,0.0,0.0,0.0
1205434,0.0,0.0,0.0,0.0,0.0,1.0,0.0
1205451,0.0,0.0,0.0,0.0,0.0,2.0,0.0
1205829,0.0,0.0,1.0,0.0,0.0,2.0,0.0
1205951,0.0,0.0,1.0,0.0,0.0,0.0,0.0
1206329,0.0,0.0,0.0,0.0,0.0,0.0,0.0
1206370,0.0,0.0,1.0,0.0,0.0,0.0,0.0
1206592,0.0,0.0,1.0,0.0,0.0,1.0,0.0
1206801,0.0,0.0,1.0,0.0,0.0,2.0,0.0
1207047,0.0,2.0,1.0,0.0,0.0,2.0,0.0
1207301,0.0,2.0,1.0,0.0,0.0,0.0,0.0
1207454,0.0,2.0,2.0,0.0,0.0,0.0,0.0
1207547,0.0,0.0,2.0,0.0,0.0,0.0,0.0
1207827,0.0,0.0,2.0,0.0,1.0,0.0,0.0
1207954,0.0,0.0,1.0,0.0,1.0,0.0,0.0
1207969,0.0,0.0,1.0,0.0,1.0,1.0,0.0
1208327,0.0,0.0,1.0,0.0,0.0,1.0,0.0
1208469,0.0,0.0,1.0,0.0,0.0,0.0,0.0
1209454,0.0,0.0,0.0,0.0,0.0,0.0,0.0
1209653,0.0,0.0,0.0,0.0,0.0,1.0,0.0
1210153,0.0,0.0,0.0,0.0,0.0,0.0,0.0
1210933,0.0,0.0,0.0,0.0,0.0,1.0,0.0
1210939,0.0,0.0,0.0,0.0,0.0,2.0,0.0
1211439,0.0,0.0,0.0,0.0,0.0,0.0,0.0
1211647,0.0,0.0,0.0,0.0,0.0,1.0,0.0
1211726,0.0,0.0,0.0,0.0,0.0,2.0,0.0
1212226,0.0,0.0,0.0,0.0,0.0,0.0,0.0
1212683,0.0,0.0,0.0,0.0,0.0,1.0,0.0
1212697,0.0,0.0,0.0,0.0,0.0,2.0,0.0
1213197,0.0,0.0,0.0,0.0,0.0,0.0,0.0
1213271,0.0,0.0,0.0,0.0,0.0,1.0,0.0
1213678,0.0,0.0,0.0,0.0,0.0,2.0,0.0
1214178,0.0,0.0,0.0,0.0,0.0,0.0,0.0
1214217,0.0,0.0,0.0,0.0,0.0,1.0,0.0
1214717,0.0,0.0,0.0,0.0,0.0,0.0,0.0
1214902,0.0,0.0,0.0,0.0,0.0,1.0,0.0
1215265,0.0,0.0,0.0,0.0,0.0,2.0,0.0
1215765,0.0,0.0,0.0,0.0,0.0,0.0,0.0
1216504,0.0,0.0,0.0,0.0,0.0,1.0,0.0
1217004,0.0,0.0,0.0,0.0,0.0,0.0,0.0
1218691,0.0,0.0,0.0,0.0,0.0,1.0,0.0
1219191,0.0,0.0,0.0,0.0,0.0,0.0,0.0
1219907,0.0,0.0,0.0,0.0,0.0,1.0,0.0
1220407,0.0,0.0,0.0,0.0,0.0,0.0,0.0
1220775,0.0,0.0,0.0,0.0,0.0,1.0,0.0
1220853,0.0,0.0,0.0,0.0,0.0,2.0,0.0
1221353,0.0,0.0,0.0,0.0,0.0,0.0,0.0
1221568,0.0,0.0,0.0,0.0,0.0,1.0,0.0
1222068,0.0,0.0,0.0,0.0,0.0,0.0,0.0
1222421,0.0,0.0,0.0,0.0,0.0,1.0,0.0
1222574,0.0,0.0,0.0,0.0,0.0,2.0,0.0
1223074,0.0,0.0,0.0,0.0,0.0,0.0,0.0
1223109,0.0,0.0,0.0,0.0,0.0,1.0,0.0
1223181,0.0,0.0,0.0,0.0,0.0,2.0,0.0
1223681,0.0,0.0,0.0,0.0,0.0,1.0,0.0
1223688,0.0,0.0,0.0,0.0,0.0,2.0,0.0
1224188,0.0,0.0,0.0,0.0,0.0,0.0,0.0
1224241,0.0,0.0,0.0,0.0,0.0,1.0,0.0
1224741,0.0,0.0,0.0,0.0,0.0,0.0,0.0
1224785,0.0,0.0,0.0,0.0,0.0,1.0,0.0
1224926,0.0,0.0,0.0,0.0,0.0,2.0,0.0
1225426,0.0,0.0,0.0,0.0,0.0,0.0,0.0
1226238,0.0,0.0,0.0,0.0,0.0,1.0,0.0
1226336,0.0,0.0,0.0,0.0,0.0,2.0,0.0
1226836,0.0,0.0,0.0,0.0,0.0,0.0,0.0
1227472,0.0,0.0,0.0,0.0,0.0,1.0,0.0
1227972,0.0,0.0,0.0,0.0,0.0,0.0,0.0
1228278,0.0,0.0,0.0,0.0,0.0,1.0,0.0
1228308,0.0,0.0,0.0,0.0,0.0,2.0,0.0
1228808,0.0,0.0,0.0,0.0,0.0,0.0,0.0
1229010,0.0,0.0,0.0,0.0,0.0,1.0,0.0
1229510,0.0,0.0,0.0,0.0,0.0,0.0,0.0
1229901,0.0,0.0,0.0,0.0,0.0,1.0,0.0
1230401,0.0,0.0,0.0,0.0,0.0,0.0,0.0
1231153,0.0,0.0,0.0,0.0,0.0,1.0,0.0
1231156,0.0,0.0,0.0,0.0,1.0,2.0,0.0
1231159,0.0,0.0,0.0,0.0,2.0,2.0,0.0
1231656,0.0,0.0,0.0,0.0,2.0,0.0,0.0
1231659,0.0,0.0,0.0,0.0,0.0,0.0,0.0
1231691,0.0,0.0,0.0,0.0,0.0,1.0,0.0
1231694,0.0,0.0,0.0,0.0,1.0,1.0,0.0
1232191,0.0,0.0,0.0,0.0,1.0,0.0,0.0
1232194,0.0,0.0,0.0,0.0,0.0,0.0,0.0
1232287,0.0,0.0,0.0,0.0,0.0,1.0,0.0
1232787,0.0,0.0,0.0,0.0,0.0,0.0,0.0
1232910,0.0,0.0,0.0,0.0,0.0,1.0,0.0
1232916,0.0,0.0,0.0,0.0,0.0,2.0,0.0
1233416,0.0,0.0,0.0,0.0,0.0,0.0,0.0
1233792,0.0,0.0,0.0,0.0,0.0,1.0,0.0
1233800,0.0,0.0,0.0,0.0,0.0,2.0,0.0
1233812,0.0,0.0,0.0,0.0,1.0,2.0,0.0
1234300,0.0,0.0,0.0,0.0,1.0,0.0,0.0
1234312,0.0,0.0,0.0,0.0,0.0,0.0,0.0
1234580,0.0,0.0,0.0,0.0,1.0,0.0,0.0
1234581,0.0,0.0,0.0,0.0,1.0,1.0,0.0
1234583,0.0,0.0,0.0,0.0,2.0,1.0,0.0
1234584,0.0,0.0,0.0,0.0,2.0,2.0,0.0
1235083,0.0,0.0,0.0,0.0,0.0,2.0,0.0
1235084,0.0,0.0,0.0,0.0,0.0,0.0,0.0
1235145,0.0,0.0,0.0,0.0,0.0,1.0,0.0
1235645,0.0,0.0,0.0,0.0,0.0,0.0,0.0
1235722,0.0,0.0,0.0,0.0,0.0,1.0,0.0
1235818,0.0,0.0,0.0,0.0,0.0,2.0,0.0
1236318,0.0,0.0,0.0,0.0,0.0,0.0,0.0
1236621,0.0,0.0,0.0,0.0,0.0,1.0,0.0
1236627,0.0,0.0,0.0,0.0,0.0,2.0,0.0
1237127,0.0,0.0,0.0,0.0,0.0,0.0,0.0
1237855,0.0,0.0,0.0,0.0,0.0,1.0,0.0
1238355,0.0,0.0,0.0,0.0,0.0,0.0,0.0
1238650,0.0,0.0,0.0,0.0,0.0,1.0,0.0
1239150,0.0,0.0,0.0,0.0,0.0,0.0,0.0
1239667,0.0,0.0,0.0,0.0,0.0,1.0,0.0
1239673,0.0,0.0,0.0,0.0,0.0,2.0,0.0
1240161,0.0,2.0,0.0,0.0,0.0,2.0,0.0
1240173,0.0,2.0,0.0,0.0,0.0,0.0,0.0
1240216,0.0,2.0,0.0,0.0,0.0,1.0,0.0
1240219,0.0,2.0,0.0,0.0,0.0,2.0,0.0
1240661,0.0,0.0,0.0,0.0,0.0,2.0,0.0
1240719,0.0,0.0,0.0,0.0,0.0,0.0,0.0
1241827,0.0,0.0,0.0,0.0,0.0,1.0,0.0
1241839,0.0,0.0,0.0,0.0,0.0,2.0,0.0
1242339,0.0,0.0,0.0,0.0,0.0,0.0,0.0
1243032,0.0,0.0,0.0,0.0,0.0,1.0,0.0
1243275,0.0,0.0,0.0,0.0,0.0,2.0,0.0
1243775,0.0,0.0,0.0,0.0,0.0,0.0,0.0
1244073,0.0,0.0,0.0,0.0,0.0,1.0,0.0
1244573,0.0,0.0,0.0,0.0,0.0,0.0,0.0
1244721,0.0,0.0,0.0,0.0,0.0,1.0,0.0
1245036,0.0,0.0,0.0,0.0,0.0,2.0,0.0
1245536,0.0,0.0,0.0,0.0,0.0,0.0,0.0
1245547,0.0,0.0,0.0,0.0,0.0,1.0,0.0
1246047,0.0,0.0,0.0,0.0,0.0,0.0,0.0
1246474,0.0,0.0,0.0,0.0,0.0,1.0,0.0
1246489,0.0,0.0,0.0,0.0,0.0,2.0,0.0
1246989,0.0,0.0,0.0,0.0,0.0,0.0,0.0
1247546,0.0,0.0,0.0,0.0,0.0,1.0,0.0
1248046,0.0,0.0,0.0,0.0,0.0,0.0,0.0
1248820,0.0,0.0,0.0,0.0,0.0,1.0,0.0
1249320,0.0,0.0,0.0,0.0,0.0,0.0,0.0
1249378,0.0,0.0,0.0,0.0,0.0,1.0,0.0
1249878,0.0,0.0,0.0,0.0,0.0,0.0,0.0
1250928,0.0,0.0,0.0,0.0,0.0,1.0,0.0
1251417,0.0,0.0,0.0,0.0,1.0,1.0,0.0
1251428,0.0,0.0,0.0,0.0,1.0,0.0,0.0
1251917,0.0,0.0,0.0,0.0,0.0,0.0,0.0
1252176,0.0,0.0,0.0,0.0,0.0,1.0,0.0
1252362,0.0,0.0,0.0,0.0,0.0,2.0,0.0
1252862,0.0,0.0,0.0,0.0,0.0,0.0,0.0
1254173,0.0,2.0,0.0,0.0,0.0,0.0,0.0
1254176,0.0,2.0,0.0,0.0,0.0,1.0,0.0
1254673,0.0,0.0,0.0,0.0,0.0,1.0,0.0
1254676,0.0,0.0,0.0,0.0,0.0,0.0,0.0
1254798,0.0,0.0,0.0,0.0,0.0,1.0,0.0
1255298,0.0,0.0,0.0,0.0,0.0,0.0,0.0
1255382,0.0,0.0,0.0,0.0,0.0,1.0,0.0
1255882,0.0,0.0,0.0,0.0,0.0,0.0,0.0
1256080,0.0,0.0,0.0,0.0,0.0,1.0,0.0
1256089,0.0,0.0,0.0,0.0,0.0,2.0,0.0
1256589,0.0,0.0,0.0,0.0,0.0,0.0,0.0
1256645,0.0,0.0,0.0,0.0,0.0,1.0,0.0
1256970,0.0,0.0,0.0,0.0,0.0,2.0,0.0
1257470,0.0,0.0,0.0,0.0,0.0,0.0,0.0
1257517,0.0,0.0,0.0,0.0,0.0,1.0,0.0
1258017,0.0,0.0,0.0,0.0,0.0,0.0,0.0
1258388,0.0,0.0,0.0,0.0,0.0,1.0,0.0
1258888,0.0,0.0,0.0,0.0,0.0,0.0,0.0
1258900,0.0,0.0,0.0,0.0,0.0,1.0,0.0
1259354,0.0,0.0,0.0,0.0,0.0,2.0,0.0
1259854,0.0,0.0,0.0,0.0,0.0,0.0,0.0
1260491,0.0,0.0,0.0,0.0,0.0,1.0,0.0
1260497,0.0,0.0,0.0,0.0,0.0,2.0,0.0
1260997,0.0,0.0,0.0,0.0,0.0,0.0,0.0
1261125,0.0,0.0,0.0,0.0,0.0,1.0,0.0
1261128,0.0,0.0,0.0,0.0,0.0,2.0,0.0
1261628,0.0,0.0,0.0,0.0,0.0,0.0,0.0
1261780,0.0,0.0,0.0,0.0,0.0,1.0,0.0
1261786,0.0,0.0,0.0,0.0,0.0,2.0,0.0
1262286,0.0,0.0,0.0,0.0,0.0,0.0,0.0
1262322,0.0,0.0,0.0,0.0,0.0,1.0,0.0
1262573,0.0,0.0,0.0,0.0,0.0,2.0,0.0
1263073,0.0,0.0,0.0,0.0,0.0,0.0,0.0
1263139,0.0,0.0,0.0,0.0,0.0,1.0,0.0
1263639,0.0,0.0,0.0,0.0,0.0,0.0,0.0
1263953,0.0,0.0,0.0,0.0,0.0,1.0,0.0
1264453,0.0,0.0,0.0,0.0,0.0,0.0,0.0
1264610,0.0,0.0,0.0,0.0,0.0,1.0,0.0
1265110,0.0,0.0,0.0,0.0,0.0,0.0,0.0
1265508,0.0,0.0,0.0,0.0,0.0,1.0,0.0
1266008,0.0,0.0,0.0,0.0,0.0,0.0,0.0
1267974,0.0,0.0,0.0,0.0,0.0,1.0,0.0
1268474,0.0,0.0,0.0,0.0,0.0,0.0,0.0
1269588,0.0,0.0,0.0,0.0,0.0,1.0,0.0
1269615,0.0,0.0,0.0,0.0,0.0,2.0,0.0
1270115,0.0,0.0,0.0,0.0,0.0,0.0,0.0
1270228,0.0,0.0,0.0,0.0,0.0,1.0,0.0
1270238,0.0,0.0,0.0,0.0,0.0,2.0,0.0
1270738,0.0,0.0,0.0,0.0,0.0,0.0,0.0
1271056,0.0,0.0,0.0,0.0,0.0,1.0,0.0
1271556,0.0,0.0,0.0,0.0,0.0,0.0,0.0
1271650,0.0,0.0,0.0,0.0,0.0,1.0,0.0
1271747,0.0,0.0,0.0,0.0,0.0,2.0,0.0
1272247,0.0,0.0,0.0,0.0,0.0,0.0,0.0
1272622,0.0,0.0,0.0,0.0,0.0,1.0,0.0
1273122,0.0,0.0,0.0,0.0,0.0,0.0,0.0
1273202,0.0,2.0,0.0,0.0,0.0,0.0,0.0
1273702,0.0,0.0,0.0,0.0,0.0,0.0,0.0
1273777,0.0,0.0,0.0,0.0,0.0,1.0,0.0
1274277,0.0,0.0,0.0,0.0,0.0,0.0,0.0
1274357,0.0,0.0,0.0,0.0,0.0,1.0,0.0
1274857,0.0,0.0,0.0,0.0,0.0,0.0,0.0
1275714,0.0,0.0,0.0,0.0,0.0,1.0,0.0
1275857,0.0,0.0,0.0,0.0,0.0,2.0,0.0
1276357,0.0,0.0,0.0,0.0,0.0,0.0,0.0
1277204,0.0,0.0,0.0,0.0,0.0,1.0,0.0
1277704,0.0,0.0,0.0,0.0,0.0,0.0,0.0
1278173,0.0,0.0,0.0,0.0,0.0,1.0,0.0
1278673,0.0,0.0,0.0,0.0,0.0,0.0,0.0
1278739,0.0,0.0,0.0,0.0,0.0,1.0,0.0
1278755,0.0,0.0,0.0,0.0,0.0,2.0,0.0
1279255,0.0,0.0,0.0,0.0,0.0,0.0,0.0
1280754,0.0,2.0,0.0,0.0,0.0,0.0,0.0
1280904,0.0,2.0,0.0,0.0,0.0,1.0,0.0
1281254,0.0,0.0,0.0,0.0,0.0,1.0,0.0
1281404,0.0,0.0,0.0,0.0,0.0,0.0,0.0
1283287,0.0,0.0,0.0,0.0,0.0,1.0,0.0
1283787,0.0,0.0,0.0,0.0,0.0,0.0,0.0
1284199,0.0,0.0,0.0,0.0,0.0,1.0,0.0
1284205,0.0,0.0,0.0,0.0,0.0,2.0,0.0
1284705,0.0,0.0,0.0,0.0,0.0,0.0,0.0
1284959,0.0,0.0,0.0,0.0,0.0,1.0,0.0
1284962,0.0,0.0,0.0,0.0,0.0,2.0,0.0
1285462,0.0,0.0,0.0,0.0,0.0,0.0,0.0
1285916,0.0,0.0,0.0,0.0,0.0,1.0,0.0
1285919,0.0,0.0,0.0,0.0,0.0,2.0,0.0
1286419,0.0,0.0,0.0,0.0,0.0,0.0,0.0
1286757,0.0,0.0,0.0,0.0,0.0,1.0,0.0
1287047,0.0,0.0,0.0,0.0,0.0,2.0,0.0
1287547,0.0,0.0,0.0,0.0,0.0,0.0,0.0
1287565,0.0,0.0,0.0,0.0,0.0,1.0,0.0
1288065,0.0,0.0,0.0,0.0,0.0,0.0,0.0
1288140,0.0,0.0,0.0,0.0,0.0,1.0,0.0
1288187,0.0,0.0,0.0,0.0,0.0,2.0,0.0
1288687,0.0,0.0,0.0,0.0,0.0,0.0,0.0
1289059,0.0,0.0,0.0,0.0,0.0,1.0,0.0
1289559,0.0,0.0,0.0,0.0,0.0,0.0,0.0
1289777,0.0,0.0,0.0,0.0,0.0,1.0,0.0
1290277,0.0,0.0,0.0,0.0,0.0,0.0,0.0
1290429,0.0,0.0,0.0,0.0,0.0,1.0,0.0
1290430,0.0,2.0,0.0,0.0,0.0,1.0,0.0
1290929,0.0,2.0,0.0,0.0,0.0,0.0,0.0
1290930,0.0,0.0,0.0,0.0,0.0,0.0,0.0
1291179,0.0,0.0,0.0,0.0,0.0,1.0,0.0
1291188,0.0,0.0,0.0,0.0,0.0,2.0,0.0
1291688,0.0,0.0,0.0,0.0,0.0,0.0,0.0
1292241,0.0,0.0,0.0,0.0,0.0,1.0,0.0
1292684,0.0,0.0,0.0,0.0,0.0,2.0,0.0
1293184,0.0,0.0,0.0,0.0,0.0,0.0,0.0
1293839,0.0,0.0,0.0,0.0,0.0,1.0,0.0
1294339,0.0,0.0,0.0,0.0,0.0,0.0,0.0
1294655,0.0,0.0,0.0,0.0,0.0,1.0,0.0
1294976,0.0,0.0,0.0,0.0,0.0,2.0,0.0
1295415,0.0,2.0,0.0,0.0,0.0,2.0,0.0
1295476,0.0,2.0,0.0,0.0,0.0,0.0,0.0
1295915,0.0,0.0,0.0,0.0,0.0,0.0,0.0
1296229,0.0,0.0,0.0,0.0,1.0,0.0,0.0
1296262,0.0,0.0,0.0,0.0,1.0,1.0,0.0
1296729,0.0,0.0,0.0,0.0,0.0,1.0,0.0
1296762,0.0,0.0,0.0,0.0,0.0,0.0,0.0
1296974,0.0,0.0,0.0,0.0,0.0,1.0,0.0
1296993,0.0,0.0,0.0,0.0,0.0,2.0,0.0
1297110,0.0,0.0,0.0,0.0,1.0,2.0,0.0
1297493,0.0,0.0,0.0,0.0,1.0,0.0,0.0
1297610,0.0,0.0,0.0,0.0,0.0,0.0,0.0
1298044,0.0,0.0,0.0,0.0,0.0,1.0,0.0
1298544,0.0,0.0,0.0,0.0,0.0,0.0,0.0
1298706,0.0,0.0,0.0,0.0,0.0,1.0,0.0
1299108,0.0,0.0,0.0,0.0,0.0,2.0,0.0
1299608,0.0,0.0,0.0,0.0,0.0,0.0,0.0
1299966,0.0,0.0,0.0,0.0,0.0,1.0,0.0
1299969,0.0,0.0,0.0,0.0,0.0,2.0,0.0
1300469,0.0,0.0,0.0,0.0,0.0,0.0,0.0
1303548,0.0,0.0,0.0,0.0,0.0,1.0,0.0
1304048,0.0,0.0,0.0,0.0,0.0,0.0,0.0
1304149,0.0,0.0,0.0,0.0,0.0,1.0,0.0
1304649,0.0,0.0,0.0,0.0,0.0,0.0,0.0
1304659,0.0,0.0,0.0,0.0,0.0,1.0,0.0
1305159,0.0,0.0,0.0,0.0,0.0,0.0,0.0
1305453,0.0,0.0,0.0,0.0,0.0,1.0,0.0
1305953,0.0,0.0,0.0,0.0,0.0,0.0,0.0
1306271,0.0,0.0,0.0,0.0,0.0,1.0,0.0
1306771,0.0,0.0,0.0,0.0,0.0,0.0,0.0
1308181,0.0,0.0,0.0,0.0,0.0,1.0,0.0
1308681,0.0,0.0,0.0,0.0,0.0,0.0,0.0
1309654,0.0,0.0,0.0,0.0,0.0,1.0,0.0
1310154,0.0,0.0,0.0,0.0,0.0,0.0,0.0
1310244,0.0,0.0,0.0,0.0,0.0,1.0,0.0
1310744,0.0,0.0,0.0,0.0,0.0,0.0,0.0
1315931,0.0,0.0,0.0,0.0,0.0,1.0,0.0
1316431,0.0,0.0,0.0,0.0,0.0,0.0,0.0
1316526,0.0,0.0,0.0,0.0,0.0,1.0,0.0
1317026,0.0,0.0,0.0,0.0,0.0,0.0,0.0
1318126,0.0,0.0,0.0,0.0,0.0,1.0,0.0
1318626,0.0,0.0,0.0,0.0,0.0,0.0,0.0
1318763,0.0,0.0,0.0,0.0,0.0,1.0,0.0
1319263,0.0,0.0,0.0,0.0,0.0,0.0,0.0
1321086,0.0,0.0,0.0,0.0,1.0,0.0,0.0
1321586,0.0,0.0,0.0,0.0,0.0,0.0,0.0
1322802,0.0,0.0,0.0,0.0,0.0,1.0,0.0
1323302,0.0,0.0,0.0,0.0,0.0,0.0,0.0
1323417,0.0,0.0,0.0,0.0,0.0,1.0,0.0
1323917,0.0,0.0,0.0,0.0,0.0,0.0,0.0
1327037,0.0,0.0,0.0,0.0,0.0,1.0,0.0
1327335,0.0,0.0,0.0,0.0,0.0,2.0,0.0
1327835,0.0,0.0,0.0,0.0,0.0,0.0,0.0
1329874,0.0,0.0,0.0,0.0,0.0,1.0,0.0
1330374,0.0,0.0,0.0,0.0,0.0,0.0,0.0
1331585,0.0,0.0,0.0,0.0,0.0,1.0,0.0
1332085,0.0,0.0,0.0,0.0,0.0,0.0,0.0
1335304,0.0,0.0,0.0,0.0,0.0,1.0,0.0
1335804,0.0,0.0,0.0,0.0,0.0,0.0,0.0
1336130,0.0,0.0,0.0,0.0,0.0,1.0,0.0
1336630,0.0,0.0,0.0,0.0,0.0,0.0,0.0
1336679,0.0,0.0,0.0,0.0,0.0,1.0,0.0
1336884,0.0,0.0,0.0,0.0,0.0,2.0,0.0
1337384,0.0,0.0,0.0,0.0,0.0,0.0,0.0
1339790,0.0,0.0,0.0,0.0,0.0,1.0,0.0
1340290,0.0,0.0,0.0,0.0,0.0,0.0,0.0
1341041,0.0,0.0,0.0,0.0,0.0,1.0,0.0
1341541,0.0,0.0,0.0,0.0,0.0,0.0,0.0
1341730,0.0,0.0,0.0,0.0,0.0,1.0,0.0
1342230,0.0,0.0,0.0,0.0,0.0,0.0,0.0
1344641,0.0,0.0,0.0,0.0,0.0,1.0,0.0
1345141,0.0,0.0,0.0,0.0,0.0,0.0,0.0
1345669,0.0,0.0,0.0,0.0,0.0,1.0,0.0
1346169,0.0,0.0,0.0,0.0,0.0,0.0,0.0
1347299,0.0,0.0,0.0,0.0,0.0,1.0,0.0
1347799,0.0,0.0,0.0,0.0,0.0,0.0,0.0
1351701,0.0,0.0,0.0,0.0,0.0,1.0,0.0
1352201,0.0,0.0,0.0,0.0,0.0,0.0,0.0
1352866,0.0,0.0,0.0,0.0,0.0,1.0,0.0
1352877,0.0,0.0,0.0,0.0,0.0,2.0,0.0
1353377,0.0,0.0,0.0,0.0,0.0,0.0,0.0
1357916,0.0,0.0,0.0,0.0,0.0,1.0,0.0
1357918,0.0,0.0,0.0,0.0,0.0,2.0,0.0
1358418,0.0,0.0,0.0,0.0,0.0,0.0,0.0
1359627,0.0,0.0,0.0,0.0,0.0,1.0,0.0
1360127,0.0,0.0,0.0,0.0,0.0,0.0,0.0
1362850,0.0,0.0,0.0,0.0,0.0,1.0,0.0
1362857,0.0,0.0,0.0,0.0,0.0,2.0,0.0
1363357,0.0,0.0,0.0,0.0,0.0,0.0,0.0
1368400,0.0,0.0,0.0,0.0,0.0,1.0,0.0
1368900,0.0,0.0,0.0,0.0,0.0,0.0,0.0
1372197,0.0,0.0,0.0,0.0,0.0,1.0,0.0
1372697,0.0,0.0,0.0,0.0,0.0,0.0,0.0
1380274,0.0,0.0,0.0,0.0,0.0,1.0,0.0
1380774,0.0,0.0,0.0,0.0,0.0,0.0,0.0
1382134,0.0,0.0,0.0,0.0,0.0,1.0,0.0
1382634,0.0,0.0,0.0,0.0,0.0,0.0,0.0
1382973,0.0,0.0,0.0,0.0,0.0,1.0,0.0
1382987,0.0,0.0,0.0,0.0,0.0,2.0,0.0
1383487,0.0,0.0,0.0,0.0,0.0,0.0,0.0
1385625,0.0,0.0,0.0,0.0,0.0,1.0,0.0
1386125,0.0,0.0,0.0,0.0,0.0,0.0,0.0
1388577,0.0,0.0,0.0,0.0,0.0,1.0,0.0
1389077,0.0,0.0,0.0,0.0,0.0,0.0,0.0
1389267,0.0,0.0,0.0,0.0,0.0,1.0,0.0
1389767,0.0,0.0,0.0,0.0,0.0,0.0,0.0
1389858,0.0,0.0,0.0,0.0,0.0,1.0,0.0
1390358,0.0,0.0,0.0,0.0,0.0,0.0,0.0
1390919,0.0,0.0,0.0,0.0,0.0,1.0,0.0
1391419,0.0,0.0,0.0,0.0,0.0,0.0,0.0
1397169,0.0,0.0,0.0,0.0,0.0,1.0,0.0
1397669,0.0,0.0,0.0,0.0,0.0,0.0,0.0
1398789,0.0,0.0,0.0,0.0,0.0,1.0,0.0
1399289,0.0,0.0,0.0,0.0,0.0,0.0,0.0
1399486,0.0,0.0,0.0,0.0,0.0,1.0,0.0
1399986,0.0,0.0,0.0,0.0,0.0,0.0,0.0
1400000,0.0,0.0,0.0,0.0,0.0,0.0,1.0
1400016,0.0,0.0,0.0,0.0,0.0,1.0,1.0
1400041,0.0,0.0,0.0,0.0,0.0,2.0,1.0
1400159,2.0,0.0,0.0,0.0,0.0,2.0,1.0
1400230,2.0,2.0,0.0,0.0,0.0,2.0,1.0
1400500,2.0,2.0,0.0,0.0,0.0,2.0,0.0
1400541,2.0,2.0,0.0,0.0,0.0,0.0,0.0
1400576,2.0,2.0,0.0,0.0,1.0,0.0,0.0
1400659,0.0,2.0,0.0,0.0,1.0,0.0,0.0
1400683,0.0,2.0,0.0,0.0,2.0,0.0,0.0
1400730,0.0,0.0,0.0,0.0,2.0,0.0,0.0
1401183,0.0,0.0,0.0,0.0,0.0,0.0,0.0
1401296,0.0,0.0,0.0,0.0,0.0,1.0,0.0
1401376,0.0,0.0,0.0,0.0,0.0,2.0,0.0
1401869,0.0,0.0,1.0,0.0,0.0,2.0,0.0
1401876,0.0,0.0,1.0,0.0,0.0,0.0,0.0
1401898,0.0,0.0,1.0,0.0,0.0,1.0,0.0
1402398,0.0,0.0,1.0,0.0,0.0,0.0,0.0
1402634,0.0,0.0,1.0,0.0,0.0,1.0,0.0
1403134,0.0,0.0,1.0,0.0,0.0,0.0,0.0
1403378,0.0,0.0,2.0,0.0,0.0,0.0,0.0
1403494,0.0,0.0,2.0,0.0,0.0,1.0,0.0
1403808,0.0,0.0,2.0,0.0,0.0,2.0,0.0
1403878,0.0,0.0,0.0,0.0,0.0,2.0,0.0
1404308,0.0,0.0,0.0,0.0,0.0,0.0,0.0
1404342,0.0,0.0,0.0,0.0,0.0,1.0,0.0
1404842,0.0,0.0,0.0,0.0,0.0,0.0,0.0
1405384,0.0,0.0,0.0,0.0,0.0,1.0,0.0
1405387,0.0,0.0,0.0,0.0,0.0,2.0,0.0
1405887,0.0,0.0,0.0,0.0,0.0,0.0,0.0
1406011,0.0,2.0,0.0,0.0,0.0,0.0,0.0
1406235,0.0,2.0,0.0,0.0,0.0,1.0,0.0
1406248,0.0,2.0,0.0,0.0,0.0,2.0,0.0
1406511,0.0,0.0,0.0,0.0,0.0,2.0,0.0
1406748,0.0,0.0,0.0,0.0,0.0,0.0,0.0
1406847,0.0,0.0,0.0,0.0,0.0,1.0,0.0
1407056,0.0,0.0,0.0,0.0,0.0,2.0,0.0
1407556,0.0,0.0,0.0,0.0,0.0,0.0,0.0
1407961,0.0,0.0,0.0,0.0,0.0,1.0,0.0
1408461,0.0,0.0,0.0,0.0,0.0,0.0,0.0
1409129,0.0,0.0,0.0,0.0,0.0,1.0,0.0
1409629,0.0,0.0,0.0,0.0,0.0,0.0,0.0
1410232,0.0,0.0,0.0,0.0,0.0,1.0,0.0
1410664,0.0,0.0,0.0,0.0,0.0,2.0,0.0
1411164,0.0,0.0,0.0,0.0,0.0,0.0,0.0
1411234,0.0,0.0,0.0,0.0,0.0,1.0,0.0
1411734,0.0,0.0,0.0,0.0,0.0,0.0,0.0
1411898,0.0,0.0,0.0,0.0,0.0,1.0,0.0
1412017,0.0,0.0,0.0,0.0,0.0,2.0,0.0
1412517,0.0,0.0,0.0,0.0,0.0,0.0,0.0
1412977,0.0,0.0,0.0,0.0,0.0,1.0,0.0
1413349,0.0,0.0,0.0,0.0,0.0,2.0,0.0
1413849,0.0,0.0,0.0,0.0,0.0,0.0,0.0
1414213,0.0,0.0,0.0,0.0,0.0,1.0,0.0
1414242,0.0,0.0,0.0,0.0,0.0,2.0,0.0
1414742,0.0,0.0,0.0,0.0,0.0,0.0,0.0
1415958,0.0,0.0,0.0,0.0,0.0,1.0,0.0
1416458,0.0,0.0,0.0,0.0,0.0,0.0,0.0
1417969,0.0,0.0,0.0,0.0,0.0,1.0,0.0
1418134,0.0,0.0,0.0,0.0,1.0,1.0,0.0
1418469,0.0,0.0,0.0,0.0,1.0,0.0,0.0
1418588,0.0,0.0,0.0,0.0,1.0,1.0,0.0
1419088,0.0,0.0,0.0,0.0,1.0,0.0,0.0
1419898,0.0,0.0,0.0,0.0,1.0,1.0,0.0
1420398,0.0,0.0,0.0,0.0,1.0,0.0,0.0
1420670,0.0,0.0,0.0,0.0,1.0,1.0,0.0
1421170,0.0,0.0,0.0,0.0,1.0,0.0,0.0
1421214,0.0,0.0,0.0,0.0,1.0,1.0,0.0
1421308,0.0,0.0,0.0,0.0,1.0,2.0,0.0
1421634,0.0,0.0,0.0,0.0,0.0,2.0,0.0
1421649,0.0,0.0,0.0,0.0,1.0,2.0,0.0
1421808,0.0,0.0,0.0,0.0,1.0,0.0,0.0
1422149,0.0,0.0,0.0,0.0,0.0,0.0,0.0
1422187,0.0,0.0,0.0,0.0,1.0,0.0,0.0
1423187,0.0,0.0,0.0,0.0,0.0,0.0,0.0
1423248,0.0,0.0,0.0,0.0,1.0,0.0,0.0
1423754,0.0,0.0,0.0,0.0,1.0,1.0,0.0
1423801,0.0,0.0,0.0,0.0,1.0,2.0,0.0
1424301,0.0,0.0,0.0,0.0,1.0,0.0,0.0
1425420,0.0,0.0,0.0,0.0,1.0,1.0,0.0
1425646,0.0,0.0,0.0,0.0,1.0,2.0,0.0
1426146,0.0,0.0,0.0,0.0,1.0,0.0,0.0
1426248,0.0,0.0,0.0,0.0,0.0,0.0,0.0
1426533,0.0,0.0,0.0,0.0,1.0,0.0,0.0
1427454,0.0,0.0,0.0,0.0,1.0,1.0,0.0
1427954,0.0,0.0,0.0,0.0,1.0,0.0,0.0
1428805,0.0,0.0,0.0,0.0,1.0,1.0,0.0
1429305,0.0,0.0,0.0,0.0,1.0,0.0,0.0
1429624,0.0,0.0,0.0,0.0,1.0,1.0,0.0
1430124,0.0,0.0,0.0,0.0,1.0,0.0,0.0
1430308,0.0,0.0,0.0,0.0,1.0,1.0,0.0
1430808,0.0,0.0,0.0,0.0,1.0,0.0,0.0
1431679,0.0,0.0,0.0,0.0,1.0,1.0,0.0
1432179,0.0,0.0,0.0,0.0,1.0,0.0,0.0
1432228,0.0,0.0,0.0,0.0,1.0,1.0,0.0
1432395,0.0,0.0,0.0,0.0,1.0,2.0,0.0
1432895,0.0,0.0,0.0,0.0,1.0,0.0,0.0
1432897,0.0,0.0,0.0,0.0,1.0,1.0,0.0
1433273,0.0,2.0,0.0,0.0,1.0,1.0,0.0
1433397,0.0,2.0,0.0,0.0,1.0,0.0,0.0
1433773,0.0,0.0,0.0,0.0,1.0,0.0,0.0
1434176,0.0,0.0,0.0,0.0,1.0,1.0,0.0
1434676,0.0,0.0,0.0,0.0,1.0,0.0,0.0
1434681,0.0,0.0,0.0,0.0,1.0,1.0,0.0
1435181,0.0,0.0,0.0,0.0,1.0,0.0,0.0
1435209,0.0,0.0,0.0,0.0,1.0,1.0,0.0
1435709,0.0,0.0,0.0,0.0,1.0,0.0,0.0
1436037,0.0,0.0,0.0,0.0,1.0,1.0,0.0
1436040,0.0,0.0,0.0,0.0,1.0,2.0,0.0
1436540,0.0,0.0,0.0,0.0,1.0,0.0,0.0
1437293,0.0,0.0,0.0,0.0,1.0,1.0,0.0
1437299,0.0,0.0,0.0,0.0,1.0,2.0,0.0
1437799,0.0,0.0,0.0,0.0,1.0,0.0,0.0
1438062,0.0,0.0,0.0,0.0,1.0,1.0,0.0
1438118,0.0,0.0,0.0,0.0,1.0,2.0,0.0
1438618,0.0,0.0,0.0,0.0,1.0,0.0,0.0
1438710,0.0,0.0,0.0,0.0,1.0,1.0,0.0
1438796,0.0,0.0,0.0,0.0,1.0,2.0,0.0
1439296,0.0,0.0,0.0,0.0,1.0,0.0,0.0
1439376,0.0,0.0,0.0,0.0,1.0,1.0,0.0
1439780,0.0,0.0,0.0,0.0,1.0,2.0,0.0
1440280,0.0,0.0,0.0,0.0,1.0,0.0,0.0
1440517,0.0,0.0,0.0,0.0,1.0,1.0,0.0
1441017,0.0,0.0,0.0,0.0,1.0,0.0,0.0
1442229,0.0,0.0,0.0,0.0,1.0,1.0,0.0
1442729,0.0,0.0,0.0,0.0,1.0,0.0,0.0
1442769,0.0,0.0,0.0,0.0,1.0,1.0,0.0
1443015,0.0,0.0,0.0,0.0,1.0,2.0,0.0
1443515,0.0,0.0,0.0,0.0,1.0,0.0,0.0
1443736,0.0,0.0,0.0,0.0,1.0,1.0,0.0
1444236,0.0,0.0,0.0,0.0,1.0,0.0,0.0
1445533,0.0,0.0,0.0,0.0,0.0,0.0,0.0
1445688,0.0,0.0,0.0,0.0,1.0,0.0,0.0
1445692,0.0,0.0,0.0,0.0,1.0,1.0,0.0
1446188,0.0,0.0,0.0,0.0,0.0,1.0,0.0
1446192,0.0,0.0,0.0,0.0,0.0,0.0,0.0
1446390,0.0,0.0,0.0,0.0,0.0,1.0,0.0
1446634,0.0,0.0,0.0,0.0,0.0,2.0,0.0
1446673,0.0,0.0,0.0,0.0,1.0,2.0,0.0
1447134,0.0,0.0,0.0,0.0,1.0,0.0,0.0
1448300,0.0,0.0,0.0,0.0,1.0,1.0,0.0
1448800,0.0,0.0,0.0,0.0,1.0,0.0,0.0
1449173,0.0,0.0,0.0,0.0,0.0,0.0,0.0
1449222,0.0,0.0,0.0,0.0,1.0,0.0,0.0
1449467,0.0,0.0,0.0,0.0,1.0,1.0,0.0
1449471,0.0,0.0,0.0,0.0,1.0,2.0,0.0
1449971,0.0,0.0,0.0,0.0,1.0,0.0,0.0
1450022,0.0,0.0,0.0,0.0,1.0,1.0,0.0
1450522,0.0,0.0,0.0,0.0,1.0,0.0,0.0
1450912,0.0,0.0,0.0,0.0,1.0,1.0,0.0
1451412,0.0,0.0,0.0,0.0,1.0,0.0,0.0
1451511,0.0,0.0,0.0,0.0,1.0,1.0,0.0
1451928,0.0,0.0,0.0,0.0,1.0,2.0,0.0
1452160,0.0,2.0,0.0,0.0,1.0,2.0,0.0
1452428,0.0,2.0,0.0,0.0,1.0,0.0,0.0
1452660,0.0,0.0,0.0,0.0,1.0,0.0,0.0
1455111,0.0,0.0,0.0,0.0,1.0,1.0,0.0
1455611,0.0,0.0,0.0,0.0,1.0,0.0,0.0
1456238,0.0,0.0,0.0,0.0,1.0,1.0,0.0
1456738,0.0,0.0,0.0,0.0,1.0,0.0,0.0
1457115,0.0,0.0,0.0,0.0,1.0,1.0,0.0
1457615,0.0,0.0,0.0,0.0,1.0,0.0,0.0
1458153,0.0,0.0,0.0,0.0,1.0,1.0,0.0
1458653,0.0,0.0,0.0,0.0,1.0,0.0,0.0
1458922,0.0,0.0,0.0,0.0,1.0,1.0,0.0
1459422,0.0,0.0,0.0,0.0,1.0,0.0,0.0
1460752,0.0,0.0,0.0,0.0,1.0,1.0,0.0
1461252,0.0,0.0,0.0,0.0,1.0,0.0,0.0
1461419,0.0,0.0,0.0,0.0,1.0,1.0,0.0
1461919,0.0,0.0,0.0,0.0,1.0,0.0,0.0
1462271,0.0,0.0,0.0,0.0,1.0,1.0,0.0
1462771,0.0,0.0,0.0,0.0,1.0,0.0,0.0
1462937,0.0,0.0,0.0,0.0,1.0,1.0,0.0
1462949,0.0,0.0,0.0,0.0,1.0,2.0,0.0
1463449,0.0,0.0,0.0,0.0,1.0,0.0,0.0
1464186,0.0,0.0,0.0,0.0,1.0,1.0,0.0
1464192,0.0,0.0,0.0,0.0,1.0,2.0,0.0
1464692,0.0,0.0,0.0,0.0,1.0,0.0,0.0
1465486,0.0,0.0,0.0,0.0,1.0,1.0,0.0
1465986,0.0,0.0,0.0,0.0,1.0,0.0,0.0
1466670,0.0,0.0,0.0,0.0,1.0,1.0,0.0
1467043,0.0,0.0,0.0,0.0,1.0,2.0,0.0
1467543,0.0,0.0,0.0,0.0,1.0,0.0,0.0
1468123,0.0,0.0,0.0,0.0,1.0,1.0,0.0
1468346,0.0,0.0,0.0,0.0,1.0,2.0,0.0
1468846,0.0,0.0,0.0,0.0,1.0,0.0,0.0
1469298,0.0,0.0,0.0,0.0,1.0,1.0,0.0
1469474,0.0,0.0,0.0,0.0,1.0,2.0,0.0
1469974,0.0,0.0,0.0,0.0,1.0,0.0,0.0
1470097,0.0,2.0,0.0,0.0,1.0,0.0,0.0
1470597,0.0,0.0,0.0,0.0,1.0,0.0,0.0
1471776,0.0,0.0,0.0,0.0,1.0,1.0,0.0
1472276,0.0,0.0,0.0,0.0,1.0,0.0,0.0
1472304,0.0,0.0,0.0,0.0,1.0,1.0,0.0
1472307,0.0,0.0,0.0,0.0,1.0,2.0,0.0
1472807,0.0,0.0,0.0,0.0,1.0,0.0,0.0
1473021,0.0,0.0,0.0,0.0,1.0,1.0,0.0
1473521,0.0,0.0,0.0,0.0,1.0,0.0,0.0
1473890,0.0,0.0,0.0,0.0,1.0,1.0,0.0
1474890,0.0,0.0,0.0,0.0,1.0,0.0,0.0
1474900,0.0,0.0,0.0,0.0,1.0,1.0,0.0
1475400,0.0,0.0,0.0,0.0,1.0,0.0,0.0
1475635,0.0,0.0,0.0,0.0,1.0,1.0,0.0
1475816,0.0,0.0,0.0,0.0,1.0,2.0,0.0
1476316,0.0,0.0,0.0,0.0,1.0,0.0,0.0
1476369,0.0,0.0,0.0,0.0,1.0,1.0,0.0
1476632,0.0,0.0,0.0,0.0,1.0,2.0,0.0
1477132,0.0,0.0,0.0,0.0,1.0,0.0,0.0
1477353,0.0,0.0,0.0,0.0,1.0,1.0,0.0
1477636,0.0,0.0,0.0,0.0,1.0,2.0,0.0
1478136,0.0,0.0,0.0,0.0,1.0,0.0,0.0
1478207,0.0,0.0,0.0,0.0,1.0,1.0,0.0
1478703,0.0,0.0,0.0,0.0,1.0,2.0,0.0
1479203,0.0,0.0,0.0,0.0,1.0,0.0,0.0
1479636,0.0,0.0,0.0,0.0,1.0,1.0,0.0
1479640,0.0,0.0,0.0,0.0,1.0,2.0,0.0
1480140,0.0,0.0,0.0,0.0,1.0,0.0,0.0
1481023,0.0,0.0,0.0,0.0,1.0,1.0,0.0
1481523,0.0,0.0,0.0,0.0,1.0,0.0,0.0
1481741,0.0,0.0,0.0,0.0,1.0,1.0,0.0
1482083,0.0,0.0,0.0,0.0,1.0,2.0,0.0
1482583,0.0,0.0,0.0,0.0,1.0,0.0,0.0
1482809,0.0,0.0,0.0,0.0,1.0,1.0,0.0
1483309,0.0,0.0,0.0,0.0,1.0,0.0,0.0
1483416,0.0,0.0,0.0,0.0,1.0,1.0,0.0
1483419,0.0,0.0,0.0,0.0,1.0,2.0,0.0
1483919,0.0,0.0,0.0,0.0,1.0,0.0,0.0
1484258,0.0,0.0,0.0,0.0,1.0,1.0,0.0
1484357,0.0,0.0,0.0,0.0,1.0,2.0,0.0
1484857,0.0,0.0,0.0,0.0,1.0,0.0,0.0
1485298,0.0,0.0,0.0,0.0,1.0,1.0,0.0
1485301,0.0,0.0,0.0,0.0,1.0,2.0,0.0
1485801,0.0,0.0,0.0,0.0,1.0,0.0,0.0
1486378,0.0,0.0,0.0,0.0,1.0,1.0,0.0
1486392,0.0,0.0,0.0,0.0,1.0,2.0,0.0
1486892,0.0,0.0,0.0,0.0,1.0,0.0,0.0
1487630,0.0,0.0,0.0,0.0,1.0,1.0,0.0
1487636,0.0,0.0,0.0,0.0,1.0,2.0,0.0
1488136,0.0,0.0,0.0,0.0,1.0,0.0,0.0
1488462,0.0,0.0,0.0,0.0,1.0,1.0,0.0
1488962,0.0,0.0,0.0,0.0,1.0,0.0,0.0
1489127,0.0,0.0,0.0,0.0,1.0,1.0,0.0
1489627,0.0,0.0,0.0,0.0,1.0,0.0,0.0
1489660,0.0,0.0,0.0,0.0,1.0,1.0,0.0
1490160,0.0,0.0,0.0,0.0,1.0,0.0,0.0
1490602,0.0,0.0,0.0,0.0,1.0,1.0,0.0
1491102,0.0,0.0,0.0,0.0,1.0,0.0,0.0
1491248,0.0,0.0,0.0,0.0,1.0,1.0,0.0
1491748,0.0,0.0,0.0,0.0,1.0,0.0,0.0
1492033,0.0,0.0,0.0,0.0,1.0,1.0,0.0
1492533,0.0,0.0,0.0,0.0,1.0,0.0,0.0
1492870,0.0,0.0,0.0,0.0,1.0,1.0,0.0
1492878,0.0,0.0,0.0,0.0,1.0,2.0,0.0
1493378,0.0,0.0,0.0,0.0,1.0,0.0,0.0
1493750,0.0,0.0,0.0,0.0,1.0,1.0,0.0
1494250,0.0,0.0,0.0,0.0,1.0,0.0,0.0
1494315,0.0,0.0,0.0,0.0,1.0,1.0,0.0
1494318,0.0,0.0,0.0,0.0,1.0,2.0,0.0
1494818,0.0,0.0,0.0,0.0,1.0,0.0,0.0
1494863,0.0,0.0,0.0,0.0,1.0,1.0,0.0
1494869,0.0,0.0,0.0,0.0,1.0,2.0,0.0
1495369,0.0,0.0,0.0,0.0,1.0,0.0,0.0
1495426,0.0,0.0,0.0,0.0,1.0,1.0,0.0
1495434,0.0,0.0,0.0,0.0,1.0,2.0,0.0
1495934,0.0,0.0,0.0,0.0,1.0,0.0,0.0
1496282,0.0,0.0,0.0,0.0,1.0,1.0,0.0
1496373,0.0,0.0,0.0,0.0,1.0,2.0,0.0
1496873,0.0,0.0,0.0,0.0,1.0,0.0,0.0
1496877,0.0,0.0,0.0,0.0,1.0,1.0,0.0
1496935,0.0,0.0,0.0,0.0,1.0,2.0,0.0
1496946,0.0,2.0,0.0,0.0,1.0,2.0,0.0
1497435,0.0,2.0,0.0,0.0,1.0,0.0,0.0
1497446,0.0,0.0,0.0,0.0,1.0,0.0,0.0
1497841,0.0,0.0,0.0,0.0,1.0,1.0,0.0
1498341,0.0,0.0,0.0,0.0,1.0,0.0,0.0
1498939,0.0,0.0,0.0,0.0,1.0,1.0,0.0
1499078,0.0,0.0,0.0,0.0,1.0,2.0,0.0
1499578,0.0,0.0,0.0,0.0,1.0,0.0,0.0
1499725,0.0,0.0,0.0,0.0,1.0,1.0,0.0
1500225,0.0,0.0,0.0,0.0,1.0,0.0,0.0
1500722,0.0,0.0,0.0,0.0,0.0,0.0,0.0
1504085,0.0,0.0,0.0,0.0,0.0,1.0,0.0
1504585,0.0,0.0,0.0,0.0,0.0,0.0,0.0
1504778,0.0,0.0,0.0,0.0,0.0,1.0,0.0
1505278,0.0,0.0,0.0,0.0,0.0,0.0,0.0
1506005,0.0,0.0,0.0,0.0,0.0,1.0,0.0
1506505,0.0,0.0,0.0,0.0,0.0,0.0,0.0
1508694,0.0,0.0,0.0,0.0,0.0,1.0,0.0
1509194,0.0,0.0,0.0,0.0,0.0,0.0,0.0
1509920,0.0,0.0,0.0,0.0,0.0,1.0,0.0
1510420,0.0,0.0,0.0,0.0,0.0,0.0,0.0
1512998,0.0,0.0,0.0,0.0,0.0,1.0,0.0
1513498,0.0,0.0,0.0,0.0,0.0,0.0,0.0
1515653,0.0,0.0,0.0,0.0,0.0,1.0,0.0
1516153,0.0,0.0,0.0,0.0,0.0,0.0,0.0
1517320,0.0,0.0,0.0,0.0,0.0,1.0,0.0
1517820,0.0,0.0,0.0,0.0,0.0,0.0,0.0
1519060,0.0,0.0,0.0,0.0,0.0,1.0,0.0
1519560,0.0,0.0,0.0,0.0,0.0,0.0,0.0
1523134,0.0,0.0,0.0,0.0,0.0,1.0,0.0
1523634,0.0,0.0,0.0,0.0,0.0,0.0,0.0
1525743,0.0,0.0,0.0,0.0,0.0,1.0,0.0
1526243,0.0,0.0,0.0,0.0,0.0,0.0,0.0
1526673,0.0,0.0,0.0,0.0,0.0,1.0,0.0
1527173,0.0,0.0,0.0,0.0,0.0,0.0,0.0
1528648,0.0,0.0,0.0,0.0,0.0,1.0,0.0
1529148,0.0,0.0,0.0,0.0,0.0,0.0,0.0
1530021,0.0,0.0,0.0,0.0,0.0,1.0,0.0
1530521,0.0,0.0,0.0,0.0,0.0,0.0,0.0
1530865,0.0,0.0,0.0,0.0,0.0,1.0,0.0
1531365,0.0,0.0,0.0,0.0,0.0,0.0,0.0
1534106,0.0,0.0,0.0,0.0,0.0,1.0,0.0
1534606,0.0,0.0,0.0,0.0,0.0,0.0,0.0
1543005,0.0,0.0,0.0,0.0,0.0,1.0,0.0
1543505,0.0,0.0,0.0,0.0,0.0,0.0,0.0
1547401,0.0,0.0,0.0,0.0,0.0,1.0,0.0
1547901,0.0,0.0,0.0,0.0,0.0,0.0,0.0
1548073,0.0,0.0,0.0,0.0,0.0,1.0,0.0
1548573,0.0,0.0,0.0,0.0,0.0,0.0,0.0
1549257,0.0,0.0,0.0,0.0,0.0,1.0,0.0
1549757,0.0,0.0,0.0,0.0,0.0,0.0,0.0
1550348,0.0,0.0,0.0,0.0,0.0,1.0,0.0
1550848,0.0,0.0,0.0,0.0,0.0,0.0,0.0
1551793,0.0,0.0,0.0,0.0,0.0,1.0,0.0
1551794,0.0,0.0,0.0,0.0,0.0,2.0,0.0
1552294,0.0,0.0,0.0,0.0,0.0,0.0,0.0
1553715,0.0,0.0,0.0,0.0,0.0,1.0,0.0
1554215,0.0,0.0,0.0,0.0,0.0,0.0,0.0
1555220,0.0,0.0,0.0,0.0,0.0,1.0,0.0
1555720,0.0,0.0,0.0,0.0,0.0,0.0,0.0
1555850,0.0,0.0,0.0,0.0,0.0,1.0,0.0
1556350,0.0,0.0,0.0,0.0,0.0,0.0,0.0
1557705,0.0,0.0,0.0,0.0,0.0,1.0,0.0
1558205,0.0,0.0,0.0,0.0,0.0,0.0,0.0
1560047,0.0,0.0,0.0,0.0,0.0,1.0,0.0
1560547,0.0,0.0,0.0,0.0,0.0,0.0,0.0
1561372,0.0,0.0,0.0,0.0,0.0,1.0,0.0
1561872,0.0,0.0,0.0,0.0,0.0,0.0,0.0
1566641,0.0,0.0,0.0,0.0,0.0,1.0,0.0
1567141,0.0,0.0,0.0,0.0,0.0,0.0,0.0
1568080,0.0,0.0,0.0,0.0,0.0,1.0,0.0
1568580,0.0,0.0,0.0,0.0,0.0,0.0,0.0
1572255,0.0,0.0,0.0,0.0,0.0,1.0,0.0
1572755,0.0,0.0,0.0,0.0,0.0,0.0,0.0
1573511,0.0,0.0,0.0,0.0,0.0,1.0,0.0
1574011,0.0,0.0,0.0,0.0,0.0,0.0,0.0
1574023,0.0,0.0,0.0,0.0,0.0,1.0,0.0
1574357,0.0,0.0,0.0,0.0,0.0,2.0,0.0
1574857,0.0,0.0,0.0,0.0,0.0,0.0,0.0
1576351,0.0,0.0,0.0,0.0,0.0,1.0,0.0
1576851,0.0,0.0,0.0,0.0,0.0,0.0,0.0
1578306,0.0,0.0,0.0,0.0,0.0,1.0,0.0
1578806,0.0,0.0,0.0,0.0,0.0,0.0,0.0
1582335,0.0,0.0,0.0,0.0,0.0,1.0,0.0
1582835,0.0,0.0,0.0,0.0,0.0,0.0,0.0
1586154,0.0,0.0,0.0,0.0,0.0,1.0,0.0
1586654,0.0,0.0,0.0,0.0,0.0,0.0,0.0
1589522,0.0,0.0,0.0,0.0,0.0,1.0,0.0
1590022,0.0,0.0,0.0,0.0,0.0,0.0,0.0
1590680,0.0,0.0,0.0,0.0,0.0,1.0,0.0
1591180,0.0,0.0,0.0,0.0,0.0,0.0,0.0
1591350,0.0,0.0,0.0,0.0,0.0,1.0,0.0
1591850,0.0,0.0,0.0,0.0,0.0,0.0,0.0
1593290,0.0,0.0,0.0,0.0,0.0,1.0,0.0
1593790,0.0,0.0,0.0,0.0,0.0,0.0,0.0
1595277,0.0,0.0,0.0,0.0,0.0,1.0,0.0
1595358,0.0,0.0,0.0,0.0,0.0,2.0,0.0
1595858,0.0,0.0,0.0,0.0,0.0,0.0,0.0
1600000,0.0,0.0,0.0,0.0,0.0,0.0,1.0
1600007,0.0,0.0,0.0,0.0,0.0,1.0,1.0
1600015,0.0,0.0,0.0,0.0,0.0,2.0,1.0
1600095,2.0,0.0,0.0,0.0,0.0,2.0,1.0
1600175,2.0,2.0,0.0,0.0,0.0,2.0,1.0
1600500,2.0,2.0,0.0,0.0,0.0,2.0,0.0
1600515,2.0,2.0,0.0,0.0,0.0,0.0,0.0
1600577,2.0,2.0,0.0,0.0,0.0,1.0,0.0
1600595,0.0,2.0,0.0,0.0,0.0,1.0,0.0
1600675,0.0,0.0,0.0,0.0,0.0,1.0,0.0
1600930,0.0,0.0,0.0,0.0,0.0,2.0,0.0
1601189,0.0,0.0,0.0,0.0,1.0,2.0,0.0
1601430,0.0,0.0,0.0,0.0,1.0,0.0,0.0
1601494,0.0,0.0,1.0,0.0,1.0,0.0,0.0
1601630,0.0,0.0,1.0,0.0,2.0,0.0,0.0
1602130,0.0,0.0,1.0,0.0,0.0,0.0,0.0
1602500,0.0,0.0,1.0,0.0,0.0,1.0,0.0
1602809,0.0,0.0,1.0,0.0,0.0,2.0,0.0
1603167,0.0,0.0,2.0,0.0,0.0,2.0,0.0
1603309,0.0,0.0,2.0,0.0,0.0,0.0,0.0
1603667,0.0,0.0,1.0,0.0,0.0,0.0,0.0
1604151,0.0,0.0,1.0,0.0,0.0,1.0,0.0
1604603,0.0,0.0,1.0,0.0,0.0,2.0,0.0
1604667,0.0,0.0,0.0,0.0,0.0,2.0,0.0
1605103,0.0,0.0,0.0,0.0,0.0,0.0,0.0
1605491,0.0,0.0,0.0,0.0,0.0,1.0,0.0
1605991,0.0,0.0,0.0,0.0,0.0,0.0,0.0
1607402,0.0,0.0,0.0,0.0,0.0,1.0,0.0
1607460,0.0,0.0,0.0,0.0,0.0,2.0,0.0
1607461,0.0,0.0,0.0,0.0,1.0,2.0,0.0
1607695,0.0,0.0,0.0,0.0,2.0,2.0,0.0
1607960,0.0,0.0,0.0,0.0,2.0,0.0,0.0
1608195,0.0,0.0,0.0,0.0,0.0,0.0,0.0
1608448,0.0,0.0,0.0,0.0,0.0,1.0,0.0
1608612,0.0,2.0,0.0,0.0,0.0,1.0,0.0
1608948,0.0,2.0,0.0,0.0,0.0,0.0,0.0
1609112,0.0,0.0,0.0,0.0,0.0,0.0,0.0
1609542,0.0,0.0,0.0,0.0,0.0,1.0,0.0
1610042,0.0,0.0,0.0,0.0,0.0,0.0,0.0
1610142,0.0,0.0,0.0,0.0,0.0,1.0,0.0
1610317,0.0,0.0,0.0,0.0,0.0,2.0,0.0
1610817,0.0,0.0,0.0,0.0,0.0,0.0,0.0
1611153,0.0,0.0,0.0,0.0,0.0,1.0,0.0
1611653,0.0,0.0,0.0,0.0,0.0,0.0,0.0
1611998,0.0,0.0,0.0,0.0,0.0,1.0,0.0
1612498,0.0,0.0,0.0,0.0,0.0,0.0,0.0
1612729,0.0,0.0,0.0,0.0,0.0,1.0,0.0
1613235,0.0,0.0,0.0,0.0,0.0,2.0,0.0
1613249,0.0,0.0,0.0,0.0,1.0,2.0,0.0
1613735,0.0,0.0,0.0,0.0,1.0,0.0,0.0
1613749,0.0,0.0,0.0,0.0,0.0,0.0,0.0
1613778,0.0,0.0,0.0,0.0,0.0,1.0,0.0
1614278,0.0,0.0,0.0,0.0,0.0,0.0,0.0
1614753,0.0,0.0,0.0,0.0,0.0,1.0,0.0
1615253,0.0,0.0,0.0,0.0,0.0,0.0,0.0
1615312,0.0,0.0,0.0,0.0,0.0,1.0,0.0
1615747,0.0,0.0,0.0,0.0,0.0,2.0,0.0
1616247,0.0,0.0,0.0,0.0,0.0,0.0,0.0
1616309,0.0,0.0,0.0,0.0,0.0,1.0,0.0
1616319,0.0,0.0,0.0,0.0,0.0,2.0,0.0
1616819,0.0,0.0,0.0,0.0,0.0,0.0,0.0
1616887,0.0,0.0,0.0,0.0,0.0,1.0,0.0
1616932,0.0,0.0,0.0,0.0,0.0,2.0,0.0
1617432,0.0,0.0,0.0,0.0,0.0,0.0,0.0
1617775,0.0,0.0,0.0,0.0,0.0,1.0,0.0
1617780,0.0,0.0,0.0,0.0,0.0,2.0,0.0
1618280,0.0,0.0,0.0,0.0,0.0,0.0,0.0
1618408,0.0,0.0,0.0,0.0,0.0,1.0,0.0
1618908,0.0,0.0,0.0,0.0,0.0,0.0,0.0
1619174,0.0,0.0,0.0,0.0,0.0,1.0,0.0
1619485,0.0,0.0,0.0,0.0,0.0,2.0,0.0
1619985,0.0,0.0,0.0,0.0,0.0,0.0,0.0
1620273,0.0,0.0,0.0,0.0,0.0,1.0,0.0
1620276,0.0,0.0,0.0,0.0,0.0,2.0,0.0
1620776,0.0,0.0,0.0,0.0,0.0,0.0,0.0
1620783,0.0,0.0,0.0,0.0,0.0,1.0,0.0
1620786,0.0,0.0,0.0,0.0,0.0,2.0,0.0
1620788,0.0,0.0,0.0,0.0,1.0,2.0,0.0
1621286,0.0,0.0,0.0,0.0,1.0,0.0,0.0
1621288,0.0,0.0,0.0,0.0,0.0,0.0,0.0
1622107,0.0,0.0,0.0,0.0,0.0,1.0,0.0
1622607,0.0,0.0,0.0,0.0,0.0,0.0,0.0
1622625,0.0,0.0,0.0,0.0,0.0,1.0,0.0
1622736,0.0,0.0,0.0,0.0,0.0,2.0,0.0
1623236,0.0,0.0,0.0,0.0,0.0,0.0,0.0
1623369,0.0,0.0,0.0,0.0,0.0,1.0,0.0
1623435,0.0,0.0,0.0,0.0,0.0,2.0,0.0
1623935,0.0,0.0,0.0,0.0,0.0,0.0,0.0
1624030,0.0,0.0,0.0,0.0,0.0,1.0,0.0
1624530,0.0,0.0,0.0,0.0,0.0,0.0,0.0
1626604,0.0,0.0,0.0,0.0,0.0,1.0,0.0
1627104,0.0,0.0,0.0,0.0,0.0,0.0,0.0
1628267,0.0,0.0,0.0,0.0,0.0,1.0,0.0
1628767,0.0,0.0,0.0,0.0,0.0,0.0,0.0
1629306,0.0,0.0,0.0,0.0,0.0,1.0,0.0
1629806,0.0,0.0,0.0,0.0,0.0,0.0,0.0
1629901,0.0,0.0,0.0,0.0,0.0,1.0,0.0
1630401,0.0,0.0,0.0,0.0,0.0,0.0,0.0
1630568,0.0,0.0,0.0,0.0,0.0,1.0,0.0
1631068,0.0,0.0,0.0,0.0,0.0,0.0,0.0
1631773,0.0,0.0,0.0,0.0,0.0,1.0,0.0
1632273,0.0,0.0,0.0,0.0,0.0,0.0,0.0
1632603,0.0,0.0,0.0,0.0,0.0,1.0,0.0
1633103,0.0,0.0,0.0,0.0,0.0,0.0,0.0
1633699,0.0,0.0,0.0,0.0,0.0,1.0,0.0
1634199,0.0,0.0,0.0,0.0,0.0,0.0,0.0
1634386,0.0,0.0,0.0,0.0,0.0,1.0,0.0
1634415,0.0,0.0,0.0,0.0,0.0,2.0,0.0
1634915,0.0,0.0,0.0,0.0,0.0,0.0,0.0
1635464,0.0,0.0,0.0,0.0,0.0,1.0,0.0
1635964,0.0,0.0,0.0,0.0,0.0,0.0,0.0
1636266,0.0,0.0,0.0,0.0,0.0,1.0,0.0
1636272,0.0,0.0,0.0,0.0,0.0,2.0,0.0
1636772,0.0,0.0,0.0,0.0,0.0,0.0,0.0
1637165,0.0,0.0,0.0,0.0,0.0,1.0,0.0
1637665,0.0,0.0,0.0,0.0,0.0,0.0,0.0
1638621,0.0,0.0,0.0,0.0,0.0,1.0,0.0
1639121,0.0,0.0,0.0,0.0,0.0,0.0,0.0
1639246,0.0,0.0,0.0,0.0,0.0,1.0,0.0
1639746,0.0,0.0,0.0,0.0,0.0,0.0,0.0
1639843,0.0,0.0,0.0,0.0,0.0,1.0,0.0
1639918,0.0,0.0,0.0,0.0,0.0,2.0,0.0
1640418,0.0,0.0,0.0,0.0,0.0,0.0,0.0
1641113,0.0,0.0,0.0,0.0,0.0,1.0,0.0
1641526,0.0,0.0,0.0,0.0,0.0,2.0,0.0
1642026,0.0,0.0,0.0,0.0,0.0,0.0,0.0
1642127,0.0,0.0,0.0,0.0,0.0,1.0,0.0
1642133,0.0,0.0,0.0,0.0,0.0,2.0,0.0
1642633,0.0,0.0,0.0,0.0,0.0,0.0,0.0
1643363,0.0,0.0,0.0,0.0,0.0,1.0,0.0
1643528,0.0,2.0,0.0,0.0,0.0,1.0,0.0
1643863,0.0,2.0,0.0,0.0,0.0,0.0,0.0
1644028,0.0,0.0,0.0,0.0,0.0,0.0,0.0
1644663,0.0,0.0,0.0,0.0,0.0,1.0,0.0
1645163,0.0,0.0,0.0,0.0,0.0,0.0,0.0
1645190,0.0,0.0,0.0,0.0,0.0,1.0,0.0
1645437,0.0,0.0,0.0,0.0,0.0,2.0,0.0
1645937,0.0,0.0,0.0,0.0,0.0,0.0,0.0
1647130,0.0,0.0,0.0,0.0,0.0,1.0,0.0
1647630,0.0,0.0,0.0,0.0,0.0,0.0,0.0
1647811,0.0,0.0,0.0,0.0,0.0,1.0,0.0
1648021,0.0,0.0,0.0,0.0,0.0,2.0,0.0
1648521,0.0,0.0,0.0,0.0,0.0,0.0,0.0
1649505,0.0,0.0,0.0,0.0,0.0,1.0,0.0
1649620,0.0,0.0,0.0,0.0,0.0,2.0,0.0
1650120,0.0,0.0,0.0,0.0,0.0,0.0,0.0
1650513,0.0,0.0,0.0,0.0,0.0,1.0,0.0
1650523,0.0,0.0,0.0,0.0,0.0,2.0,0.0
1651023,0.0,0.0,0.0,0.0,0.0,0.0,0.0
1651138,0.0,0.0,0.0,0.0,0.0,1.0,0.0
1651144,0.0,0.0,0.0,0.0,0.0,2.0,0.0
1651644,0.0,0.0,0.0,0.0,0.0,0.0,0.0
1652004,0.0,0.0,0.0,0.0,0.0,1.0,0.0
1652260,0.0,2.0,0.0,0.0,0.0,1.0,0.0
1652504,0.0,2.0,0.0,0.0,0.0,0.0,0.0
1652760,0.0,0.0,0.0,0.0,0.0,0.0,0.0
1655072,0.0,0.0,0.0,0.0,0.0,1.0,0.0
1655075,0.0,0.0,0.0,0.0,0.0,2.0,0.0
1655575,0.0,0.0,0.0,0.0,0.0,0.0,0.0
1655891,0.0,0.0,0.0,0.0,0.0,1.0,0.0
1656272,0.0,0.0,0.0,0.0,0.0,2.0,0.0
1656772,0.0,0.0,0.0,0.0,0.0,0.0,0.0
1656950,0.0,0.0,0.0,0.0,0.0,1.0,0.0
1656958,0.0,0.0,0.0,0.0,0.0,2.0,0.0
1657458,0.0,0.0,0.0,0.0,0.0,0.0,0.0
1658195,0.0,0.0,0.0,0.0,0.0,1.0,0.0
1658236,0.0,0.0,0.0,0.0,0.0,2.0,0.0
1658736,0.0,0.0,0.0,0.0,0.0,0.0,0.0
1658991,0.0,0.0,0.0,0.0,0.0,1.0,0.0
1658994,0.0,0.0,0.0,0.0,0.0,2.0,0.0
1659494,0.0,0.0,0.0,0.0,0.0,0.0,0.0
1660063,0.0,0.0,0.0,0.0,0.0,1.0,0.0
1660077,0.0,0.0,0.0,0.0,0.0,2.0,0.0
1660577,0.0,0.0,0.0,0.0,0.0,0.0,0.0
1660607,0.0,0.0,0.0,0.0,0.0,1.0,0.0
1660613,0.0,0.0,0.0,0.0,0.0,2.0,0.0
1661113,0.0,0.0,0.0,0.0,0.0,0.0,0.0
1661669,0.0,0.0,0.0,0.0,0.0,1.0,0.0
1661682,0.0,0.0,0.0,0.0,0.0,2.0,0.0
1662182,0.0,0.0,0.0,0.0,0.0,0.0,0.0
1662578,0.0,0.0,0.0,0.0,0.0,1.0,0.0
1662585,0.0,0.0,0.0,0.0,0.0,2.0,0.0
1663085,0.0,0.0,0.0,0.0,0.0,0.0,0.0
1663529,0.0,0.0,0.0,0.0,0.0,1.0,0.0
1664029,0.0,0.0,0.0,0.0,0.0,0.0,0.0
1664171,0.0,0.0,0.0,0.0,0.0,1.0,0.0
1664175,0.0,0.0,0.0,0.0,0.0,2.0,0.0
1664675,0.0,0.0,0.0,0.0,0.0,0.0,0.0
1664689,0.0,0.0,0.0,0.0,0.0,1.0,0.0
1664712,0.0,0.0,0.0,0.0,0.0,2.0,0.0
1665212,0.0,0.0,0.0,0.0,0.0,0.0,0.0
1665403,0.0,0.0,0.0,0.0,0.0,1.0,0.0
1665406,0.0,0.0,0.0,0.0,0.0,2.0,0.0
1665575,0.0,0.0,0.0,0.0,1.0,2.0,0.0
1665906,0.0,0.0,0.0,0.0,1.0,0.0,0.0
1666075,0.0,0.0,0.0,0.0,0.0,0.0,0.0
1666276,0.0,0.0,0.0,0.0,0.0,1.0,0.0
1666776,0.0,0.0,0.0,0.0,0.0,0.0,0.0
1667055,0.0,0.0,0.0,0.0,0.0,1.0,0.0
1667555,0.0,0.0,0.0,0.0,0.0,0.0,0.0
1667587,0.0,0.0,0.0,0.0,0.0,1.0,0.0
1667590,0.0,0.0,0.0,0.0,0.0,2.0,0.0
1668090,0.0,0.0,0.0,0.0,0.0,0.0,0.0
1668278,0.0,0.0,0.0,0.0,0.0,1.0,0.0
1668778,0.0,0.0,0.0,0.0,0.0,0.0,0.0
1668851,0.0,0.0,0.0,0.0,0.0,1.0,0.0
1669351,0.0,0.0,0.0,0.0,0.0,0.0,0.0
1671545,0.0,0.0,0.0,0.0,0.0,1.0,0.0
1672045,0.0,0.0,0.0,0.0,0.0,0.0,0.0
1672768,0.0,0.0,0.0,0.0,0.0,1.0,0.0
1672775,0.0,0.0,0.0,0.0,0.0,2.0,0.0
1673275,0.0,0.0,0.0,0.0,0.0,0.0,0.0
1673557,0.0,0.0,0.0,0.0,0.0,1.0,0.0
1674036,0.0,0.0,0.0,0.0,0.0,2.0,0.0
1674536,0.0,0.0,0.0,0.0,0.0,0.0,0.0
1674590,0.0,0.0,0.0,0.0,0.0,1.0,0.0
1675090,0.0,0.0,0.0,0.0,0.0,0.0,0.0
1675435,0.0,0.0,0.0,0.0,0.0,1.0,0.0
1675606,0.0,0.0,0.0,0.0,0.0,2.0,0.0
1676106,0.0,0.0,0.0,0.0,0.0,0.0,0.0
1676747,0.0,0.0,0.0,0.0,0.0,1.0,0.0
1676753,0.0,0.0,0.0,0.0,0.0,2.0,0.0
1677253,0.0,0.0,0.0,0.0,0.0,0.0,0.0
1677460,0.0,0.0,0.0,0.0,0.0,1.0,0.0
1677567,0.0,0.0,0.0,0.0,0.0,2.0,0.0
1678067,0.0,0.0,0.0,0.0,0.0,0.0,0.0
1678328,0.0,0.0,0.0,0.0,0.0,1.0,0.0
1678342,0.0,0.0,0.0,0.0,0.0,2.0,0.0
1678842,0.0,0.0,0.0,0.0,0.0,0.0,0.0
1679446,0.0,0.0,0.0,0.0,0.0,1.0,0.0
1679946,0.0,0.0,0.0,0.0,0.0,0.0,0.0
1680248,0.0,0.0,0.0,0.0,0.0,1.0,0.0
1680317,0.0,0.0,0.0,0.0,0.0,2.0,0.0
1680817,0.0,0.0,0.0,0.0,0.0,0.0,0.0
1681228,0.0,0.0,0.0,0.0,0.0,1.0,0.0
1681728,0.0,0.0,0.0,0.0,0.0,0.0,0.0
1682357,0.0,0.0,0.0,0.0,0.0,1.0,0.0
1682857,0.0,0.0,0.0,0.0,0.0,0.0,0.0
1683039,0.0,0.0,0.0,0.0,0.0,1.0,0.0
1683539,0.0,0.0,0.0,0.0,0.0,0.0,0.0
1683742,0.0,0.0,0.0,0.0,0.0,1.0,0.0
1683747,0.0,0.0,0.0,0.0,0.0,2.0,0.0
1684247,0.0,0.0,0.0,0.0,0.0,0.0,0.0
1686088,0.0,0.0,0.0,0.0,0.0,1.0,0.0
1686106,0.0,0.0,0.0,0.0,0.0,2.0,0.0
1686606,0.0,0.0,0.0,0.0,0.0,0.0,0.0
1687577,0.0,0.0,0.0,0.0,0.0,1.0,0.0
1688077,0.0,0.0,0.0,0.0,0.0,0.0,0.0
1688100,0.0,0.0,0.0,0.0,0.0,1.0,0.0
1688442,0.0,0.0,0.0,0.0,0.0,2.0,0.0
1688942,0.0,0.0,0.0,0.0,0.0,0.0,0.0
1690365,0.0,0.0,0.0,0.0,0.0,1.0,0.0
1690865,0.0,0.0,0.0,0.0,0.0,0.0,0.0
1691125,0.0,0.0,0.0,0.0,0.0,1.0,0.0
1691132,0.0,0.0,0.0,0.0,0.0,2.0,0.0
1691632,0.0,0.0,0.0,0.0,0.0,0.0,0.0
1691706,0.0,0.0,0.0,0.0,0.0,1.0,0.0
1692206,0.0,0.0,0.0,0.0,0.0,0.0,0.0
1692413,0.0,0.0,0.0,0.0,0.0,1.0,0.0
1692444,0.0,2.0,0.0,0.0,0.0,1.0,0.0
1692913,0.0,2.0,0.0,0.0,0.0,0.0,0.0
1692944,0.0,0.0,0.0,0.0,0.0,0.0,0.0
1693898,0.0,0.0,0.0,0.0,0.0,1.0,0.0
1694398,0.0,0.0,0.0,0.0,0.0,0.0,0.0
1694453,0.0,0.0,0.0,0.0,0.0,1.0,0.0
1694953,0.0,0.0,0.0,0.0,0.0,0.0,0.0
1695087,0.0,0.0,0.0,0.0,0.0,1.0,0.0
1695587,0.0,0.0,0.0,0.0,0.0,0.0,0.0
1695733,0.0,0.0,0.0,0.0,0.0,1.0,0.0
1696233,0.0,0.0,0.0,0.0,0.0,0.0,0.0
1696468,0.0,0.0,0.0,0.0,0.0,1.0,0.0
1696945,0.0,0.0,0.0,0.0,0.0,2.0,0.0
1697057,0.0,2.0,0.0,0.0,0.0,2.0,0.0
1697445,0.0,2.0,0.0,0.0,0.0,0.0,0.0
1697557,0.0,0.0,0.0,0.0,0.0,0.0,0.0
1698186,0.0,0.0,0.0,0.0,0.0,1.0,0.0
1698686,0.0,0.0,0.0,0.0,0.0,0.0,0.0
1699380,0.0,0.0,0.0,0.0,0.0,1.0,0.0
1699880,0.0,0.0,0.0,0.0,0.0,0.0,0.0
1702881,0.0,0.0,0.0,0.0,0.0,1.0,0.0
1703381,0.0,0.0,0.0,0.0,0.0,0.0,0.0
1708424,0.0,0.0,0.0,0.0,1.0,0.0,0.0
1708924,0.0,0.0,0.0,0.0,0.0,0.0,0.0
1710521,0.0,0.0,0.0,0.0,0.0,1.0,0.0
1711021,0.0,0.0,0.0,0.0,0.0,0.0,0.0
1713484,0.0,0.0,0.0,0.0,0.0,1.0,0.0
1713984,0.0,0.0,0.0,0.0,0.0,0.0,0.0
1714609,0.0,0.0,0.0,0.0,0.0,1.0,0.0
1715109,0.0,0.0,0.0,0.0,0.0,0.0,0.0
1716461,0.0,0.0,0.0,0.0,0.0,1.0,0.0
1716961,0.0,0.0,0.0,0.0,0.0,0.0,0.0
1717110,0.0,0.0,0.0,0.0,0.0,1.0,0.0
1717610,0.0,0.0,0.0,0.0,0.0,0.0,0.0
1717804,0.0,0.0,0.0,0.0,0.0,1.0,0.0
1717808,0.0,0.0,0.0,0.0,0.0,2.0,0.0
1718308,0.0,0.0,0.0,0.0,0.0,0.0,0.0
1719191,0.0,0.0,0.0,0.0,0.0,1.0,0.0
1719193,0.0,0.0,0.0,0.0,0.0,2.0,0.0
1719693,0.0,0.0,0.0,0.0,0.0,0.0,0.0
1725356,0.0,0.0,0.0,0.0,0.0,1.0,0.0
1725856,0.0,0.0,0.0,0.0,0.0,0.0,0.0
1726239,0.0,0.0,0.0,0.0,0.0,1.0,0.0
1726739,0.0,0.0,0.0,0.0,0.0,0.0,0.0
1727534,0.0,0.0,0.0,0.0,0.0,1.0,0.0
1728034,0.0,0.0,0.0,0.0,0.0,0.0,0.0
1728168,0.0,0.0,0.0,0.0,0.0,1.0,0.0
1728668,0.0,0.0,0.0,0.0,0.0,0.0,0.0
1729890,0.0,0.0,0.0,0.0,0.0,1.0,0.0
1730390,0.0,0.0,0.0,0.0,0.0,0.0,0.0
1732949,0.0,0.0,0.0,0.0,0.0,1.0,0.0
1733449,0.0,0.0,0.0,0.0,0.0,0.0,0.0
1737872,0.0,0.0,0.0,0.0,0.0,1.0,0.0
1738372,0.0,0.0,0.0,0.0,0.0,0.0,0.0
1739219,0.0,0.0,0.0,0.0,0.0,1.0,0.0
1739719,0.0,0.0,0.0,0.0,0.0,0.0,0.0
1742177,0.0,0.0,0.0,0.0,0.0,1.0,0.0
1742677,0.0,0.0,0.0,0.0,0.0,0.0,0.0
1744261,0.0,0.0,0.0,0.0,0.0,1.0,0.0
1744761,0.0,0.0,0.0,0.0,0.0,0.0,0.0
1746873,0.0,0.0,0.0,0.0,0.0,1.0,0.0
1747373,0.0,0.0,0.0,0.0,0.0,0.0,0.0
1747862,0.0,0.0,0.0,0.0,0.0,1.0,0.0
1748362,0.0,0.0,0.0,0.0,0.0,0.0,0.0
1748736,0.0,0.0,0.0,0.0,0.0,1.0,0.0
1748739,0.0,0.0,0.0,0.0,0.0,2.0,0.0
1749239,0.0,0.0,0.0,0.0,0.0,0.0,0.0
1752345,0.0,0.0,0.0,0.0,0.0,1.0,0.0
1752845,0.0,0.0,0.0,0.0,0.0,0.0,0.0
1754680,0.0,0.0,0.0,0.0,0.0,1.0,0.0
1755180,0.0,0.0,0.0,0.0,0.0,0.0,0.0
1756276,0.0,0.0,0.0,0.0,0.0,1.0,0.0
1756776,0.0,0.0,0.0,0.0,0.0,0.0,0.0
1756860,0.0,0.0,0.0,0.0,0.0,1.0,0.0
1757364,0.0,0.0,0.0,0.0,0.0,2.0,0.0
1757864,0.0,0.0,0.0,0.0,0.0,0.0,0.0
1760956,0.0,0.0,0.0,0.0,0.0,1.0,0.0
1760958,0.0,0.0,0.0,0.0,0.0,2.0,0.0
1761458,0.0,0.0,0.0,0.0,0.0,0.0,0.0
1764422,0.0,0.0,0.0,0.0,1.0,0.0,0.0
1764424,0.0,0.0,0.0,0.0,2.0,0.0,0.0
1764924,0.0,0.0,0.0,0.0,0.0,0.0,0.0
1767111,0.0,0.0,0.0,0.0,0.0,1.0,0.0
1767611,0.0,0.0,0.0,0.0,0.0,0.0,0.0
1769294,0.0,0.0,0.0,0.0,0.0,1.0,0.0
1769794,0.0,0.0,0.0,0.0,0.0,0.0,0.0
1771058,0.0,0.0,0.0,0.0,0.0,1.0,0.0
1771059,0.0,0.0,0.0,0.0,0.0,2.0,0.0
1771559,0.0,0.0,0.0,0.0,0.0,0.0,0.0
1775623,0.0,0.0,0.0,0.0,0.0,1.0,0.0
1775627,0.0,0.0,0.0,0.0,0.0,2.0,0.0
1776127,0.0,0.0,0.0,0.0,0.0,0.0,0.0
1776998,0.0,0.0,0.0,0.0,0.0,1.0,0.0
1777002,0.0,0.0,0.0,0.0,1.0,1.0,0.0
1777498,0.0,0.0,0.0,0.0,1.0,0.0,0.0
1777502,0.0,0.0,0.0,0.0,0.0,0.0,0.0
1780544,0.0,0.0,0.0,0.0,0.0,1.0,0.0
1781044,0.0,0.0,0.0,0.0,0.0,0.0,0.0
1781954,0.0,0.0,0.0,0.0,0.0,1.0,0.0
1781956,0.0,0.0,0.0,0.0,0.0,2.0,0.0
1782456,0.0,0.0,0.0,0.0,0.0,0.0,0.0
1789263,0.0,0.0,0.0,0.0,0.0,1.0,0.0
1789265,0.0,0.0,0.0,0.0,0.0,2.0,0.0
1789765,0.0,0.0,0.0,0.0,0.0,0.0,0.0
1791512,0.0,0.0,0.0,0.0,0.0,1.0,0.0
1792012,0.0,0.0,0.0,0.0,0.0,0.0,0.0
1792709,0.0,0.0,0.0,0.0,0.0,1.0,0.0
1793209,0.0,0.0,0.0,0.0,0.0,0.0,0.0
1795088,0.0,0.0,0.0,0.0,0.0,1.0,0.0
1795588,0.0,0.0,0.0,0.0,0.0,0.0,0.0
1800000,0.0,0.0,0.0,0.0,0.0,0.0,1.0
1800011,0.0,0.0,0.0,0.0,0.0,1.0,1.0
1800014,0.0,0.0,0.0,0.0,0.0,2.0,1.0
1800095,2.0,0.0,0.0,0.0,0.0,2.0,1.0
1800124,2.0,2.0,0.0,0.0,0.0,2.0,1.0
1800392,2.0,2.0,0.0,0.0,1.0,2.0,1.0
1800456,2.0,2.0,0.0,0.0,2.0,2.0,1.0
1800500,2.0,2.0,0.0,0.0,2.0,2.0,0.0
1800514,2.0,2.0,0.0,0.0,2.0,0.0,0.0
1800595,0.0,2.0,0.0,0.0,2.0,0.0,0.0
1800624,0.0,0.0,0.0,0.0,2.0,0.0,0.0
1800956,0.0,0.0,0.0,0.0,0.0,0.0,0.0
1801195,0.0,0.0,1.0,0.0,0.0,0.0,0.0
1802224,0.0,0.0,1.0,0.0,0.0,1.0,0.0
1802529,0.0,0.0,1.0,0.0,0.0,2.0,0.0
1802843,0.0,0.0,2.0,0.0,0.0,2.0,0.0
1803029,0.0,0.0,2.0,0.0,0.0,0.0,0.0
1803343,0.0,0.0,0.0,0.0,0.0,0.0,0.0
1804472,0.0,0.0,0.0,0.0,0.0,1.0,0.0
1804972,0.0,0.0,0.0,0.0,0.0,0.0,0.0
1805261,0.0,0.0,0.0,0.0,0.0,1.0,0.0
1805364,0.0,0.0,1.0,0.0,0.0,1.0,0.0
1805761,0.0,0.0,1.0,0.0,0.0,0.0,0.0
1806093,0.0,0.0,1.0,0.0,0.0,1.0,0.0
1806593,0.0,0.0,1.0,0.0,0.0,0.0,0.0
1806864,0.0,0.0,0.0,0.0,0.0,0.0,0.0
1807564,0.0,0.0,0.0,0.0,0.0,1.0,0.0
1808064,0.0,0.0,0.0,0.0,0.0,0.0,0.0
1808662,0.0,0.0,0.0,0.0,0.0,1.0,0.0
1809162,0.0,0.0,0.0,0.0,0.0,0.0,0.0
1809236,0.0,0.0,0.0,0.0,0.0,1.0,0.0
1809247,0.0,0.0,0.0,0.0,0.0,2.0,0.0
1809747,0.0,0.0,0.0,0.0,0.0,0.0,0.0
1809782,0.0,0.0,1.0,0.0,0.0,0.0,0.0
1810282,0.0,0.0,0.0,0.0,0.0,0.0,0.0
1810293,0.0,0.0,0.0,0.0,0.0,1.0,0.0
1810793,0.0,0.0,0.0,0.0,0.0,0.0,0.0
1811229,0.0,0.0,1.0,0.0,0.0,0.0,0.0
1811456,0.0,0.0,1.0,0.0,0.0,1.0,0.0
1811729,0.0,0.0,0.0,0.0,0.0,1.0,0.0
1811956,0.0,0.0,0.0,0.0,0.0,0.0,0.0
1811987,0.0,0.0,1.0,0.0,0.0,0.0,0.0
1812368,0.0,0.0,1.0,0.0,0.0,1.0,0.0
1812376,0.0,0.0,1.0,0.0,0.0,2.0,0.0
1812876,0.0,0.0,1.0,0.0,0.0,1.0,0.0
1812877,0.0,0.0,1.0,0.0,0.0,2.0,0.0
1813377,0.0,0.0,1.0,0.0,0.0,0.0,0.0
1813487,0.0,0.0,0.0,0.0,0.0,0.0,0.0
1814220,0.0,0.0,0.0,0.0,0.0,1.0,0.0
1814313,0.0,0.0,0.0,0.0,0.0,2.0,0.0
1814813,0.0,0.0,0.0,0.0,0.0,0.0,0.0
1815076,0.0,0.0,0.0,0.0,0.0,1.0,0.0
1815576,0.0,0.0,0.0,0.0,0.0,0.0,0.0
1815813,0.0,0.0,0.0,0.0,0.0,1.0,0.0
1816313,0.0,0.0,0.0,0.0,0.0,0.0,0.0
1817108,0.0,0.0,0.0,0.0,0.0,1.0,0.0
1817608,0.0,0.0,0.0,0.0,0.0,0.0,0.0
1817964,0.0,0.0,0.0,0.0,0.0,1.0,0.0
1818464,0.0,0.0,0.0,0.0,0.0,0.0,0.0
1819074,0.0,0.0,0.0,0.0,0.0,1.0,0.0
1819574,0.0,0.0,0.0,0.0,0.0,0.0,0.0
1819731,0.0,0.0,0.0,0.0,0.0,1.0,0.0
1819758,0.0,0.0,0.0,0.0,0.0,2.0,0.0
1820258,0.0,0.0,0.0,0.0,0.0,0.0,0.0
1820340,0.0,0.0,0.0,0.0,0.0,1.0,0.0
1820343,0.0,0.0,0.0,0.0,0.0,2.0,0.0
1820843,0.0,0.0,0.0,0.0,0.0,0.0,0.0
1820898,0.0,0.0,0.0,0.0,0.0,1.0,0.0
1821398,0.0,0.0,0.0,0.0,0.0,0.0,0.0
1822050,0.0,0.0,0.0,0.0,0.0,1.0,0.0
1822550,0.0,0.0,0.0,0.0,0.0,0.0,0.0
1822782,0.0,0.0,0.0,0.0,0.0,1.0,0.0
1822923,0.0,0.0,0.0,0.0,0.0,2.0,0.0
1823423,0.0,0.0,0.0,0.0,0.0,0.0,0.0
1823508,0.0,0.0,0.0,0.0,0.0,1.0,0.0
1824008,0.0,0.0,0.0,0.0,0.0,0.0,0.0
1824506,0.0,0.0,0.0,0.0,0.0,1.0,0.0
1825006,0.0,0.0,0.0,0.0,0.0,0.0,0.0
1825273,0.0,0.0,0.0,0.0,0.0,1.0,0.0
1825773,0.0,0.0,0.0,0.0,0.0,0.0,0.0
1826139,0.0,0.0,0.0,0.0,0.0,1.0,0.0
1826639,0.0,0.0,0.0,0.0,0.0,0.0,0.0
1827072,0.0,0.0,0.0,0.0,0.0,1.0,0.0
1827572,0.0,0.0,0.0,0.0,0.0,0.0,0.0
1827583,0.0,0.0,0.0,0.0,0.0,1.0,0.0
1828083,0.0,0.0,0.0,0.0,0.0,0.0,0.0
1828400,0.0,0.0,0.0,0.0,0.0,1.0,0.0
1828413,0.0,0.0,0.0,0.0,0.0,2.0,0.0
1828913,0.0,0.0,0.0,0.0,0.0,0.0,0.0
1829122,0.0,2.0,0.0,0.0,0.0,0.0,0.0
1829622,0.0,0.0,0.0,0.0,0.0,0.0,0.0
1829981,0.0,0.0,0.0,0.0,0.0,1.0,0.0
1830481,0.0,0.0,0.0,0.0,0.0,0.0,0.0
1830535,0.0,0.0,0.0,0.0,0.0,1.0,0.0
1830546,0.0,0.0,0.0,0.0,0.0,2.0,0.0
1831046,0.0,0.0,0.0,0.0,0.0,0.0,0.0
1831657,0.0,0.0,0.0,0.0,0.0,1.0,0.0
1831660,0.0,0.0,0.0,0.0,0.0,2.0,0.0
1832160,0.0,0.0,0.0,0.0,0.0,0.0,0.0
1832304,0.0,0.0,0.0,0.0,0.0,1.0,0.0
1832804,0.0,0.0,0.0,0.0,0.0,0.0,0.0
1832936,0.0,0.0,0.0,0.0,0.0,1.0,0.0
1833436,0.0,0.0,0.0,0.0,0.0,0.0,0.0
1833520,0.0,0.0,0.0,0.0,0.0,1.0,0.0
1833553,0.0,0.0,0.0,0.0,0.0,2.0,0.0
1834053,0.0,0.0,0.0,0.0,0.0,0.0,0.0
1834126,0.0,0.0,0.0,0.0,0.0,1.0,0.0
1834626,0.0,0.0,0.0,0.0,0.0,0.0,0.0
1834724,0.0,0.0,0.0,0.0,0.0,1.0,0.0
1834928,0.0,2.0,0.0,0.0,0.0,1.0,0.0
1835224,0.0,2.0,0.0,0.0,0.0,0.0,0.0
1835428,0.0,0.0,0.0,0.0,0.0,0.0,0.0
1835943,0.0,0.0,0.0,0.0,0.0,1.0,0.0
1836065,0.0,0.0,0.0,0.0,0.0,2.0,0.0
1836565,0.0,0.0,0.0,0.0,0.0,0.0,0.0
1836624,0.0,0.0,0.0,0.0,0.0,1.0,0.0
1836629,0.0,0.0,0.0,0.0,0.0,2.0,0.0
1837129,0.0,0.0,0.0,0.0,0.0,0.0,0.0
1837384,0.0,0.0,0.0,0.0,0.0,1.0,0.0
1837388,0.0,0.0,0.0,0.0,0.0,2.0,0.0
1837888,0.0,0.0,0.0,0.0,0.0,0.0,0.0
1838153,0.0,0.0,0.0,0.0,0.0,1.0,0.0
1838653,0.0,0.0,0.0,0.0,0.0,0.0,0.0
1839310,0.0,0.0,0.0,0.0,0.0,1.0,0.0
1839810,0.0,0.0,0.0,0.0,0.0,0.0,0.0
1839870,0.0,0.0,0.0,0.0,0.0,1.0,0.0
1839874,0.0,0.0,0.0,0.0,0.0,2.0,0.0
1840374,0.0,0.0,0.0,0.0,0.0,0.0,0.0
1840799,0.0,0.0,0.0,0.0,0.0,1.0,0.0
1841299,0.0,0.0,0.0,0.0,0.0,0.0,0.0
1841502,0.0,0.0,0.0,0.0,0.0,1.0,0.0
1841516,0.0,2.0,0.0,0.0,0.0,1.0,0.0
1842002,0.0,2.0,0.0,0.0,0.0,0.0,0.0
1842016,0.0,0.0,0.0,0.0,0.0,0.0,0.0
1842559,0.0,0.0,0.0,0.0,0.0,1.0,0.0
1842741,0.0,0.0,0.0,0.0,0.0,2.0,0.0
1843241,0.0,0.0,0.0,0.0,0.0,0.0,0.0
1843512,0.0,0.0,0.0,0.0,0.0,1.0,0.0
1843540,0.0,0.0,1.0,0.0,0.0,1.0,0.0
1844012,0.0,0.0,1.0,0.0,0.0,0.0,0.0
1845307,0.0,0.0,1.0,0.0,0.0,1.0,0.0
1845807,0.0,0.0,1.0,0.0,0.0,0.0,0.0
1846290,0.0,0.0,1.0,0.0,0.0,1.0,0.0
1846669,0.0,0.0,1.0,0.0,0.0,2.0,0.0
1847169,0.0,0.0,1.0,0.0,0.0,0.0,0.0
1847202,0.0,0.0,1.0,0.0,0.0,1.0,0.0
1847366,0.0,0.0,1.0,0.0,1.0,1.0,0.0
1847702,0.0,0.0,1.0,0.0,1.0,0.0,0.0
1847866,0.0,0.0,1.0,0.0,0.0,0.0,0.0
1848053,0.0,0.0,1.0,0.0,1.0,0.0,0.0
1848054,0.0,0.0,1.0,0.0,1.0,1.0,0.0
1848553,0.0,0.0,1.0,0.0,0.0,1.0,0.0
1848554,0.0,0.0,1.0,0.0,0.0,0.0,0.0
1848829,0.0,0.0,1.0,0.0,0.0,1.0,0.0
1849329,0.0,0.0,1.0,0.0,0.0,0.0,0.0
1849963,0.0,0.0,1.0,0.0,0.0,1.0,0.0
1850096,0.0,0.0,1.0,0.0,0.0,2.0,0.0
1850596,0.0,0.0,1.0,0.0,0.0,0.0,0.0
1851483,0.0,0.0,1.0,0.0,0.0,1.0,0.0
1851983,0.0,0.0,1.0,0.0,0.0,0.0,0.0
1852789,0.0,0.0,1.0,0.0,0.0,1.0,0.0
1852915,0.0,0.0,1.0,0.0,0.0,2.0,0.0
1853415,0.0,0.0,1.0,0.0,0.0,0.0,0.0
1853580,0.0,0.0,1.0,0.0,0.0,1.0,0.0
1854080,0.0,0.0,1.0,0.0,0.0,0.0,0.0
1854352,0.0,0.0,1.0,0.0,0.0,1.0,0.0
1854549,0.0,0.0,1.0,0.0,0.0,2.0,0.0
1855049,0.0,0.0,1.0,0.0,0.0,0.0,0.0
1855315,0.0,0.0,1.0,0.0,0.0,1.0,0.0
1855540,0.0,0.0,0.0,0.0,0.0,1.0,0.0
1855544,0.0,0.0,1.0,0.0,0.0,1.0,0.0
1855599,0.0,0.0,1.0,0.0,0.0,2.0,0.0
1856044,0.0,0.0,0.0,0.0,0.0,2.0,0.0
1856099,0.0,0.0,0.0,0.0,0.0,0.0,0.0
1856228,0.0,0.0,1.0,0.0,0.0,0.0,0.0
1856724,0.0,0.0,1.0,0.0,0.0,1.0,0.0
1856728,0.0,0.0,0.0,0.0,0.0,1.0,0.0
1857040,0.0,0.0,1.0,0.0,0.0,1.0,0.0
1857224,0.0,0.0,1.0,0.0,0.0,0.0,0.0
1857540,0.0,0.0,0.0,0.0,0.0,0.0,0.0
1857568,0.0,0.0,1.0,0.0,0.0,0.0,0.0
1857921,0.0,0.0,1.0,0.0,0.0,1.0,0.0
1858068,0.0,0.0,0.0,0.0,0.0,1.0,0.0
1858300,0.0,0.0,0.0,0.0,0.0,2.0,0.0
1858303,0.0,0.0,1.0,0.0,0.0,2.0,0.0
1858800,0.0,0.0,1.0,0.0,0.0,0.0,0.0
1860303,0.0,0.0,0.0,0.0,0.0,0.0,0.0
1860394,0.0,0.0,1.0,0.0,0.0,0.0,0.0
1860894,0.0,0.0,0.0,0.0,0.0,0.0,0.0
1861017,0.0,0.0,1.0,0.0,0.0,0.0,0.0
1862212,0.0,0.0,1.0,0.0,0.0,1.0,0.0
1862218,0.0,0.0,1.0,0.0,0.0,2.0,0.0
1862718,0.0,0.0,1.0,0.0,0.0,0.0,0.0
1862771,0.0,0.0,1.0,0.0,0.0,1.0,0.0
1863271,0.0,0.0,1.0,0.0,0.0,0.0,0.0
1863779,0.0,0.0,1.0,0.0,0.0,1.0,0.0
1864263,0.0,0.0,1.0,0.0,0.0,2.0,0.0
1864763,0.0,0.0,1.0,0.0,0.0,0.0,0.0
1865262,0.0,0.0,1.0,0.0,0.0,1.0,0.0
1865265,0.0,0.0,1.0,0.0,0.0,2.0,0.0
1865765,0.0,0.0,1.0,0.0,0.0,0.0,0.0
1866847,0.0,0.0,1.0,0.0,0.0,1.0,0.0
1867347,0.0,0.0,1.0,0.0,0.0,0.0,0.0
1867446,0.0,0.0,1.0,0.0,0.0,1.0,0.0
1867452,0.0,0.0,1.0,0.0,0.0,2.0,0.0
1867952,0.0,0.0,1.0,0.0,0.0,0.0,0.0
1868046,0.0,0.0,1.0,0.0,0.0,1.0,0.0
1868161,0.0,0.0,1.0,0.0,0.0,2.0,0.0
1868661,0.0,0.0,1.0,0.0,0.0,0.0,0.0
1869179,0.0,0.0,1.0,0.0,0.0,1.0,0.0
1869679,0.0,0.0,1.0,0.0,0.0,0.0,0.0
1869843,0.0,0.0,1.0,0.0,0.0,1.0,0.0
1869846,0.0,0.0,1.0,0.0,0.0,2.0,0.0
1870346,0.0,0.0,1.0,0.0,0.0,0.0,0.0
1870515,0.0,0.0,1.0,0.0,0.0,1.0,0.0
1870567,0.0,2.0,1.0,0.0,0.0,1.0,0.0
1871015,0.0,2.0,1.0,0.0,0.0,0.0,0.0
1871067,0.0,0.0,1.0,0.0,0.0,0.0,0.0
1872259,0.0,0.0,1.0,0.0,0.0,1.0,0.0
1872759,0.0,0.0,1.0,0.0,0.0,0.0,0.0
1873712,0.0,0.0,1.0,0.0,0.0,1.0,0.0
1873726,0.0,0.0,1.0,0.0,0.0,2.0,0.0
1874226,0.0,0.0,1.0,0.0,0.0,0.0,0.0
1874590,0.0,0.0,1.0,0.0,0.0,1.0,0.0
1875090,0.0,0.0,1.0,0.0,0.0,0.0,0.0
1875120,0.0,0.0,1.0,0.0,0.0,1.0,0.0
1875244,0.0,0.0,1.0,0.0,0.0,2.0,0.0
1875744,0.0,0.0,1.0,0.0,0.0,0.0,0.0
1875934,0.0,0.0,1.0,0.0,0.0,1.0,0.0
1876434,0.0,0.0,1.0,0.0,0.0,0.0,0.0
1876732,0.0,0.0,1.0,0.0,0.0,1.0,0.0
1877232,0.0,0.0,1.0,0.0,0.0,0.0,0.0
1877369,0.0,0.0,1.0,0.0,0.0,1.0,0.0
1877869,0.0,0.0,1.0,0.0,0.0,0.0,0.0
1878001,0.0,0.0,1.0,0.0,0.0,1.0,0.0
1878501,0.0,0.0,1.0,0.0,0.0,0.0,0.0
1878612,0.0,0.0,1.0,0.0,0.0,1.0,0.0
1879112,0.0,0.0,1.0,0.0,0.0,0.0,0.0
1879440,0.0,0.0,1.0,0.0,0.0,1.0,0.0
1879940,0.0,0.0,1.0,0.0,0.0,0.0,0.0
1880366,0.0,0.0,1.0,0.0,0.0,1.0,0.0
1880866,0.0,0.0,1.0,0.0,0.0,0.0,0.0
1880990,0.0,0.0,1.0,0.0,0.0,1.0,0.0
1881071,0.0,0.0,1.0,0.0,0.0,2.0,0.0
1881571,0.0,0.0,1.0,0.0,0.0,0.0,0.0
1882075,0.0,0.0,1.0,0.0,0.0,1.0,0.0
1882207,0.0,0.0,1.0,0.0,0.0,2.0,0.0
1882707,0.0,0.0,1.0,0.0,0.0,0.0,0.0
1882819,0.0,0.0,1.0,0.0,0.0,1.0,0.0
1883319,0.0,0.0,1.0,0.0,0.0,0.0,0.0
1883564,0.0,0.0,1.0,0.0,0.0,1.0,0.0
1883573,0.0,0.0,1.0,0.0,0.0,2.0,0.0
1884073,0.0,0.0,1.0,0.0,0.0,0.0,0.0
1885349,0.0,0.0,1.0,0.0,0.0,1.0,0.0
1885353,0.0,0.0,1.0,0.0,0.0,2.0,0.0
1885853,0.0,0.0,1.0,0.0,0.0,0.0,0.0
1886756,0.0,0.0,1.0,0.0,0.0,1.0,0.0
1887190,0.0,0.0,1.0,0.0,0.0,2.0,0.0
1887690,0.0,0.0,1.0,0.0,0.0,0.0,0.0
1888557,0.0,0.0,1.0,0.0,0.0,1.0,0.0
1888560,0.0,0.0,1.0,0.0,0.0,2.0,0.0
1889060,0.0,0.0,1.0,0.0,0.0,0.0,0.0
1889253,0.0,0.0,1.0,0.0,0.0,1.0,0.0
1889260,0.0,0.0,1.0,0.0,0.0,2.0,0.0
1889760,0.0,0.0,1.0,0.0,0.0,0.0,0.0
1889865,0.0,0.0,1.0,0.0,0.0,1.0,0.0
1890365,0.0,0.0,1.0,0.0,0.0,0.0,0.0
1890509,0.0,2.0,1.0,0.0,0.0,0.0,0.0
1890688,0.0,2.0,1.0,0.0,0.0,1.0,0.0
1890827,0.0,2.0,1.0,0.0,0.0,2.0,0.0
1891009,0.0,0.0,1.0,0.0,0.0,2.0,0.0
1891327,0.0,0.0,1.0,0.0,0.0,0.0,0.0
1891750,0.0,0.0,1.0,0.0,0.0,1.0,0.0
1892250,0.0,0.0,1.0,0.0,0.0,0.0,0.0
1893850,0.0,0.0,1.0,0.0,0.0,1.0,0.0
1894350,0.0,0.0,1.0,0.0,0.0,0.0,0.0
1895061,0.0,0.0,1.0,0.0,0.0,1.0,0.0
1895561,0.0,0.0,1.0,0.0,0.0,0.0,0.0
1896204,0.0,0.0,1.0,0.0,0.0,1.0,0.0
1896704,0.0,0.0,1.0,0.0,0.0,0.0,0.0
1896736,0.0,0.0,1.0,0.0,0.0,1.0,0.0
1897236,0.0,0.0,1.0,0.0,0.0,0.0,0.0
1897269,0.0,0.0,1.0,0.0,0.0,1.0,0.0
1897769,0.0,0.0,1.0,0.0,0.0,0.0,0.0
1897832,0.0,0.0,1.0,0.0,0.0,1.0,0.0
1898332,0.0,0.0,1.0,0.0,0.0,0.0,0.0
1898699,0.0,0.0,1.0,0.0,0.0,1.0,0.0
1899199,0.0,0.0,1.0,0.0,0.0,0.0,0.0
1900517,0.0,0.0,0.0,0.0,0.0,0.0,0.0
1901988,0.0,0.0,0.0,0.0,0.0,1.0,0.0
1902488,0.0,0.0,0.0,0.0,0.0,0.0,0.0
1903495,0.0,0.0,0.0,0.0,0.0,1.0,0.0
1903995,0.0,0.0,0.0,0.0,0.0,0.0,0.0
1904106,0.0,0.0,0.0,0.0,0.0,1.0,0.0
1904606,0.0,0.0,0.0,0.0,0.0,0.0,0.0
1908737,0.0,0.0,0.0,0.0,0.0,1.0,0.0
1909237,0.0,0.0,0.0,0.0,0.0,0.0,0.0
1915057,0.0,0.0,0.0,0.0,0.0,1.0,0.0
1915557,0.0,0.0,0.0,0.0,0.0,0.0,0.0
1917910,0.0,0.0,0.0,0.0,0.0,1.0,0.0
1918410,0.0,0.0,0.0,0.0,0.0,0.0,0.0
1923769,0.0,0.0,0.0,0.0,0.0,1.0,0.0
1924269,0.0,0.0,0.0,0.0,0.0,0.0,0.0
1924630,0.0,0.0,0.0,0.0,0.0,1.0,0.0
1925130,0.0,0.0,0.0,0.0,0.0,0.0,0.0
1925269,0.0,0.0,0.0,0.0,0.0,1.0,0.0
1925769,0.0,0.0,0.0,0.0,0.0,0.0,0.0
1927516,0.0,0.0,0.0,0.0,0.0,1.0,0.0
1928016,0.0,0.0,0.0,0.0,0.0,0.0,0.0
1928276,0.0,0.0,0.0,0.0,0.0,1.0,0.0
1928776,0.0,0.0,0.0,0.0,0.0,0.0,0.0
1928871,0.0,0.0,0.0,0.0,0.0,1.0,0.0
1929371,0.0,0.0,0.0,0.0,0.0,0.0,0.0
1931051,0.0,0.0,0.0,0.0,0.0,1.0,0.0
1931498,0.0,0.0,0.0,0.0,0.0,2.0,0.0
1931998,0.0,0.0,0.0,0.0,0.0,0.0,0.0
1933220,0.0,0.0,0.0,0.0,0.0,1.0,0.0
1933720,0.0,0.0,0.0,0.0,0.0,0.0,0.0
1944321,0.0,0.0,0.0,0.0,0.0,1.0,0.0
1944821,0.0,0.0,0.0,0.0,0.0,0.0,0.0
1945185,0.0,0.0,0.0,0.0,0.0,1.0,0.0
1945685,0.0,0.0,0.0,0.0,0.0,0.0,0.0
1949003,0.0,0.0,0.0,0.0,0.0,1.0,0.0
1949503,0.0,0.0,0.0,0.0,0.0,0.0,0.0
1950435,0.0,0.0,0.0,0.0,0.0,1.0,0.0
1950935,0.0,0.0,0.0,0.0,0.0,0.0,0.0
1951435,0.0,0.0,0.0,0.0,0.0,1.0,0.0
1951935,0.0,0.0,0.0,0.0,0.0,0.0,0.0
1952096,0.0,0.0,0.0,0.0,0.0,1.0,0.0
1952596,0.0,0.0,0.0,0.0,0.0,0.0,0.0
1955016,0.0,0.0,0.0,0.0,0.0,1.0,0.0
1955516,0.0,0.0,0.0,0.0,0.0,0.0,0.0
1956457,0.0,0.0,0.0,0.0,0.0,1.0,0.0
1956957,0.0,0.0,0.0,0.0,0.0,0.0,0.0
1958408,0.0,0.0,0.0,0.0,0.0,1.0,0.0
1958908,0.0,0.0,0.0,0.0,0.0,0.0,0.0
1960067,0.0,0.0,0.0,0.0,0.0,1.0,0.0
1960567,0.0,0.0,0.0,0.0,0.0,0.0,0.0
1961422,0.0,0.0,0.0,0.0,0.0,1.0,0.0
1961424,0.0,0.0,0.0,0.0,0.0,2.0,0.0
1961924,0.0,0.0,0.0,0.0,0.0,0.0,0.0
1962465,0.0,0.0,0.0,0.0,0.0,1.0,0.0
1962965,0.0,0.0,0.0,0.0,0.0,0.0,0.0
1964746,0.0,0.0,0.0,0.0,0.0,1.0,0.0
1965246,0.0,0.0,0.0,0.0,0.0,0.0,0.0
1967557,0.0,0.0,0.0,0.0,0.0,1.0,0.0
1968057,0.0,0.0,0.0,0.0,0.0,0.0,0.0
1970257,0.0,0.0,0.0,0.0,0.0,1.0,0.0
1970757,0.0,0.0,0.0,0.0,0.0,0.0,0.0
1972904,0.0,0.0,0.0,0.0,0.0,1.0,0.0
1973404,0.0,0.0,0.0,0.0,0.0,0.0,0.0
1979975,0.0,0.0,0.0,0.0,0.0,1.0,0.0
1980475,0.0,0.0,0.0,0.0,0.0,0.0,0.0
1981153,0.0,0.0,0.0,0.0,1.0,0.0,0.0
1981653,0.0,0.0,0.0,0.0,0.0,0.0,0.0
1981714,0.0,0.0,0.0,0.0,0.0,1.0,0.0
1982214,0.0,0.0,0.0,0.0,0.0,0.0,0.0
1982940,0.0,0.0,0.0,0.0,0.0,1.0,0.0
1983440,0.0,0.0,0.0,0.0,0.0,0.0,0.0
1986770,0.0,0.0,0.0,0.0,0.0,1.0,0.0
1987270,0.0,0.0,0.0,0.0,0.0,0.0,0.0
1989224,0.0,0.0,0.0,0.0,0.0,1.0,0.0
1989724,0.0,0.0,0.0,0.0,0.0,0.0,0.0
1990642,0.0,0.0,0.0,0.0,0.0,1.0,0.0
1991142,0.0,0.0,0.0,0.0,0.0,0.0,0.0
1992033,0.0,0.0,0.0,0.0,0.0,1.0,0.0
1992533,0.0,0.0,0.0,0.0,0.0,0.0,0.0
1994379,0.0,0.0,0.0,0.0,0.0,1.0,0.0
1994879,0.0,0.0,0.0,0.0,0.0,0.0,0.0
1998550,0.0,0.0,0.0,0.0,0.0,1.0,0.0
1998552,0.0,0.0,0.0,0.0,0.0,2.0,0.0
1999052,0.0,0.0,0.0,0.0,0.0,0.0,0.0
2000000,0.0,0.0,0.0,0.0,0.0,0.0,1.0
2000032,0.0,0.0,0.0,0.0,0.0,1.0,1.0
2000035,0.0,0.0,0.0,0.0,0.0,2.0,1.0
2000095,2.0,0.0,0.0,0.0,0.0,2.0,1.0
2000216,2.0,2.0,0.0,0.0,0.0,2.0,1.0
