,ADWIN,CUSUM,DDM,GeometricMovingAverage,HDDMAverage,HDDMWeighted,Ground-truth
58,0.0,0.0,1.0,0.0,0.0,0.0,0.0
702,0.0,0.0,1.0,0.0,0.0,1.0,0.0
1202,0.0,0.0,1.0,0.0,0.0,0.0,0.0
1558,0.0,0.0,0.0,0.0,0.0,0.0,0.0
2122,0.0,0.0,0.0,0.0,0.0,1.0,0.0
2622,0.0,0.0,0.0,0.0,0.0,0.0,0.0
2716,0.0,0.0,0.0,0.0,0.0,1.0,0.0
3175,0.0,0.0,0.0,0.0,0.0,2.0,0.0
3675,0.0,0.0,0.0,0.0,0.0,0.0,0.0
4005,0.0,0.0,0.0,0.0,0.0,1.0,0.0
4505,0.0,0.0,0.0,0.0,0.0,0.0,0.0
7496,0.0,0.0,0.0,0.0,0.0,1.0,0.0
7522,0.0,0.0,0.0,0.0,0.0,2.0,0.0
7548,0.0,0.0,0.0,0.0,1.0,2.0,0.0
8022,0.0,0.0,0.0,0.0,1.0,0.0,0.0
8048,0.0,0.0,0.0,0.0,0.0,0.0,0.0
8149,0.0,0.0,0.0,0.0,0.0,1.0,0.0
8164,0.0,0.0,0.0,0.0,0.0,2.0,0.0
8664,0.0,0.0,0.0,0.0,0.0,0.0,0.0
8747,0.0,0.0,0.0,0.0,0.0,1.0,0.0
8776,0.0,0.0,0.0,0.0,0.0,2.0,0.0
9276,0.0,0.0,0.0,0.0,0.0,0.0,0.0
10662,0.0,0.0,0.0,0.0,0.0,1.0,0.0
11162,0.0,0.0,0.0,0.0,0.0,0.0,0.0
11370,0.0,0.0,0.0,0.0,0.0,1.0,0.0
11372,0.0,0.0,0.0,0.0,0.0,2.0,0.0
11381,0.0,0.0,0.0,0.0,1.0,2.0,0.0
11872,0.0,0.0,0.0,0.0,1.0,0.0,0.0
11881,0.0,0.0,0.0,0.0,0.0,0.0,0.0
12614,0.0,0.0,0.0,0.0,0.0,1.0,0.0
13114,0.0,0.0,0.0,0.0,0.0,0.0,0.0
13594,0.0,0.0,0.0,0.0,0.0,1.0,0.0
14094,0.0,0.0,0.0,0.0,0.0,0.0,0.0
14183,0.0,0.0,0.0,0.0,0.0,1.0,0.0
14187,0.0,0.0,0.0,0.0,0.0,2.0,0.0
14687,0.0,0.0,0.0,0.0,0.0,0.0,0.0
14870,0.0,0.0,0.0,0.0,0.0,1.0,0.0
15245,0.0,2.0,0.0,0.0,0.0,1.0,0.0
15370,0.0,2.0,0.0,0.0,0.0,0.0,0.0
15543,0.0,2.0,0.0,0.0,0.0,1.0,0.0
15745,0.0,0.0,0.0,0.0,0.0,1.0,0.0
16043,0.0,0.0,0.0,0.0,0.0,0.0,0.0
16828,0.0,0.0,0.0,0.0,0.0,1.0,0.0
17328,0.0,0.0,0.0,0.0,0.0,0.0,0.0
17865,0.0,0.0,0.0,0.0,0.0,1.0,0.0
17872,0.0,0.0,0.0,0.0,0.0,2.0,0.0
18372,0.0,0.0,0.0,0.0,0.0,0.0,0.0
18466,0.0,0.0,0.0,0.0,0.0,1.0,0.0
18966,0.0,0.0,0.0,0.0,0.0,0.0,0.0
19264,0.0,0.0,0.0,0.0,0.0,1.0,0.0
19764,0.0,0.0,0.0,0.0,0.0,0.0,0.0
19935,0.0,0.0,0.0,0.0,0.0,1.0,0.0
19939,0.0,0.0,0.0,0.0,0.0,2.0,0.0
20439,0.0,0.0,0.0,0.0,0.0,0.0,0.0
21326,0.0,0.0,0.0,0.0,0.0,1.0,0.0
21733,0.0,0.0,0.0,0.0,0.0,2.0,0.0
22233,0.0,0.0,0.0,0.0,0.0,0.0,0.0
22261,0.0,0.0,0.0,0.0,0.0,1.0,0.0
22761,0.0,0.0,0.0,0.0,0.0,0.0,0.0
22840,0.0,0.0,0.0,0.0,0.0,1.0,0.0
22902,0.0,0.0,0.0,0.0,0.0,2.0,0.0
23402,0.0,0.0,0.0,0.0,0.0,0.0,0.0
23461,0.0,0.0,0.0,0.0,0.0,1.0,0.0
23961,0.0,0.0,0.0,0.0,0.0,0.0,0.0
24382,0.0,0.0,0.0,0.0,0.0,1.0,0.0
24882,0.0,0.0,0.0,0.0,0.0,0.0,0.0
25206,0.0,0.0,0.0,0.0,0.0,1.0,0.0
25213,0.0,0.0,0.0,0.0,0.0,2.0,0.0
25713,0.0,0.0,0.0,0.0,0.0,0.0,0.0
25802,0.0,0.0,0.0,0.0,0.0,1.0,0.0
26175,0.0,0.0,0.0,0.0,0.0,2.0,0.0
26675,0.0,0.0,0.0,0.0,0.0,0.0,0.0
26829,0.0,0.0,0.0,0.0,0.0,1.0,0.0
26939,0.0,0.0,0.0,0.0,0.0,2.0,0.0
27021,0.0,0.0,0.0,0.0,1.0,2.0,0.0
27037,0.0,0.0,0.0,0.0,2.0,2.0,0.0
27439,0.0,0.0,0.0,0.0,2.0,0.0,0.0
27537,0.0,0.0,0.0,0.0,0.0,0.0,0.0
27846,0.0,0.0,0.0,0.0,0.0,1.0,0.0
28346,0.0,0.0,0.0,0.0,0.0,0.0,0.0
28382,0.0,0.0,0.0,0.0,0.0,1.0,0.0
28882,0.0,0.0,0.0,0.0,0.0,0.0,0.0
28974,0.0,0.0,0.0,0.0,0.0,1.0,0.0
29022,0.0,2.0,0.0,0.0,0.0,1.0,0.0
29025,0.0,2.0,0.0,0.0,0.0,2.0,0.0
29522,0.0,0.0,0.0,0.0,0.0,2.0,0.0
29525,0.0,0.0,0.0,0.0,0.0,0.0,0.0
29682,0.0,0.0,0.0,0.0,0.0,1.0,0.0
30182,0.0,0.0,0.0,0.0,0.0,0.0,0.0
30380,0.0,0.0,0.0,0.0,0.0,1.0,0.0
30382,0.0,0.0,0.0,0.0,0.0,2.0,0.0
30385,0.0,0.0,0.0,0.0,1.0,2.0,0.0
30388,0.0,0.0,0.0,0.0,2.0,2.0,0.0
30882,0.0,0.0,0.0,0.0,2.0,0.0,0.0
30888,0.0,0.0,0.0,0.0,0.0,0.0,0.0
30910,0.0,0.0,0.0,0.0,0.0,1.0,0.0
30911,0.0,0.0,0.0,0.0,1.0,1.0,0.0
31410,0.0,0.0,0.0,0.0,1.0,0.0,0.0
31911,0.0,0.0,0.0,0.0,0.0,0.0,0.0
32123,0.0,0.0,0.0,0.0,0.0,1.0,0.0
32623,0.0,0.0,0.0,0.0,0.0,0.0,0.0
32659,0.0,0.0,0.0,0.0,0.0,1.0,0.0
33159,0.0,0.0,0.0,0.0,0.0,0.0,0.0
33316,0.0,0.0,0.0,0.0,0.0,1.0,0.0
33816,0.0,0.0,0.0,0.0,0.0,0.0,0.0
34014,0.0,0.0,0.0,0.0,0.0,1.0,0.0
34388,0.0,0.0,0.0,0.0,0.0,2.0,0.0
34393,0.0,0.0,0.0,0.0,1.0,2.0,0.0
34395,0.0,0.0,0.0,0.0,2.0,2.0,0.0
34888,0.0,0.0,0.0,0.0,2.0,0.0,0.0
34890,0.0,0.0,0.0,0.0,2.0,1.0,0.0
34895,0.0,0.0,0.0,0.0,0.0,1.0,0.0
35390,0.0,0.0,0.0,0.0,0.0,0.0,0.0
35400,0.0,0.0,0.0,0.0,0.0,1.0,0.0
35900,0.0,0.0,0.0,0.0,0.0,0.0,0.0
36346,0.0,0.0,0.0,0.0,0.0,1.0,0.0
36846,0.0,0.0,0.0,0.0,0.0,0.0,0.0
37202,0.0,0.0,0.0,0.0,0.0,1.0,0.0
37213,0.0,0.0,0.0,0.0,0.0,2.0,0.0
37218,0.0,0.0,0.0,0.0,1.0,2.0,0.0
37598,0.0,0.0,0.0,0.0,2.0,2.0,0.0
37713,0.0,0.0,0.0,0.0,2.0,0.0,0.0
38098,0.0,0.0,0.0,0.0,0.0,0.0,0.0
38216,0.0,0.0,0.0,0.0,0.0,1.0,0.0
38716,0.0,0.0,0.0,0.0,0.0,0.0,0.0
39264,0.0,0.0,0.0,0.0,0.0,1.0,0.0
39764,0.0,0.0,0.0,0.0,0.0,0.0,0.0
39851,0.0,0.0,0.0,0.0,0.0,1.0,0.0
40351,0.0,0.0,0.0,0.0,0.0,0.0,0.0
40497,0.0,0.0,0.0,0.0,0.0,1.0,0.0
40598,0.0,0.0,0.0,0.0,0.0,2.0,0.0
41098,0.0,0.0,0.0,0.0,0.0,0.0,0.0
41136,0.0,0.0,0.0,0.0,0.0,1.0,0.0
41177,0.0,0.0,0.0,0.0,1.0,1.0,0.0
41276,0.0,0.0,0.0,0.0,1.0,2.0,0.0
41677,0.0,0.0,0.0,0.0,0.0,2.0,0.0
41776,0.0,0.0,0.0,0.0,0.0,0.0,0.0
41899,0.0,0.0,0.0,0.0,0.0,1.0,0.0
42399,0.0,0.0,0.0,0.0,0.0,0.0,0.0
43120,0.0,0.0,0.0,0.0,0.0,1.0,0.0
43620,0.0,0.0,0.0,0.0,0.0,0.0,0.0
43991,0.0,0.0,0.0,0.0,0.0,1.0,0.0
44141,0.0,0.0,0.0,0.0,0.0,2.0,0.0
44641,0.0,0.0,0.0,0.0,0.0,0.0,0.0
44657,0.0,0.0,0.0,0.0,0.0,1.0,0.0
45157,0.0,0.0,0.0,0.0,0.0,0.0,0.0
45241,0.0,0.0,0.0,0.0,0.0,1.0,0.0
45741,0.0,0.0,0.0,0.0,0.0,0.0,0.0
46153,0.0,0.0,0.0,0.0,0.0,1.0,0.0
46155,0.0,0.0,0.0,0.0,0.0,2.0,0.0
46655,0.0,0.0,0.0,0.0,0.0,0.0,0.0
46987,0.0,0.0,0.0,0.0,0.0,1.0,0.0
46989,0.0,0.0,0.0,0.0,0.0,2.0,0.0
47489,0.0,0.0,0.0,0.0,0.0,0.0,0.0
48707,0.0,2.0,0.0,0.0,0.0,0.0,0.0
48711,0.0,2.0,0.0,0.0,0.0,1.0,0.0
48727,0.0,2.0,0.0,0.0,0.0,2.0,0.0
49207,0.0,0.0,0.0,0.0,0.0,2.0,0.0
49227,0.0,0.0,0.0,0.0,0.0,0.0,0.0
49262,0.0,0.0,0.0,0.0,0.0,1.0,0.0
49297,0.0,0.0,0.0,0.0,0.0,2.0,0.0
49797,0.0,0.0,0.0,0.0,0.0,0.0,0.0
50006,0.0,0.0,0.0,0.0,0.0,1.0,0.0
50506,0.0,0.0,0.0,0.0,0.0,0.0,0.0
50738,0.0,0.0,0.0,0.0,0.0,1.0,0.0
50742,0.0,0.0,0.0,0.0,0.0,2.0,0.0
51242,0.0,0.0,0.0,0.0,0.0,0.0,0.0
51382,0.0,0.0,0.0,0.0,0.0,1.0,0.0
51384,0.0,0.0,0.0,0.0,0.0,2.0,0.0
51884,0.0,0.0,0.0,0.0,0.0,0.0,0.0
52245,0.0,0.0,0.0,0.0,0.0,1.0,0.0
52247,0.0,0.0,0.0,0.0,0.0,2.0,0.0
52747,0.0,0.0,0.0,0.0,0.0,0.0,0.0
53298,0.0,0.0,0.0,0.0,0.0,1.0,0.0
53798,0.0,0.0,0.0,0.0,0.0,0.0,0.0
53976,0.0,0.0,0.0,0.0,0.0,1.0,0.0
54476,0.0,0.0,0.0,0.0,0.0,0.0,0.0
54714,0.0,0.0,0.0,0.0,0.0,1.0,0.0
55115,0.0,0.0,0.0,0.0,0.0,2.0,0.0
55615,0.0,0.0,0.0,0.0,0.0,0.0,0.0
56288,0.0,0.0,0.0,0.0,0.0,1.0,0.0
56788,0.0,0.0,0.0,0.0,0.0,0.0,0.0
56822,0.0,0.0,0.0,0.0,0.0,1.0,0.0
57144,0.0,0.0,0.0,0.0,0.0,2.0,0.0
57644,0.0,0.0,0.0,0.0,0.0,0.0,0.0
57915,0.0,0.0,0.0,0.0,0.0,1.0,0.0
58415,0.0,0.0,0.0,0.0,0.0,0.0,0.0
58749,0.0,0.0,0.0,0.0,0.0,1.0,0.0
58752,0.0,0.0,0.0,0.0,0.0,2.0,0.0
59252,0.0,0.0,0.0,0.0,0.0,0.0,0.0
59507,0.0,0.0,0.0,0.0,0.0,1.0,0.0
59509,0.0,0.0,0.0,0.0,0.0,2.0,0.0
60009,0.0,0.0,0.0,0.0,0.0,0.0,0.0
60443,0.0,0.0,0.0,0.0,0.0,1.0,0.0
60943,0.0,0.0,0.0,0.0,0.0,0.0,0.0
61206,0.0,0.0,0.0,0.0,0.0,1.0,0.0
61706,0.0,0.0,0.0,0.0,0.0,0.0,0.0
61807,0.0,0.0,0.0,0.0,0.0,1.0,0.0
61812,0.0,0.0,0.0,0.0,0.0,2.0,0.0
62312,0.0,0.0,0.0,0.0,0.0,0.0,0.0
63406,0.0,0.0,0.0,0.0,0.0,1.0,0.0
63906,0.0,0.0,0.0,0.0,0.0,0.0,0.0
63969,0.0,0.0,0.0,0.0,0.0,1.0,0.0
64469,0.0,0.0,0.0,0.0,0.0,0.0,0.0
66018,0.0,0.0,0.0,0.0,0.0,1.0,0.0
66153,0.0,0.0,0.0,0.0,0.0,2.0,0.0
66653,0.0,0.0,0.0,0.0,0.0,0.0,0.0
66866,0.0,0.0,0.0,0.0,0.0,1.0,0.0
66992,0.0,2.0,0.0,0.0,0.0,1.0,0.0
67366,0.0,2.0,0.0,0.0,0.0,0.0,0.0
67492,0.0,0.0,0.0,0.0,0.0,0.0,0.0
69706,0.0,0.0,0.0,0.0,0.0,1.0,0.0
70206,0.0,0.0,0.0,0.0,0.0,0.0,0.0
70254,0.0,0.0,0.0,0.0,0.0,1.0,0.0
70552,0.0,0.0,0.0,0.0,0.0,2.0,0.0
70945,0.0,2.0,0.0,0.0,0.0,2.0,0.0
71052,0.0,2.0,0.0,0.0,0.0,0.0,0.0
71445,0.0,0.0,0.0,0.0,0.0,0.0,0.0
71656,0.0,0.0,0.0,0.0,0.0,1.0,0.0
72156,0.0,0.0,0.0,0.0,0.0,0.0,0.0
72449,0.0,0.0,0.0,0.0,0.0,1.0,0.0
72949,0.0,0.0,0.0,0.0,0.0,0.0,0.0
73180,0.0,0.0,0.0,0.0,0.0,1.0,0.0
73680,0.0,0.0,0.0,0.0,0.0,0.0,0.0
73799,0.0,0.0,0.0,0.0,0.0,1.0,0.0
73847,0.0,0.0,0.0,0.0,0.0,2.0,0.0
74347,0.0,0.0,0.0,0.0,0.0,0.0,0.0
75010,0.0,0.0,0.0,0.0,0.0,1.0,0.0
75187,0.0,0.0,0.0,0.0,0.0,2.0,0.0
75687,0.0,0.0,0.0,0.0,0.0,0.0,0.0
75772,0.0,0.0,0.0,0.0,0.0,1.0,0.0
76019,0.0,0.0,0.0,0.0,1.0,1.0,0.0
76022,0.0,0.0,0.0,0.0,2.0,1.0,0.0
76023,0.0,0.0,0.0,0.0,2.0,2.0,0.0
76522,0.0,0.0,0.0,0.0,0.0,2.0,0.0
76523,0.0,0.0,0.0,0.0,0.0,0.0,0.0
77544,0.0,0.0,0.0,0.0,0.0,1.0,0.0
77549,0.0,0.0,0.0,0.0,0.0,2.0,0.0
78049,0.0,0.0,0.0,0.0,0.0,0.0,0.0
78149,0.0,0.0,0.0,0.0,0.0,1.0,0.0
78649,0.0,0.0,0.0,0.0,0.0,0.0,0.0
79037,0.0,0.0,0.0,0.0,0.0,1.0,0.0
79537,0.0,0.0,0.0,0.0,0.0,0.0,0.0
79551,0.0,0.0,0.0,0.0,0.0,1.0,0.0
80051,0.0,0.0,0.0,0.0,0.0,0.0,0.0
80081,0.0,0.0,0.0,0.0,0.0,1.0,0.0
80496,0.0,0.0,0.0,0.0,0.0,2.0,0.0
80996,0.0,0.0,0.0,0.0,0.0,0.0,0.0
81058,0.0,0.0,0.0,0.0,0.0,1.0,0.0
81103,0.0,0.0,0.0,0.0,0.0,2.0,0.0
81603,0.0,0.0,0.0,0.0,0.0,0.0,0.0
82099,0.0,0.0,0.0,0.0,0.0,1.0,0.0
82101,0.0,0.0,0.0,0.0,0.0,2.0,0.0
82601,0.0,0.0,0.0,0.0,0.0,0.0,0.0
82848,0.0,0.0,0.0,0.0,0.0,1.0,0.0
82854,0.0,0.0,0.0,0.0,0.0,2.0,0.0
83354,0.0,0.0,0.0,0.0,0.0,0.0,0.0
83633,0.0,0.0,0.0,0.0,0.0,1.0,0.0
83642,0.0,0.0,0.0,0.0,0.0,2.0,0.0
84142,0.0,0.0,0.0,0.0,0.0,0.0,0.0
84922,0.0,0.0,0.0,0.0,0.0,1.0,0.0
85422,0.0,0.0,0.0,0.0,0.0,0.0,0.0
85450,0.0,0.0,0.0,0.0,0.0,1.0,0.0
85950,0.0,0.0,0.0,0.0,0.0,0.0,0.0
86039,0.0,0.0,0.0,0.0,0.0,1.0,0.0
86081,0.0,0.0,0.0,0.0,0.0,2.0,0.0
86581,0.0,0.0,0.0,0.0,0.0,0.0,0.0
86801,0.0,0.0,0.0,0.0,0.0,1.0,0.0
86824,0.0,0.0,0.0,0.0,0.0,2.0,0.0
87324,0.0,0.0,0.0,0.0,0.0,0.0,0.0
87967,0.0,2.0,0.0,0.0,0.0,0.0,0.0
88185,0.0,2.0,0.0,0.0,0.0,1.0,0.0
88467,0.0,0.0,0.0,0.0,0.0,1.0,0.0
88685,0.0,0.0,0.0,0.0,0.0,0.0,0.0
90029,0.0,0.0,0.0,0.0,0.0,1.0,0.0
90032,0.0,0.0,0.0,0.0,0.0,2.0,0.0
90532,0.0,0.0,0.0,0.0,0.0,0.0,0.0
91047,0.0,0.0,0.0,0.0,0.0,1.0,0.0
91085,0.0,0.0,0.0,0.0,0.0,2.0,0.0
91585,0.0,0.0,0.0,0.0,0.0,0.0,0.0
92336,0.0,0.0,0.0,0.0,0.0,1.0,0.0
92338,0.0,0.0,0.0,0.0,0.0,2.0,0.0
92838,0.0,0.0,0.0,0.0,0.0,0.0,0.0
92839,0.0,0.0,0.0,0.0,0.0,1.0,0.0
92842,0.0,0.0,0.0,0.0,0.0,2.0,0.0
93342,0.0,0.0,0.0,0.0,0.0,0.0,0.0
93834,0.0,0.0,0.0,0.0,0.0,1.0,0.0
93836,0.0,0.0,0.0,0.0,0.0,2.0,0.0
94336,0.0,0.0,0.0,0.0,0.0,0.0,0.0
94474,0.0,0.0,0.0,0.0,0.0,1.0,0.0
94974,0.0,0.0,0.0,0.0,0.0,0.0,0.0
95969,0.0,0.0,0.0,0.0,0.0,1.0,0.0
96469,0.0,0.0,0.0,0.0,0.0,0.0,0.0
97447,0.0,0.0,0.0,0.0,0.0,1.0,0.0
97947,0.0,0.0,0.0,0.0,0.0,0.0,0.0
97964,0.0,0.0,0.0,0.0,0.0,1.0,0.0
97966,0.0,0.0,0.0,0.0,0.0,2.0,0.0
98466,0.0,0.0,0.0,0.0,0.0,0.0,0.0
99554,0.0,0.0,0.0,0.0,0.0,1.0,0.0
100054,0.0,0.0,0.0,0.0,0.0,0.0,0.0
100473,0.0,0.0,0.0,0.0,0.0,1.0,0.0
100973,0.0,0.0,0.0,0.0,0.0,0.0,0.0
108446,0.0,0.0,0.0,0.0,1.0,0.0,0.0
108946,0.0,0.0,0.0,0.0,0.0,0.0,0.0
126670,0.0,0.0,0.0,0.0,0.0,1.0,0.0
127170,0.0,0.0,0.0,0.0,0.0,0.0,0.0
201000,0.0,0.0,0.0,0.0,0.0,0.0,1.0
201498,0.0,0.0,0.0,0.0,0.0,1.0,1.0
201500,0.0,0.0,0.0,0.0,0.0,1.0,0.0
201535,2.0,0.0,0.0,0.0,0.0,1.0,0.0
201600,2.0,0.0,0.0,0.0,0.0,2.0,0.0
201741,2.0,2.0,0.0,0.0,0.0,2.0,0.0
201805,2.0,2.0,0.0,0.0,1.0,2.0,0.0
201875,2.0,2.0,0.0,0.0,2.0,2.0,0.0
202035,0.0,2.0,0.0,0.0,2.0,2.0,0.0
202079,2.0,2.0,0.0,0.0,2.0,2.0,0.0
202100,2.0,2.0,0.0,0.0,2.0,0.0,0.0
202241,2.0,0.0,0.0,0.0,2.0,0.0,0.0
202375,2.0,0.0,0.0,0.0,0.0,0.0,0.0
202472,2.0,0.0,0.0,0.0,0.0,1.0,0.0
202579,0.0,0.0,0.0,0.0,0.0,1.0,0.0
202972,0.0,0.0,0.0,0.0,0.0,0.0,0.0
202975,0.0,0.0,1.0,0.0,0.0,0.0,0.0
203089,0.0,0.0,1.0,0.0,0.0,1.0,0.0
203589,0.0,0.0,1.0,0.0,0.0,0.0,0.0
203649,0.0,0.0,1.0,0.0,0.0,1.0,0.0
203654,0.0,0.0,1.0,0.0,0.0,2.0,0.0
204151,0.0,0.0,2.0,0.0,0.0,2.0,0.0
204154,0.0,0.0,2.0,0.0,0.0,0.0,0.0
204468,0.0,0.0,2.0,0.0,0.0,1.0,0.0
204651,0.0,0.0,1.0,0.0,0.0,1.0,0.0
204968,0.0,0.0,1.0,0.0,0.0,0.0,0.0
205080,0.0,0.0,1.0,0.0,0.0,1.0,0.0
205151,0.0,0.0,0.0,0.0,0.0,1.0,0.0
205218,0.0,0.0,1.0,0.0,0.0,1.0,0.0
205580,0.0,0.0,1.0,0.0,0.0,0.0,0.0
205718,0.0,0.0,0.0,0.0,0.0,0.0,0.0
206197,0.0,0.0,0.0,0.0,0.0,1.0,0.0
206555,0.0,0.0,0.0,0.0,0.0,2.0,0.0
207055,0.0,0.0,0.0,0.0,0.0,0.0,0.0
207744,0.0,0.0,0.0,0.0,0.0,1.0,0.0
208244,0.0,0.0,0.0,0.0,0.0,0.0,0.0
208742,0.0,0.0,0.0,0.0,0.0,1.0,0.0
209242,0.0,0.0,0.0,0.0,0.0,0.0,0.0
209443,0.0,0.0,0.0,0.0,1.0,0.0,0.0
209589,0.0,0.0,0.0,0.0,1.0,1.0,0.0
209602,0.0,0.0,0.0,0.0,1.0,2.0,0.0
209943,0.0,0.0,0.0,0.0,0.0,2.0,0.0
210102,0.0,0.0,0.0,0.0,0.0,0.0,0.0
210139,0.0,0.0,0.0,0.0,0.0,1.0,0.0
210141,0.0,0.0,0.0,0.0,0.0,2.0,0.0
210641,0.0,0.0,0.0,0.0,0.0,0.0,0.0
211148,0.0,0.0,0.0,0.0,0.0,1.0,0.0
211648,0.0,0.0,0.0,0.0,0.0,0.0,0.0
213421,0.0,0.0,0.0,0.0,0.0,1.0,0.0
213921,0.0,0.0,0.0,0.0,0.0,0.0,0.0
214644,0.0,0.0,0.0,0.0,0.0,1.0,0.0
215144,0.0,0.0,0.0,0.0,0.0,0.0,0.0
217015,0.0,0.0,0.0,0.0,0.0,1.0,0.0
217038,0.0,0.0,0.0,0.0,0.0,2.0,0.0
217447,0.0,2.0,0.0,0.0,0.0,2.0,0.0
217538,0.0,2.0,0.0,0.0,0.0,0.0,0.0
217699,0.0,2.0,0.0,0.0,0.0,1.0,0.0
217704,0.0,2.0,0.0,0.0,0.0,2.0,0.0
217947,0.0,0.0,0.0,0.0,0.0,2.0,0.0
218204,0.0,0.0,0.0,0.0,0.0,0.0,0.0
218457,0.0,0.0,0.0,0.0,0.0,1.0,0.0
218463,0.0,0.0,0.0,0.0,0.0,2.0,0.0
218963,0.0,0.0,0.0,0.0,0.0,0.0,0.0
220842,0.0,0.0,0.0,0.0,0.0,1.0,0.0
221342,0.0,0.0,0.0,0.0,0.0,0.0,0.0
221379,0.0,0.0,0.0,0.0,0.0,1.0,0.0
221483,0.0,0.0,0.0,0.0,0.0,2.0,0.0
221983,0.0,0.0,0.0,0.0,0.0,0.0,0.0
222360,0.0,0.0,0.0,0.0,0.0,1.0,0.0
222860,0.0,0.0,0.0,0.0,0.0,0.0,0.0
223399,0.0,0.0,0.0,0.0,0.0,1.0,0.0
223899,0.0,0.0,0.0,0.0,0.0,0.0,0.0
224212,0.0,0.0,0.0,0.0,0.0,1.0,0.0
224712,0.0,0.0,0.0,0.0,0.0,0.0,0.0
225579,0.0,0.0,0.0,0.0,0.0,1.0,0.0
226079,0.0,0.0,0.0,0.0,0.0,0.0,0.0
226776,0.0,0.0,0.0,0.0,0.0,1.0,0.0
227276,0.0,0.0,0.0,0.0,0.0,0.0,0.0
227277,0.0,0.0,0.0,0.0,0.0,1.0,0.0
227529,0.0,0.0,0.0,0.0,0.0,2.0,0.0
228029,0.0,0.0,0.0,0.0,0.0,0.0,0.0
228190,0.0,0.0,0.0,0.0,0.0,1.0,0.0
228690,0.0,0.0,0.0,0.0,0.0,0.0,0.0
229017,0.0,0.0,0.0,0.0,0.0,1.0,0.0
229517,0.0,0.0,0.0,0.0,0.0,0.0,0.0
229586,0.0,0.0,0.0,0.0,0.0,1.0,0.0
230086,0.0,0.0,0.0,0.0,0.0,0.0,0.0
230387,0.0,0.0,0.0,0.0,0.0,1.0,0.0
230887,0.0,0.0,0.0,0.0,0.0,0.0,0.0
231007,0.0,0.0,0.0,0.0,0.0,1.0,0.0
231507,0.0,0.0,0.0,0.0,0.0,0.0,0.0
231613,0.0,0.0,0.0,0.0,0.0,1.0,0.0
231894,0.0,0.0,0.0,0.0,0.0,2.0,0.0
232394,0.0,0.0,0.0,0.0,0.0,0.0,0.0
233169,0.0,0.0,0.0,0.0,0.0,1.0,0.0
233669,0.0,0.0,0.0,0.0,0.0,0.0,0.0
234043,0.0,0.0,0.0,0.0,0.0,1.0,0.0
234046,0.0,0.0,0.0,0.0,0.0,2.0,0.0
234546,0.0,0.0,0.0,0.0,0.0,0.0,0.0
234789,0.0,0.0,0.0,0.0,0.0,1.0,0.0
235289,0.0,0.0,0.0,0.0,0.0,0.0,0.0
235707,0.0,0.0,0.0,0.0,0.0,1.0,0.0
236130,0.0,0.0,0.0,0.0,0.0,2.0,0.0
236630,0.0,0.0,0.0,0.0,0.0,0.0,0.0
237369,0.0,2.0,0.0,0.0,0.0,0.0,0.0
237869,0.0,0.0,0.0,0.0,0.0,0.0,0.0
238326,0.0,0.0,0.0,0.0,0.0,1.0,0.0
238826,0.0,0.0,0.0,0.0,0.0,0.0,0.0
238899,0.0,0.0,0.0,0.0,0.0,1.0,0.0
239399,0.0,0.0,0.0,0.0,0.0,0.0,0.0
239652,0.0,0.0,0.0,0.0,0.0,1.0,0.0
240152,0.0,0.0,0.0,0.0,0.0,0.0,0.0
240794,0.0,0.0,0.0,0.0,0.0,1.0,0.0
241294,0.0,0.0,0.0,0.0,0.0,0.0,0.0
241800,0.0,0.0,0.0,0.0,1.0,0.0,0.0
242300,0.0,0.0,0.0,0.0,0.0,0.0,0.0
242994,0.0,0.0,0.0,0.0,0.0,1.0,0.0
243494,0.0,0.0,0.0,0.0,0.0,0.0,0.0
243527,0.0,0.0,0.0,0.0,0.0,1.0,0.0
243531,0.0,0.0,0.0,0.0,0.0,2.0,0.0
244031,0.0,0.0,0.0,0.0,0.0,0.0,0.0
244558,0.0,0.0,0.0,0.0,0.0,1.0,0.0
245058,0.0,0.0,0.0,0.0,0.0,0.0,0.0
245788,0.0,0.0,0.0,0.0,0.0,1.0,0.0
246288,0.0,0.0,0.0,0.0,0.0,0.0,0.0
246516,0.0,0.0,0.0,0.0,0.0,1.0,0.0
247016,0.0,0.0,0.0,0.0,0.0,0.0,0.0
247497,0.0,0.0,0.0,0.0,0.0,1.0,0.0
247997,0.0,0.0,0.0,0.0,0.0,0.0,0.0
248912,0.0,0.0,0.0,0.0,0.0,1.0,0.0
249412,0.0,0.0,0.0,0.0,0.0,0.0,0.0
249423,0.0,0.0,0.0,0.0,0.0,1.0,0.0
249862,0.0,0.0,0.0,0.0,0.0,2.0,0.0
250362,0.0,0.0,0.0,0.0,0.0,0.0,0.0
251133,0.0,0.0,0.0,0.0,0.0,1.0,0.0
251138,0.0,0.0,0.0,0.0,0.0,2.0,0.0
251638,0.0,0.0,0.0,0.0,0.0,0.0,0.0
252777,0.0,0.0,0.0,0.0,0.0,1.0,0.0
253277,0.0,0.0,0.0,0.0,0.0,0.0,0.0
253290,0.0,0.0,0.0,0.0,0.0,1.0,0.0
253790,0.0,0.0,0.0,0.0,0.0,0.0,0.0
253985,0.0,0.0,0.0,0.0,0.0,1.0,0.0
254485,0.0,0.0,0.0,0.0,0.0,0.0,0.0
255281,0.0,0.0,0.0,0.0,0.0,1.0,0.0
255781,0.0,0.0,0.0,0.0,0.0,0.0,0.0
256335,0.0,0.0,0.0,0.0,0.0,1.0,0.0
256658,0.0,0.0,0.0,0.0,0.0,2.0,0.0
257158,0.0,0.0,0.0,0.0,0.0,0.0,0.0
257264,0.0,0.0,0.0,0.0,0.0,1.0,0.0
257764,0.0,0.0,0.0,0.0,0.0,0.0,0.0
258373,0.0,0.0,0.0,0.0,0.0,1.0,0.0
258376,0.0,0.0,0.0,0.0,0.0,2.0,0.0
258876,0.0,0.0,0.0,0.0,0.0,0.0,0.0
259104,0.0,0.0,0.0,0.0,0.0,1.0,0.0
259604,0.0,0.0,0.0,0.0,0.0,0.0,0.0
259837,0.0,0.0,0.0,0.0,0.0,1.0,0.0
260337,0.0,0.0,0.0,0.0,0.0,0.0,0.0
260516,0.0,0.0,0.0,0.0,0.0,1.0,0.0
261016,0.0,0.0,0.0,0.0,0.0,0.0,0.0
261304,0.0,0.0,0.0,0.0,0.0,1.0,0.0
261307,0.0,0.0,0.0,0.0,0.0,2.0,0.0
261807,0.0,0.0,0.0,0.0,0.0,0.0,0.0
261926,0.0,0.0,0.0,0.0,0.0,1.0,0.0
262426,0.0,0.0,0.0,0.0,0.0,0.0,0.0
262884,0.0,0.0,0.0,0.0,0.0,1.0,0.0
263384,0.0,0.0,0.0,0.0,0.0,0.0,0.0
263675,0.0,0.0,0.0,0.0,1.0,1.0,0.0
264175,0.0,0.0,0.0,0.0,0.0,0.0,0.0
264450,0.0,0.0,0.0,0.0,0.0,1.0,0.0
264486,0.0,0.0,0.0,0.0,0.0,2.0,0.0
264986,0.0,0.0,0.0,0.0,0.0,0.0,0.0
265612,0.0,0.0,0.0,0.0,0.0,1.0,0.0
266112,0.0,0.0,0.0,0.0,0.0,0.0,0.0
266258,0.0,0.0,0.0,0.0,0.0,1.0,0.0
266758,0.0,0.0,0.0,0.0,0.0,0.0,0.0
266824,0.0,0.0,0.0,0.0,0.0,1.0,0.0
267324,0.0,0.0,0.0,0.0,0.0,0.0,0.0
267427,0.0,0.0,0.0,0.0,0.0,1.0,0.0
267867,0.0,0.0,0.0,0.0,0.0,2.0,0.0
268367,0.0,0.0,0.0,0.0,0.0,0.0,0.0
268639,0.0,0.0,0.0,0.0,0.0,1.0,0.0
268891,0.0,0.0,0.0,0.0,0.0,2.0,0.0
268926,0.0,2.0,0.0,0.0,0.0,2.0,0.0
269391,0.0,2.0,0.0,0.0,0.0,0.0,0.0
269426,0.0,0.0,0.0,0.0,0.0,0.0,0.0
270238,0.0,0.0,0.0,0.0,0.0,1.0,0.0
270398,0.0,0.0,0.0,0.0,0.0,2.0,0.0
270898,0.0,0.0,0.0,0.0,0.0,0.0,0.0
270951,0.0,0.0,0.0,0.0,0.0,1.0,0.0
271229,0.0,0.0,0.0,0.0,0.0,2.0,0.0
271729,0.0,0.0,0.0,0.0,0.0,0.0,0.0
272528,0.0,0.0,0.0,0.0,0.0,1.0,0.0
273028,0.0,0.0,0.0,0.0,0.0,0.0,0.0
273096,0.0,0.0,0.0,0.0,0.0,1.0,0.0
273256,0.0,0.0,0.0,0.0,0.0,2.0,0.0
273756,0.0,0.0,0.0,0.0,0.0,0.0,0.0
274787,0.0,0.0,0.0,0.0,0.0,1.0,0.0
274894,0.0,0.0,0.0,0.0,0.0,2.0,0.0
275394,0.0,0.0,0.0,0.0,0.0,0.0,0.0
276015,0.0,0.0,0.0,0.0,0.0,1.0,0.0
276032,0.0,0.0,0.0,0.0,0.0,2.0,0.0
276532,0.0,0.0,0.0,0.0,0.0,0.0,0.0
277142,0.0,0.0,0.0,0.0,0.0,1.0,0.0
277642,0.0,0.0,0.0,0.0,0.0,0.0,0.0
277718,0.0,0.0,0.0,0.0,0.0,1.0,0.0
277723,0.0,0.0,0.0,0.0,0.0,2.0,0.0
278223,0.0,0.0,0.0,0.0,0.0,0.0,0.0
278426,0.0,0.0,0.0,0.0,0.0,1.0,0.0
278429,0.0,0.0,0.0,0.0,0.0,2.0,0.0
278929,0.0,0.0,0.0,0.0,0.0,0.0,0.0
280812,0.0,0.0,0.0,0.0,0.0,1.0,0.0
281037,0.0,0.0,0.0,0.0,0.0,2.0,0.0
281537,0.0,0.0,0.0,0.0,0.0,0.0,0.0
282066,0.0,0.0,0.0,0.0,0.0,1.0,0.0
282074,0.0,0.0,0.0,0.0,0.0,2.0,0.0
282574,0.0,0.0,0.0,0.0,0.0,0.0,0.0
282859,0.0,0.0,0.0,0.0,0.0,1.0,0.0
283359,0.0,0.0,0.0,0.0,0.0,0.0,0.0
283956,0.0,0.0,0.0,0.0,0.0,1.0,0.0
283964,0.0,0.0,0.0,0.0,0.0,2.0,0.0
284464,0.0,0.0,0.0,0.0,0.0,0.0,0.0
284732,0.0,0.0,0.0,0.0,0.0,1.0,0.0
284829,0.0,0.0,0.0,0.0,0.0,2.0,0.0
285329,0.0,0.0,0.0,0.0,0.0,0.0,0.0
285399,0.0,0.0,0.0,0.0,0.0,1.0,0.0
285880,0.0,0.0,0.0,0.0,0.0,2.0,0.0
286380,0.0,0.0,0.0,0.0,0.0,0.0,0.0
287706,0.0,0.0,0.0,0.0,0.0,1.0,0.0
288206,0.0,0.0,0.0,0.0,0.0,0.0,0.0
288546,0.0,0.0,0.0,0.0,0.0,1.0,0.0
288549,0.0,0.0,0.0,0.0,0.0,2.0,0.0
289049,0.0,0.0,0.0,0.0,0.0,0.0,0.0
289602,0.0,0.0,0.0,0.0,0.0,1.0,0.0
290102,0.0,0.0,0.0,0.0,0.0,0.0,0.0
290348,0.0,0.0,0.0,0.0,0.0,1.0,0.0
290848,0.0,0.0,0.0,0.0,0.0,0.0,0.0
291152,0.0,0.0,0.0,0.0,0.0,1.0,0.0
291539,0.0,0.0,0.0,0.0,0.0,2.0,0.0
292039,0.0,0.0,0.0,0.0,0.0,0.0,0.0
292814,0.0,0.0,0.0,0.0,0.0,1.0,0.0
293314,0.0,0.0,0.0,0.0,0.0,0.0,0.0
295263,0.0,0.0,0.0,0.0,0.0,1.0,0.0
295763,0.0,0.0,0.0,0.0,0.0,0.0,0.0
296446,0.0,0.0,0.0,0.0,0.0,1.0,0.0
296946,0.0,0.0,0.0,0.0,0.0,0.0,0.0
297658,0.0,0.0,0.0,0.0,0.0,1.0,0.0
297661,0.0,0.0,0.0,0.0,0.0,2.0,0.0
298161,0.0,0.0,0.0,0.0,0.0,0.0,0.0
298386,0.0,0.0,0.0,0.0,0.0,1.0,0.0
298886,0.0,0.0,0.0,0.0,0.0,0.0,0.0
299485,0.0,0.0,0.0,0.0,0.0,1.0,0.0
299805,0.0,0.0,0.0,0.0,0.0,2.0,0.0
300305,0.0,0.0,0.0,0.0,0.0,0.0,0.0
300702,0.0,0.0,0.0,0.0,0.0,1.0,0.0
301202,0.0,0.0,0.0,0.0,0.0,0.0,0.0
301907,0.0,0.0,0.0,0.0,0.0,1.0,0.0
301946,0.0,0.0,0.0,0.0,0.0,2.0,0.0
302446,0.0,0.0,0.0,0.0,0.0,0.0,0.0
396454,0.0,0.0,0.0,0.0,1.0,0.0,0.0
396954,0.0,0.0,0.0,0.0,0.0,0.0,0.0
403000,0.0,0.0,0.0,0.0,0.0,0.0,1.0
403463,0.0,0.0,0.0,0.0,1.0,0.0,1.0
403487,2.0,0.0,0.0,0.0,1.0,0.0,1.0
403500,2.0,0.0,0.0,0.0,2.0,0.0,0.0
403512,2.0,0.0,0.0,0.0,2.0,1.0,0.0
403631,2.0,0.0,0.0,0.0,2.0,2.0,0.0
403896,2.0,2.0,0.0,0.0,2.0,2.0,0.0
403987,0.0,2.0,0.0,0.0,2.0,2.0,0.0
403999,2.0,2.0,0.0,0.0,2.0,2.0,0.0
404000,2.0,2.0,0.0,0.0,0.0,2.0,0.0
404131,2.0,2.0,0.0,0.0,0.0,0.0,0.0
404396,2.0,0.0,0.0,0.0,0.0,0.0,0.0
404499,0.0,0.0,0.0,0.0,0.0,0.0,0.0
404568,0.0,0.0,0.0,0.0,0.0,1.0,0.0
404991,2.0,0.0,0.0,0.0,0.0,1.0,0.0
405005,2.0,0.0,1.0,0.0,0.0,1.0,0.0
405068,2.0,0.0,1.0,0.0,0.0,0.0,0.0
405308,2.0,0.0,1.0,0.0,0.0,1.0,0.0
405491,0.0,0.0,1.0,0.0,0.0,1.0,0.0
405808,0.0,0.0,1.0,0.0,0.0,0.0,0.0
406436,0.0,0.0,1.0,0.0,0.0,1.0,0.0
406482,0.0,0.0,2.0,0.0,0.0,1.0,0.0
406936,0.0,0.0,2.0,0.0,0.0,0.0,0.0
406982,0.0,0.0,0.0,0.0,0.0,0.0,0.0
408153,0.0,0.0,0.0,0.0,0.0,1.0,0.0
408653,0.0,0.0,0.0,0.0,0.0,0.0,0.0
408687,0.0,0.0,0.0,0.0,0.0,1.0,0.0
409187,0.0,0.0,0.0,0.0,0.0,0.0,0.0
409221,0.0,0.0,0.0,0.0,0.0,1.0,0.0
409225,0.0,0.0,0.0,0.0,0.0,2.0,0.0
409725,0.0,0.0,0.0,0.0,0.0,0.0,0.0
409981,0.0,0.0,0.0,0.0,0.0,1.0,0.0
409982,0.0,0.0,0.0,0.0,1.0,1.0,0.0
410481,0.0,0.0,0.0,0.0,1.0,0.0,0.0
410482,0.0,0.0,0.0,0.0,0.0,0.0,0.0
411252,0.0,0.0,0.0,0.0,0.0,1.0,0.0
411752,0.0,0.0,0.0,0.0,0.0,0.0,0.0
412413,0.0,0.0,0.0,0.0,0.0,1.0,0.0
412716,0.0,0.0,0.0,0.0,0.0,2.0,0.0
412817,0.0,0.0,1.0,0.0,0.0,2.0,0.0
413216,0.0,0.0,1.0,0.0,0.0,0.0,0.0
413317,0.0,0.0,0.0,0.0,0.0,0.0,0.0
413434,0.0,0.0,0.0,0.0,0.0,1.0,0.0
413439,0.0,0.0,0.0,0.0,0.0,2.0,0.0
413939,0.0,0.0,0.0,0.0,0.0,0.0,0.0
414383,0.0,0.0,1.0,0.0,0.0,0.0,0.0
414883,0.0,0.0,0.0,0.0,0.0,0.0,0.0
414934,0.0,0.0,1.0,0.0,0.0,0.0,0.0
415247,0.0,0.0,1.0,0.0,0.0,1.0,0.0
415434,0.0,0.0,0.0,0.0,0.0,1.0,0.0
415747,0.0,0.0,0.0,0.0,0.0,0.0,0.0
416076,0.0,0.0,0.0,0.0,1.0,1.0,0.0
416080,0.0,0.0,0.0,0.0,1.0,2.0,0.0
416084,0.0,0.0,0.0,0.0,2.0,2.0,0.0
416580,0.0,0.0,0.0,0.0,2.0,0.0,0.0
416584,0.0,0.0,0.0,0.0,0.0,0.0,0.0
416840,0.0,0.0,0.0,0.0,0.0,1.0,0.0
417227,0.0,0.0,1.0,0.0,0.0,1.0,0.0
417340,0.0,0.0,1.0,0.0,0.0,0.0,0.0
417495,0.0,0.0,1.0,0.0,0.0,1.0,0.0
417497,0.0,0.0,1.0,0.0,0.0,2.0,0.0
417997,0.0,0.0,1.0,0.0,0.0,0.0,0.0
419227,0.0,0.0,0.0,0.0,0.0,0.0,0.0
419522,0.0,0.0,0.0,0.0,0.0,1.0,0.0
420022,0.0,0.0,0.0,0.0,0.0,0.0,0.0
420157,0.0,0.0,0.0,0.0,0.0,1.0,0.0
420158,0.0,0.0,1.0,0.0,0.0,1.0,0.0
420179,0.0,0.0,1.0,0.0,0.0,2.0,0.0
420658,0.0,0.0,0.0,0.0,0.0,2.0,0.0
420679,0.0,0.0,0.0,0.0,0.0,0.0,0.0
420729,0.0,0.0,1.0,0.0,0.0,0.0,0.0
421194,0.0,0.0,1.0,0.0,0.0,1.0,0.0
421199,0.0,0.0,1.0,0.0,0.0,2.0,0.0
421229,0.0,0.0,0.0,0.0,0.0,2.0,0.0
421321,0.0,0.0,1.0,0.0,0.0,2.0,0.0
421699,0.0,0.0,1.0,0.0,0.0,0.0,0.0
421821,0.0,0.0,0.0,0.0,0.0,0.0,0.0
422503,0.0,0.0,0.0,0.0,0.0,1.0,0.0
423003,0.0,0.0,0.0,0.0,0.0,0.0,0.0
423507,0.0,0.0,0.0,0.0,0.0,1.0,0.0
423772,0.0,0.0,1.0,0.0,0.0,1.0,0.0
424007,0.0,0.0,1.0,0.0,0.0,0.0,0.0
424090,0.0,0.0,1.0,0.0,0.0,1.0,0.0
424093,0.0,0.0,1.0,0.0,0.0,2.0,0.0
424593,0.0,0.0,1.0,0.0,0.0,0.0,0.0
424842,0.0,0.0,1.0,0.0,0.0,1.0,0.0
425342,0.0,0.0,1.0,0.0,0.0,0.0,0.0
426772,0.0,0.0,0.0,0.0,0.0,0.0,0.0
426955,0.0,0.0,0.0,0.0,0.0,1.0,0.0
426958,0.0,0.0,0.0,0.0,0.0,2.0,0.0
427458,0.0,0.0,0.0,0.0,0.0,0.0,0.0
427595,0.0,0.0,0.0,0.0,0.0,1.0,0.0
428095,0.0,0.0,0.0,0.0,0.0,0.0,0.0
428474,0.0,0.0,0.0,0.0,0.0,1.0,0.0
428513,0.0,0.0,0.0,0.0,0.0,2.0,0.0
429013,0.0,0.0,0.0,0.0,0.0,0.0,0.0
429107,0.0,0.0,0.0,0.0,0.0,1.0,0.0
429486,0.0,0.0,0.0,0.0,0.0,2.0,0.0
429959,0.0,0.0,1.0,0.0,0.0,2.0,0.0
429986,0.0,0.0,1.0,0.0,0.0,0.0,0.0
430659,0.0,0.0,1.0,0.0,0.0,1.0,0.0
431159,0.0,0.0,1.0,0.0,0.0,0.0,0.0
431703,0.0,0.0,1.0,0.0,0.0,1.0,0.0
431777,0.0,0.0,1.0,0.0,0.0,2.0,0.0
432234,0.0,2.0,1.0,0.0,0.0,2.0,0.0
432277,0.0,2.0,1.0,0.0,0.0,0.0,0.0
432674,0.0,2.0,1.0,0.0,0.0,1.0,0.0
432734,0.0,0.0,1.0,0.0,0.0,1.0,0.0
433174,0.0,0.0,1.0,0.0,0.0,0.0,0.0
433388,0.0,0.0,1.0,0.0,0.0,1.0,0.0
433571,0.0,0.0,1.0,0.0,0.0,2.0,0.0
434071,0.0,0.0,1.0,0.0,0.0,0.0,0.0
434442,0.0,0.0,1.0,0.0,0.0,1.0,0.0
434779,0.0,0.0,1.0,0.0,0.0,2.0,0.0
435279,0.0,0.0,1.0,0.0,0.0,0.0,0.0
435966,0.0,0.0,1.0,0.0,0.0,1.0,0.0
436466,0.0,0.0,1.0,0.0,0.0,0.0,0.0
436650,0.0,0.0,1.0,0.0,0.0,1.0,0.0
437144,0.0,0.0,1.0,0.0,0.0,2.0,0.0
437644,0.0,0.0,1.0,0.0,0.0,0.0,0.0
438514,0.0,0.0,1.0,0.0,0.0,1.0,0.0
438519,0.0,0.0,1.0,0.0,0.0,2.0,0.0
439019,0.0,0.0,1.0,0.0,0.0,0.0,0.0
439137,0.0,0.0,1.0,0.0,0.0,1.0,0.0
439637,0.0,0.0,1.0,0.0,0.0,0.0,0.0
439754,0.0,0.0,1.0,0.0,0.0,1.0,0.0
440050,0.0,0.0,1.0,0.0,0.0,2.0,0.0
440550,0.0,0.0,1.0,0.0,0.0,0.0,0.0
440885,0.0,0.0,1.0,0.0,0.0,1.0,0.0
441385,0.0,0.0,1.0,0.0,0.0,0.0,0.0
442826,0.0,0.0,1.0,0.0,0.0,1.0,0.0
443146,0.0,2.0,1.0,0.0,0.0,1.0,0.0
443326,0.0,2.0,1.0,0.0,0.0,0.0,0.0
443358,0.0,2.0,1.0,0.0,0.0,1.0,0.0
443646,0.0,0.0,1.0,0.0,0.0,1.0,0.0
443711,0.0,0.0,1.0,0.0,0.0,2.0,0.0
444211,0.0,0.0,1.0,0.0,0.0,0.0,0.0
444452,0.0,0.0,1.0,0.0,0.0,1.0,0.0
444952,0.0,0.0,1.0,0.0,0.0,0.0,0.0
444983,0.0,0.0,1.0,0.0,0.0,1.0,0.0
445483,0.0,0.0,1.0,0.0,0.0,0.0,0.0
447252,0.0,0.0,1.0,0.0,0.0,1.0,0.0
447255,0.0,0.0,1.0,0.0,0.0,2.0,0.0
447755,0.0,0.0,1.0,0.0,0.0,0.0,0.0
448603,0.0,0.0,1.0,0.0,0.0,1.0,0.0
448926,0.0,0.0,1.0,0.0,0.0,2.0,0.0
449426,0.0,0.0,1.0,0.0,0.0,0.0,0.0
449760,0.0,0.0,1.0,0.0,0.0,1.0,0.0
450260,0.0,0.0,1.0,0.0,0.0,0.0,0.0
450554,0.0,0.0,1.0,0.0,0.0,1.0,0.0
450651,0.0,0.0,1.0,0.0,0.0,2.0,0.0
451151,0.0,0.0,1.0,0.0,0.0,0.0,0.0
451283,0.0,0.0,1.0,0.0,0.0,1.0,0.0
451550,0.0,0.0,1.0,0.0,0.0,2.0,0.0
452050,0.0,0.0,1.0,0.0,0.0,0.0,0.0
452341,0.0,0.0,1.0,0.0,0.0,1.0,0.0
452841,0.0,0.0,1.0,0.0,0.0,0.0,0.0
452953,0.0,0.0,1.0,0.0,0.0,1.0,0.0
452957,0.0,0.0,1.0,0.0,0.0,2.0,0.0
453457,0.0,0.0,1.0,0.0,0.0,0.0,0.0
453978,0.0,0.0,1.0,0.0,0.0,1.0,0.0
453980,0.0,0.0,1.0,0.0,0.0,2.0,0.0
454480,0.0,0.0,1.0,0.0,0.0,0.0,0.0
454491,0.0,0.0,1.0,0.0,0.0,1.0,0.0
454915,0.0,2.0,1.0,0.0,0.0,1.0,0.0
454991,0.0,2.0,1.0,0.0,0.0,0.0,0.0
455415,0.0,0.0,1.0,0.0,0.0,0.0,0.0
456519,0.0,0.0,1.0,0.0,0.0,1.0,0.0
457019,0.0,0.0,1.0,0.0,0.0,0.0,0.0
457032,0.0,0.0,1.0,0.0,0.0,1.0,0.0
457532,0.0,0.0,1.0,0.0,0.0,0.0,0.0
457851,0.0,0.0,1.0,0.0,0.0,1.0,0.0
457988,0.0,0.0,1.0,0.0,0.0,2.0,0.0
458488,0.0,0.0,1.0,0.0,0.0,0.0,0.0
458983,0.0,0.0,1.0,0.0,0.0,1.0,0.0
459305,0.0,0.0,1.0,0.0,0.0,2.0,0.0
459805,0.0,0.0,1.0,0.0,0.0,0.0,0.0
460672,0.0,0.0,1.0,0.0,0.0,1.0,0.0
461172,0.0,0.0,1.0,0.0,0.0,0.0,0.0
461745,0.0,0.0,1.0,0.0,0.0,1.0,0.0
461747,0.0,0.0,1.0,0.0,0.0,2.0,0.0
462247,0.0,0.0,1.0,0.0,0.0,0.0,0.0
464704,0.0,0.0,1.0,0.0,0.0,1.0,0.0
465204,0.0,0.0,1.0,0.0,0.0,0.0,0.0
465463,0.0,0.0,1.0,0.0,0.0,1.0,0.0
465963,0.0,0.0,1.0,0.0,0.0,0.0,0.0
466052,0.0,0.0,1.0,0.0,0.0,1.0,0.0
466057,0.0,0.0,1.0,0.0,0.0,2.0,0.0
466075,0.0,0.0,1.0,0.0,1.0,2.0,0.0
466557,0.0,0.0,1.0,0.0,1.0,0.0,0.0
466575,0.0,0.0,1.0,0.0,0.0,0.0,0.0
466595,0.0,0.0,1.0,0.0,0.0,1.0,0.0
467095,0.0,0.0,1.0,0.0,0.0,0.0,0.0
467173,0.0,0.0,1.0,0.0,0.0,1.0,0.0
467256,0.0,0.0,1.0,0.0,0.0,2.0,0.0
467756,0.0,0.0,1.0,0.0,0.0,0.0,0.0
467953,0.0,0.0,1.0,0.0,0.0,1.0,0.0
467960,0.0,0.0,1.0,0.0,0.0,2.0,0.0
468460,0.0,0.0,1.0,0.0,0.0,0.0,0.0
468856,0.0,0.0,1.0,0.0,0.0,1.0,0.0
469356,0.0,0.0,1.0,0.0,0.0,0.0,0.0
469557,0.0,0.0,1.0,0.0,0.0,1.0,0.0
469769,0.0,0.0,1.0,0.0,0.0,2.0,0.0
470269,0.0,0.0,1.0,0.0,0.0,0.0,0.0
470514,0.0,0.0,1.0,0.0,0.0,1.0,0.0
470594,0.0,0.0,1.0,0.0,0.0,2.0,0.0
471094,0.0,0.0,1.0,0.0,0.0,1.0,0.0
471567,0.0,0.0,1.0,0.0,0.0,2.0,0.0
471581,0.0,0.0,1.0,0.0,1.0,2.0,0.0
471625,0.0,2.0,1.0,0.0,1.0,2.0,0.0
472067,0.0,2.0,1.0,0.0,1.0,0.0,0.0
472081,0.0,2.0,1.0,0.0,0.0,0.0,0.0
472125,0.0,0.0,1.0,0.0,0.0,0.0,0.0
472171,0.0,0.0,1.0,0.0,0.0,1.0,0.0
472671,0.0,0.0,1.0,0.0,0.0,0.0,0.0
473340,0.0,0.0,1.0,0.0,0.0,1.0,0.0
473840,0.0,0.0,1.0,0.0,0.0,0.0,0.0
474534,0.0,0.0,1.0,0.0,0.0,1.0,0.0
474889,0.0,0.0,1.0,0.0,0.0,2.0,0.0
475389,0.0,0.0,1.0,0.0,0.0,0.0,0.0
475464,0.0,0.0,1.0,0.0,0.0,1.0,0.0
475466,0.0,0.0,1.0,0.0,0.0,2.0,0.0
475966,0.0,0.0,1.0,0.0,0.0,0.0,0.0
476064,0.0,0.0,1.0,0.0,0.0,1.0,0.0
476564,0.0,0.0,1.0,0.0,0.0,0.0,0.0
476668,0.0,2.0,1.0,0.0,0.0,0.0,0.0
476677,0.0,2.0,1.0,0.0,0.0,1.0,0.0
477168,0.0,0.0,1.0,0.0,0.0,1.0,0.0
477177,0.0,0.0,1.0,0.0,0.0,0.0,0.0
477851,0.0,0.0,1.0,0.0,0.0,1.0,0.0
478351,0.0,0.0,1.0,0.0,0.0,0.0,0.0
478363,0.0,0.0,1.0,0.0,0.0,1.0,0.0
478367,0.0,0.0,1.0,0.0,0.0,2.0,0.0
478814,0.0,2.0,1.0,0.0,0.0,2.0,0.0
478867,0.0,2.0,1.0,0.0,0.0,0.0,0.0
479314,0.0,0.0,1.0,0.0,0.0,0.0,0.0
479385,0.0,0.0,1.0,0.0,0.0,1.0,0.0
479885,0.0,0.0,1.0,0.0,0.0,0.0,0.0
480733,0.0,0.0,1.0,0.0,0.0,1.0,0.0
481233,0.0,0.0,1.0,0.0,0.0,0.0,0.0
482442,0.0,0.0,1.0,0.0,0.0,1.0,0.0
482942,0.0,0.0,1.0,0.0,0.0,0.0,0.0
483111,0.0,0.0,1.0,0.0,0.0,1.0,0.0
483189,0.0,0.0,1.0,0.0,0.0,2.0,0.0
483214,0.0,0.0,1.0,0.0,1.0,2.0,0.0
483689,0.0,0.0,1.0,0.0,1.0,0.0,0.0
483714,0.0,0.0,1.0,0.0,0.0,0.0,0.0
483768,0.0,0.0,1.0,0.0,0.0,1.0,0.0
484042,0.0,0.0,1.0,0.0,0.0,2.0,0.0
484542,0.0,0.0,1.0,0.0,0.0,0.0,0.0
484856,0.0,0.0,1.0,0.0,0.0,1.0,0.0
485356,0.0,0.0,1.0,0.0,0.0,0.0,0.0
485648,0.0,0.0,1.0,0.0,0.0,1.0,0.0
486148,0.0,0.0,1.0,0.0,0.0,0.0,0.0
486189,0.0,0.0,1.0,0.0,0.0,1.0,0.0
486191,0.0,0.0,1.0,0.0,0.0,2.0,0.0
486192,0.0,0.0,1.0,0.0,1.0,2.0,0.0
486691,0.0,0.0,1.0,0.0,1.0,0.0,0.0
486692,0.0,0.0,1.0,0.0,0.0,0.0,0.0
486996,0.0,0.0,1.0,0.0,0.0,1.0,0.0
487096,0.0,0.0,1.0,0.0,0.0,2.0,0.0
487596,0.0,0.0,1.0,0.0,0.0,0.0,0.0
487980,0.0,2.0,1.0,0.0,0.0,0.0,0.0
488100,0.0,2.0,1.0,0.0,0.0,1.0,0.0
488392,0.0,2.0,1.0,0.0,1.0,1.0,0.0
488480,0.0,0.0,1.0,0.0,1.0,1.0,0.0
488600,0.0,0.0,1.0,0.0,1.0,0.0,0.0
488670,0.0,0.0,1.0,0.0,1.0,1.0,0.0
488892,0.0,0.0,1.0,0.0,0.0,1.0,0.0
489170,0.0,0.0,1.0,0.0,0.0,0.0,0.0
490598,0.0,0.0,1.0,0.0,0.0,1.0,0.0
491098,0.0,0.0,1.0,0.0,0.0,0.0,0.0
491200,0.0,0.0,1.0,0.0,0.0,1.0,0.0
491700,0.0,0.0,1.0,0.0,0.0,0.0,0.0
491888,0.0,0.0,1.0,0.0,0.0,1.0,0.0
492388,0.0,0.0,1.0,0.0,0.0,0.0,0.0
492481,0.0,0.0,1.0,0.0,0.0,1.0,0.0
492981,0.0,0.0,1.0,0.0,0.0,0.0,0.0
493405,0.0,0.0,1.0,0.0,0.0,1.0,0.0
493905,0.0,0.0,1.0,0.0,0.0,0.0,0.0
493928,0.0,0.0,1.0,0.0,0.0,1.0,0.0
494428,0.0,0.0,1.0,0.0,0.0,0.0,0.0
494529,0.0,0.0,1.0,0.0,0.0,1.0,0.0
494722,0.0,0.0,1.0,0.0,0.0,2.0,0.0
495222,0.0,0.0,1.0,0.0,0.0,0.0,0.0
495772,0.0,0.0,1.0,0.0,0.0,1.0,0.0
495898,0.0,0.0,1.0,0.0,0.0,2.0,0.0
496398,0.0,0.0,1.0,0.0,0.0,0.0,0.0
496454,0.0,0.0,1.0,0.0,0.0,1.0,0.0
496954,0.0,0.0,1.0,0.0,0.0,0.0,0.0
496957,0.0,0.0,1.0,0.0,0.0,1.0,0.0
497457,0.0,0.0,1.0,0.0,0.0,0.0,0.0
497861,0.0,0.0,1.0,0.0,0.0,1.0,0.0
497900,0.0,0.0,1.0,0.0,0.0,2.0,0.0
498400,0.0,0.0,1.0,0.0,0.0,0.0,0.0
498465,0.0,0.0,1.0,0.0,0.0,1.0,0.0
498965,0.0,0.0,1.0,0.0,0.0,0.0,0.0
499576,0.0,0.0,1.0,0.0,0.0,1.0,0.0
500076,0.0,0.0,1.0,0.0,0.0,0.0,0.0
500358,0.0,0.0,1.0,0.0,0.0,1.0,0.0
500858,0.0,0.0,1.0,0.0,0.0,0.0,0.0
501129,0.0,0.0,1.0,0.0,0.0,1.0,0.0
501629,0.0,0.0,1.0,0.0,0.0,0.0,0.0
501670,0.0,0.0,1.0,0.0,0.0,1.0,0.0
501761,0.0,0.0,1.0,0.0,0.0,2.0,0.0
502261,0.0,0.0,1.0,0.0,0.0,0.0,0.0
502486,0.0,0.0,1.0,0.0,0.0,1.0,0.0
502713,0.0,0.0,1.0,0.0,0.0,2.0,0.0
502722,0.0,0.0,1.0,0.0,1.0,2.0,0.0
503213,0.0,0.0,1.0,0.0,1.0,0.0,0.0
503222,0.0,0.0,1.0,0.0,0.0,0.0,0.0
503971,0.0,0.0,1.0,0.0,0.0,1.0,0.0
504471,0.0,0.0,1.0,0.0,0.0,0.0,0.0
505959,0.0,0.0,0.0,0.0,0.0,0.0,0.0
602172,0.0,0.0,0.0,0.0,0.0,1.0,0.0
602672,0.0,0.0,0.0,0.0,0.0,0.0,0.0
605000,0.0,0.0,0.0,0.0,0.0,0.0,1.0
605500,0.0,0.0,0.0,0.0,0.0,0.0,0.0
605535,2.0,0.0,0.0,0.0,0.0,0.0,0.0
605560,2.0,0.0,0.0,0.0,0.0,1.0,0.0
605668,2.0,0.0,0.0,0.0,0.0,2.0,0.0
605798,2.0,2.0,0.0,0.0,0.0,2.0,0.0
605802,2.0,2.0,0.0,0.0,1.0,2.0,0.0
605869,2.0,2.0,0.0,0.0,2.0,2.0,0.0
606035,0.0,2.0,0.0,0.0,2.0,2.0,0.0
606079,2.0,2.0,0.0,0.0,2.0,2.0,0.0
606168,2.0,2.0,0.0,0.0,2.0,0.0,0.0
606170,2.0,2.0,0.0,0.0,2.0,1.0,0.0
606298,2.0,0.0,0.0,0.0,2.0,1.0,0.0
606322,2.0,0.0,0.0,0.0,2.0,2.0,0.0
606369,2.0,0.0,0.0,0.0,0.0,2.0,0.0
606579,0.0,0.0,0.0,0.0,0.0,2.0,0.0
606822,0.0,0.0,0.0,0.0,0.0,0.0,0.0
606955,0.0,0.0,0.0,0.0,0.0,1.0,0.0
607034,0.0,0.0,1.0,0.0,0.0,1.0,0.0
607455,0.0,0.0,1.0,0.0,0.0,0.0,0.0
607621,0.0,0.0,1.0,0.0,0.0,1.0,0.0
608121,0.0,0.0,1.0,0.0,0.0,0.0,0.0
608448,0.0,0.0,2.0,0.0,0.0,0.0,0.0
608593,0.0,0.0,2.0,0.0,0.0,1.0,0.0
608948,0.0,0.0,0.0,0.0,0.0,1.0,0.0
609093,0.0,0.0,0.0,0.0,0.0,0.0,0.0
609428,0.0,0.0,0.0,0.0,0.0,1.0,0.0
609430,0.0,0.0,0.0,0.0,0.0,2.0,0.0
609764,0.0,0.0,1.0,0.0,0.0,2.0,0.0
609930,0.0,0.0,1.0,0.0,0.0,0.0,0.0
610113,0.0,0.0,1.0,0.0,0.0,1.0,0.0
610264,0.0,0.0,0.0,0.0,0.0,1.0,0.0
610613,0.0,0.0,0.0,0.0,0.0,0.0,0.0
611878,0.0,0.0,0.0,0.0,0.0,1.0,0.0
612378,0.0,0.0,0.0,0.0,0.0,0.0,0.0
612817,0.0,0.0,0.0,0.0,0.0,1.0,0.0
613317,0.0,0.0,0.0,0.0,0.0,0.0,0.0
613714,0.0,0.0,0.0,0.0,0.0,1.0,0.0
613716,0.0,0.0,0.0,0.0,0.0,2.0,0.0
614216,0.0,0.0,0.0,0.0,0.0,0.0,0.0
614520,0.0,0.0,0.0,0.0,0.0,1.0,0.0
614838,0.0,0.0,0.0,0.0,0.0,2.0,0.0
615338,0.0,0.0,0.0,0.0,0.0,0.0,0.0
615824,0.0,0.0,0.0,0.0,0.0,1.0,0.0
616298,0.0,0.0,0.0,0.0,1.0,1.0,0.0
616306,0.0,0.0,0.0,0.0,2.0,1.0,0.0
616324,0.0,0.0,0.0,0.0,2.0,0.0,0.0
616484,0.0,0.0,0.0,0.0,2.0,1.0,0.0
616806,0.0,0.0,0.0,0.0,0.0,1.0,0.0
616984,0.0,0.0,0.0,0.0,0.0,0.0,0.0
617176,0.0,0.0,0.0,0.0,0.0,1.0,0.0
617676,0.0,0.0,0.0,0.0,0.0,0.0,0.0
617715,0.0,0.0,0.0,0.0,0.0,1.0,0.0
618168,0.0,0.0,0.0,0.0,0.0,2.0,0.0
618668,0.0,0.0,0.0,0.0,0.0,0.0,0.0
619071,0.0,0.0,0.0,0.0,0.0,1.0,0.0
619571,0.0,0.0,0.0,0.0,0.0,0.0,0.0
620082,0.0,0.0,0.0,0.0,0.0,1.0,0.0
620091,0.0,0.0,0.0,0.0,0.0,2.0,0.0
620591,0.0,0.0,0.0,0.0,0.0,0.0,0.0
620815,0.0,0.0,0.0,0.0,0.0,1.0,0.0
621315,0.0,0.0,0.0,0.0,0.0,0.0,0.0
621649,0.0,0.0,0.0,0.0,0.0,1.0,0.0
621960,0.0,0.0,0.0,0.0,0.0,2.0,0.0
622460,0.0,0.0,0.0,0.0,0.0,0.0,0.0
622776,0.0,0.0,0.0,0.0,0.0,1.0,0.0
623276,0.0,0.0,0.0,0.0,0.0,0.0,0.0
623289,0.0,0.0,0.0,0.0,0.0,1.0,0.0
623789,0.0,0.0,0.0,0.0,0.0,0.0,0.0
624151,0.0,0.0,0.0,0.0,0.0,1.0,0.0
624199,0.0,0.0,0.0,0.0,0.0,2.0,0.0
624399,0.0,0.0,0.0,0.0,1.0,2.0,0.0
624699,0.0,0.0,0.0,0.0,1.0,0.0,0.0
624762,0.0,0.0,0.0,0.0,1.0,1.0,0.0
624899,0.0,0.0,0.0,0.0,0.0,1.0,0.0
624926,0.0,0.0,0.0,0.0,1.0,1.0,0.0
624932,0.0,0.0,0.0,0.0,1.0,2.0,0.0
625426,0.0,0.0,0.0,0.0,0.0,2.0,0.0
625432,0.0,0.0,0.0,0.0,0.0,0.0,0.0
625905,0.0,0.0,0.0,0.0,0.0,1.0,0.0
626405,0.0,0.0,0.0,0.0,0.0,0.0,0.0
626516,0.0,0.0,0.0,0.0,0.0,1.0,0.0
627016,0.0,0.0,0.0,0.0,0.0,0.0,0.0
628088,0.0,0.0,0.0,0.0,0.0,1.0,0.0
628588,0.0,0.0,0.0,0.0,0.0,0.0,0.0
629178,0.0,0.0,0.0,0.0,0.0,1.0,0.0
629678,0.0,0.0,0.0,0.0,0.0,0.0,0.0
630005,0.0,0.0,0.0,0.0,0.0,1.0,0.0
630505,0.0,0.0,0.0,0.0,0.0,0.0,0.0
630553,0.0,0.0,0.0,0.0,0.0,1.0,0.0
631053,0.0,0.0,0.0,0.0,0.0,0.0,0.0
631093,0.0,0.0,0.0,0.0,0.0,1.0,0.0
631593,0.0,0.0,0.0,0.0,0.0,0.0,0.0
632611,0.0,0.0,0.0,0.0,0.0,1.0,0.0
632636,0.0,0.0,0.0,0.0,0.0,2.0,0.0
633136,0.0,0.0,0.0,0.0,0.0,0.0,0.0
633612,0.0,0.0,0.0,0.0,0.0,1.0,0.0
634112,0.0,0.0,0.0,0.0,0.0,0.0,0.0
634182,0.0,0.0,0.0,0.0,0.0,1.0,0.0
634203,0.0,0.0,0.0,0.0,0.0,2.0,0.0
634291,0.0,0.0,0.0,0.0,1.0,2.0,0.0
634337,0.0,2.0,0.0,0.0,1.0,2.0,0.0
634339,0.0,2.0,0.0,0.0,2.0,2.0,0.0
634703,0.0,2.0,0.0,0.0,2.0,0.0,0.0
634730,0.0,2.0,0.0,0.0,2.0,1.0,0.0
634837,0.0,0.0,0.0,0.0,2.0,1.0,0.0
634839,0.0,0.0,0.0,0.0,0.0,1.0,0.0
635230,0.0,0.0,0.0,0.0,0.0,0.0,0.0
635233,0.0,0.0,0.0,0.0,0.0,1.0,0.0
635733,0.0,0.0,0.0,0.0,0.0,0.0,0.0
635857,0.0,0.0,0.0,0.0,0.0,1.0,0.0
635866,0.0,0.0,0.0,0.0,0.0,2.0,0.0
636366,0.0,0.0,0.0,0.0,0.0,0.0,0.0
636853,0.0,0.0,0.0,0.0,0.0,1.0,0.0
636855,0.0,0.0,0.0,0.0,0.0,2.0,0.0
637355,0.0,0.0,0.0,0.0,0.0,0.0,0.0
637617,0.0,0.0,0.0,0.0,0.0,1.0,0.0
638117,0.0,0.0,0.0,0.0,0.0,0.0,0.0
638416,0.0,0.0,0.0,0.0,0.0,1.0,0.0
638916,0.0,0.0,0.0,0.0,0.0,0.0,0.0
639275,0.0,0.0,0.0,0.0,0.0,1.0,0.0
639677,0.0,0.0,0.0,0.0,0.0,2.0,0.0
640177,0.0,0.0,0.0,0.0,0.0,0.0,0.0
640182,0.0,0.0,0.0,0.0,0.0,1.0,0.0
640682,0.0,0.0,0.0,0.0,0.0,0.0,0.0
640737,0.0,0.0,0.0,0.0,0.0,1.0,0.0
640746,0.0,0.0,0.0,0.0,0.0,2.0,0.0
641246,0.0,0.0,0.0,0.0,0.0,0.0,0.0
641412,0.0,0.0,0.0,0.0,0.0,1.0,0.0
641912,0.0,0.0,0.0,0.0,0.0,0.0,0.0
641974,0.0,0.0,0.0,0.0,0.0,1.0,0.0
642474,0.0,0.0,0.0,0.0,0.0,0.0,0.0
643843,0.0,0.0,0.0,0.0,0.0,1.0,0.0
644343,0.0,0.0,0.0,0.0,0.0,0.0,0.0
644345,0.0,0.0,0.0,0.0,0.0,1.0,0.0
644828,0.0,0.0,0.0,0.0,0.0,2.0,0.0
645328,0.0,0.0,0.0,0.0,0.0,0.0,0.0
645356,0.0,0.0,0.0,0.0,0.0,1.0,0.0
645817,0.0,0.0,0.0,0.0,0.0,2.0,0.0
645836,0.0,0.0,0.0,0.0,1.0,2.0,0.0
646317,0.0,0.0,0.0,0.0,1.0,0.0,0.0
646336,0.0,0.0,0.0,0.0,0.0,0.0,0.0
646395,0.0,0.0,0.0,0.0,0.0,1.0,0.0
646397,0.0,0.0,0.0,0.0,0.0,2.0,0.0
646897,0.0,0.0,0.0,0.0,0.0,0.0,0.0
647264,0.0,0.0,0.0,0.0,0.0,1.0,0.0
647764,0.0,0.0,0.0,0.0,0.0,0.0,0.0
647776,0.0,0.0,0.0,0.0,0.0,1.0,0.0
648087,0.0,2.0,0.0,0.0,0.0,1.0,0.0
648276,0.0,2.0,0.0,0.0,0.0,0.0,0.0
648587,0.0,0.0,0.0,0.0,0.0,0.0,0.0
648770,0.0,0.0,0.0,0.0,0.0,1.0,0.0
649270,0.0,0.0,0.0,0.0,0.0,0.0,0.0
649378,0.0,0.0,0.0,0.0,0.0,1.0,0.0
649400,0.0,0.0,0.0,0.0,0.0,2.0,0.0
649900,0.0,0.0,0.0,0.0,0.0,0.0,0.0
649916,0.0,0.0,0.0,0.0,0.0,1.0,0.0
649922,0.0,0.0,0.0,0.0,0.0,2.0,0.0
650012,0.0,0.0,0.0,0.0,1.0,2.0,0.0
650422,0.0,0.0,0.0,0.0,1.0,0.0,0.0
650442,0.0,0.0,0.0,0.0,1.0,1.0,0.0
650512,0.0,0.0,0.0,0.0,0.0,1.0,0.0
650942,0.0,0.0,0.0,0.0,0.0,0.0,0.0
651069,0.0,0.0,0.0,0.0,0.0,1.0,0.0
651569,0.0,0.0,0.0,0.0,0.0,0.0,0.0
651649,0.0,0.0,0.0,0.0,1.0,1.0,0.0
652149,0.0,0.0,0.0,0.0,0.0,0.0,0.0
652279,0.0,0.0,0.0,0.0,0.0,1.0,0.0
652779,0.0,0.0,0.0,0.0,0.0,0.0,0.0
653538,0.0,0.0,0.0,0.0,0.0,1.0,0.0
654038,0.0,0.0,0.0,0.0,0.0,0.0,0.0
654227,0.0,0.0,0.0,0.0,0.0,1.0,0.0
654727,0.0,0.0,0.0,0.0,0.0,0.0,0.0
654892,0.0,0.0,0.0,0.0,0.0,1.0,0.0
655392,0.0,0.0,0.0,0.0,0.0,0.0,0.0
655924,0.0,0.0,0.0,0.0,0.0,1.0,0.0
656277,0.0,0.0,0.0,0.0,0.0,2.0,0.0
656777,0.0,0.0,0.0,0.0,0.0,0.0,0.0
657245,0.0,0.0,0.0,0.0,0.0,1.0,0.0
657745,0.0,0.0,0.0,0.0,0.0,0.0,0.0
658479,0.0,0.0,0.0,0.0,0.0,1.0,0.0
658979,0.0,0.0,0.0,0.0,0.0,0.0,0.0
659133,0.0,0.0,0.0,0.0,0.0,1.0,0.0
659136,0.0,0.0,0.0,0.0,0.0,2.0,0.0
659636,0.0,0.0,0.0,0.0,0.0,0.0,0.0
659882,0.0,0.0,0.0,0.0,0.0,1.0,0.0
659884,0.0,0.0,0.0,0.0,0.0,2.0,0.0
660384,0.0,0.0,0.0,0.0,0.0,0.0,0.0
661047,0.0,0.0,0.0,0.0,0.0,1.0,0.0
661547,0.0,0.0,0.0,0.0,0.0,0.0,0.0
661694,0.0,0.0,0.0,0.0,0.0,1.0,0.0
662194,0.0,0.0,0.0,0.0,0.0,0.0,0.0
662400,0.0,0.0,0.0,0.0,0.0,1.0,0.0
662434,0.0,2.0,0.0,0.0,0.0,1.0,0.0
662439,0.0,2.0,0.0,0.0,0.0,2.0,0.0
662934,0.0,0.0,0.0,0.0,0.0,2.0,0.0
662939,0.0,0.0,0.0,0.0,0.0,0.0,0.0
663656,0.0,0.0,0.0,0.0,0.0,1.0,0.0
664156,0.0,0.0,0.0,0.0,0.0,0.0,0.0
664505,0.0,0.0,0.0,0.0,0.0,1.0,0.0
664871,0.0,0.0,0.0,0.0,0.0,2.0,0.0
665371,0.0,0.0,0.0,0.0,0.0,0.0,0.0
665539,0.0,0.0,0.0,0.0,0.0,1.0,0.0
666039,0.0,0.0,0.0,0.0,0.0,0.0,0.0
666602,0.0,0.0,0.0,0.0,0.0,1.0,0.0
666615,0.0,0.0,0.0,0.0,0.0,2.0,0.0
666618,0.0,0.0,0.0,0.0,1.0,2.0,0.0
666623,0.0,0.0,0.0,0.0,2.0,2.0,0.0
667115,0.0,0.0,0.0,0.0,2.0,0.0,0.0
667123,0.0,0.0,0.0,0.0,0.0,0.0,0.0
668251,0.0,0.0,0.0,0.0,0.0,1.0,0.0
668751,0.0,0.0,0.0,0.0,0.0,0.0,0.0
668805,0.0,0.0,0.0,0.0,0.0,1.0,0.0
669140,0.0,0.0,0.0,0.0,0.0,2.0,0.0
669640,0.0,0.0,0.0,0.0,0.0,0.0,0.0
669641,0.0,0.0,0.0,0.0,0.0,1.0,0.0
669723,0.0,0.0,0.0,0.0,0.0,2.0,0.0
670223,0.0,0.0,0.0,0.0,0.0,0.0,0.0
670261,0.0,0.0,0.0,0.0,0.0,1.0,0.0
670499,0.0,0.0,0.0,0.0,0.0,2.0,0.0
670999,0.0,0.0,0.0,0.0,0.0,0.0,0.0
671120,0.0,0.0,0.0,0.0,0.0,1.0,0.0
671124,0.0,0.0,0.0,0.0,0.0,2.0,0.0
671624,0.0,0.0,0.0,0.0,0.0,0.0,0.0
672638,0.0,0.0,0.0,0.0,0.0,1.0,0.0
673138,0.0,0.0,0.0,0.0,0.0,0.0,0.0
673803,0.0,0.0,0.0,0.0,0.0,1.0,0.0
673855,0.0,0.0,0.0,0.0,1.0,1.0,0.0
673856,0.0,0.0,0.0,0.0,1.0,2.0,0.0
674355,0.0,0.0,0.0,0.0,0.0,2.0,0.0
674356,0.0,0.0,0.0,0.0,0.0,0.0,0.0
674712,0.0,0.0,0.0,0.0,0.0,1.0,0.0
674737,0.0,0.0,0.0,0.0,0.0,2.0,0.0
675237,0.0,0.0,0.0,0.0,0.0,0.0,0.0
675352,0.0,0.0,0.0,0.0,0.0,1.0,0.0
675852,0.0,0.0,0.0,0.0,0.0,0.0,0.0
676726,0.0,0.0,0.0,0.0,0.0,1.0,0.0
676775,0.0,0.0,0.0,0.0,0.0,2.0,0.0
677275,0.0,0.0,0.0,0.0,0.0,0.0,0.0
677699,0.0,0.0,0.0,0.0,0.0,1.0,0.0
678199,0.0,0.0,0.0,0.0,0.0,0.0,0.0
678261,0.0,0.0,0.0,0.0,0.0,1.0,0.0
678761,0.0,0.0,0.0,0.0,0.0,0.0,0.0
678845,0.0,0.0,0.0,0.0,0.0,1.0,0.0
679345,0.0,0.0,0.0,0.0,0.0,0.0,0.0
679616,0.0,0.0,0.0,0.0,0.0,1.0,0.0
680116,0.0,0.0,0.0,0.0,0.0,0.0,0.0
680122,0.0,0.0,0.0,0.0,0.0,1.0,0.0
680622,0.0,0.0,0.0,0.0,0.0,0.0,0.0
681918,0.0,0.0,0.0,0.0,1.0,0.0,0.0
682418,0.0,0.0,0.0,0.0,0.0,0.0,0.0
682819,0.0,0.0,0.0,0.0,0.0,1.0,0.0
683319,0.0,0.0,0.0,0.0,0.0,0.0,0.0
683371,0.0,0.0,0.0,0.0,0.0,1.0,0.0
683871,0.0,0.0,0.0,0.0,0.0,0.0,0.0
684654,0.0,0.0,0.0,0.0,0.0,1.0,0.0
685154,0.0,0.0,0.0,0.0,0.0,0.0,0.0
685394,0.0,0.0,0.0,0.0,0.0,1.0,0.0
685894,0.0,0.0,0.0,0.0,0.0,0.0,0.0
686574,0.0,0.0,0.0,0.0,0.0,1.0,0.0
686608,0.0,0.0,0.0,0.0,0.0,2.0,0.0
687108,0.0,0.0,0.0,0.0,0.0,0.0,0.0
687144,0.0,0.0,0.0,0.0,0.0,1.0,0.0
687644,0.0,0.0,0.0,0.0,0.0,0.0,0.0
688150,0.0,0.0,0.0,0.0,0.0,1.0,0.0
688650,0.0,0.0,0.0,0.0,0.0,0.0,0.0
688658,0.0,0.0,0.0,0.0,0.0,1.0,0.0
688673,0.0,0.0,0.0,0.0,0.0,2.0,0.0
689173,0.0,0.0,0.0,0.0,0.0,0.0,0.0
689681,0.0,0.0,0.0,0.0,0.0,1.0,0.0
689689,0.0,0.0,0.0,0.0,0.0,2.0,0.0
690189,0.0,0.0,0.0,0.0,0.0,0.0,0.0
690881,0.0,0.0,0.0,0.0,0.0,1.0,0.0
690984,0.0,0.0,0.0,0.0,0.0,2.0,0.0
691484,0.0,0.0,0.0,0.0,0.0,0.0,0.0
691608,0.0,0.0,0.0,0.0,0.0,1.0,0.0
691668,0.0,0.0,0.0,0.0,0.0,2.0,0.0
692168,0.0,0.0,0.0,0.0,0.0,0.0,0.0
692810,0.0,0.0,0.0,0.0,0.0,1.0,0.0
693310,0.0,0.0,0.0,0.0,0.0,0.0,0.0
693375,0.0,0.0,0.0,0.0,0.0,1.0,0.0
693382,0.0,0.0,0.0,0.0,0.0,2.0,0.0
693882,0.0,0.0,0.0,0.0,0.0,0.0,0.0
694957,0.0,0.0,0.0,0.0,0.0,1.0,0.0
695457,0.0,0.0,0.0,0.0,0.0,0.0,0.0
695665,0.0,0.0,0.0,0.0,0.0,1.0,0.0
695927,0.0,0.0,0.0,0.0,0.0,2.0,0.0
696427,0.0,0.0,0.0,0.0,0.0,0.0,0.0
697234,0.0,0.0,0.0,0.0,0.0,1.0,0.0
697238,0.0,0.0,0.0,0.0,0.0,2.0,0.0
697738,0.0,0.0,0.0,0.0,0.0,0.0,0.0
697952,0.0,0.0,0.0,0.0,0.0,1.0,0.0
698452,0.0,0.0,0.0,0.0,0.0,0.0,0.0
698475,0.0,0.0,0.0,0.0,0.0,1.0,0.0
698689,0.0,0.0,0.0,0.0,0.0,2.0,0.0
699189,0.0,0.0,0.0,0.0,0.0,0.0,0.0
699250,0.0,0.0,0.0,0.0,0.0,1.0,0.0
699544,0.0,0.0,0.0,0.0,0.0,2.0,0.0
700044,0.0,0.0,0.0,0.0,0.0,0.0,0.0
700609,0.0,0.0,0.0,0.0,0.0,1.0,0.0
701109,0.0,0.0,0.0,0.0,0.0,0.0,0.0
701305,0.0,0.0,0.0,0.0,0.0,1.0,0.0
701805,0.0,0.0,0.0,0.0,0.0,0.0,0.0
702731,0.0,0.0,0.0,0.0,0.0,1.0,0.0
703231,0.0,0.0,0.0,0.0,0.0,0.0,0.0
704843,0.0,0.0,0.0,0.0,0.0,1.0,0.0
705280,0.0,2.0,0.0,0.0,0.0,1.0,0.0
705343,0.0,2.0,0.0,0.0,0.0,0.0,0.0
705780,0.0,0.0,0.0,0.0,0.0,0.0,0.0
706212,0.0,0.0,0.0,0.0,0.0,1.0,0.0
706712,0.0,0.0,0.0,0.0,0.0,0.0,0.0
765860,0.0,0.0,0.0,0.0,1.0,0.0,0.0
766360,0.0,0.0,0.0,0.0,0.0,0.0,0.0
777989,0.0,0.0,0.0,0.0,0.0,1.0,0.0
778489,0.0,0.0,0.0,0.0,0.0,0.0,0.0
807000,0.0,0.0,0.0,0.0,0.0,0.0,1.0
807426,0.0,0.0,0.0,0.0,0.0,1.0,1.0
807500,0.0,0.0,0.0,0.0,0.0,1.0,0.0
807519,2.0,0.0,0.0,0.0,0.0,1.0,0.0
807557,2.0,0.0,0.0,0.0,0.0,2.0,0.0
807585,2.0,0.0,0.0,0.0,1.0,2.0,0.0
807596,2.0,2.0,0.0,0.0,1.0,2.0,0.0
807640,2.0,2.0,0.0,0.0,2.0,2.0,0.0
808019,0.0,2.0,0.0,0.0,2.0,2.0,0.0
808057,0.0,2.0,0.0,0.0,2.0,0.0,0.0
808095,2.0,2.0,0.0,0.0,2.0,0.0,0.0
808096,2.0,0.0,0.0,0.0,2.0,0.0,0.0
808140,2.0,0.0,0.0,0.0,0.0,0.0,0.0
808228,2.0,0.0,0.0,0.0,0.0,1.0,0.0
808253,2.0,2.0,0.0,0.0,0.0,1.0,0.0
808595,0.0,2.0,0.0,0.0,0.0,1.0,0.0
808728,0.0,2.0,0.0,0.0,0.0,0.0,0.0
808747,0.0,2.0,0.0,0.0,0.0,1.0,0.0
808753,0.0,0.0,0.0,0.0,0.0,1.0,0.0
809019,0.0,0.0,1.0,0.0,0.0,1.0,0.0
809206,0.0,0.0,1.0,0.0,0.0,2.0,0.0
809706,0.0,0.0,1.0,0.0,0.0,0.0,0.0
809878,0.0,0.0,1.0,0.0,0.0,1.0,0.0
810338,0.0,0.0,2.0,0.0,0.0,1.0,0.0
810378,0.0,0.0,2.0,0.0,0.0,0.0,0.0
810537,0.0,0.0,2.0,0.0,0.0,1.0,0.0
810682,0.0,0.0,2.0,0.0,1.0,1.0,0.0
810838,0.0,0.0,0.0,0.0,1.0,1.0,0.0
811037,0.0,0.0,0.0,0.0,1.0,0.0,0.0
811170,0.0,0.0,0.0,0.0,1.0,1.0,0.0
811182,0.0,0.0,0.0,0.0,0.0,1.0,0.0
811201,0.0,2.0,0.0,0.0,0.0,1.0,0.0
811670,0.0,2.0,0.0,0.0,0.0,0.0,0.0
811701,0.0,0.0,0.0,0.0,0.0,0.0,0.0
812750,0.0,0.0,0.0,0.0,0.0,1.0,0.0
813250,0.0,0.0,0.0,0.0,0.0,0.0,0.0
813786,0.0,0.0,0.0,0.0,0.0,1.0,0.0
814059,0.0,0.0,0.0,0.0,0.0,2.0,0.0
814559,0.0,0.0,0.0,0.0,0.0,0.0,0.0
815149,0.0,0.0,0.0,0.0,0.0,1.0,0.0
815260,0.0,0.0,0.0,0.0,0.0,2.0,0.0
815368,0.0,0.0,1.0,0.0,0.0,2.0,0.0
815424,0.0,2.0,1.0,0.0,0.0,2.0,0.0
815760,0.0,2.0,1.0,0.0,0.0,0.0,0.0
815826,0.0,2.0,1.0,0.0,0.0,1.0,0.0
815924,0.0,0.0,1.0,0.0,0.0,1.0,0.0
816250,0.0,0.0,1.0,0.0,0.0,2.0,0.0
816750,0.0,0.0,1.0,0.0,0.0,0.0,0.0
816994,0.0,0.0,1.0,0.0,0.0,1.0,0.0
816997,0.0,0.0,1.0,0.0,0.0,2.0,0.0
817497,0.0,0.0,1.0,0.0,0.0,0.0,0.0
817518,0.0,0.0,1.0,0.0,0.0,1.0,0.0
817868,0.0,0.0,0.0,0.0,0.0,1.0,0.0
817875,0.0,0.0,1.0,0.0,0.0,1.0,0.0
818018,0.0,0.0,1.0,0.0,0.0,0.0,0.0
818375,0.0,0.0,0.0,0.0,0.0,0.0,0.0
818400,0.0,0.0,0.0,0.0,0.0,1.0,0.0
818786,0.0,0.0,1.0,0.0,0.0,2.0,0.0
819286,0.0,0.0,0.0,0.0,0.0,0.0,0.0
819323,0.0,0.0,0.0,0.0,0.0,1.0,0.0
819325,0.0,0.0,0.0,0.0,0.0,2.0,0.0
819825,0.0,0.0,0.0,0.0,0.0,0.0,0.0
820406,0.0,0.0,0.0,0.0,0.0,1.0,0.0
820440,0.0,0.0,0.0,0.0,0.0,2.0,0.0
820940,0.0,0.0,0.0,0.0,0.0,0.0,0.0
821068,0.0,0.0,0.0,0.0,0.0,1.0,0.0
821568,0.0,0.0,0.0,0.0,0.0,0.0,0.0
821844,0.0,0.0,0.0,0.0,0.0,1.0,0.0
822116,0.0,0.0,0.0,0.0,0.0,2.0,0.0
822616,0.0,0.0,0.0,0.0,0.0,0.0,0.0
822915,0.0,0.0,0.0,0.0,0.0,1.0,0.0
823415,0.0,0.0,0.0,0.0,0.0,0.0,0.0
823522,0.0,0.0,0.0,0.0,0.0,1.0,0.0
824022,0.0,0.0,0.0,0.0,0.0,0.0,0.0
824442,0.0,0.0,0.0,0.0,0.0,1.0,0.0
824942,0.0,0.0,0.0,0.0,0.0,0.0,0.0
826515,0.0,0.0,0.0,0.0,0.0,1.0,0.0
827015,0.0,0.0,0.0,0.0,0.0,0.0,0.0
827288,0.0,0.0,0.0,0.0,0.0,1.0,0.0
827788,0.0,0.0,0.0,0.0,0.0,0.0,0.0
827880,0.0,0.0,0.0,0.0,0.0,1.0,0.0
828380,0.0,0.0,0.0,0.0,0.0,0.0,0.0
830338,0.0,0.0,0.0,0.0,0.0,1.0,0.0
830838,0.0,0.0,0.0,0.0,0.0,0.0,0.0
830999,0.0,0.0,0.0,0.0,0.0,1.0,0.0
831499,0.0,0.0,0.0,0.0,0.0,0.0,0.0
832147,0.0,0.0,0.0,0.0,0.0,1.0,0.0
832150,0.0,0.0,0.0,0.0,0.0,2.0,0.0
832650,0.0,0.0,0.0,0.0,0.0,0.0,0.0
833055,0.0,0.0,0.0,0.0,0.0,1.0,0.0
833274,0.0,0.0,0.0,0.0,0.0,2.0,0.0
833774,0.0,0.0,0.0,0.0,0.0,1.0,0.0
833844,0.0,0.0,0.0,0.0,0.0,2.0,0.0
834344,0.0,0.0,0.0,0.0,0.0,0.0,0.0
834734,0.0,0.0,0.0,0.0,0.0,1.0,0.0
835234,0.0,0.0,0.0,0.0,0.0,0.0,0.0
835451,0.0,0.0,0.0,0.0,0.0,1.0,0.0
835951,0.0,0.0,0.0,0.0,0.0,0.0,0.0
836021,0.0,0.0,0.0,0.0,0.0,1.0,0.0
836325,0.0,0.0,0.0,0.0,0.0,2.0,0.0
836825,0.0,0.0,0.0,0.0,0.0,0.0,0.0
837131,0.0,0.0,0.0,0.0,0.0,1.0,0.0
837134,0.0,0.0,0.0,0.0,0.0,2.0,0.0
837634,0.0,0.0,0.0,0.0,0.0,0.0,0.0
837965,0.0,0.0,0.0,0.0,0.0,1.0,0.0
838465,0.0,0.0,0.0,0.0,0.0,0.0,0.0
838809,0.0,0.0,0.0,0.0,0.0,1.0,0.0
838830,0.0,0.0,0.0,0.0,0.0,2.0,0.0
839330,0.0,0.0,0.0,0.0,0.0,0.0,0.0
839788,0.0,0.0,0.0,0.0,0.0,1.0,0.0
840288,0.0,0.0,0.0,0.0,0.0,0.0,0.0
840351,0.0,0.0,0.0,0.0,0.0,1.0,0.0
840363,0.0,0.0,0.0,0.0,0.0,2.0,0.0
840753,0.0,2.0,0.0,0.0,0.0,2.0,0.0
840863,0.0,2.0,0.0,0.0,0.0,0.0,0.0
841253,0.0,0.0,0.0,0.0,0.0,0.0,0.0
841492,0.0,0.0,0.0,0.0,0.0,1.0,0.0
841588,0.0,0.0,0.0,0.0,0.0,2.0,0.0
842088,0.0,0.0,0.0,0.0,0.0,0.0,0.0
842400,0.0,0.0,0.0,0.0,0.0,1.0,0.0
842900,0.0,0.0,0.0,0.0,0.0,0.0,0.0
843747,0.0,0.0,0.0,0.0,0.0,1.0,0.0
844247,0.0,0.0,0.0,0.0,0.0,0.0,0.0
844251,0.0,0.0,0.0,0.0,0.0,1.0,0.0
844751,0.0,0.0,0.0,0.0,0.0,0.0,0.0
845171,0.0,0.0,0.0,0.0,0.0,1.0,0.0
845471,0.0,0.0,0.0,0.0,1.0,1.0,0.0
845671,0.0,0.0,0.0,0.0,1.0,0.0,0.0
845731,0.0,0.0,0.0,0.0,1.0,1.0,0.0
845971,0.0,0.0,0.0,0.0,0.0,1.0,0.0
846231,0.0,0.0,0.0,0.0,0.0,0.0,0.0
846232,0.0,0.0,0.0,0.0,0.0,1.0,0.0
846732,0.0,0.0,0.0,0.0,0.0,0.0,0.0
846813,0.0,0.0,0.0,0.0,0.0,1.0,0.0
846820,0.0,0.0,0.0,0.0,0.0,2.0,0.0
847320,0.0,0.0,0.0,0.0,0.0,0.0,0.0
847742,0.0,0.0,0.0,0.0,0.0,1.0,0.0
847750,0.0,2.0,0.0,0.0,0.0,1.0,0.0
848242,0.0,2.0,0.0,0.0,0.0,0.0,0.0
848250,0.0,0.0,0.0,0.0,0.0,0.0,0.0
848281,0.0,0.0,0.0,0.0,0.0,1.0,0.0
848558,0.0,0.0,0.0,0.0,0.0,2.0,0.0
849058,0.0,0.0,0.0,0.0,0.0,0.0,0.0
849302,0.0,0.0,0.0,0.0,0.0,1.0,0.0
849802,0.0,0.0,0.0,0.0,0.0,0.0,0.0
850442,0.0,0.0,0.0,0.0,0.0,1.0,0.0
850461,0.0,0.0,0.0,0.0,0.0,2.0,0.0
850961,0.0,0.0,0.0,0.0,0.0,0.0,0.0
851100,0.0,0.0,0.0,0.0,0.0,1.0,0.0
851600,0.0,0.0,0.0,0.0,0.0,0.0,0.0
851847,0.0,0.0,0.0,0.0,0.0,1.0,0.0
851864,0.0,0.0,0.0,0.0,0.0,2.0,0.0
852364,0.0,0.0,0.0,0.0,0.0,0.0,0.0
852721,0.0,0.0,0.0,0.0,0.0,1.0,0.0
853221,0.0,0.0,0.0,0.0,0.0,0.0,0.0
853857,0.0,0.0,0.0,0.0,0.0,1.0,0.0
854357,0.0,0.0,0.0,0.0,0.0,0.0,0.0
854404,0.0,0.0,0.0,0.0,0.0,1.0,0.0
854904,0.0,0.0,0.0,0.0,0.0,0.0,0.0
855109,0.0,0.0,0.0,0.0,1.0,1.0,0.0
855609,0.0,0.0,0.0,0.0,0.0,0.0,0.0
855889,0.0,0.0,0.0,0.0,0.0,1.0,0.0
856389,0.0,0.0,0.0,0.0,0.0,0.0,0.0
856679,0.0,0.0,0.0,0.0,0.0,1.0,0.0
857179,0.0,0.0,0.0,0.0,0.0,0.0,0.0
859563,0.0,0.0,0.0,0.0,0.0,1.0,0.0
859568,0.0,0.0,0.0,0.0,0.0,2.0,0.0
860022,0.0,0.0,0.0,0.0,1.0,2.0,0.0
860068,0.0,0.0,0.0,0.0,1.0,0.0,0.0
860475,0.0,0.0,0.0,0.0,1.0,1.0,0.0
860522,0.0,0.0,0.0,0.0,0.0,1.0,0.0
860873,0.0,0.0,0.0,0.0,0.0,2.0,0.0
861373,0.0,0.0,0.0,0.0,0.0,0.0,0.0
861867,0.0,0.0,0.0,0.0,0.0,1.0,0.0
861872,0.0,0.0,0.0,0.0,0.0,2.0,0.0
862372,0.0,0.0,0.0,0.0,0.0,0.0,0.0
862400,0.0,0.0,0.0,0.0,0.0,1.0,0.0
862430,0.0,0.0,0.0,0.0,0.0,2.0,0.0
862930,0.0,0.0,0.0,0.0,0.0,0.0,0.0
863197,0.0,0.0,0.0,0.0,0.0,1.0,0.0
863697,0.0,0.0,0.0,0.0,0.0,0.0,0.0
863817,0.0,0.0,0.0,0.0,0.0,1.0,0.0
863901,0.0,0.0,0.0,0.0,0.0,2.0,0.0
864401,0.0,0.0,0.0,0.0,0.0,0.0,0.0
864707,0.0,0.0,0.0,0.0,0.0,1.0,0.0
865207,0.0,0.0,0.0,0.0,0.0,0.0,0.0
865299,0.0,2.0,0.0,0.0,0.0,0.0,0.0
865799,0.0,0.0,0.0,0.0,0.0,0.0,0.0
866692,0.0,0.0,0.0,0.0,0.0,1.0,0.0
867192,0.0,0.0,0.0,0.0,0.0,0.0,0.0
869671,0.0,0.0,0.0,0.0,0.0,1.0,0.0
870171,0.0,0.0,0.0,0.0,0.0,0.0,0.0
870738,0.0,0.0,0.0,0.0,0.0,1.0,0.0
871238,0.0,0.0,0.0,0.0,0.0,0.0,0.0
872529,0.0,0.0,0.0,0.0,0.0,1.0,0.0
873029,0.0,0.0,0.0,0.0,0.0,0.0,0.0
873985,0.0,0.0,0.0,0.0,0.0,1.0,0.0
874253,0.0,0.0,0.0,0.0,0.0,2.0,0.0
874753,0.0,0.0,0.0,0.0,0.0,0.0,0.0
875023,0.0,0.0,0.0,0.0,0.0,1.0,0.0
875028,0.0,0.0,0.0,0.0,0.0,2.0,0.0
875528,0.0,0.0,0.0,0.0,0.0,0.0,0.0
875570,0.0,0.0,0.0,0.0,0.0,1.0,0.0
876070,0.0,0.0,0.0,0.0,0.0,0.0,0.0
876109,0.0,0.0,0.0,0.0,0.0,1.0,0.0
876113,0.0,0.0,0.0,0.0,0.0,2.0,0.0
876613,0.0,0.0,0.0,0.0,0.0,0.0,0.0
877407,0.0,0.0,0.0,0.0,0.0,1.0,0.0
877907,0.0,0.0,0.0,0.0,0.0,0.0,0.0
878541,0.0,0.0,0.0,0.0,0.0,1.0,0.0
879032,0.0,0.0,0.0,0.0,0.0,2.0,0.0
879532,0.0,0.0,0.0,0.0,0.0,0.0,0.0
880293,0.0,0.0,0.0,0.0,0.0,1.0,0.0
880437,0.0,0.0,0.0,0.0,0.0,2.0,0.0
880937,0.0,0.0,0.0,0.0,0.0,0.0,0.0
881088,0.0,0.0,0.0,0.0,0.0,1.0,0.0
881588,0.0,0.0,0.0,0.0,0.0,0.0,0.0
882292,0.0,0.0,0.0,0.0,0.0,1.0,0.0
882308,0.0,0.0,0.0,0.0,0.0,2.0,0.0
882808,0.0,0.0,0.0,0.0,0.0,0.0,0.0
882871,0.0,0.0,0.0,0.0,0.0,1.0,0.0
882950,0.0,0.0,0.0,0.0,0.0,2.0,0.0
883450,0.0,0.0,0.0,0.0,0.0,0.0,0.0
884573,0.0,0.0,0.0,0.0,0.0,1.0,0.0
885073,0.0,0.0,0.0,0.0,0.0,0.0,0.0
885445,0.0,0.0,0.0,0.0,0.0,1.0,0.0
886445,0.0,0.0,0.0,0.0,0.0,0.0,0.0
886646,0.0,0.0,0.0,0.0,0.0,1.0,0.0
886651,0.0,0.0,0.0,0.0,0.0,2.0,0.0
887151,0.0,0.0,0.0,0.0,0.0,0.0,0.0
887634,0.0,0.0,0.0,0.0,0.0,1.0,0.0
888003,0.0,0.0,0.0,0.0,0.0,2.0,0.0
888503,0.0,0.0,0.0,0.0,0.0,0.0,0.0
888701,0.0,0.0,0.0,0.0,0.0,1.0,0.0
888790,0.0,0.0,0.0,0.0,0.0,2.0,0.0
889290,0.0,0.0,0.0,0.0,0.0,0.0,0.0
889320,0.0,0.0,0.0,0.0,0.0,1.0,0.0
889322,0.0,0.0,0.0,0.0,0.0,2.0,0.0
889822,0.0,0.0,0.0,0.0,0.0,0.0,0.0
890016,0.0,0.0,0.0,0.0,0.0,1.0,0.0
890126,0.0,0.0,0.0,0.0,0.0,2.0,0.0
890626,0.0,0.0,0.0,0.0,0.0,0.0,0.0
891170,0.0,0.0,0.0,0.0,0.0,1.0,0.0
891670,0.0,0.0,0.0,0.0,0.0,0.0,0.0
893274,0.0,0.0,0.0,0.0,0.0,1.0,0.0
893774,0.0,0.0,0.0,0.0,0.0,0.0,0.0
893990,0.0,0.0,0.0,0.0,0.0,1.0,0.0
894490,0.0,0.0,0.0,0.0,0.0,0.0,0.0
894605,0.0,0.0,0.0,0.0,0.0,1.0,0.0
894708,0.0,0.0,0.0,0.0,0.0,2.0,0.0
895208,0.0,0.0,0.0,0.0,0.0,0.0,0.0
895803,0.0,0.0,0.0,0.0,0.0,1.0,0.0
896252,0.0,0.0,0.0,0.0,0.0,2.0,0.0
896752,0.0,0.0,0.0,0.0,0.0,0.0,0.0
896766,0.0,0.0,0.0,0.0,0.0,1.0,0.0
896769,0.0,0.0,0.0,0.0,0.0,2.0,0.0
897269,0.0,0.0,0.0,0.0,0.0,0.0,0.0
898341,0.0,0.0,0.0,0.0,0.0,1.0,0.0
898580,0.0,0.0,0.0,0.0,0.0,2.0,0.0
899080,0.0,0.0,0.0,0.0,0.0,0.0,0.0
899554,0.0,0.0,0.0,0.0,0.0,1.0,0.0
900054,0.0,0.0,0.0,0.0,0.0,0.0,0.0
900148,0.0,0.0,0.0,0.0,0.0,1.0,0.0
900273,0.0,0.0,0.0,0.0,0.0,2.0,0.0
900424,0.0,2.0,0.0,0.0,0.0,2.0,0.0
900773,0.0,2.0,0.0,0.0,0.0,0.0,0.0
900924,0.0,0.0,0.0,0.0,0.0,0.0,0.0
901368,0.0,0.0,0.0,0.0,0.0,1.0,0.0
901388,0.0,0.0,0.0,0.0,0.0,2.0,0.0
901888,0.0,0.0,0.0,0.0,0.0,0.0,0.0
903720,0.0,0.0,0.0,0.0,0.0,1.0,0.0
904220,0.0,0.0,0.0,0.0,0.0,0.0,0.0
905693,0.0,0.0,0.0,0.0,0.0,1.0,0.0
906193,0.0,0.0,0.0,0.0,0.0,0.0,0.0
906994,0.0,0.0,0.0,0.0,0.0,1.0,0.0
907494,0.0,0.0,0.0,0.0,0.0,0.0,0.0
945722,0.0,0.0,0.0,0.0,1.0,0.0,0.0
946222,0.0,0.0,0.0,0.0,0.0,0.0,0.0
959295,0.0,0.0,0.0,0.0,1.0,0.0,0.0
959296,0.0,0.0,0.0,0.0,2.0,0.0,0.0
959796,0.0,0.0,0.0,0.0,0.0,0.0,0.0
1004353,0.0,0.0,0.0,0.0,1.0,0.0,0.0
1004853,0.0,0.0,0.0,0.0,0.0,0.0,0.0
1009000,0.0,0.0,0.0,0.0,0.0,0.0,1.0
1009417,0.0,0.0,0.0,0.0,0.0,1.0,1.0
1009500,0.0,0.0,0.0,0.0,0.0,1.0,0.0
1009535,2.0,0.0,0.0,0.0,0.0,1.0,0.0
1009560,2.0,0.0,0.0,0.0,0.0,2.0,0.0
1009670,2.0,2.0,0.0,0.0,0.0,2.0,0.0
1009751,2.0,2.0,0.0,0.0,1.0,2.0,0.0
1009801,2.0,2.0,0.0,0.0,2.0,2.0,0.0
1010035,0.0,2.0,0.0,0.0,2.0,2.0,0.0
1010060,0.0,2.0,0.0,0.0,2.0,0.0,0.0
1010170,0.0,0.0,0.0,0.0,2.0,0.0,0.0
1010277,0.0,0.0,0.0,0.0,2.0,1.0,0.0
1010301,0.0,0.0,0.0,0.0,0.0,1.0,0.0
1010431,2.0,0.0,0.0,0.0,0.0,1.0,0.0
1010730,2.0,0.0,0.0,0.0,1.0,1.0,0.0
1010777,2.0,0.0,0.0,0.0,1.0,0.0,0.0
1010848,2.0,0.0,0.0,0.0,1.0,1.0,0.0
1010931,0.0,0.0,0.0,0.0,1.0,1.0,0.0
1010951,0.0,0.0,1.0,0.0,1.0,1.0,0.0
1011230,0.0,0.0,1.0,0.0,0.0,1.0,0.0
1011348,0.0,0.0,1.0,0.0,0.0,0.0,0.0
1011405,0.0,0.0,1.0,0.0,0.0,1.0,0.0
1011494,0.0,2.0,1.0,0.0,0.0,1.0,0.0
1011905,0.0,2.0,1.0,0.0,0.0,0.0,0.0
1011994,0.0,0.0,1.0,0.0,0.0,0.0,0.0
1012329,0.0,0.0,2.0,0.0,0.0,0.0,0.0
1012351,0.0,0.0,2.0,0.0,0.0,1.0,0.0
1012829,0.0,0.0,0.0,0.0,0.0,1.0,0.0
1012851,0.0,0.0,0.0,0.0,0.0,0.0,0.0
1013588,0.0,0.0,1.0,0.0,0.0,1.0,0.0
1014088,0.0,0.0,0.0,0.0,0.0,0.0,0.0
1014607,0.0,0.0,0.0,0.0,0.0,1.0,0.0
1015107,0.0,0.0,0.0,0.0,0.0,0.0,0.0
1015227,0.0,0.0,0.0,0.0,0.0,1.0,0.0
1015727,0.0,0.0,0.0,0.0,0.0,0.0,0.0
1015987,0.0,0.0,0.0,0.0,0.0,1.0,0.0
1016196,0.0,0.0,0.0,0.0,0.0,2.0,0.0
1016696,0.0,0.0,0.0,0.0,0.0,0.0,0.0
1017227,0.0,2.0,1.0,0.0,0.0,0.0,0.0
1017727,0.0,0.0,0.0,0.0,0.0,0.0,0.0
1018828,0.0,0.0,0.0,0.0,0.0,1.0,0.0
1019328,0.0,0.0,0.0,0.0,0.0,0.0,0.0
1019514,0.0,0.0,0.0,0.0,0.0,1.0,0.0
1020014,0.0,0.0,0.0,0.0,0.0,0.0,0.0
1020091,0.0,0.0,0.0,0.0,0.0,1.0,0.0
1020591,0.0,0.0,0.0,0.0,0.0,0.0,0.0
1020670,0.0,0.0,0.0,0.0,0.0,1.0,0.0
1021170,0.0,0.0,0.0,0.0,0.0,0.0,0.0
1021265,0.0,0.0,0.0,0.0,0.0,1.0,0.0
1021765,0.0,0.0,0.0,0.0,0.0,0.0,0.0
1022053,0.0,0.0,0.0,0.0,0.0,1.0,0.0
1022178,0.0,0.0,0.0,0.0,0.0,2.0,0.0
1022678,0.0,0.0,0.0,0.0,0.0,0.0,0.0
1022703,0.0,0.0,0.0,0.0,0.0,1.0,0.0
1023203,0.0,0.0,0.0,0.0,0.0,0.0,0.0
1023286,0.0,0.0,0.0,0.0,0.0,1.0,0.0
1023682,0.0,0.0,0.0,0.0,0.0,2.0,0.0
1024182,0.0,0.0,0.0,0.0,0.0,0.0,0.0
1024245,0.0,0.0,0.0,0.0,0.0,1.0,0.0
1024745,0.0,0.0,0.0,0.0,0.0,0.0,0.0
1024775,0.0,0.0,0.0,0.0,0.0,1.0,0.0
1025275,0.0,0.0,0.0,0.0,0.0,0.0,0.0
1025308,0.0,0.0,0.0,0.0,0.0,1.0,0.0
1025808,0.0,0.0,0.0,0.0,0.0,0.0,0.0
1025813,0.0,0.0,0.0,0.0,0.0,1.0,0.0
1026243,0.0,0.0,0.0,0.0,0.0,2.0,0.0
1026270,0.0,0.0,0.0,0.0,1.0,2.0,0.0
1026743,0.0,0.0,0.0,0.0,1.0,0.0,0.0
1026758,0.0,0.0,0.0,0.0,1.0,1.0,0.0
1026770,0.0,0.0,0.0,0.0,0.0,1.0,0.0
1027258,0.0,0.0,0.0,0.0,0.0,0.0,0.0
1027471,0.0,0.0,0.0,0.0,0.0,1.0,0.0
1027971,0.0,0.0,0.0,0.0,0.0,0.0,0.0
1028216,0.0,0.0,0.0,0.0,0.0,1.0,0.0
1028370,0.0,0.0,0.0,0.0,0.0,2.0,0.0
1028870,0.0,0.0,0.0,0.0,0.0,0.0,0.0
1029595,0.0,0.0,0.0,0.0,0.0,1.0,0.0
1029603,0.0,0.0,0.0,0.0,0.0,2.0,0.0
1030103,0.0,0.0,0.0,0.0,0.0,0.0,0.0
1030315,0.0,0.0,0.0,0.0,0.0,1.0,0.0
1030815,0.0,0.0,0.0,0.0,0.0,0.0,0.0
1030963,0.0,0.0,0.0,0.0,0.0,1.0,0.0
1031085,0.0,0.0,0.0,0.0,0.0,2.0,0.0
1031585,0.0,0.0,0.0,0.0,0.0,0.0,0.0
1033199,0.0,0.0,0.0,0.0,0.0,1.0,0.0
1033699,0.0,0.0,0.0,0.0,0.0,0.0,0.0
1033907,0.0,0.0,0.0,0.0,0.0,1.0,0.0
1034184,0.0,2.0,0.0,0.0,0.0,1.0,0.0
1034407,0.0,2.0,0.0,0.0,0.0,0.0,0.0
1034437,0.0,2.0,0.0,0.0,0.0,1.0,0.0
1034442,0.0,2.0,0.0,0.0,0.0,2.0,0.0
1034684,0.0,0.0,0.0,0.0,0.0,2.0,0.0
1034942,0.0,0.0,0.0,0.0,0.0,0.0,0.0
1035495,0.0,0.0,0.0,0.0,0.0,1.0,0.0
1035724,0.0,0.0,0.0,0.0,0.0,2.0,0.0
1035808,0.0,0.0,1.0,0.0,0.0,2.0,0.0
1036224,0.0,0.0,1.0,0.0,0.0,0.0,0.0
1036634,0.0,0.0,1.0,0.0,0.0,1.0,0.0
1037134,0.0,0.0,1.0,0.0,0.0,0.0,0.0
1037404,0.0,0.0,1.0,0.0,0.0,1.0,0.0
1037663,0.0,0.0,1.0,0.0,0.0,2.0,0.0
1038163,0.0,0.0,1.0,0.0,0.0,0.0,0.0
1038377,0.0,0.0,1.0,0.0,0.0,1.0,0.0
1038422,0.0,0.0,1.0,0.0,0.0,2.0,0.0
1038922,0.0,0.0,1.0,0.0,0.0,0.0,0.0
1039759,0.0,0.0,1.0,0.0,0.0,1.0,0.0
1039765,0.0,0.0,1.0,0.0,0.0,2.0,0.0
1040265,0.0,0.0,1.0,0.0,0.0,0.0,0.0
1040332,0.0,0.0,1.0,0.0,0.0,1.0,0.0
1040339,0.0,0.0,1.0,0.0,0.0,2.0,0.0
1040839,0.0,0.0,1.0,0.0,0.0,0.0,0.0
1041521,0.0,0.0,1.0,0.0,0.0,1.0,0.0
1041531,0.0,0.0,1.0,0.0,0.0,2.0,0.0
1042031,0.0,0.0,1.0,0.0,0.0,0.0,0.0
1042532,0.0,0.0,1.0,0.0,0.0,1.0,0.0
1043032,0.0,0.0,1.0,0.0,0.0,0.0,0.0
1044482,0.0,0.0,1.0,0.0,0.0,1.0,0.0
1044982,0.0,0.0,1.0,0.0,0.0,0.0,0.0
1045242,0.0,0.0,1.0,0.0,0.0,1.0,0.0
1045247,0.0,0.0,1.0,0.0,0.0,2.0,0.0
1045747,0.0,0.0,1.0,0.0,0.0,0.0,0.0
1045870,0.0,0.0,1.0,0.0,0.0,1.0,0.0
1046039,0.0,0.0,1.0,0.0,0.0,2.0,0.0
1046539,0.0,0.0,1.0,0.0,0.0,0.0,0.0
1046566,0.0,0.0,1.0,0.0,0.0,1.0,0.0
1046570,0.0,0.0,1.0,0.0,0.0,2.0,0.0
1047070,0.0,0.0,1.0,0.0,0.0,0.0,0.0
1047445,0.0,0.0,1.0,0.0,0.0,1.0,0.0
1047460,0.0,0.0,1.0,0.0,0.0,2.0,0.0
1047960,0.0,0.0,1.0,0.0,0.0,0.0,0.0
1048116,0.0,0.0,1.0,0.0,0.0,1.0,0.0
1048119,0.0,0.0,1.0,0.0,0.0,2.0,0.0
1048619,0.0,0.0,1.0,0.0,0.0,0.0,0.0
1049039,0.0,0.0,1.0,0.0,0.0,1.0,0.0
1049253,0.0,0.0,1.0,0.0,0.0,2.0,0.0
1049753,0.0,0.0,1.0,0.0,0.0,0.0,0.0
1052331,0.0,0.0,1.0,0.0,0.0,1.0,0.0
1052831,0.0,0.0,1.0,0.0,0.0,0.0,0.0
1052901,0.0,0.0,1.0,0.0,0.0,1.0,0.0
1053401,0.0,0.0,1.0,0.0,0.0,0.0,0.0
1053415,0.0,0.0,1.0,0.0,0.0,1.0,0.0
1053915,0.0,0.0,1.0,0.0,0.0,0.0,0.0
1054044,0.0,0.0,1.0,0.0,0.0,1.0,0.0
1054322,0.0,0.0,1.0,0.0,0.0,2.0,0.0
1054822,0.0,0.0,1.0,0.0,0.0,0.0,0.0
1056023,0.0,0.0,1.0,0.0,0.0,1.0,0.0
1056523,0.0,0.0,1.0,0.0,0.0,0.0,0.0
1059609,0.0,0.0,1.0,0.0,0.0,1.0,0.0
1059676,0.0,0.0,1.0,0.0,0.0,2.0,0.0
1060176,0.0,0.0,1.0,0.0,0.0,0.0,0.0
1060861,0.0,0.0,1.0,0.0,0.0,1.0,0.0
1061282,0.0,0.0,1.0,0.0,0.0,2.0,0.0
1061782,0.0,0.0,1.0,0.0,0.0,0.0,0.0
1062849,0.0,0.0,1.0,0.0,0.0,1.0,0.0
1063349,0.0,0.0,1.0,0.0,0.0,0.0,0.0
1064486,0.0,0.0,1.0,0.0,0.0,1.0,0.0
1064986,0.0,0.0,1.0,0.0,0.0,0.0,0.0
1065003,0.0,0.0,1.0,0.0,0.0,1.0,0.0
1065503,0.0,0.0,1.0,0.0,0.0,0.0,0.0
1065781,0.0,0.0,1.0,0.0,0.0,1.0,0.0
1066283,0.0,0.0,1.0,0.0,0.0,2.0,0.0
1066783,0.0,0.0,1.0,0.0,0.0,0.0,0.0
1067695,0.0,0.0,1.0,0.0,0.0,1.0,0.0
1067698,0.0,0.0,1.0,0.0,0.0,2.0,0.0
1068198,0.0,0.0,1.0,0.0,0.0,0.0,0.0
1068348,0.0,0.0,1.0,0.0,0.0,1.0,0.0
1068660,0.0,0.0,1.0,0.0,0.0,2.0,0.0
1069160,0.0,0.0,1.0,0.0,0.0,0.0,0.0
1069308,0.0,0.0,0.0,0.0,0.0,0.0,0.0
1069746,0.0,0.0,0.0,0.0,0.0,1.0,0.0
1069780,0.0,0.0,0.0,0.0,0.0,2.0,0.0
1069880,0.0,0.0,1.0,0.0,0.0,2.0,0.0
1069939,0.0,0.0,1.0,0.0,1.0,2.0,0.0
1069984,0.0,0.0,1.0,0.0,2.0,2.0,0.0
1070280,0.0,0.0,1.0,0.0,2.0,0.0,0.0
1070484,0.0,0.0,1.0,0.0,0.0,0.0,0.0
1070654,0.0,0.0,1.0,0.0,0.0,1.0,0.0
1070712,0.0,0.0,1.0,0.0,0.0,2.0,0.0
1071212,0.0,0.0,1.0,0.0,0.0,0.0,0.0
1071972,0.0,0.0,1.0,0.0,0.0,1.0,0.0
1071977,0.0,0.0,1.0,0.0,0.0,2.0,0.0
1071978,0.0,0.0,1.0,0.0,1.0,2.0,0.0
1072477,0.0,0.0,1.0,0.0,1.0,0.0,0.0
1072478,0.0,0.0,1.0,0.0,0.0,0.0,0.0
1072640,0.0,0.0,1.0,0.0,0.0,1.0,0.0
1072650,0.0,0.0,1.0,0.0,0.0,2.0,0.0
1073150,0.0,0.0,1.0,0.0,0.0,0.0,0.0
1073703,0.0,0.0,1.0,0.0,0.0,1.0,0.0
1074203,0.0,0.0,1.0,0.0,0.0,0.0,0.0
1074448,0.0,0.0,1.0,0.0,0.0,1.0,0.0
1074948,0.0,0.0,1.0,0.0,0.0,0.0,0.0
1075731,0.0,0.0,1.0,0.0,0.0,1.0,0.0
1076231,0.0,0.0,1.0,0.0,0.0,0.0,0.0
1076450,0.0,0.0,1.0,0.0,0.0,1.0,0.0
1076950,0.0,0.0,1.0,0.0,0.0,0.0,0.0
1077650,0.0,0.0,1.0,0.0,0.0,1.0,0.0
1077652,0.0,0.0,1.0,0.0,0.0,2.0,0.0
1078152,0.0,0.0,1.0,0.0,0.0,0.0,0.0
1079161,0.0,0.0,1.0,0.0,0.0,1.0,0.0
1079380,0.0,0.0,0.0,0.0,0.0,1.0,0.0
1079409,0.0,0.0,1.0,0.0,0.0,1.0,0.0
1079614,0.0,0.0,1.0,0.0,0.0,2.0,0.0
1080114,0.0,0.0,1.0,0.0,0.0,0.0,0.0
1080135,0.0,0.0,1.0,0.0,0.0,1.0,0.0
1080635,0.0,0.0,1.0,0.0,0.0,0.0,0.0
1081055,0.0,0.0,1.0,0.0,0.0,1.0,0.0
1081057,0.0,0.0,1.0,0.0,0.0,2.0,0.0
1081409,0.0,0.0,0.0,0.0,0.0,2.0,0.0
1081557,0.0,0.0,0.0,0.0,0.0,0.0,0.0
1081706,0.0,0.0,0.0,0.0,0.0,1.0,0.0
1081988,0.0,0.0,0.0,0.0,0.0,2.0,0.0
1082488,0.0,0.0,0.0,0.0,0.0,0.0,0.0
1082858,0.0,0.0,0.0,0.0,0.0,1.0,0.0
1083278,0.0,0.0,0.0,0.0,0.0,2.0,0.0
1083778,0.0,0.0,0.0,0.0,0.0,0.0,0.0
1084375,0.0,0.0,0.0,0.0,0.0,1.0,0.0
1084875,0.0,0.0,0.0,0.0,0.0,0.0,0.0
1085230,0.0,0.0,0.0,0.0,1.0,0.0,0.0
1085730,0.0,0.0,0.0,0.0,0.0,0.0,0.0
1085742,0.0,0.0,0.0,0.0,0.0,1.0,0.0
1085745,0.0,0.0,0.0,0.0,0.0,2.0,0.0
1086245,0.0,0.0,0.0,0.0,0.0,0.0,0.0
1086365,0.0,0.0,0.0,0.0,0.0,1.0,0.0
1086496,0.0,0.0,0.0,0.0,0.0,2.0,0.0
1086996,0.0,0.0,0.0,0.0,0.0,0.0,0.0
1087692,0.0,0.0,0.0,0.0,0.0,1.0,0.0
1087758,0.0,0.0,0.0,0.0,0.0,2.0,0.0
1087773,0.0,0.0,0.0,0.0,1.0,2.0,0.0
1088258,0.0,0.0,0.0,0.0,1.0,0.0,0.0
1088273,0.0,0.0,0.0,0.0,0.0,0.0,0.0
1088303,0.0,0.0,0.0,0.0,0.0,1.0,0.0
1088616,0.0,0.0,0.0,0.0,1.0,1.0,0.0
1088803,0.0,0.0,0.0,0.0,1.0,0.0,0.0
1088896,0.0,0.0,0.0,0.0,1.0,1.0,0.0
1089116,0.0,0.0,0.0,0.0,0.0,1.0,0.0
1089396,0.0,0.0,0.0,0.0,0.0,0.0,0.0
1089521,0.0,0.0,0.0,0.0,0.0,1.0,0.0
1089524,0.0,0.0,0.0,0.0,0.0,2.0,0.0
1090024,0.0,0.0,0.0,0.0,0.0,0.0,0.0
1090323,0.0,0.0,0.0,0.0,0.0,1.0,0.0
1090823,0.0,0.0,0.0,0.0,0.0,0.0,0.0
1091633,0.0,0.0,0.0,0.0,0.0,1.0,0.0
1092133,0.0,0.0,0.0,0.0,0.0,0.0,0.0
1092352,0.0,0.0,0.0,0.0,0.0,1.0,0.0
1092691,0.0,0.0,0.0,0.0,0.0,2.0,0.0
1093191,0.0,0.0,0.0,0.0,0.0,0.0,0.0
1093882,0.0,0.0,0.0,0.0,0.0,1.0,0.0
1093884,0.0,0.0,0.0,0.0,0.0,2.0,0.0
1094384,0.0,0.0,0.0,0.0,0.0,0.0,0.0
1094502,0.0,0.0,0.0,0.0,0.0,1.0,0.0
1094625,0.0,0.0,0.0,0.0,0.0,2.0,0.0
1095125,0.0,0.0,0.0,0.0,0.0,0.0,0.0
1095143,0.0,0.0,0.0,0.0,0.0,1.0,0.0
1095150,0.0,0.0,0.0,0.0,0.0,2.0,0.0
1095650,0.0,0.0,0.0,0.0,0.0,0.0,0.0
1096095,0.0,0.0,0.0,0.0,0.0,1.0,0.0
1096595,0.0,0.0,0.0,0.0,0.0,0.0,0.0
1098437,0.0,0.0,0.0,0.0,0.0,1.0,0.0
1098937,0.0,0.0,0.0,0.0,0.0,0.0,0.0
1099837,0.0,0.0,0.0,0.0,0.0,1.0,0.0
1100159,0.0,0.0,0.0,0.0,0.0,2.0,0.0
1100659,0.0,0.0,0.0,0.0,0.0,0.0,0.0
1101098,0.0,0.0,0.0,0.0,0.0,1.0,0.0
1101103,0.0,0.0,0.0,0.0,0.0,2.0,0.0
1101603,0.0,0.0,0.0,0.0,0.0,0.0,0.0
1102451,0.0,0.0,0.0,0.0,0.0,1.0,0.0
1102951,0.0,0.0,0.0,0.0,0.0,0.0,0.0
1103417,0.0,0.0,0.0,0.0,0.0,1.0,0.0
1103540,0.0,0.0,0.0,0.0,0.0,2.0,0.0
1104040,0.0,0.0,0.0,0.0,0.0,0.0,0.0
1104634,0.0,0.0,0.0,0.0,0.0,1.0,0.0
1104954,0.0,0.0,0.0,0.0,0.0,2.0,0.0
1105454,0.0,0.0,0.0,0.0,0.0,0.0,0.0
1105826,0.0,0.0,0.0,0.0,0.0,1.0,0.0
1105828,0.0,0.0,0.0,0.0,0.0,2.0,0.0
1106328,0.0,0.0,0.0,0.0,0.0,0.0,0.0
1106369,0.0,0.0,0.0,0.0,0.0,1.0,0.0
1106869,0.0,0.0,0.0,0.0,0.0,0.0,0.0
1106957,0.0,0.0,0.0,0.0,0.0,1.0,0.0
1107457,0.0,0.0,0.0,0.0,0.0,0.0,0.0
1107582,0.0,0.0,0.0,0.0,0.0,1.0,0.0
1108082,0.0,0.0,0.0,0.0,0.0,0.0,0.0
1108587,0.0,0.0,0.0,0.0,0.0,1.0,0.0
1109087,0.0,0.0,0.0,0.0,0.0,0.0,0.0
1109742,0.0,0.0,0.0,0.0,0.0,1.0,0.0
1110242,0.0,0.0,0.0,0.0,0.0,0.0,0.0
1201933,0.0,0.0,0.0,0.0,0.0,1.0,0.0
1202433,0.0,0.0,0.0,0.0,0.0,0.0,0.0
1211000,0.0,0.0,0.0,0.0,0.0,0.0,1.0
1211500,0.0,0.0,0.0,0.0,0.0,0.0,0.0
1211519,2.0,0.0,0.0,0.0,0.0,0.0,0.0
1211590,2.0,0.0,0.0,0.0,0.0,1.0,0.0
1211680,2.0,0.0,0.0,0.0,0.0,2.0,0.0
1211901,2.0,2.0,0.0,0.0,0.0,2.0,0.0
1211952,2.0,2.0,0.0,0.0,1.0,2.0,0.0
1212019,0.0,2.0,0.0,0.0,1.0,2.0,0.0
1212047,0.0,2.0,0.0,0.0,2.0,2.0,0.0
1212127,2.0,2.0,0.0,0.0,2.0,2.0,0.0
1212180,2.0,2.0,0.0,0.0,2.0,0.0,0.0
1212401,2.0,0.0,0.0,0.0,2.0,0.0,0.0
1212547,2.0,0.0,0.0,0.0,0.0,0.0,0.0
1212627,0.0,0.0,0.0,0.0,0.0,0.0,0.0
1212913,0.0,0.0,1.0,0.0,0.0,0.0,0.0
1213829,0.0,0.0,1.0,0.0,0.0,1.0,0.0
1214329,0.0,0.0,1.0,0.0,0.0,0.0,0.0
1214374,0.0,0.0,2.0,0.0,0.0,0.0,0.0
1214691,0.0,0.0,2.0,0.0,0.0,1.0,0.0
1214693,0.0,0.0,2.0,0.0,0.0,2.0,0.0
1214874,0.0,0.0,1.0,0.0,0.0,2.0,0.0
1215193,0.0,0.0,1.0,0.0,0.0,0.0,0.0
1215676,0.0,0.0,1.0,0.0,0.0,1.0,0.0
1215762,0.0,0.0,1.0,0.0,0.0,2.0,0.0
1216262,0.0,0.0,1.0,0.0,0.0,0.0,0.0
1216265,0.0,0.0,1.0,0.0,0.0,1.0,0.0
1216306,0.0,0.0,1.0,0.0,0.0,2.0,0.0
1216806,0.0,0.0,1.0,0.0,0.0,0.0,0.0
1216973,0.0,0.0,1.0,0.0,0.0,1.0,0.0
1217452,0.0,0.0,1.0,0.0,0.0,2.0,0.0
1217874,0.0,0.0,0.0,0.0,0.0,2.0,0.0
1217952,0.0,0.0,0.0,0.0,0.0,0.0,0.0
1218060,0.0,0.0,0.0,0.0,0.0,1.0,0.0
1218382,0.0,0.0,0.0,0.0,0.0,2.0,0.0
1218882,0.0,0.0,0.0,0.0,0.0,0.0,0.0
1219159,0.0,0.0,0.0,0.0,0.0,1.0,0.0
1219659,0.0,0.0,0.0,0.0,0.0,0.0,0.0
1220720,0.0,0.0,0.0,0.0,0.0,1.0,0.0
1221220,0.0,0.0,0.0,0.0,0.0,0.0,0.0
1221344,0.0,0.0,0.0,0.0,0.0,1.0,0.0
1221386,0.0,0.0,0.0,0.0,0.0,2.0,0.0
1221886,0.0,0.0,0.0,0.0,0.0,0.0,0.0
1222091,0.0,0.0,0.0,0.0,0.0,1.0,0.0
1222591,0.0,0.0,0.0,0.0,0.0,0.0,0.0
1222721,0.0,0.0,0.0,0.0,0.0,1.0,0.0
1223221,0.0,0.0,0.0,0.0,0.0,0.0,0.0
1223321,0.0,0.0,0.0,0.0,0.0,1.0,0.0
1223811,0.0,0.0,0.0,0.0,0.0,2.0,0.0
1224311,0.0,0.0,0.0,0.0,0.0,0.0,0.0
1224742,0.0,0.0,0.0,0.0,0.0,1.0,0.0
1224749,0.0,0.0,0.0,0.0,0.0,2.0,0.0
1225249,0.0,0.0,0.0,0.0,0.0,0.0,0.0
1225732,0.0,0.0,0.0,0.0,0.0,1.0,0.0
1226232,0.0,0.0,0.0,0.0,0.0,0.0,0.0
1226455,0.0,0.0,0.0,0.0,0.0,1.0,0.0
1226955,0.0,0.0,0.0,0.0,0.0,0.0,0.0
1227059,0.0,0.0,0.0,0.0,0.0,1.0,0.0
1227061,0.0,0.0,0.0,0.0,0.0,2.0,0.0
1227561,0.0,0.0,0.0,0.0,0.0,0.0,0.0
1227741,0.0,0.0,0.0,0.0,0.0,1.0,0.0
1228241,0.0,0.0,0.0,0.0,0.0,0.0,0.0
1229716,0.0,0.0,0.0,0.0,0.0,1.0,0.0
1229846,0.0,0.0,0.0,0.0,0.0,2.0,0.0
1230346,0.0,0.0,0.0,0.0,0.0,0.0,0.0
1230477,0.0,0.0,0.0,0.0,0.0,1.0,0.0
1230683,0.0,0.0,0.0,0.0,0.0,2.0,0.0
1231183,0.0,0.0,0.0,0.0,0.0,0.0,0.0
1231975,0.0,0.0,0.0,0.0,0.0,1.0,0.0
1232475,0.0,0.0,0.0,0.0,0.0,0.0,0.0
1232541,0.0,0.0,0.0,0.0,0.0,1.0,0.0
1232599,0.0,0.0,0.0,0.0,0.0,2.0,0.0
1233099,0.0,0.0,0.0,0.0,0.0,0.0,0.0
1233431,0.0,0.0,0.0,0.0,0.0,1.0,0.0
1233931,0.0,0.0,0.0,0.0,0.0,0.0,0.0
1233942,0.0,0.0,0.0,0.0,0.0,1.0,0.0
1234319,0.0,0.0,0.0,0.0,0.0,2.0,0.0
1234819,0.0,0.0,0.0,0.0,0.0,0.0,0.0
1234962,0.0,0.0,0.0,0.0,0.0,1.0,0.0
1235462,0.0,0.0,0.0,0.0,0.0,0.0,0.0
1236072,0.0,0.0,0.0,0.0,0.0,1.0,0.0
1236572,0.0,0.0,0.0,0.0,0.0,0.0,0.0
1238596,0.0,0.0,0.0,0.0,0.0,1.0,0.0
1238605,0.0,0.0,0.0,0.0,0.0,2.0,0.0
1239105,0.0,0.0,0.0,0.0,0.0,0.0,0.0
1239625,0.0,0.0,0.0,0.0,0.0,1.0,0.0
1239647,0.0,0.0,0.0,0.0,0.0,2.0,0.0
1240147,0.0,0.0,0.0,0.0,0.0,0.0,0.0
1241200,0.0,0.0,0.0,0.0,0.0,1.0,0.0
1241206,0.0,0.0,0.0,0.0,0.0,2.0,0.0
1241706,0.0,0.0,0.0,0.0,0.0,0.0,0.0
1241769,0.0,0.0,0.0,0.0,0.0,1.0,0.0
1241797,0.0,0.0,0.0,0.0,0.0,2.0,0.0
1242297,0.0,0.0,0.0,0.0,0.0,0.0,0.0
1244033,0.0,0.0,0.0,0.0,0.0,1.0,0.0
1244484,0.0,0.0,0.0,0.0,0.0,2.0,0.0
1244984,0.0,0.0,0.0,0.0,0.0,0.0,0.0
1245138,0.0,0.0,0.0,0.0,0.0,1.0,0.0
1245143,0.0,2.0,0.0,0.0,0.0,2.0,0.0
1245643,0.0,0.0,0.0,0.0,0.0,0.0,0.0
1245909,0.0,0.0,0.0,0.0,0.0,1.0,0.0
1245938,0.0,0.0,0.0,0.0,0.0,2.0,0.0
1246438,0.0,0.0,0.0,0.0,0.0,0.0,0.0
1247095,0.0,0.0,0.0,0.0,0.0,1.0,0.0
1247595,0.0,0.0,0.0,0.0,0.0,0.0,0.0
1248603,0.0,0.0,0.0,0.0,0.0,1.0,0.0
1248606,0.0,0.0,0.0,0.0,0.0,2.0,0.0
1249106,0.0,0.0,0.0,0.0,0.0,0.0,0.0
1249317,0.0,0.0,0.0,0.0,0.0,1.0,0.0
1249817,0.0,0.0,0.0,0.0,0.0,0.0,0.0
1249876,0.0,0.0,0.0,0.0,0.0,1.0,0.0
1249878,0.0,0.0,0.0,0.0,0.0,2.0,0.0
1250378,0.0,0.0,0.0,0.0,0.0,0.0,0.0
1250955,0.0,0.0,0.0,0.0,0.0,1.0,0.0
1250960,0.0,0.0,0.0,0.0,0.0,2.0,0.0
1251460,0.0,0.0,0.0,0.0,0.0,0.0,0.0
1251899,0.0,0.0,0.0,0.0,0.0,1.0,0.0
1252399,0.0,0.0,0.0,0.0,0.0,0.0,0.0
1253129,0.0,0.0,0.0,0.0,0.0,1.0,0.0
1253629,0.0,0.0,0.0,0.0,0.0,0.0,0.0
1253775,0.0,0.0,0.0,0.0,0.0,1.0,0.0
1253779,0.0,0.0,0.0,0.0,0.0,2.0,0.0
1254279,0.0,0.0,0.0,0.0,0.0,0.0,0.0
1254502,0.0,0.0,0.0,0.0,0.0,1.0,0.0
1255002,0.0,0.0,0.0,0.0,0.0,0.0,0.0
1255285,0.0,0.0,0.0,0.0,0.0,1.0,0.0
1255685,0.0,0.0,0.0,0.0,0.0,2.0,0.0
1256185,0.0,0.0,0.0,0.0,0.0,0.0,0.0
1256793,0.0,0.0,0.0,0.0,0.0,1.0,0.0
1256795,0.0,0.0,0.0,0.0,0.0,2.0,0.0
1257295,0.0,0.0,0.0,0.0,0.0,0.0,0.0
1257296,0.0,0.0,0.0,0.0,0.0,1.0,0.0
1257298,0.0,0.0,0.0,0.0,0.0,2.0,0.0
1257798,0.0,0.0,0.0,0.0,0.0,0.0,0.0
1257820,0.0,0.0,0.0,0.0,0.0,1.0,0.0
1257825,0.0,0.0,0.0,0.0,0.0,2.0,0.0
1258325,0.0,0.0,0.0,0.0,0.0,0.0,0.0
1258944,0.0,0.0,0.0,0.0,0.0,1.0,0.0
1259444,0.0,0.0,0.0,0.0,0.0,0.0,0.0
1259568,0.0,0.0,0.0,0.0,0.0,1.0,0.0
1260068,0.0,0.0,0.0,0.0,0.0,0.0,0.0
1260104,0.0,0.0,0.0,0.0,0.0,1.0,0.0
1260604,0.0,0.0,0.0,0.0,0.0,0.0,0.0
1260659,0.0,0.0,0.0,0.0,0.0,1.0,0.0
1260664,0.0,0.0,0.0,0.0,0.0,2.0,0.0
1261164,0.0,0.0,0.0,0.0,0.0,0.0,0.0
1261245,0.0,0.0,0.0,0.0,0.0,1.0,0.0
1261745,0.0,0.0,0.0,0.0,0.0,0.0,0.0
1261847,0.0,0.0,0.0,0.0,0.0,1.0,0.0
1262307,0.0,0.0,0.0,0.0,0.0,2.0,0.0
1262807,0.0,0.0,0.0,0.0,0.0,0.0,0.0
1262883,0.0,0.0,0.0,0.0,0.0,1.0,0.0
1263383,0.0,0.0,0.0,0.0,0.0,0.0,0.0
1265573,0.0,0.0,0.0,0.0,0.0,1.0,0.0
1266073,0.0,0.0,0.0,0.0,0.0,0.0,0.0
1266112,0.0,0.0,0.0,0.0,0.0,1.0,0.0
1266561,0.0,0.0,0.0,0.0,0.0,2.0,0.0
1267061,0.0,0.0,0.0,0.0,0.0,0.0,0.0
1267591,0.0,0.0,0.0,0.0,0.0,1.0,0.0
1268091,0.0,0.0,0.0,0.0,0.0,0.0,0.0
1268110,0.0,0.0,0.0,0.0,0.0,1.0,0.0
1268571,0.0,0.0,0.0,0.0,0.0,2.0,0.0
1269071,0.0,0.0,0.0,0.0,0.0,0.0,0.0
1270791,0.0,0.0,0.0,0.0,0.0,1.0,0.0
1271291,0.0,0.0,0.0,0.0,0.0,0.0,0.0
1272455,0.0,0.0,0.0,0.0,0.0,1.0,0.0
1272490,0.0,0.0,0.0,0.0,0.0,2.0,0.0
1272990,0.0,0.0,0.0,0.0,0.0,0.0,0.0
1273329,0.0,0.0,0.0,0.0,0.0,1.0,0.0
1273829,0.0,0.0,0.0,0.0,0.0,0.0,0.0
1274030,0.0,0.0,0.0,0.0,0.0,1.0,0.0
1274530,0.0,0.0,0.0,0.0,0.0,0.0,0.0
1274641,0.0,0.0,0.0,0.0,0.0,1.0,0.0
1274646,0.0,0.0,0.0,0.0,0.0,2.0,0.0
1275146,0.0,0.0,0.0,0.0,0.0,0.0,0.0
1275458,0.0,0.0,0.0,0.0,0.0,1.0,0.0
1275958,0.0,0.0,0.0,0.0,0.0,0.0,0.0
1276668,0.0,0.0,0.0,0.0,0.0,1.0,0.0
1276834,0.0,0.0,0.0,0.0,0.0,2.0,0.0
1277334,0.0,0.0,0.0,0.0,0.0,0.0,0.0
1277440,0.0,0.0,0.0,0.0,0.0,1.0,0.0
1277764,0.0,0.0,0.0,0.0,0.0,2.0,0.0
1278264,0.0,0.0,0.0,0.0,0.0,0.0,0.0
1279881,0.0,0.0,0.0,0.0,0.0,1.0,0.0
1280381,0.0,0.0,0.0,0.0,0.0,0.0,0.0
1281854,0.0,0.0,0.0,0.0,0.0,1.0,0.0
1282354,0.0,0.0,0.0,0.0,0.0,0.0,0.0
1282393,0.0,0.0,0.0,0.0,0.0,1.0,0.0
1282401,0.0,0.0,0.0,0.0,0.0,2.0,0.0
1282901,0.0,0.0,0.0,0.0,0.0,0.0,0.0
1283666,0.0,0.0,0.0,0.0,0.0,1.0,0.0
1283777,0.0,0.0,0.0,0.0,0.0,2.0,0.0
1284277,0.0,0.0,0.0,0.0,0.0,0.0,0.0
1284613,0.0,0.0,0.0,0.0,0.0,1.0,0.0
1285113,0.0,0.0,0.0,0.0,0.0,0.0,0.0
1285464,0.0,0.0,0.0,0.0,0.0,1.0,0.0
1285964,0.0,0.0,0.0,0.0,0.0,0.0,0.0
1286880,0.0,0.0,0.0,0.0,0.0,1.0,0.0
1287380,0.0,0.0,0.0,0.0,0.0,0.0,0.0
1287526,0.0,0.0,0.0,0.0,0.0,1.0,0.0
1288026,0.0,0.0,0.0,0.0,0.0,0.0,0.0
1288671,0.0,0.0,0.0,0.0,0.0,1.0,0.0
1288676,0.0,0.0,0.0,0.0,0.0,2.0,0.0
1289176,0.0,0.0,0.0,0.0,0.0,0.0,0.0
1290155,0.0,0.0,0.0,0.0,0.0,1.0,0.0
1290157,0.0,0.0,0.0,0.0,0.0,2.0,0.0
1290657,0.0,0.0,0.0,0.0,0.0,0.0,0.0
1290693,0.0,0.0,0.0,0.0,0.0,1.0,0.0
1290715,0.0,0.0,0.0,0.0,0.0,2.0,0.0
1291215,0.0,0.0,0.0,0.0,0.0,0.0,0.0
1291240,0.0,0.0,0.0,0.0,0.0,1.0,0.0
1291367,0.0,0.0,0.0,0.0,0.0,2.0,0.0
1291867,0.0,0.0,0.0,0.0,0.0,0.0,0.0
1292002,0.0,0.0,0.0,0.0,0.0,1.0,0.0
1292502,0.0,0.0,0.0,0.0,0.0,0.0,0.0
1292619,0.0,0.0,0.0,0.0,0.0,1.0,0.0
1292633,0.0,0.0,0.0,0.0,0.0,2.0,0.0
1293133,0.0,0.0,0.0,0.0,0.0,0.0,0.0
1293150,0.0,0.0,0.0,0.0,0.0,1.0,0.0
1293650,0.0,0.0,0.0,0.0,0.0,0.0,0.0
1293664,0.0,0.0,0.0,0.0,0.0,1.0,0.0
1294164,0.0,0.0,0.0,0.0,0.0,0.0,0.0
1295223,0.0,0.0,0.0,0.0,0.0,1.0,0.0
1295723,0.0,0.0,0.0,0.0,0.0,0.0,0.0
1296139,0.0,0.0,0.0,0.0,0.0,1.0,0.0
1296142,0.0,0.0,0.0,0.0,0.0,2.0,0.0
1296642,0.0,0.0,0.0,0.0,0.0,0.0,0.0
1296972,0.0,0.0,0.0,0.0,0.0,1.0,0.0
1296991,0.0,0.0,0.0,0.0,0.0,2.0,0.0
1297491,0.0,0.0,0.0,0.0,0.0,0.0,0.0
1297495,0.0,0.0,0.0,0.0,0.0,1.0,0.0
1297656,0.0,0.0,0.0,0.0,0.0,2.0,0.0
1298156,0.0,0.0,0.0,0.0,0.0,0.0,0.0
1298578,0.0,0.0,0.0,0.0,0.0,1.0,0.0
1299078,0.0,0.0,0.0,0.0,0.0,0.0,0.0
1299409,0.0,0.0,0.0,0.0,0.0,1.0,0.0
1299909,0.0,0.0,0.0,0.0,0.0,0.0,0.0
1300039,0.0,0.0,0.0,0.0,0.0,1.0,0.0
1300539,0.0,0.0,0.0,0.0,0.0,0.0,0.0
1301268,0.0,0.0,0.0,0.0,0.0,1.0,0.0
1301768,0.0,0.0,0.0,0.0,0.0,0.0,0.0
1302078,0.0,0.0,0.0,0.0,0.0,1.0,0.0
1302097,0.0,0.0,0.0,0.0,0.0,2.0,0.0
1302597,0.0,0.0,0.0,0.0,0.0,0.0,0.0
1303232,0.0,0.0,0.0,0.0,0.0,1.0,0.0
1303732,0.0,0.0,0.0,0.0,0.0,0.0,0.0
1304158,0.0,0.0,0.0,0.0,0.0,1.0,0.0
1304160,0.0,0.0,0.0,0.0,0.0,2.0,0.0
1304660,0.0,0.0,0.0,0.0,0.0,0.0,0.0
1304714,0.0,0.0,0.0,0.0,0.0,1.0,0.0
1304994,0.0,0.0,0.0,0.0,0.0,2.0,0.0
1305475,0.0,0.0,0.0,0.0,1.0,2.0,0.0
1305494,0.0,0.0,0.0,0.0,1.0,0.0,0.0
1305712,0.0,0.0,0.0,0.0,1.0,1.0,0.0
1305975,0.0,0.0,0.0,0.0,0.0,1.0,0.0
1306217,0.0,0.0,0.0,0.0,0.0,2.0,0.0
1306717,0.0,0.0,0.0,0.0,0.0,0.0,0.0
1306896,0.0,0.0,0.0,0.0,0.0,1.0,0.0
1307396,0.0,0.0,0.0,0.0,0.0,0.0,0.0
1308393,0.0,0.0,0.0,0.0,0.0,1.0,0.0
1308893,0.0,0.0,0.0,0.0,0.0,0.0,0.0
1309349,0.0,0.0,0.0,0.0,0.0,1.0,0.0
1309625,0.0,0.0,0.0,0.0,0.0,2.0,0.0
1310125,0.0,0.0,0.0,0.0,0.0,0.0,0.0
1310410,0.0,0.0,0.0,0.0,0.0,1.0,0.0
1310910,0.0,0.0,0.0,0.0,0.0,0.0,0.0
1311122,0.0,0.0,0.0,0.0,0.0,1.0,0.0
1311622,0.0,0.0,0.0,0.0,0.0,0.0,0.0
1311965,0.0,0.0,0.0,0.0,0.0,1.0,0.0
1312465,0.0,0.0,0.0,0.0,0.0,0.0,0.0
1347206,0.0,0.0,0.0,0.0,1.0,0.0,0.0
1347706,0.0,0.0,0.0,0.0,0.0,0.0,0.0
1413000,0.0,0.0,0.0,0.0,0.0,0.0,1.0
1413500,0.0,0.0,0.0,0.0,0.0,0.0,0.0
1413503,2.0,0.0,0.0,0.0,0.0,0.0,0.0
1413645,2.0,0.0,0.0,0.0,0.0,1.0,0.0
1413650,2.0,0.0,0.0,0.0,0.0,2.0,0.0
1413653,2.0,0.0,0.0,0.0,1.0,2.0,0.0
1413692,2.0,0.0,0.0,0.0,2.0,2.0,0.0
1414003,0.0,0.0,0.0,0.0,2.0,2.0,0.0
1414058,0.0,2.0,0.0,0.0,2.0,2.0,0.0
1414150,0.0,2.0,0.0,0.0,2.0,0.0,0.0
1414175,2.0,2.0,0.0,0.0,2.0,0.0,0.0
1414192,2.0,2.0,0.0,0.0,0.0,0.0,0.0
1414229,2.0,2.0,0.0,0.0,0.0,1.0,0.0
1414558,2.0,0.0,0.0,0.0,0.0,1.0,0.0
1414675,0.0,0.0,0.0,0.0,0.0,1.0,0.0
1414729,0.0,0.0,0.0,0.0,0.0,0.0,0.0
1415282,0.0,0.0,1.0,0.0,0.0,0.0,0.0
1415283,0.0,0.0,1.0,0.0,0.0,1.0,0.0
1415287,0.0,0.0,1.0,0.0,0.0,2.0,0.0
1415787,0.0,0.0,1.0,0.0,0.0,0.0,0.0
1416273,0.0,0.0,1.0,0.0,0.0,1.0,0.0
1416503,0.0,0.0,1.0,0.0,0.0,2.0,0.0
1416764,0.0,0.0,2.0,0.0,0.0,2.0,0.0
1417003,0.0,0.0,2.0,0.0,0.0,0.0,0.0
1417264,0.0,0.0,0.0,0.0,0.0,0.0,0.0
1417803,0.0,0.0,0.0,0.0,0.0,1.0,0.0
1417962,0.0,0.0,1.0,0.0,0.0,1.0,0.0
1418303,0.0,0.0,1.0,0.0,0.0,0.0,0.0
1418340,0.0,0.0,1.0,0.0,0.0,1.0,0.0
1418840,0.0,0.0,1.0,0.0,0.0,0.0,0.0
1418962,0.0,0.0,0.0,0.0,0.0,0.0,0.0
1419149,0.0,0.0,0.0,0.0,0.0,1.0,0.0
1419328,0.0,0.0,1.0,0.0,0.0,1.0,0.0
1419330,0.0,0.0,1.0,0.0,0.0,2.0,0.0
1419331,0.0,2.0,1.0,0.0,0.0,2.0,0.0
1419828,0.0,2.0,0.0,0.0,0.0,2.0,0.0
1419830,0.0,2.0,0.0,0.0,0.0,0.0,0.0
1419831,0.0,0.0,0.0,0.0,0.0,0.0,0.0
1420197,0.0,0.0,1.0,0.0,0.0,0.0,0.0
1420386,0.0,0.0,1.0,0.0,1.0,0.0,0.0
1420494,0.0,0.0,1.0,0.0,1.0,1.0,0.0
1420657,0.0,0.0,1.0,0.0,1.0,2.0,0.0
1420697,0.0,0.0,0.0,0.0,1.0,2.0,0.0
1420886,0.0,0.0,0.0,0.0,0.0,2.0,0.0
1421157,0.0,0.0,0.0,0.0,0.0,0.0,0.0
1421282,0.0,0.0,0.0,0.0,0.0,1.0,0.0
1421540,0.0,0.0,0.0,0.0,0.0,2.0,0.0
1422040,0.0,0.0,0.0,0.0,0.0,0.0,0.0
1423864,0.0,0.0,0.0,0.0,0.0,1.0,0.0
1424364,0.0,0.0,0.0,0.0,0.0,0.0,0.0
1424437,0.0,0.0,0.0,0.0,0.0,1.0,0.0
1424442,0.0,0.0,0.0,0.0,0.0,2.0,0.0
1424942,0.0,0.0,0.0,0.0,0.0,0.0,0.0
1425267,0.0,0.0,0.0,0.0,0.0,1.0,0.0
1425767,0.0,0.0,0.0,0.0,0.0,0.0,0.0
1426207,0.0,0.0,0.0,0.0,0.0,1.0,0.0
1426707,0.0,0.0,0.0,0.0,0.0,0.0,0.0
1427564,0.0,0.0,0.0,0.0,0.0,1.0,0.0
1428064,0.0,0.0,0.0,0.0,0.0,0.0,0.0
1428240,0.0,0.0,0.0,0.0,0.0,1.0,0.0
1428740,0.0,0.0,0.0,0.0,0.0,0.0,0.0
1428827,0.0,0.0,0.0,0.0,0.0,1.0,0.0
1429327,0.0,0.0,0.0,0.0,0.0,0.0,0.0
1430090,0.0,0.0,0.0,0.0,0.0,1.0,0.0
1430590,0.0,0.0,0.0,0.0,0.0,0.0,0.0
1430993,0.0,0.0,0.0,0.0,0.0,1.0,0.0
1431111,0.0,0.0,0.0,0.0,0.0,2.0,0.0
1431611,0.0,0.0,0.0,0.0,0.0,0.0,0.0
1432264,0.0,0.0,0.0,0.0,0.0,1.0,0.0
1432764,0.0,0.0,0.0,0.0,0.0,0.0,0.0
1433471,0.0,0.0,0.0,0.0,0.0,1.0,0.0
1433620,0.0,0.0,0.0,0.0,0.0,2.0,0.0
1434120,0.0,0.0,0.0,0.0,0.0,0.0,0.0
1434366,0.0,2.0,0.0,0.0,0.0,0.0,0.0
1434866,0.0,0.0,0.0,0.0,0.0,0.0,0.0
1435219,0.0,0.0,0.0,0.0,0.0,1.0,0.0
1435719,0.0,0.0,0.0,0.0,0.0,0.0,0.0
1436580,0.0,0.0,0.0,0.0,0.0,1.0,0.0
1437080,0.0,0.0,0.0,0.0,0.0,0.0,0.0
1437251,0.0,0.0,0.0,0.0,0.0,1.0,0.0
1437647,0.0,0.0,0.0,0.0,0.0,2.0,0.0
1438147,0.0,0.0,0.0,0.0,0.0,0.0,0.0
1438228,0.0,0.0,0.0,0.0,0.0,1.0,0.0
1438728,0.0,0.0,0.0,0.0,0.0,0.0,0.0
1438783,0.0,0.0,0.0,0.0,0.0,1.0,0.0
1439283,0.0,0.0,0.0,0.0,0.0,0.0,0.0
1439483,0.0,0.0,0.0,0.0,0.0,1.0,0.0
1439492,0.0,0.0,0.0,0.0,0.0,2.0,0.0
1439992,0.0,0.0,0.0,0.0,0.0,0.0,0.0
1441176,0.0,0.0,0.0,0.0,0.0,1.0,0.0
1441181,0.0,0.0,0.0,0.0,0.0,2.0,0.0
1441681,0.0,0.0,0.0,0.0,0.0,0.0,0.0
1442072,0.0,2.0,0.0,0.0,0.0,0.0,0.0
1442084,0.0,2.0,0.0,0.0,1.0,0.0,0.0
1442572,0.0,0.0,0.0,0.0,1.0,0.0,0.0
1442821,0.0,0.0,0.0,0.0,1.0,1.0,0.0
1443084,0.0,0.0,0.0,0.0,0.0,1.0,0.0
1443261,0.0,0.0,0.0,0.0,1.0,1.0,0.0
1443272,0.0,0.0,0.0,0.0,1.0,2.0,0.0
1443761,0.0,0.0,0.0,0.0,0.0,2.0,0.0
1443772,0.0,0.0,0.0,0.0,0.0,0.0,0.0
1443864,0.0,0.0,0.0,0.0,0.0,1.0,0.0
1444132,0.0,0.0,0.0,0.0,0.0,2.0,0.0
1444632,0.0,0.0,0.0,0.0,0.0,0.0,0.0
1444693,0.0,0.0,0.0,0.0,0.0,1.0,0.0
1445054,0.0,0.0,0.0,0.0,0.0,2.0,0.0
1445554,0.0,0.0,0.0,0.0,0.0,0.0,0.0
1445589,0.0,0.0,0.0,0.0,0.0,1.0,0.0
1446089,0.0,0.0,0.0,0.0,0.0,0.0,0.0
1447094,0.0,0.0,0.0,0.0,0.0,1.0,0.0
1447098,0.0,0.0,0.0,0.0,0.0,2.0,0.0
1447598,0.0,0.0,0.0,0.0,0.0,0.0,0.0
1448135,0.0,0.0,0.0,0.0,0.0,1.0,0.0
1448635,0.0,0.0,0.0,0.0,0.0,0.0,0.0
1448662,0.0,2.0,0.0,0.0,0.0,0.0,0.0
1449162,0.0,0.0,0.0,0.0,0.0,0.0,0.0
1450170,0.0,0.0,0.0,0.0,0.0,1.0,0.0
1450175,0.0,0.0,0.0,0.0,0.0,2.0,0.0
1450675,0.0,0.0,0.0,0.0,0.0,0.0,0.0
1450781,0.0,0.0,0.0,0.0,0.0,1.0,0.0
1451281,0.0,0.0,0.0,0.0,0.0,0.0,0.0
1451494,0.0,0.0,0.0,0.0,0.0,1.0,0.0
1451994,0.0,0.0,0.0,0.0,0.0,0.0,0.0
1452248,0.0,0.0,0.0,0.0,0.0,1.0,0.0
1452748,0.0,0.0,0.0,0.0,0.0,0.0,0.0
1452768,0.0,0.0,0.0,0.0,0.0,1.0,0.0
1453268,0.0,0.0,0.0,0.0,0.0,0.0,0.0
1453315,0.0,0.0,0.0,0.0,0.0,1.0,0.0
1453815,0.0,0.0,0.0,0.0,0.0,0.0,0.0
1454193,0.0,0.0,0.0,0.0,0.0,1.0,0.0
1454693,0.0,0.0,0.0,0.0,0.0,0.0,0.0
1455265,0.0,0.0,0.0,0.0,0.0,1.0,0.0
1455484,0.0,0.0,0.0,0.0,0.0,2.0,0.0
1455984,0.0,0.0,0.0,0.0,0.0,0.0,0.0
1457380,0.0,0.0,0.0,0.0,0.0,1.0,0.0
1457880,0.0,0.0,0.0,0.0,0.0,0.0,0.0
1458167,0.0,0.0,0.0,0.0,0.0,1.0,0.0
1458667,0.0,0.0,0.0,0.0,0.0,0.0,0.0
1458935,0.0,0.0,0.0,0.0,0.0,1.0,0.0
1459435,0.0,0.0,0.0,0.0,0.0,0.0,0.0
1459525,0.0,0.0,0.0,0.0,0.0,1.0,0.0
1459609,0.0,0.0,0.0,0.0,0.0,2.0,0.0
1460109,0.0,0.0,0.0,0.0,0.0,0.0,0.0
1460521,0.0,0.0,0.0,0.0,0.0,1.0,0.0
1461041,0.0,0.0,0.0,0.0,0.0,2.0,0.0
1461541,0.0,0.0,0.0,0.0,0.0,0.0,0.0
1462629,0.0,0.0,0.0,0.0,0.0,1.0,0.0
1463129,0.0,0.0,0.0,0.0,0.0,0.0,0.0
1464680,0.0,0.0,0.0,0.0,0.0,1.0,0.0
1464705,0.0,0.0,0.0,0.0,0.0,2.0,0.0
1465205,0.0,0.0,0.0,0.0,0.0,0.0,0.0
1465928,0.0,0.0,0.0,0.0,0.0,1.0,0.0
1466428,0.0,0.0,0.0,0.0,0.0,0.0,0.0
1466777,0.0,0.0,0.0,0.0,0.0,1.0,0.0
1467040,0.0,0.0,0.0,0.0,0.0,2.0,0.0
1467540,0.0,0.0,0.0,0.0,0.0,0.0,0.0
1469357,0.0,2.0,0.0,0.0,0.0,0.0,0.0
1469857,0.0,0.0,0.0,0.0,0.0,0.0,0.0
1471090,0.0,0.0,0.0,0.0,0.0,1.0,0.0
1471590,0.0,0.0,0.0,0.0,0.0,0.0,0.0
1471935,0.0,0.0,0.0,0.0,0.0,1.0,0.0
1472435,0.0,0.0,0.0,0.0,0.0,0.0,0.0
1473141,0.0,0.0,0.0,0.0,0.0,1.0,0.0
1473146,0.0,0.0,0.0,0.0,0.0,2.0,0.0
1473646,0.0,0.0,0.0,0.0,0.0,0.0,0.0
1473695,0.0,0.0,0.0,0.0,0.0,1.0,0.0
1473707,0.0,0.0,0.0,0.0,0.0,2.0,0.0
1474207,0.0,0.0,0.0,0.0,0.0,0.0,0.0
1474252,0.0,0.0,0.0,0.0,0.0,1.0,0.0
1474752,0.0,0.0,0.0,0.0,0.0,0.0,0.0
1474753,0.0,0.0,0.0,0.0,0.0,1.0,0.0
1475253,0.0,0.0,0.0,0.0,0.0,0.0,0.0
1475254,0.0,0.0,0.0,0.0,0.0,1.0,0.0
1475754,0.0,0.0,0.0,0.0,0.0,0.0,0.0
1475906,0.0,2.0,0.0,0.0,0.0,0.0,0.0
1476091,0.0,2.0,0.0,0.0,0.0,1.0,0.0
1476098,0.0,2.0,0.0,0.0,0.0,2.0,0.0
1476406,0.0,0.0,0.0,0.0,0.0,2.0,0.0
1476598,0.0,0.0,0.0,0.0,0.0,0.0,0.0
1476649,0.0,0.0,0.0,0.0,0.0,1.0,0.0
1476799,0.0,0.0,0.0,0.0,0.0,2.0,0.0
1477299,0.0,0.0,0.0,0.0,0.0,0.0,0.0
1477385,0.0,0.0,0.0,0.0,0.0,1.0,0.0
1477885,0.0,0.0,0.0,0.0,0.0,0.0,0.0
1477901,0.0,0.0,0.0,0.0,0.0,1.0,0.0
1477906,0.0,0.0,0.0,0.0,0.0,2.0,0.0
1478406,0.0,0.0,0.0,0.0,0.0,0.0,0.0
1479046,0.0,0.0,0.0,0.0,0.0,1.0,0.0
1479059,0.0,0.0,0.0,0.0,0.0,2.0,0.0
1479559,0.0,0.0,0.0,0.0,0.0,0.0,0.0
1479831,0.0,0.0,0.0,0.0,0.0,1.0,0.0
1480331,0.0,0.0,0.0,0.0,0.0,0.0,0.0
1480398,0.0,0.0,0.0,0.0,0.0,1.0,0.0
1480400,0.0,0.0,0.0,0.0,1.0,1.0,0.0
1480411,0.0,0.0,0.0,0.0,1.0,2.0,0.0
1480900,0.0,0.0,0.0,0.0,0.0,2.0,0.0
1480911,0.0,0.0,0.0,0.0,0.0,0.0,0.0
1480926,0.0,0.0,0.0,0.0,0.0,1.0,0.0
1481324,0.0,2.0,0.0,0.0,0.0,1.0,0.0
1481426,0.0,2.0,0.0,0.0,0.0,0.0,0.0
1481554,0.0,2.0,0.0,0.0,0.0,1.0,0.0
1481824,0.0,0.0,0.0,0.0,0.0,1.0,0.0
1482054,0.0,0.0,0.0,0.0,0.0,0.0,0.0
1482818,0.0,0.0,0.0,0.0,0.0,1.0,0.0
1482820,0.0,0.0,0.0,0.0,0.0,2.0,0.0
1483320,0.0,0.0,0.0,0.0,0.0,0.0,0.0
1484103,0.0,0.0,0.0,0.0,1.0,0.0,0.0
1484105,0.0,0.0,0.0,0.0,1.0,1.0,0.0
1484605,0.0,0.0,0.0,0.0,1.0,0.0,0.0
1485103,0.0,0.0,0.0,0.0,0.0,0.0,0.0
1486471,0.0,0.0,0.0,0.0,0.0,1.0,0.0
1486971,0.0,0.0,0.0,0.0,0.0,0.0,0.0
1487541,0.0,0.0,0.0,0.0,0.0,1.0,0.0
1487770,0.0,0.0,0.0,0.0,0.0,2.0,0.0
1488270,0.0,0.0,0.0,0.0,0.0,0.0,0.0
1488288,0.0,0.0,0.0,0.0,0.0,1.0,0.0
1488339,0.0,0.0,0.0,0.0,0.0,2.0,0.0
1488839,0.0,0.0,0.0,0.0,0.0,0.0,0.0
1488854,0.0,0.0,0.0,0.0,0.0,1.0,0.0
1488857,0.0,0.0,0.0,0.0,0.0,2.0,0.0
1489357,0.0,0.0,0.0,0.0,0.0,1.0,0.0
1489857,0.0,0.0,0.0,0.0,0.0,0.0,0.0
1491181,0.0,0.0,0.0,0.0,0.0,1.0,0.0
1491439,0.0,0.0,0.0,0.0,0.0,2.0,0.0
1491939,0.0,0.0,0.0,0.0,0.0,0.0,0.0
1492339,0.0,0.0,0.0,0.0,0.0,1.0,0.0
1492839,0.0,0.0,0.0,0.0,0.0,0.0,0.0
1493028,0.0,0.0,0.0,0.0,0.0,1.0,0.0
1493089,0.0,0.0,0.0,0.0,0.0,2.0,0.0
1493589,0.0,0.0,0.0,0.0,0.0,0.0,0.0
1493959,0.0,0.0,0.0,0.0,0.0,1.0,0.0
1494459,0.0,0.0,0.0,0.0,0.0,0.0,0.0
1494844,0.0,0.0,0.0,0.0,0.0,1.0,0.0
1494846,0.0,0.0,0.0,0.0,0.0,2.0,0.0
1495346,0.0,0.0,0.0,0.0,0.0,0.0,0.0
1495849,0.0,0.0,0.0,0.0,0.0,1.0,0.0
1495851,0.0,0.0,0.0,0.0,0.0,2.0,0.0
1496351,0.0,0.0,0.0,0.0,0.0,0.0,0.0
1496490,0.0,0.0,0.0,0.0,0.0,1.0,0.0
1496990,0.0,0.0,0.0,0.0,0.0,0.0,0.0
1497001,0.0,0.0,0.0,0.0,0.0,1.0,0.0
1497501,0.0,0.0,0.0,0.0,0.0,0.0,0.0
1497553,0.0,0.0,0.0,0.0,0.0,1.0,0.0
1498053,0.0,0.0,0.0,0.0,0.0,0.0,0.0
1498078,0.0,0.0,0.0,0.0,0.0,1.0,0.0
1498167,0.0,0.0,0.0,0.0,0.0,2.0,0.0
1498667,0.0,0.0,0.0,0.0,0.0,0.0,0.0
1500015,0.0,0.0,0.0,0.0,0.0,1.0,0.0
1500515,0.0,0.0,0.0,0.0,0.0,0.0,0.0
1502165,0.0,0.0,0.0,0.0,0.0,1.0,0.0
1502168,0.0,0.0,0.0,0.0,0.0,2.0,0.0
1502668,0.0,0.0,0.0,0.0,0.0,0.0,0.0
1502872,0.0,0.0,0.0,0.0,0.0,1.0,0.0
1503372,0.0,0.0,0.0,0.0,0.0,0.0,0.0
1503679,0.0,0.0,0.0,0.0,0.0,1.0,0.0
1503681,0.0,0.0,0.0,0.0,0.0,2.0,0.0
1504181,0.0,0.0,0.0,0.0,0.0,0.0,0.0
1504416,0.0,0.0,0.0,0.0,0.0,1.0,0.0
1504670,0.0,0.0,0.0,0.0,0.0,2.0,0.0
1505170,0.0,0.0,0.0,0.0,0.0,0.0,0.0
1505417,0.0,2.0,0.0,0.0,0.0,0.0,0.0
1505917,0.0,0.0,0.0,0.0,0.0,0.0,0.0
1506566,0.0,0.0,0.0,0.0,0.0,1.0,0.0
1507066,0.0,0.0,0.0,0.0,0.0,0.0,0.0
1507076,0.0,0.0,0.0,0.0,0.0,1.0,0.0
1507576,0.0,0.0,0.0,0.0,0.0,0.0,0.0
1507723,0.0,0.0,0.0,0.0,0.0,1.0,0.0
1508139,0.0,0.0,0.0,0.0,0.0,2.0,0.0
1508639,0.0,0.0,0.0,0.0,0.0,0.0,0.0
1508719,0.0,0.0,0.0,0.0,0.0,1.0,0.0
1509219,0.0,0.0,0.0,0.0,0.0,0.0,0.0
1509333,0.0,0.0,0.0,0.0,0.0,1.0,0.0
1509536,0.0,0.0,0.0,0.0,0.0,2.0,0.0
1510036,0.0,0.0,0.0,0.0,0.0,0.0,0.0
1510229,0.0,0.0,0.0,0.0,0.0,1.0,0.0
1510729,0.0,0.0,0.0,0.0,0.0,0.0,0.0
1511984,0.0,0.0,0.0,0.0,0.0,1.0,0.0
1512484,0.0,0.0,0.0,0.0,0.0,0.0,0.0
1512858,0.0,0.0,0.0,0.0,0.0,1.0,0.0
1513333,0.0,0.0,0.0,0.0,0.0,2.0,0.0
1513833,0.0,0.0,0.0,0.0,0.0,0.0,0.0
1514162,0.0,0.0,0.0,0.0,0.0,1.0,0.0
1514662,0.0,0.0,0.0,0.0,0.0,0.0,0.0
1517137,0.0,0.0,0.0,0.0,0.0,1.0,0.0
1517637,0.0,0.0,0.0,0.0,0.0,0.0,0.0
1615000,0.0,0.0,0.0,0.0,0.0,0.0,1.0
1615255,0.0,0.0,0.0,0.0,0.0,1.0,1.0
1615327,2.0,0.0,0.0,0.0,0.0,1.0,1.0
1615500,2.0,0.0,0.0,0.0,0.0,1.0,0.0
1615652,2.0,2.0,0.0,0.0,0.0,1.0,0.0
1615755,2.0,2.0,0.0,0.0,0.0,0.0,0.0
1615765,2.0,2.0,0.0,0.0,0.0,1.0,0.0
1615827,0.0,2.0,0.0,0.0,0.0,1.0,0.0
1615852,0.0,2.0,0.0,0.0,1.0,1.0,0.0
1615924,0.0,2.0,0.0,0.0,1.0,2.0,0.0
1615940,0.0,2.0,0.0,0.0,2.0,2.0,0.0
1615967,2.0,2.0,0.0,0.0,2.0,2.0,0.0
1616152,2.0,0.0,0.0,0.0,2.0,2.0,0.0
1616424,2.0,0.0,0.0,0.0,2.0,0.0,0.0
1616440,2.0,0.0,0.0,0.0,0.0,0.0,0.0
1616467,0.0,0.0,0.0,0.0,0.0,0.0,0.0
1617055,0.0,0.0,1.0,0.0,0.0,0.0,0.0
1617844,0.0,0.0,1.0,0.0,0.0,1.0,0.0
1618151,0.0,0.0,1.0,0.0,0.0,2.0,0.0
1618490,0.0,0.0,2.0,0.0,0.0,2.0,0.0
1618651,0.0,0.0,2.0,0.0,0.0,0.0,0.0
1618754,0.0,0.0,2.0,0.0,0.0,1.0,0.0
1618945,0.0,0.0,2.0,0.0,0.0,2.0,0.0
1618990,0.0,0.0,1.0,0.0,0.0,2.0,0.0
1619445,0.0,0.0,1.0,0.0,0.0,0.0,0.0
1619990,0.0,0.0,0.0,0.0,0.0,0.0,0.0
1620113,0.0,0.0,1.0,0.0,0.0,0.0,0.0
1620582,0.0,0.0,1.0,0.0,0.0,1.0,0.0
1620590,0.0,0.0,1.0,0.0,0.0,2.0,0.0
1621090,0.0,0.0,1.0,0.0,0.0,0.0,0.0
1621678,0.0,0.0,1.0,0.0,0.0,1.0,0.0
1621683,0.0,0.0,1.0,0.0,0.0,2.0,0.0
1622183,0.0,0.0,1.0,0.0,0.0,0.0,0.0
1622241,0.0,0.0,1.0,0.0,0.0,1.0,0.0
1622741,0.0,0.0,1.0,0.0,0.0,0.0,0.0
1623613,0.0,0.0,0.0,0.0,0.0,0.0,0.0
1624374,0.0,0.0,0.0,0.0,0.0,1.0,0.0
1624783,0.0,0.0,1.0,0.0,0.0,1.0,0.0
1624874,0.0,0.0,1.0,0.0,0.0,0.0,0.0
1625048,0.0,0.0,1.0,0.0,0.0,1.0,0.0
1625157,0.0,0.0,1.0,0.0,0.0,2.0,0.0
1625657,0.0,0.0,1.0,0.0,0.0,0.0,0.0
1625702,0.0,0.0,1.0,0.0,0.0,1.0,0.0
1626202,0.0,0.0,1.0,0.0,0.0,0.0,0.0
1626708,0.0,0.0,1.0,0.0,0.0,1.0,0.0
1627208,0.0,0.0,1.0,0.0,0.0,0.0,0.0
1628255,0.0,0.0,1.0,0.0,0.0,1.0,0.0
1628283,0.0,0.0,0.0,0.0,0.0,1.0,0.0
1628755,0.0,0.0,0.0,0.0,0.0,0.0,0.0
1629444,0.0,0.0,0.0,0.0,0.0,1.0,0.0
1629605,0.0,0.0,0.0,0.0,0.0,2.0,0.0
1630105,0.0,0.0,0.0,0.0,0.0,0.0,0.0
1630390,0.0,0.0,0.0,0.0,0.0,1.0,0.0
1630521,0.0,0.0,1.0,0.0,0.0,1.0,0.0
1630890,0.0,0.0,1.0,0.0,0.0,0.0,0.0
1631021,0.0,0.0,0.0,0.0,0.0,0.0,0.0
1631028,0.0,0.0,1.0,0.0,0.0,0.0,0.0
1631528,0.0,0.0,0.0,0.0,0.0,0.0,0.0
1631567,0.0,0.0,1.0,0.0,0.0,0.0,0.0
1632067,0.0,0.0,0.0,0.0,0.0,0.0,0.0
1632152,0.0,0.0,0.0,0.0,0.0,1.0,0.0
1632652,0.0,0.0,0.0,0.0,0.0,0.0,0.0
1634074,0.0,0.0,0.0,0.0,0.0,1.0,0.0
1634172,0.0,0.0,0.0,0.0,0.0,2.0,0.0
1634672,0.0,0.0,0.0,0.0,0.0,0.0,0.0
1634996,0.0,0.0,0.0,0.0,0.0,1.0,0.0
1635466,0.0,0.0,0.0,0.0,0.0,2.0,0.0
1635966,0.0,0.0,0.0,0.0,0.0,0.0,0.0
1635976,0.0,0.0,0.0,0.0,0.0,1.0,0.0
1636182,0.0,0.0,0.0,0.0,0.0,2.0,0.0
1636682,0.0,0.0,0.0,0.0,0.0,0.0,0.0
1636717,0.0,0.0,0.0,0.0,0.0,1.0,0.0
1637035,0.0,0.0,0.0,0.0,0.0,2.0,0.0
1637535,0.0,0.0,0.0,0.0,0.0,0.0,0.0
1638019,0.0,0.0,0.0,0.0,0.0,1.0,0.0
1638025,0.0,0.0,0.0,0.0,0.0,2.0,0.0
1638525,0.0,0.0,0.0,0.0,0.0,0.0,0.0
1638829,0.0,0.0,0.0,0.0,0.0,1.0,0.0
1639329,0.0,0.0,0.0,0.0,0.0,0.0,0.0
1639554,0.0,0.0,0.0,0.0,0.0,1.0,0.0
1639927,0.0,0.0,0.0,0.0,0.0,2.0,0.0
1640427,0.0,0.0,0.0,0.0,0.0,0.0,0.0
1641640,0.0,0.0,0.0,0.0,0.0,1.0,0.0
1642140,0.0,0.0,0.0,0.0,0.0,0.0,0.0
1642240,0.0,0.0,0.0,0.0,0.0,1.0,0.0
1642740,0.0,0.0,0.0,0.0,0.0,0.0,0.0
1642856,0.0,0.0,0.0,0.0,0.0,1.0,0.0
1643356,0.0,0.0,0.0,0.0,0.0,0.0,0.0
1643546,0.0,2.0,0.0,0.0,0.0,0.0,0.0
1643853,0.0,2.0,0.0,0.0,0.0,1.0,0.0
1644046,0.0,0.0,0.0,0.0,0.0,1.0,0.0
1644353,0.0,0.0,0.0,0.0,0.0,0.0,0.0
1644753,0.0,0.0,0.0,0.0,0.0,1.0,0.0
1644779,0.0,0.0,0.0,0.0,0.0,2.0,0.0
1645279,0.0,0.0,0.0,0.0,0.0,0.0,0.0
1645395,0.0,0.0,0.0,0.0,0.0,1.0,0.0
1645895,0.0,0.0,0.0,0.0,0.0,0.0,0.0
1646495,0.0,0.0,0.0,0.0,0.0,1.0,0.0
1646995,0.0,0.0,0.0,0.0,0.0,0.0,0.0
1647335,0.0,0.0,0.0,0.0,0.0,1.0,0.0
1647609,0.0,0.0,0.0,0.0,0.0,2.0,0.0
1648109,0.0,0.0,0.0,0.0,0.0,0.0,0.0
1648237,0.0,0.0,0.0,0.0,0.0,1.0,0.0
1648737,0.0,0.0,0.0,0.0,0.0,0.0,0.0
1648942,0.0,0.0,0.0,0.0,0.0,1.0,0.0
1648944,0.0,0.0,0.0,0.0,0.0,2.0,0.0
1649444,0.0,0.0,0.0,0.0,0.0,0.0,0.0
1649490,0.0,0.0,0.0,0.0,0.0,1.0,0.0
1649990,0.0,0.0,0.0,0.0,0.0,0.0,0.0
1650547,0.0,0.0,0.0,0.0,0.0,1.0,0.0
1651047,0.0,0.0,0.0,0.0,0.0,0.0,0.0
1651243,0.0,0.0,0.0,0.0,0.0,1.0,0.0
1651245,0.0,0.0,0.0,0.0,0.0,2.0,0.0
1651745,0.0,0.0,0.0,0.0,0.0,0.0,0.0
1652620,0.0,0.0,0.0,0.0,0.0,1.0,0.0
1653120,0.0,0.0,0.0,0.0,0.0,0.0,0.0
1653940,0.0,0.0,0.0,0.0,0.0,1.0,0.0
1653943,0.0,0.0,0.0,0.0,0.0,2.0,0.0
1653954,0.0,0.0,0.0,0.0,1.0,2.0,0.0
1654443,0.0,0.0,0.0,0.0,1.0,0.0,0.0
1654454,0.0,0.0,0.0,0.0,0.0,0.0,0.0
1654572,0.0,0.0,0.0,0.0,0.0,1.0,0.0
1655024,0.0,0.0,0.0,0.0,0.0,2.0,0.0
1655524,0.0,0.0,0.0,0.0,0.0,0.0,0.0
1657010,0.0,0.0,0.0,0.0,0.0,1.0,0.0
1657015,0.0,0.0,0.0,0.0,0.0,2.0,0.0
1657515,0.0,0.0,0.0,0.0,0.0,0.0,0.0
1657525,0.0,0.0,0.0,0.0,0.0,1.0,0.0
1657537,0.0,0.0,0.0,0.0,0.0,2.0,0.0
1657547,0.0,0.0,0.0,0.0,1.0,2.0,0.0
1658037,0.0,0.0,0.0,0.0,1.0,0.0,0.0
1658047,0.0,0.0,0.0,0.0,0.0,0.0,0.0
1658702,0.0,0.0,0.0,0.0,0.0,1.0,0.0
1659058,0.0,0.0,0.0,0.0,0.0,2.0,0.0
1659096,0.0,0.0,0.0,0.0,1.0,2.0,0.0
1659558,0.0,0.0,0.0,0.0,1.0,0.0,0.0
1659569,0.0,0.0,0.0,0.0,1.0,1.0,0.0
1659572,0.0,0.0,0.0,0.0,1.0,2.0,0.0
1659596,0.0,0.0,0.0,0.0,0.0,2.0,0.0
1660072,0.0,0.0,0.0,0.0,0.0,0.0,0.0
1660229,0.0,0.0,0.0,0.0,0.0,1.0,0.0
1660729,0.0,0.0,0.0,0.0,0.0,0.0,0.0
1661640,0.0,0.0,0.0,0.0,0.0,1.0,0.0
1661643,0.0,0.0,0.0,0.0,0.0,2.0,0.0
1662143,0.0,0.0,0.0,0.0,0.0,0.0,0.0
1663190,0.0,0.0,0.0,0.0,0.0,1.0,0.0
1663208,0.0,0.0,0.0,0.0,0.0,2.0,0.0
1663708,0.0,0.0,0.0,0.0,0.0,0.0,0.0
1664028,0.0,0.0,0.0,0.0,0.0,1.0,0.0
1664528,0.0,0.0,0.0,0.0,0.0,0.0,0.0
1664984,0.0,0.0,0.0,0.0,0.0,1.0,0.0
1665484,0.0,0.0,0.0,0.0,0.0,0.0,0.0
1666220,0.0,0.0,0.0,0.0,0.0,1.0,0.0
1666302,0.0,2.0,0.0,0.0,0.0,1.0,0.0
1666720,0.0,2.0,0.0,0.0,0.0,0.0,0.0
1666802,0.0,0.0,0.0,0.0,0.0,0.0,0.0
1667122,0.0,0.0,0.0,0.0,0.0,1.0,0.0
1667622,0.0,0.0,0.0,0.0,0.0,0.0,0.0
1667661,0.0,0.0,0.0,0.0,0.0,1.0,0.0
1668161,0.0,0.0,0.0,0.0,0.0,0.0,0.0
1668248,0.0,0.0,0.0,0.0,0.0,1.0,0.0
1668748,0.0,0.0,0.0,0.0,0.0,0.0,0.0
1669248,0.0,0.0,0.0,0.0,1.0,0.0,0.0
1669249,0.0,0.0,0.0,0.0,1.0,1.0,0.0
1669748,0.0,0.0,0.0,0.0,0.0,1.0,0.0
1669749,0.0,0.0,0.0,0.0,0.0,0.0,0.0
1670427,0.0,0.0,0.0,0.0,0.0,1.0,0.0
1670924,0.0,0.0,0.0,0.0,0.0,2.0,0.0
1671424,0.0,0.0,0.0,0.0,0.0,0.0,0.0
1671486,0.0,0.0,0.0,0.0,0.0,1.0,0.0
1671620,0.0,0.0,0.0,0.0,0.0,2.0,0.0
1672120,0.0,0.0,0.0,0.0,0.0,0.0,0.0
1672313,0.0,0.0,0.0,0.0,0.0,1.0,0.0
1672455,0.0,0.0,0.0,0.0,0.0,2.0,0.0
1672955,0.0,0.0,0.0,0.0,0.0,0.0,0.0
1673428,0.0,0.0,0.0,0.0,0.0,1.0,0.0
1673928,0.0,0.0,0.0,0.0,0.0,0.0,0.0
1674179,0.0,0.0,0.0,0.0,0.0,1.0,0.0
1674679,0.0,0.0,0.0,0.0,0.0,0.0,0.0
1674699,0.0,0.0,0.0,0.0,0.0,1.0,0.0
1675199,0.0,0.0,0.0,0.0,0.0,0.0,0.0
1675468,0.0,0.0,0.0,0.0,0.0,1.0,0.0
1675968,0.0,0.0,0.0,0.0,0.0,0.0,0.0
1676108,0.0,0.0,0.0,0.0,0.0,1.0,0.0
1676129,0.0,0.0,0.0,0.0,0.0,2.0,0.0
1676629,0.0,0.0,0.0,0.0,0.0,0.0,0.0
1677338,0.0,0.0,0.0,0.0,0.0,1.0,0.0
1677838,0.0,0.0,0.0,0.0,0.0,0.0,0.0
1678383,0.0,0.0,0.0,0.0,0.0,1.0,0.0
1678385,0.0,0.0,0.0,0.0,0.0,2.0,0.0
1678885,0.0,0.0,0.0,0.0,0.0,0.0,0.0
1679058,0.0,0.0,0.0,0.0,0.0,1.0,0.0
1679558,0.0,0.0,0.0,0.0,0.0,0.0,0.0
1680251,0.0,0.0,0.0,0.0,0.0,1.0,0.0
1680751,0.0,0.0,0.0,0.0,0.0,0.0,0.0
1680969,0.0,0.0,0.0,0.0,0.0,1.0,0.0
1681469,0.0,0.0,0.0,0.0,0.0,0.0,0.0
1683167,0.0,0.0,0.0,0.0,0.0,1.0,0.0
1683667,0.0,0.0,0.0,0.0,0.0,0.0,0.0
1683880,0.0,0.0,0.0,0.0,0.0,1.0,0.0
1684380,0.0,0.0,0.0,0.0,0.0,0.0,0.0
1684677,0.0,0.0,0.0,0.0,0.0,1.0,0.0
1684899,0.0,0.0,0.0,0.0,0.0,2.0,0.0
1685399,0.0,0.0,0.0,0.0,0.0,0.0,0.0
1685668,0.0,0.0,0.0,0.0,0.0,1.0,0.0
1686168,0.0,0.0,0.0,0.0,0.0,0.0,0.0
1686414,0.0,0.0,0.0,0.0,0.0,1.0,0.0
1686755,0.0,0.0,0.0,0.0,0.0,2.0,0.0
1687255,0.0,0.0,0.0,0.0,0.0,0.0,0.0
1687379,0.0,0.0,0.0,0.0,0.0,1.0,0.0
1687879,0.0,0.0,0.0,0.0,0.0,0.0,0.0
1688049,0.0,0.0,0.0,0.0,0.0,1.0,0.0
1688549,0.0,0.0,0.0,0.0,0.0,0.0,0.0
1688936,0.0,0.0,0.0,0.0,0.0,1.0,0.0
1689436,0.0,0.0,0.0,0.0,0.0,0.0,0.0
1689974,0.0,0.0,0.0,0.0,0.0,1.0,0.0
1689979,0.0,0.0,0.0,0.0,0.0,2.0,0.0
1690479,0.0,0.0,0.0,0.0,0.0,0.0,0.0
1691029,0.0,0.0,0.0,0.0,1.0,0.0,0.0
1691035,0.0,0.0,0.0,0.0,2.0,0.0,0.0
1691496,0.0,0.0,0.0,0.0,2.0,1.0,0.0
1691535,0.0,0.0,0.0,0.0,0.0,1.0,0.0
1691996,0.0,0.0,0.0,0.0,0.0,0.0,0.0
1692242,0.0,0.0,0.0,0.0,0.0,1.0,0.0
1692283,0.0,0.0,0.0,0.0,0.0,2.0,0.0
1692783,0.0,0.0,0.0,0.0,0.0,0.0,0.0
1693537,0.0,0.0,0.0,0.0,0.0,1.0,0.0
1694037,0.0,0.0,0.0,0.0,0.0,0.0,0.0
1694475,0.0,0.0,0.0,0.0,0.0,1.0,0.0
1694477,0.0,0.0,0.0,0.0,0.0,2.0,0.0
1694977,0.0,0.0,0.0,0.0,0.0,0.0,0.0
1695648,0.0,0.0,0.0,0.0,0.0,1.0,0.0
1695678,0.0,2.0,0.0,0.0,0.0,1.0,0.0
1696148,0.0,2.0,0.0,0.0,0.0,0.0,0.0
1696178,0.0,0.0,0.0,0.0,0.0,0.0,0.0
1696418,0.0,0.0,0.0,0.0,0.0,1.0,0.0
1696918,0.0,0.0,0.0,0.0,0.0,0.0,0.0
1697250,0.0,0.0,0.0,0.0,0.0,1.0,0.0
1697750,0.0,0.0,0.0,0.0,0.0,0.0,0.0
1697860,0.0,0.0,0.0,0.0,0.0,1.0,0.0
1698360,0.0,0.0,0.0,0.0,0.0,0.0,0.0
1698623,0.0,0.0,0.0,0.0,0.0,1.0,0.0
1699123,0.0,0.0,0.0,0.0,0.0,0.0,0.0
1699231,0.0,0.0,0.0,0.0,0.0,1.0,0.0
1699236,0.0,0.0,0.0,0.0,0.0,2.0,0.0
1699736,0.0,0.0,0.0,0.0,0.0,0.0,0.0
1700362,0.0,0.0,0.0,0.0,0.0,1.0,0.0
1700365,0.0,0.0,0.0,0.0,0.0,2.0,0.0
1700444,0.0,0.0,0.0,0.0,1.0,2.0,0.0
1700865,0.0,0.0,0.0,0.0,1.0,0.0,0.0
1700944,0.0,0.0,0.0,0.0,0.0,0.0,0.0
1700951,0.0,0.0,0.0,0.0,0.0,1.0,0.0
1701012,0.0,0.0,0.0,0.0,1.0,1.0,0.0
1701018,0.0,0.0,0.0,0.0,1.0,2.0,0.0
1701021,0.0,0.0,0.0,0.0,2.0,2.0,0.0
1701518,0.0,0.0,0.0,0.0,2.0,0.0,0.0
1701521,0.0,0.0,0.0,0.0,0.0,0.0,0.0
1701559,0.0,0.0,0.0,0.0,0.0,1.0,0.0
1702061,0.0,0.0,0.0,0.0,0.0,2.0,0.0
1702561,0.0,0.0,0.0,0.0,0.0,0.0,0.0
1702607,0.0,0.0,0.0,0.0,0.0,1.0,0.0
1702905,0.0,0.0,0.0,0.0,0.0,2.0,0.0
1703405,0.0,0.0,0.0,0.0,0.0,0.0,0.0
1703434,0.0,0.0,0.0,0.0,0.0,1.0,0.0
1703436,0.0,0.0,0.0,0.0,0.0,2.0,0.0
1703936,0.0,0.0,0.0,0.0,0.0,0.0,0.0
1704325,0.0,0.0,0.0,0.0,0.0,1.0,0.0
1704530,0.0,0.0,0.0,0.0,0.0,2.0,0.0
1705030,0.0,0.0,0.0,0.0,0.0,0.0,0.0
1705131,0.0,0.0,0.0,0.0,0.0,1.0,0.0
1705327,0.0,0.0,0.0,0.0,0.0,2.0,0.0
1705827,0.0,0.0,0.0,0.0,0.0,0.0,0.0
1706878,0.0,0.0,0.0,0.0,0.0,1.0,0.0
1707378,0.0,0.0,0.0,0.0,0.0,0.0,0.0
1707949,0.0,0.0,0.0,0.0,0.0,1.0,0.0
1708449,0.0,0.0,0.0,0.0,0.0,0.0,0.0
1708523,0.0,0.0,0.0,0.0,0.0,1.0,0.0
1709023,0.0,0.0,0.0,0.0,0.0,0.0,0.0
1709328,0.0,0.0,0.0,0.0,0.0,1.0,0.0
1709828,0.0,0.0,0.0,0.0,0.0,0.0,0.0
1710111,0.0,0.0,0.0,0.0,0.0,1.0,0.0
1710611,0.0,0.0,0.0,0.0,0.0,0.0,0.0
1710645,0.0,0.0,0.0,0.0,0.0,1.0,0.0
1711145,0.0,0.0,0.0,0.0,0.0,0.0,0.0
1711155,0.0,0.0,0.0,0.0,0.0,1.0,0.0
1711655,0.0,0.0,0.0,0.0,0.0,0.0,0.0
1711850,0.0,0.0,0.0,0.0,0.0,1.0,0.0
1712350,0.0,0.0,0.0,0.0,0.0,0.0,0.0
1713146,0.0,0.0,0.0,0.0,0.0,1.0,0.0
1713646,0.0,0.0,0.0,0.0,0.0,0.0,0.0
1713892,0.0,0.0,0.0,0.0,0.0,1.0,0.0
1713897,0.0,0.0,0.0,0.0,0.0,2.0,0.0
1714397,0.0,0.0,0.0,0.0,0.0,0.0,0.0
1714694,0.0,0.0,0.0,0.0,0.0,1.0,0.0
1715194,0.0,0.0,0.0,0.0,0.0,0.0,0.0
1715903,0.0,0.0,0.0,0.0,0.0,1.0,0.0
1716403,0.0,0.0,0.0,0.0,0.0,0.0,0.0
1718330,0.0,0.0,0.0,0.0,1.0,0.0,0.0
1718830,0.0,0.0,0.0,0.0,0.0,0.0,0.0
1755532,0.0,0.0,0.0,0.0,0.0,1.0,0.0
1755533,0.0,0.0,0.0,0.0,0.0,2.0,0.0
1756033,0.0,0.0,0.0,0.0,0.0,0.0,0.0
1770136,0.0,0.0,0.0,0.0,1.0,0.0,0.0
1770137,0.0,0.0,0.0,0.0,2.0,0.0,0.0
1770637,0.0,0.0,0.0,0.0,0.0,0.0,0.0
1773257,0.0,0.0,0.0,0.0,0.0,1.0,0.0
1773757,0.0,0.0,0.0,0.0,0.0,0.0,0.0
1788140,0.0,0.0,0.0,0.0,0.0,1.0,0.0
1788640,0.0,0.0,0.0,0.0,0.0,0.0,0.0
1817000,0.0,0.0,0.0,0.0,0.0,0.0,1.0
1817500,0.0,0.0,0.0,0.0,0.0,0.0,0.0
1817631,2.0,0.0,0.0,0.0,0.0,0.0,0.0
1817640,2.0,0.0,0.0,0.0,0.0,1.0,0.0
1817662,2.0,0.0,0.0,0.0,0.0,2.0,0.0
1817852,2.0,2.0,0.0,0.0,0.0,2.0,0.0
1817898,2.0,2.0,0.0,0.0,1.0,2.0,0.0
1817986,2.0,2.0,0.0,0.0,2.0,2.0,0.0
1818131,0.0,2.0,0.0,0.0,2.0,2.0,0.0
1818162,0.0,2.0,0.0,0.0,2.0,0.0,0.0
1818352,0.0,0.0,0.0,0.0,2.0,0.0,0.0
1818443,0.0,0.0,0.0,0.0,2.0,1.0,0.0
1818486,0.0,0.0,0.0,0.0,0.0,1.0,0.0
1818686,0.0,0.0,0.0,0.0,0.0,2.0,0.0
1818719,2.0,0.0,0.0,0.0,0.0,2.0,0.0
1819093,2.0,0.0,1.0,0.0,0.0,2.0,0.0
1819186,2.0,0.0,1.0,0.0,0.0,0.0,0.0
1819219,0.0,0.0,1.0,0.0,0.0,0.0,0.0
1819512,0.0,0.0,1.0,0.0,0.0,1.0,0.0
1820012,0.0,0.0,1.0,0.0,0.0,0.0,0.0
1820059,0.0,0.0,1.0,0.0,0.0,1.0,0.0
1820142,0.0,0.0,1.0,0.0,0.0,2.0,0.0
1820406,0.0,0.0,2.0,0.0,0.0,2.0,0.0
1820642,0.0,0.0,2.0,0.0,0.0,0.0,0.0
1820906,0.0,0.0,0.0,0.0,0.0,0.0,0.0
1821306,0.0,0.0,0.0,0.0,0.0,1.0,0.0
1821569,0.0,0.0,1.0,0.0,0.0,1.0,0.0
1821806,0.0,0.0,1.0,0.0,0.0,0.0,0.0
1822041,0.0,0.0,1.0,0.0,0.0,1.0,0.0
1822069,0.0,0.0,0.0,0.0,0.0,1.0,0.0
1822541,0.0,0.0,0.0,0.0,0.0,0.0,0.0
1823041,0.0,0.0,0.0,0.0,0.0,1.0,0.0
1823471,0.0,0.0,1.0,0.0,0.0,1.0,0.0
1823541,0.0,0.0,1.0,0.0,0.0,0.0,0.0
1823646,0.0,0.0,1.0,0.0,0.0,1.0,0.0
1824146,0.0,0.0,1.0,0.0,0.0,0.0,0.0
1824437,0.0,0.0,1.0,0.0,0.0,1.0,0.0
1824440,0.0,0.0,1.0,0.0,0.0,2.0,0.0
1824471,0.0,0.0,0.0,0.0,0.0,2.0,0.0
1824940,0.0,0.0,0.0,0.0,0.0,0.0,0.0
1825058,0.0,0.0,0.0,0.0,0.0,1.0,0.0
1825219,0.0,0.0,0.0,0.0,0.0,2.0,0.0
1825345,0.0,0.0,0.0,0.0,1.0,2.0,0.0
1825719,0.0,0.0,0.0,0.0,1.0,0.0,0.0
1825845,0.0,0.0,0.0,0.0,0.0,0.0,0.0
1826370,0.0,0.0,0.0,0.0,0.0,1.0,0.0
1826372,0.0,0.0,0.0,0.0,0.0,2.0,0.0
1826872,0.0,0.0,0.0,0.0,0.0,0.0,0.0
1826986,0.0,0.0,0.0,0.0,0.0,1.0,0.0
1827012,0.0,0.0,0.0,0.0,0.0,2.0,0.0
1827512,0.0,0.0,0.0,0.0,0.0,0.0,0.0
1828132,0.0,0.0,0.0,0.0,0.0,1.0,0.0
1828358,0.0,0.0,0.0,0.0,0.0,2.0,0.0
1828858,0.0,0.0,0.0,0.0,0.0,0.0,0.0
1828882,0.0,0.0,0.0,0.0,0.0,1.0,0.0
1829382,0.0,0.0,0.0,0.0,0.0,0.0,0.0
1829714,0.0,0.0,0.0,0.0,0.0,1.0,0.0
1830214,0.0,0.0,0.0,0.0,0.0,0.0,0.0
1830599,0.0,0.0,0.0,0.0,0.0,1.0,0.0
1831099,0.0,0.0,0.0,0.0,0.0,0.0,0.0
1831433,0.0,0.0,0.0,0.0,0.0,1.0,0.0
1831439,0.0,0.0,0.0,0.0,0.0,2.0,0.0
1831939,0.0,0.0,0.0,0.0,0.0,0.0,0.0
1832308,0.0,0.0,0.0,0.0,0.0,1.0,0.0
1832311,0.0,0.0,0.0,0.0,0.0,2.0,0.0
1832811,0.0,0.0,0.0,0.0,0.0,0.0,0.0
1832861,0.0,0.0,0.0,0.0,0.0,1.0,0.0
1833361,0.0,0.0,0.0,0.0,0.0,0.0,0.0
1833549,0.0,0.0,0.0,0.0,0.0,1.0,0.0
1834049,0.0,0.0,0.0,0.0,0.0,0.0,0.0
1834607,0.0,0.0,0.0,0.0,0.0,1.0,0.0
1834609,0.0,0.0,0.0,0.0,0.0,2.0,0.0
1835109,0.0,0.0,0.0,0.0,0.0,0.0,0.0
1835231,0.0,0.0,0.0,0.0,0.0,1.0,0.0
1835692,0.0,0.0,0.0,0.0,0.0,2.0,0.0
1835700,0.0,0.0,0.0,0.0,1.0,2.0,0.0
1836192,0.0,0.0,0.0,0.0,1.0,0.0,0.0
1836200,0.0,0.0,0.0,0.0,0.0,0.0,0.0
1836680,0.0,0.0,0.0,0.0,0.0,1.0,0.0
1836878,0.0,0.0,0.0,0.0,0.0,2.0,0.0
1837378,0.0,0.0,0.0,0.0,0.0,0.0,0.0
1837448,0.0,0.0,0.0,0.0,0.0,1.0,0.0
1837646,0.0,0.0,0.0,0.0,0.0,2.0,0.0
1837989,0.0,2.0,0.0,0.0,0.0,2.0,0.0
1838146,0.0,2.0,0.0,0.0,0.0,0.0,0.0
1838489,0.0,0.0,0.0,0.0,0.0,0.0,0.0
1839143,0.0,0.0,0.0,0.0,0.0,1.0,0.0
1839643,0.0,0.0,0.0,0.0,0.0,0.0,0.0
1839667,0.0,0.0,0.0,0.0,0.0,1.0,0.0
1839689,0.0,2.0,0.0,0.0,0.0,1.0,0.0
1839691,0.0,2.0,0.0,0.0,0.0,2.0,0.0
1840189,0.0,0.0,0.0,0.0,0.0,2.0,0.0
1840191,0.0,0.0,0.0,0.0,0.0,0.0,0.0
1840220,0.0,0.0,0.0,0.0,0.0,1.0,0.0
1840222,0.0,0.0,0.0,0.0,0.0,2.0,0.0
1840722,0.0,0.0,0.0,0.0,0.0,0.0,0.0
1840834,0.0,0.0,0.0,0.0,0.0,1.0,0.0
1841006,0.0,2.0,0.0,0.0,0.0,1.0,0.0
1841334,0.0,2.0,0.0,0.0,0.0,0.0,0.0
1841506,0.0,0.0,0.0,0.0,0.0,0.0,0.0
1841831,0.0,0.0,0.0,0.0,0.0,1.0,0.0
1842331,0.0,0.0,0.0,0.0,0.0,0.0,0.0
1842726,0.0,0.0,0.0,0.0,0.0,1.0,0.0
1843226,0.0,0.0,0.0,0.0,0.0,0.0,0.0
1844026,0.0,0.0,0.0,0.0,0.0,1.0,0.0
1844031,0.0,0.0,0.0,0.0,0.0,2.0,0.0
1844531,0.0,0.0,0.0,0.0,0.0,0.0,0.0
1844719,0.0,0.0,0.0,0.0,0.0,1.0,0.0
1844724,0.0,0.0,0.0,0.0,0.0,2.0,0.0
1845224,0.0,0.0,0.0,0.0,0.0,1.0,0.0
1845418,0.0,0.0,0.0,0.0,0.0,2.0,0.0
1845918,0.0,0.0,0.0,0.0,0.0,0.0,0.0
1847299,0.0,0.0,0.0,0.0,0.0,1.0,0.0
1847314,0.0,0.0,0.0,0.0,0.0,2.0,0.0
1847814,0.0,0.0,0.0,0.0,0.0,0.0,0.0
1848058,0.0,0.0,0.0,0.0,0.0,1.0,0.0
1848558,0.0,0.0,0.0,0.0,0.0,0.0,0.0
1848755,0.0,0.0,0.0,0.0,0.0,1.0,0.0
1849255,0.0,0.0,0.0,0.0,0.0,0.0,0.0
1849711,0.0,0.0,0.0,0.0,0.0,1.0,0.0
1850211,0.0,0.0,0.0,0.0,0.0,0.0,0.0
1850480,0.0,0.0,0.0,0.0,1.0,0.0,0.0
1850481,0.0,0.0,0.0,0.0,1.0,1.0,0.0
1850743,0.0,0.0,0.0,0.0,1.0,2.0,0.0
1850980,0.0,0.0,0.0,0.0,0.0,2.0,0.0
1851243,0.0,0.0,0.0,0.0,0.0,0.0,0.0
1851645,0.0,0.0,0.0,0.0,1.0,0.0,0.0
1851787,0.0,0.0,0.0,0.0,1.0,1.0,0.0
1851800,0.0,0.0,0.0,0.0,1.0,2.0,0.0
1852145,0.0,0.0,0.0,0.0,0.0,2.0,0.0
1852300,0.0,0.0,0.0,0.0,0.0,0.0,0.0
1852414,0.0,0.0,0.0,0.0,0.0,1.0,0.0
1852914,0.0,0.0,0.0,0.0,0.0,0.0,0.0
1853814,0.0,0.0,0.0,0.0,0.0,1.0,0.0
1853994,0.0,0.0,0.0,0.0,1.0,1.0,0.0
1854314,0.0,0.0,0.0,0.0,1.0,0.0,0.0
1854494,0.0,0.0,0.0,0.0,0.0,0.0,0.0
1854510,0.0,0.0,0.0,0.0,0.0,1.0,0.0
1854511,0.0,0.0,0.0,0.0,1.0,1.0,0.0
1855010,0.0,0.0,0.0,0.0,1.0,0.0,0.0
1855011,0.0,0.0,0.0,0.0,0.0,0.0,0.0
1855174,0.0,0.0,0.0,0.0,0.0,1.0,0.0
1855177,0.0,0.0,0.0,0.0,0.0,2.0,0.0
1855677,0.0,0.0,0.0,0.0,0.0,0.0,0.0
1855687,0.0,0.0,0.0,0.0,0.0,1.0,0.0
1856187,0.0,0.0,0.0,0.0,0.0,0.0,0.0
1858165,0.0,0.0,0.0,0.0,0.0,1.0,0.0
1858665,0.0,0.0,0.0,0.0,0.0,0.0,0.0
1858746,0.0,0.0,0.0,0.0,0.0,1.0,0.0
1858753,0.0,0.0,0.0,0.0,0.0,2.0,0.0
1859253,0.0,0.0,0.0,0.0,0.0,0.0,0.0
1859264,0.0,0.0,0.0,0.0,0.0,1.0,0.0
1859764,0.0,0.0,0.0,0.0,0.0,0.0,0.0
1860479,0.0,0.0,0.0,0.0,0.0,1.0,0.0
1860508,0.0,0.0,0.0,0.0,0.0,2.0,0.0
1861008,0.0,0.0,0.0,0.0,0.0,0.0,0.0
1861451,0.0,0.0,0.0,0.0,0.0,1.0,0.0
1861480,0.0,0.0,0.0,0.0,1.0,1.0,0.0
1861951,0.0,0.0,0.0,0.0,1.0,0.0,0.0
1861980,0.0,0.0,0.0,0.0,0.0,0.0,0.0
1862030,0.0,0.0,0.0,0.0,0.0,1.0,0.0
1862042,0.0,0.0,0.0,0.0,0.0,2.0,0.0
1862053,0.0,0.0,0.0,0.0,1.0,2.0,0.0
1862542,0.0,0.0,0.0,0.0,1.0,0.0,0.0
1862553,0.0,0.0,0.0,0.0,0.0,0.0,0.0
1862706,0.0,0.0,0.0,0.0,0.0,1.0,0.0
1863206,0.0,0.0,0.0,0.0,0.0,0.0,0.0
1863454,0.0,0.0,0.0,0.0,1.0,1.0,0.0
1863456,0.0,0.0,0.0,0.0,2.0,2.0,0.0
1863956,0.0,0.0,0.0,0.0,0.0,0.0,0.0
1864500,0.0,0.0,0.0,0.0,0.0,1.0,0.0
1865000,0.0,0.0,0.0,0.0,0.0,0.0,0.0
1865192,0.0,0.0,0.0,0.0,0.0,1.0,0.0
1865592,0.0,0.0,0.0,0.0,1.0,1.0,0.0
1865692,0.0,0.0,0.0,0.0,1.0,0.0,0.0
1866050,0.0,0.0,0.0,0.0,1.0,1.0,0.0
1866057,0.0,0.0,0.0,0.0,1.0,2.0,0.0
1866092,0.0,0.0,0.0,0.0,0.0,2.0,0.0
1866557,0.0,0.0,0.0,0.0,0.0,0.0,0.0
1866738,0.0,0.0,0.0,0.0,0.0,1.0,0.0
1866758,0.0,0.0,0.0,0.0,1.0,1.0,0.0
1867238,0.0,0.0,0.0,0.0,1.0,0.0,0.0
1867258,0.0,0.0,0.0,0.0,0.0,0.0,0.0
1867662,0.0,0.0,0.0,0.0,0.0,1.0,0.0
1868114,0.0,0.0,0.0,0.0,1.0,1.0,0.0
1868117,0.0,0.0,0.0,0.0,1.0,2.0,0.0
1868189,0.0,0.0,0.0,0.0,2.0,2.0,0.0
1868617,0.0,0.0,0.0,0.0,2.0,0.0,0.0
1868659,0.0,0.0,0.0,0.0,2.0,1.0,0.0
1868675,0.0,0.0,0.0,0.0,2.0,2.0,0.0
1868689,0.0,0.0,0.0,0.0,0.0,2.0,0.0
1869175,0.0,0.0,0.0,0.0,0.0,0.0,0.0
1869340,0.0,0.0,0.0,0.0,0.0,1.0,0.0
1869558,0.0,0.0,0.0,0.0,0.0,2.0,0.0
1870058,0.0,0.0,0.0,0.0,0.0,0.0,0.0
1871035,0.0,0.0,0.0,0.0,0.0,1.0,0.0
1871244,0.0,0.0,0.0,0.0,0.0,2.0,0.0
1871744,0.0,0.0,0.0,0.0,0.0,0.0,0.0
1871772,0.0,0.0,0.0,0.0,1.0,0.0,0.0
1871778,0.0,0.0,0.0,0.0,1.0,1.0,0.0
1871785,0.0,0.0,0.0,0.0,1.0,2.0,0.0
1871786,0.0,0.0,0.0,0.0,2.0,2.0,0.0
1872285,0.0,0.0,0.0,0.0,2.0,0.0,0.0
1872286,0.0,0.0,0.0,0.0,0.0,0.0,0.0
1872401,0.0,0.0,0.0,0.0,0.0,1.0,0.0
1872901,0.0,0.0,0.0,0.0,0.0,0.0,0.0
1873435,0.0,0.0,0.0,0.0,0.0,1.0,0.0
1873443,0.0,0.0,0.0,0.0,0.0,2.0,0.0
1873943,0.0,0.0,0.0,0.0,0.0,0.0,0.0
1874868,0.0,2.0,0.0,0.0,0.0,0.0,0.0
1875026,0.0,2.0,0.0,0.0,0.0,1.0,0.0
1875229,0.0,2.0,0.0,0.0,0.0,2.0,0.0
1875368,0.0,0.0,0.0,0.0,0.0,2.0,0.0
1875729,0.0,0.0,0.0,0.0,0.0,0.0,0.0
1876217,0.0,0.0,0.0,0.0,0.0,1.0,0.0
1876717,0.0,0.0,0.0,0.0,0.0,0.0,0.0
1876790,0.0,0.0,0.0,0.0,0.0,1.0,0.0
1876795,0.0,0.0,0.0,0.0,0.0,2.0,0.0
1877295,0.0,0.0,0.0,0.0,0.0,0.0,0.0
1877725,0.0,0.0,0.0,0.0,0.0,1.0,0.0
1878225,0.0,0.0,0.0,0.0,0.0,0.0,0.0
1878885,0.0,0.0,0.0,0.0,0.0,1.0,0.0
1878954,0.0,0.0,0.0,0.0,0.0,2.0,0.0
1879454,0.0,0.0,0.0,0.0,0.0,0.0,0.0
1879697,0.0,0.0,0.0,0.0,0.0,1.0,0.0
1880197,0.0,0.0,0.0,0.0,0.0,0.0,0.0
1880590,0.0,0.0,0.0,0.0,0.0,1.0,0.0
1881090,0.0,0.0,0.0,0.0,0.0,0.0,0.0
1881122,0.0,0.0,0.0,0.0,0.0,1.0,0.0
1881131,0.0,0.0,0.0,0.0,1.0,1.0,0.0
1881132,0.0,0.0,0.0,0.0,1.0,2.0,0.0
1881186,0.0,0.0,0.0,0.0,2.0,2.0,0.0
1881632,0.0,0.0,0.0,0.0,2.0,0.0,0.0
1881686,0.0,0.0,0.0,0.0,0.0,0.0,0.0
1882057,0.0,2.0,0.0,0.0,0.0,0.0,0.0
1882557,0.0,0.0,0.0,0.0,0.0,0.0,0.0
1884027,0.0,0.0,0.0,0.0,0.0,1.0,0.0
1884527,0.0,0.0,0.0,0.0,0.0,0.0,0.0
1884537,0.0,0.0,0.0,0.0,0.0,1.0,0.0
1885037,0.0,0.0,0.0,0.0,0.0,0.0,0.0
1885331,0.0,0.0,0.0,0.0,0.0,1.0,0.0
1885612,0.0,0.0,1.0,0.0,0.0,1.0,0.0
1885831,0.0,0.0,1.0,0.0,0.0,0.0,0.0
1885984,0.0,0.0,1.0,0.0,0.0,1.0,0.0
1886403,0.0,0.0,1.0,0.0,0.0,2.0,0.0
1886903,0.0,0.0,1.0,0.0,0.0,0.0,0.0
1887297,0.0,0.0,1.0,0.0,0.0,1.0,0.0
1887300,0.0,0.0,1.0,0.0,0.0,2.0,0.0
1887800,0.0,0.0,1.0,0.0,0.0,0.0,0.0
1887932,0.0,0.0,1.0,0.0,0.0,1.0,0.0
1888432,0.0,0.0,1.0,0.0,0.0,0.0,0.0
1888667,0.0,0.0,1.0,0.0,0.0,1.0,0.0
1888703,0.0,0.0,1.0,0.0,0.0,2.0,0.0
1889203,0.0,0.0,1.0,0.0,0.0,0.0,0.0
1890347,0.0,0.0,1.0,0.0,0.0,1.0,0.0
1890847,0.0,0.0,1.0,0.0,0.0,0.0,0.0
1890966,0.0,0.0,1.0,0.0,0.0,1.0,0.0
1890973,0.0,0.0,1.0,0.0,0.0,2.0,0.0
1891473,0.0,0.0,1.0,0.0,0.0,0.0,0.0
1892459,0.0,0.0,1.0,0.0,0.0,1.0,0.0
1892959,0.0,0.0,1.0,0.0,0.0,0.0,0.0
1893117,0.0,0.0,1.0,0.0,0.0,1.0,0.0
1893310,0.0,0.0,1.0,0.0,0.0,2.0,0.0
1893810,0.0,0.0,1.0,0.0,0.0,0.0,0.0
1893820,0.0,0.0,1.0,0.0,0.0,1.0,0.0
1893827,0.0,0.0,1.0,0.0,0.0,2.0,0.0
1894327,0.0,0.0,1.0,0.0,0.0,0.0,0.0
1895612,0.0,0.0,0.0,0.0,0.0,0.0,0.0
1896018,0.0,0.0,1.0,0.0,0.0,0.0,0.0
1896028,0.0,0.0,1.0,0.0,0.0,1.0,0.0
1896518,0.0,0.0,0.0,0.0,0.0,1.0,0.0
1896528,0.0,0.0,0.0,0.0,0.0,0.0,0.0
1896564,0.0,0.0,1.0,0.0,0.0,0.0,0.0
1896580,0.0,0.0,1.0,0.0,0.0,1.0,0.0
1897026,0.0,0.0,1.0,0.0,0.0,2.0,0.0
1897526,0.0,0.0,1.0,0.0,0.0,0.0,0.0
1897983,0.0,0.0,1.0,0.0,0.0,1.0,0.0
1898483,0.0,0.0,1.0,0.0,0.0,0.0,0.0
1898513,0.0,0.0,1.0,0.0,0.0,1.0,0.0
1898515,0.0,0.0,1.0,0.0,0.0,2.0,0.0
1898564,0.0,0.0,0.0,0.0,0.0,2.0,0.0
1898567,0.0,0.0,1.0,0.0,0.0,2.0,0.0
1899015,0.0,0.0,1.0,0.0,0.0,0.0,0.0
1900318,0.0,0.0,1.0,0.0,0.0,1.0,0.0
1900818,0.0,0.0,1.0,0.0,0.0,0.0,0.0
1901067,0.0,0.0,0.0,0.0,0.0,0.0,0.0
1901533,0.0,0.0,0.0,0.0,0.0,1.0,0.0
1901603,0.0,0.0,0.0,0.0,0.0,2.0,0.0
1901838,0.0,0.0,1.0,0.0,0.0,2.0,0.0
1902103,0.0,0.0,1.0,0.0,0.0,0.0,0.0
1902165,0.0,0.0,1.0,0.0,0.0,1.0,0.0
1902665,0.0,0.0,1.0,0.0,0.0,0.0,0.0
1902838,0.0,0.0,0.0,0.0,0.0,0.0,0.0
1903464,0.0,0.0,0.0,0.0,0.0,1.0,0.0
1903964,0.0,0.0,0.0,0.0,0.0,0.0,0.0
1904058,0.0,0.0,1.0,0.0,0.0,0.0,0.0
1904558,0.0,0.0,0.0,0.0,0.0,0.0,0.0
1904575,0.0,0.0,0.0,0.0,0.0,1.0,0.0
1904577,0.0,0.0,0.0,0.0,0.0,2.0,0.0
1905077,0.0,0.0,0.0,0.0,0.0,0.0,0.0
1905435,0.0,0.0,0.0,0.0,0.0,1.0,0.0
1905897,0.0,0.0,0.0,0.0,0.0,2.0,0.0
1906397,0.0,0.0,0.0,0.0,0.0,0.0,0.0
1906843,0.0,0.0,0.0,0.0,0.0,1.0,0.0
1907343,0.0,0.0,0.0,0.0,0.0,0.0,0.0
1907362,0.0,0.0,0.0,0.0,0.0,1.0,0.0
1907862,0.0,0.0,0.0,0.0,0.0,0.0,0.0
1908283,0.0,0.0,0.0,0.0,0.0,1.0,0.0
1908783,0.0,0.0,0.0,0.0,0.0,0.0,0.0
1908880,0.0,0.0,0.0,0.0,0.0,1.0,0.0
1908893,0.0,0.0,0.0,0.0,0.0,2.0,0.0
1909393,0.0,0.0,0.0,0.0,0.0,0.0,0.0
1909635,0.0,0.0,0.0,0.0,0.0,1.0,0.0
1910135,0.0,0.0,0.0,0.0,0.0,0.0,0.0
1911942,0.0,0.0,0.0,0.0,0.0,1.0,0.0
1912442,0.0,0.0,0.0,0.0,0.0,0.0,0.0
1912498,0.0,0.0,0.0,0.0,0.0,1.0,0.0
1912515,0.0,0.0,0.0,0.0,0.0,2.0,0.0
1913015,0.0,0.0,0.0,0.0,0.0,0.0,0.0
1913016,0.0,0.0,0.0,0.0,0.0,1.0,0.0
1913516,0.0,0.0,0.0,0.0,0.0,0.0,0.0
1913801,0.0,0.0,0.0,0.0,0.0,1.0,0.0
1914301,0.0,0.0,0.0,0.0,0.0,0.0,0.0
1914426,0.0,0.0,0.0,0.0,0.0,1.0,0.0
1914926,0.0,0.0,0.0,0.0,0.0,0.0,0.0
1915906,0.0,0.0,0.0,0.0,0.0,1.0,0.0
1916133,0.0,0.0,0.0,0.0,1.0,2.0,0.0
1916633,0.0,0.0,0.0,0.0,0.0,0.0,0.0
1916672,0.0,0.0,0.0,0.0,0.0,1.0,0.0
1916697,0.0,0.0,0.0,0.0,0.0,2.0,0.0
1917197,0.0,0.0,0.0,0.0,0.0,0.0,0.0
1917496,0.0,0.0,0.0,0.0,0.0,1.0,0.0
1917506,0.0,0.0,0.0,0.0,0.0,2.0,0.0
1918006,0.0,0.0,0.0,0.0,0.0,0.0,0.0
1973288,0.0,0.0,0.0,0.0,1.0,0.0,0.0
1973788,0.0,0.0,0.0,0.0,0.0,0.0,0.0
2019000,0.0,0.0,0.0,0.0,0.0,0.0,1.0
2019218,0.0,0.0,0.0,0.0,0.0,1.0,1.0
2019414,0.0,0.0,0.0,0.0,0.0,2.0,1.0
2019423,2.0,0.0,0.0,0.0,0.0,2.0,1.0
2019500,2.0,0.0,0.0,0.0,0.0,2.0,0.0
2019596,2.0,0.0,0.0,0.0,1.0,2.0,0.0
2019629,2.0,0.0,0.0,0.0,2.0,2.0,0.0
2019860,2.0,2.0,0.0,0.0,2.0,2.0,0.0
2019914,2.0,2.0,0.0,0.0,2.0,0.0,0.0
2019923,0.0,2.0,0.0,0.0,2.0,0.0,0.0
2019967,2.0,2.0,0.0,0.0,2.0,0.0,0.0
2019975,2.0,2.0,0.0,0.0,2.0,1.0,0.0
2020109,2.0,2.0,0.0,0.0,2.0,2.0,0.0
2020129,2.0,2.0,0.0,0.0,1.0,2.0,0.0
2020360,2.0,0.0,0.0,0.0,1.0,2.0,0.0
2020467,0.0,0.0,0.0,0.0,1.0,2.0,0.0
