,ADWIN,CUSUM,DDM,GeometricMovingAverage,HDDMAverage,HDDMWeighted,Ground-truth
96,0.0,0.0,1.0,0.0,0.0,0.0,0.0
596,0.0,0.0,0.0,0.0,0.0,0.0,0.0
785,0.0,0.0,0.0,0.0,0.0,1.0,0.0
875,0.0,0.0,1.0,0.0,0.0,1.0,0.0
1285,0.0,0.0,1.0,0.0,0.0,0.0,0.0
1375,0.0,0.0,0.0,0.0,0.0,0.0,0.0
1593,0.0,0.0,0.0,0.0,0.0,1.0,0.0
2093,0.0,0.0,0.0,0.0,0.0,0.0,0.0
2100,0.0,0.0,1.0,0.0,0.0,0.0,0.0
2444,0.0,0.0,1.0,0.0,0.0,1.0,0.0
2455,0.0,0.0,1.0,0.0,0.0,2.0,0.0
2600,0.0,0.0,0.0,0.0,0.0,2.0,0.0
2703,0.0,0.0,0.0,0.0,1.0,2.0,0.0
2955,0.0,0.0,0.0,0.0,1.0,0.0,0.0
3203,0.0,0.0,0.0,0.0,0.0,0.0,0.0
3297,0.0,0.0,0.0,0.0,0.0,1.0,0.0
3797,0.0,0.0,0.0,0.0,0.0,0.0,0.0
5173,0.0,0.0,0.0,0.0,0.0,1.0,0.0
5560,0.0,0.0,0.0,0.0,0.0,2.0,0.0
6060,0.0,0.0,0.0,0.0,0.0,0.0,0.0
6333,0.0,0.0,0.0,0.0,0.0,1.0,0.0
6833,0.0,0.0,0.0,0.0,0.0,0.0,0.0
7055,0.0,0.0,0.0,0.0,0.0,1.0,0.0
7099,0.0,0.0,0.0,0.0,0.0,2.0,0.0
7599,0.0,0.0,0.0,0.0,0.0,0.0,0.0
8431,0.0,0.0,0.0,0.0,0.0,1.0,0.0
8931,0.0,0.0,0.0,0.0,0.0,0.0,0.0
10098,0.0,0.0,0.0,0.0,0.0,1.0,0.0
10598,0.0,0.0,0.0,0.0,0.0,0.0,0.0
10683,0.0,0.0,0.0,0.0,0.0,1.0,0.0
10689,0.0,0.0,0.0,0.0,0.0,2.0,0.0
11189,0.0,0.0,0.0,0.0,0.0,0.0,0.0
11338,0.0,0.0,0.0,0.0,0.0,1.0,0.0
11340,0.0,0.0,0.0,0.0,1.0,1.0,0.0
11341,0.0,0.0,0.0,0.0,1.0,2.0,0.0
11840,0.0,0.0,0.0,0.0,0.0,2.0,0.0
11841,0.0,0.0,0.0,0.0,0.0,0.0,0.0
12280,0.0,0.0,0.0,0.0,0.0,1.0,0.0
12286,0.0,0.0,0.0,0.0,0.0,2.0,0.0
12786,0.0,0.0,0.0,0.0,0.0,0.0,0.0
13509,0.0,0.0,0.0,0.0,0.0,1.0,0.0
13520,0.0,0.0,0.0,0.0,0.0,2.0,0.0
13928,0.0,0.0,0.0,0.0,1.0,2.0,0.0
14020,0.0,0.0,0.0,0.0,1.0,0.0,0.0
14250,0.0,0.0,0.0,0.0,1.0,1.0,0.0
14428,0.0,0.0,0.0,0.0,0.0,1.0,0.0
14750,0.0,0.0,0.0,0.0,0.0,0.0,0.0
15070,0.0,0.0,0.0,0.0,0.0,1.0,0.0
15082,0.0,0.0,0.0,0.0,0.0,2.0,0.0
15153,0.0,2.0,0.0,0.0,0.0,2.0,0.0
15582,0.0,2.0,0.0,0.0,0.0,0.0,0.0
15653,0.0,0.0,0.0,0.0,0.0,0.0,0.0
15871,0.0,0.0,0.0,0.0,0.0,1.0,0.0
16061,0.0,0.0,0.0,0.0,0.0,2.0,0.0
16561,0.0,0.0,0.0,0.0,0.0,0.0,0.0
17243,0.0,0.0,0.0,0.0,0.0,1.0,0.0
17248,0.0,0.0,0.0,0.0,0.0,2.0,0.0
17748,0.0,0.0,0.0,0.0,0.0,0.0,0.0
18078,0.0,0.0,0.0,0.0,0.0,1.0,0.0
18128,0.0,0.0,0.0,0.0,0.0,2.0,0.0
18628,0.0,0.0,0.0,0.0,0.0,0.0,0.0
18793,0.0,0.0,0.0,0.0,0.0,1.0,0.0
19293,0.0,0.0,0.0,0.0,0.0,0.0,0.0
19357,0.0,0.0,0.0,0.0,0.0,1.0,0.0
19857,0.0,0.0,0.0,0.0,0.0,0.0,0.0
20855,0.0,0.0,0.0,0.0,0.0,1.0,0.0
21355,0.0,0.0,0.0,0.0,0.0,0.0,0.0
22020,0.0,0.0,0.0,0.0,0.0,1.0,0.0
22520,0.0,0.0,0.0,0.0,0.0,0.0,0.0
22807,0.0,0.0,0.0,0.0,0.0,1.0,0.0
22809,0.0,0.0,0.0,0.0,0.0,2.0,0.0
23309,0.0,0.0,0.0,0.0,0.0,0.0,0.0
23411,0.0,0.0,0.0,0.0,0.0,1.0,0.0
23542,0.0,0.0,0.0,0.0,0.0,2.0,0.0
24042,0.0,0.0,0.0,0.0,0.0,0.0,0.0
24521,0.0,0.0,0.0,0.0,0.0,1.0,0.0
25021,0.0,0.0,0.0,0.0,0.0,0.0,0.0
25185,0.0,0.0,0.0,0.0,0.0,1.0,0.0
25685,0.0,0.0,0.0,0.0,0.0,0.0,0.0
25937,0.0,0.0,0.0,0.0,0.0,1.0,0.0
25979,0.0,0.0,0.0,0.0,0.0,2.0,0.0
26479,0.0,0.0,0.0,0.0,0.0,0.0,0.0
26983,0.0,0.0,0.0,0.0,0.0,1.0,0.0
27021,0.0,0.0,0.0,0.0,0.0,2.0,0.0
27521,0.0,0.0,0.0,0.0,0.0,0.0,0.0
28527,0.0,0.0,0.0,0.0,0.0,1.0,0.0
29027,0.0,0.0,0.0,0.0,0.0,0.0,0.0
29960,0.0,0.0,0.0,0.0,0.0,1.0,0.0
30460,0.0,0.0,0.0,0.0,0.0,0.0,0.0
31707,0.0,0.0,0.0,0.0,0.0,1.0,0.0
32207,0.0,0.0,0.0,0.0,0.0,0.0,0.0
32364,0.0,0.0,0.0,0.0,0.0,1.0,0.0
32397,0.0,0.0,0.0,0.0,0.0,2.0,0.0
32897,0.0,0.0,0.0,0.0,0.0,0.0,0.0
32949,0.0,0.0,0.0,0.0,0.0,1.0,0.0
33018,0.0,0.0,0.0,0.0,0.0,2.0,0.0
33518,0.0,0.0,0.0,0.0,0.0,0.0,0.0
34226,0.0,2.0,0.0,0.0,0.0,0.0,0.0
34684,0.0,2.0,0.0,0.0,0.0,1.0,0.0
34726,0.0,0.0,0.0,0.0,0.0,1.0,0.0
35184,0.0,0.0,0.0,0.0,0.0,0.0,0.0
35295,0.0,0.0,0.0,0.0,0.0,1.0,0.0
35314,0.0,0.0,0.0,0.0,0.0,2.0,0.0
35814,0.0,0.0,0.0,0.0,0.0,0.0,0.0
35863,0.0,0.0,0.0,0.0,0.0,1.0,0.0
36104,0.0,0.0,0.0,0.0,0.0,2.0,0.0
36604,0.0,0.0,0.0,0.0,0.0,0.0,0.0
36796,0.0,0.0,0.0,0.0,0.0,1.0,0.0
37296,0.0,0.0,0.0,0.0,0.0,0.0,0.0
37668,0.0,0.0,0.0,0.0,0.0,1.0,0.0
38106,0.0,0.0,0.0,0.0,0.0,2.0,0.0
38606,0.0,0.0,0.0,0.0,0.0,0.0,0.0
39184,0.0,0.0,0.0,0.0,0.0,1.0,0.0
39684,0.0,0.0,0.0,0.0,0.0,0.0,0.0
39761,0.0,0.0,0.0,0.0,0.0,1.0,0.0
40261,0.0,0.0,0.0,0.0,0.0,0.0,0.0
40538,0.0,0.0,0.0,0.0,0.0,1.0,0.0
40541,0.0,0.0,0.0,0.0,0.0,2.0,0.0
41041,0.0,0.0,0.0,0.0,0.0,0.0,0.0
42221,0.0,0.0,0.0,0.0,0.0,1.0,0.0
42721,0.0,0.0,0.0,0.0,0.0,0.0,0.0
42735,0.0,0.0,0.0,0.0,0.0,1.0,0.0
43235,0.0,0.0,0.0,0.0,0.0,0.0,0.0
43646,0.0,0.0,0.0,0.0,0.0,1.0,0.0
43653,0.0,0.0,0.0,0.0,0.0,2.0,0.0
44153,0.0,0.0,0.0,0.0,0.0,0.0,0.0
44356,0.0,0.0,0.0,0.0,0.0,1.0,0.0
44360,0.0,0.0,0.0,0.0,0.0,2.0,0.0
44860,0.0,0.0,0.0,0.0,0.0,0.0,0.0
45247,0.0,0.0,0.0,0.0,0.0,1.0,0.0
45747,0.0,0.0,0.0,0.0,0.0,0.0,0.0
45771,0.0,0.0,0.0,0.0,0.0,1.0,0.0
46271,0.0,0.0,0.0,0.0,0.0,0.0,0.0
47497,0.0,0.0,0.0,0.0,0.0,1.0,0.0
47997,0.0,0.0,0.0,0.0,0.0,0.0,0.0
48106,0.0,0.0,0.0,0.0,0.0,1.0,0.0
48606,0.0,0.0,0.0,0.0,0.0,0.0,0.0
48805,0.0,0.0,0.0,0.0,0.0,1.0,0.0
49075,0.0,0.0,0.0,0.0,0.0,2.0,0.0
49575,0.0,0.0,0.0,0.0,0.0,0.0,0.0
50010,0.0,0.0,0.0,0.0,0.0,1.0,0.0
50510,0.0,0.0,0.0,0.0,0.0,0.0,0.0
52262,0.0,0.0,0.0,0.0,0.0,1.0,0.0
52373,0.0,0.0,0.0,0.0,0.0,2.0,0.0
52873,0.0,0.0,0.0,0.0,0.0,0.0,0.0
55675,0.0,0.0,0.0,0.0,0.0,1.0,0.0
56175,0.0,0.0,0.0,0.0,0.0,0.0,0.0
56657,0.0,0.0,0.0,0.0,0.0,1.0,0.0
57157,0.0,0.0,0.0,0.0,0.0,0.0,0.0
57235,0.0,0.0,0.0,0.0,0.0,1.0,0.0
57735,0.0,0.0,0.0,0.0,0.0,0.0,0.0
58522,0.0,0.0,0.0,0.0,0.0,1.0,0.0
59022,0.0,0.0,0.0,0.0,0.0,0.0,0.0
59128,0.0,0.0,0.0,0.0,0.0,1.0,0.0
59441,0.0,0.0,0.0,0.0,0.0,2.0,0.0
59941,0.0,0.0,0.0,0.0,0.0,0.0,0.0
60253,0.0,0.0,0.0,0.0,0.0,1.0,0.0
60591,0.0,0.0,0.0,0.0,0.0,2.0,0.0
61091,0.0,0.0,0.0,0.0,0.0,0.0,0.0
61349,0.0,0.0,0.0,0.0,0.0,1.0,0.0
61849,0.0,0.0,0.0,0.0,0.0,0.0,0.0
62550,0.0,0.0,0.0,0.0,0.0,1.0,0.0
62828,0.0,0.0,0.0,0.0,0.0,2.0,0.0
63328,0.0,0.0,0.0,0.0,0.0,0.0,0.0
63361,0.0,0.0,0.0,0.0,0.0,1.0,0.0
63370,0.0,0.0,0.0,0.0,0.0,2.0,0.0
63870,0.0,0.0,0.0,0.0,0.0,0.0,0.0
64843,0.0,0.0,0.0,0.0,0.0,1.0,0.0
64846,0.0,0.0,0.0,0.0,0.0,2.0,0.0
65346,0.0,0.0,0.0,0.0,0.0,0.0,0.0
65843,0.0,0.0,0.0,0.0,0.0,1.0,0.0
66343,0.0,0.0,0.0,0.0,0.0,0.0,0.0
66715,0.0,0.0,0.0,0.0,0.0,1.0,0.0
67215,0.0,0.0,0.0,0.0,0.0,0.0,0.0
67358,0.0,0.0,0.0,0.0,0.0,1.0,0.0
67485,0.0,0.0,0.0,0.0,0.0,2.0,0.0
67985,0.0,0.0,0.0,0.0,0.0,0.0,0.0
68485,0.0,0.0,0.0,0.0,0.0,1.0,0.0
68499,0.0,0.0,0.0,0.0,0.0,2.0,0.0
68999,0.0,0.0,0.0,0.0,0.0,0.0,0.0
69494,0.0,0.0,0.0,0.0,0.0,1.0,0.0
69496,0.0,0.0,0.0,0.0,0.0,2.0,0.0
69996,0.0,0.0,0.0,0.0,0.0,0.0,0.0
70589,0.0,0.0,0.0,0.0,0.0,1.0,0.0
71089,0.0,0.0,0.0,0.0,0.0,0.0,0.0
71217,0.0,0.0,0.0,0.0,0.0,1.0,0.0
71717,0.0,0.0,0.0,0.0,0.0,0.0,0.0
72208,0.0,0.0,0.0,0.0,0.0,1.0,0.0
72383,0.0,0.0,0.0,0.0,0.0,2.0,0.0
72883,0.0,0.0,0.0,0.0,0.0,0.0,0.0
73030,0.0,0.0,0.0,0.0,0.0,1.0,0.0
73033,0.0,0.0,0.0,0.0,0.0,2.0,0.0
73533,0.0,0.0,0.0,0.0,0.0,0.0,0.0
74095,0.0,0.0,0.0,0.0,0.0,1.0,0.0
74595,0.0,0.0,0.0,0.0,0.0,0.0,0.0
74876,0.0,0.0,0.0,0.0,0.0,1.0,0.0
75376,0.0,0.0,0.0,0.0,0.0,0.0,0.0
76701,0.0,0.0,0.0,0.0,0.0,1.0,0.0
77201,0.0,0.0,0.0,0.0,0.0,0.0,0.0
78186,0.0,0.0,0.0,0.0,0.0,1.0,0.0
78686,0.0,0.0,0.0,0.0,0.0,0.0,0.0
78743,0.0,0.0,0.0,0.0,0.0,1.0,0.0
79243,0.0,0.0,0.0,0.0,0.0,0.0,0.0
79738,0.0,0.0,0.0,0.0,0.0,1.0,0.0
80238,0.0,0.0,0.0,0.0,0.0,0.0,0.0
80393,0.0,0.0,0.0,0.0,0.0,1.0,0.0
80395,0.0,0.0,0.0,0.0,0.0,2.0,0.0
80895,0.0,0.0,0.0,0.0,0.0,0.0,0.0
81605,0.0,0.0,0.0,0.0,0.0,1.0,0.0
82087,0.0,0.0,0.0,0.0,0.0,2.0,0.0
82587,0.0,0.0,0.0,0.0,0.0,0.0,0.0
82812,0.0,0.0,0.0,0.0,0.0,1.0,0.0
83312,0.0,0.0,0.0,0.0,0.0,0.0,0.0
83478,0.0,0.0,0.0,0.0,0.0,1.0,0.0
83480,0.0,0.0,0.0,0.0,0.0,2.0,0.0
83980,0.0,0.0,0.0,0.0,0.0,0.0,0.0
85455,0.0,0.0,0.0,0.0,0.0,1.0,0.0
85811,0.0,0.0,0.0,0.0,0.0,2.0,0.0
86311,0.0,0.0,0.0,0.0,0.0,0.0,0.0
86500,0.0,0.0,0.0,0.0,0.0,1.0,0.0
87000,0.0,0.0,0.0,0.0,0.0,0.0,0.0
87552,0.0,0.0,0.0,0.0,0.0,1.0,0.0
88052,0.0,0.0,0.0,0.0,0.0,0.0,0.0
88569,0.0,0.0,0.0,0.0,0.0,1.0,0.0
89069,0.0,0.0,0.0,0.0,0.0,0.0,0.0
89749,0.0,0.0,0.0,0.0,0.0,1.0,0.0
89751,0.0,0.0,0.0,0.0,0.0,2.0,0.0
90038,0.0,0.0,0.0,0.0,1.0,2.0,0.0
90251,0.0,0.0,0.0,0.0,1.0,0.0,0.0
90252,0.0,0.0,0.0,0.0,1.0,1.0,0.0
90538,0.0,0.0,0.0,0.0,0.0,1.0,0.0
90752,0.0,0.0,0.0,0.0,0.0,0.0,0.0
91210,0.0,0.0,0.0,0.0,0.0,1.0,0.0
91215,0.0,0.0,0.0,0.0,0.0,2.0,0.0
91715,0.0,0.0,0.0,0.0,0.0,0.0,0.0
91879,0.0,0.0,0.0,0.0,0.0,1.0,0.0
91882,0.0,0.0,0.0,0.0,0.0,2.0,0.0
92382,0.0,0.0,0.0,0.0,0.0,0.0,0.0
92893,0.0,0.0,0.0,0.0,0.0,1.0,0.0
93393,0.0,0.0,0.0,0.0,0.0,0.0,0.0
93648,0.0,0.0,0.0,0.0,0.0,1.0,0.0
94148,0.0,0.0,0.0,0.0,0.0,0.0,0.0
94303,0.0,0.0,0.0,0.0,0.0,1.0,0.0
94644,0.0,0.0,0.0,0.0,0.0,2.0,0.0
95144,0.0,0.0,0.0,0.0,0.0,0.0,0.0
96055,0.0,0.0,0.0,0.0,0.0,1.0,0.0
96555,0.0,0.0,0.0,0.0,0.0,0.0,0.0
97047,0.0,2.0,0.0,0.0,0.0,0.0,0.0
97547,0.0,0.0,0.0,0.0,0.0,0.0,0.0
98437,0.0,0.0,0.0,0.0,0.0,1.0,0.0
98937,0.0,0.0,0.0,0.0,0.0,0.0,0.0
99308,0.0,0.0,0.0,0.0,0.0,1.0,0.0
99808,0.0,0.0,0.0,0.0,0.0,0.0,0.0
134083,0.0,0.0,0.0,0.0,1.0,0.0,0.0
134084,0.0,0.0,0.0,0.0,2.0,0.0,0.0
134584,0.0,0.0,0.0,0.0,0.0,0.0,0.0
142254,0.0,0.0,0.0,0.0,1.0,0.0,0.0
142754,0.0,0.0,0.0,0.0,0.0,0.0,0.0
166910,0.0,0.0,0.0,0.0,0.0,1.0,0.0
167410,0.0,0.0,0.0,0.0,0.0,0.0,0.0
191576,0.0,0.0,0.0,0.0,0.0,1.0,0.0
192076,0.0,0.0,0.0,0.0,0.0,0.0,0.0
198754,0.0,0.0,0.0,0.0,0.0,1.0,0.0
199254,0.0,0.0,0.0,0.0,0.0,0.0,0.0
200000,0.0,0.0,0.0,0.0,0.0,0.0,1.0
200030,0.0,0.0,0.0,0.0,0.0,1.0,1.0
200056,0.0,0.0,0.0,0.0,0.0,2.0,1.0
200095,2.0,0.0,0.0,0.0,0.0,2.0,1.0
200173,2.0,2.0,0.0,0.0,0.0,2.0,1.0
200500,2.0,2.0,0.0,0.0,1.0,2.0,0.0
200556,2.0,2.0,0.0,0.0,1.0,0.0,0.0
200589,2.0,2.0,0.0,0.0,2.0,0.0,0.0
200595,0.0,2.0,0.0,0.0,2.0,0.0,0.0
200673,0.0,0.0,0.0,0.0,2.0,0.0,0.0
201089,0.0,0.0,0.0,0.0,0.0,0.0,0.0
201376,0.0,0.0,1.0,0.0,0.0,0.0,0.0
202022,0.0,0.0,1.0,0.0,0.0,1.0,0.0
202522,0.0,0.0,1.0,0.0,0.0,0.0,0.0
202795,0.0,0.0,1.0,0.0,0.0,1.0,0.0
202839,0.0,0.0,2.0,0.0,0.0,1.0,0.0
203295,0.0,0.0,2.0,0.0,0.0,0.0,0.0
203339,0.0,0.0,0.0,0.0,0.0,0.0,0.0
203344,0.0,0.0,0.0,0.0,0.0,1.0,0.0
203844,0.0,0.0,0.0,0.0,0.0,0.0,0.0
204177,0.0,0.0,0.0,0.0,0.0,1.0,0.0
204677,0.0,0.0,0.0,0.0,0.0,0.0,0.0
204702,0.0,0.0,0.0,0.0,0.0,1.0,0.0
204713,0.0,0.0,0.0,0.0,0.0,2.0,0.0
204968,0.0,0.0,1.0,0.0,0.0,2.0,0.0
205213,0.0,0.0,1.0,0.0,0.0,0.0,0.0
205968,0.0,0.0,0.0,0.0,0.0,0.0,0.0
206281,0.0,0.0,0.0,0.0,0.0,1.0,0.0
206289,0.0,0.0,0.0,0.0,1.0,1.0,0.0
206781,0.0,0.0,0.0,0.0,1.0,0.0,0.0
206789,0.0,0.0,0.0,0.0,0.0,0.0,0.0
207351,0.0,0.0,0.0,0.0,0.0,1.0,0.0
207353,0.0,0.0,0.0,0.0,0.0,2.0,0.0
207853,0.0,0.0,0.0,0.0,0.0,0.0,0.0
207873,0.0,0.0,0.0,0.0,0.0,1.0,0.0
207878,0.0,0.0,0.0,0.0,0.0,2.0,0.0
208378,0.0,0.0,0.0,0.0,0.0,0.0,0.0
208698,0.0,0.0,0.0,0.0,0.0,1.0,0.0
209198,0.0,0.0,0.0,0.0,0.0,0.0,0.0
209595,0.0,0.0,0.0,0.0,0.0,1.0,0.0
209722,0.0,0.0,0.0,0.0,0.0,2.0,0.0
210222,0.0,0.0,0.0,0.0,0.0,0.0,0.0
210467,0.0,0.0,0.0,0.0,0.0,1.0,0.0
210796,0.0,0.0,0.0,0.0,0.0,2.0,0.0
211296,0.0,0.0,0.0,0.0,0.0,0.0,0.0
212913,0.0,0.0,0.0,0.0,0.0,1.0,0.0
213413,0.0,0.0,0.0,0.0,0.0,0.0,0.0
213547,0.0,0.0,0.0,0.0,0.0,1.0,0.0
214056,0.0,0.0,0.0,0.0,0.0,2.0,0.0
214556,0.0,0.0,0.0,0.0,0.0,0.0,0.0
215082,0.0,0.0,0.0,0.0,0.0,1.0,0.0
215092,0.0,0.0,0.0,0.0,0.0,2.0,0.0
215592,0.0,0.0,0.0,0.0,0.0,0.0,0.0
217210,0.0,0.0,0.0,0.0,0.0,1.0,0.0
217212,0.0,0.0,0.0,0.0,0.0,2.0,0.0
217712,0.0,0.0,0.0,0.0,0.0,0.0,0.0
217907,0.0,0.0,0.0,0.0,0.0,1.0,0.0
218407,0.0,0.0,0.0,0.0,0.0,0.0,0.0
218561,0.0,0.0,0.0,0.0,0.0,1.0,0.0
219061,0.0,0.0,0.0,0.0,0.0,0.0,0.0
219094,0.0,0.0,0.0,0.0,0.0,1.0,0.0
219594,0.0,0.0,0.0,0.0,0.0,0.0,0.0
220028,0.0,0.0,0.0,0.0,0.0,1.0,0.0
220528,0.0,0.0,0.0,0.0,0.0,0.0,0.0
220944,0.0,0.0,0.0,0.0,0.0,1.0,0.0
220971,0.0,0.0,0.0,0.0,0.0,2.0,0.0
221471,0.0,0.0,0.0,0.0,0.0,0.0,0.0
222392,0.0,0.0,0.0,0.0,0.0,1.0,0.0
222892,0.0,0.0,0.0,0.0,0.0,0.0,0.0
223252,0.0,0.0,0.0,0.0,0.0,1.0,0.0
223752,0.0,0.0,0.0,0.0,0.0,0.0,0.0
223926,0.0,0.0,0.0,0.0,0.0,1.0,0.0
224426,0.0,0.0,0.0,0.0,0.0,0.0,0.0
224807,0.0,0.0,0.0,0.0,0.0,1.0,0.0
225307,0.0,0.0,0.0,0.0,0.0,0.0,0.0
225615,0.0,0.0,0.0,0.0,0.0,1.0,0.0
225716,0.0,0.0,0.0,0.0,0.0,2.0,0.0
226216,0.0,0.0,0.0,0.0,0.0,0.0,0.0
226252,0.0,0.0,0.0,0.0,0.0,1.0,0.0
226752,0.0,0.0,0.0,0.0,0.0,0.0,0.0
226763,0.0,0.0,0.0,0.0,0.0,1.0,0.0
226834,0.0,0.0,0.0,0.0,0.0,2.0,0.0
227334,0.0,0.0,0.0,0.0,0.0,0.0,0.0
228685,0.0,0.0,0.0,0.0,0.0,1.0,0.0
228688,0.0,0.0,0.0,0.0,0.0,2.0,0.0
229188,0.0,0.0,0.0,0.0,0.0,0.0,0.0
229887,0.0,0.0,0.0,0.0,0.0,1.0,0.0
229924,0.0,0.0,0.0,0.0,0.0,2.0,0.0
230424,0.0,0.0,0.0,0.0,0.0,0.0,0.0
230493,0.0,0.0,0.0,0.0,0.0,1.0,0.0
230993,0.0,0.0,0.0,0.0,0.0,0.0,0.0
231187,0.0,0.0,0.0,0.0,0.0,1.0,0.0
231687,0.0,0.0,0.0,0.0,0.0,0.0,0.0
232176,0.0,0.0,0.0,0.0,0.0,1.0,0.0
232676,0.0,0.0,0.0,0.0,0.0,0.0,0.0
233924,0.0,0.0,0.0,0.0,0.0,1.0,0.0
234243,0.0,0.0,0.0,0.0,0.0,2.0,0.0
234743,0.0,0.0,0.0,0.0,0.0,0.0,0.0
234953,0.0,0.0,0.0,0.0,0.0,1.0,0.0
235453,0.0,0.0,0.0,0.0,0.0,0.0,0.0
236102,0.0,0.0,0.0,0.0,0.0,1.0,0.0
236106,0.0,0.0,0.0,0.0,0.0,2.0,0.0
236606,0.0,0.0,0.0,0.0,0.0,0.0,0.0
237207,0.0,0.0,0.0,0.0,0.0,1.0,0.0
237707,0.0,0.0,0.0,0.0,0.0,0.0,0.0
237911,0.0,0.0,0.0,0.0,0.0,1.0,0.0
237946,0.0,0.0,0.0,0.0,0.0,2.0,0.0
238446,0.0,0.0,0.0,0.0,0.0,0.0,0.0
238623,0.0,0.0,0.0,0.0,0.0,1.0,0.0
238638,0.0,0.0,0.0,0.0,0.0,2.0,0.0
238643,0.0,0.0,0.0,0.0,1.0,2.0,0.0
238657,0.0,2.0,0.0,0.0,1.0,2.0,0.0
239138,0.0,2.0,0.0,0.0,1.0,0.0,0.0
239143,0.0,2.0,0.0,0.0,0.0,0.0,0.0
239157,0.0,0.0,0.0,0.0,0.0,0.0,0.0
239599,0.0,0.0,0.0,0.0,0.0,1.0,0.0
239603,0.0,0.0,0.0,0.0,0.0,2.0,0.0
240103,0.0,0.0,0.0,0.0,0.0,0.0,0.0
241132,0.0,0.0,0.0,0.0,0.0,1.0,0.0
241135,0.0,0.0,0.0,0.0,0.0,2.0,0.0
241635,0.0,0.0,0.0,0.0,0.0,0.0,0.0
241772,0.0,0.0,0.0,0.0,0.0,1.0,0.0
241777,0.0,0.0,0.0,0.0,0.0,2.0,0.0
242017,0.0,2.0,0.0,0.0,0.0,2.0,0.0
242277,0.0,2.0,0.0,0.0,0.0,0.0,0.0
242319,0.0,2.0,0.0,0.0,0.0,1.0,0.0
242495,0.0,2.0,0.0,0.0,0.0,2.0,0.0
242517,0.0,0.0,0.0,0.0,0.0,2.0,0.0
242995,0.0,0.0,0.0,0.0,0.0,0.0,0.0
243747,0.0,0.0,0.0,0.0,0.0,1.0,0.0
244011,0.0,0.0,0.0,0.0,0.0,2.0,0.0
244511,0.0,0.0,0.0,0.0,0.0,0.0,0.0
244593,0.0,0.0,0.0,0.0,0.0,1.0,0.0
245093,0.0,0.0,0.0,0.0,0.0,0.0,0.0
245656,0.0,0.0,0.0,0.0,0.0,1.0,0.0
245658,0.0,0.0,0.0,0.0,0.0,2.0,0.0
246158,0.0,0.0,0.0,0.0,0.0,0.0,0.0
247165,0.0,0.0,0.0,0.0,0.0,1.0,0.0
247173,0.0,0.0,0.0,0.0,0.0,2.0,0.0
247673,0.0,0.0,0.0,0.0,0.0,0.0,0.0
247899,0.0,0.0,0.0,0.0,0.0,1.0,0.0
248107,0.0,0.0,0.0,0.0,0.0,2.0,0.0
248607,0.0,0.0,0.0,0.0,0.0,0.0,0.0
248671,0.0,0.0,0.0,0.0,0.0,1.0,0.0
248909,0.0,0.0,0.0,0.0,0.0,2.0,0.0
249409,0.0,0.0,0.0,0.0,0.0,0.0,0.0
249702,0.0,0.0,0.0,0.0,0.0,1.0,0.0
249993,0.0,0.0,0.0,0.0,0.0,2.0,0.0
250327,0.0,2.0,0.0,0.0,0.0,2.0,0.0
250493,0.0,2.0,0.0,0.0,0.0,0.0,0.0
250535,0.0,2.0,0.0,0.0,0.0,1.0,0.0
250827,0.0,0.0,0.0,0.0,0.0,1.0,0.0
251035,0.0,0.0,0.0,0.0,0.0,0.0,0.0
252397,0.0,0.0,0.0,0.0,0.0,1.0,0.0
252399,0.0,0.0,0.0,0.0,0.0,2.0,0.0
252899,0.0,0.0,0.0,0.0,0.0,0.0,0.0
252979,0.0,0.0,0.0,0.0,0.0,1.0,0.0
253068,0.0,0.0,0.0,0.0,0.0,2.0,0.0
253568,0.0,0.0,0.0,0.0,0.0,0.0,0.0
253627,0.0,0.0,0.0,0.0,0.0,1.0,0.0
254127,0.0,0.0,0.0,0.0,0.0,0.0,0.0
254910,0.0,0.0,0.0,0.0,0.0,1.0,0.0
255182,0.0,2.0,0.0,0.0,0.0,1.0,0.0
255410,0.0,2.0,0.0,0.0,0.0,0.0,0.0
255682,0.0,0.0,0.0,0.0,0.0,0.0,0.0
256434,0.0,0.0,0.0,0.0,0.0,1.0,0.0
256934,0.0,0.0,0.0,0.0,0.0,0.0,0.0
257870,0.0,0.0,0.0,0.0,0.0,1.0,0.0
258370,0.0,0.0,0.0,0.0,0.0,0.0,0.0
260356,0.0,0.0,0.0,0.0,0.0,1.0,0.0
260856,0.0,0.0,0.0,0.0,0.0,0.0,0.0
261028,0.0,0.0,0.0,0.0,0.0,1.0,0.0
261036,0.0,0.0,0.0,0.0,0.0,2.0,0.0
261536,0.0,0.0,0.0,0.0,0.0,0.0,0.0
262019,0.0,0.0,0.0,0.0,0.0,1.0,0.0
262519,0.0,0.0,0.0,0.0,0.0,0.0,0.0
262859,0.0,0.0,0.0,0.0,0.0,1.0,0.0
263359,0.0,0.0,0.0,0.0,0.0,0.0,0.0
264503,0.0,0.0,0.0,0.0,0.0,1.0,0.0
264506,0.0,0.0,0.0,0.0,0.0,2.0,0.0
265006,0.0,0.0,0.0,0.0,0.0,0.0,0.0
265630,0.0,0.0,0.0,0.0,0.0,1.0,0.0
266130,0.0,0.0,0.0,0.0,0.0,0.0,0.0
267080,0.0,0.0,0.0,0.0,0.0,1.0,0.0
267580,0.0,0.0,0.0,0.0,0.0,0.0,0.0
268276,0.0,0.0,0.0,0.0,0.0,1.0,0.0
268740,0.0,0.0,0.0,0.0,0.0,2.0,0.0
269240,0.0,0.0,0.0,0.0,0.0,0.0,0.0
269787,0.0,0.0,0.0,0.0,0.0,1.0,0.0
269789,0.0,0.0,0.0,0.0,0.0,2.0,0.0
270289,0.0,0.0,0.0,0.0,0.0,0.0,0.0
270812,0.0,0.0,0.0,0.0,0.0,1.0,0.0
271312,0.0,0.0,0.0,0.0,0.0,0.0,0.0
272136,0.0,0.0,0.0,0.0,0.0,1.0,0.0
272271,0.0,0.0,0.0,0.0,0.0,2.0,0.0
272771,0.0,0.0,0.0,0.0,0.0,0.0,0.0
273809,0.0,0.0,0.0,0.0,0.0,1.0,0.0
274309,0.0,0.0,0.0,0.0,0.0,0.0,0.0
274478,0.0,0.0,0.0,0.0,0.0,1.0,0.0
274978,0.0,0.0,0.0,0.0,0.0,0.0,0.0
275257,0.0,0.0,0.0,0.0,0.0,1.0,0.0
275757,0.0,0.0,0.0,0.0,0.0,0.0,0.0
276813,0.0,0.0,0.0,0.0,0.0,1.0,0.0
277146,0.0,0.0,0.0,0.0,0.0,2.0,0.0
277646,0.0,0.0,0.0,0.0,0.0,0.0,0.0
279146,0.0,0.0,0.0,0.0,0.0,1.0,0.0
279646,0.0,0.0,0.0,0.0,0.0,0.0,0.0
279658,0.0,0.0,0.0,0.0,0.0,1.0,0.0
280158,0.0,0.0,0.0,0.0,0.0,0.0,0.0
281363,0.0,0.0,0.0,0.0,0.0,1.0,0.0
281863,0.0,0.0,0.0,0.0,0.0,0.0,0.0
281885,0.0,0.0,0.0,0.0,0.0,1.0,0.0
282028,0.0,0.0,0.0,0.0,0.0,2.0,0.0
282528,0.0,0.0,0.0,0.0,0.0,0.0,0.0
282888,0.0,0.0,0.0,0.0,0.0,1.0,0.0
283388,0.0,0.0,0.0,0.0,0.0,0.0,0.0
284681,0.0,0.0,0.0,0.0,0.0,1.0,0.0
285181,0.0,0.0,0.0,0.0,0.0,0.0,0.0
285405,0.0,0.0,0.0,0.0,0.0,1.0,0.0
285905,0.0,0.0,0.0,0.0,0.0,0.0,0.0
285909,0.0,0.0,0.0,0.0,0.0,1.0,0.0
286040,0.0,0.0,0.0,0.0,0.0,2.0,0.0
286540,0.0,0.0,0.0,0.0,0.0,0.0,0.0
286656,0.0,0.0,0.0,0.0,0.0,1.0,0.0
286805,0.0,0.0,0.0,0.0,0.0,2.0,0.0
287305,0.0,0.0,0.0,0.0,0.0,0.0,0.0
287943,0.0,0.0,0.0,0.0,0.0,1.0,0.0
288110,0.0,0.0,0.0,0.0,0.0,2.0,0.0
288610,0.0,0.0,0.0,0.0,0.0,0.0,0.0
288728,0.0,0.0,0.0,0.0,0.0,1.0,0.0
288730,0.0,0.0,0.0,0.0,0.0,2.0,0.0
289230,0.0,0.0,0.0,0.0,0.0,0.0,0.0
289545,0.0,2.0,0.0,0.0,0.0,0.0,0.0
290045,0.0,0.0,0.0,0.0,0.0,0.0,0.0
291580,0.0,0.0,0.0,0.0,0.0,1.0,0.0
292080,0.0,0.0,0.0,0.0,0.0,0.0,0.0
292093,0.0,0.0,0.0,0.0,0.0,1.0,0.0
292311,0.0,0.0,0.0,0.0,0.0,2.0,0.0
292811,0.0,0.0,0.0,0.0,0.0,0.0,0.0
293412,0.0,0.0,0.0,0.0,0.0,1.0,0.0
293415,0.0,0.0,0.0,0.0,0.0,2.0,0.0
293915,0.0,0.0,0.0,0.0,0.0,0.0,0.0
294329,0.0,0.0,0.0,0.0,0.0,1.0,0.0
294829,0.0,0.0,0.0,0.0,0.0,0.0,0.0
294967,0.0,0.0,0.0,0.0,0.0,1.0,0.0
295016,0.0,0.0,0.0,0.0,0.0,2.0,0.0
295516,0.0,0.0,0.0,0.0,0.0,0.0,0.0
295921,0.0,0.0,0.0,0.0,0.0,1.0,0.0
296421,0.0,0.0,0.0,0.0,0.0,0.0,0.0
296652,0.0,0.0,0.0,0.0,0.0,1.0,0.0
296655,0.0,0.0,0.0,0.0,0.0,2.0,0.0
297126,0.0,2.0,0.0,0.0,0.0,2.0,0.0
297155,0.0,2.0,0.0,0.0,0.0,0.0,0.0
297281,0.0,2.0,0.0,0.0,0.0,1.0,0.0
297534,0.0,2.0,0.0,0.0,0.0,2.0,0.0
297626,0.0,0.0,0.0,0.0,0.0,2.0,0.0
298034,0.0,0.0,0.0,0.0,0.0,0.0,0.0
298133,0.0,0.0,0.0,0.0,0.0,1.0,0.0
298633,0.0,0.0,0.0,0.0,0.0,0.0,0.0
298749,0.0,0.0,0.0,0.0,0.0,1.0,0.0
299249,0.0,0.0,0.0,0.0,0.0,0.0,0.0
299403,0.0,0.0,0.0,0.0,0.0,1.0,0.0
299903,0.0,0.0,0.0,0.0,0.0,0.0,0.0
305194,0.0,0.0,0.0,0.0,1.0,0.0,0.0
305694,0.0,0.0,0.0,0.0,0.0,0.0,0.0
400000,0.0,0.0,0.0,0.0,0.0,0.0,1.0
400019,0.0,0.0,0.0,0.0,0.0,1.0,1.0
400022,0.0,0.0,0.0,0.0,0.0,2.0,1.0
400063,2.0,0.0,0.0,0.0,0.0,2.0,1.0
400200,2.0,2.0,0.0,0.0,0.0,2.0,1.0
400439,2.0,2.0,0.0,0.0,1.0,2.0,1.0
400488,2.0,2.0,0.0,0.0,2.0,2.0,1.0
400500,2.0,2.0,0.0,0.0,2.0,2.0,0.0
400522,2.0,2.0,0.0,0.0,2.0,0.0,0.0
400563,0.0,2.0,0.0,0.0,2.0,0.0,0.0
400700,0.0,0.0,0.0,0.0,2.0,0.0,0.0
400988,0.0,0.0,0.0,0.0,0.0,0.0,0.0
401236,0.0,0.0,1.0,0.0,0.0,0.0,0.0
401358,0.0,0.0,1.0,0.0,0.0,1.0,0.0
401858,0.0,0.0,1.0,0.0,0.0,0.0,0.0
402051,0.0,0.0,1.0,0.0,0.0,1.0,0.0
402551,0.0,0.0,1.0,0.0,0.0,0.0,0.0
402885,0.0,0.0,2.0,0.0,0.0,0.0,0.0
403385,0.0,0.0,1.0,0.0,0.0,0.0,0.0
403524,0.0,0.0,1.0,0.0,0.0,1.0,0.0
403527,0.0,0.0,1.0,0.0,0.0,2.0,0.0
404027,0.0,0.0,1.0,0.0,0.0,0.0,0.0
404293,0.0,0.0,1.0,0.0,0.0,1.0,0.0
404303,0.0,0.0,1.0,0.0,0.0,2.0,0.0
404803,0.0,0.0,1.0,0.0,0.0,0.0,0.0
405219,0.0,0.0,1.0,0.0,0.0,1.0,0.0
405376,0.0,0.0,1.0,0.0,0.0,2.0,0.0
405876,0.0,0.0,1.0,0.0,0.0,0.0,0.0
405951,0.0,0.0,1.0,0.0,0.0,1.0,0.0
406370,0.0,0.0,1.0,0.0,0.0,2.0,0.0
406870,0.0,0.0,1.0,0.0,0.0,0.0,0.0
407715,0.0,0.0,1.0,0.0,0.0,1.0,0.0
408215,0.0,0.0,1.0,0.0,0.0,0.0,0.0
408528,0.0,0.0,1.0,0.0,0.0,1.0,0.0
408531,0.0,0.0,1.0,0.0,0.0,2.0,0.0
409031,0.0,0.0,1.0,0.0,0.0,1.0,0.0
409514,0.0,0.0,1.0,0.0,0.0,2.0,0.0
410014,0.0,0.0,1.0,0.0,0.0,0.0,0.0
411471,0.0,0.0,1.0,0.0,0.0,1.0,0.0
411852,0.0,0.0,1.0,0.0,0.0,2.0,0.0
412352,0.0,0.0,1.0,0.0,0.0,0.0,0.0
412440,0.0,0.0,1.0,0.0,0.0,1.0,0.0
412824,0.0,0.0,1.0,0.0,1.0,1.0,0.0
412940,0.0,0.0,1.0,0.0,1.0,0.0,0.0
412999,0.0,0.0,1.0,0.0,1.0,1.0,0.0
413324,0.0,0.0,1.0,0.0,0.0,1.0,0.0
413499,0.0,0.0,1.0,0.0,0.0,0.0,0.0
413551,0.0,0.0,1.0,0.0,1.0,0.0,0.0
413911,0.0,0.0,1.0,0.0,1.0,1.0,0.0
413932,0.0,0.0,1.0,0.0,1.0,2.0,0.0
414051,0.0,0.0,1.0,0.0,0.0,2.0,0.0
414432,0.0,0.0,1.0,0.0,0.0,0.0,0.0
414878,0.0,0.0,1.0,0.0,0.0,1.0,0.0
415378,0.0,0.0,1.0,0.0,0.0,0.0,0.0
416587,0.0,0.0,1.0,0.0,0.0,1.0,0.0
417087,0.0,0.0,1.0,0.0,0.0,0.0,0.0
417574,0.0,0.0,1.0,0.0,0.0,1.0,0.0
417691,0.0,0.0,1.0,0.0,0.0,2.0,0.0
418191,0.0,0.0,1.0,0.0,0.0,0.0,0.0
418295,0.0,0.0,1.0,0.0,0.0,1.0,0.0
418795,0.0,0.0,1.0,0.0,0.0,0.0,0.0
418829,0.0,0.0,1.0,0.0,0.0,1.0,0.0
419229,0.0,0.0,1.0,0.0,1.0,1.0,0.0
419329,0.0,0.0,1.0,0.0,1.0,0.0,0.0
419459,0.0,0.0,1.0,0.0,1.0,1.0,0.0
419555,0.0,0.0,1.0,0.0,1.0,2.0,0.0
419729,0.0,0.0,1.0,0.0,0.0,2.0,0.0
420055,0.0,0.0,1.0,0.0,0.0,0.0,0.0
420249,0.0,0.0,1.0,0.0,0.0,1.0,0.0
420576,0.0,0.0,1.0,0.0,0.0,2.0,0.0
421076,0.0,0.0,1.0,0.0,0.0,0.0,0.0
421808,0.0,0.0,1.0,0.0,0.0,1.0,0.0
422308,0.0,0.0,1.0,0.0,0.0,0.0,0.0
422464,0.0,0.0,1.0,0.0,0.0,1.0,0.0
422964,0.0,0.0,1.0,0.0,0.0,0.0,0.0
422968,0.0,0.0,1.0,0.0,0.0,1.0,0.0
423063,0.0,0.0,1.0,0.0,0.0,2.0,0.0
423563,0.0,0.0,1.0,0.0,0.0,0.0,0.0
423919,0.0,0.0,1.0,0.0,0.0,1.0,0.0
424419,0.0,0.0,1.0,0.0,0.0,0.0,0.0
424897,0.0,0.0,1.0,0.0,0.0,1.0,0.0
425397,0.0,0.0,1.0,0.0,0.0,0.0,0.0
425452,0.0,0.0,1.0,0.0,0.0,1.0,0.0
425455,0.0,0.0,1.0,0.0,0.0,2.0,0.0
425955,0.0,0.0,1.0,0.0,0.0,0.0,0.0
426398,0.0,0.0,1.0,0.0,0.0,1.0,0.0
426401,0.0,0.0,1.0,0.0,0.0,2.0,0.0
426901,0.0,0.0,1.0,0.0,0.0,0.0,0.0
427171,0.0,0.0,1.0,0.0,0.0,1.0,0.0
427671,0.0,0.0,1.0,0.0,0.0,0.0,0.0
427883,0.0,0.0,1.0,0.0,0.0,1.0,0.0
428383,0.0,0.0,1.0,0.0,0.0,0.0,0.0
429310,0.0,0.0,1.0,0.0,0.0,1.0,0.0
429810,0.0,0.0,1.0,0.0,0.0,0.0,0.0
429877,0.0,2.0,1.0,0.0,0.0,0.0,0.0
430306,0.0,2.0,1.0,0.0,0.0,1.0,0.0
430377,0.0,0.0,1.0,0.0,0.0,1.0,0.0
430677,0.0,0.0,1.0,0.0,0.0,2.0,0.0
431177,0.0,0.0,1.0,0.0,0.0,0.0,0.0
431207,0.0,0.0,1.0,0.0,0.0,1.0,0.0
431255,0.0,0.0,1.0,0.0,0.0,2.0,0.0
431755,0.0,0.0,1.0,0.0,0.0,0.0,0.0
431931,0.0,0.0,1.0,0.0,0.0,1.0,0.0
432431,0.0,0.0,1.0,0.0,0.0,0.0,0.0
432483,0.0,0.0,1.0,0.0,0.0,1.0,0.0
432983,0.0,0.0,1.0,0.0,0.0,0.0,0.0
433016,0.0,0.0,1.0,0.0,0.0,1.0,0.0
433516,0.0,0.0,1.0,0.0,0.0,0.0,0.0
433866,0.0,2.0,1.0,0.0,0.0,0.0,0.0
434298,0.0,2.0,1.0,0.0,0.0,1.0,0.0
434366,0.0,0.0,1.0,0.0,0.0,1.0,0.0
434798,0.0,0.0,1.0,0.0,0.0,0.0,0.0
434812,0.0,0.0,1.0,0.0,0.0,1.0,0.0
435312,0.0,0.0,1.0,0.0,0.0,0.0,0.0
435426,0.0,0.0,1.0,0.0,0.0,1.0,0.0
435433,0.0,0.0,1.0,0.0,0.0,2.0,0.0
435933,0.0,0.0,1.0,0.0,0.0,0.0,0.0
436542,0.0,0.0,1.0,0.0,0.0,1.0,0.0
436808,0.0,2.0,1.0,0.0,0.0,1.0,0.0
437042,0.0,2.0,1.0,0.0,0.0,0.0,0.0
437308,0.0,0.0,1.0,0.0,0.0,0.0,0.0
438246,0.0,0.0,1.0,0.0,0.0,1.0,0.0
438746,0.0,0.0,1.0,0.0,0.0,0.0,0.0
438811,0.0,0.0,1.0,0.0,0.0,1.0,0.0
439311,0.0,0.0,1.0,0.0,0.0,0.0,0.0
439430,0.0,0.0,1.0,0.0,0.0,1.0,0.0
439496,0.0,0.0,1.0,0.0,0.0,2.0,0.0
439996,0.0,0.0,1.0,0.0,0.0,0.0,0.0
440276,0.0,0.0,1.0,0.0,0.0,1.0,0.0
440694,0.0,0.0,1.0,0.0,0.0,2.0,0.0
441194,0.0,0.0,1.0,0.0,0.0,0.0,0.0
441271,0.0,0.0,1.0,0.0,0.0,1.0,0.0
441278,0.0,0.0,1.0,0.0,0.0,2.0,0.0
441778,0.0,0.0,1.0,0.0,0.0,0.0,0.0
442333,0.0,0.0,1.0,0.0,0.0,1.0,0.0
442438,0.0,0.0,1.0,0.0,0.0,2.0,0.0
442938,0.0,0.0,1.0,0.0,0.0,0.0,0.0
443048,0.0,0.0,1.0,0.0,0.0,1.0,0.0
443548,0.0,0.0,1.0,0.0,0.0,0.0,0.0
444223,0.0,0.0,1.0,0.0,0.0,1.0,0.0
444606,0.0,0.0,1.0,0.0,0.0,2.0,0.0
445106,0.0,0.0,1.0,0.0,0.0,0.0,0.0
445841,0.0,0.0,1.0,0.0,0.0,1.0,0.0
445846,0.0,0.0,1.0,0.0,0.0,2.0,0.0
446346,0.0,0.0,1.0,0.0,0.0,0.0,0.0
446418,0.0,0.0,1.0,0.0,0.0,1.0,0.0
446606,0.0,0.0,1.0,0.0,0.0,2.0,0.0
447106,0.0,0.0,1.0,0.0,0.0,0.0,0.0
447499,0.0,0.0,1.0,0.0,0.0,1.0,0.0
447999,0.0,0.0,1.0,0.0,0.0,0.0,0.0
448173,0.0,0.0,1.0,0.0,0.0,1.0,0.0
448175,0.0,0.0,1.0,0.0,0.0,2.0,0.0
448675,0.0,0.0,1.0,0.0,0.0,0.0,0.0
449234,0.0,0.0,1.0,0.0,0.0,1.0,0.0
449734,0.0,0.0,1.0,0.0,0.0,0.0,0.0
449804,0.0,0.0,1.0,0.0,0.0,1.0,0.0
450304,0.0,0.0,1.0,0.0,0.0,0.0,0.0
450325,0.0,0.0,1.0,0.0,0.0,1.0,0.0
450759,0.0,0.0,1.0,0.0,0.0,2.0,0.0
451259,0.0,0.0,1.0,0.0,0.0,0.0,0.0
451274,0.0,0.0,1.0,0.0,0.0,1.0,0.0
451664,0.0,0.0,1.0,0.0,0.0,2.0,0.0
452164,0.0,0.0,1.0,0.0,0.0,0.0,0.0
452255,0.0,0.0,1.0,0.0,0.0,1.0,0.0
452671,0.0,0.0,1.0,0.0,0.0,2.0,0.0
453171,0.0,0.0,1.0,0.0,0.0,0.0,0.0
453359,0.0,0.0,1.0,0.0,0.0,1.0,0.0
453387,0.0,0.0,1.0,0.0,0.0,2.0,0.0
453887,0.0,0.0,1.0,0.0,0.0,0.0,0.0
453986,0.0,0.0,1.0,0.0,0.0,1.0,0.0
454486,0.0,0.0,1.0,0.0,0.0,0.0,0.0
455325,0.0,0.0,1.0,0.0,0.0,1.0,0.0
455327,0.0,0.0,1.0,0.0,0.0,2.0,0.0
455827,0.0,0.0,1.0,0.0,0.0,0.0,0.0
456268,0.0,0.0,1.0,0.0,0.0,1.0,0.0
456768,0.0,0.0,1.0,0.0,0.0,0.0,0.0
456785,0.0,0.0,1.0,0.0,0.0,1.0,0.0
456795,0.0,0.0,1.0,0.0,0.0,2.0,0.0
457295,0.0,0.0,1.0,0.0,0.0,0.0,0.0
458006,0.0,0.0,1.0,0.0,0.0,1.0,0.0
458506,0.0,0.0,1.0,0.0,0.0,0.0,0.0
458532,0.0,0.0,1.0,0.0,0.0,1.0,0.0
458879,0.0,0.0,1.0,0.0,0.0,2.0,0.0
459379,0.0,0.0,1.0,0.0,0.0,0.0,0.0
459727,0.0,0.0,1.0,0.0,0.0,1.0,0.0
459735,0.0,0.0,1.0,0.0,0.0,2.0,0.0
460235,0.0,0.0,1.0,0.0,0.0,0.0,0.0
460599,0.0,0.0,1.0,0.0,0.0,1.0,0.0
460622,0.0,0.0,1.0,0.0,0.0,2.0,0.0
461122,0.0,0.0,1.0,0.0,0.0,0.0,0.0
461212,0.0,0.0,1.0,0.0,0.0,1.0,0.0
461712,0.0,0.0,1.0,0.0,0.0,0.0,0.0
462413,0.0,0.0,1.0,0.0,0.0,1.0,0.0
462651,0.0,2.0,1.0,0.0,0.0,1.0,0.0
462913,0.0,2.0,1.0,0.0,0.0,0.0,0.0
463151,0.0,0.0,1.0,0.0,0.0,0.0,0.0
463264,0.0,0.0,1.0,0.0,0.0,1.0,0.0
463764,0.0,0.0,1.0,0.0,0.0,0.0,0.0
464043,0.0,0.0,1.0,0.0,0.0,1.0,0.0
464083,0.0,0.0,1.0,0.0,0.0,2.0,0.0
464583,0.0,0.0,1.0,0.0,0.0,0.0,0.0
464633,0.0,0.0,1.0,0.0,0.0,1.0,0.0
464635,0.0,0.0,1.0,0.0,0.0,2.0,0.0
465135,0.0,0.0,1.0,0.0,0.0,0.0,0.0
465226,0.0,0.0,1.0,0.0,0.0,1.0,0.0
465231,0.0,0.0,1.0,0.0,0.0,2.0,0.0
465731,0.0,0.0,1.0,0.0,0.0,0.0,0.0
466450,0.0,0.0,1.0,0.0,0.0,1.0,0.0
466743,0.0,0.0,1.0,0.0,0.0,2.0,0.0
467243,0.0,0.0,1.0,0.0,0.0,0.0,0.0
467300,0.0,0.0,1.0,0.0,0.0,1.0,0.0
467800,0.0,0.0,1.0,0.0,0.0,0.0,0.0
468029,0.0,0.0,1.0,0.0,0.0,1.0,0.0
468529,0.0,0.0,1.0,0.0,0.0,0.0,0.0
468897,0.0,0.0,1.0,0.0,0.0,1.0,0.0
469397,0.0,0.0,1.0,0.0,0.0,0.0,0.0
469606,0.0,0.0,1.0,0.0,0.0,1.0,0.0
470106,0.0,0.0,1.0,0.0,0.0,0.0,0.0
470888,0.0,0.0,1.0,0.0,0.0,1.0,0.0
470901,0.0,0.0,1.0,0.0,0.0,2.0,0.0
471401,0.0,0.0,1.0,0.0,0.0,0.0,0.0
471874,0.0,0.0,1.0,0.0,0.0,1.0,0.0
472248,0.0,0.0,1.0,0.0,0.0,2.0,0.0
472748,0.0,0.0,1.0,0.0,0.0,0.0,0.0
472813,0.0,0.0,1.0,0.0,0.0,1.0,0.0
473313,0.0,0.0,1.0,0.0,0.0,0.0,0.0
473474,0.0,0.0,1.0,0.0,0.0,1.0,0.0
473486,0.0,0.0,1.0,0.0,0.0,2.0,0.0
473986,0.0,0.0,1.0,0.0,0.0,0.0,0.0
474280,0.0,0.0,1.0,0.0,0.0,1.0,0.0
474356,0.0,0.0,1.0,0.0,0.0,2.0,0.0
474856,0.0,0.0,1.0,0.0,0.0,0.0,0.0
475356,0.0,0.0,1.0,0.0,0.0,1.0,0.0
475361,0.0,0.0,1.0,0.0,0.0,2.0,0.0
475861,0.0,0.0,1.0,0.0,0.0,0.0,0.0
476305,0.0,0.0,1.0,0.0,0.0,1.0,0.0
476310,0.0,0.0,1.0,0.0,0.0,2.0,0.0
476810,0.0,0.0,1.0,0.0,0.0,0.0,0.0
477020,0.0,0.0,1.0,0.0,0.0,1.0,0.0
477048,0.0,0.0,1.0,0.0,0.0,2.0,0.0
477548,0.0,0.0,1.0,0.0,0.0,0.0,0.0
478015,0.0,0.0,1.0,0.0,0.0,1.0,0.0
478515,0.0,0.0,1.0,0.0,0.0,0.0,0.0
478648,0.0,0.0,1.0,0.0,0.0,1.0,0.0
478700,0.0,0.0,1.0,0.0,0.0,2.0,0.0
479200,0.0,0.0,1.0,0.0,0.0,0.0,0.0
479901,0.0,0.0,1.0,0.0,0.0,1.0,0.0
480401,0.0,0.0,1.0,0.0,0.0,0.0,0.0
480480,0.0,0.0,1.0,0.0,0.0,1.0,0.0
480980,0.0,0.0,1.0,0.0,0.0,0.0,0.0
481436,0.0,0.0,1.0,0.0,0.0,1.0,0.0
481439,0.0,0.0,1.0,0.0,0.0,2.0,0.0
481939,0.0,0.0,1.0,0.0,0.0,0.0,0.0
482098,0.0,0.0,1.0,0.0,0.0,1.0,0.0
482337,0.0,0.0,1.0,0.0,0.0,2.0,0.0
482354,0.0,2.0,1.0,0.0,0.0,2.0,0.0
482837,0.0,2.0,1.0,0.0,0.0,0.0,0.0
482854,0.0,0.0,1.0,0.0,0.0,0.0,0.0
483506,0.0,0.0,1.0,0.0,0.0,1.0,0.0
484006,0.0,0.0,1.0,0.0,0.0,0.0,0.0
484179,0.0,0.0,1.0,0.0,0.0,1.0,0.0
484679,0.0,0.0,1.0,0.0,0.0,0.0,0.0
484917,0.0,0.0,1.0,0.0,0.0,1.0,0.0
485417,0.0,0.0,1.0,0.0,0.0,0.0,0.0
485733,0.0,0.0,1.0,0.0,0.0,1.0,0.0
486233,0.0,0.0,1.0,0.0,0.0,0.0,0.0
486403,0.0,0.0,1.0,0.0,0.0,1.0,0.0
486408,0.0,0.0,1.0,0.0,0.0,2.0,0.0
486908,0.0,0.0,1.0,0.0,0.0,0.0,0.0
489310,0.0,0.0,1.0,0.0,0.0,1.0,0.0
489810,0.0,0.0,1.0,0.0,0.0,0.0,0.0
489985,0.0,0.0,1.0,0.0,0.0,1.0,0.0
490485,0.0,0.0,1.0,0.0,0.0,0.0,0.0
491015,0.0,0.0,1.0,0.0,0.0,1.0,0.0
491018,0.0,0.0,1.0,0.0,0.0,2.0,0.0
491518,0.0,0.0,1.0,0.0,0.0,0.0,0.0
491645,0.0,0.0,1.0,0.0,0.0,1.0,0.0
492145,0.0,0.0,1.0,0.0,0.0,0.0,0.0
492328,0.0,0.0,1.0,0.0,0.0,1.0,0.0
492335,0.0,0.0,1.0,0.0,0.0,2.0,0.0
492835,0.0,0.0,1.0,0.0,0.0,0.0,0.0
493628,0.0,0.0,1.0,0.0,0.0,1.0,0.0
494128,0.0,0.0,1.0,0.0,0.0,0.0,0.0
494446,0.0,0.0,1.0,0.0,0.0,1.0,0.0
494946,0.0,0.0,1.0,0.0,0.0,0.0,0.0
495650,0.0,0.0,1.0,0.0,0.0,1.0,0.0
495656,0.0,0.0,1.0,0.0,0.0,2.0,0.0
496156,0.0,0.0,1.0,0.0,0.0,0.0,0.0
496750,0.0,0.0,1.0,0.0,0.0,1.0,0.0
497250,0.0,0.0,1.0,0.0,0.0,0.0,0.0
497296,0.0,0.0,1.0,0.0,0.0,1.0,0.0
497303,0.0,0.0,1.0,0.0,0.0,2.0,0.0
497803,0.0,0.0,1.0,0.0,0.0,0.0,0.0
497838,0.0,0.0,1.0,0.0,0.0,1.0,0.0
498338,0.0,0.0,1.0,0.0,0.0,0.0,0.0
499478,0.0,0.0,1.0,0.0,0.0,1.0,0.0
499978,0.0,0.0,1.0,0.0,0.0,0.0,0.0
499980,0.0,0.0,1.0,0.0,0.0,1.0,0.0
500480,0.0,0.0,1.0,0.0,0.0,0.0,0.0
504885,0.0,0.0,0.0,0.0,0.0,0.0,0.0
526035,0.0,0.0,0.0,0.0,0.0,1.0,0.0
526535,0.0,0.0,0.0,0.0,0.0,0.0,0.0
530276,0.0,0.0,0.0,0.0,1.0,0.0,0.0
530776,0.0,0.0,0.0,0.0,0.0,0.0,0.0
534850,0.0,0.0,0.0,0.0,1.0,0.0,0.0
535350,0.0,0.0,0.0,0.0,0.0,0.0,0.0
579193,0.0,0.0,0.0,0.0,1.0,0.0,0.0
579693,0.0,0.0,0.0,0.0,0.0,0.0,0.0
600000,0.0,0.0,0.0,0.0,0.0,0.0,1.0
600040,0.0,0.0,0.0,0.0,0.0,1.0,1.0
600093,0.0,0.0,0.0,0.0,0.0,2.0,1.0
600095,2.0,0.0,0.0,0.0,0.0,2.0,1.0
600208,2.0,2.0,0.0,0.0,0.0,2.0,1.0
600500,2.0,2.0,0.0,0.0,0.0,2.0,0.0
600530,2.0,2.0,0.0,0.0,1.0,2.0,0.0
600593,2.0,2.0,0.0,0.0,1.0,0.0,0.0
600595,0.0,2.0,0.0,0.0,1.0,0.0,0.0
600644,0.0,2.0,0.0,0.0,2.0,0.0,0.0
600708,0.0,0.0,0.0,0.0,2.0,0.0,0.0
601144,0.0,0.0,0.0,0.0,0.0,0.0,0.0
601372,0.0,0.0,1.0,0.0,0.0,0.0,0.0
602610,0.0,0.0,1.0,0.0,0.0,1.0,0.0
602623,0.0,0.0,1.0,0.0,0.0,2.0,0.0
602876,0.0,0.0,2.0,0.0,0.0,2.0,0.0
603123,0.0,0.0,2.0,0.0,0.0,0.0,0.0
603376,0.0,0.0,0.0,0.0,0.0,0.0,0.0
603835,0.0,0.0,0.0,0.0,0.0,1.0,0.0
603869,0.0,0.0,0.0,0.0,0.0,2.0,0.0
604369,0.0,0.0,0.0,0.0,0.0,0.0,0.0
604384,0.0,0.0,0.0,0.0,0.0,1.0,0.0
604393,0.0,0.0,0.0,0.0,0.0,2.0,0.0
604893,0.0,0.0,0.0,0.0,0.0,0.0,0.0
604993,0.0,0.0,0.0,0.0,0.0,1.0,0.0
605016,0.0,0.0,0.0,0.0,0.0,2.0,0.0
605199,0.0,0.0,1.0,0.0,0.0,2.0,0.0
605516,0.0,0.0,1.0,0.0,0.0,0.0,0.0
606432,0.0,0.0,1.0,0.0,0.0,1.0,0.0
606435,0.0,0.0,1.0,0.0,0.0,2.0,0.0
606935,0.0,0.0,1.0,0.0,0.0,0.0,0.0
607150,0.0,0.0,1.0,0.0,0.0,1.0,0.0
607220,0.0,0.0,1.0,0.0,0.0,2.0,0.0
607720,0.0,0.0,1.0,0.0,0.0,0.0,0.0
607789,0.0,0.0,1.0,0.0,0.0,1.0,0.0
607840,0.0,0.0,1.0,0.0,0.0,2.0,0.0
608199,0.0,0.0,0.0,0.0,0.0,2.0,0.0
608340,0.0,0.0,0.0,0.0,0.0,0.0,0.0
608685,0.0,0.0,0.0,0.0,0.0,1.0,0.0
609185,0.0,0.0,0.0,0.0,0.0,0.0,0.0
609487,0.0,0.0,0.0,0.0,0.0,1.0,0.0
609790,0.0,0.0,0.0,0.0,0.0,2.0,0.0
610290,0.0,0.0,0.0,0.0,0.0,0.0,0.0
610740,0.0,0.0,0.0,0.0,0.0,1.0,0.0
611240,0.0,0.0,0.0,0.0,0.0,0.0,0.0
612005,0.0,0.0,0.0,0.0,0.0,1.0,0.0
612041,0.0,0.0,0.0,0.0,0.0,2.0,0.0
612541,0.0,0.0,0.0,0.0,0.0,0.0,0.0
613505,0.0,0.0,0.0,0.0,0.0,1.0,0.0
613917,0.0,0.0,1.0,0.0,0.0,1.0,0.0
613921,0.0,2.0,1.0,0.0,0.0,1.0,0.0
614005,0.0,2.0,1.0,0.0,0.0,0.0,0.0
614006,0.0,2.0,1.0,0.0,0.0,1.0,0.0
614421,0.0,0.0,1.0,0.0,0.0,1.0,0.0
614506,0.0,0.0,1.0,0.0,0.0,0.0,0.0
615260,0.0,0.0,1.0,0.0,0.0,1.0,0.0
615417,0.0,0.0,0.0,0.0,0.0,1.0,0.0
615431,0.0,0.0,1.0,0.0,0.0,1.0,0.0
615760,0.0,0.0,1.0,0.0,0.0,0.0,0.0
615817,0.0,0.0,1.0,0.0,0.0,1.0,0.0
615931,0.0,0.0,0.0,0.0,0.0,1.0,0.0
616317,0.0,0.0,0.0,0.0,0.0,0.0,0.0
616331,0.0,0.0,0.0,0.0,0.0,1.0,0.0
616730,0.0,0.0,1.0,0.0,0.0,1.0,0.0
616831,0.0,0.0,1.0,0.0,0.0,0.0,0.0
616980,0.0,0.0,1.0,0.0,0.0,1.0,0.0
616983,0.0,0.0,1.0,0.0,0.0,2.0,0.0
617230,0.0,0.0,0.0,0.0,0.0,2.0,0.0
617233,0.0,0.0,1.0,0.0,0.0,2.0,0.0
617483,0.0,0.0,1.0,0.0,0.0,0.0,0.0
617721,0.0,0.0,1.0,0.0,0.0,1.0,0.0
617733,0.0,0.0,0.0,0.0,0.0,1.0,0.0
618221,0.0,0.0,0.0,0.0,0.0,0.0,0.0
618340,0.0,0.0,1.0,0.0,0.0,0.0,0.0
618932,0.0,0.0,1.0,0.0,0.0,1.0,0.0
619432,0.0,0.0,1.0,0.0,0.0,0.0,0.0
619874,0.0,0.0,1.0,0.0,0.0,1.0,0.0
620340,0.0,0.0,0.0,0.0,0.0,1.0,0.0
620374,0.0,0.0,0.0,0.0,0.0,0.0,0.0
620389,0.0,0.0,1.0,0.0,0.0,1.0,0.0
620889,0.0,0.0,1.0,0.0,0.0,0.0,0.0
621177,0.0,0.0,1.0,0.0,0.0,1.0,0.0
621237,0.0,0.0,1.0,0.0,0.0,2.0,0.0
621737,0.0,0.0,1.0,0.0,0.0,0.0,0.0
621814,0.0,0.0,1.0,0.0,0.0,1.0,0.0
622314,0.0,0.0,1.0,0.0,0.0,0.0,0.0
622612,0.0,0.0,1.0,0.0,0.0,1.0,0.0
622618,0.0,0.0,1.0,0.0,0.0,2.0,0.0
622889,0.0,0.0,0.0,0.0,0.0,2.0,0.0
623118,0.0,0.0,0.0,0.0,0.0,0.0,0.0
623490,0.0,0.0,0.0,0.0,0.0,1.0,0.0
623548,0.0,0.0,0.0,0.0,0.0,2.0,0.0
623724,0.0,0.0,1.0,0.0,0.0,2.0,0.0
624048,0.0,0.0,1.0,0.0,0.0,0.0,0.0
624073,0.0,0.0,1.0,0.0,0.0,1.0,0.0
624573,0.0,0.0,1.0,0.0,0.0,0.0,0.0
625224,0.0,0.0,0.0,0.0,0.0,0.0,0.0
626376,0.0,0.0,0.0,0.0,0.0,1.0,0.0
626390,0.0,0.0,1.0,0.0,0.0,1.0,0.0
626876,0.0,0.0,1.0,0.0,0.0,0.0,0.0
626890,0.0,0.0,0.0,0.0,0.0,0.0,0.0
627031,0.0,0.0,0.0,0.0,0.0,1.0,0.0
627409,0.0,0.0,0.0,0.0,0.0,2.0,0.0
627909,0.0,0.0,0.0,0.0,0.0,0.0,0.0
627987,0.0,0.0,1.0,0.0,0.0,0.0,0.0
628074,0.0,0.0,1.0,0.0,0.0,1.0,0.0
628079,0.0,0.0,1.0,0.0,0.0,2.0,0.0
628579,0.0,0.0,1.0,0.0,0.0,0.0,0.0
628987,0.0,0.0,0.0,0.0,0.0,0.0,0.0
629018,0.0,0.0,0.0,0.0,0.0,1.0,0.0
629416,0.0,0.0,1.0,0.0,0.0,1.0,0.0
629425,0.0,0.0,1.0,0.0,0.0,2.0,0.0
629925,0.0,0.0,1.0,0.0,0.0,0.0,0.0
630416,0.0,0.0,0.0,0.0,0.0,0.0,0.0
630447,0.0,0.0,0.0,0.0,0.0,1.0,0.0
630947,0.0,0.0,0.0,0.0,0.0,0.0,0.0
632205,0.0,0.0,0.0,0.0,0.0,1.0,0.0
632705,0.0,0.0,0.0,0.0,0.0,0.0,0.0
632913,0.0,0.0,0.0,0.0,0.0,1.0,0.0
633133,0.0,0.0,0.0,0.0,1.0,1.0,0.0
633413,0.0,0.0,0.0,0.0,1.0,0.0,0.0
633431,0.0,0.0,0.0,0.0,1.0,1.0,0.0
633633,0.0,0.0,0.0,0.0,0.0,1.0,0.0
633931,0.0,0.0,0.0,0.0,0.0,0.0,0.0
633956,0.0,0.0,0.0,0.0,0.0,1.0,0.0
634456,0.0,0.0,0.0,0.0,0.0,0.0,0.0
634683,0.0,0.0,0.0,0.0,0.0,1.0,0.0
634726,0.0,0.0,0.0,0.0,0.0,2.0,0.0
634759,0.0,0.0,1.0,0.0,0.0,2.0,0.0
635226,0.0,0.0,1.0,0.0,0.0,0.0,0.0
635259,0.0,0.0,0.0,0.0,0.0,0.0,0.0
635303,0.0,0.0,0.0,0.0,0.0,1.0,0.0
635437,0.0,0.0,1.0,0.0,0.0,1.0,0.0
635446,0.0,0.0,1.0,0.0,0.0,2.0,0.0
635937,0.0,0.0,0.0,0.0,0.0,2.0,0.0
635940,0.0,0.0,1.0,0.0,0.0,2.0,0.0
635946,0.0,0.0,1.0,0.0,0.0,0.0,0.0
636268,0.0,0.0,1.0,0.0,0.0,1.0,0.0
636440,0.0,0.0,0.0,0.0,0.0,1.0,0.0
636455,0.0,0.0,0.0,0.0,0.0,2.0,0.0
636463,0.0,0.0,1.0,0.0,0.0,2.0,0.0
636955,0.0,0.0,1.0,0.0,0.0,0.0,0.0
637233,0.0,0.0,1.0,0.0,0.0,1.0,0.0
637245,0.0,0.0,1.0,0.0,0.0,2.0,0.0
637745,0.0,0.0,1.0,0.0,0.0,0.0,0.0
637921,0.0,0.0,1.0,0.0,0.0,1.0,0.0
637926,0.0,0.0,1.0,0.0,0.0,2.0,0.0
638426,0.0,0.0,1.0,0.0,0.0,0.0,0.0
638639,0.0,0.0,1.0,0.0,0.0,1.0,0.0
638641,0.0,0.0,1.0,0.0,0.0,2.0,0.0
639141,0.0,0.0,1.0,0.0,0.0,0.0,0.0
639219,0.0,0.0,1.0,0.0,0.0,1.0,0.0
639719,0.0,0.0,1.0,0.0,0.0,0.0,0.0
639792,0.0,0.0,1.0,0.0,0.0,1.0,0.0
640041,0.0,2.0,1.0,0.0,0.0,1.0,0.0
640292,0.0,2.0,1.0,0.0,0.0,0.0,0.0
640541,0.0,0.0,1.0,0.0,0.0,0.0,0.0
640773,0.0,0.0,1.0,0.0,0.0,1.0,0.0
641273,0.0,0.0,1.0,0.0,0.0,0.0,0.0
641553,0.0,0.0,1.0,0.0,0.0,1.0,0.0
642053,0.0,0.0,1.0,0.0,0.0,0.0,0.0
642597,0.0,0.0,1.0,0.0,0.0,1.0,0.0
642887,0.0,0.0,1.0,0.0,0.0,2.0,0.0
643387,0.0,0.0,1.0,0.0,0.0,0.0,0.0
643546,0.0,0.0,1.0,0.0,0.0,1.0,0.0
644046,0.0,0.0,1.0,0.0,0.0,0.0,0.0
644848,0.0,0.0,1.0,0.0,0.0,1.0,0.0
645348,0.0,0.0,1.0,0.0,0.0,0.0,0.0
646011,0.0,0.0,1.0,0.0,0.0,1.0,0.0
646511,0.0,0.0,1.0,0.0,0.0,0.0,0.0
647179,0.0,2.0,1.0,0.0,0.0,0.0,0.0
647679,0.0,0.0,1.0,0.0,0.0,0.0,0.0
648047,0.0,0.0,1.0,0.0,0.0,1.0,0.0
648547,0.0,0.0,1.0,0.0,0.0,0.0,0.0
648844,0.0,0.0,1.0,0.0,0.0,1.0,0.0
649344,0.0,0.0,1.0,0.0,0.0,0.0,0.0
649675,0.0,0.0,1.0,0.0,0.0,1.0,0.0
649677,0.0,0.0,1.0,0.0,0.0,2.0,0.0
650177,0.0,0.0,1.0,0.0,0.0,0.0,0.0
650750,0.0,0.0,1.0,0.0,0.0,1.0,0.0
651229,0.0,0.0,1.0,0.0,0.0,2.0,0.0
651729,0.0,0.0,1.0,0.0,0.0,0.0,0.0
652048,0.0,0.0,1.0,0.0,0.0,1.0,0.0
652548,0.0,0.0,1.0,0.0,0.0,0.0,0.0
652595,0.0,0.0,1.0,0.0,0.0,1.0,0.0
653095,0.0,0.0,1.0,0.0,0.0,0.0,0.0
654009,0.0,0.0,1.0,0.0,0.0,1.0,0.0
654012,0.0,0.0,1.0,0.0,0.0,2.0,0.0
654355,0.0,2.0,1.0,0.0,0.0,2.0,0.0
654512,0.0,2.0,1.0,0.0,0.0,0.0,0.0
654567,0.0,2.0,1.0,0.0,0.0,1.0,0.0
654855,0.0,0.0,1.0,0.0,0.0,1.0,0.0
654911,0.0,0.0,1.0,0.0,0.0,2.0,0.0
655411,0.0,0.0,1.0,0.0,0.0,0.0,0.0
655438,0.0,0.0,1.0,0.0,0.0,1.0,0.0
655440,0.0,0.0,1.0,0.0,0.0,2.0,0.0
655940,0.0,0.0,1.0,0.0,0.0,0.0,0.0
656165,0.0,0.0,1.0,0.0,0.0,1.0,0.0
656186,0.0,0.0,1.0,0.0,0.0,2.0,0.0
656686,0.0,0.0,1.0,0.0,0.0,0.0,0.0
657412,0.0,0.0,1.0,0.0,0.0,1.0,0.0
657912,0.0,0.0,1.0,0.0,0.0,0.0,0.0
657960,0.0,0.0,1.0,0.0,0.0,1.0,0.0
658460,0.0,0.0,1.0,0.0,0.0,0.0,0.0
659641,0.0,0.0,1.0,0.0,0.0,1.0,0.0
659693,0.0,0.0,1.0,0.0,0.0,2.0,0.0
660193,0.0,0.0,1.0,0.0,0.0,0.0,0.0
660211,0.0,0.0,1.0,0.0,0.0,1.0,0.0
660226,0.0,0.0,1.0,0.0,0.0,2.0,0.0
660726,0.0,0.0,1.0,0.0,0.0,0.0,0.0
660901,0.0,0.0,1.0,0.0,0.0,1.0,0.0
661401,0.0,0.0,1.0,0.0,0.0,0.0,0.0
661411,0.0,0.0,1.0,0.0,0.0,1.0,0.0
661911,0.0,0.0,1.0,0.0,0.0,0.0,0.0
662364,0.0,0.0,1.0,0.0,0.0,1.0,0.0
662864,0.0,0.0,1.0,0.0,0.0,0.0,0.0
663022,0.0,0.0,1.0,0.0,0.0,1.0,0.0
663522,0.0,0.0,1.0,0.0,0.0,0.0,0.0
663663,0.0,0.0,1.0,0.0,0.0,1.0,0.0
664163,0.0,0.0,1.0,0.0,0.0,0.0,0.0
664181,0.0,0.0,1.0,0.0,0.0,1.0,0.0
664681,0.0,0.0,1.0,0.0,0.0,0.0,0.0
665019,0.0,0.0,1.0,0.0,0.0,1.0,0.0
665311,0.0,2.0,1.0,0.0,0.0,1.0,0.0
665519,0.0,2.0,1.0,0.0,0.0,0.0,0.0
665811,0.0,0.0,1.0,0.0,0.0,0.0,0.0
666478,0.0,0.0,1.0,0.0,0.0,1.0,0.0
666510,0.0,0.0,1.0,0.0,0.0,2.0,0.0
667010,0.0,0.0,1.0,0.0,0.0,0.0,0.0
669068,0.0,0.0,1.0,0.0,0.0,1.0,0.0
669568,0.0,0.0,1.0,0.0,0.0,0.0,0.0
669818,0.0,0.0,1.0,0.0,0.0,1.0,0.0
670318,0.0,0.0,1.0,0.0,0.0,0.0,0.0
670466,0.0,0.0,1.0,0.0,0.0,1.0,0.0
670966,0.0,0.0,1.0,0.0,0.0,0.0,0.0
671282,0.0,0.0,1.0,0.0,0.0,1.0,0.0
671284,0.0,0.0,1.0,0.0,0.0,2.0,0.0
671784,0.0,0.0,1.0,0.0,0.0,0.0,0.0
671818,0.0,0.0,1.0,0.0,0.0,1.0,0.0
672318,0.0,0.0,1.0,0.0,0.0,0.0,0.0
672743,0.0,0.0,1.0,0.0,0.0,1.0,0.0
673243,0.0,0.0,1.0,0.0,0.0,0.0,0.0
673271,0.0,0.0,1.0,0.0,0.0,1.0,0.0
673771,0.0,0.0,1.0,0.0,0.0,0.0,0.0
674088,0.0,0.0,1.0,0.0,0.0,1.0,0.0
674121,0.0,0.0,1.0,0.0,0.0,2.0,0.0
674621,0.0,0.0,1.0,0.0,0.0,0.0,0.0
674898,0.0,0.0,1.0,0.0,0.0,1.0,0.0
674913,0.0,0.0,1.0,0.0,0.0,2.0,0.0
675413,0.0,0.0,1.0,0.0,0.0,0.0,0.0
675516,0.0,0.0,1.0,0.0,0.0,1.0,0.0
676016,0.0,0.0,1.0,0.0,0.0,0.0,0.0
676037,0.0,0.0,1.0,0.0,0.0,1.0,0.0
676090,0.0,0.0,1.0,0.0,0.0,2.0,0.0
676590,0.0,0.0,1.0,0.0,0.0,0.0,0.0
677256,0.0,0.0,1.0,0.0,0.0,1.0,0.0
677756,0.0,0.0,1.0,0.0,0.0,0.0,0.0
677953,0.0,0.0,1.0,0.0,0.0,1.0,0.0
677955,0.0,0.0,1.0,0.0,0.0,2.0,0.0
678455,0.0,0.0,1.0,0.0,0.0,0.0,0.0
678750,0.0,0.0,1.0,0.0,0.0,1.0,0.0
679250,0.0,0.0,1.0,0.0,0.0,0.0,0.0
679401,0.0,0.0,1.0,0.0,0.0,1.0,0.0
679450,0.0,0.0,1.0,0.0,0.0,2.0,0.0
679950,0.0,0.0,1.0,0.0,0.0,0.0,0.0
680850,0.0,0.0,1.0,0.0,0.0,1.0,0.0
681350,0.0,0.0,1.0,0.0,0.0,0.0,0.0
681374,0.0,0.0,1.0,0.0,0.0,1.0,0.0
681874,0.0,0.0,1.0,0.0,0.0,0.0,0.0
681908,0.0,0.0,1.0,0.0,0.0,1.0,0.0
681911,0.0,0.0,1.0,0.0,0.0,2.0,0.0
682411,0.0,0.0,1.0,0.0,0.0,0.0,0.0
682512,0.0,0.0,1.0,0.0,0.0,1.0,0.0
683012,0.0,0.0,1.0,0.0,0.0,0.0,0.0
683095,0.0,0.0,1.0,0.0,0.0,1.0,0.0
683595,0.0,0.0,1.0,0.0,0.0,0.0,0.0
683620,0.0,0.0,1.0,0.0,0.0,1.0,0.0
684120,0.0,0.0,1.0,0.0,0.0,0.0,0.0
685185,0.0,0.0,1.0,0.0,0.0,1.0,0.0
685205,0.0,0.0,1.0,0.0,0.0,2.0,0.0
685705,0.0,0.0,1.0,0.0,0.0,0.0,0.0
686141,0.0,0.0,1.0,0.0,0.0,1.0,0.0
686641,0.0,0.0,1.0,0.0,0.0,0.0,0.0
687599,0.0,0.0,1.0,0.0,0.0,1.0,0.0
688099,0.0,0.0,1.0,0.0,0.0,0.0,0.0
688144,0.0,0.0,1.0,0.0,0.0,1.0,0.0
688360,0.0,0.0,1.0,0.0,0.0,2.0,0.0
688860,0.0,0.0,1.0,0.0,0.0,0.0,0.0
688992,0.0,0.0,1.0,0.0,0.0,1.0,0.0
689492,0.0,0.0,1.0,0.0,0.0,0.0,0.0
691821,0.0,0.0,1.0,0.0,0.0,1.0,0.0
691823,0.0,0.0,1.0,0.0,0.0,2.0,0.0
692323,0.0,0.0,1.0,0.0,0.0,1.0,0.0
692325,0.0,0.0,1.0,0.0,0.0,2.0,0.0
692825,0.0,0.0,1.0,0.0,0.0,0.0,0.0
694619,0.0,0.0,1.0,0.0,0.0,1.0,0.0
694775,0.0,0.0,1.0,0.0,0.0,2.0,0.0
695275,0.0,0.0,1.0,0.0,0.0,0.0,0.0
695935,0.0,0.0,1.0,0.0,0.0,1.0,0.0
696435,0.0,0.0,1.0,0.0,0.0,0.0,0.0
696447,0.0,0.0,1.0,0.0,0.0,1.0,0.0
696454,0.0,0.0,1.0,0.0,0.0,2.0,0.0
696954,0.0,0.0,1.0,0.0,0.0,0.0,0.0
697485,0.0,0.0,1.0,0.0,0.0,1.0,0.0
697488,0.0,0.0,1.0,0.0,0.0,2.0,0.0
697988,0.0,0.0,1.0,0.0,0.0,0.0,0.0
698368,0.0,0.0,1.0,0.0,0.0,1.0,0.0
698868,0.0,0.0,1.0,0.0,0.0,0.0,0.0
701463,0.0,0.0,0.0,0.0,0.0,0.0,0.0
702357,0.0,0.0,0.0,0.0,1.0,0.0,0.0
702857,0.0,0.0,0.0,0.0,0.0,0.0,0.0
800000,0.0,0.0,0.0,0.0,0.0,0.0,1.0
800018,0.0,0.0,0.0,0.0,0.0,1.0,1.0
800020,0.0,0.0,0.0,0.0,0.0,2.0,1.0
800063,2.0,0.0,0.0,0.0,0.0,2.0,1.0
800193,2.0,2.0,0.0,0.0,0.0,2.0,1.0
800399,2.0,2.0,0.0,0.0,1.0,2.0,1.0
800481,2.0,2.0,0.0,0.0,2.0,2.0,1.0
800500,2.0,2.0,0.0,0.0,2.0,2.0,0.0
800520,2.0,2.0,0.0,0.0,2.0,0.0,0.0
800563,0.0,2.0,0.0,0.0,2.0,0.0,0.0
800693,0.0,0.0,0.0,0.0,2.0,0.0,0.0
800981,0.0,0.0,0.0,0.0,0.0,0.0,0.0
801095,0.0,0.0,1.0,0.0,0.0,0.0,0.0
801457,0.0,0.0,1.0,0.0,0.0,1.0,0.0
801957,0.0,0.0,1.0,0.0,0.0,0.0,0.0
802139,0.0,0.0,1.0,0.0,0.0,1.0,0.0
802142,0.0,0.0,1.0,0.0,0.0,2.0,0.0
802334,0.0,0.0,2.0,0.0,0.0,2.0,0.0
802642,0.0,0.0,2.0,0.0,0.0,0.0,0.0
802648,0.0,0.0,2.0,0.0,0.0,1.0,0.0
802834,0.0,0.0,0.0,0.0,0.0,1.0,0.0
803148,0.0,0.0,0.0,0.0,0.0,0.0,0.0
803153,0.0,0.0,0.0,0.0,0.0,1.0,0.0
803158,0.0,0.0,0.0,0.0,0.0,2.0,0.0
803658,0.0,0.0,0.0,0.0,0.0,0.0,0.0
803694,0.0,0.0,0.0,0.0,0.0,1.0,0.0
803699,0.0,0.0,0.0,0.0,0.0,2.0,0.0
804199,0.0,0.0,0.0,0.0,0.0,0.0,0.0
804823,0.0,0.0,0.0,0.0,0.0,1.0,0.0
804828,0.0,0.0,0.0,0.0,0.0,2.0,0.0
805328,0.0,0.0,0.0,0.0,0.0,0.0,0.0
807359,0.0,0.0,0.0,0.0,0.0,1.0,0.0
807859,0.0,0.0,0.0,0.0,0.0,0.0,0.0
808324,0.0,0.0,0.0,0.0,0.0,1.0,0.0
808455,0.0,0.0,0.0,0.0,0.0,2.0,0.0
808955,0.0,0.0,0.0,0.0,0.0,0.0,0.0
809140,0.0,0.0,0.0,0.0,0.0,1.0,0.0
809640,0.0,0.0,0.0,0.0,0.0,0.0,0.0
810012,0.0,0.0,0.0,0.0,0.0,1.0,0.0
810065,0.0,0.0,0.0,0.0,0.0,2.0,0.0
810565,0.0,0.0,0.0,0.0,0.0,0.0,0.0
811190,0.0,0.0,0.0,0.0,0.0,1.0,0.0
811690,0.0,0.0,0.0,0.0,0.0,0.0,0.0
812849,0.0,0.0,0.0,0.0,0.0,1.0,0.0
813103,0.0,0.0,0.0,0.0,0.0,2.0,0.0
813603,0.0,0.0,0.0,0.0,0.0,0.0,0.0
813715,0.0,0.0,0.0,0.0,0.0,1.0,0.0
814215,0.0,0.0,0.0,0.0,0.0,0.0,0.0
814246,0.0,0.0,0.0,0.0,0.0,1.0,0.0
814746,0.0,0.0,0.0,0.0,0.0,0.0,0.0
815694,0.0,0.0,0.0,0.0,0.0,1.0,0.0
816194,0.0,0.0,0.0,0.0,0.0,0.0,0.0
816474,0.0,0.0,0.0,0.0,0.0,1.0,0.0
816570,0.0,0.0,0.0,0.0,0.0,2.0,0.0
817070,0.0,0.0,0.0,0.0,0.0,0.0,0.0
817088,0.0,0.0,0.0,0.0,0.0,1.0,0.0
817588,0.0,0.0,0.0,0.0,0.0,0.0,0.0
817742,0.0,0.0,0.0,0.0,0.0,1.0,0.0
818242,0.0,0.0,0.0,0.0,0.0,0.0,0.0
818348,0.0,0.0,0.0,0.0,0.0,1.0,0.0
818351,0.0,0.0,0.0,0.0,0.0,2.0,0.0
818851,0.0,0.0,0.0,0.0,0.0,0.0,0.0
819429,0.0,0.0,0.0,0.0,0.0,1.0,0.0
819929,0.0,0.0,0.0,0.0,0.0,0.0,0.0
820480,0.0,0.0,0.0,0.0,0.0,1.0,0.0
820980,0.0,0.0,0.0,0.0,0.0,0.0,0.0
822107,0.0,0.0,0.0,0.0,0.0,1.0,0.0
822445,0.0,0.0,0.0,0.0,0.0,2.0,0.0
822945,0.0,0.0,0.0,0.0,0.0,0.0,0.0
823141,0.0,0.0,0.0,0.0,0.0,1.0,0.0
823641,0.0,0.0,0.0,0.0,0.0,0.0,0.0
823690,0.0,0.0,0.0,0.0,0.0,1.0,0.0
824032,0.0,0.0,0.0,0.0,0.0,2.0,0.0
824532,0.0,0.0,0.0,0.0,0.0,0.0,0.0
824725,0.0,0.0,0.0,0.0,0.0,1.0,0.0
825150,0.0,0.0,0.0,0.0,0.0,2.0,0.0
825650,0.0,0.0,0.0,0.0,0.0,0.0,0.0
826279,0.0,0.0,0.0,0.0,0.0,1.0,0.0
826495,0.0,0.0,0.0,0.0,0.0,2.0,0.0
826995,0.0,0.0,0.0,0.0,0.0,0.0,0.0
827323,0.0,0.0,0.0,0.0,0.0,1.0,0.0
827823,0.0,0.0,0.0,0.0,0.0,0.0,0.0
828115,0.0,0.0,0.0,0.0,0.0,1.0,0.0
828586,0.0,0.0,0.0,0.0,0.0,2.0,0.0
829086,0.0,0.0,0.0,0.0,0.0,0.0,0.0
829568,0.0,0.0,0.0,0.0,0.0,1.0,0.0
829609,0.0,0.0,0.0,0.0,0.0,2.0,0.0
830109,0.0,0.0,0.0,0.0,0.0,0.0,0.0
830117,0.0,0.0,0.0,0.0,0.0,1.0,0.0
830617,0.0,0.0,0.0,0.0,0.0,0.0,0.0
830877,0.0,0.0,0.0,0.0,0.0,1.0,0.0
830891,0.0,0.0,0.0,0.0,0.0,2.0,0.0
831391,0.0,0.0,0.0,0.0,0.0,0.0,0.0
831788,0.0,0.0,0.0,0.0,0.0,1.0,0.0
832288,0.0,0.0,0.0,0.0,0.0,0.0,0.0
832621,0.0,0.0,0.0,0.0,0.0,1.0,0.0
832973,0.0,0.0,0.0,0.0,0.0,2.0,0.0
833473,0.0,0.0,0.0,0.0,0.0,0.0,0.0
834684,0.0,0.0,0.0,0.0,0.0,1.0,0.0
834693,0.0,0.0,0.0,0.0,0.0,2.0,0.0
835193,0.0,0.0,0.0,0.0,0.0,0.0,0.0
836114,0.0,0.0,0.0,0.0,0.0,1.0,0.0
836598,0.0,0.0,0.0,0.0,0.0,2.0,0.0
837098,0.0,0.0,0.0,0.0,0.0,0.0,0.0
837968,0.0,0.0,0.0,0.0,0.0,1.0,0.0
838468,0.0,0.0,0.0,0.0,0.0,0.0,0.0
838857,0.0,0.0,0.0,0.0,0.0,1.0,0.0
839086,0.0,0.0,0.0,0.0,0.0,2.0,0.0
839586,0.0,0.0,0.0,0.0,0.0,0.0,0.0
840842,0.0,0.0,0.0,0.0,0.0,1.0,0.0
840844,0.0,0.0,0.0,0.0,0.0,2.0,0.0
841344,0.0,0.0,0.0,0.0,0.0,0.0,0.0
842028,0.0,0.0,0.0,0.0,0.0,1.0,0.0
842528,0.0,0.0,0.0,0.0,0.0,0.0,0.0
842565,0.0,0.0,0.0,0.0,0.0,1.0,0.0
842604,0.0,0.0,0.0,0.0,0.0,2.0,0.0
843104,0.0,0.0,0.0,0.0,0.0,0.0,0.0
843341,0.0,0.0,0.0,0.0,0.0,1.0,0.0
843841,0.0,0.0,0.0,0.0,0.0,0.0,0.0
843986,0.0,0.0,0.0,0.0,0.0,1.0,0.0
844486,0.0,0.0,0.0,0.0,0.0,0.0,0.0
845120,0.0,0.0,0.0,0.0,0.0,1.0,0.0
845140,0.0,0.0,0.0,0.0,0.0,2.0,0.0
845640,0.0,0.0,0.0,0.0,0.0,0.0,0.0
846977,0.0,0.0,0.0,0.0,0.0,1.0,0.0
846986,0.0,0.0,0.0,0.0,0.0,2.0,0.0
847486,0.0,0.0,0.0,0.0,0.0,0.0,0.0
847786,0.0,0.0,0.0,0.0,0.0,1.0,0.0
848286,0.0,0.0,0.0,0.0,0.0,0.0,0.0
848318,0.0,0.0,0.0,0.0,0.0,1.0,0.0
848818,0.0,0.0,0.0,0.0,0.0,0.0,0.0
849360,0.0,0.0,0.0,0.0,0.0,1.0,0.0
849661,0.0,0.0,0.0,0.0,0.0,2.0,0.0
850161,0.0,0.0,0.0,0.0,0.0,0.0,0.0
850291,0.0,0.0,0.0,0.0,0.0,1.0,0.0
850791,0.0,0.0,0.0,0.0,0.0,0.0,0.0
852061,0.0,0.0,0.0,0.0,0.0,1.0,0.0
852274,0.0,0.0,0.0,0.0,0.0,2.0,0.0
852774,0.0,0.0,0.0,0.0,0.0,0.0,0.0
853366,0.0,0.0,0.0,0.0,0.0,1.0,0.0
853866,0.0,0.0,0.0,0.0,0.0,0.0,0.0
853868,0.0,0.0,0.0,0.0,0.0,1.0,0.0
853956,0.0,0.0,0.0,0.0,0.0,2.0,0.0
854456,0.0,0.0,0.0,0.0,0.0,0.0,0.0
854523,0.0,0.0,0.0,0.0,0.0,1.0,0.0
855013,0.0,0.0,0.0,0.0,0.0,2.0,0.0
855513,0.0,0.0,0.0,0.0,0.0,0.0,0.0
855583,0.0,0.0,0.0,0.0,0.0,1.0,0.0
856083,0.0,0.0,0.0,0.0,0.0,0.0,0.0
856208,0.0,0.0,0.0,0.0,0.0,1.0,0.0
856708,0.0,0.0,0.0,0.0,0.0,0.0,0.0
857045,0.0,0.0,0.0,0.0,0.0,1.0,0.0
857161,0.0,0.0,0.0,0.0,0.0,2.0,0.0
857661,0.0,0.0,0.0,0.0,0.0,0.0,0.0
858266,0.0,0.0,0.0,0.0,0.0,1.0,0.0
858766,0.0,0.0,0.0,0.0,0.0,0.0,0.0
858768,0.0,0.0,0.0,0.0,0.0,1.0,0.0
858770,0.0,0.0,0.0,0.0,0.0,2.0,0.0
859270,0.0,0.0,0.0,0.0,0.0,0.0,0.0
860233,0.0,0.0,0.0,0.0,0.0,1.0,0.0
860733,0.0,0.0,0.0,0.0,0.0,0.0,0.0
860942,0.0,0.0,0.0,0.0,0.0,1.0,0.0
861009,0.0,0.0,0.0,0.0,0.0,2.0,0.0
861509,0.0,0.0,0.0,0.0,0.0,0.0,0.0
862042,0.0,0.0,0.0,0.0,0.0,1.0,0.0
862044,0.0,0.0,0.0,0.0,0.0,2.0,0.0
862544,0.0,0.0,0.0,0.0,0.0,0.0,0.0
863587,0.0,0.0,0.0,0.0,0.0,1.0,0.0
864087,0.0,0.0,0.0,0.0,0.0,0.0,0.0
864190,0.0,0.0,0.0,0.0,0.0,1.0,0.0
864193,0.0,0.0,0.0,0.0,0.0,2.0,0.0
864693,0.0,0.0,0.0,0.0,0.0,0.0,0.0
864772,0.0,0.0,0.0,0.0,0.0,1.0,0.0
864775,0.0,2.0,0.0,0.0,0.0,1.0,0.0
865275,0.0,0.0,0.0,0.0,0.0,1.0,0.0
865772,0.0,0.0,0.0,0.0,0.0,0.0,0.0
866147,0.0,0.0,0.0,0.0,0.0,1.0,0.0
866647,0.0,0.0,0.0,0.0,0.0,0.0,0.0
866707,0.0,0.0,0.0,0.0,0.0,1.0,0.0
866709,0.0,0.0,0.0,0.0,0.0,2.0,0.0
867209,0.0,0.0,0.0,0.0,0.0,0.0,0.0
867219,0.0,0.0,0.0,0.0,0.0,1.0,0.0
867719,0.0,0.0,0.0,0.0,0.0,0.0,0.0
868216,0.0,0.0,0.0,0.0,0.0,1.0,0.0
868716,0.0,0.0,0.0,0.0,0.0,0.0,0.0
868765,0.0,0.0,0.0,0.0,0.0,1.0,0.0
869093,0.0,0.0,0.0,0.0,0.0,2.0,0.0
869593,0.0,0.0,0.0,0.0,0.0,0.0,0.0
869621,0.0,0.0,0.0,0.0,0.0,1.0,0.0
870121,0.0,0.0,0.0,0.0,0.0,0.0,0.0
870249,0.0,0.0,0.0,0.0,0.0,1.0,0.0
870749,0.0,0.0,0.0,0.0,0.0,0.0,0.0
872114,0.0,0.0,0.0,0.0,0.0,1.0,0.0
872128,0.0,0.0,0.0,0.0,0.0,2.0,0.0
872628,0.0,0.0,0.0,0.0,0.0,0.0,0.0
873295,0.0,0.0,0.0,0.0,0.0,1.0,0.0
873297,0.0,0.0,0.0,0.0,0.0,2.0,0.0
873797,0.0,0.0,0.0,0.0,0.0,0.0,0.0
874746,0.0,0.0,0.0,0.0,0.0,1.0,0.0
874827,0.0,0.0,0.0,0.0,0.0,2.0,0.0
875327,0.0,0.0,0.0,0.0,0.0,0.0,0.0
875998,0.0,0.0,0.0,0.0,0.0,1.0,0.0
876001,0.0,0.0,0.0,0.0,0.0,2.0,0.0
876501,0.0,0.0,0.0,0.0,0.0,0.0,0.0
876511,0.0,0.0,0.0,0.0,0.0,1.0,0.0
876525,0.0,0.0,0.0,0.0,0.0,2.0,0.0
877025,0.0,0.0,0.0,0.0,0.0,0.0,0.0
878054,0.0,0.0,0.0,0.0,0.0,1.0,0.0
878554,0.0,0.0,0.0,0.0,0.0,0.0,0.0
878557,0.0,0.0,0.0,0.0,0.0,1.0,0.0
879057,0.0,0.0,0.0,0.0,0.0,0.0,0.0
879542,0.0,0.0,0.0,0.0,0.0,1.0,0.0
880042,0.0,0.0,0.0,0.0,0.0,0.0,0.0
880957,0.0,0.0,0.0,0.0,0.0,1.0,0.0
881457,0.0,0.0,0.0,0.0,0.0,0.0,0.0
881497,0.0,0.0,0.0,0.0,0.0,1.0,0.0
881997,0.0,0.0,0.0,0.0,0.0,0.0,0.0
882858,0.0,0.0,0.0,0.0,0.0,1.0,0.0
882869,0.0,0.0,0.0,0.0,0.0,2.0,0.0
883369,0.0,0.0,0.0,0.0,0.0,0.0,0.0
883805,0.0,0.0,0.0,0.0,0.0,1.0,0.0
884305,0.0,0.0,0.0,0.0,0.0,0.0,0.0
884323,0.0,0.0,0.0,0.0,0.0,1.0,0.0
884333,0.0,0.0,0.0,0.0,0.0,2.0,0.0
884833,0.0,0.0,0.0,0.0,0.0,0.0,0.0
885280,0.0,0.0,0.0,0.0,0.0,1.0,0.0
885780,0.0,0.0,0.0,0.0,0.0,0.0,0.0
885791,0.0,0.0,0.0,0.0,0.0,1.0,0.0
886291,0.0,0.0,0.0,0.0,0.0,0.0,0.0
886367,0.0,0.0,0.0,0.0,0.0,1.0,0.0
886372,0.0,0.0,0.0,0.0,0.0,2.0,0.0
886872,0.0,0.0,0.0,0.0,0.0,0.0,0.0
888180,0.0,0.0,0.0,0.0,0.0,1.0,0.0
888194,0.0,0.0,0.0,0.0,0.0,2.0,0.0
888694,0.0,0.0,0.0,0.0,0.0,0.0,0.0
889194,0.0,0.0,0.0,0.0,0.0,1.0,0.0
889196,0.0,0.0,0.0,0.0,0.0,2.0,0.0
889696,0.0,0.0,0.0,0.0,0.0,0.0,0.0
890093,0.0,0.0,0.0,0.0,0.0,1.0,0.0
890593,0.0,0.0,0.0,0.0,0.0,0.0,0.0
890612,0.0,0.0,0.0,0.0,0.0,1.0,0.0
891112,0.0,0.0,0.0,0.0,0.0,0.0,0.0
891795,0.0,0.0,0.0,0.0,0.0,1.0,0.0
892043,0.0,0.0,0.0,0.0,0.0,2.0,0.0
892543,0.0,0.0,0.0,0.0,0.0,0.0,0.0
892672,0.0,0.0,0.0,0.0,0.0,1.0,0.0
892681,0.0,0.0,0.0,0.0,0.0,2.0,0.0
893181,0.0,0.0,0.0,0.0,0.0,0.0,0.0
893683,0.0,0.0,0.0,0.0,0.0,1.0,0.0
894244,0.0,0.0,0.0,0.0,0.0,2.0,0.0
894744,0.0,0.0,0.0,0.0,0.0,0.0,0.0
895065,0.0,0.0,0.0,0.0,0.0,1.0,0.0
895080,0.0,0.0,0.0,0.0,0.0,2.0,0.0
895580,0.0,0.0,0.0,0.0,0.0,0.0,0.0
895648,0.0,0.0,0.0,0.0,0.0,1.0,0.0
896148,0.0,0.0,0.0,0.0,0.0,0.0,0.0
896208,0.0,0.0,0.0,0.0,0.0,1.0,0.0
896247,0.0,2.0,0.0,0.0,0.0,1.0,0.0
896708,0.0,2.0,0.0,0.0,0.0,0.0,0.0
896747,0.0,0.0,0.0,0.0,0.0,0.0,0.0
896796,0.0,0.0,0.0,0.0,0.0,1.0,0.0
897296,0.0,0.0,0.0,0.0,0.0,0.0,0.0
897685,0.0,0.0,0.0,0.0,0.0,1.0,0.0
897698,0.0,0.0,0.0,0.0,0.0,2.0,0.0
898198,0.0,0.0,0.0,0.0,0.0,0.0,0.0
899560,0.0,0.0,0.0,0.0,0.0,1.0,0.0
899565,0.0,0.0,0.0,0.0,0.0,2.0,0.0
900065,0.0,0.0,0.0,0.0,0.0,0.0,0.0
919076,0.0,0.0,0.0,0.0,0.0,1.0,0.0
919576,0.0,0.0,0.0,0.0,0.0,0.0,0.0
1000000,0.0,0.0,0.0,0.0,0.0,0.0,1.0
1000010,0.0,0.0,0.0,0.0,1.0,1.0,1.0
1000015,0.0,0.0,0.0,0.0,2.0,2.0,1.0
1000063,2.0,0.0,0.0,0.0,2.0,2.0,1.0
1000126,2.0,2.0,0.0,0.0,2.0,2.0,1.0
1000500,2.0,2.0,0.0,0.0,2.0,2.0,0.0
1000515,2.0,2.0,0.0,0.0,0.0,0.0,0.0
1000563,0.0,2.0,0.0,0.0,0.0,0.0,0.0
1000578,0.0,2.0,0.0,0.0,0.0,1.0,0.0
1000626,0.0,0.0,0.0,0.0,0.0,1.0,0.0
1001078,0.0,0.0,0.0,0.0,0.0,0.0,0.0
1001115,0.0,0.0,0.0,0.0,0.0,1.0,0.0
1001365,0.0,0.0,1.0,0.0,0.0,1.0,0.0
1001615,0.0,0.0,1.0,0.0,0.0,0.0,0.0
1001771,0.0,0.0,1.0,0.0,0.0,1.0,0.0
1001773,0.0,0.0,1.0,0.0,0.0,2.0,0.0
1002273,0.0,0.0,1.0,0.0,0.0,0.0,0.0
1002421,0.0,0.0,1.0,0.0,0.0,1.0,0.0
1002717,0.0,0.0,2.0,0.0,0.0,1.0,0.0
1002921,0.0,0.0,2.0,0.0,0.0,0.0,0.0
1003189,0.0,0.0,2.0,0.0,0.0,1.0,0.0
1003217,0.0,0.0,0.0,0.0,0.0,1.0,0.0
1003689,0.0,0.0,0.0,0.0,0.0,0.0,0.0
1004087,0.0,0.0,0.0,0.0,0.0,1.0,0.0
1004587,0.0,0.0,0.0,0.0,0.0,0.0,0.0
1004634,0.0,0.0,0.0,0.0,0.0,1.0,0.0
1005134,0.0,0.0,0.0,0.0,0.0,0.0,0.0
1005351,0.0,0.0,0.0,0.0,0.0,1.0,0.0
1005361,0.0,0.0,0.0,0.0,0.0,2.0,0.0
1005861,0.0,0.0,0.0,0.0,0.0,0.0,0.0
1005979,0.0,0.0,0.0,0.0,0.0,1.0,0.0
1006016,0.0,0.0,0.0,0.0,0.0,2.0,0.0
1006064,0.0,2.0,0.0,0.0,0.0,2.0,0.0
1006516,0.0,2.0,0.0,0.0,0.0,0.0,0.0
1006564,0.0,0.0,0.0,0.0,0.0,0.0,0.0
1006714,0.0,0.0,0.0,0.0,0.0,1.0,0.0
1007214,0.0,0.0,0.0,0.0,0.0,0.0,0.0
1007522,0.0,0.0,0.0,0.0,0.0,1.0,0.0
1007525,0.0,0.0,0.0,0.0,0.0,2.0,0.0
1008025,0.0,0.0,0.0,0.0,0.0,0.0,0.0
1008036,0.0,0.0,0.0,0.0,1.0,0.0,0.0
1008497,0.0,0.0,0.0,0.0,1.0,1.0,0.0
1008536,0.0,0.0,0.0,0.0,0.0,1.0,0.0
1008997,0.0,0.0,0.0,0.0,0.0,0.0,0.0
1009038,0.0,0.0,0.0,0.0,0.0,1.0,0.0
1009538,0.0,0.0,0.0,0.0,0.0,0.0,0.0
1011077,0.0,0.0,0.0,0.0,0.0,1.0,0.0
1011226,0.0,0.0,0.0,0.0,1.0,1.0,0.0
1011227,0.0,0.0,0.0,0.0,1.0,2.0,0.0
1011726,0.0,0.0,0.0,0.0,0.0,2.0,0.0
1011727,0.0,0.0,0.0,0.0,0.0,0.0,0.0
1011841,0.0,0.0,0.0,0.0,0.0,1.0,0.0
1011851,0.0,0.0,0.0,0.0,0.0,2.0,0.0
1012351,0.0,0.0,0.0,0.0,0.0,0.0,0.0
1012529,0.0,0.0,0.0,0.0,0.0,1.0,0.0
1012589,0.0,0.0,0.0,0.0,0.0,2.0,0.0
1013089,0.0,0.0,0.0,0.0,0.0,0.0,0.0
1013680,0.0,0.0,0.0,0.0,0.0,1.0,0.0
1014180,0.0,0.0,0.0,0.0,0.0,0.0,0.0
1014407,0.0,0.0,0.0,0.0,0.0,1.0,0.0
1014907,0.0,0.0,0.0,0.0,0.0,0.0,0.0
1015032,0.0,0.0,0.0,0.0,0.0,1.0,0.0
1015532,0.0,0.0,0.0,0.0,0.0,0.0,0.0
1015533,0.0,0.0,0.0,0.0,0.0,1.0,0.0
1015859,0.0,0.0,0.0,0.0,0.0,2.0,0.0
1016359,0.0,0.0,0.0,0.0,0.0,0.0,0.0
1016399,0.0,0.0,0.0,0.0,0.0,1.0,0.0
1016899,0.0,0.0,0.0,0.0,0.0,0.0,0.0
1016900,0.0,0.0,0.0,0.0,0.0,1.0,0.0
1016924,0.0,0.0,0.0,0.0,0.0,2.0,0.0
1017424,0.0,0.0,0.0,0.0,0.0,0.0,0.0
1017541,0.0,0.0,0.0,0.0,0.0,1.0,0.0
1018041,0.0,0.0,0.0,0.0,0.0,0.0,0.0
1018694,0.0,0.0,0.0,0.0,0.0,1.0,0.0
1019194,0.0,0.0,0.0,0.0,0.0,0.0,0.0
1019222,0.0,0.0,0.0,0.0,0.0,1.0,0.0
1019722,0.0,0.0,0.0,0.0,0.0,0.0,0.0
1019912,0.0,0.0,0.0,0.0,0.0,1.0,0.0
1020101,0.0,0.0,0.0,0.0,0.0,2.0,0.0
1020601,0.0,0.0,0.0,0.0,0.0,0.0,0.0
1020990,0.0,0.0,0.0,0.0,0.0,1.0,0.0
1020997,0.0,0.0,0.0,0.0,0.0,2.0,0.0
1021497,0.0,0.0,0.0,0.0,0.0,0.0,0.0
1023087,0.0,0.0,0.0,0.0,0.0,1.0,0.0
1023133,0.0,0.0,0.0,0.0,0.0,2.0,0.0
1023633,0.0,0.0,0.0,0.0,0.0,0.0,0.0
1024261,0.0,0.0,0.0,0.0,0.0,1.0,0.0
1024761,0.0,0.0,0.0,0.0,0.0,0.0,0.0
1024919,0.0,0.0,0.0,0.0,0.0,1.0,0.0
1025419,0.0,0.0,0.0,0.0,0.0,0.0,0.0
1025803,0.0,0.0,0.0,0.0,0.0,1.0,0.0
1025808,0.0,0.0,0.0,0.0,0.0,2.0,0.0
1026308,0.0,0.0,0.0,0.0,0.0,0.0,0.0
1026339,0.0,0.0,0.0,0.0,0.0,1.0,0.0
1026752,0.0,0.0,0.0,0.0,0.0,2.0,0.0
1027252,0.0,0.0,0.0,0.0,0.0,0.0,0.0
1027389,0.0,0.0,0.0,0.0,0.0,1.0,0.0
1027641,0.0,0.0,0.0,0.0,0.0,2.0,0.0
1028141,0.0,0.0,0.0,0.0,0.0,0.0,0.0
1028691,0.0,0.0,0.0,0.0,0.0,1.0,0.0
1029191,0.0,0.0,0.0,0.0,0.0,0.0,0.0
1029696,0.0,0.0,0.0,0.0,0.0,1.0,0.0
1030196,0.0,0.0,0.0,0.0,0.0,0.0,0.0
1031683,0.0,0.0,0.0,0.0,0.0,1.0,0.0
1031686,0.0,0.0,0.0,0.0,0.0,2.0,0.0
1032186,0.0,0.0,0.0,0.0,0.0,0.0,0.0
1032420,0.0,0.0,0.0,0.0,0.0,1.0,0.0
1032446,0.0,2.0,0.0,0.0,0.0,1.0,0.0
1032920,0.0,2.0,0.0,0.0,0.0,0.0,0.0
1032946,0.0,0.0,0.0,0.0,0.0,0.0,0.0
1033042,0.0,0.0,0.0,0.0,0.0,1.0,0.0
1033047,0.0,0.0,0.0,0.0,0.0,2.0,0.0
1033547,0.0,0.0,0.0,0.0,0.0,0.0,0.0
1033564,0.0,0.0,0.0,0.0,0.0,1.0,0.0
1034064,0.0,0.0,0.0,0.0,0.0,0.0,0.0
1036140,0.0,0.0,0.0,0.0,0.0,1.0,0.0
1036640,0.0,0.0,0.0,0.0,0.0,0.0,0.0
1036664,0.0,0.0,0.0,0.0,0.0,1.0,0.0
1036666,0.0,0.0,0.0,0.0,0.0,2.0,0.0
1037166,0.0,0.0,0.0,0.0,0.0,0.0,0.0
1037984,0.0,0.0,0.0,0.0,0.0,1.0,0.0
1038484,0.0,0.0,0.0,0.0,0.0,0.0,0.0
1038855,0.0,0.0,0.0,0.0,0.0,1.0,0.0
1038857,0.0,0.0,0.0,0.0,0.0,2.0,0.0
1039134,0.0,0.0,0.0,0.0,1.0,2.0,0.0
1039269,0.0,0.0,0.0,0.0,2.0,2.0,0.0
1039357,0.0,0.0,0.0,0.0,2.0,0.0,0.0
1039769,0.0,0.0,0.0,0.0,0.0,0.0,0.0
1040596,0.0,0.0,0.0,0.0,0.0,1.0,0.0
1040599,0.0,0.0,0.0,0.0,0.0,2.0,0.0
1041099,0.0,0.0,0.0,0.0,0.0,0.0,0.0
1041926,0.0,0.0,0.0,0.0,0.0,1.0,0.0
1042426,0.0,0.0,0.0,0.0,0.0,0.0,0.0
1042510,0.0,0.0,0.0,0.0,0.0,1.0,0.0
1043010,0.0,0.0,0.0,0.0,0.0,0.0,0.0
1043293,0.0,0.0,0.0,0.0,0.0,1.0,0.0
1043503,0.0,0.0,0.0,0.0,0.0,2.0,0.0
1044003,0.0,0.0,0.0,0.0,0.0,0.0,0.0
1045482,0.0,0.0,0.0,0.0,0.0,1.0,0.0
1045944,0.0,0.0,0.0,0.0,0.0,2.0,0.0
1046444,0.0,0.0,0.0,0.0,0.0,0.0,0.0
1046771,0.0,0.0,0.0,0.0,0.0,1.0,0.0
1046774,0.0,0.0,0.0,0.0,0.0,2.0,0.0
1047274,0.0,0.0,0.0,0.0,0.0,0.0,0.0
1047294,0.0,0.0,0.0,0.0,0.0,1.0,0.0
1047407,0.0,0.0,0.0,0.0,0.0,2.0,0.0
1047907,0.0,0.0,0.0,0.0,0.0,0.0,0.0
1047952,0.0,0.0,0.0,0.0,0.0,1.0,0.0
1048452,0.0,0.0,0.0,0.0,0.0,0.0,0.0
1048562,0.0,0.0,0.0,0.0,0.0,1.0,0.0
1049062,0.0,0.0,0.0,0.0,0.0,0.0,0.0
1049087,0.0,0.0,0.0,0.0,0.0,1.0,0.0
1049232,0.0,0.0,0.0,0.0,0.0,2.0,0.0
1049732,0.0,0.0,0.0,0.0,0.0,0.0,0.0
1050201,0.0,0.0,0.0,0.0,0.0,1.0,0.0
1050701,0.0,0.0,0.0,0.0,0.0,0.0,0.0
1051522,0.0,0.0,0.0,0.0,0.0,1.0,0.0
1052022,0.0,0.0,0.0,0.0,0.0,0.0,0.0
1052043,0.0,0.0,0.0,0.0,0.0,1.0,0.0
1052052,0.0,0.0,0.0,0.0,0.0,2.0,0.0
1052552,0.0,0.0,0.0,0.0,0.0,0.0,0.0
1052713,0.0,0.0,0.0,0.0,0.0,1.0,0.0
1053213,0.0,0.0,0.0,0.0,0.0,0.0,0.0
1053330,0.0,0.0,0.0,0.0,0.0,1.0,0.0
1053830,0.0,0.0,0.0,0.0,0.0,0.0,0.0
1054414,0.0,0.0,0.0,0.0,0.0,1.0,0.0
1054432,0.0,0.0,0.0,0.0,0.0,2.0,0.0
1054932,0.0,0.0,0.0,0.0,0.0,0.0,0.0
1055082,0.0,0.0,0.0,0.0,0.0,1.0,0.0
1055085,0.0,0.0,0.0,0.0,0.0,2.0,0.0
1055585,0.0,0.0,0.0,0.0,0.0,0.0,0.0
1055605,0.0,0.0,0.0,0.0,0.0,1.0,0.0
1055618,0.0,0.0,0.0,0.0,0.0,2.0,0.0
1056118,0.0,0.0,0.0,0.0,0.0,0.0,0.0
1056587,0.0,0.0,0.0,0.0,0.0,1.0,0.0
1057087,0.0,0.0,0.0,0.0,0.0,0.0,0.0
1057097,0.0,0.0,0.0,0.0,0.0,1.0,0.0
1057099,0.0,0.0,0.0,0.0,0.0,2.0,0.0
1057599,0.0,0.0,0.0,0.0,0.0,0.0,0.0
1057637,0.0,0.0,0.0,0.0,0.0,1.0,0.0
1057641,0.0,0.0,0.0,0.0,0.0,2.0,0.0
1058141,0.0,0.0,0.0,0.0,0.0,0.0,0.0
1058385,0.0,0.0,0.0,0.0,0.0,1.0,0.0
1058885,0.0,0.0,0.0,0.0,0.0,0.0,0.0
1059577,0.0,0.0,0.0,0.0,0.0,1.0,0.0
1059934,0.0,0.0,0.0,0.0,0.0,2.0,0.0
1060434,0.0,0.0,0.0,0.0,0.0,0.0,0.0
1060516,0.0,0.0,0.0,0.0,0.0,1.0,0.0
1060780,0.0,0.0,0.0,0.0,0.0,2.0,0.0
1061269,0.0,2.0,0.0,0.0,0.0,2.0,0.0
1061280,0.0,2.0,0.0,0.0,0.0,0.0,0.0
1061438,0.0,2.0,0.0,0.0,0.0,1.0,0.0
1061769,0.0,0.0,0.0,0.0,0.0,1.0,0.0
1061938,0.0,0.0,0.0,0.0,0.0,0.0,0.0
1062188,0.0,0.0,0.0,0.0,0.0,1.0,0.0
1062672,0.0,0.0,0.0,0.0,0.0,2.0,0.0
1063172,0.0,0.0,0.0,0.0,0.0,0.0,0.0
1063352,0.0,0.0,0.0,0.0,0.0,1.0,0.0
1063852,0.0,0.0,0.0,0.0,0.0,0.0,0.0
1064076,0.0,0.0,0.0,0.0,0.0,1.0,0.0
1064576,0.0,0.0,0.0,0.0,0.0,0.0,0.0
1064728,0.0,0.0,0.0,0.0,0.0,1.0,0.0
1064838,0.0,2.0,0.0,0.0,0.0,1.0,0.0
1065228,0.0,2.0,0.0,0.0,0.0,0.0,0.0
1065338,0.0,0.0,0.0,0.0,0.0,0.0,0.0
1065773,0.0,0.0,0.0,0.0,0.0,1.0,0.0
1065811,0.0,0.0,0.0,0.0,0.0,2.0,0.0
1066311,0.0,0.0,0.0,0.0,0.0,0.0,0.0
1066485,0.0,0.0,0.0,0.0,0.0,1.0,0.0
1066985,0.0,0.0,0.0,0.0,0.0,0.0,0.0
1067740,0.0,0.0,0.0,0.0,0.0,1.0,0.0
1067800,0.0,0.0,0.0,0.0,0.0,2.0,0.0
1068300,0.0,0.0,0.0,0.0,0.0,0.0,0.0
1069298,0.0,0.0,0.0,0.0,0.0,1.0,0.0
1069300,0.0,0.0,0.0,0.0,0.0,2.0,0.0
1069800,0.0,0.0,0.0,0.0,0.0,0.0,0.0
1069846,0.0,0.0,0.0,0.0,0.0,1.0,0.0
1070339,0.0,0.0,0.0,0.0,0.0,2.0,0.0
1070839,0.0,0.0,0.0,0.0,0.0,0.0,0.0
1071124,0.0,0.0,0.0,0.0,0.0,1.0,0.0
1071624,0.0,0.0,0.0,0.0,0.0,0.0,0.0
1072049,0.0,0.0,0.0,0.0,0.0,1.0,0.0
1072549,0.0,0.0,0.0,0.0,0.0,0.0,0.0
1072939,0.0,0.0,0.0,0.0,1.0,0.0,0.0
1072940,0.0,0.0,0.0,0.0,1.0,1.0,0.0
1072944,0.0,0.0,0.0,0.0,2.0,1.0,0.0
1073440,0.0,0.0,0.0,0.0,2.0,0.0,0.0
1073444,0.0,0.0,0.0,0.0,0.0,0.0,0.0
1074810,0.0,0.0,0.0,0.0,0.0,1.0,0.0
1075310,0.0,0.0,0.0,0.0,0.0,0.0,0.0
1075745,0.0,0.0,0.0,0.0,0.0,1.0,0.0
1075839,0.0,0.0,0.0,0.0,0.0,2.0,0.0
1076024,0.0,0.0,0.0,0.0,1.0,2.0,0.0
1076339,0.0,0.0,0.0,0.0,1.0,0.0,0.0
1076467,0.0,0.0,0.0,0.0,1.0,1.0,0.0
1076499,0.0,2.0,0.0,0.0,1.0,1.0,0.0
1076817,0.0,2.0,0.0,0.0,1.0,2.0,0.0
1076999,0.0,0.0,0.0,0.0,1.0,2.0,0.0
1077024,0.0,0.0,0.0,0.0,0.0,2.0,0.0
1077317,0.0,0.0,0.0,0.0,0.0,0.0,0.0
1077663,0.0,0.0,0.0,0.0,0.0,1.0,0.0
1078163,0.0,0.0,0.0,0.0,0.0,0.0,0.0
1080386,0.0,0.0,0.0,0.0,0.0,1.0,0.0
1080886,0.0,0.0,0.0,0.0,0.0,0.0,0.0
1080957,0.0,0.0,0.0,0.0,0.0,1.0,0.0
1080959,0.0,0.0,0.0,0.0,0.0,2.0,0.0
1081459,0.0,0.0,0.0,0.0,0.0,0.0,0.0
1081534,0.0,0.0,0.0,0.0,0.0,1.0,0.0
1081925,0.0,0.0,0.0,0.0,0.0,2.0,0.0
1082925,0.0,0.0,0.0,0.0,0.0,0.0,0.0
1083225,0.0,0.0,0.0,0.0,0.0,1.0,0.0
1083725,0.0,0.0,0.0,0.0,0.0,0.0,0.0
1084010,0.0,0.0,0.0,0.0,0.0,1.0,0.0
1084397,0.0,0.0,0.0,0.0,0.0,2.0,0.0
1084897,0.0,0.0,0.0,0.0,0.0,1.0,0.0
1084918,0.0,0.0,0.0,0.0,0.0,2.0,0.0
1085418,0.0,0.0,0.0,0.0,0.0,0.0,0.0
1086042,0.0,0.0,0.0,0.0,0.0,1.0,0.0
1086542,0.0,0.0,0.0,0.0,0.0,0.0,0.0
1087027,0.0,0.0,0.0,0.0,0.0,1.0,0.0
1087042,0.0,0.0,0.0,0.0,0.0,2.0,0.0
1087542,0.0,0.0,0.0,0.0,0.0,0.0,0.0
1089118,0.0,0.0,0.0,0.0,0.0,1.0,0.0
1089618,0.0,0.0,0.0,0.0,0.0,0.0,0.0
1090221,0.0,0.0,0.0,0.0,0.0,1.0,0.0
1090721,0.0,0.0,0.0,0.0,0.0,0.0,0.0
1091465,0.0,0.0,0.0,0.0,0.0,1.0,0.0
1091965,0.0,0.0,0.0,0.0,0.0,0.0,0.0
1092084,0.0,0.0,0.0,0.0,0.0,1.0,0.0
1092086,0.0,0.0,0.0,0.0,0.0,2.0,0.0
1092586,0.0,0.0,0.0,0.0,0.0,0.0,0.0
1093124,0.0,0.0,0.0,0.0,0.0,1.0,0.0
1093176,0.0,0.0,0.0,0.0,0.0,2.0,0.0
1093676,0.0,0.0,0.0,0.0,0.0,0.0,0.0
1093985,0.0,0.0,0.0,0.0,0.0,1.0,0.0
1094485,0.0,0.0,0.0,0.0,0.0,0.0,0.0
1094743,0.0,0.0,0.0,0.0,0.0,1.0,0.0
1094932,0.0,0.0,0.0,0.0,0.0,2.0,0.0
1094935,0.0,0.0,0.0,0.0,1.0,2.0,0.0
1095432,0.0,0.0,0.0,0.0,1.0,0.0,0.0
1095435,0.0,0.0,0.0,0.0,0.0,0.0,0.0
1095661,0.0,0.0,0.0,0.0,0.0,1.0,0.0
1096161,0.0,0.0,0.0,0.0,0.0,0.0,0.0
1096267,0.0,0.0,0.0,0.0,0.0,1.0,0.0
1096767,0.0,0.0,0.0,0.0,0.0,0.0,0.0
1096982,0.0,0.0,0.0,0.0,0.0,1.0,0.0
1097482,0.0,0.0,0.0,0.0,0.0,0.0,0.0
1097500,0.0,0.0,0.0,0.0,0.0,1.0,0.0
1098000,0.0,0.0,0.0,0.0,0.0,0.0,0.0
1098342,0.0,0.0,0.0,0.0,0.0,1.0,0.0
1098842,0.0,0.0,0.0,0.0,0.0,0.0,0.0
1098938,0.0,0.0,0.0,0.0,0.0,1.0,0.0
1099438,0.0,0.0,0.0,0.0,0.0,0.0,0.0
1128678,0.0,0.0,0.0,0.0,1.0,0.0,0.0
1129178,0.0,0.0,0.0,0.0,0.0,0.0,0.0
1153260,0.0,0.0,0.0,0.0,1.0,0.0,0.0
1153760,0.0,0.0,0.0,0.0,0.0,0.0,0.0
1200000,0.0,0.0,0.0,0.0,0.0,0.0,1.0
1200047,0.0,0.0,0.0,0.0,0.0,1.0,1.0
1200048,0.0,0.0,0.0,0.0,0.0,2.0,1.0
1200063,2.0,0.0,0.0,0.0,0.0,2.0,1.0
1200197,2.0,2.0,0.0,0.0,0.0,2.0,1.0
1200491,2.0,2.0,0.0,0.0,1.0,2.0,1.0
1200500,2.0,2.0,0.0,0.0,1.0,2.0,0.0
1200548,2.0,2.0,0.0,0.0,1.0,0.0,0.0
1200563,0.0,2.0,0.0,0.0,1.0,0.0,0.0
1200627,0.0,2.0,0.0,0.0,2.0,0.0,0.0
1200697,0.0,0.0,0.0,0.0,2.0,0.0,0.0
1201127,0.0,0.0,0.0,0.0,0.0,0.0,0.0
1201277,0.0,0.0,1.0,0.0,0.0,0.0,0.0
1201527,0.0,0.0,1.0,0.0,0.0,1.0,0.0
1201544,0.0,0.0,1.0,0.0,0.0,2.0,0.0
1202044,0.0,0.0,1.0,0.0,0.0,0.0,0.0
1202341,0.0,0.0,1.0,0.0,0.0,1.0,0.0
1202662,0.0,0.0,2.0,0.0,0.0,1.0,0.0
1202841,0.0,0.0,2.0,0.0,0.0,0.0,0.0
1202946,0.0,0.0,2.0,0.0,0.0,1.0,0.0
1203162,0.0,0.0,1.0,0.0,0.0,1.0,0.0
1203446,0.0,0.0,1.0,0.0,0.0,0.0,0.0
1203466,0.0,0.0,1.0,0.0,0.0,1.0,0.0
1203966,0.0,0.0,1.0,0.0,0.0,0.0,0.0
1204043,0.0,0.0,1.0,0.0,0.0,1.0,0.0
1204441,0.0,0.0,1.0,0.0,0.0,2.0,0.0
1204941,0.0,0.0,1.0,0.0,0.0,0.0,0.0
1205998,0.0,0.0,1.0,0.0,0.0,1.0,0.0
1206005,0.0,0.0,1.0,0.0,0.0,2.0,0.0
1206505,0.0,0.0,1.0,0.0,0.0,0.0,0.0
1206918,0.0,0.0,1.0,0.0,0.0,1.0,0.0
1207418,0.0,0.0,1.0,0.0,0.0,0.0,0.0
1207455,0.0,0.0,1.0,0.0,0.0,1.0,0.0
1207955,0.0,0.0,1.0,0.0,0.0,0.0,0.0
1208209,0.0,0.0,1.0,0.0,0.0,1.0,0.0
1208709,0.0,0.0,1.0,0.0,0.0,0.0,0.0
1208749,0.0,0.0,1.0,0.0,0.0,1.0,0.0
1209249,0.0,0.0,1.0,0.0,0.0,0.0,0.0
1209581,0.0,0.0,1.0,0.0,0.0,1.0,0.0
1210081,0.0,0.0,1.0,0.0,0.0,0.0,0.0
1210287,0.0,0.0,1.0,0.0,0.0,1.0,0.0
1210787,0.0,0.0,1.0,0.0,0.0,0.0,0.0
1211520,0.0,0.0,1.0,0.0,0.0,1.0,0.0
1212020,0.0,0.0,1.0,0.0,0.0,0.0,0.0
1214808,0.0,0.0,1.0,0.0,1.0,1.0,0.0
1215308,0.0,0.0,1.0,0.0,0.0,0.0,0.0
1215524,0.0,0.0,1.0,0.0,0.0,1.0,0.0
1215739,0.0,0.0,1.0,0.0,0.0,2.0,0.0
1216239,0.0,0.0,1.0,0.0,0.0,0.0,0.0
1216827,0.0,0.0,1.0,0.0,0.0,1.0,0.0
1216831,0.0,0.0,1.0,0.0,0.0,2.0,0.0
1217331,0.0,0.0,1.0,0.0,0.0,0.0,0.0
1217913,0.0,0.0,1.0,0.0,0.0,1.0,0.0
1218413,0.0,0.0,1.0,0.0,0.0,0.0,0.0
1218594,0.0,0.0,1.0,0.0,1.0,0.0,0.0
1218864,0.0,0.0,1.0,0.0,1.0,1.0,0.0
1219017,0.0,0.0,1.0,0.0,1.0,2.0,0.0
1219094,0.0,0.0,1.0,0.0,0.0,2.0,0.0
1219517,0.0,0.0,1.0,0.0,0.0,0.0,0.0
1219762,0.0,0.0,1.0,0.0,0.0,1.0,0.0
1220262,0.0,0.0,1.0,0.0,0.0,0.0,0.0
1220323,0.0,0.0,1.0,0.0,0.0,1.0,0.0
1220431,0.0,0.0,1.0,0.0,0.0,2.0,0.0
1220931,0.0,0.0,1.0,0.0,0.0,0.0,0.0
1220981,0.0,0.0,1.0,0.0,0.0,1.0,0.0
1221481,0.0,0.0,1.0,0.0,0.0,0.0,0.0
1222749,0.0,0.0,1.0,0.0,0.0,1.0,0.0
1223249,0.0,0.0,1.0,0.0,0.0,0.0,0.0
1223460,0.0,0.0,1.0,0.0,0.0,1.0,0.0
1223483,0.0,0.0,1.0,0.0,0.0,2.0,0.0
1223983,0.0,0.0,1.0,0.0,0.0,0.0,0.0
1224185,0.0,0.0,1.0,0.0,0.0,1.0,0.0
1224193,0.0,0.0,1.0,0.0,0.0,2.0,0.0
1224606,0.0,2.0,1.0,0.0,0.0,2.0,0.0
1224693,0.0,2.0,1.0,0.0,0.0,0.0,0.0
1225106,0.0,0.0,1.0,0.0,0.0,0.0,0.0
1225451,0.0,0.0,1.0,0.0,0.0,1.0,0.0
1225951,0.0,0.0,1.0,0.0,0.0,0.0,0.0
1226039,0.0,0.0,1.0,0.0,0.0,1.0,0.0
1226537,0.0,0.0,1.0,0.0,0.0,2.0,0.0
1227037,0.0,0.0,1.0,0.0,0.0,0.0,0.0
1227908,0.0,0.0,1.0,0.0,0.0,1.0,0.0
1227947,0.0,0.0,1.0,0.0,0.0,2.0,0.0
1228447,0.0,0.0,1.0,0.0,0.0,0.0,0.0
1229801,0.0,0.0,1.0,0.0,0.0,1.0,0.0
1230301,0.0,0.0,1.0,0.0,0.0,0.0,0.0
1230449,0.0,0.0,1.0,0.0,0.0,1.0,0.0
1230670,0.0,0.0,1.0,0.0,0.0,2.0,0.0
1231170,0.0,0.0,1.0,0.0,0.0,0.0,0.0
1231650,0.0,2.0,1.0,0.0,0.0,0.0,0.0
1231652,0.0,2.0,1.0,0.0,0.0,1.0,0.0
1231672,0.0,2.0,1.0,0.0,1.0,1.0,0.0
1232150,0.0,0.0,1.0,0.0,1.0,1.0,0.0
1232152,0.0,0.0,1.0,0.0,1.0,0.0,0.0
1232172,0.0,0.0,1.0,0.0,0.0,0.0,0.0
1232528,0.0,0.0,1.0,0.0,0.0,1.0,0.0
1233028,0.0,0.0,1.0,0.0,0.0,0.0,0.0
1233109,0.0,0.0,1.0,0.0,0.0,1.0,0.0
1233609,0.0,0.0,1.0,0.0,0.0,0.0,0.0
1233728,0.0,0.0,1.0,0.0,0.0,1.0,0.0
1233730,0.0,0.0,1.0,0.0,0.0,2.0,0.0
1234230,0.0,0.0,1.0,0.0,0.0,0.0,0.0
1234527,0.0,0.0,1.0,0.0,0.0,1.0,0.0
1235027,0.0,0.0,1.0,0.0,0.0,0.0,0.0
1236114,0.0,0.0,1.0,0.0,0.0,1.0,0.0
1236614,0.0,0.0,1.0,0.0,0.0,0.0,0.0
1236627,0.0,0.0,1.0,0.0,0.0,1.0,0.0
1236634,0.0,0.0,1.0,0.0,0.0,2.0,0.0
1237134,0.0,0.0,1.0,0.0,0.0,0.0,0.0
1237621,0.0,0.0,1.0,0.0,0.0,1.0,0.0
1237838,0.0,0.0,1.0,0.0,0.0,2.0,0.0
1238338,0.0,0.0,1.0,0.0,0.0,0.0,0.0
1239702,0.0,0.0,1.0,0.0,0.0,1.0,0.0
1240202,0.0,0.0,1.0,0.0,0.0,0.0,0.0
1240390,0.0,0.0,1.0,0.0,0.0,1.0,0.0
1240890,0.0,0.0,1.0,0.0,0.0,0.0,0.0
1241340,0.0,0.0,1.0,0.0,0.0,1.0,0.0
1241840,0.0,0.0,1.0,0.0,0.0,0.0,0.0
1241979,0.0,0.0,1.0,0.0,0.0,1.0,0.0
1242479,0.0,0.0,1.0,0.0,0.0,0.0,0.0
1242550,0.0,0.0,1.0,0.0,0.0,1.0,0.0
1243050,0.0,0.0,1.0,0.0,0.0,0.0,0.0
1243109,0.0,0.0,1.0,0.0,0.0,1.0,0.0
1243609,0.0,0.0,1.0,0.0,0.0,0.0,0.0
1245163,0.0,0.0,1.0,0.0,0.0,1.0,0.0
1245663,0.0,0.0,1.0,0.0,0.0,0.0,0.0
1246106,0.0,0.0,1.0,0.0,0.0,1.0,0.0
1246194,0.0,0.0,1.0,0.0,0.0,2.0,0.0
1246694,0.0,0.0,1.0,0.0,0.0,0.0,0.0
1247194,0.0,0.0,1.0,0.0,0.0,1.0,0.0
1247206,0.0,0.0,1.0,0.0,0.0,2.0,0.0
1247216,0.0,0.0,1.0,0.0,1.0,2.0,0.0
1247706,0.0,0.0,1.0,0.0,1.0,0.0,0.0
1247716,0.0,0.0,1.0,0.0,0.0,0.0,0.0
1247872,0.0,0.0,1.0,0.0,0.0,1.0,0.0
1248372,0.0,0.0,1.0,0.0,0.0,0.0,0.0
1249521,0.0,0.0,1.0,0.0,0.0,1.0,0.0
1249524,0.0,0.0,1.0,0.0,0.0,2.0,0.0
1250024,0.0,0.0,1.0,0.0,0.0,0.0,0.0
1250071,0.0,0.0,1.0,0.0,0.0,1.0,0.0
1250078,0.0,0.0,1.0,0.0,0.0,2.0,0.0
1250578,0.0,0.0,1.0,0.0,0.0,0.0,0.0
1250690,0.0,0.0,1.0,0.0,0.0,1.0,0.0
1250697,0.0,0.0,1.0,0.0,0.0,2.0,0.0
1251197,0.0,0.0,1.0,0.0,0.0,0.0,0.0
1251880,0.0,0.0,1.0,0.0,0.0,1.0,0.0
1252094,0.0,0.0,1.0,0.0,0.0,2.0,0.0
1252594,0.0,0.0,1.0,0.0,0.0,0.0,0.0
1253141,0.0,0.0,1.0,0.0,0.0,1.0,0.0
1253268,0.0,0.0,1.0,0.0,0.0,2.0,0.0
1253768,0.0,0.0,1.0,0.0,0.0,0.0,0.0
1254328,0.0,0.0,1.0,0.0,0.0,1.0,0.0
1254828,0.0,0.0,1.0,0.0,0.0,0.0,0.0
1258190,0.0,0.0,1.0,0.0,0.0,1.0,0.0
1258194,0.0,0.0,1.0,0.0,0.0,2.0,0.0
1258694,0.0,0.0,1.0,0.0,0.0,0.0,0.0
1259015,0.0,0.0,1.0,0.0,0.0,1.0,0.0
1259264,0.0,0.0,1.0,0.0,0.0,2.0,0.0
1259764,0.0,0.0,1.0,0.0,0.0,0.0,0.0
1260949,0.0,0.0,1.0,0.0,0.0,1.0,0.0
1261449,0.0,0.0,1.0,0.0,0.0,0.0,0.0
1261491,0.0,0.0,1.0,0.0,0.0,1.0,0.0
1261991,0.0,0.0,1.0,0.0,0.0,0.0,0.0
1262266,0.0,0.0,1.0,0.0,0.0,1.0,0.0
1262766,0.0,0.0,1.0,0.0,0.0,0.0,0.0
1263179,0.0,0.0,1.0,0.0,0.0,1.0,0.0
1263306,0.0,0.0,1.0,0.0,0.0,2.0,0.0
1263806,0.0,0.0,1.0,0.0,0.0,0.0,0.0
1263823,0.0,0.0,1.0,0.0,0.0,1.0,0.0
1264323,0.0,0.0,1.0,0.0,0.0,0.0,0.0
1264380,0.0,0.0,1.0,0.0,0.0,1.0,0.0
1264880,0.0,0.0,1.0,0.0,0.0,0.0,0.0
1264941,0.0,0.0,1.0,0.0,0.0,1.0,0.0
1265247,0.0,0.0,1.0,0.0,0.0,2.0,0.0
1265747,0.0,0.0,1.0,0.0,0.0,0.0,0.0
1266423,0.0,0.0,1.0,0.0,0.0,1.0,0.0
1266923,0.0,0.0,1.0,0.0,0.0,0.0,0.0
1267979,0.0,0.0,1.0,0.0,0.0,1.0,0.0
1268479,0.0,0.0,1.0,0.0,0.0,0.0,0.0
1268588,0.0,0.0,1.0,0.0,0.0,1.0,0.0
1268840,0.0,0.0,1.0,0.0,1.0,2.0,0.0
1269340,0.0,0.0,1.0,0.0,0.0,0.0,0.0
1269496,0.0,0.0,1.0,0.0,0.0,1.0,0.0
1269597,0.0,0.0,1.0,0.0,0.0,2.0,0.0
1270097,0.0,0.0,1.0,0.0,0.0,0.0,0.0
1270999,0.0,0.0,1.0,0.0,0.0,1.0,0.0
1271198,0.0,0.0,1.0,0.0,0.0,2.0,0.0
1271698,0.0,0.0,1.0,0.0,0.0,0.0,0.0
1271931,0.0,0.0,1.0,0.0,0.0,1.0,0.0
1271937,0.0,0.0,1.0,0.0,0.0,2.0,0.0
1271948,0.0,0.0,1.0,0.0,1.0,2.0,0.0
1271955,0.0,0.0,1.0,0.0,2.0,2.0,0.0
1272437,0.0,0.0,1.0,0.0,2.0,0.0,0.0
1272455,0.0,0.0,1.0,0.0,0.0,0.0,0.0
1272869,0.0,0.0,1.0,0.0,0.0,1.0,0.0
1272974,0.0,0.0,1.0,0.0,0.0,2.0,0.0
1273474,0.0,0.0,1.0,0.0,0.0,0.0,0.0
1273588,0.0,0.0,1.0,0.0,0.0,1.0,0.0
1274088,0.0,0.0,1.0,0.0,0.0,0.0,0.0
1274115,0.0,0.0,1.0,0.0,0.0,1.0,0.0
1274279,0.0,0.0,1.0,0.0,0.0,2.0,0.0
1274779,0.0,0.0,1.0,0.0,0.0,0.0,0.0
1275396,0.0,0.0,1.0,0.0,0.0,1.0,0.0
1275542,0.0,2.0,1.0,0.0,0.0,1.0,0.0
1275896,0.0,2.0,1.0,0.0,0.0,0.0,0.0
1276042,0.0,0.0,1.0,0.0,0.0,0.0,0.0
1276088,0.0,0.0,1.0,0.0,0.0,1.0,0.0
1276588,0.0,0.0,1.0,0.0,0.0,0.0,0.0
1276614,0.0,0.0,1.0,0.0,0.0,1.0,0.0
1277114,0.0,0.0,1.0,0.0,0.0,0.0,0.0
1277165,0.0,0.0,1.0,0.0,0.0,1.0,0.0
1277207,0.0,2.0,1.0,0.0,0.0,1.0,0.0
1277608,0.0,2.0,1.0,0.0,0.0,2.0,0.0
1277707,0.0,0.0,1.0,0.0,0.0,2.0,0.0
1278108,0.0,0.0,1.0,0.0,0.0,0.0,0.0
1278930,0.0,0.0,1.0,0.0,0.0,1.0,0.0
1278940,0.0,0.0,1.0,0.0,0.0,2.0,0.0
1279440,0.0,0.0,1.0,0.0,0.0,0.0,0.0
1281418,0.0,0.0,1.0,0.0,0.0,1.0,0.0
1281918,0.0,0.0,1.0,0.0,0.0,0.0,0.0
1281983,0.0,0.0,1.0,0.0,0.0,1.0,0.0
1282483,0.0,0.0,1.0,0.0,0.0,0.0,0.0
1282487,0.0,0.0,1.0,0.0,0.0,1.0,0.0
1282987,0.0,0.0,1.0,0.0,0.0,0.0,0.0
1284571,0.0,0.0,1.0,0.0,0.0,1.0,0.0
1285071,0.0,0.0,1.0,0.0,0.0,0.0,0.0
1285134,0.0,0.0,1.0,0.0,0.0,1.0,0.0
1285410,0.0,2.0,1.0,0.0,0.0,1.0,0.0
1285634,0.0,2.0,1.0,0.0,0.0,0.0,0.0
1285910,0.0,0.0,1.0,0.0,0.0,0.0,0.0
1286936,0.0,0.0,1.0,0.0,0.0,1.0,0.0
1287083,0.0,0.0,1.0,0.0,0.0,2.0,0.0
1287583,0.0,0.0,1.0,0.0,0.0,0.0,0.0
1287828,0.0,0.0,1.0,0.0,0.0,1.0,0.0
1287830,0.0,0.0,1.0,0.0,0.0,2.0,0.0
1288330,0.0,0.0,1.0,0.0,0.0,0.0,0.0
1288899,0.0,0.0,1.0,0.0,0.0,1.0,0.0
1289399,0.0,0.0,1.0,0.0,0.0,0.0,0.0
1290624,0.0,0.0,1.0,0.0,0.0,1.0,0.0
1290660,0.0,0.0,1.0,0.0,0.0,2.0,0.0
1290662,0.0,0.0,1.0,0.0,1.0,2.0,0.0
1291160,0.0,0.0,1.0,0.0,1.0,0.0,0.0
1291162,0.0,0.0,1.0,0.0,0.0,0.0,0.0
1292608,0.0,0.0,1.0,0.0,0.0,1.0,0.0
1293108,0.0,0.0,1.0,0.0,0.0,0.0,0.0
1293309,0.0,0.0,1.0,0.0,0.0,1.0,0.0
1293809,0.0,0.0,1.0,0.0,0.0,0.0,0.0
1294613,0.0,0.0,1.0,0.0,0.0,1.0,0.0
1294734,0.0,0.0,1.0,0.0,0.0,2.0,0.0
1295234,0.0,0.0,1.0,0.0,0.0,0.0,0.0
1295989,0.0,0.0,1.0,0.0,0.0,1.0,0.0
1295992,0.0,0.0,1.0,0.0,0.0,2.0,0.0
1296492,0.0,0.0,1.0,0.0,0.0,0.0,0.0
1296621,0.0,0.0,1.0,0.0,0.0,1.0,0.0
1296897,0.0,0.0,1.0,0.0,0.0,2.0,0.0
1297397,0.0,0.0,1.0,0.0,0.0,0.0,0.0
1297788,0.0,0.0,1.0,0.0,0.0,1.0,0.0
1298288,0.0,0.0,1.0,0.0,0.0,0.0,0.0
1298690,0.0,0.0,1.0,0.0,0.0,1.0,0.0
1298849,0.0,0.0,1.0,0.0,0.0,2.0,0.0
1299349,0.0,0.0,1.0,0.0,0.0,0.0,0.0
1299695,0.0,0.0,1.0,0.0,0.0,1.0,0.0
1300195,0.0,0.0,1.0,0.0,0.0,0.0,0.0
1301162,0.0,0.0,0.0,0.0,0.0,0.0,0.0
1382318,0.0,0.0,0.0,0.0,0.0,1.0,0.0
1382818,0.0,0.0,0.0,0.0,0.0,0.0,0.0
1398609,0.0,0.0,0.0,0.0,1.0,0.0,0.0
1398610,0.0,0.0,0.0,0.0,2.0,0.0,0.0
1399110,0.0,0.0,0.0,0.0,0.0,0.0,0.0
1400000,0.0,0.0,0.0,0.0,0.0,0.0,1.0
1400064,0.0,0.0,0.0,0.0,0.0,1.0,1.0
1400068,0.0,0.0,0.0,0.0,0.0,2.0,1.0
1400095,2.0,0.0,0.0,0.0,0.0,2.0,1.0
1400125,2.0,0.0,0.0,0.0,1.0,2.0,1.0
1400146,2.0,0.0,0.0,0.0,2.0,2.0,1.0
1400192,2.0,2.0,0.0,0.0,2.0,2.0,1.0
1400500,2.0,2.0,0.0,0.0,2.0,2.0,0.0
1400568,2.0,2.0,0.0,0.0,2.0,0.0,0.0
1400595,0.0,2.0,0.0,0.0,2.0,0.0,0.0
1400646,0.0,2.0,0.0,0.0,0.0,0.0,0.0
1400692,0.0,0.0,0.0,0.0,0.0,0.0,0.0
1400742,0.0,0.0,0.0,0.0,0.0,1.0,0.0
1400744,0.0,0.0,0.0,0.0,0.0,2.0,0.0
1401087,0.0,0.0,1.0,0.0,0.0,2.0,0.0
1401244,0.0,0.0,1.0,0.0,0.0,0.0,0.0
1401859,0.0,0.0,1.0,0.0,0.0,1.0,0.0
1402359,0.0,0.0,1.0,0.0,0.0,0.0,0.0
1402563,0.0,0.0,2.0,0.0,0.0,0.0,0.0
1402821,0.0,0.0,2.0,0.0,0.0,1.0,0.0
1402827,0.0,0.0,2.0,0.0,0.0,2.0,0.0
1403063,0.0,0.0,0.0,0.0,0.0,2.0,0.0
1403327,0.0,0.0,0.0,0.0,0.0,0.0,0.0
1404153,0.0,0.0,0.0,0.0,0.0,1.0,0.0
1404463,0.0,0.0,0.0,0.0,0.0,2.0,0.0
1404963,0.0,0.0,0.0,0.0,0.0,0.0,0.0
1405433,0.0,0.0,0.0,0.0,0.0,1.0,0.0
1405933,0.0,0.0,0.0,0.0,0.0,0.0,0.0
1406149,0.0,0.0,0.0,0.0,0.0,1.0,0.0
1406198,0.0,0.0,1.0,0.0,0.0,1.0,0.0
1406649,0.0,0.0,1.0,0.0,0.0,0.0,0.0
1406698,0.0,0.0,0.0,0.0,0.0,0.0,0.0
1406838,0.0,0.0,1.0,0.0,0.0,0.0,0.0
1407099,0.0,0.0,1.0,0.0,0.0,1.0,0.0
1407158,0.0,0.0,1.0,0.0,0.0,2.0,0.0
1407338,0.0,0.0,0.0,0.0,0.0,2.0,0.0
1407658,0.0,0.0,0.0,0.0,0.0,0.0,0.0
1409176,0.0,0.0,0.0,0.0,0.0,1.0,0.0
1409676,0.0,0.0,0.0,0.0,0.0,0.0,0.0
1409871,0.0,0.0,0.0,0.0,0.0,1.0,0.0
1410366,0.0,0.0,0.0,0.0,0.0,2.0,0.0
1410866,0.0,0.0,0.0,0.0,0.0,0.0,0.0
1410996,0.0,0.0,0.0,0.0,0.0,1.0,0.0
1411496,0.0,0.0,0.0,0.0,0.0,0.0,0.0
1411694,0.0,0.0,0.0,0.0,0.0,1.0,0.0
1412194,0.0,0.0,0.0,0.0,0.0,0.0,0.0
1412743,0.0,0.0,0.0,0.0,0.0,1.0,0.0
1413243,0.0,0.0,0.0,0.0,0.0,0.0,0.0
1413792,0.0,0.0,1.0,0.0,0.0,0.0,0.0
1414226,0.0,0.0,1.0,0.0,0.0,1.0,0.0
1414292,0.0,0.0,0.0,0.0,0.0,1.0,0.0
1414726,0.0,0.0,0.0,0.0,0.0,0.0,0.0
1415322,0.0,0.0,0.0,0.0,0.0,1.0,0.0
1415822,0.0,0.0,0.0,0.0,0.0,0.0,0.0
1416162,0.0,0.0,0.0,0.0,0.0,1.0,0.0
1416186,0.0,0.0,0.0,0.0,1.0,1.0,0.0
1416268,0.0,0.0,0.0,0.0,2.0,1.0,0.0
1416662,0.0,0.0,0.0,0.0,2.0,0.0,0.0
1416768,0.0,0.0,0.0,0.0,0.0,0.0,0.0
1417043,0.0,0.0,0.0,0.0,0.0,1.0,0.0
1417050,0.0,0.0,0.0,0.0,0.0,2.0,0.0
1417550,0.0,0.0,0.0,0.0,0.0,0.0,0.0
1417674,0.0,0.0,0.0,0.0,0.0,1.0,0.0
1417730,0.0,0.0,0.0,0.0,0.0,2.0,0.0
1418230,0.0,0.0,0.0,0.0,0.0,0.0,0.0
1418426,0.0,0.0,0.0,0.0,0.0,1.0,0.0
1418436,0.0,0.0,0.0,0.0,0.0,2.0,0.0
1418936,0.0,0.0,0.0,0.0,0.0,0.0,0.0
1419564,0.0,0.0,0.0,0.0,0.0,1.0,0.0
1419569,0.0,0.0,0.0,0.0,0.0,2.0,0.0
1420069,0.0,0.0,0.0,0.0,0.0,0.0,0.0
1420582,0.0,0.0,0.0,0.0,0.0,1.0,0.0
1420585,0.0,0.0,0.0,0.0,0.0,2.0,0.0
1421085,0.0,0.0,0.0,0.0,0.0,0.0,0.0
1422239,0.0,0.0,1.0,0.0,0.0,0.0,0.0
1422515,0.0,0.0,1.0,0.0,0.0,1.0,0.0
1422523,0.0,0.0,1.0,0.0,0.0,2.0,0.0
1422610,0.0,2.0,1.0,0.0,0.0,2.0,0.0
1423023,0.0,2.0,1.0,0.0,0.0,0.0,0.0
1423110,0.0,0.0,1.0,0.0,0.0,0.0,0.0
1423365,0.0,0.0,1.0,0.0,0.0,1.0,0.0
1423865,0.0,0.0,1.0,0.0,0.0,0.0,0.0
1424131,0.0,0.0,1.0,0.0,0.0,1.0,0.0
1424133,0.0,0.0,1.0,0.0,0.0,2.0,0.0
1424633,0.0,0.0,1.0,0.0,0.0,0.0,0.0
1424988,0.0,0.0,1.0,0.0,0.0,1.0,0.0
1425488,0.0,0.0,1.0,0.0,0.0,0.0,0.0
1426644,0.0,0.0,1.0,0.0,0.0,1.0,0.0
1426654,0.0,0.0,1.0,0.0,0.0,2.0,0.0
1427100,0.0,0.0,1.0,0.0,1.0,2.0,0.0
1427154,0.0,0.0,1.0,0.0,1.0,0.0,0.0
1427254,0.0,0.0,1.0,0.0,1.0,1.0,0.0
1427257,0.0,0.0,1.0,0.0,1.0,2.0,0.0
1427600,0.0,0.0,1.0,0.0,0.0,2.0,0.0
1427757,0.0,0.0,1.0,0.0,0.0,0.0,0.0
1427805,0.0,0.0,1.0,0.0,0.0,1.0,0.0
1427870,0.0,0.0,1.0,0.0,0.0,2.0,0.0
1428370,0.0,0.0,1.0,0.0,0.0,0.0,0.0
1431297,0.0,0.0,1.0,0.0,0.0,1.0,0.0
1431797,0.0,0.0,1.0,0.0,0.0,0.0,0.0
1432215,0.0,0.0,1.0,0.0,0.0,1.0,0.0
1432296,0.0,0.0,1.0,0.0,0.0,2.0,0.0
1432796,0.0,0.0,1.0,0.0,0.0,0.0,0.0
1433890,0.0,0.0,1.0,0.0,0.0,1.0,0.0
1434390,0.0,0.0,1.0,0.0,0.0,0.0,0.0
1434756,0.0,0.0,1.0,0.0,0.0,1.0,0.0
1435256,0.0,0.0,1.0,0.0,0.0,0.0,0.0
1435283,0.0,0.0,1.0,0.0,0.0,1.0,0.0
1435783,0.0,0.0,1.0,0.0,0.0,0.0,0.0
1435925,0.0,0.0,1.0,0.0,0.0,1.0,0.0
1436425,0.0,0.0,1.0,0.0,0.0,0.0,0.0
1436686,0.0,0.0,1.0,0.0,0.0,1.0,0.0
1436689,0.0,0.0,1.0,0.0,0.0,2.0,0.0
1436739,0.0,0.0,0.0,0.0,0.0,2.0,0.0
1437189,0.0,0.0,0.0,0.0,0.0,0.0,0.0
1437762,0.0,0.0,0.0,0.0,0.0,1.0,0.0
1438262,0.0,0.0,0.0,0.0,0.0,0.0,0.0
1438816,0.0,0.0,0.0,0.0,0.0,1.0,0.0
1438914,0.0,0.0,1.0,0.0,0.0,1.0,0.0
1439316,0.0,0.0,1.0,0.0,0.0,0.0,0.0
1439414,0.0,0.0,0.0,0.0,0.0,0.0,0.0
1440877,0.0,0.0,0.0,0.0,0.0,1.0,0.0
1440884,0.0,0.0,0.0,0.0,0.0,2.0,0.0
1441384,0.0,0.0,0.0,0.0,0.0,0.0,0.0
1444036,0.0,0.0,0.0,0.0,0.0,1.0,0.0
1444064,0.0,0.0,0.0,0.0,0.0,2.0,0.0
1444564,0.0,0.0,0.0,0.0,0.0,0.0,0.0
1444582,0.0,0.0,0.0,0.0,0.0,1.0,0.0
1444750,0.0,0.0,0.0,0.0,0.0,2.0,0.0
1445250,0.0,0.0,0.0,0.0,0.0,0.0,0.0
1445742,0.0,0.0,0.0,0.0,0.0,1.0,0.0
1445756,0.0,0.0,0.0,0.0,0.0,2.0,0.0
1446256,0.0,0.0,0.0,0.0,0.0,0.0,0.0
1446475,0.0,0.0,0.0,0.0,0.0,1.0,0.0
1446975,0.0,0.0,0.0,0.0,0.0,0.0,0.0
1447293,0.0,0.0,0.0,0.0,0.0,1.0,0.0
1447793,0.0,0.0,0.0,0.0,0.0,0.0,0.0
1448180,0.0,0.0,0.0,0.0,0.0,1.0,0.0
1448186,0.0,0.0,0.0,0.0,0.0,2.0,0.0
1448686,0.0,0.0,0.0,0.0,0.0,0.0,0.0
1448762,0.0,0.0,0.0,0.0,0.0,1.0,0.0
1449262,0.0,0.0,0.0,0.0,0.0,0.0,0.0
1449362,0.0,0.0,0.0,0.0,0.0,1.0,0.0
1449772,0.0,0.0,0.0,0.0,0.0,2.0,0.0
1450272,0.0,0.0,0.0,0.0,0.0,0.0,0.0
1450526,0.0,0.0,0.0,0.0,0.0,1.0,0.0
1450719,0.0,0.0,0.0,0.0,0.0,2.0,0.0
1451219,0.0,0.0,0.0,0.0,0.0,0.0,0.0
1451755,0.0,0.0,0.0,0.0,0.0,1.0,0.0
1452255,0.0,0.0,0.0,0.0,0.0,0.0,0.0
1452556,0.0,0.0,0.0,0.0,0.0,1.0,0.0
1453056,0.0,0.0,0.0,0.0,0.0,0.0,0.0
1453268,0.0,0.0,0.0,0.0,0.0,1.0,0.0
1453486,0.0,0.0,0.0,0.0,0.0,2.0,0.0
1453986,0.0,0.0,0.0,0.0,0.0,0.0,0.0
1454942,0.0,0.0,0.0,0.0,0.0,1.0,0.0
1455442,0.0,0.0,0.0,0.0,0.0,0.0,0.0
1455542,0.0,0.0,0.0,0.0,0.0,1.0,0.0
1456042,0.0,0.0,0.0,0.0,0.0,0.0,0.0
1456231,0.0,0.0,0.0,0.0,0.0,1.0,0.0
1456262,0.0,0.0,0.0,0.0,0.0,2.0,0.0
1456762,0.0,0.0,0.0,0.0,0.0,0.0,0.0
1457088,0.0,0.0,0.0,0.0,0.0,1.0,0.0
1457588,0.0,0.0,0.0,0.0,0.0,0.0,0.0
1457601,0.0,0.0,0.0,0.0,0.0,1.0,0.0
1458101,0.0,0.0,0.0,0.0,0.0,0.0,0.0
1458356,0.0,0.0,0.0,0.0,0.0,1.0,0.0
1458419,0.0,0.0,0.0,0.0,0.0,2.0,0.0
1458919,0.0,0.0,0.0,0.0,0.0,0.0,0.0
1459955,0.0,0.0,0.0,0.0,0.0,1.0,0.0
1459968,0.0,0.0,0.0,0.0,0.0,2.0,0.0
1460468,0.0,0.0,0.0,0.0,0.0,0.0,0.0
1460912,0.0,0.0,0.0,0.0,0.0,1.0,0.0
1461412,0.0,0.0,0.0,0.0,0.0,0.0,0.0
1463019,0.0,0.0,0.0,0.0,0.0,1.0,0.0
1463519,0.0,0.0,0.0,0.0,0.0,0.0,0.0
1463740,0.0,0.0,0.0,0.0,0.0,1.0,0.0
1464240,0.0,0.0,0.0,0.0,0.0,0.0,0.0
1464350,0.0,0.0,0.0,0.0,0.0,1.0,0.0
1464392,0.0,0.0,0.0,0.0,0.0,2.0,0.0
1464892,0.0,0.0,0.0,0.0,0.0,0.0,0.0
1465232,0.0,0.0,0.0,0.0,0.0,1.0,0.0
1465732,0.0,0.0,0.0,0.0,0.0,0.0,0.0
1465883,0.0,0.0,0.0,0.0,0.0,1.0,0.0
1466383,0.0,0.0,0.0,0.0,0.0,0.0,0.0
1466578,0.0,0.0,0.0,0.0,0.0,1.0,0.0
1467078,0.0,0.0,0.0,0.0,0.0,0.0,0.0
1467130,0.0,0.0,0.0,0.0,0.0,1.0,0.0
1467630,0.0,0.0,0.0,0.0,0.0,0.0,0.0
1468190,0.0,0.0,0.0,0.0,0.0,1.0,0.0
1468690,0.0,0.0,0.0,0.0,0.0,0.0,0.0
1469671,0.0,0.0,0.0,0.0,0.0,1.0,0.0
1469673,0.0,0.0,0.0,0.0,0.0,2.0,0.0
1470173,0.0,0.0,0.0,0.0,0.0,0.0,0.0
1470263,0.0,0.0,0.0,0.0,0.0,1.0,0.0
1470763,0.0,0.0,0.0,0.0,0.0,0.0,0.0
1471681,0.0,0.0,0.0,0.0,0.0,1.0,0.0
1471736,0.0,0.0,0.0,0.0,0.0,2.0,0.0
1472236,0.0,0.0,0.0,0.0,0.0,0.0,0.0
1473820,0.0,0.0,0.0,0.0,0.0,1.0,0.0
1474116,0.0,0.0,0.0,0.0,0.0,2.0,0.0
1474616,0.0,0.0,0.0,0.0,0.0,0.0,0.0
1474676,0.0,0.0,0.0,0.0,0.0,1.0,0.0
1474681,0.0,0.0,0.0,0.0,0.0,2.0,0.0
1475181,0.0,0.0,0.0,0.0,0.0,0.0,0.0
1476360,0.0,0.0,0.0,0.0,0.0,1.0,0.0
1476492,0.0,0.0,0.0,0.0,0.0,2.0,0.0
1476992,0.0,0.0,0.0,0.0,0.0,0.0,0.0
1477298,0.0,0.0,0.0,0.0,0.0,1.0,0.0
1477319,0.0,0.0,0.0,0.0,0.0,2.0,0.0
1477819,0.0,0.0,0.0,0.0,0.0,0.0,0.0
1479173,0.0,0.0,0.0,0.0,0.0,1.0,0.0
1479673,0.0,0.0,0.0,0.0,0.0,0.0,0.0
1480503,0.0,0.0,0.0,0.0,0.0,1.0,0.0
1480805,0.0,0.0,0.0,0.0,0.0,2.0,0.0
1481305,0.0,0.0,0.0,0.0,0.0,0.0,0.0
1481386,0.0,0.0,0.0,0.0,0.0,1.0,0.0
1481388,0.0,0.0,0.0,0.0,0.0,2.0,0.0
1481888,0.0,0.0,0.0,0.0,0.0,0.0,0.0
1481903,0.0,0.0,0.0,0.0,0.0,1.0,0.0
1481908,0.0,0.0,0.0,0.0,0.0,2.0,0.0
1482089,0.0,2.0,0.0,0.0,0.0,2.0,0.0
1482408,0.0,2.0,0.0,0.0,0.0,0.0,0.0
1482505,0.0,2.0,0.0,0.0,0.0,1.0,0.0
1482552,0.0,2.0,0.0,0.0,0.0,2.0,0.0
1482589,0.0,0.0,0.0,0.0,0.0,2.0,0.0
1483052,0.0,0.0,0.0,0.0,0.0,0.0,0.0
1483572,0.0,0.0,0.0,0.0,0.0,1.0,0.0
1484072,0.0,0.0,0.0,0.0,0.0,0.0,0.0
1484584,0.0,0.0,0.0,0.0,0.0,1.0,0.0
1485084,0.0,0.0,0.0,0.0,0.0,0.0,0.0
1485090,0.0,0.0,0.0,0.0,0.0,1.0,0.0
1485590,0.0,0.0,0.0,0.0,0.0,0.0,0.0
1485709,0.0,0.0,0.0,0.0,0.0,1.0,0.0
1485759,0.0,0.0,0.0,0.0,0.0,2.0,0.0
1486259,0.0,0.0,0.0,0.0,0.0,0.0,0.0
1486483,0.0,0.0,0.0,0.0,0.0,1.0,0.0
1486983,0.0,0.0,0.0,0.0,0.0,0.0,0.0
1487093,0.0,0.0,0.0,0.0,0.0,1.0,0.0
1487458,0.0,0.0,0.0,0.0,0.0,2.0,0.0
1487958,0.0,0.0,0.0,0.0,0.0,0.0,0.0
1488422,0.0,0.0,0.0,0.0,0.0,1.0,0.0
1488922,0.0,0.0,0.0,0.0,0.0,0.0,0.0
1489930,0.0,0.0,0.0,0.0,0.0,1.0,0.0
1490077,0.0,0.0,0.0,0.0,0.0,2.0,0.0
1490577,0.0,0.0,0.0,0.0,0.0,0.0,0.0
1491059,0.0,0.0,0.0,0.0,0.0,1.0,0.0
1491064,0.0,0.0,0.0,0.0,0.0,2.0,0.0
1491564,0.0,0.0,0.0,0.0,0.0,0.0,0.0
1492433,0.0,0.0,0.0,0.0,0.0,1.0,0.0
1492467,0.0,0.0,0.0,0.0,0.0,2.0,0.0
1492967,0.0,0.0,0.0,0.0,0.0,0.0,0.0
1493643,0.0,0.0,0.0,0.0,0.0,1.0,0.0
1493941,0.0,0.0,0.0,0.0,0.0,2.0,0.0
1494441,0.0,0.0,0.0,0.0,0.0,0.0,0.0
1494498,0.0,0.0,0.0,0.0,0.0,1.0,0.0
1494998,0.0,0.0,0.0,0.0,0.0,0.0,0.0
1495035,0.0,0.0,0.0,0.0,0.0,1.0,0.0
1495038,0.0,0.0,0.0,0.0,0.0,2.0,0.0
1495538,0.0,0.0,0.0,0.0,0.0,0.0,0.0
1495762,0.0,0.0,0.0,0.0,0.0,1.0,0.0
1496262,0.0,0.0,0.0,0.0,0.0,0.0,0.0
1496270,0.0,0.0,0.0,0.0,0.0,1.0,0.0
1496284,0.0,0.0,0.0,0.0,0.0,2.0,0.0
1496784,0.0,0.0,0.0,0.0,0.0,0.0,0.0
1496833,0.0,0.0,0.0,0.0,0.0,1.0,0.0
1497333,0.0,0.0,0.0,0.0,0.0,0.0,0.0
1497426,0.0,0.0,0.0,0.0,0.0,1.0,0.0
1497926,0.0,0.0,0.0,0.0,0.0,0.0,0.0
1498001,0.0,0.0,0.0,0.0,0.0,1.0,0.0
1498033,0.0,0.0,0.0,0.0,0.0,2.0,0.0
1498533,0.0,0.0,0.0,0.0,0.0,0.0,0.0
1498877,0.0,0.0,0.0,0.0,0.0,1.0,0.0
1499106,0.0,0.0,0.0,0.0,0.0,2.0,0.0
1499606,0.0,0.0,0.0,0.0,0.0,0.0,0.0
1499746,0.0,0.0,0.0,0.0,0.0,1.0,0.0
1500246,0.0,0.0,0.0,0.0,0.0,0.0,0.0
1577925,0.0,0.0,0.0,0.0,0.0,1.0,0.0
1578425,0.0,0.0,0.0,0.0,0.0,0.0,0.0
1600000,0.0,0.0,0.0,0.0,0.0,0.0,1.0
1600025,0.0,0.0,0.0,0.0,0.0,1.0,1.0
1600030,0.0,0.0,0.0,0.0,0.0,2.0,1.0
1600063,2.0,0.0,0.0,0.0,0.0,2.0,1.0
1600196,2.0,2.0,0.0,0.0,0.0,2.0,1.0
1600500,2.0,2.0,0.0,0.0,0.0,2.0,0.0
1600530,2.0,2.0,0.0,0.0,0.0,0.0,0.0
1600563,0.0,2.0,0.0,0.0,0.0,0.0,0.0
1600597,0.0,2.0,0.0,0.0,0.0,1.0,0.0
1600692,0.0,2.0,0.0,0.0,0.0,2.0,0.0
1600696,0.0,0.0,0.0,0.0,1.0,2.0,0.0
1600879,0.0,0.0,0.0,0.0,2.0,2.0,0.0
1601192,0.0,0.0,0.0,0.0,2.0,0.0,0.0
1601214,0.0,0.0,1.0,0.0,2.0,0.0,0.0
1601379,0.0,0.0,1.0,0.0,0.0,0.0,0.0
1602333,0.0,0.0,1.0,0.0,0.0,1.0,0.0
1602448,0.0,0.0,1.0,0.0,0.0,2.0,0.0
1602502,0.0,0.0,2.0,0.0,0.0,2.0,0.0
1602948,0.0,0.0,2.0,0.0,0.0,0.0,0.0
1603002,0.0,0.0,0.0,0.0,0.0,0.0,0.0
1603395,0.0,0.0,0.0,0.0,0.0,1.0,0.0
1603397,0.0,0.0,0.0,0.0,0.0,2.0,0.0
1603415,0.0,0.0,0.0,0.0,1.0,2.0,0.0
1603772,0.0,0.0,1.0,0.0,1.0,2.0,0.0
1603897,0.0,0.0,1.0,0.0,1.0,0.0,0.0
1603915,0.0,0.0,1.0,0.0,0.0,0.0,0.0
1604572,0.0,0.0,1.0,0.0,0.0,1.0,0.0
1605072,0.0,0.0,1.0,0.0,0.0,0.0,0.0
1605350,0.0,0.0,1.0,0.0,0.0,1.0,0.0
1605850,0.0,0.0,1.0,0.0,0.0,0.0,0.0
1607218,0.0,0.0,1.0,0.0,0.0,1.0,0.0
1607718,0.0,0.0,1.0,0.0,0.0,0.0,0.0
1608187,0.0,0.0,1.0,0.0,0.0,1.0,0.0
1608687,0.0,0.0,1.0,0.0,0.0,0.0,0.0
1609979,0.0,0.0,1.0,0.0,0.0,1.0,0.0
1610479,0.0,0.0,1.0,0.0,0.0,0.0,0.0
1610605,0.0,0.0,1.0,0.0,0.0,1.0,0.0
1610835,0.0,0.0,1.0,0.0,1.0,1.0,0.0
1610869,0.0,0.0,1.0,0.0,1.0,2.0,0.0
1611335,0.0,0.0,1.0,0.0,0.0,2.0,0.0
1611369,0.0,0.0,1.0,0.0,0.0,0.0,0.0
1613293,0.0,0.0,1.0,0.0,0.0,1.0,0.0
1613793,0.0,0.0,1.0,0.0,0.0,0.0,0.0
1613898,0.0,0.0,1.0,0.0,0.0,1.0,0.0
1614398,0.0,0.0,1.0,0.0,0.0,0.0,0.0
1615449,0.0,0.0,1.0,0.0,0.0,1.0,0.0
1615465,0.0,0.0,1.0,0.0,0.0,2.0,0.0
1615965,0.0,0.0,1.0,0.0,0.0,0.0,0.0
1616221,0.0,0.0,1.0,0.0,0.0,1.0,0.0
1616226,0.0,0.0,1.0,0.0,0.0,2.0,0.0
1616726,0.0,0.0,1.0,0.0,0.0,0.0,0.0
1616750,0.0,0.0,1.0,0.0,0.0,1.0,0.0
1616804,0.0,0.0,1.0,0.0,0.0,2.0,0.0
1617304,0.0,0.0,1.0,0.0,0.0,0.0,0.0
1618342,0.0,0.0,1.0,0.0,0.0,1.0,0.0
1618539,0.0,0.0,1.0,0.0,0.0,2.0,0.0
1619039,0.0,0.0,1.0,0.0,0.0,0.0,0.0
1619127,0.0,0.0,1.0,0.0,0.0,1.0,0.0
1619627,0.0,0.0,1.0,0.0,0.0,0.0,0.0
1619823,0.0,0.0,1.0,0.0,0.0,1.0,0.0
1620240,0.0,0.0,1.0,0.0,0.0,2.0,0.0
1620740,0.0,0.0,1.0,0.0,0.0,0.0,0.0
1622067,0.0,0.0,1.0,0.0,0.0,1.0,0.0
1622567,0.0,0.0,1.0,0.0,0.0,0.0,0.0
1623729,0.0,0.0,1.0,0.0,0.0,1.0,0.0
1623959,0.0,0.0,1.0,0.0,0.0,2.0,0.0
1624459,0.0,0.0,1.0,0.0,0.0,0.0,0.0
1624783,0.0,0.0,1.0,0.0,0.0,1.0,0.0
1625283,0.0,0.0,1.0,0.0,0.0,0.0,0.0
1625401,0.0,0.0,1.0,0.0,0.0,1.0,0.0
1625901,0.0,0.0,1.0,0.0,0.0,0.0,0.0
1626193,0.0,0.0,1.0,0.0,0.0,1.0,0.0
1626457,0.0,0.0,1.0,0.0,0.0,2.0,0.0
1626957,0.0,0.0,1.0,0.0,0.0,0.0,0.0
1627227,0.0,0.0,1.0,0.0,0.0,1.0,0.0
1627252,0.0,0.0,1.0,0.0,0.0,2.0,0.0
1627752,0.0,0.0,1.0,0.0,0.0,0.0,0.0
1628033,0.0,0.0,1.0,0.0,0.0,1.0,0.0
1628533,0.0,0.0,1.0,0.0,0.0,0.0,0.0
1628822,0.0,0.0,1.0,0.0,0.0,1.0,0.0
1629322,0.0,0.0,1.0,0.0,0.0,0.0,0.0
1629907,0.0,0.0,1.0,0.0,0.0,1.0,0.0
1630407,0.0,0.0,1.0,0.0,0.0,0.0,0.0
1630874,0.0,0.0,1.0,0.0,0.0,1.0,0.0
1630879,0.0,0.0,1.0,0.0,0.0,2.0,0.0
1631379,0.0,0.0,1.0,0.0,0.0,0.0,0.0
1631467,0.0,0.0,1.0,0.0,0.0,1.0,0.0
1631967,0.0,0.0,1.0,0.0,0.0,0.0,0.0
1632089,0.0,0.0,1.0,0.0,0.0,1.0,0.0
1632091,0.0,0.0,1.0,0.0,0.0,2.0,0.0
1632591,0.0,0.0,1.0,0.0,0.0,0.0,0.0
1633387,0.0,0.0,1.0,0.0,0.0,1.0,0.0
1633460,0.0,0.0,1.0,0.0,0.0,2.0,0.0
1633960,0.0,0.0,1.0,0.0,0.0,0.0,0.0
1634025,0.0,0.0,1.0,0.0,0.0,1.0,0.0
1634028,0.0,0.0,1.0,0.0,0.0,2.0,0.0
1634085,0.0,2.0,1.0,0.0,0.0,2.0,0.0
1634528,0.0,2.0,1.0,0.0,0.0,0.0,0.0
1634585,0.0,0.0,1.0,0.0,0.0,0.0,0.0
1635924,0.0,0.0,1.0,0.0,0.0,1.0,0.0
1636424,0.0,0.0,1.0,0.0,0.0,0.0,0.0
1637502,0.0,0.0,1.0,0.0,0.0,1.0,0.0
1637505,0.0,0.0,1.0,0.0,0.0,2.0,0.0
1638005,0.0,0.0,1.0,0.0,0.0,0.0,0.0
1638343,0.0,0.0,1.0,0.0,0.0,1.0,0.0
1638843,0.0,0.0,1.0,0.0,0.0,0.0,0.0
1639629,0.0,0.0,1.0,0.0,0.0,1.0,0.0
1640129,0.0,0.0,1.0,0.0,0.0,0.0,0.0
1640658,0.0,0.0,1.0,0.0,0.0,1.0,0.0
1641158,0.0,0.0,1.0,0.0,0.0,0.0,0.0
1641192,0.0,0.0,1.0,0.0,0.0,1.0,0.0
1641692,0.0,0.0,1.0,0.0,0.0,0.0,0.0
1642006,0.0,0.0,1.0,0.0,0.0,1.0,0.0
1642506,0.0,0.0,1.0,0.0,0.0,0.0,0.0
1642665,0.0,0.0,1.0,0.0,0.0,1.0,0.0
1642680,0.0,0.0,1.0,0.0,0.0,2.0,0.0
1642683,0.0,0.0,1.0,0.0,1.0,2.0,0.0
1643180,0.0,0.0,1.0,0.0,1.0,0.0,0.0
1643183,0.0,0.0,1.0,0.0,0.0,0.0,0.0
1643503,0.0,0.0,1.0,0.0,0.0,1.0,0.0
1643517,0.0,0.0,1.0,0.0,0.0,2.0,0.0
1644017,0.0,0.0,1.0,0.0,0.0,0.0,0.0
1644056,0.0,0.0,1.0,0.0,0.0,1.0,0.0
1644556,0.0,0.0,1.0,0.0,0.0,0.0,0.0
1644589,0.0,0.0,1.0,0.0,0.0,1.0,0.0
1644906,0.0,0.0,1.0,0.0,0.0,2.0,0.0
1645406,0.0,0.0,1.0,0.0,0.0,0.0,0.0
1645626,0.0,0.0,1.0,0.0,0.0,1.0,0.0
1645830,0.0,2.0,1.0,0.0,0.0,1.0,0.0
1646126,0.0,2.0,1.0,0.0,0.0,0.0,0.0
1646330,0.0,0.0,1.0,0.0,0.0,0.0,0.0
1646425,0.0,0.0,1.0,0.0,0.0,1.0,0.0
1646925,0.0,0.0,1.0,0.0,0.0,0.0,0.0
1649838,0.0,0.0,1.0,0.0,0.0,1.0,0.0
1650338,0.0,0.0,1.0,0.0,0.0,0.0,0.0
1651247,0.0,0.0,1.0,0.0,0.0,1.0,0.0
1651259,0.0,0.0,1.0,0.0,0.0,2.0,0.0
1651759,0.0,0.0,1.0,0.0,0.0,0.0,0.0
1652845,0.0,0.0,1.0,0.0,0.0,1.0,0.0
1653345,0.0,0.0,1.0,0.0,0.0,0.0,0.0
1653982,0.0,0.0,1.0,0.0,0.0,1.0,0.0
1654110,0.0,0.0,1.0,0.0,0.0,2.0,0.0
1654610,0.0,0.0,1.0,0.0,0.0,0.0,0.0
1654725,0.0,0.0,1.0,0.0,0.0,1.0,0.0
1655225,0.0,0.0,1.0,0.0,0.0,0.0,0.0
1655585,0.0,0.0,1.0,0.0,0.0,1.0,0.0
1656085,0.0,0.0,1.0,0.0,0.0,0.0,0.0
1657003,0.0,0.0,1.0,0.0,0.0,1.0,0.0
1657503,0.0,0.0,1.0,0.0,0.0,0.0,0.0
1658109,0.0,0.0,1.0,0.0,0.0,1.0,0.0
1658112,0.0,0.0,1.0,0.0,0.0,2.0,0.0
1658612,0.0,0.0,1.0,0.0,0.0,0.0,0.0
1658984,0.0,0.0,1.0,0.0,0.0,1.0,0.0
1659484,0.0,0.0,1.0,0.0,0.0,0.0,0.0
1659644,0.0,0.0,1.0,0.0,0.0,1.0,0.0
1660144,0.0,0.0,1.0,0.0,0.0,0.0,0.0
1660341,0.0,0.0,1.0,0.0,0.0,1.0,0.0
1660841,0.0,0.0,1.0,0.0,0.0,0.0,0.0
1660911,0.0,0.0,1.0,0.0,0.0,1.0,0.0
1661284,0.0,0.0,1.0,0.0,0.0,2.0,0.0
1661784,0.0,0.0,1.0,0.0,0.0,0.0,0.0
1662428,0.0,0.0,1.0,0.0,0.0,1.0,0.0
1662431,0.0,0.0,1.0,0.0,0.0,2.0,0.0
1662931,0.0,0.0,1.0,0.0,0.0,0.0,0.0
1663272,0.0,0.0,1.0,0.0,0.0,1.0,0.0
1663772,0.0,0.0,1.0,0.0,0.0,0.0,0.0
1663793,0.0,0.0,1.0,0.0,0.0,1.0,0.0
1664243,0.0,0.0,1.0,0.0,0.0,2.0,0.0
1664743,0.0,0.0,1.0,0.0,0.0,0.0,0.0
1665616,0.0,0.0,1.0,0.0,1.0,0.0,0.0
1665618,0.0,0.0,1.0,0.0,2.0,1.0,0.0
1666118,0.0,0.0,1.0,0.0,0.0,0.0,0.0
1666745,0.0,0.0,1.0,0.0,0.0,1.0,0.0
1667245,0.0,0.0,1.0,0.0,0.0,0.0,0.0
1668434,0.0,0.0,1.0,0.0,0.0,1.0,0.0
1668896,0.0,0.0,1.0,0.0,0.0,2.0,0.0
1669396,0.0,0.0,1.0,0.0,0.0,0.0,0.0
1669481,0.0,0.0,1.0,0.0,0.0,1.0,0.0
1669981,0.0,0.0,1.0,0.0,0.0,0.0,0.0
1670378,0.0,0.0,1.0,0.0,0.0,1.0,0.0
1670878,0.0,0.0,1.0,0.0,0.0,0.0,0.0
1671745,0.0,2.0,1.0,0.0,0.0,0.0,0.0
1672245,0.0,0.0,1.0,0.0,0.0,0.0,0.0
1673748,0.0,0.0,1.0,0.0,0.0,1.0,0.0
1674248,0.0,0.0,1.0,0.0,0.0,0.0,0.0
1674837,0.0,0.0,1.0,0.0,0.0,1.0,0.0
1675337,0.0,0.0,1.0,0.0,0.0,0.0,0.0
1675509,0.0,0.0,1.0,0.0,0.0,1.0,0.0
1675609,0.0,0.0,1.0,0.0,0.0,2.0,0.0
1676109,0.0,0.0,1.0,0.0,0.0,0.0,0.0
1676372,0.0,0.0,1.0,0.0,0.0,1.0,0.0
1676411,0.0,2.0,1.0,0.0,0.0,1.0,0.0
1676872,0.0,2.0,1.0,0.0,0.0,0.0,0.0
1676911,0.0,0.0,1.0,0.0,0.0,0.0,0.0
1677158,0.0,0.0,1.0,0.0,0.0,1.0,0.0
1677658,0.0,0.0,1.0,0.0,0.0,0.0,0.0
1677691,0.0,0.0,1.0,0.0,0.0,1.0,0.0
1678191,0.0,0.0,1.0,0.0,0.0,0.0,0.0
1679471,0.0,0.0,1.0,0.0,0.0,1.0,0.0
1679971,0.0,0.0,1.0,0.0,0.0,0.0,0.0
1680803,0.0,0.0,1.0,0.0,0.0,1.0,0.0
1680869,0.0,0.0,1.0,0.0,0.0,2.0,0.0
1681369,0.0,0.0,1.0,0.0,0.0,0.0,0.0
1681516,0.0,0.0,1.0,0.0,0.0,1.0,0.0
1681784,0.0,0.0,1.0,0.0,0.0,2.0,0.0
1682284,0.0,0.0,1.0,0.0,0.0,0.0,0.0
1682350,0.0,0.0,1.0,0.0,0.0,1.0,0.0
1682360,0.0,0.0,1.0,0.0,0.0,2.0,0.0
1682860,0.0,0.0,1.0,0.0,0.0,0.0,0.0
1682889,0.0,0.0,1.0,0.0,0.0,1.0,0.0
1683231,0.0,0.0,1.0,0.0,0.0,2.0,0.0
1683731,0.0,0.0,1.0,0.0,0.0,0.0,0.0
1685508,0.0,0.0,1.0,0.0,0.0,1.0,0.0
1686008,0.0,0.0,1.0,0.0,0.0,0.0,0.0
1686074,0.0,0.0,1.0,0.0,0.0,1.0,0.0
1686366,0.0,0.0,1.0,0.0,0.0,2.0,0.0
1686866,0.0,0.0,1.0,0.0,0.0,0.0,0.0
1686874,0.0,0.0,1.0,0.0,0.0,1.0,0.0
1687374,0.0,0.0,1.0,0.0,0.0,0.0,0.0
1688093,0.0,0.0,1.0,0.0,0.0,1.0,0.0
1688106,0.0,0.0,1.0,0.0,0.0,2.0,0.0
1688117,0.0,0.0,1.0,0.0,1.0,2.0,0.0
1688606,0.0,0.0,1.0,0.0,1.0,0.0,0.0
1688617,0.0,0.0,1.0,0.0,0.0,0.0,0.0
1690718,0.0,0.0,1.0,0.0,0.0,1.0,0.0
1691218,0.0,0.0,1.0,0.0,0.0,0.0,0.0
1691476,0.0,0.0,1.0,0.0,0.0,1.0,0.0
1691479,0.0,0.0,1.0,0.0,0.0,2.0,0.0
1691979,0.0,0.0,1.0,0.0,0.0,0.0,0.0
1692873,0.0,0.0,1.0,0.0,0.0,1.0,0.0
1692878,0.0,0.0,1.0,0.0,0.0,2.0,0.0
1693378,0.0,0.0,1.0,0.0,0.0,0.0,0.0
1693705,0.0,0.0,1.0,0.0,0.0,1.0,0.0
1694205,0.0,0.0,1.0,0.0,0.0,0.0,0.0
1694237,0.0,0.0,1.0,0.0,0.0,1.0,0.0
1694304,0.0,0.0,1.0,0.0,0.0,2.0,0.0
1694804,0.0,0.0,1.0,0.0,0.0,0.0,0.0
1695793,0.0,0.0,1.0,0.0,0.0,1.0,0.0
1695912,0.0,0.0,1.0,0.0,0.0,2.0,0.0
1696412,0.0,0.0,1.0,0.0,0.0,0.0,0.0
1696615,0.0,0.0,1.0,0.0,0.0,1.0,0.0
1697115,0.0,0.0,1.0,0.0,0.0,0.0,0.0
1697363,0.0,0.0,1.0,0.0,0.0,1.0,0.0
1697863,0.0,0.0,1.0,0.0,0.0,0.0,0.0
1697871,0.0,0.0,1.0,0.0,0.0,1.0,0.0
1698371,0.0,0.0,1.0,0.0,0.0,0.0,0.0
1698437,0.0,0.0,1.0,0.0,0.0,1.0,0.0
1698442,0.0,0.0,1.0,0.0,0.0,2.0,0.0
1698942,0.0,0.0,1.0,0.0,0.0,0.0,0.0
1699343,0.0,0.0,1.0,0.0,0.0,1.0,0.0
1699843,0.0,0.0,1.0,0.0,0.0,0.0,0.0
1701772,0.0,0.0,0.0,0.0,0.0,0.0,0.0
1710767,0.0,0.0,0.0,0.0,1.0,0.0,0.0
1711267,0.0,0.0,0.0,0.0,0.0,0.0,0.0
1725837,0.0,0.0,0.0,0.0,0.0,1.0,0.0
1726337,0.0,0.0,0.0,0.0,0.0,0.0,0.0
1733780,0.0,0.0,0.0,0.0,0.0,1.0,0.0
1734280,0.0,0.0,0.0,0.0,0.0,0.0,0.0
1794532,0.0,0.0,0.0,0.0,1.0,0.0,0.0
1795032,0.0,0.0,0.0,0.0,0.0,0.0,0.0
1800000,0.0,0.0,0.0,0.0,0.0,0.0,1.0
1800019,0.0,0.0,0.0,0.0,0.0,1.0,1.0
1800024,0.0,0.0,0.0,0.0,0.0,2.0,1.0
1800063,2.0,0.0,0.0,0.0,0.0,2.0,1.0
1800187,2.0,0.0,0.0,0.0,1.0,2.0,1.0
1800199,2.0,2.0,0.0,0.0,1.0,2.0,1.0
1800228,2.0,2.0,0.0,0.0,2.0,2.0,1.0
1800500,2.0,2.0,0.0,0.0,2.0,2.0,0.0
1800524,2.0,2.0,0.0,0.0,2.0,0.0,0.0
1800528,2.0,2.0,0.0,0.0,2.0,1.0,0.0
1800531,2.0,2.0,0.0,0.0,2.0,2.0,0.0
1800563,0.0,2.0,0.0,0.0,2.0,2.0,0.0
1800699,0.0,0.0,0.0,0.0,2.0,2.0,0.0
1800728,0.0,0.0,0.0,0.0,0.0,2.0,0.0
1801031,0.0,0.0,0.0,0.0,0.0,1.0,0.0
1801037,0.0,0.0,0.0,0.0,0.0,2.0,0.0
1801425,0.0,0.0,1.0,0.0,0.0,2.0,0.0
1801537,0.0,0.0,1.0,0.0,0.0,0.0,0.0
1802062,0.0,0.0,1.0,0.0,0.0,1.0,0.0
1802562,0.0,0.0,1.0,0.0,0.0,0.0,0.0
1802661,0.0,0.0,1.0,0.0,0.0,1.0,0.0
1802662,0.0,0.0,2.0,0.0,0.0,1.0,0.0
1802664,0.0,0.0,2.0,0.0,0.0,2.0,0.0
1802940,0.0,2.0,2.0,0.0,0.0,2.0,0.0
1803162,0.0,2.0,0.0,0.0,0.0,2.0,0.0
1803164,0.0,2.0,0.0,0.0,0.0,0.0,0.0
1803440,0.0,0.0,0.0,0.0,0.0,0.0,0.0
1804133,0.0,0.0,0.0,0.0,0.0,1.0,0.0
1804142,0.0,0.0,0.0,0.0,0.0,2.0,0.0
1804642,0.0,0.0,0.0,0.0,0.0,0.0,0.0
1804660,0.0,0.0,0.0,0.0,0.0,1.0,0.0
1805160,0.0,0.0,0.0,0.0,0.0,0.0,0.0
1805253,0.0,0.0,0.0,0.0,0.0,1.0,0.0
1805257,0.0,0.0,0.0,0.0,0.0,2.0,0.0
1805757,0.0,0.0,0.0,0.0,0.0,0.0,0.0
1805853,0.0,0.0,0.0,0.0,0.0,1.0,0.0
1805915,0.0,0.0,0.0,0.0,0.0,2.0,0.0
1806415,0.0,0.0,0.0,0.0,0.0,0.0,0.0
1806439,0.0,0.0,0.0,0.0,0.0,1.0,0.0
1806466,0.0,0.0,0.0,0.0,0.0,2.0,0.0
1806915,0.0,0.0,1.0,0.0,0.0,2.0,0.0
1806966,0.0,0.0,1.0,0.0,0.0,0.0,0.0
1807625,0.0,0.0,1.0,0.0,0.0,1.0,0.0
1807915,0.0,0.0,0.0,0.0,0.0,1.0,0.0
1808125,0.0,0.0,0.0,0.0,0.0,0.0,0.0
1808825,0.0,0.0,0.0,0.0,0.0,1.0,0.0
1809280,0.0,0.0,1.0,0.0,0.0,1.0,0.0
1809325,0.0,0.0,1.0,0.0,0.0,0.0,0.0
1809917,0.0,2.0,1.0,0.0,0.0,0.0,0.0
1810417,0.0,0.0,1.0,0.0,0.0,0.0,0.0
1810896,0.0,0.0,1.0,0.0,0.0,1.0,0.0
1811396,0.0,0.0,1.0,0.0,0.0,0.0,0.0
1811691,0.0,0.0,1.0,0.0,0.0,1.0,0.0
1812191,0.0,0.0,1.0,0.0,0.0,0.0,0.0
1812203,0.0,0.0,1.0,0.0,0.0,1.0,0.0
1812703,0.0,0.0,1.0,0.0,0.0,0.0,0.0
1812780,0.0,0.0,0.0,0.0,0.0,0.0,0.0
1813147,0.0,0.0,0.0,0.0,0.0,1.0,0.0
1813152,0.0,0.0,0.0,0.0,0.0,2.0,0.0
1813652,0.0,0.0,0.0,0.0,0.0,0.0,0.0
1814161,0.0,0.0,0.0,0.0,0.0,1.0,0.0
1814661,0.0,0.0,0.0,0.0,0.0,0.0,0.0
1814767,0.0,0.0,0.0,0.0,0.0,1.0,0.0
1814778,0.0,0.0,0.0,0.0,0.0,2.0,0.0
1815278,0.0,0.0,0.0,0.0,0.0,0.0,0.0
1815494,0.0,0.0,0.0,0.0,0.0,1.0,0.0
1815585,0.0,0.0,0.0,0.0,0.0,2.0,0.0
1816085,0.0,0.0,0.0,0.0,0.0,0.0,0.0
1816421,0.0,0.0,0.0,0.0,0.0,1.0,0.0
1816438,0.0,0.0,0.0,0.0,0.0,2.0,0.0
1816938,0.0,0.0,0.0,0.0,0.0,0.0,0.0
1817245,0.0,0.0,0.0,0.0,0.0,1.0,0.0
1817459,0.0,0.0,0.0,0.0,0.0,2.0,0.0
1817959,0.0,0.0,0.0,0.0,0.0,0.0,0.0
1818111,0.0,0.0,0.0,0.0,0.0,1.0,0.0
1818187,0.0,0.0,0.0,0.0,0.0,2.0,0.0
1818193,0.0,0.0,0.0,0.0,1.0,2.0,0.0
1818687,0.0,0.0,0.0,0.0,1.0,0.0,0.0
1818693,0.0,0.0,0.0,0.0,0.0,0.0,0.0
1818835,0.0,0.0,0.0,0.0,0.0,1.0,0.0
1818838,0.0,0.0,0.0,0.0,0.0,2.0,0.0
1819338,0.0,0.0,0.0,0.0,0.0,0.0,0.0
1819662,0.0,0.0,0.0,0.0,0.0,1.0,0.0
1819665,0.0,0.0,0.0,0.0,0.0,2.0,0.0
1820165,0.0,0.0,0.0,0.0,0.0,0.0,0.0
1820757,0.0,0.0,0.0,0.0,0.0,1.0,0.0
1820760,0.0,0.0,0.0,0.0,0.0,2.0,0.0
1821260,0.0,0.0,0.0,0.0,0.0,0.0,0.0
1821299,0.0,0.0,0.0,0.0,0.0,1.0,0.0
1821799,0.0,0.0,0.0,0.0,0.0,0.0,0.0
1821898,0.0,0.0,0.0,0.0,0.0,1.0,0.0
1822398,0.0,0.0,0.0,0.0,0.0,0.0,0.0
1823947,0.0,0.0,0.0,0.0,0.0,1.0,0.0
1823948,0.0,0.0,0.0,0.0,1.0,1.0,0.0
1823950,0.0,0.0,0.0,0.0,1.0,2.0,0.0
1824448,0.0,0.0,0.0,0.0,0.0,2.0,0.0
1824450,0.0,0.0,0.0,0.0,0.0,0.0,0.0
1824593,0.0,0.0,0.0,0.0,0.0,1.0,0.0
1825093,0.0,0.0,0.0,0.0,0.0,0.0,0.0
1825946,0.0,0.0,0.0,0.0,0.0,1.0,0.0
1826446,0.0,0.0,0.0,0.0,0.0,0.0,0.0
1828560,0.0,0.0,0.0,0.0,0.0,1.0,0.0
1828572,0.0,0.0,0.0,0.0,0.0,2.0,0.0
1829072,0.0,0.0,0.0,0.0,0.0,0.0,0.0
1829123,0.0,0.0,0.0,0.0,0.0,1.0,0.0
1829623,0.0,0.0,0.0,0.0,0.0,0.0,0.0
1829732,0.0,0.0,0.0,0.0,0.0,1.0,0.0
1830232,0.0,0.0,0.0,0.0,0.0,0.0,0.0
1830277,0.0,0.0,0.0,0.0,0.0,1.0,0.0
1830777,0.0,0.0,0.0,0.0,0.0,0.0,0.0
1831176,0.0,0.0,0.0,0.0,0.0,1.0,0.0
1831676,0.0,0.0,0.0,0.0,0.0,0.0,0.0
1831682,0.0,0.0,0.0,0.0,0.0,1.0,0.0
1832182,0.0,0.0,0.0,0.0,0.0,0.0,0.0
1832553,0.0,0.0,0.0,0.0,0.0,1.0,0.0
1833053,0.0,0.0,0.0,0.0,0.0,0.0,0.0
1833140,0.0,0.0,0.0,0.0,0.0,1.0,0.0
1833640,0.0,0.0,0.0,0.0,0.0,0.0,0.0
1833648,0.0,2.0,0.0,0.0,0.0,1.0,0.0
1833653,0.0,2.0,0.0,0.0,0.0,2.0,0.0
1834148,0.0,0.0,0.0,0.0,0.0,2.0,0.0
1834153,0.0,0.0,0.0,0.0,0.0,0.0,0.0
1834204,0.0,0.0,0.0,0.0,0.0,1.0,0.0
1834704,0.0,0.0,0.0,0.0,0.0,0.0,0.0
1834947,0.0,0.0,1.0,0.0,0.0,0.0,0.0
1834971,0.0,0.0,1.0,0.0,0.0,1.0,0.0
1835471,0.0,0.0,1.0,0.0,0.0,0.0,0.0
1835554,0.0,0.0,1.0,0.0,0.0,1.0,0.0
1835947,0.0,0.0,0.0,0.0,0.0,1.0,0.0
1836053,0.0,0.0,0.0,0.0,0.0,2.0,0.0
1836553,0.0,0.0,0.0,0.0,0.0,0.0,0.0
1836600,0.0,0.0,0.0,0.0,0.0,1.0,0.0
1836667,0.0,0.0,0.0,0.0,0.0,2.0,0.0
1837167,0.0,0.0,0.0,0.0,0.0,0.0,0.0
1837185,0.0,0.0,0.0,0.0,0.0,1.0,0.0
1837194,0.0,0.0,0.0,0.0,0.0,2.0,0.0
1837694,0.0,0.0,0.0,0.0,0.0,0.0,0.0
1838318,0.0,0.0,0.0,0.0,0.0,1.0,0.0
1838818,0.0,0.0,0.0,0.0,0.0,0.0,0.0
1838965,0.0,0.0,0.0,0.0,0.0,1.0,0.0
1839465,0.0,0.0,0.0,0.0,0.0,0.0,0.0
1839863,0.0,0.0,0.0,0.0,0.0,1.0,0.0
1840363,0.0,0.0,0.0,0.0,0.0,0.0,0.0
1840819,0.0,0.0,0.0,0.0,0.0,1.0,0.0
1841319,0.0,0.0,0.0,0.0,0.0,0.0,0.0
1841415,0.0,0.0,0.0,0.0,0.0,1.0,0.0
1841727,0.0,0.0,0.0,0.0,0.0,2.0,0.0
1842227,0.0,0.0,0.0,0.0,0.0,0.0,0.0
1842681,0.0,0.0,0.0,0.0,0.0,1.0,0.0
1843181,0.0,0.0,0.0,0.0,0.0,0.0,0.0
1843564,0.0,0.0,0.0,0.0,0.0,1.0,0.0
1843716,0.0,0.0,0.0,0.0,0.0,2.0,0.0
1844216,0.0,0.0,0.0,0.0,0.0,0.0,0.0
1845606,0.0,0.0,0.0,0.0,0.0,1.0,0.0
1846106,0.0,0.0,0.0,0.0,0.0,0.0,0.0
1846517,0.0,0.0,0.0,0.0,0.0,1.0,0.0
1846524,0.0,0.0,0.0,0.0,0.0,2.0,0.0
1847024,0.0,0.0,0.0,0.0,0.0,0.0,0.0
1847255,0.0,0.0,0.0,0.0,0.0,1.0,0.0
1847263,0.0,0.0,0.0,0.0,0.0,2.0,0.0
1847763,0.0,0.0,0.0,0.0,0.0,0.0,0.0
1848466,0.0,0.0,0.0,0.0,0.0,1.0,0.0
1848966,0.0,0.0,0.0,0.0,0.0,0.0,0.0
1849627,0.0,0.0,0.0,0.0,0.0,1.0,0.0
1850127,0.0,0.0,0.0,0.0,0.0,0.0,0.0
1850427,0.0,0.0,0.0,0.0,0.0,1.0,0.0
1850927,0.0,0.0,0.0,0.0,0.0,0.0,0.0
1851949,0.0,0.0,0.0,0.0,0.0,1.0,0.0
1852045,0.0,0.0,0.0,0.0,0.0,2.0,0.0
1852545,0.0,0.0,0.0,0.0,0.0,0.0,0.0
1853001,0.0,0.0,0.0,0.0,0.0,1.0,0.0
1853172,0.0,0.0,0.0,0.0,0.0,2.0,0.0
1853672,0.0,0.0,0.0,0.0,0.0,0.0,0.0
1854393,0.0,0.0,0.0,0.0,0.0,1.0,0.0
1854893,0.0,0.0,0.0,0.0,0.0,0.0,0.0
1855013,0.0,0.0,0.0,0.0,0.0,1.0,0.0
1855513,0.0,0.0,0.0,0.0,0.0,0.0,0.0
1855539,0.0,0.0,0.0,0.0,0.0,1.0,0.0
1855940,0.0,0.0,0.0,0.0,0.0,2.0,0.0
1856440,0.0,0.0,0.0,0.0,0.0,0.0,0.0
1856621,0.0,0.0,0.0,0.0,0.0,1.0,0.0
1857121,0.0,0.0,0.0,0.0,0.0,0.0,0.0
1857283,0.0,0.0,0.0,0.0,0.0,1.0,0.0
1857285,0.0,0.0,0.0,0.0,0.0,2.0,0.0
1857785,0.0,0.0,0.0,0.0,0.0,0.0,0.0
1859520,0.0,0.0,0.0,0.0,0.0,1.0,0.0
1859523,0.0,0.0,0.0,0.0,0.0,2.0,0.0
1860023,0.0,0.0,0.0,0.0,0.0,0.0,0.0
1860849,0.0,0.0,0.0,0.0,0.0,1.0,0.0
1861349,0.0,0.0,0.0,0.0,0.0,0.0,0.0
1861694,0.0,0.0,0.0,0.0,0.0,1.0,0.0
1862194,0.0,0.0,0.0,0.0,0.0,0.0,0.0
1862666,0.0,0.0,0.0,0.0,0.0,1.0,0.0
1862754,0.0,0.0,0.0,0.0,0.0,2.0,0.0
1863254,0.0,0.0,0.0,0.0,0.0,0.0,0.0
1864099,0.0,0.0,0.0,0.0,0.0,1.0,0.0
1864599,0.0,0.0,0.0,0.0,0.0,0.0,0.0
1864716,0.0,0.0,0.0,0.0,0.0,1.0,0.0
1864721,0.0,0.0,0.0,0.0,0.0,2.0,0.0
1865221,0.0,0.0,0.0,0.0,0.0,0.0,0.0
1865406,0.0,0.0,0.0,0.0,0.0,1.0,0.0
1865906,0.0,0.0,0.0,0.0,0.0,0.0,0.0
1866119,0.0,0.0,0.0,0.0,0.0,1.0,0.0
1866122,0.0,0.0,0.0,0.0,0.0,2.0,0.0
1866622,0.0,0.0,0.0,0.0,0.0,0.0,0.0
1866866,0.0,0.0,0.0,0.0,0.0,1.0,0.0
1867366,0.0,0.0,0.0,0.0,0.0,0.0,0.0
1868137,0.0,0.0,0.0,0.0,0.0,1.0,0.0
1868143,0.0,0.0,0.0,0.0,0.0,2.0,0.0
1868643,0.0,0.0,0.0,0.0,0.0,0.0,0.0
1869140,0.0,0.0,0.0,0.0,0.0,1.0,0.0
1869386,0.0,0.0,0.0,0.0,0.0,2.0,0.0
1869886,0.0,0.0,0.0,0.0,0.0,0.0,0.0
1870057,0.0,0.0,0.0,0.0,0.0,1.0,0.0
1870557,0.0,0.0,0.0,0.0,0.0,0.0,0.0
1870899,0.0,0.0,0.0,0.0,0.0,1.0,0.0
1871088,0.0,0.0,0.0,0.0,0.0,2.0,0.0
1871588,0.0,0.0,0.0,0.0,0.0,0.0,0.0
1871620,0.0,0.0,0.0,0.0,0.0,1.0,0.0
1871924,0.0,0.0,0.0,0.0,0.0,2.0,0.0
1872424,0.0,0.0,0.0,0.0,0.0,0.0,0.0
1872748,0.0,0.0,0.0,0.0,0.0,1.0,0.0
1873046,0.0,0.0,0.0,0.0,0.0,2.0,0.0
1873546,0.0,0.0,0.0,0.0,0.0,0.0,0.0
1873783,0.0,0.0,0.0,0.0,0.0,1.0,0.0
1873786,0.0,0.0,0.0,0.0,0.0,2.0,0.0
1874286,0.0,0.0,0.0,0.0,0.0,0.0,0.0
1874468,0.0,0.0,0.0,0.0,0.0,1.0,0.0
1874473,0.0,0.0,0.0,0.0,0.0,2.0,0.0
1874929,0.0,2.0,0.0,0.0,0.0,2.0,0.0
1874973,0.0,2.0,0.0,0.0,0.0,0.0,0.0
1875429,0.0,0.0,0.0,0.0,0.0,0.0,0.0
1875667,0.0,0.0,0.0,0.0,0.0,1.0,0.0
1876167,0.0,0.0,0.0,0.0,0.0,0.0,0.0
1877118,0.0,0.0,0.0,0.0,0.0,1.0,0.0
1877618,0.0,0.0,0.0,0.0,0.0,0.0,0.0
1879135,0.0,0.0,0.0,0.0,0.0,1.0,0.0
1879571,0.0,0.0,0.0,0.0,0.0,2.0,0.0
1879943,0.0,2.0,0.0,0.0,0.0,2.0,0.0
1880071,0.0,2.0,0.0,0.0,0.0,0.0,0.0
1880443,0.0,0.0,0.0,0.0,0.0,0.0,0.0
1880514,0.0,0.0,0.0,0.0,0.0,1.0,0.0
1881014,0.0,0.0,0.0,0.0,0.0,0.0,0.0
1881267,0.0,0.0,0.0,0.0,0.0,1.0,0.0
1881767,0.0,0.0,0.0,0.0,0.0,0.0,0.0
1882996,0.0,0.0,0.0,0.0,0.0,1.0,0.0
1883005,0.0,0.0,0.0,0.0,0.0,2.0,0.0
1883505,0.0,0.0,0.0,0.0,0.0,0.0,0.0
1883766,0.0,0.0,0.0,0.0,0.0,1.0,0.0
1884266,0.0,0.0,0.0,0.0,0.0,0.0,0.0
1884322,0.0,0.0,0.0,0.0,0.0,1.0,0.0
1884325,0.0,0.0,0.0,0.0,0.0,2.0,0.0
1884825,0.0,0.0,0.0,0.0,0.0,0.0,0.0
1885669,0.0,0.0,0.0,0.0,0.0,1.0,0.0
1886169,0.0,0.0,0.0,0.0,0.0,0.0,0.0
1886234,0.0,0.0,0.0,0.0,0.0,1.0,0.0
1886250,0.0,0.0,0.0,0.0,0.0,2.0,0.0
1886750,0.0,0.0,0.0,0.0,0.0,0.0,0.0
1886964,0.0,0.0,0.0,0.0,0.0,1.0,0.0
1887464,0.0,0.0,0.0,0.0,0.0,0.0,0.0
1888392,0.0,0.0,0.0,0.0,0.0,1.0,0.0
1888892,0.0,0.0,0.0,0.0,0.0,0.0,0.0
1888924,0.0,0.0,0.0,0.0,0.0,1.0,0.0
1889424,0.0,0.0,0.0,0.0,0.0,0.0,0.0
1889518,0.0,0.0,0.0,0.0,1.0,0.0,0.0
1889523,0.0,0.0,0.0,0.0,1.0,1.0,0.0
1889530,0.0,0.0,0.0,0.0,1.0,2.0,0.0
1889534,0.0,0.0,0.0,0.0,2.0,2.0,0.0
1890030,0.0,0.0,0.0,0.0,2.0,0.0,0.0
1890034,0.0,0.0,0.0,0.0,0.0,0.0,0.0
1891126,0.0,0.0,0.0,0.0,0.0,1.0,0.0
1891135,0.0,0.0,0.0,0.0,0.0,2.0,0.0
1891635,0.0,0.0,0.0,0.0,0.0,0.0,0.0
1891640,0.0,0.0,0.0,0.0,0.0,1.0,0.0
1891728,0.0,0.0,0.0,0.0,0.0,2.0,0.0
1892228,0.0,0.0,0.0,0.0,0.0,0.0,0.0
1892245,0.0,0.0,0.0,0.0,0.0,1.0,0.0
1892681,0.0,0.0,0.0,0.0,1.0,2.0,0.0
1893181,0.0,0.0,0.0,0.0,0.0,0.0,0.0
1893215,0.0,0.0,0.0,0.0,0.0,1.0,0.0
1893220,0.0,0.0,0.0,0.0,0.0,2.0,0.0
1893720,0.0,0.0,0.0,0.0,0.0,0.0,0.0
1893736,0.0,0.0,0.0,0.0,0.0,1.0,0.0
1894236,0.0,0.0,0.0,0.0,0.0,0.0,0.0
1894474,0.0,0.0,0.0,0.0,0.0,1.0,0.0
1894487,0.0,0.0,0.0,0.0,0.0,2.0,0.0
1894987,0.0,0.0,0.0,0.0,0.0,0.0,0.0
1895842,0.0,0.0,0.0,0.0,0.0,1.0,0.0
1895847,0.0,0.0,0.0,0.0,0.0,2.0,0.0
1896347,0.0,0.0,0.0,0.0,0.0,0.0,0.0
1896453,0.0,0.0,0.0,0.0,0.0,1.0,0.0
1896537,0.0,0.0,0.0,0.0,0.0,2.0,0.0
1897037,0.0,0.0,0.0,0.0,0.0,0.0,0.0
1897882,0.0,0.0,0.0,0.0,0.0,1.0,0.0
1898382,0.0,0.0,0.0,0.0,0.0,0.0,0.0
1898535,0.0,0.0,0.0,0.0,0.0,1.0,0.0
1899035,0.0,0.0,0.0,0.0,0.0,0.0,0.0
1899071,0.0,0.0,0.0,0.0,0.0,1.0,0.0
1899223,0.0,0.0,0.0,0.0,0.0,2.0,0.0
1899723,0.0,0.0,0.0,0.0,0.0,0.0,0.0
1929312,0.0,0.0,0.0,0.0,1.0,0.0,0.0
1929313,0.0,0.0,0.0,0.0,2.0,0.0,0.0
1929315,0.0,0.0,0.0,0.0,2.0,1.0,0.0
1929813,0.0,0.0,0.0,0.0,0.0,1.0,0.0
1929815,0.0,0.0,0.0,0.0,0.0,0.0,0.0
1936942,0.0,0.0,0.0,0.0,0.0,1.0,0.0
1937442,0.0,0.0,0.0,0.0,0.0,0.0,0.0
1989115,0.0,0.0,0.0,0.0,0.0,1.0,0.0
1989615,0.0,0.0,0.0,0.0,0.0,0.0,0.0
2000000,0.0,0.0,0.0,0.0,0.0,0.0,1.0
2000006,0.0,0.0,0.0,0.0,0.0,1.0,1.0
2000029,0.0,0.0,0.0,0.0,0.0,2.0,1.0
2000063,2.0,0.0,0.0,0.0,0.0,2.0,1.0
2000069,2.0,0.0,0.0,0.0,1.0,2.0,1.0
2000084,2.0,0.0,0.0,0.0,2.0,2.0,1.0
2000187,2.0,2.0,0.0,0.0,2.0,2.0,1.0
