,ADWIN,CUSUM,DDM,GeometricMovingAverage,HDDMAverage,HDDMWeighted,Ground-truth
822,0.0,0.0,0.0,0.0,0.0,1.0,0.0
826,0.0,0.0,0.0,0.0,0.0,2.0,0.0
827,0.0,0.0,1.0,0.0,0.0,2.0,0.0
1326,0.0,0.0,1.0,0.0,0.0,0.0,0.0
1827,0.0,0.0,0.0,0.0,0.0,0.0,0.0
1937,0.0,0.0,0.0,0.0,0.0,1.0,0.0
2437,0.0,0.0,0.0,0.0,0.0,0.0,0.0
2610,0.0,0.0,0.0,0.0,0.0,1.0,0.0
3110,0.0,0.0,0.0,0.0,0.0,0.0,0.0
3193,0.0,0.0,0.0,0.0,0.0,1.0,0.0
3687,0.0,0.0,0.0,0.0,0.0,2.0,0.0
4187,0.0,0.0,0.0,0.0,0.0,0.0,0.0
4673,0.0,0.0,0.0,0.0,0.0,1.0,0.0
5173,0.0,0.0,0.0,0.0,0.0,0.0,0.0
5478,0.0,0.0,0.0,0.0,0.0,1.0,0.0
5978,0.0,0.0,0.0,0.0,0.0,0.0,0.0
6429,0.0,0.0,0.0,0.0,0.0,1.0,0.0
6751,0.0,2.0,0.0,0.0,0.0,1.0,0.0
6929,0.0,2.0,0.0,0.0,0.0,0.0,0.0
7251,0.0,0.0,0.0,0.0,0.0,0.0,0.0
7775,0.0,0.0,0.0,0.0,0.0,1.0,0.0
7781,0.0,0.0,0.0,0.0,0.0,2.0,0.0
8281,0.0,0.0,0.0,0.0,0.0,0.0,0.0
8313,0.0,0.0,0.0,0.0,0.0,1.0,0.0
8720,0.0,0.0,0.0,0.0,0.0,2.0,0.0
8775,0.0,0.0,1.0,0.0,0.0,2.0,0.0
9220,0.0,0.0,1.0,0.0,0.0,0.0,0.0
9423,0.0,0.0,1.0,0.0,0.0,1.0,0.0
9425,0.0,0.0,1.0,0.0,0.0,2.0,0.0
9925,0.0,0.0,1.0,0.0,0.0,0.0,0.0
11907,0.0,0.0,1.0,0.0,0.0,1.0,0.0
12407,0.0,0.0,1.0,0.0,0.0,0.0,0.0
12895,0.0,0.0,1.0,0.0,0.0,1.0,0.0
12897,0.0,0.0,1.0,0.0,0.0,2.0,0.0
13397,0.0,0.0,1.0,0.0,0.0,0.0,0.0
14727,0.0,0.0,1.0,0.0,0.0,1.0,0.0
14731,0.0,0.0,1.0,0.0,0.0,2.0,0.0
15231,0.0,0.0,1.0,0.0,0.0,0.0,0.0
15962,0.0,0.0,1.0,0.0,0.0,1.0,0.0
15980,0.0,0.0,1.0,0.0,0.0,2.0,0.0
16480,0.0,0.0,1.0,0.0,0.0,0.0,0.0
16583,0.0,0.0,1.0,0.0,0.0,1.0,0.0
16585,0.0,0.0,1.0,0.0,0.0,2.0,0.0
17085,0.0,0.0,1.0,0.0,0.0,0.0,0.0
17848,0.0,0.0,1.0,0.0,0.0,1.0,0.0
18348,0.0,0.0,1.0,0.0,0.0,0.0,0.0
18577,0.0,0.0,1.0,0.0,0.0,1.0,0.0
18694,0.0,0.0,1.0,0.0,0.0,2.0,0.0
19194,0.0,0.0,1.0,0.0,0.0,0.0,0.0
19695,0.0,0.0,1.0,0.0,0.0,1.0,0.0
19721,0.0,0.0,1.0,0.0,0.0,2.0,0.0
20221,0.0,0.0,1.0,0.0,0.0,0.0,0.0
20575,0.0,0.0,1.0,0.0,0.0,1.0,0.0
21075,0.0,0.0,1.0,0.0,0.0,0.0,0.0
22954,0.0,0.0,1.0,0.0,0.0,1.0,0.0
22982,0.0,0.0,1.0,0.0,0.0,2.0,0.0
23482,0.0,0.0,1.0,0.0,0.0,0.0,0.0
23577,0.0,0.0,1.0,0.0,0.0,1.0,0.0
24077,0.0,0.0,1.0,0.0,0.0,0.0,0.0
25439,0.0,0.0,1.0,0.0,0.0,1.0,0.0
25448,0.0,0.0,1.0,0.0,0.0,2.0,0.0
25948,0.0,0.0,1.0,0.0,0.0,0.0,0.0
26283,0.0,0.0,1.0,0.0,0.0,1.0,0.0
26515,0.0,0.0,1.0,0.0,0.0,2.0,0.0
27015,0.0,0.0,1.0,0.0,0.0,0.0,0.0
28726,0.0,0.0,1.0,0.0,0.0,1.0,0.0
29226,0.0,0.0,1.0,0.0,0.0,0.0,0.0
29495,0.0,0.0,1.0,0.0,0.0,1.0,0.0
29995,0.0,0.0,1.0,0.0,0.0,0.0,0.0
30230,0.0,0.0,1.0,0.0,0.0,1.0,0.0
30730,0.0,0.0,1.0,0.0,0.0,0.0,0.0
32187,0.0,0.0,1.0,0.0,0.0,1.0,0.0
32687,0.0,0.0,1.0,0.0,0.0,0.0,0.0
33738,0.0,0.0,1.0,0.0,0.0,1.0,0.0
34238,0.0,0.0,1.0,0.0,0.0,0.0,0.0
34569,0.0,0.0,1.0,0.0,0.0,1.0,0.0
34926,0.0,0.0,1.0,0.0,0.0,2.0,0.0
35426,0.0,0.0,1.0,0.0,0.0,0.0,0.0
35448,0.0,0.0,1.0,0.0,0.0,1.0,0.0
35948,0.0,0.0,1.0,0.0,0.0,0.0,0.0
36375,0.0,0.0,1.0,0.0,0.0,1.0,0.0
36612,0.0,0.0,1.0,0.0,0.0,2.0,0.0
37112,0.0,0.0,1.0,0.0,0.0,0.0,0.0
37168,0.0,0.0,1.0,0.0,0.0,1.0,0.0
37668,0.0,0.0,1.0,0.0,0.0,0.0,0.0
37993,0.0,0.0,1.0,0.0,0.0,1.0,0.0
38328,0.0,0.0,1.0,0.0,0.0,2.0,0.0
38828,0.0,0.0,1.0,0.0,0.0,0.0,0.0
39191,0.0,0.0,1.0,0.0,0.0,1.0,0.0
39691,0.0,0.0,1.0,0.0,0.0,0.0,0.0
39815,0.0,0.0,1.0,0.0,0.0,1.0,0.0
40315,0.0,0.0,1.0,0.0,0.0,0.0,0.0
40323,0.0,0.0,1.0,0.0,0.0,1.0,0.0
40465,0.0,2.0,1.0,0.0,0.0,1.0,0.0
40823,0.0,2.0,1.0,0.0,0.0,0.0,0.0
40965,0.0,0.0,1.0,0.0,0.0,0.0,0.0
43505,0.0,0.0,1.0,0.0,0.0,1.0,0.0
44005,0.0,0.0,1.0,0.0,0.0,0.0,0.0
44557,0.0,0.0,1.0,0.0,0.0,1.0,0.0
44561,0.0,0.0,1.0,0.0,0.0,2.0,0.0
45061,0.0,0.0,1.0,0.0,0.0,0.0,0.0
45724,0.0,0.0,1.0,0.0,0.0,1.0,0.0
46224,0.0,0.0,1.0,0.0,0.0,0.0,0.0
46357,0.0,0.0,1.0,0.0,0.0,1.0,0.0
46556,0.0,0.0,1.0,0.0,0.0,2.0,0.0
47056,0.0,0.0,1.0,0.0,0.0,0.0,0.0
47513,0.0,0.0,1.0,0.0,0.0,1.0,0.0
48013,0.0,0.0,1.0,0.0,0.0,0.0,0.0
48062,0.0,0.0,1.0,0.0,0.0,1.0,0.0
48562,0.0,0.0,1.0,0.0,0.0,0.0,0.0
48952,0.0,0.0,1.0,0.0,0.0,1.0,0.0
48954,0.0,0.0,1.0,0.0,0.0,2.0,0.0
49454,0.0,0.0,1.0,0.0,0.0,0.0,0.0
49675,0.0,0.0,1.0,0.0,0.0,1.0,0.0
49707,0.0,0.0,1.0,0.0,0.0,2.0,0.0
50207,0.0,0.0,1.0,0.0,0.0,0.0,0.0
51720,0.0,0.0,1.0,0.0,0.0,1.0,0.0
51734,0.0,0.0,1.0,0.0,0.0,2.0,0.0
52234,0.0,0.0,1.0,0.0,0.0,0.0,0.0
52569,0.0,0.0,1.0,0.0,0.0,1.0,0.0
53027,0.0,0.0,1.0,0.0,0.0,2.0,0.0
53527,0.0,0.0,1.0,0.0,0.0,0.0,0.0
54529,0.0,0.0,1.0,0.0,0.0,1.0,0.0
55029,0.0,0.0,1.0,0.0,0.0,0.0,0.0
55047,0.0,0.0,1.0,0.0,0.0,1.0,0.0
55547,0.0,0.0,1.0,0.0,0.0,0.0,0.0
56518,0.0,0.0,1.0,0.0,0.0,1.0,0.0
57018,0.0,0.0,1.0,0.0,0.0,0.0,0.0
57840,0.0,0.0,1.0,0.0,0.0,1.0,0.0
58340,0.0,0.0,1.0,0.0,0.0,0.0,0.0
58433,0.0,0.0,1.0,0.0,0.0,1.0,0.0
58933,0.0,0.0,1.0,0.0,0.0,0.0,0.0
59114,0.0,2.0,1.0,0.0,0.0,1.0,0.0
59614,0.0,0.0,1.0,0.0,0.0,0.0,0.0
60451,0.0,0.0,1.0,0.0,0.0,1.0,0.0
60951,0.0,0.0,1.0,0.0,0.0,0.0,0.0
61047,0.0,0.0,1.0,0.0,0.0,1.0,0.0
61547,0.0,0.0,1.0,0.0,0.0,0.0,0.0
61692,0.0,0.0,1.0,0.0,0.0,1.0,0.0
62692,0.0,0.0,1.0,0.0,0.0,0.0,0.0
62950,0.0,0.0,1.0,0.0,0.0,1.0,0.0
63291,0.0,0.0,1.0,0.0,0.0,2.0,0.0
63791,0.0,0.0,1.0,0.0,0.0,0.0,0.0
64172,0.0,0.0,1.0,0.0,0.0,1.0,0.0
64672,0.0,0.0,1.0,0.0,0.0,0.0,0.0
65528,0.0,0.0,1.0,0.0,0.0,1.0,0.0
65768,0.0,0.0,1.0,0.0,0.0,2.0,0.0
66268,0.0,0.0,1.0,0.0,0.0,0.0,0.0
66522,0.0,0.0,1.0,0.0,0.0,1.0,0.0
66532,0.0,0.0,1.0,0.0,0.0,2.0,0.0
66779,0.0,2.0,1.0,0.0,0.0,2.0,0.0
67032,0.0,2.0,1.0,0.0,0.0,0.0,0.0
67279,0.0,0.0,1.0,0.0,0.0,0.0,0.0
68956,0.0,0.0,1.0,0.0,0.0,1.0,0.0
69456,0.0,0.0,1.0,0.0,0.0,0.0,0.0
69767,0.0,0.0,1.0,0.0,0.0,1.0,0.0
70267,0.0,0.0,1.0,0.0,0.0,0.0,0.0
70401,0.0,0.0,1.0,0.0,0.0,1.0,0.0
70901,0.0,0.0,1.0,0.0,0.0,0.0,0.0
71069,0.0,0.0,1.0,0.0,0.0,1.0,0.0
71077,0.0,0.0,1.0,0.0,0.0,2.0,0.0
71577,0.0,0.0,1.0,0.0,0.0,0.0,0.0
72006,0.0,0.0,1.0,0.0,0.0,1.0,0.0
72008,0.0,0.0,1.0,0.0,0.0,2.0,0.0
72508,0.0,0.0,1.0,0.0,0.0,0.0,0.0
72516,0.0,0.0,1.0,0.0,0.0,1.0,0.0
72532,0.0,0.0,1.0,0.0,0.0,2.0,0.0
73032,0.0,0.0,1.0,0.0,0.0,0.0,0.0
74232,0.0,0.0,1.0,0.0,0.0,1.0,0.0
74732,0.0,0.0,1.0,0.0,0.0,0.0,0.0
75823,0.0,0.0,1.0,0.0,0.0,1.0,0.0
76323,0.0,0.0,1.0,0.0,0.0,0.0,0.0
76423,0.0,0.0,1.0,0.0,0.0,1.0,0.0
76923,0.0,0.0,1.0,0.0,0.0,0.0,0.0
77180,0.0,0.0,1.0,0.0,0.0,1.0,0.0
77572,0.0,0.0,1.0,0.0,0.0,2.0,0.0
78072,0.0,0.0,1.0,0.0,0.0,0.0,0.0
78233,0.0,0.0,1.0,0.0,0.0,1.0,0.0
78733,0.0,0.0,1.0,0.0,0.0,0.0,0.0
79422,0.0,0.0,1.0,0.0,0.0,1.0,0.0
79427,0.0,0.0,1.0,0.0,0.0,2.0,0.0
79927,0.0,0.0,1.0,0.0,0.0,0.0,0.0
80232,0.0,0.0,1.0,0.0,0.0,1.0,0.0
80732,0.0,0.0,1.0,0.0,0.0,0.0,0.0
81523,0.0,0.0,1.0,0.0,0.0,1.0,0.0
82023,0.0,0.0,1.0,0.0,0.0,0.0,0.0
82978,0.0,0.0,1.0,0.0,0.0,1.0,0.0
83478,0.0,0.0,1.0,0.0,0.0,0.0,0.0
84084,0.0,0.0,1.0,0.0,0.0,1.0,0.0
84584,0.0,0.0,1.0,0.0,0.0,0.0,0.0
85929,0.0,0.0,1.0,0.0,0.0,1.0,0.0
85933,0.0,0.0,1.0,0.0,0.0,2.0,0.0
86433,0.0,0.0,1.0,0.0,0.0,0.0,0.0
86436,0.0,0.0,1.0,0.0,0.0,1.0,0.0
86936,0.0,0.0,1.0,0.0,0.0,0.0,0.0
87076,0.0,0.0,1.0,0.0,0.0,1.0,0.0
87576,0.0,0.0,1.0,0.0,0.0,0.0,0.0
87705,0.0,0.0,1.0,0.0,0.0,1.0,0.0
87709,0.0,0.0,1.0,0.0,0.0,2.0,0.0
88209,0.0,0.0,1.0,0.0,0.0,0.0,0.0
89683,0.0,0.0,1.0,0.0,0.0,1.0,0.0
90178,0.0,0.0,1.0,0.0,0.0,2.0,0.0
90678,0.0,0.0,1.0,0.0,0.0,0.0,0.0
91733,0.0,0.0,1.0,0.0,0.0,1.0,0.0
92233,0.0,0.0,1.0,0.0,0.0,0.0,0.0
92344,0.0,0.0,1.0,0.0,0.0,1.0,0.0
92844,0.0,0.0,1.0,0.0,0.0,0.0,0.0
92885,0.0,0.0,1.0,0.0,0.0,1.0,0.0
93310,0.0,0.0,1.0,0.0,0.0,2.0,0.0
93810,0.0,0.0,1.0,0.0,0.0,0.0,0.0
94899,0.0,0.0,1.0,0.0,0.0,1.0,0.0
95399,0.0,0.0,1.0,0.0,0.0,0.0,0.0
95424,0.0,0.0,1.0,0.0,0.0,1.0,0.0
95924,0.0,0.0,1.0,0.0,0.0,0.0,0.0
97022,0.0,0.0,1.0,0.0,0.0,1.0,0.0
97026,0.0,0.0,1.0,0.0,0.0,2.0,0.0
97526,0.0,0.0,1.0,0.0,0.0,0.0,0.0
97866,0.0,0.0,1.0,0.0,0.0,1.0,0.0
98366,0.0,0.0,1.0,0.0,0.0,0.0,0.0
98441,0.0,0.0,1.0,0.0,0.0,1.0,0.0
98802,0.0,0.0,1.0,0.0,0.0,2.0,0.0
99302,0.0,0.0,1.0,0.0,0.0,0.0,0.0
99504,0.0,0.0,1.0,0.0,0.0,1.0,0.0
100004,0.0,0.0,1.0,0.0,0.0,0.0,0.0
103290,0.0,0.0,1.0,0.0,0.0,1.0,0.0
103790,0.0,0.0,1.0,0.0,0.0,0.0,0.0
105388,0.0,0.0,1.0,0.0,0.0,1.0,0.0
105888,0.0,0.0,1.0,0.0,0.0,0.0,0.0
106275,0.0,0.0,0.0,0.0,0.0,0.0,0.0
107685,0.0,0.0,0.0,0.0,0.0,1.0,0.0
107977,0.0,0.0,0.0,0.0,0.0,2.0,0.0
108477,0.0,0.0,0.0,0.0,0.0,0.0,0.0
109268,0.0,0.0,0.0,0.0,0.0,1.0,0.0
109514,0.0,0.0,0.0,0.0,0.0,2.0,0.0
110014,0.0,0.0,0.0,0.0,0.0,0.0,0.0
114158,0.0,0.0,0.0,0.0,0.0,1.0,0.0
114658,0.0,0.0,0.0,0.0,0.0,0.0,0.0
115211,0.0,0.0,0.0,0.0,0.0,1.0,0.0
115711,0.0,0.0,0.0,0.0,0.0,0.0,0.0
117580,0.0,0.0,0.0,0.0,0.0,1.0,0.0
118080,0.0,0.0,0.0,0.0,0.0,0.0,0.0
122369,0.0,0.0,0.0,0.0,1.0,0.0,0.0
122869,0.0,0.0,0.0,0.0,0.0,0.0,0.0
124608,0.0,0.0,0.0,0.0,0.0,1.0,0.0
125108,0.0,0.0,0.0,0.0,0.0,0.0,0.0
127183,0.0,0.0,0.0,0.0,0.0,1.0,0.0
127186,0.0,0.0,0.0,0.0,0.0,2.0,0.0
127686,0.0,0.0,0.0,0.0,0.0,0.0,0.0
128128,0.0,0.0,0.0,0.0,0.0,1.0,0.0
128131,0.0,0.0,0.0,0.0,0.0,2.0,0.0
128631,0.0,0.0,0.0,0.0,0.0,0.0,0.0
131728,0.0,0.0,0.0,0.0,0.0,1.0,0.0
132228,0.0,0.0,0.0,0.0,0.0,0.0,0.0
132646,0.0,0.0,0.0,0.0,0.0,1.0,0.0
133146,0.0,0.0,0.0,0.0,0.0,0.0,0.0
135004,0.0,0.0,0.0,0.0,0.0,1.0,0.0
135504,0.0,0.0,0.0,0.0,0.0,0.0,0.0
135704,0.0,0.0,0.0,0.0,0.0,1.0,0.0
136204,0.0,0.0,0.0,0.0,0.0,0.0,0.0
138209,0.0,0.0,0.0,0.0,0.0,1.0,0.0
138709,0.0,0.0,0.0,0.0,0.0,0.0,0.0
138939,0.0,0.0,0.0,0.0,0.0,1.0,0.0
139439,0.0,0.0,0.0,0.0,0.0,0.0,0.0
140613,0.0,0.0,0.0,0.0,0.0,1.0,0.0
141113,0.0,0.0,0.0,0.0,0.0,0.0,0.0
143812,0.0,0.0,0.0,0.0,0.0,1.0,0.0
144312,0.0,0.0,0.0,0.0,0.0,0.0,0.0
145571,0.0,0.0,0.0,0.0,0.0,1.0,0.0
145586,0.0,0.0,0.0,0.0,0.0,2.0,0.0
146086,0.0,0.0,0.0,0.0,0.0,0.0,0.0
149346,0.0,0.0,0.0,0.0,0.0,1.0,0.0
149360,0.0,0.0,0.0,0.0,0.0,2.0,0.0
149860,0.0,0.0,0.0,0.0,0.0,0.0,0.0
156400,0.0,0.0,0.0,0.0,0.0,1.0,0.0
156900,0.0,0.0,0.0,0.0,0.0,0.0,0.0
157050,0.0,0.0,0.0,0.0,0.0,1.0,0.0
157550,0.0,0.0,0.0,0.0,0.0,0.0,0.0
159745,0.0,0.0,0.0,0.0,0.0,1.0,0.0
160245,0.0,0.0,0.0,0.0,0.0,0.0,0.0
160734,0.0,0.0,0.0,0.0,0.0,1.0,0.0
161234,0.0,0.0,0.0,0.0,0.0,0.0,0.0
161614,0.0,0.0,0.0,0.0,1.0,0.0,0.0
162114,0.0,0.0,0.0,0.0,0.0,0.0,0.0
162732,0.0,0.0,0.0,0.0,0.0,1.0,0.0
163232,0.0,0.0,0.0,0.0,0.0,0.0,0.0
164226,0.0,0.0,0.0,0.0,1.0,0.0,0.0
164369,0.0,0.0,0.0,0.0,1.0,1.0,0.0
164680,0.0,0.0,0.0,0.0,1.0,2.0,0.0
164726,0.0,0.0,0.0,0.0,0.0,2.0,0.0
165180,0.0,0.0,0.0,0.0,0.0,0.0,0.0
166077,0.0,0.0,0.0,0.0,0.0,1.0,0.0
166540,0.0,0.0,0.0,0.0,0.0,2.0,0.0
167040,0.0,0.0,0.0,0.0,0.0,0.0,0.0
167430,0.0,0.0,0.0,0.0,0.0,1.0,0.0
167930,0.0,0.0,0.0,0.0,0.0,0.0,0.0
169002,0.0,0.0,0.0,0.0,0.0,1.0,0.0
169502,0.0,0.0,0.0,0.0,0.0,0.0,0.0
173410,0.0,0.0,0.0,0.0,0.0,1.0,0.0
173910,0.0,0.0,0.0,0.0,0.0,0.0,0.0
174591,0.0,0.0,0.0,0.0,0.0,1.0,0.0
175091,0.0,0.0,0.0,0.0,0.0,0.0,0.0
177923,0.0,0.0,0.0,0.0,0.0,1.0,0.0
178423,0.0,0.0,0.0,0.0,0.0,0.0,0.0
180156,0.0,0.0,0.0,0.0,0.0,1.0,0.0
180656,0.0,0.0,0.0,0.0,0.0,0.0,0.0
181391,0.0,0.0,0.0,0.0,0.0,1.0,0.0
181891,0.0,0.0,0.0,0.0,0.0,0.0,0.0
185880,0.0,0.0,0.0,0.0,0.0,1.0,0.0
186380,0.0,0.0,0.0,0.0,0.0,0.0,0.0
188273,0.0,0.0,0.0,0.0,0.0,1.0,0.0
188773,0.0,0.0,0.0,0.0,0.0,0.0,0.0
189718,0.0,0.0,0.0,0.0,0.0,1.0,0.0
190218,0.0,0.0,0.0,0.0,0.0,0.0,0.0
192036,0.0,0.0,0.0,0.0,0.0,1.0,0.0
192536,0.0,0.0,0.0,0.0,0.0,0.0,0.0
192948,0.0,0.0,0.0,0.0,0.0,1.0,0.0
193448,0.0,0.0,0.0,0.0,0.0,0.0,0.0
194882,0.0,0.0,0.0,0.0,0.0,1.0,0.0
194884,0.0,0.0,0.0,0.0,0.0,2.0,0.0
195384,0.0,0.0,0.0,0.0,0.0,0.0,0.0
195906,0.0,0.0,0.0,0.0,0.0,1.0,0.0
196406,0.0,0.0,0.0,0.0,0.0,0.0,0.0
198874,0.0,0.0,0.0,0.0,0.0,1.0,0.0
198877,0.0,0.0,0.0,0.0,0.0,2.0,0.0
199377,0.0,0.0,0.0,0.0,0.0,0.0,0.0
200100,0.0,0.0,0.0,0.0,0.0,0.0,1.0
200285,0.0,0.0,0.0,0.0,0.0,1.0,1.0
200292,0.0,0.0,0.0,0.0,0.0,2.0,1.0
200351,2.0,0.0,0.0,0.0,0.0,2.0,1.0
200576,2.0,0.0,0.0,0.0,1.0,2.0,1.0
200590,2.0,2.0,0.0,0.0,1.0,2.0,1.0
200600,2.0,2.0,0.0,0.0,1.0,2.0,0.0
200678,2.0,2.0,0.0,0.0,2.0,2.0,0.0
200792,2.0,2.0,0.0,0.0,2.0,0.0,0.0
200851,0.0,2.0,0.0,0.0,2.0,0.0,0.0
201090,0.0,0.0,0.0,0.0,2.0,0.0,0.0
201178,0.0,0.0,0.0,0.0,0.0,0.0,0.0
201953,0.0,0.0,0.0,0.0,1.0,0.0,0.0
201970,0.0,0.0,0.0,0.0,1.0,1.0,0.0
202132,0.0,0.0,0.0,0.0,1.0,2.0,0.0
202453,0.0,0.0,0.0,0.0,0.0,2.0,0.0
202632,0.0,0.0,0.0,0.0,0.0,0.0,0.0
203358,0.0,0.0,0.0,0.0,0.0,1.0,0.0
203363,0.0,0.0,0.0,0.0,0.0,2.0,0.0
203460,0.0,0.0,1.0,0.0,0.0,2.0,0.0
203863,0.0,0.0,1.0,0.0,0.0,0.0,0.0
203987,0.0,2.0,1.0,0.0,0.0,0.0,0.0
204487,0.0,0.0,1.0,0.0,0.0,0.0,0.0
204976,0.0,0.0,1.0,0.0,0.0,1.0,0.0
205476,0.0,0.0,1.0,0.0,0.0,0.0,0.0
205845,0.0,0.0,1.0,0.0,0.0,1.0,0.0
206345,0.0,0.0,1.0,0.0,0.0,0.0,0.0
206499,0.0,0.0,1.0,0.0,0.0,1.0,0.0
206503,0.0,0.0,1.0,0.0,0.0,2.0,0.0
206513,0.0,0.0,2.0,0.0,0.0,2.0,0.0
207003,0.0,0.0,2.0,0.0,0.0,0.0,0.0
207013,0.0,0.0,0.0,0.0,0.0,0.0,0.0
208612,0.0,0.0,0.0,0.0,0.0,1.0,0.0
209112,0.0,0.0,0.0,0.0,0.0,0.0,0.0
209211,0.0,0.0,0.0,0.0,0.0,1.0,0.0
209711,0.0,0.0,0.0,0.0,0.0,0.0,0.0
211452,0.0,0.0,0.0,0.0,0.0,1.0,0.0
211952,0.0,0.0,0.0,0.0,0.0,0.0,0.0
211991,0.0,0.0,0.0,0.0,0.0,1.0,0.0
212338,0.0,0.0,0.0,0.0,0.0,2.0,0.0
212838,0.0,0.0,0.0,0.0,0.0,0.0,0.0
213494,0.0,0.0,0.0,0.0,0.0,1.0,0.0
213994,0.0,0.0,0.0,0.0,0.0,0.0,0.0
214597,0.0,0.0,0.0,0.0,0.0,1.0,0.0
215097,0.0,0.0,0.0,0.0,0.0,0.0,0.0
215140,0.0,0.0,0.0,0.0,0.0,1.0,0.0
215640,0.0,0.0,0.0,0.0,0.0,0.0,0.0
215650,0.0,0.0,0.0,0.0,0.0,1.0,0.0
215850,0.0,0.0,0.0,0.0,0.0,2.0,0.0
216350,0.0,0.0,0.0,0.0,0.0,0.0,0.0
216596,0.0,0.0,0.0,0.0,0.0,1.0,0.0
217096,0.0,0.0,0.0,0.0,0.0,0.0,0.0
217302,0.0,0.0,0.0,0.0,0.0,1.0,0.0
217802,0.0,0.0,0.0,0.0,0.0,0.0,0.0
217952,0.0,0.0,0.0,0.0,0.0,1.0,0.0
218452,0.0,0.0,0.0,0.0,0.0,0.0,0.0
219035,0.0,0.0,0.0,0.0,0.0,1.0,0.0
219077,0.0,0.0,0.0,0.0,0.0,2.0,0.0
219577,0.0,0.0,0.0,0.0,0.0,0.0,0.0
220589,0.0,0.0,0.0,0.0,0.0,1.0,0.0
221089,0.0,0.0,0.0,0.0,0.0,0.0,0.0
221483,0.0,0.0,0.0,0.0,0.0,1.0,0.0
221487,0.0,0.0,0.0,0.0,0.0,2.0,0.0
221987,0.0,0.0,0.0,0.0,0.0,0.0,0.0
222108,0.0,0.0,0.0,0.0,0.0,1.0,0.0
222608,0.0,0.0,0.0,0.0,0.0,0.0,0.0
223699,0.0,0.0,0.0,0.0,0.0,1.0,0.0
224016,0.0,0.0,0.0,0.0,0.0,2.0,0.0
224516,0.0,0.0,0.0,0.0,0.0,0.0,0.0
225446,0.0,0.0,0.0,0.0,0.0,1.0,0.0
225946,0.0,0.0,0.0,0.0,0.0,0.0,0.0
226221,0.0,0.0,0.0,0.0,0.0,1.0,0.0
226225,0.0,0.0,0.0,0.0,0.0,2.0,0.0
226725,0.0,0.0,0.0,0.0,0.0,0.0,0.0
227460,0.0,0.0,0.0,0.0,0.0,1.0,0.0
227960,0.0,0.0,0.0,0.0,0.0,0.0,0.0
228376,0.0,0.0,0.0,0.0,0.0,1.0,0.0
228822,0.0,0.0,0.0,0.0,0.0,2.0,0.0
229322,0.0,0.0,0.0,0.0,0.0,0.0,0.0
229387,0.0,0.0,0.0,0.0,0.0,1.0,0.0
229505,0.0,2.0,0.0,0.0,0.0,1.0,0.0
229887,0.0,2.0,0.0,0.0,0.0,0.0,0.0
230005,0.0,0.0,0.0,0.0,0.0,0.0,0.0
230517,0.0,0.0,0.0,0.0,0.0,1.0,0.0
230519,0.0,0.0,0.0,0.0,0.0,2.0,0.0
231019,0.0,0.0,0.0,0.0,0.0,0.0,0.0
231284,0.0,0.0,0.0,0.0,0.0,1.0,0.0
231403,0.0,0.0,0.0,0.0,0.0,2.0,0.0
231903,0.0,0.0,0.0,0.0,0.0,0.0,0.0
232165,0.0,0.0,0.0,0.0,0.0,1.0,0.0
232665,0.0,0.0,0.0,0.0,0.0,0.0,0.0
233030,0.0,0.0,0.0,0.0,0.0,1.0,0.0
233392,0.0,0.0,0.0,0.0,0.0,2.0,0.0
233892,0.0,0.0,0.0,0.0,0.0,0.0,0.0
234066,0.0,0.0,0.0,0.0,0.0,1.0,0.0
234080,0.0,0.0,0.0,0.0,0.0,2.0,0.0
234580,0.0,0.0,0.0,0.0,0.0,0.0,0.0
235549,0.0,0.0,0.0,0.0,0.0,1.0,0.0
236049,0.0,0.0,0.0,0.0,0.0,0.0,0.0
236400,0.0,0.0,0.0,0.0,0.0,1.0,0.0
236821,0.0,0.0,0.0,0.0,0.0,2.0,0.0
237321,0.0,0.0,0.0,0.0,0.0,0.0,0.0
237528,0.0,0.0,0.0,0.0,0.0,1.0,0.0
238028,0.0,0.0,0.0,0.0,0.0,0.0,0.0
239191,0.0,0.0,0.0,0.0,0.0,1.0,0.0
239691,0.0,0.0,0.0,0.0,0.0,0.0,0.0
240544,0.0,0.0,0.0,0.0,0.0,1.0,0.0
241044,0.0,0.0,0.0,0.0,0.0,0.0,0.0
241805,0.0,0.0,0.0,0.0,0.0,1.0,0.0
242305,0.0,0.0,0.0,0.0,0.0,0.0,0.0
242490,0.0,0.0,0.0,0.0,0.0,1.0,0.0
242498,0.0,0.0,0.0,0.0,0.0,2.0,0.0
242998,0.0,0.0,0.0,0.0,0.0,0.0,0.0
243451,0.0,0.0,0.0,0.0,0.0,1.0,0.0
243951,0.0,0.0,0.0,0.0,0.0,0.0,0.0
244392,0.0,0.0,0.0,0.0,0.0,1.0,0.0
244892,0.0,0.0,0.0,0.0,0.0,0.0,0.0
244907,0.0,0.0,0.0,0.0,1.0,1.0,0.0
244909,0.0,0.0,0.0,0.0,2.0,2.0,0.0
245409,0.0,0.0,0.0,0.0,0.0,0.0,0.0
245418,0.0,0.0,0.0,0.0,0.0,1.0,0.0
245918,0.0,0.0,0.0,0.0,0.0,0.0,0.0
245927,0.0,0.0,0.0,0.0,0.0,1.0,0.0
246427,0.0,0.0,0.0,0.0,0.0,0.0,0.0
247408,0.0,0.0,0.0,0.0,0.0,1.0,0.0
247908,0.0,0.0,0.0,0.0,0.0,0.0,0.0
248637,0.0,0.0,0.0,0.0,0.0,1.0,0.0
248645,0.0,0.0,0.0,0.0,0.0,2.0,0.0
249145,0.0,0.0,0.0,0.0,0.0,0.0,0.0
250362,0.0,0.0,0.0,0.0,0.0,1.0,0.0
250862,0.0,0.0,0.0,0.0,0.0,0.0,0.0
250913,0.0,0.0,0.0,0.0,0.0,1.0,0.0
251413,0.0,0.0,0.0,0.0,0.0,0.0,0.0
251628,0.0,0.0,0.0,0.0,0.0,1.0,0.0
252128,0.0,0.0,0.0,0.0,0.0,0.0,0.0
252228,0.0,0.0,0.0,0.0,0.0,1.0,0.0
252728,0.0,0.0,0.0,0.0,0.0,0.0,0.0
252808,0.0,0.0,0.0,0.0,0.0,1.0,0.0
252859,0.0,0.0,0.0,0.0,0.0,2.0,0.0
253359,0.0,0.0,0.0,0.0,0.0,0.0,0.0
253806,0.0,0.0,0.0,0.0,0.0,1.0,0.0
254037,0.0,0.0,0.0,0.0,0.0,2.0,0.0
254537,0.0,0.0,0.0,0.0,0.0,0.0,0.0
254794,0.0,0.0,0.0,0.0,0.0,1.0,0.0
255294,0.0,0.0,0.0,0.0,0.0,0.0,0.0
255869,0.0,0.0,0.0,0.0,0.0,1.0,0.0
256369,0.0,0.0,0.0,0.0,0.0,0.0,0.0
257434,0.0,0.0,0.0,0.0,1.0,1.0,0.0
257436,0.0,0.0,0.0,0.0,2.0,1.0,0.0
257934,0.0,0.0,0.0,0.0,2.0,0.0,0.0
257936,0.0,0.0,0.0,0.0,0.0,0.0,0.0
258447,0.0,0.0,0.0,0.0,0.0,1.0,0.0
258503,0.0,0.0,0.0,0.0,0.0,2.0,0.0
259003,0.0,0.0,0.0,0.0,0.0,0.0,0.0
259902,0.0,0.0,0.0,0.0,0.0,1.0,0.0
260402,0.0,0.0,0.0,0.0,0.0,0.0,0.0
260857,0.0,0.0,0.0,0.0,0.0,1.0,0.0
261357,0.0,0.0,0.0,0.0,0.0,0.0,0.0
261641,0.0,0.0,0.0,0.0,1.0,1.0,0.0
262141,0.0,0.0,0.0,0.0,0.0,0.0,0.0
263252,0.0,0.0,0.0,0.0,0.0,1.0,0.0
263259,0.0,0.0,0.0,0.0,0.0,2.0,0.0
263759,0.0,0.0,0.0,0.0,0.0,0.0,0.0
263786,0.0,0.0,0.0,0.0,0.0,1.0,0.0
263898,0.0,0.0,0.0,0.0,0.0,2.0,0.0
264398,0.0,0.0,0.0,0.0,0.0,0.0,0.0
265813,0.0,0.0,0.0,0.0,0.0,1.0,0.0
265829,0.0,0.0,0.0,0.0,0.0,2.0,0.0
266329,0.0,0.0,0.0,0.0,0.0,0.0,0.0
266443,0.0,0.0,0.0,0.0,0.0,1.0,0.0
266943,0.0,0.0,0.0,0.0,0.0,0.0,0.0
268064,0.0,0.0,0.0,0.0,0.0,1.0,0.0
268080,0.0,0.0,0.0,0.0,0.0,2.0,0.0
268580,0.0,0.0,0.0,0.0,0.0,0.0,0.0
268779,0.0,0.0,0.0,0.0,0.0,1.0,0.0
269279,0.0,0.0,0.0,0.0,0.0,0.0,0.0
269607,0.0,0.0,0.0,0.0,0.0,1.0,0.0
269612,0.0,0.0,0.0,0.0,0.0,2.0,0.0
270112,0.0,0.0,0.0,0.0,0.0,0.0,0.0
270258,0.0,0.0,0.0,0.0,0.0,1.0,0.0
270500,0.0,2.0,0.0,0.0,0.0,1.0,0.0
270758,0.0,2.0,0.0,0.0,0.0,0.0,0.0
271000,0.0,0.0,0.0,0.0,0.0,0.0,0.0
271016,0.0,0.0,0.0,0.0,0.0,1.0,0.0
271516,0.0,0.0,0.0,0.0,0.0,0.0,0.0
271620,0.0,0.0,0.0,0.0,0.0,1.0,0.0
272120,0.0,0.0,0.0,0.0,0.0,0.0,0.0
272321,0.0,0.0,0.0,0.0,0.0,1.0,0.0
272821,0.0,0.0,0.0,0.0,0.0,0.0,0.0
273010,0.0,0.0,0.0,0.0,0.0,1.0,0.0
273095,0.0,0.0,0.0,0.0,0.0,2.0,0.0
273595,0.0,0.0,0.0,0.0,0.0,0.0,0.0
273810,0.0,0.0,0.0,0.0,0.0,1.0,0.0
274310,0.0,0.0,0.0,0.0,0.0,0.0,0.0
274542,0.0,0.0,0.0,0.0,0.0,1.0,0.0
274547,0.0,0.0,0.0,0.0,0.0,2.0,0.0
275047,0.0,0.0,0.0,0.0,0.0,0.0,0.0
275449,0.0,0.0,0.0,0.0,0.0,1.0,0.0
275708,0.0,0.0,0.0,0.0,0.0,2.0,0.0
276208,0.0,0.0,0.0,0.0,0.0,0.0,0.0
276264,0.0,0.0,0.0,0.0,1.0,0.0,0.0
276764,0.0,0.0,0.0,0.0,0.0,0.0,0.0
276870,0.0,0.0,0.0,0.0,0.0,1.0,0.0
277370,0.0,0.0,0.0,0.0,0.0,0.0,0.0
277655,0.0,0.0,0.0,0.0,0.0,1.0,0.0
278155,0.0,0.0,0.0,0.0,0.0,0.0,0.0
278410,0.0,0.0,0.0,0.0,0.0,1.0,0.0
278503,0.0,0.0,0.0,0.0,0.0,2.0,0.0
279003,0.0,0.0,0.0,0.0,0.0,0.0,0.0
279024,0.0,0.0,0.0,0.0,0.0,1.0,0.0
279524,0.0,0.0,0.0,0.0,0.0,0.0,0.0
279903,0.0,0.0,0.0,0.0,0.0,1.0,0.0
279919,0.0,0.0,0.0,0.0,0.0,2.0,0.0
280419,0.0,0.0,0.0,0.0,0.0,0.0,0.0
280965,0.0,0.0,0.0,0.0,0.0,1.0,0.0
281108,0.0,0.0,0.0,0.0,0.0,2.0,0.0
281608,0.0,0.0,0.0,0.0,0.0,0.0,0.0
282193,0.0,0.0,0.0,0.0,0.0,1.0,0.0
282693,0.0,0.0,0.0,0.0,0.0,0.0,0.0
283095,0.0,0.0,0.0,0.0,0.0,1.0,0.0
283595,0.0,0.0,0.0,0.0,0.0,0.0,0.0
284653,0.0,0.0,0.0,0.0,0.0,1.0,0.0
285126,0.0,0.0,0.0,0.0,1.0,1.0,0.0
285153,0.0,0.0,0.0,0.0,1.0,0.0,0.0
285376,0.0,0.0,0.0,0.0,1.0,1.0,0.0
285626,0.0,0.0,0.0,0.0,0.0,1.0,0.0
285876,0.0,0.0,0.0,0.0,0.0,0.0,0.0
286262,0.0,0.0,0.0,0.0,0.0,1.0,0.0
286762,0.0,0.0,0.0,0.0,0.0,0.0,0.0
287392,0.0,0.0,0.0,0.0,0.0,1.0,0.0
287892,0.0,0.0,0.0,0.0,0.0,0.0,0.0
288514,0.0,0.0,0.0,0.0,0.0,1.0,0.0
289014,0.0,0.0,0.0,0.0,0.0,0.0,0.0
289190,0.0,0.0,0.0,0.0,0.0,1.0,0.0
289690,0.0,0.0,0.0,0.0,0.0,0.0,0.0
289796,0.0,0.0,0.0,0.0,0.0,1.0,0.0
290220,0.0,0.0,0.0,0.0,0.0,2.0,0.0
290720,0.0,0.0,0.0,0.0,0.0,0.0,0.0
290903,0.0,0.0,0.0,0.0,0.0,1.0,0.0
290910,0.0,0.0,0.0,0.0,0.0,2.0,0.0
291410,0.0,0.0,0.0,0.0,0.0,0.0,0.0
292167,0.0,0.0,0.0,0.0,0.0,1.0,0.0
292169,0.0,0.0,0.0,0.0,0.0,2.0,0.0
292669,0.0,0.0,0.0,0.0,0.0,0.0,0.0
293375,0.0,0.0,0.0,0.0,0.0,1.0,0.0
293404,0.0,0.0,0.0,0.0,0.0,2.0,0.0
293904,0.0,0.0,0.0,0.0,0.0,0.0,0.0
294009,0.0,0.0,0.0,0.0,0.0,1.0,0.0
294509,0.0,0.0,0.0,0.0,0.0,0.0,0.0
295261,0.0,0.0,0.0,0.0,0.0,1.0,0.0
295761,0.0,0.0,0.0,0.0,0.0,0.0,0.0
296261,0.0,0.0,0.0,0.0,0.0,1.0,0.0
296265,0.0,0.0,0.0,0.0,0.0,2.0,0.0
296678,0.0,2.0,0.0,0.0,0.0,2.0,0.0
296765,0.0,2.0,0.0,0.0,0.0,0.0,0.0
297178,0.0,0.0,0.0,0.0,0.0,0.0,0.0
297473,0.0,0.0,0.0,0.0,0.0,1.0,0.0
297973,0.0,0.0,0.0,0.0,0.0,0.0,0.0
298530,0.0,0.0,0.0,0.0,0.0,1.0,0.0
298535,0.0,0.0,0.0,0.0,0.0,2.0,0.0
299035,0.0,0.0,0.0,0.0,0.0,0.0,0.0
299076,0.0,0.0,0.0,0.0,0.0,1.0,0.0
299095,0.0,0.0,0.0,0.0,0.0,2.0,0.0
299595,0.0,0.0,0.0,0.0,0.0,0.0,0.0
299666,0.0,0.0,0.0,0.0,0.0,1.0,0.0
300166,0.0,0.0,0.0,0.0,0.0,0.0,0.0
300210,0.0,0.0,0.0,0.0,0.0,1.0,0.0
300710,0.0,0.0,0.0,0.0,0.0,0.0,0.0
300714,0.0,0.0,0.0,0.0,1.0,0.0,0.0
301050,0.0,0.0,0.0,0.0,1.0,1.0,0.0
301214,0.0,0.0,0.0,0.0,0.0,1.0,0.0
301550,0.0,0.0,0.0,0.0,0.0,0.0,0.0
302350,0.0,0.0,0.0,0.0,0.0,1.0,0.0
302850,0.0,0.0,0.0,0.0,0.0,0.0,0.0
302863,0.0,0.0,0.0,0.0,1.0,0.0,0.0
303363,0.0,0.0,0.0,0.0,0.0,0.0,0.0
305479,0.0,0.0,0.0,0.0,0.0,1.0,0.0
305979,0.0,0.0,0.0,0.0,0.0,0.0,0.0
306844,0.0,0.0,0.0,0.0,0.0,1.0,0.0
307344,0.0,0.0,0.0,0.0,0.0,0.0,0.0
308877,0.0,0.0,0.0,0.0,0.0,1.0,0.0
308879,0.0,0.0,0.0,0.0,0.0,2.0,0.0
309379,0.0,0.0,0.0,0.0,0.0,0.0,0.0
311561,0.0,0.0,0.0,0.0,0.0,1.0,0.0
312061,0.0,0.0,0.0,0.0,0.0,0.0,0.0
313814,0.0,0.0,0.0,0.0,0.0,1.0,0.0
314314,0.0,0.0,0.0,0.0,0.0,0.0,0.0
317779,0.0,0.0,0.0,0.0,1.0,0.0,0.0
318279,0.0,0.0,0.0,0.0,0.0,0.0,0.0
319580,0.0,0.0,0.0,0.0,0.0,1.0,0.0
319581,0.0,0.0,0.0,0.0,0.0,2.0,0.0
319583,0.0,0.0,0.0,0.0,1.0,2.0,0.0
319587,0.0,0.0,0.0,0.0,2.0,2.0,0.0
320081,0.0,0.0,0.0,0.0,2.0,0.0,0.0
320087,0.0,0.0,0.0,0.0,0.0,0.0,0.0
322700,0.0,0.0,0.0,0.0,0.0,1.0,0.0
323200,0.0,0.0,0.0,0.0,0.0,0.0,0.0
325119,0.0,0.0,0.0,0.0,0.0,1.0,0.0
325124,0.0,0.0,0.0,0.0,0.0,2.0,0.0
325624,0.0,0.0,0.0,0.0,0.0,0.0,0.0
326482,0.0,0.0,0.0,0.0,0.0,1.0,0.0
326982,0.0,0.0,0.0,0.0,0.0,0.0,0.0
330985,0.0,0.0,0.0,0.0,0.0,1.0,0.0
330987,0.0,0.0,0.0,0.0,0.0,2.0,0.0
331487,0.0,0.0,0.0,0.0,0.0,0.0,0.0
333402,0.0,0.0,0.0,0.0,0.0,1.0,0.0
333902,0.0,0.0,0.0,0.0,0.0,0.0,0.0
337408,0.0,0.0,0.0,0.0,0.0,1.0,0.0
337908,0.0,0.0,0.0,0.0,0.0,0.0,0.0
340792,0.0,0.0,0.0,0.0,0.0,1.0,0.0
341292,0.0,0.0,0.0,0.0,0.0,0.0,0.0
341440,0.0,0.0,0.0,0.0,0.0,1.0,0.0
341940,0.0,0.0,0.0,0.0,0.0,0.0,0.0
343559,0.0,0.0,0.0,0.0,0.0,1.0,0.0
344059,0.0,0.0,0.0,0.0,0.0,0.0,0.0
344953,0.0,0.0,0.0,0.0,0.0,1.0,0.0
344955,0.0,0.0,0.0,0.0,0.0,2.0,0.0
345455,0.0,0.0,0.0,0.0,0.0,0.0,0.0
346755,0.0,0.0,0.0,0.0,0.0,1.0,0.0
347255,0.0,0.0,0.0,0.0,0.0,0.0,0.0
352653,0.0,0.0,0.0,0.0,0.0,1.0,0.0
353153,0.0,0.0,0.0,0.0,0.0,0.0,0.0
356490,0.0,0.0,0.0,0.0,0.0,1.0,0.0
356990,0.0,0.0,0.0,0.0,0.0,0.0,0.0
357404,0.0,0.0,0.0,0.0,0.0,1.0,0.0
357904,0.0,0.0,0.0,0.0,0.0,0.0,0.0
358516,0.0,0.0,0.0,0.0,0.0,1.0,0.0
359016,0.0,0.0,0.0,0.0,0.0,0.0,0.0
362493,0.0,0.0,0.0,0.0,0.0,1.0,0.0
362993,0.0,0.0,0.0,0.0,0.0,0.0,0.0
364978,0.0,0.0,0.0,0.0,0.0,1.0,0.0
365478,0.0,0.0,0.0,0.0,0.0,0.0,0.0
366479,0.0,0.0,0.0,0.0,0.0,1.0,0.0
366979,0.0,0.0,0.0,0.0,0.0,0.0,0.0
367451,0.0,0.0,0.0,0.0,0.0,1.0,0.0
367951,0.0,0.0,0.0,0.0,0.0,0.0,0.0
370855,0.0,0.0,0.0,0.0,0.0,1.0,0.0
371355,0.0,0.0,0.0,0.0,0.0,0.0,0.0
371798,0.0,0.0,0.0,0.0,0.0,1.0,0.0
371801,0.0,0.0,0.0,0.0,0.0,2.0,0.0
372301,0.0,0.0,0.0,0.0,0.0,0.0,0.0
372685,0.0,0.0,0.0,0.0,0.0,1.0,0.0
373185,0.0,0.0,0.0,0.0,0.0,0.0,0.0
373903,0.0,0.0,0.0,0.0,0.0,1.0,0.0
374403,0.0,0.0,0.0,0.0,0.0,0.0,0.0
381300,0.0,0.0,0.0,0.0,0.0,1.0,0.0
381800,0.0,0.0,0.0,0.0,0.0,0.0,0.0
383455,0.0,0.0,0.0,0.0,0.0,1.0,0.0
383955,0.0,0.0,0.0,0.0,0.0,0.0,0.0
385003,0.0,0.0,0.0,0.0,0.0,1.0,0.0
385503,0.0,0.0,0.0,0.0,0.0,0.0,0.0
393141,0.0,0.0,0.0,0.0,0.0,1.0,0.0
393641,0.0,0.0,0.0,0.0,0.0,0.0,0.0
395281,0.0,0.0,0.0,0.0,0.0,1.0,0.0
395781,0.0,0.0,0.0,0.0,0.0,0.0,0.0
396167,0.0,0.0,0.0,0.0,1.0,0.0,0.0
396667,0.0,0.0,0.0,0.0,0.0,0.0,0.0
398828,0.0,0.0,0.0,0.0,0.0,1.0,0.0
399328,0.0,0.0,0.0,0.0,0.0,0.0,0.0
400300,0.0,0.0,0.0,0.0,0.0,0.0,1.0
400484,0.0,0.0,0.0,0.0,0.0,1.0,1.0
400671,2.0,0.0,0.0,0.0,0.0,1.0,1.0
400685,2.0,0.0,0.0,0.0,0.0,2.0,1.0
400721,2.0,2.0,0.0,0.0,0.0,2.0,1.0
400800,2.0,2.0,0.0,0.0,0.0,2.0,0.0
400842,2.0,2.0,0.0,0.0,1.0,2.0,0.0
400951,2.0,2.0,0.0,0.0,2.0,2.0,0.0
401171,0.0,2.0,0.0,0.0,2.0,2.0,0.0
401185,0.0,2.0,0.0,0.0,2.0,0.0,0.0
401191,0.0,2.0,0.0,0.0,2.0,1.0,0.0
401215,2.0,2.0,0.0,0.0,2.0,1.0,0.0
401221,2.0,0.0,0.0,0.0,2.0,1.0,0.0
401451,2.0,0.0,0.0,0.0,0.0,1.0,0.0
401691,2.0,0.0,0.0,0.0,0.0,0.0,0.0
401715,0.0,0.0,0.0,0.0,0.0,0.0,0.0
402194,0.0,0.0,0.0,0.0,0.0,1.0,0.0
402682,0.0,0.0,1.0,0.0,0.0,1.0,0.0
402694,0.0,0.0,1.0,0.0,0.0,0.0,0.0
402712,0.0,0.0,1.0,0.0,0.0,1.0,0.0
403212,0.0,0.0,1.0,0.0,0.0,0.0,0.0
403832,0.0,0.0,1.0,0.0,0.0,1.0,0.0
404332,0.0,0.0,1.0,0.0,0.0,0.0,0.0
404892,0.0,0.0,1.0,0.0,0.0,1.0,0.0
404961,0.0,0.0,2.0,0.0,0.0,1.0,0.0
405392,0.0,0.0,2.0,0.0,0.0,0.0,0.0
405461,0.0,0.0,0.0,0.0,0.0,0.0,0.0
405685,0.0,0.0,0.0,0.0,1.0,0.0,0.0
405938,0.0,0.0,0.0,0.0,1.0,1.0,0.0
405947,0.0,0.0,0.0,0.0,1.0,2.0,0.0
406185,0.0,0.0,0.0,0.0,0.0,2.0,0.0
406447,0.0,0.0,0.0,0.0,0.0,0.0,0.0
406691,0.0,0.0,0.0,0.0,0.0,1.0,0.0
406953,0.0,0.0,0.0,0.0,0.0,2.0,0.0
407453,0.0,0.0,0.0,0.0,0.0,0.0,0.0
407950,0.0,0.0,0.0,0.0,0.0,1.0,0.0
407952,0.0,0.0,0.0,0.0,0.0,2.0,0.0
408452,0.0,0.0,0.0,0.0,0.0,0.0,0.0
408685,0.0,0.0,0.0,0.0,0.0,1.0,0.0
409185,0.0,0.0,0.0,0.0,0.0,0.0,0.0
409508,0.0,0.0,0.0,0.0,0.0,1.0,0.0
410008,0.0,0.0,0.0,0.0,0.0,0.0,0.0
410155,0.0,0.0,0.0,0.0,0.0,1.0,0.0
410395,0.0,0.0,0.0,0.0,0.0,2.0,0.0
410895,0.0,0.0,0.0,0.0,0.0,0.0,0.0
411288,0.0,0.0,0.0,0.0,0.0,1.0,0.0
411297,0.0,0.0,0.0,0.0,0.0,2.0,0.0
411797,0.0,0.0,0.0,0.0,0.0,0.0,0.0
411880,0.0,0.0,0.0,0.0,0.0,1.0,0.0
411892,0.0,0.0,0.0,0.0,0.0,2.0,0.0
412392,0.0,0.0,0.0,0.0,0.0,0.0,0.0
412960,0.0,0.0,0.0,0.0,0.0,1.0,0.0
413147,0.0,0.0,0.0,0.0,0.0,2.0,0.0
413647,0.0,0.0,0.0,0.0,0.0,0.0,0.0
413744,0.0,0.0,0.0,0.0,0.0,1.0,0.0
414244,0.0,0.0,0.0,0.0,0.0,0.0,0.0
414472,0.0,0.0,0.0,0.0,0.0,1.0,0.0
414510,0.0,0.0,0.0,0.0,0.0,2.0,0.0
415010,0.0,0.0,0.0,0.0,0.0,0.0,0.0
415124,0.0,0.0,0.0,0.0,0.0,1.0,0.0
415188,0.0,0.0,0.0,0.0,0.0,2.0,0.0
415189,0.0,0.0,0.0,0.0,1.0,2.0,0.0
415688,0.0,0.0,0.0,0.0,1.0,0.0,0.0
415689,0.0,0.0,0.0,0.0,0.0,0.0,0.0
416172,0.0,0.0,0.0,0.0,0.0,1.0,0.0
416174,0.0,0.0,0.0,0.0,0.0,2.0,0.0
416674,0.0,0.0,0.0,0.0,0.0,0.0,0.0
417540,0.0,0.0,0.0,0.0,0.0,1.0,0.0
417918,0.0,0.0,0.0,0.0,0.0,2.0,0.0
418418,0.0,0.0,0.0,0.0,0.0,0.0,0.0
418555,0.0,0.0,0.0,0.0,0.0,1.0,0.0
418558,0.0,0.0,0.0,0.0,0.0,2.0,0.0
419058,0.0,0.0,0.0,0.0,0.0,0.0,0.0
419064,0.0,0.0,0.0,0.0,0.0,1.0,0.0
419316,0.0,0.0,0.0,0.0,0.0,2.0,0.0
419816,0.0,0.0,0.0,0.0,0.0,0.0,0.0
421183,0.0,0.0,0.0,0.0,0.0,1.0,0.0
421185,0.0,0.0,0.0,0.0,0.0,2.0,0.0
421685,0.0,0.0,0.0,0.0,0.0,0.0,0.0
422886,0.0,0.0,0.0,0.0,0.0,1.0,0.0
423386,0.0,0.0,0.0,0.0,0.0,0.0,0.0
424356,0.0,0.0,0.0,0.0,0.0,1.0,0.0
424758,0.0,0.0,0.0,0.0,0.0,2.0,0.0
425258,0.0,0.0,0.0,0.0,0.0,0.0,0.0
425901,0.0,0.0,0.0,0.0,0.0,1.0,0.0
426401,0.0,0.0,0.0,0.0,0.0,0.0,0.0
426410,0.0,0.0,0.0,0.0,0.0,1.0,0.0
426910,0.0,0.0,0.0,0.0,0.0,0.0,0.0
427208,0.0,0.0,0.0,0.0,0.0,1.0,0.0
427708,0.0,0.0,0.0,0.0,0.0,0.0,0.0
427825,0.0,0.0,0.0,0.0,0.0,1.0,0.0
428325,0.0,0.0,0.0,0.0,0.0,0.0,0.0
428887,0.0,0.0,0.0,0.0,0.0,1.0,0.0
428899,0.0,0.0,0.0,0.0,0.0,2.0,0.0
429399,0.0,0.0,0.0,0.0,0.0,0.0,0.0
430762,0.0,0.0,0.0,0.0,0.0,1.0,0.0
430765,0.0,0.0,0.0,0.0,0.0,2.0,0.0
431265,0.0,0.0,0.0,0.0,0.0,0.0,0.0
432350,0.0,0.0,0.0,0.0,0.0,1.0,0.0
432352,0.0,0.0,0.0,0.0,0.0,2.0,0.0
432852,0.0,0.0,0.0,0.0,0.0,0.0,0.0
434339,0.0,0.0,0.0,0.0,0.0,1.0,0.0
434839,0.0,0.0,0.0,0.0,0.0,0.0,0.0
435333,0.0,0.0,0.0,0.0,0.0,1.0,0.0
435349,0.0,0.0,0.0,0.0,0.0,2.0,0.0
435849,0.0,0.0,0.0,0.0,0.0,0.0,0.0
436954,0.0,0.0,0.0,0.0,0.0,1.0,0.0
437454,0.0,0.0,0.0,0.0,0.0,0.0,0.0
437523,0.0,0.0,0.0,0.0,0.0,1.0,0.0
437956,0.0,0.0,0.0,0.0,0.0,2.0,0.0
438456,0.0,0.0,0.0,0.0,0.0,0.0,0.0
439330,0.0,0.0,0.0,0.0,0.0,1.0,0.0
439830,0.0,0.0,0.0,0.0,0.0,0.0,0.0
439924,0.0,0.0,0.0,0.0,0.0,1.0,0.0
440424,0.0,0.0,0.0,0.0,0.0,0.0,0.0
443480,0.0,0.0,0.0,0.0,0.0,1.0,0.0
443980,0.0,0.0,0.0,0.0,0.0,0.0,0.0
444245,0.0,0.0,0.0,0.0,0.0,1.0,0.0
444417,0.0,0.0,0.0,0.0,0.0,2.0,0.0
444917,0.0,0.0,0.0,0.0,0.0,0.0,0.0
446007,0.0,0.0,0.0,0.0,0.0,1.0,0.0
446507,0.0,0.0,0.0,0.0,0.0,0.0,0.0
446530,0.0,0.0,0.0,0.0,0.0,1.0,0.0
447030,0.0,0.0,0.0,0.0,0.0,0.0,0.0
447718,0.0,0.0,0.0,0.0,0.0,1.0,0.0
448218,0.0,0.0,0.0,0.0,0.0,0.0,0.0
448736,0.0,0.0,0.0,0.0,0.0,1.0,0.0
448764,0.0,0.0,0.0,0.0,0.0,2.0,0.0
449264,0.0,0.0,0.0,0.0,0.0,0.0,0.0
449614,0.0,0.0,0.0,0.0,0.0,1.0,0.0
449947,0.0,0.0,0.0,0.0,0.0,2.0,0.0
449952,0.0,0.0,0.0,0.0,1.0,2.0,0.0
450024,0.0,0.0,0.0,0.0,2.0,2.0,0.0
450447,0.0,0.0,0.0,0.0,2.0,1.0,0.0
450524,0.0,0.0,0.0,0.0,0.0,1.0,0.0
450947,0.0,0.0,0.0,0.0,0.0,0.0,0.0
451206,0.0,0.0,0.0,0.0,0.0,1.0,0.0
451208,0.0,0.0,0.0,0.0,0.0,2.0,0.0
451708,0.0,0.0,0.0,0.0,0.0,0.0,0.0
451844,0.0,0.0,0.0,0.0,0.0,1.0,0.0
452344,0.0,0.0,0.0,0.0,0.0,0.0,0.0
452507,0.0,0.0,0.0,0.0,0.0,1.0,0.0
453007,0.0,0.0,0.0,0.0,0.0,0.0,0.0
453546,0.0,0.0,0.0,0.0,0.0,1.0,0.0
454046,0.0,0.0,0.0,0.0,0.0,0.0,0.0
454684,0.0,0.0,0.0,0.0,0.0,1.0,0.0
455184,0.0,0.0,0.0,0.0,0.0,0.0,0.0
455321,0.0,0.0,0.0,0.0,0.0,1.0,0.0
455509,0.0,0.0,0.0,0.0,0.0,2.0,0.0
456009,0.0,0.0,0.0,0.0,0.0,0.0,0.0
456986,0.0,0.0,0.0,0.0,0.0,1.0,0.0
457121,0.0,0.0,0.0,0.0,0.0,2.0,0.0
457621,0.0,0.0,0.0,0.0,0.0,0.0,0.0
457873,0.0,2.0,0.0,0.0,0.0,0.0,0.0
458373,0.0,0.0,0.0,0.0,0.0,0.0,0.0
458649,0.0,0.0,0.0,0.0,0.0,1.0,0.0
458920,0.0,0.0,0.0,0.0,0.0,2.0,0.0
459420,0.0,0.0,0.0,0.0,0.0,0.0,0.0
459799,0.0,0.0,0.0,0.0,0.0,1.0,0.0
459810,0.0,0.0,0.0,0.0,0.0,2.0,0.0
460310,0.0,0.0,0.0,0.0,0.0,0.0,0.0
460589,0.0,0.0,0.0,0.0,0.0,1.0,0.0
461033,0.0,0.0,0.0,0.0,0.0,2.0,0.0
461533,0.0,0.0,0.0,0.0,0.0,0.0,0.0
461659,0.0,0.0,0.0,0.0,0.0,1.0,0.0
462159,0.0,0.0,0.0,0.0,0.0,0.0,0.0
463372,0.0,0.0,0.0,0.0,0.0,1.0,0.0
463377,0.0,0.0,0.0,0.0,0.0,2.0,0.0
463877,0.0,0.0,0.0,0.0,0.0,0.0,0.0
464108,0.0,0.0,0.0,0.0,0.0,1.0,0.0
464608,0.0,0.0,0.0,0.0,0.0,0.0,0.0
465002,0.0,0.0,0.0,0.0,0.0,1.0,0.0
465069,0.0,0.0,0.0,0.0,0.0,2.0,0.0
465569,0.0,0.0,0.0,0.0,0.0,0.0,0.0
466266,0.0,0.0,0.0,0.0,0.0,1.0,0.0
466268,0.0,0.0,0.0,0.0,0.0,2.0,0.0
466768,0.0,0.0,0.0,0.0,0.0,0.0,0.0
467295,0.0,0.0,0.0,0.0,0.0,1.0,0.0
467795,0.0,0.0,0.0,0.0,0.0,0.0,0.0
468088,0.0,0.0,0.0,0.0,0.0,1.0,0.0
468218,0.0,0.0,0.0,0.0,0.0,2.0,0.0
468718,0.0,0.0,0.0,0.0,0.0,0.0,0.0
470128,0.0,0.0,0.0,0.0,0.0,1.0,0.0
470628,0.0,0.0,0.0,0.0,0.0,0.0,0.0
470704,0.0,0.0,0.0,0.0,0.0,1.0,0.0
471204,0.0,0.0,0.0,0.0,0.0,0.0,0.0
471899,0.0,0.0,0.0,0.0,0.0,1.0,0.0
472213,0.0,0.0,0.0,0.0,0.0,2.0,0.0
472713,0.0,0.0,0.0,0.0,0.0,0.0,0.0
473253,0.0,0.0,0.0,0.0,0.0,1.0,0.0
473753,0.0,0.0,0.0,0.0,0.0,0.0,0.0
473891,0.0,0.0,0.0,0.0,0.0,1.0,0.0
473905,0.0,0.0,0.0,0.0,0.0,2.0,0.0
474405,0.0,0.0,0.0,0.0,0.0,0.0,0.0
476210,0.0,0.0,0.0,0.0,0.0,1.0,0.0
476387,0.0,0.0,0.0,0.0,0.0,2.0,0.0
476887,0.0,0.0,0.0,0.0,0.0,0.0,0.0
477160,0.0,0.0,0.0,0.0,0.0,1.0,0.0
477660,0.0,0.0,0.0,0.0,0.0,0.0,0.0
477711,0.0,0.0,0.0,0.0,0.0,1.0,0.0
478211,0.0,0.0,0.0,0.0,0.0,0.0,0.0
478725,0.0,0.0,0.0,0.0,0.0,1.0,0.0
479225,0.0,0.0,0.0,0.0,0.0,0.0,0.0
479327,0.0,0.0,0.0,0.0,0.0,1.0,0.0
479827,0.0,0.0,0.0,0.0,0.0,0.0,0.0
479883,0.0,0.0,0.0,0.0,0.0,1.0,0.0
480383,0.0,0.0,0.0,0.0,0.0,0.0,0.0
480676,0.0,0.0,0.0,0.0,0.0,1.0,0.0
480706,0.0,0.0,0.0,0.0,0.0,2.0,0.0
481206,0.0,0.0,0.0,0.0,0.0,0.0,0.0
481621,0.0,0.0,0.0,0.0,0.0,1.0,0.0
482121,0.0,0.0,0.0,0.0,0.0,0.0,0.0
483026,0.0,0.0,0.0,0.0,0.0,1.0,0.0
483526,0.0,0.0,0.0,0.0,0.0,0.0,0.0
483843,0.0,0.0,0.0,0.0,0.0,1.0,0.0
484271,0.0,0.0,0.0,0.0,0.0,2.0,0.0
484771,0.0,0.0,0.0,0.0,0.0,0.0,0.0
485891,0.0,0.0,0.0,0.0,0.0,1.0,0.0
485916,0.0,0.0,0.0,0.0,0.0,2.0,0.0
486416,0.0,0.0,0.0,0.0,0.0,0.0,0.0
486991,0.0,0.0,0.0,0.0,0.0,1.0,0.0
487263,0.0,0.0,0.0,0.0,0.0,2.0,0.0
487442,0.0,0.0,0.0,0.0,1.0,2.0,0.0
487532,0.0,0.0,0.0,0.0,2.0,2.0,0.0
487763,0.0,0.0,0.0,0.0,2.0,0.0,0.0
488032,0.0,0.0,0.0,0.0,0.0,0.0,0.0
488897,0.0,0.0,0.0,0.0,0.0,1.0,0.0
489386,0.0,0.0,0.0,0.0,1.0,1.0,0.0
489397,0.0,0.0,0.0,0.0,1.0,0.0,0.0
489562,0.0,0.0,0.0,0.0,1.0,1.0,0.0
489565,0.0,0.0,0.0,0.0,1.0,2.0,0.0
489886,0.0,0.0,0.0,0.0,0.0,2.0,0.0
490065,0.0,0.0,0.0,0.0,0.0,0.0,0.0
490582,0.0,0.0,0.0,0.0,0.0,1.0,0.0
490586,0.0,0.0,0.0,0.0,0.0,2.0,0.0
491086,0.0,0.0,0.0,0.0,0.0,0.0,0.0
491337,0.0,0.0,0.0,0.0,0.0,1.0,0.0
491837,0.0,0.0,0.0,0.0,0.0,0.0,0.0
492827,0.0,0.0,0.0,0.0,0.0,1.0,0.0
493327,0.0,0.0,0.0,0.0,0.0,0.0,0.0
493420,0.0,0.0,0.0,0.0,0.0,1.0,0.0
493492,0.0,0.0,0.0,0.0,0.0,2.0,0.0
493992,0.0,0.0,0.0,0.0,0.0,0.0,0.0
494224,0.0,0.0,0.0,0.0,0.0,1.0,0.0
494228,0.0,0.0,0.0,0.0,0.0,2.0,0.0
494728,0.0,0.0,0.0,0.0,0.0,0.0,0.0
495339,0.0,0.0,0.0,0.0,0.0,1.0,0.0
495431,0.0,0.0,0.0,0.0,0.0,2.0,0.0
495931,0.0,0.0,0.0,0.0,0.0,0.0,0.0
496384,0.0,0.0,0.0,0.0,0.0,1.0,0.0
496884,0.0,0.0,0.0,0.0,0.0,0.0,0.0
497048,0.0,0.0,0.0,0.0,0.0,1.0,0.0
497548,0.0,0.0,0.0,0.0,0.0,0.0,0.0
498158,0.0,0.0,0.0,0.0,0.0,1.0,0.0
498206,0.0,0.0,0.0,0.0,0.0,2.0,0.0
498706,0.0,0.0,0.0,0.0,0.0,0.0,0.0
499865,0.0,0.0,0.0,0.0,0.0,1.0,0.0
499870,0.0,0.0,0.0,0.0,0.0,2.0,0.0
500370,0.0,0.0,0.0,0.0,0.0,0.0,0.0
503247,0.0,0.0,0.0,0.0,0.0,1.0,0.0
503747,0.0,0.0,0.0,0.0,0.0,0.0,0.0
505156,0.0,0.0,0.0,0.0,1.0,0.0,0.0
505157,0.0,0.0,0.0,0.0,2.0,0.0,0.0
505657,0.0,0.0,0.0,0.0,0.0,0.0,0.0
506162,0.0,0.0,0.0,0.0,0.0,1.0,0.0
506662,0.0,0.0,0.0,0.0,0.0,0.0,0.0
506664,0.0,0.0,0.0,0.0,0.0,1.0,0.0
506669,0.0,0.0,0.0,0.0,0.0,2.0,0.0
507169,0.0,0.0,0.0,0.0,0.0,0.0,0.0
507506,0.0,0.0,0.0,0.0,0.0,1.0,0.0
508006,0.0,0.0,0.0,0.0,0.0,0.0,0.0
508659,0.0,0.0,0.0,0.0,0.0,1.0,0.0
509159,0.0,0.0,0.0,0.0,0.0,0.0,0.0
509551,0.0,0.0,0.0,0.0,0.0,1.0,0.0
510051,0.0,0.0,0.0,0.0,0.0,0.0,0.0
512026,0.0,0.0,0.0,0.0,0.0,1.0,0.0
512526,0.0,0.0,0.0,0.0,0.0,0.0,0.0
512866,0.0,0.0,0.0,0.0,0.0,1.0,0.0
512885,0.0,0.0,0.0,0.0,0.0,2.0,0.0
513385,0.0,0.0,0.0,0.0,0.0,0.0,0.0
513860,0.0,0.0,0.0,0.0,0.0,1.0,0.0
514360,0.0,0.0,0.0,0.0,0.0,0.0,0.0
523865,0.0,0.0,0.0,0.0,0.0,1.0,0.0
524365,0.0,0.0,0.0,0.0,0.0,0.0,0.0
524531,0.0,0.0,0.0,0.0,0.0,1.0,0.0
525031,0.0,0.0,0.0,0.0,0.0,0.0,0.0
525603,0.0,0.0,0.0,0.0,0.0,1.0,0.0
526103,0.0,0.0,0.0,0.0,0.0,0.0,0.0
526875,0.0,0.0,0.0,0.0,0.0,1.0,0.0
527375,0.0,0.0,0.0,0.0,0.0,0.0,0.0
527529,0.0,0.0,0.0,0.0,0.0,1.0,0.0
528029,0.0,0.0,0.0,0.0,0.0,0.0,0.0
529842,0.0,0.0,0.0,0.0,0.0,1.0,0.0
530342,0.0,0.0,0.0,0.0,0.0,0.0,0.0
530780,0.0,0.0,0.0,0.0,0.0,1.0,0.0
531280,0.0,0.0,0.0,0.0,0.0,0.0,0.0
534635,0.0,0.0,0.0,0.0,0.0,1.0,0.0
535135,0.0,0.0,0.0,0.0,0.0,0.0,0.0
536332,0.0,0.0,0.0,0.0,0.0,1.0,0.0
536832,0.0,0.0,0.0,0.0,0.0,0.0,0.0
537933,0.0,0.0,0.0,0.0,0.0,1.0,0.0
538433,0.0,0.0,0.0,0.0,0.0,0.0,0.0
541089,0.0,0.0,0.0,0.0,0.0,1.0,0.0
541589,0.0,0.0,0.0,0.0,0.0,0.0,0.0
541835,0.0,0.0,0.0,0.0,0.0,1.0,0.0
542335,0.0,0.0,0.0,0.0,0.0,0.0,0.0
542588,0.0,0.0,0.0,0.0,0.0,1.0,0.0
543088,0.0,0.0,0.0,0.0,0.0,0.0,0.0
543363,0.0,0.0,0.0,0.0,0.0,1.0,0.0
543863,0.0,0.0,0.0,0.0,0.0,0.0,0.0
544688,0.0,0.0,0.0,0.0,0.0,1.0,0.0
545188,0.0,0.0,0.0,0.0,0.0,0.0,0.0
545485,0.0,0.0,0.0,0.0,0.0,1.0,0.0
545985,0.0,0.0,0.0,0.0,0.0,0.0,0.0
547757,0.0,0.0,0.0,0.0,0.0,1.0,0.0
548257,0.0,0.0,0.0,0.0,0.0,0.0,0.0
549835,0.0,0.0,0.0,0.0,0.0,1.0,0.0
550335,0.0,0.0,0.0,0.0,0.0,0.0,0.0
558665,0.0,0.0,0.0,0.0,0.0,1.0,0.0
559165,0.0,0.0,0.0,0.0,0.0,0.0,0.0
560478,0.0,0.0,0.0,0.0,0.0,1.0,0.0
560978,0.0,0.0,0.0,0.0,0.0,0.0,0.0
563491,0.0,0.0,0.0,0.0,0.0,1.0,0.0
563492,0.0,0.0,0.0,0.0,0.0,2.0,0.0
563992,0.0,0.0,0.0,0.0,0.0,0.0,0.0
565133,0.0,0.0,0.0,0.0,0.0,1.0,0.0
565633,0.0,0.0,0.0,0.0,0.0,0.0,0.0
569031,0.0,0.0,0.0,0.0,0.0,1.0,0.0
569036,0.0,0.0,0.0,0.0,0.0,2.0,0.0
569536,0.0,0.0,0.0,0.0,0.0,0.0,0.0
573544,0.0,0.0,0.0,0.0,0.0,1.0,0.0
574044,0.0,0.0,0.0,0.0,0.0,0.0,0.0
575606,0.0,0.0,0.0,0.0,0.0,1.0,0.0
576106,0.0,0.0,0.0,0.0,0.0,0.0,0.0
577973,0.0,0.0,0.0,0.0,0.0,1.0,0.0
578473,0.0,0.0,0.0,0.0,0.0,0.0,0.0
578665,0.0,0.0,0.0,0.0,0.0,1.0,0.0
579165,0.0,0.0,0.0,0.0,0.0,0.0,0.0
579422,0.0,0.0,0.0,0.0,0.0,1.0,0.0
579922,0.0,0.0,0.0,0.0,0.0,0.0,0.0
582025,0.0,0.0,0.0,0.0,0.0,1.0,0.0
582525,0.0,0.0,0.0,0.0,0.0,0.0,0.0
582526,0.0,0.0,0.0,0.0,0.0,1.0,0.0
583026,0.0,0.0,0.0,0.0,0.0,0.0,0.0
584318,0.0,0.0,0.0,0.0,0.0,1.0,0.0
584818,0.0,0.0,0.0,0.0,0.0,0.0,0.0
585625,0.0,0.0,0.0,0.0,0.0,1.0,0.0
586125,0.0,0.0,0.0,0.0,0.0,0.0,0.0
586643,0.0,0.0,0.0,0.0,0.0,1.0,0.0
587143,0.0,0.0,0.0,0.0,0.0,0.0,0.0
587271,0.0,0.0,0.0,0.0,0.0,1.0,0.0
587771,0.0,0.0,0.0,0.0,0.0,0.0,0.0
588763,0.0,0.0,0.0,0.0,0.0,1.0,0.0
589263,0.0,0.0,0.0,0.0,0.0,0.0,0.0
590186,0.0,0.0,0.0,0.0,0.0,1.0,0.0
590686,0.0,0.0,0.0,0.0,0.0,0.0,0.0
592390,0.0,0.0,0.0,0.0,0.0,1.0,0.0
592890,0.0,0.0,0.0,0.0,0.0,0.0,0.0
598391,0.0,0.0,0.0,0.0,0.0,1.0,0.0
598891,0.0,0.0,0.0,0.0,0.0,0.0,0.0
599770,0.0,0.0,0.0,0.0,0.0,1.0,0.0
600270,0.0,0.0,0.0,0.0,0.0,0.0,0.0
600500,0.0,0.0,0.0,0.0,0.0,0.0,1.0
600601,0.0,0.0,0.0,0.0,0.0,1.0,1.0
600631,0.0,0.0,0.0,0.0,0.0,2.0,1.0
600703,2.0,0.0,0.0,0.0,0.0,2.0,1.0
600929,2.0,2.0,0.0,0.0,0.0,2.0,1.0
601000,2.0,2.0,0.0,0.0,0.0,2.0,0.0
601131,2.0,2.0,0.0,0.0,0.0,0.0,0.0
601138,2.0,2.0,0.0,0.0,0.0,1.0,0.0
601203,0.0,2.0,0.0,0.0,0.0,1.0,0.0
601429,0.0,0.0,0.0,0.0,0.0,1.0,0.0
601605,0.0,0.0,0.0,0.0,1.0,1.0,0.0
601638,0.0,0.0,0.0,0.0,1.0,0.0,0.0
601955,0.0,0.0,0.0,0.0,2.0,0.0,0.0
602076,0.0,0.0,0.0,0.0,2.0,1.0,0.0
602455,0.0,0.0,0.0,0.0,0.0,1.0,0.0
602576,0.0,0.0,0.0,0.0,0.0,0.0,0.0
602708,0.0,0.0,0.0,0.0,0.0,1.0,0.0
603000,0.0,0.0,0.0,0.0,0.0,2.0,0.0
603146,0.0,0.0,1.0,0.0,0.0,2.0,0.0
603500,0.0,0.0,1.0,0.0,0.0,0.0,0.0
603514,0.0,0.0,1.0,0.0,0.0,1.0,0.0
604014,0.0,0.0,1.0,0.0,0.0,0.0,0.0
604470,0.0,0.0,1.0,0.0,0.0,1.0,0.0
604474,0.0,0.0,1.0,0.0,0.0,2.0,0.0
604488,0.0,0.0,1.0,0.0,1.0,2.0,0.0
604974,0.0,0.0,1.0,0.0,1.0,0.0,0.0
604988,0.0,0.0,1.0,0.0,0.0,0.0,0.0
605646,0.0,0.0,1.0,0.0,0.0,1.0,0.0
606046,0.0,0.0,2.0,0.0,0.0,1.0,0.0
606146,0.0,0.0,2.0,0.0,0.0,0.0,0.0
606546,0.0,0.0,1.0,0.0,0.0,0.0,0.0
607002,0.0,0.0,1.0,0.0,0.0,1.0,0.0
607344,0.0,0.0,1.0,0.0,0.0,2.0,0.0
607844,0.0,0.0,1.0,0.0,0.0,0.0,0.0
607856,0.0,0.0,1.0,0.0,0.0,1.0,0.0
608046,0.0,0.0,0.0,0.0,0.0,1.0,0.0
608128,0.0,0.0,0.0,0.0,0.0,2.0,0.0
608210,0.0,0.0,1.0,0.0,0.0,2.0,0.0
608628,0.0,0.0,1.0,0.0,0.0,0.0,0.0
609102,0.0,0.0,1.0,0.0,0.0,1.0,0.0
609113,0.0,0.0,1.0,0.0,0.0,2.0,0.0
609613,0.0,0.0,1.0,0.0,0.0,0.0,0.0
610757,0.0,0.0,1.0,0.0,0.0,1.0,0.0
611193,0.0,0.0,1.0,0.0,0.0,2.0,0.0
611693,0.0,0.0,1.0,0.0,0.0,0.0,0.0
611900,0.0,0.0,1.0,0.0,0.0,1.0,0.0
612400,0.0,0.0,1.0,0.0,0.0,0.0,0.0
612928,0.0,0.0,1.0,0.0,0.0,1.0,0.0
612937,0.0,0.0,1.0,0.0,0.0,2.0,0.0
613437,0.0,0.0,1.0,0.0,0.0,0.0,0.0
614496,0.0,0.0,1.0,0.0,0.0,1.0,0.0
614996,0.0,0.0,1.0,0.0,0.0,0.0,0.0
615192,0.0,0.0,1.0,0.0,0.0,1.0,0.0
615321,0.0,0.0,1.0,0.0,0.0,2.0,0.0
615821,0.0,0.0,1.0,0.0,0.0,0.0,0.0
616257,0.0,0.0,1.0,0.0,0.0,1.0,0.0
616710,0.0,0.0,0.0,0.0,0.0,1.0,0.0
616757,0.0,0.0,0.0,0.0,0.0,0.0,0.0
616819,0.0,0.0,1.0,0.0,0.0,0.0,0.0
616907,0.0,0.0,1.0,0.0,0.0,1.0,0.0
617216,0.0,0.0,1.0,0.0,0.0,2.0,0.0
617325,0.0,0.0,1.0,0.0,1.0,2.0,0.0
617716,0.0,0.0,1.0,0.0,1.0,0.0,0.0
617825,0.0,0.0,1.0,0.0,0.0,0.0,0.0
618319,0.0,0.0,0.0,0.0,0.0,0.0,0.0
619323,0.0,0.0,0.0,0.0,1.0,0.0,0.0
619431,0.0,0.0,0.0,0.0,1.0,1.0,0.0
619789,0.0,0.0,0.0,0.0,1.0,2.0,0.0
619823,0.0,0.0,0.0,0.0,0.0,2.0,0.0
620112,0.0,0.0,1.0,0.0,0.0,2.0,0.0
620289,0.0,0.0,1.0,0.0,0.0,0.0,0.0
620421,0.0,0.0,1.0,0.0,0.0,1.0,0.0
620612,0.0,0.0,0.0,0.0,0.0,1.0,0.0
620921,0.0,0.0,0.0,0.0,0.0,0.0,0.0
620991,0.0,0.0,0.0,0.0,0.0,1.0,0.0
621120,0.0,0.0,1.0,0.0,0.0,1.0,0.0
621491,0.0,0.0,1.0,0.0,0.0,0.0,0.0
621613,0.0,0.0,1.0,0.0,0.0,1.0,0.0
621615,0.0,0.0,1.0,0.0,0.0,2.0,0.0
622115,0.0,0.0,1.0,0.0,0.0,0.0,0.0
622120,0.0,0.0,0.0,0.0,0.0,0.0,0.0
622122,0.0,0.0,1.0,0.0,0.0,0.0,0.0
623445,0.0,0.0,1.0,0.0,0.0,1.0,0.0
623449,0.0,0.0,1.0,0.0,0.0,2.0,0.0
623949,0.0,0.0,1.0,0.0,0.0,0.0,0.0
624081,0.0,0.0,1.0,0.0,0.0,1.0,0.0
624296,0.0,0.0,1.0,0.0,0.0,2.0,0.0
624796,0.0,0.0,1.0,0.0,0.0,0.0,0.0
625280,0.0,0.0,1.0,0.0,0.0,1.0,0.0
625780,0.0,0.0,1.0,0.0,0.0,0.0,0.0
626077,0.0,0.0,1.0,0.0,0.0,1.0,0.0
626122,0.0,0.0,0.0,0.0,0.0,1.0,0.0
626124,0.0,0.0,1.0,0.0,0.0,1.0,0.0
626577,0.0,0.0,1.0,0.0,0.0,0.0,0.0
626624,0.0,0.0,0.0,0.0,0.0,0.0,0.0
626780,0.0,0.0,0.0,0.0,0.0,1.0,0.0
627155,0.0,0.0,1.0,0.0,0.0,1.0,0.0
627156,0.0,0.0,1.0,0.0,0.0,2.0,0.0
627656,0.0,0.0,1.0,0.0,0.0,0.0,0.0
628155,0.0,0.0,0.0,0.0,0.0,0.0,0.0
628556,0.0,0.0,0.0,0.0,0.0,1.0,0.0
628746,0.0,0.0,0.0,0.0,0.0,2.0,0.0
628784,0.0,0.0,1.0,0.0,0.0,2.0,0.0
628824,0.0,0.0,1.0,0.0,1.0,2.0,0.0
629246,0.0,0.0,1.0,0.0,1.0,0.0,0.0
629324,0.0,0.0,1.0,0.0,0.0,0.0,0.0
629418,0.0,0.0,1.0,0.0,0.0,1.0,0.0
629918,0.0,0.0,1.0,0.0,0.0,0.0,0.0
630137,0.0,0.0,1.0,0.0,0.0,1.0,0.0
630268,0.0,0.0,1.0,0.0,0.0,2.0,0.0
630768,0.0,0.0,1.0,0.0,0.0,0.0,0.0
630876,0.0,0.0,1.0,0.0,0.0,1.0,0.0
631376,0.0,0.0,1.0,0.0,0.0,0.0,0.0
631379,0.0,0.0,1.0,0.0,0.0,1.0,0.0
631879,0.0,0.0,1.0,0.0,0.0,0.0,0.0
632047,0.0,0.0,1.0,0.0,1.0,1.0,0.0
632547,0.0,0.0,1.0,0.0,0.0,0.0,0.0
632784,0.0,0.0,0.0,0.0,0.0,0.0,0.0
633290,0.0,0.0,0.0,0.0,0.0,1.0,0.0
633325,0.0,0.0,0.0,0.0,0.0,2.0,0.0
633825,0.0,0.0,0.0,0.0,0.0,0.0,0.0
633857,0.0,0.0,0.0,0.0,0.0,1.0,0.0
634357,0.0,0.0,0.0,0.0,0.0,0.0,0.0
634570,0.0,0.0,0.0,0.0,0.0,1.0,0.0
635042,0.0,0.0,0.0,0.0,0.0,2.0,0.0
635542,0.0,0.0,0.0,0.0,0.0,0.0,0.0
635560,0.0,0.0,0.0,0.0,0.0,1.0,0.0
636060,0.0,0.0,0.0,0.0,0.0,0.0,0.0
636934,0.0,0.0,1.0,0.0,0.0,0.0,0.0
637282,0.0,0.0,1.0,0.0,0.0,1.0,0.0
637782,0.0,0.0,1.0,0.0,0.0,0.0,0.0
638643,0.0,0.0,1.0,0.0,0.0,1.0,0.0
639143,0.0,0.0,1.0,0.0,0.0,0.0,0.0
639710,0.0,0.0,1.0,0.0,0.0,1.0,0.0
639773,0.0,0.0,1.0,0.0,0.0,2.0,0.0
640273,0.0,0.0,1.0,0.0,0.0,0.0,0.0
640856,0.0,0.0,1.0,0.0,0.0,1.0,0.0
640934,0.0,0.0,0.0,0.0,0.0,1.0,0.0
641046,0.0,0.0,1.0,0.0,0.0,1.0,0.0
641356,0.0,0.0,1.0,0.0,0.0,0.0,0.0
641546,0.0,0.0,0.0,0.0,0.0,0.0,0.0
641605,0.0,0.0,1.0,0.0,0.0,0.0,0.0
641820,0.0,0.0,1.0,0.0,0.0,1.0,0.0
641822,0.0,0.0,1.0,0.0,0.0,2.0,0.0
642322,0.0,0.0,1.0,0.0,0.0,0.0,0.0
642520,0.0,0.0,1.0,0.0,0.0,1.0,0.0
643020,0.0,0.0,1.0,0.0,0.0,0.0,0.0
643170,0.0,0.0,1.0,0.0,0.0,1.0,0.0
643294,0.0,2.0,1.0,0.0,0.0,1.0,0.0
643446,0.0,2.0,1.0,0.0,0.0,2.0,0.0
643794,0.0,0.0,1.0,0.0,0.0,2.0,0.0
643946,0.0,0.0,1.0,0.0,0.0,0.0,0.0
644001,0.0,0.0,1.0,0.0,0.0,1.0,0.0
644501,0.0,0.0,1.0,0.0,0.0,0.0,0.0
644553,0.0,0.0,1.0,0.0,0.0,1.0,0.0
645053,0.0,0.0,1.0,0.0,0.0,0.0,0.0
645237,0.0,0.0,1.0,0.0,0.0,1.0,0.0
645248,0.0,0.0,1.0,0.0,0.0,2.0,0.0
645748,0.0,0.0,1.0,0.0,0.0,0.0,0.0
645819,0.0,0.0,1.0,0.0,0.0,1.0,0.0
646319,0.0,0.0,1.0,0.0,0.0,0.0,0.0
646325,0.0,0.0,1.0,0.0,0.0,1.0,0.0
646825,0.0,0.0,1.0,0.0,0.0,0.0,0.0
648683,0.0,0.0,1.0,0.0,0.0,1.0,0.0
649183,0.0,0.0,1.0,0.0,0.0,0.0,0.0
649588,0.0,0.0,1.0,0.0,0.0,1.0,0.0
650088,0.0,0.0,1.0,0.0,0.0,0.0,0.0
650262,0.0,0.0,1.0,0.0,0.0,1.0,0.0
650264,0.0,0.0,1.0,0.0,0.0,2.0,0.0
650764,0.0,0.0,1.0,0.0,0.0,0.0,0.0
650813,0.0,0.0,1.0,0.0,0.0,1.0,0.0
651313,0.0,0.0,1.0,0.0,0.0,0.0,0.0
651435,0.0,0.0,1.0,0.0,0.0,1.0,0.0
651592,0.0,0.0,1.0,0.0,0.0,2.0,0.0
652092,0.0,0.0,1.0,0.0,0.0,0.0,0.0
652149,0.0,0.0,1.0,0.0,0.0,1.0,0.0
652286,0.0,0.0,1.0,0.0,0.0,2.0,0.0
652786,0.0,0.0,1.0,0.0,0.0,0.0,0.0
652802,0.0,0.0,1.0,0.0,0.0,1.0,0.0
653302,0.0,0.0,1.0,0.0,0.0,0.0,0.0
654002,0.0,0.0,1.0,0.0,0.0,1.0,0.0
654289,0.0,0.0,1.0,0.0,0.0,2.0,0.0
654789,0.0,0.0,1.0,0.0,0.0,0.0,0.0
655437,0.0,0.0,1.0,0.0,0.0,1.0,0.0
655937,0.0,0.0,1.0,0.0,0.0,0.0,0.0
655980,0.0,0.0,1.0,0.0,0.0,1.0,0.0
656480,0.0,0.0,1.0,0.0,0.0,0.0,0.0
657373,0.0,0.0,1.0,0.0,0.0,1.0,0.0
657749,0.0,0.0,1.0,0.0,0.0,2.0,0.0
658249,0.0,0.0,1.0,0.0,0.0,0.0,0.0
659405,0.0,0.0,1.0,0.0,0.0,1.0,0.0
659407,0.0,0.0,1.0,0.0,0.0,2.0,0.0
659907,0.0,0.0,1.0,0.0,0.0,0.0,0.0
659977,0.0,0.0,1.0,0.0,0.0,1.0,0.0
659979,0.0,0.0,1.0,0.0,0.0,2.0,0.0
660479,0.0,0.0,1.0,0.0,0.0,0.0,0.0
660609,0.0,0.0,1.0,0.0,0.0,1.0,0.0
661109,0.0,0.0,1.0,0.0,0.0,0.0,0.0
661144,0.0,0.0,1.0,0.0,0.0,1.0,0.0
661644,0.0,0.0,1.0,0.0,0.0,0.0,0.0
661678,0.0,0.0,1.0,0.0,0.0,1.0,0.0
662178,0.0,0.0,1.0,0.0,0.0,0.0,0.0
662255,0.0,0.0,1.0,0.0,0.0,1.0,0.0
662283,0.0,0.0,1.0,0.0,0.0,2.0,0.0
662783,0.0,0.0,1.0,0.0,0.0,0.0,0.0
663975,0.0,0.0,1.0,0.0,0.0,1.0,0.0
664475,0.0,0.0,1.0,0.0,0.0,0.0,0.0
664620,0.0,0.0,1.0,0.0,0.0,1.0,0.0
665120,0.0,0.0,1.0,0.0,0.0,0.0,0.0
666518,0.0,0.0,1.0,0.0,0.0,1.0,0.0
666678,0.0,0.0,1.0,0.0,0.0,2.0,0.0
667178,0.0,0.0,1.0,0.0,0.0,0.0,0.0
667290,0.0,0.0,1.0,0.0,0.0,1.0,0.0
667790,0.0,0.0,1.0,0.0,0.0,0.0,0.0
668722,0.0,0.0,1.0,0.0,0.0,1.0,0.0
669222,0.0,0.0,1.0,0.0,0.0,0.0,0.0
669226,0.0,0.0,1.0,0.0,0.0,1.0,0.0
669726,0.0,0.0,1.0,0.0,0.0,0.0,0.0
670054,0.0,0.0,1.0,0.0,0.0,1.0,0.0
670142,0.0,0.0,1.0,0.0,0.0,2.0,0.0
670642,0.0,0.0,1.0,0.0,0.0,0.0,0.0
671240,0.0,0.0,1.0,0.0,0.0,1.0,0.0
671244,0.0,0.0,1.0,0.0,1.0,2.0,0.0
671744,0.0,0.0,1.0,0.0,0.0,0.0,0.0
671948,0.0,0.0,1.0,0.0,0.0,1.0,0.0
672448,0.0,0.0,1.0,0.0,0.0,0.0,0.0
672732,0.0,0.0,1.0,0.0,0.0,1.0,0.0
672739,0.0,0.0,1.0,0.0,0.0,2.0,0.0
673239,0.0,0.0,1.0,0.0,0.0,0.0,0.0
674244,0.0,0.0,1.0,0.0,0.0,1.0,0.0
674744,0.0,0.0,1.0,0.0,0.0,0.0,0.0
674836,0.0,0.0,1.0,0.0,0.0,1.0,0.0
675336,0.0,0.0,1.0,0.0,0.0,0.0,0.0
675703,0.0,0.0,1.0,0.0,0.0,1.0,0.0
676203,0.0,0.0,1.0,0.0,0.0,0.0,0.0
676321,0.0,0.0,1.0,0.0,0.0,1.0,0.0
676498,0.0,0.0,1.0,0.0,0.0,2.0,0.0
676998,0.0,0.0,1.0,0.0,0.0,0.0,0.0
677689,0.0,0.0,1.0,0.0,0.0,1.0,0.0
678189,0.0,0.0,1.0,0.0,0.0,0.0,0.0
678734,0.0,0.0,1.0,0.0,0.0,1.0,0.0
679234,0.0,0.0,1.0,0.0,0.0,0.0,0.0
679259,0.0,0.0,1.0,0.0,0.0,1.0,0.0
679759,0.0,0.0,1.0,0.0,0.0,0.0,0.0
680516,0.0,0.0,1.0,0.0,0.0,1.0,0.0
680908,0.0,0.0,1.0,0.0,0.0,2.0,0.0
681408,0.0,0.0,1.0,0.0,0.0,0.0,0.0
681490,0.0,0.0,1.0,0.0,0.0,1.0,0.0
681585,0.0,0.0,1.0,0.0,0.0,2.0,0.0
682085,0.0,0.0,1.0,0.0,0.0,0.0,0.0
682611,0.0,0.0,1.0,0.0,0.0,1.0,0.0
682615,0.0,0.0,1.0,0.0,0.0,2.0,0.0
683115,0.0,0.0,1.0,0.0,0.0,0.0,0.0
683424,0.0,0.0,1.0,0.0,1.0,0.0,0.0
683425,0.0,0.0,1.0,0.0,1.0,1.0,0.0
683924,0.0,0.0,1.0,0.0,0.0,1.0,0.0
683925,0.0,0.0,1.0,0.0,0.0,0.0,0.0
683995,0.0,0.0,1.0,0.0,0.0,1.0,0.0
684495,0.0,0.0,1.0,0.0,0.0,0.0,0.0
684670,0.0,0.0,1.0,0.0,0.0,1.0,0.0
685170,0.0,0.0,1.0,0.0,0.0,0.0,0.0
685254,0.0,0.0,1.0,0.0,0.0,1.0,0.0
685754,0.0,0.0,1.0,0.0,0.0,0.0,0.0
687214,0.0,0.0,1.0,0.0,0.0,1.0,0.0
687216,0.0,0.0,1.0,0.0,0.0,2.0,0.0
687716,0.0,0.0,1.0,0.0,0.0,0.0,0.0
689540,0.0,0.0,1.0,0.0,0.0,1.0,0.0
690040,0.0,0.0,1.0,0.0,0.0,0.0,0.0
691387,0.0,0.0,1.0,0.0,0.0,1.0,0.0
691391,0.0,0.0,1.0,0.0,0.0,2.0,0.0
691891,0.0,0.0,1.0,0.0,0.0,0.0,0.0
692994,0.0,0.0,1.0,0.0,0.0,1.0,0.0
693013,0.0,0.0,1.0,0.0,0.0,2.0,0.0
693513,0.0,0.0,1.0,0.0,0.0,0.0,0.0
693930,0.0,0.0,1.0,0.0,0.0,1.0,0.0
693942,0.0,0.0,1.0,0.0,0.0,2.0,0.0
694442,0.0,0.0,1.0,0.0,0.0,0.0,0.0
694986,0.0,0.0,1.0,0.0,0.0,1.0,0.0
694989,0.0,0.0,1.0,0.0,0.0,2.0,0.0
695489,0.0,0.0,1.0,0.0,0.0,0.0,0.0
696288,0.0,0.0,1.0,0.0,0.0,1.0,0.0
696788,0.0,0.0,1.0,0.0,0.0,0.0,0.0
697624,0.0,0.0,1.0,0.0,0.0,1.0,0.0
697631,0.0,0.0,1.0,0.0,0.0,2.0,0.0
698131,0.0,0.0,1.0,0.0,0.0,0.0,0.0
698466,0.0,0.0,1.0,0.0,0.0,1.0,0.0
698966,0.0,0.0,1.0,0.0,0.0,0.0,0.0
699327,0.0,0.0,1.0,0.0,0.0,1.0,0.0
699331,0.0,0.0,1.0,0.0,0.0,2.0,0.0
699831,0.0,0.0,1.0,0.0,0.0,0.0,0.0
700495,0.0,0.0,1.0,0.0,0.0,1.0,0.0
700995,0.0,0.0,1.0,0.0,0.0,0.0,0.0
701105,0.0,0.0,0.0,0.0,0.0,0.0,0.0
702515,0.0,0.0,0.0,0.0,0.0,1.0,0.0
703015,0.0,0.0,0.0,0.0,0.0,0.0,0.0
705095,0.0,0.0,0.0,0.0,0.0,1.0,0.0
705595,0.0,0.0,0.0,0.0,0.0,0.0,0.0
708866,0.0,0.0,0.0,0.0,1.0,0.0,0.0
708867,0.0,0.0,0.0,0.0,2.0,0.0,0.0
709367,0.0,0.0,0.0,0.0,0.0,0.0,0.0
709431,0.0,0.0,0.0,0.0,0.0,1.0,0.0
709931,0.0,0.0,0.0,0.0,0.0,0.0,0.0
710762,0.0,0.0,0.0,0.0,0.0,1.0,0.0
711262,0.0,0.0,0.0,0.0,0.0,0.0,0.0
711936,0.0,0.0,0.0,0.0,0.0,1.0,0.0
712436,0.0,0.0,0.0,0.0,0.0,0.0,0.0
714152,0.0,0.0,0.0,0.0,0.0,1.0,0.0
714154,0.0,0.0,0.0,0.0,0.0,2.0,0.0
714654,0.0,0.0,0.0,0.0,0.0,0.0,0.0
720046,0.0,0.0,0.0,0.0,0.0,1.0,0.0
720546,0.0,0.0,0.0,0.0,0.0,0.0,0.0
720932,0.0,0.0,0.0,0.0,0.0,1.0,0.0
720934,0.0,0.0,0.0,0.0,0.0,2.0,0.0
721434,0.0,0.0,0.0,0.0,0.0,0.0,0.0
725198,0.0,0.0,0.0,0.0,0.0,1.0,0.0
725698,0.0,0.0,0.0,0.0,0.0,0.0,0.0
728531,0.0,0.0,0.0,0.0,0.0,1.0,0.0
729031,0.0,0.0,0.0,0.0,0.0,0.0,0.0
730203,0.0,0.0,0.0,0.0,0.0,1.0,0.0
730703,0.0,0.0,0.0,0.0,0.0,0.0,0.0
735923,0.0,0.0,0.0,0.0,0.0,1.0,0.0
736423,0.0,0.0,0.0,0.0,0.0,0.0,0.0
736495,0.0,0.0,0.0,0.0,0.0,1.0,0.0
736995,0.0,0.0,0.0,0.0,0.0,0.0,0.0
739452,0.0,0.0,0.0,0.0,1.0,0.0,0.0
739952,0.0,0.0,0.0,0.0,0.0,0.0,0.0
742312,0.0,0.0,0.0,0.0,0.0,1.0,0.0
742812,0.0,0.0,0.0,0.0,0.0,0.0,0.0
743781,0.0,0.0,0.0,0.0,0.0,1.0,0.0
743783,0.0,0.0,0.0,0.0,0.0,2.0,0.0
744283,0.0,0.0,0.0,0.0,0.0,0.0,0.0
746960,0.0,0.0,0.0,0.0,0.0,1.0,0.0
747460,0.0,0.0,0.0,0.0,0.0,0.0,0.0
751869,0.0,0.0,0.0,0.0,0.0,1.0,0.0
752369,0.0,0.0,0.0,0.0,0.0,0.0,0.0
752583,0.0,0.0,0.0,0.0,0.0,1.0,0.0
753083,0.0,0.0,0.0,0.0,0.0,0.0,0.0
757771,0.0,0.0,0.0,0.0,0.0,1.0,0.0
758271,0.0,0.0,0.0,0.0,0.0,0.0,0.0
759449,0.0,0.0,0.0,0.0,0.0,1.0,0.0
759949,0.0,0.0,0.0,0.0,0.0,0.0,0.0
760042,0.0,0.0,0.0,0.0,0.0,1.0,0.0
760542,0.0,0.0,0.0,0.0,0.0,0.0,0.0
762696,0.0,0.0,0.0,0.0,0.0,1.0,0.0
762697,0.0,0.0,0.0,0.0,0.0,2.0,0.0
763197,0.0,0.0,0.0,0.0,0.0,0.0,0.0
763545,0.0,0.0,0.0,0.0,0.0,1.0,0.0
764045,0.0,0.0,0.0,0.0,0.0,0.0,0.0
766656,0.0,0.0,0.0,0.0,0.0,1.0,0.0
767156,0.0,0.0,0.0,0.0,0.0,0.0,0.0
767973,0.0,0.0,0.0,0.0,0.0,1.0,0.0
768473,0.0,0.0,0.0,0.0,0.0,0.0,0.0
768593,0.0,0.0,0.0,0.0,0.0,1.0,0.0
769093,0.0,0.0,0.0,0.0,0.0,0.0,0.0
771424,0.0,0.0,0.0,0.0,0.0,1.0,0.0
771924,0.0,0.0,0.0,0.0,0.0,0.0,0.0
776693,0.0,0.0,0.0,0.0,0.0,1.0,0.0
777193,0.0,0.0,0.0,0.0,0.0,0.0,0.0
777728,0.0,0.0,0.0,0.0,0.0,1.0,0.0
777851,0.0,0.0,0.0,0.0,0.0,2.0,0.0
778351,0.0,0.0,0.0,0.0,0.0,0.0,0.0
780569,0.0,0.0,0.0,0.0,0.0,1.0,0.0
781069,0.0,0.0,0.0,0.0,0.0,0.0,0.0
783056,0.0,0.0,0.0,0.0,0.0,1.0,0.0
784056,0.0,0.0,0.0,0.0,0.0,0.0,0.0
788005,0.0,0.0,0.0,0.0,0.0,1.0,0.0
788505,0.0,0.0,0.0,0.0,0.0,0.0,0.0
788624,0.0,0.0,0.0,0.0,0.0,1.0,0.0
789124,0.0,0.0,0.0,0.0,0.0,0.0,0.0
792897,0.0,0.0,0.0,0.0,0.0,1.0,0.0
793397,0.0,0.0,0.0,0.0,0.0,0.0,0.0
795225,0.0,0.0,0.0,0.0,0.0,1.0,0.0
795725,0.0,0.0,0.0,0.0,0.0,0.0,0.0
796476,0.0,0.0,0.0,0.0,0.0,1.0,0.0
796976,0.0,0.0,0.0,0.0,0.0,0.0,0.0
798298,0.0,0.0,0.0,0.0,0.0,1.0,0.0
798798,0.0,0.0,0.0,0.0,0.0,0.0,0.0
799817,0.0,0.0,0.0,0.0,0.0,1.0,0.0
800317,0.0,0.0,0.0,0.0,0.0,2.0,0.0
800700,0.0,0.0,0.0,0.0,0.0,2.0,1.0
800817,0.0,0.0,0.0,0.0,0.0,0.0,1.0
800819,0.0,0.0,0.0,0.0,0.0,1.0,1.0
800959,2.0,0.0,0.0,0.0,0.0,1.0,1.0
800966,2.0,0.0,0.0,0.0,0.0,2.0,1.0
801200,2.0,0.0,0.0,0.0,0.0,2.0,0.0
801219,2.0,2.0,0.0,0.0,0.0,2.0,0.0
801459,0.0,2.0,0.0,0.0,0.0,2.0,0.0
801466,0.0,2.0,0.0,0.0,0.0,0.0,0.0
801683,0.0,2.0,0.0,0.0,0.0,1.0,0.0
801700,0.0,2.0,0.0,0.0,0.0,2.0,0.0
801719,0.0,0.0,0.0,0.0,0.0,2.0,0.0
802200,0.0,0.0,0.0,0.0,0.0,0.0,0.0
802206,0.0,0.0,0.0,0.0,0.0,1.0,0.0
802210,0.0,0.0,0.0,0.0,1.0,1.0,0.0
802300,0.0,0.0,0.0,0.0,1.0,2.0,0.0
802538,0.0,0.0,0.0,0.0,2.0,2.0,0.0
802800,0.0,0.0,0.0,0.0,2.0,0.0,0.0
803038,0.0,0.0,0.0,0.0,0.0,0.0,0.0
803196,0.0,0.0,1.0,0.0,0.0,0.0,0.0
803857,0.0,0.0,1.0,0.0,0.0,1.0,0.0
803859,0.0,0.0,1.0,0.0,0.0,2.0,0.0
803914,0.0,0.0,1.0,0.0,1.0,2.0,0.0
803918,0.0,0.0,1.0,0.0,2.0,2.0,0.0
804359,0.0,0.0,1.0,0.0,2.0,0.0,0.0
804418,0.0,0.0,1.0,0.0,0.0,0.0,0.0
805457,0.0,0.0,1.0,0.0,0.0,1.0,0.0
805461,0.0,0.0,1.0,0.0,0.0,2.0,0.0
805796,0.0,0.0,2.0,0.0,0.0,2.0,0.0
805961,0.0,0.0,2.0,0.0,0.0,0.0,0.0
806296,0.0,0.0,0.0,0.0,0.0,0.0,0.0
806307,0.0,0.0,0.0,0.0,0.0,1.0,0.0
806312,0.0,0.0,1.0,0.0,0.0,1.0,0.0
806807,0.0,0.0,1.0,0.0,0.0,0.0,0.0
806812,0.0,0.0,0.0,0.0,0.0,0.0,0.0
806877,0.0,0.0,0.0,0.0,0.0,1.0,0.0
807103,0.0,0.0,0.0,0.0,0.0,2.0,0.0
807104,0.0,0.0,0.0,0.0,1.0,2.0,0.0
807138,0.0,0.0,0.0,0.0,2.0,2.0,0.0
807143,0.0,0.0,1.0,0.0,2.0,2.0,0.0
807603,0.0,0.0,1.0,0.0,2.0,0.0,0.0
807638,0.0,0.0,1.0,0.0,0.0,0.0,0.0
808105,0.0,0.0,2.0,0.0,0.0,0.0,0.0
808107,0.0,0.0,2.0,0.0,0.0,1.0,0.0
808605,0.0,0.0,0.0,0.0,0.0,1.0,0.0
808606,0.0,0.0,1.0,0.0,0.0,1.0,0.0
808607,0.0,0.0,1.0,0.0,0.0,0.0,0.0
808810,0.0,2.0,1.0,0.0,0.0,0.0,0.0
809125,0.0,2.0,1.0,0.0,0.0,1.0,0.0
809310,0.0,0.0,1.0,0.0,0.0,1.0,0.0
809606,0.0,0.0,0.0,0.0,0.0,1.0,0.0
809625,0.0,0.0,0.0,0.0,0.0,0.0,0.0
809916,0.0,0.0,0.0,0.0,0.0,1.0,0.0
810416,0.0,0.0,0.0,0.0,0.0,0.0,0.0
810953,0.0,0.0,0.0,0.0,0.0,1.0,0.0
811453,0.0,0.0,0.0,0.0,0.0,0.0,0.0
812301,0.0,0.0,0.0,0.0,0.0,1.0,0.0
812303,0.0,0.0,0.0,0.0,0.0,2.0,0.0
812803,0.0,0.0,0.0,0.0,0.0,0.0,0.0
813237,0.0,0.0,0.0,0.0,0.0,1.0,0.0
813737,0.0,0.0,0.0,0.0,0.0,0.0,0.0
814735,0.0,0.0,0.0,0.0,0.0,1.0,0.0
815235,0.0,0.0,0.0,0.0,0.0,0.0,0.0
815407,0.0,0.0,0.0,0.0,0.0,1.0,0.0
815529,0.0,0.0,0.0,0.0,1.0,1.0,0.0
815907,0.0,0.0,0.0,0.0,1.0,0.0,0.0
816029,0.0,0.0,0.0,0.0,0.0,0.0,0.0
818262,0.0,0.0,0.0,0.0,0.0,1.0,0.0
818762,0.0,0.0,0.0,0.0,0.0,0.0,0.0
818836,0.0,0.0,0.0,0.0,0.0,1.0,0.0
819336,0.0,0.0,0.0,0.0,0.0,0.0,0.0
820521,0.0,0.0,0.0,0.0,0.0,1.0,0.0
821021,0.0,0.0,0.0,0.0,0.0,0.0,0.0
821032,0.0,0.0,0.0,0.0,0.0,1.0,0.0
821532,0.0,0.0,0.0,0.0,0.0,0.0,0.0
822013,0.0,0.0,0.0,0.0,0.0,1.0,0.0
822513,0.0,0.0,0.0,0.0,0.0,0.0,0.0
822681,0.0,0.0,0.0,0.0,0.0,1.0,0.0
823181,0.0,0.0,0.0,0.0,0.0,0.0,0.0
823263,0.0,0.0,0.0,0.0,0.0,1.0,0.0
823763,0.0,0.0,0.0,0.0,0.0,0.0,0.0
824059,0.0,0.0,0.0,0.0,0.0,1.0,0.0
824559,0.0,0.0,0.0,0.0,0.0,0.0,0.0
824699,0.0,0.0,0.0,0.0,0.0,1.0,0.0
824703,0.0,0.0,0.0,0.0,0.0,2.0,0.0
825203,0.0,0.0,0.0,0.0,0.0,0.0,0.0
825511,0.0,0.0,0.0,0.0,0.0,1.0,0.0
826011,0.0,0.0,0.0,0.0,0.0,0.0,0.0
826012,0.0,0.0,0.0,0.0,0.0,1.0,0.0
826512,0.0,0.0,0.0,0.0,0.0,0.0,0.0
826807,0.0,2.0,0.0,0.0,0.0,0.0,0.0
827307,0.0,0.0,0.0,0.0,0.0,0.0,0.0
827891,0.0,0.0,0.0,0.0,0.0,1.0,0.0
828391,0.0,0.0,0.0,0.0,0.0,0.0,0.0
829410,0.0,2.0,0.0,0.0,0.0,0.0,0.0
829446,0.0,2.0,1.0,0.0,0.0,0.0,0.0
829789,0.0,2.0,1.0,0.0,0.0,1.0,0.0
829910,0.0,0.0,1.0,0.0,0.0,1.0,0.0
829946,0.0,0.0,0.0,0.0,0.0,1.0,0.0
830289,0.0,0.0,0.0,0.0,0.0,0.0,0.0
830502,0.0,0.0,1.0,0.0,0.0,0.0,0.0
830551,0.0,0.0,1.0,0.0,0.0,1.0,0.0
831002,0.0,0.0,0.0,0.0,0.0,1.0,0.0
831051,0.0,0.0,0.0,0.0,0.0,0.0,0.0
831285,0.0,0.0,0.0,0.0,0.0,1.0,0.0
831785,0.0,0.0,0.0,0.0,0.0,0.0,0.0
832466,0.0,0.0,0.0,0.0,0.0,1.0,0.0
832966,0.0,0.0,0.0,0.0,0.0,0.0,0.0
833418,0.0,0.0,0.0,0.0,0.0,1.0,0.0
833918,0.0,0.0,0.0,0.0,0.0,0.0,0.0
834620,0.0,0.0,0.0,0.0,0.0,1.0,0.0
834622,0.0,0.0,0.0,0.0,0.0,2.0,0.0
835122,0.0,0.0,0.0,0.0,0.0,0.0,0.0
835231,0.0,0.0,0.0,0.0,0.0,1.0,0.0
835236,0.0,0.0,0.0,0.0,0.0,2.0,0.0
835736,0.0,0.0,0.0,0.0,0.0,0.0,0.0
836327,0.0,0.0,0.0,0.0,0.0,1.0,0.0
836827,0.0,0.0,0.0,0.0,0.0,0.0,0.0
837345,0.0,0.0,0.0,0.0,0.0,1.0,0.0
837532,0.0,0.0,0.0,0.0,0.0,2.0,0.0
837711,0.0,2.0,0.0,0.0,0.0,2.0,0.0
838032,0.0,2.0,0.0,0.0,0.0,0.0,0.0
838040,0.0,2.0,0.0,0.0,0.0,1.0,0.0
838211,0.0,0.0,0.0,0.0,0.0,1.0,0.0
838381,0.0,0.0,0.0,0.0,0.0,2.0,0.0
838881,0.0,0.0,0.0,0.0,0.0,0.0,0.0
839269,0.0,0.0,0.0,0.0,0.0,1.0,0.0
840016,0.0,0.0,0.0,0.0,0.0,2.0,0.0
840516,0.0,0.0,0.0,0.0,0.0,0.0,0.0
840639,0.0,0.0,0.0,0.0,0.0,1.0,0.0
841139,0.0,0.0,0.0,0.0,0.0,0.0,0.0
841356,0.0,0.0,0.0,0.0,0.0,1.0,0.0
841430,0.0,0.0,0.0,0.0,0.0,2.0,0.0
841930,0.0,0.0,0.0,0.0,0.0,0.0,0.0
842198,0.0,0.0,0.0,0.0,0.0,1.0,0.0
842698,0.0,0.0,0.0,0.0,0.0,0.0,0.0
842739,0.0,0.0,0.0,0.0,0.0,1.0,0.0
842743,0.0,0.0,0.0,0.0,0.0,2.0,0.0
843243,0.0,0.0,0.0,0.0,0.0,0.0,0.0
843755,0.0,0.0,0.0,0.0,0.0,1.0,0.0
844255,0.0,0.0,0.0,0.0,0.0,0.0,0.0
844459,0.0,0.0,0.0,0.0,0.0,1.0,0.0
844959,0.0,0.0,0.0,0.0,0.0,0.0,0.0
845626,0.0,0.0,0.0,0.0,0.0,1.0,0.0
845726,0.0,0.0,0.0,0.0,0.0,2.0,0.0
846226,0.0,0.0,0.0,0.0,0.0,0.0,0.0
846382,0.0,0.0,0.0,0.0,0.0,1.0,0.0
846882,0.0,0.0,0.0,0.0,0.0,0.0,0.0
846941,0.0,0.0,0.0,0.0,0.0,1.0,0.0
847441,0.0,0.0,0.0,0.0,0.0,0.0,0.0
848743,0.0,0.0,0.0,0.0,0.0,1.0,0.0
848753,0.0,0.0,0.0,0.0,0.0,2.0,0.0
849253,0.0,0.0,0.0,0.0,0.0,0.0,0.0
851286,0.0,0.0,0.0,0.0,0.0,1.0,0.0
851350,0.0,0.0,0.0,0.0,0.0,2.0,0.0
851850,0.0,0.0,0.0,0.0,0.0,0.0,0.0
851876,0.0,0.0,0.0,0.0,0.0,1.0,0.0
852376,0.0,0.0,0.0,0.0,0.0,0.0,0.0
852417,0.0,0.0,0.0,0.0,0.0,1.0,0.0
852917,0.0,0.0,0.0,0.0,0.0,0.0,0.0
853068,0.0,0.0,0.0,0.0,0.0,1.0,0.0
853193,0.0,0.0,0.0,0.0,0.0,2.0,0.0
853196,0.0,0.0,0.0,0.0,1.0,2.0,0.0
853693,0.0,0.0,0.0,0.0,1.0,0.0,0.0
853696,0.0,0.0,0.0,0.0,0.0,0.0,0.0
855861,0.0,0.0,0.0,0.0,0.0,1.0,0.0
855872,0.0,0.0,0.0,0.0,0.0,2.0,0.0
856372,0.0,0.0,0.0,0.0,0.0,0.0,0.0
856783,0.0,0.0,0.0,0.0,0.0,1.0,0.0
856786,0.0,0.0,0.0,0.0,0.0,2.0,0.0
856892,0.0,2.0,0.0,0.0,0.0,2.0,0.0
857286,0.0,2.0,0.0,0.0,0.0,0.0,0.0
857392,0.0,0.0,0.0,0.0,0.0,0.0,0.0
857926,0.0,0.0,0.0,0.0,0.0,1.0,0.0
857971,0.0,0.0,0.0,0.0,0.0,2.0,0.0
858471,0.0,0.0,0.0,0.0,0.0,0.0,0.0
858933,0.0,0.0,0.0,0.0,0.0,1.0,0.0
859433,0.0,0.0,0.0,0.0,0.0,0.0,0.0
859810,0.0,0.0,0.0,0.0,0.0,1.0,0.0
860310,0.0,0.0,0.0,0.0,0.0,0.0,0.0
860347,0.0,0.0,0.0,0.0,0.0,1.0,0.0
860847,0.0,0.0,0.0,0.0,0.0,0.0,0.0
860914,0.0,0.0,0.0,0.0,0.0,1.0,0.0
861414,0.0,0.0,0.0,0.0,0.0,0.0,0.0
861675,0.0,0.0,0.0,0.0,0.0,1.0,0.0
862175,0.0,0.0,0.0,0.0,0.0,0.0,0.0
862221,0.0,0.0,0.0,0.0,0.0,1.0,0.0
862303,0.0,0.0,0.0,0.0,0.0,2.0,0.0
862803,0.0,0.0,0.0,0.0,0.0,0.0,0.0
863141,0.0,0.0,0.0,0.0,0.0,1.0,0.0
863187,0.0,0.0,0.0,0.0,0.0,2.0,0.0
863687,0.0,0.0,0.0,0.0,0.0,0.0,0.0
863872,0.0,0.0,0.0,0.0,0.0,1.0,0.0
864372,0.0,0.0,0.0,0.0,0.0,0.0,0.0
864736,0.0,0.0,0.0,0.0,0.0,1.0,0.0
864740,0.0,0.0,0.0,0.0,0.0,2.0,0.0
865240,0.0,0.0,0.0,0.0,0.0,0.0,0.0
865634,0.0,0.0,0.0,0.0,0.0,1.0,0.0
865823,0.0,0.0,0.0,0.0,0.0,2.0,0.0
866323,0.0,0.0,0.0,0.0,0.0,0.0,0.0
867298,0.0,0.0,0.0,0.0,0.0,1.0,0.0
867798,0.0,0.0,0.0,0.0,0.0,0.0,0.0
868670,0.0,0.0,0.0,0.0,0.0,1.0,0.0
868677,0.0,0.0,0.0,0.0,0.0,2.0,0.0
869177,0.0,0.0,0.0,0.0,0.0,0.0,0.0
869409,0.0,0.0,0.0,0.0,0.0,1.0,0.0
869435,0.0,0.0,0.0,0.0,0.0,2.0,0.0
869935,0.0,0.0,0.0,0.0,0.0,0.0,0.0
870217,0.0,0.0,0.0,0.0,0.0,1.0,0.0
870717,0.0,0.0,0.0,0.0,0.0,0.0,0.0
870779,0.0,0.0,0.0,0.0,0.0,1.0,0.0
871279,0.0,0.0,0.0,0.0,0.0,0.0,0.0
871514,0.0,0.0,0.0,0.0,0.0,1.0,0.0
872014,0.0,0.0,0.0,0.0,0.0,0.0,0.0
872069,0.0,0.0,0.0,0.0,0.0,1.0,0.0
872071,0.0,0.0,0.0,0.0,0.0,2.0,0.0
872571,0.0,0.0,0.0,0.0,0.0,0.0,0.0
872575,0.0,0.0,0.0,0.0,0.0,1.0,0.0
873075,0.0,0.0,0.0,0.0,0.0,0.0,0.0
873732,0.0,0.0,0.0,0.0,0.0,1.0,0.0
873782,0.0,0.0,1.0,0.0,0.0,1.0,0.0
874232,0.0,0.0,1.0,0.0,0.0,0.0,0.0
874265,0.0,0.0,1.0,0.0,0.0,1.0,0.0
874282,0.0,0.0,0.0,0.0,0.0,1.0,0.0
874309,0.0,0.0,1.0,0.0,0.0,1.0,0.0
874765,0.0,0.0,1.0,0.0,0.0,0.0,0.0
874809,0.0,0.0,0.0,0.0,0.0,0.0,0.0
875174,0.0,0.0,1.0,0.0,0.0,0.0,0.0
876000,0.0,0.0,1.0,0.0,0.0,1.0,0.0
876174,0.0,0.0,0.0,0.0,0.0,1.0,0.0
876178,0.0,0.0,1.0,0.0,0.0,1.0,0.0
876500,0.0,0.0,1.0,0.0,0.0,0.0,0.0
876557,0.0,0.0,1.0,0.0,0.0,1.0,0.0
877057,0.0,0.0,1.0,0.0,0.0,0.0,0.0
877070,0.0,0.0,1.0,0.0,0.0,1.0,0.0
877239,0.0,0.0,1.0,0.0,0.0,2.0,0.0
877739,0.0,0.0,1.0,0.0,0.0,0.0,0.0
878178,0.0,0.0,0.0,0.0,0.0,0.0,0.0
878224,0.0,0.0,1.0,0.0,0.0,0.0,0.0
878412,0.0,0.0,1.0,0.0,0.0,1.0,0.0
878414,0.0,0.0,1.0,0.0,0.0,2.0,0.0
878914,0.0,0.0,1.0,0.0,0.0,0.0,0.0
879224,0.0,0.0,0.0,0.0,0.0,0.0,0.0
879227,0.0,0.0,1.0,0.0,0.0,0.0,0.0
879329,0.0,0.0,1.0,0.0,0.0,1.0,0.0
879331,0.0,0.0,1.0,0.0,0.0,2.0,0.0
879831,0.0,0.0,1.0,0.0,0.0,0.0,0.0
880776,0.0,0.0,1.0,0.0,0.0,1.0,0.0
881276,0.0,0.0,1.0,0.0,0.0,0.0,0.0
881971,0.0,0.0,1.0,0.0,0.0,1.0,0.0
882471,0.0,0.0,1.0,0.0,0.0,0.0,0.0
882886,0.0,0.0,1.0,0.0,0.0,1.0,0.0
882898,0.0,0.0,1.0,0.0,0.0,2.0,0.0
883398,0.0,0.0,1.0,0.0,0.0,0.0,0.0
883789,0.0,0.0,1.0,0.0,0.0,1.0,0.0
883791,0.0,0.0,1.0,0.0,0.0,2.0,0.0
884291,0.0,0.0,1.0,0.0,0.0,0.0,0.0
884605,0.0,0.0,1.0,0.0,0.0,1.0,0.0
884768,0.0,0.0,1.0,0.0,0.0,2.0,0.0
885268,0.0,0.0,1.0,0.0,0.0,0.0,0.0
886717,0.0,0.0,1.0,0.0,0.0,1.0,0.0
887152,0.0,0.0,1.0,0.0,0.0,2.0,0.0
887652,0.0,0.0,1.0,0.0,0.0,0.0,0.0
888494,0.0,0.0,1.0,0.0,0.0,1.0,0.0
888994,0.0,0.0,1.0,0.0,0.0,0.0,0.0
890332,0.0,0.0,1.0,0.0,0.0,1.0,0.0
890832,0.0,0.0,1.0,0.0,0.0,0.0,0.0
890862,0.0,0.0,1.0,0.0,0.0,1.0,0.0
891009,0.0,0.0,1.0,0.0,0.0,2.0,0.0
891509,0.0,0.0,1.0,0.0,0.0,0.0,0.0
891949,0.0,0.0,1.0,0.0,0.0,1.0,0.0
891952,0.0,0.0,1.0,0.0,0.0,2.0,0.0
892452,0.0,0.0,1.0,0.0,0.0,0.0,0.0
893031,0.0,0.0,1.0,0.0,0.0,1.0,0.0
893041,0.0,0.0,1.0,0.0,0.0,2.0,0.0
893541,0.0,0.0,1.0,0.0,0.0,0.0,0.0
893836,0.0,0.0,1.0,0.0,0.0,1.0,0.0
894125,0.0,0.0,1.0,0.0,0.0,2.0,0.0
894625,0.0,0.0,1.0,0.0,0.0,0.0,0.0
894742,0.0,0.0,1.0,0.0,0.0,1.0,0.0
895032,0.0,0.0,1.0,0.0,0.0,2.0,0.0
895194,0.0,2.0,1.0,0.0,0.0,2.0,0.0
895532,0.0,2.0,1.0,0.0,0.0,0.0,0.0
895694,0.0,0.0,1.0,0.0,0.0,0.0,0.0
895737,0.0,0.0,1.0,0.0,0.0,1.0,0.0
896237,0.0,0.0,1.0,0.0,0.0,0.0,0.0
897051,0.0,0.0,1.0,0.0,0.0,1.0,0.0
897551,0.0,0.0,1.0,0.0,0.0,0.0,0.0
898877,0.0,0.0,1.0,0.0,0.0,1.0,0.0
899377,0.0,0.0,1.0,0.0,0.0,0.0,0.0
899982,0.0,0.0,1.0,0.0,0.0,1.0,0.0
899986,0.0,0.0,1.0,0.0,0.0,2.0,0.0
900486,0.0,0.0,1.0,0.0,0.0,0.0,0.0
900819,0.0,0.0,1.0,0.0,0.0,1.0,0.0
901227,0.0,0.0,0.0,0.0,0.0,1.0,0.0
901319,0.0,0.0,0.0,0.0,0.0,0.0,0.0
901853,0.0,0.0,0.0,0.0,0.0,1.0,0.0
902353,0.0,0.0,0.0,0.0,0.0,0.0,0.0
903214,0.0,0.0,0.0,0.0,0.0,1.0,0.0
903714,0.0,0.0,0.0,0.0,0.0,0.0,0.0
910656,0.0,0.0,0.0,0.0,0.0,1.0,0.0
911156,0.0,0.0,0.0,0.0,0.0,0.0,0.0
916923,0.0,0.0,0.0,0.0,0.0,1.0,0.0
917423,0.0,0.0,0.0,0.0,0.0,0.0,0.0
918640,0.0,0.0,0.0,0.0,0.0,1.0,0.0
919140,0.0,0.0,0.0,0.0,0.0,0.0,0.0
920953,0.0,0.0,0.0,0.0,0.0,1.0,0.0
921453,0.0,0.0,0.0,0.0,0.0,0.0,0.0
924706,0.0,0.0,0.0,0.0,0.0,1.0,0.0
925206,0.0,0.0,0.0,0.0,0.0,0.0,0.0
925507,0.0,0.0,0.0,0.0,0.0,1.0,0.0
926007,0.0,0.0,0.0,0.0,0.0,0.0,0.0
926217,0.0,0.0,0.0,0.0,1.0,1.0,0.0
926717,0.0,0.0,0.0,0.0,0.0,0.0,0.0
928552,0.0,0.0,0.0,0.0,0.0,1.0,0.0
929052,0.0,0.0,0.0,0.0,0.0,0.0,0.0
930899,0.0,0.0,0.0,0.0,1.0,0.0,0.0
931399,0.0,0.0,0.0,0.0,0.0,0.0,0.0
931504,0.0,0.0,0.0,0.0,0.0,1.0,0.0
931523,0.0,0.0,0.0,0.0,1.0,1.0,0.0
932004,0.0,0.0,0.0,0.0,1.0,0.0,0.0
932023,0.0,0.0,0.0,0.0,0.0,0.0,0.0
934246,0.0,0.0,0.0,0.0,0.0,1.0,0.0
934746,0.0,0.0,0.0,0.0,0.0,0.0,0.0
934781,0.0,0.0,0.0,0.0,0.0,1.0,0.0
935281,0.0,0.0,0.0,0.0,0.0,0.0,0.0
940271,0.0,0.0,0.0,0.0,0.0,1.0,0.0
940771,0.0,0.0,0.0,0.0,0.0,0.0,0.0
942529,0.0,0.0,0.0,0.0,1.0,1.0,0.0
943029,0.0,0.0,0.0,0.0,0.0,0.0,0.0
943364,0.0,0.0,0.0,0.0,0.0,1.0,0.0
943864,0.0,0.0,0.0,0.0,0.0,0.0,0.0
944251,0.0,0.0,0.0,0.0,0.0,1.0,0.0
944751,0.0,0.0,0.0,0.0,0.0,0.0,0.0
958391,0.0,0.0,0.0,0.0,0.0,1.0,0.0
958891,0.0,0.0,0.0,0.0,0.0,0.0,0.0
959108,0.0,0.0,0.0,0.0,0.0,1.0,0.0
959608,0.0,0.0,0.0,0.0,0.0,0.0,0.0
962763,0.0,0.0,0.0,0.0,0.0,1.0,0.0
963263,0.0,0.0,0.0,0.0,0.0,0.0,0.0
963813,0.0,0.0,0.0,0.0,0.0,1.0,0.0
964313,0.0,0.0,0.0,0.0,0.0,0.0,0.0
965734,0.0,0.0,0.0,0.0,0.0,1.0,0.0
966234,0.0,0.0,0.0,0.0,0.0,0.0,0.0
971722,0.0,0.0,0.0,0.0,0.0,1.0,0.0
971994,0.0,0.0,0.0,0.0,1.0,1.0,0.0
972222,0.0,0.0,0.0,0.0,1.0,0.0,0.0
972232,0.0,0.0,0.0,0.0,1.0,1.0,0.0
972235,0.0,0.0,0.0,0.0,1.0,2.0,0.0
972494,0.0,0.0,0.0,0.0,0.0,2.0,0.0
972598,0.0,0.0,0.0,0.0,1.0,2.0,0.0
972735,0.0,0.0,0.0,0.0,1.0,0.0,0.0
973098,0.0,0.0,0.0,0.0,0.0,0.0,0.0
977112,0.0,0.0,0.0,0.0,0.0,1.0,0.0
977117,0.0,0.0,0.0,0.0,0.0,2.0,0.0
977617,0.0,0.0,0.0,0.0,0.0,0.0,0.0
978422,0.0,0.0,0.0,0.0,0.0,1.0,0.0
978922,0.0,0.0,0.0,0.0,0.0,0.0,0.0
981401,0.0,0.0,0.0,0.0,1.0,0.0,0.0
981402,0.0,0.0,0.0,0.0,2.0,0.0,0.0
981902,0.0,0.0,0.0,0.0,0.0,0.0,0.0
982350,0.0,0.0,0.0,0.0,0.0,1.0,0.0
982352,0.0,0.0,0.0,0.0,1.0,2.0,0.0
982852,0.0,0.0,0.0,0.0,0.0,0.0,0.0
983911,0.0,0.0,0.0,0.0,0.0,1.0,0.0
984411,0.0,0.0,0.0,0.0,0.0,0.0,0.0
987143,0.0,0.0,0.0,0.0,0.0,1.0,0.0
987643,0.0,0.0,0.0,0.0,0.0,0.0,0.0
989945,0.0,0.0,0.0,0.0,0.0,1.0,0.0
990445,0.0,0.0,0.0,0.0,0.0,0.0,0.0
991752,0.0,0.0,0.0,0.0,0.0,1.0,0.0
992252,0.0,0.0,0.0,0.0,0.0,0.0,0.0
994895,0.0,0.0,0.0,0.0,0.0,1.0,0.0
995395,0.0,0.0,0.0,0.0,0.0,0.0,0.0
998105,0.0,0.0,0.0,0.0,1.0,0.0,0.0
998342,0.0,0.0,0.0,0.0,1.0,1.0,0.0
998344,0.0,0.0,0.0,0.0,1.0,2.0,0.0
998605,0.0,0.0,0.0,0.0,0.0,2.0,0.0
998844,0.0,0.0,0.0,0.0,0.0,0.0,0.0
1000676,0.0,0.0,0.0,0.0,0.0,1.0,0.0
1000900,0.0,0.0,0.0,0.0,0.0,1.0,1.0
1000992,0.0,0.0,0.0,0.0,0.0,2.0,1.0
1001111,0.0,0.0,0.0,0.0,1.0,2.0,1.0
1001119,2.0,0.0,0.0,0.0,1.0,2.0,1.0
1001220,2.0,0.0,0.0,0.0,2.0,2.0,1.0
1001307,2.0,2.0,0.0,0.0,2.0,2.0,1.0
1001400,2.0,2.0,0.0,0.0,2.0,2.0,0.0
1001492,2.0,2.0,0.0,0.0,2.0,0.0,0.0
1001619,0.0,2.0,0.0,0.0,2.0,0.0,0.0
1001720,0.0,2.0,0.0,0.0,0.0,0.0,0.0
1001807,0.0,0.0,0.0,0.0,0.0,0.0,0.0
1002661,0.0,0.0,0.0,0.0,0.0,1.0,0.0
1003161,0.0,0.0,0.0,0.0,0.0,0.0,0.0
1003424,0.0,0.0,1.0,0.0,0.0,0.0,0.0
1004274,0.0,0.0,1.0,0.0,0.0,1.0,0.0
1004774,0.0,0.0,1.0,0.0,0.0,0.0,0.0
1004857,0.0,0.0,1.0,0.0,0.0,1.0,0.0
1004860,0.0,0.0,1.0,0.0,1.0,2.0,0.0
1005360,0.0,0.0,1.0,0.0,0.0,0.0,0.0
1005676,0.0,0.0,1.0,0.0,0.0,1.0,0.0
1005798,0.0,0.0,1.0,0.0,0.0,2.0,0.0
1005967,0.0,0.0,2.0,0.0,0.0,2.0,0.0
1006298,0.0,0.0,2.0,0.0,0.0,0.0,0.0
1006412,0.0,0.0,2.0,0.0,0.0,1.0,0.0
1006467,0.0,0.0,0.0,0.0,0.0,1.0,0.0
1006912,0.0,0.0,0.0,0.0,0.0,0.0,0.0
1007045,0.0,0.0,0.0,0.0,0.0,1.0,0.0
1007047,0.0,0.0,0.0,0.0,0.0,2.0,0.0
1007200,0.0,0.0,1.0,0.0,0.0,2.0,0.0
1007547,0.0,0.0,1.0,0.0,0.0,0.0,0.0
1007694,0.0,0.0,1.0,0.0,0.0,1.0,0.0
1007700,0.0,0.0,0.0,0.0,0.0,1.0,0.0
1008194,0.0,0.0,0.0,0.0,0.0,0.0,0.0
1008280,0.0,0.0,0.0,0.0,0.0,1.0,0.0
1008780,0.0,0.0,0.0,0.0,0.0,0.0,0.0
1009070,0.0,0.0,0.0,0.0,0.0,1.0,0.0
1009570,0.0,0.0,0.0,0.0,0.0,0.0,0.0
1009734,0.0,0.0,0.0,0.0,0.0,1.0,0.0
1010041,0.0,0.0,0.0,0.0,0.0,2.0,0.0
1010541,0.0,0.0,0.0,0.0,0.0,0.0,0.0
1010676,0.0,0.0,0.0,0.0,0.0,1.0,0.0
1010799,0.0,0.0,0.0,0.0,0.0,2.0,0.0
1011299,0.0,0.0,0.0,0.0,0.0,0.0,0.0
1011532,0.0,0.0,0.0,0.0,0.0,1.0,0.0
1011535,0.0,0.0,0.0,0.0,0.0,2.0,0.0
1012035,0.0,0.0,0.0,0.0,0.0,0.0,0.0
1012138,0.0,0.0,0.0,0.0,0.0,1.0,0.0
1012638,0.0,0.0,0.0,0.0,0.0,0.0,0.0
1012662,0.0,0.0,0.0,0.0,0.0,1.0,0.0
1013162,0.0,0.0,0.0,0.0,0.0,0.0,0.0
1013653,0.0,0.0,0.0,0.0,0.0,1.0,0.0
1014153,0.0,0.0,0.0,0.0,0.0,0.0,0.0
1014481,0.0,0.0,0.0,0.0,0.0,1.0,0.0
1014981,0.0,0.0,0.0,0.0,0.0,0.0,0.0
1015226,0.0,0.0,0.0,0.0,0.0,1.0,0.0
1015726,0.0,0.0,0.0,0.0,0.0,0.0,0.0
1015823,0.0,0.0,0.0,0.0,0.0,1.0,0.0
1016323,0.0,0.0,0.0,0.0,0.0,0.0,0.0
1016669,0.0,0.0,0.0,0.0,0.0,1.0,0.0
1017169,0.0,0.0,0.0,0.0,0.0,0.0,0.0
1017195,0.0,0.0,0.0,0.0,0.0,1.0,0.0
1017197,0.0,0.0,0.0,0.0,0.0,2.0,0.0
1017697,0.0,0.0,0.0,0.0,0.0,0.0,0.0
1017983,0.0,0.0,0.0,0.0,0.0,1.0,0.0
1018483,0.0,0.0,0.0,0.0,0.0,0.0,0.0
1018552,0.0,0.0,0.0,0.0,0.0,1.0,0.0
1019052,0.0,0.0,0.0,0.0,0.0,0.0,0.0
1019636,0.0,0.0,0.0,0.0,0.0,1.0,0.0
1020136,0.0,0.0,0.0,0.0,0.0,0.0,0.0
1020475,0.0,0.0,0.0,0.0,0.0,1.0,0.0
1020975,0.0,0.0,0.0,0.0,0.0,0.0,0.0
1022693,0.0,0.0,0.0,0.0,0.0,1.0,0.0
1022695,0.0,0.0,0.0,0.0,0.0,2.0,0.0
1023195,0.0,0.0,0.0,0.0,0.0,0.0,0.0
1024430,0.0,0.0,0.0,0.0,0.0,1.0,0.0
1024562,0.0,0.0,0.0,0.0,0.0,2.0,0.0
1025062,0.0,0.0,0.0,0.0,0.0,0.0,0.0
1025808,0.0,0.0,0.0,0.0,0.0,1.0,0.0
1026308,0.0,0.0,0.0,0.0,0.0,0.0,0.0
1026464,0.0,0.0,0.0,0.0,0.0,1.0,0.0
1026572,0.0,0.0,0.0,0.0,0.0,2.0,0.0
1027072,0.0,0.0,0.0,0.0,0.0,0.0,0.0
1027981,0.0,0.0,0.0,0.0,0.0,1.0,0.0
1028481,0.0,0.0,0.0,0.0,0.0,0.0,0.0
1029343,0.0,0.0,0.0,0.0,0.0,1.0,0.0
1029535,0.0,0.0,0.0,0.0,0.0,2.0,0.0
1030035,0.0,0.0,0.0,0.0,0.0,0.0,0.0
1030542,0.0,0.0,0.0,0.0,0.0,1.0,0.0
1031042,0.0,0.0,0.0,0.0,0.0,0.0,0.0
1031164,0.0,0.0,0.0,0.0,0.0,1.0,0.0
1031664,0.0,0.0,0.0,0.0,0.0,0.0,0.0
1031848,0.0,0.0,0.0,0.0,0.0,1.0,0.0
1031851,0.0,0.0,0.0,0.0,0.0,2.0,0.0
1032351,0.0,0.0,0.0,0.0,0.0,0.0,0.0
1032926,0.0,0.0,0.0,0.0,0.0,1.0,0.0
1032954,0.0,0.0,0.0,0.0,0.0,2.0,0.0
1033454,0.0,0.0,0.0,0.0,0.0,0.0,0.0
1033702,0.0,0.0,0.0,0.0,0.0,1.0,0.0
1034202,0.0,0.0,0.0,0.0,0.0,0.0,0.0
1034349,0.0,0.0,0.0,0.0,0.0,1.0,0.0
1034351,0.0,0.0,0.0,0.0,0.0,2.0,0.0
1034851,0.0,0.0,0.0,0.0,0.0,0.0,0.0
1034946,0.0,0.0,0.0,0.0,0.0,1.0,0.0
1035446,0.0,0.0,0.0,0.0,0.0,0.0,0.0
1035813,0.0,0.0,0.0,0.0,0.0,1.0,0.0
1035995,0.0,0.0,0.0,0.0,0.0,2.0,0.0
1036495,0.0,0.0,0.0,0.0,0.0,0.0,0.0
1037168,0.0,0.0,0.0,0.0,0.0,1.0,0.0
1037668,0.0,0.0,0.0,0.0,0.0,0.0,0.0
1039172,0.0,0.0,0.0,0.0,0.0,1.0,0.0
1039174,0.0,0.0,0.0,0.0,0.0,2.0,0.0
1039674,0.0,0.0,0.0,0.0,0.0,0.0,0.0
1040207,0.0,0.0,0.0,0.0,0.0,1.0,0.0
1040707,0.0,0.0,0.0,0.0,0.0,0.0,0.0
1040805,0.0,0.0,0.0,0.0,0.0,1.0,0.0
1041305,0.0,0.0,0.0,0.0,0.0,0.0,0.0
1042417,0.0,0.0,0.0,0.0,0.0,1.0,0.0
1042917,0.0,0.0,0.0,0.0,0.0,0.0,0.0
1043231,0.0,0.0,0.0,0.0,0.0,1.0,0.0
1043547,0.0,0.0,0.0,0.0,0.0,2.0,0.0
1044047,0.0,0.0,0.0,0.0,0.0,0.0,0.0
1045127,0.0,0.0,0.0,0.0,0.0,1.0,0.0
1045627,0.0,0.0,0.0,0.0,0.0,0.0,0.0
1045765,0.0,0.0,0.0,0.0,0.0,1.0,0.0
1046169,0.0,2.0,0.0,0.0,0.0,1.0,0.0
1046265,0.0,2.0,0.0,0.0,0.0,0.0,0.0
1046444,0.0,2.0,0.0,0.0,0.0,1.0,0.0
1046669,0.0,0.0,0.0,0.0,0.0,1.0,0.0
1046944,0.0,0.0,0.0,0.0,0.0,0.0,0.0
1046975,0.0,0.0,0.0,0.0,0.0,1.0,0.0
1047475,0.0,0.0,0.0,0.0,0.0,0.0,0.0
1047818,0.0,0.0,0.0,0.0,0.0,1.0,0.0
1048086,0.0,0.0,0.0,0.0,0.0,2.0,0.0
1048586,0.0,0.0,0.0,0.0,0.0,0.0,0.0
1048727,0.0,0.0,0.0,0.0,0.0,1.0,0.0
1049060,0.0,0.0,0.0,0.0,0.0,2.0,0.0
1049560,0.0,0.0,0.0,0.0,0.0,0.0,0.0
1049966,0.0,0.0,0.0,0.0,0.0,1.0,0.0
1049983,0.0,0.0,0.0,0.0,0.0,2.0,0.0
1050483,0.0,0.0,0.0,0.0,0.0,0.0,0.0
1050489,0.0,0.0,0.0,0.0,0.0,1.0,0.0
1050989,0.0,0.0,0.0,0.0,0.0,0.0,0.0
1051287,0.0,0.0,0.0,0.0,0.0,1.0,0.0
1051787,0.0,0.0,0.0,0.0,0.0,0.0,0.0
1051882,0.0,0.0,0.0,0.0,0.0,1.0,0.0
1052382,0.0,0.0,0.0,0.0,0.0,0.0,0.0
1052837,0.0,0.0,0.0,0.0,0.0,1.0,0.0
1052842,0.0,0.0,0.0,0.0,0.0,2.0,0.0
1053342,0.0,0.0,0.0,0.0,0.0,0.0,0.0
1053449,0.0,0.0,0.0,0.0,0.0,1.0,0.0
1053949,0.0,0.0,0.0,0.0,0.0,0.0,0.0
1054078,0.0,0.0,0.0,0.0,0.0,1.0,0.0
1054270,0.0,0.0,0.0,0.0,0.0,2.0,0.0
1054770,0.0,0.0,0.0,0.0,0.0,0.0,0.0
1054876,0.0,0.0,0.0,0.0,0.0,1.0,0.0
1055050,0.0,0.0,0.0,0.0,0.0,2.0,0.0
1055550,0.0,0.0,0.0,0.0,0.0,0.0,0.0
1055781,0.0,0.0,0.0,0.0,0.0,1.0,0.0
1055785,0.0,0.0,0.0,0.0,0.0,2.0,0.0
1056285,0.0,0.0,0.0,0.0,0.0,0.0,0.0
1056486,0.0,0.0,0.0,0.0,0.0,1.0,0.0
1056986,0.0,0.0,0.0,0.0,0.0,0.0,0.0
1057070,0.0,0.0,0.0,0.0,0.0,1.0,0.0
1057570,0.0,0.0,0.0,0.0,0.0,0.0,0.0
1057636,0.0,0.0,0.0,0.0,0.0,1.0,0.0
1057640,0.0,0.0,0.0,0.0,0.0,2.0,0.0
1058140,0.0,0.0,0.0,0.0,0.0,0.0,0.0
1059308,0.0,0.0,0.0,0.0,0.0,1.0,0.0
1059808,0.0,0.0,0.0,0.0,0.0,0.0,0.0
1059851,0.0,0.0,0.0,0.0,0.0,1.0,0.0
1060351,0.0,0.0,0.0,0.0,0.0,0.0,0.0
1060612,0.0,0.0,0.0,0.0,0.0,1.0,0.0
1061112,0.0,0.0,0.0,0.0,0.0,0.0,0.0
1061857,0.0,0.0,0.0,0.0,0.0,1.0,0.0
1062357,0.0,0.0,0.0,0.0,0.0,0.0,0.0
1062705,0.0,0.0,0.0,0.0,0.0,1.0,0.0
1063205,0.0,0.0,0.0,0.0,0.0,0.0,0.0
1063950,0.0,0.0,0.0,0.0,0.0,1.0,0.0
1064450,0.0,0.0,0.0,0.0,0.0,0.0,0.0
1064690,0.0,0.0,0.0,0.0,0.0,1.0,0.0
1065190,0.0,0.0,0.0,0.0,0.0,0.0,0.0
1065502,0.0,0.0,0.0,0.0,0.0,1.0,0.0
1065504,0.0,0.0,0.0,0.0,0.0,2.0,0.0
1066004,0.0,0.0,0.0,0.0,0.0,0.0,0.0
1066100,0.0,0.0,0.0,0.0,0.0,1.0,0.0
1066600,0.0,0.0,0.0,0.0,0.0,0.0,0.0
1066859,0.0,0.0,0.0,0.0,0.0,1.0,0.0
1067359,0.0,0.0,0.0,0.0,0.0,0.0,0.0
1067925,0.0,0.0,0.0,0.0,0.0,1.0,0.0
1067933,0.0,0.0,0.0,0.0,0.0,2.0,0.0
1068433,0.0,0.0,0.0,0.0,0.0,0.0,0.0
1068582,0.0,0.0,0.0,0.0,0.0,1.0,0.0
1068584,0.0,0.0,0.0,0.0,0.0,2.0,0.0
1069084,0.0,0.0,0.0,0.0,0.0,0.0,0.0
1069335,0.0,0.0,0.0,0.0,0.0,1.0,0.0
1069341,0.0,0.0,0.0,0.0,0.0,2.0,0.0
1069841,0.0,0.0,0.0,0.0,0.0,0.0,0.0
1070048,0.0,0.0,0.0,0.0,0.0,1.0,0.0
1070059,0.0,0.0,0.0,0.0,0.0,2.0,0.0
1070559,0.0,0.0,0.0,0.0,0.0,0.0,0.0
1070705,0.0,0.0,0.0,0.0,0.0,1.0,0.0
1071205,0.0,0.0,0.0,0.0,0.0,0.0,0.0
1071503,0.0,0.0,0.0,0.0,0.0,1.0,0.0
1071508,0.0,0.0,0.0,0.0,0.0,2.0,0.0
1072008,0.0,0.0,0.0,0.0,0.0,0.0,0.0
1072244,0.0,0.0,0.0,0.0,0.0,1.0,0.0
1072744,0.0,0.0,0.0,0.0,0.0,0.0,0.0
1073024,0.0,0.0,0.0,0.0,0.0,1.0,0.0
1073026,0.0,0.0,0.0,0.0,0.0,2.0,0.0
1073526,0.0,0.0,0.0,0.0,0.0,0.0,0.0
1073828,0.0,0.0,0.0,0.0,0.0,1.0,0.0
1074328,0.0,0.0,0.0,0.0,0.0,0.0,0.0
1075242,0.0,0.0,0.0,0.0,0.0,1.0,0.0
1075742,0.0,0.0,0.0,0.0,0.0,0.0,0.0
1075743,0.0,0.0,0.0,0.0,0.0,1.0,0.0
1076243,0.0,0.0,0.0,0.0,0.0,0.0,0.0
1076636,0.0,0.0,0.0,0.0,0.0,1.0,0.0
1076640,0.0,0.0,0.0,0.0,0.0,2.0,0.0
1077140,0.0,0.0,0.0,0.0,0.0,0.0,0.0
1077385,0.0,0.0,0.0,0.0,0.0,1.0,0.0
1077885,0.0,0.0,0.0,0.0,0.0,0.0,0.0
1078753,0.0,0.0,0.0,0.0,0.0,1.0,0.0
1078755,0.0,0.0,0.0,0.0,0.0,2.0,0.0
1079255,0.0,0.0,0.0,0.0,0.0,0.0,0.0
1079896,0.0,0.0,0.0,0.0,0.0,1.0,0.0
1080396,0.0,0.0,0.0,0.0,0.0,0.0,0.0
1080480,0.0,0.0,0.0,0.0,0.0,1.0,0.0
1080980,0.0,0.0,0.0,0.0,0.0,0.0,0.0
1081344,0.0,0.0,0.0,0.0,0.0,1.0,0.0
1081844,0.0,0.0,0.0,0.0,0.0,0.0,0.0
1082585,0.0,0.0,0.0,0.0,0.0,1.0,0.0
1083085,0.0,0.0,0.0,0.0,0.0,0.0,0.0
1083948,0.0,0.0,0.0,0.0,0.0,1.0,0.0
1084448,0.0,0.0,0.0,0.0,0.0,0.0,0.0
1084549,0.0,0.0,0.0,0.0,0.0,1.0,0.0
1085049,0.0,0.0,0.0,0.0,0.0,0.0,0.0
1085276,0.0,0.0,0.0,0.0,0.0,1.0,0.0
1085776,0.0,0.0,0.0,0.0,0.0,0.0,0.0
1086428,0.0,0.0,0.0,0.0,0.0,1.0,0.0
1086928,0.0,0.0,0.0,0.0,0.0,0.0,0.0
1087118,0.0,0.0,0.0,0.0,0.0,1.0,0.0
1087410,0.0,0.0,0.0,0.0,0.0,2.0,0.0
1087910,0.0,0.0,0.0,0.0,0.0,0.0,0.0
1088036,0.0,0.0,0.0,0.0,0.0,1.0,0.0
1088536,0.0,0.0,0.0,0.0,0.0,0.0,0.0
1089147,0.0,0.0,0.0,0.0,0.0,1.0,0.0
1089647,0.0,0.0,0.0,0.0,0.0,0.0,0.0
1090102,0.0,0.0,0.0,0.0,0.0,1.0,0.0
1090602,0.0,0.0,0.0,0.0,0.0,0.0,0.0
1091871,0.0,0.0,0.0,0.0,0.0,1.0,0.0
1091876,0.0,0.0,0.0,0.0,0.0,2.0,0.0
1092376,0.0,0.0,0.0,0.0,0.0,0.0,0.0
1092565,0.0,0.0,0.0,0.0,0.0,1.0,0.0
1093065,0.0,0.0,0.0,0.0,0.0,0.0,0.0
1094379,0.0,0.0,0.0,0.0,0.0,1.0,0.0
1094402,0.0,0.0,0.0,0.0,0.0,2.0,0.0
1094902,0.0,0.0,0.0,0.0,0.0,0.0,0.0
1095029,0.0,0.0,0.0,0.0,0.0,1.0,0.0
1095043,0.0,0.0,0.0,0.0,0.0,2.0,0.0
1095543,0.0,0.0,0.0,0.0,0.0,0.0,0.0
1096338,0.0,0.0,0.0,0.0,0.0,1.0,0.0
1096838,0.0,0.0,0.0,0.0,0.0,0.0,0.0
1097433,0.0,0.0,0.0,0.0,0.0,1.0,0.0
1097933,0.0,0.0,0.0,0.0,0.0,0.0,0.0
1098617,0.0,0.0,0.0,0.0,0.0,1.0,0.0
1099117,0.0,0.0,0.0,0.0,0.0,0.0,0.0
1099555,0.0,0.0,0.0,0.0,0.0,1.0,0.0
1100055,0.0,0.0,0.0,0.0,0.0,0.0,0.0
1100553,0.0,0.0,0.0,0.0,0.0,1.0,0.0
1101053,0.0,0.0,0.0,0.0,0.0,0.0,0.0
1105017,0.0,0.0,0.0,0.0,0.0,1.0,0.0
1105517,0.0,0.0,0.0,0.0,0.0,0.0,0.0
1109749,0.0,0.0,0.0,0.0,0.0,1.0,0.0
1109750,0.0,0.0,0.0,0.0,0.0,2.0,0.0
1110250,0.0,0.0,0.0,0.0,0.0,0.0,0.0
1115151,0.0,0.0,0.0,0.0,0.0,1.0,0.0
1115651,0.0,0.0,0.0,0.0,0.0,0.0,0.0
1118852,0.0,0.0,0.0,0.0,0.0,1.0,0.0
1119352,0.0,0.0,0.0,0.0,0.0,0.0,0.0
1121563,0.0,0.0,0.0,0.0,0.0,1.0,0.0
1121587,0.0,0.0,0.0,0.0,0.0,2.0,0.0
1122087,0.0,0.0,0.0,0.0,0.0,0.0,0.0
1123285,0.0,0.0,0.0,0.0,0.0,1.0,0.0
1123287,0.0,0.0,0.0,0.0,0.0,2.0,0.0
1123787,0.0,0.0,0.0,0.0,0.0,0.0,0.0
1127933,0.0,0.0,0.0,0.0,0.0,1.0,0.0
1128433,0.0,0.0,0.0,0.0,0.0,0.0,0.0
1131431,0.0,0.0,0.0,0.0,0.0,1.0,0.0
1131931,0.0,0.0,0.0,0.0,0.0,0.0,0.0
1139572,0.0,0.0,0.0,0.0,0.0,1.0,0.0
1139873,0.0,0.0,0.0,0.0,0.0,2.0,0.0
1140373,0.0,0.0,0.0,0.0,0.0,0.0,0.0
1143438,0.0,0.0,0.0,0.0,0.0,1.0,0.0
1143938,0.0,0.0,0.0,0.0,0.0,0.0,0.0
1144449,0.0,0.0,0.0,0.0,0.0,1.0,0.0
1144949,0.0,0.0,0.0,0.0,0.0,0.0,0.0
1146613,0.0,0.0,0.0,0.0,0.0,1.0,0.0
1146663,0.0,0.0,0.0,0.0,0.0,2.0,0.0
1147163,0.0,0.0,0.0,0.0,0.0,0.0,0.0
1150996,0.0,0.0,0.0,0.0,0.0,1.0,0.0
1151496,0.0,0.0,0.0,0.0,0.0,0.0,0.0
1155105,0.0,0.0,0.0,0.0,1.0,0.0,0.0
1155371,0.0,0.0,0.0,0.0,1.0,1.0,0.0
1155376,0.0,0.0,0.0,0.0,1.0,2.0,0.0
1155605,0.0,0.0,0.0,0.0,0.0,2.0,0.0
1155876,0.0,0.0,0.0,0.0,0.0,0.0,0.0
1158329,0.0,0.0,0.0,0.0,0.0,1.0,0.0
1158829,0.0,0.0,0.0,0.0,0.0,0.0,0.0
1159540,0.0,0.0,0.0,0.0,0.0,1.0,0.0
1160040,0.0,0.0,0.0,0.0,0.0,0.0,0.0
1161412,0.0,0.0,0.0,0.0,0.0,1.0,0.0
1161912,0.0,0.0,0.0,0.0,0.0,0.0,0.0
1167499,0.0,0.0,0.0,0.0,0.0,1.0,0.0
1167999,0.0,0.0,0.0,0.0,0.0,0.0,0.0
1175881,0.0,0.0,0.0,0.0,0.0,1.0,0.0
1176382,0.0,0.0,0.0,0.0,0.0,2.0,0.0
1176882,0.0,0.0,0.0,0.0,0.0,0.0,0.0
1178012,0.0,0.0,0.0,0.0,0.0,1.0,0.0
1178512,0.0,0.0,0.0,0.0,0.0,0.0,0.0
1178992,0.0,0.0,0.0,0.0,0.0,1.0,0.0
1179492,0.0,0.0,0.0,0.0,0.0,0.0,0.0
1180149,0.0,0.0,0.0,0.0,0.0,1.0,0.0
1180649,0.0,0.0,0.0,0.0,0.0,0.0,0.0
1184117,0.0,0.0,0.0,0.0,0.0,1.0,0.0
1184617,0.0,0.0,0.0,0.0,0.0,0.0,0.0
1184836,0.0,0.0,0.0,0.0,0.0,1.0,0.0
1185336,0.0,0.0,0.0,0.0,0.0,0.0,0.0
1188209,0.0,0.0,0.0,0.0,0.0,1.0,0.0
1188709,0.0,0.0,0.0,0.0,0.0,0.0,0.0
1189275,0.0,0.0,0.0,0.0,0.0,1.0,0.0
1189775,0.0,0.0,0.0,0.0,0.0,0.0,0.0
1191271,0.0,0.0,0.0,0.0,0.0,1.0,0.0
1191771,0.0,0.0,0.0,0.0,0.0,0.0,0.0
1192258,0.0,0.0,0.0,0.0,0.0,1.0,0.0
1192758,0.0,0.0,0.0,0.0,0.0,0.0,0.0
1197472,0.0,0.0,0.0,0.0,0.0,1.0,0.0
1197972,0.0,0.0,0.0,0.0,0.0,0.0,0.0
1198293,0.0,0.0,0.0,0.0,0.0,1.0,0.0
1198793,0.0,0.0,0.0,0.0,0.0,0.0,0.0
1199370,0.0,0.0,0.0,0.0,0.0,1.0,0.0
1199870,0.0,0.0,0.0,0.0,0.0,0.0,0.0
1200342,0.0,0.0,0.0,0.0,0.0,1.0,0.0
1200842,0.0,0.0,0.0,0.0,0.0,0.0,0.0
1200884,0.0,0.0,0.0,0.0,0.0,1.0,0.0
1200885,0.0,0.0,0.0,0.0,0.0,2.0,0.0
1201100,0.0,0.0,0.0,0.0,0.0,2.0,1.0
1201279,2.0,0.0,0.0,0.0,0.0,2.0,1.0
1201385,2.0,0.0,0.0,0.0,0.0,0.0,1.0
1201464,2.0,0.0,0.0,0.0,1.0,0.0,1.0
1201600,2.0,0.0,0.0,0.0,1.0,0.0,0.0
1201625,2.0,2.0,0.0,0.0,1.0,0.0,0.0
1201635,2.0,2.0,0.0,0.0,2.0,0.0,0.0
1201779,0.0,2.0,0.0,0.0,2.0,0.0,0.0
1202125,0.0,0.0,0.0,0.0,2.0,0.0,0.0
1202135,0.0,0.0,0.0,0.0,0.0,0.0,0.0
1202324,0.0,0.0,0.0,0.0,0.0,1.0,0.0
1202471,0.0,0.0,0.0,0.0,0.0,2.0,0.0
1202473,0.0,0.0,0.0,0.0,1.0,2.0,0.0
1202614,0.0,0.0,0.0,0.0,2.0,2.0,0.0
1202971,0.0,0.0,0.0,0.0,2.0,0.0,0.0
1203114,0.0,0.0,0.0,0.0,0.0,0.0,0.0
1203903,0.0,0.0,0.0,0.0,0.0,1.0,0.0
1203953,0.0,0.0,1.0,0.0,0.0,1.0,0.0
1204403,0.0,0.0,1.0,0.0,0.0,0.0,0.0
1204941,0.0,0.0,1.0,0.0,0.0,1.0,0.0
1205441,0.0,0.0,1.0,0.0,0.0,0.0,0.0
1206242,0.0,0.0,1.0,0.0,0.0,1.0,0.0
1206723,0.0,0.0,2.0,0.0,0.0,1.0,0.0
1206742,0.0,0.0,2.0,0.0,0.0,0.0,0.0
1207223,0.0,0.0,0.0,0.0,0.0,0.0,0.0
1207390,0.0,0.0,0.0,0.0,0.0,1.0,0.0
1207568,0.0,0.0,0.0,0.0,0.0,2.0,0.0
1207569,0.0,0.0,1.0,0.0,0.0,2.0,0.0
1208068,0.0,0.0,1.0,0.0,0.0,0.0,0.0
1208124,0.0,0.0,1.0,0.0,0.0,1.0,0.0
1208624,0.0,0.0,1.0,0.0,0.0,0.0,0.0
1208970,0.0,0.0,1.0,0.0,0.0,1.0,0.0
1208975,0.0,0.0,1.0,0.0,0.0,2.0,0.0
1209475,0.0,0.0,1.0,0.0,0.0,0.0,0.0
1210671,0.0,0.0,1.0,0.0,0.0,1.0,0.0
1210673,0.0,0.0,1.0,0.0,0.0,2.0,0.0
1211173,0.0,0.0,1.0,0.0,0.0,0.0,0.0
1211395,0.0,0.0,1.0,0.0,0.0,1.0,0.0
1211399,0.0,0.0,1.0,0.0,0.0,2.0,0.0
1211899,0.0,0.0,1.0,0.0,0.0,0.0,0.0
1212554,0.0,0.0,1.0,0.0,0.0,1.0,0.0
1212558,0.0,0.0,1.0,0.0,0.0,2.0,0.0
1213058,0.0,0.0,1.0,0.0,0.0,0.0,0.0
1214882,0.0,0.0,1.0,0.0,0.0,1.0,0.0
1215382,0.0,0.0,1.0,0.0,0.0,0.0,0.0
1215385,0.0,0.0,1.0,0.0,0.0,1.0,0.0
1215391,0.0,0.0,1.0,0.0,0.0,2.0,0.0
1215891,0.0,0.0,1.0,0.0,0.0,0.0,0.0
1215974,0.0,0.0,1.0,0.0,0.0,1.0,0.0
1216227,0.0,0.0,1.0,0.0,1.0,1.0,0.0
1216474,0.0,0.0,1.0,0.0,1.0,0.0,0.0
1216598,0.0,0.0,1.0,0.0,1.0,1.0,0.0
1216727,0.0,0.0,1.0,0.0,0.0,1.0,0.0
1217098,0.0,0.0,1.0,0.0,0.0,0.0,0.0
1217208,0.0,0.0,1.0,0.0,0.0,1.0,0.0
1217708,0.0,0.0,1.0,0.0,0.0,0.0,0.0
1218433,0.0,0.0,1.0,0.0,0.0,1.0,0.0
1218933,0.0,0.0,1.0,0.0,0.0,0.0,0.0
1218937,0.0,0.0,1.0,0.0,0.0,1.0,0.0
1219104,0.0,0.0,1.0,0.0,0.0,2.0,0.0
1219604,0.0,0.0,1.0,0.0,0.0,0.0,0.0
1219936,0.0,0.0,1.0,0.0,0.0,1.0,0.0
1220436,0.0,0.0,1.0,0.0,0.0,0.0,0.0
1221179,0.0,0.0,1.0,0.0,0.0,1.0,0.0
1221679,0.0,0.0,1.0,0.0,0.0,0.0,0.0
1222157,0.0,0.0,1.0,0.0,0.0,1.0,0.0
1222159,0.0,0.0,1.0,0.0,0.0,2.0,0.0
1222659,0.0,0.0,1.0,0.0,0.0,0.0,0.0
1223547,0.0,0.0,1.0,0.0,0.0,1.0,0.0
1224047,0.0,0.0,1.0,0.0,0.0,0.0,0.0
1224187,0.0,0.0,1.0,0.0,0.0,1.0,0.0
1224687,0.0,0.0,1.0,0.0,0.0,0.0,0.0
1225362,0.0,0.0,1.0,0.0,0.0,1.0,0.0
1225862,0.0,0.0,1.0,0.0,0.0,0.0,0.0
1226016,0.0,0.0,1.0,0.0,0.0,1.0,0.0
1226446,0.0,0.0,1.0,0.0,0.0,2.0,0.0
1226946,0.0,0.0,1.0,0.0,0.0,0.0,0.0
1227379,0.0,0.0,1.0,0.0,0.0,1.0,0.0
1227879,0.0,0.0,1.0,0.0,0.0,0.0,0.0
1228232,0.0,0.0,1.0,0.0,0.0,1.0,0.0
1228696,0.0,0.0,1.0,0.0,0.0,2.0,0.0
1229196,0.0,0.0,1.0,0.0,0.0,0.0,0.0
1229249,0.0,0.0,1.0,0.0,0.0,1.0,0.0
1229502,0.0,0.0,1.0,0.0,0.0,2.0,0.0
1230002,0.0,0.0,1.0,0.0,0.0,0.0,0.0
1230778,0.0,0.0,1.0,0.0,0.0,1.0,0.0
1230858,0.0,2.0,1.0,0.0,0.0,1.0,0.0
1230861,0.0,2.0,1.0,0.0,0.0,2.0,0.0
1231358,0.0,0.0,1.0,0.0,0.0,2.0,0.0
1231361,0.0,0.0,1.0,0.0,0.0,0.0,0.0
1231531,0.0,0.0,1.0,0.0,0.0,1.0,0.0
1232031,0.0,0.0,1.0,0.0,0.0,0.0,0.0
1233176,0.0,0.0,1.0,0.0,0.0,1.0,0.0
1233676,0.0,0.0,1.0,0.0,0.0,0.0,0.0
1233845,0.0,0.0,1.0,0.0,0.0,1.0,0.0
1234345,0.0,0.0,1.0,0.0,0.0,0.0,0.0
1236361,0.0,0.0,1.0,0.0,0.0,1.0,0.0
1236487,0.0,0.0,1.0,0.0,0.0,2.0,0.0
1236987,0.0,0.0,1.0,0.0,0.0,0.0,0.0
1237206,0.0,0.0,1.0,0.0,0.0,1.0,0.0
1237706,0.0,0.0,1.0,0.0,0.0,0.0,0.0
1240161,0.0,0.0,1.0,0.0,0.0,1.0,0.0
1240496,0.0,0.0,1.0,0.0,0.0,2.0,0.0
1240996,0.0,0.0,1.0,0.0,0.0,0.0,0.0
1242683,0.0,0.0,1.0,0.0,0.0,1.0,0.0
1242687,0.0,0.0,1.0,0.0,0.0,2.0,0.0
1243187,0.0,0.0,1.0,0.0,0.0,0.0,0.0
1243714,0.0,0.0,1.0,0.0,0.0,1.0,0.0
1244214,0.0,0.0,1.0,0.0,0.0,0.0,0.0
1244330,0.0,0.0,1.0,0.0,0.0,1.0,0.0
1244830,0.0,0.0,1.0,0.0,0.0,0.0,0.0
1245499,0.0,0.0,1.0,0.0,0.0,1.0,0.0
1245530,0.0,0.0,1.0,0.0,0.0,2.0,0.0
1246030,0.0,0.0,1.0,0.0,0.0,0.0,0.0
1246940,0.0,0.0,1.0,0.0,0.0,1.0,0.0
1247440,0.0,0.0,1.0,0.0,0.0,0.0,0.0
1247613,0.0,0.0,1.0,0.0,0.0,1.0,0.0
1247813,0.0,0.0,1.0,0.0,0.0,2.0,0.0
1248313,0.0,0.0,1.0,0.0,0.0,0.0,0.0
1248655,0.0,0.0,1.0,0.0,0.0,1.0,0.0
1248662,0.0,0.0,1.0,0.0,0.0,2.0,0.0
1249162,0.0,0.0,1.0,0.0,0.0,0.0,0.0
1250812,0.0,0.0,1.0,0.0,0.0,1.0,0.0
1251312,0.0,0.0,1.0,0.0,0.0,0.0,0.0
1251561,0.0,0.0,1.0,0.0,0.0,1.0,0.0
1251563,0.0,0.0,1.0,0.0,0.0,2.0,0.0
1252063,0.0,0.0,1.0,0.0,0.0,0.0,0.0
1253042,0.0,0.0,1.0,0.0,0.0,1.0,0.0
1253542,0.0,0.0,1.0,0.0,0.0,0.0,0.0
1253594,0.0,0.0,1.0,0.0,0.0,1.0,0.0
1254094,0.0,0.0,1.0,0.0,0.0,0.0,0.0
1254723,0.0,0.0,1.0,0.0,0.0,1.0,0.0
1254844,0.0,0.0,1.0,0.0,0.0,2.0,0.0
1255344,0.0,0.0,1.0,0.0,0.0,0.0,0.0
1256333,0.0,0.0,1.0,0.0,0.0,1.0,0.0
1256747,0.0,0.0,1.0,0.0,0.0,2.0,0.0
1257247,0.0,0.0,1.0,0.0,0.0,0.0,0.0
1257576,0.0,0.0,1.0,0.0,0.0,1.0,0.0
1258076,0.0,0.0,1.0,0.0,0.0,0.0,0.0
1258146,0.0,2.0,1.0,0.0,0.0,0.0,0.0
1258383,0.0,2.0,1.0,0.0,0.0,1.0,0.0
1258646,0.0,0.0,1.0,0.0,0.0,1.0,0.0
1258883,0.0,0.0,1.0,0.0,0.0,0.0,0.0
1260437,0.0,0.0,1.0,0.0,0.0,1.0,0.0
1260937,0.0,0.0,1.0,0.0,0.0,0.0,0.0
1262161,0.0,0.0,1.0,0.0,0.0,1.0,0.0
1262169,0.0,0.0,1.0,0.0,0.0,2.0,0.0
1262669,0.0,0.0,1.0,0.0,0.0,0.0,0.0
1262748,0.0,0.0,1.0,0.0,0.0,1.0,0.0
1262755,0.0,0.0,1.0,0.0,0.0,2.0,0.0
1263255,0.0,0.0,1.0,0.0,0.0,0.0,0.0
1263474,0.0,0.0,1.0,0.0,0.0,1.0,0.0
1263476,0.0,0.0,1.0,0.0,0.0,2.0,0.0
1263976,0.0,0.0,1.0,0.0,0.0,0.0,0.0
1264317,0.0,0.0,1.0,0.0,0.0,1.0,0.0
1264466,0.0,0.0,1.0,0.0,0.0,2.0,0.0
1264966,0.0,0.0,1.0,0.0,0.0,0.0,0.0
1265227,0.0,0.0,1.0,0.0,0.0,1.0,0.0
1265727,0.0,0.0,1.0,0.0,0.0,0.0,0.0
1266090,0.0,0.0,1.0,0.0,0.0,1.0,0.0
1266590,0.0,0.0,1.0,0.0,0.0,0.0,0.0
1267730,0.0,0.0,1.0,0.0,0.0,1.0,0.0
1268230,0.0,0.0,1.0,0.0,0.0,0.0,0.0
1268322,0.0,0.0,1.0,0.0,0.0,1.0,0.0
1268822,0.0,0.0,1.0,0.0,0.0,0.0,0.0
1270060,0.0,0.0,1.0,0.0,0.0,1.0,0.0
1270328,0.0,0.0,1.0,0.0,0.0,2.0,0.0
1270828,0.0,0.0,1.0,0.0,0.0,0.0,0.0
1271348,0.0,0.0,1.0,0.0,0.0,1.0,0.0
1271428,0.0,0.0,1.0,0.0,0.0,2.0,0.0
1271928,0.0,0.0,1.0,0.0,0.0,0.0,0.0
1272217,0.0,0.0,1.0,0.0,0.0,1.0,0.0
1272717,0.0,0.0,1.0,0.0,0.0,0.0,0.0
1274032,0.0,0.0,1.0,0.0,0.0,1.0,0.0
1274532,0.0,0.0,1.0,0.0,0.0,0.0,0.0
1274536,0.0,0.0,1.0,0.0,0.0,1.0,0.0
1274540,0.0,0.0,1.0,0.0,0.0,2.0,0.0
1275040,0.0,0.0,1.0,0.0,0.0,0.0,0.0
1275498,0.0,0.0,1.0,0.0,0.0,1.0,0.0
1275500,0.0,0.0,1.0,0.0,0.0,2.0,0.0
1276000,0.0,0.0,1.0,0.0,0.0,0.0,0.0
1276282,0.0,0.0,1.0,0.0,0.0,1.0,0.0
1276782,0.0,0.0,1.0,0.0,0.0,0.0,0.0
1277108,0.0,0.0,1.0,0.0,0.0,1.0,0.0
1277608,0.0,0.0,1.0,0.0,0.0,0.0,0.0
1278135,0.0,0.0,1.0,0.0,0.0,1.0,0.0
1278635,0.0,0.0,1.0,0.0,0.0,0.0,0.0
1279269,0.0,0.0,1.0,0.0,0.0,1.0,0.0
1279275,0.0,0.0,1.0,0.0,0.0,2.0,0.0
1279775,0.0,0.0,1.0,0.0,0.0,0.0,0.0
1280505,0.0,0.0,1.0,0.0,0.0,1.0,0.0
1281005,0.0,0.0,1.0,0.0,0.0,0.0,0.0
1281552,0.0,0.0,1.0,0.0,0.0,1.0,0.0
1281557,0.0,0.0,1.0,0.0,0.0,2.0,0.0
1282057,0.0,0.0,1.0,0.0,0.0,0.0,0.0
1282860,0.0,0.0,1.0,0.0,0.0,1.0,0.0
1283360,0.0,0.0,1.0,0.0,0.0,0.0,0.0
1284167,0.0,0.0,1.0,0.0,0.0,1.0,0.0
1284667,0.0,0.0,1.0,0.0,0.0,0.0,0.0
1284844,0.0,0.0,1.0,0.0,0.0,1.0,0.0
1285168,0.0,0.0,1.0,0.0,0.0,2.0,0.0
1285668,0.0,0.0,1.0,0.0,0.0,0.0,0.0
1287116,0.0,0.0,1.0,0.0,0.0,1.0,0.0
1287551,0.0,0.0,1.0,0.0,0.0,2.0,0.0
1288051,0.0,0.0,1.0,0.0,0.0,0.0,0.0
1288273,0.0,0.0,1.0,0.0,0.0,1.0,0.0
1288773,0.0,0.0,1.0,0.0,0.0,0.0,0.0
1289096,0.0,0.0,1.0,0.0,0.0,1.0,0.0
1289596,0.0,0.0,1.0,0.0,0.0,0.0,0.0
1290453,0.0,0.0,1.0,0.0,0.0,1.0,0.0
1290732,0.0,0.0,1.0,0.0,0.0,2.0,0.0
1291232,0.0,0.0,1.0,0.0,0.0,0.0,0.0
1292076,0.0,0.0,1.0,0.0,0.0,1.0,0.0
1292576,0.0,0.0,1.0,0.0,0.0,0.0,0.0
1292646,0.0,0.0,1.0,0.0,0.0,1.0,0.0
1293146,0.0,0.0,1.0,0.0,0.0,0.0,0.0
1293292,0.0,0.0,1.0,0.0,0.0,1.0,0.0
1293792,0.0,0.0,1.0,0.0,0.0,0.0,0.0
1293949,0.0,0.0,1.0,0.0,0.0,1.0,0.0
1294449,0.0,0.0,1.0,0.0,0.0,0.0,0.0
1295506,0.0,0.0,1.0,0.0,0.0,1.0,0.0
1296006,0.0,0.0,1.0,0.0,0.0,0.0,0.0
1297924,0.0,0.0,1.0,0.0,0.0,1.0,0.0
1298424,0.0,0.0,1.0,0.0,0.0,0.0,0.0
1298611,0.0,0.0,1.0,0.0,0.0,1.0,0.0
1298613,0.0,0.0,1.0,0.0,0.0,2.0,0.0
1299113,0.0,0.0,1.0,0.0,0.0,0.0,0.0
1299670,0.0,0.0,1.0,0.0,0.0,1.0,0.0
1300170,0.0,0.0,1.0,0.0,0.0,0.0,0.0
1300673,0.0,0.0,1.0,0.0,0.0,1.0,0.0
1301173,0.0,0.0,1.0,0.0,0.0,0.0,0.0
1302275,0.0,0.0,1.0,0.0,1.0,0.0,0.0
1302775,0.0,0.0,1.0,0.0,0.0,0.0,0.0
1303242,0.0,0.0,1.0,0.0,0.0,1.0,0.0
1303742,0.0,0.0,1.0,0.0,0.0,0.0,0.0
1306367,0.0,0.0,1.0,0.0,0.0,1.0,0.0
1306867,0.0,0.0,1.0,0.0,0.0,0.0,0.0
1307289,0.0,0.0,1.0,0.0,0.0,1.0,0.0
1307789,0.0,0.0,1.0,0.0,0.0,0.0,0.0
1308505,0.0,0.0,1.0,0.0,0.0,1.0,0.0
1309005,0.0,0.0,1.0,0.0,0.0,0.0,0.0
1310051,0.0,0.0,1.0,0.0,0.0,1.0,0.0
1310069,0.0,0.0,0.0,0.0,0.0,1.0,0.0
1310551,0.0,0.0,0.0,0.0,0.0,0.0,0.0
1311828,0.0,0.0,0.0,0.0,0.0,1.0,0.0
1312328,0.0,0.0,0.0,0.0,0.0,0.0,0.0
1314141,0.0,0.0,0.0,0.0,0.0,1.0,0.0
1314641,0.0,0.0,0.0,0.0,0.0,0.0,0.0
1317167,0.0,0.0,0.0,0.0,0.0,1.0,0.0
1317667,0.0,0.0,0.0,0.0,0.0,0.0,0.0
1319022,0.0,0.0,0.0,0.0,0.0,1.0,0.0
1319522,0.0,0.0,0.0,0.0,0.0,0.0,0.0
1321055,0.0,0.0,0.0,0.0,0.0,1.0,0.0
1321555,0.0,0.0,0.0,0.0,0.0,0.0,0.0
1324383,0.0,0.0,0.0,0.0,0.0,1.0,0.0
1324883,0.0,0.0,0.0,0.0,0.0,0.0,0.0
1325726,0.0,0.0,0.0,0.0,0.0,1.0,0.0
1325728,0.0,0.0,0.0,0.0,0.0,2.0,0.0
1326228,0.0,0.0,0.0,0.0,0.0,0.0,0.0
1331924,0.0,0.0,0.0,0.0,0.0,1.0,0.0
1331942,0.0,0.0,0.0,0.0,0.0,2.0,0.0
1332442,0.0,0.0,0.0,0.0,0.0,0.0,0.0
1332670,0.0,0.0,0.0,0.0,0.0,1.0,0.0
1333170,0.0,0.0,0.0,0.0,0.0,0.0,0.0
1344819,0.0,0.0,0.0,0.0,0.0,1.0,0.0
1345319,0.0,0.0,0.0,0.0,0.0,0.0,0.0
1347073,0.0,0.0,0.0,0.0,0.0,1.0,0.0
1347573,0.0,0.0,0.0,0.0,0.0,0.0,0.0
1348574,0.0,0.0,0.0,0.0,0.0,1.0,0.0
1349074,0.0,0.0,0.0,0.0,0.0,0.0,0.0
1350743,0.0,0.0,0.0,0.0,0.0,1.0,0.0
1351243,0.0,0.0,0.0,0.0,0.0,0.0,0.0
1351578,0.0,0.0,0.0,0.0,0.0,1.0,0.0
1352078,0.0,0.0,0.0,0.0,0.0,0.0,0.0
1353886,0.0,0.0,0.0,0.0,0.0,1.0,0.0
1353905,0.0,0.0,0.0,0.0,0.0,2.0,0.0
1354405,0.0,0.0,0.0,0.0,0.0,0.0,0.0
1361927,0.0,0.0,0.0,0.0,0.0,1.0,0.0
1362427,0.0,0.0,0.0,0.0,0.0,0.0,0.0
1364808,0.0,0.0,0.0,0.0,0.0,1.0,0.0
1365308,0.0,0.0,0.0,0.0,0.0,0.0,0.0
1367712,0.0,0.0,0.0,0.0,0.0,1.0,0.0
1368212,0.0,0.0,0.0,0.0,0.0,0.0,0.0
1371038,0.0,0.0,0.0,0.0,0.0,1.0,0.0
1371538,0.0,0.0,0.0,0.0,0.0,0.0,0.0
1375402,0.0,0.0,0.0,0.0,0.0,1.0,0.0
1375902,0.0,0.0,0.0,0.0,0.0,0.0,0.0
1376409,0.0,0.0,0.0,0.0,0.0,1.0,0.0
1376909,0.0,0.0,0.0,0.0,0.0,0.0,0.0
1377020,0.0,0.0,0.0,0.0,0.0,1.0,0.0
1377520,0.0,0.0,0.0,0.0,0.0,0.0,0.0
1378497,0.0,0.0,0.0,0.0,0.0,1.0,0.0
1378500,0.0,0.0,0.0,0.0,0.0,2.0,0.0
1379000,0.0,0.0,0.0,0.0,0.0,0.0,0.0
1379129,0.0,0.0,0.0,0.0,0.0,1.0,0.0
1379629,0.0,0.0,0.0,0.0,0.0,0.0,0.0
1385527,0.0,0.0,0.0,0.0,0.0,1.0,0.0
1386027,0.0,0.0,0.0,0.0,0.0,0.0,0.0
1390726,0.0,0.0,0.0,0.0,0.0,1.0,0.0
1391226,0.0,0.0,0.0,0.0,0.0,0.0,0.0
1393626,0.0,0.0,0.0,0.0,0.0,1.0,0.0
1394126,0.0,0.0,0.0,0.0,0.0,0.0,0.0
1394844,0.0,0.0,0.0,0.0,0.0,1.0,0.0
1395344,0.0,0.0,0.0,0.0,0.0,0.0,0.0
1396660,0.0,0.0,0.0,0.0,1.0,0.0,0.0
1396661,0.0,0.0,0.0,0.0,1.0,1.0,0.0
1397160,0.0,0.0,0.0,0.0,0.0,1.0,0.0
1397161,0.0,0.0,0.0,0.0,0.0,0.0,0.0
1399621,0.0,0.0,0.0,0.0,0.0,1.0,0.0
1400121,0.0,0.0,0.0,0.0,0.0,0.0,0.0
1400595,0.0,0.0,0.0,0.0,1.0,0.0,0.0
1401095,0.0,0.0,0.0,0.0,0.0,0.0,0.0
1401300,0.0,0.0,0.0,0.0,0.0,0.0,1.0
1401428,0.0,0.0,0.0,0.0,0.0,1.0,1.0
1401433,0.0,0.0,0.0,0.0,0.0,2.0,1.0
1401759,2.0,0.0,0.0,0.0,0.0,2.0,1.0
1401772,2.0,0.0,0.0,0.0,1.0,2.0,1.0
1401800,2.0,0.0,0.0,0.0,1.0,2.0,0.0
1401815,2.0,0.0,0.0,0.0,2.0,2.0,0.0
1401845,2.0,2.0,0.0,0.0,2.0,2.0,0.0
1401933,2.0,2.0,0.0,0.0,2.0,0.0,0.0
1402259,0.0,2.0,0.0,0.0,2.0,0.0,0.0
1402315,0.0,2.0,0.0,0.0,0.0,0.0,0.0
1402345,0.0,0.0,0.0,0.0,0.0,0.0,0.0
1402404,0.0,0.0,0.0,0.0,0.0,1.0,0.0
1402408,0.0,0.0,0.0,0.0,0.0,2.0,0.0
1402908,0.0,0.0,0.0,0.0,0.0,0.0,0.0
1403818,0.0,0.0,1.0,0.0,0.0,0.0,0.0
1405315,0.0,0.0,1.0,0.0,0.0,1.0,0.0
1405815,0.0,0.0,1.0,0.0,0.0,0.0,0.0
1406009,0.0,0.0,1.0,0.0,0.0,1.0,0.0
1406509,0.0,0.0,1.0,0.0,0.0,0.0,0.0
1406538,0.0,0.0,2.0,0.0,0.0,0.0,0.0
1406906,0.0,0.0,2.0,0.0,0.0,1.0,0.0
1407038,0.0,0.0,0.0,0.0,0.0,1.0,0.0
1407406,0.0,0.0,0.0,0.0,0.0,0.0,0.0
1407447,0.0,0.0,0.0,0.0,0.0,1.0,0.0
1407454,0.0,0.0,0.0,0.0,0.0,2.0,0.0
1407954,0.0,0.0,0.0,0.0,0.0,0.0,0.0
1408173,0.0,0.0,0.0,0.0,0.0,1.0,0.0
1408673,0.0,0.0,0.0,0.0,0.0,0.0,0.0
1408769,0.0,0.0,0.0,0.0,0.0,1.0,0.0
1409269,0.0,0.0,0.0,0.0,0.0,0.0,0.0
1409598,0.0,0.0,0.0,0.0,0.0,1.0,0.0
1410098,0.0,0.0,0.0,0.0,0.0,0.0,0.0
1411070,0.0,0.0,0.0,0.0,0.0,1.0,0.0
1411140,0.0,0.0,0.0,0.0,0.0,2.0,0.0
1411640,0.0,0.0,0.0,0.0,0.0,0.0,0.0
1413245,0.0,0.0,0.0,0.0,0.0,1.0,0.0
1413745,0.0,0.0,0.0,0.0,0.0,0.0,0.0
1413937,0.0,0.0,0.0,0.0,0.0,1.0,0.0
1414437,0.0,0.0,0.0,0.0,0.0,0.0,0.0
1414924,0.0,0.0,0.0,0.0,0.0,1.0,0.0
1415424,0.0,0.0,0.0,0.0,0.0,0.0,0.0
1416313,0.0,0.0,0.0,0.0,0.0,1.0,0.0
1416747,0.0,0.0,0.0,0.0,0.0,2.0,0.0
1417247,0.0,0.0,0.0,0.0,0.0,0.0,0.0
1418158,0.0,0.0,0.0,0.0,0.0,1.0,0.0
1418160,0.0,0.0,0.0,0.0,0.0,2.0,0.0
1418660,0.0,0.0,0.0,0.0,0.0,0.0,0.0
1418819,0.0,0.0,0.0,0.0,0.0,1.0,0.0
1419319,0.0,0.0,0.0,0.0,0.0,0.0,0.0
1419441,0.0,0.0,0.0,0.0,0.0,1.0,0.0
1419846,0.0,0.0,0.0,0.0,0.0,2.0,0.0
1420346,0.0,0.0,0.0,0.0,0.0,0.0,0.0
1421627,0.0,0.0,0.0,0.0,0.0,1.0,0.0
1421631,0.0,0.0,0.0,0.0,0.0,2.0,0.0
1422131,0.0,0.0,0.0,0.0,0.0,0.0,0.0
1422135,0.0,0.0,0.0,0.0,0.0,1.0,0.0
1422137,0.0,0.0,0.0,0.0,0.0,2.0,0.0
1422637,0.0,0.0,0.0,0.0,0.0,0.0,0.0
1422975,0.0,0.0,0.0,0.0,0.0,1.0,0.0
1422978,0.0,0.0,0.0,0.0,0.0,2.0,0.0
1423478,0.0,0.0,0.0,0.0,0.0,0.0,0.0
1423940,0.0,0.0,0.0,0.0,0.0,1.0,0.0
1424440,0.0,0.0,0.0,0.0,0.0,0.0,0.0
1425072,0.0,0.0,0.0,0.0,0.0,1.0,0.0
1425074,0.0,0.0,0.0,0.0,0.0,2.0,0.0
1425574,0.0,0.0,0.0,0.0,0.0,0.0,0.0
1426579,0.0,0.0,0.0,0.0,0.0,1.0,0.0
1426587,0.0,0.0,0.0,0.0,0.0,2.0,0.0
1427087,0.0,0.0,0.0,0.0,0.0,0.0,0.0
1427223,0.0,0.0,0.0,0.0,0.0,1.0,0.0
1427723,0.0,0.0,0.0,0.0,0.0,0.0,0.0
1428073,0.0,0.0,0.0,0.0,0.0,1.0,0.0
1428573,0.0,0.0,0.0,0.0,0.0,0.0,0.0
1429252,0.0,0.0,0.0,0.0,0.0,1.0,0.0
1429752,0.0,0.0,0.0,0.0,0.0,0.0,0.0
1430098,0.0,0.0,0.0,0.0,0.0,1.0,0.0
1430108,0.0,0.0,0.0,0.0,0.0,2.0,0.0
1430608,0.0,0.0,0.0,0.0,0.0,0.0,0.0
1431509,0.0,0.0,0.0,0.0,0.0,1.0,0.0
1432009,0.0,0.0,0.0,0.0,0.0,0.0,0.0
1433054,0.0,0.0,0.0,0.0,0.0,1.0,0.0
1433554,0.0,0.0,0.0,0.0,0.0,0.0,0.0
1433633,0.0,0.0,0.0,0.0,0.0,1.0,0.0
1434133,0.0,0.0,0.0,0.0,0.0,0.0,0.0
1434294,0.0,0.0,0.0,0.0,0.0,1.0,0.0
1434794,0.0,0.0,0.0,0.0,0.0,0.0,0.0
1435326,0.0,0.0,0.0,0.0,0.0,1.0,0.0
1435826,0.0,0.0,0.0,0.0,0.0,0.0,0.0
1436122,0.0,0.0,0.0,0.0,0.0,1.0,0.0
1436622,0.0,0.0,0.0,0.0,0.0,0.0,0.0
1436681,0.0,0.0,0.0,0.0,0.0,1.0,0.0
1437181,0.0,0.0,0.0,0.0,0.0,0.0,0.0
1438481,0.0,0.0,0.0,0.0,0.0,1.0,0.0
1438981,0.0,0.0,0.0,0.0,0.0,0.0,0.0
1439248,0.0,0.0,0.0,0.0,0.0,1.0,0.0
1439417,0.0,0.0,0.0,0.0,0.0,2.0,0.0
1439917,0.0,0.0,0.0,0.0,0.0,0.0,0.0
1440637,0.0,0.0,0.0,0.0,0.0,1.0,0.0
1441027,0.0,0.0,0.0,0.0,1.0,1.0,0.0
1441137,0.0,0.0,0.0,0.0,1.0,0.0,0.0
1441166,0.0,0.0,0.0,0.0,1.0,1.0,0.0
1441376,0.0,0.0,0.0,0.0,1.0,2.0,0.0
1441527,0.0,0.0,0.0,0.0,0.0,2.0,0.0
1441876,0.0,0.0,0.0,0.0,0.0,0.0,0.0
1442022,0.0,0.0,0.0,0.0,0.0,1.0,0.0
1442157,0.0,0.0,0.0,0.0,0.0,2.0,0.0
1442657,0.0,0.0,0.0,0.0,0.0,0.0,0.0
1442940,0.0,0.0,0.0,0.0,0.0,1.0,0.0
1443440,0.0,0.0,0.0,0.0,0.0,0.0,0.0
1444305,0.0,0.0,0.0,0.0,0.0,1.0,0.0
1444805,0.0,0.0,0.0,0.0,0.0,0.0,0.0
1445960,0.0,0.0,0.0,0.0,0.0,1.0,0.0
1446460,0.0,0.0,0.0,0.0,0.0,0.0,0.0
1446819,0.0,0.0,0.0,0.0,0.0,1.0,0.0
1447319,0.0,0.0,0.0,0.0,0.0,0.0,0.0
1447690,0.0,0.0,0.0,0.0,0.0,1.0,0.0
1448190,0.0,0.0,0.0,0.0,0.0,0.0,0.0
1448289,0.0,0.0,0.0,0.0,0.0,1.0,0.0
1448789,0.0,0.0,0.0,0.0,0.0,0.0,0.0
1449299,0.0,0.0,0.0,0.0,0.0,1.0,0.0
1449799,0.0,0.0,0.0,0.0,0.0,0.0,0.0
1450143,0.0,0.0,0.0,0.0,0.0,1.0,0.0
1450154,0.0,0.0,0.0,0.0,0.0,2.0,0.0
1450654,0.0,0.0,0.0,0.0,0.0,0.0,0.0
1451088,0.0,0.0,0.0,0.0,0.0,1.0,0.0
1451493,0.0,2.0,0.0,0.0,0.0,1.0,0.0
1451588,0.0,2.0,0.0,0.0,0.0,0.0,0.0
1451993,0.0,0.0,0.0,0.0,0.0,0.0,0.0
1452370,0.0,0.0,0.0,0.0,0.0,1.0,0.0
1452870,0.0,0.0,0.0,0.0,0.0,0.0,0.0
1454070,0.0,0.0,0.0,0.0,0.0,1.0,0.0
1454077,0.0,0.0,0.0,0.0,0.0,2.0,0.0
1454577,0.0,0.0,0.0,0.0,0.0,0.0,0.0
1455227,0.0,0.0,0.0,0.0,0.0,1.0,0.0
1455727,0.0,0.0,0.0,0.0,0.0,0.0,0.0
1456344,0.0,0.0,0.0,0.0,0.0,1.0,0.0
1456345,0.0,0.0,0.0,0.0,1.0,1.0,0.0
1456594,0.0,0.0,0.0,0.0,1.0,2.0,0.0
1456845,0.0,0.0,0.0,0.0,0.0,2.0,0.0
1457094,0.0,0.0,0.0,0.0,0.0,0.0,0.0
1457402,0.0,0.0,0.0,0.0,0.0,1.0,0.0
1457418,0.0,0.0,0.0,0.0,0.0,2.0,0.0
1457918,0.0,0.0,0.0,0.0,0.0,0.0,0.0
1458746,0.0,0.0,0.0,0.0,0.0,1.0,0.0
1459246,0.0,0.0,0.0,0.0,0.0,0.0,0.0
1459523,0.0,0.0,0.0,0.0,0.0,1.0,0.0
1460023,0.0,0.0,0.0,0.0,0.0,0.0,0.0
1460618,0.0,0.0,0.0,0.0,0.0,1.0,0.0
1461118,0.0,0.0,0.0,0.0,0.0,0.0,0.0
1461138,0.0,0.0,0.0,0.0,0.0,1.0,0.0
1461338,0.0,0.0,0.0,0.0,0.0,2.0,0.0
1461838,0.0,0.0,0.0,0.0,0.0,0.0,0.0
1461876,0.0,0.0,0.0,0.0,0.0,1.0,0.0
1462376,0.0,0.0,0.0,0.0,0.0,0.0,0.0
1462482,0.0,0.0,0.0,0.0,0.0,1.0,0.0
1462982,0.0,0.0,0.0,0.0,0.0,0.0,0.0
1463249,0.0,0.0,0.0,0.0,0.0,1.0,0.0
1463749,0.0,0.0,0.0,0.0,0.0,0.0,0.0
1463988,0.0,0.0,0.0,0.0,0.0,1.0,0.0
1464267,0.0,0.0,0.0,0.0,0.0,2.0,0.0
1464767,0.0,0.0,0.0,0.0,0.0,0.0,0.0
1464784,0.0,0.0,0.0,0.0,0.0,1.0,0.0
1464872,0.0,0.0,0.0,0.0,0.0,2.0,0.0
1465372,0.0,0.0,0.0,0.0,0.0,0.0,0.0
1466044,0.0,0.0,0.0,0.0,0.0,1.0,0.0
1466544,0.0,0.0,0.0,0.0,0.0,0.0,0.0
1466759,0.0,0.0,0.0,0.0,0.0,1.0,0.0
1466762,0.0,0.0,0.0,0.0,0.0,2.0,0.0
1467262,0.0,0.0,0.0,0.0,0.0,0.0,0.0
1467919,0.0,0.0,0.0,0.0,0.0,1.0,0.0
1467998,0.0,0.0,0.0,0.0,0.0,2.0,0.0
1468498,0.0,0.0,0.0,0.0,0.0,0.0,0.0
1469206,0.0,0.0,0.0,0.0,0.0,1.0,0.0
1469706,0.0,0.0,0.0,0.0,0.0,0.0,0.0
1470104,0.0,0.0,0.0,0.0,0.0,1.0,0.0
1470604,0.0,0.0,0.0,0.0,0.0,0.0,0.0
1470732,0.0,0.0,0.0,0.0,0.0,1.0,0.0
1471232,0.0,0.0,0.0,0.0,0.0,0.0,0.0
1471437,0.0,0.0,0.0,0.0,0.0,1.0,0.0
1471503,0.0,0.0,0.0,0.0,0.0,2.0,0.0
1472003,0.0,0.0,0.0,0.0,0.0,0.0,0.0
1472775,0.0,0.0,0.0,0.0,0.0,1.0,0.0
1473275,0.0,0.0,0.0,0.0,0.0,0.0,0.0
1473577,0.0,0.0,0.0,0.0,0.0,1.0,0.0
1474077,0.0,0.0,0.0,0.0,0.0,0.0,0.0
1474490,0.0,0.0,0.0,0.0,0.0,1.0,0.0
1474887,0.0,0.0,0.0,0.0,0.0,2.0,0.0
1475387,0.0,0.0,0.0,0.0,0.0,0.0,0.0
1475425,0.0,0.0,0.0,0.0,0.0,1.0,0.0
1475427,0.0,0.0,0.0,0.0,0.0,2.0,0.0
1475927,0.0,0.0,0.0,0.0,0.0,0.0,0.0
1476136,0.0,0.0,0.0,0.0,0.0,1.0,0.0
1476636,0.0,0.0,0.0,0.0,0.0,0.0,0.0
1476953,0.0,0.0,0.0,0.0,0.0,1.0,0.0
1477078,0.0,0.0,0.0,0.0,0.0,2.0,0.0
1477578,0.0,0.0,0.0,0.0,0.0,0.0,0.0
1477888,0.0,0.0,0.0,0.0,0.0,1.0,0.0
1477892,0.0,0.0,0.0,0.0,0.0,2.0,0.0
1478392,0.0,0.0,0.0,0.0,0.0,0.0,0.0
1478712,0.0,0.0,0.0,0.0,0.0,1.0,0.0
1478874,0.0,0.0,0.0,0.0,1.0,1.0,0.0
1479135,0.0,0.0,0.0,0.0,1.0,2.0,0.0
1479374,0.0,0.0,0.0,0.0,0.0,2.0,0.0
1479635,0.0,0.0,0.0,0.0,0.0,0.0,0.0
1479788,0.0,0.0,0.0,0.0,0.0,1.0,0.0
1480288,0.0,0.0,0.0,0.0,0.0,0.0,0.0
1481006,0.0,0.0,0.0,0.0,0.0,1.0,0.0
1481506,0.0,0.0,0.0,0.0,0.0,0.0,0.0
1481749,0.0,0.0,0.0,0.0,1.0,1.0,0.0
1482091,0.0,0.0,0.0,0.0,1.0,2.0,0.0
1482249,0.0,0.0,0.0,0.0,0.0,2.0,0.0
1482591,0.0,0.0,0.0,0.0,0.0,0.0,0.0
1483185,0.0,0.0,0.0,0.0,0.0,1.0,0.0
1483641,0.0,0.0,0.0,0.0,0.0,2.0,0.0
1484141,0.0,0.0,0.0,0.0,0.0,0.0,0.0
1484509,0.0,0.0,0.0,0.0,0.0,1.0,0.0
1485009,0.0,0.0,0.0,0.0,0.0,0.0,0.0
1485472,0.0,0.0,0.0,0.0,0.0,1.0,0.0
1485607,0.0,0.0,0.0,0.0,0.0,2.0,0.0
1486107,0.0,0.0,0.0,0.0,0.0,0.0,0.0
1486367,0.0,0.0,0.0,0.0,0.0,1.0,0.0
1486867,0.0,0.0,0.0,0.0,0.0,0.0,0.0
1487187,0.0,0.0,0.0,0.0,0.0,1.0,0.0
1487191,0.0,0.0,0.0,0.0,0.0,2.0,0.0
1487691,0.0,0.0,0.0,0.0,0.0,0.0,0.0
1489458,0.0,0.0,0.0,0.0,0.0,1.0,0.0
1489460,0.0,0.0,0.0,0.0,0.0,2.0,0.0
1489960,0.0,0.0,0.0,0.0,0.0,0.0,0.0
1491859,0.0,0.0,0.0,0.0,0.0,1.0,0.0
1492359,0.0,0.0,0.0,0.0,0.0,0.0,0.0
1493044,0.0,0.0,0.0,0.0,0.0,1.0,0.0
1493544,0.0,0.0,0.0,0.0,0.0,0.0,0.0
1493651,0.0,0.0,0.0,0.0,0.0,1.0,0.0
1494151,0.0,0.0,0.0,0.0,0.0,0.0,0.0
1494805,0.0,0.0,0.0,0.0,0.0,1.0,0.0
1494807,0.0,0.0,0.0,0.0,0.0,2.0,0.0
1495307,0.0,0.0,0.0,0.0,0.0,0.0,0.0
1496142,0.0,0.0,0.0,0.0,0.0,1.0,0.0
1496642,0.0,0.0,0.0,0.0,0.0,0.0,0.0
1497021,0.0,0.0,0.0,0.0,0.0,1.0,0.0
1497025,0.0,0.0,0.0,0.0,0.0,2.0,0.0
1497525,0.0,0.0,0.0,0.0,0.0,0.0,0.0
1497737,0.0,0.0,0.0,0.0,0.0,1.0,0.0
1498237,0.0,0.0,0.0,0.0,0.0,0.0,0.0
1498561,0.0,0.0,0.0,0.0,0.0,1.0,0.0
1499061,0.0,0.0,0.0,0.0,0.0,0.0,0.0
1499130,0.0,0.0,0.0,0.0,0.0,1.0,0.0
1499132,0.0,0.0,0.0,0.0,0.0,2.0,0.0
1499632,0.0,0.0,0.0,0.0,0.0,0.0,0.0
1499890,0.0,0.0,0.0,0.0,0.0,1.0,0.0
1500390,0.0,0.0,0.0,0.0,0.0,0.0,0.0
1500393,0.0,0.0,0.0,0.0,0.0,1.0,0.0
1500893,0.0,0.0,0.0,0.0,0.0,0.0,0.0
1505282,0.0,0.0,0.0,0.0,0.0,1.0,0.0
1505782,0.0,0.0,0.0,0.0,0.0,0.0,0.0
1506747,0.0,0.0,0.0,0.0,0.0,1.0,0.0
1507247,0.0,0.0,0.0,0.0,0.0,0.0,0.0
1507249,0.0,0.0,0.0,0.0,0.0,1.0,0.0
1507749,0.0,0.0,0.0,0.0,0.0,0.0,0.0
1509237,0.0,0.0,0.0,0.0,0.0,1.0,0.0
1509737,0.0,0.0,0.0,0.0,0.0,0.0,0.0
1513073,0.0,0.0,0.0,0.0,0.0,1.0,0.0
1513078,0.0,0.0,0.0,0.0,0.0,2.0,0.0
1513578,0.0,0.0,0.0,0.0,0.0,0.0,0.0
1520425,0.0,0.0,0.0,0.0,0.0,1.0,0.0
1520925,0.0,0.0,0.0,0.0,0.0,0.0,0.0
1521841,0.0,0.0,0.0,0.0,0.0,1.0,0.0
1522341,0.0,0.0,0.0,0.0,0.0,0.0,0.0
1523688,0.0,0.0,0.0,0.0,0.0,1.0,0.0
1524188,0.0,0.0,0.0,0.0,0.0,0.0,0.0
1526424,0.0,0.0,0.0,0.0,0.0,1.0,0.0
1526924,0.0,0.0,0.0,0.0,0.0,0.0,0.0
1528381,0.0,0.0,0.0,0.0,0.0,1.0,0.0
1528881,0.0,0.0,0.0,0.0,0.0,0.0,0.0
1530348,0.0,0.0,0.0,0.0,0.0,1.0,0.0
1530399,0.0,0.0,0.0,0.0,0.0,2.0,0.0
1530899,0.0,0.0,0.0,0.0,0.0,0.0,0.0
1533479,0.0,0.0,0.0,0.0,0.0,1.0,0.0
1533979,0.0,0.0,0.0,0.0,0.0,0.0,0.0
1534463,0.0,0.0,0.0,0.0,0.0,1.0,0.0
1534963,0.0,0.0,0.0,0.0,0.0,0.0,0.0
1538387,0.0,0.0,0.0,0.0,0.0,1.0,0.0
1538887,0.0,0.0,0.0,0.0,0.0,0.0,0.0
1539741,0.0,0.0,0.0,0.0,0.0,1.0,0.0
1540241,0.0,0.0,0.0,0.0,0.0,0.0,0.0
1540541,0.0,0.0,0.0,0.0,0.0,1.0,0.0
1541041,0.0,0.0,0.0,0.0,0.0,0.0,0.0
1543519,0.0,0.0,0.0,0.0,0.0,1.0,0.0
1544019,0.0,0.0,0.0,0.0,0.0,0.0,0.0
1545051,0.0,0.0,0.0,0.0,0.0,1.0,0.0
1545551,0.0,0.0,0.0,0.0,0.0,0.0,0.0
1545570,0.0,0.0,0.0,0.0,0.0,1.0,0.0
1546070,0.0,0.0,0.0,0.0,0.0,0.0,0.0
1546569,0.0,0.0,0.0,0.0,0.0,1.0,0.0
1547069,0.0,0.0,0.0,0.0,0.0,0.0,0.0
1549200,0.0,0.0,0.0,0.0,0.0,1.0,0.0
1549700,0.0,0.0,0.0,0.0,0.0,0.0,0.0
1553310,0.0,0.0,0.0,0.0,0.0,1.0,0.0
1553810,0.0,0.0,0.0,0.0,0.0,0.0,0.0
1554747,0.0,0.0,0.0,0.0,0.0,1.0,0.0
1555247,0.0,0.0,0.0,0.0,0.0,0.0,0.0
1556078,0.0,0.0,0.0,0.0,0.0,1.0,0.0
1556578,0.0,0.0,0.0,0.0,0.0,0.0,0.0
1558783,0.0,0.0,0.0,0.0,0.0,1.0,0.0
1559283,0.0,0.0,0.0,0.0,0.0,0.0,0.0
1559497,0.0,0.0,0.0,0.0,0.0,1.0,0.0
1559514,0.0,0.0,0.0,0.0,0.0,2.0,0.0
1560014,0.0,0.0,0.0,0.0,0.0,0.0,0.0
1562798,0.0,0.0,0.0,0.0,0.0,1.0,0.0
1563298,0.0,0.0,0.0,0.0,0.0,0.0,0.0
1564917,0.0,0.0,0.0,0.0,0.0,1.0,0.0
1565417,0.0,0.0,0.0,0.0,0.0,0.0,0.0
1566014,0.0,0.0,0.0,0.0,0.0,1.0,0.0
1566015,0.0,0.0,0.0,0.0,0.0,2.0,0.0
1566515,0.0,0.0,0.0,0.0,0.0,0.0,0.0
1569749,0.0,0.0,0.0,0.0,0.0,1.0,0.0
1570249,0.0,0.0,0.0,0.0,0.0,0.0,0.0
1572034,0.0,0.0,0.0,0.0,0.0,1.0,0.0
1572534,0.0,0.0,0.0,0.0,0.0,0.0,0.0
1572836,0.0,0.0,0.0,0.0,0.0,1.0,0.0
1572837,0.0,0.0,0.0,0.0,0.0,2.0,0.0
1573337,0.0,0.0,0.0,0.0,0.0,0.0,0.0
1575020,0.0,0.0,0.0,0.0,0.0,1.0,0.0
1575520,0.0,0.0,0.0,0.0,0.0,0.0,0.0
1575675,0.0,0.0,0.0,0.0,0.0,1.0,0.0
1576175,0.0,0.0,0.0,0.0,0.0,0.0,0.0
1576260,0.0,0.0,0.0,0.0,0.0,1.0,0.0
1576760,0.0,0.0,0.0,0.0,0.0,0.0,0.0
1579407,0.0,0.0,0.0,0.0,0.0,1.0,0.0
1579907,0.0,0.0,0.0,0.0,0.0,0.0,0.0
1580061,0.0,0.0,0.0,0.0,0.0,1.0,0.0
1580561,0.0,0.0,0.0,0.0,0.0,0.0,0.0
1581020,0.0,0.0,0.0,0.0,0.0,1.0,0.0
1581520,0.0,0.0,0.0,0.0,0.0,0.0,0.0
1581788,0.0,0.0,0.0,0.0,0.0,1.0,0.0
1582288,0.0,0.0,0.0,0.0,0.0,0.0,0.0
1583276,0.0,0.0,0.0,0.0,0.0,1.0,0.0
1583776,0.0,0.0,0.0,0.0,0.0,0.0,0.0
1584147,0.0,0.0,0.0,0.0,0.0,1.0,0.0
1584647,0.0,0.0,0.0,0.0,0.0,0.0,0.0
1585611,0.0,0.0,0.0,0.0,0.0,1.0,0.0
1586111,0.0,0.0,0.0,0.0,0.0,0.0,0.0
1586586,0.0,0.0,0.0,0.0,0.0,1.0,0.0
1587086,0.0,0.0,0.0,0.0,0.0,0.0,0.0
1587408,0.0,0.0,0.0,0.0,0.0,1.0,0.0
1587908,0.0,0.0,0.0,0.0,0.0,0.0,0.0
1588593,0.0,0.0,0.0,0.0,0.0,1.0,0.0
1589093,0.0,0.0,0.0,0.0,0.0,0.0,0.0
1592202,0.0,0.0,0.0,0.0,0.0,1.0,0.0
1592702,0.0,0.0,0.0,0.0,0.0,0.0,0.0
1595924,0.0,0.0,0.0,0.0,0.0,1.0,0.0
1596424,0.0,0.0,0.0,0.0,0.0,0.0,0.0
1598574,0.0,0.0,0.0,0.0,0.0,1.0,0.0
1599074,0.0,0.0,0.0,0.0,0.0,0.0,0.0
1600467,0.0,0.0,0.0,0.0,0.0,1.0,0.0
1600967,0.0,0.0,0.0,0.0,0.0,0.0,0.0
1601136,0.0,0.0,0.0,0.0,0.0,1.0,0.0
1601500,0.0,0.0,0.0,0.0,0.0,1.0,1.0
1601546,0.0,0.0,0.0,0.0,0.0,2.0,1.0
1601688,0.0,0.0,0.0,0.0,1.0,2.0,1.0
1601695,2.0,0.0,0.0,0.0,1.0,2.0,1.0
1601731,2.0,0.0,0.0,0.0,2.0,2.0,1.0
1602000,2.0,0.0,0.0,0.0,2.0,2.0,0.0
1602046,2.0,0.0,0.0,0.0,2.0,0.0,0.0
1602047,2.0,2.0,0.0,0.0,2.0,0.0,0.0
1602195,0.0,2.0,0.0,0.0,2.0,0.0,0.0
1602231,0.0,2.0,0.0,0.0,0.0,0.0,0.0
1602547,0.0,0.0,0.0,0.0,0.0,0.0,0.0
1602782,0.0,0.0,0.0,0.0,0.0,1.0,0.0
1602784,0.0,0.0,0.0,0.0,0.0,2.0,0.0
1602847,2.0,0.0,0.0,0.0,0.0,2.0,0.0
1603284,2.0,0.0,0.0,0.0,0.0,0.0,0.0
1603347,0.0,0.0,0.0,0.0,0.0,0.0,0.0
1604166,0.0,0.0,0.0,0.0,0.0,1.0,0.0
1604666,0.0,0.0,0.0,0.0,0.0,0.0,0.0
1604884,0.0,0.0,1.0,0.0,0.0,0.0,0.0
1604908,0.0,0.0,1.0,0.0,0.0,1.0,0.0
1605408,0.0,0.0,1.0,0.0,0.0,0.0,0.0
1606084,0.0,0.0,1.0,0.0,0.0,1.0,0.0
1606460,0.0,0.0,1.0,0.0,0.0,2.0,0.0
1606960,0.0,0.0,1.0,0.0,0.0,0.0,0.0
1607720,0.0,0.0,1.0,0.0,0.0,1.0,0.0
1607739,0.0,0.0,1.0,0.0,1.0,2.0,0.0
1607742,0.0,0.0,1.0,0.0,2.0,2.0,0.0
1608188,0.0,0.0,2.0,0.0,2.0,2.0,0.0
1608239,0.0,0.0,2.0,0.0,2.0,0.0,0.0
1608242,0.0,0.0,2.0,0.0,0.0,0.0,0.0
1608335,0.0,0.0,2.0,0.0,1.0,0.0,0.0
1608688,0.0,0.0,1.0,0.0,1.0,0.0,0.0
1608835,0.0,0.0,1.0,0.0,0.0,0.0,0.0
1608890,0.0,0.0,1.0,0.0,0.0,1.0,0.0
1608895,0.0,0.0,1.0,0.0,0.0,2.0,0.0
1609395,0.0,0.0,1.0,0.0,0.0,0.0,0.0
1609897,0.0,0.0,1.0,0.0,0.0,1.0,0.0
1609901,0.0,0.0,1.0,0.0,0.0,2.0,0.0
1610401,0.0,0.0,1.0,0.0,0.0,0.0,0.0
1611229,0.0,0.0,1.0,0.0,0.0,1.0,0.0
1611266,0.0,2.0,1.0,0.0,0.0,1.0,0.0
1611729,0.0,2.0,1.0,0.0,0.0,0.0,0.0
1611766,0.0,0.0,1.0,0.0,0.0,0.0,0.0
1611918,0.0,0.0,1.0,0.0,1.0,1.0,0.0
1612418,0.0,0.0,1.0,0.0,0.0,0.0,0.0
1613766,0.0,0.0,1.0,0.0,0.0,1.0,0.0
1614266,0.0,0.0,1.0,0.0,0.0,0.0,0.0
1614607,0.0,0.0,1.0,0.0,0.0,1.0,0.0
1615107,0.0,0.0,1.0,0.0,0.0,0.0,0.0
1615135,0.0,0.0,1.0,0.0,0.0,1.0,0.0
1615144,0.0,0.0,1.0,0.0,0.0,2.0,0.0
1615324,0.0,0.0,1.0,0.0,1.0,2.0,0.0
1615644,0.0,0.0,1.0,0.0,1.0,0.0,0.0
1615781,0.0,0.0,1.0,0.0,1.0,1.0,0.0
1615824,0.0,0.0,1.0,0.0,0.0,1.0,0.0
1616281,0.0,0.0,1.0,0.0,0.0,0.0,0.0
1617767,0.0,0.0,1.0,0.0,0.0,1.0,0.0
1618267,0.0,0.0,1.0,0.0,0.0,0.0,0.0
1618272,0.0,0.0,1.0,0.0,0.0,1.0,0.0
1618772,0.0,0.0,1.0,0.0,0.0,0.0,0.0
1619373,0.0,0.0,1.0,0.0,0.0,1.0,0.0
1619382,0.0,0.0,1.0,0.0,0.0,2.0,0.0
1619882,0.0,0.0,1.0,0.0,0.0,0.0,0.0
1620003,0.0,0.0,1.0,0.0,0.0,1.0,0.0
1620503,0.0,0.0,1.0,0.0,0.0,0.0,0.0
1620861,0.0,0.0,1.0,0.0,0.0,1.0,0.0
1621361,0.0,0.0,1.0,0.0,0.0,0.0,0.0
1621564,0.0,0.0,1.0,0.0,0.0,1.0,0.0
1622064,0.0,0.0,1.0,0.0,0.0,0.0,0.0
1622071,0.0,0.0,1.0,0.0,0.0,1.0,0.0
1622571,0.0,0.0,1.0,0.0,0.0,0.0,0.0
1622579,0.0,0.0,1.0,0.0,0.0,1.0,0.0
1622850,0.0,0.0,1.0,0.0,0.0,2.0,0.0
1623350,0.0,0.0,1.0,0.0,0.0,0.0,0.0
1623602,0.0,0.0,1.0,0.0,0.0,1.0,0.0
1624102,0.0,0.0,1.0,0.0,0.0,0.0,0.0
1624153,0.0,0.0,1.0,0.0,0.0,1.0,0.0
1624653,0.0,0.0,1.0,0.0,0.0,0.0,0.0
1624747,0.0,0.0,1.0,0.0,0.0,1.0,0.0
1625159,0.0,0.0,1.0,0.0,0.0,2.0,0.0
1625495,0.0,2.0,1.0,0.0,0.0,2.0,0.0
1625659,0.0,2.0,1.0,0.0,0.0,0.0,0.0
1625995,0.0,0.0,1.0,0.0,0.0,0.0,0.0
1627927,0.0,0.0,1.0,0.0,0.0,1.0,0.0
1628427,0.0,0.0,1.0,0.0,0.0,0.0,0.0
1629072,0.0,0.0,1.0,0.0,0.0,1.0,0.0
1629572,0.0,0.0,1.0,0.0,0.0,0.0,0.0
1630206,0.0,0.0,1.0,0.0,0.0,1.0,0.0
1630210,0.0,0.0,1.0,0.0,0.0,2.0,0.0
1630710,0.0,0.0,1.0,0.0,0.0,0.0,0.0
1630845,0.0,0.0,1.0,0.0,0.0,1.0,0.0
1630875,0.0,0.0,1.0,0.0,0.0,2.0,0.0
1631375,0.0,0.0,1.0,0.0,0.0,0.0,0.0
1632448,0.0,0.0,1.0,0.0,0.0,1.0,0.0
1632450,0.0,0.0,1.0,0.0,0.0,2.0,0.0
1632950,0.0,0.0,1.0,0.0,0.0,0.0,0.0
1634407,0.0,0.0,1.0,0.0,0.0,1.0,0.0
1634907,0.0,0.0,1.0,0.0,0.0,0.0,0.0
1634916,0.0,0.0,1.0,0.0,0.0,1.0,0.0
1635416,0.0,0.0,1.0,0.0,0.0,0.0,0.0
1635988,0.0,0.0,1.0,0.0,0.0,1.0,0.0
1636355,0.0,0.0,1.0,0.0,0.0,2.0,0.0
1636855,0.0,0.0,1.0,0.0,0.0,0.0,0.0
1637072,0.0,0.0,1.0,0.0,0.0,1.0,0.0
1637572,0.0,0.0,1.0,0.0,0.0,0.0,0.0
1638009,0.0,0.0,1.0,0.0,0.0,1.0,0.0
1638016,0.0,0.0,1.0,0.0,0.0,2.0,0.0
1638516,0.0,0.0,1.0,0.0,0.0,0.0,0.0
1638920,0.0,0.0,1.0,0.0,0.0,1.0,0.0
1639420,0.0,0.0,1.0,0.0,0.0,0.0,0.0
1640585,0.0,0.0,1.0,0.0,0.0,1.0,0.0
1641085,0.0,0.0,1.0,0.0,0.0,0.0,0.0
1641089,0.0,0.0,1.0,0.0,0.0,1.0,0.0
1641589,0.0,0.0,1.0,0.0,0.0,0.0,0.0
1642246,0.0,0.0,1.0,0.0,0.0,1.0,0.0
1642746,0.0,0.0,1.0,0.0,0.0,0.0,0.0
1642769,0.0,0.0,1.0,0.0,0.0,1.0,0.0
1643269,0.0,0.0,1.0,0.0,0.0,0.0,0.0
1643428,0.0,0.0,1.0,0.0,0.0,1.0,0.0
1643928,0.0,0.0,1.0,0.0,0.0,0.0,0.0
1644278,0.0,0.0,1.0,0.0,0.0,1.0,0.0
1644754,0.0,0.0,1.0,0.0,0.0,2.0,0.0
1645254,0.0,0.0,1.0,0.0,0.0,0.0,0.0
1646984,0.0,0.0,1.0,0.0,0.0,1.0,0.0
1646986,0.0,0.0,1.0,0.0,0.0,2.0,0.0
1647486,0.0,0.0,1.0,0.0,0.0,0.0,0.0
1650130,0.0,0.0,1.0,0.0,0.0,1.0,0.0
1650630,0.0,0.0,1.0,0.0,0.0,0.0,0.0
1650732,0.0,0.0,1.0,0.0,0.0,1.0,0.0
1651232,0.0,0.0,1.0,0.0,0.0,0.0,0.0
1651625,0.0,0.0,1.0,0.0,0.0,1.0,0.0
1652125,0.0,0.0,1.0,0.0,0.0,0.0,0.0
1653556,0.0,0.0,1.0,0.0,0.0,1.0,0.0
1653573,0.0,0.0,1.0,0.0,0.0,2.0,0.0
1654073,0.0,0.0,1.0,0.0,0.0,0.0,0.0
1654313,0.0,2.0,1.0,0.0,0.0,0.0,0.0
1654813,0.0,0.0,1.0,0.0,0.0,0.0,0.0
1654986,0.0,0.0,1.0,0.0,0.0,1.0,0.0
1655486,0.0,0.0,1.0,0.0,0.0,0.0,0.0
1655894,0.0,0.0,1.0,0.0,0.0,1.0,0.0
1655901,0.0,0.0,1.0,0.0,0.0,2.0,0.0
1656401,0.0,0.0,1.0,0.0,0.0,0.0,0.0
1657343,0.0,0.0,1.0,0.0,0.0,1.0,0.0
1657345,0.0,0.0,1.0,0.0,0.0,2.0,0.0
1657845,0.0,0.0,1.0,0.0,0.0,0.0,0.0
1658186,0.0,0.0,1.0,0.0,0.0,1.0,0.0
1658516,0.0,0.0,1.0,0.0,0.0,2.0,0.0
1659016,0.0,0.0,1.0,0.0,0.0,0.0,0.0
1659789,0.0,0.0,1.0,0.0,0.0,1.0,0.0
1660289,0.0,0.0,1.0,0.0,0.0,0.0,0.0
1660544,0.0,2.0,1.0,0.0,0.0,0.0,0.0
1661044,0.0,0.0,1.0,0.0,0.0,0.0,0.0
1661133,0.0,0.0,1.0,0.0,0.0,1.0,0.0
1661633,0.0,0.0,1.0,0.0,0.0,0.0,0.0
1662502,0.0,0.0,1.0,0.0,0.0,1.0,0.0
1662575,0.0,0.0,1.0,0.0,0.0,2.0,0.0
1663075,0.0,0.0,1.0,0.0,0.0,0.0,0.0
1663488,0.0,0.0,1.0,0.0,0.0,1.0,0.0
1663988,0.0,0.0,1.0,0.0,0.0,0.0,0.0
1665033,0.0,0.0,1.0,0.0,0.0,1.0,0.0
1665446,0.0,0.0,1.0,0.0,0.0,2.0,0.0
1665946,0.0,0.0,1.0,0.0,0.0,0.0,0.0
1666338,0.0,0.0,1.0,0.0,0.0,1.0,0.0
1666838,0.0,0.0,1.0,0.0,0.0,0.0,0.0
1666996,0.0,0.0,1.0,0.0,0.0,1.0,0.0
1667005,0.0,0.0,1.0,0.0,0.0,2.0,0.0
1667505,0.0,0.0,1.0,0.0,0.0,0.0,0.0
1668784,0.0,0.0,1.0,0.0,0.0,1.0,0.0
1669284,0.0,0.0,1.0,0.0,0.0,0.0,0.0
1670066,0.0,0.0,1.0,0.0,0.0,1.0,0.0
1670566,0.0,0.0,1.0,0.0,0.0,0.0,0.0
1670669,0.0,0.0,1.0,0.0,0.0,1.0,0.0
1670963,0.0,0.0,1.0,0.0,0.0,2.0,0.0
1671463,0.0,0.0,1.0,0.0,0.0,0.0,0.0
1672028,0.0,0.0,1.0,0.0,0.0,1.0,0.0
1672528,0.0,0.0,1.0,0.0,0.0,0.0,0.0
1673025,0.0,0.0,1.0,0.0,0.0,1.0,0.0
1673027,0.0,0.0,1.0,0.0,0.0,2.0,0.0
1673527,0.0,0.0,1.0,0.0,0.0,0.0,0.0
1674929,0.0,0.0,1.0,0.0,0.0,1.0,0.0
1675209,0.0,0.0,1.0,0.0,0.0,2.0,0.0
1675709,0.0,0.0,1.0,0.0,0.0,1.0,0.0
1675710,0.0,0.0,1.0,0.0,0.0,2.0,0.0
1675756,0.0,2.0,1.0,0.0,0.0,2.0,0.0
1676210,0.0,2.0,1.0,0.0,0.0,0.0,0.0
1676256,0.0,0.0,1.0,0.0,0.0,0.0,0.0
1677291,0.0,0.0,1.0,0.0,0.0,1.0,0.0
1677791,0.0,0.0,1.0,0.0,0.0,0.0,0.0
1677843,0.0,0.0,1.0,0.0,0.0,1.0,0.0
1678343,0.0,0.0,1.0,0.0,0.0,0.0,0.0
1678435,0.0,0.0,1.0,0.0,0.0,1.0,0.0
1678439,0.0,0.0,1.0,0.0,0.0,2.0,0.0
1678939,0.0,0.0,1.0,0.0,0.0,0.0,0.0
1679687,0.0,0.0,1.0,0.0,0.0,1.0,0.0
1680187,0.0,0.0,1.0,0.0,0.0,0.0,0.0
1680774,0.0,0.0,1.0,0.0,0.0,1.0,0.0
1681274,0.0,0.0,1.0,0.0,0.0,0.0,0.0
1681576,0.0,0.0,1.0,0.0,0.0,1.0,0.0
1681684,0.0,0.0,1.0,0.0,0.0,2.0,0.0
1681720,0.0,2.0,1.0,0.0,0.0,2.0,0.0
1682184,0.0,2.0,1.0,0.0,0.0,0.0,0.0
1682220,0.0,0.0,1.0,0.0,0.0,0.0,0.0
1682717,0.0,0.0,1.0,0.0,0.0,1.0,0.0
1683069,0.0,0.0,1.0,0.0,0.0,2.0,0.0
1683569,0.0,0.0,1.0,0.0,0.0,0.0,0.0
1683654,0.0,0.0,1.0,0.0,0.0,1.0,0.0
1684154,0.0,0.0,1.0,0.0,0.0,0.0,0.0
1684962,0.0,0.0,1.0,0.0,0.0,1.0,0.0
1684973,0.0,0.0,1.0,0.0,0.0,2.0,0.0
1684976,0.0,0.0,1.0,0.0,1.0,2.0,0.0
1685473,0.0,0.0,1.0,0.0,1.0,0.0,0.0
1685476,0.0,0.0,1.0,0.0,0.0,0.0,0.0
1688085,0.0,0.0,1.0,0.0,0.0,1.0,0.0
1688585,0.0,0.0,1.0,0.0,0.0,0.0,0.0
1688838,0.0,0.0,1.0,0.0,0.0,1.0,0.0
1689338,0.0,0.0,1.0,0.0,0.0,0.0,0.0
1690011,0.0,0.0,1.0,0.0,0.0,1.0,0.0
1690013,0.0,0.0,1.0,0.0,0.0,2.0,0.0
1690513,0.0,0.0,1.0,0.0,0.0,0.0,0.0
1690853,0.0,0.0,1.0,0.0,0.0,1.0,0.0
1691353,0.0,0.0,1.0,0.0,0.0,0.0,0.0
1691530,0.0,0.0,1.0,0.0,0.0,1.0,0.0
1691835,0.0,0.0,1.0,0.0,0.0,2.0,0.0
1692335,0.0,0.0,1.0,0.0,0.0,0.0,0.0
1692562,0.0,0.0,1.0,0.0,0.0,1.0,0.0
1693062,0.0,0.0,1.0,0.0,0.0,0.0,0.0
1693833,0.0,0.0,1.0,0.0,0.0,1.0,0.0
1693842,0.0,0.0,1.0,0.0,0.0,2.0,0.0
1694342,0.0,0.0,1.0,0.0,0.0,0.0,0.0
1694879,0.0,0.0,1.0,0.0,0.0,1.0,0.0
1695379,0.0,0.0,1.0,0.0,0.0,0.0,0.0
1695428,0.0,0.0,1.0,0.0,0.0,1.0,0.0
1695432,0.0,0.0,1.0,0.0,0.0,2.0,0.0
1695932,0.0,0.0,1.0,0.0,0.0,0.0,0.0
1695967,0.0,0.0,1.0,0.0,0.0,1.0,0.0
1696467,0.0,0.0,1.0,0.0,0.0,0.0,0.0
1696513,0.0,0.0,1.0,0.0,0.0,1.0,0.0
1696574,0.0,0.0,1.0,0.0,0.0,2.0,0.0
1697074,0.0,0.0,1.0,0.0,0.0,0.0,0.0
1698514,0.0,0.0,1.0,0.0,0.0,1.0,0.0
1698862,0.0,0.0,1.0,0.0,0.0,2.0,0.0
1699362,0.0,0.0,1.0,0.0,0.0,0.0,0.0
1699521,0.0,0.0,1.0,0.0,0.0,1.0,0.0
1699653,0.0,0.0,1.0,0.0,0.0,2.0,0.0
1700153,0.0,0.0,1.0,0.0,0.0,0.0,0.0
1700860,0.0,0.0,1.0,0.0,0.0,1.0,0.0
1700921,0.0,0.0,1.0,0.0,1.0,1.0,0.0
1701360,0.0,0.0,1.0,0.0,1.0,0.0,0.0
1701421,0.0,0.0,1.0,0.0,0.0,0.0,0.0
1702604,0.0,0.0,1.0,0.0,0.0,1.0,0.0
1703104,0.0,0.0,1.0,0.0,0.0,0.0,0.0
1703327,0.0,0.0,1.0,0.0,1.0,1.0,0.0
1703827,0.0,0.0,1.0,0.0,0.0,0.0,0.0
1704513,0.0,0.0,1.0,0.0,0.0,1.0,0.0
1704517,0.0,0.0,1.0,0.0,0.0,2.0,0.0
1705017,0.0,0.0,1.0,0.0,0.0,0.0,0.0
1705896,0.0,0.0,1.0,0.0,1.0,0.0,0.0
1706396,0.0,0.0,1.0,0.0,0.0,0.0,0.0
1710055,0.0,0.0,1.0,0.0,0.0,1.0,0.0
1710555,0.0,0.0,1.0,0.0,0.0,0.0,0.0
1712156,0.0,0.0,1.0,0.0,0.0,1.0,0.0
1712656,0.0,0.0,1.0,0.0,0.0,0.0,0.0
1712743,0.0,0.0,1.0,0.0,0.0,1.0,0.0
1713243,0.0,0.0,1.0,0.0,0.0,0.0,0.0
1716671,0.0,0.0,1.0,0.0,0.0,1.0,0.0
1717171,0.0,0.0,1.0,0.0,0.0,0.0,0.0
1717188,0.0,0.0,0.0,0.0,0.0,0.0,0.0
1717251,0.0,0.0,0.0,0.0,0.0,1.0,0.0
1717751,0.0,0.0,0.0,0.0,0.0,0.0,0.0
1718744,0.0,0.0,0.0,0.0,0.0,1.0,0.0
1719244,0.0,0.0,0.0,0.0,0.0,0.0,0.0
1719254,0.0,0.0,0.0,0.0,0.0,1.0,0.0
1719754,0.0,0.0,0.0,0.0,0.0,0.0,0.0
1722081,0.0,0.0,0.0,0.0,0.0,1.0,0.0
1722581,0.0,0.0,0.0,0.0,0.0,0.0,0.0
1724098,0.0,0.0,0.0,0.0,0.0,1.0,0.0
1724598,0.0,0.0,0.0,0.0,0.0,0.0,0.0
1724978,0.0,0.0,0.0,0.0,0.0,1.0,0.0
1725478,0.0,0.0,0.0,0.0,0.0,0.0,0.0
1726123,0.0,0.0,0.0,0.0,0.0,1.0,0.0
1726131,0.0,0.0,0.0,0.0,0.0,2.0,0.0
1726631,0.0,0.0,0.0,0.0,0.0,0.0,0.0
1728876,0.0,0.0,0.0,0.0,0.0,1.0,0.0
1729376,0.0,0.0,0.0,0.0,0.0,0.0,0.0
1730319,0.0,0.0,0.0,0.0,0.0,1.0,0.0
1730323,0.0,0.0,0.0,0.0,0.0,2.0,0.0
1730823,0.0,0.0,0.0,0.0,0.0,0.0,0.0
1734161,0.0,0.0,0.0,0.0,0.0,1.0,0.0
1734661,0.0,0.0,0.0,0.0,0.0,0.0,0.0
1735464,0.0,0.0,0.0,0.0,0.0,1.0,0.0
1735964,0.0,0.0,0.0,0.0,0.0,0.0,0.0
1737403,0.0,0.0,0.0,0.0,0.0,1.0,0.0
1737903,0.0,0.0,0.0,0.0,0.0,0.0,0.0
1743790,0.0,0.0,0.0,0.0,0.0,1.0,0.0
1744290,0.0,0.0,0.0,0.0,0.0,0.0,0.0
1748643,0.0,0.0,0.0,0.0,0.0,1.0,0.0
1749143,0.0,0.0,0.0,0.0,0.0,0.0,0.0
1751584,0.0,0.0,0.0,0.0,0.0,1.0,0.0
1752084,0.0,0.0,0.0,0.0,0.0,0.0,0.0
1752448,0.0,0.0,0.0,0.0,0.0,1.0,0.0
1752948,0.0,0.0,0.0,0.0,0.0,0.0,0.0
1753702,0.0,0.0,0.0,0.0,0.0,1.0,0.0
1754202,0.0,0.0,0.0,0.0,0.0,0.0,0.0
1754837,0.0,0.0,0.0,0.0,0.0,1.0,0.0
1755337,0.0,0.0,0.0,0.0,0.0,0.0,0.0
1760641,0.0,0.0,0.0,0.0,0.0,1.0,0.0
1760643,0.0,0.0,0.0,0.0,0.0,2.0,0.0
1761143,0.0,0.0,0.0,0.0,0.0,0.0,0.0
1761387,0.0,0.0,0.0,0.0,0.0,1.0,0.0
1761887,0.0,0.0,0.0,0.0,0.0,0.0,0.0
1768348,0.0,0.0,0.0,0.0,1.0,0.0,0.0
1768848,0.0,0.0,0.0,0.0,0.0,0.0,0.0
1769053,0.0,0.0,0.0,0.0,0.0,1.0,0.0
1769553,0.0,0.0,0.0,0.0,0.0,0.0,0.0
1772186,0.0,0.0,0.0,0.0,0.0,1.0,0.0
1772189,0.0,0.0,0.0,0.0,1.0,1.0,0.0
1772686,0.0,0.0,0.0,0.0,1.0,0.0,0.0
1772689,0.0,0.0,0.0,0.0,0.0,0.0,0.0
1774041,0.0,0.0,0.0,0.0,0.0,1.0,0.0
1774541,0.0,0.0,0.0,0.0,0.0,0.0,0.0
1779737,0.0,0.0,0.0,0.0,1.0,1.0,0.0
1780237,0.0,0.0,0.0,0.0,0.0,0.0,0.0
1782973,0.0,0.0,0.0,0.0,0.0,1.0,0.0
1783473,0.0,0.0,0.0,0.0,0.0,0.0,0.0
1783593,0.0,0.0,0.0,0.0,0.0,1.0,0.0
1784093,0.0,0.0,0.0,0.0,0.0,0.0,0.0
1785722,0.0,0.0,0.0,0.0,0.0,1.0,0.0
1786222,0.0,0.0,0.0,0.0,0.0,0.0,0.0
1787326,0.0,0.0,0.0,0.0,0.0,1.0,0.0
1787826,0.0,0.0,0.0,0.0,0.0,0.0,0.0
1788037,0.0,0.0,0.0,0.0,0.0,1.0,0.0
1788039,0.0,0.0,0.0,0.0,0.0,2.0,0.0
1788539,0.0,0.0,0.0,0.0,0.0,0.0,0.0
1789795,0.0,0.0,0.0,0.0,0.0,1.0,0.0
1790295,0.0,0.0,0.0,0.0,0.0,0.0,0.0
1791747,0.0,0.0,0.0,0.0,0.0,1.0,0.0
1792247,0.0,0.0,0.0,0.0,0.0,0.0,0.0
1795109,0.0,0.0,0.0,0.0,0.0,1.0,0.0
1795609,0.0,0.0,0.0,0.0,0.0,0.0,0.0
1795947,0.0,0.0,0.0,0.0,0.0,1.0,0.0
1796447,0.0,0.0,0.0,0.0,0.0,0.0,0.0
1798009,0.0,0.0,0.0,0.0,0.0,1.0,0.0
1798509,0.0,0.0,0.0,0.0,0.0,0.0,0.0
1800382,0.0,0.0,0.0,0.0,0.0,1.0,0.0
1800882,0.0,0.0,0.0,0.0,0.0,0.0,0.0
1801509,0.0,0.0,0.0,0.0,0.0,1.0,0.0
1801700,0.0,0.0,0.0,0.0,0.0,1.0,1.0
1801858,0.0,0.0,0.0,0.0,0.0,2.0,1.0
1801919,2.0,0.0,0.0,0.0,0.0,2.0,1.0
1802095,2.0,2.0,0.0,0.0,0.0,2.0,1.0
1802200,2.0,2.0,0.0,0.0,0.0,2.0,0.0
1802358,2.0,2.0,0.0,0.0,0.0,0.0,0.0
1802419,0.0,2.0,0.0,0.0,0.0,0.0,0.0
1802595,0.0,0.0,0.0,0.0,0.0,0.0,0.0
1802737,0.0,0.0,0.0,0.0,1.0,0.0,0.0
1802851,0.0,0.0,0.0,0.0,1.0,1.0,0.0
1802933,0.0,0.0,0.0,0.0,2.0,1.0,0.0
1803273,0.0,0.0,0.0,0.0,2.0,2.0,0.0
1803295,2.0,0.0,0.0,0.0,2.0,2.0,0.0
1803433,2.0,0.0,0.0,0.0,0.0,2.0,0.0
1803773,2.0,0.0,0.0,0.0,0.0,0.0,0.0
1803795,0.0,0.0,0.0,0.0,0.0,0.0,0.0
1804455,0.0,0.0,1.0,0.0,0.0,0.0,0.0
1804470,0.0,0.0,1.0,0.0,0.0,1.0,0.0
1804970,0.0,0.0,1.0,0.0,0.0,0.0,0.0
1804979,0.0,0.0,1.0,0.0,0.0,1.0,0.0
1805479,0.0,0.0,1.0,0.0,0.0,0.0,0.0
1805602,0.0,0.0,1.0,0.0,0.0,1.0,0.0
1805610,0.0,0.0,1.0,0.0,0.0,2.0,0.0
1806110,0.0,0.0,1.0,0.0,0.0,0.0,0.0
1806844,0.0,0.0,1.0,0.0,0.0,1.0,0.0
1806849,0.0,0.0,1.0,0.0,0.0,2.0,0.0
1806850,0.0,0.0,2.0,0.0,0.0,2.0,0.0
1807349,0.0,0.0,2.0,0.0,0.0,0.0,0.0
1807350,0.0,0.0,0.0,0.0,0.0,0.0,0.0
1807356,0.0,0.0,1.0,0.0,0.0,0.0,0.0
1807369,0.0,0.0,1.0,0.0,0.0,1.0,0.0
1807856,0.0,0.0,0.0,0.0,0.0,1.0,0.0
1807869,0.0,0.0,0.0,0.0,0.0,0.0,0.0
1808035,0.0,0.0,1.0,0.0,0.0,0.0,0.0
1808077,0.0,0.0,1.0,0.0,0.0,1.0,0.0
1808535,0.0,0.0,0.0,0.0,0.0,1.0,0.0
1808577,0.0,0.0,0.0,0.0,0.0,0.0,0.0
1809044,0.0,0.0,0.0,0.0,0.0,1.0,0.0
1809544,0.0,0.0,0.0,0.0,0.0,0.0,0.0
1809581,0.0,0.0,0.0,0.0,0.0,1.0,0.0
1810081,0.0,0.0,0.0,0.0,0.0,0.0,0.0
1810148,0.0,0.0,0.0,0.0,0.0,1.0,0.0
1810648,0.0,0.0,0.0,0.0,0.0,0.0,0.0
1811361,0.0,0.0,0.0,0.0,0.0,1.0,0.0
1811861,0.0,0.0,0.0,0.0,0.0,0.0,0.0
1812019,0.0,0.0,0.0,0.0,0.0,1.0,0.0
1812165,0.0,0.0,0.0,0.0,0.0,2.0,0.0
1812665,0.0,0.0,0.0,0.0,0.0,0.0,0.0
1812842,0.0,0.0,0.0,0.0,0.0,1.0,0.0
1812849,0.0,0.0,0.0,0.0,0.0,2.0,0.0
1813349,0.0,0.0,0.0,0.0,0.0,0.0,0.0
1814284,0.0,0.0,0.0,0.0,0.0,1.0,0.0
1814798,0.0,0.0,0.0,0.0,0.0,2.0,0.0
1815298,0.0,0.0,0.0,0.0,0.0,0.0,0.0
1815438,0.0,0.0,0.0,0.0,0.0,1.0,0.0
1815455,0.0,0.0,0.0,0.0,0.0,2.0,0.0
1815955,0.0,0.0,0.0,0.0,0.0,0.0,0.0
1817081,0.0,0.0,0.0,0.0,0.0,1.0,0.0
1817083,0.0,0.0,0.0,0.0,0.0,2.0,0.0
1817583,0.0,0.0,0.0,0.0,0.0,0.0,0.0
1817683,0.0,0.0,0.0,0.0,0.0,1.0,0.0
1818183,0.0,0.0,0.0,0.0,0.0,0.0,0.0
1819193,0.0,0.0,0.0,0.0,0.0,1.0,0.0
1819693,0.0,0.0,0.0,0.0,0.0,0.0,0.0
1820172,0.0,0.0,0.0,0.0,0.0,1.0,0.0
1820177,0.0,0.0,0.0,0.0,0.0,2.0,0.0
1820375,0.0,2.0,0.0,0.0,0.0,2.0,0.0
1820677,0.0,2.0,0.0,0.0,0.0,0.0,0.0
1820797,0.0,2.0,0.0,0.0,0.0,1.0,0.0
1820817,0.0,2.0,0.0,0.0,0.0,2.0,0.0
1820875,0.0,0.0,0.0,0.0,0.0,2.0,0.0
1821317,0.0,0.0,0.0,0.0,0.0,0.0,0.0
1822009,0.0,0.0,0.0,0.0,0.0,1.0,0.0
1822509,0.0,0.0,0.0,0.0,0.0,0.0,0.0
1822520,0.0,0.0,0.0,0.0,0.0,1.0,0.0
1822524,0.0,0.0,0.0,0.0,0.0,2.0,0.0
1823024,0.0,0.0,0.0,0.0,0.0,0.0,0.0
1823850,0.0,0.0,0.0,0.0,0.0,1.0,0.0
1824290,0.0,2.0,0.0,0.0,0.0,1.0,0.0
1824350,0.0,2.0,0.0,0.0,0.0,0.0,0.0
1824430,0.0,2.0,0.0,0.0,0.0,1.0,0.0
1824521,0.0,2.0,0.0,0.0,0.0,2.0,0.0
1824790,0.0,0.0,0.0,0.0,0.0,2.0,0.0
1825021,0.0,0.0,0.0,0.0,0.0,0.0,0.0
1826440,0.0,0.0,0.0,0.0,0.0,1.0,0.0
1826548,0.0,0.0,0.0,0.0,0.0,2.0,0.0
1827048,0.0,0.0,0.0,0.0,0.0,0.0,0.0
1827052,0.0,0.0,0.0,0.0,0.0,1.0,0.0
1827552,0.0,0.0,0.0,0.0,0.0,0.0,0.0
1827967,0.0,0.0,0.0,0.0,0.0,1.0,0.0
1828067,0.0,0.0,0.0,0.0,0.0,2.0,0.0
1828567,0.0,0.0,0.0,0.0,0.0,0.0,0.0
1828685,0.0,0.0,0.0,0.0,0.0,1.0,0.0
1829185,0.0,0.0,0.0,0.0,0.0,0.0,0.0
1829384,0.0,0.0,0.0,0.0,0.0,1.0,0.0
1829884,0.0,0.0,0.0,0.0,0.0,0.0,0.0
1830578,0.0,0.0,0.0,0.0,0.0,1.0,0.0
1831078,0.0,0.0,0.0,0.0,0.0,0.0,0.0
1831627,0.0,0.0,0.0,0.0,0.0,1.0,0.0
1832112,0.0,0.0,0.0,0.0,0.0,2.0,0.0
1832612,0.0,0.0,0.0,0.0,0.0,0.0,0.0
1832853,0.0,0.0,0.0,0.0,0.0,1.0,0.0
1833353,0.0,0.0,0.0,0.0,0.0,0.0,0.0
1834089,0.0,0.0,0.0,0.0,0.0,1.0,0.0
1834589,0.0,0.0,0.0,0.0,0.0,0.0,0.0
1835270,0.0,0.0,0.0,0.0,0.0,1.0,0.0
1835770,0.0,0.0,0.0,0.0,0.0,0.0,0.0
1835873,0.0,0.0,0.0,0.0,0.0,1.0,0.0
1835891,0.0,0.0,0.0,0.0,0.0,2.0,0.0
1836391,0.0,0.0,0.0,0.0,0.0,0.0,0.0
1837041,0.0,0.0,0.0,0.0,0.0,1.0,0.0
1837056,0.0,0.0,0.0,0.0,0.0,2.0,0.0
1837556,0.0,0.0,0.0,0.0,0.0,0.0,0.0
1838133,0.0,0.0,0.0,0.0,0.0,1.0,0.0
1838135,0.0,0.0,0.0,0.0,0.0,2.0,0.0
1838635,0.0,0.0,0.0,0.0,0.0,0.0,0.0
1838835,0.0,0.0,0.0,0.0,0.0,1.0,0.0
1839335,0.0,0.0,0.0,0.0,0.0,0.0,0.0
1839436,0.0,0.0,0.0,0.0,0.0,1.0,0.0
1839936,0.0,0.0,0.0,0.0,0.0,0.0,0.0
1840218,0.0,0.0,0.0,0.0,0.0,1.0,0.0
1840718,0.0,0.0,0.0,0.0,0.0,0.0,0.0
1841056,0.0,0.0,0.0,0.0,0.0,1.0,0.0
1841556,0.0,0.0,0.0,0.0,0.0,0.0,0.0
1841576,0.0,0.0,0.0,0.0,0.0,1.0,0.0
1841818,0.0,0.0,0.0,0.0,0.0,2.0,0.0
1842318,0.0,0.0,0.0,0.0,0.0,0.0,0.0
1842789,0.0,0.0,0.0,0.0,0.0,1.0,0.0
1843289,0.0,0.0,0.0,0.0,0.0,0.0,0.0
1843434,0.0,0.0,0.0,0.0,0.0,1.0,0.0
1843934,0.0,0.0,0.0,0.0,0.0,0.0,0.0
1844109,0.0,0.0,0.0,0.0,0.0,1.0,0.0
1844126,0.0,0.0,0.0,0.0,0.0,2.0,0.0
1844626,0.0,0.0,0.0,0.0,0.0,0.0,0.0
1845564,0.0,0.0,0.0,0.0,0.0,1.0,0.0
1846064,0.0,0.0,0.0,0.0,0.0,0.0,0.0
1846213,0.0,0.0,0.0,0.0,0.0,1.0,0.0
1846386,0.0,0.0,0.0,0.0,0.0,2.0,0.0
1846886,0.0,0.0,0.0,0.0,0.0,0.0,0.0
1847442,0.0,0.0,0.0,0.0,0.0,1.0,0.0
1847447,0.0,0.0,0.0,0.0,0.0,2.0,0.0
1847947,0.0,0.0,0.0,0.0,0.0,0.0,0.0
1849262,0.0,0.0,0.0,0.0,0.0,1.0,0.0
1849762,0.0,0.0,0.0,0.0,0.0,0.0,0.0
1849805,0.0,0.0,0.0,0.0,0.0,1.0,0.0
1850260,0.0,0.0,0.0,0.0,0.0,2.0,0.0
1850760,0.0,0.0,0.0,0.0,0.0,0.0,0.0
1851094,0.0,2.0,0.0,0.0,0.0,0.0,0.0
1851594,0.0,0.0,0.0,0.0,0.0,0.0,0.0
1851733,0.0,0.0,0.0,0.0,0.0,1.0,0.0
1852233,0.0,0.0,0.0,0.0,0.0,0.0,0.0
1852453,0.0,0.0,0.0,0.0,0.0,1.0,0.0
1852455,0.0,0.0,0.0,0.0,0.0,2.0,0.0
1852955,0.0,0.0,0.0,0.0,0.0,0.0,0.0
1853311,0.0,0.0,0.0,0.0,0.0,1.0,0.0
1853811,0.0,0.0,0.0,0.0,0.0,0.0,0.0
1854146,0.0,0.0,0.0,0.0,0.0,1.0,0.0
1854646,0.0,0.0,0.0,0.0,0.0,0.0,0.0
1854801,0.0,0.0,0.0,0.0,0.0,1.0,0.0
1855071,0.0,0.0,0.0,0.0,0.0,2.0,0.0
1855571,0.0,0.0,0.0,0.0,0.0,0.0,0.0
1855815,0.0,0.0,0.0,0.0,0.0,1.0,0.0
1855817,0.0,0.0,0.0,0.0,0.0,2.0,0.0
1856317,0.0,0.0,0.0,0.0,0.0,0.0,0.0
1856766,0.0,0.0,0.0,0.0,0.0,1.0,0.0
1856774,0.0,0.0,0.0,0.0,0.0,2.0,0.0
1857274,0.0,0.0,0.0,0.0,0.0,0.0,0.0
1857892,0.0,0.0,0.0,0.0,0.0,1.0,0.0
1858392,0.0,0.0,0.0,0.0,0.0,0.0,0.0
1858952,0.0,0.0,0.0,0.0,0.0,1.0,0.0
1858954,0.0,0.0,0.0,0.0,0.0,2.0,0.0
1859454,0.0,0.0,0.0,0.0,0.0,0.0,0.0
1859824,0.0,0.0,0.0,0.0,0.0,1.0,0.0
1860039,0.0,0.0,0.0,0.0,0.0,2.0,0.0
1860539,0.0,0.0,0.0,0.0,0.0,0.0,0.0
1860757,0.0,0.0,0.0,0.0,0.0,1.0,0.0
1861257,0.0,0.0,0.0,0.0,0.0,0.0,0.0
1861771,0.0,0.0,0.0,0.0,0.0,1.0,0.0
1862271,0.0,0.0,0.0,0.0,0.0,0.0,0.0
1863020,0.0,0.0,0.0,0.0,0.0,1.0,0.0
1863520,0.0,0.0,0.0,0.0,0.0,0.0,0.0
1863640,0.0,0.0,0.0,0.0,0.0,1.0,0.0
1863713,0.0,0.0,0.0,0.0,0.0,2.0,0.0
1864213,0.0,0.0,0.0,0.0,0.0,0.0,0.0
1864267,0.0,0.0,0.0,0.0,0.0,1.0,0.0
1864276,0.0,0.0,0.0,0.0,0.0,2.0,0.0
1864776,0.0,0.0,0.0,0.0,0.0,0.0,0.0
1865021,0.0,2.0,0.0,0.0,0.0,0.0,0.0
1865024,0.0,2.0,0.0,0.0,0.0,1.0,0.0
1865521,0.0,0.0,0.0,0.0,0.0,1.0,0.0
1865524,0.0,0.0,0.0,0.0,0.0,0.0,0.0
1866469,0.0,0.0,0.0,0.0,0.0,1.0,0.0
1866969,0.0,0.0,0.0,0.0,0.0,0.0,0.0
1867886,0.0,0.0,0.0,0.0,0.0,1.0,0.0
1868386,0.0,0.0,0.0,0.0,0.0,0.0,0.0
1868905,0.0,0.0,0.0,0.0,0.0,1.0,0.0
1869405,0.0,0.0,0.0,0.0,0.0,0.0,0.0
1869941,0.0,0.0,0.0,0.0,0.0,1.0,0.0
1869944,0.0,0.0,0.0,0.0,0.0,2.0,0.0
1870444,0.0,0.0,0.0,0.0,0.0,0.0,0.0
1871546,0.0,0.0,0.0,0.0,0.0,1.0,0.0
1871683,0.0,0.0,0.0,0.0,0.0,2.0,0.0
1872183,0.0,0.0,0.0,0.0,0.0,0.0,0.0
1872427,0.0,0.0,0.0,0.0,0.0,1.0,0.0
1872927,0.0,0.0,0.0,0.0,0.0,0.0,0.0
1873226,0.0,0.0,0.0,0.0,0.0,1.0,0.0
1873726,0.0,0.0,0.0,0.0,0.0,0.0,0.0
1873854,0.0,0.0,0.0,0.0,0.0,1.0,0.0
1873863,0.0,0.0,0.0,0.0,0.0,2.0,0.0
1874363,0.0,0.0,0.0,0.0,0.0,0.0,0.0
1874464,0.0,0.0,0.0,0.0,0.0,1.0,0.0
1874466,0.0,0.0,0.0,0.0,0.0,2.0,0.0
1874966,0.0,0.0,0.0,0.0,0.0,0.0,0.0
1875930,0.0,0.0,0.0,0.0,0.0,1.0,0.0
1876430,0.0,0.0,0.0,0.0,0.0,0.0,0.0
1876743,0.0,0.0,0.0,0.0,0.0,1.0,0.0
1877243,0.0,0.0,0.0,0.0,0.0,0.0,0.0
1877286,0.0,0.0,0.0,0.0,0.0,1.0,0.0
1877510,0.0,0.0,0.0,0.0,0.0,2.0,0.0
1878010,0.0,0.0,0.0,0.0,0.0,0.0,0.0
1878307,0.0,0.0,0.0,0.0,0.0,1.0,0.0
1878729,0.0,0.0,0.0,0.0,0.0,2.0,0.0
1879229,0.0,0.0,0.0,0.0,0.0,0.0,0.0
1879770,0.0,0.0,0.0,0.0,0.0,1.0,0.0
1880270,0.0,0.0,0.0,0.0,0.0,0.0,0.0
1880564,0.0,0.0,0.0,0.0,0.0,1.0,0.0
1881064,0.0,0.0,0.0,0.0,0.0,0.0,0.0
1881381,0.0,0.0,0.0,0.0,0.0,1.0,0.0
1881384,0.0,0.0,0.0,0.0,0.0,2.0,0.0
1881884,0.0,0.0,0.0,0.0,0.0,0.0,0.0
1882221,0.0,0.0,0.0,0.0,0.0,1.0,0.0
1882721,0.0,0.0,0.0,0.0,0.0,0.0,0.0
1883534,0.0,0.0,0.0,0.0,0.0,1.0,0.0
1884034,0.0,0.0,0.0,0.0,0.0,0.0,0.0
1885564,0.0,2.0,0.0,0.0,0.0,0.0,0.0
1886064,0.0,0.0,0.0,0.0,0.0,0.0,0.0
1886185,0.0,0.0,0.0,0.0,0.0,1.0,0.0
1886685,0.0,0.0,0.0,0.0,0.0,0.0,0.0
1887526,0.0,0.0,0.0,0.0,0.0,1.0,0.0
1887919,0.0,0.0,0.0,0.0,0.0,2.0,0.0
1888419,0.0,0.0,0.0,0.0,0.0,0.0,0.0
1889683,0.0,0.0,0.0,0.0,0.0,1.0,0.0
1890183,0.0,0.0,0.0,0.0,0.0,0.0,0.0
1890387,0.0,0.0,0.0,0.0,0.0,1.0,0.0
1890887,0.0,0.0,0.0,0.0,0.0,0.0,0.0
1890970,0.0,0.0,0.0,0.0,0.0,1.0,0.0
1891470,0.0,0.0,0.0,0.0,0.0,0.0,0.0
1891490,0.0,0.0,0.0,0.0,0.0,1.0,0.0
1891990,0.0,0.0,0.0,0.0,0.0,0.0,0.0
1892421,0.0,0.0,0.0,0.0,0.0,1.0,0.0
1892921,0.0,0.0,0.0,0.0,0.0,0.0,0.0
1893144,0.0,0.0,0.0,0.0,0.0,1.0,0.0
1893644,0.0,0.0,0.0,0.0,0.0,0.0,0.0
1893911,0.0,0.0,0.0,0.0,0.0,1.0,0.0
1894009,0.0,0.0,0.0,0.0,0.0,2.0,0.0
1894509,0.0,0.0,0.0,0.0,0.0,0.0,0.0
1894601,0.0,0.0,0.0,0.0,0.0,1.0,0.0
1895101,0.0,0.0,0.0,0.0,0.0,0.0,0.0
1895968,0.0,0.0,0.0,0.0,0.0,1.0,0.0
1896468,0.0,0.0,0.0,0.0,0.0,0.0,0.0
1896675,0.0,0.0,0.0,0.0,0.0,1.0,0.0
1896680,0.0,0.0,0.0,0.0,0.0,2.0,0.0
1897180,0.0,0.0,0.0,0.0,0.0,0.0,0.0
1897320,0.0,0.0,0.0,0.0,0.0,1.0,0.0
1897820,0.0,0.0,0.0,0.0,0.0,0.0,0.0
1898327,0.0,0.0,0.0,0.0,0.0,1.0,0.0
1898362,0.0,2.0,0.0,0.0,0.0,1.0,0.0
1898827,0.0,2.0,0.0,0.0,0.0,0.0,0.0
1898862,0.0,0.0,0.0,0.0,0.0,0.0,0.0
1898920,0.0,0.0,0.0,0.0,0.0,1.0,0.0
1899420,0.0,0.0,0.0,0.0,0.0,0.0,0.0
1899669,0.0,0.0,0.0,0.0,0.0,1.0,0.0
1900169,0.0,0.0,0.0,0.0,0.0,0.0,0.0
1900332,0.0,0.0,0.0,0.0,0.0,1.0,0.0
1900407,0.0,0.0,0.0,0.0,0.0,2.0,0.0
1900907,0.0,0.0,0.0,0.0,0.0,0.0,0.0
1900914,0.0,0.0,0.0,0.0,0.0,1.0,0.0
1901414,0.0,0.0,0.0,0.0,0.0,0.0,0.0
1901641,0.0,0.0,0.0,0.0,1.0,0.0,0.0
1901642,0.0,0.0,0.0,0.0,1.0,1.0,0.0
1901643,0.0,0.0,0.0,0.0,2.0,1.0,0.0
1902142,0.0,0.0,0.0,0.0,2.0,0.0,0.0
1902143,0.0,0.0,0.0,0.0,0.0,0.0,0.0
1902797,0.0,0.0,0.0,0.0,1.0,0.0,0.0
1903297,0.0,0.0,0.0,0.0,0.0,0.0,0.0
1909210,0.0,0.0,0.0,0.0,0.0,1.0,0.0
1909212,0.0,0.0,0.0,0.0,0.0,2.0,0.0
1909712,0.0,0.0,0.0,0.0,0.0,0.0,0.0
1911790,0.0,0.0,0.0,0.0,0.0,1.0,0.0
1912290,0.0,0.0,0.0,0.0,0.0,0.0,0.0
1917106,0.0,0.0,0.0,0.0,0.0,1.0,0.0
1917606,0.0,0.0,0.0,0.0,0.0,0.0,0.0
1918693,0.0,0.0,0.0,0.0,0.0,1.0,0.0
1918697,0.0,0.0,0.0,0.0,0.0,2.0,0.0
1919197,0.0,0.0,0.0,0.0,0.0,0.0,0.0
1921191,0.0,0.0,0.0,0.0,1.0,1.0,0.0
1921691,0.0,0.0,0.0,0.0,0.0,0.0,0.0
1923059,0.0,0.0,0.0,0.0,0.0,1.0,0.0
1923559,0.0,0.0,0.0,0.0,0.0,0.0,0.0
1923899,0.0,0.0,0.0,0.0,0.0,1.0,0.0
1923901,0.0,0.0,0.0,0.0,0.0,2.0,0.0
1924401,0.0,0.0,0.0,0.0,0.0,0.0,0.0
1925121,0.0,0.0,0.0,0.0,0.0,1.0,0.0
1925124,0.0,0.0,0.0,0.0,0.0,2.0,0.0
1925624,0.0,0.0,0.0,0.0,0.0,0.0,0.0
1927581,0.0,0.0,0.0,0.0,0.0,1.0,0.0
1928081,0.0,0.0,0.0,0.0,0.0,0.0,0.0
1928522,0.0,0.0,0.0,0.0,0.0,1.0,0.0
1928525,0.0,0.0,0.0,0.0,0.0,2.0,0.0
1929025,0.0,0.0,0.0,0.0,0.0,0.0,0.0
1935799,0.0,0.0,0.0,0.0,0.0,1.0,0.0
1936299,0.0,0.0,0.0,0.0,0.0,0.0,0.0
1940347,0.0,0.0,0.0,0.0,0.0,1.0,0.0
1940847,0.0,0.0,0.0,0.0,0.0,0.0,0.0
1942106,0.0,0.0,0.0,0.0,0.0,1.0,0.0
1942171,0.0,0.0,0.0,0.0,0.0,2.0,0.0
1942671,0.0,0.0,0.0,0.0,0.0,0.0,0.0
1945149,0.0,0.0,0.0,0.0,0.0,1.0,0.0
1945649,0.0,0.0,0.0,0.0,0.0,0.0,0.0
1949894,0.0,0.0,0.0,0.0,0.0,1.0,0.0
1949898,0.0,0.0,0.0,0.0,0.0,2.0,0.0
1950398,0.0,0.0,0.0,0.0,0.0,0.0,0.0
1953448,0.0,0.0,0.0,0.0,0.0,1.0,0.0
1953948,0.0,0.0,0.0,0.0,0.0,0.0,0.0
1953972,0.0,0.0,0.0,0.0,0.0,1.0,0.0
1954472,0.0,0.0,0.0,0.0,0.0,0.0,0.0
1959389,0.0,0.0,0.0,0.0,0.0,1.0,0.0
1959889,0.0,0.0,0.0,0.0,0.0,0.0,0.0
1959993,0.0,0.0,0.0,0.0,0.0,1.0,0.0
1960493,0.0,0.0,0.0,0.0,0.0,0.0,0.0
1963491,0.0,0.0,0.0,0.0,0.0,1.0,0.0
1963991,0.0,0.0,0.0,0.0,0.0,0.0,0.0
1965396,0.0,0.0,0.0,0.0,0.0,1.0,0.0
1965896,0.0,0.0,0.0,0.0,0.0,0.0,0.0
1966032,0.0,0.0,0.0,0.0,0.0,1.0,0.0
1966532,0.0,0.0,0.0,0.0,0.0,0.0,0.0
1967437,0.0,0.0,0.0,0.0,0.0,1.0,0.0
1967937,0.0,0.0,0.0,0.0,0.0,0.0,0.0
1968927,0.0,0.0,0.0,0.0,0.0,1.0,0.0
1969427,0.0,0.0,0.0,0.0,0.0,0.0,0.0
1969431,0.0,0.0,0.0,0.0,0.0,1.0,0.0
1969931,0.0,0.0,0.0,0.0,0.0,0.0,0.0
1973066,0.0,0.0,0.0,0.0,0.0,1.0,0.0
1973566,0.0,0.0,0.0,0.0,0.0,0.0,0.0
1975068,0.0,0.0,0.0,0.0,0.0,1.0,0.0
1975568,0.0,0.0,0.0,0.0,0.0,0.0,0.0
1975611,0.0,0.0,0.0,0.0,0.0,1.0,0.0
1975614,0.0,0.0,0.0,0.0,0.0,2.0,0.0
1976114,0.0,0.0,0.0,0.0,0.0,0.0,0.0
1982188,0.0,0.0,0.0,0.0,0.0,1.0,0.0
1982195,0.0,0.0,0.0,0.0,0.0,2.0,0.0
1982695,0.0,0.0,0.0,0.0,0.0,0.0,0.0
1982735,0.0,0.0,0.0,0.0,0.0,1.0,0.0
1982748,0.0,0.0,0.0,0.0,0.0,2.0,0.0
1982751,0.0,0.0,0.0,0.0,1.0,2.0,0.0
1983248,0.0,0.0,0.0,0.0,1.0,0.0,0.0
1983251,0.0,0.0,0.0,0.0,0.0,0.0,0.0
1983506,0.0,0.0,0.0,0.0,0.0,1.0,0.0
1984006,0.0,0.0,0.0,0.0,0.0,0.0,0.0
1987418,0.0,0.0,0.0,0.0,0.0,1.0,0.0
1987918,0.0,0.0,0.0,0.0,0.0,0.0,0.0
1991983,0.0,0.0,0.0,0.0,0.0,1.0,0.0
1992483,0.0,0.0,0.0,0.0,0.0,0.0,0.0
1994917,0.0,0.0,0.0,0.0,0.0,1.0,0.0
1995026,0.0,0.0,0.0,0.0,0.0,2.0,0.0
1995526,0.0,0.0,0.0,0.0,0.0,0.0,0.0
1996124,0.0,0.0,0.0,0.0,0.0,1.0,0.0
1996624,0.0,0.0,0.0,0.0,0.0,0.0,0.0
1997901,0.0,0.0,0.0,0.0,0.0,1.0,0.0
1997906,0.0,0.0,0.0,0.0,0.0,2.0,0.0
1998406,0.0,0.0,0.0,0.0,0.0,0.0,0.0
2001900,0.0,0.0,0.0,0.0,0.0,0.0,1.0
2001979,0.0,0.0,0.0,0.0,0.0,1.0,1.0
2001991,0.0,0.0,0.0,0.0,0.0,2.0,1.0
2002207,2.0,0.0,0.0,0.0,0.0,2.0,1.0
2002287,2.0,0.0,0.0,0.0,1.0,2.0,1.0
2002325,2.0,2.0,0.0,0.0,1.0,2.0,1.0
2002331,2.0,2.0,0.0,0.0,2.0,2.0,1.0
2002400,2.0,2.0,0.0,0.0,2.0,2.0,0.0
2002491,2.0,2.0,0.0,0.0,2.0,0.0,0.0
