,ADWIN,CUSUM,DDM,GeometricMovingAverage,HDDMAverage,HDDMWeighted,Ground-truth
139,0.0,0.0,1.0,0.0,0.0,0.0,0.0
393,0.0,0.0,1.0,0.0,0.0,1.0,0.0
744,0.0,0.0,1.0,0.0,0.0,2.0,0.0
1139,0.0,0.0,0.0,0.0,0.0,2.0,0.0
1184,0.0,0.0,1.0,0.0,0.0,2.0,0.0
1244,0.0,0.0,1.0,0.0,0.0,0.0,0.0
1321,0.0,0.0,1.0,0.0,0.0,1.0,0.0
1821,0.0,0.0,1.0,0.0,0.0,0.0,0.0
2041,0.0,0.0,1.0,0.0,0.0,1.0,0.0
2184,0.0,0.0,0.0,0.0,0.0,1.0,0.0
2541,0.0,0.0,0.0,0.0,0.0,0.0,0.0
2787,0.0,0.0,0.0,0.0,0.0,1.0,0.0
3287,0.0,0.0,0.0,0.0,0.0,0.0,0.0
3298,0.0,0.0,0.0,0.0,0.0,1.0,0.0
3798,0.0,0.0,0.0,0.0,0.0,0.0,0.0
3929,0.0,0.0,0.0,0.0,0.0,1.0,0.0
3977,0.0,0.0,0.0,0.0,0.0,2.0,0.0
4477,0.0,0.0,0.0,0.0,0.0,0.0,0.0
4819,0.0,0.0,0.0,0.0,0.0,1.0,0.0
5085,0.0,0.0,0.0,0.0,0.0,2.0,0.0
5585,0.0,0.0,0.0,0.0,0.0,0.0,0.0
6190,0.0,0.0,0.0,0.0,0.0,1.0,0.0
6194,0.0,0.0,0.0,0.0,0.0,2.0,0.0
6312,0.0,0.0,0.0,0.0,1.0,2.0,0.0
6694,0.0,0.0,0.0,0.0,1.0,0.0,0.0
6812,0.0,0.0,0.0,0.0,0.0,0.0,0.0
7014,0.0,0.0,0.0,0.0,0.0,1.0,0.0
7415,0.0,0.0,0.0,0.0,0.0,2.0,0.0
7915,0.0,0.0,0.0,0.0,0.0,0.0,0.0
8255,0.0,0.0,0.0,0.0,0.0,1.0,0.0
9255,0.0,0.0,0.0,0.0,0.0,0.0,0.0
9609,0.0,0.0,0.0,0.0,0.0,1.0,0.0
10109,0.0,0.0,0.0,0.0,0.0,0.0,0.0
10133,0.0,0.0,0.0,0.0,0.0,1.0,0.0
10228,0.0,0.0,0.0,0.0,0.0,2.0,0.0
10728,0.0,0.0,0.0,0.0,0.0,0.0,0.0
11597,0.0,0.0,0.0,0.0,0.0,1.0,0.0
12035,0.0,0.0,0.0,0.0,0.0,2.0,0.0
12535,0.0,0.0,0.0,0.0,0.0,0.0,0.0
12614,0.0,0.0,0.0,0.0,0.0,1.0,0.0
12692,0.0,2.0,0.0,0.0,0.0,1.0,0.0
13114,0.0,2.0,0.0,0.0,0.0,0.0,0.0
13192,0.0,0.0,0.0,0.0,0.0,0.0,0.0
13577,0.0,0.0,0.0,0.0,0.0,1.0,0.0
14077,0.0,0.0,0.0,0.0,0.0,0.0,0.0
14155,0.0,0.0,0.0,0.0,0.0,1.0,0.0
14655,0.0,0.0,0.0,0.0,0.0,0.0,0.0
15635,0.0,0.0,0.0,0.0,0.0,1.0,0.0
16135,0.0,0.0,0.0,0.0,0.0,0.0,0.0
16472,0.0,0.0,0.0,0.0,0.0,1.0,0.0
16482,0.0,0.0,0.0,0.0,0.0,2.0,0.0
16982,0.0,0.0,0.0,0.0,0.0,0.0,0.0
17058,0.0,0.0,0.0,0.0,0.0,1.0,0.0
17156,0.0,0.0,0.0,0.0,0.0,2.0,0.0
17656,0.0,0.0,0.0,0.0,0.0,0.0,0.0
18008,0.0,0.0,0.0,0.0,0.0,1.0,0.0
18508,0.0,0.0,0.0,0.0,0.0,0.0,0.0
18728,0.0,0.0,0.0,0.0,0.0,1.0,0.0
18737,0.0,2.0,0.0,0.0,0.0,1.0,0.0
18774,0.0,2.0,0.0,0.0,1.0,1.0,0.0
19228,0.0,2.0,0.0,0.0,1.0,0.0,0.0
19237,0.0,0.0,0.0,0.0,1.0,0.0,0.0
19274,0.0,0.0,0.0,0.0,0.0,0.0,0.0
19533,0.0,0.0,0.0,0.0,0.0,1.0,0.0
20033,0.0,0.0,0.0,0.0,0.0,0.0,0.0
20461,0.0,0.0,0.0,0.0,0.0,1.0,0.0
20464,0.0,0.0,0.0,0.0,0.0,2.0,0.0
20964,0.0,0.0,0.0,0.0,0.0,0.0,0.0
20965,0.0,0.0,0.0,0.0,0.0,1.0,0.0
21311,0.0,0.0,0.0,0.0,0.0,2.0,0.0
21811,0.0,0.0,0.0,0.0,0.0,0.0,0.0
22396,0.0,0.0,0.0,0.0,0.0,1.0,0.0
22896,0.0,0.0,0.0,0.0,0.0,0.0,0.0
22998,0.0,0.0,0.0,0.0,0.0,1.0,0.0
23020,0.0,0.0,0.0,0.0,0.0,2.0,0.0
23520,0.0,0.0,0.0,0.0,0.0,0.0,0.0
23765,0.0,0.0,0.0,0.0,0.0,1.0,0.0
23774,0.0,0.0,0.0,0.0,0.0,2.0,0.0
24274,0.0,0.0,0.0,0.0,0.0,0.0,0.0
24726,0.0,0.0,0.0,0.0,0.0,1.0,0.0
24733,0.0,0.0,0.0,0.0,0.0,2.0,0.0
25233,0.0,0.0,0.0,0.0,0.0,0.0,0.0
25331,0.0,0.0,0.0,0.0,0.0,1.0,0.0
25338,0.0,0.0,0.0,0.0,0.0,2.0,0.0
25838,0.0,0.0,0.0,0.0,0.0,0.0,0.0
26047,0.0,0.0,0.0,0.0,0.0,1.0,0.0
26547,0.0,0.0,0.0,0.0,0.0,0.0,0.0
27118,0.0,0.0,0.0,0.0,0.0,1.0,0.0
27218,0.0,0.0,0.0,0.0,0.0,2.0,0.0
27718,0.0,0.0,0.0,0.0,0.0,0.0,0.0
27998,0.0,0.0,0.0,0.0,0.0,1.0,0.0
28336,0.0,0.0,0.0,0.0,0.0,2.0,0.0
28836,0.0,0.0,0.0,0.0,0.0,0.0,0.0
29009,0.0,0.0,0.0,0.0,0.0,1.0,0.0
29012,0.0,0.0,0.0,0.0,0.0,2.0,0.0
29512,0.0,0.0,0.0,0.0,0.0,0.0,0.0
29568,0.0,0.0,0.0,0.0,0.0,1.0,0.0
29571,0.0,0.0,0.0,0.0,0.0,2.0,0.0
30071,0.0,0.0,0.0,0.0,0.0,0.0,0.0
30107,0.0,0.0,0.0,0.0,0.0,1.0,0.0
30607,0.0,0.0,0.0,0.0,0.0,0.0,0.0
30818,0.0,0.0,0.0,0.0,0.0,1.0,0.0
31318,0.0,0.0,0.0,0.0,0.0,0.0,0.0
31664,0.0,0.0,0.0,0.0,0.0,1.0,0.0
31673,0.0,0.0,0.0,0.0,0.0,2.0,0.0
32173,0.0,0.0,0.0,0.0,0.0,0.0,0.0
32771,0.0,0.0,0.0,0.0,0.0,1.0,0.0
33171,0.0,0.0,0.0,0.0,0.0,2.0,0.0
33671,0.0,0.0,0.0,0.0,0.0,0.0,0.0
33820,0.0,0.0,0.0,0.0,0.0,1.0,0.0
34320,0.0,0.0,0.0,0.0,0.0,0.0,0.0
34471,0.0,0.0,0.0,0.0,0.0,1.0,0.0
34971,0.0,0.0,0.0,0.0,0.0,0.0,0.0
35513,0.0,0.0,0.0,0.0,0.0,1.0,0.0
35545,0.0,0.0,0.0,0.0,0.0,2.0,0.0
36045,0.0,0.0,0.0,0.0,0.0,0.0,0.0
36244,0.0,0.0,0.0,0.0,0.0,1.0,0.0
36315,0.0,0.0,0.0,0.0,0.0,2.0,0.0
36815,0.0,0.0,0.0,0.0,0.0,0.0,0.0
37057,0.0,0.0,0.0,0.0,0.0,1.0,0.0
37492,0.0,0.0,0.0,0.0,0.0,2.0,0.0
37992,0.0,0.0,0.0,0.0,0.0,0.0,0.0
39162,0.0,0.0,0.0,0.0,0.0,1.0,0.0
39397,0.0,0.0,0.0,0.0,0.0,2.0,0.0
39897,0.0,0.0,0.0,0.0,0.0,0.0,0.0
40322,0.0,0.0,0.0,0.0,0.0,1.0,0.0
40822,0.0,0.0,0.0,0.0,0.0,0.0,0.0
40990,0.0,0.0,0.0,0.0,0.0,1.0,0.0
41035,0.0,0.0,0.0,0.0,0.0,2.0,0.0
41535,0.0,0.0,0.0,0.0,0.0,0.0,0.0
42062,0.0,0.0,0.0,0.0,0.0,1.0,0.0
42562,0.0,0.0,0.0,0.0,0.0,0.0,0.0
42731,0.0,0.0,0.0,0.0,0.0,1.0,0.0
42737,0.0,0.0,0.0,0.0,0.0,2.0,0.0
43237,0.0,0.0,0.0,0.0,0.0,0.0,0.0
43895,0.0,0.0,0.0,0.0,0.0,1.0,0.0
44395,0.0,0.0,0.0,0.0,0.0,0.0,0.0
44677,0.0,0.0,0.0,0.0,0.0,1.0,0.0
44680,0.0,0.0,0.0,0.0,0.0,2.0,0.0
45180,0.0,0.0,0.0,0.0,0.0,0.0,0.0
45202,0.0,0.0,0.0,0.0,0.0,1.0,0.0
45491,0.0,0.0,0.0,0.0,0.0,2.0,0.0
45991,0.0,0.0,0.0,0.0,0.0,0.0,0.0
46746,0.0,2.0,0.0,0.0,0.0,0.0,0.0
47058,0.0,2.0,0.0,0.0,0.0,1.0,0.0
47246,0.0,0.0,0.0,0.0,0.0,1.0,0.0
47558,0.0,0.0,0.0,0.0,0.0,0.0,0.0
48314,0.0,0.0,0.0,0.0,0.0,1.0,0.0
48814,0.0,0.0,0.0,0.0,0.0,0.0,0.0
49477,0.0,0.0,0.0,0.0,0.0,1.0,0.0
49480,0.0,0.0,0.0,0.0,0.0,2.0,0.0
49980,0.0,0.0,0.0,0.0,0.0,0.0,0.0
50386,0.0,0.0,0.0,0.0,0.0,1.0,0.0
50886,0.0,0.0,0.0,0.0,0.0,0.0,0.0
51151,0.0,0.0,0.0,0.0,0.0,1.0,0.0
51651,0.0,0.0,0.0,0.0,0.0,0.0,0.0
51728,0.0,0.0,0.0,0.0,0.0,1.0,0.0
51850,0.0,0.0,0.0,0.0,0.0,2.0,0.0
52350,0.0,0.0,0.0,0.0,0.0,0.0,0.0
52479,0.0,0.0,0.0,0.0,0.0,1.0,0.0
52486,0.0,0.0,0.0,0.0,0.0,2.0,0.0
52986,0.0,0.0,0.0,0.0,0.0,0.0,0.0
53089,0.0,0.0,0.0,0.0,0.0,1.0,0.0
53173,0.0,2.0,0.0,0.0,0.0,1.0,0.0
53589,0.0,2.0,0.0,0.0,0.0,0.0,0.0
53673,0.0,0.0,0.0,0.0,0.0,0.0,0.0
53778,0.0,0.0,0.0,0.0,0.0,1.0,0.0
54278,0.0,0.0,0.0,0.0,0.0,0.0,0.0
55541,0.0,0.0,0.0,0.0,0.0,1.0,0.0
55641,0.0,0.0,0.0,0.0,0.0,2.0,0.0
56141,0.0,0.0,0.0,0.0,0.0,0.0,0.0
56183,0.0,0.0,0.0,0.0,0.0,1.0,0.0
56683,0.0,0.0,0.0,0.0,0.0,0.0,0.0
56924,0.0,0.0,0.0,0.0,0.0,1.0,0.0
57424,0.0,0.0,0.0,0.0,0.0,0.0,0.0
57721,0.0,0.0,0.0,0.0,0.0,1.0,0.0
58221,0.0,0.0,0.0,0.0,0.0,0.0,0.0
58271,0.0,0.0,0.0,0.0,0.0,1.0,0.0
58771,0.0,0.0,0.0,0.0,0.0,0.0,0.0
58776,0.0,0.0,0.0,0.0,0.0,1.0,0.0
58785,0.0,0.0,0.0,0.0,0.0,2.0,0.0
59285,0.0,0.0,0.0,0.0,0.0,0.0,0.0
59511,0.0,0.0,0.0,0.0,0.0,1.0,0.0
60011,0.0,0.0,0.0,0.0,0.0,0.0,0.0
60311,0.0,0.0,0.0,0.0,0.0,1.0,0.0
60491,0.0,0.0,0.0,0.0,0.0,2.0,0.0
60991,0.0,0.0,0.0,0.0,0.0,0.0,0.0
62876,0.0,0.0,0.0,0.0,0.0,1.0,0.0
63259,0.0,0.0,0.0,0.0,0.0,2.0,0.0
63304,0.0,0.0,0.0,0.0,1.0,2.0,0.0
63759,0.0,0.0,0.0,0.0,1.0,0.0,0.0
63804,0.0,0.0,0.0,0.0,0.0,0.0,0.0
64425,0.0,0.0,0.0,0.0,0.0,1.0,0.0
64925,0.0,0.0,0.0,0.0,0.0,0.0,0.0
66031,0.0,0.0,0.0,0.0,0.0,1.0,0.0
66531,0.0,0.0,0.0,0.0,0.0,0.0,0.0
66668,0.0,0.0,0.0,0.0,0.0,1.0,0.0
67168,0.0,0.0,0.0,0.0,0.0,0.0,0.0
67205,0.0,0.0,0.0,0.0,0.0,1.0,0.0
67243,0.0,0.0,0.0,0.0,0.0,2.0,0.0
67743,0.0,0.0,0.0,0.0,0.0,0.0,0.0
68064,0.0,0.0,0.0,0.0,0.0,1.0,0.0
68076,0.0,0.0,0.0,0.0,0.0,2.0,0.0
68576,0.0,0.0,0.0,0.0,0.0,0.0,0.0
68638,0.0,0.0,0.0,0.0,0.0,1.0,0.0
68777,0.0,0.0,0.0,0.0,0.0,2.0,0.0
69277,0.0,0.0,0.0,0.0,0.0,0.0,0.0
69885,0.0,0.0,0.0,0.0,0.0,1.0,0.0
70385,0.0,0.0,0.0,0.0,0.0,0.0,0.0
71046,0.0,0.0,0.0,0.0,0.0,1.0,0.0
71546,0.0,0.0,0.0,0.0,0.0,0.0,0.0
71576,0.0,0.0,0.0,0.0,0.0,1.0,0.0
71584,0.0,0.0,0.0,0.0,0.0,2.0,0.0
72084,0.0,0.0,0.0,0.0,0.0,0.0,0.0
72275,0.0,0.0,0.0,0.0,0.0,1.0,0.0
72278,0.0,0.0,0.0,0.0,0.0,2.0,0.0
72778,0.0,0.0,0.0,0.0,0.0,0.0,0.0
72839,0.0,0.0,0.0,0.0,0.0,1.0,0.0
73339,0.0,0.0,0.0,0.0,0.0,0.0,0.0
73479,0.0,0.0,0.0,0.0,0.0,1.0,0.0
73979,0.0,0.0,0.0,0.0,0.0,0.0,0.0
75609,0.0,0.0,0.0,0.0,0.0,1.0,0.0
75615,0.0,0.0,0.0,0.0,0.0,2.0,0.0
76115,0.0,0.0,0.0,0.0,0.0,0.0,0.0
76206,0.0,0.0,0.0,0.0,0.0,1.0,0.0
76706,0.0,0.0,0.0,0.0,0.0,0.0,0.0
77658,0.0,0.0,0.0,0.0,0.0,1.0,0.0
77898,0.0,0.0,0.0,0.0,0.0,2.0,0.0
78398,0.0,0.0,0.0,0.0,0.0,0.0,0.0
78990,0.0,0.0,0.0,0.0,0.0,1.0,0.0
79069,0.0,0.0,0.0,0.0,0.0,2.0,0.0
79569,0.0,0.0,0.0,0.0,0.0,0.0,0.0
79953,0.0,0.0,0.0,0.0,0.0,1.0,0.0
80453,0.0,0.0,0.0,0.0,0.0,0.0,0.0
82594,0.0,0.0,0.0,0.0,0.0,1.0,0.0
82615,0.0,0.0,0.0,0.0,0.0,2.0,0.0
82619,0.0,0.0,0.0,0.0,1.0,2.0,0.0
83115,0.0,0.0,0.0,0.0,1.0,0.0,0.0
83119,0.0,0.0,0.0,0.0,0.0,0.0,0.0
83466,0.0,0.0,0.0,0.0,0.0,1.0,0.0
83483,0.0,0.0,0.0,0.0,0.0,2.0,0.0
83983,0.0,0.0,0.0,0.0,0.0,0.0,0.0
84002,0.0,0.0,0.0,0.0,0.0,1.0,0.0
84095,0.0,0.0,0.0,0.0,0.0,2.0,0.0
84595,0.0,0.0,0.0,0.0,0.0,0.0,0.0
84741,0.0,2.0,0.0,0.0,0.0,0.0,0.0
85018,0.0,2.0,0.0,0.0,0.0,1.0,0.0
85092,0.0,2.0,0.0,0.0,0.0,2.0,0.0
85241,0.0,0.0,0.0,0.0,0.0,2.0,0.0
85592,0.0,0.0,0.0,0.0,0.0,0.0,0.0
86343,0.0,0.0,0.0,0.0,0.0,1.0,0.0
86843,0.0,0.0,0.0,0.0,0.0,0.0,0.0
86931,0.0,0.0,0.0,0.0,0.0,1.0,0.0
87265,0.0,0.0,0.0,0.0,0.0,2.0,0.0
87765,0.0,0.0,0.0,0.0,0.0,0.0,0.0
88014,0.0,0.0,0.0,0.0,0.0,1.0,0.0
88068,0.0,0.0,0.0,0.0,0.0,2.0,0.0
88568,0.0,0.0,0.0,0.0,0.0,0.0,0.0
89554,0.0,0.0,0.0,0.0,0.0,1.0,0.0
90054,0.0,0.0,0.0,0.0,0.0,0.0,0.0
90175,0.0,0.0,0.0,0.0,0.0,1.0,0.0
90675,0.0,0.0,0.0,0.0,0.0,0.0,0.0
91124,0.0,0.0,0.0,0.0,0.0,1.0,0.0
91624,0.0,0.0,0.0,0.0,0.0,0.0,0.0
91749,0.0,0.0,0.0,0.0,0.0,1.0,0.0
92249,0.0,0.0,0.0,0.0,0.0,0.0,0.0
93725,0.0,0.0,0.0,0.0,0.0,1.0,0.0
94010,0.0,0.0,0.0,0.0,0.0,2.0,0.0
94510,0.0,0.0,0.0,0.0,0.0,0.0,0.0
94584,0.0,0.0,0.0,0.0,0.0,1.0,0.0
94764,0.0,0.0,0.0,0.0,0.0,2.0,0.0
95264,0.0,0.0,0.0,0.0,0.0,0.0,0.0
95813,0.0,0.0,0.0,0.0,0.0,1.0,0.0
95833,0.0,0.0,0.0,0.0,1.0,1.0,0.0
95905,0.0,0.0,0.0,0.0,1.0,2.0,0.0
96333,0.0,0.0,0.0,0.0,0.0,2.0,0.0
96405,0.0,0.0,0.0,0.0,0.0,0.0,0.0
96666,0.0,0.0,0.0,0.0,0.0,1.0,0.0
97166,0.0,0.0,0.0,0.0,0.0,0.0,0.0
97654,0.0,0.0,0.0,0.0,0.0,1.0,0.0
97657,0.0,0.0,0.0,0.0,1.0,2.0,0.0
98157,0.0,0.0,0.0,0.0,0.0,0.0,0.0
98183,0.0,0.0,0.0,0.0,0.0,1.0,0.0
98659,0.0,0.0,0.0,0.0,0.0,2.0,0.0
99159,0.0,0.0,0.0,0.0,0.0,0.0,0.0
99321,0.0,0.0,0.0,0.0,0.0,1.0,0.0
99411,0.0,0.0,0.0,0.0,0.0,2.0,0.0
99911,0.0,0.0,0.0,0.0,0.0,0.0,0.0
100576,0.0,0.0,0.0,0.0,0.0,1.0,0.0
101076,0.0,0.0,0.0,0.0,0.0,0.0,0.0
102679,0.0,0.0,0.0,0.0,0.0,1.0,0.0
103179,0.0,0.0,0.0,0.0,0.0,0.0,0.0
105577,0.0,0.0,0.0,0.0,0.0,1.0,0.0
105786,0.0,0.0,0.0,0.0,0.0,2.0,0.0
106286,0.0,0.0,0.0,0.0,0.0,0.0,0.0
108183,0.0,0.0,0.0,0.0,0.0,1.0,0.0
108184,0.0,0.0,0.0,0.0,0.0,2.0,0.0
108185,0.0,0.0,0.0,0.0,1.0,2.0,0.0
108684,0.0,0.0,0.0,0.0,1.0,0.0,0.0
108685,0.0,0.0,0.0,0.0,0.0,0.0,0.0
113261,0.0,0.0,0.0,0.0,0.0,1.0,0.0
113308,0.0,0.0,0.0,0.0,0.0,2.0,0.0
113808,0.0,0.0,0.0,0.0,0.0,0.0,0.0
114784,0.0,0.0,0.0,0.0,0.0,1.0,0.0
115284,0.0,0.0,0.0,0.0,0.0,0.0,0.0
116913,0.0,0.0,0.0,0.0,0.0,1.0,0.0
117413,0.0,0.0,0.0,0.0,0.0,0.0,0.0
121787,0.0,0.0,0.0,0.0,0.0,1.0,0.0
122287,0.0,0.0,0.0,0.0,0.0,0.0,0.0
131802,0.0,0.0,0.0,0.0,0.0,1.0,0.0
132302,0.0,0.0,0.0,0.0,0.0,0.0,0.0
138073,0.0,0.0,0.0,0.0,0.0,1.0,0.0
138076,0.0,0.0,0.0,0.0,0.0,2.0,0.0
138576,0.0,0.0,0.0,0.0,0.0,0.0,0.0
138728,0.0,0.0,0.0,0.0,0.0,1.0,0.0
139228,0.0,0.0,0.0,0.0,0.0,0.0,0.0
140429,0.0,0.0,0.0,0.0,0.0,1.0,0.0
140432,0.0,0.0,0.0,0.0,0.0,2.0,0.0
140932,0.0,0.0,0.0,0.0,0.0,0.0,0.0
142684,0.0,0.0,0.0,0.0,0.0,1.0,0.0
143184,0.0,0.0,0.0,0.0,0.0,0.0,0.0
144013,0.0,0.0,0.0,0.0,0.0,1.0,0.0
144513,0.0,0.0,0.0,0.0,0.0,0.0,0.0
148668,0.0,0.0,0.0,0.0,0.0,1.0,0.0
149168,0.0,0.0,0.0,0.0,0.0,0.0,0.0
151029,0.0,0.0,0.0,0.0,0.0,1.0,0.0
151529,0.0,0.0,0.0,0.0,0.0,0.0,0.0
153561,0.0,0.0,0.0,0.0,0.0,1.0,0.0
154061,0.0,0.0,0.0,0.0,0.0,0.0,0.0
154071,0.0,0.0,0.0,0.0,0.0,1.0,0.0
154423,0.0,0.0,0.0,0.0,0.0,2.0,0.0
154923,0.0,0.0,0.0,0.0,0.0,0.0,0.0
156646,0.0,0.0,0.0,0.0,0.0,1.0,0.0
157146,0.0,0.0,0.0,0.0,0.0,0.0,0.0
158025,0.0,0.0,0.0,0.0,0.0,1.0,0.0
158041,0.0,0.0,0.0,0.0,0.0,2.0,0.0
158541,0.0,0.0,0.0,0.0,0.0,0.0,0.0
160934,0.0,0.0,0.0,0.0,0.0,1.0,0.0
161434,0.0,0.0,0.0,0.0,0.0,0.0,0.0
163196,0.0,0.0,0.0,0.0,0.0,1.0,0.0
163696,0.0,0.0,0.0,0.0,0.0,0.0,0.0
163858,0.0,0.0,0.0,0.0,0.0,1.0,0.0
164358,0.0,0.0,0.0,0.0,0.0,0.0,0.0
167144,0.0,0.0,0.0,0.0,0.0,1.0,0.0
167644,0.0,0.0,0.0,0.0,0.0,0.0,0.0
167822,0.0,0.0,0.0,0.0,0.0,1.0,0.0
167824,0.0,0.0,0.0,0.0,0.0,2.0,0.0
168324,0.0,0.0,0.0,0.0,0.0,0.0,0.0
169925,0.0,0.0,0.0,0.0,0.0,1.0,0.0
169938,0.0,0.0,0.0,0.0,0.0,2.0,0.0
170438,0.0,0.0,0.0,0.0,0.0,0.0,0.0
172809,0.0,0.0,0.0,0.0,0.0,1.0,0.0
173309,0.0,0.0,0.0,0.0,0.0,0.0,0.0
175298,0.0,0.0,0.0,0.0,0.0,1.0,0.0
175798,0.0,0.0,0.0,0.0,0.0,0.0,0.0
176749,0.0,0.0,0.0,0.0,0.0,1.0,0.0
177249,0.0,0.0,0.0,0.0,0.0,0.0,0.0
180193,0.0,0.0,0.0,0.0,0.0,1.0,0.0
180693,0.0,0.0,0.0,0.0,0.0,0.0,0.0
181361,0.0,0.0,0.0,0.0,0.0,1.0,0.0
181430,0.0,0.0,0.0,0.0,0.0,2.0,0.0
181930,0.0,0.0,0.0,0.0,0.0,0.0,0.0
184309,0.0,0.0,0.0,0.0,0.0,1.0,0.0
184809,0.0,0.0,0.0,0.0,0.0,0.0,0.0
185493,0.0,0.0,0.0,0.0,0.0,1.0,0.0
185993,0.0,0.0,0.0,0.0,0.0,0.0,0.0
186339,0.0,0.0,0.0,0.0,0.0,1.0,0.0
186839,0.0,0.0,0.0,0.0,0.0,0.0,0.0
189459,0.0,0.0,0.0,0.0,0.0,1.0,0.0
189959,0.0,0.0,0.0,0.0,0.0,0.0,0.0
191080,0.0,0.0,0.0,0.0,0.0,1.0,0.0
191580,0.0,0.0,0.0,0.0,0.0,0.0,0.0
192238,0.0,0.0,0.0,0.0,0.0,1.0,0.0
192738,0.0,0.0,0.0,0.0,0.0,0.0,0.0
192984,0.0,0.0,0.0,0.0,0.0,1.0,0.0
192987,0.0,0.0,0.0,0.0,0.0,2.0,0.0
193487,0.0,0.0,0.0,0.0,0.0,0.0,0.0
195289,0.0,0.0,0.0,0.0,0.0,1.0,0.0
195789,0.0,0.0,0.0,0.0,0.0,0.0,0.0
199166,0.0,0.0,0.0,0.0,0.0,1.0,0.0
199666,0.0,0.0,0.0,0.0,0.0,0.0,0.0
200027,0.0,0.0,0.0,0.0,0.0,1.0,0.0
200527,0.0,0.0,0.0,0.0,0.0,0.0,0.0
201000,0.0,0.0,0.0,0.0,0.0,0.0,1.0
201500,0.0,0.0,0.0,0.0,0.0,0.0,0.0
201527,0.0,0.0,0.0,0.0,0.0,1.0,0.0
201599,2.0,0.0,0.0,0.0,0.0,2.0,0.0
201763,2.0,2.0,0.0,0.0,0.0,2.0,0.0
202049,2.0,2.0,0.0,0.0,1.0,2.0,0.0
202099,0.0,2.0,0.0,0.0,1.0,0.0,0.0
202132,0.0,2.0,0.0,0.0,2.0,0.0,0.0
202147,0.0,2.0,0.0,0.0,2.0,1.0,0.0
202263,0.0,0.0,0.0,0.0,2.0,1.0,0.0
202271,2.0,0.0,0.0,0.0,2.0,1.0,0.0
202632,2.0,0.0,0.0,0.0,0.0,1.0,0.0
202647,2.0,0.0,0.0,0.0,0.0,0.0,0.0
202740,2.0,0.0,0.0,0.0,0.0,1.0,0.0
202771,0.0,0.0,0.0,0.0,0.0,1.0,0.0
202791,0.0,0.0,0.0,0.0,0.0,2.0,0.0
203190,0.0,0.0,1.0,0.0,0.0,2.0,0.0
203291,0.0,0.0,1.0,0.0,0.0,0.0,0.0
204214,0.0,0.0,1.0,0.0,0.0,1.0,0.0
204513,0.0,0.0,1.0,0.0,0.0,2.0,0.0
204543,2.0,0.0,1.0,0.0,0.0,2.0,0.0
204547,2.0,0.0,2.0,0.0,0.0,2.0,0.0
205013,2.0,0.0,2.0,0.0,0.0,0.0,0.0
205043,0.0,0.0,2.0,0.0,0.0,0.0,0.0
205047,0.0,0.0,0.0,0.0,0.0,0.0,0.0
205063,0.0,0.0,1.0,0.0,0.0,0.0,0.0
205178,0.0,0.0,1.0,0.0,0.0,1.0,0.0
205678,0.0,0.0,1.0,0.0,0.0,0.0,0.0
205757,0.0,0.0,1.0,0.0,0.0,1.0,0.0
206257,0.0,0.0,1.0,0.0,0.0,0.0,0.0
206602,0.0,0.0,1.0,0.0,0.0,1.0,0.0
206633,0.0,0.0,1.0,0.0,0.0,2.0,0.0
207133,0.0,0.0,1.0,0.0,0.0,0.0,0.0
207639,0.0,0.0,1.0,0.0,0.0,1.0,0.0
208139,0.0,0.0,1.0,0.0,0.0,0.0,0.0
208724,0.0,0.0,1.0,0.0,0.0,1.0,0.0
208734,0.0,0.0,1.0,0.0,0.0,2.0,0.0
209234,0.0,0.0,1.0,0.0,0.0,0.0,0.0
209380,0.0,0.0,1.0,0.0,0.0,1.0,0.0
209383,0.0,0.0,1.0,0.0,0.0,2.0,0.0
209883,0.0,0.0,1.0,0.0,0.0,0.0,0.0
212001,0.0,0.0,1.0,0.0,0.0,1.0,0.0
212225,0.0,0.0,1.0,0.0,0.0,2.0,0.0
212725,0.0,0.0,1.0,0.0,0.0,0.0,0.0
212953,0.0,0.0,1.0,0.0,0.0,1.0,0.0
213453,0.0,0.0,1.0,0.0,0.0,0.0,0.0
213744,0.0,0.0,1.0,0.0,0.0,1.0,0.0
214244,0.0,0.0,1.0,0.0,0.0,0.0,0.0
214611,0.0,0.0,1.0,0.0,0.0,1.0,0.0
215111,0.0,0.0,1.0,0.0,0.0,0.0,0.0
215219,0.0,0.0,1.0,0.0,0.0,1.0,0.0
215719,0.0,0.0,1.0,0.0,0.0,0.0,0.0
215815,0.0,0.0,1.0,0.0,0.0,1.0,0.0
216315,0.0,0.0,1.0,0.0,0.0,0.0,0.0
216919,0.0,0.0,1.0,0.0,0.0,1.0,0.0
217419,0.0,0.0,1.0,0.0,0.0,0.0,0.0
217580,0.0,0.0,1.0,0.0,0.0,1.0,0.0
217884,0.0,0.0,1.0,0.0,0.0,2.0,0.0
218384,0.0,0.0,1.0,0.0,0.0,0.0,0.0
219021,0.0,0.0,1.0,0.0,0.0,1.0,0.0
219521,0.0,0.0,1.0,0.0,0.0,0.0,0.0
219526,0.0,0.0,1.0,0.0,0.0,1.0,0.0
219532,0.0,0.0,1.0,0.0,0.0,2.0,0.0
220032,0.0,0.0,1.0,0.0,0.0,0.0,0.0
220041,0.0,0.0,1.0,0.0,0.0,1.0,0.0
220541,0.0,0.0,1.0,0.0,0.0,0.0,0.0
220653,0.0,0.0,1.0,0.0,0.0,1.0,0.0
221153,0.0,0.0,1.0,0.0,0.0,0.0,0.0
221164,0.0,0.0,1.0,0.0,0.0,1.0,0.0
221664,0.0,0.0,1.0,0.0,0.0,0.0,0.0
222210,0.0,0.0,1.0,0.0,0.0,1.0,0.0
222710,0.0,0.0,1.0,0.0,0.0,0.0,0.0
222767,0.0,0.0,1.0,0.0,0.0,1.0,0.0
222988,0.0,0.0,1.0,0.0,0.0,2.0,0.0
223411,0.0,2.0,1.0,0.0,0.0,2.0,0.0
223488,0.0,2.0,1.0,0.0,0.0,0.0,0.0
223777,0.0,2.0,1.0,0.0,0.0,1.0,0.0
223911,0.0,0.0,1.0,0.0,0.0,1.0,0.0
224277,0.0,0.0,1.0,0.0,0.0,0.0,0.0
224561,0.0,0.0,1.0,0.0,0.0,1.0,0.0
225061,0.0,0.0,1.0,0.0,0.0,0.0,0.0
225997,0.0,2.0,1.0,0.0,0.0,0.0,0.0
226497,0.0,0.0,1.0,0.0,0.0,0.0,0.0
226516,0.0,0.0,1.0,0.0,0.0,1.0,0.0
226792,0.0,0.0,1.0,0.0,0.0,2.0,0.0
227292,0.0,0.0,1.0,0.0,0.0,0.0,0.0
227476,0.0,0.0,1.0,0.0,0.0,1.0,0.0
227634,0.0,0.0,1.0,0.0,0.0,2.0,0.0
228134,0.0,0.0,1.0,0.0,0.0,0.0,0.0
228835,0.0,0.0,1.0,0.0,0.0,1.0,0.0
229335,0.0,0.0,1.0,0.0,0.0,0.0,0.0
229904,0.0,0.0,1.0,0.0,0.0,1.0,0.0
230404,0.0,0.0,1.0,0.0,0.0,0.0,0.0
230447,0.0,0.0,1.0,0.0,0.0,1.0,0.0
230947,0.0,0.0,1.0,0.0,0.0,0.0,0.0
231361,0.0,0.0,1.0,0.0,0.0,1.0,0.0
231861,0.0,0.0,1.0,0.0,0.0,0.0,0.0
232075,0.0,0.0,1.0,0.0,0.0,1.0,0.0
232078,0.0,0.0,1.0,0.0,0.0,2.0,0.0
232578,0.0,0.0,1.0,0.0,0.0,0.0,0.0
232962,0.0,0.0,1.0,0.0,0.0,1.0,0.0
233462,0.0,0.0,1.0,0.0,0.0,0.0,0.0
233998,0.0,0.0,1.0,0.0,0.0,1.0,0.0
234498,0.0,0.0,1.0,0.0,0.0,0.0,0.0
234614,0.0,0.0,1.0,0.0,0.0,1.0,0.0
234627,0.0,0.0,1.0,0.0,0.0,2.0,0.0
235127,0.0,0.0,1.0,0.0,0.0,0.0,0.0
235670,0.0,0.0,1.0,0.0,0.0,1.0,0.0
236170,0.0,0.0,1.0,0.0,0.0,0.0,0.0
236674,0.0,0.0,1.0,0.0,0.0,1.0,0.0
236854,0.0,0.0,1.0,0.0,0.0,2.0,0.0
237354,0.0,0.0,1.0,0.0,0.0,1.0,0.0
237357,0.0,0.0,1.0,0.0,0.0,2.0,0.0
237857,0.0,0.0,1.0,0.0,0.0,0.0,0.0
238132,0.0,0.0,1.0,0.0,0.0,1.0,0.0
238632,0.0,0.0,1.0,0.0,0.0,0.0,0.0
238660,0.0,0.0,1.0,0.0,0.0,1.0,0.0
239160,0.0,0.0,1.0,0.0,0.0,0.0,0.0
239260,0.0,0.0,1.0,0.0,0.0,1.0,0.0
239263,0.0,0.0,1.0,0.0,0.0,2.0,0.0
239763,0.0,0.0,1.0,0.0,0.0,0.0,0.0
240701,0.0,2.0,1.0,0.0,0.0,0.0,0.0
241201,0.0,0.0,1.0,0.0,0.0,0.0,0.0
241971,0.0,0.0,1.0,0.0,0.0,1.0,0.0
241990,0.0,0.0,1.0,0.0,0.0,2.0,0.0
242490,0.0,0.0,1.0,0.0,0.0,0.0,0.0
243433,0.0,0.0,1.0,0.0,0.0,1.0,0.0
243933,0.0,0.0,1.0,0.0,0.0,0.0,0.0
244154,0.0,0.0,1.0,0.0,0.0,1.0,0.0
244654,0.0,0.0,1.0,0.0,0.0,0.0,0.0
244696,0.0,0.0,1.0,0.0,0.0,1.0,0.0
245196,0.0,0.0,1.0,0.0,0.0,0.0,0.0
245260,0.0,0.0,1.0,0.0,0.0,1.0,0.0
245270,0.0,0.0,1.0,0.0,0.0,2.0,0.0
245770,0.0,0.0,1.0,0.0,0.0,0.0,0.0
246195,0.0,0.0,1.0,0.0,0.0,1.0,0.0
246695,0.0,0.0,1.0,0.0,0.0,0.0,0.0
246722,0.0,0.0,1.0,0.0,0.0,1.0,0.0
246751,0.0,0.0,1.0,0.0,0.0,2.0,0.0
247251,0.0,0.0,1.0,0.0,0.0,0.0,0.0
247668,0.0,0.0,1.0,0.0,0.0,1.0,0.0
247797,0.0,0.0,1.0,0.0,0.0,2.0,0.0
248297,0.0,0.0,1.0,0.0,0.0,0.0,0.0
248619,0.0,0.0,1.0,0.0,0.0,1.0,0.0
249119,0.0,0.0,1.0,0.0,0.0,0.0,0.0
249203,0.0,0.0,1.0,0.0,0.0,1.0,0.0
249703,0.0,0.0,1.0,0.0,0.0,0.0,0.0
249912,0.0,0.0,1.0,0.0,0.0,1.0,0.0
250412,0.0,0.0,1.0,0.0,0.0,0.0,0.0
250606,0.0,0.0,1.0,0.0,0.0,1.0,0.0
250627,0.0,0.0,1.0,0.0,0.0,2.0,0.0
251127,0.0,0.0,1.0,0.0,0.0,0.0,0.0
251933,0.0,0.0,1.0,0.0,0.0,1.0,0.0
252150,0.0,0.0,1.0,0.0,1.0,1.0,0.0
252433,0.0,0.0,1.0,0.0,1.0,0.0,0.0
252650,0.0,0.0,1.0,0.0,0.0,0.0,0.0
252894,0.0,0.0,1.0,0.0,0.0,1.0,0.0
253394,0.0,0.0,1.0,0.0,0.0,0.0,0.0
254101,0.0,0.0,1.0,0.0,0.0,1.0,0.0
254596,0.0,0.0,1.0,0.0,0.0,2.0,0.0
255096,0.0,0.0,1.0,0.0,0.0,0.0,0.0
255520,0.0,0.0,1.0,0.0,0.0,1.0,0.0
256020,0.0,0.0,1.0,0.0,0.0,0.0,0.0
257002,0.0,0.0,1.0,0.0,0.0,1.0,0.0
257010,0.0,0.0,1.0,0.0,0.0,2.0,0.0
257510,0.0,0.0,1.0,0.0,0.0,0.0,0.0
257896,0.0,0.0,1.0,0.0,0.0,1.0,0.0
258396,0.0,0.0,1.0,0.0,0.0,0.0,0.0
258618,0.0,0.0,1.0,0.0,0.0,1.0,0.0
259118,0.0,0.0,1.0,0.0,0.0,0.0,0.0
259221,0.0,0.0,1.0,0.0,0.0,1.0,0.0
259721,0.0,0.0,1.0,0.0,0.0,0.0,0.0
259728,0.0,0.0,1.0,0.0,0.0,1.0,0.0
260228,0.0,0.0,1.0,0.0,0.0,0.0,0.0
260289,0.0,0.0,1.0,0.0,0.0,1.0,0.0
260789,0.0,0.0,1.0,0.0,0.0,0.0,0.0
260802,0.0,0.0,1.0,0.0,0.0,1.0,0.0
261302,0.0,0.0,1.0,0.0,0.0,0.0,0.0
261756,0.0,0.0,1.0,0.0,0.0,1.0,0.0
261986,0.0,0.0,1.0,0.0,1.0,1.0,0.0
261996,0.0,0.0,1.0,0.0,1.0,2.0,0.0
262486,0.0,0.0,1.0,0.0,0.0,2.0,0.0
262496,0.0,0.0,1.0,0.0,0.0,0.0,0.0
262707,0.0,0.0,1.0,0.0,0.0,1.0,0.0
262715,0.0,0.0,1.0,0.0,0.0,2.0,0.0
263215,0.0,0.0,1.0,0.0,0.0,0.0,0.0
264411,0.0,0.0,1.0,0.0,0.0,1.0,0.0
264911,0.0,0.0,1.0,0.0,0.0,0.0,0.0
265218,0.0,0.0,1.0,0.0,0.0,1.0,0.0
265718,0.0,0.0,1.0,0.0,0.0,0.0,0.0
265862,0.0,0.0,1.0,0.0,0.0,1.0,0.0
266362,0.0,0.0,1.0,0.0,0.0,0.0,0.0
268828,0.0,0.0,1.0,0.0,0.0,1.0,0.0
269328,0.0,0.0,1.0,0.0,0.0,0.0,0.0
269464,0.0,0.0,1.0,0.0,0.0,1.0,0.0
269467,0.0,0.0,1.0,0.0,0.0,2.0,0.0
269592,0.0,2.0,1.0,0.0,0.0,2.0,0.0
269967,0.0,2.0,1.0,0.0,0.0,0.0,0.0
270092,0.0,0.0,1.0,0.0,0.0,0.0,0.0
270644,0.0,0.0,1.0,0.0,0.0,1.0,0.0
271144,0.0,0.0,1.0,0.0,0.0,0.0,0.0
271947,0.0,0.0,1.0,0.0,0.0,1.0,0.0
272447,0.0,0.0,1.0,0.0,0.0,0.0,0.0
272509,0.0,0.0,1.0,0.0,0.0,1.0,0.0
273009,0.0,0.0,1.0,0.0,0.0,0.0,0.0
274872,0.0,0.0,1.0,0.0,0.0,1.0,0.0
275372,0.0,0.0,1.0,0.0,0.0,0.0,0.0
275785,0.0,0.0,1.0,0.0,0.0,1.0,0.0
276285,0.0,0.0,1.0,0.0,0.0,0.0,0.0
276447,0.0,0.0,1.0,0.0,0.0,1.0,0.0
276947,0.0,0.0,1.0,0.0,0.0,0.0,0.0
277168,0.0,0.0,1.0,0.0,0.0,1.0,0.0
277668,0.0,0.0,1.0,0.0,0.0,0.0,0.0
277840,0.0,2.0,1.0,0.0,0.0,0.0,0.0
278340,0.0,0.0,1.0,0.0,0.0,0.0,0.0
278428,0.0,0.0,1.0,0.0,0.0,1.0,0.0
278928,0.0,0.0,1.0,0.0,0.0,0.0,0.0
279266,0.0,0.0,1.0,0.0,0.0,1.0,0.0
279766,0.0,0.0,1.0,0.0,0.0,0.0,0.0
280171,0.0,0.0,1.0,0.0,0.0,1.0,0.0
280671,0.0,0.0,1.0,0.0,0.0,0.0,0.0
281833,0.0,0.0,1.0,0.0,0.0,1.0,0.0
282333,0.0,0.0,1.0,0.0,0.0,0.0,0.0
282391,0.0,0.0,1.0,0.0,0.0,1.0,0.0
282891,0.0,0.0,1.0,0.0,0.0,0.0,0.0
282961,0.0,0.0,1.0,0.0,0.0,1.0,0.0
283135,0.0,0.0,1.0,0.0,0.0,2.0,0.0
283635,0.0,0.0,1.0,0.0,0.0,0.0,0.0
283712,0.0,0.0,1.0,0.0,0.0,1.0,0.0
283715,0.0,0.0,1.0,0.0,0.0,2.0,0.0
283844,0.0,2.0,1.0,0.0,0.0,2.0,0.0
284215,0.0,2.0,1.0,0.0,0.0,0.0,0.0
284344,0.0,0.0,1.0,0.0,0.0,0.0,0.0
284480,0.0,0.0,1.0,0.0,0.0,1.0,0.0
284980,0.0,0.0,1.0,0.0,0.0,0.0,0.0
285053,0.0,0.0,1.0,0.0,0.0,1.0,0.0
285553,0.0,0.0,1.0,0.0,0.0,0.0,0.0
287370,0.0,0.0,1.0,0.0,0.0,1.0,0.0
287373,0.0,0.0,1.0,0.0,0.0,2.0,0.0
287873,0.0,0.0,1.0,0.0,0.0,0.0,0.0
287874,0.0,0.0,1.0,0.0,0.0,1.0,0.0
287877,0.0,0.0,1.0,0.0,0.0,2.0,0.0
288377,0.0,0.0,1.0,0.0,0.0,0.0,0.0
290704,0.0,0.0,1.0,0.0,0.0,1.0,0.0
291204,0.0,0.0,1.0,0.0,0.0,0.0,0.0
291801,0.0,0.0,1.0,0.0,0.0,1.0,0.0
291804,0.0,0.0,1.0,0.0,0.0,2.0,0.0
292304,0.0,0.0,1.0,0.0,0.0,0.0,0.0
292385,0.0,0.0,1.0,0.0,0.0,1.0,0.0
292391,0.0,0.0,1.0,0.0,0.0,2.0,0.0
292891,0.0,0.0,1.0,0.0,0.0,0.0,0.0
293081,0.0,0.0,1.0,0.0,0.0,1.0,0.0
293581,0.0,0.0,1.0,0.0,0.0,0.0,0.0
293784,0.0,0.0,1.0,0.0,0.0,1.0,0.0
294284,0.0,0.0,1.0,0.0,0.0,0.0,0.0
294348,0.0,0.0,1.0,0.0,0.0,1.0,0.0
294409,0.0,0.0,1.0,0.0,0.0,2.0,0.0
294909,0.0,0.0,1.0,0.0,0.0,0.0,0.0
295708,0.0,0.0,1.0,0.0,0.0,1.0,0.0
296018,0.0,0.0,1.0,0.0,0.0,2.0,0.0
296518,0.0,0.0,1.0,0.0,0.0,0.0,0.0
297064,0.0,0.0,1.0,0.0,0.0,1.0,0.0
297336,0.0,0.0,1.0,0.0,0.0,2.0,0.0
297836,0.0,0.0,1.0,0.0,0.0,0.0,0.0
298060,0.0,2.0,1.0,0.0,0.0,0.0,0.0
298360,0.0,2.0,1.0,0.0,0.0,1.0,0.0
298560,0.0,0.0,1.0,0.0,0.0,1.0,0.0
298860,0.0,0.0,1.0,0.0,0.0,0.0,0.0
299472,0.0,0.0,1.0,0.0,0.0,1.0,0.0
299972,0.0,0.0,1.0,0.0,0.0,0.0,0.0
300045,0.0,0.0,1.0,0.0,0.0,1.0,0.0
300240,0.0,0.0,1.0,0.0,0.0,2.0,0.0
300740,0.0,0.0,1.0,0.0,0.0,0.0,0.0
301051,0.0,0.0,1.0,0.0,0.0,1.0,0.0
301551,0.0,0.0,1.0,0.0,0.0,0.0,0.0
301665,0.0,0.0,1.0,0.0,0.0,1.0,0.0
301863,0.0,0.0,1.0,0.0,0.0,2.0,0.0
302363,0.0,0.0,1.0,0.0,0.0,0.0,0.0
302773,0.0,0.0,1.0,0.0,0.0,1.0,0.0
303273,0.0,0.0,1.0,0.0,0.0,0.0,0.0
306741,0.0,0.0,1.0,0.0,0.0,1.0,0.0
307241,0.0,0.0,1.0,0.0,0.0,0.0,0.0
307313,0.0,0.0,1.0,0.0,0.0,1.0,0.0
307813,0.0,0.0,1.0,0.0,0.0,0.0,0.0
308052,0.0,0.0,1.0,0.0,0.0,1.0,0.0
308063,0.0,0.0,0.0,0.0,0.0,1.0,0.0
308552,0.0,0.0,0.0,0.0,0.0,0.0,0.0
313015,0.0,0.0,0.0,0.0,0.0,1.0,0.0
313515,0.0,0.0,0.0,0.0,0.0,0.0,0.0
313872,0.0,0.0,0.0,0.0,0.0,1.0,0.0
314372,0.0,0.0,0.0,0.0,0.0,0.0,0.0
316203,0.0,0.0,0.0,0.0,0.0,1.0,0.0
316703,0.0,0.0,0.0,0.0,0.0,0.0,0.0
317289,0.0,0.0,0.0,0.0,0.0,1.0,0.0
317290,0.0,0.0,0.0,0.0,1.0,1.0,0.0
317789,0.0,0.0,0.0,0.0,1.0,0.0,0.0
317790,0.0,0.0,0.0,0.0,0.0,0.0,0.0
317950,0.0,0.0,0.0,0.0,0.0,1.0,0.0
318450,0.0,0.0,0.0,0.0,0.0,0.0,0.0
319155,0.0,0.0,0.0,0.0,0.0,1.0,0.0
319655,0.0,0.0,0.0,0.0,0.0,0.0,0.0
322283,0.0,0.0,0.0,0.0,0.0,1.0,0.0
322783,0.0,0.0,0.0,0.0,0.0,0.0,0.0
324816,0.0,0.0,0.0,0.0,0.0,1.0,0.0
324819,0.0,0.0,0.0,0.0,0.0,2.0,0.0
325319,0.0,0.0,0.0,0.0,0.0,0.0,0.0
326215,0.0,0.0,0.0,0.0,0.0,1.0,0.0
326715,0.0,0.0,0.0,0.0,0.0,0.0,0.0
328745,0.0,0.0,0.0,0.0,0.0,1.0,0.0
329245,0.0,0.0,0.0,0.0,0.0,0.0,0.0
329672,0.0,0.0,0.0,0.0,0.0,1.0,0.0
330172,0.0,0.0,0.0,0.0,0.0,0.0,0.0
332671,0.0,0.0,0.0,0.0,0.0,1.0,0.0
332672,0.0,0.0,0.0,0.0,0.0,2.0,0.0
333172,0.0,0.0,0.0,0.0,0.0,0.0,0.0
334644,0.0,0.0,0.0,0.0,0.0,1.0,0.0
335144,0.0,0.0,0.0,0.0,0.0,0.0,0.0
341810,0.0,0.0,0.0,0.0,1.0,0.0,0.0
342031,0.0,0.0,0.0,0.0,1.0,1.0,0.0
342310,0.0,0.0,0.0,0.0,0.0,1.0,0.0
342531,0.0,0.0,0.0,0.0,0.0,0.0,0.0
345266,0.0,0.0,0.0,0.0,1.0,0.0,0.0
345422,0.0,0.0,0.0,0.0,1.0,1.0,0.0
345425,0.0,0.0,0.0,0.0,1.0,2.0,0.0
345766,0.0,0.0,0.0,0.0,0.0,2.0,0.0
345925,0.0,0.0,0.0,0.0,0.0,0.0,0.0
346789,0.0,0.0,0.0,0.0,0.0,1.0,0.0
347289,0.0,0.0,0.0,0.0,0.0,0.0,0.0
348619,0.0,0.0,0.0,0.0,0.0,1.0,0.0
349119,0.0,0.0,0.0,0.0,0.0,0.0,0.0
349152,0.0,0.0,0.0,0.0,0.0,1.0,0.0
349652,0.0,0.0,0.0,0.0,0.0,0.0,0.0
352545,0.0,0.0,0.0,0.0,0.0,1.0,0.0
352546,0.0,0.0,0.0,0.0,1.0,1.0,0.0
352916,0.0,0.0,0.0,0.0,1.0,2.0,0.0
353046,0.0,0.0,0.0,0.0,0.0,2.0,0.0
353416,0.0,0.0,0.0,0.0,0.0,0.0,0.0
353561,0.0,0.0,0.0,0.0,0.0,1.0,0.0
354061,0.0,0.0,0.0,0.0,0.0,0.0,0.0
357135,0.0,0.0,0.0,0.0,0.0,1.0,0.0
357635,0.0,0.0,0.0,0.0,0.0,0.0,0.0
360287,0.0,0.0,0.0,0.0,0.0,1.0,0.0
360787,0.0,0.0,0.0,0.0,0.0,0.0,0.0
360967,0.0,0.0,0.0,0.0,0.0,1.0,0.0
361467,0.0,0.0,0.0,0.0,0.0,0.0,0.0
362019,0.0,0.0,0.0,0.0,0.0,1.0,0.0
362021,0.0,0.0,0.0,0.0,0.0,2.0,0.0
362521,0.0,0.0,0.0,0.0,0.0,0.0,0.0
363580,0.0,0.0,0.0,0.0,0.0,1.0,0.0
364080,0.0,0.0,0.0,0.0,0.0,0.0,0.0
367814,0.0,0.0,0.0,0.0,0.0,1.0,0.0
368314,0.0,0.0,0.0,0.0,0.0,0.0,0.0
370760,0.0,0.0,0.0,0.0,0.0,1.0,0.0
371260,0.0,0.0,0.0,0.0,0.0,0.0,0.0
373213,0.0,0.0,0.0,0.0,0.0,1.0,0.0
373713,0.0,0.0,0.0,0.0,0.0,0.0,0.0
373721,0.0,0.0,0.0,0.0,0.0,1.0,0.0
374221,0.0,0.0,0.0,0.0,0.0,0.0,0.0
375470,0.0,0.0,0.0,0.0,0.0,1.0,0.0
375496,0.0,0.0,0.0,0.0,0.0,2.0,0.0
375996,0.0,0.0,0.0,0.0,0.0,0.0,0.0
377152,0.0,0.0,0.0,0.0,0.0,1.0,0.0
377652,0.0,0.0,0.0,0.0,0.0,0.0,0.0
379178,0.0,0.0,0.0,0.0,0.0,1.0,0.0
379429,0.0,0.0,0.0,0.0,1.0,1.0,0.0
379678,0.0,0.0,0.0,0.0,1.0,0.0,0.0
379929,0.0,0.0,0.0,0.0,0.0,0.0,0.0
380196,0.0,0.0,0.0,0.0,1.0,0.0,0.0
380696,0.0,0.0,0.0,0.0,0.0,0.0,0.0
381848,0.0,0.0,0.0,0.0,0.0,1.0,0.0
382348,0.0,0.0,0.0,0.0,0.0,0.0,0.0
383261,0.0,0.0,0.0,0.0,0.0,1.0,0.0
383761,0.0,0.0,0.0,0.0,0.0,0.0,0.0
383907,0.0,0.0,0.0,0.0,0.0,1.0,0.0
383913,0.0,0.0,0.0,0.0,0.0,2.0,0.0
384413,0.0,0.0,0.0,0.0,0.0,0.0,0.0
384839,0.0,0.0,0.0,0.0,0.0,1.0,0.0
385339,0.0,0.0,0.0,0.0,0.0,0.0,0.0
385976,0.0,0.0,0.0,0.0,0.0,1.0,0.0
385979,0.0,0.0,0.0,0.0,0.0,2.0,0.0
386479,0.0,0.0,0.0,0.0,0.0,0.0,0.0
386921,0.0,0.0,0.0,0.0,0.0,1.0,0.0
386925,0.0,0.0,0.0,0.0,0.0,2.0,0.0
387425,0.0,0.0,0.0,0.0,0.0,0.0,0.0
388504,0.0,0.0,0.0,0.0,0.0,1.0,0.0
389004,0.0,0.0,0.0,0.0,0.0,0.0,0.0
391150,0.0,0.0,0.0,0.0,0.0,1.0,0.0
391650,0.0,0.0,0.0,0.0,0.0,0.0,0.0
392707,0.0,0.0,0.0,0.0,0.0,1.0,0.0
393207,0.0,0.0,0.0,0.0,0.0,0.0,0.0
394117,0.0,0.0,0.0,0.0,0.0,1.0,0.0
394617,0.0,0.0,0.0,0.0,0.0,0.0,0.0
395288,0.0,0.0,0.0,0.0,0.0,1.0,0.0
395788,0.0,0.0,0.0,0.0,0.0,0.0,0.0
396418,0.0,0.0,0.0,0.0,0.0,1.0,0.0
396419,0.0,0.0,0.0,0.0,0.0,2.0,0.0
396919,0.0,0.0,0.0,0.0,0.0,0.0,0.0
399087,0.0,0.0,0.0,0.0,0.0,1.0,0.0
399587,0.0,0.0,0.0,0.0,0.0,0.0,0.0
400182,0.0,0.0,0.0,0.0,0.0,1.0,0.0
400682,0.0,0.0,0.0,0.0,0.0,0.0,0.0
401148,0.0,0.0,0.0,0.0,0.0,1.0,0.0
401648,0.0,0.0,0.0,0.0,0.0,0.0,0.0
403000,0.0,0.0,0.0,0.0,0.0,0.0,1.0
403436,0.0,0.0,0.0,0.0,0.0,1.0,1.0
403500,0.0,0.0,0.0,0.0,0.0,1.0,0.0
403562,0.0,0.0,0.0,0.0,0.0,2.0,0.0
403583,2.0,0.0,0.0,0.0,0.0,2.0,0.0
403619,2.0,2.0,0.0,0.0,0.0,2.0,0.0
403766,2.0,2.0,0.0,0.0,1.0,2.0,0.0
403839,2.0,2.0,0.0,0.0,2.0,2.0,0.0
404062,2.0,2.0,0.0,0.0,2.0,0.0,0.0
404083,0.0,2.0,0.0,0.0,2.0,0.0,0.0
404095,2.0,2.0,0.0,0.0,2.0,0.0,0.0
404119,2.0,0.0,0.0,0.0,2.0,0.0,0.0
404339,2.0,0.0,0.0,0.0,0.0,0.0,0.0
404595,0.0,0.0,0.0,0.0,0.0,0.0,0.0
404865,0.0,0.0,1.0,0.0,0.0,0.0,0.0
405002,0.0,0.0,1.0,0.0,0.0,1.0,0.0
405502,0.0,0.0,1.0,0.0,0.0,0.0,0.0
406125,0.0,0.0,2.0,0.0,0.0,0.0,0.0
406625,0.0,0.0,0.0,0.0,0.0,0.0,0.0
406668,0.0,0.0,0.0,0.0,1.0,0.0,0.0
407168,0.0,0.0,0.0,0.0,0.0,0.0,0.0
407909,0.0,0.0,0.0,0.0,0.0,1.0,0.0
408409,0.0,0.0,0.0,0.0,0.0,0.0,0.0
408563,0.0,0.0,0.0,0.0,0.0,1.0,0.0
409169,0.0,0.0,0.0,0.0,0.0,2.0,0.0
409669,0.0,0.0,0.0,0.0,0.0,0.0,0.0
410019,0.0,0.0,0.0,0.0,0.0,1.0,0.0
410241,0.0,0.0,0.0,0.0,0.0,2.0,0.0
410741,0.0,0.0,0.0,0.0,0.0,0.0,0.0
410782,0.0,0.0,0.0,0.0,0.0,1.0,0.0
410784,0.0,0.0,0.0,0.0,1.0,1.0,0.0
411282,0.0,0.0,0.0,0.0,1.0,0.0,0.0
411284,0.0,0.0,0.0,0.0,0.0,0.0,0.0
411835,0.0,0.0,0.0,0.0,0.0,1.0,0.0
412335,0.0,0.0,0.0,0.0,0.0,0.0,0.0
413101,0.0,0.0,0.0,0.0,0.0,1.0,0.0
413601,0.0,0.0,0.0,0.0,0.0,0.0,0.0
414129,0.0,0.0,0.0,0.0,0.0,1.0,0.0
414629,0.0,0.0,0.0,0.0,0.0,0.0,0.0
414912,0.0,0.0,0.0,0.0,0.0,1.0,0.0
415412,0.0,0.0,0.0,0.0,0.0,0.0,0.0
415924,0.0,0.0,0.0,0.0,0.0,1.0,0.0
416424,0.0,0.0,0.0,0.0,0.0,0.0,0.0
417264,0.0,0.0,0.0,0.0,0.0,1.0,0.0
417685,0.0,0.0,0.0,0.0,0.0,2.0,0.0
418185,0.0,0.0,0.0,0.0,0.0,0.0,0.0
418280,0.0,0.0,0.0,0.0,0.0,1.0,0.0
418780,0.0,0.0,0.0,0.0,0.0,0.0,0.0
419343,0.0,0.0,0.0,0.0,0.0,1.0,0.0
419843,0.0,0.0,0.0,0.0,0.0,0.0,0.0
420749,0.0,0.0,0.0,0.0,0.0,1.0,0.0
421249,0.0,0.0,0.0,0.0,0.0,0.0,0.0
421488,0.0,0.0,0.0,0.0,0.0,1.0,0.0
421988,0.0,0.0,0.0,0.0,0.0,0.0,0.0
422308,0.0,0.0,0.0,0.0,0.0,1.0,0.0
422808,0.0,0.0,0.0,0.0,0.0,0.0,0.0
423212,0.0,0.0,0.0,0.0,0.0,1.0,0.0
423215,0.0,0.0,0.0,0.0,0.0,2.0,0.0
423715,0.0,0.0,0.0,0.0,0.0,0.0,0.0
423960,0.0,0.0,0.0,0.0,0.0,1.0,0.0
424460,0.0,0.0,0.0,0.0,0.0,0.0,0.0
425957,0.0,0.0,0.0,0.0,0.0,1.0,0.0
426457,0.0,0.0,0.0,0.0,0.0,0.0,0.0
426515,0.0,0.0,0.0,0.0,0.0,1.0,0.0
427015,0.0,0.0,0.0,0.0,0.0,0.0,0.0
427751,0.0,0.0,0.0,0.0,0.0,1.0,0.0
427779,0.0,0.0,0.0,0.0,0.0,2.0,0.0
428279,0.0,0.0,0.0,0.0,0.0,0.0,0.0
428619,0.0,0.0,0.0,0.0,0.0,1.0,0.0
429119,0.0,0.0,0.0,0.0,0.0,0.0,0.0
429279,0.0,0.0,0.0,0.0,0.0,1.0,0.0
429530,0.0,0.0,0.0,0.0,0.0,2.0,0.0
430030,0.0,0.0,0.0,0.0,0.0,0.0,0.0
430242,0.0,0.0,0.0,0.0,0.0,1.0,0.0
430742,0.0,0.0,0.0,0.0,0.0,0.0,0.0
431270,0.0,0.0,0.0,0.0,0.0,1.0,0.0
431770,0.0,0.0,0.0,0.0,0.0,0.0,0.0
431820,0.0,0.0,0.0,0.0,0.0,1.0,0.0
432050,0.0,0.0,0.0,0.0,0.0,2.0,0.0
432550,0.0,0.0,0.0,0.0,0.0,0.0,0.0
432664,0.0,0.0,0.0,0.0,0.0,1.0,0.0
432667,0.0,0.0,0.0,0.0,0.0,2.0,0.0
433167,0.0,0.0,0.0,0.0,0.0,0.0,0.0
433308,0.0,0.0,0.0,0.0,0.0,1.0,0.0
433808,0.0,0.0,0.0,0.0,0.0,0.0,0.0
434402,0.0,0.0,0.0,0.0,0.0,1.0,0.0
434902,0.0,0.0,0.0,0.0,0.0,0.0,0.0
435366,0.0,0.0,0.0,0.0,0.0,1.0,0.0
435481,0.0,0.0,0.0,0.0,0.0,2.0,0.0
435981,0.0,0.0,0.0,0.0,0.0,0.0,0.0
435992,0.0,0.0,0.0,0.0,0.0,1.0,0.0
436492,0.0,0.0,0.0,0.0,0.0,0.0,0.0
436895,0.0,0.0,0.0,0.0,0.0,1.0,0.0
437395,0.0,0.0,0.0,0.0,0.0,0.0,0.0
437580,0.0,0.0,0.0,0.0,0.0,1.0,0.0
438061,0.0,0.0,0.0,0.0,0.0,2.0,0.0
438561,0.0,0.0,0.0,0.0,0.0,0.0,0.0
439185,0.0,0.0,0.0,0.0,0.0,1.0,0.0
439685,0.0,0.0,0.0,0.0,0.0,0.0,0.0
440031,0.0,0.0,0.0,0.0,0.0,1.0,0.0
440531,0.0,0.0,0.0,0.0,0.0,0.0,0.0
440571,0.0,0.0,0.0,0.0,0.0,1.0,0.0
441071,0.0,0.0,0.0,0.0,0.0,0.0,0.0
441187,0.0,0.0,0.0,0.0,0.0,1.0,0.0
441687,0.0,0.0,0.0,0.0,0.0,0.0,0.0
441805,0.0,0.0,0.0,0.0,0.0,1.0,0.0
441837,0.0,0.0,0.0,0.0,0.0,2.0,0.0
442337,0.0,0.0,0.0,0.0,0.0,0.0,0.0
442681,0.0,0.0,0.0,0.0,0.0,1.0,0.0
443181,0.0,0.0,0.0,0.0,0.0,0.0,0.0
443182,0.0,0.0,0.0,0.0,0.0,1.0,0.0
443370,0.0,0.0,0.0,0.0,0.0,2.0,0.0
443665,0.0,0.0,0.0,0.0,1.0,2.0,0.0
443683,0.0,0.0,0.0,0.0,2.0,2.0,0.0
443755,0.0,0.0,1.0,0.0,2.0,2.0,0.0
443870,0.0,0.0,1.0,0.0,2.0,0.0,0.0
444183,0.0,0.0,1.0,0.0,0.0,0.0,0.0
444236,0.0,0.0,1.0,0.0,0.0,1.0,0.0
444255,0.0,0.0,0.0,0.0,0.0,1.0,0.0
444295,0.0,0.0,1.0,0.0,0.0,1.0,0.0
444736,0.0,0.0,1.0,0.0,0.0,0.0,0.0
444795,0.0,0.0,0.0,0.0,0.0,0.0,0.0
445101,0.0,0.0,1.0,0.0,0.0,0.0,0.0
445601,0.0,0.0,0.0,0.0,0.0,0.0,0.0
445616,0.0,0.0,1.0,0.0,0.0,0.0,0.0
445642,0.0,0.0,1.0,0.0,0.0,1.0,0.0
445774,0.0,0.0,1.0,0.0,0.0,2.0,0.0
446116,0.0,0.0,0.0,0.0,0.0,2.0,0.0
446274,0.0,0.0,0.0,0.0,0.0,0.0,0.0
446697,0.0,0.0,0.0,0.0,0.0,1.0,0.0
447697,0.0,0.0,0.0,0.0,0.0,0.0,0.0
447730,0.0,0.0,0.0,0.0,0.0,1.0,0.0
447806,0.0,0.0,0.0,0.0,0.0,2.0,0.0
448306,0.0,0.0,0.0,0.0,0.0,0.0,0.0
448593,0.0,0.0,0.0,0.0,0.0,1.0,0.0
448599,0.0,0.0,0.0,0.0,0.0,2.0,0.0
449099,0.0,0.0,0.0,0.0,0.0,0.0,0.0
449672,0.0,0.0,0.0,0.0,0.0,1.0,0.0
449826,0.0,0.0,0.0,0.0,0.0,2.0,0.0
450326,0.0,0.0,0.0,0.0,0.0,0.0,0.0
451345,0.0,0.0,0.0,0.0,0.0,1.0,0.0
451845,0.0,0.0,0.0,0.0,0.0,0.0,0.0
452454,0.0,0.0,0.0,0.0,0.0,1.0,0.0
452954,0.0,0.0,0.0,0.0,0.0,0.0,0.0
452969,0.0,0.0,0.0,0.0,0.0,1.0,0.0
453030,0.0,0.0,0.0,0.0,0.0,2.0,0.0
453530,0.0,0.0,0.0,0.0,0.0,0.0,0.0
453855,0.0,0.0,0.0,0.0,0.0,1.0,0.0
454355,0.0,0.0,0.0,0.0,0.0,0.0,0.0
454378,0.0,0.0,0.0,0.0,0.0,1.0,0.0
454878,0.0,0.0,0.0,0.0,0.0,0.0,0.0
455408,0.0,0.0,0.0,0.0,0.0,1.0,0.0
455908,0.0,0.0,0.0,0.0,0.0,0.0,0.0
456097,0.0,0.0,0.0,0.0,0.0,1.0,0.0
456100,0.0,0.0,0.0,0.0,0.0,2.0,0.0
456600,0.0,0.0,0.0,0.0,0.0,0.0,0.0
456602,0.0,0.0,0.0,0.0,0.0,1.0,0.0
456624,0.0,0.0,0.0,0.0,0.0,2.0,0.0
456626,0.0,0.0,0.0,0.0,1.0,2.0,0.0
457124,0.0,0.0,0.0,0.0,1.0,0.0,0.0
457126,0.0,0.0,0.0,0.0,0.0,0.0,0.0
457174,0.0,0.0,0.0,0.0,0.0,1.0,0.0
457177,0.0,0.0,0.0,0.0,0.0,2.0,0.0
457677,0.0,0.0,0.0,0.0,0.0,0.0,0.0
458249,0.0,0.0,0.0,0.0,0.0,1.0,0.0
458296,0.0,0.0,0.0,0.0,0.0,2.0,0.0
458796,0.0,0.0,0.0,0.0,0.0,0.0,0.0
458900,0.0,0.0,0.0,0.0,0.0,1.0,0.0
458904,0.0,0.0,0.0,0.0,0.0,2.0,0.0
459404,0.0,0.0,0.0,0.0,0.0,0.0,0.0
460256,0.0,0.0,0.0,0.0,0.0,1.0,0.0
460756,0.0,0.0,0.0,0.0,0.0,0.0,0.0
460836,0.0,0.0,0.0,0.0,0.0,1.0,0.0
461336,0.0,0.0,0.0,0.0,0.0,0.0,0.0
461877,0.0,0.0,0.0,0.0,0.0,1.0,0.0
462377,0.0,0.0,0.0,0.0,0.0,0.0,0.0
463056,0.0,0.0,0.0,0.0,0.0,1.0,0.0
463087,0.0,0.0,0.0,0.0,0.0,2.0,0.0
463587,0.0,0.0,0.0,0.0,0.0,0.0,0.0
463884,0.0,0.0,0.0,0.0,0.0,1.0,0.0
464384,0.0,0.0,0.0,0.0,0.0,0.0,0.0
465060,0.0,0.0,0.0,0.0,0.0,1.0,0.0
465563,0.0,0.0,0.0,0.0,0.0,2.0,0.0
466063,0.0,0.0,0.0,0.0,0.0,0.0,0.0
466584,0.0,0.0,0.0,0.0,0.0,1.0,0.0
466636,0.0,0.0,0.0,0.0,0.0,2.0,0.0
467136,0.0,0.0,0.0,0.0,0.0,0.0,0.0
468137,0.0,0.0,0.0,0.0,0.0,1.0,0.0
468637,0.0,0.0,0.0,0.0,0.0,0.0,0.0
469661,0.0,0.0,0.0,0.0,0.0,1.0,0.0
470033,0.0,0.0,0.0,0.0,0.0,2.0,0.0
470533,0.0,0.0,0.0,0.0,0.0,0.0,0.0
470926,0.0,0.0,0.0,0.0,0.0,1.0,0.0
471145,0.0,0.0,0.0,0.0,0.0,2.0,0.0
471645,0.0,0.0,0.0,0.0,0.0,0.0,0.0
472795,0.0,0.0,0.0,0.0,0.0,1.0,0.0
473295,0.0,0.0,0.0,0.0,0.0,0.0,0.0
473856,0.0,0.0,0.0,0.0,0.0,1.0,0.0
474077,0.0,0.0,0.0,0.0,0.0,2.0,0.0
474577,0.0,0.0,0.0,0.0,0.0,0.0,0.0
475268,0.0,0.0,0.0,0.0,0.0,1.0,0.0
475426,0.0,2.0,0.0,0.0,0.0,1.0,0.0
475768,0.0,2.0,0.0,0.0,0.0,0.0,0.0
475805,0.0,2.0,0.0,0.0,0.0,1.0,0.0
475926,0.0,0.0,0.0,0.0,0.0,1.0,0.0
476305,0.0,0.0,0.0,0.0,0.0,0.0,0.0
478091,0.0,0.0,0.0,0.0,0.0,1.0,0.0
478591,0.0,0.0,0.0,0.0,0.0,0.0,0.0
478633,0.0,0.0,0.0,0.0,0.0,1.0,0.0
478636,0.0,0.0,0.0,0.0,0.0,2.0,0.0
479136,0.0,0.0,0.0,0.0,0.0,0.0,0.0
480467,0.0,0.0,0.0,0.0,0.0,1.0,0.0
480471,0.0,0.0,0.0,0.0,0.0,2.0,0.0
480971,0.0,0.0,0.0,0.0,0.0,0.0,0.0
481621,0.0,0.0,0.0,0.0,0.0,1.0,0.0
482121,0.0,0.0,0.0,0.0,0.0,0.0,0.0
482279,0.0,0.0,0.0,0.0,0.0,1.0,0.0
482285,0.0,0.0,0.0,0.0,0.0,2.0,0.0
482785,0.0,0.0,0.0,0.0,0.0,0.0,0.0
482955,0.0,0.0,0.0,0.0,0.0,1.0,0.0
483455,0.0,0.0,0.0,0.0,0.0,0.0,0.0
483862,0.0,0.0,0.0,0.0,0.0,1.0,0.0
484362,0.0,0.0,0.0,0.0,0.0,0.0,0.0
484579,0.0,0.0,0.0,0.0,0.0,1.0,0.0
485079,0.0,0.0,0.0,0.0,0.0,0.0,0.0
485560,0.0,0.0,0.0,0.0,0.0,1.0,0.0
485571,0.0,0.0,0.0,0.0,0.0,2.0,0.0
486071,0.0,0.0,0.0,0.0,0.0,0.0,0.0
486600,0.0,0.0,0.0,0.0,0.0,1.0,0.0
487097,0.0,0.0,0.0,0.0,0.0,2.0,0.0
487597,0.0,0.0,0.0,0.0,0.0,0.0,0.0
487651,0.0,0.0,0.0,0.0,0.0,1.0,0.0
487818,0.0,0.0,0.0,0.0,0.0,2.0,0.0
488318,0.0,0.0,0.0,0.0,0.0,0.0,0.0
488789,0.0,2.0,0.0,0.0,0.0,0.0,0.0
488920,0.0,2.0,0.0,0.0,0.0,1.0,0.0
489289,0.0,0.0,0.0,0.0,0.0,1.0,0.0
489420,0.0,0.0,0.0,0.0,0.0,0.0,0.0
489562,0.0,0.0,0.0,0.0,0.0,1.0,0.0
490062,0.0,0.0,0.0,0.0,0.0,0.0,0.0
490687,0.0,0.0,0.0,0.0,0.0,1.0,0.0
490849,0.0,0.0,0.0,0.0,0.0,2.0,0.0
491349,0.0,0.0,0.0,0.0,0.0,0.0,0.0
492637,0.0,0.0,0.0,0.0,0.0,1.0,0.0
492646,0.0,0.0,0.0,0.0,0.0,2.0,0.0
493146,0.0,0.0,0.0,0.0,0.0,0.0,0.0
493328,0.0,0.0,0.0,0.0,0.0,1.0,0.0
493828,0.0,0.0,0.0,0.0,0.0,0.0,0.0
494360,0.0,0.0,0.0,0.0,0.0,1.0,0.0
494363,0.0,0.0,0.0,0.0,0.0,2.0,0.0
494863,0.0,0.0,0.0,0.0,0.0,0.0,0.0
495028,0.0,0.0,0.0,0.0,0.0,1.0,0.0
495528,0.0,0.0,0.0,0.0,0.0,0.0,0.0
495531,0.0,0.0,0.0,0.0,0.0,1.0,0.0
495534,0.0,0.0,0.0,0.0,0.0,2.0,0.0
496034,0.0,0.0,0.0,0.0,0.0,0.0,0.0
496040,0.0,0.0,0.0,0.0,0.0,1.0,0.0
496540,0.0,0.0,0.0,0.0,0.0,0.0,0.0
496942,0.0,0.0,0.0,0.0,0.0,1.0,0.0
496974,0.0,0.0,0.0,0.0,0.0,2.0,0.0
497474,0.0,0.0,0.0,0.0,0.0,0.0,0.0
498113,0.0,0.0,0.0,0.0,0.0,1.0,0.0
498613,0.0,0.0,0.0,0.0,0.0,0.0,0.0
499947,0.0,0.0,0.0,0.0,0.0,1.0,0.0
500447,0.0,0.0,0.0,0.0,0.0,0.0,0.0
501033,0.0,0.0,0.0,0.0,0.0,1.0,0.0
501037,0.0,0.0,0.0,0.0,0.0,2.0,0.0
501537,0.0,0.0,0.0,0.0,0.0,0.0,0.0
502299,0.0,0.0,0.0,0.0,0.0,1.0,0.0
502799,0.0,0.0,0.0,0.0,0.0,0.0,0.0
502808,0.0,0.0,0.0,0.0,0.0,1.0,0.0
503308,0.0,0.0,0.0,0.0,0.0,0.0,0.0
503324,0.0,0.0,0.0,0.0,0.0,1.0,0.0
503530,0.0,0.0,0.0,0.0,0.0,2.0,0.0
504030,0.0,0.0,0.0,0.0,0.0,0.0,0.0
508816,0.0,0.0,0.0,0.0,0.0,1.0,0.0
508825,0.0,0.0,0.0,0.0,1.0,1.0,0.0
508826,0.0,0.0,0.0,0.0,1.0,2.0,0.0
509325,0.0,0.0,0.0,0.0,0.0,2.0,0.0
509326,0.0,0.0,0.0,0.0,0.0,0.0,0.0
513190,0.0,0.0,0.0,0.0,0.0,1.0,0.0
513193,0.0,0.0,0.0,0.0,0.0,2.0,0.0
513693,0.0,0.0,0.0,0.0,0.0,0.0,0.0
516305,0.0,0.0,0.0,0.0,1.0,0.0,0.0
516383,0.0,0.0,0.0,0.0,1.0,1.0,0.0
516805,0.0,0.0,0.0,0.0,0.0,1.0,0.0
516883,0.0,0.0,0.0,0.0,0.0,0.0,0.0
518390,0.0,0.0,0.0,0.0,0.0,1.0,0.0
518395,0.0,0.0,0.0,0.0,0.0,2.0,0.0
518895,0.0,0.0,0.0,0.0,0.0,0.0,0.0
519596,0.0,0.0,0.0,0.0,0.0,1.0,0.0
520096,0.0,0.0,0.0,0.0,0.0,0.0,0.0
522177,0.0,0.0,0.0,0.0,0.0,1.0,0.0
522677,0.0,0.0,0.0,0.0,0.0,0.0,0.0
522807,0.0,0.0,0.0,0.0,0.0,1.0,0.0
523307,0.0,0.0,0.0,0.0,0.0,0.0,0.0
523783,0.0,0.0,0.0,0.0,0.0,1.0,0.0
524283,0.0,0.0,0.0,0.0,0.0,0.0,0.0
524471,0.0,0.0,0.0,0.0,0.0,1.0,0.0
524971,0.0,0.0,0.0,0.0,0.0,0.0,0.0
525696,0.0,0.0,0.0,0.0,0.0,1.0,0.0
526196,0.0,0.0,0.0,0.0,0.0,0.0,0.0
527726,0.0,0.0,0.0,0.0,0.0,1.0,0.0
528226,0.0,0.0,0.0,0.0,0.0,0.0,0.0
528768,0.0,0.0,0.0,0.0,0.0,1.0,0.0
529268,0.0,0.0,0.0,0.0,0.0,0.0,0.0
530397,0.0,0.0,0.0,0.0,0.0,1.0,0.0
530897,0.0,0.0,0.0,0.0,0.0,0.0,0.0
531966,0.0,0.0,0.0,0.0,0.0,1.0,0.0
532466,0.0,0.0,0.0,0.0,0.0,0.0,0.0
532936,0.0,0.0,0.0,0.0,0.0,1.0,0.0
533153,0.0,0.0,0.0,0.0,1.0,1.0,0.0
533436,0.0,0.0,0.0,0.0,1.0,0.0,0.0
533653,0.0,0.0,0.0,0.0,0.0,0.0,0.0
534078,0.0,0.0,0.0,0.0,0.0,1.0,0.0
534578,0.0,0.0,0.0,0.0,0.0,0.0,0.0
537183,0.0,0.0,0.0,0.0,0.0,1.0,0.0
537683,0.0,0.0,0.0,0.0,0.0,0.0,0.0
539394,0.0,0.0,0.0,0.0,0.0,1.0,0.0
539894,0.0,0.0,0.0,0.0,0.0,0.0,0.0
540647,0.0,0.0,0.0,0.0,0.0,1.0,0.0
541147,0.0,0.0,0.0,0.0,0.0,0.0,0.0
541967,0.0,0.0,0.0,0.0,0.0,1.0,0.0
541976,0.0,0.0,0.0,0.0,0.0,2.0,0.0
542476,0.0,0.0,0.0,0.0,0.0,0.0,0.0
544793,0.0,0.0,0.0,0.0,1.0,1.0,0.0
545293,0.0,0.0,0.0,0.0,0.0,0.0,0.0
545579,0.0,0.0,0.0,0.0,0.0,1.0,0.0
546079,0.0,0.0,0.0,0.0,0.0,0.0,0.0
546350,0.0,0.0,0.0,0.0,0.0,1.0,0.0
546850,0.0,0.0,0.0,0.0,0.0,0.0,0.0
547949,0.0,0.0,0.0,0.0,0.0,1.0,0.0
548449,0.0,0.0,0.0,0.0,0.0,0.0,0.0
550449,0.0,0.0,0.0,0.0,0.0,1.0,0.0
550949,0.0,0.0,0.0,0.0,0.0,0.0,0.0
553212,0.0,0.0,0.0,0.0,0.0,1.0,0.0
553712,0.0,0.0,0.0,0.0,0.0,0.0,0.0
553891,0.0,0.0,0.0,0.0,0.0,1.0,0.0
553894,0.0,0.0,0.0,0.0,0.0,2.0,0.0
554394,0.0,0.0,0.0,0.0,0.0,0.0,0.0
556215,0.0,0.0,0.0,0.0,0.0,1.0,0.0
556715,0.0,0.0,0.0,0.0,0.0,0.0,0.0
558331,0.0,0.0,0.0,0.0,0.0,1.0,0.0
558336,0.0,0.0,0.0,0.0,0.0,2.0,0.0
558836,0.0,0.0,0.0,0.0,0.0,0.0,0.0
559121,0.0,0.0,0.0,0.0,0.0,1.0,0.0
559130,0.0,0.0,0.0,0.0,0.0,2.0,0.0
559630,0.0,0.0,0.0,0.0,0.0,0.0,0.0
565369,0.0,0.0,0.0,0.0,0.0,1.0,0.0
565869,0.0,0.0,0.0,0.0,0.0,0.0,0.0
569831,0.0,0.0,0.0,0.0,1.0,0.0,0.0
570331,0.0,0.0,0.0,0.0,0.0,0.0,0.0
571715,0.0,0.0,0.0,0.0,0.0,1.0,0.0
572215,0.0,0.0,0.0,0.0,0.0,0.0,0.0
573644,0.0,0.0,0.0,0.0,0.0,1.0,0.0
573898,0.0,0.0,0.0,0.0,0.0,2.0,0.0
574398,0.0,0.0,0.0,0.0,0.0,0.0,0.0
577721,0.0,0.0,0.0,0.0,0.0,1.0,0.0
578221,0.0,0.0,0.0,0.0,0.0,0.0,0.0
578503,0.0,0.0,0.0,0.0,0.0,1.0,0.0
579003,0.0,0.0,0.0,0.0,0.0,0.0,0.0
579055,0.0,0.0,0.0,0.0,0.0,1.0,0.0
579555,0.0,0.0,0.0,0.0,0.0,0.0,0.0
581326,0.0,0.0,0.0,0.0,0.0,1.0,0.0
581826,0.0,0.0,0.0,0.0,0.0,0.0,0.0
583742,0.0,0.0,0.0,0.0,0.0,1.0,0.0
584242,0.0,0.0,0.0,0.0,0.0,0.0,0.0
584407,0.0,0.0,0.0,0.0,0.0,1.0,0.0
584907,0.0,0.0,0.0,0.0,0.0,0.0,0.0
586131,0.0,0.0,0.0,0.0,0.0,1.0,0.0
586631,0.0,0.0,0.0,0.0,0.0,0.0,0.0
588211,0.0,0.0,0.0,0.0,0.0,1.0,0.0
588711,0.0,0.0,0.0,0.0,0.0,0.0,0.0
589345,0.0,0.0,0.0,0.0,0.0,1.0,0.0
589845,0.0,0.0,0.0,0.0,0.0,0.0,0.0
589973,0.0,0.0,0.0,0.0,0.0,1.0,0.0
590473,0.0,0.0,0.0,0.0,0.0,0.0,0.0
592437,0.0,0.0,0.0,0.0,0.0,1.0,0.0
592937,0.0,0.0,0.0,0.0,0.0,0.0,0.0
593070,0.0,0.0,0.0,0.0,0.0,1.0,0.0
593570,0.0,0.0,0.0,0.0,0.0,0.0,0.0
594392,0.0,0.0,0.0,0.0,0.0,1.0,0.0
594394,0.0,0.0,0.0,0.0,0.0,2.0,0.0
594894,0.0,0.0,0.0,0.0,0.0,0.0,0.0
598080,0.0,0.0,0.0,0.0,0.0,1.0,0.0
598580,0.0,0.0,0.0,0.0,0.0,0.0,0.0
600126,0.0,0.0,0.0,0.0,0.0,1.0,0.0
600127,0.0,0.0,0.0,0.0,0.0,2.0,0.0
600627,0.0,0.0,0.0,0.0,0.0,0.0,0.0
603856,0.0,0.0,0.0,0.0,0.0,1.0,0.0
604356,0.0,0.0,0.0,0.0,0.0,0.0,0.0
604746,0.0,0.0,0.0,0.0,0.0,1.0,0.0
605000,0.0,0.0,0.0,0.0,0.0,1.0,1.0
605082,0.0,0.0,0.0,0.0,0.0,2.0,1.0
605500,0.0,0.0,0.0,0.0,0.0,2.0,0.0
605567,2.0,0.0,0.0,0.0,0.0,2.0,0.0
605582,2.0,0.0,0.0,0.0,0.0,0.0,0.0
605612,2.0,0.0,0.0,0.0,1.0,0.0,0.0
605674,2.0,0.0,0.0,0.0,2.0,0.0,0.0
605734,2.0,0.0,0.0,0.0,2.0,1.0,0.0
605745,2.0,2.0,0.0,0.0,2.0,1.0,0.0
605883,2.0,2.0,0.0,0.0,2.0,2.0,0.0
606067,0.0,2.0,0.0,0.0,2.0,2.0,0.0
606111,2.0,2.0,0.0,0.0,2.0,2.0,0.0
606174,2.0,2.0,0.0,0.0,0.0,2.0,0.0
606245,2.0,0.0,0.0,0.0,0.0,2.0,0.0
606383,2.0,0.0,0.0,0.0,0.0,0.0,0.0
606458,2.0,0.0,0.0,0.0,0.0,1.0,0.0
606611,0.0,0.0,0.0,0.0,0.0,1.0,0.0
606958,0.0,0.0,0.0,0.0,0.0,0.0,0.0
607143,0.0,0.0,0.0,0.0,0.0,1.0,0.0
607329,0.0,0.0,1.0,0.0,0.0,1.0,0.0
607481,0.0,2.0,1.0,0.0,0.0,1.0,0.0
607643,0.0,2.0,1.0,0.0,0.0,0.0,0.0
607682,0.0,2.0,1.0,0.0,0.0,1.0,0.0
607738,0.0,2.0,1.0,0.0,1.0,1.0,0.0
607981,0.0,0.0,1.0,0.0,1.0,1.0,0.0
608182,0.0,0.0,1.0,0.0,1.0,0.0,0.0
608186,0.0,0.0,1.0,0.0,1.0,1.0,0.0
608194,0.0,0.0,1.0,0.0,1.0,2.0,0.0
608238,0.0,0.0,1.0,0.0,0.0,2.0,0.0
608294,0.0,0.0,1.0,0.0,1.0,2.0,0.0
608694,0.0,0.0,1.0,0.0,1.0,0.0,0.0
608758,0.0,0.0,2.0,0.0,1.0,0.0,0.0
608794,0.0,0.0,2.0,0.0,0.0,0.0,0.0
608863,0.0,0.0,2.0,0.0,0.0,1.0,0.0
608934,0.0,0.0,2.0,0.0,1.0,1.0,0.0
608947,0.0,0.0,2.0,0.0,1.0,2.0,0.0
609258,0.0,0.0,0.0,0.0,1.0,2.0,0.0
609375,2.0,0.0,0.0,0.0,1.0,2.0,0.0
609447,2.0,0.0,0.0,0.0,1.0,0.0,0.0
609867,2.0,0.0,0.0,0.0,1.0,1.0,0.0
609875,0.0,0.0,0.0,0.0,1.0,1.0,0.0
610367,0.0,0.0,0.0,0.0,1.0,0.0,0.0
610399,0.0,0.0,0.0,0.0,1.0,1.0,0.0
610434,0.0,0.0,0.0,0.0,0.0,1.0,0.0
610840,0.0,0.0,0.0,0.0,1.0,1.0,0.0
610899,0.0,0.0,0.0,0.0,1.0,0.0,0.0
611068,0.0,0.0,0.0,0.0,1.0,1.0,0.0
611071,0.0,0.0,0.0,0.0,1.0,2.0,0.0
611340,0.0,0.0,0.0,0.0,0.0,2.0,0.0
611357,0.0,0.0,0.0,0.0,1.0,2.0,0.0
611571,0.0,0.0,0.0,0.0,1.0,0.0,0.0
611717,0.0,0.0,0.0,0.0,1.0,1.0,0.0
611720,0.0,0.0,0.0,0.0,1.0,2.0,0.0
611857,0.0,0.0,0.0,0.0,0.0,2.0,0.0
612220,0.0,0.0,0.0,0.0,0.0,0.0,0.0
612480,0.0,0.0,0.0,0.0,1.0,0.0,0.0
612664,0.0,0.0,0.0,0.0,1.0,1.0,0.0
612667,0.0,0.0,0.0,0.0,1.0,2.0,0.0
612980,0.0,0.0,0.0,0.0,0.0,2.0,0.0
613167,0.0,0.0,0.0,0.0,0.0,0.0,0.0
613187,0.0,0.0,0.0,0.0,1.0,0.0,0.0
614150,0.0,0.0,0.0,0.0,1.0,1.0,0.0
614187,0.0,0.0,0.0,0.0,0.0,1.0,0.0
614210,0.0,0.0,0.0,0.0,1.0,1.0,0.0
614212,0.0,0.0,0.0,0.0,1.0,2.0,0.0
614710,0.0,0.0,0.0,0.0,0.0,2.0,0.0
614712,0.0,0.0,0.0,0.0,0.0,0.0,0.0
614883,0.0,0.0,0.0,0.0,1.0,0.0,0.0
615383,0.0,0.0,0.0,0.0,0.0,0.0,0.0
615859,0.0,0.0,0.0,0.0,0.0,1.0,0.0
615970,0.0,0.0,0.0,0.0,0.0,2.0,0.0
616194,0.0,0.0,0.0,0.0,1.0,2.0,0.0
616470,0.0,0.0,0.0,0.0,1.0,0.0,0.0
616554,0.0,0.0,0.0,0.0,1.0,1.0,0.0
617054,0.0,0.0,0.0,0.0,1.0,0.0,0.0
618018,0.0,0.0,0.0,0.0,1.0,1.0,0.0
618518,0.0,0.0,0.0,0.0,1.0,0.0,0.0
618694,0.0,0.0,0.0,0.0,0.0,0.0,0.0
618702,0.0,0.0,0.0,0.0,0.0,1.0,0.0
619202,0.0,0.0,0.0,0.0,0.0,0.0,0.0
619400,0.0,0.0,0.0,0.0,0.0,1.0,0.0
619837,0.0,0.0,0.0,0.0,1.0,1.0,0.0
619844,0.0,0.0,0.0,0.0,1.0,2.0,0.0
620344,0.0,0.0,0.0,0.0,1.0,0.0,0.0
620837,0.0,0.0,0.0,0.0,0.0,0.0,0.0
621074,0.0,0.0,0.0,0.0,1.0,0.0,0.0
621212,0.0,0.0,0.0,0.0,1.0,1.0,0.0
621574,0.0,0.0,0.0,0.0,0.0,1.0,0.0
621712,0.0,0.0,0.0,0.0,0.0,0.0,0.0
621740,0.0,0.0,0.0,0.0,1.0,0.0,0.0
622240,0.0,0.0,0.0,0.0,0.0,0.0,0.0
622295,0.0,0.0,0.0,0.0,0.0,1.0,0.0
622646,0.0,0.0,0.0,0.0,0.0,2.0,0.0
622754,0.0,0.0,0.0,0.0,1.0,2.0,0.0
623146,0.0,0.0,0.0,0.0,1.0,0.0,0.0
623589,0.0,0.0,0.0,0.0,1.0,1.0,0.0
624089,0.0,0.0,0.0,0.0,1.0,0.0,0.0
624186,0.0,0.0,0.0,0.0,1.0,1.0,0.0
624686,0.0,0.0,0.0,0.0,1.0,0.0,0.0
624896,0.0,0.0,0.0,0.0,1.0,1.0,0.0
625396,0.0,0.0,0.0,0.0,1.0,0.0,0.0
625837,0.0,0.0,0.0,0.0,1.0,1.0,0.0
625840,0.0,0.0,0.0,0.0,1.0,2.0,0.0
626340,0.0,0.0,0.0,0.0,1.0,0.0,0.0
626417,0.0,0.0,0.0,0.0,1.0,1.0,0.0
626917,0.0,0.0,0.0,0.0,1.0,0.0,0.0
627050,0.0,0.0,0.0,0.0,1.0,1.0,0.0
627550,0.0,0.0,0.0,0.0,1.0,0.0,0.0
628384,0.0,0.0,0.0,0.0,1.0,1.0,0.0
628388,0.0,0.0,0.0,0.0,1.0,2.0,0.0
628888,0.0,0.0,0.0,0.0,1.0,0.0,0.0
628974,0.0,0.0,0.0,0.0,1.0,1.0,0.0
629474,0.0,0.0,0.0,0.0,1.0,0.0,0.0
629476,0.0,0.0,0.0,0.0,1.0,1.0,0.0
629976,0.0,0.0,0.0,0.0,1.0,0.0,0.0
630361,0.0,0.0,0.0,0.0,1.0,1.0,0.0
630623,0.0,0.0,0.0,0.0,1.0,2.0,0.0
631123,0.0,0.0,0.0,0.0,1.0,0.0,0.0
631141,0.0,0.0,0.0,0.0,1.0,1.0,0.0
631641,0.0,0.0,0.0,0.0,1.0,0.0,0.0
631756,0.0,0.0,0.0,0.0,1.0,1.0,0.0
631839,0.0,0.0,0.0,0.0,1.0,2.0,0.0
632339,0.0,0.0,0.0,0.0,1.0,0.0,0.0
632754,0.0,0.0,0.0,0.0,0.0,0.0,0.0
633006,0.0,0.0,0.0,0.0,0.0,1.0,0.0
633227,0.0,0.0,0.0,0.0,0.0,2.0,0.0
633480,0.0,0.0,0.0,0.0,1.0,2.0,0.0
633727,0.0,0.0,0.0,0.0,1.0,0.0,0.0
634654,0.0,0.0,0.0,0.0,1.0,1.0,0.0
635114,0.0,0.0,0.0,0.0,1.0,2.0,0.0
635141,0.0,2.0,0.0,0.0,1.0,2.0,0.0
635614,0.0,2.0,0.0,0.0,1.0,0.0,0.0
635641,0.0,0.0,0.0,0.0,1.0,0.0,0.0
635844,0.0,0.0,0.0,0.0,1.0,1.0,0.0
635901,0.0,0.0,0.0,0.0,1.0,2.0,0.0
636401,0.0,0.0,0.0,0.0,1.0,0.0,0.0
636667,0.0,0.0,0.0,0.0,1.0,1.0,0.0
637167,0.0,0.0,0.0,0.0,1.0,0.0,0.0
637947,0.0,0.0,0.0,0.0,1.0,1.0,0.0
638447,0.0,0.0,0.0,0.0,1.0,0.0,0.0
638693,0.0,0.0,0.0,0.0,1.0,1.0,0.0
639193,0.0,0.0,0.0,0.0,1.0,0.0,0.0
639230,0.0,0.0,0.0,0.0,1.0,1.0,0.0
639241,0.0,0.0,0.0,0.0,1.0,2.0,0.0
639741,0.0,0.0,0.0,0.0,1.0,0.0,0.0
639855,0.0,0.0,0.0,0.0,1.0,1.0,0.0
640355,0.0,0.0,0.0,0.0,1.0,0.0,0.0
640440,0.0,0.0,0.0,0.0,1.0,1.0,0.0
640871,0.0,0.0,0.0,0.0,1.0,2.0,0.0
641371,0.0,0.0,0.0,0.0,1.0,0.0,0.0
641460,0.0,0.0,0.0,0.0,1.0,1.0,0.0
641960,0.0,0.0,0.0,0.0,1.0,0.0,0.0
642322,0.0,0.0,0.0,0.0,1.0,1.0,0.0
642331,0.0,0.0,0.0,0.0,1.0,2.0,0.0
642831,0.0,0.0,0.0,0.0,1.0,0.0,0.0
643030,0.0,0.0,0.0,0.0,1.0,1.0,0.0
643033,0.0,0.0,0.0,0.0,1.0,2.0,0.0
643533,0.0,0.0,0.0,0.0,1.0,0.0,0.0
643576,0.0,2.0,0.0,0.0,1.0,0.0,0.0
643910,0.0,2.0,0.0,0.0,1.0,1.0,0.0
644076,0.0,0.0,0.0,0.0,1.0,1.0,0.0
644410,0.0,0.0,0.0,0.0,1.0,0.0,0.0
645923,0.0,0.0,0.0,0.0,1.0,1.0,0.0
645929,0.0,0.0,0.0,0.0,1.0,2.0,0.0
646429,0.0,0.0,0.0,0.0,1.0,0.0,0.0
647034,0.0,0.0,0.0,0.0,1.0,1.0,0.0
647534,0.0,0.0,0.0,0.0,1.0,0.0,0.0
647634,0.0,0.0,0.0,0.0,1.0,1.0,0.0
647640,0.0,0.0,0.0,0.0,1.0,2.0,0.0
648140,0.0,0.0,0.0,0.0,1.0,0.0,0.0
648553,0.0,0.0,0.0,0.0,1.0,1.0,0.0
649053,0.0,0.0,0.0,0.0,1.0,0.0,0.0
649117,0.0,0.0,0.0,0.0,1.0,1.0,0.0
649120,0.0,0.0,0.0,0.0,1.0,2.0,0.0
649620,0.0,0.0,0.0,0.0,1.0,0.0,0.0
649984,0.0,0.0,0.0,0.0,1.0,1.0,0.0
650484,0.0,0.0,0.0,0.0,1.0,0.0,0.0
650505,0.0,0.0,0.0,0.0,1.0,1.0,0.0
652005,0.0,0.0,0.0,0.0,1.0,0.0,0.0
652072,0.0,0.0,0.0,0.0,1.0,1.0,0.0
652572,0.0,0.0,0.0,0.0,1.0,0.0,0.0
652771,0.0,0.0,0.0,0.0,1.0,1.0,0.0
652775,0.0,0.0,0.0,0.0,1.0,2.0,0.0
653275,0.0,0.0,0.0,0.0,1.0,0.0,0.0
653402,0.0,0.0,0.0,0.0,1.0,1.0,0.0
653902,0.0,0.0,0.0,0.0,1.0,0.0,0.0
653949,0.0,0.0,0.0,0.0,1.0,1.0,0.0
654118,0.0,0.0,0.0,0.0,1.0,2.0,0.0
654618,0.0,0.0,0.0,0.0,1.0,0.0,0.0
654716,0.0,0.0,0.0,0.0,1.0,1.0,0.0
655216,0.0,0.0,0.0,0.0,1.0,0.0,0.0
656012,0.0,0.0,0.0,0.0,1.0,1.0,0.0
656512,0.0,0.0,0.0,0.0,1.0,0.0,0.0
656916,0.0,0.0,1.0,0.0,1.0,0.0,0.0
657082,0.0,2.0,1.0,0.0,1.0,0.0,0.0
657582,0.0,0.0,1.0,0.0,1.0,0.0,0.0
657737,0.0,0.0,1.0,0.0,1.0,1.0,0.0
658237,0.0,0.0,1.0,0.0,1.0,0.0,0.0
658580,0.0,0.0,1.0,0.0,1.0,1.0,0.0
658661,0.0,0.0,1.0,0.0,1.0,2.0,0.0
659161,0.0,0.0,1.0,0.0,1.0,0.0,0.0
659680,0.0,0.0,1.0,0.0,1.0,1.0,0.0
660180,0.0,0.0,1.0,0.0,1.0,0.0,0.0
661504,0.0,0.0,1.0,0.0,1.0,1.0,0.0
661916,0.0,0.0,0.0,0.0,1.0,1.0,0.0
662004,0.0,0.0,0.0,0.0,1.0,0.0,0.0
662329,0.0,0.0,0.0,0.0,1.0,1.0,0.0
662665,0.0,0.0,1.0,0.0,1.0,1.0,0.0
662829,0.0,0.0,1.0,0.0,1.0,0.0,0.0
662835,0.0,0.0,1.0,0.0,1.0,1.0,0.0
662841,0.0,0.0,1.0,0.0,1.0,2.0,0.0
663341,0.0,0.0,1.0,0.0,1.0,0.0,0.0
663447,0.0,0.0,1.0,0.0,1.0,1.0,0.0
663460,0.0,0.0,1.0,0.0,1.0,2.0,0.0
663960,0.0,0.0,1.0,0.0,1.0,0.0,0.0
664665,0.0,0.0,0.0,0.0,1.0,0.0,0.0
664670,0.0,0.0,1.0,0.0,1.0,0.0,0.0
664844,0.0,0.0,1.0,0.0,1.0,1.0,0.0
664858,0.0,0.0,1.0,0.0,1.0,2.0,0.0
665170,0.0,0.0,0.0,0.0,1.0,2.0,0.0
665343,0.0,0.0,1.0,0.0,1.0,2.0,0.0
665358,0.0,0.0,1.0,0.0,1.0,0.0,0.0
665693,0.0,0.0,1.0,0.0,1.0,1.0,0.0
665843,0.0,0.0,0.0,0.0,1.0,1.0,0.0
665908,0.0,0.0,1.0,0.0,1.0,1.0,0.0
665951,0.0,0.0,1.0,0.0,1.0,2.0,0.0
666451,0.0,0.0,1.0,0.0,1.0,0.0,0.0
666524,0.0,0.0,1.0,0.0,1.0,1.0,0.0
667024,0.0,0.0,1.0,0.0,1.0,0.0,0.0
667237,0.0,0.0,1.0,0.0,1.0,1.0,0.0
667737,0.0,0.0,1.0,0.0,1.0,0.0,0.0
668671,0.0,0.0,1.0,0.0,1.0,1.0,0.0
668908,0.0,0.0,0.0,0.0,1.0,1.0,0.0
669171,0.0,0.0,0.0,0.0,1.0,0.0,0.0
669427,0.0,0.0,0.0,0.0,1.0,1.0,0.0
669927,0.0,0.0,0.0,0.0,1.0,0.0,0.0
670125,0.0,0.0,0.0,0.0,1.0,1.0,0.0
670625,0.0,0.0,0.0,0.0,1.0,0.0,0.0
670744,0.0,0.0,0.0,0.0,1.0,1.0,0.0
670828,0.0,0.0,1.0,0.0,1.0,1.0,0.0
670901,0.0,0.0,1.0,0.0,1.0,2.0,0.0
671401,0.0,0.0,1.0,0.0,1.0,0.0,0.0
671790,0.0,0.0,1.0,0.0,1.0,1.0,0.0
672111,0.0,0.0,1.0,0.0,1.0,2.0,0.0
672611,0.0,0.0,1.0,0.0,1.0,0.0,0.0
672899,0.0,0.0,1.0,0.0,1.0,1.0,0.0
673066,0.0,0.0,1.0,0.0,1.0,2.0,0.0
673566,0.0,0.0,1.0,0.0,1.0,0.0,0.0
673592,0.0,0.0,1.0,0.0,1.0,1.0,0.0
673595,0.0,0.0,1.0,0.0,1.0,2.0,0.0
674095,0.0,0.0,1.0,0.0,1.0,0.0,0.0
674734,0.0,0.0,1.0,0.0,1.0,1.0,0.0
675234,0.0,0.0,1.0,0.0,1.0,0.0,0.0
675328,0.0,0.0,0.0,0.0,1.0,0.0,0.0
675554,0.0,0.0,1.0,0.0,1.0,0.0,0.0
675556,0.0,0.0,1.0,0.0,1.0,1.0,0.0
676054,0.0,0.0,0.0,0.0,1.0,1.0,0.0
676056,0.0,0.0,0.0,0.0,1.0,0.0,0.0
676110,0.0,0.0,0.0,0.0,1.0,1.0,0.0
676146,0.0,0.0,0.0,0.0,1.0,2.0,0.0
676269,0.0,0.0,1.0,0.0,1.0,2.0,0.0
676646,0.0,0.0,1.0,0.0,1.0,0.0,0.0
676769,0.0,0.0,0.0,0.0,1.0,0.0,0.0
676971,0.0,0.0,1.0,0.0,1.0,0.0,0.0
677437,0.0,0.0,1.0,0.0,1.0,1.0,0.0
677471,0.0,0.0,0.0,0.0,1.0,1.0,0.0
677937,0.0,0.0,0.0,0.0,1.0,0.0,0.0
679146,0.0,0.0,0.0,0.0,1.0,1.0,0.0
679150,0.0,0.0,0.0,0.0,1.0,2.0,0.0
679650,0.0,0.0,0.0,0.0,1.0,0.0,0.0
680196,0.0,0.0,0.0,0.0,1.0,1.0,0.0
680593,0.0,0.0,0.0,0.0,1.0,2.0,0.0
681093,0.0,0.0,0.0,0.0,1.0,0.0,0.0
681696,0.0,0.0,0.0,0.0,1.0,1.0,0.0
681819,0.0,2.0,0.0,0.0,1.0,1.0,0.0
682196,0.0,2.0,0.0,0.0,1.0,0.0,0.0
682319,0.0,0.0,0.0,0.0,1.0,0.0,0.0
682491,0.0,0.0,0.0,0.0,1.0,1.0,0.0
682991,0.0,0.0,0.0,0.0,1.0,0.0,0.0
683890,0.0,0.0,0.0,0.0,1.0,1.0,0.0
684390,0.0,0.0,0.0,0.0,1.0,0.0,0.0
684830,0.0,0.0,0.0,0.0,1.0,1.0,0.0
685330,0.0,0.0,0.0,0.0,1.0,0.0,0.0
685441,0.0,0.0,0.0,0.0,1.0,1.0,0.0
685941,0.0,0.0,0.0,0.0,1.0,0.0,0.0
686030,0.0,0.0,0.0,0.0,1.0,1.0,0.0
686088,0.0,0.0,0.0,0.0,1.0,2.0,0.0
686588,0.0,0.0,0.0,0.0,1.0,0.0,0.0
687203,0.0,0.0,0.0,0.0,1.0,1.0,0.0
687703,0.0,0.0,0.0,0.0,1.0,0.0,0.0
689762,0.0,0.0,0.0,0.0,1.0,1.0,0.0
690262,0.0,0.0,0.0,0.0,1.0,0.0,0.0
690611,0.0,0.0,0.0,0.0,1.0,1.0,0.0
690658,0.0,2.0,0.0,0.0,1.0,1.0,0.0
691111,0.0,2.0,0.0,0.0,1.0,0.0,0.0
691158,0.0,0.0,0.0,0.0,1.0,0.0,0.0
692209,0.0,0.0,0.0,0.0,1.0,1.0,0.0
692212,0.0,0.0,0.0,0.0,1.0,2.0,0.0
692712,0.0,0.0,0.0,0.0,1.0,0.0,0.0
693610,0.0,0.0,0.0,0.0,1.0,1.0,0.0
693616,0.0,0.0,0.0,0.0,1.0,2.0,0.0
694116,0.0,0.0,0.0,0.0,1.0,0.0,0.0
694600,0.0,0.0,0.0,0.0,1.0,1.0,0.0
694604,0.0,0.0,0.0,0.0,1.0,2.0,0.0
695104,0.0,0.0,0.0,0.0,1.0,0.0,0.0
695433,0.0,0.0,0.0,0.0,1.0,1.0,0.0
695436,0.0,0.0,0.0,0.0,1.0,2.0,0.0
695936,0.0,0.0,0.0,0.0,1.0,0.0,0.0
697310,0.0,0.0,0.0,0.0,1.0,1.0,0.0
697337,0.0,0.0,0.0,0.0,1.0,2.0,0.0
697837,0.0,0.0,0.0,0.0,1.0,0.0,0.0
698058,0.0,0.0,0.0,0.0,1.0,1.0,0.0
698071,0.0,0.0,1.0,0.0,1.0,1.0,0.0
698558,0.0,0.0,1.0,0.0,1.0,0.0,0.0
699482,0.0,0.0,1.0,0.0,1.0,1.0,0.0
699982,0.0,0.0,1.0,0.0,1.0,0.0,0.0
700543,0.0,0.0,1.0,0.0,1.0,1.0,0.0
701043,0.0,0.0,1.0,0.0,1.0,0.0,0.0
701168,0.0,0.0,1.0,0.0,1.0,1.0,0.0
701668,0.0,0.0,1.0,0.0,1.0,0.0,0.0
701905,0.0,0.0,1.0,0.0,1.0,1.0,0.0
702249,0.0,0.0,1.0,0.0,1.0,2.0,0.0
702749,0.0,0.0,1.0,0.0,1.0,0.0,0.0
703380,0.0,0.0,1.0,0.0,1.0,1.0,0.0
703880,0.0,0.0,1.0,0.0,1.0,0.0,0.0
704151,0.0,0.0,1.0,0.0,1.0,1.0,0.0
704651,0.0,0.0,1.0,0.0,1.0,0.0,0.0
704825,0.0,0.0,1.0,0.0,1.0,1.0,0.0
705325,0.0,0.0,1.0,0.0,1.0,0.0,0.0
705361,0.0,0.0,1.0,0.0,1.0,1.0,0.0
705861,0.0,0.0,1.0,0.0,1.0,0.0,0.0
706480,0.0,0.0,1.0,0.0,0.0,0.0,0.0
706571,0.0,0.0,0.0,0.0,0.0,0.0,0.0
708265,0.0,0.0,0.0,0.0,1.0,0.0,0.0
708325,0.0,0.0,0.0,0.0,1.0,1.0,0.0
708382,0.0,0.0,0.0,0.0,1.0,2.0,0.0
708765,0.0,0.0,0.0,0.0,0.0,2.0,0.0
708882,0.0,0.0,0.0,0.0,0.0,0.0,0.0
715899,0.0,0.0,0.0,0.0,0.0,1.0,0.0
716399,0.0,0.0,0.0,0.0,0.0,0.0,0.0
717083,0.0,0.0,0.0,0.0,0.0,1.0,0.0
717583,0.0,0.0,0.0,0.0,0.0,0.0,0.0
720416,0.0,0.0,0.0,0.0,0.0,1.0,0.0
720916,0.0,0.0,0.0,0.0,0.0,0.0,0.0
723696,0.0,0.0,0.0,0.0,0.0,1.0,0.0
724196,0.0,0.0,0.0,0.0,0.0,0.0,0.0
725387,0.0,0.0,0.0,0.0,0.0,1.0,0.0
725389,0.0,0.0,0.0,0.0,0.0,2.0,0.0
725889,0.0,0.0,0.0,0.0,0.0,0.0,0.0
725973,0.0,0.0,0.0,0.0,0.0,1.0,0.0
726473,0.0,0.0,0.0,0.0,0.0,0.0,0.0
728381,0.0,0.0,0.0,0.0,0.0,1.0,0.0
728881,0.0,0.0,0.0,0.0,0.0,0.0,0.0
729232,0.0,0.0,0.0,0.0,0.0,1.0,0.0
729732,0.0,0.0,0.0,0.0,0.0,0.0,0.0
729941,0.0,0.0,0.0,0.0,0.0,1.0,0.0
730441,0.0,0.0,0.0,0.0,0.0,0.0,0.0
731407,0.0,0.0,0.0,0.0,0.0,1.0,0.0
731907,0.0,0.0,0.0,0.0,0.0,0.0,0.0
734544,0.0,0.0,0.0,0.0,0.0,1.0,0.0
735044,0.0,0.0,0.0,0.0,0.0,0.0,0.0
737037,0.0,0.0,0.0,0.0,0.0,1.0,0.0
737537,0.0,0.0,0.0,0.0,0.0,0.0,0.0
738255,0.0,0.0,0.0,0.0,0.0,1.0,0.0
738755,0.0,0.0,0.0,0.0,0.0,0.0,0.0
740658,0.0,0.0,0.0,0.0,0.0,1.0,0.0
741158,0.0,0.0,0.0,0.0,0.0,0.0,0.0
747515,0.0,0.0,0.0,0.0,0.0,1.0,0.0
748015,0.0,0.0,0.0,0.0,0.0,0.0,0.0
750837,0.0,0.0,0.0,0.0,0.0,1.0,0.0
751337,0.0,0.0,0.0,0.0,0.0,0.0,0.0
752064,0.0,0.0,0.0,0.0,0.0,1.0,0.0
752564,0.0,0.0,0.0,0.0,0.0,0.0,0.0
752575,0.0,0.0,0.0,0.0,0.0,1.0,0.0
753075,0.0,0.0,0.0,0.0,0.0,0.0,0.0
755740,0.0,0.0,0.0,0.0,0.0,1.0,0.0
756240,0.0,0.0,0.0,0.0,0.0,0.0,0.0
757317,0.0,0.0,0.0,0.0,0.0,1.0,0.0
757319,0.0,0.0,0.0,0.0,0.0,2.0,0.0
757819,0.0,0.0,0.0,0.0,0.0,0.0,0.0
760638,0.0,0.0,0.0,0.0,0.0,1.0,0.0
761138,0.0,0.0,0.0,0.0,0.0,0.0,0.0
762181,0.0,0.0,0.0,0.0,0.0,1.0,0.0
762681,0.0,0.0,0.0,0.0,0.0,0.0,0.0
766521,0.0,0.0,0.0,0.0,1.0,0.0,0.0
767021,0.0,0.0,0.0,0.0,0.0,0.0,0.0
768150,0.0,0.0,0.0,0.0,0.0,1.0,0.0
768650,0.0,0.0,0.0,0.0,0.0,0.0,0.0
769453,0.0,0.0,0.0,0.0,0.0,1.0,0.0
769953,0.0,0.0,0.0,0.0,0.0,0.0,0.0
774694,0.0,0.0,0.0,0.0,0.0,1.0,0.0
775194,0.0,0.0,0.0,0.0,0.0,0.0,0.0
778749,0.0,0.0,0.0,0.0,0.0,1.0,0.0
779249,0.0,0.0,0.0,0.0,0.0,0.0,0.0
783737,0.0,0.0,0.0,0.0,0.0,1.0,0.0
783740,0.0,0.0,0.0,0.0,0.0,2.0,0.0
784240,0.0,0.0,0.0,0.0,0.0,0.0,0.0
785342,0.0,0.0,0.0,0.0,0.0,1.0,0.0
785842,0.0,0.0,0.0,0.0,0.0,0.0,0.0
787663,0.0,0.0,0.0,0.0,0.0,1.0,0.0
787667,0.0,0.0,0.0,0.0,0.0,2.0,0.0
788167,0.0,0.0,0.0,0.0,0.0,0.0,0.0
793732,0.0,0.0,0.0,0.0,0.0,1.0,0.0
794232,0.0,0.0,0.0,0.0,0.0,0.0,0.0
795648,0.0,0.0,0.0,0.0,0.0,1.0,0.0
796148,0.0,0.0,0.0,0.0,0.0,0.0,0.0
798186,0.0,0.0,0.0,0.0,0.0,1.0,0.0
798686,0.0,0.0,0.0,0.0,0.0,0.0,0.0
800877,0.0,0.0,0.0,0.0,0.0,1.0,0.0
801153,0.0,0.0,0.0,0.0,0.0,2.0,0.0
801653,0.0,0.0,0.0,0.0,0.0,0.0,0.0
807000,0.0,0.0,0.0,0.0,0.0,0.0,1.0
807390,0.0,0.0,0.0,0.0,0.0,1.0,1.0
807416,0.0,0.0,0.0,0.0,0.0,2.0,1.0
807455,2.0,0.0,0.0,0.0,0.0,2.0,1.0
807500,2.0,0.0,0.0,0.0,0.0,2.0,0.0
807569,2.0,0.0,0.0,0.0,1.0,2.0,0.0
807605,2.0,0.0,0.0,0.0,2.0,2.0,0.0
807748,2.0,2.0,0.0,0.0,2.0,2.0,0.0
807916,2.0,2.0,0.0,0.0,2.0,0.0,0.0
807955,0.0,2.0,0.0,0.0,2.0,0.0,0.0
808031,2.0,2.0,0.0,0.0,2.0,0.0,0.0
808105,2.0,2.0,0.0,0.0,0.0,0.0,0.0
808248,2.0,0.0,0.0,0.0,0.0,0.0,0.0
808375,2.0,0.0,0.0,0.0,0.0,1.0,0.0
808531,0.0,0.0,0.0,0.0,0.0,1.0,0.0
808629,0.0,0.0,0.0,0.0,0.0,2.0,0.0
808671,2.0,0.0,0.0,0.0,0.0,2.0,0.0
809100,2.0,0.0,1.0,0.0,0.0,2.0,0.0
809129,2.0,0.0,1.0,0.0,0.0,0.0,0.0
809171,0.0,0.0,1.0,0.0,0.0,0.0,0.0
809599,0.0,0.0,1.0,0.0,0.0,1.0,0.0
809944,0.0,2.0,1.0,0.0,0.0,1.0,0.0
810099,0.0,2.0,1.0,0.0,0.0,0.0,0.0
810414,0.0,2.0,2.0,0.0,0.0,0.0,0.0
810444,0.0,0.0,2.0,0.0,0.0,0.0,0.0
810914,0.0,0.0,0.0,0.0,0.0,0.0,0.0
811187,0.0,0.0,0.0,0.0,0.0,1.0,0.0
811198,0.0,0.0,0.0,0.0,0.0,2.0,0.0
811698,0.0,0.0,0.0,0.0,0.0,0.0,0.0
811781,0.0,0.0,0.0,0.0,0.0,1.0,0.0
811789,0.0,0.0,0.0,0.0,0.0,2.0,0.0
812289,0.0,0.0,0.0,0.0,0.0,0.0,0.0
812363,0.0,0.0,0.0,0.0,0.0,1.0,0.0
812387,0.0,0.0,0.0,0.0,0.0,2.0,0.0
812887,0.0,0.0,0.0,0.0,0.0,0.0,0.0
813519,0.0,0.0,0.0,0.0,0.0,1.0,0.0
814019,0.0,0.0,0.0,0.0,0.0,0.0,0.0
814162,0.0,0.0,0.0,0.0,0.0,1.0,0.0
814662,0.0,0.0,0.0,0.0,0.0,0.0,0.0
814789,0.0,0.0,0.0,0.0,0.0,1.0,0.0
815289,0.0,0.0,0.0,0.0,0.0,0.0,0.0
817027,0.0,0.0,0.0,0.0,0.0,1.0,0.0
817476,0.0,0.0,0.0,0.0,0.0,2.0,0.0
817976,0.0,0.0,0.0,0.0,0.0,0.0,0.0
818052,0.0,0.0,0.0,0.0,0.0,1.0,0.0
818552,0.0,0.0,0.0,0.0,0.0,0.0,0.0
818970,0.0,0.0,0.0,0.0,0.0,1.0,0.0
819172,0.0,0.0,0.0,0.0,0.0,2.0,0.0
819672,0.0,0.0,0.0,0.0,0.0,0.0,0.0
819978,0.0,0.0,0.0,0.0,0.0,1.0,0.0
820478,0.0,0.0,0.0,0.0,0.0,0.0,0.0
821215,0.0,0.0,0.0,0.0,0.0,1.0,0.0
821250,0.0,0.0,0.0,0.0,0.0,2.0,0.0
821750,0.0,0.0,0.0,0.0,0.0,0.0,0.0
821944,0.0,0.0,0.0,0.0,0.0,1.0,0.0
822444,0.0,0.0,0.0,0.0,0.0,0.0,0.0
822548,0.0,0.0,0.0,0.0,0.0,1.0,0.0
823048,0.0,0.0,0.0,0.0,0.0,0.0,0.0
823738,0.0,0.0,0.0,0.0,0.0,1.0,0.0
824238,0.0,0.0,0.0,0.0,0.0,0.0,0.0
824608,0.0,0.0,0.0,0.0,0.0,1.0,0.0
825108,0.0,0.0,0.0,0.0,0.0,0.0,0.0
825164,0.0,0.0,0.0,0.0,0.0,1.0,0.0
825664,0.0,0.0,0.0,0.0,0.0,0.0,0.0
825698,0.0,0.0,0.0,0.0,0.0,1.0,0.0
826198,0.0,0.0,0.0,0.0,0.0,0.0,0.0
826236,0.0,0.0,0.0,0.0,0.0,1.0,0.0
826243,0.0,0.0,0.0,0.0,0.0,2.0,0.0
826743,0.0,0.0,0.0,0.0,0.0,0.0,0.0
827054,0.0,0.0,0.0,0.0,0.0,1.0,0.0
827554,0.0,0.0,0.0,0.0,0.0,0.0,0.0
827920,0.0,0.0,0.0,0.0,0.0,1.0,0.0
828420,0.0,0.0,0.0,0.0,0.0,0.0,0.0
828731,0.0,0.0,0.0,0.0,0.0,1.0,0.0
828983,0.0,0.0,0.0,0.0,0.0,2.0,0.0
829483,0.0,0.0,0.0,0.0,0.0,0.0,0.0
829750,0.0,0.0,0.0,0.0,0.0,1.0,0.0
829754,0.0,0.0,0.0,0.0,0.0,2.0,0.0
830254,0.0,0.0,0.0,0.0,0.0,0.0,0.0
830927,0.0,0.0,0.0,0.0,0.0,1.0,0.0
831256,0.0,2.0,0.0,0.0,0.0,1.0,0.0
831427,0.0,2.0,0.0,0.0,0.0,0.0,0.0
831480,0.0,2.0,0.0,0.0,0.0,1.0,0.0
831661,0.0,2.0,0.0,0.0,0.0,2.0,0.0
831756,0.0,0.0,0.0,0.0,0.0,2.0,0.0
832161,0.0,0.0,0.0,0.0,0.0,0.0,0.0
832747,0.0,0.0,0.0,0.0,0.0,1.0,0.0
832995,0.0,0.0,0.0,0.0,0.0,2.0,0.0
833495,0.0,0.0,0.0,0.0,0.0,0.0,0.0
833914,0.0,0.0,0.0,0.0,0.0,1.0,0.0
834414,0.0,0.0,0.0,0.0,0.0,0.0,0.0
834433,0.0,0.0,0.0,0.0,0.0,1.0,0.0
834933,0.0,0.0,0.0,0.0,0.0,0.0,0.0
835002,0.0,0.0,0.0,0.0,0.0,1.0,0.0
835140,0.0,0.0,0.0,0.0,0.0,2.0,0.0
835640,0.0,0.0,0.0,0.0,0.0,0.0,0.0
835698,0.0,0.0,0.0,0.0,0.0,1.0,0.0
836031,0.0,0.0,0.0,0.0,0.0,2.0,0.0
836531,0.0,0.0,0.0,0.0,0.0,0.0,0.0
836708,0.0,0.0,0.0,0.0,0.0,1.0,0.0
836711,0.0,0.0,0.0,0.0,0.0,2.0,0.0
837211,0.0,0.0,0.0,0.0,0.0,0.0,0.0
837352,0.0,0.0,0.0,0.0,0.0,1.0,0.0
837361,0.0,0.0,0.0,0.0,0.0,2.0,0.0
837861,0.0,0.0,0.0,0.0,0.0,0.0,0.0
837911,0.0,0.0,0.0,0.0,0.0,1.0,0.0
838063,0.0,0.0,0.0,0.0,0.0,2.0,0.0
838563,0.0,0.0,0.0,0.0,0.0,0.0,0.0
838600,0.0,0.0,0.0,0.0,0.0,1.0,0.0
838615,0.0,0.0,0.0,0.0,0.0,2.0,0.0
839115,0.0,0.0,0.0,0.0,0.0,0.0,0.0
839303,0.0,0.0,0.0,0.0,0.0,1.0,0.0
839649,0.0,0.0,0.0,0.0,0.0,2.0,0.0
840149,0.0,0.0,0.0,0.0,0.0,0.0,0.0
840398,0.0,0.0,0.0,0.0,0.0,1.0,0.0
840898,0.0,0.0,0.0,0.0,0.0,0.0,0.0
841026,0.0,0.0,0.0,0.0,0.0,1.0,0.0
841526,0.0,0.0,0.0,0.0,0.0,0.0,0.0
842031,0.0,0.0,0.0,0.0,0.0,1.0,0.0
842531,0.0,0.0,0.0,0.0,0.0,0.0,0.0
842797,0.0,0.0,0.0,0.0,0.0,1.0,0.0
842824,0.0,0.0,0.0,0.0,0.0,2.0,0.0
843324,0.0,0.0,0.0,0.0,0.0,0.0,0.0
843721,0.0,0.0,0.0,0.0,0.0,1.0,0.0
844221,0.0,0.0,0.0,0.0,0.0,0.0,0.0
844728,0.0,0.0,0.0,0.0,1.0,0.0,0.0
845228,0.0,0.0,0.0,0.0,0.0,0.0,0.0
845286,0.0,0.0,0.0,0.0,0.0,1.0,0.0
845786,0.0,0.0,0.0,0.0,0.0,0.0,0.0
845954,0.0,0.0,0.0,0.0,0.0,1.0,0.0
846454,0.0,0.0,0.0,0.0,0.0,0.0,0.0
846896,0.0,0.0,0.0,0.0,0.0,1.0,0.0
847396,0.0,0.0,0.0,0.0,0.0,0.0,0.0
847523,0.0,0.0,0.0,0.0,0.0,1.0,0.0
848023,0.0,0.0,0.0,0.0,0.0,0.0,0.0
848117,0.0,0.0,0.0,0.0,0.0,1.0,0.0
848537,0.0,0.0,0.0,0.0,0.0,2.0,0.0
849037,0.0,0.0,0.0,0.0,0.0,0.0,0.0
850449,0.0,0.0,0.0,0.0,0.0,1.0,0.0
850949,0.0,0.0,0.0,0.0,0.0,0.0,0.0
851054,0.0,0.0,0.0,0.0,0.0,1.0,0.0
851057,0.0,0.0,0.0,0.0,0.0,2.0,0.0
851557,0.0,0.0,0.0,0.0,0.0,0.0,0.0
851655,0.0,0.0,0.0,0.0,0.0,1.0,0.0
852155,0.0,0.0,0.0,0.0,0.0,0.0,0.0
852195,0.0,0.0,0.0,0.0,0.0,1.0,0.0
852695,0.0,0.0,0.0,0.0,0.0,0.0,0.0
853076,0.0,0.0,0.0,0.0,0.0,1.0,0.0
853078,0.0,0.0,0.0,0.0,1.0,1.0,0.0
853082,0.0,0.0,0.0,0.0,1.0,2.0,0.0
853578,0.0,0.0,0.0,0.0,0.0,2.0,0.0
853582,0.0,0.0,0.0,0.0,0.0,0.0,0.0
854272,0.0,0.0,0.0,0.0,0.0,1.0,0.0
854288,0.0,0.0,0.0,0.0,0.0,2.0,0.0
854788,0.0,0.0,0.0,0.0,0.0,0.0,0.0
854828,0.0,0.0,0.0,0.0,0.0,1.0,0.0
855328,0.0,0.0,0.0,0.0,0.0,0.0,0.0
855638,0.0,0.0,0.0,0.0,0.0,1.0,0.0
856138,0.0,0.0,0.0,0.0,0.0,0.0,0.0
856446,0.0,0.0,0.0,0.0,0.0,1.0,0.0
856799,0.0,0.0,0.0,0.0,0.0,2.0,0.0
857299,0.0,0.0,0.0,0.0,0.0,0.0,0.0
858525,0.0,0.0,0.0,0.0,0.0,1.0,0.0
859025,0.0,0.0,0.0,0.0,0.0,0.0,0.0
859217,0.0,0.0,0.0,0.0,0.0,1.0,0.0
859415,0.0,0.0,0.0,0.0,0.0,2.0,0.0
859542,0.0,0.0,0.0,0.0,1.0,2.0,0.0
859915,0.0,0.0,0.0,0.0,1.0,0.0,0.0
860042,0.0,0.0,0.0,0.0,0.0,0.0,0.0
861660,0.0,0.0,0.0,0.0,0.0,1.0,0.0
862160,0.0,0.0,0.0,0.0,0.0,0.0,0.0
862224,0.0,0.0,0.0,0.0,0.0,1.0,0.0
862724,0.0,0.0,0.0,0.0,0.0,0.0,0.0
863126,0.0,0.0,0.0,0.0,0.0,1.0,0.0
863199,0.0,0.0,0.0,0.0,0.0,2.0,0.0
863699,0.0,0.0,0.0,0.0,0.0,0.0,0.0
864257,0.0,0.0,0.0,0.0,0.0,1.0,0.0
864272,0.0,0.0,0.0,0.0,1.0,1.0,0.0
864277,0.0,0.0,0.0,0.0,1.0,2.0,0.0
864772,0.0,0.0,0.0,0.0,0.0,2.0,0.0
864777,0.0,0.0,0.0,0.0,0.0,0.0,0.0
865355,0.0,0.0,0.0,0.0,0.0,1.0,0.0
865361,0.0,0.0,0.0,0.0,0.0,2.0,0.0
865861,0.0,0.0,0.0,0.0,0.0,0.0,0.0
866360,0.0,0.0,0.0,0.0,0.0,1.0,0.0
866860,0.0,0.0,0.0,0.0,0.0,0.0,0.0
867050,0.0,0.0,0.0,0.0,0.0,1.0,0.0
867550,0.0,0.0,0.0,0.0,0.0,0.0,0.0
867638,0.0,0.0,0.0,0.0,0.0,1.0,0.0
868138,0.0,0.0,0.0,0.0,0.0,0.0,0.0
868312,0.0,0.0,0.0,0.0,0.0,1.0,0.0
868812,0.0,0.0,0.0,0.0,0.0,0.0,0.0
868919,0.0,0.0,0.0,0.0,0.0,1.0,0.0
869292,0.0,0.0,0.0,0.0,0.0,2.0,0.0
869601,0.0,0.0,0.0,0.0,1.0,2.0,0.0
869613,0.0,0.0,0.0,0.0,2.0,2.0,0.0
869792,0.0,0.0,0.0,0.0,2.0,0.0,0.0
869873,0.0,2.0,0.0,0.0,2.0,0.0,0.0
869877,0.0,2.0,0.0,0.0,2.0,1.0,0.0
869884,0.0,2.0,0.0,0.0,2.0,2.0,0.0
870113,0.0,2.0,0.0,0.0,0.0,2.0,0.0
870373,0.0,0.0,0.0,0.0,0.0,2.0,0.0
870384,0.0,0.0,0.0,0.0,0.0,0.0,0.0
871662,0.0,0.0,0.0,0.0,0.0,1.0,0.0
872162,0.0,0.0,0.0,0.0,0.0,0.0,0.0
872556,0.0,0.0,0.0,0.0,0.0,1.0,0.0
872934,0.0,0.0,0.0,0.0,1.0,1.0,0.0
873056,0.0,0.0,0.0,0.0,1.0,0.0,0.0
873428,0.0,0.0,0.0,0.0,1.0,1.0,0.0
873434,0.0,0.0,0.0,0.0,0.0,1.0,0.0
873928,0.0,0.0,0.0,0.0,0.0,0.0,0.0
874606,0.0,0.0,0.0,0.0,0.0,1.0,0.0
875106,0.0,0.0,0.0,0.0,0.0,0.0,0.0
875408,0.0,0.0,0.0,0.0,0.0,1.0,0.0
875908,0.0,0.0,0.0,0.0,0.0,0.0,0.0
876462,0.0,0.0,0.0,0.0,0.0,1.0,0.0
876962,0.0,0.0,0.0,0.0,0.0,0.0,0.0
877437,0.0,0.0,0.0,0.0,0.0,1.0,0.0
877440,0.0,0.0,0.0,0.0,0.0,2.0,0.0
877940,0.0,0.0,0.0,0.0,0.0,0.0,0.0
878387,0.0,0.0,0.0,0.0,0.0,1.0,0.0
878759,0.0,0.0,0.0,0.0,1.0,1.0,0.0
878887,0.0,0.0,0.0,0.0,1.0,0.0,0.0
879030,0.0,0.0,0.0,0.0,1.0,1.0,0.0
879259,0.0,0.0,0.0,0.0,0.0,1.0,0.0
879530,0.0,0.0,0.0,0.0,0.0,0.0,0.0
879872,0.0,0.0,0.0,0.0,0.0,1.0,0.0
880165,0.0,0.0,0.0,0.0,0.0,2.0,0.0
880665,0.0,0.0,0.0,0.0,0.0,1.0,0.0
880770,0.0,0.0,0.0,0.0,0.0,2.0,0.0
881270,0.0,0.0,0.0,0.0,0.0,0.0,0.0
881541,0.0,0.0,0.0,0.0,0.0,1.0,0.0
882041,0.0,0.0,0.0,0.0,0.0,0.0,0.0
882054,0.0,0.0,0.0,0.0,0.0,1.0,0.0
882554,0.0,0.0,0.0,0.0,0.0,0.0,0.0
882660,0.0,0.0,0.0,0.0,0.0,1.0,0.0
883160,0.0,0.0,0.0,0.0,0.0,0.0,0.0
883317,0.0,0.0,0.0,0.0,0.0,1.0,0.0
883320,0.0,0.0,0.0,0.0,0.0,2.0,0.0
883820,0.0,0.0,0.0,0.0,0.0,0.0,0.0
884934,0.0,0.0,0.0,0.0,0.0,1.0,0.0
885434,0.0,0.0,0.0,0.0,0.0,0.0,0.0
885695,0.0,0.0,0.0,0.0,0.0,1.0,0.0
885755,0.0,0.0,0.0,0.0,0.0,2.0,0.0
885808,0.0,0.0,0.0,0.0,1.0,2.0,0.0
886255,0.0,0.0,0.0,0.0,1.0,0.0,0.0
886308,0.0,0.0,0.0,0.0,0.0,0.0,0.0
886504,0.0,0.0,0.0,0.0,0.0,1.0,0.0
886770,0.0,2.0,0.0,0.0,0.0,1.0,0.0
887004,0.0,2.0,0.0,0.0,0.0,0.0,0.0
887181,0.0,2.0,0.0,0.0,0.0,1.0,0.0
887270,0.0,0.0,0.0,0.0,0.0,1.0,0.0
887681,0.0,0.0,0.0,0.0,0.0,0.0,0.0
887878,0.0,0.0,0.0,0.0,0.0,1.0,0.0
888378,0.0,0.0,0.0,0.0,0.0,0.0,0.0
889133,0.0,0.0,0.0,0.0,0.0,1.0,0.0
889633,0.0,0.0,0.0,0.0,0.0,0.0,0.0
889867,0.0,0.0,0.0,0.0,0.0,1.0,0.0
890367,0.0,0.0,0.0,0.0,0.0,0.0,0.0
891554,0.0,0.0,0.0,0.0,0.0,1.0,0.0
891713,0.0,0.0,0.0,0.0,0.0,2.0,0.0
892213,0.0,0.0,0.0,0.0,0.0,0.0,0.0
892358,0.0,0.0,0.0,0.0,0.0,1.0,0.0
892364,0.0,0.0,0.0,0.0,0.0,2.0,0.0
892864,0.0,0.0,0.0,0.0,0.0,0.0,0.0
893891,0.0,0.0,0.0,0.0,0.0,1.0,0.0
894391,0.0,0.0,0.0,0.0,0.0,0.0,0.0
894966,0.0,0.0,0.0,0.0,0.0,1.0,0.0
895466,0.0,0.0,0.0,0.0,0.0,0.0,0.0
896857,0.0,0.0,0.0,0.0,0.0,1.0,0.0
897357,0.0,0.0,0.0,0.0,0.0,0.0,0.0
897937,0.0,0.0,0.0,0.0,0.0,1.0,0.0
897972,0.0,0.0,0.0,0.0,0.0,2.0,0.0
898472,0.0,0.0,0.0,0.0,0.0,0.0,0.0
898665,0.0,0.0,0.0,0.0,0.0,1.0,0.0
898805,0.0,0.0,0.0,0.0,0.0,2.0,0.0
899305,0.0,0.0,0.0,0.0,0.0,0.0,0.0
899685,0.0,0.0,0.0,0.0,0.0,1.0,0.0
900185,0.0,0.0,0.0,0.0,0.0,0.0,0.0
900225,0.0,0.0,0.0,0.0,0.0,1.0,0.0
900725,0.0,0.0,0.0,0.0,0.0,0.0,0.0
901621,0.0,0.0,0.0,0.0,0.0,1.0,0.0
901636,0.0,0.0,0.0,0.0,0.0,2.0,0.0
901768,0.0,2.0,0.0,0.0,0.0,2.0,0.0
902136,0.0,2.0,0.0,0.0,0.0,0.0,0.0
902153,0.0,2.0,0.0,0.0,0.0,1.0,0.0
902268,0.0,0.0,0.0,0.0,0.0,1.0,0.0
902653,0.0,0.0,0.0,0.0,0.0,0.0,0.0
902904,0.0,0.0,0.0,0.0,0.0,1.0,0.0
903364,0.0,0.0,0.0,0.0,0.0,2.0,0.0
903864,0.0,0.0,0.0,0.0,0.0,0.0,0.0
904092,0.0,0.0,0.0,0.0,0.0,1.0,0.0
904324,0.0,0.0,0.0,0.0,0.0,2.0,0.0
904824,0.0,0.0,0.0,0.0,0.0,0.0,0.0
906748,0.0,0.0,0.0,0.0,0.0,1.0,0.0
907060,0.0,0.0,0.0,0.0,0.0,2.0,0.0
907560,0.0,0.0,0.0,0.0,0.0,0.0,0.0
907736,0.0,0.0,0.0,0.0,0.0,1.0,0.0
907748,0.0,0.0,0.0,0.0,0.0,2.0,0.0
908248,0.0,0.0,0.0,0.0,0.0,0.0,0.0
910079,0.0,0.0,0.0,0.0,0.0,1.0,0.0
910084,0.0,0.0,0.0,0.0,0.0,2.0,0.0
910218,0.0,0.0,0.0,0.0,1.0,2.0,0.0
910584,0.0,0.0,0.0,0.0,1.0,0.0,0.0
910718,0.0,0.0,0.0,0.0,0.0,0.0,0.0
916140,0.0,0.0,0.0,0.0,0.0,1.0,0.0
916640,0.0,0.0,0.0,0.0,0.0,0.0,0.0
918538,0.0,0.0,0.0,0.0,0.0,1.0,0.0
919038,0.0,0.0,0.0,0.0,0.0,0.0,0.0
919310,0.0,0.0,0.0,0.0,0.0,1.0,0.0
919810,0.0,0.0,0.0,0.0,0.0,0.0,0.0
920237,0.0,0.0,0.0,0.0,0.0,1.0,0.0
920238,0.0,0.0,0.0,0.0,0.0,2.0,0.0
920738,0.0,0.0,0.0,0.0,0.0,0.0,0.0
927244,0.0,0.0,0.0,0.0,0.0,1.0,0.0
927744,0.0,0.0,0.0,0.0,0.0,0.0,0.0
929440,0.0,0.0,0.0,0.0,0.0,1.0,0.0
929940,0.0,0.0,0.0,0.0,0.0,0.0,0.0
932853,0.0,0.0,0.0,0.0,0.0,1.0,0.0
933032,0.0,0.0,0.0,0.0,0.0,2.0,0.0
933532,0.0,0.0,0.0,0.0,0.0,0.0,0.0
937094,0.0,0.0,0.0,0.0,0.0,1.0,0.0
937104,0.0,0.0,0.0,0.0,0.0,2.0,0.0
937604,0.0,0.0,0.0,0.0,0.0,0.0,0.0
938217,0.0,0.0,0.0,0.0,0.0,1.0,0.0
938717,0.0,0.0,0.0,0.0,0.0,0.0,0.0
941368,0.0,0.0,0.0,0.0,0.0,1.0,0.0
941868,0.0,0.0,0.0,0.0,0.0,0.0,0.0
942868,0.0,0.0,0.0,0.0,0.0,1.0,0.0
943368,0.0,0.0,0.0,0.0,0.0,0.0,0.0
944296,0.0,0.0,0.0,0.0,0.0,1.0,0.0
944796,0.0,0.0,0.0,0.0,0.0,0.0,0.0
952143,0.0,0.0,0.0,0.0,0.0,1.0,0.0
952643,0.0,0.0,0.0,0.0,0.0,0.0,0.0
953036,0.0,0.0,0.0,0.0,0.0,1.0,0.0
953039,0.0,0.0,0.0,0.0,0.0,2.0,0.0
953539,0.0,0.0,0.0,0.0,0.0,0.0,0.0
956778,0.0,0.0,0.0,0.0,0.0,1.0,0.0
957278,0.0,0.0,0.0,0.0,0.0,0.0,0.0
957559,0.0,0.0,0.0,0.0,0.0,1.0,0.0
958059,0.0,0.0,0.0,0.0,0.0,0.0,0.0
963844,0.0,0.0,0.0,0.0,0.0,1.0,0.0
964344,0.0,0.0,0.0,0.0,0.0,0.0,0.0
964454,0.0,0.0,0.0,0.0,0.0,1.0,0.0
964483,0.0,0.0,0.0,0.0,0.0,2.0,0.0
964983,0.0,0.0,0.0,0.0,0.0,0.0,0.0
967738,0.0,0.0,0.0,0.0,0.0,1.0,0.0
968238,0.0,0.0,0.0,0.0,0.0,0.0,0.0
969172,0.0,0.0,0.0,0.0,0.0,1.0,0.0
969672,0.0,0.0,0.0,0.0,0.0,0.0,0.0
970082,0.0,0.0,0.0,0.0,0.0,1.0,0.0
970582,0.0,0.0,0.0,0.0,0.0,0.0,0.0
971419,0.0,0.0,0.0,0.0,0.0,1.0,0.0
971428,0.0,0.0,0.0,0.0,0.0,2.0,0.0
971928,0.0,0.0,0.0,0.0,0.0,0.0,0.0
972039,0.0,0.0,0.0,0.0,0.0,1.0,0.0
972539,0.0,0.0,0.0,0.0,0.0,0.0,0.0
972626,0.0,0.0,0.0,0.0,0.0,1.0,0.0
972628,0.0,0.0,0.0,0.0,0.0,2.0,0.0
973128,0.0,0.0,0.0,0.0,0.0,0.0,0.0
979389,0.0,0.0,0.0,0.0,0.0,1.0,0.0
979391,0.0,0.0,0.0,0.0,0.0,2.0,0.0
979891,0.0,0.0,0.0,0.0,0.0,0.0,0.0
980134,0.0,0.0,0.0,0.0,0.0,1.0,0.0
980634,0.0,0.0,0.0,0.0,0.0,0.0,0.0
982278,0.0,0.0,0.0,0.0,0.0,1.0,0.0
982346,0.0,0.0,0.0,0.0,0.0,2.0,0.0
982846,0.0,0.0,0.0,0.0,0.0,0.0,0.0
983293,0.0,0.0,0.0,0.0,0.0,1.0,0.0
983793,0.0,0.0,0.0,0.0,0.0,0.0,0.0
986362,0.0,0.0,0.0,0.0,0.0,1.0,0.0
986862,0.0,0.0,0.0,0.0,0.0,0.0,0.0
988511,0.0,0.0,0.0,0.0,0.0,1.0,0.0
989011,0.0,0.0,0.0,0.0,0.0,0.0,0.0
991153,0.0,0.0,0.0,0.0,0.0,1.0,0.0
991653,0.0,0.0,0.0,0.0,0.0,0.0,0.0
992568,0.0,0.0,0.0,0.0,0.0,1.0,0.0
993068,0.0,0.0,0.0,0.0,0.0,0.0,0.0
994637,0.0,0.0,0.0,0.0,0.0,1.0,0.0
995137,0.0,0.0,0.0,0.0,0.0,0.0,0.0
999330,0.0,0.0,0.0,0.0,0.0,1.0,0.0
999830,0.0,0.0,0.0,0.0,0.0,0.0,0.0
1001076,0.0,0.0,0.0,0.0,0.0,1.0,0.0
1001576,0.0,0.0,0.0,0.0,0.0,0.0,0.0
1001641,0.0,0.0,0.0,0.0,0.0,1.0,0.0
1002141,0.0,0.0,0.0,0.0,0.0,0.0,0.0
1005141,0.0,0.0,0.0,0.0,0.0,1.0,0.0
1005146,0.0,0.0,0.0,0.0,0.0,2.0,0.0
1005646,0.0,0.0,0.0,0.0,0.0,0.0,0.0
1006455,0.0,0.0,0.0,0.0,0.0,1.0,0.0
1006955,0.0,0.0,0.0,0.0,0.0,0.0,0.0
1007900,0.0,0.0,0.0,0.0,0.0,1.0,0.0
1008400,0.0,0.0,0.0,0.0,0.0,0.0,0.0
1009000,0.0,0.0,0.0,0.0,0.0,0.0,1.0
1009452,0.0,0.0,0.0,0.0,0.0,1.0,1.0
1009484,0.0,0.0,0.0,0.0,0.0,2.0,1.0
1009500,0.0,0.0,0.0,0.0,0.0,2.0,0.0
1009567,2.0,0.0,0.0,0.0,0.0,2.0,0.0
1009716,2.0,2.0,0.0,0.0,0.0,2.0,0.0
1009984,2.0,2.0,0.0,0.0,0.0,0.0,0.0
1010067,0.0,2.0,0.0,0.0,0.0,0.0,0.0
1010078,0.0,2.0,0.0,0.0,1.0,0.0,0.0
1010079,2.0,2.0,0.0,0.0,1.0,0.0,0.0
1010082,2.0,2.0,0.0,0.0,1.0,1.0,0.0
1010113,2.0,2.0,0.0,0.0,1.0,2.0,0.0
1010195,2.0,2.0,0.0,0.0,2.0,2.0,0.0
1010216,2.0,0.0,0.0,0.0,2.0,2.0,0.0
1010579,0.0,0.0,0.0,0.0,2.0,2.0,0.0
1010613,0.0,0.0,0.0,0.0,2.0,0.0,0.0
1010695,0.0,0.0,0.0,0.0,0.0,0.0,0.0
1010783,2.0,0.0,0.0,0.0,0.0,0.0,0.0
1010989,2.0,0.0,1.0,0.0,0.0,0.0,0.0
1011283,0.0,0.0,1.0,0.0,0.0,0.0,0.0
1012257,0.0,0.0,1.0,0.0,0.0,1.0,0.0
1012263,0.0,0.0,1.0,0.0,0.0,2.0,0.0
1012402,0.0,0.0,2.0,0.0,0.0,2.0,0.0
1012763,0.0,0.0,2.0,0.0,0.0,0.0,0.0
1012902,0.0,0.0,0.0,0.0,0.0,0.0,0.0
1013392,0.0,0.0,0.0,0.0,0.0,1.0,0.0
1013395,0.0,0.0,0.0,0.0,0.0,2.0,0.0
1013419,0.0,0.0,0.0,0.0,1.0,2.0,0.0
1013430,0.0,0.0,1.0,0.0,1.0,2.0,0.0
1013895,0.0,0.0,1.0,0.0,1.0,0.0,0.0
1013919,0.0,0.0,1.0,0.0,0.0,0.0,0.0
1013930,0.0,0.0,0.0,0.0,0.0,0.0,0.0
1014013,0.0,0.0,0.0,0.0,0.0,1.0,0.0
1014513,0.0,0.0,0.0,0.0,0.0,0.0,0.0
1014770,0.0,0.0,0.0,0.0,0.0,1.0,0.0
1015270,0.0,0.0,0.0,0.0,0.0,0.0,0.0
1015298,0.0,0.0,0.0,0.0,0.0,1.0,0.0
1015558,0.0,0.0,0.0,0.0,0.0,2.0,0.0
1015560,0.0,0.0,0.0,0.0,1.0,2.0,0.0
1016058,0.0,0.0,0.0,0.0,1.0,0.0,0.0
1016060,0.0,0.0,0.0,0.0,0.0,0.0,0.0
1017521,0.0,0.0,0.0,0.0,0.0,1.0,0.0
1018021,0.0,0.0,0.0,0.0,0.0,0.0,0.0
1018908,0.0,0.0,0.0,0.0,0.0,1.0,0.0
1019408,0.0,0.0,0.0,0.0,0.0,0.0,0.0
1020293,0.0,0.0,0.0,0.0,0.0,1.0,0.0
1020793,0.0,0.0,0.0,0.0,0.0,0.0,0.0
1021223,0.0,0.0,0.0,0.0,0.0,1.0,0.0
1021312,0.0,0.0,0.0,0.0,1.0,1.0,0.0
1021339,0.0,0.0,0.0,0.0,2.0,2.0,0.0
1021839,0.0,0.0,0.0,0.0,0.0,0.0,0.0
1022329,0.0,0.0,0.0,0.0,0.0,1.0,0.0
1022829,0.0,0.0,0.0,0.0,0.0,0.0,0.0
1023107,0.0,0.0,0.0,0.0,0.0,1.0,0.0
1023607,0.0,0.0,0.0,0.0,0.0,0.0,0.0
1024671,0.0,0.0,0.0,0.0,0.0,1.0,0.0
1024688,0.0,0.0,0.0,0.0,0.0,2.0,0.0
1024704,0.0,0.0,0.0,0.0,1.0,2.0,0.0
1025188,0.0,0.0,0.0,0.0,1.0,0.0,0.0
1025204,0.0,0.0,0.0,0.0,0.0,0.0,0.0
1025899,0.0,0.0,0.0,0.0,0.0,1.0,0.0
1026399,0.0,0.0,0.0,0.0,0.0,0.0,0.0
1027543,0.0,0.0,0.0,0.0,1.0,0.0,0.0
1027821,0.0,0.0,0.0,0.0,1.0,1.0,0.0
1028043,0.0,0.0,0.0,0.0,0.0,1.0,0.0
1028321,0.0,0.0,0.0,0.0,0.0,0.0,0.0
1028341,0.0,0.0,0.0,0.0,0.0,1.0,0.0
1028350,0.0,0.0,0.0,0.0,0.0,2.0,0.0
1028850,0.0,0.0,0.0,0.0,0.0,0.0,0.0
1029589,0.0,0.0,0.0,0.0,1.0,0.0,0.0
1029592,0.0,0.0,0.0,0.0,2.0,0.0,0.0
1030056,0.0,0.0,0.0,0.0,2.0,1.0,0.0
1030092,0.0,0.0,0.0,0.0,0.0,1.0,0.0
1030190,0.0,0.0,0.0,0.0,0.0,2.0,0.0
1030690,0.0,0.0,0.0,0.0,0.0,0.0,0.0
1031226,0.0,0.0,0.0,0.0,0.0,1.0,0.0
1031726,0.0,0.0,0.0,0.0,0.0,0.0,0.0
1032360,0.0,0.0,0.0,0.0,0.0,1.0,0.0
1032771,0.0,2.0,0.0,0.0,0.0,1.0,0.0
1032784,0.0,2.0,0.0,0.0,1.0,1.0,0.0
1032860,0.0,2.0,0.0,0.0,1.0,0.0,0.0
1033097,0.0,2.0,0.0,0.0,1.0,1.0,0.0
1033271,0.0,0.0,0.0,0.0,1.0,1.0,0.0
1033284,0.0,0.0,0.0,0.0,0.0,1.0,0.0
1033597,0.0,0.0,0.0,0.0,0.0,0.0,0.0
1034065,0.0,0.0,0.0,0.0,0.0,1.0,0.0
1034565,0.0,0.0,0.0,0.0,0.0,0.0,0.0
1034664,0.0,0.0,0.0,0.0,0.0,1.0,0.0
1034668,0.0,0.0,0.0,0.0,0.0,2.0,0.0
1035168,0.0,0.0,0.0,0.0,0.0,0.0,0.0
1035298,0.0,0.0,0.0,0.0,0.0,1.0,0.0
1035305,0.0,0.0,0.0,0.0,0.0,2.0,0.0
1035805,0.0,0.0,0.0,0.0,0.0,0.0,0.0
1035877,0.0,0.0,0.0,0.0,0.0,1.0,0.0
1036353,0.0,0.0,0.0,0.0,0.0,2.0,0.0
1036853,0.0,0.0,0.0,0.0,0.0,0.0,0.0
1036858,0.0,0.0,0.0,0.0,0.0,1.0,0.0
1037358,0.0,0.0,0.0,0.0,0.0,0.0,0.0
1037729,0.0,0.0,0.0,0.0,0.0,1.0,0.0
1038052,0.0,0.0,0.0,0.0,0.0,2.0,0.0
1038552,0.0,0.0,0.0,0.0,0.0,0.0,0.0
1038565,0.0,0.0,0.0,0.0,0.0,1.0,0.0
1038568,0.0,0.0,0.0,0.0,0.0,2.0,0.0
1039068,0.0,0.0,0.0,0.0,0.0,1.0,0.0
1039568,0.0,0.0,0.0,0.0,0.0,0.0,0.0
1039732,0.0,0.0,0.0,0.0,0.0,1.0,0.0
1040232,0.0,0.0,0.0,0.0,0.0,0.0,0.0
1040385,0.0,0.0,0.0,0.0,1.0,0.0,0.0
1040885,0.0,0.0,0.0,0.0,0.0,0.0,0.0
1041905,0.0,0.0,0.0,0.0,0.0,1.0,0.0
1041929,0.0,0.0,0.0,0.0,0.0,2.0,0.0
1042429,0.0,0.0,0.0,0.0,0.0,0.0,0.0
1042531,0.0,0.0,0.0,0.0,0.0,1.0,0.0
1043031,0.0,0.0,0.0,0.0,0.0,0.0,0.0
1043060,0.0,0.0,0.0,0.0,0.0,1.0,0.0
1043560,0.0,0.0,0.0,0.0,0.0,0.0,0.0
1043673,0.0,0.0,0.0,0.0,0.0,1.0,0.0
1043687,0.0,0.0,0.0,0.0,0.0,2.0,0.0
1044187,0.0,0.0,0.0,0.0,0.0,0.0,0.0
1044496,0.0,0.0,0.0,0.0,0.0,1.0,0.0
1044996,0.0,0.0,0.0,0.0,0.0,0.0,0.0
1045768,0.0,0.0,0.0,0.0,0.0,1.0,0.0
1046268,0.0,0.0,0.0,0.0,0.0,0.0,0.0
1046949,0.0,0.0,0.0,0.0,0.0,1.0,0.0
1047449,0.0,0.0,0.0,0.0,0.0,0.0,0.0
1047575,0.0,0.0,0.0,0.0,0.0,1.0,0.0
1048001,0.0,0.0,0.0,0.0,0.0,2.0,0.0
1048501,0.0,0.0,0.0,0.0,0.0,0.0,0.0
1048533,0.0,0.0,0.0,0.0,0.0,1.0,0.0
1048542,0.0,0.0,0.0,0.0,0.0,2.0,0.0
1049042,0.0,0.0,0.0,0.0,0.0,0.0,0.0
1049440,0.0,0.0,0.0,0.0,0.0,1.0,0.0
1049940,0.0,0.0,0.0,0.0,0.0,0.0,0.0
1050104,0.0,0.0,0.0,0.0,0.0,1.0,0.0
1050604,0.0,0.0,0.0,0.0,0.0,0.0,0.0
1050683,0.0,0.0,0.0,0.0,0.0,1.0,0.0
1051183,0.0,0.0,0.0,0.0,0.0,0.0,0.0
1051335,0.0,0.0,0.0,0.0,0.0,1.0,0.0
1051835,0.0,0.0,0.0,0.0,0.0,0.0,0.0
1053052,0.0,0.0,0.0,0.0,0.0,1.0,0.0
1053552,0.0,0.0,0.0,0.0,0.0,0.0,0.0
1053576,0.0,0.0,0.0,0.0,0.0,1.0,0.0
1054076,0.0,0.0,0.0,0.0,0.0,0.0,0.0
1054088,0.0,0.0,0.0,0.0,0.0,1.0,0.0
1054588,0.0,0.0,0.0,0.0,0.0,0.0,0.0
1055603,0.0,0.0,0.0,0.0,0.0,1.0,0.0
1055612,0.0,0.0,0.0,0.0,0.0,2.0,0.0
1056112,0.0,0.0,0.0,0.0,0.0,0.0,0.0
1056162,0.0,0.0,0.0,0.0,0.0,1.0,0.0
1056662,0.0,0.0,0.0,0.0,0.0,0.0,0.0
1057149,0.0,0.0,0.0,0.0,0.0,1.0,0.0
1057342,0.0,0.0,0.0,0.0,0.0,2.0,0.0
1057842,0.0,0.0,0.0,0.0,0.0,0.0,0.0
1058067,0.0,0.0,0.0,0.0,0.0,1.0,0.0
1058071,0.0,0.0,0.0,0.0,1.0,2.0,0.0
1058571,0.0,0.0,0.0,0.0,0.0,0.0,0.0
1058783,0.0,0.0,0.0,0.0,0.0,1.0,0.0
1059277,0.0,0.0,0.0,0.0,0.0,2.0,0.0
1059777,0.0,0.0,0.0,0.0,0.0,0.0,0.0
1059847,0.0,0.0,0.0,0.0,0.0,1.0,0.0
1060347,0.0,0.0,0.0,0.0,0.0,0.0,0.0
1060518,0.0,0.0,0.0,0.0,0.0,1.0,0.0
1060833,0.0,0.0,0.0,0.0,0.0,2.0,0.0
1061333,0.0,0.0,0.0,0.0,0.0,0.0,0.0
1062451,0.0,0.0,0.0,0.0,0.0,1.0,0.0
1062951,0.0,0.0,0.0,0.0,0.0,0.0,0.0
1063544,0.0,0.0,0.0,0.0,0.0,1.0,0.0
1064044,0.0,0.0,0.0,0.0,0.0,0.0,0.0
1064238,0.0,0.0,0.0,0.0,0.0,1.0,0.0
1064738,0.0,0.0,0.0,0.0,0.0,0.0,0.0
1064848,0.0,0.0,0.0,0.0,0.0,1.0,0.0
1064855,0.0,0.0,0.0,0.0,0.0,2.0,0.0
1065355,0.0,0.0,0.0,0.0,0.0,0.0,0.0
1065494,0.0,0.0,0.0,0.0,0.0,1.0,0.0
1065641,0.0,0.0,0.0,0.0,0.0,2.0,0.0
1066141,0.0,0.0,0.0,0.0,0.0,0.0,0.0
1067221,0.0,0.0,0.0,0.0,0.0,1.0,0.0
1067721,0.0,0.0,0.0,0.0,0.0,0.0,0.0
1067831,0.0,0.0,0.0,0.0,0.0,1.0,0.0
1068331,0.0,0.0,0.0,0.0,0.0,0.0,0.0
1068359,0.0,0.0,0.0,0.0,0.0,1.0,0.0
1068859,0.0,0.0,0.0,0.0,0.0,0.0,0.0
1069323,0.0,0.0,0.0,0.0,0.0,1.0,0.0
1069823,0.0,0.0,0.0,0.0,0.0,0.0,0.0
1070152,0.0,0.0,0.0,0.0,0.0,1.0,0.0
1070294,0.0,0.0,0.0,0.0,0.0,2.0,0.0
1070794,0.0,0.0,0.0,0.0,0.0,0.0,0.0
1070946,0.0,0.0,0.0,0.0,0.0,1.0,0.0
1070950,0.0,0.0,0.0,0.0,0.0,2.0,0.0
1071450,0.0,0.0,0.0,0.0,0.0,0.0,0.0
1072172,0.0,0.0,0.0,0.0,0.0,1.0,0.0
1072215,0.0,0.0,0.0,0.0,0.0,2.0,0.0
1072715,0.0,0.0,0.0,0.0,0.0,0.0,0.0
1073399,0.0,0.0,0.0,0.0,0.0,1.0,0.0
1073899,0.0,0.0,0.0,0.0,0.0,0.0,0.0
1074369,0.0,0.0,0.0,0.0,0.0,1.0,0.0
1074716,0.0,0.0,0.0,0.0,0.0,2.0,0.0
1074818,0.0,2.0,0.0,0.0,0.0,2.0,0.0
1075216,0.0,2.0,0.0,0.0,0.0,0.0,0.0
1075318,0.0,0.0,0.0,0.0,0.0,0.0,0.0
1075322,0.0,0.0,0.0,0.0,0.0,1.0,0.0
1075390,0.0,0.0,0.0,0.0,0.0,2.0,0.0
1075890,0.0,0.0,0.0,0.0,0.0,0.0,0.0
1076082,0.0,0.0,0.0,0.0,0.0,1.0,0.0
1076119,0.0,0.0,0.0,0.0,0.0,2.0,0.0
1076619,0.0,0.0,0.0,0.0,0.0,0.0,0.0
1076749,0.0,0.0,0.0,0.0,0.0,1.0,0.0
1077249,0.0,0.0,0.0,0.0,0.0,0.0,0.0
1077627,0.0,0.0,0.0,0.0,0.0,1.0,0.0
1077971,0.0,2.0,0.0,0.0,0.0,1.0,0.0
1077984,0.0,2.0,0.0,0.0,0.0,2.0,0.0
1078471,0.0,0.0,0.0,0.0,0.0,2.0,0.0
1078484,0.0,0.0,0.0,0.0,0.0,0.0,0.0
1078579,0.0,0.0,0.0,0.0,0.0,1.0,0.0
1078833,0.0,0.0,0.0,0.0,0.0,2.0,0.0
1079333,0.0,0.0,0.0,0.0,0.0,0.0,0.0
1079777,0.0,0.0,0.0,0.0,0.0,1.0,0.0
1080277,0.0,0.0,0.0,0.0,0.0,0.0,0.0
1080766,0.0,0.0,0.0,0.0,0.0,1.0,0.0
1081266,0.0,0.0,0.0,0.0,0.0,0.0,0.0
1081323,0.0,0.0,0.0,0.0,0.0,1.0,0.0
1081332,0.0,0.0,0.0,0.0,0.0,2.0,0.0
1081832,0.0,0.0,0.0,0.0,0.0,0.0,0.0
1082000,0.0,0.0,0.0,0.0,0.0,1.0,0.0
1082500,0.0,0.0,0.0,0.0,0.0,0.0,0.0
1082862,0.0,0.0,0.0,0.0,0.0,1.0,0.0
1082899,0.0,0.0,0.0,0.0,0.0,2.0,0.0
1083399,0.0,0.0,0.0,0.0,0.0,0.0,0.0
1083592,0.0,0.0,0.0,0.0,0.0,1.0,0.0
1084092,0.0,0.0,0.0,0.0,0.0,0.0,0.0
1084217,0.0,0.0,0.0,0.0,0.0,1.0,0.0
1084717,0.0,0.0,0.0,0.0,0.0,0.0,0.0
1084731,0.0,0.0,0.0,0.0,0.0,1.0,0.0
1084735,0.0,0.0,0.0,0.0,0.0,2.0,0.0
1085235,0.0,0.0,0.0,0.0,0.0,0.0,0.0
1086146,0.0,0.0,0.0,0.0,0.0,1.0,0.0
1086646,0.0,0.0,0.0,0.0,0.0,0.0,0.0
1087013,0.0,0.0,0.0,0.0,0.0,1.0,0.0
1087017,0.0,0.0,0.0,0.0,0.0,2.0,0.0
1087517,0.0,0.0,0.0,0.0,0.0,0.0,0.0
1087757,0.0,0.0,0.0,0.0,0.0,1.0,0.0
1088257,0.0,0.0,0.0,0.0,0.0,0.0,0.0
1089092,0.0,0.0,0.0,0.0,0.0,1.0,0.0
1089592,0.0,0.0,0.0,0.0,0.0,0.0,0.0
1089784,0.0,0.0,0.0,0.0,0.0,1.0,0.0
1090284,0.0,0.0,0.0,0.0,0.0,0.0,0.0
1091301,0.0,0.0,0.0,0.0,0.0,1.0,0.0
1091801,0.0,0.0,0.0,0.0,0.0,0.0,0.0
1092323,0.0,0.0,0.0,0.0,0.0,1.0,0.0
1092823,0.0,0.0,0.0,0.0,0.0,0.0,0.0
1092995,0.0,0.0,0.0,0.0,0.0,1.0,0.0
1093495,0.0,0.0,0.0,0.0,0.0,0.0,0.0
1093919,0.0,0.0,0.0,0.0,0.0,1.0,0.0
1093973,0.0,0.0,0.0,0.0,0.0,2.0,0.0
1094473,0.0,0.0,0.0,0.0,0.0,0.0,0.0
1094565,0.0,0.0,0.0,0.0,0.0,1.0,0.0
1094574,0.0,0.0,0.0,0.0,0.0,2.0,0.0
1095074,0.0,0.0,0.0,0.0,0.0,0.0,0.0
1095926,0.0,0.0,0.0,0.0,0.0,1.0,0.0
1096426,0.0,0.0,0.0,0.0,0.0,0.0,0.0
1097256,0.0,0.0,0.0,0.0,0.0,1.0,0.0
1097277,0.0,0.0,0.0,0.0,0.0,2.0,0.0
1097777,0.0,0.0,0.0,0.0,0.0,0.0,0.0
1097852,0.0,0.0,0.0,0.0,0.0,1.0,0.0
1098352,0.0,0.0,0.0,0.0,0.0,0.0,0.0
1098461,0.0,0.0,0.0,0.0,0.0,1.0,0.0
1098961,0.0,0.0,0.0,0.0,0.0,0.0,0.0
1099431,0.0,0.0,0.0,0.0,0.0,1.0,0.0
1099931,0.0,0.0,0.0,0.0,0.0,0.0,0.0
1100252,0.0,0.0,0.0,0.0,0.0,1.0,0.0
1100268,0.0,0.0,0.0,0.0,0.0,2.0,0.0
1100768,0.0,0.0,0.0,0.0,0.0,0.0,0.0
1101521,0.0,0.0,0.0,0.0,0.0,1.0,0.0
1102021,0.0,0.0,0.0,0.0,0.0,0.0,0.0
1102078,0.0,0.0,0.0,0.0,0.0,1.0,0.0
1102578,0.0,0.0,0.0,0.0,0.0,0.0,0.0
1102922,0.0,0.0,0.0,0.0,0.0,1.0,0.0
1103160,0.0,0.0,0.0,0.0,0.0,2.0,0.0
1103660,0.0,0.0,0.0,0.0,0.0,0.0,0.0
1104030,0.0,0.0,0.0,0.0,0.0,1.0,0.0
1104530,0.0,0.0,0.0,0.0,0.0,0.0,0.0
1104832,0.0,0.0,0.0,0.0,0.0,1.0,0.0
1105332,0.0,0.0,0.0,0.0,0.0,0.0,0.0
1105707,0.0,0.0,0.0,0.0,0.0,1.0,0.0
1106207,0.0,0.0,0.0,0.0,0.0,0.0,0.0
1106285,0.0,0.0,0.0,0.0,0.0,1.0,0.0
1106289,0.0,0.0,0.0,0.0,0.0,2.0,0.0
1106789,0.0,0.0,0.0,0.0,0.0,0.0,0.0
1106807,0.0,0.0,0.0,0.0,0.0,1.0,0.0
1107178,0.0,0.0,0.0,0.0,0.0,2.0,0.0
1107678,0.0,0.0,0.0,0.0,0.0,0.0,0.0
1107762,0.0,0.0,0.0,0.0,0.0,1.0,0.0
1108240,0.0,0.0,0.0,0.0,0.0,2.0,0.0
1108740,0.0,0.0,0.0,0.0,0.0,0.0,0.0
1110006,0.0,0.0,0.0,0.0,0.0,1.0,0.0
1110506,0.0,0.0,0.0,0.0,0.0,0.0,0.0
1118845,0.0,0.0,0.0,0.0,0.0,1.0,0.0
1119345,0.0,0.0,0.0,0.0,0.0,0.0,0.0
1120669,0.0,0.0,0.0,0.0,0.0,1.0,0.0
1121169,0.0,0.0,0.0,0.0,0.0,0.0,0.0
1121770,0.0,0.0,0.0,0.0,0.0,1.0,0.0
1122270,0.0,0.0,0.0,0.0,0.0,0.0,0.0
1123283,0.0,0.0,0.0,0.0,0.0,1.0,0.0
1123576,0.0,0.0,0.0,0.0,1.0,1.0,0.0
1123783,0.0,0.0,0.0,0.0,1.0,0.0,0.0
1124076,0.0,0.0,0.0,0.0,0.0,0.0,0.0
1124287,0.0,0.0,0.0,0.0,0.0,1.0,0.0
1124288,0.0,0.0,0.0,0.0,0.0,2.0,0.0
1124788,0.0,0.0,0.0,0.0,0.0,0.0,0.0
1125221,0.0,0.0,0.0,0.0,0.0,1.0,0.0
1125721,0.0,0.0,0.0,0.0,0.0,0.0,0.0
1126395,0.0,0.0,0.0,0.0,1.0,0.0,0.0
1126895,0.0,0.0,0.0,0.0,0.0,0.0,0.0
1127326,0.0,0.0,0.0,0.0,0.0,1.0,0.0
1127333,0.0,0.0,0.0,0.0,0.0,2.0,0.0
1127833,0.0,0.0,0.0,0.0,0.0,0.0,0.0
1129868,0.0,0.0,0.0,0.0,0.0,1.0,0.0
1130368,0.0,0.0,0.0,0.0,0.0,0.0,0.0
1131355,0.0,0.0,0.0,0.0,0.0,1.0,0.0
1131855,0.0,0.0,0.0,0.0,0.0,0.0,0.0
1135366,0.0,0.0,0.0,0.0,0.0,1.0,0.0
1135385,0.0,0.0,0.0,0.0,0.0,2.0,0.0
1135885,0.0,0.0,0.0,0.0,0.0,0.0,0.0
1138398,0.0,0.0,0.0,0.0,0.0,1.0,0.0
1138898,0.0,0.0,0.0,0.0,0.0,0.0,0.0
1139862,0.0,0.0,0.0,0.0,0.0,1.0,0.0
1140362,0.0,0.0,0.0,0.0,0.0,0.0,0.0
1141399,0.0,0.0,0.0,0.0,0.0,1.0,0.0
1141899,0.0,0.0,0.0,0.0,0.0,0.0,0.0
1144893,0.0,0.0,0.0,0.0,0.0,1.0,0.0
1145393,0.0,0.0,0.0,0.0,0.0,0.0,0.0
1147074,0.0,0.0,0.0,0.0,0.0,1.0,0.0
1147574,0.0,0.0,0.0,0.0,0.0,0.0,0.0
1148627,0.0,0.0,0.0,0.0,0.0,1.0,0.0
1149127,0.0,0.0,0.0,0.0,0.0,0.0,0.0
1149282,0.0,0.0,0.0,0.0,0.0,1.0,0.0
1149782,0.0,0.0,0.0,0.0,0.0,0.0,0.0
1149839,0.0,0.0,0.0,0.0,0.0,1.0,0.0
1150339,0.0,0.0,0.0,0.0,0.0,0.0,0.0
1151881,0.0,0.0,0.0,0.0,0.0,1.0,0.0
1151940,0.0,0.0,0.0,0.0,0.0,2.0,0.0
1152440,0.0,0.0,0.0,0.0,0.0,0.0,0.0
1157524,0.0,0.0,0.0,0.0,1.0,0.0,0.0
1158024,0.0,0.0,0.0,0.0,0.0,0.0,0.0
1162671,0.0,0.0,0.0,0.0,0.0,1.0,0.0
1162682,0.0,0.0,0.0,0.0,0.0,2.0,0.0
1163182,0.0,0.0,0.0,0.0,0.0,0.0,0.0
1163875,0.0,0.0,0.0,0.0,0.0,1.0,0.0
1164375,0.0,0.0,0.0,0.0,0.0,0.0,0.0
1165599,0.0,0.0,0.0,0.0,0.0,1.0,0.0
1166099,0.0,0.0,0.0,0.0,0.0,0.0,0.0
1166618,0.0,0.0,0.0,0.0,0.0,1.0,0.0
1166976,0.0,0.0,0.0,0.0,1.0,1.0,0.0
1167118,0.0,0.0,0.0,0.0,1.0,0.0,0.0
1167476,0.0,0.0,0.0,0.0,0.0,0.0,0.0
1167633,0.0,0.0,0.0,0.0,0.0,1.0,0.0
1168133,0.0,0.0,0.0,0.0,0.0,0.0,0.0
1168160,0.0,0.0,0.0,0.0,0.0,1.0,0.0
1168660,0.0,0.0,0.0,0.0,0.0,0.0,0.0
1168815,0.0,0.0,0.0,0.0,0.0,1.0,0.0
1169315,0.0,0.0,0.0,0.0,0.0,0.0,0.0
1169335,0.0,0.0,0.0,0.0,0.0,1.0,0.0
1169336,0.0,0.0,0.0,0.0,0.0,2.0,0.0
1169836,0.0,0.0,0.0,0.0,0.0,0.0,0.0
1172722,0.0,0.0,0.0,0.0,0.0,1.0,0.0
1172727,0.0,0.0,0.0,0.0,0.0,2.0,0.0
1173227,0.0,0.0,0.0,0.0,0.0,0.0,0.0
1175376,0.0,0.0,0.0,0.0,0.0,1.0,0.0
1175876,0.0,0.0,0.0,0.0,0.0,0.0,0.0
1177477,0.0,0.0,0.0,0.0,0.0,1.0,0.0
1177977,0.0,0.0,0.0,0.0,0.0,0.0,0.0
1181907,0.0,0.0,0.0,0.0,0.0,1.0,0.0
1182407,0.0,0.0,0.0,0.0,0.0,0.0,0.0
1182960,0.0,0.0,0.0,0.0,0.0,1.0,0.0
1183460,0.0,0.0,0.0,0.0,0.0,0.0,0.0
1184662,0.0,0.0,0.0,0.0,0.0,1.0,0.0
1185162,0.0,0.0,0.0,0.0,0.0,0.0,0.0
1185420,0.0,0.0,0.0,0.0,0.0,1.0,0.0
1185920,0.0,0.0,0.0,0.0,0.0,0.0,0.0
1186394,0.0,0.0,0.0,0.0,0.0,1.0,0.0
1186894,0.0,0.0,0.0,0.0,0.0,0.0,0.0
1186959,0.0,0.0,0.0,0.0,0.0,1.0,0.0
1187459,0.0,0.0,0.0,0.0,0.0,0.0,0.0
1189454,0.0,0.0,0.0,0.0,0.0,1.0,0.0
1189455,0.0,0.0,0.0,0.0,0.0,2.0,0.0
1189955,0.0,0.0,0.0,0.0,0.0,0.0,0.0
1190320,0.0,0.0,0.0,0.0,0.0,1.0,0.0
1190321,0.0,0.0,0.0,0.0,0.0,2.0,0.0
1190821,0.0,0.0,0.0,0.0,0.0,0.0,0.0
1194252,0.0,0.0,0.0,0.0,0.0,1.0,0.0
1194752,0.0,0.0,0.0,0.0,0.0,0.0,0.0
1195996,0.0,0.0,0.0,0.0,0.0,1.0,0.0
1196496,0.0,0.0,0.0,0.0,0.0,0.0,0.0
1196872,0.0,0.0,0.0,0.0,0.0,1.0,0.0
1197372,0.0,0.0,0.0,0.0,0.0,0.0,0.0
1198536,0.0,0.0,0.0,0.0,0.0,1.0,0.0
1198544,0.0,0.0,0.0,0.0,0.0,2.0,0.0
1199044,0.0,0.0,0.0,0.0,0.0,0.0,0.0
1205186,0.0,0.0,0.0,0.0,0.0,1.0,0.0
1205686,0.0,0.0,0.0,0.0,0.0,0.0,0.0
1206582,0.0,0.0,0.0,0.0,0.0,1.0,0.0
1207082,0.0,0.0,0.0,0.0,0.0,0.0,0.0
1211000,0.0,0.0,0.0,0.0,0.0,0.0,1.0
1211328,0.0,0.0,0.0,0.0,0.0,1.0,1.0
1211392,0.0,0.0,0.0,0.0,0.0,2.0,1.0
1211423,2.0,0.0,0.0,0.0,0.0,2.0,1.0
1211500,2.0,0.0,0.0,0.0,0.0,2.0,0.0
1211724,2.0,2.0,0.0,0.0,0.0,2.0,0.0
1211892,2.0,2.0,0.0,0.0,0.0,0.0,0.0
1211923,0.0,2.0,0.0,0.0,0.0,0.0,0.0
1212073,0.0,2.0,0.0,0.0,0.0,1.0,0.0
1212095,2.0,2.0,0.0,0.0,0.0,1.0,0.0
1212123,2.0,2.0,0.0,0.0,1.0,1.0,0.0
1212224,2.0,0.0,0.0,0.0,1.0,1.0,0.0
1212343,2.0,0.0,0.0,0.0,2.0,1.0,0.0
1212573,2.0,0.0,0.0,0.0,2.0,0.0,0.0
1212595,0.0,0.0,0.0,0.0,2.0,0.0,0.0
1212616,0.0,0.0,0.0,0.0,2.0,1.0,0.0
1212735,2.0,0.0,0.0,0.0,2.0,1.0,0.0
1212843,2.0,0.0,0.0,0.0,0.0,1.0,0.0
1213033,2.0,0.0,1.0,0.0,0.0,1.0,0.0
1213116,2.0,0.0,1.0,0.0,0.0,0.0,0.0
1213170,2.0,0.0,1.0,0.0,0.0,1.0,0.0
1213235,0.0,0.0,1.0,0.0,0.0,1.0,0.0
1213670,0.0,0.0,1.0,0.0,0.0,0.0,0.0
1214625,0.0,0.0,1.0,0.0,0.0,1.0,0.0
1214628,0.0,0.0,1.0,0.0,0.0,2.0,0.0
1214697,0.0,0.0,2.0,0.0,0.0,2.0,0.0
1215128,0.0,0.0,2.0,0.0,0.0,0.0,0.0
1215197,0.0,0.0,0.0,0.0,0.0,0.0,0.0
1215242,0.0,0.0,0.0,0.0,0.0,1.0,0.0
1215250,0.0,0.0,0.0,0.0,0.0,2.0,0.0
1215278,0.0,0.0,1.0,0.0,0.0,2.0,0.0
1215750,0.0,0.0,1.0,0.0,0.0,0.0,0.0
1216713,0.0,0.0,1.0,0.0,0.0,1.0,0.0
1216778,0.0,0.0,0.0,0.0,0.0,1.0,0.0
1217213,0.0,0.0,0.0,0.0,0.0,0.0,0.0
1217299,0.0,0.0,0.0,0.0,0.0,1.0,0.0
1217320,0.0,0.0,1.0,0.0,0.0,1.0,0.0
1217799,0.0,0.0,1.0,0.0,0.0,0.0,0.0
1217820,0.0,0.0,0.0,0.0,0.0,0.0,0.0
1218066,0.0,0.0,0.0,0.0,0.0,1.0,0.0
1218566,0.0,0.0,0.0,0.0,0.0,0.0,0.0
1219952,0.0,0.0,0.0,0.0,0.0,1.0,0.0
1220219,0.0,0.0,0.0,0.0,0.0,2.0,0.0
1220719,0.0,0.0,0.0,0.0,0.0,0.0,0.0
1220795,0.0,0.0,0.0,0.0,0.0,1.0,0.0
1221168,0.0,0.0,0.0,0.0,0.0,2.0,0.0
1221668,0.0,0.0,0.0,0.0,0.0,0.0,0.0
1222011,0.0,0.0,0.0,0.0,0.0,1.0,0.0
1222511,0.0,0.0,0.0,0.0,0.0,0.0,0.0
1222779,0.0,0.0,0.0,0.0,0.0,1.0,0.0
1223279,0.0,0.0,0.0,0.0,0.0,0.0,0.0
1223378,0.0,0.0,0.0,0.0,0.0,1.0,0.0
1223381,0.0,0.0,0.0,0.0,0.0,2.0,0.0
1223881,0.0,0.0,0.0,0.0,0.0,0.0,0.0
1223958,0.0,0.0,0.0,0.0,0.0,1.0,0.0
1224458,0.0,0.0,0.0,0.0,0.0,0.0,0.0
1225014,0.0,0.0,0.0,0.0,0.0,1.0,0.0
1225313,0.0,0.0,0.0,0.0,0.0,2.0,0.0
1225813,0.0,0.0,0.0,0.0,0.0,0.0,0.0
1225876,0.0,0.0,0.0,0.0,0.0,1.0,0.0
1226049,0.0,0.0,0.0,0.0,0.0,2.0,0.0
1226549,0.0,0.0,0.0,0.0,0.0,0.0,0.0
1226689,0.0,0.0,0.0,0.0,0.0,1.0,0.0
1227189,0.0,0.0,0.0,0.0,0.0,0.0,0.0
1227963,0.0,0.0,0.0,0.0,0.0,1.0,0.0
1228463,0.0,0.0,0.0,0.0,0.0,0.0,0.0
1228978,0.0,0.0,0.0,0.0,0.0,1.0,0.0
1228981,0.0,0.0,0.0,0.0,0.0,2.0,0.0
1229481,0.0,0.0,0.0,0.0,0.0,0.0,0.0
1230152,0.0,0.0,0.0,0.0,0.0,1.0,0.0
1230199,0.0,0.0,0.0,0.0,0.0,2.0,0.0
1230699,0.0,0.0,0.0,0.0,0.0,0.0,0.0
1230777,0.0,0.0,0.0,0.0,0.0,1.0,0.0
1230783,0.0,0.0,0.0,0.0,0.0,2.0,0.0
1231283,0.0,0.0,0.0,0.0,0.0,0.0,0.0
1231975,0.0,0.0,0.0,0.0,0.0,1.0,0.0
1232353,0.0,0.0,0.0,0.0,0.0,2.0,0.0
1232853,0.0,0.0,0.0,0.0,0.0,0.0,0.0
1232974,0.0,0.0,0.0,0.0,0.0,1.0,0.0
1233474,0.0,0.0,0.0,0.0,0.0,0.0,0.0
1233541,0.0,0.0,0.0,0.0,0.0,1.0,0.0
1234041,0.0,0.0,0.0,0.0,0.0,0.0,0.0
1234270,0.0,0.0,0.0,0.0,0.0,1.0,0.0
1234279,0.0,0.0,0.0,0.0,0.0,2.0,0.0
1234779,0.0,0.0,0.0,0.0,0.0,0.0,0.0
1234920,0.0,0.0,0.0,0.0,0.0,1.0,0.0
1235420,0.0,0.0,0.0,0.0,0.0,0.0,0.0
1235744,0.0,0.0,0.0,0.0,0.0,1.0,0.0
1235823,0.0,0.0,0.0,0.0,0.0,2.0,0.0
1236323,0.0,0.0,0.0,0.0,0.0,0.0,0.0
1237603,0.0,0.0,0.0,0.0,0.0,1.0,0.0
1238103,0.0,0.0,0.0,0.0,0.0,0.0,0.0
1238163,0.0,0.0,0.0,0.0,0.0,1.0,0.0
1238663,0.0,0.0,0.0,0.0,0.0,0.0,0.0
1238899,0.0,0.0,0.0,0.0,0.0,1.0,0.0
1239399,0.0,0.0,0.0,0.0,0.0,0.0,0.0
1239423,0.0,0.0,0.0,0.0,0.0,1.0,0.0
1239923,0.0,0.0,0.0,0.0,0.0,0.0,0.0
1239965,0.0,2.0,0.0,0.0,0.0,0.0,0.0
1239982,0.0,2.0,0.0,0.0,0.0,1.0,0.0
1240465,0.0,0.0,0.0,0.0,0.0,1.0,0.0
1240482,0.0,0.0,0.0,0.0,0.0,0.0,0.0
1240550,0.0,0.0,0.0,0.0,0.0,1.0,0.0
1240553,0.0,0.0,0.0,0.0,0.0,2.0,0.0
1241053,0.0,0.0,0.0,0.0,0.0,0.0,0.0
1241708,0.0,0.0,0.0,0.0,0.0,1.0,0.0
1241944,0.0,0.0,0.0,0.0,0.0,2.0,0.0
1242444,0.0,0.0,0.0,0.0,0.0,0.0,0.0
1242633,0.0,0.0,0.0,0.0,0.0,1.0,0.0
1243133,0.0,0.0,0.0,0.0,0.0,0.0,0.0
1243427,0.0,0.0,0.0,0.0,0.0,1.0,0.0
1243430,0.0,0.0,0.0,0.0,0.0,2.0,0.0
1243930,0.0,0.0,0.0,0.0,0.0,0.0,0.0
1244235,0.0,0.0,0.0,0.0,0.0,1.0,0.0
1244735,0.0,0.0,0.0,0.0,0.0,0.0,0.0
1245762,0.0,0.0,0.0,0.0,0.0,1.0,0.0
1246262,0.0,0.0,0.0,0.0,0.0,0.0,0.0
1246734,0.0,0.0,0.0,0.0,0.0,1.0,0.0
1246880,0.0,0.0,0.0,0.0,0.0,2.0,0.0
1247380,0.0,0.0,0.0,0.0,0.0,0.0,0.0
1248030,0.0,0.0,0.0,0.0,0.0,1.0,0.0
1248530,0.0,0.0,0.0,0.0,0.0,0.0,0.0
1249459,0.0,0.0,0.0,0.0,0.0,1.0,0.0
1249836,0.0,2.0,0.0,0.0,0.0,1.0,0.0
1249959,0.0,2.0,0.0,0.0,0.0,0.0,0.0
1249980,0.0,2.0,0.0,0.0,0.0,1.0,0.0
1250336,0.0,0.0,0.0,0.0,0.0,1.0,0.0
1250480,0.0,0.0,0.0,0.0,0.0,0.0,0.0
1250575,0.0,0.0,0.0,0.0,0.0,1.0,0.0
1250578,0.0,0.0,0.0,0.0,0.0,2.0,0.0
1251078,0.0,0.0,0.0,0.0,0.0,0.0,0.0
1252160,0.0,0.0,0.0,0.0,0.0,1.0,0.0
1252452,0.0,0.0,0.0,0.0,0.0,2.0,0.0
1252952,0.0,0.0,0.0,0.0,0.0,0.0,0.0
1253652,0.0,0.0,0.0,0.0,0.0,1.0,0.0
1253921,0.0,0.0,0.0,0.0,0.0,2.0,0.0
1254421,0.0,0.0,0.0,0.0,0.0,0.0,0.0
1254666,0.0,0.0,0.0,0.0,0.0,1.0,0.0
1254674,0.0,0.0,0.0,0.0,0.0,2.0,0.0
1255174,0.0,0.0,0.0,0.0,0.0,0.0,0.0
1255260,0.0,0.0,0.0,0.0,0.0,1.0,0.0
1255760,0.0,0.0,0.0,0.0,0.0,0.0,0.0
1255896,0.0,0.0,0.0,0.0,0.0,1.0,0.0
1256396,0.0,0.0,0.0,0.0,0.0,0.0,0.0
1256638,0.0,0.0,0.0,0.0,0.0,1.0,0.0
1257138,0.0,0.0,0.0,0.0,0.0,0.0,0.0
1257218,0.0,0.0,0.0,0.0,0.0,1.0,0.0
1257718,0.0,0.0,0.0,0.0,0.0,0.0,0.0
1258172,0.0,0.0,0.0,0.0,0.0,1.0,0.0
1258672,0.0,0.0,0.0,0.0,0.0,0.0,0.0
1259367,0.0,0.0,0.0,0.0,0.0,1.0,0.0
1259867,0.0,0.0,0.0,0.0,0.0,0.0,0.0
1259991,0.0,0.0,0.0,0.0,0.0,1.0,0.0
1260339,0.0,0.0,0.0,0.0,0.0,2.0,0.0
1260839,0.0,0.0,0.0,0.0,0.0,0.0,0.0
1260951,0.0,0.0,0.0,0.0,1.0,0.0,0.0
1260955,0.0,0.0,0.0,0.0,1.0,1.0,0.0
1260965,0.0,0.0,0.0,0.0,2.0,2.0,0.0
1261465,0.0,0.0,0.0,0.0,0.0,0.0,0.0
1262659,0.0,0.0,0.0,0.0,0.0,1.0,0.0
1262666,0.0,0.0,0.0,0.0,0.0,2.0,0.0
1263166,0.0,0.0,0.0,0.0,0.0,0.0,0.0
1263335,0.0,2.0,0.0,0.0,0.0,0.0,0.0
1263835,0.0,0.0,0.0,0.0,0.0,0.0,0.0
1264029,0.0,0.0,0.0,0.0,0.0,1.0,0.0
1264286,0.0,0.0,0.0,0.0,0.0,2.0,0.0
1264786,0.0,0.0,0.0,0.0,0.0,0.0,0.0
1264867,0.0,0.0,0.0,0.0,0.0,1.0,0.0
1265116,0.0,0.0,0.0,0.0,0.0,2.0,0.0
1265616,0.0,0.0,0.0,0.0,0.0,0.0,0.0
1266286,0.0,0.0,0.0,0.0,0.0,1.0,0.0
1266294,0.0,0.0,0.0,0.0,0.0,2.0,0.0
1266794,0.0,0.0,0.0,0.0,0.0,0.0,0.0
1267044,0.0,0.0,0.0,0.0,0.0,1.0,0.0
1267072,0.0,0.0,0.0,0.0,0.0,2.0,0.0
1267572,0.0,0.0,0.0,0.0,0.0,1.0,0.0
1268072,0.0,0.0,0.0,0.0,0.0,0.0,0.0
1268259,0.0,0.0,0.0,0.0,0.0,1.0,0.0
1268481,0.0,0.0,0.0,0.0,1.0,1.0,0.0
1268759,0.0,0.0,0.0,0.0,1.0,0.0,0.0
1268936,0.0,0.0,0.0,0.0,1.0,1.0,0.0
1268981,0.0,0.0,0.0,0.0,0.0,1.0,0.0
1269436,0.0,0.0,0.0,0.0,0.0,0.0,0.0
1269543,0.0,0.0,0.0,0.0,0.0,1.0,0.0
1269581,0.0,0.0,0.0,0.0,0.0,2.0,0.0
1270081,0.0,0.0,0.0,0.0,0.0,0.0,0.0
1270350,0.0,0.0,0.0,0.0,0.0,1.0,0.0
1270850,0.0,0.0,0.0,0.0,0.0,0.0,0.0
1271710,0.0,0.0,0.0,0.0,0.0,1.0,0.0
1271721,0.0,0.0,0.0,0.0,0.0,2.0,0.0
1272221,0.0,0.0,0.0,0.0,0.0,0.0,0.0
1272553,0.0,0.0,0.0,0.0,0.0,1.0,0.0
1273053,0.0,0.0,0.0,0.0,0.0,0.0,0.0
1273716,0.0,0.0,0.0,0.0,0.0,1.0,0.0
1273766,0.0,2.0,0.0,0.0,0.0,1.0,0.0
1274216,0.0,2.0,0.0,0.0,0.0,0.0,0.0
1274266,0.0,0.0,0.0,0.0,0.0,0.0,0.0
1274304,0.0,0.0,0.0,0.0,0.0,1.0,0.0
1274607,0.0,0.0,0.0,0.0,0.0,2.0,0.0
1275107,0.0,0.0,0.0,0.0,0.0,0.0,0.0
1275601,0.0,0.0,0.0,0.0,0.0,1.0,0.0
1276101,0.0,0.0,0.0,0.0,0.0,0.0,0.0
1276967,0.0,0.0,0.0,0.0,0.0,1.0,0.0
1277467,0.0,0.0,0.0,0.0,0.0,0.0,0.0
1277756,0.0,0.0,0.0,0.0,0.0,1.0,0.0
1278256,0.0,0.0,0.0,0.0,0.0,0.0,0.0
1278422,0.0,0.0,0.0,0.0,0.0,1.0,0.0
1278507,0.0,0.0,0.0,0.0,0.0,2.0,0.0
1279007,0.0,0.0,0.0,0.0,0.0,0.0,0.0
1279706,0.0,0.0,0.0,0.0,0.0,1.0,0.0
1280206,0.0,0.0,0.0,0.0,0.0,0.0,0.0
1280323,0.0,0.0,0.0,0.0,0.0,1.0,0.0
1280385,0.0,0.0,0.0,0.0,0.0,2.0,0.0
1280885,0.0,0.0,0.0,0.0,0.0,0.0,0.0
1281636,0.0,0.0,0.0,0.0,0.0,1.0,0.0
1282136,0.0,0.0,0.0,0.0,0.0,0.0,0.0
1282297,0.0,0.0,0.0,0.0,0.0,1.0,0.0
1282797,0.0,0.0,0.0,0.0,0.0,0.0,0.0
1282896,0.0,0.0,0.0,0.0,0.0,1.0,0.0
1283396,0.0,0.0,0.0,0.0,0.0,0.0,0.0
1283970,0.0,0.0,0.0,0.0,0.0,1.0,0.0
1283973,0.0,0.0,0.0,0.0,0.0,2.0,0.0
1283974,0.0,0.0,0.0,0.0,1.0,2.0,0.0
1284473,0.0,0.0,0.0,0.0,1.0,0.0,0.0
1284474,0.0,0.0,0.0,0.0,0.0,0.0,0.0
1284639,0.0,0.0,0.0,0.0,0.0,1.0,0.0
1285139,0.0,0.0,0.0,0.0,0.0,0.0,0.0
1285213,0.0,0.0,0.0,0.0,0.0,1.0,0.0
1285713,0.0,0.0,0.0,0.0,0.0,0.0,0.0
1286288,0.0,0.0,0.0,0.0,0.0,1.0,0.0
1286294,0.0,0.0,0.0,0.0,0.0,2.0,0.0
1286794,0.0,0.0,0.0,0.0,0.0,0.0,0.0
1287319,0.0,0.0,0.0,0.0,0.0,1.0,0.0
1287819,0.0,0.0,0.0,0.0,0.0,0.0,0.0
1288252,0.0,0.0,0.0,0.0,0.0,1.0,0.0
1288590,0.0,0.0,0.0,0.0,0.0,2.0,0.0
1289090,0.0,0.0,0.0,0.0,0.0,0.0,0.0
1289277,0.0,0.0,0.0,0.0,0.0,1.0,0.0
1289524,0.0,0.0,0.0,0.0,0.0,2.0,0.0
1290024,0.0,0.0,0.0,0.0,0.0,0.0,0.0
1290047,0.0,0.0,0.0,0.0,0.0,1.0,0.0
1290168,0.0,0.0,0.0,0.0,0.0,2.0,0.0
1290668,0.0,0.0,0.0,0.0,0.0,0.0,0.0
1291185,0.0,0.0,0.0,0.0,0.0,1.0,0.0
1291685,0.0,0.0,0.0,0.0,0.0,0.0,0.0
1292696,0.0,0.0,0.0,0.0,0.0,1.0,0.0
1292699,0.0,0.0,0.0,0.0,0.0,2.0,0.0
1293199,0.0,0.0,0.0,0.0,0.0,0.0,0.0
1294126,0.0,0.0,0.0,0.0,0.0,1.0,0.0
1294626,0.0,0.0,0.0,0.0,0.0,0.0,0.0
1294866,0.0,0.0,0.0,0.0,0.0,1.0,0.0
1294891,0.0,0.0,0.0,0.0,0.0,2.0,0.0
1295391,0.0,0.0,0.0,0.0,0.0,0.0,0.0
1295395,0.0,2.0,0.0,0.0,0.0,0.0,0.0
1295714,0.0,2.0,0.0,0.0,0.0,1.0,0.0
1295895,0.0,0.0,0.0,0.0,0.0,1.0,0.0
1296214,0.0,0.0,0.0,0.0,0.0,0.0,0.0
1296216,0.0,0.0,0.0,0.0,0.0,1.0,0.0
1296716,0.0,0.0,0.0,0.0,0.0,0.0,0.0
1296876,0.0,0.0,0.0,0.0,0.0,1.0,0.0
1297376,0.0,0.0,0.0,0.0,0.0,0.0,0.0
1298617,0.0,0.0,0.0,0.0,0.0,1.0,0.0
1299117,0.0,0.0,0.0,0.0,0.0,0.0,0.0
1299216,0.0,0.0,0.0,0.0,0.0,1.0,0.0
1299716,0.0,0.0,0.0,0.0,0.0,0.0,0.0
1299724,0.0,0.0,0.0,0.0,0.0,1.0,0.0
1300224,0.0,0.0,0.0,0.0,0.0,0.0,0.0
1300234,0.0,0.0,0.0,0.0,0.0,1.0,0.0
1300734,0.0,0.0,0.0,0.0,0.0,0.0,0.0
1301107,0.0,0.0,0.0,0.0,0.0,1.0,0.0
1301607,0.0,0.0,0.0,0.0,0.0,0.0,0.0
1301637,0.0,0.0,0.0,0.0,0.0,1.0,0.0
1301847,0.0,0.0,0.0,0.0,0.0,2.0,0.0
1302347,0.0,0.0,0.0,0.0,0.0,0.0,0.0
1302623,0.0,0.0,0.0,0.0,0.0,1.0,0.0
1303123,0.0,0.0,0.0,0.0,0.0,0.0,0.0
1303806,0.0,0.0,0.0,0.0,0.0,1.0,0.0
1304306,0.0,0.0,0.0,0.0,0.0,0.0,0.0
1305464,0.0,0.0,0.0,0.0,0.0,1.0,0.0
1305964,0.0,0.0,0.0,0.0,0.0,0.0,0.0
1306320,0.0,0.0,0.0,0.0,0.0,1.0,0.0
1306820,0.0,0.0,0.0,0.0,0.0,0.0,0.0
1306837,0.0,0.0,0.0,0.0,0.0,1.0,0.0
1306840,0.0,0.0,0.0,0.0,0.0,2.0,0.0
1307340,0.0,0.0,0.0,0.0,0.0,0.0,0.0
1307778,0.0,0.0,0.0,0.0,0.0,1.0,0.0
1308278,0.0,0.0,0.0,0.0,0.0,0.0,0.0
1308321,0.0,0.0,0.0,0.0,0.0,1.0,0.0
1308627,0.0,0.0,0.0,0.0,0.0,2.0,0.0
1309127,0.0,0.0,0.0,0.0,0.0,0.0,0.0
1309223,0.0,0.0,0.0,0.0,0.0,1.0,0.0
1309546,0.0,0.0,0.0,0.0,0.0,2.0,0.0
1310046,0.0,0.0,0.0,0.0,0.0,0.0,0.0
1310511,0.0,0.0,0.0,0.0,0.0,1.0,0.0
1311011,0.0,0.0,0.0,0.0,0.0,0.0,0.0
1311915,0.0,0.0,0.0,0.0,0.0,1.0,0.0
1312040,0.0,0.0,0.0,0.0,0.0,2.0,0.0
1312540,0.0,0.0,0.0,0.0,0.0,0.0,0.0
1312704,0.0,0.0,0.0,0.0,0.0,1.0,0.0
1313204,0.0,0.0,0.0,0.0,0.0,0.0,0.0
1313427,0.0,0.0,0.0,0.0,1.0,0.0,0.0
1313927,0.0,0.0,0.0,0.0,0.0,0.0,0.0
1316800,0.0,0.0,0.0,0.0,0.0,1.0,0.0
1317300,0.0,0.0,0.0,0.0,0.0,0.0,0.0
1319812,0.0,0.0,0.0,0.0,0.0,1.0,0.0
1319821,0.0,0.0,0.0,0.0,1.0,1.0,0.0
1319822,0.0,0.0,0.0,0.0,1.0,2.0,0.0
1320321,0.0,0.0,0.0,0.0,0.0,2.0,0.0
1320322,0.0,0.0,0.0,0.0,0.0,0.0,0.0
1322535,0.0,0.0,0.0,0.0,0.0,1.0,0.0
1323035,0.0,0.0,0.0,0.0,0.0,0.0,0.0
1323269,0.0,0.0,0.0,0.0,0.0,1.0,0.0
1323769,0.0,0.0,0.0,0.0,0.0,0.0,0.0
1328748,0.0,0.0,0.0,0.0,0.0,1.0,0.0
1328750,0.0,0.0,0.0,0.0,0.0,2.0,0.0
1329250,0.0,0.0,0.0,0.0,0.0,0.0,0.0
1330631,0.0,0.0,0.0,0.0,0.0,1.0,0.0
1331131,0.0,0.0,0.0,0.0,0.0,0.0,0.0
1331151,0.0,0.0,0.0,0.0,0.0,1.0,0.0
1331651,0.0,0.0,0.0,0.0,0.0,0.0,0.0
1331750,0.0,0.0,0.0,0.0,0.0,1.0,0.0
1332250,0.0,0.0,0.0,0.0,0.0,0.0,0.0
1332388,0.0,0.0,0.0,0.0,0.0,1.0,0.0
1332888,0.0,0.0,0.0,0.0,0.0,0.0,0.0
1333042,0.0,0.0,0.0,0.0,0.0,1.0,0.0
1333542,0.0,0.0,0.0,0.0,0.0,0.0,0.0
1342535,0.0,0.0,0.0,0.0,0.0,1.0,0.0
1343035,0.0,0.0,0.0,0.0,0.0,0.0,0.0
1344862,0.0,0.0,0.0,0.0,0.0,1.0,0.0
1345362,0.0,0.0,0.0,0.0,0.0,0.0,0.0
1345667,0.0,0.0,0.0,0.0,0.0,1.0,0.0
1346167,0.0,0.0,0.0,0.0,0.0,0.0,0.0
1346537,0.0,0.0,0.0,0.0,0.0,1.0,0.0
1347037,0.0,0.0,0.0,0.0,0.0,0.0,0.0
1347675,0.0,0.0,0.0,0.0,0.0,1.0,0.0
1348175,0.0,0.0,0.0,0.0,0.0,0.0,0.0
1349267,0.0,0.0,0.0,0.0,0.0,1.0,0.0
1349767,0.0,0.0,0.0,0.0,0.0,0.0,0.0
1350260,0.0,0.0,0.0,0.0,0.0,1.0,0.0
1350760,0.0,0.0,0.0,0.0,0.0,0.0,0.0
1351262,0.0,0.0,0.0,0.0,0.0,1.0,0.0
1351762,0.0,0.0,0.0,0.0,0.0,0.0,0.0
1355809,0.0,0.0,0.0,0.0,0.0,1.0,0.0
1356309,0.0,0.0,0.0,0.0,0.0,0.0,0.0
1363198,0.0,0.0,0.0,0.0,0.0,1.0,0.0
1363698,0.0,0.0,0.0,0.0,0.0,0.0,0.0
1363853,0.0,0.0,0.0,0.0,0.0,1.0,0.0
1364353,0.0,0.0,0.0,0.0,0.0,0.0,0.0
1366971,0.0,0.0,0.0,0.0,0.0,1.0,0.0
1367471,0.0,0.0,0.0,0.0,0.0,0.0,0.0
1371436,0.0,0.0,0.0,0.0,0.0,1.0,0.0
1371919,0.0,0.0,0.0,0.0,0.0,2.0,0.0
1372419,0.0,0.0,0.0,0.0,0.0,0.0,0.0
1373119,0.0,0.0,0.0,0.0,0.0,1.0,0.0
1373619,0.0,0.0,0.0,0.0,0.0,0.0,0.0
1376891,0.0,0.0,0.0,0.0,0.0,1.0,0.0
1377391,0.0,0.0,0.0,0.0,0.0,0.0,0.0
1379065,0.0,0.0,0.0,0.0,0.0,1.0,0.0
1379565,0.0,0.0,0.0,0.0,0.0,0.0,0.0
1380739,0.0,0.0,0.0,0.0,0.0,1.0,0.0
1381115,0.0,0.0,0.0,0.0,0.0,2.0,0.0
1381615,0.0,0.0,0.0,0.0,0.0,0.0,0.0
1383065,0.0,0.0,0.0,0.0,0.0,1.0,0.0
1383565,0.0,0.0,0.0,0.0,0.0,0.0,0.0
1384213,0.0,0.0,0.0,0.0,0.0,1.0,0.0
1384215,0.0,0.0,0.0,0.0,0.0,2.0,0.0
1384715,0.0,0.0,0.0,0.0,0.0,0.0,0.0
1386903,0.0,0.0,0.0,0.0,1.0,0.0,0.0
1386904,0.0,0.0,0.0,0.0,2.0,0.0,0.0
1387404,0.0,0.0,0.0,0.0,0.0,0.0,0.0
1387794,0.0,0.0,0.0,0.0,0.0,1.0,0.0
1388294,0.0,0.0,0.0,0.0,0.0,0.0,0.0
1389775,0.0,0.0,0.0,0.0,1.0,0.0,0.0
1389926,0.0,0.0,0.0,0.0,1.0,1.0,0.0
1390275,0.0,0.0,0.0,0.0,0.0,1.0,0.0
1390426,0.0,0.0,0.0,0.0,0.0,0.0,0.0
1391972,0.0,0.0,0.0,0.0,1.0,0.0,0.0
1392472,0.0,0.0,0.0,0.0,0.0,0.0,0.0
1392791,0.0,0.0,0.0,0.0,0.0,1.0,0.0
1393291,0.0,0.0,0.0,0.0,0.0,0.0,0.0
1396020,0.0,0.0,0.0,0.0,1.0,0.0,0.0
1396520,0.0,0.0,0.0,0.0,0.0,0.0,0.0
1400152,0.0,0.0,0.0,0.0,0.0,1.0,0.0
1400652,0.0,0.0,0.0,0.0,0.0,0.0,0.0
1400775,0.0,0.0,0.0,0.0,0.0,1.0,0.0
1401275,0.0,0.0,0.0,0.0,0.0,0.0,0.0
1402241,0.0,0.0,0.0,0.0,0.0,1.0,0.0
1402741,0.0,0.0,0.0,0.0,0.0,0.0,0.0
1403052,0.0,0.0,0.0,0.0,0.0,1.0,0.0
1403069,0.0,0.0,0.0,0.0,0.0,2.0,0.0
1403569,0.0,0.0,0.0,0.0,0.0,0.0,0.0
1403801,0.0,0.0,0.0,0.0,1.0,0.0,0.0
1403849,0.0,0.0,0.0,0.0,1.0,1.0,0.0
1403851,0.0,0.0,0.0,0.0,1.0,2.0,0.0
1404301,0.0,0.0,0.0,0.0,0.0,2.0,0.0
1404351,0.0,0.0,0.0,0.0,0.0,0.0,0.0
1405786,0.0,0.0,0.0,0.0,0.0,1.0,0.0
1406286,0.0,0.0,0.0,0.0,0.0,0.0,0.0
1406588,0.0,0.0,0.0,0.0,0.0,1.0,0.0
1407088,0.0,0.0,0.0,0.0,0.0,0.0,0.0
1407654,0.0,0.0,0.0,0.0,0.0,1.0,0.0
1408154,0.0,0.0,0.0,0.0,0.0,0.0,0.0
1410073,0.0,0.0,0.0,0.0,0.0,1.0,0.0
1410075,0.0,0.0,0.0,0.0,0.0,2.0,0.0
1410575,0.0,0.0,0.0,0.0,0.0,0.0,0.0
1411115,0.0,0.0,0.0,0.0,0.0,1.0,0.0
1411615,0.0,0.0,0.0,0.0,0.0,0.0,0.0
1413000,0.0,0.0,0.0,0.0,0.0,0.0,1.0
1413286,0.0,0.0,0.0,0.0,0.0,1.0,1.0
1413346,0.0,0.0,0.0,0.0,0.0,2.0,1.0
1413367,0.0,0.0,0.0,0.0,1.0,2.0,1.0
1413396,0.0,0.0,0.0,0.0,2.0,2.0,1.0
1413471,2.0,0.0,0.0,0.0,2.0,2.0,1.0
1413500,2.0,0.0,0.0,0.0,2.0,2.0,0.0
1413712,2.0,2.0,0.0,0.0,2.0,2.0,0.0
1413846,2.0,2.0,0.0,0.0,2.0,0.0,0.0
1413896,2.0,2.0,0.0,0.0,0.0,0.0,0.0
1413971,0.0,2.0,0.0,0.0,0.0,0.0,0.0
1413984,0.0,2.0,0.0,0.0,0.0,1.0,0.0
1414015,2.0,2.0,0.0,0.0,0.0,1.0,0.0
1414046,2.0,2.0,0.0,0.0,1.0,1.0,0.0
1414212,2.0,0.0,0.0,0.0,1.0,1.0,0.0
1414368,2.0,0.0,0.0,0.0,2.0,1.0,0.0
1414442,2.0,0.0,0.0,0.0,2.0,2.0,0.0
1414515,0.0,0.0,0.0,0.0,2.0,2.0,0.0
1414868,0.0,0.0,0.0,0.0,0.0,2.0,0.0
1414942,0.0,0.0,0.0,0.0,0.0,0.0,0.0
1415382,0.0,0.0,1.0,0.0,0.0,0.0,0.0
1415484,0.0,2.0,1.0,0.0,0.0,0.0,0.0
1415984,0.0,0.0,1.0,0.0,0.0,0.0,0.0
1416563,0.0,0.0,1.0,0.0,0.0,1.0,0.0
1416859,0.0,0.0,2.0,0.0,0.0,1.0,0.0
1417063,0.0,0.0,2.0,0.0,0.0,0.0,0.0
1417359,0.0,0.0,0.0,0.0,0.0,0.0,0.0
1417430,0.0,0.0,0.0,0.0,0.0,1.0,0.0
1417930,0.0,0.0,0.0,0.0,0.0,0.0,0.0
1418004,0.0,0.0,0.0,0.0,0.0,1.0,0.0
1418357,0.0,0.0,0.0,0.0,0.0,2.0,0.0
1418857,0.0,0.0,0.0,0.0,0.0,0.0,0.0
1419731,0.0,0.0,0.0,0.0,0.0,1.0,0.0
1420231,0.0,0.0,0.0,0.0,0.0,0.0,0.0
1420243,0.0,0.0,0.0,0.0,0.0,1.0,0.0
1420247,0.0,0.0,0.0,0.0,0.0,2.0,0.0
1420747,0.0,0.0,0.0,0.0,0.0,0.0,0.0
1421163,0.0,0.0,0.0,0.0,0.0,1.0,0.0
1421228,0.0,0.0,0.0,0.0,0.0,2.0,0.0
1421728,0.0,0.0,0.0,0.0,0.0,0.0,0.0
1421850,0.0,2.0,0.0,0.0,0.0,0.0,0.0
1421851,0.0,2.0,0.0,0.0,0.0,1.0,0.0
1421852,0.0,2.0,0.0,0.0,1.0,1.0,0.0
1422129,0.0,2.0,0.0,0.0,2.0,1.0,0.0
1422350,0.0,0.0,0.0,0.0,2.0,1.0,0.0
1422351,0.0,0.0,0.0,0.0,2.0,0.0,0.0
1422629,0.0,0.0,0.0,0.0,0.0,0.0,0.0
1423203,0.0,0.0,0.0,0.0,0.0,1.0,0.0
1423276,0.0,0.0,0.0,0.0,0.0,2.0,0.0
1423776,0.0,0.0,0.0,0.0,0.0,0.0,0.0
1424536,0.0,0.0,0.0,0.0,0.0,1.0,0.0
1425036,0.0,0.0,0.0,0.0,0.0,0.0,0.0
1425613,0.0,0.0,0.0,0.0,0.0,1.0,0.0
1426113,0.0,0.0,0.0,0.0,0.0,0.0,0.0
1426330,0.0,0.0,0.0,0.0,0.0,1.0,0.0
1426830,0.0,0.0,0.0,0.0,0.0,0.0,0.0
1426942,0.0,0.0,0.0,0.0,0.0,1.0,0.0
1427442,0.0,0.0,0.0,0.0,0.0,0.0,0.0
1427728,0.0,0.0,0.0,0.0,0.0,1.0,0.0
1428228,0.0,0.0,0.0,0.0,0.0,0.0,0.0
1428232,0.0,0.0,0.0,0.0,0.0,1.0,0.0
1428241,0.0,0.0,0.0,0.0,0.0,2.0,0.0
1428741,0.0,0.0,0.0,0.0,0.0,0.0,0.0
1428770,0.0,0.0,0.0,0.0,0.0,1.0,0.0
1429270,0.0,0.0,0.0,0.0,0.0,0.0,0.0
1429497,0.0,0.0,0.0,0.0,0.0,1.0,0.0
1429997,0.0,0.0,0.0,0.0,0.0,0.0,0.0
1430421,0.0,0.0,0.0,0.0,0.0,1.0,0.0
1430921,0.0,0.0,0.0,0.0,0.0,0.0,0.0
1431078,0.0,0.0,0.0,0.0,0.0,1.0,0.0
1431185,0.0,0.0,0.0,0.0,0.0,2.0,0.0
1431685,0.0,0.0,0.0,0.0,0.0,0.0,0.0
1431852,0.0,0.0,0.0,0.0,0.0,1.0,0.0
1432352,0.0,0.0,0.0,0.0,0.0,0.0,0.0
1432394,0.0,0.0,0.0,0.0,0.0,1.0,0.0
1432809,0.0,0.0,0.0,0.0,0.0,2.0,0.0
1433309,0.0,0.0,0.0,0.0,0.0,0.0,0.0
1433310,0.0,0.0,0.0,0.0,0.0,1.0,0.0
1433505,0.0,0.0,0.0,0.0,0.0,2.0,0.0
1434005,0.0,0.0,0.0,0.0,0.0,0.0,0.0
1434088,0.0,0.0,0.0,0.0,0.0,1.0,0.0
1434123,0.0,0.0,0.0,0.0,0.0,2.0,0.0
1434254,0.0,2.0,0.0,0.0,0.0,2.0,0.0
1434623,0.0,2.0,0.0,0.0,0.0,0.0,0.0
1434673,0.0,2.0,0.0,0.0,0.0,1.0,0.0
1434754,0.0,0.0,0.0,0.0,0.0,1.0,0.0
1435173,0.0,0.0,0.0,0.0,0.0,0.0,0.0
1435343,0.0,0.0,0.0,0.0,0.0,1.0,0.0
1435352,0.0,0.0,0.0,0.0,0.0,2.0,0.0
1435852,0.0,0.0,0.0,0.0,0.0,0.0,0.0
1435981,0.0,0.0,0.0,0.0,0.0,1.0,0.0
1435993,0.0,0.0,0.0,0.0,0.0,2.0,0.0
1436493,0.0,0.0,0.0,0.0,0.0,0.0,0.0
1436708,0.0,0.0,0.0,0.0,0.0,1.0,0.0
1437208,0.0,0.0,0.0,0.0,0.0,0.0,0.0
1437238,0.0,0.0,0.0,0.0,0.0,1.0,0.0
1437692,0.0,0.0,0.0,0.0,0.0,2.0,0.0
1438192,0.0,0.0,0.0,0.0,0.0,0.0,0.0
1438898,0.0,0.0,0.0,0.0,0.0,1.0,0.0
1438917,0.0,0.0,0.0,0.0,0.0,2.0,0.0
1439417,0.0,0.0,0.0,0.0,0.0,0.0,0.0
1439510,0.0,0.0,0.0,0.0,0.0,1.0,0.0
1439610,0.0,0.0,0.0,0.0,0.0,2.0,0.0
1440110,0.0,0.0,0.0,0.0,0.0,0.0,0.0
1440386,0.0,0.0,0.0,0.0,0.0,1.0,0.0
1440886,0.0,0.0,0.0,0.0,0.0,0.0,0.0
1442405,0.0,0.0,0.0,0.0,0.0,1.0,0.0
1442871,0.0,0.0,0.0,0.0,0.0,2.0,0.0
1443371,0.0,0.0,0.0,0.0,0.0,0.0,0.0
1443869,0.0,0.0,0.0,0.0,0.0,1.0,0.0
1444369,0.0,0.0,0.0,0.0,0.0,0.0,0.0
1444436,0.0,0.0,0.0,0.0,0.0,1.0,0.0
1444442,0.0,0.0,0.0,0.0,0.0,2.0,0.0
1444942,0.0,0.0,0.0,0.0,0.0,0.0,0.0
1445303,0.0,0.0,0.0,0.0,0.0,1.0,0.0
1445307,0.0,0.0,0.0,0.0,0.0,2.0,0.0
1445807,0.0,0.0,0.0,0.0,0.0,0.0,0.0
1445819,0.0,0.0,0.0,0.0,0.0,1.0,0.0
1445823,0.0,0.0,0.0,0.0,0.0,2.0,0.0
1446323,0.0,0.0,0.0,0.0,0.0,0.0,0.0
1446521,0.0,0.0,0.0,0.0,0.0,1.0,0.0
1446800,0.0,0.0,0.0,0.0,1.0,1.0,0.0
1446845,0.0,0.0,0.0,0.0,1.0,2.0,0.0
1447300,0.0,0.0,0.0,0.0,0.0,2.0,0.0
1447345,0.0,0.0,0.0,0.0,0.0,0.0,0.0
1447406,0.0,0.0,0.0,0.0,1.0,0.0,0.0
1447906,0.0,0.0,0.0,0.0,0.0,0.0,0.0
1448146,0.0,0.0,0.0,0.0,0.0,1.0,0.0
1448424,0.0,0.0,0.0,0.0,0.0,2.0,0.0
1448924,0.0,0.0,0.0,0.0,0.0,0.0,0.0
1449587,0.0,0.0,0.0,0.0,0.0,1.0,0.0
1449596,0.0,0.0,0.0,0.0,0.0,2.0,0.0
1450096,0.0,0.0,0.0,0.0,0.0,0.0,0.0
1450955,0.0,0.0,0.0,0.0,0.0,1.0,0.0
1451455,0.0,0.0,0.0,0.0,0.0,0.0,0.0
1451680,0.0,0.0,0.0,0.0,0.0,1.0,0.0
1452180,0.0,0.0,0.0,0.0,0.0,0.0,0.0
1452284,0.0,0.0,0.0,0.0,0.0,1.0,0.0
1452784,0.0,0.0,0.0,0.0,0.0,0.0,0.0
1453237,0.0,0.0,0.0,0.0,0.0,1.0,0.0
1453311,0.0,2.0,0.0,0.0,0.0,1.0,0.0
1453318,0.0,2.0,0.0,0.0,0.0,2.0,0.0
1453811,0.0,0.0,0.0,0.0,0.0,2.0,0.0
1453818,0.0,0.0,0.0,0.0,0.0,0.0,0.0
1454103,0.0,0.0,0.0,0.0,0.0,1.0,0.0
1454585,0.0,0.0,0.0,0.0,0.0,2.0,0.0
1455085,0.0,0.0,0.0,0.0,0.0,0.0,0.0
1455182,0.0,0.0,0.0,0.0,0.0,1.0,0.0
1455491,0.0,0.0,0.0,0.0,0.0,2.0,0.0
1455991,0.0,0.0,0.0,0.0,0.0,0.0,0.0
1456084,0.0,0.0,0.0,0.0,0.0,1.0,0.0
1456277,0.0,0.0,0.0,0.0,0.0,2.0,0.0
1456777,0.0,0.0,0.0,0.0,0.0,0.0,0.0
1457402,0.0,0.0,0.0,0.0,0.0,1.0,0.0
1457902,0.0,0.0,0.0,0.0,0.0,0.0,0.0
1458472,0.0,0.0,0.0,0.0,0.0,1.0,0.0
1458565,0.0,0.0,0.0,0.0,0.0,2.0,0.0
1459065,0.0,0.0,0.0,0.0,0.0,0.0,0.0
1459605,0.0,0.0,0.0,0.0,0.0,1.0,0.0
1459625,0.0,0.0,0.0,0.0,0.0,2.0,0.0
1460125,0.0,0.0,0.0,0.0,0.0,0.0,0.0
1461115,0.0,0.0,0.0,0.0,0.0,1.0,0.0
1461615,0.0,0.0,0.0,0.0,0.0,0.0,0.0
1462155,0.0,0.0,0.0,0.0,0.0,1.0,0.0
1462317,0.0,0.0,0.0,0.0,0.0,2.0,0.0
1462817,0.0,0.0,0.0,0.0,0.0,0.0,0.0
1462985,0.0,0.0,0.0,0.0,0.0,1.0,0.0
1463485,0.0,0.0,0.0,0.0,0.0,0.0,0.0
1464403,0.0,0.0,0.0,0.0,0.0,1.0,0.0
1464408,0.0,0.0,0.0,0.0,0.0,2.0,0.0
1464908,0.0,0.0,0.0,0.0,0.0,0.0,0.0
1465412,0.0,0.0,0.0,0.0,0.0,1.0,0.0
1465912,0.0,0.0,0.0,0.0,0.0,0.0,0.0
1466793,0.0,0.0,0.0,0.0,0.0,1.0,0.0
1467154,0.0,0.0,0.0,0.0,0.0,2.0,0.0
1467654,0.0,0.0,0.0,0.0,0.0,0.0,0.0
1468167,0.0,0.0,0.0,0.0,0.0,1.0,0.0
1468667,0.0,0.0,0.0,0.0,0.0,0.0,0.0
1468737,0.0,0.0,0.0,0.0,0.0,1.0,0.0
1468773,0.0,0.0,0.0,0.0,0.0,2.0,0.0
1469273,0.0,0.0,0.0,0.0,0.0,0.0,0.0
1469347,0.0,0.0,0.0,0.0,0.0,1.0,0.0
1469847,0.0,0.0,0.0,0.0,0.0,0.0,0.0
1469899,0.0,0.0,0.0,0.0,0.0,1.0,0.0
1469902,0.0,0.0,0.0,0.0,0.0,2.0,0.0
1470402,0.0,0.0,0.0,0.0,0.0,0.0,0.0
1470755,0.0,0.0,0.0,0.0,0.0,1.0,0.0
1471255,0.0,0.0,0.0,0.0,0.0,0.0,0.0
1471378,0.0,0.0,0.0,0.0,0.0,1.0,0.0
1471382,0.0,0.0,0.0,0.0,0.0,2.0,0.0
1471882,0.0,0.0,0.0,0.0,0.0,0.0,0.0
1472228,0.0,0.0,0.0,0.0,0.0,1.0,0.0
1472419,0.0,0.0,0.0,0.0,0.0,2.0,0.0
1472919,0.0,0.0,0.0,0.0,0.0,0.0,0.0
1473604,0.0,0.0,0.0,0.0,0.0,1.0,0.0
1473608,0.0,0.0,0.0,0.0,0.0,2.0,0.0
1474108,0.0,0.0,0.0,0.0,0.0,0.0,0.0
1474501,0.0,0.0,0.0,0.0,0.0,1.0,0.0
1475001,0.0,0.0,0.0,0.0,0.0,0.0,0.0
1475912,0.0,0.0,0.0,0.0,0.0,1.0,0.0
1476412,0.0,0.0,0.0,0.0,0.0,2.0,0.0
1476912,0.0,0.0,0.0,0.0,0.0,0.0,0.0
1477749,0.0,0.0,0.0,0.0,0.0,1.0,0.0
1477753,0.0,0.0,0.0,0.0,0.0,2.0,0.0
1477754,0.0,0.0,0.0,0.0,1.0,2.0,0.0
1478253,0.0,0.0,0.0,0.0,1.0,0.0,0.0
1478254,0.0,0.0,0.0,0.0,0.0,0.0,0.0
1478389,0.0,0.0,0.0,0.0,0.0,1.0,0.0
1478392,0.0,0.0,0.0,0.0,0.0,2.0,0.0
1478892,0.0,0.0,0.0,0.0,0.0,0.0,0.0
1479507,0.0,0.0,0.0,0.0,0.0,1.0,0.0
1479521,0.0,0.0,0.0,0.0,0.0,2.0,0.0
1480021,0.0,0.0,0.0,0.0,0.0,0.0,0.0
1480693,0.0,0.0,0.0,0.0,0.0,1.0,0.0
1480706,0.0,0.0,0.0,0.0,0.0,2.0,0.0
1481206,0.0,0.0,0.0,0.0,0.0,0.0,0.0
1481251,0.0,0.0,0.0,0.0,0.0,1.0,0.0
1481751,0.0,0.0,0.0,0.0,0.0,0.0,0.0
1482099,0.0,0.0,0.0,0.0,0.0,1.0,0.0
1482599,0.0,0.0,0.0,0.0,0.0,0.0,0.0
1483064,0.0,0.0,0.0,0.0,0.0,1.0,0.0
1483171,0.0,0.0,0.0,0.0,0.0,2.0,0.0
1483671,0.0,0.0,0.0,0.0,0.0,0.0,0.0
1484428,0.0,0.0,0.0,0.0,0.0,1.0,0.0
1484928,0.0,0.0,0.0,0.0,0.0,0.0,0.0
1485325,0.0,0.0,0.0,0.0,0.0,1.0,0.0
1485331,0.0,0.0,0.0,0.0,0.0,2.0,0.0
1485831,0.0,0.0,0.0,0.0,0.0,0.0,0.0
1486952,0.0,0.0,0.0,0.0,0.0,1.0,0.0
1487452,0.0,0.0,0.0,0.0,0.0,0.0,0.0
1487635,0.0,0.0,0.0,0.0,0.0,1.0,0.0
1488135,0.0,0.0,0.0,0.0,0.0,0.0,0.0
1488705,0.0,0.0,0.0,0.0,0.0,1.0,0.0
1488829,0.0,0.0,0.0,0.0,0.0,2.0,0.0
1489329,0.0,0.0,0.0,0.0,0.0,0.0,0.0
1489519,0.0,0.0,0.0,0.0,0.0,1.0,0.0
1490019,0.0,0.0,0.0,0.0,0.0,0.0,0.0
1490453,0.0,0.0,0.0,0.0,0.0,1.0,0.0
1490792,0.0,2.0,0.0,0.0,0.0,1.0,0.0
1490795,0.0,2.0,0.0,0.0,0.0,2.0,0.0
1491292,0.0,0.0,0.0,0.0,0.0,2.0,0.0
1491295,0.0,0.0,0.0,0.0,0.0,0.0,0.0
1492695,0.0,0.0,0.0,0.0,0.0,1.0,0.0
1493195,0.0,0.0,0.0,0.0,0.0,0.0,0.0
1493242,0.0,0.0,0.0,0.0,0.0,1.0,0.0
1493257,0.0,0.0,0.0,0.0,0.0,2.0,0.0
1493757,0.0,0.0,0.0,0.0,0.0,0.0,0.0
1493818,0.0,0.0,0.0,0.0,0.0,1.0,0.0
1493827,0.0,0.0,0.0,0.0,0.0,2.0,0.0
1494327,0.0,0.0,0.0,0.0,0.0,0.0,0.0
1494770,0.0,0.0,0.0,0.0,0.0,1.0,0.0
1494774,0.0,0.0,0.0,0.0,0.0,2.0,0.0
1495274,0.0,0.0,0.0,0.0,0.0,0.0,0.0
1495531,0.0,0.0,0.0,0.0,0.0,1.0,0.0
1496031,0.0,0.0,0.0,0.0,0.0,0.0,0.0
1496730,0.0,0.0,0.0,0.0,0.0,1.0,0.0
1497230,0.0,0.0,0.0,0.0,0.0,0.0,0.0
1497323,0.0,0.0,0.0,0.0,0.0,1.0,0.0
1497823,0.0,0.0,0.0,0.0,0.0,0.0,0.0
1498075,0.0,0.0,0.0,0.0,0.0,1.0,0.0
1498078,0.0,0.0,0.0,0.0,0.0,2.0,0.0
1498578,0.0,0.0,0.0,0.0,0.0,0.0,0.0
1499229,0.0,0.0,0.0,0.0,0.0,1.0,0.0
1500229,0.0,0.0,0.0,0.0,0.0,0.0,0.0
1500277,0.0,0.0,0.0,0.0,0.0,1.0,0.0
1500777,0.0,0.0,0.0,0.0,0.0,0.0,0.0
1501047,0.0,0.0,0.0,0.0,0.0,1.0,0.0
1501165,0.0,2.0,0.0,0.0,0.0,1.0,0.0
1501166,0.0,2.0,0.0,0.0,0.0,2.0,0.0
1501665,0.0,0.0,0.0,0.0,0.0,2.0,0.0
1501666,0.0,0.0,0.0,0.0,0.0,0.0,0.0
1501896,0.0,0.0,0.0,0.0,0.0,1.0,0.0
1502396,0.0,0.0,0.0,0.0,0.0,0.0,0.0
1502825,0.0,0.0,0.0,0.0,0.0,1.0,0.0
1502931,0.0,0.0,0.0,0.0,0.0,2.0,0.0
1503431,0.0,0.0,0.0,0.0,0.0,0.0,0.0
1504516,0.0,0.0,0.0,0.0,0.0,1.0,0.0
1505016,0.0,0.0,0.0,0.0,0.0,0.0,0.0
1506413,0.0,0.0,0.0,0.0,0.0,1.0,0.0
1506913,0.0,0.0,0.0,0.0,0.0,0.0,0.0
1507045,0.0,0.0,0.0,0.0,0.0,1.0,0.0
1507101,0.0,0.0,0.0,0.0,0.0,2.0,0.0
1507132,0.0,0.0,0.0,0.0,1.0,2.0,0.0
1507601,0.0,0.0,0.0,0.0,1.0,0.0,0.0
1507632,0.0,0.0,0.0,0.0,0.0,0.0,0.0
1508293,0.0,0.0,0.0,0.0,0.0,1.0,0.0
1508605,0.0,2.0,0.0,0.0,0.0,1.0,0.0
1508639,0.0,2.0,0.0,0.0,0.0,2.0,0.0
1509105,0.0,0.0,0.0,0.0,0.0,2.0,0.0
1509139,0.0,0.0,0.0,0.0,0.0,0.0,0.0
1510621,0.0,0.0,0.0,0.0,0.0,1.0,0.0
1511121,0.0,0.0,0.0,0.0,0.0,0.0,0.0
1511205,0.0,0.0,0.0,0.0,0.0,1.0,0.0
1511705,0.0,0.0,0.0,0.0,0.0,0.0,0.0
1511747,0.0,0.0,0.0,0.0,0.0,1.0,0.0
1512247,0.0,0.0,0.0,0.0,0.0,0.0,0.0
1512619,0.0,0.0,0.0,0.0,0.0,1.0,0.0
1512873,0.0,0.0,0.0,0.0,0.0,2.0,0.0
1513373,0.0,0.0,0.0,0.0,0.0,0.0,0.0
1513688,0.0,0.0,0.0,0.0,0.0,1.0,0.0
1514188,0.0,0.0,0.0,0.0,0.0,0.0,0.0
1514407,0.0,0.0,0.0,0.0,0.0,1.0,0.0
1514907,0.0,0.0,0.0,0.0,0.0,0.0,0.0
1515796,0.0,0.0,0.0,0.0,1.0,0.0,0.0
1516296,0.0,0.0,0.0,0.0,0.0,0.0,0.0
1518991,0.0,0.0,0.0,0.0,0.0,1.0,0.0
1519491,0.0,0.0,0.0,0.0,0.0,0.0,0.0
1519960,0.0,0.0,0.0,0.0,0.0,1.0,0.0
1520460,0.0,0.0,0.0,0.0,0.0,0.0,0.0
1522311,0.0,0.0,0.0,0.0,0.0,1.0,0.0
1522811,0.0,0.0,0.0,0.0,0.0,0.0,0.0
1523800,0.0,0.0,0.0,0.0,0.0,1.0,0.0
1524300,0.0,0.0,0.0,0.0,0.0,0.0,0.0
1525544,0.0,0.0,0.0,0.0,0.0,1.0,0.0
1526044,0.0,0.0,0.0,0.0,0.0,0.0,0.0
1527713,0.0,0.0,0.0,0.0,0.0,1.0,0.0
1528213,0.0,0.0,0.0,0.0,0.0,0.0,0.0
1528629,0.0,0.0,0.0,0.0,0.0,1.0,0.0
1529129,0.0,0.0,0.0,0.0,0.0,0.0,0.0
1529651,0.0,0.0,0.0,0.0,0.0,1.0,0.0
1530151,0.0,0.0,0.0,0.0,0.0,0.0,0.0
1533298,0.0,0.0,0.0,0.0,0.0,1.0,0.0
1533798,0.0,0.0,0.0,0.0,0.0,0.0,0.0
1534755,0.0,0.0,0.0,0.0,0.0,1.0,0.0
1535255,0.0,0.0,0.0,0.0,0.0,0.0,0.0
1536527,0.0,0.0,0.0,0.0,0.0,1.0,0.0
1537027,0.0,0.0,0.0,0.0,0.0,0.0,0.0
1538659,0.0,0.0,0.0,0.0,0.0,1.0,0.0
1539159,0.0,0.0,0.0,0.0,0.0,0.0,0.0
1540845,0.0,0.0,0.0,0.0,0.0,1.0,0.0
1541345,0.0,0.0,0.0,0.0,0.0,0.0,0.0
1542182,0.0,0.0,0.0,0.0,0.0,1.0,0.0
1542682,0.0,0.0,0.0,0.0,0.0,0.0,0.0
1543354,0.0,0.0,0.0,0.0,0.0,1.0,0.0
1543854,0.0,0.0,0.0,0.0,0.0,0.0,0.0
1545162,0.0,0.0,0.0,0.0,0.0,1.0,0.0
1545662,0.0,0.0,0.0,0.0,0.0,0.0,0.0
1546910,0.0,0.0,0.0,0.0,0.0,1.0,0.0
1547410,0.0,0.0,0.0,0.0,0.0,0.0,0.0
1548061,0.0,0.0,0.0,0.0,0.0,1.0,0.0
1548561,0.0,0.0,0.0,0.0,0.0,0.0,0.0
1550213,0.0,0.0,0.0,0.0,0.0,1.0,0.0
1550713,0.0,0.0,0.0,0.0,0.0,0.0,0.0
1551498,0.0,0.0,0.0,0.0,0.0,1.0,0.0
1551998,0.0,0.0,0.0,0.0,0.0,0.0,0.0
1553506,0.0,0.0,0.0,0.0,0.0,1.0,0.0
1554006,0.0,0.0,0.0,0.0,0.0,0.0,0.0
1554951,0.0,0.0,0.0,0.0,0.0,1.0,0.0
1555451,0.0,0.0,0.0,0.0,0.0,0.0,0.0
1558352,0.0,0.0,0.0,0.0,0.0,1.0,0.0
1558467,0.0,0.0,0.0,0.0,0.0,2.0,0.0
1558967,0.0,0.0,0.0,0.0,0.0,0.0,0.0
1559245,0.0,0.0,0.0,0.0,0.0,1.0,0.0
1559745,0.0,0.0,0.0,0.0,0.0,0.0,0.0
1561969,0.0,0.0,0.0,0.0,0.0,1.0,0.0
1562179,0.0,0.0,0.0,0.0,1.0,1.0,0.0
1562387,0.0,0.0,0.0,0.0,1.0,2.0,0.0
1562679,0.0,0.0,0.0,0.0,0.0,2.0,0.0
1562887,0.0,0.0,0.0,0.0,0.0,0.0,0.0
1563388,0.0,0.0,0.0,0.0,0.0,1.0,0.0
1563392,0.0,0.0,0.0,0.0,0.0,2.0,0.0
1563892,0.0,0.0,0.0,0.0,0.0,0.0,0.0
1567000,0.0,0.0,0.0,0.0,0.0,1.0,0.0
1567005,0.0,0.0,0.0,0.0,0.0,2.0,0.0
1567007,0.0,0.0,0.0,0.0,1.0,2.0,0.0
1567505,0.0,0.0,0.0,0.0,1.0,0.0,0.0
1567507,0.0,0.0,0.0,0.0,0.0,0.0,0.0
1570134,0.0,0.0,0.0,0.0,0.0,1.0,0.0
1570634,0.0,0.0,0.0,0.0,0.0,0.0,0.0
1570791,0.0,0.0,0.0,0.0,0.0,1.0,0.0
1571291,0.0,0.0,0.0,0.0,0.0,0.0,0.0
1572056,0.0,0.0,0.0,0.0,0.0,1.0,0.0
1572062,0.0,0.0,0.0,0.0,0.0,2.0,0.0
1572562,0.0,0.0,0.0,0.0,0.0,0.0,0.0
1574463,0.0,0.0,0.0,0.0,0.0,1.0,0.0
1574963,0.0,0.0,0.0,0.0,0.0,0.0,0.0
1575082,0.0,0.0,0.0,0.0,0.0,1.0,0.0
1575582,0.0,0.0,0.0,0.0,0.0,0.0,0.0
1576782,0.0,0.0,0.0,0.0,0.0,1.0,0.0
1577282,0.0,0.0,0.0,0.0,0.0,0.0,0.0
1579224,0.0,0.0,0.0,0.0,0.0,1.0,0.0
1579226,0.0,0.0,0.0,0.0,1.0,1.0,0.0
1579227,0.0,0.0,0.0,0.0,1.0,2.0,0.0
1579726,0.0,0.0,0.0,0.0,0.0,2.0,0.0
1579727,0.0,0.0,0.0,0.0,0.0,0.0,0.0
1582281,0.0,0.0,0.0,0.0,1.0,0.0,0.0
1582781,0.0,0.0,0.0,0.0,0.0,0.0,0.0
1586854,0.0,0.0,0.0,0.0,0.0,1.0,0.0
1587354,0.0,0.0,0.0,0.0,0.0,0.0,0.0
1588573,0.0,0.0,0.0,0.0,0.0,1.0,0.0
1589073,0.0,0.0,0.0,0.0,0.0,0.0,0.0
1590706,0.0,0.0,0.0,0.0,0.0,1.0,0.0
1591206,0.0,0.0,0.0,0.0,0.0,0.0,0.0
1593451,0.0,0.0,0.0,0.0,0.0,1.0,0.0
1593951,0.0,0.0,0.0,0.0,0.0,0.0,0.0
1594360,0.0,0.0,0.0,0.0,0.0,1.0,0.0
1594860,0.0,0.0,0.0,0.0,0.0,0.0,0.0
1596553,0.0,0.0,0.0,0.0,0.0,1.0,0.0
1597053,0.0,0.0,0.0,0.0,0.0,0.0,0.0
1597718,0.0,0.0,0.0,0.0,0.0,1.0,0.0
1598218,0.0,0.0,0.0,0.0,0.0,0.0,0.0
1599361,0.0,0.0,0.0,0.0,0.0,1.0,0.0
1599861,0.0,0.0,0.0,0.0,0.0,0.0,0.0
1600094,0.0,0.0,0.0,0.0,0.0,1.0,0.0
1600594,0.0,0.0,0.0,0.0,0.0,0.0,0.0
1600804,0.0,0.0,0.0,0.0,0.0,1.0,0.0
1601304,0.0,0.0,0.0,0.0,0.0,0.0,0.0
1611610,0.0,0.0,0.0,0.0,0.0,1.0,0.0
1612110,0.0,0.0,0.0,0.0,0.0,0.0,0.0
1612290,0.0,0.0,0.0,0.0,0.0,1.0,0.0
1612790,0.0,0.0,0.0,0.0,0.0,0.0,0.0
1615000,0.0,0.0,0.0,0.0,0.0,0.0,1.0
1615144,0.0,0.0,0.0,0.0,0.0,1.0,1.0
1615482,0.0,0.0,0.0,0.0,0.0,2.0,1.0
1615485,0.0,0.0,0.0,0.0,1.0,2.0,1.0
1615487,2.0,0.0,0.0,0.0,1.0,2.0,1.0
1615500,2.0,0.0,0.0,0.0,1.0,2.0,0.0
1615607,2.0,0.0,0.0,0.0,2.0,2.0,0.0
1615641,2.0,2.0,0.0,0.0,2.0,2.0,0.0
1615982,2.0,2.0,0.0,0.0,2.0,0.0,0.0
1615983,2.0,2.0,0.0,0.0,2.0,1.0,0.0
1615987,0.0,2.0,0.0,0.0,2.0,1.0,0.0
1616063,2.0,2.0,0.0,0.0,2.0,1.0,0.0
1616107,2.0,2.0,0.0,0.0,0.0,1.0,0.0
1616141,2.0,0.0,0.0,0.0,0.0,1.0,0.0
1616483,2.0,0.0,0.0,0.0,0.0,0.0,0.0
1616563,0.0,0.0,0.0,0.0,0.0,0.0,0.0
1617031,0.0,0.0,1.0,0.0,0.0,0.0,0.0
1618562,0.0,0.0,1.0,0.0,0.0,1.0,0.0
1618565,0.0,0.0,1.0,0.0,0.0,2.0,0.0
1618688,0.0,0.0,2.0,0.0,0.0,2.0,0.0
1619065,0.0,0.0,2.0,0.0,0.0,0.0,0.0
1619188,0.0,0.0,0.0,0.0,0.0,0.0,0.0
1619940,0.0,0.0,0.0,0.0,0.0,1.0,0.0
1620150,0.0,0.0,0.0,0.0,0.0,2.0,0.0
1620650,0.0,0.0,0.0,0.0,0.0,0.0,0.0
1621300,0.0,0.0,0.0,0.0,0.0,1.0,0.0
1621303,0.0,0.0,0.0,0.0,0.0,2.0,0.0
1621803,0.0,0.0,0.0,0.0,0.0,0.0,0.0
1622156,0.0,0.0,0.0,0.0,0.0,1.0,0.0
1622160,0.0,0.0,0.0,0.0,0.0,2.0,0.0
1622660,0.0,0.0,0.0,0.0,0.0,0.0,0.0
1623053,0.0,0.0,0.0,0.0,0.0,1.0,0.0
1623353,0.0,0.0,0.0,0.0,0.0,2.0,0.0
1623853,0.0,0.0,0.0,0.0,0.0,0.0,0.0
1623903,0.0,0.0,0.0,0.0,0.0,1.0,0.0
1624403,0.0,0.0,0.0,0.0,0.0,0.0,0.0
1624563,0.0,0.0,0.0,0.0,0.0,1.0,0.0
1624573,0.0,0.0,0.0,0.0,0.0,2.0,0.0
1625073,0.0,0.0,0.0,0.0,0.0,0.0,0.0
1625617,0.0,0.0,0.0,0.0,0.0,1.0,0.0
1625808,0.0,0.0,0.0,0.0,0.0,2.0,0.0
1626308,0.0,0.0,0.0,0.0,0.0,0.0,0.0
1626871,0.0,0.0,0.0,0.0,0.0,1.0,0.0
1627371,0.0,0.0,0.0,0.0,0.0,0.0,0.0
1627844,0.0,0.0,0.0,0.0,0.0,1.0,0.0
1627853,0.0,0.0,0.0,0.0,0.0,2.0,0.0
1628353,0.0,0.0,0.0,0.0,0.0,0.0,0.0
1628445,0.0,0.0,0.0,0.0,0.0,1.0,0.0
1628945,0.0,0.0,0.0,0.0,0.0,0.0,0.0
1629234,0.0,0.0,0.0,0.0,0.0,1.0,0.0
1629241,0.0,0.0,0.0,0.0,0.0,2.0,0.0
1629741,0.0,0.0,0.0,0.0,0.0,0.0,0.0
1629825,0.0,0.0,0.0,0.0,0.0,1.0,0.0
1630325,0.0,0.0,0.0,0.0,0.0,0.0,0.0
1630419,0.0,0.0,0.0,0.0,0.0,1.0,0.0
1630919,0.0,0.0,0.0,0.0,0.0,0.0,0.0
1631376,0.0,0.0,0.0,0.0,0.0,1.0,0.0
1631380,0.0,0.0,0.0,0.0,0.0,2.0,0.0
1631880,0.0,0.0,0.0,0.0,0.0,0.0,0.0
1632105,0.0,0.0,0.0,0.0,0.0,1.0,0.0
1632122,0.0,0.0,0.0,0.0,0.0,2.0,0.0
1632622,0.0,0.0,0.0,0.0,0.0,0.0,0.0
1632627,0.0,0.0,0.0,0.0,0.0,1.0,0.0
1632649,0.0,2.0,0.0,0.0,0.0,1.0,0.0
1633127,0.0,2.0,0.0,0.0,0.0,0.0,0.0
1633149,0.0,0.0,0.0,0.0,0.0,0.0,0.0
1633165,0.0,0.0,0.0,0.0,0.0,1.0,0.0
1633168,0.0,0.0,0.0,0.0,0.0,2.0,0.0
1633668,0.0,0.0,0.0,0.0,0.0,0.0,0.0
1634470,0.0,0.0,0.0,0.0,0.0,1.0,0.0
1634970,0.0,0.0,0.0,0.0,0.0,0.0,0.0
1635110,0.0,0.0,0.0,0.0,0.0,1.0,0.0
1635610,0.0,0.0,0.0,0.0,0.0,0.0,0.0
1635847,0.0,0.0,0.0,0.0,0.0,1.0,0.0
1635850,0.0,0.0,0.0,0.0,0.0,2.0,0.0
1636350,0.0,0.0,0.0,0.0,0.0,0.0,0.0
1636986,0.0,0.0,0.0,0.0,1.0,0.0,0.0
1636988,0.0,0.0,0.0,0.0,1.0,1.0,0.0
1637488,0.0,0.0,0.0,0.0,1.0,0.0,0.0
1637986,0.0,0.0,0.0,0.0,0.0,0.0,0.0
1638261,0.0,0.0,0.0,0.0,0.0,1.0,0.0
1638761,0.0,0.0,0.0,0.0,0.0,0.0,0.0
1639171,0.0,0.0,0.0,0.0,0.0,1.0,0.0
1639671,0.0,0.0,0.0,0.0,0.0,0.0,0.0
1639863,0.0,0.0,0.0,0.0,0.0,1.0,0.0
1640363,0.0,0.0,0.0,0.0,0.0,0.0,0.0
1640612,0.0,0.0,0.0,0.0,0.0,1.0,0.0
1641112,0.0,0.0,0.0,0.0,0.0,0.0,0.0
1641432,0.0,0.0,0.0,0.0,0.0,1.0,0.0
1641776,0.0,0.0,0.0,0.0,0.0,2.0,0.0
1642276,0.0,0.0,0.0,0.0,0.0,0.0,0.0
1642581,0.0,0.0,0.0,0.0,0.0,1.0,0.0
1643081,0.0,0.0,0.0,0.0,0.0,0.0,0.0
1643443,0.0,0.0,0.0,0.0,0.0,1.0,0.0
1643943,0.0,0.0,0.0,0.0,0.0,0.0,0.0
1644196,0.0,0.0,0.0,0.0,0.0,1.0,0.0
1644200,0.0,0.0,0.0,0.0,0.0,2.0,0.0
1644700,0.0,0.0,0.0,0.0,0.0,0.0,0.0
1645852,0.0,0.0,0.0,0.0,0.0,1.0,0.0
1645857,0.0,0.0,0.0,0.0,0.0,2.0,0.0
1646357,0.0,0.0,0.0,0.0,0.0,0.0,0.0
1646541,0.0,0.0,0.0,0.0,0.0,1.0,0.0
1647041,0.0,0.0,0.0,0.0,0.0,0.0,0.0
1647432,0.0,0.0,0.0,0.0,0.0,1.0,0.0
1647564,0.0,0.0,0.0,0.0,0.0,2.0,0.0
1648064,0.0,0.0,0.0,0.0,0.0,0.0,0.0
1648834,0.0,0.0,0.0,0.0,0.0,1.0,0.0
1649334,0.0,0.0,0.0,0.0,0.0,0.0,0.0
1649339,0.0,0.0,0.0,0.0,0.0,1.0,0.0
1649839,0.0,0.0,0.0,0.0,0.0,0.0,0.0
1649943,0.0,0.0,0.0,0.0,0.0,1.0,0.0
1649960,0.0,0.0,0.0,0.0,0.0,2.0,0.0
1650460,0.0,0.0,0.0,0.0,0.0,0.0,0.0
1650638,0.0,0.0,0.0,0.0,0.0,1.0,0.0
1651138,0.0,0.0,0.0,0.0,0.0,0.0,0.0
1651214,0.0,0.0,0.0,0.0,0.0,1.0,0.0
1651454,0.0,0.0,0.0,0.0,0.0,2.0,0.0
1651954,0.0,0.0,0.0,0.0,0.0,0.0,0.0
1653170,0.0,0.0,0.0,0.0,0.0,1.0,0.0
1653670,0.0,0.0,0.0,0.0,0.0,0.0,0.0
1653673,0.0,0.0,0.0,0.0,0.0,1.0,0.0
1654172,0.0,0.0,0.0,0.0,0.0,2.0,0.0
1654672,0.0,0.0,0.0,0.0,0.0,0.0,0.0
1655344,0.0,0.0,0.0,0.0,0.0,1.0,0.0
1655844,0.0,0.0,0.0,0.0,0.0,0.0,0.0
1656503,0.0,0.0,0.0,0.0,0.0,1.0,0.0
1657003,0.0,0.0,0.0,0.0,0.0,0.0,0.0
1657227,0.0,0.0,0.0,0.0,0.0,1.0,0.0
1657727,0.0,0.0,0.0,0.0,0.0,0.0,0.0
1657827,0.0,0.0,0.0,0.0,0.0,1.0,0.0
1658327,0.0,0.0,0.0,0.0,0.0,0.0,0.0
1659805,0.0,0.0,0.0,0.0,0.0,1.0,0.0
1660305,0.0,0.0,0.0,0.0,0.0,0.0,0.0
1660425,0.0,0.0,0.0,0.0,0.0,1.0,0.0
1660925,0.0,0.0,0.0,0.0,0.0,0.0,0.0
1662072,0.0,0.0,0.0,0.0,0.0,1.0,0.0
1662572,0.0,0.0,0.0,0.0,0.0,0.0,0.0
1662932,0.0,0.0,0.0,0.0,0.0,1.0,0.0
1662935,0.0,0.0,0.0,0.0,0.0,2.0,0.0
1663435,0.0,0.0,0.0,0.0,0.0,0.0,0.0
1664153,0.0,0.0,0.0,0.0,0.0,1.0,0.0
1664558,0.0,0.0,0.0,0.0,0.0,2.0,0.0
1665058,0.0,0.0,0.0,0.0,0.0,0.0,0.0
1666132,0.0,0.0,0.0,0.0,0.0,1.0,0.0
1666632,0.0,0.0,0.0,0.0,0.0,0.0,0.0
1666646,0.0,0.0,0.0,0.0,0.0,1.0,0.0
1667146,0.0,0.0,0.0,0.0,0.0,0.0,0.0
1667335,0.0,0.0,0.0,0.0,0.0,1.0,0.0
1667820,0.0,0.0,0.0,0.0,0.0,2.0,0.0
1668320,0.0,0.0,0.0,0.0,0.0,0.0,0.0
1668352,0.0,0.0,0.0,0.0,0.0,1.0,0.0
1668852,0.0,0.0,0.0,0.0,0.0,0.0,0.0
1668919,0.0,0.0,0.0,0.0,0.0,1.0,0.0
1669419,0.0,0.0,0.0,0.0,0.0,0.0,0.0
1669540,0.0,0.0,0.0,0.0,0.0,1.0,0.0
1669544,0.0,0.0,0.0,0.0,0.0,2.0,0.0
1670044,0.0,0.0,0.0,0.0,0.0,0.0,0.0
1670520,0.0,0.0,0.0,0.0,0.0,1.0,0.0
1670523,0.0,0.0,0.0,0.0,0.0,2.0,0.0
1671023,0.0,0.0,0.0,0.0,0.0,0.0,0.0
1671099,0.0,0.0,0.0,0.0,0.0,1.0,0.0
1671548,0.0,2.0,0.0,0.0,0.0,1.0,0.0
1671599,0.0,2.0,0.0,0.0,0.0,0.0,0.0
1671642,0.0,2.0,0.0,0.0,0.0,1.0,0.0
1671665,0.0,2.0,0.0,0.0,0.0,2.0,0.0
1672048,0.0,0.0,0.0,0.0,0.0,2.0,0.0
1672165,0.0,0.0,0.0,0.0,0.0,0.0,0.0
1672319,0.0,0.0,0.0,0.0,0.0,1.0,0.0
1672819,0.0,0.0,0.0,0.0,0.0,0.0,0.0
1673682,0.0,0.0,0.0,0.0,0.0,1.0,0.0
1674182,0.0,0.0,0.0,0.0,0.0,0.0,0.0
1674285,0.0,0.0,0.0,0.0,0.0,1.0,0.0
1674296,0.0,0.0,0.0,0.0,0.0,2.0,0.0
1674796,0.0,0.0,0.0,0.0,0.0,0.0,0.0
1675059,0.0,0.0,0.0,0.0,0.0,1.0,0.0
1675288,0.0,0.0,0.0,0.0,0.0,2.0,0.0
1675455,0.0,2.0,0.0,0.0,0.0,2.0,0.0
1675788,0.0,2.0,0.0,0.0,0.0,0.0,0.0
1675955,0.0,0.0,0.0,0.0,0.0,0.0,0.0
1675976,0.0,0.0,0.0,0.0,0.0,1.0,0.0
1676476,0.0,0.0,0.0,0.0,0.0,0.0,0.0
1677209,0.0,0.0,0.0,0.0,0.0,1.0,0.0
1677224,0.0,0.0,0.0,0.0,0.0,2.0,0.0
1677724,0.0,0.0,0.0,0.0,0.0,0.0,0.0
1678020,0.0,0.0,0.0,0.0,0.0,1.0,0.0
1678444,0.0,0.0,0.0,0.0,0.0,2.0,0.0
1678944,0.0,0.0,0.0,0.0,0.0,0.0,0.0
1679027,0.0,0.0,0.0,0.0,0.0,1.0,0.0
1679527,0.0,0.0,0.0,0.0,0.0,0.0,0.0
1679756,0.0,0.0,0.0,0.0,0.0,1.0,0.0
1680256,0.0,0.0,0.0,0.0,0.0,0.0,0.0
1680746,0.0,0.0,0.0,0.0,0.0,1.0,0.0
1681246,0.0,0.0,0.0,0.0,0.0,0.0,0.0
1682069,0.0,0.0,0.0,0.0,0.0,1.0,0.0
1682072,0.0,0.0,0.0,0.0,0.0,2.0,0.0
1682572,0.0,0.0,0.0,0.0,0.0,0.0,0.0
1682842,0.0,0.0,0.0,0.0,0.0,1.0,0.0
1683222,0.0,0.0,0.0,0.0,0.0,2.0,0.0
1683722,0.0,0.0,0.0,0.0,0.0,0.0,0.0
1683931,0.0,0.0,0.0,0.0,0.0,1.0,0.0
1683938,0.0,0.0,0.0,0.0,0.0,2.0,0.0
1684438,0.0,0.0,0.0,0.0,0.0,0.0,0.0
1685106,0.0,0.0,0.0,0.0,0.0,1.0,0.0
1685606,0.0,0.0,0.0,0.0,0.0,0.0,0.0
1685842,0.0,0.0,0.0,0.0,0.0,1.0,0.0
1686842,0.0,0.0,0.0,0.0,0.0,0.0,0.0
1686861,0.0,0.0,0.0,0.0,0.0,1.0,0.0
1687067,0.0,0.0,0.0,0.0,0.0,2.0,0.0
1687567,0.0,0.0,0.0,0.0,0.0,0.0,0.0
1688418,0.0,0.0,0.0,0.0,0.0,1.0,0.0
1688425,0.0,0.0,0.0,0.0,0.0,2.0,0.0
1688925,0.0,0.0,0.0,0.0,0.0,0.0,0.0
1688953,0.0,0.0,0.0,0.0,0.0,1.0,0.0
1689453,0.0,0.0,0.0,0.0,0.0,0.0,0.0
1689530,0.0,0.0,0.0,0.0,0.0,1.0,0.0
1690030,0.0,0.0,0.0,0.0,0.0,0.0,0.0
1690045,0.0,0.0,0.0,0.0,0.0,1.0,0.0
1690049,0.0,0.0,0.0,0.0,0.0,2.0,0.0
1690077,0.0,2.0,0.0,0.0,0.0,2.0,0.0
1690549,0.0,2.0,0.0,0.0,0.0,0.0,0.0
1690577,0.0,0.0,0.0,0.0,0.0,0.0,0.0
1690834,0.0,0.0,0.0,0.0,0.0,1.0,0.0
1690850,0.0,0.0,0.0,0.0,0.0,2.0,0.0
1691350,0.0,0.0,0.0,0.0,0.0,0.0,0.0
1691661,0.0,0.0,0.0,0.0,0.0,1.0,0.0
1691664,0.0,0.0,0.0,0.0,0.0,2.0,0.0
1692164,0.0,0.0,0.0,0.0,0.0,0.0,0.0
1692231,0.0,0.0,0.0,0.0,0.0,1.0,0.0
1692295,0.0,0.0,0.0,0.0,0.0,2.0,0.0
1692795,0.0,0.0,0.0,0.0,0.0,0.0,0.0
1693507,0.0,0.0,0.0,0.0,0.0,1.0,0.0
1694007,0.0,0.0,0.0,0.0,0.0,0.0,0.0
1694096,0.0,0.0,0.0,0.0,0.0,1.0,0.0
1694099,0.0,0.0,0.0,0.0,0.0,2.0,0.0
1694599,0.0,0.0,0.0,0.0,0.0,0.0,0.0
1694665,0.0,0.0,0.0,0.0,0.0,1.0,0.0
1695165,0.0,0.0,0.0,0.0,0.0,0.0,0.0
1695554,0.0,0.0,0.0,0.0,0.0,1.0,0.0
1695820,0.0,0.0,0.0,0.0,0.0,2.0,0.0
1696320,0.0,0.0,0.0,0.0,0.0,0.0,0.0
1696349,0.0,0.0,0.0,0.0,0.0,1.0,0.0
1696352,0.0,0.0,0.0,0.0,0.0,2.0,0.0
1696852,0.0,0.0,0.0,0.0,0.0,0.0,0.0
1697562,0.0,0.0,0.0,0.0,0.0,1.0,0.0
1698062,0.0,0.0,0.0,0.0,0.0,0.0,0.0
1698473,0.0,0.0,0.0,0.0,0.0,1.0,0.0
1698842,0.0,0.0,0.0,0.0,0.0,2.0,0.0
1699342,0.0,0.0,0.0,0.0,0.0,0.0,0.0
1699369,0.0,0.0,0.0,0.0,0.0,1.0,0.0
1699372,0.0,0.0,0.0,0.0,0.0,2.0,0.0
1699872,0.0,0.0,0.0,0.0,0.0,0.0,0.0
1700230,0.0,0.0,0.0,0.0,0.0,1.0,0.0
1700305,0.0,0.0,0.0,0.0,0.0,2.0,0.0
1700805,0.0,0.0,0.0,0.0,0.0,0.0,0.0
1701235,0.0,0.0,0.0,0.0,0.0,1.0,0.0
1701343,0.0,0.0,0.0,0.0,0.0,2.0,0.0
1701843,0.0,0.0,0.0,0.0,0.0,0.0,0.0
1701846,0.0,0.0,0.0,0.0,0.0,1.0,0.0
1702346,0.0,0.0,0.0,0.0,0.0,0.0,0.0
1703212,0.0,0.0,0.0,0.0,0.0,1.0,0.0
1703712,0.0,0.0,0.0,0.0,0.0,0.0,0.0
1703789,0.0,0.0,0.0,0.0,0.0,1.0,0.0
1704289,0.0,0.0,0.0,0.0,0.0,0.0,0.0
1704348,0.0,0.0,0.0,0.0,0.0,1.0,0.0
1704848,0.0,0.0,0.0,0.0,0.0,0.0,0.0
1705132,0.0,0.0,0.0,0.0,0.0,1.0,0.0
1705632,0.0,0.0,0.0,0.0,0.0,0.0,0.0
1705653,0.0,0.0,0.0,0.0,0.0,1.0,0.0
1706153,0.0,0.0,0.0,0.0,0.0,0.0,0.0
1707615,0.0,0.0,0.0,0.0,0.0,1.0,0.0
1708115,0.0,0.0,0.0,0.0,0.0,0.0,0.0
1708122,0.0,0.0,0.0,0.0,0.0,1.0,0.0
1708622,0.0,0.0,0.0,0.0,0.0,0.0,0.0
1708724,0.0,0.0,0.0,0.0,0.0,1.0,0.0
1708741,0.0,0.0,0.0,0.0,0.0,2.0,0.0
1709241,0.0,0.0,0.0,0.0,0.0,0.0,0.0
1709364,0.0,0.0,0.0,0.0,0.0,1.0,0.0
1709864,0.0,0.0,0.0,0.0,0.0,0.0,0.0
1710202,0.0,0.0,0.0,0.0,0.0,1.0,0.0
1710702,0.0,0.0,0.0,0.0,0.0,0.0,0.0
1711149,0.0,0.0,0.0,0.0,0.0,1.0,0.0
1711524,0.0,0.0,0.0,0.0,0.0,2.0,0.0
1712024,0.0,0.0,0.0,0.0,0.0,0.0,0.0
1712130,0.0,0.0,0.0,0.0,0.0,1.0,0.0
1712148,0.0,0.0,0.0,0.0,0.0,2.0,0.0
1712648,0.0,0.0,0.0,0.0,0.0,0.0,0.0
1714306,0.0,0.0,0.0,0.0,0.0,1.0,0.0
1714313,0.0,0.0,0.0,0.0,0.0,2.0,0.0
1714813,0.0,0.0,0.0,0.0,0.0,0.0,0.0
1715110,0.0,2.0,0.0,0.0,0.0,0.0,0.0
1715111,0.0,2.0,0.0,0.0,0.0,1.0,0.0
1715610,0.0,0.0,0.0,0.0,0.0,1.0,0.0
1715611,0.0,0.0,0.0,0.0,0.0,0.0,0.0
1718936,0.0,0.0,0.0,0.0,0.0,1.0,0.0
1719436,0.0,0.0,0.0,0.0,0.0,0.0,0.0
1719995,0.0,0.0,0.0,0.0,0.0,1.0,0.0
1720495,0.0,0.0,0.0,0.0,0.0,0.0,0.0
1721259,0.0,0.0,0.0,0.0,0.0,1.0,0.0
1721759,0.0,0.0,0.0,0.0,0.0,0.0,0.0
1723274,0.0,0.0,0.0,0.0,1.0,0.0,0.0
1723305,0.0,0.0,0.0,0.0,1.0,1.0,0.0
1723774,0.0,0.0,0.0,0.0,0.0,1.0,0.0
1723805,0.0,0.0,0.0,0.0,0.0,0.0,0.0
1724728,0.0,0.0,0.0,0.0,0.0,1.0,0.0
1725228,0.0,0.0,0.0,0.0,0.0,0.0,0.0
1725857,0.0,0.0,0.0,0.0,0.0,1.0,0.0
1726357,0.0,0.0,0.0,0.0,0.0,0.0,0.0
1727198,0.0,0.0,0.0,0.0,0.0,1.0,0.0
1727698,0.0,0.0,0.0,0.0,0.0,0.0,0.0
1729303,0.0,0.0,0.0,0.0,0.0,1.0,0.0
1729690,0.0,0.0,0.0,0.0,1.0,1.0,0.0
1729803,0.0,0.0,0.0,0.0,1.0,0.0,0.0
1729865,0.0,0.0,0.0,0.0,1.0,1.0,0.0
1730190,0.0,0.0,0.0,0.0,0.0,1.0,0.0
1730365,0.0,0.0,0.0,0.0,0.0,0.0,0.0
1732979,0.0,0.0,0.0,0.0,1.0,0.0,0.0
1733479,0.0,0.0,0.0,0.0,0.0,0.0,0.0
1734253,0.0,0.0,0.0,0.0,0.0,1.0,0.0
1734753,0.0,0.0,0.0,0.0,0.0,0.0,0.0
1734920,0.0,0.0,0.0,0.0,0.0,1.0,0.0
1735420,0.0,0.0,0.0,0.0,0.0,0.0,0.0
1735970,0.0,0.0,0.0,0.0,0.0,1.0,0.0
1735971,0.0,0.0,0.0,0.0,0.0,2.0,0.0
1736471,0.0,0.0,0.0,0.0,0.0,0.0,0.0
1739839,0.0,0.0,0.0,0.0,0.0,1.0,0.0
1740339,0.0,0.0,0.0,0.0,0.0,0.0,0.0
1741746,0.0,0.0,0.0,0.0,0.0,1.0,0.0
1742246,0.0,0.0,0.0,0.0,0.0,0.0,0.0
1744079,0.0,0.0,0.0,0.0,0.0,1.0,0.0
1744579,0.0,0.0,0.0,0.0,0.0,0.0,0.0
1747912,0.0,0.0,0.0,0.0,0.0,1.0,0.0
1748412,0.0,0.0,0.0,0.0,0.0,0.0,0.0
1749235,0.0,0.0,0.0,0.0,0.0,1.0,0.0
1749735,0.0,0.0,0.0,0.0,0.0,0.0,0.0
1750731,0.0,0.0,0.0,0.0,0.0,1.0,0.0
1751231,0.0,0.0,0.0,0.0,0.0,0.0,0.0
1751532,0.0,0.0,0.0,0.0,0.0,1.0,0.0
1752032,0.0,0.0,0.0,0.0,0.0,0.0,0.0
1753441,0.0,0.0,0.0,0.0,0.0,1.0,0.0
1753941,0.0,0.0,0.0,0.0,0.0,0.0,0.0
1755191,0.0,0.0,0.0,0.0,0.0,1.0,0.0
1755691,0.0,0.0,0.0,0.0,0.0,0.0,0.0
1755816,0.0,0.0,0.0,0.0,0.0,1.0,0.0
1756316,0.0,0.0,0.0,0.0,0.0,0.0,0.0
1757121,0.0,0.0,0.0,0.0,1.0,0.0,0.0
1757303,0.0,0.0,0.0,0.0,1.0,1.0,0.0
1757621,0.0,0.0,0.0,0.0,0.0,1.0,0.0
1757803,0.0,0.0,0.0,0.0,0.0,0.0,0.0
1760408,0.0,0.0,0.0,0.0,0.0,1.0,0.0
1760908,0.0,0.0,0.0,0.0,0.0,0.0,0.0
1761379,0.0,0.0,0.0,0.0,0.0,1.0,0.0
1761381,0.0,0.0,0.0,0.0,0.0,2.0,0.0
1761881,0.0,0.0,0.0,0.0,0.0,0.0,0.0
1762083,0.0,0.0,0.0,0.0,0.0,1.0,0.0
1762583,0.0,0.0,0.0,0.0,0.0,0.0,0.0
1769341,0.0,0.0,0.0,0.0,0.0,1.0,0.0
1769447,0.0,0.0,0.0,0.0,0.0,2.0,0.0
1769947,0.0,0.0,0.0,0.0,0.0,0.0,0.0
1772522,0.0,0.0,0.0,0.0,0.0,1.0,0.0
1773022,0.0,0.0,0.0,0.0,0.0,0.0,0.0
1773279,0.0,0.0,0.0,0.0,0.0,1.0,0.0
1773282,0.0,0.0,0.0,0.0,0.0,2.0,0.0
1773782,0.0,0.0,0.0,0.0,0.0,0.0,0.0
1775368,0.0,0.0,0.0,0.0,0.0,1.0,0.0
1775868,0.0,0.0,0.0,0.0,0.0,0.0,0.0
1777697,0.0,0.0,0.0,0.0,0.0,1.0,0.0
1778197,0.0,0.0,0.0,0.0,0.0,0.0,0.0
1778626,0.0,0.0,0.0,0.0,0.0,1.0,0.0
1779126,0.0,0.0,0.0,0.0,0.0,0.0,0.0
1787405,0.0,0.0,0.0,0.0,0.0,1.0,0.0
1787905,0.0,0.0,0.0,0.0,0.0,0.0,0.0
1788687,0.0,0.0,0.0,0.0,1.0,0.0,0.0
1788688,0.0,0.0,0.0,0.0,2.0,0.0,0.0
1789188,0.0,0.0,0.0,0.0,0.0,0.0,0.0
1791606,0.0,0.0,0.0,0.0,0.0,1.0,0.0
1792106,0.0,0.0,0.0,0.0,0.0,0.0,0.0
1794297,0.0,0.0,0.0,0.0,0.0,1.0,0.0
1794302,0.0,0.0,0.0,0.0,0.0,2.0,0.0
1794303,0.0,0.0,0.0,0.0,1.0,2.0,0.0
1794329,0.0,0.0,0.0,0.0,2.0,2.0,0.0
1794802,0.0,0.0,0.0,0.0,2.0,0.0,0.0
1794829,0.0,0.0,0.0,0.0,0.0,0.0,0.0
1798213,0.0,0.0,0.0,0.0,0.0,1.0,0.0
1798713,0.0,0.0,0.0,0.0,0.0,0.0,0.0
1798912,0.0,0.0,0.0,0.0,0.0,1.0,0.0
1799412,0.0,0.0,0.0,0.0,0.0,0.0,0.0
1801115,0.0,0.0,0.0,0.0,0.0,1.0,0.0
1801138,0.0,0.0,0.0,0.0,0.0,2.0,0.0
1801638,0.0,0.0,0.0,0.0,0.0,0.0,0.0
1801790,0.0,0.0,0.0,0.0,0.0,1.0,0.0
1802290,0.0,0.0,0.0,0.0,0.0,0.0,0.0
1805216,0.0,0.0,0.0,0.0,0.0,1.0,0.0
1805716,0.0,0.0,0.0,0.0,0.0,0.0,0.0
1806178,0.0,0.0,0.0,0.0,0.0,1.0,0.0
1806678,0.0,0.0,0.0,0.0,0.0,0.0,0.0
1807038,0.0,0.0,0.0,0.0,0.0,1.0,0.0
1807538,0.0,0.0,0.0,0.0,0.0,0.0,0.0
1810728,0.0,0.0,0.0,0.0,0.0,1.0,0.0
1811228,0.0,0.0,0.0,0.0,0.0,0.0,0.0
1813004,0.0,0.0,0.0,0.0,0.0,1.0,0.0
1813504,0.0,0.0,0.0,0.0,0.0,0.0,0.0
1815056,0.0,0.0,0.0,0.0,0.0,1.0,0.0
1815556,0.0,0.0,0.0,0.0,0.0,0.0,0.0
1815944,0.0,0.0,0.0,0.0,0.0,1.0,0.0
1816444,0.0,0.0,0.0,0.0,0.0,0.0,0.0
1817000,0.0,0.0,0.0,0.0,0.0,0.0,1.0
1817094,0.0,0.0,0.0,0.0,0.0,1.0,1.0
1817438,0.0,0.0,0.0,0.0,0.0,2.0,1.0
1817500,0.0,0.0,0.0,0.0,0.0,2.0,0.0
1817599,2.0,0.0,0.0,0.0,0.0,2.0,0.0
1817600,2.0,2.0,0.0,0.0,0.0,2.0,0.0
1817771,2.0,2.0,0.0,0.0,1.0,2.0,0.0
1817840,2.0,2.0,0.0,0.0,2.0,2.0,0.0
1817938,2.0,2.0,0.0,0.0,2.0,0.0,0.0
1818099,0.0,2.0,0.0,0.0,2.0,0.0,0.0
1818100,0.0,0.0,0.0,0.0,2.0,0.0,0.0
1818271,2.0,0.0,0.0,0.0,2.0,0.0,0.0
1818340,2.0,0.0,0.0,0.0,0.0,0.0,0.0
1818544,2.0,0.0,0.0,0.0,0.0,1.0,0.0
1818753,2.0,0.0,0.0,0.0,0.0,2.0,0.0
1818760,2.0,2.0,0.0,0.0,0.0,2.0,0.0
1818771,0.0,2.0,0.0,0.0,0.0,2.0,0.0
1819253,0.0,2.0,0.0,0.0,0.0,0.0,0.0
1819260,0.0,0.0,0.0,0.0,0.0,0.0,0.0
1819304,0.0,0.0,1.0,0.0,0.0,0.0,0.0
1819827,0.0,0.0,1.0,0.0,0.0,1.0,0.0
1820320,0.0,0.0,1.0,0.0,0.0,2.0,0.0
1820614,0.0,0.0,2.0,0.0,0.0,2.0,0.0
1820820,0.0,0.0,2.0,0.0,0.0,0.0,0.0
1820908,0.0,0.0,2.0,0.0,0.0,1.0,0.0
1821114,0.0,0.0,0.0,0.0,0.0,1.0,0.0
1821343,2.0,0.0,0.0,0.0,0.0,1.0,0.0
1821408,2.0,0.0,0.0,0.0,0.0,0.0,0.0
1821491,2.0,0.0,0.0,0.0,0.0,1.0,0.0
1821751,2.0,0.0,1.0,0.0,0.0,1.0,0.0
1821843,0.0,0.0,1.0,0.0,0.0,1.0,0.0
1821991,0.0,0.0,1.0,0.0,0.0,0.0,0.0
1822251,0.0,0.0,0.0,0.0,0.0,0.0,0.0
1822332,0.0,0.0,0.0,0.0,0.0,1.0,0.0
1822748,0.0,0.0,0.0,0.0,0.0,2.0,0.0
1823248,0.0,0.0,0.0,0.0,0.0,0.0,0.0
1823352,0.0,0.0,0.0,0.0,0.0,1.0,0.0
1823852,0.0,0.0,0.0,0.0,0.0,0.0,0.0
1824893,0.0,0.0,0.0,0.0,0.0,1.0,0.0
1825262,0.0,0.0,0.0,0.0,0.0,2.0,0.0
1825762,0.0,0.0,0.0,0.0,0.0,0.0,0.0
1825855,0.0,0.0,0.0,0.0,0.0,1.0,0.0
1826355,0.0,0.0,0.0,0.0,0.0,0.0,0.0
1826954,0.0,0.0,0.0,0.0,0.0,1.0,0.0
1827454,0.0,0.0,0.0,0.0,0.0,0.0,0.0
1827604,0.0,0.0,0.0,0.0,0.0,1.0,0.0
1828104,0.0,0.0,0.0,0.0,0.0,0.0,0.0
1829046,0.0,0.0,0.0,0.0,0.0,1.0,0.0
1829049,0.0,0.0,0.0,0.0,0.0,2.0,0.0
1829549,0.0,0.0,0.0,0.0,0.0,0.0,0.0
1829700,0.0,0.0,0.0,0.0,0.0,1.0,0.0
1829750,0.0,0.0,0.0,0.0,0.0,2.0,0.0
1830250,0.0,0.0,0.0,0.0,0.0,0.0,0.0
1830923,0.0,0.0,0.0,0.0,0.0,1.0,0.0
1831423,0.0,0.0,0.0,0.0,0.0,0.0,0.0
1831637,0.0,0.0,0.0,0.0,0.0,1.0,0.0
1832137,0.0,0.0,0.0,0.0,0.0,0.0,0.0
1832138,0.0,0.0,0.0,0.0,0.0,1.0,0.0
1832638,0.0,0.0,0.0,0.0,0.0,0.0,0.0
1833766,0.0,0.0,0.0,0.0,0.0,1.0,0.0
1833778,0.0,0.0,0.0,0.0,0.0,2.0,0.0
1834278,0.0,0.0,0.0,0.0,0.0,0.0,0.0
1834466,0.0,0.0,0.0,0.0,0.0,1.0,0.0
1834966,0.0,0.0,0.0,0.0,0.0,0.0,0.0
1835022,0.0,0.0,0.0,0.0,0.0,1.0,0.0
1835031,0.0,0.0,0.0,0.0,0.0,2.0,0.0
1835531,0.0,0.0,0.0,0.0,0.0,0.0,0.0
1835630,0.0,0.0,0.0,0.0,0.0,1.0,0.0
1835633,0.0,0.0,0.0,0.0,0.0,2.0,0.0
1836133,0.0,0.0,0.0,0.0,0.0,0.0,0.0
1837183,0.0,0.0,0.0,0.0,0.0,1.0,0.0
1837683,0.0,0.0,0.0,0.0,0.0,0.0,0.0
1838340,0.0,0.0,0.0,0.0,0.0,1.0,0.0
1838840,0.0,0.0,0.0,0.0,0.0,0.0,0.0
1839116,0.0,0.0,0.0,0.0,0.0,1.0,0.0
1839119,0.0,0.0,0.0,0.0,0.0,2.0,0.0
1839619,0.0,0.0,0.0,0.0,0.0,0.0,0.0
1840257,0.0,0.0,0.0,0.0,0.0,1.0,0.0
1840682,0.0,0.0,0.0,0.0,0.0,2.0,0.0
1841182,0.0,0.0,0.0,0.0,0.0,0.0,0.0
1841598,0.0,0.0,0.0,0.0,0.0,1.0,0.0
1842098,0.0,0.0,0.0,0.0,0.0,0.0,0.0
1842602,0.0,0.0,0.0,0.0,0.0,1.0,0.0
1843102,0.0,0.0,0.0,0.0,0.0,0.0,0.0
1843324,0.0,0.0,0.0,0.0,0.0,1.0,0.0
1843824,0.0,0.0,0.0,0.0,0.0,0.0,0.0
1844144,0.0,0.0,0.0,0.0,0.0,1.0,0.0
1844644,0.0,0.0,0.0,0.0,0.0,0.0,0.0
1845038,0.0,0.0,0.0,0.0,0.0,1.0,0.0
1845044,0.0,0.0,0.0,0.0,0.0,2.0,0.0
1845544,0.0,0.0,0.0,0.0,0.0,0.0,0.0
1846246,0.0,0.0,0.0,0.0,0.0,1.0,0.0
1846253,0.0,0.0,0.0,0.0,0.0,2.0,0.0
1846753,0.0,0.0,0.0,0.0,0.0,0.0,0.0
1846845,0.0,0.0,0.0,0.0,0.0,1.0,0.0
1847345,0.0,0.0,0.0,0.0,0.0,0.0,0.0
1847572,0.0,0.0,0.0,0.0,0.0,1.0,0.0
1847807,0.0,0.0,0.0,0.0,0.0,2.0,0.0
1848307,0.0,0.0,0.0,0.0,0.0,0.0,0.0
1850070,0.0,0.0,0.0,0.0,0.0,1.0,0.0
1850282,0.0,0.0,0.0,0.0,0.0,2.0,0.0
1850782,0.0,0.0,0.0,0.0,0.0,0.0,0.0
1850989,0.0,0.0,0.0,0.0,0.0,1.0,0.0
1850999,0.0,0.0,0.0,0.0,0.0,2.0,0.0
1851499,0.0,0.0,0.0,0.0,0.0,0.0,0.0
1852827,0.0,2.0,0.0,0.0,0.0,0.0,0.0
1853327,0.0,0.0,0.0,0.0,0.0,0.0,0.0
1854130,0.0,0.0,0.0,0.0,0.0,1.0,0.0
1854630,0.0,0.0,0.0,0.0,0.0,0.0,0.0
1855418,0.0,0.0,0.0,0.0,0.0,1.0,0.0
1855429,0.0,0.0,0.0,0.0,0.0,2.0,0.0
1855929,0.0,0.0,0.0,0.0,0.0,0.0,0.0
1856486,0.0,0.0,0.0,0.0,0.0,1.0,0.0
1856986,0.0,0.0,0.0,0.0,0.0,0.0,0.0
1858770,0.0,0.0,0.0,0.0,0.0,1.0,0.0
1858774,0.0,0.0,0.0,0.0,0.0,2.0,0.0
1859274,0.0,0.0,0.0,0.0,0.0,0.0,0.0
1859922,0.0,0.0,0.0,0.0,0.0,1.0,0.0
1860422,0.0,0.0,0.0,0.0,0.0,0.0,0.0
1862228,0.0,0.0,0.0,0.0,0.0,1.0,0.0
1862728,0.0,0.0,0.0,0.0,0.0,0.0,0.0
1863406,0.0,0.0,0.0,0.0,0.0,1.0,0.0
1863415,0.0,0.0,0.0,0.0,0.0,2.0,0.0
1863915,0.0,0.0,0.0,0.0,0.0,0.0,0.0
1864545,0.0,0.0,0.0,0.0,1.0,0.0,0.0
1865045,0.0,0.0,0.0,0.0,0.0,0.0,0.0
1866763,0.0,0.0,0.0,0.0,0.0,1.0,0.0
1867263,0.0,0.0,0.0,0.0,0.0,0.0,0.0
1867288,0.0,0.0,0.0,0.0,0.0,1.0,0.0
1867323,0.0,2.0,0.0,0.0,0.0,1.0,0.0
1867324,0.0,2.0,0.0,0.0,0.0,2.0,0.0
1867823,0.0,0.0,0.0,0.0,0.0,2.0,0.0
1867824,0.0,0.0,0.0,0.0,0.0,0.0,0.0
1867915,0.0,0.0,0.0,0.0,0.0,1.0,0.0
1868415,0.0,0.0,0.0,0.0,0.0,0.0,0.0
1868609,0.0,0.0,0.0,0.0,0.0,1.0,0.0
1868612,0.0,0.0,0.0,0.0,0.0,2.0,0.0
1869112,0.0,0.0,0.0,0.0,0.0,0.0,0.0
1869499,0.0,0.0,0.0,0.0,0.0,1.0,0.0
1869584,0.0,0.0,0.0,0.0,0.0,2.0,0.0
1870084,0.0,0.0,0.0,0.0,0.0,0.0,0.0
1870995,0.0,0.0,0.0,0.0,0.0,1.0,0.0
1871023,0.0,0.0,0.0,0.0,0.0,2.0,0.0
1871523,0.0,0.0,0.0,0.0,0.0,0.0,0.0
1871543,0.0,0.0,0.0,0.0,0.0,1.0,0.0
1872043,0.0,0.0,0.0,0.0,0.0,0.0,0.0
1873336,0.0,0.0,0.0,0.0,0.0,1.0,0.0
1873541,0.0,0.0,0.0,0.0,0.0,2.0,0.0
1874041,0.0,0.0,0.0,0.0,0.0,0.0,0.0
1874471,0.0,0.0,0.0,0.0,0.0,1.0,0.0
1874971,0.0,0.0,0.0,0.0,0.0,0.0,0.0
1876008,0.0,0.0,0.0,0.0,0.0,1.0,0.0
1876728,0.0,0.0,0.0,0.0,0.0,2.0,0.0
1877228,0.0,0.0,0.0,0.0,0.0,0.0,0.0
1878221,0.0,0.0,0.0,0.0,0.0,1.0,0.0
1878721,0.0,0.0,0.0,0.0,0.0,0.0,0.0
1878845,0.0,0.0,0.0,0.0,0.0,1.0,0.0
1879345,0.0,0.0,0.0,0.0,0.0,0.0,0.0
1879461,0.0,0.0,0.0,0.0,0.0,1.0,0.0
1879771,0.0,0.0,0.0,0.0,0.0,2.0,0.0
1880271,0.0,0.0,0.0,0.0,0.0,0.0,0.0
1881049,0.0,0.0,0.0,0.0,0.0,1.0,0.0
1881549,0.0,0.0,0.0,0.0,0.0,0.0,0.0
1881684,0.0,0.0,0.0,0.0,0.0,1.0,0.0
1882184,0.0,0.0,0.0,0.0,0.0,0.0,0.0
1882898,0.0,0.0,0.0,0.0,0.0,1.0,0.0
1882901,0.0,0.0,0.0,0.0,0.0,2.0,0.0
1883401,0.0,0.0,0.0,0.0,0.0,0.0,0.0
1883744,0.0,0.0,0.0,0.0,0.0,1.0,0.0
1883753,0.0,0.0,0.0,0.0,0.0,2.0,0.0
1884253,0.0,0.0,0.0,0.0,0.0,0.0,0.0
1885230,0.0,0.0,0.0,0.0,0.0,1.0,0.0
1885730,0.0,0.0,0.0,0.0,0.0,0.0,0.0
1885998,0.0,0.0,0.0,0.0,0.0,1.0,0.0
1886325,0.0,0.0,0.0,0.0,0.0,2.0,0.0
1886349,0.0,0.0,0.0,0.0,1.0,2.0,0.0
1886427,0.0,0.0,0.0,0.0,2.0,2.0,0.0
1886825,0.0,0.0,0.0,0.0,2.0,0.0,0.0
1886927,0.0,0.0,0.0,0.0,0.0,0.0,0.0
1887253,0.0,0.0,0.0,0.0,0.0,1.0,0.0
1887429,0.0,0.0,0.0,0.0,0.0,2.0,0.0
1887445,0.0,0.0,0.0,0.0,1.0,2.0,0.0
1887929,0.0,0.0,0.0,0.0,1.0,0.0,0.0
1887945,0.0,0.0,0.0,0.0,0.0,0.0,0.0
1888456,0.0,0.0,0.0,0.0,0.0,1.0,0.0
1888887,0.0,0.0,0.0,0.0,0.0,2.0,0.0
1889387,0.0,0.0,0.0,0.0,0.0,0.0,0.0
1889949,0.0,0.0,0.0,0.0,0.0,1.0,0.0
1889952,0.0,0.0,0.0,0.0,0.0,2.0,0.0
1890452,0.0,0.0,0.0,0.0,0.0,0.0,0.0
1890762,0.0,0.0,0.0,0.0,0.0,1.0,0.0
1890765,0.0,0.0,0.0,0.0,0.0,2.0,0.0
1891265,0.0,0.0,0.0,0.0,0.0,0.0,0.0
1891644,0.0,0.0,0.0,0.0,0.0,1.0,0.0
1892144,0.0,0.0,0.0,0.0,0.0,0.0,0.0
1892814,0.0,0.0,0.0,0.0,0.0,1.0,0.0
1893314,0.0,0.0,0.0,0.0,0.0,0.0,0.0
1893548,0.0,0.0,0.0,0.0,0.0,1.0,0.0
1894048,0.0,0.0,0.0,0.0,0.0,0.0,0.0
1894061,0.0,0.0,0.0,0.0,0.0,1.0,0.0
1894561,0.0,0.0,0.0,0.0,0.0,0.0,0.0
1894698,0.0,0.0,0.0,0.0,0.0,1.0,0.0
1895198,0.0,0.0,0.0,0.0,0.0,0.0,0.0
1895303,0.0,0.0,0.0,0.0,0.0,1.0,0.0
1895803,0.0,0.0,0.0,0.0,0.0,0.0,0.0
1896209,0.0,0.0,0.0,0.0,0.0,1.0,0.0
1896709,0.0,0.0,0.0,0.0,0.0,0.0,0.0
1896840,0.0,0.0,0.0,0.0,0.0,1.0,0.0
1897340,0.0,0.0,0.0,0.0,0.0,0.0,0.0
1898018,0.0,0.0,0.0,0.0,0.0,1.0,0.0
1898025,0.0,0.0,0.0,0.0,0.0,2.0,0.0
1898525,0.0,0.0,0.0,0.0,0.0,0.0,0.0
1899698,0.0,0.0,0.0,0.0,0.0,1.0,0.0
1900198,0.0,0.0,0.0,0.0,0.0,0.0,0.0
1900941,0.0,0.0,0.0,0.0,0.0,1.0,0.0
1901196,0.0,0.0,0.0,0.0,0.0,2.0,0.0
1901696,0.0,0.0,0.0,0.0,0.0,0.0,0.0
1901929,0.0,0.0,0.0,0.0,0.0,1.0,0.0
1902429,0.0,0.0,0.0,0.0,0.0,0.0,0.0
1902514,0.0,0.0,0.0,0.0,0.0,1.0,0.0
1903014,0.0,0.0,0.0,0.0,0.0,0.0,0.0
1903602,0.0,0.0,0.0,0.0,0.0,1.0,0.0
1903730,0.0,0.0,0.0,0.0,0.0,2.0,0.0
1904230,0.0,0.0,0.0,0.0,0.0,0.0,0.0
1904445,0.0,0.0,0.0,0.0,0.0,1.0,0.0
1904454,0.0,0.0,0.0,0.0,0.0,2.0,0.0
1904954,0.0,0.0,0.0,0.0,0.0,0.0,0.0
1905426,0.0,0.0,0.0,0.0,0.0,1.0,0.0
1905479,0.0,0.0,0.0,0.0,0.0,2.0,0.0
1905979,0.0,0.0,0.0,0.0,0.0,0.0,0.0
1905987,0.0,0.0,0.0,0.0,0.0,1.0,0.0
1906487,0.0,0.0,0.0,0.0,0.0,0.0,0.0
1906694,0.0,0.0,0.0,0.0,0.0,1.0,0.0
1907061,0.0,0.0,0.0,0.0,0.0,2.0,0.0
1907561,0.0,0.0,0.0,0.0,0.0,0.0,0.0
1907753,0.0,0.0,0.0,0.0,0.0,1.0,0.0
1908253,0.0,0.0,0.0,0.0,0.0,0.0,0.0
1908296,0.0,0.0,0.0,0.0,0.0,1.0,0.0
1908310,0.0,0.0,0.0,0.0,0.0,2.0,0.0
1908810,0.0,0.0,0.0,0.0,0.0,0.0,0.0
1909422,0.0,0.0,0.0,0.0,0.0,1.0,0.0
1909922,0.0,0.0,0.0,0.0,0.0,0.0,0.0
1910416,0.0,0.0,0.0,0.0,0.0,1.0,0.0
1910434,0.0,0.0,0.0,0.0,0.0,2.0,0.0
1910934,0.0,0.0,0.0,0.0,0.0,0.0,0.0
1911410,0.0,0.0,0.0,0.0,0.0,1.0,0.0
1911435,0.0,0.0,0.0,0.0,0.0,2.0,0.0
1911935,0.0,0.0,0.0,0.0,0.0,0.0,0.0
1912890,0.0,0.0,0.0,0.0,0.0,1.0,0.0
1913104,0.0,0.0,0.0,0.0,0.0,2.0,0.0
1913604,0.0,0.0,0.0,0.0,0.0,0.0,0.0
1914912,0.0,0.0,0.0,0.0,0.0,1.0,0.0
1914915,0.0,0.0,0.0,0.0,0.0,2.0,0.0
1915415,0.0,0.0,0.0,0.0,0.0,0.0,0.0
1915820,0.0,0.0,0.0,0.0,0.0,1.0,0.0
1915824,0.0,0.0,0.0,0.0,0.0,2.0,0.0
1916324,0.0,0.0,0.0,0.0,0.0,0.0,0.0
1916370,0.0,0.0,0.0,0.0,0.0,1.0,0.0
1916870,0.0,0.0,0.0,0.0,0.0,0.0,0.0
1917911,0.0,0.0,0.0,0.0,0.0,1.0,0.0
1918411,0.0,0.0,0.0,0.0,0.0,0.0,0.0
1919446,0.0,0.0,0.0,0.0,0.0,1.0,0.0
1919447,0.0,0.0,0.0,0.0,0.0,2.0,0.0
1919947,0.0,0.0,0.0,0.0,0.0,0.0,0.0
1920163,0.0,0.0,0.0,0.0,0.0,1.0,0.0
1920663,0.0,0.0,0.0,0.0,0.0,0.0,0.0
1924121,0.0,0.0,0.0,0.0,0.0,1.0,0.0
1924621,0.0,0.0,0.0,0.0,0.0,0.0,0.0
1925892,0.0,0.0,0.0,0.0,0.0,1.0,0.0
1926392,0.0,0.0,0.0,0.0,0.0,0.0,0.0
1926789,0.0,0.0,0.0,0.0,0.0,1.0,0.0
1927289,0.0,0.0,0.0,0.0,0.0,0.0,0.0
1928353,0.0,0.0,0.0,0.0,0.0,1.0,0.0
1928355,0.0,0.0,0.0,0.0,0.0,2.0,0.0
1928361,0.0,0.0,0.0,0.0,1.0,2.0,0.0
1928855,0.0,0.0,0.0,0.0,1.0,0.0,0.0
1928861,0.0,0.0,0.0,0.0,0.0,0.0,0.0
1933054,0.0,0.0,0.0,0.0,0.0,1.0,0.0
1933554,0.0,0.0,0.0,0.0,0.0,0.0,0.0
1933956,0.0,0.0,0.0,0.0,0.0,1.0,0.0
1934456,0.0,0.0,0.0,0.0,0.0,0.0,0.0
1939392,0.0,0.0,0.0,0.0,1.0,0.0,0.0
1939882,0.0,0.0,0.0,0.0,1.0,1.0,0.0
1939892,0.0,0.0,0.0,0.0,0.0,1.0,0.0
1940382,0.0,0.0,0.0,0.0,0.0,0.0,0.0
1940739,0.0,0.0,0.0,0.0,0.0,1.0,0.0
1941239,0.0,0.0,0.0,0.0,0.0,0.0,0.0
1941716,0.0,0.0,0.0,0.0,0.0,1.0,0.0
1942216,0.0,0.0,0.0,0.0,0.0,0.0,0.0
1946653,0.0,0.0,0.0,0.0,0.0,1.0,0.0
1947153,0.0,0.0,0.0,0.0,0.0,0.0,0.0
1947168,0.0,0.0,0.0,0.0,0.0,1.0,0.0
1947668,0.0,0.0,0.0,0.0,0.0,0.0,0.0
1947786,0.0,0.0,0.0,0.0,0.0,1.0,0.0
1948286,0.0,0.0,0.0,0.0,0.0,0.0,0.0
1950097,0.0,0.0,0.0,0.0,0.0,1.0,0.0
1950597,0.0,0.0,0.0,0.0,0.0,0.0,0.0
1951872,0.0,0.0,0.0,0.0,0.0,1.0,0.0
1952372,0.0,0.0,0.0,0.0,0.0,0.0,0.0
1952754,0.0,0.0,0.0,0.0,0.0,1.0,0.0
1953254,0.0,0.0,0.0,0.0,0.0,0.0,0.0
1955935,0.0,0.0,0.0,0.0,0.0,1.0,0.0
1955936,0.0,0.0,0.0,0.0,0.0,2.0,0.0
1956436,0.0,0.0,0.0,0.0,0.0,0.0,0.0
1964448,0.0,0.0,0.0,0.0,0.0,1.0,0.0
1964948,0.0,0.0,0.0,0.0,0.0,0.0,0.0
1965595,0.0,0.0,0.0,0.0,0.0,1.0,0.0
1966095,0.0,0.0,0.0,0.0,0.0,0.0,0.0
1972464,0.0,0.0,0.0,0.0,0.0,1.0,0.0
1972964,0.0,0.0,0.0,0.0,0.0,0.0,0.0
1973055,0.0,0.0,0.0,0.0,0.0,1.0,0.0
1973056,0.0,0.0,0.0,0.0,0.0,2.0,0.0
1973556,0.0,0.0,0.0,0.0,0.0,0.0,0.0
1973622,0.0,0.0,0.0,0.0,0.0,1.0,0.0
1974122,0.0,0.0,0.0,0.0,0.0,0.0,0.0
1979410,0.0,0.0,0.0,0.0,1.0,0.0,0.0
1979910,0.0,0.0,0.0,0.0,0.0,0.0,0.0
1980402,0.0,0.0,0.0,0.0,0.0,1.0,0.0
1980902,0.0,0.0,0.0,0.0,0.0,0.0,0.0
1981310,0.0,0.0,0.0,0.0,0.0,1.0,0.0
1981810,0.0,0.0,0.0,0.0,0.0,0.0,0.0
1982891,0.0,0.0,0.0,0.0,0.0,1.0,0.0
1983391,0.0,0.0,0.0,0.0,0.0,0.0,0.0
1985044,0.0,0.0,0.0,0.0,0.0,1.0,0.0
1985544,0.0,0.0,0.0,0.0,0.0,0.0,0.0
1987743,0.0,0.0,0.0,0.0,0.0,1.0,0.0
1988243,0.0,0.0,0.0,0.0,0.0,0.0,0.0
1990732,0.0,0.0,0.0,0.0,1.0,1.0,0.0
1991232,0.0,0.0,0.0,0.0,0.0,0.0,0.0
1992363,0.0,0.0,0.0,0.0,0.0,1.0,0.0
1992863,0.0,0.0,0.0,0.0,0.0,0.0,0.0
1993435,0.0,0.0,0.0,0.0,1.0,0.0,0.0
1993935,0.0,0.0,0.0,0.0,0.0,0.0,0.0
1994618,0.0,0.0,0.0,0.0,0.0,1.0,0.0
1995118,0.0,0.0,0.0,0.0,0.0,0.0,0.0
1999100,0.0,0.0,0.0,0.0,0.0,1.0,0.0
1999600,0.0,0.0,0.0,0.0,0.0,0.0,0.0
2000185,0.0,0.0,0.0,0.0,0.0,1.0,0.0
2000685,0.0,0.0,0.0,0.0,0.0,0.0,0.0
2000985,0.0,0.0,0.0,0.0,0.0,1.0,0.0
2001485,0.0,0.0,0.0,0.0,0.0,0.0,0.0
2006847,0.0,0.0,0.0,0.0,0.0,1.0,0.0
2007347,0.0,0.0,0.0,0.0,0.0,0.0,0.0
2007673,0.0,0.0,0.0,0.0,0.0,1.0,0.0
2008173,0.0,0.0,0.0,0.0,0.0,0.0,0.0
2010726,0.0,0.0,0.0,0.0,0.0,1.0,0.0
2011226,0.0,0.0,0.0,0.0,0.0,0.0,0.0
2011658,0.0,0.0,0.0,0.0,0.0,1.0,0.0
2012158,0.0,0.0,0.0,0.0,0.0,0.0,0.0
2015437,0.0,0.0,0.0,0.0,0.0,1.0,0.0
2015937,0.0,0.0,0.0,0.0,0.0,0.0,0.0
2017646,0.0,0.0,0.0,0.0,0.0,1.0,0.0
2018146,0.0,0.0,0.0,0.0,0.0,0.0,0.0
2019000,0.0,0.0,0.0,0.0,0.0,0.0,1.0
2019277,0.0,0.0,0.0,0.0,0.0,1.0,1.0
2019280,0.0,0.0,0.0,0.0,0.0,2.0,1.0
2019500,0.0,0.0,0.0,0.0,0.0,2.0,0.0
2019519,2.0,0.0,0.0,0.0,0.0,2.0,0.0
2019780,2.0,0.0,0.0,0.0,0.0,0.0,0.0
2019795,2.0,0.0,0.0,0.0,0.0,1.0,0.0
2019895,2.0,0.0,0.0,0.0,1.0,1.0,0.0
2019913,2.0,2.0,0.0,0.0,1.0,1.0,0.0
2019953,2.0,2.0,0.0,0.0,1.0,2.0,0.0
2019976,2.0,2.0,0.0,0.0,2.0,2.0,0.0
2020019,0.0,2.0,0.0,0.0,2.0,2.0,0.0
2020255,2.0,2.0,0.0,0.0,2.0,2.0,0.0
2020413,2.0,0.0,0.0,0.0,2.0,2.0,0.0
2020453,2.0,0.0,0.0,0.0,2.0,0.0,0.0
2020476,2.0,0.0,0.0,0.0,0.0,0.0,0.0
