,ADWIN,CUSUM,DDM,GeometricMovingAverage,HDDMAverage,HDDMWeighted,Ground-truth
54,0.0,0.0,1.0,0.0,0.0,0.0,0.0
376,0.0,0.0,1.0,0.0,0.0,1.0,0.0
382,0.0,0.0,1.0,0.0,0.0,2.0,0.0
554,0.0,0.0,0.0,0.0,0.0,2.0,0.0
882,0.0,0.0,0.0,0.0,0.0,0.0,0.0
1743,0.0,0.0,0.0,0.0,0.0,1.0,0.0
2243,0.0,0.0,0.0,0.0,0.0,0.0,0.0
2607,0.0,0.0,0.0,0.0,0.0,1.0,0.0
2609,0.0,0.0,0.0,0.0,0.0,2.0,0.0
3109,0.0,0.0,0.0,0.0,0.0,0.0,0.0
3120,0.0,0.0,0.0,0.0,0.0,1.0,0.0
3620,0.0,0.0,0.0,0.0,0.0,0.0,0.0
3817,0.0,0.0,0.0,0.0,0.0,1.0,0.0
4317,0.0,0.0,0.0,0.0,0.0,0.0,0.0
4842,0.0,0.0,0.0,0.0,0.0,1.0,0.0
5342,0.0,0.0,0.0,0.0,0.0,0.0,0.0
5384,0.0,0.0,0.0,0.0,0.0,1.0,0.0
5388,0.0,0.0,0.0,0.0,0.0,2.0,0.0
5888,0.0,0.0,0.0,0.0,0.0,0.0,0.0
6003,0.0,0.0,0.0,0.0,0.0,1.0,0.0
6503,0.0,0.0,0.0,0.0,0.0,0.0,0.0
6960,0.0,0.0,0.0,0.0,0.0,1.0,0.0
6970,0.0,0.0,0.0,0.0,0.0,2.0,0.0
7470,0.0,0.0,0.0,0.0,0.0,0.0,0.0
7557,0.0,0.0,0.0,0.0,0.0,1.0,0.0
8057,0.0,0.0,0.0,0.0,0.0,0.0,0.0
8115,0.0,0.0,0.0,0.0,0.0,1.0,0.0
8615,0.0,0.0,0.0,0.0,0.0,0.0,0.0
9700,0.0,0.0,0.0,0.0,0.0,1.0,0.0
10200,0.0,0.0,0.0,0.0,0.0,0.0,0.0
10674,0.0,0.0,0.0,0.0,0.0,1.0,0.0
10783,0.0,0.0,0.0,0.0,0.0,2.0,0.0
11283,0.0,0.0,0.0,0.0,0.0,0.0,0.0
11307,0.0,0.0,0.0,0.0,0.0,1.0,0.0
11356,0.0,0.0,0.0,0.0,0.0,2.0,0.0
11856,0.0,0.0,0.0,0.0,0.0,0.0,0.0
12029,0.0,0.0,0.0,0.0,0.0,1.0,0.0
12529,0.0,0.0,0.0,0.0,0.0,0.0,0.0
13874,0.0,0.0,0.0,0.0,0.0,1.0,0.0
14374,0.0,0.0,0.0,0.0,0.0,0.0,0.0
14427,0.0,0.0,0.0,0.0,0.0,1.0,0.0
14429,0.0,0.0,0.0,0.0,0.0,2.0,0.0
14929,0.0,0.0,0.0,0.0,0.0,0.0,0.0
15201,0.0,0.0,0.0,0.0,0.0,1.0,0.0
15208,0.0,0.0,0.0,0.0,0.0,2.0,0.0
15708,0.0,0.0,0.0,0.0,0.0,0.0,0.0
16094,0.0,0.0,0.0,0.0,0.0,1.0,0.0
16594,0.0,0.0,0.0,0.0,0.0,0.0,0.0
16734,0.0,0.0,0.0,0.0,0.0,1.0,0.0
17234,0.0,0.0,0.0,0.0,0.0,0.0,0.0
18027,0.0,0.0,0.0,0.0,0.0,1.0,0.0
18030,0.0,0.0,0.0,0.0,0.0,2.0,0.0
18530,0.0,0.0,0.0,0.0,0.0,0.0,0.0
19601,0.0,0.0,0.0,0.0,0.0,1.0,0.0
19605,0.0,0.0,0.0,0.0,0.0,2.0,0.0
20105,0.0,0.0,0.0,0.0,0.0,0.0,0.0
21207,0.0,0.0,0.0,0.0,0.0,1.0,0.0
21707,0.0,0.0,0.0,0.0,0.0,0.0,0.0
22266,0.0,0.0,0.0,0.0,0.0,1.0,0.0
22766,0.0,0.0,0.0,0.0,0.0,0.0,0.0
22927,0.0,0.0,0.0,0.0,1.0,0.0,0.0
22949,0.0,0.0,0.0,0.0,2.0,0.0,0.0
23449,0.0,0.0,0.0,0.0,0.0,0.0,0.0
24135,0.0,0.0,0.0,0.0,0.0,1.0,0.0
24137,0.0,0.0,0.0,0.0,1.0,1.0,0.0
24153,0.0,0.0,0.0,0.0,1.0,2.0,0.0
24637,0.0,0.0,0.0,0.0,0.0,2.0,0.0
24653,0.0,0.0,0.0,0.0,0.0,0.0,0.0
24739,0.0,0.0,0.0,0.0,0.0,1.0,0.0
25239,0.0,0.0,0.0,0.0,0.0,0.0,0.0
25351,0.0,0.0,0.0,0.0,0.0,1.0,0.0
25851,0.0,0.0,0.0,0.0,0.0,0.0,0.0
26262,0.0,0.0,0.0,0.0,0.0,1.0,0.0
26762,0.0,0.0,0.0,0.0,0.0,0.0,0.0
26982,0.0,0.0,0.0,0.0,0.0,1.0,0.0
27250,0.0,0.0,0.0,0.0,0.0,2.0,0.0
27750,0.0,0.0,0.0,0.0,0.0,0.0,0.0
28782,0.0,0.0,0.0,0.0,0.0,1.0,0.0
28786,0.0,0.0,0.0,0.0,0.0,2.0,0.0
29286,0.0,0.0,0.0,0.0,0.0,0.0,0.0
32007,0.0,0.0,0.0,0.0,0.0,1.0,0.0
32081,0.0,0.0,0.0,0.0,0.0,2.0,0.0
32581,0.0,0.0,0.0,0.0,0.0,0.0,0.0
34131,0.0,0.0,0.0,0.0,0.0,1.0,0.0
34631,0.0,0.0,0.0,0.0,0.0,0.0,0.0
34821,0.0,0.0,0.0,0.0,0.0,1.0,0.0
34824,0.0,0.0,0.0,0.0,0.0,2.0,0.0
35324,0.0,0.0,0.0,0.0,0.0,0.0,0.0
36104,0.0,0.0,0.0,0.0,0.0,1.0,0.0
36108,0.0,0.0,0.0,0.0,0.0,2.0,0.0
36608,0.0,0.0,0.0,0.0,0.0,0.0,0.0
36877,0.0,2.0,0.0,0.0,0.0,0.0,0.0
37377,0.0,0.0,0.0,0.0,0.0,0.0,0.0
38395,0.0,0.0,0.0,0.0,0.0,1.0,0.0
38400,0.0,0.0,0.0,0.0,0.0,2.0,0.0
38900,0.0,0.0,0.0,0.0,0.0,0.0,0.0
38962,0.0,0.0,0.0,0.0,1.0,0.0,0.0
38968,0.0,0.0,0.0,0.0,1.0,1.0,0.0
39462,0.0,0.0,0.0,0.0,0.0,1.0,0.0
39468,0.0,0.0,0.0,0.0,0.0,0.0,0.0
40206,0.0,0.0,0.0,0.0,0.0,1.0,0.0
40706,0.0,0.0,0.0,0.0,0.0,0.0,0.0
41461,0.0,0.0,0.0,0.0,0.0,1.0,0.0
41463,0.0,0.0,0.0,0.0,0.0,2.0,0.0
41963,0.0,0.0,0.0,0.0,0.0,0.0,0.0
42431,0.0,0.0,0.0,0.0,0.0,1.0,0.0
42452,0.0,0.0,0.0,0.0,0.0,2.0,0.0
42952,0.0,0.0,0.0,0.0,0.0,0.0,0.0
43099,0.0,0.0,0.0,0.0,0.0,1.0,0.0
43599,0.0,0.0,0.0,0.0,0.0,0.0,0.0
44657,0.0,0.0,0.0,0.0,0.0,1.0,0.0
44781,0.0,0.0,0.0,0.0,0.0,2.0,0.0
45281,0.0,0.0,0.0,0.0,0.0,0.0,0.0
45646,0.0,0.0,0.0,0.0,0.0,1.0,0.0
45648,0.0,0.0,0.0,0.0,0.0,2.0,0.0
46148,0.0,0.0,0.0,0.0,0.0,0.0,0.0
46482,0.0,0.0,0.0,0.0,0.0,1.0,0.0
46982,0.0,0.0,0.0,0.0,0.0,0.0,0.0
47736,0.0,0.0,0.0,0.0,0.0,1.0,0.0
47738,0.0,0.0,0.0,0.0,0.0,2.0,0.0
48238,0.0,0.0,0.0,0.0,0.0,0.0,0.0
48257,0.0,0.0,0.0,0.0,0.0,1.0,0.0
48757,0.0,0.0,0.0,0.0,0.0,0.0,0.0
48796,0.0,0.0,0.0,0.0,0.0,1.0,0.0
48802,0.0,0.0,0.0,0.0,0.0,2.0,0.0
49302,0.0,0.0,0.0,0.0,0.0,0.0,0.0
49542,0.0,0.0,0.0,0.0,0.0,1.0,0.0
49667,0.0,0.0,0.0,0.0,0.0,2.0,0.0
50167,0.0,0.0,0.0,0.0,0.0,0.0,0.0
50247,0.0,0.0,0.0,0.0,0.0,1.0,0.0
50747,0.0,0.0,0.0,0.0,0.0,0.0,0.0
51582,0.0,0.0,0.0,0.0,0.0,1.0,0.0
52082,0.0,0.0,0.0,0.0,0.0,0.0,0.0
52633,0.0,0.0,0.0,0.0,0.0,1.0,0.0
52655,0.0,0.0,0.0,0.0,0.0,2.0,0.0
53155,0.0,0.0,0.0,0.0,0.0,0.0,0.0
53383,0.0,0.0,0.0,0.0,0.0,1.0,0.0
53883,0.0,0.0,0.0,0.0,0.0,0.0,0.0
53915,0.0,0.0,0.0,0.0,0.0,1.0,0.0
54415,0.0,0.0,0.0,0.0,0.0,0.0,0.0
56226,0.0,0.0,0.0,0.0,0.0,1.0,0.0
56726,0.0,0.0,0.0,0.0,0.0,0.0,0.0
56827,0.0,0.0,0.0,0.0,0.0,1.0,0.0
57042,0.0,0.0,0.0,0.0,0.0,2.0,0.0
57542,0.0,0.0,0.0,0.0,0.0,0.0,0.0
59064,0.0,0.0,0.0,0.0,0.0,1.0,0.0
59069,0.0,0.0,0.0,0.0,0.0,2.0,0.0
59072,0.0,0.0,0.0,0.0,1.0,2.0,0.0
59569,0.0,0.0,0.0,0.0,1.0,0.0,0.0
59572,0.0,0.0,0.0,0.0,0.0,0.0,0.0
59685,0.0,0.0,0.0,0.0,0.0,1.0,0.0
59687,0.0,0.0,0.0,0.0,0.0,2.0,0.0
60187,0.0,0.0,0.0,0.0,0.0,0.0,0.0
60198,0.0,0.0,0.0,0.0,0.0,1.0,0.0
60698,0.0,0.0,0.0,0.0,0.0,0.0,0.0
60735,0.0,0.0,0.0,0.0,0.0,1.0,0.0
61235,0.0,0.0,0.0,0.0,0.0,0.0,0.0
61563,0.0,0.0,0.0,0.0,1.0,0.0,0.0
61698,0.0,0.0,0.0,0.0,1.0,1.0,0.0
62063,0.0,0.0,0.0,0.0,0.0,1.0,0.0
62198,0.0,0.0,0.0,0.0,0.0,0.0,0.0
62305,0.0,0.0,0.0,0.0,0.0,1.0,0.0
62307,0.0,0.0,0.0,0.0,0.0,2.0,0.0
62807,0.0,0.0,0.0,0.0,0.0,0.0,0.0
63419,0.0,0.0,0.0,0.0,0.0,1.0,0.0
63919,0.0,0.0,0.0,0.0,0.0,0.0,0.0
63949,0.0,0.0,0.0,0.0,0.0,1.0,0.0
64449,0.0,0.0,0.0,0.0,0.0,0.0,0.0
64605,0.0,0.0,0.0,0.0,0.0,1.0,0.0
64622,0.0,0.0,0.0,0.0,0.0,2.0,0.0
65122,0.0,0.0,0.0,0.0,0.0,0.0,0.0
65908,0.0,0.0,0.0,0.0,0.0,1.0,0.0
65915,0.0,0.0,0.0,0.0,0.0,2.0,0.0
66415,0.0,0.0,0.0,0.0,0.0,0.0,0.0
66837,0.0,0.0,0.0,0.0,0.0,1.0,0.0
66841,0.0,0.0,0.0,0.0,0.0,2.0,0.0
67341,0.0,0.0,0.0,0.0,0.0,0.0,0.0
67541,0.0,0.0,0.0,0.0,0.0,1.0,0.0
67555,0.0,0.0,0.0,0.0,0.0,2.0,0.0
68055,0.0,0.0,0.0,0.0,0.0,0.0,0.0
68879,0.0,0.0,0.0,0.0,0.0,1.0,0.0
69379,0.0,0.0,0.0,0.0,0.0,0.0,0.0
70030,0.0,0.0,0.0,0.0,0.0,1.0,0.0
70530,0.0,0.0,0.0,0.0,0.0,0.0,0.0
71162,0.0,0.0,0.0,0.0,0.0,1.0,0.0
71171,0.0,0.0,0.0,0.0,0.0,2.0,0.0
71671,0.0,0.0,0.0,0.0,0.0,0.0,0.0
71784,0.0,0.0,0.0,0.0,0.0,1.0,0.0
72284,0.0,0.0,0.0,0.0,0.0,0.0,0.0
72460,0.0,0.0,0.0,0.0,0.0,1.0,0.0
72960,0.0,0.0,0.0,0.0,0.0,0.0,0.0
72969,0.0,0.0,0.0,0.0,0.0,1.0,0.0
72974,0.0,0.0,0.0,0.0,0.0,2.0,0.0
73474,0.0,0.0,0.0,0.0,0.0,0.0,0.0
74064,0.0,0.0,0.0,0.0,0.0,1.0,0.0
74564,0.0,0.0,0.0,0.0,0.0,0.0,0.0
77417,0.0,0.0,0.0,0.0,0.0,1.0,0.0
77852,0.0,0.0,0.0,0.0,0.0,2.0,0.0
78352,0.0,0.0,0.0,0.0,0.0,0.0,0.0
78672,0.0,0.0,0.0,0.0,0.0,1.0,0.0
79172,0.0,0.0,0.0,0.0,0.0,0.0,0.0
79362,0.0,0.0,0.0,0.0,0.0,1.0,0.0
79862,0.0,0.0,0.0,0.0,0.0,0.0,0.0
80019,0.0,0.0,0.0,0.0,0.0,1.0,0.0
80114,0.0,0.0,0.0,0.0,0.0,2.0,0.0
80614,0.0,0.0,0.0,0.0,0.0,0.0,0.0
81636,0.0,0.0,0.0,0.0,0.0,1.0,0.0
82136,0.0,0.0,0.0,0.0,0.0,0.0,0.0
82557,0.0,0.0,0.0,0.0,0.0,1.0,0.0
83057,0.0,0.0,0.0,0.0,0.0,0.0,0.0
83157,0.0,0.0,0.0,0.0,0.0,1.0,0.0
83657,0.0,0.0,0.0,0.0,0.0,0.0,0.0
84642,0.0,0.0,0.0,0.0,0.0,1.0,0.0
85142,0.0,0.0,0.0,0.0,0.0,0.0,0.0
85391,0.0,0.0,0.0,0.0,0.0,1.0,0.0
85891,0.0,0.0,0.0,0.0,0.0,0.0,0.0
86053,0.0,0.0,0.0,0.0,0.0,1.0,0.0
86102,0.0,0.0,0.0,0.0,0.0,2.0,0.0
86602,0.0,0.0,0.0,0.0,0.0,0.0,0.0
86920,0.0,0.0,0.0,0.0,0.0,1.0,0.0
86928,0.0,0.0,0.0,0.0,0.0,2.0,0.0
87428,0.0,0.0,0.0,0.0,0.0,0.0,0.0
88117,0.0,0.0,0.0,0.0,0.0,1.0,0.0
88617,0.0,0.0,0.0,0.0,0.0,0.0,0.0
88658,0.0,0.0,0.0,0.0,0.0,1.0,0.0
88684,0.0,0.0,0.0,0.0,0.0,2.0,0.0
89184,0.0,0.0,0.0,0.0,0.0,0.0,0.0
89322,0.0,0.0,0.0,0.0,0.0,1.0,0.0
89822,0.0,0.0,0.0,0.0,0.0,0.0,0.0
90132,0.0,0.0,0.0,0.0,0.0,1.0,0.0
90632,0.0,0.0,0.0,0.0,0.0,0.0,0.0
90826,0.0,0.0,0.0,0.0,0.0,1.0,0.0
90829,0.0,0.0,0.0,0.0,0.0,2.0,0.0
91329,0.0,0.0,0.0,0.0,0.0,0.0,0.0
92787,0.0,0.0,0.0,0.0,0.0,1.0,0.0
93287,0.0,0.0,0.0,0.0,0.0,0.0,0.0
93458,0.0,0.0,0.0,0.0,0.0,1.0,0.0
93892,0.0,0.0,0.0,0.0,0.0,2.0,0.0
94392,0.0,0.0,0.0,0.0,0.0,0.0,0.0
94629,0.0,0.0,0.0,0.0,0.0,1.0,0.0
95129,0.0,0.0,0.0,0.0,0.0,0.0,0.0
95439,0.0,0.0,0.0,0.0,0.0,1.0,0.0
95460,0.0,0.0,0.0,0.0,0.0,2.0,0.0
95465,0.0,0.0,0.0,0.0,1.0,2.0,0.0
95960,0.0,0.0,0.0,0.0,1.0,0.0,0.0
95965,0.0,0.0,0.0,0.0,0.0,0.0,0.0
96487,0.0,0.0,0.0,0.0,0.0,1.0,0.0
96987,0.0,0.0,0.0,0.0,0.0,0.0,0.0
97273,0.0,0.0,0.0,0.0,0.0,1.0,0.0
97773,0.0,0.0,0.0,0.0,0.0,0.0,0.0
98478,0.0,0.0,0.0,0.0,0.0,1.0,0.0
98480,0.0,0.0,0.0,0.0,0.0,2.0,0.0
98980,0.0,0.0,0.0,0.0,0.0,0.0,0.0
99248,0.0,0.0,0.0,0.0,0.0,1.0,0.0
99748,0.0,0.0,0.0,0.0,0.0,0.0,0.0
101333,0.0,0.0,0.0,0.0,0.0,1.0,0.0
101833,0.0,0.0,0.0,0.0,0.0,0.0,0.0
108244,0.0,0.0,0.0,0.0,0.0,1.0,0.0
108247,0.0,0.0,0.0,0.0,0.0,2.0,0.0
108747,0.0,0.0,0.0,0.0,0.0,0.0,0.0
108757,0.0,0.0,0.0,0.0,0.0,1.0,0.0
108761,0.0,0.0,0.0,0.0,0.0,2.0,0.0
109261,0.0,0.0,0.0,0.0,0.0,0.0,0.0
110348,0.0,0.0,0.0,0.0,0.0,1.0,0.0
110848,0.0,0.0,0.0,0.0,0.0,0.0,0.0
112406,0.0,0.0,0.0,0.0,0.0,1.0,0.0
112906,0.0,0.0,0.0,0.0,0.0,0.0,0.0
113045,0.0,0.0,0.0,0.0,0.0,1.0,0.0
113545,0.0,0.0,0.0,0.0,0.0,0.0,0.0
113794,0.0,0.0,0.0,0.0,0.0,1.0,0.0
114294,0.0,0.0,0.0,0.0,0.0,0.0,0.0
116269,0.0,0.0,0.0,0.0,0.0,1.0,0.0
116277,0.0,0.0,0.0,0.0,0.0,2.0,0.0
116777,0.0,0.0,0.0,0.0,0.0,0.0,0.0
123355,0.0,0.0,0.0,0.0,0.0,1.0,0.0
123358,0.0,0.0,0.0,0.0,0.0,2.0,0.0
123858,0.0,0.0,0.0,0.0,0.0,0.0,0.0
127531,0.0,0.0,0.0,0.0,0.0,1.0,0.0
128031,0.0,0.0,0.0,0.0,0.0,0.0,0.0
134139,0.0,0.0,0.0,0.0,0.0,1.0,0.0
134639,0.0,0.0,0.0,0.0,0.0,0.0,0.0
135571,0.0,0.0,0.0,0.0,0.0,1.0,0.0
136071,0.0,0.0,0.0,0.0,0.0,0.0,0.0
137208,0.0,0.0,0.0,0.0,0.0,1.0,0.0
137708,0.0,0.0,0.0,0.0,0.0,0.0,0.0
138530,0.0,0.0,0.0,0.0,0.0,1.0,0.0
139030,0.0,0.0,0.0,0.0,0.0,0.0,0.0
139264,0.0,0.0,0.0,0.0,0.0,1.0,0.0
139266,0.0,0.0,0.0,0.0,0.0,2.0,0.0
139766,0.0,0.0,0.0,0.0,0.0,0.0,0.0
143600,0.0,0.0,0.0,0.0,0.0,1.0,0.0
144100,0.0,0.0,0.0,0.0,0.0,0.0,0.0
146474,0.0,0.0,0.0,0.0,0.0,1.0,0.0
146974,0.0,0.0,0.0,0.0,0.0,0.0,0.0
148955,0.0,0.0,0.0,0.0,0.0,1.0,0.0
149455,0.0,0.0,0.0,0.0,0.0,0.0,0.0
155959,0.0,0.0,0.0,0.0,0.0,1.0,0.0
156459,0.0,0.0,0.0,0.0,0.0,0.0,0.0
157546,0.0,0.0,0.0,0.0,0.0,1.0,0.0
158046,0.0,0.0,0.0,0.0,0.0,0.0,0.0
158283,0.0,0.0,0.0,0.0,0.0,1.0,0.0
158287,0.0,0.0,0.0,0.0,0.0,2.0,0.0
158787,0.0,0.0,0.0,0.0,0.0,0.0,0.0
161534,0.0,0.0,0.0,0.0,0.0,1.0,0.0
162034,0.0,0.0,0.0,0.0,0.0,0.0,0.0
168360,0.0,0.0,0.0,0.0,0.0,1.0,0.0
168860,0.0,0.0,0.0,0.0,0.0,0.0,0.0
169052,0.0,0.0,0.0,0.0,0.0,1.0,0.0
169552,0.0,0.0,0.0,0.0,0.0,0.0,0.0
171892,0.0,0.0,0.0,0.0,0.0,1.0,0.0
172392,0.0,0.0,0.0,0.0,0.0,0.0,0.0
172453,0.0,0.0,0.0,0.0,0.0,1.0,0.0
172953,0.0,0.0,0.0,0.0,0.0,0.0,0.0
172971,0.0,0.0,0.0,0.0,0.0,1.0,0.0
173471,0.0,0.0,0.0,0.0,0.0,0.0,0.0
176521,0.0,0.0,0.0,0.0,0.0,1.0,0.0
177021,0.0,0.0,0.0,0.0,0.0,0.0,0.0
177544,0.0,0.0,0.0,0.0,0.0,1.0,0.0
178044,0.0,0.0,0.0,0.0,0.0,0.0,0.0
180365,0.0,0.0,0.0,0.0,0.0,1.0,0.0
180865,0.0,0.0,0.0,0.0,0.0,0.0,0.0
181310,0.0,0.0,0.0,0.0,0.0,1.0,0.0
181312,0.0,0.0,0.0,0.0,0.0,2.0,0.0
181812,0.0,0.0,0.0,0.0,0.0,0.0,0.0
182692,0.0,0.0,0.0,0.0,0.0,1.0,0.0
183192,0.0,0.0,0.0,0.0,0.0,0.0,0.0
184703,0.0,0.0,0.0,0.0,0.0,1.0,0.0
185147,0.0,0.0,0.0,0.0,0.0,2.0,0.0
185647,0.0,0.0,0.0,0.0,0.0,0.0,0.0
185801,0.0,0.0,0.0,0.0,0.0,1.0,0.0
186301,0.0,0.0,0.0,0.0,0.0,0.0,0.0
188707,0.0,0.0,0.0,0.0,0.0,1.0,0.0
189207,0.0,0.0,0.0,0.0,0.0,0.0,0.0
191656,0.0,0.0,0.0,0.0,0.0,1.0,0.0
192156,0.0,0.0,0.0,0.0,0.0,0.0,0.0
193066,0.0,0.0,0.0,0.0,0.0,1.0,0.0
193566,0.0,0.0,0.0,0.0,0.0,0.0,0.0
194239,0.0,0.0,0.0,0.0,0.0,1.0,0.0
194372,0.0,0.0,0.0,0.0,0.0,2.0,0.0
194872,0.0,0.0,0.0,0.0,0.0,0.0,0.0
195244,0.0,0.0,0.0,0.0,0.0,1.0,0.0
195744,0.0,0.0,0.0,0.0,0.0,0.0,0.0
196746,0.0,0.0,0.0,0.0,0.0,1.0,0.0
197246,0.0,0.0,0.0,0.0,0.0,0.0,0.0
199418,0.0,0.0,0.0,0.0,0.0,1.0,0.0
199918,0.0,0.0,0.0,0.0,0.0,0.0,0.0
200055,0.0,0.0,0.0,0.0,0.0,1.0,0.0
200100,0.0,0.0,0.0,0.0,0.0,1.0,1.0
200251,0.0,0.0,0.0,0.0,0.0,2.0,1.0
200287,2.0,0.0,0.0,0.0,0.0,2.0,1.0
200586,2.0,2.0,0.0,0.0,0.0,2.0,1.0
200600,2.0,2.0,0.0,0.0,0.0,2.0,0.0
200751,2.0,2.0,0.0,0.0,0.0,0.0,0.0
200787,0.0,2.0,0.0,0.0,0.0,0.0,0.0
200949,0.0,2.0,0.0,0.0,0.0,1.0,0.0
200959,2.0,2.0,0.0,0.0,0.0,1.0,0.0
201086,2.0,0.0,0.0,0.0,0.0,1.0,0.0
201449,2.0,0.0,0.0,0.0,0.0,0.0,0.0
201459,0.0,0.0,0.0,0.0,0.0,0.0,0.0
201661,0.0,0.0,0.0,0.0,1.0,0.0,0.0
201949,0.0,0.0,0.0,0.0,2.0,0.0,0.0
201965,0.0,0.0,0.0,0.0,2.0,1.0,0.0
202449,0.0,0.0,0.0,0.0,0.0,1.0,0.0
202465,0.0,0.0,0.0,0.0,0.0,0.0,0.0
202545,0.0,0.0,0.0,0.0,0.0,1.0,0.0
202640,0.0,0.0,1.0,0.0,0.0,1.0,0.0
203045,0.0,0.0,1.0,0.0,0.0,0.0,0.0
203250,0.0,0.0,1.0,0.0,0.0,1.0,0.0
203252,0.0,0.0,1.0,0.0,0.0,2.0,0.0
203752,0.0,0.0,1.0,0.0,0.0,0.0,0.0
204198,0.0,0.0,1.0,0.0,0.0,1.0,0.0
204696,0.0,0.0,2.0,0.0,0.0,1.0,0.0
204698,0.0,0.0,2.0,0.0,0.0,0.0,0.0
205196,0.0,0.0,0.0,0.0,0.0,0.0,0.0
205201,0.0,0.0,1.0,0.0,0.0,0.0,0.0
205449,0.0,0.0,1.0,0.0,0.0,1.0,0.0
205949,0.0,0.0,1.0,0.0,0.0,0.0,0.0
208201,0.0,0.0,0.0,0.0,0.0,0.0,0.0
208552,0.0,0.0,0.0,0.0,0.0,1.0,0.0
208558,0.0,0.0,0.0,0.0,0.0,2.0,0.0
209058,0.0,0.0,0.0,0.0,0.0,0.0,0.0
209705,0.0,0.0,0.0,0.0,0.0,1.0,0.0
210205,0.0,0.0,0.0,0.0,0.0,0.0,0.0
210547,0.0,0.0,0.0,0.0,0.0,1.0,0.0
210859,0.0,0.0,1.0,0.0,0.0,1.0,0.0
211047,0.0,0.0,1.0,0.0,0.0,0.0,0.0
211157,0.0,0.0,1.0,0.0,0.0,1.0,0.0
211657,0.0,0.0,1.0,0.0,0.0,0.0,0.0
212209,0.0,0.0,1.0,0.0,0.0,1.0,0.0
212359,0.0,0.0,0.0,0.0,0.0,1.0,0.0
212709,0.0,0.0,0.0,0.0,0.0,0.0,0.0
213506,0.0,0.0,0.0,0.0,0.0,1.0,0.0
214006,0.0,0.0,0.0,0.0,0.0,0.0,0.0
215076,0.0,0.0,0.0,0.0,0.0,1.0,0.0
215327,0.0,0.0,0.0,0.0,0.0,2.0,0.0
215827,0.0,0.0,0.0,0.0,0.0,0.0,0.0
216270,0.0,0.0,0.0,0.0,1.0,0.0,0.0
216274,0.0,0.0,0.0,0.0,2.0,0.0,0.0
216774,0.0,0.0,0.0,0.0,0.0,0.0,0.0
217198,0.0,0.0,0.0,0.0,0.0,1.0,0.0
217204,0.0,0.0,0.0,0.0,0.0,2.0,0.0
217408,0.0,0.0,0.0,0.0,1.0,2.0,0.0
217446,0.0,0.0,0.0,0.0,2.0,2.0,0.0
217704,0.0,0.0,0.0,0.0,2.0,0.0,0.0
217842,0.0,0.0,0.0,0.0,2.0,1.0,0.0
217946,0.0,0.0,0.0,0.0,0.0,1.0,0.0
218342,0.0,0.0,0.0,0.0,0.0,0.0,0.0
220328,0.0,0.0,0.0,0.0,0.0,1.0,0.0
220813,0.0,0.0,0.0,0.0,0.0,2.0,0.0
221313,0.0,0.0,0.0,0.0,0.0,0.0,0.0
221506,0.0,0.0,0.0,0.0,0.0,1.0,0.0
222006,0.0,0.0,0.0,0.0,0.0,0.0,0.0
222102,0.0,0.0,0.0,0.0,0.0,1.0,0.0
222602,0.0,0.0,0.0,0.0,0.0,0.0,0.0
222622,0.0,0.0,0.0,0.0,0.0,1.0,0.0
223122,0.0,0.0,0.0,0.0,0.0,0.0,0.0
223199,0.0,0.0,0.0,0.0,0.0,1.0,0.0
223699,0.0,0.0,0.0,0.0,0.0,0.0,0.0
223732,0.0,0.0,0.0,0.0,0.0,1.0,0.0
223734,0.0,0.0,0.0,0.0,0.0,2.0,0.0
224234,0.0,0.0,0.0,0.0,0.0,0.0,0.0
225056,0.0,0.0,0.0,0.0,0.0,1.0,0.0
225556,0.0,0.0,0.0,0.0,0.0,0.0,0.0
225899,0.0,0.0,0.0,0.0,0.0,1.0,0.0
226399,0.0,0.0,0.0,0.0,0.0,0.0,0.0
227271,0.0,0.0,0.0,0.0,0.0,1.0,0.0
227771,0.0,0.0,0.0,0.0,0.0,0.0,0.0
227861,0.0,0.0,0.0,0.0,0.0,1.0,0.0
228361,0.0,0.0,0.0,0.0,0.0,0.0,0.0
228487,0.0,0.0,0.0,0.0,0.0,1.0,0.0
228503,0.0,0.0,0.0,0.0,0.0,2.0,0.0
229003,0.0,0.0,0.0,0.0,0.0,0.0,0.0
229898,0.0,0.0,0.0,0.0,0.0,1.0,0.0
230398,0.0,0.0,0.0,0.0,0.0,0.0,0.0
230560,0.0,0.0,0.0,0.0,0.0,1.0,0.0
230624,0.0,0.0,0.0,0.0,0.0,2.0,0.0
231124,0.0,0.0,0.0,0.0,0.0,0.0,0.0
231300,0.0,0.0,0.0,0.0,0.0,1.0,0.0
231800,0.0,0.0,0.0,0.0,0.0,0.0,0.0
232186,0.0,0.0,0.0,0.0,0.0,1.0,0.0
232277,0.0,0.0,0.0,0.0,0.0,2.0,0.0
232777,0.0,0.0,0.0,0.0,0.0,0.0,0.0
233179,0.0,0.0,0.0,0.0,0.0,1.0,0.0
233679,0.0,0.0,0.0,0.0,0.0,0.0,0.0
233738,0.0,0.0,0.0,0.0,0.0,1.0,0.0
234238,0.0,0.0,0.0,0.0,0.0,0.0,0.0
234251,0.0,0.0,0.0,0.0,0.0,1.0,0.0
234751,0.0,0.0,0.0,0.0,0.0,0.0,0.0
235066,0.0,0.0,0.0,0.0,0.0,1.0,0.0
235452,0.0,0.0,0.0,0.0,0.0,2.0,0.0
235952,0.0,0.0,0.0,0.0,0.0,0.0,0.0
236113,0.0,0.0,0.0,0.0,0.0,1.0,0.0
236574,0.0,0.0,0.0,0.0,0.0,2.0,0.0
237074,0.0,0.0,0.0,0.0,0.0,0.0,0.0
237117,0.0,0.0,0.0,0.0,0.0,1.0,0.0
237131,0.0,0.0,0.0,0.0,0.0,2.0,0.0
237631,0.0,0.0,0.0,0.0,0.0,0.0,0.0
238177,0.0,0.0,0.0,0.0,0.0,1.0,0.0
238677,0.0,0.0,0.0,0.0,0.0,0.0,0.0
239209,0.0,0.0,0.0,0.0,0.0,1.0,0.0
239610,0.0,0.0,0.0,0.0,0.0,2.0,0.0
240110,0.0,0.0,0.0,0.0,0.0,0.0,0.0
240855,0.0,0.0,0.0,0.0,0.0,1.0,0.0
240858,0.0,0.0,0.0,0.0,0.0,2.0,0.0
241358,0.0,0.0,0.0,0.0,0.0,0.0,0.0
241827,0.0,0.0,0.0,0.0,0.0,1.0,0.0
242327,0.0,0.0,0.0,0.0,0.0,0.0,0.0
242497,0.0,0.0,0.0,0.0,0.0,1.0,0.0
242499,0.0,0.0,0.0,0.0,0.0,2.0,0.0
242999,0.0,0.0,0.0,0.0,0.0,0.0,0.0
243070,0.0,0.0,0.0,0.0,0.0,1.0,0.0
243570,0.0,0.0,0.0,0.0,0.0,0.0,0.0
243803,0.0,0.0,0.0,0.0,0.0,1.0,0.0
243816,0.0,0.0,0.0,0.0,0.0,2.0,0.0
243938,0.0,0.0,0.0,0.0,1.0,2.0,0.0
244316,0.0,0.0,0.0,0.0,1.0,0.0,0.0
244438,0.0,0.0,0.0,0.0,0.0,0.0,0.0
244530,0.0,0.0,0.0,0.0,0.0,1.0,0.0
245030,0.0,0.0,0.0,0.0,0.0,0.0,0.0
245898,0.0,0.0,0.0,0.0,0.0,1.0,0.0
246403,0.0,0.0,0.0,0.0,0.0,2.0,0.0
246903,0.0,0.0,0.0,0.0,0.0,0.0,0.0
248217,0.0,0.0,0.0,0.0,0.0,1.0,0.0
248717,0.0,0.0,0.0,0.0,0.0,0.0,0.0
249233,0.0,0.0,0.0,0.0,0.0,1.0,0.0
249733,0.0,0.0,0.0,0.0,0.0,0.0,0.0
250177,0.0,0.0,0.0,0.0,0.0,1.0,0.0
250186,0.0,0.0,0.0,0.0,0.0,2.0,0.0
250686,0.0,0.0,0.0,0.0,0.0,0.0,0.0
251605,0.0,0.0,0.0,0.0,0.0,1.0,0.0
252105,0.0,0.0,0.0,0.0,0.0,0.0,0.0
252136,0.0,0.0,0.0,0.0,0.0,1.0,0.0
252138,0.0,0.0,0.0,0.0,0.0,2.0,0.0
252638,0.0,0.0,0.0,0.0,0.0,0.0,0.0
252860,0.0,0.0,0.0,0.0,0.0,1.0,0.0
252862,0.0,0.0,0.0,0.0,0.0,2.0,0.0
253362,0.0,0.0,0.0,0.0,0.0,0.0,0.0
253577,0.0,0.0,0.0,0.0,0.0,1.0,0.0
254077,0.0,0.0,0.0,0.0,0.0,0.0,0.0
254426,0.0,0.0,0.0,0.0,0.0,1.0,0.0
254926,0.0,0.0,0.0,0.0,0.0,0.0,0.0
255196,0.0,0.0,0.0,0.0,0.0,1.0,0.0
255696,0.0,0.0,0.0,0.0,0.0,0.0,0.0
256182,0.0,0.0,0.0,0.0,0.0,1.0,0.0
256682,0.0,0.0,0.0,0.0,0.0,0.0,0.0
257291,0.0,0.0,0.0,0.0,0.0,1.0,0.0
257353,0.0,0.0,0.0,0.0,0.0,2.0,0.0
257853,0.0,0.0,0.0,0.0,0.0,0.0,0.0
258375,0.0,0.0,0.0,0.0,0.0,1.0,0.0
258875,0.0,0.0,0.0,0.0,0.0,0.0,0.0
259306,0.0,0.0,0.0,0.0,0.0,1.0,0.0
259806,0.0,0.0,0.0,0.0,0.0,0.0,0.0
261254,0.0,0.0,0.0,0.0,0.0,1.0,0.0
261728,0.0,0.0,0.0,0.0,0.0,2.0,0.0
262228,0.0,0.0,0.0,0.0,0.0,0.0,0.0
262438,0.0,0.0,0.0,0.0,0.0,1.0,0.0
262472,0.0,0.0,0.0,0.0,1.0,1.0,0.0
262938,0.0,0.0,0.0,0.0,1.0,0.0,0.0
262972,0.0,0.0,0.0,0.0,0.0,0.0,0.0
263658,0.0,0.0,0.0,0.0,0.0,1.0,0.0
263712,0.0,0.0,0.0,0.0,0.0,2.0,0.0
264212,0.0,0.0,0.0,0.0,0.0,0.0,0.0
265917,0.0,0.0,0.0,0.0,0.0,1.0,0.0
265921,0.0,0.0,0.0,0.0,0.0,2.0,0.0
266421,0.0,0.0,0.0,0.0,0.0,0.0,0.0
266632,0.0,0.0,0.0,0.0,0.0,1.0,0.0
267132,0.0,0.0,0.0,0.0,0.0,0.0,0.0
267511,0.0,0.0,0.0,0.0,0.0,1.0,0.0
268011,0.0,0.0,0.0,0.0,0.0,0.0,0.0
268636,0.0,0.0,0.0,0.0,0.0,1.0,0.0
268890,0.0,0.0,0.0,0.0,0.0,2.0,0.0
269390,0.0,0.0,0.0,0.0,0.0,0.0,0.0
269768,0.0,0.0,0.0,0.0,0.0,1.0,0.0
270268,0.0,0.0,0.0,0.0,0.0,0.0,0.0
270472,0.0,0.0,0.0,0.0,0.0,1.0,0.0
270488,0.0,0.0,0.0,0.0,0.0,2.0,0.0
270988,0.0,0.0,0.0,0.0,0.0,0.0,0.0
271147,0.0,0.0,0.0,0.0,0.0,1.0,0.0
271647,0.0,0.0,0.0,0.0,0.0,0.0,0.0
271886,0.0,0.0,0.0,0.0,0.0,1.0,0.0
272386,0.0,0.0,0.0,0.0,0.0,0.0,0.0
273031,0.0,0.0,0.0,0.0,1.0,0.0,0.0
273531,0.0,0.0,0.0,0.0,0.0,0.0,0.0
274587,0.0,0.0,0.0,0.0,0.0,1.0,0.0
275087,0.0,0.0,0.0,0.0,0.0,0.0,0.0
275249,0.0,2.0,0.0,0.0,0.0,0.0,0.0
275749,0.0,0.0,0.0,0.0,0.0,0.0,0.0
276123,0.0,0.0,0.0,0.0,0.0,1.0,0.0
276623,0.0,0.0,0.0,0.0,0.0,0.0,0.0
277218,0.0,0.0,0.0,0.0,0.0,1.0,0.0
277718,0.0,0.0,0.0,0.0,0.0,0.0,0.0
277850,0.0,0.0,0.0,0.0,0.0,1.0,0.0
278350,0.0,0.0,0.0,0.0,0.0,0.0,0.0
279059,0.0,0.0,0.0,0.0,0.0,1.0,0.0
279559,0.0,0.0,0.0,0.0,0.0,0.0,0.0
279758,0.0,0.0,0.0,0.0,0.0,1.0,0.0
280258,0.0,0.0,0.0,0.0,0.0,0.0,0.0
280310,0.0,0.0,0.0,0.0,0.0,1.0,0.0
280810,0.0,0.0,0.0,0.0,0.0,0.0,0.0
280876,0.0,0.0,0.0,0.0,0.0,1.0,0.0
281376,0.0,0.0,0.0,0.0,0.0,0.0,0.0
281973,0.0,0.0,0.0,0.0,0.0,1.0,0.0
282021,0.0,0.0,0.0,0.0,0.0,2.0,0.0
282521,0.0,0.0,0.0,0.0,0.0,0.0,0.0
283524,0.0,0.0,0.0,0.0,0.0,1.0,0.0
283533,0.0,0.0,0.0,0.0,0.0,2.0,0.0
284033,0.0,0.0,0.0,0.0,0.0,0.0,0.0
284391,0.0,0.0,0.0,0.0,0.0,1.0,0.0
284891,0.0,0.0,0.0,0.0,0.0,0.0,0.0
285074,0.0,0.0,0.0,0.0,0.0,1.0,0.0
285574,0.0,0.0,0.0,0.0,0.0,0.0,0.0
285745,0.0,0.0,0.0,0.0,0.0,1.0,0.0
286245,0.0,0.0,0.0,0.0,0.0,0.0,0.0
286541,0.0,0.0,0.0,0.0,0.0,1.0,0.0
287041,0.0,0.0,0.0,0.0,0.0,0.0,0.0
287067,0.0,0.0,0.0,0.0,0.0,1.0,0.0
287069,0.0,0.0,0.0,0.0,0.0,2.0,0.0
287569,0.0,0.0,0.0,0.0,0.0,0.0,0.0
287591,0.0,0.0,0.0,0.0,0.0,1.0,0.0
287808,0.0,0.0,0.0,0.0,0.0,2.0,0.0
288308,0.0,0.0,0.0,0.0,0.0,0.0,0.0
288758,0.0,0.0,0.0,0.0,0.0,1.0,0.0
289238,0.0,0.0,0.0,0.0,0.0,2.0,0.0
289738,0.0,0.0,0.0,0.0,0.0,0.0,0.0
289755,0.0,0.0,0.0,0.0,0.0,1.0,0.0
289808,0.0,0.0,0.0,0.0,0.0,2.0,0.0
290308,0.0,0.0,0.0,0.0,0.0,0.0,0.0
290314,0.0,0.0,0.0,0.0,0.0,1.0,0.0
290814,0.0,0.0,0.0,0.0,0.0,0.0,0.0
290875,0.0,0.0,0.0,0.0,0.0,1.0,0.0
291375,0.0,0.0,0.0,0.0,0.0,0.0,0.0
291467,0.0,0.0,0.0,0.0,0.0,1.0,0.0
291473,0.0,0.0,0.0,0.0,0.0,2.0,0.0
291973,0.0,0.0,0.0,0.0,0.0,0.0,0.0
292179,0.0,0.0,0.0,0.0,0.0,1.0,0.0
292320,0.0,0.0,0.0,0.0,0.0,2.0,0.0
292820,0.0,0.0,0.0,0.0,0.0,0.0,0.0
292829,0.0,0.0,0.0,0.0,0.0,1.0,0.0
292831,0.0,0.0,0.0,0.0,0.0,2.0,0.0
293331,0.0,0.0,0.0,0.0,0.0,0.0,0.0
293715,0.0,0.0,0.0,0.0,0.0,1.0,0.0
294215,0.0,0.0,0.0,0.0,0.0,0.0,0.0
294639,0.0,0.0,0.0,0.0,0.0,1.0,0.0
294641,0.0,0.0,0.0,0.0,0.0,2.0,0.0
295141,0.0,0.0,0.0,0.0,0.0,0.0,0.0
295570,0.0,0.0,0.0,0.0,0.0,1.0,0.0
296045,0.0,0.0,0.0,0.0,0.0,2.0,0.0
296545,0.0,0.0,0.0,0.0,0.0,0.0,0.0
296759,0.0,0.0,0.0,0.0,0.0,1.0,0.0
297259,0.0,0.0,0.0,0.0,0.0,0.0,0.0
297386,0.0,0.0,0.0,0.0,0.0,1.0,0.0
297886,0.0,0.0,0.0,0.0,0.0,0.0,0.0
298016,0.0,0.0,0.0,0.0,0.0,1.0,0.0
298516,0.0,0.0,0.0,0.0,0.0,0.0,0.0
298523,0.0,0.0,0.0,0.0,0.0,1.0,0.0
299023,0.0,0.0,0.0,0.0,0.0,0.0,0.0
299266,0.0,0.0,0.0,0.0,0.0,1.0,0.0
299507,0.0,0.0,0.0,0.0,0.0,2.0,0.0
300007,0.0,0.0,0.0,0.0,0.0,0.0,0.0
304160,0.0,0.0,0.0,0.0,1.0,0.0,0.0
304660,0.0,0.0,0.0,0.0,0.0,0.0,0.0
305053,0.0,0.0,0.0,0.0,0.0,1.0,0.0
305431,0.0,0.0,0.0,0.0,0.0,2.0,0.0
305931,0.0,0.0,0.0,0.0,0.0,0.0,0.0
306743,0.0,0.0,0.0,0.0,0.0,1.0,0.0
307243,0.0,0.0,0.0,0.0,0.0,0.0,0.0
308492,0.0,0.0,0.0,0.0,0.0,1.0,0.0
308992,0.0,0.0,0.0,0.0,0.0,0.0,0.0
309624,0.0,0.0,0.0,0.0,1.0,1.0,0.0
310124,0.0,0.0,0.0,0.0,0.0,0.0,0.0
310510,0.0,0.0,0.0,0.0,0.0,1.0,0.0
311010,0.0,0.0,0.0,0.0,0.0,0.0,0.0
313015,0.0,0.0,0.0,0.0,0.0,1.0,0.0
313515,0.0,0.0,0.0,0.0,0.0,0.0,0.0
314819,0.0,0.0,0.0,0.0,0.0,1.0,0.0
315319,0.0,0.0,0.0,0.0,0.0,0.0,0.0
317351,0.0,0.0,0.0,0.0,0.0,1.0,0.0
317412,0.0,0.0,0.0,0.0,0.0,2.0,0.0
317912,0.0,0.0,0.0,0.0,0.0,0.0,0.0
324626,0.0,0.0,0.0,0.0,0.0,1.0,0.0
325126,0.0,0.0,0.0,0.0,0.0,0.0,0.0
325721,0.0,0.0,0.0,0.0,0.0,1.0,0.0
326221,0.0,0.0,0.0,0.0,0.0,0.0,0.0
327003,0.0,0.0,0.0,0.0,0.0,1.0,0.0
327005,0.0,0.0,0.0,0.0,0.0,2.0,0.0
327505,0.0,0.0,0.0,0.0,0.0,0.0,0.0
329815,0.0,0.0,0.0,0.0,0.0,1.0,0.0
330315,0.0,0.0,0.0,0.0,0.0,0.0,0.0
333146,0.0,0.0,0.0,0.0,0.0,1.0,0.0
333646,0.0,0.0,0.0,0.0,0.0,0.0,0.0
334175,0.0,0.0,0.0,0.0,0.0,1.0,0.0
334675,0.0,0.0,0.0,0.0,0.0,0.0,0.0
336730,0.0,0.0,0.0,0.0,0.0,1.0,0.0
337230,0.0,0.0,0.0,0.0,0.0,0.0,0.0
338290,0.0,0.0,0.0,0.0,0.0,1.0,0.0
338790,0.0,0.0,0.0,0.0,0.0,0.0,0.0
338805,0.0,0.0,0.0,0.0,0.0,1.0,0.0
339305,0.0,0.0,0.0,0.0,0.0,0.0,0.0
341160,0.0,0.0,0.0,0.0,0.0,1.0,0.0
341660,0.0,0.0,0.0,0.0,0.0,0.0,0.0
342383,0.0,0.0,0.0,0.0,0.0,1.0,0.0
342883,0.0,0.0,0.0,0.0,0.0,0.0,0.0
343220,0.0,0.0,0.0,0.0,0.0,1.0,0.0
343720,0.0,0.0,0.0,0.0,0.0,0.0,0.0
344069,0.0,0.0,0.0,0.0,0.0,1.0,0.0
344569,0.0,0.0,0.0,0.0,0.0,0.0,0.0
346143,0.0,0.0,0.0,0.0,0.0,1.0,0.0
346643,0.0,0.0,0.0,0.0,0.0,0.0,0.0
346659,0.0,0.0,0.0,0.0,0.0,1.0,0.0
346667,0.0,0.0,0.0,0.0,0.0,2.0,0.0
347167,0.0,0.0,0.0,0.0,0.0,0.0,0.0
349869,0.0,0.0,0.0,0.0,0.0,1.0,0.0
350369,0.0,0.0,0.0,0.0,0.0,0.0,0.0
351002,0.0,0.0,0.0,0.0,0.0,1.0,0.0
351502,0.0,0.0,0.0,0.0,0.0,0.0,0.0
351702,0.0,0.0,0.0,0.0,0.0,1.0,0.0
352202,0.0,0.0,0.0,0.0,0.0,0.0,0.0
352931,0.0,0.0,0.0,0.0,0.0,1.0,0.0
353431,0.0,0.0,0.0,0.0,0.0,0.0,0.0
354391,0.0,0.0,0.0,0.0,0.0,1.0,0.0
354891,0.0,0.0,0.0,0.0,0.0,0.0,0.0
356084,0.0,0.0,0.0,0.0,0.0,1.0,0.0
356584,0.0,0.0,0.0,0.0,0.0,0.0,0.0
356637,0.0,0.0,0.0,0.0,0.0,1.0,0.0
357137,0.0,0.0,0.0,0.0,0.0,0.0,0.0
359081,0.0,0.0,0.0,0.0,0.0,1.0,0.0
359581,0.0,0.0,0.0,0.0,0.0,0.0,0.0
360306,0.0,0.0,0.0,0.0,0.0,1.0,0.0
360806,0.0,0.0,0.0,0.0,0.0,0.0,0.0
360921,0.0,0.0,0.0,0.0,0.0,1.0,0.0
361421,0.0,0.0,0.0,0.0,0.0,0.0,0.0
362484,0.0,0.0,0.0,0.0,0.0,1.0,0.0
362984,0.0,0.0,0.0,0.0,0.0,0.0,0.0
365125,0.0,0.0,0.0,0.0,0.0,1.0,0.0
365625,0.0,0.0,0.0,0.0,0.0,0.0,0.0
366898,0.0,0.0,0.0,0.0,0.0,1.0,0.0
367398,0.0,0.0,0.0,0.0,0.0,0.0,0.0
368520,0.0,0.0,0.0,0.0,0.0,1.0,0.0
369020,0.0,0.0,0.0,0.0,0.0,0.0,0.0
369551,0.0,0.0,0.0,0.0,0.0,1.0,0.0
370051,0.0,0.0,0.0,0.0,0.0,0.0,0.0
371305,0.0,0.0,0.0,0.0,0.0,1.0,0.0
371805,0.0,0.0,0.0,0.0,0.0,0.0,0.0
374180,0.0,0.0,0.0,0.0,0.0,1.0,0.0
374680,0.0,0.0,0.0,0.0,0.0,0.0,0.0
374695,0.0,0.0,0.0,0.0,0.0,1.0,0.0
375195,0.0,0.0,0.0,0.0,0.0,0.0,0.0
377218,0.0,0.0,0.0,0.0,0.0,1.0,0.0
377718,0.0,0.0,0.0,0.0,0.0,0.0,0.0
379907,0.0,0.0,0.0,0.0,0.0,1.0,0.0
380407,0.0,0.0,0.0,0.0,0.0,0.0,0.0
380844,0.0,0.0,0.0,0.0,0.0,1.0,0.0
381344,0.0,0.0,0.0,0.0,0.0,0.0,0.0
381601,0.0,0.0,0.0,0.0,0.0,1.0,0.0
382101,0.0,0.0,0.0,0.0,0.0,0.0,0.0
382571,0.0,0.0,0.0,0.0,0.0,1.0,0.0
382575,0.0,0.0,0.0,0.0,0.0,2.0,0.0
383075,0.0,0.0,0.0,0.0,0.0,0.0,0.0
384823,0.0,0.0,0.0,0.0,0.0,1.0,0.0
385323,0.0,0.0,0.0,0.0,0.0,0.0,0.0
388794,0.0,0.0,0.0,0.0,0.0,1.0,0.0
389294,0.0,0.0,0.0,0.0,0.0,0.0,0.0
389698,0.0,0.0,0.0,0.0,0.0,1.0,0.0
390198,0.0,0.0,0.0,0.0,0.0,0.0,0.0
390850,0.0,0.0,0.0,0.0,0.0,1.0,0.0
391350,0.0,0.0,0.0,0.0,0.0,0.0,0.0
392201,0.0,0.0,0.0,0.0,0.0,1.0,0.0
392203,0.0,0.0,0.0,0.0,0.0,2.0,0.0
392703,0.0,0.0,0.0,0.0,0.0,0.0,0.0
395411,0.0,0.0,0.0,0.0,0.0,1.0,0.0
395911,0.0,0.0,0.0,0.0,0.0,0.0,0.0
397548,0.0,0.0,0.0,0.0,0.0,1.0,0.0
398048,0.0,0.0,0.0,0.0,0.0,0.0,0.0
399066,0.0,0.0,0.0,0.0,0.0,1.0,0.0
399566,0.0,0.0,0.0,0.0,0.0,0.0,0.0
400300,0.0,0.0,0.0,0.0,0.0,0.0,1.0
400505,0.0,0.0,0.0,0.0,0.0,1.0,1.0
400515,0.0,0.0,0.0,0.0,0.0,2.0,1.0
400607,2.0,0.0,0.0,0.0,0.0,2.0,1.0
400800,2.0,0.0,0.0,0.0,0.0,2.0,0.0
400876,2.0,2.0,0.0,0.0,0.0,2.0,0.0
401015,2.0,2.0,0.0,0.0,0.0,0.0,0.0
401107,0.0,2.0,0.0,0.0,0.0,0.0,0.0
401279,2.0,2.0,0.0,0.0,0.0,0.0,0.0
401300,2.0,2.0,0.0,0.0,0.0,1.0,0.0
401309,2.0,2.0,0.0,0.0,1.0,1.0,0.0
401376,2.0,0.0,0.0,0.0,1.0,1.0,0.0
401539,2.0,0.0,0.0,0.0,2.0,1.0,0.0
401779,0.0,0.0,0.0,0.0,2.0,1.0,0.0
401800,0.0,0.0,0.0,0.0,2.0,0.0,0.0
402039,0.0,0.0,0.0,0.0,0.0,0.0,0.0
402157,0.0,0.0,0.0,0.0,1.0,1.0,0.0
402657,0.0,0.0,0.0,0.0,0.0,0.0,0.0
403354,0.0,0.0,1.0,0.0,0.0,0.0,0.0
403724,0.0,0.0,1.0,0.0,0.0,1.0,0.0
404224,0.0,0.0,1.0,0.0,0.0,0.0,0.0
404321,0.0,0.0,1.0,0.0,0.0,1.0,0.0
404821,0.0,0.0,1.0,0.0,0.0,0.0,0.0
404960,0.0,0.0,1.0,0.0,0.0,1.0,0.0
404962,0.0,0.0,1.0,0.0,0.0,2.0,0.0
405462,0.0,0.0,1.0,0.0,0.0,0.0,0.0
406328,0.0,0.0,2.0,0.0,0.0,0.0,0.0
406809,0.0,0.0,2.0,0.0,0.0,1.0,0.0
406828,0.0,0.0,1.0,0.0,0.0,1.0,0.0
407309,0.0,0.0,1.0,0.0,0.0,0.0,0.0
407684,0.0,0.0,1.0,0.0,0.0,1.0,0.0
408070,0.0,0.0,1.0,0.0,0.0,2.0,0.0
408570,0.0,0.0,1.0,0.0,0.0,0.0,0.0
408628,0.0,0.0,1.0,0.0,0.0,1.0,0.0
409128,0.0,0.0,1.0,0.0,0.0,0.0,0.0
409272,0.0,0.0,1.0,0.0,0.0,1.0,0.0
409772,0.0,0.0,1.0,0.0,0.0,0.0,0.0
409863,0.0,0.0,1.0,0.0,0.0,1.0,0.0
410065,0.0,0.0,1.0,0.0,0.0,2.0,0.0
410565,0.0,0.0,1.0,0.0,0.0,0.0,0.0
410903,0.0,0.0,1.0,0.0,0.0,1.0,0.0
410905,0.0,0.0,1.0,0.0,0.0,2.0,0.0
411405,0.0,0.0,1.0,0.0,0.0,0.0,0.0
411473,0.0,0.0,1.0,0.0,0.0,1.0,0.0
411477,0.0,0.0,1.0,0.0,0.0,2.0,0.0
411564,0.0,0.0,1.0,0.0,1.0,2.0,0.0
411977,0.0,0.0,1.0,0.0,1.0,0.0,0.0
412015,0.0,2.0,1.0,0.0,1.0,0.0,0.0
412064,0.0,2.0,1.0,0.0,0.0,0.0,0.0
412274,0.0,2.0,1.0,0.0,0.0,1.0,0.0
412515,0.0,0.0,1.0,0.0,0.0,1.0,0.0
412774,0.0,0.0,1.0,0.0,0.0,0.0,0.0
412812,0.0,0.0,1.0,0.0,0.0,1.0,0.0
412832,0.0,0.0,1.0,0.0,0.0,2.0,0.0
413332,0.0,0.0,1.0,0.0,0.0,0.0,0.0
413898,0.0,0.0,1.0,0.0,0.0,1.0,0.0
414013,0.0,0.0,1.0,0.0,0.0,2.0,0.0
414513,0.0,0.0,1.0,0.0,0.0,0.0,0.0
414811,0.0,0.0,1.0,0.0,0.0,1.0,0.0
414823,0.0,0.0,1.0,0.0,0.0,2.0,0.0
415323,0.0,0.0,1.0,0.0,0.0,0.0,0.0
415695,0.0,0.0,1.0,0.0,0.0,1.0,0.0
416195,0.0,0.0,1.0,0.0,0.0,0.0,0.0
416333,0.0,0.0,1.0,0.0,1.0,0.0,0.0
416778,0.0,2.0,1.0,0.0,1.0,0.0,0.0
416833,0.0,2.0,1.0,0.0,0.0,0.0,0.0
417278,0.0,0.0,1.0,0.0,0.0,0.0,0.0
417294,0.0,0.0,1.0,0.0,0.0,1.0,0.0
417794,0.0,0.0,1.0,0.0,0.0,0.0,0.0
417999,0.0,0.0,1.0,0.0,0.0,1.0,0.0
418499,0.0,0.0,1.0,0.0,0.0,0.0,0.0
419560,0.0,0.0,1.0,0.0,0.0,1.0,0.0
419562,0.0,0.0,1.0,0.0,0.0,2.0,0.0
420062,0.0,0.0,1.0,0.0,0.0,0.0,0.0
420154,0.0,0.0,1.0,0.0,0.0,1.0,0.0
420167,0.0,0.0,1.0,0.0,0.0,2.0,0.0
420667,0.0,0.0,1.0,0.0,0.0,0.0,0.0
420976,0.0,0.0,1.0,0.0,0.0,1.0,0.0
421476,0.0,0.0,1.0,0.0,0.0,0.0,0.0
421496,0.0,0.0,1.0,0.0,0.0,1.0,0.0
421610,0.0,2.0,1.0,0.0,0.0,1.0,0.0
421996,0.0,2.0,1.0,0.0,0.0,0.0,0.0
422110,0.0,0.0,1.0,0.0,0.0,0.0,0.0
422554,0.0,0.0,1.0,0.0,0.0,1.0,0.0
423054,0.0,0.0,1.0,0.0,0.0,0.0,0.0
423524,0.0,0.0,1.0,0.0,0.0,1.0,0.0
424024,0.0,0.0,1.0,0.0,0.0,0.0,0.0
424059,0.0,0.0,1.0,0.0,0.0,1.0,0.0
424070,0.0,0.0,1.0,0.0,0.0,2.0,0.0
424570,0.0,0.0,1.0,0.0,0.0,0.0,0.0
425376,0.0,0.0,1.0,0.0,0.0,1.0,0.0
425378,0.0,0.0,1.0,0.0,0.0,2.0,0.0
425878,0.0,0.0,1.0,0.0,0.0,0.0,0.0
425958,0.0,0.0,1.0,0.0,0.0,1.0,0.0
426458,0.0,0.0,1.0,0.0,0.0,0.0,0.0
426901,0.0,0.0,1.0,0.0,0.0,1.0,0.0
427401,0.0,0.0,1.0,0.0,0.0,0.0,0.0
429559,0.0,0.0,1.0,0.0,0.0,1.0,0.0
430059,0.0,0.0,1.0,0.0,0.0,0.0,0.0
430431,0.0,0.0,1.0,0.0,0.0,1.0,0.0
430566,0.0,0.0,1.0,0.0,0.0,2.0,0.0
431066,0.0,0.0,1.0,0.0,0.0,0.0,0.0
431232,0.0,0.0,1.0,0.0,0.0,1.0,0.0
431265,0.0,0.0,1.0,0.0,0.0,2.0,0.0
431765,0.0,0.0,1.0,0.0,0.0,0.0,0.0
433051,0.0,0.0,1.0,0.0,0.0,1.0,0.0
433551,0.0,0.0,1.0,0.0,0.0,0.0,0.0
434747,0.0,0.0,1.0,0.0,0.0,1.0,0.0
435247,0.0,0.0,1.0,0.0,0.0,0.0,0.0
435617,0.0,0.0,1.0,0.0,0.0,1.0,0.0
435918,0.0,0.0,1.0,0.0,0.0,2.0,0.0
436418,0.0,0.0,1.0,0.0,0.0,0.0,0.0
436731,0.0,0.0,1.0,0.0,0.0,1.0,0.0
437231,0.0,0.0,1.0,0.0,0.0,0.0,0.0
437499,0.0,2.0,1.0,0.0,0.0,0.0,0.0
437999,0.0,0.0,1.0,0.0,0.0,0.0,0.0
438241,0.0,0.0,1.0,0.0,0.0,1.0,0.0
438741,0.0,0.0,1.0,0.0,0.0,0.0,0.0
440115,0.0,0.0,1.0,0.0,0.0,1.0,0.0
440615,0.0,0.0,1.0,0.0,0.0,0.0,0.0
441182,0.0,0.0,1.0,0.0,0.0,1.0,0.0
441184,0.0,0.0,1.0,0.0,0.0,2.0,0.0
441684,0.0,0.0,1.0,0.0,0.0,0.0,0.0
441792,0.0,0.0,1.0,0.0,0.0,1.0,0.0
442177,0.0,0.0,1.0,0.0,0.0,2.0,0.0
442677,0.0,0.0,1.0,0.0,0.0,0.0,0.0
443087,0.0,0.0,1.0,0.0,0.0,1.0,0.0
443093,0.0,0.0,1.0,0.0,0.0,2.0,0.0
443593,0.0,0.0,1.0,0.0,0.0,0.0,0.0
444181,0.0,0.0,1.0,0.0,0.0,1.0,0.0
444681,0.0,0.0,1.0,0.0,0.0,0.0,0.0
445502,0.0,0.0,1.0,0.0,0.0,1.0,0.0
445510,0.0,0.0,1.0,0.0,1.0,2.0,0.0
446010,0.0,0.0,1.0,0.0,0.0,0.0,0.0
446175,0.0,0.0,1.0,0.0,0.0,1.0,0.0
446675,0.0,0.0,1.0,0.0,0.0,0.0,0.0
446857,0.0,0.0,1.0,0.0,0.0,1.0,0.0
447218,0.0,0.0,1.0,0.0,0.0,2.0,0.0
447718,0.0,0.0,1.0,0.0,0.0,0.0,0.0
448228,0.0,0.0,1.0,0.0,0.0,1.0,0.0
448390,0.0,0.0,1.0,0.0,0.0,2.0,0.0
448890,0.0,0.0,1.0,0.0,0.0,0.0,0.0
449748,0.0,0.0,1.0,0.0,0.0,1.0,0.0
450248,0.0,0.0,1.0,0.0,0.0,0.0,0.0
450315,0.0,0.0,1.0,0.0,0.0,1.0,0.0
450815,0.0,0.0,1.0,0.0,0.0,0.0,0.0
451802,0.0,0.0,1.0,0.0,0.0,1.0,0.0
452024,0.0,0.0,1.0,0.0,0.0,2.0,0.0
452524,0.0,0.0,1.0,0.0,0.0,0.0,0.0
453270,0.0,0.0,1.0,0.0,0.0,1.0,0.0
453770,0.0,0.0,1.0,0.0,0.0,0.0,0.0
453968,0.0,0.0,1.0,0.0,0.0,1.0,0.0
454468,0.0,0.0,1.0,0.0,0.0,0.0,0.0
455232,0.0,0.0,1.0,0.0,0.0,1.0,0.0
455732,0.0,0.0,1.0,0.0,0.0,0.0,0.0
456185,0.0,0.0,1.0,0.0,0.0,1.0,0.0
456557,0.0,0.0,1.0,0.0,0.0,2.0,0.0
457057,0.0,0.0,1.0,0.0,0.0,0.0,0.0
457450,0.0,0.0,1.0,0.0,0.0,1.0,0.0
457555,0.0,0.0,1.0,0.0,0.0,2.0,0.0
457911,0.0,2.0,1.0,0.0,0.0,2.0,0.0
458055,0.0,2.0,1.0,0.0,0.0,0.0,0.0
458411,0.0,0.0,1.0,0.0,0.0,0.0,0.0
459144,0.0,0.0,1.0,0.0,0.0,1.0,0.0
459644,0.0,0.0,1.0,0.0,0.0,0.0,0.0
461225,0.0,0.0,1.0,0.0,0.0,1.0,0.0
461576,0.0,0.0,1.0,0.0,0.0,2.0,0.0
462076,0.0,0.0,1.0,0.0,0.0,0.0,0.0
463243,0.0,0.0,1.0,0.0,0.0,1.0,0.0
463409,0.0,0.0,1.0,0.0,0.0,2.0,0.0
463909,0.0,0.0,1.0,0.0,0.0,0.0,0.0
464784,0.0,0.0,1.0,0.0,0.0,1.0,0.0
464790,0.0,0.0,1.0,0.0,0.0,2.0,0.0
465290,0.0,0.0,1.0,0.0,0.0,0.0,0.0
465507,0.0,2.0,1.0,0.0,0.0,0.0,0.0
466007,0.0,0.0,1.0,0.0,0.0,0.0,0.0
466581,0.0,0.0,1.0,0.0,0.0,1.0,0.0
466593,0.0,0.0,1.0,0.0,0.0,2.0,0.0
467093,0.0,0.0,1.0,0.0,0.0,0.0,0.0
467464,0.0,0.0,1.0,0.0,0.0,1.0,0.0
467467,0.0,0.0,1.0,0.0,0.0,2.0,0.0
467967,0.0,0.0,1.0,0.0,0.0,0.0,0.0
469212,0.0,0.0,1.0,0.0,0.0,1.0,0.0
469464,0.0,0.0,1.0,0.0,0.0,2.0,0.0
469964,0.0,0.0,1.0,0.0,0.0,0.0,0.0
471563,0.0,0.0,1.0,0.0,0.0,1.0,0.0
472063,0.0,0.0,1.0,0.0,0.0,0.0,0.0
473016,0.0,0.0,1.0,0.0,0.0,1.0,0.0
473516,0.0,0.0,1.0,0.0,0.0,0.0,0.0
474141,0.0,0.0,1.0,0.0,0.0,1.0,0.0
474150,0.0,0.0,1.0,0.0,0.0,2.0,0.0
474650,0.0,0.0,1.0,0.0,0.0,0.0,0.0
474748,0.0,0.0,1.0,0.0,0.0,1.0,0.0
475248,0.0,0.0,1.0,0.0,0.0,0.0,0.0
475321,0.0,0.0,1.0,0.0,0.0,1.0,0.0
475821,0.0,0.0,1.0,0.0,0.0,0.0,0.0
475984,0.0,0.0,1.0,0.0,0.0,1.0,0.0
476484,0.0,0.0,1.0,0.0,0.0,0.0,0.0
476508,0.0,0.0,1.0,0.0,0.0,1.0,0.0
476525,0.0,0.0,1.0,0.0,0.0,2.0,0.0
477025,0.0,0.0,1.0,0.0,0.0,0.0,0.0
478145,0.0,0.0,1.0,0.0,0.0,1.0,0.0
478283,0.0,0.0,1.0,0.0,0.0,2.0,0.0
478783,0.0,0.0,1.0,0.0,0.0,0.0,0.0
478947,0.0,0.0,1.0,0.0,0.0,1.0,0.0
478977,0.0,0.0,1.0,0.0,0.0,2.0,0.0
479477,0.0,0.0,1.0,0.0,0.0,0.0,0.0
479674,0.0,0.0,1.0,0.0,0.0,1.0,0.0
480174,0.0,0.0,1.0,0.0,0.0,0.0,0.0
480714,0.0,0.0,1.0,0.0,0.0,1.0,0.0
481214,0.0,0.0,1.0,0.0,0.0,0.0,0.0
481249,0.0,0.0,1.0,0.0,0.0,1.0,0.0
481251,0.0,0.0,1.0,0.0,0.0,2.0,0.0
481751,0.0,0.0,1.0,0.0,0.0,0.0,0.0
483403,0.0,0.0,1.0,0.0,0.0,1.0,0.0
483410,0.0,0.0,1.0,0.0,0.0,2.0,0.0
483910,0.0,0.0,1.0,0.0,0.0,0.0,0.0
484075,0.0,0.0,1.0,0.0,0.0,1.0,0.0
484575,0.0,0.0,1.0,0.0,0.0,0.0,0.0
485767,0.0,0.0,1.0,0.0,0.0,1.0,0.0
485786,0.0,0.0,1.0,0.0,0.0,2.0,0.0
486286,0.0,0.0,1.0,0.0,0.0,0.0,0.0
486979,0.0,0.0,1.0,0.0,0.0,1.0,0.0
486986,0.0,0.0,1.0,0.0,0.0,2.0,0.0
487486,0.0,0.0,1.0,0.0,0.0,0.0,0.0
488193,0.0,0.0,1.0,0.0,0.0,1.0,0.0
488693,0.0,0.0,1.0,0.0,0.0,0.0,0.0
488791,0.0,0.0,1.0,0.0,0.0,1.0,0.0
488936,0.0,0.0,1.0,0.0,0.0,2.0,0.0
489436,0.0,0.0,1.0,0.0,0.0,0.0,0.0
490237,0.0,0.0,1.0,0.0,0.0,1.0,0.0
490737,0.0,0.0,1.0,0.0,0.0,0.0,0.0
491289,0.0,0.0,1.0,0.0,0.0,1.0,0.0
491789,0.0,0.0,1.0,0.0,0.0,0.0,0.0
491930,0.0,0.0,1.0,0.0,0.0,1.0,0.0
492430,0.0,0.0,1.0,0.0,0.0,0.0,0.0
492966,0.0,0.0,1.0,0.0,0.0,1.0,0.0
493466,0.0,0.0,1.0,0.0,0.0,0.0,0.0
493481,0.0,0.0,1.0,0.0,0.0,1.0,0.0
493981,0.0,0.0,1.0,0.0,0.0,0.0,0.0
494194,0.0,0.0,1.0,0.0,0.0,1.0,0.0
494694,0.0,0.0,1.0,0.0,0.0,0.0,0.0
495023,0.0,0.0,1.0,0.0,0.0,1.0,0.0
495523,0.0,0.0,1.0,0.0,0.0,0.0,0.0
495924,0.0,0.0,1.0,0.0,0.0,1.0,0.0
496127,0.0,0.0,1.0,0.0,0.0,2.0,0.0
496627,0.0,0.0,1.0,0.0,0.0,0.0,0.0
496740,0.0,0.0,1.0,0.0,0.0,1.0,0.0
497240,0.0,0.0,1.0,0.0,0.0,0.0,0.0
497761,0.0,0.0,1.0,0.0,0.0,1.0,0.0
497802,0.0,0.0,1.0,0.0,0.0,2.0,0.0
498302,0.0,0.0,1.0,0.0,0.0,0.0,0.0
499490,0.0,0.0,1.0,0.0,0.0,1.0,0.0
499513,0.0,0.0,1.0,0.0,0.0,2.0,0.0
500013,0.0,0.0,1.0,0.0,0.0,0.0,0.0
501059,0.0,0.0,1.0,0.0,0.0,1.0,0.0
501559,0.0,0.0,1.0,0.0,0.0,0.0,0.0
503001,0.0,0.0,1.0,0.0,0.0,1.0,0.0
503501,0.0,0.0,1.0,0.0,0.0,0.0,0.0
503828,0.0,0.0,0.0,0.0,0.0,0.0,0.0
504048,0.0,0.0,0.0,0.0,0.0,1.0,0.0
504548,0.0,0.0,0.0,0.0,0.0,0.0,0.0
505552,0.0,0.0,0.0,0.0,0.0,1.0,0.0
506052,0.0,0.0,0.0,0.0,0.0,0.0,0.0
506282,0.0,0.0,0.0,0.0,0.0,1.0,0.0
506782,0.0,0.0,0.0,0.0,0.0,0.0,0.0
509646,0.0,0.0,0.0,0.0,1.0,0.0,0.0
510146,0.0,0.0,0.0,0.0,0.0,0.0,0.0
511573,0.0,0.0,0.0,0.0,0.0,1.0,0.0
512073,0.0,0.0,0.0,0.0,0.0,0.0,0.0
516565,0.0,0.0,0.0,0.0,0.0,1.0,0.0
517065,0.0,0.0,0.0,0.0,0.0,0.0,0.0
518300,0.0,0.0,0.0,0.0,0.0,1.0,0.0
518800,0.0,0.0,0.0,0.0,0.0,0.0,0.0
519973,0.0,0.0,0.0,0.0,0.0,1.0,0.0
520473,0.0,0.0,0.0,0.0,0.0,0.0,0.0
521037,0.0,0.0,0.0,0.0,0.0,1.0,0.0
521537,0.0,0.0,0.0,0.0,0.0,0.0,0.0
521994,0.0,0.0,0.0,0.0,0.0,1.0,0.0
522494,0.0,0.0,0.0,0.0,0.0,0.0,0.0
523222,0.0,0.0,0.0,0.0,0.0,1.0,0.0
523722,0.0,0.0,0.0,0.0,0.0,0.0,0.0
525078,0.0,0.0,0.0,0.0,1.0,0.0,0.0
525079,0.0,0.0,0.0,0.0,2.0,1.0,0.0
525579,0.0,0.0,0.0,0.0,0.0,0.0,0.0
527945,0.0,0.0,0.0,0.0,0.0,1.0,0.0
528445,0.0,0.0,0.0,0.0,0.0,0.0,0.0
530536,0.0,0.0,0.0,0.0,0.0,1.0,0.0
531036,0.0,0.0,0.0,0.0,0.0,0.0,0.0
532222,0.0,0.0,0.0,0.0,0.0,1.0,0.0
532722,0.0,0.0,0.0,0.0,0.0,0.0,0.0
534634,0.0,0.0,0.0,0.0,1.0,0.0,0.0
535134,0.0,0.0,0.0,0.0,0.0,0.0,0.0
535976,0.0,0.0,0.0,0.0,0.0,1.0,0.0
535980,0.0,0.0,0.0,0.0,0.0,2.0,0.0
536480,0.0,0.0,0.0,0.0,0.0,0.0,0.0
538175,0.0,0.0,0.0,0.0,0.0,1.0,0.0
538675,0.0,0.0,0.0,0.0,0.0,0.0,0.0
539025,0.0,0.0,0.0,0.0,1.0,0.0,0.0
539525,0.0,0.0,0.0,0.0,0.0,0.0,0.0
539869,0.0,0.0,0.0,0.0,0.0,1.0,0.0
540369,0.0,0.0,0.0,0.0,0.0,0.0,0.0
540981,0.0,0.0,0.0,0.0,0.0,1.0,0.0
540983,0.0,0.0,0.0,0.0,0.0,2.0,0.0
541483,0.0,0.0,0.0,0.0,0.0,0.0,0.0
548359,0.0,0.0,0.0,0.0,0.0,1.0,0.0
548859,0.0,0.0,0.0,0.0,0.0,0.0,0.0
549768,0.0,0.0,0.0,0.0,0.0,1.0,0.0
550268,0.0,0.0,0.0,0.0,0.0,0.0,0.0
550840,0.0,0.0,0.0,0.0,0.0,1.0,0.0
551340,0.0,0.0,0.0,0.0,0.0,0.0,0.0
552020,0.0,0.0,0.0,0.0,0.0,1.0,0.0
552520,0.0,0.0,0.0,0.0,0.0,0.0,0.0
553001,0.0,0.0,0.0,0.0,0.0,1.0,0.0
553501,0.0,0.0,0.0,0.0,0.0,0.0,0.0
556413,0.0,0.0,0.0,0.0,0.0,1.0,0.0
556913,0.0,0.0,0.0,0.0,0.0,0.0,0.0
559784,0.0,0.0,0.0,0.0,0.0,1.0,0.0
560284,0.0,0.0,0.0,0.0,0.0,0.0,0.0
561002,0.0,0.0,0.0,0.0,0.0,1.0,0.0
561007,0.0,0.0,0.0,0.0,0.0,2.0,0.0
561507,0.0,0.0,0.0,0.0,0.0,0.0,0.0
561727,0.0,0.0,0.0,0.0,0.0,1.0,0.0
562227,0.0,0.0,0.0,0.0,0.0,0.0,0.0
571342,0.0,0.0,0.0,0.0,0.0,1.0,0.0
571842,0.0,0.0,0.0,0.0,0.0,0.0,0.0
571921,0.0,0.0,0.0,0.0,0.0,1.0,0.0
572421,0.0,0.0,0.0,0.0,0.0,0.0,0.0
573114,0.0,0.0,0.0,0.0,0.0,1.0,0.0
573487,0.0,0.0,0.0,0.0,0.0,2.0,0.0
573987,0.0,0.0,0.0,0.0,0.0,0.0,0.0
577618,0.0,0.0,0.0,0.0,0.0,1.0,0.0
578118,0.0,0.0,0.0,0.0,0.0,0.0,0.0
578785,0.0,0.0,0.0,0.0,0.0,1.0,0.0
579285,0.0,0.0,0.0,0.0,0.0,0.0,0.0
580557,0.0,0.0,0.0,0.0,0.0,1.0,0.0
581057,0.0,0.0,0.0,0.0,0.0,0.0,0.0
581143,0.0,0.0,0.0,0.0,0.0,1.0,0.0
581643,0.0,0.0,0.0,0.0,0.0,0.0,0.0
582792,0.0,0.0,0.0,0.0,0.0,1.0,0.0
583292,0.0,0.0,0.0,0.0,0.0,0.0,0.0
583720,0.0,0.0,0.0,0.0,0.0,1.0,0.0
584220,0.0,0.0,0.0,0.0,0.0,0.0,0.0
588062,0.0,0.0,0.0,0.0,0.0,1.0,0.0
588562,0.0,0.0,0.0,0.0,0.0,0.0,0.0
589027,0.0,0.0,0.0,0.0,0.0,1.0,0.0
589354,0.0,0.0,0.0,0.0,0.0,2.0,0.0
589854,0.0,0.0,0.0,0.0,0.0,0.0,0.0
591066,0.0,0.0,0.0,0.0,0.0,1.0,0.0
591566,0.0,0.0,0.0,0.0,0.0,0.0,0.0
592340,0.0,0.0,0.0,0.0,0.0,1.0,0.0
592840,0.0,0.0,0.0,0.0,0.0,0.0,0.0
593215,0.0,0.0,0.0,0.0,0.0,1.0,0.0
593715,0.0,0.0,0.0,0.0,0.0,0.0,0.0
596584,0.0,0.0,0.0,0.0,0.0,1.0,0.0
597084,0.0,0.0,0.0,0.0,0.0,0.0,0.0
597345,0.0,0.0,0.0,0.0,0.0,1.0,0.0
597845,0.0,0.0,0.0,0.0,0.0,0.0,0.0
598358,0.0,0.0,0.0,0.0,0.0,1.0,0.0
598858,0.0,0.0,0.0,0.0,0.0,0.0,0.0
599477,0.0,0.0,0.0,0.0,0.0,1.0,0.0
599977,0.0,0.0,0.0,0.0,0.0,0.0,0.0
600500,0.0,0.0,0.0,0.0,0.0,0.0,1.0
600753,0.0,0.0,0.0,0.0,0.0,1.0,1.0
600795,0.0,0.0,0.0,0.0,0.0,2.0,1.0
600799,2.0,0.0,0.0,0.0,0.0,2.0,1.0
601000,2.0,0.0,0.0,0.0,0.0,2.0,0.0
601045,2.0,2.0,0.0,0.0,0.0,2.0,0.0
601295,2.0,2.0,0.0,0.0,0.0,0.0,0.0
601299,0.0,2.0,0.0,0.0,0.0,0.0,0.0
601545,0.0,0.0,0.0,0.0,0.0,0.0,0.0
601881,0.0,0.0,0.0,0.0,1.0,0.0,0.0
602063,0.0,0.0,0.0,0.0,1.0,1.0,0.0
602273,0.0,0.0,0.0,0.0,2.0,1.0,0.0
602522,0.0,0.0,0.0,0.0,2.0,2.0,0.0
602773,0.0,0.0,0.0,0.0,0.0,2.0,0.0
603022,0.0,0.0,0.0,0.0,0.0,0.0,0.0
603778,0.0,0.0,1.0,0.0,0.0,0.0,0.0
603781,0.0,0.0,1.0,0.0,0.0,1.0,0.0
604281,0.0,0.0,1.0,0.0,0.0,0.0,0.0
604560,0.0,0.0,1.0,0.0,0.0,1.0,0.0
605060,0.0,0.0,1.0,0.0,0.0,0.0,0.0
605226,0.0,0.0,1.0,0.0,0.0,1.0,0.0
605726,0.0,0.0,1.0,0.0,0.0,0.0,0.0
605772,0.0,0.0,1.0,0.0,0.0,1.0,0.0
605774,0.0,0.0,1.0,0.0,0.0,2.0,0.0
606274,0.0,0.0,1.0,0.0,0.0,0.0,0.0
606512,0.0,0.0,1.0,0.0,0.0,1.0,0.0
606513,0.0,0.0,1.0,0.0,1.0,1.0,0.0
606514,0.0,0.0,1.0,0.0,1.0,2.0,0.0
606518,0.0,0.0,1.0,0.0,2.0,2.0,0.0
606880,0.0,0.0,2.0,0.0,2.0,2.0,0.0
607014,0.0,0.0,2.0,0.0,2.0,0.0,0.0
607018,0.0,0.0,2.0,0.0,0.0,0.0,0.0
607380,0.0,0.0,0.0,0.0,0.0,0.0,0.0
608814,0.0,0.0,0.0,0.0,0.0,1.0,0.0
609314,0.0,0.0,0.0,0.0,0.0,0.0,0.0
609583,0.0,0.0,1.0,0.0,0.0,0.0,0.0
609588,0.0,0.0,1.0,0.0,0.0,1.0,0.0
610088,0.0,0.0,1.0,0.0,0.0,0.0,0.0
610524,0.0,2.0,1.0,0.0,0.0,0.0,0.0
610531,0.0,2.0,2.0,0.0,0.0,0.0,0.0
610540,0.0,2.0,2.0,0.0,0.0,1.0,0.0
610759,0.0,2.0,2.0,0.0,0.0,2.0,0.0
611024,0.0,0.0,2.0,0.0,0.0,2.0,0.0
611031,0.0,0.0,0.0,0.0,0.0,2.0,0.0
611259,0.0,0.0,0.0,0.0,0.0,0.0,0.0
611342,0.0,0.0,0.0,0.0,0.0,1.0,0.0
611842,0.0,0.0,0.0,0.0,0.0,0.0,0.0
611873,0.0,0.0,0.0,0.0,0.0,1.0,0.0
612373,0.0,0.0,0.0,0.0,0.0,0.0,0.0
612402,0.0,0.0,0.0,0.0,0.0,1.0,0.0
612408,0.0,0.0,0.0,0.0,0.0,2.0,0.0
612908,0.0,0.0,0.0,0.0,0.0,0.0,0.0
613765,0.0,0.0,0.0,0.0,0.0,1.0,0.0
614265,0.0,0.0,0.0,0.0,0.0,0.0,0.0
614375,0.0,0.0,0.0,0.0,0.0,1.0,0.0
614379,0.0,0.0,0.0,0.0,0.0,2.0,0.0
614737,0.0,0.0,1.0,0.0,0.0,2.0,0.0
614879,0.0,0.0,1.0,0.0,0.0,0.0,0.0
615157,0.0,0.0,1.0,0.0,0.0,1.0,0.0
615657,0.0,0.0,1.0,0.0,0.0,0.0,0.0
615868,0.0,0.0,1.0,0.0,0.0,1.0,0.0
616277,0.0,2.0,1.0,0.0,0.0,1.0,0.0
616368,0.0,2.0,1.0,0.0,0.0,0.0,0.0
616777,0.0,0.0,1.0,0.0,0.0,0.0,0.0
617781,0.0,0.0,1.0,0.0,0.0,1.0,0.0
618237,0.0,0.0,0.0,0.0,0.0,1.0,0.0
618281,0.0,0.0,0.0,0.0,0.0,0.0,0.0
618573,0.0,0.0,0.0,0.0,0.0,1.0,0.0
619073,0.0,0.0,0.0,0.0,0.0,0.0,0.0
619090,0.0,0.0,0.0,0.0,0.0,1.0,0.0
619564,0.0,0.0,1.0,0.0,0.0,1.0,0.0
619590,0.0,0.0,1.0,0.0,0.0,0.0,0.0
619852,0.0,2.0,1.0,0.0,0.0,0.0,0.0
619882,0.0,2.0,1.0,0.0,0.0,1.0,0.0
619884,0.0,2.0,1.0,0.0,0.0,2.0,0.0
620352,0.0,0.0,1.0,0.0,0.0,2.0,0.0
620384,0.0,0.0,1.0,0.0,0.0,0.0,0.0
620652,0.0,0.0,1.0,0.0,0.0,1.0,0.0
620657,0.0,0.0,1.0,0.0,0.0,2.0,0.0
621157,0.0,0.0,1.0,0.0,0.0,0.0,0.0
621427,0.0,0.0,1.0,0.0,0.0,1.0,0.0
621461,0.0,0.0,1.0,0.0,0.0,2.0,0.0
621961,0.0,0.0,1.0,0.0,0.0,0.0,0.0
622163,0.0,0.0,1.0,0.0,0.0,1.0,0.0
622663,0.0,0.0,1.0,0.0,0.0,0.0,0.0
622743,0.0,0.0,1.0,0.0,0.0,1.0,0.0
623082,0.0,0.0,1.0,0.0,0.0,2.0,0.0
623582,0.0,0.0,1.0,0.0,0.0,0.0,0.0
624153,0.0,0.0,1.0,0.0,0.0,1.0,0.0
624155,0.0,0.0,1.0,0.0,0.0,2.0,0.0
624655,0.0,0.0,1.0,0.0,0.0,0.0,0.0
624804,0.0,0.0,1.0,0.0,0.0,1.0,0.0
624838,0.0,0.0,1.0,0.0,0.0,2.0,0.0
625338,0.0,0.0,1.0,0.0,0.0,0.0,0.0
625838,0.0,0.0,1.0,0.0,0.0,1.0,0.0
626080,0.0,0.0,1.0,0.0,0.0,2.0,0.0
626580,0.0,0.0,1.0,0.0,0.0,0.0,0.0
628012,0.0,0.0,1.0,0.0,0.0,1.0,0.0
628512,0.0,0.0,1.0,0.0,0.0,0.0,0.0
628927,0.0,0.0,1.0,0.0,0.0,1.0,0.0
629039,0.0,0.0,1.0,0.0,0.0,2.0,0.0
629539,0.0,0.0,1.0,0.0,0.0,0.0,0.0
632014,0.0,0.0,1.0,0.0,0.0,1.0,0.0
632016,0.0,0.0,1.0,0.0,0.0,2.0,0.0
632516,0.0,0.0,1.0,0.0,0.0,0.0,0.0
632525,0.0,0.0,1.0,0.0,0.0,1.0,0.0
633025,0.0,0.0,1.0,0.0,0.0,0.0,0.0
633085,0.0,0.0,1.0,0.0,0.0,1.0,0.0
633585,0.0,0.0,1.0,0.0,0.0,0.0,0.0
633586,0.0,0.0,1.0,0.0,0.0,1.0,0.0
633588,0.0,0.0,1.0,0.0,0.0,2.0,0.0
634088,0.0,0.0,1.0,0.0,0.0,0.0,0.0
634160,0.0,0.0,1.0,0.0,0.0,1.0,0.0
634660,0.0,0.0,1.0,0.0,0.0,0.0,0.0
635740,0.0,0.0,1.0,0.0,0.0,1.0,0.0
636240,0.0,0.0,1.0,0.0,0.0,0.0,0.0
636556,0.0,0.0,1.0,0.0,0.0,1.0,0.0
637056,0.0,0.0,1.0,0.0,0.0,0.0,0.0
637238,0.0,0.0,1.0,0.0,0.0,1.0,0.0
637240,0.0,0.0,1.0,0.0,0.0,2.0,0.0
637740,0.0,0.0,1.0,0.0,0.0,0.0,0.0
637940,0.0,0.0,1.0,0.0,0.0,1.0,0.0
637942,0.0,0.0,1.0,0.0,0.0,2.0,0.0
638442,0.0,0.0,1.0,0.0,0.0,0.0,0.0
638525,0.0,0.0,1.0,0.0,0.0,1.0,0.0
639025,0.0,0.0,1.0,0.0,0.0,0.0,0.0
639437,0.0,0.0,1.0,0.0,0.0,1.0,0.0
639453,0.0,0.0,1.0,0.0,0.0,2.0,0.0
639953,0.0,0.0,1.0,0.0,0.0,0.0,0.0
640765,0.0,0.0,1.0,0.0,0.0,1.0,0.0
641265,0.0,0.0,1.0,0.0,0.0,0.0,0.0
641528,0.0,0.0,1.0,0.0,0.0,1.0,0.0
641656,0.0,0.0,1.0,0.0,0.0,2.0,0.0
642156,0.0,0.0,1.0,0.0,0.0,0.0,0.0
642826,0.0,0.0,1.0,0.0,0.0,1.0,0.0
643326,0.0,0.0,1.0,0.0,0.0,0.0,0.0
643377,0.0,0.0,1.0,0.0,0.0,1.0,0.0
643877,0.0,0.0,1.0,0.0,0.0,0.0,0.0
644112,0.0,0.0,1.0,0.0,0.0,1.0,0.0
644612,0.0,0.0,1.0,0.0,0.0,0.0,0.0
644614,0.0,0.0,1.0,0.0,0.0,1.0,0.0
644616,0.0,0.0,1.0,0.0,0.0,2.0,0.0
645116,0.0,0.0,1.0,0.0,0.0,0.0,0.0
645532,0.0,0.0,1.0,0.0,0.0,1.0,0.0
645861,0.0,0.0,1.0,0.0,0.0,2.0,0.0
646361,0.0,0.0,1.0,0.0,0.0,0.0,0.0
647308,0.0,0.0,1.0,0.0,0.0,1.0,0.0
647317,0.0,0.0,1.0,0.0,0.0,2.0,0.0
647817,0.0,0.0,1.0,0.0,0.0,0.0,0.0
648016,0.0,0.0,1.0,0.0,0.0,1.0,0.0
648516,0.0,0.0,1.0,0.0,0.0,0.0,0.0
649038,0.0,0.0,1.0,0.0,0.0,1.0,0.0
649538,0.0,0.0,1.0,0.0,0.0,0.0,0.0
650098,0.0,0.0,1.0,0.0,0.0,1.0,0.0
650100,0.0,0.0,1.0,0.0,0.0,2.0,0.0
650600,0.0,0.0,1.0,0.0,0.0,0.0,0.0
650952,0.0,0.0,1.0,0.0,0.0,1.0,0.0
651452,0.0,0.0,1.0,0.0,0.0,0.0,0.0
652249,0.0,0.0,1.0,0.0,0.0,1.0,0.0
652749,0.0,0.0,1.0,0.0,0.0,0.0,0.0
652984,0.0,0.0,1.0,0.0,0.0,1.0,0.0
653484,0.0,0.0,1.0,0.0,0.0,0.0,0.0
653662,0.0,0.0,1.0,0.0,0.0,1.0,0.0
654162,0.0,0.0,1.0,0.0,0.0,0.0,0.0
654362,0.0,0.0,1.0,0.0,0.0,1.0,0.0
654862,0.0,0.0,1.0,0.0,0.0,0.0,0.0
655886,0.0,0.0,1.0,0.0,0.0,1.0,0.0
655888,0.0,0.0,1.0,0.0,0.0,2.0,0.0
656388,0.0,0.0,1.0,0.0,0.0,0.0,0.0
656743,0.0,0.0,1.0,0.0,0.0,1.0,0.0
656831,0.0,0.0,1.0,0.0,0.0,2.0,0.0
657331,0.0,0.0,1.0,0.0,0.0,0.0,0.0
658092,0.0,0.0,1.0,0.0,0.0,1.0,0.0
658095,0.0,0.0,1.0,0.0,0.0,2.0,0.0
658595,0.0,0.0,1.0,0.0,0.0,0.0,0.0
658983,0.0,0.0,1.0,0.0,0.0,1.0,0.0
658986,0.0,0.0,1.0,0.0,0.0,2.0,0.0
659486,0.0,0.0,1.0,0.0,0.0,0.0,0.0
660501,0.0,0.0,1.0,0.0,0.0,1.0,0.0
661001,0.0,0.0,1.0,0.0,0.0,0.0,0.0
661215,0.0,0.0,1.0,0.0,0.0,1.0,0.0
661715,0.0,0.0,1.0,0.0,0.0,0.0,0.0
663339,0.0,0.0,1.0,0.0,0.0,1.0,0.0
663614,0.0,0.0,1.0,0.0,0.0,2.0,0.0
664114,0.0,0.0,1.0,0.0,0.0,0.0,0.0
664360,0.0,0.0,1.0,0.0,0.0,1.0,0.0
664815,0.0,0.0,1.0,0.0,0.0,2.0,0.0
665315,0.0,0.0,1.0,0.0,0.0,0.0,0.0
665389,0.0,0.0,1.0,0.0,0.0,1.0,0.0
665889,0.0,0.0,1.0,0.0,0.0,0.0,0.0
667272,0.0,0.0,1.0,0.0,0.0,1.0,0.0
667772,0.0,0.0,1.0,0.0,0.0,0.0,0.0
668248,0.0,0.0,1.0,0.0,0.0,1.0,0.0
668748,0.0,0.0,1.0,0.0,0.0,0.0,0.0
668959,0.0,0.0,1.0,0.0,0.0,1.0,0.0
669459,0.0,0.0,1.0,0.0,0.0,0.0,0.0
669651,0.0,0.0,1.0,0.0,0.0,1.0,0.0
669927,0.0,0.0,1.0,0.0,0.0,2.0,0.0
670427,0.0,0.0,1.0,0.0,0.0,0.0,0.0
670834,0.0,0.0,1.0,0.0,0.0,1.0,0.0
670989,0.0,0.0,1.0,0.0,0.0,2.0,0.0
671489,0.0,0.0,1.0,0.0,0.0,0.0,0.0
672362,0.0,0.0,1.0,0.0,0.0,1.0,0.0
672862,0.0,0.0,1.0,0.0,0.0,0.0,0.0
673425,0.0,0.0,1.0,0.0,0.0,1.0,0.0
673428,0.0,0.0,1.0,0.0,0.0,2.0,0.0
673928,0.0,0.0,1.0,0.0,0.0,0.0,0.0
674485,0.0,0.0,1.0,0.0,0.0,1.0,0.0
674985,0.0,0.0,1.0,0.0,0.0,0.0,0.0
675054,0.0,0.0,1.0,0.0,0.0,1.0,0.0
675554,0.0,0.0,1.0,0.0,0.0,0.0,0.0
675803,0.0,0.0,1.0,0.0,0.0,1.0,0.0
676303,0.0,0.0,1.0,0.0,0.0,0.0,0.0
676472,0.0,0.0,1.0,0.0,0.0,1.0,0.0
676474,0.0,0.0,1.0,0.0,1.0,2.0,0.0
676974,0.0,0.0,1.0,0.0,0.0,0.0,0.0
677180,0.0,0.0,1.0,0.0,0.0,1.0,0.0
677183,0.0,0.0,1.0,0.0,0.0,2.0,0.0
677683,0.0,0.0,1.0,0.0,0.0,0.0,0.0
678103,0.0,0.0,1.0,0.0,0.0,1.0,0.0
678603,0.0,0.0,1.0,0.0,0.0,0.0,0.0
678605,0.0,0.0,1.0,0.0,0.0,1.0,0.0
678607,0.0,0.0,1.0,0.0,0.0,2.0,0.0
679107,0.0,0.0,1.0,0.0,0.0,0.0,0.0
680028,0.0,0.0,1.0,0.0,0.0,1.0,0.0
680528,0.0,0.0,1.0,0.0,0.0,0.0,0.0
680867,0.0,0.0,1.0,0.0,0.0,1.0,0.0
681303,0.0,0.0,1.0,0.0,1.0,1.0,0.0
681307,0.0,0.0,1.0,0.0,2.0,1.0,0.0
681367,0.0,0.0,1.0,0.0,2.0,0.0,0.0
681392,0.0,0.0,1.0,0.0,2.0,1.0,0.0
681807,0.0,0.0,1.0,0.0,0.0,1.0,0.0
681892,0.0,0.0,1.0,0.0,0.0,0.0,0.0
682182,0.0,0.0,1.0,0.0,0.0,1.0,0.0
682682,0.0,0.0,1.0,0.0,0.0,0.0,0.0
683317,0.0,0.0,1.0,0.0,0.0,1.0,0.0
683817,0.0,0.0,1.0,0.0,0.0,0.0,0.0
683962,0.0,0.0,1.0,0.0,0.0,1.0,0.0
684175,0.0,0.0,1.0,0.0,0.0,2.0,0.0
684675,0.0,0.0,1.0,0.0,0.0,0.0,0.0
685047,0.0,0.0,1.0,0.0,0.0,1.0,0.0
685547,0.0,0.0,1.0,0.0,0.0,0.0,0.0
686520,0.0,0.0,1.0,0.0,0.0,1.0,0.0
686794,0.0,0.0,1.0,0.0,0.0,2.0,0.0
687294,0.0,0.0,1.0,0.0,0.0,0.0,0.0
688108,0.0,0.0,1.0,0.0,0.0,1.0,0.0
688480,0.0,0.0,1.0,0.0,0.0,2.0,0.0
688980,0.0,0.0,1.0,0.0,0.0,0.0,0.0
688998,0.0,0.0,1.0,0.0,0.0,1.0,0.0
689013,0.0,0.0,1.0,0.0,0.0,2.0,0.0
689513,0.0,0.0,1.0,0.0,0.0,0.0,0.0
690558,0.0,0.0,1.0,0.0,0.0,1.0,0.0
691058,0.0,0.0,1.0,0.0,0.0,0.0,0.0
691123,0.0,0.0,1.0,0.0,0.0,1.0,0.0
691623,0.0,0.0,1.0,0.0,0.0,0.0,0.0
692529,0.0,0.0,1.0,0.0,0.0,1.0,0.0
692533,0.0,0.0,1.0,0.0,0.0,2.0,0.0
693033,0.0,0.0,1.0,0.0,0.0,0.0,0.0
693948,0.0,0.0,1.0,0.0,0.0,1.0,0.0
693986,0.0,0.0,1.0,0.0,0.0,2.0,0.0
694486,0.0,0.0,1.0,0.0,0.0,0.0,0.0
695092,0.0,0.0,1.0,0.0,0.0,1.0,0.0
695592,0.0,0.0,1.0,0.0,0.0,0.0,0.0
695633,0.0,0.0,1.0,0.0,0.0,1.0,0.0
696133,0.0,0.0,1.0,0.0,0.0,0.0,0.0
696241,0.0,0.0,1.0,0.0,0.0,1.0,0.0
696741,0.0,0.0,1.0,0.0,0.0,0.0,0.0
696749,0.0,0.0,1.0,0.0,0.0,1.0,0.0
697249,0.0,0.0,1.0,0.0,0.0,0.0,0.0
697275,0.0,0.0,1.0,0.0,0.0,1.0,0.0
697775,0.0,0.0,1.0,0.0,0.0,0.0,0.0
697803,0.0,0.0,1.0,0.0,0.0,1.0,0.0
697820,0.0,0.0,1.0,0.0,0.0,2.0,0.0
698320,0.0,0.0,1.0,0.0,0.0,0.0,0.0
698333,0.0,0.0,1.0,0.0,0.0,1.0,0.0
698337,0.0,0.0,1.0,0.0,0.0,2.0,0.0
698837,0.0,0.0,1.0,0.0,0.0,0.0,0.0
700459,0.0,0.0,1.0,0.0,0.0,1.0,0.0
700471,0.0,0.0,1.0,0.0,0.0,2.0,0.0
700971,0.0,0.0,1.0,0.0,0.0,0.0,0.0
702564,0.0,0.0,0.0,0.0,0.0,0.0,0.0
706173,0.0,0.0,0.0,0.0,0.0,1.0,0.0
706673,0.0,0.0,0.0,0.0,0.0,0.0,0.0
710935,0.0,0.0,0.0,0.0,0.0,1.0,0.0
711435,0.0,0.0,0.0,0.0,0.0,0.0,0.0
713058,0.0,0.0,0.0,0.0,0.0,1.0,0.0
713060,0.0,0.0,0.0,0.0,0.0,2.0,0.0
713560,0.0,0.0,0.0,0.0,0.0,0.0,0.0
718919,0.0,0.0,0.0,0.0,0.0,1.0,0.0
718923,0.0,0.0,0.0,0.0,0.0,2.0,0.0
719423,0.0,0.0,0.0,0.0,0.0,0.0,0.0
720109,0.0,0.0,0.0,0.0,0.0,1.0,0.0
720116,0.0,0.0,0.0,0.0,0.0,2.0,0.0
720616,0.0,0.0,0.0,0.0,0.0,0.0,0.0
721383,0.0,0.0,0.0,0.0,0.0,1.0,0.0
721385,0.0,0.0,0.0,0.0,0.0,2.0,0.0
721387,0.0,0.0,0.0,0.0,1.0,2.0,0.0
721885,0.0,0.0,0.0,0.0,1.0,0.0,0.0
721887,0.0,0.0,0.0,0.0,0.0,0.0,0.0
724936,0.0,0.0,0.0,0.0,0.0,1.0,0.0
724939,0.0,0.0,0.0,0.0,0.0,2.0,0.0
725439,0.0,0.0,0.0,0.0,0.0,0.0,0.0
727289,0.0,0.0,0.0,0.0,0.0,1.0,0.0
727789,0.0,0.0,0.0,0.0,0.0,0.0,0.0
727905,0.0,0.0,0.0,0.0,0.0,1.0,0.0
728405,0.0,0.0,0.0,0.0,0.0,0.0,0.0
729712,0.0,0.0,0.0,0.0,0.0,1.0,0.0
730212,0.0,0.0,0.0,0.0,0.0,0.0,0.0
732067,0.0,0.0,0.0,0.0,0.0,1.0,0.0
732567,0.0,0.0,0.0,0.0,0.0,0.0,0.0
734141,0.0,0.0,0.0,0.0,0.0,1.0,0.0
734641,0.0,0.0,0.0,0.0,0.0,0.0,0.0
734908,0.0,0.0,0.0,0.0,0.0,1.0,0.0
735050,0.0,0.0,0.0,0.0,1.0,1.0,0.0
735408,0.0,0.0,0.0,0.0,1.0,0.0,0.0
735513,0.0,0.0,0.0,0.0,1.0,1.0,0.0
735550,0.0,0.0,0.0,0.0,0.0,1.0,0.0
736013,0.0,0.0,0.0,0.0,0.0,0.0,0.0
739057,0.0,0.0,0.0,0.0,0.0,1.0,0.0
739539,0.0,0.0,0.0,0.0,0.0,2.0,0.0
740039,0.0,0.0,0.0,0.0,0.0,0.0,0.0
740777,0.0,0.0,0.0,0.0,0.0,1.0,0.0
741277,0.0,0.0,0.0,0.0,0.0,0.0,0.0
746349,0.0,0.0,0.0,0.0,0.0,1.0,0.0
746849,0.0,0.0,0.0,0.0,0.0,0.0,0.0
747063,0.0,0.0,0.0,0.0,0.0,1.0,0.0
747563,0.0,0.0,0.0,0.0,0.0,0.0,0.0
750465,0.0,0.0,0.0,0.0,0.0,1.0,0.0
750469,0.0,0.0,0.0,0.0,0.0,2.0,0.0
750969,0.0,0.0,0.0,0.0,0.0,0.0,0.0
752349,0.0,0.0,0.0,0.0,0.0,1.0,0.0
752849,0.0,0.0,0.0,0.0,0.0,0.0,0.0
754779,0.0,0.0,0.0,0.0,0.0,1.0,0.0
755279,0.0,0.0,0.0,0.0,0.0,0.0,0.0
756523,0.0,0.0,0.0,0.0,0.0,1.0,0.0
757023,0.0,0.0,0.0,0.0,0.0,0.0,0.0
757027,0.0,0.0,0.0,0.0,0.0,1.0,0.0
757527,0.0,0.0,0.0,0.0,0.0,0.0,0.0
757721,0.0,0.0,0.0,0.0,0.0,1.0,0.0
758221,0.0,0.0,0.0,0.0,0.0,0.0,0.0
759238,0.0,0.0,0.0,0.0,0.0,1.0,0.0
759239,0.0,0.0,0.0,0.0,0.0,2.0,0.0
759739,0.0,0.0,0.0,0.0,0.0,0.0,0.0
763778,0.0,0.0,0.0,0.0,0.0,1.0,0.0
764278,0.0,0.0,0.0,0.0,0.0,0.0,0.0
764585,0.0,0.0,0.0,0.0,0.0,1.0,0.0
765085,0.0,0.0,0.0,0.0,0.0,0.0,0.0
766214,0.0,0.0,0.0,0.0,0.0,1.0,0.0
766714,0.0,0.0,0.0,0.0,0.0,0.0,0.0
767186,0.0,0.0,0.0,0.0,0.0,1.0,0.0
767686,0.0,0.0,0.0,0.0,0.0,0.0,0.0
767828,0.0,0.0,0.0,0.0,0.0,1.0,0.0
768328,0.0,0.0,0.0,0.0,0.0,0.0,0.0
769057,0.0,0.0,0.0,0.0,0.0,1.0,0.0
769557,0.0,0.0,0.0,0.0,0.0,0.0,0.0
771663,0.0,0.0,0.0,0.0,0.0,1.0,0.0
772163,0.0,0.0,0.0,0.0,0.0,0.0,0.0
773864,0.0,0.0,0.0,0.0,0.0,1.0,0.0
773866,0.0,0.0,0.0,0.0,0.0,2.0,0.0
774366,0.0,0.0,0.0,0.0,0.0,0.0,0.0
777628,0.0,0.0,0.0,0.0,0.0,1.0,0.0
778128,0.0,0.0,0.0,0.0,0.0,0.0,0.0
779793,0.0,0.0,0.0,0.0,0.0,1.0,0.0
780293,0.0,0.0,0.0,0.0,0.0,0.0,0.0
780846,0.0,0.0,0.0,0.0,0.0,1.0,0.0
781346,0.0,0.0,0.0,0.0,0.0,0.0,0.0
782173,0.0,0.0,0.0,0.0,0.0,1.0,0.0
782673,0.0,0.0,0.0,0.0,0.0,0.0,0.0
783527,0.0,0.0,0.0,0.0,0.0,1.0,0.0
783528,0.0,0.0,0.0,0.0,0.0,2.0,0.0
784028,0.0,0.0,0.0,0.0,0.0,0.0,0.0
788510,0.0,0.0,0.0,0.0,0.0,1.0,0.0
789010,0.0,0.0,0.0,0.0,0.0,0.0,0.0
792609,0.0,0.0,0.0,0.0,0.0,1.0,0.0
793109,0.0,0.0,0.0,0.0,0.0,0.0,0.0
794429,0.0,0.0,0.0,0.0,0.0,1.0,0.0
794929,0.0,0.0,0.0,0.0,0.0,0.0,0.0
795370,0.0,0.0,0.0,0.0,0.0,1.0,0.0
795870,0.0,0.0,0.0,0.0,0.0,0.0,0.0
796933,0.0,0.0,0.0,0.0,0.0,1.0,0.0
797433,0.0,0.0,0.0,0.0,0.0,0.0,0.0
799571,0.0,0.0,0.0,0.0,0.0,1.0,0.0
800071,0.0,0.0,0.0,0.0,0.0,0.0,0.0
800700,0.0,0.0,0.0,0.0,0.0,0.0,1.0
800881,0.0,0.0,0.0,0.0,0.0,1.0,1.0
800910,0.0,0.0,0.0,0.0,0.0,2.0,1.0
800991,2.0,0.0,0.0,0.0,0.0,2.0,1.0
801082,2.0,0.0,0.0,0.0,1.0,2.0,1.0
801124,2.0,0.0,0.0,0.0,2.0,2.0,1.0
801200,2.0,0.0,0.0,0.0,2.0,2.0,0.0
801410,2.0,0.0,0.0,0.0,2.0,0.0,0.0
801437,2.0,2.0,0.0,0.0,2.0,1.0,0.0
801439,2.0,2.0,0.0,0.0,2.0,2.0,0.0
801491,0.0,2.0,0.0,0.0,2.0,2.0,0.0
801624,0.0,2.0,0.0,0.0,0.0,2.0,0.0
801919,2.0,2.0,0.0,0.0,0.0,2.0,0.0
801937,2.0,0.0,0.0,0.0,0.0,2.0,0.0
801939,2.0,0.0,0.0,0.0,0.0,0.0,0.0
802419,0.0,0.0,0.0,0.0,0.0,0.0,0.0
803334,0.0,0.0,1.0,0.0,0.0,0.0,0.0
803468,0.0,0.0,1.0,0.0,0.0,1.0,0.0
803968,0.0,0.0,1.0,0.0,0.0,0.0,0.0
805520,0.0,0.0,1.0,0.0,0.0,1.0,0.0
806020,0.0,0.0,1.0,0.0,0.0,0.0,0.0
806308,0.0,0.0,2.0,0.0,0.0,0.0,0.0
806427,0.0,0.0,2.0,0.0,0.0,1.0,0.0
806625,0.0,0.0,2.0,0.0,0.0,2.0,0.0
806808,0.0,0.0,0.0,0.0,0.0,2.0,0.0
806857,0.0,0.0,1.0,0.0,0.0,2.0,0.0
807125,0.0,0.0,1.0,0.0,0.0,0.0,0.0
807357,0.0,0.0,0.0,0.0,0.0,0.0,0.0
807892,0.0,0.0,0.0,0.0,0.0,1.0,0.0
808392,0.0,0.0,0.0,0.0,0.0,0.0,0.0
810135,0.0,0.0,0.0,0.0,0.0,1.0,0.0
810244,0.0,0.0,0.0,0.0,0.0,2.0,0.0
810250,0.0,0.0,0.0,0.0,1.0,2.0,0.0
810310,0.0,0.0,0.0,0.0,2.0,2.0,0.0
810744,0.0,0.0,0.0,0.0,2.0,0.0,0.0
810810,0.0,0.0,0.0,0.0,0.0,0.0,0.0
811530,0.0,0.0,0.0,0.0,0.0,1.0,0.0
811560,0.0,0.0,0.0,0.0,0.0,2.0,0.0
812060,0.0,0.0,0.0,0.0,0.0,0.0,0.0
813005,0.0,0.0,0.0,0.0,0.0,1.0,0.0
813010,0.0,0.0,0.0,0.0,0.0,2.0,0.0
813510,0.0,0.0,0.0,0.0,0.0,0.0,0.0
814769,0.0,0.0,0.0,0.0,0.0,1.0,0.0
815269,0.0,0.0,0.0,0.0,0.0,0.0,0.0
815749,0.0,0.0,0.0,0.0,0.0,1.0,0.0
815784,0.0,0.0,0.0,0.0,0.0,2.0,0.0
816284,0.0,0.0,0.0,0.0,0.0,0.0,0.0
816734,0.0,0.0,0.0,0.0,0.0,1.0,0.0
816740,0.0,0.0,0.0,0.0,0.0,2.0,0.0
817240,0.0,0.0,0.0,0.0,0.0,0.0,0.0
817764,0.0,0.0,0.0,0.0,0.0,1.0,0.0
817925,0.0,0.0,0.0,0.0,0.0,2.0,0.0
818425,0.0,0.0,0.0,0.0,0.0,0.0,0.0
819064,0.0,0.0,0.0,0.0,0.0,1.0,0.0
819077,0.0,0.0,0.0,0.0,0.0,2.0,0.0
819577,0.0,0.0,0.0,0.0,0.0,0.0,0.0
820060,0.0,0.0,0.0,0.0,0.0,1.0,0.0
820560,0.0,0.0,0.0,0.0,0.0,0.0,0.0
821004,0.0,0.0,0.0,0.0,0.0,1.0,0.0
821504,0.0,0.0,0.0,0.0,0.0,0.0,0.0
821544,0.0,0.0,0.0,0.0,0.0,1.0,0.0
822044,0.0,0.0,0.0,0.0,0.0,0.0,0.0
823644,0.0,0.0,0.0,0.0,0.0,1.0,0.0
823653,0.0,0.0,0.0,0.0,0.0,2.0,0.0
824153,0.0,0.0,0.0,0.0,0.0,0.0,0.0
824421,0.0,0.0,0.0,0.0,0.0,1.0,0.0
824921,0.0,0.0,0.0,0.0,0.0,0.0,0.0
825257,0.0,0.0,0.0,0.0,0.0,1.0,0.0
825757,0.0,0.0,0.0,0.0,0.0,0.0,0.0
826448,0.0,0.0,0.0,0.0,0.0,1.0,0.0
826642,0.0,0.0,0.0,0.0,0.0,2.0,0.0
826927,0.0,2.0,0.0,0.0,0.0,2.0,0.0
827142,0.0,2.0,0.0,0.0,0.0,0.0,0.0
827427,0.0,0.0,0.0,0.0,0.0,0.0,0.0
828367,0.0,0.0,0.0,0.0,0.0,1.0,0.0
828867,0.0,0.0,0.0,0.0,0.0,0.0,0.0
829074,0.0,0.0,0.0,0.0,0.0,1.0,0.0
829574,0.0,0.0,0.0,0.0,0.0,0.0,0.0
829973,0.0,0.0,0.0,0.0,0.0,1.0,0.0
830412,0.0,0.0,0.0,0.0,0.0,2.0,0.0
830912,0.0,0.0,0.0,0.0,0.0,0.0,0.0
831758,0.0,0.0,0.0,0.0,0.0,1.0,0.0
832258,0.0,0.0,0.0,0.0,0.0,0.0,0.0
832368,0.0,0.0,0.0,0.0,0.0,1.0,0.0
832728,0.0,0.0,0.0,0.0,0.0,2.0,0.0
833228,0.0,0.0,0.0,0.0,0.0,0.0,0.0
833297,0.0,0.0,0.0,0.0,0.0,1.0,0.0
833797,0.0,0.0,0.0,0.0,0.0,0.0,0.0
834812,0.0,0.0,0.0,0.0,0.0,1.0,0.0
835312,0.0,0.0,0.0,0.0,0.0,0.0,0.0
835612,0.0,0.0,0.0,0.0,0.0,1.0,0.0
836112,0.0,0.0,0.0,0.0,0.0,0.0,0.0
837119,0.0,0.0,0.0,0.0,0.0,1.0,0.0
837619,0.0,0.0,0.0,0.0,0.0,0.0,0.0
837660,0.0,0.0,0.0,0.0,0.0,1.0,0.0
837667,0.0,0.0,0.0,0.0,0.0,2.0,0.0
838167,0.0,0.0,0.0,0.0,0.0,0.0,0.0
840730,0.0,0.0,0.0,0.0,0.0,1.0,0.0
841230,0.0,0.0,0.0,0.0,0.0,0.0,0.0
841400,0.0,0.0,0.0,0.0,0.0,1.0,0.0
841761,0.0,0.0,0.0,0.0,0.0,2.0,0.0
842261,0.0,0.0,0.0,0.0,0.0,0.0,0.0
843008,0.0,0.0,0.0,0.0,0.0,1.0,0.0
843508,0.0,0.0,0.0,0.0,0.0,0.0,0.0
843777,0.0,0.0,0.0,0.0,0.0,1.0,0.0
843780,0.0,0.0,0.0,0.0,0.0,2.0,0.0
844280,0.0,0.0,0.0,0.0,0.0,0.0,0.0
844618,0.0,0.0,0.0,0.0,0.0,1.0,0.0
844632,0.0,0.0,0.0,0.0,0.0,2.0,0.0
845132,0.0,0.0,0.0,0.0,0.0,0.0,0.0
846131,0.0,0.0,0.0,0.0,0.0,1.0,0.0
846133,0.0,0.0,0.0,0.0,0.0,2.0,0.0
846633,0.0,0.0,0.0,0.0,0.0,0.0,0.0
847602,0.0,0.0,0.0,0.0,0.0,1.0,0.0
847896,0.0,0.0,0.0,0.0,0.0,2.0,0.0
848396,0.0,0.0,0.0,0.0,0.0,0.0,0.0
848779,0.0,0.0,0.0,0.0,0.0,1.0,0.0
848783,0.0,0.0,0.0,0.0,0.0,2.0,0.0
848852,0.0,0.0,0.0,0.0,1.0,2.0,0.0
848855,0.0,0.0,0.0,0.0,2.0,2.0,0.0
849283,0.0,0.0,0.0,0.0,2.0,0.0,0.0
849355,0.0,0.0,0.0,0.0,0.0,0.0,0.0
850412,0.0,0.0,0.0,0.0,0.0,1.0,0.0
850912,0.0,0.0,0.0,0.0,0.0,0.0,0.0
850928,0.0,0.0,0.0,0.0,0.0,1.0,0.0
851428,0.0,0.0,0.0,0.0,0.0,0.0,0.0
851460,0.0,0.0,0.0,0.0,0.0,1.0,0.0
851960,0.0,0.0,0.0,0.0,0.0,0.0,0.0
852126,0.0,0.0,0.0,0.0,1.0,1.0,0.0
852128,0.0,0.0,0.0,0.0,2.0,2.0,0.0
852628,0.0,0.0,0.0,0.0,0.0,0.0,0.0
853421,0.0,0.0,0.0,0.0,0.0,1.0,0.0
853425,0.0,0.0,0.0,0.0,1.0,2.0,0.0
853925,0.0,0.0,0.0,0.0,0.0,0.0,0.0
854243,0.0,0.0,0.0,0.0,0.0,1.0,0.0
854743,0.0,0.0,0.0,0.0,0.0,0.0,0.0
856090,0.0,0.0,0.0,0.0,0.0,1.0,0.0
856092,0.0,0.0,0.0,0.0,0.0,2.0,0.0
856592,0.0,0.0,0.0,0.0,0.0,0.0,0.0
856969,0.0,0.0,0.0,0.0,0.0,1.0,0.0
857469,0.0,0.0,0.0,0.0,0.0,0.0,0.0
857904,0.0,0.0,0.0,0.0,0.0,1.0,0.0
858404,0.0,0.0,0.0,0.0,0.0,0.0,0.0
858798,0.0,0.0,0.0,0.0,0.0,1.0,0.0
859298,0.0,0.0,0.0,0.0,0.0,0.0,0.0
859550,0.0,0.0,0.0,0.0,0.0,1.0,0.0
859646,0.0,0.0,0.0,0.0,0.0,2.0,0.0
860146,0.0,0.0,0.0,0.0,0.0,0.0,0.0
860593,0.0,0.0,0.0,0.0,0.0,1.0,0.0
860595,0.0,0.0,0.0,0.0,0.0,2.0,0.0
861095,0.0,0.0,0.0,0.0,0.0,0.0,0.0
861807,0.0,0.0,0.0,0.0,0.0,1.0,0.0
862307,0.0,0.0,0.0,0.0,0.0,0.0,0.0
863566,0.0,0.0,0.0,0.0,0.0,1.0,0.0
864066,0.0,0.0,0.0,0.0,0.0,0.0,0.0
864394,0.0,0.0,0.0,0.0,0.0,1.0,0.0
864894,0.0,0.0,0.0,0.0,0.0,0.0,0.0
864930,0.0,0.0,0.0,0.0,0.0,1.0,0.0
865391,0.0,0.0,0.0,0.0,0.0,2.0,0.0
865891,0.0,0.0,0.0,0.0,0.0,0.0,0.0
865906,0.0,0.0,0.0,0.0,0.0,1.0,0.0
866318,0.0,0.0,0.0,0.0,0.0,2.0,0.0
866818,0.0,0.0,0.0,0.0,0.0,0.0,0.0
867173,0.0,0.0,0.0,0.0,0.0,1.0,0.0
867177,0.0,0.0,0.0,0.0,0.0,2.0,0.0
867677,0.0,0.0,0.0,0.0,0.0,0.0,0.0
867691,0.0,0.0,0.0,0.0,0.0,1.0,0.0
868191,0.0,0.0,0.0,0.0,0.0,0.0,0.0
868857,0.0,0.0,0.0,0.0,0.0,1.0,0.0
869357,0.0,0.0,0.0,0.0,0.0,0.0,0.0
869859,0.0,0.0,0.0,0.0,0.0,1.0,0.0
870359,0.0,0.0,0.0,0.0,0.0,0.0,0.0
870383,0.0,0.0,0.0,0.0,0.0,1.0,0.0
870883,0.0,0.0,0.0,0.0,0.0,0.0,0.0
870926,0.0,0.0,0.0,0.0,0.0,1.0,0.0
870951,0.0,0.0,0.0,0.0,0.0,2.0,0.0
871451,0.0,0.0,0.0,0.0,0.0,0.0,0.0
872005,0.0,0.0,0.0,0.0,0.0,1.0,0.0
872505,0.0,0.0,0.0,0.0,0.0,0.0,0.0
873134,0.0,0.0,0.0,0.0,0.0,1.0,0.0
873634,0.0,0.0,0.0,0.0,0.0,0.0,0.0
873926,0.0,0.0,0.0,0.0,0.0,1.0,0.0
874426,0.0,0.0,0.0,0.0,0.0,0.0,0.0
875106,0.0,0.0,0.0,0.0,0.0,1.0,0.0
875606,0.0,0.0,0.0,0.0,0.0,0.0,0.0
876092,0.0,0.0,0.0,0.0,0.0,1.0,0.0
876097,0.0,0.0,0.0,0.0,0.0,2.0,0.0
876597,0.0,0.0,0.0,0.0,0.0,0.0,0.0
876900,0.0,0.0,0.0,0.0,0.0,1.0,0.0
877400,0.0,0.0,0.0,0.0,0.0,0.0,0.0
877887,0.0,0.0,0.0,0.0,0.0,1.0,0.0
877899,0.0,0.0,0.0,0.0,0.0,2.0,0.0
878399,0.0,0.0,0.0,0.0,0.0,0.0,0.0
878437,0.0,0.0,0.0,0.0,0.0,1.0,0.0
878937,0.0,0.0,0.0,0.0,0.0,0.0,0.0
878942,0.0,0.0,0.0,0.0,0.0,1.0,0.0
879442,0.0,0.0,0.0,0.0,0.0,0.0,0.0
879509,0.0,0.0,0.0,0.0,0.0,1.0,0.0
879511,0.0,0.0,0.0,0.0,0.0,2.0,0.0
879967,0.0,2.0,0.0,0.0,0.0,2.0,0.0
879968,0.0,2.0,0.0,0.0,1.0,2.0,0.0
880011,0.0,2.0,0.0,0.0,1.0,0.0,0.0
880255,0.0,2.0,0.0,0.0,2.0,0.0,0.0
880459,0.0,2.0,0.0,0.0,2.0,1.0,0.0
880467,0.0,0.0,0.0,0.0,2.0,1.0,0.0
880755,0.0,0.0,0.0,0.0,0.0,1.0,0.0
880959,0.0,0.0,0.0,0.0,0.0,0.0,0.0
881339,0.0,0.0,0.0,0.0,0.0,1.0,0.0
881680,0.0,0.0,0.0,0.0,0.0,2.0,0.0
882180,0.0,0.0,0.0,0.0,0.0,0.0,0.0
882945,0.0,0.0,0.0,0.0,0.0,1.0,0.0
883452,0.0,0.0,0.0,0.0,0.0,2.0,0.0
883952,0.0,0.0,0.0,0.0,0.0,0.0,0.0
884121,0.0,0.0,0.0,0.0,0.0,1.0,0.0
884123,0.0,0.0,0.0,0.0,0.0,2.0,0.0
884623,0.0,0.0,0.0,0.0,0.0,0.0,0.0
885459,0.0,0.0,0.0,0.0,0.0,1.0,0.0
885463,0.0,0.0,0.0,0.0,0.0,2.0,0.0
885963,0.0,0.0,0.0,0.0,0.0,0.0,0.0
885993,0.0,0.0,0.0,0.0,0.0,1.0,0.0
886317,0.0,0.0,0.0,0.0,0.0,2.0,0.0
886354,0.0,0.0,0.0,0.0,1.0,2.0,0.0
886817,0.0,0.0,0.0,0.0,1.0,0.0,0.0
886854,0.0,0.0,0.0,0.0,0.0,0.0,0.0
887081,0.0,0.0,0.0,0.0,0.0,1.0,0.0
887581,0.0,0.0,0.0,0.0,0.0,0.0,0.0
887992,0.0,0.0,0.0,0.0,0.0,1.0,0.0
887994,0.0,0.0,0.0,0.0,0.0,2.0,0.0
887996,0.0,0.0,0.0,0.0,1.0,2.0,0.0
888001,0.0,0.0,0.0,0.0,2.0,2.0,0.0
888494,0.0,0.0,0.0,0.0,2.0,0.0,0.0
888501,0.0,0.0,0.0,0.0,0.0,0.0,0.0
889372,0.0,0.0,0.0,0.0,0.0,1.0,0.0
889872,0.0,0.0,0.0,0.0,0.0,0.0,0.0
890056,0.0,0.0,0.0,0.0,0.0,1.0,0.0
890556,0.0,0.0,0.0,0.0,0.0,0.0,0.0
890649,0.0,0.0,0.0,0.0,0.0,1.0,0.0
891149,0.0,0.0,0.0,0.0,0.0,0.0,0.0
891412,0.0,0.0,0.0,0.0,0.0,1.0,0.0
891912,0.0,0.0,0.0,0.0,0.0,0.0,0.0
891919,0.0,0.0,0.0,0.0,0.0,1.0,0.0
891921,0.0,0.0,0.0,0.0,0.0,2.0,0.0
892421,0.0,0.0,0.0,0.0,0.0,0.0,0.0
892462,0.0,0.0,0.0,0.0,0.0,1.0,0.0
892851,0.0,0.0,0.0,0.0,0.0,2.0,0.0
893351,0.0,0.0,0.0,0.0,0.0,0.0,0.0
894516,0.0,0.0,0.0,0.0,0.0,1.0,0.0
895016,0.0,0.0,0.0,0.0,0.0,0.0,0.0
895078,0.0,0.0,0.0,0.0,0.0,1.0,0.0
895578,0.0,0.0,0.0,0.0,0.0,0.0,0.0
895823,0.0,0.0,0.0,0.0,0.0,1.0,0.0
896323,0.0,0.0,0.0,0.0,0.0,0.0,0.0
896915,0.0,0.0,0.0,0.0,0.0,1.0,0.0
896916,0.0,0.0,0.0,0.0,1.0,1.0,0.0
897415,0.0,0.0,0.0,0.0,1.0,0.0,0.0
897416,0.0,0.0,0.0,0.0,0.0,0.0,0.0
898083,0.0,0.0,0.0,0.0,0.0,1.0,0.0
898583,0.0,0.0,0.0,0.0,0.0,0.0,0.0
900381,0.0,0.0,0.0,0.0,0.0,1.0,0.0
900881,0.0,0.0,0.0,0.0,0.0,0.0,0.0
901636,0.0,0.0,0.0,0.0,0.0,1.0,0.0
902136,0.0,0.0,0.0,0.0,0.0,0.0,0.0
902471,0.0,0.0,0.0,0.0,0.0,1.0,0.0
902971,0.0,0.0,0.0,0.0,0.0,0.0,0.0
902974,0.0,0.0,0.0,0.0,0.0,1.0,0.0
903474,0.0,0.0,0.0,0.0,0.0,0.0,0.0
903559,0.0,0.0,0.0,0.0,0.0,1.0,0.0
903562,0.0,0.0,0.0,0.0,0.0,2.0,0.0
904062,0.0,0.0,0.0,0.0,0.0,0.0,0.0
904979,0.0,0.0,0.0,0.0,0.0,1.0,0.0
904993,0.0,0.0,0.0,0.0,0.0,2.0,0.0
905044,0.0,0.0,0.0,0.0,1.0,2.0,0.0
905493,0.0,0.0,0.0,0.0,1.0,0.0,0.0
905544,0.0,0.0,0.0,0.0,0.0,0.0,0.0
906417,0.0,0.0,0.0,0.0,0.0,1.0,0.0
906917,0.0,0.0,0.0,0.0,0.0,0.0,0.0
908301,0.0,0.0,0.0,0.0,0.0,1.0,0.0
908308,0.0,0.0,0.0,0.0,0.0,2.0,0.0
908808,0.0,0.0,0.0,0.0,0.0,0.0,0.0
909178,0.0,0.0,0.0,0.0,0.0,1.0,0.0
909678,0.0,0.0,0.0,0.0,0.0,0.0,0.0
911680,0.0,0.0,0.0,0.0,0.0,1.0,0.0
912180,0.0,0.0,0.0,0.0,0.0,0.0,0.0
912514,0.0,0.0,0.0,0.0,0.0,1.0,0.0
913014,0.0,0.0,0.0,0.0,0.0,0.0,0.0
916353,0.0,0.0,0.0,0.0,0.0,1.0,0.0
916853,0.0,0.0,0.0,0.0,0.0,0.0,0.0
918977,0.0,0.0,0.0,0.0,0.0,1.0,0.0
918982,0.0,0.0,0.0,0.0,0.0,2.0,0.0
919482,0.0,0.0,0.0,0.0,0.0,0.0,0.0
920485,0.0,0.0,0.0,0.0,0.0,1.0,0.0
920985,0.0,0.0,0.0,0.0,0.0,0.0,0.0
921875,0.0,0.0,0.0,0.0,0.0,1.0,0.0
922375,0.0,0.0,0.0,0.0,0.0,0.0,0.0
925550,0.0,0.0,0.0,0.0,0.0,1.0,0.0
926050,0.0,0.0,0.0,0.0,0.0,0.0,0.0
926342,0.0,0.0,0.0,0.0,0.0,1.0,0.0
926842,0.0,0.0,0.0,0.0,0.0,0.0,0.0
932350,0.0,0.0,0.0,0.0,0.0,1.0,0.0
932850,0.0,0.0,0.0,0.0,0.0,0.0,0.0
942270,0.0,0.0,0.0,0.0,0.0,1.0,0.0
942271,0.0,0.0,0.0,0.0,0.0,2.0,0.0
942771,0.0,0.0,0.0,0.0,0.0,0.0,0.0
944133,0.0,0.0,0.0,0.0,0.0,1.0,0.0
944633,0.0,0.0,0.0,0.0,0.0,0.0,0.0
944784,0.0,0.0,0.0,0.0,0.0,1.0,0.0
945284,0.0,0.0,0.0,0.0,0.0,0.0,0.0
946241,0.0,0.0,0.0,0.0,0.0,1.0,0.0
946741,0.0,0.0,0.0,0.0,0.0,0.0,0.0
947552,0.0,0.0,0.0,0.0,0.0,1.0,0.0
948052,0.0,0.0,0.0,0.0,0.0,0.0,0.0
949728,0.0,0.0,0.0,0.0,0.0,1.0,0.0
950228,0.0,0.0,0.0,0.0,0.0,0.0,0.0
951491,0.0,0.0,0.0,0.0,0.0,1.0,0.0
951494,0.0,0.0,0.0,0.0,0.0,2.0,0.0
951994,0.0,0.0,0.0,0.0,0.0,0.0,0.0
954778,0.0,0.0,0.0,0.0,0.0,1.0,0.0
954779,0.0,0.0,0.0,0.0,0.0,2.0,0.0
955279,0.0,0.0,0.0,0.0,0.0,0.0,0.0
958614,0.0,0.0,0.0,0.0,0.0,1.0,0.0
959114,0.0,0.0,0.0,0.0,0.0,0.0,0.0
960568,0.0,0.0,0.0,0.0,0.0,1.0,0.0
961068,0.0,0.0,0.0,0.0,0.0,0.0,0.0
964341,0.0,0.0,0.0,0.0,0.0,1.0,0.0
964841,0.0,0.0,0.0,0.0,0.0,0.0,0.0
965279,0.0,0.0,0.0,0.0,0.0,1.0,0.0
965779,0.0,0.0,0.0,0.0,0.0,0.0,0.0
967646,0.0,0.0,0.0,0.0,0.0,1.0,0.0
968146,0.0,0.0,0.0,0.0,0.0,0.0,0.0
971439,0.0,0.0,0.0,0.0,0.0,1.0,0.0
971939,0.0,0.0,0.0,0.0,0.0,0.0,0.0
972070,0.0,0.0,0.0,0.0,0.0,1.0,0.0
972072,0.0,0.0,0.0,0.0,0.0,2.0,0.0
972572,0.0,0.0,0.0,0.0,0.0,0.0,0.0
976358,0.0,0.0,0.0,0.0,0.0,1.0,0.0
976858,0.0,0.0,0.0,0.0,0.0,0.0,0.0
977165,0.0,0.0,0.0,0.0,0.0,1.0,0.0
977665,0.0,0.0,0.0,0.0,0.0,0.0,0.0
980139,0.0,0.0,0.0,0.0,0.0,1.0,0.0
980639,0.0,0.0,0.0,0.0,0.0,0.0,0.0
983702,0.0,0.0,0.0,0.0,0.0,1.0,0.0
984202,0.0,0.0,0.0,0.0,0.0,0.0,0.0
989438,0.0,0.0,0.0,0.0,0.0,1.0,0.0
989826,0.0,0.0,0.0,0.0,0.0,2.0,0.0
990326,0.0,0.0,0.0,0.0,0.0,0.0,0.0
991507,0.0,0.0,0.0,0.0,0.0,1.0,0.0
992007,0.0,0.0,0.0,0.0,0.0,0.0,0.0
993245,0.0,0.0,0.0,0.0,0.0,1.0,0.0
993250,0.0,0.0,0.0,0.0,0.0,2.0,0.0
993750,0.0,0.0,0.0,0.0,0.0,0.0,0.0
994235,0.0,0.0,0.0,0.0,0.0,1.0,0.0
994735,0.0,0.0,0.0,0.0,0.0,0.0,0.0
999729,0.0,0.0,0.0,0.0,0.0,1.0,0.0
1000110,0.0,0.0,0.0,0.0,0.0,2.0,0.0
1000610,0.0,0.0,0.0,0.0,0.0,0.0,0.0
1000900,0.0,0.0,0.0,0.0,0.0,0.0,1.0
1001058,0.0,0.0,0.0,0.0,0.0,1.0,1.0
1001060,0.0,0.0,0.0,0.0,0.0,2.0,1.0
1001151,2.0,0.0,0.0,0.0,0.0,2.0,1.0
1001321,2.0,2.0,0.0,0.0,0.0,2.0,1.0
1001400,2.0,2.0,0.0,0.0,0.0,2.0,0.0
1001560,2.0,2.0,0.0,0.0,0.0,0.0,0.0
1001562,2.0,2.0,0.0,0.0,0.0,1.0,0.0
1001651,0.0,2.0,0.0,0.0,0.0,1.0,0.0
1001821,0.0,0.0,0.0,0.0,0.0,1.0,0.0
1002062,0.0,0.0,0.0,0.0,0.0,0.0,0.0
1002095,0.0,0.0,0.0,0.0,0.0,1.0,0.0
1002595,0.0,0.0,0.0,0.0,0.0,0.0,0.0
1002782,0.0,0.0,0.0,0.0,1.0,0.0,0.0
1002797,0.0,0.0,0.0,0.0,1.0,1.0,0.0
1002803,0.0,0.0,0.0,0.0,1.0,2.0,0.0
1003202,0.0,0.0,0.0,0.0,2.0,2.0,0.0
1003303,0.0,0.0,0.0,0.0,2.0,0.0,0.0
1003534,0.0,0.0,0.0,0.0,2.0,1.0,0.0
1003702,0.0,0.0,0.0,0.0,0.0,1.0,0.0
1003942,0.0,0.0,1.0,0.0,0.0,1.0,0.0
1004034,0.0,0.0,1.0,0.0,0.0,0.0,0.0
1004052,0.0,0.0,1.0,0.0,0.0,1.0,0.0
1004552,0.0,0.0,1.0,0.0,0.0,0.0,0.0
1004657,0.0,0.0,1.0,0.0,0.0,1.0,0.0
1005157,0.0,0.0,1.0,0.0,0.0,0.0,0.0
1005311,0.0,0.0,1.0,0.0,0.0,1.0,0.0
1005811,0.0,0.0,1.0,0.0,0.0,0.0,0.0
1005842,0.0,0.0,1.0,0.0,0.0,1.0,0.0
1005846,0.0,0.0,1.0,0.0,0.0,2.0,0.0
1006194,0.0,2.0,1.0,0.0,0.0,2.0,0.0
1006346,0.0,2.0,1.0,0.0,0.0,0.0,0.0
1006472,0.0,2.0,2.0,0.0,0.0,0.0,0.0
1006606,0.0,2.0,2.0,0.0,0.0,1.0,0.0
1006694,0.0,0.0,2.0,0.0,0.0,1.0,0.0
1006972,0.0,0.0,0.0,0.0,0.0,1.0,0.0
1007106,0.0,0.0,0.0,0.0,0.0,0.0,0.0
1007111,0.0,0.0,0.0,0.0,0.0,1.0,0.0
1007611,0.0,0.0,0.0,0.0,0.0,0.0,0.0
1008776,0.0,0.0,0.0,0.0,0.0,1.0,0.0
1009276,0.0,0.0,0.0,0.0,0.0,0.0,0.0
1009569,0.0,0.0,0.0,0.0,0.0,1.0,0.0
1009573,0.0,0.0,0.0,0.0,0.0,2.0,0.0
1010073,0.0,0.0,0.0,0.0,0.0,0.0,0.0
1010773,0.0,0.0,0.0,0.0,0.0,1.0,0.0
1011273,0.0,0.0,0.0,0.0,0.0,0.0,0.0
1011286,0.0,0.0,0.0,0.0,0.0,1.0,0.0
1011705,0.0,0.0,1.0,0.0,0.0,1.0,0.0
1011706,0.0,0.0,1.0,0.0,0.0,2.0,0.0
1012206,0.0,0.0,1.0,0.0,0.0,0.0,0.0
1012705,0.0,0.0,0.0,0.0,0.0,0.0,0.0
1012847,0.0,0.0,0.0,0.0,0.0,1.0,0.0
1013347,0.0,0.0,0.0,0.0,0.0,0.0,0.0
1014220,0.0,0.0,0.0,0.0,0.0,1.0,0.0
1014720,0.0,0.0,0.0,0.0,0.0,0.0,0.0
1014734,0.0,0.0,0.0,0.0,0.0,1.0,0.0
1015234,0.0,0.0,0.0,0.0,0.0,0.0,0.0
1015259,0.0,0.0,0.0,0.0,0.0,1.0,0.0
1015759,0.0,0.0,0.0,0.0,0.0,0.0,0.0
1015827,0.0,0.0,0.0,0.0,0.0,1.0,0.0
1015829,0.0,0.0,0.0,0.0,0.0,2.0,0.0
1016329,0.0,0.0,0.0,0.0,0.0,0.0,0.0
1017955,0.0,0.0,0.0,0.0,0.0,1.0,0.0
1018455,0.0,0.0,0.0,0.0,0.0,0.0,0.0
1018805,0.0,0.0,0.0,0.0,0.0,1.0,0.0
1019305,0.0,0.0,0.0,0.0,0.0,0.0,0.0
1019393,0.0,0.0,0.0,0.0,0.0,1.0,0.0
1019893,0.0,0.0,0.0,0.0,0.0,0.0,0.0
1020115,0.0,0.0,0.0,0.0,0.0,1.0,0.0
1020554,0.0,0.0,0.0,0.0,0.0,2.0,0.0
1021054,0.0,0.0,0.0,0.0,0.0,0.0,0.0
1021371,0.0,0.0,0.0,0.0,0.0,1.0,0.0
1021374,0.0,0.0,0.0,0.0,0.0,2.0,0.0
1021874,0.0,0.0,0.0,0.0,0.0,0.0,0.0
1022044,0.0,0.0,0.0,0.0,0.0,1.0,0.0
1022544,0.0,0.0,0.0,0.0,0.0,0.0,0.0
1023237,0.0,2.0,0.0,0.0,0.0,0.0,0.0
1023736,0.0,2.0,0.0,0.0,0.0,1.0,0.0
1023737,0.0,0.0,0.0,0.0,0.0,1.0,0.0
1024236,0.0,0.0,0.0,0.0,0.0,0.0,0.0
1025613,0.0,0.0,0.0,0.0,0.0,1.0,0.0
1026113,0.0,0.0,0.0,0.0,0.0,0.0,0.0
1026476,0.0,0.0,0.0,0.0,0.0,1.0,0.0
1026976,0.0,0.0,0.0,0.0,0.0,0.0,0.0
1027495,0.0,0.0,0.0,0.0,0.0,1.0,0.0
1027995,0.0,0.0,0.0,0.0,0.0,0.0,0.0
1029544,0.0,0.0,0.0,0.0,0.0,1.0,0.0
1030044,0.0,0.0,0.0,0.0,0.0,0.0,0.0
1030176,0.0,0.0,0.0,0.0,0.0,1.0,0.0
1030676,0.0,0.0,0.0,0.0,0.0,0.0,0.0
1030801,0.0,0.0,0.0,0.0,0.0,1.0,0.0
1030812,0.0,0.0,0.0,0.0,0.0,2.0,0.0
1031312,0.0,0.0,0.0,0.0,0.0,0.0,0.0
1031936,0.0,0.0,0.0,0.0,0.0,1.0,0.0
1032032,0.0,0.0,0.0,0.0,0.0,2.0,0.0
1032532,0.0,0.0,0.0,0.0,0.0,0.0,0.0
1033677,0.0,0.0,0.0,0.0,0.0,1.0,0.0
1034177,0.0,0.0,0.0,0.0,0.0,0.0,0.0
1034243,0.0,0.0,0.0,0.0,0.0,1.0,0.0
1034435,0.0,0.0,0.0,0.0,0.0,2.0,0.0
1034935,0.0,0.0,0.0,0.0,0.0,0.0,0.0
1035066,0.0,0.0,0.0,0.0,0.0,1.0,0.0
1035077,0.0,0.0,0.0,0.0,0.0,2.0,0.0
1035577,0.0,0.0,0.0,0.0,0.0,0.0,0.0
1035663,0.0,0.0,0.0,0.0,0.0,1.0,0.0
1036163,0.0,0.0,0.0,0.0,0.0,0.0,0.0
1037846,0.0,0.0,0.0,0.0,0.0,1.0,0.0
1038346,0.0,0.0,0.0,0.0,0.0,0.0,0.0
1039181,0.0,0.0,0.0,0.0,0.0,1.0,0.0
1039280,0.0,0.0,0.0,0.0,0.0,2.0,0.0
1039780,0.0,0.0,0.0,0.0,0.0,0.0,0.0
1039859,0.0,0.0,0.0,0.0,0.0,1.0,0.0
1040095,0.0,0.0,0.0,0.0,1.0,1.0,0.0
1040099,0.0,0.0,0.0,0.0,2.0,1.0,0.0
1040261,0.0,0.0,0.0,0.0,2.0,2.0,0.0
1040599,0.0,0.0,0.0,0.0,0.0,2.0,0.0
1040761,0.0,0.0,0.0,0.0,0.0,0.0,0.0
1040771,0.0,0.0,0.0,0.0,0.0,1.0,0.0
1040807,0.0,0.0,0.0,0.0,1.0,1.0,0.0
1040815,0.0,0.0,0.0,0.0,1.0,2.0,0.0
1041307,0.0,0.0,0.0,0.0,0.0,2.0,0.0
1041315,0.0,0.0,0.0,0.0,0.0,0.0,0.0
1041430,0.0,0.0,0.0,0.0,0.0,1.0,0.0
1041504,0.0,0.0,0.0,0.0,0.0,2.0,0.0
1042004,0.0,0.0,0.0,0.0,0.0,0.0,0.0
1042337,0.0,0.0,0.0,0.0,0.0,1.0,0.0
1042749,0.0,0.0,0.0,0.0,1.0,1.0,0.0
1042752,0.0,0.0,0.0,0.0,1.0,2.0,0.0
1042756,0.0,0.0,0.0,0.0,2.0,2.0,0.0
1043252,0.0,0.0,0.0,0.0,2.0,0.0,0.0
1043256,0.0,0.0,0.0,0.0,0.0,0.0,0.0
1043894,0.0,0.0,0.0,0.0,1.0,0.0,0.0
1044126,0.0,0.0,0.0,0.0,1.0,1.0,0.0
1044394,0.0,0.0,0.0,0.0,0.0,1.0,0.0
1044626,0.0,0.0,0.0,0.0,0.0,0.0,0.0
1044755,0.0,0.0,0.0,0.0,0.0,1.0,0.0
1045255,0.0,0.0,0.0,0.0,0.0,0.0,0.0
1046435,0.0,0.0,0.0,0.0,0.0,1.0,0.0
1046935,0.0,0.0,0.0,0.0,0.0,0.0,0.0
1047189,0.0,0.0,0.0,0.0,0.0,1.0,0.0
1047205,0.0,0.0,0.0,0.0,0.0,2.0,0.0
1047705,0.0,0.0,0.0,0.0,0.0,0.0,0.0
1047758,0.0,0.0,0.0,0.0,0.0,1.0,0.0
1048258,0.0,0.0,0.0,0.0,0.0,0.0,0.0
1048329,0.0,0.0,0.0,0.0,0.0,1.0,0.0
1048829,0.0,0.0,0.0,0.0,0.0,0.0,0.0
1050106,0.0,0.0,0.0,0.0,0.0,1.0,0.0
1050473,0.0,0.0,0.0,0.0,0.0,2.0,0.0
1050973,0.0,0.0,0.0,0.0,0.0,0.0,0.0
1052093,0.0,0.0,0.0,0.0,0.0,1.0,0.0
1052593,0.0,0.0,0.0,0.0,0.0,0.0,0.0
1053581,0.0,0.0,0.0,0.0,0.0,1.0,0.0
1053587,0.0,0.0,0.0,0.0,0.0,2.0,0.0
1054087,0.0,0.0,0.0,0.0,0.0,0.0,0.0
1055110,0.0,0.0,0.0,0.0,0.0,1.0,0.0
1055215,0.0,0.0,0.0,0.0,0.0,2.0,0.0
1055715,0.0,0.0,0.0,0.0,0.0,0.0,0.0
1056177,0.0,0.0,0.0,0.0,0.0,1.0,0.0
1056677,0.0,0.0,0.0,0.0,0.0,0.0,0.0
1057589,0.0,0.0,0.0,0.0,0.0,1.0,0.0
1057607,0.0,0.0,0.0,0.0,0.0,2.0,0.0
1058107,0.0,0.0,0.0,0.0,0.0,0.0,0.0
1058604,0.0,0.0,0.0,0.0,0.0,1.0,0.0
1058606,0.0,0.0,0.0,0.0,0.0,2.0,0.0
1059106,0.0,0.0,0.0,0.0,0.0,0.0,0.0
1059173,0.0,0.0,0.0,0.0,0.0,1.0,0.0
1059175,0.0,0.0,0.0,0.0,0.0,2.0,0.0
1059675,0.0,0.0,0.0,0.0,0.0,0.0,0.0
1059763,0.0,0.0,0.0,0.0,0.0,1.0,0.0
1060263,0.0,0.0,0.0,0.0,0.0,0.0,0.0
1060303,0.0,0.0,0.0,0.0,0.0,1.0,0.0
1060789,0.0,0.0,0.0,0.0,0.0,2.0,0.0
1061289,0.0,0.0,0.0,0.0,0.0,0.0,0.0
1061522,0.0,0.0,0.0,0.0,0.0,1.0,0.0
1061732,0.0,0.0,0.0,0.0,0.0,2.0,0.0
1062232,0.0,0.0,0.0,0.0,0.0,0.0,0.0
1062571,0.0,0.0,0.0,0.0,0.0,1.0,0.0
1063071,0.0,0.0,0.0,0.0,0.0,0.0,0.0
1063808,0.0,0.0,0.0,0.0,0.0,1.0,0.0
1063816,0.0,0.0,0.0,0.0,0.0,2.0,0.0
1064316,0.0,0.0,0.0,0.0,0.0,0.0,0.0
1064625,0.0,0.0,0.0,0.0,0.0,1.0,0.0
1064674,0.0,0.0,0.0,0.0,0.0,2.0,0.0
1065174,0.0,0.0,0.0,0.0,0.0,0.0,0.0
1065810,0.0,0.0,0.0,0.0,0.0,1.0,0.0
1066310,0.0,0.0,0.0,0.0,0.0,0.0,0.0
1067370,0.0,0.0,0.0,0.0,0.0,1.0,0.0
1067870,0.0,0.0,0.0,0.0,0.0,0.0,0.0
1068082,0.0,0.0,0.0,0.0,0.0,1.0,0.0
1068582,0.0,0.0,0.0,0.0,0.0,0.0,0.0
1068983,0.0,0.0,0.0,0.0,0.0,1.0,0.0
1069203,0.0,0.0,0.0,0.0,0.0,2.0,0.0
1069703,0.0,0.0,0.0,0.0,0.0,0.0,0.0
1069729,0.0,0.0,0.0,0.0,0.0,1.0,0.0
1069737,0.0,0.0,0.0,0.0,0.0,2.0,0.0
1070237,0.0,0.0,0.0,0.0,0.0,0.0,0.0
1071028,0.0,0.0,0.0,0.0,0.0,1.0,0.0
1071481,0.0,0.0,0.0,0.0,0.0,2.0,0.0
1071981,0.0,0.0,0.0,0.0,0.0,0.0,0.0
1072331,0.0,0.0,0.0,0.0,0.0,1.0,0.0
1072831,0.0,0.0,0.0,0.0,0.0,0.0,0.0
1073466,0.0,0.0,0.0,0.0,0.0,1.0,0.0
1073924,0.0,0.0,0.0,0.0,0.0,2.0,0.0
1074424,0.0,0.0,0.0,0.0,0.0,0.0,0.0
1074481,0.0,0.0,0.0,0.0,0.0,1.0,0.0
1074855,0.0,0.0,0.0,0.0,0.0,2.0,0.0
1074865,0.0,0.0,0.0,0.0,1.0,2.0,0.0
1075355,0.0,0.0,0.0,0.0,1.0,0.0,0.0
1075365,0.0,0.0,0.0,0.0,0.0,0.0,0.0
1076013,0.0,0.0,0.0,0.0,0.0,1.0,0.0
1076513,0.0,0.0,0.0,0.0,0.0,0.0,0.0
1076800,0.0,0.0,0.0,0.0,0.0,1.0,0.0
1077300,0.0,0.0,0.0,0.0,0.0,0.0,0.0
1077794,0.0,0.0,0.0,0.0,0.0,1.0,0.0
1078294,0.0,0.0,0.0,0.0,0.0,0.0,0.0
1078302,0.0,0.0,0.0,0.0,0.0,1.0,0.0
1078790,0.0,0.0,0.0,0.0,0.0,2.0,0.0
1079290,0.0,0.0,0.0,0.0,0.0,0.0,0.0
1080108,0.0,0.0,0.0,0.0,0.0,1.0,0.0
1080439,0.0,0.0,0.0,0.0,1.0,1.0,0.0
1080608,0.0,0.0,0.0,0.0,1.0,0.0,0.0
1080939,0.0,0.0,0.0,0.0,0.0,0.0,0.0
1081867,0.0,0.0,0.0,0.0,0.0,1.0,0.0
1082367,0.0,0.0,0.0,0.0,0.0,0.0,0.0
1083732,0.0,0.0,0.0,0.0,0.0,1.0,0.0
1084232,0.0,0.0,0.0,0.0,0.0,0.0,0.0
1085199,0.0,0.0,0.0,0.0,0.0,1.0,0.0
1085234,0.0,0.0,0.0,0.0,0.0,2.0,0.0
1085734,0.0,0.0,0.0,0.0,0.0,0.0,0.0
1087164,0.0,0.0,0.0,0.0,0.0,1.0,0.0
1087664,0.0,0.0,0.0,0.0,0.0,0.0,0.0
1087695,0.0,0.0,0.0,0.0,0.0,1.0,0.0
1088195,0.0,0.0,0.0,0.0,0.0,0.0,0.0
1088222,0.0,0.0,0.0,0.0,0.0,1.0,0.0
1088224,0.0,0.0,0.0,0.0,0.0,2.0,0.0
1088724,0.0,0.0,0.0,0.0,0.0,0.0,0.0
1089068,0.0,0.0,0.0,0.0,0.0,1.0,0.0
1089568,0.0,0.0,0.0,0.0,0.0,0.0,0.0
1089967,0.0,0.0,0.0,0.0,0.0,1.0,0.0
1089993,0.0,2.0,0.0,0.0,0.0,1.0,0.0
1090467,0.0,2.0,0.0,0.0,0.0,0.0,0.0
1090493,0.0,0.0,0.0,0.0,0.0,0.0,0.0
1090626,0.0,0.0,0.0,0.0,0.0,1.0,0.0
1091126,0.0,0.0,0.0,0.0,0.0,0.0,0.0
1091959,0.0,0.0,0.0,0.0,0.0,1.0,0.0
1091966,0.0,0.0,0.0,0.0,0.0,2.0,0.0
1092466,0.0,0.0,0.0,0.0,0.0,0.0,0.0
1092525,0.0,0.0,0.0,0.0,0.0,1.0,0.0
1093025,0.0,0.0,0.0,0.0,0.0,0.0,0.0
1093376,0.0,0.0,0.0,0.0,0.0,1.0,0.0
1093603,0.0,0.0,0.0,0.0,0.0,2.0,0.0
1094103,0.0,0.0,0.0,0.0,0.0,0.0,0.0
1094130,0.0,0.0,0.0,0.0,1.0,0.0,0.0
1094630,0.0,0.0,0.0,0.0,0.0,0.0,0.0
1094667,0.0,0.0,0.0,0.0,1.0,0.0,0.0
1095167,0.0,0.0,0.0,0.0,0.0,0.0,0.0
1095219,0.0,0.0,0.0,0.0,1.0,0.0,0.0
1095719,0.0,0.0,0.0,0.0,0.0,0.0,0.0
1095935,0.0,0.0,0.0,0.0,0.0,1.0,0.0
1096435,0.0,0.0,0.0,0.0,0.0,0.0,0.0
1096981,0.0,0.0,0.0,0.0,0.0,1.0,0.0
1097481,0.0,0.0,0.0,0.0,0.0,0.0,0.0
1097551,0.0,0.0,0.0,0.0,0.0,1.0,0.0
1098051,0.0,0.0,0.0,0.0,0.0,0.0,0.0
1098166,0.0,0.0,0.0,0.0,0.0,1.0,0.0
1098666,0.0,0.0,0.0,0.0,0.0,0.0,0.0
1098999,0.0,0.0,0.0,0.0,0.0,1.0,0.0
1099001,0.0,0.0,0.0,0.0,0.0,2.0,0.0
1099501,0.0,0.0,0.0,0.0,0.0,0.0,0.0
1099681,0.0,0.0,0.0,0.0,0.0,1.0,0.0
1100181,0.0,0.0,0.0,0.0,0.0,0.0,0.0
1100713,0.0,0.0,0.0,0.0,0.0,1.0,0.0
1100720,0.0,0.0,0.0,0.0,0.0,2.0,0.0
1101220,0.0,0.0,0.0,0.0,0.0,0.0,0.0
1102521,0.0,0.0,0.0,0.0,0.0,1.0,0.0
1103021,0.0,0.0,0.0,0.0,0.0,0.0,0.0
1103107,0.0,0.0,0.0,0.0,0.0,1.0,0.0
1103607,0.0,0.0,0.0,0.0,0.0,0.0,0.0
1103683,0.0,0.0,0.0,0.0,0.0,1.0,0.0
1104183,0.0,0.0,0.0,0.0,0.0,0.0,0.0
1106233,0.0,0.0,0.0,0.0,0.0,1.0,0.0
1106733,0.0,0.0,0.0,0.0,0.0,0.0,0.0
1107232,0.0,0.0,0.0,0.0,0.0,1.0,0.0
1107732,0.0,0.0,0.0,0.0,0.0,0.0,0.0
1109605,0.0,0.0,0.0,0.0,0.0,1.0,0.0
1109614,0.0,0.0,0.0,0.0,0.0,2.0,0.0
1110114,0.0,0.0,0.0,0.0,0.0,0.0,0.0
1115092,0.0,0.0,0.0,0.0,0.0,1.0,0.0
1115592,0.0,0.0,0.0,0.0,0.0,0.0,0.0
1122099,0.0,0.0,0.0,0.0,0.0,1.0,0.0
1122101,0.0,0.0,0.0,0.0,0.0,2.0,0.0
1122601,0.0,0.0,0.0,0.0,0.0,0.0,0.0
1123907,0.0,0.0,0.0,0.0,0.0,1.0,0.0
1124407,0.0,0.0,0.0,0.0,0.0,0.0,0.0
1126419,0.0,0.0,0.0,0.0,0.0,1.0,0.0
1126919,0.0,0.0,0.0,0.0,0.0,0.0,0.0
1130881,0.0,0.0,0.0,0.0,0.0,1.0,0.0
1131381,0.0,0.0,0.0,0.0,0.0,0.0,0.0
1133916,0.0,0.0,0.0,0.0,0.0,1.0,0.0
1134416,0.0,0.0,0.0,0.0,0.0,0.0,0.0
1134873,0.0,0.0,0.0,0.0,1.0,0.0,0.0
1135373,0.0,0.0,0.0,0.0,0.0,0.0,0.0
1137060,0.0,0.0,0.0,0.0,0.0,1.0,0.0
1137560,0.0,0.0,0.0,0.0,0.0,0.0,0.0
1137702,0.0,0.0,0.0,0.0,0.0,1.0,0.0
1137704,0.0,0.0,0.0,0.0,0.0,2.0,0.0
1138204,0.0,0.0,0.0,0.0,0.0,0.0,0.0
1140612,0.0,0.0,0.0,0.0,0.0,1.0,0.0
1141112,0.0,0.0,0.0,0.0,0.0,0.0,0.0
1143756,0.0,0.0,0.0,0.0,0.0,1.0,0.0
1144256,0.0,0.0,0.0,0.0,0.0,0.0,0.0
1145816,0.0,0.0,0.0,0.0,0.0,1.0,0.0
1146316,0.0,0.0,0.0,0.0,0.0,0.0,0.0
1148142,0.0,0.0,0.0,0.0,0.0,1.0,0.0
1148642,0.0,0.0,0.0,0.0,0.0,0.0,0.0
1149173,0.0,0.0,0.0,0.0,0.0,1.0,0.0
1149673,0.0,0.0,0.0,0.0,0.0,0.0,0.0
1151390,0.0,0.0,0.0,0.0,0.0,1.0,0.0
1151890,0.0,0.0,0.0,0.0,0.0,0.0,0.0
1152093,0.0,0.0,0.0,0.0,0.0,1.0,0.0
1152593,0.0,0.0,0.0,0.0,0.0,0.0,0.0
1154071,0.0,0.0,0.0,0.0,0.0,1.0,0.0
1154571,0.0,0.0,0.0,0.0,0.0,0.0,0.0
1155191,0.0,0.0,0.0,0.0,0.0,1.0,0.0
1155416,0.0,0.0,0.0,0.0,0.0,2.0,0.0
1155916,0.0,0.0,0.0,0.0,0.0,0.0,0.0
1157197,0.0,0.0,0.0,0.0,0.0,1.0,0.0
1157697,0.0,0.0,0.0,0.0,0.0,0.0,0.0
1159692,0.0,0.0,0.0,0.0,0.0,1.0,0.0
1159694,0.0,0.0,0.0,0.0,0.0,2.0,0.0
1160194,0.0,0.0,0.0,0.0,0.0,0.0,0.0
1163214,0.0,0.0,0.0,0.0,0.0,1.0,0.0
1163714,0.0,0.0,0.0,0.0,0.0,0.0,0.0
1164633,0.0,0.0,0.0,0.0,0.0,1.0,0.0
1165133,0.0,0.0,0.0,0.0,0.0,0.0,0.0
1166876,0.0,0.0,0.0,0.0,0.0,1.0,0.0
1167376,0.0,0.0,0.0,0.0,0.0,0.0,0.0
1167469,0.0,0.0,0.0,0.0,0.0,1.0,0.0
1167969,0.0,0.0,0.0,0.0,0.0,0.0,0.0
1170963,0.0,0.0,0.0,0.0,0.0,1.0,0.0
1171463,0.0,0.0,0.0,0.0,0.0,0.0,0.0
1175881,0.0,0.0,0.0,0.0,0.0,1.0,0.0
1176381,0.0,0.0,0.0,0.0,0.0,0.0,0.0
1176477,0.0,0.0,0.0,0.0,0.0,1.0,0.0
1176977,0.0,0.0,0.0,0.0,0.0,0.0,0.0
1176981,0.0,0.0,0.0,0.0,0.0,1.0,0.0
1177481,0.0,0.0,0.0,0.0,0.0,0.0,0.0
1177814,0.0,0.0,0.0,0.0,0.0,1.0,0.0
1177816,0.0,0.0,0.0,0.0,0.0,2.0,0.0
1178316,0.0,0.0,0.0,0.0,0.0,0.0,0.0
1178981,0.0,0.0,0.0,0.0,0.0,1.0,0.0
1179481,0.0,0.0,0.0,0.0,0.0,0.0,0.0
1181476,0.0,0.0,0.0,0.0,0.0,1.0,0.0
1181976,0.0,0.0,0.0,0.0,0.0,0.0,0.0
1182960,0.0,0.0,0.0,0.0,0.0,1.0,0.0
1183460,0.0,0.0,0.0,0.0,0.0,0.0,0.0
1183567,0.0,0.0,0.0,0.0,0.0,1.0,0.0
1184067,0.0,0.0,0.0,0.0,0.0,0.0,0.0
1187170,0.0,0.0,0.0,0.0,0.0,1.0,0.0
1187670,0.0,0.0,0.0,0.0,0.0,0.0,0.0
1188377,0.0,0.0,0.0,0.0,0.0,1.0,0.0
1188877,0.0,0.0,0.0,0.0,0.0,0.0,0.0
1193313,0.0,0.0,0.0,0.0,0.0,1.0,0.0
1193813,0.0,0.0,0.0,0.0,0.0,0.0,0.0
1194925,0.0,0.0,0.0,0.0,0.0,1.0,0.0
1195076,0.0,0.0,0.0,0.0,0.0,2.0,0.0
1195576,0.0,0.0,0.0,0.0,0.0,0.0,0.0
1197794,0.0,0.0,0.0,0.0,0.0,1.0,0.0
1198294,0.0,0.0,0.0,0.0,0.0,0.0,0.0
1198557,0.0,0.0,0.0,0.0,0.0,1.0,0.0
1198560,0.0,0.0,0.0,0.0,0.0,2.0,0.0
1199060,0.0,0.0,0.0,0.0,0.0,0.0,0.0
1200034,0.0,0.0,0.0,0.0,0.0,1.0,0.0
1200534,0.0,0.0,0.0,0.0,0.0,0.0,0.0
1201100,0.0,0.0,0.0,0.0,0.0,0.0,1.0
1201270,0.0,0.0,0.0,0.0,0.0,1.0,1.0
1201308,0.0,0.0,0.0,0.0,0.0,2.0,1.0
1201439,2.0,0.0,0.0,0.0,0.0,2.0,1.0
1201561,2.0,2.0,0.0,0.0,0.0,2.0,1.0
1201600,2.0,2.0,0.0,0.0,0.0,2.0,0.0
1201808,2.0,2.0,0.0,0.0,0.0,0.0,0.0
1201939,0.0,2.0,0.0,0.0,0.0,0.0,0.0
1202061,0.0,0.0,0.0,0.0,0.0,0.0,0.0
1202789,0.0,0.0,0.0,0.0,1.0,0.0,0.0
1203321,0.0,0.0,0.0,0.0,2.0,1.0,0.0
1203619,0.0,0.0,1.0,0.0,2.0,1.0,0.0
1203821,0.0,0.0,1.0,0.0,0.0,0.0,0.0
1204014,0.0,0.0,1.0,0.0,0.0,1.0,0.0
1204514,0.0,0.0,1.0,0.0,0.0,0.0,0.0
1204515,0.0,0.0,1.0,0.0,0.0,1.0,0.0
1205015,0.0,0.0,1.0,0.0,0.0,0.0,0.0
1205423,0.0,0.0,1.0,0.0,0.0,1.0,0.0
1205923,0.0,0.0,1.0,0.0,0.0,0.0,0.0
1206352,0.0,0.0,2.0,0.0,0.0,0.0,0.0
1206719,0.0,0.0,2.0,0.0,0.0,1.0,0.0
1206852,0.0,0.0,0.0,0.0,0.0,1.0,0.0
1207008,0.0,0.0,0.0,0.0,0.0,2.0,0.0
1207508,0.0,0.0,0.0,0.0,0.0,0.0,0.0
1207795,0.0,0.0,0.0,0.0,0.0,1.0,0.0
1208295,0.0,0.0,0.0,0.0,0.0,0.0,0.0
1208385,0.0,0.0,0.0,0.0,0.0,1.0,0.0
1208885,0.0,0.0,0.0,0.0,0.0,0.0,0.0
1208978,0.0,0.0,0.0,0.0,0.0,1.0,0.0
1209478,0.0,0.0,0.0,0.0,0.0,0.0,0.0
1209819,0.0,0.0,0.0,0.0,0.0,1.0,0.0
1210319,0.0,0.0,0.0,0.0,0.0,0.0,0.0
1210568,0.0,0.0,0.0,0.0,0.0,1.0,0.0
1211068,0.0,0.0,0.0,0.0,0.0,0.0,0.0
1211070,0.0,0.0,1.0,0.0,0.0,0.0,0.0
1211071,0.0,0.0,1.0,0.0,0.0,1.0,0.0
1211570,0.0,0.0,0.0,0.0,0.0,1.0,0.0
1211571,0.0,0.0,0.0,0.0,0.0,0.0,0.0
1211573,0.0,0.0,1.0,0.0,0.0,0.0,0.0
1211759,0.0,0.0,1.0,0.0,0.0,1.0,0.0
1212073,0.0,0.0,0.0,0.0,0.0,1.0,0.0
1212259,0.0,0.0,0.0,0.0,0.0,0.0,0.0
1212348,0.0,0.0,0.0,0.0,0.0,1.0,0.0
1212848,0.0,0.0,0.0,0.0,0.0,0.0,0.0
1213367,0.0,0.0,0.0,0.0,0.0,1.0,0.0
1213867,0.0,0.0,0.0,0.0,0.0,0.0,0.0
1214701,0.0,0.0,0.0,0.0,0.0,1.0,0.0
1215201,0.0,0.0,0.0,0.0,0.0,0.0,0.0
1215622,0.0,0.0,0.0,0.0,0.0,1.0,0.0
1216122,0.0,0.0,0.0,0.0,0.0,0.0,0.0
1216207,0.0,0.0,0.0,0.0,0.0,1.0,0.0
1216225,0.0,0.0,0.0,0.0,0.0,2.0,0.0
1216725,0.0,0.0,0.0,0.0,0.0,0.0,0.0
1217479,0.0,0.0,0.0,0.0,0.0,1.0,0.0
1217979,0.0,0.0,0.0,0.0,0.0,0.0,0.0
1218480,0.0,0.0,0.0,0.0,0.0,1.0,0.0
1218980,0.0,0.0,0.0,0.0,0.0,0.0,0.0
1219314,0.0,0.0,0.0,0.0,0.0,1.0,0.0
1219814,0.0,0.0,0.0,0.0,0.0,0.0,0.0
1220288,0.0,0.0,0.0,0.0,0.0,1.0,0.0
1220788,0.0,0.0,0.0,0.0,0.0,0.0,0.0
1221020,0.0,0.0,0.0,0.0,0.0,1.0,0.0
1221175,0.0,0.0,0.0,0.0,1.0,1.0,0.0
1221176,0.0,0.0,0.0,0.0,1.0,2.0,0.0
1221177,0.0,0.0,0.0,0.0,2.0,2.0,0.0
1221676,0.0,0.0,0.0,0.0,2.0,0.0,0.0
1221677,0.0,0.0,0.0,0.0,0.0,0.0,0.0
1222014,0.0,0.0,0.0,0.0,0.0,1.0,0.0
1222514,0.0,0.0,0.0,0.0,0.0,0.0,0.0
1223762,0.0,0.0,0.0,0.0,0.0,1.0,0.0
1224243,0.0,0.0,0.0,0.0,0.0,2.0,0.0
1224743,0.0,0.0,0.0,0.0,0.0,0.0,0.0
1225266,0.0,0.0,0.0,0.0,0.0,1.0,0.0
1225766,0.0,0.0,0.0,0.0,0.0,0.0,0.0
1225987,0.0,0.0,0.0,0.0,0.0,1.0,0.0
1226487,0.0,0.0,0.0,0.0,0.0,0.0,0.0
1226489,0.0,0.0,0.0,0.0,0.0,1.0,0.0
1226495,0.0,0.0,0.0,0.0,0.0,2.0,0.0
1226995,0.0,0.0,0.0,0.0,0.0,0.0,0.0
1227054,0.0,0.0,0.0,0.0,0.0,1.0,0.0
1227554,0.0,0.0,0.0,0.0,0.0,0.0,0.0
1228703,0.0,0.0,0.0,0.0,0.0,1.0,0.0
1229203,0.0,0.0,0.0,0.0,0.0,0.0,0.0
1229241,0.0,0.0,0.0,0.0,0.0,1.0,0.0
1229260,0.0,0.0,0.0,0.0,0.0,2.0,0.0
1229760,0.0,0.0,0.0,0.0,0.0,0.0,0.0
1230626,0.0,0.0,0.0,0.0,0.0,1.0,0.0
1230782,0.0,0.0,0.0,0.0,0.0,2.0,0.0
1231282,0.0,0.0,0.0,0.0,0.0,0.0,0.0
1231432,0.0,0.0,0.0,0.0,0.0,1.0,0.0
1231436,0.0,0.0,0.0,0.0,0.0,2.0,0.0
1231936,0.0,0.0,0.0,0.0,0.0,0.0,0.0
1232449,0.0,0.0,0.0,0.0,0.0,1.0,0.0
1232949,0.0,0.0,0.0,0.0,0.0,0.0,0.0
1233001,0.0,0.0,0.0,0.0,0.0,1.0,0.0
1233501,0.0,0.0,0.0,0.0,0.0,0.0,0.0
1233504,0.0,0.0,0.0,0.0,0.0,1.0,0.0
1233625,0.0,0.0,0.0,0.0,0.0,2.0,0.0
1234125,0.0,0.0,0.0,0.0,0.0,0.0,0.0
1235953,0.0,0.0,0.0,0.0,0.0,1.0,0.0
1235955,0.0,0.0,0.0,0.0,0.0,2.0,0.0
1236455,0.0,0.0,0.0,0.0,0.0,0.0,0.0
1236487,0.0,0.0,0.0,0.0,0.0,1.0,0.0
1236493,0.0,0.0,0.0,0.0,0.0,2.0,0.0
1236993,0.0,0.0,0.0,0.0,0.0,0.0,0.0
1236996,0.0,0.0,0.0,0.0,0.0,1.0,0.0
1237180,0.0,0.0,0.0,0.0,0.0,2.0,0.0
1237680,0.0,0.0,0.0,0.0,0.0,0.0,0.0
1237822,0.0,0.0,0.0,0.0,0.0,1.0,0.0
1237824,0.0,0.0,0.0,0.0,0.0,2.0,0.0
1238324,0.0,0.0,0.0,0.0,0.0,0.0,0.0
1238792,0.0,0.0,0.0,0.0,0.0,1.0,0.0
1239292,0.0,0.0,0.0,0.0,0.0,0.0,0.0
1239698,0.0,0.0,0.0,0.0,0.0,1.0,0.0
1240198,0.0,0.0,0.0,0.0,0.0,0.0,0.0
1240309,0.0,0.0,0.0,0.0,0.0,1.0,0.0
1240316,0.0,0.0,0.0,0.0,0.0,2.0,0.0
1240816,0.0,0.0,0.0,0.0,0.0,0.0,0.0
1241861,0.0,0.0,0.0,0.0,0.0,1.0,0.0
1242291,0.0,0.0,0.0,0.0,0.0,2.0,0.0
1242791,0.0,0.0,0.0,0.0,0.0,0.0,0.0
1242807,0.0,0.0,0.0,0.0,0.0,1.0,0.0
1243307,0.0,0.0,0.0,0.0,0.0,0.0,0.0
1244216,0.0,0.0,0.0,0.0,0.0,1.0,0.0
1244716,0.0,0.0,0.0,0.0,0.0,0.0,0.0
1244963,0.0,0.0,0.0,0.0,0.0,1.0,0.0
1245463,0.0,0.0,0.0,0.0,0.0,0.0,0.0
1246033,0.0,0.0,0.0,0.0,0.0,1.0,0.0
1246056,0.0,0.0,0.0,0.0,0.0,2.0,0.0
1246556,0.0,0.0,0.0,0.0,0.0,0.0,0.0
1246792,0.0,0.0,0.0,0.0,0.0,1.0,0.0
1247292,0.0,0.0,0.0,0.0,0.0,0.0,0.0
1247721,0.0,0.0,0.0,0.0,0.0,1.0,0.0
1248221,0.0,0.0,0.0,0.0,0.0,0.0,0.0
1248322,0.0,0.0,0.0,0.0,0.0,1.0,0.0
1248334,0.0,0.0,0.0,0.0,0.0,2.0,0.0
1248834,0.0,0.0,0.0,0.0,0.0,0.0,0.0
1248900,0.0,0.0,0.0,0.0,0.0,1.0,0.0
1248908,0.0,0.0,0.0,0.0,0.0,2.0,0.0
1249408,0.0,0.0,0.0,0.0,0.0,0.0,0.0
1250016,0.0,0.0,0.0,0.0,0.0,1.0,0.0
1250026,0.0,0.0,0.0,0.0,0.0,2.0,0.0
1250526,0.0,0.0,0.0,0.0,0.0,0.0,0.0
1251057,0.0,0.0,0.0,0.0,0.0,1.0,0.0
1251557,0.0,0.0,0.0,0.0,0.0,0.0,0.0
1251558,0.0,0.0,0.0,0.0,0.0,1.0,0.0
1252058,0.0,0.0,0.0,0.0,0.0,0.0,0.0
1252205,0.0,0.0,0.0,0.0,0.0,1.0,0.0
1252223,0.0,0.0,0.0,0.0,0.0,2.0,0.0
1252723,0.0,0.0,0.0,0.0,0.0,0.0,0.0
1253038,0.0,0.0,0.0,0.0,0.0,1.0,0.0
1253475,0.0,2.0,0.0,0.0,0.0,1.0,0.0
1253538,0.0,2.0,0.0,0.0,0.0,0.0,0.0
1253975,0.0,0.0,0.0,0.0,0.0,0.0,0.0
1253987,0.0,0.0,0.0,0.0,0.0,1.0,0.0
1254487,0.0,0.0,0.0,0.0,0.0,0.0,0.0
1254625,0.0,0.0,0.0,0.0,0.0,1.0,0.0
1255125,0.0,0.0,0.0,0.0,0.0,0.0,0.0
1257598,0.0,0.0,0.0,0.0,0.0,1.0,0.0
1258098,0.0,0.0,0.0,0.0,0.0,0.0,0.0
1258369,0.0,0.0,0.0,0.0,0.0,1.0,0.0
1258869,0.0,0.0,0.0,0.0,0.0,0.0,0.0
1258884,0.0,0.0,0.0,0.0,0.0,1.0,0.0
1259098,0.0,0.0,0.0,0.0,0.0,2.0,0.0
1259598,0.0,0.0,0.0,0.0,0.0,0.0,0.0
1260009,0.0,0.0,0.0,0.0,0.0,1.0,0.0
1260509,0.0,0.0,0.0,0.0,0.0,0.0,0.0
1260642,0.0,0.0,0.0,0.0,0.0,1.0,0.0
1261142,0.0,0.0,0.0,0.0,0.0,0.0,0.0
1262264,0.0,0.0,0.0,0.0,0.0,1.0,0.0
1262764,0.0,0.0,0.0,0.0,0.0,0.0,0.0
1263164,0.0,0.0,0.0,0.0,0.0,1.0,0.0
1263664,0.0,0.0,0.0,0.0,0.0,0.0,0.0
1263691,0.0,0.0,0.0,0.0,0.0,1.0,0.0
1264095,0.0,0.0,0.0,0.0,0.0,2.0,0.0
1264595,0.0,0.0,0.0,0.0,0.0,0.0,0.0
1264628,0.0,0.0,0.0,0.0,0.0,1.0,0.0
1264630,0.0,0.0,0.0,0.0,0.0,2.0,0.0
1265130,0.0,0.0,0.0,0.0,0.0,0.0,0.0
1265650,0.0,0.0,0.0,0.0,0.0,1.0,0.0
1266150,0.0,0.0,0.0,0.0,0.0,0.0,0.0
1266521,0.0,0.0,0.0,0.0,0.0,1.0,0.0
1267021,0.0,0.0,0.0,0.0,0.0,0.0,0.0
1267235,0.0,0.0,0.0,0.0,0.0,1.0,0.0
1267720,0.0,0.0,0.0,0.0,0.0,2.0,0.0
1268220,0.0,0.0,0.0,0.0,0.0,0.0,0.0
1269928,0.0,0.0,0.0,0.0,0.0,1.0,0.0
1269940,0.0,0.0,0.0,0.0,0.0,2.0,0.0
1270399,0.0,0.0,1.0,0.0,0.0,2.0,0.0
1270440,0.0,0.0,1.0,0.0,0.0,0.0,0.0
1270914,0.0,0.0,1.0,0.0,0.0,1.0,0.0
1271414,0.0,0.0,1.0,0.0,0.0,0.0,0.0
1271899,0.0,0.0,0.0,0.0,0.0,0.0,0.0
1272502,0.0,0.0,1.0,0.0,0.0,0.0,0.0
1272536,0.0,0.0,1.0,0.0,0.0,1.0,0.0
1273036,0.0,0.0,1.0,0.0,0.0,0.0,0.0
1273445,0.0,2.0,1.0,0.0,0.0,0.0,0.0
1273868,0.0,2.0,1.0,0.0,0.0,1.0,0.0
1273945,0.0,0.0,1.0,0.0,0.0,1.0,0.0
1274368,0.0,0.0,1.0,0.0,0.0,0.0,0.0
1274565,0.0,0.0,1.0,0.0,0.0,1.0,0.0
1275065,0.0,0.0,1.0,0.0,0.0,0.0,0.0
1275460,0.0,0.0,1.0,0.0,0.0,1.0,0.0
1275960,0.0,0.0,1.0,0.0,0.0,0.0,0.0
1276840,0.0,0.0,1.0,0.0,0.0,1.0,0.0
1276848,0.0,0.0,1.0,0.0,0.0,2.0,0.0
1277348,0.0,0.0,1.0,0.0,0.0,0.0,0.0
1278120,0.0,2.0,1.0,0.0,0.0,0.0,0.0
1278146,0.0,2.0,1.0,0.0,0.0,1.0,0.0
1278620,0.0,0.0,1.0,0.0,0.0,1.0,0.0
1278646,0.0,0.0,1.0,0.0,0.0,0.0,0.0
1278757,0.0,0.0,1.0,0.0,0.0,1.0,0.0
1279257,0.0,0.0,1.0,0.0,0.0,0.0,0.0
1280201,0.0,0.0,1.0,0.0,0.0,1.0,0.0
1280222,0.0,0.0,1.0,0.0,0.0,2.0,0.0
1280722,0.0,0.0,1.0,0.0,0.0,0.0,0.0
1281105,0.0,0.0,1.0,0.0,0.0,1.0,0.0
1281107,0.0,0.0,1.0,0.0,0.0,2.0,0.0
1281607,0.0,0.0,1.0,0.0,0.0,0.0,0.0
1282389,0.0,0.0,1.0,0.0,0.0,1.0,0.0
1282477,0.0,0.0,1.0,0.0,0.0,2.0,0.0
1282977,0.0,0.0,1.0,0.0,0.0,0.0,0.0
1284969,0.0,0.0,1.0,0.0,0.0,1.0,0.0
1284971,0.0,0.0,1.0,0.0,0.0,2.0,0.0
1285471,0.0,0.0,1.0,0.0,0.0,0.0,0.0
1285925,0.0,0.0,1.0,0.0,0.0,1.0,0.0
1285936,0.0,0.0,1.0,0.0,0.0,2.0,0.0
1286436,0.0,0.0,1.0,0.0,0.0,0.0,0.0
1287342,0.0,0.0,1.0,0.0,0.0,1.0,0.0
1287842,0.0,0.0,1.0,0.0,0.0,0.0,0.0
1288233,0.0,0.0,1.0,0.0,0.0,1.0,0.0
1288243,0.0,0.0,1.0,0.0,0.0,2.0,0.0
1288743,0.0,0.0,1.0,0.0,0.0,0.0,0.0
1288951,0.0,0.0,1.0,0.0,0.0,1.0,0.0
1289451,0.0,0.0,1.0,0.0,0.0,0.0,0.0
1289548,0.0,0.0,1.0,0.0,0.0,1.0,0.0
1290048,0.0,0.0,1.0,0.0,0.0,0.0,0.0
1290354,0.0,0.0,1.0,0.0,0.0,1.0,0.0
1290358,0.0,0.0,1.0,0.0,0.0,2.0,0.0
1290858,0.0,0.0,1.0,0.0,0.0,0.0,0.0
1291446,0.0,0.0,1.0,0.0,0.0,1.0,0.0
1291946,0.0,0.0,1.0,0.0,0.0,0.0,0.0
1292068,0.0,0.0,1.0,0.0,0.0,1.0,0.0
1292126,0.0,0.0,1.0,0.0,0.0,2.0,0.0
1292626,0.0,0.0,1.0,0.0,0.0,0.0,0.0
1292801,0.0,0.0,1.0,0.0,0.0,1.0,0.0
1293301,0.0,0.0,1.0,0.0,0.0,0.0,0.0
1293707,0.0,0.0,1.0,0.0,0.0,1.0,0.0
1294207,0.0,0.0,1.0,0.0,0.0,0.0,0.0
1295419,0.0,0.0,1.0,0.0,0.0,1.0,0.0
1295421,0.0,0.0,1.0,0.0,0.0,2.0,0.0
1295921,0.0,0.0,1.0,0.0,0.0,0.0,0.0
1296108,0.0,0.0,1.0,0.0,0.0,1.0,0.0
1296113,0.0,0.0,1.0,0.0,0.0,2.0,0.0
1296613,0.0,0.0,1.0,0.0,0.0,0.0,0.0
1296795,0.0,2.0,1.0,0.0,0.0,0.0,0.0
1297295,0.0,0.0,1.0,0.0,0.0,0.0,0.0
1297489,0.0,0.0,1.0,0.0,0.0,1.0,0.0
1297989,0.0,0.0,1.0,0.0,0.0,0.0,0.0
1298706,0.0,0.0,1.0,0.0,0.0,1.0,0.0
1299206,0.0,0.0,1.0,0.0,0.0,0.0,0.0
1299351,0.0,0.0,1.0,0.0,0.0,1.0,0.0
1299362,0.0,0.0,1.0,0.0,0.0,2.0,0.0
1299862,0.0,0.0,1.0,0.0,0.0,0.0,0.0
1300223,0.0,0.0,1.0,0.0,0.0,1.0,0.0
1300723,0.0,0.0,1.0,0.0,0.0,0.0,0.0
1301090,0.0,0.0,1.0,0.0,0.0,1.0,0.0
1301105,0.0,0.0,1.0,0.0,0.0,2.0,0.0
1301605,0.0,0.0,1.0,0.0,0.0,0.0,0.0
1302002,0.0,0.0,0.0,0.0,0.0,0.0,0.0
1303678,0.0,0.0,0.0,0.0,0.0,1.0,0.0
1303680,0.0,0.0,0.0,0.0,0.0,2.0,0.0
1304180,0.0,0.0,0.0,0.0,0.0,0.0,0.0
1306913,0.0,0.0,0.0,0.0,0.0,1.0,0.0
1307413,0.0,0.0,0.0,0.0,0.0,0.0,0.0
1310503,0.0,0.0,0.0,0.0,1.0,0.0,0.0
1311003,0.0,0.0,0.0,0.0,0.0,0.0,0.0
1314189,0.0,0.0,0.0,0.0,0.0,1.0,0.0
1314689,0.0,0.0,0.0,0.0,0.0,0.0,0.0
1324232,0.0,0.0,0.0,0.0,0.0,1.0,0.0
1324732,0.0,0.0,0.0,0.0,0.0,0.0,0.0
1327936,0.0,0.0,0.0,0.0,0.0,1.0,0.0
1328436,0.0,0.0,0.0,0.0,0.0,0.0,0.0
1330269,0.0,0.0,0.0,0.0,0.0,1.0,0.0
1330271,0.0,0.0,0.0,0.0,0.0,2.0,0.0
1330771,0.0,0.0,0.0,0.0,0.0,0.0,0.0
1330932,0.0,0.0,0.0,0.0,0.0,1.0,0.0
1331432,0.0,0.0,0.0,0.0,0.0,0.0,0.0
1335859,0.0,0.0,0.0,0.0,0.0,1.0,0.0
1336359,0.0,0.0,0.0,0.0,0.0,0.0,0.0
1336628,0.0,0.0,0.0,0.0,0.0,1.0,0.0
1337128,0.0,0.0,0.0,0.0,0.0,0.0,0.0
1337840,0.0,0.0,0.0,0.0,0.0,1.0,0.0
1338340,0.0,0.0,0.0,0.0,0.0,0.0,0.0
1339730,0.0,0.0,0.0,0.0,0.0,1.0,0.0
1340230,0.0,0.0,0.0,0.0,0.0,0.0,0.0
1340719,0.0,0.0,0.0,0.0,0.0,1.0,0.0
1341219,0.0,0.0,0.0,0.0,0.0,0.0,0.0
1342666,0.0,0.0,0.0,0.0,0.0,1.0,0.0
1342668,0.0,0.0,0.0,0.0,0.0,2.0,0.0
1343168,0.0,0.0,0.0,0.0,0.0,0.0,0.0
1344265,0.0,0.0,0.0,0.0,0.0,1.0,0.0
1344765,0.0,0.0,0.0,0.0,0.0,0.0,0.0
1347691,0.0,0.0,0.0,0.0,0.0,1.0,0.0
1348191,0.0,0.0,0.0,0.0,0.0,0.0,0.0
1348257,0.0,0.0,0.0,0.0,0.0,1.0,0.0
1348259,0.0,0.0,0.0,0.0,1.0,2.0,0.0
1348759,0.0,0.0,0.0,0.0,0.0,0.0,0.0
1353438,0.0,0.0,0.0,0.0,0.0,1.0,0.0
1353439,0.0,0.0,0.0,0.0,0.0,2.0,0.0
1353939,0.0,0.0,0.0,0.0,0.0,0.0,0.0
1355329,0.0,0.0,0.0,0.0,0.0,1.0,0.0
1355829,0.0,0.0,0.0,0.0,0.0,0.0,0.0
1356423,0.0,0.0,0.0,0.0,0.0,1.0,0.0
1356923,0.0,0.0,0.0,0.0,0.0,0.0,0.0
1357714,0.0,0.0,0.0,0.0,0.0,1.0,0.0
1358214,0.0,0.0,0.0,0.0,0.0,0.0,0.0
1359887,0.0,0.0,0.0,0.0,0.0,1.0,0.0
1360387,0.0,0.0,0.0,0.0,0.0,0.0,0.0
1361382,0.0,0.0,0.0,0.0,0.0,1.0,0.0
1361383,0.0,0.0,0.0,0.0,0.0,2.0,0.0
1361883,0.0,0.0,0.0,0.0,0.0,0.0,0.0
1364574,0.0,0.0,0.0,0.0,0.0,1.0,0.0
1365074,0.0,0.0,0.0,0.0,0.0,0.0,0.0
1366287,0.0,0.0,0.0,0.0,0.0,1.0,0.0
1366787,0.0,0.0,0.0,0.0,0.0,0.0,0.0
1370469,0.0,0.0,0.0,0.0,0.0,1.0,0.0
1370969,0.0,0.0,0.0,0.0,0.0,0.0,0.0
1373264,0.0,0.0,0.0,0.0,0.0,1.0,0.0
1373764,0.0,0.0,0.0,0.0,0.0,0.0,0.0
1375583,0.0,0.0,0.0,0.0,0.0,1.0,0.0
1376083,0.0,0.0,0.0,0.0,0.0,0.0,0.0
1376704,0.0,0.0,0.0,0.0,0.0,1.0,0.0
1376706,0.0,0.0,0.0,0.0,0.0,2.0,0.0
1377206,0.0,0.0,0.0,0.0,0.0,0.0,0.0
1379618,0.0,0.0,0.0,0.0,0.0,1.0,0.0
1379620,0.0,0.0,0.0,0.0,0.0,2.0,0.0
1380120,0.0,0.0,0.0,0.0,0.0,0.0,0.0
1381456,0.0,0.0,0.0,0.0,0.0,1.0,0.0
1381457,0.0,0.0,0.0,0.0,0.0,2.0,0.0
1381957,0.0,0.0,0.0,0.0,0.0,0.0,0.0
1382213,0.0,0.0,0.0,0.0,0.0,1.0,0.0
1382713,0.0,0.0,0.0,0.0,0.0,0.0,0.0
1383569,0.0,0.0,0.0,0.0,0.0,1.0,0.0
1384069,0.0,0.0,0.0,0.0,0.0,0.0,0.0
1384071,0.0,0.0,0.0,0.0,0.0,1.0,0.0
1384571,0.0,0.0,0.0,0.0,0.0,0.0,0.0
1388065,0.0,0.0,0.0,0.0,0.0,1.0,0.0
1388565,0.0,0.0,0.0,0.0,0.0,0.0,0.0
1390077,0.0,0.0,0.0,0.0,0.0,1.0,0.0
1390082,0.0,0.0,0.0,0.0,0.0,2.0,0.0
1390582,0.0,0.0,0.0,0.0,0.0,0.0,0.0
1393290,0.0,0.0,0.0,0.0,0.0,1.0,0.0
1393294,0.0,0.0,0.0,0.0,0.0,2.0,0.0
1393794,0.0,0.0,0.0,0.0,0.0,0.0,0.0
1397416,0.0,0.0,0.0,0.0,0.0,1.0,0.0
1397419,0.0,0.0,0.0,0.0,0.0,2.0,0.0
1397919,0.0,0.0,0.0,0.0,0.0,0.0,0.0
1398164,0.0,0.0,0.0,0.0,0.0,1.0,0.0
1398664,0.0,0.0,0.0,0.0,0.0,0.0,0.0
1399774,0.0,0.0,0.0,0.0,0.0,1.0,0.0
1400274,0.0,0.0,0.0,0.0,0.0,0.0,0.0
1400546,0.0,0.0,0.0,0.0,0.0,1.0,0.0
1401046,0.0,0.0,0.0,0.0,0.0,0.0,0.0
1401300,0.0,0.0,0.0,0.0,0.0,0.0,1.0
1401410,0.0,0.0,0.0,0.0,0.0,1.0,1.0
1401413,0.0,0.0,0.0,0.0,0.0,2.0,1.0
1401471,2.0,0.0,0.0,0.0,0.0,2.0,1.0
1401563,2.0,2.0,0.0,0.0,0.0,2.0,1.0
1401800,2.0,2.0,0.0,0.0,0.0,2.0,0.0
1401913,2.0,2.0,0.0,0.0,0.0,0.0,0.0
1401971,0.0,2.0,0.0,0.0,0.0,0.0,0.0
1402063,0.0,0.0,0.0,0.0,0.0,0.0,0.0
1402077,0.0,0.0,0.0,0.0,0.0,1.0,0.0
1402181,0.0,0.0,0.0,0.0,1.0,1.0,0.0
1402322,0.0,0.0,0.0,0.0,2.0,1.0,0.0
1402577,0.0,0.0,0.0,0.0,2.0,0.0,0.0
1402822,0.0,0.0,0.0,0.0,0.0,0.0,0.0
1403541,0.0,0.0,1.0,0.0,0.0,0.0,0.0
1403709,0.0,0.0,1.0,0.0,0.0,1.0,0.0
1403718,0.0,0.0,1.0,0.0,0.0,2.0,0.0
1404218,0.0,0.0,1.0,0.0,0.0,0.0,0.0
1404342,0.0,0.0,1.0,0.0,1.0,0.0,0.0
1404842,0.0,0.0,1.0,0.0,0.0,0.0,0.0
1405536,0.0,0.0,1.0,0.0,0.0,1.0,0.0
1405539,0.0,0.0,1.0,0.0,0.0,2.0,0.0
1405758,0.0,0.0,2.0,0.0,0.0,2.0,0.0
1406039,0.0,0.0,2.0,0.0,0.0,0.0,0.0
1406217,0.0,0.0,2.0,0.0,0.0,1.0,0.0
1406220,0.0,0.0,2.0,0.0,1.0,1.0,0.0
1406221,0.0,0.0,2.0,0.0,1.0,2.0,0.0
1406258,0.0,0.0,0.0,0.0,1.0,2.0,0.0
1406720,0.0,0.0,0.0,0.0,0.0,2.0,0.0
1406721,0.0,0.0,0.0,0.0,0.0,0.0,0.0
1408052,0.0,0.0,0.0,0.0,0.0,1.0,0.0
1408056,0.0,0.0,0.0,0.0,0.0,2.0,0.0
1408556,0.0,0.0,0.0,0.0,0.0,0.0,0.0
1408606,0.0,0.0,0.0,0.0,0.0,1.0,0.0
1409106,0.0,0.0,0.0,0.0,0.0,0.0,0.0
1409177,0.0,0.0,0.0,0.0,0.0,1.0,0.0
1409677,0.0,0.0,0.0,0.0,0.0,0.0,0.0
1410013,0.0,0.0,0.0,0.0,0.0,1.0,0.0
1410513,0.0,0.0,0.0,0.0,0.0,0.0,0.0
1410906,0.0,0.0,0.0,0.0,0.0,1.0,0.0
1411342,0.0,0.0,0.0,0.0,1.0,1.0,0.0
1411343,0.0,0.0,0.0,0.0,1.0,2.0,0.0
1411842,0.0,0.0,0.0,0.0,0.0,2.0,0.0
1411843,0.0,0.0,0.0,0.0,0.0,0.0,0.0
1413537,0.0,0.0,0.0,0.0,0.0,1.0,0.0
1413563,0.0,0.0,0.0,0.0,0.0,2.0,0.0
1414063,0.0,0.0,0.0,0.0,0.0,0.0,0.0
1414115,0.0,0.0,0.0,0.0,0.0,1.0,0.0
1414120,0.0,0.0,0.0,0.0,0.0,2.0,0.0
1414121,0.0,0.0,0.0,0.0,1.0,2.0,0.0
1414620,0.0,0.0,0.0,0.0,1.0,0.0,0.0
1414621,0.0,0.0,0.0,0.0,0.0,0.0,0.0
1415012,0.0,0.0,0.0,0.0,0.0,1.0,0.0
1415512,0.0,0.0,0.0,0.0,0.0,0.0,0.0
1415640,0.0,0.0,0.0,0.0,0.0,1.0,0.0
1415644,0.0,0.0,0.0,0.0,0.0,2.0,0.0
1416144,0.0,0.0,0.0,0.0,0.0,0.0,0.0
1416509,0.0,0.0,0.0,0.0,0.0,1.0,0.0
1417009,0.0,0.0,0.0,0.0,0.0,0.0,0.0
1417290,0.0,0.0,0.0,0.0,0.0,1.0,0.0
1417790,0.0,0.0,0.0,0.0,0.0,0.0,0.0
1418338,0.0,0.0,0.0,0.0,0.0,1.0,0.0
1418343,0.0,0.0,0.0,0.0,1.0,1.0,0.0
1418349,0.0,0.0,0.0,0.0,1.0,2.0,0.0
1418843,0.0,0.0,0.0,0.0,0.0,2.0,0.0
1418849,0.0,0.0,0.0,0.0,0.0,0.0,0.0
1419395,0.0,0.0,0.0,0.0,0.0,1.0,0.0
1419895,0.0,0.0,0.0,0.0,0.0,0.0,0.0
1420401,0.0,0.0,0.0,0.0,0.0,1.0,0.0
1420463,0.0,0.0,0.0,0.0,0.0,2.0,0.0
1420963,0.0,0.0,0.0,0.0,0.0,0.0,0.0
1421491,0.0,0.0,0.0,0.0,0.0,1.0,0.0
1421991,0.0,0.0,0.0,0.0,0.0,0.0,0.0
1422809,0.0,0.0,0.0,0.0,0.0,1.0,0.0
1423309,0.0,0.0,0.0,0.0,0.0,0.0,0.0
1424418,0.0,0.0,0.0,0.0,0.0,1.0,0.0
1424918,0.0,0.0,0.0,0.0,0.0,0.0,0.0
1425029,0.0,0.0,0.0,0.0,0.0,1.0,0.0
1425032,0.0,0.0,0.0,0.0,0.0,2.0,0.0
1425532,0.0,0.0,0.0,0.0,0.0,0.0,0.0
1425712,0.0,0.0,0.0,0.0,0.0,1.0,0.0
1426212,0.0,0.0,0.0,0.0,0.0,0.0,0.0
1426595,0.0,0.0,0.0,0.0,0.0,1.0,0.0
1427095,0.0,0.0,0.0,0.0,0.0,0.0,0.0
1427106,0.0,0.0,0.0,0.0,0.0,1.0,0.0
1427606,0.0,0.0,0.0,0.0,0.0,0.0,0.0
1427756,0.0,0.0,0.0,0.0,1.0,1.0,0.0
1427762,0.0,0.0,0.0,0.0,1.0,2.0,0.0
1427763,0.0,0.0,0.0,0.0,2.0,2.0,0.0
1428262,0.0,0.0,0.0,0.0,2.0,0.0,0.0
1428263,0.0,0.0,0.0,0.0,0.0,0.0,0.0
1428794,0.0,0.0,0.0,0.0,1.0,0.0,0.0
1428801,0.0,0.0,0.0,0.0,1.0,1.0,0.0
1428803,0.0,0.0,0.0,0.0,2.0,1.0,0.0
1429301,0.0,0.0,0.0,0.0,2.0,0.0,0.0
1429303,0.0,0.0,0.0,0.0,0.0,0.0,0.0
1432189,0.0,0.0,0.0,0.0,0.0,1.0,0.0
1432682,0.0,0.0,0.0,0.0,0.0,2.0,0.0
1433182,0.0,0.0,0.0,0.0,0.0,0.0,0.0
1433941,0.0,0.0,0.0,0.0,0.0,1.0,0.0
1433943,0.0,0.0,0.0,0.0,0.0,2.0,0.0
1434443,0.0,0.0,0.0,0.0,0.0,0.0,0.0
1435042,0.0,0.0,0.0,0.0,0.0,1.0,0.0
1435542,0.0,0.0,0.0,0.0,0.0,0.0,0.0
1435660,0.0,0.0,0.0,0.0,0.0,1.0,0.0
1435900,0.0,0.0,0.0,0.0,0.0,2.0,0.0
1436400,0.0,0.0,0.0,0.0,0.0,0.0,0.0
1438488,0.0,0.0,0.0,0.0,0.0,1.0,0.0
1438988,0.0,0.0,0.0,0.0,0.0,0.0,0.0
1439004,0.0,0.0,0.0,0.0,1.0,0.0,0.0
1439179,0.0,0.0,0.0,0.0,1.0,1.0,0.0
1439504,0.0,0.0,0.0,0.0,0.0,1.0,0.0
1439679,0.0,0.0,0.0,0.0,0.0,0.0,0.0
1439777,0.0,0.0,0.0,0.0,0.0,1.0,0.0
1440277,0.0,0.0,0.0,0.0,0.0,0.0,0.0
1441784,0.0,0.0,0.0,0.0,0.0,1.0,0.0
1442284,0.0,0.0,0.0,0.0,0.0,0.0,0.0
1442519,0.0,0.0,0.0,0.0,0.0,1.0,0.0
1443019,0.0,0.0,0.0,0.0,0.0,0.0,0.0
1444057,0.0,0.0,0.0,0.0,0.0,1.0,0.0
1444557,0.0,0.0,0.0,0.0,0.0,0.0,0.0
1445052,0.0,0.0,0.0,0.0,0.0,1.0,0.0
1445063,0.0,0.0,0.0,0.0,0.0,2.0,0.0
1445563,0.0,0.0,0.0,0.0,0.0,0.0,0.0
1445625,0.0,2.0,0.0,0.0,0.0,0.0,0.0
1446125,0.0,0.0,0.0,0.0,0.0,0.0,0.0
1447762,0.0,0.0,0.0,0.0,0.0,1.0,0.0
1448262,0.0,0.0,0.0,0.0,0.0,0.0,0.0
1448406,0.0,0.0,0.0,0.0,0.0,1.0,0.0
1448906,0.0,0.0,0.0,0.0,0.0,0.0,0.0
1450009,0.0,0.0,0.0,0.0,0.0,1.0,0.0
1450509,0.0,0.0,0.0,0.0,0.0,0.0,0.0
1450767,0.0,0.0,0.0,0.0,0.0,1.0,0.0
1451267,0.0,0.0,0.0,0.0,0.0,0.0,0.0
1451407,0.0,0.0,0.0,0.0,0.0,1.0,0.0
1451907,0.0,0.0,0.0,0.0,0.0,0.0,0.0
1451986,0.0,0.0,0.0,0.0,0.0,1.0,0.0
1452486,0.0,0.0,0.0,0.0,0.0,0.0,0.0
1453027,0.0,0.0,0.0,0.0,0.0,1.0,0.0
1453527,0.0,0.0,0.0,0.0,0.0,0.0,0.0
1453925,0.0,0.0,0.0,0.0,0.0,1.0,0.0
1454425,0.0,0.0,0.0,0.0,0.0,0.0,0.0
1454829,0.0,0.0,0.0,0.0,0.0,1.0,0.0
1455038,0.0,0.0,0.0,0.0,0.0,2.0,0.0
1455538,0.0,0.0,0.0,0.0,0.0,0.0,0.0
1455594,0.0,0.0,0.0,0.0,0.0,1.0,0.0
1455603,0.0,0.0,0.0,0.0,0.0,2.0,0.0
1456103,0.0,0.0,0.0,0.0,0.0,0.0,0.0
1456213,0.0,0.0,0.0,0.0,0.0,1.0,0.0
1456713,0.0,0.0,0.0,0.0,0.0,0.0,0.0
1456812,0.0,0.0,0.0,0.0,0.0,1.0,0.0
1457312,0.0,0.0,0.0,0.0,0.0,0.0,0.0
1457885,0.0,0.0,0.0,0.0,0.0,1.0,0.0
1458091,0.0,2.0,0.0,0.0,0.0,1.0,0.0
1458385,0.0,2.0,0.0,0.0,0.0,0.0,0.0
1458484,0.0,2.0,0.0,0.0,0.0,1.0,0.0
1458591,0.0,0.0,0.0,0.0,0.0,1.0,0.0
1458984,0.0,0.0,0.0,0.0,0.0,0.0,0.0
1459029,0.0,0.0,0.0,0.0,0.0,1.0,0.0
1459529,0.0,0.0,0.0,0.0,0.0,0.0,0.0
1459764,0.0,0.0,0.0,0.0,0.0,1.0,0.0
1460264,0.0,0.0,0.0,0.0,0.0,0.0,0.0
1460671,0.0,0.0,0.0,0.0,0.0,1.0,0.0
1461090,0.0,0.0,0.0,0.0,0.0,2.0,0.0
1461590,0.0,0.0,0.0,0.0,0.0,0.0,0.0
1461825,0.0,0.0,0.0,0.0,0.0,1.0,0.0
1462325,0.0,0.0,0.0,0.0,0.0,0.0,0.0
1462620,0.0,0.0,0.0,0.0,0.0,1.0,0.0
1462635,0.0,0.0,0.0,0.0,0.0,2.0,0.0
1463135,0.0,0.0,0.0,0.0,0.0,0.0,0.0
1463280,0.0,0.0,0.0,0.0,0.0,1.0,0.0
1463780,0.0,0.0,0.0,0.0,0.0,0.0,0.0
1463832,0.0,0.0,0.0,0.0,0.0,1.0,0.0
1464332,0.0,0.0,0.0,0.0,0.0,0.0,0.0
1465507,0.0,0.0,0.0,0.0,0.0,1.0,0.0
1465621,0.0,0.0,0.0,0.0,0.0,2.0,0.0
1466121,0.0,0.0,0.0,0.0,0.0,0.0,0.0
1466296,0.0,0.0,0.0,0.0,0.0,1.0,0.0
1466643,0.0,0.0,0.0,0.0,0.0,2.0,0.0
1467069,0.0,2.0,0.0,0.0,0.0,2.0,0.0
1467143,0.0,2.0,0.0,0.0,0.0,0.0,0.0
1467569,0.0,0.0,0.0,0.0,0.0,0.0,0.0
1467635,0.0,0.0,0.0,0.0,0.0,1.0,0.0
1468135,0.0,0.0,0.0,0.0,0.0,0.0,0.0
1468202,0.0,0.0,0.0,0.0,0.0,1.0,0.0
1468461,0.0,0.0,0.0,0.0,0.0,2.0,0.0
1468961,0.0,0.0,0.0,0.0,0.0,0.0,0.0
1470634,0.0,0.0,0.0,0.0,0.0,1.0,0.0
1471578,0.0,0.0,0.0,0.0,0.0,2.0,0.0
1472078,0.0,0.0,0.0,0.0,0.0,0.0,0.0
1472837,0.0,0.0,0.0,0.0,0.0,1.0,0.0
1473337,0.0,0.0,0.0,0.0,0.0,0.0,0.0
1473652,0.0,0.0,0.0,0.0,0.0,1.0,0.0
1473665,0.0,0.0,0.0,0.0,0.0,2.0,0.0
1474033,0.0,2.0,0.0,0.0,0.0,2.0,0.0
1474165,0.0,2.0,0.0,0.0,0.0,0.0,0.0
1474533,0.0,0.0,0.0,0.0,0.0,0.0,0.0
1475026,0.0,0.0,0.0,0.0,0.0,1.0,0.0
1475526,0.0,0.0,0.0,0.0,0.0,0.0,0.0
1475801,0.0,0.0,0.0,0.0,0.0,1.0,0.0
1476301,0.0,0.0,0.0,0.0,0.0,0.0,0.0
1477291,0.0,0.0,0.0,0.0,0.0,1.0,0.0
1477295,0.0,0.0,0.0,0.0,0.0,2.0,0.0
1477298,0.0,0.0,0.0,0.0,1.0,2.0,0.0
1477333,0.0,0.0,0.0,0.0,2.0,2.0,0.0
1477795,0.0,0.0,0.0,0.0,2.0,0.0,0.0
1477833,0.0,0.0,0.0,0.0,0.0,0.0,0.0
1477970,0.0,0.0,0.0,0.0,0.0,1.0,0.0
1478470,0.0,0.0,0.0,0.0,0.0,0.0,0.0
1478563,0.0,0.0,0.0,0.0,0.0,1.0,0.0
1479063,0.0,0.0,0.0,0.0,0.0,0.0,0.0
1479116,0.0,0.0,0.0,0.0,0.0,1.0,0.0
1479466,0.0,2.0,0.0,0.0,0.0,1.0,0.0
1479616,0.0,2.0,0.0,0.0,0.0,0.0,0.0
1479641,0.0,2.0,0.0,0.0,0.0,1.0,0.0
1479643,0.0,2.0,0.0,0.0,0.0,2.0,0.0
1479966,0.0,0.0,0.0,0.0,0.0,2.0,0.0
1480143,0.0,0.0,0.0,0.0,0.0,0.0,0.0
1480448,0.0,0.0,0.0,0.0,0.0,1.0,0.0
1480580,0.0,0.0,0.0,0.0,0.0,2.0,0.0
1481080,0.0,0.0,0.0,0.0,0.0,0.0,0.0
1481727,0.0,0.0,0.0,0.0,0.0,1.0,0.0
1482227,0.0,0.0,0.0,0.0,0.0,0.0,0.0
1482773,0.0,0.0,0.0,0.0,0.0,1.0,0.0
1483240,0.0,0.0,0.0,0.0,0.0,2.0,0.0
1483740,0.0,0.0,0.0,0.0,0.0,0.0,0.0
1484155,0.0,0.0,0.0,0.0,0.0,1.0,0.0
1484655,0.0,0.0,0.0,0.0,0.0,0.0,0.0
1484934,0.0,0.0,0.0,0.0,0.0,1.0,0.0
1484936,0.0,0.0,0.0,0.0,0.0,2.0,0.0
1485296,0.0,0.0,0.0,0.0,1.0,2.0,0.0
1485436,0.0,0.0,0.0,0.0,1.0,0.0,0.0
1485796,0.0,0.0,0.0,0.0,0.0,0.0,0.0
1485931,0.0,0.0,0.0,0.0,0.0,1.0,0.0
1486431,0.0,0.0,0.0,0.0,0.0,0.0,0.0
1486837,0.0,0.0,0.0,0.0,0.0,1.0,0.0
1487337,0.0,0.0,0.0,0.0,0.0,0.0,0.0
1487983,0.0,0.0,0.0,0.0,0.0,1.0,0.0
1487990,0.0,0.0,0.0,0.0,0.0,2.0,0.0
1488490,0.0,0.0,0.0,0.0,0.0,0.0,0.0
1488646,0.0,0.0,0.0,0.0,0.0,1.0,0.0
1489646,0.0,0.0,0.0,0.0,0.0,0.0,0.0
1490076,0.0,0.0,0.0,0.0,0.0,1.0,0.0
1490098,0.0,0.0,0.0,0.0,0.0,2.0,0.0
1490598,0.0,0.0,0.0,0.0,0.0,0.0,0.0
1490801,0.0,0.0,0.0,0.0,0.0,1.0,0.0
1491301,0.0,0.0,0.0,0.0,0.0,0.0,0.0
1491606,0.0,0.0,0.0,0.0,0.0,1.0,0.0
1492106,0.0,0.0,0.0,0.0,0.0,0.0,0.0
1492165,0.0,0.0,0.0,0.0,0.0,1.0,0.0
1492609,0.0,0.0,0.0,0.0,0.0,2.0,0.0
1493109,0.0,0.0,0.0,0.0,0.0,0.0,0.0
1493208,0.0,0.0,0.0,0.0,0.0,1.0,0.0
1493708,0.0,0.0,0.0,0.0,0.0,0.0,0.0
1493942,0.0,0.0,0.0,0.0,0.0,1.0,0.0
1494442,0.0,0.0,0.0,0.0,0.0,0.0,0.0
1494527,0.0,0.0,0.0,0.0,0.0,1.0,0.0
1495027,0.0,0.0,0.0,0.0,0.0,0.0,0.0
1495216,0.0,0.0,0.0,0.0,0.0,1.0,0.0
1495716,0.0,0.0,0.0,0.0,0.0,0.0,0.0
1496960,0.0,0.0,0.0,0.0,0.0,1.0,0.0
1497446,0.0,0.0,0.0,0.0,0.0,2.0,0.0
1497946,0.0,0.0,0.0,0.0,0.0,0.0,0.0
1498231,0.0,0.0,0.0,0.0,0.0,1.0,0.0
1498731,0.0,0.0,0.0,0.0,0.0,0.0,0.0
1499158,0.0,0.0,0.0,0.0,0.0,1.0,0.0
1499658,0.0,0.0,0.0,0.0,0.0,0.0,0.0
1499922,0.0,0.0,0.0,0.0,0.0,1.0,0.0
1500422,0.0,0.0,0.0,0.0,0.0,0.0,0.0
1500709,0.0,0.0,0.0,0.0,0.0,1.0,0.0
1501209,0.0,0.0,0.0,0.0,0.0,0.0,0.0
1504351,0.0,0.0,0.0,0.0,0.0,1.0,0.0
1504851,0.0,0.0,0.0,0.0,0.0,0.0,0.0
1506387,0.0,0.0,0.0,0.0,0.0,1.0,0.0
1506887,0.0,0.0,0.0,0.0,0.0,0.0,0.0
1508202,0.0,0.0,0.0,0.0,0.0,1.0,0.0
1508702,0.0,0.0,0.0,0.0,0.0,0.0,0.0
1510190,0.0,0.0,0.0,0.0,0.0,1.0,0.0
1510690,0.0,0.0,0.0,0.0,0.0,0.0,0.0
1511022,0.0,0.0,0.0,0.0,0.0,1.0,0.0
1511522,0.0,0.0,0.0,0.0,0.0,0.0,0.0
1513575,0.0,0.0,0.0,0.0,0.0,1.0,0.0
1514075,0.0,0.0,0.0,0.0,0.0,0.0,0.0
1516197,0.0,0.0,0.0,0.0,0.0,1.0,0.0
1516697,0.0,0.0,0.0,0.0,0.0,0.0,0.0
1518934,0.0,0.0,0.0,0.0,0.0,1.0,0.0
1519434,0.0,0.0,0.0,0.0,0.0,0.0,0.0
1520764,0.0,0.0,0.0,0.0,0.0,1.0,0.0
1521264,0.0,0.0,0.0,0.0,0.0,0.0,0.0
1521434,0.0,0.0,0.0,0.0,0.0,1.0,0.0
1521934,0.0,0.0,0.0,0.0,0.0,0.0,0.0
1522884,0.0,0.0,0.0,0.0,0.0,1.0,0.0
1523384,0.0,0.0,0.0,0.0,0.0,0.0,0.0
1524910,0.0,0.0,0.0,0.0,1.0,0.0,0.0
1524911,0.0,0.0,0.0,0.0,2.0,0.0,0.0
1524912,0.0,0.0,0.0,0.0,2.0,1.0,0.0
1525411,0.0,0.0,0.0,0.0,0.0,1.0,0.0
1525412,0.0,0.0,0.0,0.0,0.0,0.0,0.0
1527169,0.0,0.0,0.0,0.0,0.0,1.0,0.0
1527274,0.0,0.0,0.0,0.0,0.0,2.0,0.0
1527774,0.0,0.0,0.0,0.0,0.0,0.0,0.0
1528838,0.0,0.0,0.0,0.0,1.0,0.0,0.0
1528867,0.0,0.0,0.0,0.0,1.0,1.0,0.0
1529338,0.0,0.0,0.0,0.0,0.0,1.0,0.0
1529367,0.0,0.0,0.0,0.0,0.0,0.0,0.0
1530094,0.0,0.0,0.0,0.0,0.0,1.0,0.0
1530594,0.0,0.0,0.0,0.0,0.0,0.0,0.0
1533756,0.0,0.0,0.0,0.0,0.0,1.0,0.0
1534256,0.0,0.0,0.0,0.0,0.0,0.0,0.0
1536583,0.0,0.0,0.0,0.0,0.0,1.0,0.0
1537083,0.0,0.0,0.0,0.0,0.0,0.0,0.0
1540047,0.0,0.0,0.0,0.0,0.0,1.0,0.0
1540547,0.0,0.0,0.0,0.0,0.0,0.0,0.0
1541187,0.0,0.0,0.0,0.0,0.0,1.0,0.0
1541687,0.0,0.0,0.0,0.0,0.0,0.0,0.0
1541936,0.0,0.0,0.0,0.0,0.0,1.0,0.0
1542436,0.0,0.0,0.0,0.0,0.0,0.0,0.0
1542602,0.0,0.0,0.0,0.0,0.0,1.0,0.0
1543102,0.0,0.0,0.0,0.0,0.0,0.0,0.0
1543162,0.0,0.0,0.0,0.0,0.0,1.0,0.0
1543662,0.0,0.0,0.0,0.0,0.0,0.0,0.0
1543912,0.0,0.0,0.0,0.0,0.0,1.0,0.0
1544412,0.0,0.0,0.0,0.0,0.0,0.0,0.0
1545216,0.0,0.0,0.0,0.0,0.0,1.0,0.0
1545716,0.0,0.0,0.0,0.0,0.0,0.0,0.0
1548103,0.0,0.0,0.0,0.0,0.0,1.0,0.0
1548603,0.0,0.0,0.0,0.0,0.0,0.0,0.0
1549365,0.0,0.0,0.0,0.0,0.0,1.0,0.0
1549865,0.0,0.0,0.0,0.0,0.0,0.0,0.0
1551162,0.0,0.0,0.0,0.0,0.0,1.0,0.0
1551375,0.0,0.0,0.0,0.0,0.0,2.0,0.0
1551875,0.0,0.0,0.0,0.0,0.0,0.0,0.0
1552233,0.0,0.0,0.0,0.0,0.0,1.0,0.0
1552733,0.0,0.0,0.0,0.0,0.0,0.0,0.0
1553699,0.0,0.0,0.0,0.0,0.0,1.0,0.0
1553702,0.0,0.0,0.0,0.0,1.0,2.0,0.0
1553719,0.0,0.0,0.0,0.0,2.0,2.0,0.0
1554202,0.0,0.0,0.0,0.0,2.0,0.0,0.0
1554219,0.0,0.0,0.0,0.0,0.0,0.0,0.0
1554599,0.0,0.0,0.0,0.0,1.0,0.0,0.0
1555017,0.0,0.0,0.0,0.0,1.0,1.0,0.0
1555099,0.0,0.0,0.0,0.0,0.0,1.0,0.0
1555517,0.0,0.0,0.0,0.0,0.0,0.0,0.0
1559512,0.0,0.0,0.0,0.0,0.0,1.0,0.0
1560012,0.0,0.0,0.0,0.0,0.0,0.0,0.0
1563168,0.0,0.0,0.0,0.0,0.0,1.0,0.0
1563173,0.0,0.0,0.0,0.0,1.0,1.0,0.0
1563183,0.0,0.0,0.0,0.0,2.0,2.0,0.0
1563683,0.0,0.0,0.0,0.0,0.0,0.0,0.0
1564362,0.0,0.0,0.0,0.0,0.0,1.0,0.0
1564862,0.0,0.0,0.0,0.0,0.0,0.0,0.0
1566593,0.0,0.0,0.0,0.0,0.0,1.0,0.0
1566597,0.0,0.0,0.0,0.0,0.0,2.0,0.0
1567097,0.0,0.0,0.0,0.0,0.0,0.0,0.0
1574451,0.0,0.0,0.0,0.0,0.0,1.0,0.0
1574951,0.0,0.0,0.0,0.0,0.0,0.0,0.0
1575742,0.0,0.0,0.0,0.0,0.0,1.0,0.0
1575749,0.0,0.0,0.0,0.0,0.0,2.0,0.0
1576249,0.0,0.0,0.0,0.0,0.0,0.0,0.0
1576497,0.0,0.0,0.0,0.0,0.0,1.0,0.0
1576501,0.0,0.0,0.0,0.0,0.0,2.0,0.0
1577001,0.0,0.0,0.0,0.0,0.0,0.0,0.0
1579267,0.0,0.0,0.0,0.0,0.0,1.0,0.0
1579767,0.0,0.0,0.0,0.0,0.0,0.0,0.0
1581239,0.0,0.0,0.0,0.0,0.0,1.0,0.0
1581248,0.0,0.0,0.0,0.0,1.0,2.0,0.0
1581748,0.0,0.0,0.0,0.0,0.0,0.0,0.0
1581781,0.0,0.0,0.0,0.0,0.0,1.0,0.0
1582281,0.0,0.0,0.0,0.0,0.0,0.0,0.0
1583675,0.0,0.0,0.0,0.0,0.0,1.0,0.0
1584175,0.0,0.0,0.0,0.0,0.0,0.0,0.0
1584889,0.0,0.0,0.0,0.0,0.0,1.0,0.0
1585389,0.0,0.0,0.0,0.0,0.0,0.0,0.0
1587980,0.0,0.0,0.0,0.0,0.0,1.0,0.0
1588480,0.0,0.0,0.0,0.0,0.0,0.0,0.0
1589576,0.0,0.0,0.0,0.0,0.0,1.0,0.0
1590076,0.0,0.0,0.0,0.0,0.0,0.0,0.0
1590489,0.0,0.0,0.0,0.0,0.0,1.0,0.0
1590989,0.0,0.0,0.0,0.0,0.0,0.0,0.0
1591853,0.0,0.0,0.0,0.0,0.0,1.0,0.0
1592353,0.0,0.0,0.0,0.0,0.0,0.0,0.0
1593004,0.0,0.0,0.0,0.0,0.0,1.0,0.0
1593042,0.0,0.0,0.0,0.0,1.0,1.0,0.0
1593504,0.0,0.0,0.0,0.0,1.0,0.0,0.0
1593542,0.0,0.0,0.0,0.0,0.0,0.0,0.0
1593894,0.0,0.0,0.0,0.0,0.0,1.0,0.0
1594394,0.0,0.0,0.0,0.0,0.0,0.0,0.0
1596200,0.0,0.0,0.0,0.0,0.0,1.0,0.0
1596700,0.0,0.0,0.0,0.0,0.0,0.0,0.0
1596960,0.0,0.0,0.0,0.0,0.0,1.0,0.0
1597460,0.0,0.0,0.0,0.0,0.0,0.0,0.0
1601500,0.0,0.0,0.0,0.0,0.0,0.0,1.0
1601632,0.0,0.0,0.0,0.0,0.0,1.0,1.0
1601634,0.0,0.0,0.0,0.0,0.0,2.0,1.0
1601855,2.0,0.0,0.0,0.0,0.0,2.0,1.0
1601979,2.0,2.0,0.0,0.0,0.0,2.0,1.0
1602000,2.0,2.0,0.0,0.0,0.0,2.0,0.0
1602047,2.0,2.0,0.0,0.0,1.0,2.0,0.0
1602134,2.0,2.0,0.0,0.0,1.0,0.0,0.0
1602203,2.0,2.0,0.0,0.0,2.0,0.0,0.0
1602355,0.0,2.0,0.0,0.0,2.0,0.0,0.0
1602479,0.0,0.0,0.0,0.0,2.0,0.0,0.0
1602703,0.0,0.0,0.0,0.0,0.0,0.0,0.0
1603198,0.0,0.0,0.0,0.0,1.0,0.0,0.0
1603200,0.0,0.0,0.0,0.0,2.0,0.0,0.0
1603201,0.0,0.0,0.0,0.0,2.0,1.0,0.0
1603660,0.0,0.0,1.0,0.0,2.0,1.0,0.0
1603700,0.0,0.0,1.0,0.0,0.0,1.0,0.0
1603701,0.0,0.0,1.0,0.0,0.0,0.0,0.0
1605277,0.0,0.0,1.0,0.0,0.0,1.0,0.0
1605777,0.0,0.0,1.0,0.0,0.0,0.0,0.0
1605785,0.0,0.0,1.0,0.0,0.0,1.0,0.0
1606285,0.0,0.0,1.0,0.0,0.0,0.0,0.0
1606477,0.0,0.0,2.0,0.0,0.0,0.0,0.0
1606977,0.0,0.0,0.0,0.0,0.0,0.0,0.0
1607386,0.0,0.0,0.0,0.0,0.0,1.0,0.0
1607387,0.0,0.0,0.0,0.0,1.0,1.0,0.0
1607392,0.0,0.0,0.0,0.0,1.0,2.0,0.0
1607394,0.0,0.0,0.0,0.0,2.0,2.0,0.0
1607892,0.0,0.0,0.0,0.0,2.0,0.0,0.0
1607894,0.0,0.0,0.0,0.0,0.0,0.0,0.0
1607988,0.0,0.0,0.0,0.0,0.0,1.0,0.0
1608426,0.0,0.0,0.0,0.0,0.0,2.0,0.0
1608926,0.0,0.0,0.0,0.0,0.0,0.0,0.0
1610787,0.0,0.0,0.0,0.0,0.0,1.0,0.0
1611204,0.0,0.0,0.0,0.0,0.0,2.0,0.0
1611704,0.0,0.0,0.0,0.0,0.0,0.0,0.0
1611764,0.0,0.0,0.0,0.0,0.0,1.0,0.0
1611766,0.0,0.0,0.0,0.0,0.0,2.0,0.0
1612266,0.0,0.0,0.0,0.0,0.0,0.0,0.0
1612442,0.0,0.0,0.0,0.0,0.0,1.0,0.0
1612942,0.0,0.0,0.0,0.0,0.0,0.0,0.0
1612989,0.0,0.0,0.0,0.0,0.0,1.0,0.0
1613427,0.0,0.0,0.0,0.0,0.0,2.0,0.0
1613927,0.0,0.0,0.0,0.0,0.0,0.0,0.0
1614707,0.0,0.0,0.0,0.0,0.0,1.0,0.0
1615207,0.0,0.0,0.0,0.0,0.0,0.0,0.0
1615275,0.0,0.0,0.0,0.0,0.0,1.0,0.0
1615277,0.0,0.0,0.0,0.0,0.0,2.0,0.0
1615777,0.0,0.0,0.0,0.0,0.0,0.0,0.0
1616501,0.0,0.0,0.0,0.0,0.0,1.0,0.0
1617001,0.0,0.0,0.0,0.0,0.0,0.0,0.0
1617598,0.0,0.0,0.0,0.0,0.0,1.0,0.0
1618098,0.0,0.0,0.0,0.0,0.0,0.0,0.0
1618224,0.0,0.0,0.0,0.0,0.0,1.0,0.0
1618409,0.0,0.0,0.0,0.0,0.0,2.0,0.0
1618909,0.0,0.0,0.0,0.0,0.0,0.0,0.0
1619669,0.0,0.0,0.0,0.0,0.0,1.0,0.0
1620169,0.0,0.0,0.0,0.0,0.0,0.0,0.0
1620234,0.0,0.0,0.0,0.0,0.0,1.0,0.0
1620734,0.0,0.0,0.0,0.0,0.0,0.0,0.0
1620811,0.0,0.0,0.0,0.0,0.0,1.0,0.0
1621148,0.0,0.0,0.0,0.0,0.0,2.0,0.0
1621648,0.0,0.0,0.0,0.0,0.0,0.0,0.0
1623268,0.0,0.0,0.0,0.0,0.0,1.0,0.0
1623270,0.0,0.0,0.0,0.0,0.0,2.0,0.0
1623770,0.0,0.0,0.0,0.0,0.0,0.0,0.0
1623895,0.0,0.0,0.0,0.0,0.0,1.0,0.0
1624395,0.0,0.0,0.0,0.0,0.0,0.0,0.0
1624596,0.0,0.0,0.0,0.0,0.0,1.0,0.0
1625096,0.0,0.0,0.0,0.0,0.0,0.0,0.0
1625156,0.0,0.0,0.0,0.0,0.0,1.0,0.0
1625394,0.0,0.0,0.0,0.0,0.0,2.0,0.0
1625894,0.0,0.0,0.0,0.0,0.0,0.0,0.0
1626550,0.0,0.0,0.0,0.0,0.0,1.0,0.0
1627050,0.0,0.0,0.0,0.0,0.0,0.0,0.0
1627059,0.0,0.0,0.0,0.0,0.0,1.0,0.0
1627559,0.0,0.0,0.0,0.0,0.0,0.0,0.0
1627583,0.0,0.0,0.0,0.0,0.0,1.0,0.0
1627619,0.0,0.0,0.0,0.0,0.0,2.0,0.0
1628119,0.0,0.0,0.0,0.0,0.0,0.0,0.0
1628993,0.0,0.0,0.0,0.0,0.0,1.0,0.0
1629493,0.0,0.0,0.0,0.0,0.0,0.0,0.0
1630424,0.0,0.0,0.0,0.0,0.0,1.0,0.0
1630924,0.0,0.0,0.0,0.0,0.0,0.0,0.0
1631323,0.0,0.0,0.0,0.0,0.0,1.0,0.0
1631325,0.0,0.0,0.0,0.0,0.0,2.0,0.0
1631825,0.0,0.0,0.0,0.0,0.0,0.0,0.0
1633526,0.0,0.0,0.0,0.0,0.0,1.0,0.0
1634026,0.0,0.0,0.0,0.0,0.0,0.0,0.0
1634663,0.0,0.0,0.0,0.0,1.0,0.0,0.0
1634720,0.0,0.0,0.0,0.0,1.0,1.0,0.0
1634953,0.0,0.0,0.0,0.0,1.0,2.0,0.0
1635163,0.0,0.0,0.0,0.0,0.0,2.0,0.0
1635453,0.0,0.0,0.0,0.0,0.0,0.0,0.0
1636045,0.0,0.0,0.0,0.0,0.0,1.0,0.0
1636545,0.0,0.0,0.0,0.0,0.0,0.0,0.0
1636912,0.0,0.0,0.0,0.0,0.0,1.0,0.0
1637412,0.0,0.0,0.0,0.0,0.0,0.0,0.0
1637630,0.0,0.0,0.0,0.0,0.0,1.0,0.0
1638130,0.0,0.0,0.0,0.0,0.0,0.0,0.0
1638223,0.0,0.0,0.0,0.0,0.0,1.0,0.0
1638398,0.0,0.0,0.0,0.0,0.0,2.0,0.0
1638898,0.0,0.0,0.0,0.0,0.0,0.0,0.0
1638988,0.0,0.0,0.0,0.0,0.0,1.0,0.0
1639488,0.0,0.0,0.0,0.0,0.0,0.0,0.0
1639591,0.0,0.0,0.0,0.0,0.0,1.0,0.0
1639784,0.0,0.0,0.0,0.0,0.0,2.0,0.0
1640284,0.0,0.0,0.0,0.0,0.0,0.0,0.0
1642378,0.0,0.0,0.0,0.0,0.0,1.0,0.0
1642878,0.0,0.0,0.0,0.0,0.0,0.0,0.0
1643598,0.0,0.0,0.0,0.0,0.0,1.0,0.0
1643938,0.0,0.0,0.0,0.0,0.0,2.0,0.0
1644438,0.0,0.0,0.0,0.0,0.0,0.0,0.0
1644849,0.0,0.0,0.0,0.0,0.0,1.0,0.0
1645349,0.0,0.0,0.0,0.0,0.0,0.0,0.0
1645653,0.0,0.0,0.0,0.0,0.0,1.0,0.0
1645657,0.0,0.0,0.0,0.0,0.0,2.0,0.0
1646157,0.0,0.0,0.0,0.0,0.0,0.0,0.0
1646266,0.0,0.0,0.0,0.0,0.0,1.0,0.0
1646278,0.0,0.0,0.0,0.0,0.0,2.0,0.0
1646778,0.0,0.0,0.0,0.0,0.0,0.0,0.0
1647858,0.0,0.0,0.0,0.0,0.0,1.0,0.0
1647867,0.0,0.0,0.0,0.0,0.0,2.0,0.0
1648367,0.0,0.0,0.0,0.0,0.0,0.0,0.0
1649273,0.0,0.0,0.0,0.0,0.0,1.0,0.0
1649773,0.0,0.0,0.0,0.0,0.0,0.0,0.0
1650652,0.0,0.0,0.0,0.0,0.0,1.0,0.0
1651152,0.0,0.0,0.0,0.0,0.0,0.0,0.0
1651289,0.0,0.0,0.0,0.0,0.0,1.0,0.0
1651789,0.0,0.0,0.0,0.0,0.0,0.0,0.0
1652812,0.0,0.0,0.0,0.0,0.0,1.0,0.0
1653081,0.0,0.0,0.0,0.0,0.0,2.0,0.0
1653581,0.0,0.0,0.0,0.0,0.0,0.0,0.0
1654164,0.0,0.0,0.0,0.0,0.0,1.0,0.0
1654664,0.0,0.0,0.0,0.0,0.0,0.0,0.0
1655545,0.0,0.0,0.0,0.0,0.0,1.0,0.0
1656045,0.0,0.0,0.0,0.0,0.0,0.0,0.0
1656177,0.0,0.0,0.0,0.0,0.0,1.0,0.0
1656677,0.0,0.0,0.0,0.0,0.0,0.0,0.0
1657357,0.0,0.0,0.0,0.0,0.0,1.0,0.0
1657857,0.0,0.0,0.0,0.0,0.0,0.0,0.0
1658294,0.0,0.0,0.0,0.0,0.0,1.0,0.0
1658794,0.0,0.0,0.0,0.0,0.0,0.0,0.0
1659289,0.0,0.0,0.0,0.0,0.0,1.0,0.0
1659306,0.0,0.0,0.0,0.0,0.0,2.0,0.0
1659806,0.0,0.0,0.0,0.0,0.0,0.0,0.0
1660768,0.0,0.0,0.0,0.0,0.0,1.0,0.0
1661268,0.0,0.0,0.0,0.0,0.0,0.0,0.0
1661396,0.0,0.0,0.0,0.0,0.0,1.0,0.0
1661400,0.0,0.0,0.0,0.0,0.0,2.0,0.0
1661900,0.0,0.0,0.0,0.0,0.0,0.0,0.0
1662024,0.0,0.0,0.0,0.0,0.0,1.0,0.0
1662026,0.0,0.0,0.0,0.0,0.0,2.0,0.0
1662526,0.0,0.0,0.0,0.0,0.0,0.0,0.0
1663446,0.0,0.0,0.0,0.0,0.0,1.0,0.0
1663574,0.0,0.0,0.0,0.0,0.0,2.0,0.0
1664074,0.0,0.0,0.0,0.0,0.0,0.0,0.0
1664188,0.0,2.0,0.0,0.0,0.0,0.0,0.0
1664530,0.0,2.0,0.0,0.0,0.0,1.0,0.0
1664688,0.0,0.0,0.0,0.0,0.0,1.0,0.0
1665030,0.0,0.0,0.0,0.0,0.0,0.0,0.0
1665298,0.0,0.0,0.0,0.0,0.0,1.0,0.0
1665798,0.0,0.0,0.0,0.0,0.0,0.0,0.0
1666195,0.0,0.0,0.0,0.0,0.0,1.0,0.0
1666695,0.0,0.0,0.0,0.0,0.0,0.0,0.0
1666974,0.0,0.0,0.0,0.0,0.0,1.0,0.0
1666976,0.0,0.0,0.0,0.0,0.0,2.0,0.0
1667476,0.0,0.0,0.0,0.0,0.0,0.0,0.0
1667846,0.0,0.0,0.0,0.0,0.0,1.0,0.0
1667849,0.0,0.0,0.0,0.0,0.0,2.0,0.0
1668349,0.0,0.0,0.0,0.0,0.0,0.0,0.0
1668680,0.0,0.0,0.0,0.0,0.0,1.0,0.0
1669180,0.0,0.0,0.0,0.0,0.0,0.0,0.0
1669230,0.0,0.0,0.0,0.0,0.0,1.0,0.0
1669472,0.0,0.0,0.0,0.0,0.0,2.0,0.0
1669972,0.0,0.0,0.0,0.0,0.0,0.0,0.0
1671794,0.0,0.0,0.0,0.0,0.0,1.0,0.0
1672294,0.0,0.0,0.0,0.0,0.0,0.0,0.0
1672454,0.0,0.0,0.0,0.0,0.0,1.0,0.0
1672456,0.0,0.0,0.0,0.0,0.0,2.0,0.0
1672956,0.0,0.0,0.0,0.0,0.0,0.0,0.0
1673495,0.0,0.0,0.0,0.0,0.0,1.0,0.0
1673590,0.0,0.0,0.0,0.0,0.0,2.0,0.0
1674090,0.0,0.0,0.0,0.0,0.0,0.0,0.0
1674240,0.0,0.0,0.0,0.0,0.0,1.0,0.0
1674740,0.0,0.0,0.0,0.0,0.0,0.0,0.0
1675169,0.0,0.0,0.0,0.0,0.0,1.0,0.0
1675669,0.0,0.0,0.0,0.0,0.0,0.0,0.0
1675840,0.0,0.0,0.0,0.0,0.0,1.0,0.0
1675842,0.0,0.0,0.0,0.0,0.0,2.0,0.0
1676342,0.0,0.0,0.0,0.0,0.0,0.0,0.0
1677022,0.0,0.0,0.0,0.0,0.0,1.0,0.0
1677121,0.0,0.0,0.0,0.0,0.0,2.0,0.0
1677621,0.0,0.0,0.0,0.0,0.0,0.0,0.0
1677632,0.0,0.0,0.0,0.0,0.0,1.0,0.0
1678132,0.0,0.0,0.0,0.0,0.0,0.0,0.0
1678166,0.0,0.0,0.0,0.0,0.0,1.0,0.0
1678168,0.0,0.0,0.0,0.0,0.0,2.0,0.0
1678668,0.0,0.0,0.0,0.0,0.0,0.0,0.0
1679473,0.0,0.0,0.0,0.0,0.0,1.0,0.0
1679575,0.0,0.0,0.0,0.0,0.0,2.0,0.0
1680075,0.0,0.0,0.0,0.0,0.0,0.0,0.0
1680352,0.0,0.0,0.0,0.0,0.0,1.0,0.0
1680852,0.0,0.0,0.0,0.0,0.0,0.0,0.0
1681682,0.0,0.0,0.0,0.0,0.0,1.0,0.0
1682050,0.0,0.0,0.0,0.0,0.0,2.0,0.0
1682550,0.0,0.0,0.0,0.0,0.0,0.0,0.0
1682719,0.0,0.0,0.0,0.0,0.0,1.0,0.0
1682907,0.0,0.0,0.0,0.0,0.0,2.0,0.0
1683407,0.0,0.0,0.0,0.0,0.0,0.0,0.0
1683817,0.0,0.0,0.0,0.0,0.0,1.0,0.0
1684317,0.0,0.0,0.0,0.0,0.0,0.0,0.0
1685032,0.0,0.0,0.0,0.0,0.0,1.0,0.0
1685532,0.0,0.0,0.0,0.0,0.0,0.0,0.0
1685634,0.0,0.0,0.0,0.0,0.0,1.0,0.0
1686134,0.0,0.0,0.0,0.0,0.0,0.0,0.0
1686141,0.0,0.0,0.0,0.0,0.0,1.0,0.0
1686143,0.0,0.0,0.0,0.0,0.0,2.0,0.0
1686643,0.0,0.0,0.0,0.0,0.0,0.0,0.0
1687422,0.0,0.0,0.0,0.0,0.0,1.0,0.0
1687922,0.0,0.0,0.0,0.0,0.0,0.0,0.0
1688964,0.0,0.0,0.0,0.0,0.0,1.0,0.0
1689325,0.0,0.0,0.0,0.0,0.0,2.0,0.0
1689825,0.0,0.0,0.0,0.0,0.0,0.0,0.0
1690262,0.0,0.0,0.0,0.0,0.0,1.0,0.0
1690278,0.0,0.0,0.0,0.0,0.0,2.0,0.0
1690778,0.0,0.0,0.0,0.0,0.0,0.0,0.0
1690935,0.0,0.0,0.0,0.0,0.0,1.0,0.0
1690938,0.0,0.0,0.0,0.0,0.0,2.0,0.0
1691438,0.0,0.0,0.0,0.0,0.0,0.0,0.0
1693098,0.0,0.0,0.0,0.0,0.0,1.0,0.0
1693592,0.0,0.0,0.0,0.0,0.0,2.0,0.0
1694092,0.0,0.0,0.0,0.0,0.0,0.0,0.0
1694203,0.0,0.0,0.0,0.0,0.0,1.0,0.0
1695203,0.0,0.0,0.0,0.0,0.0,0.0,0.0
1695443,0.0,0.0,0.0,0.0,0.0,1.0,0.0
1695943,0.0,0.0,0.0,0.0,0.0,0.0,0.0
1696825,0.0,0.0,0.0,0.0,0.0,1.0,0.0
1697232,0.0,0.0,0.0,0.0,0.0,2.0,0.0
1697732,0.0,0.0,0.0,0.0,0.0,0.0,0.0
1698437,0.0,0.0,0.0,0.0,0.0,1.0,0.0
1698937,0.0,0.0,0.0,0.0,0.0,0.0,0.0
1699395,0.0,0.0,0.0,0.0,0.0,1.0,0.0
1699895,0.0,0.0,0.0,0.0,0.0,0.0,0.0
1700791,0.0,0.0,0.0,0.0,0.0,1.0,0.0
1701291,0.0,0.0,0.0,0.0,0.0,0.0,0.0
1704942,0.0,0.0,0.0,0.0,0.0,1.0,0.0
1704946,0.0,0.0,0.0,0.0,0.0,2.0,0.0
1704947,0.0,0.0,0.0,0.0,1.0,2.0,0.0
1705446,0.0,0.0,0.0,0.0,1.0,0.0,0.0
1705447,0.0,0.0,0.0,0.0,0.0,0.0,0.0
1706123,0.0,0.0,0.0,0.0,0.0,1.0,0.0
1706623,0.0,0.0,0.0,0.0,0.0,0.0,0.0
1707447,0.0,0.0,0.0,0.0,0.0,1.0,0.0
1707947,0.0,0.0,0.0,0.0,0.0,0.0,0.0
1710027,0.0,0.0,0.0,0.0,0.0,1.0,0.0
1710527,0.0,0.0,0.0,0.0,0.0,0.0,0.0
1710887,0.0,0.0,0.0,0.0,0.0,1.0,0.0
1711387,0.0,0.0,0.0,0.0,0.0,0.0,0.0
1711933,0.0,0.0,0.0,0.0,0.0,1.0,0.0
1712433,0.0,0.0,0.0,0.0,0.0,0.0,0.0
1713519,0.0,0.0,0.0,0.0,0.0,1.0,0.0
1714019,0.0,0.0,0.0,0.0,0.0,0.0,0.0
1714175,0.0,0.0,0.0,0.0,0.0,1.0,0.0
1714675,0.0,0.0,0.0,0.0,0.0,0.0,0.0
1718595,0.0,0.0,0.0,0.0,0.0,1.0,0.0
1719095,0.0,0.0,0.0,0.0,0.0,0.0,0.0
1719822,0.0,0.0,0.0,0.0,0.0,1.0,0.0
1720322,0.0,0.0,0.0,0.0,0.0,0.0,0.0
1720399,0.0,0.0,0.0,0.0,0.0,1.0,0.0
1720899,0.0,0.0,0.0,0.0,0.0,0.0,0.0
1722137,0.0,0.0,0.0,0.0,0.0,1.0,0.0
1722144,0.0,0.0,0.0,0.0,0.0,2.0,0.0
1722644,0.0,0.0,0.0,0.0,0.0,0.0,0.0
1723425,0.0,0.0,0.0,0.0,0.0,1.0,0.0
1723925,0.0,0.0,0.0,0.0,0.0,0.0,0.0
1724777,0.0,0.0,0.0,0.0,0.0,1.0,0.0
1725277,0.0,0.0,0.0,0.0,0.0,0.0,0.0
1728936,0.0,0.0,0.0,0.0,0.0,1.0,0.0
1729436,0.0,0.0,0.0,0.0,0.0,0.0,0.0
1730159,0.0,0.0,0.0,0.0,0.0,1.0,0.0
1730659,0.0,0.0,0.0,0.0,0.0,0.0,0.0
1733127,0.0,0.0,0.0,0.0,0.0,1.0,0.0
1733130,0.0,0.0,0.0,0.0,0.0,2.0,0.0
1733630,0.0,0.0,0.0,0.0,0.0,0.0,0.0
1734276,0.0,0.0,0.0,0.0,0.0,1.0,0.0
1734776,0.0,0.0,0.0,0.0,0.0,0.0,0.0
1734927,0.0,0.0,0.0,0.0,0.0,1.0,0.0
1735427,0.0,0.0,0.0,0.0,0.0,0.0,0.0
1737257,0.0,0.0,0.0,0.0,0.0,1.0,0.0
1737757,0.0,0.0,0.0,0.0,0.0,0.0,0.0
1740472,0.0,0.0,0.0,0.0,0.0,1.0,0.0
1740972,0.0,0.0,0.0,0.0,0.0,0.0,0.0
1741521,0.0,0.0,0.0,0.0,0.0,1.0,0.0
1742021,0.0,0.0,0.0,0.0,0.0,0.0,0.0
1743260,0.0,0.0,0.0,0.0,0.0,1.0,0.0
1743760,0.0,0.0,0.0,0.0,0.0,0.0,0.0
1744730,0.0,0.0,0.0,0.0,0.0,1.0,0.0
1745230,0.0,0.0,0.0,0.0,0.0,0.0,0.0
1750608,0.0,0.0,0.0,0.0,0.0,1.0,0.0
1751108,0.0,0.0,0.0,0.0,0.0,0.0,0.0
1751770,0.0,0.0,0.0,0.0,0.0,1.0,0.0
1752270,0.0,0.0,0.0,0.0,0.0,0.0,0.0
1756425,0.0,0.0,0.0,0.0,0.0,1.0,0.0
1756925,0.0,0.0,0.0,0.0,0.0,0.0,0.0
1758008,0.0,0.0,0.0,0.0,0.0,1.0,0.0
1758508,0.0,0.0,0.0,0.0,0.0,0.0,0.0
1758825,0.0,0.0,0.0,0.0,0.0,1.0,0.0
1759325,0.0,0.0,0.0,0.0,0.0,0.0,0.0
1764124,0.0,0.0,0.0,0.0,0.0,1.0,0.0
1764624,0.0,0.0,0.0,0.0,0.0,0.0,0.0
1765423,0.0,0.0,0.0,0.0,0.0,1.0,0.0
1765923,0.0,0.0,0.0,0.0,0.0,0.0,0.0
1768884,0.0,0.0,0.0,0.0,0.0,1.0,0.0
1769384,0.0,0.0,0.0,0.0,0.0,0.0,0.0
1769832,0.0,0.0,0.0,0.0,0.0,1.0,0.0
1770332,0.0,0.0,0.0,0.0,0.0,0.0,0.0
1772017,0.0,0.0,0.0,0.0,0.0,1.0,0.0
1772517,0.0,0.0,0.0,0.0,0.0,0.0,0.0
1773147,0.0,0.0,0.0,0.0,0.0,1.0,0.0
1773647,0.0,0.0,0.0,0.0,0.0,0.0,0.0
1774937,0.0,0.0,0.0,0.0,0.0,1.0,0.0
1775437,0.0,0.0,0.0,0.0,0.0,0.0,0.0
1776903,0.0,0.0,0.0,0.0,0.0,1.0,0.0
1777403,0.0,0.0,0.0,0.0,0.0,0.0,0.0
1777914,0.0,0.0,0.0,0.0,0.0,1.0,0.0
1778402,0.0,0.0,0.0,0.0,0.0,2.0,0.0
1778902,0.0,0.0,0.0,0.0,0.0,0.0,0.0
1779465,0.0,0.0,0.0,0.0,0.0,1.0,0.0
1779965,0.0,0.0,0.0,0.0,0.0,0.0,0.0
1781872,0.0,0.0,0.0,0.0,0.0,1.0,0.0
1782372,0.0,0.0,0.0,0.0,0.0,0.0,0.0
1784052,0.0,0.0,0.0,0.0,0.0,1.0,0.0
1784552,0.0,0.0,0.0,0.0,0.0,0.0,0.0
1788523,0.0,0.0,0.0,0.0,0.0,1.0,0.0
1789023,0.0,0.0,0.0,0.0,0.0,0.0,0.0
1795484,0.0,0.0,0.0,0.0,0.0,1.0,0.0
1795984,0.0,0.0,0.0,0.0,0.0,0.0,0.0
1796633,0.0,0.0,0.0,0.0,0.0,1.0,0.0
1797133,0.0,0.0,0.0,0.0,0.0,0.0,0.0
1799901,0.0,0.0,0.0,0.0,0.0,1.0,0.0
1799904,0.0,0.0,0.0,0.0,0.0,2.0,0.0
1800404,0.0,0.0,0.0,0.0,0.0,0.0,0.0
1801700,0.0,0.0,0.0,0.0,0.0,0.0,1.0
1801843,0.0,0.0,0.0,0.0,0.0,1.0,1.0
1802038,0.0,0.0,0.0,0.0,0.0,2.0,1.0
1802047,2.0,0.0,0.0,0.0,0.0,2.0,1.0
1802182,2.0,2.0,0.0,0.0,0.0,2.0,1.0
1802200,2.0,2.0,0.0,0.0,0.0,2.0,0.0
1802538,2.0,2.0,0.0,0.0,0.0,0.0,0.0
1802547,0.0,2.0,0.0,0.0,0.0,0.0,0.0
1802556,0.0,2.0,0.0,0.0,1.0,0.0,0.0
1802655,2.0,2.0,0.0,0.0,1.0,0.0,0.0
1802679,2.0,2.0,0.0,0.0,2.0,0.0,0.0
1802682,2.0,0.0,0.0,0.0,2.0,0.0,0.0
1802969,2.0,0.0,0.0,0.0,2.0,1.0,0.0
1803155,0.0,0.0,0.0,0.0,2.0,1.0,0.0
1803179,0.0,0.0,0.0,0.0,0.0,1.0,0.0
1803469,0.0,0.0,0.0,0.0,0.0,0.0,0.0
1803912,0.0,0.0,0.0,0.0,0.0,1.0,0.0
1804412,0.0,0.0,0.0,0.0,0.0,0.0,0.0
1804565,0.0,0.0,1.0,0.0,0.0,1.0,0.0
1804595,0.0,0.0,1.0,0.0,0.0,2.0,0.0
1805095,0.0,0.0,1.0,0.0,0.0,0.0,0.0
1805139,0.0,0.0,1.0,0.0,0.0,1.0,0.0
1805639,0.0,0.0,1.0,0.0,0.0,0.0,0.0
1805862,0.0,0.0,1.0,0.0,0.0,1.0,0.0
1806362,0.0,0.0,1.0,0.0,0.0,0.0,0.0
1806386,0.0,0.0,1.0,0.0,0.0,1.0,0.0
1806886,0.0,0.0,1.0,0.0,0.0,0.0,0.0
1807110,0.0,0.0,1.0,0.0,0.0,1.0,0.0
1807231,0.0,0.0,2.0,0.0,0.0,1.0,0.0
1807610,0.0,0.0,2.0,0.0,0.0,0.0,0.0
1807731,0.0,0.0,0.0,0.0,0.0,0.0,0.0
1808208,0.0,0.0,0.0,0.0,0.0,1.0,0.0
1808552,0.0,0.0,0.0,0.0,0.0,2.0,0.0
1809052,0.0,0.0,0.0,0.0,0.0,0.0,0.0
1810592,0.0,0.0,0.0,0.0,0.0,1.0,0.0
1811092,0.0,0.0,0.0,0.0,0.0,0.0,0.0
1811124,0.0,0.0,0.0,0.0,0.0,1.0,0.0
1811624,0.0,0.0,0.0,0.0,0.0,0.0,0.0
1811664,0.0,0.0,0.0,0.0,0.0,1.0,0.0
1812164,0.0,0.0,0.0,0.0,0.0,0.0,0.0
1812424,0.0,0.0,0.0,0.0,0.0,1.0,0.0
1812632,0.0,0.0,0.0,0.0,0.0,2.0,0.0
1813132,0.0,0.0,0.0,0.0,0.0,0.0,0.0
1813217,0.0,0.0,0.0,0.0,0.0,1.0,0.0
1813251,0.0,0.0,0.0,0.0,0.0,2.0,0.0
1813751,0.0,0.0,0.0,0.0,0.0,1.0,0.0
1814251,0.0,0.0,0.0,0.0,0.0,0.0,0.0
1815000,0.0,0.0,0.0,0.0,0.0,1.0,0.0
1815500,0.0,0.0,0.0,0.0,0.0,0.0,0.0
1815605,0.0,0.0,0.0,0.0,0.0,1.0,0.0
1815696,0.0,0.0,0.0,0.0,0.0,2.0,0.0
1816196,0.0,0.0,0.0,0.0,0.0,0.0,0.0
1816335,0.0,0.0,0.0,0.0,0.0,1.0,0.0
1816643,0.0,0.0,0.0,0.0,0.0,2.0,0.0
1817143,0.0,0.0,0.0,0.0,0.0,0.0,0.0
1817190,0.0,0.0,0.0,0.0,0.0,1.0,0.0
1817690,0.0,0.0,0.0,0.0,0.0,0.0,0.0
1817734,0.0,0.0,0.0,0.0,0.0,1.0,0.0
1818234,0.0,0.0,0.0,0.0,0.0,0.0,0.0
1818808,0.0,0.0,0.0,0.0,0.0,1.0,0.0
1818810,0.0,0.0,0.0,0.0,0.0,2.0,0.0
1819310,0.0,0.0,0.0,0.0,0.0,0.0,0.0
1819439,0.0,0.0,0.0,0.0,0.0,1.0,0.0
1819939,0.0,0.0,0.0,0.0,0.0,0.0,0.0
1820249,0.0,0.0,0.0,0.0,0.0,1.0,0.0
1820749,0.0,0.0,0.0,0.0,0.0,0.0,0.0
1820888,0.0,0.0,0.0,0.0,0.0,1.0,0.0
1821388,0.0,0.0,0.0,0.0,0.0,0.0,0.0
1821547,0.0,0.0,0.0,0.0,0.0,1.0,0.0
1822047,0.0,0.0,0.0,0.0,0.0,0.0,0.0
1822120,0.0,0.0,0.0,0.0,0.0,1.0,0.0
1822620,0.0,0.0,0.0,0.0,0.0,0.0,0.0
1822898,0.0,0.0,0.0,0.0,0.0,1.0,0.0
1823398,0.0,0.0,0.0,0.0,0.0,0.0,0.0
1823496,0.0,0.0,0.0,0.0,0.0,1.0,0.0
1823996,0.0,0.0,0.0,0.0,0.0,0.0,0.0
1824203,0.0,0.0,0.0,0.0,0.0,1.0,0.0
1824205,0.0,0.0,0.0,0.0,0.0,2.0,0.0
1824705,0.0,0.0,0.0,0.0,0.0,0.0,0.0
1825204,0.0,0.0,0.0,0.0,0.0,1.0,0.0
1825704,0.0,0.0,0.0,0.0,0.0,0.0,0.0
1826346,0.0,0.0,0.0,0.0,0.0,1.0,0.0
1826846,0.0,0.0,0.0,0.0,0.0,0.0,0.0
1827388,0.0,0.0,0.0,0.0,0.0,1.0,0.0
1827559,0.0,0.0,0.0,0.0,0.0,2.0,0.0
1827571,0.0,0.0,0.0,0.0,1.0,2.0,0.0
1828059,0.0,0.0,0.0,0.0,1.0,0.0,0.0
1828071,0.0,0.0,0.0,0.0,0.0,0.0,0.0
1828416,0.0,0.0,0.0,0.0,0.0,1.0,0.0
1828418,0.0,0.0,0.0,0.0,0.0,2.0,0.0
1828918,0.0,0.0,0.0,0.0,0.0,0.0,0.0
1828935,0.0,0.0,0.0,0.0,0.0,1.0,0.0
1829435,0.0,0.0,0.0,0.0,0.0,0.0,0.0
1829625,0.0,0.0,0.0,0.0,0.0,1.0,0.0
1830125,0.0,0.0,0.0,0.0,0.0,0.0,0.0
1830606,0.0,0.0,0.0,0.0,0.0,1.0,0.0
1830608,0.0,0.0,0.0,0.0,0.0,2.0,0.0
1831108,0.0,0.0,0.0,0.0,0.0,0.0,0.0
1831413,0.0,0.0,0.0,0.0,0.0,1.0,0.0
1831416,0.0,0.0,0.0,0.0,0.0,2.0,0.0
1831916,0.0,0.0,0.0,0.0,0.0,0.0,0.0
1832656,0.0,0.0,0.0,0.0,0.0,1.0,0.0
1833156,0.0,0.0,0.0,0.0,0.0,0.0,0.0
1833192,0.0,0.0,0.0,0.0,0.0,1.0,0.0
1833199,0.0,2.0,0.0,0.0,0.0,1.0,0.0
1833692,0.0,2.0,0.0,0.0,0.0,0.0,0.0
1833699,0.0,0.0,0.0,0.0,0.0,0.0,0.0
1833972,0.0,0.0,0.0,0.0,0.0,1.0,0.0
1833984,0.0,0.0,0.0,0.0,0.0,2.0,0.0
1834484,0.0,0.0,0.0,0.0,0.0,0.0,0.0
1834551,0.0,0.0,0.0,0.0,0.0,1.0,0.0
1835051,0.0,0.0,0.0,0.0,0.0,0.0,0.0
1835104,0.0,0.0,0.0,0.0,0.0,1.0,0.0
1835604,0.0,0.0,0.0,0.0,0.0,0.0,0.0
1836085,0.0,0.0,0.0,0.0,0.0,1.0,0.0
1836093,0.0,0.0,0.0,0.0,0.0,2.0,0.0
1836593,0.0,0.0,0.0,0.0,0.0,0.0,0.0
1837059,0.0,0.0,0.0,0.0,0.0,1.0,0.0
1837071,0.0,0.0,0.0,0.0,0.0,2.0,0.0
1837571,0.0,0.0,0.0,0.0,0.0,0.0,0.0
1838276,0.0,0.0,0.0,0.0,0.0,1.0,0.0
1838279,0.0,0.0,0.0,0.0,0.0,2.0,0.0
1838779,0.0,0.0,0.0,0.0,0.0,0.0,0.0
1839566,0.0,0.0,0.0,0.0,0.0,1.0,0.0
1839798,0.0,0.0,0.0,0.0,0.0,2.0,0.0
1839816,0.0,2.0,0.0,0.0,0.0,2.0,0.0
1840298,0.0,2.0,0.0,0.0,0.0,1.0,0.0
1840306,0.0,2.0,0.0,0.0,0.0,2.0,0.0
1840316,0.0,0.0,0.0,0.0,0.0,2.0,0.0
1840806,0.0,0.0,0.0,0.0,0.0,0.0,0.0
1841142,0.0,0.0,0.0,0.0,0.0,1.0,0.0
1841642,0.0,0.0,0.0,0.0,0.0,0.0,0.0
1841878,0.0,0.0,0.0,0.0,0.0,1.0,0.0
1842378,0.0,0.0,0.0,0.0,0.0,0.0,0.0
1842388,0.0,0.0,0.0,0.0,0.0,1.0,0.0
1842888,0.0,0.0,0.0,0.0,0.0,0.0,0.0
1842987,0.0,0.0,0.0,0.0,0.0,1.0,0.0
1843487,0.0,0.0,0.0,0.0,0.0,0.0,0.0
1843744,0.0,0.0,0.0,0.0,0.0,1.0,0.0
1844244,0.0,0.0,0.0,0.0,0.0,0.0,0.0
1844455,0.0,0.0,0.0,0.0,0.0,1.0,0.0
1844457,0.0,0.0,0.0,0.0,0.0,2.0,0.0
1844582,0.0,0.0,0.0,0.0,1.0,2.0,0.0
1844693,0.0,0.0,0.0,0.0,2.0,2.0,0.0
1844957,0.0,0.0,0.0,0.0,2.0,0.0,0.0
1845193,0.0,0.0,0.0,0.0,0.0,0.0,0.0
1845359,0.0,0.0,0.0,0.0,0.0,1.0,0.0
1845859,0.0,0.0,0.0,0.0,0.0,0.0,0.0
1845997,0.0,0.0,0.0,0.0,0.0,1.0,0.0
1846497,0.0,0.0,0.0,0.0,0.0,0.0,0.0
1846576,0.0,0.0,0.0,0.0,1.0,0.0,0.0
1846578,0.0,0.0,0.0,0.0,2.0,0.0,0.0
1846579,0.0,0.0,0.0,0.0,2.0,1.0,0.0
1847078,0.0,0.0,0.0,0.0,0.0,1.0,0.0
1847079,0.0,0.0,0.0,0.0,0.0,0.0,0.0
1847395,0.0,0.0,0.0,0.0,0.0,1.0,0.0
1847895,0.0,0.0,0.0,0.0,0.0,0.0,0.0
1848438,0.0,0.0,0.0,0.0,0.0,1.0,0.0
1848794,0.0,0.0,0.0,0.0,0.0,2.0,0.0
1849294,0.0,0.0,0.0,0.0,0.0,0.0,0.0
1849301,0.0,0.0,0.0,0.0,0.0,1.0,0.0
1849801,0.0,0.0,0.0,0.0,0.0,0.0,0.0
1850718,0.0,0.0,0.0,0.0,0.0,1.0,0.0
1851218,0.0,0.0,0.0,0.0,0.0,0.0,0.0
1851247,0.0,0.0,0.0,0.0,0.0,1.0,0.0
1851249,0.0,0.0,0.0,0.0,0.0,2.0,0.0
1851749,0.0,0.0,0.0,0.0,0.0,0.0,0.0
1852955,0.0,0.0,0.0,0.0,0.0,1.0,0.0
1853318,0.0,0.0,0.0,0.0,0.0,2.0,0.0
1853818,0.0,0.0,0.0,0.0,0.0,0.0,0.0
1853876,0.0,0.0,0.0,0.0,0.0,1.0,0.0
1853879,0.0,0.0,0.0,0.0,0.0,2.0,0.0
1854379,0.0,0.0,0.0,0.0,0.0,0.0,0.0
1854706,0.0,0.0,0.0,0.0,0.0,1.0,0.0
1854708,0.0,0.0,0.0,0.0,0.0,2.0,0.0
1855208,0.0,0.0,0.0,0.0,0.0,0.0,0.0
1856146,0.0,0.0,0.0,0.0,0.0,1.0,0.0
1856514,0.0,0.0,0.0,0.0,0.0,2.0,0.0
1856591,0.0,0.0,0.0,0.0,1.0,2.0,0.0
1857014,0.0,0.0,0.0,0.0,1.0,0.0,0.0
1857091,0.0,0.0,0.0,0.0,0.0,0.0,0.0
1857133,0.0,0.0,0.0,0.0,0.0,1.0,0.0
1857138,0.0,0.0,0.0,0.0,0.0,2.0,0.0
1857638,0.0,0.0,0.0,0.0,0.0,0.0,0.0
1857681,0.0,0.0,0.0,0.0,0.0,1.0,0.0
1858181,0.0,0.0,0.0,0.0,0.0,0.0,0.0
1858725,0.0,0.0,0.0,0.0,0.0,1.0,0.0
1859225,0.0,0.0,0.0,0.0,0.0,0.0,0.0
1859693,0.0,0.0,0.0,0.0,0.0,1.0,0.0
1860193,0.0,0.0,0.0,0.0,0.0,0.0,0.0
1860195,0.0,0.0,0.0,0.0,0.0,1.0,0.0
1860695,0.0,0.0,0.0,0.0,0.0,0.0,0.0
1860907,0.0,0.0,0.0,0.0,0.0,1.0,0.0
1861407,0.0,0.0,0.0,0.0,0.0,0.0,0.0
1861950,0.0,0.0,0.0,0.0,0.0,1.0,0.0
1862450,0.0,0.0,0.0,0.0,0.0,0.0,0.0
1862568,0.0,0.0,0.0,0.0,0.0,1.0,0.0
1863068,0.0,0.0,0.0,0.0,0.0,0.0,0.0
1863740,0.0,0.0,0.0,0.0,0.0,1.0,0.0
1864240,0.0,0.0,0.0,0.0,0.0,0.0,0.0
1864288,0.0,0.0,0.0,0.0,0.0,1.0,0.0
1864665,0.0,0.0,0.0,0.0,0.0,2.0,0.0
1865165,0.0,0.0,0.0,0.0,0.0,0.0,0.0
1865802,0.0,0.0,0.0,0.0,0.0,1.0,0.0
1866262,0.0,0.0,0.0,0.0,0.0,2.0,0.0
1866762,0.0,0.0,0.0,0.0,0.0,0.0,0.0
1867828,0.0,0.0,0.0,0.0,0.0,1.0,0.0
1867847,0.0,0.0,0.0,0.0,0.0,2.0,0.0
1868347,0.0,0.0,0.0,0.0,0.0,0.0,0.0
1868522,0.0,0.0,0.0,0.0,0.0,1.0,0.0
1869022,0.0,0.0,0.0,0.0,0.0,0.0,0.0
1869402,0.0,0.0,0.0,0.0,0.0,1.0,0.0
1869902,0.0,0.0,0.0,0.0,0.0,0.0,0.0
1870045,0.0,0.0,0.0,0.0,0.0,1.0,0.0
1870104,0.0,0.0,0.0,0.0,0.0,2.0,0.0
1870604,0.0,0.0,0.0,0.0,0.0,0.0,0.0
1871188,0.0,0.0,0.0,0.0,0.0,1.0,0.0
1871285,0.0,0.0,0.0,0.0,0.0,2.0,0.0
1871785,0.0,0.0,0.0,0.0,0.0,0.0,0.0
1872165,0.0,0.0,0.0,0.0,0.0,1.0,0.0
1872665,0.0,0.0,0.0,0.0,0.0,0.0,0.0
1874707,0.0,0.0,0.0,0.0,0.0,1.0,0.0
1875207,0.0,0.0,0.0,0.0,0.0,0.0,0.0
1875319,0.0,0.0,0.0,0.0,0.0,1.0,0.0
1875819,0.0,0.0,0.0,0.0,0.0,0.0,0.0
1876422,0.0,0.0,0.0,0.0,0.0,1.0,0.0
1876425,0.0,0.0,0.0,0.0,0.0,2.0,0.0
1876925,0.0,0.0,0.0,0.0,0.0,0.0,0.0
1877008,0.0,0.0,0.0,0.0,0.0,1.0,0.0
1877508,0.0,0.0,0.0,0.0,0.0,0.0,0.0
1877610,0.0,0.0,0.0,0.0,0.0,1.0,0.0
1878110,0.0,0.0,0.0,0.0,0.0,0.0,0.0
1878845,0.0,0.0,0.0,0.0,0.0,1.0,0.0
1879345,0.0,0.0,0.0,0.0,0.0,0.0,0.0
1880196,0.0,0.0,0.0,0.0,0.0,1.0,0.0
1880696,0.0,0.0,0.0,0.0,0.0,0.0,0.0
1880808,0.0,0.0,0.0,0.0,0.0,1.0,0.0
1880816,0.0,0.0,0.0,0.0,0.0,2.0,0.0
1881316,0.0,0.0,0.0,0.0,0.0,0.0,0.0
1881907,0.0,0.0,0.0,0.0,0.0,1.0,0.0
1881928,0.0,0.0,0.0,0.0,0.0,2.0,0.0
1881940,0.0,0.0,0.0,0.0,1.0,2.0,0.0
1882428,0.0,0.0,0.0,0.0,1.0,0.0,0.0
1882440,0.0,0.0,0.0,0.0,0.0,0.0,0.0
1883563,0.0,0.0,0.0,0.0,0.0,1.0,0.0
1883570,0.0,0.0,0.0,0.0,0.0,2.0,0.0
1884070,0.0,0.0,0.0,0.0,0.0,0.0,0.0
1885004,0.0,0.0,0.0,0.0,0.0,1.0,0.0
1885006,0.0,0.0,0.0,0.0,0.0,2.0,0.0
1885506,0.0,0.0,0.0,0.0,0.0,0.0,0.0
1885965,0.0,0.0,0.0,0.0,0.0,1.0,0.0
1885967,0.0,0.0,0.0,0.0,0.0,2.0,0.0
1886467,0.0,0.0,0.0,0.0,0.0,0.0,0.0
1886868,0.0,0.0,0.0,0.0,0.0,1.0,0.0
1887368,0.0,0.0,0.0,0.0,0.0,0.0,0.0
1888835,0.0,0.0,0.0,0.0,0.0,1.0,0.0
1889335,0.0,0.0,0.0,0.0,0.0,0.0,0.0
1889381,0.0,0.0,0.0,0.0,0.0,1.0,0.0
1889881,0.0,0.0,0.0,0.0,0.0,0.0,0.0
1890881,0.0,0.0,0.0,0.0,0.0,1.0,0.0
1890888,0.0,0.0,0.0,0.0,0.0,2.0,0.0
1891388,0.0,0.0,0.0,0.0,0.0,0.0,0.0
1891427,0.0,0.0,0.0,0.0,0.0,1.0,0.0
1891927,0.0,0.0,0.0,0.0,0.0,0.0,0.0
1892063,0.0,0.0,0.0,0.0,0.0,1.0,0.0
1892563,0.0,0.0,0.0,0.0,0.0,0.0,0.0
1893515,0.0,0.0,0.0,0.0,0.0,1.0,0.0
1893522,0.0,0.0,0.0,0.0,0.0,2.0,0.0
1894022,0.0,0.0,0.0,0.0,0.0,0.0,0.0
1894374,0.0,0.0,0.0,0.0,0.0,1.0,0.0
1894874,0.0,0.0,0.0,0.0,0.0,0.0,0.0
1895637,0.0,0.0,0.0,0.0,0.0,1.0,0.0
1896137,0.0,0.0,0.0,0.0,0.0,0.0,0.0
1896547,0.0,0.0,0.0,0.0,0.0,1.0,0.0
1897047,0.0,0.0,0.0,0.0,0.0,0.0,0.0
1897233,0.0,0.0,0.0,0.0,0.0,1.0,0.0
1897733,0.0,0.0,0.0,0.0,0.0,0.0,0.0
1898782,0.0,0.0,0.0,0.0,0.0,1.0,0.0
1899282,0.0,0.0,0.0,0.0,0.0,0.0,0.0
1899305,0.0,0.0,0.0,0.0,0.0,1.0,0.0
1899516,0.0,0.0,0.0,0.0,0.0,2.0,0.0
1900016,0.0,0.0,0.0,0.0,0.0,0.0,0.0
1900134,0.0,0.0,0.0,0.0,0.0,1.0,0.0
1900633,0.0,0.0,0.0,0.0,0.0,2.0,0.0
1900681,0.0,2.0,0.0,0.0,0.0,2.0,0.0
1901133,0.0,2.0,0.0,0.0,0.0,0.0,0.0
1901145,0.0,2.0,0.0,0.0,0.0,1.0,0.0
1901181,0.0,0.0,0.0,0.0,0.0,1.0,0.0
1901645,0.0,0.0,0.0,0.0,0.0,0.0,0.0
1903455,0.0,0.0,0.0,0.0,0.0,1.0,0.0
1903955,0.0,0.0,0.0,0.0,0.0,0.0,0.0
1906264,0.0,0.0,0.0,0.0,0.0,1.0,0.0
1906764,0.0,0.0,0.0,0.0,0.0,0.0,0.0
1907324,0.0,0.0,0.0,0.0,0.0,1.0,0.0
1907824,0.0,0.0,0.0,0.0,0.0,0.0,0.0
1908396,0.0,0.0,0.0,0.0,0.0,1.0,0.0
1908398,0.0,0.0,0.0,0.0,0.0,2.0,0.0
1908898,0.0,0.0,0.0,0.0,0.0,0.0,0.0
1914095,0.0,0.0,0.0,0.0,0.0,1.0,0.0
1914595,0.0,0.0,0.0,0.0,0.0,0.0,0.0
1914761,0.0,0.0,0.0,0.0,0.0,1.0,0.0
1914764,0.0,0.0,0.0,0.0,0.0,2.0,0.0
1915264,0.0,0.0,0.0,0.0,0.0,0.0,0.0
1924166,0.0,0.0,0.0,0.0,0.0,1.0,0.0
1924177,0.0,0.0,0.0,0.0,1.0,2.0,0.0
1924677,0.0,0.0,0.0,0.0,0.0,0.0,0.0
1927531,0.0,0.0,0.0,0.0,0.0,1.0,0.0
1928031,0.0,0.0,0.0,0.0,0.0,0.0,0.0
1929777,0.0,0.0,0.0,0.0,0.0,1.0,0.0
1930277,0.0,0.0,0.0,0.0,0.0,0.0,0.0
1930288,0.0,0.0,0.0,0.0,0.0,1.0,0.0
1930788,0.0,0.0,0.0,0.0,0.0,0.0,0.0
1930982,0.0,0.0,0.0,0.0,0.0,1.0,0.0
1931482,0.0,0.0,0.0,0.0,0.0,0.0,0.0
1932967,0.0,0.0,0.0,0.0,0.0,1.0,0.0
1933398,0.0,0.0,0.0,0.0,0.0,2.0,0.0
1933898,0.0,0.0,0.0,0.0,0.0,0.0,0.0
1940812,0.0,0.0,0.0,0.0,0.0,1.0,0.0
1940816,0.0,0.0,0.0,0.0,0.0,2.0,0.0
1941316,0.0,0.0,0.0,0.0,0.0,0.0,0.0
1945986,0.0,0.0,0.0,0.0,0.0,1.0,0.0
1946101,0.0,0.0,0.0,0.0,0.0,2.0,0.0
1946601,0.0,0.0,0.0,0.0,0.0,0.0,0.0
1948958,0.0,0.0,0.0,0.0,0.0,1.0,0.0
1949458,0.0,0.0,0.0,0.0,0.0,0.0,0.0
1954648,0.0,0.0,0.0,0.0,0.0,1.0,0.0
1955148,0.0,0.0,0.0,0.0,0.0,0.0,0.0
1958239,0.0,0.0,0.0,0.0,0.0,1.0,0.0
1958739,0.0,0.0,0.0,0.0,0.0,0.0,0.0
1958944,0.0,0.0,0.0,0.0,0.0,1.0,0.0
1959444,0.0,0.0,0.0,0.0,0.0,0.0,0.0
1962827,0.0,0.0,0.0,0.0,0.0,1.0,0.0
1963327,0.0,0.0,0.0,0.0,0.0,0.0,0.0
1964966,0.0,0.0,0.0,0.0,0.0,1.0,0.0
1965466,0.0,0.0,0.0,0.0,0.0,0.0,0.0
1966187,0.0,0.0,0.0,0.0,0.0,1.0,0.0
1966687,0.0,0.0,0.0,0.0,0.0,0.0,0.0
1968455,0.0,0.0,0.0,0.0,0.0,1.0,0.0
1968955,0.0,0.0,0.0,0.0,0.0,0.0,0.0
1971998,0.0,0.0,0.0,0.0,0.0,1.0,0.0
1972001,0.0,0.0,0.0,0.0,0.0,2.0,0.0
1972501,0.0,0.0,0.0,0.0,0.0,0.0,0.0
1972983,0.0,0.0,0.0,0.0,0.0,1.0,0.0
1973483,0.0,0.0,0.0,0.0,0.0,0.0,0.0
1974321,0.0,0.0,0.0,0.0,0.0,1.0,0.0
1974821,0.0,0.0,0.0,0.0,0.0,0.0,0.0
1975154,0.0,0.0,0.0,0.0,0.0,1.0,0.0
1975158,0.0,0.0,0.0,0.0,0.0,2.0,0.0
1975658,0.0,0.0,0.0,0.0,0.0,0.0,0.0
1977397,0.0,0.0,0.0,0.0,0.0,1.0,0.0
1977897,0.0,0.0,0.0,0.0,0.0,0.0,0.0
1979959,0.0,0.0,0.0,0.0,0.0,1.0,0.0
1980459,0.0,0.0,0.0,0.0,0.0,0.0,0.0
1982522,0.0,0.0,0.0,0.0,1.0,0.0,0.0
1982523,0.0,0.0,0.0,0.0,2.0,0.0,0.0
1983023,0.0,0.0,0.0,0.0,0.0,0.0,0.0
1986205,0.0,0.0,0.0,0.0,0.0,1.0,0.0
1986206,0.0,0.0,0.0,0.0,0.0,2.0,0.0
1986706,0.0,0.0,0.0,0.0,0.0,0.0,0.0
1989042,0.0,0.0,0.0,0.0,0.0,1.0,0.0
1989542,0.0,0.0,0.0,0.0,0.0,0.0,0.0
1992045,0.0,0.0,0.0,0.0,0.0,1.0,0.0
1992545,0.0,0.0,0.0,0.0,0.0,0.0,0.0
1993143,0.0,0.0,0.0,0.0,0.0,1.0,0.0
1993352,0.0,0.0,0.0,0.0,0.0,2.0,0.0
1993358,0.0,0.0,0.0,0.0,1.0,2.0,0.0
1993852,0.0,0.0,0.0,0.0,1.0,0.0,0.0
1993858,0.0,0.0,0.0,0.0,0.0,0.0,0.0
1996318,0.0,0.0,0.0,0.0,0.0,1.0,0.0
1996818,0.0,0.0,0.0,0.0,0.0,0.0,0.0
1997126,0.0,0.0,0.0,0.0,0.0,1.0,0.0
1997626,0.0,0.0,0.0,0.0,0.0,0.0,0.0
1997820,0.0,0.0,0.0,0.0,0.0,1.0,0.0
1997919,0.0,0.0,0.0,0.0,0.0,2.0,0.0
1998419,0.0,0.0,0.0,0.0,0.0,0.0,0.0
1998618,0.0,0.0,0.0,0.0,0.0,1.0,0.0
1999118,0.0,0.0,0.0,0.0,0.0,0.0,0.0
2001900,0.0,0.0,0.0,0.0,0.0,0.0,1.0
2001979,0.0,0.0,0.0,0.0,0.0,1.0,1.0
2001990,0.0,0.0,0.0,0.0,0.0,2.0,1.0
2002047,2.0,0.0,0.0,0.0,0.0,2.0,1.0
2002137,2.0,2.0,0.0,0.0,0.0,2.0,1.0
2002400,2.0,2.0,0.0,0.0,0.0,2.0,0.0
2002490,2.0,2.0,0.0,0.0,0.0,0.0,0.0
