,ADWIN,CUSUM,DDM,GeometricMovingAverage,HDDMAverage,HDDMWeighted,Ground-truth
246,0.0,0.0,1.0,0.0,0.0,0.0,0.0
398,0.0,0.0,1.0,0.0,0.0,1.0,0.0
464,0.0,0.0,2.0,0.0,0.0,1.0,0.0
898,0.0,0.0,2.0,0.0,0.0,0.0,0.0
964,0.0,0.0,0.0,0.0,0.0,0.0,0.0
1141,0.0,0.0,1.0,0.0,0.0,0.0,0.0
1280,0.0,0.0,1.0,0.0,0.0,1.0,0.0
1291,0.0,0.0,1.0,0.0,0.0,2.0,0.0
1791,0.0,0.0,1.0,0.0,0.0,0.0,0.0
1823,0.0,0.0,1.0,0.0,0.0,1.0,0.0
2323,0.0,0.0,1.0,0.0,0.0,0.0,0.0
3346,0.0,0.0,1.0,0.0,0.0,1.0,0.0
3347,0.0,0.0,1.0,0.0,1.0,1.0,0.0
3846,0.0,0.0,1.0,0.0,1.0,0.0,0.0
3847,0.0,0.0,1.0,0.0,0.0,0.0,0.0
4141,0.0,0.0,0.0,0.0,0.0,0.0,0.0
4166,0.0,0.0,1.0,0.0,0.0,0.0,0.0
4174,0.0,0.0,1.0,0.0,0.0,1.0,0.0
4666,0.0,0.0,0.0,0.0,0.0,1.0,0.0
4674,0.0,0.0,0.0,0.0,0.0,0.0,0.0
4751,0.0,0.0,0.0,0.0,0.0,1.0,0.0
4876,0.0,0.0,1.0,0.0,0.0,1.0,0.0
5251,0.0,0.0,1.0,0.0,0.0,0.0,0.0
5376,0.0,0.0,0.0,0.0,0.0,0.0,0.0
5613,0.0,0.0,0.0,0.0,0.0,1.0,0.0
5616,0.0,0.0,1.0,0.0,0.0,1.0,0.0
6113,0.0,0.0,1.0,0.0,0.0,0.0,0.0
6116,0.0,0.0,0.0,0.0,0.0,0.0,0.0
6124,0.0,0.0,1.0,0.0,0.0,0.0,0.0
6129,0.0,0.0,1.0,0.0,0.0,1.0,0.0
6135,0.0,0.0,1.0,0.0,0.0,2.0,0.0
6624,0.0,0.0,0.0,0.0,0.0,2.0,0.0
6635,0.0,0.0,0.0,0.0,0.0,0.0,0.0
6723,0.0,0.0,0.0,0.0,0.0,1.0,0.0
6725,0.0,0.0,0.0,0.0,0.0,2.0,0.0
6876,0.0,0.0,1.0,0.0,0.0,2.0,0.0
7225,0.0,0.0,1.0,0.0,0.0,0.0,0.0
10086,0.0,0.0,1.0,0.0,0.0,1.0,0.0
10586,0.0,0.0,1.0,0.0,0.0,0.0,0.0
11067,0.0,2.0,1.0,0.0,0.0,0.0,0.0
11567,0.0,0.0,1.0,0.0,0.0,0.0,0.0
12124,0.0,0.0,1.0,0.0,0.0,1.0,0.0
12624,0.0,0.0,1.0,0.0,0.0,0.0,0.0
14801,0.0,0.0,1.0,0.0,0.0,1.0,0.0
14803,0.0,0.0,1.0,0.0,0.0,2.0,0.0
15303,0.0,0.0,1.0,0.0,0.0,0.0,0.0
15982,0.0,0.0,1.0,0.0,0.0,1.0,0.0
16174,0.0,0.0,1.0,0.0,0.0,2.0,0.0
16674,0.0,0.0,1.0,0.0,0.0,0.0,0.0
17096,0.0,0.0,1.0,0.0,0.0,1.0,0.0
17596,0.0,0.0,1.0,0.0,0.0,0.0,0.0
18044,0.0,0.0,1.0,0.0,0.0,1.0,0.0
18057,0.0,0.0,1.0,0.0,0.0,2.0,0.0
18557,0.0,0.0,1.0,0.0,0.0,0.0,0.0
19018,0.0,0.0,1.0,0.0,0.0,1.0,0.0
19518,0.0,0.0,1.0,0.0,0.0,0.0,0.0
20007,0.0,0.0,1.0,0.0,0.0,1.0,0.0
20013,0.0,0.0,1.0,0.0,0.0,2.0,0.0
20513,0.0,0.0,1.0,0.0,0.0,0.0,0.0
21543,0.0,0.0,1.0,0.0,0.0,1.0,0.0
22043,0.0,0.0,1.0,0.0,0.0,0.0,0.0
22160,0.0,0.0,1.0,0.0,0.0,1.0,0.0
22660,0.0,0.0,1.0,0.0,0.0,0.0,0.0
23183,0.0,0.0,1.0,0.0,0.0,1.0,0.0
23683,0.0,0.0,1.0,0.0,0.0,0.0,0.0
24027,0.0,0.0,1.0,0.0,0.0,1.0,0.0
24527,0.0,0.0,1.0,0.0,0.0,0.0,0.0
25321,0.0,0.0,1.0,0.0,0.0,1.0,0.0
25821,0.0,0.0,1.0,0.0,0.0,0.0,0.0
25917,0.0,0.0,1.0,0.0,0.0,1.0,0.0
26417,0.0,0.0,1.0,0.0,0.0,0.0,0.0
26707,0.0,0.0,1.0,0.0,0.0,1.0,0.0
26711,0.0,0.0,1.0,0.0,0.0,2.0,0.0
27211,0.0,0.0,1.0,0.0,0.0,0.0,0.0
28484,0.0,0.0,1.0,0.0,0.0,1.0,0.0
28984,0.0,0.0,1.0,0.0,0.0,0.0,0.0
29350,0.0,0.0,1.0,0.0,0.0,1.0,0.0
29850,0.0,0.0,1.0,0.0,0.0,0.0,0.0
30135,0.0,0.0,1.0,0.0,0.0,1.0,0.0
30635,0.0,0.0,1.0,0.0,0.0,0.0,0.0
30641,0.0,0.0,1.0,0.0,0.0,1.0,0.0
30758,0.0,0.0,1.0,0.0,0.0,2.0,0.0
31258,0.0,0.0,1.0,0.0,0.0,0.0,0.0
33459,0.0,0.0,1.0,0.0,0.0,1.0,0.0
33959,0.0,0.0,1.0,0.0,0.0,0.0,0.0
34454,0.0,0.0,1.0,0.0,0.0,1.0,0.0
34458,0.0,0.0,1.0,0.0,0.0,2.0,0.0
34958,0.0,0.0,1.0,0.0,0.0,0.0,0.0
35971,0.0,0.0,1.0,0.0,0.0,1.0,0.0
36471,0.0,0.0,1.0,0.0,0.0,0.0,0.0
37322,0.0,0.0,1.0,0.0,0.0,1.0,0.0
37328,0.0,0.0,1.0,0.0,0.0,2.0,0.0
37828,0.0,0.0,1.0,0.0,0.0,0.0,0.0
39138,0.0,0.0,1.0,0.0,0.0,1.0,0.0
39143,0.0,0.0,1.0,0.0,0.0,2.0,0.0
39643,0.0,0.0,1.0,0.0,0.0,0.0,0.0
40312,0.0,0.0,1.0,0.0,0.0,1.0,0.0
40812,0.0,0.0,1.0,0.0,0.0,0.0,0.0
41782,0.0,0.0,1.0,0.0,0.0,1.0,0.0
42282,0.0,0.0,1.0,0.0,0.0,0.0,0.0
42323,0.0,0.0,1.0,0.0,0.0,1.0,0.0
42819,0.0,0.0,1.0,0.0,0.0,2.0,0.0
43319,0.0,0.0,1.0,0.0,0.0,0.0,0.0
43395,0.0,0.0,1.0,0.0,0.0,1.0,0.0
43895,0.0,0.0,1.0,0.0,0.0,0.0,0.0
44385,0.0,0.0,1.0,0.0,0.0,1.0,0.0
44885,0.0,0.0,1.0,0.0,0.0,0.0,0.0
46834,0.0,0.0,1.0,0.0,0.0,1.0,0.0
47334,0.0,0.0,1.0,0.0,0.0,0.0,0.0
47630,0.0,2.0,1.0,0.0,0.0,0.0,0.0
47830,0.0,2.0,1.0,0.0,0.0,1.0,0.0
47832,0.0,2.0,1.0,0.0,0.0,2.0,0.0
48130,0.0,0.0,1.0,0.0,0.0,2.0,0.0
48332,0.0,0.0,1.0,0.0,0.0,0.0,0.0
49840,0.0,0.0,1.0,0.0,0.0,1.0,0.0
50064,0.0,0.0,1.0,0.0,0.0,2.0,0.0
50564,0.0,0.0,1.0,0.0,0.0,0.0,0.0
52145,0.0,0.0,1.0,0.0,0.0,1.0,0.0
52148,0.0,0.0,1.0,0.0,0.0,2.0,0.0
52648,0.0,0.0,1.0,0.0,0.0,0.0,0.0
53478,0.0,0.0,1.0,0.0,0.0,1.0,0.0
53482,0.0,0.0,1.0,0.0,0.0,2.0,0.0
53982,0.0,0.0,1.0,0.0,0.0,0.0,0.0
54606,0.0,0.0,1.0,0.0,0.0,1.0,0.0
54846,0.0,0.0,1.0,0.0,0.0,2.0,0.0
55346,0.0,0.0,1.0,0.0,0.0,0.0,0.0
55940,0.0,0.0,1.0,0.0,0.0,1.0,0.0
56440,0.0,0.0,1.0,0.0,0.0,0.0,0.0
57006,0.0,0.0,1.0,0.0,0.0,1.0,0.0
57506,0.0,0.0,1.0,0.0,0.0,0.0,0.0
57565,0.0,0.0,1.0,0.0,0.0,1.0,0.0
57721,0.0,0.0,1.0,0.0,0.0,2.0,0.0
58221,0.0,0.0,1.0,0.0,0.0,0.0,0.0
59590,0.0,0.0,1.0,0.0,1.0,0.0,0.0
59593,0.0,2.0,1.0,0.0,1.0,0.0,0.0
59950,0.0,2.0,1.0,0.0,1.0,1.0,0.0
60093,0.0,0.0,1.0,0.0,1.0,1.0,0.0
60450,0.0,0.0,1.0,0.0,1.0,0.0,0.0
61090,0.0,0.0,1.0,0.0,0.0,0.0,0.0
61239,0.0,0.0,1.0,0.0,0.0,1.0,0.0
61739,0.0,0.0,1.0,0.0,0.0,0.0,0.0
61911,0.0,0.0,1.0,0.0,0.0,1.0,0.0
62411,0.0,0.0,1.0,0.0,0.0,0.0,0.0
63106,0.0,0.0,1.0,0.0,0.0,1.0,0.0
63606,0.0,0.0,1.0,0.0,0.0,0.0,0.0
63632,0.0,0.0,1.0,0.0,0.0,1.0,0.0
63638,0.0,0.0,1.0,0.0,0.0,2.0,0.0
64138,0.0,0.0,1.0,0.0,0.0,0.0,0.0
64228,0.0,0.0,1.0,0.0,0.0,1.0,0.0
64595,0.0,0.0,1.0,0.0,1.0,1.0,0.0
64728,0.0,0.0,1.0,0.0,1.0,0.0,0.0
65050,0.0,0.0,1.0,0.0,1.0,1.0,0.0
65095,0.0,0.0,1.0,0.0,0.0,1.0,0.0
65550,0.0,0.0,1.0,0.0,0.0,0.0,0.0
66531,0.0,0.0,1.0,0.0,0.0,1.0,0.0
67031,0.0,0.0,1.0,0.0,0.0,0.0,0.0
68838,0.0,0.0,1.0,0.0,0.0,1.0,0.0
69112,0.0,0.0,1.0,0.0,0.0,2.0,0.0
69612,0.0,0.0,1.0,0.0,0.0,0.0,0.0
70086,0.0,0.0,1.0,0.0,0.0,1.0,0.0
70226,0.0,0.0,1.0,0.0,0.0,2.0,0.0
70726,0.0,0.0,1.0,0.0,0.0,0.0,0.0
70885,0.0,0.0,1.0,0.0,0.0,1.0,0.0
71385,0.0,0.0,1.0,0.0,0.0,0.0,0.0
72849,0.0,0.0,1.0,0.0,0.0,1.0,0.0
72859,0.0,0.0,1.0,0.0,0.0,2.0,0.0
73359,0.0,0.0,1.0,0.0,0.0,0.0,0.0
74114,0.0,2.0,1.0,0.0,0.0,0.0,0.0
74254,0.0,2.0,1.0,0.0,0.0,1.0,0.0
74614,0.0,0.0,1.0,0.0,0.0,1.0,0.0
74754,0.0,0.0,1.0,0.0,0.0,0.0,0.0
75298,0.0,0.0,1.0,0.0,0.0,1.0,0.0
75300,0.0,0.0,1.0,0.0,0.0,2.0,0.0
75800,0.0,0.0,1.0,0.0,0.0,0.0,0.0
76314,0.0,0.0,1.0,0.0,0.0,1.0,0.0
76814,0.0,0.0,1.0,0.0,0.0,0.0,0.0
77081,0.0,0.0,1.0,0.0,0.0,1.0,0.0
77581,0.0,0.0,1.0,0.0,0.0,0.0,0.0
77796,0.0,0.0,1.0,0.0,0.0,1.0,0.0
77798,0.0,0.0,1.0,0.0,0.0,2.0,0.0
78298,0.0,0.0,1.0,0.0,0.0,0.0,0.0
78596,0.0,0.0,1.0,0.0,0.0,1.0,0.0
79096,0.0,0.0,1.0,0.0,0.0,0.0,0.0
81076,0.0,0.0,1.0,0.0,0.0,1.0,0.0
81576,0.0,0.0,1.0,0.0,0.0,0.0,0.0
81692,0.0,0.0,1.0,0.0,0.0,1.0,0.0
82192,0.0,0.0,1.0,0.0,0.0,0.0,0.0
82425,0.0,0.0,1.0,0.0,0.0,1.0,0.0
82925,0.0,0.0,1.0,0.0,0.0,0.0,0.0
83082,0.0,0.0,1.0,0.0,0.0,1.0,0.0
83176,0.0,0.0,1.0,0.0,0.0,2.0,0.0
83676,0.0,0.0,1.0,0.0,0.0,0.0,0.0
83764,0.0,0.0,1.0,0.0,0.0,1.0,0.0
84264,0.0,0.0,1.0,0.0,0.0,0.0,0.0
84720,0.0,0.0,1.0,0.0,0.0,1.0,0.0
85220,0.0,0.0,1.0,0.0,0.0,0.0,0.0
85793,0.0,0.0,1.0,0.0,0.0,1.0,0.0
86293,0.0,0.0,1.0,0.0,0.0,0.0,0.0
86580,0.0,0.0,1.0,0.0,0.0,1.0,0.0
87080,0.0,0.0,1.0,0.0,0.0,0.0,0.0
87229,0.0,0.0,1.0,0.0,0.0,1.0,0.0
87729,0.0,0.0,1.0,0.0,0.0,0.0,0.0
87821,0.0,0.0,1.0,0.0,0.0,1.0,0.0
87823,0.0,0.0,1.0,0.0,0.0,2.0,0.0
88323,0.0,0.0,1.0,0.0,0.0,0.0,0.0
88898,0.0,0.0,1.0,0.0,0.0,1.0,0.0
89398,0.0,0.0,1.0,0.0,0.0,0.0,0.0
89830,0.0,0.0,1.0,0.0,0.0,1.0,0.0
89835,0.0,0.0,1.0,0.0,0.0,2.0,0.0
90335,0.0,0.0,1.0,0.0,0.0,0.0,0.0
91307,0.0,0.0,1.0,0.0,0.0,1.0,0.0
91807,0.0,0.0,1.0,0.0,0.0,0.0,0.0
92469,0.0,0.0,1.0,0.0,0.0,1.0,0.0
92504,0.0,0.0,1.0,0.0,0.0,2.0,0.0
93004,0.0,0.0,1.0,0.0,0.0,0.0,0.0
93296,0.0,0.0,1.0,0.0,0.0,1.0,0.0
93796,0.0,0.0,1.0,0.0,0.0,0.0,0.0
93815,0.0,0.0,1.0,0.0,0.0,1.0,0.0
93817,0.0,0.0,1.0,0.0,0.0,2.0,0.0
94317,0.0,0.0,1.0,0.0,0.0,0.0,0.0
94565,0.0,0.0,1.0,0.0,0.0,1.0,0.0
94602,0.0,0.0,1.0,0.0,0.0,2.0,0.0
95102,0.0,0.0,1.0,0.0,0.0,0.0,0.0
95614,0.0,0.0,1.0,0.0,0.0,1.0,0.0
96114,0.0,0.0,1.0,0.0,0.0,0.0,0.0
97107,0.0,0.0,1.0,0.0,0.0,1.0,0.0
97321,0.0,0.0,1.0,0.0,0.0,2.0,0.0
97821,0.0,0.0,1.0,0.0,0.0,0.0,0.0
98237,0.0,0.0,1.0,0.0,0.0,1.0,0.0
98737,0.0,0.0,1.0,0.0,0.0,0.0,0.0
98803,0.0,0.0,1.0,0.0,0.0,1.0,0.0
99303,0.0,0.0,1.0,0.0,0.0,0.0,0.0
99692,0.0,0.0,1.0,0.0,0.0,1.0,0.0
99695,0.0,0.0,1.0,0.0,0.0,2.0,0.0
100195,0.0,0.0,1.0,0.0,0.0,0.0,0.0
101014,0.0,0.0,1.0,0.0,0.0,1.0,0.0
101514,0.0,0.0,1.0,0.0,0.0,0.0,0.0
101739,0.0,0.0,1.0,0.0,0.0,1.0,0.0
102239,0.0,0.0,1.0,0.0,0.0,0.0,0.0
102385,0.0,0.0,1.0,0.0,1.0,0.0,0.0
102885,0.0,0.0,1.0,0.0,0.0,0.0,0.0
104298,0.0,0.0,1.0,0.0,1.0,0.0,0.0
104798,0.0,0.0,1.0,0.0,0.0,0.0,0.0
106294,0.0,0.0,1.0,0.0,0.0,1.0,0.0
106794,0.0,0.0,1.0,0.0,0.0,0.0,0.0
108233,0.0,0.0,1.0,0.0,0.0,1.0,0.0
108733,0.0,0.0,1.0,0.0,0.0,0.0,0.0
108876,0.0,0.0,0.0,0.0,0.0,0.0,0.0
110092,0.0,0.0,0.0,0.0,0.0,1.0,0.0
110592,0.0,0.0,0.0,0.0,0.0,0.0,0.0
113511,0.0,0.0,0.0,0.0,0.0,1.0,0.0
113515,0.0,0.0,0.0,0.0,0.0,2.0,0.0
113910,0.0,0.0,0.0,0.0,1.0,2.0,0.0
113916,0.0,0.0,0.0,0.0,2.0,2.0,0.0
114015,0.0,0.0,0.0,0.0,2.0,0.0,0.0
114416,0.0,0.0,0.0,0.0,0.0,0.0,0.0
120345,0.0,0.0,0.0,0.0,0.0,1.0,0.0
120845,0.0,0.0,0.0,0.0,0.0,0.0,0.0
123703,0.0,0.0,0.0,0.0,1.0,0.0,0.0
124203,0.0,0.0,0.0,0.0,0.0,0.0,0.0
124250,0.0,0.0,0.0,0.0,0.0,1.0,0.0
124252,0.0,0.0,0.0,0.0,0.0,2.0,0.0
124752,0.0,0.0,0.0,0.0,0.0,0.0,0.0
127464,0.0,0.0,0.0,0.0,0.0,1.0,0.0
127964,0.0,0.0,0.0,0.0,0.0,0.0,0.0
129401,0.0,0.0,0.0,0.0,0.0,1.0,0.0
129901,0.0,0.0,0.0,0.0,0.0,0.0,0.0
130029,0.0,0.0,0.0,0.0,0.0,1.0,0.0
130529,0.0,0.0,0.0,0.0,0.0,0.0,0.0
133012,0.0,0.0,0.0,0.0,0.0,1.0,0.0
133512,0.0,0.0,0.0,0.0,0.0,0.0,0.0
134114,0.0,0.0,0.0,0.0,0.0,1.0,0.0
134614,0.0,0.0,0.0,0.0,0.0,0.0,0.0
134952,0.0,0.0,0.0,0.0,0.0,1.0,0.0
134953,0.0,0.0,0.0,0.0,0.0,2.0,0.0
135453,0.0,0.0,0.0,0.0,0.0,0.0,0.0
136313,0.0,0.0,0.0,0.0,0.0,1.0,0.0
136813,0.0,0.0,0.0,0.0,0.0,0.0,0.0
136861,0.0,0.0,0.0,0.0,0.0,1.0,0.0
137361,0.0,0.0,0.0,0.0,0.0,0.0,0.0
140600,0.0,0.0,0.0,0.0,0.0,1.0,0.0
141100,0.0,0.0,0.0,0.0,0.0,0.0,0.0
141608,0.0,0.0,0.0,0.0,0.0,1.0,0.0
142108,0.0,0.0,0.0,0.0,0.0,0.0,0.0
142263,0.0,0.0,0.0,0.0,0.0,1.0,0.0
142763,0.0,0.0,0.0,0.0,0.0,0.0,0.0
148760,0.0,0.0,0.0,0.0,0.0,1.0,0.0
149260,0.0,0.0,0.0,0.0,0.0,0.0,0.0
154177,0.0,0.0,0.0,0.0,0.0,1.0,0.0
154677,0.0,0.0,0.0,0.0,0.0,0.0,0.0
155379,0.0,0.0,0.0,0.0,0.0,1.0,0.0
155384,0.0,0.0,0.0,0.0,1.0,1.0,0.0
155879,0.0,0.0,0.0,0.0,1.0,0.0,0.0
155884,0.0,0.0,0.0,0.0,0.0,0.0,0.0
156870,0.0,0.0,0.0,0.0,0.0,1.0,0.0
156887,0.0,0.0,0.0,0.0,0.0,2.0,0.0
157387,0.0,0.0,0.0,0.0,0.0,0.0,0.0
163254,0.0,0.0,0.0,0.0,0.0,1.0,0.0
163754,0.0,0.0,0.0,0.0,0.0,0.0,0.0
164537,0.0,0.0,0.0,0.0,0.0,1.0,0.0
165037,0.0,0.0,0.0,0.0,0.0,0.0,0.0
171124,0.0,0.0,0.0,0.0,0.0,1.0,0.0
171624,0.0,0.0,0.0,0.0,0.0,0.0,0.0
173745,0.0,0.0,0.0,0.0,0.0,1.0,0.0
174245,0.0,0.0,0.0,0.0,0.0,0.0,0.0
175586,0.0,0.0,0.0,0.0,0.0,1.0,0.0
176086,0.0,0.0,0.0,0.0,0.0,0.0,0.0
177931,0.0,0.0,0.0,0.0,0.0,1.0,0.0
178431,0.0,0.0,0.0,0.0,0.0,0.0,0.0
180543,0.0,0.0,0.0,0.0,0.0,1.0,0.0
181043,0.0,0.0,0.0,0.0,0.0,0.0,0.0
182676,0.0,0.0,0.0,0.0,0.0,1.0,0.0
183176,0.0,0.0,0.0,0.0,0.0,0.0,0.0
185474,0.0,0.0,0.0,0.0,0.0,1.0,0.0
185475,0.0,0.0,0.0,0.0,0.0,2.0,0.0
185975,0.0,0.0,0.0,0.0,0.0,0.0,0.0
187212,0.0,0.0,0.0,0.0,0.0,1.0,0.0
187712,0.0,0.0,0.0,0.0,0.0,0.0,0.0
190252,0.0,0.0,0.0,0.0,0.0,1.0,0.0
190752,0.0,0.0,0.0,0.0,0.0,0.0,0.0
190836,0.0,0.0,0.0,0.0,0.0,1.0,0.0
191336,0.0,0.0,0.0,0.0,0.0,0.0,0.0
196641,0.0,0.0,0.0,0.0,0.0,1.0,0.0
197141,0.0,0.0,0.0,0.0,0.0,0.0,0.0
197973,0.0,0.0,0.0,0.0,0.0,1.0,0.0
198473,0.0,0.0,0.0,0.0,0.0,0.0,0.0
199245,0.0,0.0,0.0,0.0,0.0,1.0,0.0
199256,0.0,0.0,0.0,0.0,0.0,2.0,0.0
199756,0.0,0.0,0.0,0.0,0.0,0.0,0.0
200703,0.0,0.0,0.0,0.0,0.0,1.0,0.0
200704,0.0,0.0,0.0,0.0,0.0,2.0,0.0
201000,0.0,0.0,0.0,0.0,0.0,2.0,1.0
201204,0.0,0.0,0.0,0.0,0.0,0.0,1.0
201500,0.0,0.0,0.0,0.0,0.0,0.0,0.0
201720,0.0,0.0,0.0,0.0,0.0,1.0,0.0
201887,2.0,0.0,0.0,0.0,0.0,1.0,0.0
202167,2.0,2.0,0.0,0.0,0.0,1.0,0.0
202220,2.0,2.0,0.0,0.0,0.0,0.0,0.0
202387,0.0,2.0,0.0,0.0,0.0,0.0,0.0
202446,0.0,2.0,0.0,0.0,0.0,1.0,0.0
202478,0.0,2.0,0.0,0.0,0.0,2.0,0.0
202527,2.0,2.0,0.0,0.0,0.0,2.0,0.0
202667,2.0,0.0,0.0,0.0,0.0,2.0,0.0
202978,2.0,0.0,0.0,0.0,0.0,0.0,0.0
203027,0.0,0.0,0.0,0.0,0.0,0.0,0.0
203044,0.0,0.0,0.0,0.0,0.0,1.0,0.0
203071,2.0,0.0,0.0,0.0,0.0,1.0,0.0
203451,2.0,0.0,0.0,0.0,1.0,1.0,0.0
203544,2.0,0.0,0.0,0.0,1.0,0.0,0.0
203571,0.0,0.0,0.0,0.0,1.0,0.0,0.0
203858,0.0,0.0,0.0,0.0,2.0,0.0,0.0
203874,0.0,0.0,0.0,0.0,2.0,1.0,0.0
204287,2.0,0.0,0.0,0.0,2.0,1.0,0.0
204340,2.0,0.0,0.0,0.0,2.0,2.0,0.0
204358,2.0,0.0,0.0,0.0,0.0,2.0,0.0
204519,2.0,0.0,1.0,0.0,0.0,2.0,0.0
204787,0.0,0.0,1.0,0.0,0.0,2.0,0.0
204840,0.0,0.0,1.0,0.0,0.0,0.0,0.0
204962,0.0,0.0,1.0,0.0,0.0,1.0,0.0
205462,0.0,0.0,1.0,0.0,0.0,0.0,0.0
206383,0.0,0.0,1.0,0.0,0.0,1.0,0.0
206883,0.0,0.0,1.0,0.0,0.0,0.0,0.0
207202,0.0,0.0,2.0,0.0,0.0,0.0,0.0
207358,0.0,0.0,2.0,0.0,0.0,1.0,0.0
207368,0.0,0.0,2.0,0.0,0.0,2.0,0.0
207702,0.0,0.0,0.0,0.0,0.0,2.0,0.0
207868,0.0,0.0,0.0,0.0,0.0,0.0,0.0
208213,0.0,0.0,0.0,0.0,0.0,1.0,0.0
208217,0.0,0.0,0.0,0.0,0.0,2.0,0.0
208717,0.0,0.0,0.0,0.0,0.0,0.0,0.0
209002,0.0,0.0,0.0,0.0,0.0,1.0,0.0
209004,0.0,0.0,1.0,0.0,0.0,1.0,0.0
209502,0.0,0.0,1.0,0.0,0.0,0.0,0.0
209504,0.0,0.0,0.0,0.0,0.0,0.0,0.0
209508,0.0,0.0,1.0,0.0,0.0,0.0,0.0
209795,0.0,0.0,1.0,0.0,0.0,1.0,0.0
210008,0.0,0.0,0.0,0.0,0.0,1.0,0.0
210037,0.0,0.0,1.0,0.0,0.0,1.0,0.0
210295,0.0,0.0,1.0,0.0,0.0,0.0,0.0
210537,0.0,0.0,0.0,0.0,0.0,0.0,0.0
210936,0.0,0.0,0.0,0.0,0.0,1.0,0.0
210938,0.0,0.0,0.0,0.0,0.0,2.0,0.0
210939,0.0,0.0,0.0,0.0,1.0,2.0,0.0
211438,0.0,0.0,0.0,0.0,1.0,0.0,0.0
211439,0.0,0.0,0.0,0.0,0.0,0.0,0.0
211812,0.0,0.0,0.0,0.0,0.0,1.0,0.0
212312,0.0,0.0,0.0,0.0,0.0,0.0,0.0
212577,0.0,0.0,0.0,0.0,0.0,1.0,0.0
212581,0.0,0.0,0.0,0.0,0.0,2.0,0.0
213081,0.0,0.0,0.0,0.0,0.0,0.0,0.0
215586,0.0,0.0,0.0,0.0,0.0,1.0,0.0
216086,0.0,0.0,0.0,0.0,0.0,0.0,0.0
216145,0.0,0.0,0.0,0.0,0.0,1.0,0.0
216147,0.0,0.0,0.0,0.0,0.0,2.0,0.0
216647,0.0,0.0,0.0,0.0,0.0,0.0,0.0
216848,0.0,0.0,0.0,0.0,1.0,1.0,0.0
217348,0.0,0.0,0.0,0.0,0.0,0.0,0.0
217462,0.0,0.0,0.0,0.0,0.0,1.0,0.0
217962,0.0,0.0,0.0,0.0,0.0,0.0,0.0
217967,0.0,0.0,0.0,0.0,0.0,1.0,0.0
218467,0.0,0.0,0.0,0.0,0.0,0.0,0.0
218560,0.0,0.0,0.0,0.0,0.0,1.0,0.0
219060,0.0,0.0,0.0,0.0,0.0,0.0,0.0
219274,0.0,0.0,0.0,0.0,0.0,1.0,0.0
219774,0.0,0.0,0.0,0.0,0.0,0.0,0.0
219813,0.0,0.0,0.0,0.0,0.0,1.0,0.0
219815,0.0,0.0,0.0,0.0,0.0,2.0,0.0
220315,0.0,0.0,0.0,0.0,0.0,0.0,0.0
220411,0.0,0.0,0.0,0.0,0.0,1.0,0.0
220416,0.0,0.0,0.0,0.0,1.0,2.0,0.0
220916,0.0,0.0,0.0,0.0,0.0,0.0,0.0
221110,0.0,0.0,0.0,0.0,0.0,1.0,0.0
221410,0.0,0.0,0.0,0.0,0.0,2.0,0.0
221910,0.0,0.0,0.0,0.0,0.0,0.0,0.0
221984,0.0,0.0,0.0,0.0,0.0,1.0,0.0
222442,0.0,0.0,0.0,0.0,0.0,2.0,0.0
222942,0.0,0.0,0.0,0.0,0.0,0.0,0.0
223623,0.0,0.0,0.0,0.0,0.0,1.0,0.0
223627,0.0,0.0,0.0,0.0,0.0,2.0,0.0
224127,0.0,0.0,0.0,0.0,0.0,0.0,0.0
225242,0.0,0.0,0.0,0.0,0.0,1.0,0.0
225742,0.0,0.0,0.0,0.0,0.0,0.0,0.0
226901,0.0,0.0,0.0,0.0,0.0,1.0,0.0
227401,0.0,0.0,0.0,0.0,0.0,0.0,0.0
227786,0.0,0.0,0.0,0.0,0.0,1.0,0.0
228286,0.0,0.0,0.0,0.0,0.0,0.0,0.0
229344,0.0,0.0,0.0,0.0,0.0,1.0,0.0
229611,0.0,0.0,0.0,0.0,0.0,2.0,0.0
230111,0.0,0.0,0.0,0.0,0.0,0.0,0.0
230700,0.0,0.0,0.0,0.0,0.0,1.0,0.0
231200,0.0,0.0,0.0,0.0,0.0,0.0,0.0
233173,0.0,0.0,0.0,0.0,0.0,1.0,0.0
233673,0.0,0.0,0.0,0.0,0.0,0.0,0.0
234964,0.0,0.0,0.0,0.0,0.0,1.0,0.0
235464,0.0,0.0,0.0,0.0,0.0,0.0,0.0
235852,0.0,0.0,0.0,0.0,0.0,1.0,0.0
236352,0.0,0.0,0.0,0.0,0.0,0.0,0.0
236775,0.0,0.0,0.0,0.0,0.0,1.0,0.0
237275,0.0,0.0,0.0,0.0,0.0,0.0,0.0
237961,0.0,0.0,0.0,0.0,0.0,1.0,0.0
238461,0.0,0.0,0.0,0.0,0.0,0.0,0.0
238890,0.0,0.0,0.0,0.0,0.0,1.0,0.0
239390,0.0,0.0,0.0,0.0,0.0,0.0,0.0
239988,0.0,0.0,0.0,0.0,0.0,1.0,0.0
240481,0.0,0.0,0.0,0.0,0.0,2.0,0.0
240981,0.0,0.0,0.0,0.0,0.0,0.0,0.0
241139,0.0,0.0,0.0,0.0,0.0,1.0,0.0
241639,0.0,0.0,0.0,0.0,0.0,0.0,0.0
242810,0.0,0.0,0.0,0.0,0.0,1.0,0.0
243310,0.0,0.0,0.0,0.0,0.0,0.0,0.0
244053,0.0,0.0,0.0,0.0,0.0,1.0,0.0
244553,0.0,0.0,0.0,0.0,0.0,0.0,0.0
244571,0.0,0.0,0.0,0.0,0.0,1.0,0.0
244573,0.0,0.0,0.0,0.0,0.0,2.0,0.0
245073,0.0,0.0,0.0,0.0,0.0,0.0,0.0
245305,0.0,0.0,0.0,0.0,0.0,1.0,0.0
245805,0.0,0.0,0.0,0.0,0.0,0.0,0.0
246292,0.0,0.0,0.0,0.0,0.0,1.0,0.0
246792,0.0,0.0,0.0,0.0,0.0,0.0,0.0
247079,0.0,0.0,0.0,0.0,0.0,1.0,0.0
247579,0.0,0.0,0.0,0.0,0.0,0.0,0.0
247612,0.0,0.0,0.0,0.0,0.0,1.0,0.0
248112,0.0,0.0,0.0,0.0,0.0,0.0,0.0
248334,0.0,0.0,0.0,0.0,0.0,1.0,0.0
248834,0.0,0.0,0.0,0.0,0.0,0.0,0.0
249076,0.0,0.0,0.0,0.0,0.0,1.0,0.0
249407,0.0,0.0,0.0,0.0,0.0,2.0,0.0
249907,0.0,0.0,0.0,0.0,0.0,0.0,0.0
250003,0.0,0.0,0.0,0.0,0.0,1.0,0.0
250503,0.0,0.0,0.0,0.0,0.0,0.0,0.0
252387,0.0,0.0,0.0,0.0,0.0,1.0,0.0
252394,0.0,0.0,0.0,0.0,0.0,2.0,0.0
252894,0.0,0.0,0.0,0.0,0.0,0.0,0.0
252915,0.0,0.0,0.0,0.0,0.0,1.0,0.0
253415,0.0,0.0,0.0,0.0,0.0,0.0,0.0
254918,0.0,0.0,0.0,0.0,0.0,1.0,0.0
255418,0.0,0.0,0.0,0.0,0.0,0.0,0.0
256686,0.0,0.0,0.0,0.0,0.0,1.0,0.0
257186,0.0,0.0,0.0,0.0,0.0,0.0,0.0
257282,0.0,0.0,0.0,0.0,0.0,1.0,0.0
257782,0.0,0.0,0.0,0.0,0.0,0.0,0.0
257951,0.0,0.0,0.0,0.0,0.0,1.0,0.0
258451,0.0,0.0,0.0,0.0,0.0,0.0,0.0
258797,0.0,0.0,0.0,0.0,0.0,1.0,0.0
258801,0.0,0.0,0.0,0.0,0.0,2.0,0.0
259301,0.0,0.0,0.0,0.0,0.0,0.0,0.0
259613,0.0,0.0,0.0,0.0,0.0,1.0,0.0
259615,0.0,0.0,0.0,0.0,0.0,2.0,0.0
260115,0.0,0.0,0.0,0.0,0.0,0.0,0.0
260558,0.0,0.0,0.0,0.0,0.0,1.0,0.0
260789,0.0,0.0,0.0,0.0,0.0,2.0,0.0
260927,0.0,0.0,0.0,0.0,1.0,2.0,0.0
261289,0.0,0.0,0.0,0.0,1.0,0.0,0.0
261427,0.0,0.0,0.0,0.0,0.0,0.0,0.0
261617,0.0,0.0,0.0,0.0,0.0,1.0,0.0
261619,0.0,0.0,0.0,0.0,0.0,2.0,0.0
262119,0.0,0.0,0.0,0.0,0.0,0.0,0.0
262908,0.0,0.0,0.0,0.0,0.0,1.0,0.0
263408,0.0,0.0,0.0,0.0,0.0,0.0,0.0
263428,0.0,0.0,0.0,0.0,0.0,1.0,0.0
263544,0.0,0.0,0.0,0.0,0.0,2.0,0.0
264044,0.0,0.0,0.0,0.0,0.0,0.0,0.0
264201,0.0,0.0,0.0,0.0,0.0,1.0,0.0
264203,0.0,0.0,0.0,0.0,0.0,2.0,0.0
264703,0.0,0.0,0.0,0.0,0.0,0.0,0.0
266060,0.0,0.0,0.0,0.0,0.0,1.0,0.0
266263,0.0,0.0,0.0,0.0,0.0,2.0,0.0
266763,0.0,0.0,0.0,0.0,0.0,0.0,0.0
268162,0.0,0.0,0.0,0.0,0.0,1.0,0.0
268662,0.0,0.0,0.0,0.0,0.0,0.0,0.0
268713,0.0,0.0,0.0,0.0,0.0,1.0,0.0
269213,0.0,0.0,0.0,0.0,0.0,0.0,0.0
269292,0.0,0.0,0.0,0.0,0.0,1.0,0.0
269792,0.0,0.0,0.0,0.0,0.0,0.0,0.0
271274,0.0,0.0,0.0,0.0,0.0,1.0,0.0
271774,0.0,0.0,0.0,0.0,0.0,0.0,0.0
272635,0.0,0.0,0.0,0.0,0.0,1.0,0.0
272894,0.0,0.0,0.0,0.0,0.0,2.0,0.0
273394,0.0,0.0,0.0,0.0,0.0,0.0,0.0
274054,0.0,0.0,0.0,0.0,0.0,1.0,0.0
274128,0.0,2.0,0.0,0.0,0.0,1.0,0.0
274554,0.0,2.0,0.0,0.0,0.0,0.0,0.0
274628,0.0,0.0,0.0,0.0,0.0,0.0,0.0
274908,0.0,0.0,0.0,0.0,0.0,1.0,0.0
275408,0.0,0.0,0.0,0.0,0.0,0.0,0.0
275464,0.0,0.0,0.0,0.0,0.0,1.0,0.0
275510,0.0,0.0,0.0,0.0,0.0,2.0,0.0
276010,0.0,0.0,0.0,0.0,0.0,0.0,0.0
277135,0.0,0.0,0.0,0.0,0.0,1.0,0.0
277635,0.0,0.0,0.0,0.0,0.0,0.0,0.0
278020,0.0,0.0,0.0,0.0,0.0,1.0,0.0
278520,0.0,0.0,0.0,0.0,0.0,0.0,0.0
278995,0.0,0.0,0.0,0.0,0.0,1.0,0.0
278997,0.0,0.0,0.0,0.0,0.0,2.0,0.0
279497,0.0,0.0,0.0,0.0,0.0,0.0,0.0
279711,0.0,0.0,0.0,0.0,0.0,1.0,0.0
279716,0.0,0.0,0.0,0.0,0.0,2.0,0.0
280216,0.0,0.0,0.0,0.0,0.0,0.0,0.0
280668,0.0,0.0,0.0,0.0,0.0,1.0,0.0
280957,0.0,0.0,0.0,0.0,0.0,2.0,0.0
281457,0.0,0.0,0.0,0.0,0.0,0.0,0.0
281760,0.0,0.0,0.0,0.0,0.0,1.0,0.0
282260,0.0,0.0,0.0,0.0,0.0,0.0,0.0
283616,0.0,0.0,0.0,0.0,0.0,1.0,0.0
283629,0.0,0.0,0.0,0.0,0.0,2.0,0.0
284129,0.0,0.0,0.0,0.0,0.0,0.0,0.0
285128,0.0,0.0,0.0,0.0,0.0,1.0,0.0
285628,0.0,0.0,0.0,0.0,0.0,0.0,0.0
286535,0.0,0.0,0.0,0.0,0.0,1.0,0.0
286539,0.0,0.0,0.0,0.0,0.0,2.0,0.0
287039,0.0,0.0,0.0,0.0,0.0,0.0,0.0
287288,0.0,0.0,0.0,0.0,0.0,1.0,0.0
287290,0.0,0.0,0.0,0.0,0.0,2.0,0.0
287790,0.0,0.0,0.0,0.0,0.0,0.0,0.0
287837,0.0,0.0,0.0,0.0,0.0,1.0,0.0
288337,0.0,0.0,0.0,0.0,0.0,0.0,0.0
288793,0.0,0.0,0.0,0.0,0.0,1.0,0.0
289293,0.0,0.0,0.0,0.0,0.0,0.0,0.0
289295,0.0,0.0,0.0,0.0,0.0,1.0,0.0
289795,0.0,0.0,0.0,0.0,0.0,0.0,0.0
290690,0.0,0.0,0.0,0.0,0.0,1.0,0.0
291190,0.0,0.0,0.0,0.0,0.0,0.0,0.0
291194,0.0,0.0,0.0,0.0,0.0,1.0,0.0
291694,0.0,0.0,0.0,0.0,0.0,0.0,0.0
292725,0.0,0.0,0.0,0.0,0.0,1.0,0.0
292749,0.0,0.0,0.0,0.0,0.0,2.0,0.0
293249,0.0,0.0,0.0,0.0,0.0,0.0,0.0
293765,0.0,0.0,0.0,0.0,0.0,1.0,0.0
294265,0.0,0.0,0.0,0.0,0.0,0.0,0.0
294992,0.0,0.0,0.0,0.0,0.0,1.0,0.0
294994,0.0,0.0,0.0,0.0,0.0,2.0,0.0
295494,0.0,0.0,0.0,0.0,0.0,0.0,0.0
295896,0.0,0.0,0.0,0.0,0.0,1.0,0.0
296396,0.0,0.0,0.0,0.0,0.0,0.0,0.0
296431,0.0,0.0,0.0,0.0,0.0,1.0,0.0
296618,0.0,0.0,0.0,0.0,0.0,2.0,0.0
297118,0.0,0.0,0.0,0.0,0.0,0.0,0.0
297182,0.0,0.0,0.0,0.0,0.0,1.0,0.0
297682,0.0,0.0,0.0,0.0,0.0,0.0,0.0
298486,0.0,0.0,0.0,0.0,0.0,1.0,0.0
298986,0.0,0.0,0.0,0.0,0.0,0.0,0.0
299163,0.0,0.0,0.0,0.0,0.0,1.0,0.0
299663,0.0,0.0,0.0,0.0,0.0,0.0,0.0
301333,0.0,0.0,0.0,0.0,0.0,1.0,0.0
301833,0.0,0.0,0.0,0.0,0.0,0.0,0.0
306058,0.0,0.0,0.0,0.0,0.0,1.0,0.0
306060,0.0,0.0,0.0,0.0,0.0,2.0,0.0
306560,0.0,0.0,0.0,0.0,0.0,0.0,0.0
308761,0.0,0.0,0.0,0.0,0.0,1.0,0.0
308766,0.0,0.0,0.0,0.0,0.0,2.0,0.0
309266,0.0,0.0,0.0,0.0,0.0,0.0,0.0
309956,0.0,0.0,0.0,0.0,0.0,1.0,0.0
309958,0.0,0.0,0.0,0.0,0.0,2.0,0.0
309971,0.0,0.0,0.0,0.0,1.0,2.0,0.0
310458,0.0,0.0,0.0,0.0,1.0,0.0,0.0
310471,0.0,0.0,0.0,0.0,0.0,0.0,0.0
311962,0.0,0.0,0.0,0.0,0.0,1.0,0.0
312462,0.0,0.0,0.0,0.0,0.0,0.0,0.0
314250,0.0,0.0,0.0,0.0,0.0,1.0,0.0
314750,0.0,0.0,0.0,0.0,0.0,0.0,0.0
319104,0.0,0.0,0.0,0.0,0.0,1.0,0.0
319604,0.0,0.0,0.0,0.0,0.0,0.0,0.0
319755,0.0,0.0,0.0,0.0,0.0,1.0,0.0
320255,0.0,0.0,0.0,0.0,0.0,0.0,0.0
320601,0.0,0.0,0.0,0.0,0.0,1.0,0.0
320611,0.0,0.0,0.0,0.0,0.0,2.0,0.0
321111,0.0,0.0,0.0,0.0,0.0,0.0,0.0
321279,0.0,0.0,0.0,0.0,0.0,1.0,0.0
321289,0.0,0.0,0.0,0.0,0.0,2.0,0.0
321789,0.0,0.0,0.0,0.0,0.0,0.0,0.0
323973,0.0,0.0,0.0,0.0,0.0,1.0,0.0
324473,0.0,0.0,0.0,0.0,0.0,0.0,0.0
327685,0.0,0.0,0.0,0.0,0.0,1.0,0.0
328185,0.0,0.0,0.0,0.0,0.0,0.0,0.0
328571,0.0,0.0,0.0,0.0,0.0,1.0,0.0
329071,0.0,0.0,0.0,0.0,0.0,0.0,0.0
329978,0.0,0.0,0.0,0.0,0.0,1.0,0.0
329981,0.0,0.0,0.0,0.0,0.0,2.0,0.0
330481,0.0,0.0,0.0,0.0,0.0,0.0,0.0
331316,0.0,0.0,0.0,0.0,0.0,1.0,0.0
331318,0.0,0.0,0.0,0.0,0.0,2.0,0.0
331818,0.0,0.0,0.0,0.0,0.0,0.0,0.0
331917,0.0,0.0,0.0,0.0,0.0,1.0,0.0
331918,0.0,0.0,0.0,0.0,0.0,2.0,0.0
332418,0.0,0.0,0.0,0.0,0.0,0.0,0.0
333539,0.0,0.0,0.0,0.0,0.0,1.0,0.0
334039,0.0,0.0,0.0,0.0,0.0,0.0,0.0
334541,0.0,0.0,0.0,0.0,0.0,1.0,0.0
335041,0.0,0.0,0.0,0.0,0.0,0.0,0.0
338295,0.0,0.0,0.0,0.0,0.0,1.0,0.0
338795,0.0,0.0,0.0,0.0,0.0,0.0,0.0
340177,0.0,0.0,0.0,0.0,0.0,1.0,0.0
340677,0.0,0.0,0.0,0.0,0.0,0.0,0.0
342039,0.0,0.0,0.0,0.0,0.0,1.0,0.0
342428,0.0,0.0,0.0,0.0,0.0,2.0,0.0
342928,0.0,0.0,0.0,0.0,0.0,0.0,0.0
349434,0.0,0.0,0.0,0.0,0.0,1.0,0.0
349934,0.0,0.0,0.0,0.0,0.0,0.0,0.0
350036,0.0,0.0,0.0,0.0,0.0,1.0,0.0
350536,0.0,0.0,0.0,0.0,0.0,0.0,0.0
350938,0.0,0.0,0.0,0.0,0.0,1.0,0.0
351438,0.0,0.0,0.0,0.0,0.0,0.0,0.0
353693,0.0,0.0,0.0,0.0,0.0,1.0,0.0
353724,0.0,0.0,0.0,0.0,0.0,2.0,0.0
354224,0.0,0.0,0.0,0.0,0.0,0.0,0.0
357707,0.0,0.0,0.0,0.0,0.0,1.0,0.0
357712,0.0,0.0,0.0,0.0,0.0,2.0,0.0
358212,0.0,0.0,0.0,0.0,0.0,0.0,0.0
361883,0.0,0.0,0.0,0.0,0.0,1.0,0.0
362383,0.0,0.0,0.0,0.0,0.0,0.0,0.0
364121,0.0,0.0,0.0,0.0,0.0,1.0,0.0
364621,0.0,0.0,0.0,0.0,0.0,0.0,0.0
364844,0.0,0.0,0.0,0.0,0.0,1.0,0.0
365288,0.0,0.0,0.0,0.0,0.0,2.0,0.0
365788,0.0,0.0,0.0,0.0,0.0,0.0,0.0
368045,0.0,0.0,0.0,0.0,0.0,1.0,0.0
368545,0.0,0.0,0.0,0.0,0.0,0.0,0.0
375380,0.0,0.0,0.0,0.0,0.0,1.0,0.0
375880,0.0,0.0,0.0,0.0,0.0,0.0,0.0
376085,0.0,0.0,0.0,0.0,0.0,1.0,0.0
376585,0.0,0.0,0.0,0.0,0.0,0.0,0.0
376594,0.0,0.0,0.0,0.0,0.0,1.0,0.0
377094,0.0,0.0,0.0,0.0,0.0,0.0,0.0
380474,0.0,0.0,0.0,0.0,0.0,1.0,0.0
380974,0.0,0.0,0.0,0.0,0.0,0.0,0.0
381590,0.0,0.0,0.0,0.0,0.0,1.0,0.0
382090,0.0,0.0,0.0,0.0,0.0,0.0,0.0
382607,0.0,0.0,0.0,0.0,0.0,1.0,0.0
383019,0.0,0.0,0.0,0.0,0.0,2.0,0.0
383519,0.0,0.0,0.0,0.0,0.0,0.0,0.0
383961,0.0,0.0,0.0,0.0,0.0,1.0,0.0
384461,0.0,0.0,0.0,0.0,0.0,0.0,0.0
385061,0.0,0.0,0.0,0.0,0.0,1.0,0.0
385561,0.0,0.0,0.0,0.0,0.0,0.0,0.0
386974,0.0,0.0,0.0,0.0,0.0,1.0,0.0
387474,0.0,0.0,0.0,0.0,0.0,0.0,0.0
391905,0.0,0.0,0.0,0.0,1.0,0.0,0.0
391906,0.0,0.0,0.0,0.0,2.0,0.0,0.0
392406,0.0,0.0,0.0,0.0,0.0,0.0,0.0
392869,0.0,0.0,0.0,0.0,1.0,0.0,0.0
393369,0.0,0.0,0.0,0.0,0.0,0.0,0.0
395071,0.0,0.0,0.0,0.0,0.0,1.0,0.0
395571,0.0,0.0,0.0,0.0,0.0,0.0,0.0
400908,0.0,0.0,0.0,0.0,1.0,0.0,0.0
401408,0.0,0.0,0.0,0.0,0.0,0.0,0.0
403000,0.0,0.0,0.0,0.0,0.0,0.0,1.0
403500,0.0,0.0,0.0,0.0,0.0,0.0,0.0
403520,0.0,0.0,0.0,0.0,0.0,1.0,0.0
403688,0.0,0.0,0.0,0.0,1.0,1.0,0.0
403915,0.0,0.0,0.0,0.0,2.0,1.0,0.0
403967,2.0,0.0,0.0,0.0,2.0,1.0,0.0
403975,2.0,0.0,0.0,0.0,2.0,2.0,0.0
404067,2.0,2.0,0.0,0.0,2.0,2.0,0.0
404415,2.0,2.0,0.0,0.0,0.0,2.0,0.0
404467,0.0,2.0,0.0,0.0,0.0,2.0,0.0
404475,0.0,2.0,0.0,0.0,0.0,0.0,0.0
404567,0.0,0.0,0.0,0.0,0.0,0.0,0.0
404684,0.0,0.0,0.0,0.0,0.0,1.0,0.0
404698,0.0,0.0,0.0,0.0,0.0,2.0,0.0
405198,0.0,0.0,0.0,0.0,0.0,0.0,0.0
405247,2.0,0.0,0.0,0.0,0.0,0.0,0.0
405554,2.0,0.0,0.0,0.0,0.0,1.0,0.0
405730,2.0,0.0,0.0,0.0,0.0,2.0,0.0
405747,0.0,0.0,0.0,0.0,0.0,2.0,0.0
405854,0.0,0.0,1.0,0.0,0.0,2.0,0.0
406230,0.0,0.0,1.0,0.0,0.0,0.0,0.0
406368,0.0,0.0,1.0,0.0,0.0,1.0,0.0
406370,0.0,0.0,1.0,0.0,0.0,2.0,0.0
406870,0.0,0.0,1.0,0.0,0.0,0.0,0.0
407231,0.0,0.0,1.0,0.0,0.0,1.0,0.0
407731,0.0,0.0,1.0,0.0,0.0,0.0,0.0
408031,0.0,0.0,1.0,0.0,0.0,1.0,0.0
408036,0.0,0.0,1.0,0.0,1.0,1.0,0.0
408046,0.0,0.0,1.0,0.0,1.0,2.0,0.0
408049,0.0,0.0,1.0,0.0,2.0,2.0,0.0
408228,0.0,0.0,2.0,0.0,2.0,2.0,0.0
408546,0.0,0.0,2.0,0.0,2.0,0.0,0.0
408549,0.0,0.0,2.0,0.0,0.0,0.0,0.0
408728,0.0,0.0,1.0,0.0,0.0,0.0,0.0
409538,0.0,0.0,1.0,0.0,0.0,1.0,0.0
410038,0.0,0.0,1.0,0.0,0.0,0.0,0.0
410796,0.0,0.0,1.0,0.0,0.0,1.0,0.0
411296,0.0,0.0,1.0,0.0,0.0,0.0,0.0
411640,0.0,0.0,1.0,0.0,0.0,1.0,0.0
412140,0.0,0.0,1.0,0.0,0.0,0.0,0.0
412378,0.0,0.0,1.0,0.0,0.0,1.0,0.0
412384,0.0,0.0,1.0,0.0,0.0,2.0,0.0
412884,0.0,0.0,1.0,0.0,0.0,0.0,0.0
413080,0.0,0.0,1.0,0.0,0.0,1.0,0.0
413583,0.0,0.0,1.0,0.0,0.0,2.0,0.0
414083,0.0,0.0,1.0,0.0,0.0,0.0,0.0
414086,0.0,0.0,1.0,0.0,0.0,1.0,0.0
414228,0.0,0.0,0.0,0.0,0.0,1.0,0.0
414236,0.0,0.0,1.0,0.0,0.0,1.0,0.0
414555,0.0,0.0,1.0,0.0,0.0,2.0,0.0
414736,0.0,0.0,0.0,0.0,0.0,2.0,0.0
415055,0.0,0.0,0.0,0.0,0.0,0.0,0.0
415056,0.0,0.0,0.0,0.0,0.0,1.0,0.0
415556,0.0,0.0,0.0,0.0,0.0,0.0,0.0
416224,0.0,0.0,0.0,0.0,1.0,1.0,0.0
416236,0.0,0.0,0.0,0.0,1.0,2.0,0.0
416724,0.0,0.0,0.0,0.0,0.0,2.0,0.0
416736,0.0,0.0,0.0,0.0,0.0,0.0,0.0
417337,0.0,0.0,0.0,0.0,0.0,1.0,0.0
417837,0.0,0.0,0.0,0.0,0.0,0.0,0.0
417859,0.0,0.0,0.0,0.0,0.0,1.0,0.0
417863,0.0,0.0,0.0,0.0,0.0,2.0,0.0
418363,0.0,0.0,0.0,0.0,0.0,0.0,0.0
419645,0.0,0.0,0.0,0.0,0.0,1.0,0.0
419650,0.0,0.0,0.0,0.0,1.0,2.0,0.0
419696,0.0,0.0,0.0,0.0,2.0,2.0,0.0
420150,0.0,0.0,0.0,0.0,2.0,0.0,0.0
420196,0.0,0.0,0.0,0.0,0.0,0.0,0.0
421035,0.0,0.0,0.0,0.0,0.0,1.0,0.0
421535,0.0,0.0,0.0,0.0,0.0,0.0,0.0
422346,0.0,0.0,0.0,0.0,0.0,1.0,0.0
422349,0.0,0.0,0.0,0.0,0.0,2.0,0.0
422849,0.0,0.0,0.0,0.0,0.0,0.0,0.0
423068,0.0,0.0,0.0,0.0,0.0,1.0,0.0
423082,0.0,0.0,0.0,0.0,0.0,2.0,0.0
423582,0.0,0.0,0.0,0.0,0.0,0.0,0.0
424812,0.0,0.0,0.0,0.0,0.0,1.0,0.0
425312,0.0,0.0,0.0,0.0,0.0,0.0,0.0
425316,0.0,0.0,0.0,0.0,0.0,1.0,0.0
425816,0.0,0.0,0.0,0.0,0.0,0.0,0.0
426614,0.0,0.0,0.0,0.0,0.0,1.0,0.0
426639,0.0,0.0,0.0,0.0,0.0,2.0,0.0
427139,0.0,0.0,0.0,0.0,0.0,0.0,0.0
427598,0.0,0.0,0.0,0.0,0.0,1.0,0.0
428098,0.0,0.0,0.0,0.0,0.0,0.0,0.0
428523,0.0,0.0,0.0,0.0,0.0,1.0,0.0
429023,0.0,0.0,0.0,0.0,0.0,0.0,0.0
430060,0.0,0.0,0.0,0.0,0.0,1.0,0.0
430560,0.0,0.0,0.0,0.0,0.0,0.0,0.0
430892,0.0,0.0,0.0,0.0,0.0,1.0,0.0
430902,0.0,0.0,0.0,0.0,0.0,2.0,0.0
431402,0.0,0.0,0.0,0.0,0.0,0.0,0.0
432046,0.0,0.0,0.0,0.0,0.0,1.0,0.0
432069,0.0,0.0,0.0,0.0,0.0,2.0,0.0
432569,0.0,0.0,0.0,0.0,0.0,0.0,0.0
432781,0.0,0.0,0.0,0.0,0.0,1.0,0.0
433157,0.0,0.0,0.0,0.0,0.0,2.0,0.0
433171,0.0,0.0,0.0,0.0,1.0,2.0,0.0
433509,0.0,0.0,0.0,0.0,2.0,2.0,0.0
433657,0.0,0.0,0.0,0.0,2.0,0.0,0.0
433749,0.0,0.0,0.0,0.0,2.0,1.0,0.0
434009,0.0,0.0,0.0,0.0,0.0,1.0,0.0
434249,0.0,0.0,0.0,0.0,0.0,0.0,0.0
434494,0.0,0.0,0.0,0.0,0.0,1.0,0.0
434496,0.0,0.0,0.0,0.0,1.0,2.0,0.0
434996,0.0,0.0,0.0,0.0,0.0,0.0,0.0
435564,0.0,0.0,0.0,0.0,0.0,1.0,0.0
436064,0.0,0.0,0.0,0.0,0.0,0.0,0.0
436116,0.0,0.0,0.0,0.0,0.0,1.0,0.0
436126,0.0,0.0,0.0,0.0,0.0,2.0,0.0
436626,0.0,0.0,0.0,0.0,0.0,0.0,0.0
436854,0.0,0.0,0.0,0.0,0.0,1.0,0.0
437354,0.0,0.0,0.0,0.0,0.0,0.0,0.0
438489,0.0,0.0,0.0,0.0,0.0,1.0,0.0
438989,0.0,0.0,0.0,0.0,0.0,0.0,0.0
440737,0.0,0.0,0.0,0.0,0.0,1.0,0.0
440741,0.0,0.0,0.0,0.0,0.0,2.0,0.0
441241,0.0,0.0,0.0,0.0,0.0,0.0,0.0
441504,0.0,0.0,0.0,0.0,0.0,1.0,0.0
441916,0.0,0.0,0.0,0.0,0.0,2.0,0.0
442046,0.0,0.0,0.0,0.0,1.0,2.0,0.0
442069,0.0,0.0,0.0,0.0,2.0,2.0,0.0
442416,0.0,0.0,0.0,0.0,2.0,0.0,0.0
442569,0.0,0.0,0.0,0.0,0.0,0.0,0.0
442752,0.0,0.0,0.0,0.0,0.0,1.0,0.0
443752,0.0,0.0,0.0,0.0,0.0,0.0,0.0
444302,0.0,0.0,0.0,0.0,0.0,1.0,0.0
444342,0.0,0.0,0.0,0.0,0.0,2.0,0.0
444842,0.0,0.0,0.0,0.0,0.0,0.0,0.0
446269,0.0,0.0,0.0,0.0,0.0,1.0,0.0
446274,0.0,0.0,0.0,0.0,0.0,2.0,0.0
446774,0.0,0.0,0.0,0.0,0.0,0.0,0.0
447012,0.0,0.0,0.0,0.0,0.0,1.0,0.0
447321,0.0,0.0,0.0,0.0,0.0,2.0,0.0
447821,0.0,0.0,0.0,0.0,0.0,0.0,0.0
448210,0.0,0.0,0.0,0.0,0.0,1.0,0.0
448710,0.0,0.0,0.0,0.0,0.0,0.0,0.0
448715,0.0,0.0,0.0,0.0,0.0,1.0,0.0
449215,0.0,0.0,0.0,0.0,0.0,0.0,0.0
449441,0.0,0.0,0.0,0.0,0.0,1.0,0.0
449941,0.0,0.0,0.0,0.0,0.0,0.0,0.0
450222,0.0,0.0,0.0,0.0,0.0,1.0,0.0
450672,0.0,0.0,0.0,0.0,0.0,2.0,0.0
451172,0.0,0.0,0.0,0.0,0.0,0.0,0.0
452265,0.0,0.0,0.0,0.0,0.0,1.0,0.0
452267,0.0,0.0,0.0,0.0,0.0,2.0,0.0
452767,0.0,0.0,0.0,0.0,0.0,0.0,0.0
452942,0.0,0.0,0.0,0.0,0.0,1.0,0.0
452952,0.0,0.0,0.0,0.0,1.0,1.0,0.0
453442,0.0,0.0,0.0,0.0,1.0,0.0,0.0
453452,0.0,0.0,0.0,0.0,0.0,0.0,0.0
455103,0.0,0.0,0.0,0.0,0.0,1.0,0.0
455603,0.0,0.0,0.0,0.0,0.0,0.0,0.0
455784,0.0,0.0,0.0,0.0,0.0,1.0,0.0
456284,0.0,0.0,0.0,0.0,0.0,0.0,0.0
457021,0.0,0.0,0.0,0.0,1.0,0.0,0.0
457521,0.0,0.0,0.0,0.0,0.0,0.0,0.0
458565,0.0,0.0,0.0,0.0,0.0,1.0,0.0
459065,0.0,0.0,0.0,0.0,0.0,0.0,0.0
459304,0.0,0.0,0.0,0.0,0.0,1.0,0.0
459804,0.0,0.0,0.0,0.0,0.0,0.0,0.0
460125,0.0,0.0,0.0,0.0,0.0,1.0,0.0
460625,0.0,0.0,0.0,0.0,0.0,0.0,0.0
461492,0.0,0.0,0.0,0.0,0.0,1.0,0.0
461992,0.0,0.0,0.0,0.0,0.0,0.0,0.0
462546,0.0,0.0,0.0,0.0,0.0,1.0,0.0
462721,0.0,0.0,0.0,0.0,0.0,2.0,0.0
463221,0.0,0.0,0.0,0.0,0.0,0.0,0.0
463426,0.0,0.0,0.0,0.0,0.0,1.0,0.0
463496,0.0,0.0,0.0,0.0,0.0,2.0,0.0
463996,0.0,0.0,0.0,0.0,0.0,0.0,0.0
464466,0.0,0.0,0.0,0.0,0.0,1.0,0.0
464488,0.0,0.0,0.0,0.0,0.0,2.0,0.0
464988,0.0,0.0,0.0,0.0,0.0,0.0,0.0
465199,0.0,0.0,0.0,0.0,1.0,1.0,0.0
465201,0.0,0.0,0.0,0.0,2.0,2.0,0.0
465701,0.0,0.0,0.0,0.0,0.0,0.0,0.0
465951,0.0,0.0,0.0,0.0,0.0,1.0,0.0
466451,0.0,0.0,0.0,0.0,0.0,0.0,0.0
467661,0.0,0.0,0.0,0.0,0.0,1.0,0.0
467669,0.0,0.0,0.0,0.0,0.0,2.0,0.0
468169,0.0,0.0,0.0,0.0,0.0,0.0,0.0
468784,0.0,0.0,0.0,0.0,1.0,0.0,0.0
468785,0.0,0.0,0.0,0.0,1.0,1.0,0.0
469284,0.0,0.0,0.0,0.0,0.0,1.0,0.0
469285,0.0,0.0,0.0,0.0,0.0,0.0,0.0
469554,0.0,0.0,0.0,0.0,0.0,1.0,0.0
470054,0.0,0.0,0.0,0.0,0.0,0.0,0.0
470455,0.0,0.0,0.0,0.0,0.0,1.0,0.0
470955,0.0,0.0,0.0,0.0,0.0,0.0,0.0
471057,0.0,0.0,0.0,0.0,0.0,1.0,0.0
471557,0.0,0.0,0.0,0.0,0.0,0.0,0.0
471703,0.0,0.0,0.0,0.0,0.0,1.0,0.0
472203,0.0,0.0,0.0,0.0,0.0,0.0,0.0
473304,0.0,0.0,0.0,0.0,0.0,1.0,0.0
473804,0.0,0.0,0.0,0.0,0.0,0.0,0.0
474121,0.0,0.0,0.0,0.0,0.0,1.0,0.0
474621,0.0,0.0,0.0,0.0,0.0,0.0,0.0
474967,0.0,0.0,0.0,0.0,0.0,1.0,0.0
475467,0.0,0.0,0.0,0.0,0.0,0.0,0.0
475850,0.0,0.0,0.0,0.0,0.0,1.0,0.0
476350,0.0,0.0,0.0,0.0,0.0,0.0,0.0
478333,0.0,0.0,0.0,0.0,0.0,1.0,0.0
478679,0.0,0.0,0.0,0.0,0.0,2.0,0.0
479179,0.0,0.0,0.0,0.0,0.0,0.0,0.0
479468,0.0,0.0,0.0,0.0,0.0,1.0,0.0
479485,0.0,0.0,0.0,0.0,0.0,2.0,0.0
479985,0.0,0.0,0.0,0.0,0.0,0.0,0.0
479996,0.0,0.0,0.0,0.0,0.0,1.0,0.0
480135,0.0,0.0,0.0,0.0,0.0,2.0,0.0
480635,0.0,0.0,0.0,0.0,0.0,0.0,0.0
481319,0.0,2.0,0.0,0.0,0.0,0.0,0.0
481321,0.0,2.0,0.0,0.0,0.0,1.0,0.0
481819,0.0,0.0,0.0,0.0,0.0,1.0,0.0
481821,0.0,0.0,0.0,0.0,0.0,0.0,0.0
481991,0.0,0.0,0.0,0.0,0.0,1.0,0.0
482491,0.0,0.0,0.0,0.0,0.0,0.0,0.0
483811,0.0,0.0,0.0,0.0,0.0,1.0,0.0
484311,0.0,0.0,0.0,0.0,0.0,0.0,0.0
485302,0.0,0.0,0.0,0.0,0.0,1.0,0.0
485311,0.0,0.0,0.0,0.0,0.0,2.0,0.0
485811,0.0,0.0,0.0,0.0,0.0,0.0,0.0
485989,0.0,0.0,0.0,0.0,0.0,1.0,0.0
485991,0.0,0.0,0.0,0.0,0.0,2.0,0.0
486491,0.0,0.0,0.0,0.0,0.0,0.0,0.0
486850,0.0,0.0,0.0,0.0,0.0,1.0,0.0
487350,0.0,0.0,0.0,0.0,0.0,0.0,0.0
487808,0.0,0.0,0.0,0.0,0.0,1.0,0.0
488308,0.0,0.0,0.0,0.0,0.0,0.0,0.0
488721,0.0,0.0,0.0,0.0,0.0,1.0,0.0
489221,0.0,0.0,0.0,0.0,0.0,0.0,0.0
489251,0.0,0.0,0.0,0.0,0.0,1.0,0.0
489751,0.0,0.0,0.0,0.0,0.0,0.0,0.0
490268,0.0,0.0,0.0,0.0,0.0,1.0,0.0
490768,0.0,0.0,0.0,0.0,0.0,0.0,0.0
491064,0.0,0.0,0.0,0.0,0.0,1.0,0.0
491499,0.0,0.0,0.0,0.0,0.0,2.0,0.0
491999,0.0,0.0,0.0,0.0,0.0,0.0,0.0
492480,0.0,0.0,0.0,0.0,0.0,1.0,0.0
492980,0.0,0.0,0.0,0.0,0.0,0.0,0.0
493865,0.0,0.0,0.0,0.0,0.0,1.0,0.0
494365,0.0,0.0,0.0,0.0,0.0,0.0,0.0
494482,0.0,0.0,0.0,0.0,0.0,1.0,0.0
494982,0.0,0.0,0.0,0.0,0.0,0.0,0.0
495934,0.0,0.0,0.0,0.0,0.0,1.0,0.0
496434,0.0,0.0,0.0,0.0,0.0,0.0,0.0
497034,0.0,0.0,0.0,0.0,0.0,1.0,0.0
497207,0.0,0.0,0.0,0.0,0.0,2.0,0.0
497707,0.0,0.0,0.0,0.0,0.0,0.0,0.0
497754,0.0,0.0,0.0,0.0,0.0,1.0,0.0
498254,0.0,0.0,0.0,0.0,0.0,0.0,0.0
498344,0.0,0.0,0.0,0.0,0.0,1.0,0.0
498485,0.0,0.0,0.0,0.0,0.0,2.0,0.0
498985,0.0,0.0,0.0,0.0,0.0,0.0,0.0
499087,0.0,0.0,0.0,0.0,0.0,1.0,0.0
499587,0.0,0.0,0.0,0.0,0.0,0.0,0.0
499993,0.0,0.0,0.0,0.0,0.0,1.0,0.0
500493,0.0,0.0,0.0,0.0,0.0,0.0,0.0
501032,0.0,0.0,0.0,0.0,0.0,1.0,0.0
501045,0.0,0.0,0.0,0.0,0.0,2.0,0.0
501545,0.0,0.0,0.0,0.0,0.0,0.0,0.0
503526,0.0,0.0,0.0,0.0,0.0,1.0,0.0
504026,0.0,0.0,0.0,0.0,0.0,0.0,0.0
505204,0.0,0.0,0.0,0.0,1.0,0.0,0.0
505704,0.0,0.0,0.0,0.0,0.0,0.0,0.0
506911,0.0,0.0,0.0,0.0,0.0,1.0,0.0
507411,0.0,0.0,0.0,0.0,0.0,0.0,0.0
508163,0.0,0.0,0.0,0.0,0.0,1.0,0.0
508335,0.0,0.0,0.0,0.0,0.0,2.0,0.0
508835,0.0,0.0,0.0,0.0,0.0,0.0,0.0
509209,0.0,0.0,0.0,0.0,1.0,0.0,0.0
509709,0.0,0.0,0.0,0.0,0.0,0.0,0.0
510818,0.0,0.0,0.0,0.0,0.0,1.0,0.0
511318,0.0,0.0,0.0,0.0,0.0,0.0,0.0
511521,0.0,0.0,0.0,0.0,0.0,1.0,0.0
512021,0.0,0.0,0.0,0.0,0.0,0.0,0.0
512239,0.0,0.0,0.0,0.0,1.0,0.0,0.0
512739,0.0,0.0,0.0,0.0,0.0,0.0,0.0
513396,0.0,0.0,0.0,0.0,0.0,1.0,0.0
513896,0.0,0.0,0.0,0.0,0.0,0.0,0.0
515354,0.0,0.0,0.0,0.0,0.0,1.0,0.0
515441,0.0,0.0,0.0,0.0,0.0,2.0,0.0
515941,0.0,0.0,0.0,0.0,0.0,0.0,0.0
519005,0.0,0.0,0.0,0.0,0.0,1.0,0.0
519505,0.0,0.0,0.0,0.0,0.0,0.0,0.0
521566,0.0,0.0,0.0,0.0,0.0,1.0,0.0
522066,0.0,0.0,0.0,0.0,0.0,0.0,0.0
522466,0.0,0.0,0.0,0.0,0.0,1.0,0.0
522866,0.0,0.0,0.0,0.0,0.0,2.0,0.0
523366,0.0,0.0,0.0,0.0,0.0,0.0,0.0
524566,0.0,0.0,0.0,0.0,0.0,1.0,0.0
524576,0.0,0.0,0.0,0.0,0.0,2.0,0.0
525076,0.0,0.0,0.0,0.0,0.0,0.0,0.0
525102,0.0,0.0,0.0,0.0,0.0,1.0,0.0
525104,0.0,0.0,0.0,0.0,0.0,2.0,0.0
525604,0.0,0.0,0.0,0.0,0.0,0.0,0.0
527788,0.0,0.0,0.0,0.0,0.0,1.0,0.0
528288,0.0,0.0,0.0,0.0,0.0,0.0,0.0
530933,0.0,0.0,0.0,0.0,1.0,0.0,0.0
531433,0.0,0.0,0.0,0.0,0.0,0.0,0.0
534783,0.0,0.0,0.0,0.0,0.0,1.0,0.0
535283,0.0,0.0,0.0,0.0,0.0,0.0,0.0
537291,0.0,0.0,0.0,0.0,0.0,1.0,0.0
537791,0.0,0.0,0.0,0.0,0.0,0.0,0.0
539388,0.0,0.0,0.0,0.0,0.0,1.0,0.0
539627,0.0,0.0,0.0,0.0,1.0,1.0,0.0
539888,0.0,0.0,0.0,0.0,1.0,0.0,0.0
540127,0.0,0.0,0.0,0.0,0.0,0.0,0.0
540774,0.0,0.0,0.0,0.0,0.0,1.0,0.0
541274,0.0,0.0,0.0,0.0,0.0,0.0,0.0
542531,0.0,0.0,0.0,0.0,0.0,1.0,0.0
543031,0.0,0.0,0.0,0.0,0.0,0.0,0.0
543714,0.0,0.0,0.0,0.0,0.0,1.0,0.0
544214,0.0,0.0,0.0,0.0,0.0,0.0,0.0
545279,0.0,0.0,0.0,0.0,0.0,1.0,0.0
545779,0.0,0.0,0.0,0.0,0.0,0.0,0.0
550110,0.0,0.0,0.0,0.0,0.0,1.0,0.0
550610,0.0,0.0,0.0,0.0,0.0,0.0,0.0
550612,0.0,0.0,0.0,0.0,0.0,1.0,0.0
551112,0.0,0.0,0.0,0.0,0.0,0.0,0.0
552016,0.0,0.0,0.0,0.0,0.0,1.0,0.0
552019,0.0,0.0,0.0,0.0,0.0,2.0,0.0
552519,0.0,0.0,0.0,0.0,0.0,0.0,0.0
556190,0.0,0.0,0.0,0.0,0.0,1.0,0.0
556690,0.0,0.0,0.0,0.0,0.0,0.0,0.0
559352,0.0,0.0,0.0,0.0,0.0,1.0,0.0
559852,0.0,0.0,0.0,0.0,0.0,0.0,0.0
560508,0.0,0.0,0.0,0.0,0.0,1.0,0.0
561008,0.0,0.0,0.0,0.0,0.0,0.0,0.0
561813,0.0,0.0,0.0,0.0,0.0,1.0,0.0
562313,0.0,0.0,0.0,0.0,0.0,0.0,0.0
563848,0.0,0.0,0.0,0.0,0.0,1.0,0.0
564348,0.0,0.0,0.0,0.0,0.0,0.0,0.0
566902,0.0,0.0,0.0,0.0,1.0,0.0,0.0
566909,0.0,0.0,0.0,0.0,1.0,1.0,0.0
567402,0.0,0.0,0.0,0.0,0.0,1.0,0.0
567409,0.0,0.0,0.0,0.0,0.0,0.0,0.0
567998,0.0,0.0,0.0,0.0,0.0,1.0,0.0
568498,0.0,0.0,0.0,0.0,0.0,0.0,0.0
572872,0.0,0.0,0.0,0.0,0.0,1.0,0.0
572888,0.0,0.0,0.0,0.0,1.0,1.0,0.0
573372,0.0,0.0,0.0,0.0,1.0,0.0,0.0
573388,0.0,0.0,0.0,0.0,0.0,0.0,0.0
575116,0.0,0.0,0.0,0.0,0.0,1.0,0.0
575616,0.0,0.0,0.0,0.0,0.0,0.0,0.0
578393,0.0,0.0,0.0,0.0,0.0,1.0,0.0
578893,0.0,0.0,0.0,0.0,0.0,0.0,0.0
582066,0.0,0.0,0.0,0.0,0.0,1.0,0.0
582566,0.0,0.0,0.0,0.0,0.0,0.0,0.0
584397,0.0,0.0,0.0,0.0,0.0,1.0,0.0
584897,0.0,0.0,0.0,0.0,0.0,0.0,0.0
585971,0.0,0.0,0.0,0.0,1.0,0.0,0.0
585972,0.0,0.0,0.0,0.0,2.0,0.0,0.0
586472,0.0,0.0,0.0,0.0,0.0,0.0,0.0
586800,0.0,0.0,0.0,0.0,0.0,1.0,0.0
587300,0.0,0.0,0.0,0.0,0.0,0.0,0.0
588187,0.0,0.0,0.0,0.0,0.0,1.0,0.0
588687,0.0,0.0,0.0,0.0,0.0,0.0,0.0
588975,0.0,0.0,0.0,0.0,0.0,1.0,0.0
588976,0.0,0.0,0.0,0.0,0.0,2.0,0.0
589476,0.0,0.0,0.0,0.0,0.0,0.0,0.0
589976,0.0,0.0,0.0,0.0,0.0,1.0,0.0
590476,0.0,0.0,0.0,0.0,0.0,0.0,0.0
593716,0.0,0.0,0.0,0.0,0.0,1.0,0.0
594216,0.0,0.0,0.0,0.0,0.0,0.0,0.0
595911,0.0,0.0,0.0,0.0,0.0,1.0,0.0
596411,0.0,0.0,0.0,0.0,0.0,0.0,0.0
598766,0.0,0.0,0.0,0.0,0.0,1.0,0.0
599266,0.0,0.0,0.0,0.0,0.0,0.0,0.0
600028,0.0,0.0,0.0,0.0,0.0,1.0,0.0
600528,0.0,0.0,0.0,0.0,0.0,0.0,0.0
601068,0.0,0.0,0.0,0.0,0.0,1.0,0.0
601568,0.0,0.0,0.0,0.0,0.0,0.0,0.0
601761,0.0,0.0,0.0,0.0,0.0,1.0,0.0
602261,0.0,0.0,0.0,0.0,0.0,0.0,0.0
602903,0.0,0.0,0.0,0.0,0.0,1.0,0.0
603403,0.0,0.0,0.0,0.0,0.0,0.0,0.0
603670,0.0,0.0,0.0,0.0,0.0,1.0,0.0
604170,0.0,0.0,0.0,0.0,0.0,0.0,0.0
605000,0.0,0.0,0.0,0.0,0.0,0.0,1.0
605140,0.0,0.0,0.0,0.0,0.0,1.0,1.0
605161,0.0,0.0,0.0,0.0,0.0,2.0,1.0
605500,0.0,0.0,0.0,0.0,0.0,2.0,0.0
605661,0.0,0.0,0.0,0.0,0.0,0.0,0.0
605919,2.0,0.0,0.0,0.0,0.0,0.0,0.0
606088,2.0,2.0,0.0,0.0,0.0,0.0,0.0
606186,2.0,2.0,0.0,0.0,1.0,0.0,0.0
606278,2.0,2.0,0.0,0.0,1.0,1.0,0.0
606390,2.0,2.0,0.0,0.0,2.0,1.0,0.0
606419,0.0,2.0,0.0,0.0,2.0,1.0,0.0
606431,2.0,2.0,0.0,0.0,2.0,1.0,0.0
606531,2.0,2.0,0.0,0.0,2.0,2.0,0.0
606588,2.0,0.0,0.0,0.0,2.0,2.0,0.0
606890,2.0,0.0,0.0,0.0,0.0,2.0,0.0
606931,0.0,0.0,0.0,0.0,0.0,2.0,0.0
607031,0.0,0.0,0.0,0.0,0.0,1.0,0.0
607531,0.0,0.0,0.0,0.0,0.0,0.0,0.0
607865,0.0,0.0,0.0,0.0,0.0,1.0,0.0
608209,0.0,0.0,0.0,0.0,0.0,2.0,0.0
608265,0.0,0.0,1.0,0.0,0.0,2.0,0.0
608709,0.0,0.0,1.0,0.0,0.0,0.0,0.0
609022,0.0,0.0,1.0,0.0,1.0,0.0,0.0
609025,0.0,0.0,1.0,0.0,1.0,1.0,0.0
609522,0.0,0.0,1.0,0.0,0.0,1.0,0.0
609525,0.0,0.0,1.0,0.0,0.0,0.0,0.0
609529,0.0,0.0,1.0,0.0,0.0,1.0,0.0
609953,0.0,0.0,1.0,0.0,0.0,2.0,0.0
610453,0.0,0.0,1.0,0.0,0.0,0.0,0.0
610503,0.0,0.0,1.0,0.0,0.0,1.0,0.0
611003,0.0,0.0,1.0,0.0,0.0,0.0,0.0
611294,0.0,0.0,2.0,0.0,0.0,0.0,0.0
611794,0.0,0.0,0.0,0.0,0.0,0.0,0.0
612121,0.0,0.0,1.0,0.0,0.0,0.0,0.0
612200,0.0,0.0,1.0,0.0,0.0,1.0,0.0
612211,0.0,0.0,1.0,0.0,0.0,2.0,0.0
612621,0.0,0.0,0.0,0.0,0.0,2.0,0.0
612654,0.0,0.0,1.0,0.0,0.0,2.0,0.0
612711,0.0,0.0,1.0,0.0,0.0,0.0,0.0
612822,0.0,0.0,1.0,0.0,0.0,1.0,0.0
613294,0.0,0.0,1.0,0.0,0.0,2.0,0.0
613794,0.0,0.0,1.0,0.0,0.0,0.0,0.0
614605,0.0,0.0,1.0,0.0,0.0,1.0,0.0
614629,0.0,0.0,1.0,0.0,0.0,2.0,0.0
615129,0.0,0.0,1.0,0.0,0.0,0.0,0.0
615841,0.0,0.0,1.0,0.0,0.0,1.0,0.0
616341,0.0,0.0,1.0,0.0,0.0,0.0,0.0
616808,0.0,0.0,1.0,0.0,0.0,1.0,0.0
617136,0.0,0.0,1.0,0.0,0.0,2.0,0.0
617636,0.0,0.0,1.0,0.0,0.0,0.0,0.0
618600,0.0,0.0,1.0,0.0,0.0,1.0,0.0
619100,0.0,0.0,1.0,0.0,0.0,0.0,0.0
619131,0.0,0.0,1.0,0.0,0.0,1.0,0.0
619139,0.0,0.0,1.0,0.0,0.0,2.0,0.0
619639,0.0,0.0,1.0,0.0,0.0,0.0,0.0
619948,0.0,0.0,1.0,0.0,0.0,1.0,0.0
619966,0.0,0.0,1.0,0.0,0.0,2.0,0.0
620466,0.0,0.0,1.0,0.0,0.0,0.0,0.0
620638,0.0,0.0,1.0,0.0,0.0,1.0,0.0
621138,0.0,0.0,1.0,0.0,0.0,0.0,0.0
622674,0.0,0.0,1.0,0.0,0.0,1.0,0.0
622706,0.0,0.0,1.0,0.0,0.0,2.0,0.0
623206,0.0,0.0,1.0,0.0,0.0,0.0,0.0
624044,0.0,0.0,1.0,0.0,0.0,1.0,0.0
624490,0.0,2.0,1.0,0.0,0.0,1.0,0.0
624544,0.0,2.0,1.0,0.0,0.0,0.0,0.0
624980,0.0,2.0,1.0,0.0,0.0,1.0,0.0
624990,0.0,0.0,1.0,0.0,0.0,1.0,0.0
625480,0.0,0.0,1.0,0.0,0.0,0.0,0.0
625491,0.0,0.0,1.0,0.0,0.0,1.0,0.0
625509,0.0,0.0,1.0,0.0,0.0,2.0,0.0
626009,0.0,0.0,1.0,0.0,0.0,0.0,0.0
626363,0.0,0.0,1.0,0.0,0.0,1.0,0.0
626365,0.0,0.0,1.0,0.0,0.0,2.0,0.0
626865,0.0,0.0,1.0,0.0,0.0,0.0,0.0
627087,0.0,0.0,1.0,0.0,0.0,1.0,0.0
627107,0.0,0.0,1.0,0.0,0.0,2.0,0.0
627607,0.0,0.0,1.0,0.0,0.0,0.0,0.0
627891,0.0,0.0,1.0,0.0,0.0,1.0,0.0
628391,0.0,0.0,1.0,0.0,0.0,0.0,0.0
629281,0.0,0.0,1.0,0.0,0.0,1.0,0.0
629781,0.0,0.0,1.0,0.0,0.0,0.0,0.0
629958,0.0,0.0,1.0,0.0,0.0,1.0,0.0
630458,0.0,0.0,1.0,0.0,0.0,0.0,0.0
630475,0.0,0.0,1.0,0.0,0.0,1.0,0.0
630975,0.0,0.0,1.0,0.0,0.0,0.0,0.0
631011,0.0,0.0,1.0,0.0,0.0,1.0,0.0
631309,0.0,0.0,1.0,0.0,1.0,1.0,0.0
631511,0.0,0.0,1.0,0.0,1.0,0.0,0.0
631809,0.0,0.0,1.0,0.0,0.0,0.0,0.0
632357,0.0,0.0,1.0,0.0,0.0,1.0,0.0
632857,0.0,0.0,1.0,0.0,0.0,0.0,0.0
634020,0.0,0.0,1.0,0.0,0.0,1.0,0.0
634520,0.0,0.0,1.0,0.0,0.0,0.0,0.0
634712,0.0,0.0,1.0,0.0,0.0,1.0,0.0
635212,0.0,0.0,1.0,0.0,0.0,0.0,0.0
635819,0.0,0.0,1.0,0.0,0.0,1.0,0.0
636319,0.0,0.0,1.0,0.0,0.0,0.0,0.0
637557,0.0,0.0,1.0,0.0,0.0,1.0,0.0
637559,0.0,0.0,1.0,0.0,0.0,2.0,0.0
638059,0.0,0.0,1.0,0.0,0.0,0.0,0.0
638129,0.0,0.0,1.0,0.0,0.0,1.0,0.0
638629,0.0,0.0,1.0,0.0,0.0,0.0,0.0
639381,0.0,0.0,1.0,0.0,0.0,1.0,0.0
639881,0.0,0.0,1.0,0.0,0.0,0.0,0.0
640334,0.0,0.0,1.0,0.0,0.0,1.0,0.0
640834,0.0,0.0,1.0,0.0,0.0,0.0,0.0
641018,0.0,0.0,1.0,0.0,0.0,1.0,0.0
641518,0.0,0.0,1.0,0.0,0.0,0.0,0.0
642391,0.0,0.0,1.0,0.0,0.0,1.0,0.0
642395,0.0,0.0,1.0,0.0,0.0,2.0,0.0
642895,0.0,0.0,1.0,0.0,0.0,0.0,0.0
642907,0.0,0.0,1.0,0.0,0.0,1.0,0.0
642909,0.0,0.0,1.0,0.0,0.0,2.0,0.0
643409,0.0,0.0,1.0,0.0,0.0,0.0,0.0
643444,0.0,0.0,1.0,0.0,0.0,1.0,0.0
643713,0.0,0.0,1.0,0.0,0.0,2.0,0.0
644213,0.0,0.0,1.0,0.0,0.0,0.0,0.0
645261,0.0,0.0,1.0,0.0,0.0,1.0,0.0
645710,0.0,0.0,1.0,0.0,0.0,2.0,0.0
646210,0.0,0.0,1.0,0.0,0.0,0.0,0.0
646250,0.0,0.0,1.0,0.0,0.0,1.0,0.0
646750,0.0,0.0,1.0,0.0,0.0,0.0,0.0
646797,0.0,0.0,1.0,0.0,0.0,1.0,0.0
646800,0.0,0.0,1.0,0.0,0.0,2.0,0.0
647300,0.0,0.0,1.0,0.0,0.0,0.0,0.0
647675,0.0,0.0,1.0,0.0,0.0,1.0,0.0
648175,0.0,0.0,1.0,0.0,0.0,0.0,0.0
648404,0.0,0.0,1.0,0.0,0.0,1.0,0.0
648904,0.0,0.0,1.0,0.0,0.0,0.0,0.0
649089,0.0,0.0,1.0,0.0,0.0,1.0,0.0
649405,0.0,2.0,1.0,0.0,0.0,1.0,0.0
649589,0.0,2.0,1.0,0.0,0.0,0.0,0.0
649644,0.0,2.0,1.0,0.0,0.0,1.0,0.0
649905,0.0,0.0,1.0,0.0,0.0,1.0,0.0
650144,0.0,0.0,1.0,0.0,0.0,0.0,0.0
652350,0.0,0.0,1.0,0.0,0.0,1.0,0.0
652850,0.0,0.0,1.0,0.0,0.0,0.0,0.0
653888,0.0,0.0,1.0,0.0,0.0,1.0,0.0
654388,0.0,0.0,1.0,0.0,0.0,0.0,0.0
654701,0.0,0.0,1.0,0.0,0.0,1.0,0.0
655201,0.0,0.0,1.0,0.0,0.0,0.0,0.0
655947,0.0,0.0,1.0,0.0,0.0,1.0,0.0
655964,0.0,0.0,1.0,0.0,0.0,2.0,0.0
656464,0.0,0.0,1.0,0.0,0.0,0.0,0.0
656482,0.0,0.0,1.0,0.0,0.0,1.0,0.0
656640,0.0,0.0,1.0,0.0,0.0,2.0,0.0
657140,0.0,0.0,1.0,0.0,0.0,0.0,0.0
658244,0.0,0.0,1.0,0.0,0.0,1.0,0.0
658247,0.0,0.0,1.0,0.0,0.0,2.0,0.0
658747,0.0,0.0,1.0,0.0,0.0,0.0,0.0
658895,0.0,0.0,1.0,0.0,0.0,1.0,0.0
659395,0.0,0.0,1.0,0.0,0.0,0.0,0.0
659795,0.0,0.0,1.0,0.0,0.0,1.0,0.0
659797,0.0,0.0,1.0,0.0,0.0,2.0,0.0
660297,0.0,0.0,1.0,0.0,0.0,0.0,0.0
660311,0.0,0.0,1.0,0.0,1.0,0.0,0.0
660811,0.0,0.0,1.0,0.0,0.0,0.0,0.0
662541,0.0,0.0,1.0,0.0,0.0,1.0,0.0
663041,0.0,0.0,1.0,0.0,0.0,0.0,0.0
663229,0.0,0.0,1.0,0.0,0.0,1.0,0.0
663729,0.0,0.0,1.0,0.0,0.0,0.0,0.0
664292,0.0,0.0,1.0,0.0,0.0,1.0,0.0
664792,0.0,0.0,1.0,0.0,0.0,0.0,0.0
664812,0.0,0.0,1.0,0.0,0.0,1.0,0.0
665312,0.0,0.0,1.0,0.0,0.0,0.0,0.0
665424,0.0,0.0,1.0,0.0,0.0,1.0,0.0
665924,0.0,0.0,1.0,0.0,0.0,0.0,0.0
666124,0.0,0.0,1.0,0.0,0.0,1.0,0.0
666127,0.0,0.0,1.0,0.0,0.0,2.0,0.0
666520,0.0,0.0,1.0,0.0,1.0,2.0,0.0
666627,0.0,0.0,1.0,0.0,1.0,0.0,0.0
666931,0.0,0.0,1.0,0.0,1.0,1.0,0.0
667020,0.0,0.0,1.0,0.0,0.0,1.0,0.0
667431,0.0,0.0,1.0,0.0,0.0,0.0,0.0
667471,0.0,0.0,1.0,0.0,0.0,1.0,0.0
667971,0.0,0.0,1.0,0.0,0.0,0.0,0.0
668073,0.0,0.0,1.0,0.0,0.0,1.0,0.0
668573,0.0,0.0,1.0,0.0,0.0,0.0,0.0
669178,0.0,0.0,1.0,0.0,0.0,1.0,0.0
669191,0.0,0.0,1.0,0.0,0.0,2.0,0.0
669691,0.0,0.0,1.0,0.0,0.0,0.0,0.0
669994,0.0,0.0,1.0,0.0,0.0,1.0,0.0
670494,0.0,0.0,1.0,0.0,0.0,0.0,0.0
671184,0.0,0.0,1.0,0.0,0.0,1.0,0.0
671684,0.0,0.0,1.0,0.0,0.0,0.0,0.0
671694,0.0,0.0,1.0,0.0,0.0,1.0,0.0
671698,0.0,0.0,1.0,0.0,0.0,2.0,0.0
672198,0.0,0.0,1.0,0.0,0.0,0.0,0.0
672362,0.0,0.0,1.0,0.0,0.0,1.0,0.0
672862,0.0,0.0,1.0,0.0,0.0,0.0,0.0
673226,0.0,0.0,1.0,0.0,0.0,1.0,0.0
673372,0.0,0.0,1.0,0.0,0.0,2.0,0.0
673872,0.0,0.0,1.0,0.0,0.0,0.0,0.0
674547,0.0,0.0,1.0,0.0,0.0,1.0,0.0
675047,0.0,0.0,1.0,0.0,0.0,0.0,0.0
675219,0.0,0.0,1.0,0.0,0.0,1.0,0.0
675719,0.0,0.0,1.0,0.0,0.0,0.0,0.0
675767,0.0,0.0,1.0,0.0,0.0,1.0,0.0
676267,0.0,0.0,1.0,0.0,0.0,0.0,0.0
676643,0.0,0.0,1.0,0.0,0.0,1.0,0.0
677143,0.0,0.0,1.0,0.0,0.0,0.0,0.0
679079,0.0,0.0,1.0,0.0,0.0,1.0,0.0
679579,0.0,0.0,1.0,0.0,0.0,0.0,0.0
680040,0.0,0.0,1.0,0.0,0.0,1.0,0.0
680540,0.0,0.0,1.0,0.0,0.0,0.0,0.0
681392,0.0,0.0,1.0,0.0,0.0,1.0,0.0
681892,0.0,0.0,1.0,0.0,0.0,0.0,0.0
682525,0.0,0.0,1.0,0.0,0.0,1.0,0.0
683025,0.0,0.0,1.0,0.0,0.0,0.0,0.0
683342,0.0,0.0,1.0,0.0,0.0,1.0,0.0
683793,0.0,0.0,1.0,0.0,0.0,2.0,0.0
684293,0.0,0.0,1.0,0.0,0.0,0.0,0.0
684614,0.0,0.0,1.0,0.0,0.0,1.0,0.0
685114,0.0,0.0,1.0,0.0,0.0,0.0,0.0
685292,0.0,0.0,1.0,0.0,0.0,1.0,0.0
685731,0.0,0.0,1.0,0.0,0.0,2.0,0.0
686231,0.0,0.0,1.0,0.0,0.0,0.0,0.0
687209,0.0,2.0,1.0,0.0,0.0,0.0,0.0
687218,0.0,2.0,1.0,0.0,0.0,1.0,0.0
687709,0.0,0.0,1.0,0.0,0.0,1.0,0.0
687718,0.0,0.0,1.0,0.0,0.0,0.0,0.0
690569,0.0,0.0,1.0,0.0,0.0,1.0,0.0
691069,0.0,0.0,1.0,0.0,0.0,0.0,0.0
691308,0.0,0.0,1.0,0.0,0.0,1.0,0.0
691310,0.0,0.0,1.0,0.0,0.0,2.0,0.0
691810,0.0,0.0,1.0,0.0,0.0,0.0,0.0
692277,0.0,0.0,1.0,0.0,0.0,1.0,0.0
692389,0.0,0.0,1.0,0.0,0.0,2.0,0.0
692889,0.0,0.0,1.0,0.0,0.0,0.0,0.0
694096,0.0,0.0,1.0,0.0,0.0,1.0,0.0
694098,0.0,0.0,1.0,0.0,0.0,2.0,0.0
694598,0.0,0.0,1.0,0.0,0.0,0.0,0.0
696018,0.0,0.0,1.0,0.0,0.0,1.0,0.0
696321,0.0,0.0,1.0,0.0,0.0,2.0,0.0
696821,0.0,0.0,1.0,0.0,0.0,0.0,0.0
697186,0.0,0.0,1.0,0.0,0.0,1.0,0.0
697486,0.0,0.0,1.0,0.0,0.0,2.0,0.0
697986,0.0,0.0,1.0,0.0,0.0,0.0,0.0
698069,0.0,0.0,1.0,0.0,0.0,1.0,0.0
698569,0.0,0.0,1.0,0.0,0.0,0.0,0.0
699946,0.0,0.0,1.0,0.0,0.0,1.0,0.0
700446,0.0,0.0,1.0,0.0,0.0,0.0,0.0
701711,0.0,0.0,1.0,0.0,0.0,1.0,0.0
702211,0.0,0.0,1.0,0.0,0.0,0.0,0.0
702272,0.0,0.0,1.0,0.0,0.0,1.0,0.0
702772,0.0,0.0,1.0,0.0,0.0,0.0,0.0
703024,0.0,0.0,1.0,0.0,0.0,1.0,0.0
703145,0.0,0.0,1.0,0.0,0.0,2.0,0.0
703645,0.0,0.0,1.0,0.0,0.0,0.0,0.0
704183,0.0,0.0,1.0,0.0,0.0,1.0,0.0
704683,0.0,0.0,1.0,0.0,0.0,0.0,0.0
705890,0.0,0.0,1.0,0.0,0.0,1.0,0.0
706390,0.0,0.0,1.0,0.0,0.0,0.0,0.0
706439,0.0,0.0,1.0,0.0,0.0,1.0,0.0
706939,0.0,0.0,1.0,0.0,0.0,0.0,0.0
707918,0.0,0.0,1.0,0.0,0.0,1.0,0.0
708418,0.0,0.0,1.0,0.0,0.0,0.0,0.0
708761,0.0,0.0,1.0,0.0,1.0,0.0,0.0
709261,0.0,0.0,1.0,0.0,0.0,0.0,0.0
709654,0.0,0.0,0.0,0.0,0.0,0.0,0.0
712629,0.0,0.0,0.0,0.0,1.0,0.0,0.0
713091,0.0,0.0,0.0,0.0,1.0,1.0,0.0
713129,0.0,0.0,0.0,0.0,0.0,1.0,0.0
713591,0.0,0.0,0.0,0.0,0.0,0.0,0.0
713892,0.0,0.0,0.0,0.0,0.0,1.0,0.0
714392,0.0,0.0,0.0,0.0,0.0,0.0,0.0
715569,0.0,0.0,0.0,0.0,0.0,1.0,0.0
715571,0.0,0.0,0.0,0.0,0.0,2.0,0.0
716071,0.0,0.0,0.0,0.0,0.0,0.0,0.0
717270,0.0,0.0,0.0,0.0,0.0,1.0,0.0
717770,0.0,0.0,0.0,0.0,0.0,0.0,0.0
718814,0.0,0.0,0.0,0.0,0.0,1.0,0.0
719314,0.0,0.0,0.0,0.0,0.0,0.0,0.0
720710,0.0,0.0,0.0,0.0,0.0,1.0,0.0
721210,0.0,0.0,0.0,0.0,0.0,0.0,0.0
722118,0.0,0.0,0.0,0.0,0.0,1.0,0.0
722618,0.0,0.0,0.0,0.0,0.0,0.0,0.0
723507,0.0,0.0,0.0,0.0,0.0,1.0,0.0
724007,0.0,0.0,0.0,0.0,0.0,0.0,0.0
724715,0.0,0.0,0.0,0.0,0.0,1.0,0.0
725215,0.0,0.0,0.0,0.0,0.0,0.0,0.0
725582,0.0,0.0,0.0,0.0,0.0,1.0,0.0
726082,0.0,0.0,0.0,0.0,0.0,0.0,0.0
726827,0.0,0.0,0.0,0.0,0.0,1.0,0.0
727327,0.0,0.0,0.0,0.0,0.0,0.0,0.0
728029,0.0,0.0,0.0,0.0,0.0,1.0,0.0
728529,0.0,0.0,0.0,0.0,0.0,0.0,0.0
729612,0.0,0.0,0.0,0.0,0.0,1.0,0.0
730112,0.0,0.0,0.0,0.0,0.0,0.0,0.0
731743,0.0,0.0,0.0,0.0,0.0,1.0,0.0
731750,0.0,0.0,0.0,0.0,0.0,2.0,0.0
732250,0.0,0.0,0.0,0.0,0.0,0.0,0.0
732720,0.0,0.0,0.0,0.0,0.0,1.0,0.0
733220,0.0,0.0,0.0,0.0,0.0,0.0,0.0
733957,0.0,0.0,0.0,0.0,0.0,1.0,0.0
734457,0.0,0.0,0.0,0.0,0.0,0.0,0.0
734585,0.0,0.0,0.0,0.0,0.0,1.0,0.0
734731,0.0,0.0,0.0,0.0,0.0,2.0,0.0
735231,0.0,0.0,0.0,0.0,0.0,0.0,0.0
738203,0.0,0.0,0.0,0.0,0.0,1.0,0.0
738205,0.0,0.0,0.0,0.0,0.0,2.0,0.0
738705,0.0,0.0,0.0,0.0,0.0,0.0,0.0
738905,0.0,0.0,0.0,0.0,0.0,1.0,0.0
739405,0.0,0.0,0.0,0.0,0.0,0.0,0.0
745198,0.0,0.0,0.0,0.0,0.0,1.0,0.0
745698,0.0,0.0,0.0,0.0,0.0,0.0,0.0
748141,0.0,0.0,0.0,0.0,0.0,1.0,0.0
748641,0.0,0.0,0.0,0.0,0.0,0.0,0.0
749109,0.0,0.0,0.0,0.0,0.0,1.0,0.0
749113,0.0,0.0,0.0,0.0,0.0,2.0,0.0
749119,0.0,0.0,0.0,0.0,1.0,2.0,0.0
749613,0.0,0.0,0.0,0.0,1.0,0.0,0.0
749619,0.0,0.0,0.0,0.0,0.0,0.0,0.0
749777,0.0,0.0,0.0,0.0,0.0,1.0,0.0
750277,0.0,0.0,0.0,0.0,0.0,0.0,0.0
757322,0.0,0.0,0.0,0.0,0.0,1.0,0.0
757822,0.0,0.0,0.0,0.0,0.0,0.0,0.0
758631,0.0,0.0,0.0,0.0,0.0,1.0,0.0
759131,0.0,0.0,0.0,0.0,0.0,0.0,0.0
762408,0.0,0.0,0.0,0.0,0.0,1.0,0.0
762908,0.0,0.0,0.0,0.0,0.0,0.0,0.0
765144,0.0,0.0,0.0,0.0,0.0,1.0,0.0
765644,0.0,0.0,0.0,0.0,0.0,0.0,0.0
768849,0.0,0.0,0.0,0.0,0.0,1.0,0.0
769349,0.0,0.0,0.0,0.0,0.0,0.0,0.0
771785,0.0,0.0,0.0,0.0,0.0,1.0,0.0
772285,0.0,0.0,0.0,0.0,0.0,0.0,0.0
772824,0.0,0.0,0.0,0.0,0.0,1.0,0.0
772826,0.0,0.0,0.0,0.0,0.0,2.0,0.0
773326,0.0,0.0,0.0,0.0,0.0,0.0,0.0
774430,0.0,0.0,0.0,0.0,0.0,1.0,0.0
774930,0.0,0.0,0.0,0.0,0.0,0.0,0.0
778096,0.0,0.0,0.0,0.0,0.0,1.0,0.0
778596,0.0,0.0,0.0,0.0,0.0,0.0,0.0
780246,0.0,0.0,0.0,0.0,0.0,1.0,0.0
780746,0.0,0.0,0.0,0.0,0.0,0.0,0.0
781555,0.0,0.0,0.0,0.0,1.0,0.0,0.0
782055,0.0,0.0,0.0,0.0,0.0,0.0,0.0
783522,0.0,0.0,0.0,0.0,0.0,1.0,0.0
784022,0.0,0.0,0.0,0.0,0.0,0.0,0.0
784119,0.0,0.0,0.0,0.0,0.0,1.0,0.0
784619,0.0,0.0,0.0,0.0,0.0,0.0,0.0
784819,0.0,0.0,0.0,0.0,0.0,1.0,0.0
785319,0.0,0.0,0.0,0.0,0.0,0.0,0.0
785370,0.0,0.0,0.0,0.0,0.0,1.0,0.0
785870,0.0,0.0,0.0,0.0,0.0,0.0,0.0
786558,0.0,0.0,0.0,0.0,0.0,1.0,0.0
787058,0.0,0.0,0.0,0.0,0.0,0.0,0.0
787090,0.0,0.0,0.0,0.0,0.0,1.0,0.0
787590,0.0,0.0,0.0,0.0,0.0,0.0,0.0
788855,0.0,0.0,0.0,0.0,0.0,1.0,0.0
789355,0.0,0.0,0.0,0.0,0.0,0.0,0.0
789623,0.0,0.0,0.0,0.0,0.0,1.0,0.0
790123,0.0,0.0,0.0,0.0,0.0,0.0,0.0
791687,0.0,0.0,0.0,0.0,0.0,1.0,0.0
791748,0.0,0.0,0.0,0.0,0.0,2.0,0.0
792248,0.0,0.0,0.0,0.0,0.0,0.0,0.0
795248,0.0,0.0,0.0,0.0,0.0,1.0,0.0
795748,0.0,0.0,0.0,0.0,0.0,0.0,0.0
796504,0.0,0.0,0.0,0.0,0.0,1.0,0.0
796506,0.0,0.0,0.0,0.0,0.0,2.0,0.0
797006,0.0,0.0,0.0,0.0,0.0,0.0,0.0
798402,0.0,0.0,0.0,0.0,0.0,1.0,0.0
798902,0.0,0.0,0.0,0.0,0.0,0.0,0.0
799984,0.0,0.0,0.0,0.0,0.0,1.0,0.0
800484,0.0,0.0,0.0,0.0,0.0,0.0,0.0
804498,0.0,0.0,0.0,0.0,0.0,1.0,0.0
804503,0.0,0.0,0.0,0.0,0.0,2.0,0.0
805003,0.0,0.0,0.0,0.0,0.0,0.0,0.0
807000,0.0,0.0,0.0,0.0,0.0,0.0,1.0
807500,0.0,0.0,0.0,0.0,0.0,0.0,0.0
807562,0.0,0.0,0.0,0.0,0.0,1.0,0.0
807859,0.0,0.0,0.0,0.0,0.0,2.0,0.0
807903,2.0,0.0,0.0,0.0,0.0,2.0,0.0
808045,2.0,2.0,0.0,0.0,0.0,2.0,0.0
808359,2.0,2.0,0.0,0.0,0.0,0.0,0.0
808403,0.0,2.0,0.0,0.0,0.0,0.0,0.0
808511,2.0,2.0,0.0,0.0,0.0,0.0,0.0
808513,2.0,2.0,0.0,0.0,1.0,0.0,0.0
808545,2.0,0.0,0.0,0.0,1.0,0.0,0.0
808675,2.0,0.0,0.0,0.0,1.0,1.0,0.0
808688,2.0,0.0,0.0,0.0,2.0,1.0,0.0
809011,0.0,0.0,0.0,0.0,2.0,1.0,0.0
809137,0.0,0.0,0.0,0.0,2.0,2.0,0.0
809188,0.0,0.0,0.0,0.0,0.0,2.0,0.0
809473,0.0,0.0,0.0,0.0,1.0,2.0,0.0
809637,0.0,0.0,0.0,0.0,1.0,0.0,0.0
809973,0.0,0.0,0.0,0.0,0.0,0.0,0.0
810451,0.0,0.0,0.0,0.0,0.0,1.0,0.0
810904,0.0,0.0,1.0,0.0,0.0,1.0,0.0
810951,0.0,0.0,1.0,0.0,0.0,0.0,0.0
810967,0.0,0.0,1.0,0.0,0.0,1.0,0.0
810971,0.0,0.0,1.0,0.0,0.0,2.0,0.0
811471,0.0,0.0,1.0,0.0,0.0,0.0,0.0
811772,0.0,0.0,1.0,0.0,0.0,1.0,0.0
812272,0.0,0.0,1.0,0.0,0.0,0.0,0.0
812306,0.0,0.0,1.0,0.0,0.0,1.0,0.0
812806,0.0,0.0,1.0,0.0,0.0,0.0,0.0
813158,0.0,0.0,1.0,0.0,0.0,1.0,0.0
813358,0.0,0.0,2.0,0.0,0.0,1.0,0.0
813658,0.0,0.0,2.0,0.0,0.0,0.0,0.0
813858,0.0,0.0,0.0,0.0,0.0,0.0,0.0
813935,0.0,0.0,0.0,0.0,0.0,1.0,0.0
814386,0.0,0.0,1.0,0.0,0.0,1.0,0.0
814435,0.0,0.0,1.0,0.0,0.0,0.0,0.0
814829,0.0,0.0,1.0,0.0,0.0,1.0,0.0
814834,0.0,0.0,1.0,0.0,0.0,2.0,0.0
814886,0.0,0.0,0.0,0.0,0.0,2.0,0.0
815334,0.0,0.0,0.0,0.0,0.0,0.0,0.0
815408,0.0,2.0,0.0,0.0,0.0,0.0,0.0
815444,0.0,2.0,1.0,0.0,0.0,0.0,0.0
815908,0.0,0.0,1.0,0.0,0.0,0.0,0.0
815944,0.0,0.0,0.0,0.0,0.0,0.0,0.0
816204,0.0,0.0,0.0,0.0,0.0,1.0,0.0
816253,0.0,0.0,0.0,0.0,0.0,2.0,0.0
816442,0.0,0.0,1.0,0.0,0.0,2.0,0.0
816753,0.0,0.0,1.0,0.0,0.0,0.0,0.0
817442,0.0,0.0,0.0,0.0,0.0,0.0,0.0
817678,0.0,0.0,0.0,0.0,0.0,1.0,0.0
817685,0.0,0.0,0.0,0.0,0.0,2.0,0.0
818185,0.0,0.0,0.0,0.0,0.0,0.0,0.0
818538,0.0,0.0,0.0,0.0,0.0,1.0,0.0
819038,0.0,0.0,0.0,0.0,0.0,0.0,0.0
819241,0.0,0.0,0.0,0.0,0.0,1.0,0.0
819652,0.0,0.0,0.0,0.0,0.0,2.0,0.0
820152,0.0,0.0,0.0,0.0,0.0,0.0,0.0
821482,0.0,0.0,0.0,0.0,0.0,1.0,0.0
821952,0.0,0.0,0.0,0.0,0.0,2.0,0.0
822452,0.0,0.0,0.0,0.0,0.0,0.0,0.0
822454,0.0,0.0,0.0,0.0,0.0,1.0,0.0
822954,0.0,0.0,0.0,0.0,0.0,0.0,0.0
823041,0.0,0.0,0.0,0.0,0.0,1.0,0.0
823541,0.0,0.0,0.0,0.0,0.0,0.0,0.0
823550,0.0,0.0,0.0,0.0,0.0,1.0,0.0
823554,0.0,0.0,0.0,0.0,0.0,2.0,0.0
824054,0.0,0.0,0.0,0.0,0.0,0.0,0.0
824057,0.0,0.0,0.0,0.0,0.0,1.0,0.0
824557,0.0,0.0,0.0,0.0,0.0,0.0,0.0
824589,0.0,0.0,0.0,0.0,0.0,1.0,0.0
824971,0.0,0.0,0.0,0.0,0.0,2.0,0.0
825471,0.0,0.0,0.0,0.0,0.0,0.0,0.0
825874,0.0,0.0,0.0,0.0,0.0,1.0,0.0
826374,0.0,0.0,0.0,0.0,0.0,0.0,0.0
826649,0.0,0.0,0.0,0.0,0.0,1.0,0.0
826665,0.0,0.0,0.0,0.0,0.0,2.0,0.0
827165,0.0,0.0,0.0,0.0,0.0,1.0,0.0
827167,0.0,0.0,0.0,0.0,0.0,2.0,0.0
827170,0.0,0.0,0.0,0.0,1.0,2.0,0.0
827667,0.0,0.0,0.0,0.0,1.0,0.0,0.0
827670,0.0,0.0,0.0,0.0,0.0,0.0,0.0
829718,0.0,0.0,0.0,0.0,0.0,1.0,0.0
830218,0.0,0.0,0.0,0.0,0.0,0.0,0.0
830334,0.0,0.0,0.0,0.0,0.0,1.0,0.0
830834,0.0,0.0,0.0,0.0,0.0,0.0,0.0
831039,0.0,0.0,0.0,0.0,0.0,1.0,0.0
831539,0.0,0.0,0.0,0.0,0.0,0.0,0.0
831617,0.0,0.0,0.0,0.0,0.0,1.0,0.0
832117,0.0,0.0,0.0,0.0,0.0,0.0,0.0
832378,0.0,0.0,0.0,0.0,0.0,1.0,0.0
832399,0.0,0.0,0.0,0.0,0.0,2.0,0.0
832899,0.0,0.0,0.0,0.0,0.0,0.0,0.0
833136,0.0,0.0,0.0,0.0,0.0,1.0,0.0
833636,0.0,0.0,0.0,0.0,0.0,0.0,0.0
833825,0.0,0.0,0.0,0.0,0.0,1.0,0.0
834325,0.0,0.0,0.0,0.0,0.0,0.0,0.0
834747,0.0,0.0,0.0,0.0,0.0,1.0,0.0
834755,0.0,0.0,0.0,0.0,0.0,2.0,0.0
835255,0.0,0.0,0.0,0.0,0.0,0.0,0.0
835434,0.0,0.0,0.0,0.0,0.0,1.0,0.0
835934,0.0,0.0,0.0,0.0,0.0,0.0,0.0
837117,0.0,0.0,0.0,0.0,0.0,1.0,0.0
837217,0.0,0.0,0.0,0.0,0.0,2.0,0.0
837717,0.0,0.0,0.0,0.0,0.0,0.0,0.0
838170,0.0,0.0,0.0,0.0,0.0,1.0,0.0
838670,0.0,0.0,0.0,0.0,0.0,0.0,0.0
838706,0.0,0.0,0.0,0.0,0.0,1.0,0.0
838869,0.0,2.0,0.0,0.0,0.0,1.0,0.0
839206,0.0,2.0,0.0,0.0,0.0,0.0,0.0
839369,0.0,0.0,0.0,0.0,0.0,0.0,0.0
841565,0.0,0.0,0.0,0.0,0.0,1.0,0.0
841572,0.0,0.0,0.0,0.0,0.0,2.0,0.0
842072,0.0,0.0,0.0,0.0,0.0,0.0,0.0
843838,0.0,0.0,0.0,0.0,0.0,1.0,0.0
844338,0.0,0.0,0.0,0.0,0.0,0.0,0.0
844341,0.0,0.0,0.0,0.0,0.0,1.0,0.0
844841,0.0,0.0,0.0,0.0,0.0,0.0,0.0
845601,0.0,0.0,0.0,0.0,0.0,1.0,0.0
845603,0.0,0.0,0.0,0.0,0.0,2.0,0.0
846103,0.0,0.0,0.0,0.0,0.0,0.0,0.0
846235,0.0,0.0,0.0,0.0,0.0,1.0,0.0
846735,0.0,0.0,0.0,0.0,0.0,0.0,0.0
847480,0.0,0.0,0.0,0.0,0.0,1.0,0.0
847980,0.0,0.0,0.0,0.0,0.0,0.0,0.0
848205,0.0,0.0,0.0,0.0,0.0,1.0,0.0
848210,0.0,0.0,0.0,0.0,0.0,2.0,0.0
848710,0.0,0.0,0.0,0.0,0.0,0.0,0.0
849508,0.0,0.0,0.0,0.0,0.0,1.0,0.0
849514,0.0,0.0,0.0,0.0,0.0,2.0,0.0
850014,0.0,0.0,0.0,0.0,0.0,0.0,0.0
850608,0.0,0.0,0.0,0.0,0.0,1.0,0.0
851108,0.0,0.0,0.0,0.0,0.0,0.0,0.0
851220,0.0,0.0,0.0,0.0,0.0,1.0,0.0
851222,0.0,0.0,0.0,0.0,0.0,2.0,0.0
851722,0.0,0.0,0.0,0.0,0.0,0.0,0.0
851874,0.0,0.0,0.0,0.0,0.0,1.0,0.0
852374,0.0,0.0,0.0,0.0,0.0,0.0,0.0
852388,0.0,0.0,0.0,0.0,0.0,1.0,0.0
852469,0.0,0.0,0.0,0.0,0.0,2.0,0.0
852969,0.0,0.0,0.0,0.0,0.0,0.0,0.0
853667,0.0,0.0,0.0,0.0,0.0,1.0,0.0
854167,0.0,0.0,0.0,0.0,0.0,0.0,0.0
854170,0.0,0.0,0.0,0.0,0.0,1.0,0.0
854670,0.0,0.0,0.0,0.0,0.0,0.0,0.0
854777,0.0,0.0,0.0,0.0,0.0,1.0,0.0
854786,0.0,0.0,0.0,0.0,0.0,2.0,0.0
855286,0.0,0.0,0.0,0.0,0.0,0.0,0.0
855851,0.0,0.0,0.0,0.0,0.0,1.0,0.0
856351,0.0,0.0,0.0,0.0,0.0,0.0,0.0
856501,0.0,0.0,0.0,0.0,0.0,1.0,0.0
856932,0.0,0.0,0.0,0.0,0.0,2.0,0.0
857432,0.0,0.0,0.0,0.0,0.0,0.0,0.0
857455,0.0,0.0,0.0,0.0,0.0,1.0,0.0
857955,0.0,0.0,0.0,0.0,0.0,0.0,0.0
858310,0.0,0.0,0.0,0.0,0.0,1.0,0.0
858316,0.0,0.0,0.0,0.0,0.0,2.0,0.0
858816,0.0,0.0,0.0,0.0,0.0,0.0,0.0
859548,0.0,0.0,0.0,0.0,0.0,1.0,0.0
860048,0.0,0.0,0.0,0.0,0.0,0.0,0.0
860981,0.0,0.0,0.0,0.0,0.0,1.0,0.0
861481,0.0,0.0,0.0,0.0,0.0,0.0,0.0
861514,0.0,0.0,0.0,0.0,0.0,1.0,0.0
862014,0.0,0.0,0.0,0.0,0.0,0.0,0.0
862165,0.0,0.0,0.0,0.0,0.0,1.0,0.0
862665,0.0,0.0,0.0,0.0,0.0,0.0,0.0
862816,0.0,0.0,0.0,0.0,0.0,1.0,0.0
863316,0.0,0.0,0.0,0.0,0.0,0.0,0.0
863346,0.0,0.0,0.0,0.0,0.0,1.0,0.0
863846,0.0,0.0,0.0,0.0,0.0,0.0,0.0
864084,0.0,0.0,0.0,0.0,0.0,1.0,0.0
864584,0.0,0.0,0.0,0.0,0.0,0.0,0.0
865021,0.0,0.0,0.0,0.0,0.0,1.0,0.0
865521,0.0,0.0,0.0,0.0,0.0,0.0,0.0
865681,0.0,0.0,0.0,0.0,0.0,1.0,0.0
866181,0.0,0.0,0.0,0.0,0.0,0.0,0.0
866513,0.0,0.0,0.0,0.0,0.0,1.0,0.0
867013,0.0,0.0,0.0,0.0,0.0,0.0,0.0
867629,0.0,0.0,0.0,0.0,0.0,1.0,0.0
868129,0.0,0.0,0.0,0.0,0.0,0.0,0.0
868354,0.0,0.0,0.0,0.0,0.0,1.0,0.0
868828,0.0,0.0,0.0,0.0,0.0,2.0,0.0
869328,0.0,0.0,0.0,0.0,0.0,0.0,0.0
869385,0.0,0.0,0.0,0.0,0.0,1.0,0.0
869398,0.0,0.0,0.0,0.0,0.0,2.0,0.0
869898,0.0,0.0,0.0,0.0,0.0,0.0,0.0
870170,0.0,0.0,0.0,0.0,0.0,1.0,0.0
870670,0.0,0.0,0.0,0.0,0.0,0.0,0.0
870794,0.0,0.0,0.0,0.0,0.0,1.0,0.0
871294,0.0,0.0,0.0,0.0,0.0,0.0,0.0
871497,0.0,0.0,0.0,0.0,0.0,1.0,0.0
871997,0.0,0.0,0.0,0.0,0.0,0.0,0.0
872269,0.0,0.0,0.0,0.0,0.0,1.0,0.0
872488,0.0,0.0,0.0,0.0,0.0,2.0,0.0
872988,0.0,0.0,0.0,0.0,0.0,0.0,0.0
873340,0.0,0.0,0.0,0.0,0.0,1.0,0.0
873840,0.0,0.0,0.0,0.0,0.0,0.0,0.0
873887,0.0,0.0,0.0,0.0,0.0,1.0,0.0
873945,0.0,0.0,0.0,0.0,0.0,2.0,0.0
874445,0.0,0.0,0.0,0.0,0.0,0.0,0.0
875062,0.0,0.0,0.0,0.0,0.0,1.0,0.0
875562,0.0,0.0,0.0,0.0,0.0,0.0,0.0
876878,0.0,0.0,0.0,0.0,0.0,1.0,0.0
877378,0.0,0.0,0.0,0.0,0.0,0.0,0.0
877410,0.0,0.0,0.0,0.0,0.0,1.0,0.0
877910,0.0,0.0,0.0,0.0,0.0,0.0,0.0
878099,0.0,0.0,0.0,0.0,0.0,1.0,0.0
878162,0.0,0.0,0.0,0.0,0.0,2.0,0.0
878662,0.0,0.0,0.0,0.0,0.0,0.0,0.0
880138,0.0,0.0,0.0,0.0,0.0,1.0,0.0
880142,0.0,0.0,0.0,0.0,0.0,2.0,0.0
880642,0.0,0.0,0.0,0.0,0.0,0.0,0.0
881006,0.0,0.0,0.0,0.0,0.0,1.0,0.0
881506,0.0,0.0,0.0,0.0,0.0,0.0,0.0
881569,0.0,0.0,0.0,0.0,0.0,1.0,0.0
882069,0.0,0.0,0.0,0.0,0.0,0.0,0.0
882082,0.0,0.0,0.0,0.0,0.0,1.0,0.0
882085,0.0,0.0,0.0,0.0,0.0,2.0,0.0
882585,0.0,0.0,0.0,0.0,0.0,0.0,0.0
882682,0.0,0.0,0.0,0.0,0.0,1.0,0.0
882695,0.0,0.0,0.0,0.0,0.0,2.0,0.0
883195,0.0,0.0,0.0,0.0,0.0,0.0,0.0
883464,0.0,0.0,0.0,0.0,0.0,1.0,0.0
883519,0.0,0.0,0.0,0.0,0.0,2.0,0.0
884019,0.0,0.0,0.0,0.0,0.0,0.0,0.0
884713,0.0,0.0,0.0,0.0,0.0,1.0,0.0
885213,0.0,0.0,0.0,0.0,0.0,0.0,0.0
885743,0.0,0.0,0.0,0.0,0.0,1.0,0.0
886243,0.0,0.0,0.0,0.0,0.0,0.0,0.0
886938,0.0,0.0,0.0,0.0,0.0,1.0,0.0
887438,0.0,0.0,0.0,0.0,0.0,0.0,0.0
888197,0.0,0.0,0.0,0.0,0.0,1.0,0.0
888697,0.0,0.0,0.0,0.0,0.0,0.0,0.0
888802,0.0,0.0,0.0,0.0,0.0,1.0,0.0
888804,0.0,0.0,0.0,0.0,0.0,2.0,0.0
889304,0.0,0.0,0.0,0.0,0.0,0.0,0.0
889924,0.0,0.0,0.0,0.0,0.0,1.0,0.0
890424,0.0,0.0,0.0,0.0,0.0,0.0,0.0
890580,0.0,0.0,0.0,0.0,0.0,1.0,0.0
891080,0.0,0.0,0.0,0.0,0.0,0.0,0.0
891271,0.0,0.0,0.0,0.0,0.0,1.0,0.0
891771,0.0,0.0,0.0,0.0,0.0,0.0,0.0
892189,0.0,0.0,0.0,0.0,0.0,1.0,0.0
892522,0.0,0.0,0.0,0.0,0.0,2.0,0.0
893022,0.0,0.0,0.0,0.0,0.0,0.0,0.0
893040,0.0,0.0,0.0,0.0,0.0,1.0,0.0
893127,0.0,0.0,0.0,0.0,0.0,2.0,0.0
893159,0.0,2.0,0.0,0.0,0.0,2.0,0.0
893627,0.0,2.0,0.0,0.0,0.0,0.0,0.0
893659,0.0,0.0,0.0,0.0,0.0,0.0,0.0
893665,0.0,0.0,0.0,0.0,0.0,1.0,0.0
894165,0.0,0.0,0.0,0.0,0.0,0.0,0.0
894296,0.0,0.0,0.0,0.0,0.0,1.0,0.0
894304,0.0,0.0,0.0,0.0,0.0,2.0,0.0
894804,0.0,0.0,0.0,0.0,0.0,0.0,0.0
894934,0.0,0.0,0.0,0.0,0.0,1.0,0.0
895434,0.0,0.0,0.0,0.0,0.0,0.0,0.0
895529,0.0,0.0,0.0,0.0,0.0,1.0,0.0
896029,0.0,0.0,0.0,0.0,0.0,0.0,0.0
896603,0.0,0.0,0.0,0.0,0.0,1.0,0.0
896612,0.0,0.0,0.0,0.0,0.0,2.0,0.0
897112,0.0,0.0,0.0,0.0,0.0,0.0,0.0
898861,0.0,0.0,0.0,0.0,0.0,1.0,0.0
899361,0.0,0.0,0.0,0.0,0.0,0.0,0.0
900112,0.0,0.0,0.0,0.0,0.0,1.0,0.0
900612,0.0,0.0,0.0,0.0,0.0,0.0,0.0
901575,0.0,0.0,0.0,0.0,0.0,1.0,0.0
902031,0.0,0.0,0.0,0.0,0.0,2.0,0.0
902531,0.0,0.0,0.0,0.0,0.0,0.0,0.0
903062,0.0,0.0,0.0,0.0,0.0,1.0,0.0
903562,0.0,0.0,0.0,0.0,0.0,0.0,0.0
905155,0.0,0.0,0.0,0.0,0.0,1.0,0.0
905655,0.0,0.0,0.0,0.0,0.0,0.0,0.0
905672,0.0,0.0,0.0,0.0,0.0,1.0,0.0
906172,0.0,0.0,0.0,0.0,0.0,0.0,0.0
906303,0.0,0.0,0.0,0.0,0.0,1.0,0.0
906367,0.0,0.0,0.0,0.0,0.0,2.0,0.0
906867,0.0,0.0,0.0,0.0,0.0,0.0,0.0
907463,0.0,0.0,0.0,0.0,0.0,1.0,0.0
907963,0.0,0.0,0.0,0.0,0.0,0.0,0.0
913574,0.0,0.0,0.0,0.0,0.0,1.0,0.0
914074,0.0,0.0,0.0,0.0,0.0,0.0,0.0
915359,0.0,0.0,0.0,0.0,0.0,1.0,0.0
915859,0.0,0.0,0.0,0.0,0.0,0.0,0.0
916368,0.0,0.0,0.0,0.0,0.0,1.0,0.0
916369,0.0,0.0,0.0,0.0,0.0,2.0,0.0
916869,0.0,0.0,0.0,0.0,0.0,0.0,0.0
919385,0.0,0.0,0.0,0.0,0.0,1.0,0.0
919885,0.0,0.0,0.0,0.0,0.0,0.0,0.0
921144,0.0,0.0,0.0,0.0,0.0,1.0,0.0
921644,0.0,0.0,0.0,0.0,0.0,0.0,0.0
926175,0.0,0.0,0.0,0.0,0.0,1.0,0.0
926675,0.0,0.0,0.0,0.0,0.0,0.0,0.0
928117,0.0,0.0,0.0,0.0,0.0,1.0,0.0
928617,0.0,0.0,0.0,0.0,0.0,0.0,0.0
930519,0.0,0.0,0.0,0.0,0.0,1.0,0.0
930520,0.0,0.0,0.0,0.0,0.0,2.0,0.0
931020,0.0,0.0,0.0,0.0,0.0,0.0,0.0
934943,0.0,0.0,0.0,0.0,0.0,1.0,0.0
935443,0.0,0.0,0.0,0.0,0.0,0.0,0.0
937705,0.0,0.0,0.0,0.0,0.0,1.0,0.0
938205,0.0,0.0,0.0,0.0,0.0,0.0,0.0
943955,0.0,0.0,0.0,0.0,0.0,1.0,0.0
943957,0.0,0.0,0.0,0.0,0.0,2.0,0.0
944457,0.0,0.0,0.0,0.0,0.0,0.0,0.0
945588,0.0,0.0,0.0,0.0,0.0,1.0,0.0
946088,0.0,0.0,0.0,0.0,0.0,0.0,0.0
947014,0.0,0.0,0.0,0.0,0.0,1.0,0.0
947514,0.0,0.0,0.0,0.0,0.0,0.0,0.0
947913,0.0,0.0,0.0,0.0,0.0,1.0,0.0
948413,0.0,0.0,0.0,0.0,0.0,0.0,0.0
948475,0.0,0.0,0.0,0.0,0.0,1.0,0.0
948975,0.0,0.0,0.0,0.0,0.0,0.0,0.0
954149,0.0,0.0,0.0,0.0,0.0,1.0,0.0
954649,0.0,0.0,0.0,0.0,0.0,0.0,0.0
960028,0.0,0.0,0.0,0.0,0.0,1.0,0.0
960528,0.0,0.0,0.0,0.0,0.0,0.0,0.0
962293,0.0,0.0,0.0,0.0,0.0,1.0,0.0
962793,0.0,0.0,0.0,0.0,0.0,0.0,0.0
963896,0.0,0.0,0.0,0.0,0.0,1.0,0.0
964396,0.0,0.0,0.0,0.0,0.0,0.0,0.0
971165,0.0,0.0,0.0,0.0,0.0,1.0,0.0
971169,0.0,0.0,0.0,0.0,0.0,2.0,0.0
971669,0.0,0.0,0.0,0.0,0.0,0.0,0.0
972931,0.0,0.0,0.0,0.0,0.0,1.0,0.0
973431,0.0,0.0,0.0,0.0,0.0,0.0,0.0
976864,0.0,0.0,0.0,0.0,0.0,1.0,0.0
977364,0.0,0.0,0.0,0.0,0.0,0.0,0.0
979953,0.0,0.0,0.0,0.0,0.0,1.0,0.0
980453,0.0,0.0,0.0,0.0,0.0,0.0,0.0
980619,0.0,0.0,0.0,0.0,0.0,1.0,0.0
981119,0.0,0.0,0.0,0.0,0.0,0.0,0.0
982176,0.0,0.0,0.0,0.0,0.0,1.0,0.0
982676,0.0,0.0,0.0,0.0,0.0,0.0,0.0
990275,0.0,0.0,0.0,0.0,0.0,1.0,0.0
990775,0.0,0.0,0.0,0.0,0.0,0.0,0.0
994323,0.0,0.0,0.0,0.0,0.0,1.0,0.0
994324,0.0,0.0,0.0,0.0,0.0,2.0,0.0
994824,0.0,0.0,0.0,0.0,0.0,0.0,0.0
997444,0.0,0.0,0.0,0.0,0.0,1.0,0.0
997944,0.0,0.0,0.0,0.0,0.0,0.0,0.0
999844,0.0,0.0,0.0,0.0,0.0,1.0,0.0
1000344,0.0,0.0,0.0,0.0,0.0,0.0,0.0
1001725,0.0,0.0,0.0,0.0,0.0,1.0,0.0
1002225,0.0,0.0,0.0,0.0,0.0,0.0,0.0
1002922,0.0,0.0,0.0,0.0,0.0,1.0,0.0
1003422,0.0,0.0,0.0,0.0,0.0,0.0,0.0
1005400,0.0,0.0,0.0,0.0,0.0,1.0,0.0
1005900,0.0,0.0,0.0,0.0,0.0,0.0,0.0
1007474,0.0,0.0,0.0,0.0,0.0,1.0,0.0
1007476,0.0,0.0,0.0,0.0,0.0,2.0,0.0
1007976,0.0,0.0,0.0,0.0,0.0,0.0,0.0
1009000,0.0,0.0,0.0,0.0,0.0,0.0,1.0
1009459,0.0,0.0,0.0,0.0,0.0,1.0,1.0
1009500,0.0,0.0,0.0,0.0,0.0,1.0,0.0
1009663,2.0,0.0,0.0,0.0,0.0,1.0,0.0
1009820,2.0,2.0,0.0,0.0,0.0,1.0,0.0
1009903,2.0,2.0,0.0,0.0,0.0,2.0,0.0
1010163,0.0,2.0,0.0,0.0,0.0,2.0,0.0
1010320,0.0,0.0,0.0,0.0,0.0,2.0,0.0
1010367,2.0,0.0,0.0,0.0,0.0,2.0,0.0
1010403,2.0,0.0,0.0,0.0,0.0,0.0,0.0
1010741,2.0,0.0,0.0,0.0,1.0,0.0,0.0
1010749,2.0,0.0,0.0,0.0,1.0,1.0,0.0
1010867,0.0,0.0,0.0,0.0,1.0,1.0,0.0
1011119,0.0,0.0,0.0,0.0,2.0,1.0,0.0
1011249,0.0,0.0,0.0,0.0,2.0,0.0,0.0
1011619,0.0,0.0,0.0,0.0,0.0,0.0,0.0
1011637,0.0,0.0,0.0,0.0,0.0,1.0,0.0
1012137,0.0,0.0,0.0,0.0,0.0,0.0,0.0
1012392,0.0,0.0,1.0,0.0,0.0,0.0,0.0
1012588,0.0,0.0,1.0,0.0,0.0,1.0,0.0
1013088,0.0,0.0,1.0,0.0,0.0,0.0,0.0
1013206,0.0,0.0,1.0,0.0,0.0,1.0,0.0
1013706,0.0,0.0,1.0,0.0,0.0,0.0,0.0
1014381,0.0,0.0,1.0,0.0,0.0,1.0,0.0
1014881,0.0,0.0,1.0,0.0,0.0,0.0,0.0
1015106,0.0,0.0,1.0,0.0,0.0,1.0,0.0
1015110,0.0,0.0,1.0,0.0,0.0,2.0,0.0
1015162,0.0,0.0,2.0,0.0,0.0,2.0,0.0
1015610,0.0,0.0,2.0,0.0,0.0,0.0,0.0
1015620,0.0,0.0,2.0,0.0,0.0,1.0,0.0
1015622,0.0,0.0,2.0,0.0,0.0,2.0,0.0
1015662,0.0,0.0,1.0,0.0,0.0,2.0,0.0
1015713,0.0,0.0,2.0,0.0,0.0,2.0,0.0
1016011,0.0,0.0,2.0,0.0,1.0,2.0,0.0
1016122,0.0,0.0,2.0,0.0,1.0,0.0,0.0
1016213,0.0,0.0,0.0,0.0,1.0,0.0,0.0
1016440,0.0,0.0,0.0,0.0,1.0,1.0,0.0
1016446,0.0,0.0,0.0,0.0,1.0,2.0,0.0
1016511,0.0,0.0,0.0,0.0,0.0,2.0,0.0
1016946,0.0,0.0,0.0,0.0,0.0,0.0,0.0
1017057,0.0,0.0,0.0,0.0,0.0,1.0,0.0
1017059,0.0,0.0,0.0,0.0,0.0,2.0,0.0
1017559,0.0,0.0,0.0,0.0,0.0,0.0,0.0
1017881,0.0,0.0,0.0,0.0,0.0,1.0,0.0
1018273,0.0,0.0,0.0,0.0,0.0,2.0,0.0
1018773,0.0,0.0,0.0,0.0,0.0,0.0,0.0
1019352,0.0,0.0,1.0,0.0,0.0,0.0,0.0
1019462,0.0,2.0,1.0,0.0,0.0,0.0,0.0
1019852,0.0,2.0,0.0,0.0,0.0,0.0,0.0
1019962,0.0,0.0,0.0,0.0,0.0,0.0,0.0
1021214,0.0,0.0,0.0,0.0,0.0,1.0,0.0
1021218,0.0,0.0,0.0,0.0,0.0,2.0,0.0
1021718,0.0,0.0,0.0,0.0,0.0,0.0,0.0
1022013,0.0,0.0,0.0,0.0,0.0,1.0,0.0
1022513,0.0,0.0,0.0,0.0,0.0,0.0,0.0
1022820,0.0,0.0,0.0,0.0,0.0,1.0,0.0
1023125,0.0,0.0,0.0,0.0,0.0,2.0,0.0
1023625,0.0,0.0,0.0,0.0,0.0,0.0,0.0
1025205,0.0,0.0,0.0,0.0,0.0,1.0,0.0
1025705,0.0,0.0,0.0,0.0,0.0,0.0,0.0
1025771,0.0,0.0,0.0,0.0,0.0,1.0,0.0
1026271,0.0,0.0,0.0,0.0,0.0,0.0,0.0
1027448,0.0,0.0,0.0,0.0,0.0,1.0,0.0
1027452,0.0,0.0,0.0,0.0,0.0,2.0,0.0
1027952,0.0,0.0,0.0,0.0,0.0,0.0,0.0
1028489,0.0,0.0,0.0,0.0,0.0,1.0,0.0
1028559,0.0,0.0,0.0,0.0,0.0,2.0,0.0
1029059,0.0,0.0,0.0,0.0,0.0,1.0,0.0
1029075,0.0,0.0,0.0,0.0,0.0,2.0,0.0
1029575,0.0,0.0,0.0,0.0,0.0,0.0,0.0
1029643,0.0,0.0,0.0,0.0,0.0,1.0,0.0
1029647,0.0,0.0,0.0,0.0,0.0,2.0,0.0
1030147,0.0,0.0,0.0,0.0,0.0,0.0,0.0
1030349,0.0,0.0,0.0,0.0,0.0,1.0,0.0
1030492,0.0,2.0,0.0,0.0,0.0,1.0,0.0
1030849,0.0,2.0,0.0,0.0,0.0,0.0,0.0
1030992,0.0,0.0,0.0,0.0,0.0,0.0,0.0
1031143,0.0,0.0,0.0,0.0,0.0,1.0,0.0
1031147,0.0,0.0,0.0,0.0,0.0,2.0,0.0
1031647,0.0,0.0,0.0,0.0,0.0,0.0,0.0
1032101,0.0,0.0,0.0,0.0,0.0,1.0,0.0
1032422,0.0,2.0,0.0,0.0,0.0,1.0,0.0
1032601,0.0,2.0,0.0,0.0,0.0,0.0,0.0
1032922,0.0,0.0,0.0,0.0,0.0,0.0,0.0
1033114,0.0,0.0,0.0,0.0,0.0,1.0,0.0
1033614,0.0,0.0,0.0,0.0,0.0,0.0,0.0
1033817,0.0,0.0,0.0,0.0,0.0,1.0,0.0
1034317,0.0,0.0,0.0,0.0,0.0,0.0,0.0
1034957,0.0,0.0,0.0,0.0,0.0,1.0,0.0
1035457,0.0,0.0,0.0,0.0,0.0,0.0,0.0
1035877,0.0,0.0,0.0,0.0,0.0,1.0,0.0
1036377,0.0,0.0,0.0,0.0,0.0,0.0,0.0
1036440,0.0,0.0,0.0,0.0,0.0,1.0,0.0
1036940,0.0,0.0,0.0,0.0,0.0,0.0,0.0
1036972,0.0,0.0,0.0,0.0,0.0,1.0,0.0
1036974,0.0,0.0,0.0,0.0,0.0,2.0,0.0
1037474,0.0,0.0,0.0,0.0,0.0,0.0,0.0
1039183,0.0,0.0,0.0,0.0,0.0,1.0,0.0
1039188,0.0,0.0,0.0,0.0,0.0,2.0,0.0
1039276,0.0,2.0,0.0,0.0,0.0,2.0,0.0
1039688,0.0,2.0,0.0,0.0,0.0,0.0,0.0
1039776,0.0,0.0,0.0,0.0,0.0,0.0,0.0
1040187,0.0,0.0,0.0,0.0,0.0,1.0,0.0
1040191,0.0,0.0,0.0,0.0,0.0,2.0,0.0
1040691,0.0,0.0,0.0,0.0,0.0,0.0,0.0
1040952,0.0,0.0,0.0,0.0,0.0,1.0,0.0
1040954,0.0,0.0,0.0,0.0,0.0,2.0,0.0
1041454,0.0,0.0,0.0,0.0,0.0,0.0,0.0
1042847,0.0,0.0,0.0,0.0,0.0,1.0,0.0
1043347,0.0,0.0,0.0,0.0,0.0,0.0,0.0
1043655,0.0,0.0,0.0,0.0,0.0,1.0,0.0
1044155,0.0,0.0,0.0,0.0,0.0,0.0,0.0
1044234,0.0,0.0,0.0,0.0,0.0,1.0,0.0
1044248,0.0,0.0,0.0,0.0,0.0,2.0,0.0
1044748,0.0,0.0,0.0,0.0,0.0,0.0,0.0
1045270,0.0,0.0,0.0,0.0,0.0,1.0,0.0
1045770,0.0,0.0,0.0,0.0,0.0,0.0,0.0
1046960,0.0,0.0,0.0,0.0,0.0,1.0,0.0
1047417,0.0,0.0,0.0,0.0,0.0,2.0,0.0
1047917,0.0,0.0,0.0,0.0,0.0,0.0,0.0
1048151,0.0,0.0,0.0,0.0,0.0,1.0,0.0
1048651,0.0,0.0,0.0,0.0,0.0,0.0,0.0
1048917,0.0,0.0,0.0,0.0,0.0,1.0,0.0
1049081,0.0,0.0,0.0,0.0,0.0,2.0,0.0
1049101,0.0,0.0,0.0,0.0,1.0,2.0,0.0
1049106,0.0,0.0,0.0,0.0,2.0,2.0,0.0
1049581,0.0,0.0,0.0,0.0,2.0,0.0,0.0
1049606,0.0,0.0,0.0,0.0,0.0,0.0,0.0
1049651,0.0,0.0,0.0,0.0,0.0,1.0,0.0
1049653,0.0,0.0,0.0,0.0,0.0,2.0,0.0
1050153,0.0,0.0,0.0,0.0,0.0,0.0,0.0
1050524,0.0,0.0,0.0,0.0,0.0,1.0,0.0
1050633,0.0,0.0,0.0,0.0,0.0,2.0,0.0
1051133,0.0,0.0,0.0,0.0,0.0,0.0,0.0
1051686,0.0,0.0,0.0,0.0,0.0,1.0,0.0
1052186,0.0,0.0,0.0,0.0,0.0,0.0,0.0
1053560,0.0,0.0,0.0,0.0,1.0,1.0,0.0
1054060,0.0,0.0,0.0,0.0,0.0,0.0,0.0
1055554,0.0,0.0,0.0,0.0,0.0,1.0,0.0
1055570,0.0,0.0,0.0,0.0,0.0,2.0,0.0
1056070,0.0,0.0,0.0,0.0,0.0,0.0,0.0
1056412,0.0,0.0,0.0,0.0,0.0,1.0,0.0
1056414,0.0,0.0,0.0,0.0,0.0,2.0,0.0
1056914,0.0,0.0,0.0,0.0,0.0,0.0,0.0
1057760,0.0,0.0,0.0,0.0,0.0,1.0,0.0
1058094,0.0,0.0,0.0,0.0,0.0,2.0,0.0
1058594,0.0,0.0,0.0,0.0,0.0,0.0,0.0
1059036,0.0,0.0,0.0,0.0,0.0,1.0,0.0
1059536,0.0,0.0,0.0,0.0,0.0,0.0,0.0
1059673,0.0,0.0,0.0,0.0,0.0,1.0,0.0
1059675,0.0,0.0,0.0,0.0,0.0,2.0,0.0
1060114,0.0,2.0,0.0,0.0,0.0,2.0,0.0
1060175,0.0,2.0,0.0,0.0,0.0,0.0,0.0
1060597,0.0,2.0,0.0,0.0,0.0,1.0,0.0
1060614,0.0,0.0,0.0,0.0,0.0,1.0,0.0
1061097,0.0,0.0,0.0,0.0,0.0,0.0,0.0
1061649,0.0,0.0,0.0,0.0,0.0,1.0,0.0
1061655,0.0,0.0,0.0,0.0,0.0,2.0,0.0
1062155,0.0,0.0,0.0,0.0,0.0,0.0,0.0
1062174,0.0,0.0,0.0,0.0,0.0,1.0,0.0
1062181,0.0,0.0,0.0,0.0,0.0,2.0,0.0
1062681,0.0,0.0,0.0,0.0,0.0,0.0,0.0
1063445,0.0,0.0,0.0,0.0,0.0,1.0,0.0
1063945,0.0,0.0,0.0,0.0,0.0,0.0,0.0
1064635,0.0,0.0,0.0,0.0,0.0,1.0,0.0
1065135,0.0,0.0,0.0,0.0,0.0,0.0,0.0
1065386,0.0,0.0,0.0,0.0,0.0,1.0,0.0
1065886,0.0,0.0,0.0,0.0,0.0,0.0,0.0
1066199,0.0,0.0,0.0,0.0,0.0,1.0,0.0
1066699,0.0,0.0,0.0,0.0,0.0,0.0,0.0
1066786,0.0,0.0,0.0,0.0,0.0,1.0,0.0
1067286,0.0,0.0,0.0,0.0,0.0,0.0,0.0
1067405,0.0,0.0,0.0,0.0,0.0,1.0,0.0
1067406,0.0,2.0,0.0,0.0,0.0,1.0,0.0
1067407,0.0,2.0,0.0,0.0,0.0,2.0,0.0
1067906,0.0,0.0,0.0,0.0,0.0,2.0,0.0
1067907,0.0,0.0,0.0,0.0,0.0,0.0,0.0
1068010,0.0,0.0,0.0,0.0,0.0,1.0,0.0
1068510,0.0,0.0,0.0,0.0,0.0,0.0,0.0
1069367,0.0,0.0,0.0,0.0,0.0,1.0,0.0
1069867,0.0,0.0,0.0,0.0,0.0,0.0,0.0
1069874,0.0,0.0,0.0,0.0,0.0,1.0,0.0
1070374,0.0,0.0,0.0,0.0,0.0,0.0,0.0
1070613,0.0,0.0,0.0,0.0,0.0,1.0,0.0
1070941,0.0,0.0,0.0,0.0,0.0,2.0,0.0
1071441,0.0,0.0,0.0,0.0,0.0,0.0,0.0
1071546,0.0,0.0,0.0,0.0,0.0,1.0,0.0
1071548,0.0,0.0,0.0,0.0,0.0,2.0,0.0
1071589,0.0,0.0,1.0,0.0,0.0,2.0,0.0
1072048,0.0,0.0,1.0,0.0,0.0,0.0,0.0
1072589,0.0,0.0,0.0,0.0,0.0,0.0,0.0
1072707,0.0,0.0,1.0,0.0,0.0,0.0,0.0
1073207,0.0,0.0,0.0,0.0,0.0,0.0,0.0
1073860,0.0,0.0,0.0,0.0,0.0,1.0,0.0
1073967,0.0,0.0,0.0,0.0,0.0,2.0,0.0
1074467,0.0,0.0,0.0,0.0,0.0,0.0,0.0
1074844,0.0,0.0,0.0,0.0,0.0,1.0,0.0
1075344,0.0,0.0,0.0,0.0,0.0,0.0,0.0
1076203,0.0,0.0,0.0,0.0,0.0,1.0,0.0
1076703,0.0,0.0,0.0,0.0,0.0,0.0,0.0
1076796,0.0,0.0,0.0,0.0,0.0,1.0,0.0
1076909,0.0,0.0,0.0,0.0,0.0,2.0,0.0
1077409,0.0,0.0,0.0,0.0,0.0,0.0,0.0
1077835,0.0,0.0,0.0,0.0,0.0,1.0,0.0
1077863,0.0,0.0,0.0,0.0,0.0,2.0,0.0
1078363,0.0,0.0,0.0,0.0,0.0,0.0,0.0
1078567,0.0,0.0,0.0,0.0,0.0,1.0,0.0
1078591,0.0,0.0,0.0,0.0,0.0,2.0,0.0
1079091,0.0,0.0,0.0,0.0,0.0,0.0,0.0
1080667,0.0,0.0,0.0,0.0,0.0,1.0,0.0
1081167,0.0,0.0,0.0,0.0,0.0,0.0,0.0
1081238,0.0,0.0,0.0,0.0,0.0,1.0,0.0
1081738,0.0,0.0,0.0,0.0,0.0,0.0,0.0
1082313,0.0,0.0,0.0,0.0,0.0,1.0,0.0
1082333,0.0,0.0,0.0,0.0,0.0,2.0,0.0
1082833,0.0,0.0,0.0,0.0,0.0,0.0,0.0
1083184,0.0,0.0,0.0,0.0,0.0,1.0,0.0
1083624,0.0,0.0,0.0,0.0,0.0,2.0,0.0
1084124,0.0,0.0,0.0,0.0,0.0,0.0,0.0
1084961,0.0,0.0,0.0,0.0,0.0,1.0,0.0
1084971,0.0,0.0,0.0,0.0,0.0,2.0,0.0
1085471,0.0,0.0,0.0,0.0,0.0,0.0,0.0
1085549,0.0,0.0,0.0,0.0,0.0,1.0,0.0
1085562,0.0,0.0,0.0,0.0,0.0,2.0,0.0
1086062,0.0,0.0,0.0,0.0,0.0,0.0,0.0
1087088,0.0,0.0,0.0,0.0,0.0,1.0,0.0
1087588,0.0,0.0,0.0,0.0,0.0,0.0,0.0
1088623,0.0,0.0,0.0,0.0,0.0,1.0,0.0
1088642,0.0,0.0,0.0,0.0,0.0,2.0,0.0
1089089,0.0,0.0,0.0,0.0,1.0,2.0,0.0
1089142,0.0,0.0,0.0,0.0,1.0,0.0,0.0
1089589,0.0,0.0,0.0,0.0,0.0,0.0,0.0
1090169,0.0,0.0,0.0,0.0,0.0,1.0,0.0
1090669,0.0,0.0,0.0,0.0,0.0,0.0,0.0
1090695,0.0,0.0,0.0,0.0,0.0,1.0,0.0
1091195,0.0,0.0,0.0,0.0,0.0,0.0,0.0
1091247,0.0,0.0,0.0,0.0,0.0,1.0,0.0
1091328,0.0,0.0,0.0,0.0,0.0,2.0,0.0
1091828,0.0,0.0,0.0,0.0,0.0,0.0,0.0
1091957,0.0,0.0,0.0,0.0,0.0,1.0,0.0
1091967,0.0,0.0,0.0,0.0,0.0,2.0,0.0
1092467,0.0,0.0,0.0,0.0,0.0,0.0,0.0
1093025,0.0,0.0,0.0,0.0,0.0,1.0,0.0
1093525,0.0,0.0,0.0,0.0,0.0,0.0,0.0
1093856,0.0,0.0,0.0,0.0,0.0,1.0,0.0
1094202,0.0,0.0,0.0,0.0,0.0,2.0,0.0
1094702,0.0,0.0,0.0,0.0,0.0,0.0,0.0
1094799,0.0,0.0,0.0,0.0,0.0,1.0,0.0
1095299,0.0,0.0,0.0,0.0,0.0,0.0,0.0
1095387,0.0,0.0,1.0,0.0,0.0,0.0,0.0
1095644,0.0,0.0,1.0,0.0,0.0,1.0,0.0
1095887,0.0,0.0,0.0,0.0,0.0,1.0,0.0
1095906,0.0,0.0,1.0,0.0,0.0,1.0,0.0
1096144,0.0,0.0,1.0,0.0,0.0,0.0,0.0
1096406,0.0,0.0,0.0,0.0,0.0,0.0,0.0
1097574,0.0,0.0,0.0,0.0,0.0,1.0,0.0
1097581,0.0,0.0,0.0,0.0,0.0,2.0,0.0
1098081,0.0,0.0,0.0,0.0,0.0,0.0,0.0
1098182,0.0,0.0,0.0,0.0,0.0,1.0,0.0
1098682,0.0,0.0,0.0,0.0,0.0,0.0,0.0
1099066,0.0,0.0,0.0,0.0,0.0,1.0,0.0
1099451,0.0,0.0,0.0,0.0,0.0,2.0,0.0
1099951,0.0,0.0,0.0,0.0,0.0,1.0,0.0
1099954,0.0,0.0,0.0,0.0,0.0,2.0,0.0
1099961,0.0,0.0,0.0,0.0,1.0,2.0,0.0
1100454,0.0,0.0,0.0,0.0,1.0,0.0,0.0
1100461,0.0,0.0,0.0,0.0,0.0,0.0,0.0
1100734,0.0,0.0,0.0,0.0,0.0,1.0,0.0
1100738,0.0,0.0,0.0,0.0,0.0,2.0,0.0
1101238,0.0,0.0,0.0,0.0,0.0,0.0,0.0
1101640,0.0,0.0,0.0,0.0,0.0,1.0,0.0
1101650,0.0,0.0,0.0,0.0,0.0,2.0,0.0
1102150,0.0,0.0,0.0,0.0,0.0,0.0,0.0
1102356,0.0,0.0,0.0,0.0,0.0,1.0,0.0
1102856,0.0,0.0,0.0,0.0,0.0,0.0,0.0
1103119,0.0,0.0,0.0,0.0,0.0,1.0,0.0
1103121,0.0,0.0,0.0,0.0,0.0,2.0,0.0
1103620,0.0,0.0,0.0,0.0,1.0,2.0,0.0
1103621,0.0,0.0,0.0,0.0,1.0,1.0,0.0
1103623,0.0,0.0,0.0,0.0,1.0,2.0,0.0
1104120,0.0,0.0,0.0,0.0,0.0,2.0,0.0
1104123,0.0,0.0,0.0,0.0,0.0,0.0,0.0
1105621,0.0,0.0,0.0,0.0,0.0,1.0,0.0
1105708,0.0,0.0,0.0,0.0,1.0,1.0,0.0
1106121,0.0,0.0,0.0,0.0,1.0,0.0,0.0
1106208,0.0,0.0,0.0,0.0,0.0,0.0,0.0
1106255,0.0,0.0,0.0,0.0,0.0,1.0,0.0
1106755,0.0,0.0,0.0,0.0,0.0,0.0,0.0
1106768,0.0,0.0,0.0,0.0,0.0,1.0,0.0
1107268,0.0,0.0,0.0,0.0,0.0,0.0,0.0
1107388,0.0,0.0,0.0,0.0,0.0,1.0,0.0
1107888,0.0,0.0,0.0,0.0,0.0,0.0,0.0
1107924,0.0,0.0,0.0,0.0,0.0,1.0,0.0
1107926,0.0,0.0,0.0,0.0,0.0,2.0,0.0
1108426,0.0,0.0,0.0,0.0,0.0,0.0,0.0
1108817,0.0,0.0,0.0,0.0,0.0,1.0,0.0
1109317,0.0,0.0,0.0,0.0,0.0,0.0,0.0
1110001,0.0,0.0,0.0,0.0,0.0,1.0,0.0
1110208,0.0,0.0,0.0,0.0,0.0,2.0,0.0
1110708,0.0,0.0,0.0,0.0,0.0,0.0,0.0
1111626,0.0,0.0,0.0,0.0,1.0,0.0,0.0
1111979,0.0,0.0,0.0,0.0,1.0,1.0,0.0
1112126,0.0,0.0,0.0,0.0,0.0,1.0,0.0
1112479,0.0,0.0,0.0,0.0,0.0,0.0,0.0
1115306,0.0,0.0,0.0,0.0,0.0,1.0,0.0
1115531,0.0,0.0,0.0,0.0,0.0,2.0,0.0
1116031,0.0,0.0,0.0,0.0,0.0,0.0,0.0
1119952,0.0,0.0,0.0,0.0,0.0,1.0,0.0
1120452,0.0,0.0,0.0,0.0,0.0,0.0,0.0
1126718,0.0,0.0,0.0,0.0,0.0,1.0,0.0
1127218,0.0,0.0,0.0,0.0,0.0,0.0,0.0
1127445,0.0,0.0,0.0,0.0,0.0,1.0,0.0
1127945,0.0,0.0,0.0,0.0,0.0,0.0,0.0
1131135,0.0,0.0,0.0,0.0,0.0,1.0,0.0
1131139,0.0,0.0,0.0,0.0,0.0,2.0,0.0
1131639,0.0,0.0,0.0,0.0,0.0,0.0,0.0
1132981,0.0,0.0,0.0,0.0,0.0,1.0,0.0
1133481,0.0,0.0,0.0,0.0,0.0,0.0,0.0
1134460,0.0,0.0,0.0,0.0,0.0,1.0,0.0
1134960,0.0,0.0,0.0,0.0,0.0,0.0,0.0
1137376,0.0,0.0,0.0,0.0,0.0,1.0,0.0
1137876,0.0,0.0,0.0,0.0,0.0,0.0,0.0
1138825,0.0,0.0,0.0,0.0,0.0,1.0,0.0
1139325,0.0,0.0,0.0,0.0,0.0,0.0,0.0
1140180,0.0,0.0,0.0,0.0,0.0,1.0,0.0
1140680,0.0,0.0,0.0,0.0,0.0,0.0,0.0
1143609,0.0,0.0,0.0,0.0,0.0,1.0,0.0
1144109,0.0,0.0,0.0,0.0,0.0,0.0,0.0
1146689,0.0,0.0,0.0,0.0,0.0,1.0,0.0
1147189,0.0,0.0,0.0,0.0,0.0,0.0,0.0
1147494,0.0,0.0,0.0,0.0,0.0,1.0,0.0
1147994,0.0,0.0,0.0,0.0,0.0,0.0,0.0
1148724,0.0,0.0,0.0,0.0,0.0,1.0,0.0
1149224,0.0,0.0,0.0,0.0,0.0,0.0,0.0
1149919,0.0,0.0,0.0,0.0,0.0,1.0,0.0
1149920,0.0,0.0,0.0,0.0,0.0,2.0,0.0
1150420,0.0,0.0,0.0,0.0,0.0,0.0,0.0
1151506,0.0,0.0,0.0,0.0,0.0,1.0,0.0
1152006,0.0,0.0,0.0,0.0,0.0,0.0,0.0
1155197,0.0,0.0,0.0,0.0,0.0,1.0,0.0
1155697,0.0,0.0,0.0,0.0,0.0,0.0,0.0
1158300,0.0,0.0,0.0,0.0,0.0,1.0,0.0
1158800,0.0,0.0,0.0,0.0,0.0,0.0,0.0
1159881,0.0,0.0,0.0,0.0,0.0,1.0,0.0
1160381,0.0,0.0,0.0,0.0,0.0,0.0,0.0
1161716,0.0,0.0,0.0,0.0,0.0,1.0,0.0
1162216,0.0,0.0,0.0,0.0,0.0,0.0,0.0
1162655,0.0,0.0,0.0,0.0,0.0,1.0,0.0
1163155,0.0,0.0,0.0,0.0,0.0,0.0,0.0
1165161,0.0,0.0,0.0,0.0,0.0,1.0,0.0
1165163,0.0,0.0,0.0,0.0,0.0,2.0,0.0
1165663,0.0,0.0,0.0,0.0,0.0,0.0,0.0
1166568,0.0,0.0,0.0,0.0,0.0,1.0,0.0
1167068,0.0,0.0,0.0,0.0,0.0,0.0,0.0
1167196,0.0,0.0,0.0,0.0,0.0,1.0,0.0
1167696,0.0,0.0,0.0,0.0,0.0,0.0,0.0
1168471,0.0,0.0,0.0,0.0,0.0,1.0,0.0
1168971,0.0,0.0,0.0,0.0,0.0,0.0,0.0
1169171,0.0,0.0,0.0,0.0,0.0,1.0,0.0
1169671,0.0,0.0,0.0,0.0,0.0,0.0,0.0
1170507,0.0,0.0,0.0,0.0,0.0,1.0,0.0
1170510,0.0,0.0,0.0,0.0,0.0,2.0,0.0
1171010,0.0,0.0,0.0,0.0,0.0,0.0,0.0
1171559,0.0,0.0,0.0,0.0,0.0,1.0,0.0
1172059,0.0,0.0,0.0,0.0,0.0,0.0,0.0
1173024,0.0,0.0,0.0,0.0,0.0,1.0,0.0
1173524,0.0,0.0,0.0,0.0,0.0,0.0,0.0
1173658,0.0,0.0,0.0,0.0,0.0,1.0,0.0
1174158,0.0,0.0,0.0,0.0,0.0,0.0,0.0
1176899,0.0,0.0,0.0,0.0,0.0,1.0,0.0
1177399,0.0,0.0,0.0,0.0,0.0,0.0,0.0
1177449,0.0,0.0,0.0,0.0,0.0,1.0,0.0
1177949,0.0,0.0,0.0,0.0,0.0,0.0,0.0
1179944,0.0,0.0,0.0,0.0,0.0,1.0,0.0
1180444,0.0,0.0,0.0,0.0,0.0,0.0,0.0
1181134,0.0,0.0,0.0,0.0,0.0,1.0,0.0
1181634,0.0,0.0,0.0,0.0,0.0,0.0,0.0
1183373,0.0,0.0,0.0,0.0,0.0,1.0,0.0
1183873,0.0,0.0,0.0,0.0,0.0,0.0,0.0
1184960,0.0,0.0,0.0,0.0,0.0,1.0,0.0
1185460,0.0,0.0,0.0,0.0,0.0,0.0,0.0
1186165,0.0,0.0,0.0,0.0,0.0,1.0,0.0
1186665,0.0,0.0,0.0,0.0,0.0,0.0,0.0
1192492,0.0,0.0,0.0,0.0,1.0,0.0,0.0
1192992,0.0,0.0,0.0,0.0,0.0,0.0,0.0
1194325,0.0,0.0,0.0,0.0,0.0,1.0,0.0
1194825,0.0,0.0,0.0,0.0,0.0,0.0,0.0
1195074,0.0,0.0,0.0,0.0,0.0,1.0,0.0
1195574,0.0,0.0,0.0,0.0,0.0,0.0,0.0
1196123,0.0,0.0,0.0,0.0,0.0,1.0,0.0
1196623,0.0,0.0,0.0,0.0,0.0,0.0,0.0
1197719,0.0,0.0,0.0,0.0,0.0,1.0,0.0
1198219,0.0,0.0,0.0,0.0,0.0,0.0,0.0
1198838,0.0,0.0,0.0,0.0,0.0,1.0,0.0
1199338,0.0,0.0,0.0,0.0,0.0,0.0,0.0
1201074,0.0,0.0,0.0,0.0,0.0,1.0,0.0
1201574,0.0,0.0,0.0,0.0,0.0,0.0,0.0
1202410,0.0,0.0,0.0,0.0,0.0,1.0,0.0
1202910,0.0,0.0,0.0,0.0,0.0,0.0,0.0
1205494,0.0,0.0,0.0,0.0,0.0,1.0,0.0
1205994,0.0,0.0,0.0,0.0,0.0,0.0,0.0
1206306,0.0,0.0,0.0,0.0,0.0,1.0,0.0
1206307,0.0,0.0,0.0,0.0,0.0,2.0,0.0
1206807,0.0,0.0,0.0,0.0,0.0,0.0,0.0
1207119,0.0,0.0,0.0,0.0,0.0,1.0,0.0
1207619,0.0,0.0,0.0,0.0,0.0,0.0,0.0
1208178,0.0,0.0,0.0,0.0,0.0,1.0,0.0
1208678,0.0,0.0,0.0,0.0,0.0,0.0,0.0
1209261,0.0,0.0,0.0,0.0,0.0,1.0,0.0
1209761,0.0,0.0,0.0,0.0,0.0,0.0,0.0
1211000,0.0,0.0,0.0,0.0,0.0,0.0,1.0
1211438,0.0,0.0,0.0,0.0,0.0,1.0,1.0
1211500,0.0,0.0,0.0,0.0,0.0,1.0,0.0
1211757,0.0,0.0,0.0,0.0,0.0,2.0,0.0
1211758,0.0,0.0,0.0,0.0,1.0,2.0,0.0
1211775,2.0,0.0,0.0,0.0,1.0,2.0,0.0
1211903,2.0,0.0,0.0,0.0,2.0,2.0,0.0
1212020,2.0,2.0,0.0,0.0,2.0,2.0,0.0
1212257,2.0,2.0,0.0,0.0,2.0,0.0,0.0
1212275,0.0,2.0,0.0,0.0,2.0,0.0,0.0
1212319,2.0,2.0,0.0,0.0,2.0,0.0,0.0
1212403,2.0,2.0,0.0,0.0,0.0,0.0,0.0
1212520,2.0,0.0,0.0,0.0,0.0,0.0,0.0
1212819,0.0,0.0,0.0,0.0,0.0,0.0,0.0
1214161,0.0,0.0,0.0,0.0,0.0,1.0,0.0
1214431,0.0,0.0,0.0,0.0,0.0,2.0,0.0
1214491,0.0,0.0,1.0,0.0,0.0,2.0,0.0
1214931,0.0,0.0,1.0,0.0,0.0,0.0,0.0
1215313,0.0,0.0,1.0,0.0,0.0,1.0,0.0
1215813,0.0,0.0,1.0,0.0,0.0,0.0,0.0
1216445,0.0,0.0,1.0,0.0,0.0,1.0,0.0
1216447,0.0,0.0,1.0,0.0,0.0,2.0,0.0
1216947,0.0,0.0,1.0,0.0,0.0,0.0,0.0
1217666,0.0,0.0,2.0,0.0,0.0,0.0,0.0
1217819,0.0,0.0,2.0,0.0,0.0,1.0,0.0
1218166,0.0,0.0,1.0,0.0,0.0,1.0,0.0
1218319,0.0,0.0,1.0,0.0,0.0,0.0,0.0
1218525,0.0,0.0,1.0,0.0,0.0,1.0,0.0
1218666,0.0,0.0,0.0,0.0,0.0,1.0,0.0
1219025,0.0,0.0,0.0,0.0,0.0,0.0,0.0
1219469,0.0,0.0,0.0,0.0,0.0,1.0,0.0
1219471,0.0,2.0,0.0,0.0,0.0,2.0,0.0
1219971,0.0,0.0,0.0,0.0,0.0,0.0,0.0
1220254,0.0,0.0,0.0,0.0,0.0,1.0,0.0
1220754,0.0,0.0,0.0,0.0,0.0,0.0,0.0
1221816,0.0,0.0,0.0,0.0,0.0,1.0,0.0
1222316,0.0,0.0,0.0,0.0,0.0,0.0,0.0
1222675,0.0,0.0,0.0,0.0,0.0,1.0,0.0
1223175,0.0,0.0,0.0,0.0,0.0,0.0,0.0
1223298,0.0,0.0,0.0,0.0,0.0,1.0,0.0
1224298,0.0,0.0,0.0,0.0,0.0,0.0,0.0
1224470,0.0,0.0,0.0,0.0,0.0,1.0,0.0
1224970,0.0,0.0,0.0,0.0,0.0,0.0,0.0
1225745,0.0,0.0,0.0,0.0,0.0,1.0,0.0
1226245,0.0,0.0,0.0,0.0,0.0,0.0,0.0
1226254,0.0,0.0,0.0,0.0,0.0,1.0,0.0
1226754,0.0,0.0,0.0,0.0,0.0,0.0,0.0
1226929,0.0,0.0,0.0,0.0,0.0,1.0,0.0
1227429,0.0,0.0,0.0,0.0,0.0,0.0,0.0
1227772,0.0,0.0,0.0,0.0,0.0,1.0,0.0
1228272,0.0,0.0,0.0,0.0,0.0,0.0,0.0
1228476,0.0,0.0,0.0,0.0,0.0,1.0,0.0
1228976,0.0,0.0,0.0,0.0,0.0,0.0,0.0
1229166,0.0,0.0,0.0,0.0,0.0,1.0,0.0
1229170,0.0,0.0,0.0,0.0,0.0,2.0,0.0
1229670,0.0,0.0,0.0,0.0,0.0,0.0,0.0
1229795,0.0,0.0,0.0,0.0,0.0,1.0,0.0
1230295,0.0,0.0,0.0,0.0,0.0,0.0,0.0
1230771,0.0,0.0,0.0,0.0,0.0,1.0,0.0
1231271,0.0,0.0,0.0,0.0,0.0,0.0,0.0
1231277,0.0,0.0,0.0,0.0,0.0,1.0,0.0
1231777,0.0,0.0,0.0,0.0,0.0,0.0,0.0
1232048,0.0,0.0,0.0,0.0,0.0,1.0,0.0
1232548,0.0,0.0,0.0,0.0,0.0,0.0,0.0
1232569,0.0,0.0,0.0,0.0,0.0,1.0,0.0
1232571,0.0,0.0,0.0,0.0,0.0,2.0,0.0
1233071,0.0,0.0,0.0,0.0,0.0,0.0,0.0
1233425,0.0,0.0,0.0,0.0,0.0,1.0,0.0
1233452,0.0,0.0,0.0,0.0,0.0,2.0,0.0
1233952,0.0,0.0,0.0,0.0,0.0,0.0,0.0
1234207,0.0,0.0,0.0,0.0,0.0,1.0,0.0
1234707,0.0,0.0,0.0,0.0,0.0,0.0,0.0
1235326,0.0,0.0,0.0,0.0,0.0,1.0,0.0
1235604,0.0,0.0,0.0,0.0,0.0,2.0,0.0
1236104,0.0,0.0,0.0,0.0,0.0,0.0,0.0
1236778,0.0,0.0,0.0,0.0,0.0,1.0,0.0
1237278,0.0,0.0,0.0,0.0,0.0,0.0,0.0
1238278,0.0,0.0,0.0,0.0,0.0,1.0,0.0
1238280,0.0,0.0,0.0,0.0,0.0,2.0,0.0
1238780,0.0,0.0,0.0,0.0,0.0,0.0,0.0
1238850,0.0,0.0,0.0,0.0,0.0,1.0,0.0
1239350,0.0,0.0,0.0,0.0,0.0,0.0,0.0
1240162,0.0,0.0,0.0,0.0,0.0,1.0,0.0
1240581,0.0,0.0,0.0,0.0,0.0,2.0,0.0
1241081,0.0,0.0,0.0,0.0,0.0,0.0,0.0
1241108,0.0,0.0,0.0,0.0,0.0,1.0,0.0
1241608,0.0,0.0,0.0,0.0,0.0,0.0,0.0
1241925,0.0,0.0,0.0,0.0,0.0,1.0,0.0
1242425,0.0,0.0,0.0,0.0,0.0,0.0,0.0
1242686,0.0,0.0,0.0,0.0,0.0,1.0,0.0
1243186,0.0,0.0,0.0,0.0,0.0,0.0,0.0
1243417,0.0,0.0,0.0,0.0,0.0,1.0,0.0
1244075,0.0,0.0,0.0,0.0,0.0,2.0,0.0
1244575,0.0,0.0,0.0,0.0,0.0,0.0,0.0
1244687,0.0,0.0,0.0,0.0,0.0,1.0,0.0
1245187,0.0,0.0,0.0,0.0,0.0,0.0,0.0
1245373,0.0,2.0,0.0,0.0,0.0,0.0,0.0
1245382,0.0,2.0,0.0,0.0,0.0,1.0,0.0
1245873,0.0,0.0,0.0,0.0,0.0,1.0,0.0
1245882,0.0,0.0,0.0,0.0,0.0,0.0,0.0
1246024,0.0,0.0,0.0,0.0,0.0,1.0,0.0
1246524,0.0,0.0,0.0,0.0,0.0,0.0,0.0
1246583,0.0,0.0,0.0,0.0,0.0,1.0,0.0
1247083,0.0,0.0,0.0,0.0,0.0,0.0,0.0
1247422,0.0,0.0,0.0,0.0,0.0,1.0,0.0
1247593,0.0,0.0,0.0,0.0,1.0,1.0,0.0
1247922,0.0,0.0,0.0,0.0,1.0,0.0,0.0
1248093,0.0,0.0,0.0,0.0,0.0,0.0,0.0
1248110,0.0,0.0,0.0,0.0,1.0,0.0,0.0
1248610,0.0,0.0,0.0,0.0,0.0,0.0,0.0
1248926,0.0,0.0,0.0,0.0,0.0,1.0,0.0
1249403,0.0,0.0,0.0,0.0,0.0,2.0,0.0
1249903,0.0,0.0,0.0,0.0,0.0,0.0,0.0
1250226,0.0,0.0,0.0,0.0,0.0,1.0,0.0
1250236,0.0,0.0,0.0,0.0,0.0,2.0,0.0
1250736,0.0,0.0,0.0,0.0,0.0,0.0,0.0
1251024,0.0,0.0,0.0,0.0,0.0,1.0,0.0
1251524,0.0,0.0,0.0,0.0,0.0,0.0,0.0
1251557,0.0,0.0,0.0,0.0,0.0,1.0,0.0
1251562,0.0,0.0,0.0,0.0,0.0,2.0,0.0
1252062,0.0,0.0,0.0,0.0,0.0,0.0,0.0
1253320,0.0,0.0,0.0,0.0,0.0,1.0,0.0
1253820,0.0,0.0,0.0,0.0,0.0,0.0,0.0
1254559,0.0,2.0,0.0,0.0,0.0,0.0,0.0
1255059,0.0,0.0,0.0,0.0,0.0,0.0,0.0
1255120,0.0,0.0,0.0,0.0,0.0,1.0,0.0
1255312,0.0,0.0,0.0,0.0,1.0,1.0,0.0
1255620,0.0,0.0,0.0,0.0,1.0,0.0,0.0
1255774,0.0,0.0,0.0,0.0,1.0,1.0,0.0
1255784,0.0,0.0,0.0,0.0,1.0,2.0,0.0
1255812,0.0,0.0,0.0,0.0,0.0,2.0,0.0
1256284,0.0,0.0,0.0,0.0,0.0,0.0,0.0
1256304,0.0,0.0,0.0,0.0,0.0,1.0,0.0
1256497,0.0,0.0,0.0,0.0,0.0,2.0,0.0
1256997,0.0,0.0,0.0,0.0,0.0,0.0,0.0
1257539,0.0,0.0,0.0,0.0,0.0,1.0,0.0
1257543,0.0,0.0,0.0,0.0,0.0,2.0,0.0
1258043,0.0,0.0,0.0,0.0,0.0,0.0,0.0
1259863,0.0,0.0,0.0,0.0,0.0,1.0,0.0
1260363,0.0,0.0,0.0,0.0,0.0,0.0,0.0
1260957,0.0,0.0,0.0,0.0,0.0,1.0,0.0
1261457,0.0,0.0,0.0,0.0,0.0,0.0,0.0
1262390,0.0,0.0,0.0,0.0,0.0,1.0,0.0
1262667,0.0,0.0,0.0,0.0,0.0,2.0,0.0
1263167,0.0,0.0,0.0,0.0,0.0,0.0,0.0
1264358,0.0,0.0,0.0,0.0,0.0,1.0,0.0
1264858,0.0,0.0,0.0,0.0,0.0,0.0,0.0
1265308,0.0,0.0,0.0,0.0,0.0,1.0,0.0
1265808,0.0,0.0,0.0,0.0,0.0,0.0,0.0
1266028,0.0,0.0,0.0,0.0,0.0,1.0,0.0
1266030,0.0,0.0,0.0,0.0,0.0,2.0,0.0
1266530,0.0,0.0,0.0,0.0,0.0,0.0,0.0
1266692,0.0,0.0,0.0,0.0,0.0,1.0,0.0
1266836,0.0,0.0,0.0,0.0,0.0,2.0,0.0
1267336,0.0,0.0,0.0,0.0,0.0,0.0,0.0
1267758,0.0,0.0,0.0,0.0,0.0,1.0,0.0
1267762,0.0,0.0,0.0,0.0,0.0,2.0,0.0
1268262,0.0,0.0,0.0,0.0,0.0,0.0,0.0
1268655,0.0,0.0,0.0,0.0,0.0,1.0,0.0
1269155,0.0,0.0,0.0,0.0,0.0,0.0,0.0
1270415,0.0,0.0,0.0,0.0,0.0,1.0,0.0
1270915,0.0,0.0,0.0,0.0,0.0,0.0,0.0
1272606,0.0,0.0,0.0,0.0,0.0,1.0,0.0
1272610,0.0,0.0,0.0,0.0,0.0,2.0,0.0
1273110,0.0,0.0,0.0,0.0,0.0,0.0,0.0
1273219,0.0,0.0,0.0,0.0,0.0,1.0,0.0
1273227,0.0,0.0,0.0,0.0,0.0,2.0,0.0
1273727,0.0,0.0,0.0,0.0,0.0,0.0,0.0
1273756,0.0,0.0,0.0,0.0,1.0,0.0,0.0
1273765,0.0,2.0,0.0,0.0,1.0,0.0,0.0
1274265,0.0,0.0,0.0,0.0,1.0,0.0,0.0
1274351,0.0,0.0,0.0,0.0,1.0,1.0,0.0
1274697,0.0,0.0,0.0,0.0,1.0,2.0,0.0
1275197,0.0,0.0,0.0,0.0,1.0,0.0,0.0
1275313,0.0,0.0,0.0,0.0,1.0,1.0,0.0
1275728,0.0,0.0,0.0,0.0,1.0,2.0,0.0
1276228,0.0,0.0,0.0,0.0,1.0,0.0,0.0
1276256,0.0,0.0,0.0,0.0,0.0,0.0,0.0
1276262,0.0,0.0,0.0,0.0,0.0,1.0,0.0
1276389,0.0,0.0,0.0,0.0,1.0,1.0,0.0
1276390,0.0,0.0,0.0,0.0,1.0,2.0,0.0
1276889,0.0,0.0,0.0,0.0,0.0,2.0,0.0
1276890,0.0,0.0,0.0,0.0,0.0,0.0,0.0
1277078,0.0,0.0,0.0,0.0,0.0,1.0,0.0
1277266,0.0,0.0,0.0,0.0,0.0,2.0,0.0
1277766,0.0,0.0,0.0,0.0,0.0,0.0,0.0
1277910,0.0,0.0,0.0,0.0,0.0,1.0,0.0
1278410,0.0,0.0,0.0,0.0,0.0,0.0,0.0
1278818,0.0,0.0,0.0,0.0,0.0,1.0,0.0
1279318,0.0,0.0,0.0,0.0,0.0,0.0,0.0
1279912,0.0,0.0,0.0,0.0,0.0,1.0,0.0
1280344,0.0,0.0,0.0,0.0,0.0,2.0,0.0
1280844,0.0,0.0,0.0,0.0,0.0,0.0,0.0
1280869,0.0,0.0,0.0,0.0,1.0,0.0,0.0
1281256,0.0,0.0,0.0,0.0,1.0,1.0,0.0
1281756,0.0,0.0,0.0,0.0,1.0,0.0,0.0
1281869,0.0,0.0,0.0,0.0,0.0,0.0,0.0
1282355,0.0,0.0,0.0,0.0,0.0,1.0,0.0
1282855,0.0,0.0,0.0,0.0,0.0,0.0,0.0
1283110,0.0,0.0,0.0,0.0,0.0,1.0,0.0
1283137,0.0,0.0,0.0,0.0,1.0,1.0,0.0
1283610,0.0,0.0,0.0,0.0,1.0,0.0,0.0
1283637,0.0,0.0,0.0,0.0,0.0,0.0,0.0
1283670,0.0,0.0,0.0,0.0,0.0,1.0,0.0
1283690,0.0,0.0,0.0,0.0,0.0,2.0,0.0
1284190,0.0,0.0,0.0,0.0,0.0,0.0,0.0
1284397,0.0,0.0,0.0,0.0,0.0,1.0,0.0
1284897,0.0,0.0,0.0,0.0,0.0,0.0,0.0
1285143,0.0,0.0,0.0,0.0,0.0,1.0,0.0
1285643,0.0,0.0,0.0,0.0,0.0,0.0,0.0
1285808,0.0,0.0,0.0,0.0,0.0,1.0,0.0
1286308,0.0,0.0,0.0,0.0,0.0,0.0,0.0
1286319,0.0,0.0,0.0,0.0,0.0,1.0,0.0
1286819,0.0,0.0,0.0,0.0,0.0,0.0,0.0
1287264,0.0,0.0,0.0,0.0,0.0,1.0,0.0
1287266,0.0,0.0,0.0,0.0,0.0,2.0,0.0
1287766,0.0,0.0,0.0,0.0,0.0,0.0,0.0
1288477,0.0,0.0,0.0,0.0,0.0,1.0,0.0
1288977,0.0,0.0,0.0,0.0,0.0,0.0,0.0
1289689,0.0,0.0,0.0,0.0,0.0,1.0,0.0
1290189,0.0,0.0,0.0,0.0,0.0,0.0,0.0
1290239,0.0,0.0,0.0,0.0,0.0,1.0,0.0
1290314,0.0,0.0,0.0,0.0,0.0,2.0,0.0
1290814,0.0,0.0,0.0,0.0,0.0,0.0,0.0
1290874,0.0,0.0,0.0,0.0,0.0,1.0,0.0
1291374,0.0,0.0,0.0,0.0,0.0,0.0,0.0
1291461,0.0,0.0,0.0,0.0,0.0,1.0,0.0
1291961,0.0,0.0,0.0,0.0,0.0,0.0,0.0
1292427,0.0,0.0,0.0,0.0,0.0,1.0,0.0
1292489,0.0,0.0,0.0,0.0,0.0,2.0,0.0
1292989,0.0,0.0,0.0,0.0,0.0,0.0,0.0
1293793,0.0,0.0,0.0,0.0,0.0,1.0,0.0
1294293,0.0,0.0,0.0,0.0,0.0,0.0,0.0
1294424,0.0,0.0,0.0,0.0,0.0,1.0,0.0
1294924,0.0,0.0,0.0,0.0,0.0,0.0,0.0
1294964,0.0,0.0,0.0,0.0,0.0,1.0,0.0
1295464,0.0,0.0,0.0,0.0,0.0,0.0,0.0
1295495,0.0,0.0,0.0,0.0,0.0,1.0,0.0
1295577,0.0,0.0,0.0,0.0,1.0,1.0,0.0
1295995,0.0,0.0,0.0,0.0,1.0,0.0,0.0
1296077,0.0,0.0,0.0,0.0,0.0,0.0,0.0
1296172,0.0,0.0,0.0,0.0,0.0,1.0,0.0
1296628,0.0,0.0,0.0,0.0,0.0,2.0,0.0
1297128,0.0,0.0,0.0,0.0,0.0,0.0,0.0
1298130,0.0,0.0,0.0,0.0,0.0,1.0,0.0
1298630,0.0,0.0,0.0,0.0,0.0,0.0,0.0
1299559,0.0,0.0,0.0,0.0,0.0,1.0,0.0
1299570,0.0,0.0,0.0,0.0,0.0,2.0,0.0
1300070,0.0,0.0,0.0,0.0,0.0,0.0,0.0
1300931,0.0,0.0,0.0,0.0,0.0,1.0,0.0
1301431,0.0,0.0,0.0,0.0,0.0,0.0,0.0
1301692,0.0,0.0,0.0,0.0,0.0,1.0,0.0
1302192,0.0,0.0,0.0,0.0,0.0,0.0,0.0
1302517,0.0,0.0,0.0,0.0,0.0,1.0,0.0
1302519,0.0,0.0,0.0,0.0,0.0,2.0,0.0
1303019,0.0,0.0,0.0,0.0,0.0,0.0,0.0
1303184,0.0,0.0,0.0,0.0,0.0,1.0,0.0
1303684,0.0,0.0,0.0,0.0,0.0,0.0,0.0
1303690,0.0,0.0,0.0,0.0,0.0,1.0,0.0
1303719,0.0,0.0,0.0,0.0,0.0,2.0,0.0
1304219,0.0,0.0,0.0,0.0,0.0,0.0,0.0
1304606,0.0,0.0,0.0,0.0,0.0,1.0,0.0
1304797,0.0,0.0,0.0,0.0,0.0,2.0,0.0
1305297,0.0,0.0,0.0,0.0,0.0,0.0,0.0
1305392,0.0,0.0,0.0,0.0,0.0,1.0,0.0
1305393,0.0,2.0,0.0,0.0,0.0,1.0,0.0
1305892,0.0,2.0,0.0,0.0,0.0,0.0,0.0
1305893,0.0,0.0,0.0,0.0,0.0,0.0,0.0
1308182,0.0,0.0,0.0,0.0,0.0,1.0,0.0
1308682,0.0,0.0,0.0,0.0,0.0,0.0,0.0
1309439,0.0,0.0,0.0,0.0,0.0,1.0,0.0
1309441,0.0,0.0,0.0,0.0,0.0,2.0,0.0
1309941,0.0,0.0,0.0,0.0,0.0,0.0,0.0
1310962,0.0,0.0,0.0,0.0,0.0,1.0,0.0
1311462,0.0,0.0,0.0,0.0,0.0,0.0,0.0
1311519,0.0,0.0,0.0,0.0,0.0,1.0,0.0
1312019,0.0,0.0,0.0,0.0,0.0,0.0,0.0
1312092,0.0,0.0,0.0,0.0,0.0,1.0,0.0
1312592,0.0,0.0,0.0,0.0,0.0,0.0,0.0
1314098,0.0,0.0,0.0,0.0,0.0,1.0,0.0
1314101,0.0,0.0,0.0,0.0,0.0,2.0,0.0
1314601,0.0,0.0,0.0,0.0,0.0,0.0,0.0
1314896,0.0,0.0,0.0,0.0,0.0,1.0,0.0
1315396,0.0,0.0,0.0,0.0,0.0,0.0,0.0
1316309,0.0,0.0,0.0,0.0,0.0,1.0,0.0
1316809,0.0,0.0,0.0,0.0,0.0,0.0,0.0
1318203,0.0,0.0,0.0,0.0,0.0,1.0,0.0
1318703,0.0,0.0,0.0,0.0,0.0,0.0,0.0
1322087,0.0,0.0,0.0,0.0,0.0,1.0,0.0
1322092,0.0,0.0,0.0,0.0,0.0,2.0,0.0
1322592,0.0,0.0,0.0,0.0,0.0,0.0,0.0
1327976,0.0,0.0,0.0,0.0,0.0,1.0,0.0
1328476,0.0,0.0,0.0,0.0,0.0,0.0,0.0
1328884,0.0,0.0,0.0,0.0,0.0,1.0,0.0
1329384,0.0,0.0,0.0,0.0,0.0,0.0,0.0
1332192,0.0,0.0,0.0,0.0,0.0,1.0,0.0
1332208,0.0,0.0,0.0,0.0,0.0,2.0,0.0
1332708,0.0,0.0,0.0,0.0,0.0,0.0,0.0
1335030,0.0,0.0,0.0,0.0,0.0,1.0,0.0
1335530,0.0,0.0,0.0,0.0,0.0,0.0,0.0
1337836,0.0,0.0,0.0,0.0,0.0,1.0,0.0
1338336,0.0,0.0,0.0,0.0,0.0,0.0,0.0
1339263,0.0,0.0,0.0,0.0,0.0,1.0,0.0
1339763,0.0,0.0,0.0,0.0,0.0,0.0,0.0
1342207,0.0,0.0,0.0,0.0,0.0,1.0,0.0
1342707,0.0,0.0,0.0,0.0,0.0,0.0,0.0
1344140,0.0,0.0,0.0,0.0,0.0,1.0,0.0
1344638,0.0,0.0,0.0,0.0,1.0,1.0,0.0
1344640,0.0,0.0,0.0,0.0,1.0,0.0,0.0
1344907,0.0,0.0,0.0,0.0,1.0,1.0,0.0
1345058,0.0,0.0,0.0,0.0,1.0,2.0,0.0
1345138,0.0,0.0,0.0,0.0,0.0,2.0,0.0
1345558,0.0,0.0,0.0,0.0,0.0,0.0,0.0
1347330,0.0,0.0,0.0,0.0,0.0,1.0,0.0
1347830,0.0,0.0,0.0,0.0,0.0,0.0,0.0
1350010,0.0,0.0,0.0,0.0,0.0,1.0,0.0
1350510,0.0,0.0,0.0,0.0,0.0,0.0,0.0
1352794,0.0,0.0,0.0,0.0,0.0,1.0,0.0
1353294,0.0,0.0,0.0,0.0,0.0,0.0,0.0
1356738,0.0,0.0,0.0,0.0,0.0,1.0,0.0
1357238,0.0,0.0,0.0,0.0,0.0,0.0,0.0
1359317,0.0,0.0,0.0,0.0,0.0,1.0,0.0
1359817,0.0,0.0,0.0,0.0,0.0,0.0,0.0
1360533,0.0,0.0,0.0,0.0,0.0,1.0,0.0
1361033,0.0,0.0,0.0,0.0,0.0,0.0,0.0
1362507,0.0,0.0,0.0,0.0,0.0,1.0,0.0
1363007,0.0,0.0,0.0,0.0,0.0,0.0,0.0
1364621,0.0,0.0,0.0,0.0,0.0,1.0,0.0
1365121,0.0,0.0,0.0,0.0,0.0,0.0,0.0
1365224,0.0,0.0,0.0,0.0,0.0,1.0,0.0
1365225,0.0,0.0,0.0,0.0,0.0,2.0,0.0
1365725,0.0,0.0,0.0,0.0,0.0,0.0,0.0
1366692,0.0,0.0,0.0,0.0,0.0,1.0,0.0
1367192,0.0,0.0,0.0,0.0,0.0,0.0,0.0
1368382,0.0,0.0,0.0,0.0,0.0,1.0,0.0
1368882,0.0,0.0,0.0,0.0,0.0,0.0,0.0
1369242,0.0,0.0,0.0,0.0,0.0,1.0,0.0
1369742,0.0,0.0,0.0,0.0,0.0,0.0,0.0
1370173,0.0,0.0,0.0,0.0,0.0,1.0,0.0
1370673,0.0,0.0,0.0,0.0,0.0,0.0,0.0
1370677,0.0,0.0,0.0,0.0,0.0,1.0,0.0
1370829,0.0,0.0,0.0,0.0,0.0,2.0,0.0
1371329,0.0,0.0,0.0,0.0,0.0,0.0,0.0
1374168,0.0,0.0,0.0,0.0,0.0,1.0,0.0
1374668,0.0,0.0,0.0,0.0,0.0,0.0,0.0
1375050,0.0,0.0,0.0,0.0,0.0,1.0,0.0
1375051,0.0,0.0,0.0,0.0,0.0,2.0,0.0
1375551,0.0,0.0,0.0,0.0,0.0,0.0,0.0
1376267,0.0,0.0,0.0,0.0,0.0,1.0,0.0
1376767,0.0,0.0,0.0,0.0,0.0,0.0,0.0
1379064,0.0,0.0,0.0,0.0,0.0,1.0,0.0
1379564,0.0,0.0,0.0,0.0,0.0,0.0,0.0
1379921,0.0,0.0,0.0,0.0,0.0,1.0,0.0
1380421,0.0,0.0,0.0,0.0,0.0,0.0,0.0
1381399,0.0,0.0,0.0,0.0,0.0,1.0,0.0
1381899,0.0,0.0,0.0,0.0,0.0,0.0,0.0
1382210,0.0,0.0,0.0,0.0,0.0,1.0,0.0
1382212,0.0,0.0,0.0,0.0,0.0,2.0,0.0
1382712,0.0,0.0,0.0,0.0,0.0,0.0,0.0
1382930,0.0,0.0,0.0,0.0,0.0,1.0,0.0
1382932,0.0,0.0,0.0,0.0,0.0,2.0,0.0
1383432,0.0,0.0,0.0,0.0,0.0,0.0,0.0
1387208,0.0,0.0,0.0,0.0,0.0,1.0,0.0
1387708,0.0,0.0,0.0,0.0,0.0,0.0,0.0
1387874,0.0,0.0,0.0,0.0,0.0,1.0,0.0
1388361,0.0,0.0,0.0,0.0,0.0,2.0,0.0
1388861,0.0,0.0,0.0,0.0,0.0,0.0,0.0
1389627,0.0,0.0,0.0,0.0,0.0,1.0,0.0
1390127,0.0,0.0,0.0,0.0,0.0,0.0,0.0
1391180,0.0,0.0,0.0,0.0,0.0,1.0,0.0
1391680,0.0,0.0,0.0,0.0,0.0,0.0,0.0
1395953,0.0,0.0,0.0,0.0,0.0,1.0,0.0
1396453,0.0,0.0,0.0,0.0,0.0,0.0,0.0
1400279,0.0,0.0,0.0,0.0,0.0,1.0,0.0
1400779,0.0,0.0,0.0,0.0,0.0,0.0,0.0
1402340,0.0,0.0,0.0,0.0,1.0,0.0,0.0
1402796,0.0,0.0,0.0,0.0,1.0,1.0,0.0
1402840,0.0,0.0,0.0,0.0,0.0,1.0,0.0
1403296,0.0,0.0,0.0,0.0,0.0,0.0,0.0
1408136,0.0,0.0,0.0,0.0,0.0,1.0,0.0
1408636,0.0,0.0,0.0,0.0,0.0,0.0,0.0
1409312,0.0,0.0,0.0,0.0,0.0,1.0,0.0
1409812,0.0,0.0,0.0,0.0,0.0,0.0,0.0
1410969,0.0,0.0,0.0,0.0,0.0,1.0,0.0
1411469,0.0,0.0,0.0,0.0,0.0,0.0,0.0
1412050,0.0,0.0,0.0,0.0,0.0,1.0,0.0
1412550,0.0,0.0,0.0,0.0,0.0,0.0,0.0
1413000,0.0,0.0,0.0,0.0,0.0,0.0,1.0
1413417,0.0,0.0,0.0,0.0,0.0,1.0,1.0
1413500,0.0,0.0,0.0,0.0,0.0,1.0,0.0
1413575,0.0,0.0,0.0,0.0,1.0,1.0,0.0
1413641,0.0,0.0,0.0,0.0,2.0,1.0,0.0
1413759,2.0,0.0,0.0,0.0,2.0,1.0,0.0
1413910,2.0,2.0,0.0,0.0,2.0,1.0,0.0
1413917,2.0,2.0,0.0,0.0,2.0,0.0,0.0
1413946,2.0,2.0,0.0,0.0,2.0,1.0,0.0
1413978,2.0,2.0,0.0,0.0,2.0,2.0,0.0
1414141,2.0,2.0,0.0,0.0,0.0,2.0,0.0
1414259,0.0,2.0,0.0,0.0,0.0,2.0,0.0
1414410,0.0,0.0,0.0,0.0,0.0,2.0,0.0
1414478,0.0,0.0,0.0,0.0,0.0,0.0,0.0
1415530,0.0,0.0,0.0,0.0,0.0,1.0,0.0
1416030,0.0,0.0,0.0,0.0,0.0,0.0,0.0
1416055,0.0,0.0,0.0,0.0,0.0,1.0,0.0
1416555,0.0,0.0,0.0,0.0,0.0,0.0,0.0
1416781,0.0,0.0,1.0,0.0,0.0,0.0,0.0
1417046,0.0,0.0,1.0,0.0,0.0,1.0,0.0
1417546,0.0,0.0,1.0,0.0,0.0,0.0,0.0
1419068,0.0,0.0,1.0,0.0,0.0,1.0,0.0
1419078,0.0,0.0,1.0,0.0,0.0,2.0,0.0
1419578,0.0,0.0,1.0,0.0,0.0,0.0,0.0
1419644,0.0,0.0,2.0,0.0,0.0,0.0,0.0
1419855,0.0,0.0,2.0,0.0,0.0,1.0,0.0
1420144,0.0,0.0,1.0,0.0,0.0,1.0,0.0
1420355,0.0,0.0,1.0,0.0,0.0,0.0,0.0
1420429,0.0,0.0,1.0,0.0,0.0,1.0,0.0
1420431,0.0,0.0,1.0,0.0,0.0,2.0,0.0
1420931,0.0,0.0,1.0,0.0,0.0,0.0,0.0
1421119,0.0,0.0,1.0,0.0,0.0,1.0,0.0
1421619,0.0,0.0,1.0,0.0,0.0,0.0,0.0
1421969,0.0,0.0,1.0,0.0,0.0,1.0,0.0
1422162,0.0,0.0,1.0,0.0,0.0,2.0,0.0
1422662,0.0,0.0,1.0,0.0,0.0,0.0,0.0
1423262,0.0,0.0,1.0,0.0,0.0,1.0,0.0
1423762,0.0,0.0,1.0,0.0,0.0,0.0,0.0
1423836,0.0,0.0,1.0,0.0,0.0,1.0,0.0
1423838,0.0,0.0,1.0,0.0,0.0,2.0,0.0
1424338,0.0,0.0,1.0,0.0,0.0,0.0,0.0
1424459,0.0,0.0,1.0,0.0,0.0,1.0,0.0
1424959,0.0,0.0,1.0,0.0,0.0,0.0,0.0
1425340,0.0,0.0,1.0,0.0,0.0,1.0,0.0
1425551,0.0,2.0,1.0,0.0,0.0,1.0,0.0
1425840,0.0,2.0,1.0,0.0,0.0,0.0,0.0
1425921,0.0,2.0,1.0,0.0,0.0,1.0,0.0
1426051,0.0,0.0,1.0,0.0,0.0,1.0,0.0
1426186,0.0,0.0,1.0,0.0,0.0,2.0,0.0
1426686,0.0,0.0,1.0,0.0,0.0,0.0,0.0
1426819,0.0,0.0,1.0,0.0,0.0,1.0,0.0
1427319,0.0,0.0,1.0,0.0,0.0,0.0,0.0
1427846,0.0,0.0,1.0,0.0,0.0,1.0,0.0
1428346,0.0,0.0,1.0,0.0,0.0,0.0,0.0
1428957,0.0,0.0,1.0,0.0,0.0,1.0,0.0
1428962,0.0,0.0,1.0,0.0,0.0,2.0,0.0
1429462,0.0,0.0,1.0,0.0,0.0,0.0,0.0
1430792,0.0,0.0,1.0,0.0,0.0,1.0,0.0
1431067,0.0,0.0,1.0,0.0,0.0,2.0,0.0
1431567,0.0,0.0,1.0,0.0,0.0,0.0,0.0
1432571,0.0,0.0,1.0,0.0,0.0,1.0,0.0
1433000,0.0,0.0,1.0,0.0,0.0,2.0,0.0
1433500,0.0,0.0,1.0,0.0,0.0,0.0,0.0
1433878,0.0,0.0,1.0,0.0,0.0,1.0,0.0
1433882,0.0,0.0,1.0,0.0,0.0,2.0,0.0
1434382,0.0,0.0,1.0,0.0,0.0,0.0,0.0
1434429,0.0,0.0,1.0,0.0,0.0,1.0,0.0
1434916,0.0,0.0,1.0,0.0,0.0,2.0,0.0
1435416,0.0,0.0,1.0,0.0,0.0,0.0,0.0
1436306,0.0,0.0,1.0,0.0,0.0,1.0,0.0
1436806,0.0,0.0,1.0,0.0,0.0,0.0,0.0
1436981,0.0,0.0,1.0,0.0,0.0,1.0,0.0
1437084,0.0,0.0,1.0,0.0,0.0,2.0,0.0
1437584,0.0,0.0,1.0,0.0,0.0,0.0,0.0
1438651,0.0,0.0,1.0,0.0,0.0,1.0,0.0
1439151,0.0,0.0,1.0,0.0,0.0,0.0,0.0
1439458,0.0,0.0,1.0,0.0,0.0,1.0,0.0
1439462,0.0,0.0,1.0,0.0,0.0,2.0,0.0
1439962,0.0,0.0,1.0,0.0,0.0,0.0,0.0
1440727,0.0,0.0,1.0,0.0,0.0,1.0,0.0
1441227,0.0,0.0,1.0,0.0,0.0,0.0,0.0
1442287,0.0,0.0,1.0,0.0,0.0,1.0,0.0
1442787,0.0,0.0,1.0,0.0,0.0,0.0,0.0
1444260,0.0,0.0,1.0,0.0,0.0,1.0,0.0
1444760,0.0,0.0,1.0,0.0,0.0,0.0,0.0
1445322,0.0,0.0,1.0,0.0,0.0,1.0,0.0
1445822,0.0,0.0,1.0,0.0,0.0,0.0,0.0
1446010,0.0,0.0,1.0,0.0,0.0,1.0,0.0
1446013,0.0,0.0,1.0,0.0,0.0,2.0,0.0
1446513,0.0,0.0,1.0,0.0,0.0,0.0,0.0
1446588,0.0,0.0,1.0,0.0,0.0,1.0,0.0
1447088,0.0,0.0,1.0,0.0,0.0,0.0,0.0
1447547,0.0,0.0,1.0,0.0,1.0,0.0,0.0
1448047,0.0,0.0,1.0,0.0,0.0,0.0,0.0
1448159,0.0,0.0,1.0,0.0,0.0,1.0,0.0
1448659,0.0,0.0,1.0,0.0,0.0,0.0,0.0
1449157,0.0,0.0,1.0,0.0,0.0,1.0,0.0
1449657,0.0,0.0,1.0,0.0,0.0,0.0,0.0
1452437,0.0,0.0,1.0,0.0,0.0,1.0,0.0
1452937,0.0,0.0,1.0,0.0,0.0,0.0,0.0
1452948,0.0,0.0,1.0,0.0,0.0,1.0,0.0
1453448,0.0,0.0,1.0,0.0,0.0,0.0,0.0
1453481,0.0,0.0,1.0,0.0,0.0,1.0,0.0
1453771,0.0,0.0,1.0,0.0,0.0,2.0,0.0
1454271,0.0,0.0,1.0,0.0,0.0,0.0,0.0
1455337,0.0,0.0,1.0,0.0,0.0,1.0,0.0
1455443,0.0,0.0,1.0,0.0,0.0,2.0,0.0
1455943,0.0,0.0,1.0,0.0,0.0,1.0,0.0
1456039,0.0,0.0,1.0,0.0,0.0,2.0,0.0
1456044,0.0,0.0,1.0,0.0,1.0,2.0,0.0
1456539,0.0,0.0,1.0,0.0,1.0,0.0,0.0
1456544,0.0,0.0,1.0,0.0,0.0,0.0,0.0
1456668,0.0,0.0,1.0,0.0,0.0,1.0,0.0
1457168,0.0,0.0,1.0,0.0,0.0,0.0,0.0
1457185,0.0,0.0,1.0,0.0,0.0,1.0,0.0
1457685,0.0,0.0,1.0,0.0,0.0,0.0,0.0
1458269,0.0,0.0,1.0,0.0,0.0,1.0,0.0
1458272,0.0,0.0,1.0,0.0,0.0,2.0,0.0
1458772,0.0,0.0,1.0,0.0,0.0,0.0,0.0
1458779,0.0,0.0,1.0,0.0,0.0,1.0,0.0
1458781,0.0,0.0,1.0,0.0,0.0,2.0,0.0
1459281,0.0,0.0,1.0,0.0,0.0,0.0,0.0
1459345,0.0,0.0,1.0,0.0,0.0,1.0,0.0
1459361,0.0,0.0,1.0,0.0,0.0,2.0,0.0
1459861,0.0,0.0,1.0,0.0,0.0,0.0,0.0
1460045,0.0,0.0,1.0,0.0,0.0,1.0,0.0
1460140,0.0,2.0,1.0,0.0,0.0,1.0,0.0
1460545,0.0,2.0,1.0,0.0,0.0,0.0,0.0
1460640,0.0,0.0,1.0,0.0,0.0,0.0,0.0
1461029,0.0,0.0,1.0,0.0,0.0,1.0,0.0
1461285,0.0,0.0,1.0,0.0,0.0,2.0,0.0
1461785,0.0,0.0,1.0,0.0,0.0,0.0,0.0
1461855,0.0,0.0,1.0,0.0,0.0,1.0,0.0
1462355,0.0,0.0,1.0,0.0,0.0,0.0,0.0
1462427,0.0,0.0,1.0,0.0,0.0,1.0,0.0
1462927,0.0,0.0,1.0,0.0,0.0,0.0,0.0
1463801,0.0,0.0,1.0,0.0,0.0,1.0,0.0
1463807,0.0,0.0,1.0,0.0,0.0,2.0,0.0
1464307,0.0,0.0,1.0,0.0,0.0,0.0,0.0
1464517,0.0,0.0,1.0,0.0,0.0,1.0,0.0
1465017,0.0,0.0,1.0,0.0,0.0,0.0,0.0
1465200,0.0,0.0,1.0,0.0,0.0,1.0,0.0
1465700,0.0,0.0,1.0,0.0,0.0,0.0,0.0
1466009,0.0,0.0,1.0,0.0,0.0,1.0,0.0
1466509,0.0,0.0,1.0,0.0,0.0,0.0,0.0
1466548,0.0,0.0,1.0,0.0,0.0,1.0,0.0
1467048,0.0,0.0,1.0,0.0,0.0,0.0,0.0
1467688,0.0,0.0,1.0,0.0,0.0,1.0,0.0
1468188,0.0,0.0,1.0,0.0,0.0,0.0,0.0
1468551,0.0,0.0,1.0,0.0,0.0,1.0,0.0
1468746,0.0,0.0,1.0,0.0,0.0,2.0,0.0
1469246,0.0,0.0,1.0,0.0,0.0,0.0,0.0
1469623,0.0,0.0,1.0,0.0,0.0,1.0,0.0
1470123,0.0,0.0,1.0,0.0,0.0,0.0,0.0
1470596,0.0,0.0,1.0,0.0,0.0,1.0,0.0
1471096,0.0,0.0,1.0,0.0,0.0,0.0,0.0
1472647,0.0,0.0,1.0,0.0,0.0,1.0,0.0
1473147,0.0,0.0,1.0,0.0,0.0,0.0,0.0
1473180,0.0,0.0,1.0,0.0,0.0,1.0,0.0
1473194,0.0,0.0,1.0,0.0,0.0,2.0,0.0
1473694,0.0,0.0,1.0,0.0,0.0,0.0,0.0
1473815,0.0,0.0,1.0,0.0,0.0,1.0,0.0
1474315,0.0,0.0,1.0,0.0,0.0,0.0,0.0
1474662,0.0,0.0,1.0,0.0,0.0,1.0,0.0
1475162,0.0,0.0,1.0,0.0,0.0,0.0,0.0
1475409,0.0,0.0,1.0,0.0,0.0,1.0,0.0
1475909,0.0,0.0,1.0,0.0,0.0,0.0,0.0
1476719,0.0,0.0,1.0,0.0,0.0,1.0,0.0
1477219,0.0,0.0,1.0,0.0,0.0,0.0,0.0
1477305,0.0,0.0,1.0,0.0,0.0,1.0,0.0
1477343,0.0,0.0,1.0,0.0,0.0,2.0,0.0
1477843,0.0,0.0,1.0,0.0,0.0,0.0,0.0
1478302,0.0,2.0,1.0,0.0,0.0,0.0,0.0
1478802,0.0,0.0,1.0,0.0,0.0,0.0,0.0
1479743,0.0,0.0,1.0,0.0,0.0,1.0,0.0
1479747,0.0,0.0,1.0,0.0,0.0,2.0,0.0
1480247,0.0,0.0,1.0,0.0,0.0,0.0,0.0
1481055,0.0,0.0,1.0,0.0,0.0,1.0,0.0
1481555,0.0,0.0,1.0,0.0,0.0,0.0,0.0
1481569,0.0,0.0,1.0,0.0,0.0,1.0,0.0
1482069,0.0,0.0,1.0,0.0,0.0,0.0,0.0
1482563,0.0,0.0,1.0,0.0,0.0,1.0,0.0
1483063,0.0,0.0,1.0,0.0,0.0,0.0,0.0
1483349,0.0,0.0,1.0,0.0,0.0,1.0,0.0
1483849,0.0,0.0,1.0,0.0,0.0,0.0,0.0
1484310,0.0,0.0,1.0,0.0,0.0,1.0,0.0
1484810,0.0,0.0,1.0,0.0,0.0,0.0,0.0
1485018,0.0,0.0,1.0,0.0,0.0,1.0,0.0
1485518,0.0,0.0,1.0,0.0,0.0,0.0,0.0
1485523,0.0,0.0,1.0,0.0,0.0,1.0,0.0
1486023,0.0,0.0,1.0,0.0,0.0,0.0,0.0
1486650,0.0,0.0,1.0,0.0,0.0,1.0,0.0
1487150,0.0,0.0,1.0,0.0,0.0,0.0,0.0
1487268,0.0,0.0,1.0,0.0,0.0,1.0,0.0
1487275,0.0,0.0,1.0,0.0,0.0,2.0,0.0
1487775,0.0,0.0,1.0,0.0,0.0,0.0,0.0
1489368,0.0,0.0,1.0,0.0,0.0,1.0,0.0
1489868,0.0,0.0,1.0,0.0,0.0,0.0,0.0
1489923,0.0,0.0,1.0,0.0,0.0,1.0,0.0
1490423,0.0,0.0,1.0,0.0,0.0,0.0,0.0
1490638,0.0,0.0,1.0,0.0,0.0,1.0,0.0
1490712,0.0,0.0,1.0,0.0,0.0,2.0,0.0
1491212,0.0,0.0,1.0,0.0,0.0,0.0,0.0
1491729,0.0,2.0,1.0,0.0,0.0,0.0,0.0
1491987,0.0,2.0,1.0,0.0,0.0,1.0,0.0
1492229,0.0,0.0,1.0,0.0,0.0,1.0,0.0
1492487,0.0,0.0,1.0,0.0,0.0,0.0,0.0
1492697,0.0,0.0,1.0,0.0,0.0,1.0,0.0
1493197,0.0,0.0,1.0,0.0,0.0,0.0,0.0
1493273,0.0,0.0,1.0,0.0,0.0,1.0,0.0
1493697,0.0,0.0,1.0,0.0,0.0,2.0,0.0
1494197,0.0,0.0,1.0,0.0,0.0,0.0,0.0
1494346,0.0,0.0,1.0,0.0,0.0,1.0,0.0
1494378,0.0,0.0,1.0,0.0,0.0,2.0,0.0
1494878,0.0,0.0,1.0,0.0,0.0,0.0,0.0
1495683,0.0,0.0,1.0,0.0,0.0,1.0,0.0
1496183,0.0,0.0,1.0,0.0,0.0,0.0,0.0
1497827,0.0,0.0,1.0,0.0,0.0,1.0,0.0
1498327,0.0,0.0,1.0,0.0,0.0,0.0,0.0
1498853,0.0,0.0,1.0,0.0,0.0,1.0,0.0
1499353,0.0,0.0,1.0,0.0,0.0,0.0,0.0
1499919,0.0,0.0,1.0,0.0,0.0,1.0,0.0
1500419,0.0,0.0,1.0,0.0,0.0,0.0,0.0
1501004,0.0,0.0,1.0,0.0,1.0,0.0,0.0
1501248,0.0,0.0,1.0,0.0,1.0,1.0,0.0
1501504,0.0,0.0,1.0,0.0,0.0,1.0,0.0
1501554,0.0,0.0,1.0,0.0,0.0,2.0,0.0
1502054,0.0,0.0,1.0,0.0,0.0,0.0,0.0
1502463,0.0,2.0,1.0,0.0,0.0,0.0,0.0
1502464,0.0,2.0,1.0,0.0,0.0,1.0,0.0
1502963,0.0,0.0,1.0,0.0,0.0,1.0,0.0
1502964,0.0,0.0,1.0,0.0,0.0,0.0,0.0
1504367,0.0,0.0,1.0,0.0,0.0,1.0,0.0
1504867,0.0,0.0,1.0,0.0,0.0,0.0,0.0
1505375,0.0,0.0,1.0,0.0,0.0,1.0,0.0
1505875,0.0,0.0,1.0,0.0,0.0,0.0,0.0
1505895,0.0,0.0,1.0,0.0,0.0,1.0,0.0
1506395,0.0,0.0,1.0,0.0,0.0,0.0,0.0
1506619,0.0,0.0,1.0,0.0,0.0,1.0,0.0
1507119,0.0,0.0,1.0,0.0,0.0,0.0,0.0
1507335,0.0,0.0,1.0,0.0,0.0,1.0,0.0
1507835,0.0,0.0,1.0,0.0,0.0,0.0,0.0
1508243,0.0,0.0,1.0,0.0,0.0,1.0,0.0
1508743,0.0,0.0,1.0,0.0,0.0,0.0,0.0
1508807,0.0,0.0,1.0,0.0,0.0,1.0,0.0
1508812,0.0,0.0,1.0,0.0,0.0,2.0,0.0
1509312,0.0,0.0,1.0,0.0,0.0,0.0,0.0
1510726,0.0,0.0,1.0,0.0,0.0,1.0,0.0
1511226,0.0,0.0,1.0,0.0,0.0,0.0,0.0
1511864,0.0,0.0,1.0,0.0,0.0,1.0,0.0
1511875,0.0,0.0,1.0,0.0,0.0,2.0,0.0
1512375,0.0,0.0,1.0,0.0,0.0,0.0,0.0
1512725,0.0,0.0,1.0,0.0,0.0,1.0,0.0
1512732,0.0,0.0,1.0,0.0,0.0,2.0,0.0
1513232,0.0,0.0,1.0,0.0,0.0,0.0,0.0
1514002,0.0,0.0,1.0,0.0,0.0,1.0,0.0
1514502,0.0,0.0,1.0,0.0,0.0,0.0,0.0
1518785,0.0,0.0,1.0,0.0,0.0,1.0,0.0
1519285,0.0,0.0,1.0,0.0,0.0,0.0,0.0
1520438,0.0,0.0,1.0,0.0,0.0,1.0,0.0
1520938,0.0,0.0,1.0,0.0,0.0,0.0,0.0
1523644,0.0,0.0,0.0,0.0,0.0,0.0,0.0
1525071,0.0,0.0,0.0,0.0,0.0,1.0,0.0
1525073,0.0,0.0,0.0,0.0,0.0,2.0,0.0
1525573,0.0,0.0,0.0,0.0,0.0,0.0,0.0
1526868,0.0,0.0,0.0,0.0,0.0,1.0,0.0
1527368,0.0,0.0,0.0,0.0,0.0,0.0,0.0
1527922,0.0,0.0,0.0,0.0,0.0,1.0,0.0
1528422,0.0,0.0,0.0,0.0,0.0,0.0,0.0
1533677,0.0,0.0,0.0,0.0,0.0,1.0,0.0
1534177,0.0,0.0,0.0,0.0,0.0,0.0,0.0
1537407,0.0,0.0,0.0,0.0,0.0,1.0,0.0
1537907,0.0,0.0,0.0,0.0,0.0,0.0,0.0
1542291,0.0,0.0,0.0,0.0,0.0,1.0,0.0
1542791,0.0,0.0,0.0,0.0,0.0,0.0,0.0
1546074,0.0,0.0,0.0,0.0,0.0,1.0,0.0
1546574,0.0,0.0,0.0,0.0,0.0,0.0,0.0
1551059,0.0,0.0,0.0,0.0,0.0,1.0,0.0
1551559,0.0,0.0,0.0,0.0,0.0,0.0,0.0
1551692,0.0,0.0,0.0,0.0,0.0,1.0,0.0
1551696,0.0,0.0,0.0,0.0,0.0,2.0,0.0
1552196,0.0,0.0,0.0,0.0,0.0,0.0,0.0
1556739,0.0,0.0,0.0,0.0,0.0,1.0,0.0
1557239,0.0,0.0,0.0,0.0,0.0,0.0,0.0
1557244,0.0,0.0,0.0,0.0,0.0,1.0,0.0
1557744,0.0,0.0,0.0,0.0,0.0,0.0,0.0
1564782,0.0,0.0,0.0,0.0,0.0,1.0,0.0
1565282,0.0,0.0,0.0,0.0,0.0,0.0,0.0
1567164,0.0,0.0,0.0,0.0,0.0,1.0,0.0
1567664,0.0,0.0,0.0,0.0,0.0,0.0,0.0
1570187,0.0,0.0,0.0,0.0,0.0,1.0,0.0
1570687,0.0,0.0,0.0,0.0,0.0,0.0,0.0
1576062,0.0,0.0,0.0,0.0,0.0,1.0,0.0
1576562,0.0,0.0,0.0,0.0,0.0,0.0,0.0
1578652,0.0,0.0,0.0,0.0,0.0,1.0,0.0
1579152,0.0,0.0,0.0,0.0,0.0,0.0,0.0
1579877,0.0,0.0,0.0,0.0,0.0,1.0,0.0
1579878,0.0,0.0,0.0,0.0,0.0,2.0,0.0
1580378,0.0,0.0,0.0,0.0,0.0,0.0,0.0
1583364,0.0,0.0,0.0,0.0,0.0,1.0,0.0
1583864,0.0,0.0,0.0,0.0,0.0,0.0,0.0
1584548,0.0,0.0,0.0,0.0,0.0,1.0,0.0
1585048,0.0,0.0,0.0,0.0,0.0,0.0,0.0
1585481,0.0,0.0,0.0,0.0,0.0,1.0,0.0
1585981,0.0,0.0,0.0,0.0,0.0,0.0,0.0
1586813,0.0,0.0,0.0,0.0,0.0,1.0,0.0
1587313,0.0,0.0,0.0,0.0,0.0,0.0,0.0
1589335,0.0,0.0,0.0,0.0,0.0,1.0,0.0
1589835,0.0,0.0,0.0,0.0,0.0,0.0,0.0
1592842,0.0,0.0,0.0,0.0,0.0,1.0,0.0
1592844,0.0,0.0,0.0,0.0,0.0,2.0,0.0
1593344,0.0,0.0,0.0,0.0,0.0,0.0,0.0
1593729,0.0,0.0,0.0,0.0,0.0,1.0,0.0
1594229,0.0,0.0,0.0,0.0,0.0,0.0,0.0
1594566,0.0,0.0,0.0,0.0,0.0,1.0,0.0
1595066,0.0,0.0,0.0,0.0,0.0,0.0,0.0
1596137,0.0,0.0,0.0,0.0,0.0,1.0,0.0
1596637,0.0,0.0,0.0,0.0,0.0,0.0,0.0
1597954,0.0,0.0,0.0,0.0,0.0,1.0,0.0
1598454,0.0,0.0,0.0,0.0,0.0,0.0,0.0
1598916,0.0,0.0,0.0,0.0,0.0,1.0,0.0
1599416,0.0,0.0,0.0,0.0,0.0,0.0,0.0
1599485,0.0,0.0,0.0,0.0,0.0,1.0,0.0
1599985,0.0,0.0,0.0,0.0,0.0,0.0,0.0
1600134,0.0,0.0,0.0,0.0,0.0,1.0,0.0
1600135,0.0,0.0,0.0,0.0,0.0,2.0,0.0
1600635,0.0,0.0,0.0,0.0,0.0,0.0,0.0
1601654,0.0,0.0,0.0,0.0,0.0,1.0,0.0
1601658,0.0,0.0,0.0,0.0,0.0,2.0,0.0
1602158,0.0,0.0,0.0,0.0,0.0,0.0,0.0
1602172,0.0,0.0,0.0,0.0,0.0,1.0,0.0
1602672,0.0,0.0,0.0,0.0,0.0,0.0,0.0
1602840,0.0,0.0,0.0,0.0,0.0,1.0,0.0
1602843,0.0,0.0,0.0,0.0,0.0,2.0,0.0
1603343,0.0,0.0,0.0,0.0,0.0,0.0,0.0
1604332,0.0,0.0,0.0,0.0,0.0,1.0,0.0
1604334,0.0,0.0,0.0,0.0,0.0,2.0,0.0
1604834,0.0,0.0,0.0,0.0,0.0,0.0,0.0
1608246,0.0,0.0,0.0,0.0,0.0,1.0,0.0
1608746,0.0,0.0,0.0,0.0,0.0,0.0,0.0
1608837,0.0,0.0,0.0,0.0,0.0,1.0,0.0
1609337,0.0,0.0,0.0,0.0,0.0,0.0,0.0
1611990,0.0,0.0,0.0,0.0,0.0,1.0,0.0
1611991,0.0,0.0,0.0,0.0,0.0,2.0,0.0
1612491,0.0,0.0,0.0,0.0,0.0,0.0,0.0
1614591,0.0,0.0,0.0,0.0,0.0,1.0,0.0
1615000,0.0,0.0,0.0,0.0,0.0,1.0,1.0
1615091,0.0,0.0,0.0,0.0,0.0,0.0,1.0
1615267,0.0,0.0,0.0,0.0,0.0,1.0,1.0
1615500,0.0,0.0,0.0,0.0,0.0,1.0,0.0
1615546,0.0,0.0,0.0,0.0,0.0,2.0,0.0
1615551,2.0,0.0,0.0,0.0,0.0,2.0,0.0
1615627,2.0,2.0,0.0,0.0,0.0,2.0,0.0
1616046,2.0,2.0,0.0,0.0,0.0,0.0,0.0
1616051,0.0,2.0,0.0,0.0,0.0,0.0,0.0
1616087,0.0,2.0,0.0,0.0,0.0,1.0,0.0
1616127,0.0,0.0,0.0,0.0,0.0,1.0,0.0
1616336,0.0,0.0,0.0,0.0,1.0,1.0,0.0
1616447,0.0,0.0,0.0,0.0,2.0,1.0,0.0
1616587,0.0,0.0,0.0,0.0,2.0,0.0,0.0
1616869,0.0,0.0,0.0,0.0,2.0,1.0,0.0
1616924,0.0,2.0,0.0,0.0,2.0,1.0,0.0
1616927,2.0,2.0,0.0,0.0,2.0,1.0,0.0
1616947,2.0,2.0,0.0,0.0,0.0,1.0,0.0
1617245,2.0,2.0,0.0,0.0,0.0,2.0,0.0
1617246,2.0,2.0,0.0,0.0,1.0,2.0,0.0
1617424,2.0,0.0,0.0,0.0,1.0,2.0,0.0
1617427,0.0,0.0,0.0,0.0,1.0,2.0,0.0
1617745,0.0,0.0,0.0,0.0,1.0,1.0,0.0
1617746,0.0,0.0,0.0,0.0,0.0,1.0,0.0
1617948,0.0,0.0,0.0,0.0,0.0,2.0,0.0
1618448,0.0,0.0,0.0,0.0,0.0,0.0,0.0
1618491,0.0,0.0,0.0,0.0,0.0,1.0,0.0
1618581,0.0,0.0,1.0,0.0,0.0,1.0,0.0
1618991,0.0,0.0,1.0,0.0,0.0,0.0,0.0
1619158,0.0,0.0,1.0,0.0,0.0,1.0,0.0
1619658,0.0,0.0,1.0,0.0,0.0,0.0,0.0
1619710,0.0,0.0,1.0,0.0,0.0,1.0,0.0
1619777,0.0,2.0,1.0,0.0,0.0,1.0,0.0
1619895,0.0,2.0,1.0,0.0,0.0,2.0,0.0
1620277,0.0,0.0,1.0,0.0,0.0,2.0,0.0
1620395,0.0,0.0,1.0,0.0,0.0,0.0,0.0
1620604,0.0,0.0,1.0,0.0,0.0,1.0,0.0
1620782,0.0,0.0,2.0,0.0,0.0,1.0,0.0
1621104,0.0,0.0,2.0,0.0,0.0,0.0,0.0
1621282,0.0,0.0,0.0,0.0,0.0,0.0,0.0
1621316,0.0,0.0,0.0,0.0,0.0,1.0,0.0
1621317,0.0,0.0,1.0,0.0,0.0,1.0,0.0
1621683,0.0,0.0,1.0,0.0,0.0,2.0,0.0
1621817,0.0,0.0,0.0,0.0,0.0,2.0,0.0
1622183,0.0,0.0,0.0,0.0,0.0,0.0,0.0
1622627,0.0,0.0,0.0,0.0,0.0,1.0,0.0
1623127,0.0,0.0,0.0,0.0,0.0,0.0,0.0
1623561,0.0,0.0,0.0,0.0,1.0,0.0,0.0
1623653,0.0,0.0,0.0,0.0,1.0,1.0,0.0
1624061,0.0,0.0,0.0,0.0,0.0,1.0,0.0
1624153,0.0,0.0,0.0,0.0,0.0,0.0,0.0
1624194,0.0,0.0,0.0,0.0,0.0,1.0,0.0
1624346,0.0,0.0,0.0,0.0,0.0,2.0,0.0
1624846,0.0,0.0,0.0,0.0,0.0,0.0,0.0
1626267,0.0,0.0,0.0,0.0,0.0,1.0,0.0
1626614,0.0,0.0,0.0,0.0,0.0,2.0,0.0
1627114,0.0,0.0,0.0,0.0,0.0,0.0,0.0
1627788,0.0,0.0,0.0,0.0,0.0,1.0,0.0
1627799,0.0,0.0,0.0,0.0,0.0,2.0,0.0
1628299,0.0,0.0,0.0,0.0,0.0,0.0,0.0
1628668,0.0,0.0,0.0,0.0,0.0,1.0,0.0
1628670,0.0,0.0,0.0,0.0,0.0,2.0,0.0
1629170,0.0,0.0,0.0,0.0,0.0,0.0,0.0
1629177,0.0,0.0,0.0,0.0,0.0,1.0,0.0
1629677,0.0,0.0,0.0,0.0,0.0,0.0,0.0
1629701,0.0,0.0,0.0,0.0,0.0,1.0,0.0
1630201,0.0,0.0,0.0,0.0,0.0,0.0,0.0
1630318,0.0,0.0,0.0,0.0,0.0,1.0,0.0
1630818,0.0,0.0,0.0,0.0,0.0,0.0,0.0
1631020,0.0,0.0,0.0,0.0,0.0,1.0,0.0
1631520,0.0,0.0,0.0,0.0,0.0,0.0,0.0
1631760,0.0,0.0,0.0,0.0,0.0,1.0,0.0
1632260,0.0,0.0,0.0,0.0,0.0,0.0,0.0
1632616,0.0,0.0,0.0,0.0,0.0,1.0,0.0
1633116,0.0,0.0,0.0,0.0,0.0,0.0,0.0
1633402,0.0,0.0,0.0,0.0,0.0,1.0,0.0
1633408,0.0,0.0,0.0,0.0,0.0,2.0,0.0
1633908,0.0,0.0,0.0,0.0,0.0,0.0,0.0
1634179,0.0,0.0,0.0,0.0,0.0,1.0,0.0
1634679,0.0,0.0,0.0,0.0,0.0,0.0,0.0
1635245,0.0,0.0,0.0,0.0,0.0,1.0,0.0
1635411,0.0,0.0,0.0,0.0,0.0,2.0,0.0
1635911,0.0,0.0,0.0,0.0,0.0,0.0,0.0
1637036,0.0,0.0,0.0,0.0,0.0,1.0,0.0
1637187,0.0,0.0,0.0,0.0,0.0,2.0,0.0
1637687,0.0,0.0,0.0,0.0,0.0,0.0,0.0
1638401,0.0,0.0,0.0,0.0,0.0,1.0,0.0
1638901,0.0,0.0,0.0,0.0,0.0,0.0,0.0
1638980,0.0,0.0,0.0,0.0,0.0,1.0,0.0
1639125,0.0,0.0,0.0,0.0,0.0,2.0,0.0
1639625,0.0,0.0,0.0,0.0,0.0,0.0,0.0
1640255,0.0,0.0,0.0,0.0,0.0,1.0,0.0
1640257,0.0,0.0,0.0,0.0,0.0,2.0,0.0
1640757,0.0,0.0,0.0,0.0,0.0,0.0,0.0
1641711,0.0,0.0,0.0,0.0,0.0,1.0,0.0
1641716,0.0,0.0,0.0,0.0,0.0,2.0,0.0
1642216,0.0,0.0,0.0,0.0,0.0,0.0,0.0
1642952,0.0,0.0,0.0,0.0,0.0,1.0,0.0
1643452,0.0,0.0,0.0,0.0,0.0,0.0,0.0
1643574,0.0,0.0,0.0,0.0,0.0,1.0,0.0
1644074,0.0,0.0,0.0,0.0,0.0,0.0,0.0
1644388,0.0,0.0,0.0,0.0,0.0,1.0,0.0
1644888,0.0,0.0,0.0,0.0,0.0,0.0,0.0
1645130,0.0,0.0,0.0,0.0,0.0,1.0,0.0
1645630,0.0,0.0,0.0,0.0,0.0,0.0,0.0
1646413,0.0,0.0,0.0,0.0,0.0,1.0,0.0
1646913,0.0,0.0,0.0,0.0,0.0,0.0,0.0
1647372,0.0,0.0,0.0,0.0,0.0,1.0,0.0
1647833,0.0,0.0,0.0,0.0,0.0,2.0,0.0
1648333,0.0,0.0,0.0,0.0,0.0,0.0,0.0
1648573,0.0,0.0,0.0,0.0,0.0,1.0,0.0
1648759,0.0,0.0,0.0,0.0,0.0,2.0,0.0
1649259,0.0,0.0,0.0,0.0,0.0,0.0,0.0
1649747,0.0,0.0,0.0,0.0,0.0,1.0,0.0
1649777,0.0,0.0,0.0,0.0,0.0,2.0,0.0
1650277,0.0,0.0,0.0,0.0,0.0,0.0,0.0
1650721,0.0,0.0,0.0,0.0,0.0,1.0,0.0
1651114,0.0,0.0,0.0,0.0,0.0,2.0,0.0
1651614,0.0,0.0,0.0,0.0,0.0,0.0,0.0
1653271,0.0,0.0,0.0,0.0,0.0,1.0,0.0
1653300,0.0,0.0,0.0,0.0,0.0,2.0,0.0
1653800,0.0,0.0,0.0,0.0,0.0,0.0,0.0
1653871,0.0,0.0,0.0,0.0,0.0,1.0,0.0
1654371,0.0,0.0,0.0,0.0,0.0,0.0,0.0
1654411,0.0,0.0,0.0,0.0,0.0,1.0,0.0
1654415,0.0,0.0,0.0,0.0,0.0,2.0,0.0
1654915,0.0,0.0,0.0,0.0,0.0,0.0,0.0
1655783,0.0,0.0,0.0,0.0,0.0,1.0,0.0
1656283,0.0,0.0,0.0,0.0,0.0,0.0,0.0
1656718,0.0,0.0,0.0,0.0,1.0,0.0,0.0
1656727,0.0,0.0,0.0,0.0,1.0,1.0,0.0
1656779,0.0,0.0,0.0,0.0,1.0,2.0,0.0
1656840,0.0,0.0,0.0,0.0,2.0,2.0,0.0
1657279,0.0,0.0,0.0,0.0,2.0,0.0,0.0
1657340,0.0,0.0,0.0,0.0,0.0,0.0,0.0
1658408,0.0,0.0,0.0,0.0,0.0,1.0,0.0
1658908,0.0,0.0,0.0,0.0,0.0,0.0,0.0
1659101,0.0,0.0,0.0,0.0,0.0,1.0,0.0
1659125,0.0,0.0,0.0,0.0,0.0,2.0,0.0
1659625,0.0,0.0,0.0,0.0,0.0,0.0,0.0
1660614,0.0,0.0,0.0,0.0,0.0,1.0,0.0
1661114,0.0,0.0,0.0,0.0,0.0,0.0,0.0
1661821,0.0,2.0,0.0,0.0,0.0,0.0,0.0
1662321,0.0,0.0,0.0,0.0,0.0,0.0,0.0
1663240,0.0,0.0,0.0,0.0,0.0,1.0,0.0
1663740,0.0,0.0,0.0,0.0,0.0,0.0,0.0
1665607,0.0,0.0,0.0,0.0,0.0,1.0,0.0
1666107,0.0,0.0,0.0,0.0,0.0,0.0,0.0
1666135,0.0,0.0,0.0,0.0,0.0,1.0,0.0
1666635,0.0,0.0,0.0,0.0,0.0,0.0,0.0
1666755,0.0,0.0,0.0,0.0,0.0,1.0,0.0
1666924,0.0,0.0,0.0,0.0,0.0,2.0,0.0
1667424,0.0,0.0,0.0,0.0,0.0,0.0,0.0
1667809,0.0,0.0,0.0,0.0,0.0,1.0,0.0
1668309,0.0,0.0,0.0,0.0,0.0,0.0,0.0
1669916,0.0,0.0,0.0,0.0,0.0,1.0,0.0
1670302,0.0,0.0,0.0,0.0,0.0,2.0,0.0
1670802,0.0,0.0,0.0,0.0,0.0,0.0,0.0
1670903,0.0,0.0,0.0,0.0,0.0,1.0,0.0
1671403,0.0,0.0,0.0,0.0,0.0,0.0,0.0
1671812,0.0,0.0,0.0,0.0,0.0,1.0,0.0
1672312,0.0,0.0,0.0,0.0,0.0,0.0,0.0
1673291,0.0,0.0,0.0,0.0,0.0,1.0,0.0
1673532,0.0,0.0,0.0,0.0,0.0,2.0,0.0
1674032,0.0,0.0,0.0,0.0,0.0,0.0,0.0
1674914,0.0,0.0,0.0,0.0,0.0,1.0,0.0
1675414,0.0,0.0,0.0,0.0,0.0,0.0,0.0
1675771,0.0,0.0,0.0,0.0,0.0,1.0,0.0
1675774,0.0,0.0,0.0,0.0,0.0,2.0,0.0
1676274,0.0,0.0,0.0,0.0,0.0,0.0,0.0
1677262,0.0,0.0,0.0,0.0,0.0,1.0,0.0
1677333,0.0,0.0,0.0,0.0,0.0,2.0,0.0
1677833,0.0,0.0,0.0,0.0,0.0,0.0,0.0
1678719,0.0,0.0,0.0,0.0,0.0,1.0,0.0
1678788,0.0,0.0,0.0,0.0,0.0,2.0,0.0
1679288,0.0,0.0,0.0,0.0,0.0,0.0,0.0
1679354,0.0,0.0,0.0,0.0,0.0,1.0,0.0
1679854,0.0,0.0,0.0,0.0,0.0,0.0,0.0
1681767,0.0,0.0,0.0,0.0,0.0,1.0,0.0
1682090,0.0,0.0,0.0,0.0,0.0,2.0,0.0
1682590,0.0,0.0,0.0,0.0,0.0,0.0,0.0
1682727,0.0,0.0,0.0,0.0,0.0,1.0,0.0
1683184,0.0,0.0,0.0,0.0,0.0,2.0,0.0
1683684,0.0,0.0,0.0,0.0,0.0,0.0,0.0
1683737,0.0,0.0,0.0,0.0,0.0,1.0,0.0
1684237,0.0,0.0,0.0,0.0,0.0,0.0,0.0
1686058,0.0,0.0,0.0,0.0,0.0,1.0,0.0
1686087,0.0,0.0,0.0,0.0,0.0,2.0,0.0
1686587,0.0,0.0,0.0,0.0,0.0,0.0,0.0
1688390,0.0,0.0,0.0,0.0,0.0,1.0,0.0
1688890,0.0,0.0,0.0,0.0,0.0,0.0,0.0
1689947,0.0,0.0,0.0,0.0,0.0,1.0,0.0
1690447,0.0,0.0,0.0,0.0,0.0,0.0,0.0
1692135,0.0,0.0,0.0,0.0,0.0,1.0,0.0
1692635,0.0,0.0,0.0,0.0,0.0,0.0,0.0
1692845,0.0,0.0,0.0,0.0,0.0,1.0,0.0
1693281,0.0,0.0,0.0,0.0,0.0,2.0,0.0
1693781,0.0,0.0,0.0,0.0,0.0,0.0,0.0
1693949,0.0,0.0,0.0,0.0,0.0,1.0,0.0
1694449,0.0,0.0,0.0,0.0,0.0,0.0,0.0
1695717,0.0,0.0,0.0,0.0,0.0,1.0,0.0
1696217,0.0,0.0,0.0,0.0,0.0,0.0,0.0
1696454,0.0,0.0,0.0,0.0,0.0,1.0,0.0
1696912,0.0,0.0,0.0,0.0,0.0,2.0,0.0
1697412,0.0,0.0,0.0,0.0,0.0,0.0,0.0
1698174,0.0,0.0,0.0,0.0,0.0,1.0,0.0
1698674,0.0,0.0,0.0,0.0,0.0,0.0,0.0
1698685,0.0,0.0,0.0,0.0,0.0,1.0,0.0
1699185,0.0,0.0,0.0,0.0,0.0,0.0,0.0
1699350,0.0,0.0,0.0,0.0,0.0,1.0,0.0
1699850,0.0,0.0,0.0,0.0,0.0,0.0,0.0
1701423,0.0,0.0,0.0,0.0,0.0,1.0,0.0
1701923,0.0,0.0,0.0,0.0,0.0,0.0,0.0
1702174,0.0,0.0,0.0,0.0,0.0,1.0,0.0
1702674,0.0,0.0,0.0,0.0,0.0,0.0,0.0
1702883,0.0,0.0,0.0,0.0,0.0,1.0,0.0
1703383,0.0,0.0,0.0,0.0,0.0,0.0,0.0
1703460,0.0,0.0,0.0,0.0,0.0,1.0,0.0
1703960,0.0,0.0,0.0,0.0,0.0,0.0,0.0
1704588,0.0,0.0,0.0,0.0,0.0,1.0,0.0
1705088,0.0,0.0,0.0,0.0,0.0,0.0,0.0
1705498,0.0,0.0,0.0,0.0,0.0,1.0,0.0
1705998,0.0,0.0,0.0,0.0,0.0,0.0,0.0
1706112,0.0,0.0,0.0,0.0,0.0,1.0,0.0
1706612,0.0,0.0,0.0,0.0,0.0,0.0,0.0
1707951,0.0,0.0,0.0,0.0,0.0,1.0,0.0
1708451,0.0,0.0,0.0,0.0,0.0,0.0,0.0
1708715,0.0,0.0,0.0,0.0,0.0,1.0,0.0
1709061,0.0,0.0,0.0,0.0,0.0,2.0,0.0
1709561,0.0,0.0,0.0,0.0,0.0,0.0,0.0
1709688,0.0,0.0,0.0,0.0,0.0,1.0,0.0
1710188,0.0,0.0,0.0,0.0,0.0,0.0,0.0
1710450,0.0,0.0,0.0,0.0,0.0,1.0,0.0
1711450,0.0,0.0,0.0,0.0,0.0,0.0,0.0
1712435,0.0,0.0,0.0,0.0,0.0,1.0,0.0
1712935,0.0,0.0,0.0,0.0,0.0,0.0,0.0
1713656,0.0,0.0,0.0,0.0,0.0,1.0,0.0
1714156,0.0,0.0,0.0,0.0,0.0,0.0,0.0
1715989,0.0,0.0,0.0,0.0,0.0,1.0,0.0
1716048,0.0,0.0,0.0,0.0,0.0,2.0,0.0
1716548,0.0,0.0,0.0,0.0,0.0,0.0,0.0
1717756,0.0,0.0,0.0,0.0,0.0,1.0,0.0
1718256,0.0,0.0,0.0,0.0,0.0,0.0,0.0
1720215,0.0,0.0,0.0,0.0,1.0,0.0,0.0
1720218,0.0,0.0,0.0,0.0,2.0,1.0,0.0
1720718,0.0,0.0,0.0,0.0,0.0,0.0,0.0
1722356,0.0,0.0,0.0,0.0,0.0,1.0,0.0
1722367,0.0,0.0,0.0,0.0,0.0,2.0,0.0
1722867,0.0,0.0,0.0,0.0,0.0,0.0,0.0
1725374,0.0,0.0,0.0,0.0,0.0,1.0,0.0
1725874,0.0,0.0,0.0,0.0,0.0,0.0,0.0
1727813,0.0,0.0,0.0,0.0,0.0,1.0,0.0
1728313,0.0,0.0,0.0,0.0,0.0,0.0,0.0
1728866,0.0,0.0,0.0,0.0,0.0,1.0,0.0
1729366,0.0,0.0,0.0,0.0,0.0,0.0,0.0
1734216,0.0,0.0,0.0,0.0,0.0,1.0,0.0
1734716,0.0,0.0,0.0,0.0,0.0,0.0,0.0
1737584,0.0,0.0,0.0,0.0,0.0,1.0,0.0
1738084,0.0,0.0,0.0,0.0,0.0,0.0,0.0
1739054,0.0,0.0,0.0,0.0,0.0,1.0,0.0
1739554,0.0,0.0,0.0,0.0,0.0,0.0,0.0
1739751,0.0,0.0,0.0,0.0,0.0,1.0,0.0
1740251,0.0,0.0,0.0,0.0,0.0,0.0,0.0
1741815,0.0,0.0,0.0,0.0,0.0,1.0,0.0
1742315,0.0,0.0,0.0,0.0,0.0,0.0,0.0
1744334,0.0,0.0,0.0,0.0,0.0,1.0,0.0
1744834,0.0,0.0,0.0,0.0,0.0,0.0,0.0
1758232,0.0,0.0,0.0,0.0,0.0,1.0,0.0
1758732,0.0,0.0,0.0,0.0,0.0,0.0,0.0
1763506,0.0,0.0,0.0,0.0,0.0,1.0,0.0
1764006,0.0,0.0,0.0,0.0,0.0,0.0,0.0
1767842,0.0,0.0,0.0,0.0,0.0,1.0,0.0
1768342,0.0,0.0,0.0,0.0,0.0,0.0,0.0
1775017,0.0,0.0,0.0,0.0,0.0,1.0,0.0
1775517,0.0,0.0,0.0,0.0,0.0,0.0,0.0
1776316,0.0,0.0,0.0,0.0,0.0,1.0,0.0
1776816,0.0,0.0,0.0,0.0,0.0,0.0,0.0
1776892,0.0,0.0,0.0,0.0,0.0,1.0,0.0
1777392,0.0,0.0,0.0,0.0,0.0,0.0,0.0
1783151,0.0,0.0,0.0,0.0,0.0,1.0,0.0
1783651,0.0,0.0,0.0,0.0,0.0,0.0,0.0
1783802,0.0,0.0,0.0,0.0,0.0,1.0,0.0
1783804,0.0,0.0,0.0,0.0,0.0,2.0,0.0
1784304,0.0,0.0,0.0,0.0,0.0,0.0,0.0
1786052,0.0,0.0,0.0,0.0,0.0,1.0,0.0
1786552,0.0,0.0,0.0,0.0,0.0,0.0,0.0
1788517,0.0,0.0,0.0,0.0,0.0,1.0,0.0
1789017,0.0,0.0,0.0,0.0,0.0,0.0,0.0
1792662,0.0,0.0,0.0,0.0,0.0,1.0,0.0
1793162,0.0,0.0,0.0,0.0,0.0,0.0,0.0
1794354,0.0,0.0,0.0,0.0,0.0,1.0,0.0
1794854,0.0,0.0,0.0,0.0,0.0,0.0,0.0
1795627,0.0,0.0,0.0,0.0,0.0,1.0,0.0
1795628,0.0,0.0,0.0,0.0,0.0,2.0,0.0
1796128,0.0,0.0,0.0,0.0,0.0,0.0,0.0
1798873,0.0,0.0,0.0,0.0,0.0,1.0,0.0
1799373,0.0,0.0,0.0,0.0,0.0,0.0,0.0
1804588,0.0,0.0,0.0,0.0,0.0,1.0,0.0
1805088,0.0,0.0,0.0,0.0,0.0,0.0,0.0
1807959,0.0,0.0,0.0,0.0,0.0,1.0,0.0
1807969,0.0,0.0,0.0,0.0,0.0,2.0,0.0
1808004,0.0,0.0,0.0,0.0,1.0,2.0,0.0
1808469,0.0,0.0,0.0,0.0,1.0,0.0,0.0
1808504,0.0,0.0,0.0,0.0,0.0,0.0,0.0
1809776,0.0,0.0,0.0,0.0,0.0,1.0,0.0
1809789,0.0,0.0,0.0,0.0,0.0,2.0,0.0
1810289,0.0,0.0,0.0,0.0,0.0,0.0,0.0
1814191,0.0,0.0,0.0,0.0,0.0,1.0,0.0
1814691,0.0,0.0,0.0,0.0,0.0,0.0,0.0
1815314,0.0,0.0,0.0,0.0,0.0,1.0,0.0
1815814,0.0,0.0,0.0,0.0,0.0,0.0,0.0
1817000,0.0,0.0,0.0,0.0,0.0,0.0,1.0
1817376,0.0,0.0,0.0,0.0,0.0,1.0,1.0
1817500,0.0,0.0,0.0,0.0,0.0,1.0,0.0
1817727,0.0,0.0,0.0,0.0,0.0,2.0,0.0
1817855,2.0,0.0,0.0,0.0,0.0,2.0,0.0
1817896,2.0,0.0,0.0,0.0,1.0,2.0,0.0
1817938,2.0,0.0,0.0,0.0,2.0,2.0,0.0
1818151,2.0,2.0,0.0,0.0,2.0,2.0,0.0
1818227,2.0,2.0,0.0,0.0,2.0,0.0,0.0
1818355,0.0,2.0,0.0,0.0,2.0,0.0,0.0
1818438,0.0,2.0,0.0,0.0,0.0,0.0,0.0
1818651,0.0,0.0,0.0,0.0,0.0,0.0,0.0
1818700,0.0,0.0,0.0,0.0,0.0,1.0,0.0
1819200,0.0,0.0,0.0,0.0,0.0,0.0,0.0
1819263,0.0,0.0,0.0,0.0,0.0,1.0,0.0
1819763,0.0,0.0,0.0,0.0,0.0,0.0,0.0
1819886,0.0,0.0,0.0,0.0,0.0,1.0,0.0
1819891,0.0,0.0,0.0,0.0,0.0,2.0,0.0
1820391,0.0,0.0,0.0,0.0,0.0,0.0,0.0
1820658,0.0,0.0,1.0,0.0,0.0,0.0,0.0
1821444,0.0,0.0,1.0,0.0,0.0,1.0,0.0
1821727,2.0,0.0,1.0,0.0,0.0,1.0,0.0
1821944,2.0,0.0,1.0,0.0,0.0,0.0,0.0
1821974,2.0,0.0,1.0,0.0,0.0,1.0,0.0
1822117,2.0,0.0,1.0,0.0,0.0,2.0,0.0
1822227,0.0,0.0,1.0,0.0,0.0,2.0,0.0
1822617,0.0,0.0,1.0,0.0,0.0,0.0,0.0
1822816,0.0,0.0,1.0,0.0,0.0,1.0,0.0
1822819,0.0,0.0,1.0,0.0,0.0,2.0,0.0
1823319,0.0,0.0,1.0,0.0,0.0,0.0,0.0
1823661,0.0,0.0,1.0,0.0,0.0,1.0,0.0
1823671,0.0,0.0,1.0,0.0,0.0,2.0,0.0
1823688,0.0,0.0,2.0,0.0,0.0,2.0,0.0
1824171,0.0,0.0,2.0,0.0,0.0,0.0,0.0
1824188,0.0,0.0,0.0,0.0,0.0,0.0,0.0
1824998,0.0,0.0,0.0,0.0,0.0,1.0,0.0
1825048,0.0,0.0,0.0,0.0,1.0,1.0,0.0
1825060,0.0,0.0,1.0,0.0,1.0,1.0,0.0
1825498,0.0,0.0,1.0,0.0,1.0,0.0,0.0
1825518,0.0,0.0,1.0,0.0,1.0,1.0,0.0
1825520,0.0,0.0,1.0,0.0,1.0,2.0,0.0
1825548,0.0,0.0,1.0,0.0,0.0,2.0,0.0
1826020,0.0,0.0,1.0,0.0,0.0,0.0,0.0
1826060,0.0,0.0,0.0,0.0,0.0,0.0,0.0
1826071,0.0,0.0,0.0,0.0,0.0,1.0,0.0
1826571,0.0,0.0,0.0,0.0,0.0,0.0,0.0
1826670,0.0,0.0,0.0,0.0,0.0,1.0,0.0
1827170,0.0,0.0,0.0,0.0,0.0,0.0,0.0
1827273,0.0,0.0,0.0,0.0,0.0,1.0,0.0
1827283,0.0,0.0,0.0,0.0,0.0,2.0,0.0
1827783,0.0,0.0,0.0,0.0,0.0,0.0,0.0
1828119,0.0,0.0,0.0,0.0,0.0,1.0,0.0
1828127,0.0,0.0,0.0,0.0,0.0,2.0,0.0
1828627,0.0,0.0,0.0,0.0,0.0,0.0,0.0
1830063,0.0,0.0,0.0,0.0,0.0,1.0,0.0
1830307,0.0,0.0,0.0,0.0,0.0,2.0,0.0
1830807,0.0,0.0,0.0,0.0,0.0,0.0,0.0
1830875,0.0,0.0,0.0,0.0,0.0,1.0,0.0
1831038,0.0,0.0,0.0,0.0,0.0,2.0,0.0
1831538,0.0,0.0,0.0,0.0,0.0,0.0,0.0
1832085,0.0,0.0,0.0,0.0,0.0,1.0,0.0
1832585,0.0,0.0,0.0,0.0,0.0,0.0,0.0
1832839,0.0,0.0,0.0,0.0,0.0,1.0,0.0
1832841,0.0,0.0,0.0,0.0,0.0,2.0,0.0
1833341,0.0,0.0,0.0,0.0,0.0,0.0,0.0
1833361,0.0,2.0,0.0,0.0,0.0,0.0,0.0
1833861,0.0,0.0,0.0,0.0,0.0,0.0,0.0
1833864,0.0,0.0,0.0,0.0,0.0,1.0,0.0
1834054,0.0,0.0,0.0,0.0,0.0,2.0,0.0
1834554,0.0,0.0,0.0,0.0,0.0,0.0,0.0
1835094,0.0,0.0,0.0,0.0,0.0,1.0,0.0
1835594,0.0,0.0,0.0,0.0,0.0,0.0,0.0
1835708,0.0,0.0,0.0,0.0,0.0,1.0,0.0
1835799,0.0,0.0,0.0,0.0,0.0,2.0,0.0
1836299,0.0,0.0,0.0,0.0,0.0,0.0,0.0
1836386,0.0,0.0,0.0,0.0,0.0,1.0,0.0
1836391,0.0,0.0,0.0,0.0,0.0,2.0,0.0
1836891,0.0,0.0,0.0,0.0,0.0,0.0,0.0
1837432,0.0,0.0,0.0,0.0,1.0,0.0,0.0
1837433,0.0,0.0,0.0,0.0,2.0,1.0,0.0
1837585,0.0,0.0,0.0,0.0,2.0,2.0,0.0
1837933,0.0,0.0,0.0,0.0,0.0,2.0,0.0
1838085,0.0,0.0,0.0,0.0,0.0,0.0,0.0
1838661,0.0,0.0,0.0,0.0,0.0,1.0,0.0
1839161,0.0,0.0,0.0,0.0,0.0,0.0,0.0
1839239,0.0,0.0,0.0,0.0,0.0,1.0,0.0
1839241,0.0,0.0,0.0,0.0,1.0,2.0,0.0
1839741,0.0,0.0,0.0,0.0,0.0,0.0,0.0
1840165,0.0,0.0,0.0,0.0,0.0,1.0,0.0
1840172,0.0,0.0,0.0,0.0,0.0,2.0,0.0
1840672,0.0,0.0,0.0,0.0,0.0,0.0,0.0
1841873,0.0,0.0,0.0,0.0,0.0,1.0,0.0
1842373,0.0,0.0,0.0,0.0,0.0,0.0,0.0
1842644,0.0,0.0,0.0,0.0,0.0,1.0,0.0
1843144,0.0,0.0,0.0,0.0,0.0,0.0,0.0
1843284,0.0,0.0,0.0,0.0,0.0,1.0,0.0
1843291,0.0,0.0,0.0,0.0,0.0,2.0,0.0
1843791,0.0,0.0,0.0,0.0,0.0,0.0,0.0
1845556,0.0,0.0,0.0,0.0,0.0,1.0,0.0
1845560,0.0,0.0,0.0,0.0,0.0,2.0,0.0
1846060,0.0,0.0,0.0,0.0,0.0,0.0,0.0
1846123,0.0,0.0,0.0,0.0,0.0,1.0,0.0
1846623,0.0,0.0,0.0,0.0,0.0,0.0,0.0
1847194,0.0,0.0,0.0,0.0,0.0,1.0,0.0
1847694,0.0,0.0,0.0,0.0,0.0,0.0,0.0
1847795,0.0,0.0,0.0,0.0,0.0,1.0,0.0
1848103,0.0,2.0,0.0,0.0,0.0,1.0,0.0
1848155,0.0,2.0,0.0,0.0,1.0,1.0,0.0
1848295,0.0,2.0,0.0,0.0,1.0,0.0,0.0
1848397,0.0,2.0,0.0,0.0,1.0,1.0,0.0
1848603,0.0,0.0,0.0,0.0,1.0,1.0,0.0
1848635,0.0,0.0,0.0,0.0,2.0,1.0,0.0
1848897,0.0,0.0,0.0,0.0,2.0,0.0,0.0
1849135,0.0,0.0,0.0,0.0,0.0,0.0,0.0
1849247,0.0,0.0,0.0,0.0,0.0,1.0,0.0
1849747,0.0,0.0,0.0,0.0,0.0,0.0,0.0
1850350,0.0,0.0,0.0,0.0,0.0,1.0,0.0
1850850,0.0,0.0,0.0,0.0,0.0,0.0,0.0
1851571,0.0,0.0,0.0,0.0,0.0,1.0,0.0
1852071,0.0,0.0,0.0,0.0,0.0,0.0,0.0
1852323,0.0,0.0,0.0,0.0,0.0,1.0,0.0
1852823,0.0,0.0,0.0,0.0,0.0,0.0,0.0
1852899,0.0,0.0,0.0,0.0,0.0,1.0,0.0
1853399,0.0,0.0,0.0,0.0,0.0,0.0,0.0
1853422,0.0,0.0,0.0,0.0,0.0,1.0,0.0
1853859,0.0,0.0,0.0,0.0,0.0,2.0,0.0
1854359,0.0,0.0,0.0,0.0,0.0,0.0,0.0
1855202,0.0,0.0,0.0,0.0,0.0,1.0,0.0
1855702,0.0,0.0,0.0,0.0,0.0,0.0,0.0
1856518,0.0,0.0,0.0,0.0,0.0,1.0,0.0
1857018,0.0,0.0,0.0,0.0,0.0,0.0,0.0
1857889,0.0,0.0,0.0,0.0,0.0,1.0,0.0
1858389,0.0,0.0,0.0,0.0,0.0,0.0,0.0
1858464,0.0,0.0,0.0,0.0,0.0,1.0,0.0
1858964,0.0,0.0,0.0,0.0,0.0,0.0,0.0
1859098,0.0,0.0,0.0,0.0,0.0,1.0,0.0
1859598,0.0,0.0,0.0,0.0,0.0,0.0,0.0
1860446,0.0,0.0,0.0,0.0,0.0,1.0,0.0
1860564,0.0,0.0,0.0,0.0,0.0,2.0,0.0
1861064,0.0,0.0,0.0,0.0,0.0,0.0,0.0
1861383,0.0,0.0,0.0,0.0,0.0,1.0,0.0
1861883,0.0,0.0,0.0,0.0,0.0,0.0,0.0
1862581,0.0,0.0,0.0,0.0,0.0,1.0,0.0
1863081,0.0,0.0,0.0,0.0,0.0,0.0,0.0
1865044,0.0,0.0,0.0,0.0,0.0,1.0,0.0
1865544,0.0,0.0,0.0,0.0,0.0,0.0,0.0
1865645,0.0,0.0,0.0,0.0,0.0,1.0,0.0
1866145,0.0,0.0,0.0,0.0,0.0,0.0,0.0
1866394,0.0,0.0,0.0,0.0,0.0,1.0,0.0
1866894,0.0,0.0,0.0,0.0,0.0,0.0,0.0
1867096,0.0,0.0,0.0,0.0,0.0,1.0,0.0
1867596,0.0,0.0,0.0,0.0,0.0,0.0,0.0
1867619,0.0,0.0,0.0,0.0,0.0,1.0,0.0
1868119,0.0,0.0,0.0,0.0,0.0,0.0,0.0
1868131,0.0,0.0,0.0,0.0,0.0,1.0,0.0
1868631,0.0,0.0,0.0,0.0,0.0,0.0,0.0
1869069,0.0,0.0,0.0,0.0,0.0,1.0,0.0
1869569,0.0,0.0,0.0,0.0,0.0,0.0,0.0
1869831,0.0,0.0,0.0,0.0,0.0,1.0,0.0
1869835,0.0,0.0,0.0,0.0,0.0,2.0,0.0
1870335,0.0,0.0,0.0,0.0,0.0,0.0,0.0
1870410,0.0,0.0,0.0,0.0,0.0,1.0,0.0
1870910,0.0,0.0,0.0,0.0,0.0,0.0,0.0
1871336,0.0,0.0,0.0,0.0,0.0,1.0,0.0
1871836,0.0,0.0,0.0,0.0,0.0,0.0,0.0
1872110,0.0,0.0,0.0,0.0,0.0,1.0,0.0
1872116,0.0,0.0,0.0,0.0,0.0,2.0,0.0
1872616,0.0,0.0,0.0,0.0,0.0,0.0,0.0
1873005,0.0,0.0,0.0,0.0,0.0,1.0,0.0
1873505,0.0,0.0,0.0,0.0,0.0,0.0,0.0
1875108,0.0,0.0,0.0,0.0,0.0,1.0,0.0
1875608,0.0,0.0,0.0,0.0,0.0,0.0,0.0
1875925,0.0,0.0,0.0,0.0,0.0,1.0,0.0
1876425,0.0,0.0,0.0,0.0,0.0,0.0,0.0
1876850,0.0,0.0,0.0,0.0,0.0,1.0,0.0
1877350,0.0,0.0,0.0,0.0,0.0,0.0,0.0
1877387,0.0,0.0,0.0,0.0,0.0,1.0,0.0
1877880,0.0,0.0,0.0,0.0,0.0,2.0,0.0
1878380,0.0,0.0,0.0,0.0,0.0,0.0,0.0
1879898,0.0,0.0,0.0,0.0,0.0,1.0,0.0
1880398,0.0,0.0,0.0,0.0,0.0,0.0,0.0
1880841,0.0,0.0,0.0,0.0,0.0,1.0,0.0
1880843,0.0,0.0,0.0,0.0,0.0,2.0,0.0
1881343,0.0,0.0,0.0,0.0,0.0,0.0,0.0
1881988,0.0,0.0,0.0,0.0,0.0,1.0,0.0
1882277,0.0,0.0,0.0,0.0,0.0,2.0,0.0
1882777,0.0,0.0,0.0,0.0,0.0,0.0,0.0
1882838,0.0,0.0,0.0,0.0,0.0,1.0,0.0
1882844,0.0,0.0,0.0,0.0,0.0,2.0,0.0
1883344,0.0,0.0,0.0,0.0,0.0,0.0,0.0
1883417,0.0,0.0,0.0,0.0,0.0,1.0,0.0
1883917,0.0,0.0,0.0,0.0,0.0,0.0,0.0
1883927,0.0,0.0,0.0,0.0,0.0,1.0,0.0
1884427,0.0,0.0,0.0,0.0,0.0,0.0,0.0
1884511,0.0,0.0,0.0,0.0,0.0,1.0,0.0
1884532,0.0,0.0,0.0,0.0,0.0,2.0,0.0
1885032,0.0,0.0,0.0,0.0,0.0,0.0,0.0
1885094,0.0,2.0,0.0,0.0,0.0,0.0,0.0
1885594,0.0,0.0,0.0,0.0,0.0,0.0,0.0
1886418,0.0,0.0,0.0,0.0,0.0,1.0,0.0
1886918,0.0,0.0,0.0,0.0,0.0,0.0,0.0
1887223,0.0,0.0,0.0,0.0,0.0,1.0,0.0
1887723,0.0,0.0,0.0,0.0,0.0,0.0,0.0
1888046,0.0,0.0,0.0,0.0,0.0,1.0,0.0
1888546,0.0,0.0,0.0,0.0,0.0,0.0,0.0
1889188,0.0,0.0,0.0,0.0,0.0,1.0,0.0
1889198,0.0,0.0,0.0,0.0,0.0,2.0,0.0
1889698,0.0,0.0,0.0,0.0,0.0,0.0,0.0
1889783,0.0,0.0,0.0,0.0,0.0,1.0,0.0
1890283,0.0,0.0,0.0,0.0,0.0,0.0,0.0
1890309,0.0,0.0,0.0,0.0,0.0,1.0,0.0
1890605,0.0,0.0,0.0,0.0,0.0,2.0,0.0
1891105,0.0,0.0,0.0,0.0,0.0,0.0,0.0
1891327,0.0,0.0,0.0,0.0,0.0,1.0,0.0
1891695,0.0,0.0,0.0,0.0,0.0,2.0,0.0
1892195,0.0,0.0,0.0,0.0,0.0,0.0,0.0
1892589,0.0,0.0,0.0,0.0,0.0,1.0,0.0
1892594,0.0,0.0,0.0,0.0,0.0,2.0,0.0
1892888,0.0,0.0,0.0,0.0,1.0,2.0,0.0
1893094,0.0,0.0,0.0,0.0,1.0,0.0,0.0
1893327,0.0,0.0,0.0,0.0,1.0,1.0,0.0
1893388,0.0,0.0,0.0,0.0,0.0,1.0,0.0
1893827,0.0,0.0,0.0,0.0,0.0,0.0,0.0
1894044,0.0,0.0,0.0,0.0,0.0,1.0,0.0
1894069,0.0,2.0,0.0,0.0,0.0,1.0,0.0
1894544,0.0,2.0,0.0,0.0,0.0,0.0,0.0
1894569,0.0,0.0,0.0,0.0,0.0,0.0,0.0
1895882,0.0,0.0,0.0,0.0,0.0,1.0,0.0
1896382,0.0,0.0,0.0,0.0,0.0,0.0,0.0
1896414,0.0,0.0,0.0,0.0,0.0,1.0,0.0
1896914,0.0,0.0,0.0,0.0,0.0,0.0,0.0
1896967,0.0,0.0,0.0,0.0,0.0,1.0,0.0
1896969,0.0,0.0,0.0,0.0,0.0,2.0,0.0
1897469,0.0,0.0,0.0,0.0,0.0,0.0,0.0
1897544,0.0,0.0,0.0,0.0,0.0,1.0,0.0
1898044,0.0,0.0,0.0,0.0,0.0,0.0,0.0
1899017,0.0,0.0,0.0,0.0,0.0,1.0,0.0
1899517,0.0,0.0,0.0,0.0,0.0,0.0,0.0
1899626,0.0,0.0,0.0,0.0,0.0,1.0,0.0
1900126,0.0,0.0,0.0,0.0,0.0,0.0,0.0
1900362,0.0,0.0,0.0,0.0,0.0,1.0,0.0
1900862,0.0,0.0,0.0,0.0,0.0,0.0,0.0
1900970,0.0,0.0,0.0,0.0,0.0,1.0,0.0
1901470,0.0,0.0,0.0,0.0,0.0,0.0,0.0
1901493,0.0,0.0,0.0,0.0,0.0,1.0,0.0
1901993,0.0,0.0,0.0,0.0,0.0,0.0,0.0
1903013,0.0,0.0,0.0,0.0,0.0,1.0,0.0
1903513,0.0,0.0,0.0,0.0,0.0,0.0,0.0
1903516,0.0,0.0,0.0,0.0,0.0,1.0,0.0
1903859,0.0,0.0,0.0,0.0,1.0,2.0,0.0
1904359,0.0,0.0,0.0,0.0,0.0,0.0,0.0
1904480,0.0,0.0,0.0,0.0,0.0,1.0,0.0
1904980,0.0,0.0,0.0,0.0,0.0,0.0,0.0
1905182,0.0,0.0,0.0,0.0,0.0,1.0,0.0
1905184,0.0,0.0,0.0,0.0,0.0,2.0,0.0
1905684,0.0,0.0,0.0,0.0,0.0,0.0,0.0
1906770,0.0,0.0,0.0,0.0,0.0,1.0,0.0
1907270,0.0,0.0,0.0,0.0,0.0,0.0,0.0
1907486,0.0,0.0,0.0,0.0,0.0,1.0,0.0
1907986,0.0,0.0,0.0,0.0,0.0,0.0,0.0
1908261,0.0,0.0,0.0,0.0,0.0,1.0,0.0
1908268,0.0,0.0,0.0,0.0,0.0,2.0,0.0
1908768,0.0,0.0,0.0,0.0,0.0,0.0,0.0
1908892,0.0,0.0,0.0,0.0,0.0,1.0,0.0
1909392,0.0,0.0,0.0,0.0,0.0,0.0,0.0
1909418,0.0,0.0,0.0,0.0,0.0,1.0,0.0
1909918,0.0,0.0,0.0,0.0,0.0,0.0,0.0
1910152,0.0,0.0,0.0,0.0,0.0,1.0,0.0
1910333,0.0,0.0,0.0,0.0,0.0,2.0,0.0
1910833,0.0,0.0,0.0,0.0,0.0,0.0,0.0
1911085,0.0,0.0,0.0,0.0,0.0,1.0,0.0
1911585,0.0,0.0,0.0,0.0,0.0,0.0,0.0
1912568,0.0,0.0,0.0,0.0,0.0,1.0,0.0
1913068,0.0,0.0,0.0,0.0,0.0,0.0,0.0
1913253,0.0,0.0,0.0,0.0,0.0,1.0,0.0
1913753,0.0,0.0,0.0,0.0,0.0,0.0,0.0
1913812,0.0,0.0,0.0,0.0,0.0,1.0,0.0
1913980,0.0,0.0,0.0,0.0,0.0,2.0,0.0
1914480,0.0,0.0,0.0,0.0,0.0,0.0,0.0
1915730,0.0,0.0,0.0,0.0,0.0,1.0,0.0
1916230,0.0,0.0,0.0,0.0,0.0,0.0,0.0
1916549,0.0,2.0,0.0,0.0,0.0,0.0,0.0
1916631,0.0,2.0,0.0,0.0,0.0,1.0,0.0
1916633,0.0,2.0,0.0,0.0,0.0,2.0,0.0
1917049,0.0,0.0,0.0,0.0,0.0,2.0,0.0
1917133,0.0,0.0,0.0,0.0,0.0,0.0,0.0
1918283,0.0,0.0,0.0,0.0,0.0,1.0,0.0
1918783,0.0,0.0,0.0,0.0,0.0,0.0,0.0
1920073,0.0,0.0,0.0,0.0,0.0,1.0,0.0
1920573,0.0,0.0,0.0,0.0,0.0,0.0,0.0
1920714,0.0,0.0,0.0,0.0,0.0,1.0,0.0
1921214,0.0,0.0,0.0,0.0,0.0,0.0,0.0
1921236,0.0,0.0,0.0,0.0,0.0,1.0,0.0
1921736,0.0,0.0,0.0,0.0,0.0,0.0,0.0
1923829,0.0,0.0,0.0,0.0,0.0,1.0,0.0
1924329,0.0,0.0,0.0,0.0,0.0,0.0,0.0
1925960,0.0,0.0,0.0,0.0,0.0,1.0,0.0
1926460,0.0,0.0,0.0,0.0,0.0,0.0,0.0
1930647,0.0,0.0,0.0,0.0,0.0,1.0,0.0
1931147,0.0,0.0,0.0,0.0,0.0,0.0,0.0
1931420,0.0,0.0,0.0,0.0,0.0,1.0,0.0
1931920,0.0,0.0,0.0,0.0,0.0,0.0,0.0
1931961,0.0,0.0,0.0,0.0,0.0,1.0,0.0
1931962,0.0,0.0,0.0,0.0,0.0,2.0,0.0
1932462,0.0,0.0,0.0,0.0,0.0,0.0,0.0
1935504,0.0,0.0,0.0,0.0,0.0,1.0,0.0
1936004,0.0,0.0,0.0,0.0,0.0,0.0,0.0
1937559,0.0,0.0,0.0,0.0,0.0,1.0,0.0
1938059,0.0,0.0,0.0,0.0,0.0,0.0,0.0
1938144,0.0,0.0,0.0,0.0,0.0,1.0,0.0
1938148,0.0,0.0,0.0,0.0,0.0,2.0,0.0
1938648,0.0,0.0,0.0,0.0,0.0,0.0,0.0
1939952,0.0,0.0,0.0,0.0,0.0,1.0,0.0
1940452,0.0,0.0,0.0,0.0,0.0,0.0,0.0
1942226,0.0,0.0,0.0,0.0,0.0,1.0,0.0
1942726,0.0,0.0,0.0,0.0,0.0,0.0,0.0
1943028,0.0,0.0,0.0,0.0,0.0,1.0,0.0
1943528,0.0,0.0,0.0,0.0,0.0,0.0,0.0
1945252,0.0,0.0,0.0,0.0,0.0,1.0,0.0
1945752,0.0,0.0,0.0,0.0,0.0,0.0,0.0
1946400,0.0,0.0,0.0,0.0,0.0,1.0,0.0
1946900,0.0,0.0,0.0,0.0,0.0,0.0,0.0
1947051,0.0,0.0,0.0,0.0,0.0,1.0,0.0
1947551,0.0,0.0,0.0,0.0,0.0,0.0,0.0
1947695,0.0,0.0,0.0,0.0,0.0,1.0,0.0
1948195,0.0,0.0,0.0,0.0,0.0,0.0,0.0
1954636,0.0,0.0,0.0,0.0,0.0,1.0,0.0
1955136,0.0,0.0,0.0,0.0,0.0,0.0,0.0
1958390,0.0,0.0,0.0,0.0,0.0,1.0,0.0
1958890,0.0,0.0,0.0,0.0,0.0,0.0,0.0
1959998,0.0,0.0,0.0,0.0,0.0,1.0,0.0
1960498,0.0,0.0,0.0,0.0,0.0,0.0,0.0
1960866,0.0,0.0,0.0,0.0,0.0,1.0,0.0
1961366,0.0,0.0,0.0,0.0,0.0,0.0,0.0
1963586,0.0,0.0,0.0,0.0,0.0,1.0,0.0
1964086,0.0,0.0,0.0,0.0,0.0,0.0,0.0
1965614,0.0,0.0,0.0,0.0,0.0,1.0,0.0
1966114,0.0,0.0,0.0,0.0,0.0,0.0,0.0
1966177,0.0,0.0,0.0,0.0,0.0,1.0,0.0
1966677,0.0,0.0,0.0,0.0,0.0,0.0,0.0
1967816,0.0,0.0,0.0,0.0,0.0,1.0,0.0
1968316,0.0,0.0,0.0,0.0,0.0,0.0,0.0
1968327,0.0,0.0,0.0,0.0,0.0,1.0,0.0
1968827,0.0,0.0,0.0,0.0,0.0,0.0,0.0
1968914,0.0,0.0,0.0,0.0,0.0,1.0,0.0
1969414,0.0,0.0,0.0,0.0,0.0,0.0,0.0
1973002,0.0,0.0,0.0,0.0,0.0,1.0,0.0
1973003,0.0,0.0,0.0,0.0,0.0,2.0,0.0
1973503,0.0,0.0,0.0,0.0,0.0,0.0,0.0
1973574,0.0,0.0,0.0,0.0,0.0,1.0,0.0
1974074,0.0,0.0,0.0,0.0,0.0,0.0,0.0
1974337,0.0,0.0,0.0,0.0,0.0,1.0,0.0
1974341,0.0,0.0,0.0,0.0,0.0,2.0,0.0
1974841,0.0,0.0,0.0,0.0,0.0,0.0,0.0
1977064,0.0,0.0,0.0,0.0,0.0,1.0,0.0
1977564,0.0,0.0,0.0,0.0,0.0,0.0,0.0
1977639,0.0,0.0,0.0,0.0,0.0,1.0,0.0
1978139,0.0,0.0,0.0,0.0,0.0,0.0,0.0
1979751,0.0,0.0,0.0,0.0,0.0,1.0,0.0
1979759,0.0,0.0,0.0,0.0,0.0,2.0,0.0
1980259,0.0,0.0,0.0,0.0,0.0,0.0,0.0
1982370,0.0,0.0,0.0,0.0,0.0,1.0,0.0
1982870,0.0,0.0,0.0,0.0,0.0,0.0,0.0
1984788,0.0,0.0,0.0,0.0,0.0,1.0,0.0
1985288,0.0,0.0,0.0,0.0,0.0,0.0,0.0
1985409,0.0,0.0,0.0,0.0,0.0,1.0,0.0
1985412,0.0,0.0,0.0,0.0,0.0,2.0,0.0
1985912,0.0,0.0,0.0,0.0,0.0,0.0,0.0
1986886,0.0,0.0,0.0,0.0,0.0,1.0,0.0
1987386,0.0,0.0,0.0,0.0,0.0,0.0,0.0
1988679,0.0,0.0,0.0,0.0,0.0,1.0,0.0
1989179,0.0,0.0,0.0,0.0,0.0,0.0,0.0
1989995,0.0,0.0,0.0,0.0,0.0,1.0,0.0
1990495,0.0,0.0,0.0,0.0,0.0,0.0,0.0
1992474,0.0,0.0,0.0,0.0,0.0,1.0,0.0
1992478,0.0,0.0,0.0,0.0,0.0,2.0,0.0
1992978,0.0,0.0,0.0,0.0,0.0,0.0,0.0
1998264,0.0,0.0,0.0,0.0,0.0,1.0,0.0
1998764,0.0,0.0,0.0,0.0,0.0,0.0,0.0
2000774,0.0,0.0,0.0,0.0,0.0,1.0,0.0
2001274,0.0,0.0,0.0,0.0,0.0,0.0,0.0
2001785,0.0,0.0,0.0,0.0,0.0,1.0,0.0
2002285,0.0,0.0,0.0,0.0,0.0,0.0,0.0
2003840,0.0,0.0,0.0,0.0,0.0,1.0,0.0
2004340,0.0,0.0,0.0,0.0,0.0,0.0,0.0
2004976,0.0,0.0,0.0,0.0,0.0,1.0,0.0
2005476,0.0,0.0,0.0,0.0,0.0,0.0,0.0
2005483,0.0,0.0,0.0,0.0,0.0,1.0,0.0
2005983,0.0,0.0,0.0,0.0,0.0,0.0,0.0
2006849,0.0,0.0,0.0,0.0,0.0,1.0,0.0
2007349,0.0,0.0,0.0,0.0,0.0,0.0,0.0
2009817,0.0,0.0,0.0,0.0,0.0,1.0,0.0
2010317,0.0,0.0,0.0,0.0,0.0,0.0,0.0
2011087,0.0,0.0,0.0,0.0,0.0,1.0,0.0
2011587,0.0,0.0,0.0,0.0,0.0,0.0,0.0
2012929,0.0,0.0,0.0,0.0,0.0,1.0,0.0
2013429,0.0,0.0,0.0,0.0,0.0,0.0,0.0
2014035,0.0,0.0,0.0,0.0,0.0,1.0,0.0
2014535,0.0,0.0,0.0,0.0,0.0,0.0,0.0
2017798,0.0,0.0,0.0,0.0,0.0,1.0,0.0
2018298,0.0,0.0,0.0,0.0,0.0,0.0,0.0
2018822,0.0,0.0,0.0,0.0,0.0,1.0,0.0
2019000,0.0,0.0,0.0,0.0,0.0,1.0,1.0
2019322,0.0,0.0,0.0,0.0,0.0,0.0,1.0
2019500,0.0,0.0,0.0,0.0,0.0,0.0,0.0
2019540,0.0,0.0,0.0,0.0,0.0,1.0,0.0
2019818,0.0,0.0,0.0,0.0,1.0,1.0,0.0
2019823,0.0,0.0,0.0,0.0,1.0,2.0,0.0
2019824,0.0,2.0,0.0,0.0,1.0,2.0,0.0
2019856,0.0,2.0,0.0,0.0,2.0,2.0,0.0
2019871,2.0,2.0,0.0,0.0,2.0,2.0,0.0
2020323,2.0,2.0,0.0,0.0,2.0,1.0,0.0
2020324,2.0,0.0,0.0,0.0,2.0,1.0,0.0
2020325,2.0,0.0,0.0,0.0,2.0,2.0,0.0
2020356,2.0,0.0,0.0,0.0,0.0,2.0,0.0
2020371,0.0,0.0,0.0,0.0,0.0,2.0,0.0
2020415,2.0,0.0,0.0,0.0,0.0,2.0,0.0
