,ADWIN,CUSUM,DDM,GeometricMovingAverage,HDDMAverage,HDDMWeighted,Ground-truth
360,0.0,0.0,0.0,0.0,0.0,1.0,0.0
745,0.0,0.0,0.0,0.0,0.0,2.0,0.0
784,0.0,0.0,1.0,0.0,0.0,2.0,0.0
1245,0.0,0.0,1.0,0.0,0.0,0.0,0.0
1284,0.0,0.0,0.0,0.0,0.0,0.0,0.0
1392,0.0,0.0,0.0,0.0,0.0,1.0,0.0
1614,0.0,0.0,0.0,0.0,0.0,2.0,0.0
2100,0.0,0.0,1.0,0.0,0.0,2.0,0.0
2114,0.0,0.0,1.0,0.0,0.0,0.0,0.0
2355,0.0,0.0,1.0,0.0,0.0,1.0,0.0
2444,0.0,0.0,1.0,0.0,0.0,2.0,0.0
2600,0.0,0.0,0.0,0.0,0.0,2.0,0.0
2944,0.0,0.0,0.0,0.0,0.0,0.0,0.0
3090,0.0,0.0,0.0,0.0,0.0,1.0,0.0
3094,0.0,0.0,0.0,0.0,1.0,1.0,0.0
3590,0.0,0.0,0.0,0.0,1.0,0.0,0.0
3594,0.0,0.0,0.0,0.0,0.0,0.0,0.0
4836,0.0,0.0,0.0,0.0,0.0,1.0,0.0
5173,0.0,0.0,0.0,0.0,0.0,2.0,0.0
5673,0.0,0.0,0.0,0.0,0.0,0.0,0.0
6021,0.0,0.0,0.0,0.0,0.0,1.0,0.0
6521,0.0,0.0,0.0,0.0,0.0,0.0,0.0
7069,0.0,0.0,0.0,0.0,0.0,1.0,0.0
7288,0.0,0.0,0.0,0.0,0.0,2.0,0.0
7788,0.0,0.0,0.0,0.0,0.0,0.0,0.0
7866,0.0,0.0,0.0,0.0,0.0,1.0,0.0
7991,0.0,0.0,0.0,0.0,0.0,2.0,0.0
8491,0.0,0.0,0.0,0.0,0.0,0.0,0.0
8556,0.0,0.0,0.0,0.0,0.0,1.0,0.0
8693,0.0,0.0,0.0,0.0,0.0,2.0,0.0
9193,0.0,0.0,0.0,0.0,0.0,0.0,0.0
9595,0.0,0.0,0.0,0.0,0.0,1.0,0.0
10095,0.0,0.0,0.0,0.0,0.0,0.0,0.0
10098,0.0,0.0,0.0,0.0,0.0,1.0,0.0
10116,0.0,0.0,0.0,0.0,0.0,2.0,0.0
10616,0.0,0.0,0.0,0.0,0.0,0.0,0.0
10684,0.0,0.0,0.0,0.0,0.0,1.0,0.0
11184,0.0,0.0,0.0,0.0,0.0,0.0,0.0
11561,0.0,0.0,0.0,0.0,0.0,1.0,0.0
12061,0.0,0.0,0.0,0.0,0.0,0.0,0.0
12287,0.0,0.0,0.0,0.0,0.0,1.0,0.0
12787,0.0,0.0,0.0,0.0,0.0,0.0,0.0
13021,0.0,0.0,0.0,0.0,0.0,1.0,0.0
13521,0.0,0.0,0.0,0.0,0.0,0.0,0.0
14249,0.0,0.0,0.0,0.0,0.0,1.0,0.0
14749,0.0,0.0,0.0,0.0,0.0,0.0,0.0
15957,0.0,0.0,0.0,0.0,0.0,1.0,0.0
15960,0.0,0.0,0.0,0.0,0.0,2.0,0.0
16460,0.0,0.0,0.0,0.0,0.0,0.0,0.0
17032,0.0,0.0,0.0,0.0,0.0,1.0,0.0
17250,0.0,0.0,0.0,0.0,0.0,2.0,0.0
17750,0.0,0.0,0.0,0.0,0.0,0.0,0.0
18059,0.0,0.0,0.0,0.0,0.0,1.0,0.0
18125,0.0,0.0,0.0,0.0,0.0,2.0,0.0
18625,0.0,0.0,0.0,0.0,0.0,0.0,0.0
19005,0.0,0.0,0.0,0.0,0.0,1.0,0.0
19011,0.0,0.0,0.0,0.0,0.0,2.0,0.0
19511,0.0,0.0,0.0,0.0,0.0,0.0,0.0
19561,0.0,0.0,0.0,0.0,0.0,1.0,0.0
20061,0.0,0.0,0.0,0.0,0.0,0.0,0.0
20400,0.0,0.0,0.0,0.0,0.0,1.0,0.0
20900,0.0,0.0,0.0,0.0,0.0,0.0,0.0
20952,0.0,0.0,0.0,0.0,0.0,1.0,0.0
21452,0.0,0.0,0.0,0.0,0.0,0.0,0.0
21595,0.0,0.0,0.0,0.0,0.0,1.0,0.0
22095,0.0,0.0,0.0,0.0,0.0,0.0,0.0
22347,0.0,0.0,0.0,0.0,0.0,1.0,0.0
22810,0.0,0.0,0.0,0.0,0.0,2.0,0.0
23310,0.0,0.0,0.0,0.0,0.0,0.0,0.0
24836,0.0,0.0,0.0,0.0,0.0,1.0,0.0
25191,0.0,0.0,0.0,0.0,0.0,2.0,0.0
25691,0.0,0.0,0.0,0.0,0.0,0.0,0.0
25975,0.0,0.0,0.0,0.0,0.0,1.0,0.0
25981,0.0,0.0,0.0,0.0,0.0,2.0,0.0
26481,0.0,0.0,0.0,0.0,0.0,0.0,0.0
26983,0.0,0.0,0.0,0.0,1.0,0.0,0.0
27041,0.0,0.0,0.0,0.0,1.0,1.0,0.0
27483,0.0,0.0,0.0,0.0,0.0,1.0,0.0
27541,0.0,0.0,0.0,0.0,0.0,0.0,0.0
27610,0.0,0.0,0.0,0.0,0.0,1.0,0.0
28110,0.0,0.0,0.0,0.0,0.0,0.0,0.0
28242,0.0,0.0,0.0,0.0,0.0,1.0,0.0
28513,0.0,2.0,0.0,0.0,0.0,1.0,0.0
28526,0.0,2.0,0.0,0.0,1.0,1.0,0.0
28742,0.0,2.0,0.0,0.0,1.0,0.0,0.0
29013,0.0,0.0,0.0,0.0,1.0,0.0,0.0
29026,0.0,0.0,0.0,0.0,0.0,0.0,0.0
29354,0.0,0.0,0.0,0.0,0.0,1.0,0.0
29854,0.0,0.0,0.0,0.0,0.0,0.0,0.0
29940,0.0,0.0,0.0,0.0,0.0,1.0,0.0
30440,0.0,0.0,0.0,0.0,0.0,0.0,0.0
32396,0.0,0.0,0.0,0.0,0.0,1.0,0.0
32727,0.0,0.0,0.0,0.0,0.0,2.0,0.0
32874,0.0,2.0,0.0,0.0,0.0,2.0,0.0
33227,0.0,2.0,0.0,0.0,0.0,0.0,0.0
33374,0.0,0.0,0.0,0.0,0.0,0.0,0.0
33558,0.0,0.0,0.0,0.0,0.0,1.0,0.0
33571,0.0,0.0,0.0,0.0,0.0,2.0,0.0
34071,0.0,0.0,0.0,0.0,0.0,0.0,0.0
34217,0.0,0.0,0.0,0.0,0.0,1.0,0.0
34717,0.0,0.0,0.0,0.0,0.0,0.0,0.0
35268,0.0,0.0,0.0,0.0,0.0,1.0,0.0
35317,0.0,0.0,0.0,0.0,0.0,2.0,0.0
35817,0.0,0.0,0.0,0.0,0.0,0.0,0.0
36744,0.0,0.0,0.0,0.0,0.0,1.0,0.0
36796,0.0,0.0,0.0,0.0,0.0,2.0,0.0
37296,0.0,0.0,0.0,0.0,0.0,0.0,0.0
37668,0.0,0.0,0.0,0.0,0.0,1.0,0.0
37690,0.0,0.0,0.0,0.0,0.0,2.0,0.0
38190,0.0,0.0,0.0,0.0,0.0,0.0,0.0
41178,0.0,0.0,0.0,0.0,0.0,1.0,0.0
41678,0.0,0.0,0.0,0.0,0.0,0.0,0.0
41886,0.0,0.0,0.0,0.0,0.0,1.0,0.0
42386,0.0,0.0,0.0,0.0,0.0,0.0,0.0
42513,0.0,0.0,0.0,0.0,0.0,1.0,0.0
43013,0.0,0.0,0.0,0.0,0.0,0.0,0.0
43196,0.0,0.0,0.0,0.0,0.0,1.0,0.0
43696,0.0,0.0,0.0,0.0,0.0,0.0,0.0
44359,0.0,0.0,0.0,0.0,0.0,1.0,0.0
44362,0.0,0.0,0.0,0.0,0.0,2.0,0.0
44862,0.0,0.0,0.0,0.0,0.0,0.0,0.0
45240,0.0,0.0,0.0,0.0,0.0,1.0,0.0
45246,0.0,0.0,0.0,0.0,0.0,2.0,0.0
45746,0.0,0.0,0.0,0.0,0.0,0.0,0.0
45769,0.0,0.0,0.0,0.0,0.0,1.0,0.0
45772,0.0,0.0,0.0,0.0,0.0,2.0,0.0
46272,0.0,0.0,0.0,0.0,0.0,0.0,0.0
47024,0.0,0.0,0.0,0.0,0.0,1.0,0.0
47524,0.0,0.0,0.0,0.0,0.0,0.0,0.0
48096,0.0,0.0,0.0,0.0,0.0,1.0,0.0
48347,0.0,0.0,0.0,0.0,0.0,2.0,0.0
48847,0.0,0.0,0.0,0.0,0.0,0.0,0.0
49081,0.0,0.0,0.0,0.0,0.0,1.0,0.0
49581,0.0,0.0,0.0,0.0,0.0,0.0,0.0
50176,0.0,0.0,0.0,0.0,0.0,1.0,0.0
50676,0.0,0.0,0.0,0.0,0.0,0.0,0.0
51204,0.0,0.0,0.0,0.0,0.0,1.0,0.0
51704,0.0,0.0,0.0,0.0,0.0,0.0,0.0
51890,0.0,0.0,0.0,0.0,0.0,1.0,0.0
52314,0.0,0.0,0.0,0.0,0.0,2.0,0.0
52814,0.0,0.0,0.0,0.0,0.0,0.0,0.0
54317,0.0,0.0,0.0,0.0,0.0,1.0,0.0
54817,0.0,0.0,0.0,0.0,0.0,0.0,0.0
55670,0.0,0.0,0.0,0.0,0.0,1.0,0.0
55673,0.0,0.0,0.0,0.0,0.0,2.0,0.0
56173,0.0,0.0,0.0,0.0,0.0,0.0,0.0
57519,0.0,0.0,0.0,0.0,0.0,1.0,0.0
58019,0.0,0.0,0.0,0.0,0.0,0.0,0.0
58165,0.0,0.0,0.0,0.0,0.0,1.0,0.0
58665,0.0,0.0,0.0,0.0,0.0,0.0,0.0
58839,0.0,0.0,0.0,0.0,0.0,1.0,0.0
59339,0.0,0.0,0.0,0.0,0.0,0.0,0.0
59404,0.0,0.0,0.0,0.0,0.0,1.0,0.0
59407,0.0,0.0,0.0,0.0,0.0,2.0,0.0
59907,0.0,0.0,0.0,0.0,0.0,0.0,0.0
60254,0.0,0.0,0.0,0.0,0.0,1.0,0.0
60593,0.0,0.0,0.0,0.0,0.0,2.0,0.0
61093,0.0,0.0,0.0,0.0,0.0,0.0,0.0
62082,0.0,0.0,0.0,0.0,0.0,1.0,0.0
62582,0.0,0.0,0.0,0.0,0.0,0.0,0.0
62829,0.0,0.0,0.0,0.0,0.0,1.0,0.0
63329,0.0,0.0,0.0,0.0,0.0,0.0,0.0
63362,0.0,0.0,0.0,0.0,0.0,1.0,0.0
63371,0.0,0.0,0.0,0.0,0.0,2.0,0.0
63563,0.0,0.0,0.0,0.0,1.0,2.0,0.0
63581,0.0,0.0,0.0,0.0,2.0,2.0,0.0
63871,0.0,0.0,0.0,0.0,2.0,0.0,0.0
64081,0.0,0.0,0.0,0.0,0.0,0.0,0.0
64326,0.0,0.0,0.0,0.0,0.0,1.0,0.0
64503,0.0,0.0,0.0,0.0,1.0,1.0,0.0
64826,0.0,0.0,0.0,0.0,1.0,0.0,0.0
64844,0.0,0.0,0.0,0.0,1.0,1.0,0.0
64850,0.0,0.0,0.0,0.0,1.0,2.0,0.0
65003,0.0,0.0,0.0,0.0,0.0,2.0,0.0
65350,0.0,0.0,0.0,0.0,0.0,0.0,0.0
65672,0.0,0.0,0.0,0.0,0.0,1.0,0.0
65843,0.0,0.0,0.0,0.0,0.0,2.0,0.0
66343,0.0,0.0,0.0,0.0,0.0,0.0,0.0
66425,0.0,0.0,0.0,0.0,0.0,1.0,0.0
66747,0.0,0.0,0.0,0.0,0.0,2.0,0.0
67247,0.0,0.0,0.0,0.0,0.0,0.0,0.0
67913,0.0,0.0,0.0,0.0,0.0,1.0,0.0
68413,0.0,0.0,0.0,0.0,0.0,0.0,0.0
68499,0.0,0.0,0.0,0.0,0.0,1.0,0.0
68999,0.0,0.0,0.0,0.0,0.0,0.0,0.0
69018,0.0,0.0,0.0,0.0,0.0,1.0,0.0
69518,0.0,0.0,0.0,0.0,0.0,0.0,0.0
69923,0.0,0.0,0.0,0.0,0.0,1.0,0.0
70423,0.0,0.0,0.0,0.0,0.0,0.0,0.0
70538,0.0,0.0,0.0,0.0,0.0,1.0,0.0
71038,0.0,0.0,0.0,0.0,0.0,0.0,0.0
71167,0.0,0.0,0.0,0.0,0.0,1.0,0.0
71221,0.0,0.0,0.0,0.0,0.0,2.0,0.0
71721,0.0,0.0,0.0,0.0,0.0,0.0,0.0
72884,0.0,0.0,0.0,0.0,0.0,1.0,0.0
73384,0.0,0.0,0.0,0.0,0.0,0.0,0.0
73465,0.0,0.0,0.0,0.0,0.0,1.0,0.0
73965,0.0,0.0,0.0,0.0,0.0,0.0,0.0
74050,0.0,0.0,0.0,0.0,1.0,1.0,0.0
74550,0.0,0.0,0.0,0.0,0.0,0.0,0.0
74877,0.0,0.0,0.0,0.0,0.0,1.0,0.0
75377,0.0,0.0,0.0,0.0,0.0,0.0,0.0
75479,0.0,0.0,0.0,0.0,0.0,1.0,0.0
75563,0.0,0.0,0.0,0.0,0.0,2.0,0.0
76063,0.0,0.0,0.0,0.0,0.0,0.0,0.0
76332,0.0,0.0,0.0,0.0,0.0,1.0,0.0
76832,0.0,0.0,0.0,0.0,0.0,0.0,0.0
76986,0.0,0.0,0.0,0.0,0.0,1.0,0.0
77486,0.0,0.0,0.0,0.0,0.0,0.0,0.0
77820,0.0,0.0,0.0,0.0,0.0,1.0,0.0
78200,0.0,2.0,0.0,0.0,0.0,1.0,0.0
78320,0.0,2.0,0.0,0.0,0.0,0.0,0.0
78644,0.0,2.0,0.0,0.0,0.0,1.0,0.0
78700,0.0,0.0,0.0,0.0,0.0,1.0,0.0
79144,0.0,0.0,0.0,0.0,0.0,0.0,0.0
79230,0.0,0.0,0.0,0.0,0.0,1.0,0.0
79730,0.0,0.0,0.0,0.0,0.0,0.0,0.0
79735,0.0,0.0,0.0,0.0,0.0,1.0,0.0
79738,0.0,0.0,0.0,0.0,0.0,2.0,0.0
80238,0.0,0.0,0.0,0.0,0.0,0.0,0.0
80400,0.0,0.0,0.0,0.0,0.0,1.0,0.0
80900,0.0,0.0,0.0,0.0,0.0,0.0,0.0
81596,0.0,0.0,0.0,0.0,0.0,1.0,0.0
82096,0.0,0.0,0.0,0.0,0.0,0.0,0.0
83187,0.0,0.0,0.0,0.0,0.0,1.0,0.0
83687,0.0,0.0,0.0,0.0,0.0,0.0,0.0
84584,0.0,0.0,0.0,0.0,0.0,1.0,0.0
85084,0.0,0.0,0.0,0.0,0.0,0.0,0.0
85997,0.0,0.0,0.0,0.0,0.0,1.0,0.0
86497,0.0,0.0,0.0,0.0,0.0,0.0,0.0
87553,0.0,0.0,0.0,0.0,0.0,1.0,0.0
88053,0.0,0.0,0.0,0.0,0.0,0.0,0.0
88068,0.0,0.0,0.0,0.0,0.0,1.0,0.0
88074,0.0,0.0,0.0,0.0,0.0,2.0,0.0
88574,0.0,0.0,0.0,0.0,0.0,0.0,0.0
88688,0.0,0.0,0.0,0.0,0.0,1.0,0.0
89188,0.0,0.0,0.0,0.0,0.0,0.0,0.0
90497,0.0,0.0,0.0,0.0,0.0,1.0,0.0
90574,0.0,0.0,0.0,0.0,0.0,2.0,0.0
91074,0.0,0.0,0.0,0.0,0.0,0.0,0.0
91212,0.0,0.0,0.0,0.0,0.0,1.0,0.0
91712,0.0,0.0,0.0,0.0,0.0,0.0,0.0
91870,0.0,0.0,0.0,0.0,0.0,1.0,0.0
92370,0.0,0.0,0.0,0.0,0.0,0.0,0.0
92410,0.0,0.0,0.0,0.0,0.0,1.0,0.0
92661,0.0,0.0,0.0,0.0,0.0,2.0,0.0
93161,0.0,0.0,0.0,0.0,0.0,0.0,0.0
93753,0.0,0.0,0.0,0.0,0.0,1.0,0.0
93950,0.0,0.0,0.0,0.0,0.0,2.0,0.0
94450,0.0,0.0,0.0,0.0,0.0,0.0,0.0
94530,0.0,0.0,0.0,0.0,0.0,1.0,0.0
95030,0.0,0.0,0.0,0.0,0.0,0.0,0.0
95118,0.0,0.0,0.0,0.0,0.0,1.0,0.0
95618,0.0,0.0,0.0,0.0,0.0,0.0,0.0
96407,0.0,0.0,0.0,0.0,0.0,1.0,0.0
96654,0.0,2.0,0.0,0.0,0.0,1.0,0.0
96695,0.0,2.0,0.0,0.0,1.0,1.0,0.0
96698,0.0,2.0,0.0,0.0,1.0,2.0,0.0
97154,0.0,0.0,0.0,0.0,1.0,2.0,0.0
97198,0.0,0.0,0.0,0.0,1.0,0.0,0.0
97246,0.0,0.0,0.0,0.0,2.0,0.0,0.0
97256,0.0,0.0,0.0,0.0,2.0,1.0,0.0
97746,0.0,0.0,0.0,0.0,0.0,1.0,0.0
97756,0.0,0.0,0.0,0.0,0.0,0.0,0.0
97815,0.0,0.0,0.0,0.0,0.0,1.0,0.0
97924,0.0,0.0,0.0,0.0,0.0,2.0,0.0
98424,0.0,0.0,0.0,0.0,0.0,0.0,0.0
98608,0.0,0.0,0.0,0.0,0.0,1.0,0.0
98614,0.0,0.0,0.0,0.0,0.0,2.0,0.0
99114,0.0,0.0,0.0,0.0,0.0,0.0,0.0
99157,0.0,0.0,0.0,0.0,0.0,1.0,0.0
99657,0.0,0.0,0.0,0.0,0.0,0.0,0.0
101035,0.0,0.0,0.0,0.0,0.0,1.0,0.0
101535,0.0,0.0,0.0,0.0,0.0,0.0,0.0
104118,0.0,0.0,0.0,0.0,0.0,1.0,0.0
104618,0.0,0.0,0.0,0.0,0.0,0.0,0.0
106143,0.0,0.0,0.0,0.0,0.0,1.0,0.0
106621,0.0,0.0,0.0,0.0,1.0,1.0,0.0
106643,0.0,0.0,0.0,0.0,1.0,0.0,0.0
107121,0.0,0.0,0.0,0.0,0.0,0.0,0.0
107648,0.0,0.0,0.0,0.0,0.0,1.0,0.0
107650,0.0,0.0,0.0,0.0,0.0,2.0,0.0
108150,0.0,0.0,0.0,0.0,0.0,0.0,0.0
109757,0.0,0.0,0.0,0.0,0.0,1.0,0.0
110257,0.0,0.0,0.0,0.0,0.0,0.0,0.0
111236,0.0,0.0,0.0,0.0,0.0,1.0,0.0
111736,0.0,0.0,0.0,0.0,0.0,0.0,0.0
112061,0.0,0.0,0.0,0.0,0.0,1.0,0.0
112561,0.0,0.0,0.0,0.0,0.0,0.0,0.0
113500,0.0,0.0,0.0,0.0,0.0,1.0,0.0
113729,0.0,0.0,0.0,0.0,1.0,1.0,0.0
114000,0.0,0.0,0.0,0.0,1.0,0.0,0.0
114229,0.0,0.0,0.0,0.0,0.0,0.0,0.0
119407,0.0,0.0,0.0,0.0,0.0,1.0,0.0
119907,0.0,0.0,0.0,0.0,0.0,0.0,0.0
121369,0.0,0.0,0.0,0.0,0.0,1.0,0.0
121869,0.0,0.0,0.0,0.0,0.0,0.0,0.0
122814,0.0,0.0,0.0,0.0,0.0,1.0,0.0
123314,0.0,0.0,0.0,0.0,0.0,0.0,0.0
128507,0.0,0.0,0.0,0.0,0.0,1.0,0.0
129007,0.0,0.0,0.0,0.0,0.0,0.0,0.0
130766,0.0,0.0,0.0,0.0,0.0,1.0,0.0
131266,0.0,0.0,0.0,0.0,0.0,0.0,0.0
133989,0.0,0.0,0.0,0.0,0.0,1.0,0.0
134489,0.0,0.0,0.0,0.0,0.0,0.0,0.0
135816,0.0,0.0,0.0,0.0,0.0,1.0,0.0
136316,0.0,0.0,0.0,0.0,0.0,0.0,0.0
136919,0.0,0.0,0.0,0.0,0.0,1.0,0.0
136921,0.0,0.0,0.0,0.0,0.0,2.0,0.0
137421,0.0,0.0,0.0,0.0,0.0,0.0,0.0
138041,0.0,0.0,0.0,0.0,0.0,1.0,0.0
138541,0.0,0.0,0.0,0.0,0.0,0.0,0.0
139689,0.0,0.0,0.0,0.0,0.0,1.0,0.0
140189,0.0,0.0,0.0,0.0,0.0,0.0,0.0
142513,0.0,0.0,0.0,0.0,0.0,1.0,0.0
143013,0.0,0.0,0.0,0.0,0.0,0.0,0.0
145535,0.0,0.0,0.0,0.0,0.0,1.0,0.0
146035,0.0,0.0,0.0,0.0,0.0,0.0,0.0
147765,0.0,0.0,0.0,0.0,0.0,1.0,0.0
148265,0.0,0.0,0.0,0.0,0.0,0.0,0.0
148540,0.0,0.0,0.0,0.0,0.0,1.0,0.0
149040,0.0,0.0,0.0,0.0,0.0,0.0,0.0
150704,0.0,0.0,0.0,0.0,0.0,1.0,0.0
151204,0.0,0.0,0.0,0.0,0.0,0.0,0.0
154572,0.0,0.0,0.0,0.0,0.0,1.0,0.0
155072,0.0,0.0,0.0,0.0,0.0,0.0,0.0
156522,0.0,0.0,0.0,0.0,0.0,1.0,0.0
157022,0.0,0.0,0.0,0.0,0.0,0.0,0.0
157928,0.0,0.0,0.0,0.0,0.0,1.0,0.0
157938,0.0,0.0,0.0,0.0,0.0,2.0,0.0
158438,0.0,0.0,0.0,0.0,0.0,0.0,0.0
162321,0.0,0.0,0.0,0.0,0.0,1.0,0.0
162821,0.0,0.0,0.0,0.0,0.0,0.0,0.0
166973,0.0,0.0,0.0,0.0,0.0,1.0,0.0
167473,0.0,0.0,0.0,0.0,0.0,0.0,0.0
168499,0.0,0.0,0.0,0.0,0.0,1.0,0.0
168999,0.0,0.0,0.0,0.0,0.0,0.0,0.0
170504,0.0,0.0,0.0,0.0,0.0,1.0,0.0
171004,0.0,0.0,0.0,0.0,0.0,0.0,0.0
174643,0.0,0.0,0.0,0.0,0.0,1.0,0.0
175143,0.0,0.0,0.0,0.0,0.0,0.0,0.0
175175,0.0,0.0,0.0,0.0,0.0,1.0,0.0
175675,0.0,0.0,0.0,0.0,0.0,0.0,0.0
175783,0.0,0.0,0.0,0.0,0.0,1.0,0.0
176283,0.0,0.0,0.0,0.0,0.0,0.0,0.0
178491,0.0,0.0,0.0,0.0,0.0,1.0,0.0
178991,0.0,0.0,0.0,0.0,0.0,0.0,0.0
181255,0.0,0.0,0.0,0.0,0.0,1.0,0.0
181755,0.0,0.0,0.0,0.0,0.0,0.0,0.0
182613,0.0,0.0,0.0,0.0,0.0,1.0,0.0
183113,0.0,0.0,0.0,0.0,0.0,0.0,0.0
183882,0.0,0.0,0.0,0.0,0.0,1.0,0.0
184382,0.0,0.0,0.0,0.0,0.0,0.0,0.0
186011,0.0,0.0,0.0,0.0,0.0,1.0,0.0
186511,0.0,0.0,0.0,0.0,0.0,0.0,0.0
187358,0.0,0.0,0.0,0.0,0.0,1.0,0.0
187858,0.0,0.0,0.0,0.0,0.0,0.0,0.0
190555,0.0,0.0,0.0,0.0,0.0,1.0,0.0
191055,0.0,0.0,0.0,0.0,0.0,0.0,0.0
191377,0.0,0.0,0.0,0.0,0.0,1.0,0.0
191634,0.0,0.0,0.0,0.0,0.0,2.0,0.0
192134,0.0,0.0,0.0,0.0,0.0,0.0,0.0
192897,0.0,0.0,0.0,0.0,0.0,1.0,0.0
193397,0.0,0.0,0.0,0.0,0.0,0.0,0.0
194612,0.0,0.0,0.0,0.0,0.0,1.0,0.0
195112,0.0,0.0,0.0,0.0,0.0,0.0,0.0
195384,0.0,0.0,0.0,0.0,0.0,1.0,0.0
195884,0.0,0.0,0.0,0.0,0.0,0.0,0.0
198812,0.0,0.0,0.0,0.0,0.0,1.0,0.0
199312,0.0,0.0,0.0,0.0,0.0,0.0,0.0
199574,0.0,0.0,0.0,0.0,0.0,1.0,0.0
200074,0.0,0.0,0.0,0.0,0.0,0.0,0.0
200438,0.0,0.0,0.0,0.0,0.0,1.0,0.0
200443,0.0,0.0,0.0,0.0,0.0,2.0,0.0
200943,0.0,0.0,0.0,0.0,0.0,0.0,0.0
201000,0.0,0.0,0.0,0.0,0.0,0.0,1.0
201374,0.0,0.0,0.0,0.0,0.0,1.0,1.0
201500,0.0,0.0,0.0,0.0,0.0,1.0,0.0
201535,2.0,0.0,0.0,0.0,0.0,1.0,0.0
201545,2.0,0.0,0.0,0.0,0.0,2.0,0.0
201552,2.0,2.0,0.0,0.0,0.0,2.0,0.0
201831,2.0,2.0,0.0,0.0,1.0,2.0,0.0
201938,2.0,2.0,0.0,0.0,2.0,2.0,0.0
202035,0.0,2.0,0.0,0.0,2.0,2.0,0.0
202045,0.0,2.0,0.0,0.0,2.0,0.0,0.0
202052,0.0,0.0,0.0,0.0,2.0,0.0,0.0
202143,2.0,0.0,0.0,0.0,2.0,0.0,0.0
202164,2.0,0.0,0.0,0.0,2.0,1.0,0.0
202438,2.0,0.0,0.0,0.0,0.0,1.0,0.0
202612,2.0,2.0,0.0,0.0,0.0,1.0,0.0
202643,0.0,2.0,0.0,0.0,0.0,1.0,0.0
202664,0.0,2.0,0.0,0.0,0.0,0.0,0.0
203112,0.0,0.0,0.0,0.0,0.0,0.0,0.0
203270,0.0,0.0,0.0,0.0,0.0,1.0,0.0
203373,0.0,0.0,1.0,0.0,0.0,1.0,0.0
203466,0.0,0.0,1.0,0.0,0.0,2.0,0.0
203966,0.0,0.0,1.0,0.0,0.0,0.0,0.0
204301,0.0,0.0,1.0,0.0,0.0,1.0,0.0
204801,0.0,0.0,1.0,0.0,0.0,0.0,0.0
204831,0.0,0.0,2.0,0.0,0.0,0.0,0.0
205331,0.0,0.0,0.0,0.0,0.0,0.0,0.0
206414,0.0,0.0,0.0,0.0,0.0,1.0,0.0
206417,0.0,0.0,0.0,0.0,0.0,2.0,0.0
206437,0.0,0.0,0.0,0.0,1.0,2.0,0.0
206917,0.0,0.0,0.0,0.0,1.0,0.0,0.0
206937,0.0,0.0,0.0,0.0,0.0,0.0,0.0
207472,0.0,0.0,0.0,0.0,0.0,1.0,0.0
207474,0.0,0.0,0.0,0.0,1.0,1.0,0.0
207938,0.0,0.0,0.0,0.0,1.0,2.0,0.0
207974,0.0,0.0,0.0,0.0,0.0,2.0,0.0
208438,0.0,0.0,0.0,0.0,0.0,0.0,0.0
208507,0.0,0.0,1.0,0.0,0.0,0.0,0.0
209007,0.0,0.0,0.0,0.0,0.0,0.0,0.0
209031,0.0,0.0,1.0,0.0,0.0,0.0,0.0
209531,0.0,0.0,0.0,0.0,0.0,0.0,0.0
209588,0.0,0.0,0.0,0.0,0.0,1.0,0.0
209617,0.0,0.0,1.0,0.0,0.0,1.0,0.0
210088,0.0,0.0,1.0,0.0,0.0,0.0,0.0
210117,0.0,0.0,0.0,0.0,0.0,0.0,0.0
210420,0.0,0.0,1.0,0.0,0.0,0.0,0.0
210917,0.0,0.0,1.0,0.0,0.0,1.0,0.0
211417,0.0,0.0,1.0,0.0,0.0,0.0,0.0
211420,0.0,0.0,0.0,0.0,0.0,0.0,0.0
212097,0.0,0.0,0.0,0.0,0.0,1.0,0.0
212597,0.0,0.0,0.0,0.0,0.0,0.0,0.0
213022,0.0,0.0,0.0,0.0,1.0,1.0,0.0
213025,0.0,0.0,0.0,0.0,2.0,1.0,0.0
213522,0.0,0.0,0.0,0.0,2.0,0.0,0.0
213525,0.0,0.0,0.0,0.0,0.0,0.0,0.0
213957,0.0,0.0,0.0,0.0,0.0,1.0,0.0
214457,0.0,0.0,0.0,0.0,0.0,0.0,0.0
214900,0.0,0.0,0.0,0.0,0.0,1.0,0.0
215400,0.0,0.0,0.0,0.0,0.0,0.0,0.0
215452,0.0,0.0,0.0,0.0,0.0,1.0,0.0
215455,0.0,0.0,0.0,0.0,0.0,2.0,0.0
215955,0.0,0.0,0.0,0.0,0.0,0.0,0.0
216132,0.0,0.0,0.0,0.0,0.0,1.0,0.0
216146,0.0,0.0,0.0,0.0,0.0,2.0,0.0
216646,0.0,0.0,0.0,0.0,0.0,0.0,0.0
217154,0.0,0.0,0.0,0.0,0.0,1.0,0.0
217628,0.0,0.0,0.0,0.0,0.0,2.0,0.0
218128,0.0,0.0,0.0,0.0,0.0,0.0,0.0
218682,0.0,0.0,0.0,0.0,0.0,1.0,0.0
219182,0.0,0.0,0.0,0.0,0.0,0.0,0.0
219240,0.0,0.0,0.0,0.0,0.0,1.0,0.0
219243,0.0,0.0,0.0,0.0,0.0,2.0,0.0
219743,0.0,0.0,0.0,0.0,0.0,0.0,0.0
219857,0.0,0.0,0.0,0.0,0.0,1.0,0.0
219947,0.0,0.0,0.0,0.0,0.0,2.0,0.0
220283,0.0,0.0,0.0,0.0,1.0,2.0,0.0
220447,0.0,0.0,0.0,0.0,1.0,0.0,0.0
220783,0.0,0.0,0.0,0.0,0.0,0.0,0.0
221632,0.0,0.0,0.0,0.0,0.0,1.0,0.0
221638,0.0,0.0,0.0,0.0,0.0,2.0,0.0
222138,0.0,0.0,0.0,0.0,0.0,0.0,0.0
222502,0.0,0.0,0.0,0.0,0.0,1.0,0.0
222511,0.0,0.0,0.0,0.0,0.0,2.0,0.0
222512,0.0,0.0,0.0,0.0,1.0,2.0,0.0
222525,0.0,0.0,0.0,0.0,2.0,2.0,0.0
223011,0.0,0.0,0.0,0.0,2.0,0.0,0.0
223025,0.0,0.0,0.0,0.0,0.0,0.0,0.0
223371,0.0,0.0,0.0,0.0,0.0,1.0,0.0
223871,0.0,0.0,0.0,0.0,0.0,0.0,0.0
223905,0.0,0.0,0.0,0.0,0.0,1.0,0.0
224405,0.0,0.0,0.0,0.0,0.0,0.0,0.0
224407,0.0,0.0,0.0,0.0,0.0,1.0,0.0
224907,0.0,0.0,0.0,0.0,0.0,0.0,0.0
224961,0.0,0.0,0.0,0.0,0.0,1.0,0.0
224990,0.0,0.0,0.0,0.0,0.0,2.0,0.0
225490,0.0,0.0,0.0,0.0,0.0,0.0,0.0
225696,0.0,0.0,0.0,0.0,1.0,1.0,0.0
225834,0.0,0.0,0.0,0.0,1.0,2.0,0.0
226196,0.0,0.0,0.0,0.0,0.0,2.0,0.0
226334,0.0,0.0,0.0,0.0,0.0,0.0,0.0
226867,0.0,0.0,0.0,0.0,0.0,1.0,0.0
227367,0.0,0.0,0.0,0.0,0.0,0.0,0.0
227741,0.0,0.0,0.0,0.0,0.0,1.0,0.0
228241,0.0,0.0,0.0,0.0,0.0,0.0,0.0
228586,0.0,0.0,0.0,0.0,0.0,1.0,0.0
228589,0.0,0.0,0.0,0.0,0.0,2.0,0.0
229089,0.0,0.0,0.0,0.0,0.0,0.0,0.0
229809,0.0,0.0,0.0,0.0,0.0,1.0,0.0
230010,0.0,0.0,0.0,0.0,0.0,2.0,0.0
230510,0.0,0.0,0.0,0.0,0.0,0.0,0.0
230614,0.0,0.0,0.0,0.0,0.0,1.0,0.0
230986,0.0,0.0,0.0,0.0,0.0,2.0,0.0
231486,0.0,0.0,0.0,0.0,0.0,0.0,0.0
231612,0.0,0.0,0.0,0.0,0.0,1.0,0.0
232096,0.0,0.0,0.0,0.0,0.0,2.0,0.0
232596,0.0,0.0,0.0,0.0,0.0,0.0,0.0
232993,0.0,0.0,0.0,0.0,0.0,1.0,0.0
232996,0.0,0.0,0.0,0.0,0.0,2.0,0.0
233496,0.0,0.0,0.0,0.0,0.0,0.0,0.0
233528,0.0,0.0,0.0,0.0,0.0,1.0,0.0
233667,0.0,0.0,0.0,0.0,0.0,2.0,0.0
234167,0.0,0.0,0.0,0.0,0.0,0.0,0.0
234362,0.0,0.0,0.0,0.0,0.0,1.0,0.0
234747,0.0,0.0,0.0,0.0,0.0,2.0,0.0
235247,0.0,0.0,0.0,0.0,0.0,0.0,0.0
235461,0.0,0.0,0.0,0.0,0.0,1.0,0.0
235635,0.0,0.0,0.0,0.0,0.0,2.0,0.0
236135,0.0,0.0,0.0,0.0,0.0,0.0,0.0
236228,0.0,0.0,0.0,0.0,0.0,1.0,0.0
236231,0.0,0.0,0.0,0.0,0.0,2.0,0.0
236731,0.0,0.0,0.0,0.0,0.0,0.0,0.0
237221,0.0,0.0,0.0,0.0,0.0,1.0,0.0
237456,0.0,0.0,0.0,0.0,0.0,2.0,0.0
237956,0.0,0.0,0.0,0.0,0.0,0.0,0.0
238066,0.0,0.0,0.0,0.0,0.0,1.0,0.0
238566,0.0,0.0,0.0,0.0,0.0,0.0,0.0
238755,0.0,0.0,0.0,0.0,0.0,1.0,0.0
238759,0.0,0.0,0.0,0.0,0.0,2.0,0.0
238768,0.0,0.0,0.0,0.0,1.0,2.0,0.0
239259,0.0,0.0,0.0,0.0,1.0,0.0,0.0
239268,0.0,0.0,0.0,0.0,0.0,0.0,0.0
239456,0.0,0.0,0.0,0.0,0.0,1.0,0.0
239725,0.0,0.0,0.0,0.0,0.0,2.0,0.0
240225,0.0,0.0,0.0,0.0,0.0,0.0,0.0
241255,0.0,0.0,0.0,0.0,0.0,1.0,0.0
241755,0.0,0.0,0.0,0.0,0.0,0.0,0.0
241869,0.0,0.0,0.0,0.0,0.0,1.0,0.0
241898,0.0,0.0,0.0,0.0,0.0,2.0,0.0
242120,0.0,2.0,0.0,0.0,0.0,2.0,0.0
242398,0.0,2.0,0.0,0.0,0.0,0.0,0.0
242445,0.0,2.0,0.0,0.0,0.0,1.0,0.0
242612,0.0,2.0,0.0,0.0,0.0,2.0,0.0
242620,0.0,0.0,0.0,0.0,0.0,2.0,0.0
243112,0.0,0.0,0.0,0.0,0.0,0.0,0.0
243867,0.0,0.0,0.0,0.0,0.0,1.0,0.0
244367,0.0,0.0,0.0,0.0,0.0,0.0,0.0
244701,0.0,0.0,0.0,0.0,0.0,1.0,0.0
244713,0.0,0.0,0.0,0.0,0.0,2.0,0.0
245213,0.0,0.0,0.0,0.0,0.0,0.0,0.0
245603,0.0,0.0,0.0,0.0,0.0,1.0,0.0
245938,0.0,0.0,0.0,0.0,0.0,2.0,0.0
246438,0.0,0.0,0.0,0.0,0.0,0.0,0.0
246678,0.0,0.0,0.0,0.0,0.0,1.0,0.0
247178,0.0,0.0,0.0,0.0,0.0,0.0,0.0
247293,0.0,0.0,0.0,0.0,0.0,1.0,0.0
247793,0.0,0.0,0.0,0.0,0.0,0.0,0.0
248013,0.0,0.0,0.0,0.0,0.0,1.0,0.0
248019,0.0,0.0,0.0,0.0,0.0,2.0,0.0
248519,0.0,0.0,0.0,0.0,0.0,0.0,0.0
248760,0.0,0.0,0.0,0.0,0.0,1.0,0.0
248791,0.0,0.0,0.0,0.0,0.0,2.0,0.0
249291,0.0,0.0,0.0,0.0,0.0,0.0,0.0
249821,0.0,0.0,0.0,0.0,0.0,1.0,0.0
250321,0.0,0.0,0.0,0.0,0.0,0.0,0.0
250448,0.0,0.0,0.0,0.0,0.0,1.0,0.0
250655,0.0,0.0,0.0,0.0,0.0,2.0,0.0
250757,0.0,2.0,0.0,0.0,0.0,2.0,0.0
251155,0.0,2.0,0.0,0.0,0.0,0.0,0.0
251257,0.0,0.0,0.0,0.0,0.0,0.0,0.0
251725,0.0,0.0,0.0,0.0,0.0,1.0,0.0
252225,0.0,0.0,0.0,0.0,0.0,0.0,0.0
252428,0.0,0.0,0.0,0.0,0.0,1.0,0.0
252849,0.0,0.0,0.0,0.0,0.0,2.0,0.0
253349,0.0,0.0,0.0,0.0,0.0,0.0,0.0
253747,0.0,0.0,0.0,0.0,0.0,1.0,0.0
254247,0.0,0.0,0.0,0.0,0.0,0.0,0.0
255050,0.0,2.0,0.0,0.0,0.0,0.0,0.0
255550,0.0,0.0,0.0,0.0,0.0,0.0,0.0
256138,0.0,0.0,0.0,0.0,0.0,1.0,0.0
256385,0.0,0.0,0.0,0.0,0.0,2.0,0.0
256885,0.0,0.0,0.0,0.0,0.0,0.0,0.0
259229,0.0,0.0,0.0,0.0,0.0,1.0,0.0
259258,0.0,0.0,0.0,0.0,0.0,2.0,0.0
259758,0.0,0.0,0.0,0.0,0.0,0.0,0.0
259822,0.0,0.0,0.0,0.0,0.0,1.0,0.0
259826,0.0,0.0,0.0,0.0,0.0,2.0,0.0
260326,0.0,0.0,0.0,0.0,0.0,0.0,0.0
260357,0.0,0.0,0.0,0.0,0.0,1.0,0.0
260630,0.0,0.0,0.0,0.0,0.0,2.0,0.0
261130,0.0,0.0,0.0,0.0,0.0,0.0,0.0
261148,0.0,0.0,0.0,0.0,0.0,1.0,0.0
261156,0.0,0.0,0.0,0.0,0.0,2.0,0.0
261656,0.0,0.0,0.0,0.0,0.0,0.0,0.0
262120,0.0,0.0,0.0,0.0,0.0,1.0,0.0
262620,0.0,0.0,0.0,0.0,0.0,0.0,0.0
263430,0.0,0.0,0.0,0.0,0.0,1.0,0.0
263458,0.0,0.0,0.0,0.0,0.0,2.0,0.0
263958,0.0,0.0,0.0,0.0,0.0,0.0,0.0
264411,0.0,0.0,0.0,0.0,0.0,1.0,0.0
264678,0.0,0.0,0.0,0.0,0.0,2.0,0.0
265178,0.0,0.0,0.0,0.0,0.0,0.0,0.0
265752,0.0,0.0,0.0,0.0,0.0,1.0,0.0
266252,0.0,0.0,0.0,0.0,0.0,0.0,0.0
266263,0.0,0.0,0.0,0.0,0.0,1.0,0.0
266763,0.0,0.0,0.0,0.0,0.0,0.0,0.0
267146,0.0,0.0,0.0,0.0,0.0,1.0,0.0
267646,0.0,0.0,0.0,0.0,0.0,0.0,0.0
268356,0.0,0.0,0.0,0.0,0.0,1.0,0.0
268856,0.0,0.0,0.0,0.0,0.0,0.0,0.0
268878,0.0,0.0,0.0,0.0,0.0,1.0,0.0
268881,0.0,0.0,0.0,0.0,0.0,2.0,0.0
269381,0.0,0.0,0.0,0.0,0.0,0.0,0.0
269698,0.0,0.0,0.0,0.0,0.0,1.0,0.0
270198,0.0,0.0,0.0,0.0,0.0,0.0,0.0
270276,0.0,0.0,0.0,0.0,0.0,1.0,0.0
270776,0.0,0.0,0.0,0.0,0.0,0.0,0.0
270822,0.0,0.0,0.0,0.0,0.0,1.0,0.0
271322,0.0,0.0,0.0,0.0,0.0,0.0,0.0
271502,0.0,0.0,0.0,0.0,0.0,1.0,0.0
272002,0.0,0.0,0.0,0.0,0.0,0.0,0.0
272100,0.0,0.0,0.0,0.0,0.0,1.0,0.0
272600,0.0,0.0,0.0,0.0,0.0,0.0,0.0
272749,0.0,0.0,0.0,0.0,0.0,1.0,0.0
272841,0.0,0.0,0.0,0.0,0.0,2.0,0.0
273341,0.0,0.0,0.0,0.0,0.0,0.0,0.0
273830,0.0,0.0,0.0,0.0,0.0,1.0,0.0
274330,0.0,0.0,0.0,0.0,0.0,0.0,0.0
274598,0.0,0.0,0.0,0.0,0.0,1.0,0.0
274966,0.0,2.0,0.0,0.0,0.0,1.0,0.0
275098,0.0,2.0,0.0,0.0,0.0,0.0,0.0
275316,0.0,2.0,0.0,0.0,0.0,1.0,0.0
275466,0.0,0.0,0.0,0.0,0.0,1.0,0.0
275816,0.0,0.0,0.0,0.0,0.0,0.0,0.0
276053,0.0,0.0,0.0,0.0,0.0,1.0,0.0
276553,0.0,0.0,0.0,0.0,0.0,0.0,0.0
276590,0.0,0.0,0.0,0.0,0.0,1.0,0.0
277090,0.0,0.0,0.0,0.0,0.0,0.0,0.0
277195,0.0,0.0,0.0,0.0,0.0,1.0,0.0
277279,0.0,0.0,0.0,0.0,0.0,2.0,0.0
277779,0.0,0.0,0.0,0.0,0.0,0.0,0.0
277927,0.0,0.0,0.0,0.0,0.0,1.0,0.0
278427,0.0,0.0,0.0,0.0,0.0,0.0,0.0
278442,0.0,0.0,0.0,0.0,0.0,1.0,0.0
278445,0.0,0.0,0.0,0.0,0.0,2.0,0.0
278945,0.0,0.0,0.0,0.0,0.0,0.0,0.0
280130,0.0,0.0,0.0,0.0,0.0,1.0,0.0
280133,0.0,0.0,0.0,0.0,0.0,2.0,0.0
280633,0.0,0.0,0.0,0.0,0.0,0.0,0.0
282177,0.0,0.0,0.0,0.0,0.0,1.0,0.0
282677,0.0,0.0,0.0,0.0,0.0,0.0,0.0
282974,0.0,0.0,0.0,0.0,0.0,1.0,0.0
283474,0.0,0.0,0.0,0.0,0.0,0.0,0.0
283565,0.0,0.0,0.0,0.0,0.0,1.0,0.0
283684,0.0,0.0,0.0,0.0,0.0,2.0,0.0
283959,0.0,2.0,0.0,0.0,0.0,2.0,0.0
284184,0.0,2.0,0.0,0.0,0.0,0.0,0.0
284459,0.0,0.0,0.0,0.0,0.0,0.0,0.0
284802,0.0,0.0,0.0,0.0,0.0,1.0,0.0
285291,0.0,0.0,0.0,0.0,0.0,2.0,0.0
285791,0.0,0.0,0.0,0.0,0.0,0.0,0.0
286160,0.0,0.0,0.0,0.0,0.0,1.0,0.0
286660,0.0,0.0,0.0,0.0,0.0,0.0,0.0
286765,0.0,0.0,0.0,0.0,0.0,1.0,0.0
286768,0.0,0.0,0.0,0.0,0.0,2.0,0.0
287268,0.0,0.0,0.0,0.0,0.0,0.0,0.0
287596,0.0,2.0,0.0,0.0,0.0,0.0,0.0
287997,0.0,2.0,0.0,0.0,0.0,1.0,0.0
288096,0.0,0.0,0.0,0.0,0.0,1.0,0.0
288497,0.0,0.0,0.0,0.0,0.0,0.0,0.0
288834,0.0,0.0,0.0,0.0,0.0,1.0,0.0
289334,0.0,0.0,0.0,0.0,0.0,0.0,0.0
289336,0.0,0.0,0.0,0.0,0.0,1.0,0.0
289339,0.0,0.0,0.0,0.0,0.0,2.0,0.0
289839,0.0,0.0,0.0,0.0,0.0,0.0,0.0
290464,0.0,0.0,0.0,0.0,0.0,1.0,0.0
290964,0.0,0.0,0.0,0.0,0.0,0.0,0.0
291772,0.0,0.0,0.0,0.0,0.0,1.0,0.0
292272,0.0,0.0,0.0,0.0,0.0,0.0,0.0
292406,0.0,0.0,0.0,0.0,0.0,1.0,0.0
292409,0.0,0.0,0.0,0.0,0.0,2.0,0.0
292909,0.0,0.0,0.0,0.0,0.0,0.0,0.0
292914,0.0,0.0,0.0,0.0,0.0,1.0,0.0
293197,0.0,0.0,0.0,0.0,0.0,2.0,0.0
293697,0.0,0.0,0.0,0.0,0.0,0.0,0.0
294324,0.0,0.0,0.0,0.0,0.0,1.0,0.0
294824,0.0,0.0,0.0,0.0,0.0,0.0,0.0
294888,0.0,0.0,0.0,0.0,0.0,1.0,0.0
295133,0.0,0.0,0.0,0.0,0.0,2.0,0.0
295633,0.0,0.0,0.0,0.0,0.0,0.0,0.0
296772,0.0,0.0,0.0,0.0,0.0,1.0,0.0
296775,0.0,0.0,0.0,0.0,0.0,2.0,0.0
297275,0.0,0.0,0.0,0.0,0.0,0.0,0.0
297387,0.0,0.0,0.0,0.0,0.0,1.0,0.0
297842,0.0,0.0,0.0,0.0,0.0,2.0,0.0
298342,0.0,0.0,0.0,0.0,0.0,0.0,0.0
298345,0.0,0.0,0.0,0.0,0.0,1.0,0.0
298845,0.0,0.0,0.0,0.0,0.0,0.0,0.0
299076,0.0,0.0,0.0,0.0,0.0,1.0,0.0
299534,0.0,0.0,0.0,0.0,0.0,2.0,0.0
300034,0.0,0.0,0.0,0.0,0.0,0.0,0.0
300056,0.0,0.0,0.0,0.0,0.0,1.0,0.0
300556,0.0,0.0,0.0,0.0,0.0,0.0,0.0
300661,0.0,0.0,0.0,0.0,0.0,1.0,0.0
300944,0.0,0.0,0.0,0.0,0.0,2.0,0.0
300956,0.0,0.0,0.0,0.0,1.0,2.0,0.0
301444,0.0,0.0,0.0,0.0,1.0,0.0,0.0
301456,0.0,0.0,0.0,0.0,0.0,0.0,0.0
309985,0.0,0.0,0.0,0.0,0.0,1.0,0.0
310485,0.0,0.0,0.0,0.0,0.0,0.0,0.0
310651,0.0,0.0,0.0,0.0,0.0,1.0,0.0
311151,0.0,0.0,0.0,0.0,0.0,0.0,0.0
311225,0.0,0.0,0.0,0.0,0.0,1.0,0.0
311332,0.0,0.0,0.0,0.0,0.0,2.0,0.0
311832,0.0,0.0,0.0,0.0,0.0,0.0,0.0
318115,0.0,0.0,0.0,0.0,0.0,1.0,0.0
318615,0.0,0.0,0.0,0.0,0.0,0.0,0.0
321450,0.0,0.0,0.0,0.0,0.0,1.0,0.0
321950,0.0,0.0,0.0,0.0,0.0,0.0,0.0
324421,0.0,0.0,0.0,0.0,0.0,1.0,0.0
324921,0.0,0.0,0.0,0.0,0.0,0.0,0.0
325633,0.0,0.0,0.0,0.0,0.0,1.0,0.0
326133,0.0,0.0,0.0,0.0,0.0,0.0,0.0
326329,0.0,0.0,0.0,0.0,0.0,1.0,0.0
326829,0.0,0.0,0.0,0.0,0.0,0.0,0.0
330208,0.0,0.0,0.0,0.0,0.0,1.0,0.0
330708,0.0,0.0,0.0,0.0,0.0,0.0,0.0
331343,0.0,0.0,0.0,0.0,0.0,1.0,0.0
331843,0.0,0.0,0.0,0.0,0.0,0.0,0.0
331963,0.0,0.0,0.0,0.0,0.0,1.0,0.0
332463,0.0,0.0,0.0,0.0,0.0,0.0,0.0
332484,0.0,0.0,0.0,0.0,0.0,1.0,0.0
332984,0.0,0.0,0.0,0.0,0.0,0.0,0.0
333014,0.0,0.0,0.0,0.0,0.0,1.0,0.0
333514,0.0,0.0,0.0,0.0,0.0,0.0,0.0
334525,0.0,0.0,0.0,0.0,0.0,1.0,0.0
334530,0.0,0.0,0.0,0.0,0.0,2.0,0.0
335030,0.0,0.0,0.0,0.0,0.0,0.0,0.0
337995,0.0,0.0,0.0,0.0,0.0,1.0,0.0
337999,0.0,0.0,0.0,0.0,0.0,2.0,0.0
338499,0.0,0.0,0.0,0.0,0.0,0.0,0.0
340895,0.0,0.0,0.0,0.0,0.0,1.0,0.0
341395,0.0,0.0,0.0,0.0,0.0,0.0,0.0
343427,0.0,0.0,0.0,0.0,0.0,1.0,0.0
343927,0.0,0.0,0.0,0.0,0.0,0.0,0.0
346539,0.0,0.0,0.0,0.0,0.0,1.0,0.0
347039,0.0,0.0,0.0,0.0,0.0,0.0,0.0
350305,0.0,0.0,0.0,0.0,0.0,1.0,0.0
350805,0.0,0.0,0.0,0.0,0.0,0.0,0.0
354685,0.0,0.0,0.0,0.0,0.0,1.0,0.0
355185,0.0,0.0,0.0,0.0,0.0,0.0,0.0
359117,0.0,0.0,0.0,0.0,0.0,1.0,0.0
359617,0.0,0.0,0.0,0.0,0.0,0.0,0.0
360979,0.0,0.0,0.0,0.0,0.0,1.0,0.0
361479,0.0,0.0,0.0,0.0,0.0,0.0,0.0
362118,0.0,0.0,0.0,0.0,0.0,1.0,0.0
362618,0.0,0.0,0.0,0.0,0.0,0.0,0.0
362806,0.0,0.0,0.0,0.0,0.0,1.0,0.0
363306,0.0,0.0,0.0,0.0,0.0,0.0,0.0
363575,0.0,0.0,0.0,0.0,0.0,1.0,0.0
364075,0.0,0.0,0.0,0.0,0.0,0.0,0.0
366800,0.0,0.0,0.0,0.0,0.0,1.0,0.0
367300,0.0,0.0,0.0,0.0,0.0,0.0,0.0
367445,0.0,0.0,0.0,0.0,0.0,1.0,0.0
367945,0.0,0.0,0.0,0.0,0.0,0.0,0.0
369237,0.0,0.0,0.0,0.0,0.0,1.0,0.0
369737,0.0,0.0,0.0,0.0,0.0,0.0,0.0
371906,0.0,0.0,0.0,0.0,0.0,1.0,0.0
372406,0.0,0.0,0.0,0.0,0.0,0.0,0.0
373244,0.0,0.0,0.0,0.0,0.0,1.0,0.0
373744,0.0,0.0,0.0,0.0,0.0,0.0,0.0
373890,0.0,0.0,0.0,0.0,0.0,1.0,0.0
374390,0.0,0.0,0.0,0.0,0.0,0.0,0.0
375294,0.0,0.0,0.0,0.0,0.0,1.0,0.0
375794,0.0,0.0,0.0,0.0,0.0,0.0,0.0
379164,0.0,0.0,0.0,0.0,0.0,1.0,0.0
379664,0.0,0.0,0.0,0.0,0.0,0.0,0.0
379730,0.0,0.0,0.0,0.0,0.0,1.0,0.0
380230,0.0,0.0,0.0,0.0,0.0,0.0,0.0
382109,0.0,0.0,0.0,0.0,0.0,1.0,0.0
382117,0.0,0.0,0.0,0.0,0.0,2.0,0.0
382617,0.0,0.0,0.0,0.0,0.0,0.0,0.0
384616,0.0,0.0,0.0,0.0,0.0,1.0,0.0
385116,0.0,0.0,0.0,0.0,0.0,0.0,0.0
386416,0.0,0.0,0.0,0.0,0.0,1.0,0.0
386916,0.0,0.0,0.0,0.0,0.0,0.0,0.0
387461,0.0,0.0,0.0,0.0,0.0,1.0,0.0
387961,0.0,0.0,0.0,0.0,0.0,0.0,0.0
388081,0.0,0.0,0.0,0.0,0.0,1.0,0.0
388581,0.0,0.0,0.0,0.0,0.0,0.0,0.0
391869,0.0,0.0,0.0,0.0,0.0,1.0,0.0
392369,0.0,0.0,0.0,0.0,0.0,0.0,0.0
394740,0.0,0.0,0.0,0.0,0.0,1.0,0.0
395240,0.0,0.0,0.0,0.0,0.0,0.0,0.0
397355,0.0,0.0,0.0,0.0,0.0,1.0,0.0
397855,0.0,0.0,0.0,0.0,0.0,0.0,0.0
398340,0.0,0.0,0.0,0.0,0.0,1.0,0.0
398840,0.0,0.0,0.0,0.0,0.0,0.0,0.0
403000,0.0,0.0,0.0,0.0,0.0,0.0,1.0
403474,0.0,0.0,0.0,0.0,0.0,1.0,1.0
403476,0.0,0.0,0.0,0.0,0.0,2.0,1.0
403500,0.0,0.0,0.0,0.0,0.0,2.0,0.0
403615,2.0,0.0,0.0,0.0,0.0,2.0,0.0
403746,2.0,0.0,0.0,0.0,1.0,2.0,0.0
403767,2.0,2.0,0.0,0.0,1.0,2.0,0.0
403778,2.0,2.0,0.0,0.0,2.0,2.0,0.0
403976,2.0,2.0,0.0,0.0,2.0,0.0,0.0
404057,2.0,2.0,0.0,0.0,2.0,1.0,0.0
404063,2.0,2.0,0.0,0.0,2.0,2.0,0.0
404115,0.0,2.0,0.0,0.0,2.0,2.0,0.0
404267,0.0,0.0,0.0,0.0,2.0,2.0,0.0
404278,0.0,0.0,0.0,0.0,0.0,2.0,0.0
404319,2.0,0.0,0.0,0.0,0.0,2.0,0.0
404563,2.0,0.0,0.0,0.0,0.0,0.0,0.0
404637,2.0,0.0,0.0,0.0,0.0,1.0,0.0
404659,2.0,0.0,0.0,0.0,0.0,2.0,0.0
404662,2.0,0.0,0.0,0.0,1.0,2.0,0.0
404819,0.0,0.0,0.0,0.0,1.0,2.0,0.0
405039,0.0,0.0,1.0,0.0,1.0,2.0,0.0
405159,0.0,0.0,1.0,0.0,1.0,0.0,0.0
405162,0.0,0.0,1.0,0.0,0.0,0.0,0.0
405451,0.0,0.0,1.0,0.0,0.0,1.0,0.0
405463,0.0,0.0,1.0,0.0,0.0,2.0,0.0
405619,0.0,0.0,1.0,0.0,1.0,2.0,0.0
405963,0.0,0.0,1.0,0.0,1.0,0.0,0.0
406119,0.0,0.0,1.0,0.0,0.0,0.0,0.0
406193,0.0,0.0,1.0,0.0,0.0,1.0,0.0
406196,0.0,0.0,1.0,0.0,0.0,2.0,0.0
406465,0.0,0.0,2.0,0.0,0.0,2.0,0.0
406696,0.0,0.0,2.0,0.0,0.0,0.0,0.0
406914,0.0,0.0,2.0,0.0,0.0,1.0,0.0
406965,0.0,0.0,0.0,0.0,0.0,1.0,0.0
407331,0.0,0.0,0.0,0.0,0.0,2.0,0.0
407831,0.0,0.0,0.0,0.0,0.0,0.0,0.0
407915,0.0,0.0,0.0,0.0,0.0,1.0,0.0
408415,0.0,0.0,0.0,0.0,0.0,0.0,0.0
408766,0.0,0.0,0.0,0.0,0.0,1.0,0.0
408772,0.0,0.0,0.0,0.0,0.0,2.0,0.0
409272,0.0,0.0,0.0,0.0,0.0,0.0,0.0
409540,0.0,0.0,0.0,0.0,0.0,1.0,0.0
410040,0.0,0.0,0.0,0.0,0.0,0.0,0.0
410351,0.0,0.0,1.0,0.0,0.0,0.0,0.0
410851,0.0,0.0,0.0,0.0,0.0,0.0,0.0
411712,0.0,0.0,0.0,0.0,0.0,1.0,0.0
411718,0.0,0.0,0.0,0.0,0.0,2.0,0.0
412218,0.0,0.0,0.0,0.0,0.0,0.0,0.0
412474,0.0,0.0,0.0,0.0,0.0,1.0,0.0
412974,0.0,0.0,0.0,0.0,0.0,0.0,0.0
413539,0.0,0.0,0.0,0.0,0.0,1.0,0.0
413799,0.0,0.0,0.0,0.0,0.0,2.0,0.0
414299,0.0,0.0,0.0,0.0,0.0,0.0,0.0
415139,0.0,0.0,0.0,0.0,0.0,1.0,0.0
415639,0.0,0.0,0.0,0.0,0.0,0.0,0.0
415875,0.0,0.0,0.0,0.0,1.0,0.0,0.0
415890,0.0,0.0,0.0,0.0,1.0,1.0,0.0
416375,0.0,0.0,0.0,0.0,0.0,1.0,0.0
416390,0.0,0.0,0.0,0.0,0.0,0.0,0.0
416831,0.0,0.0,0.0,0.0,0.0,1.0,0.0
417331,0.0,0.0,0.0,0.0,0.0,0.0,0.0
418237,0.0,0.0,0.0,0.0,0.0,1.0,0.0
418737,0.0,0.0,0.0,0.0,0.0,0.0,0.0
419709,0.0,0.0,0.0,0.0,0.0,1.0,0.0
419802,0.0,0.0,0.0,0.0,0.0,2.0,0.0
420302,0.0,0.0,0.0,0.0,0.0,0.0,0.0
420830,0.0,0.0,0.0,0.0,0.0,1.0,0.0
421330,0.0,0.0,0.0,0.0,0.0,0.0,0.0
422057,0.0,0.0,0.0,0.0,0.0,1.0,0.0
422557,0.0,0.0,0.0,0.0,0.0,0.0,0.0
422878,0.0,0.0,0.0,0.0,0.0,1.0,0.0
423378,0.0,0.0,0.0,0.0,0.0,0.0,0.0
423892,0.0,0.0,0.0,0.0,0.0,1.0,0.0
424030,0.0,0.0,0.0,0.0,0.0,2.0,0.0
424530,0.0,0.0,0.0,0.0,0.0,0.0,0.0
425133,0.0,0.0,0.0,0.0,0.0,1.0,0.0
425633,0.0,0.0,0.0,0.0,0.0,0.0,0.0
425691,0.0,0.0,0.0,0.0,0.0,1.0,0.0
425697,0.0,0.0,0.0,0.0,0.0,2.0,0.0
426197,0.0,0.0,0.0,0.0,0.0,0.0,0.0
426503,0.0,0.0,0.0,0.0,0.0,1.0,0.0
427003,0.0,0.0,0.0,0.0,0.0,0.0,0.0
427305,0.0,0.0,0.0,0.0,0.0,1.0,0.0
427324,0.0,0.0,0.0,0.0,0.0,2.0,0.0
427824,0.0,0.0,0.0,0.0,0.0,0.0,0.0
428875,0.0,0.0,0.0,0.0,0.0,1.0,0.0
429375,0.0,0.0,0.0,0.0,0.0,0.0,0.0
429399,0.0,0.0,0.0,0.0,0.0,1.0,0.0
429403,0.0,0.0,0.0,0.0,0.0,2.0,0.0
429903,0.0,0.0,0.0,0.0,0.0,0.0,0.0
430043,0.0,0.0,0.0,0.0,0.0,1.0,0.0
430543,0.0,0.0,0.0,0.0,0.0,0.0,0.0
430931,0.0,0.0,0.0,0.0,0.0,1.0,0.0
431431,0.0,0.0,0.0,0.0,0.0,0.0,0.0
431629,0.0,0.0,1.0,0.0,0.0,0.0,0.0
432129,0.0,0.0,0.0,0.0,0.0,0.0,0.0
432424,0.0,0.0,1.0,0.0,0.0,0.0,0.0
432426,0.0,0.0,1.0,0.0,0.0,1.0,0.0
432926,0.0,0.0,1.0,0.0,0.0,0.0,0.0
433260,0.0,0.0,1.0,0.0,0.0,1.0,0.0
433424,0.0,0.0,0.0,0.0,0.0,1.0,0.0
433564,0.0,0.0,1.0,0.0,0.0,1.0,0.0
433760,0.0,0.0,1.0,0.0,0.0,0.0,0.0
435064,0.0,0.0,0.0,0.0,0.0,0.0,0.0
435102,0.0,0.0,0.0,0.0,0.0,1.0,0.0
435105,0.0,0.0,0.0,0.0,0.0,2.0,0.0
435605,0.0,0.0,0.0,0.0,0.0,0.0,0.0
435669,0.0,0.0,0.0,0.0,0.0,1.0,0.0
435675,0.0,0.0,0.0,0.0,0.0,2.0,0.0
436175,0.0,0.0,0.0,0.0,0.0,0.0,0.0
436732,0.0,0.0,0.0,0.0,0.0,1.0,0.0
437071,0.0,0.0,0.0,0.0,0.0,2.0,0.0
437292,0.0,0.0,1.0,0.0,0.0,2.0,0.0
437571,0.0,0.0,1.0,0.0,0.0,0.0,0.0
437744,0.0,0.0,1.0,0.0,0.0,1.0,0.0
437792,0.0,0.0,0.0,0.0,0.0,1.0,0.0
438244,0.0,0.0,0.0,0.0,0.0,0.0,0.0
438491,0.0,0.0,0.0,0.0,0.0,1.0,0.0
438991,0.0,0.0,0.0,0.0,0.0,0.0,0.0
439054,0.0,0.0,0.0,0.0,0.0,1.0,0.0
439554,0.0,0.0,0.0,0.0,0.0,0.0,0.0
439987,0.0,0.0,1.0,0.0,0.0,0.0,0.0
439988,0.0,0.0,1.0,0.0,0.0,1.0,0.0
440487,0.0,0.0,0.0,0.0,0.0,1.0,0.0
440488,0.0,0.0,0.0,0.0,0.0,0.0,0.0
440506,0.0,0.0,1.0,0.0,0.0,0.0,0.0
440518,0.0,0.0,1.0,0.0,0.0,1.0,0.0
441018,0.0,0.0,1.0,0.0,0.0,0.0,0.0
441521,0.0,0.0,1.0,0.0,0.0,1.0,0.0
442021,0.0,0.0,1.0,0.0,0.0,0.0,0.0
442087,0.0,0.0,1.0,0.0,0.0,1.0,0.0
442506,0.0,0.0,0.0,0.0,0.0,1.0,0.0
442523,0.0,0.0,1.0,0.0,0.0,1.0,0.0
442566,0.0,0.0,1.0,0.0,0.0,2.0,0.0
442793,0.0,2.0,1.0,0.0,0.0,2.0,0.0
443066,0.0,2.0,1.0,0.0,0.0,0.0,0.0
443293,0.0,0.0,1.0,0.0,0.0,0.0,0.0
444796,0.0,0.0,1.0,0.0,0.0,1.0,0.0
445023,0.0,0.0,0.0,0.0,0.0,1.0,0.0
445041,0.0,0.0,1.0,0.0,0.0,1.0,0.0
445296,0.0,0.0,1.0,0.0,0.0,0.0,0.0
445299,0.0,0.0,1.0,0.0,0.0,1.0,0.0
445799,0.0,0.0,1.0,0.0,0.0,0.0,0.0
445809,0.0,0.0,1.0,0.0,0.0,1.0,0.0
446309,0.0,0.0,1.0,0.0,0.0,0.0,0.0
446403,0.0,0.0,1.0,0.0,0.0,1.0,0.0
446878,0.0,2.0,1.0,0.0,0.0,1.0,0.0
446879,0.0,2.0,1.0,0.0,0.0,2.0,0.0
447378,0.0,0.0,1.0,0.0,0.0,2.0,0.0
447379,0.0,0.0,1.0,0.0,0.0,0.0,0.0
447744,0.0,0.0,1.0,0.0,0.0,1.0,0.0
447759,0.0,0.0,1.0,0.0,0.0,2.0,0.0
448259,0.0,0.0,1.0,0.0,0.0,0.0,0.0
448295,0.0,0.0,1.0,0.0,0.0,1.0,0.0
448420,0.0,0.0,1.0,0.0,0.0,2.0,0.0
448920,0.0,0.0,1.0,0.0,0.0,0.0,0.0
449685,0.0,0.0,1.0,0.0,0.0,1.0,0.0
450185,0.0,0.0,1.0,0.0,0.0,0.0,0.0
450275,0.0,0.0,1.0,0.0,0.0,1.0,0.0
450545,0.0,0.0,1.0,0.0,0.0,2.0,0.0
451045,0.0,0.0,1.0,0.0,0.0,0.0,0.0
451514,0.0,0.0,1.0,0.0,0.0,1.0,0.0
452014,0.0,0.0,1.0,0.0,0.0,0.0,0.0
452138,0.0,0.0,1.0,0.0,0.0,1.0,0.0
452142,0.0,0.0,1.0,0.0,0.0,2.0,0.0
452165,0.0,2.0,1.0,0.0,0.0,2.0,0.0
452642,0.0,2.0,1.0,0.0,0.0,0.0,0.0
452665,0.0,0.0,1.0,0.0,0.0,0.0,0.0
452698,0.0,0.0,1.0,0.0,0.0,1.0,0.0
453198,0.0,0.0,1.0,0.0,0.0,0.0,0.0
454058,0.0,0.0,1.0,0.0,0.0,1.0,0.0
454558,0.0,0.0,1.0,0.0,0.0,0.0,0.0
455445,0.0,0.0,1.0,0.0,0.0,1.0,0.0
455448,0.0,0.0,1.0,0.0,0.0,2.0,0.0
455948,0.0,0.0,1.0,0.0,0.0,0.0,0.0
456854,0.0,0.0,1.0,0.0,0.0,1.0,0.0
457354,0.0,0.0,1.0,0.0,0.0,0.0,0.0
457391,0.0,0.0,1.0,0.0,0.0,1.0,0.0
457737,0.0,0.0,1.0,0.0,0.0,2.0,0.0
458237,0.0,0.0,1.0,0.0,0.0,0.0,0.0
458782,0.0,0.0,1.0,0.0,0.0,1.0,0.0
459123,0.0,0.0,1.0,0.0,0.0,2.0,0.0
459623,0.0,0.0,1.0,0.0,0.0,0.0,0.0
459797,0.0,0.0,1.0,0.0,0.0,1.0,0.0
460297,0.0,0.0,1.0,0.0,0.0,0.0,0.0
460424,0.0,0.0,1.0,0.0,0.0,1.0,0.0
460428,0.0,0.0,1.0,0.0,0.0,2.0,0.0
460928,0.0,0.0,1.0,0.0,0.0,0.0,0.0
461674,0.0,0.0,1.0,0.0,0.0,1.0,0.0
462174,0.0,0.0,1.0,0.0,0.0,0.0,0.0
462424,0.0,0.0,1.0,0.0,0.0,1.0,0.0
462443,0.0,0.0,1.0,0.0,0.0,2.0,0.0
462846,0.0,2.0,1.0,0.0,0.0,2.0,0.0
462943,0.0,2.0,1.0,0.0,0.0,0.0,0.0
463346,0.0,0.0,1.0,0.0,0.0,0.0,0.0
463508,0.0,0.0,1.0,0.0,0.0,1.0,0.0
464011,0.0,0.0,1.0,0.0,0.0,2.0,0.0
464511,0.0,0.0,1.0,0.0,0.0,0.0,0.0
465474,0.0,0.0,1.0,0.0,0.0,1.0,0.0
465974,0.0,0.0,1.0,0.0,0.0,0.0,0.0
466481,0.0,0.0,1.0,0.0,0.0,1.0,0.0
466981,0.0,0.0,1.0,0.0,0.0,0.0,0.0
467524,0.0,0.0,1.0,0.0,0.0,1.0,0.0
467544,0.0,0.0,1.0,0.0,0.0,2.0,0.0
468044,0.0,0.0,1.0,0.0,0.0,0.0,0.0
468230,0.0,0.0,1.0,0.0,0.0,1.0,0.0
468234,0.0,0.0,1.0,0.0,0.0,2.0,0.0
468734,0.0,0.0,1.0,0.0,0.0,0.0,0.0
468784,0.0,0.0,1.0,0.0,0.0,1.0,0.0
469284,0.0,0.0,1.0,0.0,0.0,0.0,0.0
469299,0.0,0.0,1.0,0.0,0.0,1.0,0.0
469799,0.0,0.0,1.0,0.0,0.0,0.0,0.0
469831,0.0,0.0,1.0,0.0,0.0,1.0,0.0
470331,0.0,0.0,1.0,0.0,0.0,0.0,0.0
471144,0.0,0.0,1.0,0.0,0.0,1.0,0.0
471644,0.0,0.0,1.0,0.0,0.0,0.0,0.0
471723,0.0,0.0,1.0,0.0,0.0,1.0,0.0
472223,0.0,0.0,1.0,0.0,0.0,0.0,0.0
472491,0.0,0.0,1.0,0.0,0.0,1.0,0.0
472991,0.0,0.0,1.0,0.0,0.0,0.0,0.0
473012,0.0,0.0,1.0,0.0,0.0,1.0,0.0
473512,0.0,0.0,1.0,0.0,0.0,0.0,0.0
473730,0.0,0.0,1.0,0.0,0.0,1.0,0.0
474230,0.0,0.0,1.0,0.0,0.0,0.0,0.0
475158,0.0,0.0,1.0,0.0,0.0,1.0,0.0
475658,0.0,0.0,1.0,0.0,0.0,0.0,0.0
475825,0.0,0.0,1.0,0.0,0.0,1.0,0.0
475831,0.0,0.0,1.0,0.0,0.0,2.0,0.0
476331,0.0,0.0,1.0,0.0,0.0,0.0,0.0
476361,0.0,0.0,1.0,0.0,0.0,1.0,0.0
476553,0.0,0.0,1.0,0.0,0.0,2.0,0.0
477053,0.0,0.0,1.0,0.0,0.0,0.0,0.0
477260,0.0,0.0,1.0,0.0,0.0,1.0,0.0
477263,0.0,0.0,1.0,0.0,0.0,2.0,0.0
477763,0.0,0.0,1.0,0.0,0.0,0.0,0.0
478447,0.0,0.0,1.0,0.0,0.0,1.0,0.0
479447,0.0,0.0,1.0,0.0,0.0,0.0,0.0
480141,0.0,0.0,1.0,0.0,0.0,1.0,0.0
480641,0.0,0.0,1.0,0.0,0.0,0.0,0.0
480690,0.0,0.0,1.0,0.0,0.0,1.0,0.0
480723,0.0,0.0,1.0,0.0,0.0,2.0,0.0
481223,0.0,0.0,1.0,0.0,0.0,0.0,0.0
481313,0.0,0.0,1.0,0.0,0.0,1.0,0.0
481693,0.0,0.0,1.0,0.0,0.0,2.0,0.0
482193,0.0,0.0,1.0,0.0,0.0,0.0,0.0
482469,0.0,0.0,1.0,0.0,0.0,1.0,0.0
482579,0.0,0.0,1.0,0.0,0.0,2.0,0.0
482620,0.0,0.0,2.0,0.0,0.0,2.0,0.0
483079,0.0,0.0,2.0,0.0,0.0,0.0,0.0
483120,0.0,0.0,0.0,0.0,0.0,0.0,0.0
483158,0.0,0.0,0.0,0.0,0.0,1.0,0.0
483163,0.0,0.0,1.0,0.0,0.0,1.0,0.0
483658,0.0,0.0,1.0,0.0,0.0,0.0,0.0
483663,0.0,0.0,0.0,0.0,0.0,0.0,0.0
483763,0.0,0.0,1.0,0.0,0.0,0.0,0.0
484263,0.0,0.0,0.0,0.0,0.0,0.0,0.0
484423,0.0,0.0,0.0,0.0,0.0,1.0,0.0
484424,0.0,0.0,1.0,0.0,0.0,1.0,0.0
484923,0.0,0.0,1.0,0.0,0.0,0.0,0.0
485424,0.0,0.0,0.0,0.0,0.0,0.0,0.0
486461,0.0,0.0,0.0,0.0,0.0,1.0,0.0
486650,0.0,0.0,0.0,0.0,0.0,2.0,0.0
487150,0.0,0.0,0.0,0.0,0.0,0.0,0.0
488977,0.0,0.0,0.0,0.0,0.0,1.0,0.0
489477,0.0,0.0,0.0,0.0,0.0,0.0,0.0
489556,0.0,0.0,0.0,0.0,0.0,1.0,0.0
490056,0.0,0.0,0.0,0.0,0.0,0.0,0.0
491260,0.0,0.0,0.0,0.0,0.0,1.0,0.0
491760,0.0,0.0,0.0,0.0,0.0,0.0,0.0
491888,0.0,0.0,0.0,0.0,0.0,1.0,0.0
492388,0.0,0.0,0.0,0.0,0.0,0.0,0.0
492581,0.0,0.0,0.0,0.0,0.0,1.0,0.0
493025,0.0,0.0,0.0,0.0,0.0,2.0,0.0
493525,0.0,0.0,0.0,0.0,0.0,0.0,0.0
493872,0.0,0.0,0.0,0.0,0.0,1.0,0.0
493965,0.0,0.0,0.0,0.0,0.0,2.0,0.0
494465,0.0,0.0,0.0,0.0,0.0,0.0,0.0
494693,0.0,0.0,0.0,0.0,0.0,1.0,0.0
495193,0.0,0.0,0.0,0.0,0.0,0.0,0.0
495898,0.0,0.0,0.0,0.0,0.0,1.0,0.0
496398,0.0,0.0,0.0,0.0,0.0,0.0,0.0
496473,0.0,0.0,0.0,0.0,0.0,1.0,0.0
496973,0.0,0.0,0.0,0.0,0.0,0.0,0.0
497006,0.0,0.0,0.0,0.0,0.0,1.0,0.0
497506,0.0,0.0,0.0,0.0,0.0,0.0,0.0
497537,0.0,0.0,0.0,0.0,0.0,1.0,0.0
498037,0.0,0.0,0.0,0.0,0.0,0.0,0.0
498080,0.0,0.0,0.0,0.0,0.0,1.0,0.0
498516,0.0,0.0,0.0,0.0,0.0,2.0,0.0
499016,0.0,0.0,0.0,0.0,0.0,0.0,0.0
499079,0.0,0.0,0.0,0.0,0.0,1.0,0.0
499579,0.0,0.0,0.0,0.0,0.0,0.0,0.0
499720,0.0,0.0,0.0,0.0,0.0,1.0,0.0
500220,0.0,0.0,0.0,0.0,0.0,0.0,0.0
501319,0.0,0.0,0.0,0.0,0.0,1.0,0.0
501819,0.0,0.0,0.0,0.0,0.0,0.0,0.0
502402,0.0,0.0,0.0,0.0,0.0,1.0,0.0
502405,0.0,0.0,0.0,0.0,0.0,2.0,0.0
502905,0.0,0.0,0.0,0.0,0.0,0.0,0.0
504042,0.0,0.0,0.0,0.0,0.0,1.0,0.0
504046,0.0,0.0,0.0,0.0,0.0,2.0,0.0
504546,0.0,0.0,0.0,0.0,0.0,0.0,0.0
509144,0.0,0.0,0.0,0.0,0.0,1.0,0.0
509644,0.0,0.0,0.0,0.0,0.0,0.0,0.0
510358,0.0,0.0,0.0,0.0,1.0,0.0,0.0
510359,0.0,0.0,0.0,0.0,2.0,1.0,0.0
510364,0.0,0.0,0.0,0.0,2.0,2.0,0.0
510859,0.0,0.0,0.0,0.0,0.0,2.0,0.0
510864,0.0,0.0,0.0,0.0,0.0,0.0,0.0
521334,0.0,0.0,0.0,0.0,0.0,1.0,0.0
521340,0.0,0.0,0.0,0.0,0.0,2.0,0.0
521840,0.0,0.0,0.0,0.0,0.0,0.0,0.0
528931,0.0,0.0,0.0,0.0,0.0,1.0,0.0
529431,0.0,0.0,0.0,0.0,0.0,0.0,0.0
529734,0.0,0.0,0.0,0.0,0.0,1.0,0.0
530234,0.0,0.0,0.0,0.0,0.0,0.0,0.0
534916,0.0,0.0,0.0,0.0,0.0,1.0,0.0
535416,0.0,0.0,0.0,0.0,0.0,0.0,0.0
544480,0.0,0.0,0.0,0.0,0.0,1.0,0.0
544980,0.0,0.0,0.0,0.0,0.0,0.0,0.0
545824,0.0,0.0,0.0,0.0,0.0,1.0,0.0
545833,0.0,0.0,0.0,0.0,0.0,2.0,0.0
546333,0.0,0.0,0.0,0.0,0.0,0.0,0.0
554212,0.0,0.0,0.0,0.0,0.0,1.0,0.0
554712,0.0,0.0,0.0,0.0,0.0,0.0,0.0
554891,0.0,0.0,0.0,0.0,0.0,1.0,0.0
555391,0.0,0.0,0.0,0.0,0.0,0.0,0.0
555631,0.0,0.0,0.0,0.0,0.0,1.0,0.0
556131,0.0,0.0,0.0,0.0,0.0,0.0,0.0
556204,0.0,0.0,0.0,0.0,0.0,1.0,0.0
556223,0.0,0.0,0.0,0.0,0.0,2.0,0.0
556723,0.0,0.0,0.0,0.0,0.0,0.0,0.0
557623,0.0,0.0,0.0,0.0,0.0,1.0,0.0
558123,0.0,0.0,0.0,0.0,0.0,0.0,0.0
558237,0.0,0.0,0.0,0.0,0.0,1.0,0.0
558737,0.0,0.0,0.0,0.0,0.0,0.0,0.0
559121,0.0,0.0,0.0,0.0,0.0,1.0,0.0
559621,0.0,0.0,0.0,0.0,0.0,0.0,0.0
560619,0.0,0.0,0.0,0.0,0.0,1.0,0.0
561119,0.0,0.0,0.0,0.0,0.0,0.0,0.0
562001,0.0,0.0,0.0,0.0,0.0,1.0,0.0
562501,0.0,0.0,0.0,0.0,0.0,0.0,0.0
563036,0.0,0.0,0.0,0.0,1.0,0.0,0.0
563354,0.0,0.0,0.0,0.0,1.0,1.0,0.0
563536,0.0,0.0,0.0,0.0,0.0,1.0,0.0
563854,0.0,0.0,0.0,0.0,0.0,0.0,0.0
571278,0.0,0.0,0.0,0.0,0.0,1.0,0.0
571778,0.0,0.0,0.0,0.0,0.0,0.0,0.0
572040,0.0,0.0,0.0,0.0,0.0,1.0,0.0
572047,0.0,0.0,0.0,0.0,0.0,2.0,0.0
572547,0.0,0.0,0.0,0.0,0.0,0.0,0.0
572622,0.0,0.0,0.0,0.0,0.0,1.0,0.0
572671,0.0,0.0,0.0,0.0,0.0,2.0,0.0
573171,0.0,0.0,0.0,0.0,0.0,0.0,0.0
573555,0.0,0.0,0.0,0.0,0.0,1.0,0.0
574055,0.0,0.0,0.0,0.0,0.0,0.0,0.0
576829,0.0,0.0,0.0,0.0,0.0,1.0,0.0
577329,0.0,0.0,0.0,0.0,0.0,0.0,0.0
577645,0.0,0.0,0.0,0.0,0.0,1.0,0.0
578145,0.0,0.0,0.0,0.0,0.0,0.0,0.0
580343,0.0,0.0,0.0,0.0,0.0,1.0,0.0
580843,0.0,0.0,0.0,0.0,0.0,0.0,0.0
584816,0.0,0.0,0.0,0.0,0.0,1.0,0.0
585316,0.0,0.0,0.0,0.0,0.0,0.0,0.0
585339,0.0,0.0,0.0,0.0,0.0,1.0,0.0
585343,0.0,0.0,0.0,0.0,0.0,2.0,0.0
585843,0.0,0.0,0.0,0.0,0.0,0.0,0.0
587564,0.0,0.0,0.0,0.0,0.0,1.0,0.0
588064,0.0,0.0,0.0,0.0,0.0,0.0,0.0
588066,0.0,0.0,0.0,0.0,0.0,1.0,0.0
588566,0.0,0.0,0.0,0.0,0.0,0.0,0.0
593295,0.0,0.0,0.0,0.0,0.0,1.0,0.0
593795,0.0,0.0,0.0,0.0,0.0,0.0,0.0
597411,0.0,0.0,0.0,0.0,0.0,1.0,0.0
597421,0.0,0.0,0.0,0.0,0.0,2.0,0.0
597921,0.0,0.0,0.0,0.0,0.0,0.0,0.0
600045,0.0,0.0,0.0,0.0,0.0,1.0,0.0
600545,0.0,0.0,0.0,0.0,0.0,0.0,0.0
603782,0.0,0.0,0.0,0.0,1.0,0.0,0.0
604177,0.0,0.0,0.0,0.0,1.0,1.0,0.0
604282,0.0,0.0,0.0,0.0,0.0,1.0,0.0
604677,0.0,0.0,0.0,0.0,0.0,0.0,0.0
605000,0.0,0.0,0.0,0.0,0.0,0.0,1.0
605302,0.0,0.0,0.0,0.0,0.0,1.0,1.0
605312,0.0,0.0,0.0,0.0,0.0,2.0,1.0
605323,0.0,0.0,0.0,0.0,1.0,2.0,1.0
605398,0.0,0.0,0.0,0.0,2.0,2.0,1.0
605500,0.0,0.0,0.0,0.0,2.0,2.0,0.0
605503,2.0,0.0,0.0,0.0,2.0,2.0,0.0
605771,2.0,2.0,0.0,0.0,2.0,2.0,0.0
605812,2.0,2.0,0.0,0.0,2.0,0.0,0.0
605898,2.0,2.0,0.0,0.0,0.0,0.0,0.0
605974,2.0,2.0,0.0,0.0,0.0,1.0,0.0
605980,2.0,2.0,0.0,0.0,0.0,2.0,0.0
606003,0.0,2.0,0.0,0.0,0.0,2.0,0.0
606104,0.0,2.0,1.0,0.0,0.0,2.0,0.0
606175,2.0,2.0,1.0,0.0,0.0,2.0,0.0
606271,2.0,0.0,1.0,0.0,0.0,2.0,0.0
606480,2.0,0.0,1.0,0.0,0.0,0.0,0.0
606675,0.0,0.0,1.0,0.0,0.0,0.0,0.0
606784,0.0,0.0,1.0,0.0,0.0,1.0,0.0
606793,0.0,0.0,1.0,0.0,0.0,2.0,0.0
606803,0.0,0.0,1.0,0.0,1.0,2.0,0.0
606814,0.0,0.0,2.0,0.0,1.0,2.0,0.0
606839,0.0,0.0,2.0,0.0,2.0,2.0,0.0
607293,0.0,0.0,2.0,0.0,2.0,0.0,0.0
607314,0.0,0.0,0.0,0.0,2.0,0.0,0.0
607339,0.0,0.0,0.0,0.0,0.0,0.0,0.0
607577,0.0,0.0,0.0,0.0,0.0,1.0,0.0
607856,0.0,0.0,0.0,0.0,1.0,2.0,0.0
608356,0.0,0.0,0.0,0.0,0.0,0.0,0.0
609042,0.0,0.0,0.0,0.0,0.0,1.0,0.0
609542,0.0,0.0,0.0,0.0,0.0,0.0,0.0
609843,0.0,0.0,0.0,0.0,0.0,1.0,0.0
610120,0.0,0.0,0.0,0.0,0.0,2.0,0.0
610620,0.0,0.0,0.0,0.0,0.0,0.0,0.0
611056,0.0,0.0,0.0,0.0,0.0,1.0,0.0
611556,0.0,0.0,0.0,0.0,0.0,0.0,0.0
611593,0.0,0.0,0.0,0.0,0.0,1.0,0.0
611703,0.0,0.0,1.0,0.0,0.0,1.0,0.0
611705,0.0,0.0,1.0,0.0,0.0,2.0,0.0
611707,0.0,0.0,1.0,0.0,1.0,2.0,0.0
612205,0.0,0.0,1.0,0.0,1.0,0.0,0.0
612207,0.0,0.0,1.0,0.0,0.0,0.0,0.0
612426,0.0,2.0,1.0,0.0,0.0,0.0,0.0
612434,0.0,2.0,1.0,0.0,0.0,1.0,0.0
612897,0.0,2.0,1.0,0.0,0.0,2.0,0.0
612926,0.0,0.0,1.0,0.0,0.0,2.0,0.0
613397,0.0,0.0,1.0,0.0,0.0,0.0,0.0
613475,0.0,0.0,1.0,0.0,0.0,1.0,0.0
613630,0.0,0.0,1.0,0.0,0.0,2.0,0.0
614130,0.0,0.0,1.0,0.0,0.0,0.0,0.0
614274,0.0,0.0,1.0,0.0,0.0,1.0,0.0
614280,0.0,0.0,1.0,0.0,0.0,2.0,0.0
614780,0.0,0.0,1.0,0.0,0.0,0.0,0.0
614800,0.0,0.0,1.0,0.0,0.0,1.0,0.0
615300,0.0,0.0,1.0,0.0,0.0,0.0,0.0
615615,0.0,0.0,1.0,0.0,0.0,1.0,0.0
615618,0.0,0.0,1.0,0.0,0.0,2.0,0.0
616118,0.0,0.0,1.0,0.0,0.0,0.0,0.0
616381,0.0,0.0,1.0,0.0,0.0,1.0,0.0
616720,0.0,0.0,1.0,0.0,0.0,2.0,0.0
617220,0.0,0.0,1.0,0.0,0.0,0.0,0.0
617340,0.0,0.0,1.0,0.0,0.0,1.0,0.0
617840,0.0,0.0,1.0,0.0,0.0,0.0,0.0
619117,0.0,0.0,1.0,0.0,0.0,1.0,0.0
619617,0.0,0.0,1.0,0.0,0.0,0.0,0.0
620745,0.0,0.0,1.0,0.0,0.0,1.0,0.0
620754,0.0,0.0,1.0,0.0,0.0,2.0,0.0
621254,0.0,0.0,1.0,0.0,0.0,0.0,0.0
621985,0.0,0.0,1.0,0.0,0.0,1.0,0.0
622485,0.0,0.0,1.0,0.0,0.0,0.0,0.0
622716,0.0,0.0,1.0,0.0,0.0,1.0,0.0
623216,0.0,0.0,1.0,0.0,0.0,0.0,0.0
623259,0.0,0.0,1.0,0.0,0.0,1.0,0.0
623759,0.0,0.0,1.0,0.0,0.0,0.0,0.0
623847,0.0,0.0,1.0,0.0,0.0,1.0,0.0
623850,0.0,0.0,1.0,0.0,0.0,2.0,0.0
624350,0.0,0.0,1.0,0.0,0.0,0.0,0.0
624433,0.0,0.0,1.0,0.0,0.0,1.0,0.0
624933,0.0,0.0,1.0,0.0,0.0,0.0,0.0
625140,0.0,0.0,1.0,0.0,0.0,1.0,0.0
625640,0.0,0.0,1.0,0.0,0.0,0.0,0.0
625845,0.0,0.0,1.0,0.0,0.0,1.0,0.0
625905,0.0,0.0,1.0,0.0,0.0,2.0,0.0
626405,0.0,0.0,1.0,0.0,0.0,0.0,0.0
626678,0.0,0.0,1.0,0.0,0.0,1.0,0.0
626737,0.0,0.0,1.0,0.0,0.0,2.0,0.0
627237,0.0,0.0,1.0,0.0,0.0,0.0,0.0
627411,0.0,0.0,1.0,0.0,0.0,1.0,0.0
627764,0.0,0.0,1.0,0.0,0.0,2.0,0.0
628264,0.0,0.0,1.0,0.0,0.0,0.0,0.0
628432,0.0,0.0,1.0,0.0,0.0,1.0,0.0
628932,0.0,0.0,1.0,0.0,0.0,0.0,0.0
629778,0.0,0.0,1.0,0.0,0.0,1.0,0.0
630278,0.0,0.0,1.0,0.0,0.0,0.0,0.0
630799,0.0,0.0,1.0,0.0,0.0,1.0,0.0
630804,0.0,0.0,1.0,0.0,0.0,2.0,0.0
631304,0.0,0.0,1.0,0.0,0.0,0.0,0.0
631414,0.0,0.0,1.0,0.0,0.0,1.0,0.0
631417,0.0,0.0,1.0,0.0,0.0,2.0,0.0
631917,0.0,0.0,1.0,0.0,0.0,0.0,0.0
632191,0.0,0.0,1.0,0.0,0.0,1.0,0.0
632691,0.0,0.0,1.0,0.0,0.0,0.0,0.0
634881,0.0,0.0,1.0,0.0,0.0,1.0,0.0
635381,0.0,0.0,1.0,0.0,0.0,0.0,0.0
635638,0.0,0.0,1.0,0.0,0.0,1.0,0.0
635805,0.0,0.0,1.0,0.0,0.0,2.0,0.0
636305,0.0,0.0,1.0,0.0,0.0,0.0,0.0
637097,0.0,0.0,1.0,0.0,0.0,1.0,0.0
637282,0.0,0.0,1.0,0.0,0.0,2.0,0.0
637782,0.0,0.0,1.0,0.0,0.0,0.0,0.0
637852,0.0,0.0,1.0,0.0,0.0,1.0,0.0
637855,0.0,0.0,1.0,0.0,0.0,2.0,0.0
638355,0.0,0.0,1.0,0.0,0.0,0.0,0.0
638996,0.0,0.0,1.0,0.0,0.0,1.0,0.0
639496,0.0,0.0,1.0,0.0,0.0,0.0,0.0
639524,0.0,0.0,1.0,0.0,0.0,1.0,0.0
639586,0.0,0.0,1.0,0.0,0.0,2.0,0.0
640086,0.0,0.0,1.0,0.0,0.0,0.0,0.0
640148,0.0,0.0,1.0,0.0,0.0,1.0,0.0
640167,0.0,0.0,1.0,0.0,0.0,2.0,0.0
640598,0.0,2.0,1.0,0.0,0.0,2.0,0.0
640667,0.0,2.0,1.0,0.0,0.0,0.0,0.0
641098,0.0,0.0,1.0,0.0,0.0,0.0,0.0
641832,0.0,0.0,1.0,0.0,0.0,1.0,0.0
642332,0.0,0.0,1.0,0.0,0.0,0.0,0.0
642690,0.0,0.0,1.0,0.0,0.0,1.0,0.0
643190,0.0,0.0,1.0,0.0,0.0,0.0,0.0
643232,0.0,0.0,1.0,0.0,0.0,1.0,0.0
643297,0.0,0.0,1.0,0.0,0.0,2.0,0.0
643797,0.0,0.0,1.0,0.0,0.0,0.0,0.0
643905,0.0,0.0,1.0,0.0,0.0,1.0,0.0
644405,0.0,0.0,1.0,0.0,0.0,0.0,0.0
644581,0.0,0.0,1.0,0.0,0.0,1.0,0.0
644593,0.0,0.0,1.0,0.0,0.0,2.0,0.0
645093,0.0,0.0,1.0,0.0,0.0,0.0,0.0
645227,0.0,0.0,1.0,0.0,0.0,1.0,0.0
645711,0.0,2.0,1.0,0.0,0.0,1.0,0.0
645727,0.0,2.0,1.0,0.0,0.0,0.0,0.0
646211,0.0,0.0,1.0,0.0,0.0,0.0,0.0
646334,0.0,0.0,1.0,0.0,0.0,1.0,0.0
646338,0.0,0.0,1.0,0.0,0.0,2.0,0.0
646838,0.0,0.0,1.0,0.0,0.0,0.0,0.0
647537,0.0,0.0,1.0,0.0,0.0,1.0,0.0
648037,0.0,0.0,1.0,0.0,0.0,0.0,0.0
648406,0.0,0.0,1.0,0.0,0.0,1.0,0.0
648409,0.0,0.0,1.0,0.0,0.0,2.0,0.0
648909,0.0,0.0,1.0,0.0,0.0,0.0,0.0
650035,0.0,0.0,1.0,0.0,0.0,1.0,0.0
650535,0.0,0.0,1.0,0.0,0.0,0.0,0.0
651587,0.0,0.0,1.0,0.0,0.0,1.0,0.0
651922,0.0,0.0,1.0,0.0,0.0,2.0,0.0
652422,0.0,0.0,1.0,0.0,0.0,0.0,0.0
653431,0.0,0.0,1.0,0.0,0.0,1.0,0.0
653585,0.0,0.0,1.0,0.0,0.0,2.0,0.0
654085,0.0,0.0,1.0,0.0,0.0,0.0,0.0
654099,0.0,0.0,1.0,0.0,0.0,1.0,0.0
654384,0.0,0.0,1.0,0.0,0.0,2.0,0.0
654884,0.0,0.0,1.0,0.0,0.0,0.0,0.0
655185,0.0,0.0,1.0,0.0,0.0,1.0,0.0
655282,0.0,0.0,1.0,0.0,0.0,2.0,0.0
655782,0.0,0.0,1.0,0.0,0.0,0.0,0.0
655791,0.0,0.0,1.0,0.0,0.0,1.0,0.0
655797,0.0,0.0,1.0,0.0,0.0,2.0,0.0
656297,0.0,0.0,1.0,0.0,0.0,0.0,0.0
657543,0.0,0.0,1.0,0.0,0.0,1.0,0.0
657546,0.0,0.0,1.0,0.0,0.0,2.0,0.0
658046,0.0,0.0,1.0,0.0,0.0,0.0,0.0
658317,0.0,0.0,1.0,0.0,0.0,1.0,0.0
658817,0.0,0.0,1.0,0.0,0.0,0.0,0.0
659996,0.0,0.0,1.0,0.0,0.0,1.0,0.0
659999,0.0,0.0,1.0,0.0,0.0,2.0,0.0
660499,0.0,0.0,1.0,0.0,0.0,0.0,0.0
660569,0.0,0.0,1.0,0.0,0.0,1.0,0.0
661069,0.0,0.0,1.0,0.0,0.0,0.0,0.0
661354,0.0,0.0,1.0,0.0,0.0,1.0,0.0
661854,0.0,0.0,1.0,0.0,0.0,0.0,0.0
661869,0.0,0.0,1.0,0.0,0.0,1.0,0.0
662140,0.0,0.0,1.0,0.0,0.0,2.0,0.0
662640,0.0,0.0,1.0,0.0,0.0,0.0,0.0
663839,0.0,0.0,1.0,0.0,0.0,1.0,0.0
663866,0.0,0.0,1.0,0.0,0.0,2.0,0.0
664366,0.0,0.0,1.0,0.0,0.0,0.0,0.0
665183,0.0,0.0,1.0,0.0,0.0,1.0,0.0
665258,0.0,0.0,1.0,0.0,0.0,2.0,0.0
665758,0.0,0.0,1.0,0.0,0.0,0.0,0.0
666025,0.0,0.0,1.0,0.0,0.0,1.0,0.0
666525,0.0,0.0,1.0,0.0,0.0,0.0,0.0
666865,0.0,0.0,1.0,0.0,0.0,1.0,0.0
666868,0.0,0.0,1.0,0.0,0.0,2.0,0.0
667368,0.0,0.0,1.0,0.0,0.0,0.0,0.0
667980,0.0,0.0,1.0,0.0,0.0,1.0,0.0
668047,0.0,0.0,1.0,0.0,0.0,2.0,0.0
668547,0.0,0.0,1.0,0.0,0.0,0.0,0.0
668828,0.0,0.0,1.0,0.0,0.0,1.0,0.0
669328,0.0,0.0,1.0,0.0,0.0,0.0,0.0
669432,0.0,0.0,1.0,0.0,0.0,1.0,0.0
669932,0.0,0.0,1.0,0.0,0.0,0.0,0.0
669971,0.0,0.0,1.0,0.0,0.0,1.0,0.0
670155,0.0,0.0,1.0,0.0,0.0,2.0,0.0
670655,0.0,0.0,1.0,0.0,0.0,0.0,0.0
671278,0.0,0.0,1.0,0.0,0.0,1.0,0.0
671296,0.0,0.0,1.0,0.0,0.0,2.0,0.0
671796,0.0,0.0,1.0,0.0,0.0,0.0,0.0
671887,0.0,0.0,1.0,0.0,0.0,1.0,0.0
671894,0.0,0.0,1.0,0.0,0.0,2.0,0.0
672394,0.0,0.0,1.0,0.0,0.0,0.0,0.0
673204,0.0,0.0,1.0,0.0,0.0,1.0,0.0
673704,0.0,0.0,1.0,0.0,0.0,0.0,0.0
674324,0.0,0.0,1.0,0.0,0.0,1.0,0.0
674442,0.0,0.0,1.0,0.0,0.0,2.0,0.0
674942,0.0,0.0,1.0,0.0,0.0,0.0,0.0
675265,0.0,0.0,1.0,0.0,0.0,1.0,0.0
675268,0.0,0.0,1.0,0.0,0.0,2.0,0.0
675768,0.0,0.0,1.0,0.0,0.0,0.0,0.0
676447,0.0,0.0,1.0,0.0,0.0,1.0,0.0
676453,0.0,0.0,1.0,0.0,0.0,2.0,0.0
676953,0.0,0.0,1.0,0.0,0.0,0.0,0.0
677910,0.0,0.0,1.0,0.0,0.0,1.0,0.0
678410,0.0,0.0,1.0,0.0,0.0,0.0,0.0
678423,0.0,0.0,1.0,0.0,0.0,1.0,0.0
678789,0.0,0.0,1.0,0.0,0.0,2.0,0.0
679289,0.0,0.0,1.0,0.0,0.0,1.0,0.0
679559,0.0,0.0,1.0,0.0,0.0,2.0,0.0
680059,0.0,0.0,1.0,0.0,0.0,0.0,0.0
680509,0.0,0.0,1.0,0.0,0.0,1.0,0.0
681009,0.0,0.0,1.0,0.0,0.0,0.0,0.0
681214,0.0,0.0,1.0,0.0,0.0,1.0,0.0
681625,0.0,0.0,1.0,0.0,0.0,2.0,0.0
682125,0.0,0.0,1.0,0.0,0.0,0.0,0.0
682268,0.0,0.0,1.0,0.0,0.0,1.0,0.0
682768,0.0,0.0,1.0,0.0,0.0,0.0,0.0
682869,0.0,0.0,1.0,0.0,0.0,1.0,0.0
683369,0.0,0.0,1.0,0.0,0.0,0.0,0.0
683451,0.0,0.0,1.0,0.0,0.0,1.0,0.0
683464,0.0,0.0,1.0,0.0,0.0,2.0,0.0
683964,0.0,0.0,1.0,0.0,0.0,0.0,0.0
684317,0.0,0.0,1.0,0.0,0.0,1.0,0.0
684435,0.0,0.0,1.0,0.0,0.0,2.0,0.0
684797,0.0,2.0,1.0,0.0,0.0,2.0,0.0
684935,0.0,2.0,1.0,0.0,0.0,0.0,0.0
685297,0.0,0.0,1.0,0.0,0.0,0.0,0.0
685323,0.0,0.0,1.0,0.0,0.0,1.0,0.0
685550,0.0,0.0,1.0,0.0,0.0,2.0,0.0
686050,0.0,0.0,1.0,0.0,0.0,0.0,0.0
686553,0.0,0.0,1.0,0.0,0.0,1.0,0.0
687053,0.0,0.0,1.0,0.0,0.0,0.0,0.0
688483,0.0,0.0,1.0,0.0,0.0,1.0,0.0
688983,0.0,0.0,1.0,0.0,0.0,0.0,0.0
689191,0.0,0.0,1.0,0.0,0.0,1.0,0.0
689249,0.0,0.0,1.0,0.0,0.0,2.0,0.0
689749,0.0,0.0,1.0,0.0,0.0,0.0,0.0
691296,0.0,0.0,1.0,0.0,0.0,1.0,0.0
691796,0.0,0.0,1.0,0.0,0.0,0.0,0.0
692378,0.0,0.0,1.0,0.0,0.0,1.0,0.0
692388,0.0,0.0,1.0,0.0,0.0,2.0,0.0
692888,0.0,0.0,1.0,0.0,0.0,0.0,0.0
693720,0.0,0.0,1.0,0.0,0.0,1.0,0.0
693723,0.0,0.0,1.0,0.0,0.0,2.0,0.0
694223,0.0,0.0,1.0,0.0,0.0,0.0,0.0
694775,0.0,0.0,1.0,0.0,0.0,1.0,0.0
695275,0.0,0.0,1.0,0.0,0.0,0.0,0.0
695297,0.0,0.0,1.0,0.0,0.0,1.0,0.0
695822,0.0,2.0,1.0,0.0,0.0,1.0,0.0
696297,0.0,2.0,1.0,0.0,0.0,0.0,0.0
696322,0.0,0.0,1.0,0.0,0.0,0.0,0.0
696367,0.0,0.0,1.0,0.0,0.0,1.0,0.0
696867,0.0,0.0,1.0,0.0,0.0,0.0,0.0
696947,0.0,0.0,1.0,0.0,0.0,1.0,0.0
696954,0.0,0.0,1.0,0.0,0.0,2.0,0.0
697454,0.0,0.0,1.0,0.0,0.0,0.0,0.0
697836,0.0,0.0,1.0,0.0,0.0,1.0,0.0
697845,0.0,0.0,1.0,0.0,0.0,2.0,0.0
698345,0.0,0.0,1.0,0.0,0.0,0.0,0.0
698422,0.0,0.0,1.0,0.0,0.0,1.0,0.0
698922,0.0,0.0,1.0,0.0,0.0,0.0,0.0
699854,0.0,0.0,1.0,0.0,0.0,1.0,0.0
700354,0.0,0.0,1.0,0.0,0.0,0.0,0.0
700426,0.0,0.0,1.0,0.0,0.0,1.0,0.0
700480,0.0,0.0,1.0,0.0,0.0,2.0,0.0
700980,0.0,0.0,1.0,0.0,0.0,0.0,0.0
701558,0.0,0.0,1.0,0.0,0.0,1.0,0.0
702058,0.0,0.0,1.0,0.0,0.0,0.0,0.0
703051,0.0,0.0,1.0,0.0,0.0,1.0,0.0
703551,0.0,0.0,1.0,0.0,0.0,0.0,0.0
703635,0.0,0.0,1.0,0.0,0.0,1.0,0.0
704135,0.0,0.0,1.0,0.0,0.0,0.0,0.0
704378,0.0,0.0,1.0,0.0,0.0,1.0,0.0
704878,0.0,0.0,1.0,0.0,0.0,0.0,0.0
704882,0.0,0.0,1.0,0.0,0.0,1.0,0.0
705382,0.0,0.0,1.0,0.0,0.0,0.0,0.0
705648,0.0,0.0,1.0,0.0,0.0,1.0,0.0
705956,0.0,0.0,1.0,0.0,0.0,2.0,0.0
706456,0.0,0.0,1.0,0.0,0.0,0.0,0.0
709703,0.0,0.0,0.0,0.0,0.0,0.0,0.0
717417,0.0,0.0,0.0,0.0,0.0,1.0,0.0
717917,0.0,0.0,0.0,0.0,0.0,0.0,0.0
718485,0.0,0.0,0.0,0.0,0.0,1.0,0.0
718985,0.0,0.0,0.0,0.0,0.0,0.0,0.0
720325,0.0,0.0,0.0,0.0,0.0,1.0,0.0
720346,0.0,0.0,0.0,0.0,1.0,2.0,0.0
720846,0.0,0.0,0.0,0.0,0.0,0.0,0.0
723447,0.0,0.0,0.0,0.0,0.0,1.0,0.0
723947,0.0,0.0,0.0,0.0,0.0,0.0,0.0
724493,0.0,0.0,0.0,0.0,0.0,1.0,0.0
724993,0.0,0.0,0.0,0.0,0.0,0.0,0.0
729317,0.0,0.0,0.0,0.0,0.0,1.0,0.0
729347,0.0,0.0,0.0,0.0,0.0,2.0,0.0
729350,0.0,0.0,0.0,0.0,1.0,2.0,0.0
729847,0.0,0.0,0.0,0.0,1.0,0.0,0.0
729850,0.0,0.0,0.0,0.0,0.0,0.0,0.0
730159,0.0,0.0,0.0,0.0,0.0,1.0,0.0
730659,0.0,0.0,0.0,0.0,0.0,0.0,0.0
733872,0.0,0.0,0.0,0.0,0.0,1.0,0.0
734372,0.0,0.0,0.0,0.0,0.0,0.0,0.0
735505,0.0,0.0,0.0,0.0,0.0,1.0,0.0
736005,0.0,0.0,0.0,0.0,0.0,0.0,0.0
739168,0.0,0.0,0.0,0.0,0.0,1.0,0.0
739668,0.0,0.0,0.0,0.0,0.0,0.0,0.0
740151,0.0,0.0,0.0,0.0,0.0,1.0,0.0
740651,0.0,0.0,0.0,0.0,0.0,0.0,0.0
741523,0.0,0.0,0.0,0.0,0.0,1.0,0.0
742023,0.0,0.0,0.0,0.0,0.0,0.0,0.0
748307,0.0,0.0,0.0,0.0,0.0,1.0,0.0
748807,0.0,0.0,0.0,0.0,0.0,0.0,0.0
751098,0.0,0.0,0.0,0.0,0.0,1.0,0.0
751598,0.0,0.0,0.0,0.0,0.0,0.0,0.0
753678,0.0,0.0,0.0,0.0,0.0,1.0,0.0
754178,0.0,0.0,0.0,0.0,0.0,0.0,0.0
754983,0.0,0.0,0.0,0.0,0.0,1.0,0.0
755483,0.0,0.0,0.0,0.0,0.0,0.0,0.0
755739,0.0,0.0,0.0,0.0,0.0,1.0,0.0
756239,0.0,0.0,0.0,0.0,0.0,0.0,0.0
759998,0.0,0.0,0.0,0.0,0.0,1.0,0.0
760006,0.0,0.0,0.0,0.0,0.0,2.0,0.0
760506,0.0,0.0,0.0,0.0,0.0,0.0,0.0
761256,0.0,0.0,0.0,0.0,0.0,1.0,0.0
761756,0.0,0.0,0.0,0.0,0.0,0.0,0.0
762020,0.0,0.0,0.0,0.0,0.0,1.0,0.0
762520,0.0,0.0,0.0,0.0,0.0,0.0,0.0
767008,0.0,0.0,0.0,0.0,0.0,1.0,0.0
767508,0.0,0.0,0.0,0.0,0.0,0.0,0.0
767940,0.0,0.0,0.0,0.0,0.0,1.0,0.0
768440,0.0,0.0,0.0,0.0,0.0,0.0,0.0
769038,0.0,0.0,0.0,0.0,0.0,1.0,0.0
769538,0.0,0.0,0.0,0.0,0.0,0.0,0.0
770158,0.0,0.0,0.0,0.0,0.0,1.0,0.0
770658,0.0,0.0,0.0,0.0,0.0,0.0,0.0
771458,0.0,0.0,0.0,0.0,0.0,1.0,0.0
771958,0.0,0.0,0.0,0.0,0.0,0.0,0.0
774018,0.0,0.0,0.0,0.0,0.0,1.0,0.0
774026,0.0,0.0,0.0,0.0,0.0,2.0,0.0
774526,0.0,0.0,0.0,0.0,0.0,0.0,0.0
779974,0.0,0.0,0.0,0.0,0.0,1.0,0.0
780474,0.0,0.0,0.0,0.0,0.0,0.0,0.0
780927,0.0,0.0,0.0,0.0,0.0,1.0,0.0
781427,0.0,0.0,0.0,0.0,0.0,0.0,0.0
782091,0.0,0.0,0.0,0.0,0.0,1.0,0.0
782591,0.0,0.0,0.0,0.0,0.0,0.0,0.0
783361,0.0,0.0,0.0,0.0,0.0,1.0,0.0
783861,0.0,0.0,0.0,0.0,0.0,0.0,0.0
784549,0.0,0.0,0.0,0.0,0.0,1.0,0.0
785049,0.0,0.0,0.0,0.0,0.0,0.0,0.0
785751,0.0,0.0,0.0,0.0,0.0,1.0,0.0
786251,0.0,0.0,0.0,0.0,0.0,0.0,0.0
786955,0.0,0.0,0.0,0.0,0.0,1.0,0.0
787455,0.0,0.0,0.0,0.0,0.0,0.0,0.0
788086,0.0,0.0,0.0,0.0,0.0,1.0,0.0
788311,0.0,0.0,0.0,0.0,0.0,2.0,0.0
788811,0.0,0.0,0.0,0.0,0.0,0.0,0.0
790277,0.0,0.0,0.0,0.0,0.0,1.0,0.0
790279,0.0,0.0,0.0,0.0,0.0,2.0,0.0
790779,0.0,0.0,0.0,0.0,0.0,0.0,0.0
791955,0.0,0.0,0.0,0.0,0.0,1.0,0.0
792455,0.0,0.0,0.0,0.0,0.0,0.0,0.0
794926,0.0,0.0,0.0,0.0,0.0,1.0,0.0
795426,0.0,0.0,0.0,0.0,0.0,0.0,0.0
796968,0.0,0.0,0.0,0.0,0.0,1.0,0.0
797468,0.0,0.0,0.0,0.0,0.0,0.0,0.0
799919,0.0,0.0,0.0,0.0,0.0,1.0,0.0
800419,0.0,0.0,0.0,0.0,0.0,0.0,0.0
807000,0.0,0.0,0.0,0.0,0.0,0.0,1.0
807347,0.0,0.0,0.0,0.0,0.0,1.0,1.0
807500,0.0,0.0,0.0,0.0,0.0,1.0,0.0
807679,2.0,0.0,0.0,0.0,0.0,1.0,0.0
807760,2.0,0.0,0.0,0.0,0.0,2.0,0.0
807793,2.0,2.0,0.0,0.0,0.0,2.0,0.0
808179,0.0,2.0,0.0,0.0,0.0,2.0,0.0
808260,0.0,2.0,0.0,0.0,0.0,0.0,0.0
808293,0.0,0.0,0.0,0.0,0.0,0.0,0.0
808298,0.0,0.0,0.0,0.0,1.0,0.0,0.0
808539,0.0,0.0,0.0,0.0,2.0,0.0,0.0
808788,0.0,0.0,0.0,0.0,2.0,1.0,0.0
808922,0.0,0.0,0.0,0.0,2.0,2.0,0.0
809039,0.0,0.0,0.0,0.0,0.0,2.0,0.0
809281,0.0,0.0,1.0,0.0,0.0,2.0,0.0
809422,0.0,0.0,1.0,0.0,0.0,0.0,0.0
809603,0.0,0.0,1.0,0.0,0.0,1.0,0.0
810103,0.0,0.0,1.0,0.0,0.0,0.0,0.0
810427,0.0,0.0,1.0,0.0,0.0,1.0,0.0
810445,0.0,0.0,1.0,0.0,0.0,2.0,0.0
810868,0.0,0.0,2.0,0.0,0.0,2.0,0.0
810945,0.0,0.0,2.0,0.0,0.0,0.0,0.0
811191,0.0,0.0,2.0,0.0,0.0,1.0,0.0
811368,0.0,0.0,0.0,0.0,0.0,1.0,0.0
811691,0.0,0.0,0.0,0.0,0.0,0.0,0.0
811716,0.0,0.0,0.0,0.0,0.0,1.0,0.0
812216,0.0,0.0,0.0,0.0,0.0,0.0,0.0
812511,2.0,0.0,0.0,0.0,0.0,0.0,0.0
813011,0.0,0.0,0.0,0.0,0.0,0.0,0.0
813497,0.0,0.0,1.0,0.0,0.0,1.0,0.0
813572,0.0,2.0,1.0,0.0,0.0,1.0,0.0
813997,0.0,2.0,0.0,0.0,0.0,0.0,0.0
814072,0.0,0.0,0.0,0.0,0.0,0.0,0.0
814703,0.0,0.0,0.0,0.0,0.0,1.0,0.0
814709,0.0,0.0,0.0,0.0,0.0,2.0,0.0
815209,0.0,0.0,0.0,0.0,0.0,0.0,0.0
815419,0.0,0.0,0.0,0.0,0.0,1.0,0.0
815919,0.0,0.0,0.0,0.0,0.0,0.0,0.0
816157,0.0,0.0,0.0,0.0,0.0,1.0,0.0
816657,0.0,0.0,0.0,0.0,0.0,0.0,0.0
817461,0.0,0.0,0.0,0.0,0.0,1.0,0.0
817473,0.0,0.0,0.0,0.0,0.0,2.0,0.0
817973,0.0,0.0,0.0,0.0,0.0,0.0,0.0
819118,0.0,2.0,0.0,0.0,0.0,0.0,0.0
819618,0.0,0.0,0.0,0.0,0.0,0.0,0.0
820326,0.0,0.0,0.0,0.0,0.0,1.0,0.0
820826,0.0,0.0,0.0,0.0,0.0,0.0,0.0
820939,0.0,0.0,0.0,0.0,0.0,1.0,0.0
820945,0.0,0.0,0.0,0.0,0.0,2.0,0.0
821445,0.0,0.0,0.0,0.0,0.0,0.0,0.0
822569,0.0,0.0,0.0,0.0,0.0,1.0,0.0
822576,0.0,0.0,0.0,0.0,0.0,2.0,0.0
823076,0.0,0.0,0.0,0.0,0.0,0.0,0.0
824404,0.0,0.0,0.0,0.0,0.0,1.0,0.0
824904,0.0,0.0,0.0,0.0,0.0,0.0,0.0
825924,0.0,0.0,0.0,0.0,0.0,1.0,0.0
825937,0.0,0.0,0.0,0.0,0.0,2.0,0.0
826205,0.0,2.0,0.0,0.0,0.0,2.0,0.0
826437,0.0,2.0,0.0,0.0,0.0,0.0,0.0
826705,0.0,0.0,0.0,0.0,0.0,0.0,0.0
826957,0.0,0.0,0.0,0.0,0.0,1.0,0.0
827457,0.0,0.0,0.0,0.0,0.0,0.0,0.0
827785,0.0,0.0,0.0,0.0,0.0,1.0,0.0
828285,0.0,0.0,0.0,0.0,0.0,0.0,0.0
828514,0.0,0.0,0.0,0.0,0.0,1.0,0.0
829014,0.0,0.0,0.0,0.0,0.0,0.0,0.0
829049,0.0,0.0,0.0,0.0,0.0,1.0,0.0
829052,0.0,0.0,0.0,0.0,0.0,2.0,0.0
829552,0.0,0.0,0.0,0.0,0.0,0.0,0.0
829653,0.0,0.0,0.0,0.0,0.0,1.0,0.0
830153,0.0,0.0,0.0,0.0,0.0,0.0,0.0
831354,0.0,0.0,0.0,0.0,0.0,1.0,0.0
831360,0.0,0.0,0.0,0.0,0.0,2.0,0.0
831860,0.0,0.0,0.0,0.0,0.0,0.0,0.0
831876,0.0,0.0,0.0,0.0,0.0,1.0,0.0
831882,0.0,0.0,0.0,0.0,0.0,2.0,0.0
832382,0.0,0.0,0.0,0.0,0.0,0.0,0.0
833088,0.0,0.0,0.0,0.0,0.0,1.0,0.0
833440,0.0,0.0,0.0,0.0,0.0,2.0,0.0
833940,0.0,0.0,0.0,0.0,0.0,0.0,0.0
835152,0.0,0.0,0.0,0.0,0.0,1.0,0.0
835156,0.0,0.0,0.0,0.0,0.0,2.0,0.0
835656,0.0,0.0,0.0,0.0,0.0,0.0,0.0
836203,0.0,0.0,0.0,0.0,0.0,1.0,0.0
836703,0.0,0.0,0.0,0.0,0.0,0.0,0.0
837237,0.0,0.0,0.0,0.0,0.0,1.0,0.0
837737,0.0,0.0,0.0,0.0,0.0,0.0,0.0
837779,0.0,0.0,0.0,0.0,0.0,1.0,0.0
837783,0.0,0.0,0.0,0.0,0.0,2.0,0.0
838283,0.0,0.0,0.0,0.0,0.0,0.0,0.0
838610,0.0,0.0,0.0,0.0,0.0,1.0,0.0
838613,0.0,0.0,0.0,0.0,0.0,2.0,0.0
839113,0.0,0.0,0.0,0.0,0.0,0.0,0.0
839440,0.0,0.0,0.0,0.0,0.0,1.0,0.0
839551,0.0,0.0,0.0,0.0,0.0,2.0,0.0
839552,0.0,0.0,0.0,0.0,1.0,2.0,0.0
840051,0.0,0.0,0.0,0.0,1.0,0.0,0.0
840052,0.0,0.0,0.0,0.0,0.0,0.0,0.0
841308,0.0,0.0,0.0,0.0,0.0,1.0,0.0
841514,0.0,0.0,0.0,0.0,0.0,2.0,0.0
842014,0.0,0.0,0.0,0.0,0.0,0.0,0.0
842959,0.0,0.0,0.0,0.0,0.0,1.0,0.0
843076,0.0,0.0,0.0,0.0,0.0,2.0,0.0
843576,0.0,0.0,0.0,0.0,0.0,0.0,0.0
843805,0.0,0.0,0.0,0.0,0.0,1.0,0.0
843875,0.0,0.0,0.0,0.0,0.0,2.0,0.0
844375,0.0,0.0,0.0,0.0,0.0,0.0,0.0
845580,0.0,0.0,0.0,0.0,0.0,1.0,0.0
845609,0.0,0.0,0.0,0.0,0.0,2.0,0.0
845610,0.0,0.0,0.0,0.0,1.0,2.0,0.0
846109,0.0,0.0,0.0,0.0,1.0,0.0,0.0
846110,0.0,0.0,0.0,0.0,0.0,0.0,0.0
846282,0.0,0.0,0.0,0.0,0.0,1.0,0.0
846285,0.0,0.0,0.0,0.0,0.0,2.0,0.0
846287,0.0,0.0,0.0,0.0,1.0,2.0,0.0
846785,0.0,0.0,0.0,0.0,1.0,0.0,0.0
846787,0.0,0.0,0.0,0.0,0.0,0.0,0.0
847260,0.0,0.0,0.0,0.0,0.0,1.0,0.0
847379,0.0,0.0,0.0,0.0,0.0,2.0,0.0
847879,0.0,0.0,0.0,0.0,0.0,0.0,0.0
848251,0.0,0.0,0.0,0.0,0.0,1.0,0.0
848751,0.0,0.0,0.0,0.0,0.0,0.0,0.0
848774,0.0,0.0,0.0,0.0,0.0,1.0,0.0
849274,0.0,0.0,0.0,0.0,0.0,0.0,0.0
850137,0.0,0.0,0.0,0.0,0.0,1.0,0.0
850637,0.0,0.0,0.0,0.0,0.0,0.0,0.0
850754,0.0,0.0,0.0,0.0,0.0,1.0,0.0
850760,0.0,0.0,0.0,0.0,0.0,2.0,0.0
851260,0.0,0.0,0.0,0.0,0.0,0.0,0.0
851653,0.0,0.0,0.0,0.0,0.0,1.0,0.0
852153,0.0,0.0,0.0,0.0,0.0,0.0,0.0
852527,0.0,0.0,0.0,0.0,0.0,1.0,0.0
853027,0.0,0.0,0.0,0.0,0.0,0.0,0.0
853074,0.0,0.0,0.0,0.0,0.0,1.0,0.0
853574,0.0,0.0,0.0,0.0,0.0,0.0,0.0
853870,0.0,0.0,0.0,0.0,0.0,1.0,0.0
854370,0.0,0.0,0.0,0.0,0.0,0.0,0.0
854408,0.0,0.0,0.0,0.0,0.0,1.0,0.0
854908,0.0,0.0,0.0,0.0,0.0,0.0,0.0
854988,0.0,0.0,0.0,0.0,0.0,1.0,0.0
855477,0.0,0.0,0.0,0.0,0.0,2.0,0.0
855977,0.0,0.0,0.0,0.0,0.0,0.0,0.0
856047,0.0,0.0,0.0,0.0,0.0,1.0,0.0
856547,0.0,0.0,0.0,0.0,0.0,0.0,0.0
857620,0.0,0.0,0.0,0.0,0.0,1.0,0.0
857623,0.0,0.0,0.0,0.0,0.0,2.0,0.0
858123,0.0,0.0,0.0,0.0,0.0,0.0,0.0
858551,0.0,0.0,0.0,0.0,0.0,1.0,0.0
859051,0.0,0.0,0.0,0.0,0.0,0.0,0.0
859236,0.0,0.0,0.0,0.0,0.0,1.0,0.0
859736,0.0,0.0,0.0,0.0,0.0,0.0,0.0
860388,0.0,0.0,0.0,0.0,0.0,1.0,0.0
860397,0.0,0.0,0.0,0.0,0.0,2.0,0.0
860897,0.0,0.0,0.0,0.0,0.0,0.0,0.0
861420,0.0,0.0,0.0,0.0,0.0,1.0,0.0
861473,0.0,0.0,0.0,0.0,0.0,2.0,0.0
861973,0.0,0.0,0.0,0.0,0.0,0.0,0.0
862371,0.0,0.0,0.0,0.0,0.0,1.0,0.0
862501,0.0,0.0,0.0,0.0,0.0,2.0,0.0
863001,0.0,0.0,0.0,0.0,0.0,0.0,0.0
863384,0.0,0.0,0.0,0.0,0.0,1.0,0.0
864048,0.0,0.0,0.0,0.0,0.0,2.0,0.0
864180,0.0,2.0,0.0,0.0,0.0,2.0,0.0
864548,0.0,2.0,0.0,0.0,0.0,0.0,0.0
864657,0.0,2.0,0.0,0.0,0.0,1.0,0.0
864673,0.0,2.0,0.0,0.0,0.0,2.0,0.0
864680,0.0,0.0,0.0,0.0,0.0,2.0,0.0
865173,0.0,0.0,0.0,0.0,0.0,0.0,0.0
865350,0.0,0.0,0.0,0.0,0.0,1.0,0.0
865850,0.0,0.0,0.0,0.0,0.0,0.0,0.0
865927,0.0,0.0,0.0,0.0,0.0,1.0,0.0
866427,0.0,0.0,0.0,0.0,0.0,0.0,0.0
866585,0.0,0.0,0.0,0.0,0.0,1.0,0.0
866865,0.0,0.0,0.0,0.0,0.0,2.0,0.0
867365,0.0,0.0,0.0,0.0,0.0,0.0,0.0
869031,0.0,0.0,0.0,0.0,0.0,1.0,0.0
869174,0.0,0.0,0.0,0.0,0.0,2.0,0.0
869674,0.0,0.0,0.0,0.0,0.0,0.0,0.0
869926,0.0,0.0,0.0,0.0,0.0,1.0,0.0
870426,0.0,0.0,0.0,0.0,0.0,0.0,0.0
870670,0.0,0.0,0.0,0.0,0.0,1.0,0.0
870677,0.0,0.0,0.0,0.0,0.0,2.0,0.0
871177,0.0,0.0,0.0,0.0,0.0,0.0,0.0
872847,0.0,0.0,0.0,0.0,0.0,1.0,0.0
873347,0.0,0.0,0.0,0.0,0.0,0.0,0.0
873759,0.0,0.0,0.0,0.0,0.0,1.0,0.0
874259,0.0,0.0,0.0,0.0,0.0,0.0,0.0
874290,0.0,0.0,0.0,0.0,0.0,1.0,0.0
874790,0.0,0.0,0.0,0.0,0.0,0.0,0.0
874862,0.0,0.0,0.0,0.0,0.0,1.0,0.0
875012,0.0,0.0,0.0,0.0,0.0,2.0,0.0
875512,0.0,0.0,0.0,0.0,0.0,0.0,0.0
876466,0.0,0.0,0.0,0.0,0.0,1.0,0.0
876966,0.0,0.0,0.0,0.0,0.0,0.0,0.0
878604,0.0,0.0,0.0,0.0,0.0,1.0,0.0
879104,0.0,0.0,0.0,0.0,0.0,0.0,0.0
879358,0.0,0.0,0.0,0.0,0.0,1.0,0.0
879858,0.0,0.0,0.0,0.0,0.0,0.0,0.0
880022,0.0,0.0,0.0,0.0,0.0,1.0,0.0
880522,0.0,0.0,0.0,0.0,0.0,0.0,0.0
881697,0.0,0.0,0.0,0.0,0.0,1.0,0.0
882197,0.0,0.0,0.0,0.0,0.0,0.0,0.0
883330,0.0,0.0,0.0,0.0,0.0,1.0,0.0
883333,0.0,0.0,0.0,0.0,0.0,2.0,0.0
883833,0.0,0.0,0.0,0.0,0.0,0.0,0.0
884020,0.0,0.0,0.0,0.0,0.0,1.0,0.0
884520,0.0,0.0,0.0,0.0,0.0,0.0,0.0
884528,0.0,0.0,0.0,0.0,0.0,1.0,0.0
884790,0.0,0.0,0.0,0.0,0.0,2.0,0.0
885290,0.0,0.0,0.0,0.0,0.0,0.0,0.0
887394,0.0,0.0,0.0,0.0,0.0,1.0,0.0
887894,0.0,0.0,0.0,0.0,0.0,0.0,0.0
888052,0.0,0.0,0.0,0.0,0.0,1.0,0.0
888055,0.0,0.0,0.0,0.0,0.0,2.0,0.0
888555,0.0,0.0,0.0,0.0,0.0,0.0,0.0
889658,0.0,0.0,0.0,0.0,0.0,1.0,0.0
889661,0.0,0.0,0.0,0.0,0.0,2.0,0.0
890161,0.0,0.0,0.0,0.0,0.0,0.0,0.0
890186,0.0,0.0,0.0,0.0,0.0,1.0,0.0
890686,0.0,0.0,0.0,0.0,0.0,0.0,0.0
891297,0.0,0.0,0.0,0.0,0.0,1.0,0.0
891797,0.0,0.0,0.0,0.0,0.0,0.0,0.0
892261,0.0,0.0,0.0,0.0,0.0,1.0,0.0
892761,0.0,0.0,0.0,0.0,0.0,0.0,0.0
893143,0.0,0.0,0.0,0.0,0.0,1.0,0.0
893149,0.0,0.0,0.0,0.0,0.0,2.0,0.0
893649,0.0,0.0,0.0,0.0,0.0,0.0,0.0
893874,0.0,0.0,0.0,0.0,0.0,1.0,0.0
893878,0.0,0.0,0.0,0.0,0.0,2.0,0.0
894378,0.0,0.0,0.0,0.0,0.0,0.0,0.0
894704,0.0,0.0,0.0,0.0,0.0,1.0,0.0
894707,0.0,0.0,0.0,0.0,0.0,2.0,0.0
895207,0.0,0.0,0.0,0.0,0.0,0.0,0.0
895545,0.0,0.0,0.0,0.0,0.0,1.0,0.0
895558,0.0,0.0,0.0,0.0,0.0,2.0,0.0
896058,0.0,0.0,0.0,0.0,0.0,0.0,0.0
896112,0.0,0.0,0.0,0.0,0.0,1.0,0.0
896612,0.0,0.0,0.0,0.0,0.0,0.0,0.0
896766,0.0,0.0,0.0,0.0,0.0,1.0,0.0
897266,0.0,0.0,0.0,0.0,0.0,0.0,0.0
897537,0.0,0.0,0.0,0.0,0.0,1.0,0.0
897544,0.0,0.0,0.0,0.0,0.0,2.0,0.0
897607,0.0,2.0,0.0,0.0,0.0,2.0,0.0
898044,0.0,2.0,0.0,0.0,0.0,0.0,0.0
898107,0.0,0.0,0.0,0.0,0.0,0.0,0.0
898161,0.0,0.0,0.0,0.0,0.0,1.0,0.0
898661,0.0,0.0,0.0,0.0,0.0,0.0,0.0
899006,0.0,0.0,0.0,0.0,0.0,1.0,0.0
899506,0.0,0.0,0.0,0.0,0.0,0.0,0.0
899759,0.0,0.0,0.0,0.0,0.0,1.0,0.0
900029,0.0,0.0,0.0,0.0,0.0,2.0,0.0
900529,0.0,0.0,0.0,0.0,0.0,0.0,0.0
900537,0.0,0.0,0.0,0.0,0.0,1.0,0.0
901037,0.0,0.0,0.0,0.0,0.0,0.0,0.0
901630,0.0,0.0,0.0,0.0,0.0,1.0,0.0
902130,0.0,0.0,0.0,0.0,0.0,0.0,0.0
902234,0.0,0.0,0.0,0.0,0.0,1.0,0.0
902734,0.0,0.0,0.0,0.0,0.0,0.0,0.0
902844,0.0,0.0,0.0,0.0,0.0,1.0,0.0
902848,0.0,0.0,0.0,0.0,0.0,2.0,0.0
903051,0.0,2.0,0.0,0.0,0.0,2.0,0.0
903348,0.0,2.0,0.0,0.0,0.0,0.0,0.0
903551,0.0,0.0,0.0,0.0,0.0,0.0,0.0
904430,0.0,0.0,0.0,0.0,0.0,1.0,0.0
904930,0.0,0.0,0.0,0.0,0.0,0.0,0.0
905163,0.0,0.0,0.0,0.0,0.0,1.0,0.0
905663,0.0,0.0,0.0,0.0,0.0,0.0,0.0
906171,0.0,0.0,0.0,0.0,0.0,1.0,0.0
906605,0.0,2.0,0.0,0.0,0.0,1.0,0.0
906671,0.0,2.0,0.0,0.0,0.0,0.0,0.0
906982,0.0,2.0,0.0,0.0,0.0,1.0,0.0
907105,0.0,0.0,0.0,0.0,0.0,1.0,0.0
907482,0.0,0.0,0.0,0.0,0.0,0.0,0.0
912266,0.0,0.0,0.0,0.0,0.0,1.0,0.0
912766,0.0,0.0,0.0,0.0,0.0,0.0,0.0
916365,0.0,0.0,0.0,0.0,0.0,1.0,0.0
916865,0.0,0.0,0.0,0.0,0.0,0.0,0.0
917426,0.0,0.0,0.0,0.0,0.0,1.0,0.0
917926,0.0,0.0,0.0,0.0,0.0,0.0,0.0
918992,0.0,0.0,0.0,0.0,0.0,1.0,0.0
919492,0.0,0.0,0.0,0.0,0.0,0.0,0.0
919514,0.0,0.0,0.0,0.0,0.0,1.0,0.0
920014,0.0,0.0,0.0,0.0,0.0,0.0,0.0
920207,0.0,0.0,0.0,0.0,0.0,1.0,0.0
920707,0.0,0.0,0.0,0.0,0.0,0.0,0.0
922008,0.0,0.0,0.0,0.0,0.0,1.0,0.0
922508,0.0,0.0,0.0,0.0,0.0,0.0,0.0
924771,0.0,0.0,0.0,0.0,0.0,1.0,0.0
925271,0.0,0.0,0.0,0.0,0.0,0.0,0.0
927105,0.0,0.0,0.0,0.0,0.0,1.0,0.0
927605,0.0,0.0,0.0,0.0,0.0,0.0,0.0
929022,0.0,0.0,0.0,0.0,0.0,1.0,0.0
929522,0.0,0.0,0.0,0.0,0.0,0.0,0.0
931538,0.0,0.0,0.0,0.0,0.0,1.0,0.0
932038,0.0,0.0,0.0,0.0,0.0,0.0,0.0
935780,0.0,0.0,0.0,0.0,0.0,1.0,0.0
936280,0.0,0.0,0.0,0.0,0.0,0.0,0.0
937942,0.0,0.0,0.0,0.0,0.0,1.0,0.0
938442,0.0,0.0,0.0,0.0,0.0,0.0,0.0
942077,0.0,0.0,0.0,0.0,0.0,1.0,0.0
942577,0.0,0.0,0.0,0.0,0.0,0.0,0.0
943408,0.0,0.0,0.0,0.0,0.0,1.0,0.0
943410,0.0,0.0,0.0,0.0,0.0,2.0,0.0
943910,0.0,0.0,0.0,0.0,0.0,0.0,0.0
947229,0.0,0.0,0.0,0.0,0.0,1.0,0.0
947729,0.0,0.0,0.0,0.0,0.0,0.0,0.0
948639,0.0,0.0,0.0,0.0,0.0,1.0,0.0
949139,0.0,0.0,0.0,0.0,0.0,0.0,0.0
950261,0.0,0.0,0.0,0.0,0.0,1.0,0.0
950761,0.0,0.0,0.0,0.0,0.0,0.0,0.0
951881,0.0,0.0,0.0,0.0,0.0,1.0,0.0
951896,0.0,0.0,0.0,0.0,0.0,2.0,0.0
952396,0.0,0.0,0.0,0.0,0.0,0.0,0.0
960695,0.0,0.0,0.0,0.0,0.0,1.0,0.0
961195,0.0,0.0,0.0,0.0,0.0,0.0,0.0
963000,0.0,0.0,0.0,0.0,0.0,1.0,0.0
963500,0.0,0.0,0.0,0.0,0.0,0.0,0.0
966259,0.0,0.0,0.0,0.0,0.0,1.0,0.0
966759,0.0,0.0,0.0,0.0,0.0,0.0,0.0
968228,0.0,0.0,0.0,0.0,0.0,1.0,0.0
968728,0.0,0.0,0.0,0.0,0.0,0.0,0.0
973924,0.0,0.0,0.0,0.0,0.0,1.0,0.0
974424,0.0,0.0,0.0,0.0,0.0,0.0,0.0
975878,0.0,0.0,0.0,0.0,0.0,1.0,0.0
976378,0.0,0.0,0.0,0.0,0.0,0.0,0.0
977299,0.0,0.0,0.0,0.0,0.0,1.0,0.0
977497,0.0,0.0,0.0,0.0,0.0,2.0,0.0
977997,0.0,0.0,0.0,0.0,0.0,0.0,0.0
980421,0.0,0.0,0.0,0.0,0.0,1.0,0.0
980921,0.0,0.0,0.0,0.0,0.0,0.0,0.0
984091,0.0,0.0,0.0,0.0,0.0,1.0,0.0
984591,0.0,0.0,0.0,0.0,0.0,0.0,0.0
985822,0.0,0.0,0.0,0.0,0.0,1.0,0.0
986322,0.0,0.0,0.0,0.0,0.0,0.0,0.0
989568,0.0,0.0,0.0,0.0,0.0,1.0,0.0
989571,0.0,0.0,0.0,0.0,0.0,2.0,0.0
990071,0.0,0.0,0.0,0.0,0.0,0.0,0.0
994541,0.0,0.0,0.0,0.0,0.0,1.0,0.0
995041,0.0,0.0,0.0,0.0,0.0,0.0,0.0
995733,0.0,0.0,0.0,0.0,0.0,1.0,0.0
996233,0.0,0.0,0.0,0.0,0.0,0.0,0.0
999232,0.0,0.0,0.0,0.0,0.0,1.0,0.0
999732,0.0,0.0,0.0,0.0,0.0,0.0,0.0
1000447,0.0,0.0,0.0,0.0,0.0,1.0,0.0
1000947,0.0,0.0,0.0,0.0,0.0,0.0,0.0
1003499,0.0,0.0,0.0,0.0,0.0,1.0,0.0
1003999,0.0,0.0,0.0,0.0,0.0,0.0,0.0
1004727,0.0,0.0,0.0,0.0,0.0,1.0,0.0
1005227,0.0,0.0,0.0,0.0,0.0,0.0,0.0
1005867,0.0,0.0,0.0,0.0,0.0,1.0,0.0
1006367,0.0,0.0,0.0,0.0,0.0,0.0,0.0
1006416,0.0,0.0,0.0,0.0,0.0,1.0,0.0
1006595,0.0,0.0,0.0,0.0,0.0,2.0,0.0
1007095,0.0,0.0,0.0,0.0,0.0,0.0,0.0
1009000,0.0,0.0,0.0,0.0,0.0,0.0,1.0
1009027,0.0,0.0,0.0,0.0,0.0,1.0,1.0
1009442,0.0,0.0,0.0,0.0,0.0,2.0,1.0
1009471,2.0,0.0,0.0,0.0,0.0,2.0,1.0
1009500,2.0,0.0,0.0,0.0,0.0,2.0,0.0
1009513,2.0,2.0,0.0,0.0,0.0,2.0,0.0
1009681,2.0,2.0,0.0,0.0,1.0,2.0,0.0
1009753,2.0,2.0,0.0,0.0,2.0,2.0,0.0
1009942,2.0,2.0,0.0,0.0,2.0,0.0,0.0
1009971,0.0,2.0,0.0,0.0,2.0,0.0,0.0
1010013,0.0,0.0,0.0,0.0,2.0,0.0,0.0
1010079,2.0,0.0,0.0,0.0,2.0,0.0,0.0
1010253,2.0,0.0,0.0,0.0,0.0,0.0,0.0
1010579,0.0,0.0,0.0,0.0,0.0,0.0,0.0
1010591,2.0,0.0,0.0,0.0,0.0,0.0,0.0
1010595,2.0,2.0,0.0,0.0,0.0,0.0,0.0
1010600,2.0,2.0,0.0,0.0,0.0,1.0,0.0
1011091,0.0,2.0,0.0,0.0,0.0,1.0,0.0
1011095,0.0,0.0,0.0,0.0,0.0,1.0,0.0
1011100,0.0,0.0,0.0,0.0,0.0,0.0,0.0
1011296,0.0,0.0,0.0,0.0,0.0,1.0,0.0
1011333,0.0,0.0,1.0,0.0,0.0,1.0,0.0
1011796,0.0,0.0,1.0,0.0,0.0,0.0,0.0
1011823,0.0,0.0,1.0,0.0,0.0,1.0,0.0
1011930,0.0,0.0,1.0,0.0,0.0,2.0,0.0
1012430,0.0,0.0,1.0,0.0,0.0,0.0,0.0
1012445,0.0,0.0,1.0,0.0,0.0,1.0,0.0
1012462,0.0,0.0,1.0,0.0,0.0,2.0,0.0
1012745,0.0,0.0,2.0,0.0,0.0,2.0,0.0
1012962,0.0,0.0,2.0,0.0,0.0,0.0,0.0
1013129,0.0,0.0,2.0,0.0,0.0,1.0,0.0
1013245,0.0,0.0,0.0,0.0,0.0,1.0,0.0
1013629,0.0,0.0,0.0,0.0,0.0,0.0,0.0
1013832,0.0,0.0,0.0,0.0,0.0,1.0,0.0
1014285,0.0,0.0,0.0,0.0,0.0,2.0,0.0
1014785,0.0,0.0,0.0,0.0,0.0,0.0,0.0
1015634,0.0,0.0,0.0,0.0,0.0,1.0,0.0
1015869,0.0,0.0,1.0,0.0,0.0,1.0,0.0
1016134,0.0,0.0,1.0,0.0,0.0,0.0,0.0
1016361,0.0,0.0,1.0,0.0,0.0,1.0,0.0
1016465,0.0,0.0,1.0,0.0,0.0,2.0,0.0
1016965,0.0,0.0,1.0,0.0,0.0,0.0,0.0
1017018,0.0,0.0,1.0,0.0,0.0,1.0,0.0
1017369,0.0,0.0,0.0,0.0,0.0,1.0,0.0
1017370,0.0,0.0,1.0,0.0,0.0,1.0,0.0
1017518,0.0,0.0,1.0,0.0,0.0,0.0,0.0
1017525,0.0,0.0,1.0,0.0,0.0,1.0,0.0
1017531,0.0,0.0,1.0,0.0,0.0,2.0,0.0
1018031,0.0,0.0,1.0,0.0,0.0,0.0,0.0
1018870,0.0,0.0,0.0,0.0,0.0,0.0,0.0
1019003,0.0,0.0,0.0,0.0,0.0,1.0,0.0
1019503,0.0,0.0,0.0,0.0,0.0,0.0,0.0
1019831,0.0,0.0,0.0,0.0,0.0,1.0,0.0
1020331,0.0,0.0,0.0,0.0,0.0,0.0,0.0
1020468,0.0,0.0,0.0,0.0,0.0,1.0,0.0
1020471,0.0,0.0,0.0,0.0,0.0,2.0,0.0
1020513,0.0,0.0,1.0,0.0,0.0,2.0,0.0
1020971,0.0,0.0,1.0,0.0,0.0,0.0,0.0
1021513,0.0,0.0,0.0,0.0,0.0,0.0,0.0
1021597,0.0,0.0,1.0,0.0,0.0,0.0,0.0
1021600,0.0,0.0,1.0,0.0,0.0,1.0,0.0
1022097,0.0,0.0,0.0,0.0,0.0,1.0,0.0
1022100,0.0,0.0,0.0,0.0,0.0,0.0,0.0
1022368,0.0,0.0,0.0,0.0,0.0,1.0,0.0
1022371,0.0,0.0,0.0,0.0,0.0,2.0,0.0
1022820,0.0,0.0,1.0,0.0,0.0,2.0,0.0
1022871,0.0,0.0,1.0,0.0,0.0,0.0,0.0
1023320,0.0,0.0,0.0,0.0,0.0,0.0,0.0
1023729,0.0,0.0,1.0,0.0,0.0,0.0,0.0
1023732,0.0,0.0,1.0,0.0,0.0,1.0,0.0
1023736,0.0,0.0,1.0,0.0,0.0,2.0,0.0
1024236,0.0,0.0,1.0,0.0,0.0,0.0,0.0
1025056,0.0,2.0,1.0,0.0,0.0,0.0,0.0
1025520,0.0,2.0,1.0,0.0,0.0,1.0,0.0
1025556,0.0,0.0,1.0,0.0,0.0,1.0,0.0
1026020,0.0,0.0,1.0,0.0,0.0,0.0,0.0
1026095,0.0,0.0,1.0,0.0,0.0,1.0,0.0
1026098,0.0,0.0,1.0,0.0,0.0,2.0,0.0
1026598,0.0,0.0,1.0,0.0,0.0,0.0,0.0
1026655,0.0,0.0,1.0,0.0,0.0,1.0,0.0
1026985,0.0,0.0,1.0,0.0,0.0,2.0,0.0
1027485,0.0,0.0,1.0,0.0,0.0,0.0,0.0
1027584,0.0,0.0,1.0,0.0,0.0,1.0,0.0
1028084,0.0,0.0,1.0,0.0,0.0,0.0,0.0
1028627,0.0,0.0,1.0,0.0,0.0,1.0,0.0
1029127,0.0,0.0,1.0,0.0,0.0,0.0,0.0
1029132,0.0,0.0,1.0,0.0,0.0,1.0,0.0
1029473,0.0,0.0,1.0,0.0,0.0,2.0,0.0
1029959,0.0,2.0,1.0,0.0,0.0,2.0,0.0
1029973,0.0,2.0,1.0,0.0,0.0,0.0,0.0
1030297,0.0,2.0,1.0,0.0,0.0,1.0,0.0
1030459,0.0,0.0,1.0,0.0,0.0,1.0,0.0
1030797,0.0,0.0,1.0,0.0,0.0,0.0,0.0
1031676,0.0,0.0,1.0,0.0,0.0,1.0,0.0
1032176,0.0,0.0,1.0,0.0,0.0,0.0,0.0
1032288,0.0,0.0,1.0,0.0,0.0,1.0,0.0
1032416,0.0,2.0,1.0,0.0,0.0,1.0,0.0
1032417,0.0,2.0,1.0,0.0,0.0,2.0,0.0
1032916,0.0,0.0,1.0,0.0,0.0,2.0,0.0
1032917,0.0,0.0,1.0,0.0,0.0,0.0,0.0
1033019,0.0,0.0,1.0,0.0,0.0,1.0,0.0
1033431,0.0,0.0,1.0,0.0,0.0,2.0,0.0
1033931,0.0,0.0,1.0,0.0,0.0,0.0,0.0
1035545,0.0,0.0,1.0,0.0,0.0,1.0,0.0
1036045,0.0,0.0,1.0,0.0,0.0,0.0,0.0
1036130,0.0,0.0,1.0,0.0,0.0,1.0,0.0
1036167,0.0,0.0,1.0,0.0,0.0,2.0,0.0
1036667,0.0,0.0,1.0,0.0,0.0,0.0,0.0
1037267,0.0,0.0,1.0,0.0,0.0,1.0,0.0
1037270,0.0,0.0,1.0,0.0,0.0,2.0,0.0
1037770,0.0,0.0,1.0,0.0,0.0,0.0,0.0
1037861,0.0,0.0,1.0,0.0,0.0,1.0,0.0
1038361,0.0,0.0,1.0,0.0,0.0,0.0,0.0
1038595,0.0,0.0,1.0,0.0,0.0,1.0,0.0
1039095,0.0,0.0,1.0,0.0,0.0,0.0,0.0
1039457,0.0,0.0,1.0,0.0,0.0,1.0,0.0
1039463,0.0,0.0,1.0,0.0,0.0,2.0,0.0
1039963,0.0,0.0,1.0,0.0,0.0,0.0,0.0
1040656,0.0,0.0,1.0,0.0,0.0,1.0,0.0
1040793,0.0,2.0,1.0,0.0,0.0,1.0,0.0
1041156,0.0,2.0,1.0,0.0,0.0,0.0,0.0
1041196,0.0,2.0,1.0,0.0,0.0,1.0,0.0
1041200,0.0,2.0,1.0,0.0,0.0,2.0,0.0
1041293,0.0,0.0,1.0,0.0,0.0,2.0,0.0
1041700,0.0,0.0,1.0,0.0,0.0,0.0,0.0
1041836,0.0,0.0,1.0,0.0,0.0,1.0,0.0
1042336,0.0,0.0,1.0,0.0,0.0,0.0,0.0
1042522,0.0,0.0,1.0,0.0,0.0,1.0,0.0
1042528,0.0,0.0,1.0,0.0,0.0,2.0,0.0
1043028,0.0,0.0,1.0,0.0,0.0,0.0,0.0
1043103,0.0,0.0,1.0,0.0,0.0,1.0,0.0
1043344,0.0,0.0,1.0,0.0,0.0,2.0,0.0
1043844,0.0,0.0,1.0,0.0,0.0,0.0,0.0
1044040,0.0,0.0,1.0,0.0,0.0,1.0,0.0
1044109,0.0,0.0,1.0,0.0,0.0,2.0,0.0
1044113,0.0,2.0,1.0,0.0,0.0,2.0,0.0
1044609,0.0,2.0,1.0,0.0,0.0,0.0,0.0
1044613,0.0,0.0,1.0,0.0,0.0,0.0,0.0
1046083,0.0,0.0,1.0,0.0,0.0,1.0,0.0
1046583,0.0,0.0,1.0,0.0,0.0,0.0,0.0
1046770,0.0,0.0,1.0,0.0,0.0,1.0,0.0
1047270,0.0,0.0,1.0,0.0,0.0,0.0,0.0
1047275,0.0,0.0,1.0,0.0,0.0,1.0,0.0
1047376,0.0,0.0,1.0,0.0,0.0,2.0,0.0
1047876,0.0,0.0,1.0,0.0,0.0,0.0,0.0
1048236,0.0,0.0,1.0,0.0,0.0,1.0,0.0
1048402,0.0,0.0,1.0,0.0,0.0,2.0,0.0
1048902,0.0,0.0,1.0,0.0,0.0,0.0,0.0
1049546,0.0,0.0,1.0,0.0,0.0,1.0,0.0
1049838,0.0,0.0,1.0,0.0,0.0,2.0,0.0
1050338,0.0,0.0,1.0,0.0,0.0,0.0,0.0
1051006,0.0,0.0,1.0,0.0,0.0,1.0,0.0
1051506,0.0,0.0,1.0,0.0,0.0,0.0,0.0
1051525,0.0,0.0,1.0,0.0,0.0,1.0,0.0
1052025,0.0,0.0,1.0,0.0,0.0,0.0,0.0
1052276,0.0,0.0,1.0,0.0,0.0,1.0,0.0
1052733,0.0,0.0,1.0,0.0,0.0,2.0,0.0
1053233,0.0,0.0,1.0,0.0,0.0,0.0,0.0
1054023,0.0,0.0,1.0,0.0,0.0,1.0,0.0
1054160,0.0,0.0,1.0,0.0,0.0,2.0,0.0
1054660,0.0,0.0,1.0,0.0,0.0,0.0,0.0
1055029,0.0,0.0,1.0,0.0,0.0,1.0,0.0
1055032,0.0,0.0,1.0,0.0,0.0,2.0,0.0
1055532,0.0,0.0,1.0,0.0,0.0,0.0,0.0
1055686,0.0,0.0,1.0,0.0,0.0,1.0,0.0
1056186,0.0,0.0,1.0,0.0,0.0,0.0,0.0
1056197,0.0,0.0,1.0,0.0,0.0,1.0,0.0
1056697,0.0,0.0,1.0,0.0,0.0,0.0,0.0
1056797,0.0,2.0,1.0,0.0,0.0,0.0,0.0
1057038,0.0,2.0,1.0,0.0,0.0,1.0,0.0
1057297,0.0,0.0,1.0,0.0,0.0,1.0,0.0
1057538,0.0,0.0,1.0,0.0,0.0,0.0,0.0
1057650,0.0,0.0,1.0,0.0,0.0,1.0,0.0
1058150,0.0,0.0,1.0,0.0,0.0,0.0,0.0
1058699,0.0,0.0,1.0,0.0,0.0,1.0,0.0
1058705,0.0,0.0,1.0,0.0,0.0,2.0,0.0
1059205,0.0,0.0,1.0,0.0,0.0,0.0,0.0
1059615,0.0,0.0,1.0,0.0,0.0,1.0,0.0
1060115,0.0,0.0,1.0,0.0,0.0,0.0,0.0
1060356,0.0,0.0,1.0,0.0,0.0,1.0,0.0
1060856,0.0,0.0,1.0,0.0,0.0,0.0,0.0
1061109,0.0,0.0,1.0,0.0,0.0,1.0,0.0
1061119,0.0,0.0,1.0,0.0,0.0,2.0,0.0
1061619,0.0,0.0,1.0,0.0,0.0,0.0,0.0
1062928,0.0,0.0,1.0,0.0,0.0,1.0,0.0
1063428,0.0,0.0,1.0,0.0,0.0,0.0,0.0
1064437,0.0,0.0,1.0,0.0,0.0,1.0,0.0
1064937,0.0,0.0,1.0,0.0,0.0,0.0,0.0
1065333,0.0,0.0,1.0,0.0,0.0,1.0,0.0
1065833,0.0,0.0,1.0,0.0,0.0,0.0,0.0
1066230,0.0,0.0,1.0,0.0,0.0,1.0,0.0
1066730,0.0,0.0,1.0,0.0,0.0,0.0,0.0
1066775,0.0,0.0,1.0,0.0,0.0,1.0,0.0
1067238,0.0,0.0,1.0,0.0,0.0,2.0,0.0
1067738,0.0,0.0,1.0,0.0,0.0,0.0,0.0
1068398,0.0,0.0,1.0,0.0,0.0,1.0,0.0
1068430,0.0,0.0,1.0,0.0,0.0,2.0,0.0
1068930,0.0,0.0,1.0,0.0,0.0,0.0,0.0
1069832,0.0,0.0,1.0,0.0,0.0,1.0,0.0
1070332,0.0,0.0,1.0,0.0,0.0,0.0,0.0
1070439,0.0,0.0,1.0,0.0,0.0,1.0,0.0
1070455,0.0,0.0,1.0,0.0,0.0,2.0,0.0
1070955,0.0,0.0,1.0,0.0,0.0,0.0,0.0
1071540,0.0,0.0,1.0,0.0,0.0,1.0,0.0
1072040,0.0,0.0,1.0,0.0,0.0,0.0,0.0
1072630,0.0,0.0,1.0,0.0,0.0,1.0,0.0
1072641,0.0,0.0,1.0,0.0,0.0,2.0,0.0
1073141,0.0,0.0,1.0,0.0,0.0,0.0,0.0
1073544,0.0,0.0,1.0,0.0,0.0,1.0,0.0
1074044,0.0,0.0,1.0,0.0,0.0,0.0,0.0
1074635,0.0,0.0,1.0,0.0,0.0,1.0,0.0
1075135,0.0,0.0,1.0,0.0,0.0,0.0,0.0
1075340,0.0,0.0,1.0,0.0,0.0,1.0,0.0
1075411,0.0,0.0,1.0,0.0,0.0,2.0,0.0
1076411,0.0,0.0,1.0,0.0,0.0,0.0,0.0
1076440,0.0,0.0,1.0,0.0,0.0,1.0,0.0
1076459,0.0,0.0,1.0,0.0,0.0,2.0,0.0
1076943,0.0,2.0,1.0,0.0,0.0,2.0,0.0
1076959,0.0,2.0,1.0,0.0,0.0,0.0,0.0
1077070,0.0,2.0,1.0,0.0,0.0,1.0,0.0
1077443,0.0,0.0,1.0,0.0,0.0,1.0,0.0
1077570,0.0,0.0,1.0,0.0,0.0,0.0,0.0
1078265,0.0,0.0,1.0,0.0,0.0,1.0,0.0
1078765,0.0,0.0,1.0,0.0,0.0,0.0,0.0
1079770,0.0,0.0,1.0,0.0,0.0,1.0,0.0
1079773,0.0,0.0,1.0,0.0,0.0,2.0,0.0
1080273,0.0,0.0,1.0,0.0,0.0,1.0,0.0
1080281,0.0,0.0,1.0,0.0,0.0,2.0,0.0
1080781,0.0,0.0,1.0,0.0,0.0,0.0,0.0
1080978,0.0,0.0,1.0,0.0,0.0,1.0,0.0
1080987,0.0,0.0,1.0,0.0,0.0,2.0,0.0
1081487,0.0,0.0,1.0,0.0,0.0,0.0,0.0
1082522,0.0,0.0,1.0,0.0,0.0,1.0,0.0
1083022,0.0,0.0,1.0,0.0,0.0,0.0,0.0
1083025,0.0,0.0,1.0,0.0,0.0,1.0,0.0
1083525,0.0,0.0,1.0,0.0,0.0,0.0,0.0
1084032,0.0,0.0,1.0,0.0,0.0,1.0,0.0
1084532,0.0,0.0,1.0,0.0,0.0,0.0,0.0
1084983,0.0,0.0,1.0,0.0,0.0,1.0,0.0
1085483,0.0,0.0,1.0,0.0,0.0,0.0,0.0
1085488,0.0,0.0,1.0,0.0,0.0,1.0,0.0
1085988,0.0,0.0,1.0,0.0,0.0,0.0,0.0
1087643,0.0,0.0,1.0,0.0,0.0,1.0,0.0
1088143,0.0,0.0,1.0,0.0,0.0,0.0,0.0
1088484,0.0,0.0,1.0,0.0,0.0,1.0,0.0
1088984,0.0,0.0,1.0,0.0,0.0,0.0,0.0
1089707,0.0,0.0,1.0,0.0,0.0,1.0,0.0
1089710,0.0,0.0,1.0,0.0,0.0,2.0,0.0
1090210,0.0,0.0,1.0,0.0,0.0,0.0,0.0
1090533,0.0,0.0,1.0,0.0,0.0,1.0,0.0
1090672,0.0,0.0,1.0,0.0,0.0,2.0,0.0
1091172,0.0,0.0,1.0,0.0,0.0,0.0,0.0
1091561,0.0,0.0,1.0,0.0,0.0,1.0,0.0
1091789,0.0,0.0,1.0,0.0,0.0,2.0,0.0
1092289,0.0,0.0,1.0,0.0,0.0,0.0,0.0
1092500,0.0,0.0,1.0,0.0,0.0,1.0,0.0
1092504,0.0,0.0,1.0,0.0,0.0,2.0,0.0
1093004,0.0,0.0,1.0,0.0,0.0,0.0,0.0
1093092,0.0,0.0,1.0,0.0,0.0,1.0,0.0
1093592,0.0,0.0,1.0,0.0,0.0,0.0,0.0
1093703,0.0,0.0,1.0,0.0,0.0,1.0,0.0
1093725,0.0,0.0,1.0,0.0,0.0,2.0,0.0
1094225,0.0,0.0,1.0,0.0,0.0,0.0,0.0
1094806,0.0,0.0,1.0,0.0,0.0,1.0,0.0
1095306,0.0,0.0,1.0,0.0,0.0,0.0,0.0
1096265,0.0,0.0,1.0,0.0,0.0,1.0,0.0
1096268,0.0,0.0,1.0,0.0,0.0,2.0,0.0
1096768,0.0,0.0,1.0,0.0,0.0,0.0,0.0
1096776,0.0,0.0,1.0,0.0,0.0,1.0,0.0
1096779,0.0,0.0,1.0,0.0,0.0,2.0,0.0
1097279,0.0,0.0,1.0,0.0,0.0,0.0,0.0
1098270,0.0,0.0,1.0,0.0,0.0,1.0,0.0
1098770,0.0,0.0,1.0,0.0,0.0,0.0,0.0
1098943,0.0,0.0,1.0,0.0,0.0,1.0,0.0
1099443,0.0,0.0,1.0,0.0,0.0,0.0,0.0
1099572,0.0,0.0,1.0,0.0,0.0,1.0,0.0
1100072,0.0,0.0,1.0,0.0,0.0,0.0,0.0
1100257,0.0,0.0,1.0,0.0,0.0,1.0,0.0
1100757,0.0,0.0,1.0,0.0,0.0,0.0,0.0
1101180,0.0,0.0,1.0,0.0,0.0,1.0,0.0
1101358,0.0,0.0,1.0,0.0,0.0,2.0,0.0
1101858,0.0,0.0,1.0,0.0,0.0,0.0,0.0
1102183,0.0,0.0,1.0,0.0,0.0,1.0,0.0
1102194,0.0,0.0,1.0,0.0,0.0,2.0,0.0
1102694,0.0,0.0,1.0,0.0,0.0,0.0,0.0
1103447,0.0,0.0,1.0,0.0,0.0,1.0,0.0
1103697,0.0,2.0,1.0,0.0,0.0,1.0,0.0
1103947,0.0,2.0,1.0,0.0,0.0,0.0,0.0
1104197,0.0,0.0,1.0,0.0,0.0,0.0,0.0
1105710,0.0,0.0,1.0,0.0,0.0,1.0,0.0
1106210,0.0,0.0,1.0,0.0,0.0,0.0,0.0
1106451,0.0,0.0,1.0,0.0,0.0,1.0,0.0
1106951,0.0,0.0,1.0,0.0,0.0,0.0,0.0
1106973,0.0,0.0,1.0,0.0,0.0,1.0,0.0
1107130,0.0,0.0,1.0,0.0,0.0,2.0,0.0
1107630,0.0,0.0,1.0,0.0,0.0,0.0,0.0
1108537,0.0,0.0,1.0,0.0,0.0,1.0,0.0
1108543,0.0,0.0,1.0,0.0,0.0,2.0,0.0
1109043,0.0,0.0,1.0,0.0,0.0,0.0,0.0
1109278,0.0,0.0,1.0,0.0,0.0,1.0,0.0
1109778,0.0,0.0,1.0,0.0,0.0,0.0,0.0
1109906,0.0,0.0,1.0,0.0,0.0,1.0,0.0
1109911,0.0,0.0,1.0,0.0,0.0,2.0,0.0
1109944,0.0,0.0,1.0,0.0,1.0,2.0,0.0
1110411,0.0,0.0,1.0,0.0,1.0,0.0,0.0
1110444,0.0,0.0,1.0,0.0,0.0,0.0,0.0
1111229,0.0,0.0,0.0,0.0,0.0,0.0,0.0
1113920,0.0,0.0,0.0,0.0,0.0,1.0,0.0
1114420,0.0,0.0,0.0,0.0,0.0,0.0,0.0
1115224,0.0,0.0,0.0,0.0,1.0,1.0,0.0
1115724,0.0,0.0,0.0,0.0,0.0,0.0,0.0
1117810,0.0,0.0,0.0,0.0,0.0,1.0,0.0
1118310,0.0,0.0,0.0,0.0,0.0,0.0,0.0
1121211,0.0,0.0,0.0,0.0,0.0,1.0,0.0
1121711,0.0,0.0,0.0,0.0,0.0,0.0,0.0
1122970,0.0,0.0,0.0,0.0,0.0,1.0,0.0
1123470,0.0,0.0,0.0,0.0,0.0,0.0,0.0
1124233,0.0,0.0,0.0,0.0,0.0,1.0,0.0
1124733,0.0,0.0,0.0,0.0,0.0,0.0,0.0
1125429,0.0,0.0,0.0,0.0,1.0,0.0,0.0
1125929,0.0,0.0,0.0,0.0,0.0,0.0,0.0
1127451,0.0,0.0,0.0,0.0,1.0,0.0,0.0
1127951,0.0,0.0,0.0,0.0,0.0,0.0,0.0
1129343,0.0,0.0,0.0,0.0,1.0,0.0,0.0
1129843,0.0,0.0,0.0,0.0,0.0,0.0,0.0
1130252,0.0,0.0,0.0,0.0,0.0,1.0,0.0
1130752,0.0,0.0,0.0,0.0,0.0,0.0,0.0
1131878,0.0,0.0,0.0,0.0,0.0,1.0,0.0
1132378,0.0,0.0,0.0,0.0,0.0,0.0,0.0
1133884,0.0,0.0,0.0,0.0,0.0,1.0,0.0
1134384,0.0,0.0,0.0,0.0,0.0,0.0,0.0
1136297,0.0,0.0,0.0,0.0,0.0,1.0,0.0
1136797,0.0,0.0,0.0,0.0,0.0,0.0,0.0
1140197,0.0,0.0,0.0,0.0,0.0,1.0,0.0
1140697,0.0,0.0,0.0,0.0,0.0,0.0,0.0
1141482,0.0,0.0,0.0,0.0,0.0,1.0,0.0
1141682,0.0,0.0,0.0,0.0,0.0,2.0,0.0
1142182,0.0,0.0,0.0,0.0,0.0,0.0,0.0
1143706,0.0,0.0,0.0,0.0,0.0,1.0,0.0
1144206,0.0,0.0,0.0,0.0,0.0,0.0,0.0
1144574,0.0,0.0,0.0,0.0,0.0,1.0,0.0
1145074,0.0,0.0,0.0,0.0,0.0,0.0,0.0
1149908,0.0,0.0,0.0,0.0,0.0,1.0,0.0
1150408,0.0,0.0,0.0,0.0,0.0,0.0,0.0
1151480,0.0,0.0,0.0,0.0,0.0,1.0,0.0
1151980,0.0,0.0,0.0,0.0,0.0,0.0,0.0
1153398,0.0,0.0,0.0,0.0,0.0,1.0,0.0
1153898,0.0,0.0,0.0,0.0,0.0,0.0,0.0
1153952,0.0,0.0,0.0,0.0,0.0,1.0,0.0
1153957,0.0,0.0,0.0,0.0,0.0,2.0,0.0
1154457,0.0,0.0,0.0,0.0,0.0,0.0,0.0
1154487,0.0,0.0,0.0,0.0,0.0,1.0,0.0
1154987,0.0,0.0,0.0,0.0,0.0,0.0,0.0
1156771,0.0,0.0,0.0,0.0,0.0,1.0,0.0
1157271,0.0,0.0,0.0,0.0,0.0,0.0,0.0
1159723,0.0,0.0,0.0,0.0,1.0,0.0,0.0
1160223,0.0,0.0,0.0,0.0,0.0,0.0,0.0
1160716,0.0,0.0,0.0,0.0,0.0,1.0,0.0
1161216,0.0,0.0,0.0,0.0,0.0,0.0,0.0
1162281,0.0,0.0,0.0,0.0,0.0,1.0,0.0
1162781,0.0,0.0,0.0,0.0,0.0,0.0,0.0
1163775,0.0,0.0,0.0,0.0,0.0,1.0,0.0
1164275,0.0,0.0,0.0,0.0,0.0,0.0,0.0
1165129,0.0,0.0,0.0,0.0,0.0,1.0,0.0
1165136,0.0,0.0,0.0,0.0,0.0,2.0,0.0
1165636,0.0,0.0,0.0,0.0,0.0,0.0,0.0
1168716,0.0,0.0,0.0,0.0,0.0,1.0,0.0
1169216,0.0,0.0,0.0,0.0,0.0,0.0,0.0
1170269,0.0,0.0,0.0,0.0,0.0,1.0,0.0
1170769,0.0,0.0,0.0,0.0,0.0,0.0,0.0
1173134,0.0,0.0,0.0,0.0,0.0,1.0,0.0
1173138,0.0,0.0,0.0,0.0,0.0,2.0,0.0
1173638,0.0,0.0,0.0,0.0,0.0,0.0,0.0
1177183,0.0,0.0,0.0,0.0,0.0,1.0,0.0
1177683,0.0,0.0,0.0,0.0,0.0,0.0,0.0
1177806,0.0,0.0,0.0,0.0,0.0,1.0,0.0
1178306,0.0,0.0,0.0,0.0,0.0,0.0,0.0
1180874,0.0,0.0,0.0,0.0,0.0,1.0,0.0
1181374,0.0,0.0,0.0,0.0,0.0,0.0,0.0
1182662,0.0,0.0,0.0,0.0,0.0,1.0,0.0
1183162,0.0,0.0,0.0,0.0,0.0,0.0,0.0
1184020,0.0,0.0,0.0,0.0,0.0,1.0,0.0
1184520,0.0,0.0,0.0,0.0,0.0,0.0,0.0
1184541,0.0,0.0,0.0,0.0,0.0,1.0,0.0
1185041,0.0,0.0,0.0,0.0,0.0,0.0,0.0
1186428,0.0,0.0,0.0,0.0,0.0,1.0,0.0
1186928,0.0,0.0,0.0,0.0,0.0,0.0,0.0
1192182,0.0,0.0,0.0,0.0,0.0,1.0,0.0
1192682,0.0,0.0,0.0,0.0,0.0,0.0,0.0
1193154,0.0,0.0,0.0,0.0,0.0,1.0,0.0
1193654,0.0,0.0,0.0,0.0,0.0,0.0,0.0
1194883,0.0,0.0,0.0,0.0,0.0,1.0,0.0
1195383,0.0,0.0,0.0,0.0,0.0,0.0,0.0
1197786,0.0,0.0,0.0,0.0,0.0,1.0,0.0
1198286,0.0,0.0,0.0,0.0,0.0,0.0,0.0
1200859,0.0,0.0,0.0,0.0,0.0,1.0,0.0
1201359,0.0,0.0,0.0,0.0,0.0,0.0,0.0
1202715,0.0,0.0,0.0,0.0,0.0,1.0,0.0
1203215,0.0,0.0,0.0,0.0,0.0,0.0,0.0
1203985,0.0,0.0,0.0,0.0,0.0,1.0,0.0
1204485,0.0,0.0,0.0,0.0,0.0,0.0,0.0
1205138,0.0,0.0,0.0,0.0,0.0,1.0,0.0
1205139,0.0,0.0,0.0,0.0,0.0,2.0,0.0
1205639,0.0,0.0,0.0,0.0,0.0,0.0,0.0
1211000,0.0,0.0,0.0,0.0,0.0,0.0,1.0
1211406,0.0,0.0,0.0,0.0,0.0,1.0,1.0
1211437,0.0,0.0,0.0,0.0,0.0,2.0,1.0
1211500,0.0,0.0,0.0,0.0,0.0,2.0,0.0
1211519,2.0,0.0,0.0,0.0,0.0,2.0,0.0
1211608,2.0,2.0,0.0,0.0,0.0,2.0,0.0
1211937,2.0,2.0,0.0,0.0,0.0,0.0,0.0
1212019,0.0,2.0,0.0,0.0,0.0,0.0,0.0
1212060,0.0,2.0,0.0,0.0,0.0,1.0,0.0
1212061,0.0,2.0,0.0,0.0,1.0,1.0,0.0
1212108,0.0,0.0,0.0,0.0,1.0,1.0,0.0
1212159,2.0,0.0,0.0,0.0,1.0,1.0,0.0
1212222,2.0,0.0,0.0,0.0,1.0,2.0,0.0
1212263,2.0,0.0,0.0,0.0,2.0,2.0,0.0
1212659,0.0,0.0,0.0,0.0,2.0,2.0,0.0
1212722,0.0,0.0,0.0,0.0,2.0,0.0,0.0
1212763,0.0,0.0,0.0,0.0,0.0,0.0,0.0
1212926,0.0,0.0,0.0,0.0,0.0,1.0,0.0
1212957,0.0,0.0,0.0,0.0,0.0,2.0,0.0
1213055,2.0,0.0,0.0,0.0,0.0,2.0,0.0
1213179,2.0,0.0,1.0,0.0,0.0,2.0,0.0
1213457,2.0,0.0,1.0,0.0,0.0,0.0,0.0
1213555,0.0,0.0,1.0,0.0,0.0,0.0,0.0
1213727,0.0,0.0,1.0,0.0,0.0,1.0,0.0
1213733,0.0,0.0,1.0,0.0,0.0,2.0,0.0
1214233,0.0,0.0,1.0,0.0,0.0,0.0,0.0
1214348,0.0,2.0,1.0,0.0,0.0,0.0,0.0
1214667,0.0,2.0,2.0,0.0,0.0,0.0,0.0
1214848,0.0,0.0,2.0,0.0,0.0,0.0,0.0
1215167,0.0,0.0,1.0,0.0,0.0,0.0,0.0
1215396,0.0,0.0,1.0,0.0,0.0,1.0,0.0
1215896,0.0,0.0,1.0,0.0,0.0,0.0,0.0
1216244,0.0,0.0,1.0,0.0,0.0,1.0,0.0
1216744,0.0,0.0,1.0,0.0,0.0,0.0,0.0
1217385,0.0,0.0,1.0,0.0,0.0,1.0,0.0
1217743,0.0,0.0,1.0,0.0,0.0,2.0,0.0
1218243,0.0,0.0,1.0,0.0,0.0,0.0,0.0
1218259,0.0,0.0,1.0,0.0,0.0,1.0,0.0
1218759,0.0,0.0,1.0,0.0,0.0,0.0,0.0
1218925,0.0,0.0,1.0,0.0,0.0,1.0,0.0
1219425,0.0,0.0,1.0,0.0,0.0,0.0,0.0
1219734,0.0,0.0,1.0,0.0,0.0,1.0,0.0
1219737,0.0,0.0,1.0,0.0,0.0,2.0,0.0
1220237,0.0,0.0,1.0,0.0,0.0,0.0,0.0
1221033,0.0,0.0,1.0,0.0,0.0,1.0,0.0
1221039,0.0,0.0,1.0,0.0,0.0,2.0,0.0
1221539,0.0,0.0,1.0,0.0,0.0,0.0,0.0
1222171,0.0,0.0,1.0,0.0,1.0,0.0,0.0
1222671,0.0,0.0,1.0,0.0,0.0,0.0,0.0
1223473,0.0,0.0,1.0,0.0,0.0,1.0,0.0
1223580,0.0,2.0,1.0,0.0,0.0,1.0,0.0
1223973,0.0,2.0,1.0,0.0,0.0,0.0,0.0
1224080,0.0,0.0,1.0,0.0,0.0,0.0,0.0
1224082,0.0,0.0,1.0,0.0,0.0,1.0,0.0
1224201,0.0,0.0,1.0,0.0,0.0,2.0,0.0
1224701,0.0,0.0,1.0,0.0,0.0,0.0,0.0
1224755,0.0,0.0,1.0,0.0,0.0,1.0,0.0
1224884,0.0,0.0,1.0,0.0,0.0,2.0,0.0
1225384,0.0,0.0,1.0,0.0,0.0,0.0,0.0
1225402,0.0,0.0,1.0,0.0,0.0,1.0,0.0
1225902,0.0,0.0,1.0,0.0,0.0,0.0,0.0
1226576,0.0,0.0,1.0,0.0,0.0,1.0,0.0
1227076,0.0,0.0,1.0,0.0,0.0,0.0,0.0
1227246,0.0,0.0,1.0,0.0,0.0,1.0,0.0
1227257,0.0,0.0,1.0,0.0,0.0,2.0,0.0
1227757,0.0,0.0,1.0,0.0,0.0,0.0,0.0
1228623,0.0,0.0,1.0,0.0,0.0,1.0,0.0
1229623,0.0,0.0,1.0,0.0,0.0,0.0,0.0
1229902,0.0,0.0,1.0,0.0,0.0,1.0,0.0
1230323,0.0,0.0,1.0,0.0,0.0,2.0,0.0
1230823,0.0,0.0,1.0,0.0,0.0,0.0,0.0
1230900,0.0,0.0,1.0,0.0,0.0,1.0,0.0
1231170,0.0,0.0,1.0,0.0,0.0,2.0,0.0
1231670,0.0,0.0,1.0,0.0,0.0,0.0,0.0
1232176,0.0,0.0,1.0,0.0,0.0,1.0,0.0
1232371,0.0,2.0,1.0,0.0,1.0,1.0,0.0
1232676,0.0,2.0,1.0,0.0,1.0,0.0,0.0
1232871,0.0,0.0,1.0,0.0,0.0,0.0,0.0
1236767,0.0,0.0,1.0,0.0,0.0,1.0,0.0
1237267,0.0,0.0,1.0,0.0,0.0,0.0,0.0
1237564,0.0,0.0,1.0,0.0,0.0,1.0,0.0
1237812,0.0,0.0,1.0,0.0,0.0,2.0,0.0
1238312,0.0,0.0,1.0,0.0,0.0,0.0,0.0
1238422,0.0,0.0,1.0,0.0,0.0,1.0,0.0
1238501,0.0,0.0,1.0,0.0,0.0,2.0,0.0
1239001,0.0,0.0,1.0,0.0,0.0,0.0,0.0
1240933,0.0,0.0,1.0,0.0,0.0,1.0,0.0
1241433,0.0,0.0,1.0,0.0,0.0,0.0,0.0
1241886,0.0,0.0,1.0,0.0,0.0,1.0,0.0
1241889,0.0,0.0,1.0,0.0,0.0,2.0,0.0
1242389,0.0,0.0,1.0,0.0,0.0,0.0,0.0
1242692,0.0,0.0,1.0,0.0,0.0,1.0,0.0
1243192,0.0,0.0,1.0,0.0,0.0,0.0,0.0
1243273,0.0,0.0,1.0,0.0,0.0,1.0,0.0
1243285,0.0,0.0,1.0,0.0,0.0,2.0,0.0
1243785,0.0,0.0,1.0,0.0,0.0,0.0,0.0
1244742,0.0,0.0,1.0,0.0,0.0,1.0,0.0
1245242,0.0,0.0,1.0,0.0,0.0,0.0,0.0
1245294,0.0,0.0,1.0,0.0,0.0,1.0,0.0
1245297,0.0,0.0,1.0,0.0,0.0,2.0,0.0
1245797,0.0,0.0,1.0,0.0,0.0,0.0,0.0
1245881,0.0,0.0,1.0,0.0,0.0,1.0,0.0
1245910,0.0,0.0,1.0,0.0,0.0,2.0,0.0
1246410,0.0,0.0,1.0,0.0,0.0,0.0,0.0
1246827,0.0,0.0,1.0,0.0,0.0,1.0,0.0
1247327,0.0,0.0,1.0,0.0,0.0,0.0,0.0
1247405,0.0,0.0,1.0,0.0,0.0,1.0,0.0
1247905,0.0,0.0,1.0,0.0,0.0,0.0,0.0
1247927,0.0,0.0,1.0,0.0,0.0,1.0,0.0
1247933,0.0,0.0,1.0,0.0,0.0,2.0,0.0
1248433,0.0,0.0,1.0,0.0,0.0,0.0,0.0
1248588,0.0,0.0,1.0,0.0,0.0,1.0,0.0
1249088,0.0,0.0,1.0,0.0,0.0,0.0,0.0
1250241,0.0,0.0,1.0,0.0,0.0,1.0,0.0
1250251,0.0,0.0,1.0,0.0,0.0,2.0,0.0
1250751,0.0,0.0,1.0,0.0,0.0,0.0,0.0
1250795,0.0,0.0,1.0,0.0,0.0,1.0,0.0
1251295,0.0,0.0,1.0,0.0,0.0,0.0,0.0
1252598,0.0,0.0,1.0,0.0,0.0,1.0,0.0
1252808,0.0,0.0,1.0,0.0,0.0,2.0,0.0
1253308,0.0,0.0,1.0,0.0,0.0,0.0,0.0
1253964,0.0,0.0,1.0,0.0,0.0,1.0,0.0
1253967,0.0,0.0,1.0,0.0,0.0,2.0,0.0
1254467,0.0,0.0,1.0,0.0,0.0,0.0,0.0
1254874,0.0,0.0,1.0,0.0,0.0,1.0,0.0
1254880,0.0,0.0,1.0,0.0,0.0,2.0,0.0
1255380,0.0,0.0,1.0,0.0,0.0,0.0,0.0
1255403,0.0,0.0,1.0,0.0,0.0,1.0,0.0
1255903,0.0,0.0,1.0,0.0,0.0,0.0,0.0
1256086,0.0,0.0,1.0,0.0,0.0,1.0,0.0
1256586,0.0,0.0,1.0,0.0,0.0,0.0,0.0
1257206,0.0,0.0,1.0,0.0,0.0,1.0,0.0
1257521,0.0,0.0,1.0,0.0,0.0,2.0,0.0
1258021,0.0,0.0,1.0,0.0,0.0,0.0,0.0
1258913,0.0,0.0,1.0,0.0,1.0,0.0,0.0
1259413,0.0,0.0,1.0,0.0,0.0,0.0,0.0
1259736,0.0,0.0,1.0,0.0,0.0,1.0,0.0
1260236,0.0,0.0,1.0,0.0,0.0,0.0,0.0
1261007,0.0,0.0,1.0,0.0,0.0,1.0,0.0
1261507,0.0,0.0,1.0,0.0,0.0,0.0,0.0
1262089,0.0,0.0,1.0,0.0,0.0,1.0,0.0
1262589,0.0,0.0,1.0,0.0,0.0,0.0,0.0
1263252,0.0,0.0,1.0,0.0,0.0,1.0,0.0
1263752,0.0,0.0,1.0,0.0,0.0,0.0,0.0
1263898,0.0,0.0,1.0,0.0,0.0,1.0,0.0
1264398,0.0,0.0,1.0,0.0,0.0,0.0,0.0
1265152,0.0,0.0,1.0,0.0,0.0,1.0,0.0
1265263,0.0,0.0,1.0,0.0,0.0,2.0,0.0
1265763,0.0,0.0,1.0,0.0,0.0,0.0,0.0
1265967,0.0,0.0,1.0,0.0,0.0,1.0,0.0
1266467,0.0,0.0,1.0,0.0,0.0,0.0,0.0
1266597,0.0,0.0,1.0,0.0,0.0,1.0,0.0
1267097,0.0,0.0,1.0,0.0,0.0,0.0,0.0
1267103,0.0,0.0,1.0,0.0,0.0,1.0,0.0
1267109,0.0,0.0,1.0,0.0,0.0,2.0,0.0
1267609,0.0,0.0,1.0,0.0,0.0,0.0,0.0
1269562,0.0,0.0,1.0,0.0,0.0,1.0,0.0
1269568,0.0,0.0,1.0,0.0,1.0,2.0,0.0
1269574,0.0,0.0,1.0,0.0,2.0,2.0,0.0
1270068,0.0,0.0,1.0,0.0,2.0,0.0,0.0
1270074,0.0,0.0,1.0,0.0,0.0,0.0,0.0
1270276,0.0,0.0,1.0,0.0,0.0,1.0,0.0
1270304,0.0,0.0,1.0,0.0,0.0,2.0,0.0
1270315,0.0,0.0,1.0,0.0,1.0,2.0,0.0
1270645,0.0,0.0,1.0,0.0,2.0,2.0,0.0
1270804,0.0,0.0,1.0,0.0,2.0,0.0,0.0
1271145,0.0,0.0,1.0,0.0,0.0,0.0,0.0
1271711,0.0,0.0,1.0,0.0,0.0,1.0,0.0
1271716,0.0,0.0,1.0,0.0,1.0,1.0,0.0
1271717,0.0,0.0,1.0,0.0,1.0,2.0,0.0
1271719,0.0,0.0,1.0,0.0,2.0,2.0,0.0
1272217,0.0,0.0,1.0,0.0,2.0,0.0,0.0
1272219,0.0,0.0,1.0,0.0,0.0,0.0,0.0
1272657,0.0,0.0,1.0,0.0,0.0,1.0,0.0
1272667,0.0,0.0,1.0,0.0,0.0,2.0,0.0
1273167,0.0,0.0,1.0,0.0,0.0,0.0,0.0
1273171,0.0,0.0,1.0,0.0,0.0,1.0,0.0
1273671,0.0,0.0,1.0,0.0,0.0,0.0,0.0
1273677,0.0,0.0,1.0,0.0,0.0,1.0,0.0
1273706,0.0,0.0,1.0,0.0,0.0,2.0,0.0
1274206,0.0,0.0,1.0,0.0,0.0,0.0,0.0
1274278,0.0,0.0,1.0,0.0,0.0,1.0,0.0
1274778,0.0,0.0,1.0,0.0,0.0,2.0,0.0
1275278,0.0,0.0,1.0,0.0,0.0,0.0,0.0
1275926,0.0,2.0,1.0,0.0,0.0,0.0,0.0
1275968,0.0,2.0,1.0,0.0,0.0,1.0,0.0
1275972,0.0,2.0,1.0,0.0,0.0,2.0,0.0
1276426,0.0,0.0,1.0,0.0,0.0,2.0,0.0
1276472,0.0,0.0,1.0,0.0,0.0,0.0,0.0
1276957,0.0,0.0,1.0,0.0,0.0,1.0,0.0
1276978,0.0,0.0,1.0,0.0,0.0,2.0,0.0
1277478,0.0,0.0,1.0,0.0,0.0,0.0,0.0
1277897,0.0,0.0,1.0,0.0,0.0,1.0,0.0
1278397,0.0,0.0,1.0,0.0,0.0,0.0,0.0
1279011,0.0,0.0,1.0,0.0,0.0,1.0,0.0
1279511,0.0,0.0,1.0,0.0,0.0,0.0,0.0
1280151,0.0,0.0,1.0,0.0,0.0,1.0,0.0
1280651,0.0,0.0,1.0,0.0,0.0,0.0,0.0
1281954,0.0,0.0,1.0,0.0,0.0,1.0,0.0
1282454,0.0,0.0,1.0,0.0,0.0,0.0,0.0
1282704,0.0,0.0,1.0,0.0,0.0,1.0,0.0
1283204,0.0,0.0,1.0,0.0,0.0,0.0,0.0
1283261,0.0,0.0,1.0,0.0,0.0,1.0,0.0
1283761,0.0,0.0,1.0,0.0,0.0,0.0,0.0
1283896,0.0,0.0,1.0,0.0,0.0,1.0,0.0
1284396,0.0,0.0,1.0,0.0,0.0,0.0,0.0
1284762,0.0,0.0,1.0,0.0,0.0,1.0,0.0
1284765,0.0,0.0,1.0,0.0,0.0,2.0,0.0
1285265,0.0,0.0,1.0,0.0,0.0,0.0,0.0
1285290,0.0,0.0,1.0,0.0,0.0,1.0,0.0
1285790,0.0,0.0,1.0,0.0,0.0,0.0,0.0
1285874,0.0,0.0,1.0,0.0,0.0,1.0,0.0
1286374,0.0,0.0,1.0,0.0,0.0,0.0,0.0
1286404,0.0,0.0,1.0,0.0,0.0,1.0,0.0
1286904,0.0,0.0,1.0,0.0,0.0,0.0,0.0
1287947,0.0,0.0,1.0,0.0,0.0,1.0,0.0
1287948,0.0,0.0,1.0,0.0,1.0,1.0,0.0
1287986,0.0,0.0,1.0,0.0,2.0,1.0,0.0
1288447,0.0,0.0,1.0,0.0,2.0,0.0,0.0
1288486,0.0,0.0,1.0,0.0,0.0,0.0,0.0
1288549,0.0,0.0,1.0,0.0,0.0,1.0,0.0
1288553,0.0,0.0,1.0,0.0,0.0,2.0,0.0
1289053,0.0,0.0,1.0,0.0,0.0,0.0,0.0
1289584,0.0,0.0,1.0,0.0,0.0,1.0,0.0
1289776,0.0,0.0,1.0,0.0,0.0,2.0,0.0
1290276,0.0,0.0,1.0,0.0,0.0,0.0,0.0
1290358,0.0,0.0,1.0,0.0,0.0,1.0,0.0
1290858,0.0,0.0,1.0,0.0,0.0,0.0,0.0
1291363,0.0,0.0,1.0,0.0,0.0,1.0,0.0
1291366,0.0,0.0,1.0,0.0,0.0,2.0,0.0
1291866,0.0,0.0,1.0,0.0,0.0,0.0,0.0
1292084,0.0,0.0,1.0,0.0,0.0,1.0,0.0
1292584,0.0,0.0,1.0,0.0,0.0,0.0,0.0
1294907,0.0,0.0,1.0,0.0,0.0,1.0,0.0
1294952,0.0,0.0,1.0,0.0,0.0,2.0,0.0
1295452,0.0,0.0,1.0,0.0,0.0,0.0,0.0
1295649,0.0,0.0,1.0,0.0,0.0,1.0,0.0
1296149,0.0,0.0,1.0,0.0,0.0,0.0,0.0
1296709,0.0,0.0,1.0,0.0,0.0,1.0,0.0
1296720,0.0,0.0,1.0,0.0,0.0,2.0,0.0
1296730,0.0,0.0,1.0,0.0,1.0,2.0,0.0
1297220,0.0,0.0,1.0,0.0,1.0,0.0,0.0
1297230,0.0,0.0,1.0,0.0,0.0,0.0,0.0
1297262,0.0,0.0,1.0,0.0,0.0,1.0,0.0
1297621,0.0,0.0,1.0,0.0,1.0,2.0,0.0
1298121,0.0,0.0,1.0,0.0,0.0,0.0,0.0
1298801,0.0,0.0,1.0,0.0,0.0,1.0,0.0
1299301,0.0,0.0,1.0,0.0,0.0,0.0,0.0
1299567,0.0,0.0,1.0,0.0,0.0,1.0,0.0
1299570,0.0,0.0,1.0,0.0,0.0,2.0,0.0
1300070,0.0,0.0,1.0,0.0,0.0,0.0,0.0
1300193,0.0,0.0,1.0,0.0,0.0,1.0,0.0
1300693,0.0,0.0,1.0,0.0,0.0,0.0,0.0
1300779,0.0,0.0,1.0,0.0,0.0,1.0,0.0
1301279,0.0,0.0,1.0,0.0,0.0,0.0,0.0
1301337,0.0,0.0,1.0,0.0,0.0,1.0,0.0
1301799,0.0,0.0,1.0,0.0,0.0,2.0,0.0
1302299,0.0,0.0,1.0,0.0,0.0,0.0,0.0
1302365,0.0,0.0,1.0,0.0,0.0,1.0,0.0
1302865,0.0,0.0,1.0,0.0,0.0,0.0,0.0
1304584,0.0,0.0,1.0,0.0,0.0,1.0,0.0
1305084,0.0,0.0,1.0,0.0,0.0,0.0,0.0
1305163,0.0,0.0,1.0,0.0,0.0,1.0,0.0
1305663,0.0,0.0,1.0,0.0,0.0,0.0,0.0
1306849,0.0,0.0,1.0,0.0,0.0,1.0,0.0
1306989,0.0,0.0,1.0,0.0,0.0,2.0,0.0
1307489,0.0,0.0,1.0,0.0,0.0,0.0,0.0
1307572,0.0,0.0,1.0,0.0,0.0,1.0,0.0
1308072,0.0,0.0,1.0,0.0,0.0,0.0,0.0
1308307,0.0,0.0,1.0,0.0,0.0,1.0,0.0
1308312,0.0,0.0,1.0,0.0,1.0,1.0,0.0
1308313,0.0,0.0,1.0,0.0,1.0,2.0,0.0
1308812,0.0,0.0,1.0,0.0,0.0,2.0,0.0
1308813,0.0,0.0,1.0,0.0,0.0,0.0,0.0
1308827,0.0,0.0,1.0,0.0,0.0,1.0,0.0
1309327,0.0,0.0,1.0,0.0,0.0,0.0,0.0
1309364,0.0,0.0,1.0,0.0,0.0,1.0,0.0
1309367,0.0,0.0,1.0,0.0,0.0,2.0,0.0
1309867,0.0,0.0,1.0,0.0,0.0,0.0,0.0
1310359,0.0,0.0,1.0,0.0,0.0,1.0,0.0
1310859,0.0,0.0,1.0,0.0,0.0,0.0,0.0
1310864,0.0,0.0,1.0,0.0,0.0,1.0,0.0
1311364,0.0,0.0,1.0,0.0,0.0,0.0,0.0
1311528,0.0,0.0,1.0,0.0,0.0,1.0,0.0
1312004,0.0,0.0,1.0,0.0,1.0,1.0,0.0
1312028,0.0,0.0,1.0,0.0,1.0,0.0,0.0
1312504,0.0,0.0,1.0,0.0,0.0,0.0,0.0
1312560,0.0,0.0,1.0,0.0,1.0,0.0,0.0
1313060,0.0,0.0,1.0,0.0,0.0,0.0,0.0
1317798,0.0,0.0,1.0,0.0,0.0,1.0,0.0
1318210,0.0,0.0,1.0,0.0,0.0,2.0,0.0
1318218,0.0,0.0,1.0,0.0,1.0,2.0,0.0
1318710,0.0,0.0,1.0,0.0,1.0,0.0,0.0
1318718,0.0,0.0,1.0,0.0,0.0,0.0,0.0
1321278,0.0,0.0,1.0,0.0,0.0,1.0,0.0
1321778,0.0,0.0,1.0,0.0,0.0,0.0,0.0
1322954,0.0,0.0,1.0,0.0,0.0,1.0,0.0
1323454,0.0,0.0,1.0,0.0,0.0,0.0,0.0
1325810,0.0,0.0,1.0,0.0,0.0,1.0,0.0
1326167,0.0,0.0,0.0,0.0,0.0,1.0,0.0
1326310,0.0,0.0,0.0,0.0,0.0,0.0,0.0
1326607,0.0,0.0,0.0,0.0,0.0,1.0,0.0
1326608,0.0,0.0,0.0,0.0,0.0,2.0,0.0
1327108,0.0,0.0,0.0,0.0,0.0,0.0,0.0
1327826,0.0,0.0,0.0,0.0,0.0,1.0,0.0
1328326,0.0,0.0,0.0,0.0,0.0,0.0,0.0
1329584,0.0,0.0,0.0,0.0,0.0,1.0,0.0
1330084,0.0,0.0,0.0,0.0,0.0,0.0,0.0
1331743,0.0,0.0,0.0,0.0,0.0,1.0,0.0
1332243,0.0,0.0,0.0,0.0,0.0,0.0,0.0
1334488,0.0,0.0,0.0,0.0,0.0,1.0,0.0
1334988,0.0,0.0,0.0,0.0,0.0,0.0,0.0
1343478,0.0,0.0,0.0,0.0,0.0,1.0,0.0
1343978,0.0,0.0,0.0,0.0,0.0,0.0,0.0
1346318,0.0,0.0,0.0,0.0,0.0,1.0,0.0
1346432,0.0,0.0,0.0,0.0,1.0,1.0,0.0
1346493,0.0,0.0,0.0,0.0,2.0,1.0,0.0
1346818,0.0,0.0,0.0,0.0,2.0,0.0,0.0
1346993,0.0,0.0,0.0,0.0,0.0,0.0,0.0
1347801,0.0,0.0,0.0,0.0,0.0,1.0,0.0
1348301,0.0,0.0,0.0,0.0,0.0,0.0,0.0
1348784,0.0,0.0,0.0,0.0,0.0,1.0,0.0
1349284,0.0,0.0,0.0,0.0,0.0,0.0,0.0
1349405,0.0,0.0,0.0,0.0,0.0,1.0,0.0
1349905,0.0,0.0,0.0,0.0,0.0,0.0,0.0
1354739,0.0,0.0,0.0,0.0,0.0,1.0,0.0
1355239,0.0,0.0,0.0,0.0,0.0,0.0,0.0
1355948,0.0,0.0,0.0,0.0,0.0,1.0,0.0
1356448,0.0,0.0,0.0,0.0,0.0,0.0,0.0
1357034,0.0,0.0,0.0,0.0,0.0,1.0,0.0
1357037,0.0,0.0,0.0,0.0,0.0,2.0,0.0
1357537,0.0,0.0,0.0,0.0,0.0,0.0,0.0
1357927,0.0,0.0,0.0,0.0,0.0,1.0,0.0
1357928,0.0,0.0,0.0,0.0,0.0,2.0,0.0
1358428,0.0,0.0,0.0,0.0,0.0,0.0,0.0
1360976,0.0,0.0,0.0,0.0,0.0,1.0,0.0
1361476,0.0,0.0,0.0,0.0,0.0,0.0,0.0
1363009,0.0,0.0,0.0,0.0,0.0,1.0,0.0
1363509,0.0,0.0,0.0,0.0,0.0,0.0,0.0
1364032,0.0,0.0,0.0,0.0,0.0,1.0,0.0
1364532,0.0,0.0,0.0,0.0,0.0,0.0,0.0
1366942,0.0,0.0,0.0,0.0,0.0,1.0,0.0
1367042,0.0,0.0,0.0,0.0,0.0,2.0,0.0
1367542,0.0,0.0,0.0,0.0,0.0,0.0,0.0
1371089,0.0,0.0,0.0,0.0,0.0,1.0,0.0
1371589,0.0,0.0,0.0,0.0,0.0,0.0,0.0
1374829,0.0,0.0,0.0,0.0,0.0,1.0,0.0
1375329,0.0,0.0,0.0,0.0,0.0,0.0,0.0
1377608,0.0,0.0,0.0,0.0,0.0,1.0,0.0
1378108,0.0,0.0,0.0,0.0,0.0,0.0,0.0
1379297,0.0,0.0,0.0,0.0,0.0,1.0,0.0
1379797,0.0,0.0,0.0,0.0,0.0,0.0,0.0
1379829,0.0,0.0,0.0,0.0,0.0,1.0,0.0
1380329,0.0,0.0,0.0,0.0,0.0,0.0,0.0
1380414,0.0,0.0,0.0,0.0,0.0,1.0,0.0
1380914,0.0,0.0,0.0,0.0,0.0,0.0,0.0
1381960,0.0,0.0,0.0,0.0,0.0,1.0,0.0
1382460,0.0,0.0,0.0,0.0,0.0,0.0,0.0
1383103,0.0,0.0,0.0,0.0,0.0,1.0,0.0
1383603,0.0,0.0,0.0,0.0,0.0,0.0,0.0
1384071,0.0,0.0,0.0,0.0,0.0,1.0,0.0
1384571,0.0,0.0,0.0,0.0,0.0,0.0,0.0
1386381,0.0,0.0,0.0,0.0,0.0,1.0,0.0
1386881,0.0,0.0,0.0,0.0,0.0,0.0,0.0
1387394,0.0,0.0,0.0,0.0,0.0,1.0,0.0
1387423,0.0,0.0,0.0,0.0,0.0,2.0,0.0
1387923,0.0,0.0,0.0,0.0,0.0,0.0,0.0
1389758,0.0,0.0,0.0,0.0,0.0,1.0,0.0
1389763,0.0,0.0,0.0,0.0,0.0,2.0,0.0
1389828,0.0,0.0,0.0,0.0,1.0,2.0,0.0
1389908,0.0,0.0,0.0,0.0,2.0,2.0,0.0
1390263,0.0,0.0,0.0,0.0,2.0,0.0,0.0
1390408,0.0,0.0,0.0,0.0,0.0,0.0,0.0
1390849,0.0,0.0,0.0,0.0,0.0,1.0,0.0
1391330,0.0,0.0,0.0,0.0,0.0,2.0,0.0
1391830,0.0,0.0,0.0,0.0,0.0,0.0,0.0
1394894,0.0,0.0,0.0,0.0,0.0,1.0,0.0
1395394,0.0,0.0,0.0,0.0,0.0,0.0,0.0
1396726,0.0,0.0,0.0,0.0,0.0,1.0,0.0
1397226,0.0,0.0,0.0,0.0,0.0,0.0,0.0
1398551,0.0,0.0,0.0,0.0,0.0,1.0,0.0
1399051,0.0,0.0,0.0,0.0,0.0,0.0,0.0
1399420,0.0,0.0,0.0,0.0,0.0,1.0,0.0
1399920,0.0,0.0,0.0,0.0,0.0,0.0,0.0
1401729,0.0,0.0,0.0,0.0,0.0,1.0,0.0
1402229,0.0,0.0,0.0,0.0,0.0,0.0,0.0
1412332,0.0,0.0,0.0,0.0,0.0,1.0,0.0
1412832,0.0,0.0,0.0,0.0,0.0,0.0,0.0
1413000,0.0,0.0,0.0,0.0,0.0,0.0,1.0
1413407,0.0,0.0,0.0,0.0,0.0,1.0,1.0
1413496,0.0,0.0,0.0,0.0,1.0,1.0,1.0
1413500,0.0,0.0,0.0,0.0,1.0,1.0,0.0
1413535,2.0,0.0,0.0,0.0,1.0,1.0,0.0
1413549,2.0,0.0,0.0,0.0,2.0,2.0,0.0
1413784,2.0,2.0,0.0,0.0,2.0,2.0,0.0
1414035,0.0,2.0,0.0,0.0,2.0,2.0,0.0
1414047,2.0,2.0,0.0,0.0,2.0,2.0,0.0
1414049,2.0,2.0,0.0,0.0,0.0,0.0,0.0
1414284,2.0,0.0,0.0,0.0,0.0,0.0,0.0
1414547,0.0,0.0,0.0,0.0,0.0,0.0,0.0
1414641,0.0,0.0,0.0,0.0,0.0,1.0,0.0
1414644,0.0,0.0,0.0,0.0,0.0,2.0,0.0
1414687,2.0,0.0,0.0,0.0,0.0,2.0,0.0
1415059,2.0,0.0,1.0,0.0,0.0,2.0,0.0
1415144,2.0,0.0,1.0,0.0,0.0,0.0,0.0
1415187,0.0,0.0,1.0,0.0,0.0,0.0,0.0
1416305,0.0,0.0,1.0,0.0,0.0,1.0,0.0
1416727,0.0,0.0,2.0,0.0,0.0,1.0,0.0
1416805,0.0,0.0,2.0,0.0,0.0,0.0,0.0
1417088,0.0,0.0,2.0,0.0,1.0,0.0,0.0
1417096,0.0,0.0,2.0,0.0,1.0,1.0,0.0
1417132,0.0,0.0,2.0,0.0,2.0,1.0,0.0
1417227,0.0,0.0,0.0,0.0,2.0,1.0,0.0
1417596,0.0,0.0,0.0,0.0,2.0,0.0,0.0
1417632,0.0,0.0,0.0,0.0,0.0,0.0,0.0
1417864,0.0,0.0,0.0,0.0,0.0,1.0,0.0
1418364,0.0,0.0,0.0,0.0,0.0,0.0,0.0
1418529,0.0,0.0,0.0,0.0,0.0,1.0,0.0
1418690,0.0,0.0,0.0,0.0,0.0,2.0,0.0
1419190,0.0,0.0,0.0,0.0,0.0,0.0,0.0
1419271,0.0,0.0,0.0,0.0,0.0,1.0,0.0
1419290,0.0,0.0,0.0,0.0,0.0,2.0,0.0
1419790,0.0,0.0,0.0,0.0,0.0,0.0,0.0
1419958,0.0,0.0,0.0,0.0,0.0,1.0,0.0
1420458,0.0,0.0,0.0,0.0,0.0,0.0,0.0
1420996,0.0,0.0,0.0,0.0,0.0,1.0,0.0
1421496,0.0,0.0,0.0,0.0,0.0,0.0,0.0
1421724,0.0,0.0,0.0,0.0,0.0,1.0,0.0
1421830,0.0,0.0,1.0,0.0,0.0,1.0,0.0
1422111,0.0,2.0,1.0,0.0,0.0,1.0,0.0
1422224,0.0,2.0,1.0,0.0,0.0,0.0,0.0
1422531,0.0,2.0,1.0,0.0,0.0,1.0,0.0
1422534,0.0,2.0,1.0,0.0,0.0,2.0,0.0
1422611,0.0,0.0,1.0,0.0,0.0,2.0,0.0
1423034,0.0,0.0,1.0,0.0,0.0,0.0,0.0
1423112,0.0,0.0,1.0,0.0,0.0,1.0,0.0
1423387,0.0,0.0,1.0,0.0,0.0,2.0,0.0
1423887,0.0,0.0,1.0,0.0,0.0,0.0,0.0
1424231,0.0,0.0,1.0,0.0,0.0,1.0,0.0
1424240,0.0,0.0,1.0,0.0,0.0,2.0,0.0
1424740,0.0,0.0,1.0,0.0,0.0,0.0,0.0
1424987,0.0,0.0,1.0,0.0,0.0,1.0,0.0
1425240,0.0,0.0,1.0,0.0,0.0,2.0,0.0
1425740,0.0,0.0,1.0,0.0,0.0,0.0,0.0
1426211,0.0,0.0,1.0,0.0,0.0,1.0,0.0
1426214,0.0,0.0,1.0,0.0,0.0,2.0,0.0
1426714,0.0,0.0,1.0,0.0,0.0,0.0,0.0
1427191,0.0,0.0,1.0,0.0,0.0,1.0,0.0
1427330,0.0,0.0,0.0,0.0,0.0,1.0,0.0
1427345,0.0,0.0,1.0,0.0,0.0,1.0,0.0
1427497,0.0,0.0,1.0,0.0,0.0,2.0,0.0
1427997,0.0,0.0,1.0,0.0,0.0,0.0,0.0
1428111,0.0,0.0,1.0,0.0,0.0,1.0,0.0
1428611,0.0,0.0,1.0,0.0,0.0,0.0,0.0
1428654,0.0,0.0,1.0,0.0,0.0,1.0,0.0
1428725,0.0,0.0,1.0,0.0,0.0,2.0,0.0
1429225,0.0,0.0,1.0,0.0,0.0,0.0,0.0
1430152,0.0,0.0,1.0,0.0,0.0,1.0,0.0
1430345,0.0,0.0,0.0,0.0,0.0,1.0,0.0
1430652,0.0,0.0,0.0,0.0,0.0,0.0,0.0
1431079,0.0,0.0,0.0,0.0,0.0,1.0,0.0
1431579,0.0,0.0,0.0,0.0,0.0,0.0,0.0
1431776,0.0,0.0,0.0,0.0,0.0,1.0,0.0
1432276,0.0,0.0,0.0,0.0,0.0,0.0,0.0
1432290,0.0,0.0,0.0,0.0,0.0,1.0,0.0
1432304,0.0,0.0,0.0,0.0,0.0,2.0,0.0
1432804,0.0,0.0,0.0,0.0,0.0,0.0,0.0
1433068,0.0,0.0,0.0,0.0,0.0,1.0,0.0
1433568,0.0,0.0,0.0,0.0,0.0,0.0,0.0
1433832,0.0,0.0,0.0,0.0,0.0,1.0,0.0
1434332,0.0,0.0,0.0,0.0,0.0,0.0,0.0
1434991,0.0,0.0,0.0,0.0,0.0,1.0,0.0
1435491,0.0,0.0,0.0,0.0,0.0,0.0,0.0
1437088,0.0,0.0,0.0,0.0,0.0,1.0,0.0
1437588,0.0,0.0,0.0,0.0,0.0,0.0,0.0
1437725,0.0,0.0,0.0,0.0,0.0,1.0,0.0
1438225,0.0,0.0,0.0,0.0,0.0,0.0,0.0
1438316,0.0,0.0,0.0,0.0,0.0,1.0,0.0
1438816,0.0,0.0,0.0,0.0,0.0,0.0,0.0
1438937,0.0,0.0,0.0,0.0,0.0,1.0,0.0
1439437,0.0,0.0,0.0,0.0,0.0,0.0,0.0
1439670,0.0,0.0,0.0,0.0,0.0,1.0,0.0
1440170,0.0,0.0,0.0,0.0,0.0,0.0,0.0
1440895,0.0,0.0,0.0,0.0,1.0,0.0,0.0
1440917,0.0,0.0,0.0,0.0,1.0,1.0,0.0
1441203,0.0,0.0,0.0,0.0,1.0,2.0,0.0
1441395,0.0,0.0,0.0,0.0,0.0,2.0,0.0
1441703,0.0,0.0,0.0,0.0,0.0,0.0,0.0
1441728,0.0,0.0,0.0,0.0,0.0,1.0,0.0
1441737,0.0,0.0,0.0,0.0,0.0,2.0,0.0
1441759,0.0,0.0,0.0,0.0,1.0,2.0,0.0
1441787,0.0,0.0,0.0,0.0,2.0,2.0,0.0
1442237,0.0,0.0,0.0,0.0,2.0,0.0,0.0
1442287,0.0,0.0,0.0,0.0,0.0,0.0,0.0
1442422,0.0,0.0,0.0,0.0,0.0,1.0,0.0
1442922,0.0,0.0,0.0,0.0,0.0,0.0,0.0
1443329,0.0,0.0,0.0,0.0,0.0,1.0,0.0
1443335,0.0,0.0,0.0,0.0,0.0,2.0,0.0
1443742,0.0,0.0,0.0,0.0,1.0,2.0,0.0
1443835,0.0,0.0,0.0,0.0,1.0,0.0,0.0
1443966,0.0,0.0,0.0,0.0,1.0,1.0,0.0
1444242,0.0,0.0,0.0,0.0,0.0,1.0,0.0
1444466,0.0,0.0,0.0,0.0,0.0,0.0,0.0
1444901,0.0,0.0,0.0,0.0,0.0,1.0,0.0
1444907,0.0,0.0,0.0,0.0,0.0,2.0,0.0
1445407,0.0,0.0,0.0,0.0,0.0,0.0,0.0
1445598,0.0,0.0,0.0,0.0,0.0,1.0,0.0
1445605,0.0,0.0,0.0,0.0,0.0,2.0,0.0
1446105,0.0,0.0,0.0,0.0,0.0,0.0,0.0
1446207,0.0,0.0,0.0,0.0,0.0,1.0,0.0
1446608,0.0,0.0,0.0,0.0,0.0,2.0,0.0
1447108,0.0,0.0,0.0,0.0,0.0,0.0,0.0
1448145,0.0,0.0,0.0,0.0,0.0,1.0,0.0
1448147,0.0,0.0,0.0,0.0,1.0,1.0,0.0
1448645,0.0,0.0,0.0,0.0,1.0,0.0,0.0
1448647,0.0,0.0,0.0,0.0,0.0,0.0,0.0
1449011,0.0,0.0,0.0,0.0,0.0,1.0,0.0
1449033,0.0,0.0,0.0,0.0,0.0,2.0,0.0
1449060,0.0,0.0,0.0,0.0,1.0,2.0,0.0
1449075,0.0,0.0,0.0,0.0,2.0,2.0,0.0
1449533,0.0,0.0,0.0,0.0,2.0,0.0,0.0
1449575,0.0,0.0,0.0,0.0,0.0,0.0,0.0
1449615,0.0,0.0,0.0,0.0,0.0,1.0,0.0
1450115,0.0,0.0,0.0,0.0,0.0,0.0,0.0
1450160,0.0,0.0,0.0,0.0,0.0,1.0,0.0
1450216,0.0,0.0,0.0,0.0,0.0,2.0,0.0
1450716,0.0,0.0,0.0,0.0,0.0,0.0,0.0
1452613,0.0,0.0,0.0,0.0,0.0,1.0,0.0
1453001,0.0,0.0,0.0,0.0,0.0,2.0,0.0
1453501,0.0,0.0,0.0,0.0,0.0,0.0,0.0
1453778,0.0,0.0,0.0,0.0,0.0,1.0,0.0
1454052,0.0,0.0,0.0,0.0,1.0,2.0,0.0
1454552,0.0,0.0,0.0,0.0,0.0,0.0,0.0
1455409,0.0,0.0,0.0,0.0,0.0,1.0,0.0
1455418,0.0,0.0,0.0,0.0,0.0,2.0,0.0
1455918,0.0,0.0,0.0,0.0,0.0,0.0,0.0
1458174,0.0,0.0,0.0,0.0,0.0,1.0,0.0
1458300,0.0,0.0,0.0,0.0,0.0,2.0,0.0
1458800,0.0,0.0,0.0,0.0,0.0,0.0,0.0
1459241,0.0,0.0,0.0,0.0,0.0,1.0,0.0
1459741,0.0,0.0,0.0,0.0,0.0,0.0,0.0
1459873,0.0,0.0,0.0,0.0,0.0,1.0,0.0
1460102,0.0,0.0,0.0,0.0,0.0,2.0,0.0
1460602,0.0,0.0,0.0,0.0,0.0,0.0,0.0
1460903,0.0,0.0,0.0,0.0,0.0,1.0,0.0
1461403,0.0,0.0,0.0,0.0,0.0,0.0,0.0
1462474,0.0,0.0,0.0,0.0,0.0,1.0,0.0
1462974,0.0,0.0,0.0,0.0,0.0,0.0,0.0
1464079,0.0,0.0,0.0,0.0,0.0,1.0,0.0
1464130,0.0,0.0,0.0,0.0,0.0,2.0,0.0
1464630,0.0,0.0,0.0,0.0,0.0,0.0,0.0
1464844,0.0,0.0,0.0,0.0,0.0,1.0,0.0
1465344,0.0,0.0,0.0,0.0,0.0,0.0,0.0
1465586,0.0,0.0,0.0,0.0,0.0,1.0,0.0
1465589,0.0,0.0,0.0,0.0,0.0,2.0,0.0
1466089,0.0,0.0,0.0,0.0,0.0,0.0,0.0
1466184,0.0,0.0,0.0,0.0,0.0,1.0,0.0
1466684,0.0,0.0,0.0,0.0,0.0,0.0,0.0
1467405,0.0,0.0,0.0,0.0,0.0,1.0,0.0
1467886,0.0,0.0,0.0,0.0,0.0,2.0,0.0
1468386,0.0,0.0,0.0,0.0,0.0,0.0,0.0
1468485,0.0,0.0,0.0,0.0,0.0,1.0,0.0
1468690,0.0,0.0,0.0,0.0,0.0,2.0,0.0
1469190,0.0,0.0,0.0,0.0,0.0,0.0,0.0
1469485,0.0,0.0,0.0,0.0,0.0,1.0,0.0
1469489,0.0,0.0,0.0,0.0,0.0,2.0,0.0
1469989,0.0,0.0,0.0,0.0,0.0,0.0,0.0
1470491,0.0,0.0,0.0,0.0,0.0,1.0,0.0
1470528,0.0,0.0,0.0,0.0,0.0,2.0,0.0
1471028,0.0,0.0,0.0,0.0,0.0,0.0,0.0
1471115,0.0,0.0,0.0,0.0,0.0,1.0,0.0
1471615,0.0,0.0,0.0,0.0,0.0,0.0,0.0
1473536,0.0,0.0,0.0,0.0,0.0,1.0,0.0
1474036,0.0,0.0,0.0,0.0,0.0,0.0,0.0
1474287,0.0,0.0,0.0,0.0,0.0,1.0,0.0
1474787,0.0,0.0,0.0,0.0,0.0,0.0,0.0
1474963,0.0,0.0,0.0,0.0,0.0,1.0,0.0
1474987,0.0,0.0,0.0,0.0,0.0,2.0,0.0
1475487,0.0,0.0,0.0,0.0,0.0,0.0,0.0
1475530,0.0,0.0,0.0,0.0,0.0,1.0,0.0
1475535,0.0,0.0,0.0,0.0,0.0,2.0,0.0
1476035,0.0,0.0,0.0,0.0,0.0,0.0,0.0
1476745,0.0,0.0,0.0,0.0,0.0,1.0,0.0
1477245,0.0,0.0,0.0,0.0,0.0,0.0,0.0
1477341,0.0,0.0,0.0,0.0,0.0,1.0,0.0
1477344,0.0,0.0,0.0,0.0,0.0,2.0,0.0
1477844,0.0,0.0,0.0,0.0,0.0,0.0,0.0
1478145,0.0,0.0,0.0,0.0,0.0,1.0,0.0
1478167,0.0,0.0,0.0,0.0,0.0,2.0,0.0
1478667,0.0,0.0,0.0,0.0,0.0,0.0,0.0
1479779,0.0,0.0,0.0,0.0,0.0,1.0,0.0
1479789,0.0,0.0,0.0,0.0,0.0,2.0,0.0
1480289,0.0,0.0,0.0,0.0,0.0,0.0,0.0
1480500,0.0,0.0,0.0,0.0,0.0,1.0,0.0
1481000,0.0,0.0,0.0,0.0,0.0,0.0,0.0
1481122,0.0,0.0,0.0,0.0,0.0,1.0,0.0
1481125,0.0,0.0,0.0,0.0,0.0,2.0,0.0
1481625,0.0,0.0,0.0,0.0,0.0,0.0,0.0
1481630,0.0,0.0,0.0,0.0,0.0,1.0,0.0
1481874,0.0,0.0,0.0,0.0,0.0,2.0,0.0
1482374,0.0,0.0,0.0,0.0,0.0,0.0,0.0
1482610,0.0,0.0,0.0,0.0,0.0,1.0,0.0
1482869,0.0,0.0,0.0,0.0,0.0,2.0,0.0
1482979,0.0,2.0,0.0,0.0,0.0,2.0,0.0
1483369,0.0,2.0,0.0,0.0,0.0,0.0,0.0
1483393,0.0,2.0,0.0,0.0,0.0,1.0,0.0
1483407,0.0,2.0,0.0,0.0,0.0,2.0,0.0
1483479,0.0,0.0,0.0,0.0,0.0,2.0,0.0
1483907,0.0,0.0,0.0,0.0,0.0,0.0,0.0
1484426,0.0,0.0,0.0,0.0,0.0,1.0,0.0
1484585,0.0,0.0,0.0,0.0,0.0,2.0,0.0
1485085,0.0,0.0,0.0,0.0,0.0,0.0,0.0
1485744,0.0,0.0,0.0,0.0,0.0,1.0,0.0
1485782,0.0,0.0,0.0,0.0,0.0,2.0,0.0
1486282,0.0,0.0,0.0,0.0,0.0,0.0,0.0
1487336,0.0,0.0,0.0,0.0,0.0,1.0,0.0
1487836,0.0,0.0,0.0,0.0,0.0,0.0,0.0
1488023,0.0,0.0,0.0,0.0,0.0,1.0,0.0
1488027,0.0,0.0,0.0,0.0,0.0,2.0,0.0
1488527,0.0,0.0,0.0,0.0,0.0,0.0,0.0
1488669,0.0,0.0,0.0,0.0,0.0,1.0,0.0
1489169,0.0,0.0,0.0,0.0,0.0,0.0,0.0
1489951,0.0,0.0,0.0,0.0,0.0,1.0,0.0
1490451,0.0,0.0,0.0,0.0,0.0,0.0,0.0
1490562,0.0,0.0,0.0,0.0,0.0,1.0,0.0
1491062,0.0,0.0,0.0,0.0,0.0,0.0,0.0
1491103,0.0,0.0,0.0,0.0,0.0,1.0,0.0
1491107,0.0,0.0,0.0,0.0,0.0,2.0,0.0
1491607,0.0,0.0,0.0,0.0,0.0,0.0,0.0
1491894,0.0,0.0,0.0,0.0,0.0,1.0,0.0
1491919,0.0,0.0,0.0,0.0,0.0,2.0,0.0
1492419,0.0,0.0,0.0,0.0,0.0,0.0,0.0
1492513,0.0,0.0,0.0,0.0,0.0,1.0,0.0
1492843,0.0,0.0,0.0,0.0,0.0,2.0,0.0
1493343,0.0,0.0,0.0,0.0,0.0,0.0,0.0
1493366,0.0,0.0,0.0,0.0,0.0,1.0,0.0
1493866,0.0,0.0,0.0,0.0,0.0,0.0,0.0
1493873,0.0,0.0,0.0,0.0,0.0,1.0,0.0
1494373,0.0,0.0,0.0,0.0,0.0,0.0,0.0
1494416,0.0,0.0,0.0,0.0,0.0,1.0,0.0
1494789,0.0,0.0,0.0,0.0,0.0,2.0,0.0
1495289,0.0,0.0,0.0,0.0,0.0,0.0,0.0
1495354,0.0,0.0,0.0,0.0,0.0,1.0,0.0
1495854,0.0,0.0,0.0,0.0,0.0,0.0,0.0
1495890,0.0,0.0,0.0,0.0,0.0,1.0,0.0
1496390,0.0,0.0,0.0,0.0,0.0,0.0,0.0
1497119,0.0,0.0,0.0,0.0,0.0,1.0,0.0
1497619,0.0,0.0,0.0,0.0,0.0,0.0,0.0
1497980,0.0,0.0,0.0,0.0,0.0,1.0,0.0
1498480,0.0,0.0,0.0,0.0,0.0,0.0,0.0
1498856,0.0,0.0,0.0,0.0,0.0,1.0,0.0
1498896,0.0,0.0,0.0,0.0,0.0,2.0,0.0
1499396,0.0,0.0,0.0,0.0,0.0,0.0,0.0
1499733,0.0,0.0,0.0,0.0,0.0,1.0,0.0
1500233,0.0,0.0,0.0,0.0,0.0,0.0,0.0
1500495,0.0,0.0,0.0,0.0,0.0,1.0,0.0
1500995,0.0,0.0,0.0,0.0,0.0,0.0,0.0
1501266,0.0,0.0,0.0,0.0,0.0,1.0,0.0
1501360,0.0,0.0,0.0,0.0,0.0,2.0,0.0
1501860,0.0,0.0,0.0,0.0,0.0,0.0,0.0
1502493,0.0,0.0,0.0,0.0,0.0,1.0,0.0
1502553,0.0,0.0,0.0,0.0,0.0,2.0,0.0
1503053,0.0,0.0,0.0,0.0,0.0,0.0,0.0
1503421,0.0,0.0,0.0,0.0,0.0,1.0,0.0
1503921,0.0,0.0,0.0,0.0,0.0,0.0,0.0
1504816,0.0,0.0,0.0,0.0,1.0,1.0,0.0
1505316,0.0,0.0,0.0,0.0,0.0,0.0,0.0
1505584,0.0,0.0,0.0,0.0,0.0,1.0,0.0
1506084,0.0,0.0,0.0,0.0,0.0,0.0,0.0
1507683,0.0,0.0,0.0,0.0,0.0,1.0,0.0
1507686,0.0,0.0,0.0,0.0,0.0,2.0,0.0
1507955,0.0,0.0,0.0,0.0,1.0,2.0,0.0
1508186,0.0,0.0,0.0,0.0,1.0,0.0,0.0
1508455,0.0,0.0,0.0,0.0,0.0,0.0,0.0
1508589,0.0,0.0,0.0,0.0,0.0,1.0,0.0
1508735,0.0,0.0,0.0,0.0,0.0,2.0,0.0
1509235,0.0,0.0,0.0,0.0,0.0,0.0,0.0
1509351,0.0,0.0,0.0,0.0,0.0,1.0,0.0
1509382,0.0,0.0,0.0,0.0,0.0,2.0,0.0
1509882,0.0,0.0,0.0,0.0,0.0,0.0,0.0
1510259,0.0,0.0,0.0,0.0,0.0,1.0,0.0
1510264,0.0,0.0,0.0,0.0,0.0,2.0,0.0
1510764,0.0,0.0,0.0,0.0,0.0,0.0,0.0
1511317,0.0,0.0,0.0,0.0,0.0,1.0,0.0
1511320,0.0,0.0,0.0,0.0,0.0,2.0,0.0
1511820,0.0,0.0,0.0,0.0,0.0,0.0,0.0
1513008,0.0,0.0,0.0,0.0,0.0,1.0,0.0
1513508,0.0,0.0,0.0,0.0,0.0,0.0,0.0
1516121,0.0,0.0,0.0,0.0,0.0,1.0,0.0
1516621,0.0,0.0,0.0,0.0,0.0,0.0,0.0
1519058,0.0,0.0,0.0,0.0,0.0,1.0,0.0
1519558,0.0,0.0,0.0,0.0,0.0,0.0,0.0
1520512,0.0,0.0,0.0,0.0,0.0,1.0,0.0
1521012,0.0,0.0,0.0,0.0,0.0,0.0,0.0
1521867,0.0,0.0,0.0,0.0,0.0,1.0,0.0
1521868,0.0,0.0,0.0,0.0,0.0,2.0,0.0
1522368,0.0,0.0,0.0,0.0,0.0,0.0,0.0
1522712,0.0,0.0,0.0,0.0,0.0,1.0,0.0
1522717,0.0,0.0,0.0,0.0,0.0,2.0,0.0
1523217,0.0,0.0,0.0,0.0,0.0,0.0,0.0
1526319,0.0,0.0,0.0,0.0,0.0,1.0,0.0
1526819,0.0,0.0,0.0,0.0,0.0,0.0,0.0
1527473,0.0,0.0,0.0,0.0,0.0,1.0,0.0
1527973,0.0,0.0,0.0,0.0,0.0,0.0,0.0
1529057,0.0,0.0,0.0,0.0,0.0,1.0,0.0
1529557,0.0,0.0,0.0,0.0,0.0,0.0,0.0
1530650,0.0,0.0,0.0,0.0,0.0,1.0,0.0
1531150,0.0,0.0,0.0,0.0,0.0,0.0,0.0
1531424,0.0,0.0,0.0,0.0,0.0,1.0,0.0
1531924,0.0,0.0,0.0,0.0,0.0,0.0,0.0
1533676,0.0,0.0,0.0,0.0,0.0,1.0,0.0
1534176,0.0,0.0,0.0,0.0,0.0,0.0,0.0
1536429,0.0,0.0,0.0,0.0,0.0,1.0,0.0
1536929,0.0,0.0,0.0,0.0,0.0,0.0,0.0
1537161,0.0,0.0,0.0,0.0,0.0,1.0,0.0
1537248,0.0,0.0,0.0,0.0,0.0,2.0,0.0
1537748,0.0,0.0,0.0,0.0,0.0,0.0,0.0
1538221,0.0,0.0,0.0,0.0,0.0,1.0,0.0
1538721,0.0,0.0,0.0,0.0,0.0,0.0,0.0
1543219,0.0,0.0,0.0,0.0,0.0,1.0,0.0
1543719,0.0,0.0,0.0,0.0,0.0,0.0,0.0
1544959,0.0,0.0,0.0,0.0,0.0,1.0,0.0
1545459,0.0,0.0,0.0,0.0,0.0,0.0,0.0
1545686,0.0,0.0,0.0,0.0,0.0,1.0,0.0
1546186,0.0,0.0,0.0,0.0,0.0,0.0,0.0
1550844,0.0,0.0,0.0,0.0,0.0,1.0,0.0
1551344,0.0,0.0,0.0,0.0,0.0,0.0,0.0
1555084,0.0,0.0,0.0,0.0,0.0,1.0,0.0
1555584,0.0,0.0,0.0,0.0,0.0,0.0,0.0
1555672,0.0,0.0,0.0,0.0,0.0,1.0,0.0
1556172,0.0,0.0,0.0,0.0,0.0,0.0,0.0
1556696,0.0,0.0,0.0,0.0,0.0,1.0,0.0
1557196,0.0,0.0,0.0,0.0,0.0,0.0,0.0
1558002,0.0,0.0,0.0,0.0,0.0,1.0,0.0
1558502,0.0,0.0,0.0,0.0,0.0,0.0,0.0
1559929,0.0,0.0,0.0,0.0,0.0,1.0,0.0
1560429,0.0,0.0,0.0,0.0,0.0,0.0,0.0
1561196,0.0,0.0,0.0,0.0,0.0,1.0,0.0
1561696,0.0,0.0,0.0,0.0,0.0,0.0,0.0
1561778,0.0,0.0,0.0,0.0,0.0,1.0,0.0
1562278,0.0,0.0,0.0,0.0,0.0,0.0,0.0
1563762,0.0,0.0,0.0,0.0,0.0,1.0,0.0
1564262,0.0,0.0,0.0,0.0,0.0,0.0,0.0
1564336,0.0,0.0,0.0,0.0,0.0,1.0,0.0
1564836,0.0,0.0,0.0,0.0,0.0,0.0,0.0
1564984,0.0,0.0,0.0,0.0,0.0,1.0,0.0
1565484,0.0,0.0,0.0,0.0,0.0,0.0,0.0
1566174,0.0,0.0,0.0,0.0,0.0,1.0,0.0
1566674,0.0,0.0,0.0,0.0,0.0,0.0,0.0
1567647,0.0,0.0,0.0,0.0,0.0,1.0,0.0
1568147,0.0,0.0,0.0,0.0,0.0,0.0,0.0
1569030,0.0,0.0,0.0,0.0,0.0,1.0,0.0
1569370,0.0,0.0,0.0,0.0,0.0,2.0,0.0
1569870,0.0,0.0,0.0,0.0,0.0,0.0,0.0
1573822,0.0,0.0,0.0,0.0,0.0,1.0,0.0
1573824,0.0,0.0,0.0,0.0,0.0,2.0,0.0
1574286,0.0,0.0,0.0,0.0,1.0,2.0,0.0
1574324,0.0,0.0,0.0,0.0,1.0,0.0,0.0
1574786,0.0,0.0,0.0,0.0,0.0,0.0,0.0
1574820,0.0,0.0,0.0,0.0,1.0,0.0,0.0
1574999,0.0,0.0,0.0,0.0,1.0,1.0,0.0
1575003,0.0,0.0,0.0,0.0,1.0,2.0,0.0
1575320,0.0,0.0,0.0,0.0,0.0,2.0,0.0
1575503,0.0,0.0,0.0,0.0,0.0,0.0,0.0
1576228,0.0,0.0,0.0,0.0,0.0,1.0,0.0
1576582,0.0,0.0,0.0,0.0,1.0,1.0,0.0
1576728,0.0,0.0,0.0,0.0,1.0,0.0,0.0
1577082,0.0,0.0,0.0,0.0,0.0,0.0,0.0
1580454,0.0,0.0,0.0,0.0,0.0,1.0,0.0
1580954,0.0,0.0,0.0,0.0,0.0,0.0,0.0
1581791,0.0,0.0,0.0,0.0,0.0,1.0,0.0
1582291,0.0,0.0,0.0,0.0,0.0,0.0,0.0
1588093,0.0,0.0,0.0,0.0,0.0,1.0,0.0
1588094,0.0,0.0,0.0,0.0,0.0,2.0,0.0
1588594,0.0,0.0,0.0,0.0,0.0,0.0,0.0
1589091,0.0,0.0,0.0,0.0,0.0,1.0,0.0
1589591,0.0,0.0,0.0,0.0,0.0,0.0,0.0
1590141,0.0,0.0,0.0,0.0,0.0,1.0,0.0
1590641,0.0,0.0,0.0,0.0,0.0,0.0,0.0
1596668,0.0,0.0,0.0,0.0,0.0,1.0,0.0
1597168,0.0,0.0,0.0,0.0,0.0,0.0,0.0
1598533,0.0,0.0,0.0,0.0,0.0,1.0,0.0
1598537,0.0,0.0,0.0,0.0,0.0,2.0,0.0
1599037,0.0,0.0,0.0,0.0,0.0,0.0,0.0
1603343,0.0,0.0,0.0,0.0,0.0,1.0,0.0
1603843,0.0,0.0,0.0,0.0,0.0,0.0,0.0
1605481,0.0,0.0,0.0,0.0,0.0,1.0,0.0
1605483,0.0,0.0,0.0,0.0,0.0,2.0,0.0
1605983,0.0,0.0,0.0,0.0,0.0,0.0,0.0
1606000,0.0,0.0,0.0,0.0,0.0,1.0,0.0
1606500,0.0,0.0,0.0,0.0,0.0,0.0,0.0
1606677,0.0,0.0,0.0,0.0,0.0,1.0,0.0
1607177,0.0,0.0,0.0,0.0,0.0,0.0,0.0
1609642,0.0,0.0,0.0,0.0,0.0,1.0,0.0
1610142,0.0,0.0,0.0,0.0,0.0,0.0,0.0
1613533,0.0,0.0,0.0,0.0,0.0,1.0,0.0
1614033,0.0,0.0,0.0,0.0,0.0,0.0,0.0
1614188,0.0,0.0,0.0,0.0,0.0,1.0,0.0
1614688,0.0,0.0,0.0,0.0,0.0,0.0,0.0
1615000,0.0,0.0,0.0,0.0,0.0,0.0,1.0
1615294,0.0,0.0,0.0,0.0,0.0,1.0,1.0
1615470,0.0,0.0,0.0,0.0,0.0,2.0,1.0
1615500,0.0,0.0,0.0,0.0,0.0,2.0,0.0
1615647,2.0,0.0,0.0,0.0,0.0,2.0,0.0
1615884,2.0,2.0,0.0,0.0,0.0,2.0,0.0
1615970,2.0,2.0,0.0,0.0,0.0,0.0,0.0
1616147,0.0,2.0,0.0,0.0,0.0,0.0,0.0
1616191,2.0,2.0,0.0,0.0,0.0,0.0,0.0
1616248,2.0,2.0,0.0,0.0,1.0,0.0,0.0
1616384,2.0,0.0,0.0,0.0,1.0,0.0,0.0
1616419,2.0,0.0,0.0,0.0,1.0,1.0,0.0
1616536,2.0,0.0,0.0,0.0,2.0,1.0,0.0
1616691,0.0,0.0,0.0,0.0,2.0,1.0,0.0
1616831,2.0,0.0,0.0,0.0,2.0,1.0,0.0
1616919,2.0,0.0,0.0,0.0,2.0,0.0,0.0
1616927,2.0,0.0,0.0,0.0,2.0,1.0,0.0
1617036,2.0,0.0,0.0,0.0,0.0,1.0,0.0
1617198,2.0,0.0,0.0,0.0,0.0,2.0,0.0
1617299,2.0,0.0,1.0,0.0,0.0,2.0,0.0
1617331,0.0,0.0,1.0,0.0,0.0,2.0,0.0
1617698,0.0,0.0,1.0,0.0,0.0,0.0,0.0
1617791,0.0,0.0,1.0,0.0,0.0,1.0,0.0
1617795,0.0,0.0,1.0,0.0,0.0,2.0,0.0
1617813,0.0,2.0,1.0,0.0,0.0,2.0,0.0
1618295,0.0,2.0,1.0,0.0,0.0,0.0,0.0
1618313,0.0,0.0,1.0,0.0,0.0,0.0,0.0
1618513,0.0,0.0,1.0,0.0,0.0,1.0,0.0
1618679,0.0,0.0,2.0,0.0,0.0,1.0,0.0
1619013,0.0,0.0,2.0,0.0,0.0,0.0,0.0
1619158,0.0,0.0,2.0,0.0,0.0,1.0,0.0
1619179,0.0,0.0,0.0,0.0,0.0,1.0,0.0
1619501,0.0,0.0,0.0,0.0,0.0,2.0,0.0
1619586,0.0,0.0,1.0,0.0,0.0,2.0,0.0
1620001,0.0,0.0,1.0,0.0,0.0,0.0,0.0
1620086,0.0,0.0,0.0,0.0,0.0,0.0,0.0
1620160,0.0,0.0,0.0,0.0,0.0,1.0,0.0
1620660,0.0,0.0,0.0,0.0,0.0,0.0,0.0
1620802,0.0,0.0,0.0,0.0,0.0,1.0,0.0
1621302,0.0,0.0,0.0,0.0,0.0,0.0,0.0
1621796,0.0,0.0,0.0,0.0,0.0,1.0,0.0
1622296,0.0,0.0,0.0,0.0,0.0,0.0,0.0
1622647,0.0,0.0,0.0,0.0,0.0,1.0,0.0
1623147,0.0,0.0,0.0,0.0,0.0,0.0,0.0
1623890,0.0,0.0,0.0,0.0,0.0,1.0,0.0
1624390,0.0,0.0,0.0,0.0,0.0,0.0,0.0
1624704,0.0,0.0,0.0,0.0,0.0,1.0,0.0
1624809,0.0,0.0,0.0,0.0,0.0,2.0,0.0
1625309,0.0,0.0,0.0,0.0,0.0,0.0,0.0
1626002,0.0,0.0,0.0,0.0,0.0,1.0,0.0
1626338,0.0,0.0,0.0,0.0,1.0,1.0,0.0
1626502,0.0,0.0,0.0,0.0,1.0,0.0,0.0
1626838,0.0,0.0,0.0,0.0,0.0,0.0,0.0
1627432,0.0,0.0,0.0,0.0,0.0,1.0,0.0
1627737,0.0,0.0,0.0,0.0,0.0,2.0,0.0
1628237,0.0,0.0,0.0,0.0,0.0,0.0,0.0
1628674,0.0,0.0,0.0,0.0,0.0,1.0,0.0
1629008,0.0,0.0,0.0,0.0,0.0,2.0,0.0
1629508,0.0,0.0,0.0,0.0,0.0,0.0,0.0
1630038,0.0,0.0,0.0,0.0,0.0,1.0,0.0
1630246,0.0,0.0,0.0,0.0,0.0,2.0,0.0
1630746,0.0,0.0,0.0,0.0,0.0,0.0,0.0
1630882,0.0,0.0,0.0,0.0,0.0,1.0,0.0
1631083,0.0,0.0,0.0,0.0,0.0,2.0,0.0
1631583,0.0,0.0,0.0,0.0,0.0,0.0,0.0
1631692,0.0,0.0,0.0,0.0,0.0,1.0,0.0
1631849,0.0,0.0,0.0,0.0,0.0,2.0,0.0
1631855,0.0,0.0,0.0,0.0,1.0,2.0,0.0
1632349,0.0,0.0,0.0,0.0,1.0,0.0,0.0
1632355,0.0,0.0,0.0,0.0,0.0,0.0,0.0
1632438,0.0,0.0,0.0,0.0,0.0,1.0,0.0
1632938,0.0,0.0,0.0,0.0,0.0,0.0,0.0
1633065,0.0,0.0,0.0,0.0,0.0,1.0,0.0
1633382,0.0,0.0,0.0,0.0,0.0,2.0,0.0
1633882,0.0,0.0,0.0,0.0,0.0,0.0,0.0
1634299,0.0,0.0,0.0,0.0,0.0,1.0,0.0
1634363,0.0,0.0,0.0,0.0,0.0,2.0,0.0
1634863,0.0,0.0,0.0,0.0,0.0,0.0,0.0
1635000,0.0,0.0,0.0,0.0,0.0,1.0,0.0
1635004,0.0,0.0,0.0,0.0,0.0,2.0,0.0
1635504,0.0,0.0,0.0,0.0,0.0,0.0,0.0
1635838,0.0,2.0,0.0,0.0,0.0,0.0,0.0
1636278,0.0,2.0,0.0,0.0,0.0,1.0,0.0
1636338,0.0,0.0,0.0,0.0,0.0,1.0,0.0
1636778,0.0,0.0,0.0,0.0,0.0,0.0,0.0
1636867,0.0,0.0,0.0,0.0,0.0,1.0,0.0
1636901,0.0,0.0,0.0,0.0,0.0,2.0,0.0
1637401,0.0,0.0,0.0,0.0,0.0,0.0,0.0
1638389,0.0,0.0,0.0,0.0,0.0,1.0,0.0
1638480,0.0,0.0,0.0,0.0,0.0,2.0,0.0
1638980,0.0,0.0,0.0,0.0,0.0,0.0,0.0
1639435,0.0,0.0,0.0,0.0,0.0,1.0,0.0
1639493,0.0,0.0,0.0,0.0,0.0,2.0,0.0
1639993,0.0,0.0,0.0,0.0,0.0,0.0,0.0
1640438,0.0,0.0,0.0,0.0,0.0,1.0,0.0
1640444,0.0,0.0,0.0,0.0,0.0,2.0,0.0
1640445,0.0,0.0,0.0,0.0,1.0,2.0,0.0
1640944,0.0,0.0,0.0,0.0,1.0,0.0,0.0
1640945,0.0,0.0,0.0,0.0,0.0,0.0,0.0
1642163,0.0,0.0,0.0,0.0,0.0,1.0,0.0
1642663,0.0,0.0,0.0,0.0,0.0,0.0,0.0
1642808,0.0,0.0,0.0,0.0,0.0,1.0,0.0
1642983,0.0,0.0,0.0,0.0,0.0,2.0,0.0
1643483,0.0,0.0,0.0,0.0,0.0,0.0,0.0
1643658,0.0,0.0,0.0,0.0,0.0,1.0,0.0
1644158,0.0,0.0,0.0,0.0,0.0,0.0,0.0
1644478,0.0,0.0,0.0,0.0,0.0,1.0,0.0
1644978,0.0,0.0,0.0,0.0,0.0,0.0,0.0
1645035,0.0,0.0,0.0,0.0,0.0,1.0,0.0
1645535,0.0,0.0,0.0,0.0,0.0,0.0,0.0
1645563,0.0,0.0,0.0,0.0,0.0,1.0,0.0
1645566,0.0,0.0,0.0,0.0,0.0,2.0,0.0
1646066,0.0,0.0,0.0,0.0,0.0,0.0,0.0
1646235,0.0,0.0,0.0,0.0,0.0,1.0,0.0
1646450,0.0,0.0,0.0,0.0,0.0,2.0,0.0
1646950,0.0,0.0,0.0,0.0,0.0,0.0,0.0
1647401,0.0,0.0,0.0,0.0,0.0,1.0,0.0
1647901,0.0,0.0,0.0,0.0,0.0,0.0,0.0
1648043,0.0,0.0,0.0,0.0,0.0,1.0,0.0
1648543,0.0,0.0,0.0,0.0,0.0,0.0,0.0
1648795,0.0,0.0,0.0,0.0,0.0,1.0,0.0
1649048,0.0,0.0,0.0,0.0,0.0,2.0,0.0
1649548,0.0,0.0,0.0,0.0,0.0,0.0,0.0
1649839,0.0,0.0,0.0,0.0,0.0,1.0,0.0
1649847,0.0,0.0,0.0,0.0,0.0,2.0,0.0
1650347,0.0,0.0,0.0,0.0,0.0,0.0,0.0
1650750,0.0,0.0,0.0,0.0,0.0,1.0,0.0
1651250,0.0,0.0,0.0,0.0,0.0,0.0,0.0
1651483,0.0,0.0,0.0,0.0,0.0,1.0,0.0
1651983,0.0,0.0,0.0,0.0,0.0,0.0,0.0
1652468,0.0,0.0,0.0,0.0,0.0,1.0,0.0
1652486,0.0,0.0,0.0,0.0,0.0,2.0,0.0
1652744,0.0,0.0,0.0,0.0,1.0,2.0,0.0
1652986,0.0,0.0,0.0,0.0,1.0,0.0,0.0
1653244,0.0,0.0,0.0,0.0,0.0,0.0,0.0
1653947,0.0,0.0,0.0,0.0,0.0,1.0,0.0
1654447,0.0,0.0,0.0,0.0,0.0,0.0,0.0
1655090,0.0,0.0,0.0,0.0,0.0,1.0,0.0
1655564,0.0,0.0,0.0,0.0,0.0,2.0,0.0
1656064,0.0,0.0,0.0,0.0,0.0,0.0,0.0
1656561,0.0,0.0,0.0,0.0,0.0,1.0,0.0
1657061,0.0,0.0,0.0,0.0,0.0,0.0,0.0
1657440,0.0,0.0,0.0,0.0,0.0,1.0,0.0
1657940,0.0,0.0,0.0,0.0,0.0,0.0,0.0
1657983,0.0,0.0,0.0,0.0,0.0,1.0,0.0
1658483,0.0,0.0,0.0,0.0,0.0,0.0,0.0
1658970,0.0,0.0,0.0,0.0,0.0,1.0,0.0
1659470,0.0,0.0,0.0,0.0,0.0,0.0,0.0
1661911,0.0,0.0,0.0,0.0,0.0,1.0,0.0
1662259,0.0,0.0,0.0,0.0,0.0,2.0,0.0
1662759,0.0,0.0,0.0,0.0,0.0,0.0,0.0
1663404,0.0,0.0,0.0,0.0,0.0,1.0,0.0
1663407,0.0,0.0,0.0,0.0,0.0,2.0,0.0
1663907,0.0,0.0,0.0,0.0,0.0,0.0,0.0
1663914,0.0,0.0,0.0,0.0,0.0,1.0,0.0
1663919,0.0,0.0,0.0,0.0,0.0,2.0,0.0
1664419,0.0,0.0,0.0,0.0,0.0,0.0,0.0
1664521,0.0,0.0,0.0,0.0,0.0,1.0,0.0
1664524,0.0,0.0,0.0,0.0,0.0,2.0,0.0
1665024,0.0,0.0,0.0,0.0,0.0,0.0,0.0
1665834,0.0,0.0,0.0,0.0,0.0,1.0,0.0
1666334,0.0,0.0,0.0,0.0,0.0,0.0,0.0
1666594,0.0,0.0,0.0,0.0,1.0,0.0,0.0
1666615,0.0,0.0,0.0,0.0,1.0,1.0,0.0
1667094,0.0,0.0,0.0,0.0,0.0,1.0,0.0
1667115,0.0,0.0,0.0,0.0,0.0,0.0,0.0
1667718,0.0,0.0,0.0,0.0,0.0,1.0,0.0
1667940,0.0,0.0,0.0,0.0,0.0,2.0,0.0
1668440,0.0,0.0,0.0,0.0,0.0,0.0,0.0
1668913,0.0,0.0,0.0,0.0,0.0,1.0,0.0
1669913,0.0,0.0,0.0,0.0,0.0,0.0,0.0
1671515,0.0,0.0,0.0,0.0,0.0,1.0,0.0
1671648,0.0,0.0,0.0,0.0,0.0,2.0,0.0
1672148,0.0,0.0,0.0,0.0,0.0,0.0,0.0
1672467,0.0,0.0,0.0,0.0,0.0,1.0,0.0
1672896,0.0,2.0,0.0,0.0,0.0,2.0,0.0
1673396,0.0,0.0,0.0,0.0,0.0,0.0,0.0
1675994,0.0,0.0,0.0,0.0,0.0,1.0,0.0
1676494,0.0,0.0,0.0,0.0,0.0,0.0,0.0
1676574,0.0,0.0,0.0,0.0,0.0,1.0,0.0
1676583,0.0,0.0,0.0,0.0,0.0,2.0,0.0
1677083,0.0,0.0,0.0,0.0,0.0,0.0,0.0
1677956,0.0,0.0,0.0,0.0,0.0,1.0,0.0
1678131,0.0,0.0,0.0,0.0,0.0,2.0,0.0
1678155,0.0,2.0,0.0,0.0,0.0,2.0,0.0
1678631,0.0,2.0,0.0,0.0,0.0,0.0,0.0
1678655,0.0,0.0,0.0,0.0,0.0,0.0,0.0
1678663,0.0,0.0,0.0,0.0,0.0,1.0,0.0
1678666,0.0,0.0,0.0,0.0,0.0,2.0,0.0
1679166,0.0,0.0,0.0,0.0,0.0,0.0,0.0
1680276,0.0,0.0,0.0,0.0,0.0,1.0,0.0
1680776,0.0,0.0,0.0,0.0,0.0,0.0,0.0
1680785,0.0,0.0,0.0,0.0,0.0,1.0,0.0
1681285,0.0,0.0,0.0,0.0,0.0,0.0,0.0
1681847,0.0,0.0,0.0,0.0,0.0,1.0,0.0
1682347,0.0,0.0,0.0,0.0,0.0,0.0,0.0
1683329,0.0,0.0,0.0,0.0,0.0,1.0,0.0
1683829,0.0,0.0,0.0,0.0,0.0,0.0,0.0
1684069,0.0,0.0,0.0,0.0,0.0,1.0,0.0
1684098,0.0,0.0,0.0,0.0,0.0,2.0,0.0
1684598,0.0,0.0,0.0,0.0,0.0,0.0,0.0
1685075,0.0,0.0,0.0,0.0,0.0,1.0,0.0
1685575,0.0,0.0,0.0,0.0,0.0,0.0,0.0
1686708,0.0,0.0,0.0,0.0,0.0,1.0,0.0
1687208,0.0,0.0,0.0,0.0,0.0,0.0,0.0
1687214,0.0,0.0,0.0,0.0,0.0,1.0,0.0
1687478,0.0,0.0,0.0,0.0,0.0,2.0,0.0
1687978,0.0,0.0,0.0,0.0,0.0,0.0,0.0
1688554,0.0,0.0,0.0,0.0,0.0,1.0,0.0
1689054,0.0,0.0,0.0,0.0,0.0,0.0,0.0
1689081,0.0,0.0,0.0,0.0,0.0,1.0,0.0
1689089,0.0,0.0,0.0,0.0,0.0,2.0,0.0
1689589,0.0,0.0,0.0,0.0,0.0,0.0,0.0
1690415,0.0,0.0,0.0,0.0,0.0,1.0,0.0
1690915,0.0,0.0,0.0,0.0,0.0,0.0,0.0
1691019,0.0,0.0,0.0,0.0,0.0,1.0,0.0
1691519,0.0,0.0,0.0,0.0,0.0,0.0,0.0
1691536,0.0,0.0,0.0,0.0,0.0,1.0,0.0
1691849,0.0,2.0,0.0,0.0,0.0,1.0,0.0
1692036,0.0,2.0,0.0,0.0,0.0,0.0,0.0
1692349,0.0,0.0,0.0,0.0,0.0,0.0,0.0
1692454,0.0,0.0,0.0,0.0,0.0,1.0,0.0
1692741,0.0,0.0,0.0,0.0,0.0,2.0,0.0
1693241,0.0,0.0,0.0,0.0,0.0,0.0,0.0
1693442,0.0,0.0,0.0,0.0,0.0,1.0,0.0
1693925,0.0,0.0,0.0,0.0,0.0,2.0,0.0
1694425,0.0,0.0,0.0,0.0,0.0,0.0,0.0
1694725,0.0,0.0,0.0,0.0,0.0,1.0,0.0
1695225,0.0,0.0,0.0,0.0,0.0,0.0,0.0
1695236,0.0,0.0,0.0,0.0,0.0,1.0,0.0
1695500,0.0,0.0,0.0,0.0,0.0,2.0,0.0
1696000,0.0,0.0,0.0,0.0,0.0,0.0,0.0
1696740,0.0,0.0,0.0,0.0,0.0,1.0,0.0
1696768,0.0,0.0,0.0,0.0,0.0,2.0,0.0
1697268,0.0,0.0,0.0,0.0,0.0,0.0,0.0
1697589,0.0,0.0,0.0,0.0,0.0,1.0,0.0
1697667,0.0,0.0,0.0,0.0,0.0,2.0,0.0
1698167,0.0,0.0,0.0,0.0,0.0,0.0,0.0
1698336,0.0,0.0,0.0,0.0,0.0,1.0,0.0
1698836,0.0,0.0,0.0,0.0,0.0,0.0,0.0
1699417,0.0,0.0,0.0,0.0,0.0,1.0,0.0
1699917,0.0,0.0,0.0,0.0,0.0,0.0,0.0
1700744,0.0,0.0,0.0,0.0,0.0,1.0,0.0
1701244,0.0,0.0,0.0,0.0,0.0,0.0,0.0
1701563,0.0,0.0,0.0,0.0,0.0,1.0,0.0
1702063,0.0,0.0,0.0,0.0,0.0,0.0,0.0
1702200,0.0,0.0,0.0,0.0,0.0,1.0,0.0
1702700,0.0,0.0,0.0,0.0,0.0,0.0,0.0
1703490,0.0,0.0,0.0,0.0,0.0,1.0,0.0
1703990,0.0,0.0,0.0,0.0,0.0,0.0,0.0
1704006,0.0,0.0,0.0,0.0,0.0,1.0,0.0
1704506,0.0,0.0,0.0,0.0,0.0,0.0,0.0
1705230,0.0,0.0,0.0,0.0,0.0,1.0,0.0
1705246,0.0,0.0,0.0,0.0,0.0,2.0,0.0
1705746,0.0,0.0,0.0,0.0,0.0,0.0,0.0
1706827,0.0,0.0,0.0,0.0,0.0,1.0,0.0
1707327,0.0,0.0,0.0,0.0,0.0,0.0,0.0
1707844,0.0,0.0,0.0,0.0,0.0,1.0,0.0
1707847,0.0,0.0,0.0,0.0,0.0,2.0,0.0
1708347,0.0,0.0,0.0,0.0,0.0,0.0,0.0
1709541,0.0,0.0,0.0,0.0,0.0,1.0,0.0
1710041,0.0,0.0,0.0,0.0,0.0,0.0,0.0
1711168,0.0,0.0,0.0,0.0,0.0,1.0,0.0
1711173,0.0,0.0,0.0,0.0,0.0,2.0,0.0
1711673,0.0,0.0,0.0,0.0,0.0,0.0,0.0
1711748,0.0,0.0,0.0,0.0,0.0,1.0,0.0
1712248,0.0,0.0,0.0,0.0,0.0,0.0,0.0
1712299,0.0,0.0,0.0,0.0,0.0,1.0,0.0
1712590,0.0,0.0,0.0,0.0,0.0,2.0,0.0
1713090,0.0,0.0,0.0,0.0,0.0,0.0,0.0
1713128,0.0,0.0,0.0,0.0,0.0,1.0,0.0
1713628,0.0,0.0,0.0,0.0,0.0,0.0,0.0
1713795,0.0,0.0,0.0,0.0,0.0,1.0,0.0
1714259,0.0,0.0,0.0,0.0,0.0,2.0,0.0
1714759,0.0,0.0,0.0,0.0,0.0,0.0,0.0
1715858,0.0,0.0,0.0,0.0,0.0,1.0,0.0
1716358,0.0,0.0,0.0,0.0,0.0,0.0,0.0
1723855,0.0,0.0,0.0,0.0,0.0,1.0,0.0
1724355,0.0,0.0,0.0,0.0,0.0,0.0,0.0
1724896,0.0,0.0,0.0,0.0,0.0,1.0,0.0
1725396,0.0,0.0,0.0,0.0,0.0,0.0,0.0
1726870,0.0,0.0,0.0,0.0,0.0,1.0,0.0
1727370,0.0,0.0,0.0,0.0,0.0,0.0,0.0
1728169,0.0,0.0,0.0,0.0,1.0,0.0,0.0
1728669,0.0,0.0,0.0,0.0,0.0,0.0,0.0
1734616,0.0,0.0,0.0,0.0,0.0,1.0,0.0
1734814,0.0,0.0,0.0,0.0,0.0,2.0,0.0
1735314,0.0,0.0,0.0,0.0,0.0,0.0,0.0
1743948,0.0,0.0,0.0,0.0,0.0,1.0,0.0
1743951,0.0,0.0,0.0,0.0,0.0,2.0,0.0
1744451,0.0,0.0,0.0,0.0,0.0,0.0,0.0
1745603,0.0,0.0,0.0,0.0,0.0,1.0,0.0
1746103,0.0,0.0,0.0,0.0,0.0,0.0,0.0
1751199,0.0,0.0,0.0,0.0,0.0,1.0,0.0
1751699,0.0,0.0,0.0,0.0,0.0,0.0,0.0
1754530,0.0,0.0,0.0,0.0,0.0,1.0,0.0
1755030,0.0,0.0,0.0,0.0,0.0,0.0,0.0
1755550,0.0,0.0,0.0,0.0,0.0,1.0,0.0
1755557,0.0,0.0,0.0,0.0,0.0,2.0,0.0
1756057,0.0,0.0,0.0,0.0,0.0,0.0,0.0
1757801,0.0,0.0,0.0,0.0,0.0,1.0,0.0
1758301,0.0,0.0,0.0,0.0,0.0,0.0,0.0
1758940,0.0,0.0,0.0,0.0,0.0,1.0,0.0
1759440,0.0,0.0,0.0,0.0,0.0,0.0,0.0
1760761,0.0,0.0,0.0,0.0,0.0,1.0,0.0
1761261,0.0,0.0,0.0,0.0,0.0,0.0,0.0
1762847,0.0,0.0,0.0,0.0,0.0,1.0,0.0
1763347,0.0,0.0,0.0,0.0,0.0,0.0,0.0
1763430,0.0,0.0,0.0,0.0,0.0,1.0,0.0
1763930,0.0,0.0,0.0,0.0,0.0,0.0,0.0
1765953,0.0,0.0,0.0,0.0,0.0,1.0,0.0
1765961,0.0,0.0,0.0,0.0,0.0,2.0,0.0
1766461,0.0,0.0,0.0,0.0,0.0,0.0,0.0
1767310,0.0,0.0,0.0,0.0,0.0,1.0,0.0
1767810,0.0,0.0,0.0,0.0,0.0,0.0,0.0
1774445,0.0,0.0,0.0,0.0,0.0,1.0,0.0
1774945,0.0,0.0,0.0,0.0,0.0,0.0,0.0
1775606,0.0,0.0,0.0,0.0,0.0,1.0,0.0
1776106,0.0,0.0,0.0,0.0,0.0,0.0,0.0
1777582,0.0,0.0,0.0,0.0,0.0,1.0,0.0
1778082,0.0,0.0,0.0,0.0,0.0,0.0,0.0
1779553,0.0,0.0,0.0,0.0,0.0,1.0,0.0
1780053,0.0,0.0,0.0,0.0,0.0,0.0,0.0
1780525,0.0,0.0,0.0,0.0,0.0,1.0,0.0
1781025,0.0,0.0,0.0,0.0,0.0,0.0,0.0
1782052,0.0,0.0,0.0,0.0,0.0,1.0,0.0
1782552,0.0,0.0,0.0,0.0,0.0,0.0,0.0
1782636,0.0,0.0,0.0,0.0,0.0,1.0,0.0
1783136,0.0,0.0,0.0,0.0,0.0,0.0,0.0
1785519,0.0,0.0,0.0,0.0,0.0,1.0,0.0
1786019,0.0,0.0,0.0,0.0,0.0,0.0,0.0
1786607,0.0,0.0,0.0,0.0,0.0,1.0,0.0
1786608,0.0,0.0,0.0,0.0,0.0,2.0,0.0
1787108,0.0,0.0,0.0,0.0,0.0,0.0,0.0
1791537,0.0,0.0,0.0,0.0,0.0,1.0,0.0
1791715,0.0,0.0,0.0,0.0,0.0,2.0,0.0
1792215,0.0,0.0,0.0,0.0,0.0,0.0,0.0
1793826,0.0,0.0,0.0,0.0,0.0,1.0,0.0
1794326,0.0,0.0,0.0,0.0,0.0,0.0,0.0
1795295,0.0,0.0,0.0,0.0,0.0,1.0,0.0
1795795,0.0,0.0,0.0,0.0,0.0,0.0,0.0
1797874,0.0,0.0,0.0,0.0,0.0,1.0,0.0
1797882,0.0,0.0,0.0,0.0,0.0,2.0,0.0
1798382,0.0,0.0,0.0,0.0,0.0,0.0,0.0
1799224,0.0,0.0,0.0,0.0,0.0,1.0,0.0
1799724,0.0,0.0,0.0,0.0,0.0,0.0,0.0
1800431,0.0,0.0,0.0,0.0,0.0,1.0,0.0
1800931,0.0,0.0,0.0,0.0,0.0,0.0,0.0
1801976,0.0,0.0,0.0,0.0,0.0,1.0,0.0
1802476,0.0,0.0,0.0,0.0,0.0,0.0,0.0
1806737,0.0,0.0,0.0,0.0,0.0,1.0,0.0
1807237,0.0,0.0,0.0,0.0,0.0,0.0,0.0
1807504,0.0,0.0,0.0,0.0,0.0,1.0,0.0
1808004,0.0,0.0,0.0,0.0,0.0,0.0,0.0
1811299,0.0,0.0,0.0,0.0,0.0,1.0,0.0
1811301,0.0,0.0,0.0,0.0,0.0,2.0,0.0
1811801,0.0,0.0,0.0,0.0,0.0,0.0,0.0
1816851,0.0,0.0,0.0,0.0,0.0,1.0,0.0
1817000,0.0,0.0,0.0,0.0,0.0,1.0,1.0
1817351,0.0,0.0,0.0,0.0,0.0,0.0,1.0
1817489,0.0,0.0,0.0,0.0,0.0,1.0,1.0
1817491,0.0,0.0,0.0,0.0,0.0,2.0,1.0
1817500,0.0,0.0,0.0,0.0,0.0,2.0,0.0
1817599,2.0,0.0,0.0,0.0,0.0,2.0,0.0
1817798,2.0,2.0,0.0,0.0,0.0,2.0,0.0
1817991,2.0,2.0,0.0,0.0,0.0,0.0,0.0
1818063,2.0,2.0,0.0,0.0,0.0,1.0,0.0
1818066,2.0,2.0,0.0,0.0,0.0,2.0,0.0
1818099,0.0,2.0,0.0,0.0,0.0,2.0,0.0
1818211,0.0,2.0,0.0,0.0,1.0,2.0,0.0
1818271,2.0,2.0,0.0,0.0,1.0,2.0,0.0
1818298,2.0,0.0,0.0,0.0,1.0,2.0,0.0
1818324,2.0,0.0,0.0,0.0,2.0,2.0,0.0
1818566,2.0,0.0,0.0,0.0,2.0,0.0,0.0
1818771,0.0,0.0,0.0,0.0,2.0,0.0,0.0
1818824,0.0,0.0,0.0,0.0,0.0,0.0,0.0
1819210,0.0,0.0,0.0,0.0,0.0,1.0,0.0
1819212,0.0,0.0,1.0,0.0,0.0,1.0,0.0
1819215,0.0,0.0,1.0,0.0,0.0,2.0,0.0
1819715,0.0,0.0,1.0,0.0,0.0,0.0,0.0
1819929,0.0,0.0,1.0,0.0,0.0,1.0,0.0
1819931,0.0,0.0,1.0,0.0,1.0,1.0,0.0
1820253,0.0,0.0,1.0,0.0,1.0,2.0,0.0
1820431,0.0,0.0,1.0,0.0,0.0,2.0,0.0
1820741,0.0,0.0,2.0,0.0,0.0,2.0,0.0
1820753,0.0,0.0,2.0,0.0,0.0,0.0,0.0
1821023,0.0,0.0,2.0,0.0,0.0,1.0,0.0
1821241,0.0,0.0,0.0,0.0,0.0,1.0,0.0
1821523,0.0,0.0,0.0,0.0,0.0,0.0,0.0
1821656,0.0,0.0,0.0,0.0,0.0,1.0,0.0
1821853,0.0,0.0,0.0,0.0,0.0,2.0,0.0
1822353,0.0,0.0,0.0,0.0,0.0,0.0,0.0
1822393,0.0,0.0,0.0,0.0,0.0,1.0,0.0
1822893,0.0,0.0,0.0,0.0,0.0,0.0,0.0
1823078,0.0,0.0,0.0,0.0,0.0,1.0,0.0
1823578,0.0,0.0,0.0,0.0,0.0,0.0,0.0
1824162,0.0,0.0,0.0,0.0,0.0,1.0,0.0
1824168,0.0,0.0,0.0,0.0,1.0,2.0,0.0
1824668,0.0,0.0,0.0,0.0,0.0,0.0,0.0
1826508,0.0,0.0,0.0,0.0,0.0,1.0,0.0
1827008,0.0,0.0,0.0,0.0,0.0,0.0,0.0
1827009,0.0,0.0,0.0,0.0,0.0,1.0,0.0
1827039,0.0,0.0,0.0,0.0,0.0,2.0,0.0
1827539,0.0,0.0,0.0,0.0,0.0,0.0,0.0
1828490,0.0,0.0,0.0,0.0,0.0,1.0,0.0
1828990,0.0,0.0,0.0,0.0,0.0,0.0,0.0
1829109,0.0,0.0,0.0,0.0,0.0,1.0,0.0
1829609,0.0,0.0,0.0,0.0,0.0,0.0,0.0
1829948,0.0,0.0,1.0,0.0,0.0,0.0,0.0
1830523,0.0,2.0,1.0,0.0,0.0,0.0,0.0
1830826,0.0,2.0,1.0,0.0,0.0,1.0,0.0
1831023,0.0,0.0,1.0,0.0,0.0,1.0,0.0
1831326,0.0,0.0,1.0,0.0,0.0,0.0,0.0
1831339,0.0,0.0,1.0,0.0,0.0,1.0,0.0
1831839,0.0,0.0,1.0,0.0,0.0,0.0,0.0
1832270,0.0,0.0,1.0,0.0,0.0,1.0,0.0
1832673,0.0,0.0,1.0,0.0,0.0,2.0,0.0
1833173,0.0,0.0,1.0,0.0,0.0,0.0,0.0
1834742,0.0,0.0,1.0,0.0,0.0,1.0,0.0
1835242,0.0,0.0,1.0,0.0,0.0,0.0,0.0
1835294,0.0,0.0,1.0,0.0,0.0,1.0,0.0
1835794,0.0,0.0,1.0,0.0,0.0,0.0,0.0
1835923,0.0,0.0,1.0,0.0,0.0,1.0,0.0
1836423,0.0,0.0,1.0,0.0,0.0,0.0,0.0
1837188,0.0,0.0,1.0,0.0,0.0,1.0,0.0
1837688,0.0,0.0,1.0,0.0,0.0,0.0,0.0
1837696,0.0,0.0,1.0,0.0,0.0,1.0,0.0
1838047,0.0,0.0,1.0,0.0,0.0,2.0,0.0
1838547,0.0,0.0,1.0,0.0,0.0,0.0,0.0
1839410,0.0,0.0,1.0,0.0,0.0,1.0,0.0
1839910,0.0,0.0,1.0,0.0,0.0,0.0,0.0
1840059,0.0,0.0,1.0,0.0,0.0,1.0,0.0
1840559,0.0,0.0,1.0,0.0,0.0,0.0,0.0
1840884,0.0,0.0,1.0,0.0,0.0,1.0,0.0
1841384,0.0,0.0,1.0,0.0,0.0,0.0,0.0
1841604,0.0,0.0,1.0,0.0,0.0,1.0,0.0
1842104,0.0,0.0,1.0,0.0,0.0,0.0,0.0
1842210,0.0,0.0,1.0,0.0,0.0,1.0,0.0
1842710,0.0,0.0,1.0,0.0,0.0,0.0,0.0
1842711,0.0,0.0,1.0,0.0,0.0,1.0,0.0
1842820,0.0,0.0,1.0,0.0,0.0,2.0,0.0
1843320,0.0,0.0,1.0,0.0,0.0,0.0,0.0
1843363,0.0,0.0,1.0,0.0,0.0,1.0,0.0
1843863,0.0,0.0,1.0,0.0,0.0,0.0,0.0
1844657,0.0,0.0,1.0,0.0,0.0,1.0,0.0
1845157,0.0,0.0,1.0,0.0,0.0,0.0,0.0
1845805,0.0,0.0,1.0,0.0,0.0,1.0,0.0
1845818,0.0,0.0,1.0,0.0,0.0,2.0,0.0
1846318,0.0,0.0,1.0,0.0,0.0,0.0,0.0
1846587,0.0,0.0,1.0,0.0,0.0,1.0,0.0
1847087,0.0,0.0,1.0,0.0,0.0,0.0,0.0
1847619,0.0,0.0,1.0,0.0,0.0,1.0,0.0
1848119,0.0,0.0,1.0,0.0,0.0,0.0,0.0
1848347,0.0,0.0,1.0,0.0,0.0,1.0,0.0
1848351,0.0,0.0,1.0,0.0,0.0,2.0,0.0
1848851,0.0,0.0,1.0,0.0,0.0,0.0,0.0
1849353,0.0,0.0,1.0,0.0,0.0,1.0,0.0
1849853,0.0,0.0,1.0,0.0,0.0,0.0,0.0
1850594,0.0,0.0,1.0,0.0,0.0,1.0,0.0
1850711,0.0,0.0,1.0,0.0,0.0,2.0,0.0
1851211,0.0,0.0,1.0,0.0,0.0,0.0,0.0
1852317,0.0,0.0,1.0,0.0,0.0,1.0,0.0
1852323,0.0,0.0,1.0,0.0,0.0,2.0,0.0
1852823,0.0,0.0,1.0,0.0,0.0,0.0,0.0
1853236,0.0,0.0,1.0,0.0,0.0,1.0,0.0
1853253,0.0,0.0,1.0,0.0,0.0,2.0,0.0
1853753,0.0,0.0,1.0,0.0,0.0,0.0,0.0
1854097,0.0,0.0,1.0,0.0,0.0,1.0,0.0
1854597,0.0,0.0,1.0,0.0,0.0,0.0,0.0
1854695,0.0,0.0,1.0,0.0,0.0,1.0,0.0
1854740,0.0,0.0,1.0,0.0,0.0,2.0,0.0
1855240,0.0,0.0,1.0,0.0,0.0,0.0,0.0
1855486,0.0,0.0,1.0,0.0,0.0,1.0,0.0
1855489,0.0,0.0,1.0,0.0,0.0,2.0,0.0
1855989,0.0,0.0,1.0,0.0,0.0,0.0,0.0
1857050,0.0,0.0,1.0,0.0,0.0,1.0,0.0
1857550,0.0,0.0,1.0,0.0,0.0,0.0,0.0
1857708,0.0,0.0,1.0,0.0,0.0,1.0,0.0
1857720,0.0,0.0,1.0,0.0,0.0,2.0,0.0
1858220,0.0,0.0,1.0,0.0,0.0,0.0,0.0
1858379,0.0,0.0,1.0,0.0,0.0,1.0,0.0
1858387,0.0,0.0,1.0,0.0,0.0,2.0,0.0
1858887,0.0,0.0,1.0,0.0,0.0,0.0,0.0
1858891,0.0,0.0,1.0,0.0,0.0,1.0,0.0
1858958,0.0,0.0,1.0,0.0,0.0,2.0,0.0
1859458,0.0,0.0,1.0,0.0,0.0,0.0,0.0
1860182,0.0,0.0,1.0,0.0,0.0,1.0,0.0
1860337,0.0,0.0,1.0,0.0,0.0,2.0,0.0
1860837,0.0,0.0,1.0,0.0,0.0,0.0,0.0
1861853,0.0,0.0,1.0,0.0,0.0,1.0,0.0
1862353,0.0,0.0,1.0,0.0,0.0,0.0,0.0
1862514,0.0,0.0,1.0,0.0,0.0,1.0,0.0
1862860,0.0,0.0,1.0,0.0,0.0,2.0,0.0
1863360,0.0,0.0,1.0,0.0,0.0,0.0,0.0
1863765,0.0,0.0,1.0,0.0,0.0,1.0,0.0
1863864,0.0,0.0,1.0,0.0,0.0,2.0,0.0
1864364,0.0,0.0,1.0,0.0,0.0,0.0,0.0
1865816,0.0,0.0,1.0,0.0,0.0,1.0,0.0
1865982,0.0,2.0,1.0,0.0,0.0,1.0,0.0
1865989,0.0,2.0,1.0,0.0,0.0,2.0,0.0
1866179,0.0,2.0,2.0,0.0,0.0,2.0,0.0
1866482,0.0,0.0,2.0,0.0,0.0,2.0,0.0
1866489,0.0,0.0,2.0,0.0,0.0,0.0,0.0
1866500,0.0,0.0,2.0,0.0,0.0,1.0,0.0
1866503,0.0,0.0,2.0,0.0,0.0,2.0,0.0
1866679,0.0,0.0,1.0,0.0,0.0,2.0,0.0
1867003,0.0,0.0,1.0,0.0,0.0,0.0,0.0
1867004,0.0,0.0,1.0,0.0,0.0,1.0,0.0
1867217,0.0,0.0,1.0,0.0,0.0,2.0,0.0
1867717,0.0,0.0,1.0,0.0,0.0,0.0,0.0
1868679,0.0,0.0,0.0,0.0,0.0,0.0,0.0
1868680,0.0,0.0,1.0,0.0,0.0,0.0,0.0
1868854,0.0,0.0,1.0,0.0,0.0,1.0,0.0
1868886,0.0,0.0,1.0,0.0,0.0,2.0,0.0
1869180,0.0,0.0,0.0,0.0,0.0,2.0,0.0
1869184,0.0,0.0,1.0,0.0,0.0,2.0,0.0
1869386,0.0,0.0,1.0,0.0,0.0,0.0,0.0
1870482,0.0,0.0,1.0,0.0,0.0,1.0,0.0
1870859,0.0,0.0,1.0,0.0,0.0,2.0,0.0
1871359,0.0,0.0,1.0,0.0,0.0,0.0,0.0
1871684,0.0,0.0,0.0,0.0,0.0,0.0,0.0
1872028,0.0,0.0,0.0,0.0,0.0,1.0,0.0
1872528,0.0,0.0,0.0,0.0,0.0,0.0,0.0
1872554,0.0,0.0,0.0,0.0,0.0,1.0,0.0
1872720,0.0,0.0,0.0,0.0,0.0,2.0,0.0
1873220,0.0,0.0,0.0,0.0,0.0,0.0,0.0
1873303,0.0,0.0,0.0,0.0,0.0,1.0,0.0
1873803,0.0,0.0,0.0,0.0,0.0,0.0,0.0
1873843,0.0,0.0,0.0,0.0,0.0,1.0,0.0
1874142,0.0,0.0,0.0,0.0,0.0,2.0,0.0
1874427,0.0,0.0,1.0,0.0,0.0,2.0,0.0
1874642,0.0,0.0,1.0,0.0,0.0,0.0,0.0
1875427,0.0,0.0,0.0,0.0,0.0,0.0,0.0
1875567,0.0,0.0,1.0,0.0,0.0,0.0,0.0
1875573,0.0,0.0,1.0,0.0,0.0,1.0,0.0
1876073,0.0,0.0,1.0,0.0,0.0,0.0,0.0
1876755,0.0,0.0,1.0,0.0,0.0,1.0,0.0
1877067,0.0,0.0,0.0,0.0,0.0,1.0,0.0
1877255,0.0,0.0,0.0,0.0,0.0,0.0,0.0
1877505,0.0,0.0,0.0,0.0,0.0,1.0,0.0
1878005,0.0,0.0,0.0,0.0,0.0,0.0,0.0
1878154,0.0,0.0,0.0,0.0,0.0,1.0,0.0
1878654,0.0,0.0,0.0,0.0,0.0,0.0,0.0
1878818,0.0,0.0,0.0,0.0,0.0,1.0,0.0
1879291,0.0,0.0,0.0,0.0,0.0,2.0,0.0
1879791,0.0,0.0,0.0,0.0,0.0,0.0,0.0
1879868,0.0,0.0,0.0,0.0,0.0,1.0,0.0
1880368,0.0,0.0,0.0,0.0,0.0,0.0,0.0
1880375,0.0,0.0,0.0,0.0,0.0,1.0,0.0
1880875,0.0,0.0,0.0,0.0,0.0,0.0,0.0
1881605,0.0,0.0,0.0,0.0,0.0,1.0,0.0
1881619,0.0,0.0,0.0,0.0,0.0,2.0,0.0
1882119,0.0,0.0,0.0,0.0,0.0,0.0,0.0
1882373,0.0,0.0,0.0,0.0,0.0,1.0,0.0
1882587,0.0,0.0,1.0,0.0,0.0,1.0,0.0
1882589,0.0,0.0,1.0,0.0,0.0,2.0,0.0
1882899,0.0,2.0,1.0,0.0,0.0,2.0,0.0
1883089,0.0,2.0,1.0,0.0,0.0,0.0,0.0
1883325,0.0,2.0,1.0,0.0,0.0,1.0,0.0
1883399,0.0,0.0,1.0,0.0,0.0,1.0,0.0
1883825,0.0,0.0,1.0,0.0,0.0,0.0,0.0
1884466,0.0,0.0,1.0,0.0,0.0,1.0,0.0
1884966,0.0,0.0,1.0,0.0,0.0,0.0,0.0
1885419,0.0,0.0,1.0,0.0,0.0,1.0,0.0
1885919,0.0,0.0,1.0,0.0,0.0,0.0,0.0
1886036,0.0,0.0,1.0,0.0,0.0,1.0,0.0
1886536,0.0,0.0,1.0,0.0,0.0,0.0,0.0
1887087,0.0,0.0,0.0,0.0,0.0,0.0,0.0
1887089,0.0,0.0,1.0,0.0,0.0,0.0,0.0
1887626,0.0,0.0,1.0,0.0,0.0,1.0,0.0
1888126,0.0,0.0,1.0,0.0,0.0,0.0,0.0
1888589,0.0,0.0,0.0,0.0,0.0,0.0,0.0
1888615,0.0,0.0,1.0,0.0,0.0,0.0,0.0
1889087,0.0,0.0,1.0,0.0,0.0,1.0,0.0
1889094,0.0,0.0,1.0,0.0,0.0,2.0,0.0
1889115,0.0,0.0,0.0,0.0,0.0,2.0,0.0
1889594,0.0,0.0,0.0,0.0,0.0,0.0,0.0
1890619,0.0,0.0,0.0,0.0,0.0,1.0,0.0
1890622,0.0,0.0,0.0,0.0,0.0,2.0,0.0
1891122,0.0,0.0,0.0,0.0,0.0,0.0,0.0
1893117,0.0,0.0,0.0,0.0,0.0,1.0,0.0
1893617,0.0,0.0,0.0,0.0,0.0,0.0,0.0
1894236,0.0,0.0,0.0,0.0,0.0,1.0,0.0
1894242,0.0,0.0,0.0,0.0,0.0,2.0,0.0
1894742,0.0,0.0,0.0,0.0,0.0,0.0,0.0
1895580,0.0,0.0,0.0,0.0,0.0,1.0,0.0
1895897,0.0,0.0,0.0,0.0,0.0,2.0,0.0
1896397,0.0,0.0,0.0,0.0,0.0,0.0,0.0
1896941,0.0,0.0,0.0,0.0,0.0,1.0,0.0
1896944,0.0,0.0,0.0,0.0,0.0,2.0,0.0
1897444,0.0,0.0,0.0,0.0,0.0,0.0,0.0
1897628,0.0,0.0,0.0,0.0,0.0,1.0,0.0
1897633,0.0,0.0,0.0,0.0,0.0,2.0,0.0
1898133,0.0,0.0,0.0,0.0,0.0,0.0,0.0
1898478,0.0,0.0,0.0,0.0,0.0,1.0,0.0
1898978,0.0,0.0,0.0,0.0,0.0,0.0,0.0
1898980,0.0,0.0,0.0,0.0,0.0,1.0,0.0
1899250,0.0,0.0,0.0,0.0,0.0,2.0,0.0
1899750,0.0,0.0,0.0,0.0,0.0,0.0,0.0
1899767,0.0,0.0,0.0,0.0,0.0,1.0,0.0
1900267,0.0,0.0,0.0,0.0,0.0,0.0,0.0
1900316,0.0,0.0,0.0,0.0,0.0,1.0,0.0
1900319,0.0,0.0,0.0,0.0,0.0,2.0,0.0
1900819,0.0,0.0,0.0,0.0,0.0,0.0,0.0
1901733,0.0,0.0,0.0,0.0,0.0,1.0,0.0
1901758,0.0,0.0,0.0,0.0,0.0,2.0,0.0
1902258,0.0,0.0,0.0,0.0,0.0,0.0,0.0
1902545,0.0,0.0,0.0,0.0,0.0,1.0,0.0
1903045,0.0,0.0,0.0,0.0,0.0,0.0,0.0
1904570,0.0,0.0,0.0,0.0,0.0,1.0,0.0
1904923,0.0,0.0,0.0,0.0,1.0,1.0,0.0
1904924,0.0,0.0,0.0,0.0,1.0,2.0,0.0
1905423,0.0,0.0,0.0,0.0,0.0,2.0,0.0
1905424,0.0,0.0,0.0,0.0,0.0,0.0,0.0
1906464,0.0,0.0,0.0,0.0,0.0,1.0,0.0
1906964,0.0,0.0,0.0,0.0,0.0,0.0,0.0
1908588,0.0,0.0,0.0,0.0,0.0,1.0,0.0
1908594,0.0,0.0,0.0,0.0,1.0,2.0,0.0
1909094,0.0,0.0,0.0,0.0,0.0,0.0,0.0
1910398,0.0,0.0,0.0,0.0,0.0,1.0,0.0
1910786,0.0,0.0,0.0,0.0,0.0,2.0,0.0
1911286,0.0,0.0,0.0,0.0,0.0,0.0,0.0
1911788,0.0,0.0,0.0,0.0,0.0,1.0,0.0
1912288,0.0,0.0,0.0,0.0,0.0,0.0,0.0
1912526,0.0,0.0,0.0,0.0,0.0,1.0,0.0
1913026,0.0,0.0,0.0,0.0,0.0,0.0,0.0
1913309,0.0,0.0,0.0,0.0,0.0,1.0,0.0
1913809,0.0,0.0,0.0,0.0,0.0,0.0,0.0
1914377,0.0,0.0,0.0,0.0,0.0,1.0,0.0
1914391,0.0,0.0,0.0,0.0,0.0,2.0,0.0
1914891,0.0,0.0,0.0,0.0,0.0,0.0,0.0
1915648,0.0,0.0,0.0,0.0,0.0,1.0,0.0
1916018,0.0,2.0,0.0,0.0,0.0,1.0,0.0
1916148,0.0,2.0,0.0,0.0,0.0,0.0,0.0
1916229,0.0,2.0,0.0,0.0,0.0,1.0,0.0
1916518,0.0,0.0,0.0,0.0,0.0,1.0,0.0
1916566,0.0,0.0,0.0,0.0,0.0,2.0,0.0
1917066,0.0,0.0,0.0,0.0,0.0,0.0,0.0
1920280,0.0,0.0,0.0,0.0,0.0,1.0,0.0
1920780,0.0,0.0,0.0,0.0,0.0,0.0,0.0
1926158,0.0,0.0,0.0,0.0,1.0,0.0,0.0
1926190,0.0,0.0,0.0,0.0,1.0,1.0,0.0
1926658,0.0,0.0,0.0,0.0,0.0,1.0,0.0
1926690,0.0,0.0,0.0,0.0,0.0,0.0,0.0
1926734,0.0,0.0,0.0,0.0,0.0,1.0,0.0
1927234,0.0,0.0,0.0,0.0,0.0,0.0,0.0
1927307,0.0,0.0,0.0,0.0,1.0,0.0,0.0
1927365,0.0,0.0,0.0,0.0,1.0,1.0,0.0
1927807,0.0,0.0,0.0,0.0,0.0,1.0,0.0
1927865,0.0,0.0,0.0,0.0,0.0,0.0,0.0
1928281,0.0,0.0,0.0,0.0,0.0,1.0,0.0
1928661,0.0,0.0,0.0,0.0,0.0,2.0,0.0
1929161,0.0,0.0,0.0,0.0,0.0,0.0,0.0
1930480,0.0,0.0,0.0,0.0,0.0,1.0,0.0
1930980,0.0,0.0,0.0,0.0,0.0,0.0,0.0
1931659,0.0,0.0,0.0,0.0,0.0,1.0,0.0
1932159,0.0,0.0,0.0,0.0,0.0,0.0,0.0
1933513,0.0,0.0,0.0,0.0,0.0,1.0,0.0
1934013,0.0,0.0,0.0,0.0,0.0,0.0,0.0
1935533,0.0,0.0,0.0,0.0,0.0,1.0,0.0
1936033,0.0,0.0,0.0,0.0,0.0,0.0,0.0
1936797,0.0,0.0,0.0,0.0,0.0,1.0,0.0
1937297,0.0,0.0,0.0,0.0,0.0,0.0,0.0
1938107,0.0,0.0,0.0,0.0,0.0,1.0,0.0
1938607,0.0,0.0,0.0,0.0,0.0,0.0,0.0
1939388,0.0,0.0,0.0,0.0,0.0,1.0,0.0
1939888,0.0,0.0,0.0,0.0,0.0,0.0,0.0
1940446,0.0,0.0,0.0,0.0,0.0,1.0,0.0
1940946,0.0,0.0,0.0,0.0,0.0,0.0,0.0
1941060,0.0,0.0,0.0,0.0,0.0,1.0,0.0
1941560,0.0,0.0,0.0,0.0,0.0,0.0,0.0
1942405,0.0,0.0,0.0,0.0,0.0,1.0,0.0
1942492,0.0,0.0,0.0,0.0,0.0,2.0,0.0
1942992,0.0,0.0,0.0,0.0,0.0,0.0,0.0
1943181,0.0,0.0,0.0,0.0,0.0,1.0,0.0
1943197,0.0,0.0,0.0,0.0,0.0,2.0,0.0
1943697,0.0,0.0,0.0,0.0,0.0,0.0,0.0
1943886,0.0,0.0,0.0,0.0,0.0,1.0,0.0
1944386,0.0,0.0,0.0,0.0,0.0,0.0,0.0
1945247,0.0,0.0,0.0,0.0,0.0,1.0,0.0
1945747,0.0,0.0,0.0,0.0,0.0,0.0,0.0
1951533,0.0,0.0,0.0,0.0,0.0,1.0,0.0
1952033,0.0,0.0,0.0,0.0,0.0,0.0,0.0
1952054,0.0,0.0,0.0,0.0,0.0,1.0,0.0
1952554,0.0,0.0,0.0,0.0,0.0,0.0,0.0
1953184,0.0,0.0,0.0,0.0,0.0,1.0,0.0
1953684,0.0,0.0,0.0,0.0,0.0,0.0,0.0
1954141,0.0,0.0,0.0,0.0,0.0,1.0,0.0
1954641,0.0,0.0,0.0,0.0,0.0,0.0,0.0
1954650,0.0,0.0,0.0,0.0,0.0,1.0,0.0
1955150,0.0,0.0,0.0,0.0,0.0,0.0,0.0
1955213,0.0,0.0,0.0,0.0,0.0,1.0,0.0
1955215,0.0,0.0,0.0,0.0,0.0,2.0,0.0
1955715,0.0,0.0,0.0,0.0,0.0,0.0,0.0
1956897,0.0,0.0,0.0,0.0,0.0,1.0,0.0
1957397,0.0,0.0,0.0,0.0,0.0,0.0,0.0
1957587,0.0,0.0,0.0,0.0,0.0,1.0,0.0
1958087,0.0,0.0,0.0,0.0,0.0,0.0,0.0
1958423,0.0,0.0,0.0,0.0,0.0,1.0,0.0
1958923,0.0,0.0,0.0,0.0,0.0,0.0,0.0
1959912,0.0,0.0,0.0,0.0,0.0,1.0,0.0
1960412,0.0,0.0,0.0,0.0,0.0,0.0,0.0
1963217,0.0,0.0,0.0,0.0,0.0,1.0,0.0
1963717,0.0,0.0,0.0,0.0,0.0,0.0,0.0
1964127,0.0,0.0,0.0,0.0,0.0,1.0,0.0
1964366,0.0,0.0,0.0,0.0,0.0,2.0,0.0
1964866,0.0,0.0,0.0,0.0,0.0,0.0,0.0
1966563,0.0,0.0,0.0,0.0,0.0,1.0,0.0
1966565,0.0,0.0,0.0,0.0,0.0,2.0,0.0
1967065,0.0,0.0,0.0,0.0,0.0,0.0,0.0
1969571,0.0,0.0,0.0,0.0,0.0,1.0,0.0
1970071,0.0,0.0,0.0,0.0,0.0,0.0,0.0
1972511,0.0,0.0,0.0,0.0,0.0,1.0,0.0
1973011,0.0,0.0,0.0,0.0,0.0,0.0,0.0
1973727,0.0,0.0,0.0,0.0,0.0,1.0,0.0
1973729,0.0,0.0,0.0,0.0,0.0,2.0,0.0
1974229,0.0,0.0,0.0,0.0,0.0,0.0,0.0
1975824,0.0,0.0,0.0,0.0,0.0,1.0,0.0
1976324,0.0,0.0,0.0,0.0,0.0,0.0,0.0
1976803,0.0,0.0,0.0,0.0,0.0,1.0,0.0
1976804,0.0,0.0,0.0,0.0,0.0,2.0,0.0
1977304,0.0,0.0,0.0,0.0,0.0,0.0,0.0
1977447,0.0,0.0,0.0,0.0,0.0,1.0,0.0
1977947,0.0,0.0,0.0,0.0,0.0,0.0,0.0
1978361,0.0,0.0,0.0,0.0,0.0,1.0,0.0
1978861,0.0,0.0,0.0,0.0,0.0,0.0,0.0
1979178,0.0,0.0,0.0,0.0,0.0,1.0,0.0
1979678,0.0,0.0,0.0,0.0,0.0,0.0,0.0
1981741,0.0,0.0,0.0,0.0,0.0,1.0,0.0
1982241,0.0,0.0,0.0,0.0,0.0,0.0,0.0
1983260,0.0,0.0,0.0,0.0,0.0,1.0,0.0
1983760,0.0,0.0,0.0,0.0,0.0,0.0,0.0
1984916,0.0,0.0,0.0,0.0,0.0,1.0,0.0
1985416,0.0,0.0,0.0,0.0,0.0,0.0,0.0
1985780,0.0,0.0,0.0,0.0,0.0,1.0,0.0
1986280,0.0,0.0,0.0,0.0,0.0,0.0,0.0
1988048,0.0,0.0,0.0,0.0,0.0,1.0,0.0
1988548,0.0,0.0,0.0,0.0,0.0,0.0,0.0
1989718,0.0,0.0,0.0,0.0,0.0,1.0,0.0
1989720,0.0,0.0,0.0,0.0,0.0,2.0,0.0
1989722,0.0,0.0,0.0,0.0,1.0,2.0,0.0
1990220,0.0,0.0,0.0,0.0,1.0,0.0,0.0
1990222,0.0,0.0,0.0,0.0,0.0,0.0,0.0
1990280,0.0,0.0,0.0,0.0,0.0,1.0,0.0
1990780,0.0,0.0,0.0,0.0,0.0,0.0,0.0
1994106,0.0,0.0,0.0,0.0,0.0,1.0,0.0
1994606,0.0,0.0,0.0,0.0,0.0,0.0,0.0
1995824,0.0,0.0,0.0,0.0,0.0,1.0,0.0
1996324,0.0,0.0,0.0,0.0,0.0,0.0,0.0
1996379,0.0,0.0,0.0,0.0,0.0,1.0,0.0
1996879,0.0,0.0,0.0,0.0,0.0,0.0,0.0
1997802,0.0,0.0,0.0,0.0,1.0,0.0,0.0
1998302,0.0,0.0,0.0,0.0,0.0,0.0,0.0
2000053,0.0,0.0,0.0,0.0,0.0,1.0,0.0
2000553,0.0,0.0,0.0,0.0,0.0,0.0,0.0
2001167,0.0,0.0,0.0,0.0,0.0,1.0,0.0
2001461,0.0,0.0,0.0,0.0,0.0,2.0,0.0
2001961,0.0,0.0,0.0,0.0,0.0,0.0,0.0
2008065,0.0,0.0,0.0,0.0,0.0,1.0,0.0
2008565,0.0,0.0,0.0,0.0,0.0,0.0,0.0
2009401,0.0,0.0,0.0,0.0,1.0,0.0,0.0
2009703,0.0,0.0,0.0,0.0,1.0,1.0,0.0
2009719,0.0,0.0,0.0,0.0,1.0,2.0,0.0
2009901,0.0,0.0,0.0,0.0,0.0,2.0,0.0
2010219,0.0,0.0,0.0,0.0,0.0,0.0,0.0
2011260,0.0,0.0,0.0,0.0,0.0,1.0,0.0
2011760,0.0,0.0,0.0,0.0,0.0,0.0,0.0
2013590,0.0,0.0,0.0,0.0,0.0,1.0,0.0
2014090,0.0,0.0,0.0,0.0,0.0,0.0,0.0
2016423,0.0,0.0,0.0,0.0,0.0,1.0,0.0
2016923,0.0,0.0,0.0,0.0,0.0,0.0,0.0
2019000,0.0,0.0,0.0,0.0,0.0,0.0,1.0
2019373,0.0,0.0,0.0,0.0,0.0,1.0,1.0
2019500,0.0,0.0,0.0,0.0,0.0,1.0,0.0
2019709,0.0,2.0,0.0,0.0,0.0,1.0,0.0
2019710,0.0,2.0,0.0,0.0,0.0,2.0,0.0
2019711,2.0,2.0,0.0,0.0,0.0,2.0,0.0
2019889,2.0,2.0,0.0,0.0,1.0,2.0,0.0
2019952,2.0,2.0,0.0,0.0,2.0,2.0,0.0
2020209,2.0,0.0,0.0,0.0,2.0,2.0,0.0
2020210,2.0,0.0,0.0,0.0,2.0,0.0,0.0
2020211,0.0,0.0,0.0,0.0,2.0,0.0,0.0
2020324,0.0,0.0,0.0,0.0,2.0,1.0,0.0
2020328,0.0,0.0,0.0,0.0,2.0,2.0,0.0
2020452,0.0,0.0,0.0,0.0,0.0,2.0,0.0
