,ADWIN,CUSUM,DDM,GeometricMovingAverage,HDDMAverage,HDDMWeighted,Ground-truth
93,0.0,0.0,1.0,0.0,0.0,0.0,0.0
101,0.0,0.0,1.0,0.0,0.0,1.0,0.0
593,0.0,0.0,0.0,0.0,0.0,1.0,0.0
601,0.0,0.0,0.0,0.0,0.0,0.0,0.0
1353,0.0,0.0,0.0,0.0,0.0,1.0,0.0
1357,0.0,0.0,0.0,0.0,0.0,2.0,0.0
1857,0.0,0.0,0.0,0.0,0.0,0.0,0.0
2065,0.0,0.0,0.0,0.0,0.0,1.0,0.0
2526,0.0,0.0,0.0,0.0,0.0,2.0,0.0
3026,0.0,0.0,0.0,0.0,0.0,0.0,0.0
3390,0.0,0.0,0.0,0.0,0.0,1.0,0.0
3890,0.0,0.0,0.0,0.0,0.0,0.0,0.0
4021,0.0,0.0,0.0,0.0,0.0,1.0,0.0
4052,0.0,0.0,0.0,0.0,0.0,2.0,0.0
4552,0.0,0.0,0.0,0.0,0.0,0.0,0.0
4918,0.0,0.0,0.0,0.0,0.0,1.0,0.0
5359,0.0,0.0,0.0,0.0,0.0,2.0,0.0
5751,0.0,2.0,0.0,0.0,0.0,2.0,0.0
5859,0.0,2.0,0.0,0.0,0.0,0.0,0.0
5939,0.0,2.0,0.0,0.0,0.0,1.0,0.0
5945,0.0,2.0,0.0,0.0,0.0,2.0,0.0
6251,0.0,0.0,0.0,0.0,0.0,2.0,0.0
6445,0.0,0.0,0.0,0.0,0.0,0.0,0.0
6927,0.0,0.0,0.0,0.0,0.0,1.0,0.0
7427,0.0,0.0,0.0,0.0,0.0,0.0,0.0
7665,0.0,0.0,0.0,0.0,0.0,1.0,0.0
8165,0.0,0.0,0.0,0.0,0.0,0.0,0.0
8586,0.0,0.0,0.0,0.0,0.0,1.0,0.0
9086,0.0,0.0,0.0,0.0,0.0,0.0,0.0
9917,0.0,0.0,0.0,0.0,0.0,1.0,0.0
9960,0.0,0.0,0.0,0.0,0.0,2.0,0.0
10460,0.0,0.0,0.0,0.0,0.0,0.0,0.0
10536,0.0,0.0,0.0,0.0,0.0,1.0,0.0
10543,0.0,0.0,0.0,0.0,0.0,2.0,0.0
11043,0.0,0.0,0.0,0.0,0.0,0.0,0.0
11883,0.0,0.0,0.0,0.0,0.0,1.0,0.0
12383,0.0,0.0,0.0,0.0,0.0,0.0,0.0
13606,0.0,0.0,0.0,0.0,0.0,1.0,0.0
13618,0.0,0.0,0.0,0.0,0.0,2.0,0.0
14118,0.0,0.0,0.0,0.0,0.0,0.0,0.0
14847,0.0,0.0,0.0,0.0,0.0,1.0,0.0
15347,0.0,0.0,0.0,0.0,0.0,0.0,0.0
15511,0.0,0.0,0.0,0.0,0.0,1.0,0.0
15553,0.0,0.0,0.0,0.0,0.0,2.0,0.0
16053,0.0,0.0,0.0,0.0,0.0,0.0,0.0
17478,0.0,0.0,0.0,0.0,0.0,1.0,0.0
17485,0.0,0.0,0.0,0.0,1.0,2.0,0.0
17985,0.0,0.0,0.0,0.0,0.0,0.0,0.0
18192,0.0,0.0,0.0,0.0,0.0,1.0,0.0
18195,0.0,0.0,0.0,0.0,0.0,2.0,0.0
18695,0.0,0.0,0.0,0.0,0.0,0.0,0.0
19064,0.0,0.0,0.0,0.0,0.0,1.0,0.0
19075,0.0,0.0,0.0,0.0,0.0,2.0,0.0
19575,0.0,0.0,0.0,0.0,0.0,0.0,0.0
20338,0.0,0.0,0.0,0.0,0.0,1.0,0.0
20838,0.0,0.0,0.0,0.0,0.0,0.0,0.0
20852,0.0,0.0,0.0,0.0,0.0,1.0,0.0
21047,0.0,0.0,0.0,0.0,0.0,2.0,0.0
21547,0.0,0.0,0.0,0.0,0.0,0.0,0.0
21846,0.0,0.0,0.0,0.0,0.0,1.0,0.0
21856,0.0,0.0,0.0,0.0,0.0,2.0,0.0
22356,0.0,0.0,0.0,0.0,0.0,0.0,0.0
22434,0.0,0.0,0.0,0.0,0.0,1.0,0.0
22934,0.0,0.0,0.0,0.0,0.0,0.0,0.0
23419,0.0,0.0,0.0,0.0,0.0,1.0,0.0
23855,0.0,0.0,0.0,0.0,0.0,2.0,0.0
24355,0.0,0.0,0.0,0.0,0.0,0.0,0.0
24659,0.0,0.0,0.0,0.0,0.0,1.0,0.0
25159,0.0,0.0,0.0,0.0,0.0,0.0,0.0
25294,0.0,0.0,0.0,0.0,0.0,1.0,0.0
25684,0.0,0.0,0.0,0.0,0.0,2.0,0.0
26184,0.0,0.0,0.0,0.0,0.0,0.0,0.0
26553,0.0,0.0,0.0,0.0,0.0,1.0,0.0
27053,0.0,0.0,0.0,0.0,0.0,0.0,0.0
27061,0.0,0.0,0.0,0.0,0.0,1.0,0.0
27561,0.0,0.0,0.0,0.0,0.0,0.0,0.0
28041,0.0,0.0,0.0,0.0,0.0,1.0,0.0
28541,0.0,0.0,0.0,0.0,0.0,0.0,0.0
28671,0.0,0.0,0.0,0.0,0.0,1.0,0.0
29171,0.0,0.0,0.0,0.0,0.0,0.0,0.0
29554,0.0,0.0,0.0,0.0,0.0,1.0,0.0
29557,0.0,0.0,0.0,0.0,0.0,2.0,0.0
30057,0.0,0.0,0.0,0.0,0.0,0.0,0.0
30446,0.0,0.0,0.0,0.0,0.0,1.0,0.0
30946,0.0,0.0,0.0,0.0,0.0,0.0,0.0
31095,0.0,0.0,0.0,0.0,0.0,1.0,0.0
31595,0.0,0.0,0.0,0.0,0.0,0.0,0.0
31826,0.0,0.0,0.0,0.0,0.0,1.0,0.0
32326,0.0,0.0,0.0,0.0,0.0,0.0,0.0
32989,0.0,0.0,0.0,0.0,0.0,1.0,0.0
33148,0.0,0.0,0.0,0.0,0.0,2.0,0.0
33648,0.0,0.0,0.0,0.0,0.0,0.0,0.0
33689,0.0,0.0,0.0,0.0,0.0,1.0,0.0
33700,0.0,0.0,0.0,0.0,1.0,1.0,0.0
33704,0.0,0.0,0.0,0.0,1.0,2.0,0.0
33719,0.0,0.0,0.0,0.0,2.0,2.0,0.0
34204,0.0,0.0,0.0,0.0,2.0,0.0,0.0
34219,0.0,0.0,0.0,0.0,0.0,0.0,0.0
34235,0.0,0.0,0.0,0.0,0.0,1.0,0.0
34312,0.0,0.0,0.0,0.0,0.0,2.0,0.0
34812,0.0,0.0,0.0,0.0,0.0,0.0,0.0
35066,0.0,0.0,0.0,0.0,0.0,1.0,0.0
35394,0.0,0.0,0.0,0.0,0.0,2.0,0.0
35894,0.0,0.0,0.0,0.0,0.0,0.0,0.0
36727,0.0,0.0,0.0,0.0,0.0,1.0,0.0
36795,0.0,2.0,0.0,0.0,0.0,1.0,0.0
37103,0.0,2.0,0.0,0.0,0.0,2.0,0.0
37295,0.0,0.0,0.0,0.0,0.0,2.0,0.0
37603,0.0,0.0,0.0,0.0,0.0,0.0,0.0
37863,0.0,0.0,0.0,0.0,0.0,1.0,0.0
38363,0.0,0.0,0.0,0.0,0.0,0.0,0.0
38466,0.0,0.0,0.0,0.0,0.0,1.0,0.0
38966,0.0,0.0,0.0,0.0,0.0,0.0,0.0
39266,0.0,0.0,0.0,0.0,0.0,1.0,0.0
39766,0.0,0.0,0.0,0.0,0.0,0.0,0.0
39818,0.0,0.0,0.0,0.0,0.0,1.0,0.0
39829,0.0,0.0,0.0,0.0,1.0,1.0,0.0
39834,0.0,0.0,0.0,0.0,1.0,2.0,0.0
40329,0.0,0.0,0.0,0.0,0.0,2.0,0.0
40334,0.0,0.0,0.0,0.0,0.0,0.0,0.0
40403,0.0,0.0,0.0,0.0,0.0,1.0,0.0
40611,0.0,0.0,0.0,0.0,0.0,2.0,0.0
41111,0.0,0.0,0.0,0.0,0.0,0.0,0.0
41158,0.0,0.0,0.0,0.0,0.0,1.0,0.0
41658,0.0,0.0,0.0,0.0,0.0,0.0,0.0
42185,0.0,0.0,0.0,0.0,0.0,1.0,0.0
42188,0.0,0.0,0.0,0.0,0.0,2.0,0.0
42688,0.0,0.0,0.0,0.0,0.0,0.0,0.0
42949,0.0,0.0,0.0,0.0,0.0,1.0,0.0
42952,0.0,0.0,0.0,0.0,0.0,2.0,0.0
43452,0.0,0.0,0.0,0.0,0.0,0.0,0.0
45130,0.0,0.0,0.0,0.0,0.0,1.0,0.0
45133,0.0,0.0,0.0,0.0,0.0,2.0,0.0
45633,0.0,0.0,0.0,0.0,0.0,0.0,0.0
46009,0.0,0.0,0.0,0.0,0.0,1.0,0.0
46251,0.0,0.0,0.0,0.0,0.0,2.0,0.0
46751,0.0,0.0,0.0,0.0,0.0,0.0,0.0
46901,0.0,2.0,0.0,0.0,0.0,0.0,0.0
47329,0.0,2.0,0.0,0.0,0.0,1.0,0.0
47401,0.0,0.0,0.0,0.0,0.0,1.0,0.0
47829,0.0,0.0,0.0,0.0,0.0,0.0,0.0
48212,0.0,0.0,0.0,0.0,0.0,1.0,0.0
48712,0.0,0.0,0.0,0.0,0.0,0.0,0.0
48794,0.0,0.0,0.0,0.0,0.0,1.0,0.0
49294,0.0,0.0,0.0,0.0,0.0,0.0,0.0
49373,0.0,0.0,0.0,0.0,0.0,1.0,0.0
49785,0.0,0.0,0.0,0.0,0.0,2.0,0.0
50285,0.0,0.0,0.0,0.0,0.0,0.0,0.0
50639,0.0,0.0,0.0,0.0,0.0,1.0,0.0
51139,0.0,0.0,0.0,0.0,0.0,0.0,0.0
51217,0.0,0.0,0.0,0.0,0.0,1.0,0.0
51717,0.0,0.0,0.0,0.0,0.0,0.0,0.0
51963,0.0,0.0,0.0,0.0,0.0,1.0,0.0
51970,0.0,0.0,0.0,0.0,0.0,2.0,0.0
52470,0.0,0.0,0.0,0.0,0.0,0.0,0.0
53602,0.0,0.0,0.0,0.0,0.0,1.0,0.0
53879,0.0,0.0,0.0,0.0,1.0,1.0,0.0
54102,0.0,0.0,0.0,0.0,1.0,0.0,0.0
54167,0.0,0.0,0.0,0.0,1.0,1.0,0.0
54379,0.0,0.0,0.0,0.0,0.0,1.0,0.0
54667,0.0,0.0,0.0,0.0,0.0,0.0,0.0
54793,0.0,0.0,0.0,0.0,0.0,1.0,0.0
55161,0.0,0.0,0.0,0.0,0.0,2.0,0.0
55661,0.0,0.0,0.0,0.0,0.0,0.0,0.0
56269,0.0,0.0,0.0,0.0,0.0,1.0,0.0
56769,0.0,0.0,0.0,0.0,0.0,0.0,0.0
57104,0.0,0.0,0.0,0.0,0.0,1.0,0.0
57270,0.0,0.0,0.0,0.0,0.0,2.0,0.0
57770,0.0,0.0,0.0,0.0,0.0,0.0,0.0
57784,0.0,0.0,0.0,0.0,0.0,1.0,0.0
57931,0.0,2.0,0.0,0.0,0.0,1.0,0.0
58284,0.0,2.0,0.0,0.0,0.0,0.0,0.0
58431,0.0,0.0,0.0,0.0,0.0,0.0,0.0
59175,0.0,0.0,0.0,0.0,1.0,0.0,0.0
59182,0.0,0.0,0.0,0.0,1.0,1.0,0.0
59325,0.0,0.0,0.0,0.0,1.0,2.0,0.0
59675,0.0,0.0,0.0,0.0,0.0,2.0,0.0
59825,0.0,0.0,0.0,0.0,0.0,0.0,0.0
59877,0.0,0.0,0.0,0.0,0.0,1.0,0.0
60377,0.0,0.0,0.0,0.0,0.0,0.0,0.0
61479,0.0,0.0,0.0,0.0,0.0,1.0,0.0
61979,0.0,0.0,0.0,0.0,0.0,0.0,0.0
62247,0.0,0.0,0.0,0.0,0.0,1.0,0.0
62266,0.0,0.0,0.0,0.0,0.0,2.0,0.0
62766,0.0,0.0,0.0,0.0,0.0,0.0,0.0
62782,0.0,0.0,0.0,0.0,0.0,1.0,0.0
62791,0.0,0.0,0.0,0.0,0.0,2.0,0.0
63291,0.0,0.0,0.0,0.0,0.0,0.0,0.0
63307,0.0,0.0,0.0,0.0,0.0,1.0,0.0
63369,0.0,0.0,0.0,0.0,0.0,2.0,0.0
63869,0.0,0.0,0.0,0.0,0.0,0.0,0.0
63927,0.0,0.0,0.0,0.0,0.0,1.0,0.0
63933,0.0,0.0,0.0,0.0,0.0,2.0,0.0
64433,0.0,0.0,0.0,0.0,0.0,0.0,0.0
65594,0.0,0.0,0.0,0.0,0.0,1.0,0.0
65597,0.0,0.0,0.0,0.0,0.0,2.0,0.0
66097,0.0,0.0,0.0,0.0,0.0,0.0,0.0
66330,0.0,0.0,0.0,0.0,0.0,1.0,0.0
66830,0.0,0.0,0.0,0.0,0.0,0.0,0.0
67083,0.0,0.0,0.0,0.0,0.0,1.0,0.0
67385,0.0,0.0,0.0,0.0,0.0,2.0,0.0
67885,0.0,0.0,0.0,0.0,0.0,0.0,0.0
69085,0.0,0.0,0.0,0.0,0.0,1.0,0.0
69585,0.0,0.0,0.0,0.0,0.0,0.0,0.0
69699,0.0,0.0,0.0,0.0,0.0,1.0,0.0
69762,0.0,0.0,0.0,0.0,0.0,2.0,0.0
70262,0.0,0.0,0.0,0.0,0.0,0.0,0.0
71018,0.0,0.0,0.0,0.0,0.0,1.0,0.0
71518,0.0,0.0,0.0,0.0,0.0,0.0,0.0
72446,0.0,0.0,0.0,0.0,0.0,1.0,0.0
72484,0.0,0.0,0.0,0.0,0.0,2.0,0.0
72984,0.0,0.0,0.0,0.0,0.0,0.0,0.0
74028,0.0,0.0,0.0,0.0,0.0,1.0,0.0
74363,0.0,0.0,0.0,0.0,0.0,2.0,0.0
74863,0.0,0.0,0.0,0.0,0.0,0.0,0.0
75433,0.0,0.0,0.0,0.0,0.0,1.0,0.0
75442,0.0,0.0,0.0,0.0,0.0,2.0,0.0
75942,0.0,0.0,0.0,0.0,0.0,0.0,0.0
76523,0.0,0.0,0.0,0.0,0.0,1.0,0.0
77023,0.0,0.0,0.0,0.0,0.0,0.0,0.0
78430,0.0,0.0,0.0,0.0,0.0,1.0,0.0
78930,0.0,0.0,0.0,0.0,0.0,0.0,0.0
79343,0.0,0.0,0.0,0.0,0.0,1.0,0.0
79350,0.0,0.0,0.0,0.0,0.0,2.0,0.0
79850,0.0,0.0,0.0,0.0,0.0,0.0,0.0
79983,0.0,0.0,0.0,0.0,0.0,1.0,0.0
80483,0.0,0.0,0.0,0.0,0.0,0.0,0.0
80649,0.0,0.0,0.0,0.0,0.0,1.0,0.0
81136,0.0,2.0,0.0,0.0,0.0,1.0,0.0
81149,0.0,2.0,0.0,0.0,0.0,0.0,0.0
81636,0.0,0.0,0.0,0.0,0.0,0.0,0.0
81701,0.0,0.0,0.0,0.0,0.0,1.0,0.0
82201,0.0,0.0,0.0,0.0,0.0,0.0,0.0
82340,0.0,0.0,0.0,0.0,0.0,1.0,0.0
82840,0.0,0.0,0.0,0.0,0.0,0.0,0.0
83100,0.0,0.0,0.0,0.0,0.0,1.0,0.0
83375,0.0,0.0,0.0,0.0,0.0,2.0,0.0
83875,0.0,0.0,0.0,0.0,0.0,0.0,0.0
84975,0.0,0.0,0.0,0.0,0.0,1.0,0.0
85475,0.0,0.0,0.0,0.0,0.0,0.0,0.0
85674,0.0,0.0,0.0,0.0,0.0,1.0,0.0
85677,0.0,0.0,0.0,0.0,0.0,2.0,0.0
86177,0.0,0.0,0.0,0.0,0.0,0.0,0.0
86329,0.0,0.0,0.0,0.0,0.0,1.0,0.0
86829,0.0,0.0,0.0,0.0,0.0,0.0,0.0
87143,0.0,0.0,0.0,0.0,0.0,1.0,0.0
87643,0.0,0.0,0.0,0.0,0.0,0.0,0.0
88681,0.0,0.0,0.0,0.0,0.0,1.0,0.0
88764,0.0,0.0,0.0,0.0,0.0,2.0,0.0
89264,0.0,0.0,0.0,0.0,0.0,0.0,0.0
89265,0.0,0.0,0.0,0.0,0.0,1.0,0.0
89765,0.0,0.0,0.0,0.0,0.0,0.0,0.0
89948,0.0,0.0,0.0,0.0,0.0,1.0,0.0
90283,0.0,0.0,0.0,0.0,0.0,2.0,0.0
90783,0.0,0.0,0.0,0.0,0.0,0.0,0.0
90798,0.0,0.0,0.0,0.0,0.0,1.0,0.0
90861,0.0,0.0,0.0,0.0,0.0,2.0,0.0
91361,0.0,0.0,0.0,0.0,0.0,0.0,0.0
91903,0.0,0.0,0.0,0.0,0.0,1.0,0.0
91998,0.0,0.0,0.0,0.0,0.0,2.0,0.0
92498,0.0,0.0,0.0,0.0,0.0,0.0,0.0
92642,0.0,0.0,0.0,0.0,0.0,1.0,0.0
93142,0.0,0.0,0.0,0.0,0.0,0.0,0.0
94120,0.0,0.0,0.0,0.0,0.0,1.0,0.0
94620,0.0,0.0,0.0,0.0,0.0,0.0,0.0
95316,0.0,0.0,0.0,0.0,0.0,1.0,0.0
95816,0.0,0.0,0.0,0.0,0.0,0.0,0.0
96612,0.0,0.0,0.0,0.0,0.0,1.0,0.0
96702,0.0,0.0,0.0,0.0,0.0,2.0,0.0
97202,0.0,0.0,0.0,0.0,0.0,0.0,0.0
97466,0.0,0.0,0.0,0.0,0.0,1.0,0.0
97471,0.0,0.0,0.0,0.0,0.0,2.0,0.0
97971,0.0,0.0,0.0,0.0,0.0,0.0,0.0
98547,0.0,0.0,0.0,0.0,0.0,1.0,0.0
98605,0.0,0.0,0.0,0.0,0.0,2.0,0.0
99105,0.0,0.0,0.0,0.0,0.0,0.0,0.0
99393,0.0,0.0,0.0,0.0,0.0,1.0,0.0
99579,0.0,0.0,0.0,0.0,0.0,2.0,0.0
100079,0.0,0.0,0.0,0.0,0.0,0.0,0.0
103286,0.0,0.0,0.0,0.0,0.0,1.0,0.0
103786,0.0,0.0,0.0,0.0,0.0,0.0,0.0
103901,0.0,0.0,0.0,0.0,0.0,1.0,0.0
104361,0.0,0.0,0.0,0.0,1.0,1.0,0.0
104401,0.0,0.0,0.0,0.0,1.0,0.0,0.0
104861,0.0,0.0,0.0,0.0,0.0,0.0,0.0
104863,0.0,0.0,0.0,0.0,0.0,1.0,0.0
105363,0.0,0.0,0.0,0.0,0.0,0.0,0.0
105853,0.0,0.0,0.0,0.0,0.0,1.0,0.0
106271,0.0,0.0,0.0,0.0,0.0,2.0,0.0
106771,0.0,0.0,0.0,0.0,0.0,0.0,0.0
112942,0.0,0.0,0.0,0.0,0.0,1.0,0.0
113442,0.0,0.0,0.0,0.0,0.0,0.0,0.0
114015,0.0,0.0,0.0,0.0,0.0,1.0,0.0
114515,0.0,0.0,0.0,0.0,0.0,0.0,0.0
115025,0.0,0.0,0.0,0.0,0.0,1.0,0.0
115525,0.0,0.0,0.0,0.0,0.0,0.0,0.0
117424,0.0,0.0,0.0,0.0,0.0,1.0,0.0
117924,0.0,0.0,0.0,0.0,0.0,0.0,0.0
117938,0.0,0.0,0.0,0.0,0.0,1.0,0.0
118438,0.0,0.0,0.0,0.0,0.0,0.0,0.0
123177,0.0,0.0,0.0,0.0,0.0,1.0,0.0
123677,0.0,0.0,0.0,0.0,0.0,0.0,0.0
123732,0.0,0.0,0.0,0.0,0.0,1.0,0.0
124232,0.0,0.0,0.0,0.0,0.0,0.0,0.0
124725,0.0,0.0,0.0,0.0,0.0,1.0,0.0
125225,0.0,0.0,0.0,0.0,0.0,0.0,0.0
126830,0.0,0.0,0.0,0.0,0.0,1.0,0.0
127330,0.0,0.0,0.0,0.0,0.0,0.0,0.0
128392,0.0,0.0,0.0,0.0,0.0,1.0,0.0
128892,0.0,0.0,0.0,0.0,0.0,0.0,0.0
133421,0.0,0.0,0.0,0.0,0.0,1.0,0.0
133921,0.0,0.0,0.0,0.0,0.0,0.0,0.0
135854,0.0,0.0,0.0,0.0,0.0,1.0,0.0
136354,0.0,0.0,0.0,0.0,0.0,0.0,0.0
136541,0.0,0.0,0.0,0.0,0.0,1.0,0.0
136557,0.0,0.0,0.0,0.0,0.0,2.0,0.0
137057,0.0,0.0,0.0,0.0,0.0,0.0,0.0
138181,0.0,0.0,0.0,0.0,0.0,1.0,0.0
138192,0.0,0.0,0.0,0.0,0.0,2.0,0.0
138692,0.0,0.0,0.0,0.0,0.0,0.0,0.0
141680,0.0,0.0,0.0,0.0,0.0,1.0,0.0
142180,0.0,0.0,0.0,0.0,0.0,0.0,0.0
142340,0.0,0.0,0.0,0.0,0.0,1.0,0.0
142840,0.0,0.0,0.0,0.0,0.0,0.0,0.0
144964,0.0,0.0,0.0,0.0,0.0,1.0,0.0
145464,0.0,0.0,0.0,0.0,0.0,0.0,0.0
145625,0.0,0.0,0.0,0.0,0.0,1.0,0.0
145626,0.0,0.0,0.0,0.0,0.0,2.0,0.0
146126,0.0,0.0,0.0,0.0,0.0,0.0,0.0
146699,0.0,0.0,0.0,0.0,0.0,1.0,0.0
147199,0.0,0.0,0.0,0.0,0.0,0.0,0.0
148260,0.0,0.0,0.0,0.0,0.0,1.0,0.0
148760,0.0,0.0,0.0,0.0,0.0,0.0,0.0
152411,0.0,0.0,0.0,0.0,1.0,0.0,0.0
152909,0.0,0.0,0.0,0.0,1.0,1.0,0.0
152911,0.0,0.0,0.0,0.0,0.0,1.0,0.0
153409,0.0,0.0,0.0,0.0,0.0,0.0,0.0
153658,0.0,0.0,0.0,0.0,0.0,1.0,0.0
154158,0.0,0.0,0.0,0.0,0.0,0.0,0.0
155406,0.0,0.0,0.0,0.0,0.0,1.0,0.0
155906,0.0,0.0,0.0,0.0,0.0,0.0,0.0
158156,0.0,0.0,0.0,0.0,0.0,1.0,0.0
158656,0.0,0.0,0.0,0.0,0.0,0.0,0.0
160779,0.0,0.0,0.0,0.0,0.0,1.0,0.0
161279,0.0,0.0,0.0,0.0,0.0,0.0,0.0
163909,0.0,0.0,0.0,0.0,0.0,1.0,0.0
164409,0.0,0.0,0.0,0.0,0.0,0.0,0.0
167236,0.0,0.0,0.0,0.0,0.0,1.0,0.0
167736,0.0,0.0,0.0,0.0,0.0,0.0,0.0
174113,0.0,0.0,0.0,0.0,0.0,1.0,0.0
174613,0.0,0.0,0.0,0.0,0.0,0.0,0.0
175623,0.0,0.0,0.0,0.0,0.0,1.0,0.0
176123,0.0,0.0,0.0,0.0,0.0,0.0,0.0
176464,0.0,0.0,0.0,0.0,0.0,1.0,0.0
176964,0.0,0.0,0.0,0.0,0.0,0.0,0.0
180544,0.0,0.0,0.0,0.0,0.0,1.0,0.0
181044,0.0,0.0,0.0,0.0,0.0,0.0,0.0
184225,0.0,0.0,0.0,0.0,0.0,1.0,0.0
184725,0.0,0.0,0.0,0.0,0.0,0.0,0.0
191696,0.0,0.0,0.0,0.0,0.0,1.0,0.0
192196,0.0,0.0,0.0,0.0,0.0,0.0,0.0
194211,0.0,0.0,0.0,0.0,0.0,1.0,0.0
194711,0.0,0.0,0.0,0.0,0.0,0.0,0.0
196024,0.0,0.0,0.0,0.0,0.0,1.0,0.0
196524,0.0,0.0,0.0,0.0,0.0,0.0,0.0
196527,0.0,0.0,0.0,0.0,0.0,1.0,0.0
197027,0.0,0.0,0.0,0.0,0.0,0.0,0.0
198469,0.0,0.0,0.0,0.0,0.0,1.0,0.0
198608,0.0,0.0,0.0,0.0,0.0,2.0,0.0
199108,0.0,0.0,0.0,0.0,0.0,0.0,0.0
200100,0.0,0.0,0.0,0.0,0.0,0.0,1.0
200182,0.0,0.0,0.0,0.0,0.0,1.0,1.0
200210,0.0,0.0,0.0,0.0,0.0,2.0,1.0
200287,2.0,0.0,0.0,0.0,0.0,2.0,1.0
200440,2.0,2.0,0.0,0.0,0.0,2.0,1.0
200526,2.0,2.0,0.0,0.0,1.0,2.0,1.0
200585,2.0,2.0,0.0,0.0,2.0,2.0,1.0
200600,2.0,2.0,0.0,0.0,2.0,2.0,0.0
200710,2.0,2.0,0.0,0.0,2.0,0.0,0.0
200787,0.0,2.0,0.0,0.0,2.0,0.0,0.0
200940,0.0,0.0,0.0,0.0,2.0,0.0,0.0
201085,0.0,0.0,0.0,0.0,0.0,0.0,0.0
201649,0.0,0.0,0.0,0.0,0.0,1.0,0.0
201884,0.0,0.0,1.0,0.0,0.0,1.0,0.0
202149,0.0,0.0,1.0,0.0,0.0,0.0,0.0
202466,0.0,0.0,1.0,0.0,0.0,1.0,0.0
202966,0.0,0.0,1.0,0.0,0.0,0.0,0.0
203413,0.0,0.0,2.0,0.0,0.0,0.0,0.0
203469,0.0,0.0,2.0,0.0,0.0,1.0,0.0
203913,0.0,0.0,0.0,0.0,0.0,1.0,0.0
203969,0.0,0.0,0.0,0.0,0.0,0.0,0.0
204023,0.0,0.0,0.0,0.0,0.0,1.0,0.0
204087,0.0,0.0,1.0,0.0,0.0,1.0,0.0
204523,0.0,0.0,1.0,0.0,0.0,0.0,0.0
204587,0.0,0.0,0.0,0.0,0.0,0.0,0.0
204610,0.0,0.0,0.0,0.0,0.0,1.0,0.0
204613,0.0,0.0,0.0,0.0,0.0,2.0,0.0
205113,0.0,0.0,0.0,0.0,0.0,0.0,0.0
205140,0.0,0.0,0.0,0.0,0.0,1.0,0.0
205640,0.0,0.0,0.0,0.0,0.0,0.0,0.0
206247,0.0,0.0,0.0,0.0,0.0,1.0,0.0
206747,0.0,0.0,0.0,0.0,0.0,0.0,0.0
207428,0.0,0.0,0.0,0.0,0.0,1.0,0.0
207928,0.0,0.0,0.0,0.0,0.0,0.0,0.0
208277,0.0,0.0,0.0,0.0,0.0,1.0,0.0
208777,0.0,0.0,0.0,0.0,0.0,0.0,0.0
209000,0.0,0.0,0.0,0.0,0.0,1.0,0.0
209003,0.0,0.0,0.0,0.0,0.0,2.0,0.0
209503,0.0,0.0,0.0,0.0,0.0,0.0,0.0
209548,0.0,0.0,0.0,0.0,0.0,1.0,0.0
210048,0.0,0.0,0.0,0.0,0.0,0.0,0.0
210467,0.0,0.0,0.0,0.0,0.0,1.0,0.0
210629,0.0,0.0,0.0,0.0,0.0,2.0,0.0
210960,0.0,0.0,1.0,0.0,0.0,2.0,0.0
211129,0.0,0.0,1.0,0.0,0.0,0.0,0.0
211576,0.0,2.0,1.0,0.0,0.0,0.0,0.0
212076,0.0,0.0,1.0,0.0,0.0,0.0,0.0
212833,0.0,0.0,1.0,0.0,0.0,1.0,0.0
212862,0.0,0.0,1.0,0.0,0.0,2.0,0.0
212960,0.0,0.0,0.0,0.0,0.0,2.0,0.0
213000,0.0,0.0,1.0,0.0,0.0,2.0,0.0
213362,0.0,0.0,1.0,0.0,0.0,0.0,0.0
213500,0.0,0.0,0.0,0.0,0.0,0.0,0.0
213541,0.0,0.0,0.0,0.0,0.0,1.0,0.0
213544,0.0,0.0,0.0,0.0,0.0,2.0,0.0
214044,0.0,0.0,0.0,0.0,0.0,0.0,0.0
214123,0.0,0.0,0.0,0.0,0.0,1.0,0.0
214623,0.0,0.0,0.0,0.0,0.0,0.0,0.0
214857,0.0,0.0,0.0,0.0,0.0,1.0,0.0
214863,0.0,0.0,0.0,0.0,0.0,2.0,0.0
215363,0.0,0.0,0.0,0.0,0.0,0.0,0.0
215683,0.0,0.0,0.0,0.0,0.0,1.0,0.0
216183,0.0,0.0,0.0,0.0,0.0,0.0,0.0
216949,0.0,0.0,0.0,0.0,0.0,1.0,0.0
217449,0.0,0.0,0.0,0.0,0.0,0.0,0.0
217541,0.0,0.0,0.0,0.0,0.0,1.0,0.0
217549,0.0,0.0,0.0,0.0,0.0,2.0,0.0
218049,0.0,0.0,0.0,0.0,0.0,0.0,0.0
218053,0.0,0.0,0.0,0.0,0.0,1.0,0.0
218553,0.0,0.0,0.0,0.0,0.0,0.0,0.0
218653,0.0,2.0,0.0,0.0,0.0,0.0,0.0
219153,0.0,0.0,0.0,0.0,0.0,0.0,0.0
220411,0.0,0.0,0.0,0.0,0.0,1.0,0.0
220911,0.0,0.0,0.0,0.0,0.0,0.0,0.0
221114,0.0,0.0,0.0,0.0,0.0,1.0,0.0
221614,0.0,0.0,0.0,0.0,0.0,0.0,0.0
221990,0.0,0.0,0.0,0.0,0.0,1.0,0.0
222490,0.0,0.0,0.0,0.0,0.0,0.0,0.0
222540,0.0,0.0,0.0,0.0,0.0,1.0,0.0
223040,0.0,0.0,0.0,0.0,0.0,0.0,0.0
223056,0.0,0.0,0.0,0.0,0.0,1.0,0.0
223307,0.0,0.0,0.0,0.0,0.0,2.0,0.0
223807,0.0,0.0,0.0,0.0,0.0,0.0,0.0
224542,0.0,0.0,0.0,0.0,0.0,1.0,0.0
225042,0.0,0.0,0.0,0.0,0.0,0.0,0.0
225176,0.0,0.0,0.0,0.0,0.0,1.0,0.0
225567,0.0,0.0,0.0,0.0,1.0,2.0,0.0
225571,0.0,0.0,0.0,0.0,2.0,2.0,0.0
226067,0.0,0.0,0.0,0.0,2.0,0.0,0.0
226071,0.0,0.0,0.0,0.0,0.0,0.0,0.0
227000,0.0,0.0,0.0,0.0,0.0,1.0,0.0
227006,0.0,0.0,0.0,0.0,0.0,2.0,0.0
227677,0.0,0.0,0.0,0.0,1.0,2.0,0.0
227985,0.0,2.0,0.0,0.0,1.0,2.0,0.0
228002,0.0,2.0,0.0,0.0,2.0,2.0,0.0
228006,0.0,2.0,0.0,0.0,2.0,0.0,0.0
228063,2.0,2.0,0.0,0.0,2.0,0.0,0.0
228485,2.0,0.0,0.0,0.0,2.0,0.0,0.0
228502,2.0,0.0,0.0,0.0,0.0,0.0,0.0
228563,0.0,0.0,0.0,0.0,0.0,0.0,0.0
229314,0.0,0.0,0.0,0.0,0.0,1.0,0.0
229814,0.0,0.0,0.0,0.0,0.0,0.0,0.0
230268,0.0,0.0,0.0,0.0,0.0,1.0,0.0
230768,0.0,0.0,0.0,0.0,0.0,0.0,0.0
232488,0.0,0.0,0.0,0.0,0.0,1.0,0.0
232988,0.0,0.0,0.0,0.0,0.0,0.0,0.0
233523,0.0,0.0,1.0,0.0,0.0,0.0,0.0
234023,0.0,0.0,0.0,0.0,0.0,0.0,0.0
235845,0.0,0.0,0.0,0.0,0.0,1.0,0.0
236345,0.0,0.0,0.0,0.0,0.0,0.0,0.0
236483,0.0,0.0,0.0,0.0,0.0,1.0,0.0
236784,0.0,0.0,0.0,0.0,0.0,2.0,0.0
236802,0.0,0.0,0.0,0.0,1.0,2.0,0.0
237284,0.0,0.0,0.0,0.0,1.0,0.0,0.0
237289,0.0,0.0,0.0,0.0,1.0,1.0,0.0
237292,0.0,0.0,0.0,0.0,1.0,2.0,0.0
237302,0.0,0.0,0.0,0.0,0.0,2.0,0.0
237792,0.0,0.0,0.0,0.0,0.0,0.0,0.0
237957,0.0,0.0,0.0,0.0,0.0,1.0,0.0
238271,0.0,0.0,0.0,0.0,0.0,2.0,0.0
238771,0.0,0.0,0.0,0.0,0.0,0.0,0.0
239251,0.0,0.0,0.0,0.0,0.0,1.0,0.0
239261,0.0,0.0,0.0,0.0,0.0,2.0,0.0
239761,0.0,0.0,0.0,0.0,0.0,0.0,0.0
240426,0.0,0.0,0.0,0.0,0.0,1.0,0.0
240556,0.0,0.0,0.0,0.0,0.0,2.0,0.0
241056,0.0,0.0,0.0,0.0,0.0,0.0,0.0
241427,0.0,0.0,0.0,0.0,0.0,1.0,0.0
241613,0.0,0.0,0.0,0.0,0.0,2.0,0.0
242113,0.0,0.0,0.0,0.0,0.0,0.0,0.0
242492,0.0,0.0,0.0,0.0,0.0,1.0,0.0
242511,0.0,0.0,0.0,0.0,0.0,2.0,0.0
243011,0.0,0.0,0.0,0.0,0.0,0.0,0.0
243179,0.0,0.0,0.0,0.0,0.0,1.0,0.0
243183,0.0,0.0,0.0,0.0,0.0,2.0,0.0
243683,0.0,0.0,0.0,0.0,0.0,0.0,0.0
244083,0.0,0.0,0.0,0.0,0.0,1.0,0.0
244583,0.0,0.0,0.0,0.0,0.0,0.0,0.0
244615,0.0,2.0,0.0,0.0,0.0,0.0,0.0
244627,0.0,2.0,0.0,0.0,0.0,1.0,0.0
245115,0.0,0.0,0.0,0.0,0.0,1.0,0.0
245127,0.0,0.0,0.0,0.0,0.0,0.0,0.0
245528,0.0,0.0,0.0,0.0,0.0,1.0,0.0
246028,0.0,0.0,0.0,0.0,0.0,0.0,0.0
247872,0.0,0.0,0.0,0.0,0.0,1.0,0.0
247887,0.0,0.0,0.0,0.0,0.0,2.0,0.0
248387,0.0,0.0,0.0,0.0,0.0,0.0,0.0
248499,0.0,0.0,0.0,0.0,0.0,1.0,0.0
248999,0.0,0.0,0.0,0.0,0.0,0.0,0.0
249066,0.0,0.0,0.0,0.0,0.0,1.0,0.0
249069,0.0,0.0,0.0,0.0,0.0,2.0,0.0
249569,0.0,0.0,0.0,0.0,0.0,0.0,0.0
251356,0.0,0.0,0.0,0.0,0.0,1.0,0.0
251856,0.0,0.0,0.0,0.0,0.0,0.0,0.0
251920,0.0,0.0,0.0,0.0,0.0,1.0,0.0
252420,0.0,0.0,0.0,0.0,0.0,0.0,0.0
253405,0.0,0.0,0.0,0.0,0.0,1.0,0.0
253905,0.0,0.0,0.0,0.0,0.0,0.0,0.0
254526,0.0,0.0,0.0,0.0,0.0,1.0,0.0
255026,0.0,0.0,0.0,0.0,0.0,0.0,0.0
255028,0.0,0.0,0.0,0.0,0.0,1.0,0.0
255437,0.0,0.0,0.0,0.0,0.0,2.0,0.0
255937,0.0,0.0,0.0,0.0,0.0,0.0,0.0
256828,0.0,0.0,0.0,0.0,0.0,1.0,0.0
257328,0.0,0.0,0.0,0.0,0.0,0.0,0.0
258528,0.0,2.0,0.0,0.0,0.0,0.0,0.0
259028,0.0,0.0,0.0,0.0,0.0,0.0,0.0
260317,0.0,0.0,0.0,0.0,0.0,1.0,0.0
260817,0.0,0.0,0.0,0.0,0.0,0.0,0.0
260820,0.0,0.0,0.0,0.0,0.0,1.0,0.0
261320,0.0,0.0,0.0,0.0,0.0,0.0,0.0
261750,0.0,0.0,0.0,0.0,0.0,1.0,0.0
262250,0.0,0.0,0.0,0.0,0.0,0.0,0.0
262943,0.0,0.0,0.0,0.0,0.0,1.0,0.0
263001,0.0,0.0,0.0,0.0,0.0,2.0,0.0
263501,0.0,0.0,0.0,0.0,0.0,0.0,0.0
264719,0.0,0.0,0.0,0.0,0.0,1.0,0.0
264722,0.0,0.0,0.0,0.0,0.0,2.0,0.0
265222,0.0,0.0,0.0,0.0,0.0,0.0,0.0
268172,0.0,0.0,0.0,0.0,0.0,1.0,0.0
268672,0.0,0.0,0.0,0.0,0.0,0.0,0.0
269429,0.0,0.0,0.0,0.0,0.0,1.0,0.0
269432,0.0,0.0,0.0,0.0,0.0,2.0,0.0
269932,0.0,0.0,0.0,0.0,0.0,0.0,0.0
270246,0.0,0.0,0.0,0.0,0.0,1.0,0.0
270746,0.0,0.0,0.0,0.0,0.0,0.0,0.0
270830,0.0,0.0,0.0,0.0,0.0,1.0,0.0
270833,0.0,0.0,0.0,0.0,0.0,2.0,0.0
271333,0.0,0.0,0.0,0.0,0.0,0.0,0.0
271367,0.0,0.0,0.0,0.0,0.0,1.0,0.0
271867,0.0,0.0,0.0,0.0,0.0,0.0,0.0
272019,0.0,0.0,0.0,0.0,0.0,1.0,0.0
272519,0.0,0.0,0.0,0.0,0.0,0.0,0.0
272522,0.0,0.0,0.0,0.0,0.0,1.0,0.0
272525,0.0,0.0,0.0,0.0,0.0,2.0,0.0
273025,0.0,0.0,0.0,0.0,0.0,0.0,0.0
273270,0.0,0.0,0.0,0.0,0.0,1.0,0.0
273297,0.0,0.0,0.0,0.0,0.0,2.0,0.0
273797,0.0,0.0,0.0,0.0,0.0,0.0,0.0
275501,0.0,0.0,0.0,0.0,0.0,1.0,0.0
275504,0.0,0.0,0.0,0.0,0.0,2.0,0.0
276004,0.0,0.0,0.0,0.0,0.0,0.0,0.0
276035,0.0,0.0,0.0,0.0,0.0,1.0,0.0
276535,0.0,0.0,0.0,0.0,0.0,0.0,0.0
277257,0.0,0.0,0.0,0.0,0.0,1.0,0.0
277560,0.0,0.0,0.0,0.0,0.0,2.0,0.0
278060,0.0,0.0,0.0,0.0,0.0,0.0,0.0
279017,0.0,0.0,0.0,0.0,0.0,1.0,0.0
279517,0.0,0.0,0.0,0.0,0.0,0.0,0.0
280509,0.0,0.0,0.0,0.0,0.0,1.0,0.0
280513,0.0,0.0,0.0,0.0,0.0,2.0,0.0
281013,0.0,0.0,0.0,0.0,0.0,0.0,0.0
281170,0.0,0.0,0.0,0.0,0.0,1.0,0.0
281670,0.0,0.0,0.0,0.0,0.0,0.0,0.0
281896,0.0,0.0,0.0,0.0,0.0,1.0,0.0
282188,0.0,2.0,0.0,0.0,0.0,1.0,0.0
282396,0.0,2.0,0.0,0.0,0.0,0.0,0.0
282688,0.0,0.0,0.0,0.0,0.0,0.0,0.0
283425,0.0,0.0,0.0,0.0,0.0,1.0,0.0
283489,0.0,0.0,0.0,0.0,0.0,2.0,0.0
283989,0.0,0.0,0.0,0.0,0.0,0.0,0.0
284044,0.0,0.0,0.0,0.0,0.0,1.0,0.0
284544,0.0,0.0,0.0,0.0,0.0,0.0,0.0
284864,0.0,0.0,0.0,0.0,0.0,1.0,0.0
285364,0.0,0.0,0.0,0.0,0.0,0.0,0.0
285502,0.0,0.0,0.0,0.0,0.0,1.0,0.0
286002,0.0,0.0,0.0,0.0,0.0,0.0,0.0
286618,0.0,0.0,0.0,0.0,0.0,1.0,0.0
287118,0.0,0.0,0.0,0.0,0.0,0.0,0.0
287433,0.0,0.0,0.0,0.0,0.0,1.0,0.0
287933,0.0,0.0,0.0,0.0,0.0,0.0,0.0
289538,0.0,0.0,0.0,0.0,0.0,1.0,0.0
290038,0.0,0.0,0.0,0.0,0.0,0.0,0.0
291239,0.0,0.0,0.0,0.0,0.0,1.0,0.0
291739,0.0,0.0,0.0,0.0,0.0,0.0,0.0
291962,0.0,0.0,0.0,0.0,0.0,1.0,0.0
292462,0.0,0.0,0.0,0.0,0.0,0.0,0.0
292510,0.0,0.0,0.0,0.0,0.0,1.0,0.0
293010,0.0,0.0,0.0,0.0,0.0,0.0,0.0
293693,0.0,0.0,0.0,0.0,0.0,1.0,0.0
294193,0.0,0.0,0.0,0.0,0.0,0.0,0.0
294237,0.0,0.0,0.0,0.0,0.0,1.0,0.0
294664,0.0,0.0,0.0,0.0,0.0,2.0,0.0
295164,0.0,0.0,0.0,0.0,0.0,0.0,0.0
295202,0.0,0.0,0.0,0.0,0.0,1.0,0.0
295702,0.0,0.0,0.0,0.0,0.0,0.0,0.0
295858,0.0,0.0,0.0,0.0,0.0,1.0,0.0
296358,0.0,0.0,0.0,0.0,0.0,0.0,0.0
296447,0.0,0.0,0.0,0.0,0.0,1.0,0.0
296947,0.0,0.0,0.0,0.0,0.0,0.0,0.0
298061,0.0,0.0,0.0,0.0,0.0,1.0,0.0
298561,0.0,0.0,0.0,0.0,0.0,0.0,0.0
298593,0.0,0.0,0.0,0.0,0.0,1.0,0.0
299093,0.0,0.0,0.0,0.0,0.0,0.0,0.0
301774,0.0,0.0,0.0,0.0,0.0,1.0,0.0
302274,0.0,0.0,0.0,0.0,0.0,0.0,0.0
305090,0.0,0.0,0.0,0.0,0.0,1.0,0.0
305182,0.0,0.0,0.0,0.0,0.0,2.0,0.0
305682,0.0,0.0,0.0,0.0,0.0,0.0,0.0
308290,0.0,0.0,0.0,0.0,0.0,1.0,0.0
308790,0.0,0.0,0.0,0.0,0.0,0.0,0.0
308819,0.0,0.0,0.0,0.0,0.0,1.0,0.0
308824,0.0,0.0,0.0,0.0,0.0,2.0,0.0
309324,0.0,0.0,0.0,0.0,0.0,0.0,0.0
315904,0.0,0.0,0.0,0.0,0.0,1.0,0.0
316404,0.0,0.0,0.0,0.0,0.0,0.0,0.0
316636,0.0,0.0,0.0,0.0,0.0,1.0,0.0
317136,0.0,0.0,0.0,0.0,0.0,0.0,0.0
318777,0.0,0.0,0.0,0.0,1.0,0.0,0.0
319277,0.0,0.0,0.0,0.0,0.0,0.0,0.0
319706,0.0,0.0,0.0,0.0,0.0,1.0,0.0
320206,0.0,0.0,0.0,0.0,0.0,0.0,0.0
320586,0.0,0.0,0.0,0.0,0.0,1.0,0.0
321086,0.0,0.0,0.0,0.0,0.0,0.0,0.0
321553,0.0,0.0,0.0,0.0,0.0,1.0,0.0
321558,0.0,0.0,0.0,0.0,0.0,2.0,0.0
322058,0.0,0.0,0.0,0.0,0.0,0.0,0.0
323102,0.0,0.0,0.0,0.0,0.0,1.0,0.0
323602,0.0,0.0,0.0,0.0,0.0,0.0,0.0
323664,0.0,0.0,0.0,0.0,0.0,1.0,0.0
324164,0.0,0.0,0.0,0.0,0.0,0.0,0.0
330892,0.0,0.0,0.0,0.0,0.0,1.0,0.0
331392,0.0,0.0,0.0,0.0,0.0,0.0,0.0
342589,0.0,0.0,0.0,0.0,0.0,1.0,0.0
342596,0.0,0.0,0.0,0.0,0.0,2.0,0.0
343096,0.0,0.0,0.0,0.0,0.0,0.0,0.0
343524,0.0,0.0,0.0,0.0,0.0,1.0,0.0
344024,0.0,0.0,0.0,0.0,0.0,0.0,0.0
344354,0.0,0.0,0.0,0.0,0.0,1.0,0.0
344854,0.0,0.0,0.0,0.0,0.0,0.0,0.0
345075,0.0,0.0,0.0,0.0,0.0,1.0,0.0
345575,0.0,0.0,0.0,0.0,0.0,0.0,0.0
346883,0.0,0.0,0.0,0.0,0.0,1.0,0.0
347383,0.0,0.0,0.0,0.0,0.0,0.0,0.0
347963,0.0,0.0,0.0,0.0,0.0,1.0,0.0
348463,0.0,0.0,0.0,0.0,0.0,0.0,0.0
348781,0.0,0.0,0.0,0.0,0.0,1.0,0.0
349281,0.0,0.0,0.0,0.0,0.0,0.0,0.0
350828,0.0,0.0,0.0,0.0,0.0,1.0,0.0
351328,0.0,0.0,0.0,0.0,0.0,0.0,0.0
352301,0.0,0.0,0.0,0.0,0.0,1.0,0.0
352801,0.0,0.0,0.0,0.0,0.0,0.0,0.0
355061,0.0,0.0,0.0,0.0,0.0,1.0,0.0
355561,0.0,0.0,0.0,0.0,0.0,0.0,0.0
356689,0.0,0.0,0.0,0.0,0.0,1.0,0.0
357189,0.0,0.0,0.0,0.0,0.0,0.0,0.0
357369,0.0,0.0,0.0,0.0,0.0,1.0,0.0
357374,0.0,0.0,0.0,0.0,0.0,2.0,0.0
357874,0.0,0.0,0.0,0.0,0.0,0.0,0.0
360612,0.0,0.0,0.0,0.0,0.0,1.0,0.0
360614,0.0,0.0,0.0,0.0,0.0,2.0,0.0
361114,0.0,0.0,0.0,0.0,0.0,0.0,0.0
364181,0.0,0.0,0.0,0.0,0.0,1.0,0.0
364681,0.0,0.0,0.0,0.0,0.0,0.0,0.0
367621,0.0,0.0,0.0,0.0,0.0,1.0,0.0
367789,0.0,0.0,0.0,0.0,0.0,2.0,0.0
368289,0.0,0.0,0.0,0.0,0.0,0.0,0.0
368677,0.0,0.0,0.0,0.0,0.0,1.0,0.0
369177,0.0,0.0,0.0,0.0,0.0,0.0,0.0
369198,0.0,0.0,0.0,0.0,0.0,1.0,0.0
369698,0.0,0.0,0.0,0.0,0.0,0.0,0.0
370128,0.0,0.0,0.0,0.0,0.0,1.0,0.0
370628,0.0,0.0,0.0,0.0,0.0,0.0,0.0
371736,0.0,0.0,0.0,0.0,0.0,1.0,0.0
372236,0.0,0.0,0.0,0.0,0.0,0.0,0.0
373168,0.0,0.0,0.0,0.0,0.0,1.0,0.0
373170,0.0,0.0,0.0,0.0,0.0,2.0,0.0
373670,0.0,0.0,0.0,0.0,0.0,0.0,0.0
379168,0.0,0.0,0.0,0.0,0.0,1.0,0.0
379668,0.0,0.0,0.0,0.0,0.0,0.0,0.0
380052,0.0,0.0,0.0,0.0,0.0,1.0,0.0
380552,0.0,0.0,0.0,0.0,0.0,0.0,0.0
380669,0.0,0.0,0.0,0.0,0.0,1.0,0.0
381169,0.0,0.0,0.0,0.0,0.0,0.0,0.0
382400,0.0,0.0,0.0,0.0,0.0,1.0,0.0
382900,0.0,0.0,0.0,0.0,0.0,0.0,0.0
387340,0.0,0.0,0.0,0.0,0.0,1.0,0.0
387840,0.0,0.0,0.0,0.0,0.0,0.0,0.0
389495,0.0,0.0,0.0,0.0,0.0,1.0,0.0
389995,0.0,0.0,0.0,0.0,0.0,0.0,0.0
392091,0.0,0.0,0.0,0.0,0.0,1.0,0.0
392591,0.0,0.0,0.0,0.0,0.0,0.0,0.0
393604,0.0,0.0,0.0,0.0,0.0,1.0,0.0
394104,0.0,0.0,0.0,0.0,0.0,0.0,0.0
394730,0.0,0.0,0.0,0.0,0.0,1.0,0.0
394732,0.0,0.0,0.0,0.0,0.0,2.0,0.0
395232,0.0,0.0,0.0,0.0,0.0,0.0,0.0
397493,0.0,0.0,0.0,0.0,0.0,1.0,0.0
397993,0.0,0.0,0.0,0.0,0.0,0.0,0.0
400300,0.0,0.0,0.0,0.0,0.0,0.0,1.0
400334,0.0,0.0,0.0,0.0,0.0,1.0,1.0
400379,0.0,0.0,0.0,0.0,0.0,2.0,1.0
400447,2.0,0.0,0.0,0.0,0.0,2.0,1.0
400515,2.0,2.0,0.0,0.0,0.0,2.0,1.0
400610,2.0,2.0,0.0,0.0,1.0,2.0,1.0
400695,2.0,2.0,0.0,0.0,2.0,2.0,1.0
400800,2.0,2.0,0.0,0.0,2.0,2.0,0.0
400879,2.0,2.0,0.0,0.0,2.0,0.0,0.0
400947,0.0,2.0,0.0,0.0,2.0,0.0,0.0
401015,0.0,0.0,0.0,0.0,2.0,0.0,0.0
401085,0.0,0.0,0.0,0.0,2.0,1.0,0.0
401097,0.0,0.0,0.0,0.0,2.0,2.0,0.0
401195,0.0,0.0,0.0,0.0,0.0,2.0,0.0
401597,0.0,0.0,0.0,0.0,0.0,0.0,0.0
401744,0.0,0.0,1.0,0.0,0.0,0.0,0.0
401913,0.0,0.0,1.0,0.0,0.0,1.0,0.0
402413,0.0,0.0,1.0,0.0,0.0,0.0,0.0
402678,0.0,0.0,1.0,0.0,0.0,1.0,0.0
403178,0.0,0.0,1.0,0.0,0.0,0.0,0.0
403257,0.0,0.0,1.0,0.0,0.0,1.0,0.0
403284,0.0,0.0,2.0,0.0,0.0,1.0,0.0
403302,0.0,0.0,2.0,0.0,0.0,2.0,0.0
403784,0.0,0.0,0.0,0.0,0.0,2.0,0.0
403971,0.0,0.0,1.0,0.0,0.0,2.0,0.0
404302,0.0,0.0,1.0,0.0,0.0,0.0,0.0
404471,0.0,0.0,0.0,0.0,0.0,0.0,0.0
404529,0.0,0.0,1.0,0.0,0.0,0.0,0.0
404693,0.0,0.0,1.0,0.0,0.0,1.0,0.0
405193,0.0,0.0,1.0,0.0,0.0,0.0,0.0
407627,0.0,0.0,1.0,0.0,0.0,1.0,0.0
407630,0.0,0.0,1.0,0.0,0.0,2.0,0.0
408130,0.0,0.0,1.0,0.0,0.0,0.0,0.0
408162,0.0,0.0,1.0,0.0,0.0,1.0,0.0
408171,0.0,2.0,1.0,0.0,0.0,1.0,0.0
408252,0.0,2.0,1.0,0.0,0.0,2.0,0.0
408468,0.0,2.0,1.0,0.0,1.0,2.0,0.0
408671,0.0,0.0,1.0,0.0,1.0,2.0,0.0
408752,0.0,0.0,1.0,0.0,1.0,0.0,0.0
408968,0.0,0.0,1.0,0.0,0.0,0.0,0.0
409664,0.0,0.0,1.0,0.0,0.0,1.0,0.0
409667,0.0,0.0,1.0,0.0,0.0,2.0,0.0
410167,0.0,0.0,1.0,0.0,0.0,0.0,0.0
410251,0.0,0.0,1.0,0.0,0.0,1.0,0.0
410751,0.0,0.0,1.0,0.0,0.0,0.0,0.0
411980,0.0,0.0,1.0,0.0,0.0,1.0,0.0
412480,0.0,0.0,1.0,0.0,0.0,0.0,0.0
412898,0.0,0.0,1.0,0.0,0.0,1.0,0.0
412909,0.0,0.0,1.0,0.0,0.0,2.0,0.0
413409,0.0,0.0,1.0,0.0,0.0,0.0,0.0
413712,0.0,0.0,1.0,0.0,0.0,1.0,0.0
413728,0.0,0.0,1.0,0.0,0.0,2.0,0.0
414228,0.0,0.0,1.0,0.0,0.0,0.0,0.0
415053,0.0,0.0,1.0,0.0,0.0,1.0,0.0
415056,0.0,0.0,1.0,0.0,0.0,2.0,0.0
415556,0.0,0.0,1.0,0.0,0.0,0.0,0.0
417029,0.0,0.0,0.0,0.0,0.0,0.0,0.0
417134,0.0,0.0,1.0,0.0,0.0,0.0,0.0
417162,0.0,0.0,1.0,0.0,0.0,1.0,0.0
417662,0.0,0.0,1.0,0.0,0.0,0.0,0.0
417936,0.0,0.0,1.0,0.0,0.0,1.0,0.0
417974,0.0,0.0,1.0,0.0,0.0,2.0,0.0
418474,0.0,0.0,1.0,0.0,0.0,0.0,0.0
419134,0.0,0.0,0.0,0.0,0.0,0.0,0.0
419252,0.0,0.0,0.0,0.0,0.0,1.0,0.0
419414,0.0,0.0,1.0,0.0,0.0,1.0,0.0
419625,0.0,0.0,1.0,0.0,0.0,2.0,0.0
420125,0.0,0.0,1.0,0.0,0.0,0.0,0.0
420414,0.0,0.0,0.0,0.0,0.0,0.0,0.0
420618,0.0,0.0,0.0,0.0,0.0,1.0,0.0
421118,0.0,0.0,0.0,0.0,0.0,0.0,0.0
421137,0.0,0.0,0.0,0.0,0.0,1.0,0.0
421637,0.0,0.0,0.0,0.0,0.0,0.0,0.0
423778,0.0,0.0,0.0,0.0,0.0,1.0,0.0
423781,0.0,0.0,0.0,0.0,0.0,2.0,0.0
424281,0.0,0.0,0.0,0.0,0.0,0.0,0.0
424891,0.0,0.0,0.0,0.0,0.0,1.0,0.0
425391,0.0,0.0,0.0,0.0,0.0,0.0,0.0
425496,0.0,0.0,0.0,0.0,0.0,1.0,0.0
425560,0.0,0.0,0.0,0.0,0.0,2.0,0.0
426060,0.0,0.0,0.0,0.0,0.0,0.0,0.0
426238,0.0,0.0,0.0,0.0,0.0,1.0,0.0
426242,0.0,0.0,0.0,0.0,0.0,2.0,0.0
426742,0.0,0.0,0.0,0.0,0.0,0.0,0.0
426868,0.0,0.0,0.0,0.0,0.0,1.0,0.0
427368,0.0,0.0,0.0,0.0,0.0,0.0,0.0
427424,0.0,0.0,0.0,0.0,0.0,1.0,0.0
427483,0.0,0.0,0.0,0.0,0.0,2.0,0.0
427983,0.0,0.0,0.0,0.0,0.0,0.0,0.0
428115,0.0,0.0,0.0,0.0,0.0,1.0,0.0
428615,0.0,0.0,0.0,0.0,0.0,0.0,0.0
428942,0.0,0.0,0.0,0.0,0.0,1.0,0.0
429442,0.0,0.0,0.0,0.0,0.0,0.0,0.0
429732,0.0,0.0,0.0,0.0,0.0,1.0,0.0
430232,0.0,0.0,0.0,0.0,0.0,0.0,0.0
431093,0.0,0.0,0.0,0.0,0.0,1.0,0.0
431593,0.0,0.0,0.0,0.0,0.0,0.0,0.0
431619,0.0,0.0,0.0,0.0,0.0,1.0,0.0
431679,0.0,0.0,0.0,0.0,1.0,1.0,0.0
431680,0.0,0.0,0.0,0.0,1.0,2.0,0.0
431718,0.0,0.0,0.0,0.0,2.0,2.0,0.0
432180,0.0,0.0,0.0,0.0,2.0,0.0,0.0
432218,0.0,0.0,0.0,0.0,0.0,0.0,0.0
432342,0.0,0.0,0.0,0.0,0.0,1.0,0.0
432664,0.0,2.0,0.0,0.0,0.0,1.0,0.0
432842,0.0,2.0,0.0,0.0,0.0,0.0,0.0
433164,0.0,0.0,0.0,0.0,0.0,0.0,0.0
433399,0.0,0.0,0.0,0.0,0.0,1.0,0.0
433415,0.0,0.0,0.0,0.0,0.0,2.0,0.0
433915,0.0,0.0,0.0,0.0,0.0,0.0,0.0
434070,0.0,0.0,0.0,0.0,0.0,1.0,0.0
434200,0.0,0.0,0.0,0.0,0.0,2.0,0.0
434700,0.0,0.0,0.0,0.0,0.0,0.0,0.0
434925,0.0,0.0,0.0,0.0,0.0,1.0,0.0
435042,0.0,0.0,0.0,0.0,0.0,2.0,0.0
435357,0.0,0.0,0.0,0.0,1.0,2.0,0.0
435542,0.0,0.0,0.0,0.0,1.0,0.0,0.0
435844,0.0,0.0,0.0,0.0,1.0,1.0,0.0
435857,0.0,0.0,0.0,0.0,0.0,1.0,0.0
436010,0.0,0.0,0.0,0.0,0.0,2.0,0.0
436510,0.0,0.0,0.0,0.0,0.0,0.0,0.0
436581,0.0,0.0,0.0,0.0,0.0,1.0,0.0
436845,0.0,0.0,0.0,0.0,0.0,2.0,0.0
437345,0.0,0.0,0.0,0.0,0.0,0.0,0.0
437893,0.0,0.0,0.0,0.0,0.0,1.0,0.0
438393,0.0,0.0,0.0,0.0,0.0,0.0,0.0
438525,0.0,0.0,0.0,0.0,0.0,1.0,0.0
438968,0.0,0.0,0.0,0.0,0.0,2.0,0.0
439468,0.0,0.0,0.0,0.0,0.0,0.0,0.0
439612,0.0,0.0,0.0,0.0,0.0,1.0,0.0
440112,0.0,0.0,0.0,0.0,0.0,0.0,0.0
440413,0.0,0.0,0.0,0.0,0.0,1.0,0.0
440754,0.0,0.0,0.0,0.0,0.0,2.0,0.0
441254,0.0,0.0,0.0,0.0,0.0,0.0,0.0
441258,0.0,0.0,0.0,0.0,0.0,1.0,0.0
441758,0.0,0.0,0.0,0.0,0.0,0.0,0.0
441995,0.0,0.0,0.0,0.0,0.0,1.0,0.0
442495,0.0,0.0,0.0,0.0,0.0,0.0,0.0
443015,0.0,0.0,0.0,0.0,0.0,1.0,0.0
443515,0.0,0.0,0.0,0.0,0.0,0.0,0.0
444502,0.0,0.0,0.0,0.0,0.0,1.0,0.0
445002,0.0,0.0,0.0,0.0,0.0,0.0,0.0
445209,0.0,0.0,0.0,0.0,0.0,1.0,0.0
445709,0.0,0.0,0.0,0.0,0.0,0.0,0.0
445749,0.0,0.0,0.0,0.0,0.0,1.0,0.0
445770,0.0,0.0,0.0,0.0,0.0,2.0,0.0
446270,0.0,0.0,0.0,0.0,0.0,0.0,0.0
446510,0.0,0.0,0.0,0.0,0.0,1.0,0.0
447010,0.0,0.0,0.0,0.0,0.0,0.0,0.0
447414,0.0,0.0,0.0,0.0,0.0,1.0,0.0
447914,0.0,0.0,0.0,0.0,0.0,0.0,0.0
448721,0.0,0.0,0.0,0.0,0.0,1.0,0.0
448978,0.0,0.0,0.0,0.0,0.0,2.0,0.0
449478,0.0,0.0,0.0,0.0,0.0,0.0,0.0
450218,0.0,0.0,0.0,0.0,0.0,1.0,0.0
450339,0.0,0.0,0.0,0.0,0.0,2.0,0.0
450839,0.0,0.0,0.0,0.0,0.0,0.0,0.0
450912,0.0,0.0,0.0,0.0,0.0,1.0,0.0
451412,0.0,0.0,0.0,0.0,0.0,0.0,0.0
454864,0.0,0.0,0.0,0.0,0.0,1.0,0.0
455202,0.0,0.0,0.0,0.0,0.0,2.0,0.0
455702,0.0,0.0,0.0,0.0,0.0,0.0,0.0
455886,0.0,0.0,0.0,0.0,0.0,1.0,0.0
456287,0.0,0.0,0.0,0.0,0.0,2.0,0.0
456787,0.0,0.0,0.0,0.0,0.0,0.0,0.0
456839,0.0,0.0,0.0,0.0,0.0,1.0,0.0
456923,0.0,0.0,0.0,0.0,0.0,2.0,0.0
457423,0.0,0.0,0.0,0.0,0.0,0.0,0.0
458166,0.0,0.0,0.0,0.0,0.0,1.0,0.0
458666,0.0,0.0,0.0,0.0,0.0,0.0,0.0
459626,0.0,0.0,0.0,0.0,0.0,1.0,0.0
459633,0.0,0.0,0.0,0.0,0.0,2.0,0.0
460133,0.0,0.0,0.0,0.0,0.0,0.0,0.0
460236,0.0,0.0,0.0,0.0,0.0,1.0,0.0
460267,0.0,0.0,0.0,0.0,0.0,2.0,0.0
460767,0.0,0.0,0.0,0.0,0.0,0.0,0.0
460781,0.0,0.0,0.0,0.0,0.0,1.0,0.0
461281,0.0,0.0,0.0,0.0,0.0,0.0,0.0
461637,0.0,0.0,0.0,0.0,0.0,1.0,0.0
461809,0.0,0.0,0.0,0.0,0.0,2.0,0.0
462309,0.0,0.0,0.0,0.0,0.0,0.0,0.0
462950,0.0,0.0,0.0,0.0,0.0,1.0,0.0
463057,0.0,2.0,0.0,0.0,0.0,1.0,0.0
463450,0.0,2.0,0.0,0.0,0.0,0.0,0.0
463557,0.0,0.0,0.0,0.0,0.0,0.0,0.0
463830,0.0,0.0,0.0,0.0,0.0,1.0,0.0
464097,0.0,0.0,0.0,0.0,0.0,2.0,0.0
464597,0.0,0.0,0.0,0.0,0.0,0.0,0.0
464760,0.0,0.0,0.0,0.0,0.0,1.0,0.0
465125,0.0,0.0,0.0,0.0,0.0,2.0,0.0
465625,0.0,0.0,0.0,0.0,0.0,0.0,0.0
465909,0.0,2.0,0.0,0.0,0.0,0.0,0.0
466409,0.0,0.0,0.0,0.0,0.0,0.0,0.0
466420,0.0,0.0,0.0,0.0,0.0,1.0,0.0
466920,0.0,0.0,0.0,0.0,0.0,0.0,0.0
467110,0.0,0.0,0.0,0.0,0.0,1.0,0.0
467610,0.0,0.0,0.0,0.0,0.0,0.0,0.0
468178,0.0,0.0,0.0,0.0,0.0,1.0,0.0
468678,0.0,0.0,0.0,0.0,0.0,0.0,0.0
469609,0.0,0.0,0.0,0.0,0.0,1.0,0.0
470109,0.0,0.0,0.0,0.0,0.0,0.0,0.0
470220,0.0,0.0,0.0,0.0,0.0,1.0,0.0
470261,0.0,0.0,0.0,0.0,0.0,2.0,0.0
470761,0.0,0.0,0.0,0.0,0.0,0.0,0.0
470936,0.0,0.0,0.0,0.0,0.0,1.0,0.0
470952,0.0,0.0,0.0,0.0,0.0,2.0,0.0
471452,0.0,0.0,0.0,0.0,0.0,0.0,0.0
471931,0.0,0.0,0.0,0.0,0.0,1.0,0.0
472431,0.0,0.0,0.0,0.0,0.0,0.0,0.0
473946,0.0,0.0,0.0,0.0,0.0,1.0,0.0
474446,0.0,0.0,0.0,0.0,0.0,0.0,0.0
475386,0.0,0.0,0.0,0.0,0.0,1.0,0.0
475886,0.0,0.0,0.0,0.0,0.0,0.0,0.0
477871,0.0,0.0,0.0,0.0,0.0,1.0,0.0
477896,0.0,0.0,0.0,0.0,0.0,2.0,0.0
478396,0.0,0.0,0.0,0.0,0.0,0.0,0.0
478427,0.0,0.0,0.0,0.0,0.0,1.0,0.0
478444,0.0,0.0,0.0,0.0,0.0,2.0,0.0
478944,0.0,0.0,0.0,0.0,0.0,0.0,0.0
479142,0.0,0.0,0.0,0.0,0.0,1.0,0.0
479144,0.0,0.0,0.0,0.0,0.0,2.0,0.0
479644,0.0,0.0,0.0,0.0,0.0,0.0,0.0
479767,0.0,0.0,0.0,0.0,1.0,0.0,0.0
479902,0.0,0.0,0.0,0.0,1.0,1.0,0.0
479915,0.0,0.0,0.0,0.0,1.0,2.0,0.0
480267,0.0,0.0,0.0,0.0,0.0,2.0,0.0
480415,0.0,0.0,0.0,0.0,0.0,0.0,0.0
480519,0.0,0.0,0.0,0.0,0.0,1.0,0.0
480555,0.0,0.0,0.0,0.0,0.0,2.0,0.0
481055,0.0,0.0,0.0,0.0,0.0,0.0,0.0
481294,0.0,0.0,0.0,0.0,0.0,1.0,0.0
481722,0.0,0.0,0.0,0.0,0.0,2.0,0.0
482222,0.0,0.0,0.0,0.0,0.0,0.0,0.0
482289,0.0,0.0,0.0,0.0,0.0,1.0,0.0
482579,0.0,0.0,0.0,0.0,0.0,2.0,0.0
483079,0.0,0.0,0.0,0.0,0.0,0.0,0.0
483514,0.0,0.0,0.0,0.0,0.0,1.0,0.0
484014,0.0,0.0,0.0,0.0,0.0,0.0,0.0
484730,0.0,0.0,0.0,0.0,0.0,1.0,0.0
485230,0.0,0.0,0.0,0.0,0.0,0.0,0.0
485261,0.0,0.0,0.0,0.0,0.0,1.0,0.0
485549,0.0,0.0,0.0,0.0,0.0,2.0,0.0
485688,0.0,0.0,0.0,0.0,1.0,2.0,0.0
486049,0.0,0.0,0.0,0.0,1.0,0.0,0.0
486188,0.0,0.0,0.0,0.0,0.0,0.0,0.0
486893,0.0,0.0,0.0,0.0,0.0,1.0,0.0
487249,0.0,0.0,0.0,0.0,0.0,2.0,0.0
487749,0.0,0.0,0.0,0.0,0.0,0.0,0.0
488648,0.0,0.0,0.0,0.0,0.0,1.0,0.0
488720,0.0,0.0,0.0,0.0,0.0,2.0,0.0
489220,0.0,0.0,0.0,0.0,0.0,0.0,0.0
489411,0.0,0.0,0.0,0.0,0.0,1.0,0.0
489415,0.0,0.0,0.0,0.0,0.0,2.0,0.0
489915,0.0,0.0,0.0,0.0,0.0,0.0,0.0
490479,0.0,0.0,0.0,0.0,0.0,1.0,0.0
490507,0.0,0.0,0.0,0.0,0.0,2.0,0.0
491007,0.0,0.0,0.0,0.0,0.0,0.0,0.0
491112,0.0,0.0,0.0,0.0,0.0,1.0,0.0
491612,0.0,0.0,0.0,0.0,0.0,0.0,0.0
491821,0.0,0.0,0.0,0.0,0.0,1.0,0.0
491826,0.0,0.0,0.0,0.0,0.0,2.0,0.0
492326,0.0,0.0,0.0,0.0,0.0,0.0,0.0
492342,0.0,0.0,0.0,0.0,0.0,1.0,0.0
492466,0.0,0.0,0.0,0.0,0.0,2.0,0.0
492966,0.0,0.0,0.0,0.0,0.0,0.0,0.0
493311,0.0,0.0,0.0,0.0,0.0,1.0,0.0
493811,0.0,0.0,0.0,0.0,0.0,0.0,0.0
493987,0.0,0.0,0.0,0.0,0.0,1.0,0.0
494096,0.0,0.0,0.0,0.0,0.0,2.0,0.0
494596,0.0,0.0,0.0,0.0,0.0,0.0,0.0
494829,0.0,0.0,0.0,0.0,0.0,1.0,0.0
495098,0.0,0.0,0.0,0.0,0.0,2.0,0.0
495598,0.0,0.0,0.0,0.0,0.0,0.0,0.0
495826,0.0,0.0,0.0,0.0,0.0,1.0,0.0
496326,0.0,0.0,0.0,0.0,0.0,0.0,0.0
497136,0.0,0.0,0.0,0.0,0.0,1.0,0.0
497373,0.0,0.0,0.0,0.0,0.0,2.0,0.0
497873,0.0,0.0,0.0,0.0,0.0,0.0,0.0
498693,0.0,0.0,0.0,0.0,0.0,1.0,0.0
498720,0.0,0.0,0.0,0.0,0.0,2.0,0.0
499220,0.0,0.0,0.0,0.0,0.0,0.0,0.0
499516,0.0,0.0,0.0,0.0,0.0,1.0,0.0
500016,0.0,0.0,0.0,0.0,0.0,0.0,0.0
500207,0.0,0.0,0.0,0.0,0.0,1.0,0.0
500399,0.0,0.0,0.0,0.0,0.0,2.0,0.0
500402,0.0,0.0,0.0,0.0,1.0,2.0,0.0
500899,0.0,0.0,0.0,0.0,1.0,0.0,0.0
500902,0.0,0.0,0.0,0.0,0.0,0.0,0.0
501123,0.0,0.0,0.0,0.0,0.0,1.0,0.0
501144,0.0,0.0,0.0,0.0,1.0,1.0,0.0
501623,0.0,0.0,0.0,0.0,1.0,0.0,0.0
501644,0.0,0.0,0.0,0.0,0.0,0.0,0.0
505765,0.0,0.0,0.0,0.0,1.0,0.0,0.0
505954,0.0,0.0,0.0,0.0,1.0,1.0,0.0
506265,0.0,0.0,0.0,0.0,0.0,1.0,0.0
506454,0.0,0.0,0.0,0.0,0.0,0.0,0.0
507593,0.0,0.0,0.0,0.0,0.0,1.0,0.0
508093,0.0,0.0,0.0,0.0,0.0,0.0,0.0
508307,0.0,0.0,0.0,0.0,0.0,1.0,0.0
508807,0.0,0.0,0.0,0.0,0.0,0.0,0.0
508899,0.0,0.0,0.0,0.0,0.0,1.0,0.0
508902,0.0,0.0,0.0,0.0,0.0,2.0,0.0
509402,0.0,0.0,0.0,0.0,0.0,0.0,0.0
510273,0.0,0.0,0.0,0.0,0.0,1.0,0.0
510773,0.0,0.0,0.0,0.0,0.0,0.0,0.0
513786,0.0,0.0,0.0,0.0,0.0,1.0,0.0
514286,0.0,0.0,0.0,0.0,0.0,0.0,0.0
516036,0.0,0.0,0.0,0.0,0.0,1.0,0.0
516536,0.0,0.0,0.0,0.0,0.0,0.0,0.0
521264,0.0,0.0,0.0,0.0,0.0,1.0,0.0
521764,0.0,0.0,0.0,0.0,0.0,0.0,0.0
521783,0.0,0.0,0.0,0.0,0.0,1.0,0.0
522283,0.0,0.0,0.0,0.0,0.0,0.0,0.0
522696,0.0,0.0,0.0,0.0,0.0,1.0,0.0
523196,0.0,0.0,0.0,0.0,0.0,0.0,0.0
524582,0.0,0.0,0.0,0.0,0.0,1.0,0.0
525082,0.0,0.0,0.0,0.0,0.0,0.0,0.0
526071,0.0,0.0,0.0,0.0,0.0,1.0,0.0
526571,0.0,0.0,0.0,0.0,0.0,0.0,0.0
527533,0.0,0.0,0.0,0.0,0.0,1.0,0.0
528033,0.0,0.0,0.0,0.0,0.0,0.0,0.0
532558,0.0,0.0,0.0,0.0,0.0,1.0,0.0
533058,0.0,0.0,0.0,0.0,0.0,0.0,0.0
535607,0.0,0.0,0.0,0.0,0.0,1.0,0.0
536107,0.0,0.0,0.0,0.0,0.0,0.0,0.0
537536,0.0,0.0,0.0,0.0,0.0,1.0,0.0
538036,0.0,0.0,0.0,0.0,0.0,0.0,0.0
538568,0.0,0.0,0.0,0.0,0.0,1.0,0.0
539068,0.0,0.0,0.0,0.0,0.0,0.0,0.0
541561,0.0,0.0,0.0,0.0,0.0,1.0,0.0
542061,0.0,0.0,0.0,0.0,0.0,0.0,0.0
542873,0.0,0.0,0.0,0.0,0.0,1.0,0.0
543373,0.0,0.0,0.0,0.0,0.0,0.0,0.0
544293,0.0,0.0,0.0,0.0,0.0,1.0,0.0
544412,0.0,0.0,0.0,0.0,0.0,2.0,0.0
544912,0.0,0.0,0.0,0.0,0.0,0.0,0.0
545019,0.0,0.0,0.0,0.0,0.0,1.0,0.0
545519,0.0,0.0,0.0,0.0,0.0,0.0,0.0
545640,0.0,0.0,0.0,0.0,0.0,1.0,0.0
546140,0.0,0.0,0.0,0.0,0.0,0.0,0.0
546744,0.0,0.0,0.0,0.0,0.0,1.0,0.0
547244,0.0,0.0,0.0,0.0,0.0,0.0,0.0
549839,0.0,0.0,0.0,0.0,0.0,1.0,0.0
550339,0.0,0.0,0.0,0.0,0.0,0.0,0.0
553050,0.0,0.0,0.0,0.0,0.0,1.0,0.0
553550,0.0,0.0,0.0,0.0,0.0,0.0,0.0
553922,0.0,0.0,0.0,0.0,0.0,1.0,0.0
554422,0.0,0.0,0.0,0.0,0.0,0.0,0.0
554871,0.0,0.0,0.0,0.0,0.0,1.0,0.0
555371,0.0,0.0,0.0,0.0,0.0,0.0,0.0
555511,0.0,0.0,0.0,0.0,0.0,1.0,0.0
555917,0.0,0.0,0.0,0.0,0.0,2.0,0.0
556417,0.0,0.0,0.0,0.0,0.0,0.0,0.0
560934,0.0,0.0,0.0,0.0,0.0,1.0,0.0
561434,0.0,0.0,0.0,0.0,0.0,0.0,0.0
561587,0.0,0.0,0.0,0.0,0.0,1.0,0.0
562087,0.0,0.0,0.0,0.0,0.0,0.0,0.0
562410,0.0,0.0,0.0,0.0,0.0,1.0,0.0
562413,0.0,0.0,0.0,0.0,0.0,2.0,0.0
562913,0.0,0.0,0.0,0.0,0.0,0.0,0.0
566733,0.0,0.0,0.0,0.0,0.0,1.0,0.0
567233,0.0,0.0,0.0,0.0,0.0,0.0,0.0
570296,0.0,0.0,0.0,0.0,0.0,1.0,0.0
570796,0.0,0.0,0.0,0.0,0.0,0.0,0.0
572034,0.0,0.0,0.0,0.0,0.0,1.0,0.0
572534,0.0,0.0,0.0,0.0,0.0,0.0,0.0
572539,0.0,0.0,0.0,0.0,0.0,1.0,0.0
573039,0.0,0.0,0.0,0.0,0.0,0.0,0.0
577058,0.0,0.0,0.0,0.0,0.0,1.0,0.0
577558,0.0,0.0,0.0,0.0,0.0,0.0,0.0
578749,0.0,0.0,0.0,0.0,0.0,1.0,0.0
579249,0.0,0.0,0.0,0.0,0.0,0.0,0.0
579506,0.0,0.0,0.0,0.0,0.0,1.0,0.0
580006,0.0,0.0,0.0,0.0,0.0,0.0,0.0
580946,0.0,0.0,0.0,0.0,0.0,1.0,0.0
581446,0.0,0.0,0.0,0.0,0.0,0.0,0.0
587962,0.0,0.0,0.0,0.0,0.0,1.0,0.0
588462,0.0,0.0,0.0,0.0,0.0,0.0,0.0
590428,0.0,0.0,0.0,0.0,0.0,1.0,0.0
590928,0.0,0.0,0.0,0.0,0.0,0.0,0.0
594988,0.0,0.0,0.0,0.0,0.0,1.0,0.0
595097,0.0,0.0,0.0,0.0,0.0,2.0,0.0
595132,0.0,0.0,0.0,0.0,1.0,2.0,0.0
595597,0.0,0.0,0.0,0.0,1.0,0.0,0.0
595632,0.0,0.0,0.0,0.0,0.0,0.0,0.0
600468,0.0,0.0,0.0,0.0,0.0,1.0,0.0
600500,0.0,0.0,0.0,0.0,0.0,1.0,1.0
600573,0.0,0.0,0.0,0.0,0.0,2.0,1.0
600607,2.0,0.0,0.0,0.0,0.0,2.0,1.0
600742,2.0,2.0,0.0,0.0,0.0,2.0,1.0
600808,2.0,2.0,0.0,0.0,1.0,2.0,1.0
600879,2.0,2.0,0.0,0.0,2.0,2.0,1.0
601000,2.0,2.0,0.0,0.0,2.0,2.0,0.0
601073,2.0,2.0,0.0,0.0,2.0,0.0,0.0
601078,2.0,2.0,0.0,0.0,2.0,1.0,0.0
601107,0.0,2.0,0.0,0.0,2.0,1.0,0.0
601242,0.0,0.0,0.0,0.0,2.0,1.0,0.0
601379,0.0,0.0,0.0,0.0,0.0,1.0,0.0
601473,0.0,0.0,0.0,0.0,0.0,2.0,0.0
601973,0.0,0.0,0.0,0.0,0.0,0.0,0.0
602074,0.0,0.0,1.0,0.0,0.0,0.0,0.0
602330,0.0,0.0,1.0,0.0,0.0,1.0,0.0
602830,0.0,0.0,1.0,0.0,0.0,0.0,0.0
602863,0.0,0.0,1.0,0.0,0.0,1.0,0.0
603363,0.0,0.0,1.0,0.0,0.0,0.0,0.0
603546,0.0,0.0,2.0,0.0,0.0,0.0,0.0
603548,0.0,0.0,2.0,0.0,0.0,1.0,0.0
603634,0.0,0.0,2.0,0.0,0.0,2.0,0.0
604046,0.0,0.0,0.0,0.0,0.0,2.0,0.0
604134,0.0,0.0,0.0,0.0,0.0,0.0,0.0
604403,0.0,0.0,0.0,0.0,0.0,1.0,0.0
604903,0.0,0.0,0.0,0.0,0.0,0.0,0.0
605552,0.0,0.0,0.0,0.0,0.0,1.0,0.0
605602,0.0,0.0,0.0,0.0,1.0,1.0,0.0
605808,0.0,0.0,1.0,0.0,1.0,1.0,0.0
605871,0.0,0.0,1.0,0.0,1.0,2.0,0.0
606102,0.0,0.0,1.0,0.0,0.0,2.0,0.0
606308,0.0,0.0,0.0,0.0,0.0,2.0,0.0
606371,0.0,0.0,0.0,0.0,0.0,0.0,0.0
606557,0.0,0.0,0.0,0.0,0.0,1.0,0.0
607057,0.0,0.0,0.0,0.0,0.0,0.0,0.0
608281,0.0,0.0,0.0,0.0,0.0,1.0,0.0
608781,0.0,0.0,0.0,0.0,0.0,0.0,0.0
608817,0.0,0.0,0.0,0.0,0.0,1.0,0.0
608820,0.0,0.0,0.0,0.0,0.0,2.0,0.0
609320,0.0,0.0,0.0,0.0,0.0,0.0,0.0
609428,0.0,0.0,0.0,0.0,0.0,1.0,0.0
609498,0.0,0.0,0.0,0.0,0.0,2.0,0.0
609515,0.0,0.0,0.0,0.0,1.0,2.0,0.0
609998,0.0,0.0,0.0,0.0,1.0,0.0,0.0
610015,0.0,0.0,0.0,0.0,0.0,0.0,0.0
610127,0.0,0.0,0.0,0.0,0.0,1.0,0.0
610627,0.0,0.0,0.0,0.0,0.0,0.0,0.0
610960,0.0,0.0,0.0,0.0,0.0,1.0,0.0
611112,0.0,0.0,0.0,0.0,0.0,2.0,0.0
611612,0.0,0.0,0.0,0.0,0.0,0.0,0.0
611950,0.0,0.0,0.0,0.0,0.0,1.0,0.0
612450,0.0,0.0,0.0,0.0,0.0,0.0,0.0
613899,0.0,0.0,0.0,0.0,0.0,1.0,0.0
614399,0.0,0.0,0.0,0.0,0.0,0.0,0.0
614865,0.0,0.0,0.0,0.0,0.0,1.0,0.0
614871,0.0,0.0,0.0,0.0,0.0,2.0,0.0
614898,0.0,2.0,0.0,0.0,0.0,2.0,0.0
614925,0.0,2.0,1.0,0.0,0.0,2.0,0.0
615371,0.0,2.0,1.0,0.0,0.0,1.0,0.0
615398,0.0,0.0,1.0,0.0,0.0,1.0,0.0
615871,0.0,0.0,1.0,0.0,0.0,0.0,0.0
616051,0.0,0.0,1.0,0.0,0.0,1.0,0.0
616303,0.0,0.0,1.0,0.0,0.0,2.0,0.0
616803,0.0,0.0,1.0,0.0,0.0,0.0,0.0
617236,0.0,0.0,1.0,0.0,0.0,1.0,0.0
617736,0.0,0.0,1.0,0.0,0.0,0.0,0.0
618132,0.0,0.0,1.0,0.0,0.0,1.0,0.0
618632,0.0,0.0,1.0,0.0,0.0,0.0,0.0
619268,0.0,0.0,1.0,0.0,0.0,1.0,0.0
619768,0.0,0.0,1.0,0.0,0.0,0.0,0.0
619925,0.0,0.0,0.0,0.0,0.0,0.0,0.0
620004,0.0,0.0,0.0,0.0,0.0,1.0,0.0
620504,0.0,0.0,0.0,0.0,0.0,0.0,0.0
621051,0.0,0.0,0.0,0.0,0.0,1.0,0.0
621551,0.0,0.0,0.0,0.0,0.0,0.0,0.0
622659,0.0,0.0,0.0,0.0,0.0,1.0,0.0
622781,0.0,0.0,0.0,0.0,0.0,2.0,0.0
623281,0.0,0.0,0.0,0.0,0.0,0.0,0.0
623336,0.0,0.0,0.0,0.0,0.0,1.0,0.0
623836,0.0,0.0,0.0,0.0,0.0,0.0,0.0
623960,0.0,0.0,0.0,0.0,0.0,1.0,0.0
624460,0.0,0.0,0.0,0.0,0.0,0.0,0.0
624533,0.0,0.0,0.0,0.0,0.0,1.0,0.0
624559,0.0,0.0,0.0,0.0,0.0,2.0,0.0
624782,0.0,0.0,0.0,0.0,1.0,2.0,0.0
625059,0.0,0.0,0.0,0.0,1.0,0.0,0.0
625282,0.0,0.0,0.0,0.0,0.0,0.0,0.0
625582,0.0,0.0,0.0,0.0,0.0,1.0,0.0
626082,0.0,0.0,0.0,0.0,0.0,0.0,0.0
627100,0.0,0.0,0.0,0.0,0.0,1.0,0.0
627103,0.0,0.0,0.0,0.0,0.0,2.0,0.0
627603,0.0,0.0,0.0,0.0,0.0,0.0,0.0
627896,0.0,0.0,0.0,0.0,0.0,1.0,0.0
628160,0.0,0.0,0.0,0.0,0.0,2.0,0.0
628660,0.0,0.0,0.0,0.0,0.0,0.0,0.0
628899,0.0,0.0,0.0,0.0,0.0,1.0,0.0
628902,0.0,0.0,0.0,0.0,0.0,2.0,0.0
629048,0.0,2.0,0.0,0.0,0.0,2.0,0.0
629402,0.0,2.0,0.0,0.0,0.0,0.0,0.0
629548,0.0,0.0,0.0,0.0,0.0,0.0,0.0
631201,0.0,0.0,0.0,0.0,0.0,1.0,0.0
631701,0.0,0.0,0.0,0.0,0.0,0.0,0.0
631868,0.0,0.0,0.0,0.0,0.0,1.0,0.0
632252,0.0,0.0,0.0,0.0,0.0,2.0,0.0
632752,0.0,0.0,0.0,0.0,0.0,0.0,0.0
632885,0.0,0.0,0.0,0.0,0.0,1.0,0.0
633385,0.0,0.0,0.0,0.0,0.0,0.0,0.0
633410,0.0,0.0,0.0,0.0,0.0,1.0,0.0
633910,0.0,0.0,0.0,0.0,0.0,0.0,0.0
634043,0.0,0.0,0.0,0.0,0.0,1.0,0.0
634347,0.0,0.0,0.0,0.0,0.0,2.0,0.0
634847,0.0,0.0,0.0,0.0,0.0,1.0,0.0
634848,0.0,0.0,0.0,0.0,0.0,2.0,0.0
635348,0.0,0.0,0.0,0.0,0.0,0.0,0.0
635716,0.0,0.0,0.0,0.0,0.0,1.0,0.0
636216,0.0,0.0,0.0,0.0,0.0,0.0,0.0
636336,0.0,0.0,0.0,0.0,0.0,1.0,0.0
636346,0.0,0.0,0.0,0.0,0.0,2.0,0.0
636846,0.0,0.0,0.0,0.0,0.0,0.0,0.0
637273,0.0,0.0,0.0,0.0,0.0,1.0,0.0
637276,0.0,0.0,0.0,0.0,0.0,2.0,0.0
637776,0.0,0.0,0.0,0.0,0.0,0.0,0.0
637853,0.0,0.0,0.0,0.0,0.0,1.0,0.0
638353,0.0,0.0,0.0,0.0,0.0,0.0,0.0
638564,0.0,0.0,0.0,0.0,0.0,1.0,0.0
639064,0.0,0.0,0.0,0.0,0.0,0.0,0.0
640507,0.0,0.0,0.0,0.0,0.0,1.0,0.0
640522,0.0,0.0,0.0,0.0,0.0,2.0,0.0
641022,0.0,0.0,0.0,0.0,0.0,0.0,0.0
641177,0.0,0.0,0.0,0.0,0.0,1.0,0.0
641276,0.0,0.0,0.0,0.0,0.0,2.0,0.0
641282,0.0,0.0,0.0,0.0,1.0,2.0,0.0
641292,0.0,0.0,0.0,0.0,2.0,2.0,0.0
641776,0.0,0.0,0.0,0.0,2.0,0.0,0.0
641792,0.0,0.0,0.0,0.0,0.0,0.0,0.0
641933,0.0,0.0,0.0,0.0,0.0,1.0,0.0
642433,0.0,0.0,0.0,0.0,0.0,0.0,0.0
642575,0.0,0.0,0.0,0.0,1.0,0.0,0.0
642592,0.0,0.0,0.0,0.0,1.0,1.0,0.0
642593,0.0,0.0,0.0,0.0,2.0,1.0,0.0
643092,0.0,0.0,0.0,0.0,2.0,0.0,0.0
643093,0.0,0.0,0.0,0.0,0.0,0.0,0.0
643735,0.0,0.0,0.0,0.0,0.0,1.0,0.0
644235,0.0,0.0,0.0,0.0,0.0,0.0,0.0
644623,0.0,0.0,0.0,0.0,0.0,1.0,0.0
644626,0.0,0.0,0.0,0.0,0.0,2.0,0.0
645126,0.0,0.0,0.0,0.0,0.0,0.0,0.0
645555,0.0,2.0,0.0,0.0,0.0,0.0,0.0
645799,0.0,2.0,0.0,0.0,0.0,1.0,0.0
646055,0.0,0.0,0.0,0.0,0.0,1.0,0.0
646299,0.0,0.0,0.0,0.0,0.0,0.0,0.0
646486,0.0,0.0,0.0,0.0,0.0,1.0,0.0
646504,0.0,0.0,0.0,0.0,0.0,2.0,0.0
647004,0.0,0.0,0.0,0.0,0.0,0.0,0.0
647458,0.0,0.0,0.0,0.0,0.0,1.0,0.0
647958,0.0,0.0,0.0,0.0,0.0,0.0,0.0
648271,0.0,0.0,0.0,0.0,0.0,1.0,0.0
648771,0.0,0.0,0.0,0.0,0.0,0.0,0.0
648961,0.0,0.0,0.0,0.0,0.0,1.0,0.0
648964,0.0,0.0,0.0,0.0,0.0,2.0,0.0
649464,0.0,0.0,0.0,0.0,0.0,0.0,0.0
649548,0.0,0.0,0.0,0.0,0.0,1.0,0.0
650048,0.0,0.0,0.0,0.0,0.0,0.0,0.0
650500,0.0,0.0,0.0,0.0,0.0,1.0,0.0
651000,0.0,0.0,0.0,0.0,0.0,0.0,0.0
651207,0.0,0.0,0.0,0.0,0.0,1.0,0.0
651707,0.0,0.0,0.0,0.0,0.0,0.0,0.0
651742,0.0,0.0,0.0,0.0,0.0,1.0,0.0
651746,0.0,0.0,0.0,0.0,0.0,2.0,0.0
652246,0.0,0.0,0.0,0.0,0.0,0.0,0.0
652747,0.0,0.0,0.0,0.0,0.0,1.0,0.0
652958,0.0,0.0,0.0,0.0,0.0,2.0,0.0
653458,0.0,0.0,0.0,0.0,0.0,0.0,0.0
653529,0.0,0.0,0.0,0.0,0.0,1.0,0.0
654029,0.0,0.0,0.0,0.0,0.0,0.0,0.0
654128,0.0,0.0,0.0,0.0,0.0,1.0,0.0
654628,0.0,0.0,0.0,0.0,0.0,0.0,0.0
654635,0.0,0.0,0.0,0.0,0.0,1.0,0.0
654652,0.0,0.0,0.0,0.0,0.0,2.0,0.0
654769,0.0,0.0,0.0,0.0,1.0,2.0,0.0
655152,0.0,0.0,0.0,0.0,1.0,0.0,0.0
655174,0.0,0.0,0.0,0.0,1.0,1.0,0.0
655269,0.0,0.0,0.0,0.0,0.0,1.0,0.0
655364,0.0,0.0,0.0,0.0,0.0,2.0,0.0
655473,0.0,0.0,0.0,0.0,1.0,2.0,0.0
655864,0.0,0.0,0.0,0.0,1.0,0.0,0.0
655945,0.0,0.0,0.0,0.0,1.0,1.0,0.0
655973,0.0,0.0,0.0,0.0,0.0,1.0,0.0
656445,0.0,0.0,0.0,0.0,0.0,0.0,0.0
657121,0.0,0.0,0.0,0.0,0.0,1.0,0.0
657621,0.0,0.0,0.0,0.0,0.0,0.0,0.0
658018,0.0,0.0,0.0,0.0,0.0,1.0,0.0
658150,0.0,0.0,0.0,0.0,0.0,2.0,0.0
658650,0.0,0.0,0.0,0.0,0.0,0.0,0.0
659039,0.0,0.0,0.0,0.0,0.0,1.0,0.0
659539,0.0,0.0,0.0,0.0,0.0,0.0,0.0
660335,0.0,0.0,0.0,0.0,0.0,1.0,0.0
660835,0.0,0.0,0.0,0.0,0.0,0.0,0.0
660929,0.0,0.0,0.0,0.0,0.0,1.0,0.0
660932,0.0,0.0,0.0,0.0,0.0,2.0,0.0
661432,0.0,0.0,0.0,0.0,0.0,0.0,0.0
661489,0.0,0.0,0.0,0.0,0.0,1.0,0.0
661719,0.0,0.0,0.0,0.0,0.0,2.0,0.0
662219,0.0,0.0,0.0,0.0,0.0,0.0,0.0
662992,0.0,0.0,0.0,0.0,0.0,1.0,0.0
663062,0.0,0.0,0.0,0.0,0.0,2.0,0.0
663562,0.0,0.0,0.0,0.0,0.0,0.0,0.0
663935,0.0,0.0,0.0,0.0,0.0,1.0,0.0
664005,0.0,0.0,0.0,0.0,0.0,2.0,0.0
664009,0.0,0.0,0.0,0.0,1.0,2.0,0.0
664070,0.0,0.0,0.0,0.0,2.0,2.0,0.0
664505,0.0,0.0,0.0,0.0,2.0,0.0,0.0
664570,0.0,0.0,0.0,0.0,0.0,0.0,0.0
664649,0.0,0.0,0.0,0.0,0.0,1.0,0.0
665149,0.0,0.0,0.0,0.0,0.0,0.0,0.0
665168,0.0,0.0,0.0,0.0,0.0,1.0,0.0
665274,0.0,0.0,0.0,0.0,0.0,2.0,0.0
665774,0.0,0.0,0.0,0.0,0.0,0.0,0.0
666061,0.0,0.0,0.0,0.0,0.0,1.0,0.0
666309,0.0,0.0,0.0,0.0,0.0,2.0,0.0
666318,0.0,2.0,0.0,0.0,0.0,2.0,0.0
666809,0.0,2.0,0.0,0.0,0.0,0.0,0.0
666818,0.0,0.0,0.0,0.0,0.0,0.0,0.0
666944,0.0,0.0,0.0,0.0,0.0,1.0,0.0
666950,0.0,0.0,0.0,0.0,1.0,1.0,0.0
666951,0.0,0.0,0.0,0.0,1.0,2.0,0.0
667450,0.0,0.0,0.0,0.0,0.0,2.0,0.0
667451,0.0,0.0,0.0,0.0,0.0,0.0,0.0
667817,0.0,0.0,0.0,0.0,0.0,1.0,0.0
668317,0.0,0.0,0.0,0.0,0.0,0.0,0.0
669365,0.0,0.0,0.0,0.0,0.0,1.0,0.0
669867,0.0,0.0,0.0,0.0,0.0,2.0,0.0
670367,0.0,0.0,0.0,0.0,0.0,0.0,0.0
670427,0.0,0.0,0.0,0.0,0.0,1.0,0.0
670433,0.0,0.0,0.0,0.0,1.0,1.0,0.0
670434,0.0,0.0,0.0,0.0,1.0,2.0,0.0
670933,0.0,0.0,0.0,0.0,0.0,2.0,0.0
670934,0.0,0.0,0.0,0.0,0.0,0.0,0.0
671118,0.0,0.0,0.0,0.0,0.0,1.0,0.0
671618,0.0,0.0,0.0,0.0,0.0,0.0,0.0
671991,0.0,0.0,0.0,0.0,0.0,1.0,0.0
671995,0.0,0.0,0.0,0.0,0.0,2.0,0.0
672495,0.0,0.0,0.0,0.0,0.0,0.0,0.0
672776,0.0,0.0,0.0,0.0,0.0,1.0,0.0
673383,0.0,0.0,0.0,0.0,0.0,2.0,0.0
673883,0.0,0.0,0.0,0.0,0.0,0.0,0.0
674171,0.0,0.0,0.0,0.0,0.0,1.0,0.0
674178,0.0,0.0,0.0,0.0,0.0,2.0,0.0
674678,0.0,0.0,0.0,0.0,0.0,0.0,0.0
675054,0.0,0.0,0.0,0.0,0.0,1.0,0.0
675299,0.0,0.0,0.0,0.0,0.0,2.0,0.0
675799,0.0,0.0,0.0,0.0,0.0,0.0,0.0
676229,0.0,0.0,0.0,0.0,0.0,1.0,0.0
676729,0.0,0.0,0.0,0.0,0.0,0.0,0.0
676934,0.0,0.0,0.0,0.0,0.0,1.0,0.0
677434,0.0,0.0,0.0,0.0,0.0,0.0,0.0
677553,0.0,0.0,0.0,0.0,0.0,1.0,0.0
677758,0.0,0.0,0.0,0.0,0.0,2.0,0.0
678258,0.0,0.0,0.0,0.0,0.0,0.0,0.0
678708,0.0,0.0,0.0,0.0,0.0,1.0,0.0
678714,0.0,0.0,0.0,0.0,0.0,2.0,0.0
679214,0.0,0.0,0.0,0.0,0.0,0.0,0.0
679293,0.0,0.0,0.0,0.0,0.0,1.0,0.0
679793,0.0,0.0,0.0,0.0,0.0,0.0,0.0
680007,0.0,0.0,0.0,0.0,0.0,1.0,0.0
680507,0.0,0.0,0.0,0.0,0.0,0.0,0.0
681318,0.0,0.0,0.0,0.0,0.0,1.0,0.0
681818,0.0,0.0,0.0,0.0,0.0,0.0,0.0
682706,0.0,0.0,0.0,0.0,0.0,1.0,0.0
683206,0.0,0.0,0.0,0.0,0.0,0.0,0.0
683490,0.0,0.0,0.0,0.0,0.0,1.0,0.0
683990,0.0,0.0,0.0,0.0,0.0,0.0,0.0
684748,0.0,0.0,1.0,0.0,0.0,0.0,0.0
685171,0.0,0.0,1.0,0.0,0.0,1.0,0.0
685414,0.0,0.0,1.0,0.0,0.0,2.0,0.0
685914,0.0,0.0,1.0,0.0,0.0,0.0,0.0
686110,0.0,0.0,1.0,0.0,0.0,1.0,0.0
686370,0.0,2.0,1.0,0.0,0.0,1.0,0.0
686610,0.0,2.0,1.0,0.0,0.0,0.0,0.0
686760,0.0,2.0,1.0,0.0,0.0,1.0,0.0
686870,0.0,0.0,1.0,0.0,0.0,1.0,0.0
687760,0.0,0.0,1.0,0.0,0.0,0.0,0.0
688248,0.0,0.0,0.0,0.0,0.0,0.0,0.0
688253,0.0,0.0,0.0,0.0,0.0,1.0,0.0
688560,0.0,0.0,1.0,0.0,0.0,1.0,0.0
688648,0.0,0.0,1.0,0.0,0.0,2.0,0.0
689148,0.0,0.0,1.0,0.0,0.0,0.0,0.0
689159,0.0,2.0,1.0,0.0,0.0,0.0,0.0
689516,0.0,2.0,1.0,0.0,0.0,1.0,0.0
689659,0.0,0.0,1.0,0.0,0.0,1.0,0.0
689708,0.0,0.0,1.0,0.0,0.0,2.0,0.0
690208,0.0,0.0,1.0,0.0,0.0,0.0,0.0
690296,0.0,0.0,1.0,0.0,0.0,1.0,0.0
690796,0.0,0.0,1.0,0.0,0.0,0.0,0.0
690855,0.0,0.0,1.0,0.0,0.0,1.0,0.0
690858,0.0,0.0,1.0,0.0,0.0,2.0,0.0
691358,0.0,0.0,1.0,0.0,0.0,0.0,0.0
691455,0.0,0.0,1.0,0.0,0.0,1.0,0.0
691955,0.0,0.0,1.0,0.0,0.0,0.0,0.0
691979,0.0,0.0,1.0,0.0,0.0,1.0,0.0
691985,0.0,0.0,1.0,0.0,0.0,2.0,0.0
692485,0.0,0.0,1.0,0.0,0.0,0.0,0.0
692694,0.0,0.0,1.0,0.0,0.0,1.0,0.0
693152,0.0,0.0,1.0,0.0,0.0,2.0,0.0
693652,0.0,0.0,1.0,0.0,0.0,0.0,0.0
694944,0.0,0.0,1.0,0.0,0.0,1.0,0.0
694947,0.0,0.0,1.0,0.0,0.0,2.0,0.0
695447,0.0,0.0,1.0,0.0,0.0,0.0,0.0
696130,0.0,0.0,1.0,0.0,0.0,1.0,0.0
696197,0.0,0.0,1.0,0.0,0.0,2.0,0.0
696697,0.0,0.0,1.0,0.0,0.0,0.0,0.0
697060,0.0,0.0,0.0,0.0,0.0,0.0,0.0
697066,0.0,0.0,1.0,0.0,0.0,0.0,0.0
697070,0.0,0.0,1.0,0.0,0.0,1.0,0.0
697139,0.0,0.0,1.0,0.0,0.0,2.0,0.0
697639,0.0,0.0,1.0,0.0,0.0,0.0,0.0
699099,0.0,0.0,1.0,0.0,0.0,1.0,0.0
699599,0.0,0.0,1.0,0.0,0.0,0.0,0.0
700244,0.0,0.0,1.0,0.0,0.0,1.0,0.0
700253,0.0,0.0,1.0,0.0,0.0,2.0,0.0
700753,0.0,0.0,1.0,0.0,0.0,0.0,0.0
701066,0.0,0.0,0.0,0.0,0.0,0.0,0.0
706253,0.0,0.0,0.0,0.0,0.0,1.0,0.0
706753,0.0,0.0,0.0,0.0,0.0,0.0,0.0
708696,0.0,0.0,0.0,0.0,0.0,1.0,0.0
708697,0.0,0.0,0.0,0.0,0.0,2.0,0.0
709197,0.0,0.0,0.0,0.0,0.0,0.0,0.0
709944,0.0,0.0,0.0,0.0,1.0,0.0,0.0
710444,0.0,0.0,0.0,0.0,0.0,0.0,0.0
712281,0.0,0.0,0.0,0.0,0.0,1.0,0.0
712781,0.0,0.0,0.0,0.0,0.0,0.0,0.0
713380,0.0,0.0,0.0,0.0,0.0,1.0,0.0
713880,0.0,0.0,0.0,0.0,0.0,0.0,0.0
714583,0.0,0.0,0.0,0.0,0.0,1.0,0.0
714585,0.0,0.0,0.0,0.0,0.0,2.0,0.0
715085,0.0,0.0,0.0,0.0,0.0,0.0,0.0
721187,0.0,0.0,0.0,0.0,0.0,1.0,0.0
721687,0.0,0.0,0.0,0.0,0.0,0.0,0.0
722221,0.0,0.0,0.0,0.0,0.0,1.0,0.0
722721,0.0,0.0,0.0,0.0,0.0,0.0,0.0
722740,0.0,0.0,0.0,0.0,0.0,1.0,0.0
723240,0.0,0.0,0.0,0.0,0.0,0.0,0.0
725306,0.0,0.0,0.0,0.0,0.0,1.0,0.0
725806,0.0,0.0,0.0,0.0,0.0,0.0,0.0
726262,0.0,0.0,0.0,0.0,0.0,1.0,0.0
726762,0.0,0.0,0.0,0.0,0.0,0.0,0.0
727822,0.0,0.0,0.0,0.0,0.0,1.0,0.0
728322,0.0,0.0,0.0,0.0,0.0,0.0,0.0
734037,0.0,0.0,0.0,0.0,0.0,1.0,0.0
734537,0.0,0.0,0.0,0.0,0.0,0.0,0.0
734644,0.0,0.0,0.0,0.0,0.0,1.0,0.0
735144,0.0,0.0,0.0,0.0,0.0,0.0,0.0
736032,0.0,0.0,0.0,0.0,0.0,1.0,0.0
736532,0.0,0.0,0.0,0.0,0.0,0.0,0.0
738081,0.0,0.0,0.0,0.0,0.0,1.0,0.0
738581,0.0,0.0,0.0,0.0,0.0,0.0,0.0
739484,0.0,0.0,0.0,0.0,0.0,1.0,0.0
739984,0.0,0.0,0.0,0.0,0.0,0.0,0.0
740228,0.0,0.0,0.0,0.0,0.0,1.0,0.0
740728,0.0,0.0,0.0,0.0,0.0,0.0,0.0
741756,0.0,0.0,0.0,0.0,0.0,1.0,0.0
742256,0.0,0.0,0.0,0.0,0.0,0.0,0.0
750929,0.0,0.0,0.0,0.0,0.0,1.0,0.0
751429,0.0,0.0,0.0,0.0,0.0,0.0,0.0
754067,0.0,0.0,0.0,0.0,0.0,1.0,0.0
754567,0.0,0.0,0.0,0.0,0.0,0.0,0.0
754874,0.0,0.0,0.0,0.0,0.0,1.0,0.0
755374,0.0,0.0,0.0,0.0,0.0,0.0,0.0
755429,0.0,0.0,0.0,0.0,0.0,1.0,0.0
755929,0.0,0.0,0.0,0.0,0.0,0.0,0.0
757563,0.0,0.0,0.0,0.0,0.0,1.0,0.0
758063,0.0,0.0,0.0,0.0,0.0,0.0,0.0
759915,0.0,0.0,0.0,0.0,0.0,1.0,0.0
759920,0.0,0.0,0.0,0.0,0.0,2.0,0.0
760420,0.0,0.0,0.0,0.0,0.0,0.0,0.0
764261,0.0,0.0,0.0,0.0,0.0,1.0,0.0
764761,0.0,0.0,0.0,0.0,0.0,0.0,0.0
766235,0.0,0.0,0.0,0.0,0.0,1.0,0.0
766735,0.0,0.0,0.0,0.0,0.0,0.0,0.0
766746,0.0,0.0,0.0,0.0,0.0,1.0,0.0
767246,0.0,0.0,0.0,0.0,0.0,0.0,0.0
767258,0.0,0.0,0.0,0.0,0.0,1.0,0.0
767261,0.0,0.0,0.0,0.0,0.0,2.0,0.0
767761,0.0,0.0,0.0,0.0,0.0,0.0,0.0
768031,0.0,0.0,0.0,0.0,0.0,1.0,0.0
768531,0.0,0.0,0.0,0.0,0.0,0.0,0.0
772244,0.0,0.0,0.0,0.0,0.0,1.0,0.0
772744,0.0,0.0,0.0,0.0,0.0,0.0,0.0
773527,0.0,0.0,0.0,0.0,0.0,1.0,0.0
774027,0.0,0.0,0.0,0.0,0.0,0.0,0.0
774763,0.0,0.0,0.0,0.0,0.0,1.0,0.0
775263,0.0,0.0,0.0,0.0,0.0,0.0,0.0
775414,0.0,0.0,0.0,0.0,0.0,1.0,0.0
775416,0.0,0.0,0.0,0.0,0.0,2.0,0.0
775916,0.0,0.0,0.0,0.0,0.0,0.0,0.0
778541,0.0,0.0,0.0,0.0,0.0,1.0,0.0
778705,0.0,0.0,0.0,0.0,0.0,2.0,0.0
778706,0.0,0.0,0.0,0.0,1.0,2.0,0.0
779205,0.0,0.0,0.0,0.0,1.0,0.0,0.0
779206,0.0,0.0,0.0,0.0,0.0,0.0,0.0
782464,0.0,0.0,0.0,0.0,0.0,1.0,0.0
782476,0.0,0.0,0.0,0.0,0.0,2.0,0.0
782976,0.0,0.0,0.0,0.0,0.0,0.0,0.0
783589,0.0,0.0,0.0,0.0,0.0,1.0,0.0
784089,0.0,0.0,0.0,0.0,0.0,0.0,0.0
784819,0.0,0.0,0.0,0.0,0.0,1.0,0.0
785319,0.0,0.0,0.0,0.0,0.0,0.0,0.0
785522,0.0,0.0,0.0,0.0,0.0,1.0,0.0
785532,0.0,0.0,0.0,0.0,0.0,2.0,0.0
786032,0.0,0.0,0.0,0.0,0.0,0.0,0.0
787578,0.0,0.0,0.0,0.0,0.0,1.0,0.0
788078,0.0,0.0,0.0,0.0,0.0,0.0,0.0
788306,0.0,0.0,0.0,0.0,0.0,1.0,0.0
788806,0.0,0.0,0.0,0.0,0.0,0.0,0.0
789967,0.0,0.0,0.0,0.0,0.0,1.0,0.0
790467,0.0,0.0,0.0,0.0,0.0,0.0,0.0
791160,0.0,0.0,0.0,0.0,0.0,1.0,0.0
791660,0.0,0.0,0.0,0.0,0.0,0.0,0.0
792313,0.0,0.0,0.0,0.0,1.0,1.0,0.0
792813,0.0,0.0,0.0,0.0,0.0,0.0,0.0
793519,0.0,0.0,0.0,0.0,0.0,1.0,0.0
794019,0.0,0.0,0.0,0.0,0.0,0.0,0.0
794664,0.0,0.0,0.0,0.0,0.0,1.0,0.0
795164,0.0,0.0,0.0,0.0,0.0,0.0,0.0
795406,0.0,0.0,0.0,0.0,0.0,1.0,0.0
795906,0.0,0.0,0.0,0.0,0.0,0.0,0.0
797974,0.0,0.0,0.0,0.0,0.0,1.0,0.0
798474,0.0,0.0,0.0,0.0,0.0,0.0,0.0
798800,0.0,0.0,0.0,0.0,0.0,1.0,0.0
799300,0.0,0.0,0.0,0.0,0.0,0.0,0.0
799605,0.0,0.0,0.0,0.0,0.0,1.0,0.0
800106,0.0,0.0,0.0,0.0,0.0,2.0,0.0
800606,0.0,0.0,0.0,0.0,0.0,0.0,0.0
800700,0.0,0.0,0.0,0.0,0.0,0.0,1.0
800807,0.0,0.0,0.0,0.0,0.0,1.0,1.0
800814,0.0,0.0,0.0,0.0,0.0,2.0,1.0
800863,2.0,0.0,0.0,0.0,0.0,2.0,1.0
800926,2.0,0.0,0.0,0.0,1.0,2.0,1.0
800971,2.0,2.0,0.0,0.0,1.0,2.0,1.0
800981,2.0,2.0,0.0,0.0,2.0,2.0,1.0
801200,2.0,2.0,0.0,0.0,2.0,2.0,0.0
801314,2.0,2.0,0.0,0.0,2.0,0.0,0.0
801363,0.0,2.0,0.0,0.0,2.0,0.0,0.0
801379,0.0,2.0,0.0,0.0,2.0,1.0,0.0
801471,0.0,0.0,0.0,0.0,2.0,1.0,0.0
801481,0.0,0.0,0.0,0.0,0.0,1.0,0.0
801879,0.0,0.0,0.0,0.0,0.0,0.0,0.0
801940,0.0,0.0,0.0,0.0,0.0,1.0,0.0
802232,0.0,0.0,1.0,0.0,0.0,1.0,0.0
802440,0.0,0.0,1.0,0.0,0.0,0.0,0.0
802615,0.0,0.0,1.0,0.0,0.0,1.0,0.0
803115,0.0,0.0,1.0,0.0,0.0,0.0,0.0
803228,0.0,0.0,1.0,0.0,0.0,1.0,0.0
803591,0.0,0.0,2.0,0.0,0.0,1.0,0.0
803728,0.0,0.0,2.0,0.0,0.0,0.0,0.0
804091,0.0,0.0,0.0,0.0,0.0,0.0,0.0
804605,0.0,0.0,0.0,0.0,0.0,1.0,0.0
804789,0.0,0.0,0.0,0.0,0.0,2.0,0.0
805289,0.0,0.0,0.0,0.0,0.0,0.0,0.0
805477,0.0,0.0,0.0,0.0,0.0,1.0,0.0
805977,0.0,0.0,0.0,0.0,0.0,0.0,0.0
806183,0.0,0.0,0.0,0.0,0.0,1.0,0.0
806186,0.0,0.0,0.0,0.0,0.0,2.0,0.0
806270,0.0,0.0,0.0,0.0,1.0,2.0,0.0
806321,0.0,0.0,1.0,0.0,1.0,2.0,0.0
806324,0.0,0.0,1.0,0.0,2.0,2.0,0.0
806686,0.0,0.0,1.0,0.0,2.0,0.0,0.0
806824,0.0,0.0,1.0,0.0,0.0,0.0,0.0
807011,0.0,0.0,1.0,0.0,0.0,1.0,0.0
807511,0.0,0.0,1.0,0.0,0.0,0.0,0.0
807903,0.0,0.0,1.0,0.0,0.0,1.0,0.0
808403,0.0,0.0,1.0,0.0,0.0,0.0,0.0
809405,0.0,0.0,1.0,0.0,0.0,1.0,0.0
809905,0.0,0.0,1.0,0.0,0.0,0.0,0.0
810321,0.0,0.0,0.0,0.0,0.0,0.0,0.0
810378,0.0,0.0,1.0,0.0,0.0,0.0,0.0
811378,0.0,0.0,0.0,0.0,0.0,0.0,0.0
811613,0.0,0.0,0.0,0.0,0.0,1.0,0.0
812113,0.0,0.0,0.0,0.0,0.0,0.0,0.0
812176,0.0,0.0,0.0,0.0,0.0,1.0,0.0
812185,0.0,0.0,0.0,0.0,0.0,2.0,0.0
812685,0.0,0.0,0.0,0.0,0.0,0.0,0.0
813044,0.0,0.0,0.0,0.0,0.0,1.0,0.0
813236,0.0,0.0,0.0,0.0,0.0,2.0,0.0
813736,0.0,0.0,0.0,0.0,0.0,0.0,0.0
813738,0.0,0.0,0.0,0.0,0.0,1.0,0.0
814238,0.0,0.0,0.0,0.0,0.0,0.0,0.0
814276,0.0,0.0,0.0,0.0,0.0,1.0,0.0
814776,0.0,0.0,0.0,0.0,0.0,0.0,0.0
814870,0.0,0.0,0.0,0.0,0.0,1.0,0.0
815370,0.0,0.0,0.0,0.0,0.0,0.0,0.0
815438,0.0,0.0,0.0,0.0,0.0,1.0,0.0
815572,0.0,0.0,0.0,0.0,0.0,2.0,0.0
816072,0.0,0.0,0.0,0.0,0.0,0.0,0.0
816331,0.0,0.0,0.0,0.0,0.0,1.0,0.0
816831,0.0,0.0,0.0,0.0,0.0,0.0,0.0
818149,0.0,0.0,0.0,0.0,0.0,1.0,0.0
818649,0.0,0.0,0.0,0.0,0.0,0.0,0.0
818867,0.0,0.0,0.0,0.0,0.0,1.0,0.0
819367,0.0,0.0,0.0,0.0,0.0,0.0,0.0
819574,0.0,0.0,0.0,0.0,0.0,1.0,0.0
819578,0.0,0.0,0.0,0.0,0.0,2.0,0.0
820078,0.0,0.0,0.0,0.0,0.0,0.0,0.0
820115,0.0,0.0,0.0,0.0,0.0,1.0,0.0
820615,0.0,0.0,0.0,0.0,0.0,0.0,0.0
820666,0.0,0.0,0.0,0.0,0.0,1.0,0.0
820679,0.0,0.0,0.0,0.0,0.0,2.0,0.0
821179,0.0,0.0,0.0,0.0,0.0,0.0,0.0
821223,0.0,0.0,0.0,0.0,0.0,1.0,0.0
821723,0.0,0.0,0.0,0.0,0.0,0.0,0.0
822022,0.0,0.0,0.0,0.0,0.0,1.0,0.0
822522,0.0,0.0,0.0,0.0,0.0,0.0,0.0
822574,0.0,0.0,0.0,0.0,0.0,1.0,0.0
823074,0.0,0.0,0.0,0.0,0.0,0.0,0.0
823113,0.0,0.0,0.0,0.0,0.0,1.0,0.0
823247,0.0,0.0,0.0,0.0,0.0,2.0,0.0
823747,0.0,0.0,0.0,0.0,0.0,0.0,0.0
824242,0.0,0.0,0.0,0.0,0.0,1.0,0.0
824404,0.0,0.0,0.0,0.0,0.0,2.0,0.0
824904,0.0,0.0,0.0,0.0,0.0,0.0,0.0
825487,0.0,0.0,0.0,0.0,0.0,1.0,0.0
825677,0.0,0.0,0.0,0.0,0.0,2.0,0.0
826037,0.0,0.0,0.0,0.0,1.0,2.0,0.0
826177,0.0,0.0,0.0,0.0,1.0,0.0,0.0
826537,0.0,0.0,0.0,0.0,0.0,0.0,0.0
826699,0.0,0.0,0.0,0.0,0.0,1.0,0.0
827199,0.0,0.0,0.0,0.0,0.0,0.0,0.0
827412,0.0,0.0,0.0,0.0,0.0,1.0,0.0
827487,0.0,0.0,0.0,0.0,0.0,2.0,0.0
827987,0.0,0.0,0.0,0.0,0.0,0.0,0.0
828342,0.0,0.0,0.0,0.0,0.0,1.0,0.0
828842,0.0,0.0,0.0,0.0,0.0,0.0,0.0
828957,0.0,0.0,0.0,0.0,0.0,1.0,0.0
828960,0.0,0.0,0.0,0.0,0.0,2.0,0.0
829460,0.0,0.0,0.0,0.0,0.0,0.0,0.0
830049,0.0,0.0,0.0,0.0,0.0,1.0,0.0
830052,0.0,0.0,0.0,0.0,0.0,2.0,0.0
830552,0.0,0.0,0.0,0.0,0.0,0.0,0.0
830956,0.0,0.0,0.0,0.0,0.0,1.0,0.0
831456,0.0,0.0,0.0,0.0,0.0,0.0,0.0
831643,0.0,0.0,0.0,0.0,0.0,1.0,0.0
831647,0.0,0.0,0.0,0.0,0.0,2.0,0.0
832147,0.0,0.0,0.0,0.0,0.0,0.0,0.0
832164,0.0,0.0,0.0,0.0,0.0,1.0,0.0
832664,0.0,0.0,0.0,0.0,0.0,0.0,0.0
832817,0.0,2.0,0.0,0.0,0.0,0.0,0.0
832826,0.0,2.0,0.0,0.0,0.0,1.0,0.0
833317,0.0,0.0,0.0,0.0,0.0,1.0,0.0
833326,0.0,0.0,0.0,0.0,0.0,0.0,0.0
833578,0.0,0.0,0.0,0.0,0.0,1.0,0.0
834078,0.0,0.0,0.0,0.0,0.0,0.0,0.0
834618,0.0,0.0,0.0,0.0,0.0,1.0,0.0
835118,0.0,0.0,0.0,0.0,0.0,0.0,0.0
835432,0.0,0.0,0.0,0.0,0.0,1.0,0.0
835439,0.0,0.0,0.0,0.0,0.0,2.0,0.0
835939,0.0,0.0,0.0,0.0,0.0,0.0,0.0
836299,0.0,0.0,0.0,0.0,0.0,1.0,0.0
836363,0.0,0.0,0.0,0.0,0.0,2.0,0.0
836863,0.0,0.0,0.0,0.0,0.0,0.0,0.0
837437,0.0,0.0,0.0,0.0,0.0,1.0,0.0
837937,0.0,0.0,0.0,0.0,0.0,0.0,0.0
838330,0.0,0.0,0.0,0.0,0.0,1.0,0.0
838830,0.0,0.0,0.0,0.0,0.0,0.0,0.0
838931,0.0,0.0,0.0,0.0,0.0,1.0,0.0
839431,0.0,0.0,0.0,0.0,0.0,0.0,0.0
839905,0.0,0.0,0.0,0.0,0.0,1.0,0.0
840405,0.0,0.0,0.0,0.0,0.0,0.0,0.0
840811,0.0,0.0,0.0,0.0,0.0,1.0,0.0
841311,0.0,0.0,0.0,0.0,0.0,0.0,0.0
843287,0.0,0.0,0.0,0.0,0.0,1.0,0.0
843386,0.0,0.0,0.0,0.0,0.0,2.0,0.0
843886,0.0,0.0,0.0,0.0,0.0,0.0,0.0
844007,0.0,0.0,0.0,0.0,0.0,1.0,0.0
844191,0.0,0.0,0.0,0.0,0.0,2.0,0.0
844691,0.0,0.0,0.0,0.0,0.0,0.0,0.0
844744,0.0,0.0,0.0,0.0,0.0,1.0,0.0
845244,0.0,0.0,0.0,0.0,0.0,0.0,0.0
845314,0.0,0.0,0.0,0.0,0.0,1.0,0.0
845317,0.0,0.0,0.0,0.0,0.0,2.0,0.0
845817,0.0,0.0,0.0,0.0,0.0,0.0,0.0
845824,0.0,0.0,0.0,0.0,0.0,1.0,0.0
845991,0.0,0.0,0.0,0.0,0.0,2.0,0.0
846491,0.0,0.0,0.0,0.0,0.0,0.0,0.0
847783,0.0,0.0,0.0,0.0,0.0,1.0,0.0
848283,0.0,0.0,0.0,0.0,0.0,0.0,0.0
848331,0.0,0.0,0.0,0.0,0.0,1.0,0.0
848831,0.0,0.0,0.0,0.0,0.0,2.0,0.0
849331,0.0,0.0,0.0,0.0,0.0,0.0,0.0
849518,0.0,0.0,0.0,0.0,0.0,1.0,0.0
850018,0.0,0.0,0.0,0.0,0.0,0.0,0.0
850132,0.0,0.0,0.0,0.0,0.0,1.0,0.0
850632,0.0,0.0,0.0,0.0,0.0,0.0,0.0
850722,0.0,0.0,0.0,0.0,0.0,1.0,0.0
851222,0.0,0.0,0.0,0.0,0.0,0.0,0.0
851275,0.0,0.0,0.0,0.0,0.0,1.0,0.0
851474,0.0,0.0,0.0,0.0,1.0,1.0,0.0
851487,0.0,0.0,0.0,0.0,2.0,1.0,0.0
851775,0.0,0.0,0.0,0.0,2.0,0.0,0.0
851987,0.0,0.0,0.0,0.0,0.0,0.0,0.0
852128,0.0,0.0,0.0,0.0,0.0,1.0,0.0
852628,0.0,0.0,0.0,0.0,0.0,0.0,0.0
852630,0.0,0.0,0.0,0.0,0.0,1.0,0.0
852848,0.0,0.0,0.0,0.0,1.0,1.0,0.0
852849,0.0,0.0,0.0,0.0,1.0,2.0,0.0
853348,0.0,0.0,0.0,0.0,0.0,2.0,0.0
853349,0.0,0.0,0.0,0.0,0.0,0.0,0.0
854542,0.0,0.0,0.0,0.0,0.0,1.0,0.0
855042,0.0,0.0,0.0,0.0,0.0,0.0,0.0
855079,0.0,0.0,0.0,0.0,0.0,1.0,0.0
855579,0.0,0.0,0.0,0.0,0.0,0.0,0.0
855599,0.0,0.0,0.0,0.0,0.0,1.0,0.0
855618,0.0,0.0,0.0,0.0,0.0,2.0,0.0
856118,0.0,0.0,0.0,0.0,0.0,0.0,0.0
856381,0.0,0.0,0.0,0.0,0.0,1.0,0.0
856627,0.0,0.0,0.0,0.0,0.0,2.0,0.0
857127,0.0,0.0,0.0,0.0,0.0,0.0,0.0
857441,0.0,0.0,0.0,0.0,0.0,1.0,0.0
857445,0.0,0.0,0.0,0.0,0.0,2.0,0.0
857945,0.0,0.0,0.0,0.0,0.0,0.0,0.0
858052,0.0,0.0,0.0,0.0,0.0,1.0,0.0
858552,0.0,0.0,0.0,0.0,0.0,0.0,0.0
859036,0.0,0.0,0.0,0.0,0.0,1.0,0.0
859536,0.0,0.0,0.0,0.0,0.0,0.0,0.0
859632,0.0,0.0,0.0,0.0,0.0,1.0,0.0
859648,0.0,0.0,0.0,0.0,0.0,2.0,0.0
860148,0.0,0.0,0.0,0.0,0.0,0.0,0.0
860526,0.0,0.0,0.0,0.0,0.0,1.0,0.0
860603,0.0,2.0,0.0,0.0,0.0,1.0,0.0
861026,0.0,2.0,0.0,0.0,0.0,0.0,0.0
861103,0.0,0.0,0.0,0.0,0.0,0.0,0.0
861809,0.0,0.0,0.0,0.0,0.0,1.0,0.0
862223,0.0,0.0,0.0,0.0,0.0,2.0,0.0
862723,0.0,0.0,0.0,0.0,0.0,0.0,0.0
863237,0.0,0.0,0.0,0.0,0.0,1.0,0.0
863737,0.0,0.0,0.0,0.0,0.0,0.0,0.0
863944,0.0,0.0,0.0,0.0,0.0,1.0,0.0
864444,0.0,0.0,0.0,0.0,0.0,0.0,0.0
864585,0.0,0.0,0.0,0.0,0.0,1.0,0.0
865085,0.0,0.0,0.0,0.0,0.0,0.0,0.0
865844,0.0,0.0,0.0,0.0,0.0,1.0,0.0
865847,0.0,0.0,0.0,0.0,0.0,2.0,0.0
866347,0.0,0.0,0.0,0.0,0.0,0.0,0.0
866434,0.0,0.0,0.0,0.0,0.0,1.0,0.0
866934,0.0,0.0,0.0,0.0,0.0,0.0,0.0
866948,0.0,0.0,0.0,0.0,0.0,1.0,0.0
867017,0.0,0.0,0.0,0.0,0.0,2.0,0.0
867517,0.0,0.0,0.0,0.0,0.0,0.0,0.0
867539,0.0,0.0,0.0,0.0,0.0,1.0,0.0
867783,0.0,0.0,0.0,0.0,0.0,2.0,0.0
868283,0.0,0.0,0.0,0.0,0.0,0.0,0.0
869027,0.0,0.0,0.0,0.0,0.0,1.0,0.0
869527,0.0,0.0,0.0,0.0,0.0,0.0,0.0
869584,0.0,0.0,0.0,0.0,0.0,1.0,0.0
870084,0.0,0.0,0.0,0.0,0.0,0.0,0.0
870989,0.0,0.0,0.0,0.0,0.0,1.0,0.0
871294,0.0,0.0,0.0,0.0,0.0,2.0,0.0
871794,0.0,0.0,0.0,0.0,0.0,0.0,0.0
871908,0.0,0.0,0.0,0.0,0.0,1.0,0.0
872408,0.0,0.0,0.0,0.0,0.0,0.0,0.0
872898,0.0,0.0,0.0,0.0,0.0,1.0,0.0
872981,0.0,0.0,0.0,0.0,0.0,2.0,0.0
873481,0.0,0.0,0.0,0.0,0.0,0.0,0.0
873825,0.0,0.0,0.0,0.0,0.0,1.0,0.0
873955,0.0,0.0,0.0,0.0,0.0,2.0,0.0
874455,0.0,0.0,0.0,0.0,0.0,0.0,0.0
874736,0.0,0.0,0.0,0.0,0.0,1.0,0.0
875143,0.0,0.0,0.0,0.0,0.0,2.0,0.0
875643,0.0,0.0,0.0,0.0,0.0,0.0,0.0
876425,0.0,0.0,0.0,0.0,0.0,1.0,0.0
876925,0.0,0.0,0.0,0.0,0.0,0.0,0.0
877024,0.0,0.0,0.0,0.0,0.0,1.0,0.0
877612,0.0,0.0,0.0,0.0,0.0,2.0,0.0
878112,0.0,0.0,0.0,0.0,0.0,0.0,0.0
878187,0.0,0.0,0.0,0.0,0.0,1.0,0.0
878190,0.0,0.0,0.0,0.0,0.0,2.0,0.0
878690,0.0,0.0,0.0,0.0,0.0,0.0,0.0
878947,0.0,0.0,0.0,0.0,0.0,1.0,0.0
878993,0.0,0.0,0.0,0.0,0.0,2.0,0.0
879493,0.0,0.0,0.0,0.0,0.0,0.0,0.0
879989,0.0,0.0,0.0,0.0,0.0,1.0,0.0
880489,0.0,0.0,0.0,0.0,0.0,0.0,0.0
881376,0.0,0.0,0.0,0.0,0.0,1.0,0.0
881876,0.0,0.0,0.0,0.0,0.0,0.0,0.0
881952,0.0,0.0,0.0,0.0,0.0,1.0,0.0
881967,0.0,0.0,0.0,0.0,0.0,2.0,0.0
882467,0.0,0.0,0.0,0.0,0.0,0.0,0.0
882681,0.0,0.0,0.0,0.0,0.0,1.0,0.0
883181,0.0,0.0,0.0,0.0,0.0,0.0,0.0
883420,0.0,0.0,0.0,0.0,0.0,1.0,0.0
883444,0.0,0.0,0.0,0.0,0.0,2.0,0.0
883944,0.0,0.0,0.0,0.0,0.0,0.0,0.0
884119,0.0,0.0,0.0,0.0,0.0,1.0,0.0
884619,0.0,0.0,0.0,0.0,0.0,0.0,0.0
884931,0.0,0.0,0.0,0.0,0.0,1.0,0.0
885095,0.0,0.0,0.0,0.0,0.0,2.0,0.0
885595,0.0,0.0,0.0,0.0,0.0,0.0,0.0
886037,0.0,0.0,0.0,0.0,0.0,1.0,0.0
886499,0.0,0.0,0.0,0.0,0.0,2.0,0.0
886999,0.0,0.0,0.0,0.0,0.0,0.0,0.0
887917,0.0,0.0,0.0,0.0,0.0,1.0,0.0
888305,0.0,0.0,0.0,0.0,0.0,2.0,0.0
888805,0.0,0.0,0.0,0.0,0.0,0.0,0.0
888862,0.0,0.0,0.0,0.0,0.0,1.0,0.0
889362,0.0,0.0,0.0,0.0,0.0,0.0,0.0
889815,0.0,0.0,0.0,0.0,0.0,1.0,0.0
889944,0.0,0.0,0.0,0.0,0.0,2.0,0.0
890444,0.0,0.0,0.0,0.0,0.0,0.0,0.0
890732,0.0,0.0,0.0,0.0,0.0,1.0,0.0
891232,0.0,0.0,0.0,0.0,0.0,0.0,0.0
891341,0.0,0.0,0.0,0.0,0.0,1.0,0.0
891841,0.0,0.0,0.0,0.0,0.0,0.0,0.0
892146,0.0,0.0,0.0,0.0,0.0,1.0,0.0
892312,0.0,0.0,0.0,0.0,0.0,2.0,0.0
892812,0.0,0.0,0.0,0.0,0.0,0.0,0.0
892813,0.0,0.0,0.0,0.0,0.0,1.0,0.0
892826,0.0,0.0,0.0,0.0,0.0,2.0,0.0
893326,0.0,0.0,0.0,0.0,0.0,0.0,0.0
893869,0.0,0.0,0.0,0.0,0.0,1.0,0.0
893892,0.0,2.0,0.0,0.0,0.0,1.0,0.0
894369,0.0,2.0,0.0,0.0,0.0,0.0,0.0
894392,0.0,0.0,0.0,0.0,0.0,0.0,0.0
894594,0.0,0.0,0.0,0.0,0.0,1.0,0.0
895094,0.0,0.0,0.0,0.0,0.0,0.0,0.0
895426,0.0,0.0,0.0,0.0,0.0,1.0,0.0
895926,0.0,0.0,0.0,0.0,0.0,0.0,0.0
895992,0.0,0.0,0.0,0.0,0.0,1.0,0.0
896492,0.0,0.0,0.0,0.0,0.0,0.0,0.0
896517,0.0,0.0,0.0,0.0,0.0,1.0,0.0
897017,0.0,0.0,0.0,0.0,0.0,0.0,0.0
897155,0.0,0.0,0.0,0.0,0.0,1.0,0.0
897655,0.0,0.0,0.0,0.0,0.0,0.0,0.0
898132,0.0,0.0,0.0,0.0,0.0,1.0,0.0
898135,0.0,0.0,0.0,0.0,0.0,2.0,0.0
898635,0.0,0.0,0.0,0.0,0.0,0.0,0.0
898825,0.0,0.0,0.0,0.0,0.0,1.0,0.0
898882,0.0,0.0,0.0,0.0,0.0,2.0,0.0
899382,0.0,0.0,0.0,0.0,0.0,0.0,0.0
899393,0.0,0.0,0.0,0.0,0.0,1.0,0.0
899690,0.0,0.0,0.0,0.0,0.0,2.0,0.0
900190,0.0,0.0,0.0,0.0,0.0,0.0,0.0
902031,0.0,0.0,0.0,0.0,0.0,1.0,0.0
902531,0.0,0.0,0.0,0.0,0.0,0.0,0.0
905810,0.0,0.0,0.0,0.0,0.0,1.0,0.0
906310,0.0,0.0,0.0,0.0,0.0,0.0,0.0
907346,0.0,0.0,0.0,0.0,0.0,1.0,0.0
907846,0.0,0.0,0.0,0.0,0.0,0.0,0.0
907971,0.0,0.0,0.0,0.0,0.0,1.0,0.0
908471,0.0,0.0,0.0,0.0,0.0,0.0,0.0
909952,0.0,0.0,0.0,0.0,0.0,1.0,0.0
910452,0.0,0.0,0.0,0.0,0.0,0.0,0.0
911590,0.0,0.0,0.0,0.0,0.0,1.0,0.0
912090,0.0,0.0,0.0,0.0,0.0,0.0,0.0
912591,0.0,0.0,0.0,0.0,0.0,1.0,0.0
913091,0.0,0.0,0.0,0.0,0.0,0.0,0.0
914190,0.0,0.0,0.0,0.0,1.0,0.0,0.0
914690,0.0,0.0,0.0,0.0,0.0,0.0,0.0
916494,0.0,0.0,0.0,0.0,0.0,1.0,0.0
916994,0.0,0.0,0.0,0.0,0.0,0.0,0.0
917526,0.0,0.0,0.0,0.0,0.0,1.0,0.0
917531,0.0,0.0,0.0,0.0,0.0,2.0,0.0
918031,0.0,0.0,0.0,0.0,0.0,0.0,0.0
919085,0.0,0.0,0.0,0.0,0.0,1.0,0.0
919585,0.0,0.0,0.0,0.0,0.0,0.0,0.0
921422,0.0,0.0,0.0,0.0,0.0,1.0,0.0
921424,0.0,0.0,0.0,0.0,0.0,2.0,0.0
921924,0.0,0.0,0.0,0.0,0.0,0.0,0.0
929068,0.0,0.0,0.0,0.0,0.0,1.0,0.0
929568,0.0,0.0,0.0,0.0,0.0,0.0,0.0
930009,0.0,0.0,0.0,0.0,0.0,1.0,0.0
930018,0.0,0.0,0.0,0.0,0.0,2.0,0.0
930518,0.0,0.0,0.0,0.0,0.0,0.0,0.0
931052,0.0,0.0,0.0,0.0,0.0,1.0,0.0
931552,0.0,0.0,0.0,0.0,0.0,0.0,0.0
932346,0.0,0.0,0.0,0.0,0.0,1.0,0.0
932846,0.0,0.0,0.0,0.0,0.0,0.0,0.0
936104,0.0,0.0,0.0,0.0,0.0,1.0,0.0
936106,0.0,0.0,0.0,0.0,0.0,2.0,0.0
936606,0.0,0.0,0.0,0.0,0.0,0.0,0.0
942324,0.0,0.0,0.0,0.0,0.0,1.0,0.0
942824,0.0,0.0,0.0,0.0,0.0,0.0,0.0
945740,0.0,0.0,0.0,0.0,0.0,1.0,0.0
946240,0.0,0.0,0.0,0.0,0.0,0.0,0.0
946716,0.0,0.0,0.0,0.0,0.0,1.0,0.0
947216,0.0,0.0,0.0,0.0,0.0,0.0,0.0
947619,0.0,0.0,0.0,0.0,0.0,1.0,0.0
948119,0.0,0.0,0.0,0.0,0.0,0.0,0.0
950640,0.0,0.0,0.0,0.0,0.0,1.0,0.0
951140,0.0,0.0,0.0,0.0,0.0,0.0,0.0
951323,0.0,0.0,0.0,0.0,0.0,1.0,0.0
951823,0.0,0.0,0.0,0.0,0.0,0.0,0.0
953680,0.0,0.0,0.0,0.0,0.0,1.0,0.0
953682,0.0,0.0,0.0,0.0,0.0,2.0,0.0
954182,0.0,0.0,0.0,0.0,0.0,0.0,0.0
954257,0.0,0.0,0.0,0.0,0.0,1.0,0.0
954348,0.0,0.0,0.0,0.0,0.0,2.0,0.0
954848,0.0,0.0,0.0,0.0,0.0,0.0,0.0
957462,0.0,0.0,0.0,0.0,0.0,1.0,0.0
957466,0.0,0.0,0.0,0.0,0.0,2.0,0.0
957966,0.0,0.0,0.0,0.0,0.0,0.0,0.0
958881,0.0,0.0,0.0,0.0,0.0,1.0,0.0
959381,0.0,0.0,0.0,0.0,0.0,0.0,0.0
960961,0.0,0.0,0.0,0.0,0.0,1.0,0.0
961461,0.0,0.0,0.0,0.0,0.0,0.0,0.0
963605,0.0,0.0,0.0,0.0,0.0,1.0,0.0
964105,0.0,0.0,0.0,0.0,0.0,0.0,0.0
967437,0.0,0.0,0.0,0.0,0.0,1.0,0.0
967937,0.0,0.0,0.0,0.0,0.0,0.0,0.0
969515,0.0,0.0,0.0,0.0,0.0,1.0,0.0
970015,0.0,0.0,0.0,0.0,0.0,0.0,0.0
970091,0.0,0.0,0.0,0.0,0.0,1.0,0.0
970591,0.0,0.0,0.0,0.0,0.0,0.0,0.0
976382,0.0,0.0,0.0,0.0,0.0,1.0,0.0
976882,0.0,0.0,0.0,0.0,0.0,0.0,0.0
978242,0.0,0.0,0.0,0.0,0.0,1.0,0.0
978742,0.0,0.0,0.0,0.0,0.0,0.0,0.0
979675,0.0,0.0,0.0,0.0,0.0,1.0,0.0
980175,0.0,0.0,0.0,0.0,0.0,0.0,0.0
983117,0.0,0.0,0.0,0.0,0.0,1.0,0.0
983617,0.0,0.0,0.0,0.0,0.0,0.0,0.0
985359,0.0,0.0,0.0,0.0,0.0,1.0,0.0
985859,0.0,0.0,0.0,0.0,0.0,0.0,0.0
986659,0.0,0.0,0.0,0.0,0.0,1.0,0.0
987159,0.0,0.0,0.0,0.0,0.0,0.0,0.0
987757,0.0,0.0,0.0,0.0,0.0,1.0,0.0
988257,0.0,0.0,0.0,0.0,0.0,0.0,0.0
988429,0.0,0.0,0.0,0.0,0.0,1.0,0.0
988929,0.0,0.0,0.0,0.0,0.0,0.0,0.0
990298,0.0,0.0,0.0,0.0,0.0,1.0,0.0
990798,0.0,0.0,0.0,0.0,0.0,0.0,0.0
992777,0.0,0.0,0.0,0.0,0.0,1.0,0.0
993277,0.0,0.0,0.0,0.0,0.0,0.0,0.0
996400,0.0,0.0,0.0,0.0,0.0,1.0,0.0
996900,0.0,0.0,0.0,0.0,0.0,0.0,0.0
997104,0.0,0.0,0.0,0.0,0.0,1.0,0.0
997604,0.0,0.0,0.0,0.0,0.0,0.0,0.0
998109,0.0,0.0,0.0,0.0,0.0,1.0,0.0
998609,0.0,0.0,0.0,0.0,0.0,0.0,0.0
999442,0.0,0.0,0.0,0.0,0.0,1.0,0.0
999942,0.0,0.0,0.0,0.0,0.0,0.0,0.0
1000348,0.0,0.0,0.0,0.0,0.0,1.0,0.0
1000848,0.0,0.0,0.0,0.0,0.0,0.0,0.0
1000900,0.0,0.0,0.0,0.0,0.0,0.0,1.0
1000976,0.0,0.0,0.0,0.0,0.0,1.0,1.0
1000980,0.0,0.0,0.0,0.0,0.0,2.0,1.0
1001055,2.0,0.0,0.0,0.0,0.0,2.0,1.0
1001135,2.0,2.0,0.0,0.0,0.0,2.0,1.0
1001400,2.0,2.0,0.0,0.0,0.0,2.0,0.0
1001480,2.0,2.0,0.0,0.0,0.0,0.0,0.0
1001511,2.0,2.0,0.0,0.0,1.0,0.0,0.0
1001538,2.0,2.0,0.0,0.0,1.0,1.0,0.0
1001555,0.0,2.0,0.0,0.0,1.0,1.0,0.0
1001635,0.0,0.0,0.0,0.0,1.0,1.0,0.0
1001640,0.0,0.0,0.0,0.0,2.0,1.0,0.0
1002038,0.0,0.0,0.0,0.0,2.0,0.0,0.0
1002140,0.0,0.0,0.0,0.0,0.0,0.0,0.0
1002326,0.0,0.0,1.0,0.0,0.0,0.0,0.0
1003609,0.0,0.0,1.0,0.0,0.0,1.0,0.0
1004071,0.0,0.0,2.0,0.0,0.0,2.0,0.0
1004571,0.0,0.0,1.0,0.0,0.0,0.0,0.0
1004835,0.0,0.0,1.0,0.0,0.0,1.0,0.0
1004862,0.0,0.0,1.0,0.0,0.0,2.0,0.0
1005362,0.0,0.0,1.0,0.0,0.0,0.0,0.0
1005438,0.0,0.0,1.0,0.0,0.0,1.0,0.0
1005880,0.0,0.0,1.0,0.0,0.0,2.0,0.0
1005893,0.0,2.0,1.0,0.0,0.0,2.0,0.0
1006080,0.0,2.0,1.0,0.0,1.0,2.0,0.0
1006380,0.0,2.0,1.0,0.0,1.0,0.0,0.0
1006393,0.0,0.0,1.0,0.0,1.0,0.0,0.0
1007071,0.0,0.0,0.0,0.0,1.0,0.0,0.0
1007080,0.0,0.0,0.0,0.0,0.0,0.0,0.0
1007082,0.0,0.0,1.0,0.0,0.0,0.0,0.0
1007582,0.0,0.0,0.0,0.0,0.0,0.0,0.0
1007707,0.0,0.0,0.0,0.0,0.0,1.0,0.0
1008167,0.0,0.0,0.0,0.0,0.0,2.0,0.0
1008667,0.0,0.0,0.0,0.0,0.0,0.0,0.0
1010254,0.0,0.0,0.0,0.0,0.0,1.0,0.0
1010754,0.0,0.0,0.0,0.0,0.0,0.0,0.0
1011119,0.0,0.0,0.0,0.0,0.0,1.0,0.0
1011122,0.0,0.0,0.0,0.0,0.0,2.0,0.0
1011622,0.0,0.0,0.0,0.0,0.0,0.0,0.0
1012239,0.0,0.0,0.0,0.0,0.0,1.0,0.0
1012739,0.0,0.0,0.0,0.0,0.0,0.0,0.0
1013036,0.0,0.0,0.0,0.0,0.0,1.0,0.0
1013536,0.0,0.0,0.0,0.0,0.0,0.0,0.0
1013953,0.0,0.0,0.0,0.0,0.0,1.0,0.0
1014245,0.0,0.0,0.0,0.0,0.0,2.0,0.0
1014745,0.0,0.0,0.0,0.0,0.0,0.0,0.0
1015295,0.0,0.0,0.0,0.0,0.0,1.0,0.0
1015795,0.0,0.0,0.0,0.0,0.0,0.0,0.0
1015910,0.0,0.0,0.0,0.0,0.0,1.0,0.0
1016410,0.0,0.0,0.0,0.0,0.0,0.0,0.0
1016478,0.0,0.0,0.0,0.0,0.0,1.0,0.0
1016482,0.0,0.0,0.0,0.0,0.0,2.0,0.0
1016982,0.0,0.0,0.0,0.0,0.0,0.0,0.0
1017435,0.0,0.0,0.0,0.0,0.0,1.0,0.0
1017935,0.0,0.0,0.0,0.0,0.0,0.0,0.0
1018063,0.0,0.0,0.0,0.0,0.0,1.0,0.0
1018177,0.0,0.0,0.0,0.0,0.0,2.0,0.0
1018677,0.0,0.0,0.0,0.0,0.0,0.0,0.0
1018729,0.0,0.0,0.0,0.0,0.0,1.0,0.0
1018732,0.0,0.0,0.0,0.0,0.0,2.0,0.0
1019232,0.0,0.0,0.0,0.0,0.0,0.0,0.0
1019634,0.0,0.0,0.0,0.0,0.0,1.0,0.0
1020134,0.0,0.0,0.0,0.0,0.0,0.0,0.0
1020316,0.0,0.0,0.0,0.0,0.0,1.0,0.0
1020816,0.0,0.0,0.0,0.0,0.0,0.0,0.0
1020966,0.0,0.0,0.0,0.0,0.0,1.0,0.0
1021466,0.0,0.0,0.0,0.0,0.0,0.0,0.0
1021541,0.0,0.0,0.0,0.0,0.0,1.0,0.0
1021543,0.0,0.0,0.0,0.0,1.0,1.0,0.0
1021544,0.0,0.0,0.0,0.0,1.0,2.0,0.0
1022043,0.0,0.0,0.0,0.0,0.0,2.0,0.0
1022044,0.0,0.0,0.0,0.0,0.0,0.0,0.0
1024085,0.0,0.0,0.0,0.0,0.0,1.0,0.0
1024585,0.0,0.0,0.0,0.0,0.0,0.0,0.0
1025175,0.0,0.0,0.0,0.0,0.0,1.0,0.0
1025675,0.0,0.0,0.0,0.0,0.0,0.0,0.0
1027097,0.0,0.0,0.0,0.0,0.0,1.0,0.0
1027513,0.0,0.0,0.0,0.0,0.0,2.0,0.0
1028013,0.0,0.0,0.0,0.0,0.0,0.0,0.0
1028465,0.0,0.0,0.0,0.0,0.0,1.0,0.0
1028965,0.0,0.0,0.0,0.0,0.0,0.0,0.0
1029156,0.0,0.0,0.0,0.0,0.0,1.0,0.0
1029540,0.0,0.0,0.0,0.0,0.0,2.0,0.0
1030040,0.0,0.0,0.0,0.0,0.0,0.0,0.0
1030643,0.0,0.0,0.0,0.0,0.0,1.0,0.0
1031143,0.0,0.0,0.0,0.0,0.0,0.0,0.0
1031503,0.0,0.0,0.0,0.0,0.0,1.0,0.0
1032003,0.0,0.0,0.0,0.0,0.0,0.0,0.0
1032045,0.0,0.0,0.0,0.0,0.0,1.0,0.0
1032545,0.0,0.0,0.0,0.0,0.0,0.0,0.0
1032643,0.0,0.0,0.0,0.0,0.0,1.0,0.0
1033143,0.0,0.0,0.0,0.0,0.0,0.0,0.0
1033197,0.0,0.0,0.0,0.0,0.0,1.0,0.0
1033201,0.0,0.0,0.0,0.0,0.0,2.0,0.0
1033701,0.0,0.0,0.0,0.0,0.0,0.0,0.0
1034143,0.0,0.0,0.0,0.0,0.0,1.0,0.0
1034643,0.0,0.0,0.0,0.0,0.0,0.0,0.0
1035304,0.0,0.0,0.0,0.0,0.0,1.0,0.0
1035804,0.0,0.0,0.0,0.0,0.0,0.0,0.0
1037759,0.0,0.0,0.0,0.0,0.0,1.0,0.0
1038259,0.0,0.0,0.0,0.0,0.0,0.0,0.0
1038460,0.0,0.0,0.0,0.0,0.0,1.0,0.0
1038927,0.0,0.0,0.0,0.0,0.0,2.0,0.0
1039427,0.0,0.0,0.0,0.0,0.0,0.0,0.0
1040519,0.0,0.0,0.0,0.0,0.0,1.0,0.0
1041019,0.0,0.0,0.0,0.0,0.0,0.0,0.0
1041498,0.0,0.0,0.0,0.0,0.0,1.0,0.0
1041998,0.0,0.0,0.0,0.0,0.0,0.0,0.0
1042179,0.0,0.0,0.0,0.0,0.0,1.0,0.0
1042679,0.0,0.0,0.0,0.0,0.0,0.0,0.0
1043335,0.0,0.0,0.0,0.0,0.0,1.0,0.0
1043835,0.0,0.0,0.0,0.0,0.0,0.0,0.0
1043958,0.0,0.0,0.0,0.0,0.0,1.0,0.0
1044307,0.0,0.0,0.0,0.0,1.0,1.0,0.0
1044308,0.0,0.0,0.0,0.0,1.0,2.0,0.0
1044807,0.0,0.0,0.0,0.0,0.0,2.0,0.0
1044808,0.0,0.0,0.0,0.0,0.0,0.0,0.0
1045096,0.0,0.0,0.0,0.0,0.0,1.0,0.0
1045596,0.0,0.0,0.0,0.0,0.0,0.0,0.0
1045822,0.0,0.0,0.0,0.0,0.0,1.0,0.0
1045856,0.0,0.0,0.0,0.0,0.0,2.0,0.0
1045860,0.0,0.0,0.0,0.0,1.0,2.0,0.0
1046356,0.0,0.0,0.0,0.0,1.0,1.0,0.0
1046360,0.0,0.0,0.0,0.0,0.0,1.0,0.0
1046856,0.0,0.0,0.0,0.0,0.0,0.0,0.0
1047050,0.0,2.0,0.0,0.0,1.0,0.0,0.0
1047357,0.0,2.0,0.0,0.0,2.0,0.0,0.0
1047550,0.0,0.0,0.0,0.0,2.0,0.0,0.0
1047826,0.0,0.0,0.0,0.0,2.0,1.0,0.0
1047857,0.0,0.0,0.0,0.0,0.0,1.0,0.0
1048326,0.0,0.0,0.0,0.0,0.0,0.0,0.0
1048453,0.0,0.0,0.0,0.0,1.0,0.0,0.0
1048460,0.0,0.0,0.0,0.0,1.0,1.0,0.0
1048953,0.0,0.0,0.0,0.0,0.0,1.0,0.0
1048960,0.0,0.0,0.0,0.0,0.0,0.0,0.0
1049541,0.0,0.0,0.0,0.0,0.0,1.0,0.0
1050041,0.0,0.0,0.0,0.0,0.0,0.0,0.0
1050084,0.0,0.0,0.0,0.0,0.0,1.0,0.0
1050584,0.0,0.0,0.0,0.0,0.0,0.0,0.0
1050876,0.0,0.0,0.0,0.0,0.0,1.0,0.0
1051376,0.0,0.0,0.0,0.0,0.0,0.0,0.0
1053147,0.0,0.0,0.0,0.0,0.0,1.0,0.0
1053647,0.0,0.0,0.0,0.0,0.0,0.0,0.0
1054021,0.0,0.0,0.0,0.0,1.0,0.0,0.0
1054022,0.0,0.0,0.0,0.0,1.0,1.0,0.0
1054521,0.0,0.0,0.0,0.0,0.0,1.0,0.0
1054522,0.0,0.0,0.0,0.0,0.0,0.0,0.0
1055233,0.0,0.0,0.0,0.0,0.0,1.0,0.0
1055397,0.0,0.0,0.0,0.0,0.0,2.0,0.0
1055897,0.0,0.0,0.0,0.0,0.0,0.0,0.0
1057400,0.0,0.0,0.0,0.0,0.0,1.0,0.0
1057828,0.0,0.0,0.0,0.0,0.0,2.0,0.0
1058328,0.0,0.0,0.0,0.0,0.0,0.0,0.0
1058961,0.0,0.0,0.0,0.0,0.0,1.0,0.0
1059461,0.0,0.0,0.0,0.0,0.0,0.0,0.0
1059484,0.0,0.0,0.0,0.0,0.0,1.0,0.0
1059673,0.0,0.0,0.0,0.0,0.0,2.0,0.0
1060173,0.0,0.0,0.0,0.0,0.0,0.0,0.0
1060262,0.0,0.0,0.0,0.0,0.0,1.0,0.0
1060762,0.0,0.0,0.0,0.0,0.0,0.0,0.0
1061975,0.0,0.0,0.0,0.0,0.0,1.0,0.0
1062475,0.0,0.0,0.0,0.0,0.0,0.0,0.0
1062608,0.0,0.0,0.0,0.0,0.0,1.0,0.0
1062635,0.0,0.0,0.0,0.0,0.0,2.0,0.0
1063135,0.0,0.0,0.0,0.0,0.0,0.0,0.0
1063370,0.0,0.0,0.0,0.0,0.0,1.0,0.0
1063373,0.0,0.0,0.0,0.0,0.0,2.0,0.0
1063873,0.0,0.0,0.0,0.0,0.0,0.0,0.0
1064718,0.0,0.0,0.0,0.0,0.0,1.0,0.0
1065218,0.0,0.0,0.0,0.0,0.0,0.0,0.0
1065233,0.0,0.0,0.0,0.0,0.0,1.0,0.0
1065733,0.0,0.0,0.0,0.0,0.0,0.0,0.0
1067027,0.0,0.0,0.0,0.0,0.0,1.0,0.0
1067287,0.0,0.0,0.0,0.0,0.0,2.0,0.0
1067787,0.0,0.0,0.0,0.0,0.0,0.0,0.0
1068708,0.0,0.0,0.0,0.0,1.0,0.0,0.0
1069208,0.0,0.0,0.0,0.0,0.0,0.0,0.0
1069209,0.0,0.0,0.0,0.0,0.0,1.0,0.0
1069709,0.0,0.0,0.0,0.0,0.0,0.0,0.0
1069981,0.0,0.0,0.0,0.0,0.0,1.0,0.0
1070481,0.0,0.0,0.0,0.0,0.0,0.0,0.0
1070560,0.0,0.0,0.0,0.0,0.0,1.0,0.0
1070894,0.0,0.0,0.0,0.0,0.0,2.0,0.0
1071394,0.0,0.0,0.0,0.0,0.0,0.0,0.0
1071580,0.0,0.0,0.0,0.0,0.0,1.0,0.0
1072080,0.0,0.0,0.0,0.0,0.0,0.0,0.0
1073344,0.0,0.0,0.0,0.0,0.0,1.0,0.0
1073576,0.0,0.0,0.0,0.0,0.0,2.0,0.0
1074076,0.0,0.0,0.0,0.0,0.0,0.0,0.0
1074713,0.0,0.0,0.0,0.0,0.0,1.0,0.0
1075213,0.0,0.0,0.0,0.0,0.0,0.0,0.0
1075584,0.0,0.0,0.0,0.0,0.0,1.0,0.0
1075601,0.0,0.0,0.0,0.0,0.0,2.0,0.0
1076101,0.0,0.0,0.0,0.0,0.0,0.0,0.0
1076305,0.0,0.0,0.0,0.0,0.0,1.0,0.0
1076308,0.0,0.0,0.0,0.0,0.0,2.0,0.0
1076808,0.0,0.0,0.0,0.0,0.0,0.0,0.0
1076811,0.0,0.0,0.0,0.0,0.0,1.0,0.0
1077311,0.0,0.0,0.0,0.0,0.0,0.0,0.0
1077605,0.0,0.0,0.0,0.0,0.0,1.0,0.0
1078105,0.0,0.0,0.0,0.0,0.0,0.0,0.0
1078233,0.0,0.0,0.0,0.0,0.0,1.0,0.0
1078733,0.0,0.0,0.0,0.0,0.0,0.0,0.0
1079371,0.0,0.0,0.0,0.0,0.0,1.0,0.0
1079503,0.0,0.0,0.0,0.0,0.0,2.0,0.0
1080003,0.0,0.0,0.0,0.0,0.0,0.0,0.0
1080025,0.0,0.0,0.0,0.0,0.0,1.0,0.0
1080525,0.0,0.0,0.0,0.0,0.0,0.0,0.0
1081196,0.0,0.0,0.0,0.0,0.0,1.0,0.0
1081203,0.0,0.0,0.0,0.0,0.0,2.0,0.0
1081650,0.0,0.0,0.0,0.0,1.0,2.0,0.0
1081703,0.0,0.0,0.0,0.0,1.0,0.0,0.0
1082150,0.0,0.0,0.0,0.0,0.0,0.0,0.0
1082216,0.0,0.0,0.0,0.0,0.0,1.0,0.0
1082716,0.0,0.0,0.0,0.0,0.0,0.0,0.0
1082803,0.0,0.0,0.0,0.0,0.0,1.0,0.0
1083303,0.0,0.0,0.0,0.0,0.0,0.0,0.0
1083486,0.0,0.0,0.0,0.0,0.0,1.0,0.0
1083504,0.0,0.0,0.0,0.0,0.0,2.0,0.0
1084004,0.0,0.0,0.0,0.0,0.0,0.0,0.0
1084411,0.0,0.0,0.0,0.0,0.0,1.0,0.0
1084911,0.0,0.0,0.0,0.0,0.0,0.0,0.0
1086152,0.0,0.0,0.0,0.0,0.0,1.0,0.0
1086652,0.0,0.0,0.0,0.0,0.0,0.0,0.0
1086660,0.0,0.0,0.0,0.0,0.0,1.0,0.0
1087062,0.0,0.0,0.0,0.0,0.0,2.0,0.0
1087562,0.0,0.0,0.0,0.0,0.0,0.0,0.0
1088529,0.0,0.0,0.0,0.0,0.0,1.0,0.0
1089029,0.0,0.0,0.0,0.0,0.0,0.0,0.0
1089097,0.0,0.0,0.0,0.0,0.0,1.0,0.0
1089306,0.0,0.0,0.0,0.0,0.0,2.0,0.0
1089806,0.0,0.0,0.0,0.0,0.0,0.0,0.0
1090171,0.0,0.0,0.0,0.0,0.0,1.0,0.0
1090671,0.0,0.0,0.0,0.0,0.0,0.0,0.0
1090865,0.0,0.0,0.0,0.0,0.0,1.0,0.0
1091218,0.0,0.0,0.0,0.0,0.0,2.0,0.0
1091718,0.0,0.0,0.0,0.0,0.0,0.0,0.0
1092024,0.0,0.0,0.0,0.0,0.0,1.0,0.0
1092524,0.0,0.0,0.0,0.0,0.0,0.0,0.0
1092567,0.0,0.0,0.0,0.0,0.0,1.0,0.0
1092570,0.0,0.0,0.0,0.0,0.0,2.0,0.0
1093070,0.0,0.0,0.0,0.0,0.0,0.0,0.0
1093660,0.0,0.0,0.0,0.0,0.0,1.0,0.0
1093663,0.0,0.0,0.0,0.0,0.0,2.0,0.0
1094163,0.0,0.0,0.0,0.0,0.0,0.0,0.0
1094202,0.0,0.0,0.0,0.0,0.0,1.0,0.0
1094702,0.0,0.0,0.0,0.0,0.0,0.0,0.0
1094745,0.0,0.0,0.0,0.0,0.0,1.0,0.0
1094789,0.0,0.0,0.0,0.0,0.0,2.0,0.0
1095289,0.0,0.0,0.0,0.0,0.0,0.0,0.0
1095291,0.0,0.0,0.0,0.0,0.0,1.0,0.0
1095791,0.0,0.0,0.0,0.0,0.0,0.0,0.0
1096469,0.0,0.0,0.0,0.0,0.0,1.0,0.0
1096969,0.0,0.0,0.0,0.0,0.0,0.0,0.0
1097522,0.0,0.0,0.0,0.0,0.0,1.0,0.0
1097538,0.0,0.0,0.0,0.0,0.0,2.0,0.0
1098038,0.0,0.0,0.0,0.0,0.0,0.0,0.0
1098152,0.0,0.0,0.0,0.0,0.0,1.0,0.0
1098652,0.0,0.0,0.0,0.0,0.0,0.0,0.0
1098667,0.0,0.0,0.0,0.0,0.0,1.0,0.0
1098850,0.0,0.0,0.0,0.0,0.0,2.0,0.0
1099350,0.0,0.0,0.0,0.0,0.0,0.0,0.0
1099952,0.0,0.0,0.0,0.0,0.0,1.0,0.0
1100452,0.0,0.0,0.0,0.0,0.0,0.0,0.0
1100616,0.0,0.0,0.0,0.0,0.0,1.0,0.0
1100683,0.0,0.0,0.0,0.0,0.0,2.0,0.0
1101183,0.0,0.0,0.0,0.0,0.0,0.0,0.0
1103081,0.0,0.0,0.0,0.0,0.0,1.0,0.0
1103581,0.0,0.0,0.0,0.0,0.0,0.0,0.0
1106742,0.0,0.0,0.0,0.0,0.0,1.0,0.0
1107242,0.0,0.0,0.0,0.0,0.0,0.0,0.0
1107533,0.0,0.0,0.0,0.0,0.0,1.0,0.0
1108033,0.0,0.0,0.0,0.0,0.0,0.0,0.0
1108220,0.0,0.0,0.0,0.0,0.0,1.0,0.0
1108720,0.0,0.0,0.0,0.0,0.0,0.0,0.0
1109847,0.0,0.0,0.0,0.0,0.0,1.0,0.0
1110347,0.0,0.0,0.0,0.0,0.0,0.0,0.0
1111598,0.0,0.0,0.0,0.0,0.0,1.0,0.0
1111600,0.0,0.0,0.0,0.0,0.0,2.0,0.0
1112100,0.0,0.0,0.0,0.0,0.0,0.0,0.0
1113329,0.0,0.0,0.0,0.0,0.0,1.0,0.0
1113829,0.0,0.0,0.0,0.0,0.0,0.0,0.0
1114378,0.0,0.0,0.0,0.0,0.0,1.0,0.0
1114878,0.0,0.0,0.0,0.0,0.0,0.0,0.0
1120035,0.0,0.0,0.0,0.0,0.0,1.0,0.0
1120535,0.0,0.0,0.0,0.0,0.0,0.0,0.0
1120662,0.0,0.0,0.0,0.0,0.0,1.0,0.0
1121162,0.0,0.0,0.0,0.0,0.0,0.0,0.0
1123041,0.0,0.0,0.0,0.0,0.0,1.0,0.0
1123541,0.0,0.0,0.0,0.0,0.0,0.0,0.0
1124169,0.0,0.0,0.0,0.0,0.0,1.0,0.0
1124669,0.0,0.0,0.0,0.0,0.0,0.0,0.0
1126179,0.0,0.0,0.0,0.0,0.0,1.0,0.0
1126679,0.0,0.0,0.0,0.0,0.0,0.0,0.0
1128037,0.0,0.0,0.0,0.0,0.0,1.0,0.0
1128039,0.0,0.0,0.0,0.0,1.0,2.0,0.0
1128539,0.0,0.0,0.0,0.0,0.0,0.0,0.0
1132246,0.0,0.0,0.0,0.0,0.0,1.0,0.0
1132746,0.0,0.0,0.0,0.0,0.0,0.0,0.0
1133706,0.0,0.0,0.0,0.0,0.0,1.0,0.0
1134206,0.0,0.0,0.0,0.0,0.0,0.0,0.0
1134876,0.0,0.0,0.0,0.0,0.0,1.0,0.0
1135376,0.0,0.0,0.0,0.0,0.0,0.0,0.0
1135627,0.0,0.0,0.0,0.0,0.0,1.0,0.0
1136127,0.0,0.0,0.0,0.0,0.0,0.0,0.0
1136637,0.0,0.0,0.0,0.0,0.0,1.0,0.0
1136642,0.0,0.0,0.0,0.0,0.0,2.0,0.0
1137142,0.0,0.0,0.0,0.0,0.0,0.0,0.0
1138838,0.0,0.0,0.0,0.0,0.0,1.0,0.0
1139338,0.0,0.0,0.0,0.0,0.0,0.0,0.0
1141435,0.0,0.0,0.0,0.0,1.0,0.0,0.0
1141446,0.0,0.0,0.0,0.0,1.0,1.0,0.0
1141447,0.0,0.0,0.0,0.0,2.0,1.0,0.0
1141946,0.0,0.0,0.0,0.0,2.0,0.0,0.0
1141947,0.0,0.0,0.0,0.0,0.0,0.0,0.0
1148509,0.0,0.0,0.0,0.0,0.0,1.0,0.0
1148511,0.0,0.0,0.0,0.0,0.0,2.0,0.0
1149011,0.0,0.0,0.0,0.0,0.0,0.0,0.0
1149142,0.0,0.0,0.0,0.0,0.0,1.0,0.0
1149642,0.0,0.0,0.0,0.0,0.0,0.0,0.0
1149997,0.0,0.0,0.0,0.0,0.0,1.0,0.0
1150497,0.0,0.0,0.0,0.0,0.0,0.0,0.0
1151848,0.0,0.0,0.0,0.0,0.0,1.0,0.0
1151859,0.0,0.0,0.0,0.0,0.0,2.0,0.0
1152359,0.0,0.0,0.0,0.0,0.0,0.0,0.0
1153293,0.0,0.0,0.0,0.0,0.0,1.0,0.0
1153444,0.0,0.0,0.0,0.0,0.0,2.0,0.0
1153944,0.0,0.0,0.0,0.0,0.0,0.0,0.0
1154981,0.0,0.0,0.0,0.0,0.0,1.0,0.0
1155481,0.0,0.0,0.0,0.0,0.0,0.0,0.0
1156638,0.0,0.0,0.0,0.0,0.0,1.0,0.0
1156644,0.0,0.0,0.0,0.0,1.0,1.0,0.0
1157138,0.0,0.0,0.0,0.0,1.0,0.0,0.0
1157144,0.0,0.0,0.0,0.0,0.0,0.0,0.0
1158409,0.0,0.0,0.0,0.0,0.0,1.0,0.0
1158909,0.0,0.0,0.0,0.0,0.0,0.0,0.0
1160565,0.0,0.0,0.0,0.0,1.0,0.0,0.0
1161065,0.0,0.0,0.0,0.0,0.0,0.0,0.0
1163867,0.0,0.0,0.0,0.0,0.0,1.0,0.0
1164367,0.0,0.0,0.0,0.0,0.0,0.0,0.0
1167380,0.0,0.0,0.0,0.0,0.0,1.0,0.0
1167880,0.0,0.0,0.0,0.0,0.0,0.0,0.0
1168418,0.0,0.0,0.0,0.0,0.0,1.0,0.0
1168918,0.0,0.0,0.0,0.0,0.0,0.0,0.0
1169800,0.0,0.0,0.0,0.0,0.0,1.0,0.0
1170300,0.0,0.0,0.0,0.0,0.0,0.0,0.0
1171499,0.0,0.0,0.0,0.0,0.0,1.0,0.0
1171999,0.0,0.0,0.0,0.0,0.0,0.0,0.0
1172185,0.0,0.0,0.0,0.0,0.0,1.0,0.0
1172685,0.0,0.0,0.0,0.0,0.0,0.0,0.0
1176696,0.0,0.0,0.0,0.0,0.0,1.0,0.0
1177196,0.0,0.0,0.0,0.0,0.0,0.0,0.0
1178191,0.0,0.0,0.0,0.0,0.0,1.0,0.0
1178691,0.0,0.0,0.0,0.0,0.0,0.0,0.0
1179749,0.0,0.0,0.0,0.0,0.0,1.0,0.0
1179757,0.0,0.0,0.0,0.0,0.0,2.0,0.0
1180257,0.0,0.0,0.0,0.0,0.0,0.0,0.0
1185113,0.0,0.0,0.0,0.0,0.0,1.0,0.0
1185613,0.0,0.0,0.0,0.0,0.0,0.0,0.0
1185851,0.0,0.0,0.0,0.0,0.0,1.0,0.0
1186351,0.0,0.0,0.0,0.0,0.0,0.0,0.0
1188767,0.0,0.0,0.0,0.0,0.0,1.0,0.0
1188771,0.0,0.0,0.0,0.0,0.0,2.0,0.0
1189271,0.0,0.0,0.0,0.0,0.0,0.0,0.0
1195247,0.0,0.0,0.0,0.0,0.0,1.0,0.0
1195747,0.0,0.0,0.0,0.0,0.0,0.0,0.0
1196949,0.0,0.0,0.0,0.0,0.0,1.0,0.0
1197449,0.0,0.0,0.0,0.0,0.0,0.0,0.0
1199282,0.0,0.0,0.0,0.0,0.0,1.0,0.0
1199782,0.0,0.0,0.0,0.0,0.0,0.0,0.0
1201100,0.0,0.0,0.0,0.0,0.0,0.0,1.0
1201212,0.0,0.0,0.0,0.0,0.0,1.0,1.0
1201213,0.0,0.0,0.0,0.0,0.0,2.0,1.0
1201279,2.0,0.0,0.0,0.0,0.0,2.0,1.0
1201313,2.0,0.0,0.0,0.0,1.0,2.0,1.0
1201343,2.0,0.0,0.0,0.0,2.0,2.0,1.0
1201395,2.0,2.0,0.0,0.0,2.0,2.0,1.0
1201600,2.0,2.0,0.0,0.0,2.0,2.0,0.0
1201713,2.0,2.0,0.0,0.0,2.0,0.0,0.0
1201779,0.0,2.0,0.0,0.0,2.0,0.0,0.0
1201843,0.0,2.0,0.0,0.0,0.0,0.0,0.0
1201895,0.0,0.0,0.0,0.0,0.0,0.0,0.0
1201903,0.0,0.0,0.0,0.0,1.0,0.0,0.0
1202403,0.0,0.0,0.0,0.0,0.0,0.0,0.0
1202555,0.0,0.0,0.0,0.0,0.0,1.0,0.0
1202645,0.0,0.0,1.0,0.0,0.0,1.0,0.0
1202688,0.0,0.0,1.0,0.0,1.0,1.0,0.0
1203055,0.0,0.0,1.0,0.0,1.0,0.0,0.0
1203154,0.0,0.0,1.0,0.0,1.0,1.0,0.0
1203188,0.0,0.0,1.0,0.0,0.0,1.0,0.0
1203654,0.0,0.0,1.0,0.0,0.0,0.0,0.0
1203916,0.0,0.0,1.0,0.0,0.0,1.0,0.0
1203962,0.0,0.0,2.0,0.0,0.0,1.0,0.0
1204286,0.0,0.0,2.0,0.0,0.0,2.0,0.0
1204462,0.0,0.0,0.0,0.0,0.0,2.0,0.0
1204501,0.0,0.0,1.0,0.0,0.0,2.0,0.0
1204786,0.0,0.0,1.0,0.0,0.0,0.0,0.0
1205001,0.0,0.0,0.0,0.0,0.0,0.0,0.0
1205753,0.0,0.0,0.0,0.0,0.0,1.0,0.0
1206076,0.0,0.0,0.0,0.0,0.0,2.0,0.0
1206529,0.0,0.0,1.0,0.0,0.0,2.0,0.0
1206576,0.0,0.0,1.0,0.0,0.0,0.0,0.0
1207029,0.0,0.0,0.0,0.0,0.0,0.0,0.0
1208557,0.0,0.0,0.0,0.0,0.0,1.0,0.0
1208564,0.0,0.0,0.0,0.0,0.0,2.0,0.0
1209064,0.0,0.0,0.0,0.0,0.0,0.0,0.0
1210150,0.0,0.0,0.0,0.0,0.0,1.0,0.0
1210650,0.0,0.0,0.0,0.0,0.0,0.0,0.0
1210653,0.0,0.0,0.0,0.0,0.0,1.0,0.0
1211153,0.0,0.0,0.0,0.0,0.0,0.0,0.0
1211187,0.0,0.0,0.0,0.0,0.0,1.0,0.0
1211687,0.0,0.0,0.0,0.0,0.0,0.0,0.0
1212020,0.0,0.0,0.0,0.0,0.0,1.0,0.0
1212026,0.0,0.0,0.0,0.0,0.0,2.0,0.0
1212526,0.0,0.0,0.0,0.0,0.0,0.0,0.0
1212637,0.0,0.0,0.0,0.0,0.0,1.0,0.0
1212747,0.0,0.0,0.0,0.0,0.0,2.0,0.0
1213247,0.0,0.0,0.0,0.0,0.0,0.0,0.0
1213773,0.0,0.0,0.0,0.0,0.0,1.0,0.0
1214273,0.0,0.0,0.0,0.0,0.0,0.0,0.0
1215693,0.0,0.0,0.0,0.0,0.0,1.0,0.0
1216193,0.0,0.0,0.0,0.0,0.0,0.0,0.0
1216454,0.0,0.0,0.0,0.0,0.0,1.0,0.0
1216712,0.0,0.0,0.0,0.0,0.0,2.0,0.0
1217212,0.0,0.0,0.0,0.0,0.0,0.0,0.0
1217222,0.0,0.0,0.0,0.0,0.0,1.0,0.0
1217722,0.0,0.0,0.0,0.0,0.0,0.0,0.0
1217824,0.0,0.0,0.0,0.0,0.0,1.0,0.0
1218324,0.0,0.0,0.0,0.0,0.0,0.0,0.0
1218358,0.0,0.0,0.0,0.0,0.0,1.0,0.0
1218858,0.0,0.0,0.0,0.0,0.0,0.0,0.0
1219539,0.0,0.0,0.0,0.0,0.0,1.0,0.0
1219929,0.0,0.0,0.0,0.0,0.0,2.0,0.0
1220429,0.0,0.0,0.0,0.0,0.0,0.0,0.0
1220598,0.0,0.0,0.0,0.0,0.0,1.0,0.0
1220604,0.0,0.0,0.0,0.0,0.0,2.0,0.0
1221104,0.0,0.0,0.0,0.0,0.0,0.0,0.0
1221764,0.0,0.0,0.0,0.0,0.0,1.0,0.0
1221787,0.0,0.0,0.0,0.0,0.0,2.0,0.0
1222287,0.0,0.0,0.0,0.0,0.0,0.0,0.0
1223092,0.0,0.0,0.0,0.0,0.0,1.0,0.0
1223592,0.0,0.0,0.0,0.0,0.0,0.0,0.0
1223609,0.0,0.0,0.0,0.0,0.0,1.0,0.0
1224109,0.0,0.0,0.0,0.0,0.0,0.0,0.0
1224175,0.0,0.0,1.0,0.0,0.0,0.0,0.0
1224196,0.0,0.0,1.0,0.0,0.0,1.0,0.0
1224398,0.0,2.0,1.0,0.0,0.0,1.0,0.0
1224696,0.0,2.0,1.0,0.0,0.0,0.0,0.0
1224898,0.0,0.0,1.0,0.0,0.0,0.0,0.0
1225052,0.0,0.0,1.0,0.0,0.0,1.0,0.0
1225056,0.0,0.0,1.0,0.0,0.0,2.0,0.0
1225556,0.0,0.0,1.0,0.0,0.0,0.0,0.0
1226271,0.0,0.0,1.0,0.0,0.0,1.0,0.0
1226771,0.0,0.0,1.0,0.0,0.0,0.0,0.0
1227495,0.0,0.0,1.0,0.0,0.0,1.0,0.0
1227995,0.0,0.0,1.0,0.0,0.0,0.0,0.0
1228366,0.0,0.0,1.0,0.0,0.0,1.0,0.0
1228369,0.0,0.0,1.0,0.0,0.0,2.0,0.0
1228869,0.0,0.0,1.0,0.0,0.0,0.0,0.0
1229532,0.0,0.0,1.0,0.0,0.0,1.0,0.0
1229545,0.0,0.0,1.0,0.0,0.0,2.0,0.0
1230045,0.0,0.0,1.0,0.0,0.0,0.0,0.0
1230209,0.0,0.0,1.0,0.0,0.0,1.0,0.0
1230647,0.0,0.0,1.0,0.0,0.0,2.0,0.0
1231147,0.0,0.0,1.0,0.0,0.0,0.0,0.0
1231268,0.0,0.0,1.0,0.0,0.0,1.0,0.0
1231768,0.0,0.0,1.0,0.0,0.0,0.0,0.0
1232021,0.0,0.0,1.0,0.0,0.0,1.0,0.0
1232521,0.0,0.0,1.0,0.0,0.0,0.0,0.0
1232892,0.0,0.0,1.0,0.0,0.0,1.0,0.0
1233392,0.0,0.0,1.0,0.0,0.0,0.0,0.0
1234104,0.0,0.0,1.0,0.0,0.0,1.0,0.0
1234120,0.0,0.0,1.0,0.0,0.0,2.0,0.0
1234620,0.0,0.0,1.0,0.0,0.0,0.0,0.0
1234647,0.0,0.0,1.0,0.0,0.0,1.0,0.0
1235147,0.0,0.0,1.0,0.0,0.0,0.0,0.0
1235503,0.0,0.0,1.0,0.0,0.0,1.0,0.0
1235508,0.0,0.0,1.0,0.0,0.0,2.0,0.0
1236008,0.0,0.0,1.0,0.0,0.0,0.0,0.0
1236436,0.0,0.0,1.0,0.0,0.0,1.0,0.0
1236936,0.0,0.0,1.0,0.0,0.0,0.0,0.0
1237100,0.0,0.0,1.0,0.0,0.0,1.0,0.0
1237600,0.0,0.0,1.0,0.0,0.0,0.0,0.0
1237689,0.0,0.0,1.0,0.0,0.0,1.0,0.0
1238081,0.0,0.0,1.0,0.0,0.0,2.0,0.0
1238581,0.0,0.0,1.0,0.0,0.0,0.0,0.0
1238701,0.0,0.0,1.0,0.0,0.0,1.0,0.0
1238992,0.0,0.0,1.0,0.0,0.0,2.0,0.0
1239492,0.0,0.0,1.0,0.0,0.0,0.0,0.0
1239735,0.0,0.0,1.0,0.0,0.0,1.0,0.0
1239859,0.0,0.0,1.0,0.0,0.0,2.0,0.0
1239928,0.0,2.0,1.0,0.0,0.0,2.0,0.0
1240359,0.0,2.0,1.0,0.0,0.0,0.0,0.0
1240428,0.0,0.0,1.0,0.0,0.0,0.0,0.0
1241159,0.0,0.0,1.0,0.0,0.0,1.0,0.0
1241163,0.0,0.0,1.0,0.0,0.0,2.0,0.0
1241333,0.0,0.0,2.0,0.0,0.0,2.0,0.0
1241663,0.0,0.0,2.0,0.0,0.0,0.0,0.0
1241833,0.0,0.0,0.0,0.0,0.0,0.0,0.0
1242035,0.0,0.0,1.0,0.0,0.0,1.0,0.0
1242535,0.0,0.0,1.0,0.0,0.0,0.0,0.0
1242764,0.0,0.0,1.0,0.0,0.0,1.0,0.0
1243035,0.0,0.0,0.0,0.0,0.0,1.0,0.0
1243092,0.0,0.0,1.0,0.0,0.0,1.0,0.0
1243264,0.0,0.0,1.0,0.0,0.0,0.0,0.0
1243592,0.0,0.0,0.0,0.0,0.0,0.0,0.0
1243604,0.0,0.0,0.0,0.0,0.0,1.0,0.0
1243689,0.0,0.0,1.0,0.0,0.0,1.0,0.0
1244104,0.0,0.0,1.0,0.0,0.0,0.0,0.0
1244385,0.0,0.0,1.0,0.0,0.0,1.0,0.0
1244885,0.0,0.0,1.0,0.0,0.0,0.0,0.0
1245529,0.0,0.0,1.0,0.0,0.0,1.0,0.0
1246029,0.0,0.0,1.0,0.0,0.0,0.0,0.0
1246189,0.0,0.0,0.0,0.0,0.0,0.0,0.0
1246235,0.0,0.0,0.0,0.0,0.0,1.0,0.0
1246289,0.0,0.0,1.0,0.0,0.0,1.0,0.0
1246735,0.0,0.0,1.0,0.0,0.0,0.0,0.0
1246789,0.0,0.0,0.0,0.0,0.0,0.0,0.0
1246794,0.0,0.0,1.0,0.0,0.0,0.0,0.0
1246807,0.0,0.0,1.0,0.0,0.0,1.0,0.0
1247201,0.0,0.0,1.0,0.0,0.0,2.0,0.0
1247701,0.0,0.0,1.0,0.0,0.0,0.0,0.0
1247794,0.0,0.0,0.0,0.0,0.0,0.0,0.0
1247828,0.0,0.0,0.0,0.0,0.0,1.0,0.0
1247842,0.0,0.0,0.0,0.0,0.0,2.0,0.0
1248342,0.0,0.0,0.0,0.0,0.0,0.0,0.0
1249545,0.0,0.0,0.0,0.0,0.0,1.0,0.0
1249637,0.0,0.0,0.0,0.0,0.0,2.0,0.0
1250137,0.0,0.0,0.0,0.0,0.0,0.0,0.0
1250451,0.0,0.0,0.0,0.0,0.0,1.0,0.0
1250488,0.0,0.0,0.0,0.0,0.0,2.0,0.0
1250988,0.0,0.0,0.0,0.0,0.0,0.0,0.0
1252071,0.0,0.0,0.0,0.0,0.0,1.0,0.0
1252445,0.0,0.0,0.0,0.0,0.0,2.0,0.0
1252945,0.0,0.0,0.0,0.0,0.0,0.0,0.0
1254136,0.0,0.0,0.0,0.0,0.0,1.0,0.0
1254636,0.0,0.0,0.0,0.0,0.0,0.0,0.0
1254837,0.0,0.0,0.0,0.0,0.0,1.0,0.0
1255337,0.0,0.0,0.0,0.0,0.0,0.0,0.0
1255447,0.0,0.0,0.0,0.0,0.0,1.0,0.0
1255453,0.0,0.0,0.0,0.0,0.0,2.0,0.0
1255953,0.0,0.0,0.0,0.0,0.0,0.0,0.0
1255962,0.0,0.0,0.0,0.0,0.0,1.0,0.0
1256210,0.0,0.0,0.0,0.0,0.0,2.0,0.0
1256710,0.0,0.0,0.0,0.0,0.0,0.0,0.0
1257279,0.0,0.0,0.0,0.0,0.0,1.0,0.0
1257452,0.0,0.0,0.0,0.0,0.0,2.0,0.0
1257952,0.0,0.0,0.0,0.0,0.0,0.0,0.0
1259451,0.0,0.0,0.0,0.0,0.0,1.0,0.0
1259577,0.0,0.0,0.0,0.0,0.0,2.0,0.0
1260077,0.0,0.0,0.0,0.0,0.0,0.0,0.0
1260102,0.0,0.0,0.0,0.0,0.0,1.0,0.0
1260602,0.0,0.0,0.0,0.0,0.0,0.0,0.0
1261453,0.0,0.0,0.0,0.0,0.0,1.0,0.0
1261953,0.0,0.0,0.0,0.0,0.0,0.0,0.0
1262006,0.0,0.0,0.0,0.0,0.0,1.0,0.0
1262506,0.0,0.0,0.0,0.0,0.0,0.0,0.0
1263059,0.0,0.0,0.0,0.0,0.0,1.0,0.0
1263502,0.0,0.0,0.0,0.0,0.0,2.0,0.0
1264002,0.0,0.0,0.0,0.0,0.0,0.0,0.0
1264192,0.0,0.0,0.0,0.0,0.0,1.0,0.0
1264207,0.0,0.0,0.0,0.0,0.0,2.0,0.0
1264707,0.0,0.0,0.0,0.0,0.0,0.0,0.0
1264838,0.0,0.0,0.0,0.0,0.0,1.0,0.0
1265338,0.0,0.0,0.0,0.0,0.0,0.0,0.0
1265629,0.0,0.0,0.0,0.0,0.0,1.0,0.0
1266129,0.0,0.0,0.0,0.0,0.0,0.0,0.0
1266314,0.0,0.0,0.0,0.0,0.0,1.0,0.0
1266320,0.0,0.0,0.0,0.0,0.0,2.0,0.0
1266820,0.0,0.0,0.0,0.0,0.0,0.0,0.0
1266980,0.0,0.0,0.0,0.0,0.0,1.0,0.0
1267480,0.0,0.0,0.0,0.0,0.0,0.0,0.0
1268087,0.0,0.0,0.0,0.0,0.0,1.0,0.0
1268587,0.0,0.0,0.0,0.0,0.0,0.0,0.0
1269014,0.0,0.0,0.0,0.0,0.0,1.0,0.0
1269488,0.0,0.0,0.0,0.0,0.0,2.0,0.0
1269988,0.0,0.0,0.0,0.0,0.0,0.0,0.0
1270294,0.0,0.0,0.0,0.0,0.0,1.0,0.0
1270525,0.0,0.0,0.0,0.0,0.0,2.0,0.0
1271025,0.0,0.0,0.0,0.0,0.0,0.0,0.0
1271262,0.0,0.0,0.0,0.0,0.0,1.0,0.0
1271382,0.0,0.0,0.0,0.0,0.0,2.0,0.0
1271882,0.0,0.0,0.0,0.0,0.0,0.0,0.0
1272401,0.0,0.0,0.0,0.0,0.0,1.0,0.0
1272653,0.0,0.0,0.0,0.0,0.0,2.0,0.0
1273153,0.0,0.0,0.0,0.0,0.0,0.0,0.0
1273377,0.0,0.0,0.0,0.0,0.0,1.0,0.0
1273745,0.0,0.0,0.0,0.0,0.0,2.0,0.0
1274245,0.0,0.0,0.0,0.0,0.0,0.0,0.0
1274552,0.0,0.0,0.0,0.0,0.0,1.0,0.0
1275052,0.0,0.0,0.0,0.0,0.0,0.0,0.0
1275737,0.0,0.0,0.0,0.0,0.0,1.0,0.0
1276237,0.0,0.0,0.0,0.0,0.0,0.0,0.0
1276249,0.0,0.0,0.0,0.0,0.0,1.0,0.0
1276252,0.0,0.0,0.0,0.0,0.0,2.0,0.0
1276752,0.0,0.0,0.0,0.0,0.0,0.0,0.0
1276780,0.0,0.0,0.0,0.0,0.0,1.0,0.0
1277280,0.0,0.0,0.0,0.0,0.0,0.0,0.0
1277501,0.0,0.0,0.0,0.0,0.0,1.0,0.0
1278001,0.0,0.0,0.0,0.0,0.0,0.0,0.0
1278002,0.0,0.0,0.0,0.0,0.0,1.0,0.0
1278021,0.0,0.0,0.0,0.0,0.0,2.0,0.0
1278521,0.0,0.0,0.0,0.0,0.0,0.0,0.0
1278741,0.0,0.0,0.0,0.0,0.0,1.0,0.0
1279029,0.0,0.0,0.0,0.0,0.0,2.0,0.0
1279529,0.0,0.0,0.0,0.0,0.0,0.0,0.0
1279906,0.0,0.0,0.0,0.0,0.0,1.0,0.0
1280327,0.0,0.0,0.0,0.0,0.0,2.0,0.0
1280827,0.0,0.0,0.0,0.0,0.0,0.0,0.0
1281651,0.0,0.0,0.0,0.0,0.0,1.0,0.0
1282151,0.0,0.0,0.0,0.0,0.0,0.0,0.0
1282256,0.0,0.0,0.0,0.0,0.0,1.0,0.0
1282756,0.0,0.0,0.0,0.0,0.0,0.0,0.0
1282831,0.0,0.0,0.0,0.0,0.0,1.0,0.0
1283331,0.0,0.0,0.0,0.0,0.0,0.0,0.0
1283708,0.0,0.0,0.0,0.0,0.0,1.0,0.0
1283753,0.0,0.0,0.0,0.0,0.0,2.0,0.0
1284253,0.0,0.0,0.0,0.0,0.0,0.0,0.0
1284604,0.0,0.0,0.0,0.0,0.0,1.0,0.0
1284743,0.0,0.0,0.0,0.0,0.0,2.0,0.0
1285243,0.0,0.0,0.0,0.0,0.0,0.0,0.0
1285610,0.0,0.0,0.0,0.0,0.0,1.0,0.0
1286110,0.0,0.0,0.0,0.0,0.0,0.0,0.0
1286509,0.0,0.0,0.0,0.0,0.0,1.0,0.0
1287009,0.0,0.0,0.0,0.0,0.0,0.0,0.0
1287801,0.0,0.0,0.0,0.0,0.0,1.0,0.0
1288162,0.0,0.0,0.0,0.0,0.0,2.0,0.0
1288662,0.0,0.0,0.0,0.0,0.0,0.0,0.0
1289275,0.0,0.0,0.0,0.0,0.0,1.0,0.0
1289278,0.0,0.0,0.0,0.0,0.0,2.0,0.0
1289778,0.0,0.0,0.0,0.0,0.0,0.0,0.0
1290077,0.0,0.0,0.0,0.0,0.0,1.0,0.0
1290577,0.0,0.0,0.0,0.0,0.0,0.0,0.0
1291750,0.0,0.0,0.0,0.0,0.0,1.0,0.0
1292250,0.0,0.0,0.0,0.0,0.0,0.0,0.0
1292615,0.0,0.0,0.0,0.0,0.0,1.0,0.0
1293115,0.0,0.0,0.0,0.0,0.0,0.0,0.0
1293170,0.0,0.0,0.0,0.0,0.0,1.0,0.0
1293326,0.0,0.0,0.0,0.0,0.0,2.0,0.0
1293826,0.0,0.0,0.0,0.0,0.0,0.0,0.0
1293919,0.0,0.0,0.0,0.0,0.0,1.0,0.0
1294419,0.0,0.0,0.0,0.0,0.0,0.0,0.0
1295213,0.0,0.0,0.0,0.0,0.0,1.0,0.0
1295713,0.0,0.0,0.0,0.0,0.0,0.0,0.0
1295994,0.0,0.0,0.0,0.0,0.0,1.0,0.0
1295997,0.0,0.0,0.0,0.0,0.0,2.0,0.0
1296497,0.0,0.0,0.0,0.0,0.0,0.0,0.0
1296723,0.0,0.0,0.0,0.0,0.0,1.0,0.0
1297223,0.0,0.0,0.0,0.0,0.0,0.0,0.0
1297522,0.0,0.0,0.0,0.0,0.0,1.0,0.0
1298022,0.0,0.0,0.0,0.0,0.0,0.0,0.0
1298331,0.0,0.0,0.0,0.0,0.0,1.0,0.0
1298831,0.0,0.0,0.0,0.0,0.0,0.0,0.0
1298995,0.0,0.0,0.0,0.0,0.0,1.0,0.0
1299200,0.0,0.0,0.0,0.0,0.0,2.0,0.0
1299700,0.0,0.0,0.0,0.0,0.0,0.0,0.0
1299969,0.0,2.0,0.0,0.0,0.0,0.0,0.0
1300469,0.0,0.0,0.0,0.0,0.0,0.0,0.0
1300703,0.0,0.0,0.0,0.0,0.0,1.0,0.0
1300976,0.0,0.0,0.0,0.0,0.0,2.0,0.0
1301476,0.0,0.0,0.0,0.0,0.0,0.0,0.0
1305945,0.0,0.0,0.0,0.0,0.0,1.0,0.0
1306009,0.0,0.0,0.0,0.0,1.0,1.0,0.0
1306041,0.0,0.0,0.0,0.0,2.0,1.0,0.0
1306445,0.0,0.0,0.0,0.0,2.0,0.0,0.0
1306541,0.0,0.0,0.0,0.0,0.0,0.0,0.0
1310959,0.0,0.0,0.0,0.0,0.0,1.0,0.0
1311459,0.0,0.0,0.0,0.0,0.0,0.0,0.0
1314163,0.0,0.0,0.0,0.0,0.0,1.0,0.0
1314663,0.0,0.0,0.0,0.0,0.0,0.0,0.0
1318076,0.0,0.0,0.0,0.0,0.0,1.0,0.0
1318576,0.0,0.0,0.0,0.0,0.0,0.0,0.0
1319048,0.0,0.0,0.0,0.0,0.0,1.0,0.0
1319548,0.0,0.0,0.0,0.0,0.0,0.0,0.0
1320222,0.0,0.0,0.0,0.0,0.0,1.0,0.0
1320722,0.0,0.0,0.0,0.0,0.0,0.0,0.0
1321745,0.0,0.0,0.0,0.0,0.0,1.0,0.0
1322245,0.0,0.0,0.0,0.0,0.0,0.0,0.0
1324867,0.0,0.0,0.0,0.0,0.0,1.0,0.0
1325367,0.0,0.0,0.0,0.0,0.0,0.0,0.0
1326081,0.0,0.0,0.0,0.0,0.0,1.0,0.0
1326083,0.0,0.0,0.0,0.0,0.0,2.0,0.0
1326583,0.0,0.0,0.0,0.0,0.0,0.0,0.0
1329884,0.0,0.0,0.0,0.0,0.0,1.0,0.0
1330202,0.0,0.0,0.0,0.0,0.0,2.0,0.0
1330702,0.0,0.0,0.0,0.0,0.0,0.0,0.0
1333280,0.0,0.0,0.0,0.0,0.0,1.0,0.0
1333780,0.0,0.0,0.0,0.0,0.0,0.0,0.0
1335040,0.0,0.0,0.0,0.0,0.0,1.0,0.0
1335042,0.0,0.0,0.0,0.0,0.0,2.0,0.0
1335542,0.0,0.0,0.0,0.0,0.0,0.0,0.0
1335905,0.0,0.0,0.0,0.0,0.0,1.0,0.0
1336405,0.0,0.0,0.0,0.0,0.0,0.0,0.0
1338140,0.0,0.0,0.0,0.0,0.0,1.0,0.0
1338640,0.0,0.0,0.0,0.0,0.0,0.0,0.0
1340777,0.0,0.0,0.0,0.0,0.0,1.0,0.0
1341277,0.0,0.0,0.0,0.0,0.0,0.0,0.0
1342907,0.0,0.0,0.0,0.0,0.0,1.0,0.0
1342912,0.0,0.0,0.0,0.0,0.0,2.0,0.0
1343412,0.0,0.0,0.0,0.0,0.0,0.0,0.0
1343710,0.0,0.0,0.0,0.0,0.0,1.0,0.0
1344210,0.0,0.0,0.0,0.0,0.0,0.0,0.0
1352739,0.0,0.0,0.0,0.0,0.0,1.0,0.0
1353239,0.0,0.0,0.0,0.0,0.0,0.0,0.0
1356314,0.0,0.0,0.0,0.0,0.0,1.0,0.0
1356814,0.0,0.0,0.0,0.0,0.0,0.0,0.0
1358645,0.0,0.0,0.0,0.0,0.0,1.0,0.0
1359145,0.0,0.0,0.0,0.0,0.0,0.0,0.0
1360303,0.0,0.0,0.0,0.0,0.0,1.0,0.0
1360803,0.0,0.0,0.0,0.0,0.0,0.0,0.0
1362274,0.0,0.0,0.0,0.0,0.0,1.0,0.0
1362646,0.0,0.0,0.0,0.0,1.0,1.0,0.0
1362650,0.0,0.0,0.0,0.0,2.0,1.0,0.0
1362774,0.0,0.0,0.0,0.0,2.0,0.0,0.0
1363150,0.0,0.0,0.0,0.0,0.0,0.0,0.0
1363473,0.0,0.0,0.0,0.0,0.0,1.0,0.0
1363973,0.0,0.0,0.0,0.0,0.0,0.0,0.0
1364279,0.0,0.0,0.0,0.0,1.0,0.0,0.0
1364657,0.0,0.0,0.0,0.0,1.0,1.0,0.0
1364779,0.0,0.0,0.0,0.0,0.0,1.0,0.0
1365157,0.0,0.0,0.0,0.0,0.0,0.0,0.0
1366410,0.0,0.0,0.0,0.0,0.0,1.0,0.0
1366910,0.0,0.0,0.0,0.0,0.0,0.0,0.0
1367982,0.0,0.0,0.0,0.0,0.0,1.0,0.0
1367983,0.0,0.0,0.0,0.0,0.0,2.0,0.0
1368483,0.0,0.0,0.0,0.0,0.0,0.0,0.0
1368543,0.0,0.0,0.0,0.0,1.0,0.0,0.0
1369043,0.0,0.0,0.0,0.0,0.0,0.0,0.0
1371996,0.0,0.0,0.0,0.0,1.0,0.0,0.0
1372014,0.0,0.0,0.0,0.0,1.0,1.0,0.0
1372496,0.0,0.0,0.0,0.0,0.0,1.0,0.0
1372514,0.0,0.0,0.0,0.0,0.0,0.0,0.0
1373268,0.0,0.0,0.0,0.0,0.0,1.0,0.0
1373768,0.0,0.0,0.0,0.0,0.0,0.0,0.0
1376125,0.0,0.0,0.0,0.0,0.0,1.0,0.0
1376130,0.0,0.0,0.0,0.0,0.0,2.0,0.0
1376630,0.0,0.0,0.0,0.0,0.0,0.0,0.0
1378836,0.0,0.0,0.0,0.0,0.0,1.0,0.0
1379336,0.0,0.0,0.0,0.0,0.0,0.0,0.0
1385106,0.0,0.0,0.0,0.0,0.0,1.0,0.0
1385109,0.0,0.0,0.0,0.0,1.0,2.0,0.0
1385116,0.0,0.0,0.0,0.0,2.0,2.0,0.0
1385609,0.0,0.0,0.0,0.0,2.0,0.0,0.0
1385616,0.0,0.0,0.0,0.0,0.0,0.0,0.0
1386705,0.0,0.0,0.0,0.0,0.0,1.0,0.0
1386707,0.0,0.0,0.0,0.0,0.0,2.0,0.0
1387207,0.0,0.0,0.0,0.0,0.0,0.0,0.0
1387627,0.0,0.0,0.0,0.0,1.0,0.0,0.0
1388127,0.0,0.0,0.0,0.0,0.0,0.0,0.0
1388619,0.0,0.0,0.0,0.0,0.0,1.0,0.0
1389119,0.0,0.0,0.0,0.0,0.0,0.0,0.0
1391691,0.0,0.0,0.0,0.0,0.0,1.0,0.0
1392191,0.0,0.0,0.0,0.0,0.0,0.0,0.0
1396875,0.0,0.0,0.0,0.0,0.0,1.0,0.0
1397375,0.0,0.0,0.0,0.0,0.0,0.0,0.0
1397376,0.0,0.0,0.0,0.0,0.0,1.0,0.0
1397876,0.0,0.0,0.0,0.0,0.0,0.0,0.0
1398121,0.0,0.0,0.0,0.0,0.0,1.0,0.0
1398123,0.0,0.0,0.0,0.0,0.0,2.0,0.0
1398623,0.0,0.0,0.0,0.0,0.0,0.0,0.0
1401300,0.0,0.0,0.0,0.0,0.0,0.0,1.0
1401355,0.0,0.0,0.0,0.0,0.0,1.0,1.0
1401367,0.0,0.0,0.0,0.0,0.0,2.0,1.0
1401439,2.0,0.0,0.0,0.0,0.0,2.0,1.0
1401465,2.0,2.0,0.0,0.0,0.0,2.0,1.0
1401593,2.0,2.0,0.0,0.0,1.0,2.0,1.0
1401662,2.0,2.0,0.0,0.0,2.0,2.0,1.0
1401800,2.0,2.0,0.0,0.0,2.0,2.0,0.0
1401867,2.0,2.0,0.0,0.0,2.0,0.0,0.0
1401939,0.0,2.0,0.0,0.0,2.0,0.0,0.0
1401965,0.0,0.0,0.0,0.0,2.0,0.0,0.0
1402042,0.0,0.0,0.0,0.0,2.0,1.0,0.0
1402162,0.0,0.0,0.0,0.0,0.0,1.0,0.0
1402198,0.0,0.0,0.0,0.0,0.0,2.0,0.0
1402349,0.0,0.0,1.0,0.0,0.0,2.0,0.0
1402698,0.0,0.0,1.0,0.0,0.0,0.0,0.0
1403037,0.0,0.0,1.0,0.0,0.0,1.0,0.0
1403329,0.0,0.0,2.0,0.0,0.0,1.0,0.0
1403485,0.0,0.0,2.0,0.0,0.0,2.0,0.0
1403829,0.0,0.0,1.0,0.0,0.0,2.0,0.0
1403985,0.0,0.0,1.0,0.0,0.0,0.0,0.0
1404329,0.0,0.0,0.0,0.0,0.0,0.0,0.0
1404750,0.0,0.0,0.0,0.0,0.0,1.0,0.0
1404753,0.0,0.0,0.0,0.0,0.0,2.0,0.0
1404775,0.0,0.0,0.0,0.0,1.0,2.0,0.0
1404784,0.0,0.0,0.0,0.0,2.0,2.0,0.0
1405253,0.0,0.0,0.0,0.0,2.0,0.0,0.0
1405284,0.0,0.0,0.0,0.0,0.0,0.0,0.0
1406379,0.0,0.0,0.0,0.0,0.0,1.0,0.0
1406879,0.0,0.0,0.0,0.0,0.0,0.0,0.0
1407439,0.0,0.0,0.0,0.0,0.0,1.0,0.0
1407939,0.0,0.0,0.0,0.0,0.0,0.0,0.0
1407958,0.0,0.0,0.0,0.0,0.0,1.0,0.0
1408458,0.0,0.0,0.0,0.0,0.0,0.0,0.0
1408552,0.0,0.0,0.0,0.0,0.0,1.0,0.0
1409052,0.0,0.0,0.0,0.0,0.0,0.0,0.0
1409225,0.0,0.0,0.0,0.0,0.0,1.0,0.0
1409725,0.0,0.0,0.0,0.0,0.0,0.0,0.0
1410843,0.0,0.0,0.0,0.0,0.0,1.0,0.0
1411282,0.0,0.0,0.0,0.0,0.0,2.0,0.0
1411782,0.0,0.0,0.0,0.0,0.0,0.0,0.0
1411845,0.0,0.0,0.0,0.0,0.0,1.0,0.0
1412345,0.0,0.0,0.0,0.0,0.0,0.0,0.0
1412817,0.0,0.0,0.0,0.0,0.0,1.0,0.0
1412821,0.0,0.0,0.0,0.0,0.0,2.0,0.0
1413321,0.0,0.0,0.0,0.0,0.0,0.0,0.0
1413581,0.0,0.0,0.0,0.0,0.0,1.0,0.0
1414081,0.0,0.0,0.0,0.0,0.0,0.0,0.0
1415243,0.0,0.0,0.0,0.0,0.0,1.0,0.0
1415341,0.0,0.0,0.0,0.0,0.0,2.0,0.0
1415841,0.0,0.0,0.0,0.0,0.0,0.0,0.0
1415912,0.0,0.0,0.0,0.0,0.0,1.0,0.0
1415921,0.0,0.0,0.0,0.0,0.0,2.0,0.0
1416421,0.0,0.0,0.0,0.0,0.0,0.0,0.0
1417173,0.0,0.0,0.0,0.0,0.0,1.0,0.0
1417673,0.0,0.0,0.0,0.0,0.0,0.0,0.0
1417705,0.0,0.0,0.0,0.0,0.0,1.0,0.0
1417708,0.0,0.0,0.0,0.0,0.0,2.0,0.0
1418208,0.0,0.0,0.0,0.0,0.0,0.0,0.0
1418399,0.0,0.0,0.0,0.0,0.0,1.0,0.0
1418785,0.0,0.0,0.0,0.0,0.0,2.0,0.0
1418806,0.0,0.0,0.0,0.0,1.0,2.0,0.0
1419285,0.0,0.0,0.0,0.0,1.0,0.0,0.0
1419306,0.0,0.0,0.0,0.0,0.0,0.0,0.0
1419312,0.0,0.0,0.0,0.0,0.0,1.0,0.0
1419535,0.0,0.0,0.0,0.0,0.0,2.0,0.0
1420035,0.0,0.0,0.0,0.0,0.0,0.0,0.0
1420333,0.0,0.0,0.0,0.0,0.0,1.0,0.0
1420801,0.0,0.0,0.0,0.0,0.0,2.0,0.0
1421301,0.0,0.0,0.0,0.0,0.0,0.0,0.0
1421724,0.0,0.0,0.0,0.0,0.0,1.0,0.0
1421726,0.0,0.0,0.0,0.0,1.0,1.0,0.0
1422218,0.0,0.0,0.0,0.0,1.0,2.0,0.0
1422226,0.0,0.0,0.0,0.0,0.0,2.0,0.0
1422227,0.0,0.0,0.0,0.0,1.0,2.0,0.0
1422718,0.0,0.0,0.0,0.0,1.0,0.0,0.0
1422727,0.0,0.0,0.0,0.0,0.0,0.0,0.0
1423716,0.0,0.0,0.0,0.0,0.0,1.0,0.0
1423763,0.0,0.0,0.0,0.0,0.0,2.0,0.0
1424263,0.0,0.0,0.0,0.0,0.0,0.0,0.0
1424828,0.0,0.0,0.0,0.0,0.0,1.0,0.0
1425328,0.0,0.0,0.0,0.0,0.0,0.0,0.0
1425811,0.0,0.0,0.0,0.0,0.0,1.0,0.0
1425814,0.0,0.0,0.0,0.0,0.0,2.0,0.0
1426314,0.0,0.0,0.0,0.0,0.0,0.0,0.0
1426390,0.0,0.0,0.0,0.0,0.0,1.0,0.0
1426637,0.0,0.0,0.0,0.0,0.0,2.0,0.0
1427137,0.0,0.0,0.0,0.0,0.0,0.0,0.0
1427364,0.0,0.0,0.0,0.0,0.0,1.0,0.0
1427864,0.0,0.0,0.0,0.0,0.0,0.0,0.0
1428082,0.0,0.0,0.0,0.0,0.0,1.0,0.0
1428582,0.0,0.0,0.0,0.0,0.0,0.0,0.0
1428583,0.0,0.0,0.0,0.0,0.0,1.0,0.0
1429083,0.0,0.0,0.0,0.0,0.0,0.0,0.0
1429989,0.0,0.0,0.0,0.0,0.0,1.0,0.0
1430489,0.0,0.0,0.0,0.0,0.0,0.0,0.0
1430927,0.0,0.0,0.0,0.0,0.0,1.0,0.0
1431296,0.0,0.0,0.0,0.0,0.0,2.0,0.0
1431796,0.0,0.0,0.0,0.0,0.0,0.0,0.0
1432484,0.0,0.0,0.0,0.0,0.0,1.0,0.0
1432869,0.0,0.0,0.0,0.0,0.0,2.0,0.0
1433174,0.0,2.0,0.0,0.0,0.0,2.0,0.0
1433369,0.0,2.0,0.0,0.0,0.0,0.0,0.0
1433535,0.0,2.0,0.0,0.0,0.0,1.0,0.0
1433674,0.0,0.0,0.0,0.0,0.0,1.0,0.0
1434035,0.0,0.0,0.0,0.0,0.0,0.0,0.0
1434320,0.0,0.0,0.0,0.0,0.0,1.0,0.0
1434820,0.0,0.0,0.0,0.0,0.0,0.0,0.0
1435047,0.0,0.0,0.0,0.0,0.0,1.0,0.0
1435135,0.0,0.0,0.0,0.0,0.0,2.0,0.0
1435635,0.0,0.0,0.0,0.0,0.0,0.0,0.0
1435737,0.0,0.0,0.0,0.0,0.0,1.0,0.0
1436237,0.0,0.0,0.0,0.0,0.0,0.0,0.0
1436754,0.0,0.0,0.0,0.0,0.0,1.0,0.0
1436758,0.0,0.0,0.0,0.0,0.0,2.0,0.0
1437258,0.0,0.0,0.0,0.0,0.0,0.0,0.0
1437375,0.0,0.0,0.0,0.0,0.0,1.0,0.0
1437875,0.0,0.0,0.0,0.0,0.0,0.0,0.0
1437991,0.0,0.0,0.0,0.0,0.0,1.0,0.0
1438491,0.0,0.0,0.0,0.0,0.0,0.0,0.0
1438991,0.0,0.0,0.0,0.0,0.0,1.0,0.0
1439008,0.0,0.0,0.0,0.0,0.0,2.0,0.0
1439508,0.0,0.0,0.0,0.0,0.0,0.0,0.0
1439918,0.0,0.0,0.0,0.0,0.0,1.0,0.0
1440418,0.0,0.0,0.0,0.0,0.0,0.0,0.0
1440691,0.0,0.0,0.0,0.0,0.0,1.0,0.0
1441191,0.0,0.0,0.0,0.0,0.0,0.0,0.0
1442142,0.0,0.0,0.0,0.0,0.0,1.0,0.0
1442642,0.0,0.0,0.0,0.0,0.0,0.0,0.0
1443084,0.0,0.0,0.0,0.0,0.0,1.0,0.0
1443573,0.0,2.0,0.0,0.0,0.0,1.0,0.0
1443584,0.0,2.0,0.0,0.0,0.0,0.0,0.0
1443863,0.0,2.0,0.0,0.0,0.0,1.0,0.0
1443884,0.0,2.0,0.0,0.0,0.0,2.0,0.0
1443886,0.0,2.0,0.0,0.0,1.0,2.0,0.0
1444073,0.0,0.0,0.0,0.0,1.0,2.0,0.0
1444384,0.0,0.0,0.0,0.0,1.0,0.0,0.0
1444386,0.0,0.0,0.0,0.0,0.0,0.0,0.0
1445533,0.0,0.0,0.0,0.0,0.0,1.0,0.0
1445609,0.0,0.0,0.0,0.0,0.0,2.0,0.0
1446109,0.0,0.0,0.0,0.0,0.0,0.0,0.0
1446526,0.0,0.0,0.0,0.0,0.0,1.0,0.0
1446530,0.0,0.0,0.0,0.0,0.0,2.0,0.0
1447030,0.0,0.0,0.0,0.0,0.0,0.0,0.0
1447084,0.0,0.0,0.0,0.0,0.0,1.0,0.0
1447087,0.0,0.0,0.0,0.0,0.0,2.0,0.0
1447587,0.0,0.0,0.0,0.0,0.0,0.0,0.0
1448437,0.0,0.0,0.0,0.0,0.0,1.0,0.0
1448937,0.0,0.0,0.0,0.0,0.0,0.0,0.0
1449265,0.0,0.0,0.0,0.0,0.0,1.0,0.0
1449765,0.0,0.0,0.0,0.0,0.0,0.0,0.0
1451027,0.0,0.0,0.0,0.0,0.0,1.0,0.0
1451527,0.0,0.0,0.0,0.0,0.0,0.0,0.0
1451544,0.0,0.0,0.0,0.0,0.0,1.0,0.0
1451735,0.0,0.0,0.0,0.0,1.0,2.0,0.0
1452235,0.0,0.0,0.0,0.0,0.0,0.0,0.0
1452479,0.0,0.0,0.0,0.0,0.0,1.0,0.0
1452979,0.0,0.0,0.0,0.0,0.0,0.0,0.0
1453282,0.0,0.0,0.0,0.0,0.0,1.0,0.0
1453782,0.0,0.0,0.0,0.0,0.0,0.0,0.0
1453844,0.0,0.0,0.0,0.0,0.0,1.0,0.0
1454344,0.0,0.0,0.0,0.0,0.0,0.0,0.0
1455054,0.0,0.0,0.0,0.0,0.0,1.0,0.0
1455262,0.0,0.0,0.0,0.0,0.0,2.0,0.0
1455762,0.0,0.0,0.0,0.0,0.0,0.0,0.0
1455933,0.0,0.0,0.0,0.0,0.0,1.0,0.0
1456070,0.0,0.0,0.0,0.0,1.0,1.0,0.0
1456093,0.0,0.0,0.0,0.0,2.0,1.0,0.0
1456095,0.0,0.0,0.0,0.0,2.0,2.0,0.0
1456593,0.0,0.0,0.0,0.0,0.0,2.0,0.0
1456595,0.0,0.0,0.0,0.0,0.0,0.0,0.0
1457596,0.0,0.0,0.0,0.0,0.0,1.0,0.0
1458030,0.0,0.0,0.0,0.0,0.0,2.0,0.0
1458530,0.0,0.0,0.0,0.0,0.0,0.0,0.0
1458600,0.0,0.0,0.0,0.0,0.0,1.0,0.0
1459100,0.0,0.0,0.0,0.0,0.0,0.0,0.0
1459317,0.0,0.0,0.0,0.0,0.0,1.0,0.0
1459320,0.0,0.0,0.0,0.0,0.0,2.0,0.0
1459820,0.0,0.0,0.0,0.0,0.0,0.0,0.0
1460298,0.0,0.0,0.0,0.0,0.0,1.0,0.0
1460562,0.0,0.0,0.0,0.0,0.0,2.0,0.0
1461062,0.0,0.0,0.0,0.0,0.0,0.0,0.0
1461914,0.0,0.0,0.0,0.0,0.0,1.0,0.0
1462414,0.0,0.0,0.0,0.0,0.0,0.0,0.0
1463721,0.0,0.0,0.0,0.0,0.0,1.0,0.0
1463724,0.0,0.0,0.0,0.0,0.0,2.0,0.0
1464224,0.0,0.0,0.0,0.0,0.0,0.0,0.0
1464807,0.0,0.0,0.0,0.0,0.0,1.0,0.0
1464811,0.0,0.0,0.0,0.0,0.0,2.0,0.0
1465311,0.0,0.0,0.0,0.0,0.0,0.0,0.0
1466738,0.0,0.0,0.0,0.0,0.0,1.0,0.0
1466960,0.0,0.0,0.0,0.0,0.0,2.0,0.0
1467460,0.0,0.0,0.0,0.0,0.0,0.0,0.0
1467680,0.0,0.0,0.0,0.0,0.0,1.0,0.0
1467690,0.0,0.0,0.0,0.0,0.0,2.0,0.0
1468190,0.0,0.0,0.0,0.0,0.0,0.0,0.0
1469218,0.0,0.0,0.0,0.0,0.0,1.0,0.0
1469221,0.0,0.0,0.0,0.0,0.0,2.0,0.0
1469721,0.0,0.0,0.0,0.0,0.0,0.0,0.0
1469891,0.0,0.0,0.0,0.0,0.0,1.0,0.0
1470222,0.0,0.0,0.0,0.0,0.0,2.0,0.0
1470722,0.0,0.0,0.0,0.0,0.0,0.0,0.0
1470783,0.0,0.0,0.0,0.0,0.0,1.0,0.0
1471283,0.0,0.0,0.0,0.0,0.0,0.0,0.0
1471285,0.0,0.0,0.0,0.0,0.0,1.0,0.0
1471707,0.0,0.0,0.0,0.0,0.0,2.0,0.0
1472207,0.0,0.0,0.0,0.0,0.0,0.0,0.0
1472564,0.0,0.0,0.0,0.0,0.0,1.0,0.0
1473064,0.0,0.0,0.0,0.0,0.0,0.0,0.0
1473465,0.0,0.0,0.0,0.0,0.0,1.0,0.0
1473965,0.0,0.0,0.0,0.0,0.0,0.0,0.0
1474271,0.0,0.0,0.0,0.0,0.0,1.0,0.0
1474459,0.0,0.0,0.0,0.0,0.0,2.0,0.0
1474959,0.0,0.0,0.0,0.0,0.0,0.0,0.0
1475032,0.0,0.0,0.0,0.0,0.0,1.0,0.0
1475140,0.0,0.0,0.0,0.0,0.0,2.0,0.0
1475640,0.0,0.0,0.0,0.0,0.0,0.0,0.0
1475693,0.0,0.0,0.0,0.0,0.0,1.0,0.0
1475729,0.0,0.0,0.0,0.0,0.0,2.0,0.0
1476229,0.0,0.0,0.0,0.0,0.0,0.0,0.0
1477994,0.0,0.0,0.0,0.0,0.0,1.0,0.0
1477998,0.0,0.0,0.0,0.0,0.0,2.0,0.0
1478020,0.0,2.0,0.0,0.0,0.0,2.0,0.0
1478498,0.0,2.0,0.0,0.0,0.0,0.0,0.0
1478520,0.0,0.0,0.0,0.0,0.0,0.0,0.0
1478875,0.0,0.0,0.0,0.0,0.0,1.0,0.0
1479375,0.0,0.0,0.0,0.0,0.0,0.0,0.0
1479466,0.0,0.0,0.0,0.0,0.0,1.0,0.0
1479966,0.0,0.0,0.0,0.0,0.0,0.0,0.0
1480132,0.0,0.0,0.0,0.0,0.0,1.0,0.0
1480138,0.0,0.0,0.0,0.0,0.0,2.0,0.0
1480638,0.0,0.0,0.0,0.0,0.0,0.0,0.0
1480726,0.0,0.0,0.0,0.0,0.0,1.0,0.0
1481226,0.0,0.0,0.0,0.0,0.0,0.0,0.0
1481585,0.0,0.0,0.0,0.0,0.0,1.0,0.0
1482085,0.0,0.0,0.0,0.0,0.0,0.0,0.0
1482156,0.0,0.0,0.0,0.0,0.0,1.0,0.0
1482656,0.0,0.0,0.0,0.0,0.0,0.0,0.0
1482965,0.0,0.0,0.0,0.0,0.0,1.0,0.0
1483126,0.0,0.0,0.0,0.0,0.0,2.0,0.0
1483626,0.0,0.0,0.0,0.0,0.0,0.0,0.0
1484057,0.0,0.0,0.0,0.0,0.0,1.0,0.0
1484557,0.0,0.0,0.0,0.0,0.0,0.0,0.0
1484866,0.0,0.0,0.0,0.0,0.0,1.0,0.0
1485366,0.0,0.0,0.0,0.0,0.0,0.0,0.0
1485388,0.0,0.0,0.0,0.0,0.0,1.0,0.0
1485888,0.0,0.0,0.0,0.0,0.0,0.0,0.0
1486159,0.0,0.0,0.0,0.0,0.0,1.0,0.0
1486221,0.0,0.0,0.0,0.0,0.0,2.0,0.0
1486721,0.0,0.0,0.0,0.0,0.0,0.0,0.0
1486885,0.0,0.0,0.0,0.0,0.0,1.0,0.0
1486889,0.0,0.0,0.0,0.0,0.0,2.0,0.0
1487389,0.0,0.0,0.0,0.0,0.0,0.0,0.0
1487789,0.0,0.0,0.0,0.0,0.0,1.0,0.0
1488141,0.0,0.0,0.0,0.0,0.0,2.0,0.0
1488641,0.0,0.0,0.0,0.0,0.0,0.0,0.0
1488777,0.0,0.0,0.0,0.0,0.0,1.0,0.0
1488891,0.0,0.0,0.0,0.0,0.0,2.0,0.0
1489391,0.0,0.0,0.0,0.0,0.0,0.0,0.0
1490422,0.0,0.0,0.0,0.0,0.0,1.0,0.0
1490474,0.0,0.0,0.0,0.0,0.0,2.0,0.0
1490974,0.0,0.0,0.0,0.0,0.0,0.0,0.0
1491518,0.0,0.0,0.0,0.0,0.0,1.0,0.0
1491521,0.0,0.0,0.0,0.0,0.0,2.0,0.0
1492021,0.0,0.0,0.0,0.0,0.0,0.0,0.0
1492086,0.0,2.0,0.0,0.0,0.0,0.0,0.0
1492586,0.0,0.0,0.0,0.0,0.0,0.0,0.0
1492751,0.0,0.0,0.0,0.0,0.0,1.0,0.0
1492756,0.0,0.0,0.0,0.0,0.0,2.0,0.0
1493256,0.0,0.0,0.0,0.0,0.0,0.0,0.0
1494224,0.0,0.0,0.0,0.0,0.0,1.0,0.0
1494241,0.0,2.0,0.0,0.0,0.0,1.0,0.0
1494724,0.0,2.0,0.0,0.0,0.0,0.0,0.0
1494741,0.0,0.0,0.0,0.0,0.0,0.0,0.0
1495493,0.0,0.0,0.0,0.0,0.0,1.0,0.0
1495504,0.0,0.0,0.0,0.0,0.0,2.0,0.0
1496004,0.0,0.0,0.0,0.0,0.0,0.0,0.0
1496471,0.0,0.0,0.0,0.0,0.0,1.0,0.0
1496971,0.0,0.0,0.0,0.0,0.0,0.0,0.0
1498153,0.0,0.0,0.0,0.0,0.0,1.0,0.0
1498374,0.0,0.0,0.0,0.0,0.0,2.0,0.0
1498874,0.0,0.0,0.0,0.0,0.0,0.0,0.0
1498909,0.0,0.0,0.0,0.0,0.0,1.0,0.0
1498912,0.0,0.0,0.0,0.0,0.0,2.0,0.0
1499412,0.0,0.0,0.0,0.0,0.0,0.0,0.0
1499802,0.0,0.0,0.0,0.0,0.0,1.0,0.0
1500302,0.0,0.0,0.0,0.0,0.0,0.0,0.0
1500950,0.0,0.0,0.0,0.0,0.0,1.0,0.0
1500976,0.0,0.0,0.0,0.0,0.0,2.0,0.0
1501476,0.0,0.0,0.0,0.0,0.0,0.0,0.0
1502665,0.0,0.0,0.0,0.0,0.0,1.0,0.0
1503165,0.0,0.0,0.0,0.0,0.0,0.0,0.0
1503669,0.0,0.0,0.0,0.0,0.0,1.0,0.0
1504169,0.0,0.0,0.0,0.0,0.0,0.0,0.0
1517133,0.0,0.0,0.0,0.0,0.0,1.0,0.0
1517633,0.0,0.0,0.0,0.0,0.0,0.0,0.0
1517742,0.0,0.0,0.0,0.0,0.0,1.0,0.0
1518242,0.0,0.0,0.0,0.0,0.0,0.0,0.0
1518835,0.0,0.0,0.0,0.0,0.0,1.0,0.0
1519300,0.0,0.0,0.0,0.0,1.0,1.0,0.0
1519335,0.0,0.0,0.0,0.0,1.0,0.0,0.0
1519800,0.0,0.0,0.0,0.0,0.0,0.0,0.0
1520374,0.0,0.0,0.0,0.0,0.0,1.0,0.0
1520874,0.0,0.0,0.0,0.0,0.0,0.0,0.0
1522410,0.0,0.0,0.0,0.0,0.0,1.0,0.0
1522910,0.0,0.0,0.0,0.0,0.0,0.0,0.0
1526596,0.0,0.0,0.0,0.0,0.0,1.0,0.0
1527096,0.0,0.0,0.0,0.0,0.0,0.0,0.0
1529594,0.0,0.0,0.0,0.0,0.0,1.0,0.0
1529597,0.0,0.0,0.0,0.0,1.0,1.0,0.0
1530094,0.0,0.0,0.0,0.0,1.0,0.0,0.0
1530097,0.0,0.0,0.0,0.0,0.0,0.0,0.0
1531028,0.0,0.0,0.0,0.0,0.0,1.0,0.0
1531121,0.0,0.0,0.0,0.0,0.0,2.0,0.0
1531621,0.0,0.0,0.0,0.0,0.0,0.0,0.0
1533549,0.0,0.0,0.0,0.0,1.0,0.0,0.0
1534049,0.0,0.0,0.0,0.0,0.0,0.0,0.0
1534152,0.0,0.0,0.0,0.0,0.0,1.0,0.0
1534652,0.0,0.0,0.0,0.0,0.0,0.0,0.0
1537048,0.0,0.0,0.0,0.0,0.0,1.0,0.0
1537548,0.0,0.0,0.0,0.0,0.0,0.0,0.0
1539124,0.0,0.0,0.0,0.0,0.0,1.0,0.0
1539624,0.0,0.0,0.0,0.0,0.0,0.0,0.0
1540797,0.0,0.0,0.0,0.0,0.0,1.0,0.0
1541297,0.0,0.0,0.0,0.0,0.0,0.0,0.0
1541444,0.0,0.0,0.0,0.0,0.0,1.0,0.0
1541944,0.0,0.0,0.0,0.0,0.0,0.0,0.0
1549628,0.0,0.0,0.0,0.0,0.0,1.0,0.0
1550128,0.0,0.0,0.0,0.0,0.0,0.0,0.0
1550756,0.0,0.0,0.0,0.0,0.0,1.0,0.0
1550758,0.0,0.0,0.0,0.0,0.0,2.0,0.0
1551258,0.0,0.0,0.0,0.0,0.0,0.0,0.0
1551556,0.0,0.0,0.0,0.0,0.0,1.0,0.0
1551560,0.0,0.0,0.0,0.0,0.0,2.0,0.0
1552060,0.0,0.0,0.0,0.0,0.0,0.0,0.0
1552729,0.0,0.0,0.0,0.0,0.0,1.0,0.0
1553229,0.0,0.0,0.0,0.0,0.0,0.0,0.0
1554833,0.0,0.0,0.0,0.0,0.0,1.0,0.0
1554835,0.0,0.0,0.0,0.0,0.0,2.0,0.0
1555335,0.0,0.0,0.0,0.0,0.0,0.0,0.0
1556409,0.0,0.0,0.0,0.0,0.0,1.0,0.0
1556909,0.0,0.0,0.0,0.0,0.0,0.0,0.0
1560919,0.0,0.0,0.0,0.0,0.0,1.0,0.0
1561419,0.0,0.0,0.0,0.0,0.0,0.0,0.0
1562225,0.0,0.0,0.0,0.0,0.0,1.0,0.0
1562725,0.0,0.0,0.0,0.0,0.0,0.0,0.0
1565493,0.0,0.0,0.0,0.0,0.0,1.0,0.0
1565628,0.0,0.0,0.0,0.0,0.0,2.0,0.0
1566128,0.0,0.0,0.0,0.0,0.0,0.0,0.0
1566403,0.0,0.0,0.0,0.0,0.0,1.0,0.0
1566903,0.0,0.0,0.0,0.0,0.0,0.0,0.0
1571115,0.0,0.0,0.0,0.0,0.0,1.0,0.0
1571615,0.0,0.0,0.0,0.0,0.0,0.0,0.0
1574478,0.0,0.0,0.0,0.0,0.0,1.0,0.0
1574978,0.0,0.0,0.0,0.0,0.0,0.0,0.0
1575117,0.0,0.0,0.0,0.0,0.0,1.0,0.0
1575617,0.0,0.0,0.0,0.0,0.0,0.0,0.0
1576133,0.0,0.0,0.0,0.0,0.0,1.0,0.0
1576633,0.0,0.0,0.0,0.0,0.0,0.0,0.0
1579445,0.0,0.0,0.0,0.0,0.0,1.0,0.0
1579945,0.0,0.0,0.0,0.0,0.0,0.0,0.0
1582770,0.0,0.0,0.0,0.0,0.0,1.0,0.0
1582772,0.0,0.0,0.0,0.0,0.0,2.0,0.0
1583272,0.0,0.0,0.0,0.0,0.0,0.0,0.0
1586672,0.0,0.0,0.0,0.0,0.0,1.0,0.0
1587172,0.0,0.0,0.0,0.0,0.0,0.0,0.0
1587181,0.0,0.0,0.0,0.0,0.0,1.0,0.0
1587681,0.0,0.0,0.0,0.0,0.0,0.0,0.0
1589040,0.0,0.0,0.0,0.0,0.0,1.0,0.0
1589540,0.0,0.0,0.0,0.0,0.0,0.0,0.0
1589961,0.0,0.0,0.0,0.0,0.0,1.0,0.0
1590461,0.0,0.0,0.0,0.0,0.0,0.0,0.0
1591375,0.0,0.0,0.0,0.0,0.0,1.0,0.0
1591875,0.0,0.0,0.0,0.0,0.0,0.0,0.0
1592555,0.0,0.0,0.0,0.0,0.0,1.0,0.0
1592563,0.0,0.0,0.0,0.0,1.0,1.0,0.0
1593055,0.0,0.0,0.0,0.0,1.0,0.0,0.0
1593063,0.0,0.0,0.0,0.0,0.0,0.0,0.0
1593227,0.0,0.0,0.0,0.0,0.0,1.0,0.0
1593727,0.0,0.0,0.0,0.0,0.0,0.0,0.0
1593784,0.0,0.0,0.0,0.0,0.0,1.0,0.0
1594284,0.0,0.0,0.0,0.0,0.0,0.0,0.0
1594905,0.0,0.0,0.0,0.0,0.0,1.0,0.0
1595405,0.0,0.0,0.0,0.0,0.0,0.0,0.0
1596706,0.0,0.0,0.0,0.0,0.0,1.0,0.0
1597206,0.0,0.0,0.0,0.0,0.0,0.0,0.0
1597491,0.0,0.0,0.0,0.0,0.0,1.0,0.0
1597991,0.0,0.0,0.0,0.0,0.0,0.0,0.0
1598312,0.0,0.0,0.0,0.0,0.0,1.0,0.0
1598812,0.0,0.0,0.0,0.0,0.0,0.0,0.0
1598989,0.0,0.0,0.0,0.0,0.0,1.0,0.0
1599489,0.0,0.0,0.0,0.0,0.0,0.0,0.0
1599849,0.0,0.0,0.0,0.0,0.0,1.0,0.0
1600349,0.0,0.0,0.0,0.0,0.0,0.0,0.0
1601500,0.0,0.0,0.0,0.0,0.0,0.0,1.0
1601542,0.0,0.0,0.0,0.0,0.0,1.0,1.0
1601567,0.0,0.0,0.0,0.0,0.0,2.0,1.0
1601631,2.0,0.0,0.0,0.0,0.0,2.0,1.0
1601688,2.0,2.0,0.0,0.0,0.0,2.0,1.0
1601779,2.0,2.0,0.0,0.0,1.0,2.0,1.0
1601816,2.0,2.0,0.0,0.0,2.0,2.0,1.0
1602000,2.0,2.0,0.0,0.0,2.0,2.0,0.0
1602067,2.0,2.0,0.0,0.0,2.0,0.0,0.0
1602131,0.0,2.0,0.0,0.0,2.0,0.0,0.0
1602188,0.0,0.0,0.0,0.0,2.0,0.0,0.0
1602297,0.0,0.0,0.0,0.0,2.0,1.0,0.0
1602316,0.0,0.0,0.0,0.0,0.0,1.0,0.0
1602744,0.0,0.0,1.0,0.0,0.0,1.0,0.0
1602797,0.0,0.0,1.0,0.0,0.0,0.0,0.0
1604291,0.0,0.0,2.0,0.0,0.0,0.0,0.0
1604493,0.0,0.0,2.0,0.0,0.0,1.0,0.0
1604791,0.0,0.0,0.0,0.0,0.0,1.0,0.0
1604993,0.0,0.0,0.0,0.0,0.0,0.0,0.0
1605786,0.0,0.0,0.0,0.0,0.0,1.0,0.0
1606286,0.0,0.0,0.0,0.0,0.0,0.0,0.0
1606400,0.0,0.0,0.0,0.0,0.0,1.0,0.0
1606520,0.0,0.0,0.0,0.0,0.0,2.0,0.0
1606761,0.0,0.0,1.0,0.0,0.0,2.0,0.0
1607020,0.0,0.0,1.0,0.0,0.0,0.0,0.0
1607218,0.0,0.0,1.0,0.0,0.0,1.0,0.0
1607718,0.0,0.0,1.0,0.0,0.0,0.0,0.0
1608031,0.0,0.0,1.0,0.0,0.0,1.0,0.0
1608531,0.0,0.0,1.0,0.0,0.0,0.0,0.0
1608719,0.0,0.0,1.0,0.0,0.0,1.0,0.0
1609219,0.0,0.0,1.0,0.0,0.0,0.0,0.0
1611614,0.0,0.0,1.0,0.0,0.0,1.0,0.0
1612114,0.0,0.0,1.0,0.0,0.0,0.0,0.0
1612358,0.0,0.0,1.0,0.0,0.0,1.0,0.0
1612361,0.0,0.0,1.0,0.0,0.0,2.0,0.0
1612861,0.0,0.0,1.0,0.0,0.0,0.0,0.0
1613256,0.0,0.0,1.0,0.0,0.0,1.0,0.0
1613646,0.0,0.0,1.0,0.0,0.0,2.0,0.0
1614146,0.0,0.0,1.0,0.0,0.0,0.0,0.0
1614913,0.0,0.0,1.0,0.0,0.0,1.0,0.0
1615404,0.0,0.0,1.0,0.0,0.0,2.0,0.0
1615526,0.0,0.0,1.0,0.0,1.0,2.0,0.0
1615904,0.0,0.0,1.0,0.0,1.0,0.0,0.0
1616026,0.0,0.0,1.0,0.0,0.0,0.0,0.0
1616262,0.0,0.0,1.0,0.0,0.0,1.0,0.0
1616270,0.0,0.0,1.0,0.0,0.0,2.0,0.0
1616770,0.0,0.0,1.0,0.0,0.0,0.0,0.0
1616985,0.0,0.0,1.0,0.0,0.0,1.0,0.0
1617345,0.0,0.0,1.0,0.0,0.0,2.0,0.0
1617845,0.0,0.0,1.0,0.0,0.0,0.0,0.0
1617943,0.0,0.0,1.0,0.0,0.0,1.0,0.0
1618348,0.0,0.0,1.0,0.0,0.0,2.0,0.0
1618353,0.0,0.0,1.0,0.0,1.0,2.0,0.0
1618848,0.0,0.0,1.0,0.0,1.0,0.0,0.0
1618853,0.0,0.0,1.0,0.0,0.0,0.0,0.0
1619400,0.0,0.0,1.0,0.0,0.0,1.0,0.0
1619900,0.0,0.0,1.0,0.0,0.0,0.0,0.0
1620001,0.0,0.0,1.0,0.0,0.0,1.0,0.0
1620016,0.0,0.0,1.0,0.0,0.0,2.0,0.0
1620516,0.0,0.0,1.0,0.0,0.0,0.0,0.0
1620582,0.0,0.0,1.0,0.0,0.0,1.0,0.0
1621082,0.0,0.0,1.0,0.0,0.0,0.0,0.0
1621287,0.0,0.0,1.0,0.0,0.0,1.0,0.0
1621290,0.0,0.0,1.0,0.0,0.0,2.0,0.0
1621790,0.0,0.0,1.0,0.0,0.0,0.0,0.0
1622197,0.0,0.0,1.0,0.0,0.0,1.0,0.0
1622697,0.0,0.0,1.0,0.0,0.0,0.0,0.0
1623068,0.0,0.0,1.0,0.0,0.0,1.0,0.0
1623103,0.0,0.0,1.0,0.0,0.0,2.0,0.0
1623603,0.0,0.0,1.0,0.0,0.0,0.0,0.0
1623685,0.0,0.0,1.0,0.0,0.0,1.0,0.0
1624185,0.0,0.0,1.0,0.0,0.0,0.0,0.0
1624797,0.0,0.0,1.0,0.0,0.0,1.0,0.0
1625261,0.0,0.0,0.0,0.0,0.0,1.0,0.0
1625297,0.0,0.0,0.0,0.0,0.0,0.0,0.0
1626213,0.0,0.0,0.0,0.0,0.0,1.0,0.0
1626713,0.0,0.0,0.0,0.0,0.0,0.0,0.0
1627057,0.0,0.0,0.0,0.0,0.0,1.0,0.0
1627557,0.0,0.0,0.0,0.0,0.0,0.0,0.0
1627729,0.0,0.0,0.0,0.0,0.0,1.0,0.0
1627913,0.0,0.0,0.0,0.0,0.0,2.0,0.0
1628413,0.0,0.0,0.0,0.0,0.0,0.0,0.0
1628425,0.0,0.0,0.0,0.0,0.0,1.0,0.0
1628925,0.0,0.0,0.0,0.0,0.0,0.0,0.0
1629137,0.0,0.0,0.0,0.0,0.0,1.0,0.0
1629428,0.0,0.0,0.0,0.0,0.0,2.0,0.0
1629928,0.0,0.0,0.0,0.0,0.0,0.0,0.0
1631245,0.0,0.0,0.0,0.0,0.0,1.0,0.0
1631248,0.0,0.0,0.0,0.0,0.0,2.0,0.0
1631748,0.0,0.0,0.0,0.0,0.0,0.0,0.0
1631988,0.0,0.0,0.0,0.0,0.0,1.0,0.0
1632488,0.0,0.0,0.0,0.0,0.0,0.0,0.0
1634465,0.0,0.0,0.0,0.0,0.0,1.0,0.0
1634965,0.0,0.0,0.0,0.0,0.0,0.0,0.0
1635198,0.0,0.0,0.0,0.0,0.0,1.0,0.0
1635202,0.0,0.0,0.0,0.0,0.0,2.0,0.0
1635702,0.0,0.0,0.0,0.0,0.0,0.0,0.0
1635722,0.0,2.0,0.0,0.0,0.0,0.0,0.0
1635883,0.0,2.0,0.0,0.0,0.0,1.0,0.0
1636222,0.0,0.0,0.0,0.0,0.0,1.0,0.0
1636383,0.0,0.0,0.0,0.0,0.0,0.0,0.0
1637366,0.0,0.0,0.0,0.0,0.0,1.0,0.0
1637866,0.0,0.0,0.0,0.0,0.0,0.0,0.0
1638125,0.0,0.0,0.0,0.0,0.0,1.0,0.0
1638189,0.0,0.0,0.0,0.0,0.0,2.0,0.0
1638689,0.0,0.0,0.0,0.0,0.0,0.0,0.0
1639180,0.0,0.0,0.0,0.0,0.0,1.0,0.0
1639680,0.0,0.0,0.0,0.0,0.0,0.0,0.0
1640743,0.0,0.0,0.0,0.0,0.0,1.0,0.0
1640853,0.0,0.0,0.0,0.0,0.0,2.0,0.0
1641353,0.0,0.0,0.0,0.0,0.0,0.0,0.0
1641626,0.0,0.0,0.0,0.0,0.0,1.0,0.0
1642126,0.0,0.0,0.0,0.0,0.0,0.0,0.0
1642155,0.0,0.0,0.0,0.0,0.0,1.0,0.0
1642655,0.0,0.0,0.0,0.0,0.0,0.0,0.0
1642703,0.0,0.0,0.0,0.0,0.0,1.0,0.0
1642706,0.0,0.0,0.0,0.0,0.0,2.0,0.0
1643206,0.0,0.0,0.0,0.0,0.0,0.0,0.0
1643424,0.0,0.0,0.0,0.0,0.0,1.0,0.0
1643924,0.0,0.0,0.0,0.0,0.0,0.0,0.0
1644053,0.0,0.0,0.0,0.0,0.0,1.0,0.0
1644197,0.0,0.0,0.0,0.0,0.0,2.0,0.0
1644223,0.0,0.0,0.0,0.0,1.0,2.0,0.0
1644697,0.0,0.0,0.0,0.0,1.0,0.0,0.0
1644716,0.0,0.0,0.0,0.0,1.0,1.0,0.0
1644723,0.0,0.0,0.0,0.0,0.0,1.0,0.0
1645000,0.0,0.0,0.0,0.0,0.0,2.0,0.0
1645005,0.0,0.0,0.0,0.0,1.0,2.0,0.0
1645500,0.0,0.0,0.0,0.0,1.0,0.0,0.0
1645505,0.0,0.0,0.0,0.0,0.0,0.0,0.0
1645684,0.0,2.0,0.0,0.0,0.0,0.0,0.0
1646184,0.0,0.0,0.0,0.0,0.0,0.0,0.0
1647204,0.0,0.0,0.0,0.0,0.0,1.0,0.0
1647704,0.0,0.0,0.0,0.0,0.0,0.0,0.0
1647720,0.0,0.0,0.0,0.0,0.0,1.0,0.0
1648220,0.0,0.0,0.0,0.0,0.0,0.0,0.0
1648381,0.0,0.0,0.0,0.0,0.0,1.0,0.0
1648569,0.0,0.0,0.0,0.0,0.0,2.0,0.0
1649069,0.0,0.0,0.0,0.0,0.0,0.0,0.0
1649638,0.0,0.0,0.0,0.0,0.0,1.0,0.0
1649649,0.0,0.0,0.0,0.0,0.0,2.0,0.0
1650149,0.0,0.0,0.0,0.0,0.0,0.0,0.0
1650354,0.0,0.0,0.0,0.0,0.0,1.0,0.0
1650854,0.0,0.0,0.0,0.0,0.0,0.0,0.0
1651742,0.0,0.0,0.0,0.0,0.0,1.0,0.0
1652242,0.0,0.0,0.0,0.0,0.0,0.0,0.0
1652765,0.0,0.0,0.0,0.0,0.0,1.0,0.0
1653265,0.0,0.0,0.0,0.0,0.0,0.0,0.0
1653548,0.0,0.0,0.0,0.0,0.0,1.0,0.0
1654048,0.0,0.0,0.0,0.0,0.0,0.0,0.0
1654320,0.0,0.0,0.0,0.0,0.0,1.0,0.0
1654474,0.0,0.0,0.0,0.0,0.0,2.0,0.0
1654974,0.0,0.0,0.0,0.0,0.0,0.0,0.0
1656067,0.0,0.0,0.0,0.0,0.0,1.0,0.0
1656567,0.0,0.0,0.0,0.0,0.0,0.0,0.0
1656917,0.0,0.0,0.0,0.0,0.0,1.0,0.0
1657417,0.0,0.0,0.0,0.0,0.0,0.0,0.0
1657843,0.0,0.0,0.0,0.0,0.0,1.0,0.0
1658343,0.0,0.0,0.0,0.0,0.0,0.0,0.0
1658866,0.0,0.0,0.0,0.0,0.0,1.0,0.0
1659005,0.0,2.0,0.0,0.0,0.0,1.0,0.0
1659275,0.0,2.0,0.0,0.0,0.0,2.0,0.0
1659505,0.0,0.0,0.0,0.0,0.0,2.0,0.0
1659775,0.0,0.0,0.0,0.0,0.0,0.0,0.0
1660259,0.0,0.0,0.0,0.0,0.0,1.0,0.0
1660759,0.0,0.0,0.0,0.0,0.0,0.0,0.0
1660854,0.0,0.0,0.0,0.0,0.0,1.0,0.0
1661354,0.0,0.0,0.0,0.0,0.0,0.0,0.0
1662278,0.0,0.0,0.0,0.0,0.0,1.0,0.0
1662778,0.0,0.0,0.0,0.0,0.0,0.0,0.0
1663102,0.0,0.0,0.0,0.0,0.0,1.0,0.0
1663602,0.0,0.0,0.0,0.0,0.0,0.0,0.0
1663693,0.0,0.0,0.0,0.0,0.0,1.0,0.0
1664193,0.0,0.0,0.0,0.0,0.0,0.0,0.0
1665329,0.0,0.0,0.0,0.0,0.0,1.0,0.0
1665829,0.0,0.0,0.0,0.0,0.0,0.0,0.0
1667155,0.0,0.0,0.0,0.0,0.0,1.0,0.0
1667342,0.0,0.0,0.0,0.0,0.0,2.0,0.0
1667842,0.0,0.0,0.0,0.0,0.0,0.0,0.0
1668106,0.0,0.0,0.0,0.0,0.0,1.0,0.0
1668623,0.0,0.0,0.0,0.0,0.0,2.0,0.0
1669123,0.0,0.0,0.0,0.0,0.0,0.0,0.0
1670624,0.0,0.0,0.0,0.0,0.0,1.0,0.0
1671124,0.0,0.0,0.0,0.0,0.0,0.0,0.0
1671319,0.0,0.0,0.0,0.0,0.0,1.0,0.0
1671819,0.0,0.0,0.0,0.0,0.0,0.0,0.0
1672032,0.0,0.0,0.0,0.0,0.0,1.0,0.0
1672034,0.0,0.0,0.0,0.0,1.0,1.0,0.0
1672036,0.0,0.0,0.0,0.0,1.0,2.0,0.0
1672038,0.0,0.0,0.0,0.0,2.0,2.0,0.0
1672536,0.0,0.0,0.0,0.0,2.0,0.0,0.0
1672538,0.0,0.0,0.0,0.0,0.0,0.0,0.0
1672875,0.0,0.0,0.0,0.0,0.0,1.0,0.0
1673375,0.0,0.0,0.0,0.0,0.0,0.0,0.0
1673451,0.0,0.0,0.0,0.0,0.0,1.0,0.0
1673464,0.0,0.0,0.0,0.0,0.0,2.0,0.0
1673964,0.0,0.0,0.0,0.0,0.0,0.0,0.0
1674129,0.0,0.0,0.0,0.0,0.0,1.0,0.0
1674286,0.0,2.0,0.0,0.0,0.0,1.0,0.0
1674629,0.0,2.0,0.0,0.0,0.0,0.0,0.0
1674689,0.0,2.0,0.0,0.0,0.0,1.0,0.0
1674692,0.0,2.0,0.0,0.0,0.0,2.0,0.0
1674786,0.0,0.0,0.0,0.0,0.0,2.0,0.0
1675192,0.0,0.0,0.0,0.0,0.0,0.0,0.0
1676410,0.0,0.0,0.0,0.0,0.0,1.0,0.0
1676910,0.0,0.0,0.0,0.0,0.0,0.0,0.0
1676912,0.0,0.0,0.0,0.0,0.0,1.0,0.0
1676915,0.0,0.0,0.0,0.0,0.0,2.0,0.0
1677415,0.0,0.0,0.0,0.0,0.0,0.0,0.0
1677478,0.0,0.0,0.0,0.0,0.0,1.0,0.0
1677978,0.0,0.0,0.0,0.0,0.0,0.0,0.0
1678137,0.0,0.0,0.0,0.0,0.0,1.0,0.0
1678637,0.0,0.0,0.0,0.0,0.0,0.0,0.0
1679375,0.0,0.0,0.0,0.0,0.0,1.0,0.0
1679391,0.0,0.0,0.0,0.0,0.0,2.0,0.0
1679891,0.0,0.0,0.0,0.0,0.0,0.0,0.0
1680287,0.0,0.0,0.0,0.0,0.0,1.0,0.0
1680293,0.0,0.0,0.0,0.0,0.0,2.0,0.0
1680793,0.0,0.0,0.0,0.0,0.0,0.0,0.0
1680810,0.0,0.0,0.0,0.0,0.0,1.0,0.0
1681263,0.0,0.0,0.0,0.0,0.0,2.0,0.0
1681763,0.0,0.0,0.0,0.0,0.0,0.0,0.0
1681917,0.0,0.0,0.0,0.0,0.0,1.0,0.0
1682917,0.0,0.0,0.0,0.0,0.0,0.0,0.0
1683007,0.0,0.0,0.0,0.0,0.0,1.0,0.0
1683214,0.0,0.0,0.0,0.0,0.0,2.0,0.0
1683714,0.0,0.0,0.0,0.0,0.0,0.0,0.0
1683738,0.0,0.0,0.0,0.0,0.0,1.0,0.0
1684238,0.0,0.0,0.0,0.0,0.0,0.0,0.0
1685810,0.0,0.0,0.0,0.0,0.0,1.0,0.0
1686310,0.0,0.0,0.0,0.0,0.0,0.0,0.0
1686402,0.0,0.0,0.0,0.0,0.0,1.0,0.0
1686902,0.0,0.0,0.0,0.0,0.0,0.0,0.0
1687332,0.0,0.0,0.0,0.0,0.0,1.0,0.0
1687336,0.0,0.0,0.0,0.0,0.0,2.0,0.0
1687836,0.0,0.0,0.0,0.0,0.0,0.0,0.0
1688134,0.0,0.0,0.0,0.0,0.0,1.0,0.0
1688557,0.0,0.0,0.0,0.0,0.0,2.0,0.0
1689057,0.0,0.0,0.0,0.0,0.0,0.0,0.0
1689242,0.0,0.0,0.0,0.0,0.0,1.0,0.0
1689742,0.0,0.0,0.0,0.0,0.0,0.0,0.0
1689863,0.0,0.0,0.0,0.0,0.0,1.0,0.0
1690025,0.0,0.0,0.0,0.0,0.0,2.0,0.0
1690525,0.0,0.0,0.0,0.0,0.0,0.0,0.0
1690797,0.0,0.0,0.0,0.0,0.0,1.0,0.0
1691297,0.0,0.0,0.0,0.0,0.0,0.0,0.0
1691315,0.0,0.0,0.0,0.0,0.0,1.0,0.0
1691318,0.0,0.0,0.0,0.0,0.0,2.0,0.0
1691818,0.0,0.0,0.0,0.0,0.0,0.0,0.0
1692974,0.0,0.0,0.0,0.0,0.0,1.0,0.0
1693474,0.0,0.0,0.0,0.0,0.0,0.0,0.0
1695561,0.0,0.0,0.0,0.0,0.0,1.0,0.0
1696061,0.0,0.0,0.0,0.0,0.0,0.0,0.0
1696121,0.0,0.0,0.0,0.0,0.0,1.0,0.0
1696621,0.0,0.0,0.0,0.0,0.0,0.0,0.0
1696707,0.0,0.0,0.0,0.0,0.0,1.0,0.0
1697207,0.0,0.0,0.0,0.0,0.0,0.0,0.0
1697484,0.0,0.0,0.0,0.0,0.0,1.0,0.0
1697487,0.0,0.0,0.0,0.0,0.0,2.0,0.0
1697987,0.0,0.0,0.0,0.0,0.0,0.0,0.0
1698203,0.0,0.0,0.0,0.0,0.0,1.0,0.0
1698617,0.0,0.0,0.0,0.0,0.0,2.0,0.0
1699117,0.0,0.0,0.0,0.0,0.0,0.0,0.0
1699197,0.0,0.0,0.0,0.0,0.0,1.0,0.0
1699697,0.0,0.0,0.0,0.0,0.0,0.0,0.0
1700026,0.0,0.0,0.0,0.0,0.0,1.0,0.0
1700511,0.0,0.0,0.0,0.0,0.0,2.0,0.0
1700831,0.0,0.0,0.0,0.0,1.0,2.0,0.0
1701011,0.0,0.0,0.0,0.0,1.0,0.0,0.0
1701331,0.0,0.0,0.0,0.0,0.0,0.0,0.0
1705064,0.0,0.0,0.0,0.0,0.0,1.0,0.0
1705564,0.0,0.0,0.0,0.0,0.0,0.0,0.0
1706182,0.0,0.0,0.0,0.0,0.0,1.0,0.0
1706682,0.0,0.0,0.0,0.0,0.0,0.0,0.0
1711285,0.0,0.0,0.0,0.0,0.0,1.0,0.0
1711785,0.0,0.0,0.0,0.0,0.0,0.0,0.0
1712948,0.0,0.0,0.0,0.0,0.0,1.0,0.0
1713448,0.0,0.0,0.0,0.0,0.0,0.0,0.0
1714028,0.0,0.0,0.0,0.0,0.0,1.0,0.0
1714528,0.0,0.0,0.0,0.0,0.0,0.0,0.0
1714830,0.0,0.0,0.0,0.0,0.0,1.0,0.0
1715330,0.0,0.0,0.0,0.0,0.0,0.0,0.0
1716652,0.0,0.0,0.0,0.0,0.0,1.0,0.0
1717152,0.0,0.0,0.0,0.0,0.0,0.0,0.0
1720577,0.0,0.0,0.0,0.0,0.0,1.0,0.0
1721077,0.0,0.0,0.0,0.0,0.0,0.0,0.0
1721524,0.0,0.0,0.0,0.0,0.0,1.0,0.0
1721611,0.0,0.0,0.0,0.0,0.0,2.0,0.0
1722111,0.0,0.0,0.0,0.0,0.0,0.0,0.0
1723017,0.0,0.0,0.0,0.0,0.0,1.0,0.0
1723517,0.0,0.0,0.0,0.0,0.0,0.0,0.0
1728904,0.0,0.0,0.0,0.0,0.0,1.0,0.0
1729404,0.0,0.0,0.0,0.0,0.0,0.0,0.0
1729911,0.0,0.0,0.0,0.0,0.0,1.0,0.0
1729914,0.0,0.0,0.0,0.0,0.0,2.0,0.0
1730414,0.0,0.0,0.0,0.0,0.0,0.0,0.0
1732691,0.0,0.0,0.0,0.0,0.0,1.0,0.0
1732696,0.0,0.0,0.0,0.0,0.0,2.0,0.0
1733196,0.0,0.0,0.0,0.0,0.0,0.0,0.0
1734269,0.0,0.0,0.0,0.0,0.0,1.0,0.0
1734769,0.0,0.0,0.0,0.0,0.0,0.0,0.0
1735804,0.0,0.0,0.0,0.0,0.0,1.0,0.0
1736304,0.0,0.0,0.0,0.0,0.0,0.0,0.0
1738008,0.0,0.0,0.0,0.0,0.0,1.0,0.0
1738508,0.0,0.0,0.0,0.0,0.0,0.0,0.0
1740712,0.0,0.0,0.0,0.0,0.0,1.0,0.0
1741212,0.0,0.0,0.0,0.0,0.0,0.0,0.0
1742919,0.0,0.0,0.0,0.0,0.0,1.0,0.0
1743419,0.0,0.0,0.0,0.0,0.0,0.0,0.0
1750886,0.0,0.0,0.0,0.0,0.0,1.0,0.0
1751386,0.0,0.0,0.0,0.0,0.0,0.0,0.0
1756059,0.0,0.0,0.0,0.0,1.0,0.0,0.0
1756559,0.0,0.0,0.0,0.0,0.0,0.0,0.0
1762148,0.0,0.0,0.0,0.0,0.0,1.0,0.0
1762648,0.0,0.0,0.0,0.0,0.0,0.0,0.0
1766597,0.0,0.0,0.0,0.0,0.0,1.0,0.0
1767097,0.0,0.0,0.0,0.0,0.0,0.0,0.0
1769864,0.0,0.0,0.0,0.0,0.0,1.0,0.0
1770364,0.0,0.0,0.0,0.0,0.0,0.0,0.0
1770706,0.0,0.0,0.0,0.0,0.0,1.0,0.0
1771206,0.0,0.0,0.0,0.0,0.0,0.0,0.0
1773102,0.0,0.0,0.0,0.0,0.0,1.0,0.0
1773602,0.0,0.0,0.0,0.0,0.0,0.0,0.0
1779664,0.0,0.0,0.0,0.0,0.0,1.0,0.0
1779666,0.0,0.0,0.0,0.0,0.0,2.0,0.0
1780166,0.0,0.0,0.0,0.0,0.0,0.0,0.0
1780528,0.0,0.0,0.0,0.0,0.0,1.0,0.0
1781028,0.0,0.0,0.0,0.0,0.0,0.0,0.0
1782539,0.0,0.0,0.0,0.0,0.0,1.0,0.0
1782541,0.0,0.0,0.0,0.0,0.0,2.0,0.0
1783041,0.0,0.0,0.0,0.0,0.0,0.0,0.0
1783768,0.0,0.0,0.0,0.0,0.0,1.0,0.0
1784268,0.0,0.0,0.0,0.0,0.0,0.0,0.0
1785179,0.0,0.0,0.0,0.0,0.0,1.0,0.0
1785679,0.0,0.0,0.0,0.0,0.0,0.0,0.0
1785773,0.0,0.0,0.0,0.0,0.0,1.0,0.0
1786273,0.0,0.0,0.0,0.0,0.0,0.0,0.0
1789974,0.0,0.0,0.0,0.0,0.0,1.0,0.0
1790474,0.0,0.0,0.0,0.0,0.0,0.0,0.0
1790509,0.0,0.0,0.0,0.0,0.0,1.0,0.0
1790635,0.0,0.0,0.0,0.0,0.0,2.0,0.0
1791135,0.0,0.0,0.0,0.0,0.0,0.0,0.0
1791597,0.0,0.0,0.0,0.0,1.0,0.0,0.0
1792097,0.0,0.0,0.0,0.0,0.0,0.0,0.0
1794375,0.0,0.0,0.0,0.0,0.0,1.0,0.0
1794875,0.0,0.0,0.0,0.0,0.0,0.0,0.0
1797643,0.0,0.0,0.0,0.0,0.0,1.0,0.0
1798143,0.0,0.0,0.0,0.0,0.0,0.0,0.0
1798789,0.0,0.0,0.0,0.0,0.0,1.0,0.0
1799289,0.0,0.0,0.0,0.0,0.0,0.0,0.0
1800819,0.0,0.0,0.0,0.0,0.0,1.0,0.0
1801319,0.0,0.0,0.0,0.0,0.0,0.0,0.0
1801700,0.0,0.0,0.0,0.0,0.0,0.0,1.0
1801788,0.0,0.0,0.0,0.0,0.0,1.0,1.0
1801792,0.0,0.0,0.0,0.0,0.0,2.0,1.0
1801887,2.0,0.0,0.0,0.0,0.0,2.0,1.0
1801980,2.0,2.0,0.0,0.0,0.0,2.0,1.0
1802109,2.0,2.0,0.0,0.0,1.0,2.0,1.0
1802154,2.0,2.0,0.0,0.0,2.0,2.0,1.0
1802200,2.0,2.0,0.0,0.0,2.0,2.0,0.0
1802292,2.0,2.0,0.0,0.0,2.0,0.0,0.0
1802387,0.0,2.0,0.0,0.0,2.0,0.0,0.0
1802480,0.0,0.0,0.0,0.0,2.0,0.0,0.0
1802654,0.0,0.0,0.0,0.0,0.0,0.0,0.0
1803074,0.0,0.0,0.0,0.0,0.0,1.0,0.0
1803172,0.0,0.0,1.0,0.0,0.0,1.0,0.0
1803226,0.0,0.0,1.0,0.0,0.0,2.0,0.0
1803726,0.0,0.0,1.0,0.0,0.0,0.0,0.0
1804513,0.0,0.0,2.0,0.0,0.0,0.0,0.0
1804589,0.0,0.0,2.0,0.0,0.0,1.0,0.0
1805013,0.0,0.0,0.0,0.0,0.0,1.0,0.0
1805026,0.0,0.0,1.0,0.0,0.0,1.0,0.0
1805089,0.0,0.0,1.0,0.0,0.0,0.0,0.0
1805100,0.0,0.0,1.0,0.0,0.0,1.0,0.0
1805170,0.0,0.0,1.0,0.0,0.0,2.0,0.0
1805526,0.0,0.0,0.0,0.0,0.0,2.0,0.0
1805544,0.0,0.0,1.0,0.0,0.0,2.0,0.0
1805670,0.0,0.0,1.0,0.0,0.0,0.0,0.0
1806044,0.0,0.0,0.0,0.0,0.0,0.0,0.0
1806073,0.0,0.0,0.0,0.0,0.0,1.0,0.0
1806362,0.0,0.0,0.0,0.0,0.0,2.0,0.0
1806862,0.0,0.0,0.0,0.0,0.0,0.0,0.0
1806916,0.0,0.0,0.0,0.0,0.0,1.0,0.0
1806928,0.0,0.0,0.0,0.0,0.0,2.0,0.0
1807428,0.0,0.0,0.0,0.0,0.0,0.0,0.0
1807628,0.0,0.0,0.0,0.0,0.0,1.0,0.0
1807645,0.0,0.0,0.0,0.0,0.0,2.0,0.0
1808145,0.0,0.0,0.0,0.0,0.0,0.0,0.0
1808783,0.0,0.0,0.0,0.0,0.0,1.0,0.0
1809283,0.0,0.0,0.0,0.0,0.0,0.0,0.0
1809703,0.0,0.0,0.0,0.0,0.0,1.0,0.0
1810203,0.0,0.0,0.0,0.0,0.0,0.0,0.0
1810365,0.0,0.0,0.0,0.0,0.0,1.0,0.0
1810865,0.0,0.0,0.0,0.0,0.0,0.0,0.0
1811558,0.0,0.0,0.0,0.0,0.0,1.0,0.0
1812058,0.0,0.0,0.0,0.0,0.0,0.0,0.0
1812177,0.0,0.0,0.0,0.0,0.0,1.0,0.0
1812677,0.0,0.0,0.0,0.0,0.0,0.0,0.0
1812719,0.0,0.0,0.0,0.0,0.0,1.0,0.0
1813219,0.0,0.0,0.0,0.0,0.0,0.0,0.0
1814736,0.0,0.0,0.0,0.0,0.0,1.0,0.0
1815236,0.0,0.0,0.0,0.0,0.0,0.0,0.0
1815883,0.0,0.0,0.0,0.0,0.0,1.0,0.0
1816383,0.0,0.0,0.0,0.0,0.0,0.0,0.0
1816504,0.0,0.0,0.0,0.0,0.0,1.0,0.0
1816935,0.0,0.0,0.0,0.0,0.0,2.0,0.0
1817435,0.0,0.0,0.0,0.0,0.0,0.0,0.0
1817576,0.0,0.0,0.0,0.0,0.0,1.0,0.0
1818076,0.0,0.0,0.0,0.0,0.0,0.0,0.0
1818862,0.0,0.0,0.0,0.0,0.0,1.0,0.0
1819362,0.0,0.0,0.0,0.0,0.0,0.0,0.0
1819381,0.0,0.0,0.0,0.0,0.0,1.0,0.0
1819384,0.0,0.0,0.0,0.0,0.0,2.0,0.0
1819884,0.0,0.0,0.0,0.0,0.0,0.0,0.0
1820023,0.0,0.0,0.0,0.0,0.0,1.0,0.0
1820080,0.0,2.0,0.0,0.0,0.0,1.0,0.0
1820523,0.0,2.0,0.0,0.0,0.0,0.0,0.0
1820580,0.0,0.0,0.0,0.0,0.0,0.0,0.0
1821141,0.0,0.0,0.0,0.0,0.0,1.0,0.0
1821641,0.0,0.0,0.0,0.0,0.0,0.0,0.0
1821722,0.0,0.0,0.0,0.0,0.0,1.0,0.0
1821731,0.0,0.0,0.0,0.0,0.0,2.0,0.0
1822231,0.0,0.0,0.0,0.0,0.0,0.0,0.0
1822504,0.0,0.0,0.0,0.0,0.0,1.0,0.0
1822533,0.0,0.0,0.0,0.0,0.0,2.0,0.0
1823033,0.0,0.0,0.0,0.0,0.0,0.0,0.0
1823168,0.0,0.0,0.0,0.0,0.0,1.0,0.0
1823178,0.0,0.0,0.0,0.0,0.0,2.0,0.0
1823678,0.0,0.0,0.0,0.0,0.0,0.0,0.0
1824267,0.0,0.0,0.0,0.0,0.0,1.0,0.0
1824767,0.0,0.0,0.0,0.0,0.0,0.0,0.0
1824907,0.0,0.0,0.0,0.0,0.0,1.0,0.0
1825407,0.0,0.0,0.0,0.0,0.0,0.0,0.0
1826436,0.0,0.0,0.0,0.0,0.0,1.0,0.0
1826439,0.0,0.0,0.0,0.0,0.0,2.0,0.0
1826939,0.0,0.0,0.0,0.0,0.0,0.0,0.0
1828402,0.0,0.0,0.0,0.0,0.0,1.0,0.0
1828405,0.0,0.0,0.0,0.0,0.0,2.0,0.0
1828905,0.0,0.0,0.0,0.0,0.0,0.0,0.0
1829651,0.0,0.0,0.0,0.0,0.0,1.0,0.0
1829657,0.0,0.0,0.0,0.0,0.0,2.0,0.0
1830157,0.0,0.0,0.0,0.0,0.0,0.0,0.0
1830251,0.0,0.0,0.0,0.0,0.0,1.0,0.0
1830254,0.0,0.0,0.0,0.0,0.0,2.0,0.0
1830754,0.0,0.0,0.0,0.0,0.0,0.0,0.0
1831014,0.0,0.0,0.0,0.0,0.0,1.0,0.0
1831514,0.0,0.0,0.0,0.0,0.0,0.0,0.0
1831680,0.0,0.0,0.0,0.0,0.0,1.0,0.0
1831744,0.0,0.0,0.0,0.0,0.0,2.0,0.0
1832244,0.0,0.0,0.0,0.0,0.0,0.0,0.0
1832583,0.0,0.0,0.0,0.0,0.0,1.0,0.0
1832593,0.0,0.0,0.0,0.0,0.0,2.0,0.0
1833093,0.0,0.0,0.0,0.0,0.0,0.0,0.0
1833249,0.0,0.0,0.0,0.0,0.0,1.0,0.0
1833749,0.0,0.0,0.0,0.0,0.0,0.0,0.0
1834103,0.0,0.0,0.0,0.0,0.0,1.0,0.0
1834603,0.0,0.0,0.0,0.0,0.0,0.0,0.0
1834650,0.0,0.0,0.0,0.0,0.0,1.0,0.0
1834654,0.0,0.0,0.0,0.0,0.0,2.0,0.0
1834769,0.0,0.0,0.0,0.0,1.0,2.0,0.0
1835154,0.0,0.0,0.0,0.0,1.0,0.0,0.0
1835269,0.0,0.0,0.0,0.0,0.0,0.0,0.0
1835383,0.0,0.0,0.0,0.0,0.0,1.0,0.0
1835727,0.0,2.0,0.0,0.0,0.0,1.0,0.0
1835883,0.0,2.0,0.0,0.0,0.0,0.0,0.0
1835909,0.0,2.0,0.0,0.0,0.0,1.0,0.0
1836227,0.0,0.0,0.0,0.0,0.0,1.0,0.0
1836409,0.0,0.0,0.0,0.0,0.0,0.0,0.0
1836714,0.0,0.0,0.0,0.0,0.0,1.0,0.0
1836798,0.0,0.0,0.0,0.0,0.0,2.0,0.0
1837298,0.0,0.0,0.0,0.0,0.0,0.0,0.0
1837344,0.0,0.0,0.0,0.0,0.0,1.0,0.0
1837844,0.0,0.0,0.0,0.0,0.0,0.0,0.0
1838082,0.0,0.0,0.0,0.0,0.0,1.0,0.0
1838582,0.0,0.0,0.0,0.0,0.0,0.0,0.0
1838695,0.0,0.0,0.0,0.0,0.0,1.0,0.0
1838778,0.0,0.0,0.0,0.0,0.0,2.0,0.0
1839278,0.0,0.0,0.0,0.0,0.0,0.0,0.0
1840221,0.0,0.0,0.0,0.0,0.0,1.0,0.0
1840721,0.0,0.0,0.0,0.0,0.0,0.0,0.0
1841078,0.0,0.0,0.0,0.0,0.0,1.0,0.0
1841578,0.0,0.0,0.0,0.0,0.0,0.0,0.0
1842514,0.0,0.0,0.0,0.0,0.0,1.0,0.0
1843014,0.0,0.0,0.0,0.0,0.0,0.0,0.0
1843514,0.0,0.0,0.0,0.0,0.0,1.0,0.0
1843921,0.0,0.0,0.0,0.0,0.0,2.0,0.0
1844421,0.0,0.0,0.0,0.0,0.0,0.0,0.0
1845898,0.0,0.0,0.0,0.0,0.0,1.0,0.0
1846398,0.0,0.0,0.0,0.0,0.0,0.0,0.0
1846495,0.0,0.0,0.0,0.0,0.0,1.0,0.0
1846793,0.0,0.0,0.0,0.0,0.0,2.0,0.0
1847293,0.0,0.0,0.0,0.0,0.0,0.0,0.0
1848017,0.0,0.0,0.0,0.0,0.0,1.0,0.0
1848020,0.0,0.0,0.0,0.0,0.0,2.0,0.0
1848520,0.0,0.0,0.0,0.0,0.0,0.0,0.0
1848758,0.0,0.0,0.0,0.0,0.0,1.0,0.0
1849258,0.0,0.0,0.0,0.0,0.0,0.0,0.0
1849293,0.0,0.0,0.0,0.0,0.0,1.0,0.0
1849793,0.0,0.0,0.0,0.0,0.0,0.0,0.0
1849990,0.0,0.0,0.0,0.0,0.0,1.0,0.0
1850490,0.0,0.0,0.0,0.0,0.0,0.0,0.0
1850787,0.0,0.0,0.0,0.0,0.0,1.0,0.0
1851287,0.0,0.0,0.0,0.0,0.0,0.0,0.0
1852696,0.0,0.0,0.0,0.0,0.0,1.0,0.0
1852855,0.0,0.0,0.0,0.0,0.0,2.0,0.0
1853355,0.0,0.0,0.0,0.0,0.0,0.0,0.0
1854064,0.0,0.0,0.0,0.0,0.0,1.0,0.0
1854564,0.0,0.0,0.0,0.0,0.0,0.0,0.0
1854787,0.0,2.0,0.0,0.0,0.0,0.0,0.0
1855287,0.0,0.0,0.0,0.0,0.0,0.0,0.0
1855359,0.0,0.0,0.0,0.0,0.0,1.0,0.0
1855859,0.0,0.0,0.0,0.0,0.0,0.0,0.0
1856155,0.0,0.0,0.0,0.0,0.0,1.0,0.0
1856655,0.0,0.0,0.0,0.0,0.0,0.0,0.0
1857468,0.0,0.0,0.0,0.0,0.0,1.0,0.0
1857968,0.0,0.0,0.0,0.0,0.0,0.0,0.0
1858135,0.0,0.0,0.0,0.0,0.0,1.0,0.0
1858138,0.0,0.0,0.0,0.0,0.0,2.0,0.0
1858638,0.0,0.0,0.0,0.0,0.0,0.0,0.0
1858827,0.0,0.0,0.0,0.0,0.0,1.0,0.0
1859280,0.0,0.0,0.0,0.0,0.0,2.0,0.0
1859780,0.0,0.0,0.0,0.0,0.0,0.0,0.0
1859902,0.0,0.0,0.0,0.0,0.0,1.0,0.0
1860061,0.0,0.0,0.0,0.0,0.0,2.0,0.0
1860561,0.0,0.0,0.0,0.0,0.0,0.0,0.0
1860715,0.0,0.0,0.0,0.0,0.0,1.0,0.0
1860828,0.0,2.0,0.0,0.0,0.0,1.0,0.0
1861215,0.0,2.0,0.0,0.0,0.0,0.0,0.0
1861328,0.0,0.0,0.0,0.0,0.0,0.0,0.0
1862002,0.0,0.0,0.0,0.0,0.0,1.0,0.0
1862502,0.0,0.0,0.0,0.0,0.0,0.0,0.0
1862582,0.0,0.0,0.0,0.0,0.0,1.0,0.0
1863082,0.0,0.0,0.0,0.0,0.0,0.0,0.0
1863084,0.0,0.0,0.0,0.0,0.0,1.0,0.0
1863087,0.0,0.0,0.0,0.0,0.0,2.0,0.0
1863091,0.0,0.0,0.0,0.0,1.0,2.0,0.0
1863587,0.0,0.0,0.0,0.0,1.0,0.0,0.0
1863591,0.0,0.0,0.0,0.0,0.0,0.0,0.0
1863768,0.0,0.0,0.0,0.0,0.0,1.0,0.0
1863948,0.0,0.0,0.0,0.0,0.0,2.0,0.0
1864448,0.0,0.0,0.0,0.0,0.0,0.0,0.0
1864632,0.0,0.0,0.0,0.0,0.0,1.0,0.0
1864635,0.0,0.0,0.0,0.0,0.0,2.0,0.0
1865135,0.0,0.0,0.0,0.0,0.0,0.0,0.0
1865201,0.0,0.0,0.0,0.0,0.0,1.0,0.0
1865701,0.0,0.0,0.0,0.0,0.0,0.0,0.0
1865787,0.0,0.0,0.0,0.0,0.0,1.0,0.0
1866287,0.0,0.0,0.0,0.0,0.0,0.0,0.0
1866352,0.0,0.0,0.0,0.0,0.0,1.0,0.0
1866852,0.0,0.0,0.0,0.0,0.0,0.0,0.0
1867684,0.0,0.0,0.0,0.0,0.0,1.0,0.0
1867691,0.0,0.0,0.0,0.0,0.0,2.0,0.0
1867696,0.0,0.0,0.0,0.0,1.0,2.0,0.0
1868191,0.0,0.0,0.0,0.0,1.0,0.0,0.0
1868196,0.0,0.0,0.0,0.0,0.0,0.0,0.0
1868295,0.0,0.0,0.0,0.0,0.0,1.0,0.0
1868795,0.0,0.0,0.0,0.0,0.0,0.0,0.0
1869113,0.0,0.0,0.0,0.0,0.0,1.0,0.0
1869119,0.0,2.0,0.0,0.0,0.0,1.0,0.0
1869120,0.0,2.0,0.0,0.0,0.0,2.0,0.0
1869619,0.0,0.0,0.0,0.0,0.0,2.0,0.0
1869620,0.0,0.0,0.0,0.0,0.0,0.0,0.0
1869819,0.0,0.0,0.0,0.0,0.0,1.0,0.0
1870319,0.0,0.0,0.0,0.0,0.0,0.0,0.0
1870404,0.0,0.0,0.0,0.0,0.0,1.0,0.0
1870412,0.0,0.0,0.0,0.0,0.0,2.0,0.0
1870912,0.0,0.0,0.0,0.0,0.0,0.0,0.0
1871097,0.0,0.0,0.0,0.0,0.0,1.0,0.0
1871100,0.0,0.0,0.0,0.0,0.0,2.0,0.0
1871600,0.0,0.0,0.0,0.0,0.0,0.0,0.0
1872195,0.0,0.0,0.0,0.0,0.0,1.0,0.0
1872695,0.0,0.0,0.0,0.0,0.0,0.0,0.0
1874557,0.0,0.0,0.0,0.0,0.0,1.0,0.0
1874578,0.0,2.0,0.0,0.0,0.0,1.0,0.0
1875057,0.0,2.0,0.0,0.0,0.0,0.0,0.0
1875078,0.0,0.0,0.0,0.0,0.0,0.0,0.0
1875286,0.0,0.0,0.0,0.0,0.0,1.0,0.0
1875786,0.0,0.0,0.0,0.0,0.0,0.0,0.0
1876175,0.0,0.0,0.0,0.0,0.0,1.0,0.0
1876181,0.0,0.0,0.0,0.0,0.0,2.0,0.0
1876681,0.0,0.0,0.0,0.0,0.0,0.0,0.0
1878012,0.0,0.0,0.0,0.0,0.0,1.0,0.0
1878512,0.0,0.0,0.0,0.0,0.0,0.0,0.0
1878851,0.0,0.0,0.0,0.0,0.0,1.0,0.0
1879351,0.0,0.0,0.0,0.0,0.0,0.0,0.0
1879511,0.0,0.0,0.0,0.0,0.0,1.0,0.0
1880011,0.0,0.0,0.0,0.0,0.0,0.0,0.0
1880082,0.0,0.0,0.0,0.0,0.0,1.0,0.0
1880582,0.0,0.0,0.0,0.0,0.0,0.0,0.0
1880786,0.0,0.0,0.0,0.0,0.0,1.0,0.0
1881286,0.0,0.0,0.0,0.0,0.0,0.0,0.0
1881710,0.0,0.0,0.0,0.0,0.0,1.0,0.0
1881718,0.0,0.0,0.0,0.0,0.0,2.0,0.0
1882218,0.0,0.0,0.0,0.0,0.0,0.0,0.0
1883079,0.0,0.0,0.0,0.0,0.0,1.0,0.0
1883219,0.0,2.0,0.0,0.0,0.0,1.0,0.0
1883579,0.0,2.0,0.0,0.0,0.0,0.0,0.0
1883719,0.0,0.0,0.0,0.0,0.0,0.0,0.0
1884503,0.0,0.0,0.0,0.0,0.0,1.0,0.0
1885003,0.0,0.0,0.0,0.0,0.0,0.0,0.0
1885868,0.0,0.0,0.0,0.0,0.0,1.0,0.0
1886368,0.0,0.0,0.0,0.0,0.0,0.0,0.0
1886792,0.0,0.0,0.0,0.0,0.0,1.0,0.0
1886818,0.0,0.0,0.0,0.0,0.0,2.0,0.0
1887318,0.0,0.0,0.0,0.0,0.0,0.0,0.0
1887647,0.0,0.0,0.0,0.0,0.0,1.0,0.0
1887650,0.0,0.0,0.0,0.0,0.0,2.0,0.0
1888150,0.0,0.0,0.0,0.0,0.0,0.0,0.0
1888440,0.0,0.0,0.0,0.0,0.0,1.0,0.0
1888940,0.0,0.0,0.0,0.0,0.0,0.0,0.0
1889070,0.0,0.0,0.0,0.0,0.0,1.0,0.0
1889218,0.0,0.0,0.0,0.0,0.0,2.0,0.0
1889718,0.0,0.0,0.0,0.0,0.0,0.0,0.0
1890130,0.0,0.0,0.0,0.0,0.0,1.0,0.0
1890133,0.0,0.0,0.0,0.0,0.0,2.0,0.0
1890633,0.0,0.0,0.0,0.0,0.0,0.0,0.0
1891214,0.0,0.0,0.0,0.0,0.0,1.0,0.0
1891714,0.0,0.0,0.0,0.0,0.0,0.0,0.0
1891900,0.0,0.0,0.0,0.0,0.0,1.0,0.0
1892025,0.0,0.0,0.0,0.0,0.0,2.0,0.0
1892064,0.0,2.0,0.0,0.0,0.0,2.0,0.0
1892525,0.0,2.0,0.0,0.0,0.0,0.0,0.0
1892564,0.0,0.0,0.0,0.0,0.0,0.0,0.0
1892691,0.0,0.0,0.0,0.0,0.0,1.0,0.0
1893191,0.0,0.0,0.0,0.0,0.0,0.0,0.0
1893484,0.0,0.0,0.0,0.0,0.0,1.0,0.0
1893984,0.0,0.0,0.0,0.0,0.0,0.0,0.0
1894388,0.0,0.0,0.0,0.0,0.0,1.0,0.0
1894401,0.0,0.0,0.0,0.0,0.0,2.0,0.0
1894901,0.0,0.0,0.0,0.0,0.0,0.0,0.0
1894937,0.0,0.0,0.0,0.0,0.0,1.0,0.0
1895054,0.0,0.0,0.0,0.0,0.0,2.0,0.0
1895554,0.0,0.0,0.0,0.0,0.0,0.0,0.0
1896083,0.0,0.0,0.0,0.0,0.0,1.0,0.0
1896141,0.0,0.0,0.0,0.0,0.0,2.0,0.0
1896641,0.0,0.0,0.0,0.0,0.0,0.0,0.0
1897144,0.0,0.0,0.0,0.0,0.0,1.0,0.0
1897309,0.0,0.0,0.0,0.0,0.0,2.0,0.0
1897809,0.0,0.0,0.0,0.0,0.0,0.0,0.0
1898037,0.0,0.0,0.0,0.0,0.0,1.0,0.0
1898537,0.0,0.0,0.0,0.0,0.0,0.0,0.0
1898572,0.0,0.0,0.0,0.0,0.0,1.0,0.0
1898779,0.0,0.0,0.0,0.0,0.0,2.0,0.0
1899279,0.0,0.0,0.0,0.0,0.0,0.0,0.0
1900219,0.0,0.0,0.0,0.0,0.0,1.0,0.0
1900719,0.0,0.0,0.0,0.0,0.0,0.0,0.0
1900894,0.0,0.0,0.0,0.0,0.0,1.0,0.0
1901393,0.0,0.0,0.0,0.0,0.0,2.0,0.0
1901893,0.0,0.0,0.0,0.0,0.0,0.0,0.0
1903151,0.0,0.0,0.0,0.0,0.0,1.0,0.0
1903485,0.0,0.0,0.0,0.0,0.0,2.0,0.0
1903985,0.0,0.0,0.0,0.0,0.0,0.0,0.0
1904694,0.0,0.0,0.0,0.0,0.0,1.0,0.0
1905194,0.0,0.0,0.0,0.0,0.0,0.0,0.0
1908127,0.0,0.0,0.0,0.0,0.0,1.0,0.0
1908130,0.0,0.0,0.0,0.0,0.0,2.0,0.0
1908630,0.0,0.0,0.0,0.0,0.0,0.0,0.0
1909323,0.0,0.0,0.0,0.0,0.0,1.0,0.0
1909823,0.0,0.0,0.0,0.0,0.0,0.0,0.0
1909891,0.0,0.0,0.0,0.0,0.0,1.0,0.0
1910391,0.0,0.0,0.0,0.0,0.0,0.0,0.0
1913289,0.0,0.0,0.0,0.0,0.0,1.0,0.0
1913789,0.0,0.0,0.0,0.0,0.0,0.0,0.0
1915354,0.0,0.0,0.0,0.0,0.0,1.0,0.0
1915854,0.0,0.0,0.0,0.0,0.0,0.0,0.0
1917205,0.0,0.0,0.0,0.0,0.0,1.0,0.0
1917705,0.0,0.0,0.0,0.0,0.0,0.0,0.0
1918430,0.0,0.0,0.0,0.0,0.0,1.0,0.0
1918431,0.0,0.0,0.0,0.0,0.0,2.0,0.0
1918931,0.0,0.0,0.0,0.0,0.0,0.0,0.0
1920536,0.0,0.0,0.0,0.0,0.0,1.0,0.0
1921036,0.0,0.0,0.0,0.0,0.0,0.0,0.0
1924845,0.0,0.0,0.0,0.0,0.0,1.0,0.0
1925345,0.0,0.0,0.0,0.0,0.0,0.0,0.0
1925796,0.0,0.0,0.0,0.0,0.0,1.0,0.0
1926296,0.0,0.0,0.0,0.0,0.0,0.0,0.0
1927434,0.0,0.0,0.0,0.0,0.0,1.0,0.0
1927934,0.0,0.0,0.0,0.0,0.0,0.0,0.0
1930272,0.0,0.0,0.0,0.0,0.0,1.0,0.0
1930772,0.0,0.0,0.0,0.0,0.0,0.0,0.0
1934577,0.0,0.0,0.0,0.0,0.0,1.0,0.0
1935077,0.0,0.0,0.0,0.0,0.0,0.0,0.0
1935282,0.0,0.0,0.0,0.0,0.0,1.0,0.0
1935782,0.0,0.0,0.0,0.0,0.0,0.0,0.0
1936072,0.0,0.0,0.0,0.0,0.0,1.0,0.0
1936073,0.0,0.0,0.0,0.0,0.0,2.0,0.0
1936573,0.0,0.0,0.0,0.0,0.0,0.0,0.0
1940333,0.0,0.0,0.0,0.0,0.0,1.0,0.0
1940833,0.0,0.0,0.0,0.0,0.0,0.0,0.0
1941831,0.0,0.0,0.0,0.0,0.0,1.0,0.0
1942331,0.0,0.0,0.0,0.0,0.0,0.0,0.0
1946416,0.0,0.0,0.0,0.0,0.0,1.0,0.0
1946418,0.0,0.0,0.0,0.0,0.0,2.0,0.0
1946918,0.0,0.0,0.0,0.0,0.0,0.0,0.0
1949435,0.0,0.0,0.0,0.0,0.0,1.0,0.0
1949935,0.0,0.0,0.0,0.0,0.0,0.0,0.0
1952187,0.0,0.0,0.0,0.0,0.0,1.0,0.0
1952687,0.0,0.0,0.0,0.0,0.0,0.0,0.0
1953511,0.0,0.0,0.0,0.0,0.0,1.0,0.0
1954011,0.0,0.0,0.0,0.0,0.0,0.0,0.0
1954326,0.0,0.0,0.0,0.0,0.0,1.0,0.0
1954826,0.0,0.0,0.0,0.0,0.0,0.0,0.0
1958487,0.0,0.0,0.0,0.0,0.0,1.0,0.0
1958987,0.0,0.0,0.0,0.0,0.0,0.0,0.0
1958991,0.0,0.0,0.0,0.0,0.0,1.0,0.0
1959491,0.0,0.0,0.0,0.0,0.0,0.0,0.0
1960545,0.0,0.0,0.0,0.0,0.0,1.0,0.0
1961045,0.0,0.0,0.0,0.0,0.0,0.0,0.0
1961390,0.0,0.0,0.0,0.0,0.0,1.0,0.0
1961890,0.0,0.0,0.0,0.0,0.0,0.0,0.0
1965475,0.0,0.0,0.0,0.0,0.0,1.0,0.0
1965975,0.0,0.0,0.0,0.0,0.0,0.0,0.0
1967943,0.0,0.0,0.0,0.0,0.0,1.0,0.0
1968443,0.0,0.0,0.0,0.0,0.0,0.0,0.0
1968801,0.0,0.0,0.0,0.0,0.0,1.0,0.0
1969301,0.0,0.0,0.0,0.0,0.0,0.0,0.0
1969746,0.0,0.0,0.0,0.0,0.0,1.0,0.0
1970246,0.0,0.0,0.0,0.0,0.0,0.0,0.0
1970612,0.0,0.0,0.0,0.0,0.0,1.0,0.0
1970614,0.0,0.0,0.0,0.0,0.0,2.0,0.0
1971114,0.0,0.0,0.0,0.0,0.0,0.0,0.0
1973307,0.0,0.0,0.0,0.0,0.0,1.0,0.0
1973807,0.0,0.0,0.0,0.0,0.0,0.0,0.0
1974518,0.0,0.0,0.0,0.0,0.0,1.0,0.0
1974527,0.0,0.0,0.0,0.0,0.0,2.0,0.0
1975027,0.0,0.0,0.0,0.0,0.0,0.0,0.0
1976362,0.0,0.0,0.0,0.0,0.0,1.0,0.0
1976862,0.0,0.0,0.0,0.0,0.0,0.0,0.0
1977192,0.0,0.0,0.0,0.0,0.0,1.0,0.0
1977692,0.0,0.0,0.0,0.0,0.0,0.0,0.0
1977907,0.0,0.0,0.0,0.0,0.0,1.0,0.0
1978407,0.0,0.0,0.0,0.0,0.0,0.0,0.0
1978505,0.0,0.0,0.0,0.0,0.0,1.0,0.0
1979005,0.0,0.0,0.0,0.0,0.0,0.0,0.0
1984120,0.0,0.0,0.0,0.0,0.0,1.0,0.0
1984620,0.0,0.0,0.0,0.0,0.0,0.0,0.0
1985774,0.0,0.0,0.0,0.0,0.0,1.0,0.0
1986274,0.0,0.0,0.0,0.0,0.0,0.0,0.0
1989774,0.0,0.0,0.0,0.0,0.0,1.0,0.0
1989778,0.0,0.0,0.0,0.0,0.0,2.0,0.0
1990278,0.0,0.0,0.0,0.0,0.0,0.0,0.0
1994075,0.0,0.0,0.0,0.0,0.0,1.0,0.0
1994575,0.0,0.0,0.0,0.0,0.0,0.0,0.0
1995686,0.0,0.0,0.0,0.0,0.0,1.0,0.0
1996186,0.0,0.0,0.0,0.0,0.0,0.0,0.0
1996807,0.0,0.0,0.0,0.0,0.0,1.0,0.0
1997307,0.0,0.0,0.0,0.0,0.0,0.0,0.0
1999263,0.0,0.0,0.0,0.0,0.0,1.0,0.0
1999763,0.0,0.0,0.0,0.0,0.0,0.0,0.0
2001657,0.0,0.0,0.0,0.0,0.0,1.0,0.0
2001900,0.0,0.0,0.0,0.0,0.0,1.0,1.0
2001980,0.0,0.0,0.0,0.0,0.0,2.0,1.0
2001999,0.0,0.0,0.0,0.0,1.0,2.0,1.0
2002014,0.0,0.0,0.0,0.0,2.0,2.0,1.0
2002047,2.0,0.0,0.0,0.0,2.0,2.0,1.0
2002089,2.0,2.0,0.0,0.0,2.0,2.0,1.0
2002400,2.0,2.0,0.0,0.0,2.0,2.0,0.0
2002480,2.0,2.0,0.0,0.0,2.0,0.0,0.0
