,ADWIN,CUSUM,DDM,GeometricMovingAverage,HDDMAverage,HDDMWeighted,Ground-truth
171,0.0,0.0,1.0,0.0,0.0,0.0,0.0
671,0.0,0.0,0.0,0.0,0.0,0.0,0.0
1444,0.0,0.0,0.0,0.0,0.0,1.0,0.0
1944,0.0,0.0,0.0,0.0,0.0,0.0,0.0
2156,0.0,0.0,0.0,0.0,1.0,0.0,0.0
2557,0.0,0.0,0.0,0.0,1.0,1.0,0.0
2656,0.0,0.0,0.0,0.0,0.0,1.0,0.0
3057,0.0,0.0,0.0,0.0,0.0,0.0,0.0
4810,0.0,0.0,0.0,0.0,0.0,1.0,0.0
5310,0.0,0.0,0.0,0.0,0.0,0.0,0.0
5394,0.0,0.0,0.0,0.0,1.0,1.0,0.0
5398,0.0,0.0,0.0,0.0,1.0,2.0,0.0
5894,0.0,0.0,0.0,0.0,0.0,2.0,0.0
5898,0.0,0.0,0.0,0.0,0.0,0.0,0.0
6318,0.0,0.0,0.0,0.0,0.0,1.0,0.0
6322,0.0,0.0,0.0,0.0,0.0,2.0,0.0
6822,0.0,0.0,0.0,0.0,0.0,0.0,0.0
7075,0.0,0.0,0.0,0.0,0.0,1.0,0.0
7371,0.0,0.0,0.0,0.0,0.0,2.0,0.0
7871,0.0,0.0,0.0,0.0,0.0,0.0,0.0
8243,0.0,0.0,0.0,0.0,0.0,1.0,0.0
8743,0.0,0.0,0.0,0.0,0.0,0.0,0.0
9134,0.0,0.0,0.0,0.0,0.0,1.0,0.0
9140,0.0,0.0,0.0,0.0,0.0,2.0,0.0
9640,0.0,0.0,0.0,0.0,0.0,0.0,0.0
10597,0.0,0.0,0.0,0.0,0.0,1.0,0.0
11097,0.0,0.0,0.0,0.0,0.0,0.0,0.0
11210,0.0,0.0,1.0,0.0,0.0,0.0,0.0
12096,0.0,0.0,1.0,0.0,0.0,1.0,0.0
12098,0.0,0.0,1.0,0.0,0.0,2.0,0.0
12598,0.0,0.0,1.0,0.0,0.0,0.0,0.0
12743,0.0,0.0,1.0,0.0,0.0,1.0,0.0
13243,0.0,0.0,1.0,0.0,0.0,0.0,0.0
14529,0.0,0.0,1.0,0.0,0.0,1.0,0.0
14710,0.0,0.0,0.0,0.0,0.0,1.0,0.0
15029,0.0,0.0,0.0,0.0,0.0,0.0,0.0
16664,0.0,0.0,0.0,0.0,0.0,1.0,0.0
16669,0.0,0.0,0.0,0.0,0.0,2.0,0.0
17169,0.0,0.0,0.0,0.0,0.0,0.0,0.0
17427,0.0,0.0,0.0,0.0,0.0,1.0,0.0
17927,0.0,0.0,0.0,0.0,0.0,0.0,0.0
19189,0.0,0.0,0.0,0.0,0.0,1.0,0.0
19689,0.0,0.0,0.0,0.0,0.0,0.0,0.0
19695,0.0,0.0,0.0,0.0,0.0,1.0,0.0
20195,0.0,0.0,0.0,0.0,0.0,0.0,0.0
20841,0.0,0.0,0.0,0.0,0.0,1.0,0.0
21341,0.0,0.0,0.0,0.0,0.0,0.0,0.0
21353,0.0,0.0,0.0,0.0,0.0,1.0,0.0
21605,0.0,0.0,0.0,0.0,1.0,1.0,0.0
21853,0.0,0.0,0.0,0.0,1.0,0.0,0.0
21978,0.0,0.0,0.0,0.0,1.0,1.0,0.0
22105,0.0,0.0,0.0,0.0,0.0,1.0,0.0
22478,0.0,0.0,0.0,0.0,0.0,0.0,0.0
23237,0.0,0.0,0.0,0.0,0.0,1.0,0.0
23250,0.0,0.0,0.0,0.0,0.0,2.0,0.0
23750,0.0,0.0,0.0,0.0,0.0,0.0,0.0
24220,0.0,0.0,0.0,0.0,0.0,1.0,0.0
24223,0.0,0.0,0.0,0.0,0.0,2.0,0.0
24723,0.0,0.0,0.0,0.0,0.0,0.0,0.0
25148,0.0,0.0,0.0,0.0,0.0,1.0,0.0
25648,0.0,0.0,0.0,0.0,0.0,0.0,0.0
27351,0.0,0.0,0.0,0.0,0.0,1.0,0.0
27353,0.0,0.0,0.0,0.0,0.0,2.0,0.0
27853,0.0,0.0,0.0,0.0,0.0,0.0,0.0
28246,0.0,0.0,0.0,0.0,0.0,1.0,0.0
28746,0.0,0.0,0.0,0.0,0.0,0.0,0.0
29825,0.0,0.0,0.0,0.0,0.0,1.0,0.0
29827,0.0,0.0,0.0,0.0,0.0,2.0,0.0
30327,0.0,0.0,0.0,0.0,0.0,1.0,0.0
30827,0.0,0.0,0.0,0.0,0.0,0.0,0.0
31846,0.0,0.0,0.0,0.0,0.0,1.0,0.0
32346,0.0,0.0,0.0,0.0,0.0,0.0,0.0
35449,0.0,0.0,0.0,0.0,0.0,1.0,0.0
35949,0.0,0.0,0.0,0.0,0.0,0.0,0.0
36347,0.0,0.0,0.0,0.0,0.0,1.0,0.0
36349,0.0,0.0,0.0,0.0,0.0,2.0,0.0
36849,0.0,0.0,0.0,0.0,0.0,0.0,0.0
37664,0.0,0.0,0.0,0.0,0.0,1.0,0.0
38164,0.0,0.0,0.0,0.0,0.0,0.0,0.0
39347,0.0,0.0,0.0,0.0,0.0,1.0,0.0
39497,0.0,2.0,0.0,0.0,0.0,1.0,0.0
39847,0.0,2.0,0.0,0.0,0.0,0.0,0.0
39997,0.0,0.0,0.0,0.0,0.0,0.0,0.0
40146,0.0,0.0,1.0,0.0,0.0,0.0,0.0
41802,0.0,0.0,1.0,0.0,0.0,1.0,0.0
42302,0.0,0.0,1.0,0.0,0.0,0.0,0.0
43820,0.0,0.0,1.0,0.0,0.0,1.0,0.0
44320,0.0,0.0,1.0,0.0,0.0,0.0,0.0
44659,0.0,0.0,1.0,0.0,0.0,1.0,0.0
45159,0.0,0.0,1.0,0.0,0.0,0.0,0.0
45662,0.0,0.0,1.0,0.0,0.0,1.0,0.0
45676,0.0,0.0,1.0,0.0,0.0,2.0,0.0
46176,0.0,0.0,1.0,0.0,0.0,0.0,0.0
46228,0.0,0.0,1.0,0.0,0.0,1.0,0.0
46728,0.0,0.0,1.0,0.0,0.0,0.0,0.0
46823,0.0,0.0,1.0,0.0,0.0,1.0,0.0
47323,0.0,0.0,1.0,0.0,0.0,0.0,0.0
47849,0.0,0.0,1.0,0.0,0.0,1.0,0.0
48321,0.0,0.0,1.0,0.0,0.0,2.0,0.0
48821,0.0,0.0,1.0,0.0,0.0,0.0,0.0
49245,0.0,0.0,1.0,0.0,0.0,1.0,0.0
49577,0.0,2.0,1.0,0.0,1.0,1.0,0.0
49745,0.0,2.0,1.0,0.0,1.0,0.0,0.0
50077,0.0,0.0,1.0,0.0,0.0,0.0,0.0
50219,0.0,0.0,1.0,0.0,1.0,0.0,0.0
50344,0.0,0.0,1.0,0.0,1.0,1.0,0.0
50719,0.0,0.0,1.0,0.0,0.0,1.0,0.0
50844,0.0,0.0,1.0,0.0,0.0,0.0,0.0
51196,0.0,0.0,1.0,0.0,0.0,1.0,0.0
51204,0.0,0.0,1.0,0.0,0.0,2.0,0.0
51216,0.0,0.0,1.0,0.0,1.0,2.0,0.0
51704,0.0,0.0,1.0,0.0,1.0,0.0,0.0
52455,0.0,0.0,1.0,0.0,1.0,1.0,0.0
52716,0.0,0.0,1.0,0.0,0.0,1.0,0.0
52955,0.0,0.0,1.0,0.0,0.0,0.0,0.0
52983,0.0,0.0,1.0,0.0,0.0,1.0,0.0
53070,0.0,0.0,1.0,0.0,1.0,1.0,0.0
53483,0.0,0.0,1.0,0.0,1.0,0.0,0.0
53536,0.0,0.0,1.0,0.0,1.0,1.0,0.0
53570,0.0,0.0,1.0,0.0,0.0,1.0,0.0
54036,0.0,0.0,1.0,0.0,0.0,0.0,0.0
55279,0.0,0.0,1.0,0.0,0.0,1.0,0.0
55779,0.0,0.0,1.0,0.0,0.0,0.0,0.0
55813,0.0,0.0,1.0,0.0,0.0,1.0,0.0
56313,0.0,0.0,1.0,0.0,0.0,0.0,0.0
56821,0.0,0.0,1.0,0.0,0.0,1.0,0.0
57321,0.0,0.0,1.0,0.0,0.0,0.0,0.0
57518,0.0,0.0,1.0,0.0,0.0,1.0,0.0
57703,0.0,0.0,1.0,0.0,0.0,2.0,0.0
58203,0.0,0.0,1.0,0.0,0.0,0.0,0.0
58679,0.0,0.0,1.0,0.0,0.0,1.0,0.0
59179,0.0,0.0,1.0,0.0,0.0,0.0,0.0
59615,0.0,0.0,1.0,0.0,0.0,1.0,0.0
60115,0.0,0.0,1.0,0.0,0.0,0.0,0.0
60509,0.0,0.0,1.0,0.0,0.0,1.0,0.0
61009,0.0,0.0,1.0,0.0,0.0,0.0,0.0
61457,0.0,0.0,1.0,0.0,0.0,1.0,0.0
61484,0.0,2.0,1.0,0.0,0.0,1.0,0.0
61957,0.0,2.0,1.0,0.0,0.0,0.0,0.0
61984,0.0,0.0,1.0,0.0,0.0,0.0,0.0
62983,0.0,0.0,1.0,0.0,0.0,1.0,0.0
62992,0.0,0.0,1.0,0.0,0.0,2.0,0.0
63492,0.0,0.0,1.0,0.0,0.0,0.0,0.0
64146,0.0,0.0,1.0,0.0,0.0,1.0,0.0
64149,0.0,0.0,1.0,0.0,0.0,2.0,0.0
64649,0.0,0.0,1.0,0.0,0.0,0.0,0.0
65312,0.0,0.0,1.0,0.0,0.0,1.0,0.0
65812,0.0,0.0,1.0,0.0,0.0,0.0,0.0
66488,0.0,0.0,1.0,0.0,0.0,1.0,0.0
66813,0.0,0.0,1.0,0.0,0.0,2.0,0.0
67313,0.0,0.0,1.0,0.0,0.0,0.0,0.0
67962,0.0,0.0,1.0,0.0,0.0,1.0,0.0
68462,0.0,0.0,1.0,0.0,0.0,0.0,0.0
69792,0.0,0.0,1.0,0.0,0.0,1.0,0.0
69797,0.0,0.0,1.0,0.0,0.0,2.0,0.0
70297,0.0,0.0,1.0,0.0,0.0,0.0,0.0
70759,0.0,0.0,1.0,0.0,0.0,1.0,0.0
70807,0.0,0.0,1.0,0.0,0.0,2.0,0.0
71307,0.0,0.0,1.0,0.0,0.0,0.0,0.0
72316,0.0,0.0,1.0,0.0,0.0,1.0,0.0
72365,0.0,0.0,1.0,0.0,0.0,2.0,0.0
72865,0.0,0.0,1.0,0.0,0.0,0.0,0.0
73480,0.0,0.0,1.0,0.0,0.0,1.0,0.0
73973,0.0,0.0,1.0,0.0,0.0,2.0,0.0
74473,0.0,0.0,1.0,0.0,0.0,0.0,0.0
74593,0.0,0.0,1.0,0.0,0.0,1.0,0.0
75093,0.0,0.0,1.0,0.0,0.0,0.0,0.0
77706,0.0,0.0,1.0,0.0,0.0,1.0,0.0
77708,0.0,0.0,1.0,0.0,0.0,2.0,0.0
78208,0.0,0.0,1.0,0.0,0.0,0.0,0.0
78376,0.0,0.0,1.0,0.0,0.0,1.0,0.0
78876,0.0,0.0,1.0,0.0,0.0,0.0,0.0
78944,0.0,0.0,1.0,0.0,0.0,1.0,0.0
79444,0.0,0.0,1.0,0.0,0.0,0.0,0.0
80049,0.0,0.0,1.0,0.0,0.0,1.0,0.0
80549,0.0,0.0,1.0,0.0,0.0,0.0,0.0
81214,0.0,0.0,1.0,0.0,0.0,1.0,0.0
81714,0.0,0.0,1.0,0.0,0.0,0.0,0.0
81822,0.0,0.0,1.0,0.0,0.0,1.0,0.0
82322,0.0,0.0,1.0,0.0,0.0,0.0,0.0
82951,0.0,0.0,1.0,0.0,0.0,1.0,0.0
83451,0.0,0.0,1.0,0.0,0.0,0.0,0.0
84260,0.0,0.0,1.0,0.0,0.0,1.0,0.0
84760,0.0,0.0,1.0,0.0,0.0,0.0,0.0
85553,0.0,0.0,1.0,0.0,0.0,1.0,0.0
86053,0.0,0.0,1.0,0.0,0.0,0.0,0.0
87633,0.0,0.0,1.0,0.0,0.0,1.0,0.0
88133,0.0,0.0,1.0,0.0,0.0,0.0,0.0
88405,0.0,0.0,1.0,0.0,0.0,1.0,0.0
88410,0.0,0.0,1.0,0.0,0.0,2.0,0.0
88434,0.0,2.0,1.0,0.0,0.0,2.0,0.0
88910,0.0,2.0,1.0,0.0,0.0,0.0,0.0
88934,0.0,0.0,1.0,0.0,0.0,0.0,0.0
89280,0.0,0.0,1.0,0.0,0.0,1.0,0.0
89282,0.0,0.0,1.0,0.0,0.0,2.0,0.0
89782,0.0,0.0,1.0,0.0,0.0,0.0,0.0
89826,0.0,0.0,1.0,0.0,0.0,1.0,0.0
89837,0.0,0.0,1.0,0.0,0.0,2.0,0.0
90337,0.0,0.0,1.0,0.0,0.0,0.0,0.0
91174,0.0,0.0,1.0,0.0,0.0,1.0,0.0
91674,0.0,0.0,1.0,0.0,0.0,0.0,0.0
92136,0.0,0.0,1.0,0.0,0.0,1.0,0.0
92636,0.0,0.0,1.0,0.0,0.0,0.0,0.0
92806,0.0,0.0,1.0,0.0,0.0,1.0,0.0
92808,0.0,0.0,1.0,0.0,0.0,2.0,0.0
93308,0.0,0.0,1.0,0.0,0.0,0.0,0.0
94329,0.0,0.0,1.0,0.0,0.0,1.0,0.0
94829,0.0,0.0,1.0,0.0,0.0,0.0,0.0
94978,0.0,0.0,1.0,0.0,0.0,1.0,0.0
95478,0.0,0.0,1.0,0.0,0.0,0.0,0.0
95703,0.0,0.0,1.0,0.0,0.0,1.0,0.0
95705,0.0,0.0,1.0,0.0,0.0,2.0,0.0
96205,0.0,0.0,1.0,0.0,0.0,0.0,0.0
97095,0.0,0.0,1.0,0.0,0.0,1.0,0.0
97595,0.0,0.0,1.0,0.0,0.0,0.0,0.0
97774,0.0,0.0,1.0,0.0,0.0,1.0,0.0
98274,0.0,0.0,1.0,0.0,0.0,0.0,0.0
98475,0.0,0.0,1.0,0.0,0.0,1.0,0.0
98975,0.0,0.0,1.0,0.0,0.0,0.0,0.0
99475,0.0,0.0,1.0,0.0,0.0,1.0,0.0
99477,0.0,0.0,1.0,0.0,0.0,2.0,0.0
99977,0.0,0.0,1.0,0.0,0.0,0.0,0.0
100863,0.0,0.0,1.0,0.0,0.0,1.0,0.0
101363,0.0,0.0,1.0,0.0,0.0,0.0,0.0
102146,0.0,0.0,0.0,0.0,0.0,0.0,0.0
103683,0.0,0.0,0.0,0.0,0.0,1.0,0.0
103686,0.0,0.0,0.0,0.0,0.0,2.0,0.0
104186,0.0,0.0,0.0,0.0,0.0,0.0,0.0
106685,0.0,0.0,0.0,0.0,0.0,1.0,0.0
107026,0.0,0.0,0.0,0.0,1.0,1.0,0.0
107185,0.0,0.0,0.0,0.0,1.0,0.0,0.0
107526,0.0,0.0,0.0,0.0,0.0,0.0,0.0
110198,0.0,0.0,0.0,0.0,0.0,1.0,0.0
110698,0.0,0.0,0.0,0.0,0.0,0.0,0.0
111522,0.0,0.0,0.0,0.0,0.0,1.0,0.0
112022,0.0,0.0,0.0,0.0,0.0,0.0,0.0
112579,0.0,0.0,0.0,0.0,0.0,1.0,0.0
113079,0.0,0.0,0.0,0.0,0.0,0.0,0.0
115352,0.0,0.0,0.0,0.0,0.0,1.0,0.0
115852,0.0,0.0,0.0,0.0,0.0,0.0,0.0
120083,0.0,0.0,0.0,0.0,0.0,1.0,0.0
120583,0.0,0.0,0.0,0.0,0.0,0.0,0.0
121128,0.0,0.0,0.0,0.0,0.0,1.0,0.0
121628,0.0,0.0,0.0,0.0,0.0,0.0,0.0
122312,0.0,0.0,0.0,0.0,0.0,1.0,0.0
122812,0.0,0.0,0.0,0.0,0.0,0.0,0.0
124435,0.0,0.0,0.0,0.0,0.0,1.0,0.0
124935,0.0,0.0,0.0,0.0,0.0,0.0,0.0
124961,0.0,0.0,0.0,0.0,0.0,1.0,0.0
125461,0.0,0.0,0.0,0.0,0.0,0.0,0.0
131559,0.0,0.0,0.0,0.0,0.0,1.0,0.0
132059,0.0,0.0,0.0,0.0,0.0,0.0,0.0
132610,0.0,0.0,0.0,0.0,0.0,1.0,0.0
132987,0.0,0.0,0.0,0.0,0.0,2.0,0.0
133487,0.0,0.0,0.0,0.0,0.0,0.0,0.0
134848,0.0,0.0,0.0,0.0,0.0,1.0,0.0
135348,0.0,0.0,0.0,0.0,0.0,0.0,0.0
139089,0.0,0.0,0.0,0.0,1.0,0.0,0.0
139589,0.0,0.0,0.0,0.0,0.0,0.0,0.0
141839,0.0,0.0,0.0,0.0,0.0,1.0,0.0
142339,0.0,0.0,0.0,0.0,0.0,0.0,0.0
144419,0.0,0.0,0.0,0.0,0.0,1.0,0.0
144919,0.0,0.0,0.0,0.0,0.0,0.0,0.0
145179,0.0,0.0,0.0,0.0,0.0,1.0,0.0
145679,0.0,0.0,0.0,0.0,0.0,0.0,0.0
146907,0.0,0.0,0.0,0.0,0.0,1.0,0.0
146915,0.0,0.0,0.0,0.0,0.0,2.0,0.0
147415,0.0,0.0,0.0,0.0,0.0,0.0,0.0
147476,0.0,0.0,0.0,0.0,0.0,1.0,0.0
147976,0.0,0.0,0.0,0.0,0.0,0.0,0.0
151330,0.0,0.0,0.0,0.0,0.0,1.0,0.0
151830,0.0,0.0,0.0,0.0,0.0,0.0,0.0
153798,0.0,0.0,0.0,0.0,0.0,1.0,0.0
154298,0.0,0.0,0.0,0.0,0.0,0.0,0.0
154842,0.0,0.0,0.0,0.0,0.0,1.0,0.0
154843,0.0,0.0,0.0,0.0,0.0,2.0,0.0
155343,0.0,0.0,0.0,0.0,0.0,0.0,0.0
156012,0.0,0.0,0.0,0.0,0.0,1.0,0.0
156512,0.0,0.0,0.0,0.0,0.0,0.0,0.0
162604,0.0,0.0,0.0,0.0,0.0,1.0,0.0
163104,0.0,0.0,0.0,0.0,0.0,0.0,0.0
163253,0.0,0.0,0.0,0.0,0.0,1.0,0.0
163401,0.0,0.0,0.0,0.0,0.0,2.0,0.0
163901,0.0,0.0,0.0,0.0,0.0,0.0,0.0
165252,0.0,0.0,0.0,0.0,0.0,1.0,0.0
165425,0.0,0.0,0.0,0.0,0.0,2.0,0.0
165925,0.0,0.0,0.0,0.0,0.0,0.0,0.0
166339,0.0,0.0,0.0,0.0,0.0,1.0,0.0
166839,0.0,0.0,0.0,0.0,0.0,0.0,0.0
168174,0.0,0.0,0.0,0.0,0.0,1.0,0.0
168674,0.0,0.0,0.0,0.0,0.0,0.0,0.0
170989,0.0,0.0,0.0,0.0,0.0,1.0,0.0
171489,0.0,0.0,0.0,0.0,0.0,0.0,0.0
177800,0.0,0.0,0.0,0.0,0.0,1.0,0.0
178149,0.0,0.0,0.0,0.0,0.0,2.0,0.0
178649,0.0,0.0,0.0,0.0,0.0,0.0,0.0
185160,0.0,0.0,0.0,0.0,0.0,1.0,0.0
185660,0.0,0.0,0.0,0.0,0.0,0.0,0.0
186235,0.0,0.0,0.0,0.0,0.0,1.0,0.0
186735,0.0,0.0,0.0,0.0,0.0,0.0,0.0
187639,0.0,0.0,0.0,0.0,0.0,1.0,0.0
187644,0.0,0.0,0.0,0.0,1.0,1.0,0.0
188139,0.0,0.0,0.0,0.0,1.0,0.0,0.0
188144,0.0,0.0,0.0,0.0,0.0,0.0,0.0
190044,0.0,0.0,0.0,0.0,0.0,1.0,0.0
190544,0.0,0.0,0.0,0.0,0.0,0.0,0.0
193409,0.0,0.0,0.0,0.0,0.0,1.0,0.0
193909,0.0,0.0,0.0,0.0,0.0,0.0,0.0
195826,0.0,0.0,0.0,0.0,0.0,1.0,0.0
196326,0.0,0.0,0.0,0.0,0.0,0.0,0.0
197882,0.0,0.0,0.0,0.0,0.0,1.0,0.0
198382,0.0,0.0,0.0,0.0,0.0,0.0,0.0
198568,0.0,0.0,0.0,0.0,0.0,1.0,0.0
199068,0.0,0.0,0.0,0.0,0.0,0.0,0.0
200000,0.0,0.0,0.0,0.0,0.0,0.0,1.0
200060,0.0,0.0,0.0,0.0,0.0,1.0,1.0
200064,0.0,0.0,0.0,0.0,0.0,2.0,1.0
200287,2.0,0.0,0.0,0.0,0.0,2.0,1.0
200402,2.0,2.0,0.0,0.0,0.0,2.0,1.0
200494,2.0,2.0,0.0,0.0,1.0,2.0,1.0
200500,2.0,2.0,0.0,0.0,1.0,2.0,0.0
200564,2.0,2.0,0.0,0.0,1.0,0.0,0.0
200633,2.0,2.0,0.0,0.0,2.0,0.0,0.0
200787,0.0,2.0,0.0,0.0,2.0,0.0,0.0
200902,0.0,0.0,0.0,0.0,2.0,0.0,0.0
200927,2.0,0.0,0.0,0.0,2.0,0.0,0.0
201133,2.0,0.0,0.0,0.0,0.0,0.0,0.0
201427,0.0,0.0,0.0,0.0,0.0,0.0,0.0
201483,0.0,0.0,0.0,0.0,0.0,1.0,0.0
201952,0.0,0.0,0.0,0.0,1.0,1.0,0.0
201959,0.0,0.0,0.0,0.0,2.0,1.0,0.0
201960,0.0,0.0,0.0,0.0,2.0,2.0,0.0
202459,0.0,0.0,0.0,0.0,0.0,2.0,0.0
202460,0.0,0.0,0.0,0.0,0.0,0.0,0.0
202475,0.0,0.0,0.0,0.0,0.0,1.0,0.0
202975,0.0,0.0,0.0,0.0,0.0,0.0,0.0
203221,0.0,0.0,0.0,0.0,0.0,1.0,0.0
203223,0.0,0.0,0.0,0.0,0.0,2.0,0.0
203444,0.0,0.0,1.0,0.0,0.0,2.0,0.0
203723,0.0,0.0,1.0,0.0,0.0,0.0,0.0
203725,0.0,0.0,1.0,0.0,0.0,1.0,0.0
203731,0.0,0.0,1.0,0.0,0.0,2.0,0.0
204231,0.0,0.0,1.0,0.0,0.0,0.0,0.0
204433,0.0,0.0,1.0,0.0,0.0,1.0,0.0
204933,0.0,0.0,1.0,0.0,0.0,0.0,0.0
205993,0.0,0.0,2.0,0.0,0.0,0.0,0.0
206146,0.0,0.0,2.0,0.0,0.0,1.0,0.0
206493,0.0,0.0,0.0,0.0,0.0,1.0,0.0
206536,0.0,2.0,0.0,0.0,0.0,1.0,0.0
206646,0.0,2.0,0.0,0.0,0.0,0.0,0.0
207036,0.0,0.0,0.0,0.0,0.0,0.0,0.0
207855,0.0,0.0,0.0,0.0,0.0,1.0,0.0
208355,0.0,0.0,0.0,0.0,0.0,0.0,0.0
208973,0.0,0.0,0.0,0.0,0.0,1.0,0.0
208984,0.0,0.0,0.0,0.0,0.0,2.0,0.0
209484,0.0,0.0,0.0,0.0,0.0,0.0,0.0
209487,0.0,0.0,0.0,0.0,0.0,1.0,0.0
209491,0.0,0.0,0.0,0.0,0.0,2.0,0.0
209991,0.0,0.0,0.0,0.0,0.0,0.0,0.0
211593,0.0,0.0,0.0,0.0,0.0,1.0,0.0
212093,0.0,0.0,0.0,0.0,0.0,0.0,0.0
212219,0.0,0.0,0.0,0.0,0.0,1.0,0.0
212222,0.0,0.0,0.0,0.0,0.0,2.0,0.0
212722,0.0,0.0,0.0,0.0,0.0,0.0,0.0
213394,0.0,0.0,0.0,0.0,0.0,1.0,0.0
213398,0.0,0.0,0.0,0.0,0.0,2.0,0.0
213635,0.0,0.0,0.0,0.0,1.0,2.0,0.0
213898,0.0,0.0,0.0,0.0,1.0,0.0,0.0
214135,0.0,0.0,0.0,0.0,0.0,0.0,0.0
214399,0.0,0.0,0.0,0.0,0.0,1.0,0.0
214899,0.0,0.0,0.0,0.0,0.0,0.0,0.0
216070,0.0,0.0,0.0,0.0,0.0,1.0,0.0
216570,0.0,0.0,0.0,0.0,0.0,0.0,0.0
216955,0.0,0.0,0.0,0.0,0.0,1.0,0.0
217377,0.0,0.0,0.0,0.0,1.0,1.0,0.0
217455,0.0,0.0,0.0,0.0,1.0,0.0,0.0
217877,0.0,0.0,0.0,0.0,0.0,0.0,0.0
217904,0.0,0.0,0.0,0.0,0.0,1.0,0.0
218404,0.0,0.0,0.0,0.0,0.0,0.0,0.0
219215,0.0,0.0,0.0,0.0,0.0,1.0,0.0
219715,0.0,0.0,0.0,0.0,0.0,0.0,0.0
220232,0.0,0.0,0.0,0.0,0.0,1.0,0.0
220732,0.0,0.0,0.0,0.0,0.0,0.0,0.0
221008,0.0,0.0,0.0,0.0,0.0,1.0,0.0
221010,0.0,0.0,0.0,0.0,0.0,2.0,0.0
221510,0.0,0.0,0.0,0.0,0.0,0.0,0.0
221879,0.0,0.0,0.0,0.0,0.0,1.0,0.0
222379,0.0,0.0,0.0,0.0,0.0,0.0,0.0
222831,0.0,0.0,0.0,0.0,0.0,1.0,0.0
222853,0.0,0.0,0.0,0.0,0.0,2.0,0.0
223353,0.0,0.0,0.0,0.0,0.0,0.0,0.0
223842,0.0,0.0,0.0,0.0,0.0,1.0,0.0
224342,0.0,0.0,0.0,0.0,0.0,0.0,0.0
224372,0.0,2.0,0.0,0.0,0.0,0.0,0.0
224872,0.0,0.0,0.0,0.0,0.0,0.0,0.0
224893,0.0,0.0,0.0,0.0,0.0,1.0,0.0
225393,0.0,0.0,0.0,0.0,0.0,0.0,0.0
225901,0.0,0.0,0.0,0.0,0.0,1.0,0.0
225907,0.0,0.0,0.0,0.0,0.0,2.0,0.0
226407,0.0,0.0,0.0,0.0,0.0,0.0,0.0
227264,0.0,0.0,0.0,0.0,0.0,1.0,0.0
227764,0.0,0.0,0.0,0.0,0.0,0.0,0.0
228129,0.0,0.0,0.0,0.0,0.0,1.0,0.0
228629,0.0,0.0,0.0,0.0,0.0,0.0,0.0
228839,0.0,0.0,0.0,0.0,0.0,1.0,0.0
229098,0.0,0.0,0.0,0.0,0.0,2.0,0.0
229598,0.0,0.0,0.0,0.0,0.0,0.0,0.0
229854,0.0,0.0,0.0,0.0,0.0,1.0,0.0
230354,0.0,0.0,0.0,0.0,0.0,0.0,0.0
230443,0.0,0.0,0.0,0.0,0.0,1.0,0.0
230943,0.0,0.0,0.0,0.0,0.0,0.0,0.0
231025,0.0,0.0,0.0,0.0,0.0,1.0,0.0
231525,0.0,0.0,0.0,0.0,0.0,0.0,0.0
231555,0.0,0.0,0.0,0.0,0.0,1.0,0.0
232055,0.0,0.0,0.0,0.0,0.0,0.0,0.0
232561,0.0,0.0,0.0,0.0,0.0,1.0,0.0
233061,0.0,0.0,0.0,0.0,0.0,0.0,0.0
233260,0.0,0.0,0.0,0.0,0.0,1.0,0.0
233760,0.0,0.0,0.0,0.0,0.0,0.0,0.0
233872,0.0,0.0,0.0,0.0,0.0,1.0,0.0
234372,0.0,0.0,0.0,0.0,0.0,0.0,0.0
234423,0.0,0.0,0.0,0.0,0.0,1.0,0.0
234923,0.0,0.0,0.0,0.0,0.0,0.0,0.0
234932,0.0,0.0,0.0,0.0,0.0,1.0,0.0
235150,0.0,0.0,0.0,0.0,0.0,2.0,0.0
235650,0.0,0.0,0.0,0.0,0.0,0.0,0.0
235683,0.0,0.0,0.0,0.0,0.0,1.0,0.0
236183,0.0,0.0,0.0,0.0,0.0,0.0,0.0
236667,0.0,0.0,0.0,0.0,0.0,1.0,0.0
237167,0.0,0.0,0.0,0.0,0.0,0.0,0.0
237892,0.0,0.0,0.0,0.0,0.0,1.0,0.0
238392,0.0,0.0,0.0,0.0,0.0,0.0,0.0
239875,0.0,0.0,0.0,0.0,0.0,1.0,0.0
240043,0.0,0.0,0.0,0.0,0.0,2.0,0.0
240543,0.0,0.0,0.0,0.0,0.0,0.0,0.0
240997,0.0,0.0,0.0,0.0,0.0,1.0,0.0
241497,0.0,0.0,0.0,0.0,0.0,0.0,0.0
241900,0.0,0.0,0.0,0.0,0.0,1.0,0.0
242182,0.0,0.0,0.0,0.0,0.0,2.0,0.0
242452,0.0,2.0,0.0,0.0,0.0,2.0,0.0
242682,0.0,2.0,0.0,0.0,0.0,0.0,0.0
242952,0.0,0.0,0.0,0.0,0.0,0.0,0.0
243668,0.0,0.0,0.0,0.0,0.0,1.0,0.0
244168,0.0,0.0,0.0,0.0,0.0,0.0,0.0
244782,0.0,0.0,0.0,0.0,0.0,1.0,0.0
245782,0.0,0.0,0.0,0.0,0.0,0.0,0.0
246851,0.0,0.0,0.0,0.0,0.0,1.0,0.0
247351,0.0,0.0,0.0,0.0,0.0,0.0,0.0
247427,0.0,0.0,0.0,0.0,0.0,1.0,0.0
247927,0.0,0.0,0.0,0.0,0.0,0.0,0.0
248198,0.0,0.0,0.0,0.0,0.0,1.0,0.0
248698,0.0,0.0,0.0,0.0,0.0,0.0,0.0
249956,0.0,0.0,0.0,0.0,0.0,1.0,0.0
250456,0.0,0.0,0.0,0.0,0.0,0.0,0.0
250485,0.0,0.0,0.0,0.0,0.0,1.0,0.0
250985,0.0,0.0,0.0,0.0,0.0,0.0,0.0
250998,0.0,0.0,0.0,0.0,0.0,1.0,0.0
251000,0.0,0.0,0.0,0.0,0.0,2.0,0.0
251500,0.0,0.0,0.0,0.0,0.0,0.0,0.0
251816,0.0,0.0,0.0,0.0,0.0,1.0,0.0
251845,0.0,0.0,0.0,0.0,0.0,2.0,0.0
252345,0.0,0.0,0.0,0.0,0.0,0.0,0.0
252364,0.0,0.0,0.0,0.0,0.0,1.0,0.0
252864,0.0,0.0,0.0,0.0,0.0,0.0,0.0
253160,0.0,0.0,0.0,0.0,0.0,1.0,0.0
253660,0.0,0.0,0.0,0.0,0.0,0.0,0.0
254287,0.0,0.0,0.0,0.0,0.0,1.0,0.0
254787,0.0,0.0,0.0,0.0,0.0,0.0,0.0
255844,0.0,0.0,0.0,0.0,0.0,1.0,0.0
255846,0.0,0.0,0.0,0.0,0.0,2.0,0.0
256346,0.0,0.0,0.0,0.0,0.0,0.0,0.0
257598,0.0,0.0,0.0,0.0,0.0,1.0,0.0
257784,0.0,0.0,0.0,0.0,0.0,2.0,0.0
258284,0.0,0.0,0.0,0.0,0.0,0.0,0.0
258616,0.0,0.0,0.0,0.0,0.0,1.0,0.0
259116,0.0,0.0,0.0,0.0,0.0,0.0,0.0
259575,0.0,0.0,0.0,0.0,0.0,1.0,0.0
259589,0.0,0.0,0.0,0.0,0.0,2.0,0.0
260089,0.0,0.0,0.0,0.0,0.0,0.0,0.0
261295,0.0,0.0,0.0,0.0,0.0,1.0,0.0
261593,0.0,0.0,0.0,0.0,0.0,2.0,0.0
262093,0.0,0.0,0.0,0.0,0.0,0.0,0.0
262331,0.0,0.0,0.0,0.0,0.0,1.0,0.0
262831,0.0,0.0,0.0,0.0,0.0,0.0,0.0
262969,0.0,0.0,0.0,0.0,0.0,1.0,0.0
262971,0.0,0.0,0.0,0.0,0.0,2.0,0.0
263471,0.0,0.0,0.0,0.0,0.0,0.0,0.0
264432,0.0,0.0,0.0,0.0,0.0,1.0,0.0
264932,0.0,0.0,0.0,0.0,0.0,0.0,0.0
265628,0.0,0.0,0.0,0.0,0.0,1.0,0.0
266128,0.0,0.0,0.0,0.0,0.0,0.0,0.0
266889,0.0,0.0,0.0,0.0,0.0,1.0,0.0
267389,0.0,0.0,0.0,0.0,0.0,0.0,0.0
268463,0.0,0.0,0.0,0.0,0.0,1.0,0.0
268467,0.0,0.0,0.0,0.0,0.0,2.0,0.0
268967,0.0,0.0,0.0,0.0,0.0,0.0,0.0
269021,0.0,0.0,0.0,0.0,0.0,1.0,0.0
269521,0.0,0.0,0.0,0.0,0.0,0.0,0.0
270065,0.0,0.0,0.0,0.0,0.0,1.0,0.0
270565,0.0,0.0,0.0,0.0,0.0,0.0,0.0
271935,0.0,0.0,0.0,0.0,0.0,1.0,0.0
272435,0.0,0.0,0.0,0.0,0.0,0.0,0.0
273052,0.0,0.0,0.0,0.0,0.0,1.0,0.0
273552,0.0,0.0,0.0,0.0,0.0,0.0,0.0
274540,0.0,0.0,0.0,0.0,0.0,1.0,0.0
275040,0.0,0.0,0.0,0.0,0.0,0.0,0.0
275639,0.0,0.0,0.0,0.0,0.0,1.0,0.0
276139,0.0,0.0,0.0,0.0,0.0,0.0,0.0
276412,0.0,0.0,0.0,0.0,0.0,1.0,0.0
276414,0.0,0.0,0.0,0.0,0.0,2.0,0.0
276914,0.0,0.0,0.0,0.0,0.0,0.0,0.0
277145,0.0,0.0,0.0,0.0,0.0,1.0,0.0
277397,0.0,0.0,0.0,0.0,0.0,2.0,0.0
277897,0.0,0.0,0.0,0.0,0.0,0.0,0.0
278374,0.0,0.0,0.0,0.0,0.0,1.0,0.0
278874,0.0,0.0,0.0,0.0,0.0,0.0,0.0
279212,0.0,0.0,0.0,0.0,0.0,1.0,0.0
279712,0.0,0.0,0.0,0.0,0.0,0.0,0.0
279722,0.0,0.0,0.0,0.0,0.0,1.0,0.0
279727,0.0,0.0,0.0,0.0,0.0,2.0,0.0
280227,0.0,0.0,0.0,0.0,0.0,0.0,0.0
281609,0.0,0.0,0.0,0.0,0.0,1.0,0.0
281611,0.0,0.0,0.0,0.0,0.0,2.0,0.0
281671,0.0,0.0,0.0,0.0,1.0,2.0,0.0
282111,0.0,0.0,0.0,0.0,1.0,0.0,0.0
282171,0.0,0.0,0.0,0.0,0.0,0.0,0.0
282851,0.0,0.0,0.0,0.0,0.0,1.0,0.0
283213,0.0,0.0,0.0,0.0,0.0,2.0,0.0
283713,0.0,0.0,0.0,0.0,0.0,0.0,0.0
283896,0.0,0.0,0.0,0.0,0.0,1.0,0.0
284396,0.0,0.0,0.0,0.0,0.0,0.0,0.0
284524,0.0,0.0,0.0,0.0,0.0,1.0,0.0
285024,0.0,0.0,0.0,0.0,0.0,0.0,0.0
285203,0.0,0.0,0.0,0.0,0.0,1.0,0.0
285551,0.0,0.0,0.0,0.0,0.0,2.0,0.0
286051,0.0,0.0,0.0,0.0,0.0,0.0,0.0
288651,0.0,0.0,0.0,0.0,0.0,1.0,0.0
289151,0.0,0.0,0.0,0.0,0.0,0.0,0.0
289446,0.0,0.0,0.0,0.0,0.0,1.0,0.0
289574,0.0,0.0,0.0,0.0,0.0,2.0,0.0
290074,0.0,0.0,0.0,0.0,0.0,0.0,0.0
290657,0.0,0.0,0.0,0.0,0.0,1.0,0.0
291157,0.0,0.0,0.0,0.0,0.0,0.0,0.0
291306,0.0,0.0,0.0,0.0,0.0,1.0,0.0
291312,0.0,0.0,0.0,0.0,0.0,2.0,0.0
291812,0.0,0.0,0.0,0.0,0.0,0.0,0.0
292914,0.0,0.0,0.0,0.0,1.0,0.0,0.0
292932,0.0,0.0,0.0,0.0,1.0,1.0,0.0
293414,0.0,0.0,0.0,0.0,0.0,1.0,0.0
293432,0.0,0.0,0.0,0.0,0.0,0.0,0.0
294643,0.0,0.0,0.0,0.0,0.0,1.0,0.0
295143,0.0,0.0,0.0,0.0,0.0,0.0,0.0
295276,0.0,0.0,0.0,0.0,0.0,1.0,0.0
295776,0.0,0.0,0.0,0.0,0.0,0.0,0.0
296086,0.0,0.0,0.0,0.0,0.0,1.0,0.0
296586,0.0,0.0,0.0,0.0,0.0,0.0,0.0
296787,0.0,0.0,0.0,0.0,0.0,1.0,0.0
297287,0.0,0.0,0.0,0.0,0.0,0.0,0.0
297421,0.0,0.0,0.0,0.0,0.0,1.0,0.0
297684,0.0,0.0,0.0,0.0,0.0,2.0,0.0
298184,0.0,0.0,0.0,0.0,0.0,0.0,0.0
298383,0.0,0.0,0.0,0.0,0.0,1.0,0.0
298883,0.0,0.0,0.0,0.0,0.0,0.0,0.0
299216,0.0,0.0,0.0,0.0,0.0,1.0,0.0
299716,0.0,0.0,0.0,0.0,0.0,0.0,0.0
299878,0.0,0.0,0.0,0.0,0.0,1.0,0.0
300378,0.0,0.0,0.0,0.0,0.0,0.0,0.0
304866,0.0,0.0,0.0,0.0,0.0,1.0,0.0
305366,0.0,0.0,0.0,0.0,0.0,0.0,0.0
310557,0.0,0.0,0.0,0.0,0.0,1.0,0.0
311057,0.0,0.0,0.0,0.0,0.0,0.0,0.0
311724,0.0,0.0,0.0,0.0,0.0,1.0,0.0
311974,0.0,0.0,0.0,0.0,0.0,2.0,0.0
312474,0.0,0.0,0.0,0.0,0.0,0.0,0.0
314565,0.0,0.0,0.0,0.0,0.0,1.0,0.0
315065,0.0,0.0,0.0,0.0,0.0,0.0,0.0
315583,0.0,0.0,0.0,0.0,0.0,1.0,0.0
316083,0.0,0.0,0.0,0.0,0.0,0.0,0.0
316568,0.0,0.0,0.0,0.0,0.0,1.0,0.0
317068,0.0,0.0,0.0,0.0,0.0,0.0,0.0
321578,0.0,0.0,0.0,0.0,0.0,1.0,0.0
321580,0.0,0.0,0.0,0.0,0.0,2.0,0.0
322080,0.0,0.0,0.0,0.0,0.0,0.0,0.0
324542,0.0,0.0,0.0,0.0,0.0,1.0,0.0
324639,0.0,0.0,0.0,0.0,0.0,2.0,0.0
325139,0.0,0.0,0.0,0.0,0.0,0.0,0.0
328503,0.0,0.0,0.0,0.0,0.0,1.0,0.0
329003,0.0,0.0,0.0,0.0,0.0,0.0,0.0
329753,0.0,0.0,0.0,0.0,0.0,1.0,0.0
330253,0.0,0.0,0.0,0.0,0.0,0.0,0.0
332386,0.0,0.0,0.0,0.0,0.0,1.0,0.0
332886,0.0,0.0,0.0,0.0,0.0,0.0,0.0
335967,0.0,0.0,0.0,0.0,0.0,1.0,0.0
336467,0.0,0.0,0.0,0.0,0.0,0.0,0.0
336844,0.0,0.0,0.0,0.0,0.0,1.0,0.0
337344,0.0,0.0,0.0,0.0,0.0,0.0,0.0
339807,0.0,0.0,0.0,0.0,0.0,1.0,0.0
340307,0.0,0.0,0.0,0.0,0.0,0.0,0.0
340487,0.0,0.0,0.0,0.0,0.0,1.0,0.0
340987,0.0,0.0,0.0,0.0,0.0,0.0,0.0
341053,0.0,0.0,0.0,0.0,0.0,1.0,0.0
341553,0.0,0.0,0.0,0.0,0.0,0.0,0.0
342087,0.0,0.0,0.0,0.0,0.0,1.0,0.0
342092,0.0,0.0,0.0,0.0,0.0,2.0,0.0
342592,0.0,0.0,0.0,0.0,0.0,0.0,0.0
343744,0.0,0.0,0.0,0.0,0.0,1.0,0.0
344244,0.0,0.0,0.0,0.0,0.0,0.0,0.0
344330,0.0,0.0,0.0,0.0,0.0,1.0,0.0
344830,0.0,0.0,0.0,0.0,0.0,0.0,0.0
346341,0.0,0.0,0.0,0.0,0.0,1.0,0.0
346343,0.0,0.0,0.0,0.0,0.0,2.0,0.0
346843,0.0,0.0,0.0,0.0,0.0,0.0,0.0
347483,0.0,0.0,0.0,0.0,0.0,1.0,0.0
347983,0.0,0.0,0.0,0.0,0.0,0.0,0.0
348102,0.0,0.0,0.0,0.0,0.0,1.0,0.0
348602,0.0,0.0,0.0,0.0,0.0,0.0,0.0
348676,0.0,0.0,0.0,0.0,0.0,1.0,0.0
349176,0.0,0.0,0.0,0.0,0.0,0.0,0.0
350102,0.0,0.0,0.0,0.0,0.0,1.0,0.0
350602,0.0,0.0,0.0,0.0,0.0,0.0,0.0
351444,0.0,0.0,0.0,0.0,0.0,1.0,0.0
351944,0.0,0.0,0.0,0.0,0.0,0.0,0.0
352019,0.0,0.0,0.0,0.0,0.0,1.0,0.0
352519,0.0,0.0,0.0,0.0,0.0,0.0,0.0
356287,0.0,0.0,0.0,0.0,0.0,1.0,0.0
356787,0.0,0.0,0.0,0.0,0.0,0.0,0.0
359241,0.0,0.0,0.0,0.0,1.0,0.0,0.0
359455,0.0,0.0,0.0,0.0,1.0,1.0,0.0
359741,0.0,0.0,0.0,0.0,0.0,1.0,0.0
359955,0.0,0.0,0.0,0.0,0.0,0.0,0.0
365445,0.0,0.0,0.0,0.0,0.0,1.0,0.0
365945,0.0,0.0,0.0,0.0,0.0,0.0,0.0
366332,0.0,0.0,0.0,0.0,0.0,1.0,0.0
366832,0.0,0.0,0.0,0.0,0.0,0.0,0.0
367108,0.0,0.0,0.0,0.0,0.0,1.0,0.0
367608,0.0,0.0,0.0,0.0,0.0,0.0,0.0
368977,0.0,0.0,0.0,0.0,0.0,1.0,0.0
369477,0.0,0.0,0.0,0.0,0.0,0.0,0.0
370160,0.0,0.0,0.0,0.0,0.0,1.0,0.0
370660,0.0,0.0,0.0,0.0,0.0,0.0,0.0
371001,0.0,0.0,0.0,0.0,0.0,1.0,0.0
371501,0.0,0.0,0.0,0.0,0.0,0.0,0.0
372746,0.0,0.0,0.0,0.0,0.0,1.0,0.0
373235,0.0,0.0,0.0,0.0,0.0,2.0,0.0
373735,0.0,0.0,0.0,0.0,0.0,0.0,0.0
374787,0.0,0.0,0.0,0.0,0.0,1.0,0.0
375287,0.0,0.0,0.0,0.0,0.0,0.0,0.0
376596,0.0,0.0,0.0,0.0,0.0,1.0,0.0
377096,0.0,0.0,0.0,0.0,0.0,0.0,0.0
377764,0.0,0.0,0.0,0.0,0.0,1.0,0.0
378264,0.0,0.0,0.0,0.0,0.0,0.0,0.0
379465,0.0,0.0,0.0,0.0,0.0,1.0,0.0
379965,0.0,0.0,0.0,0.0,0.0,0.0,0.0
380185,0.0,0.0,0.0,0.0,0.0,1.0,0.0
380685,0.0,0.0,0.0,0.0,0.0,0.0,0.0
380703,0.0,0.0,0.0,0.0,0.0,1.0,0.0
381203,0.0,0.0,0.0,0.0,0.0,0.0,0.0
382785,0.0,0.0,0.0,0.0,0.0,1.0,0.0
382788,0.0,0.0,0.0,0.0,0.0,2.0,0.0
383288,0.0,0.0,0.0,0.0,0.0,0.0,0.0
383633,0.0,0.0,0.0,0.0,0.0,1.0,0.0
384133,0.0,0.0,0.0,0.0,0.0,0.0,0.0
384571,0.0,0.0,0.0,0.0,0.0,1.0,0.0
385071,0.0,0.0,0.0,0.0,0.0,0.0,0.0
387419,0.0,0.0,0.0,0.0,0.0,1.0,0.0
387919,0.0,0.0,0.0,0.0,0.0,0.0,0.0
391261,0.0,0.0,0.0,0.0,0.0,1.0,0.0
391761,0.0,0.0,0.0,0.0,0.0,0.0,0.0
392207,0.0,0.0,0.0,0.0,0.0,1.0,0.0
392707,0.0,0.0,0.0,0.0,0.0,0.0,0.0
392760,0.0,0.0,0.0,0.0,0.0,1.0,0.0
393260,0.0,0.0,0.0,0.0,0.0,0.0,0.0
393994,0.0,0.0,0.0,0.0,0.0,1.0,0.0
394494,0.0,0.0,0.0,0.0,0.0,0.0,0.0
395453,0.0,0.0,0.0,0.0,0.0,1.0,0.0
395953,0.0,0.0,0.0,0.0,0.0,0.0,0.0
400000,0.0,0.0,0.0,0.0,0.0,0.0,1.0
400044,0.0,0.0,0.0,0.0,0.0,1.0,1.0
400069,0.0,0.0,0.0,0.0,0.0,2.0,1.0
400127,2.0,0.0,0.0,0.0,0.0,2.0,1.0
400400,2.0,2.0,0.0,0.0,0.0,2.0,1.0
400500,2.0,2.0,0.0,0.0,0.0,2.0,0.0
400569,2.0,2.0,0.0,0.0,0.0,0.0,0.0
400627,0.0,2.0,0.0,0.0,0.0,0.0,0.0
400836,0.0,2.0,0.0,0.0,1.0,0.0,0.0
400900,0.0,0.0,0.0,0.0,1.0,0.0,0.0
400992,0.0,0.0,0.0,0.0,2.0,0.0,0.0
401492,0.0,0.0,0.0,0.0,0.0,0.0,0.0
402076,0.0,0.0,0.0,0.0,0.0,1.0,0.0
402077,0.0,0.0,0.0,0.0,1.0,1.0,0.0
402078,0.0,0.0,0.0,0.0,1.0,2.0,0.0
402080,0.0,0.0,0.0,0.0,2.0,2.0,0.0
402394,0.0,0.0,1.0,0.0,2.0,2.0,0.0
402578,0.0,0.0,1.0,0.0,2.0,0.0,0.0
402580,0.0,0.0,1.0,0.0,0.0,0.0,0.0
403281,0.0,0.0,1.0,0.0,1.0,0.0,0.0
403781,0.0,0.0,1.0,0.0,0.0,0.0,0.0
405189,0.0,0.0,2.0,0.0,0.0,0.0,0.0
405689,0.0,0.0,1.0,0.0,0.0,0.0,0.0
405973,0.0,0.0,1.0,0.0,0.0,1.0,0.0
405978,0.0,0.0,1.0,0.0,0.0,2.0,0.0
406478,0.0,0.0,1.0,0.0,0.0,0.0,0.0
407976,0.0,0.0,1.0,0.0,0.0,1.0,0.0
408476,0.0,0.0,1.0,0.0,0.0,0.0,0.0
408627,0.0,0.0,1.0,0.0,0.0,1.0,0.0
409010,0.0,0.0,1.0,0.0,0.0,2.0,0.0
409012,0.0,0.0,1.0,0.0,1.0,2.0,0.0
409510,0.0,0.0,1.0,0.0,1.0,0.0,0.0
409512,0.0,0.0,1.0,0.0,0.0,0.0,0.0
410655,0.0,0.0,1.0,0.0,0.0,1.0,0.0
411155,0.0,0.0,1.0,0.0,0.0,0.0,0.0
411353,0.0,0.0,1.0,0.0,0.0,1.0,0.0
411853,0.0,0.0,1.0,0.0,0.0,0.0,0.0
412070,0.0,0.0,1.0,0.0,0.0,1.0,0.0
412089,0.0,0.0,1.0,0.0,0.0,2.0,0.0
412589,0.0,0.0,1.0,0.0,0.0,0.0,0.0
413073,0.0,0.0,1.0,0.0,0.0,1.0,0.0
413193,0.0,0.0,1.0,0.0,0.0,2.0,0.0
413693,0.0,0.0,1.0,0.0,0.0,1.0,0.0
414193,0.0,0.0,1.0,0.0,0.0,0.0,0.0
414369,0.0,0.0,1.0,0.0,0.0,1.0,0.0
414378,0.0,0.0,1.0,0.0,0.0,2.0,0.0
414878,0.0,0.0,1.0,0.0,0.0,0.0,0.0
415909,0.0,0.0,1.0,0.0,0.0,1.0,0.0
415953,0.0,0.0,1.0,0.0,0.0,2.0,0.0
416453,0.0,0.0,1.0,0.0,0.0,0.0,0.0
416743,0.0,0.0,1.0,0.0,0.0,1.0,0.0
416745,0.0,0.0,1.0,0.0,0.0,2.0,0.0
417245,0.0,0.0,1.0,0.0,0.0,0.0,0.0
417341,0.0,0.0,1.0,0.0,0.0,1.0,0.0
417841,0.0,0.0,1.0,0.0,0.0,0.0,0.0
418178,0.0,0.0,1.0,0.0,0.0,1.0,0.0
418678,0.0,0.0,1.0,0.0,0.0,0.0,0.0
418774,0.0,2.0,1.0,0.0,0.0,0.0,0.0
419274,0.0,0.0,1.0,0.0,0.0,0.0,0.0
419304,0.0,0.0,1.0,0.0,0.0,1.0,0.0
419320,0.0,0.0,1.0,0.0,0.0,2.0,0.0
419820,0.0,0.0,1.0,0.0,0.0,0.0,0.0
420017,0.0,0.0,1.0,0.0,0.0,1.0,0.0
420517,0.0,0.0,1.0,0.0,0.0,0.0,0.0
421877,0.0,0.0,1.0,0.0,0.0,1.0,0.0
422377,0.0,0.0,1.0,0.0,0.0,0.0,0.0
422851,0.0,0.0,1.0,0.0,0.0,1.0,0.0
423351,0.0,0.0,1.0,0.0,0.0,0.0,0.0
424020,0.0,0.0,1.0,0.0,0.0,1.0,0.0
424027,0.0,0.0,1.0,0.0,0.0,2.0,0.0
424527,0.0,0.0,1.0,0.0,0.0,0.0,0.0
425336,0.0,0.0,1.0,0.0,0.0,1.0,0.0
425347,0.0,0.0,1.0,0.0,0.0,2.0,0.0
425847,0.0,0.0,1.0,0.0,0.0,0.0,0.0
426335,0.0,0.0,1.0,0.0,0.0,1.0,0.0
426340,0.0,0.0,1.0,0.0,0.0,2.0,0.0
426840,0.0,0.0,1.0,0.0,0.0,0.0,0.0
426997,0.0,0.0,1.0,0.0,0.0,1.0,0.0
427497,0.0,0.0,1.0,0.0,0.0,0.0,0.0
427539,0.0,0.0,1.0,0.0,0.0,1.0,0.0
428039,0.0,0.0,1.0,0.0,0.0,0.0,0.0
428200,0.0,0.0,1.0,0.0,0.0,1.0,0.0
428700,0.0,0.0,1.0,0.0,0.0,0.0,0.0
428798,0.0,0.0,1.0,0.0,0.0,1.0,0.0
429298,0.0,0.0,1.0,0.0,0.0,0.0,0.0
430048,0.0,0.0,1.0,0.0,0.0,1.0,0.0
430548,0.0,0.0,1.0,0.0,0.0,0.0,0.0
431414,0.0,0.0,1.0,0.0,0.0,1.0,0.0
431914,0.0,0.0,1.0,0.0,0.0,0.0,0.0
432708,0.0,0.0,1.0,0.0,0.0,1.0,0.0
433208,0.0,0.0,1.0,0.0,0.0,0.0,0.0
433762,0.0,0.0,1.0,0.0,0.0,1.0,0.0
434076,0.0,0.0,1.0,0.0,0.0,2.0,0.0
434576,0.0,0.0,1.0,0.0,0.0,0.0,0.0
435428,0.0,0.0,1.0,0.0,0.0,1.0,0.0
435838,0.0,0.0,1.0,0.0,0.0,2.0,0.0
436338,0.0,0.0,1.0,0.0,0.0,0.0,0.0
436463,0.0,0.0,1.0,0.0,0.0,1.0,0.0
436963,0.0,0.0,1.0,0.0,0.0,0.0,0.0
438410,0.0,0.0,1.0,0.0,0.0,1.0,0.0
438910,0.0,0.0,1.0,0.0,0.0,0.0,0.0
439250,0.0,0.0,1.0,0.0,0.0,1.0,0.0
439750,0.0,0.0,1.0,0.0,0.0,0.0,0.0
440142,0.0,0.0,1.0,0.0,0.0,1.0,0.0
440642,0.0,0.0,1.0,0.0,0.0,0.0,0.0
440651,0.0,0.0,1.0,0.0,0.0,1.0,0.0
441143,0.0,0.0,1.0,0.0,1.0,1.0,0.0
441151,0.0,0.0,1.0,0.0,1.0,0.0,0.0
441548,0.0,0.0,1.0,0.0,1.0,1.0,0.0
441643,0.0,0.0,1.0,0.0,0.0,1.0,0.0
442048,0.0,0.0,1.0,0.0,0.0,0.0,0.0
443672,0.0,0.0,1.0,0.0,0.0,1.0,0.0
444172,0.0,0.0,1.0,0.0,0.0,0.0,0.0
444177,0.0,0.0,1.0,0.0,0.0,1.0,0.0
444677,0.0,0.0,1.0,0.0,0.0,0.0,0.0
446415,0.0,0.0,1.0,0.0,0.0,1.0,0.0
446417,0.0,0.0,1.0,0.0,0.0,2.0,0.0
446917,0.0,0.0,1.0,0.0,0.0,0.0,0.0
447611,0.0,0.0,1.0,0.0,0.0,1.0,0.0
447613,0.0,0.0,1.0,0.0,0.0,2.0,0.0
448113,0.0,0.0,1.0,0.0,0.0,0.0,0.0
448144,0.0,0.0,1.0,0.0,0.0,1.0,0.0
448644,0.0,0.0,1.0,0.0,0.0,0.0,0.0
449191,0.0,0.0,1.0,0.0,0.0,1.0,0.0
449691,0.0,0.0,1.0,0.0,0.0,0.0,0.0
450745,0.0,0.0,1.0,0.0,0.0,1.0,0.0
451245,0.0,0.0,1.0,0.0,0.0,0.0,0.0
451288,0.0,0.0,1.0,0.0,0.0,1.0,0.0
451788,0.0,0.0,1.0,0.0,0.0,0.0,0.0
452756,0.0,0.0,1.0,0.0,0.0,1.0,0.0
452758,0.0,0.0,1.0,0.0,0.0,2.0,0.0
453258,0.0,0.0,1.0,0.0,0.0,0.0,0.0
453485,0.0,0.0,1.0,0.0,0.0,1.0,0.0
453985,0.0,0.0,1.0,0.0,0.0,0.0,0.0
454738,0.0,0.0,1.0,0.0,0.0,1.0,0.0
454740,0.0,0.0,1.0,0.0,0.0,2.0,0.0
455240,0.0,0.0,1.0,0.0,0.0,0.0,0.0
455526,0.0,0.0,1.0,0.0,0.0,1.0,0.0
456026,0.0,0.0,1.0,0.0,0.0,0.0,0.0
456388,0.0,0.0,1.0,0.0,0.0,1.0,0.0
456390,0.0,0.0,1.0,0.0,0.0,2.0,0.0
456890,0.0,0.0,1.0,0.0,0.0,0.0,0.0
457850,0.0,0.0,1.0,0.0,0.0,1.0,0.0
458350,0.0,0.0,1.0,0.0,0.0,0.0,0.0
458610,0.0,0.0,1.0,0.0,0.0,1.0,0.0
458835,0.0,0.0,1.0,0.0,0.0,2.0,0.0
459335,0.0,0.0,1.0,0.0,0.0,0.0,0.0
459557,0.0,0.0,1.0,0.0,0.0,1.0,0.0
459984,0.0,0.0,1.0,0.0,0.0,2.0,0.0
460484,0.0,0.0,1.0,0.0,0.0,0.0,0.0
461108,0.0,2.0,1.0,0.0,0.0,0.0,0.0
461110,0.0,2.0,1.0,0.0,0.0,1.0,0.0
461129,0.0,2.0,1.0,0.0,0.0,2.0,0.0
461608,0.0,0.0,1.0,0.0,0.0,2.0,0.0
461629,0.0,0.0,1.0,0.0,0.0,0.0,0.0
461774,0.0,0.0,1.0,0.0,0.0,1.0,0.0
462274,0.0,0.0,1.0,0.0,0.0,0.0,0.0
462538,0.0,0.0,1.0,0.0,0.0,1.0,0.0
462552,0.0,0.0,1.0,0.0,0.0,2.0,0.0
463052,0.0,0.0,1.0,0.0,0.0,0.0,0.0
463696,0.0,0.0,1.0,0.0,0.0,1.0,0.0
464196,0.0,0.0,1.0,0.0,0.0,0.0,0.0
464497,0.0,0.0,1.0,0.0,0.0,1.0,0.0
464997,0.0,0.0,1.0,0.0,0.0,0.0,0.0
465205,0.0,0.0,1.0,0.0,0.0,1.0,0.0
465705,0.0,0.0,1.0,0.0,0.0,0.0,0.0
466168,0.0,0.0,1.0,0.0,0.0,1.0,0.0
466668,0.0,0.0,1.0,0.0,0.0,0.0,0.0
467009,0.0,0.0,1.0,0.0,0.0,1.0,0.0
467509,0.0,0.0,1.0,0.0,0.0,0.0,0.0
467648,0.0,0.0,1.0,0.0,0.0,1.0,0.0
468148,0.0,0.0,1.0,0.0,0.0,0.0,0.0
468964,0.0,0.0,1.0,0.0,0.0,1.0,0.0
469464,0.0,0.0,1.0,0.0,0.0,0.0,0.0
469968,0.0,0.0,1.0,0.0,0.0,1.0,0.0
470065,0.0,0.0,1.0,0.0,0.0,2.0,0.0
470565,0.0,0.0,1.0,0.0,0.0,0.0,0.0
470833,0.0,0.0,1.0,0.0,0.0,1.0,0.0
470835,0.0,0.0,1.0,0.0,0.0,2.0,0.0
471335,0.0,0.0,1.0,0.0,0.0,0.0,0.0
471412,0.0,2.0,1.0,0.0,0.0,0.0,0.0
471912,0.0,0.0,1.0,0.0,0.0,0.0,0.0
471984,0.0,0.0,1.0,0.0,0.0,1.0,0.0
472484,0.0,0.0,1.0,0.0,0.0,0.0,0.0
473326,0.0,0.0,1.0,0.0,0.0,1.0,0.0
473826,0.0,0.0,1.0,0.0,0.0,0.0,0.0
476013,0.0,0.0,1.0,0.0,0.0,1.0,0.0
476513,0.0,0.0,1.0,0.0,0.0,0.0,0.0
476572,0.0,0.0,1.0,0.0,0.0,1.0,0.0
476845,0.0,0.0,1.0,0.0,0.0,2.0,0.0
477345,0.0,0.0,1.0,0.0,0.0,0.0,0.0
477678,0.0,0.0,1.0,0.0,0.0,1.0,0.0
478178,0.0,0.0,1.0,0.0,0.0,0.0,0.0
478248,0.0,0.0,1.0,0.0,0.0,1.0,0.0
478748,0.0,0.0,1.0,0.0,0.0,0.0,0.0
478817,0.0,0.0,1.0,0.0,0.0,1.0,0.0
478819,0.0,0.0,1.0,0.0,0.0,2.0,0.0
479319,0.0,0.0,1.0,0.0,0.0,0.0,0.0
479369,0.0,0.0,1.0,0.0,0.0,1.0,0.0
479869,0.0,0.0,1.0,0.0,0.0,0.0,0.0
480420,0.0,0.0,1.0,0.0,0.0,1.0,0.0
480580,0.0,0.0,1.0,0.0,0.0,2.0,0.0
481080,0.0,0.0,1.0,0.0,0.0,0.0,0.0
482134,0.0,0.0,1.0,0.0,0.0,1.0,0.0
482139,0.0,0.0,1.0,0.0,0.0,2.0,0.0
482639,0.0,0.0,1.0,0.0,0.0,0.0,0.0
483187,0.0,0.0,1.0,0.0,0.0,1.0,0.0
483687,0.0,0.0,1.0,0.0,0.0,0.0,0.0
483717,0.0,0.0,1.0,0.0,0.0,1.0,0.0
484217,0.0,0.0,1.0,0.0,0.0,0.0,0.0
484277,0.0,0.0,1.0,0.0,0.0,1.0,0.0
484777,0.0,0.0,1.0,0.0,0.0,0.0,0.0
485020,0.0,0.0,1.0,0.0,0.0,1.0,0.0
485433,0.0,0.0,1.0,0.0,0.0,2.0,0.0
485933,0.0,0.0,1.0,0.0,0.0,0.0,0.0
486082,0.0,0.0,1.0,0.0,0.0,1.0,0.0
486582,0.0,0.0,1.0,0.0,0.0,0.0,0.0
486948,0.0,0.0,1.0,0.0,0.0,1.0,0.0
487448,0.0,0.0,1.0,0.0,0.0,0.0,0.0
488647,0.0,0.0,1.0,0.0,0.0,1.0,0.0
489147,0.0,0.0,1.0,0.0,0.0,0.0,0.0
489203,0.0,0.0,1.0,0.0,0.0,1.0,0.0
489208,0.0,0.0,1.0,0.0,0.0,2.0,0.0
489708,0.0,0.0,1.0,0.0,0.0,0.0,0.0
490551,0.0,0.0,1.0,0.0,0.0,1.0,0.0
491051,0.0,0.0,1.0,0.0,0.0,0.0,0.0
491313,0.0,0.0,1.0,0.0,0.0,1.0,0.0
491813,0.0,0.0,1.0,0.0,0.0,0.0,0.0
492049,0.0,0.0,1.0,0.0,0.0,1.0,0.0
492549,0.0,0.0,1.0,0.0,0.0,0.0,0.0
493464,0.0,0.0,1.0,0.0,0.0,1.0,0.0
493964,0.0,0.0,1.0,0.0,0.0,0.0,0.0
494039,0.0,0.0,1.0,0.0,0.0,1.0,0.0
494069,0.0,0.0,1.0,0.0,0.0,2.0,0.0
494569,0.0,0.0,1.0,0.0,0.0,0.0,0.0
496171,0.0,2.0,1.0,0.0,0.0,0.0,0.0
496217,0.0,2.0,1.0,0.0,0.0,1.0,0.0
496224,0.0,2.0,1.0,0.0,0.0,2.0,0.0
496671,0.0,0.0,1.0,0.0,0.0,2.0,0.0
496724,0.0,0.0,1.0,0.0,0.0,0.0,0.0
497205,0.0,0.0,1.0,0.0,0.0,1.0,0.0
497705,0.0,0.0,1.0,0.0,0.0,0.0,0.0
497714,0.0,0.0,1.0,0.0,0.0,1.0,0.0
497716,0.0,0.0,1.0,0.0,0.0,2.0,0.0
498084,0.0,0.0,1.0,0.0,1.0,2.0,0.0
498216,0.0,0.0,1.0,0.0,1.0,0.0,0.0
498602,0.0,0.0,1.0,0.0,1.0,1.0,0.0
499102,0.0,0.0,1.0,0.0,1.0,0.0,0.0
499229,0.0,0.0,1.0,0.0,1.0,1.0,0.0
499247,0.0,0.0,1.0,0.0,2.0,1.0,0.0
499729,0.0,0.0,1.0,0.0,2.0,0.0,0.0
499747,0.0,0.0,1.0,0.0,0.0,0.0,0.0
502574,0.0,0.0,1.0,0.0,0.0,1.0,0.0
503074,0.0,0.0,1.0,0.0,0.0,0.0,0.0
504645,0.0,0.0,1.0,0.0,0.0,1.0,0.0
505145,0.0,0.0,1.0,0.0,0.0,0.0,0.0
505502,0.0,0.0,1.0,0.0,0.0,1.0,0.0
506002,0.0,0.0,1.0,0.0,0.0,0.0,0.0
506151,0.0,0.0,1.0,0.0,0.0,1.0,0.0
506651,0.0,0.0,1.0,0.0,0.0,0.0,0.0
506667,0.0,0.0,1.0,0.0,0.0,1.0,0.0
507167,0.0,0.0,1.0,0.0,0.0,0.0,0.0
507189,0.0,0.0,0.0,0.0,0.0,0.0,0.0
507997,0.0,0.0,0.0,0.0,0.0,1.0,0.0
508497,0.0,0.0,0.0,0.0,0.0,0.0,0.0
511241,0.0,0.0,0.0,0.0,0.0,1.0,0.0
511250,0.0,0.0,0.0,0.0,0.0,2.0,0.0
511750,0.0,0.0,0.0,0.0,0.0,0.0,0.0
513852,0.0,0.0,0.0,0.0,0.0,1.0,0.0
514352,0.0,0.0,0.0,0.0,0.0,0.0,0.0
514983,0.0,0.0,0.0,0.0,0.0,1.0,0.0
515483,0.0,0.0,0.0,0.0,0.0,0.0,0.0
517029,0.0,0.0,0.0,0.0,0.0,1.0,0.0
517031,0.0,0.0,0.0,0.0,1.0,2.0,0.0
517531,0.0,0.0,0.0,0.0,0.0,0.0,0.0
520888,0.0,0.0,0.0,0.0,0.0,1.0,0.0
521388,0.0,0.0,0.0,0.0,0.0,0.0,0.0
523647,0.0,0.0,0.0,0.0,0.0,1.0,0.0
523661,0.0,0.0,0.0,0.0,0.0,2.0,0.0
524161,0.0,0.0,0.0,0.0,0.0,0.0,0.0
529401,0.0,0.0,0.0,0.0,0.0,1.0,0.0
529901,0.0,0.0,0.0,0.0,0.0,0.0,0.0
531385,0.0,0.0,0.0,0.0,0.0,1.0,0.0
531390,0.0,0.0,0.0,0.0,0.0,2.0,0.0
531890,0.0,0.0,0.0,0.0,0.0,0.0,0.0
533110,0.0,0.0,0.0,0.0,0.0,1.0,0.0
533610,0.0,0.0,0.0,0.0,0.0,0.0,0.0
536158,0.0,0.0,0.0,0.0,0.0,1.0,0.0
536658,0.0,0.0,0.0,0.0,0.0,0.0,0.0
538026,0.0,0.0,0.0,0.0,1.0,0.0,0.0
538220,0.0,0.0,0.0,0.0,1.0,1.0,0.0
538225,0.0,0.0,0.0,0.0,1.0,2.0,0.0
538526,0.0,0.0,0.0,0.0,0.0,2.0,0.0
538725,0.0,0.0,0.0,0.0,0.0,0.0,0.0
542804,0.0,0.0,0.0,0.0,0.0,1.0,0.0
543304,0.0,0.0,0.0,0.0,0.0,0.0,0.0
553646,0.0,0.0,0.0,0.0,0.0,1.0,0.0
554146,0.0,0.0,0.0,0.0,0.0,0.0,0.0
554558,0.0,0.0,0.0,0.0,0.0,1.0,0.0
555058,0.0,0.0,0.0,0.0,0.0,0.0,0.0
556083,0.0,0.0,0.0,0.0,0.0,1.0,0.0
556084,0.0,0.0,0.0,0.0,0.0,2.0,0.0
556584,0.0,0.0,0.0,0.0,0.0,0.0,0.0
557325,0.0,0.0,0.0,0.0,0.0,1.0,0.0
557825,0.0,0.0,0.0,0.0,0.0,0.0,0.0
559665,0.0,0.0,0.0,0.0,0.0,1.0,0.0
560165,0.0,0.0,0.0,0.0,0.0,0.0,0.0
566085,0.0,0.0,0.0,0.0,0.0,1.0,0.0
566585,0.0,0.0,0.0,0.0,0.0,0.0,0.0
567227,0.0,0.0,0.0,0.0,0.0,1.0,0.0
567727,0.0,0.0,0.0,0.0,0.0,0.0,0.0
569745,0.0,0.0,0.0,0.0,0.0,1.0,0.0
570245,0.0,0.0,0.0,0.0,0.0,0.0,0.0
577813,0.0,0.0,0.0,0.0,0.0,1.0,0.0
578313,0.0,0.0,0.0,0.0,0.0,0.0,0.0
579184,0.0,0.0,0.0,0.0,0.0,1.0,0.0
579186,0.0,0.0,0.0,0.0,0.0,2.0,0.0
579686,0.0,0.0,0.0,0.0,0.0,0.0,0.0
584979,0.0,0.0,0.0,0.0,0.0,1.0,0.0
584987,0.0,0.0,0.0,0.0,0.0,2.0,0.0
585487,0.0,0.0,0.0,0.0,0.0,0.0,0.0
589309,0.0,0.0,0.0,0.0,0.0,1.0,0.0
589315,0.0,0.0,0.0,0.0,1.0,2.0,0.0
589815,0.0,0.0,0.0,0.0,0.0,0.0,0.0
591132,0.0,0.0,0.0,0.0,0.0,1.0,0.0
591632,0.0,0.0,0.0,0.0,0.0,0.0,0.0
596788,0.0,0.0,0.0,0.0,0.0,1.0,0.0
597288,0.0,0.0,0.0,0.0,0.0,0.0,0.0
597468,0.0,0.0,0.0,0.0,0.0,1.0,0.0
597968,0.0,0.0,0.0,0.0,0.0,0.0,0.0
598353,0.0,0.0,0.0,0.0,0.0,1.0,0.0
598356,0.0,0.0,0.0,0.0,0.0,2.0,0.0
598856,0.0,0.0,0.0,0.0,0.0,0.0,0.0
599434,0.0,0.0,0.0,0.0,0.0,1.0,0.0
599934,0.0,0.0,0.0,0.0,0.0,0.0,0.0
600000,0.0,0.0,0.0,0.0,0.0,0.0,1.0
600055,0.0,0.0,0.0,0.0,0.0,1.0,1.0
600107,0.0,0.0,0.0,0.0,0.0,2.0,1.0
600159,2.0,0.0,0.0,0.0,0.0,2.0,1.0
600317,2.0,2.0,0.0,0.0,0.0,2.0,1.0
600406,2.0,2.0,0.0,0.0,1.0,2.0,1.0
600500,2.0,2.0,0.0,0.0,1.0,2.0,0.0
600522,2.0,2.0,0.0,0.0,2.0,2.0,0.0
600607,2.0,2.0,0.0,0.0,2.0,0.0,0.0
600650,2.0,2.0,0.0,0.0,2.0,1.0,0.0
600659,0.0,2.0,0.0,0.0,2.0,1.0,0.0
600671,2.0,2.0,0.0,0.0,2.0,1.0,0.0
600817,2.0,0.0,0.0,0.0,2.0,1.0,0.0
601022,2.0,0.0,0.0,0.0,0.0,1.0,0.0
601150,2.0,0.0,0.0,0.0,0.0,0.0,0.0
601156,2.0,0.0,0.0,0.0,1.0,0.0,0.0
601157,2.0,0.0,0.0,0.0,1.0,1.0,0.0
601171,0.0,0.0,0.0,0.0,1.0,1.0,0.0
601553,0.0,0.0,0.0,0.0,1.0,2.0,0.0
601656,0.0,0.0,0.0,0.0,0.0,2.0,0.0
602053,0.0,0.0,0.0,0.0,0.0,0.0,0.0
602358,0.0,0.0,0.0,0.0,0.0,1.0,0.0
602620,0.0,0.0,1.0,0.0,0.0,1.0,0.0
602858,0.0,0.0,1.0,0.0,0.0,0.0,0.0
603646,0.0,0.0,1.0,0.0,0.0,1.0,0.0
603662,0.0,0.0,1.0,0.0,0.0,2.0,0.0
604162,0.0,0.0,1.0,0.0,0.0,0.0,0.0
604196,0.0,0.0,1.0,0.0,0.0,1.0,0.0
604484,0.0,0.0,1.0,0.0,0.0,2.0,0.0
604866,0.0,0.0,2.0,0.0,0.0,2.0,0.0
604984,0.0,0.0,2.0,0.0,0.0,0.0,0.0
605064,0.0,0.0,2.0,0.0,0.0,1.0,0.0
605092,0.0,0.0,2.0,0.0,0.0,2.0,0.0
605366,0.0,0.0,0.0,0.0,0.0,2.0,0.0
605387,0.0,0.0,1.0,0.0,0.0,2.0,0.0
605592,0.0,0.0,1.0,0.0,0.0,0.0,0.0
605654,0.0,0.0,1.0,0.0,0.0,1.0,0.0
605887,0.0,0.0,0.0,0.0,0.0,1.0,0.0
606154,0.0,0.0,0.0,0.0,0.0,0.0,0.0
606753,0.0,0.0,0.0,0.0,0.0,1.0,0.0
607253,0.0,0.0,0.0,0.0,0.0,0.0,0.0
608079,0.0,0.0,0.0,0.0,0.0,1.0,0.0
608579,0.0,0.0,0.0,0.0,0.0,0.0,0.0
608719,0.0,0.0,0.0,0.0,0.0,1.0,0.0
608730,0.0,0.0,0.0,0.0,0.0,2.0,0.0
608853,0.0,0.0,1.0,0.0,0.0,2.0,0.0
609230,0.0,0.0,1.0,0.0,0.0,0.0,0.0
610653,0.0,0.0,1.0,0.0,0.0,1.0,0.0
610686,0.0,0.0,1.0,0.0,0.0,2.0,0.0
611186,0.0,0.0,1.0,0.0,0.0,0.0,0.0
612353,0.0,0.0,0.0,0.0,0.0,0.0,0.0
612977,0.0,0.0,0.0,0.0,0.0,1.0,0.0
613477,0.0,0.0,0.0,0.0,0.0,0.0,0.0
613503,0.0,0.0,1.0,0.0,0.0,0.0,0.0
613905,0.0,0.0,1.0,0.0,0.0,1.0,0.0
613914,0.0,0.0,1.0,0.0,0.0,2.0,0.0
614414,0.0,0.0,1.0,0.0,0.0,0.0,0.0
615003,0.0,0.0,0.0,0.0,0.0,0.0,0.0
615883,0.0,0.0,0.0,0.0,0.0,1.0,0.0
616383,0.0,0.0,0.0,0.0,0.0,0.0,0.0
616505,0.0,0.0,0.0,0.0,0.0,1.0,0.0
616547,0.0,0.0,0.0,0.0,0.0,2.0,0.0
616819,0.0,0.0,1.0,0.0,0.0,2.0,0.0
617047,0.0,0.0,1.0,0.0,0.0,0.0,0.0
617227,0.0,2.0,1.0,0.0,0.0,0.0,0.0
617278,0.0,2.0,1.0,0.0,1.0,0.0,0.0
617338,0.0,2.0,1.0,0.0,2.0,0.0,0.0
617727,0.0,0.0,1.0,0.0,2.0,0.0,0.0
617838,0.0,0.0,1.0,0.0,0.0,0.0,0.0
617988,0.0,0.0,1.0,0.0,0.0,1.0,0.0
618036,0.0,0.0,1.0,0.0,0.0,2.0,0.0
618536,0.0,0.0,1.0,0.0,0.0,0.0,0.0
618609,0.0,0.0,1.0,0.0,0.0,1.0,0.0
618614,0.0,0.0,1.0,0.0,0.0,2.0,0.0
618632,0.0,0.0,1.0,0.0,1.0,2.0,0.0
619114,0.0,0.0,1.0,0.0,1.0,0.0,0.0
619366,0.0,0.0,1.0,0.0,1.0,1.0,0.0
619866,0.0,0.0,1.0,0.0,1.0,0.0,0.0
619920,0.0,0.0,1.0,0.0,1.0,1.0,0.0
619933,0.0,0.0,1.0,0.0,1.0,2.0,0.0
620132,0.0,0.0,1.0,0.0,0.0,2.0,0.0
620149,0.0,0.0,1.0,0.0,1.0,2.0,0.0
620433,0.0,0.0,1.0,0.0,1.0,0.0,0.0
621486,0.0,0.0,1.0,0.0,1.0,1.0,0.0
621504,0.0,0.0,1.0,0.0,1.0,2.0,0.0
621649,0.0,0.0,1.0,0.0,0.0,2.0,0.0
622004,0.0,0.0,1.0,0.0,0.0,0.0,0.0
622184,0.0,0.0,1.0,0.0,0.0,1.0,0.0
622281,0.0,0.0,1.0,0.0,0.0,2.0,0.0
622781,0.0,0.0,1.0,0.0,0.0,0.0,0.0
624894,0.0,0.0,1.0,0.0,0.0,1.0,0.0
624907,0.0,0.0,1.0,0.0,0.0,2.0,0.0
625407,0.0,0.0,1.0,0.0,0.0,0.0,0.0
625460,0.0,0.0,1.0,0.0,0.0,1.0,0.0
625490,0.0,0.0,1.0,0.0,0.0,2.0,0.0
625990,0.0,0.0,1.0,0.0,0.0,0.0,0.0
626859,0.0,0.0,1.0,0.0,0.0,1.0,0.0
627361,0.0,0.0,1.0,0.0,0.0,2.0,0.0
627861,0.0,0.0,1.0,0.0,0.0,0.0,0.0
628536,0.0,0.0,1.0,0.0,0.0,1.0,0.0
628543,0.0,0.0,1.0,0.0,0.0,2.0,0.0
629043,0.0,0.0,1.0,0.0,0.0,0.0,0.0
629705,0.0,0.0,1.0,0.0,0.0,1.0,0.0
630205,0.0,0.0,1.0,0.0,0.0,0.0,0.0
630314,0.0,0.0,1.0,0.0,0.0,1.0,0.0
630814,0.0,0.0,1.0,0.0,0.0,0.0,0.0
631151,0.0,0.0,1.0,0.0,0.0,1.0,0.0
631651,0.0,0.0,1.0,0.0,0.0,0.0,0.0
631863,0.0,0.0,1.0,0.0,0.0,1.0,0.0
632363,0.0,0.0,1.0,0.0,0.0,0.0,0.0
632685,0.0,0.0,1.0,0.0,0.0,1.0,0.0
633078,0.0,0.0,1.0,0.0,0.0,2.0,0.0
633578,0.0,0.0,1.0,0.0,0.0,0.0,0.0
633594,0.0,0.0,1.0,0.0,0.0,1.0,0.0
633598,0.0,0.0,1.0,0.0,0.0,2.0,0.0
634098,0.0,0.0,1.0,0.0,0.0,0.0,0.0
635206,0.0,0.0,1.0,0.0,0.0,1.0,0.0
635706,0.0,0.0,1.0,0.0,0.0,0.0,0.0
636116,0.0,0.0,1.0,0.0,0.0,1.0,0.0
636118,0.0,0.0,1.0,0.0,0.0,2.0,0.0
636618,0.0,0.0,1.0,0.0,0.0,0.0,0.0
637140,0.0,0.0,1.0,0.0,0.0,1.0,0.0
637640,0.0,0.0,1.0,0.0,0.0,0.0,0.0
638636,0.0,0.0,1.0,0.0,0.0,1.0,0.0
639136,0.0,0.0,1.0,0.0,0.0,0.0,0.0
639451,0.0,0.0,1.0,0.0,0.0,1.0,0.0
639457,0.0,0.0,1.0,0.0,0.0,2.0,0.0
639957,0.0,0.0,1.0,0.0,0.0,0.0,0.0
640193,0.0,0.0,1.0,0.0,0.0,1.0,0.0
640693,0.0,0.0,1.0,0.0,0.0,0.0,0.0
640886,0.0,0.0,1.0,0.0,0.0,1.0,0.0
641060,0.0,0.0,1.0,0.0,0.0,2.0,0.0
641080,0.0,0.0,1.0,0.0,1.0,2.0,0.0
641560,0.0,0.0,1.0,0.0,1.0,0.0,0.0
641580,0.0,0.0,1.0,0.0,0.0,0.0,0.0
642428,0.0,0.0,1.0,0.0,0.0,1.0,0.0
642928,0.0,0.0,1.0,0.0,0.0,0.0,0.0
643179,0.0,0.0,1.0,0.0,0.0,1.0,0.0
643339,0.0,0.0,1.0,0.0,0.0,2.0,0.0
643679,0.0,2.0,1.0,0.0,0.0,2.0,0.0
643839,0.0,2.0,1.0,0.0,0.0,0.0,0.0
644179,0.0,0.0,1.0,0.0,0.0,0.0,0.0
644203,0.0,0.0,1.0,0.0,0.0,1.0,0.0
644208,0.0,0.0,1.0,0.0,0.0,2.0,0.0
644708,0.0,0.0,1.0,0.0,0.0,0.0,0.0
645390,0.0,0.0,1.0,0.0,0.0,1.0,0.0
645578,0.0,0.0,1.0,0.0,0.0,2.0,0.0
646078,0.0,0.0,1.0,0.0,0.0,0.0,0.0
646154,0.0,0.0,1.0,0.0,0.0,1.0,0.0
646520,0.0,0.0,1.0,0.0,0.0,2.0,0.0
647020,0.0,0.0,1.0,0.0,0.0,0.0,0.0
647811,0.0,0.0,1.0,0.0,0.0,1.0,0.0
648311,0.0,0.0,1.0,0.0,0.0,0.0,0.0
648328,0.0,0.0,1.0,0.0,0.0,1.0,0.0
648454,0.0,0.0,1.0,0.0,0.0,2.0,0.0
648954,0.0,0.0,1.0,0.0,0.0,0.0,0.0
650168,0.0,0.0,1.0,0.0,0.0,1.0,0.0
650668,0.0,0.0,1.0,0.0,0.0,0.0,0.0
651625,0.0,0.0,1.0,0.0,0.0,1.0,0.0
651628,0.0,0.0,1.0,0.0,0.0,2.0,0.0
651629,0.0,0.0,1.0,0.0,1.0,2.0,0.0
651631,0.0,0.0,1.0,0.0,2.0,2.0,0.0
652128,0.0,0.0,1.0,0.0,2.0,0.0,0.0
652131,0.0,0.0,1.0,0.0,0.0,0.0,0.0
653792,0.0,0.0,1.0,0.0,0.0,1.0,0.0
654292,0.0,0.0,1.0,0.0,0.0,0.0,0.0
654587,0.0,0.0,1.0,0.0,0.0,1.0,0.0
654589,0.0,0.0,1.0,0.0,0.0,2.0,0.0
654839,0.0,2.0,1.0,0.0,0.0,2.0,0.0
655089,0.0,2.0,1.0,0.0,0.0,0.0,0.0
655137,0.0,2.0,1.0,0.0,0.0,1.0,0.0
655339,0.0,0.0,1.0,0.0,0.0,1.0,0.0
655637,0.0,0.0,1.0,0.0,0.0,0.0,0.0
655868,0.0,0.0,1.0,0.0,0.0,1.0,0.0
656368,0.0,0.0,1.0,0.0,0.0,0.0,0.0
656507,0.0,0.0,1.0,0.0,0.0,1.0,0.0
656559,0.0,0.0,1.0,0.0,0.0,2.0,0.0
657059,0.0,0.0,1.0,0.0,0.0,0.0,0.0
658174,0.0,0.0,1.0,0.0,0.0,1.0,0.0
658674,0.0,0.0,1.0,0.0,0.0,0.0,0.0
658848,0.0,0.0,1.0,0.0,0.0,1.0,0.0
659348,0.0,0.0,1.0,0.0,0.0,0.0,0.0
659621,0.0,0.0,1.0,0.0,0.0,1.0,0.0
660121,0.0,0.0,1.0,0.0,0.0,0.0,0.0
660235,0.0,0.0,1.0,0.0,0.0,1.0,0.0
660735,0.0,0.0,1.0,0.0,0.0,0.0,0.0
660854,0.0,0.0,1.0,0.0,0.0,1.0,0.0
661354,0.0,0.0,1.0,0.0,0.0,0.0,0.0
661896,0.0,0.0,1.0,0.0,0.0,1.0,0.0
662396,0.0,0.0,1.0,0.0,0.0,0.0,0.0
663858,0.0,0.0,1.0,0.0,0.0,1.0,0.0
663860,0.0,0.0,1.0,0.0,0.0,2.0,0.0
664360,0.0,0.0,1.0,0.0,0.0,0.0,0.0
664688,0.0,0.0,1.0,0.0,0.0,1.0,0.0
664704,0.0,0.0,1.0,0.0,0.0,2.0,0.0
664721,0.0,0.0,1.0,0.0,1.0,2.0,0.0
664728,0.0,0.0,1.0,0.0,2.0,2.0,0.0
665204,0.0,0.0,1.0,0.0,2.0,0.0,0.0
665228,0.0,0.0,1.0,0.0,0.0,0.0,0.0
665526,0.0,0.0,1.0,0.0,0.0,1.0,0.0
665843,0.0,0.0,1.0,0.0,0.0,2.0,0.0
666343,0.0,0.0,1.0,0.0,0.0,0.0,0.0
667063,0.0,0.0,1.0,0.0,0.0,1.0,0.0
667563,0.0,0.0,1.0,0.0,0.0,0.0,0.0
667635,0.0,0.0,1.0,0.0,0.0,1.0,0.0
668135,0.0,0.0,1.0,0.0,0.0,0.0,0.0
668479,0.0,0.0,1.0,0.0,0.0,1.0,0.0
668481,0.0,0.0,1.0,0.0,0.0,2.0,0.0
668981,0.0,0.0,1.0,0.0,0.0,0.0,0.0
669127,0.0,0.0,1.0,0.0,0.0,1.0,0.0
669627,0.0,0.0,1.0,0.0,0.0,0.0,0.0
670004,0.0,0.0,1.0,0.0,0.0,1.0,0.0
670504,0.0,0.0,1.0,0.0,0.0,0.0,0.0
671215,0.0,0.0,1.0,0.0,0.0,1.0,0.0
671715,0.0,0.0,1.0,0.0,0.0,0.0,0.0
672174,0.0,0.0,1.0,0.0,0.0,1.0,0.0
672674,0.0,0.0,1.0,0.0,0.0,0.0,0.0
673825,0.0,0.0,1.0,0.0,0.0,1.0,0.0
673872,0.0,0.0,1.0,0.0,0.0,2.0,0.0
674372,0.0,0.0,1.0,0.0,0.0,0.0,0.0
674888,0.0,0.0,1.0,0.0,0.0,1.0,0.0
675388,0.0,0.0,1.0,0.0,0.0,0.0,0.0
676195,0.0,0.0,1.0,0.0,0.0,1.0,0.0
676695,0.0,0.0,1.0,0.0,0.0,0.0,0.0
677029,0.0,0.0,1.0,0.0,0.0,1.0,0.0
677529,0.0,0.0,1.0,0.0,0.0,0.0,0.0
677545,0.0,0.0,1.0,0.0,0.0,1.0,0.0
678045,0.0,0.0,1.0,0.0,0.0,0.0,0.0
678796,0.0,0.0,1.0,0.0,0.0,1.0,0.0
679131,0.0,0.0,1.0,0.0,0.0,2.0,0.0
679631,0.0,0.0,1.0,0.0,0.0,0.0,0.0
679899,0.0,0.0,1.0,0.0,0.0,1.0,0.0
680399,0.0,0.0,1.0,0.0,0.0,0.0,0.0
681473,0.0,0.0,1.0,0.0,0.0,1.0,0.0
681973,0.0,0.0,1.0,0.0,0.0,0.0,0.0
682185,0.0,0.0,1.0,0.0,0.0,1.0,0.0
682685,0.0,0.0,1.0,0.0,0.0,0.0,0.0
683675,0.0,0.0,1.0,0.0,0.0,1.0,0.0
684175,0.0,0.0,1.0,0.0,0.0,0.0,0.0
684532,0.0,0.0,1.0,0.0,0.0,1.0,0.0
684727,0.0,0.0,1.0,0.0,0.0,2.0,0.0
685227,0.0,0.0,1.0,0.0,0.0,0.0,0.0
685237,0.0,0.0,1.0,0.0,0.0,1.0,0.0
685737,0.0,0.0,1.0,0.0,0.0,0.0,0.0
686004,0.0,0.0,1.0,0.0,0.0,1.0,0.0
686085,0.0,0.0,1.0,0.0,0.0,2.0,0.0
686585,0.0,0.0,1.0,0.0,0.0,0.0,0.0
686760,0.0,0.0,1.0,0.0,1.0,0.0,0.0
686846,0.0,2.0,1.0,0.0,1.0,0.0,0.0
686864,0.0,2.0,1.0,0.0,2.0,0.0,0.0
687061,0.0,2.0,1.0,0.0,2.0,1.0,0.0
687205,0.0,2.0,1.0,0.0,2.0,2.0,0.0
687346,0.0,0.0,1.0,0.0,2.0,2.0,0.0
687364,0.0,0.0,1.0,0.0,0.0,2.0,0.0
687705,0.0,0.0,1.0,0.0,0.0,0.0,0.0
687843,0.0,0.0,1.0,0.0,0.0,1.0,0.0
687853,0.0,0.0,1.0,0.0,0.0,2.0,0.0
688353,0.0,0.0,1.0,0.0,0.0,0.0,0.0
689301,0.0,0.0,1.0,0.0,0.0,1.0,0.0
689801,0.0,0.0,1.0,0.0,0.0,0.0,0.0
689825,0.0,0.0,1.0,0.0,0.0,1.0,0.0
690325,0.0,0.0,1.0,0.0,0.0,0.0,0.0
691107,0.0,0.0,1.0,0.0,0.0,1.0,0.0
691113,0.0,0.0,1.0,0.0,0.0,2.0,0.0
691613,0.0,0.0,1.0,0.0,0.0,0.0,0.0
693440,0.0,0.0,1.0,0.0,0.0,1.0,0.0
693448,0.0,0.0,1.0,0.0,0.0,2.0,0.0
693948,0.0,0.0,1.0,0.0,0.0,0.0,0.0
694016,0.0,0.0,1.0,0.0,0.0,1.0,0.0
694516,0.0,0.0,1.0,0.0,0.0,0.0,0.0
694747,0.0,0.0,1.0,0.0,0.0,1.0,0.0
695247,0.0,0.0,1.0,0.0,0.0,0.0,0.0
699228,0.0,0.0,1.0,0.0,0.0,1.0,0.0
699728,0.0,0.0,1.0,0.0,0.0,0.0,0.0
699789,0.0,0.0,1.0,0.0,0.0,1.0,0.0
700289,0.0,0.0,1.0,0.0,0.0,0.0,0.0
702319,0.0,0.0,0.0,0.0,0.0,0.0,0.0
703509,0.0,0.0,0.0,0.0,0.0,1.0,0.0
704009,0.0,0.0,0.0,0.0,0.0,0.0,0.0
704212,0.0,0.0,0.0,0.0,0.0,1.0,0.0
704712,0.0,0.0,0.0,0.0,0.0,0.0,0.0
705471,0.0,0.0,0.0,0.0,0.0,1.0,0.0
705971,0.0,0.0,0.0,0.0,0.0,0.0,0.0
706398,0.0,0.0,0.0,0.0,0.0,1.0,0.0
706898,0.0,0.0,0.0,0.0,0.0,0.0,0.0
706968,0.0,0.0,0.0,0.0,0.0,1.0,0.0
707468,0.0,0.0,0.0,0.0,0.0,0.0,0.0
707491,0.0,0.0,0.0,0.0,0.0,1.0,0.0
707991,0.0,0.0,0.0,0.0,0.0,0.0,0.0
709825,0.0,0.0,0.0,0.0,0.0,1.0,0.0
710325,0.0,0.0,0.0,0.0,0.0,0.0,0.0
713802,0.0,0.0,0.0,0.0,0.0,1.0,0.0
714302,0.0,0.0,0.0,0.0,0.0,0.0,0.0
715114,0.0,0.0,0.0,0.0,0.0,1.0,0.0
715117,0.0,0.0,0.0,0.0,0.0,2.0,0.0
715617,0.0,0.0,0.0,0.0,0.0,0.0,0.0
716428,0.0,0.0,0.0,0.0,0.0,1.0,0.0
716928,0.0,0.0,0.0,0.0,0.0,0.0,0.0
718871,0.0,0.0,0.0,0.0,1.0,0.0,0.0
719371,0.0,0.0,0.0,0.0,0.0,0.0,0.0
721898,0.0,0.0,0.0,0.0,0.0,1.0,0.0
721900,0.0,0.0,0.0,0.0,0.0,2.0,0.0
722400,0.0,0.0,0.0,0.0,0.0,0.0,0.0
723016,0.0,0.0,0.0,0.0,0.0,1.0,0.0
723516,0.0,0.0,0.0,0.0,0.0,0.0,0.0
725221,0.0,0.0,0.0,0.0,0.0,1.0,0.0
725222,0.0,0.0,0.0,0.0,0.0,2.0,0.0
725722,0.0,0.0,0.0,0.0,0.0,0.0,0.0
728935,0.0,0.0,0.0,0.0,0.0,1.0,0.0
729435,0.0,0.0,0.0,0.0,0.0,0.0,0.0
729604,0.0,0.0,0.0,0.0,0.0,1.0,0.0
730104,0.0,0.0,0.0,0.0,0.0,0.0,0.0
732646,0.0,0.0,0.0,0.0,0.0,1.0,0.0
733146,0.0,0.0,0.0,0.0,0.0,0.0,0.0
738104,0.0,0.0,0.0,0.0,0.0,1.0,0.0
738604,0.0,0.0,0.0,0.0,0.0,0.0,0.0
739293,0.0,0.0,0.0,0.0,0.0,1.0,0.0
739793,0.0,0.0,0.0,0.0,0.0,0.0,0.0
741596,0.0,0.0,0.0,0.0,0.0,1.0,0.0
742096,0.0,0.0,0.0,0.0,0.0,0.0,0.0
751270,0.0,0.0,0.0,0.0,0.0,1.0,0.0
751770,0.0,0.0,0.0,0.0,0.0,0.0,0.0
753861,0.0,0.0,0.0,0.0,0.0,1.0,0.0
754361,0.0,0.0,0.0,0.0,0.0,0.0,0.0
754679,0.0,0.0,0.0,0.0,0.0,1.0,0.0
755179,0.0,0.0,0.0,0.0,0.0,0.0,0.0
755489,0.0,0.0,0.0,0.0,1.0,0.0,0.0
755989,0.0,0.0,0.0,0.0,0.0,0.0,0.0
757318,0.0,0.0,0.0,0.0,0.0,1.0,0.0
757818,0.0,0.0,0.0,0.0,0.0,0.0,0.0
758832,0.0,0.0,0.0,0.0,0.0,1.0,0.0
759332,0.0,0.0,0.0,0.0,0.0,0.0,0.0
760103,0.0,0.0,0.0,0.0,0.0,1.0,0.0
760110,0.0,0.0,0.0,0.0,0.0,2.0,0.0
760610,0.0,0.0,0.0,0.0,0.0,0.0,0.0
766462,0.0,0.0,0.0,0.0,0.0,1.0,0.0
766962,0.0,0.0,0.0,0.0,0.0,0.0,0.0
767132,0.0,0.0,0.0,0.0,0.0,1.0,0.0
767137,0.0,0.0,0.0,0.0,0.0,2.0,0.0
767637,0.0,0.0,0.0,0.0,0.0,0.0,0.0
768236,0.0,0.0,0.0,0.0,0.0,1.0,0.0
768238,0.0,0.0,0.0,0.0,0.0,2.0,0.0
768738,0.0,0.0,0.0,0.0,0.0,0.0,0.0
771010,0.0,0.0,0.0,0.0,0.0,1.0,0.0
771011,0.0,0.0,0.0,0.0,0.0,2.0,0.0
771511,0.0,0.0,0.0,0.0,0.0,0.0,0.0
780794,0.0,0.0,0.0,0.0,0.0,1.0,0.0
780797,0.0,0.0,0.0,0.0,0.0,2.0,0.0
781297,0.0,0.0,0.0,0.0,0.0,0.0,0.0
785079,0.0,0.0,0.0,0.0,0.0,1.0,0.0
785579,0.0,0.0,0.0,0.0,0.0,0.0,0.0
788245,0.0,0.0,0.0,0.0,0.0,1.0,0.0
788745,0.0,0.0,0.0,0.0,0.0,0.0,0.0
793401,0.0,0.0,0.0,0.0,1.0,0.0,0.0
793537,0.0,0.0,0.0,0.0,1.0,1.0,0.0
793901,0.0,0.0,0.0,0.0,0.0,1.0,0.0
794037,0.0,0.0,0.0,0.0,0.0,0.0,0.0
800000,0.0,0.0,0.0,0.0,0.0,0.0,1.0
800086,0.0,0.0,0.0,0.0,0.0,1.0,1.0
800137,0.0,0.0,0.0,0.0,0.0,2.0,1.0
800351,2.0,0.0,0.0,0.0,0.0,2.0,1.0
800418,2.0,2.0,0.0,0.0,0.0,2.0,1.0
800452,2.0,2.0,0.0,0.0,1.0,2.0,1.0
800500,2.0,2.0,0.0,0.0,1.0,2.0,0.0
800524,2.0,2.0,0.0,0.0,2.0,2.0,0.0
800637,2.0,2.0,0.0,0.0,2.0,0.0,0.0
800851,0.0,2.0,0.0,0.0,2.0,0.0,0.0
800918,0.0,0.0,0.0,0.0,2.0,0.0,0.0
801024,0.0,0.0,0.0,0.0,0.0,0.0,0.0
801790,0.0,0.0,0.0,0.0,0.0,1.0,0.0
802234,0.0,0.0,0.0,0.0,0.0,2.0,0.0
802244,0.0,0.0,0.0,0.0,1.0,2.0,0.0
802388,0.0,0.0,1.0,0.0,1.0,2.0,0.0
802734,0.0,0.0,1.0,0.0,1.0,0.0,0.0
802744,0.0,0.0,1.0,0.0,0.0,0.0,0.0
802889,0.0,0.0,1.0,0.0,0.0,1.0,0.0
803389,0.0,0.0,1.0,0.0,0.0,0.0,0.0
804107,0.0,0.0,1.0,0.0,0.0,1.0,0.0
804367,0.0,0.0,1.0,0.0,0.0,2.0,0.0
804867,0.0,0.0,1.0,0.0,0.0,0.0,0.0
805474,0.0,0.0,2.0,0.0,0.0,0.0,0.0
805591,0.0,0.0,2.0,0.0,0.0,1.0,0.0
805603,0.0,0.0,2.0,0.0,0.0,2.0,0.0
805974,0.0,0.0,0.0,0.0,0.0,2.0,0.0
806103,0.0,0.0,0.0,0.0,0.0,0.0,0.0
807634,0.0,0.0,0.0,0.0,0.0,1.0,0.0
807636,0.0,0.0,0.0,0.0,0.0,2.0,0.0
808136,0.0,0.0,0.0,0.0,0.0,0.0,0.0
808222,0.0,0.0,0.0,0.0,0.0,1.0,0.0
808302,0.0,0.0,0.0,0.0,0.0,2.0,0.0
808331,0.0,0.0,0.0,0.0,1.0,2.0,0.0
808353,0.0,0.0,0.0,0.0,2.0,2.0,0.0
808355,0.0,0.0,1.0,0.0,2.0,2.0,0.0
808802,0.0,0.0,1.0,0.0,2.0,0.0,0.0
808853,0.0,0.0,1.0,0.0,0.0,0.0,0.0
809091,0.0,0.0,1.0,0.0,0.0,1.0,0.0
809591,0.0,0.0,1.0,0.0,0.0,0.0,0.0
809690,0.0,0.0,1.0,0.0,1.0,0.0,0.0
809692,0.0,0.0,1.0,0.0,2.0,0.0,0.0
810192,0.0,0.0,1.0,0.0,0.0,0.0,0.0
810213,0.0,0.0,1.0,0.0,0.0,1.0,0.0
810713,0.0,0.0,1.0,0.0,0.0,0.0,0.0
811855,0.0,0.0,0.0,0.0,0.0,0.0,0.0
811858,0.0,0.0,1.0,0.0,0.0,0.0,0.0
812358,0.0,0.0,0.0,0.0,0.0,0.0,0.0
812538,0.0,0.0,0.0,0.0,0.0,1.0,0.0
812540,0.0,0.0,0.0,0.0,0.0,2.0,0.0
812769,0.0,0.0,1.0,0.0,0.0,2.0,0.0
813040,0.0,0.0,1.0,0.0,0.0,0.0,0.0
813572,0.0,0.0,1.0,0.0,0.0,1.0,0.0
813769,0.0,0.0,0.0,0.0,0.0,1.0,0.0
814072,0.0,0.0,0.0,0.0,0.0,0.0,0.0
814446,0.0,0.0,0.0,0.0,0.0,1.0,0.0
814450,0.0,0.0,0.0,0.0,0.0,2.0,0.0
814950,0.0,0.0,0.0,0.0,0.0,0.0,0.0
815341,0.0,0.0,0.0,0.0,0.0,1.0,0.0
815897,0.0,0.0,1.0,0.0,0.0,1.0,0.0
816104,0.0,0.0,1.0,0.0,0.0,2.0,0.0
816125,0.0,2.0,1.0,0.0,0.0,2.0,0.0
816580,0.0,2.0,1.0,0.0,1.0,2.0,0.0
816604,0.0,2.0,1.0,0.0,1.0,0.0,0.0
816625,0.0,0.0,1.0,0.0,1.0,0.0,0.0
816718,0.0,0.0,1.0,0.0,1.0,1.0,0.0
816767,0.0,0.0,1.0,0.0,1.0,2.0,0.0
817080,0.0,0.0,1.0,0.0,0.0,2.0,0.0
817267,0.0,0.0,1.0,0.0,0.0,0.0,0.0
817289,0.0,0.0,1.0,0.0,0.0,1.0,0.0
817789,0.0,0.0,1.0,0.0,0.0,0.0,0.0
818133,0.0,0.0,1.0,0.0,0.0,1.0,0.0
818633,0.0,0.0,1.0,0.0,0.0,0.0,0.0
823018,0.0,0.0,1.0,0.0,0.0,1.0,0.0
823518,0.0,0.0,1.0,0.0,0.0,0.0,0.0
823626,0.0,0.0,1.0,0.0,0.0,1.0,0.0
824126,0.0,0.0,1.0,0.0,0.0,0.0,0.0
824732,0.0,0.0,1.0,0.0,0.0,1.0,0.0
825232,0.0,0.0,1.0,0.0,0.0,0.0,0.0
825574,0.0,0.0,1.0,0.0,0.0,1.0,0.0
825578,0.0,0.0,1.0,0.0,0.0,2.0,0.0
826078,0.0,0.0,1.0,0.0,0.0,0.0,0.0
826918,0.0,0.0,1.0,0.0,0.0,1.0,0.0
827104,0.0,0.0,1.0,0.0,0.0,2.0,0.0
827604,0.0,0.0,1.0,0.0,0.0,0.0,0.0
827851,0.0,0.0,1.0,0.0,0.0,1.0,0.0
827878,0.0,0.0,1.0,0.0,0.0,2.0,0.0
828378,0.0,0.0,1.0,0.0,0.0,0.0,0.0
828631,0.0,0.0,1.0,0.0,0.0,1.0,0.0
829131,0.0,0.0,1.0,0.0,0.0,0.0,0.0
831335,0.0,0.0,1.0,0.0,0.0,1.0,0.0
831835,0.0,0.0,1.0,0.0,0.0,0.0,0.0
832113,0.0,0.0,1.0,0.0,0.0,1.0,0.0
832613,0.0,0.0,1.0,0.0,0.0,0.0,0.0
832800,0.0,0.0,1.0,0.0,0.0,1.0,0.0
833300,0.0,0.0,1.0,0.0,0.0,0.0,0.0
833489,0.0,0.0,1.0,0.0,0.0,1.0,0.0
833522,0.0,0.0,1.0,0.0,0.0,2.0,0.0
834022,0.0,0.0,1.0,0.0,0.0,0.0,0.0
834822,0.0,0.0,1.0,0.0,0.0,1.0,0.0
835322,0.0,0.0,1.0,0.0,0.0,0.0,0.0
835325,0.0,0.0,1.0,0.0,0.0,1.0,0.0
835825,0.0,0.0,1.0,0.0,0.0,0.0,0.0
836182,0.0,0.0,1.0,0.0,0.0,1.0,0.0
836682,0.0,0.0,1.0,0.0,0.0,0.0,0.0
837397,0.0,0.0,0.0,0.0,0.0,0.0,0.0
837417,0.0,0.0,1.0,0.0,0.0,0.0,0.0
837753,0.0,0.0,1.0,0.0,0.0,1.0,0.0
838253,0.0,0.0,1.0,0.0,0.0,0.0,0.0
838510,0.0,0.0,1.0,0.0,0.0,1.0,0.0
838525,0.0,0.0,1.0,0.0,0.0,2.0,0.0
839025,0.0,0.0,1.0,0.0,0.0,0.0,0.0
839136,0.0,0.0,1.0,0.0,0.0,1.0,0.0
839636,0.0,0.0,1.0,0.0,0.0,0.0,0.0
839776,0.0,0.0,1.0,0.0,0.0,1.0,0.0
839917,0.0,0.0,0.0,0.0,0.0,1.0,0.0
840276,0.0,0.0,0.0,0.0,0.0,0.0,0.0
840337,0.0,0.0,0.0,0.0,0.0,1.0,0.0
840837,0.0,0.0,0.0,0.0,0.0,0.0,0.0
840976,0.0,0.0,0.0,0.0,0.0,1.0,0.0
840984,0.0,0.0,0.0,0.0,0.0,2.0,0.0
841484,0.0,0.0,0.0,0.0,0.0,0.0,0.0
841748,0.0,0.0,0.0,0.0,0.0,1.0,0.0
842248,0.0,0.0,0.0,0.0,0.0,0.0,0.0
842640,0.0,0.0,0.0,0.0,0.0,1.0,0.0
843140,0.0,0.0,0.0,0.0,0.0,0.0,0.0
843234,0.0,0.0,0.0,0.0,0.0,1.0,0.0
843272,0.0,0.0,0.0,0.0,0.0,2.0,0.0
843772,0.0,0.0,0.0,0.0,0.0,0.0,0.0
843899,0.0,0.0,0.0,0.0,0.0,1.0,0.0
844056,0.0,0.0,0.0,0.0,0.0,2.0,0.0
844556,0.0,0.0,0.0,0.0,0.0,0.0,0.0
844726,0.0,0.0,0.0,0.0,0.0,1.0,0.0
845035,0.0,0.0,0.0,0.0,0.0,2.0,0.0
845535,0.0,0.0,0.0,0.0,0.0,0.0,0.0
846034,0.0,0.0,0.0,0.0,0.0,1.0,0.0
846036,0.0,0.0,0.0,0.0,0.0,2.0,0.0
846536,0.0,0.0,0.0,0.0,0.0,0.0,0.0
846899,0.0,0.0,0.0,0.0,0.0,1.0,0.0
847399,0.0,0.0,0.0,0.0,0.0,0.0,0.0
847715,0.0,0.0,0.0,0.0,0.0,1.0,0.0
848215,0.0,0.0,0.0,0.0,0.0,0.0,0.0
849650,0.0,0.0,0.0,0.0,0.0,1.0,0.0
849652,0.0,0.0,0.0,0.0,0.0,2.0,0.0
850152,0.0,0.0,0.0,0.0,0.0,0.0,0.0
850492,0.0,0.0,0.0,0.0,0.0,1.0,0.0
850497,0.0,0.0,0.0,0.0,0.0,2.0,0.0
850997,0.0,0.0,0.0,0.0,0.0,0.0,0.0
852676,0.0,0.0,0.0,0.0,0.0,1.0,0.0
853176,0.0,0.0,0.0,0.0,0.0,0.0,0.0
853190,0.0,0.0,0.0,0.0,0.0,1.0,0.0
853690,0.0,0.0,0.0,0.0,0.0,0.0,0.0
853798,0.0,0.0,0.0,0.0,0.0,1.0,0.0
853965,0.0,2.0,0.0,0.0,0.0,1.0,0.0
854298,0.0,2.0,0.0,0.0,0.0,0.0,0.0
854328,0.0,2.0,0.0,0.0,0.0,1.0,0.0
854465,0.0,0.0,0.0,0.0,0.0,1.0,0.0
854759,0.0,0.0,1.0,0.0,0.0,1.0,0.0
854828,0.0,0.0,1.0,0.0,0.0,0.0,0.0
855259,0.0,0.0,0.0,0.0,0.0,0.0,0.0
856380,0.0,0.0,0.0,0.0,0.0,1.0,0.0
856572,0.0,0.0,0.0,0.0,0.0,2.0,0.0
857072,0.0,0.0,0.0,0.0,0.0,0.0,0.0
857879,0.0,0.0,0.0,0.0,0.0,1.0,0.0
858213,0.0,0.0,1.0,0.0,0.0,1.0,0.0
858379,0.0,0.0,1.0,0.0,0.0,0.0,0.0
859798,0.0,0.0,1.0,0.0,0.0,1.0,0.0
860235,0.0,0.0,1.0,0.0,0.0,2.0,0.0
860735,0.0,0.0,1.0,0.0,0.0,0.0,0.0
860744,0.0,0.0,1.0,0.0,0.0,1.0,0.0
860748,0.0,0.0,1.0,0.0,0.0,2.0,0.0
861213,0.0,0.0,0.0,0.0,0.0,2.0,0.0
861217,0.0,0.0,1.0,0.0,0.0,2.0,0.0
861248,0.0,0.0,1.0,0.0,0.0,0.0,0.0
861437,0.0,0.0,1.0,0.0,0.0,1.0,0.0
861717,0.0,0.0,0.0,0.0,0.0,1.0,0.0
861937,0.0,0.0,0.0,0.0,0.0,0.0,0.0
861996,0.0,0.0,0.0,0.0,0.0,1.0,0.0
862496,0.0,0.0,0.0,0.0,0.0,0.0,0.0
863907,0.0,0.0,0.0,0.0,0.0,1.0,0.0
863930,0.0,0.0,0.0,0.0,0.0,2.0,0.0
864430,0.0,0.0,0.0,0.0,0.0,0.0,0.0
866209,0.0,0.0,0.0,0.0,0.0,1.0,0.0
866269,0.0,0.0,0.0,0.0,0.0,2.0,0.0
866769,0.0,0.0,0.0,0.0,0.0,0.0,0.0
866881,0.0,0.0,0.0,0.0,0.0,1.0,0.0
867381,0.0,0.0,0.0,0.0,0.0,0.0,0.0
867463,0.0,0.0,0.0,0.0,0.0,1.0,0.0
867518,0.0,0.0,0.0,0.0,0.0,2.0,0.0
868018,0.0,0.0,0.0,0.0,0.0,0.0,0.0
868673,0.0,0.0,0.0,0.0,0.0,1.0,0.0
869173,0.0,0.0,0.0,0.0,0.0,0.0,0.0
869222,0.0,0.0,0.0,0.0,0.0,1.0,0.0
869224,0.0,0.0,0.0,0.0,0.0,2.0,0.0
869724,0.0,0.0,0.0,0.0,0.0,0.0,0.0
870287,0.0,0.0,0.0,0.0,0.0,1.0,0.0
870787,0.0,0.0,0.0,0.0,0.0,0.0,0.0
871213,0.0,0.0,0.0,0.0,0.0,1.0,0.0
871713,0.0,0.0,0.0,0.0,0.0,0.0,0.0
871749,0.0,0.0,0.0,0.0,0.0,1.0,0.0
872155,0.0,0.0,0.0,0.0,0.0,2.0,0.0
872655,0.0,0.0,0.0,0.0,0.0,0.0,0.0
872906,0.0,0.0,0.0,0.0,0.0,1.0,0.0
872939,0.0,0.0,0.0,0.0,0.0,2.0,0.0
873439,0.0,0.0,0.0,0.0,0.0,0.0,0.0
873758,0.0,0.0,0.0,0.0,0.0,1.0,0.0
874258,0.0,0.0,0.0,0.0,0.0,0.0,0.0
875674,0.0,0.0,0.0,0.0,0.0,1.0,0.0
876174,0.0,0.0,0.0,0.0,0.0,0.0,0.0
876920,0.0,0.0,0.0,0.0,0.0,1.0,0.0
877420,0.0,0.0,0.0,0.0,0.0,0.0,0.0
878257,0.0,0.0,0.0,0.0,0.0,1.0,0.0
878576,0.0,0.0,0.0,0.0,0.0,2.0,0.0
879076,0.0,0.0,0.0,0.0,0.0,0.0,0.0
880483,0.0,0.0,0.0,0.0,0.0,1.0,0.0
880486,0.0,0.0,0.0,0.0,0.0,2.0,0.0
880794,0.0,0.0,0.0,0.0,1.0,2.0,0.0
880986,0.0,0.0,0.0,0.0,1.0,0.0,0.0
881294,0.0,0.0,0.0,0.0,0.0,0.0,0.0
881603,0.0,0.0,0.0,0.0,0.0,1.0,0.0
882603,0.0,0.0,0.0,0.0,0.0,0.0,0.0
882904,0.0,0.0,0.0,0.0,0.0,1.0,0.0
882912,0.0,0.0,0.0,0.0,0.0,2.0,0.0
883412,0.0,0.0,0.0,0.0,0.0,0.0,0.0
884238,0.0,0.0,0.0,0.0,0.0,1.0,0.0
884738,0.0,0.0,0.0,0.0,0.0,0.0,0.0
885142,0.0,0.0,0.0,0.0,0.0,1.0,0.0
885642,0.0,0.0,0.0,0.0,0.0,0.0,0.0
885686,0.0,0.0,0.0,0.0,0.0,1.0,0.0
886186,0.0,0.0,0.0,0.0,0.0,0.0,0.0
886522,0.0,0.0,0.0,0.0,0.0,1.0,0.0
887022,0.0,0.0,0.0,0.0,0.0,0.0,0.0
887127,0.0,0.0,0.0,0.0,0.0,1.0,0.0
887134,0.0,0.0,0.0,0.0,0.0,2.0,0.0
887634,0.0,0.0,0.0,0.0,0.0,0.0,0.0
887662,0.0,0.0,0.0,0.0,0.0,1.0,0.0
888162,0.0,0.0,0.0,0.0,0.0,0.0,0.0
888226,0.0,0.0,0.0,0.0,0.0,1.0,0.0
888726,0.0,0.0,0.0,0.0,0.0,0.0,0.0
889579,0.0,0.0,0.0,0.0,0.0,1.0,0.0
890079,0.0,0.0,0.0,0.0,0.0,0.0,0.0
891235,0.0,0.0,0.0,0.0,0.0,1.0,0.0
891735,0.0,0.0,0.0,0.0,0.0,0.0,0.0
892539,0.0,0.0,0.0,0.0,0.0,1.0,0.0
893039,0.0,0.0,0.0,0.0,0.0,0.0,0.0
893408,0.0,0.0,0.0,0.0,0.0,1.0,0.0
893908,0.0,0.0,0.0,0.0,0.0,0.0,0.0
893924,0.0,0.0,0.0,0.0,0.0,1.0,0.0
893940,0.0,0.0,0.0,0.0,0.0,2.0,0.0
894440,0.0,0.0,0.0,0.0,0.0,0.0,0.0
894728,0.0,0.0,0.0,0.0,0.0,1.0,0.0
895037,0.0,0.0,0.0,0.0,0.0,2.0,0.0
895537,0.0,0.0,0.0,0.0,0.0,0.0,0.0
895567,0.0,0.0,0.0,0.0,0.0,1.0,0.0
896067,0.0,0.0,0.0,0.0,0.0,0.0,0.0
896136,0.0,0.0,0.0,0.0,0.0,1.0,0.0
896636,0.0,0.0,0.0,0.0,0.0,0.0,0.0
896662,0.0,0.0,0.0,0.0,0.0,1.0,0.0
896668,0.0,0.0,0.0,0.0,0.0,2.0,0.0
897168,0.0,0.0,0.0,0.0,0.0,0.0,0.0
897386,0.0,0.0,0.0,0.0,0.0,1.0,0.0
897886,0.0,0.0,0.0,0.0,0.0,0.0,0.0
897903,0.0,0.0,0.0,0.0,0.0,1.0,0.0
898403,0.0,0.0,0.0,0.0,0.0,0.0,0.0
898520,0.0,0.0,0.0,0.0,0.0,1.0,0.0
898905,0.0,0.0,0.0,0.0,0.0,2.0,0.0
899405,0.0,0.0,0.0,0.0,0.0,0.0,0.0
899492,0.0,0.0,0.0,0.0,0.0,1.0,0.0
899992,0.0,0.0,0.0,0.0,0.0,0.0,0.0
900240,0.0,0.0,0.0,0.0,1.0,0.0,0.0
900740,0.0,0.0,0.0,0.0,0.0,0.0,0.0
903220,0.0,0.0,0.0,0.0,0.0,1.0,0.0
903720,0.0,0.0,0.0,0.0,0.0,0.0,0.0
905429,0.0,0.0,0.0,0.0,0.0,1.0,0.0
905458,0.0,0.0,0.0,0.0,1.0,1.0,0.0
905459,0.0,0.0,0.0,0.0,1.0,2.0,0.0
905958,0.0,0.0,0.0,0.0,0.0,2.0,0.0
905959,0.0,0.0,0.0,0.0,0.0,0.0,0.0
907329,0.0,0.0,0.0,0.0,0.0,1.0,0.0
907829,0.0,0.0,0.0,0.0,0.0,0.0,0.0
908983,0.0,0.0,0.0,0.0,0.0,1.0,0.0
909483,0.0,0.0,0.0,0.0,0.0,0.0,0.0
910184,0.0,0.0,0.0,0.0,1.0,0.0,0.0
910684,0.0,0.0,0.0,0.0,0.0,0.0,0.0
911864,0.0,0.0,0.0,0.0,0.0,1.0,0.0
912364,0.0,0.0,0.0,0.0,0.0,0.0,0.0
914517,0.0,0.0,0.0,0.0,0.0,1.0,0.0
914535,0.0,0.0,0.0,0.0,0.0,2.0,0.0
915035,0.0,0.0,0.0,0.0,0.0,0.0,0.0
916174,0.0,0.0,0.0,0.0,0.0,1.0,0.0
916674,0.0,0.0,0.0,0.0,0.0,0.0,0.0
917248,0.0,0.0,0.0,0.0,0.0,1.0,0.0
917748,0.0,0.0,0.0,0.0,0.0,0.0,0.0
918114,0.0,0.0,0.0,0.0,0.0,1.0,0.0
918614,0.0,0.0,0.0,0.0,0.0,0.0,0.0
923197,0.0,0.0,0.0,0.0,0.0,1.0,0.0
923697,0.0,0.0,0.0,0.0,0.0,0.0,0.0
924578,0.0,0.0,0.0,0.0,0.0,1.0,0.0
925078,0.0,0.0,0.0,0.0,0.0,0.0,0.0
925592,0.0,0.0,0.0,0.0,1.0,0.0,0.0
926092,0.0,0.0,0.0,0.0,0.0,0.0,0.0
930217,0.0,0.0,0.0,0.0,0.0,1.0,0.0
930717,0.0,0.0,0.0,0.0,0.0,0.0,0.0
933387,0.0,0.0,0.0,0.0,0.0,1.0,0.0
933392,0.0,0.0,0.0,0.0,0.0,2.0,0.0
933892,0.0,0.0,0.0,0.0,0.0,0.0,0.0
935293,0.0,0.0,0.0,0.0,0.0,1.0,0.0
935793,0.0,0.0,0.0,0.0,0.0,0.0,0.0
936110,0.0,0.0,0.0,0.0,0.0,1.0,0.0
936115,0.0,0.0,0.0,0.0,0.0,2.0,0.0
936615,0.0,0.0,0.0,0.0,0.0,0.0,0.0
937516,0.0,0.0,0.0,0.0,0.0,1.0,0.0
938016,0.0,0.0,0.0,0.0,0.0,0.0,0.0
938387,0.0,0.0,0.0,0.0,0.0,1.0,0.0
938887,0.0,0.0,0.0,0.0,0.0,0.0,0.0
940631,0.0,0.0,0.0,0.0,0.0,1.0,0.0
941131,0.0,0.0,0.0,0.0,0.0,0.0,0.0
942436,0.0,0.0,0.0,0.0,0.0,1.0,0.0
942936,0.0,0.0,0.0,0.0,0.0,0.0,0.0
944827,0.0,0.0,0.0,0.0,0.0,1.0,0.0
945327,0.0,0.0,0.0,0.0,0.0,0.0,0.0
949200,0.0,0.0,0.0,0.0,0.0,1.0,0.0
949700,0.0,0.0,0.0,0.0,0.0,0.0,0.0
950353,0.0,0.0,0.0,0.0,0.0,1.0,0.0
950737,0.0,0.0,0.0,0.0,0.0,2.0,0.0
951237,0.0,0.0,0.0,0.0,0.0,0.0,0.0
952461,0.0,0.0,0.0,0.0,0.0,1.0,0.0
952961,0.0,0.0,0.0,0.0,0.0,0.0,0.0
954411,0.0,0.0,0.0,0.0,0.0,1.0,0.0
954911,0.0,0.0,0.0,0.0,0.0,0.0,0.0
955135,0.0,0.0,0.0,0.0,0.0,1.0,0.0
955272,0.0,0.0,0.0,0.0,0.0,2.0,0.0
955772,0.0,0.0,0.0,0.0,0.0,0.0,0.0
958193,0.0,0.0,0.0,0.0,0.0,1.0,0.0
958693,0.0,0.0,0.0,0.0,0.0,0.0,0.0
959394,0.0,0.0,0.0,0.0,0.0,1.0,0.0
959794,0.0,0.0,0.0,0.0,1.0,1.0,0.0
959894,0.0,0.0,0.0,0.0,1.0,0.0,0.0
960294,0.0,0.0,0.0,0.0,0.0,0.0,0.0
963383,0.0,0.0,0.0,0.0,0.0,1.0,0.0
963408,0.0,0.0,0.0,0.0,0.0,2.0,0.0
963908,0.0,0.0,0.0,0.0,0.0,0.0,0.0
965039,0.0,0.0,0.0,0.0,0.0,1.0,0.0
965539,0.0,0.0,0.0,0.0,0.0,0.0,0.0
965692,0.0,0.0,0.0,0.0,0.0,1.0,0.0
966192,0.0,0.0,0.0,0.0,0.0,0.0,0.0
967792,0.0,0.0,0.0,0.0,0.0,1.0,0.0
968292,0.0,0.0,0.0,0.0,0.0,0.0,0.0
969526,0.0,0.0,0.0,0.0,0.0,1.0,0.0
970026,0.0,0.0,0.0,0.0,0.0,0.0,0.0
974742,0.0,0.0,0.0,0.0,0.0,1.0,0.0
975216,0.0,0.0,0.0,0.0,0.0,2.0,0.0
975716,0.0,0.0,0.0,0.0,0.0,0.0,0.0
975865,0.0,0.0,0.0,0.0,0.0,1.0,0.0
976365,0.0,0.0,0.0,0.0,0.0,0.0,0.0
979986,0.0,0.0,0.0,0.0,0.0,1.0,0.0
979993,0.0,0.0,0.0,0.0,0.0,2.0,0.0
980493,0.0,0.0,0.0,0.0,0.0,0.0,0.0
987482,0.0,0.0,0.0,0.0,0.0,1.0,0.0
987982,0.0,0.0,0.0,0.0,0.0,0.0,0.0
988102,0.0,0.0,0.0,0.0,0.0,1.0,0.0
988105,0.0,0.0,0.0,0.0,0.0,2.0,0.0
988605,0.0,0.0,0.0,0.0,0.0,0.0,0.0
989111,0.0,0.0,0.0,0.0,0.0,1.0,0.0
989116,0.0,0.0,0.0,0.0,0.0,2.0,0.0
989616,0.0,0.0,0.0,0.0,0.0,0.0,0.0
990221,0.0,0.0,0.0,0.0,0.0,1.0,0.0
990721,0.0,0.0,0.0,0.0,0.0,0.0,0.0
990730,0.0,0.0,0.0,0.0,0.0,1.0,0.0
991230,0.0,0.0,0.0,0.0,0.0,0.0,0.0
991593,0.0,0.0,0.0,0.0,0.0,1.0,0.0
992093,0.0,0.0,0.0,0.0,0.0,0.0,0.0
994892,0.0,0.0,0.0,0.0,0.0,1.0,0.0
995392,0.0,0.0,0.0,0.0,0.0,0.0,0.0
995577,0.0,0.0,0.0,0.0,0.0,1.0,0.0
996077,0.0,0.0,0.0,0.0,0.0,0.0,0.0
996415,0.0,0.0,0.0,0.0,0.0,1.0,0.0
996915,0.0,0.0,0.0,0.0,0.0,0.0,0.0
997896,0.0,0.0,0.0,0.0,0.0,1.0,0.0
998396,0.0,0.0,0.0,0.0,0.0,0.0,0.0
1000000,0.0,0.0,0.0,0.0,0.0,0.0,1.0
1000024,0.0,0.0,0.0,0.0,0.0,1.0,1.0
1000060,0.0,0.0,0.0,0.0,0.0,2.0,1.0
1000351,2.0,0.0,0.0,0.0,0.0,2.0,1.0
1000500,2.0,0.0,0.0,0.0,0.0,2.0,0.0
1000560,2.0,0.0,0.0,0.0,0.0,0.0,0.0
1000688,2.0,2.0,0.0,0.0,0.0,0.0,0.0
1000851,0.0,2.0,0.0,0.0,0.0,0.0,0.0
1000927,2.0,2.0,0.0,0.0,0.0,0.0,0.0
1001033,2.0,2.0,0.0,0.0,0.0,1.0,0.0
1001188,2.0,0.0,0.0,0.0,0.0,1.0,0.0
1001202,2.0,0.0,0.0,0.0,0.0,2.0,0.0
1001427,0.0,0.0,0.0,0.0,0.0,2.0,0.0
1001537,0.0,0.0,0.0,0.0,1.0,2.0,0.0
1001702,0.0,0.0,0.0,0.0,1.0,0.0,0.0
1001845,0.0,0.0,0.0,0.0,2.0,0.0,0.0
1002027,0.0,0.0,0.0,0.0,2.0,1.0,0.0
1002345,0.0,0.0,0.0,0.0,0.0,1.0,0.0
1002527,0.0,0.0,0.0,0.0,0.0,0.0,0.0
1002583,0.0,0.0,1.0,0.0,0.0,0.0,0.0
1002750,0.0,0.0,1.0,0.0,0.0,1.0,0.0
1002752,0.0,0.0,1.0,0.0,0.0,2.0,0.0
1002763,0.0,0.0,1.0,0.0,1.0,2.0,0.0
1003252,0.0,0.0,1.0,0.0,1.0,0.0,0.0
1003263,0.0,0.0,1.0,0.0,0.0,0.0,0.0
1004030,0.0,0.0,1.0,0.0,0.0,1.0,0.0
1004530,0.0,0.0,1.0,0.0,0.0,0.0,0.0
1004890,0.0,0.0,1.0,0.0,0.0,1.0,0.0
1004898,0.0,0.0,1.0,0.0,1.0,2.0,0.0
1005398,0.0,0.0,1.0,0.0,0.0,0.0,0.0
1005804,0.0,0.0,2.0,0.0,0.0,0.0,0.0
1005805,0.0,0.0,2.0,0.0,0.0,1.0,0.0
1005816,0.0,0.0,2.0,0.0,0.0,2.0,0.0
1006304,0.0,0.0,0.0,0.0,0.0,2.0,0.0
1006316,0.0,0.0,0.0,0.0,0.0,0.0,0.0
1006528,0.0,0.0,0.0,0.0,0.0,1.0,0.0
1007028,0.0,0.0,0.0,0.0,0.0,0.0,0.0
1008858,0.0,0.0,0.0,0.0,0.0,1.0,0.0
1009358,0.0,0.0,0.0,0.0,0.0,0.0,0.0
1009389,0.0,0.0,0.0,0.0,0.0,1.0,0.0
1009665,0.0,0.0,0.0,0.0,0.0,2.0,0.0
1010165,0.0,0.0,0.0,0.0,0.0,0.0,0.0
1010398,0.0,0.0,0.0,0.0,0.0,1.0,0.0
1010898,0.0,0.0,0.0,0.0,0.0,0.0,0.0
1010984,0.0,0.0,0.0,0.0,0.0,1.0,0.0
1011484,0.0,0.0,0.0,0.0,0.0,0.0,0.0
1012375,0.0,0.0,0.0,0.0,0.0,1.0,0.0
1012875,0.0,0.0,0.0,0.0,0.0,0.0,0.0
1012938,0.0,0.0,0.0,0.0,0.0,1.0,0.0
1012940,0.0,0.0,0.0,0.0,0.0,2.0,0.0
1013440,0.0,0.0,0.0,0.0,0.0,0.0,0.0
1013499,0.0,0.0,0.0,0.0,0.0,1.0,0.0
1013999,0.0,0.0,0.0,0.0,0.0,0.0,0.0
1014961,0.0,0.0,0.0,0.0,0.0,1.0,0.0
1014963,0.0,0.0,0.0,0.0,0.0,2.0,0.0
1015463,0.0,0.0,0.0,0.0,0.0,0.0,0.0
1015803,0.0,0.0,0.0,0.0,0.0,1.0,0.0
1016303,0.0,0.0,0.0,0.0,0.0,0.0,0.0
1016319,0.0,0.0,0.0,0.0,0.0,1.0,0.0
1016819,0.0,0.0,0.0,0.0,0.0,0.0,0.0
1017152,0.0,0.0,0.0,0.0,0.0,1.0,0.0
1017652,0.0,0.0,0.0,0.0,0.0,0.0,0.0
1018278,0.0,0.0,0.0,0.0,0.0,1.0,0.0
1018778,0.0,0.0,0.0,0.0,0.0,0.0,0.0
1019721,0.0,0.0,0.0,0.0,0.0,1.0,0.0
1019723,0.0,0.0,0.0,0.0,0.0,2.0,0.0
1020223,0.0,0.0,0.0,0.0,0.0,0.0,0.0
1020509,0.0,0.0,0.0,0.0,0.0,1.0,0.0
1020511,0.0,0.0,0.0,0.0,0.0,2.0,0.0
1021011,0.0,0.0,0.0,0.0,0.0,0.0,0.0
1022153,0.0,0.0,0.0,0.0,0.0,1.0,0.0
1022653,0.0,0.0,0.0,0.0,0.0,0.0,0.0
1024815,0.0,0.0,0.0,0.0,0.0,1.0,0.0
1024823,0.0,0.0,0.0,0.0,0.0,2.0,0.0
1025323,0.0,0.0,0.0,0.0,0.0,0.0,0.0
1025696,0.0,0.0,0.0,0.0,0.0,1.0,0.0
1026196,0.0,0.0,0.0,0.0,0.0,0.0,0.0
1026788,0.0,0.0,0.0,0.0,0.0,1.0,0.0
1027288,0.0,0.0,0.0,0.0,0.0,0.0,0.0
1027310,0.0,0.0,0.0,0.0,0.0,1.0,0.0
1027810,0.0,0.0,0.0,0.0,0.0,0.0,0.0
1028913,0.0,0.0,0.0,0.0,0.0,1.0,0.0
1028915,0.0,0.0,0.0,0.0,0.0,2.0,0.0
1029415,0.0,0.0,0.0,0.0,0.0,0.0,0.0
1030983,0.0,0.0,0.0,0.0,0.0,1.0,0.0
1030997,0.0,0.0,0.0,0.0,0.0,2.0,0.0
1031497,0.0,0.0,0.0,0.0,0.0,0.0,0.0
1031727,0.0,0.0,0.0,0.0,0.0,1.0,0.0
1031730,0.0,0.0,0.0,0.0,0.0,2.0,0.0
1032230,0.0,0.0,0.0,0.0,0.0,0.0,0.0
1033504,0.0,0.0,0.0,0.0,0.0,1.0,0.0
1033512,0.0,0.0,0.0,0.0,0.0,2.0,0.0
1034012,0.0,0.0,0.0,0.0,0.0,0.0,0.0
1034859,0.0,0.0,0.0,0.0,0.0,1.0,0.0
1035150,0.0,0.0,0.0,0.0,0.0,2.0,0.0
1035650,0.0,0.0,0.0,0.0,0.0,0.0,0.0
1036124,0.0,0.0,0.0,0.0,0.0,1.0,0.0
1036435,0.0,0.0,0.0,0.0,0.0,2.0,0.0
1036935,0.0,0.0,0.0,0.0,0.0,0.0,0.0
1037286,0.0,0.0,0.0,0.0,0.0,1.0,0.0
1037386,0.0,2.0,0.0,0.0,0.0,2.0,0.0
1037886,0.0,0.0,0.0,0.0,0.0,0.0,0.0
1038252,0.0,0.0,0.0,0.0,0.0,1.0,0.0
1038752,0.0,0.0,0.0,0.0,0.0,0.0,0.0
1039399,0.0,0.0,0.0,0.0,0.0,1.0,0.0
1039402,0.0,0.0,0.0,0.0,0.0,2.0,0.0
1039902,0.0,0.0,0.0,0.0,0.0,0.0,0.0
1040379,0.0,0.0,0.0,0.0,0.0,1.0,0.0
1040879,0.0,0.0,0.0,0.0,0.0,0.0,0.0
1041194,0.0,0.0,0.0,0.0,0.0,1.0,0.0
1041197,0.0,0.0,0.0,0.0,0.0,2.0,0.0
1041697,0.0,0.0,0.0,0.0,0.0,0.0,0.0
1042848,0.0,0.0,0.0,0.0,0.0,1.0,0.0
1043185,0.0,0.0,0.0,0.0,0.0,2.0,0.0
1043685,0.0,0.0,0.0,0.0,0.0,0.0,0.0
1044136,0.0,0.0,0.0,0.0,0.0,1.0,0.0
1044636,0.0,0.0,0.0,0.0,0.0,0.0,0.0
1046105,0.0,0.0,0.0,0.0,0.0,1.0,0.0
1046605,0.0,0.0,0.0,0.0,0.0,0.0,0.0
1048169,0.0,0.0,0.0,0.0,0.0,1.0,0.0
1048669,0.0,0.0,0.0,0.0,0.0,0.0,0.0
1049298,0.0,0.0,0.0,0.0,0.0,1.0,0.0
1049308,0.0,0.0,0.0,0.0,0.0,2.0,0.0
1049808,0.0,0.0,0.0,0.0,0.0,0.0,0.0
1050003,0.0,0.0,0.0,0.0,0.0,1.0,0.0
1050005,0.0,0.0,0.0,0.0,0.0,2.0,0.0
1050505,0.0,0.0,0.0,0.0,0.0,0.0,0.0
1050517,0.0,0.0,0.0,0.0,0.0,1.0,0.0
1051017,0.0,0.0,0.0,0.0,0.0,0.0,0.0
1051214,0.0,0.0,0.0,0.0,0.0,1.0,0.0
1051220,0.0,0.0,0.0,0.0,0.0,2.0,0.0
1051720,0.0,0.0,0.0,0.0,0.0,0.0,0.0
1051738,0.0,0.0,0.0,0.0,0.0,1.0,0.0
1052238,0.0,0.0,0.0,0.0,0.0,0.0,0.0
1052480,0.0,0.0,0.0,0.0,0.0,1.0,0.0
1052980,0.0,0.0,0.0,0.0,0.0,0.0,0.0
1053217,0.0,0.0,0.0,0.0,0.0,1.0,0.0
1053717,0.0,0.0,0.0,0.0,0.0,0.0,0.0
1054155,0.0,0.0,0.0,0.0,0.0,1.0,0.0
1054655,0.0,0.0,0.0,0.0,0.0,0.0,0.0
1054683,0.0,0.0,0.0,0.0,0.0,1.0,0.0
1055183,0.0,0.0,0.0,0.0,0.0,0.0,0.0
1055223,0.0,0.0,0.0,0.0,0.0,1.0,0.0
1055661,0.0,0.0,0.0,0.0,0.0,2.0,0.0
1056161,0.0,0.0,0.0,0.0,0.0,0.0,0.0
1056396,0.0,0.0,0.0,0.0,0.0,1.0,0.0
1056399,0.0,0.0,0.0,0.0,0.0,2.0,0.0
1056899,0.0,0.0,0.0,0.0,0.0,0.0,0.0
1057575,0.0,0.0,0.0,0.0,0.0,1.0,0.0
1057578,0.0,0.0,0.0,0.0,0.0,2.0,0.0
1057886,0.0,2.0,0.0,0.0,0.0,2.0,0.0
1058078,0.0,2.0,0.0,0.0,0.0,0.0,0.0
1058146,0.0,2.0,0.0,0.0,0.0,1.0,0.0
1058386,0.0,0.0,0.0,0.0,0.0,1.0,0.0
1058646,0.0,0.0,0.0,0.0,0.0,0.0,0.0
1058988,0.0,0.0,0.0,0.0,0.0,1.0,0.0
1059488,0.0,0.0,0.0,0.0,0.0,0.0,0.0
1059524,0.0,0.0,0.0,0.0,0.0,1.0,0.0
1059526,0.0,0.0,0.0,0.0,0.0,2.0,0.0
1060026,0.0,0.0,0.0,0.0,0.0,0.0,0.0
1060114,0.0,0.0,0.0,0.0,0.0,1.0,0.0
1060116,0.0,0.0,0.0,0.0,0.0,2.0,0.0
1060616,0.0,0.0,0.0,0.0,0.0,0.0,0.0
1061587,0.0,0.0,0.0,0.0,0.0,1.0,0.0
1062087,0.0,0.0,0.0,0.0,0.0,0.0,0.0
1062145,0.0,0.0,0.0,0.0,0.0,1.0,0.0
1062645,0.0,0.0,0.0,0.0,0.0,0.0,0.0
1063041,0.0,0.0,0.0,0.0,0.0,1.0,0.0
1063210,0.0,0.0,0.0,0.0,0.0,2.0,0.0
1063710,0.0,0.0,0.0,0.0,0.0,0.0,0.0
1063800,0.0,0.0,0.0,0.0,0.0,1.0,0.0
1063805,0.0,0.0,0.0,0.0,0.0,2.0,0.0
1064305,0.0,0.0,0.0,0.0,0.0,0.0,0.0
1064430,0.0,0.0,0.0,0.0,0.0,1.0,0.0
1064930,0.0,0.0,0.0,0.0,0.0,0.0,0.0
1065755,0.0,0.0,0.0,0.0,0.0,1.0,0.0
1065757,0.0,0.0,0.0,0.0,0.0,2.0,0.0
1066257,0.0,0.0,0.0,0.0,0.0,0.0,0.0
1066608,0.0,0.0,0.0,0.0,0.0,1.0,0.0
1066799,0.0,0.0,0.0,0.0,0.0,2.0,0.0
1067299,0.0,0.0,0.0,0.0,0.0,0.0,0.0
1067668,0.0,0.0,0.0,0.0,0.0,1.0,0.0
1068168,0.0,0.0,0.0,0.0,0.0,0.0,0.0
1068747,0.0,0.0,0.0,0.0,0.0,1.0,0.0
1069247,0.0,0.0,0.0,0.0,0.0,0.0,0.0
1069881,0.0,0.0,0.0,0.0,0.0,1.0,0.0
1070184,0.0,2.0,0.0,0.0,0.0,1.0,0.0
1070381,0.0,2.0,0.0,0.0,0.0,0.0,0.0
1070415,0.0,2.0,0.0,0.0,0.0,1.0,0.0
1070684,0.0,0.0,0.0,0.0,0.0,1.0,0.0
1070915,0.0,0.0,0.0,0.0,0.0,0.0,0.0
1073661,0.0,0.0,0.0,0.0,0.0,1.0,0.0
1073675,0.0,0.0,0.0,0.0,0.0,2.0,0.0
1074175,0.0,0.0,0.0,0.0,0.0,0.0,0.0
1074391,0.0,0.0,0.0,0.0,0.0,1.0,0.0
1074406,0.0,0.0,0.0,0.0,0.0,2.0,0.0
1074906,0.0,0.0,0.0,0.0,0.0,0.0,0.0
1074979,0.0,0.0,0.0,0.0,0.0,1.0,0.0
1075479,0.0,0.0,0.0,0.0,0.0,0.0,0.0
1075988,0.0,0.0,0.0,0.0,0.0,1.0,0.0
1076488,0.0,0.0,0.0,0.0,0.0,0.0,0.0
1077032,0.0,0.0,0.0,0.0,0.0,1.0,0.0
1077532,0.0,0.0,0.0,0.0,0.0,0.0,0.0
1077597,0.0,0.0,0.0,0.0,0.0,1.0,0.0
1078097,0.0,0.0,0.0,0.0,0.0,0.0,0.0
1078500,0.0,0.0,0.0,0.0,0.0,1.0,0.0
1078509,0.0,0.0,0.0,0.0,0.0,2.0,0.0
1079009,0.0,0.0,0.0,0.0,0.0,0.0,0.0
1080339,0.0,0.0,0.0,0.0,0.0,1.0,0.0
1080341,0.0,0.0,0.0,0.0,0.0,2.0,0.0
1080841,0.0,0.0,0.0,0.0,0.0,0.0,0.0
1081153,0.0,0.0,0.0,0.0,0.0,1.0,0.0
1081653,0.0,0.0,0.0,0.0,0.0,0.0,0.0
1082689,0.0,0.0,0.0,0.0,0.0,1.0,0.0
1083189,0.0,0.0,0.0,0.0,0.0,0.0,0.0
1083283,0.0,0.0,0.0,0.0,0.0,1.0,0.0
1083783,0.0,0.0,0.0,0.0,0.0,0.0,0.0
1084003,0.0,0.0,0.0,0.0,0.0,1.0,0.0
1084363,0.0,0.0,0.0,0.0,0.0,2.0,0.0
1084863,0.0,0.0,0.0,0.0,0.0,0.0,0.0
1084904,0.0,0.0,0.0,0.0,0.0,1.0,0.0
1085404,0.0,0.0,0.0,0.0,0.0,0.0,0.0
1085799,0.0,0.0,0.0,0.0,0.0,1.0,0.0
1086299,0.0,0.0,0.0,0.0,0.0,0.0,0.0
1086877,0.0,0.0,0.0,0.0,0.0,1.0,0.0
1087377,0.0,0.0,0.0,0.0,0.0,0.0,0.0
1088747,0.0,0.0,0.0,0.0,0.0,1.0,0.0
1089247,0.0,0.0,0.0,0.0,0.0,0.0,0.0
1092243,0.0,0.0,0.0,0.0,0.0,1.0,0.0
1092743,0.0,0.0,0.0,0.0,0.0,0.0,0.0
1093565,0.0,0.0,0.0,0.0,0.0,1.0,0.0
1094065,0.0,0.0,0.0,0.0,0.0,0.0,0.0
1094971,0.0,0.0,0.0,0.0,0.0,1.0,0.0
1094973,0.0,0.0,0.0,0.0,0.0,2.0,0.0
1095473,0.0,0.0,0.0,0.0,0.0,0.0,0.0
1095983,0.0,0.0,0.0,0.0,0.0,1.0,0.0
1096131,0.0,0.0,0.0,0.0,0.0,2.0,0.0
1096631,0.0,0.0,0.0,0.0,0.0,0.0,0.0
1096660,0.0,0.0,0.0,0.0,0.0,1.0,0.0
1097160,0.0,0.0,0.0,0.0,0.0,0.0,0.0
1097666,0.0,0.0,0.0,0.0,0.0,1.0,0.0
1097976,0.0,0.0,0.0,0.0,0.0,2.0,0.0
1098476,0.0,0.0,0.0,0.0,0.0,0.0,0.0
1098557,0.0,0.0,0.0,0.0,0.0,1.0,0.0
1099057,0.0,0.0,0.0,0.0,0.0,0.0,0.0
1099112,0.0,0.0,0.0,0.0,0.0,1.0,0.0
1099612,0.0,0.0,0.0,0.0,0.0,0.0,0.0
1102222,0.0,0.0,0.0,0.0,0.0,1.0,0.0
1102722,0.0,0.0,0.0,0.0,0.0,0.0,0.0
1103008,0.0,0.0,0.0,0.0,0.0,1.0,0.0
1103508,0.0,0.0,0.0,0.0,0.0,0.0,0.0
1104462,0.0,0.0,0.0,0.0,0.0,1.0,0.0
1104962,0.0,0.0,0.0,0.0,0.0,0.0,0.0
1107808,0.0,0.0,0.0,0.0,0.0,1.0,0.0
1108308,0.0,0.0,0.0,0.0,0.0,0.0,0.0
1112267,0.0,0.0,0.0,0.0,1.0,0.0,0.0
1112288,0.0,0.0,0.0,0.0,1.0,1.0,0.0
1112767,0.0,0.0,0.0,0.0,0.0,1.0,0.0
1112788,0.0,0.0,0.0,0.0,0.0,0.0,0.0
1112821,0.0,0.0,0.0,0.0,0.0,1.0,0.0
1112837,0.0,0.0,0.0,0.0,0.0,2.0,0.0
1113337,0.0,0.0,0.0,0.0,0.0,0.0,0.0
1113909,0.0,0.0,0.0,0.0,0.0,1.0,0.0
1114404,0.0,0.0,0.0,0.0,0.0,2.0,0.0
1114904,0.0,0.0,0.0,0.0,0.0,0.0,0.0
1121364,0.0,0.0,0.0,0.0,0.0,1.0,0.0
1121864,0.0,0.0,0.0,0.0,0.0,0.0,0.0
1126169,0.0,0.0,0.0,0.0,0.0,1.0,0.0
1126669,0.0,0.0,0.0,0.0,0.0,0.0,0.0
1127032,0.0,0.0,0.0,0.0,0.0,1.0,0.0
1127532,0.0,0.0,0.0,0.0,0.0,0.0,0.0
1130730,0.0,0.0,0.0,0.0,0.0,1.0,0.0
1131230,0.0,0.0,0.0,0.0,0.0,0.0,0.0
1131694,0.0,0.0,0.0,0.0,0.0,1.0,0.0
1132194,0.0,0.0,0.0,0.0,0.0,0.0,0.0
1134156,0.0,0.0,0.0,0.0,0.0,1.0,0.0
1134656,0.0,0.0,0.0,0.0,0.0,0.0,0.0
1137903,0.0,0.0,0.0,0.0,0.0,1.0,0.0
1138403,0.0,0.0,0.0,0.0,0.0,0.0,0.0
1142838,0.0,0.0,0.0,0.0,0.0,1.0,0.0
1143338,0.0,0.0,0.0,0.0,0.0,0.0,0.0
1144070,0.0,0.0,0.0,0.0,0.0,1.0,0.0
1144570,0.0,0.0,0.0,0.0,0.0,0.0,0.0
1145516,0.0,0.0,0.0,0.0,0.0,1.0,0.0
1146016,0.0,0.0,0.0,0.0,0.0,0.0,0.0
1147686,0.0,0.0,0.0,0.0,0.0,1.0,0.0
1148186,0.0,0.0,0.0,0.0,0.0,0.0,0.0
1148250,0.0,0.0,0.0,0.0,0.0,1.0,0.0
1148750,0.0,0.0,0.0,0.0,0.0,0.0,0.0
1149774,0.0,0.0,0.0,0.0,0.0,1.0,0.0
1150274,0.0,0.0,0.0,0.0,0.0,0.0,0.0
1150294,0.0,0.0,0.0,0.0,0.0,1.0,0.0
1150296,0.0,0.0,0.0,0.0,0.0,2.0,0.0
1150796,0.0,0.0,0.0,0.0,0.0,0.0,0.0
1152371,0.0,0.0,0.0,0.0,0.0,1.0,0.0
1152871,0.0,0.0,0.0,0.0,0.0,0.0,0.0
1153031,0.0,0.0,0.0,0.0,0.0,1.0,0.0
1153032,0.0,0.0,0.0,0.0,0.0,2.0,0.0
1153532,0.0,0.0,0.0,0.0,0.0,0.0,0.0
1154236,0.0,0.0,0.0,0.0,0.0,1.0,0.0
1154276,0.0,0.0,0.0,0.0,0.0,2.0,0.0
1154776,0.0,0.0,0.0,0.0,0.0,0.0,0.0
1155399,0.0,0.0,0.0,0.0,1.0,0.0,0.0
1155899,0.0,0.0,0.0,0.0,0.0,0.0,0.0
1156876,0.0,0.0,0.0,0.0,0.0,1.0,0.0
1157376,0.0,0.0,0.0,0.0,0.0,0.0,0.0
1158332,0.0,0.0,0.0,0.0,0.0,1.0,0.0
1158832,0.0,0.0,0.0,0.0,0.0,0.0,0.0
1159671,0.0,0.0,0.0,0.0,0.0,1.0,0.0
1160171,0.0,0.0,0.0,0.0,0.0,0.0,0.0
1162656,0.0,0.0,0.0,0.0,0.0,1.0,0.0
1163156,0.0,0.0,0.0,0.0,0.0,0.0,0.0
1165237,0.0,0.0,0.0,0.0,0.0,1.0,0.0
1165737,0.0,0.0,0.0,0.0,0.0,0.0,0.0
1166208,0.0,0.0,0.0,0.0,0.0,1.0,0.0
1166708,0.0,0.0,0.0,0.0,0.0,0.0,0.0
1171095,0.0,0.0,0.0,0.0,0.0,1.0,0.0
1171097,0.0,0.0,0.0,0.0,0.0,2.0,0.0
1171101,0.0,0.0,0.0,0.0,1.0,2.0,0.0
1171597,0.0,0.0,0.0,0.0,1.0,0.0,0.0
1171601,0.0,0.0,0.0,0.0,0.0,0.0,0.0
1174377,0.0,0.0,0.0,0.0,0.0,1.0,0.0
1174877,0.0,0.0,0.0,0.0,0.0,0.0,0.0
1177133,0.0,0.0,0.0,0.0,0.0,1.0,0.0
1177516,0.0,0.0,0.0,0.0,0.0,2.0,0.0
1178016,0.0,0.0,0.0,0.0,0.0,0.0,0.0
1182292,0.0,0.0,0.0,0.0,0.0,1.0,0.0
1182792,0.0,0.0,0.0,0.0,0.0,0.0,0.0
1184071,0.0,0.0,0.0,0.0,0.0,1.0,0.0
1184571,0.0,0.0,0.0,0.0,0.0,0.0,0.0
1185241,0.0,0.0,0.0,0.0,0.0,1.0,0.0
1185741,0.0,0.0,0.0,0.0,0.0,0.0,0.0
1187289,0.0,0.0,0.0,0.0,0.0,1.0,0.0
1187789,0.0,0.0,0.0,0.0,0.0,0.0,0.0
1190602,0.0,0.0,0.0,0.0,0.0,1.0,0.0
1191102,0.0,0.0,0.0,0.0,0.0,0.0,0.0
1191251,0.0,0.0,0.0,0.0,0.0,1.0,0.0
1191751,0.0,0.0,0.0,0.0,0.0,0.0,0.0
1191920,0.0,0.0,0.0,0.0,0.0,1.0,0.0
1192420,0.0,0.0,0.0,0.0,0.0,0.0,0.0
1194449,0.0,0.0,0.0,0.0,0.0,1.0,0.0
1194949,0.0,0.0,0.0,0.0,0.0,0.0,0.0
1196479,0.0,0.0,0.0,0.0,0.0,1.0,0.0
1196979,0.0,0.0,0.0,0.0,0.0,0.0,0.0
1197769,0.0,0.0,0.0,0.0,0.0,1.0,0.0
1198269,0.0,0.0,0.0,0.0,0.0,0.0,0.0
1199324,0.0,0.0,0.0,0.0,0.0,1.0,0.0
1199738,0.0,0.0,0.0,0.0,0.0,2.0,0.0
1200000,0.0,0.0,0.0,0.0,0.0,2.0,1.0
1200238,0.0,0.0,0.0,0.0,0.0,0.0,1.0
1200287,2.0,0.0,0.0,0.0,0.0,0.0,1.0
1200500,2.0,0.0,0.0,0.0,0.0,0.0,0.0
1200591,2.0,0.0,0.0,0.0,0.0,1.0,0.0
1200593,2.0,0.0,0.0,0.0,0.0,2.0,0.0
1200647,2.0,0.0,0.0,0.0,1.0,2.0,0.0
1200653,2.0,2.0,0.0,0.0,1.0,2.0,0.0
1200718,2.0,2.0,0.0,0.0,2.0,2.0,0.0
1200787,0.0,2.0,0.0,0.0,2.0,2.0,0.0
1200799,2.0,2.0,0.0,0.0,2.0,2.0,0.0
1201093,2.0,2.0,0.0,0.0,2.0,0.0,0.0
1201153,2.0,0.0,0.0,0.0,2.0,0.0,0.0
1201218,2.0,0.0,0.0,0.0,0.0,0.0,0.0
1201233,2.0,0.0,0.0,0.0,0.0,1.0,0.0
1201299,0.0,0.0,0.0,0.0,0.0,1.0,0.0
1201343,2.0,0.0,0.0,0.0,0.0,1.0,0.0
1201345,2.0,0.0,0.0,0.0,0.0,2.0,0.0
1201843,0.0,0.0,0.0,0.0,0.0,2.0,0.0
1201845,0.0,0.0,0.0,0.0,0.0,0.0,0.0
1202102,0.0,0.0,0.0,0.0,0.0,1.0,0.0
1202602,0.0,0.0,0.0,0.0,0.0,0.0,0.0
1202613,0.0,0.0,1.0,0.0,0.0,0.0,0.0
1203140,0.0,0.0,1.0,0.0,0.0,1.0,0.0
1203640,0.0,0.0,1.0,0.0,0.0,0.0,0.0
1203938,0.0,0.0,1.0,0.0,0.0,1.0,0.0
1204185,0.0,0.0,1.0,0.0,0.0,2.0,0.0
1204685,0.0,0.0,1.0,0.0,0.0,0.0,0.0
1204700,0.0,0.0,1.0,0.0,0.0,1.0,0.0
1205200,0.0,0.0,1.0,0.0,0.0,0.0,0.0
1205219,0.0,0.0,2.0,0.0,0.0,0.0,0.0
1205350,0.0,0.0,2.0,0.0,0.0,1.0,0.0
1205719,0.0,0.0,0.0,0.0,0.0,1.0,0.0
1205850,0.0,0.0,0.0,0.0,0.0,0.0,0.0
1206097,0.0,0.0,0.0,0.0,0.0,1.0,0.0
1206597,0.0,0.0,0.0,0.0,0.0,0.0,0.0
1206691,0.0,0.0,0.0,0.0,0.0,1.0,0.0
1207191,0.0,0.0,0.0,0.0,0.0,0.0,0.0
1207437,0.0,0.0,0.0,0.0,0.0,1.0,0.0
1207443,0.0,0.0,0.0,0.0,0.0,2.0,0.0
1207818,0.0,0.0,1.0,0.0,0.0,2.0,0.0
1207943,0.0,0.0,1.0,0.0,0.0,0.0,0.0
1208026,0.0,0.0,1.0,0.0,0.0,1.0,0.0
1208526,0.0,0.0,1.0,0.0,0.0,0.0,0.0
1208818,0.0,0.0,0.0,0.0,0.0,0.0,0.0
1208888,0.0,0.0,0.0,0.0,0.0,1.0,0.0
1209388,0.0,0.0,0.0,0.0,0.0,0.0,0.0
1209980,0.0,0.0,0.0,0.0,0.0,1.0,0.0
1210361,0.0,0.0,0.0,0.0,0.0,2.0,0.0
1210861,0.0,0.0,0.0,0.0,0.0,0.0,0.0
1211235,0.0,0.0,0.0,0.0,0.0,1.0,0.0
1211238,0.0,0.0,0.0,0.0,0.0,2.0,0.0
1211738,0.0,0.0,0.0,0.0,0.0,0.0,0.0
1212397,0.0,0.0,0.0,0.0,0.0,1.0,0.0
1213243,0.0,0.0,0.0,0.0,0.0,2.0,0.0
1213743,0.0,0.0,0.0,0.0,0.0,0.0,0.0
1214347,0.0,0.0,0.0,0.0,0.0,1.0,0.0
1214847,0.0,0.0,0.0,0.0,0.0,0.0,0.0
1214935,0.0,0.0,0.0,0.0,0.0,1.0,0.0
1215435,0.0,0.0,0.0,0.0,0.0,0.0,0.0
1216564,0.0,0.0,0.0,0.0,0.0,1.0,0.0
1217064,0.0,0.0,0.0,0.0,0.0,0.0,0.0
1217822,0.0,0.0,0.0,0.0,0.0,1.0,0.0
1218027,0.0,0.0,0.0,0.0,0.0,2.0,0.0
1218527,0.0,0.0,0.0,0.0,0.0,0.0,0.0
1219194,0.0,0.0,0.0,0.0,0.0,1.0,0.0
1219196,0.0,0.0,0.0,0.0,0.0,2.0,0.0
1219696,0.0,0.0,0.0,0.0,0.0,0.0,0.0
1220417,0.0,0.0,0.0,0.0,0.0,1.0,0.0
1220573,0.0,0.0,0.0,0.0,0.0,2.0,0.0
1221073,0.0,0.0,0.0,0.0,0.0,0.0,0.0
1221546,0.0,0.0,0.0,0.0,0.0,1.0,0.0
1221548,0.0,0.0,0.0,0.0,0.0,2.0,0.0
1222048,0.0,0.0,0.0,0.0,0.0,0.0,0.0
1223291,0.0,0.0,0.0,0.0,0.0,1.0,0.0
1223571,0.0,0.0,0.0,0.0,0.0,2.0,0.0
1224071,0.0,0.0,0.0,0.0,0.0,0.0,0.0
1224358,0.0,0.0,0.0,0.0,0.0,1.0,0.0
1224858,0.0,0.0,0.0,0.0,0.0,0.0,0.0
1225153,0.0,0.0,0.0,0.0,0.0,1.0,0.0
1225155,0.0,0.0,0.0,0.0,0.0,2.0,0.0
1225655,0.0,0.0,0.0,0.0,0.0,0.0,0.0
1226810,0.0,0.0,0.0,0.0,0.0,1.0,0.0
1227310,0.0,0.0,0.0,0.0,0.0,0.0,0.0
1227315,0.0,0.0,0.0,0.0,0.0,1.0,0.0
1227318,0.0,0.0,0.0,0.0,0.0,2.0,0.0
1227818,0.0,0.0,0.0,0.0,0.0,0.0,0.0
1227855,0.0,0.0,0.0,0.0,0.0,1.0,0.0
1228355,0.0,0.0,0.0,0.0,0.0,0.0,0.0
1228372,0.0,0.0,0.0,0.0,0.0,1.0,0.0
1228436,0.0,0.0,0.0,0.0,0.0,2.0,0.0
1228936,0.0,0.0,0.0,0.0,0.0,0.0,0.0
1228981,0.0,0.0,0.0,0.0,0.0,1.0,0.0
1229481,0.0,0.0,0.0,0.0,0.0,0.0,0.0
1230194,0.0,0.0,0.0,0.0,0.0,1.0,0.0
1230198,0.0,0.0,0.0,0.0,0.0,2.0,0.0
1230698,0.0,0.0,0.0,0.0,0.0,0.0,0.0
1231074,0.0,0.0,0.0,0.0,0.0,1.0,0.0
1231574,0.0,0.0,0.0,0.0,0.0,0.0,0.0
1231670,0.0,0.0,0.0,0.0,0.0,1.0,0.0
1231679,0.0,0.0,0.0,0.0,0.0,2.0,0.0
1232179,0.0,0.0,0.0,0.0,0.0,0.0,0.0
1232378,0.0,0.0,0.0,0.0,0.0,1.0,0.0
1232878,0.0,0.0,0.0,0.0,0.0,0.0,0.0
1233708,0.0,0.0,0.0,0.0,0.0,1.0,0.0
1234208,0.0,0.0,0.0,0.0,0.0,0.0,0.0
1234616,0.0,0.0,0.0,0.0,0.0,1.0,0.0
1235116,0.0,0.0,0.0,0.0,0.0,0.0,0.0
1235144,0.0,0.0,0.0,0.0,0.0,1.0,0.0
1235644,0.0,0.0,0.0,0.0,0.0,0.0,0.0
1235942,0.0,0.0,0.0,0.0,1.0,0.0,0.0
1235943,0.0,0.0,0.0,0.0,1.0,1.0,0.0
1235944,0.0,0.0,0.0,0.0,2.0,1.0,0.0
1236443,0.0,0.0,0.0,0.0,2.0,0.0,0.0
1236444,0.0,0.0,0.0,0.0,0.0,0.0,0.0
1237448,0.0,0.0,0.0,0.0,0.0,1.0,0.0
1237948,0.0,0.0,0.0,0.0,0.0,0.0,0.0
1238399,0.0,0.0,0.0,0.0,0.0,1.0,0.0
1238899,0.0,0.0,0.0,0.0,0.0,0.0,0.0
1238927,0.0,0.0,0.0,0.0,0.0,1.0,0.0
1238929,0.0,0.0,0.0,0.0,0.0,2.0,0.0
1239429,0.0,0.0,0.0,0.0,0.0,0.0,0.0
1239647,0.0,0.0,0.0,0.0,0.0,1.0,0.0
1240147,0.0,0.0,0.0,0.0,0.0,0.0,0.0
1240177,0.0,0.0,0.0,0.0,0.0,1.0,0.0
1240256,0.0,0.0,0.0,0.0,1.0,1.0,0.0
1240677,0.0,0.0,0.0,0.0,1.0,0.0,0.0
1240756,0.0,0.0,0.0,0.0,0.0,0.0,0.0
1241558,0.0,0.0,0.0,0.0,0.0,1.0,0.0
1241595,0.0,0.0,0.0,0.0,0.0,2.0,0.0
1242095,0.0,0.0,0.0,0.0,0.0,0.0,0.0
1242125,0.0,0.0,0.0,0.0,0.0,1.0,0.0
1242129,0.0,0.0,0.0,0.0,0.0,2.0,0.0
1242629,0.0,0.0,0.0,0.0,0.0,0.0,0.0
1243124,0.0,0.0,0.0,0.0,0.0,1.0,0.0
1243624,0.0,0.0,0.0,0.0,0.0,0.0,0.0
1243810,0.0,0.0,0.0,0.0,0.0,1.0,0.0
1244310,0.0,0.0,0.0,0.0,0.0,0.0,0.0
1244989,0.0,0.0,0.0,0.0,0.0,1.0,0.0
1245489,0.0,0.0,0.0,0.0,0.0,0.0,0.0
1245548,0.0,0.0,0.0,0.0,0.0,1.0,0.0
1245862,0.0,0.0,0.0,0.0,0.0,2.0,0.0
1246362,0.0,0.0,0.0,0.0,0.0,0.0,0.0
1246711,0.0,0.0,0.0,0.0,0.0,1.0,0.0
1247211,0.0,0.0,0.0,0.0,0.0,0.0,0.0
1247790,0.0,0.0,0.0,0.0,0.0,1.0,0.0
1248290,0.0,0.0,0.0,0.0,0.0,0.0,0.0
1249061,0.0,0.0,0.0,0.0,0.0,1.0,0.0
1249561,0.0,0.0,0.0,0.0,0.0,0.0,0.0
1249623,0.0,0.0,0.0,0.0,0.0,1.0,0.0
1250014,0.0,0.0,0.0,0.0,0.0,2.0,0.0
1250514,0.0,0.0,0.0,0.0,0.0,0.0,0.0
1252903,0.0,0.0,0.0,0.0,0.0,1.0,0.0
1253403,0.0,0.0,0.0,0.0,0.0,0.0,0.0
1253710,0.0,0.0,0.0,0.0,0.0,1.0,0.0
1253716,0.0,0.0,0.0,0.0,0.0,2.0,0.0
1253717,0.0,0.0,0.0,0.0,1.0,2.0,0.0
1254216,0.0,0.0,0.0,0.0,1.0,0.0,0.0
1254217,0.0,0.0,0.0,0.0,0.0,0.0,0.0
1254759,0.0,0.0,0.0,0.0,0.0,1.0,0.0
1254772,0.0,0.0,0.0,0.0,1.0,1.0,0.0
1255259,0.0,0.0,0.0,0.0,1.0,0.0,0.0
1255272,0.0,0.0,0.0,0.0,0.0,0.0,0.0
1255374,0.0,0.0,0.0,0.0,0.0,1.0,0.0
1255874,0.0,0.0,0.0,0.0,0.0,0.0,0.0
1256508,0.0,0.0,0.0,0.0,0.0,1.0,0.0
1256563,0.0,0.0,0.0,0.0,0.0,2.0,0.0
1257063,0.0,0.0,0.0,0.0,0.0,0.0,0.0
1257720,0.0,0.0,0.0,0.0,0.0,1.0,0.0
1257898,0.0,2.0,0.0,0.0,0.0,1.0,0.0
1258220,0.0,2.0,0.0,0.0,0.0,0.0,0.0
1258398,0.0,0.0,0.0,0.0,0.0,0.0,0.0
1259482,0.0,0.0,0.0,0.0,0.0,1.0,0.0
1259982,0.0,0.0,0.0,0.0,0.0,0.0,0.0
1260147,0.0,0.0,0.0,0.0,0.0,1.0,0.0
1260647,0.0,0.0,0.0,0.0,0.0,0.0,0.0
1261229,0.0,0.0,0.0,0.0,0.0,1.0,0.0
1261231,0.0,0.0,0.0,0.0,0.0,2.0,0.0
1261731,0.0,0.0,0.0,0.0,0.0,0.0,0.0
1262311,0.0,0.0,0.0,0.0,0.0,1.0,0.0
1262811,0.0,0.0,0.0,0.0,0.0,0.0,0.0
1263092,0.0,0.0,0.0,0.0,0.0,1.0,0.0
1263592,0.0,0.0,0.0,0.0,0.0,0.0,0.0
1264332,0.0,0.0,0.0,0.0,0.0,1.0,0.0
1264341,0.0,0.0,0.0,0.0,0.0,2.0,0.0
1264841,0.0,0.0,0.0,0.0,0.0,0.0,0.0
1266189,0.0,0.0,0.0,0.0,0.0,1.0,0.0
1266689,0.0,0.0,0.0,0.0,0.0,0.0,0.0
1267065,0.0,0.0,0.0,0.0,0.0,1.0,0.0
1267329,0.0,0.0,0.0,0.0,0.0,2.0,0.0
1267829,0.0,0.0,0.0,0.0,0.0,0.0,0.0
1268193,0.0,0.0,0.0,0.0,0.0,1.0,0.0
1268693,0.0,0.0,0.0,0.0,0.0,0.0,0.0
1269478,0.0,0.0,0.0,0.0,0.0,1.0,0.0
1269978,0.0,0.0,0.0,0.0,0.0,0.0,0.0
1270021,0.0,0.0,0.0,0.0,0.0,1.0,0.0
1270521,0.0,0.0,0.0,0.0,0.0,0.0,0.0
1270566,0.0,0.0,0.0,0.0,0.0,1.0,0.0
1271066,0.0,0.0,0.0,0.0,0.0,0.0,0.0
1271222,0.0,0.0,0.0,0.0,0.0,1.0,0.0
1271224,0.0,0.0,0.0,0.0,0.0,2.0,0.0
1271724,0.0,0.0,0.0,0.0,0.0,0.0,0.0
1271758,0.0,0.0,0.0,0.0,0.0,1.0,0.0
1272189,0.0,0.0,0.0,0.0,1.0,1.0,0.0
1272214,0.0,0.0,0.0,0.0,1.0,2.0,0.0
1272689,0.0,0.0,0.0,0.0,0.0,2.0,0.0
1272714,0.0,0.0,0.0,0.0,0.0,0.0,0.0
1273523,0.0,0.0,0.0,0.0,0.0,1.0,0.0
1274023,0.0,0.0,0.0,0.0,0.0,0.0,0.0
1274107,0.0,0.0,0.0,0.0,0.0,1.0,0.0
1274152,0.0,0.0,0.0,0.0,0.0,2.0,0.0
1274652,0.0,0.0,0.0,0.0,0.0,0.0,0.0
1274961,0.0,0.0,0.0,0.0,0.0,1.0,0.0
1275461,0.0,0.0,0.0,0.0,0.0,0.0,0.0
1275498,0.0,0.0,0.0,0.0,0.0,1.0,0.0
1275520,0.0,0.0,0.0,0.0,0.0,2.0,0.0
1276020,0.0,0.0,0.0,0.0,0.0,0.0,0.0
1276595,0.0,0.0,0.0,0.0,0.0,1.0,0.0
1277095,0.0,0.0,0.0,0.0,0.0,0.0,0.0
1277692,0.0,0.0,0.0,0.0,0.0,1.0,0.0
1278192,0.0,0.0,0.0,0.0,0.0,0.0,0.0
1278302,0.0,0.0,0.0,0.0,0.0,1.0,0.0
1278802,0.0,0.0,0.0,0.0,0.0,0.0,0.0
1278987,0.0,0.0,0.0,0.0,0.0,1.0,0.0
1279134,0.0,0.0,0.0,0.0,0.0,2.0,0.0
1279634,0.0,0.0,0.0,0.0,0.0,0.0,0.0
1280861,0.0,0.0,0.0,0.0,0.0,1.0,0.0
1280897,0.0,0.0,0.0,0.0,0.0,2.0,0.0
1281397,0.0,0.0,0.0,0.0,0.0,0.0,0.0
1281793,0.0,0.0,0.0,0.0,0.0,1.0,0.0
1282293,0.0,0.0,0.0,0.0,0.0,0.0,0.0
1282400,0.0,0.0,0.0,0.0,0.0,1.0,0.0
1282900,0.0,0.0,0.0,0.0,0.0,0.0,0.0
1283193,0.0,0.0,0.0,0.0,0.0,1.0,0.0
1283693,0.0,0.0,0.0,0.0,0.0,0.0,0.0
1283847,0.0,0.0,0.0,0.0,0.0,1.0,0.0
1284347,0.0,0.0,0.0,0.0,0.0,0.0,0.0
1285520,0.0,0.0,0.0,0.0,0.0,1.0,0.0
1285527,0.0,0.0,0.0,0.0,0.0,2.0,0.0
1286027,0.0,0.0,0.0,0.0,0.0,0.0,0.0
1286082,0.0,0.0,0.0,0.0,0.0,1.0,0.0
1286582,0.0,0.0,0.0,0.0,0.0,0.0,0.0
1286918,0.0,0.0,0.0,0.0,0.0,1.0,0.0
1287418,0.0,0.0,0.0,0.0,0.0,0.0,0.0
1287624,0.0,0.0,0.0,0.0,0.0,1.0,0.0
1288124,0.0,0.0,0.0,0.0,0.0,0.0,0.0
1288298,0.0,0.0,0.0,0.0,0.0,1.0,0.0
1288798,0.0,0.0,0.0,0.0,0.0,0.0,0.0
1289561,0.0,0.0,0.0,0.0,0.0,1.0,0.0
1290061,0.0,0.0,0.0,0.0,0.0,0.0,0.0
1290173,0.0,0.0,0.0,0.0,0.0,1.0,0.0
1290673,0.0,0.0,0.0,0.0,0.0,0.0,0.0
1291790,0.0,0.0,0.0,0.0,1.0,0.0,0.0
1291808,0.0,0.0,0.0,0.0,1.0,1.0,0.0
1291877,0.0,0.0,0.0,0.0,1.0,2.0,0.0
1292290,0.0,0.0,0.0,0.0,0.0,2.0,0.0
1292377,0.0,0.0,0.0,0.0,0.0,0.0,0.0
1293122,0.0,0.0,0.0,0.0,0.0,1.0,0.0
1293622,0.0,0.0,0.0,0.0,0.0,0.0,0.0
1293807,0.0,0.0,0.0,0.0,0.0,1.0,0.0
1294107,0.0,0.0,0.0,0.0,0.0,2.0,0.0
1294488,0.0,0.0,0.0,0.0,1.0,2.0,0.0
1294607,0.0,0.0,0.0,0.0,1.0,0.0,0.0
1294988,0.0,0.0,0.0,0.0,0.0,0.0,0.0
1296073,0.0,0.0,0.0,0.0,0.0,1.0,0.0
1296546,0.0,0.0,0.0,0.0,1.0,1.0,0.0
1296573,0.0,0.0,0.0,0.0,1.0,0.0,0.0
1296930,0.0,0.0,0.0,0.0,1.0,1.0,0.0
1297046,0.0,0.0,0.0,0.0,0.0,1.0,0.0
1297430,0.0,0.0,0.0,0.0,0.0,0.0,0.0
1298517,0.0,0.0,0.0,0.0,0.0,1.0,0.0
1299017,0.0,0.0,0.0,0.0,0.0,0.0,0.0
1302601,0.0,0.0,0.0,0.0,1.0,0.0,0.0
1302821,0.0,0.0,0.0,0.0,1.0,1.0,0.0
1302823,0.0,0.0,0.0,0.0,1.0,2.0,0.0
1303101,0.0,0.0,0.0,0.0,0.0,2.0,0.0
1303323,0.0,0.0,0.0,0.0,0.0,0.0,0.0
1307396,0.0,0.0,0.0,0.0,0.0,1.0,0.0
1307896,0.0,0.0,0.0,0.0,0.0,0.0,0.0
1308436,0.0,0.0,0.0,0.0,0.0,1.0,0.0
1308437,0.0,0.0,0.0,0.0,0.0,2.0,0.0
1308937,0.0,0.0,0.0,0.0,0.0,0.0,0.0
1317823,0.0,0.0,0.0,0.0,0.0,1.0,0.0
1317850,0.0,0.0,0.0,0.0,0.0,2.0,0.0
1318350,0.0,0.0,0.0,0.0,0.0,0.0,0.0
1321529,0.0,0.0,0.0,0.0,0.0,1.0,0.0
1322029,0.0,0.0,0.0,0.0,0.0,0.0,0.0
1323168,0.0,0.0,0.0,0.0,0.0,1.0,0.0
1323668,0.0,0.0,0.0,0.0,0.0,0.0,0.0
1324038,0.0,0.0,0.0,0.0,0.0,1.0,0.0
1324538,0.0,0.0,0.0,0.0,0.0,0.0,0.0
1325960,0.0,0.0,0.0,0.0,0.0,1.0,0.0
1325962,0.0,0.0,0.0,0.0,0.0,2.0,0.0
1326462,0.0,0.0,0.0,0.0,0.0,0.0,0.0
1329367,0.0,0.0,0.0,0.0,0.0,1.0,0.0
1329867,0.0,0.0,0.0,0.0,0.0,0.0,0.0
1331694,0.0,0.0,0.0,0.0,0.0,1.0,0.0
1332194,0.0,0.0,0.0,0.0,0.0,0.0,0.0
1332901,0.0,0.0,0.0,0.0,1.0,0.0,0.0
1333038,0.0,0.0,0.0,0.0,1.0,1.0,0.0
1333401,0.0,0.0,0.0,0.0,0.0,1.0,0.0
1333538,0.0,0.0,0.0,0.0,0.0,0.0,0.0
1337496,0.0,0.0,0.0,0.0,0.0,1.0,0.0
1337498,0.0,0.0,0.0,0.0,0.0,2.0,0.0
1337998,0.0,0.0,0.0,0.0,0.0,0.0,0.0
1339588,0.0,0.0,0.0,0.0,0.0,1.0,0.0
1340088,0.0,0.0,0.0,0.0,0.0,0.0,0.0
1344198,0.0,0.0,0.0,0.0,0.0,1.0,0.0
1344698,0.0,0.0,0.0,0.0,0.0,0.0,0.0
1344876,0.0,0.0,0.0,0.0,0.0,1.0,0.0
1345376,0.0,0.0,0.0,0.0,0.0,0.0,0.0
1347222,0.0,0.0,0.0,0.0,0.0,1.0,0.0
1347722,0.0,0.0,0.0,0.0,0.0,0.0,0.0
1348762,0.0,0.0,0.0,0.0,1.0,0.0,0.0
1349173,0.0,0.0,0.0,0.0,1.0,1.0,0.0
1349262,0.0,0.0,0.0,0.0,0.0,1.0,0.0
1349673,0.0,0.0,0.0,0.0,0.0,0.0,0.0
1350275,0.0,0.0,0.0,0.0,0.0,1.0,0.0
1350775,0.0,0.0,0.0,0.0,0.0,0.0,0.0
1353418,0.0,0.0,0.0,0.0,0.0,1.0,0.0
1353918,0.0,0.0,0.0,0.0,0.0,0.0,0.0
1355963,0.0,0.0,0.0,0.0,0.0,1.0,0.0
1356463,0.0,0.0,0.0,0.0,0.0,0.0,0.0
1356608,0.0,0.0,0.0,0.0,0.0,1.0,0.0
1357108,0.0,0.0,0.0,0.0,0.0,0.0,0.0
1358781,0.0,0.0,0.0,0.0,0.0,1.0,0.0
1359281,0.0,0.0,0.0,0.0,0.0,0.0,0.0
1361848,0.0,0.0,0.0,0.0,0.0,1.0,0.0
1362348,0.0,0.0,0.0,0.0,0.0,0.0,0.0
1363111,0.0,0.0,0.0,0.0,0.0,1.0,0.0
1363115,0.0,0.0,0.0,0.0,0.0,2.0,0.0
1363615,0.0,0.0,0.0,0.0,0.0,0.0,0.0
1365450,0.0,0.0,0.0,0.0,0.0,1.0,0.0
1365950,0.0,0.0,0.0,0.0,0.0,0.0,0.0
1371874,0.0,0.0,0.0,0.0,0.0,1.0,0.0
1371876,0.0,0.0,0.0,0.0,0.0,2.0,0.0
1372376,0.0,0.0,0.0,0.0,0.0,0.0,0.0
1374889,0.0,0.0,0.0,0.0,0.0,1.0,0.0
1375389,0.0,0.0,0.0,0.0,0.0,0.0,0.0
1375822,0.0,0.0,0.0,0.0,0.0,1.0,0.0
1376322,0.0,0.0,0.0,0.0,0.0,0.0,0.0
1380974,0.0,0.0,0.0,0.0,0.0,1.0,0.0
1381474,0.0,0.0,0.0,0.0,0.0,0.0,0.0
1383570,0.0,0.0,0.0,0.0,0.0,1.0,0.0
1384070,0.0,0.0,0.0,0.0,0.0,0.0,0.0
1387720,0.0,0.0,0.0,0.0,0.0,1.0,0.0
1388220,0.0,0.0,0.0,0.0,0.0,0.0,0.0
1388562,0.0,0.0,0.0,0.0,0.0,1.0,0.0
1389062,0.0,0.0,0.0,0.0,0.0,0.0,0.0
1389107,0.0,0.0,0.0,0.0,0.0,1.0,0.0
1389117,0.0,0.0,0.0,0.0,1.0,2.0,0.0
1389617,0.0,0.0,0.0,0.0,0.0,0.0,0.0
1392521,0.0,0.0,0.0,0.0,0.0,1.0,0.0
1393021,0.0,0.0,0.0,0.0,0.0,0.0,0.0
1394959,0.0,0.0,0.0,0.0,0.0,1.0,0.0
1395459,0.0,0.0,0.0,0.0,0.0,0.0,0.0
1397481,0.0,0.0,0.0,0.0,0.0,1.0,0.0
1397981,0.0,0.0,0.0,0.0,0.0,0.0,0.0
1400000,0.0,0.0,0.0,0.0,0.0,0.0,1.0
1400013,0.0,0.0,0.0,0.0,0.0,1.0,1.0
1400069,0.0,0.0,0.0,0.0,1.0,1.0,1.0
1400071,0.0,0.0,0.0,0.0,1.0,2.0,1.0
1400075,0.0,0.0,0.0,0.0,2.0,2.0,1.0
1400127,2.0,0.0,0.0,0.0,2.0,2.0,1.0
1400410,2.0,2.0,0.0,0.0,2.0,2.0,1.0
1400500,2.0,2.0,0.0,0.0,2.0,2.0,0.0
1400571,2.0,2.0,0.0,0.0,2.0,0.0,0.0
1400575,2.0,2.0,0.0,0.0,0.0,0.0,0.0
1400627,0.0,2.0,0.0,0.0,0.0,0.0,0.0
1400910,0.0,0.0,0.0,0.0,0.0,0.0,0.0
1401393,0.0,0.0,0.0,0.0,0.0,1.0,0.0
1401893,0.0,0.0,0.0,0.0,0.0,0.0,0.0
1402834,0.0,0.0,0.0,0.0,0.0,1.0,0.0
1402840,0.0,0.0,0.0,0.0,0.0,2.0,0.0
1402912,0.0,0.0,1.0,0.0,0.0,2.0,0.0
1403340,0.0,0.0,1.0,0.0,0.0,0.0,0.0
1404974,0.0,0.0,1.0,0.0,0.0,1.0,0.0
1405474,0.0,0.0,1.0,0.0,0.0,0.0,0.0
1405756,0.0,0.0,1.0,0.0,0.0,1.0,0.0
1405856,0.0,0.0,1.0,0.0,1.0,1.0,0.0
1405921,0.0,0.0,2.0,0.0,1.0,1.0,0.0
1406256,0.0,0.0,2.0,0.0,1.0,0.0,0.0
1406356,0.0,0.0,2.0,0.0,0.0,0.0,0.0
1406421,0.0,0.0,0.0,0.0,0.0,0.0,0.0
1406425,0.0,0.0,1.0,0.0,0.0,0.0,0.0
1406465,0.0,0.0,1.0,0.0,0.0,1.0,0.0
1406588,0.0,0.0,1.0,0.0,1.0,1.0,0.0
1406589,0.0,2.0,1.0,0.0,1.0,1.0,0.0
1406925,0.0,2.0,0.0,0.0,1.0,1.0,0.0
1406963,0.0,2.0,1.0,0.0,1.0,1.0,0.0
1406965,0.0,2.0,1.0,0.0,1.0,0.0,0.0
1407032,0.0,2.0,1.0,0.0,1.0,1.0,0.0
1407034,0.0,2.0,1.0,0.0,1.0,2.0,0.0
1407088,0.0,2.0,1.0,0.0,0.0,2.0,0.0
1407089,0.0,0.0,1.0,0.0,0.0,2.0,0.0
1407219,0.0,0.0,1.0,0.0,1.0,2.0,0.0
1407463,0.0,0.0,0.0,0.0,1.0,2.0,0.0
1407534,0.0,0.0,0.0,0.0,1.0,0.0,0.0
1407719,0.0,0.0,0.0,0.0,0.0,0.0,0.0
1408258,0.0,0.0,0.0,0.0,0.0,1.0,0.0
1408758,0.0,0.0,0.0,0.0,0.0,0.0,0.0
1410423,0.0,0.0,0.0,0.0,0.0,1.0,0.0
1410453,0.0,0.0,0.0,0.0,0.0,2.0,0.0
1410953,0.0,0.0,0.0,0.0,0.0,0.0,0.0
1411211,0.0,0.0,0.0,0.0,0.0,1.0,0.0
1411711,0.0,0.0,0.0,0.0,0.0,0.0,0.0
1411818,0.0,0.0,0.0,0.0,0.0,1.0,0.0
1412318,0.0,0.0,0.0,0.0,0.0,0.0,0.0
1412660,0.0,0.0,0.0,0.0,0.0,1.0,0.0
1413160,0.0,0.0,0.0,0.0,0.0,0.0,0.0
1414497,0.0,0.0,0.0,0.0,0.0,1.0,0.0
1414837,0.0,0.0,0.0,0.0,0.0,2.0,0.0
1415337,0.0,0.0,0.0,0.0,0.0,0.0,0.0
1415349,0.0,0.0,0.0,0.0,0.0,1.0,0.0
1415351,0.0,0.0,0.0,0.0,0.0,2.0,0.0
1415851,0.0,0.0,0.0,0.0,0.0,0.0,0.0
1416403,0.0,0.0,0.0,0.0,0.0,1.0,0.0
1416409,0.0,0.0,0.0,0.0,0.0,2.0,0.0
1416909,0.0,0.0,0.0,0.0,0.0,0.0,0.0
1417058,0.0,0.0,0.0,0.0,0.0,1.0,0.0
1417061,0.0,0.0,0.0,0.0,0.0,2.0,0.0
1417561,0.0,0.0,0.0,0.0,0.0,0.0,0.0
1417800,0.0,0.0,0.0,0.0,0.0,1.0,0.0
1418300,0.0,0.0,0.0,0.0,0.0,0.0,0.0
1418477,0.0,0.0,0.0,0.0,0.0,1.0,0.0
1418830,0.0,0.0,0.0,0.0,0.0,2.0,0.0
1419330,0.0,0.0,0.0,0.0,0.0,0.0,0.0
1419465,0.0,0.0,0.0,0.0,0.0,1.0,0.0
1419965,0.0,0.0,0.0,0.0,0.0,0.0,0.0
1419992,0.0,0.0,0.0,0.0,0.0,1.0,0.0
1420492,0.0,0.0,0.0,0.0,0.0,0.0,0.0
1421999,0.0,0.0,0.0,0.0,0.0,1.0,0.0
1422499,0.0,0.0,0.0,0.0,0.0,0.0,0.0
1422629,0.0,0.0,0.0,0.0,0.0,1.0,0.0
1422631,0.0,0.0,0.0,0.0,0.0,2.0,0.0
1423131,0.0,0.0,0.0,0.0,0.0,0.0,0.0
1423295,0.0,0.0,0.0,0.0,0.0,1.0,0.0
1423795,0.0,0.0,0.0,0.0,0.0,0.0,0.0
1424531,0.0,0.0,0.0,0.0,0.0,1.0,0.0
1424542,0.0,0.0,0.0,0.0,0.0,2.0,0.0
1425042,0.0,0.0,0.0,0.0,0.0,0.0,0.0
1425124,0.0,0.0,0.0,0.0,0.0,1.0,0.0
1425431,0.0,0.0,0.0,0.0,0.0,2.0,0.0
1425931,0.0,0.0,0.0,0.0,0.0,0.0,0.0
1426097,0.0,0.0,0.0,0.0,0.0,1.0,0.0
1426101,0.0,0.0,0.0,0.0,0.0,2.0,0.0
1426601,0.0,0.0,0.0,0.0,0.0,0.0,0.0
1427352,0.0,0.0,0.0,0.0,0.0,1.0,0.0
1427852,0.0,0.0,0.0,0.0,0.0,0.0,0.0
1427985,0.0,0.0,0.0,0.0,0.0,1.0,0.0
1428485,0.0,0.0,0.0,0.0,0.0,0.0,0.0
1430558,0.0,0.0,0.0,0.0,0.0,1.0,0.0
1431058,0.0,0.0,0.0,0.0,0.0,0.0,0.0
1431074,0.0,0.0,0.0,0.0,0.0,1.0,0.0
1431574,0.0,0.0,0.0,0.0,0.0,0.0,0.0
1432318,0.0,0.0,0.0,0.0,0.0,1.0,0.0
1432818,0.0,0.0,0.0,0.0,0.0,0.0,0.0
1432902,0.0,0.0,0.0,0.0,0.0,1.0,0.0
1433402,0.0,0.0,0.0,0.0,0.0,0.0,0.0
1434576,0.0,0.0,0.0,0.0,0.0,1.0,0.0
1435076,0.0,0.0,0.0,0.0,0.0,0.0,0.0
1435312,0.0,0.0,0.0,0.0,0.0,1.0,0.0
1435812,0.0,0.0,0.0,0.0,0.0,0.0,0.0
1436167,0.0,0.0,0.0,0.0,0.0,1.0,0.0
1436667,0.0,0.0,0.0,0.0,0.0,0.0,0.0
1437344,0.0,0.0,0.0,0.0,0.0,1.0,0.0
1437844,0.0,0.0,0.0,0.0,0.0,0.0,0.0
1438648,0.0,0.0,0.0,0.0,0.0,1.0,0.0
1438815,0.0,0.0,0.0,0.0,0.0,2.0,0.0
1439315,0.0,0.0,0.0,0.0,0.0,0.0,0.0
1440104,0.0,0.0,0.0,0.0,0.0,1.0,0.0
1440108,0.0,0.0,0.0,0.0,0.0,2.0,0.0
1440608,0.0,0.0,0.0,0.0,0.0,0.0,0.0
1441097,0.0,0.0,0.0,0.0,0.0,1.0,0.0
1441597,0.0,0.0,0.0,0.0,0.0,0.0,0.0
1442605,0.0,0.0,0.0,0.0,0.0,1.0,0.0
1443105,0.0,0.0,0.0,0.0,0.0,0.0,0.0
1443386,0.0,0.0,0.0,0.0,0.0,1.0,0.0
1443401,0.0,0.0,0.0,0.0,0.0,2.0,0.0
1443901,0.0,0.0,0.0,0.0,0.0,0.0,0.0
1444748,0.0,0.0,0.0,0.0,0.0,1.0,0.0
1445076,0.0,0.0,0.0,0.0,0.0,2.0,0.0
1445576,0.0,0.0,0.0,0.0,0.0,0.0,0.0
1446536,0.0,0.0,0.0,0.0,0.0,1.0,0.0
1447036,0.0,0.0,0.0,0.0,0.0,0.0,0.0
1447276,0.0,0.0,0.0,0.0,0.0,1.0,0.0
1447776,0.0,0.0,0.0,0.0,0.0,0.0,0.0
1447783,0.0,0.0,0.0,0.0,0.0,1.0,0.0
1448283,0.0,0.0,0.0,0.0,0.0,0.0,0.0
1449306,0.0,0.0,0.0,0.0,0.0,1.0,0.0
1449312,0.0,0.0,0.0,0.0,0.0,2.0,0.0
1449812,0.0,0.0,0.0,0.0,0.0,0.0,0.0
1451056,0.0,0.0,0.0,0.0,0.0,1.0,0.0
1451556,0.0,0.0,0.0,0.0,0.0,0.0,0.0
1451907,0.0,0.0,0.0,0.0,0.0,1.0,0.0
1452238,0.0,0.0,0.0,0.0,0.0,2.0,0.0
1452738,0.0,0.0,0.0,0.0,0.0,0.0,0.0
1453486,0.0,0.0,0.0,0.0,0.0,1.0,0.0
1453986,0.0,0.0,0.0,0.0,0.0,0.0,0.0
1454419,0.0,0.0,0.0,0.0,0.0,1.0,0.0
1454919,0.0,0.0,0.0,0.0,0.0,0.0,0.0
1454978,0.0,0.0,0.0,0.0,0.0,1.0,0.0
1454981,0.0,0.0,0.0,0.0,0.0,2.0,0.0
1455481,0.0,0.0,0.0,0.0,0.0,0.0,0.0
1455589,0.0,0.0,0.0,0.0,0.0,1.0,0.0
1455592,0.0,0.0,0.0,0.0,0.0,2.0,0.0
1456092,0.0,0.0,0.0,0.0,0.0,0.0,0.0
1456853,0.0,0.0,0.0,0.0,0.0,1.0,0.0
1457353,0.0,0.0,0.0,0.0,0.0,0.0,0.0
1457363,0.0,0.0,0.0,0.0,0.0,1.0,0.0
1457863,0.0,0.0,0.0,0.0,0.0,0.0,0.0
1457914,0.0,0.0,0.0,0.0,0.0,1.0,0.0
1458027,0.0,0.0,0.0,0.0,0.0,2.0,0.0
1458527,0.0,0.0,0.0,0.0,0.0,0.0,0.0
1459265,0.0,0.0,0.0,0.0,0.0,1.0,0.0
1459266,0.0,0.0,0.0,0.0,1.0,1.0,0.0
1459267,0.0,0.0,0.0,0.0,1.0,2.0,0.0
1459766,0.0,0.0,0.0,0.0,0.0,2.0,0.0
1459767,0.0,0.0,0.0,0.0,0.0,0.0,0.0
1460761,0.0,0.0,0.0,0.0,0.0,1.0,0.0
1461261,0.0,0.0,0.0,0.0,0.0,0.0,0.0
1462846,0.0,0.0,0.0,0.0,0.0,1.0,0.0
1463346,0.0,0.0,0.0,0.0,0.0,0.0,0.0
1463497,0.0,0.0,0.0,0.0,0.0,1.0,0.0
1463997,0.0,0.0,0.0,0.0,0.0,0.0,0.0
1464297,0.0,0.0,0.0,0.0,0.0,1.0,0.0
1464797,0.0,0.0,0.0,0.0,0.0,0.0,0.0
1464952,0.0,0.0,0.0,0.0,0.0,1.0,0.0
1465452,0.0,0.0,0.0,0.0,0.0,0.0,0.0
1465780,0.0,0.0,0.0,0.0,0.0,1.0,0.0
1466280,0.0,0.0,0.0,0.0,0.0,0.0,0.0
1466433,0.0,0.0,0.0,0.0,0.0,1.0,0.0
1466435,0.0,0.0,0.0,0.0,0.0,2.0,0.0
1466935,0.0,0.0,0.0,0.0,0.0,0.0,0.0
1467924,0.0,0.0,0.0,0.0,0.0,1.0,0.0
1468424,0.0,0.0,0.0,0.0,0.0,0.0,0.0
1468614,0.0,0.0,0.0,0.0,0.0,1.0,0.0
1469114,0.0,0.0,0.0,0.0,0.0,0.0,0.0
1469572,0.0,0.0,0.0,0.0,0.0,1.0,0.0
1469649,0.0,0.0,0.0,0.0,0.0,2.0,0.0
1470149,0.0,0.0,0.0,0.0,0.0,0.0,0.0
1470428,0.0,0.0,0.0,0.0,0.0,1.0,0.0
1470928,0.0,0.0,0.0,0.0,0.0,0.0,0.0
1471141,0.0,0.0,0.0,0.0,0.0,1.0,0.0
1471143,0.0,0.0,0.0,0.0,0.0,2.0,0.0
1471643,0.0,0.0,0.0,0.0,0.0,0.0,0.0
1471885,0.0,0.0,0.0,0.0,0.0,1.0,0.0
1471887,0.0,0.0,0.0,0.0,0.0,2.0,0.0
1471921,0.0,0.0,0.0,0.0,1.0,2.0,0.0
1472387,0.0,0.0,0.0,0.0,1.0,0.0,0.0
1472421,0.0,0.0,0.0,0.0,0.0,0.0,0.0
1472714,0.0,0.0,0.0,0.0,0.0,1.0,0.0
1472715,0.0,0.0,0.0,0.0,1.0,1.0,0.0
1473214,0.0,0.0,0.0,0.0,1.0,0.0,0.0
1473215,0.0,0.0,0.0,0.0,0.0,0.0,0.0
1473235,0.0,0.0,0.0,0.0,0.0,1.0,0.0
1473735,0.0,0.0,0.0,0.0,0.0,0.0,0.0
1474119,0.0,0.0,0.0,0.0,0.0,1.0,0.0
1474348,0.0,2.0,0.0,0.0,0.0,1.0,0.0
1474619,0.0,2.0,0.0,0.0,0.0,0.0,0.0
1474657,0.0,2.0,0.0,0.0,0.0,1.0,0.0
1474661,0.0,2.0,0.0,0.0,0.0,2.0,0.0
1474848,0.0,0.0,0.0,0.0,0.0,2.0,0.0
1475161,0.0,0.0,0.0,0.0,0.0,0.0,0.0
1475219,0.0,0.0,0.0,0.0,0.0,1.0,0.0
1475224,0.0,0.0,0.0,0.0,0.0,2.0,0.0
1475724,0.0,0.0,0.0,0.0,0.0,0.0,0.0
1476319,0.0,0.0,0.0,0.0,0.0,1.0,0.0
1476819,0.0,0.0,0.0,0.0,0.0,0.0,0.0
1476887,0.0,0.0,0.0,0.0,0.0,1.0,0.0
1477387,0.0,0.0,0.0,0.0,0.0,0.0,0.0
1477441,0.0,0.0,0.0,0.0,0.0,1.0,0.0
1477449,0.0,0.0,0.0,0.0,0.0,2.0,0.0
1477949,0.0,0.0,0.0,0.0,0.0,0.0,0.0
1478086,0.0,0.0,0.0,0.0,0.0,1.0,0.0
1478586,0.0,0.0,0.0,0.0,0.0,0.0,0.0
1479102,0.0,0.0,0.0,0.0,0.0,1.0,0.0
1479602,0.0,0.0,0.0,0.0,0.0,0.0,0.0
1479769,0.0,0.0,0.0,0.0,0.0,1.0,0.0
1479773,0.0,0.0,0.0,0.0,0.0,2.0,0.0
1480273,0.0,0.0,0.0,0.0,0.0,0.0,0.0
1480649,0.0,0.0,0.0,0.0,0.0,1.0,0.0
1481149,0.0,0.0,0.0,0.0,0.0,0.0,0.0
1481328,0.0,0.0,0.0,0.0,0.0,1.0,0.0
1481828,0.0,0.0,0.0,0.0,0.0,0.0,0.0
1482550,0.0,0.0,0.0,0.0,0.0,1.0,0.0
1482642,0.0,0.0,0.0,0.0,0.0,2.0,0.0
1483142,0.0,0.0,0.0,0.0,0.0,0.0,0.0
1484128,0.0,0.0,0.0,0.0,0.0,1.0,0.0
1484628,0.0,0.0,0.0,0.0,0.0,0.0,0.0
1485482,0.0,0.0,0.0,0.0,0.0,1.0,0.0
1485982,0.0,0.0,0.0,0.0,0.0,0.0,0.0
1486276,0.0,0.0,0.0,0.0,0.0,1.0,0.0
1486282,0.0,0.0,0.0,0.0,0.0,2.0,0.0
1486782,0.0,0.0,0.0,0.0,0.0,0.0,0.0
1487423,0.0,0.0,0.0,0.0,1.0,1.0,0.0
1487425,0.0,0.0,0.0,0.0,1.0,2.0,0.0
1487426,0.0,0.0,0.0,0.0,2.0,2.0,0.0
1487925,0.0,0.0,0.0,0.0,2.0,0.0,0.0
1487926,0.0,0.0,0.0,0.0,0.0,0.0,0.0
1488090,0.0,0.0,0.0,0.0,0.0,1.0,0.0
1488094,0.0,0.0,0.0,0.0,0.0,2.0,0.0
1488594,0.0,0.0,0.0,0.0,0.0,0.0,0.0
1488909,0.0,0.0,0.0,0.0,1.0,0.0,0.0
1489409,0.0,0.0,0.0,0.0,0.0,0.0,0.0
1489890,0.0,0.0,0.0,0.0,0.0,1.0,0.0
1490223,0.0,0.0,0.0,0.0,0.0,2.0,0.0
1490723,0.0,0.0,0.0,0.0,0.0,0.0,0.0
1491010,0.0,0.0,0.0,0.0,0.0,1.0,0.0
1491012,0.0,0.0,0.0,0.0,0.0,2.0,0.0
1491512,0.0,0.0,0.0,0.0,0.0,0.0,0.0
1491586,0.0,0.0,0.0,0.0,0.0,1.0,0.0
1492086,0.0,0.0,0.0,0.0,0.0,0.0,0.0
1492137,0.0,0.0,0.0,0.0,0.0,1.0,0.0
1492139,0.0,0.0,0.0,0.0,0.0,2.0,0.0
1492639,0.0,0.0,0.0,0.0,0.0,0.0,0.0
1492783,0.0,0.0,0.0,0.0,0.0,1.0,0.0
1493283,0.0,0.0,0.0,0.0,0.0,0.0,0.0
1493461,0.0,0.0,0.0,0.0,0.0,1.0,0.0
1493961,0.0,0.0,0.0,0.0,0.0,0.0,0.0
1494474,0.0,0.0,0.0,0.0,0.0,1.0,0.0
1494569,0.0,0.0,0.0,0.0,0.0,2.0,0.0
1494743,0.0,2.0,0.0,0.0,0.0,2.0,0.0
1495069,0.0,2.0,0.0,0.0,0.0,0.0,0.0
1495243,0.0,0.0,0.0,0.0,0.0,0.0,0.0
1495470,0.0,0.0,0.0,0.0,0.0,1.0,0.0
1495970,0.0,0.0,0.0,0.0,0.0,0.0,0.0
1496525,0.0,0.0,0.0,0.0,0.0,1.0,0.0
1497025,0.0,0.0,0.0,0.0,0.0,0.0,0.0
1498026,0.0,0.0,0.0,0.0,0.0,1.0,0.0
1498526,0.0,0.0,0.0,0.0,0.0,0.0,0.0
1499224,0.0,0.0,0.0,0.0,0.0,1.0,0.0
1499724,0.0,0.0,0.0,0.0,0.0,0.0,0.0
1501246,0.0,0.0,0.0,0.0,0.0,1.0,0.0
1501746,0.0,0.0,0.0,0.0,0.0,0.0,0.0
1504923,0.0,0.0,0.0,0.0,0.0,1.0,0.0
1505423,0.0,0.0,0.0,0.0,0.0,0.0,0.0
1506437,0.0,0.0,0.0,0.0,0.0,1.0,0.0
1506937,0.0,0.0,0.0,0.0,0.0,0.0,0.0
1509115,0.0,0.0,0.0,0.0,0.0,1.0,0.0
1509615,0.0,0.0,0.0,0.0,0.0,0.0,0.0
1509900,0.0,0.0,0.0,0.0,0.0,1.0,0.0
1510400,0.0,0.0,0.0,0.0,0.0,0.0,0.0
1512454,0.0,0.0,0.0,0.0,0.0,1.0,0.0
1512954,0.0,0.0,0.0,0.0,0.0,0.0,0.0
1514338,0.0,0.0,0.0,0.0,0.0,1.0,0.0
1514838,0.0,0.0,0.0,0.0,0.0,0.0,0.0
1515268,0.0,0.0,0.0,0.0,0.0,1.0,0.0
1515768,0.0,0.0,0.0,0.0,0.0,0.0,0.0
1515793,0.0,0.0,0.0,0.0,0.0,1.0,0.0
1516293,0.0,0.0,0.0,0.0,0.0,0.0,0.0
1516556,0.0,0.0,0.0,0.0,1.0,0.0,0.0
1516557,0.0,0.0,0.0,0.0,2.0,0.0,0.0
1517057,0.0,0.0,0.0,0.0,0.0,0.0,0.0
1517422,0.0,0.0,0.0,0.0,0.0,1.0,0.0
1517424,0.0,0.0,0.0,0.0,0.0,2.0,0.0
1517924,0.0,0.0,0.0,0.0,0.0,0.0,0.0
1520702,0.0,0.0,0.0,0.0,0.0,1.0,0.0
1520704,0.0,0.0,0.0,0.0,0.0,2.0,0.0
1521204,0.0,0.0,0.0,0.0,0.0,0.0,0.0
1523120,0.0,0.0,0.0,0.0,0.0,1.0,0.0
1523131,0.0,0.0,0.0,0.0,0.0,2.0,0.0
1523631,0.0,0.0,0.0,0.0,0.0,0.0,0.0
1524041,0.0,0.0,0.0,0.0,1.0,0.0,0.0
1524541,0.0,0.0,0.0,0.0,0.0,0.0,0.0
1524920,0.0,0.0,0.0,0.0,0.0,1.0,0.0
1525420,0.0,0.0,0.0,0.0,0.0,0.0,0.0
1527175,0.0,0.0,0.0,0.0,0.0,1.0,0.0
1527675,0.0,0.0,0.0,0.0,0.0,0.0,0.0
1530382,0.0,0.0,0.0,0.0,0.0,1.0,0.0
1530882,0.0,0.0,0.0,0.0,0.0,0.0,0.0
1534582,0.0,0.0,0.0,0.0,0.0,1.0,0.0
1534973,0.0,0.0,0.0,0.0,0.0,2.0,0.0
1535473,0.0,0.0,0.0,0.0,0.0,0.0,0.0
1536026,0.0,0.0,0.0,0.0,0.0,1.0,0.0
1536526,0.0,0.0,0.0,0.0,0.0,0.0,0.0
1539818,0.0,0.0,0.0,0.0,0.0,1.0,0.0
1540318,0.0,0.0,0.0,0.0,0.0,0.0,0.0
1543450,0.0,0.0,0.0,0.0,0.0,1.0,0.0
1543950,0.0,0.0,0.0,0.0,0.0,0.0,0.0
1546075,0.0,0.0,0.0,0.0,0.0,1.0,0.0
1546080,0.0,0.0,0.0,0.0,0.0,2.0,0.0
1546580,0.0,0.0,0.0,0.0,0.0,0.0,0.0
1548874,0.0,0.0,0.0,0.0,0.0,1.0,0.0
1548878,0.0,0.0,0.0,0.0,0.0,2.0,0.0
1549378,0.0,0.0,0.0,0.0,0.0,0.0,0.0
1550870,0.0,0.0,0.0,0.0,0.0,1.0,0.0
1550877,0.0,0.0,0.0,0.0,0.0,2.0,0.0
1550878,0.0,0.0,0.0,0.0,1.0,2.0,0.0
1551377,0.0,0.0,0.0,0.0,1.0,0.0,0.0
1551378,0.0,0.0,0.0,0.0,0.0,0.0,0.0
1551903,0.0,0.0,0.0,0.0,0.0,1.0,0.0
1552403,0.0,0.0,0.0,0.0,0.0,0.0,0.0
1554514,0.0,0.0,0.0,0.0,0.0,1.0,0.0
1555014,0.0,0.0,0.0,0.0,0.0,0.0,0.0
1555019,0.0,0.0,0.0,0.0,0.0,1.0,0.0
1555519,0.0,0.0,0.0,0.0,0.0,0.0,0.0
1557890,0.0,0.0,0.0,0.0,0.0,1.0,0.0
1558390,0.0,0.0,0.0,0.0,0.0,0.0,0.0
1559020,0.0,0.0,0.0,0.0,0.0,1.0,0.0
1559520,0.0,0.0,0.0,0.0,0.0,0.0,0.0
1560272,0.0,0.0,0.0,0.0,0.0,1.0,0.0
1560772,0.0,0.0,0.0,0.0,0.0,0.0,0.0
1562697,0.0,0.0,0.0,0.0,0.0,1.0,0.0
1562704,0.0,0.0,0.0,0.0,0.0,2.0,0.0
1563204,0.0,0.0,0.0,0.0,0.0,0.0,0.0
1563780,0.0,0.0,0.0,0.0,0.0,1.0,0.0
1564280,0.0,0.0,0.0,0.0,0.0,0.0,0.0
1566923,0.0,0.0,0.0,0.0,0.0,1.0,0.0
1567423,0.0,0.0,0.0,0.0,0.0,0.0,0.0
1568643,0.0,0.0,0.0,0.0,0.0,1.0,0.0
1569143,0.0,0.0,0.0,0.0,0.0,0.0,0.0
1569528,0.0,0.0,0.0,0.0,0.0,1.0,0.0
1569530,0.0,0.0,0.0,0.0,0.0,2.0,0.0
1570030,0.0,0.0,0.0,0.0,0.0,0.0,0.0
1570532,0.0,0.0,0.0,0.0,0.0,1.0,0.0
1571032,0.0,0.0,0.0,0.0,0.0,0.0,0.0
1571619,0.0,0.0,0.0,0.0,0.0,1.0,0.0
1572119,0.0,0.0,0.0,0.0,0.0,0.0,0.0
1575937,0.0,0.0,0.0,0.0,0.0,1.0,0.0
1576437,0.0,0.0,0.0,0.0,0.0,0.0,0.0
1576730,0.0,0.0,0.0,0.0,0.0,1.0,0.0
1577230,0.0,0.0,0.0,0.0,0.0,0.0,0.0
1577584,0.0,0.0,0.0,0.0,0.0,1.0,0.0
1577587,0.0,0.0,0.0,0.0,0.0,2.0,0.0
1578087,0.0,0.0,0.0,0.0,0.0,0.0,0.0
1580590,0.0,0.0,0.0,0.0,0.0,1.0,0.0
1580592,0.0,0.0,0.0,0.0,0.0,2.0,0.0
1581092,0.0,0.0,0.0,0.0,0.0,0.0,0.0
1585384,0.0,0.0,0.0,0.0,0.0,1.0,0.0
1585884,0.0,0.0,0.0,0.0,0.0,0.0,0.0
1586140,0.0,0.0,0.0,0.0,0.0,1.0,0.0
1586640,0.0,0.0,0.0,0.0,0.0,0.0,0.0
1587904,0.0,0.0,0.0,0.0,0.0,1.0,0.0
1588404,0.0,0.0,0.0,0.0,0.0,0.0,0.0
1594392,0.0,0.0,0.0,0.0,0.0,1.0,0.0
1594892,0.0,0.0,0.0,0.0,0.0,0.0,0.0
1596609,0.0,0.0,0.0,0.0,0.0,1.0,0.0
1597109,0.0,0.0,0.0,0.0,0.0,0.0,0.0
1598333,0.0,0.0,0.0,0.0,0.0,1.0,0.0
1598334,0.0,0.0,0.0,0.0,0.0,2.0,0.0
1598834,0.0,0.0,0.0,0.0,0.0,0.0,0.0
1599398,0.0,0.0,0.0,0.0,0.0,1.0,0.0
1599898,0.0,0.0,0.0,0.0,0.0,0.0,0.0
1600000,0.0,0.0,0.0,0.0,0.0,0.0,1.0
1600031,0.0,0.0,0.0,0.0,0.0,1.0,1.0
1600218,0.0,0.0,0.0,0.0,0.0,2.0,1.0
1600255,2.0,0.0,0.0,0.0,0.0,2.0,1.0
1600319,2.0,2.0,0.0,0.0,0.0,2.0,1.0
1600500,2.0,2.0,0.0,0.0,0.0,2.0,0.0
1600517,2.0,2.0,0.0,0.0,1.0,2.0,0.0
1600640,2.0,2.0,0.0,0.0,2.0,2.0,0.0
1600718,2.0,2.0,0.0,0.0,2.0,0.0,0.0
1600755,0.0,2.0,0.0,0.0,2.0,0.0,0.0
1600799,2.0,2.0,0.0,0.0,2.0,0.0,0.0
1600819,2.0,0.0,0.0,0.0,2.0,0.0,0.0
1600999,2.0,0.0,0.0,0.0,2.0,1.0,0.0
1601140,2.0,0.0,0.0,0.0,0.0,1.0,0.0
1601299,0.0,0.0,0.0,0.0,0.0,1.0,0.0
1601499,0.0,0.0,0.0,0.0,0.0,0.0,0.0
1601535,0.0,0.0,0.0,0.0,0.0,1.0,0.0
1601579,0.0,0.0,0.0,0.0,0.0,2.0,0.0
1601727,2.0,0.0,0.0,0.0,0.0,2.0,0.0
1602079,2.0,0.0,0.0,0.0,0.0,0.0,0.0
1602227,0.0,0.0,0.0,0.0,0.0,0.0,0.0
1602715,0.0,0.0,1.0,0.0,0.0,0.0,0.0
1603490,0.0,0.0,1.0,0.0,0.0,1.0,0.0
1603990,0.0,0.0,1.0,0.0,0.0,0.0,0.0
1605052,0.0,0.0,1.0,0.0,0.0,1.0,0.0
1605493,0.0,0.0,2.0,0.0,0.0,1.0,0.0
1605552,0.0,0.0,2.0,0.0,0.0,0.0,0.0
1605993,0.0,0.0,1.0,0.0,0.0,0.0,0.0
1606386,0.0,0.0,1.0,0.0,0.0,1.0,0.0
1606798,0.0,0.0,1.0,0.0,0.0,2.0,0.0
1607298,0.0,0.0,1.0,0.0,0.0,1.0,0.0
1607316,0.0,0.0,1.0,0.0,0.0,2.0,0.0
1607816,0.0,0.0,1.0,0.0,0.0,0.0,0.0
1608082,0.0,0.0,1.0,0.0,0.0,1.0,0.0
1608582,0.0,0.0,1.0,0.0,0.0,0.0,0.0
1609083,0.0,0.0,1.0,0.0,0.0,1.0,0.0
1609432,0.0,0.0,1.0,0.0,0.0,2.0,0.0
1609497,0.0,2.0,1.0,0.0,0.0,2.0,0.0
1609932,0.0,2.0,1.0,0.0,0.0,0.0,0.0
1609997,0.0,0.0,1.0,0.0,0.0,0.0,0.0
1613754,0.0,0.0,1.0,0.0,0.0,1.0,0.0
1613830,0.0,0.0,1.0,0.0,0.0,2.0,0.0
1614330,0.0,0.0,1.0,0.0,0.0,0.0,0.0
1614395,0.0,0.0,1.0,0.0,0.0,1.0,0.0
1614895,0.0,0.0,1.0,0.0,0.0,0.0,0.0
1614977,0.0,0.0,1.0,0.0,0.0,1.0,0.0
1615477,0.0,0.0,1.0,0.0,0.0,0.0,0.0
1615557,0.0,0.0,1.0,0.0,0.0,1.0,0.0
1616057,0.0,0.0,1.0,0.0,0.0,0.0,0.0
1617566,0.0,0.0,1.0,0.0,1.0,1.0,0.0
1618066,0.0,0.0,1.0,0.0,0.0,0.0,0.0
1618145,0.0,0.0,1.0,0.0,0.0,1.0,0.0
1618645,0.0,0.0,1.0,0.0,0.0,0.0,0.0
1619339,0.0,0.0,1.0,0.0,0.0,1.0,0.0
1619346,0.0,0.0,1.0,0.0,0.0,2.0,0.0
1619846,0.0,0.0,1.0,0.0,0.0,0.0,0.0
1620510,0.0,0.0,1.0,0.0,0.0,1.0,0.0
1621010,0.0,0.0,1.0,0.0,0.0,0.0,0.0
1621012,0.0,0.0,1.0,0.0,0.0,1.0,0.0
1621512,0.0,0.0,1.0,0.0,0.0,0.0,0.0
1621551,0.0,0.0,1.0,0.0,0.0,1.0,0.0
1621896,0.0,0.0,1.0,0.0,0.0,2.0,0.0
1622396,0.0,0.0,1.0,0.0,0.0,0.0,0.0
1622488,0.0,0.0,1.0,0.0,0.0,1.0,0.0
1622639,0.0,0.0,1.0,0.0,0.0,2.0,0.0
1623139,0.0,0.0,1.0,0.0,0.0,0.0,0.0
1623547,0.0,0.0,1.0,0.0,0.0,1.0,0.0
1623549,0.0,0.0,1.0,0.0,0.0,2.0,0.0
1624049,0.0,0.0,1.0,0.0,0.0,0.0,0.0
1624317,0.0,0.0,1.0,0.0,0.0,1.0,0.0
1624817,0.0,0.0,1.0,0.0,0.0,0.0,0.0
1625065,0.0,2.0,1.0,0.0,0.0,0.0,0.0
1625565,0.0,0.0,1.0,0.0,0.0,0.0,0.0
1625861,0.0,0.0,1.0,0.0,0.0,1.0,0.0
1626361,0.0,0.0,1.0,0.0,0.0,0.0,0.0
1626957,0.0,0.0,1.0,0.0,0.0,1.0,0.0
1626978,0.0,0.0,1.0,0.0,0.0,2.0,0.0
1627478,0.0,0.0,1.0,0.0,0.0,0.0,0.0
1628462,0.0,0.0,1.0,0.0,0.0,1.0,0.0
1628470,0.0,0.0,1.0,0.0,0.0,2.0,0.0
1628970,0.0,0.0,1.0,0.0,0.0,0.0,0.0
1629178,0.0,0.0,1.0,0.0,0.0,1.0,0.0
1629678,0.0,0.0,1.0,0.0,0.0,0.0,0.0
1629932,0.0,0.0,1.0,0.0,0.0,1.0,0.0
1630427,0.0,0.0,1.0,0.0,0.0,2.0,0.0
1630927,0.0,0.0,1.0,0.0,0.0,0.0,0.0
1631199,0.0,0.0,1.0,0.0,0.0,1.0,0.0
1631699,0.0,0.0,1.0,0.0,0.0,0.0,0.0
1631720,0.0,0.0,1.0,0.0,0.0,1.0,0.0
1632220,0.0,0.0,1.0,0.0,0.0,0.0,0.0
1632488,0.0,0.0,1.0,0.0,0.0,1.0,0.0
1632988,0.0,0.0,1.0,0.0,0.0,0.0,0.0
1633293,0.0,0.0,1.0,0.0,0.0,1.0,0.0
1633297,0.0,0.0,1.0,0.0,0.0,2.0,0.0
1633797,0.0,0.0,1.0,0.0,0.0,0.0,0.0
1634647,0.0,0.0,1.0,0.0,0.0,1.0,0.0
1635147,0.0,0.0,1.0,0.0,0.0,0.0,0.0
1635361,0.0,0.0,1.0,0.0,0.0,1.0,0.0
1635367,0.0,0.0,1.0,0.0,0.0,2.0,0.0
1635489,0.0,0.0,1.0,0.0,1.0,2.0,0.0
1635867,0.0,0.0,1.0,0.0,1.0,0.0,0.0
1635989,0.0,0.0,1.0,0.0,0.0,0.0,0.0
1637120,0.0,0.0,1.0,0.0,0.0,1.0,0.0
1637124,0.0,0.0,1.0,0.0,0.0,2.0,0.0
1637624,0.0,0.0,1.0,0.0,0.0,0.0,0.0
1638455,0.0,0.0,1.0,0.0,0.0,1.0,0.0
1638869,0.0,0.0,1.0,0.0,0.0,2.0,0.0
1639369,0.0,0.0,1.0,0.0,0.0,0.0,0.0
1639700,0.0,0.0,1.0,0.0,0.0,1.0,0.0
1639716,0.0,0.0,1.0,0.0,0.0,2.0,0.0
1640216,0.0,0.0,1.0,0.0,0.0,0.0,0.0
1640602,0.0,0.0,1.0,0.0,0.0,1.0,0.0
1640889,0.0,0.0,1.0,0.0,0.0,2.0,0.0
1641389,0.0,0.0,1.0,0.0,0.0,0.0,0.0
1642092,0.0,0.0,1.0,0.0,0.0,1.0,0.0
1642592,0.0,0.0,1.0,0.0,0.0,0.0,0.0
1643119,0.0,0.0,1.0,0.0,0.0,1.0,0.0
1643619,0.0,0.0,1.0,0.0,0.0,0.0,0.0
1643850,0.0,0.0,1.0,0.0,0.0,1.0,0.0
1644182,0.0,0.0,1.0,0.0,0.0,2.0,0.0
1644682,0.0,0.0,1.0,0.0,0.0,0.0,0.0
1644962,0.0,0.0,1.0,0.0,0.0,1.0,0.0
1645081,0.0,0.0,1.0,0.0,0.0,2.0,0.0
1645581,0.0,0.0,1.0,0.0,0.0,0.0,0.0
1646185,0.0,0.0,1.0,0.0,0.0,1.0,0.0
1646550,0.0,0.0,1.0,0.0,1.0,1.0,0.0
1646685,0.0,0.0,1.0,0.0,1.0,0.0,0.0
1647050,0.0,0.0,1.0,0.0,0.0,0.0,0.0
1648607,0.0,0.0,1.0,0.0,0.0,1.0,0.0
1649107,0.0,0.0,1.0,0.0,0.0,0.0,0.0
1649170,0.0,0.0,1.0,0.0,0.0,1.0,0.0
1649670,0.0,0.0,1.0,0.0,0.0,0.0,0.0
1650327,0.0,0.0,1.0,0.0,0.0,1.0,0.0
1650332,0.0,0.0,1.0,0.0,0.0,2.0,0.0
1650387,0.0,0.0,1.0,0.0,1.0,2.0,0.0
1650832,0.0,0.0,1.0,0.0,1.0,0.0,0.0
1650887,0.0,0.0,1.0,0.0,0.0,0.0,0.0
1650944,0.0,0.0,1.0,0.0,0.0,1.0,0.0
1651444,0.0,0.0,1.0,0.0,0.0,0.0,0.0
1651717,0.0,0.0,1.0,0.0,0.0,1.0,0.0
1652189,0.0,0.0,1.0,0.0,0.0,2.0,0.0
1652689,0.0,0.0,1.0,0.0,0.0,0.0,0.0
1653167,0.0,0.0,1.0,0.0,0.0,1.0,0.0
1653185,0.0,0.0,1.0,0.0,0.0,2.0,0.0
1653685,0.0,0.0,1.0,0.0,0.0,0.0,0.0
1653830,0.0,0.0,1.0,0.0,0.0,1.0,0.0
1653927,0.0,2.0,1.0,0.0,0.0,1.0,0.0
1654330,0.0,2.0,1.0,0.0,0.0,0.0,0.0
1654427,0.0,0.0,1.0,0.0,0.0,0.0,0.0
1654623,0.0,0.0,1.0,0.0,0.0,1.0,0.0
1655123,0.0,0.0,1.0,0.0,0.0,0.0,0.0
1655125,0.0,0.0,1.0,0.0,0.0,1.0,0.0
1655513,0.0,0.0,1.0,0.0,0.0,2.0,0.0
1656013,0.0,0.0,1.0,0.0,0.0,0.0,0.0
1656205,0.0,0.0,1.0,0.0,0.0,1.0,0.0
1656705,0.0,0.0,1.0,0.0,0.0,0.0,0.0
1656820,0.0,0.0,1.0,0.0,0.0,1.0,0.0
1657320,0.0,0.0,1.0,0.0,0.0,0.0,0.0
1657568,0.0,0.0,1.0,0.0,0.0,1.0,0.0
1657660,0.0,0.0,1.0,0.0,0.0,2.0,0.0
1658160,0.0,0.0,1.0,0.0,0.0,0.0,0.0
1659196,0.0,0.0,1.0,0.0,0.0,1.0,0.0
1659696,0.0,0.0,1.0,0.0,0.0,0.0,0.0
1660329,0.0,0.0,1.0,0.0,0.0,1.0,0.0
1660689,0.0,2.0,1.0,0.0,0.0,1.0,0.0
1660829,0.0,2.0,1.0,0.0,0.0,0.0,0.0
1661189,0.0,0.0,1.0,0.0,0.0,0.0,0.0
1661963,0.0,0.0,1.0,0.0,0.0,1.0,0.0
1661965,0.0,0.0,1.0,0.0,0.0,2.0,0.0
1662465,0.0,0.0,1.0,0.0,0.0,0.0,0.0
1662568,0.0,0.0,1.0,0.0,0.0,1.0,0.0
1662628,0.0,0.0,1.0,0.0,0.0,2.0,0.0
1663128,0.0,0.0,1.0,0.0,0.0,0.0,0.0
1663732,0.0,0.0,1.0,0.0,0.0,1.0,0.0
1664232,0.0,0.0,1.0,0.0,0.0,0.0,0.0
1664301,0.0,0.0,1.0,0.0,0.0,1.0,0.0
1664801,0.0,0.0,1.0,0.0,0.0,0.0,0.0
1664927,0.0,0.0,1.0,0.0,0.0,1.0,0.0
1665226,0.0,0.0,1.0,0.0,0.0,2.0,0.0
1665726,0.0,0.0,1.0,0.0,0.0,0.0,0.0
1666601,0.0,0.0,1.0,0.0,0.0,1.0,0.0
1667101,0.0,0.0,1.0,0.0,0.0,0.0,0.0
1667309,0.0,0.0,1.0,0.0,0.0,1.0,0.0
1667809,0.0,0.0,1.0,0.0,0.0,0.0,0.0
1668310,0.0,0.0,1.0,0.0,0.0,1.0,0.0
1668810,0.0,0.0,1.0,0.0,0.0,0.0,0.0
1669255,0.0,0.0,1.0,0.0,0.0,1.0,0.0
1669755,0.0,0.0,1.0,0.0,0.0,0.0,0.0
1670081,0.0,0.0,1.0,0.0,0.0,1.0,0.0
1670581,0.0,0.0,1.0,0.0,0.0,0.0,0.0
1671989,0.0,0.0,1.0,0.0,0.0,1.0,0.0
1672489,0.0,0.0,1.0,0.0,0.0,0.0,0.0
1673344,0.0,0.0,1.0,0.0,0.0,1.0,0.0
1673379,0.0,0.0,1.0,0.0,0.0,2.0,0.0
1673879,0.0,0.0,1.0,0.0,0.0,0.0,0.0
1674000,0.0,0.0,1.0,0.0,0.0,1.0,0.0
1674500,0.0,0.0,1.0,0.0,0.0,0.0,0.0
1674814,0.0,0.0,1.0,0.0,0.0,1.0,0.0
1675234,0.0,0.0,1.0,0.0,0.0,2.0,0.0
1675734,0.0,0.0,1.0,0.0,0.0,0.0,0.0
1675961,0.0,0.0,1.0,0.0,0.0,1.0,0.0
1676080,0.0,0.0,1.0,0.0,0.0,2.0,0.0
1676580,0.0,0.0,1.0,0.0,0.0,0.0,0.0
1676679,0.0,0.0,1.0,0.0,0.0,1.0,0.0
1677179,0.0,0.0,1.0,0.0,0.0,0.0,0.0
1677304,0.0,0.0,1.0,0.0,0.0,1.0,0.0
1677804,0.0,0.0,1.0,0.0,0.0,0.0,0.0
1678221,0.0,0.0,1.0,0.0,0.0,1.0,0.0
1678561,0.0,0.0,1.0,0.0,0.0,2.0,0.0
1679061,0.0,0.0,1.0,0.0,0.0,0.0,0.0
1679487,0.0,0.0,1.0,0.0,0.0,1.0,0.0
1679987,0.0,0.0,1.0,0.0,0.0,0.0,0.0
1680075,0.0,0.0,1.0,0.0,0.0,1.0,0.0
1680575,0.0,0.0,1.0,0.0,0.0,0.0,0.0
1680613,0.0,0.0,1.0,0.0,0.0,1.0,0.0
1681113,0.0,0.0,1.0,0.0,0.0,0.0,0.0
1682466,0.0,0.0,1.0,0.0,0.0,1.0,0.0
1682966,0.0,0.0,1.0,0.0,0.0,0.0,0.0
1682983,0.0,0.0,1.0,0.0,0.0,1.0,0.0
1683483,0.0,0.0,1.0,0.0,0.0,0.0,0.0
1683652,0.0,0.0,1.0,0.0,0.0,1.0,0.0
1684152,0.0,0.0,1.0,0.0,0.0,0.0,0.0
1686660,0.0,0.0,1.0,0.0,0.0,1.0,0.0
1686987,0.0,0.0,1.0,0.0,0.0,2.0,0.0
1687487,0.0,0.0,1.0,0.0,0.0,0.0,0.0
1687507,0.0,0.0,1.0,0.0,0.0,1.0,0.0
1687798,0.0,0.0,1.0,0.0,0.0,2.0,0.0
1688298,0.0,0.0,1.0,0.0,0.0,0.0,0.0
1689102,0.0,0.0,1.0,0.0,0.0,1.0,0.0
1689138,0.0,0.0,1.0,0.0,0.0,2.0,0.0
1689638,0.0,0.0,1.0,0.0,0.0,0.0,0.0
1689822,0.0,0.0,1.0,0.0,0.0,1.0,0.0
1690322,0.0,0.0,1.0,0.0,0.0,0.0,0.0
1690323,0.0,0.0,1.0,0.0,0.0,1.0,0.0
1690549,0.0,0.0,1.0,0.0,0.0,2.0,0.0
1691049,0.0,0.0,1.0,0.0,0.0,0.0,0.0
1691276,0.0,0.0,1.0,0.0,0.0,1.0,0.0
1691776,0.0,0.0,1.0,0.0,0.0,0.0,0.0
1692310,0.0,0.0,1.0,0.0,0.0,1.0,0.0
1692810,0.0,0.0,1.0,0.0,0.0,0.0,0.0
1694050,0.0,0.0,1.0,0.0,0.0,1.0,0.0
1694057,0.0,0.0,1.0,0.0,0.0,2.0,0.0
1694557,0.0,0.0,1.0,0.0,0.0,0.0,0.0
1694869,0.0,0.0,1.0,0.0,0.0,1.0,0.0
1695369,0.0,0.0,1.0,0.0,0.0,0.0,0.0
1695480,0.0,0.0,1.0,0.0,0.0,1.0,0.0
1695980,0.0,0.0,1.0,0.0,0.0,0.0,0.0
1696007,0.0,0.0,1.0,0.0,0.0,1.0,0.0
1696507,0.0,0.0,1.0,0.0,0.0,0.0,0.0
1696911,0.0,0.0,1.0,0.0,0.0,1.0,0.0
1697411,0.0,0.0,1.0,0.0,0.0,0.0,0.0
1699280,0.0,0.0,1.0,0.0,0.0,1.0,0.0
1699780,0.0,0.0,1.0,0.0,0.0,0.0,0.0
1699835,0.0,0.0,1.0,0.0,0.0,1.0,0.0
1700335,0.0,0.0,1.0,0.0,0.0,0.0,0.0
1700860,0.0,0.0,1.0,0.0,0.0,1.0,0.0
1701360,0.0,0.0,1.0,0.0,0.0,0.0,0.0
1704104,0.0,0.0,1.0,0.0,0.0,1.0,0.0
1704604,0.0,0.0,1.0,0.0,0.0,0.0,0.0
1706580,0.0,0.0,1.0,0.0,0.0,1.0,0.0
1707080,0.0,0.0,1.0,0.0,0.0,0.0,0.0
1707877,0.0,0.0,1.0,0.0,0.0,1.0,0.0
1707993,0.0,0.0,0.0,0.0,0.0,1.0,0.0
1707994,0.0,0.0,1.0,0.0,0.0,1.0,0.0
1708377,0.0,0.0,1.0,0.0,0.0,0.0,0.0
1708494,0.0,0.0,0.0,0.0,0.0,0.0,0.0
1711472,0.0,0.0,0.0,0.0,0.0,1.0,0.0
1711972,0.0,0.0,0.0,0.0,0.0,0.0,0.0
1712130,0.0,0.0,0.0,0.0,0.0,1.0,0.0
1712630,0.0,0.0,0.0,0.0,0.0,0.0,0.0
1712684,0.0,0.0,0.0,0.0,0.0,1.0,0.0
1713184,0.0,0.0,0.0,0.0,0.0,0.0,0.0
1714105,0.0,0.0,0.0,0.0,0.0,1.0,0.0
1714605,0.0,0.0,0.0,0.0,0.0,0.0,0.0
1715268,0.0,0.0,0.0,0.0,0.0,1.0,0.0
1715768,0.0,0.0,0.0,0.0,0.0,0.0,0.0
1716184,0.0,0.0,0.0,0.0,0.0,1.0,0.0
1716536,0.0,0.0,0.0,0.0,0.0,2.0,0.0
1717036,0.0,0.0,0.0,0.0,0.0,0.0,0.0
1717788,0.0,0.0,0.0,0.0,0.0,1.0,0.0
1718288,0.0,0.0,0.0,0.0,0.0,0.0,0.0
1719342,0.0,0.0,0.0,0.0,0.0,1.0,0.0
1719842,0.0,0.0,0.0,0.0,0.0,0.0,0.0
1720070,0.0,0.0,0.0,0.0,0.0,1.0,0.0
1720570,0.0,0.0,0.0,0.0,0.0,0.0,0.0
1722004,0.0,0.0,0.0,0.0,0.0,1.0,0.0
1722504,0.0,0.0,0.0,0.0,0.0,0.0,0.0
1722650,0.0,0.0,0.0,0.0,0.0,1.0,0.0
1723150,0.0,0.0,0.0,0.0,0.0,0.0,0.0
1728357,0.0,0.0,0.0,0.0,0.0,1.0,0.0
1728787,0.0,0.0,0.0,0.0,1.0,1.0,0.0
1728857,0.0,0.0,0.0,0.0,1.0,0.0,0.0
1729287,0.0,0.0,0.0,0.0,0.0,0.0,0.0
1732615,0.0,0.0,0.0,0.0,0.0,1.0,0.0
1733115,0.0,0.0,0.0,0.0,0.0,0.0,0.0
1734480,0.0,0.0,0.0,0.0,0.0,1.0,0.0
1734980,0.0,0.0,0.0,0.0,0.0,0.0,0.0
1735090,0.0,0.0,0.0,0.0,0.0,1.0,0.0
1735590,0.0,0.0,0.0,0.0,0.0,0.0,0.0
1741258,0.0,0.0,0.0,0.0,1.0,0.0,0.0
1741259,0.0,0.0,0.0,0.0,2.0,0.0,0.0
1741260,0.0,0.0,0.0,0.0,2.0,1.0,0.0
1741759,0.0,0.0,0.0,0.0,0.0,1.0,0.0
1741760,0.0,0.0,0.0,0.0,0.0,0.0,0.0
1742907,0.0,0.0,0.0,0.0,0.0,1.0,0.0
1743407,0.0,0.0,0.0,0.0,0.0,0.0,0.0
1743710,0.0,0.0,0.0,0.0,0.0,1.0,0.0
1743711,0.0,0.0,0.0,0.0,0.0,2.0,0.0
1744211,0.0,0.0,0.0,0.0,0.0,0.0,0.0
1759595,0.0,0.0,0.0,0.0,1.0,0.0,0.0
1759596,0.0,0.0,0.0,0.0,2.0,0.0,0.0
1760096,0.0,0.0,0.0,0.0,0.0,0.0,0.0
1760586,0.0,0.0,0.0,0.0,0.0,1.0,0.0
1760923,0.0,0.0,0.0,0.0,0.0,2.0,0.0
1761423,0.0,0.0,0.0,0.0,0.0,0.0,0.0
1765958,0.0,0.0,0.0,0.0,0.0,1.0,0.0
1766458,0.0,0.0,0.0,0.0,0.0,0.0,0.0
1768333,0.0,0.0,0.0,0.0,0.0,1.0,0.0
1768833,0.0,0.0,0.0,0.0,0.0,0.0,0.0
1769267,0.0,0.0,0.0,0.0,0.0,1.0,0.0
1769767,0.0,0.0,0.0,0.0,0.0,0.0,0.0
1770464,0.0,0.0,0.0,0.0,0.0,1.0,0.0
1770964,0.0,0.0,0.0,0.0,0.0,0.0,0.0
1775063,0.0,0.0,0.0,0.0,0.0,1.0,0.0
1775563,0.0,0.0,0.0,0.0,0.0,0.0,0.0
1775642,0.0,0.0,0.0,0.0,0.0,1.0,0.0
1776142,0.0,0.0,0.0,0.0,0.0,0.0,0.0
1777007,0.0,0.0,0.0,0.0,0.0,1.0,0.0
1777507,0.0,0.0,0.0,0.0,0.0,0.0,0.0
1779517,0.0,0.0,0.0,0.0,0.0,1.0,0.0
1780017,0.0,0.0,0.0,0.0,0.0,0.0,0.0
1780998,0.0,0.0,0.0,0.0,0.0,1.0,0.0
1781498,0.0,0.0,0.0,0.0,0.0,0.0,0.0
1782667,0.0,0.0,0.0,0.0,0.0,1.0,0.0
1782672,0.0,0.0,0.0,0.0,0.0,2.0,0.0
1783172,0.0,0.0,0.0,0.0,0.0,0.0,0.0
1784514,0.0,0.0,0.0,0.0,0.0,1.0,0.0
1784516,0.0,0.0,0.0,0.0,0.0,2.0,0.0
1785016,0.0,0.0,0.0,0.0,0.0,0.0,0.0
1789179,0.0,0.0,0.0,0.0,0.0,1.0,0.0
1789679,0.0,0.0,0.0,0.0,0.0,0.0,0.0
1790297,0.0,0.0,0.0,0.0,0.0,1.0,0.0
1790797,0.0,0.0,0.0,0.0,0.0,0.0,0.0
1792241,0.0,0.0,0.0,0.0,0.0,1.0,0.0
1792741,0.0,0.0,0.0,0.0,0.0,0.0,0.0
1794185,0.0,0.0,0.0,0.0,0.0,1.0,0.0
1794685,0.0,0.0,0.0,0.0,0.0,0.0,0.0
1795267,0.0,0.0,0.0,0.0,0.0,1.0,0.0
1795271,0.0,0.0,0.0,0.0,0.0,2.0,0.0
1795771,0.0,0.0,0.0,0.0,0.0,0.0,0.0
1796292,0.0,0.0,0.0,0.0,0.0,1.0,0.0
1796792,0.0,0.0,0.0,0.0,0.0,0.0,0.0
1797845,0.0,0.0,0.0,0.0,0.0,1.0,0.0
1798345,0.0,0.0,0.0,0.0,0.0,0.0,0.0
1800000,0.0,0.0,0.0,0.0,0.0,0.0,1.0
1800088,0.0,0.0,0.0,0.0,0.0,1.0,1.0
1800095,0.0,0.0,0.0,0.0,0.0,2.0,1.0
1800124,0.0,0.0,0.0,0.0,1.0,2.0,1.0
1800151,0.0,0.0,0.0,0.0,2.0,2.0,1.0
1800191,2.0,0.0,0.0,0.0,2.0,2.0,1.0
1800401,2.0,2.0,0.0,0.0,2.0,2.0,1.0
1800500,2.0,2.0,0.0,0.0,2.0,2.0,0.0
1800595,2.0,2.0,0.0,0.0,2.0,0.0,0.0
1800651,2.0,2.0,0.0,0.0,0.0,0.0,0.0
1800691,0.0,2.0,0.0,0.0,0.0,0.0,0.0
1800901,0.0,0.0,0.0,0.0,0.0,0.0,0.0
1801139,0.0,0.0,0.0,0.0,0.0,1.0,0.0
1801153,0.0,0.0,0.0,0.0,0.0,2.0,0.0
1801155,0.0,0.0,0.0,0.0,1.0,2.0,0.0
1801653,0.0,0.0,0.0,0.0,1.0,0.0,0.0
1801655,0.0,0.0,0.0,0.0,0.0,0.0,0.0
1802232,0.0,0.0,1.0,0.0,0.0,0.0,0.0
1802634,0.0,0.0,1.0,0.0,0.0,1.0,0.0
1803134,0.0,0.0,1.0,0.0,0.0,0.0,0.0
1805067,0.0,0.0,2.0,0.0,0.0,0.0,0.0
1805567,0.0,0.0,0.0,0.0,0.0,0.0,0.0
1806897,0.0,0.0,0.0,0.0,0.0,1.0,0.0
1807397,0.0,0.0,0.0,0.0,0.0,0.0,0.0
1807538,0.0,0.0,0.0,0.0,0.0,1.0,0.0
1807546,0.0,0.0,1.0,0.0,0.0,1.0,0.0
1808038,0.0,0.0,1.0,0.0,0.0,0.0,0.0
1808717,0.0,0.0,1.0,0.0,0.0,1.0,0.0
1809046,0.0,0.0,0.0,0.0,0.0,1.0,0.0
1809217,0.0,0.0,0.0,0.0,0.0,0.0,0.0
1809346,0.0,0.0,0.0,0.0,0.0,1.0,0.0
1809846,0.0,0.0,0.0,0.0,0.0,0.0,0.0
1810279,0.0,0.0,0.0,0.0,0.0,1.0,0.0
1810779,0.0,0.0,0.0,0.0,0.0,0.0,0.0
1810923,0.0,0.0,0.0,0.0,0.0,1.0,0.0
1811111,0.0,0.0,0.0,0.0,0.0,2.0,0.0
1811611,0.0,0.0,0.0,0.0,0.0,0.0,0.0
1811650,0.0,0.0,0.0,0.0,0.0,1.0,0.0
1811761,0.0,0.0,0.0,0.0,0.0,2.0,0.0
1812261,0.0,0.0,0.0,0.0,0.0,0.0,0.0
1813297,0.0,0.0,0.0,0.0,0.0,1.0,0.0
1813435,0.0,0.0,0.0,0.0,0.0,2.0,0.0
1813935,0.0,0.0,0.0,0.0,0.0,0.0,0.0
1814476,0.0,0.0,0.0,0.0,0.0,1.0,0.0
1814976,0.0,0.0,0.0,0.0,0.0,0.0,0.0
1815071,0.0,0.0,0.0,0.0,0.0,1.0,0.0
1815073,0.0,0.0,0.0,0.0,0.0,2.0,0.0
1815573,0.0,0.0,0.0,0.0,0.0,0.0,0.0
1816190,0.0,0.0,0.0,0.0,0.0,1.0,0.0
1816690,0.0,0.0,0.0,0.0,0.0,0.0,0.0
1817172,0.0,0.0,0.0,0.0,0.0,1.0,0.0
1817201,0.0,0.0,0.0,0.0,0.0,2.0,0.0
1817701,0.0,0.0,0.0,0.0,0.0,0.0,0.0
1818203,0.0,0.0,0.0,0.0,0.0,1.0,0.0
1818231,0.0,0.0,0.0,0.0,0.0,2.0,0.0
1818731,0.0,0.0,0.0,0.0,0.0,0.0,0.0
1820220,0.0,0.0,0.0,0.0,0.0,1.0,0.0
1820222,0.0,0.0,0.0,0.0,0.0,2.0,0.0
1820722,0.0,0.0,0.0,0.0,0.0,0.0,0.0
1821415,0.0,0.0,0.0,0.0,0.0,1.0,0.0
1821552,0.0,0.0,0.0,0.0,0.0,2.0,0.0
1822052,0.0,0.0,0.0,0.0,0.0,0.0,0.0
1822590,0.0,0.0,0.0,0.0,0.0,1.0,0.0
1822592,0.0,0.0,0.0,0.0,0.0,2.0,0.0
1823092,0.0,0.0,0.0,0.0,0.0,0.0,0.0
1823280,0.0,0.0,0.0,0.0,0.0,1.0,0.0
1823780,0.0,0.0,0.0,0.0,0.0,0.0,0.0
1824383,0.0,0.0,0.0,0.0,0.0,1.0,0.0
1824843,0.0,2.0,0.0,0.0,0.0,1.0,0.0
1824883,0.0,2.0,0.0,0.0,0.0,0.0,0.0
1825298,0.0,2.0,0.0,0.0,0.0,1.0,0.0
1825343,0.0,0.0,0.0,0.0,0.0,1.0,0.0
1825798,0.0,0.0,0.0,0.0,0.0,0.0,0.0
1825898,0.0,0.0,0.0,0.0,0.0,1.0,0.0
1826164,0.0,0.0,0.0,0.0,0.0,2.0,0.0
1826664,0.0,0.0,0.0,0.0,0.0,0.0,0.0
1826821,0.0,0.0,0.0,0.0,0.0,1.0,0.0
1827321,0.0,0.0,0.0,0.0,0.0,0.0,0.0
1827410,0.0,0.0,0.0,0.0,0.0,1.0,0.0
1827910,0.0,0.0,0.0,0.0,0.0,0.0,0.0
1828438,0.0,0.0,0.0,0.0,0.0,1.0,0.0
1828540,0.0,0.0,0.0,0.0,0.0,2.0,0.0
1829040,0.0,0.0,0.0,0.0,0.0,0.0,0.0
1829809,0.0,0.0,0.0,0.0,0.0,1.0,0.0
1830309,0.0,0.0,0.0,0.0,0.0,0.0,0.0
1830504,0.0,0.0,0.0,0.0,0.0,1.0,0.0
1830508,0.0,0.0,0.0,0.0,0.0,2.0,0.0
1831008,0.0,0.0,0.0,0.0,0.0,0.0,0.0
1831184,0.0,0.0,0.0,0.0,0.0,1.0,0.0
1831319,0.0,0.0,0.0,0.0,0.0,2.0,0.0
1831819,0.0,0.0,0.0,0.0,0.0,0.0,0.0
1832059,0.0,0.0,0.0,0.0,0.0,1.0,0.0
1832559,0.0,0.0,0.0,0.0,0.0,0.0,0.0
1832777,0.0,0.0,0.0,0.0,0.0,1.0,0.0
1833277,0.0,0.0,0.0,0.0,0.0,0.0,0.0
1833507,0.0,0.0,0.0,0.0,0.0,1.0,0.0
1834007,0.0,0.0,0.0,0.0,0.0,0.0,0.0
1834066,0.0,0.0,0.0,0.0,0.0,1.0,0.0
1834566,0.0,0.0,0.0,0.0,0.0,0.0,0.0
1835098,0.0,0.0,0.0,0.0,0.0,1.0,0.0
1835598,0.0,0.0,0.0,0.0,0.0,0.0,0.0
1835934,0.0,0.0,0.0,0.0,0.0,1.0,0.0
1836434,0.0,0.0,0.0,0.0,0.0,0.0,0.0
1836656,0.0,0.0,0.0,0.0,0.0,1.0,0.0
1837156,0.0,0.0,0.0,0.0,0.0,0.0,0.0
1837377,0.0,0.0,0.0,0.0,0.0,1.0,0.0
1837385,0.0,0.0,0.0,0.0,0.0,2.0,0.0
1837885,0.0,0.0,0.0,0.0,0.0,0.0,0.0
1838089,0.0,0.0,0.0,0.0,0.0,1.0,0.0
1838143,0.0,0.0,0.0,0.0,0.0,2.0,0.0
1838643,0.0,0.0,0.0,0.0,0.0,0.0,0.0
1838813,0.0,0.0,0.0,0.0,0.0,1.0,0.0
1839313,0.0,0.0,0.0,0.0,0.0,0.0,0.0
1840204,0.0,0.0,0.0,0.0,0.0,1.0,0.0
1840244,0.0,0.0,0.0,0.0,0.0,2.0,0.0
1840744,0.0,0.0,0.0,0.0,0.0,0.0,0.0
1842740,0.0,0.0,0.0,0.0,0.0,1.0,0.0
1843240,0.0,0.0,0.0,0.0,0.0,0.0,0.0
1843690,0.0,0.0,0.0,0.0,0.0,1.0,0.0
1844190,0.0,0.0,0.0,0.0,0.0,0.0,0.0
1844352,0.0,0.0,0.0,0.0,0.0,1.0,0.0
1844852,0.0,0.0,0.0,0.0,0.0,0.0,0.0
1845965,0.0,0.0,0.0,0.0,1.0,0.0,0.0
1846465,0.0,0.0,0.0,0.0,0.0,0.0,0.0
1847110,0.0,0.0,0.0,0.0,1.0,0.0,0.0
1847113,0.0,0.0,0.0,0.0,1.0,1.0,0.0
1847428,0.0,0.0,0.0,0.0,1.0,2.0,0.0
1847433,0.0,0.0,0.0,0.0,2.0,2.0,0.0
1847928,0.0,0.0,0.0,0.0,2.0,0.0,0.0
1847933,0.0,0.0,0.0,0.0,0.0,0.0,0.0
1848286,0.0,0.0,0.0,0.0,0.0,1.0,0.0
1848786,0.0,0.0,0.0,0.0,0.0,0.0,0.0
1848846,0.0,0.0,0.0,0.0,0.0,1.0,0.0
1849346,0.0,0.0,0.0,0.0,0.0,0.0,0.0
1850382,0.0,0.0,0.0,0.0,1.0,0.0,0.0
1850453,0.0,0.0,0.0,0.0,1.0,1.0,0.0
1850882,0.0,0.0,0.0,0.0,0.0,1.0,0.0
1850953,0.0,0.0,0.0,0.0,0.0,0.0,0.0
1851301,0.0,0.0,0.0,0.0,0.0,1.0,0.0
1851801,0.0,0.0,0.0,0.0,0.0,0.0,0.0
1851836,0.0,0.0,0.0,0.0,0.0,1.0,0.0
1852095,0.0,0.0,0.0,0.0,0.0,2.0,0.0
1852595,0.0,0.0,0.0,0.0,0.0,0.0,0.0
1853023,0.0,0.0,0.0,0.0,0.0,1.0,0.0
1853523,0.0,0.0,0.0,0.0,0.0,0.0,0.0
1854084,0.0,0.0,0.0,0.0,0.0,1.0,0.0
1854584,0.0,0.0,0.0,0.0,0.0,0.0,0.0
1854741,0.0,0.0,0.0,0.0,0.0,1.0,0.0
1855241,0.0,0.0,0.0,0.0,0.0,0.0,0.0
1855763,0.0,0.0,0.0,0.0,0.0,1.0,0.0
1856263,0.0,0.0,0.0,0.0,0.0,0.0,0.0
1856456,0.0,0.0,0.0,0.0,0.0,1.0,0.0
1856956,0.0,0.0,0.0,0.0,0.0,0.0,0.0
1857621,0.0,0.0,0.0,0.0,0.0,1.0,0.0
1858121,0.0,0.0,0.0,0.0,0.0,0.0,0.0
1858245,0.0,0.0,0.0,0.0,0.0,1.0,0.0
1858250,0.0,0.0,0.0,0.0,0.0,2.0,0.0
1858750,0.0,0.0,0.0,0.0,0.0,0.0,0.0
1859501,0.0,0.0,0.0,0.0,0.0,1.0,0.0
1860001,0.0,0.0,0.0,0.0,0.0,0.0,0.0
1860354,0.0,0.0,0.0,0.0,0.0,1.0,0.0
1860356,0.0,0.0,0.0,0.0,0.0,2.0,0.0
1860856,0.0,0.0,0.0,0.0,0.0,0.0,0.0
1860863,0.0,0.0,0.0,0.0,0.0,1.0,0.0
1861043,0.0,0.0,0.0,0.0,0.0,2.0,0.0
1861543,0.0,0.0,0.0,0.0,0.0,0.0,0.0
1862424,0.0,0.0,0.0,0.0,0.0,1.0,0.0
1862476,0.0,0.0,0.0,0.0,0.0,2.0,0.0
1862976,0.0,0.0,0.0,0.0,0.0,0.0,0.0
1863202,0.0,0.0,0.0,0.0,0.0,1.0,0.0
1863702,0.0,0.0,0.0,0.0,0.0,0.0,0.0
1863984,0.0,0.0,0.0,0.0,0.0,1.0,0.0
1863989,0.0,0.0,0.0,0.0,0.0,2.0,0.0
1864489,0.0,0.0,0.0,0.0,0.0,0.0,0.0
1864897,0.0,0.0,0.0,0.0,0.0,1.0,0.0
1865397,0.0,0.0,0.0,0.0,0.0,0.0,0.0
1866005,0.0,0.0,0.0,0.0,0.0,1.0,0.0
1866505,0.0,0.0,0.0,0.0,0.0,0.0,0.0
1867122,0.0,0.0,0.0,0.0,0.0,1.0,0.0
1867622,0.0,0.0,0.0,0.0,0.0,0.0,0.0
1868054,0.0,0.0,0.0,0.0,1.0,0.0,0.0
1868055,0.0,0.0,0.0,0.0,2.0,0.0,0.0
1868063,0.0,0.0,0.0,0.0,2.0,1.0,0.0
1868297,0.0,0.0,0.0,0.0,2.0,2.0,0.0
1868555,0.0,0.0,0.0,0.0,0.0,2.0,0.0
1868797,0.0,0.0,0.0,0.0,0.0,0.0,0.0
1870703,0.0,0.0,0.0,0.0,0.0,1.0,0.0
1871203,0.0,0.0,0.0,0.0,0.0,0.0,0.0
1871224,0.0,0.0,0.0,0.0,0.0,1.0,0.0
1871229,0.0,0.0,0.0,0.0,0.0,2.0,0.0
1871729,0.0,0.0,0.0,0.0,0.0,0.0,0.0
1872793,0.0,0.0,0.0,0.0,0.0,1.0,0.0
1873293,0.0,0.0,0.0,0.0,0.0,0.0,0.0
1874440,0.0,0.0,0.0,0.0,1.0,0.0,0.0
1874524,0.0,0.0,0.0,0.0,1.0,1.0,0.0
1874528,0.0,0.0,0.0,0.0,1.0,2.0,0.0
1874940,0.0,0.0,0.0,0.0,0.0,2.0,0.0
1875028,0.0,0.0,0.0,0.0,0.0,0.0,0.0
1875480,0.0,0.0,0.0,0.0,0.0,1.0,0.0
1875980,0.0,0.0,0.0,0.0,0.0,0.0,0.0
1878215,0.0,0.0,0.0,0.0,0.0,1.0,0.0
1878237,0.0,0.0,0.0,0.0,0.0,2.0,0.0
1878737,0.0,0.0,0.0,0.0,0.0,0.0,0.0
1878927,0.0,0.0,0.0,0.0,0.0,1.0,0.0
1879310,0.0,0.0,0.0,0.0,0.0,2.0,0.0
1879810,0.0,0.0,0.0,0.0,0.0,0.0,0.0
1880938,0.0,0.0,0.0,0.0,0.0,1.0,0.0
1881065,0.0,0.0,0.0,0.0,0.0,2.0,0.0
1881565,0.0,0.0,0.0,0.0,0.0,0.0,0.0
1881611,0.0,0.0,0.0,0.0,0.0,1.0,0.0
1882111,0.0,0.0,0.0,0.0,0.0,0.0,0.0
1882372,0.0,0.0,0.0,0.0,0.0,1.0,0.0
1882374,0.0,0.0,0.0,0.0,0.0,2.0,0.0
1882874,0.0,0.0,0.0,0.0,0.0,0.0,0.0
1882995,0.0,0.0,0.0,0.0,0.0,1.0,0.0
1883013,0.0,0.0,0.0,0.0,0.0,2.0,0.0
1883513,0.0,0.0,0.0,0.0,0.0,0.0,0.0
1883668,0.0,0.0,0.0,0.0,0.0,1.0,0.0
1883670,0.0,0.0,0.0,0.0,0.0,2.0,0.0
1884170,0.0,0.0,0.0,0.0,0.0,0.0,0.0
1885233,0.0,0.0,0.0,0.0,0.0,1.0,0.0
1885733,0.0,0.0,0.0,0.0,0.0,0.0,0.0
1886479,0.0,0.0,0.0,0.0,0.0,1.0,0.0
1886600,0.0,0.0,0.0,0.0,0.0,2.0,0.0
1887100,0.0,0.0,0.0,0.0,0.0,0.0,0.0
1887951,0.0,0.0,0.0,0.0,0.0,1.0,0.0
1888451,0.0,0.0,0.0,0.0,0.0,0.0,0.0
1888485,0.0,0.0,0.0,0.0,0.0,1.0,0.0
1888985,0.0,0.0,0.0,0.0,0.0,0.0,0.0
1889287,0.0,0.0,0.0,0.0,0.0,1.0,0.0
1889298,0.0,2.0,0.0,0.0,0.0,1.0,0.0
1889787,0.0,2.0,0.0,0.0,0.0,0.0,0.0
1889798,0.0,0.0,0.0,0.0,0.0,0.0,0.0
1890778,0.0,0.0,0.0,0.0,0.0,1.0,0.0
1890829,0.0,0.0,0.0,0.0,0.0,2.0,0.0
1891329,0.0,0.0,0.0,0.0,0.0,0.0,0.0
1891374,0.0,0.0,0.0,0.0,0.0,1.0,0.0
1891874,0.0,0.0,0.0,0.0,0.0,0.0,0.0
1892033,0.0,0.0,0.0,0.0,0.0,1.0,0.0
1892533,0.0,0.0,0.0,0.0,0.0,0.0,0.0
1892841,0.0,0.0,0.0,0.0,0.0,1.0,0.0
1893028,0.0,0.0,0.0,0.0,0.0,2.0,0.0
1893528,0.0,0.0,0.0,0.0,0.0,0.0,0.0
1894137,0.0,0.0,0.0,0.0,0.0,1.0,0.0
1894316,0.0,0.0,0.0,0.0,0.0,2.0,0.0
1894816,0.0,0.0,0.0,0.0,0.0,0.0,0.0
1894968,0.0,0.0,0.0,0.0,0.0,1.0,0.0
1895468,0.0,0.0,0.0,0.0,0.0,0.0,0.0
1895993,0.0,0.0,0.0,0.0,0.0,1.0,0.0
1896444,0.0,0.0,0.0,0.0,0.0,2.0,0.0
1896944,0.0,0.0,0.0,0.0,0.0,0.0,0.0
1898055,0.0,0.0,0.0,0.0,0.0,1.0,0.0
1898230,0.0,0.0,0.0,0.0,1.0,1.0,0.0
1898555,0.0,0.0,0.0,0.0,1.0,0.0,0.0
1898730,0.0,0.0,0.0,0.0,0.0,0.0,0.0
1899003,0.0,0.0,0.0,0.0,0.0,1.0,0.0
1899105,0.0,0.0,0.0,0.0,0.0,2.0,0.0
1899111,0.0,0.0,0.0,0.0,1.0,2.0,0.0
1899173,0.0,0.0,0.0,0.0,2.0,2.0,0.0
1899605,0.0,0.0,0.0,0.0,2.0,0.0,0.0
1899673,0.0,0.0,0.0,0.0,0.0,0.0,0.0
1899826,0.0,0.0,0.0,0.0,0.0,1.0,0.0
1900326,0.0,0.0,0.0,0.0,0.0,0.0,0.0
1904436,0.0,0.0,0.0,0.0,0.0,1.0,0.0
1904936,0.0,0.0,0.0,0.0,0.0,0.0,0.0
1905935,0.0,0.0,0.0,0.0,1.0,0.0,0.0
1905939,0.0,0.0,0.0,0.0,1.0,1.0,0.0
1906435,0.0,0.0,0.0,0.0,0.0,1.0,0.0
1906439,0.0,0.0,0.0,0.0,0.0,0.0,0.0
1908880,0.0,0.0,0.0,0.0,0.0,1.0,0.0
1909380,0.0,0.0,0.0,0.0,0.0,0.0,0.0
1911106,0.0,0.0,0.0,0.0,0.0,1.0,0.0
1911606,0.0,0.0,0.0,0.0,0.0,0.0,0.0
1912375,0.0,0.0,0.0,0.0,0.0,1.0,0.0
1912875,0.0,0.0,0.0,0.0,0.0,0.0,0.0
1913537,0.0,0.0,0.0,0.0,0.0,1.0,0.0
1914037,0.0,0.0,0.0,0.0,0.0,0.0,0.0
1915727,0.0,0.0,0.0,0.0,0.0,1.0,0.0
1916227,0.0,0.0,0.0,0.0,0.0,0.0,0.0
1917335,0.0,0.0,0.0,0.0,0.0,1.0,0.0
1917835,0.0,0.0,0.0,0.0,0.0,0.0,0.0
1918325,0.0,0.0,0.0,0.0,0.0,1.0,0.0
1918825,0.0,0.0,0.0,0.0,0.0,0.0,0.0
1919083,0.0,0.0,0.0,0.0,0.0,1.0,0.0
1919583,0.0,0.0,0.0,0.0,0.0,0.0,0.0
1921699,0.0,0.0,0.0,0.0,0.0,1.0,0.0
1921702,0.0,0.0,0.0,0.0,0.0,2.0,0.0
1922202,0.0,0.0,0.0,0.0,0.0,0.0,0.0
1925955,0.0,0.0,0.0,0.0,0.0,1.0,0.0
1926455,0.0,0.0,0.0,0.0,0.0,0.0,0.0
1934122,0.0,0.0,0.0,0.0,0.0,1.0,0.0
1934622,0.0,0.0,0.0,0.0,0.0,0.0,0.0
1934951,0.0,0.0,0.0,0.0,0.0,1.0,0.0
1935451,0.0,0.0,0.0,0.0,0.0,0.0,0.0
1935472,0.0,0.0,0.0,0.0,0.0,1.0,0.0
1935972,0.0,0.0,0.0,0.0,0.0,0.0,0.0
1940287,0.0,0.0,0.0,0.0,0.0,1.0,0.0
1940787,0.0,0.0,0.0,0.0,0.0,0.0,0.0
1941404,0.0,0.0,0.0,0.0,0.0,1.0,0.0
1941904,0.0,0.0,0.0,0.0,0.0,0.0,0.0
1941939,0.0,0.0,0.0,0.0,0.0,1.0,0.0
1942439,0.0,0.0,0.0,0.0,0.0,0.0,0.0
1944898,0.0,0.0,0.0,0.0,0.0,1.0,0.0
1945398,0.0,0.0,0.0,0.0,0.0,0.0,0.0
1945492,0.0,0.0,0.0,0.0,0.0,1.0,0.0
1945992,0.0,0.0,0.0,0.0,0.0,0.0,0.0
1946006,0.0,0.0,0.0,0.0,0.0,1.0,0.0
1946506,0.0,0.0,0.0,0.0,0.0,0.0,0.0
1947177,0.0,0.0,0.0,0.0,0.0,1.0,0.0
1947677,0.0,0.0,0.0,0.0,0.0,0.0,0.0
1948415,0.0,0.0,0.0,0.0,0.0,1.0,0.0
1948915,0.0,0.0,0.0,0.0,0.0,0.0,0.0
1949494,0.0,0.0,0.0,0.0,0.0,1.0,0.0
1949994,0.0,0.0,0.0,0.0,0.0,0.0,0.0
1950049,0.0,0.0,0.0,0.0,0.0,1.0,0.0
1950549,0.0,0.0,0.0,0.0,0.0,0.0,0.0
1952463,0.0,0.0,0.0,0.0,0.0,1.0,0.0
1952466,0.0,0.0,0.0,0.0,0.0,2.0,0.0
1952966,0.0,0.0,0.0,0.0,0.0,0.0,0.0
1953363,0.0,0.0,0.0,0.0,0.0,1.0,0.0
1953863,0.0,0.0,0.0,0.0,0.0,0.0,0.0
1957620,0.0,0.0,0.0,0.0,0.0,1.0,0.0
1958120,0.0,0.0,0.0,0.0,0.0,0.0,0.0
1960025,0.0,0.0,0.0,0.0,0.0,1.0,0.0
1960525,0.0,0.0,0.0,0.0,0.0,0.0,0.0
1965983,0.0,0.0,0.0,0.0,0.0,1.0,0.0
1966483,0.0,0.0,0.0,0.0,0.0,0.0,0.0
1969560,0.0,0.0,0.0,0.0,1.0,0.0,0.0
1970060,0.0,0.0,0.0,0.0,0.0,0.0,0.0
1971092,0.0,0.0,0.0,0.0,0.0,1.0,0.0
1971592,0.0,0.0,0.0,0.0,0.0,0.0,0.0
1972571,0.0,0.0,0.0,0.0,0.0,1.0,0.0
1973071,0.0,0.0,0.0,0.0,0.0,0.0,0.0
1974401,0.0,0.0,0.0,0.0,0.0,1.0,0.0
1974901,0.0,0.0,0.0,0.0,0.0,0.0,0.0
1976328,0.0,0.0,0.0,0.0,0.0,1.0,0.0
1976329,0.0,0.0,0.0,0.0,0.0,2.0,0.0
1976829,0.0,0.0,0.0,0.0,0.0,0.0,0.0
1977026,0.0,0.0,0.0,0.0,0.0,1.0,0.0
1977526,0.0,0.0,0.0,0.0,0.0,0.0,0.0
1978748,0.0,0.0,0.0,0.0,0.0,1.0,0.0
1979248,0.0,0.0,0.0,0.0,0.0,0.0,0.0
1980656,0.0,0.0,0.0,0.0,1.0,0.0,0.0
1980658,0.0,0.0,0.0,0.0,2.0,1.0,0.0
1981158,0.0,0.0,0.0,0.0,0.0,0.0,0.0
1981599,0.0,0.0,0.0,0.0,0.0,1.0,0.0
1982099,0.0,0.0,0.0,0.0,0.0,0.0,0.0
1982350,0.0,0.0,0.0,0.0,0.0,1.0,0.0
1982354,0.0,0.0,0.0,0.0,0.0,2.0,0.0
1982854,0.0,0.0,0.0,0.0,0.0,0.0,0.0
1983042,0.0,0.0,0.0,0.0,0.0,1.0,0.0
1983542,0.0,0.0,0.0,0.0,0.0,0.0,0.0
1986602,0.0,0.0,0.0,0.0,0.0,1.0,0.0
1987102,0.0,0.0,0.0,0.0,0.0,0.0,0.0
1993188,0.0,0.0,0.0,0.0,0.0,1.0,0.0
1993688,0.0,0.0,0.0,0.0,0.0,0.0,0.0
1993774,0.0,0.0,0.0,0.0,0.0,1.0,0.0
1994274,0.0,0.0,0.0,0.0,0.0,0.0,0.0
1998619,0.0,0.0,0.0,0.0,0.0,1.0,0.0
1999119,0.0,0.0,0.0,0.0,0.0,0.0,0.0
2000000,0.0,0.0,0.0,0.0,0.0,0.0,1.0
2000052,0.0,0.0,0.0,0.0,0.0,1.0,1.0
2000057,0.0,0.0,0.0,0.0,0.0,2.0,1.0
2000071,0.0,0.0,0.0,0.0,1.0,2.0,1.0
2000081,0.0,0.0,0.0,0.0,2.0,2.0,1.0
2000255,2.0,0.0,0.0,0.0,2.0,2.0,1.0
2000364,2.0,2.0,0.0,0.0,2.0,2.0,1.0
