,ADWIN,CUSUM,DDM,GeometricMovingAverage,HDDMAverage,HDDMWeighted,Ground-truth
132,0.0,0.0,1.0,0.0,0.0,0.0,0.0
133,0.0,0.0,1.0,0.0,0.0,1.0,0.0
420,0.0,0.0,1.0,0.0,1.0,1.0,0.0
632,0.0,0.0,0.0,0.0,1.0,1.0,0.0
633,0.0,0.0,0.0,0.0,1.0,0.0,0.0
920,0.0,0.0,0.0,0.0,0.0,0.0,0.0
1432,0.0,0.0,0.0,0.0,0.0,1.0,0.0
1434,0.0,0.0,0.0,0.0,0.0,2.0,0.0
1934,0.0,0.0,0.0,0.0,0.0,0.0,0.0
2413,0.0,0.0,0.0,0.0,0.0,1.0,0.0
2880,0.0,0.0,0.0,0.0,0.0,2.0,0.0
3380,0.0,0.0,0.0,0.0,0.0,0.0,0.0
3878,0.0,0.0,0.0,0.0,0.0,1.0,0.0
4378,0.0,0.0,0.0,0.0,0.0,0.0,0.0
4774,0.0,0.0,0.0,0.0,0.0,1.0,0.0
5274,0.0,0.0,0.0,0.0,0.0,0.0,0.0
5669,0.0,0.0,1.0,0.0,0.0,1.0,0.0
6152,0.0,2.0,1.0,0.0,0.0,1.0,0.0
6169,0.0,2.0,1.0,0.0,0.0,0.0,0.0
6652,0.0,0.0,1.0,0.0,0.0,0.0,0.0
6964,0.0,0.0,1.0,0.0,0.0,1.0,0.0
7464,0.0,0.0,1.0,0.0,0.0,0.0,0.0
7993,0.0,0.0,1.0,0.0,0.0,1.0,0.0
8493,0.0,0.0,1.0,0.0,0.0,0.0,0.0
9242,0.0,0.0,1.0,0.0,0.0,1.0,0.0
9742,0.0,0.0,1.0,0.0,0.0,0.0,0.0
9788,0.0,0.0,1.0,0.0,0.0,1.0,0.0
10288,0.0,0.0,1.0,0.0,0.0,0.0,0.0
11367,0.0,0.0,1.0,0.0,0.0,1.0,0.0
11371,0.0,0.0,1.0,0.0,0.0,2.0,0.0
11871,0.0,0.0,1.0,0.0,0.0,0.0,0.0
11907,0.0,0.0,1.0,0.0,0.0,1.0,0.0
11909,0.0,0.0,1.0,0.0,0.0,2.0,0.0
12409,0.0,0.0,1.0,0.0,0.0,0.0,0.0
12785,0.0,0.0,1.0,0.0,0.0,1.0,0.0
13285,0.0,0.0,1.0,0.0,0.0,0.0,0.0
13559,0.0,0.0,1.0,0.0,0.0,1.0,0.0
13575,0.0,0.0,1.0,0.0,0.0,2.0,0.0
14075,0.0,0.0,1.0,0.0,0.0,0.0,0.0
14196,0.0,0.0,1.0,0.0,0.0,1.0,0.0
14696,0.0,0.0,1.0,0.0,0.0,0.0,0.0
14822,0.0,0.0,1.0,0.0,0.0,1.0,0.0
15229,0.0,0.0,1.0,0.0,0.0,2.0,0.0
15729,0.0,0.0,1.0,0.0,0.0,0.0,0.0
16090,0.0,0.0,1.0,0.0,0.0,1.0,0.0
16590,0.0,0.0,1.0,0.0,0.0,0.0,0.0
16827,0.0,0.0,1.0,0.0,0.0,1.0,0.0
16924,0.0,0.0,1.0,0.0,0.0,2.0,0.0
17424,0.0,0.0,1.0,0.0,0.0,1.0,0.0
17427,0.0,0.0,1.0,0.0,0.0,2.0,0.0
17482,0.0,2.0,1.0,0.0,0.0,2.0,0.0
17927,0.0,2.0,1.0,0.0,0.0,0.0,0.0
17982,0.0,0.0,1.0,0.0,0.0,0.0,0.0
18710,0.0,0.0,1.0,0.0,0.0,1.0,0.0
18746,0.0,0.0,1.0,0.0,0.0,2.0,0.0
19246,0.0,0.0,1.0,0.0,0.0,0.0,0.0
19657,0.0,0.0,1.0,0.0,0.0,1.0,0.0
20157,0.0,0.0,1.0,0.0,0.0,0.0,0.0
20538,0.0,0.0,1.0,0.0,0.0,1.0,0.0
21038,0.0,0.0,1.0,0.0,0.0,0.0,0.0
21171,0.0,0.0,1.0,0.0,0.0,1.0,0.0
21177,0.0,0.0,1.0,0.0,0.0,2.0,0.0
21677,0.0,0.0,1.0,0.0,0.0,1.0,0.0
21679,0.0,0.0,1.0,0.0,0.0,2.0,0.0
22179,0.0,0.0,1.0,0.0,0.0,0.0,0.0
22205,0.0,0.0,1.0,0.0,0.0,1.0,0.0
22705,0.0,0.0,1.0,0.0,0.0,0.0,0.0
22911,0.0,0.0,1.0,0.0,0.0,1.0,0.0
23411,0.0,0.0,1.0,0.0,0.0,0.0,0.0
24626,0.0,0.0,1.0,0.0,0.0,1.0,0.0
25126,0.0,0.0,1.0,0.0,0.0,0.0,0.0
25144,0.0,0.0,1.0,0.0,0.0,1.0,0.0
25544,0.0,0.0,1.0,0.0,0.0,2.0,0.0
26044,0.0,0.0,1.0,0.0,0.0,0.0,0.0
27818,0.0,0.0,1.0,0.0,0.0,1.0,0.0
28318,0.0,0.0,1.0,0.0,0.0,0.0,0.0
28496,0.0,0.0,1.0,0.0,0.0,1.0,0.0
28499,0.0,0.0,1.0,0.0,0.0,2.0,0.0
28999,0.0,0.0,1.0,0.0,0.0,0.0,0.0
31133,0.0,0.0,1.0,0.0,0.0,1.0,0.0
31633,0.0,0.0,1.0,0.0,0.0,0.0,0.0
31939,0.0,0.0,1.0,0.0,0.0,1.0,0.0
31944,0.0,0.0,1.0,0.0,0.0,2.0,0.0
32444,0.0,0.0,1.0,0.0,0.0,0.0,0.0
32569,0.0,0.0,1.0,0.0,1.0,0.0,0.0
32590,0.0,0.0,1.0,0.0,1.0,1.0,0.0
32618,0.0,0.0,1.0,0.0,1.0,2.0,0.0
33069,0.0,0.0,1.0,0.0,0.0,2.0,0.0
33118,0.0,0.0,1.0,0.0,0.0,0.0,0.0
33304,0.0,0.0,1.0,0.0,1.0,1.0,0.0
33804,0.0,0.0,1.0,0.0,0.0,0.0,0.0
33999,0.0,0.0,1.0,0.0,0.0,1.0,0.0
34499,0.0,0.0,1.0,0.0,0.0,0.0,0.0
35458,0.0,0.0,1.0,0.0,0.0,1.0,0.0
35546,0.0,0.0,1.0,0.0,0.0,2.0,0.0
36046,0.0,0.0,1.0,0.0,0.0,0.0,0.0
36252,0.0,0.0,1.0,0.0,0.0,1.0,0.0
36752,0.0,0.0,1.0,0.0,0.0,0.0,0.0
36980,0.0,0.0,1.0,0.0,0.0,1.0,0.0
37078,0.0,0.0,1.0,0.0,0.0,2.0,0.0
37578,0.0,0.0,1.0,0.0,0.0,0.0,0.0
37972,0.0,0.0,1.0,0.0,0.0,1.0,0.0
37975,0.0,0.0,1.0,0.0,0.0,2.0,0.0
38475,0.0,0.0,1.0,0.0,0.0,0.0,0.0
38723,0.0,0.0,1.0,0.0,0.0,1.0,0.0
38727,0.0,0.0,1.0,0.0,0.0,2.0,0.0
39227,0.0,0.0,1.0,0.0,0.0,0.0,0.0
39320,0.0,0.0,1.0,0.0,0.0,1.0,0.0
39820,0.0,0.0,1.0,0.0,0.0,0.0,0.0
40081,0.0,0.0,1.0,0.0,0.0,1.0,0.0
40581,0.0,0.0,1.0,0.0,0.0,0.0,0.0
41173,0.0,0.0,1.0,0.0,0.0,1.0,0.0
41357,0.0,0.0,1.0,0.0,0.0,2.0,0.0
41857,0.0,0.0,1.0,0.0,0.0,0.0,0.0
43724,0.0,0.0,1.0,0.0,0.0,1.0,0.0
44224,0.0,0.0,1.0,0.0,0.0,0.0,0.0
44445,0.0,0.0,1.0,0.0,0.0,1.0,0.0
44701,0.0,2.0,1.0,0.0,0.0,1.0,0.0
44945,0.0,2.0,1.0,0.0,0.0,0.0,0.0
45201,0.0,0.0,1.0,0.0,0.0,0.0,0.0
45715,0.0,0.0,1.0,0.0,0.0,1.0,0.0
45717,0.0,0.0,1.0,0.0,0.0,2.0,0.0
46217,0.0,0.0,1.0,0.0,0.0,0.0,0.0
46413,0.0,0.0,1.0,0.0,0.0,1.0,0.0
46416,0.0,0.0,1.0,0.0,0.0,2.0,0.0
46916,0.0,0.0,1.0,0.0,0.0,0.0,0.0
47667,0.0,0.0,1.0,0.0,0.0,1.0,0.0
47669,0.0,0.0,1.0,0.0,0.0,2.0,0.0
48169,0.0,0.0,1.0,0.0,0.0,0.0,0.0
48723,0.0,0.0,1.0,0.0,0.0,1.0,0.0
49223,0.0,0.0,1.0,0.0,0.0,0.0,0.0
50564,0.0,0.0,1.0,0.0,0.0,1.0,0.0
51064,0.0,0.0,1.0,0.0,0.0,0.0,0.0
51800,0.0,0.0,1.0,0.0,0.0,1.0,0.0
52300,0.0,0.0,1.0,0.0,0.0,0.0,0.0
52845,0.0,0.0,1.0,0.0,0.0,1.0,0.0
53150,0.0,0.0,1.0,0.0,0.0,2.0,0.0
53650,0.0,0.0,1.0,0.0,0.0,0.0,0.0
53913,0.0,0.0,1.0,0.0,0.0,1.0,0.0
53921,0.0,0.0,1.0,0.0,0.0,2.0,0.0
54421,0.0,0.0,1.0,0.0,0.0,0.0,0.0
54705,0.0,0.0,1.0,0.0,0.0,1.0,0.0
54710,0.0,0.0,1.0,0.0,0.0,2.0,0.0
55210,0.0,0.0,1.0,0.0,0.0,0.0,0.0
55352,0.0,0.0,1.0,0.0,0.0,1.0,0.0
55505,0.0,0.0,1.0,0.0,0.0,2.0,0.0
56005,0.0,0.0,1.0,0.0,0.0,0.0,0.0
56553,0.0,0.0,1.0,0.0,0.0,1.0,0.0
56557,0.0,0.0,1.0,0.0,0.0,2.0,0.0
57057,0.0,0.0,1.0,0.0,0.0,0.0,0.0
58415,0.0,0.0,1.0,0.0,0.0,1.0,0.0
58417,0.0,0.0,1.0,0.0,0.0,2.0,0.0
58917,0.0,0.0,1.0,0.0,0.0,0.0,0.0
59255,0.0,0.0,1.0,0.0,0.0,1.0,0.0
59755,0.0,0.0,1.0,0.0,0.0,0.0,0.0
60293,0.0,0.0,1.0,0.0,0.0,1.0,0.0
60793,0.0,0.0,1.0,0.0,0.0,0.0,0.0
60946,0.0,0.0,1.0,0.0,0.0,1.0,0.0
61446,0.0,0.0,1.0,0.0,0.0,0.0,0.0
62292,0.0,0.0,1.0,0.0,0.0,1.0,0.0
62792,0.0,0.0,1.0,0.0,0.0,0.0,0.0
64025,0.0,0.0,1.0,0.0,0.0,1.0,0.0
64293,0.0,0.0,1.0,0.0,0.0,2.0,0.0
64793,0.0,0.0,1.0,0.0,0.0,0.0,0.0
64852,0.0,0.0,1.0,0.0,0.0,1.0,0.0
65352,0.0,0.0,1.0,0.0,0.0,0.0,0.0
66460,0.0,0.0,1.0,0.0,0.0,1.0,0.0
66732,0.0,0.0,1.0,0.0,0.0,2.0,0.0
67232,0.0,0.0,1.0,0.0,0.0,0.0,0.0
67781,0.0,0.0,1.0,0.0,0.0,1.0,0.0
67797,0.0,0.0,1.0,0.0,0.0,2.0,0.0
68297,0.0,0.0,1.0,0.0,0.0,0.0,0.0
69194,0.0,0.0,1.0,0.0,0.0,1.0,0.0
69228,0.0,0.0,1.0,0.0,0.0,2.0,0.0
69728,0.0,0.0,1.0,0.0,0.0,0.0,0.0
71748,0.0,0.0,1.0,0.0,0.0,1.0,0.0
72248,0.0,0.0,1.0,0.0,0.0,0.0,0.0
72433,0.0,0.0,1.0,0.0,0.0,1.0,0.0
72435,0.0,0.0,1.0,0.0,0.0,2.0,0.0
72935,0.0,0.0,1.0,0.0,0.0,0.0,0.0
73037,0.0,0.0,1.0,0.0,0.0,1.0,0.0
73537,0.0,0.0,1.0,0.0,0.0,0.0,0.0
74056,0.0,0.0,1.0,0.0,1.0,0.0,0.0
74369,0.0,0.0,1.0,0.0,1.0,1.0,0.0
74556,0.0,0.0,1.0,0.0,0.0,1.0,0.0
74869,0.0,0.0,1.0,0.0,0.0,0.0,0.0
74890,0.0,0.0,1.0,0.0,0.0,1.0,0.0
75390,0.0,0.0,1.0,0.0,0.0,0.0,0.0
75571,0.0,0.0,1.0,0.0,0.0,1.0,0.0
75573,0.0,0.0,1.0,0.0,0.0,2.0,0.0
76073,0.0,0.0,1.0,0.0,0.0,0.0,0.0
76524,0.0,0.0,1.0,0.0,0.0,1.0,0.0
76647,0.0,0.0,1.0,0.0,0.0,2.0,0.0
76719,0.0,2.0,1.0,0.0,0.0,2.0,0.0
77147,0.0,2.0,1.0,0.0,0.0,0.0,0.0
77219,0.0,0.0,1.0,0.0,0.0,0.0,0.0
77473,0.0,0.0,1.0,0.0,0.0,1.0,0.0
77973,0.0,0.0,1.0,0.0,0.0,0.0,0.0
78939,0.0,0.0,1.0,0.0,0.0,1.0,0.0
79439,0.0,0.0,1.0,0.0,0.0,0.0,0.0
80364,0.0,0.0,1.0,0.0,0.0,1.0,0.0
80388,0.0,0.0,1.0,0.0,0.0,2.0,0.0
80888,0.0,0.0,1.0,0.0,0.0,0.0,0.0
81176,0.0,0.0,1.0,0.0,0.0,1.0,0.0
81676,0.0,0.0,1.0,0.0,0.0,0.0,0.0
82548,0.0,0.0,1.0,0.0,0.0,1.0,0.0
83048,0.0,0.0,1.0,0.0,0.0,0.0,0.0
83309,0.0,0.0,1.0,0.0,0.0,1.0,0.0
83809,0.0,0.0,1.0,0.0,0.0,0.0,0.0
85641,0.0,0.0,1.0,0.0,0.0,1.0,0.0
86020,0.0,0.0,1.0,0.0,0.0,2.0,0.0
86520,0.0,0.0,1.0,0.0,0.0,0.0,0.0
86699,0.0,0.0,1.0,0.0,0.0,1.0,0.0
86741,0.0,2.0,1.0,0.0,0.0,1.0,0.0
87199,0.0,2.0,1.0,0.0,0.0,0.0,0.0
87241,0.0,0.0,1.0,0.0,0.0,0.0,0.0
87669,0.0,0.0,0.0,0.0,0.0,0.0,0.0
87673,0.0,0.0,1.0,0.0,0.0,0.0,0.0
87878,0.0,0.0,1.0,0.0,0.0,1.0,0.0
88378,0.0,0.0,1.0,0.0,0.0,0.0,0.0
88719,0.0,0.0,1.0,0.0,0.0,1.0,0.0
88823,0.0,2.0,1.0,0.0,0.0,1.0,0.0
88843,0.0,2.0,1.0,0.0,0.0,2.0,0.0
89323,0.0,0.0,1.0,0.0,0.0,2.0,0.0
89343,0.0,0.0,1.0,0.0,0.0,0.0,0.0
89860,0.0,0.0,1.0,0.0,0.0,1.0,0.0
90360,0.0,0.0,1.0,0.0,0.0,0.0,0.0
90602,0.0,0.0,1.0,0.0,0.0,1.0,0.0
91102,0.0,0.0,1.0,0.0,0.0,0.0,0.0
91444,0.0,0.0,1.0,0.0,0.0,1.0,0.0
91944,0.0,0.0,1.0,0.0,0.0,0.0,0.0
92808,0.0,0.0,1.0,0.0,0.0,1.0,0.0
93308,0.0,0.0,1.0,0.0,0.0,0.0,0.0
94121,0.0,0.0,1.0,0.0,0.0,1.0,0.0
94123,0.0,0.0,1.0,0.0,0.0,2.0,0.0
94623,0.0,0.0,1.0,0.0,0.0,0.0,0.0
95374,0.0,0.0,1.0,0.0,0.0,1.0,0.0
95874,0.0,0.0,1.0,0.0,0.0,0.0,0.0
97093,0.0,0.0,1.0,0.0,0.0,1.0,0.0
97095,0.0,0.0,1.0,0.0,0.0,2.0,0.0
97595,0.0,0.0,1.0,0.0,0.0,0.0,0.0
97843,0.0,0.0,1.0,0.0,0.0,1.0,0.0
97978,0.0,0.0,1.0,0.0,0.0,2.0,0.0
98478,0.0,0.0,1.0,0.0,0.0,0.0,0.0
98950,0.0,0.0,1.0,0.0,0.0,1.0,0.0
99450,0.0,0.0,1.0,0.0,0.0,0.0,0.0
99485,0.0,0.0,1.0,0.0,0.0,1.0,0.0
99985,0.0,0.0,1.0,0.0,0.0,0.0,0.0
101173,0.0,0.0,0.0,0.0,0.0,0.0,0.0
102103,0.0,0.0,0.0,0.0,0.0,1.0,0.0
102105,0.0,0.0,0.0,0.0,0.0,2.0,0.0
102605,0.0,0.0,0.0,0.0,0.0,0.0,0.0
103677,0.0,0.0,0.0,0.0,0.0,1.0,0.0
104177,0.0,0.0,0.0,0.0,0.0,0.0,0.0
105305,0.0,0.0,0.0,0.0,0.0,1.0,0.0
105805,0.0,0.0,0.0,0.0,0.0,0.0,0.0
106754,0.0,0.0,0.0,0.0,1.0,0.0,0.0
106765,0.0,0.0,0.0,0.0,1.0,1.0,0.0
107254,0.0,0.0,0.0,0.0,0.0,1.0,0.0
107265,0.0,0.0,0.0,0.0,0.0,0.0,0.0
108192,0.0,0.0,0.0,0.0,0.0,1.0,0.0
108197,0.0,0.0,0.0,0.0,0.0,2.0,0.0
108697,0.0,0.0,0.0,0.0,0.0,0.0,0.0
108858,0.0,0.0,0.0,0.0,0.0,1.0,0.0
109240,0.0,0.0,0.0,0.0,0.0,2.0,0.0
109740,0.0,0.0,0.0,0.0,0.0,0.0,0.0
114422,0.0,0.0,0.0,0.0,0.0,1.0,0.0
114922,0.0,0.0,0.0,0.0,0.0,0.0,0.0
119715,0.0,0.0,0.0,0.0,0.0,1.0,0.0
120215,0.0,0.0,0.0,0.0,0.0,0.0,0.0
120493,0.0,0.0,0.0,0.0,1.0,1.0,0.0
120993,0.0,0.0,0.0,0.0,0.0,0.0,0.0
122914,0.0,0.0,0.0,0.0,0.0,1.0,0.0
123414,0.0,0.0,0.0,0.0,0.0,0.0,0.0
123911,0.0,0.0,0.0,0.0,0.0,1.0,0.0
124411,0.0,0.0,0.0,0.0,0.0,0.0,0.0
125520,0.0,0.0,0.0,0.0,0.0,1.0,0.0
125787,0.0,0.0,0.0,0.0,0.0,2.0,0.0
126287,0.0,0.0,0.0,0.0,0.0,0.0,0.0
127008,0.0,0.0,0.0,0.0,0.0,1.0,0.0
127508,0.0,0.0,0.0,0.0,0.0,0.0,0.0
130751,0.0,0.0,0.0,0.0,0.0,1.0,0.0
131251,0.0,0.0,0.0,0.0,0.0,0.0,0.0
132232,0.0,0.0,0.0,0.0,0.0,1.0,0.0
132732,0.0,0.0,0.0,0.0,0.0,0.0,0.0
133023,0.0,0.0,0.0,0.0,0.0,1.0,0.0
133523,0.0,0.0,0.0,0.0,0.0,0.0,0.0
135512,0.0,0.0,0.0,0.0,0.0,1.0,0.0
136012,0.0,0.0,0.0,0.0,0.0,0.0,0.0
136032,0.0,0.0,0.0,0.0,0.0,1.0,0.0
136532,0.0,0.0,0.0,0.0,0.0,0.0,0.0
136779,0.0,0.0,0.0,0.0,0.0,1.0,0.0
137279,0.0,0.0,0.0,0.0,0.0,0.0,0.0
140104,0.0,0.0,0.0,0.0,0.0,1.0,0.0
140604,0.0,0.0,0.0,0.0,0.0,0.0,0.0
140621,0.0,0.0,0.0,0.0,0.0,1.0,0.0
141121,0.0,0.0,0.0,0.0,0.0,0.0,0.0
144334,0.0,0.0,0.0,0.0,0.0,1.0,0.0
144834,0.0,0.0,0.0,0.0,0.0,0.0,0.0
147053,0.0,0.0,0.0,0.0,0.0,1.0,0.0
147553,0.0,0.0,0.0,0.0,0.0,0.0,0.0
148674,0.0,0.0,0.0,0.0,0.0,1.0,0.0
148678,0.0,0.0,0.0,0.0,0.0,2.0,0.0
149178,0.0,0.0,0.0,0.0,0.0,0.0,0.0
149746,0.0,0.0,0.0,0.0,0.0,1.0,0.0
150246,0.0,0.0,0.0,0.0,0.0,0.0,0.0
152661,0.0,0.0,0.0,0.0,0.0,1.0,0.0
153161,0.0,0.0,0.0,0.0,0.0,0.0,0.0
153190,0.0,0.0,0.0,0.0,0.0,1.0,0.0
153690,0.0,0.0,0.0,0.0,0.0,0.0,0.0
158552,0.0,0.0,0.0,0.0,0.0,1.0,0.0
159052,0.0,0.0,0.0,0.0,0.0,0.0,0.0
160659,0.0,0.0,0.0,0.0,0.0,1.0,0.0
161159,0.0,0.0,0.0,0.0,0.0,0.0,0.0
163271,0.0,0.0,0.0,0.0,0.0,1.0,0.0
163771,0.0,0.0,0.0,0.0,0.0,0.0,0.0
166425,0.0,0.0,0.0,0.0,0.0,1.0,0.0
166925,0.0,0.0,0.0,0.0,0.0,0.0,0.0
168963,0.0,0.0,0.0,0.0,0.0,1.0,0.0
169463,0.0,0.0,0.0,0.0,0.0,0.0,0.0
169699,0.0,0.0,0.0,0.0,0.0,1.0,0.0
170199,0.0,0.0,0.0,0.0,0.0,0.0,0.0
171212,0.0,0.0,0.0,0.0,1.0,0.0,0.0
171456,0.0,0.0,0.0,0.0,1.0,1.0,0.0
171712,0.0,0.0,0.0,0.0,0.0,1.0,0.0
171956,0.0,0.0,0.0,0.0,0.0,0.0,0.0
172403,0.0,0.0,0.0,0.0,1.0,0.0,0.0
172903,0.0,0.0,0.0,0.0,0.0,0.0,0.0
173528,0.0,0.0,0.0,0.0,0.0,1.0,0.0
174028,0.0,0.0,0.0,0.0,0.0,0.0,0.0
174815,0.0,0.0,0.0,0.0,0.0,1.0,0.0
175315,0.0,0.0,0.0,0.0,0.0,0.0,0.0
176760,0.0,0.0,0.0,0.0,0.0,1.0,0.0
177260,0.0,0.0,0.0,0.0,0.0,0.0,0.0
177382,0.0,0.0,0.0,0.0,0.0,1.0,0.0
177882,0.0,0.0,0.0,0.0,0.0,0.0,0.0
178352,0.0,0.0,0.0,0.0,0.0,1.0,0.0
178852,0.0,0.0,0.0,0.0,0.0,0.0,0.0
179040,0.0,0.0,0.0,0.0,0.0,1.0,0.0
179066,0.0,0.0,0.0,0.0,0.0,2.0,0.0
179566,0.0,0.0,0.0,0.0,0.0,0.0,0.0
183186,0.0,0.0,0.0,0.0,0.0,1.0,0.0
183686,0.0,0.0,0.0,0.0,0.0,0.0,0.0
184717,0.0,0.0,0.0,0.0,0.0,1.0,0.0
185217,0.0,0.0,0.0,0.0,0.0,0.0,0.0
187327,0.0,0.0,0.0,0.0,0.0,1.0,0.0
187329,0.0,0.0,0.0,0.0,0.0,2.0,0.0
187829,0.0,0.0,0.0,0.0,0.0,0.0,0.0
189276,0.0,0.0,0.0,0.0,0.0,1.0,0.0
189776,0.0,0.0,0.0,0.0,0.0,0.0,0.0
191177,0.0,0.0,0.0,0.0,0.0,1.0,0.0
191677,0.0,0.0,0.0,0.0,0.0,0.0,0.0
195235,0.0,0.0,0.0,0.0,0.0,1.0,0.0
195735,0.0,0.0,0.0,0.0,0.0,0.0,0.0
197557,0.0,0.0,0.0,0.0,0.0,1.0,0.0
198057,0.0,0.0,0.0,0.0,0.0,0.0,0.0
199489,0.0,0.0,0.0,0.0,0.0,1.0,0.0
199989,0.0,0.0,0.0,0.0,0.0,0.0,0.0
201000,0.0,0.0,0.0,0.0,0.0,0.0,1.0
201292,0.0,0.0,0.0,0.0,0.0,1.0,1.0
201293,0.0,0.0,0.0,0.0,0.0,2.0,1.0
201500,0.0,0.0,0.0,0.0,0.0,2.0,0.0
201793,0.0,0.0,0.0,0.0,0.0,0.0,0.0
201811,0.0,0.0,0.0,0.0,0.0,1.0,0.0
201823,2.0,0.0,0.0,0.0,0.0,1.0,0.0
201882,2.0,2.0,0.0,0.0,0.0,1.0,0.0
202031,2.0,2.0,0.0,0.0,0.0,2.0,0.0
202323,0.0,2.0,0.0,0.0,0.0,2.0,0.0
202382,0.0,0.0,0.0,0.0,0.0,2.0,0.0
202531,0.0,0.0,0.0,0.0,0.0,0.0,0.0
202633,0.0,0.0,0.0,0.0,0.0,1.0,0.0
202997,0.0,0.0,0.0,0.0,1.0,1.0,0.0
203133,0.0,0.0,0.0,0.0,1.0,0.0,0.0
203377,0.0,0.0,0.0,0.0,2.0,0.0,0.0
203606,0.0,0.0,0.0,0.0,2.0,1.0,0.0
203871,2.0,0.0,0.0,0.0,2.0,1.0,0.0
203877,2.0,0.0,0.0,0.0,0.0,1.0,0.0
204106,2.0,0.0,0.0,0.0,0.0,0.0,0.0
204141,2.0,0.0,0.0,0.0,1.0,0.0,0.0
204142,2.0,0.0,0.0,0.0,1.0,1.0,0.0
204143,2.0,0.0,0.0,0.0,2.0,1.0,0.0
204293,2.0,0.0,1.0,0.0,2.0,1.0,0.0
204344,2.0,0.0,1.0,0.0,2.0,2.0,0.0
204371,0.0,0.0,1.0,0.0,2.0,2.0,0.0
204643,0.0,0.0,1.0,0.0,0.0,2.0,0.0
204844,0.0,0.0,1.0,0.0,0.0,0.0,0.0
205344,0.0,0.0,1.0,0.0,0.0,1.0,0.0
205350,0.0,0.0,1.0,0.0,0.0,2.0,0.0
205372,0.0,0.0,1.0,0.0,1.0,2.0,0.0
205850,0.0,0.0,1.0,0.0,1.0,0.0,0.0
205872,0.0,0.0,1.0,0.0,0.0,0.0,0.0
206172,0.0,0.0,1.0,0.0,0.0,1.0,0.0
206672,0.0,0.0,1.0,0.0,0.0,0.0,0.0
206710,0.0,0.0,1.0,0.0,0.0,1.0,0.0
206805,0.0,0.0,2.0,0.0,0.0,1.0,0.0
206876,0.0,0.0,2.0,0.0,0.0,2.0,0.0
207305,0.0,0.0,0.0,0.0,0.0,2.0,0.0
207376,0.0,0.0,0.0,0.0,0.0,0.0,0.0
208554,0.0,0.0,0.0,0.0,0.0,1.0,0.0
209054,0.0,0.0,0.0,0.0,0.0,0.0,0.0
209159,0.0,0.0,0.0,0.0,0.0,1.0,0.0
209474,0.0,0.0,0.0,0.0,0.0,2.0,0.0
209974,0.0,0.0,0.0,0.0,0.0,0.0,0.0
210507,0.0,0.0,0.0,0.0,0.0,1.0,0.0
211007,0.0,0.0,0.0,0.0,0.0,0.0,0.0
212666,0.0,0.0,0.0,0.0,0.0,1.0,0.0
213166,0.0,0.0,0.0,0.0,0.0,0.0,0.0
214995,0.0,0.0,0.0,0.0,0.0,1.0,0.0
215002,0.0,0.0,0.0,0.0,0.0,2.0,0.0
215502,0.0,0.0,0.0,0.0,0.0,0.0,0.0
216313,0.0,0.0,0.0,0.0,0.0,1.0,0.0
216539,0.0,0.0,0.0,0.0,0.0,2.0,0.0
217039,0.0,0.0,0.0,0.0,0.0,0.0,0.0
217706,0.0,0.0,0.0,0.0,0.0,1.0,0.0
218206,0.0,0.0,0.0,0.0,0.0,0.0,0.0
218952,0.0,0.0,0.0,0.0,0.0,1.0,0.0
219452,0.0,0.0,0.0,0.0,0.0,0.0,0.0
220518,0.0,0.0,0.0,0.0,0.0,1.0,0.0
221018,0.0,0.0,0.0,0.0,0.0,0.0,0.0
221402,0.0,0.0,0.0,0.0,0.0,1.0,0.0
221456,0.0,0.0,0.0,0.0,0.0,2.0,0.0
221956,0.0,0.0,0.0,0.0,0.0,0.0,0.0
222046,0.0,0.0,0.0,0.0,0.0,1.0,0.0
222546,0.0,0.0,0.0,0.0,0.0,0.0,0.0
223033,0.0,0.0,0.0,0.0,0.0,1.0,0.0
223176,0.0,0.0,0.0,0.0,0.0,2.0,0.0
223676,0.0,0.0,0.0,0.0,0.0,0.0,0.0
224091,0.0,0.0,0.0,0.0,0.0,1.0,0.0
224591,0.0,0.0,0.0,0.0,0.0,0.0,0.0
224966,0.0,0.0,0.0,0.0,0.0,1.0,0.0
225055,0.0,0.0,0.0,0.0,0.0,2.0,0.0
225555,0.0,0.0,0.0,0.0,0.0,0.0,0.0
225605,0.0,0.0,0.0,0.0,0.0,1.0,0.0
226105,0.0,0.0,0.0,0.0,0.0,0.0,0.0
227354,0.0,0.0,0.0,0.0,0.0,1.0,0.0
227356,0.0,0.0,0.0,0.0,0.0,2.0,0.0
227856,0.0,0.0,0.0,0.0,0.0,0.0,0.0
228905,0.0,0.0,0.0,0.0,0.0,1.0,0.0
229405,0.0,0.0,0.0,0.0,0.0,0.0,0.0
229727,0.0,0.0,0.0,0.0,0.0,1.0,0.0
229747,0.0,0.0,0.0,0.0,0.0,2.0,0.0
230247,0.0,0.0,0.0,0.0,0.0,0.0,0.0
230330,0.0,0.0,0.0,0.0,0.0,1.0,0.0
230341,0.0,0.0,0.0,0.0,0.0,2.0,0.0
230841,0.0,0.0,0.0,0.0,0.0,0.0,0.0
230854,0.0,0.0,0.0,0.0,0.0,1.0,0.0
231202,0.0,0.0,0.0,0.0,1.0,1.0,0.0
231354,0.0,0.0,0.0,0.0,1.0,0.0,0.0
231702,0.0,0.0,0.0,0.0,0.0,0.0,0.0
231940,0.0,0.0,0.0,0.0,0.0,1.0,0.0
231942,0.0,0.0,0.0,0.0,0.0,2.0,0.0
232442,0.0,0.0,0.0,0.0,0.0,0.0,0.0
232774,0.0,0.0,0.0,0.0,1.0,0.0,0.0
232992,0.0,0.0,0.0,0.0,1.0,1.0,0.0
233274,0.0,0.0,0.0,0.0,0.0,1.0,0.0
233492,0.0,0.0,0.0,0.0,0.0,0.0,0.0
233746,0.0,0.0,0.0,0.0,0.0,1.0,0.0
233929,0.0,0.0,0.0,0.0,0.0,2.0,0.0
234429,0.0,0.0,0.0,0.0,0.0,0.0,0.0
234836,0.0,0.0,0.0,0.0,0.0,1.0,0.0
234850,0.0,0.0,0.0,0.0,0.0,2.0,0.0
235350,0.0,0.0,0.0,0.0,0.0,0.0,0.0
236487,0.0,0.0,0.0,0.0,0.0,1.0,0.0
236987,0.0,0.0,0.0,0.0,0.0,0.0,0.0
237398,0.0,0.0,0.0,0.0,0.0,1.0,0.0
237898,0.0,0.0,0.0,0.0,0.0,0.0,0.0
238177,0.0,0.0,0.0,0.0,1.0,1.0,0.0
238677,0.0,0.0,0.0,0.0,0.0,0.0,0.0
238890,0.0,0.0,0.0,0.0,0.0,1.0,0.0
239390,0.0,0.0,0.0,0.0,0.0,0.0,0.0
239506,0.0,0.0,0.0,0.0,0.0,1.0,0.0
239512,0.0,0.0,0.0,0.0,0.0,2.0,0.0
240012,0.0,0.0,0.0,0.0,0.0,0.0,0.0
240298,0.0,0.0,0.0,0.0,0.0,1.0,0.0
240684,0.0,0.0,0.0,0.0,0.0,2.0,0.0
241184,0.0,0.0,0.0,0.0,0.0,0.0,0.0
241427,0.0,2.0,0.0,0.0,0.0,0.0,0.0
241905,0.0,2.0,0.0,0.0,0.0,1.0,0.0
241927,0.0,0.0,0.0,0.0,0.0,1.0,0.0
242405,0.0,0.0,0.0,0.0,0.0,0.0,0.0
242915,0.0,0.0,0.0,0.0,0.0,1.0,0.0
243415,0.0,0.0,0.0,0.0,0.0,0.0,0.0
243451,0.0,0.0,0.0,0.0,0.0,1.0,0.0
243951,0.0,0.0,0.0,0.0,0.0,0.0,0.0
244383,0.0,0.0,0.0,0.0,0.0,1.0,0.0
244883,0.0,0.0,0.0,0.0,0.0,0.0,0.0
244943,0.0,0.0,0.0,0.0,0.0,1.0,0.0
245443,0.0,0.0,0.0,0.0,0.0,0.0,0.0
245681,0.0,0.0,0.0,0.0,0.0,1.0,0.0
246181,0.0,0.0,0.0,0.0,0.0,0.0,0.0
246280,0.0,0.0,0.0,0.0,0.0,1.0,0.0
246780,0.0,0.0,0.0,0.0,0.0,0.0,0.0
247253,0.0,0.0,0.0,0.0,0.0,1.0,0.0
247753,0.0,0.0,0.0,0.0,0.0,0.0,0.0
247915,0.0,0.0,0.0,0.0,0.0,1.0,0.0
248415,0.0,0.0,0.0,0.0,0.0,0.0,0.0
248652,0.0,0.0,0.0,0.0,0.0,1.0,0.0
249152,0.0,0.0,0.0,0.0,0.0,0.0,0.0
249456,0.0,0.0,0.0,0.0,0.0,1.0,0.0
249956,0.0,0.0,0.0,0.0,0.0,0.0,0.0
250149,0.0,0.0,0.0,0.0,0.0,1.0,0.0
250649,0.0,0.0,0.0,0.0,0.0,0.0,0.0
251941,0.0,0.0,0.0,0.0,0.0,1.0,0.0
252441,0.0,0.0,0.0,0.0,0.0,0.0,0.0
252525,0.0,0.0,0.0,0.0,0.0,1.0,0.0
253025,0.0,0.0,0.0,0.0,0.0,0.0,0.0
254269,0.0,0.0,0.0,0.0,0.0,1.0,0.0
254769,0.0,0.0,0.0,0.0,0.0,0.0,0.0
255304,0.0,0.0,0.0,0.0,0.0,1.0,0.0
255577,0.0,0.0,0.0,0.0,0.0,2.0,0.0
256077,0.0,0.0,0.0,0.0,0.0,0.0,0.0
256393,0.0,0.0,0.0,0.0,0.0,1.0,0.0
256734,0.0,0.0,0.0,0.0,0.0,2.0,0.0
257234,0.0,0.0,0.0,0.0,0.0,0.0,0.0
258596,0.0,0.0,0.0,0.0,0.0,1.0,0.0
259096,0.0,0.0,0.0,0.0,0.0,0.0,0.0
259857,0.0,0.0,0.0,0.0,0.0,1.0,0.0
260357,0.0,0.0,0.0,0.0,0.0,0.0,0.0
260448,0.0,0.0,0.0,0.0,0.0,1.0,0.0
260465,0.0,0.0,0.0,0.0,0.0,2.0,0.0
260965,0.0,0.0,0.0,0.0,0.0,0.0,0.0
261110,0.0,0.0,0.0,0.0,0.0,1.0,0.0
261125,0.0,0.0,0.0,0.0,0.0,2.0,0.0
261612,0.0,2.0,0.0,0.0,0.0,2.0,0.0
261625,0.0,2.0,0.0,0.0,0.0,0.0,0.0
262112,0.0,0.0,0.0,0.0,0.0,0.0,0.0
262762,0.0,0.0,0.0,0.0,0.0,1.0,0.0
263262,0.0,0.0,0.0,0.0,0.0,0.0,0.0
266200,0.0,0.0,0.0,0.0,0.0,1.0,0.0
266202,0.0,0.0,0.0,0.0,0.0,2.0,0.0
266702,0.0,0.0,0.0,0.0,0.0,0.0,0.0
267141,0.0,0.0,0.0,0.0,0.0,1.0,0.0
267143,0.0,0.0,0.0,0.0,0.0,2.0,0.0
267643,0.0,0.0,0.0,0.0,0.0,0.0,0.0
267757,0.0,0.0,0.0,0.0,0.0,1.0,0.0
268257,0.0,0.0,0.0,0.0,0.0,0.0,0.0
269000,0.0,0.0,0.0,0.0,0.0,1.0,0.0
269500,0.0,0.0,0.0,0.0,0.0,0.0,0.0
269721,0.0,0.0,0.0,0.0,0.0,1.0,0.0
269849,0.0,0.0,0.0,0.0,0.0,2.0,0.0
270349,0.0,0.0,0.0,0.0,0.0,0.0,0.0
271020,0.0,0.0,0.0,0.0,0.0,1.0,0.0
271520,0.0,0.0,0.0,0.0,0.0,0.0,0.0
272050,0.0,2.0,0.0,0.0,0.0,0.0,0.0
272550,0.0,0.0,0.0,0.0,0.0,0.0,0.0
273045,0.0,0.0,0.0,0.0,0.0,1.0,0.0
273047,0.0,0.0,0.0,0.0,0.0,2.0,0.0
273547,0.0,0.0,0.0,0.0,0.0,0.0,0.0
273923,0.0,0.0,0.0,0.0,0.0,1.0,0.0
274423,0.0,0.0,0.0,0.0,0.0,0.0,0.0
274603,0.0,0.0,0.0,0.0,0.0,1.0,0.0
274610,0.0,0.0,0.0,0.0,0.0,2.0,0.0
275110,0.0,0.0,0.0,0.0,0.0,0.0,0.0
275661,0.0,0.0,0.0,0.0,0.0,1.0,0.0
275845,0.0,0.0,0.0,0.0,0.0,2.0,0.0
275898,0.0,2.0,0.0,0.0,0.0,2.0,0.0
276345,0.0,2.0,0.0,0.0,0.0,0.0,0.0
276362,0.0,2.0,0.0,0.0,0.0,1.0,0.0
276398,0.0,0.0,0.0,0.0,0.0,1.0,0.0
276862,0.0,0.0,0.0,0.0,0.0,0.0,0.0
278546,0.0,0.0,0.0,0.0,0.0,1.0,0.0
279046,0.0,0.0,0.0,0.0,0.0,0.0,0.0
282426,0.0,0.0,0.0,0.0,0.0,1.0,0.0
282926,0.0,0.0,0.0,0.0,0.0,0.0,0.0
283072,0.0,0.0,0.0,0.0,0.0,1.0,0.0
283572,0.0,0.0,0.0,0.0,0.0,0.0,0.0
284797,0.0,0.0,0.0,0.0,0.0,1.0,0.0
285297,0.0,0.0,0.0,0.0,0.0,0.0,0.0
285619,0.0,0.0,0.0,0.0,0.0,1.0,0.0
285821,0.0,0.0,0.0,0.0,0.0,2.0,0.0
286321,0.0,0.0,0.0,0.0,0.0,0.0,0.0
286623,0.0,2.0,0.0,0.0,0.0,0.0,0.0
287061,0.0,2.0,0.0,0.0,0.0,1.0,0.0
287063,0.0,2.0,0.0,0.0,0.0,2.0,0.0
287123,0.0,0.0,0.0,0.0,0.0,2.0,0.0
287563,0.0,0.0,0.0,0.0,0.0,0.0,0.0
287566,0.0,0.0,0.0,0.0,0.0,1.0,0.0
288045,0.0,0.0,0.0,0.0,0.0,2.0,0.0
288545,0.0,0.0,0.0,0.0,0.0,0.0,0.0
289011,0.0,0.0,0.0,0.0,0.0,1.0,0.0
289015,0.0,0.0,0.0,0.0,0.0,2.0,0.0
289515,0.0,0.0,0.0,0.0,0.0,0.0,0.0
289857,0.0,0.0,0.0,0.0,0.0,1.0,0.0
289859,0.0,0.0,0.0,0.0,0.0,2.0,0.0
290359,0.0,0.0,0.0,0.0,0.0,0.0,0.0
290651,0.0,0.0,0.0,0.0,0.0,1.0,0.0
291151,0.0,0.0,0.0,0.0,0.0,0.0,0.0
291451,0.0,0.0,0.0,0.0,0.0,1.0,0.0
291951,0.0,0.0,0.0,0.0,0.0,0.0,0.0
292055,0.0,0.0,0.0,0.0,0.0,1.0,0.0
292555,0.0,0.0,0.0,0.0,0.0,0.0,0.0
292597,0.0,0.0,0.0,0.0,0.0,1.0,0.0
292606,0.0,0.0,0.0,0.0,0.0,2.0,0.0
293106,0.0,0.0,0.0,0.0,0.0,0.0,0.0
293138,0.0,0.0,0.0,0.0,0.0,1.0,0.0
293638,0.0,0.0,0.0,0.0,0.0,0.0,0.0
294108,0.0,0.0,0.0,0.0,0.0,1.0,0.0
294608,0.0,0.0,0.0,0.0,0.0,0.0,0.0
294845,0.0,0.0,0.0,0.0,0.0,1.0,0.0
295131,0.0,0.0,0.0,0.0,0.0,2.0,0.0
295631,0.0,0.0,0.0,0.0,0.0,0.0,0.0
295777,0.0,0.0,0.0,0.0,0.0,1.0,0.0
296277,0.0,0.0,0.0,0.0,0.0,0.0,0.0
296813,0.0,0.0,0.0,0.0,0.0,1.0,0.0
297313,0.0,0.0,0.0,0.0,0.0,0.0,0.0
297524,0.0,0.0,0.0,0.0,0.0,1.0,0.0
298024,0.0,0.0,0.0,0.0,0.0,0.0,0.0
298541,0.0,0.0,0.0,0.0,1.0,0.0,0.0
298559,0.0,0.0,0.0,0.0,1.0,1.0,0.0
298562,0.0,0.0,0.0,0.0,1.0,2.0,0.0
299041,0.0,0.0,0.0,0.0,0.0,2.0,0.0
299062,0.0,0.0,0.0,0.0,0.0,0.0,0.0
299536,0.0,0.0,0.0,0.0,0.0,1.0,0.0
300036,0.0,0.0,0.0,0.0,0.0,0.0,0.0
300508,0.0,0.0,0.0,0.0,0.0,1.0,0.0
301008,0.0,0.0,0.0,0.0,0.0,0.0,0.0
301281,0.0,0.0,0.0,0.0,0.0,1.0,0.0
301283,0.0,0.0,0.0,0.0,0.0,2.0,0.0
301783,0.0,0.0,0.0,0.0,0.0,0.0,0.0
301954,0.0,0.0,0.0,0.0,0.0,1.0,0.0
301959,0.0,0.0,0.0,0.0,0.0,2.0,0.0
302459,0.0,0.0,0.0,0.0,0.0,0.0,0.0
302661,0.0,0.0,0.0,0.0,0.0,1.0,0.0
303161,0.0,0.0,0.0,0.0,0.0,0.0,0.0
307932,0.0,0.0,0.0,0.0,0.0,1.0,0.0
307955,0.0,0.0,0.0,0.0,0.0,2.0,0.0
308455,0.0,0.0,0.0,0.0,0.0,0.0,0.0
309208,0.0,0.0,0.0,0.0,0.0,1.0,0.0
309708,0.0,0.0,0.0,0.0,0.0,0.0,0.0
309856,0.0,0.0,0.0,0.0,0.0,1.0,0.0
310356,0.0,0.0,0.0,0.0,0.0,0.0,0.0
312539,0.0,0.0,0.0,0.0,0.0,1.0,0.0
313039,0.0,0.0,0.0,0.0,0.0,0.0,0.0
316080,0.0,0.0,0.0,0.0,0.0,1.0,0.0
316580,0.0,0.0,0.0,0.0,0.0,0.0,0.0
317043,0.0,0.0,0.0,0.0,0.0,1.0,0.0
317055,0.0,0.0,0.0,0.0,0.0,2.0,0.0
317555,0.0,0.0,0.0,0.0,0.0,0.0,0.0
319189,0.0,0.0,0.0,0.0,0.0,1.0,0.0
319689,0.0,0.0,0.0,0.0,0.0,0.0,0.0
319800,0.0,0.0,0.0,0.0,0.0,1.0,0.0
320300,0.0,0.0,0.0,0.0,0.0,0.0,0.0
321492,0.0,0.0,0.0,0.0,0.0,1.0,0.0
321992,0.0,0.0,0.0,0.0,0.0,0.0,0.0
323962,0.0,0.0,0.0,0.0,0.0,1.0,0.0
324462,0.0,0.0,0.0,0.0,0.0,0.0,0.0
325894,0.0,0.0,0.0,0.0,0.0,1.0,0.0
326394,0.0,0.0,0.0,0.0,0.0,0.0,0.0
327095,0.0,0.0,0.0,0.0,0.0,1.0,0.0
327595,0.0,0.0,0.0,0.0,0.0,0.0,0.0
329680,0.0,0.0,0.0,0.0,0.0,1.0,0.0
330180,0.0,0.0,0.0,0.0,0.0,0.0,0.0
330245,0.0,0.0,0.0,0.0,0.0,1.0,0.0
330745,0.0,0.0,0.0,0.0,0.0,0.0,0.0
330972,0.0,0.0,0.0,0.0,0.0,1.0,0.0
330973,0.0,0.0,0.0,0.0,0.0,2.0,0.0
331473,0.0,0.0,0.0,0.0,0.0,0.0,0.0
333318,0.0,0.0,0.0,0.0,0.0,1.0,0.0
333818,0.0,0.0,0.0,0.0,0.0,0.0,0.0
334994,0.0,0.0,0.0,0.0,0.0,1.0,0.0
335494,0.0,0.0,0.0,0.0,0.0,0.0,0.0
337975,0.0,0.0,0.0,0.0,0.0,1.0,0.0
337977,0.0,0.0,0.0,0.0,1.0,2.0,0.0
338477,0.0,0.0,0.0,0.0,0.0,0.0,0.0
339304,0.0,0.0,0.0,0.0,0.0,1.0,0.0
339804,0.0,0.0,0.0,0.0,0.0,0.0,0.0
339886,0.0,0.0,0.0,0.0,0.0,1.0,0.0
340386,0.0,0.0,0.0,0.0,0.0,0.0,0.0
341081,0.0,0.0,0.0,0.0,0.0,1.0,0.0
341581,0.0,0.0,0.0,0.0,0.0,0.0,0.0
344274,0.0,0.0,0.0,0.0,0.0,1.0,0.0
344279,0.0,0.0,0.0,0.0,0.0,2.0,0.0
344779,0.0,0.0,0.0,0.0,0.0,0.0,0.0
345226,0.0,0.0,0.0,0.0,0.0,1.0,0.0
345726,0.0,0.0,0.0,0.0,0.0,0.0,0.0
346881,0.0,0.0,0.0,0.0,0.0,1.0,0.0
347381,0.0,0.0,0.0,0.0,0.0,0.0,0.0
350279,0.0,0.0,0.0,0.0,0.0,1.0,0.0
350779,0.0,0.0,0.0,0.0,0.0,0.0,0.0
350820,0.0,0.0,0.0,0.0,0.0,1.0,0.0
351320,0.0,0.0,0.0,0.0,0.0,0.0,0.0
352555,0.0,0.0,0.0,0.0,0.0,1.0,0.0
353055,0.0,0.0,0.0,0.0,0.0,0.0,0.0
353562,0.0,0.0,0.0,0.0,0.0,1.0,0.0
354062,0.0,0.0,0.0,0.0,0.0,0.0,0.0
354357,0.0,0.0,0.0,0.0,0.0,1.0,0.0
354857,0.0,0.0,0.0,0.0,0.0,0.0,0.0
354891,0.0,0.0,0.0,0.0,0.0,1.0,0.0
355391,0.0,0.0,0.0,0.0,0.0,0.0,0.0
357112,0.0,0.0,0.0,0.0,0.0,1.0,0.0
357612,0.0,0.0,0.0,0.0,0.0,0.0,0.0
361595,0.0,0.0,0.0,0.0,0.0,1.0,0.0
362095,0.0,0.0,0.0,0.0,0.0,0.0,0.0
362351,0.0,0.0,0.0,0.0,0.0,1.0,0.0
362851,0.0,0.0,0.0,0.0,0.0,0.0,0.0
363137,0.0,0.0,0.0,0.0,0.0,1.0,0.0
363637,0.0,0.0,0.0,0.0,0.0,0.0,0.0
363775,0.0,0.0,0.0,0.0,0.0,1.0,0.0
364275,0.0,0.0,0.0,0.0,0.0,0.0,0.0
364658,0.0,0.0,0.0,0.0,0.0,1.0,0.0
365158,0.0,0.0,0.0,0.0,0.0,0.0,0.0
365682,0.0,0.0,0.0,0.0,0.0,1.0,0.0
366182,0.0,0.0,0.0,0.0,0.0,0.0,0.0
366420,0.0,0.0,0.0,0.0,0.0,1.0,0.0
366920,0.0,0.0,0.0,0.0,0.0,0.0,0.0
367745,0.0,0.0,0.0,0.0,0.0,1.0,0.0
368245,0.0,0.0,0.0,0.0,0.0,0.0,0.0
368822,0.0,0.0,0.0,0.0,0.0,1.0,0.0
369322,0.0,0.0,0.0,0.0,0.0,0.0,0.0
369500,0.0,0.0,0.0,0.0,0.0,1.0,0.0
370000,0.0,0.0,0.0,0.0,0.0,0.0,0.0
370504,0.0,0.0,0.0,0.0,0.0,1.0,0.0
371004,0.0,0.0,0.0,0.0,0.0,0.0,0.0
371161,0.0,0.0,0.0,0.0,0.0,1.0,0.0
371661,0.0,0.0,0.0,0.0,0.0,0.0,0.0
372609,0.0,0.0,0.0,0.0,0.0,1.0,0.0
373109,0.0,0.0,0.0,0.0,0.0,0.0,0.0
373424,0.0,0.0,0.0,0.0,0.0,1.0,0.0
373427,0.0,0.0,0.0,0.0,0.0,2.0,0.0
373927,0.0,0.0,0.0,0.0,0.0,0.0,0.0
375461,0.0,0.0,0.0,0.0,0.0,1.0,0.0
375961,0.0,0.0,0.0,0.0,0.0,0.0,0.0
376224,0.0,0.0,0.0,0.0,0.0,1.0,0.0
376724,0.0,0.0,0.0,0.0,0.0,0.0,0.0
383949,0.0,0.0,0.0,0.0,0.0,1.0,0.0
384449,0.0,0.0,0.0,0.0,0.0,0.0,0.0
384621,0.0,0.0,0.0,0.0,0.0,1.0,0.0
385121,0.0,0.0,0.0,0.0,0.0,0.0,0.0
386019,0.0,0.0,0.0,0.0,0.0,1.0,0.0
386021,0.0,0.0,0.0,0.0,0.0,2.0,0.0
386521,0.0,0.0,0.0,0.0,0.0,0.0,0.0
387314,0.0,0.0,0.0,0.0,0.0,1.0,0.0
387814,0.0,0.0,0.0,0.0,0.0,0.0,0.0
392601,0.0,0.0,0.0,0.0,0.0,1.0,0.0
393101,0.0,0.0,0.0,0.0,0.0,0.0,0.0
394939,0.0,0.0,0.0,0.0,0.0,1.0,0.0
394941,0.0,0.0,0.0,0.0,0.0,2.0,0.0
395441,0.0,0.0,0.0,0.0,0.0,0.0,0.0
395927,0.0,0.0,0.0,0.0,0.0,1.0,0.0
396427,0.0,0.0,0.0,0.0,0.0,0.0,0.0
398344,0.0,0.0,0.0,0.0,0.0,1.0,0.0
398844,0.0,0.0,0.0,0.0,0.0,0.0,0.0
398924,0.0,0.0,0.0,0.0,0.0,1.0,0.0
399424,0.0,0.0,0.0,0.0,0.0,0.0,0.0
400008,0.0,0.0,0.0,0.0,0.0,1.0,0.0
400508,0.0,0.0,0.0,0.0,0.0,0.0,0.0
402204,0.0,0.0,0.0,0.0,0.0,1.0,0.0
402704,0.0,0.0,0.0,0.0,0.0,0.0,0.0
403000,0.0,0.0,0.0,0.0,0.0,0.0,1.0
403500,0.0,0.0,0.0,0.0,0.0,0.0,0.0
403568,0.0,0.0,0.0,0.0,0.0,1.0,0.0
403609,0.0,0.0,0.0,0.0,0.0,2.0,0.0
403807,2.0,0.0,0.0,0.0,0.0,2.0,0.0
403903,2.0,2.0,0.0,0.0,0.0,2.0,0.0
404109,2.0,2.0,0.0,0.0,0.0,0.0,0.0
404307,0.0,2.0,0.0,0.0,0.0,0.0,0.0
404403,0.0,0.0,0.0,0.0,0.0,0.0,0.0
404466,0.0,0.0,0.0,0.0,0.0,1.0,0.0
404966,0.0,0.0,0.0,0.0,0.0,0.0,0.0
405095,0.0,0.0,0.0,0.0,0.0,1.0,0.0
405211,0.0,0.0,0.0,0.0,1.0,1.0,0.0
405471,2.0,0.0,0.0,0.0,1.0,1.0,0.0
405595,2.0,0.0,0.0,0.0,1.0,0.0,0.0
405654,2.0,0.0,0.0,0.0,1.0,1.0,0.0
405775,2.0,0.0,0.0,0.0,2.0,1.0,0.0
405971,0.0,0.0,0.0,0.0,2.0,1.0,0.0
406102,0.0,0.0,0.0,0.0,2.0,2.0,0.0
406272,0.0,0.0,1.0,0.0,2.0,2.0,0.0
406275,0.0,0.0,1.0,0.0,0.0,2.0,0.0
406602,0.0,0.0,1.0,0.0,0.0,0.0,0.0
406806,0.0,0.0,1.0,0.0,0.0,1.0,0.0
406808,0.0,0.0,1.0,0.0,0.0,2.0,0.0
407308,0.0,0.0,1.0,0.0,0.0,0.0,0.0
407441,0.0,0.0,1.0,0.0,0.0,1.0,0.0
407941,0.0,0.0,1.0,0.0,0.0,0.0,0.0
408827,0.0,0.0,1.0,0.0,0.0,1.0,0.0
408830,0.0,0.0,1.0,0.0,0.0,2.0,0.0
408983,0.0,0.0,2.0,0.0,0.0,2.0,0.0
409330,0.0,0.0,2.0,0.0,0.0,0.0,0.0
409483,0.0,0.0,0.0,0.0,0.0,0.0,0.0
410106,0.0,0.0,0.0,0.0,0.0,1.0,0.0
410108,0.0,0.0,0.0,0.0,0.0,2.0,0.0
410125,0.0,2.0,0.0,0.0,0.0,2.0,0.0
410608,0.0,2.0,0.0,0.0,0.0,0.0,0.0
410625,0.0,0.0,0.0,0.0,0.0,0.0,0.0
410948,0.0,0.0,0.0,0.0,0.0,1.0,0.0
411448,0.0,0.0,0.0,0.0,0.0,0.0,0.0
412151,0.0,0.0,0.0,0.0,0.0,1.0,0.0
412651,0.0,0.0,0.0,0.0,0.0,0.0,0.0
412733,0.0,0.0,0.0,0.0,0.0,1.0,0.0
412735,0.0,0.0,0.0,0.0,0.0,2.0,0.0
413235,0.0,0.0,0.0,0.0,0.0,0.0,0.0
414347,0.0,0.0,0.0,0.0,0.0,1.0,0.0
414555,0.0,2.0,0.0,0.0,0.0,1.0,0.0
414556,0.0,2.0,0.0,0.0,0.0,2.0,0.0
414816,0.0,2.0,1.0,0.0,0.0,2.0,0.0
415055,0.0,0.0,1.0,0.0,0.0,2.0,0.0
415056,0.0,0.0,1.0,0.0,0.0,1.0,0.0
415177,0.0,0.0,1.0,0.0,0.0,2.0,0.0
415677,0.0,0.0,1.0,0.0,0.0,0.0,0.0
416316,0.0,0.0,0.0,0.0,0.0,0.0,0.0
416350,0.0,0.0,1.0,0.0,0.0,1.0,0.0
416779,0.0,0.0,1.0,0.0,0.0,2.0,0.0
416792,0.0,0.0,1.0,0.0,1.0,2.0,0.0
417279,0.0,0.0,1.0,0.0,1.0,0.0,0.0
417292,0.0,0.0,1.0,0.0,0.0,0.0,0.0
417350,0.0,0.0,0.0,0.0,0.0,0.0,0.0
417354,0.0,0.0,1.0,0.0,0.0,0.0,0.0
417854,0.0,0.0,0.0,0.0,0.0,0.0,0.0
418046,0.0,0.0,0.0,0.0,0.0,1.0,0.0
418546,0.0,0.0,0.0,0.0,0.0,0.0,0.0
419068,0.0,0.0,0.0,0.0,0.0,1.0,0.0
419306,0.0,0.0,1.0,0.0,0.0,1.0,0.0
419568,0.0,0.0,1.0,0.0,0.0,0.0,0.0
419806,0.0,0.0,0.0,0.0,0.0,0.0,0.0
420186,0.0,0.0,0.0,0.0,0.0,1.0,0.0
420686,0.0,0.0,0.0,0.0,0.0,0.0,0.0
422488,0.0,0.0,0.0,0.0,0.0,1.0,0.0
422674,0.0,0.0,0.0,0.0,0.0,2.0,0.0
423174,0.0,0.0,0.0,0.0,0.0,0.0,0.0
423339,0.0,0.0,0.0,0.0,0.0,1.0,0.0
423839,0.0,0.0,0.0,0.0,0.0,0.0,0.0
423875,0.0,0.0,0.0,0.0,0.0,1.0,0.0
423879,0.0,0.0,0.0,0.0,0.0,2.0,0.0
424379,0.0,0.0,0.0,0.0,0.0,0.0,0.0
425155,0.0,0.0,0.0,0.0,0.0,1.0,0.0
425655,0.0,0.0,0.0,0.0,0.0,0.0,0.0
425897,0.0,0.0,0.0,0.0,0.0,1.0,0.0
425948,0.0,0.0,0.0,0.0,0.0,2.0,0.0
426448,0.0,0.0,0.0,0.0,0.0,0.0,0.0
426469,0.0,0.0,0.0,0.0,0.0,1.0,0.0
426526,0.0,0.0,0.0,0.0,0.0,2.0,0.0
427026,0.0,0.0,0.0,0.0,0.0,0.0,0.0
427702,0.0,0.0,0.0,0.0,0.0,1.0,0.0
428202,0.0,0.0,0.0,0.0,0.0,0.0,0.0
428345,0.0,0.0,0.0,0.0,0.0,1.0,0.0
428845,0.0,0.0,0.0,0.0,0.0,0.0,0.0
428895,0.0,0.0,0.0,0.0,0.0,1.0,0.0
429004,0.0,0.0,0.0,0.0,0.0,2.0,0.0
429504,0.0,0.0,0.0,0.0,0.0,0.0,0.0
429583,0.0,0.0,0.0,0.0,0.0,1.0,0.0
430083,0.0,0.0,0.0,0.0,0.0,0.0,0.0
431174,0.0,0.0,0.0,0.0,0.0,1.0,0.0
431495,0.0,0.0,0.0,0.0,0.0,2.0,0.0
431995,0.0,0.0,0.0,0.0,0.0,0.0,0.0
432234,0.0,0.0,0.0,0.0,0.0,1.0,0.0
432734,0.0,0.0,0.0,0.0,0.0,0.0,0.0
432909,0.0,0.0,0.0,0.0,0.0,1.0,0.0
433409,0.0,0.0,0.0,0.0,0.0,0.0,0.0
433868,0.0,0.0,0.0,0.0,0.0,1.0,0.0
434339,0.0,0.0,0.0,0.0,0.0,2.0,0.0
434839,0.0,0.0,0.0,0.0,0.0,0.0,0.0
436172,0.0,0.0,0.0,0.0,0.0,1.0,0.0
436672,0.0,0.0,0.0,0.0,0.0,0.0,0.0
437795,0.0,0.0,0.0,0.0,1.0,0.0,0.0
438209,0.0,0.0,0.0,0.0,2.0,0.0,0.0
438709,0.0,0.0,0.0,0.0,0.0,0.0,0.0
440187,0.0,0.0,0.0,0.0,0.0,1.0,0.0
440191,0.0,0.0,0.0,0.0,0.0,2.0,0.0
440691,0.0,0.0,0.0,0.0,0.0,0.0,0.0
441713,0.0,0.0,0.0,0.0,0.0,1.0,0.0
441748,0.0,0.0,0.0,0.0,0.0,2.0,0.0
442078,0.0,0.0,0.0,0.0,1.0,2.0,0.0
442248,0.0,0.0,0.0,0.0,1.0,0.0,0.0
442385,0.0,0.0,0.0,0.0,1.0,1.0,0.0
442578,0.0,0.0,0.0,0.0,0.0,1.0,0.0
442885,0.0,0.0,0.0,0.0,0.0,0.0,0.0
443063,0.0,0.0,0.0,0.0,0.0,1.0,0.0
443563,0.0,0.0,0.0,0.0,0.0,0.0,0.0
443877,0.0,0.0,0.0,0.0,0.0,1.0,0.0
444377,0.0,0.0,0.0,0.0,0.0,0.0,0.0
444491,0.0,0.0,0.0,0.0,0.0,1.0,0.0
444493,0.0,0.0,0.0,0.0,0.0,2.0,0.0
444993,0.0,0.0,0.0,0.0,0.0,0.0,0.0
445558,0.0,0.0,0.0,0.0,0.0,1.0,0.0
445870,0.0,0.0,0.0,0.0,1.0,1.0,0.0
446058,0.0,0.0,0.0,0.0,1.0,0.0,0.0
446092,0.0,0.0,0.0,0.0,1.0,1.0,0.0
446370,0.0,0.0,0.0,0.0,0.0,1.0,0.0
446481,0.0,0.0,0.0,0.0,0.0,2.0,0.0
446981,0.0,0.0,0.0,0.0,0.0,0.0,0.0
447323,0.0,0.0,0.0,0.0,0.0,1.0,0.0
447823,0.0,0.0,0.0,0.0,0.0,0.0,0.0
448190,0.0,0.0,0.0,0.0,0.0,1.0,0.0
448690,0.0,0.0,0.0,0.0,0.0,0.0,0.0
449009,0.0,0.0,0.0,0.0,0.0,1.0,0.0
449262,0.0,0.0,0.0,0.0,1.0,1.0,0.0
449509,0.0,0.0,0.0,0.0,1.0,0.0,0.0
449724,0.0,0.0,0.0,0.0,1.0,1.0,0.0
449739,0.0,0.0,0.0,0.0,1.0,2.0,0.0
449762,0.0,0.0,0.0,0.0,0.0,2.0,0.0
450239,0.0,0.0,0.0,0.0,0.0,0.0,0.0
450425,0.0,0.0,0.0,0.0,0.0,1.0,0.0
450925,0.0,0.0,0.0,0.0,0.0,0.0,0.0
451561,0.0,0.0,0.0,0.0,0.0,1.0,0.0
452061,0.0,0.0,0.0,0.0,0.0,0.0,0.0
452110,0.0,0.0,0.0,0.0,0.0,1.0,0.0
452112,0.0,0.0,0.0,0.0,0.0,2.0,0.0
452612,0.0,0.0,0.0,0.0,0.0,0.0,0.0
452664,0.0,0.0,0.0,0.0,0.0,1.0,0.0
453164,0.0,0.0,0.0,0.0,0.0,0.0,0.0
453611,0.0,0.0,0.0,0.0,0.0,1.0,0.0
454111,0.0,0.0,0.0,0.0,0.0,0.0,0.0
454128,0.0,0.0,0.0,0.0,0.0,1.0,0.0
454628,0.0,0.0,0.0,0.0,0.0,0.0,0.0
454928,0.0,0.0,0.0,0.0,0.0,1.0,0.0
455428,0.0,0.0,0.0,0.0,0.0,0.0,0.0
455540,0.0,0.0,0.0,0.0,0.0,1.0,0.0
455541,0.0,2.0,0.0,0.0,0.0,1.0,0.0
455548,0.0,2.0,0.0,0.0,0.0,2.0,0.0
456041,0.0,0.0,0.0,0.0,0.0,2.0,0.0
456048,0.0,0.0,0.0,0.0,0.0,0.0,0.0
457242,0.0,0.0,0.0,0.0,0.0,1.0,0.0
457742,0.0,0.0,0.0,0.0,0.0,0.0,0.0
457745,0.0,0.0,0.0,0.0,0.0,1.0,0.0
457747,0.0,0.0,0.0,0.0,0.0,2.0,0.0
458247,0.0,0.0,0.0,0.0,0.0,0.0,0.0
458252,0.0,0.0,0.0,0.0,0.0,1.0,0.0
458752,0.0,0.0,0.0,0.0,0.0,0.0,0.0
458769,0.0,0.0,0.0,0.0,0.0,1.0,0.0
459269,0.0,0.0,0.0,0.0,0.0,0.0,0.0
460911,0.0,0.0,0.0,0.0,0.0,1.0,0.0
461239,0.0,0.0,0.0,0.0,0.0,2.0,0.0
461739,0.0,0.0,0.0,0.0,0.0,0.0,0.0
461848,0.0,0.0,0.0,0.0,0.0,1.0,0.0
461852,0.0,0.0,0.0,0.0,0.0,2.0,0.0
462352,0.0,0.0,0.0,0.0,0.0,0.0,0.0
462928,0.0,0.0,0.0,0.0,0.0,1.0,0.0
462935,0.0,0.0,0.0,0.0,0.0,2.0,0.0
463435,0.0,0.0,0.0,0.0,0.0,0.0,0.0
463473,0.0,0.0,0.0,0.0,0.0,1.0,0.0
463973,0.0,0.0,0.0,0.0,0.0,0.0,0.0
464761,0.0,0.0,0.0,0.0,0.0,1.0,0.0
465261,0.0,0.0,0.0,0.0,0.0,0.0,0.0
465336,0.0,0.0,0.0,0.0,0.0,1.0,0.0
465343,0.0,0.0,0.0,0.0,0.0,2.0,0.0
465843,0.0,0.0,0.0,0.0,0.0,0.0,0.0
466109,0.0,0.0,0.0,0.0,0.0,1.0,0.0
466609,0.0,0.0,0.0,0.0,0.0,0.0,0.0
467275,0.0,0.0,0.0,0.0,0.0,1.0,0.0
467564,0.0,0.0,0.0,0.0,0.0,2.0,0.0
468064,0.0,0.0,0.0,0.0,0.0,0.0,0.0
468349,0.0,0.0,0.0,0.0,0.0,1.0,0.0
468790,0.0,0.0,0.0,0.0,0.0,2.0,0.0
468833,0.0,2.0,0.0,0.0,0.0,2.0,0.0
469290,0.0,2.0,0.0,0.0,0.0,0.0,0.0
469333,0.0,0.0,0.0,0.0,0.0,0.0,0.0
469691,0.0,0.0,0.0,0.0,0.0,1.0,0.0
470191,0.0,0.0,0.0,0.0,0.0,0.0,0.0
470977,0.0,0.0,0.0,0.0,0.0,1.0,0.0
471477,0.0,0.0,0.0,0.0,0.0,0.0,0.0
475171,0.0,0.0,0.0,0.0,0.0,1.0,0.0
475671,0.0,0.0,0.0,0.0,0.0,0.0,0.0
475807,0.0,0.0,0.0,0.0,0.0,1.0,0.0
476307,0.0,0.0,0.0,0.0,0.0,0.0,0.0
476895,0.0,0.0,0.0,0.0,0.0,1.0,0.0
477395,0.0,0.0,0.0,0.0,0.0,0.0,0.0
477534,0.0,0.0,0.0,0.0,0.0,1.0,0.0
478034,0.0,0.0,0.0,0.0,0.0,0.0,0.0
478132,0.0,0.0,0.0,0.0,0.0,1.0,0.0
478632,0.0,0.0,0.0,0.0,0.0,0.0,0.0
478813,0.0,0.0,0.0,0.0,0.0,1.0,0.0
479313,0.0,0.0,0.0,0.0,0.0,0.0,0.0
479389,0.0,0.0,0.0,0.0,0.0,1.0,0.0
479889,0.0,0.0,0.0,0.0,0.0,0.0,0.0
480067,0.0,0.0,0.0,0.0,0.0,1.0,0.0
480072,0.0,0.0,0.0,0.0,0.0,2.0,0.0
480572,0.0,0.0,0.0,0.0,0.0,0.0,0.0
480787,0.0,0.0,0.0,0.0,0.0,1.0,0.0
481129,0.0,2.0,0.0,0.0,0.0,1.0,0.0
481287,0.0,2.0,0.0,0.0,0.0,0.0,0.0
481560,0.0,2.0,0.0,0.0,0.0,1.0,0.0
481564,0.0,2.0,0.0,0.0,0.0,2.0,0.0
481629,0.0,0.0,0.0,0.0,0.0,2.0,0.0
482064,0.0,0.0,0.0,0.0,0.0,0.0,0.0
482314,0.0,0.0,0.0,0.0,0.0,1.0,0.0
482814,0.0,0.0,0.0,0.0,0.0,0.0,0.0
482855,0.0,0.0,0.0,0.0,0.0,1.0,0.0
482917,0.0,0.0,0.0,0.0,0.0,2.0,0.0
483199,0.0,2.0,0.0,0.0,0.0,2.0,0.0
483417,0.0,2.0,0.0,0.0,0.0,0.0,0.0
483687,0.0,2.0,0.0,0.0,0.0,1.0,0.0
483689,0.0,2.0,0.0,0.0,0.0,2.0,0.0
483699,0.0,0.0,0.0,0.0,0.0,2.0,0.0
484189,0.0,0.0,0.0,0.0,0.0,0.0,0.0
484344,0.0,0.0,0.0,0.0,0.0,1.0,0.0
484350,0.0,0.0,0.0,0.0,0.0,2.0,0.0
484850,0.0,0.0,0.0,0.0,0.0,0.0,0.0
486052,0.0,0.0,0.0,0.0,0.0,1.0,0.0
486552,0.0,0.0,0.0,0.0,0.0,0.0,0.0
486580,0.0,0.0,0.0,0.0,0.0,1.0,0.0
487080,0.0,0.0,0.0,0.0,0.0,0.0,0.0
488492,0.0,0.0,0.0,0.0,0.0,1.0,0.0
488920,0.0,0.0,0.0,0.0,0.0,2.0,0.0
489420,0.0,0.0,0.0,0.0,0.0,0.0,0.0
489642,0.0,0.0,0.0,0.0,0.0,1.0,0.0
490142,0.0,0.0,0.0,0.0,0.0,0.0,0.0
491289,0.0,0.0,0.0,0.0,0.0,1.0,0.0
491789,0.0,0.0,0.0,0.0,0.0,0.0,0.0
492302,0.0,0.0,0.0,0.0,0.0,1.0,0.0
492802,0.0,0.0,0.0,0.0,0.0,0.0,0.0
492841,0.0,0.0,0.0,0.0,0.0,1.0,0.0
493341,0.0,0.0,0.0,0.0,0.0,0.0,0.0
493383,0.0,0.0,0.0,0.0,0.0,1.0,0.0
493388,0.0,0.0,0.0,0.0,0.0,2.0,0.0
493888,0.0,0.0,0.0,0.0,0.0,0.0,0.0
493979,0.0,0.0,0.0,0.0,0.0,1.0,0.0
493983,0.0,0.0,0.0,0.0,0.0,2.0,0.0
494483,0.0,0.0,0.0,0.0,0.0,0.0,0.0
495141,0.0,0.0,0.0,0.0,0.0,1.0,0.0
495445,0.0,0.0,0.0,0.0,0.0,2.0,0.0
495945,0.0,0.0,0.0,0.0,0.0,0.0,0.0
496048,0.0,0.0,0.0,0.0,0.0,1.0,0.0
496548,0.0,0.0,0.0,0.0,0.0,0.0,0.0
496624,0.0,0.0,0.0,0.0,0.0,1.0,0.0
497124,0.0,0.0,0.0,0.0,0.0,0.0,0.0
497711,0.0,0.0,0.0,0.0,0.0,1.0,0.0
497715,0.0,0.0,0.0,0.0,0.0,2.0,0.0
498215,0.0,0.0,0.0,0.0,0.0,0.0,0.0
498643,0.0,0.0,0.0,0.0,0.0,1.0,0.0
499143,0.0,0.0,0.0,0.0,0.0,0.0,0.0
499264,0.0,0.0,0.0,0.0,0.0,1.0,0.0
499764,0.0,0.0,0.0,0.0,0.0,0.0,0.0
499770,0.0,0.0,0.0,0.0,0.0,1.0,0.0
500270,0.0,0.0,0.0,0.0,0.0,0.0,0.0
500996,0.0,0.0,0.0,0.0,0.0,1.0,0.0
501496,0.0,0.0,0.0,0.0,0.0,0.0,0.0
501895,0.0,0.0,0.0,0.0,0.0,1.0,0.0
502395,0.0,0.0,0.0,0.0,0.0,0.0,0.0
502540,0.0,0.0,0.0,0.0,0.0,1.0,0.0
503040,0.0,0.0,0.0,0.0,0.0,0.0,0.0
504420,0.0,0.0,0.0,0.0,0.0,1.0,0.0
504920,0.0,0.0,0.0,0.0,0.0,0.0,0.0
508533,0.0,0.0,0.0,0.0,0.0,1.0,0.0
509033,0.0,0.0,0.0,0.0,0.0,0.0,0.0
519780,0.0,0.0,0.0,0.0,0.0,1.0,0.0
520280,0.0,0.0,0.0,0.0,0.0,0.0,0.0
521359,0.0,0.0,0.0,0.0,0.0,1.0,0.0
521859,0.0,0.0,0.0,0.0,0.0,0.0,0.0
523126,0.0,0.0,0.0,0.0,0.0,1.0,0.0
523626,0.0,0.0,0.0,0.0,0.0,0.0,0.0
524822,0.0,0.0,0.0,0.0,0.0,1.0,0.0
525322,0.0,0.0,0.0,0.0,0.0,0.0,0.0
527648,0.0,0.0,0.0,0.0,1.0,1.0,0.0
528148,0.0,0.0,0.0,0.0,0.0,0.0,0.0
529322,0.0,0.0,0.0,0.0,0.0,1.0,0.0
529822,0.0,0.0,0.0,0.0,0.0,0.0,0.0
530977,0.0,0.0,0.0,0.0,0.0,1.0,0.0
531477,0.0,0.0,0.0,0.0,0.0,0.0,0.0
531773,0.0,0.0,0.0,0.0,0.0,1.0,0.0
532273,0.0,0.0,0.0,0.0,0.0,0.0,0.0
532886,0.0,0.0,0.0,0.0,0.0,1.0,0.0
533386,0.0,0.0,0.0,0.0,0.0,0.0,0.0
533553,0.0,0.0,0.0,0.0,0.0,1.0,0.0
534053,0.0,0.0,0.0,0.0,0.0,0.0,0.0
535664,0.0,0.0,0.0,0.0,0.0,1.0,0.0
536164,0.0,0.0,0.0,0.0,0.0,0.0,0.0
536216,0.0,0.0,0.0,0.0,0.0,1.0,0.0
536716,0.0,0.0,0.0,0.0,0.0,0.0,0.0
537100,0.0,0.0,0.0,0.0,1.0,0.0,0.0
537600,0.0,0.0,0.0,0.0,0.0,0.0,0.0
537660,0.0,0.0,0.0,0.0,0.0,1.0,0.0
538160,0.0,0.0,0.0,0.0,0.0,0.0,0.0
540890,0.0,0.0,0.0,0.0,0.0,1.0,0.0
541390,0.0,0.0,0.0,0.0,0.0,0.0,0.0
541736,0.0,0.0,0.0,0.0,0.0,1.0,0.0
542236,0.0,0.0,0.0,0.0,0.0,0.0,0.0
542482,0.0,0.0,0.0,0.0,0.0,1.0,0.0
542982,0.0,0.0,0.0,0.0,0.0,0.0,0.0
543668,0.0,0.0,0.0,0.0,0.0,1.0,0.0
544168,0.0,0.0,0.0,0.0,0.0,0.0,0.0
545466,0.0,0.0,0.0,0.0,0.0,1.0,0.0
545966,0.0,0.0,0.0,0.0,0.0,0.0,0.0
546104,0.0,0.0,0.0,0.0,1.0,0.0,0.0
546604,0.0,0.0,0.0,0.0,0.0,0.0,0.0
550504,0.0,0.0,0.0,0.0,0.0,1.0,0.0
550978,0.0,0.0,0.0,0.0,0.0,2.0,0.0
551478,0.0,0.0,0.0,0.0,0.0,0.0,0.0
551639,0.0,0.0,0.0,0.0,0.0,1.0,0.0
552139,0.0,0.0,0.0,0.0,0.0,0.0,0.0
553495,0.0,0.0,0.0,0.0,0.0,1.0,0.0
553995,0.0,0.0,0.0,0.0,0.0,0.0,0.0
558814,0.0,0.0,0.0,0.0,0.0,1.0,0.0
558817,0.0,0.0,0.0,0.0,0.0,2.0,0.0
559317,0.0,0.0,0.0,0.0,0.0,0.0,0.0
559608,0.0,0.0,0.0,0.0,0.0,1.0,0.0
560108,0.0,0.0,0.0,0.0,0.0,0.0,0.0
561373,0.0,0.0,0.0,0.0,0.0,1.0,0.0
561873,0.0,0.0,0.0,0.0,0.0,0.0,0.0
563236,0.0,0.0,0.0,0.0,0.0,1.0,0.0
563736,0.0,0.0,0.0,0.0,0.0,0.0,0.0
563932,0.0,0.0,0.0,0.0,0.0,1.0,0.0
564432,0.0,0.0,0.0,0.0,0.0,0.0,0.0
567783,0.0,0.0,0.0,0.0,0.0,1.0,0.0
568283,0.0,0.0,0.0,0.0,0.0,0.0,0.0
570562,0.0,0.0,0.0,0.0,0.0,1.0,0.0
571062,0.0,0.0,0.0,0.0,0.0,0.0,0.0
574293,0.0,0.0,0.0,0.0,0.0,1.0,0.0
574793,0.0,0.0,0.0,0.0,0.0,0.0,0.0
576535,0.0,0.0,0.0,0.0,0.0,1.0,0.0
577035,0.0,0.0,0.0,0.0,0.0,0.0,0.0
577301,0.0,0.0,0.0,0.0,0.0,1.0,0.0
577491,0.0,0.0,0.0,0.0,0.0,2.0,0.0
577991,0.0,0.0,0.0,0.0,0.0,0.0,0.0
579869,0.0,0.0,0.0,0.0,0.0,1.0,0.0
580369,0.0,0.0,0.0,0.0,0.0,0.0,0.0
582226,0.0,0.0,0.0,0.0,0.0,1.0,0.0
582726,0.0,0.0,0.0,0.0,0.0,0.0,0.0
584379,0.0,0.0,0.0,0.0,1.0,0.0,0.0
584879,0.0,0.0,0.0,0.0,0.0,0.0,0.0
585873,0.0,0.0,0.0,0.0,0.0,1.0,0.0
586373,0.0,0.0,0.0,0.0,0.0,0.0,0.0
586518,0.0,0.0,0.0,0.0,0.0,1.0,0.0
587018,0.0,0.0,0.0,0.0,0.0,0.0,0.0
589353,0.0,0.0,0.0,0.0,0.0,1.0,0.0
589610,0.0,0.0,0.0,0.0,0.0,2.0,0.0
590110,0.0,0.0,0.0,0.0,0.0,0.0,0.0
591215,0.0,0.0,0.0,0.0,0.0,1.0,0.0
591715,0.0,0.0,0.0,0.0,0.0,0.0,0.0
596117,0.0,0.0,0.0,0.0,1.0,0.0,0.0
596617,0.0,0.0,0.0,0.0,0.0,0.0,0.0
597878,0.0,0.0,0.0,0.0,0.0,1.0,0.0
598378,0.0,0.0,0.0,0.0,0.0,0.0,0.0
603180,0.0,0.0,0.0,0.0,0.0,1.0,0.0
603181,0.0,0.0,0.0,0.0,0.0,2.0,0.0
603681,0.0,0.0,0.0,0.0,0.0,0.0,0.0
605000,0.0,0.0,0.0,0.0,0.0,0.0,1.0
605500,0.0,0.0,0.0,0.0,0.0,0.0,0.0
605646,0.0,0.0,0.0,0.0,0.0,1.0,0.0
605695,2.0,0.0,0.0,0.0,0.0,1.0,0.0
605761,2.0,0.0,0.0,0.0,0.0,2.0,0.0
605856,2.0,2.0,0.0,0.0,0.0,2.0,0.0
605881,2.0,2.0,0.0,0.0,1.0,2.0,0.0
605967,2.0,2.0,0.0,0.0,2.0,2.0,0.0
606195,0.0,2.0,0.0,0.0,2.0,2.0,0.0
606261,0.0,2.0,0.0,0.0,2.0,0.0,0.0
606288,0.0,2.0,0.0,0.0,2.0,1.0,0.0
606356,0.0,0.0,0.0,0.0,2.0,1.0,0.0
606467,0.0,0.0,0.0,0.0,0.0,1.0,0.0
606788,0.0,0.0,0.0,0.0,0.0,0.0,0.0
607519,2.0,0.0,0.0,0.0,0.0,0.0,0.0
607700,2.0,0.0,0.0,0.0,0.0,1.0,0.0
608019,0.0,0.0,0.0,0.0,0.0,1.0,0.0
608045,0.0,0.0,1.0,0.0,0.0,1.0,0.0
608200,0.0,0.0,1.0,0.0,0.0,0.0,0.0
608599,0.0,0.0,1.0,0.0,0.0,1.0,0.0
609099,0.0,0.0,1.0,0.0,0.0,0.0,0.0
609104,0.0,0.0,1.0,0.0,0.0,1.0,0.0
609106,0.0,0.0,1.0,0.0,0.0,2.0,0.0
609606,0.0,0.0,1.0,0.0,0.0,0.0,0.0
610845,0.0,0.0,2.0,0.0,0.0,0.0,0.0
611345,0.0,0.0,0.0,0.0,0.0,0.0,0.0
611346,0.0,0.0,0.0,0.0,1.0,0.0,0.0
611587,0.0,0.0,0.0,0.0,1.0,1.0,0.0
611590,0.0,0.0,0.0,0.0,1.0,2.0,0.0
611846,0.0,0.0,0.0,0.0,0.0,2.0,0.0
612090,0.0,0.0,0.0,0.0,0.0,0.0,0.0
613406,0.0,0.0,0.0,0.0,0.0,1.0,0.0
613429,0.0,0.0,0.0,0.0,0.0,2.0,0.0
613929,0.0,0.0,0.0,0.0,0.0,0.0,0.0
616057,0.0,0.0,0.0,0.0,0.0,1.0,0.0
616278,0.0,0.0,0.0,0.0,0.0,2.0,0.0
616778,0.0,0.0,0.0,0.0,0.0,0.0,0.0
617353,0.0,0.0,0.0,0.0,0.0,1.0,0.0
617853,0.0,0.0,0.0,0.0,0.0,0.0,0.0
617999,0.0,0.0,0.0,0.0,0.0,1.0,0.0
618499,0.0,0.0,0.0,0.0,0.0,0.0,0.0
618828,0.0,0.0,0.0,0.0,0.0,1.0,0.0
619208,0.0,0.0,0.0,0.0,0.0,2.0,0.0
619708,0.0,0.0,0.0,0.0,0.0,0.0,0.0
620524,0.0,0.0,0.0,0.0,0.0,1.0,0.0
621024,0.0,0.0,0.0,0.0,0.0,0.0,0.0
621427,0.0,0.0,0.0,0.0,0.0,1.0,0.0
621817,0.0,0.0,0.0,0.0,0.0,2.0,0.0
621818,0.0,0.0,0.0,0.0,1.0,2.0,0.0
621825,0.0,0.0,0.0,0.0,2.0,2.0,0.0
622317,0.0,0.0,0.0,0.0,2.0,0.0,0.0
622325,0.0,0.0,0.0,0.0,0.0,0.0,0.0
622727,0.0,0.0,0.0,0.0,0.0,1.0,0.0
622978,0.0,0.0,0.0,0.0,1.0,1.0,0.0
623106,0.0,0.0,0.0,0.0,2.0,1.0,0.0
623227,0.0,0.0,0.0,0.0,2.0,0.0,0.0
623606,0.0,0.0,0.0,0.0,0.0,0.0,0.0
624444,0.0,0.0,0.0,0.0,0.0,1.0,0.0
624469,0.0,0.0,0.0,0.0,0.0,2.0,0.0
624969,0.0,0.0,0.0,0.0,0.0,0.0,0.0
624987,0.0,0.0,0.0,0.0,0.0,1.0,0.0
625183,0.0,0.0,0.0,0.0,0.0,2.0,0.0
625650,0.0,0.0,0.0,0.0,1.0,2.0,0.0
625683,0.0,0.0,0.0,0.0,2.0,0.0,0.0
625689,0.0,0.0,0.0,0.0,2.0,1.0,0.0
626183,0.0,0.0,0.0,0.0,0.0,1.0,0.0
626189,0.0,0.0,0.0,0.0,0.0,0.0,0.0
626347,0.0,0.0,0.0,0.0,0.0,1.0,0.0
626847,0.0,0.0,0.0,0.0,0.0,0.0,0.0
626968,0.0,0.0,0.0,0.0,0.0,1.0,0.0
627138,0.0,0.0,0.0,0.0,0.0,2.0,0.0
627141,0.0,0.0,0.0,0.0,1.0,2.0,0.0
627638,0.0,0.0,0.0,0.0,1.0,0.0,0.0
627641,0.0,0.0,0.0,0.0,0.0,0.0,0.0
628483,0.0,0.0,0.0,0.0,0.0,1.0,0.0
628983,0.0,0.0,0.0,0.0,0.0,0.0,0.0
629255,0.0,0.0,0.0,0.0,0.0,1.0,0.0
629557,0.0,0.0,0.0,0.0,0.0,2.0,0.0
630057,0.0,0.0,0.0,0.0,0.0,0.0,0.0
630431,0.0,0.0,0.0,0.0,0.0,1.0,0.0
630725,0.0,0.0,0.0,0.0,0.0,2.0,0.0
631225,0.0,0.0,0.0,0.0,0.0,0.0,0.0
632437,0.0,0.0,0.0,0.0,0.0,1.0,0.0
632937,0.0,0.0,0.0,0.0,0.0,0.0,0.0
633021,0.0,0.0,0.0,0.0,0.0,1.0,0.0
633521,0.0,0.0,0.0,0.0,0.0,0.0,0.0
634370,0.0,0.0,0.0,0.0,0.0,1.0,0.0
634870,0.0,0.0,0.0,0.0,0.0,0.0,0.0
635263,0.0,0.0,0.0,0.0,0.0,1.0,0.0
635763,0.0,0.0,0.0,0.0,0.0,0.0,0.0
636002,0.0,0.0,0.0,0.0,0.0,1.0,0.0
636004,0.0,0.0,0.0,0.0,0.0,2.0,0.0
636504,0.0,0.0,0.0,0.0,0.0,0.0,0.0
637313,0.0,0.0,0.0,0.0,0.0,1.0,0.0
637813,0.0,0.0,0.0,0.0,0.0,0.0,0.0
637833,0.0,0.0,0.0,0.0,0.0,1.0,0.0
638333,0.0,0.0,0.0,0.0,0.0,0.0,0.0
638626,0.0,0.0,0.0,0.0,1.0,0.0,0.0
638899,0.0,0.0,0.0,0.0,1.0,1.0,0.0
639126,0.0,0.0,0.0,0.0,0.0,1.0,0.0
639399,0.0,0.0,0.0,0.0,0.0,0.0,0.0
639418,0.0,0.0,0.0,0.0,0.0,1.0,0.0
639755,0.0,0.0,0.0,0.0,0.0,2.0,0.0
640255,0.0,0.0,0.0,0.0,0.0,0.0,0.0
640380,0.0,0.0,0.0,0.0,0.0,1.0,0.0
640383,0.0,0.0,0.0,0.0,0.0,2.0,0.0
640448,0.0,2.0,0.0,0.0,0.0,2.0,0.0
640883,0.0,2.0,0.0,0.0,0.0,0.0,0.0
640937,0.0,2.0,0.0,0.0,0.0,1.0,0.0
640948,0.0,0.0,0.0,0.0,0.0,1.0,0.0
641437,0.0,0.0,0.0,0.0,0.0,0.0,0.0
641448,0.0,0.0,0.0,0.0,0.0,1.0,0.0
641450,0.0,0.0,0.0,0.0,0.0,2.0,0.0
641950,0.0,0.0,0.0,0.0,0.0,0.0,0.0
643427,0.0,0.0,0.0,0.0,0.0,1.0,0.0
643927,0.0,0.0,0.0,0.0,0.0,0.0,0.0
644160,0.0,0.0,0.0,0.0,0.0,1.0,0.0
644162,0.0,0.0,0.0,0.0,0.0,2.0,0.0
644662,0.0,0.0,0.0,0.0,0.0,0.0,0.0
645192,0.0,0.0,0.0,0.0,0.0,1.0,0.0
645692,0.0,0.0,0.0,0.0,0.0,0.0,0.0
645766,0.0,0.0,0.0,0.0,0.0,1.0,0.0
645883,0.0,0.0,0.0,0.0,0.0,2.0,0.0
646383,0.0,0.0,0.0,0.0,0.0,0.0,0.0
646633,0.0,0.0,0.0,0.0,0.0,1.0,0.0
647133,0.0,0.0,0.0,0.0,0.0,0.0,0.0
647618,0.0,0.0,0.0,0.0,0.0,1.0,0.0
648118,0.0,0.0,0.0,0.0,0.0,0.0,0.0
648477,0.0,0.0,0.0,0.0,0.0,1.0,0.0
648977,0.0,0.0,0.0,0.0,0.0,0.0,0.0
649006,0.0,0.0,0.0,0.0,0.0,1.0,0.0
649506,0.0,0.0,0.0,0.0,0.0,0.0,0.0
650292,0.0,0.0,0.0,0.0,0.0,1.0,0.0
650294,0.0,0.0,0.0,0.0,0.0,2.0,0.0
650794,0.0,0.0,0.0,0.0,0.0,0.0,0.0
651045,0.0,0.0,0.0,0.0,0.0,1.0,0.0
651068,0.0,0.0,0.0,0.0,0.0,2.0,0.0
651568,0.0,0.0,0.0,0.0,0.0,0.0,0.0
651773,0.0,0.0,0.0,0.0,0.0,1.0,0.0
651775,0.0,0.0,0.0,0.0,0.0,2.0,0.0
652275,0.0,0.0,0.0,0.0,0.0,0.0,0.0
652783,0.0,0.0,0.0,0.0,0.0,1.0,0.0
653027,0.0,0.0,0.0,0.0,0.0,2.0,0.0
653527,0.0,0.0,0.0,0.0,0.0,0.0,0.0
653638,0.0,0.0,0.0,0.0,0.0,1.0,0.0
653963,0.0,0.0,0.0,0.0,0.0,2.0,0.0
654463,0.0,0.0,0.0,0.0,0.0,0.0,0.0
654662,0.0,0.0,0.0,0.0,0.0,1.0,0.0
654664,0.0,0.0,0.0,0.0,0.0,2.0,0.0
655164,0.0,0.0,0.0,0.0,0.0,0.0,0.0
655365,0.0,2.0,0.0,0.0,0.0,0.0,0.0
655376,0.0,2.0,1.0,0.0,0.0,0.0,0.0
655597,0.0,2.0,1.0,0.0,0.0,1.0,0.0
655865,0.0,0.0,1.0,0.0,0.0,1.0,0.0
656097,0.0,0.0,1.0,0.0,0.0,0.0,0.0
656381,0.0,0.0,1.0,0.0,0.0,1.0,0.0
656881,0.0,0.0,1.0,0.0,0.0,0.0,0.0
657924,0.0,0.0,1.0,0.0,0.0,1.0,0.0
658424,0.0,0.0,1.0,0.0,0.0,0.0,0.0
658427,0.0,0.0,1.0,0.0,0.0,1.0,0.0
658876,0.0,0.0,0.0,0.0,0.0,1.0,0.0
658927,0.0,0.0,0.0,0.0,0.0,0.0,0.0
659291,0.0,0.0,0.0,0.0,0.0,1.0,0.0
659791,0.0,0.0,0.0,0.0,0.0,0.0,0.0
659986,0.0,0.0,0.0,0.0,0.0,1.0,0.0
660486,0.0,0.0,0.0,0.0,0.0,0.0,0.0
660490,0.0,0.0,0.0,0.0,0.0,1.0,0.0
660990,0.0,0.0,0.0,0.0,0.0,0.0,0.0
661002,0.0,0.0,0.0,0.0,0.0,1.0,0.0
661005,0.0,0.0,0.0,0.0,0.0,2.0,0.0
661505,0.0,0.0,0.0,0.0,0.0,0.0,0.0
661606,0.0,0.0,0.0,0.0,0.0,1.0,0.0
661687,0.0,0.0,0.0,0.0,0.0,2.0,0.0
662187,0.0,0.0,0.0,0.0,0.0,0.0,0.0
662274,0.0,0.0,0.0,0.0,0.0,1.0,0.0
662774,0.0,0.0,0.0,0.0,0.0,0.0,0.0
663491,0.0,0.0,0.0,0.0,0.0,1.0,0.0
663495,0.0,0.0,0.0,0.0,0.0,2.0,0.0
663995,0.0,0.0,0.0,0.0,0.0,0.0,0.0
664837,0.0,0.0,0.0,0.0,0.0,1.0,0.0
665337,0.0,0.0,0.0,0.0,0.0,0.0,0.0
665682,0.0,0.0,0.0,0.0,0.0,1.0,0.0
666182,0.0,0.0,0.0,0.0,0.0,0.0,0.0
666280,0.0,0.0,0.0,0.0,0.0,1.0,0.0
666780,0.0,0.0,0.0,0.0,0.0,0.0,0.0
667526,0.0,0.0,0.0,0.0,0.0,1.0,0.0
668026,0.0,0.0,0.0,0.0,0.0,0.0,0.0
668379,0.0,0.0,0.0,0.0,0.0,1.0,0.0
668879,0.0,0.0,0.0,0.0,0.0,0.0,0.0
669468,0.0,0.0,0.0,0.0,0.0,1.0,0.0
669968,0.0,0.0,0.0,0.0,0.0,0.0,0.0
669995,0.0,0.0,0.0,0.0,0.0,1.0,0.0
670495,0.0,0.0,0.0,0.0,0.0,0.0,0.0
670607,0.0,0.0,0.0,0.0,0.0,1.0,0.0
670617,0.0,0.0,0.0,0.0,0.0,2.0,0.0
671117,0.0,0.0,0.0,0.0,0.0,0.0,0.0
671177,0.0,0.0,0.0,0.0,0.0,1.0,0.0
671489,0.0,0.0,0.0,0.0,0.0,2.0,0.0
671989,0.0,0.0,0.0,0.0,0.0,0.0,0.0
674032,0.0,0.0,0.0,0.0,0.0,1.0,0.0
674033,0.0,0.0,0.0,0.0,1.0,1.0,0.0
674208,0.0,0.0,0.0,0.0,1.0,2.0,0.0
674533,0.0,0.0,0.0,0.0,0.0,2.0,0.0
674708,0.0,0.0,0.0,0.0,0.0,0.0,0.0
675490,0.0,0.0,0.0,0.0,0.0,1.0,0.0
675492,0.0,0.0,0.0,0.0,0.0,2.0,0.0
675992,0.0,0.0,0.0,0.0,0.0,0.0,0.0
676172,0.0,0.0,0.0,0.0,0.0,1.0,0.0
676175,0.0,0.0,0.0,0.0,0.0,2.0,0.0
676675,0.0,0.0,0.0,0.0,0.0,0.0,0.0
677110,0.0,0.0,0.0,0.0,0.0,1.0,0.0
677559,0.0,0.0,0.0,0.0,0.0,2.0,0.0
677948,0.0,2.0,0.0,0.0,0.0,2.0,0.0
678059,0.0,2.0,0.0,0.0,0.0,0.0,0.0
678294,0.0,2.0,0.0,0.0,0.0,1.0,0.0
678448,0.0,0.0,0.0,0.0,0.0,1.0,0.0
678794,0.0,0.0,0.0,0.0,0.0,0.0,0.0
679079,0.0,0.0,0.0,0.0,0.0,1.0,0.0
679579,0.0,0.0,0.0,0.0,0.0,0.0,0.0
680135,0.0,0.0,0.0,0.0,0.0,1.0,0.0
680137,0.0,0.0,0.0,0.0,0.0,2.0,0.0
680637,0.0,0.0,0.0,0.0,0.0,0.0,0.0
681093,0.0,0.0,0.0,0.0,0.0,1.0,0.0
681593,0.0,0.0,0.0,0.0,0.0,0.0,0.0
681859,0.0,0.0,0.0,0.0,0.0,1.0,0.0
682359,0.0,0.0,0.0,0.0,0.0,0.0,0.0
682672,0.0,0.0,0.0,0.0,0.0,1.0,0.0
683172,0.0,0.0,0.0,0.0,0.0,0.0,0.0
683434,0.0,0.0,0.0,0.0,0.0,1.0,0.0
683439,0.0,0.0,0.0,0.0,0.0,2.0,0.0
683939,0.0,0.0,0.0,0.0,0.0,0.0,0.0
684437,0.0,0.0,0.0,0.0,0.0,1.0,0.0
684937,0.0,0.0,0.0,0.0,0.0,0.0,0.0
685282,0.0,0.0,0.0,0.0,0.0,1.0,0.0
685782,0.0,0.0,0.0,0.0,0.0,0.0,0.0
685812,0.0,0.0,0.0,0.0,0.0,1.0,0.0
686312,0.0,0.0,0.0,0.0,0.0,0.0,0.0
686429,0.0,0.0,0.0,0.0,0.0,1.0,0.0
686431,0.0,0.0,0.0,0.0,0.0,2.0,0.0
686931,0.0,0.0,0.0,0.0,0.0,0.0,0.0
687142,0.0,0.0,0.0,0.0,0.0,1.0,0.0
687642,0.0,0.0,0.0,0.0,0.0,0.0,0.0
688964,0.0,0.0,0.0,0.0,0.0,1.0,0.0
689464,0.0,0.0,0.0,0.0,0.0,0.0,0.0
691592,0.0,0.0,0.0,0.0,0.0,1.0,0.0
691595,0.0,0.0,0.0,0.0,0.0,2.0,0.0
692095,0.0,0.0,0.0,0.0,0.0,0.0,0.0
692692,0.0,0.0,0.0,0.0,0.0,1.0,0.0
692831,0.0,0.0,0.0,0.0,0.0,2.0,0.0
693331,0.0,0.0,0.0,0.0,0.0,0.0,0.0
693356,0.0,0.0,0.0,0.0,0.0,1.0,0.0
693856,0.0,0.0,0.0,0.0,0.0,0.0,0.0
694333,0.0,0.0,0.0,0.0,0.0,1.0,0.0
694335,0.0,0.0,0.0,0.0,0.0,2.0,0.0
694835,0.0,0.0,0.0,0.0,0.0,0.0,0.0
695218,0.0,0.0,0.0,0.0,0.0,1.0,0.0
695718,0.0,0.0,0.0,0.0,0.0,0.0,0.0
696185,0.0,0.0,0.0,0.0,0.0,1.0,0.0
696685,0.0,0.0,0.0,0.0,0.0,0.0,0.0
697677,0.0,0.0,0.0,0.0,0.0,1.0,0.0
698131,0.0,0.0,0.0,0.0,0.0,2.0,0.0
698631,0.0,0.0,0.0,0.0,0.0,0.0,0.0
699144,0.0,0.0,0.0,0.0,0.0,1.0,0.0
699265,0.0,0.0,0.0,0.0,0.0,2.0,0.0
699765,0.0,0.0,0.0,0.0,0.0,0.0,0.0
699812,0.0,0.0,0.0,0.0,0.0,1.0,0.0
700312,0.0,0.0,0.0,0.0,0.0,0.0,0.0
701155,0.0,0.0,0.0,0.0,0.0,1.0,0.0
701655,0.0,0.0,0.0,0.0,0.0,0.0,0.0
702237,0.0,0.0,0.0,0.0,0.0,1.0,0.0
702737,0.0,0.0,0.0,0.0,0.0,0.0,0.0
703411,0.0,0.0,0.0,0.0,0.0,1.0,0.0
703416,0.0,0.0,0.0,0.0,0.0,2.0,0.0
703446,0.0,0.0,0.0,0.0,1.0,2.0,0.0
703916,0.0,0.0,0.0,0.0,1.0,0.0,0.0
703946,0.0,0.0,0.0,0.0,0.0,0.0,0.0
704561,0.0,0.0,0.0,0.0,0.0,1.0,0.0
705061,0.0,0.0,0.0,0.0,0.0,0.0,0.0
705265,0.0,0.0,0.0,0.0,0.0,1.0,0.0
705289,0.0,0.0,0.0,0.0,0.0,2.0,0.0
705789,0.0,0.0,0.0,0.0,0.0,0.0,0.0
706123,0.0,0.0,0.0,0.0,0.0,1.0,0.0
706623,0.0,0.0,0.0,0.0,0.0,0.0,0.0
707578,0.0,0.0,0.0,0.0,0.0,1.0,0.0
708078,0.0,0.0,0.0,0.0,0.0,0.0,0.0
708975,0.0,0.0,0.0,0.0,0.0,1.0,0.0
708985,0.0,0.0,0.0,0.0,0.0,2.0,0.0
709003,0.0,0.0,0.0,0.0,1.0,2.0,0.0
709485,0.0,0.0,0.0,0.0,1.0,0.0,0.0
709503,0.0,0.0,0.0,0.0,0.0,0.0,0.0
717590,0.0,0.0,0.0,0.0,0.0,1.0,0.0
718090,0.0,0.0,0.0,0.0,0.0,0.0,0.0
720216,0.0,0.0,0.0,0.0,0.0,1.0,0.0
720716,0.0,0.0,0.0,0.0,0.0,0.0,0.0
720780,0.0,0.0,0.0,0.0,0.0,1.0,0.0
721280,0.0,0.0,0.0,0.0,0.0,0.0,0.0
721769,0.0,0.0,0.0,0.0,0.0,1.0,0.0
722269,0.0,0.0,0.0,0.0,0.0,0.0,0.0
722702,0.0,0.0,0.0,0.0,0.0,1.0,0.0
723202,0.0,0.0,0.0,0.0,0.0,0.0,0.0
724044,0.0,0.0,0.0,0.0,0.0,1.0,0.0
724544,0.0,0.0,0.0,0.0,0.0,0.0,0.0
726263,0.0,0.0,0.0,0.0,0.0,1.0,0.0
726763,0.0,0.0,0.0,0.0,0.0,0.0,0.0
727537,0.0,0.0,0.0,0.0,0.0,1.0,0.0
727542,0.0,0.0,0.0,0.0,0.0,2.0,0.0
728042,0.0,0.0,0.0,0.0,0.0,0.0,0.0
735350,0.0,0.0,0.0,0.0,1.0,0.0,0.0
735850,0.0,0.0,0.0,0.0,0.0,0.0,0.0
737989,0.0,0.0,0.0,0.0,0.0,1.0,0.0
738489,0.0,0.0,0.0,0.0,0.0,0.0,0.0
739003,0.0,0.0,0.0,0.0,0.0,1.0,0.0
739357,0.0,0.0,0.0,0.0,0.0,2.0,0.0
739857,0.0,0.0,0.0,0.0,0.0,0.0,0.0
746978,0.0,0.0,0.0,0.0,1.0,0.0,0.0
747478,0.0,0.0,0.0,0.0,0.0,0.0,0.0
752751,0.0,0.0,0.0,0.0,0.0,1.0,0.0
753251,0.0,0.0,0.0,0.0,0.0,0.0,0.0
755380,0.0,0.0,0.0,0.0,0.0,1.0,0.0
755880,0.0,0.0,0.0,0.0,0.0,0.0,0.0
756832,0.0,0.0,0.0,0.0,0.0,1.0,0.0
756833,0.0,0.0,0.0,0.0,0.0,2.0,0.0
757333,0.0,0.0,0.0,0.0,0.0,0.0,0.0
762108,0.0,0.0,0.0,0.0,0.0,1.0,0.0
762123,0.0,0.0,0.0,0.0,0.0,2.0,0.0
762623,0.0,0.0,0.0,0.0,0.0,0.0,0.0
765841,0.0,0.0,0.0,0.0,0.0,1.0,0.0
766341,0.0,0.0,0.0,0.0,0.0,0.0,0.0
767020,0.0,0.0,0.0,0.0,0.0,1.0,0.0
767520,0.0,0.0,0.0,0.0,0.0,0.0,0.0
768097,0.0,0.0,0.0,0.0,0.0,1.0,0.0
768597,0.0,0.0,0.0,0.0,0.0,0.0,0.0
770210,0.0,0.0,0.0,0.0,0.0,1.0,0.0
770710,0.0,0.0,0.0,0.0,0.0,0.0,0.0
770989,0.0,0.0,0.0,0.0,0.0,1.0,0.0
771489,0.0,0.0,0.0,0.0,0.0,0.0,0.0
774494,0.0,0.0,0.0,0.0,0.0,1.0,0.0
774994,0.0,0.0,0.0,0.0,0.0,0.0,0.0
776414,0.0,0.0,0.0,0.0,0.0,1.0,0.0
776914,0.0,0.0,0.0,0.0,0.0,0.0,0.0
777118,0.0,0.0,0.0,0.0,0.0,1.0,0.0
777618,0.0,0.0,0.0,0.0,0.0,0.0,0.0
784518,0.0,0.0,0.0,0.0,0.0,1.0,0.0
785018,0.0,0.0,0.0,0.0,0.0,0.0,0.0
786196,0.0,0.0,0.0,0.0,0.0,1.0,0.0
786696,0.0,0.0,0.0,0.0,0.0,0.0,0.0
791247,0.0,0.0,0.0,0.0,0.0,1.0,0.0
791747,0.0,0.0,0.0,0.0,0.0,0.0,0.0
792787,0.0,0.0,0.0,0.0,0.0,1.0,0.0
793287,0.0,0.0,0.0,0.0,0.0,0.0,0.0
793379,0.0,0.0,0.0,0.0,0.0,1.0,0.0
793879,0.0,0.0,0.0,0.0,0.0,0.0,0.0
793961,0.0,0.0,0.0,0.0,0.0,1.0,0.0
794461,0.0,0.0,0.0,0.0,0.0,0.0,0.0
795191,0.0,0.0,0.0,0.0,0.0,1.0,0.0
795691,0.0,0.0,0.0,0.0,0.0,0.0,0.0
800399,0.0,0.0,0.0,0.0,0.0,1.0,0.0
800899,0.0,0.0,0.0,0.0,0.0,0.0,0.0
804523,0.0,0.0,0.0,0.0,0.0,1.0,0.0
804956,0.0,0.0,0.0,0.0,0.0,2.0,0.0
805456,0.0,0.0,0.0,0.0,0.0,0.0,0.0
807000,0.0,0.0,0.0,0.0,0.0,0.0,1.0
807445,0.0,0.0,0.0,0.0,0.0,1.0,1.0
807500,0.0,0.0,0.0,0.0,0.0,1.0,0.0
807583,2.0,0.0,0.0,0.0,0.0,1.0,0.0
807945,2.0,0.0,0.0,0.0,0.0,0.0,0.0
807972,2.0,2.0,0.0,0.0,0.0,0.0,0.0
808000,2.0,2.0,0.0,0.0,0.0,1.0,0.0
808046,2.0,2.0,0.0,0.0,1.0,1.0,0.0
808047,2.0,2.0,0.0,0.0,1.0,2.0,0.0
808083,0.0,2.0,0.0,0.0,1.0,2.0,0.0
808191,2.0,2.0,0.0,0.0,1.0,2.0,0.0
808311,2.0,2.0,0.0,0.0,2.0,2.0,0.0
808472,2.0,0.0,0.0,0.0,2.0,2.0,0.0
808547,2.0,0.0,0.0,0.0,2.0,0.0,0.0
808691,0.0,0.0,0.0,0.0,2.0,0.0,0.0
808811,0.0,0.0,0.0,0.0,0.0,0.0,0.0
809083,0.0,0.0,0.0,0.0,0.0,1.0,0.0
809087,2.0,0.0,0.0,0.0,0.0,1.0,0.0
809583,2.0,0.0,0.0,0.0,0.0,0.0,0.0
809587,0.0,0.0,0.0,0.0,0.0,0.0,0.0
810156,0.0,0.0,1.0,0.0,0.0,0.0,0.0
811124,0.0,0.0,1.0,0.0,0.0,1.0,0.0
811624,0.0,0.0,1.0,0.0,0.0,0.0,0.0
811798,0.0,0.0,1.0,0.0,0.0,1.0,0.0
812298,0.0,0.0,1.0,0.0,0.0,0.0,0.0
813103,0.0,0.0,1.0,0.0,0.0,1.0,0.0
813603,0.0,0.0,1.0,0.0,0.0,0.0,0.0
813851,0.0,0.0,2.0,0.0,0.0,0.0,0.0
813923,0.0,0.0,2.0,0.0,0.0,1.0,0.0
814038,0.0,0.0,2.0,0.0,0.0,2.0,0.0
814351,0.0,0.0,0.0,0.0,0.0,2.0,0.0
814538,0.0,0.0,0.0,0.0,0.0,0.0,0.0
815914,0.0,0.0,0.0,0.0,0.0,1.0,0.0
816414,0.0,0.0,0.0,0.0,0.0,0.0,0.0
816419,0.0,0.0,0.0,0.0,0.0,1.0,0.0
816737,0.0,0.0,0.0,0.0,0.0,2.0,0.0
817006,0.0,0.0,1.0,0.0,0.0,2.0,0.0
817237,0.0,0.0,1.0,0.0,0.0,0.0,0.0
817266,0.0,0.0,1.0,0.0,0.0,1.0,0.0
817540,0.0,0.0,1.0,0.0,0.0,2.0,0.0
818040,0.0,0.0,1.0,0.0,0.0,0.0,0.0
818872,0.0,2.0,1.0,0.0,0.0,0.0,0.0
819328,0.0,2.0,1.0,0.0,0.0,1.0,0.0
819372,0.0,0.0,1.0,0.0,0.0,1.0,0.0
819828,0.0,0.0,1.0,0.0,0.0,0.0,0.0
820436,0.0,0.0,1.0,0.0,0.0,1.0,0.0
820506,0.0,0.0,0.0,0.0,0.0,1.0,0.0
820936,0.0,0.0,0.0,0.0,0.0,0.0,0.0
821134,0.0,0.0,0.0,0.0,0.0,1.0,0.0
821595,0.0,0.0,1.0,0.0,0.0,1.0,0.0
821615,0.0,0.0,1.0,0.0,0.0,2.0,0.0
822095,0.0,0.0,0.0,0.0,0.0,2.0,0.0
822115,0.0,0.0,0.0,0.0,0.0,0.0,0.0
822279,0.0,0.0,0.0,0.0,0.0,1.0,0.0
822779,0.0,0.0,0.0,0.0,0.0,0.0,0.0
822882,0.0,0.0,1.0,0.0,0.0,0.0,0.0
823369,0.0,0.0,1.0,0.0,0.0,1.0,0.0
823869,0.0,0.0,1.0,0.0,0.0,0.0,0.0
823882,0.0,0.0,0.0,0.0,0.0,0.0,0.0
824284,0.0,0.0,0.0,0.0,0.0,1.0,0.0
824289,0.0,0.0,0.0,0.0,0.0,2.0,0.0
824789,0.0,0.0,0.0,0.0,0.0,0.0,0.0
825006,0.0,0.0,0.0,0.0,1.0,1.0,0.0
825008,0.0,0.0,0.0,0.0,2.0,1.0,0.0
825098,0.0,0.0,0.0,0.0,2.0,2.0,0.0
825508,0.0,0.0,0.0,0.0,0.0,2.0,0.0
825598,0.0,0.0,0.0,0.0,0.0,0.0,0.0
825792,0.0,0.0,0.0,0.0,1.0,1.0,0.0
825967,0.0,0.0,1.0,0.0,1.0,1.0,0.0
826292,0.0,0.0,1.0,0.0,0.0,0.0,0.0
826467,0.0,0.0,0.0,0.0,0.0,0.0,0.0
826490,0.0,0.0,1.0,0.0,0.0,0.0,0.0
826725,0.0,0.0,1.0,0.0,0.0,1.0,0.0
827225,0.0,0.0,1.0,0.0,0.0,0.0,0.0
827804,0.0,0.0,1.0,0.0,0.0,1.0,0.0
827990,0.0,0.0,0.0,0.0,0.0,1.0,0.0
827991,0.0,0.0,1.0,0.0,0.0,1.0,0.0
828304,0.0,0.0,1.0,0.0,0.0,0.0,0.0
828346,0.0,2.0,1.0,0.0,0.0,0.0,0.0
828846,0.0,0.0,1.0,0.0,0.0,0.0,0.0
829351,0.0,0.0,1.0,0.0,0.0,1.0,0.0
829851,0.0,0.0,1.0,0.0,0.0,0.0,0.0
830144,0.0,0.0,1.0,0.0,0.0,1.0,0.0
830644,0.0,0.0,1.0,0.0,0.0,0.0,0.0
830948,0.0,0.0,1.0,0.0,0.0,1.0,0.0
831448,0.0,0.0,1.0,0.0,0.0,0.0,0.0
832380,0.0,0.0,1.0,0.0,0.0,1.0,0.0
832880,0.0,0.0,1.0,0.0,0.0,0.0,0.0
832991,0.0,0.0,0.0,0.0,0.0,0.0,0.0
833143,0.0,0.0,0.0,0.0,0.0,1.0,0.0
833237,0.0,0.0,1.0,0.0,0.0,1.0,0.0
833643,0.0,0.0,1.0,0.0,0.0,0.0,0.0
833903,0.0,0.0,1.0,0.0,0.0,1.0,0.0
833905,0.0,0.0,1.0,0.0,0.0,2.0,0.0
834237,0.0,0.0,0.0,0.0,0.0,2.0,0.0
834405,0.0,0.0,0.0,0.0,0.0,0.0,0.0
834552,0.0,0.0,0.0,0.0,0.0,1.0,0.0
834720,0.0,0.0,0.0,0.0,0.0,2.0,0.0
835220,0.0,0.0,0.0,0.0,0.0,0.0,0.0
836545,0.0,0.0,0.0,0.0,0.0,1.0,0.0
837045,0.0,0.0,0.0,0.0,0.0,0.0,0.0
837201,0.0,0.0,0.0,0.0,0.0,1.0,0.0
837701,0.0,0.0,0.0,0.0,0.0,0.0,0.0
838233,0.0,0.0,0.0,0.0,0.0,1.0,0.0
838733,0.0,0.0,0.0,0.0,0.0,0.0,0.0
838770,0.0,0.0,0.0,0.0,0.0,1.0,0.0
838771,0.0,0.0,0.0,0.0,1.0,1.0,0.0
839003,0.0,0.0,0.0,0.0,1.0,2.0,0.0
839271,0.0,0.0,0.0,0.0,0.0,2.0,0.0
839503,0.0,0.0,0.0,0.0,0.0,0.0,0.0
839519,0.0,0.0,0.0,0.0,0.0,1.0,0.0
839523,0.0,0.0,0.0,0.0,0.0,2.0,0.0
839537,0.0,0.0,0.0,0.0,1.0,2.0,0.0
839540,0.0,0.0,0.0,0.0,2.0,2.0,0.0
840023,0.0,0.0,0.0,0.0,2.0,0.0,0.0
840040,0.0,0.0,0.0,0.0,0.0,0.0,0.0
840044,0.0,0.0,0.0,0.0,1.0,0.0,0.0
840544,0.0,0.0,0.0,0.0,0.0,0.0,0.0
840684,0.0,0.0,0.0,0.0,0.0,1.0,0.0
841184,0.0,0.0,0.0,0.0,0.0,0.0,0.0
842002,0.0,0.0,0.0,0.0,0.0,1.0,0.0
842502,0.0,0.0,0.0,0.0,0.0,0.0,0.0
843273,0.0,0.0,0.0,0.0,0.0,1.0,0.0
843773,0.0,0.0,0.0,0.0,0.0,0.0,0.0
843942,0.0,0.0,0.0,0.0,0.0,1.0,0.0
844442,0.0,0.0,0.0,0.0,0.0,0.0,0.0
844571,0.0,0.0,0.0,0.0,0.0,1.0,0.0
844674,0.0,0.0,0.0,0.0,0.0,2.0,0.0
845174,0.0,0.0,0.0,0.0,0.0,0.0,0.0
846114,0.0,0.0,0.0,0.0,0.0,1.0,0.0
846614,0.0,0.0,0.0,0.0,0.0,0.0,0.0
847191,0.0,0.0,0.0,0.0,0.0,1.0,0.0
847691,0.0,0.0,0.0,0.0,0.0,0.0,0.0
847798,0.0,0.0,0.0,0.0,0.0,1.0,0.0
847805,0.0,0.0,0.0,0.0,0.0,2.0,0.0
848305,0.0,0.0,0.0,0.0,0.0,0.0,0.0
848400,0.0,0.0,0.0,0.0,0.0,1.0,0.0
848402,0.0,0.0,0.0,0.0,0.0,2.0,0.0
848902,0.0,0.0,0.0,0.0,0.0,0.0,0.0
849444,0.0,0.0,0.0,0.0,0.0,1.0,0.0
849944,0.0,0.0,0.0,0.0,0.0,0.0,0.0
850738,0.0,0.0,0.0,0.0,0.0,1.0,0.0
851238,0.0,0.0,0.0,0.0,0.0,0.0,0.0
851322,0.0,0.0,0.0,0.0,0.0,1.0,0.0
851822,0.0,0.0,0.0,0.0,0.0,0.0,0.0
852411,0.0,0.0,0.0,0.0,0.0,1.0,0.0
852911,0.0,0.0,0.0,0.0,0.0,0.0,0.0
854442,0.0,0.0,0.0,0.0,0.0,1.0,0.0
854942,0.0,0.0,0.0,0.0,0.0,0.0,0.0
855946,0.0,0.0,0.0,0.0,0.0,1.0,0.0
855948,0.0,0.0,0.0,0.0,0.0,2.0,0.0
856448,0.0,0.0,0.0,0.0,0.0,0.0,0.0
856520,0.0,0.0,0.0,0.0,1.0,0.0,0.0
856521,0.0,0.0,0.0,0.0,1.0,1.0,0.0
857020,0.0,0.0,0.0,0.0,0.0,1.0,0.0
857021,0.0,0.0,0.0,0.0,0.0,0.0,0.0
858920,0.0,0.0,0.0,0.0,0.0,1.0,0.0
859420,0.0,0.0,0.0,0.0,0.0,0.0,0.0
860793,0.0,0.0,0.0,0.0,0.0,1.0,0.0
861114,0.0,0.0,0.0,0.0,0.0,2.0,0.0
861614,0.0,0.0,0.0,0.0,0.0,0.0,0.0
862651,0.0,0.0,0.0,0.0,0.0,1.0,0.0
863151,0.0,0.0,0.0,0.0,0.0,0.0,0.0
863306,0.0,0.0,0.0,0.0,0.0,1.0,0.0
863806,0.0,0.0,0.0,0.0,0.0,0.0,0.0
864069,0.0,0.0,0.0,0.0,0.0,1.0,0.0
864076,0.0,0.0,0.0,0.0,0.0,2.0,0.0
864576,0.0,0.0,0.0,0.0,0.0,0.0,0.0
864958,0.0,0.0,0.0,0.0,0.0,1.0,0.0
864972,0.0,0.0,0.0,0.0,0.0,2.0,0.0
865472,0.0,0.0,0.0,0.0,0.0,0.0,0.0
866522,0.0,0.0,0.0,0.0,0.0,1.0,0.0
867022,0.0,0.0,0.0,0.0,0.0,0.0,0.0
867181,0.0,0.0,0.0,0.0,0.0,1.0,0.0
867681,0.0,0.0,0.0,0.0,0.0,0.0,0.0
868176,0.0,0.0,0.0,0.0,0.0,1.0,0.0
868182,0.0,0.0,0.0,0.0,0.0,2.0,0.0
868682,0.0,0.0,0.0,0.0,0.0,0.0,0.0
870333,0.0,0.0,0.0,0.0,0.0,1.0,0.0
870833,0.0,0.0,0.0,0.0,0.0,0.0,0.0
871012,0.0,0.0,0.0,0.0,0.0,1.0,0.0
871251,0.0,0.0,0.0,0.0,0.0,2.0,0.0
871751,0.0,0.0,0.0,0.0,0.0,0.0,0.0
872984,0.0,0.0,0.0,0.0,0.0,1.0,0.0
873484,0.0,0.0,0.0,0.0,0.0,0.0,0.0
874103,0.0,0.0,0.0,0.0,0.0,1.0,0.0
874603,0.0,0.0,0.0,0.0,0.0,0.0,0.0
874922,0.0,0.0,0.0,0.0,0.0,1.0,0.0
875422,0.0,0.0,0.0,0.0,0.0,0.0,0.0
875912,0.0,0.0,0.0,0.0,0.0,1.0,0.0
875915,0.0,0.0,0.0,0.0,0.0,2.0,0.0
876415,0.0,0.0,0.0,0.0,0.0,0.0,0.0
876551,0.0,0.0,0.0,0.0,0.0,1.0,0.0
877053,0.0,0.0,0.0,0.0,0.0,2.0,0.0
877553,0.0,0.0,0.0,0.0,0.0,0.0,0.0
878430,0.0,0.0,0.0,0.0,0.0,1.0,0.0
878930,0.0,0.0,0.0,0.0,0.0,0.0,0.0
879491,0.0,0.0,0.0,0.0,0.0,1.0,0.0
879991,0.0,0.0,0.0,0.0,0.0,0.0,0.0
880147,0.0,0.0,0.0,0.0,0.0,1.0,0.0
880647,0.0,0.0,0.0,0.0,0.0,0.0,0.0
880722,0.0,0.0,0.0,0.0,0.0,1.0,0.0
881222,0.0,0.0,0.0,0.0,0.0,0.0,0.0
881842,0.0,0.0,0.0,0.0,0.0,1.0,0.0
882040,0.0,0.0,0.0,0.0,0.0,2.0,0.0
882540,0.0,0.0,0.0,0.0,0.0,0.0,0.0
883788,0.0,0.0,0.0,0.0,0.0,1.0,0.0
884158,0.0,0.0,0.0,0.0,0.0,2.0,0.0
884658,0.0,0.0,0.0,0.0,0.0,0.0,0.0
885357,0.0,0.0,0.0,0.0,0.0,1.0,0.0
885494,0.0,0.0,0.0,0.0,0.0,2.0,0.0
885509,0.0,0.0,0.0,0.0,1.0,2.0,0.0
885994,0.0,0.0,0.0,0.0,1.0,0.0,0.0
886009,0.0,0.0,0.0,0.0,0.0,0.0,0.0
886034,0.0,0.0,0.0,0.0,0.0,1.0,0.0
886108,0.0,0.0,0.0,0.0,1.0,1.0,0.0
886112,0.0,0.0,0.0,0.0,1.0,2.0,0.0
886608,0.0,0.0,0.0,0.0,0.0,2.0,0.0
886612,0.0,0.0,0.0,0.0,0.0,0.0,0.0
887136,0.0,0.0,0.0,0.0,0.0,1.0,0.0
887423,0.0,0.0,0.0,0.0,0.0,2.0,0.0
887923,0.0,0.0,0.0,0.0,0.0,0.0,0.0
888680,0.0,0.0,0.0,0.0,0.0,1.0,0.0
889180,0.0,0.0,0.0,0.0,0.0,0.0,0.0
889187,0.0,0.0,0.0,0.0,0.0,1.0,0.0
889687,0.0,0.0,0.0,0.0,0.0,0.0,0.0
890219,0.0,0.0,0.0,0.0,0.0,1.0,0.0
890719,0.0,0.0,0.0,0.0,0.0,0.0,0.0
890753,0.0,0.0,0.0,0.0,0.0,1.0,0.0
890763,0.0,0.0,0.0,0.0,0.0,2.0,0.0
891263,0.0,0.0,0.0,0.0,0.0,0.0,0.0
891933,0.0,0.0,0.0,0.0,0.0,1.0,0.0
891935,0.0,0.0,0.0,0.0,0.0,2.0,0.0
892435,0.0,0.0,0.0,0.0,0.0,0.0,0.0
893076,0.0,0.0,0.0,0.0,0.0,1.0,0.0
893576,0.0,0.0,0.0,0.0,0.0,0.0,0.0
893650,0.0,0.0,0.0,0.0,0.0,1.0,0.0
893654,0.0,0.0,0.0,0.0,0.0,2.0,0.0
893779,0.0,2.0,0.0,0.0,0.0,2.0,0.0
894154,0.0,2.0,0.0,0.0,0.0,0.0,0.0
894209,0.0,2.0,0.0,0.0,0.0,1.0,0.0
894279,0.0,0.0,0.0,0.0,0.0,1.0,0.0
894709,0.0,0.0,0.0,0.0,0.0,0.0,0.0
894984,0.0,0.0,0.0,0.0,0.0,1.0,0.0
895043,0.0,0.0,0.0,0.0,0.0,2.0,0.0
895543,0.0,0.0,0.0,0.0,0.0,0.0,0.0
896932,0.0,0.0,0.0,0.0,0.0,1.0,0.0
896946,0.0,0.0,0.0,0.0,0.0,2.0,0.0
897446,0.0,0.0,0.0,0.0,0.0,0.0,0.0
898327,0.0,0.0,0.0,0.0,0.0,1.0,0.0
898338,0.0,0.0,0.0,0.0,0.0,2.0,0.0
898838,0.0,0.0,0.0,0.0,0.0,0.0,0.0
899102,0.0,0.0,0.0,0.0,0.0,1.0,0.0
899104,0.0,0.0,0.0,0.0,0.0,2.0,0.0
899604,0.0,0.0,0.0,0.0,0.0,0.0,0.0
899923,0.0,0.0,0.0,0.0,0.0,1.0,0.0
900423,0.0,0.0,0.0,0.0,0.0,0.0,0.0
901303,0.0,0.0,0.0,0.0,0.0,1.0,0.0
901775,0.0,0.0,0.0,0.0,0.0,2.0,0.0
902275,0.0,0.0,0.0,0.0,0.0,0.0,0.0
902542,0.0,0.0,0.0,0.0,0.0,1.0,0.0
903542,0.0,0.0,0.0,0.0,0.0,0.0,0.0
903924,0.0,0.0,0.0,0.0,0.0,1.0,0.0
903976,0.0,0.0,0.0,0.0,0.0,2.0,0.0
904476,0.0,0.0,0.0,0.0,0.0,0.0,0.0
904770,0.0,0.0,0.0,0.0,0.0,1.0,0.0
905270,0.0,0.0,0.0,0.0,0.0,0.0,0.0
905292,0.0,0.0,0.0,0.0,0.0,1.0,0.0
905792,0.0,0.0,0.0,0.0,0.0,0.0,0.0
905988,0.0,0.0,0.0,0.0,0.0,1.0,0.0
906105,0.0,0.0,0.0,0.0,0.0,2.0,0.0
906605,0.0,0.0,0.0,0.0,0.0,0.0,0.0
907502,0.0,0.0,0.0,0.0,0.0,1.0,0.0
908004,0.0,0.0,0.0,0.0,0.0,2.0,0.0
908504,0.0,0.0,0.0,0.0,0.0,0.0,0.0
908704,0.0,0.0,0.0,0.0,0.0,1.0,0.0
909204,0.0,0.0,0.0,0.0,0.0,0.0,0.0
912904,0.0,0.0,0.0,0.0,0.0,1.0,0.0
913404,0.0,0.0,0.0,0.0,0.0,0.0,0.0
914450,0.0,0.0,0.0,0.0,0.0,1.0,0.0
914950,0.0,0.0,0.0,0.0,0.0,0.0,0.0
916571,0.0,0.0,0.0,0.0,0.0,1.0,0.0
917071,0.0,0.0,0.0,0.0,0.0,0.0,0.0
917214,0.0,0.0,0.0,0.0,1.0,0.0,0.0
917225,0.0,0.0,0.0,0.0,1.0,1.0,0.0
917714,0.0,0.0,0.0,0.0,0.0,1.0,0.0
917725,0.0,0.0,0.0,0.0,0.0,0.0,0.0
918067,0.0,0.0,0.0,0.0,0.0,1.0,0.0
918567,0.0,0.0,0.0,0.0,0.0,0.0,0.0
920567,0.0,0.0,0.0,0.0,0.0,1.0,0.0
921067,0.0,0.0,0.0,0.0,0.0,0.0,0.0
921162,0.0,0.0,0.0,0.0,1.0,0.0,0.0
921662,0.0,0.0,0.0,0.0,0.0,0.0,0.0
921934,0.0,0.0,0.0,0.0,0.0,1.0,0.0
922434,0.0,0.0,0.0,0.0,0.0,0.0,0.0
927370,0.0,0.0,0.0,0.0,0.0,1.0,0.0
927870,0.0,0.0,0.0,0.0,0.0,0.0,0.0
927921,0.0,0.0,0.0,0.0,0.0,1.0,0.0
928421,0.0,0.0,0.0,0.0,0.0,0.0,0.0
928531,0.0,0.0,0.0,0.0,0.0,1.0,0.0
928735,0.0,0.0,0.0,0.0,0.0,2.0,0.0
929235,0.0,0.0,0.0,0.0,0.0,0.0,0.0
931281,0.0,0.0,0.0,0.0,0.0,1.0,0.0
931781,0.0,0.0,0.0,0.0,0.0,0.0,0.0
931959,0.0,0.0,0.0,0.0,0.0,1.0,0.0
932459,0.0,0.0,0.0,0.0,0.0,0.0,0.0
932774,0.0,0.0,0.0,0.0,0.0,1.0,0.0
933274,0.0,0.0,0.0,0.0,0.0,0.0,0.0
933957,0.0,0.0,0.0,0.0,0.0,1.0,0.0
934457,0.0,0.0,0.0,0.0,0.0,0.0,0.0
935065,0.0,0.0,0.0,0.0,1.0,0.0,0.0
935098,0.0,0.0,0.0,0.0,1.0,1.0,0.0
935100,0.0,0.0,0.0,0.0,1.0,2.0,0.0
935565,0.0,0.0,0.0,0.0,0.0,2.0,0.0
935600,0.0,0.0,0.0,0.0,0.0,0.0,0.0
942391,0.0,0.0,0.0,0.0,0.0,1.0,0.0
942891,0.0,0.0,0.0,0.0,0.0,0.0,0.0
942938,0.0,0.0,0.0,0.0,0.0,1.0,0.0
942940,0.0,0.0,0.0,0.0,0.0,2.0,0.0
943440,0.0,0.0,0.0,0.0,0.0,0.0,0.0
948064,0.0,0.0,0.0,0.0,0.0,1.0,0.0
948564,0.0,0.0,0.0,0.0,0.0,0.0,0.0
950282,0.0,0.0,0.0,0.0,0.0,1.0,0.0
950782,0.0,0.0,0.0,0.0,0.0,0.0,0.0
956772,0.0,0.0,0.0,0.0,0.0,1.0,0.0
957143,0.0,0.0,0.0,0.0,0.0,2.0,0.0
957643,0.0,0.0,0.0,0.0,0.0,0.0,0.0
957778,0.0,0.0,0.0,0.0,0.0,1.0,0.0
958278,0.0,0.0,0.0,0.0,0.0,0.0,0.0
959124,0.0,0.0,0.0,0.0,0.0,1.0,0.0
959624,0.0,0.0,0.0,0.0,0.0,0.0,0.0
959962,0.0,0.0,0.0,0.0,0.0,1.0,0.0
960462,0.0,0.0,0.0,0.0,0.0,0.0,0.0
963102,0.0,0.0,0.0,0.0,0.0,1.0,0.0
963602,0.0,0.0,0.0,0.0,0.0,0.0,0.0
966281,0.0,0.0,0.0,0.0,0.0,1.0,0.0
966781,0.0,0.0,0.0,0.0,0.0,0.0,0.0
968763,0.0,0.0,0.0,0.0,0.0,1.0,0.0
969263,0.0,0.0,0.0,0.0,0.0,0.0,0.0
970911,0.0,0.0,0.0,0.0,0.0,1.0,0.0
971411,0.0,0.0,0.0,0.0,0.0,0.0,0.0
973468,0.0,0.0,0.0,0.0,0.0,1.0,0.0
973968,0.0,0.0,0.0,0.0,0.0,0.0,0.0
975346,0.0,0.0,0.0,0.0,0.0,1.0,0.0
975846,0.0,0.0,0.0,0.0,0.0,0.0,0.0
977734,0.0,0.0,0.0,0.0,0.0,1.0,0.0
978234,0.0,0.0,0.0,0.0,0.0,0.0,0.0
979833,0.0,0.0,0.0,0.0,0.0,1.0,0.0
980333,0.0,0.0,0.0,0.0,0.0,0.0,0.0
980462,0.0,0.0,0.0,0.0,0.0,1.0,0.0
980962,0.0,0.0,0.0,0.0,0.0,0.0,0.0
981299,0.0,0.0,0.0,0.0,0.0,1.0,0.0
981799,0.0,0.0,0.0,0.0,0.0,0.0,0.0
983007,0.0,0.0,0.0,0.0,0.0,1.0,0.0
983507,0.0,0.0,0.0,0.0,0.0,0.0,0.0
984426,0.0,0.0,0.0,0.0,0.0,1.0,0.0
984611,0.0,0.0,0.0,0.0,1.0,1.0,0.0
984926,0.0,0.0,0.0,0.0,1.0,0.0,0.0
985111,0.0,0.0,0.0,0.0,0.0,0.0,0.0
985355,0.0,0.0,0.0,0.0,0.0,1.0,0.0
985788,0.0,0.0,0.0,0.0,0.0,2.0,0.0
986288,0.0,0.0,0.0,0.0,0.0,0.0,0.0
986384,0.0,0.0,0.0,0.0,0.0,1.0,0.0
986884,0.0,0.0,0.0,0.0,0.0,0.0,0.0
987843,0.0,0.0,0.0,0.0,1.0,0.0,0.0
988343,0.0,0.0,0.0,0.0,0.0,0.0,0.0
990902,0.0,0.0,0.0,0.0,0.0,1.0,0.0
991402,0.0,0.0,0.0,0.0,0.0,0.0,0.0
992048,0.0,0.0,0.0,0.0,0.0,1.0,0.0
992548,0.0,0.0,0.0,0.0,0.0,0.0,0.0
998693,0.0,0.0,0.0,0.0,0.0,1.0,0.0
999193,0.0,0.0,0.0,0.0,0.0,0.0,0.0
1001645,0.0,0.0,0.0,0.0,0.0,1.0,0.0
1002145,0.0,0.0,0.0,0.0,0.0,0.0,0.0
1003048,0.0,0.0,0.0,0.0,0.0,1.0,0.0
1003548,0.0,0.0,0.0,0.0,0.0,0.0,0.0
1003650,0.0,0.0,0.0,0.0,1.0,0.0,0.0
1003651,0.0,0.0,0.0,0.0,2.0,0.0,0.0
1003885,0.0,0.0,0.0,0.0,2.0,1.0,0.0
1003886,0.0,0.0,0.0,0.0,2.0,2.0,0.0
1004151,0.0,0.0,0.0,0.0,0.0,2.0,0.0
1004386,0.0,0.0,0.0,0.0,0.0,0.0,0.0
1005645,0.0,0.0,0.0,0.0,1.0,0.0,0.0
1006145,0.0,0.0,0.0,0.0,0.0,0.0,0.0
1006250,0.0,0.0,0.0,0.0,1.0,0.0,0.0
1006750,0.0,0.0,0.0,0.0,0.0,0.0,0.0
1008406,0.0,0.0,0.0,0.0,1.0,0.0,0.0
1008906,0.0,0.0,0.0,0.0,0.0,0.0,0.0
1009000,0.0,0.0,0.0,0.0,0.0,0.0,1.0
1009500,0.0,0.0,0.0,0.0,0.0,0.0,0.0
1009566,0.0,0.0,0.0,0.0,0.0,1.0,0.0
1009618,0.0,0.0,0.0,0.0,0.0,2.0,0.0
1009785,0.0,0.0,0.0,0.0,1.0,2.0,0.0
1009791,2.0,0.0,0.0,0.0,1.0,2.0,0.0
1009809,2.0,0.0,0.0,0.0,2.0,2.0,0.0
1009886,2.0,2.0,0.0,0.0,2.0,2.0,0.0
1010118,2.0,2.0,0.0,0.0,2.0,0.0,0.0
1010151,2.0,2.0,0.0,0.0,2.0,1.0,0.0
1010197,2.0,2.0,0.0,0.0,2.0,2.0,0.0
1010291,0.0,2.0,0.0,0.0,2.0,2.0,0.0
1010309,0.0,2.0,0.0,0.0,0.0,2.0,0.0
1010386,0.0,0.0,0.0,0.0,0.0,2.0,0.0
1010495,2.0,0.0,0.0,0.0,0.0,2.0,0.0
1010697,2.0,0.0,0.0,0.0,0.0,0.0,0.0
1010995,0.0,0.0,0.0,0.0,0.0,0.0,0.0
1011409,0.0,0.0,0.0,0.0,0.0,1.0,0.0
1011411,0.0,0.0,0.0,0.0,0.0,2.0,0.0
1011413,0.0,0.0,0.0,0.0,1.0,2.0,0.0
1011906,0.0,0.0,1.0,0.0,1.0,2.0,0.0
1011911,0.0,0.0,1.0,0.0,1.0,0.0,0.0
1011913,0.0,0.0,1.0,0.0,0.0,0.0,0.0
1012673,0.0,0.0,1.0,0.0,0.0,1.0,0.0
1012924,0.0,0.0,1.0,0.0,0.0,2.0,0.0
1013424,0.0,0.0,1.0,0.0,0.0,0.0,0.0
1013787,0.0,0.0,1.0,0.0,0.0,1.0,0.0
1013796,0.0,0.0,1.0,0.0,0.0,2.0,0.0
1014567,0.0,0.0,2.0,0.0,0.0,2.0,0.0
1014796,0.0,0.0,2.0,0.0,0.0,0.0,0.0
1014966,0.0,0.0,2.0,0.0,0.0,1.0,0.0
1015067,0.0,0.0,0.0,0.0,0.0,1.0,0.0
1015073,0.0,0.0,1.0,0.0,0.0,1.0,0.0
1015466,0.0,0.0,1.0,0.0,0.0,0.0,0.0
1015483,0.0,0.0,1.0,0.0,0.0,1.0,0.0
1015573,0.0,0.0,0.0,0.0,0.0,1.0,0.0
1015983,0.0,0.0,0.0,0.0,0.0,0.0,0.0
1016000,0.0,0.0,0.0,0.0,0.0,1.0,0.0
1016500,0.0,0.0,0.0,0.0,0.0,0.0,0.0
1019030,0.0,0.0,0.0,0.0,0.0,1.0,0.0
1019530,0.0,0.0,0.0,0.0,0.0,0.0,0.0
1019926,0.0,0.0,0.0,0.0,0.0,1.0,0.0
1020426,0.0,0.0,0.0,0.0,0.0,0.0,0.0
1020451,0.0,0.0,1.0,0.0,0.0,0.0,0.0
1020595,0.0,0.0,1.0,0.0,0.0,1.0,0.0
1020598,0.0,0.0,1.0,0.0,0.0,2.0,0.0
1021098,0.0,0.0,1.0,0.0,0.0,0.0,0.0
1021377,0.0,0.0,1.0,0.0,0.0,1.0,0.0
1021451,0.0,0.0,0.0,0.0,0.0,1.0,0.0
1021877,0.0,0.0,0.0,0.0,0.0,0.0,0.0
1022250,0.0,0.0,0.0,0.0,0.0,1.0,0.0
1022750,0.0,0.0,0.0,0.0,0.0,0.0,0.0
1023899,0.0,0.0,0.0,0.0,0.0,1.0,0.0
1023902,0.0,0.0,0.0,0.0,0.0,2.0,0.0
1023907,0.0,0.0,0.0,0.0,1.0,2.0,0.0
1024402,0.0,0.0,0.0,0.0,1.0,0.0,0.0
1024407,0.0,0.0,0.0,0.0,0.0,0.0,0.0
1024466,0.0,0.0,0.0,0.0,0.0,1.0,0.0
1024657,0.0,0.0,0.0,0.0,0.0,2.0,0.0
1025157,0.0,0.0,0.0,0.0,0.0,0.0,0.0
1025550,0.0,0.0,0.0,0.0,0.0,1.0,0.0
1026050,0.0,0.0,0.0,0.0,0.0,0.0,0.0
1026393,0.0,0.0,0.0,0.0,0.0,1.0,0.0
1026654,0.0,0.0,0.0,0.0,0.0,2.0,0.0
1027154,0.0,0.0,0.0,0.0,0.0,0.0,0.0
1027551,0.0,0.0,0.0,0.0,0.0,1.0,0.0
1027555,0.0,0.0,0.0,0.0,0.0,2.0,0.0
1028055,0.0,0.0,0.0,0.0,0.0,0.0,0.0
1028255,0.0,0.0,0.0,0.0,0.0,1.0,0.0
1028293,0.0,0.0,0.0,0.0,0.0,2.0,0.0
1028793,0.0,0.0,0.0,0.0,0.0,0.0,0.0
1029464,0.0,0.0,0.0,0.0,0.0,1.0,0.0
1029763,0.0,0.0,0.0,0.0,0.0,2.0,0.0
1030104,0.0,0.0,0.0,0.0,1.0,2.0,0.0
1030263,0.0,0.0,0.0,0.0,1.0,0.0,0.0
1030300,0.0,0.0,0.0,0.0,2.0,0.0,0.0
1030800,0.0,0.0,0.0,0.0,0.0,0.0,0.0
1031181,0.0,0.0,0.0,0.0,0.0,1.0,0.0
1031185,0.0,0.0,0.0,0.0,0.0,2.0,0.0
1031685,0.0,0.0,0.0,0.0,0.0,1.0,0.0
1031687,0.0,0.0,0.0,0.0,0.0,2.0,0.0
1032187,0.0,0.0,0.0,0.0,0.0,0.0,0.0
1032702,0.0,0.0,0.0,0.0,0.0,1.0,0.0
1033068,0.0,0.0,0.0,0.0,0.0,2.0,0.0
1033568,0.0,0.0,0.0,0.0,0.0,0.0,0.0
1033833,0.0,0.0,0.0,0.0,0.0,1.0,0.0
1034333,0.0,0.0,0.0,0.0,0.0,0.0,0.0
1034457,0.0,0.0,0.0,0.0,0.0,1.0,0.0
1034957,0.0,0.0,0.0,0.0,0.0,0.0,0.0
1035471,0.0,0.0,0.0,0.0,0.0,1.0,0.0
1035971,0.0,0.0,0.0,0.0,0.0,0.0,0.0
1035976,0.0,0.0,0.0,0.0,0.0,1.0,0.0
1036033,0.0,0.0,0.0,0.0,0.0,2.0,0.0
1036533,0.0,0.0,0.0,0.0,0.0,0.0,0.0
1037538,0.0,0.0,0.0,0.0,0.0,1.0,0.0
1038038,0.0,0.0,0.0,0.0,0.0,0.0,0.0
1038867,0.0,0.0,0.0,0.0,0.0,1.0,0.0
1039017,0.0,0.0,0.0,0.0,0.0,2.0,0.0
1039517,0.0,0.0,0.0,0.0,0.0,0.0,0.0
1039813,0.0,0.0,0.0,0.0,0.0,1.0,0.0
1039815,0.0,0.0,0.0,0.0,0.0,2.0,0.0
1040315,0.0,0.0,0.0,0.0,0.0,0.0,0.0
1041010,0.0,0.0,0.0,0.0,0.0,1.0,0.0
1041510,0.0,0.0,0.0,0.0,0.0,0.0,0.0
1043422,0.0,0.0,0.0,0.0,0.0,1.0,0.0
1043424,0.0,0.0,0.0,0.0,0.0,2.0,0.0
1043617,0.0,0.0,0.0,0.0,1.0,2.0,0.0
1043924,0.0,0.0,0.0,0.0,1.0,0.0,0.0
1044117,0.0,0.0,0.0,0.0,0.0,0.0,0.0
1044204,0.0,0.0,0.0,0.0,0.0,1.0,0.0
1044704,0.0,0.0,0.0,0.0,0.0,0.0,0.0
1045091,0.0,0.0,0.0,0.0,0.0,1.0,0.0
1045591,0.0,0.0,0.0,0.0,0.0,0.0,0.0
1046165,0.0,0.0,0.0,0.0,0.0,1.0,0.0
1046176,0.0,0.0,0.0,0.0,0.0,2.0,0.0
1046676,0.0,0.0,0.0,0.0,0.0,0.0,0.0
1047250,0.0,0.0,0.0,0.0,0.0,1.0,0.0
1047750,0.0,0.0,0.0,0.0,0.0,0.0,0.0
1048716,0.0,0.0,0.0,0.0,0.0,1.0,0.0
1049216,0.0,0.0,0.0,0.0,0.0,0.0,0.0
1049552,0.0,0.0,0.0,0.0,0.0,1.0,0.0
1049595,0.0,0.0,0.0,0.0,0.0,2.0,0.0
1050095,0.0,0.0,0.0,0.0,0.0,0.0,0.0
1050800,0.0,0.0,0.0,0.0,0.0,1.0,0.0
1050806,0.0,0.0,0.0,0.0,0.0,2.0,0.0
1051306,0.0,0.0,0.0,0.0,0.0,0.0,0.0
1051484,0.0,0.0,0.0,0.0,0.0,1.0,0.0
1051984,0.0,0.0,0.0,0.0,0.0,0.0,0.0
1052421,0.0,0.0,0.0,0.0,0.0,1.0,0.0
1052921,0.0,0.0,0.0,0.0,0.0,0.0,0.0
1053510,0.0,0.0,0.0,0.0,0.0,1.0,0.0
1053577,0.0,0.0,0.0,0.0,1.0,1.0,0.0
1053734,0.0,0.0,0.0,0.0,1.0,2.0,0.0
1054077,0.0,0.0,0.0,0.0,0.0,2.0,0.0
1054234,0.0,0.0,0.0,0.0,0.0,0.0,0.0
1054644,0.0,0.0,0.0,0.0,0.0,1.0,0.0
1055144,0.0,0.0,0.0,0.0,0.0,0.0,0.0
1055147,0.0,0.0,0.0,0.0,0.0,1.0,0.0
1055149,0.0,0.0,0.0,0.0,0.0,2.0,0.0
1055649,0.0,0.0,0.0,0.0,0.0,0.0,0.0
1056229,0.0,0.0,0.0,0.0,0.0,1.0,0.0
1056379,0.0,2.0,0.0,0.0,0.0,1.0,0.0
1056729,0.0,2.0,0.0,0.0,0.0,0.0,0.0
1056751,0.0,2.0,0.0,0.0,0.0,1.0,0.0
1056879,0.0,0.0,0.0,0.0,0.0,1.0,0.0
1057251,0.0,0.0,0.0,0.0,0.0,0.0,0.0
1057459,0.0,0.0,0.0,0.0,0.0,1.0,0.0
1057959,0.0,0.0,0.0,0.0,0.0,0.0,0.0
1059104,0.0,0.0,0.0,0.0,0.0,1.0,0.0
1059604,0.0,0.0,0.0,0.0,0.0,0.0,0.0
1060000,0.0,0.0,0.0,0.0,0.0,1.0,0.0
1060500,0.0,0.0,0.0,0.0,0.0,0.0,0.0
1060523,0.0,0.0,0.0,0.0,0.0,1.0,0.0
1061023,0.0,0.0,0.0,0.0,0.0,0.0,0.0
1061602,0.0,0.0,0.0,0.0,0.0,1.0,0.0
1062102,0.0,0.0,0.0,0.0,0.0,0.0,0.0
1062179,0.0,0.0,0.0,0.0,0.0,1.0,0.0
1062679,0.0,0.0,0.0,0.0,0.0,0.0,0.0
1064083,0.0,0.0,0.0,0.0,0.0,1.0,0.0
1064583,0.0,0.0,0.0,0.0,0.0,0.0,0.0
1064936,0.0,0.0,0.0,0.0,0.0,1.0,0.0
1065031,0.0,0.0,0.0,0.0,0.0,2.0,0.0
1065531,0.0,0.0,0.0,0.0,0.0,0.0,0.0
1065948,0.0,0.0,0.0,0.0,0.0,1.0,0.0
1065953,0.0,0.0,0.0,0.0,0.0,2.0,0.0
1066453,0.0,0.0,0.0,0.0,0.0,0.0,0.0
1066862,0.0,0.0,0.0,0.0,0.0,1.0,0.0
1067362,0.0,0.0,0.0,0.0,0.0,0.0,0.0
1067432,0.0,0.0,0.0,0.0,0.0,1.0,0.0
1067932,0.0,0.0,0.0,0.0,0.0,0.0,0.0
1068137,0.0,0.0,0.0,0.0,0.0,1.0,0.0
1068261,0.0,0.0,0.0,0.0,0.0,2.0,0.0
1068761,0.0,0.0,0.0,0.0,0.0,0.0,0.0
1070570,0.0,0.0,0.0,0.0,0.0,1.0,0.0
1071070,0.0,0.0,0.0,0.0,0.0,0.0,0.0
1071746,0.0,0.0,0.0,0.0,0.0,1.0,0.0
1072246,0.0,0.0,0.0,0.0,0.0,0.0,0.0
1072319,0.0,0.0,0.0,0.0,0.0,1.0,0.0
1072819,0.0,0.0,0.0,0.0,0.0,0.0,0.0
1074456,0.0,0.0,0.0,0.0,0.0,1.0,0.0
1074956,0.0,0.0,0.0,0.0,0.0,0.0,0.0
1075095,0.0,0.0,0.0,0.0,0.0,1.0,0.0
1075579,0.0,0.0,0.0,0.0,0.0,2.0,0.0
1076079,0.0,0.0,0.0,0.0,0.0,0.0,0.0
1076760,0.0,0.0,0.0,0.0,0.0,1.0,0.0
1077260,0.0,0.0,0.0,0.0,0.0,0.0,0.0
1077287,0.0,0.0,0.0,0.0,0.0,1.0,0.0
1077787,0.0,0.0,0.0,0.0,0.0,0.0,0.0
1077794,0.0,0.0,0.0,0.0,0.0,1.0,0.0
1078294,0.0,0.0,0.0,0.0,0.0,0.0,0.0
1078743,0.0,0.0,0.0,0.0,0.0,1.0,0.0
1079243,0.0,0.0,0.0,0.0,0.0,0.0,0.0
1079340,0.0,0.0,0.0,0.0,0.0,1.0,0.0
1079405,0.0,0.0,0.0,0.0,0.0,2.0,0.0
1079905,0.0,0.0,0.0,0.0,0.0,0.0,0.0
1080321,0.0,0.0,0.0,0.0,0.0,1.0,0.0
1080323,0.0,0.0,0.0,0.0,0.0,2.0,0.0
1080823,0.0,0.0,0.0,0.0,0.0,0.0,0.0
1081157,0.0,0.0,0.0,0.0,0.0,1.0,0.0
1081159,0.0,0.0,0.0,0.0,0.0,2.0,0.0
1081357,0.0,2.0,0.0,0.0,0.0,2.0,0.0
1081659,0.0,2.0,0.0,0.0,0.0,0.0,0.0
1081857,0.0,0.0,0.0,0.0,0.0,0.0,0.0
1081980,0.0,0.0,0.0,0.0,0.0,1.0,0.0
1082030,0.0,0.0,0.0,0.0,1.0,1.0,0.0
1082480,0.0,0.0,0.0,0.0,1.0,0.0,0.0
1083415,0.0,0.0,0.0,0.0,1.0,1.0,0.0
1083915,0.0,0.0,0.0,0.0,1.0,0.0,0.0
1084045,0.0,0.0,0.0,0.0,1.0,1.0,0.0
1084052,0.0,0.0,0.0,0.0,1.0,2.0,0.0
1084552,0.0,0.0,0.0,0.0,1.0,0.0,0.0
1084970,0.0,0.0,0.0,0.0,1.0,1.0,0.0
1085030,0.0,0.0,0.0,0.0,0.0,1.0,0.0
1085051,0.0,0.0,0.0,0.0,1.0,1.0,0.0
1085264,0.0,0.0,0.0,0.0,1.0,2.0,0.0
1085551,0.0,0.0,0.0,0.0,0.0,2.0,0.0
1085764,0.0,0.0,0.0,0.0,0.0,0.0,0.0
1085796,0.0,0.0,0.0,0.0,0.0,1.0,0.0
1086296,0.0,0.0,0.0,0.0,0.0,0.0,0.0
1087390,0.0,0.0,0.0,0.0,0.0,1.0,0.0
1087392,0.0,0.0,0.0,0.0,0.0,2.0,0.0
1087892,0.0,0.0,0.0,0.0,0.0,0.0,0.0
1088156,0.0,0.0,0.0,0.0,0.0,1.0,0.0
1088515,0.0,0.0,0.0,0.0,0.0,2.0,0.0
1089015,0.0,0.0,0.0,0.0,0.0,0.0,0.0
1089321,0.0,0.0,0.0,0.0,0.0,1.0,0.0
1089821,0.0,0.0,0.0,0.0,0.0,0.0,0.0
1090055,0.0,0.0,0.0,0.0,0.0,1.0,0.0
1090440,0.0,0.0,0.0,0.0,0.0,2.0,0.0
1090940,0.0,0.0,0.0,0.0,0.0,0.0,0.0
1091361,0.0,0.0,0.0,0.0,0.0,1.0,0.0
1091861,0.0,0.0,0.0,0.0,0.0,0.0,0.0
1092030,0.0,0.0,0.0,0.0,0.0,1.0,0.0
1092530,0.0,0.0,0.0,0.0,0.0,0.0,0.0
1092864,0.0,0.0,0.0,0.0,0.0,1.0,0.0
1092991,0.0,0.0,0.0,0.0,0.0,2.0,0.0
1093491,0.0,0.0,0.0,0.0,0.0,0.0,0.0
1094037,0.0,0.0,0.0,0.0,0.0,1.0,0.0
1094537,0.0,0.0,0.0,0.0,0.0,0.0,0.0
1094565,0.0,0.0,0.0,0.0,0.0,1.0,0.0
1095065,0.0,0.0,0.0,0.0,0.0,0.0,0.0
1095224,0.0,0.0,0.0,0.0,0.0,1.0,0.0
1095724,0.0,0.0,0.0,0.0,0.0,0.0,0.0
1096680,0.0,0.0,0.0,0.0,0.0,1.0,0.0
1096693,0.0,0.0,0.0,0.0,0.0,2.0,0.0
1097193,0.0,0.0,0.0,0.0,0.0,0.0,0.0
1097756,0.0,0.0,0.0,0.0,0.0,1.0,0.0
1098256,0.0,0.0,0.0,0.0,0.0,0.0,0.0
1098882,0.0,0.0,0.0,0.0,0.0,1.0,0.0
1098889,0.0,0.0,0.0,0.0,0.0,2.0,0.0
1099389,0.0,0.0,0.0,0.0,0.0,0.0,0.0
1099421,0.0,0.0,0.0,0.0,0.0,1.0,0.0
1099470,0.0,2.0,0.0,0.0,0.0,1.0,0.0
1099567,0.0,2.0,0.0,0.0,0.0,2.0,0.0
1099970,0.0,0.0,0.0,0.0,0.0,2.0,0.0
1100067,0.0,0.0,0.0,0.0,0.0,0.0,0.0
1100331,0.0,0.0,0.0,0.0,0.0,1.0,0.0
1100831,0.0,0.0,0.0,0.0,0.0,0.0,0.0
1101391,0.0,0.0,0.0,0.0,0.0,1.0,0.0
1101891,0.0,0.0,0.0,0.0,0.0,0.0,0.0
1101895,0.0,0.0,0.0,0.0,0.0,1.0,0.0
1102395,0.0,0.0,0.0,0.0,0.0,0.0,0.0
1103691,0.0,0.0,0.0,0.0,0.0,1.0,0.0
1104191,0.0,0.0,0.0,0.0,0.0,0.0,0.0
1105096,0.0,0.0,0.0,0.0,0.0,1.0,0.0
1105596,0.0,0.0,0.0,0.0,0.0,0.0,0.0
1105957,0.0,0.0,0.0,0.0,0.0,1.0,0.0
1105962,0.0,0.0,0.0,0.0,0.0,2.0,0.0
1106462,0.0,0.0,0.0,0.0,0.0,0.0,0.0
1106764,0.0,0.0,0.0,0.0,0.0,1.0,0.0
1107264,0.0,0.0,0.0,0.0,0.0,0.0,0.0
1108134,0.0,0.0,0.0,0.0,0.0,1.0,0.0
1108634,0.0,0.0,0.0,0.0,0.0,0.0,0.0
1108985,0.0,0.0,0.0,0.0,0.0,1.0,0.0
1109485,0.0,0.0,0.0,0.0,0.0,0.0,0.0
1109613,0.0,0.0,0.0,0.0,0.0,1.0,0.0
1109615,0.0,0.0,0.0,0.0,0.0,2.0,0.0
1110115,0.0,0.0,0.0,0.0,0.0,0.0,0.0
1112061,0.0,0.0,0.0,0.0,0.0,1.0,0.0
1112063,0.0,0.0,0.0,0.0,0.0,2.0,0.0
1112563,0.0,0.0,0.0,0.0,0.0,0.0,0.0
1114436,0.0,0.0,0.0,0.0,0.0,1.0,0.0
1114936,0.0,0.0,0.0,0.0,0.0,0.0,0.0
1117354,0.0,0.0,0.0,0.0,0.0,1.0,0.0
1117363,0.0,0.0,0.0,0.0,0.0,2.0,0.0
1117368,0.0,0.0,0.0,0.0,1.0,2.0,0.0
1117863,0.0,0.0,0.0,0.0,1.0,0.0,0.0
1117868,0.0,0.0,0.0,0.0,0.0,0.0,0.0
1119488,0.0,0.0,0.0,0.0,0.0,1.0,0.0
1119988,0.0,0.0,0.0,0.0,0.0,0.0,0.0
1123603,0.0,0.0,0.0,0.0,0.0,1.0,0.0
1123604,0.0,0.0,0.0,0.0,0.0,2.0,0.0
1124104,0.0,0.0,0.0,0.0,0.0,0.0,0.0
1124695,0.0,0.0,0.0,0.0,1.0,0.0,0.0
1124817,0.0,0.0,0.0,0.0,1.0,1.0,0.0
1125195,0.0,0.0,0.0,0.0,0.0,1.0,0.0
1125317,0.0,0.0,0.0,0.0,0.0,0.0,0.0
1128367,0.0,0.0,0.0,0.0,0.0,1.0,0.0
1128867,0.0,0.0,0.0,0.0,0.0,0.0,0.0
1129389,0.0,0.0,0.0,0.0,0.0,1.0,0.0
1129889,0.0,0.0,0.0,0.0,0.0,0.0,0.0
1135292,0.0,0.0,0.0,0.0,0.0,1.0,0.0
1135792,0.0,0.0,0.0,0.0,0.0,0.0,0.0
1138169,0.0,0.0,0.0,0.0,0.0,1.0,0.0
1138669,0.0,0.0,0.0,0.0,0.0,0.0,0.0
1140862,0.0,0.0,0.0,0.0,0.0,1.0,0.0
1141362,0.0,0.0,0.0,0.0,0.0,0.0,0.0
1145439,0.0,0.0,0.0,0.0,0.0,1.0,0.0
1145939,0.0,0.0,0.0,0.0,0.0,0.0,0.0
1146859,0.0,0.0,0.0,0.0,0.0,1.0,0.0
1147359,0.0,0.0,0.0,0.0,0.0,0.0,0.0
1156795,0.0,0.0,0.0,0.0,1.0,0.0,0.0
1157295,0.0,0.0,0.0,0.0,0.0,0.0,0.0
1157463,0.0,0.0,0.0,0.0,0.0,1.0,0.0
1157963,0.0,0.0,0.0,0.0,0.0,0.0,0.0
1158932,0.0,0.0,0.0,0.0,0.0,1.0,0.0
1159432,0.0,0.0,0.0,0.0,0.0,0.0,0.0
1159728,0.0,0.0,0.0,0.0,0.0,1.0,0.0
1159730,0.0,0.0,0.0,0.0,0.0,2.0,0.0
1160230,0.0,0.0,0.0,0.0,0.0,0.0,0.0
1160300,0.0,0.0,0.0,0.0,0.0,1.0,0.0
1160800,0.0,0.0,0.0,0.0,0.0,0.0,0.0
1162079,0.0,0.0,0.0,0.0,0.0,1.0,0.0
1162579,0.0,0.0,0.0,0.0,0.0,0.0,0.0
1162742,0.0,0.0,0.0,0.0,0.0,1.0,0.0
1163242,0.0,0.0,0.0,0.0,0.0,0.0,0.0
1163743,0.0,0.0,0.0,0.0,0.0,1.0,0.0
1164243,0.0,0.0,0.0,0.0,0.0,0.0,0.0
1164899,0.0,0.0,0.0,0.0,0.0,1.0,0.0
1165399,0.0,0.0,0.0,0.0,0.0,0.0,0.0
1166015,0.0,0.0,0.0,0.0,0.0,1.0,0.0
1166515,0.0,0.0,0.0,0.0,0.0,0.0,0.0
1167234,0.0,0.0,0.0,0.0,0.0,1.0,0.0
1167734,0.0,0.0,0.0,0.0,0.0,0.0,0.0
1168436,0.0,0.0,0.0,0.0,0.0,1.0,0.0
1168936,0.0,0.0,0.0,0.0,0.0,0.0,0.0
1170522,0.0,0.0,0.0,0.0,0.0,1.0,0.0
1171022,0.0,0.0,0.0,0.0,0.0,0.0,0.0
1174408,0.0,0.0,0.0,0.0,0.0,1.0,0.0
1174908,0.0,0.0,0.0,0.0,0.0,0.0,0.0
1175721,0.0,0.0,0.0,0.0,0.0,1.0,0.0
1176221,0.0,0.0,0.0,0.0,0.0,0.0,0.0
1177260,0.0,0.0,0.0,0.0,1.0,1.0,0.0
1177760,0.0,0.0,0.0,0.0,0.0,0.0,0.0
1179576,0.0,0.0,0.0,0.0,0.0,1.0,0.0
1180076,0.0,0.0,0.0,0.0,0.0,0.0,0.0
1183127,0.0,0.0,0.0,0.0,0.0,1.0,0.0
1183627,0.0,0.0,0.0,0.0,0.0,0.0,0.0
1185521,0.0,0.0,0.0,0.0,0.0,1.0,0.0
1186021,0.0,0.0,0.0,0.0,0.0,0.0,0.0
1186530,0.0,0.0,0.0,0.0,0.0,1.0,0.0
1187030,0.0,0.0,0.0,0.0,0.0,0.0,0.0
1187049,0.0,0.0,0.0,0.0,0.0,1.0,0.0
1187549,0.0,0.0,0.0,0.0,0.0,0.0,0.0
1188874,0.0,0.0,0.0,0.0,0.0,1.0,0.0
1188933,0.0,0.0,0.0,0.0,0.0,2.0,0.0
1189433,0.0,0.0,0.0,0.0,0.0,0.0,0.0
1190693,0.0,0.0,0.0,0.0,0.0,1.0,0.0
1191193,0.0,0.0,0.0,0.0,0.0,0.0,0.0
1194140,0.0,0.0,0.0,0.0,0.0,1.0,0.0
1194640,0.0,0.0,0.0,0.0,0.0,0.0,0.0
1196372,0.0,0.0,0.0,0.0,0.0,1.0,0.0
1196872,0.0,0.0,0.0,0.0,0.0,0.0,0.0
1197887,0.0,0.0,0.0,0.0,0.0,1.0,0.0
1198387,0.0,0.0,0.0,0.0,0.0,0.0,0.0
1198841,0.0,0.0,0.0,0.0,0.0,1.0,0.0
1199187,0.0,0.0,0.0,0.0,0.0,2.0,0.0
1199687,0.0,0.0,0.0,0.0,0.0,0.0,0.0
1201804,0.0,0.0,0.0,0.0,0.0,1.0,0.0
1201806,0.0,0.0,0.0,0.0,0.0,2.0,0.0
1202306,0.0,0.0,0.0,0.0,0.0,0.0,0.0
1204274,0.0,0.0,0.0,0.0,0.0,1.0,0.0
1204774,0.0,0.0,0.0,0.0,0.0,0.0,0.0
1206529,0.0,0.0,0.0,0.0,0.0,1.0,0.0
1207029,0.0,0.0,0.0,0.0,0.0,0.0,0.0
1209401,0.0,0.0,0.0,0.0,0.0,1.0,0.0
1209901,0.0,0.0,0.0,0.0,0.0,0.0,0.0
1210857,0.0,0.0,0.0,0.0,0.0,1.0,0.0
1211000,0.0,0.0,0.0,0.0,0.0,1.0,1.0
1211357,0.0,0.0,0.0,0.0,0.0,0.0,1.0
1211500,0.0,0.0,0.0,0.0,0.0,0.0,0.0
1211656,0.0,0.0,0.0,0.0,0.0,1.0,0.0
1211855,0.0,0.0,0.0,0.0,0.0,2.0,0.0
1211967,2.0,0.0,0.0,0.0,0.0,2.0,0.0
1211988,2.0,2.0,0.0,0.0,0.0,2.0,0.0
1211990,2.0,2.0,0.0,0.0,1.0,2.0,0.0
1212034,2.0,2.0,0.0,0.0,2.0,2.0,0.0
1212355,2.0,2.0,0.0,0.0,2.0,0.0,0.0
1212467,0.0,2.0,0.0,0.0,2.0,0.0,0.0
1212488,0.0,0.0,0.0,0.0,2.0,0.0,0.0
1212511,2.0,0.0,0.0,0.0,2.0,0.0,0.0
1212534,2.0,0.0,0.0,0.0,0.0,0.0,0.0
1212670,2.0,0.0,0.0,0.0,0.0,1.0,0.0
1213011,0.0,0.0,0.0,0.0,0.0,1.0,0.0
1213047,0.0,0.0,0.0,0.0,0.0,2.0,0.0
1213547,0.0,0.0,0.0,0.0,0.0,0.0,0.0
1213628,0.0,0.0,0.0,0.0,0.0,1.0,0.0
1214128,0.0,0.0,0.0,0.0,0.0,0.0,0.0
1214175,0.0,0.0,0.0,0.0,0.0,1.0,0.0
1214470,0.0,0.0,1.0,0.0,0.0,1.0,0.0
1214559,2.0,0.0,1.0,0.0,0.0,1.0,0.0
1214675,2.0,0.0,1.0,0.0,0.0,0.0,0.0
1214722,2.0,0.0,1.0,0.0,0.0,1.0,0.0
1214926,2.0,0.0,1.0,0.0,0.0,2.0,0.0
1215059,0.0,0.0,1.0,0.0,0.0,2.0,0.0
1215426,0.0,0.0,1.0,0.0,0.0,0.0,0.0
1215561,0.0,0.0,1.0,0.0,0.0,1.0,0.0
1215563,0.0,0.0,1.0,0.0,0.0,2.0,0.0
1216063,0.0,0.0,1.0,0.0,0.0,0.0,0.0
1216598,0.0,0.0,2.0,0.0,0.0,0.0,0.0
1217098,0.0,0.0,0.0,0.0,0.0,0.0,0.0
1217104,0.0,0.0,1.0,0.0,0.0,0.0,0.0
1217584,0.0,0.0,1.0,0.0,1.0,0.0,0.0
1217604,0.0,0.0,0.0,0.0,1.0,0.0,0.0
1218084,0.0,0.0,0.0,0.0,0.0,0.0,0.0
1218380,0.0,0.0,0.0,0.0,0.0,1.0,0.0
1218880,0.0,0.0,0.0,0.0,0.0,0.0,0.0
1218908,0.0,0.0,0.0,0.0,0.0,1.0,0.0
1218978,0.0,0.0,0.0,0.0,0.0,2.0,0.0
1219478,0.0,0.0,0.0,0.0,0.0,0.0,0.0
1220484,0.0,0.0,0.0,0.0,0.0,1.0,0.0
1220984,0.0,0.0,0.0,0.0,0.0,0.0,0.0
1221468,0.0,0.0,0.0,0.0,0.0,1.0,0.0
1221968,0.0,0.0,0.0,0.0,0.0,0.0,0.0
1223329,0.0,0.0,0.0,0.0,0.0,1.0,0.0
1223829,0.0,0.0,0.0,0.0,0.0,0.0,0.0
1224181,0.0,0.0,0.0,0.0,0.0,1.0,0.0
1224681,0.0,0.0,0.0,0.0,0.0,0.0,0.0
1224861,0.0,0.0,0.0,0.0,0.0,1.0,0.0
1224863,0.0,0.0,0.0,0.0,0.0,2.0,0.0
1225363,0.0,0.0,0.0,0.0,0.0,0.0,0.0
1225391,0.0,0.0,0.0,0.0,0.0,1.0,0.0
1225891,0.0,0.0,0.0,0.0,0.0,0.0,0.0
1225942,0.0,0.0,0.0,0.0,0.0,1.0,0.0
1226118,0.0,0.0,0.0,0.0,0.0,2.0,0.0
1226618,0.0,0.0,0.0,0.0,0.0,0.0,0.0
1226693,0.0,0.0,0.0,0.0,0.0,1.0,0.0
1227193,0.0,0.0,0.0,0.0,0.0,0.0,0.0
1228092,0.0,0.0,0.0,0.0,0.0,1.0,0.0
1228363,0.0,0.0,0.0,0.0,0.0,2.0,0.0
1228863,0.0,0.0,0.0,0.0,0.0,0.0,0.0
1229107,0.0,0.0,0.0,0.0,0.0,1.0,0.0
1229118,0.0,0.0,0.0,0.0,0.0,2.0,0.0
1229618,0.0,0.0,0.0,0.0,0.0,0.0,0.0
1229738,0.0,0.0,0.0,0.0,0.0,1.0,0.0
1230238,0.0,0.0,0.0,0.0,0.0,0.0,0.0
1231148,0.0,0.0,0.0,0.0,0.0,1.0,0.0
1231648,0.0,0.0,0.0,0.0,0.0,0.0,0.0
1231724,0.0,0.0,0.0,0.0,0.0,1.0,0.0
1231728,0.0,0.0,0.0,0.0,0.0,2.0,0.0
1232228,0.0,0.0,0.0,0.0,0.0,0.0,0.0
1232229,0.0,0.0,0.0,0.0,0.0,1.0,0.0
1232476,0.0,0.0,0.0,0.0,0.0,2.0,0.0
1232976,0.0,0.0,0.0,0.0,0.0,0.0,0.0
1234036,0.0,0.0,0.0,0.0,0.0,1.0,0.0
1234040,0.0,0.0,0.0,0.0,1.0,2.0,0.0
1234540,0.0,0.0,0.0,0.0,0.0,0.0,0.0
1235485,0.0,0.0,0.0,0.0,0.0,1.0,0.0
1235488,0.0,0.0,0.0,0.0,0.0,2.0,0.0
1235988,0.0,0.0,0.0,0.0,0.0,0.0,0.0
1236112,0.0,0.0,0.0,0.0,0.0,1.0,0.0
1236612,0.0,0.0,0.0,0.0,0.0,0.0,0.0
1236908,0.0,0.0,0.0,0.0,0.0,1.0,0.0
1236910,0.0,0.0,0.0,0.0,0.0,2.0,0.0
1237410,0.0,0.0,0.0,0.0,0.0,0.0,0.0
1237751,0.0,0.0,0.0,0.0,0.0,1.0,0.0
1238251,0.0,0.0,0.0,0.0,0.0,0.0,0.0
1239190,0.0,0.0,0.0,0.0,0.0,1.0,0.0
1239690,0.0,0.0,0.0,0.0,0.0,0.0,0.0
1240199,0.0,0.0,0.0,0.0,0.0,1.0,0.0
1240201,0.0,0.0,0.0,0.0,0.0,2.0,0.0
1240701,0.0,0.0,0.0,0.0,0.0,0.0,0.0
1241064,0.0,0.0,0.0,0.0,0.0,1.0,0.0
1241564,0.0,0.0,0.0,0.0,0.0,0.0,0.0
1241845,0.0,0.0,0.0,0.0,0.0,1.0,0.0
1242219,0.0,0.0,0.0,0.0,0.0,2.0,0.0
1242719,0.0,0.0,0.0,0.0,0.0,0.0,0.0
1242904,0.0,0.0,0.0,0.0,0.0,1.0,0.0
1242906,0.0,0.0,0.0,0.0,0.0,2.0,0.0
1243406,0.0,0.0,0.0,0.0,0.0,0.0,0.0
1243570,0.0,0.0,0.0,0.0,0.0,1.0,0.0
1244070,0.0,0.0,0.0,0.0,0.0,0.0,0.0
1244265,0.0,0.0,0.0,0.0,0.0,1.0,0.0
1244765,0.0,0.0,0.0,0.0,0.0,0.0,0.0
1244889,0.0,0.0,0.0,0.0,0.0,1.0,0.0
1245389,0.0,0.0,0.0,0.0,0.0,0.0,0.0
1245545,0.0,0.0,0.0,0.0,0.0,1.0,0.0
1246045,0.0,0.0,0.0,0.0,0.0,0.0,0.0
1246590,0.0,0.0,0.0,0.0,0.0,1.0,0.0
1247075,0.0,0.0,0.0,0.0,0.0,2.0,0.0
1247575,0.0,0.0,0.0,0.0,0.0,0.0,0.0
1248457,0.0,0.0,0.0,0.0,0.0,1.0,0.0
1248957,0.0,0.0,0.0,0.0,0.0,0.0,0.0
1249176,0.0,0.0,0.0,0.0,0.0,1.0,0.0
1249222,0.0,0.0,0.0,0.0,0.0,2.0,0.0
1249722,0.0,0.0,0.0,0.0,0.0,0.0,0.0
1250384,0.0,0.0,0.0,0.0,0.0,1.0,0.0
1250884,0.0,0.0,0.0,0.0,0.0,0.0,0.0
1251307,0.0,0.0,0.0,0.0,0.0,1.0,0.0
1251807,0.0,0.0,0.0,0.0,0.0,0.0,0.0
1252085,0.0,0.0,0.0,0.0,0.0,1.0,0.0
1252145,0.0,0.0,0.0,0.0,0.0,2.0,0.0
1252645,0.0,0.0,0.0,0.0,0.0,0.0,0.0
1252775,0.0,0.0,0.0,0.0,0.0,1.0,0.0
1253194,0.0,0.0,0.0,0.0,0.0,2.0,0.0
1253694,0.0,0.0,0.0,0.0,0.0,0.0,0.0
1253735,0.0,0.0,0.0,0.0,0.0,1.0,0.0
1254235,0.0,0.0,0.0,0.0,0.0,0.0,0.0
1254787,0.0,0.0,0.0,0.0,0.0,1.0,0.0
1254789,0.0,0.0,0.0,0.0,0.0,2.0,0.0
1255289,0.0,0.0,0.0,0.0,0.0,0.0,0.0
1255533,0.0,0.0,0.0,0.0,0.0,1.0,0.0
1255539,0.0,0.0,0.0,0.0,0.0,2.0,0.0
1256039,0.0,0.0,0.0,0.0,0.0,0.0,0.0
1256712,0.0,0.0,0.0,0.0,0.0,1.0,0.0
1257212,0.0,0.0,0.0,0.0,0.0,0.0,0.0
1257266,0.0,0.0,0.0,0.0,0.0,1.0,0.0
1257441,0.0,0.0,0.0,0.0,0.0,2.0,0.0
1257941,0.0,0.0,0.0,0.0,0.0,0.0,0.0
1258766,0.0,0.0,0.0,0.0,0.0,1.0,0.0
1259266,0.0,0.0,0.0,0.0,0.0,0.0,0.0
1259270,0.0,0.0,0.0,0.0,0.0,1.0,0.0
1259770,0.0,0.0,0.0,0.0,0.0,0.0,0.0
1260212,0.0,0.0,0.0,0.0,0.0,1.0,0.0
1260355,0.0,0.0,0.0,0.0,0.0,2.0,0.0
1260855,0.0,0.0,0.0,0.0,0.0,0.0,0.0
1261361,0.0,0.0,0.0,0.0,0.0,1.0,0.0
1261861,0.0,0.0,0.0,0.0,0.0,0.0,0.0
1262268,0.0,0.0,0.0,0.0,0.0,1.0,0.0
1262541,0.0,0.0,0.0,0.0,0.0,2.0,0.0
1263041,0.0,0.0,0.0,0.0,0.0,0.0,0.0
1263818,0.0,0.0,0.0,0.0,0.0,1.0,0.0
1263821,0.0,0.0,0.0,0.0,0.0,2.0,0.0
1264321,0.0,0.0,0.0,0.0,0.0,0.0,0.0
1265078,0.0,0.0,0.0,0.0,0.0,1.0,0.0
1265222,0.0,0.0,0.0,0.0,0.0,2.0,0.0
1265722,0.0,0.0,0.0,0.0,0.0,0.0,0.0
1265983,0.0,0.0,0.0,0.0,0.0,1.0,0.0
1266483,0.0,0.0,0.0,0.0,0.0,0.0,0.0
1267567,0.0,0.0,0.0,0.0,1.0,0.0,0.0
1267568,0.0,0.0,0.0,0.0,1.0,1.0,0.0
1267569,0.0,0.0,0.0,0.0,2.0,1.0,0.0
1268068,0.0,0.0,0.0,0.0,2.0,0.0,0.0
1268069,0.0,0.0,0.0,0.0,0.0,0.0,0.0
1268506,0.0,0.0,0.0,0.0,0.0,1.0,0.0
1269006,0.0,0.0,0.0,0.0,0.0,0.0,0.0
1269178,0.0,0.0,0.0,0.0,0.0,1.0,0.0
1269180,0.0,0.0,0.0,0.0,0.0,2.0,0.0
1269680,0.0,0.0,0.0,0.0,0.0,0.0,0.0
1270616,0.0,0.0,0.0,0.0,0.0,1.0,0.0
1271116,0.0,0.0,0.0,0.0,0.0,0.0,0.0
1271140,0.0,0.0,0.0,0.0,0.0,1.0,0.0
1271143,0.0,0.0,0.0,0.0,0.0,2.0,0.0
1271643,0.0,0.0,0.0,0.0,0.0,0.0,0.0
1272246,0.0,0.0,0.0,0.0,0.0,1.0,0.0
1272746,0.0,0.0,0.0,0.0,0.0,0.0,0.0
1273438,0.0,0.0,0.0,0.0,1.0,0.0,0.0
1273938,0.0,0.0,0.0,0.0,0.0,0.0,0.0
1275407,0.0,0.0,0.0,0.0,0.0,1.0,0.0
1275907,0.0,0.0,0.0,0.0,0.0,0.0,0.0
1277035,0.0,0.0,0.0,0.0,0.0,1.0,0.0
1277293,0.0,0.0,0.0,0.0,0.0,2.0,0.0
1277793,0.0,0.0,0.0,0.0,0.0,0.0,0.0
1277823,0.0,0.0,0.0,0.0,1.0,0.0,0.0
1277827,0.0,2.0,0.0,0.0,1.0,0.0,0.0
1277829,0.0,2.0,0.0,0.0,1.0,1.0,0.0
1278323,0.0,2.0,0.0,0.0,0.0,1.0,0.0
1278327,0.0,0.0,0.0,0.0,0.0,1.0,0.0
1278329,0.0,0.0,0.0,0.0,0.0,0.0,0.0
1278727,0.0,0.0,0.0,0.0,1.0,0.0,0.0
1279227,0.0,0.0,0.0,0.0,0.0,0.0,0.0
1279828,0.0,0.0,0.0,0.0,0.0,1.0,0.0
1280328,0.0,0.0,0.0,0.0,0.0,0.0,0.0
1280459,0.0,0.0,0.0,0.0,0.0,1.0,0.0
1280959,0.0,0.0,0.0,0.0,0.0,0.0,0.0
1281123,0.0,0.0,0.0,0.0,0.0,1.0,0.0
1281412,0.0,0.0,0.0,0.0,0.0,2.0,0.0
1281912,0.0,0.0,0.0,0.0,0.0,0.0,0.0
1282544,0.0,0.0,0.0,0.0,0.0,1.0,0.0
1283044,0.0,0.0,0.0,0.0,0.0,0.0,0.0
1283060,0.0,0.0,0.0,0.0,0.0,1.0,0.0
1283560,0.0,0.0,0.0,0.0,0.0,0.0,0.0
1284108,0.0,0.0,0.0,0.0,0.0,1.0,0.0
1284110,0.0,0.0,0.0,0.0,0.0,2.0,0.0
1284610,0.0,0.0,0.0,0.0,0.0,0.0,0.0
1284708,0.0,0.0,0.0,0.0,0.0,1.0,0.0
1284714,0.0,0.0,0.0,0.0,0.0,2.0,0.0
1285207,0.0,0.0,0.0,0.0,1.0,2.0,0.0
1285214,0.0,0.0,0.0,0.0,1.0,0.0,0.0
1285294,0.0,0.0,0.0,0.0,1.0,1.0,0.0
1285707,0.0,0.0,0.0,0.0,0.0,1.0,0.0
1285794,0.0,0.0,0.0,0.0,0.0,0.0,0.0
1286000,0.0,0.0,0.0,0.0,0.0,1.0,0.0
1286397,0.0,0.0,0.0,0.0,0.0,2.0,0.0
1286897,0.0,0.0,0.0,0.0,0.0,0.0,0.0
1287647,0.0,0.0,0.0,0.0,0.0,1.0,0.0
1288147,0.0,0.0,0.0,0.0,0.0,0.0,0.0
1288199,0.0,0.0,0.0,0.0,0.0,1.0,0.0
1288699,0.0,0.0,0.0,0.0,0.0,0.0,0.0
1288700,0.0,0.0,0.0,0.0,0.0,1.0,0.0
1289200,0.0,0.0,0.0,0.0,0.0,0.0,0.0
1289598,0.0,0.0,0.0,0.0,0.0,1.0,0.0
1289600,0.0,0.0,0.0,0.0,0.0,2.0,0.0
1290100,0.0,0.0,0.0,0.0,0.0,0.0,0.0
1290446,0.0,0.0,0.0,0.0,0.0,1.0,0.0
1290946,0.0,0.0,0.0,0.0,0.0,0.0,0.0
1291121,0.0,0.0,0.0,0.0,0.0,1.0,0.0
1291621,0.0,0.0,0.0,0.0,0.0,0.0,0.0
1292031,0.0,0.0,0.0,0.0,0.0,1.0,0.0
1292033,0.0,0.0,0.0,0.0,0.0,2.0,0.0
1292533,0.0,0.0,0.0,0.0,0.0,0.0,0.0
1292615,0.0,0.0,0.0,0.0,0.0,1.0,0.0
1292861,0.0,0.0,0.0,0.0,0.0,2.0,0.0
1293361,0.0,0.0,0.0,0.0,0.0,0.0,0.0
1294774,0.0,0.0,0.0,0.0,0.0,1.0,0.0
1295274,0.0,0.0,0.0,0.0,0.0,0.0,0.0
1296010,0.0,0.0,0.0,0.0,0.0,1.0,0.0
1296510,0.0,0.0,0.0,0.0,0.0,0.0,0.0
1296622,0.0,0.0,0.0,0.0,0.0,1.0,0.0
1297122,0.0,0.0,0.0,0.0,0.0,0.0,0.0
1297144,0.0,0.0,0.0,0.0,0.0,1.0,0.0
1297644,0.0,0.0,0.0,0.0,0.0,0.0,0.0
1298270,0.0,0.0,0.0,0.0,0.0,1.0,0.0
1298770,0.0,0.0,0.0,0.0,0.0,0.0,0.0
1298924,0.0,0.0,0.0,0.0,0.0,1.0,0.0
1298928,0.0,0.0,0.0,0.0,0.0,2.0,0.0
1299428,0.0,0.0,0.0,0.0,0.0,0.0,0.0
1299524,0.0,2.0,0.0,0.0,0.0,0.0,0.0
1299525,0.0,2.0,0.0,0.0,0.0,1.0,0.0
1300024,0.0,0.0,0.0,0.0,0.0,1.0,0.0
1300025,0.0,0.0,0.0,0.0,0.0,0.0,0.0
1300623,0.0,0.0,0.0,0.0,0.0,1.0,0.0
1301012,0.0,0.0,0.0,0.0,0.0,2.0,0.0
1301512,0.0,0.0,0.0,0.0,0.0,0.0,0.0
1301947,0.0,0.0,0.0,0.0,0.0,1.0,0.0
1302447,0.0,0.0,0.0,0.0,0.0,0.0,0.0
1302491,0.0,0.0,0.0,0.0,0.0,1.0,0.0
1302852,0.0,0.0,0.0,0.0,0.0,2.0,0.0
1303352,0.0,0.0,0.0,0.0,0.0,0.0,0.0
1303476,0.0,2.0,0.0,0.0,0.0,0.0,0.0
1303976,0.0,0.0,0.0,0.0,0.0,0.0,0.0
1304068,0.0,0.0,0.0,0.0,0.0,1.0,0.0
1304568,0.0,0.0,0.0,0.0,0.0,0.0,0.0
1305224,0.0,0.0,0.0,0.0,0.0,1.0,0.0
1305590,0.0,0.0,0.0,0.0,0.0,2.0,0.0
1306090,0.0,0.0,0.0,0.0,0.0,0.0,0.0
1306655,0.0,0.0,0.0,0.0,0.0,1.0,0.0
1306685,0.0,0.0,0.0,0.0,0.0,2.0,0.0
1307185,0.0,0.0,0.0,0.0,0.0,0.0,0.0
1307780,0.0,0.0,0.0,0.0,0.0,1.0,0.0
1308280,0.0,0.0,0.0,0.0,0.0,0.0,0.0
1308442,0.0,0.0,0.0,0.0,0.0,1.0,0.0
1308942,0.0,0.0,0.0,0.0,0.0,0.0,0.0
1308992,0.0,0.0,0.0,0.0,0.0,1.0,0.0
1309492,0.0,0.0,0.0,0.0,0.0,0.0,0.0
1310131,0.0,0.0,0.0,0.0,0.0,1.0,0.0
1310132,0.0,0.0,0.0,0.0,1.0,1.0,0.0
1310133,0.0,0.0,0.0,0.0,1.0,2.0,0.0
1310134,0.0,0.0,0.0,0.0,2.0,2.0,0.0
1310633,0.0,0.0,0.0,0.0,2.0,0.0,0.0
1310634,0.0,0.0,0.0,0.0,0.0,0.0,0.0
1310810,0.0,0.0,0.0,0.0,1.0,0.0,0.0
1311069,0.0,0.0,0.0,0.0,1.0,1.0,0.0
1311310,0.0,0.0,0.0,0.0,0.0,1.0,0.0
1311569,0.0,0.0,0.0,0.0,0.0,0.0,0.0
1311915,0.0,0.0,0.0,0.0,0.0,1.0,0.0
1312415,0.0,0.0,0.0,0.0,0.0,0.0,0.0
1320375,0.0,0.0,0.0,0.0,0.0,1.0,0.0
1320472,0.0,0.0,0.0,0.0,1.0,1.0,0.0
1320875,0.0,0.0,0.0,0.0,1.0,0.0,0.0
1320972,0.0,0.0,0.0,0.0,0.0,0.0,0.0
1330407,0.0,0.0,0.0,0.0,0.0,1.0,0.0
1330907,0.0,0.0,0.0,0.0,0.0,0.0,0.0
1330925,0.0,0.0,0.0,0.0,0.0,1.0,0.0
1330927,0.0,0.0,0.0,0.0,0.0,2.0,0.0
1331427,0.0,0.0,0.0,0.0,0.0,0.0,0.0
1332761,0.0,0.0,0.0,0.0,0.0,1.0,0.0
1333261,0.0,0.0,0.0,0.0,0.0,0.0,0.0
1336062,0.0,0.0,0.0,0.0,0.0,1.0,0.0
1336562,0.0,0.0,0.0,0.0,0.0,0.0,0.0
1338639,0.0,0.0,0.0,0.0,0.0,1.0,0.0
1339139,0.0,0.0,0.0,0.0,0.0,0.0,0.0
1339521,0.0,0.0,0.0,0.0,0.0,1.0,0.0
1340021,0.0,0.0,0.0,0.0,0.0,0.0,0.0
1340494,0.0,0.0,0.0,0.0,0.0,1.0,0.0
1340499,0.0,0.0,0.0,0.0,0.0,2.0,0.0
1340999,0.0,0.0,0.0,0.0,0.0,0.0,0.0
1341718,0.0,0.0,0.0,0.0,0.0,1.0,0.0
1341719,0.0,0.0,0.0,0.0,0.0,2.0,0.0
1342219,0.0,0.0,0.0,0.0,0.0,0.0,0.0
1342704,0.0,0.0,0.0,0.0,0.0,1.0,0.0
1343204,0.0,0.0,0.0,0.0,0.0,0.0,0.0
1344523,0.0,0.0,0.0,0.0,0.0,1.0,0.0
1345023,0.0,0.0,0.0,0.0,0.0,0.0,0.0
1347143,0.0,0.0,0.0,0.0,0.0,1.0,0.0
1347643,0.0,0.0,0.0,0.0,0.0,0.0,0.0
1348496,0.0,0.0,0.0,0.0,0.0,1.0,0.0
1348996,0.0,0.0,0.0,0.0,0.0,0.0,0.0
1349937,0.0,0.0,0.0,0.0,0.0,1.0,0.0
1350437,0.0,0.0,0.0,0.0,0.0,0.0,0.0
1353256,0.0,0.0,0.0,0.0,0.0,1.0,0.0
1353756,0.0,0.0,0.0,0.0,0.0,0.0,0.0
1355366,0.0,0.0,0.0,0.0,0.0,1.0,0.0
1355866,0.0,0.0,0.0,0.0,0.0,0.0,0.0
1356860,0.0,0.0,0.0,0.0,1.0,0.0,0.0
1357332,0.0,0.0,0.0,0.0,1.0,1.0,0.0
1357360,0.0,0.0,0.0,0.0,0.0,1.0,0.0
1357832,0.0,0.0,0.0,0.0,0.0,0.0,0.0
1362171,0.0,0.0,0.0,0.0,0.0,1.0,0.0
1362178,0.0,0.0,0.0,0.0,0.0,2.0,0.0
1362678,0.0,0.0,0.0,0.0,0.0,0.0,0.0
1364341,0.0,0.0,0.0,0.0,0.0,1.0,0.0
1364841,0.0,0.0,0.0,0.0,0.0,0.0,0.0
1371893,0.0,0.0,0.0,0.0,0.0,1.0,0.0
1372393,0.0,0.0,0.0,0.0,0.0,0.0,0.0
1377849,0.0,0.0,0.0,0.0,0.0,1.0,0.0
1378349,0.0,0.0,0.0,0.0,0.0,0.0,0.0
1381705,0.0,0.0,0.0,0.0,0.0,1.0,0.0
1382205,0.0,0.0,0.0,0.0,0.0,0.0,0.0
1382533,0.0,0.0,0.0,0.0,0.0,1.0,0.0
1383033,0.0,0.0,0.0,0.0,0.0,0.0,0.0
1386414,0.0,0.0,0.0,0.0,0.0,1.0,0.0
1386914,0.0,0.0,0.0,0.0,0.0,0.0,0.0
1388464,0.0,0.0,0.0,0.0,0.0,1.0,0.0
1388468,0.0,0.0,0.0,0.0,0.0,2.0,0.0
1388968,0.0,0.0,0.0,0.0,0.0,0.0,0.0
1389644,0.0,0.0,0.0,0.0,0.0,1.0,0.0
1390144,0.0,0.0,0.0,0.0,0.0,0.0,0.0
1390875,0.0,0.0,0.0,0.0,0.0,1.0,0.0
1390882,0.0,0.0,0.0,0.0,0.0,2.0,0.0
1391382,0.0,0.0,0.0,0.0,0.0,0.0,0.0
1401609,0.0,0.0,0.0,0.0,0.0,1.0,0.0
1402109,0.0,0.0,0.0,0.0,0.0,0.0,0.0
1405127,0.0,0.0,0.0,0.0,0.0,1.0,0.0
1405627,0.0,0.0,0.0,0.0,0.0,0.0,0.0
1410711,0.0,0.0,0.0,0.0,0.0,1.0,0.0
1411211,0.0,0.0,0.0,0.0,0.0,0.0,0.0
1411424,0.0,0.0,0.0,0.0,0.0,1.0,0.0
1411924,0.0,0.0,0.0,0.0,0.0,0.0,0.0
1412908,0.0,0.0,0.0,0.0,0.0,1.0,0.0
1413000,0.0,0.0,0.0,0.0,0.0,1.0,1.0
1413408,0.0,0.0,0.0,0.0,0.0,0.0,1.0
1413500,0.0,0.0,0.0,0.0,0.0,0.0,0.0
1413536,0.0,0.0,0.0,0.0,0.0,1.0,0.0
1413554,0.0,0.0,0.0,0.0,0.0,2.0,0.0
1413951,2.0,0.0,0.0,0.0,0.0,2.0,0.0
1414053,2.0,2.0,0.0,0.0,0.0,2.0,0.0
1414054,2.0,2.0,0.0,0.0,0.0,0.0,0.0
1414060,2.0,2.0,0.0,0.0,0.0,1.0,0.0
1414063,2.0,2.0,0.0,0.0,0.0,2.0,0.0
1414451,0.0,2.0,0.0,0.0,0.0,2.0,0.0
1414553,0.0,0.0,0.0,0.0,0.0,2.0,0.0
1414563,0.0,0.0,0.0,0.0,0.0,0.0,0.0
1414695,0.0,0.0,0.0,0.0,1.0,0.0,0.0
1414956,0.0,0.0,0.0,0.0,2.0,0.0,0.0
1415071,2.0,0.0,0.0,0.0,2.0,0.0,0.0
1415456,2.0,0.0,0.0,0.0,0.0,0.0,0.0
1415571,0.0,0.0,0.0,0.0,0.0,0.0,0.0
1416160,0.0,0.0,1.0,0.0,0.0,0.0,0.0
1416326,0.0,0.0,1.0,0.0,0.0,1.0,0.0
1416826,0.0,0.0,1.0,0.0,0.0,0.0,0.0
1417020,0.0,0.0,1.0,0.0,0.0,1.0,0.0
1417022,0.0,0.0,1.0,0.0,0.0,2.0,0.0
1417023,0.0,0.0,1.0,0.0,1.0,2.0,0.0
1417027,0.0,0.0,1.0,0.0,2.0,2.0,0.0
1417522,0.0,0.0,1.0,0.0,2.0,0.0,0.0
1417527,0.0,0.0,1.0,0.0,0.0,0.0,0.0
1417907,0.0,0.0,1.0,0.0,0.0,1.0,0.0
1418407,0.0,0.0,1.0,0.0,0.0,0.0,0.0
1419225,0.0,0.0,1.0,0.0,0.0,1.0,0.0
1419624,0.0,0.0,2.0,0.0,0.0,1.0,0.0
1419725,0.0,0.0,2.0,0.0,0.0,0.0,0.0
1420124,0.0,0.0,0.0,0.0,0.0,0.0,0.0
1420141,0.0,0.0,0.0,0.0,0.0,1.0,0.0
1420156,0.0,0.0,1.0,0.0,0.0,1.0,0.0
1420641,0.0,0.0,1.0,0.0,0.0,0.0,0.0
1420656,0.0,0.0,0.0,0.0,0.0,0.0,0.0
1420954,0.0,0.0,0.0,0.0,0.0,1.0,0.0
1420976,0.0,0.0,0.0,0.0,0.0,2.0,0.0
1421476,0.0,0.0,0.0,0.0,0.0,0.0,0.0
1422467,0.0,0.0,0.0,0.0,0.0,1.0,0.0
1422967,0.0,0.0,0.0,0.0,0.0,0.0,0.0
1423826,0.0,0.0,0.0,0.0,0.0,1.0,0.0
1424326,0.0,0.0,0.0,0.0,0.0,0.0,0.0
1424844,0.0,0.0,0.0,0.0,0.0,1.0,0.0
1424943,0.0,0.0,0.0,0.0,0.0,2.0,0.0
1425443,0.0,0.0,0.0,0.0,0.0,0.0,0.0
1426028,0.0,0.0,0.0,0.0,0.0,1.0,0.0
1426528,0.0,0.0,0.0,0.0,0.0,0.0,0.0
1427873,0.0,0.0,0.0,0.0,0.0,1.0,0.0
1428373,0.0,0.0,0.0,0.0,0.0,0.0,0.0
1428617,0.0,0.0,0.0,0.0,0.0,1.0,0.0
1428647,0.0,0.0,0.0,0.0,0.0,2.0,0.0
1429147,0.0,0.0,0.0,0.0,0.0,0.0,0.0
1429163,0.0,0.0,0.0,0.0,0.0,1.0,0.0
1429663,0.0,0.0,0.0,0.0,0.0,0.0,0.0
1429677,0.0,0.0,0.0,0.0,0.0,1.0,0.0
1430177,0.0,0.0,0.0,0.0,0.0,0.0,0.0
1430238,0.0,0.0,0.0,0.0,0.0,1.0,0.0
1430738,0.0,0.0,0.0,0.0,0.0,0.0,0.0
1430833,0.0,0.0,0.0,0.0,0.0,1.0,0.0
1431302,0.0,0.0,0.0,0.0,0.0,2.0,0.0
1431802,0.0,0.0,0.0,0.0,0.0,0.0,0.0
1431915,0.0,0.0,0.0,0.0,0.0,1.0,0.0
1432415,0.0,0.0,0.0,0.0,0.0,0.0,0.0
1432502,0.0,0.0,0.0,0.0,0.0,1.0,0.0
1432883,0.0,0.0,0.0,0.0,0.0,2.0,0.0
1433383,0.0,0.0,0.0,0.0,0.0,0.0,0.0
1434393,0.0,0.0,0.0,0.0,0.0,1.0,0.0
1434893,0.0,0.0,0.0,0.0,0.0,0.0,0.0
1435301,0.0,0.0,0.0,0.0,0.0,1.0,0.0
1435801,0.0,0.0,0.0,0.0,0.0,0.0,0.0
1435825,0.0,0.0,0.0,0.0,0.0,1.0,0.0
1436327,0.0,0.0,0.0,0.0,0.0,2.0,0.0
1436827,0.0,0.0,0.0,0.0,0.0,0.0,0.0
1437822,0.0,0.0,0.0,0.0,0.0,1.0,0.0
1438322,0.0,0.0,0.0,0.0,0.0,0.0,0.0
1438625,0.0,0.0,0.0,0.0,0.0,1.0,0.0
1439125,0.0,0.0,0.0,0.0,0.0,0.0,0.0
1439363,0.0,0.0,0.0,0.0,0.0,1.0,0.0
1439365,0.0,0.0,0.0,0.0,0.0,2.0,0.0
1439865,0.0,0.0,0.0,0.0,0.0,0.0,0.0
1440195,0.0,0.0,0.0,0.0,0.0,1.0,0.0
1440695,0.0,0.0,0.0,0.0,0.0,0.0,0.0
1441218,0.0,0.0,0.0,0.0,0.0,1.0,0.0
1441336,0.0,0.0,0.0,0.0,0.0,2.0,0.0
1441533,0.0,2.0,0.0,0.0,0.0,2.0,0.0
1441836,0.0,2.0,0.0,0.0,0.0,0.0,0.0
1442033,0.0,0.0,0.0,0.0,0.0,0.0,0.0
1442670,0.0,0.0,0.0,0.0,0.0,1.0,0.0
1442679,0.0,0.0,1.0,0.0,0.0,2.0,0.0
1443179,0.0,0.0,0.0,0.0,0.0,0.0,0.0
1443452,0.0,0.0,0.0,0.0,0.0,1.0,0.0
1443454,0.0,0.0,0.0,0.0,0.0,2.0,0.0
1443954,0.0,0.0,0.0,0.0,0.0,0.0,0.0
1444077,0.0,0.0,0.0,0.0,0.0,1.0,0.0
1444577,0.0,0.0,0.0,0.0,0.0,0.0,0.0
1445586,0.0,0.0,0.0,0.0,0.0,1.0,0.0
1446086,0.0,0.0,0.0,0.0,0.0,0.0,0.0
1446552,0.0,0.0,0.0,0.0,0.0,1.0,0.0
1446560,0.0,0.0,0.0,0.0,0.0,2.0,0.0
1446562,0.0,0.0,0.0,0.0,1.0,2.0,0.0
1447060,0.0,0.0,0.0,0.0,1.0,0.0,0.0
1447062,0.0,0.0,0.0,0.0,0.0,0.0,0.0
1447184,0.0,2.0,0.0,0.0,0.0,0.0,0.0
1447300,0.0,2.0,0.0,0.0,0.0,1.0,0.0
1447684,0.0,0.0,0.0,0.0,0.0,1.0,0.0
1447800,0.0,0.0,0.0,0.0,0.0,0.0,0.0
1448345,0.0,0.0,0.0,0.0,0.0,1.0,0.0
1448845,0.0,0.0,0.0,0.0,0.0,0.0,0.0
1449246,0.0,0.0,0.0,0.0,0.0,1.0,0.0
1449400,0.0,0.0,0.0,0.0,0.0,2.0,0.0
1449900,0.0,0.0,0.0,0.0,0.0,0.0,0.0
1449977,0.0,0.0,0.0,0.0,0.0,1.0,0.0
1449980,0.0,0.0,0.0,0.0,0.0,2.0,0.0
1450480,0.0,0.0,0.0,0.0,0.0,0.0,0.0
1450998,0.0,0.0,0.0,0.0,0.0,1.0,0.0
1451498,0.0,0.0,0.0,0.0,0.0,0.0,0.0
1451546,0.0,0.0,0.0,0.0,0.0,1.0,0.0
1451774,0.0,0.0,0.0,0.0,0.0,2.0,0.0
1452274,0.0,0.0,0.0,0.0,0.0,0.0,0.0
1452515,0.0,0.0,0.0,0.0,0.0,1.0,0.0
1452927,0.0,0.0,0.0,0.0,0.0,2.0,0.0
1453427,0.0,0.0,0.0,0.0,0.0,0.0,0.0
1453517,0.0,0.0,0.0,0.0,0.0,1.0,0.0
1453520,0.0,0.0,0.0,0.0,0.0,2.0,0.0
1453889,0.0,2.0,0.0,0.0,0.0,2.0,0.0
1454020,0.0,2.0,0.0,0.0,0.0,0.0,0.0
1454389,0.0,0.0,0.0,0.0,0.0,0.0,0.0
1455242,0.0,0.0,0.0,0.0,0.0,1.0,0.0
1455570,0.0,0.0,0.0,0.0,0.0,2.0,0.0
1456070,0.0,0.0,0.0,0.0,0.0,0.0,0.0
1456239,0.0,0.0,0.0,0.0,0.0,1.0,0.0
1456739,0.0,0.0,0.0,0.0,0.0,0.0,0.0
1456758,0.0,0.0,0.0,0.0,0.0,1.0,0.0
1456762,0.0,0.0,0.0,0.0,0.0,2.0,0.0
1457262,0.0,0.0,0.0,0.0,0.0,0.0,0.0
1457886,0.0,0.0,0.0,0.0,0.0,1.0,0.0
1458386,0.0,0.0,0.0,0.0,0.0,0.0,0.0
1458467,0.0,0.0,1.0,0.0,0.0,0.0,0.0
1458588,0.0,0.0,1.0,0.0,0.0,1.0,0.0
1458653,0.0,2.0,1.0,0.0,0.0,1.0,0.0
1459088,0.0,2.0,1.0,0.0,0.0,0.0,0.0
1459153,0.0,0.0,1.0,0.0,0.0,0.0,0.0
1461070,0.0,0.0,1.0,0.0,0.0,1.0,0.0
1461570,0.0,0.0,1.0,0.0,0.0,0.0,0.0
1461756,0.0,0.0,1.0,0.0,0.0,1.0,0.0
1462256,0.0,0.0,1.0,0.0,0.0,0.0,0.0
1462467,0.0,0.0,0.0,0.0,0.0,0.0,0.0
1462944,0.0,0.0,0.0,0.0,0.0,1.0,0.0
1462984,0.0,0.0,1.0,0.0,0.0,1.0,0.0
1463258,0.0,0.0,1.0,0.0,0.0,2.0,0.0
1463261,0.0,0.0,1.0,0.0,1.0,2.0,0.0
1463758,0.0,0.0,1.0,0.0,1.0,0.0,0.0
1463761,0.0,0.0,1.0,0.0,0.0,0.0,0.0
1465979,0.0,0.0,1.0,0.0,0.0,1.0,0.0
1466479,0.0,0.0,1.0,0.0,0.0,0.0,0.0
1466497,0.0,0.0,1.0,0.0,0.0,1.0,0.0
1466974,0.0,0.0,1.0,0.0,0.0,2.0,0.0
1467474,0.0,0.0,1.0,0.0,0.0,0.0,0.0
1467831,0.0,0.0,1.0,0.0,0.0,1.0,0.0
1468035,0.0,0.0,1.0,0.0,0.0,2.0,0.0
1468535,0.0,0.0,1.0,0.0,0.0,0.0,0.0
1469984,0.0,0.0,0.0,0.0,0.0,0.0,0.0
1470767,0.0,0.0,0.0,0.0,0.0,1.0,0.0
1471015,0.0,0.0,1.0,0.0,0.0,1.0,0.0
1471267,0.0,0.0,1.0,0.0,0.0,0.0,0.0
1471760,0.0,0.0,1.0,0.0,0.0,1.0,0.0
1472260,0.0,0.0,1.0,0.0,0.0,0.0,0.0
1472793,0.0,0.0,1.0,0.0,0.0,1.0,0.0
1472900,0.0,2.0,1.0,0.0,0.0,1.0,0.0
1473293,0.0,2.0,1.0,0.0,0.0,0.0,0.0
1473400,0.0,0.0,1.0,0.0,0.0,0.0,0.0
1474852,0.0,0.0,1.0,0.0,0.0,1.0,0.0
1475352,0.0,0.0,1.0,0.0,0.0,0.0,0.0
1476565,0.0,0.0,1.0,0.0,0.0,1.0,0.0
1477065,0.0,0.0,1.0,0.0,0.0,0.0,0.0
1477146,0.0,0.0,1.0,0.0,0.0,1.0,0.0
1477148,0.0,0.0,1.0,0.0,0.0,2.0,0.0
1477648,0.0,0.0,1.0,0.0,0.0,0.0,0.0
1481355,0.0,0.0,1.0,0.0,0.0,1.0,0.0
1481786,0.0,0.0,1.0,0.0,0.0,2.0,0.0
1482286,0.0,0.0,1.0,0.0,0.0,0.0,0.0
1482904,0.0,0.0,2.0,0.0,0.0,0.0,0.0
1483404,0.0,0.0,0.0,0.0,0.0,0.0,0.0
1483744,0.0,0.0,0.0,0.0,0.0,1.0,0.0
1484244,0.0,0.0,0.0,0.0,0.0,0.0,0.0
1484645,0.0,0.0,0.0,0.0,0.0,1.0,0.0
1485145,0.0,0.0,0.0,0.0,0.0,0.0,0.0
1485279,0.0,0.0,0.0,0.0,0.0,1.0,0.0
1485289,0.0,0.0,0.0,0.0,0.0,2.0,0.0
1485789,0.0,0.0,0.0,0.0,0.0,0.0,0.0
1486411,0.0,0.0,0.0,0.0,0.0,1.0,0.0
1486880,0.0,0.0,0.0,0.0,0.0,2.0,0.0
1487380,0.0,0.0,0.0,0.0,0.0,0.0,0.0
1487814,0.0,0.0,0.0,0.0,0.0,1.0,0.0
1488314,0.0,0.0,0.0,0.0,0.0,0.0,0.0
1488939,0.0,0.0,0.0,0.0,0.0,1.0,0.0
1489439,0.0,0.0,0.0,0.0,0.0,0.0,0.0
1489872,0.0,0.0,0.0,0.0,0.0,1.0,0.0
1490366,0.0,0.0,0.0,0.0,0.0,2.0,0.0
1490866,0.0,0.0,0.0,0.0,0.0,0.0,0.0
1490932,0.0,0.0,0.0,0.0,0.0,1.0,0.0
1491432,0.0,0.0,0.0,0.0,0.0,0.0,0.0
1491814,0.0,0.0,0.0,0.0,0.0,1.0,0.0
1492314,0.0,0.0,0.0,0.0,0.0,0.0,0.0
1492350,0.0,0.0,0.0,0.0,0.0,1.0,0.0
1492630,0.0,0.0,0.0,0.0,0.0,2.0,0.0
1493130,0.0,0.0,0.0,0.0,0.0,0.0,0.0
1493540,0.0,0.0,0.0,0.0,0.0,1.0,0.0
1494040,0.0,0.0,0.0,0.0,0.0,0.0,0.0
1494065,0.0,0.0,0.0,0.0,0.0,1.0,0.0
1494483,0.0,0.0,0.0,0.0,0.0,2.0,0.0
1494983,0.0,0.0,0.0,0.0,0.0,0.0,0.0
1495314,0.0,0.0,0.0,0.0,0.0,1.0,0.0
1495527,0.0,0.0,0.0,0.0,0.0,2.0,0.0
1496027,0.0,0.0,0.0,0.0,0.0,0.0,0.0
1496166,0.0,0.0,0.0,0.0,0.0,1.0,0.0
1496666,0.0,0.0,0.0,0.0,0.0,0.0,0.0
1496949,0.0,0.0,0.0,0.0,0.0,1.0,0.0
1497449,0.0,0.0,0.0,0.0,0.0,0.0,0.0
1497564,0.0,0.0,0.0,0.0,0.0,1.0,0.0
1498064,0.0,0.0,0.0,0.0,0.0,0.0,0.0
1498262,0.0,0.0,0.0,0.0,0.0,1.0,0.0
1498265,0.0,0.0,0.0,0.0,0.0,2.0,0.0
1498765,0.0,0.0,0.0,0.0,0.0,0.0,0.0
1498796,0.0,0.0,0.0,0.0,0.0,1.0,0.0
1498938,0.0,0.0,0.0,0.0,0.0,2.0,0.0
1499438,0.0,0.0,0.0,0.0,0.0,0.0,0.0
1499692,0.0,0.0,0.0,0.0,0.0,1.0,0.0
1500192,0.0,0.0,0.0,0.0,0.0,0.0,0.0
1500661,0.0,0.0,0.0,0.0,0.0,1.0,0.0
1500664,0.0,0.0,0.0,0.0,0.0,2.0,0.0
1501164,0.0,0.0,0.0,0.0,0.0,0.0,0.0
1501981,0.0,0.0,0.0,0.0,0.0,1.0,0.0
1502481,0.0,0.0,0.0,0.0,0.0,0.0,0.0
1503179,0.0,0.0,0.0,0.0,0.0,1.0,0.0
1503181,0.0,0.0,0.0,0.0,0.0,2.0,0.0
1503681,0.0,0.0,0.0,0.0,0.0,0.0,0.0
1503850,0.0,0.0,0.0,0.0,0.0,1.0,0.0
1504350,0.0,0.0,0.0,0.0,0.0,0.0,0.0
1505246,0.0,0.0,0.0,0.0,0.0,1.0,0.0
1505746,0.0,0.0,0.0,0.0,0.0,0.0,0.0
1505909,0.0,0.0,0.0,0.0,0.0,1.0,0.0
1505916,0.0,0.0,0.0,0.0,0.0,2.0,0.0
1506416,0.0,0.0,0.0,0.0,0.0,0.0,0.0
1506578,0.0,0.0,0.0,0.0,0.0,1.0,0.0
1507422,0.0,0.0,0.0,0.0,0.0,2.0,0.0
1507922,0.0,0.0,0.0,0.0,0.0,0.0,0.0
1508729,0.0,0.0,0.0,0.0,0.0,1.0,0.0
1508731,0.0,0.0,0.0,0.0,0.0,2.0,0.0
1509231,0.0,0.0,0.0,0.0,0.0,0.0,0.0
1509516,0.0,0.0,0.0,0.0,0.0,1.0,0.0
1509892,0.0,0.0,0.0,0.0,0.0,2.0,0.0
1510392,0.0,0.0,0.0,0.0,0.0,0.0,0.0
1510894,0.0,0.0,0.0,0.0,0.0,1.0,0.0
1511022,0.0,0.0,0.0,0.0,0.0,2.0,0.0
1511522,0.0,0.0,0.0,0.0,0.0,0.0,0.0
1512092,0.0,0.0,0.0,0.0,0.0,1.0,0.0
1512560,0.0,0.0,0.0,0.0,0.0,2.0,0.0
1513060,0.0,0.0,0.0,0.0,0.0,0.0,0.0
1517226,0.0,0.0,0.0,0.0,0.0,1.0,0.0
1517726,0.0,0.0,0.0,0.0,0.0,0.0,0.0
1518005,0.0,0.0,0.0,0.0,0.0,1.0,0.0
1518017,0.0,0.0,0.0,0.0,0.0,2.0,0.0
1518517,0.0,0.0,0.0,0.0,0.0,0.0,0.0
1521242,0.0,0.0,0.0,0.0,0.0,1.0,0.0
1521742,0.0,0.0,0.0,0.0,0.0,0.0,0.0
1523867,0.0,0.0,0.0,0.0,1.0,0.0,0.0
1524345,0.0,0.0,0.0,0.0,1.0,1.0,0.0
1524367,0.0,0.0,0.0,0.0,0.0,1.0,0.0
1524845,0.0,0.0,0.0,0.0,0.0,0.0,0.0
1525289,0.0,0.0,0.0,0.0,0.0,1.0,0.0
1525789,0.0,0.0,0.0,0.0,0.0,0.0,0.0
1526506,0.0,0.0,0.0,0.0,0.0,1.0,0.0
1527006,0.0,0.0,0.0,0.0,0.0,0.0,0.0
1528866,0.0,0.0,0.0,0.0,0.0,1.0,0.0
1529366,0.0,0.0,0.0,0.0,0.0,0.0,0.0
1533470,0.0,0.0,0.0,0.0,0.0,1.0,0.0
1533970,0.0,0.0,0.0,0.0,0.0,0.0,0.0
1535500,0.0,0.0,0.0,0.0,0.0,1.0,0.0
1535502,0.0,0.0,0.0,0.0,0.0,2.0,0.0
1536002,0.0,0.0,0.0,0.0,0.0,0.0,0.0
1537145,0.0,0.0,0.0,0.0,0.0,1.0,0.0
1537645,0.0,0.0,0.0,0.0,0.0,0.0,0.0
1541228,0.0,0.0,0.0,0.0,0.0,1.0,0.0
1541728,0.0,0.0,0.0,0.0,0.0,0.0,0.0
1543036,0.0,0.0,0.0,0.0,0.0,1.0,0.0
1543536,0.0,0.0,0.0,0.0,0.0,0.0,0.0
1545161,0.0,0.0,0.0,0.0,0.0,1.0,0.0
1545661,0.0,0.0,0.0,0.0,0.0,0.0,0.0
1545772,0.0,0.0,0.0,0.0,0.0,1.0,0.0
1546272,0.0,0.0,0.0,0.0,0.0,0.0,0.0
1549036,0.0,0.0,0.0,0.0,0.0,1.0,0.0
1549536,0.0,0.0,0.0,0.0,0.0,0.0,0.0
1550439,0.0,0.0,0.0,0.0,0.0,1.0,0.0
1550939,0.0,0.0,0.0,0.0,0.0,0.0,0.0
1552853,0.0,0.0,0.0,0.0,0.0,1.0,0.0
1553353,0.0,0.0,0.0,0.0,0.0,0.0,0.0
1554245,0.0,0.0,0.0,0.0,0.0,1.0,0.0
1554745,0.0,0.0,0.0,0.0,0.0,0.0,0.0
1555131,0.0,0.0,0.0,0.0,0.0,1.0,0.0
1555631,0.0,0.0,0.0,0.0,0.0,0.0,0.0
1559223,0.0,0.0,0.0,0.0,0.0,1.0,0.0
1559225,0.0,0.0,0.0,0.0,0.0,2.0,0.0
1559226,0.0,0.0,0.0,0.0,1.0,2.0,0.0
1559725,0.0,0.0,0.0,0.0,1.0,0.0,0.0
1559726,0.0,0.0,0.0,0.0,0.0,0.0,0.0
1561306,0.0,0.0,0.0,0.0,0.0,1.0,0.0
1561806,0.0,0.0,0.0,0.0,0.0,0.0,0.0
1563073,0.0,0.0,0.0,0.0,0.0,1.0,0.0
1563074,0.0,0.0,0.0,0.0,0.0,2.0,0.0
1563574,0.0,0.0,0.0,0.0,0.0,0.0,0.0
1565118,0.0,0.0,0.0,0.0,0.0,1.0,0.0
1565618,0.0,0.0,0.0,0.0,0.0,0.0,0.0
1566839,0.0,0.0,0.0,0.0,0.0,1.0,0.0
1567339,0.0,0.0,0.0,0.0,0.0,0.0,0.0
1575029,0.0,0.0,0.0,0.0,0.0,1.0,0.0
1575529,0.0,0.0,0.0,0.0,0.0,0.0,0.0
1578977,0.0,0.0,0.0,0.0,0.0,1.0,0.0
1579477,0.0,0.0,0.0,0.0,0.0,0.0,0.0
1581313,0.0,0.0,0.0,0.0,0.0,1.0,0.0
1581315,0.0,0.0,0.0,0.0,0.0,2.0,0.0
1581815,0.0,0.0,0.0,0.0,0.0,0.0,0.0
1584341,0.0,0.0,0.0,0.0,0.0,1.0,0.0
1584841,0.0,0.0,0.0,0.0,0.0,0.0,0.0
1586155,0.0,0.0,0.0,0.0,0.0,1.0,0.0
1586655,0.0,0.0,0.0,0.0,0.0,0.0,0.0
1592107,0.0,0.0,0.0,0.0,0.0,1.0,0.0
1592607,0.0,0.0,0.0,0.0,0.0,0.0,0.0
1593377,0.0,0.0,0.0,0.0,0.0,1.0,0.0
1593381,0.0,0.0,0.0,0.0,0.0,2.0,0.0
1593881,0.0,0.0,0.0,0.0,0.0,0.0,0.0
1594566,0.0,0.0,0.0,0.0,0.0,1.0,0.0
1595066,0.0,0.0,0.0,0.0,0.0,0.0,0.0
1595721,0.0,0.0,0.0,0.0,0.0,1.0,0.0
1596221,0.0,0.0,0.0,0.0,0.0,0.0,0.0
1597739,0.0,0.0,0.0,0.0,1.0,0.0,0.0
1598239,0.0,0.0,0.0,0.0,0.0,0.0,0.0
1600939,0.0,0.0,0.0,0.0,0.0,1.0,0.0
1600975,0.0,0.0,0.0,0.0,0.0,2.0,0.0
1601475,0.0,0.0,0.0,0.0,0.0,0.0,0.0
1607555,0.0,0.0,0.0,0.0,0.0,1.0,0.0
1608055,0.0,0.0,0.0,0.0,0.0,0.0,0.0
1609082,0.0,0.0,0.0,0.0,0.0,1.0,0.0
1609582,0.0,0.0,0.0,0.0,0.0,0.0,0.0
1610406,0.0,0.0,0.0,0.0,0.0,1.0,0.0
1610906,0.0,0.0,0.0,0.0,0.0,0.0,0.0
1611491,0.0,0.0,0.0,0.0,0.0,1.0,0.0
1611991,0.0,0.0,0.0,0.0,0.0,0.0,0.0
1615000,0.0,0.0,0.0,0.0,0.0,0.0,1.0
1615093,0.0,0.0,0.0,0.0,0.0,1.0,1.0
1615500,0.0,0.0,0.0,0.0,0.0,1.0,0.0
1615593,0.0,0.0,0.0,0.0,0.0,0.0,0.0
1615903,2.0,0.0,0.0,0.0,0.0,0.0,0.0
1615921,2.0,0.0,0.0,0.0,0.0,1.0,0.0
1616060,2.0,0.0,0.0,0.0,0.0,2.0,0.0
1616198,2.0,0.0,0.0,0.0,1.0,2.0,0.0
1616211,2.0,2.0,0.0,0.0,1.0,2.0,0.0
1616342,2.0,2.0,0.0,0.0,2.0,2.0,0.0
1616403,0.0,2.0,0.0,0.0,2.0,2.0,0.0
1616511,2.0,2.0,0.0,0.0,2.0,2.0,0.0
1616560,2.0,2.0,0.0,0.0,2.0,0.0,0.0
1616711,2.0,0.0,0.0,0.0,2.0,0.0,0.0
1616771,2.0,0.0,0.0,0.0,2.0,1.0,0.0
1616842,2.0,0.0,0.0,0.0,0.0,1.0,0.0
1616973,2.0,0.0,1.0,0.0,0.0,1.0,0.0
1617011,0.0,0.0,1.0,0.0,0.0,1.0,0.0
1617271,0.0,0.0,1.0,0.0,0.0,0.0,0.0
1617471,2.0,0.0,1.0,0.0,0.0,0.0,0.0
1617518,2.0,0.0,1.0,0.0,0.0,1.0,0.0
1617971,0.0,0.0,1.0,0.0,0.0,1.0,0.0
1618018,0.0,0.0,1.0,0.0,0.0,0.0,0.0
1618140,0.0,0.0,2.0,0.0,0.0,0.0,0.0
1618302,0.0,0.0,2.0,0.0,0.0,1.0,0.0
1618640,0.0,0.0,0.0,0.0,0.0,1.0,0.0
1618802,0.0,0.0,0.0,0.0,0.0,0.0,0.0
1619009,0.0,0.0,1.0,0.0,0.0,0.0,0.0
1620034,0.0,0.0,1.0,0.0,0.0,1.0,0.0
1620509,0.0,0.0,0.0,0.0,0.0,1.0,0.0
1620525,0.0,0.0,1.0,0.0,0.0,1.0,0.0
1620534,0.0,0.0,1.0,0.0,0.0,0.0,0.0
1620845,0.0,0.0,1.0,0.0,0.0,1.0,0.0
1620943,0.0,0.0,1.0,0.0,0.0,2.0,0.0
1621025,0.0,0.0,0.0,0.0,0.0,2.0,0.0
1621071,0.0,0.0,1.0,0.0,0.0,2.0,0.0
1621443,0.0,0.0,1.0,0.0,0.0,0.0,0.0
1622071,0.0,0.0,0.0,0.0,0.0,0.0,0.0
1622855,0.0,0.0,0.0,0.0,0.0,1.0,0.0
1622857,0.0,0.0,0.0,0.0,0.0,2.0,0.0
1622858,0.0,0.0,0.0,0.0,1.0,2.0,0.0
1623357,0.0,0.0,0.0,0.0,1.0,0.0,0.0
1623358,0.0,0.0,0.0,0.0,0.0,0.0,0.0
1624312,0.0,0.0,0.0,0.0,0.0,1.0,0.0
1624812,0.0,0.0,0.0,0.0,0.0,0.0,0.0
1625254,0.0,0.0,0.0,0.0,0.0,1.0,0.0
1625274,0.0,0.0,0.0,0.0,0.0,2.0,0.0
1625774,0.0,0.0,0.0,0.0,0.0,0.0,0.0
1625809,0.0,0.0,0.0,0.0,0.0,1.0,0.0
1626309,0.0,0.0,0.0,0.0,0.0,0.0,0.0
1629348,0.0,0.0,0.0,0.0,0.0,1.0,0.0
1629650,0.0,0.0,0.0,0.0,0.0,2.0,0.0
1630127,0.0,2.0,0.0,0.0,0.0,2.0,0.0
1630150,0.0,2.0,0.0,0.0,0.0,0.0,0.0
1630627,0.0,0.0,0.0,0.0,0.0,0.0,0.0
1631738,0.0,0.0,0.0,0.0,0.0,1.0,0.0
1631745,0.0,0.0,0.0,0.0,0.0,2.0,0.0
1632245,0.0,0.0,0.0,0.0,0.0,0.0,0.0
1632859,0.0,0.0,0.0,0.0,0.0,1.0,0.0
1633359,0.0,0.0,0.0,0.0,0.0,0.0,0.0
1633663,0.0,0.0,0.0,0.0,0.0,1.0,0.0
1633665,0.0,0.0,0.0,0.0,0.0,2.0,0.0
1634165,0.0,0.0,0.0,0.0,0.0,0.0,0.0
1634487,0.0,0.0,0.0,0.0,0.0,1.0,0.0
1634489,0.0,0.0,0.0,0.0,0.0,2.0,0.0
1634989,0.0,0.0,0.0,0.0,0.0,0.0,0.0
1635985,0.0,0.0,0.0,0.0,0.0,1.0,0.0
1636485,0.0,0.0,0.0,0.0,0.0,0.0,0.0
1636811,0.0,0.0,0.0,0.0,0.0,1.0,0.0
1637311,0.0,0.0,0.0,0.0,0.0,0.0,0.0
1637355,0.0,0.0,0.0,0.0,0.0,1.0,0.0
1637387,0.0,0.0,0.0,0.0,0.0,2.0,0.0
1637887,0.0,0.0,0.0,0.0,0.0,0.0,0.0
1638100,0.0,0.0,0.0,0.0,0.0,1.0,0.0
1638600,0.0,0.0,0.0,0.0,0.0,0.0,0.0
1639237,0.0,0.0,0.0,0.0,0.0,1.0,0.0
1639455,0.0,0.0,0.0,0.0,0.0,2.0,0.0
1639955,0.0,0.0,0.0,0.0,0.0,0.0,0.0
1640364,0.0,0.0,0.0,0.0,0.0,1.0,0.0
1640864,0.0,0.0,0.0,0.0,0.0,0.0,0.0
1640962,0.0,0.0,1.0,0.0,0.0,0.0,0.0
1641354,0.0,0.0,1.0,0.0,0.0,1.0,0.0
1641589,0.0,2.0,1.0,0.0,0.0,1.0,0.0
1641854,0.0,2.0,1.0,0.0,0.0,0.0,0.0
1641962,0.0,2.0,0.0,0.0,0.0,0.0,0.0
1641964,0.0,2.0,1.0,0.0,0.0,0.0,0.0
1642089,0.0,0.0,1.0,0.0,0.0,0.0,0.0
1642285,0.0,0.0,1.0,0.0,0.0,1.0,0.0
1642287,0.0,0.0,1.0,0.0,0.0,2.0,0.0
1642464,0.0,0.0,0.0,0.0,0.0,2.0,0.0
1642787,0.0,0.0,0.0,0.0,0.0,0.0,0.0
1643072,0.0,0.0,0.0,0.0,0.0,1.0,0.0
1643079,0.0,0.0,0.0,0.0,0.0,2.0,0.0
1643194,0.0,0.0,1.0,0.0,0.0,2.0,0.0
1643579,0.0,0.0,1.0,0.0,0.0,0.0,0.0
1644154,0.0,0.0,1.0,0.0,0.0,1.0,0.0
1644158,0.0,2.0,1.0,0.0,0.0,1.0,0.0
1644159,0.0,2.0,1.0,0.0,0.0,2.0,0.0
1644658,0.0,0.0,1.0,0.0,0.0,2.0,0.0
1644659,0.0,0.0,1.0,0.0,0.0,0.0,0.0
1645132,0.0,0.0,1.0,0.0,0.0,1.0,0.0
1645632,0.0,0.0,1.0,0.0,0.0,0.0,0.0
1645987,0.0,0.0,1.0,0.0,0.0,1.0,0.0
1646194,0.0,0.0,0.0,0.0,0.0,1.0,0.0
1646441,0.0,0.0,1.0,0.0,0.0,1.0,0.0
1646487,0.0,0.0,1.0,0.0,0.0,0.0,0.0
1646683,0.0,0.0,1.0,0.0,0.0,1.0,0.0
1646941,0.0,0.0,0.0,0.0,0.0,1.0,0.0
1647183,0.0,0.0,0.0,0.0,0.0,0.0,0.0
1647291,0.0,0.0,0.0,0.0,0.0,1.0,0.0
1647303,0.0,0.0,0.0,0.0,0.0,2.0,0.0
1647803,0.0,0.0,0.0,0.0,0.0,0.0,0.0
1647858,0.0,0.0,0.0,0.0,0.0,1.0,0.0
1647864,0.0,0.0,0.0,0.0,0.0,2.0,0.0
1648364,0.0,0.0,0.0,0.0,0.0,0.0,0.0
1648428,0.0,0.0,0.0,0.0,0.0,1.0,0.0
1648432,0.0,0.0,0.0,0.0,0.0,2.0,0.0
1648932,0.0,0.0,0.0,0.0,0.0,0.0,0.0
1649835,0.0,0.0,0.0,0.0,0.0,1.0,0.0
1650246,0.0,0.0,0.0,0.0,0.0,2.0,0.0
1650746,0.0,0.0,0.0,0.0,0.0,0.0,0.0
1651149,0.0,0.0,0.0,0.0,0.0,1.0,0.0
1651613,0.0,0.0,0.0,0.0,0.0,2.0,0.0
1652113,0.0,0.0,0.0,0.0,0.0,0.0,0.0
1652303,0.0,0.0,0.0,0.0,0.0,1.0,0.0
1652803,0.0,0.0,0.0,0.0,0.0,0.0,0.0
1654111,0.0,0.0,0.0,0.0,0.0,1.0,0.0
1654611,0.0,0.0,0.0,0.0,0.0,0.0,0.0
1654780,0.0,0.0,0.0,0.0,0.0,1.0,0.0
1654784,0.0,0.0,0.0,0.0,0.0,2.0,0.0
1655284,0.0,0.0,0.0,0.0,0.0,0.0,0.0
1655427,0.0,0.0,0.0,0.0,0.0,1.0,0.0
1655431,0.0,0.0,0.0,0.0,0.0,2.0,0.0
1655931,0.0,0.0,0.0,0.0,0.0,0.0,0.0
1656063,0.0,0.0,0.0,0.0,0.0,1.0,0.0
1656065,0.0,0.0,0.0,0.0,0.0,2.0,0.0
1656565,0.0,0.0,0.0,0.0,0.0,0.0,0.0
1656670,0.0,0.0,0.0,0.0,0.0,1.0,0.0
1657170,0.0,0.0,0.0,0.0,0.0,0.0,0.0
1657235,0.0,0.0,0.0,0.0,0.0,1.0,0.0
1657239,0.0,0.0,0.0,0.0,0.0,2.0,0.0
1657739,0.0,0.0,0.0,0.0,0.0,0.0,0.0
1658044,0.0,0.0,0.0,0.0,0.0,1.0,0.0
1658135,0.0,0.0,0.0,0.0,0.0,2.0,0.0
1658635,0.0,0.0,0.0,0.0,0.0,0.0,0.0
1658788,0.0,0.0,0.0,0.0,0.0,1.0,0.0
1659288,0.0,0.0,0.0,0.0,0.0,0.0,0.0
1659463,0.0,0.0,0.0,0.0,0.0,1.0,0.0
1659471,0.0,0.0,0.0,0.0,0.0,2.0,0.0
1659971,0.0,0.0,0.0,0.0,0.0,0.0,0.0
1659974,0.0,0.0,0.0,0.0,0.0,1.0,0.0
1660474,0.0,0.0,0.0,0.0,0.0,0.0,0.0
1662561,0.0,0.0,0.0,0.0,0.0,1.0,0.0
1663061,0.0,0.0,0.0,0.0,0.0,0.0,0.0
1664356,0.0,0.0,0.0,0.0,0.0,1.0,0.0
1664826,0.0,2.0,0.0,0.0,0.0,1.0,0.0
1664856,0.0,2.0,0.0,0.0,0.0,0.0,0.0
1664947,0.0,2.0,0.0,0.0,0.0,1.0,0.0
1665326,0.0,0.0,0.0,0.0,0.0,1.0,0.0
1665447,0.0,0.0,0.0,0.0,0.0,0.0,0.0
1665848,0.0,0.0,0.0,0.0,0.0,1.0,0.0
1665850,0.0,0.0,0.0,0.0,0.0,2.0,0.0
1666350,0.0,0.0,0.0,0.0,0.0,0.0,0.0
1667686,0.0,0.0,0.0,0.0,0.0,1.0,0.0
1667694,0.0,0.0,0.0,0.0,1.0,1.0,0.0
1668186,0.0,0.0,0.0,0.0,1.0,0.0,0.0
1668194,0.0,0.0,0.0,0.0,0.0,0.0,0.0
1668357,0.0,0.0,0.0,0.0,0.0,1.0,0.0
1668359,0.0,0.0,0.0,0.0,0.0,2.0,0.0
1668859,0.0,0.0,0.0,0.0,0.0,0.0,0.0
1668957,0.0,0.0,0.0,0.0,0.0,1.0,0.0
1669063,0.0,0.0,0.0,0.0,0.0,2.0,0.0
1669563,0.0,0.0,0.0,0.0,0.0,0.0,0.0
1669714,0.0,0.0,0.0,0.0,0.0,1.0,0.0
1670214,0.0,0.0,0.0,0.0,0.0,0.0,0.0
1670245,0.0,0.0,0.0,0.0,0.0,1.0,0.0
1670620,0.0,0.0,0.0,0.0,0.0,2.0,0.0
1671120,0.0,0.0,0.0,0.0,0.0,0.0,0.0
1671187,0.0,0.0,0.0,0.0,0.0,1.0,0.0
1671687,0.0,0.0,0.0,0.0,0.0,0.0,0.0
1671894,0.0,0.0,0.0,0.0,0.0,1.0,0.0
1671896,0.0,0.0,0.0,0.0,0.0,2.0,0.0
1672396,0.0,0.0,0.0,0.0,0.0,0.0,0.0
1672740,0.0,0.0,0.0,0.0,0.0,1.0,0.0
1673175,0.0,0.0,0.0,0.0,0.0,2.0,0.0
1673675,0.0,0.0,0.0,0.0,0.0,0.0,0.0
1674359,0.0,0.0,0.0,0.0,0.0,1.0,0.0
1674381,0.0,0.0,0.0,0.0,0.0,2.0,0.0
1674881,0.0,0.0,0.0,0.0,0.0,0.0,0.0
1675375,0.0,2.0,0.0,0.0,0.0,0.0,0.0
1675875,0.0,0.0,0.0,0.0,0.0,0.0,0.0
1675979,0.0,0.0,0.0,0.0,0.0,1.0,0.0
1675988,0.0,0.0,0.0,0.0,0.0,2.0,0.0
1676488,0.0,0.0,0.0,0.0,0.0,0.0,0.0
1676546,0.0,0.0,0.0,0.0,0.0,1.0,0.0
1676548,0.0,0.0,0.0,0.0,0.0,2.0,0.0
1677048,0.0,0.0,0.0,0.0,0.0,0.0,0.0
1677227,0.0,0.0,0.0,0.0,0.0,1.0,0.0
1677667,0.0,0.0,0.0,0.0,0.0,2.0,0.0
1678167,0.0,0.0,0.0,0.0,0.0,0.0,0.0
1678488,0.0,0.0,0.0,0.0,0.0,1.0,0.0
1678949,0.0,0.0,0.0,0.0,0.0,2.0,0.0
1679449,0.0,0.0,0.0,0.0,0.0,0.0,0.0
1679828,0.0,0.0,0.0,0.0,0.0,1.0,0.0
1679835,0.0,0.0,0.0,0.0,0.0,2.0,0.0
1680335,0.0,0.0,0.0,0.0,0.0,0.0,0.0
1680920,0.0,0.0,0.0,0.0,0.0,1.0,0.0
1681327,0.0,0.0,0.0,0.0,0.0,2.0,0.0
1681827,0.0,0.0,0.0,0.0,0.0,0.0,0.0
1681915,0.0,0.0,0.0,0.0,0.0,1.0,0.0
1681925,0.0,0.0,0.0,0.0,0.0,2.0,0.0
1682425,0.0,0.0,0.0,0.0,0.0,0.0,0.0
1683021,0.0,0.0,0.0,0.0,0.0,1.0,0.0
1683521,0.0,0.0,0.0,0.0,0.0,0.0,0.0
1685552,0.0,0.0,0.0,0.0,1.0,1.0,0.0
1685553,0.0,0.0,0.0,0.0,2.0,1.0,0.0
1685567,0.0,0.0,0.0,0.0,2.0,2.0,0.0
1686053,0.0,0.0,0.0,0.0,0.0,2.0,0.0
1686067,0.0,0.0,0.0,0.0,0.0,0.0,0.0
1686261,0.0,0.0,0.0,0.0,0.0,1.0,0.0
1686761,0.0,0.0,0.0,0.0,0.0,0.0,0.0
1687814,0.0,0.0,0.0,0.0,0.0,1.0,0.0
1688030,0.0,0.0,0.0,0.0,1.0,1.0,0.0
1688314,0.0,0.0,0.0,0.0,1.0,0.0,0.0
1688416,0.0,0.0,0.0,0.0,1.0,1.0,0.0
1688530,0.0,0.0,0.0,0.0,0.0,1.0,0.0
1688916,0.0,0.0,0.0,0.0,0.0,0.0,0.0
1689383,0.0,0.0,0.0,0.0,0.0,1.0,0.0
1689883,0.0,0.0,0.0,0.0,0.0,0.0,0.0
1690793,0.0,0.0,0.0,0.0,0.0,1.0,0.0
1690800,0.0,0.0,0.0,0.0,0.0,2.0,0.0
1690801,0.0,0.0,0.0,0.0,1.0,2.0,0.0
1691300,0.0,0.0,0.0,0.0,1.0,0.0,0.0
1691301,0.0,0.0,0.0,0.0,0.0,0.0,0.0
1691518,0.0,0.0,0.0,0.0,0.0,1.0,0.0
1691524,0.0,0.0,0.0,0.0,0.0,2.0,0.0
1692024,0.0,0.0,0.0,0.0,0.0,0.0,0.0
1692077,0.0,0.0,0.0,0.0,0.0,1.0,0.0
1692577,0.0,0.0,0.0,0.0,0.0,0.0,0.0
1694429,0.0,0.0,0.0,0.0,0.0,1.0,0.0
1694929,0.0,0.0,0.0,0.0,0.0,0.0,0.0
1695829,0.0,0.0,0.0,0.0,0.0,1.0,0.0
1696329,0.0,0.0,0.0,0.0,0.0,0.0,0.0
1696343,0.0,0.0,0.0,0.0,0.0,1.0,0.0
1696709,0.0,0.0,0.0,0.0,0.0,2.0,0.0
1697209,0.0,0.0,0.0,0.0,0.0,0.0,0.0
1697258,0.0,0.0,0.0,0.0,0.0,1.0,0.0
1697713,0.0,0.0,0.0,0.0,0.0,2.0,0.0
1698213,0.0,0.0,0.0,0.0,0.0,0.0,0.0
1698347,0.0,0.0,0.0,0.0,0.0,1.0,0.0
1698847,0.0,0.0,0.0,0.0,0.0,0.0,0.0
1699258,0.0,0.0,0.0,0.0,0.0,1.0,0.0
1699758,0.0,0.0,0.0,0.0,0.0,0.0,0.0
1700392,0.0,0.0,0.0,0.0,0.0,1.0,0.0
1700807,0.0,0.0,0.0,0.0,0.0,2.0,0.0
1701307,0.0,0.0,0.0,0.0,0.0,0.0,0.0
1701554,0.0,0.0,0.0,0.0,0.0,1.0,0.0
1701984,0.0,0.0,0.0,0.0,0.0,2.0,0.0
1702484,0.0,0.0,0.0,0.0,0.0,0.0,0.0
1702546,0.0,0.0,0.0,0.0,0.0,1.0,0.0
1702550,0.0,0.0,0.0,0.0,0.0,2.0,0.0
1703050,0.0,0.0,0.0,0.0,0.0,0.0,0.0
1703898,0.0,0.0,0.0,0.0,0.0,1.0,0.0
1704398,0.0,0.0,0.0,0.0,0.0,0.0,0.0
1705024,0.0,0.0,0.0,0.0,0.0,1.0,0.0
1705039,0.0,0.0,0.0,0.0,0.0,2.0,0.0
1705539,0.0,0.0,0.0,0.0,0.0,0.0,0.0
1706065,0.0,0.0,0.0,0.0,0.0,1.0,0.0
1706128,0.0,0.0,0.0,0.0,0.0,2.0,0.0
1706628,0.0,0.0,0.0,0.0,0.0,0.0,0.0
1707467,0.0,0.0,0.0,0.0,0.0,1.0,0.0
1707538,0.0,0.0,0.0,0.0,0.0,2.0,0.0
1708038,0.0,0.0,0.0,0.0,0.0,0.0,0.0
1708180,0.0,0.0,0.0,0.0,0.0,1.0,0.0
1708405,0.0,0.0,0.0,0.0,1.0,1.0,0.0
1708680,0.0,0.0,0.0,0.0,1.0,0.0,0.0
1708731,0.0,0.0,0.0,0.0,1.0,1.0,0.0
1708905,0.0,0.0,0.0,0.0,0.0,1.0,0.0
1709231,0.0,0.0,0.0,0.0,0.0,0.0,0.0
1709808,0.0,0.0,0.0,0.0,0.0,1.0,0.0
1709810,0.0,0.0,0.0,0.0,0.0,2.0,0.0
1710310,0.0,0.0,0.0,0.0,0.0,0.0,0.0
1710524,0.0,0.0,0.0,0.0,0.0,1.0,0.0
1711024,0.0,0.0,0.0,0.0,0.0,0.0,0.0
1712944,0.0,0.0,0.0,0.0,0.0,1.0,0.0
1712950,0.0,0.0,0.0,0.0,0.0,2.0,0.0
1713450,0.0,0.0,0.0,0.0,0.0,0.0,0.0
1713885,0.0,0.0,0.0,0.0,0.0,1.0,0.0
1713889,0.0,0.0,0.0,0.0,0.0,2.0,0.0
1714389,0.0,0.0,0.0,0.0,0.0,0.0,0.0
1715089,0.0,0.0,0.0,0.0,0.0,1.0,0.0
1715095,0.0,0.0,0.0,0.0,0.0,2.0,0.0
1715595,0.0,0.0,0.0,0.0,0.0,0.0,0.0
1715953,0.0,0.0,0.0,0.0,0.0,1.0,0.0
1716453,0.0,0.0,0.0,0.0,0.0,0.0,0.0
1723454,0.0,0.0,0.0,0.0,0.0,1.0,0.0
1723461,0.0,0.0,0.0,0.0,0.0,2.0,0.0
1723523,0.0,0.0,0.0,0.0,1.0,2.0,0.0
1723757,0.0,0.0,0.0,0.0,2.0,2.0,0.0
1723961,0.0,0.0,0.0,0.0,2.0,0.0,0.0
1724257,0.0,0.0,0.0,0.0,0.0,0.0,0.0
1726768,0.0,0.0,0.0,0.0,0.0,1.0,0.0
1727268,0.0,0.0,0.0,0.0,0.0,0.0,0.0
1729572,0.0,0.0,0.0,0.0,0.0,1.0,0.0
1729573,0.0,0.0,0.0,0.0,1.0,1.0,0.0
1730072,0.0,0.0,0.0,0.0,1.0,0.0,0.0
1730073,0.0,0.0,0.0,0.0,0.0,0.0,0.0
1737693,0.0,0.0,0.0,0.0,0.0,1.0,0.0
1738193,0.0,0.0,0.0,0.0,0.0,0.0,0.0
1739787,0.0,0.0,0.0,0.0,0.0,1.0,0.0
1740287,0.0,0.0,0.0,0.0,0.0,0.0,0.0
1740811,0.0,0.0,0.0,0.0,0.0,1.0,0.0
1741311,0.0,0.0,0.0,0.0,0.0,0.0,0.0
1742287,0.0,0.0,0.0,0.0,1.0,0.0,0.0
1742787,0.0,0.0,0.0,0.0,0.0,0.0,0.0
1744209,0.0,0.0,0.0,0.0,0.0,1.0,0.0
1744709,0.0,0.0,0.0,0.0,0.0,0.0,0.0
1747327,0.0,0.0,0.0,0.0,0.0,1.0,0.0
1747827,0.0,0.0,0.0,0.0,0.0,0.0,0.0
1748725,0.0,0.0,0.0,0.0,0.0,1.0,0.0
1749225,0.0,0.0,0.0,0.0,0.0,0.0,0.0
1751868,0.0,0.0,0.0,0.0,0.0,1.0,0.0
1752368,0.0,0.0,0.0,0.0,0.0,0.0,0.0
1753060,0.0,0.0,0.0,0.0,0.0,1.0,0.0
1753560,0.0,0.0,0.0,0.0,0.0,0.0,0.0
1755453,0.0,0.0,0.0,0.0,0.0,1.0,0.0
1755953,0.0,0.0,0.0,0.0,0.0,0.0,0.0
1758263,0.0,0.0,0.0,0.0,0.0,1.0,0.0
1758763,0.0,0.0,0.0,0.0,0.0,0.0,0.0
1762004,0.0,0.0,0.0,0.0,1.0,0.0,0.0
1762007,0.0,0.0,0.0,0.0,1.0,1.0,0.0
1762504,0.0,0.0,0.0,0.0,0.0,1.0,0.0
1762507,0.0,0.0,0.0,0.0,0.0,0.0,0.0
1763189,0.0,0.0,0.0,0.0,0.0,1.0,0.0
1763689,0.0,0.0,0.0,0.0,0.0,0.0,0.0
1768335,0.0,0.0,0.0,0.0,0.0,1.0,0.0
1768835,0.0,0.0,0.0,0.0,0.0,0.0,0.0
1769062,0.0,0.0,0.0,0.0,0.0,1.0,0.0
1769063,0.0,0.0,0.0,0.0,0.0,2.0,0.0
1769563,0.0,0.0,0.0,0.0,0.0,0.0,0.0
1769987,0.0,0.0,0.0,0.0,0.0,1.0,0.0
1770487,0.0,0.0,0.0,0.0,0.0,0.0,0.0
1778138,0.0,0.0,0.0,0.0,0.0,1.0,0.0
1778638,0.0,0.0,0.0,0.0,0.0,0.0,0.0
1783452,0.0,0.0,0.0,0.0,0.0,1.0,0.0
1783453,0.0,0.0,0.0,0.0,0.0,2.0,0.0
1783953,0.0,0.0,0.0,0.0,0.0,0.0,0.0
1788426,0.0,0.0,0.0,0.0,0.0,1.0,0.0
1788926,0.0,0.0,0.0,0.0,0.0,0.0,0.0
1794919,0.0,0.0,0.0,0.0,0.0,1.0,0.0
1795419,0.0,0.0,0.0,0.0,0.0,0.0,0.0
1799650,0.0,0.0,0.0,0.0,0.0,1.0,0.0
1800150,0.0,0.0,0.0,0.0,0.0,0.0,0.0
1800994,0.0,0.0,0.0,0.0,0.0,1.0,0.0
1801494,0.0,0.0,0.0,0.0,0.0,0.0,0.0
1802146,0.0,0.0,0.0,0.0,0.0,1.0,0.0
1802646,0.0,0.0,0.0,0.0,0.0,0.0,0.0
1803014,0.0,0.0,0.0,0.0,0.0,1.0,0.0
1803514,0.0,0.0,0.0,0.0,0.0,0.0,0.0
1803616,0.0,0.0,0.0,0.0,0.0,1.0,0.0
1804116,0.0,0.0,0.0,0.0,0.0,0.0,0.0
1804957,0.0,0.0,0.0,0.0,0.0,1.0,0.0
1805457,0.0,0.0,0.0,0.0,0.0,0.0,0.0
1805763,0.0,0.0,0.0,0.0,0.0,1.0,0.0
1806263,0.0,0.0,0.0,0.0,0.0,0.0,0.0
1809885,0.0,0.0,0.0,0.0,0.0,1.0,0.0
1810385,0.0,0.0,0.0,0.0,0.0,0.0,0.0
1810968,0.0,0.0,0.0,0.0,0.0,1.0,0.0
1811468,0.0,0.0,0.0,0.0,0.0,0.0,0.0
1813699,0.0,0.0,0.0,0.0,0.0,1.0,0.0
1813714,0.0,0.0,0.0,0.0,0.0,2.0,0.0
1814214,0.0,0.0,0.0,0.0,0.0,0.0,0.0
1814323,0.0,0.0,0.0,0.0,0.0,1.0,0.0
1814823,0.0,0.0,0.0,0.0,0.0,0.0,0.0
1816806,0.0,0.0,0.0,0.0,0.0,1.0,0.0
1817000,0.0,0.0,0.0,0.0,0.0,1.0,1.0
1817306,0.0,0.0,0.0,0.0,0.0,0.0,1.0
1817381,0.0,0.0,0.0,0.0,0.0,1.0,1.0
1817500,0.0,0.0,0.0,0.0,0.0,1.0,0.0
1817743,0.0,0.0,0.0,0.0,0.0,2.0,0.0
1817759,2.0,0.0,0.0,0.0,0.0,2.0,0.0
1818078,2.0,2.0,0.0,0.0,0.0,2.0,0.0
1818187,2.0,2.0,0.0,0.0,1.0,2.0,0.0
1818243,2.0,2.0,0.0,0.0,1.0,0.0,0.0
1818259,0.0,2.0,0.0,0.0,1.0,0.0,0.0
1818335,2.0,2.0,0.0,0.0,1.0,0.0,0.0
1818400,2.0,2.0,0.0,0.0,2.0,0.0,0.0
1818420,2.0,2.0,0.0,0.0,2.0,1.0,0.0
1818578,2.0,0.0,0.0,0.0,2.0,1.0,0.0
1818835,0.0,0.0,0.0,0.0,2.0,1.0,0.0
1818900,0.0,0.0,0.0,0.0,0.0,1.0,0.0
1818920,0.0,0.0,0.0,0.0,0.0,0.0,0.0
1819045,0.0,0.0,0.0,0.0,0.0,1.0,0.0
1819231,2.0,0.0,0.0,0.0,0.0,1.0,0.0
1819242,2.0,0.0,0.0,0.0,1.0,1.0,0.0
1819545,2.0,0.0,0.0,0.0,1.0,0.0,0.0
1819731,0.0,0.0,0.0,0.0,1.0,0.0,0.0
1819742,0.0,0.0,0.0,0.0,0.0,0.0,0.0
1819763,0.0,0.0,1.0,0.0,0.0,0.0,0.0
1820477,0.0,0.0,1.0,0.0,1.0,0.0,0.0
1820977,0.0,0.0,1.0,0.0,0.0,0.0,0.0
1821946,0.0,0.0,1.0,0.0,0.0,1.0,0.0
1822382,0.0,0.0,2.0,0.0,0.0,1.0,0.0
1822446,0.0,0.0,2.0,0.0,0.0,0.0,0.0
1822882,0.0,0.0,0.0,0.0,0.0,0.0,0.0
1823414,0.0,0.0,0.0,0.0,0.0,1.0,0.0
1823424,0.0,0.0,1.0,0.0,0.0,1.0,0.0
1823914,0.0,0.0,1.0,0.0,0.0,0.0,0.0
1824574,0.0,0.0,1.0,0.0,0.0,1.0,0.0
1825074,0.0,0.0,1.0,0.0,0.0,0.0,0.0
1825078,0.0,0.0,1.0,0.0,0.0,1.0,0.0
1825578,0.0,0.0,1.0,0.0,0.0,0.0,0.0
1826496,0.0,0.0,1.0,0.0,0.0,1.0,0.0
1826653,0.0,0.0,1.0,0.0,0.0,2.0,0.0
1827153,0.0,0.0,1.0,0.0,0.0,0.0,0.0
1827832,0.0,0.0,1.0,0.0,0.0,1.0,0.0
1828332,0.0,0.0,1.0,0.0,0.0,0.0,0.0
1828969,0.0,0.0,1.0,0.0,0.0,1.0,0.0
1829469,0.0,0.0,1.0,0.0,0.0,0.0,0.0
1829742,0.0,0.0,1.0,0.0,0.0,1.0,0.0
1829747,0.0,0.0,1.0,0.0,0.0,2.0,0.0
1830247,0.0,0.0,1.0,0.0,0.0,0.0,0.0
1830272,0.0,0.0,1.0,0.0,0.0,1.0,0.0
1830772,0.0,0.0,1.0,0.0,0.0,0.0,0.0
1831038,0.0,0.0,1.0,0.0,0.0,1.0,0.0
1831538,0.0,0.0,1.0,0.0,0.0,0.0,0.0
1832589,0.0,0.0,1.0,0.0,0.0,1.0,0.0
1833089,0.0,0.0,1.0,0.0,0.0,0.0,0.0
1833638,0.0,0.0,1.0,0.0,0.0,1.0,0.0
1834138,0.0,0.0,1.0,0.0,0.0,0.0,0.0
1834258,0.0,0.0,1.0,0.0,0.0,1.0,0.0
1834758,0.0,0.0,1.0,0.0,0.0,0.0,0.0
1834924,0.0,0.0,0.0,0.0,0.0,0.0,0.0
1834974,0.0,0.0,1.0,0.0,0.0,0.0,0.0
1835474,0.0,0.0,0.0,0.0,0.0,0.0,0.0
1835743,0.0,0.0,0.0,0.0,0.0,1.0,0.0
1836243,0.0,0.0,0.0,0.0,0.0,0.0,0.0
1836634,0.0,0.0,0.0,0.0,0.0,1.0,0.0
1836637,0.0,0.0,0.0,0.0,0.0,2.0,0.0
1837137,0.0,0.0,0.0,0.0,0.0,0.0,0.0
1837164,0.0,0.0,0.0,0.0,0.0,1.0,0.0
1837338,0.0,0.0,1.0,0.0,0.0,1.0,0.0
1837664,0.0,0.0,1.0,0.0,0.0,0.0,0.0
1838005,0.0,0.0,1.0,0.0,0.0,1.0,0.0
1838022,0.0,0.0,1.0,0.0,0.0,2.0,0.0
1838522,0.0,0.0,1.0,0.0,0.0,0.0,0.0
1838785,0.0,0.0,1.0,0.0,0.0,1.0,0.0
1839285,0.0,0.0,1.0,0.0,0.0,0.0,0.0
1839338,0.0,0.0,0.0,0.0,0.0,0.0,0.0
1840146,0.0,0.0,0.0,0.0,0.0,1.0,0.0
1840171,0.0,0.0,0.0,0.0,0.0,2.0,0.0
1840671,0.0,0.0,0.0,0.0,0.0,0.0,0.0
1841542,0.0,0.0,0.0,0.0,0.0,1.0,0.0
1842042,0.0,0.0,0.0,0.0,0.0,0.0,0.0
1842177,0.0,0.0,0.0,0.0,0.0,1.0,0.0
1842677,0.0,0.0,0.0,0.0,0.0,0.0,0.0
1843410,0.0,0.0,0.0,0.0,0.0,1.0,0.0
1843412,0.0,0.0,0.0,0.0,0.0,2.0,0.0
1843912,0.0,0.0,0.0,0.0,0.0,0.0,0.0
1844008,0.0,0.0,0.0,0.0,0.0,1.0,0.0
1844508,0.0,0.0,0.0,0.0,0.0,0.0,0.0
1846668,0.0,0.0,0.0,0.0,0.0,1.0,0.0
1847168,0.0,0.0,0.0,0.0,0.0,0.0,0.0
1848419,0.0,0.0,0.0,0.0,0.0,1.0,0.0
1848425,0.0,0.0,0.0,0.0,0.0,2.0,0.0
1848925,0.0,0.0,0.0,0.0,0.0,0.0,0.0
1849016,0.0,0.0,0.0,0.0,0.0,1.0,0.0
1849025,0.0,0.0,0.0,0.0,0.0,2.0,0.0
1849525,0.0,0.0,0.0,0.0,0.0,0.0,0.0
1849675,0.0,0.0,0.0,0.0,0.0,1.0,0.0
1850175,0.0,0.0,0.0,0.0,0.0,0.0,0.0
1850285,0.0,0.0,0.0,0.0,0.0,1.0,0.0
1850287,0.0,0.0,0.0,0.0,0.0,2.0,0.0
1850787,0.0,0.0,0.0,0.0,0.0,0.0,0.0
1852131,0.0,0.0,0.0,0.0,0.0,1.0,0.0
1852133,0.0,0.0,0.0,0.0,0.0,2.0,0.0
1852633,0.0,0.0,0.0,0.0,0.0,0.0,0.0
1853188,0.0,0.0,0.0,0.0,0.0,1.0,0.0
1853190,0.0,0.0,0.0,0.0,0.0,2.0,0.0
1853690,0.0,0.0,0.0,0.0,0.0,0.0,0.0
1853956,0.0,0.0,0.0,0.0,0.0,1.0,0.0
1853991,0.0,0.0,0.0,0.0,1.0,1.0,0.0
1853992,0.0,0.0,0.0,0.0,1.0,2.0,0.0
1854491,0.0,0.0,0.0,0.0,0.0,2.0,0.0
1854492,0.0,0.0,0.0,0.0,0.0,0.0,0.0
1855472,0.0,0.0,0.0,0.0,0.0,1.0,0.0
1855491,0.0,0.0,0.0,0.0,0.0,2.0,0.0
1855991,0.0,0.0,0.0,0.0,0.0,0.0,0.0
1856121,0.0,0.0,0.0,0.0,0.0,1.0,0.0
1856124,0.0,0.0,0.0,0.0,0.0,2.0,0.0
1856624,0.0,0.0,0.0,0.0,0.0,0.0,0.0
1857240,0.0,0.0,0.0,0.0,0.0,1.0,0.0
1857740,0.0,0.0,0.0,0.0,0.0,0.0,0.0
1858435,0.0,0.0,0.0,0.0,0.0,1.0,0.0
1858487,0.0,0.0,0.0,0.0,0.0,2.0,0.0
1858987,0.0,0.0,0.0,0.0,0.0,0.0,0.0
1860734,0.0,0.0,0.0,0.0,0.0,1.0,0.0
1860834,0.0,0.0,0.0,0.0,0.0,2.0,0.0
1861334,0.0,0.0,0.0,0.0,0.0,0.0,0.0
1861761,0.0,0.0,0.0,0.0,0.0,1.0,0.0
1862261,0.0,0.0,0.0,0.0,0.0,0.0,0.0
1862419,0.0,0.0,0.0,0.0,0.0,1.0,0.0
1862421,0.0,0.0,0.0,0.0,0.0,2.0,0.0
1862921,0.0,0.0,0.0,0.0,0.0,0.0,0.0
1864037,0.0,0.0,0.0,0.0,0.0,1.0,0.0
1864039,0.0,0.0,0.0,0.0,0.0,2.0,0.0
1864539,0.0,0.0,0.0,0.0,0.0,0.0,0.0
1864824,0.0,0.0,0.0,0.0,0.0,1.0,0.0
1865324,0.0,0.0,0.0,0.0,0.0,0.0,0.0
1865876,0.0,0.0,0.0,0.0,0.0,1.0,0.0
1866262,0.0,0.0,0.0,0.0,0.0,2.0,0.0
1866762,0.0,0.0,0.0,0.0,0.0,0.0,0.0
1866765,0.0,0.0,0.0,0.0,0.0,1.0,0.0
1867265,0.0,0.0,0.0,0.0,0.0,0.0,0.0
1868246,0.0,0.0,0.0,0.0,0.0,1.0,0.0
1868254,0.0,0.0,0.0,0.0,0.0,2.0,0.0
1868754,0.0,0.0,0.0,0.0,0.0,0.0,0.0
1870012,0.0,0.0,0.0,0.0,0.0,1.0,0.0
1870017,0.0,0.0,0.0,0.0,0.0,2.0,0.0
1870517,0.0,0.0,0.0,0.0,0.0,0.0,0.0
1871222,0.0,0.0,0.0,0.0,0.0,1.0,0.0
1871722,0.0,0.0,0.0,0.0,0.0,0.0,0.0
1872382,0.0,0.0,0.0,0.0,1.0,0.0,0.0
1872383,0.0,0.0,0.0,0.0,1.0,1.0,0.0
1872384,0.0,0.0,0.0,0.0,2.0,1.0,0.0
1872385,0.0,0.0,0.0,0.0,2.0,2.0,0.0
1872884,0.0,0.0,0.0,0.0,0.0,2.0,0.0
1872885,0.0,0.0,0.0,0.0,0.0,0.0,0.0
1872911,0.0,0.0,0.0,0.0,0.0,1.0,0.0
1873411,0.0,0.0,0.0,0.0,0.0,0.0,0.0
1873466,0.0,0.0,0.0,0.0,0.0,1.0,0.0
1873772,0.0,0.0,0.0,0.0,0.0,2.0,0.0
1874272,0.0,0.0,0.0,0.0,0.0,0.0,0.0
1875381,0.0,0.0,0.0,0.0,0.0,1.0,0.0
1875742,0.0,0.0,0.0,0.0,0.0,2.0,0.0
1876242,0.0,0.0,0.0,0.0,0.0,0.0,0.0
1876344,0.0,0.0,0.0,0.0,0.0,1.0,0.0
1876844,0.0,0.0,0.0,0.0,0.0,0.0,0.0
1877439,0.0,0.0,0.0,0.0,0.0,1.0,0.0
1877939,0.0,0.0,0.0,0.0,0.0,0.0,0.0
1878947,0.0,0.0,0.0,0.0,0.0,1.0,0.0
1879289,0.0,0.0,0.0,0.0,0.0,2.0,0.0
1879789,0.0,0.0,0.0,0.0,0.0,0.0,0.0
1880067,0.0,0.0,0.0,0.0,0.0,1.0,0.0
1880567,0.0,0.0,0.0,0.0,0.0,0.0,0.0
1881932,0.0,0.0,0.0,0.0,0.0,1.0,0.0
1882432,0.0,0.0,0.0,0.0,0.0,0.0,0.0
1882802,0.0,0.0,0.0,0.0,0.0,1.0,0.0
1883302,0.0,0.0,0.0,0.0,0.0,0.0,0.0
1883583,0.0,0.0,0.0,0.0,0.0,1.0,0.0
1883847,0.0,0.0,0.0,0.0,0.0,2.0,0.0
1884347,0.0,0.0,0.0,0.0,0.0,0.0,0.0
1884947,0.0,0.0,0.0,0.0,0.0,1.0,0.0
1885447,0.0,0.0,0.0,0.0,0.0,0.0,0.0
1885610,0.0,0.0,0.0,0.0,0.0,1.0,0.0
1886610,0.0,0.0,0.0,0.0,0.0,0.0,0.0
1887197,0.0,0.0,0.0,0.0,0.0,1.0,0.0
1887697,0.0,0.0,0.0,0.0,0.0,0.0,0.0
1887707,0.0,0.0,0.0,0.0,0.0,1.0,0.0
1888207,0.0,0.0,0.0,0.0,0.0,0.0,0.0
1888469,0.0,0.0,0.0,0.0,0.0,1.0,0.0
1888484,0.0,0.0,0.0,0.0,0.0,2.0,0.0
1888984,0.0,0.0,0.0,0.0,0.0,0.0,0.0
1889230,0.0,0.0,0.0,0.0,0.0,1.0,0.0
1890230,0.0,0.0,0.0,0.0,0.0,0.0,0.0
1890401,0.0,0.0,0.0,0.0,0.0,1.0,0.0
1890901,0.0,0.0,0.0,0.0,0.0,0.0,0.0
1891315,0.0,0.0,0.0,0.0,0.0,1.0,0.0
1891815,0.0,0.0,0.0,0.0,0.0,0.0,0.0
1891863,0.0,0.0,0.0,0.0,0.0,1.0,0.0
1892363,0.0,0.0,0.0,0.0,0.0,0.0,0.0
1892668,0.0,0.0,0.0,0.0,0.0,1.0,0.0
1893168,0.0,0.0,0.0,0.0,0.0,0.0,0.0
1893182,0.0,0.0,0.0,0.0,0.0,1.0,0.0
1893184,0.0,0.0,0.0,0.0,0.0,2.0,0.0
1893684,0.0,0.0,0.0,0.0,0.0,0.0,0.0
1896359,0.0,0.0,0.0,0.0,0.0,1.0,0.0
1896362,0.0,0.0,0.0,0.0,0.0,2.0,0.0
1896862,0.0,0.0,0.0,0.0,0.0,0.0,0.0
1897243,0.0,0.0,0.0,0.0,0.0,1.0,0.0
1897743,0.0,0.0,0.0,0.0,0.0,0.0,0.0
1898669,0.0,0.0,0.0,0.0,0.0,1.0,0.0
1899169,0.0,0.0,0.0,0.0,0.0,0.0,0.0
1899492,0.0,0.0,0.0,0.0,0.0,1.0,0.0
1899992,0.0,0.0,0.0,0.0,0.0,0.0,0.0
1901095,0.0,0.0,0.0,0.0,0.0,1.0,0.0
1901155,0.0,0.0,0.0,0.0,0.0,2.0,0.0
1901655,0.0,0.0,0.0,0.0,0.0,0.0,0.0
1901814,0.0,0.0,0.0,0.0,0.0,1.0,0.0
1901816,0.0,0.0,0.0,0.0,0.0,2.0,0.0
1902316,0.0,0.0,0.0,0.0,0.0,0.0,0.0
1903678,0.0,0.0,0.0,0.0,0.0,1.0,0.0
1904178,0.0,0.0,0.0,0.0,0.0,0.0,0.0
1905324,0.0,0.0,0.0,0.0,0.0,1.0,0.0
1905737,0.0,0.0,0.0,0.0,0.0,2.0,0.0
1906237,0.0,0.0,0.0,0.0,0.0,0.0,0.0
1906811,0.0,0.0,0.0,0.0,0.0,1.0,0.0
1907311,0.0,0.0,0.0,0.0,0.0,0.0,0.0
1907558,0.0,0.0,0.0,0.0,0.0,1.0,0.0
1907571,0.0,0.0,0.0,0.0,0.0,2.0,0.0
1908071,0.0,0.0,0.0,0.0,0.0,0.0,0.0
1908182,0.0,0.0,0.0,0.0,0.0,1.0,0.0
1908682,0.0,0.0,0.0,0.0,0.0,0.0,0.0
1908809,0.0,0.0,0.0,0.0,0.0,1.0,0.0
1908813,0.0,0.0,0.0,0.0,0.0,2.0,0.0
1909313,0.0,0.0,0.0,0.0,0.0,0.0,0.0
1909327,0.0,0.0,0.0,0.0,0.0,1.0,0.0
1909827,0.0,0.0,0.0,0.0,0.0,0.0,0.0
1910048,0.0,0.0,0.0,0.0,0.0,1.0,0.0
1910055,0.0,0.0,0.0,0.0,0.0,2.0,0.0
1910555,0.0,0.0,0.0,0.0,0.0,0.0,0.0
1910821,0.0,0.0,0.0,0.0,0.0,1.0,0.0
1911321,0.0,0.0,0.0,0.0,0.0,0.0,0.0
1912695,0.0,0.0,0.0,0.0,0.0,1.0,0.0
1913195,0.0,0.0,0.0,0.0,0.0,0.0,0.0
1913238,0.0,0.0,0.0,0.0,0.0,1.0,0.0
1913738,0.0,0.0,0.0,0.0,0.0,0.0,0.0
1913815,0.0,0.0,0.0,0.0,0.0,1.0,0.0
1914315,0.0,0.0,0.0,0.0,0.0,0.0,0.0
1914552,0.0,0.0,0.0,0.0,0.0,1.0,0.0
1915052,0.0,0.0,0.0,0.0,0.0,0.0,0.0
1915924,0.0,0.0,0.0,0.0,0.0,1.0,0.0
1915928,0.0,0.0,0.0,0.0,0.0,2.0,0.0
1916428,0.0,0.0,0.0,0.0,0.0,0.0,0.0
1916679,0.0,0.0,0.0,0.0,0.0,1.0,0.0
1917179,0.0,0.0,0.0,0.0,0.0,0.0,0.0
1917208,0.0,0.0,0.0,0.0,0.0,1.0,0.0
1917708,0.0,0.0,0.0,0.0,0.0,0.0,0.0
1923530,0.0,0.0,0.0,0.0,0.0,1.0,0.0
1924030,0.0,0.0,0.0,0.0,0.0,0.0,0.0
1924387,0.0,0.0,0.0,0.0,0.0,1.0,0.0
1924887,0.0,0.0,0.0,0.0,0.0,0.0,0.0
1926996,0.0,0.0,0.0,0.0,0.0,1.0,0.0
1927496,0.0,0.0,0.0,0.0,0.0,0.0,0.0
1930814,0.0,0.0,0.0,0.0,0.0,1.0,0.0
1931314,0.0,0.0,0.0,0.0,0.0,0.0,0.0
1931751,0.0,0.0,0.0,0.0,0.0,1.0,0.0
1932251,0.0,0.0,0.0,0.0,0.0,0.0,0.0
1932282,0.0,0.0,0.0,0.0,0.0,1.0,0.0
1932782,0.0,0.0,0.0,0.0,0.0,0.0,0.0
1933845,0.0,0.0,0.0,0.0,0.0,1.0,0.0
1933852,0.0,0.0,0.0,0.0,0.0,2.0,0.0
1934352,0.0,0.0,0.0,0.0,0.0,0.0,0.0
1938222,0.0,0.0,0.0,0.0,0.0,1.0,0.0
1938225,0.0,0.0,0.0,0.0,0.0,2.0,0.0
1938725,0.0,0.0,0.0,0.0,0.0,0.0,0.0
1943522,0.0,0.0,0.0,0.0,0.0,1.0,0.0
1943826,0.0,0.0,0.0,0.0,0.0,2.0,0.0
1944326,0.0,0.0,0.0,0.0,0.0,0.0,0.0
1944999,0.0,0.0,0.0,0.0,0.0,1.0,0.0
1945003,0.0,0.0,0.0,0.0,0.0,2.0,0.0
1945503,0.0,0.0,0.0,0.0,0.0,0.0,0.0
1945849,0.0,0.0,0.0,0.0,0.0,1.0,0.0
1946349,0.0,0.0,0.0,0.0,0.0,0.0,0.0
1947144,0.0,0.0,0.0,0.0,0.0,1.0,0.0
1947545,0.0,0.0,0.0,0.0,0.0,2.0,0.0
1948045,0.0,0.0,0.0,0.0,0.0,0.0,0.0
1951048,0.0,0.0,0.0,0.0,0.0,1.0,0.0
1951548,0.0,0.0,0.0,0.0,0.0,0.0,0.0
1952004,0.0,0.0,0.0,0.0,0.0,1.0,0.0
1952504,0.0,0.0,0.0,0.0,0.0,0.0,0.0
1953079,0.0,0.0,0.0,0.0,0.0,1.0,0.0
1953579,0.0,0.0,0.0,0.0,0.0,0.0,0.0
1958042,0.0,0.0,0.0,0.0,0.0,1.0,0.0
1958045,0.0,0.0,0.0,0.0,0.0,2.0,0.0
1958545,0.0,0.0,0.0,0.0,0.0,0.0,0.0
1961396,0.0,0.0,0.0,0.0,0.0,1.0,0.0
1961399,0.0,0.0,0.0,0.0,0.0,2.0,0.0
1961899,0.0,0.0,0.0,0.0,0.0,0.0,0.0
1963958,0.0,0.0,0.0,0.0,0.0,1.0,0.0
1963959,0.0,0.0,0.0,0.0,0.0,2.0,0.0
1964459,0.0,0.0,0.0,0.0,0.0,0.0,0.0
1967190,0.0,0.0,0.0,0.0,0.0,1.0,0.0
1967690,0.0,0.0,0.0,0.0,0.0,0.0,0.0
1971586,0.0,0.0,0.0,0.0,0.0,1.0,0.0
1972086,0.0,0.0,0.0,0.0,0.0,0.0,0.0
1973539,0.0,0.0,0.0,0.0,0.0,1.0,0.0
1974039,0.0,0.0,0.0,0.0,0.0,0.0,0.0
1974538,0.0,0.0,0.0,0.0,0.0,1.0,0.0
1974544,0.0,0.0,0.0,0.0,0.0,2.0,0.0
1975044,0.0,0.0,0.0,0.0,0.0,0.0,0.0
1984896,0.0,0.0,0.0,0.0,0.0,1.0,0.0
1985396,0.0,0.0,0.0,0.0,0.0,0.0,0.0
1991143,0.0,0.0,0.0,0.0,0.0,1.0,0.0
1991643,0.0,0.0,0.0,0.0,0.0,0.0,0.0
1995570,0.0,0.0,0.0,0.0,0.0,1.0,0.0
1996070,0.0,0.0,0.0,0.0,0.0,0.0,0.0
1996996,0.0,0.0,0.0,0.0,0.0,1.0,0.0
1997496,0.0,0.0,0.0,0.0,0.0,0.0,0.0
1998162,0.0,0.0,0.0,0.0,0.0,1.0,0.0
1998163,0.0,0.0,0.0,0.0,0.0,2.0,0.0
1998663,0.0,0.0,0.0,0.0,0.0,0.0,0.0
2005246,0.0,0.0,0.0,0.0,0.0,1.0,0.0
2005746,0.0,0.0,0.0,0.0,0.0,0.0,0.0
2006934,0.0,0.0,0.0,0.0,0.0,1.0,0.0
2007434,0.0,0.0,0.0,0.0,0.0,0.0,0.0
2011168,0.0,0.0,0.0,0.0,0.0,1.0,0.0
2011668,0.0,0.0,0.0,0.0,0.0,0.0,0.0
2012008,0.0,0.0,0.0,0.0,0.0,1.0,0.0
2012013,0.0,0.0,0.0,0.0,0.0,2.0,0.0
2012513,0.0,0.0,0.0,0.0,0.0,0.0,0.0
2015816,0.0,0.0,0.0,0.0,0.0,1.0,0.0
2016316,0.0,0.0,0.0,0.0,0.0,0.0,0.0
2017334,0.0,0.0,0.0,0.0,0.0,1.0,0.0
2017834,0.0,0.0,0.0,0.0,0.0,0.0,0.0
2018363,0.0,0.0,0.0,0.0,0.0,1.0,0.0
2018863,0.0,0.0,0.0,0.0,0.0,0.0,0.0
2018971,0.0,0.0,0.0,0.0,0.0,1.0,0.0
2019000,0.0,0.0,0.0,0.0,0.0,1.0,1.0
2019471,0.0,0.0,0.0,0.0,0.0,0.0,1.0
2019500,0.0,0.0,0.0,0.0,0.0,0.0,0.0
2019548,0.0,0.0,0.0,0.0,0.0,1.0,0.0
2019549,0.0,0.0,0.0,0.0,0.0,2.0,0.0
2019812,0.0,0.0,0.0,0.0,1.0,2.0,0.0
2019839,2.0,0.0,0.0,0.0,1.0,2.0,0.0
2019845,2.0,0.0,0.0,0.0,2.0,2.0,0.0
2020049,2.0,0.0,0.0,0.0,2.0,0.0,0.0
2020301,2.0,2.0,0.0,0.0,2.0,0.0,0.0
2020339,0.0,2.0,0.0,0.0,2.0,0.0,0.0
2020345,0.0,2.0,0.0,0.0,0.0,0.0,0.0
