,ADWIN,CUSUM,DDM,GeometricMovingAverage,HDDMAverage,HDDMWeighted,Ground-truth
35,0.0,0.0,1.0,0.0,0.0,0.0,0.0
39,0.0,0.0,2.0,0.0,0.0,0.0,0.0
536,0.0,0.0,2.0,0.0,0.0,1.0,0.0
539,0.0,0.0,1.0,0.0,0.0,1.0,0.0
548,0.0,0.0,2.0,0.0,0.0,1.0,0.0
1036,0.0,0.0,2.0,0.0,0.0,0.0,0.0
1048,0.0,0.0,0.0,0.0,0.0,0.0,0.0
1105,0.0,0.0,1.0,0.0,0.0,0.0,0.0
1605,0.0,0.0,0.0,0.0,0.0,0.0,0.0
3354,0.0,0.0,0.0,0.0,1.0,0.0,0.0
3854,0.0,0.0,0.0,0.0,0.0,0.0,0.0
5320,0.0,0.0,0.0,0.0,0.0,1.0,0.0
5820,0.0,0.0,0.0,0.0,0.0,0.0,0.0
5916,0.0,0.0,0.0,0.0,0.0,1.0,0.0
6416,0.0,0.0,0.0,0.0,0.0,0.0,0.0
6799,0.0,0.0,0.0,0.0,0.0,1.0,0.0
7299,0.0,0.0,0.0,0.0,0.0,0.0,0.0
7523,0.0,0.0,0.0,0.0,0.0,1.0,0.0
8023,0.0,0.0,0.0,0.0,0.0,0.0,0.0
9828,0.0,0.0,0.0,0.0,0.0,1.0,0.0
9832,0.0,0.0,0.0,0.0,0.0,2.0,0.0
9890,0.0,0.0,0.0,0.0,1.0,2.0,0.0
10332,0.0,0.0,0.0,0.0,1.0,0.0,0.0
10390,0.0,0.0,0.0,0.0,0.0,0.0,0.0
12019,0.0,0.0,0.0,0.0,0.0,1.0,0.0
12519,0.0,0.0,0.0,0.0,0.0,0.0,0.0
13066,0.0,0.0,0.0,0.0,0.0,1.0,0.0
13566,0.0,0.0,0.0,0.0,0.0,0.0,0.0
15217,0.0,0.0,0.0,0.0,0.0,1.0,0.0
15717,0.0,0.0,0.0,0.0,0.0,0.0,0.0
15743,0.0,0.0,0.0,0.0,0.0,1.0,0.0
16243,0.0,0.0,0.0,0.0,0.0,0.0,0.0
16251,0.0,0.0,0.0,0.0,0.0,1.0,0.0
16751,0.0,0.0,0.0,0.0,0.0,0.0,0.0
17612,0.0,0.0,0.0,0.0,0.0,1.0,0.0
18112,0.0,0.0,0.0,0.0,0.0,0.0,0.0
18164,0.0,0.0,0.0,0.0,0.0,1.0,0.0
18664,0.0,0.0,0.0,0.0,0.0,0.0,0.0
19988,0.0,0.0,0.0,0.0,0.0,1.0,0.0
20488,0.0,0.0,0.0,0.0,0.0,0.0,0.0
21043,0.0,0.0,0.0,0.0,0.0,1.0,0.0
21543,0.0,0.0,0.0,0.0,0.0,0.0,0.0
21660,0.0,0.0,0.0,0.0,0.0,1.0,0.0
21667,0.0,0.0,0.0,0.0,0.0,2.0,0.0
22167,0.0,0.0,0.0,0.0,0.0,0.0,0.0
22815,0.0,0.0,0.0,0.0,0.0,1.0,0.0
23315,0.0,0.0,0.0,0.0,0.0,0.0,0.0
23406,0.0,0.0,0.0,0.0,0.0,1.0,0.0
23906,0.0,0.0,0.0,0.0,0.0,0.0,0.0
24056,0.0,0.0,0.0,0.0,0.0,1.0,0.0
24556,0.0,0.0,0.0,0.0,0.0,0.0,0.0
25505,0.0,0.0,0.0,0.0,0.0,1.0,0.0
26005,0.0,0.0,0.0,0.0,0.0,0.0,0.0
27334,0.0,0.0,0.0,0.0,0.0,1.0,0.0
27834,0.0,0.0,0.0,0.0,0.0,0.0,0.0
27871,0.0,0.0,0.0,0.0,0.0,1.0,0.0
28371,0.0,0.0,0.0,0.0,0.0,0.0,0.0
30828,0.0,0.0,0.0,0.0,0.0,1.0,0.0
31328,0.0,0.0,0.0,0.0,0.0,0.0,0.0
31392,0.0,0.0,0.0,0.0,0.0,1.0,0.0
31892,0.0,0.0,0.0,0.0,0.0,0.0,0.0
32587,0.0,0.0,0.0,0.0,0.0,1.0,0.0
33087,0.0,0.0,0.0,0.0,0.0,0.0,0.0
33491,0.0,0.0,0.0,0.0,0.0,1.0,0.0
33991,0.0,0.0,0.0,0.0,0.0,0.0,0.0
34878,0.0,0.0,0.0,0.0,0.0,1.0,0.0
35378,0.0,0.0,0.0,0.0,0.0,0.0,0.0
37014,0.0,0.0,0.0,0.0,0.0,1.0,0.0
37016,0.0,0.0,0.0,0.0,0.0,2.0,0.0
37516,0.0,0.0,0.0,0.0,0.0,0.0,0.0
39805,0.0,0.0,0.0,0.0,0.0,1.0,0.0
40305,0.0,0.0,0.0,0.0,0.0,0.0,0.0
40961,0.0,0.0,0.0,0.0,0.0,1.0,0.0
40970,0.0,0.0,0.0,0.0,0.0,2.0,0.0
41470,0.0,0.0,0.0,0.0,0.0,0.0,0.0
42558,0.0,0.0,0.0,0.0,0.0,1.0,0.0
43058,0.0,0.0,0.0,0.0,0.0,0.0,0.0
43170,0.0,0.0,0.0,0.0,0.0,1.0,0.0
43670,0.0,0.0,0.0,0.0,0.0,0.0,0.0
45066,0.0,0.0,0.0,0.0,0.0,1.0,0.0
45566,0.0,0.0,0.0,0.0,0.0,0.0,0.0
47100,0.0,0.0,0.0,0.0,0.0,1.0,0.0
47600,0.0,0.0,0.0,0.0,0.0,0.0,0.0
48652,0.0,0.0,0.0,0.0,0.0,1.0,0.0
49152,0.0,0.0,0.0,0.0,0.0,0.0,0.0
50561,0.0,0.0,0.0,0.0,0.0,1.0,0.0
50563,0.0,0.0,0.0,0.0,0.0,2.0,0.0
51063,0.0,0.0,0.0,0.0,0.0,0.0,0.0
52800,0.0,0.0,0.0,0.0,0.0,1.0,0.0
53300,0.0,0.0,0.0,0.0,0.0,0.0,0.0
54778,0.0,0.0,0.0,0.0,0.0,1.0,0.0
55278,0.0,0.0,0.0,0.0,0.0,0.0,0.0
55285,0.0,0.0,0.0,0.0,0.0,1.0,0.0
55287,0.0,0.0,0.0,0.0,0.0,2.0,0.0
55288,0.0,0.0,0.0,0.0,1.0,2.0,0.0
55787,0.0,0.0,0.0,0.0,1.0,0.0,0.0
55788,0.0,0.0,0.0,0.0,0.0,0.0,0.0
56366,0.0,0.0,0.0,0.0,0.0,1.0,0.0
56866,0.0,0.0,0.0,0.0,0.0,0.0,0.0
58129,0.0,0.0,0.0,0.0,0.0,1.0,0.0
58629,0.0,0.0,0.0,0.0,0.0,0.0,0.0
59778,0.0,0.0,0.0,0.0,0.0,1.0,0.0
60278,0.0,0.0,0.0,0.0,0.0,0.0,0.0
60692,0.0,0.0,0.0,0.0,0.0,1.0,0.0
61192,0.0,0.0,0.0,0.0,0.0,0.0,0.0
61282,0.0,0.0,0.0,0.0,0.0,1.0,0.0
61289,0.0,0.0,0.0,0.0,0.0,2.0,0.0
61789,0.0,0.0,0.0,0.0,0.0,0.0,0.0
62693,0.0,0.0,0.0,0.0,0.0,1.0,0.0
63193,0.0,0.0,0.0,0.0,0.0,0.0,0.0
63995,0.0,0.0,0.0,0.0,0.0,1.0,0.0
64495,0.0,0.0,0.0,0.0,0.0,0.0,0.0
66305,0.0,0.0,0.0,0.0,0.0,1.0,0.0
66805,0.0,0.0,0.0,0.0,0.0,0.0,0.0
69104,0.0,0.0,0.0,0.0,0.0,1.0,0.0
69231,0.0,0.0,0.0,0.0,0.0,2.0,0.0
69731,0.0,0.0,0.0,0.0,0.0,0.0,0.0
71107,0.0,0.0,0.0,0.0,0.0,1.0,0.0
71607,0.0,0.0,0.0,0.0,0.0,0.0,0.0
73034,0.0,0.0,0.0,0.0,0.0,1.0,0.0
73534,0.0,0.0,0.0,0.0,0.0,0.0,0.0
73580,0.0,2.0,0.0,0.0,0.0,0.0,0.0
73581,0.0,2.0,0.0,0.0,0.0,1.0,0.0
74080,0.0,0.0,0.0,0.0,0.0,1.0,0.0
74081,0.0,0.0,0.0,0.0,0.0,0.0,0.0
74088,0.0,0.0,0.0,0.0,0.0,1.0,0.0
74588,0.0,0.0,0.0,0.0,0.0,0.0,0.0
75139,0.0,0.0,0.0,0.0,0.0,1.0,0.0
75178,0.0,0.0,0.0,0.0,0.0,2.0,0.0
75678,0.0,0.0,0.0,0.0,0.0,0.0,0.0
76130,0.0,0.0,0.0,0.0,0.0,1.0,0.0
76132,0.0,0.0,0.0,0.0,0.0,2.0,0.0
76632,0.0,0.0,0.0,0.0,0.0,0.0,0.0
77877,0.0,0.0,0.0,0.0,0.0,1.0,0.0
78377,0.0,0.0,0.0,0.0,0.0,0.0,0.0
78392,0.0,0.0,0.0,0.0,0.0,1.0,0.0
78892,0.0,0.0,0.0,0.0,0.0,0.0,0.0
79213,0.0,0.0,0.0,0.0,0.0,1.0,0.0
79713,0.0,0.0,0.0,0.0,0.0,0.0,0.0
79904,0.0,0.0,0.0,0.0,0.0,1.0,0.0
80025,0.0,0.0,0.0,0.0,0.0,2.0,0.0
80525,0.0,0.0,0.0,0.0,0.0,0.0,0.0
81515,0.0,0.0,0.0,0.0,0.0,1.0,0.0
82015,0.0,0.0,0.0,0.0,0.0,0.0,0.0
85990,0.0,0.0,0.0,0.0,0.0,1.0,0.0
86490,0.0,0.0,0.0,0.0,0.0,0.0,0.0
87374,0.0,0.0,0.0,0.0,0.0,1.0,0.0
87874,0.0,0.0,0.0,0.0,0.0,0.0,0.0
88939,0.0,0.0,0.0,0.0,0.0,1.0,0.0
89043,0.0,0.0,0.0,0.0,0.0,2.0,0.0
89543,0.0,0.0,0.0,0.0,0.0,0.0,0.0
89653,0.0,0.0,0.0,0.0,0.0,1.0,0.0
90161,0.0,0.0,0.0,0.0,0.0,2.0,0.0
90661,0.0,0.0,0.0,0.0,0.0,0.0,0.0
91850,0.0,0.0,0.0,0.0,0.0,1.0,0.0
92350,0.0,0.0,0.0,0.0,0.0,0.0,0.0
93418,0.0,0.0,0.0,0.0,0.0,1.0,0.0
93499,0.0,0.0,0.0,0.0,1.0,1.0,0.0
93918,0.0,0.0,0.0,0.0,1.0,0.0,0.0
93999,0.0,0.0,0.0,0.0,0.0,0.0,0.0
94585,0.0,0.0,0.0,0.0,0.0,1.0,0.0
94591,0.0,0.0,0.0,0.0,0.0,2.0,0.0
95091,0.0,0.0,0.0,0.0,0.0,0.0,0.0
95256,0.0,0.0,0.0,0.0,0.0,1.0,0.0
95756,0.0,0.0,0.0,0.0,0.0,0.0,0.0
95911,0.0,0.0,0.0,0.0,0.0,1.0,0.0
95913,0.0,0.0,0.0,0.0,0.0,2.0,0.0
96413,0.0,0.0,0.0,0.0,0.0,0.0,0.0
96569,0.0,0.0,0.0,0.0,0.0,1.0,0.0
97069,0.0,0.0,0.0,0.0,0.0,0.0,0.0
97708,0.0,0.0,0.0,0.0,0.0,1.0,0.0
98208,0.0,0.0,0.0,0.0,0.0,0.0,0.0
99513,0.0,0.0,0.0,0.0,0.0,1.0,0.0
99524,0.0,0.0,0.0,0.0,0.0,2.0,0.0
100024,0.0,0.0,0.0,0.0,0.0,0.0,0.0
100756,0.0,0.0,0.0,0.0,0.0,1.0,0.0
101256,0.0,0.0,0.0,0.0,0.0,0.0,0.0
101793,0.0,0.0,0.0,0.0,0.0,1.0,0.0
101797,0.0,0.0,0.0,0.0,0.0,2.0,0.0
102297,0.0,0.0,0.0,0.0,0.0,0.0,0.0
102969,0.0,0.0,0.0,0.0,0.0,1.0,0.0
102970,0.0,0.0,0.0,0.0,1.0,1.0,0.0
103469,0.0,0.0,0.0,0.0,1.0,0.0,0.0
103470,0.0,0.0,0.0,0.0,0.0,0.0,0.0
104535,0.0,0.0,0.0,0.0,1.0,0.0,0.0
105035,0.0,0.0,0.0,0.0,0.0,0.0,0.0
106607,0.0,0.0,0.0,0.0,0.0,1.0,0.0
106609,0.0,0.0,0.0,0.0,0.0,2.0,0.0
107109,0.0,0.0,0.0,0.0,0.0,0.0,0.0
108008,0.0,0.0,0.0,0.0,0.0,1.0,0.0
108508,0.0,0.0,0.0,0.0,0.0,0.0,0.0
114576,0.0,0.0,0.0,0.0,0.0,1.0,0.0
114578,0.0,0.0,0.0,0.0,0.0,2.0,0.0
115078,0.0,0.0,0.0,0.0,0.0,0.0,0.0
117704,0.0,0.0,0.0,0.0,1.0,0.0,0.0
118204,0.0,0.0,0.0,0.0,0.0,0.0,0.0
127286,0.0,0.0,0.0,0.0,0.0,1.0,0.0
127786,0.0,0.0,0.0,0.0,0.0,0.0,0.0
129882,0.0,0.0,0.0,0.0,0.0,1.0,0.0
129886,0.0,0.0,0.0,0.0,0.0,2.0,0.0
130386,0.0,0.0,0.0,0.0,0.0,0.0,0.0
130493,0.0,0.0,0.0,0.0,0.0,1.0,0.0
130993,0.0,0.0,0.0,0.0,0.0,0.0,0.0
132091,0.0,0.0,0.0,0.0,0.0,1.0,0.0
132591,0.0,0.0,0.0,0.0,0.0,0.0,0.0
134201,0.0,0.0,0.0,0.0,0.0,1.0,0.0
134701,0.0,0.0,0.0,0.0,0.0,0.0,0.0
135446,0.0,0.0,0.0,0.0,0.0,1.0,0.0
135946,0.0,0.0,0.0,0.0,0.0,0.0,0.0
136687,0.0,0.0,0.0,0.0,0.0,1.0,0.0
137187,0.0,0.0,0.0,0.0,0.0,0.0,0.0
138431,0.0,0.0,0.0,0.0,0.0,1.0,0.0
138931,0.0,0.0,0.0,0.0,0.0,0.0,0.0
139858,0.0,0.0,0.0,0.0,0.0,1.0,0.0
140358,0.0,0.0,0.0,0.0,0.0,0.0,0.0
140427,0.0,0.0,0.0,0.0,0.0,1.0,0.0
140927,0.0,0.0,0.0,0.0,0.0,0.0,0.0
141049,0.0,0.0,0.0,0.0,0.0,1.0,0.0
141549,0.0,0.0,0.0,0.0,0.0,0.0,0.0
144487,0.0,0.0,0.0,0.0,0.0,1.0,0.0
144987,0.0,0.0,0.0,0.0,0.0,0.0,0.0
145213,0.0,0.0,0.0,0.0,0.0,1.0,0.0
145713,0.0,0.0,0.0,0.0,0.0,0.0,0.0
148605,0.0,0.0,0.0,0.0,0.0,1.0,0.0
148624,0.0,0.0,0.0,0.0,1.0,1.0,0.0
149105,0.0,0.0,0.0,0.0,1.0,0.0,0.0
149124,0.0,0.0,0.0,0.0,0.0,0.0,0.0
150888,0.0,0.0,0.0,0.0,0.0,1.0,0.0
151388,0.0,0.0,0.0,0.0,0.0,0.0,0.0
152202,0.0,0.0,0.0,0.0,0.0,1.0,0.0
152702,0.0,0.0,0.0,0.0,0.0,0.0,0.0
155484,0.0,0.0,0.0,0.0,0.0,1.0,0.0
155984,0.0,0.0,0.0,0.0,0.0,0.0,0.0
157071,0.0,0.0,0.0,0.0,0.0,1.0,0.0
157571,0.0,0.0,0.0,0.0,0.0,0.0,0.0
157810,0.0,0.0,0.0,0.0,0.0,1.0,0.0
158310,0.0,0.0,0.0,0.0,0.0,0.0,0.0
159805,0.0,0.0,0.0,0.0,0.0,1.0,0.0
160305,0.0,0.0,0.0,0.0,0.0,0.0,0.0
163849,0.0,0.0,0.0,0.0,0.0,1.0,0.0
164349,0.0,0.0,0.0,0.0,0.0,0.0,0.0
164848,0.0,0.0,0.0,0.0,0.0,1.0,0.0
165348,0.0,0.0,0.0,0.0,0.0,0.0,0.0
165934,0.0,0.0,0.0,0.0,0.0,1.0,0.0
166434,0.0,0.0,0.0,0.0,0.0,0.0,0.0
168827,0.0,0.0,0.0,0.0,0.0,1.0,0.0
169327,0.0,0.0,0.0,0.0,0.0,0.0,0.0
169438,0.0,0.0,0.0,0.0,0.0,1.0,0.0
169442,0.0,0.0,0.0,0.0,0.0,2.0,0.0
169942,0.0,0.0,0.0,0.0,0.0,0.0,0.0
170610,0.0,0.0,0.0,0.0,0.0,1.0,0.0
171110,0.0,0.0,0.0,0.0,0.0,0.0,0.0
173324,0.0,0.0,0.0,0.0,0.0,1.0,0.0
173824,0.0,0.0,0.0,0.0,0.0,0.0,0.0
174446,0.0,0.0,0.0,0.0,0.0,1.0,0.0
174946,0.0,0.0,0.0,0.0,0.0,0.0,0.0
175247,0.0,0.0,0.0,0.0,0.0,1.0,0.0
175747,0.0,0.0,0.0,0.0,0.0,0.0,0.0
178137,0.0,0.0,0.0,0.0,0.0,1.0,0.0
178637,0.0,0.0,0.0,0.0,0.0,0.0,0.0
179681,0.0,0.0,0.0,0.0,0.0,1.0,0.0
180181,0.0,0.0,0.0,0.0,0.0,0.0,0.0
181449,0.0,0.0,0.0,0.0,0.0,1.0,0.0
181456,0.0,0.0,0.0,0.0,0.0,2.0,0.0
181956,0.0,0.0,0.0,0.0,0.0,0.0,0.0
183610,0.0,0.0,0.0,0.0,0.0,1.0,0.0
184110,0.0,0.0,0.0,0.0,0.0,0.0,0.0
185150,0.0,0.0,0.0,0.0,0.0,1.0,0.0
185650,0.0,0.0,0.0,0.0,0.0,0.0,0.0
187255,0.0,0.0,0.0,0.0,0.0,1.0,0.0
187755,0.0,0.0,0.0,0.0,0.0,0.0,0.0
190373,0.0,0.0,0.0,0.0,0.0,1.0,0.0
190873,0.0,0.0,0.0,0.0,0.0,0.0,0.0
194956,0.0,0.0,0.0,0.0,0.0,1.0,0.0
195456,0.0,0.0,0.0,0.0,0.0,0.0,0.0
195909,0.0,0.0,0.0,0.0,0.0,1.0,0.0
196409,0.0,0.0,0.0,0.0,0.0,0.0,0.0
200016,0.0,0.0,0.0,0.0,0.0,1.0,0.0
200100,0.0,0.0,0.0,0.0,0.0,1.0,1.0
200516,0.0,0.0,0.0,0.0,0.0,0.0,1.0
200562,0.0,0.0,0.0,0.0,0.0,1.0,1.0
200580,0.0,0.0,0.0,0.0,0.0,2.0,1.0
200600,0.0,0.0,0.0,0.0,0.0,2.0,0.0
201080,0.0,0.0,0.0,0.0,0.0,0.0,0.0
201724,0.0,0.0,0.0,0.0,0.0,1.0,0.0
202114,0.0,0.0,0.0,0.0,1.0,1.0,0.0
202116,0.0,2.0,0.0,0.0,1.0,1.0,0.0
202224,0.0,2.0,0.0,0.0,1.0,0.0,0.0
202616,0.0,0.0,0.0,0.0,1.0,0.0,0.0
202678,0.0,0.0,0.0,0.0,2.0,0.0,0.0
202879,2.0,0.0,0.0,0.0,2.0,0.0,0.0
203178,2.0,0.0,0.0,0.0,0.0,0.0,0.0
203252,2.0,0.0,0.0,0.0,0.0,1.0,0.0
203379,0.0,0.0,0.0,0.0,0.0,1.0,0.0
203512,0.0,0.0,0.0,0.0,1.0,2.0,0.0
204012,0.0,0.0,0.0,0.0,0.0,0.0,0.0
204799,2.0,0.0,0.0,0.0,0.0,0.0,0.0
205181,2.0,0.0,0.0,0.0,0.0,1.0,0.0
205183,2.0,0.0,0.0,0.0,0.0,2.0,0.0
205299,0.0,0.0,0.0,0.0,0.0,2.0,0.0
205683,0.0,0.0,0.0,0.0,0.0,0.0,0.0
205896,0.0,0.0,0.0,0.0,1.0,0.0,0.0
205898,0.0,0.0,0.0,0.0,2.0,1.0,0.0
206398,0.0,0.0,0.0,0.0,0.0,0.0,0.0
207116,0.0,0.0,0.0,0.0,0.0,1.0,0.0
207512,0.0,0.0,1.0,0.0,0.0,1.0,0.0
207616,0.0,0.0,1.0,0.0,0.0,0.0,0.0
207917,0.0,0.0,1.0,0.0,0.0,1.0,0.0
207919,0.0,0.0,1.0,0.0,0.0,2.0,0.0
207928,0.0,0.0,1.0,0.0,1.0,2.0,0.0
208419,0.0,0.0,1.0,0.0,1.0,0.0,0.0
208428,0.0,0.0,1.0,0.0,0.0,0.0,0.0
208492,0.0,0.0,1.0,0.0,0.0,1.0,0.0
208992,0.0,0.0,1.0,0.0,0.0,0.0,0.0
209607,0.0,0.0,1.0,0.0,0.0,1.0,0.0
210107,0.0,0.0,1.0,0.0,0.0,0.0,0.0
211091,0.0,0.0,1.0,0.0,0.0,1.0,0.0
211591,0.0,0.0,1.0,0.0,0.0,0.0,0.0
211986,0.0,0.0,1.0,0.0,0.0,1.0,0.0
212486,0.0,0.0,1.0,0.0,0.0,0.0,0.0
212827,0.0,0.0,1.0,0.0,0.0,1.0,0.0
213327,0.0,0.0,1.0,0.0,0.0,0.0,0.0
214360,0.0,0.0,1.0,0.0,1.0,0.0,0.0
214860,0.0,0.0,1.0,0.0,0.0,0.0,0.0
215051,0.0,0.0,1.0,0.0,0.0,1.0,0.0
215551,0.0,0.0,1.0,0.0,0.0,0.0,0.0
216066,0.0,0.0,2.0,0.0,0.0,0.0,0.0
216566,0.0,0.0,0.0,0.0,0.0,0.0,0.0
216569,0.0,0.0,1.0,0.0,0.0,0.0,0.0
217069,0.0,0.0,0.0,0.0,0.0,0.0,0.0
217538,0.0,0.0,0.0,0.0,0.0,1.0,0.0
217856,0.0,0.0,0.0,0.0,0.0,2.0,0.0
218356,0.0,0.0,0.0,0.0,0.0,0.0,0.0
219382,0.0,0.0,0.0,0.0,0.0,1.0,0.0
219882,0.0,0.0,0.0,0.0,0.0,0.0,0.0
220087,0.0,0.0,0.0,0.0,0.0,1.0,0.0
220587,0.0,0.0,0.0,0.0,0.0,0.0,0.0
221576,0.0,0.0,0.0,0.0,0.0,1.0,0.0
221670,0.0,0.0,0.0,0.0,0.0,2.0,0.0
222170,0.0,0.0,0.0,0.0,0.0,0.0,0.0
222545,0.0,0.0,0.0,0.0,0.0,1.0,0.0
223045,0.0,0.0,0.0,0.0,0.0,0.0,0.0
223348,0.0,0.0,0.0,0.0,0.0,1.0,0.0
223848,0.0,0.0,0.0,0.0,0.0,0.0,0.0
224105,0.0,0.0,0.0,0.0,0.0,1.0,0.0
224605,0.0,0.0,0.0,0.0,0.0,0.0,0.0
226041,0.0,0.0,0.0,0.0,0.0,1.0,0.0
226043,0.0,0.0,0.0,0.0,1.0,2.0,0.0
226044,0.0,0.0,0.0,0.0,2.0,2.0,0.0
226543,0.0,0.0,0.0,0.0,2.0,0.0,0.0
226544,0.0,0.0,0.0,0.0,0.0,0.0,0.0
227779,0.0,0.0,0.0,0.0,0.0,1.0,0.0
228279,0.0,0.0,0.0,0.0,0.0,0.0,0.0
229274,0.0,0.0,0.0,0.0,0.0,1.0,0.0
229774,0.0,0.0,0.0,0.0,0.0,0.0,0.0
230168,0.0,0.0,0.0,0.0,0.0,1.0,0.0
230668,0.0,0.0,0.0,0.0,0.0,0.0,0.0
232019,0.0,0.0,0.0,0.0,0.0,1.0,0.0
232519,0.0,0.0,0.0,0.0,0.0,0.0,0.0
232767,0.0,0.0,0.0,0.0,0.0,1.0,0.0
233267,0.0,0.0,0.0,0.0,0.0,0.0,0.0
233356,0.0,0.0,0.0,0.0,0.0,1.0,0.0
233856,0.0,0.0,0.0,0.0,0.0,0.0,0.0
233857,0.0,0.0,0.0,0.0,0.0,1.0,0.0
234357,0.0,0.0,0.0,0.0,0.0,0.0,0.0
235003,0.0,0.0,0.0,0.0,0.0,1.0,0.0
235503,0.0,0.0,0.0,0.0,0.0,0.0,0.0
235632,0.0,0.0,0.0,0.0,0.0,1.0,0.0
235637,0.0,0.0,0.0,0.0,0.0,2.0,0.0
236137,0.0,0.0,0.0,0.0,0.0,0.0,0.0
236258,0.0,0.0,0.0,0.0,0.0,1.0,0.0
236758,0.0,0.0,0.0,0.0,0.0,0.0,0.0
237137,0.0,0.0,0.0,0.0,0.0,1.0,0.0
237614,0.0,0.0,0.0,0.0,0.0,2.0,0.0
238114,0.0,0.0,0.0,0.0,0.0,0.0,0.0
239861,0.0,0.0,0.0,0.0,0.0,1.0,0.0
240361,0.0,0.0,0.0,0.0,0.0,0.0,0.0
241187,0.0,0.0,0.0,0.0,0.0,1.0,0.0
241687,0.0,0.0,0.0,0.0,0.0,0.0,0.0
242117,0.0,0.0,0.0,0.0,0.0,1.0,0.0
242617,0.0,0.0,0.0,0.0,0.0,0.0,0.0
243366,0.0,0.0,0.0,0.0,0.0,1.0,0.0
243866,0.0,0.0,0.0,0.0,0.0,0.0,0.0
247239,0.0,0.0,0.0,0.0,0.0,1.0,0.0
247246,0.0,0.0,0.0,0.0,0.0,2.0,0.0
247746,0.0,0.0,0.0,0.0,0.0,0.0,0.0
248903,0.0,0.0,0.0,0.0,0.0,1.0,0.0
249403,0.0,0.0,0.0,0.0,0.0,0.0,0.0
249937,0.0,0.0,0.0,0.0,0.0,1.0,0.0
250437,0.0,0.0,0.0,0.0,0.0,0.0,0.0
252360,0.0,0.0,0.0,0.0,0.0,1.0,0.0
252361,0.0,0.0,0.0,0.0,1.0,2.0,0.0
252861,0.0,0.0,0.0,0.0,0.0,0.0,0.0
253055,0.0,0.0,0.0,0.0,1.0,0.0,0.0
253138,0.0,0.0,0.0,0.0,2.0,0.0,0.0
253140,0.0,2.0,0.0,0.0,2.0,1.0,0.0
253638,0.0,2.0,0.0,0.0,0.0,1.0,0.0
253640,0.0,0.0,0.0,0.0,0.0,0.0,0.0
253677,0.0,0.0,0.0,0.0,0.0,1.0,0.0
253685,0.0,0.0,0.0,0.0,0.0,2.0,0.0
254185,0.0,0.0,0.0,0.0,0.0,0.0,0.0
254214,0.0,0.0,0.0,0.0,0.0,1.0,0.0
254714,0.0,0.0,0.0,0.0,0.0,0.0,0.0
255672,0.0,0.0,0.0,0.0,1.0,0.0,0.0
256171,0.0,0.0,0.0,0.0,1.0,1.0,0.0
256172,0.0,0.0,0.0,0.0,0.0,1.0,0.0
256671,0.0,0.0,0.0,0.0,0.0,0.0,0.0
258369,0.0,0.0,0.0,0.0,0.0,1.0,0.0
258869,0.0,0.0,0.0,0.0,0.0,0.0,0.0
259426,0.0,0.0,0.0,0.0,0.0,1.0,0.0
259926,0.0,0.0,0.0,0.0,0.0,0.0,0.0
260568,0.0,0.0,0.0,0.0,0.0,1.0,0.0
261068,0.0,0.0,0.0,0.0,0.0,0.0,0.0
261392,0.0,0.0,0.0,0.0,0.0,1.0,0.0
261892,0.0,0.0,0.0,0.0,0.0,0.0,0.0
262872,0.0,0.0,0.0,0.0,0.0,1.0,0.0
263372,0.0,0.0,0.0,0.0,0.0,0.0,0.0
263431,0.0,0.0,0.0,0.0,0.0,1.0,0.0
263442,0.0,0.0,0.0,0.0,0.0,2.0,0.0
263942,0.0,0.0,0.0,0.0,0.0,0.0,0.0
266478,0.0,0.0,0.0,0.0,0.0,1.0,0.0
266780,0.0,0.0,0.0,0.0,0.0,2.0,0.0
267280,0.0,0.0,0.0,0.0,0.0,0.0,0.0
268516,0.0,0.0,0.0,0.0,0.0,1.0,0.0
269016,0.0,0.0,0.0,0.0,0.0,0.0,0.0
269216,0.0,0.0,0.0,0.0,0.0,1.0,0.0
269716,0.0,0.0,0.0,0.0,0.0,0.0,0.0
270340,0.0,0.0,0.0,0.0,0.0,1.0,0.0
270840,0.0,0.0,0.0,0.0,0.0,0.0,0.0
272243,0.0,0.0,0.0,0.0,0.0,1.0,0.0
272267,0.0,0.0,0.0,0.0,0.0,2.0,0.0
272767,0.0,0.0,0.0,0.0,0.0,0.0,0.0
273061,0.0,0.0,0.0,0.0,0.0,1.0,0.0
273561,0.0,0.0,0.0,0.0,0.0,0.0,0.0
273594,0.0,0.0,0.0,0.0,0.0,1.0,0.0
274094,0.0,0.0,0.0,0.0,0.0,0.0,0.0
276366,0.0,0.0,0.0,0.0,0.0,1.0,0.0
276823,0.0,0.0,0.0,0.0,0.0,2.0,0.0
276857,0.0,0.0,0.0,0.0,1.0,2.0,0.0
277323,0.0,0.0,0.0,0.0,1.0,0.0,0.0
277357,0.0,0.0,0.0,0.0,0.0,0.0,0.0
279177,0.0,0.0,0.0,0.0,0.0,1.0,0.0
280177,0.0,0.0,0.0,0.0,0.0,0.0,0.0
280383,0.0,0.0,0.0,0.0,0.0,1.0,0.0
280540,0.0,2.0,0.0,0.0,0.0,1.0,0.0
280883,0.0,2.0,0.0,0.0,0.0,0.0,0.0
281040,0.0,0.0,0.0,0.0,0.0,0.0,0.0
281175,0.0,0.0,0.0,0.0,0.0,1.0,0.0
281675,0.0,0.0,0.0,0.0,0.0,0.0,0.0
282129,0.0,0.0,0.0,0.0,0.0,1.0,0.0
282629,0.0,0.0,0.0,0.0,0.0,0.0,0.0
283658,0.0,0.0,0.0,0.0,0.0,1.0,0.0
284158,0.0,0.0,0.0,0.0,0.0,0.0,0.0
287587,0.0,0.0,0.0,0.0,0.0,1.0,0.0
288087,0.0,0.0,0.0,0.0,0.0,0.0,0.0
288094,0.0,0.0,0.0,0.0,0.0,1.0,0.0
288594,0.0,0.0,0.0,0.0,0.0,0.0,0.0
288612,0.0,0.0,0.0,0.0,0.0,1.0,0.0
288629,0.0,0.0,0.0,0.0,0.0,2.0,0.0
289129,0.0,0.0,0.0,0.0,0.0,0.0,0.0
289989,0.0,0.0,0.0,0.0,0.0,1.0,0.0
290489,0.0,0.0,0.0,0.0,0.0,0.0,0.0
292532,0.0,0.0,0.0,0.0,0.0,1.0,0.0
293032,0.0,0.0,0.0,0.0,0.0,0.0,0.0
293504,0.0,0.0,0.0,0.0,0.0,1.0,0.0
294004,0.0,0.0,0.0,0.0,0.0,0.0,0.0
294540,0.0,0.0,0.0,0.0,0.0,1.0,0.0
295040,0.0,0.0,0.0,0.0,0.0,0.0,0.0
295080,0.0,0.0,0.0,0.0,0.0,1.0,0.0
295580,0.0,0.0,0.0,0.0,0.0,0.0,0.0
296283,0.0,0.0,0.0,0.0,0.0,1.0,0.0
296783,0.0,0.0,0.0,0.0,0.0,0.0,0.0
298309,0.0,0.0,0.0,0.0,0.0,1.0,0.0
298313,0.0,0.0,0.0,0.0,1.0,2.0,0.0
298813,0.0,0.0,0.0,0.0,0.0,0.0,0.0
300070,0.0,0.0,0.0,0.0,0.0,1.0,0.0
300570,0.0,0.0,0.0,0.0,0.0,0.0,0.0
303109,0.0,0.0,0.0,0.0,0.0,1.0,0.0
303609,0.0,0.0,0.0,0.0,0.0,0.0,0.0
305392,0.0,0.0,0.0,0.0,0.0,1.0,0.0
305394,0.0,0.0,0.0,0.0,0.0,2.0,0.0
305894,0.0,0.0,0.0,0.0,0.0,0.0,0.0
306704,0.0,0.0,0.0,0.0,0.0,1.0,0.0
306708,0.0,0.0,0.0,0.0,0.0,2.0,0.0
307208,0.0,0.0,0.0,0.0,0.0,0.0,0.0
307304,0.0,0.0,0.0,0.0,0.0,1.0,0.0
307804,0.0,0.0,0.0,0.0,0.0,0.0,0.0
309960,0.0,0.0,0.0,0.0,0.0,1.0,0.0
310460,0.0,0.0,0.0,0.0,0.0,0.0,0.0
312777,0.0,0.0,0.0,0.0,0.0,1.0,0.0
313277,0.0,0.0,0.0,0.0,0.0,0.0,0.0
317701,0.0,0.0,0.0,0.0,0.0,1.0,0.0
318201,0.0,0.0,0.0,0.0,0.0,0.0,0.0
321373,0.0,0.0,0.0,0.0,1.0,0.0,0.0
321584,0.0,0.0,0.0,0.0,1.0,1.0,0.0
321873,0.0,0.0,0.0,0.0,0.0,1.0,0.0
322084,0.0,0.0,0.0,0.0,0.0,0.0,0.0
324757,0.0,0.0,0.0,0.0,0.0,1.0,0.0
325257,0.0,0.0,0.0,0.0,0.0,0.0,0.0
331803,0.0,0.0,0.0,0.0,0.0,1.0,0.0
331809,0.0,0.0,0.0,0.0,0.0,2.0,0.0
332309,0.0,0.0,0.0,0.0,0.0,0.0,0.0
332517,0.0,0.0,0.0,0.0,0.0,1.0,0.0
333017,0.0,0.0,0.0,0.0,0.0,0.0,0.0
338751,0.0,0.0,0.0,0.0,0.0,1.0,0.0
339251,0.0,0.0,0.0,0.0,0.0,0.0,0.0
339391,0.0,0.0,0.0,0.0,0.0,1.0,0.0
339891,0.0,0.0,0.0,0.0,0.0,0.0,0.0
340380,0.0,0.0,0.0,0.0,0.0,1.0,0.0
340880,0.0,0.0,0.0,0.0,0.0,0.0,0.0
341838,0.0,0.0,0.0,0.0,0.0,1.0,0.0
342338,0.0,0.0,0.0,0.0,0.0,0.0,0.0
343390,0.0,0.0,0.0,0.0,0.0,1.0,0.0
343890,0.0,0.0,0.0,0.0,0.0,0.0,0.0
348551,0.0,0.0,0.0,0.0,0.0,1.0,0.0
348553,0.0,0.0,0.0,0.0,0.0,2.0,0.0
349053,0.0,0.0,0.0,0.0,0.0,0.0,0.0
351197,0.0,0.0,0.0,0.0,0.0,1.0,0.0
351697,0.0,0.0,0.0,0.0,0.0,0.0,0.0
352252,0.0,0.0,0.0,0.0,0.0,1.0,0.0
352752,0.0,0.0,0.0,0.0,0.0,0.0,0.0
354573,0.0,0.0,0.0,0.0,0.0,1.0,0.0
355073,0.0,0.0,0.0,0.0,0.0,0.0,0.0
359227,0.0,0.0,0.0,0.0,0.0,1.0,0.0
359727,0.0,0.0,0.0,0.0,0.0,0.0,0.0
359977,0.0,0.0,0.0,0.0,0.0,1.0,0.0
360477,0.0,0.0,0.0,0.0,0.0,0.0,0.0
360883,0.0,0.0,0.0,0.0,0.0,1.0,0.0
360888,0.0,0.0,0.0,0.0,0.0,2.0,0.0
361388,0.0,0.0,0.0,0.0,0.0,0.0,0.0
361758,0.0,0.0,0.0,0.0,0.0,1.0,0.0
362258,0.0,0.0,0.0,0.0,0.0,0.0,0.0
362826,0.0,0.0,0.0,0.0,0.0,1.0,0.0
363326,0.0,0.0,0.0,0.0,0.0,0.0,0.0
365183,0.0,0.0,0.0,0.0,0.0,1.0,0.0
365184,0.0,0.0,0.0,0.0,1.0,1.0,0.0
365683,0.0,0.0,0.0,0.0,1.0,0.0,0.0
365684,0.0,0.0,0.0,0.0,0.0,0.0,0.0
367337,0.0,0.0,0.0,0.0,0.0,1.0,0.0
367837,0.0,0.0,0.0,0.0,0.0,0.0,0.0
372614,0.0,0.0,0.0,0.0,0.0,1.0,0.0
372616,0.0,0.0,0.0,0.0,0.0,2.0,0.0
373116,0.0,0.0,0.0,0.0,0.0,0.0,0.0
375113,0.0,0.0,0.0,0.0,0.0,1.0,0.0
375402,0.0,0.0,0.0,0.0,0.0,2.0,0.0
375902,0.0,0.0,0.0,0.0,0.0,0.0,0.0
377054,0.0,0.0,0.0,0.0,0.0,1.0,0.0
377554,0.0,0.0,0.0,0.0,0.0,0.0,0.0
379615,0.0,0.0,0.0,0.0,0.0,1.0,0.0
380115,0.0,0.0,0.0,0.0,0.0,0.0,0.0
381023,0.0,0.0,0.0,0.0,0.0,1.0,0.0
381025,0.0,0.0,0.0,0.0,0.0,2.0,0.0
381525,0.0,0.0,0.0,0.0,0.0,0.0,0.0
381570,0.0,0.0,0.0,0.0,0.0,1.0,0.0
382070,0.0,0.0,0.0,0.0,0.0,0.0,0.0
382382,0.0,0.0,0.0,0.0,0.0,1.0,0.0
382882,0.0,0.0,0.0,0.0,0.0,0.0,0.0
383399,0.0,0.0,0.0,0.0,0.0,1.0,0.0
383899,0.0,0.0,0.0,0.0,0.0,0.0,0.0
386555,0.0,0.0,0.0,0.0,0.0,1.0,0.0
387055,0.0,0.0,0.0,0.0,0.0,0.0,0.0
387467,0.0,0.0,0.0,0.0,0.0,1.0,0.0
387967,0.0,0.0,0.0,0.0,0.0,0.0,0.0
389213,0.0,0.0,0.0,0.0,0.0,1.0,0.0
389713,0.0,0.0,0.0,0.0,0.0,0.0,0.0
389978,0.0,0.0,0.0,0.0,0.0,1.0,0.0
390478,0.0,0.0,0.0,0.0,0.0,0.0,0.0
391173,0.0,0.0,0.0,0.0,0.0,1.0,0.0
391673,0.0,0.0,0.0,0.0,0.0,0.0,0.0
392541,0.0,0.0,0.0,0.0,0.0,1.0,0.0
392549,0.0,0.0,0.0,0.0,0.0,2.0,0.0
393049,0.0,0.0,0.0,0.0,0.0,0.0,0.0
393740,0.0,0.0,0.0,0.0,0.0,1.0,0.0
394240,0.0,0.0,0.0,0.0,0.0,0.0,0.0
396963,0.0,0.0,0.0,0.0,0.0,1.0,0.0
397463,0.0,0.0,0.0,0.0,0.0,0.0,0.0
398891,0.0,0.0,0.0,0.0,0.0,1.0,0.0
399391,0.0,0.0,0.0,0.0,0.0,0.0,0.0
400300,0.0,0.0,0.0,0.0,0.0,0.0,1.0
400523,0.0,0.0,0.0,0.0,0.0,1.0,1.0
400800,0.0,0.0,0.0,0.0,0.0,1.0,0.0
401023,0.0,0.0,0.0,0.0,0.0,0.0,0.0
402271,0.0,2.0,0.0,0.0,0.0,0.0,0.0
402490,0.0,2.0,0.0,0.0,0.0,1.0,0.0
402771,0.0,0.0,0.0,0.0,0.0,1.0,0.0
402990,0.0,0.0,0.0,0.0,0.0,0.0,0.0
403414,0.0,0.0,0.0,0.0,0.0,1.0,0.0
403455,2.0,0.0,0.0,0.0,0.0,1.0,0.0
403460,2.0,0.0,0.0,0.0,0.0,2.0,0.0
403955,0.0,0.0,0.0,0.0,0.0,2.0,0.0
403960,0.0,0.0,0.0,0.0,0.0,0.0,0.0
403995,0.0,0.0,0.0,0.0,0.0,1.0,0.0
404136,0.0,0.0,0.0,0.0,1.0,1.0,0.0
404495,0.0,0.0,0.0,0.0,1.0,0.0,0.0
405204,0.0,0.0,0.0,0.0,2.0,0.0,0.0
405704,0.0,0.0,0.0,0.0,0.0,0.0,0.0
406431,2.0,0.0,0.0,0.0,0.0,0.0,0.0
406931,0.0,0.0,0.0,0.0,0.0,0.0,0.0
408955,0.0,0.0,0.0,0.0,0.0,1.0,0.0
408962,0.0,0.0,0.0,0.0,0.0,2.0,0.0
408991,2.0,0.0,0.0,0.0,0.0,2.0,0.0
409462,2.0,0.0,0.0,0.0,0.0,0.0,0.0
409491,0.0,0.0,0.0,0.0,0.0,0.0,0.0
410140,0.0,0.0,0.0,0.0,0.0,1.0,0.0
410142,0.0,0.0,0.0,0.0,0.0,2.0,0.0
410642,0.0,0.0,0.0,0.0,0.0,0.0,0.0
411530,0.0,0.0,0.0,0.0,0.0,1.0,0.0
412030,0.0,0.0,0.0,0.0,0.0,0.0,0.0
412501,0.0,0.0,0.0,0.0,0.0,1.0,0.0
413001,0.0,0.0,0.0,0.0,0.0,0.0,0.0
413188,0.0,0.0,0.0,0.0,0.0,1.0,0.0
413688,0.0,0.0,0.0,0.0,0.0,0.0,0.0
414412,0.0,0.0,0.0,0.0,0.0,1.0,0.0
414420,0.0,0.0,0.0,0.0,0.0,2.0,0.0
414654,0.0,2.0,0.0,0.0,0.0,2.0,0.0
414920,0.0,2.0,0.0,0.0,0.0,0.0,0.0
415154,0.0,0.0,0.0,0.0,0.0,0.0,0.0
416198,0.0,0.0,0.0,0.0,0.0,1.0,0.0
416698,0.0,0.0,0.0,0.0,0.0,0.0,0.0
416998,0.0,0.0,0.0,0.0,0.0,1.0,0.0
417022,0.0,0.0,0.0,0.0,0.0,2.0,0.0
417522,0.0,0.0,0.0,0.0,0.0,0.0,0.0
418854,0.0,0.0,0.0,0.0,0.0,1.0,0.0
418867,0.0,0.0,0.0,0.0,0.0,2.0,0.0
419367,0.0,0.0,0.0,0.0,0.0,0.0,0.0
419456,0.0,0.0,0.0,0.0,0.0,1.0,0.0
419956,0.0,0.0,0.0,0.0,0.0,0.0,0.0
420909,0.0,0.0,0.0,0.0,0.0,1.0,0.0
421409,0.0,0.0,0.0,0.0,0.0,0.0,0.0
421732,0.0,0.0,0.0,0.0,0.0,1.0,0.0
422232,0.0,0.0,0.0,0.0,0.0,0.0,0.0
422832,0.0,0.0,0.0,0.0,0.0,1.0,0.0
423332,0.0,0.0,0.0,0.0,0.0,0.0,0.0
424946,0.0,0.0,0.0,0.0,0.0,1.0,0.0
425446,0.0,0.0,0.0,0.0,0.0,0.0,0.0
426802,0.0,0.0,0.0,0.0,0.0,1.0,0.0
427302,0.0,0.0,0.0,0.0,0.0,0.0,0.0
428399,0.0,0.0,0.0,0.0,0.0,1.0,0.0
428899,0.0,0.0,0.0,0.0,0.0,0.0,0.0
429056,0.0,0.0,0.0,0.0,0.0,1.0,0.0
429556,0.0,0.0,0.0,0.0,0.0,0.0,0.0
429594,0.0,0.0,0.0,0.0,0.0,1.0,0.0
429620,0.0,0.0,0.0,0.0,0.0,2.0,0.0
429625,0.0,0.0,0.0,0.0,1.0,2.0,0.0
429631,0.0,0.0,0.0,0.0,2.0,2.0,0.0
430120,0.0,0.0,0.0,0.0,2.0,0.0,0.0
430131,0.0,0.0,0.0,0.0,0.0,0.0,0.0
433191,0.0,0.0,0.0,0.0,0.0,1.0,0.0
433691,0.0,0.0,0.0,0.0,0.0,0.0,0.0
438578,0.0,0.0,0.0,0.0,0.0,1.0,0.0
439021,0.0,0.0,0.0,0.0,0.0,2.0,0.0
439521,0.0,0.0,0.0,0.0,0.0,0.0,0.0
441677,0.0,0.0,0.0,0.0,0.0,1.0,0.0
442177,0.0,0.0,0.0,0.0,0.0,0.0,0.0
442279,0.0,0.0,0.0,0.0,0.0,1.0,0.0
442779,0.0,0.0,0.0,0.0,0.0,0.0,0.0
442872,0.0,0.0,0.0,0.0,0.0,1.0,0.0
443372,0.0,0.0,0.0,0.0,0.0,0.0,0.0
443540,0.0,0.0,0.0,0.0,0.0,1.0,0.0
444040,0.0,0.0,0.0,0.0,0.0,0.0,0.0
444908,0.0,0.0,0.0,0.0,1.0,0.0,0.0
445408,0.0,0.0,0.0,0.0,0.0,0.0,0.0
445625,0.0,0.0,0.0,0.0,0.0,1.0,0.0
446125,0.0,0.0,0.0,0.0,0.0,0.0,0.0
446244,0.0,0.0,0.0,0.0,0.0,1.0,0.0
446744,0.0,0.0,0.0,0.0,0.0,0.0,0.0
446914,0.0,2.0,0.0,0.0,0.0,0.0,0.0
446933,0.0,2.0,0.0,0.0,0.0,1.0,0.0
447414,0.0,0.0,0.0,0.0,0.0,1.0,0.0
447433,0.0,0.0,0.0,0.0,0.0,0.0,0.0
447690,0.0,0.0,0.0,0.0,0.0,1.0,0.0
448190,0.0,0.0,0.0,0.0,0.0,0.0,0.0
449785,0.0,0.0,0.0,0.0,0.0,1.0,0.0
450131,0.0,0.0,0.0,0.0,0.0,2.0,0.0
450631,0.0,0.0,0.0,0.0,0.0,0.0,0.0
451295,0.0,0.0,0.0,0.0,0.0,1.0,0.0
451795,0.0,0.0,0.0,0.0,0.0,0.0,0.0
452804,0.0,0.0,0.0,0.0,0.0,1.0,0.0
453304,0.0,0.0,0.0,0.0,0.0,0.0,0.0
453397,0.0,0.0,0.0,0.0,0.0,1.0,0.0
453897,0.0,0.0,0.0,0.0,0.0,0.0,0.0
453961,0.0,0.0,0.0,0.0,0.0,1.0,0.0
454461,0.0,0.0,0.0,0.0,0.0,0.0,0.0
454812,0.0,0.0,0.0,0.0,0.0,1.0,0.0
454821,0.0,0.0,0.0,0.0,0.0,2.0,0.0
455321,0.0,0.0,0.0,0.0,0.0,0.0,0.0
456345,0.0,0.0,0.0,0.0,0.0,1.0,0.0
456373,0.0,0.0,0.0,0.0,0.0,2.0,0.0
456873,0.0,0.0,0.0,0.0,0.0,0.0,0.0
457523,0.0,0.0,0.0,0.0,0.0,1.0,0.0
457564,0.0,0.0,0.0,0.0,0.0,2.0,0.0
458064,0.0,0.0,0.0,0.0,0.0,0.0,0.0
459988,0.0,0.0,0.0,0.0,0.0,1.0,0.0
459997,0.0,0.0,0.0,0.0,0.0,2.0,0.0
460497,0.0,0.0,0.0,0.0,0.0,0.0,0.0
460655,0.0,0.0,0.0,0.0,0.0,1.0,0.0
460657,0.0,0.0,0.0,0.0,0.0,2.0,0.0
461157,0.0,0.0,0.0,0.0,0.0,0.0,0.0
461622,0.0,0.0,0.0,0.0,0.0,1.0,0.0
462122,0.0,0.0,0.0,0.0,0.0,0.0,0.0
465426,0.0,0.0,0.0,0.0,0.0,1.0,0.0
465646,0.0,0.0,0.0,0.0,0.0,2.0,0.0
466146,0.0,0.0,0.0,0.0,0.0,0.0,0.0
469858,0.0,0.0,0.0,0.0,0.0,1.0,0.0
470358,0.0,0.0,0.0,0.0,0.0,0.0,0.0
470637,0.0,0.0,0.0,0.0,1.0,0.0,0.0
471086,0.0,0.0,0.0,0.0,1.0,1.0,0.0
471137,0.0,0.0,0.0,0.0,0.0,1.0,0.0
471586,0.0,0.0,0.0,0.0,0.0,0.0,0.0
472646,0.0,0.0,0.0,0.0,0.0,1.0,0.0
473146,0.0,0.0,0.0,0.0,0.0,0.0,0.0
474071,0.0,0.0,0.0,0.0,0.0,1.0,0.0
474571,0.0,0.0,0.0,0.0,0.0,0.0,0.0
475223,0.0,0.0,0.0,0.0,0.0,1.0,0.0
475723,0.0,0.0,0.0,0.0,0.0,0.0,0.0
476043,0.0,0.0,0.0,0.0,0.0,1.0,0.0
476543,0.0,0.0,0.0,0.0,0.0,0.0,0.0
476544,0.0,0.0,0.0,0.0,0.0,1.0,0.0
477044,0.0,0.0,0.0,0.0,0.0,0.0,0.0
477178,0.0,0.0,0.0,0.0,0.0,1.0,0.0
477678,0.0,0.0,0.0,0.0,0.0,0.0,0.0
478271,0.0,0.0,0.0,0.0,0.0,1.0,0.0
478320,0.0,0.0,0.0,0.0,0.0,2.0,0.0
478820,0.0,0.0,0.0,0.0,0.0,0.0,0.0
479289,0.0,2.0,0.0,0.0,0.0,0.0,0.0
479313,0.0,2.0,0.0,0.0,0.0,1.0,0.0
479789,0.0,0.0,0.0,0.0,0.0,1.0,0.0
479813,0.0,0.0,0.0,0.0,0.0,0.0,0.0
481899,0.0,0.0,0.0,0.0,0.0,1.0,0.0
482399,0.0,0.0,0.0,0.0,0.0,0.0,0.0
482455,0.0,0.0,0.0,0.0,0.0,1.0,0.0
482955,0.0,0.0,0.0,0.0,0.0,0.0,0.0
483416,0.0,0.0,0.0,0.0,0.0,1.0,0.0
483570,0.0,0.0,0.0,0.0,0.0,2.0,0.0
484070,0.0,0.0,0.0,0.0,0.0,0.0,0.0
485399,0.0,0.0,0.0,0.0,0.0,1.0,0.0
485899,0.0,0.0,0.0,0.0,0.0,0.0,0.0
486688,0.0,0.0,0.0,0.0,0.0,1.0,0.0
486690,0.0,0.0,0.0,0.0,0.0,2.0,0.0
487190,0.0,0.0,0.0,0.0,0.0,0.0,0.0
487375,0.0,0.0,0.0,0.0,0.0,1.0,0.0
487875,0.0,0.0,0.0,0.0,0.0,0.0,0.0
490121,0.0,0.0,0.0,0.0,0.0,1.0,0.0
490621,0.0,0.0,0.0,0.0,0.0,0.0,0.0
490931,0.0,0.0,0.0,0.0,0.0,1.0,0.0
491431,0.0,0.0,0.0,0.0,0.0,0.0,0.0
491449,0.0,0.0,0.0,0.0,0.0,1.0,0.0
491460,0.0,0.0,0.0,0.0,0.0,2.0,0.0
491960,0.0,0.0,0.0,0.0,0.0,0.0,0.0
494249,0.0,0.0,0.0,0.0,0.0,1.0,0.0
494749,0.0,0.0,0.0,0.0,0.0,0.0,0.0
497727,0.0,0.0,0.0,0.0,0.0,1.0,0.0
498227,0.0,0.0,0.0,0.0,0.0,0.0,0.0
499057,0.0,0.0,0.0,0.0,0.0,1.0,0.0
499065,0.0,0.0,0.0,0.0,0.0,2.0,0.0
499565,0.0,0.0,0.0,0.0,0.0,0.0,0.0
500137,0.0,0.0,0.0,0.0,0.0,1.0,0.0
500139,0.0,0.0,0.0,0.0,0.0,2.0,0.0
500639,0.0,0.0,0.0,0.0,0.0,0.0,0.0
501240,0.0,0.0,0.0,0.0,0.0,1.0,0.0
501740,0.0,0.0,0.0,0.0,0.0,0.0,0.0
504389,0.0,0.0,0.0,0.0,0.0,1.0,0.0
504889,0.0,0.0,0.0,0.0,0.0,0.0,0.0
506332,0.0,0.0,0.0,0.0,1.0,1.0,0.0
506832,0.0,0.0,0.0,0.0,0.0,0.0,0.0
507120,0.0,0.0,0.0,0.0,0.0,1.0,0.0
507620,0.0,0.0,0.0,0.0,0.0,0.0,0.0
508298,0.0,0.0,0.0,0.0,0.0,1.0,0.0
508798,0.0,0.0,0.0,0.0,0.0,0.0,0.0
508845,0.0,0.0,0.0,0.0,0.0,1.0,0.0
509345,0.0,0.0,0.0,0.0,0.0,0.0,0.0
509539,0.0,0.0,0.0,0.0,0.0,1.0,0.0
509540,0.0,0.0,0.0,0.0,0.0,2.0,0.0
510040,0.0,0.0,0.0,0.0,0.0,0.0,0.0
510108,0.0,0.0,0.0,0.0,0.0,1.0,0.0
510608,0.0,0.0,0.0,0.0,0.0,0.0,0.0
512205,0.0,0.0,0.0,0.0,0.0,1.0,0.0
512206,0.0,0.0,0.0,0.0,1.0,1.0,0.0
512295,0.0,0.0,0.0,0.0,1.0,2.0,0.0
512706,0.0,0.0,0.0,0.0,0.0,2.0,0.0
512795,0.0,0.0,0.0,0.0,0.0,0.0,0.0
512946,0.0,0.0,0.0,0.0,0.0,1.0,0.0
513446,0.0,0.0,0.0,0.0,0.0,0.0,0.0
513679,0.0,0.0,0.0,0.0,0.0,1.0,0.0
514179,0.0,0.0,0.0,0.0,0.0,0.0,0.0
515192,0.0,0.0,0.0,0.0,0.0,1.0,0.0
515194,0.0,0.0,0.0,0.0,0.0,2.0,0.0
515694,0.0,0.0,0.0,0.0,0.0,0.0,0.0
515998,0.0,0.0,0.0,0.0,0.0,1.0,0.0
516498,0.0,0.0,0.0,0.0,0.0,0.0,0.0
517449,0.0,0.0,0.0,0.0,0.0,1.0,0.0
517949,0.0,0.0,0.0,0.0,0.0,0.0,0.0
518981,0.0,0.0,0.0,0.0,0.0,1.0,0.0
519481,0.0,0.0,0.0,0.0,0.0,0.0,0.0
520133,0.0,0.0,0.0,0.0,0.0,1.0,0.0
520633,0.0,0.0,0.0,0.0,0.0,0.0,0.0
520784,0.0,0.0,0.0,0.0,0.0,1.0,0.0
520791,0.0,0.0,0.0,0.0,0.0,2.0,0.0
521291,0.0,0.0,0.0,0.0,0.0,0.0,0.0
524944,0.0,0.0,0.0,0.0,0.0,1.0,0.0
525444,0.0,0.0,0.0,0.0,0.0,0.0,0.0
525695,0.0,0.0,0.0,0.0,0.0,1.0,0.0
526195,0.0,0.0,0.0,0.0,0.0,0.0,0.0
530345,0.0,0.0,0.0,0.0,0.0,1.0,0.0
530845,0.0,0.0,0.0,0.0,0.0,0.0,0.0
534618,0.0,0.0,0.0,0.0,0.0,1.0,0.0
534621,0.0,0.0,0.0,0.0,1.0,1.0,0.0
535118,0.0,0.0,0.0,0.0,1.0,0.0,0.0
535121,0.0,0.0,0.0,0.0,0.0,0.0,0.0
537260,0.0,0.0,0.0,0.0,0.0,1.0,0.0
537760,0.0,0.0,0.0,0.0,0.0,0.0,0.0
538624,0.0,0.0,0.0,0.0,0.0,1.0,0.0
539124,0.0,0.0,0.0,0.0,0.0,0.0,0.0
539305,0.0,0.0,0.0,0.0,0.0,1.0,0.0
539805,0.0,0.0,0.0,0.0,0.0,0.0,0.0
540202,0.0,0.0,0.0,0.0,0.0,1.0,0.0
540702,0.0,0.0,0.0,0.0,0.0,0.0,0.0
541401,0.0,0.0,0.0,0.0,0.0,1.0,0.0
541404,0.0,0.0,0.0,0.0,0.0,2.0,0.0
541904,0.0,0.0,0.0,0.0,0.0,0.0,0.0
544397,0.0,0.0,0.0,0.0,0.0,1.0,0.0
544897,0.0,0.0,0.0,0.0,0.0,0.0,0.0
549422,0.0,0.0,0.0,0.0,0.0,1.0,0.0
549922,0.0,0.0,0.0,0.0,0.0,0.0,0.0
551054,0.0,0.0,0.0,0.0,0.0,1.0,0.0
551554,0.0,0.0,0.0,0.0,0.0,0.0,0.0
554082,0.0,0.0,0.0,0.0,0.0,1.0,0.0
554582,0.0,0.0,0.0,0.0,0.0,0.0,0.0
554668,0.0,0.0,0.0,0.0,0.0,1.0,0.0
555168,0.0,0.0,0.0,0.0,0.0,0.0,0.0
556983,0.0,0.0,0.0,0.0,0.0,1.0,0.0
557483,0.0,0.0,0.0,0.0,0.0,0.0,0.0
558827,0.0,0.0,0.0,0.0,0.0,1.0,0.0
558829,0.0,0.0,0.0,0.0,0.0,2.0,0.0
559329,0.0,0.0,0.0,0.0,0.0,0.0,0.0
562331,0.0,0.0,0.0,0.0,0.0,1.0,0.0
562831,0.0,0.0,0.0,0.0,0.0,0.0,0.0
564215,0.0,0.0,0.0,0.0,0.0,1.0,0.0
564216,0.0,0.0,0.0,0.0,0.0,2.0,0.0
564716,0.0,0.0,0.0,0.0,0.0,0.0,0.0
565459,0.0,0.0,0.0,0.0,0.0,1.0,0.0
565959,0.0,0.0,0.0,0.0,0.0,0.0,0.0
566833,0.0,0.0,0.0,0.0,1.0,0.0,0.0
567333,0.0,0.0,0.0,0.0,0.0,0.0,0.0
568552,0.0,0.0,0.0,0.0,0.0,1.0,0.0
568869,0.0,0.0,0.0,0.0,0.0,2.0,0.0
569369,0.0,0.0,0.0,0.0,0.0,0.0,0.0
571168,0.0,0.0,0.0,0.0,0.0,1.0,0.0
571668,0.0,0.0,0.0,0.0,0.0,0.0,0.0
572256,0.0,0.0,0.0,0.0,0.0,1.0,0.0
572756,0.0,0.0,0.0,0.0,0.0,0.0,0.0
575208,0.0,0.0,0.0,0.0,0.0,1.0,0.0
575708,0.0,0.0,0.0,0.0,0.0,0.0,0.0
576502,0.0,0.0,0.0,0.0,0.0,1.0,0.0
577002,0.0,0.0,0.0,0.0,0.0,0.0,0.0
581997,0.0,0.0,0.0,0.0,0.0,1.0,0.0
582051,0.0,0.0,0.0,0.0,0.0,2.0,0.0
582551,0.0,0.0,0.0,0.0,0.0,0.0,0.0
586867,0.0,0.0,0.0,0.0,0.0,1.0,0.0
587367,0.0,0.0,0.0,0.0,0.0,0.0,0.0
589357,0.0,0.0,0.0,0.0,0.0,1.0,0.0
589857,0.0,0.0,0.0,0.0,0.0,0.0,0.0
590296,0.0,0.0,0.0,0.0,0.0,1.0,0.0
590301,0.0,0.0,0.0,0.0,0.0,2.0,0.0
590801,0.0,0.0,0.0,0.0,0.0,0.0,0.0
594017,0.0,0.0,0.0,0.0,0.0,1.0,0.0
594517,0.0,0.0,0.0,0.0,0.0,0.0,0.0
597090,0.0,0.0,0.0,0.0,0.0,1.0,0.0
597093,0.0,0.0,0.0,0.0,0.0,2.0,0.0
597593,0.0,0.0,0.0,0.0,0.0,0.0,0.0
598968,0.0,0.0,0.0,0.0,0.0,1.0,0.0
599468,0.0,0.0,0.0,0.0,0.0,0.0,0.0
600234,0.0,0.0,0.0,0.0,0.0,1.0,0.0
600500,0.0,0.0,0.0,0.0,0.0,1.0,1.0
600734,0.0,0.0,0.0,0.0,0.0,0.0,1.0
600937,0.0,0.0,0.0,0.0,0.0,1.0,1.0
600938,0.0,0.0,0.0,0.0,0.0,2.0,1.0
601000,0.0,0.0,0.0,0.0,0.0,2.0,0.0
601438,0.0,0.0,0.0,0.0,0.0,0.0,0.0
601736,0.0,0.0,0.0,0.0,0.0,1.0,0.0
602236,0.0,0.0,0.0,0.0,0.0,0.0,0.0
602537,0.0,2.0,0.0,0.0,0.0,0.0,0.0
602594,0.0,2.0,0.0,0.0,1.0,0.0,0.0
602702,0.0,2.0,0.0,0.0,2.0,0.0,0.0
602751,2.0,2.0,0.0,0.0,2.0,0.0,0.0
603037,2.0,0.0,0.0,0.0,2.0,0.0,0.0
603202,2.0,0.0,0.0,0.0,0.0,0.0,0.0
603251,0.0,0.0,0.0,0.0,0.0,0.0,0.0
603359,2.0,0.0,0.0,0.0,0.0,0.0,0.0
603476,2.0,0.0,0.0,0.0,0.0,1.0,0.0
603859,0.0,0.0,0.0,0.0,0.0,1.0,0.0
603976,0.0,0.0,0.0,0.0,0.0,0.0,0.0
605386,0.0,0.0,0.0,0.0,0.0,1.0,0.0
605390,0.0,0.0,0.0,0.0,0.0,2.0,0.0
605890,0.0,0.0,0.0,0.0,0.0,0.0,0.0
606777,0.0,0.0,0.0,0.0,0.0,1.0,0.0
607045,0.0,0.0,0.0,0.0,0.0,2.0,0.0
607479,0.0,0.0,0.0,0.0,1.0,2.0,0.0
607545,0.0,0.0,0.0,0.0,1.0,0.0,0.0
607979,0.0,0.0,0.0,0.0,0.0,0.0,0.0
608694,0.0,0.0,0.0,0.0,0.0,1.0,0.0
609194,0.0,0.0,0.0,0.0,0.0,0.0,0.0
610580,0.0,0.0,0.0,0.0,0.0,1.0,0.0
611080,0.0,0.0,0.0,0.0,0.0,0.0,0.0
612652,0.0,0.0,0.0,0.0,0.0,1.0,0.0
613152,0.0,0.0,0.0,0.0,0.0,0.0,0.0
614038,0.0,0.0,0.0,0.0,0.0,1.0,0.0
614538,0.0,0.0,0.0,0.0,0.0,0.0,0.0
614669,0.0,0.0,0.0,0.0,0.0,1.0,0.0
614671,0.0,0.0,0.0,0.0,0.0,2.0,0.0
615171,0.0,0.0,0.0,0.0,0.0,0.0,0.0
616714,0.0,0.0,0.0,0.0,0.0,1.0,0.0
617204,0.0,0.0,0.0,0.0,0.0,2.0,0.0
617704,0.0,0.0,0.0,0.0,0.0,0.0,0.0
619774,0.0,0.0,0.0,0.0,0.0,1.0,0.0
620274,0.0,0.0,0.0,0.0,0.0,0.0,0.0
620483,0.0,0.0,0.0,0.0,0.0,1.0,0.0
620983,0.0,0.0,0.0,0.0,0.0,0.0,0.0
622489,0.0,0.0,0.0,0.0,0.0,1.0,0.0
622490,0.0,0.0,0.0,0.0,0.0,2.0,0.0
622990,0.0,0.0,0.0,0.0,0.0,0.0,0.0
625412,0.0,0.0,0.0,0.0,0.0,1.0,0.0
625912,0.0,0.0,0.0,0.0,0.0,0.0,0.0
627241,0.0,0.0,0.0,0.0,0.0,1.0,0.0
627741,0.0,0.0,0.0,0.0,0.0,0.0,0.0
628843,0.0,0.0,0.0,0.0,0.0,1.0,0.0
629343,0.0,0.0,0.0,0.0,0.0,0.0,0.0
629677,0.0,0.0,0.0,0.0,0.0,1.0,0.0
630177,0.0,0.0,0.0,0.0,0.0,0.0,0.0
630716,0.0,0.0,0.0,0.0,0.0,1.0,0.0
631216,0.0,0.0,0.0,0.0,0.0,0.0,0.0
631997,0.0,0.0,0.0,0.0,0.0,1.0,0.0
632497,0.0,0.0,0.0,0.0,0.0,0.0,0.0
632923,0.0,0.0,0.0,0.0,0.0,1.0,0.0
633313,0.0,0.0,0.0,0.0,0.0,2.0,0.0
633813,0.0,0.0,0.0,0.0,0.0,0.0,0.0
636918,0.0,0.0,0.0,0.0,0.0,1.0,0.0
636921,0.0,0.0,0.0,0.0,1.0,1.0,0.0
637418,0.0,0.0,0.0,0.0,1.0,0.0,0.0
637421,0.0,0.0,0.0,0.0,0.0,0.0,0.0
638284,0.0,0.0,0.0,0.0,0.0,1.0,0.0
638784,0.0,0.0,0.0,0.0,0.0,0.0,0.0
639715,0.0,0.0,0.0,0.0,0.0,1.0,0.0
640215,0.0,0.0,0.0,0.0,0.0,0.0,0.0
640639,0.0,0.0,0.0,0.0,0.0,1.0,0.0
641139,0.0,0.0,0.0,0.0,0.0,0.0,0.0
641197,0.0,0.0,0.0,0.0,0.0,1.0,0.0
641697,0.0,0.0,0.0,0.0,0.0,0.0,0.0
642374,0.0,0.0,0.0,0.0,0.0,1.0,0.0
642376,0.0,0.0,0.0,0.0,0.0,2.0,0.0
642876,0.0,0.0,0.0,0.0,0.0,0.0,0.0
643635,0.0,0.0,0.0,0.0,0.0,1.0,0.0
644135,0.0,0.0,0.0,0.0,0.0,0.0,0.0
644345,0.0,0.0,0.0,0.0,0.0,1.0,0.0
644845,0.0,0.0,0.0,0.0,0.0,0.0,0.0
644899,0.0,0.0,0.0,0.0,0.0,1.0,0.0
645399,0.0,0.0,0.0,0.0,0.0,0.0,0.0
645633,0.0,0.0,0.0,0.0,0.0,1.0,0.0
646133,0.0,0.0,0.0,0.0,0.0,0.0,0.0
646386,0.0,0.0,0.0,0.0,0.0,1.0,0.0
646394,0.0,0.0,0.0,0.0,0.0,2.0,0.0
646894,0.0,0.0,0.0,0.0,0.0,0.0,0.0
647037,0.0,0.0,0.0,0.0,0.0,1.0,0.0
647537,0.0,0.0,0.0,0.0,0.0,0.0,0.0
648160,0.0,0.0,0.0,0.0,0.0,1.0,0.0
648415,0.0,0.0,0.0,0.0,0.0,2.0,0.0
648768,0.0,2.0,0.0,0.0,0.0,2.0,0.0
648915,0.0,2.0,0.0,0.0,0.0,0.0,0.0
649265,0.0,2.0,0.0,0.0,0.0,1.0,0.0
649268,0.0,0.0,0.0,0.0,0.0,1.0,0.0
649765,0.0,0.0,0.0,0.0,0.0,0.0,0.0
650711,0.0,0.0,0.0,0.0,0.0,1.0,0.0
651211,0.0,0.0,0.0,0.0,0.0,0.0,0.0
651743,0.0,0.0,0.0,0.0,0.0,1.0,0.0
651745,0.0,0.0,0.0,0.0,0.0,2.0,0.0
652245,0.0,0.0,0.0,0.0,0.0,0.0,0.0
654363,0.0,0.0,0.0,0.0,0.0,1.0,0.0
654863,0.0,0.0,0.0,0.0,0.0,0.0,0.0
655520,0.0,0.0,0.0,0.0,0.0,1.0,0.0
655629,0.0,0.0,0.0,0.0,0.0,2.0,0.0
656129,0.0,0.0,0.0,0.0,0.0,0.0,0.0
656743,0.0,0.0,0.0,0.0,0.0,1.0,0.0
657243,0.0,0.0,0.0,0.0,0.0,0.0,0.0
658424,0.0,0.0,0.0,0.0,0.0,1.0,0.0
658551,0.0,0.0,0.0,0.0,0.0,2.0,0.0
659051,0.0,0.0,0.0,0.0,0.0,0.0,0.0
659380,0.0,0.0,0.0,0.0,0.0,1.0,0.0
659382,0.0,0.0,0.0,0.0,0.0,2.0,0.0
659882,0.0,0.0,0.0,0.0,0.0,0.0,0.0
659917,0.0,0.0,0.0,0.0,0.0,1.0,0.0
660417,0.0,0.0,0.0,0.0,0.0,0.0,0.0
662633,0.0,0.0,0.0,0.0,0.0,1.0,0.0
663133,0.0,0.0,0.0,0.0,0.0,0.0,0.0
664465,0.0,0.0,0.0,0.0,0.0,1.0,0.0
664965,0.0,0.0,0.0,0.0,0.0,0.0,0.0
665858,0.0,0.0,0.0,0.0,0.0,1.0,0.0
665861,0.0,0.0,0.0,0.0,0.0,2.0,0.0
666361,0.0,0.0,0.0,0.0,0.0,0.0,0.0
667633,0.0,0.0,0.0,0.0,0.0,1.0,0.0
668133,0.0,0.0,0.0,0.0,0.0,0.0,0.0
671704,0.0,0.0,0.0,0.0,0.0,1.0,0.0
672204,0.0,0.0,0.0,0.0,0.0,0.0,0.0
672926,0.0,0.0,0.0,0.0,0.0,1.0,0.0
673426,0.0,0.0,0.0,0.0,0.0,0.0,0.0
673469,0.0,0.0,0.0,0.0,0.0,1.0,0.0
673969,0.0,0.0,0.0,0.0,0.0,0.0,0.0
674592,0.0,0.0,0.0,0.0,0.0,1.0,0.0
675092,0.0,0.0,0.0,0.0,0.0,0.0,0.0
675383,0.0,0.0,0.0,0.0,0.0,1.0,0.0
675883,0.0,0.0,0.0,0.0,0.0,0.0,0.0
677565,0.0,0.0,0.0,0.0,0.0,1.0,0.0
678065,0.0,0.0,0.0,0.0,0.0,0.0,0.0
680083,0.0,0.0,0.0,0.0,0.0,1.0,0.0
680583,0.0,0.0,0.0,0.0,0.0,0.0,0.0
681025,0.0,0.0,0.0,0.0,0.0,1.0,0.0
681525,0.0,0.0,0.0,0.0,0.0,0.0,0.0
681877,0.0,0.0,0.0,0.0,0.0,1.0,0.0
681879,0.0,0.0,0.0,0.0,0.0,2.0,0.0
682379,0.0,0.0,0.0,0.0,0.0,0.0,0.0
682817,0.0,0.0,0.0,0.0,0.0,1.0,0.0
683317,0.0,0.0,0.0,0.0,0.0,0.0,0.0
683386,0.0,0.0,0.0,0.0,0.0,1.0,0.0
683886,0.0,0.0,0.0,0.0,0.0,0.0,0.0
684711,0.0,0.0,0.0,0.0,0.0,1.0,0.0
684730,0.0,0.0,0.0,0.0,0.0,2.0,0.0
685230,0.0,0.0,0.0,0.0,0.0,0.0,0.0
686191,0.0,0.0,0.0,0.0,0.0,1.0,0.0
686193,0.0,0.0,0.0,0.0,0.0,2.0,0.0
686693,0.0,0.0,0.0,0.0,0.0,0.0,0.0
687889,0.0,0.0,0.0,0.0,0.0,1.0,0.0
688120,0.0,2.0,0.0,0.0,0.0,1.0,0.0
688389,0.0,2.0,0.0,0.0,0.0,0.0,0.0
688620,0.0,0.0,0.0,0.0,0.0,0.0,0.0
692864,0.0,0.0,0.0,0.0,0.0,1.0,0.0
693364,0.0,0.0,0.0,0.0,0.0,0.0,0.0
693570,0.0,0.0,0.0,0.0,0.0,1.0,0.0
694070,0.0,0.0,0.0,0.0,0.0,0.0,0.0
694778,0.0,0.0,0.0,0.0,0.0,1.0,0.0
695147,0.0,2.0,0.0,0.0,0.0,1.0,0.0
695278,0.0,2.0,0.0,0.0,0.0,0.0,0.0
695434,0.0,2.0,0.0,0.0,0.0,1.0,0.0
695647,0.0,0.0,0.0,0.0,0.0,1.0,0.0
695934,0.0,0.0,0.0,0.0,0.0,0.0,0.0
697126,0.0,0.0,0.0,0.0,0.0,1.0,0.0
697626,0.0,0.0,0.0,0.0,0.0,0.0,0.0
698926,0.0,0.0,0.0,0.0,0.0,1.0,0.0
699426,0.0,0.0,0.0,0.0,0.0,0.0,0.0
700324,0.0,0.0,0.0,0.0,0.0,1.0,0.0
700824,0.0,0.0,0.0,0.0,0.0,0.0,0.0
706931,0.0,0.0,0.0,0.0,0.0,1.0,0.0
707931,0.0,0.0,0.0,0.0,0.0,0.0,0.0
710635,0.0,0.0,0.0,0.0,0.0,1.0,0.0
711135,0.0,0.0,0.0,0.0,0.0,0.0,0.0
711934,0.0,0.0,0.0,0.0,0.0,1.0,0.0
711936,0.0,0.0,0.0,0.0,1.0,2.0,0.0
712436,0.0,0.0,0.0,0.0,0.0,0.0,0.0
713174,0.0,0.0,0.0,0.0,0.0,1.0,0.0
713674,0.0,0.0,0.0,0.0,0.0,0.0,0.0
715800,0.0,0.0,0.0,0.0,0.0,1.0,0.0
716300,0.0,0.0,0.0,0.0,0.0,0.0,0.0
720573,0.0,0.0,0.0,0.0,1.0,0.0,0.0
721073,0.0,0.0,0.0,0.0,0.0,0.0,0.0
722107,0.0,0.0,0.0,0.0,0.0,1.0,0.0
722607,0.0,0.0,0.0,0.0,0.0,0.0,0.0
723334,0.0,0.0,0.0,0.0,0.0,1.0,0.0
723834,0.0,0.0,0.0,0.0,0.0,0.0,0.0
727082,0.0,0.0,0.0,0.0,0.0,1.0,0.0
727582,0.0,0.0,0.0,0.0,0.0,0.0,0.0
728268,0.0,0.0,0.0,0.0,0.0,1.0,0.0
728768,0.0,0.0,0.0,0.0,0.0,0.0,0.0
732918,0.0,0.0,0.0,0.0,0.0,1.0,0.0
733418,0.0,0.0,0.0,0.0,0.0,0.0,0.0
736772,0.0,0.0,0.0,0.0,0.0,1.0,0.0
737272,0.0,0.0,0.0,0.0,0.0,0.0,0.0
737369,0.0,0.0,0.0,0.0,0.0,1.0,0.0
737869,0.0,0.0,0.0,0.0,0.0,0.0,0.0
738325,0.0,0.0,0.0,0.0,0.0,1.0,0.0
738327,0.0,0.0,0.0,0.0,0.0,2.0,0.0
738827,0.0,0.0,0.0,0.0,0.0,0.0,0.0
740461,0.0,0.0,0.0,0.0,0.0,1.0,0.0
740470,0.0,0.0,0.0,0.0,0.0,2.0,0.0
740970,0.0,0.0,0.0,0.0,0.0,0.0,0.0
742355,0.0,0.0,0.0,0.0,0.0,1.0,0.0
742855,0.0,0.0,0.0,0.0,0.0,0.0,0.0
746185,0.0,0.0,0.0,0.0,0.0,1.0,0.0
746187,0.0,0.0,0.0,0.0,0.0,2.0,0.0
746687,0.0,0.0,0.0,0.0,0.0,0.0,0.0
750352,0.0,0.0,0.0,0.0,0.0,1.0,0.0
750852,0.0,0.0,0.0,0.0,0.0,0.0,0.0
753176,0.0,0.0,0.0,0.0,0.0,1.0,0.0
753177,0.0,0.0,0.0,0.0,0.0,2.0,0.0
753677,0.0,0.0,0.0,0.0,0.0,0.0,0.0
757755,0.0,0.0,0.0,0.0,0.0,1.0,0.0
758255,0.0,0.0,0.0,0.0,0.0,0.0,0.0
759511,0.0,0.0,0.0,0.0,0.0,1.0,0.0
760011,0.0,0.0,0.0,0.0,0.0,0.0,0.0
763766,0.0,0.0,0.0,0.0,0.0,1.0,0.0
764266,0.0,0.0,0.0,0.0,0.0,0.0,0.0
764771,0.0,0.0,0.0,0.0,0.0,1.0,0.0
765271,0.0,0.0,0.0,0.0,0.0,0.0,0.0
768937,0.0,0.0,0.0,0.0,0.0,1.0,0.0
769437,0.0,0.0,0.0,0.0,0.0,0.0,0.0
770849,0.0,0.0,0.0,0.0,0.0,1.0,0.0
771349,0.0,0.0,0.0,0.0,0.0,0.0,0.0
777096,0.0,0.0,0.0,0.0,0.0,1.0,0.0
777596,0.0,0.0,0.0,0.0,0.0,0.0,0.0
778740,0.0,0.0,0.0,0.0,0.0,1.0,0.0
779240,0.0,0.0,0.0,0.0,0.0,0.0,0.0
779285,0.0,0.0,0.0,0.0,0.0,1.0,0.0
779785,0.0,0.0,0.0,0.0,0.0,0.0,0.0
780490,0.0,0.0,0.0,0.0,0.0,1.0,0.0
780990,0.0,0.0,0.0,0.0,0.0,0.0,0.0
781804,0.0,0.0,0.0,0.0,0.0,1.0,0.0
782304,0.0,0.0,0.0,0.0,0.0,0.0,0.0
783424,0.0,0.0,0.0,0.0,0.0,1.0,0.0
783924,0.0,0.0,0.0,0.0,0.0,0.0,0.0
783952,0.0,0.0,0.0,0.0,0.0,1.0,0.0
784452,0.0,0.0,0.0,0.0,0.0,0.0,0.0
785930,0.0,0.0,0.0,0.0,0.0,1.0,0.0
786210,0.0,0.0,0.0,0.0,0.0,2.0,0.0
786710,0.0,0.0,0.0,0.0,0.0,0.0,0.0
787315,0.0,0.0,0.0,0.0,0.0,1.0,0.0
787815,0.0,0.0,0.0,0.0,0.0,0.0,0.0
787841,0.0,0.0,0.0,0.0,0.0,1.0,0.0
788341,0.0,0.0,0.0,0.0,0.0,0.0,0.0
789011,0.0,0.0,0.0,0.0,0.0,1.0,0.0
789511,0.0,0.0,0.0,0.0,0.0,0.0,0.0
790038,0.0,0.0,0.0,0.0,0.0,1.0,0.0
790039,0.0,0.0,0.0,0.0,0.0,2.0,0.0
790539,0.0,0.0,0.0,0.0,0.0,0.0,0.0
800700,0.0,0.0,0.0,0.0,0.0,0.0,1.0
801200,0.0,0.0,0.0,0.0,0.0,0.0,0.0
801976,0.0,0.0,0.0,0.0,0.0,1.0,0.0
802213,0.0,2.0,0.0,0.0,0.0,1.0,0.0
802306,0.0,2.0,0.0,0.0,1.0,1.0,0.0
802476,0.0,2.0,0.0,0.0,1.0,0.0,0.0
802622,0.0,2.0,0.0,0.0,1.0,1.0,0.0
802637,0.0,2.0,0.0,0.0,2.0,1.0,0.0
802687,2.0,2.0,0.0,0.0,2.0,1.0,0.0
802713,2.0,0.0,0.0,0.0,2.0,1.0,0.0
803122,2.0,0.0,0.0,0.0,2.0,0.0,0.0
803137,2.0,0.0,0.0,0.0,0.0,0.0,0.0
803166,2.0,0.0,0.0,0.0,0.0,1.0,0.0
803187,0.0,0.0,0.0,0.0,0.0,1.0,0.0
803666,0.0,0.0,0.0,0.0,0.0,0.0,0.0
803694,0.0,0.0,0.0,0.0,0.0,1.0,0.0
803768,0.0,0.0,0.0,0.0,0.0,2.0,0.0
804268,0.0,0.0,0.0,0.0,0.0,0.0,0.0
805717,0.0,0.0,0.0,0.0,0.0,1.0,0.0
806217,0.0,0.0,0.0,0.0,0.0,0.0,0.0
806694,0.0,0.0,0.0,0.0,0.0,1.0,0.0
806719,2.0,0.0,0.0,0.0,0.0,1.0,0.0
807194,2.0,0.0,0.0,0.0,0.0,0.0,0.0
807219,0.0,0.0,0.0,0.0,0.0,0.0,0.0
808107,0.0,0.0,0.0,0.0,0.0,1.0,0.0
808607,0.0,0.0,0.0,0.0,0.0,0.0,0.0
809131,0.0,0.0,0.0,0.0,0.0,1.0,0.0
809631,0.0,0.0,0.0,0.0,0.0,0.0,0.0
809655,0.0,0.0,0.0,0.0,0.0,1.0,0.0
810155,0.0,0.0,0.0,0.0,0.0,0.0,0.0
811847,0.0,0.0,0.0,0.0,0.0,1.0,0.0
812347,0.0,0.0,0.0,0.0,0.0,0.0,0.0
813441,0.0,0.0,0.0,0.0,0.0,1.0,0.0
813941,0.0,0.0,0.0,0.0,0.0,0.0,0.0
814690,0.0,0.0,0.0,0.0,0.0,1.0,0.0
815190,0.0,0.0,0.0,0.0,0.0,0.0,0.0
815715,0.0,0.0,0.0,0.0,0.0,1.0,0.0
816215,0.0,0.0,0.0,0.0,0.0,0.0,0.0
816705,0.0,0.0,0.0,0.0,0.0,1.0,0.0
817205,0.0,0.0,0.0,0.0,0.0,0.0,0.0
817393,0.0,0.0,0.0,0.0,0.0,1.0,0.0
817482,0.0,0.0,0.0,0.0,0.0,2.0,0.0
817875,0.0,0.0,0.0,0.0,1.0,2.0,0.0
817982,0.0,0.0,0.0,0.0,1.0,0.0,0.0
818375,0.0,0.0,0.0,0.0,0.0,0.0,0.0
818635,0.0,2.0,0.0,0.0,0.0,0.0,0.0
819135,0.0,0.0,0.0,0.0,0.0,0.0,0.0
820699,0.0,0.0,0.0,0.0,0.0,1.0,0.0
820701,0.0,0.0,0.0,0.0,0.0,2.0,0.0
821201,0.0,0.0,0.0,0.0,0.0,0.0,0.0
822769,0.0,0.0,0.0,0.0,0.0,1.0,0.0
823269,0.0,0.0,0.0,0.0,0.0,0.0,0.0
823288,0.0,0.0,0.0,0.0,0.0,1.0,0.0
823788,0.0,0.0,0.0,0.0,0.0,0.0,0.0
824867,0.0,0.0,0.0,0.0,0.0,1.0,0.0
825367,0.0,0.0,0.0,0.0,0.0,0.0,0.0
826111,0.0,0.0,0.0,0.0,0.0,1.0,0.0
826611,0.0,0.0,0.0,0.0,0.0,0.0,0.0
827398,0.0,0.0,0.0,0.0,0.0,1.0,0.0
827898,0.0,0.0,0.0,0.0,0.0,0.0,0.0
827906,0.0,0.0,0.0,0.0,0.0,1.0,0.0
828406,0.0,0.0,0.0,0.0,0.0,0.0,0.0
829641,0.0,0.0,0.0,0.0,0.0,1.0,0.0
830141,0.0,0.0,0.0,0.0,0.0,0.0,0.0
830449,0.0,0.0,0.0,0.0,0.0,1.0,0.0
830470,0.0,0.0,0.0,0.0,0.0,2.0,0.0
830970,0.0,0.0,0.0,0.0,0.0,0.0,0.0
831951,0.0,0.0,0.0,0.0,0.0,1.0,0.0
832451,0.0,0.0,0.0,0.0,0.0,0.0,0.0
835163,0.0,0.0,0.0,0.0,0.0,1.0,0.0
835663,0.0,0.0,0.0,0.0,0.0,0.0,0.0
835866,0.0,0.0,0.0,0.0,0.0,1.0,0.0
836366,0.0,0.0,0.0,0.0,0.0,0.0,0.0
836575,0.0,0.0,0.0,0.0,0.0,1.0,0.0
837075,0.0,0.0,0.0,0.0,0.0,0.0,0.0
837681,0.0,0.0,0.0,0.0,0.0,1.0,0.0
838181,0.0,0.0,0.0,0.0,0.0,0.0,0.0
840871,0.0,0.0,0.0,0.0,0.0,1.0,0.0
840872,0.0,0.0,0.0,0.0,0.0,2.0,0.0
841372,0.0,0.0,0.0,0.0,0.0,0.0,0.0
842847,0.0,0.0,0.0,0.0,0.0,1.0,0.0
843347,0.0,0.0,0.0,0.0,0.0,0.0,0.0
843412,0.0,0.0,0.0,0.0,0.0,1.0,0.0
843439,0.0,0.0,0.0,0.0,0.0,2.0,0.0
843939,0.0,0.0,0.0,0.0,0.0,0.0,0.0
844226,0.0,0.0,0.0,0.0,0.0,1.0,0.0
844726,0.0,0.0,0.0,0.0,0.0,0.0,0.0
845149,0.0,0.0,0.0,0.0,0.0,1.0,0.0
845151,0.0,0.0,0.0,0.0,0.0,2.0,0.0
845651,0.0,0.0,0.0,0.0,0.0,0.0,0.0
845781,0.0,0.0,0.0,0.0,0.0,1.0,0.0
845782,0.0,0.0,0.0,0.0,0.0,2.0,0.0
846282,0.0,0.0,0.0,0.0,0.0,0.0,0.0
847471,0.0,0.0,0.0,0.0,0.0,1.0,0.0
847971,0.0,0.0,0.0,0.0,0.0,0.0,0.0
848275,0.0,0.0,0.0,0.0,0.0,1.0,0.0
848279,0.0,0.0,0.0,0.0,0.0,2.0,0.0
848779,0.0,0.0,0.0,0.0,0.0,0.0,0.0
848972,0.0,0.0,0.0,0.0,0.0,1.0,0.0
849472,0.0,0.0,0.0,0.0,0.0,0.0,0.0
849819,0.0,0.0,0.0,0.0,0.0,1.0,0.0
850319,0.0,0.0,0.0,0.0,0.0,0.0,0.0
850762,0.0,0.0,0.0,0.0,0.0,1.0,0.0
850769,0.0,0.0,0.0,0.0,0.0,2.0,0.0
851269,0.0,0.0,0.0,0.0,0.0,0.0,0.0
852430,0.0,0.0,0.0,0.0,0.0,1.0,0.0
852930,0.0,0.0,0.0,0.0,0.0,0.0,0.0
853814,0.0,0.0,0.0,0.0,0.0,1.0,0.0
854314,0.0,0.0,0.0,0.0,0.0,0.0,0.0
854787,0.0,0.0,0.0,0.0,0.0,1.0,0.0
855287,0.0,0.0,0.0,0.0,0.0,0.0,0.0
855562,0.0,0.0,0.0,0.0,0.0,1.0,0.0
856062,0.0,0.0,0.0,0.0,0.0,0.0,0.0
857230,0.0,0.0,0.0,0.0,0.0,1.0,0.0
857730,0.0,0.0,0.0,0.0,0.0,0.0,0.0
860697,0.0,0.0,0.0,0.0,0.0,1.0,0.0
861197,0.0,0.0,0.0,0.0,0.0,0.0,0.0
861277,0.0,0.0,0.0,0.0,0.0,1.0,0.0
861777,0.0,0.0,0.0,0.0,0.0,0.0,0.0
862947,0.0,0.0,0.0,0.0,0.0,1.0,0.0
863447,0.0,0.0,0.0,0.0,0.0,0.0,0.0
863529,0.0,0.0,0.0,0.0,0.0,1.0,0.0
864029,0.0,0.0,0.0,0.0,0.0,0.0,0.0
864259,0.0,0.0,0.0,0.0,0.0,1.0,0.0
864263,0.0,0.0,0.0,0.0,0.0,2.0,0.0
864763,0.0,0.0,0.0,0.0,0.0,0.0,0.0
865121,0.0,2.0,0.0,0.0,0.0,0.0,0.0
865134,0.0,2.0,0.0,0.0,0.0,1.0,0.0
865621,0.0,0.0,0.0,0.0,0.0,1.0,0.0
865634,0.0,0.0,0.0,0.0,0.0,0.0,0.0
866976,0.0,0.0,0.0,0.0,0.0,1.0,0.0
867476,0.0,0.0,0.0,0.0,0.0,0.0,0.0
868998,0.0,0.0,0.0,0.0,0.0,1.0,0.0
869039,0.0,0.0,0.0,0.0,0.0,2.0,0.0
869539,0.0,0.0,0.0,0.0,0.0,0.0,0.0
871719,0.0,0.0,0.0,0.0,0.0,1.0,0.0
871723,0.0,0.0,0.0,0.0,0.0,2.0,0.0
872223,0.0,0.0,0.0,0.0,0.0,0.0,0.0
875418,0.0,0.0,0.0,0.0,0.0,1.0,0.0
875918,0.0,0.0,0.0,0.0,0.0,0.0,0.0
876493,0.0,0.0,0.0,0.0,0.0,1.0,0.0
876993,0.0,0.0,0.0,0.0,0.0,0.0,0.0
877012,0.0,0.0,0.0,0.0,0.0,1.0,0.0
877512,0.0,0.0,0.0,0.0,0.0,0.0,0.0
877676,0.0,0.0,0.0,0.0,0.0,1.0,0.0
877678,0.0,0.0,0.0,0.0,0.0,2.0,0.0
878178,0.0,0.0,0.0,0.0,0.0,0.0,0.0
880394,0.0,0.0,0.0,0.0,0.0,1.0,0.0
880894,0.0,0.0,0.0,0.0,0.0,0.0,0.0
882033,0.0,0.0,0.0,0.0,0.0,1.0,0.0
882040,0.0,0.0,0.0,0.0,0.0,2.0,0.0
882540,0.0,0.0,0.0,0.0,0.0,0.0,0.0
884048,0.0,0.0,0.0,0.0,0.0,1.0,0.0
884548,0.0,0.0,0.0,0.0,0.0,0.0,0.0
886935,0.0,0.0,0.0,0.0,0.0,1.0,0.0
886939,0.0,0.0,0.0,0.0,0.0,2.0,0.0
887439,0.0,0.0,0.0,0.0,0.0,0.0,0.0
887565,0.0,0.0,0.0,0.0,0.0,1.0,0.0
888065,0.0,0.0,0.0,0.0,0.0,0.0,0.0
889089,0.0,0.0,0.0,0.0,0.0,1.0,0.0
889589,0.0,0.0,0.0,0.0,0.0,0.0,0.0
889682,0.0,0.0,0.0,0.0,0.0,1.0,0.0
890182,0.0,0.0,0.0,0.0,0.0,0.0,0.0
890965,0.0,0.0,0.0,0.0,0.0,1.0,0.0
891465,0.0,0.0,0.0,0.0,0.0,0.0,0.0
891622,0.0,0.0,0.0,0.0,0.0,1.0,0.0
892122,0.0,0.0,0.0,0.0,0.0,0.0,0.0
893625,0.0,0.0,0.0,0.0,0.0,1.0,0.0
894125,0.0,0.0,0.0,0.0,0.0,0.0,0.0
894281,0.0,0.0,0.0,0.0,0.0,1.0,0.0
894781,0.0,0.0,0.0,0.0,0.0,0.0,0.0
895083,0.0,0.0,0.0,0.0,0.0,1.0,0.0
895583,0.0,0.0,0.0,0.0,0.0,0.0,0.0
895678,0.0,0.0,0.0,0.0,0.0,1.0,0.0
895923,0.0,0.0,0.0,0.0,0.0,2.0,0.0
896423,0.0,0.0,0.0,0.0,0.0,0.0,0.0
898768,0.0,0.0,0.0,0.0,0.0,1.0,0.0
899268,0.0,0.0,0.0,0.0,0.0,0.0,0.0
899455,0.0,0.0,0.0,0.0,0.0,1.0,0.0
899955,0.0,0.0,0.0,0.0,0.0,0.0,0.0
900392,0.0,0.0,0.0,0.0,0.0,1.0,0.0
900405,0.0,0.0,0.0,0.0,1.0,1.0,0.0
900892,0.0,0.0,0.0,0.0,1.0,0.0,0.0
900905,0.0,0.0,0.0,0.0,0.0,0.0,0.0
903672,0.0,0.0,0.0,0.0,0.0,1.0,0.0
904172,0.0,0.0,0.0,0.0,0.0,0.0,0.0
904200,0.0,0.0,0.0,0.0,1.0,0.0,0.0
904700,0.0,0.0,0.0,0.0,0.0,0.0,0.0
905108,0.0,0.0,0.0,0.0,0.0,1.0,0.0
905608,0.0,0.0,0.0,0.0,0.0,0.0,0.0
906718,0.0,0.0,0.0,0.0,0.0,1.0,0.0
907218,0.0,0.0,0.0,0.0,0.0,0.0,0.0
908634,0.0,0.0,0.0,0.0,0.0,1.0,0.0
909134,0.0,0.0,0.0,0.0,0.0,0.0,0.0
909799,0.0,0.0,0.0,0.0,0.0,1.0,0.0
909803,0.0,0.0,0.0,0.0,0.0,2.0,0.0
910303,0.0,0.0,0.0,0.0,0.0,0.0,0.0
911140,0.0,0.0,0.0,0.0,0.0,1.0,0.0
911142,0.0,0.0,0.0,0.0,0.0,2.0,0.0
911642,0.0,0.0,0.0,0.0,0.0,0.0,0.0
912492,0.0,0.0,0.0,0.0,0.0,1.0,0.0
912992,0.0,0.0,0.0,0.0,0.0,0.0,0.0
913249,0.0,0.0,0.0,0.0,0.0,1.0,0.0
913749,0.0,0.0,0.0,0.0,0.0,0.0,0.0
913830,0.0,0.0,0.0,0.0,0.0,1.0,0.0
914330,0.0,0.0,0.0,0.0,0.0,0.0,0.0
914383,0.0,0.0,0.0,0.0,0.0,1.0,0.0
914385,0.0,0.0,0.0,0.0,0.0,2.0,0.0
914401,0.0,0.0,0.0,0.0,1.0,2.0,0.0
914885,0.0,0.0,0.0,0.0,1.0,0.0,0.0
914901,0.0,0.0,0.0,0.0,0.0,0.0,0.0
915306,0.0,0.0,0.0,0.0,0.0,1.0,0.0
915332,0.0,0.0,0.0,0.0,0.0,2.0,0.0
915333,0.0,0.0,0.0,0.0,1.0,2.0,0.0
915832,0.0,0.0,0.0,0.0,1.0,0.0,0.0
915833,0.0,0.0,0.0,0.0,0.0,0.0,0.0
920726,0.0,0.0,0.0,0.0,0.0,1.0,0.0
921226,0.0,0.0,0.0,0.0,0.0,0.0,0.0
921445,0.0,0.0,0.0,0.0,0.0,1.0,0.0
921945,0.0,0.0,0.0,0.0,0.0,0.0,0.0
923448,0.0,0.0,0.0,0.0,0.0,1.0,0.0
923504,0.0,0.0,0.0,0.0,0.0,2.0,0.0
924004,0.0,0.0,0.0,0.0,0.0,0.0,0.0
925281,0.0,0.0,0.0,0.0,0.0,1.0,0.0
925781,0.0,0.0,0.0,0.0,0.0,0.0,0.0
927249,0.0,0.0,0.0,0.0,0.0,1.0,0.0
927749,0.0,0.0,0.0,0.0,0.0,0.0,0.0
929272,0.0,0.0,0.0,0.0,0.0,1.0,0.0
929772,0.0,0.0,0.0,0.0,0.0,0.0,0.0
931752,0.0,0.0,0.0,0.0,0.0,1.0,0.0
932252,0.0,0.0,0.0,0.0,0.0,0.0,0.0
933068,0.0,0.0,0.0,0.0,0.0,1.0,0.0
933568,0.0,0.0,0.0,0.0,0.0,0.0,0.0
936254,0.0,0.0,0.0,0.0,0.0,1.0,0.0
936754,0.0,0.0,0.0,0.0,0.0,0.0,0.0
937797,0.0,0.0,0.0,0.0,0.0,1.0,0.0
937799,0.0,0.0,0.0,0.0,0.0,2.0,0.0
938299,0.0,0.0,0.0,0.0,0.0,0.0,0.0
938683,0.0,0.0,0.0,0.0,0.0,1.0,0.0
939183,0.0,0.0,0.0,0.0,0.0,0.0,0.0
939405,0.0,0.0,0.0,0.0,0.0,1.0,0.0
939905,0.0,0.0,0.0,0.0,0.0,0.0,0.0
941053,0.0,0.0,0.0,0.0,0.0,1.0,0.0
941553,0.0,0.0,0.0,0.0,0.0,0.0,0.0
941586,0.0,0.0,0.0,0.0,0.0,1.0,0.0
942086,0.0,0.0,0.0,0.0,0.0,0.0,0.0
944897,0.0,0.0,0.0,0.0,0.0,1.0,0.0
945397,0.0,0.0,0.0,0.0,0.0,0.0,0.0
946108,0.0,0.0,0.0,0.0,0.0,1.0,0.0
946608,0.0,0.0,0.0,0.0,0.0,0.0,0.0
947473,0.0,0.0,0.0,0.0,0.0,1.0,0.0
947973,0.0,0.0,0.0,0.0,0.0,0.0,0.0
949727,0.0,0.0,0.0,0.0,0.0,1.0,0.0
950227,0.0,0.0,0.0,0.0,0.0,0.0,0.0
950315,0.0,0.0,0.0,0.0,0.0,1.0,0.0
950815,0.0,0.0,0.0,0.0,0.0,0.0,0.0
952099,0.0,0.0,0.0,0.0,0.0,1.0,0.0
952101,0.0,0.0,0.0,0.0,0.0,2.0,0.0
952601,0.0,0.0,0.0,0.0,0.0,0.0,0.0
956932,0.0,0.0,0.0,0.0,0.0,1.0,0.0
957432,0.0,0.0,0.0,0.0,0.0,0.0,0.0
958449,0.0,0.0,0.0,0.0,0.0,1.0,0.0
958949,0.0,0.0,0.0,0.0,0.0,0.0,0.0
959888,0.0,0.0,0.0,0.0,0.0,1.0,0.0
960388,0.0,0.0,0.0,0.0,0.0,0.0,0.0
965552,0.0,0.0,0.0,0.0,0.0,1.0,0.0
966052,0.0,0.0,0.0,0.0,0.0,0.0,0.0
966517,0.0,0.0,0.0,0.0,0.0,1.0,0.0
967017,0.0,0.0,0.0,0.0,0.0,0.0,0.0
967373,0.0,0.0,0.0,0.0,0.0,1.0,0.0
967873,0.0,0.0,0.0,0.0,0.0,0.0,0.0
968160,0.0,0.0,0.0,0.0,0.0,1.0,0.0
968660,0.0,0.0,0.0,0.0,0.0,0.0,0.0
968767,0.0,0.0,0.0,0.0,0.0,1.0,0.0
969267,0.0,0.0,0.0,0.0,0.0,0.0,0.0
972589,0.0,0.0,0.0,0.0,0.0,1.0,0.0
973089,0.0,0.0,0.0,0.0,0.0,0.0,0.0
973681,0.0,0.0,0.0,0.0,0.0,1.0,0.0
974181,0.0,0.0,0.0,0.0,0.0,0.0,0.0
974549,0.0,0.0,0.0,0.0,0.0,1.0,0.0
975049,0.0,0.0,0.0,0.0,0.0,0.0,0.0
975086,0.0,0.0,0.0,0.0,0.0,1.0,0.0
975586,0.0,0.0,0.0,0.0,0.0,0.0,0.0
977117,0.0,0.0,0.0,0.0,0.0,1.0,0.0
977617,0.0,0.0,0.0,0.0,0.0,0.0,0.0
978581,0.0,0.0,0.0,0.0,0.0,1.0,0.0
979081,0.0,0.0,0.0,0.0,0.0,0.0,0.0
982333,0.0,0.0,0.0,0.0,0.0,1.0,0.0
982833,0.0,0.0,0.0,0.0,0.0,0.0,0.0
982952,0.0,0.0,0.0,0.0,0.0,1.0,0.0
983384,0.0,0.0,0.0,0.0,1.0,1.0,0.0
983452,0.0,0.0,0.0,0.0,1.0,0.0,0.0
983884,0.0,0.0,0.0,0.0,0.0,0.0,0.0
985681,0.0,0.0,0.0,0.0,0.0,1.0,0.0
985686,0.0,0.0,0.0,0.0,0.0,2.0,0.0
986186,0.0,0.0,0.0,0.0,0.0,0.0,0.0
986701,0.0,0.0,0.0,0.0,0.0,1.0,0.0
987201,0.0,0.0,0.0,0.0,0.0,0.0,0.0
987809,0.0,0.0,0.0,0.0,0.0,1.0,0.0
988309,0.0,0.0,0.0,0.0,0.0,0.0,0.0
991350,0.0,0.0,0.0,0.0,0.0,1.0,0.0
991850,0.0,0.0,0.0,0.0,0.0,0.0,0.0
992307,0.0,0.0,0.0,0.0,0.0,1.0,0.0
992310,0.0,0.0,0.0,0.0,0.0,2.0,0.0
992810,0.0,0.0,0.0,0.0,0.0,0.0,0.0
994216,0.0,0.0,0.0,0.0,0.0,1.0,0.0
994716,0.0,0.0,0.0,0.0,0.0,0.0,0.0
996610,0.0,0.0,0.0,0.0,0.0,1.0,0.0
996612,0.0,0.0,0.0,0.0,0.0,2.0,0.0
997112,0.0,0.0,0.0,0.0,0.0,0.0,0.0
997213,0.0,0.0,0.0,0.0,1.0,0.0,0.0
997713,0.0,0.0,0.0,0.0,0.0,0.0,0.0
998033,0.0,0.0,0.0,0.0,0.0,1.0,0.0
998317,0.0,0.0,0.0,0.0,0.0,2.0,0.0
998817,0.0,0.0,0.0,0.0,0.0,0.0,0.0
1000229,0.0,0.0,0.0,0.0,0.0,1.0,0.0
1000729,0.0,0.0,0.0,0.0,0.0,0.0,0.0
1000900,0.0,0.0,0.0,0.0,0.0,0.0,1.0
1000993,0.0,0.0,0.0,0.0,0.0,1.0,1.0
1001007,0.0,0.0,0.0,0.0,0.0,2.0,1.0
1001400,0.0,0.0,0.0,0.0,0.0,2.0,0.0
1001507,0.0,0.0,0.0,0.0,0.0,0.0,0.0
1002251,0.0,2.0,0.0,0.0,0.0,1.0,0.0
1002303,2.0,2.0,0.0,0.0,0.0,1.0,0.0
1002469,2.0,2.0,0.0,0.0,1.0,1.0,0.0
1002618,2.0,2.0,0.0,0.0,2.0,1.0,0.0
1002751,2.0,0.0,0.0,0.0,2.0,0.0,0.0
1002803,0.0,0.0,0.0,0.0,2.0,0.0,0.0
1002847,2.0,0.0,0.0,0.0,2.0,0.0,0.0
1003118,2.0,0.0,0.0,0.0,0.0,0.0,0.0
1003347,0.0,0.0,0.0,0.0,0.0,0.0,0.0
1003401,0.0,0.0,0.0,0.0,0.0,1.0,0.0
1003901,0.0,0.0,0.0,0.0,0.0,0.0,0.0
1005234,0.0,0.0,0.0,0.0,0.0,1.0,0.0
1005240,0.0,0.0,0.0,0.0,0.0,2.0,0.0
1005740,0.0,0.0,0.0,0.0,0.0,0.0,0.0
1008012,0.0,0.0,0.0,0.0,0.0,1.0,0.0
1008512,0.0,0.0,0.0,0.0,0.0,0.0,0.0
1008561,0.0,0.0,0.0,0.0,0.0,1.0,0.0
1009061,0.0,0.0,0.0,0.0,0.0,0.0,0.0
1009288,0.0,0.0,0.0,0.0,0.0,1.0,0.0
1009788,0.0,0.0,0.0,0.0,0.0,0.0,0.0
1010274,0.0,0.0,0.0,0.0,0.0,1.0,0.0
1010288,0.0,0.0,0.0,0.0,0.0,2.0,0.0
1010788,0.0,0.0,0.0,0.0,0.0,0.0,0.0
1011029,0.0,0.0,0.0,0.0,0.0,1.0,0.0
1011529,0.0,0.0,0.0,0.0,0.0,0.0,0.0
1011912,0.0,0.0,0.0,0.0,0.0,1.0,0.0
1012412,0.0,0.0,0.0,0.0,0.0,0.0,0.0
1012736,0.0,0.0,0.0,0.0,0.0,1.0,0.0
1013236,0.0,0.0,0.0,0.0,0.0,0.0,0.0
1013237,0.0,0.0,0.0,0.0,0.0,1.0,0.0
1013737,0.0,0.0,0.0,0.0,0.0,0.0,0.0
1014138,0.0,0.0,0.0,0.0,0.0,1.0,0.0
1014152,0.0,0.0,0.0,0.0,0.0,2.0,0.0
1014652,0.0,0.0,0.0,0.0,0.0,0.0,0.0
1015034,0.0,0.0,0.0,0.0,0.0,1.0,0.0
1015534,0.0,0.0,0.0,0.0,0.0,0.0,0.0
1017261,0.0,0.0,0.0,0.0,0.0,1.0,0.0
1017761,0.0,0.0,0.0,0.0,0.0,0.0,0.0
1018204,0.0,0.0,0.0,0.0,0.0,1.0,0.0
1018704,0.0,0.0,0.0,0.0,0.0,0.0,0.0
1019689,0.0,0.0,0.0,0.0,0.0,1.0,0.0
1020156,0.0,0.0,0.0,0.0,1.0,1.0,0.0
1020189,0.0,0.0,0.0,0.0,1.0,0.0,0.0
1020543,0.0,0.0,0.0,0.0,1.0,1.0,0.0
1020656,0.0,0.0,0.0,0.0,0.0,1.0,0.0
1021043,0.0,0.0,0.0,0.0,0.0,0.0,0.0
1021833,0.0,0.0,0.0,0.0,0.0,1.0,0.0
1022333,0.0,0.0,0.0,0.0,0.0,0.0,0.0
1022512,0.0,0.0,0.0,0.0,0.0,1.0,0.0
1023012,0.0,0.0,0.0,0.0,0.0,0.0,0.0
1026195,0.0,0.0,0.0,0.0,0.0,1.0,0.0
1026695,0.0,0.0,0.0,0.0,0.0,0.0,0.0
1028125,0.0,0.0,0.0,0.0,0.0,1.0,0.0
1028625,0.0,0.0,0.0,0.0,0.0,0.0,0.0
1028631,0.0,0.0,0.0,0.0,0.0,1.0,0.0
1028974,0.0,0.0,0.0,0.0,0.0,2.0,0.0
1029474,0.0,0.0,0.0,0.0,0.0,0.0,0.0
1029914,0.0,0.0,0.0,0.0,0.0,1.0,0.0
1030414,0.0,0.0,0.0,0.0,0.0,0.0,0.0
1030672,0.0,0.0,0.0,0.0,0.0,1.0,0.0
1030674,0.0,0.0,0.0,0.0,0.0,2.0,0.0
1031174,0.0,0.0,0.0,0.0,0.0,0.0,0.0
1031492,0.0,0.0,0.0,0.0,0.0,1.0,0.0
1031992,0.0,0.0,0.0,0.0,0.0,0.0,0.0
1032199,0.0,0.0,0.0,0.0,0.0,1.0,0.0
1032647,0.0,0.0,0.0,0.0,0.0,2.0,0.0
1032653,0.0,0.0,0.0,0.0,1.0,2.0,0.0
1033147,0.0,0.0,0.0,0.0,1.0,0.0,0.0
1033153,0.0,0.0,0.0,0.0,0.0,0.0,0.0
1033454,0.0,0.0,0.0,0.0,0.0,1.0,0.0
1033954,0.0,0.0,0.0,0.0,0.0,0.0,0.0
1034300,0.0,0.0,0.0,0.0,1.0,0.0,0.0
1034800,0.0,0.0,0.0,0.0,0.0,0.0,0.0
1036351,0.0,0.0,0.0,0.0,0.0,1.0,0.0
1036851,0.0,0.0,0.0,0.0,0.0,0.0,0.0
1037891,0.0,0.0,0.0,0.0,0.0,1.0,0.0
1038391,0.0,0.0,0.0,0.0,0.0,0.0,0.0
1039214,0.0,0.0,0.0,0.0,0.0,1.0,0.0
1039714,0.0,0.0,0.0,0.0,0.0,0.0,0.0
1039966,0.0,0.0,0.0,0.0,0.0,1.0,0.0
1040089,0.0,0.0,0.0,0.0,0.0,2.0,0.0
1040589,0.0,0.0,0.0,0.0,0.0,0.0,0.0
1040765,0.0,0.0,0.0,0.0,0.0,1.0,0.0
1041265,0.0,0.0,0.0,0.0,0.0,0.0,0.0
1041276,0.0,0.0,0.0,0.0,0.0,1.0,0.0
1041776,0.0,0.0,0.0,0.0,0.0,0.0,0.0
1041892,0.0,0.0,0.0,0.0,0.0,1.0,0.0
1041989,0.0,2.0,0.0,0.0,0.0,1.0,0.0
1041999,0.0,2.0,0.0,0.0,0.0,2.0,0.0
1042489,0.0,0.0,0.0,0.0,0.0,2.0,0.0
1042499,0.0,0.0,0.0,0.0,0.0,0.0,0.0
1043511,0.0,0.0,0.0,0.0,0.0,1.0,0.0
1044011,0.0,0.0,0.0,0.0,0.0,0.0,0.0
1044478,0.0,0.0,0.0,0.0,0.0,1.0,0.0
1044978,0.0,0.0,0.0,0.0,0.0,0.0,0.0
1045659,0.0,0.0,0.0,0.0,0.0,1.0,0.0
1046159,0.0,0.0,0.0,0.0,0.0,0.0,0.0
1047793,0.0,0.0,0.0,0.0,0.0,1.0,0.0
1048293,0.0,0.0,0.0,0.0,0.0,0.0,0.0
1049754,0.0,0.0,0.0,0.0,0.0,1.0,0.0
1050254,0.0,0.0,0.0,0.0,0.0,0.0,0.0
1050304,0.0,0.0,0.0,0.0,0.0,1.0,0.0
1050804,0.0,0.0,0.0,0.0,0.0,0.0,0.0
1051809,0.0,0.0,0.0,0.0,0.0,1.0,0.0
1052309,0.0,0.0,0.0,0.0,0.0,0.0,0.0
1053574,0.0,0.0,0.0,0.0,0.0,1.0,0.0
1053576,0.0,0.0,0.0,0.0,0.0,2.0,0.0
1054076,0.0,0.0,0.0,0.0,0.0,0.0,0.0
1054560,0.0,0.0,0.0,0.0,0.0,1.0,0.0
1055060,0.0,0.0,0.0,0.0,0.0,0.0,0.0
1056836,0.0,0.0,0.0,0.0,0.0,1.0,0.0
1056838,0.0,0.0,0.0,0.0,0.0,2.0,0.0
1057338,0.0,0.0,0.0,0.0,0.0,0.0,0.0
1059388,0.0,0.0,0.0,0.0,0.0,1.0,0.0
1059808,0.0,0.0,0.0,0.0,0.0,2.0,0.0
1060308,0.0,0.0,0.0,0.0,0.0,0.0,0.0
1062194,0.0,0.0,0.0,0.0,0.0,1.0,0.0
1062694,0.0,0.0,0.0,0.0,0.0,0.0,0.0
1063073,0.0,0.0,0.0,0.0,0.0,1.0,0.0
1063089,0.0,0.0,0.0,0.0,0.0,2.0,0.0
1063589,0.0,0.0,0.0,0.0,0.0,0.0,0.0
1064803,0.0,0.0,0.0,0.0,0.0,1.0,0.0
1064810,0.0,0.0,0.0,0.0,0.0,2.0,0.0
1065310,0.0,0.0,0.0,0.0,0.0,0.0,0.0
1066498,0.0,0.0,0.0,0.0,0.0,1.0,0.0
1066998,0.0,0.0,0.0,0.0,0.0,0.0,0.0
1067340,0.0,0.0,0.0,0.0,0.0,1.0,0.0
1067403,0.0,0.0,0.0,0.0,0.0,2.0,0.0
1067903,0.0,0.0,0.0,0.0,0.0,0.0,0.0
1069158,0.0,0.0,0.0,0.0,0.0,1.0,0.0
1069658,0.0,0.0,0.0,0.0,0.0,0.0,0.0
1069908,0.0,0.0,0.0,0.0,0.0,1.0,0.0
1069918,0.0,0.0,0.0,0.0,0.0,2.0,0.0
1070418,0.0,0.0,0.0,0.0,0.0,0.0,0.0
1070992,0.0,0.0,0.0,0.0,0.0,1.0,0.0
1071011,0.0,0.0,0.0,0.0,0.0,2.0,0.0
1071511,0.0,0.0,0.0,0.0,0.0,0.0,0.0
1071573,0.0,0.0,0.0,0.0,0.0,1.0,0.0
1072073,0.0,0.0,0.0,0.0,0.0,0.0,0.0
1072844,0.0,0.0,0.0,0.0,0.0,1.0,0.0
1073344,0.0,0.0,0.0,0.0,0.0,0.0,0.0
1073628,0.0,0.0,0.0,0.0,0.0,1.0,0.0
1074128,0.0,0.0,0.0,0.0,0.0,0.0,0.0
1074202,0.0,0.0,0.0,0.0,0.0,1.0,0.0
1074702,0.0,0.0,0.0,0.0,0.0,0.0,0.0
1074720,0.0,0.0,0.0,0.0,0.0,1.0,0.0
1075220,0.0,0.0,0.0,0.0,0.0,0.0,0.0
1076296,0.0,0.0,0.0,0.0,0.0,1.0,0.0
1076334,0.0,0.0,0.0,0.0,0.0,2.0,0.0
1076834,0.0,0.0,0.0,0.0,0.0,0.0,0.0
1077872,0.0,0.0,0.0,0.0,0.0,1.0,0.0
1077874,0.0,0.0,0.0,0.0,0.0,2.0,0.0
1078374,0.0,0.0,0.0,0.0,0.0,0.0,0.0
1078957,0.0,0.0,0.0,0.0,0.0,1.0,0.0
1078959,0.0,0.0,0.0,0.0,0.0,2.0,0.0
1079459,0.0,0.0,0.0,0.0,0.0,0.0,0.0
1079701,0.0,0.0,0.0,0.0,0.0,1.0,0.0
1080201,0.0,0.0,0.0,0.0,0.0,0.0,0.0
1080421,0.0,0.0,0.0,0.0,0.0,1.0,0.0
1080921,0.0,0.0,0.0,0.0,0.0,0.0,0.0
1081347,0.0,0.0,0.0,0.0,0.0,1.0,0.0
1081847,0.0,0.0,0.0,0.0,0.0,0.0,0.0
1082863,0.0,0.0,0.0,0.0,0.0,1.0,0.0
1083363,0.0,0.0,0.0,0.0,0.0,0.0,0.0
1083751,0.0,0.0,0.0,0.0,0.0,1.0,0.0
1084251,0.0,0.0,0.0,0.0,0.0,0.0,0.0
1086147,0.0,0.0,0.0,0.0,0.0,1.0,0.0
1086647,0.0,0.0,0.0,0.0,0.0,0.0,0.0
1087810,0.0,0.0,0.0,0.0,0.0,1.0,0.0
1088310,0.0,0.0,0.0,0.0,0.0,0.0,0.0
1090475,0.0,0.0,0.0,0.0,0.0,1.0,0.0
1090975,0.0,0.0,0.0,0.0,0.0,0.0,0.0
1091464,0.0,0.0,0.0,0.0,0.0,1.0,0.0
1091466,0.0,0.0,0.0,0.0,0.0,2.0,0.0
1091966,0.0,0.0,0.0,0.0,0.0,0.0,0.0
1092988,0.0,0.0,0.0,0.0,0.0,1.0,0.0
1092993,0.0,0.0,0.0,0.0,0.0,2.0,0.0
1093493,0.0,0.0,0.0,0.0,0.0,0.0,0.0
1094129,0.0,0.0,0.0,0.0,0.0,1.0,0.0
1094629,0.0,0.0,0.0,0.0,0.0,0.0,0.0
1096281,0.0,0.0,0.0,0.0,0.0,1.0,0.0
1096781,0.0,0.0,0.0,0.0,0.0,0.0,0.0
1097601,0.0,0.0,0.0,0.0,0.0,1.0,0.0
1098101,0.0,0.0,0.0,0.0,0.0,0.0,0.0
1098186,0.0,0.0,0.0,0.0,0.0,1.0,0.0
1098686,0.0,0.0,0.0,0.0,0.0,0.0,0.0
1098749,0.0,0.0,0.0,0.0,0.0,1.0,0.0
1099249,0.0,0.0,0.0,0.0,0.0,0.0,0.0
1102431,0.0,0.0,0.0,0.0,0.0,1.0,0.0
1102436,0.0,0.0,0.0,0.0,0.0,2.0,0.0
1102936,0.0,0.0,0.0,0.0,0.0,0.0,0.0
1103953,0.0,0.0,0.0,0.0,0.0,1.0,0.0
1104453,0.0,0.0,0.0,0.0,0.0,0.0,0.0
1104932,0.0,0.0,0.0,0.0,0.0,1.0,0.0
1105432,0.0,0.0,0.0,0.0,0.0,0.0,0.0
1106922,0.0,0.0,0.0,0.0,0.0,1.0,0.0
1107422,0.0,0.0,0.0,0.0,0.0,0.0,0.0
1112063,0.0,0.0,0.0,0.0,0.0,1.0,0.0
1112563,0.0,0.0,0.0,0.0,0.0,0.0,0.0
1115369,0.0,0.0,0.0,0.0,0.0,1.0,0.0
1115869,0.0,0.0,0.0,0.0,0.0,0.0,0.0
1118176,0.0,0.0,0.0,0.0,0.0,1.0,0.0
1118676,0.0,0.0,0.0,0.0,0.0,0.0,0.0
1118986,0.0,0.0,0.0,0.0,0.0,1.0,0.0
1119486,0.0,0.0,0.0,0.0,0.0,0.0,0.0
1122709,0.0,0.0,0.0,0.0,0.0,1.0,0.0
1123209,0.0,0.0,0.0,0.0,0.0,0.0,0.0
1124212,0.0,0.0,0.0,0.0,1.0,0.0,0.0
1124348,0.0,0.0,0.0,0.0,1.0,1.0,0.0
1124712,0.0,0.0,0.0,0.0,0.0,1.0,0.0
1124848,0.0,0.0,0.0,0.0,0.0,0.0,0.0
1126736,0.0,0.0,0.0,0.0,0.0,1.0,0.0
1126738,0.0,0.0,0.0,0.0,0.0,2.0,0.0
1127238,0.0,0.0,0.0,0.0,0.0,0.0,0.0
1128217,0.0,0.0,0.0,0.0,0.0,1.0,0.0
1128717,0.0,0.0,0.0,0.0,0.0,0.0,0.0
1129145,0.0,0.0,0.0,0.0,0.0,1.0,0.0
1129645,0.0,0.0,0.0,0.0,0.0,0.0,0.0
1131118,0.0,0.0,0.0,0.0,1.0,0.0,0.0
1131618,0.0,0.0,0.0,0.0,0.0,0.0,0.0
1134438,0.0,0.0,0.0,0.0,0.0,1.0,0.0
1134938,0.0,0.0,0.0,0.0,0.0,0.0,0.0
1142815,0.0,0.0,0.0,0.0,0.0,1.0,0.0
1143315,0.0,0.0,0.0,0.0,0.0,0.0,0.0
1144385,0.0,0.0,0.0,0.0,0.0,1.0,0.0
1144885,0.0,0.0,0.0,0.0,0.0,0.0,0.0
1145932,0.0,0.0,0.0,0.0,0.0,1.0,0.0
1146432,0.0,0.0,0.0,0.0,0.0,0.0,0.0
1146862,0.0,0.0,0.0,0.0,0.0,1.0,0.0
1147362,0.0,0.0,0.0,0.0,0.0,0.0,0.0
1148976,0.0,0.0,0.0,0.0,0.0,1.0,0.0
1149476,0.0,0.0,0.0,0.0,0.0,0.0,0.0
1151104,0.0,0.0,0.0,0.0,0.0,1.0,0.0
1151604,0.0,0.0,0.0,0.0,0.0,0.0,0.0
1152016,0.0,0.0,0.0,0.0,0.0,1.0,0.0
1152018,0.0,0.0,0.0,0.0,0.0,2.0,0.0
1152518,0.0,0.0,0.0,0.0,0.0,0.0,0.0
1154375,0.0,0.0,0.0,0.0,1.0,0.0,0.0
1154875,0.0,0.0,0.0,0.0,0.0,0.0,0.0
1159925,0.0,0.0,0.0,0.0,0.0,1.0,0.0
1160425,0.0,0.0,0.0,0.0,0.0,0.0,0.0
1160924,0.0,0.0,0.0,0.0,0.0,1.0,0.0
1161424,0.0,0.0,0.0,0.0,0.0,0.0,0.0
1164695,0.0,0.0,0.0,0.0,0.0,1.0,0.0
1164698,0.0,0.0,0.0,0.0,0.0,2.0,0.0
1165198,0.0,0.0,0.0,0.0,0.0,0.0,0.0
1168559,0.0,0.0,0.0,0.0,1.0,0.0,0.0
1168969,0.0,0.0,0.0,0.0,1.0,1.0,0.0
1169059,0.0,0.0,0.0,0.0,0.0,1.0,0.0
1169469,0.0,0.0,0.0,0.0,0.0,0.0,0.0
1170930,0.0,0.0,0.0,0.0,0.0,1.0,0.0
1171141,0.0,0.0,0.0,0.0,1.0,1.0,0.0
1171430,0.0,0.0,0.0,0.0,1.0,0.0,0.0
1171641,0.0,0.0,0.0,0.0,0.0,0.0,0.0
1172390,0.0,0.0,0.0,0.0,0.0,1.0,0.0
1172401,0.0,0.0,0.0,0.0,0.0,2.0,0.0
1172901,0.0,0.0,0.0,0.0,0.0,0.0,0.0
1175475,0.0,0.0,0.0,0.0,0.0,1.0,0.0
1175975,0.0,0.0,0.0,0.0,0.0,0.0,0.0
1178746,0.0,0.0,0.0,0.0,0.0,1.0,0.0
1179246,0.0,0.0,0.0,0.0,0.0,0.0,0.0
1182907,0.0,0.0,0.0,0.0,0.0,1.0,0.0
1182910,0.0,0.0,0.0,0.0,0.0,2.0,0.0
1183410,0.0,0.0,0.0,0.0,0.0,0.0,0.0
1183975,0.0,0.0,0.0,0.0,0.0,1.0,0.0
1184475,0.0,0.0,0.0,0.0,0.0,0.0,0.0
1185488,0.0,0.0,0.0,0.0,0.0,1.0,0.0
1185489,0.0,0.0,0.0,0.0,0.0,2.0,0.0
1185989,0.0,0.0,0.0,0.0,0.0,0.0,0.0
1187703,0.0,0.0,0.0,0.0,0.0,1.0,0.0
1188203,0.0,0.0,0.0,0.0,0.0,0.0,0.0
1189438,0.0,0.0,0.0,0.0,0.0,1.0,0.0
1189938,0.0,0.0,0.0,0.0,0.0,0.0,0.0
1190292,0.0,0.0,0.0,0.0,0.0,1.0,0.0
1190792,0.0,0.0,0.0,0.0,0.0,0.0,0.0
1193557,0.0,0.0,0.0,0.0,0.0,1.0,0.0
1194057,0.0,0.0,0.0,0.0,0.0,0.0,0.0
1194059,0.0,0.0,0.0,0.0,0.0,1.0,0.0
1194066,0.0,0.0,0.0,0.0,0.0,2.0,0.0
1194566,0.0,0.0,0.0,0.0,0.0,0.0,0.0
1194704,0.0,0.0,0.0,0.0,0.0,1.0,0.0
1194706,0.0,0.0,0.0,0.0,0.0,2.0,0.0
1195206,0.0,0.0,0.0,0.0,0.0,0.0,0.0
1196442,0.0,0.0,0.0,0.0,0.0,1.0,0.0
1196942,0.0,0.0,0.0,0.0,0.0,0.0,0.0
1198708,0.0,0.0,0.0,0.0,0.0,1.0,0.0
1198710,0.0,0.0,0.0,0.0,0.0,2.0,0.0
1199210,0.0,0.0,0.0,0.0,0.0,0.0,0.0
1201100,0.0,0.0,0.0,0.0,0.0,0.0,1.0
1201206,0.0,0.0,0.0,0.0,0.0,1.0,1.0
1201213,0.0,0.0,0.0,0.0,0.0,2.0,1.0
1201600,0.0,0.0,0.0,0.0,0.0,2.0,0.0
1201713,0.0,0.0,0.0,0.0,0.0,0.0,0.0
1202015,2.0,0.0,0.0,0.0,0.0,0.0,0.0
1202131,2.0,0.0,0.0,0.0,0.0,1.0,0.0
1202165,2.0,2.0,0.0,0.0,0.0,1.0,0.0
1202515,0.0,2.0,0.0,0.0,0.0,1.0,0.0
1202631,0.0,2.0,0.0,0.0,0.0,0.0,0.0
1202665,0.0,0.0,0.0,0.0,0.0,0.0,0.0
1202783,2.0,0.0,0.0,0.0,0.0,0.0,0.0
1202975,2.0,0.0,0.0,0.0,1.0,0.0,0.0
1203283,0.0,0.0,0.0,0.0,1.0,0.0,0.0
1203449,0.0,0.0,0.0,0.0,1.0,1.0,0.0
1203485,0.0,0.0,0.0,0.0,2.0,1.0,0.0
1203949,0.0,0.0,0.0,0.0,2.0,0.0,0.0
1203985,0.0,0.0,0.0,0.0,0.0,0.0,0.0
1204870,0.0,0.0,0.0,0.0,1.0,0.0,0.0
1205370,0.0,0.0,0.0,0.0,0.0,0.0,0.0
1205526,0.0,0.0,0.0,0.0,0.0,1.0,0.0
1206026,0.0,0.0,0.0,0.0,0.0,0.0,0.0
1206820,0.0,0.0,0.0,0.0,0.0,1.0,0.0
1207320,0.0,0.0,0.0,0.0,0.0,0.0,0.0
1208765,0.0,0.0,0.0,0.0,0.0,1.0,0.0
1209265,0.0,0.0,0.0,0.0,0.0,0.0,0.0
1209547,0.0,0.0,0.0,0.0,1.0,1.0,0.0
1210047,0.0,0.0,0.0,0.0,0.0,0.0,0.0
1211121,0.0,0.0,0.0,0.0,0.0,1.0,0.0
1211621,0.0,0.0,0.0,0.0,0.0,0.0,0.0
1212080,0.0,0.0,0.0,0.0,0.0,1.0,0.0
1212580,0.0,0.0,0.0,0.0,0.0,0.0,0.0
1212648,0.0,0.0,0.0,0.0,0.0,1.0,0.0
1213148,0.0,0.0,0.0,0.0,0.0,0.0,0.0
1213753,0.0,0.0,0.0,0.0,0.0,1.0,0.0
1214253,0.0,0.0,0.0,0.0,0.0,0.0,0.0
1214462,0.0,0.0,0.0,0.0,0.0,1.0,0.0
1214962,0.0,0.0,0.0,0.0,0.0,0.0,0.0
1215441,0.0,0.0,0.0,0.0,0.0,1.0,0.0
1215941,0.0,0.0,0.0,0.0,0.0,0.0,0.0
1216507,0.0,0.0,0.0,0.0,0.0,1.0,0.0
1216516,0.0,0.0,0.0,0.0,0.0,2.0,0.0
1217016,0.0,0.0,0.0,0.0,0.0,0.0,0.0
1217370,0.0,0.0,0.0,0.0,0.0,1.0,0.0
1217802,0.0,2.0,0.0,0.0,0.0,1.0,0.0
1217870,0.0,2.0,0.0,0.0,0.0,0.0,0.0
1218302,0.0,0.0,0.0,0.0,0.0,0.0,0.0
1221139,0.0,0.0,0.0,0.0,0.0,1.0,0.0
1221639,0.0,0.0,0.0,0.0,0.0,0.0,0.0
1222287,0.0,0.0,0.0,0.0,0.0,1.0,0.0
1222787,0.0,0.0,0.0,0.0,0.0,0.0,0.0
1222987,0.0,0.0,0.0,0.0,0.0,1.0,0.0
1223487,0.0,0.0,0.0,0.0,0.0,0.0,0.0
1225067,0.0,2.0,0.0,0.0,0.0,0.0,0.0
1225173,0.0,2.0,0.0,0.0,0.0,1.0,0.0
1225567,0.0,0.0,0.0,0.0,0.0,1.0,0.0
1225673,0.0,0.0,0.0,0.0,0.0,0.0,0.0
1226130,0.0,0.0,0.0,0.0,0.0,1.0,0.0
1226630,0.0,0.0,0.0,0.0,0.0,0.0,0.0
1227936,0.0,0.0,0.0,0.0,0.0,1.0,0.0
1228436,0.0,0.0,0.0,0.0,0.0,0.0,0.0
1229205,0.0,0.0,0.0,0.0,0.0,1.0,0.0
1229705,0.0,0.0,0.0,0.0,0.0,0.0,0.0
1229991,0.0,0.0,0.0,0.0,0.0,1.0,0.0
1229996,0.0,0.0,0.0,0.0,0.0,2.0,0.0
1230496,0.0,0.0,0.0,0.0,0.0,0.0,0.0
1230648,0.0,0.0,0.0,0.0,0.0,1.0,0.0
1231148,0.0,0.0,0.0,0.0,0.0,0.0,0.0
1231516,0.0,0.0,0.0,0.0,0.0,1.0,0.0
1232016,0.0,0.0,0.0,0.0,0.0,0.0,0.0
1232440,0.0,0.0,0.0,0.0,0.0,1.0,0.0
1232940,0.0,0.0,0.0,0.0,0.0,0.0,0.0
1233900,0.0,0.0,0.0,0.0,0.0,1.0,0.0
1234400,0.0,0.0,0.0,0.0,0.0,0.0,0.0
1234674,0.0,0.0,0.0,0.0,0.0,1.0,0.0
1235174,0.0,0.0,0.0,0.0,0.0,0.0,0.0
1235177,0.0,0.0,0.0,0.0,0.0,1.0,0.0
1235677,0.0,0.0,0.0,0.0,0.0,0.0,0.0
1236610,0.0,0.0,0.0,0.0,0.0,1.0,0.0
1236682,0.0,0.0,0.0,0.0,1.0,2.0,0.0
1237182,0.0,0.0,0.0,0.0,0.0,0.0,0.0
1238944,0.0,0.0,0.0,0.0,0.0,1.0,0.0
1239444,0.0,0.0,0.0,0.0,0.0,0.0,0.0
1239549,0.0,0.0,0.0,0.0,0.0,1.0,0.0
1240049,0.0,0.0,0.0,0.0,0.0,0.0,0.0
1240851,0.0,0.0,0.0,0.0,0.0,1.0,0.0
1240862,0.0,0.0,0.0,0.0,0.0,2.0,0.0
1241362,0.0,0.0,0.0,0.0,0.0,0.0,0.0
1241575,0.0,0.0,0.0,0.0,0.0,1.0,0.0
1242075,0.0,0.0,0.0,0.0,0.0,0.0,0.0
1244091,0.0,0.0,0.0,0.0,0.0,1.0,0.0
1244591,0.0,0.0,0.0,0.0,0.0,0.0,0.0
1244928,0.0,0.0,0.0,0.0,1.0,1.0,0.0
1245428,0.0,0.0,0.0,0.0,0.0,0.0,0.0
1245573,0.0,0.0,0.0,0.0,0.0,1.0,0.0
1246073,0.0,0.0,0.0,0.0,0.0,0.0,0.0
1247767,0.0,0.0,0.0,0.0,0.0,1.0,0.0
1248267,0.0,0.0,0.0,0.0,0.0,0.0,0.0
1249254,0.0,0.0,0.0,0.0,0.0,1.0,0.0
1249256,0.0,0.0,0.0,0.0,0.0,2.0,0.0
1249756,0.0,0.0,0.0,0.0,0.0,0.0,0.0
1250806,0.0,0.0,0.0,0.0,0.0,1.0,0.0
1251306,0.0,0.0,0.0,0.0,0.0,0.0,0.0
1251480,0.0,0.0,0.0,0.0,0.0,1.0,0.0
1251508,0.0,0.0,0.0,0.0,0.0,2.0,0.0
1252008,0.0,0.0,0.0,0.0,0.0,0.0,0.0
1252881,0.0,2.0,0.0,0.0,0.0,0.0,0.0
1253296,0.0,2.0,0.0,0.0,0.0,1.0,0.0
1253381,0.0,0.0,0.0,0.0,0.0,1.0,0.0
1253796,0.0,0.0,0.0,0.0,0.0,0.0,0.0
1255588,0.0,0.0,0.0,0.0,0.0,1.0,0.0
1255593,0.0,0.0,0.0,0.0,0.0,2.0,0.0
1256093,0.0,0.0,0.0,0.0,0.0,0.0,0.0
1258276,0.0,0.0,0.0,0.0,0.0,1.0,0.0
1258776,0.0,0.0,0.0,0.0,0.0,0.0,0.0
1259282,0.0,0.0,0.0,0.0,0.0,1.0,0.0
1259782,0.0,0.0,0.0,0.0,0.0,0.0,0.0
1259796,0.0,0.0,0.0,0.0,0.0,1.0,0.0
1260296,0.0,0.0,0.0,0.0,0.0,0.0,0.0
1260723,0.0,0.0,0.0,0.0,0.0,1.0,0.0
1261223,0.0,0.0,0.0,0.0,0.0,0.0,0.0
1262221,0.0,0.0,0.0,0.0,0.0,1.0,0.0
1262244,0.0,0.0,0.0,0.0,0.0,2.0,0.0
1262744,0.0,0.0,0.0,0.0,0.0,0.0,0.0
1264137,0.0,0.0,0.0,0.0,0.0,1.0,0.0
1264404,0.0,0.0,0.0,0.0,0.0,2.0,0.0
1264904,0.0,0.0,0.0,0.0,0.0,0.0,0.0
1265015,0.0,2.0,0.0,0.0,0.0,0.0,0.0
1265515,0.0,0.0,0.0,0.0,0.0,0.0,0.0
1265981,0.0,0.0,0.0,0.0,0.0,1.0,0.0
1266481,0.0,0.0,0.0,0.0,0.0,0.0,0.0
1267067,0.0,0.0,0.0,0.0,0.0,1.0,0.0
1267567,0.0,0.0,0.0,0.0,0.0,0.0,0.0
1267849,0.0,0.0,0.0,0.0,0.0,1.0,0.0
1268349,0.0,0.0,0.0,0.0,0.0,0.0,0.0
1269551,0.0,0.0,0.0,0.0,0.0,1.0,0.0
1270051,0.0,0.0,0.0,0.0,0.0,0.0,0.0
1270882,0.0,0.0,0.0,0.0,0.0,1.0,0.0
1271382,0.0,0.0,0.0,0.0,0.0,0.0,0.0
1271386,0.0,0.0,0.0,0.0,0.0,1.0,0.0
1271886,0.0,0.0,0.0,0.0,0.0,0.0,0.0
1272029,0.0,0.0,0.0,0.0,0.0,1.0,0.0
1272529,0.0,0.0,0.0,0.0,0.0,0.0,0.0
1272692,0.0,0.0,0.0,0.0,0.0,1.0,0.0
1273192,0.0,0.0,0.0,0.0,0.0,0.0,0.0
1273348,0.0,0.0,0.0,0.0,0.0,1.0,0.0
1273848,0.0,0.0,0.0,0.0,0.0,0.0,0.0
1276513,0.0,0.0,0.0,0.0,0.0,1.0,0.0
1276558,0.0,0.0,0.0,0.0,0.0,2.0,0.0
1277058,0.0,0.0,0.0,0.0,0.0,0.0,0.0
1277511,0.0,0.0,0.0,0.0,0.0,1.0,0.0
1278011,0.0,0.0,0.0,0.0,0.0,0.0,0.0
1278930,0.0,0.0,0.0,0.0,0.0,1.0,0.0
1279430,0.0,0.0,0.0,0.0,0.0,0.0,0.0
1279756,0.0,0.0,0.0,0.0,0.0,1.0,0.0
1280256,0.0,0.0,0.0,0.0,0.0,0.0,0.0
1280542,0.0,0.0,0.0,0.0,0.0,1.0,0.0
1281042,0.0,0.0,0.0,0.0,0.0,0.0,0.0
1281046,0.0,0.0,0.0,0.0,0.0,1.0,0.0
1281546,0.0,0.0,0.0,0.0,0.0,0.0,0.0
1281657,0.0,0.0,0.0,0.0,0.0,1.0,0.0
1282157,0.0,0.0,0.0,0.0,0.0,0.0,0.0
1282284,0.0,0.0,0.0,0.0,0.0,1.0,0.0
1282784,0.0,0.0,0.0,0.0,0.0,0.0,0.0
1283563,0.0,0.0,0.0,0.0,0.0,1.0,0.0
1284063,0.0,0.0,0.0,0.0,0.0,0.0,0.0
1284516,0.0,0.0,0.0,0.0,0.0,1.0,0.0
1285016,0.0,0.0,0.0,0.0,0.0,0.0,0.0
1285081,0.0,0.0,0.0,0.0,0.0,1.0,0.0
1285221,0.0,0.0,0.0,0.0,0.0,2.0,0.0
1285721,0.0,0.0,0.0,0.0,0.0,0.0,0.0
1286234,0.0,0.0,0.0,0.0,0.0,1.0,0.0
1286734,0.0,0.0,0.0,0.0,0.0,0.0,0.0
1287374,0.0,0.0,0.0,0.0,0.0,1.0,0.0
1287381,0.0,0.0,0.0,0.0,0.0,2.0,0.0
1287881,0.0,0.0,0.0,0.0,0.0,0.0,0.0
1289804,0.0,0.0,0.0,0.0,0.0,1.0,0.0
1290304,0.0,0.0,0.0,0.0,0.0,0.0,0.0
1293379,0.0,0.0,0.0,0.0,0.0,1.0,0.0
1293386,0.0,0.0,0.0,0.0,0.0,2.0,0.0
1293886,0.0,0.0,0.0,0.0,0.0,0.0,0.0
1294265,0.0,0.0,0.0,0.0,0.0,1.0,0.0
1294765,0.0,0.0,0.0,0.0,0.0,0.0,0.0
1294831,0.0,0.0,0.0,0.0,0.0,1.0,0.0
1295331,0.0,0.0,0.0,0.0,0.0,0.0,0.0
1296922,0.0,0.0,0.0,0.0,0.0,1.0,0.0
1297422,0.0,0.0,0.0,0.0,0.0,0.0,0.0
1298380,0.0,0.0,0.0,0.0,0.0,1.0,0.0
1298382,0.0,0.0,0.0,0.0,0.0,2.0,0.0
1298882,0.0,0.0,0.0,0.0,0.0,0.0,0.0
1299484,0.0,0.0,0.0,0.0,0.0,1.0,0.0
1299984,0.0,0.0,0.0,0.0,0.0,0.0,0.0
1303928,0.0,0.0,0.0,0.0,1.0,0.0,0.0
1303929,0.0,0.0,0.0,0.0,2.0,0.0,0.0
1304429,0.0,0.0,0.0,0.0,0.0,0.0,0.0
1306757,0.0,0.0,0.0,0.0,0.0,1.0,0.0
1306835,0.0,0.0,0.0,0.0,0.0,2.0,0.0
1307335,0.0,0.0,0.0,0.0,0.0,0.0,0.0
1312488,0.0,0.0,0.0,0.0,1.0,0.0,0.0
1312988,0.0,0.0,0.0,0.0,0.0,0.0,0.0
1315028,0.0,0.0,0.0,0.0,0.0,1.0,0.0
1315528,0.0,0.0,0.0,0.0,0.0,0.0,0.0
1316342,0.0,0.0,0.0,0.0,0.0,1.0,0.0
1316842,0.0,0.0,0.0,0.0,0.0,0.0,0.0
1316920,0.0,0.0,0.0,0.0,0.0,1.0,0.0
1317420,0.0,0.0,0.0,0.0,0.0,0.0,0.0
1318336,0.0,0.0,0.0,0.0,0.0,1.0,0.0
1318836,0.0,0.0,0.0,0.0,0.0,0.0,0.0
1319821,0.0,0.0,0.0,0.0,0.0,1.0,0.0
1319822,0.0,0.0,0.0,0.0,0.0,2.0,0.0
1320322,0.0,0.0,0.0,0.0,0.0,0.0,0.0
1325661,0.0,0.0,0.0,0.0,0.0,1.0,0.0
1326161,0.0,0.0,0.0,0.0,0.0,0.0,0.0
1330003,0.0,0.0,0.0,0.0,0.0,1.0,0.0
1330005,0.0,0.0,0.0,0.0,0.0,2.0,0.0
1330505,0.0,0.0,0.0,0.0,0.0,0.0,0.0
1336360,0.0,0.0,0.0,0.0,0.0,1.0,0.0
1336860,0.0,0.0,0.0,0.0,0.0,0.0,0.0
1337218,0.0,0.0,0.0,0.0,0.0,1.0,0.0
1337718,0.0,0.0,0.0,0.0,0.0,0.0,0.0
1338999,0.0,0.0,0.0,0.0,0.0,1.0,0.0
1339499,0.0,0.0,0.0,0.0,0.0,0.0,0.0
1339831,0.0,0.0,0.0,0.0,0.0,1.0,0.0
1340331,0.0,0.0,0.0,0.0,0.0,0.0,0.0
1340692,0.0,0.0,0.0,0.0,1.0,0.0,0.0
1340948,0.0,0.0,0.0,0.0,1.0,1.0,0.0
1341192,0.0,0.0,0.0,0.0,0.0,1.0,0.0
1341448,0.0,0.0,0.0,0.0,0.0,0.0,0.0
1342358,0.0,0.0,0.0,0.0,0.0,1.0,0.0
1342858,0.0,0.0,0.0,0.0,0.0,0.0,0.0
1343626,0.0,0.0,0.0,0.0,0.0,1.0,0.0
1344126,0.0,0.0,0.0,0.0,0.0,0.0,0.0
1344178,0.0,0.0,0.0,0.0,0.0,1.0,0.0
1344678,0.0,0.0,0.0,0.0,0.0,0.0,0.0
1346552,0.0,0.0,0.0,0.0,0.0,1.0,0.0
1346553,0.0,0.0,0.0,0.0,0.0,2.0,0.0
1347053,0.0,0.0,0.0,0.0,0.0,0.0,0.0
1348330,0.0,0.0,0.0,0.0,0.0,1.0,0.0
1348830,0.0,0.0,0.0,0.0,0.0,0.0,0.0
1352643,0.0,0.0,0.0,0.0,1.0,0.0,0.0
1353143,0.0,0.0,0.0,0.0,0.0,0.0,0.0
1353932,0.0,0.0,0.0,0.0,0.0,1.0,0.0
1354432,0.0,0.0,0.0,0.0,0.0,0.0,0.0
1356938,0.0,0.0,0.0,0.0,0.0,1.0,0.0
1357438,0.0,0.0,0.0,0.0,0.0,0.0,0.0
1357718,0.0,0.0,0.0,0.0,0.0,1.0,0.0
1358218,0.0,0.0,0.0,0.0,0.0,0.0,0.0
1358393,0.0,0.0,0.0,0.0,0.0,1.0,0.0
1358893,0.0,0.0,0.0,0.0,0.0,0.0,0.0
1364487,0.0,0.0,0.0,0.0,0.0,1.0,0.0
1364987,0.0,0.0,0.0,0.0,0.0,0.0,0.0
1367587,0.0,0.0,0.0,0.0,0.0,1.0,0.0
1368087,0.0,0.0,0.0,0.0,0.0,0.0,0.0
1372185,0.0,0.0,0.0,0.0,0.0,1.0,0.0
1372203,0.0,0.0,0.0,0.0,0.0,2.0,0.0
1372703,0.0,0.0,0.0,0.0,0.0,0.0,0.0
1373661,0.0,0.0,0.0,0.0,0.0,1.0,0.0
1374161,0.0,0.0,0.0,0.0,0.0,0.0,0.0
1375079,0.0,0.0,0.0,0.0,0.0,1.0,0.0
1375579,0.0,0.0,0.0,0.0,0.0,0.0,0.0
1377687,0.0,0.0,0.0,0.0,0.0,1.0,0.0
1378187,0.0,0.0,0.0,0.0,0.0,0.0,0.0
1381876,0.0,0.0,0.0,0.0,0.0,1.0,0.0
1382376,0.0,0.0,0.0,0.0,0.0,0.0,0.0
1383287,0.0,0.0,0.0,0.0,0.0,1.0,0.0
1383290,0.0,0.0,0.0,0.0,0.0,2.0,0.0
1383790,0.0,0.0,0.0,0.0,0.0,0.0,0.0
1389282,0.0,0.0,0.0,0.0,0.0,1.0,0.0
1389782,0.0,0.0,0.0,0.0,0.0,0.0,0.0
1392068,0.0,0.0,0.0,0.0,0.0,1.0,0.0
1392568,0.0,0.0,0.0,0.0,0.0,0.0,0.0
1395544,0.0,0.0,0.0,0.0,0.0,1.0,0.0
1396044,0.0,0.0,0.0,0.0,0.0,0.0,0.0
1396808,0.0,0.0,0.0,0.0,0.0,1.0,0.0
1397308,0.0,0.0,0.0,0.0,0.0,0.0,0.0
1397740,0.0,0.0,0.0,0.0,0.0,1.0,0.0
1398083,0.0,0.0,0.0,0.0,0.0,2.0,0.0
1398583,0.0,0.0,0.0,0.0,0.0,0.0,0.0
1399558,0.0,0.0,0.0,0.0,0.0,1.0,0.0
1400058,0.0,0.0,0.0,0.0,0.0,0.0,0.0
1401073,0.0,0.0,0.0,0.0,0.0,1.0,0.0
1401300,0.0,0.0,0.0,0.0,0.0,1.0,1.0
1401573,0.0,0.0,0.0,0.0,0.0,0.0,1.0
1401800,0.0,0.0,0.0,0.0,0.0,0.0,0.0
1401825,0.0,0.0,0.0,0.0,0.0,1.0,0.0
1402155,0.0,2.0,0.0,0.0,0.0,1.0,0.0
1402207,2.0,2.0,0.0,0.0,0.0,1.0,0.0
1402325,2.0,2.0,0.0,0.0,0.0,0.0,0.0
1402655,2.0,0.0,0.0,0.0,0.0,0.0,0.0
1402707,0.0,0.0,0.0,0.0,0.0,0.0,0.0
1403548,0.0,0.0,0.0,0.0,1.0,0.0,0.0
1403944,0.0,0.0,0.0,0.0,1.0,1.0,0.0
1404444,0.0,0.0,0.0,0.0,1.0,0.0,0.0
1404699,0.0,0.0,0.0,0.0,2.0,0.0,0.0
1404997,0.0,0.0,0.0,0.0,2.0,1.0,0.0
1405199,0.0,0.0,0.0,0.0,0.0,1.0,0.0
1405407,2.0,0.0,0.0,0.0,0.0,1.0,0.0
1405497,2.0,0.0,0.0,0.0,0.0,0.0,0.0
1405907,0.0,0.0,0.0,0.0,0.0,0.0,0.0
1406917,0.0,0.0,0.0,0.0,0.0,1.0,0.0
1407417,0.0,0.0,0.0,0.0,0.0,0.0,0.0
1407954,0.0,0.0,0.0,0.0,0.0,1.0,0.0
1408399,0.0,0.0,0.0,0.0,0.0,2.0,0.0
1408607,2.0,0.0,0.0,0.0,0.0,2.0,0.0
1408899,2.0,0.0,0.0,0.0,0.0,0.0,0.0
1409107,0.0,0.0,0.0,0.0,0.0,0.0,0.0
1409138,0.0,0.0,0.0,0.0,0.0,1.0,0.0
1409514,0.0,0.0,0.0,0.0,0.0,2.0,0.0
1410014,0.0,0.0,0.0,0.0,0.0,0.0,0.0
1410139,0.0,0.0,0.0,0.0,0.0,1.0,0.0
1410462,0.0,2.0,0.0,0.0,0.0,1.0,0.0
1410639,0.0,2.0,0.0,0.0,0.0,0.0,0.0
1410789,0.0,2.0,0.0,0.0,0.0,1.0,0.0
1410962,0.0,0.0,0.0,0.0,0.0,1.0,0.0
1411289,0.0,0.0,0.0,0.0,0.0,0.0,0.0
1411315,0.0,0.0,0.0,0.0,0.0,1.0,0.0
1411815,0.0,0.0,0.0,0.0,0.0,0.0,0.0
1411960,0.0,0.0,0.0,0.0,0.0,1.0,0.0
1411962,0.0,0.0,0.0,0.0,0.0,2.0,0.0
1411999,2.0,0.0,0.0,0.0,0.0,2.0,0.0
1412462,2.0,0.0,0.0,0.0,0.0,0.0,0.0
1412499,0.0,0.0,0.0,0.0,0.0,0.0,0.0
1413980,0.0,0.0,0.0,0.0,0.0,1.0,0.0
1414194,0.0,0.0,0.0,0.0,0.0,2.0,0.0
1414694,0.0,0.0,0.0,0.0,0.0,0.0,0.0
1414891,0.0,0.0,0.0,0.0,0.0,1.0,0.0
1415391,0.0,0.0,0.0,0.0,0.0,0.0,0.0
1415738,0.0,0.0,0.0,0.0,0.0,1.0,0.0
1415740,0.0,0.0,0.0,0.0,0.0,2.0,0.0
1416240,0.0,0.0,0.0,0.0,0.0,0.0,0.0
1416749,0.0,0.0,0.0,0.0,0.0,1.0,0.0
1416756,0.0,0.0,0.0,0.0,0.0,2.0,0.0
1417256,0.0,0.0,0.0,0.0,0.0,0.0,0.0
1419158,0.0,0.0,0.0,0.0,0.0,1.0,0.0
1419658,0.0,0.0,0.0,0.0,0.0,0.0,0.0
1420878,0.0,0.0,0.0,0.0,0.0,1.0,0.0
1421378,0.0,0.0,0.0,0.0,0.0,0.0,0.0
1421956,0.0,0.0,0.0,0.0,0.0,1.0,0.0
1422456,0.0,0.0,0.0,0.0,0.0,0.0,0.0
1425116,0.0,0.0,0.0,0.0,0.0,1.0,0.0
1425616,0.0,0.0,0.0,0.0,0.0,0.0,0.0
1425887,0.0,0.0,0.0,0.0,0.0,1.0,0.0
1426276,0.0,2.0,0.0,0.0,0.0,1.0,0.0
1426387,0.0,2.0,0.0,0.0,0.0,0.0,0.0
1426520,0.0,2.0,0.0,0.0,0.0,1.0,0.0
1426776,0.0,0.0,0.0,0.0,0.0,1.0,0.0
1427020,0.0,0.0,0.0,0.0,0.0,0.0,0.0
1433642,0.0,0.0,0.0,0.0,0.0,1.0,0.0
1434142,0.0,0.0,0.0,0.0,0.0,0.0,0.0
1435954,0.0,0.0,0.0,0.0,0.0,1.0,0.0
1436454,0.0,0.0,0.0,0.0,0.0,0.0,0.0
1436940,0.0,0.0,0.0,0.0,0.0,1.0,0.0
1437440,0.0,0.0,0.0,0.0,0.0,0.0,0.0
1437846,0.0,0.0,0.0,0.0,0.0,1.0,0.0
1437850,0.0,0.0,0.0,0.0,0.0,2.0,0.0
1438350,0.0,0.0,0.0,0.0,0.0,0.0,0.0
1438507,0.0,0.0,0.0,0.0,0.0,1.0,0.0
1439007,0.0,0.0,0.0,0.0,0.0,0.0,0.0
1441784,0.0,0.0,0.0,0.0,0.0,1.0,0.0
1442284,0.0,0.0,0.0,0.0,0.0,0.0,0.0
1442848,0.0,0.0,0.0,0.0,0.0,1.0,0.0
1443193,0.0,2.0,0.0,0.0,0.0,1.0,0.0
1443348,0.0,2.0,0.0,0.0,0.0,0.0,0.0
1443693,0.0,0.0,0.0,0.0,0.0,0.0,0.0
1447251,0.0,0.0,0.0,0.0,0.0,1.0,0.0
1447751,0.0,0.0,0.0,0.0,0.0,0.0,0.0
1448534,0.0,0.0,0.0,0.0,0.0,1.0,0.0
1449034,0.0,0.0,0.0,0.0,0.0,0.0,0.0
1450366,0.0,0.0,0.0,0.0,0.0,1.0,0.0
1450866,0.0,0.0,0.0,0.0,0.0,0.0,0.0
1451021,0.0,2.0,0.0,0.0,0.0,0.0,0.0
1451521,0.0,0.0,0.0,0.0,0.0,0.0,0.0
1451807,0.0,0.0,0.0,0.0,0.0,1.0,0.0
1452307,0.0,0.0,0.0,0.0,0.0,0.0,0.0
1455317,0.0,0.0,0.0,0.0,0.0,1.0,0.0
1455321,0.0,0.0,0.0,0.0,0.0,2.0,0.0
1455821,0.0,0.0,0.0,0.0,0.0,0.0,0.0
1457353,0.0,0.0,0.0,0.0,0.0,1.0,0.0
1457853,0.0,0.0,0.0,0.0,0.0,0.0,0.0
1458547,0.0,0.0,0.0,0.0,0.0,1.0,0.0
1459047,0.0,0.0,0.0,0.0,0.0,0.0,0.0
1459811,0.0,0.0,0.0,0.0,0.0,1.0,0.0
1460311,0.0,0.0,0.0,0.0,0.0,0.0,0.0
1460436,0.0,0.0,0.0,0.0,0.0,1.0,0.0
1460936,0.0,0.0,0.0,0.0,0.0,0.0,0.0
1460942,0.0,0.0,0.0,0.0,0.0,1.0,0.0
1461442,0.0,0.0,0.0,0.0,0.0,0.0,0.0
1465014,0.0,0.0,0.0,0.0,0.0,1.0,0.0
1465018,0.0,0.0,0.0,0.0,0.0,2.0,0.0
1465518,0.0,0.0,0.0,0.0,0.0,0.0,0.0
1465859,0.0,0.0,0.0,0.0,0.0,1.0,0.0
1466359,0.0,0.0,0.0,0.0,0.0,0.0,0.0
1468052,0.0,0.0,0.0,0.0,0.0,1.0,0.0
1468552,0.0,0.0,0.0,0.0,0.0,0.0,0.0
1468822,0.0,0.0,0.0,0.0,0.0,1.0,0.0
1468824,0.0,0.0,0.0,0.0,0.0,2.0,0.0
1469324,0.0,0.0,0.0,0.0,0.0,0.0,0.0
1469702,0.0,0.0,0.0,0.0,0.0,1.0,0.0
1469780,0.0,0.0,0.0,0.0,0.0,2.0,0.0
1470280,0.0,0.0,0.0,0.0,0.0,0.0,0.0
1473175,0.0,0.0,0.0,0.0,0.0,1.0,0.0
1473177,0.0,0.0,0.0,0.0,0.0,2.0,0.0
1473677,0.0,0.0,0.0,0.0,0.0,0.0,0.0
1474846,0.0,0.0,0.0,0.0,0.0,1.0,0.0
1475346,0.0,0.0,0.0,0.0,0.0,0.0,0.0
1476559,0.0,0.0,0.0,0.0,0.0,1.0,0.0
1476561,0.0,0.0,0.0,0.0,0.0,2.0,0.0
1477061,0.0,0.0,0.0,0.0,0.0,0.0,0.0
1477080,0.0,0.0,0.0,0.0,0.0,1.0,0.0
1477580,0.0,0.0,0.0,0.0,0.0,0.0,0.0
1479740,0.0,0.0,0.0,0.0,0.0,1.0,0.0
1479742,0.0,0.0,0.0,0.0,0.0,2.0,0.0
1480242,0.0,0.0,0.0,0.0,0.0,0.0,0.0
1480975,0.0,0.0,0.0,0.0,0.0,1.0,0.0
1481475,0.0,0.0,0.0,0.0,0.0,0.0,0.0
1484450,0.0,0.0,0.0,0.0,0.0,1.0,0.0
1484950,0.0,0.0,0.0,0.0,0.0,0.0,0.0
1484978,0.0,0.0,0.0,0.0,0.0,1.0,0.0
1485478,0.0,0.0,0.0,0.0,0.0,0.0,0.0
1488012,0.0,0.0,0.0,0.0,1.0,0.0,0.0
1488014,0.0,0.0,0.0,0.0,2.0,0.0,0.0
1488514,0.0,0.0,0.0,0.0,0.0,0.0,0.0
1489093,0.0,0.0,0.0,0.0,0.0,1.0,0.0
1489097,0.0,0.0,0.0,0.0,0.0,2.0,0.0
1489597,0.0,0.0,0.0,0.0,0.0,0.0,0.0
1489950,0.0,0.0,0.0,0.0,1.0,1.0,0.0
1490450,0.0,0.0,0.0,0.0,0.0,0.0,0.0
1490840,0.0,0.0,0.0,0.0,0.0,1.0,0.0
1491340,0.0,0.0,0.0,0.0,0.0,0.0,0.0
1491810,0.0,0.0,0.0,0.0,0.0,1.0,0.0
1491812,0.0,0.0,0.0,0.0,0.0,2.0,0.0
1492312,0.0,0.0,0.0,0.0,0.0,0.0,0.0
1493807,0.0,0.0,0.0,0.0,0.0,1.0,0.0
1494307,0.0,0.0,0.0,0.0,0.0,0.0,0.0
1494536,0.0,0.0,0.0,0.0,0.0,1.0,0.0
1495036,0.0,0.0,0.0,0.0,0.0,0.0,0.0
1495238,0.0,0.0,0.0,0.0,0.0,1.0,0.0
1495450,0.0,0.0,0.0,0.0,0.0,2.0,0.0
1495950,0.0,0.0,0.0,0.0,0.0,0.0,0.0
1499931,0.0,0.0,0.0,0.0,0.0,1.0,0.0
1500431,0.0,0.0,0.0,0.0,0.0,0.0,0.0
1503804,0.0,0.0,0.0,0.0,0.0,1.0,0.0
1504304,0.0,0.0,0.0,0.0,0.0,0.0,0.0
1510437,0.0,0.0,0.0,0.0,0.0,1.0,0.0
1510937,0.0,0.0,0.0,0.0,0.0,0.0,0.0
1511019,0.0,0.0,0.0,0.0,0.0,1.0,0.0
1511519,0.0,0.0,0.0,0.0,0.0,0.0,0.0
1512702,0.0,0.0,0.0,0.0,0.0,1.0,0.0
1513202,0.0,0.0,0.0,0.0,0.0,0.0,0.0
1514139,0.0,0.0,0.0,0.0,0.0,1.0,0.0
1514639,0.0,0.0,0.0,0.0,0.0,0.0,0.0
1515129,0.0,0.0,0.0,0.0,0.0,1.0,0.0
1515629,0.0,0.0,0.0,0.0,0.0,0.0,0.0
1515772,0.0,0.0,0.0,0.0,0.0,1.0,0.0
1516272,0.0,0.0,0.0,0.0,0.0,0.0,0.0
1526156,0.0,0.0,0.0,0.0,0.0,1.0,0.0
1526656,0.0,0.0,0.0,0.0,0.0,0.0,0.0
1526730,0.0,0.0,0.0,0.0,0.0,1.0,0.0
1527230,0.0,0.0,0.0,0.0,0.0,0.0,0.0
1527592,0.0,0.0,0.0,0.0,0.0,1.0,0.0
1528092,0.0,0.0,0.0,0.0,0.0,0.0,0.0
1528464,0.0,0.0,0.0,0.0,0.0,1.0,0.0
1528466,0.0,0.0,0.0,0.0,0.0,2.0,0.0
1528966,0.0,0.0,0.0,0.0,0.0,0.0,0.0
1530362,0.0,0.0,0.0,0.0,0.0,1.0,0.0
1530862,0.0,0.0,0.0,0.0,0.0,0.0,0.0
1532841,0.0,0.0,0.0,0.0,0.0,1.0,0.0
1533341,0.0,0.0,0.0,0.0,0.0,0.0,0.0
1535062,0.0,0.0,0.0,0.0,0.0,1.0,0.0
1535562,0.0,0.0,0.0,0.0,0.0,0.0,0.0
1538406,0.0,0.0,0.0,0.0,0.0,1.0,0.0
1538906,0.0,0.0,0.0,0.0,0.0,0.0,0.0
1540252,0.0,0.0,0.0,0.0,0.0,1.0,0.0
1540752,0.0,0.0,0.0,0.0,0.0,0.0,0.0
1541675,0.0,0.0,0.0,0.0,0.0,1.0,0.0
1542175,0.0,0.0,0.0,0.0,0.0,0.0,0.0
1542665,0.0,0.0,0.0,0.0,0.0,1.0,0.0
1543165,0.0,0.0,0.0,0.0,0.0,0.0,0.0
1545533,0.0,0.0,0.0,0.0,0.0,1.0,0.0
1546033,0.0,0.0,0.0,0.0,0.0,0.0,0.0
1549413,0.0,0.0,0.0,0.0,0.0,1.0,0.0
1549913,0.0,0.0,0.0,0.0,0.0,0.0,0.0
1550620,0.0,0.0,0.0,0.0,0.0,1.0,0.0
1551120,0.0,0.0,0.0,0.0,0.0,0.0,0.0
1551763,0.0,0.0,0.0,0.0,0.0,1.0,0.0
1551842,0.0,0.0,0.0,0.0,0.0,2.0,0.0
1552342,0.0,0.0,0.0,0.0,0.0,0.0,0.0
1552550,0.0,0.0,0.0,0.0,0.0,1.0,0.0
1553050,0.0,0.0,0.0,0.0,0.0,0.0,0.0
1553444,0.0,0.0,0.0,0.0,0.0,1.0,0.0
1553944,0.0,0.0,0.0,0.0,0.0,0.0,0.0
1556531,0.0,0.0,0.0,0.0,0.0,1.0,0.0
1557031,0.0,0.0,0.0,0.0,0.0,0.0,0.0
1557326,0.0,0.0,0.0,0.0,0.0,1.0,0.0
1557826,0.0,0.0,0.0,0.0,0.0,0.0,0.0
1558653,0.0,0.0,0.0,0.0,0.0,1.0,0.0
1559153,0.0,0.0,0.0,0.0,0.0,0.0,0.0
1563304,0.0,0.0,0.0,0.0,0.0,1.0,0.0
1563804,0.0,0.0,0.0,0.0,0.0,0.0,0.0
1566588,0.0,0.0,0.0,0.0,0.0,1.0,0.0
1567088,0.0,0.0,0.0,0.0,0.0,0.0,0.0
1569429,0.0,0.0,0.0,0.0,0.0,1.0,0.0
1569929,0.0,0.0,0.0,0.0,0.0,0.0,0.0
1570174,0.0,0.0,0.0,0.0,0.0,1.0,0.0
1570674,0.0,0.0,0.0,0.0,0.0,0.0,0.0
1571167,0.0,0.0,0.0,0.0,0.0,1.0,0.0
1571667,0.0,0.0,0.0,0.0,0.0,0.0,0.0
1573957,0.0,0.0,0.0,0.0,0.0,1.0,0.0
1574457,0.0,0.0,0.0,0.0,0.0,0.0,0.0
1574886,0.0,0.0,0.0,0.0,0.0,1.0,0.0
1574888,0.0,0.0,0.0,0.0,0.0,2.0,0.0
1575388,0.0,0.0,0.0,0.0,0.0,0.0,0.0
1576853,0.0,0.0,0.0,0.0,0.0,1.0,0.0
1576857,0.0,0.0,0.0,0.0,0.0,2.0,0.0
1577357,0.0,0.0,0.0,0.0,0.0,0.0,0.0
1579229,0.0,0.0,0.0,0.0,0.0,1.0,0.0
1579729,0.0,0.0,0.0,0.0,0.0,0.0,0.0
1584593,0.0,0.0,0.0,0.0,1.0,0.0,0.0
1585093,0.0,0.0,0.0,0.0,0.0,0.0,0.0
1586346,0.0,0.0,0.0,0.0,1.0,0.0,0.0
1586846,0.0,0.0,0.0,0.0,0.0,0.0,0.0
1587167,0.0,0.0,0.0,0.0,0.0,1.0,0.0
1587667,0.0,0.0,0.0,0.0,0.0,0.0,0.0
1587703,0.0,0.0,0.0,0.0,0.0,1.0,0.0
1588203,0.0,0.0,0.0,0.0,0.0,0.0,0.0
1590899,0.0,0.0,0.0,0.0,0.0,1.0,0.0
1591399,0.0,0.0,0.0,0.0,0.0,0.0,0.0
1594083,0.0,0.0,0.0,0.0,0.0,1.0,0.0
1594583,0.0,0.0,0.0,0.0,0.0,0.0,0.0
1595531,0.0,0.0,0.0,0.0,0.0,1.0,0.0
1595533,0.0,0.0,0.0,0.0,0.0,2.0,0.0
1596033,0.0,0.0,0.0,0.0,0.0,0.0,0.0
1598664,0.0,0.0,0.0,0.0,0.0,1.0,0.0
1599164,0.0,0.0,0.0,0.0,0.0,0.0,0.0
1599820,0.0,0.0,0.0,0.0,1.0,0.0,0.0
1599824,0.0,0.0,0.0,0.0,2.0,1.0,0.0
1600324,0.0,0.0,0.0,0.0,0.0,0.0,0.0
1601500,0.0,0.0,0.0,0.0,0.0,0.0,1.0
1602000,0.0,0.0,0.0,0.0,0.0,0.0,0.0
1602402,0.0,0.0,0.0,0.0,0.0,1.0,0.0
1602902,0.0,0.0,0.0,0.0,0.0,0.0,0.0
1603459,0.0,0.0,0.0,0.0,0.0,1.0,0.0
1603468,0.0,0.0,0.0,0.0,1.0,2.0,0.0
1603807,2.0,0.0,0.0,0.0,1.0,2.0,0.0
1603968,2.0,0.0,0.0,0.0,0.0,0.0,0.0
1604095,2.0,0.0,0.0,0.0,0.0,1.0,0.0
1604195,2.0,0.0,0.0,0.0,1.0,1.0,0.0
1604307,0.0,0.0,0.0,0.0,1.0,1.0,0.0
1604401,0.0,2.0,0.0,0.0,1.0,1.0,0.0
1604407,0.0,2.0,0.0,0.0,1.0,2.0,0.0
1604415,2.0,2.0,0.0,0.0,1.0,2.0,0.0
1604901,2.0,0.0,0.0,0.0,1.0,2.0,0.0
1604907,2.0,0.0,0.0,0.0,1.0,0.0,0.0
1604915,0.0,0.0,0.0,0.0,1.0,0.0,0.0
1605028,0.0,0.0,0.0,0.0,1.0,1.0,0.0
1605247,2.0,0.0,0.0,0.0,1.0,1.0,0.0
1605291,2.0,0.0,0.0,0.0,2.0,1.0,0.0
1605528,2.0,0.0,0.0,0.0,2.0,0.0,0.0
1605747,0.0,0.0,0.0,0.0,2.0,0.0,0.0
1605791,0.0,0.0,0.0,0.0,0.0,0.0,0.0
1606368,0.0,0.0,0.0,0.0,0.0,1.0,0.0
1606868,0.0,0.0,0.0,0.0,0.0,0.0,0.0
1607392,0.0,0.0,0.0,0.0,0.0,1.0,0.0
1607892,0.0,0.0,0.0,0.0,0.0,0.0,0.0
1608094,0.0,0.0,0.0,0.0,0.0,1.0,0.0
1608594,0.0,0.0,0.0,0.0,0.0,0.0,0.0
1609481,0.0,0.0,0.0,0.0,0.0,1.0,0.0
1609981,0.0,0.0,0.0,0.0,0.0,0.0,0.0
1611745,0.0,0.0,0.0,0.0,0.0,1.0,0.0
1611860,0.0,0.0,0.0,0.0,0.0,2.0,0.0
1612360,0.0,0.0,0.0,0.0,0.0,0.0,0.0
1613141,0.0,2.0,0.0,0.0,0.0,0.0,0.0
1613641,0.0,0.0,0.0,0.0,0.0,0.0,0.0
1614087,0.0,0.0,0.0,0.0,0.0,1.0,0.0
1614587,0.0,0.0,0.0,0.0,0.0,0.0,0.0
1614683,0.0,0.0,0.0,0.0,0.0,1.0,0.0
1615183,0.0,0.0,0.0,0.0,0.0,0.0,0.0
1615658,0.0,0.0,0.0,0.0,0.0,1.0,0.0
1615671,0.0,0.0,0.0,0.0,0.0,2.0,0.0
1616171,0.0,0.0,0.0,0.0,0.0,0.0,0.0
1616337,0.0,0.0,0.0,0.0,0.0,1.0,0.0
1616837,0.0,0.0,0.0,0.0,0.0,0.0,0.0
1618098,0.0,0.0,0.0,0.0,0.0,1.0,0.0
1618598,0.0,0.0,0.0,0.0,0.0,0.0,0.0
1619439,0.0,0.0,0.0,0.0,0.0,1.0,0.0
1619939,0.0,0.0,0.0,0.0,0.0,0.0,0.0
1621500,0.0,0.0,0.0,0.0,0.0,1.0,0.0
1622000,0.0,0.0,0.0,0.0,0.0,0.0,0.0
1622320,0.0,0.0,0.0,0.0,0.0,1.0,0.0
1622820,0.0,0.0,0.0,0.0,0.0,0.0,0.0
1622987,0.0,0.0,0.0,0.0,0.0,1.0,0.0
1623487,0.0,0.0,0.0,0.0,0.0,0.0,0.0
1624610,0.0,0.0,0.0,0.0,0.0,1.0,0.0
1625110,0.0,0.0,0.0,0.0,0.0,0.0,0.0
1626177,0.0,0.0,0.0,0.0,0.0,1.0,0.0
1626677,0.0,0.0,0.0,0.0,0.0,0.0,0.0
1629226,0.0,0.0,0.0,0.0,0.0,1.0,0.0
1629726,0.0,0.0,0.0,0.0,0.0,0.0,0.0
1629830,0.0,0.0,0.0,0.0,0.0,1.0,0.0
1630300,0.0,0.0,0.0,0.0,0.0,2.0,0.0
1630800,0.0,0.0,0.0,0.0,0.0,0.0,0.0
1631914,0.0,0.0,0.0,0.0,0.0,1.0,0.0
1631916,0.0,0.0,0.0,0.0,0.0,2.0,0.0
1632416,0.0,0.0,0.0,0.0,0.0,0.0,0.0
1632943,0.0,0.0,0.0,0.0,0.0,1.0,0.0
1633443,0.0,0.0,0.0,0.0,0.0,0.0,0.0
1637177,0.0,0.0,0.0,0.0,0.0,1.0,0.0
1637677,0.0,0.0,0.0,0.0,0.0,0.0,0.0
1639543,0.0,0.0,0.0,0.0,0.0,1.0,0.0
1639544,0.0,0.0,0.0,0.0,0.0,2.0,0.0
1640044,0.0,0.0,0.0,0.0,0.0,0.0,0.0
1640384,0.0,0.0,0.0,0.0,0.0,1.0,0.0
1640884,0.0,0.0,0.0,0.0,0.0,0.0,0.0
1640949,0.0,0.0,0.0,0.0,0.0,1.0,0.0
1641026,0.0,0.0,0.0,0.0,0.0,2.0,0.0
1641526,0.0,0.0,0.0,0.0,0.0,0.0,0.0
1641892,0.0,0.0,0.0,0.0,0.0,1.0,0.0
1642392,0.0,0.0,0.0,0.0,0.0,0.0,0.0
1642880,0.0,0.0,0.0,0.0,0.0,1.0,0.0
1642891,0.0,0.0,0.0,0.0,0.0,2.0,0.0
1643391,0.0,0.0,0.0,0.0,0.0,0.0,0.0
1643832,0.0,0.0,0.0,0.0,0.0,1.0,0.0
1644332,0.0,0.0,0.0,0.0,0.0,0.0,0.0
1645838,0.0,0.0,0.0,0.0,0.0,1.0,0.0
1646338,0.0,0.0,0.0,0.0,0.0,0.0,0.0
1649464,0.0,0.0,0.0,0.0,0.0,1.0,0.0
1649964,0.0,0.0,0.0,0.0,0.0,0.0,0.0
1649994,0.0,0.0,0.0,0.0,0.0,1.0,0.0
1650494,0.0,0.0,0.0,0.0,0.0,0.0,0.0
1651957,0.0,0.0,0.0,0.0,0.0,1.0,0.0
1652457,0.0,0.0,0.0,0.0,0.0,0.0,0.0
1653589,0.0,0.0,0.0,0.0,0.0,1.0,0.0
1654089,0.0,0.0,0.0,0.0,0.0,0.0,0.0
1654318,0.0,0.0,0.0,0.0,0.0,1.0,0.0
1654818,0.0,0.0,0.0,0.0,0.0,0.0,0.0
1654911,0.0,0.0,0.0,0.0,0.0,1.0,0.0
1655411,0.0,0.0,0.0,0.0,0.0,0.0,0.0
1655824,0.0,0.0,0.0,0.0,0.0,1.0,0.0
1656233,0.0,0.0,0.0,0.0,0.0,2.0,0.0
1656733,0.0,0.0,0.0,0.0,0.0,0.0,0.0
1658755,0.0,0.0,0.0,0.0,0.0,1.0,0.0
1659255,0.0,0.0,0.0,0.0,0.0,0.0,0.0
1659534,0.0,0.0,0.0,0.0,0.0,1.0,0.0
1660034,0.0,0.0,0.0,0.0,0.0,0.0,0.0
1660387,0.0,0.0,0.0,0.0,0.0,1.0,0.0
1660887,0.0,0.0,0.0,0.0,0.0,0.0,0.0
1661171,0.0,0.0,0.0,0.0,0.0,1.0,0.0
1661185,0.0,0.0,0.0,0.0,0.0,2.0,0.0
1661685,0.0,0.0,0.0,0.0,0.0,0.0,0.0
1662336,0.0,0.0,0.0,0.0,0.0,1.0,0.0
1662836,0.0,0.0,0.0,0.0,0.0,0.0,0.0
1663142,0.0,0.0,0.0,0.0,0.0,1.0,0.0
1663165,0.0,0.0,0.0,0.0,0.0,2.0,0.0
1663665,0.0,0.0,0.0,0.0,0.0,0.0,0.0
1664072,0.0,0.0,0.0,0.0,0.0,1.0,0.0
1664572,0.0,0.0,0.0,0.0,0.0,0.0,0.0
1664896,0.0,0.0,0.0,0.0,0.0,1.0,0.0
1664899,0.0,0.0,0.0,0.0,0.0,2.0,0.0
1665399,0.0,0.0,0.0,0.0,0.0,0.0,0.0
1666329,0.0,0.0,0.0,0.0,0.0,1.0,0.0
1666331,0.0,0.0,0.0,0.0,0.0,2.0,0.0
1666831,0.0,0.0,0.0,0.0,0.0,0.0,0.0
1667039,0.0,0.0,0.0,0.0,0.0,1.0,0.0
1667043,0.0,0.0,0.0,0.0,0.0,2.0,0.0
1667543,0.0,0.0,0.0,0.0,0.0,0.0,0.0
1668018,0.0,0.0,0.0,0.0,0.0,1.0,0.0
1668518,0.0,0.0,0.0,0.0,0.0,0.0,0.0
1669025,0.0,0.0,0.0,0.0,0.0,1.0,0.0
1669525,0.0,0.0,0.0,0.0,0.0,0.0,0.0
1669676,0.0,0.0,0.0,0.0,0.0,1.0,0.0
1670176,0.0,0.0,0.0,0.0,0.0,0.0,0.0
1670482,0.0,0.0,0.0,0.0,0.0,1.0,0.0
1670982,0.0,0.0,0.0,0.0,0.0,0.0,0.0
1671219,0.0,0.0,0.0,0.0,0.0,1.0,0.0
1671719,0.0,0.0,0.0,0.0,0.0,0.0,0.0
1674727,0.0,0.0,0.0,0.0,0.0,1.0,0.0
1675227,0.0,0.0,0.0,0.0,0.0,0.0,0.0
1675271,0.0,0.0,0.0,0.0,0.0,1.0,0.0
1675771,0.0,0.0,0.0,0.0,0.0,0.0,0.0
1677275,0.0,0.0,0.0,0.0,0.0,1.0,0.0
1677775,0.0,0.0,0.0,0.0,0.0,0.0,0.0
1679437,0.0,0.0,0.0,0.0,0.0,1.0,0.0
1679937,0.0,0.0,0.0,0.0,0.0,0.0,0.0
1680149,0.0,0.0,0.0,0.0,0.0,1.0,0.0
1680649,0.0,0.0,0.0,0.0,0.0,0.0,0.0
1680721,0.0,0.0,0.0,0.0,0.0,1.0,0.0
1681221,0.0,0.0,0.0,0.0,0.0,0.0,0.0
1682423,0.0,0.0,0.0,0.0,0.0,1.0,0.0
1682923,0.0,0.0,0.0,0.0,0.0,0.0,0.0
1683380,0.0,0.0,0.0,0.0,0.0,1.0,0.0
1683880,0.0,0.0,0.0,0.0,0.0,0.0,0.0
1684549,0.0,0.0,0.0,0.0,0.0,1.0,0.0
1685049,0.0,0.0,0.0,0.0,0.0,0.0,0.0
1685532,0.0,0.0,0.0,0.0,0.0,1.0,0.0
1686032,0.0,0.0,0.0,0.0,0.0,0.0,0.0
1686117,0.0,0.0,0.0,0.0,0.0,1.0,0.0
1686617,0.0,0.0,0.0,0.0,0.0,0.0,0.0
1686820,0.0,0.0,0.0,0.0,0.0,1.0,0.0
1686822,0.0,0.0,0.0,0.0,0.0,2.0,0.0
1687322,0.0,0.0,0.0,0.0,0.0,0.0,0.0
1687992,0.0,0.0,0.0,0.0,0.0,1.0,0.0
1688492,0.0,0.0,0.0,0.0,0.0,0.0,0.0
1689795,0.0,0.0,0.0,0.0,0.0,1.0,0.0
1690295,0.0,0.0,0.0,0.0,0.0,0.0,0.0
1691169,0.0,0.0,0.0,0.0,0.0,1.0,0.0
1691669,0.0,0.0,0.0,0.0,0.0,0.0,0.0
1693235,0.0,0.0,0.0,0.0,0.0,1.0,0.0
1693735,0.0,0.0,0.0,0.0,0.0,0.0,0.0
1694475,0.0,0.0,0.0,0.0,0.0,1.0,0.0
1694975,0.0,0.0,0.0,0.0,0.0,0.0,0.0
1696217,0.0,0.0,0.0,0.0,0.0,1.0,0.0
1696717,0.0,0.0,0.0,0.0,0.0,0.0,0.0
1696912,0.0,0.0,0.0,0.0,0.0,1.0,0.0
1697412,0.0,0.0,0.0,0.0,0.0,0.0,0.0
1698449,0.0,0.0,0.0,0.0,0.0,1.0,0.0
1698949,0.0,0.0,0.0,0.0,0.0,0.0,0.0
1699172,0.0,0.0,0.0,0.0,0.0,1.0,0.0
1699672,0.0,0.0,0.0,0.0,0.0,0.0,0.0
1701162,0.0,0.0,0.0,0.0,0.0,1.0,0.0
1701662,0.0,0.0,0.0,0.0,0.0,0.0,0.0
1702288,0.0,0.0,0.0,0.0,0.0,1.0,0.0
1702788,0.0,0.0,0.0,0.0,0.0,0.0,0.0
1706251,0.0,0.0,0.0,0.0,0.0,1.0,0.0
1706751,0.0,0.0,0.0,0.0,0.0,0.0,0.0
1707192,0.0,0.0,0.0,0.0,0.0,1.0,0.0
1707196,0.0,0.0,0.0,0.0,0.0,2.0,0.0
1707696,0.0,0.0,0.0,0.0,0.0,0.0,0.0
1708261,0.0,0.0,0.0,0.0,0.0,1.0,0.0
1708761,0.0,0.0,0.0,0.0,0.0,0.0,0.0
1708961,0.0,0.0,0.0,0.0,1.0,0.0,0.0
1709461,0.0,0.0,0.0,0.0,0.0,0.0,0.0
1709525,0.0,0.0,0.0,0.0,0.0,1.0,0.0
1709535,0.0,0.0,0.0,0.0,1.0,1.0,0.0
1710025,0.0,0.0,0.0,0.0,1.0,0.0,0.0
1710035,0.0,0.0,0.0,0.0,0.0,0.0,0.0
1713253,0.0,0.0,0.0,0.0,0.0,1.0,0.0
1713753,0.0,0.0,0.0,0.0,0.0,0.0,0.0
1714311,0.0,0.0,0.0,0.0,0.0,1.0,0.0
1714811,0.0,0.0,0.0,0.0,0.0,0.0,0.0
1716452,0.0,0.0,0.0,0.0,0.0,1.0,0.0
1716952,0.0,0.0,0.0,0.0,0.0,0.0,0.0
1718858,0.0,0.0,0.0,0.0,1.0,1.0,0.0
1719358,0.0,0.0,0.0,0.0,0.0,0.0,0.0
1719690,0.0,0.0,0.0,0.0,0.0,1.0,0.0
1720190,0.0,0.0,0.0,0.0,0.0,0.0,0.0
1721430,0.0,0.0,0.0,0.0,0.0,1.0,0.0
1721849,0.0,0.0,0.0,0.0,0.0,2.0,0.0
1722349,0.0,0.0,0.0,0.0,0.0,0.0,0.0
1723003,0.0,0.0,0.0,0.0,0.0,1.0,0.0
1723503,0.0,0.0,0.0,0.0,0.0,0.0,0.0
1723774,0.0,0.0,0.0,0.0,0.0,1.0,0.0
1724274,0.0,0.0,0.0,0.0,0.0,0.0,0.0
1725866,0.0,0.0,0.0,0.0,0.0,1.0,0.0
1725868,0.0,0.0,0.0,0.0,0.0,2.0,0.0
1726368,0.0,0.0,0.0,0.0,0.0,0.0,0.0
1726887,0.0,0.0,0.0,0.0,0.0,1.0,0.0
1727387,0.0,0.0,0.0,0.0,0.0,0.0,0.0
1727815,0.0,0.0,0.0,0.0,0.0,1.0,0.0
1727820,0.0,0.0,0.0,0.0,0.0,2.0,0.0
1728320,0.0,0.0,0.0,0.0,0.0,0.0,0.0
1731308,0.0,0.0,0.0,0.0,0.0,1.0,0.0
1731808,0.0,0.0,0.0,0.0,0.0,0.0,0.0
1731955,0.0,0.0,0.0,0.0,0.0,1.0,0.0
1732455,0.0,0.0,0.0,0.0,0.0,0.0,0.0
1736448,0.0,0.0,0.0,0.0,0.0,1.0,0.0
1736948,0.0,0.0,0.0,0.0,0.0,0.0,0.0
1738330,0.0,0.0,0.0,0.0,0.0,1.0,0.0
1738830,0.0,0.0,0.0,0.0,0.0,0.0,0.0
1739308,0.0,0.0,0.0,0.0,0.0,1.0,0.0
1739316,0.0,0.0,0.0,0.0,0.0,2.0,0.0
1739816,0.0,0.0,0.0,0.0,0.0,0.0,0.0
1750161,0.0,0.0,0.0,0.0,0.0,1.0,0.0
1750661,0.0,0.0,0.0,0.0,0.0,0.0,0.0
1753675,0.0,0.0,0.0,0.0,0.0,1.0,0.0
1754175,0.0,0.0,0.0,0.0,0.0,0.0,0.0
1758148,0.0,0.0,0.0,0.0,0.0,1.0,0.0
1758648,0.0,0.0,0.0,0.0,0.0,0.0,0.0
1763084,0.0,0.0,0.0,0.0,0.0,1.0,0.0
1763584,0.0,0.0,0.0,0.0,0.0,0.0,0.0
1764555,0.0,0.0,0.0,0.0,0.0,1.0,0.0
1764563,0.0,0.0,0.0,0.0,0.0,2.0,0.0
1765063,0.0,0.0,0.0,0.0,0.0,0.0,0.0
1765456,0.0,0.0,0.0,0.0,0.0,1.0,0.0
1765956,0.0,0.0,0.0,0.0,0.0,0.0,0.0
1766252,0.0,0.0,0.0,0.0,0.0,1.0,0.0
1766752,0.0,0.0,0.0,0.0,0.0,0.0,0.0
1767754,0.0,0.0,0.0,0.0,0.0,1.0,0.0
1768254,0.0,0.0,0.0,0.0,0.0,0.0,0.0
1774877,0.0,0.0,0.0,0.0,0.0,1.0,0.0
1775377,0.0,0.0,0.0,0.0,0.0,0.0,0.0
1776473,0.0,0.0,0.0,0.0,0.0,1.0,0.0
1776973,0.0,0.0,0.0,0.0,0.0,0.0,0.0
1779280,0.0,0.0,0.0,0.0,0.0,1.0,0.0
1779780,0.0,0.0,0.0,0.0,0.0,0.0,0.0
1779843,0.0,0.0,0.0,0.0,0.0,1.0,0.0
1780343,0.0,0.0,0.0,0.0,0.0,0.0,0.0
1780679,0.0,0.0,0.0,0.0,0.0,1.0,0.0
1781179,0.0,0.0,0.0,0.0,0.0,0.0,0.0
1782594,0.0,0.0,0.0,0.0,0.0,1.0,0.0
1783094,0.0,0.0,0.0,0.0,0.0,0.0,0.0
1783376,0.0,0.0,0.0,0.0,0.0,1.0,0.0
1783876,0.0,0.0,0.0,0.0,0.0,0.0,0.0
1784087,0.0,0.0,0.0,0.0,1.0,0.0,0.0
1784313,0.0,0.0,0.0,0.0,1.0,1.0,0.0
1784587,0.0,0.0,0.0,0.0,0.0,1.0,0.0
1784813,0.0,0.0,0.0,0.0,0.0,0.0,0.0
1785008,0.0,0.0,0.0,0.0,0.0,1.0,0.0
1785508,0.0,0.0,0.0,0.0,0.0,0.0,0.0
1788454,0.0,0.0,0.0,0.0,0.0,1.0,0.0
1788564,0.0,0.0,0.0,0.0,0.0,2.0,0.0
1789064,0.0,0.0,0.0,0.0,0.0,0.0,0.0
1789594,0.0,0.0,0.0,0.0,0.0,1.0,0.0
1790094,0.0,0.0,0.0,0.0,0.0,0.0,0.0
1791007,0.0,0.0,0.0,0.0,1.0,0.0,0.0
1791011,0.0,0.0,0.0,0.0,2.0,0.0,0.0
1791511,0.0,0.0,0.0,0.0,0.0,0.0,0.0
1793931,0.0,0.0,0.0,0.0,0.0,1.0,0.0
1794431,0.0,0.0,0.0,0.0,0.0,0.0,0.0
1799353,0.0,0.0,0.0,0.0,0.0,1.0,0.0
1799853,0.0,0.0,0.0,0.0,0.0,0.0,0.0
1801628,0.0,0.0,0.0,0.0,0.0,1.0,0.0
1801700,0.0,0.0,0.0,0.0,0.0,1.0,1.0
1802128,0.0,0.0,0.0,0.0,0.0,0.0,1.0
1802200,0.0,0.0,0.0,0.0,0.0,0.0,0.0
1802399,0.0,0.0,0.0,0.0,0.0,1.0,0.0
1802850,0.0,0.0,0.0,0.0,1.0,1.0,0.0
1802879,2.0,0.0,0.0,0.0,1.0,1.0,0.0
1802899,2.0,0.0,0.0,0.0,1.0,0.0,0.0
1802971,2.0,0.0,0.0,0.0,2.0,1.0,0.0
1802975,2.0,2.0,0.0,0.0,2.0,1.0,0.0
1803379,0.0,2.0,0.0,0.0,2.0,1.0,0.0
1803423,2.0,2.0,0.0,0.0,2.0,1.0,0.0
1803471,2.0,2.0,0.0,0.0,0.0,0.0,0.0
1803475,2.0,0.0,0.0,0.0,0.0,0.0,0.0
1803524,2.0,0.0,0.0,0.0,0.0,1.0,0.0
1803787,2.0,0.0,0.0,0.0,0.0,2.0,0.0
1803923,0.0,0.0,0.0,0.0,0.0,2.0,0.0
1804287,0.0,0.0,0.0,0.0,0.0,0.0,0.0
1804359,0.0,0.0,0.0,0.0,0.0,1.0,0.0
1804859,0.0,0.0,0.0,0.0,0.0,0.0,0.0
1805034,0.0,0.0,0.0,0.0,1.0,0.0,0.0
1805534,0.0,0.0,0.0,0.0,0.0,0.0,0.0
1806728,0.0,0.0,0.0,0.0,0.0,1.0,0.0
1807228,0.0,0.0,0.0,0.0,0.0,0.0,0.0
1808755,0.0,0.0,0.0,0.0,0.0,1.0,0.0
1809255,0.0,0.0,0.0,0.0,0.0,0.0,0.0
1810398,0.0,0.0,0.0,0.0,0.0,1.0,0.0
1810409,0.0,0.0,0.0,0.0,0.0,2.0,0.0
1810909,0.0,0.0,0.0,0.0,0.0,0.0,0.0
1811359,0.0,0.0,0.0,0.0,0.0,1.0,0.0
1811489,0.0,0.0,0.0,0.0,0.0,2.0,0.0
1811989,0.0,0.0,0.0,0.0,0.0,0.0,0.0
1812727,0.0,0.0,0.0,0.0,0.0,1.0,0.0
1812729,0.0,0.0,0.0,0.0,0.0,2.0,0.0
1813229,0.0,0.0,0.0,0.0,0.0,0.0,0.0
1813292,0.0,0.0,0.0,0.0,0.0,1.0,0.0
1813792,0.0,0.0,0.0,0.0,0.0,0.0,0.0
1814296,0.0,0.0,0.0,0.0,0.0,1.0,0.0
1814298,0.0,0.0,0.0,0.0,1.0,1.0,0.0
1814299,0.0,0.0,0.0,0.0,1.0,2.0,0.0
1814302,0.0,0.0,0.0,0.0,2.0,2.0,0.0
1814799,0.0,0.0,0.0,0.0,2.0,0.0,0.0
1814802,0.0,0.0,0.0,0.0,0.0,0.0,0.0
1815113,0.0,0.0,0.0,0.0,0.0,1.0,0.0
1815613,0.0,0.0,0.0,0.0,0.0,0.0,0.0
1817063,0.0,0.0,0.0,0.0,0.0,1.0,0.0
1817563,0.0,0.0,0.0,0.0,0.0,0.0,0.0
1821305,0.0,0.0,0.0,0.0,0.0,1.0,0.0
1821805,0.0,0.0,0.0,0.0,0.0,0.0,0.0
1823105,0.0,0.0,0.0,0.0,1.0,0.0,0.0
1823389,0.0,0.0,0.0,0.0,1.0,1.0,0.0
1823561,0.0,0.0,0.0,0.0,1.0,2.0,0.0
1823605,0.0,0.0,0.0,0.0,0.0,2.0,0.0
1824061,0.0,0.0,0.0,0.0,0.0,0.0,0.0
1824612,0.0,0.0,0.0,0.0,0.0,1.0,0.0
1825112,0.0,0.0,0.0,0.0,0.0,0.0,0.0
1825970,0.0,0.0,0.0,0.0,0.0,1.0,0.0
1826470,0.0,0.0,0.0,0.0,0.0,0.0,0.0
1828117,0.0,0.0,0.0,0.0,0.0,1.0,0.0
1828617,0.0,0.0,0.0,0.0,0.0,0.0,0.0
1830449,0.0,0.0,0.0,0.0,0.0,1.0,0.0
1830949,0.0,0.0,0.0,0.0,0.0,0.0,0.0
1831889,0.0,0.0,0.0,0.0,0.0,1.0,0.0
1832389,0.0,0.0,0.0,0.0,0.0,0.0,0.0
1832576,0.0,0.0,0.0,0.0,0.0,1.0,0.0
1833076,0.0,0.0,0.0,0.0,0.0,0.0,0.0
1833155,0.0,0.0,0.0,0.0,0.0,1.0,0.0
1833655,0.0,0.0,0.0,0.0,0.0,0.0,0.0
1833996,0.0,0.0,0.0,0.0,0.0,1.0,0.0
1834496,0.0,0.0,0.0,0.0,0.0,0.0,0.0
1835080,0.0,0.0,0.0,0.0,0.0,1.0,0.0
1835580,0.0,0.0,0.0,0.0,0.0,0.0,0.0
1835638,0.0,0.0,0.0,0.0,0.0,1.0,0.0
1835839,0.0,0.0,0.0,0.0,0.0,2.0,0.0
1836339,0.0,0.0,0.0,0.0,0.0,0.0,0.0
1837052,0.0,0.0,0.0,0.0,0.0,1.0,0.0
1837552,0.0,0.0,0.0,0.0,0.0,0.0,0.0
1838023,0.0,0.0,0.0,0.0,0.0,1.0,0.0
1838523,0.0,0.0,0.0,0.0,0.0,0.0,0.0
1838563,0.0,0.0,0.0,0.0,0.0,1.0,0.0
1838633,0.0,0.0,0.0,0.0,0.0,2.0,0.0
1839133,0.0,0.0,0.0,0.0,0.0,0.0,0.0
1839182,0.0,0.0,0.0,0.0,0.0,1.0,0.0
1839682,0.0,0.0,0.0,0.0,0.0,0.0,0.0
1839929,0.0,0.0,0.0,0.0,0.0,1.0,0.0
1840416,0.0,0.0,0.0,0.0,0.0,2.0,0.0
1840916,0.0,0.0,0.0,0.0,0.0,0.0,0.0
1842786,0.0,0.0,0.0,0.0,0.0,1.0,0.0
1842892,0.0,0.0,0.0,0.0,0.0,2.0,0.0
1843392,0.0,0.0,0.0,0.0,0.0,0.0,0.0
1845975,0.0,0.0,0.0,0.0,1.0,0.0,0.0
1846284,0.0,0.0,0.0,0.0,1.0,1.0,0.0
1846475,0.0,0.0,0.0,0.0,0.0,1.0,0.0
1846593,0.0,0.0,0.0,0.0,0.0,2.0,0.0
1847093,0.0,0.0,0.0,0.0,0.0,0.0,0.0
1847710,0.0,0.0,0.0,0.0,0.0,1.0,0.0
1848210,0.0,0.0,0.0,0.0,0.0,0.0,0.0
1848770,0.0,0.0,0.0,0.0,0.0,1.0,0.0
1849270,0.0,0.0,0.0,0.0,0.0,0.0,0.0
1850657,0.0,0.0,0.0,0.0,0.0,1.0,0.0
1851157,0.0,0.0,0.0,0.0,0.0,0.0,0.0
1851331,0.0,0.0,0.0,0.0,0.0,1.0,0.0
1851831,0.0,0.0,0.0,0.0,0.0,0.0,0.0
1851895,0.0,0.0,0.0,0.0,0.0,1.0,0.0
1852395,0.0,0.0,0.0,0.0,0.0,0.0,0.0
1852419,0.0,0.0,0.0,0.0,0.0,1.0,0.0
1852919,0.0,0.0,0.0,0.0,0.0,0.0,0.0
1852993,0.0,0.0,0.0,0.0,0.0,1.0,0.0
1853493,0.0,0.0,0.0,0.0,0.0,0.0,0.0
1853514,0.0,0.0,0.0,0.0,0.0,1.0,0.0
1854014,0.0,0.0,0.0,0.0,0.0,0.0,0.0
1854148,0.0,0.0,0.0,0.0,0.0,1.0,0.0
1854648,0.0,0.0,0.0,0.0,0.0,0.0,0.0
1854657,0.0,0.0,0.0,0.0,0.0,1.0,0.0
1854740,0.0,0.0,0.0,0.0,0.0,2.0,0.0
1855240,0.0,0.0,0.0,0.0,0.0,0.0,0.0
1855276,0.0,0.0,0.0,0.0,0.0,1.0,0.0
1855776,0.0,0.0,0.0,0.0,0.0,0.0,0.0
1855978,0.0,0.0,0.0,0.0,0.0,1.0,0.0
1855980,0.0,0.0,0.0,0.0,0.0,2.0,0.0
1856480,0.0,0.0,0.0,0.0,0.0,0.0,0.0
1857026,0.0,0.0,0.0,0.0,0.0,1.0,0.0
1857526,0.0,0.0,0.0,0.0,0.0,0.0,0.0
1858737,0.0,0.0,0.0,0.0,0.0,1.0,0.0
1859237,0.0,0.0,0.0,0.0,0.0,0.0,0.0
1859698,0.0,0.0,0.0,0.0,0.0,1.0,0.0
1860198,0.0,0.0,0.0,0.0,0.0,0.0,0.0
1860410,0.0,0.0,0.0,0.0,0.0,1.0,0.0
1860910,0.0,0.0,0.0,0.0,0.0,0.0,0.0
1862347,0.0,0.0,0.0,0.0,0.0,1.0,0.0
1862847,0.0,0.0,0.0,0.0,0.0,0.0,0.0
1863986,0.0,0.0,0.0,0.0,0.0,1.0,0.0
1864486,0.0,0.0,0.0,0.0,0.0,0.0,0.0
1866239,0.0,0.0,0.0,0.0,0.0,1.0,0.0
1866241,0.0,0.0,0.0,0.0,0.0,2.0,0.0
1866741,0.0,0.0,0.0,0.0,0.0,0.0,0.0
1866968,0.0,0.0,0.0,0.0,0.0,1.0,0.0
1867468,0.0,0.0,0.0,0.0,0.0,0.0,0.0
1868069,0.0,0.0,0.0,0.0,0.0,1.0,0.0
1868557,0.0,0.0,0.0,0.0,0.0,2.0,0.0
1868559,0.0,0.0,0.0,0.0,1.0,2.0,0.0
1869057,0.0,0.0,0.0,0.0,1.0,0.0,0.0
1869059,0.0,0.0,0.0,0.0,0.0,0.0,0.0
1869688,0.0,0.0,0.0,0.0,0.0,1.0,0.0
1870188,0.0,0.0,0.0,0.0,0.0,0.0,0.0
1870334,0.0,0.0,0.0,0.0,0.0,1.0,0.0
1870340,0.0,0.0,0.0,0.0,0.0,2.0,0.0
1870840,0.0,0.0,0.0,0.0,0.0,0.0,0.0
1871380,0.0,0.0,0.0,0.0,0.0,1.0,0.0
1871880,0.0,0.0,0.0,0.0,0.0,0.0,0.0
1872688,0.0,0.0,0.0,0.0,0.0,1.0,0.0
1873188,0.0,0.0,0.0,0.0,0.0,0.0,0.0
1873937,0.0,0.0,0.0,0.0,1.0,0.0,0.0
1873964,0.0,0.0,0.0,0.0,1.0,1.0,0.0
1874437,0.0,0.0,0.0,0.0,0.0,1.0,0.0
1874464,0.0,0.0,0.0,0.0,0.0,0.0,0.0
1875051,0.0,0.0,0.0,0.0,0.0,1.0,0.0
1875190,0.0,0.0,0.0,0.0,0.0,2.0,0.0
1875690,0.0,0.0,0.0,0.0,0.0,0.0,0.0
1877695,0.0,0.0,0.0,0.0,0.0,1.0,0.0
1878195,0.0,0.0,0.0,0.0,0.0,0.0,0.0
1878645,0.0,0.0,0.0,0.0,0.0,1.0,0.0
1879089,0.0,0.0,0.0,0.0,0.0,2.0,0.0
1879589,0.0,0.0,0.0,0.0,0.0,0.0,0.0
1880041,0.0,0.0,0.0,0.0,0.0,1.0,0.0
1880288,0.0,0.0,0.0,0.0,0.0,2.0,0.0
1880788,0.0,0.0,0.0,0.0,0.0,0.0,0.0
1881022,0.0,0.0,0.0,0.0,0.0,1.0,0.0
1881031,0.0,0.0,0.0,0.0,0.0,2.0,0.0
1881531,0.0,0.0,0.0,0.0,0.0,0.0,0.0
1882160,0.0,0.0,0.0,0.0,0.0,1.0,0.0
1882660,0.0,0.0,0.0,0.0,0.0,0.0,0.0
1883866,0.0,0.0,0.0,0.0,0.0,1.0,0.0
1884366,0.0,0.0,0.0,0.0,0.0,0.0,0.0
1886544,0.0,0.0,0.0,0.0,0.0,1.0,0.0
1887044,0.0,0.0,0.0,0.0,0.0,0.0,0.0
1887316,0.0,0.0,0.0,0.0,0.0,1.0,0.0
1887323,0.0,0.0,0.0,0.0,0.0,2.0,0.0
1887823,0.0,0.0,0.0,0.0,0.0,0.0,0.0
1888074,0.0,0.0,0.0,0.0,0.0,1.0,0.0
1888574,0.0,0.0,0.0,0.0,0.0,0.0,0.0
1890199,0.0,0.0,0.0,0.0,0.0,1.0,0.0
1890699,0.0,0.0,0.0,0.0,0.0,0.0,0.0
1891705,0.0,0.0,0.0,0.0,0.0,1.0,0.0
1892205,0.0,0.0,0.0,0.0,0.0,0.0,0.0
1892591,0.0,0.0,0.0,0.0,0.0,1.0,0.0
1892618,0.0,0.0,0.0,0.0,0.0,2.0,0.0
1893118,0.0,0.0,0.0,0.0,0.0,0.0,0.0
1893881,0.0,0.0,0.0,0.0,0.0,1.0,0.0
1894381,0.0,0.0,0.0,0.0,0.0,0.0,0.0
1894635,0.0,0.0,0.0,0.0,0.0,1.0,0.0
1894640,0.0,0.0,0.0,0.0,0.0,2.0,0.0
1895140,0.0,0.0,0.0,0.0,0.0,0.0,0.0
1895884,0.0,0.0,0.0,0.0,0.0,1.0,0.0
1896384,0.0,0.0,0.0,0.0,0.0,0.0,0.0
1897052,0.0,0.0,0.0,0.0,0.0,1.0,0.0
1897552,0.0,0.0,0.0,0.0,0.0,0.0,0.0
1898247,0.0,0.0,0.0,0.0,0.0,1.0,0.0
1898747,0.0,0.0,0.0,0.0,0.0,0.0,0.0
1898878,0.0,0.0,0.0,0.0,0.0,1.0,0.0
1899378,0.0,0.0,0.0,0.0,0.0,0.0,0.0
1900292,0.0,0.0,0.0,0.0,0.0,1.0,0.0
1900792,0.0,0.0,0.0,0.0,0.0,0.0,0.0
1901704,0.0,0.0,0.0,0.0,0.0,1.0,0.0
1901710,0.0,0.0,0.0,0.0,0.0,2.0,0.0
1902210,0.0,0.0,0.0,0.0,0.0,0.0,0.0
1908874,0.0,0.0,0.0,0.0,0.0,1.0,0.0
1908881,0.0,0.0,0.0,0.0,0.0,2.0,0.0
1909381,0.0,0.0,0.0,0.0,0.0,0.0,0.0
1911674,0.0,0.0,0.0,0.0,0.0,1.0,0.0
1912174,0.0,0.0,0.0,0.0,0.0,0.0,0.0
1912250,0.0,0.0,0.0,0.0,0.0,1.0,0.0
1912750,0.0,0.0,0.0,0.0,0.0,0.0,0.0
1913008,0.0,0.0,0.0,0.0,0.0,1.0,0.0
1913508,0.0,0.0,0.0,0.0,0.0,0.0,0.0
1914138,0.0,0.0,0.0,0.0,0.0,1.0,0.0
1914638,0.0,0.0,0.0,0.0,0.0,0.0,0.0
1916568,0.0,0.0,0.0,0.0,0.0,1.0,0.0
1916928,0.0,0.0,0.0,0.0,0.0,2.0,0.0
1917428,0.0,0.0,0.0,0.0,0.0,0.0,0.0
1921057,0.0,0.0,0.0,0.0,0.0,1.0,0.0
1921060,0.0,0.0,0.0,0.0,0.0,2.0,0.0
1921560,0.0,0.0,0.0,0.0,0.0,0.0,0.0
1921995,0.0,0.0,0.0,0.0,1.0,0.0,0.0
1922495,0.0,0.0,0.0,0.0,0.0,0.0,0.0
1925480,0.0,0.0,0.0,0.0,1.0,0.0,0.0
1925980,0.0,0.0,0.0,0.0,0.0,0.0,0.0
1926198,0.0,0.0,0.0,0.0,0.0,1.0,0.0
1926698,0.0,0.0,0.0,0.0,0.0,0.0,0.0
1929204,0.0,0.0,0.0,0.0,0.0,1.0,0.0
1929704,0.0,0.0,0.0,0.0,0.0,0.0,0.0
1934755,0.0,0.0,0.0,0.0,0.0,1.0,0.0
1935255,0.0,0.0,0.0,0.0,0.0,0.0,0.0
1937890,0.0,0.0,0.0,0.0,0.0,1.0,0.0
1938390,0.0,0.0,0.0,0.0,0.0,0.0,0.0
1941078,0.0,0.0,0.0,0.0,0.0,1.0,0.0
1941578,0.0,0.0,0.0,0.0,0.0,0.0,0.0
1941713,0.0,0.0,0.0,0.0,0.0,1.0,0.0
1942213,0.0,0.0,0.0,0.0,0.0,0.0,0.0
1942861,0.0,0.0,0.0,0.0,0.0,1.0,0.0
1942863,0.0,0.0,0.0,0.0,0.0,2.0,0.0
1943363,0.0,0.0,0.0,0.0,0.0,0.0,0.0
1945110,0.0,0.0,0.0,0.0,0.0,1.0,0.0
1945610,0.0,0.0,0.0,0.0,0.0,0.0,0.0
1946012,0.0,0.0,0.0,0.0,0.0,1.0,0.0
1946512,0.0,0.0,0.0,0.0,0.0,0.0,0.0
1948718,0.0,0.0,0.0,0.0,0.0,1.0,0.0
1949218,0.0,0.0,0.0,0.0,0.0,0.0,0.0
1950309,0.0,0.0,0.0,0.0,0.0,1.0,0.0
1950809,0.0,0.0,0.0,0.0,0.0,0.0,0.0
1953205,0.0,0.0,0.0,0.0,0.0,1.0,0.0
1953705,0.0,0.0,0.0,0.0,0.0,0.0,0.0
1954445,0.0,0.0,0.0,0.0,0.0,1.0,0.0
1954452,0.0,0.0,0.0,0.0,0.0,2.0,0.0
1954952,0.0,0.0,0.0,0.0,0.0,0.0,0.0
1959501,0.0,0.0,0.0,0.0,0.0,1.0,0.0
1960001,0.0,0.0,0.0,0.0,0.0,0.0,0.0
1963900,0.0,0.0,0.0,0.0,0.0,1.0,0.0
1964400,0.0,0.0,0.0,0.0,0.0,0.0,0.0
1965396,0.0,0.0,0.0,0.0,0.0,1.0,0.0
1965896,0.0,0.0,0.0,0.0,0.0,0.0,0.0
1969228,0.0,0.0,0.0,0.0,0.0,1.0,0.0
1969728,0.0,0.0,0.0,0.0,0.0,0.0,0.0
1970135,0.0,0.0,0.0,0.0,0.0,1.0,0.0
1970635,0.0,0.0,0.0,0.0,0.0,0.0,0.0
1972373,0.0,0.0,0.0,0.0,1.0,1.0,0.0
1972873,0.0,0.0,0.0,0.0,0.0,0.0,0.0
1973131,0.0,0.0,0.0,0.0,0.0,1.0,0.0
1973631,0.0,0.0,0.0,0.0,0.0,0.0,0.0
1977194,0.0,0.0,0.0,0.0,0.0,1.0,0.0
1977694,0.0,0.0,0.0,0.0,0.0,0.0,0.0
1977696,0.0,0.0,0.0,0.0,0.0,1.0,0.0
1978196,0.0,0.0,0.0,0.0,0.0,0.0,0.0
1978526,0.0,0.0,0.0,0.0,0.0,1.0,0.0
1979026,0.0,0.0,0.0,0.0,0.0,0.0,0.0
1979171,0.0,0.0,0.0,0.0,0.0,1.0,0.0
1979172,0.0,0.0,0.0,0.0,0.0,2.0,0.0
1979672,0.0,0.0,0.0,0.0,0.0,0.0,0.0
1980270,0.0,0.0,0.0,0.0,1.0,0.0,0.0
1980272,0.0,0.0,0.0,0.0,2.0,0.0,0.0
1980772,0.0,0.0,0.0,0.0,0.0,0.0,0.0
1981604,0.0,0.0,0.0,0.0,0.0,1.0,0.0
1982104,0.0,0.0,0.0,0.0,0.0,0.0,0.0
1983985,0.0,0.0,0.0,0.0,0.0,1.0,0.0
1984485,0.0,0.0,0.0,0.0,0.0,0.0,0.0
1986426,0.0,0.0,0.0,0.0,0.0,1.0,0.0
1986926,0.0,0.0,0.0,0.0,0.0,0.0,0.0
1990348,0.0,0.0,0.0,0.0,0.0,1.0,0.0
1990848,0.0,0.0,0.0,0.0,0.0,0.0,0.0
1990893,0.0,0.0,0.0,0.0,0.0,1.0,0.0
1990895,0.0,0.0,0.0,0.0,0.0,2.0,0.0
1991395,0.0,0.0,0.0,0.0,0.0,0.0,0.0
1991576,0.0,0.0,0.0,0.0,0.0,1.0,0.0
1992076,0.0,0.0,0.0,0.0,0.0,0.0,0.0
1993823,0.0,0.0,0.0,0.0,0.0,1.0,0.0
1994323,0.0,0.0,0.0,0.0,0.0,0.0,0.0
1995777,0.0,0.0,0.0,0.0,0.0,1.0,0.0
1995793,0.0,0.0,0.0,0.0,0.0,2.0,0.0
1996293,0.0,0.0,0.0,0.0,0.0,0.0,0.0
1998064,0.0,0.0,0.0,0.0,0.0,1.0,0.0
1998564,0.0,0.0,0.0,0.0,0.0,0.0,0.0
2001900,0.0,0.0,0.0,0.0,0.0,0.0,1.0
2001970,0.0,0.0,0.0,0.0,0.0,1.0,1.0
2002400,0.0,0.0,0.0,0.0,0.0,1.0,0.0
2002454,0.0,0.0,0.0,0.0,0.0,2.0,0.0
