,ADWIN,CUSUM,DDM,GeometricMovingAverage,HDDMAverage,HDDMWeighted,Ground-truth
544,0.0,0.0,1.0,0.0,0.0,0.0,0.0
545,0.0,0.0,1.0,0.0,0.0,1.0,0.0
1045,0.0,0.0,1.0,0.0,0.0,0.0,0.0
1273,0.0,0.0,1.0,0.0,0.0,1.0,0.0
1773,0.0,0.0,1.0,0.0,0.0,0.0,0.0
1967,0.0,0.0,1.0,0.0,0.0,1.0,0.0
1976,0.0,0.0,1.0,0.0,0.0,2.0,0.0
2476,0.0,0.0,1.0,0.0,0.0,0.0,0.0
2493,0.0,0.0,1.0,0.0,0.0,1.0,0.0
2993,0.0,0.0,1.0,0.0,0.0,0.0,0.0
3510,0.0,0.0,1.0,0.0,0.0,1.0,0.0
3543,0.0,0.0,1.0,0.0,0.0,2.0,0.0
3544,0.0,0.0,1.0,0.0,1.0,2.0,0.0
4043,0.0,0.0,1.0,0.0,1.0,0.0,0.0
4044,0.0,0.0,1.0,0.0,0.0,0.0,0.0
4185,0.0,0.0,1.0,0.0,0.0,1.0,0.0
4685,0.0,0.0,1.0,0.0,0.0,0.0,0.0
4893,0.0,0.0,1.0,0.0,0.0,1.0,0.0
5294,0.0,0.0,1.0,0.0,0.0,2.0,0.0
5794,0.0,0.0,1.0,0.0,0.0,0.0,0.0
6430,0.0,0.0,1.0,0.0,0.0,1.0,0.0
6930,0.0,0.0,1.0,0.0,0.0,0.0,0.0
7491,0.0,0.0,1.0,0.0,0.0,1.0,0.0
7991,0.0,0.0,1.0,0.0,0.0,0.0,0.0
8192,0.0,0.0,1.0,0.0,1.0,0.0,0.0
8198,0.0,0.0,1.0,0.0,1.0,1.0,0.0
8200,0.0,2.0,1.0,0.0,1.0,1.0,0.0
8201,0.0,2.0,1.0,0.0,1.0,2.0,0.0
8692,0.0,2.0,1.0,0.0,0.0,2.0,0.0
8700,0.0,0.0,1.0,0.0,0.0,2.0,0.0
8701,0.0,0.0,1.0,0.0,0.0,0.0,0.0
8797,0.0,0.0,1.0,0.0,0.0,1.0,0.0
8815,0.0,0.0,1.0,0.0,1.0,2.0,0.0
9315,0.0,0.0,1.0,0.0,0.0,0.0,0.0
9577,0.0,0.0,1.0,0.0,0.0,1.0,0.0
9588,0.0,0.0,1.0,0.0,0.0,2.0,0.0
10088,0.0,0.0,1.0,0.0,0.0,0.0,0.0
10342,0.0,0.0,1.0,0.0,0.0,1.0,0.0
10842,0.0,0.0,1.0,0.0,0.0,0.0,0.0
12364,0.0,0.0,1.0,0.0,0.0,1.0,0.0
12367,0.0,0.0,1.0,0.0,0.0,2.0,0.0
12867,0.0,0.0,1.0,0.0,0.0,0.0,0.0
13311,0.0,0.0,1.0,0.0,0.0,1.0,0.0
13325,0.0,0.0,1.0,0.0,0.0,2.0,0.0
13825,0.0,0.0,1.0,0.0,0.0,0.0,0.0
14557,0.0,0.0,1.0,0.0,0.0,1.0,0.0
14559,0.0,0.0,1.0,0.0,0.0,2.0,0.0
15059,0.0,0.0,1.0,0.0,0.0,0.0,0.0
15545,0.0,0.0,1.0,0.0,0.0,1.0,0.0
15547,0.0,0.0,1.0,0.0,0.0,2.0,0.0
16047,0.0,0.0,1.0,0.0,0.0,0.0,0.0
16346,0.0,0.0,1.0,0.0,0.0,1.0,0.0
16774,0.0,0.0,1.0,0.0,0.0,2.0,0.0
17274,0.0,0.0,1.0,0.0,0.0,0.0,0.0
17786,0.0,0.0,1.0,0.0,0.0,1.0,0.0
18286,0.0,0.0,1.0,0.0,0.0,0.0,0.0
18598,0.0,0.0,1.0,0.0,0.0,1.0,0.0
19098,0.0,0.0,1.0,0.0,0.0,0.0,0.0
19258,0.0,0.0,1.0,0.0,0.0,1.0,0.0
19630,0.0,0.0,1.0,0.0,0.0,2.0,0.0
20130,0.0,0.0,1.0,0.0,0.0,0.0,0.0
20663,0.0,0.0,1.0,0.0,0.0,1.0,0.0
20791,0.0,0.0,1.0,0.0,0.0,2.0,0.0
21291,0.0,0.0,1.0,0.0,0.0,0.0,0.0
21330,0.0,0.0,1.0,0.0,0.0,1.0,0.0
21339,0.0,0.0,1.0,0.0,0.0,2.0,0.0
21839,0.0,0.0,1.0,0.0,0.0,0.0,0.0
22236,0.0,2.0,1.0,0.0,0.0,0.0,0.0
22337,0.0,2.0,1.0,0.0,0.0,1.0,0.0
22736,0.0,0.0,1.0,0.0,0.0,1.0,0.0
22837,0.0,0.0,1.0,0.0,0.0,0.0,0.0
23041,0.0,0.0,1.0,0.0,0.0,1.0,0.0
23541,0.0,0.0,1.0,0.0,0.0,0.0,0.0
25275,0.0,0.0,1.0,0.0,0.0,1.0,0.0
25775,0.0,0.0,1.0,0.0,0.0,0.0,0.0
25809,0.0,0.0,1.0,0.0,0.0,1.0,0.0
26100,0.0,0.0,1.0,0.0,0.0,2.0,0.0
26600,0.0,0.0,1.0,0.0,0.0,0.0,0.0
26889,0.0,0.0,1.0,0.0,0.0,1.0,0.0
27389,0.0,0.0,1.0,0.0,0.0,0.0,0.0
28051,0.0,0.0,1.0,0.0,0.0,1.0,0.0
28066,0.0,0.0,1.0,0.0,0.0,2.0,0.0
28566,0.0,0.0,1.0,0.0,0.0,0.0,0.0
28751,0.0,0.0,1.0,0.0,0.0,1.0,0.0
29251,0.0,0.0,1.0,0.0,0.0,0.0,0.0
31136,0.0,0.0,1.0,0.0,0.0,1.0,0.0
31148,0.0,0.0,1.0,0.0,0.0,2.0,0.0
31648,0.0,0.0,1.0,0.0,0.0,0.0,0.0
31785,0.0,0.0,1.0,0.0,0.0,1.0,0.0
32285,0.0,0.0,1.0,0.0,0.0,0.0,0.0
32401,0.0,0.0,1.0,0.0,0.0,1.0,0.0
32415,0.0,0.0,1.0,0.0,0.0,2.0,0.0
32915,0.0,0.0,1.0,0.0,0.0,0.0,0.0
32979,0.0,0.0,1.0,0.0,0.0,1.0,0.0
33160,0.0,0.0,1.0,0.0,0.0,2.0,0.0
33660,0.0,0.0,1.0,0.0,0.0,0.0,0.0
34675,0.0,0.0,1.0,0.0,0.0,1.0,0.0
35175,0.0,0.0,1.0,0.0,0.0,0.0,0.0
37048,0.0,0.0,1.0,0.0,0.0,1.0,0.0
37109,0.0,0.0,1.0,0.0,0.0,2.0,0.0
37609,0.0,0.0,1.0,0.0,0.0,1.0,0.0
38109,0.0,0.0,1.0,0.0,0.0,0.0,0.0
39170,0.0,0.0,1.0,0.0,0.0,1.0,0.0
39629,0.0,0.0,1.0,0.0,0.0,2.0,0.0
40129,0.0,0.0,1.0,0.0,0.0,0.0,0.0
40860,0.0,0.0,1.0,0.0,0.0,1.0,0.0
41360,0.0,0.0,1.0,0.0,0.0,0.0,0.0
41562,0.0,0.0,1.0,0.0,0.0,1.0,0.0
42062,0.0,0.0,1.0,0.0,0.0,0.0,0.0
43058,0.0,0.0,1.0,0.0,0.0,1.0,0.0
43072,0.0,0.0,1.0,0.0,0.0,2.0,0.0
43328,0.0,0.0,1.0,0.0,1.0,2.0,0.0
43572,0.0,0.0,1.0,0.0,1.0,0.0,0.0
43828,0.0,0.0,1.0,0.0,0.0,0.0,0.0
44106,0.0,0.0,1.0,0.0,0.0,1.0,0.0
44606,0.0,0.0,1.0,0.0,0.0,0.0,0.0
45745,0.0,0.0,1.0,0.0,0.0,1.0,0.0
45750,0.0,0.0,1.0,0.0,0.0,2.0,0.0
46250,0.0,0.0,1.0,0.0,0.0,0.0,0.0
46850,0.0,0.0,1.0,0.0,0.0,1.0,0.0
47350,0.0,0.0,1.0,0.0,0.0,0.0,0.0
48032,0.0,0.0,1.0,0.0,0.0,1.0,0.0
48532,0.0,0.0,1.0,0.0,0.0,0.0,0.0
49438,0.0,0.0,1.0,0.0,0.0,1.0,0.0
49938,0.0,0.0,1.0,0.0,0.0,0.0,0.0
50108,0.0,0.0,1.0,0.0,1.0,0.0,0.0
50113,0.0,0.0,1.0,0.0,2.0,0.0,0.0
50613,0.0,0.0,1.0,0.0,0.0,0.0,0.0
53044,0.0,0.0,0.0,0.0,0.0,0.0,0.0
53553,0.0,0.0,0.0,0.0,0.0,1.0,0.0
53554,0.0,0.0,1.0,0.0,0.0,1.0,0.0
54053,0.0,0.0,1.0,0.0,0.0,0.0,0.0
54447,0.0,0.0,1.0,0.0,0.0,1.0,0.0
54457,0.0,0.0,1.0,0.0,0.0,2.0,0.0
54957,0.0,0.0,1.0,0.0,0.0,0.0,0.0
55491,0.0,0.0,1.0,0.0,0.0,1.0,0.0
55991,0.0,0.0,1.0,0.0,0.0,0.0,0.0
56570,0.0,0.0,1.0,0.0,0.0,1.0,0.0
57070,0.0,0.0,1.0,0.0,0.0,0.0,0.0
57940,0.0,0.0,1.0,0.0,0.0,1.0,0.0
58054,0.0,0.0,0.0,0.0,0.0,1.0,0.0
58440,0.0,0.0,0.0,0.0,0.0,0.0,0.0
58454,0.0,0.0,0.0,0.0,0.0,1.0,0.0
59230,0.0,0.0,0.0,0.0,0.0,2.0,0.0
59730,0.0,0.0,0.0,0.0,0.0,0.0,0.0
60936,0.0,0.0,0.0,0.0,0.0,1.0,0.0
61436,0.0,0.0,0.0,0.0,0.0,0.0,0.0
61756,0.0,0.0,0.0,0.0,0.0,1.0,0.0
61961,0.0,0.0,0.0,0.0,0.0,2.0,0.0
62461,0.0,0.0,0.0,0.0,0.0,0.0,0.0
62723,0.0,0.0,0.0,0.0,0.0,1.0,0.0
62736,0.0,0.0,0.0,0.0,0.0,2.0,0.0
63236,0.0,0.0,0.0,0.0,0.0,0.0,0.0
63866,0.0,0.0,0.0,0.0,0.0,1.0,0.0
64138,0.0,0.0,0.0,0.0,0.0,2.0,0.0
64638,0.0,0.0,0.0,0.0,0.0,0.0,0.0
65156,0.0,0.0,0.0,0.0,0.0,1.0,0.0
65599,0.0,0.0,0.0,0.0,0.0,2.0,0.0
66099,0.0,0.0,0.0,0.0,0.0,0.0,0.0
66412,0.0,0.0,0.0,0.0,0.0,1.0,0.0
66663,0.0,0.0,0.0,0.0,0.0,2.0,0.0
67163,0.0,0.0,0.0,0.0,0.0,0.0,0.0
67205,0.0,0.0,0.0,0.0,0.0,1.0,0.0
67623,0.0,0.0,0.0,0.0,0.0,2.0,0.0
68123,0.0,0.0,0.0,0.0,0.0,0.0,0.0
68208,0.0,0.0,0.0,0.0,0.0,1.0,0.0
68708,0.0,0.0,0.0,0.0,0.0,0.0,0.0
69946,0.0,0.0,0.0,0.0,0.0,1.0,0.0
70446,0.0,0.0,0.0,0.0,0.0,0.0,0.0
70485,0.0,0.0,0.0,0.0,0.0,1.0,0.0
70985,0.0,0.0,0.0,0.0,0.0,0.0,0.0
71160,0.0,0.0,0.0,0.0,0.0,1.0,0.0
71613,0.0,0.0,0.0,0.0,0.0,2.0,0.0
71633,0.0,0.0,1.0,0.0,0.0,2.0,0.0
72001,0.0,2.0,1.0,0.0,0.0,2.0,0.0
72113,0.0,2.0,1.0,0.0,0.0,0.0,0.0
72501,0.0,0.0,1.0,0.0,0.0,0.0,0.0
72999,0.0,0.0,1.0,0.0,0.0,1.0,0.0
73003,0.0,0.0,1.0,0.0,0.0,2.0,0.0
73503,0.0,0.0,1.0,0.0,0.0,0.0,0.0
74529,0.0,0.0,1.0,0.0,0.0,1.0,0.0
75029,0.0,0.0,1.0,0.0,0.0,0.0,0.0
75392,0.0,0.0,1.0,0.0,0.0,1.0,0.0
75587,0.0,0.0,1.0,0.0,0.0,2.0,0.0
76087,0.0,0.0,1.0,0.0,0.0,0.0,0.0
76576,0.0,0.0,1.0,0.0,0.0,1.0,0.0
77076,0.0,0.0,1.0,0.0,0.0,0.0,0.0
77181,0.0,0.0,1.0,0.0,0.0,1.0,0.0
77681,0.0,0.0,1.0,0.0,0.0,0.0,0.0
78358,0.0,0.0,1.0,0.0,0.0,1.0,0.0
78858,0.0,0.0,1.0,0.0,0.0,0.0,0.0
78894,0.0,0.0,1.0,0.0,0.0,1.0,0.0
78908,0.0,0.0,1.0,0.0,0.0,2.0,0.0
79408,0.0,0.0,1.0,0.0,0.0,0.0,0.0
79619,0.0,0.0,1.0,0.0,0.0,1.0,0.0
79624,0.0,0.0,1.0,0.0,0.0,2.0,0.0
80124,0.0,0.0,1.0,0.0,0.0,0.0,0.0
80438,0.0,0.0,1.0,0.0,0.0,1.0,0.0
80845,0.0,0.0,1.0,0.0,0.0,2.0,0.0
81345,0.0,0.0,1.0,0.0,0.0,0.0,0.0
81633,0.0,0.0,0.0,0.0,0.0,0.0,0.0
82239,0.0,0.0,0.0,0.0,0.0,1.0,0.0
82242,0.0,0.0,0.0,0.0,0.0,2.0,0.0
82351,0.0,0.0,1.0,0.0,0.0,2.0,0.0
82742,0.0,0.0,1.0,0.0,0.0,0.0,0.0
82851,0.0,0.0,0.0,0.0,0.0,0.0,0.0
82872,0.0,0.0,1.0,0.0,0.0,0.0,0.0
83257,0.0,0.0,1.0,0.0,0.0,1.0,0.0
83372,0.0,0.0,0.0,0.0,0.0,1.0,0.0
83529,0.0,0.0,1.0,0.0,0.0,1.0,0.0
83546,0.0,0.0,1.0,0.0,0.0,2.0,0.0
84046,0.0,0.0,1.0,0.0,0.0,0.0,0.0
84259,0.0,0.0,1.0,0.0,0.0,1.0,0.0
84759,0.0,0.0,1.0,0.0,0.0,0.0,0.0
85087,0.0,0.0,1.0,0.0,0.0,1.0,0.0
85107,0.0,2.0,1.0,0.0,0.0,1.0,0.0
85504,0.0,2.0,1.0,0.0,0.0,2.0,0.0
85607,0.0,0.0,1.0,0.0,0.0,2.0,0.0
86004,0.0,0.0,1.0,0.0,0.0,0.0,0.0
86199,0.0,0.0,1.0,0.0,0.0,1.0,0.0
86699,0.0,0.0,1.0,0.0,0.0,0.0,0.0
87551,0.0,0.0,1.0,0.0,0.0,1.0,0.0
87707,0.0,0.0,1.0,0.0,0.0,2.0,0.0
88207,0.0,0.0,1.0,0.0,0.0,0.0,0.0
88898,0.0,0.0,1.0,0.0,0.0,1.0,0.0
88907,0.0,0.0,1.0,0.0,0.0,2.0,0.0
89407,0.0,0.0,1.0,0.0,0.0,0.0,0.0
90430,0.0,0.0,1.0,0.0,0.0,1.0,0.0
90930,0.0,0.0,1.0,0.0,0.0,0.0,0.0
91729,0.0,0.0,1.0,0.0,0.0,1.0,0.0
91732,0.0,0.0,1.0,0.0,0.0,2.0,0.0
92232,0.0,0.0,1.0,0.0,0.0,0.0,0.0
92307,0.0,0.0,1.0,0.0,0.0,1.0,0.0
92807,0.0,0.0,1.0,0.0,0.0,0.0,0.0
93913,0.0,0.0,1.0,0.0,0.0,1.0,0.0
94413,0.0,0.0,1.0,0.0,0.0,0.0,0.0
94846,0.0,0.0,1.0,0.0,0.0,1.0,0.0
95346,0.0,0.0,1.0,0.0,0.0,0.0,0.0
95975,0.0,0.0,1.0,0.0,0.0,1.0,0.0
96475,0.0,0.0,1.0,0.0,0.0,0.0,0.0
97293,0.0,0.0,1.0,0.0,0.0,1.0,0.0
97307,0.0,0.0,1.0,0.0,0.0,2.0,0.0
97807,0.0,0.0,1.0,0.0,0.0,0.0,0.0
98248,0.0,0.0,1.0,0.0,0.0,1.0,0.0
98271,0.0,0.0,1.0,0.0,0.0,2.0,0.0
98771,0.0,0.0,1.0,0.0,0.0,0.0,0.0
101029,0.0,0.0,0.0,0.0,0.0,0.0,0.0
201000,0.0,0.0,0.0,0.0,0.0,0.0,1.0
201432,0.0,0.0,0.0,0.0,0.0,1.0,1.0
201439,2.0,0.0,0.0,0.0,0.0,1.0,1.0
201500,2.0,0.0,0.0,0.0,0.0,1.0,0.0
201584,2.0,0.0,0.0,0.0,0.0,2.0,0.0
201629,2.0,2.0,0.0,0.0,0.0,2.0,0.0
201654,2.0,2.0,0.0,0.0,1.0,2.0,0.0
201695,2.0,2.0,0.0,0.0,2.0,2.0,0.0
201939,0.0,2.0,0.0,0.0,2.0,2.0,0.0
202047,2.0,2.0,0.0,0.0,2.0,2.0,0.0
202084,2.0,2.0,0.0,0.0,2.0,0.0,0.0
202129,2.0,0.0,0.0,0.0,2.0,0.0,0.0
202195,2.0,0.0,0.0,0.0,0.0,0.0,0.0
202343,2.0,0.0,0.0,0.0,0.0,1.0,0.0
202345,2.0,0.0,0.0,0.0,0.0,2.0,0.0
202383,2.0,0.0,0.0,0.0,1.0,2.0,0.0
202547,0.0,0.0,0.0,0.0,1.0,2.0,0.0
202751,2.0,0.0,0.0,0.0,1.0,2.0,0.0
202845,2.0,0.0,0.0,0.0,1.0,0.0,0.0
203096,2.0,0.0,1.0,0.0,1.0,0.0,0.0
203128,2.0,0.0,1.0,0.0,1.0,1.0,0.0
203251,0.0,0.0,1.0,0.0,1.0,1.0,0.0
203383,0.0,2.0,1.0,0.0,1.0,1.0,0.0
203628,0.0,2.0,1.0,0.0,1.0,0.0,0.0
203868,0.0,2.0,1.0,0.0,1.0,1.0,0.0
203883,0.0,0.0,1.0,0.0,1.0,1.0,0.0
204368,0.0,0.0,1.0,0.0,1.0,0.0,0.0
204570,0.0,0.0,1.0,0.0,1.0,1.0,0.0
204575,0.0,0.0,1.0,0.0,1.0,2.0,0.0
204602,0.0,0.0,2.0,0.0,1.0,2.0,0.0
205075,0.0,0.0,2.0,0.0,1.0,0.0,0.0
205102,0.0,0.0,0.0,0.0,1.0,0.0,0.0
205555,0.0,0.0,0.0,0.0,1.0,1.0,0.0
205557,0.0,0.0,0.0,0.0,1.0,2.0,0.0
205699,0.0,2.0,0.0,0.0,1.0,2.0,0.0
205702,0.0,2.0,1.0,0.0,1.0,2.0,0.0
206057,0.0,2.0,1.0,0.0,1.0,0.0,0.0
206199,0.0,0.0,1.0,0.0,1.0,0.0,0.0
206202,0.0,0.0,0.0,0.0,1.0,0.0,0.0
206339,0.0,0.0,0.0,0.0,1.0,1.0,0.0
206344,0.0,0.0,0.0,0.0,1.0,2.0,0.0
206448,0.0,0.0,0.0,0.0,2.0,2.0,0.0
206844,0.0,0.0,0.0,0.0,2.0,0.0,0.0
206948,0.0,0.0,0.0,0.0,0.0,0.0,0.0
207441,0.0,0.0,0.0,0.0,0.0,1.0,0.0
207445,0.0,0.0,0.0,0.0,0.0,2.0,0.0
207945,0.0,0.0,0.0,0.0,0.0,0.0,0.0
208364,0.0,0.0,0.0,0.0,0.0,1.0,0.0
208681,0.0,0.0,0.0,0.0,1.0,1.0,0.0
208682,0.0,0.0,0.0,0.0,1.0,2.0,0.0
209181,0.0,0.0,0.0,0.0,0.0,2.0,0.0
209182,0.0,0.0,0.0,0.0,0.0,0.0,0.0
210082,0.0,0.0,0.0,0.0,0.0,1.0,0.0
210582,0.0,0.0,0.0,0.0,0.0,0.0,0.0
210596,0.0,0.0,0.0,0.0,0.0,1.0,0.0
210601,0.0,0.0,0.0,0.0,0.0,2.0,0.0
210727,0.0,0.0,0.0,0.0,1.0,2.0,0.0
211101,0.0,0.0,0.0,0.0,1.0,0.0,0.0
211227,0.0,0.0,0.0,0.0,0.0,0.0,0.0
211347,0.0,0.0,0.0,0.0,0.0,1.0,0.0
211350,0.0,0.0,0.0,0.0,0.0,2.0,0.0
211850,0.0,0.0,0.0,0.0,0.0,0.0,0.0
211913,0.0,0.0,1.0,0.0,0.0,0.0,0.0
212413,0.0,0.0,0.0,0.0,0.0,0.0,0.0
212520,0.0,0.0,0.0,0.0,0.0,1.0,0.0
213020,0.0,0.0,0.0,0.0,0.0,0.0,0.0
213115,0.0,0.0,0.0,0.0,0.0,1.0,0.0
213615,0.0,0.0,0.0,0.0,0.0,0.0,0.0
214329,0.0,0.0,0.0,0.0,0.0,1.0,0.0
214760,0.0,0.0,0.0,0.0,0.0,2.0,0.0
215260,0.0,0.0,0.0,0.0,0.0,0.0,0.0
215461,0.0,0.0,0.0,0.0,0.0,1.0,0.0
215463,0.0,0.0,0.0,0.0,0.0,2.0,0.0
215963,0.0,0.0,0.0,0.0,0.0,0.0,0.0
216284,0.0,0.0,0.0,0.0,0.0,1.0,0.0
216302,0.0,0.0,0.0,0.0,0.0,2.0,0.0
216802,0.0,0.0,0.0,0.0,0.0,0.0,0.0
217322,0.0,0.0,0.0,0.0,0.0,1.0,0.0
217349,0.0,0.0,0.0,0.0,0.0,2.0,0.0
217849,0.0,0.0,0.0,0.0,0.0,0.0,0.0
217909,0.0,0.0,0.0,0.0,0.0,1.0,0.0
218409,0.0,0.0,0.0,0.0,0.0,0.0,0.0
218414,0.0,0.0,0.0,0.0,0.0,1.0,0.0
218442,0.0,0.0,0.0,0.0,0.0,2.0,0.0
218942,0.0,0.0,0.0,0.0,0.0,0.0,0.0
219059,0.0,0.0,0.0,0.0,0.0,1.0,0.0
219060,0.0,0.0,0.0,0.0,1.0,1.0,0.0
219559,0.0,0.0,0.0,0.0,1.0,0.0,0.0
219560,0.0,0.0,0.0,0.0,0.0,0.0,0.0
219563,0.0,0.0,0.0,0.0,0.0,1.0,0.0
220063,0.0,0.0,0.0,0.0,0.0,0.0,0.0
220101,0.0,0.0,0.0,0.0,0.0,1.0,0.0
220289,0.0,0.0,0.0,0.0,0.0,2.0,0.0
220789,0.0,0.0,0.0,0.0,0.0,0.0,0.0
221098,0.0,0.0,0.0,0.0,0.0,1.0,0.0
221598,0.0,0.0,0.0,0.0,0.0,0.0,0.0
221839,0.0,0.0,0.0,0.0,0.0,1.0,0.0
222223,0.0,0.0,0.0,0.0,0.0,2.0,0.0
222723,0.0,0.0,0.0,0.0,0.0,0.0,0.0
223287,0.0,0.0,0.0,0.0,0.0,1.0,0.0
223294,0.0,0.0,0.0,0.0,0.0,2.0,0.0
223794,0.0,0.0,0.0,0.0,0.0,0.0,0.0
223831,0.0,0.0,0.0,0.0,0.0,1.0,0.0
224331,0.0,0.0,0.0,0.0,0.0,0.0,0.0
224488,0.0,0.0,0.0,0.0,0.0,1.0,0.0
224491,0.0,0.0,0.0,0.0,0.0,2.0,0.0
224991,0.0,0.0,0.0,0.0,0.0,0.0,0.0
225070,0.0,0.0,0.0,0.0,0.0,1.0,0.0
225576,0.0,0.0,0.0,0.0,0.0,2.0,0.0
226076,0.0,0.0,0.0,0.0,0.0,0.0,0.0
226319,0.0,0.0,0.0,0.0,0.0,1.0,0.0
226614,0.0,0.0,0.0,0.0,0.0,2.0,0.0
227114,0.0,0.0,0.0,0.0,0.0,0.0,0.0
227194,0.0,0.0,0.0,0.0,0.0,1.0,0.0
227652,0.0,0.0,0.0,0.0,0.0,2.0,0.0
228152,0.0,0.0,0.0,0.0,0.0,0.0,0.0
230721,0.0,0.0,0.0,0.0,0.0,1.0,0.0
230726,0.0,0.0,0.0,0.0,0.0,2.0,0.0
231226,0.0,0.0,0.0,0.0,0.0,0.0,0.0
231995,0.0,0.0,0.0,0.0,0.0,1.0,0.0
232004,0.0,0.0,0.0,0.0,0.0,2.0,0.0
232504,0.0,0.0,0.0,0.0,0.0,0.0,0.0
233173,0.0,0.0,0.0,0.0,0.0,1.0,0.0
233673,0.0,0.0,0.0,0.0,0.0,0.0,0.0
233764,0.0,0.0,0.0,0.0,0.0,1.0,0.0
234264,0.0,0.0,0.0,0.0,0.0,0.0,0.0
234604,0.0,0.0,0.0,0.0,0.0,1.0,0.0
235104,0.0,0.0,0.0,0.0,0.0,0.0,0.0
235408,0.0,0.0,0.0,0.0,0.0,1.0,0.0
235908,0.0,0.0,0.0,0.0,0.0,0.0,0.0
235961,0.0,0.0,0.0,0.0,0.0,1.0,0.0
235963,0.0,0.0,0.0,0.0,0.0,2.0,0.0
236463,0.0,0.0,0.0,0.0,0.0,0.0,0.0
237463,0.0,0.0,0.0,0.0,0.0,1.0,0.0
237910,0.0,0.0,0.0,0.0,0.0,2.0,0.0
238410,0.0,0.0,0.0,0.0,0.0,0.0,0.0
238973,0.0,0.0,0.0,0.0,0.0,1.0,0.0
239161,0.0,0.0,0.0,0.0,0.0,2.0,0.0
239661,0.0,0.0,0.0,0.0,0.0,0.0,0.0
240088,0.0,0.0,0.0,0.0,0.0,1.0,0.0
240588,0.0,0.0,0.0,0.0,0.0,0.0,0.0
241100,0.0,0.0,0.0,0.0,0.0,1.0,0.0
241600,0.0,0.0,0.0,0.0,0.0,0.0,0.0
241624,0.0,0.0,0.0,0.0,0.0,1.0,0.0
242124,0.0,0.0,0.0,0.0,0.0,0.0,0.0
242143,0.0,0.0,0.0,0.0,0.0,1.0,0.0
242150,0.0,0.0,0.0,0.0,0.0,2.0,0.0
242650,0.0,0.0,0.0,0.0,0.0,0.0,0.0
243456,0.0,0.0,0.0,0.0,0.0,1.0,0.0
243956,0.0,0.0,0.0,0.0,0.0,0.0,0.0
244024,0.0,0.0,0.0,0.0,0.0,1.0,0.0
244038,0.0,0.0,0.0,0.0,0.0,2.0,0.0
244538,0.0,0.0,0.0,0.0,0.0,0.0,0.0
244970,0.0,0.0,0.0,0.0,0.0,1.0,0.0
245470,0.0,0.0,0.0,0.0,0.0,0.0,0.0
245576,0.0,0.0,0.0,0.0,0.0,1.0,0.0
245578,0.0,0.0,0.0,0.0,0.0,2.0,0.0
246078,0.0,0.0,0.0,0.0,0.0,0.0,0.0
246314,0.0,0.0,0.0,0.0,0.0,1.0,0.0
246814,0.0,0.0,0.0,0.0,0.0,0.0,0.0
246911,0.0,0.0,0.0,0.0,0.0,1.0,0.0
247411,0.0,0.0,0.0,0.0,0.0,0.0,0.0
248131,0.0,0.0,0.0,0.0,0.0,1.0,0.0
248170,0.0,0.0,0.0,0.0,0.0,2.0,0.0
248670,0.0,0.0,0.0,0.0,0.0,0.0,0.0
250261,0.0,0.0,0.0,0.0,0.0,1.0,0.0
250263,0.0,0.0,0.0,0.0,0.0,2.0,0.0
250763,0.0,0.0,0.0,0.0,0.0,0.0,0.0
250884,0.0,0.0,0.0,0.0,0.0,1.0,0.0
251278,0.0,0.0,0.0,0.0,0.0,2.0,0.0
251680,0.0,0.0,0.0,0.0,1.0,2.0,0.0
251778,0.0,0.0,0.0,0.0,1.0,0.0,0.0
252180,0.0,0.0,0.0,0.0,0.0,0.0,0.0
252258,0.0,0.0,0.0,0.0,0.0,1.0,0.0
252758,0.0,0.0,0.0,0.0,0.0,0.0,0.0
252861,0.0,0.0,0.0,0.0,0.0,1.0,0.0
253106,0.0,0.0,0.0,0.0,0.0,2.0,0.0
253606,0.0,0.0,0.0,0.0,0.0,0.0,0.0
253791,0.0,0.0,0.0,0.0,0.0,1.0,0.0
254291,0.0,0.0,0.0,0.0,0.0,0.0,0.0
255814,0.0,0.0,0.0,0.0,0.0,1.0,0.0
255816,0.0,0.0,0.0,0.0,0.0,2.0,0.0
256316,0.0,0.0,0.0,0.0,0.0,0.0,0.0
256465,0.0,0.0,0.0,0.0,0.0,1.0,0.0
256965,0.0,0.0,0.0,0.0,0.0,0.0,0.0
257320,0.0,0.0,0.0,0.0,0.0,1.0,0.0
257820,0.0,0.0,0.0,0.0,0.0,0.0,0.0
257932,0.0,0.0,0.0,0.0,0.0,1.0,0.0
257942,0.0,2.0,0.0,0.0,0.0,1.0,0.0
257953,0.0,2.0,0.0,0.0,0.0,2.0,0.0
258442,0.0,0.0,0.0,0.0,0.0,2.0,0.0
258453,0.0,0.0,0.0,0.0,0.0,0.0,0.0
259000,0.0,0.0,0.0,0.0,0.0,1.0,0.0
259496,0.0,0.0,0.0,0.0,0.0,2.0,0.0
259996,0.0,0.0,0.0,0.0,0.0,0.0,0.0
260806,0.0,0.0,0.0,0.0,0.0,1.0,0.0
261063,0.0,0.0,0.0,0.0,0.0,2.0,0.0
261563,0.0,0.0,0.0,0.0,0.0,0.0,0.0
262569,0.0,0.0,0.0,0.0,0.0,1.0,0.0
263069,0.0,0.0,0.0,0.0,0.0,0.0,0.0
263544,0.0,0.0,0.0,0.0,0.0,1.0,0.0
263734,0.0,0.0,0.0,0.0,0.0,2.0,0.0
264234,0.0,0.0,0.0,0.0,0.0,0.0,0.0
264285,0.0,0.0,0.0,0.0,0.0,1.0,0.0
264785,0.0,0.0,0.0,0.0,0.0,0.0,0.0
266146,0.0,0.0,0.0,0.0,0.0,1.0,0.0
266646,0.0,0.0,0.0,0.0,0.0,0.0,0.0
268385,0.0,0.0,0.0,0.0,0.0,1.0,0.0
268391,0.0,0.0,0.0,0.0,0.0,2.0,0.0
268891,0.0,0.0,0.0,0.0,0.0,0.0,0.0
269022,0.0,0.0,0.0,0.0,0.0,1.0,0.0
269044,0.0,0.0,0.0,0.0,0.0,2.0,0.0
269544,0.0,0.0,0.0,0.0,0.0,0.0,0.0
270689,0.0,0.0,0.0,0.0,0.0,1.0,0.0
270892,0.0,0.0,0.0,0.0,0.0,2.0,0.0
271392,0.0,0.0,0.0,0.0,0.0,0.0,0.0
271455,0.0,0.0,0.0,0.0,0.0,1.0,0.0
271955,0.0,0.0,0.0,0.0,0.0,0.0,0.0
272278,0.0,0.0,0.0,0.0,0.0,1.0,0.0
272778,0.0,0.0,0.0,0.0,0.0,0.0,0.0
272929,0.0,0.0,0.0,0.0,0.0,1.0,0.0
273141,0.0,0.0,0.0,0.0,0.0,2.0,0.0
273641,0.0,0.0,0.0,0.0,0.0,0.0,0.0
274290,0.0,0.0,0.0,0.0,0.0,1.0,0.0
274790,0.0,0.0,0.0,0.0,0.0,0.0,0.0
275642,0.0,0.0,0.0,0.0,0.0,1.0,0.0
276142,0.0,0.0,0.0,0.0,0.0,0.0,0.0
276200,0.0,0.0,0.0,0.0,0.0,1.0,0.0
276205,0.0,0.0,0.0,0.0,0.0,2.0,0.0
276705,0.0,0.0,0.0,0.0,0.0,0.0,0.0
276831,0.0,0.0,0.0,0.0,0.0,1.0,0.0
277331,0.0,0.0,0.0,0.0,0.0,0.0,0.0
277373,0.0,0.0,0.0,0.0,0.0,1.0,0.0
277873,0.0,0.0,0.0,0.0,0.0,0.0,0.0
277906,0.0,0.0,0.0,0.0,0.0,1.0,0.0
278097,0.0,0.0,0.0,0.0,0.0,2.0,0.0
278597,0.0,0.0,0.0,0.0,0.0,0.0,0.0
279392,0.0,0.0,0.0,0.0,0.0,1.0,0.0
279786,0.0,0.0,0.0,0.0,0.0,2.0,0.0
280286,0.0,0.0,0.0,0.0,0.0,0.0,0.0
281256,0.0,0.0,0.0,0.0,0.0,1.0,0.0
281756,0.0,0.0,0.0,0.0,0.0,0.0,0.0
282473,0.0,0.0,0.0,0.0,0.0,1.0,0.0
282475,0.0,0.0,0.0,0.0,0.0,2.0,0.0
282975,0.0,0.0,0.0,0.0,0.0,0.0,0.0
283005,0.0,0.0,0.0,0.0,0.0,1.0,0.0
283007,0.0,0.0,0.0,0.0,0.0,2.0,0.0
283507,0.0,0.0,0.0,0.0,0.0,0.0,0.0
283958,0.0,0.0,0.0,0.0,0.0,1.0,0.0
283961,0.0,0.0,0.0,0.0,0.0,2.0,0.0
284375,0.0,2.0,0.0,0.0,0.0,2.0,0.0
284461,0.0,2.0,0.0,0.0,0.0,0.0,0.0
284875,0.0,0.0,0.0,0.0,0.0,0.0,0.0
285138,0.0,0.0,0.0,0.0,0.0,1.0,0.0
285638,0.0,0.0,0.0,0.0,0.0,0.0,0.0
285685,0.0,0.0,0.0,0.0,0.0,1.0,0.0
286076,0.0,0.0,0.0,0.0,0.0,2.0,0.0
286576,0.0,0.0,0.0,0.0,0.0,0.0,0.0
286733,0.0,0.0,0.0,0.0,0.0,1.0,0.0
287233,0.0,0.0,0.0,0.0,0.0,0.0,0.0
288187,0.0,0.0,0.0,0.0,0.0,1.0,0.0
288468,0.0,0.0,0.0,0.0,0.0,2.0,0.0
288968,0.0,0.0,0.0,0.0,0.0,0.0,0.0
289224,0.0,0.0,0.0,0.0,0.0,1.0,0.0
289724,0.0,0.0,0.0,0.0,0.0,0.0,0.0
290371,0.0,0.0,0.0,0.0,0.0,1.0,0.0
290524,0.0,0.0,0.0,0.0,0.0,2.0,0.0
291024,0.0,0.0,0.0,0.0,0.0,0.0,0.0
291174,0.0,0.0,0.0,0.0,0.0,1.0,0.0
291307,0.0,2.0,0.0,0.0,0.0,1.0,0.0
291674,0.0,2.0,0.0,0.0,0.0,0.0,0.0
291797,0.0,2.0,0.0,0.0,0.0,1.0,0.0
291807,0.0,0.0,0.0,0.0,0.0,1.0,0.0
292297,0.0,0.0,0.0,0.0,0.0,0.0,0.0
293577,0.0,0.0,0.0,0.0,0.0,1.0,0.0
294077,0.0,0.0,0.0,0.0,0.0,0.0,0.0
294679,0.0,0.0,0.0,0.0,0.0,1.0,0.0
294913,0.0,0.0,0.0,0.0,0.0,2.0,0.0
295413,0.0,0.0,0.0,0.0,0.0,0.0,0.0
296181,0.0,0.0,0.0,0.0,0.0,1.0,0.0
296681,0.0,0.0,0.0,0.0,0.0,0.0,0.0
296774,0.0,0.0,0.0,0.0,0.0,1.0,0.0
296777,0.0,0.0,0.0,0.0,0.0,2.0,0.0
297277,0.0,0.0,0.0,0.0,0.0,0.0,0.0
298623,0.0,0.0,0.0,0.0,0.0,1.0,0.0
299123,0.0,0.0,0.0,0.0,0.0,0.0,0.0
299400,0.0,0.0,0.0,0.0,0.0,1.0,0.0
299490,0.0,0.0,0.0,0.0,0.0,2.0,0.0
299990,0.0,0.0,0.0,0.0,0.0,0.0,0.0
300296,0.0,0.0,0.0,0.0,0.0,1.0,0.0
300298,0.0,0.0,0.0,0.0,0.0,2.0,0.0
300798,0.0,0.0,0.0,0.0,0.0,0.0,0.0
300904,0.0,0.0,0.0,0.0,0.0,1.0,0.0
301404,0.0,0.0,0.0,0.0,0.0,0.0,0.0
301461,0.0,0.0,0.0,0.0,0.0,1.0,0.0
301706,0.0,0.0,0.0,0.0,0.0,2.0,0.0
302206,0.0,0.0,0.0,0.0,0.0,0.0,0.0
364368,0.0,0.0,0.0,0.0,1.0,0.0,0.0
364868,0.0,0.0,0.0,0.0,0.0,0.0,0.0
403000,0.0,0.0,0.0,0.0,0.0,0.0,1.0
403499,0.0,0.0,0.0,0.0,0.0,1.0,1.0
403500,0.0,0.0,0.0,0.0,0.0,1.0,0.0
403519,2.0,0.0,0.0,0.0,0.0,1.0,0.0
403568,2.0,0.0,0.0,0.0,0.0,2.0,0.0
403623,2.0,0.0,0.0,0.0,1.0,2.0,0.0
403648,2.0,2.0,0.0,0.0,1.0,2.0,0.0
403682,2.0,2.0,0.0,0.0,2.0,2.0,0.0
404019,0.0,2.0,0.0,0.0,2.0,2.0,0.0
404063,2.0,2.0,0.0,0.0,2.0,2.0,0.0
404068,2.0,2.0,0.0,0.0,2.0,0.0,0.0
404148,2.0,0.0,0.0,0.0,2.0,0.0,0.0
404182,2.0,0.0,0.0,0.0,0.0,0.0,0.0
404348,2.0,0.0,0.0,0.0,0.0,1.0,0.0
404359,2.0,0.0,0.0,0.0,1.0,1.0,0.0
404483,2.0,2.0,0.0,0.0,1.0,1.0,0.0
404563,0.0,2.0,0.0,0.0,1.0,1.0,0.0
404848,0.0,2.0,0.0,0.0,1.0,0.0,0.0
404859,0.0,2.0,0.0,0.0,0.0,0.0,0.0
404983,0.0,0.0,0.0,0.0,0.0,0.0,0.0
405055,0.0,0.0,1.0,0.0,0.0,0.0,0.0
405150,0.0,0.0,1.0,0.0,0.0,1.0,0.0
405650,0.0,0.0,1.0,0.0,0.0,0.0,0.0
405949,0.0,0.0,1.0,0.0,0.0,1.0,0.0
406136,0.0,0.0,1.0,0.0,0.0,2.0,0.0
406443,0.0,0.0,2.0,0.0,0.0,2.0,0.0
406636,0.0,0.0,2.0,0.0,0.0,0.0,0.0
406943,0.0,0.0,0.0,0.0,0.0,0.0,0.0
407604,0.0,0.0,0.0,0.0,0.0,1.0,0.0
408104,0.0,0.0,0.0,0.0,0.0,0.0,0.0
408569,0.0,0.0,0.0,0.0,0.0,1.0,0.0
408581,0.0,0.0,0.0,0.0,0.0,2.0,0.0
409013,0.0,0.0,1.0,0.0,0.0,2.0,0.0
409081,0.0,0.0,1.0,0.0,0.0,0.0,0.0
409424,0.0,0.0,1.0,0.0,0.0,1.0,0.0
409513,0.0,0.0,0.0,0.0,0.0,1.0,0.0
409924,0.0,0.0,0.0,0.0,0.0,0.0,0.0
410083,0.0,2.0,0.0,0.0,0.0,0.0,0.0
410583,0.0,0.0,0.0,0.0,0.0,0.0,0.0
410632,0.0,0.0,0.0,0.0,0.0,1.0,0.0
410634,0.0,0.0,0.0,0.0,0.0,2.0,0.0
411134,0.0,0.0,0.0,0.0,0.0,0.0,0.0
411306,0.0,0.0,0.0,0.0,0.0,1.0,0.0
411806,0.0,0.0,0.0,0.0,0.0,0.0,0.0
412131,0.0,0.0,0.0,0.0,1.0,0.0,0.0
412631,0.0,0.0,0.0,0.0,0.0,0.0,0.0
412809,0.0,0.0,0.0,0.0,0.0,1.0,0.0
412896,0.0,0.0,0.0,0.0,1.0,1.0,0.0
413309,0.0,0.0,0.0,0.0,1.0,0.0,0.0
413737,0.0,0.0,0.0,0.0,1.0,1.0,0.0
414237,0.0,0.0,0.0,0.0,1.0,0.0,0.0
414483,0.0,0.0,0.0,0.0,1.0,1.0,0.0
414490,0.0,0.0,0.0,0.0,1.0,2.0,0.0
414990,0.0,0.0,0.0,0.0,1.0,0.0,0.0
414998,0.0,0.0,0.0,0.0,1.0,1.0,0.0
415137,0.0,2.0,0.0,0.0,1.0,1.0,0.0
415188,0.0,2.0,0.0,0.0,1.0,2.0,0.0
415637,0.0,0.0,0.0,0.0,1.0,2.0,0.0
415688,0.0,0.0,0.0,0.0,1.0,0.0,0.0
416044,0.0,0.0,0.0,0.0,1.0,1.0,0.0
416046,0.0,0.0,0.0,0.0,1.0,2.0,0.0
416546,0.0,0.0,0.0,0.0,1.0,0.0,0.0
417118,0.0,0.0,0.0,0.0,1.0,1.0,0.0
417618,0.0,0.0,0.0,0.0,1.0,0.0,0.0
417670,0.0,0.0,0.0,0.0,1.0,1.0,0.0
418170,0.0,0.0,0.0,0.0,1.0,0.0,0.0
419070,0.0,0.0,0.0,0.0,1.0,1.0,0.0
419073,0.0,0.0,0.0,0.0,1.0,2.0,0.0
419573,0.0,0.0,0.0,0.0,1.0,0.0,0.0
419704,0.0,0.0,0.0,0.0,1.0,1.0,0.0
419713,0.0,0.0,0.0,0.0,1.0,2.0,0.0
420213,0.0,0.0,0.0,0.0,1.0,0.0,0.0
420610,0.0,0.0,0.0,0.0,1.0,1.0,0.0
420705,0.0,0.0,0.0,0.0,1.0,2.0,0.0
421205,0.0,0.0,0.0,0.0,1.0,0.0,0.0
421355,0.0,0.0,0.0,0.0,1.0,1.0,0.0
421855,0.0,0.0,0.0,0.0,1.0,0.0,0.0
422686,0.0,0.0,0.0,0.0,1.0,1.0,0.0
423035,0.0,0.0,0.0,0.0,1.0,2.0,0.0
423535,0.0,0.0,0.0,0.0,1.0,0.0,0.0
423981,0.0,0.0,0.0,0.0,1.0,1.0,0.0
424481,0.0,0.0,0.0,0.0,1.0,0.0,0.0
424622,0.0,0.0,0.0,0.0,1.0,1.0,0.0
425122,0.0,0.0,0.0,0.0,1.0,0.0,0.0
425918,0.0,0.0,0.0,0.0,1.0,1.0,0.0
426248,0.0,0.0,0.0,0.0,1.0,2.0,0.0
426748,0.0,0.0,0.0,0.0,1.0,0.0,0.0
426811,0.0,0.0,0.0,0.0,1.0,1.0,0.0
427311,0.0,0.0,0.0,0.0,1.0,0.0,0.0
427448,0.0,0.0,0.0,0.0,1.0,1.0,0.0
427679,0.0,0.0,0.0,0.0,1.0,2.0,0.0
428179,0.0,0.0,0.0,0.0,1.0,0.0,0.0
428839,0.0,0.0,0.0,0.0,1.0,1.0,0.0
428847,0.0,0.0,0.0,0.0,1.0,2.0,0.0
429347,0.0,0.0,0.0,0.0,1.0,0.0,0.0
429438,0.0,0.0,0.0,0.0,1.0,1.0,0.0
429866,0.0,0.0,0.0,0.0,1.0,2.0,0.0
430366,0.0,0.0,0.0,0.0,1.0,0.0,0.0
430537,0.0,0.0,0.0,0.0,1.0,1.0,0.0
431037,0.0,0.0,0.0,0.0,1.0,0.0,0.0
431214,0.0,0.0,0.0,0.0,1.0,1.0,0.0
431370,0.0,0.0,0.0,0.0,1.0,2.0,0.0
431870,0.0,0.0,0.0,0.0,1.0,0.0,0.0
432200,0.0,0.0,0.0,0.0,1.0,1.0,0.0
432700,0.0,0.0,0.0,0.0,1.0,0.0,0.0
434245,0.0,0.0,0.0,0.0,1.0,1.0,0.0
434745,0.0,0.0,0.0,0.0,1.0,0.0,0.0
434953,0.0,0.0,0.0,0.0,1.0,1.0,0.0
435453,0.0,0.0,0.0,0.0,1.0,0.0,0.0
436087,0.0,0.0,0.0,0.0,1.0,1.0,0.0
436587,0.0,0.0,0.0,0.0,1.0,0.0,0.0
437380,0.0,0.0,0.0,0.0,1.0,1.0,0.0
437880,0.0,0.0,0.0,0.0,1.0,0.0,0.0
438663,0.0,0.0,0.0,0.0,1.0,1.0,0.0
439091,0.0,0.0,0.0,0.0,1.0,2.0,0.0
439591,0.0,0.0,0.0,0.0,1.0,0.0,0.0
440474,0.0,0.0,0.0,0.0,1.0,1.0,0.0
440974,0.0,0.0,0.0,0.0,1.0,0.0,0.0
441132,0.0,0.0,0.0,0.0,1.0,1.0,0.0
441134,0.0,0.0,0.0,0.0,1.0,2.0,0.0
441634,0.0,0.0,0.0,0.0,1.0,0.0,0.0
443492,0.0,0.0,0.0,0.0,1.0,1.0,0.0
443494,0.0,2.0,0.0,0.0,1.0,1.0,0.0
443992,0.0,2.0,0.0,0.0,1.0,0.0,0.0
443994,0.0,0.0,0.0,0.0,1.0,0.0,0.0
444007,0.0,0.0,0.0,0.0,1.0,1.0,0.0
444046,0.0,0.0,0.0,0.0,1.0,2.0,0.0
444546,0.0,0.0,0.0,0.0,1.0,0.0,0.0
446390,0.0,0.0,0.0,0.0,1.0,1.0,0.0
446890,0.0,0.0,0.0,0.0,1.0,0.0,0.0
447031,0.0,0.0,0.0,0.0,1.0,1.0,0.0
447379,0.0,0.0,0.0,0.0,1.0,2.0,0.0
447879,0.0,0.0,0.0,0.0,1.0,0.0,0.0
447892,0.0,0.0,0.0,0.0,1.0,1.0,0.0
447897,0.0,0.0,0.0,0.0,1.0,2.0,0.0
448397,0.0,0.0,0.0,0.0,1.0,0.0,0.0
448795,0.0,0.0,0.0,0.0,1.0,1.0,0.0
448798,0.0,0.0,0.0,0.0,1.0,2.0,0.0
449298,0.0,0.0,0.0,0.0,1.0,0.0,0.0
449548,0.0,0.0,0.0,0.0,1.0,1.0,0.0
450048,0.0,0.0,0.0,0.0,1.0,0.0,0.0
450901,0.0,0.0,0.0,0.0,1.0,1.0,0.0
451401,0.0,0.0,0.0,0.0,1.0,0.0,0.0
452022,0.0,0.0,0.0,0.0,1.0,1.0,0.0
452429,0.0,0.0,0.0,0.0,1.0,2.0,0.0
452929,0.0,0.0,0.0,0.0,1.0,0.0,0.0
453106,0.0,0.0,0.0,0.0,1.0,1.0,0.0
453606,0.0,0.0,0.0,0.0,1.0,0.0,0.0
453855,0.0,0.0,0.0,0.0,1.0,1.0,0.0
454355,0.0,0.0,0.0,0.0,1.0,0.0,0.0
454878,0.0,0.0,0.0,0.0,1.0,1.0,0.0
455049,0.0,0.0,0.0,0.0,1.0,2.0,0.0
455549,0.0,0.0,0.0,0.0,1.0,0.0,0.0
455930,0.0,0.0,0.0,0.0,1.0,1.0,0.0
455999,0.0,0.0,0.0,0.0,1.0,2.0,0.0
456499,0.0,0.0,0.0,0.0,1.0,0.0,0.0
456987,0.0,0.0,0.0,0.0,1.0,1.0,0.0
457487,0.0,0.0,0.0,0.0,1.0,0.0,0.0
457536,0.0,2.0,0.0,0.0,1.0,0.0,0.0
457803,0.0,2.0,0.0,0.0,1.0,1.0,0.0
458036,0.0,0.0,0.0,0.0,1.0,1.0,0.0
458303,0.0,0.0,0.0,0.0,1.0,0.0,0.0
459069,0.0,0.0,0.0,0.0,1.0,1.0,0.0
459569,0.0,0.0,0.0,0.0,1.0,0.0,0.0
459740,0.0,0.0,0.0,0.0,1.0,1.0,0.0
460240,0.0,0.0,0.0,0.0,1.0,0.0,0.0
460263,0.0,0.0,0.0,0.0,1.0,1.0,0.0
460273,0.0,0.0,0.0,0.0,1.0,2.0,0.0
460773,0.0,0.0,0.0,0.0,1.0,0.0,0.0
460934,0.0,0.0,0.0,0.0,1.0,1.0,0.0
461156,0.0,0.0,0.0,0.0,1.0,2.0,0.0
461656,0.0,0.0,0.0,0.0,1.0,0.0,0.0
462061,0.0,0.0,0.0,0.0,1.0,1.0,0.0
462561,0.0,0.0,0.0,0.0,1.0,0.0,0.0
462581,0.0,0.0,0.0,0.0,1.0,1.0,0.0
463081,0.0,0.0,0.0,0.0,1.0,0.0,0.0
463758,0.0,0.0,0.0,0.0,1.0,1.0,0.0
464258,0.0,0.0,0.0,0.0,1.0,0.0,0.0
465028,0.0,0.0,0.0,0.0,1.0,1.0,0.0
465528,0.0,0.0,0.0,0.0,1.0,0.0,0.0
466263,0.0,0.0,0.0,0.0,1.0,1.0,0.0
466763,0.0,0.0,0.0,0.0,1.0,0.0,0.0
466849,0.0,0.0,0.0,0.0,1.0,1.0,0.0
467349,0.0,0.0,0.0,0.0,1.0,0.0,0.0
467842,0.0,0.0,0.0,0.0,1.0,1.0,0.0
468342,0.0,0.0,0.0,0.0,1.0,0.0,0.0
469574,0.0,0.0,0.0,0.0,1.0,1.0,0.0
469576,0.0,0.0,0.0,0.0,1.0,2.0,0.0
470076,0.0,0.0,0.0,0.0,1.0,0.0,0.0
470808,0.0,0.0,0.0,0.0,1.0,1.0,0.0
471308,0.0,0.0,0.0,0.0,1.0,0.0,0.0
471379,0.0,0.0,0.0,0.0,1.0,1.0,0.0
471540,0.0,0.0,0.0,0.0,1.0,2.0,0.0
472040,0.0,0.0,0.0,0.0,1.0,0.0,0.0
472406,0.0,0.0,0.0,0.0,1.0,1.0,0.0
472906,0.0,0.0,0.0,0.0,1.0,0.0,0.0
473050,0.0,0.0,0.0,0.0,1.0,1.0,0.0
473550,0.0,0.0,0.0,0.0,1.0,0.0,0.0
474359,0.0,0.0,0.0,0.0,1.0,1.0,0.0
474396,0.0,0.0,0.0,0.0,0.0,1.0,0.0
474859,0.0,0.0,0.0,0.0,0.0,0.0,0.0
475265,0.0,0.0,0.0,0.0,0.0,1.0,0.0
475267,0.0,0.0,0.0,0.0,0.0,2.0,0.0
475767,0.0,0.0,0.0,0.0,0.0,0.0,0.0
475877,0.0,0.0,0.0,0.0,0.0,1.0,0.0
476377,0.0,0.0,0.0,0.0,0.0,0.0,0.0
476656,0.0,0.0,0.0,0.0,1.0,0.0,0.0
476671,0.0,0.0,0.0,0.0,1.0,1.0,0.0
476673,0.0,0.0,0.0,0.0,1.0,2.0,0.0
477156,0.0,0.0,0.0,0.0,0.0,2.0,0.0
477173,0.0,0.0,0.0,0.0,0.0,0.0,0.0
477531,0.0,0.0,0.0,0.0,0.0,1.0,0.0
477563,0.0,0.0,0.0,0.0,0.0,2.0,0.0
478063,0.0,0.0,0.0,0.0,0.0,0.0,0.0
479206,0.0,0.0,0.0,0.0,0.0,1.0,0.0
479706,0.0,0.0,0.0,0.0,0.0,0.0,0.0
480223,0.0,0.0,0.0,0.0,0.0,1.0,0.0
480717,0.0,0.0,0.0,0.0,0.0,2.0,0.0
481217,0.0,0.0,0.0,0.0,0.0,0.0,0.0
482138,0.0,2.0,0.0,0.0,0.0,0.0,0.0
482143,0.0,2.0,0.0,0.0,0.0,1.0,0.0
482146,0.0,2.0,0.0,0.0,0.0,2.0,0.0
482638,0.0,0.0,0.0,0.0,0.0,2.0,0.0
482646,0.0,0.0,0.0,0.0,0.0,0.0,0.0
482723,0.0,0.0,0.0,0.0,0.0,1.0,0.0
483223,0.0,0.0,0.0,0.0,0.0,0.0,0.0
483534,0.0,0.0,0.0,0.0,0.0,1.0,0.0
483847,0.0,0.0,0.0,0.0,0.0,2.0,0.0
484347,0.0,0.0,0.0,0.0,0.0,0.0,0.0
484389,0.0,0.0,0.0,0.0,0.0,1.0,0.0
484889,0.0,0.0,0.0,0.0,0.0,0.0,0.0
485242,0.0,0.0,0.0,0.0,0.0,1.0,0.0
485250,0.0,0.0,0.0,0.0,0.0,2.0,0.0
485750,0.0,0.0,0.0,0.0,0.0,0.0,0.0
487018,0.0,0.0,0.0,0.0,0.0,1.0,0.0
487518,0.0,0.0,0.0,0.0,0.0,0.0,0.0
487584,0.0,0.0,0.0,0.0,0.0,1.0,0.0
487600,0.0,0.0,0.0,0.0,0.0,2.0,0.0
488100,0.0,0.0,0.0,0.0,0.0,0.0,0.0
488764,0.0,0.0,0.0,0.0,0.0,1.0,0.0
489264,0.0,0.0,0.0,0.0,0.0,0.0,0.0
489577,0.0,0.0,0.0,0.0,0.0,1.0,0.0
489665,0.0,2.0,0.0,0.0,0.0,1.0,0.0
490077,0.0,2.0,0.0,0.0,0.0,0.0,0.0
490083,0.0,2.0,0.0,0.0,0.0,1.0,0.0
490165,0.0,0.0,0.0,0.0,0.0,1.0,0.0
490583,0.0,0.0,0.0,0.0,0.0,0.0,0.0
490744,0.0,0.0,0.0,0.0,0.0,1.0,0.0
490746,0.0,0.0,0.0,0.0,0.0,2.0,0.0
491246,0.0,0.0,0.0,0.0,0.0,0.0,0.0
492038,0.0,0.0,0.0,0.0,0.0,1.0,0.0
492458,0.0,0.0,0.0,0.0,0.0,2.0,0.0
492958,0.0,0.0,0.0,0.0,0.0,0.0,0.0
493384,0.0,0.0,0.0,0.0,0.0,1.0,0.0
493387,0.0,0.0,0.0,0.0,0.0,2.0,0.0
493887,0.0,0.0,0.0,0.0,0.0,0.0,0.0
494308,0.0,0.0,0.0,0.0,0.0,1.0,0.0
494500,0.0,0.0,0.0,0.0,0.0,2.0,0.0
495000,0.0,0.0,0.0,0.0,0.0,0.0,0.0
495253,0.0,0.0,0.0,0.0,0.0,1.0,0.0
495753,0.0,0.0,0.0,0.0,0.0,0.0,0.0
496103,0.0,0.0,0.0,0.0,0.0,1.0,0.0
496603,0.0,0.0,0.0,0.0,0.0,0.0,0.0
497095,0.0,0.0,0.0,0.0,0.0,1.0,0.0
497595,0.0,0.0,0.0,0.0,0.0,0.0,0.0
497686,0.0,0.0,0.0,0.0,0.0,1.0,0.0
498186,0.0,0.0,0.0,0.0,0.0,0.0,0.0
498892,0.0,0.0,0.0,0.0,0.0,1.0,0.0
498943,0.0,0.0,0.0,0.0,0.0,2.0,0.0
499399,0.0,0.0,0.0,0.0,1.0,2.0,0.0
499443,0.0,0.0,0.0,0.0,1.0,0.0,0.0
499504,0.0,0.0,0.0,0.0,1.0,1.0,0.0
499899,0.0,0.0,0.0,0.0,0.0,1.0,0.0
500004,0.0,0.0,0.0,0.0,0.0,0.0,0.0
500100,0.0,0.0,0.0,0.0,0.0,1.0,0.0
500600,0.0,0.0,0.0,0.0,0.0,0.0,0.0
500827,0.0,0.0,0.0,0.0,0.0,1.0,0.0
500871,0.0,0.0,0.0,0.0,0.0,2.0,0.0
501371,0.0,0.0,0.0,0.0,0.0,0.0,0.0
501616,0.0,0.0,0.0,0.0,0.0,1.0,0.0
502116,0.0,0.0,0.0,0.0,0.0,0.0,0.0
503059,0.0,0.0,0.0,0.0,0.0,1.0,0.0
503559,0.0,0.0,0.0,0.0,0.0,0.0,0.0
503801,0.0,0.0,0.0,0.0,0.0,1.0,0.0
504301,0.0,0.0,0.0,0.0,0.0,0.0,0.0
605000,0.0,0.0,0.0,0.0,0.0,0.0,1.0
605471,2.0,0.0,0.0,0.0,0.0,0.0,1.0
605500,2.0,0.0,0.0,0.0,0.0,0.0,0.0
605527,2.0,0.0,0.0,0.0,0.0,1.0,0.0
605552,2.0,0.0,0.0,0.0,1.0,1.0,0.0
605609,2.0,0.0,0.0,0.0,2.0,1.0,0.0
605663,2.0,2.0,0.0,0.0,2.0,1.0,0.0
605664,2.0,2.0,0.0,0.0,2.0,2.0,0.0
605971,0.0,2.0,0.0,0.0,2.0,2.0,0.0
606109,0.0,2.0,0.0,0.0,0.0,2.0,0.0
606163,0.0,0.0,0.0,0.0,0.0,2.0,0.0
606164,0.0,0.0,0.0,0.0,0.0,0.0,0.0
606303,2.0,0.0,0.0,0.0,0.0,0.0,0.0
606307,2.0,0.0,0.0,0.0,0.0,1.0,0.0
606632,2.0,0.0,0.0,0.0,0.0,2.0,0.0
606750,2.0,2.0,0.0,0.0,0.0,2.0,0.0
606803,0.0,2.0,0.0,0.0,0.0,2.0,0.0
606879,0.0,2.0,1.0,0.0,0.0,2.0,0.0
606888,0.0,2.0,1.0,0.0,1.0,2.0,0.0
606975,2.0,2.0,1.0,0.0,1.0,2.0,0.0
607132,2.0,2.0,1.0,0.0,1.0,0.0,0.0
607152,2.0,2.0,1.0,0.0,1.0,1.0,0.0
607250,2.0,0.0,1.0,0.0,1.0,1.0,0.0
607388,2.0,0.0,1.0,0.0,0.0,1.0,0.0
607475,0.0,0.0,1.0,0.0,0.0,1.0,0.0
607652,0.0,0.0,1.0,0.0,0.0,0.0,0.0
607741,0.0,0.0,1.0,0.0,0.0,1.0,0.0
608134,0.0,0.0,2.0,0.0,0.0,1.0,0.0
608241,0.0,0.0,2.0,0.0,0.0,0.0,0.0
608269,0.0,0.0,2.0,0.0,0.0,1.0,0.0
608529,0.0,0.0,2.0,0.0,1.0,1.0,0.0
608634,0.0,0.0,0.0,0.0,1.0,1.0,0.0
608769,0.0,0.0,0.0,0.0,1.0,0.0,0.0
609029,0.0,0.0,0.0,0.0,0.0,0.0,0.0
609416,0.0,0.0,0.0,0.0,0.0,1.0,0.0
609916,0.0,0.0,0.0,0.0,0.0,0.0,0.0
609940,0.0,0.0,0.0,0.0,0.0,1.0,0.0
609980,0.0,0.0,0.0,0.0,0.0,2.0,0.0
610480,0.0,0.0,0.0,0.0,0.0,0.0,0.0
611196,0.0,0.0,0.0,0.0,0.0,1.0,0.0
611203,0.0,0.0,0.0,0.0,0.0,2.0,0.0
611703,0.0,0.0,0.0,0.0,0.0,0.0,0.0
612046,0.0,0.0,0.0,0.0,0.0,1.0,0.0
612546,0.0,0.0,0.0,0.0,0.0,0.0,0.0
612729,0.0,0.0,0.0,0.0,0.0,1.0,0.0
613229,0.0,0.0,0.0,0.0,0.0,0.0,0.0
613961,0.0,0.0,0.0,0.0,0.0,1.0,0.0
613968,0.0,0.0,0.0,0.0,0.0,2.0,0.0
614468,0.0,0.0,0.0,0.0,0.0,0.0,0.0
614486,0.0,0.0,0.0,0.0,0.0,1.0,0.0
614986,0.0,0.0,0.0,0.0,0.0,0.0,0.0
615232,0.0,0.0,0.0,0.0,0.0,1.0,0.0
615250,0.0,0.0,0.0,0.0,0.0,2.0,0.0
615750,0.0,0.0,0.0,0.0,0.0,0.0,0.0
616461,0.0,0.0,0.0,0.0,0.0,1.0,0.0
616474,0.0,0.0,0.0,0.0,0.0,2.0,0.0
616511,0.0,0.0,0.0,0.0,1.0,2.0,0.0
616974,0.0,0.0,0.0,0.0,1.0,0.0,0.0
617011,0.0,0.0,0.0,0.0,0.0,0.0,0.0
617178,0.0,0.0,0.0,0.0,0.0,1.0,0.0
617553,0.0,0.0,0.0,0.0,0.0,2.0,0.0
617701,0.0,0.0,0.0,0.0,1.0,2.0,0.0
617738,0.0,0.0,0.0,0.0,2.0,2.0,0.0
617740,0.0,0.0,1.0,0.0,2.0,2.0,0.0
617807,0.0,2.0,1.0,0.0,2.0,2.0,0.0
618053,0.0,2.0,1.0,0.0,2.0,0.0,0.0
618238,0.0,2.0,1.0,0.0,0.0,0.0,0.0
618240,0.0,2.0,0.0,0.0,0.0,0.0,0.0
618241,0.0,2.0,1.0,0.0,0.0,0.0,0.0
618307,0.0,0.0,1.0,0.0,0.0,0.0,0.0
618623,0.0,0.0,1.0,0.0,0.0,1.0,0.0
618626,0.0,0.0,1.0,0.0,0.0,2.0,0.0
619126,0.0,0.0,1.0,0.0,0.0,0.0,0.0
619175,0.0,0.0,1.0,0.0,0.0,1.0,0.0
619241,0.0,0.0,0.0,0.0,0.0,1.0,0.0
619363,0.0,0.0,1.0,0.0,0.0,1.0,0.0
619675,0.0,0.0,1.0,0.0,0.0,0.0,0.0
619743,0.0,0.0,1.0,0.0,0.0,1.0,0.0
619863,0.0,0.0,0.0,0.0,0.0,1.0,0.0
620169,0.0,0.0,0.0,0.0,0.0,2.0,0.0
620378,0.0,0.0,0.0,0.0,1.0,2.0,0.0
620403,0.0,0.0,1.0,0.0,1.0,2.0,0.0
620550,0.0,0.0,1.0,0.0,2.0,2.0,0.0
620669,0.0,0.0,1.0,0.0,2.0,0.0,0.0
620774,0.0,2.0,1.0,0.0,2.0,0.0,0.0
620948,0.0,2.0,1.0,0.0,2.0,1.0,0.0
621050,0.0,2.0,1.0,0.0,0.0,1.0,0.0
621274,0.0,0.0,1.0,0.0,0.0,1.0,0.0
621448,0.0,0.0,1.0,0.0,0.0,0.0,0.0
622544,0.0,0.0,1.0,0.0,0.0,1.0,0.0
622554,0.0,0.0,1.0,0.0,0.0,2.0,0.0
623054,0.0,0.0,1.0,0.0,0.0,0.0,0.0
623098,0.0,0.0,1.0,0.0,0.0,1.0,0.0
623598,0.0,0.0,1.0,0.0,0.0,0.0,0.0
623619,0.0,0.0,1.0,0.0,0.0,1.0,0.0
624119,0.0,0.0,1.0,0.0,0.0,0.0,0.0
624130,0.0,0.0,1.0,0.0,0.0,1.0,0.0
624630,0.0,0.0,1.0,0.0,0.0,0.0,0.0
625647,0.0,0.0,1.0,0.0,0.0,1.0,0.0
625649,0.0,0.0,1.0,0.0,0.0,2.0,0.0
626149,0.0,0.0,1.0,0.0,0.0,0.0,0.0
626431,0.0,0.0,1.0,0.0,0.0,1.0,0.0
626434,0.0,0.0,1.0,0.0,0.0,2.0,0.0
626934,0.0,0.0,1.0,0.0,0.0,0.0,0.0
628387,0.0,0.0,1.0,0.0,0.0,1.0,0.0
628887,0.0,0.0,1.0,0.0,0.0,0.0,0.0
628895,0.0,0.0,1.0,0.0,0.0,1.0,0.0
628903,0.0,0.0,0.0,0.0,0.0,1.0,0.0
629006,0.0,0.0,0.0,0.0,0.0,2.0,0.0
629506,0.0,0.0,0.0,0.0,0.0,0.0,0.0
629850,0.0,0.0,0.0,0.0,0.0,1.0,0.0
630350,0.0,0.0,0.0,0.0,0.0,0.0,0.0
630374,0.0,0.0,0.0,0.0,0.0,1.0,0.0
630874,0.0,0.0,0.0,0.0,0.0,0.0,0.0
630984,0.0,0.0,0.0,0.0,0.0,1.0,0.0
631484,0.0,0.0,0.0,0.0,0.0,0.0,0.0
633126,0.0,0.0,0.0,0.0,0.0,1.0,0.0
633626,0.0,0.0,0.0,0.0,0.0,0.0,0.0
633975,0.0,0.0,0.0,0.0,0.0,1.0,0.0
634475,0.0,0.0,0.0,0.0,0.0,0.0,0.0
634561,0.0,0.0,0.0,0.0,0.0,1.0,0.0
634569,0.0,0.0,0.0,0.0,0.0,2.0,0.0
635069,0.0,0.0,0.0,0.0,0.0,0.0,0.0
635098,0.0,0.0,0.0,0.0,0.0,1.0,0.0
635598,0.0,0.0,0.0,0.0,0.0,0.0,0.0
635860,0.0,0.0,0.0,0.0,0.0,1.0,0.0
636360,0.0,0.0,0.0,0.0,0.0,0.0,0.0
636461,0.0,0.0,0.0,0.0,0.0,1.0,0.0
636571,0.0,0.0,0.0,0.0,0.0,2.0,0.0
637071,0.0,0.0,0.0,0.0,0.0,0.0,0.0
637606,0.0,0.0,0.0,0.0,0.0,1.0,0.0
637783,0.0,0.0,0.0,0.0,0.0,2.0,0.0
638283,0.0,0.0,0.0,0.0,0.0,0.0,0.0
638502,0.0,0.0,0.0,0.0,0.0,1.0,0.0
639002,0.0,0.0,0.0,0.0,0.0,0.0,0.0
639249,0.0,0.0,0.0,0.0,0.0,1.0,0.0
639252,0.0,0.0,0.0,0.0,0.0,2.0,0.0
639752,0.0,0.0,0.0,0.0,0.0,0.0,0.0
639941,0.0,0.0,0.0,0.0,0.0,1.0,0.0
639950,0.0,0.0,0.0,0.0,0.0,2.0,0.0
640238,0.0,2.0,0.0,0.0,0.0,2.0,0.0
640450,0.0,2.0,0.0,0.0,0.0,0.0,0.0
640703,0.0,2.0,0.0,0.0,0.0,1.0,0.0
640738,0.0,0.0,0.0,0.0,0.0,1.0,0.0
641203,0.0,0.0,0.0,0.0,0.0,0.0,0.0
641431,0.0,0.0,0.0,0.0,0.0,1.0,0.0
641439,0.0,0.0,0.0,0.0,0.0,2.0,0.0
641939,0.0,0.0,0.0,0.0,0.0,0.0,0.0
642294,0.0,0.0,0.0,0.0,0.0,1.0,0.0
642794,0.0,0.0,0.0,0.0,0.0,0.0,0.0
642917,0.0,0.0,0.0,0.0,0.0,1.0,0.0
643417,0.0,0.0,0.0,0.0,0.0,0.0,0.0
643456,0.0,0.0,0.0,0.0,0.0,1.0,0.0
643461,0.0,0.0,0.0,0.0,0.0,2.0,0.0
643961,0.0,0.0,0.0,0.0,0.0,0.0,0.0
644044,0.0,0.0,0.0,0.0,0.0,1.0,0.0
644544,0.0,0.0,0.0,0.0,0.0,0.0,0.0
644657,0.0,0.0,0.0,0.0,0.0,1.0,0.0
644966,0.0,2.0,0.0,0.0,0.0,1.0,0.0
645157,0.0,2.0,0.0,0.0,0.0,0.0,0.0
645402,0.0,2.0,0.0,0.0,0.0,1.0,0.0
645466,0.0,0.0,0.0,0.0,0.0,1.0,0.0
645902,0.0,0.0,0.0,0.0,0.0,0.0,0.0
645922,0.0,0.0,0.0,0.0,0.0,1.0,0.0
645928,0.0,0.0,0.0,0.0,0.0,2.0,0.0
646428,0.0,0.0,0.0,0.0,0.0,0.0,0.0
646456,0.0,0.0,0.0,0.0,0.0,1.0,0.0
646956,0.0,0.0,0.0,0.0,0.0,0.0,0.0
647655,0.0,0.0,0.0,0.0,0.0,1.0,0.0
647907,0.0,0.0,0.0,0.0,0.0,2.0,0.0
648407,0.0,0.0,0.0,0.0,0.0,0.0,0.0
648961,0.0,0.0,0.0,0.0,0.0,1.0,0.0
649461,0.0,0.0,0.0,0.0,0.0,0.0,0.0
650287,0.0,0.0,0.0,0.0,0.0,1.0,0.0
650787,0.0,0.0,0.0,0.0,0.0,0.0,0.0
650944,0.0,0.0,0.0,0.0,0.0,1.0,0.0
651444,0.0,0.0,0.0,0.0,0.0,0.0,0.0
651508,0.0,0.0,0.0,0.0,0.0,1.0,0.0
652008,0.0,0.0,0.0,0.0,0.0,0.0,0.0
652099,0.0,0.0,0.0,0.0,0.0,1.0,0.0
652110,0.0,0.0,0.0,0.0,0.0,2.0,0.0
652122,0.0,0.0,0.0,0.0,1.0,2.0,0.0
652610,0.0,0.0,0.0,0.0,1.0,0.0,0.0
652622,0.0,0.0,0.0,0.0,0.0,0.0,0.0
653249,0.0,0.0,0.0,0.0,0.0,1.0,0.0
653254,0.0,0.0,0.0,0.0,0.0,2.0,0.0
653433,0.0,0.0,0.0,0.0,1.0,2.0,0.0
653754,0.0,0.0,0.0,0.0,1.0,0.0,0.0
653831,0.0,0.0,0.0,0.0,1.0,1.0,0.0
653933,0.0,0.0,0.0,0.0,0.0,1.0,0.0
654217,0.0,0.0,0.0,0.0,0.0,2.0,0.0
654717,0.0,0.0,0.0,0.0,0.0,0.0,0.0
654877,0.0,0.0,0.0,0.0,0.0,1.0,0.0
655377,0.0,0.0,0.0,0.0,0.0,0.0,0.0
655633,0.0,0.0,0.0,0.0,0.0,1.0,0.0
656021,0.0,0.0,0.0,0.0,0.0,2.0,0.0
656025,0.0,0.0,0.0,0.0,1.0,2.0,0.0
656521,0.0,0.0,0.0,0.0,1.0,0.0,0.0
656525,0.0,0.0,0.0,0.0,0.0,0.0,0.0
656795,0.0,0.0,0.0,0.0,0.0,1.0,0.0
656798,0.0,0.0,0.0,0.0,0.0,2.0,0.0
656806,0.0,0.0,0.0,0.0,1.0,2.0,0.0
657298,0.0,0.0,0.0,0.0,1.0,0.0,0.0
657306,0.0,0.0,0.0,0.0,0.0,0.0,0.0
657664,0.0,0.0,0.0,0.0,1.0,0.0,0.0
658113,0.0,0.0,0.0,0.0,1.0,1.0,0.0
658164,0.0,0.0,0.0,0.0,0.0,1.0,0.0
658613,0.0,0.0,0.0,0.0,0.0,0.0,0.0
658747,0.0,0.0,0.0,0.0,0.0,1.0,0.0
659247,0.0,0.0,0.0,0.0,0.0,0.0,0.0
659349,0.0,0.0,0.0,0.0,0.0,1.0,0.0
659849,0.0,0.0,0.0,0.0,0.0,0.0,0.0
660069,0.0,0.0,0.0,0.0,0.0,1.0,0.0
660569,0.0,0.0,0.0,0.0,0.0,0.0,0.0
660661,0.0,0.0,0.0,0.0,0.0,1.0,0.0
661161,0.0,0.0,0.0,0.0,0.0,0.0,0.0
661297,0.0,0.0,0.0,0.0,0.0,1.0,0.0
661797,0.0,0.0,0.0,0.0,0.0,0.0,0.0
663665,0.0,0.0,0.0,0.0,0.0,1.0,0.0
663815,0.0,0.0,0.0,0.0,0.0,2.0,0.0
663816,0.0,0.0,0.0,0.0,1.0,2.0,0.0
663824,0.0,0.0,0.0,0.0,2.0,2.0,0.0
664315,0.0,0.0,0.0,0.0,2.0,1.0,0.0
664317,0.0,0.0,0.0,0.0,2.0,2.0,0.0
664324,0.0,0.0,0.0,0.0,0.0,2.0,0.0
664817,0.0,0.0,0.0,0.0,0.0,0.0,0.0
665293,0.0,0.0,0.0,0.0,0.0,1.0,0.0
665793,0.0,0.0,0.0,0.0,0.0,0.0,0.0
666226,0.0,0.0,0.0,0.0,0.0,1.0,0.0
666229,0.0,0.0,0.0,0.0,1.0,2.0,0.0
666729,0.0,0.0,0.0,0.0,0.0,0.0,0.0
667004,0.0,0.0,0.0,0.0,0.0,1.0,0.0
667504,0.0,0.0,0.0,0.0,0.0,0.0,0.0
668398,0.0,2.0,0.0,0.0,0.0,0.0,0.0
668898,0.0,0.0,0.0,0.0,0.0,0.0,0.0
668946,0.0,0.0,0.0,0.0,0.0,1.0,0.0
669446,0.0,0.0,0.0,0.0,0.0,0.0,0.0
669460,0.0,0.0,0.0,0.0,0.0,1.0,0.0
669654,0.0,0.0,0.0,0.0,0.0,2.0,0.0
670154,0.0,0.0,0.0,0.0,0.0,0.0,0.0
670925,0.0,0.0,0.0,0.0,0.0,1.0,0.0
671425,0.0,0.0,0.0,0.0,0.0,0.0,0.0
672501,0.0,0.0,0.0,0.0,0.0,1.0,0.0
672590,0.0,0.0,0.0,0.0,1.0,1.0,0.0
672664,0.0,0.0,0.0,0.0,2.0,1.0,0.0
672760,0.0,2.0,0.0,0.0,2.0,1.0,0.0
673001,0.0,2.0,0.0,0.0,2.0,0.0,0.0
673164,0.0,2.0,0.0,0.0,0.0,0.0,0.0
673260,0.0,0.0,0.0,0.0,0.0,0.0,0.0
673678,0.0,0.0,0.0,0.0,1.0,0.0,0.0
674178,0.0,0.0,0.0,0.0,0.0,0.0,0.0
674920,0.0,0.0,0.0,0.0,0.0,1.0,0.0
674933,0.0,0.0,0.0,0.0,0.0,2.0,0.0
674944,0.0,0.0,0.0,0.0,1.0,2.0,0.0
675433,0.0,0.0,0.0,0.0,1.0,0.0,0.0
675444,0.0,0.0,0.0,0.0,0.0,0.0,0.0
677908,0.0,0.0,0.0,0.0,0.0,1.0,0.0
678408,0.0,0.0,0.0,0.0,0.0,0.0,0.0
678442,0.0,0.0,0.0,0.0,0.0,1.0,0.0
678449,0.0,0.0,0.0,0.0,0.0,2.0,0.0
678949,0.0,0.0,0.0,0.0,0.0,0.0,0.0
679057,0.0,0.0,0.0,0.0,0.0,1.0,0.0
679557,0.0,0.0,0.0,0.0,0.0,0.0,0.0
679631,0.0,0.0,0.0,0.0,0.0,1.0,0.0
680131,0.0,0.0,0.0,0.0,0.0,0.0,0.0
680234,0.0,0.0,0.0,0.0,0.0,1.0,0.0
680734,0.0,0.0,0.0,0.0,0.0,0.0,0.0
682457,0.0,0.0,0.0,0.0,0.0,1.0,0.0
682464,0.0,0.0,0.0,0.0,0.0,2.0,0.0
682964,0.0,0.0,0.0,0.0,0.0,0.0,0.0
683071,0.0,0.0,0.0,0.0,0.0,1.0,0.0
683188,0.0,0.0,0.0,0.0,0.0,2.0,0.0
683688,0.0,0.0,0.0,0.0,0.0,0.0,0.0
683941,0.0,0.0,0.0,0.0,0.0,1.0,0.0
684441,0.0,0.0,0.0,0.0,0.0,0.0,0.0
684575,0.0,0.0,0.0,0.0,0.0,1.0,0.0
685075,0.0,0.0,0.0,0.0,0.0,0.0,0.0
685484,0.0,0.0,0.0,0.0,0.0,1.0,0.0
685984,0.0,0.0,0.0,0.0,0.0,0.0,0.0
686046,0.0,0.0,0.0,0.0,0.0,1.0,0.0
686048,0.0,0.0,0.0,0.0,0.0,2.0,0.0
686548,0.0,0.0,0.0,0.0,0.0,0.0,0.0
687616,0.0,0.0,0.0,0.0,0.0,1.0,0.0
688055,0.0,2.0,0.0,0.0,0.0,1.0,0.0
688116,0.0,2.0,0.0,0.0,0.0,0.0,0.0
688480,0.0,2.0,0.0,0.0,0.0,1.0,0.0
688555,0.0,0.0,0.0,0.0,0.0,1.0,0.0
688980,0.0,0.0,0.0,0.0,0.0,0.0,0.0
689035,0.0,0.0,0.0,0.0,0.0,1.0,0.0
689038,0.0,0.0,0.0,0.0,0.0,2.0,0.0
689538,0.0,0.0,0.0,0.0,0.0,0.0,0.0
690278,0.0,0.0,0.0,0.0,0.0,1.0,0.0
690283,0.0,0.0,0.0,0.0,0.0,2.0,0.0
690783,0.0,0.0,0.0,0.0,0.0,0.0,0.0
691149,0.0,0.0,0.0,0.0,0.0,1.0,0.0
691649,0.0,0.0,0.0,0.0,0.0,0.0,0.0
691726,0.0,0.0,0.0,0.0,0.0,1.0,0.0
691728,0.0,0.0,0.0,0.0,0.0,2.0,0.0
692228,0.0,0.0,0.0,0.0,0.0,0.0,0.0
692661,0.0,0.0,0.0,0.0,0.0,1.0,0.0
693127,0.0,0.0,0.0,0.0,0.0,2.0,0.0
693627,0.0,0.0,0.0,0.0,0.0,0.0,0.0
693890,0.0,0.0,0.0,0.0,0.0,1.0,0.0
693893,0.0,0.0,0.0,0.0,0.0,2.0,0.0
694393,0.0,0.0,0.0,0.0,0.0,0.0,0.0
694818,0.0,0.0,0.0,0.0,0.0,1.0,0.0
695318,0.0,0.0,0.0,0.0,0.0,0.0,0.0
696130,0.0,0.0,0.0,0.0,0.0,1.0,0.0
696630,0.0,0.0,0.0,0.0,0.0,0.0,0.0
696715,0.0,0.0,0.0,0.0,0.0,1.0,0.0
697054,0.0,0.0,0.0,0.0,0.0,2.0,0.0
697554,0.0,0.0,0.0,0.0,0.0,0.0,0.0
697804,0.0,0.0,0.0,0.0,0.0,1.0,0.0
697806,0.0,0.0,0.0,0.0,0.0,2.0,0.0
698306,0.0,0.0,0.0,0.0,0.0,0.0,0.0
699010,0.0,0.0,0.0,0.0,0.0,1.0,0.0
699401,0.0,0.0,0.0,0.0,0.0,2.0,0.0
699901,0.0,0.0,0.0,0.0,0.0,0.0,0.0
699978,0.0,0.0,0.0,0.0,0.0,1.0,0.0
700478,0.0,0.0,0.0,0.0,0.0,0.0,0.0
700514,0.0,0.0,0.0,0.0,0.0,1.0,0.0
701014,0.0,0.0,0.0,0.0,0.0,0.0,0.0
701108,0.0,0.0,0.0,0.0,0.0,1.0,0.0
701323,0.0,0.0,0.0,0.0,0.0,2.0,0.0
701823,0.0,0.0,0.0,0.0,0.0,0.0,0.0
702085,0.0,0.0,0.0,0.0,0.0,1.0,0.0
702433,0.0,0.0,0.0,0.0,0.0,2.0,0.0
702933,0.0,0.0,0.0,0.0,0.0,0.0,0.0
703813,0.0,0.0,0.0,0.0,0.0,1.0,0.0
704313,0.0,0.0,0.0,0.0,0.0,0.0,0.0
704479,0.0,0.0,0.0,0.0,0.0,1.0,0.0
704481,0.0,0.0,0.0,0.0,0.0,2.0,0.0
704981,0.0,0.0,0.0,0.0,0.0,0.0,0.0
705644,0.0,0.0,0.0,0.0,0.0,1.0,0.0
706144,0.0,0.0,0.0,0.0,0.0,0.0,0.0
732131,0.0,0.0,0.0,0.0,1.0,0.0,0.0
732631,0.0,0.0,0.0,0.0,0.0,0.0,0.0
744407,0.0,0.0,0.0,0.0,0.0,1.0,0.0
744907,0.0,0.0,0.0,0.0,0.0,0.0,0.0
807000,0.0,0.0,0.0,0.0,0.0,0.0,1.0
807389,0.0,0.0,0.0,0.0,0.0,1.0,1.0
807391,0.0,0.0,0.0,0.0,0.0,2.0,1.0
807487,2.0,0.0,0.0,0.0,0.0,2.0,1.0
807500,2.0,0.0,0.0,0.0,0.0,2.0,0.0
807736,2.0,2.0,0.0,0.0,0.0,2.0,0.0
807791,2.0,2.0,0.0,0.0,1.0,2.0,0.0
807843,2.0,2.0,0.0,0.0,2.0,2.0,0.0
807891,2.0,2.0,0.0,0.0,2.0,0.0,0.0
807963,2.0,2.0,0.0,0.0,2.0,1.0,0.0
807987,0.0,2.0,0.0,0.0,2.0,1.0,0.0
808236,0.0,0.0,0.0,0.0,2.0,1.0,0.0
808343,0.0,0.0,0.0,0.0,0.0,1.0,0.0
808463,0.0,0.0,0.0,0.0,0.0,0.0,0.0
808629,0.0,0.0,0.0,0.0,0.0,1.0,0.0
808753,0.0,0.0,0.0,0.0,0.0,2.0,0.0
808896,0.0,0.0,1.0,0.0,0.0,2.0,0.0
809253,0.0,0.0,1.0,0.0,0.0,0.0,0.0
809471,2.0,0.0,1.0,0.0,0.0,0.0,0.0
809561,2.0,0.0,1.0,0.0,0.0,1.0,0.0
809971,0.0,0.0,1.0,0.0,0.0,1.0,0.0
810061,0.0,0.0,1.0,0.0,0.0,0.0,0.0
810115,0.0,0.0,2.0,0.0,0.0,1.0,0.0
810615,0.0,0.0,0.0,0.0,0.0,0.0,0.0
812247,0.0,0.0,0.0,0.0,0.0,1.0,0.0
812747,0.0,0.0,0.0,0.0,0.0,0.0,0.0
812975,0.0,0.0,0.0,0.0,0.0,1.0,0.0
813475,0.0,0.0,0.0,0.0,0.0,0.0,0.0
814178,0.0,0.0,0.0,0.0,0.0,1.0,0.0
814181,0.0,0.0,0.0,0.0,0.0,2.0,0.0
814681,0.0,0.0,0.0,0.0,0.0,0.0,0.0
814708,0.0,0.0,0.0,0.0,0.0,1.0,0.0
814710,0.0,0.0,0.0,0.0,0.0,2.0,0.0
815210,0.0,0.0,0.0,0.0,0.0,0.0,0.0
815417,0.0,0.0,0.0,0.0,0.0,1.0,0.0
815419,0.0,0.0,0.0,0.0,0.0,2.0,0.0
815919,0.0,0.0,0.0,0.0,0.0,0.0,0.0
816344,0.0,0.0,0.0,0.0,0.0,1.0,0.0
816369,0.0,0.0,0.0,0.0,0.0,2.0,0.0
816869,0.0,0.0,0.0,0.0,0.0,0.0,0.0
817152,0.0,0.0,0.0,0.0,0.0,1.0,0.0
817652,0.0,0.0,0.0,0.0,0.0,0.0,0.0
817775,0.0,0.0,0.0,0.0,0.0,1.0,0.0
818275,0.0,0.0,0.0,0.0,0.0,0.0,0.0
818785,0.0,0.0,0.0,0.0,0.0,1.0,0.0
818962,0.0,0.0,0.0,0.0,1.0,1.0,0.0
819285,0.0,0.0,0.0,0.0,1.0,0.0,0.0
819289,0.0,0.0,0.0,0.0,1.0,1.0,0.0
819462,0.0,0.0,0.0,0.0,0.0,1.0,0.0
820289,0.0,0.0,0.0,0.0,0.0,0.0,0.0
821333,0.0,0.0,0.0,0.0,0.0,1.0,0.0
821335,0.0,0.0,0.0,0.0,0.0,2.0,0.0
821592,0.0,0.0,0.0,0.0,1.0,2.0,0.0
821835,0.0,0.0,0.0,0.0,1.0,0.0,0.0
822092,0.0,0.0,0.0,0.0,0.0,0.0,0.0
822120,0.0,0.0,0.0,0.0,0.0,1.0,0.0
822620,0.0,0.0,0.0,0.0,0.0,0.0,0.0
822658,0.0,0.0,0.0,0.0,0.0,1.0,0.0
822660,0.0,0.0,0.0,0.0,0.0,2.0,0.0
823160,0.0,0.0,0.0,0.0,0.0,0.0,0.0
823605,0.0,0.0,0.0,0.0,0.0,1.0,0.0
823618,0.0,0.0,0.0,0.0,0.0,2.0,0.0
824118,0.0,0.0,0.0,0.0,0.0,0.0,0.0
824298,0.0,0.0,0.0,0.0,0.0,1.0,0.0
824798,0.0,0.0,0.0,0.0,0.0,0.0,0.0
825407,0.0,0.0,0.0,0.0,0.0,1.0,0.0
825859,0.0,0.0,0.0,0.0,0.0,2.0,0.0
826359,0.0,0.0,0.0,0.0,0.0,0.0,0.0
828044,0.0,0.0,0.0,0.0,0.0,1.0,0.0
828383,0.0,0.0,0.0,0.0,0.0,2.0,0.0
828883,0.0,0.0,0.0,0.0,0.0,0.0,0.0
829637,0.0,0.0,0.0,0.0,0.0,1.0,0.0
830637,0.0,0.0,0.0,0.0,0.0,0.0,0.0
830790,0.0,0.0,0.0,0.0,0.0,1.0,0.0
831290,0.0,0.0,0.0,0.0,0.0,0.0,0.0
831734,0.0,0.0,0.0,0.0,0.0,1.0,0.0
832234,0.0,0.0,0.0,0.0,0.0,0.0,0.0
832282,0.0,0.0,0.0,0.0,0.0,1.0,0.0
832622,0.0,0.0,0.0,0.0,0.0,2.0,0.0
833122,0.0,0.0,0.0,0.0,0.0,0.0,0.0
834374,0.0,0.0,0.0,0.0,0.0,1.0,0.0
834387,0.0,0.0,0.0,0.0,0.0,2.0,0.0
834887,0.0,0.0,0.0,0.0,0.0,0.0,0.0
835274,0.0,0.0,0.0,0.0,0.0,1.0,0.0
835283,0.0,0.0,0.0,0.0,0.0,2.0,0.0
835783,0.0,0.0,0.0,0.0,0.0,0.0,0.0
836923,0.0,0.0,0.0,0.0,0.0,1.0,0.0
837423,0.0,0.0,0.0,0.0,0.0,0.0,0.0
838486,0.0,0.0,0.0,0.0,0.0,1.0,0.0
838986,0.0,0.0,0.0,0.0,0.0,0.0,0.0
839123,0.0,0.0,0.0,0.0,0.0,1.0,0.0
839498,0.0,0.0,0.0,0.0,0.0,2.0,0.0
839998,0.0,0.0,0.0,0.0,0.0,0.0,0.0
840907,0.0,0.0,0.0,0.0,0.0,1.0,0.0
840909,0.0,0.0,0.0,0.0,0.0,2.0,0.0
841376,0.0,2.0,0.0,0.0,0.0,2.0,0.0
841409,0.0,2.0,0.0,0.0,0.0,0.0,0.0
841491,0.0,2.0,0.0,0.0,0.0,1.0,0.0
841530,0.0,2.0,0.0,0.0,0.0,2.0,0.0
841876,0.0,0.0,0.0,0.0,0.0,2.0,0.0
842030,0.0,0.0,0.0,0.0,0.0,0.0,0.0
842163,0.0,0.0,0.0,0.0,0.0,1.0,0.0
842490,0.0,0.0,0.0,0.0,0.0,2.0,0.0
842990,0.0,0.0,0.0,0.0,0.0,0.0,0.0
842996,0.0,0.0,0.0,0.0,0.0,1.0,0.0
843496,0.0,0.0,0.0,0.0,0.0,0.0,0.0
844455,0.0,0.0,0.0,0.0,0.0,1.0,0.0
844955,0.0,0.0,0.0,0.0,0.0,0.0,0.0
845040,0.0,0.0,0.0,0.0,0.0,1.0,0.0
845100,0.0,0.0,0.0,0.0,0.0,2.0,0.0
845600,0.0,0.0,0.0,0.0,0.0,0.0,0.0
845665,0.0,0.0,0.0,0.0,0.0,1.0,0.0
845892,0.0,0.0,0.0,0.0,0.0,2.0,0.0
845912,0.0,0.0,0.0,0.0,1.0,2.0,0.0
846392,0.0,0.0,0.0,0.0,1.0,0.0,0.0
846412,0.0,0.0,0.0,0.0,0.0,0.0,0.0
847560,0.0,0.0,0.0,0.0,0.0,1.0,0.0
847564,0.0,0.0,0.0,0.0,0.0,2.0,0.0
848064,0.0,0.0,0.0,0.0,0.0,0.0,0.0
848366,0.0,0.0,0.0,0.0,0.0,1.0,0.0
848866,0.0,0.0,0.0,0.0,0.0,0.0,0.0
848913,0.0,0.0,0.0,0.0,0.0,1.0,0.0
849413,0.0,0.0,0.0,0.0,0.0,0.0,0.0
849417,0.0,0.0,0.0,0.0,0.0,1.0,0.0
849694,0.0,0.0,0.0,0.0,0.0,2.0,0.0
850194,0.0,0.0,0.0,0.0,0.0,0.0,0.0
850597,0.0,0.0,0.0,0.0,0.0,1.0,0.0
851097,0.0,0.0,0.0,0.0,0.0,0.0,0.0
851194,0.0,0.0,0.0,0.0,0.0,1.0,0.0
851306,0.0,0.0,0.0,0.0,0.0,2.0,0.0
851340,0.0,2.0,0.0,0.0,0.0,2.0,0.0
851806,0.0,2.0,0.0,0.0,0.0,0.0,0.0
851840,0.0,0.0,0.0,0.0,0.0,0.0,0.0
853126,0.0,0.0,0.0,0.0,0.0,1.0,0.0
853128,0.0,0.0,0.0,0.0,0.0,2.0,0.0
853628,0.0,0.0,0.0,0.0,0.0,0.0,0.0
853705,0.0,0.0,0.0,0.0,0.0,1.0,0.0
854205,0.0,0.0,0.0,0.0,0.0,0.0,0.0
854506,0.0,0.0,0.0,0.0,0.0,1.0,0.0
855006,0.0,0.0,0.0,0.0,0.0,0.0,0.0
855010,0.0,0.0,0.0,0.0,0.0,1.0,0.0
855078,0.0,0.0,0.0,0.0,0.0,2.0,0.0
855578,0.0,0.0,0.0,0.0,0.0,0.0,0.0
855857,0.0,0.0,0.0,0.0,0.0,1.0,0.0
856357,0.0,0.0,0.0,0.0,0.0,0.0,0.0
856482,0.0,0.0,0.0,0.0,0.0,1.0,0.0
856953,0.0,0.0,0.0,0.0,0.0,2.0,0.0
857453,0.0,0.0,0.0,0.0,0.0,0.0,0.0
857908,0.0,0.0,0.0,0.0,0.0,1.0,0.0
858408,0.0,0.0,0.0,0.0,0.0,0.0,0.0
858630,0.0,0.0,0.0,0.0,0.0,1.0,0.0
859130,0.0,0.0,0.0,0.0,0.0,0.0,0.0
859243,0.0,0.0,0.0,0.0,0.0,1.0,0.0
859547,0.0,0.0,0.0,0.0,0.0,2.0,0.0
860047,0.0,0.0,0.0,0.0,0.0,0.0,0.0
860098,0.0,0.0,0.0,0.0,0.0,1.0,0.0
860598,0.0,0.0,0.0,0.0,0.0,0.0,0.0
860973,0.0,0.0,0.0,0.0,0.0,1.0,0.0
861039,0.0,0.0,0.0,0.0,0.0,2.0,0.0
861539,0.0,0.0,0.0,0.0,0.0,0.0,0.0
861828,0.0,0.0,0.0,0.0,0.0,1.0,0.0
862328,0.0,0.0,0.0,0.0,0.0,0.0,0.0
862929,0.0,0.0,0.0,0.0,0.0,1.0,0.0
863429,0.0,0.0,0.0,0.0,0.0,0.0,0.0
863463,0.0,0.0,0.0,0.0,0.0,1.0,0.0
863963,0.0,0.0,0.0,0.0,0.0,0.0,0.0
864204,0.0,0.0,0.0,0.0,0.0,1.0,0.0
864208,0.0,0.0,0.0,0.0,0.0,2.0,0.0
864227,0.0,0.0,0.0,0.0,1.0,2.0,0.0
864412,0.0,0.0,0.0,0.0,2.0,2.0,0.0
864708,0.0,0.0,0.0,0.0,2.0,0.0,0.0
864912,0.0,0.0,0.0,0.0,0.0,0.0,0.0
865244,0.0,2.0,0.0,0.0,0.0,0.0,0.0
865664,0.0,2.0,0.0,0.0,0.0,1.0,0.0
865669,0.0,2.0,0.0,0.0,1.0,2.0,0.0
865744,0.0,0.0,0.0,0.0,1.0,2.0,0.0
866169,0.0,0.0,0.0,0.0,0.0,0.0,0.0
866781,0.0,0.0,0.0,0.0,0.0,1.0,0.0
867281,0.0,0.0,0.0,0.0,0.0,0.0,0.0
867338,0.0,0.0,0.0,0.0,0.0,1.0,0.0
867363,0.0,0.0,0.0,0.0,0.0,2.0,0.0
867863,0.0,0.0,0.0,0.0,0.0,0.0,0.0
867870,0.0,0.0,0.0,0.0,0.0,1.0,0.0
868370,0.0,0.0,0.0,0.0,0.0,0.0,0.0
868470,0.0,0.0,0.0,0.0,0.0,1.0,0.0
868642,0.0,0.0,0.0,0.0,0.0,2.0,0.0
869142,0.0,0.0,0.0,0.0,0.0,0.0,0.0
869844,0.0,0.0,0.0,0.0,0.0,1.0,0.0
870344,0.0,0.0,0.0,0.0,0.0,0.0,0.0
870357,0.0,0.0,0.0,0.0,0.0,1.0,0.0
870366,0.0,0.0,0.0,0.0,0.0,2.0,0.0
870866,0.0,0.0,0.0,0.0,0.0,0.0,0.0
871239,0.0,0.0,0.0,0.0,0.0,1.0,0.0
871739,0.0,0.0,0.0,0.0,0.0,0.0,0.0
871837,0.0,0.0,0.0,0.0,0.0,1.0,0.0
872133,0.0,0.0,0.0,0.0,0.0,2.0,0.0
872633,0.0,0.0,0.0,0.0,0.0,0.0,0.0
872734,0.0,0.0,0.0,0.0,0.0,1.0,0.0
872942,0.0,0.0,0.0,0.0,0.0,2.0,0.0
873442,0.0,0.0,0.0,0.0,0.0,0.0,0.0
874320,0.0,0.0,0.0,0.0,0.0,1.0,0.0
874327,0.0,0.0,0.0,0.0,0.0,2.0,0.0
874827,0.0,0.0,0.0,0.0,0.0,0.0,0.0
876124,0.0,0.0,0.0,0.0,0.0,1.0,0.0
876131,0.0,0.0,0.0,0.0,0.0,2.0,0.0
876631,0.0,0.0,0.0,0.0,0.0,0.0,0.0
876823,0.0,0.0,0.0,0.0,0.0,1.0,0.0
877053,0.0,0.0,0.0,0.0,0.0,2.0,0.0
877553,0.0,0.0,0.0,0.0,0.0,0.0,0.0
877875,0.0,0.0,0.0,0.0,0.0,1.0,0.0
877942,0.0,0.0,0.0,0.0,1.0,1.0,0.0
878375,0.0,0.0,0.0,0.0,1.0,0.0,0.0
878415,0.0,0.0,0.0,0.0,1.0,1.0,0.0
878442,0.0,0.0,0.0,0.0,0.0,1.0,0.0
878915,0.0,0.0,0.0,0.0,0.0,0.0,0.0
879285,0.0,0.0,0.0,0.0,0.0,1.0,0.0
879785,0.0,0.0,0.0,0.0,0.0,0.0,0.0
879787,0.0,0.0,0.0,0.0,0.0,1.0,0.0
880287,0.0,0.0,0.0,0.0,0.0,0.0,0.0
880359,0.0,0.0,0.0,0.0,0.0,1.0,0.0
880859,0.0,0.0,0.0,0.0,0.0,0.0,0.0
881154,0.0,0.0,0.0,0.0,0.0,1.0,0.0
881654,0.0,0.0,0.0,0.0,0.0,0.0,0.0
882036,0.0,0.0,0.0,0.0,0.0,1.0,0.0
882536,0.0,0.0,0.0,0.0,0.0,0.0,0.0
883139,0.0,0.0,0.0,0.0,0.0,1.0,0.0
883639,0.0,0.0,0.0,0.0,0.0,0.0,0.0
883892,0.0,0.0,0.0,0.0,0.0,1.0,0.0
883897,0.0,0.0,0.0,0.0,0.0,2.0,0.0
884397,0.0,0.0,0.0,0.0,0.0,0.0,0.0
884694,0.0,0.0,0.0,0.0,0.0,1.0,0.0
885194,0.0,0.0,0.0,0.0,0.0,0.0,0.0
885284,0.0,0.0,0.0,0.0,0.0,1.0,0.0
885508,0.0,0.0,0.0,0.0,0.0,2.0,0.0
886008,0.0,0.0,0.0,0.0,0.0,0.0,0.0
886200,0.0,0.0,0.0,0.0,0.0,1.0,0.0
886700,0.0,0.0,0.0,0.0,0.0,0.0,0.0
886704,0.0,0.0,0.0,0.0,0.0,1.0,0.0
886706,0.0,0.0,0.0,0.0,0.0,2.0,0.0
887206,0.0,0.0,0.0,0.0,0.0,0.0,0.0
887377,0.0,0.0,0.0,0.0,0.0,1.0,0.0
887561,0.0,0.0,0.0,0.0,0.0,2.0,0.0
888061,0.0,0.0,0.0,0.0,0.0,0.0,0.0
888672,0.0,0.0,0.0,0.0,0.0,1.0,0.0
888674,0.0,0.0,0.0,0.0,0.0,2.0,0.0
889174,0.0,0.0,0.0,0.0,0.0,0.0,0.0
889681,0.0,0.0,0.0,0.0,0.0,1.0,0.0
889732,0.0,0.0,0.0,0.0,0.0,2.0,0.0
890232,0.0,0.0,0.0,0.0,0.0,0.0,0.0
890238,0.0,0.0,0.0,0.0,0.0,1.0,0.0
890241,0.0,0.0,0.0,0.0,0.0,2.0,0.0
890741,0.0,0.0,0.0,0.0,0.0,0.0,0.0
890873,0.0,2.0,0.0,0.0,0.0,0.0,0.0
891152,0.0,2.0,0.0,0.0,0.0,1.0,0.0
891373,0.0,0.0,0.0,0.0,0.0,1.0,0.0
891652,0.0,0.0,0.0,0.0,0.0,0.0,0.0
892100,0.0,0.0,0.0,0.0,0.0,1.0,0.0
892106,0.0,0.0,0.0,0.0,0.0,2.0,0.0
892606,0.0,0.0,0.0,0.0,0.0,0.0,0.0
893545,0.0,0.0,0.0,0.0,0.0,1.0,0.0
893989,0.0,0.0,0.0,0.0,0.0,2.0,0.0
894489,0.0,0.0,0.0,0.0,0.0,0.0,0.0
894641,0.0,0.0,0.0,0.0,0.0,1.0,0.0
894866,0.0,0.0,0.0,0.0,0.0,2.0,0.0
895366,0.0,0.0,0.0,0.0,0.0,0.0,0.0
895684,0.0,0.0,0.0,0.0,0.0,1.0,0.0
895692,0.0,0.0,0.0,0.0,0.0,2.0,0.0
896192,0.0,0.0,0.0,0.0,0.0,0.0,0.0
897072,0.0,0.0,0.0,0.0,0.0,1.0,0.0
897572,0.0,0.0,0.0,0.0,0.0,0.0,0.0
897805,0.0,0.0,0.0,0.0,0.0,1.0,0.0
898305,0.0,0.0,0.0,0.0,0.0,0.0,0.0
898364,0.0,0.0,0.0,0.0,0.0,1.0,0.0
898708,0.0,0.0,0.0,0.0,0.0,2.0,0.0
899208,0.0,0.0,0.0,0.0,0.0,0.0,0.0
899605,0.0,0.0,0.0,0.0,0.0,1.0,0.0
900105,0.0,0.0,0.0,0.0,0.0,0.0,0.0
900224,0.0,0.0,0.0,0.0,1.0,1.0,0.0
900724,0.0,0.0,0.0,0.0,0.0,0.0,0.0
902845,0.0,0.0,0.0,0.0,0.0,1.0,0.0
903345,0.0,0.0,0.0,0.0,0.0,0.0,0.0
903997,0.0,0.0,0.0,0.0,0.0,1.0,0.0
904220,0.0,0.0,0.0,0.0,0.0,2.0,0.0
904720,0.0,0.0,0.0,0.0,0.0,0.0,0.0
904854,0.0,0.0,0.0,0.0,0.0,1.0,0.0
904858,0.0,0.0,0.0,0.0,0.0,2.0,0.0
905358,0.0,0.0,0.0,0.0,0.0,0.0,0.0
906078,0.0,0.0,0.0,0.0,0.0,1.0,0.0
906578,0.0,0.0,0.0,0.0,0.0,0.0,0.0
907121,0.0,0.0,0.0,0.0,0.0,1.0,0.0
907621,0.0,0.0,0.0,0.0,0.0,0.0,0.0
907635,0.0,0.0,0.0,0.0,0.0,1.0,0.0
908135,0.0,0.0,0.0,0.0,0.0,0.0,0.0
1009000,0.0,0.0,0.0,0.0,0.0,0.0,1.0
1009310,0.0,0.0,0.0,0.0,0.0,1.0,1.0
1009343,2.0,0.0,0.0,0.0,0.0,1.0,1.0
1009481,2.0,0.0,0.0,0.0,1.0,1.0,1.0
1009500,2.0,0.0,0.0,0.0,1.0,1.0,0.0
1009548,2.0,0.0,0.0,0.0,2.0,1.0,0.0
1009614,2.0,2.0,0.0,0.0,2.0,1.0,0.0
1009639,2.0,2.0,0.0,0.0,2.0,2.0,0.0
1009843,0.0,2.0,0.0,0.0,2.0,2.0,0.0
1010047,2.0,2.0,0.0,0.0,2.0,2.0,0.0
1010048,2.0,2.0,0.0,0.0,0.0,2.0,0.0
1010114,2.0,0.0,0.0,0.0,0.0,2.0,0.0
1010139,2.0,0.0,0.0,0.0,0.0,0.0,0.0
1010220,2.0,0.0,0.0,0.0,0.0,1.0,0.0
1010313,2.0,0.0,0.0,0.0,1.0,1.0,0.0
1010547,0.0,0.0,0.0,0.0,1.0,1.0,0.0
1010559,2.0,0.0,0.0,0.0,1.0,1.0,0.0
1010593,2.0,2.0,0.0,0.0,1.0,1.0,0.0
1010707,2.0,2.0,0.0,0.0,2.0,1.0,0.0
1010720,2.0,2.0,0.0,0.0,2.0,0.0,0.0
1010756,2.0,2.0,0.0,0.0,2.0,1.0,0.0
1010974,2.0,2.0,1.0,0.0,2.0,1.0,0.0
1011059,0.0,2.0,1.0,0.0,2.0,1.0,0.0
1011093,0.0,0.0,1.0,0.0,2.0,1.0,0.0
1011207,0.0,0.0,1.0,0.0,0.0,1.0,0.0
1011256,0.0,0.0,1.0,0.0,0.0,0.0,0.0
1011283,0.0,0.0,1.0,0.0,0.0,1.0,0.0
1011783,0.0,0.0,1.0,0.0,0.0,0.0,0.0
1012362,0.0,0.0,2.0,0.0,0.0,0.0,0.0
1012649,0.0,0.0,2.0,0.0,0.0,1.0,0.0
1012659,0.0,0.0,2.0,0.0,0.0,2.0,0.0
1012862,0.0,0.0,0.0,0.0,0.0,2.0,0.0
1012865,0.0,0.0,1.0,0.0,0.0,2.0,0.0
1013159,0.0,0.0,1.0,0.0,0.0,0.0,0.0
1013365,0.0,0.0,0.0,0.0,0.0,0.0,0.0
1013502,0.0,0.0,0.0,0.0,0.0,1.0,0.0
1014002,0.0,0.0,0.0,0.0,0.0,0.0,0.0
1014537,0.0,0.0,0.0,0.0,0.0,1.0,0.0
1014543,0.0,0.0,0.0,0.0,0.0,2.0,0.0
1015043,0.0,0.0,0.0,0.0,0.0,0.0,0.0
1015465,0.0,0.0,0.0,0.0,0.0,1.0,0.0
1015965,0.0,0.0,0.0,0.0,0.0,0.0,0.0
1017405,0.0,0.0,0.0,0.0,0.0,1.0,0.0
1017905,0.0,0.0,0.0,0.0,0.0,0.0,0.0
1019776,0.0,0.0,0.0,0.0,0.0,1.0,0.0
1019786,0.0,0.0,0.0,0.0,0.0,2.0,0.0
1020286,0.0,0.0,0.0,0.0,0.0,0.0,0.0
1020323,0.0,0.0,0.0,0.0,1.0,0.0,0.0
1020660,0.0,0.0,0.0,0.0,1.0,1.0,0.0
1020823,0.0,0.0,0.0,0.0,0.0,1.0,0.0
1021160,0.0,0.0,0.0,0.0,0.0,0.0,0.0
1021863,0.0,0.0,0.0,0.0,0.0,1.0,0.0
1021866,0.0,0.0,0.0,0.0,0.0,2.0,0.0
1022366,0.0,0.0,0.0,0.0,0.0,0.0,0.0
1023591,0.0,0.0,0.0,0.0,0.0,1.0,0.0
1024091,0.0,0.0,0.0,0.0,0.0,0.0,0.0
1024182,0.0,0.0,0.0,0.0,0.0,1.0,0.0
1024682,0.0,0.0,0.0,0.0,0.0,0.0,0.0
1024901,0.0,0.0,0.0,0.0,0.0,1.0,0.0
1025175,0.0,0.0,0.0,0.0,0.0,2.0,0.0
1025237,0.0,0.0,1.0,0.0,0.0,2.0,0.0
1025675,0.0,0.0,1.0,0.0,0.0,0.0,0.0
1025681,0.0,0.0,1.0,0.0,0.0,1.0,0.0
1025737,0.0,0.0,0.0,0.0,0.0,1.0,0.0
1026181,0.0,0.0,0.0,0.0,0.0,0.0,0.0
1026535,0.0,0.0,0.0,0.0,0.0,1.0,0.0
1026537,0.0,0.0,0.0,0.0,0.0,2.0,0.0
1027037,0.0,0.0,0.0,0.0,0.0,0.0,0.0
1028087,0.0,0.0,0.0,0.0,0.0,1.0,0.0
1028191,0.0,0.0,0.0,0.0,0.0,2.0,0.0
1028691,0.0,0.0,0.0,0.0,0.0,0.0,0.0
1029422,0.0,0.0,0.0,0.0,0.0,1.0,0.0
1029737,0.0,0.0,0.0,0.0,0.0,2.0,0.0
1030237,0.0,0.0,0.0,0.0,0.0,0.0,0.0
1031049,0.0,0.0,0.0,0.0,0.0,1.0,0.0
1031060,0.0,0.0,0.0,0.0,0.0,2.0,0.0
1031560,0.0,0.0,0.0,0.0,0.0,0.0,0.0
1032014,0.0,0.0,0.0,0.0,0.0,1.0,0.0
1032017,0.0,0.0,0.0,0.0,0.0,2.0,0.0
1032517,0.0,0.0,0.0,0.0,0.0,0.0,0.0
1032821,0.0,0.0,1.0,0.0,0.0,0.0,0.0
1034225,0.0,0.0,1.0,0.0,0.0,1.0,0.0
1034269,0.0,0.0,1.0,0.0,0.0,2.0,0.0
1034769,0.0,0.0,1.0,0.0,0.0,0.0,0.0
1034821,0.0,0.0,0.0,0.0,0.0,0.0,0.0
1034851,0.0,0.0,0.0,0.0,0.0,1.0,0.0
1034856,0.0,0.0,0.0,0.0,0.0,2.0,0.0
1034873,0.0,0.0,1.0,0.0,0.0,2.0,0.0
1035356,0.0,0.0,1.0,0.0,0.0,0.0,0.0
1035583,0.0,0.0,1.0,0.0,0.0,1.0,0.0
1035585,0.0,0.0,1.0,0.0,0.0,2.0,0.0
1035808,0.0,2.0,1.0,0.0,0.0,2.0,0.0
1036085,0.0,2.0,1.0,0.0,0.0,0.0,0.0
1036308,0.0,0.0,1.0,0.0,0.0,0.0,0.0
1036733,0.0,0.0,1.0,0.0,0.0,1.0,0.0
1037233,0.0,0.0,1.0,0.0,0.0,0.0,0.0
1037423,0.0,0.0,1.0,0.0,0.0,1.0,0.0
1037428,0.0,0.0,1.0,0.0,0.0,2.0,0.0
1037928,0.0,0.0,1.0,0.0,0.0,0.0,0.0
1037944,0.0,0.0,1.0,0.0,0.0,1.0,0.0
1038019,0.0,0.0,1.0,0.0,0.0,2.0,0.0
1038519,0.0,0.0,1.0,0.0,0.0,0.0,0.0
1039375,0.0,0.0,1.0,0.0,0.0,1.0,0.0
1039380,0.0,0.0,1.0,0.0,0.0,2.0,0.0
1039880,0.0,0.0,1.0,0.0,0.0,0.0,0.0
1039969,0.0,0.0,1.0,0.0,0.0,1.0,0.0
1040469,0.0,0.0,1.0,0.0,0.0,0.0,0.0
1040562,0.0,0.0,1.0,0.0,0.0,1.0,0.0
1040565,0.0,0.0,1.0,0.0,0.0,2.0,0.0
1041065,0.0,0.0,1.0,0.0,0.0,0.0,0.0
1041250,0.0,0.0,1.0,0.0,0.0,1.0,0.0
1041435,0.0,0.0,1.0,0.0,0.0,2.0,0.0
1041873,0.0,0.0,0.0,0.0,0.0,2.0,0.0
1041935,0.0,0.0,0.0,0.0,0.0,0.0,0.0
1042086,0.0,0.0,0.0,0.0,0.0,1.0,0.0
1042091,0.0,0.0,0.0,0.0,0.0,2.0,0.0
1042591,0.0,0.0,0.0,0.0,0.0,0.0,0.0
1042900,0.0,0.0,0.0,0.0,0.0,1.0,0.0
1043400,0.0,0.0,0.0,0.0,0.0,0.0,0.0
1043958,0.0,0.0,0.0,0.0,0.0,1.0,0.0
1044458,0.0,0.0,0.0,0.0,0.0,0.0,0.0
1044957,0.0,0.0,0.0,0.0,0.0,1.0,0.0
1045374,0.0,0.0,0.0,0.0,1.0,1.0,0.0
1045457,0.0,0.0,0.0,0.0,1.0,0.0,0.0
1045512,0.0,0.0,1.0,0.0,1.0,0.0,0.0
1045874,0.0,0.0,1.0,0.0,0.0,0.0,0.0
1046012,0.0,0.0,0.0,0.0,0.0,0.0,0.0
1046595,0.0,0.0,0.0,0.0,0.0,1.0,0.0
1046642,0.0,0.0,1.0,0.0,0.0,1.0,0.0
1047077,0.0,2.0,1.0,0.0,0.0,1.0,0.0
1047095,0.0,2.0,1.0,0.0,0.0,0.0,0.0
1047097,0.0,2.0,1.0,0.0,0.0,1.0,0.0
1047119,0.0,2.0,1.0,0.0,0.0,2.0,0.0
1047577,0.0,0.0,1.0,0.0,0.0,2.0,0.0
1047619,0.0,0.0,1.0,0.0,0.0,0.0,0.0
1048073,0.0,0.0,1.0,0.0,0.0,1.0,0.0
1048573,0.0,0.0,1.0,0.0,0.0,0.0,0.0
1048607,0.0,0.0,1.0,0.0,0.0,1.0,0.0
1049107,0.0,0.0,1.0,0.0,0.0,0.0,0.0
1049170,0.0,0.0,1.0,0.0,0.0,1.0,0.0
1049670,0.0,0.0,1.0,0.0,0.0,0.0,0.0
1049677,0.0,0.0,1.0,0.0,0.0,1.0,0.0
1049682,0.0,0.0,1.0,0.0,0.0,2.0,0.0
1050182,0.0,0.0,1.0,0.0,0.0,0.0,0.0
1050984,0.0,0.0,1.0,0.0,0.0,1.0,0.0
1051484,0.0,0.0,1.0,0.0,0.0,0.0,0.0
1051642,0.0,0.0,0.0,0.0,0.0,0.0,0.0
1051687,0.0,0.0,0.0,0.0,0.0,1.0,0.0
1052187,0.0,0.0,0.0,0.0,0.0,0.0,0.0
1052813,0.0,0.0,1.0,0.0,0.0,0.0,0.0
1053313,0.0,0.0,0.0,0.0,0.0,0.0,0.0
1053333,0.0,0.0,0.0,0.0,0.0,1.0,0.0
1053340,0.0,0.0,0.0,0.0,0.0,2.0,0.0
1053840,0.0,0.0,0.0,0.0,0.0,0.0,0.0
1053856,0.0,0.0,0.0,0.0,0.0,1.0,0.0
1054356,0.0,0.0,0.0,0.0,0.0,0.0,0.0
1054583,0.0,0.0,0.0,0.0,0.0,1.0,0.0
1054732,0.0,0.0,0.0,0.0,0.0,2.0,0.0
1055232,0.0,0.0,0.0,0.0,0.0,0.0,0.0
1055249,0.0,0.0,0.0,0.0,0.0,1.0,0.0
1055749,0.0,0.0,0.0,0.0,0.0,0.0,0.0
1055750,0.0,0.0,0.0,0.0,0.0,1.0,0.0
1056250,0.0,0.0,0.0,0.0,0.0,0.0,0.0
1056402,0.0,0.0,0.0,0.0,0.0,1.0,0.0
1056421,0.0,0.0,0.0,0.0,0.0,2.0,0.0
1056921,0.0,0.0,0.0,0.0,0.0,0.0,0.0
1057347,0.0,0.0,0.0,0.0,0.0,1.0,0.0
1057732,0.0,0.0,0.0,0.0,0.0,2.0,0.0
1058232,0.0,0.0,0.0,0.0,0.0,0.0,0.0
1058292,0.0,0.0,0.0,0.0,0.0,1.0,0.0
1058792,0.0,0.0,0.0,0.0,0.0,0.0,0.0
1058974,0.0,0.0,0.0,0.0,0.0,1.0,0.0
1059474,0.0,0.0,0.0,0.0,0.0,0.0,0.0
1059849,0.0,0.0,0.0,0.0,0.0,1.0,0.0
1059854,0.0,0.0,0.0,0.0,0.0,2.0,0.0
1060354,0.0,0.0,0.0,0.0,0.0,0.0,0.0
1060605,0.0,0.0,0.0,0.0,0.0,1.0,0.0
1060943,0.0,0.0,0.0,0.0,0.0,2.0,0.0
1061443,0.0,0.0,0.0,0.0,0.0,0.0,0.0
1061867,0.0,0.0,0.0,0.0,0.0,1.0,0.0
1062367,0.0,0.0,0.0,0.0,0.0,0.0,0.0
1062395,0.0,0.0,0.0,0.0,0.0,1.0,0.0
1062868,0.0,0.0,0.0,0.0,0.0,2.0,0.0
1063368,0.0,0.0,0.0,0.0,0.0,0.0,0.0
1063853,0.0,0.0,0.0,0.0,0.0,1.0,0.0
1063865,0.0,0.0,0.0,0.0,0.0,2.0,0.0
1064365,0.0,0.0,0.0,0.0,0.0,0.0,0.0
1064579,0.0,0.0,0.0,0.0,0.0,1.0,0.0
1065079,0.0,0.0,0.0,0.0,0.0,0.0,0.0
1065233,0.0,0.0,1.0,0.0,0.0,0.0,0.0
1065449,0.0,0.0,1.0,0.0,0.0,1.0,0.0
1065733,0.0,0.0,0.0,0.0,0.0,1.0,0.0
1065949,0.0,0.0,0.0,0.0,0.0,0.0,0.0
1066210,0.0,0.0,1.0,0.0,0.0,0.0,0.0
1066710,0.0,0.0,0.0,0.0,0.0,0.0,0.0
1066711,0.0,0.0,1.0,0.0,0.0,0.0,0.0
1067211,0.0,0.0,0.0,0.0,0.0,0.0,0.0
1067551,0.0,0.0,0.0,0.0,0.0,1.0,0.0
1068051,0.0,0.0,0.0,0.0,0.0,0.0,0.0
1068093,0.0,0.0,0.0,0.0,0.0,1.0,0.0
1068593,0.0,0.0,0.0,0.0,0.0,0.0,0.0
1068653,0.0,0.0,0.0,0.0,0.0,1.0,0.0
1068658,0.0,0.0,0.0,0.0,0.0,2.0,0.0
1069158,0.0,0.0,0.0,0.0,0.0,0.0,0.0
1069495,0.0,0.0,0.0,0.0,0.0,1.0,0.0
1069506,0.0,0.0,0.0,0.0,0.0,2.0,0.0
1070006,0.0,0.0,0.0,0.0,0.0,0.0,0.0
1071590,0.0,0.0,0.0,0.0,0.0,1.0,0.0
1072090,0.0,0.0,0.0,0.0,0.0,0.0,0.0
1072528,0.0,0.0,0.0,0.0,0.0,1.0,0.0
1073028,0.0,0.0,0.0,0.0,0.0,0.0,0.0
1073302,0.0,0.0,0.0,0.0,0.0,1.0,0.0
1073802,0.0,0.0,0.0,0.0,0.0,0.0,0.0
1074527,0.0,0.0,0.0,0.0,0.0,1.0,0.0
1074543,0.0,0.0,0.0,0.0,0.0,2.0,0.0
1075043,0.0,0.0,0.0,0.0,0.0,0.0,0.0
1075405,0.0,0.0,0.0,0.0,0.0,1.0,0.0
1075408,0.0,0.0,0.0,0.0,0.0,2.0,0.0
1075908,0.0,0.0,0.0,0.0,0.0,0.0,0.0
1077167,0.0,0.0,0.0,0.0,0.0,1.0,0.0
1077172,0.0,0.0,0.0,0.0,0.0,2.0,0.0
1077672,0.0,0.0,0.0,0.0,0.0,0.0,0.0
1078319,0.0,0.0,0.0,0.0,0.0,1.0,0.0
1078748,0.0,2.0,0.0,0.0,0.0,1.0,0.0
1078819,0.0,2.0,0.0,0.0,0.0,0.0,0.0
1079248,0.0,0.0,0.0,0.0,0.0,0.0,0.0
1080396,0.0,0.0,0.0,0.0,0.0,1.0,0.0
1080598,0.0,0.0,0.0,0.0,0.0,2.0,0.0
1081098,0.0,0.0,0.0,0.0,0.0,0.0,0.0
1081512,0.0,0.0,0.0,0.0,0.0,1.0,0.0
1081517,0.0,0.0,0.0,0.0,0.0,2.0,0.0
1082017,0.0,0.0,0.0,0.0,0.0,0.0,0.0
1082125,0.0,0.0,0.0,0.0,0.0,1.0,0.0
1082625,0.0,0.0,0.0,0.0,0.0,0.0,0.0
1082916,0.0,0.0,0.0,0.0,0.0,1.0,0.0
1083152,0.0,0.0,0.0,0.0,0.0,2.0,0.0
1083652,0.0,0.0,0.0,0.0,0.0,0.0,0.0
1083924,0.0,0.0,0.0,0.0,0.0,1.0,0.0
1084424,0.0,0.0,0.0,0.0,0.0,0.0,0.0
1084585,0.0,0.0,0.0,0.0,0.0,1.0,0.0
1084861,0.0,0.0,0.0,0.0,0.0,2.0,0.0
1085361,0.0,0.0,0.0,0.0,0.0,0.0,0.0
1085375,0.0,0.0,0.0,0.0,0.0,1.0,0.0
1085494,0.0,0.0,0.0,0.0,0.0,2.0,0.0
1085994,0.0,0.0,0.0,0.0,0.0,0.0,0.0
1086419,0.0,0.0,0.0,0.0,0.0,1.0,0.0
1086919,0.0,0.0,0.0,0.0,0.0,0.0,0.0
1087037,0.0,0.0,0.0,0.0,0.0,1.0,0.0
1087537,0.0,0.0,0.0,0.0,0.0,0.0,0.0
1087661,0.0,0.0,0.0,0.0,0.0,1.0,0.0
1087681,0.0,0.0,0.0,0.0,0.0,2.0,0.0
1088122,0.0,0.0,1.0,0.0,0.0,2.0,0.0
1088181,0.0,0.0,1.0,0.0,0.0,0.0,0.0
1088498,0.0,0.0,1.0,0.0,0.0,1.0,0.0
1088681,0.0,0.0,1.0,0.0,0.0,2.0,0.0
1088686,0.0,0.0,1.0,0.0,1.0,2.0,0.0
1089181,0.0,0.0,1.0,0.0,1.0,0.0,0.0
1089186,0.0,0.0,1.0,0.0,0.0,0.0,0.0
1089200,0.0,0.0,1.0,0.0,1.0,0.0,0.0
1089700,0.0,0.0,1.0,0.0,0.0,0.0,0.0
1090622,0.0,0.0,0.0,0.0,0.0,0.0,0.0
1090644,0.0,0.0,0.0,0.0,0.0,1.0,0.0
1091144,0.0,0.0,0.0,0.0,0.0,0.0,0.0
1091494,0.0,0.0,0.0,0.0,0.0,1.0,0.0
1091501,0.0,0.0,0.0,0.0,0.0,2.0,0.0
1092001,0.0,0.0,0.0,0.0,0.0,0.0,0.0
1092255,0.0,0.0,0.0,0.0,0.0,1.0,0.0
1092755,0.0,0.0,0.0,0.0,0.0,0.0,0.0
1093798,0.0,0.0,0.0,0.0,0.0,1.0,0.0
1093847,0.0,0.0,0.0,0.0,0.0,2.0,0.0
1094347,0.0,0.0,0.0,0.0,0.0,0.0,0.0
1095498,0.0,0.0,0.0,0.0,0.0,1.0,0.0
1095658,0.0,0.0,0.0,0.0,0.0,2.0,0.0
1096158,0.0,0.0,0.0,0.0,0.0,0.0,0.0
1096252,0.0,0.0,0.0,0.0,0.0,1.0,0.0
1096504,0.0,0.0,1.0,0.0,0.0,1.0,0.0
1096752,0.0,0.0,1.0,0.0,0.0,0.0,0.0
1098625,0.0,0.0,1.0,0.0,0.0,1.0,0.0
1099125,0.0,0.0,1.0,0.0,0.0,0.0,0.0
1099504,0.0,0.0,0.0,0.0,0.0,0.0,0.0
1099737,0.0,0.0,0.0,0.0,0.0,1.0,0.0
1099942,0.0,0.0,1.0,0.0,0.0,1.0,0.0
1100237,0.0,0.0,1.0,0.0,0.0,0.0,0.0
1100332,0.0,0.0,1.0,0.0,0.0,1.0,0.0
1100832,0.0,0.0,1.0,0.0,0.0,0.0,0.0
1100942,0.0,0.0,0.0,0.0,0.0,0.0,0.0
1101210,0.0,0.0,0.0,0.0,0.0,1.0,0.0
1101710,0.0,0.0,0.0,0.0,0.0,0.0,0.0
1101897,0.0,0.0,0.0,0.0,0.0,1.0,0.0
1101928,0.0,0.0,0.0,0.0,0.0,2.0,0.0
1102428,0.0,0.0,0.0,0.0,0.0,0.0,0.0
1103052,0.0,0.0,0.0,0.0,0.0,1.0,0.0
1103552,0.0,0.0,0.0,0.0,0.0,0.0,0.0
1104317,0.0,0.0,0.0,0.0,0.0,1.0,0.0
1104817,0.0,0.0,0.0,0.0,0.0,0.0,0.0
1105033,0.0,0.0,0.0,0.0,0.0,1.0,0.0
1105533,0.0,0.0,0.0,0.0,0.0,0.0,0.0
1105875,0.0,0.0,0.0,0.0,0.0,1.0,0.0
1105888,0.0,0.0,0.0,0.0,0.0,2.0,0.0
1106388,0.0,0.0,0.0,0.0,0.0,0.0,0.0
1106612,0.0,0.0,0.0,0.0,0.0,1.0,0.0
1107112,0.0,0.0,0.0,0.0,0.0,0.0,0.0
1107134,0.0,0.0,0.0,0.0,0.0,1.0,0.0
1107634,0.0,0.0,0.0,0.0,0.0,0.0,0.0
1109869,0.0,0.0,0.0,0.0,0.0,1.0,0.0
1110369,0.0,0.0,0.0,0.0,0.0,0.0,0.0
1146625,0.0,0.0,0.0,0.0,1.0,0.0,0.0
1147125,0.0,0.0,0.0,0.0,0.0,0.0,0.0
1199170,0.0,0.0,0.0,0.0,0.0,1.0,0.0
1199670,0.0,0.0,0.0,0.0,0.0,0.0,0.0
1211000,0.0,0.0,0.0,0.0,0.0,0.0,1.0
1211500,0.0,0.0,0.0,0.0,0.0,0.0,0.0
1211551,2.0,0.0,0.0,0.0,0.0,0.0,0.0
1211750,2.0,0.0,0.0,0.0,0.0,1.0,0.0
1211778,2.0,0.0,0.0,0.0,0.0,2.0,0.0
1211902,2.0,2.0,0.0,0.0,0.0,2.0,0.0
1212043,2.0,2.0,0.0,0.0,1.0,2.0,0.0
1212051,0.0,2.0,0.0,0.0,1.0,2.0,0.0
1212108,0.0,2.0,0.0,0.0,2.0,2.0,0.0
1212127,2.0,2.0,0.0,0.0,2.0,2.0,0.0
1212278,2.0,2.0,0.0,0.0,2.0,0.0,0.0
1212402,2.0,0.0,0.0,0.0,2.0,0.0,0.0
1212608,2.0,0.0,0.0,0.0,0.0,0.0,0.0
1212627,0.0,0.0,0.0,0.0,0.0,0.0,0.0
1212679,0.0,0.0,0.0,0.0,0.0,1.0,0.0
1213019,0.0,0.0,1.0,0.0,0.0,1.0,0.0
1213179,0.0,0.0,1.0,0.0,0.0,0.0,0.0
1213464,0.0,0.0,1.0,0.0,0.0,1.0,0.0
1213466,0.0,0.0,1.0,0.0,0.0,2.0,0.0
1213966,0.0,0.0,1.0,0.0,0.0,0.0,0.0
1214409,0.0,0.0,2.0,0.0,0.0,0.0,0.0
1214706,0.0,0.0,2.0,0.0,0.0,1.0,0.0
1214713,0.0,0.0,2.0,0.0,0.0,2.0,0.0
1214909,0.0,0.0,1.0,0.0,0.0,2.0,0.0
1215213,0.0,0.0,1.0,0.0,0.0,0.0,0.0
1215251,0.0,0.0,1.0,0.0,0.0,1.0,0.0
1215751,0.0,0.0,1.0,0.0,0.0,0.0,0.0
1215923,0.0,0.0,1.0,0.0,0.0,1.0,0.0
1216334,0.0,0.0,1.0,0.0,0.0,2.0,0.0
1216834,0.0,0.0,1.0,0.0,0.0,0.0,0.0
1216901,0.0,0.0,1.0,0.0,0.0,1.0,0.0
1217011,0.0,0.0,1.0,0.0,0.0,2.0,0.0
1217511,0.0,0.0,1.0,0.0,0.0,0.0,0.0
1217959,0.0,0.0,1.0,0.0,0.0,1.0,0.0
1218459,0.0,0.0,1.0,0.0,0.0,0.0,0.0
1218720,0.0,0.0,1.0,0.0,0.0,1.0,0.0
1219220,0.0,0.0,1.0,0.0,0.0,0.0,0.0
1219461,0.0,2.0,1.0,0.0,0.0,0.0,0.0
1219961,0.0,0.0,1.0,0.0,0.0,0.0,0.0
1220063,0.0,0.0,1.0,0.0,0.0,1.0,0.0
1220255,0.0,0.0,1.0,0.0,0.0,2.0,0.0
1220755,0.0,0.0,1.0,0.0,0.0,0.0,0.0
1221677,0.0,0.0,1.0,0.0,0.0,1.0,0.0
1222177,0.0,0.0,1.0,0.0,0.0,0.0,0.0
1222380,0.0,0.0,1.0,0.0,0.0,1.0,0.0
1222880,0.0,0.0,1.0,0.0,0.0,0.0,0.0
1222974,0.0,0.0,1.0,0.0,0.0,1.0,0.0
1223138,0.0,0.0,1.0,0.0,0.0,2.0,0.0
1223638,0.0,0.0,1.0,0.0,0.0,0.0,0.0
1224753,0.0,0.0,1.0,0.0,0.0,1.0,0.0
1225253,0.0,0.0,1.0,0.0,0.0,0.0,0.0
1226186,0.0,0.0,1.0,0.0,0.0,1.0,0.0
1226686,0.0,0.0,1.0,0.0,0.0,0.0,0.0
1226934,0.0,0.0,1.0,0.0,0.0,1.0,0.0
1226945,0.0,0.0,1.0,0.0,0.0,2.0,0.0
1227445,0.0,0.0,1.0,0.0,0.0,0.0,0.0
1227994,0.0,0.0,1.0,0.0,1.0,0.0,0.0
1227996,0.0,0.0,1.0,0.0,2.0,0.0,0.0
1227997,0.0,0.0,1.0,0.0,2.0,1.0,0.0
1228023,0.0,0.0,1.0,0.0,2.0,2.0,0.0
1228496,0.0,0.0,1.0,0.0,0.0,2.0,0.0
1228523,0.0,0.0,1.0,0.0,0.0,0.0,0.0
1229348,0.0,0.0,1.0,0.0,0.0,1.0,0.0
1229353,0.0,0.0,1.0,0.0,0.0,2.0,0.0
1229853,0.0,0.0,1.0,0.0,0.0,0.0,0.0
1231022,0.0,0.0,1.0,0.0,0.0,1.0,0.0
1231522,0.0,0.0,1.0,0.0,0.0,0.0,0.0
1231859,0.0,0.0,1.0,0.0,0.0,1.0,0.0
1232133,0.0,0.0,1.0,0.0,0.0,2.0,0.0
1232341,0.0,0.0,1.0,0.0,1.0,2.0,0.0
1232633,0.0,0.0,1.0,0.0,1.0,0.0,0.0
1232841,0.0,0.0,1.0,0.0,0.0,0.0,0.0
1233037,0.0,0.0,1.0,0.0,0.0,1.0,0.0
1233213,0.0,0.0,1.0,0.0,0.0,2.0,0.0
1233713,0.0,0.0,1.0,0.0,0.0,0.0,0.0
1233766,0.0,0.0,1.0,0.0,0.0,1.0,0.0
1234266,0.0,0.0,1.0,0.0,0.0,0.0,0.0
1234305,0.0,0.0,1.0,0.0,0.0,1.0,0.0
1234310,0.0,0.0,1.0,0.0,0.0,2.0,0.0
1234810,0.0,0.0,1.0,0.0,0.0,0.0,0.0
1234924,0.0,0.0,1.0,0.0,0.0,1.0,0.0
1235424,0.0,0.0,1.0,0.0,0.0,0.0,0.0
1235632,0.0,0.0,1.0,0.0,0.0,1.0,0.0
1235853,0.0,0.0,1.0,0.0,0.0,2.0,0.0
1236353,0.0,0.0,1.0,0.0,0.0,0.0,0.0
1236761,0.0,0.0,1.0,0.0,0.0,1.0,0.0
1236778,0.0,0.0,1.0,0.0,0.0,2.0,0.0
1237278,0.0,0.0,1.0,0.0,0.0,0.0,0.0
1238264,0.0,0.0,1.0,0.0,0.0,1.0,0.0
1238592,0.0,0.0,1.0,0.0,0.0,2.0,0.0
1239092,0.0,0.0,1.0,0.0,0.0,0.0,0.0
1239419,0.0,0.0,1.0,0.0,0.0,1.0,0.0
1239862,0.0,0.0,1.0,0.0,0.0,2.0,0.0
1240362,0.0,0.0,1.0,0.0,0.0,0.0,0.0
1240506,0.0,0.0,1.0,0.0,0.0,1.0,0.0
1241006,0.0,0.0,1.0,0.0,0.0,0.0,0.0
1241212,0.0,0.0,1.0,0.0,0.0,1.0,0.0
1241712,0.0,0.0,1.0,0.0,0.0,0.0,0.0
1241983,0.0,0.0,1.0,0.0,0.0,1.0,0.0
1242483,0.0,0.0,1.0,0.0,0.0,0.0,0.0
1242619,0.0,0.0,1.0,0.0,0.0,1.0,0.0
1243119,0.0,0.0,1.0,0.0,0.0,0.0,0.0
1243529,0.0,0.0,1.0,0.0,0.0,1.0,0.0
1244029,0.0,0.0,1.0,0.0,0.0,0.0,0.0
1244095,0.0,0.0,1.0,0.0,0.0,1.0,0.0
1244194,0.0,0.0,1.0,0.0,1.0,1.0,0.0
1244195,0.0,0.0,1.0,0.0,1.0,2.0,0.0
1244694,0.0,0.0,1.0,0.0,0.0,2.0,0.0
1244695,0.0,0.0,1.0,0.0,0.0,0.0,0.0
1244922,0.0,0.0,1.0,0.0,0.0,1.0,0.0
1245422,0.0,0.0,1.0,0.0,0.0,0.0,0.0
1245984,0.0,0.0,1.0,0.0,0.0,1.0,0.0
1246484,0.0,0.0,1.0,0.0,0.0,0.0,0.0
1246742,0.0,0.0,1.0,0.0,0.0,1.0,0.0
1246747,0.0,0.0,1.0,0.0,0.0,2.0,0.0
1247247,0.0,0.0,1.0,0.0,0.0,0.0,0.0
1247613,0.0,2.0,1.0,0.0,0.0,0.0,0.0
1248113,0.0,0.0,1.0,0.0,0.0,0.0,0.0
1248118,0.0,0.0,1.0,0.0,0.0,1.0,0.0
1248618,0.0,0.0,1.0,0.0,0.0,0.0,0.0
1248867,0.0,0.0,1.0,0.0,0.0,1.0,0.0
1249367,0.0,0.0,1.0,0.0,0.0,0.0,0.0
1249611,0.0,0.0,1.0,0.0,0.0,1.0,0.0
1250111,0.0,0.0,1.0,0.0,0.0,0.0,0.0
1251283,0.0,0.0,1.0,0.0,0.0,1.0,0.0
1251286,0.0,0.0,1.0,0.0,0.0,2.0,0.0
1251786,0.0,0.0,1.0,0.0,0.0,0.0,0.0
1251979,0.0,0.0,1.0,0.0,0.0,1.0,0.0
1251981,0.0,0.0,1.0,0.0,0.0,2.0,0.0
1252481,0.0,0.0,1.0,0.0,0.0,0.0,0.0
1253923,0.0,0.0,1.0,0.0,0.0,1.0,0.0
1253925,0.0,0.0,1.0,0.0,0.0,2.0,0.0
1254425,0.0,0.0,1.0,0.0,0.0,0.0,0.0
1254694,0.0,0.0,1.0,0.0,0.0,1.0,0.0
1255194,0.0,0.0,1.0,0.0,0.0,0.0,0.0
1256122,0.0,0.0,1.0,0.0,0.0,1.0,0.0
1256483,0.0,0.0,1.0,0.0,0.0,2.0,0.0
1256983,0.0,0.0,1.0,0.0,0.0,0.0,0.0
1257029,0.0,0.0,1.0,0.0,0.0,1.0,0.0
1257529,0.0,0.0,1.0,0.0,0.0,0.0,0.0
1257758,0.0,0.0,1.0,0.0,0.0,1.0,0.0
1258258,0.0,0.0,1.0,0.0,0.0,0.0,0.0
1258529,0.0,0.0,1.0,0.0,0.0,1.0,0.0
1259029,0.0,0.0,1.0,0.0,0.0,0.0,0.0
1259470,0.0,0.0,1.0,0.0,0.0,1.0,0.0
1259970,0.0,0.0,1.0,0.0,0.0,0.0,0.0
1260129,0.0,0.0,1.0,0.0,0.0,1.0,0.0
1260629,0.0,0.0,1.0,0.0,0.0,0.0,0.0
1260669,0.0,0.0,1.0,0.0,0.0,1.0,0.0
1261141,0.0,0.0,1.0,0.0,0.0,2.0,0.0
1261641,0.0,0.0,1.0,0.0,0.0,0.0,0.0
1262588,0.0,0.0,1.0,0.0,0.0,1.0,0.0
1263088,0.0,0.0,1.0,0.0,0.0,0.0,0.0
1263128,0.0,0.0,1.0,0.0,0.0,1.0,0.0
1263628,0.0,0.0,1.0,0.0,0.0,0.0,0.0
1264019,0.0,0.0,1.0,0.0,0.0,1.0,0.0
1264284,0.0,0.0,1.0,0.0,0.0,2.0,0.0
1264475,0.0,2.0,1.0,0.0,0.0,2.0,0.0
1264784,0.0,2.0,1.0,0.0,0.0,0.0,0.0
1264836,0.0,2.0,1.0,0.0,0.0,1.0,0.0
1264975,0.0,0.0,1.0,0.0,0.0,1.0,0.0
1265078,0.0,0.0,1.0,0.0,0.0,2.0,0.0
1265578,0.0,0.0,1.0,0.0,0.0,0.0,0.0
1265957,0.0,0.0,1.0,0.0,0.0,1.0,0.0
1266029,0.0,0.0,1.0,0.0,0.0,2.0,0.0
1266529,0.0,0.0,1.0,0.0,0.0,0.0,0.0
1266777,0.0,0.0,1.0,0.0,0.0,1.0,0.0
1267277,0.0,0.0,1.0,0.0,0.0,0.0,0.0
1267765,0.0,0.0,1.0,0.0,0.0,1.0,0.0
1267767,0.0,0.0,1.0,0.0,0.0,2.0,0.0
1268267,0.0,0.0,1.0,0.0,0.0,0.0,0.0
1268384,0.0,0.0,1.0,0.0,0.0,1.0,0.0
1268392,0.0,0.0,1.0,0.0,0.0,2.0,0.0
1268892,0.0,0.0,1.0,0.0,0.0,0.0,0.0
1269538,0.0,0.0,1.0,0.0,0.0,1.0,0.0
1269541,0.0,0.0,1.0,0.0,0.0,2.0,0.0
1270041,0.0,0.0,1.0,0.0,0.0,0.0,0.0
1270124,0.0,0.0,1.0,0.0,0.0,1.0,0.0
1270144,0.0,0.0,1.0,0.0,0.0,2.0,0.0
1270644,0.0,0.0,1.0,0.0,0.0,0.0,0.0
1271022,0.0,0.0,1.0,0.0,0.0,1.0,0.0
1271522,0.0,0.0,1.0,0.0,0.0,0.0,0.0
1271526,0.0,0.0,1.0,0.0,0.0,1.0,0.0
1271528,0.0,0.0,1.0,0.0,0.0,2.0,0.0
1272028,0.0,0.0,1.0,0.0,0.0,0.0,0.0
1273034,0.0,0.0,1.0,0.0,0.0,1.0,0.0
1273058,0.0,0.0,1.0,0.0,0.0,2.0,0.0
1273558,0.0,0.0,1.0,0.0,0.0,0.0,0.0
1273595,0.0,0.0,1.0,0.0,0.0,1.0,0.0
1273901,0.0,0.0,1.0,0.0,0.0,2.0,0.0
1274401,0.0,0.0,1.0,0.0,0.0,0.0,0.0
1275299,0.0,0.0,1.0,0.0,0.0,1.0,0.0
1275799,0.0,0.0,1.0,0.0,0.0,0.0,0.0
1275892,0.0,0.0,1.0,0.0,0.0,1.0,0.0
1276392,0.0,0.0,1.0,0.0,0.0,0.0,0.0
1276584,0.0,0.0,1.0,0.0,0.0,1.0,0.0
1277084,0.0,0.0,1.0,0.0,0.0,0.0,0.0
1277789,0.0,0.0,1.0,0.0,0.0,1.0,0.0
1277906,0.0,0.0,1.0,0.0,0.0,2.0,0.0
1278406,0.0,0.0,1.0,0.0,0.0,0.0,0.0
1278722,0.0,0.0,1.0,0.0,0.0,1.0,0.0
1278776,0.0,0.0,1.0,0.0,0.0,2.0,0.0
1279276,0.0,0.0,1.0,0.0,0.0,0.0,0.0
1281316,0.0,0.0,1.0,0.0,0.0,1.0,0.0
1281704,0.0,0.0,1.0,0.0,0.0,2.0,0.0
1282204,0.0,0.0,1.0,0.0,0.0,0.0,0.0
1282299,0.0,0.0,1.0,0.0,0.0,1.0,0.0
1282309,0.0,0.0,1.0,0.0,0.0,2.0,0.0
1282809,0.0,0.0,1.0,0.0,0.0,0.0,0.0
1283302,0.0,0.0,1.0,0.0,0.0,1.0,0.0
1283802,0.0,0.0,1.0,0.0,0.0,0.0,0.0
1284804,0.0,0.0,1.0,0.0,0.0,1.0,0.0
1285304,0.0,0.0,1.0,0.0,0.0,0.0,0.0
1285398,0.0,0.0,1.0,0.0,0.0,1.0,0.0
1285898,0.0,0.0,1.0,0.0,0.0,0.0,0.0
1287197,0.0,0.0,1.0,0.0,0.0,1.0,0.0
1287549,0.0,0.0,1.0,0.0,0.0,2.0,0.0
1288049,0.0,0.0,1.0,0.0,0.0,0.0,0.0
1289391,0.0,0.0,1.0,0.0,0.0,1.0,0.0
1289403,0.0,0.0,1.0,0.0,0.0,2.0,0.0
1289903,0.0,0.0,1.0,0.0,0.0,0.0,0.0
1290250,0.0,0.0,1.0,0.0,0.0,1.0,0.0
1290750,0.0,0.0,1.0,0.0,0.0,0.0,0.0
1290989,0.0,0.0,1.0,0.0,0.0,1.0,0.0
1291489,0.0,0.0,1.0,0.0,0.0,0.0,0.0
1291531,0.0,0.0,1.0,0.0,0.0,1.0,0.0
1291534,0.0,0.0,1.0,0.0,0.0,2.0,0.0
1292034,0.0,0.0,1.0,0.0,0.0,0.0,0.0
1292745,0.0,0.0,1.0,0.0,0.0,1.0,0.0
1292794,0.0,0.0,1.0,0.0,0.0,2.0,0.0
1293294,0.0,0.0,1.0,0.0,0.0,0.0,0.0
1293513,0.0,0.0,1.0,0.0,0.0,1.0,0.0
1293523,0.0,0.0,1.0,0.0,0.0,2.0,0.0
1294023,0.0,0.0,1.0,0.0,0.0,0.0,0.0
1294363,0.0,0.0,1.0,0.0,0.0,1.0,0.0
1294863,0.0,0.0,1.0,0.0,0.0,0.0,0.0
1295711,0.0,0.0,1.0,0.0,0.0,1.0,0.0
1296211,0.0,0.0,1.0,0.0,0.0,0.0,0.0
1296228,0.0,0.0,1.0,0.0,0.0,1.0,0.0
1296563,0.0,0.0,1.0,0.0,0.0,2.0,0.0
1297063,0.0,0.0,1.0,0.0,0.0,0.0,0.0
1297225,0.0,0.0,1.0,0.0,0.0,1.0,0.0
1297725,0.0,0.0,1.0,0.0,0.0,0.0,0.0
1299143,0.0,0.0,1.0,0.0,0.0,1.0,0.0
1299643,0.0,0.0,1.0,0.0,0.0,0.0,0.0
1299885,0.0,0.0,1.0,0.0,0.0,1.0,0.0
1300385,0.0,0.0,1.0,0.0,0.0,0.0,0.0
1300492,0.0,0.0,1.0,0.0,0.0,1.0,0.0
1300992,0.0,0.0,1.0,0.0,0.0,0.0,0.0
1301116,0.0,0.0,1.0,0.0,0.0,1.0,0.0
1301118,0.0,0.0,1.0,0.0,0.0,2.0,0.0
1301618,0.0,0.0,1.0,0.0,0.0,0.0,0.0
1301734,0.0,0.0,1.0,0.0,0.0,1.0,0.0
1302096,0.0,0.0,1.0,0.0,1.0,1.0,0.0
1302234,0.0,0.0,1.0,0.0,1.0,0.0,0.0
1302475,0.0,0.0,1.0,0.0,1.0,1.0,0.0
1302507,0.0,0.0,1.0,0.0,1.0,2.0,0.0
1302596,0.0,0.0,1.0,0.0,0.0,2.0,0.0
1303007,0.0,0.0,1.0,0.0,0.0,0.0,0.0
1303254,0.0,0.0,1.0,0.0,0.0,1.0,0.0
1303754,0.0,0.0,1.0,0.0,0.0,0.0,0.0
1304706,0.0,0.0,1.0,0.0,0.0,1.0,0.0
1305206,0.0,0.0,1.0,0.0,0.0,0.0,0.0
1305373,0.0,0.0,1.0,0.0,0.0,1.0,0.0
1305873,0.0,0.0,1.0,0.0,0.0,0.0,0.0
1305900,0.0,0.0,1.0,0.0,0.0,1.0,0.0
1306400,0.0,0.0,1.0,0.0,0.0,0.0,0.0
1307267,0.0,0.0,1.0,0.0,0.0,1.0,0.0
1307767,0.0,0.0,1.0,0.0,0.0,0.0,0.0
1308128,0.0,0.0,1.0,0.0,0.0,1.0,0.0
1308131,0.0,0.0,1.0,0.0,0.0,2.0,0.0
1308631,0.0,0.0,1.0,0.0,0.0,0.0,0.0
1310204,0.0,0.0,1.0,0.0,0.0,1.0,0.0
1310704,0.0,0.0,1.0,0.0,0.0,0.0,0.0
1310941,0.0,0.0,1.0,0.0,0.0,1.0,0.0
1311441,0.0,0.0,1.0,0.0,0.0,0.0,0.0
1311469,0.0,0.0,1.0,0.0,0.0,1.0,0.0
1311478,0.0,0.0,1.0,0.0,0.0,2.0,0.0
1311978,0.0,0.0,1.0,0.0,0.0,0.0,0.0
1313409,0.0,0.0,0.0,0.0,0.0,0.0,0.0
1314839,0.0,0.0,0.0,0.0,1.0,0.0,0.0
1315339,0.0,0.0,0.0,0.0,0.0,0.0,0.0
1343493,0.0,0.0,0.0,0.0,1.0,0.0,0.0
1343993,0.0,0.0,0.0,0.0,0.0,0.0,0.0
1353115,0.0,0.0,0.0,0.0,1.0,0.0,0.0
1353615,0.0,0.0,0.0,0.0,0.0,0.0,0.0
1413000,0.0,0.0,0.0,0.0,0.0,0.0,1.0
1413407,2.0,0.0,0.0,0.0,0.0,0.0,1.0
1413454,2.0,0.0,0.0,0.0,0.0,1.0,1.0
1413500,2.0,0.0,0.0,0.0,0.0,1.0,0.0
1413759,2.0,0.0,0.0,0.0,0.0,2.0,0.0
1413907,0.0,0.0,0.0,0.0,0.0,2.0,0.0
1413946,0.0,2.0,0.0,0.0,0.0,2.0,0.0
1414070,0.0,2.0,0.0,0.0,1.0,2.0,0.0
1414175,2.0,2.0,0.0,0.0,1.0,2.0,0.0
1414192,2.0,2.0,0.0,0.0,2.0,2.0,0.0
1414259,2.0,2.0,0.0,0.0,2.0,0.0,0.0
1414273,2.0,2.0,0.0,0.0,2.0,1.0,0.0
1414446,2.0,0.0,0.0,0.0,2.0,1.0,0.0
1414448,2.0,0.0,0.0,0.0,2.0,2.0,0.0
1414675,0.0,0.0,0.0,0.0,2.0,2.0,0.0
1414692,0.0,0.0,0.0,0.0,0.0,2.0,0.0
1414948,0.0,0.0,0.0,0.0,0.0,0.0,0.0
1415004,0.0,0.0,1.0,0.0,0.0,0.0,0.0
1415808,0.0,0.0,1.0,0.0,0.0,1.0,0.0
1416228,0.0,0.0,2.0,0.0,0.0,1.0,0.0
1416308,0.0,0.0,2.0,0.0,0.0,0.0,0.0
1416526,0.0,0.0,2.0,0.0,0.0,1.0,0.0
1416531,0.0,0.0,2.0,0.0,0.0,2.0,0.0
1416728,0.0,0.0,1.0,0.0,0.0,2.0,0.0
1417031,0.0,0.0,1.0,0.0,0.0,0.0,0.0
1418034,0.0,0.0,1.0,0.0,0.0,1.0,0.0
1418534,0.0,0.0,1.0,0.0,0.0,0.0,0.0
1420222,0.0,0.0,1.0,0.0,0.0,1.0,0.0
1420225,0.0,0.0,1.0,0.0,0.0,2.0,0.0
1420725,0.0,0.0,1.0,0.0,0.0,0.0,0.0
1421114,0.0,0.0,1.0,0.0,0.0,1.0,0.0
1421569,0.0,0.0,1.0,0.0,0.0,2.0,0.0
1421728,0.0,0.0,0.0,0.0,0.0,2.0,0.0
1421869,0.0,0.0,1.0,0.0,0.0,2.0,0.0
1422069,0.0,0.0,1.0,0.0,0.0,0.0,0.0
1422369,0.0,0.0,0.0,0.0,0.0,0.0,0.0
1422855,0.0,0.0,0.0,0.0,0.0,1.0,0.0
1423229,0.0,0.0,0.0,0.0,0.0,2.0,0.0
1423729,0.0,0.0,0.0,0.0,0.0,0.0,0.0
1423810,0.0,0.0,1.0,0.0,0.0,0.0,0.0
1425226,0.0,2.0,1.0,0.0,0.0,1.0,0.0
1425726,0.0,0.0,1.0,0.0,0.0,0.0,0.0
1425912,0.0,0.0,1.0,0.0,0.0,1.0,0.0
1425915,0.0,0.0,1.0,0.0,0.0,2.0,0.0
1426415,0.0,0.0,1.0,0.0,0.0,0.0,0.0
1426933,0.0,0.0,1.0,0.0,0.0,1.0,0.0
1426938,0.0,0.0,1.0,0.0,0.0,2.0,0.0
1427310,0.0,0.0,0.0,0.0,0.0,2.0,0.0
1427438,0.0,0.0,0.0,0.0,0.0,0.0,0.0
1427596,0.0,0.0,0.0,0.0,0.0,1.0,0.0
1427597,0.0,0.0,0.0,0.0,1.0,1.0,0.0
1428096,0.0,0.0,0.0,0.0,1.0,0.0,0.0
1428097,0.0,0.0,0.0,0.0,0.0,0.0,0.0
1428356,0.0,0.0,0.0,0.0,0.0,1.0,0.0
1428562,0.0,0.0,0.0,0.0,1.0,1.0,0.0
1428850,0.0,0.0,1.0,0.0,1.0,1.0,0.0
1428856,0.0,0.0,1.0,0.0,1.0,0.0,0.0
1428909,0.0,0.0,1.0,0.0,1.0,1.0,0.0
1429062,0.0,0.0,1.0,0.0,0.0,1.0,0.0
1429081,0.0,0.0,1.0,0.0,1.0,1.0,0.0
1429409,0.0,0.0,1.0,0.0,1.0,0.0,0.0
1429581,0.0,0.0,1.0,0.0,0.0,0.0,0.0
1429850,0.0,0.0,0.0,0.0,0.0,0.0,0.0
1430047,0.0,0.0,0.0,0.0,0.0,1.0,0.0
1430049,0.0,0.0,0.0,0.0,0.0,2.0,0.0
1430070,0.0,0.0,1.0,0.0,0.0,2.0,0.0
1430549,0.0,0.0,1.0,0.0,0.0,0.0,0.0
1431070,0.0,0.0,0.0,0.0,0.0,0.0,0.0
1431416,0.0,0.0,0.0,0.0,0.0,1.0,0.0
1431916,0.0,0.0,0.0,0.0,0.0,0.0,0.0
1432055,0.0,0.0,0.0,0.0,0.0,1.0,0.0
1432062,0.0,0.0,0.0,0.0,0.0,2.0,0.0
1432064,0.0,0.0,0.0,0.0,1.0,2.0,0.0
1432074,0.0,0.0,0.0,0.0,2.0,2.0,0.0
1432562,0.0,0.0,0.0,0.0,2.0,0.0,0.0
1432574,0.0,0.0,0.0,0.0,0.0,0.0,0.0
1432755,0.0,0.0,0.0,0.0,0.0,1.0,0.0
1433255,0.0,0.0,0.0,0.0,0.0,0.0,0.0
1433364,0.0,0.0,0.0,0.0,0.0,1.0,0.0
1433376,0.0,0.0,0.0,0.0,0.0,2.0,0.0
1433876,0.0,0.0,0.0,0.0,0.0,0.0,0.0
1434266,0.0,0.0,0.0,0.0,0.0,1.0,0.0
1434766,0.0,0.0,0.0,0.0,0.0,0.0,0.0
1435274,0.0,0.0,0.0,0.0,0.0,1.0,0.0
1435774,0.0,0.0,0.0,0.0,0.0,0.0,0.0
1436523,0.0,0.0,0.0,0.0,0.0,1.0,0.0
1437023,0.0,0.0,0.0,0.0,0.0,0.0,0.0
1437309,0.0,0.0,0.0,0.0,0.0,1.0,0.0
1437311,0.0,0.0,0.0,0.0,0.0,2.0,0.0
1437811,0.0,0.0,0.0,0.0,0.0,0.0,0.0
1438160,0.0,0.0,0.0,0.0,0.0,1.0,0.0
1438660,0.0,0.0,0.0,0.0,0.0,0.0,0.0
1439881,0.0,0.0,0.0,0.0,0.0,1.0,0.0
1440381,0.0,0.0,0.0,0.0,0.0,0.0,0.0
1440607,0.0,0.0,0.0,0.0,0.0,1.0,0.0
1441107,0.0,0.0,0.0,0.0,0.0,0.0,0.0
1441297,0.0,0.0,0.0,0.0,0.0,1.0,0.0
1441304,0.0,0.0,0.0,0.0,0.0,2.0,0.0
1441804,0.0,0.0,0.0,0.0,0.0,0.0,0.0
1441806,0.0,0.0,0.0,0.0,0.0,1.0,0.0
1442306,0.0,0.0,0.0,0.0,0.0,0.0,0.0
1442419,0.0,0.0,0.0,0.0,0.0,1.0,0.0
1442427,0.0,0.0,0.0,0.0,0.0,2.0,0.0
1442927,0.0,0.0,0.0,0.0,0.0,0.0,0.0
1443161,0.0,0.0,0.0,0.0,0.0,1.0,0.0
1443259,0.0,0.0,0.0,0.0,0.0,2.0,0.0
1443759,0.0,0.0,0.0,0.0,0.0,0.0,0.0
1444180,0.0,0.0,0.0,0.0,0.0,1.0,0.0
1444221,0.0,0.0,0.0,0.0,0.0,2.0,0.0
1444721,0.0,0.0,0.0,0.0,0.0,0.0,0.0
1445674,0.0,0.0,0.0,0.0,0.0,1.0,0.0
1446174,0.0,0.0,0.0,0.0,0.0,0.0,0.0
1447029,0.0,0.0,0.0,0.0,0.0,1.0,0.0
1447031,0.0,0.0,0.0,0.0,0.0,2.0,0.0
1447531,0.0,0.0,0.0,0.0,0.0,0.0,0.0
1448133,0.0,0.0,0.0,0.0,0.0,1.0,0.0
1448633,0.0,0.0,0.0,0.0,0.0,0.0,0.0
1449097,0.0,0.0,0.0,0.0,0.0,1.0,0.0
1449597,0.0,0.0,0.0,0.0,0.0,0.0,0.0
1449653,0.0,0.0,0.0,0.0,0.0,1.0,0.0
1450119,0.0,0.0,0.0,0.0,1.0,1.0,0.0
1450153,0.0,0.0,0.0,0.0,1.0,0.0,0.0
1450264,0.0,0.0,0.0,0.0,1.0,1.0,0.0
1450314,0.0,0.0,0.0,0.0,1.0,2.0,0.0
1450619,0.0,0.0,0.0,0.0,0.0,2.0,0.0
1450814,0.0,0.0,0.0,0.0,0.0,0.0,0.0
1452162,0.0,0.0,0.0,0.0,0.0,1.0,0.0
1452662,0.0,0.0,0.0,0.0,0.0,0.0,0.0
1453368,0.0,0.0,0.0,0.0,0.0,1.0,0.0
1453868,0.0,0.0,0.0,0.0,0.0,0.0,0.0
1454283,0.0,0.0,0.0,0.0,0.0,1.0,0.0
1454700,0.0,0.0,0.0,0.0,0.0,2.0,0.0
1455200,0.0,0.0,0.0,0.0,0.0,0.0,0.0
1455335,0.0,0.0,0.0,0.0,0.0,1.0,0.0
1455639,0.0,0.0,0.0,0.0,0.0,2.0,0.0
1456139,0.0,0.0,0.0,0.0,0.0,0.0,0.0
1456548,0.0,0.0,0.0,0.0,0.0,1.0,0.0
1457048,0.0,0.0,0.0,0.0,0.0,0.0,0.0
1457539,0.0,0.0,0.0,0.0,0.0,1.0,0.0
1458039,0.0,0.0,0.0,0.0,0.0,0.0,0.0
1458325,0.0,0.0,0.0,0.0,0.0,1.0,0.0
1458328,0.0,0.0,0.0,0.0,0.0,2.0,0.0
1458828,0.0,0.0,0.0,0.0,0.0,0.0,0.0
1458879,0.0,0.0,0.0,0.0,0.0,1.0,0.0
1459379,0.0,0.0,0.0,0.0,0.0,0.0,0.0
1459504,0.0,0.0,0.0,0.0,0.0,1.0,0.0
1459794,0.0,0.0,0.0,0.0,0.0,2.0,0.0
1460294,0.0,0.0,0.0,0.0,0.0,0.0,0.0
1460460,0.0,0.0,0.0,0.0,0.0,1.0,0.0
1460709,0.0,0.0,0.0,0.0,1.0,2.0,0.0
1461209,0.0,0.0,0.0,0.0,0.0,0.0,0.0
1461681,0.0,0.0,0.0,0.0,0.0,1.0,0.0
1461684,0.0,0.0,0.0,0.0,0.0,2.0,0.0
1462184,0.0,0.0,0.0,0.0,0.0,0.0,0.0
1462216,0.0,0.0,0.0,0.0,0.0,1.0,0.0
1462380,0.0,0.0,0.0,0.0,0.0,2.0,0.0
1462880,0.0,0.0,0.0,0.0,0.0,0.0,0.0
1463420,0.0,0.0,0.0,0.0,0.0,1.0,0.0
1463920,0.0,0.0,0.0,0.0,0.0,0.0,0.0
1464459,0.0,0.0,0.0,0.0,0.0,1.0,0.0
1464737,0.0,0.0,0.0,0.0,0.0,2.0,0.0
1464761,0.0,0.0,0.0,0.0,1.0,2.0,0.0
1465237,0.0,0.0,0.0,0.0,1.0,0.0,0.0
1465261,0.0,0.0,0.0,0.0,0.0,0.0,0.0
1465837,0.0,0.0,0.0,0.0,0.0,1.0,0.0
1465881,0.0,0.0,0.0,0.0,0.0,2.0,0.0
1466381,0.0,0.0,0.0,0.0,0.0,0.0,0.0
1466446,0.0,0.0,0.0,0.0,0.0,1.0,0.0
1466946,0.0,0.0,0.0,0.0,0.0,0.0,0.0
1467107,0.0,0.0,0.0,0.0,0.0,1.0,0.0
1467111,0.0,0.0,0.0,0.0,0.0,2.0,0.0
1467611,0.0,0.0,0.0,0.0,0.0,0.0,0.0
1468053,0.0,0.0,0.0,0.0,0.0,1.0,0.0
1468055,0.0,0.0,0.0,0.0,0.0,2.0,0.0
1468555,0.0,0.0,0.0,0.0,0.0,0.0,0.0
1468682,0.0,0.0,0.0,0.0,0.0,1.0,0.0
1469182,0.0,0.0,0.0,0.0,0.0,0.0,0.0
1469467,0.0,0.0,0.0,0.0,0.0,1.0,0.0
1469967,0.0,0.0,0.0,0.0,0.0,0.0,0.0
1470336,0.0,0.0,0.0,0.0,0.0,1.0,0.0
1470836,0.0,0.0,0.0,0.0,0.0,0.0,0.0
1471052,0.0,0.0,0.0,0.0,0.0,1.0,0.0
1471055,0.0,0.0,0.0,0.0,0.0,2.0,0.0
1471555,0.0,0.0,0.0,0.0,0.0,0.0,0.0
1471824,0.0,0.0,0.0,0.0,0.0,1.0,0.0
1471889,0.0,0.0,0.0,0.0,0.0,2.0,0.0
1472389,0.0,0.0,0.0,0.0,0.0,0.0,0.0
1472764,0.0,0.0,0.0,0.0,0.0,1.0,0.0
1473207,0.0,0.0,0.0,0.0,1.0,1.0,0.0
1473264,0.0,0.0,0.0,0.0,1.0,0.0,0.0
1473357,0.0,0.0,0.0,0.0,1.0,1.0,0.0
1473707,0.0,0.0,0.0,0.0,0.0,1.0,0.0
1473857,0.0,0.0,0.0,0.0,0.0,0.0,0.0
1474105,0.0,0.0,0.0,0.0,0.0,1.0,0.0
1474355,0.0,0.0,0.0,0.0,0.0,2.0,0.0
1474855,0.0,0.0,0.0,0.0,0.0,0.0,0.0
1475052,0.0,0.0,0.0,0.0,0.0,1.0,0.0
1475517,0.0,0.0,0.0,0.0,0.0,2.0,0.0
1476017,0.0,0.0,0.0,0.0,0.0,0.0,0.0
1477121,0.0,0.0,0.0,0.0,0.0,1.0,0.0
1477621,0.0,0.0,0.0,0.0,0.0,0.0,0.0
1477649,0.0,0.0,0.0,0.0,0.0,1.0,0.0
1477654,0.0,0.0,0.0,0.0,0.0,2.0,0.0
1478154,0.0,0.0,0.0,0.0,0.0,0.0,0.0
1478200,0.0,0.0,0.0,0.0,0.0,1.0,0.0
1478213,0.0,0.0,0.0,0.0,0.0,2.0,0.0
1478222,0.0,0.0,0.0,0.0,1.0,2.0,0.0
1478713,0.0,0.0,0.0,0.0,1.0,0.0,0.0
1478722,0.0,0.0,0.0,0.0,0.0,0.0,0.0
1479825,0.0,0.0,0.0,0.0,0.0,1.0,0.0
1479942,0.0,0.0,0.0,0.0,0.0,2.0,0.0
1480442,0.0,0.0,0.0,0.0,0.0,0.0,0.0
1480842,0.0,0.0,0.0,0.0,0.0,1.0,0.0
1480865,0.0,0.0,0.0,0.0,0.0,2.0,0.0
1481365,0.0,0.0,0.0,0.0,0.0,0.0,0.0
1481442,0.0,0.0,0.0,0.0,0.0,1.0,0.0
1481529,0.0,0.0,0.0,0.0,0.0,2.0,0.0
1481669,0.0,0.0,0.0,0.0,1.0,2.0,0.0
1482029,0.0,0.0,0.0,0.0,1.0,0.0,0.0
1482169,0.0,0.0,0.0,0.0,0.0,0.0,0.0
1483632,0.0,0.0,0.0,0.0,0.0,1.0,0.0
1483742,0.0,0.0,0.0,0.0,0.0,2.0,0.0
1484242,0.0,0.0,0.0,0.0,0.0,0.0,0.0
1484501,0.0,0.0,0.0,0.0,0.0,1.0,0.0
1484507,0.0,0.0,0.0,0.0,0.0,2.0,0.0
1484733,0.0,2.0,0.0,0.0,0.0,2.0,0.0
1484778,0.0,2.0,0.0,0.0,1.0,2.0,0.0
1485007,0.0,2.0,0.0,0.0,1.0,0.0,0.0
1485233,0.0,0.0,0.0,0.0,1.0,0.0,0.0
1485264,0.0,0.0,0.0,0.0,1.0,1.0,0.0
1485764,0.0,0.0,0.0,0.0,1.0,0.0,0.0
1485778,0.0,0.0,0.0,0.0,0.0,0.0,0.0
1486367,0.0,0.0,0.0,0.0,0.0,1.0,0.0
1486372,0.0,0.0,0.0,0.0,0.0,2.0,0.0
1486872,0.0,0.0,0.0,0.0,0.0,0.0,0.0
1487305,0.0,0.0,0.0,0.0,0.0,1.0,0.0
1487315,0.0,0.0,0.0,0.0,0.0,2.0,0.0
1487815,0.0,0.0,0.0,0.0,0.0,0.0,0.0
1487866,0.0,0.0,0.0,0.0,0.0,1.0,0.0
1488366,0.0,0.0,0.0,0.0,0.0,0.0,0.0
1489242,0.0,0.0,0.0,0.0,0.0,1.0,0.0
1489742,0.0,0.0,0.0,0.0,0.0,0.0,0.0
1490131,0.0,0.0,0.0,0.0,0.0,1.0,0.0
1490258,0.0,0.0,0.0,0.0,0.0,2.0,0.0
1490758,0.0,0.0,0.0,0.0,0.0,0.0,0.0
1492788,0.0,0.0,0.0,0.0,0.0,1.0,0.0
1493788,0.0,0.0,0.0,0.0,0.0,0.0,0.0
1494108,0.0,0.0,0.0,0.0,0.0,1.0,0.0
1494419,0.0,0.0,0.0,0.0,0.0,2.0,0.0
1494443,0.0,0.0,0.0,0.0,1.0,2.0,0.0
1494919,0.0,0.0,0.0,0.0,1.0,0.0,0.0
1494943,0.0,0.0,0.0,0.0,0.0,0.0,0.0
1495005,0.0,0.0,0.0,0.0,0.0,1.0,0.0
1496005,0.0,0.0,0.0,0.0,0.0,0.0,0.0
1496252,0.0,0.0,0.0,0.0,0.0,1.0,0.0
1496379,0.0,0.0,0.0,0.0,0.0,2.0,0.0
1496879,0.0,0.0,0.0,0.0,0.0,0.0,0.0
1496902,0.0,0.0,0.0,0.0,0.0,1.0,0.0
1496925,0.0,0.0,0.0,0.0,0.0,2.0,0.0
1497425,0.0,0.0,0.0,0.0,0.0,0.0,0.0
1497717,0.0,0.0,0.0,0.0,0.0,1.0,0.0
1498217,0.0,0.0,0.0,0.0,0.0,0.0,0.0
1498420,0.0,0.0,0.0,0.0,0.0,1.0,0.0
1498716,0.0,0.0,0.0,0.0,0.0,2.0,0.0
1499216,0.0,0.0,0.0,0.0,0.0,0.0,0.0
1499229,0.0,0.0,0.0,0.0,0.0,1.0,0.0
1499729,0.0,0.0,0.0,0.0,0.0,0.0,0.0
1500142,0.0,0.0,0.0,0.0,0.0,1.0,0.0
1500642,0.0,0.0,0.0,0.0,0.0,0.0,0.0
1500733,0.0,0.0,0.0,0.0,0.0,1.0,0.0
1501233,0.0,0.0,0.0,0.0,0.0,0.0,0.0
1501828,0.0,0.0,0.0,0.0,0.0,1.0,0.0
1502328,0.0,0.0,0.0,0.0,0.0,0.0,0.0
1502379,0.0,0.0,0.0,0.0,0.0,1.0,0.0
1502637,0.0,0.0,0.0,0.0,0.0,2.0,0.0
1503137,0.0,0.0,0.0,0.0,0.0,0.0,0.0
1503182,0.0,0.0,0.0,0.0,0.0,1.0,0.0
1503682,0.0,0.0,0.0,0.0,0.0,0.0,0.0
1504252,0.0,0.0,0.0,0.0,0.0,1.0,0.0
1504752,0.0,0.0,0.0,0.0,0.0,0.0,0.0
1504783,0.0,0.0,0.0,0.0,0.0,1.0,0.0
1505283,0.0,0.0,0.0,0.0,0.0,0.0,0.0
1505332,0.0,0.0,0.0,0.0,0.0,1.0,0.0
1505832,0.0,0.0,0.0,0.0,0.0,0.0,0.0
1505890,0.0,0.0,0.0,0.0,0.0,1.0,0.0
1505897,0.0,0.0,0.0,0.0,0.0,2.0,0.0
1506397,0.0,0.0,0.0,0.0,0.0,0.0,0.0
1506526,0.0,0.0,0.0,0.0,0.0,1.0,0.0
1506986,0.0,0.0,0.0,0.0,0.0,2.0,0.0
1507011,0.0,2.0,0.0,0.0,0.0,2.0,0.0
1507486,0.0,2.0,0.0,0.0,0.0,0.0,0.0
1507511,0.0,0.0,0.0,0.0,0.0,0.0,0.0
1507676,0.0,0.0,0.0,0.0,0.0,1.0,0.0
1507848,0.0,0.0,0.0,0.0,0.0,2.0,0.0
1508348,0.0,0.0,0.0,0.0,0.0,0.0,0.0
1508435,0.0,0.0,0.0,0.0,0.0,1.0,0.0
1508935,0.0,0.0,0.0,0.0,0.0,0.0,0.0
1508981,0.0,0.0,0.0,0.0,0.0,1.0,0.0
1508983,0.0,2.0,0.0,0.0,0.0,1.0,0.0
1509481,0.0,2.0,0.0,0.0,0.0,0.0,0.0
1509483,0.0,0.0,0.0,0.0,0.0,0.0,0.0
1510008,0.0,0.0,0.0,0.0,0.0,1.0,0.0
1510297,0.0,0.0,0.0,0.0,0.0,2.0,0.0
1510797,0.0,0.0,0.0,0.0,0.0,0.0,0.0
1513367,0.0,0.0,0.0,0.0,0.0,1.0,0.0
1513825,0.0,0.0,0.0,0.0,0.0,2.0,0.0
1514325,0.0,0.0,0.0,0.0,0.0,0.0,0.0
1615000,0.0,0.0,0.0,0.0,0.0,0.0,1.0
1615410,0.0,0.0,0.0,0.0,0.0,1.0,1.0
1615455,2.0,0.0,0.0,0.0,0.0,1.0,1.0
1615500,2.0,0.0,0.0,0.0,0.0,1.0,0.0
1615507,2.0,0.0,0.0,0.0,0.0,2.0,0.0
1615580,2.0,2.0,0.0,0.0,0.0,2.0,0.0
1615955,0.0,2.0,0.0,0.0,0.0,2.0,0.0
1616007,0.0,2.0,0.0,0.0,0.0,0.0,0.0
1616011,0.0,2.0,0.0,0.0,0.0,1.0,0.0
1616057,0.0,2.0,0.0,0.0,1.0,1.0,0.0
1616080,0.0,0.0,0.0,0.0,1.0,1.0,0.0
1616161,0.0,0.0,0.0,0.0,2.0,1.0,0.0
1616170,0.0,0.0,0.0,0.0,2.0,2.0,0.0
1616191,2.0,0.0,0.0,0.0,2.0,2.0,0.0
1616381,2.0,2.0,0.0,0.0,2.0,2.0,0.0
1616661,2.0,2.0,0.0,0.0,0.0,2.0,0.0
1616670,2.0,2.0,0.0,0.0,0.0,0.0,0.0
1616691,0.0,2.0,0.0,0.0,0.0,0.0,0.0
1616806,0.0,2.0,0.0,0.0,0.0,1.0,0.0
1616881,0.0,0.0,0.0,0.0,0.0,1.0,0.0
1616895,2.0,0.0,0.0,0.0,0.0,1.0,0.0
1617030,2.0,0.0,0.0,0.0,0.0,2.0,0.0
1617245,2.0,0.0,1.0,0.0,0.0,2.0,0.0
1617395,0.0,0.0,1.0,0.0,0.0,2.0,0.0
1617530,0.0,0.0,1.0,0.0,0.0,0.0,0.0
1617536,0.0,0.0,1.0,0.0,0.0,1.0,0.0
1618036,0.0,0.0,1.0,0.0,0.0,0.0,0.0
1618480,0.0,0.0,2.0,0.0,0.0,0.0,0.0
1618613,0.0,0.0,2.0,0.0,0.0,1.0,0.0
1618980,0.0,0.0,0.0,0.0,0.0,1.0,0.0
1618984,0.0,0.0,1.0,0.0,0.0,1.0,0.0
1619113,0.0,0.0,1.0,0.0,0.0,0.0,0.0
1619318,0.0,0.0,1.0,0.0,0.0,1.0,0.0
1619484,0.0,0.0,0.0,0.0,0.0,1.0,0.0
1619818,0.0,0.0,0.0,0.0,0.0,0.0,0.0
1619844,0.0,0.0,0.0,0.0,0.0,1.0,0.0
1620344,0.0,0.0,0.0,0.0,0.0,0.0,0.0
1620857,0.0,0.0,0.0,0.0,0.0,1.0,0.0
1621357,0.0,0.0,0.0,0.0,0.0,0.0,0.0
1622170,0.0,0.0,0.0,0.0,0.0,1.0,0.0
1622197,0.0,0.0,0.0,0.0,0.0,2.0,0.0
1622697,0.0,0.0,0.0,0.0,0.0,0.0,0.0
1623280,0.0,0.0,0.0,0.0,0.0,1.0,0.0
1623780,0.0,0.0,0.0,0.0,0.0,0.0,0.0
1623865,0.0,0.0,0.0,0.0,0.0,1.0,0.0
1624365,0.0,0.0,0.0,0.0,0.0,0.0,0.0
1624367,0.0,0.0,0.0,0.0,0.0,1.0,0.0
1624861,0.0,0.0,0.0,0.0,0.0,2.0,0.0
1625361,0.0,0.0,0.0,0.0,0.0,0.0,0.0
1625416,0.0,0.0,0.0,0.0,0.0,1.0,0.0
1625916,0.0,0.0,0.0,0.0,0.0,0.0,0.0
1625941,0.0,0.0,0.0,0.0,0.0,1.0,0.0
1626441,0.0,0.0,0.0,0.0,0.0,0.0,0.0
1626465,0.0,0.0,0.0,0.0,0.0,1.0,0.0
1626752,0.0,0.0,0.0,0.0,0.0,2.0,0.0
1627252,0.0,0.0,0.0,0.0,0.0,0.0,0.0
1627824,0.0,0.0,0.0,0.0,0.0,1.0,0.0
1627843,0.0,0.0,0.0,0.0,0.0,2.0,0.0
1628343,0.0,0.0,0.0,0.0,0.0,0.0,0.0
1629137,0.0,0.0,0.0,0.0,0.0,1.0,0.0
1629637,0.0,0.0,0.0,0.0,0.0,0.0,0.0
1629731,0.0,0.0,0.0,0.0,0.0,1.0,0.0
1630231,0.0,0.0,0.0,0.0,0.0,0.0,0.0
1630780,0.0,0.0,0.0,0.0,0.0,1.0,0.0
1631280,0.0,0.0,0.0,0.0,0.0,0.0,0.0
1632384,0.0,0.0,0.0,0.0,0.0,1.0,0.0
1632419,0.0,2.0,0.0,0.0,0.0,1.0,0.0
1632884,0.0,2.0,0.0,0.0,0.0,0.0,0.0
1632919,0.0,0.0,0.0,0.0,0.0,0.0,0.0
1632941,0.0,0.0,0.0,0.0,0.0,1.0,0.0
1632948,0.0,0.0,0.0,0.0,0.0,2.0,0.0
1633448,0.0,0.0,0.0,0.0,0.0,0.0,0.0
1633732,0.0,0.0,0.0,0.0,0.0,1.0,0.0
1634232,0.0,0.0,0.0,0.0,0.0,0.0,0.0
1634691,0.0,0.0,0.0,0.0,0.0,1.0,0.0
1635191,0.0,0.0,0.0,0.0,0.0,0.0,0.0
1635482,0.0,0.0,0.0,0.0,0.0,1.0,0.0
1635982,0.0,0.0,0.0,0.0,0.0,0.0,0.0
1636708,0.0,0.0,0.0,0.0,0.0,1.0,0.0
1636717,0.0,0.0,0.0,0.0,0.0,2.0,0.0
1637217,0.0,0.0,0.0,0.0,0.0,0.0,0.0
1637736,0.0,0.0,0.0,0.0,0.0,1.0,0.0
1638236,0.0,0.0,0.0,0.0,0.0,0.0,0.0
1638864,0.0,0.0,0.0,0.0,0.0,1.0,0.0
1639364,0.0,0.0,0.0,0.0,0.0,0.0,0.0
1639720,0.0,0.0,0.0,0.0,0.0,1.0,0.0
1639798,0.0,0.0,0.0,0.0,0.0,2.0,0.0
1640298,0.0,0.0,0.0,0.0,0.0,0.0,0.0
1640555,0.0,0.0,0.0,0.0,0.0,1.0,0.0
1641055,0.0,0.0,0.0,0.0,0.0,0.0,0.0
1641387,0.0,0.0,0.0,0.0,0.0,1.0,0.0
1641578,0.0,0.0,0.0,0.0,0.0,2.0,0.0
1642078,0.0,0.0,0.0,0.0,0.0,0.0,0.0
1642298,0.0,0.0,0.0,0.0,0.0,1.0,0.0
1642370,0.0,2.0,0.0,0.0,0.0,1.0,0.0
1642798,0.0,2.0,0.0,0.0,0.0,0.0,0.0
1642870,0.0,0.0,0.0,0.0,0.0,0.0,0.0
1642899,0.0,0.0,0.0,0.0,0.0,1.0,0.0
1643399,0.0,0.0,0.0,0.0,0.0,0.0,0.0
1643507,0.0,0.0,0.0,0.0,0.0,1.0,0.0
1643743,0.0,0.0,0.0,0.0,0.0,2.0,0.0
1644243,0.0,0.0,0.0,0.0,0.0,0.0,0.0
1644460,0.0,0.0,0.0,0.0,0.0,1.0,0.0
1644464,0.0,0.0,0.0,0.0,0.0,2.0,0.0
1644964,0.0,0.0,0.0,0.0,0.0,0.0,0.0
1645150,0.0,0.0,0.0,0.0,0.0,1.0,0.0
1645274,0.0,0.0,0.0,0.0,0.0,2.0,0.0
1645774,0.0,0.0,0.0,0.0,0.0,0.0,0.0
1645987,0.0,0.0,0.0,0.0,0.0,1.0,0.0
1646190,0.0,0.0,0.0,0.0,0.0,2.0,0.0
1646690,0.0,0.0,0.0,0.0,0.0,1.0,0.0
1647190,0.0,0.0,0.0,0.0,0.0,0.0,0.0
1648017,0.0,0.0,0.0,0.0,0.0,1.0,0.0
1648517,0.0,0.0,0.0,0.0,0.0,0.0,0.0
1648836,0.0,0.0,0.0,0.0,0.0,1.0,0.0
1649134,0.0,0.0,0.0,0.0,0.0,2.0,0.0
1649634,0.0,0.0,0.0,0.0,0.0,0.0,0.0
1650377,0.0,0.0,0.0,0.0,0.0,1.0,0.0
1650877,0.0,0.0,0.0,0.0,0.0,0.0,0.0
1651397,0.0,0.0,0.0,0.0,0.0,1.0,0.0
1651897,0.0,0.0,0.0,0.0,0.0,0.0,0.0
1652564,0.0,0.0,0.0,0.0,0.0,1.0,0.0
1653064,0.0,0.0,0.0,0.0,0.0,0.0,0.0
1653080,0.0,0.0,0.0,0.0,0.0,1.0,0.0
1653580,0.0,0.0,0.0,0.0,0.0,0.0,0.0
1653649,0.0,0.0,0.0,0.0,0.0,1.0,0.0
1654149,0.0,0.0,0.0,0.0,0.0,0.0,0.0
1654155,0.0,0.0,0.0,0.0,0.0,1.0,0.0
1654158,0.0,0.0,0.0,0.0,0.0,2.0,0.0
1654658,0.0,0.0,0.0,0.0,0.0,0.0,0.0
1655215,0.0,0.0,0.0,0.0,0.0,1.0,0.0
1655715,0.0,0.0,0.0,0.0,0.0,0.0,0.0
1656020,0.0,0.0,0.0,0.0,0.0,1.0,0.0
1656294,0.0,0.0,0.0,0.0,0.0,2.0,0.0
1656794,0.0,0.0,0.0,0.0,0.0,0.0,0.0
1657764,0.0,0.0,0.0,0.0,0.0,1.0,0.0
1658264,0.0,0.0,0.0,0.0,0.0,0.0,0.0
1658400,0.0,0.0,0.0,0.0,0.0,1.0,0.0
1658900,0.0,0.0,0.0,0.0,0.0,0.0,0.0
1659457,0.0,0.0,0.0,0.0,0.0,1.0,0.0
1659469,0.0,0.0,0.0,0.0,0.0,2.0,0.0
1659969,0.0,0.0,0.0,0.0,0.0,0.0,0.0
1660885,0.0,0.0,0.0,0.0,0.0,1.0,0.0
1661385,0.0,0.0,0.0,0.0,0.0,0.0,0.0
1661387,0.0,0.0,0.0,0.0,0.0,1.0,0.0
1661772,0.0,0.0,0.0,0.0,0.0,2.0,0.0
1662272,0.0,0.0,0.0,0.0,0.0,0.0,0.0
1663189,0.0,0.0,0.0,0.0,0.0,1.0,0.0
1663689,0.0,0.0,0.0,0.0,0.0,0.0,0.0
1663730,0.0,0.0,0.0,0.0,0.0,1.0,0.0
1664230,0.0,0.0,0.0,0.0,0.0,0.0,0.0
1664721,0.0,0.0,0.0,0.0,0.0,1.0,0.0
1664940,0.0,2.0,0.0,0.0,0.0,1.0,0.0
1665221,0.0,2.0,0.0,0.0,0.0,0.0,0.0
1665433,0.0,2.0,0.0,0.0,0.0,1.0,0.0
1665440,0.0,0.0,0.0,0.0,0.0,1.0,0.0
1665517,0.0,0.0,0.0,0.0,0.0,2.0,0.0
1666017,0.0,0.0,0.0,0.0,0.0,0.0,0.0
1666140,0.0,0.0,0.0,0.0,0.0,1.0,0.0
1666446,0.0,0.0,0.0,0.0,1.0,1.0,0.0
1666640,0.0,0.0,0.0,0.0,1.0,0.0,0.0
1666946,0.0,0.0,0.0,0.0,0.0,0.0,0.0
1667102,0.0,0.0,0.0,0.0,1.0,0.0,0.0
1667147,0.0,0.0,0.0,0.0,1.0,1.0,0.0
1667602,0.0,0.0,0.0,0.0,0.0,1.0,0.0
1667604,0.0,0.0,0.0,0.0,1.0,1.0,0.0
1667647,0.0,0.0,0.0,0.0,1.0,0.0,0.0
1668104,0.0,0.0,0.0,0.0,0.0,0.0,0.0
1669183,0.0,0.0,0.0,0.0,0.0,1.0,0.0
1669683,0.0,0.0,0.0,0.0,0.0,0.0,0.0
1669729,0.0,0.0,0.0,0.0,0.0,1.0,0.0
1670114,0.0,0.0,0.0,0.0,0.0,2.0,0.0
1670614,0.0,0.0,0.0,0.0,0.0,0.0,0.0
1670711,0.0,0.0,0.0,0.0,0.0,1.0,0.0
1671211,0.0,0.0,0.0,0.0,0.0,0.0,0.0
1671361,0.0,0.0,0.0,0.0,0.0,1.0,0.0
1671861,0.0,0.0,0.0,0.0,0.0,0.0,0.0
1671935,0.0,0.0,0.0,0.0,0.0,1.0,0.0
1672435,0.0,0.0,0.0,0.0,0.0,0.0,0.0
1673197,0.0,0.0,0.0,0.0,0.0,1.0,0.0
1673200,0.0,0.0,0.0,0.0,0.0,2.0,0.0
1673700,0.0,0.0,0.0,0.0,0.0,0.0,0.0
1673834,0.0,0.0,0.0,0.0,0.0,1.0,0.0
1674334,0.0,0.0,0.0,0.0,0.0,0.0,0.0
1674435,0.0,0.0,0.0,0.0,0.0,1.0,0.0
1674935,0.0,0.0,0.0,0.0,0.0,0.0,0.0
1675083,0.0,0.0,0.0,0.0,0.0,1.0,0.0
1675092,0.0,0.0,0.0,0.0,0.0,2.0,0.0
1675592,0.0,0.0,0.0,0.0,0.0,0.0,0.0
1676426,0.0,0.0,0.0,0.0,0.0,1.0,0.0
1676434,0.0,0.0,0.0,0.0,0.0,2.0,0.0
1676934,0.0,0.0,0.0,0.0,0.0,0.0,0.0
1677119,0.0,0.0,0.0,0.0,0.0,1.0,0.0
1677619,0.0,0.0,0.0,0.0,0.0,0.0,0.0
1677814,0.0,0.0,0.0,0.0,0.0,1.0,0.0
1677821,0.0,0.0,0.0,0.0,0.0,2.0,0.0
1678321,0.0,0.0,0.0,0.0,0.0,0.0,0.0
1678811,0.0,0.0,0.0,0.0,0.0,1.0,0.0
1679311,0.0,0.0,0.0,0.0,0.0,0.0,0.0
1680414,0.0,0.0,0.0,0.0,0.0,1.0,0.0
1680914,0.0,0.0,0.0,0.0,0.0,0.0,0.0
1682237,0.0,0.0,0.0,0.0,0.0,1.0,0.0
1682249,0.0,0.0,0.0,0.0,0.0,2.0,0.0
1682749,0.0,0.0,0.0,0.0,0.0,0.0,0.0
1683580,0.0,0.0,0.0,0.0,0.0,1.0,0.0
1684052,0.0,0.0,0.0,0.0,0.0,2.0,0.0
1684552,0.0,0.0,0.0,0.0,0.0,0.0,0.0
1685107,0.0,0.0,0.0,0.0,0.0,1.0,0.0
1685607,0.0,0.0,0.0,0.0,0.0,0.0,0.0
1686046,0.0,0.0,0.0,0.0,0.0,1.0,0.0
1686298,0.0,0.0,0.0,0.0,0.0,2.0,0.0
1686798,0.0,0.0,0.0,0.0,0.0,0.0,0.0
1686801,0.0,0.0,0.0,0.0,0.0,1.0,0.0
1687301,0.0,0.0,0.0,0.0,0.0,0.0,0.0
1687490,0.0,0.0,0.0,0.0,0.0,1.0,0.0
1687990,0.0,0.0,0.0,0.0,0.0,0.0,0.0
1689080,0.0,0.0,0.0,0.0,0.0,1.0,0.0
1689580,0.0,0.0,0.0,0.0,0.0,0.0,0.0
1690112,0.0,0.0,0.0,0.0,0.0,1.0,0.0
1690426,0.0,0.0,0.0,0.0,0.0,2.0,0.0
1690926,0.0,0.0,0.0,0.0,0.0,0.0,0.0
1691780,0.0,0.0,0.0,0.0,0.0,1.0,0.0
1692146,0.0,0.0,0.0,0.0,0.0,2.0,0.0
1692646,0.0,0.0,0.0,0.0,0.0,0.0,0.0
1693024,0.0,0.0,0.0,0.0,0.0,1.0,0.0
1693524,0.0,0.0,0.0,0.0,0.0,0.0,0.0
1693630,0.0,0.0,0.0,0.0,0.0,1.0,0.0
1693641,0.0,0.0,0.0,0.0,0.0,2.0,0.0
1694141,0.0,0.0,0.0,0.0,0.0,0.0,0.0
1694199,0.0,0.0,0.0,0.0,0.0,1.0,0.0
1694699,0.0,0.0,0.0,0.0,0.0,0.0,0.0
1695018,0.0,0.0,0.0,0.0,0.0,1.0,0.0
1695044,0.0,0.0,0.0,0.0,0.0,2.0,0.0
1695544,0.0,0.0,0.0,0.0,0.0,0.0,0.0
1695715,0.0,0.0,0.0,0.0,0.0,1.0,0.0
1696215,0.0,0.0,0.0,0.0,0.0,0.0,0.0
1696679,0.0,0.0,0.0,0.0,0.0,1.0,0.0
1697179,0.0,0.0,0.0,0.0,0.0,0.0,0.0
1697317,0.0,0.0,0.0,0.0,0.0,1.0,0.0
1697817,0.0,0.0,0.0,0.0,0.0,0.0,0.0
1698192,0.0,0.0,0.0,0.0,0.0,1.0,0.0
1698692,0.0,0.0,0.0,0.0,0.0,0.0,0.0
1699139,0.0,0.0,0.0,0.0,0.0,1.0,0.0
1699639,0.0,0.0,0.0,0.0,0.0,0.0,0.0
1699861,0.0,0.0,0.0,0.0,0.0,1.0,0.0
1700361,0.0,0.0,0.0,0.0,0.0,0.0,0.0
1700581,0.0,0.0,0.0,0.0,0.0,1.0,0.0
1701081,0.0,0.0,0.0,0.0,0.0,0.0,0.0
1701216,0.0,0.0,0.0,0.0,0.0,1.0,0.0
1701221,0.0,0.0,0.0,0.0,0.0,2.0,0.0
1701721,0.0,0.0,0.0,0.0,0.0,0.0,0.0
1702189,0.0,0.0,0.0,0.0,0.0,1.0,0.0
1702689,0.0,0.0,0.0,0.0,0.0,0.0,0.0
1702974,0.0,0.0,0.0,0.0,0.0,1.0,0.0
1703474,0.0,0.0,0.0,0.0,0.0,0.0,0.0
1703999,0.0,0.0,0.0,0.0,0.0,1.0,0.0
1704499,0.0,0.0,0.0,0.0,0.0,0.0,0.0
1704521,0.0,0.0,0.0,0.0,0.0,1.0,0.0
1704608,0.0,0.0,0.0,0.0,1.0,1.0,0.0
1704669,0.0,0.0,0.0,0.0,1.0,2.0,0.0
1705108,0.0,0.0,0.0,0.0,0.0,2.0,0.0
1705169,0.0,0.0,0.0,0.0,0.0,0.0,0.0
1706678,0.0,0.0,0.0,0.0,0.0,1.0,0.0
1707178,0.0,0.0,0.0,0.0,0.0,0.0,0.0
1707559,0.0,0.0,0.0,0.0,0.0,1.0,0.0
1707561,0.0,0.0,0.0,0.0,0.0,2.0,0.0
1708061,0.0,0.0,0.0,0.0,0.0,0.0,0.0
1709132,0.0,0.0,0.0,0.0,0.0,1.0,0.0
1709632,0.0,0.0,0.0,0.0,0.0,0.0,0.0
1709706,0.0,0.0,0.0,0.0,0.0,1.0,0.0
1709708,0.0,0.0,0.0,0.0,0.0,2.0,0.0
1710208,0.0,0.0,0.0,0.0,0.0,0.0,0.0
1710580,0.0,0.0,0.0,0.0,0.0,1.0,0.0
1711080,0.0,0.0,0.0,0.0,0.0,0.0,0.0
1711574,0.0,0.0,0.0,0.0,0.0,1.0,0.0
1711892,0.0,0.0,0.0,0.0,0.0,2.0,0.0
1711894,0.0,0.0,0.0,0.0,1.0,2.0,0.0
1712078,0.0,0.0,0.0,0.0,2.0,2.0,0.0
1712392,0.0,0.0,0.0,0.0,2.0,0.0,0.0
1712431,0.0,0.0,0.0,0.0,2.0,1.0,0.0
1712578,0.0,0.0,0.0,0.0,0.0,1.0,0.0
1712931,0.0,0.0,0.0,0.0,0.0,0.0,0.0
1713166,0.0,0.0,0.0,0.0,0.0,1.0,0.0
1713176,0.0,0.0,0.0,0.0,0.0,2.0,0.0
1713187,0.0,0.0,0.0,0.0,1.0,2.0,0.0
1713676,0.0,0.0,0.0,0.0,1.0,0.0,0.0
1713687,0.0,0.0,0.0,0.0,0.0,0.0,0.0
1713703,0.0,0.0,0.0,0.0,0.0,1.0,0.0
1713705,0.0,0.0,0.0,0.0,1.0,1.0,0.0
1713706,0.0,0.0,0.0,0.0,1.0,2.0,0.0
1713707,0.0,0.0,0.0,0.0,2.0,2.0,0.0
1714206,0.0,0.0,0.0,0.0,2.0,0.0,0.0
1714207,0.0,0.0,0.0,0.0,0.0,0.0,0.0
1714743,0.0,0.0,0.0,0.0,0.0,1.0,0.0
1715243,0.0,0.0,0.0,0.0,0.0,0.0,0.0
1715918,0.0,0.0,0.0,0.0,0.0,1.0,0.0
1715920,0.0,0.0,0.0,0.0,0.0,2.0,0.0
1716420,0.0,0.0,0.0,0.0,0.0,0.0,0.0
1730265,0.0,0.0,0.0,0.0,1.0,0.0,0.0
1730765,0.0,0.0,0.0,0.0,0.0,0.0,0.0
1747633,0.0,0.0,0.0,0.0,1.0,0.0,0.0
1748133,0.0,0.0,0.0,0.0,0.0,0.0,0.0
1782994,0.0,0.0,0.0,0.0,1.0,0.0,0.0
1783494,0.0,0.0,0.0,0.0,0.0,0.0,0.0
1817000,0.0,0.0,0.0,0.0,0.0,0.0,1.0
1817397,0.0,0.0,0.0,0.0,1.0,1.0,1.0
1817407,2.0,0.0,0.0,0.0,1.0,1.0,1.0
1817408,2.0,0.0,0.0,0.0,1.0,2.0,1.0
1817409,2.0,0.0,0.0,0.0,2.0,2.0,1.0
1817500,2.0,0.0,0.0,0.0,2.0,2.0,0.0
1817907,0.0,0.0,0.0,0.0,2.0,2.0,0.0
1817908,0.0,0.0,0.0,0.0,2.0,0.0,0.0
1817909,0.0,0.0,0.0,0.0,0.0,0.0,0.0
1817961,0.0,2.0,0.0,0.0,0.0,0.0,0.0
1818088,0.0,2.0,0.0,0.0,1.0,0.0,0.0
1818094,0.0,2.0,0.0,0.0,1.0,1.0,0.0
1818097,0.0,2.0,0.0,0.0,1.0,2.0,0.0
1818111,2.0,2.0,0.0,0.0,1.0,2.0,0.0
1818140,2.0,2.0,0.0,0.0,2.0,2.0,0.0
1818461,2.0,0.0,0.0,0.0,2.0,2.0,0.0
1818597,2.0,0.0,0.0,0.0,2.0,0.0,0.0
1818611,0.0,0.0,0.0,0.0,2.0,0.0,0.0
1818640,0.0,0.0,0.0,0.0,0.0,0.0,0.0
1818644,0.0,0.0,0.0,0.0,0.0,1.0,0.0
1818646,0.0,0.0,0.0,0.0,0.0,2.0,0.0
1818655,2.0,0.0,0.0,0.0,0.0,2.0,0.0
1818984,2.0,0.0,1.0,0.0,0.0,2.0,0.0
1819146,2.0,0.0,1.0,0.0,0.0,0.0,0.0
1819155,0.0,0.0,1.0,0.0,0.0,0.0,0.0
1819307,0.0,0.0,1.0,0.0,0.0,1.0,0.0
1819807,0.0,0.0,1.0,0.0,0.0,0.0,0.0
1820031,0.0,0.0,1.0,0.0,0.0,1.0,0.0
1820315,0.0,0.0,2.0,0.0,0.0,1.0,0.0
1820531,0.0,0.0,2.0,0.0,0.0,0.0,0.0
1820625,0.0,0.0,2.0,0.0,0.0,1.0,0.0
1820815,0.0,0.0,0.0,0.0,0.0,1.0,0.0
1821125,0.0,0.0,0.0,0.0,0.0,0.0,0.0
1821178,0.0,0.0,0.0,0.0,0.0,1.0,0.0
1821430,0.0,0.0,0.0,0.0,0.0,2.0,0.0
1821930,0.0,0.0,0.0,0.0,0.0,0.0,0.0
1822049,0.0,0.0,0.0,0.0,0.0,1.0,0.0
1822549,0.0,0.0,0.0,0.0,0.0,0.0,0.0
1822780,0.0,0.0,0.0,0.0,0.0,1.0,0.0
1822792,0.0,0.0,0.0,0.0,0.0,2.0,0.0
1823292,0.0,0.0,0.0,0.0,0.0,0.0,0.0
1823547,0.0,0.0,0.0,0.0,0.0,1.0,0.0
1824047,0.0,0.0,0.0,0.0,0.0,0.0,0.0
1824110,0.0,0.0,0.0,0.0,0.0,1.0,0.0
1824610,0.0,0.0,0.0,0.0,0.0,0.0,0.0
1824612,0.0,0.0,0.0,0.0,0.0,1.0,0.0
1824644,0.0,0.0,0.0,0.0,0.0,2.0,0.0
1825144,0.0,0.0,0.0,0.0,0.0,1.0,0.0
1825622,0.0,0.0,0.0,0.0,0.0,2.0,0.0
1826122,0.0,0.0,0.0,0.0,0.0,0.0,0.0
1826144,0.0,0.0,0.0,0.0,0.0,1.0,0.0
1826644,0.0,0.0,0.0,0.0,0.0,0.0,0.0
1826742,0.0,0.0,0.0,0.0,0.0,1.0,0.0
1827090,0.0,0.0,0.0,0.0,0.0,2.0,0.0
1827590,0.0,0.0,0.0,0.0,0.0,0.0,0.0
1827634,0.0,0.0,0.0,0.0,0.0,1.0,0.0
1828134,0.0,0.0,0.0,0.0,0.0,0.0,0.0
1828707,0.0,0.0,0.0,0.0,0.0,1.0,0.0
1829064,0.0,0.0,0.0,0.0,0.0,2.0,0.0
1829564,0.0,0.0,0.0,0.0,0.0,0.0,0.0
1829744,0.0,0.0,0.0,0.0,0.0,1.0,0.0
1830244,0.0,0.0,0.0,0.0,0.0,0.0,0.0
1830284,0.0,0.0,0.0,0.0,0.0,1.0,0.0
1830286,0.0,0.0,0.0,0.0,0.0,2.0,0.0
1830786,0.0,0.0,0.0,0.0,0.0,0.0,0.0
1831222,0.0,0.0,0.0,0.0,0.0,1.0,0.0
1831722,0.0,0.0,0.0,0.0,0.0,0.0,0.0
1831749,0.0,0.0,0.0,0.0,0.0,1.0,0.0
1831754,0.0,0.0,0.0,0.0,0.0,2.0,0.0
1832254,0.0,0.0,0.0,0.0,0.0,0.0,0.0
1833880,0.0,0.0,0.0,0.0,0.0,1.0,0.0
1834380,0.0,0.0,0.0,0.0,0.0,0.0,0.0
1834472,0.0,0.0,0.0,0.0,0.0,1.0,0.0
1834856,0.0,0.0,0.0,0.0,0.0,2.0,0.0
1835356,0.0,0.0,0.0,0.0,0.0,0.0,0.0
1835726,0.0,0.0,0.0,0.0,0.0,1.0,0.0
1836226,0.0,0.0,0.0,0.0,0.0,0.0,0.0
1836304,0.0,0.0,0.0,0.0,0.0,1.0,0.0
1836804,0.0,0.0,0.0,0.0,0.0,0.0,0.0
1837263,0.0,0.0,0.0,0.0,0.0,1.0,0.0
1837268,0.0,0.0,0.0,0.0,0.0,2.0,0.0
1837768,0.0,0.0,0.0,0.0,0.0,0.0,0.0
1837797,0.0,0.0,0.0,0.0,0.0,1.0,0.0
1837801,0.0,0.0,0.0,0.0,0.0,2.0,0.0
1838301,0.0,0.0,0.0,0.0,0.0,0.0,0.0
1838382,0.0,0.0,0.0,0.0,0.0,1.0,0.0
1838519,0.0,0.0,0.0,0.0,0.0,2.0,0.0
1838946,0.0,0.0,0.0,0.0,1.0,2.0,0.0
1839019,0.0,0.0,0.0,0.0,1.0,0.0,0.0
1839446,0.0,0.0,0.0,0.0,0.0,0.0,0.0
1840398,0.0,0.0,0.0,0.0,0.0,1.0,0.0
1840729,0.0,0.0,0.0,0.0,0.0,2.0,0.0
1840846,0.0,0.0,0.0,0.0,1.0,2.0,0.0
1841229,0.0,0.0,0.0,0.0,1.0,0.0,0.0
1841346,0.0,0.0,0.0,0.0,0.0,0.0,0.0
1841451,0.0,0.0,0.0,0.0,0.0,1.0,0.0
1841461,0.0,0.0,0.0,0.0,0.0,2.0,0.0
1841961,0.0,0.0,0.0,0.0,0.0,0.0,0.0
1842037,0.0,0.0,0.0,0.0,0.0,1.0,0.0
1842146,0.0,0.0,0.0,0.0,0.0,2.0,0.0
1842646,0.0,0.0,0.0,0.0,0.0,0.0,0.0
1843640,0.0,0.0,0.0,0.0,0.0,1.0,0.0
1844140,0.0,0.0,0.0,0.0,0.0,0.0,0.0
1844665,0.0,0.0,0.0,0.0,0.0,1.0,0.0
1845165,0.0,0.0,0.0,0.0,0.0,0.0,0.0
1845175,0.0,0.0,0.0,0.0,0.0,1.0,0.0
1845652,0.0,0.0,0.0,0.0,0.0,2.0,0.0
1846152,0.0,0.0,0.0,0.0,0.0,0.0,0.0
1847364,0.0,0.0,0.0,0.0,0.0,1.0,0.0
1847864,0.0,0.0,0.0,0.0,0.0,0.0,0.0
1847964,0.0,0.0,0.0,0.0,0.0,1.0,0.0
1848350,0.0,0.0,0.0,0.0,0.0,2.0,0.0
1848850,0.0,0.0,0.0,0.0,0.0,0.0,0.0
1849223,0.0,0.0,0.0,0.0,0.0,1.0,0.0
1849723,0.0,0.0,0.0,0.0,0.0,0.0,0.0
1851084,0.0,0.0,0.0,0.0,0.0,1.0,0.0
1851584,0.0,0.0,0.0,0.0,0.0,0.0,0.0
1851874,0.0,0.0,0.0,0.0,0.0,1.0,0.0
1852374,0.0,0.0,0.0,0.0,0.0,0.0,0.0
1852380,0.0,0.0,0.0,0.0,0.0,1.0,0.0
1852880,0.0,0.0,0.0,0.0,0.0,0.0,0.0
1852925,0.0,0.0,0.0,0.0,0.0,1.0,0.0
1853425,0.0,0.0,0.0,0.0,0.0,0.0,0.0
1853581,0.0,0.0,0.0,0.0,0.0,1.0,0.0
1853886,0.0,0.0,0.0,0.0,0.0,2.0,0.0
1854386,0.0,0.0,0.0,0.0,0.0,0.0,0.0
1854662,0.0,0.0,0.0,0.0,0.0,1.0,0.0
1854974,0.0,0.0,0.0,0.0,0.0,2.0,0.0
1855474,0.0,0.0,0.0,0.0,0.0,0.0,0.0
1855989,0.0,0.0,0.0,0.0,0.0,1.0,0.0
1855992,0.0,2.0,0.0,0.0,0.0,2.0,0.0
1856492,0.0,0.0,0.0,0.0,0.0,0.0,0.0
1856860,0.0,0.0,0.0,0.0,0.0,1.0,0.0
1857360,0.0,0.0,0.0,0.0,0.0,0.0,0.0
1857411,0.0,0.0,0.0,0.0,0.0,1.0,0.0
1857507,0.0,0.0,1.0,0.0,0.0,1.0,0.0
1857911,0.0,0.0,1.0,0.0,0.0,0.0,0.0
1858507,0.0,0.0,0.0,0.0,0.0,0.0,0.0
1858509,0.0,0.0,1.0,0.0,0.0,0.0,0.0
1858593,0.0,0.0,1.0,0.0,0.0,1.0,0.0
1859009,0.0,0.0,0.0,0.0,0.0,1.0,0.0
1859093,0.0,0.0,0.0,0.0,0.0,0.0,0.0
1859231,0.0,0.0,0.0,0.0,0.0,1.0,0.0
1859370,0.0,0.0,1.0,0.0,0.0,1.0,0.0
1859731,0.0,0.0,1.0,0.0,0.0,0.0,0.0
1860246,0.0,0.0,1.0,0.0,0.0,1.0,0.0
1860370,0.0,0.0,0.0,0.0,0.0,1.0,0.0
1860746,0.0,0.0,0.0,0.0,0.0,0.0,0.0
1861711,0.0,0.0,0.0,0.0,0.0,1.0,0.0
1861713,0.0,0.0,0.0,0.0,0.0,2.0,0.0
1862213,0.0,0.0,0.0,0.0,0.0,0.0,0.0
1862411,0.0,0.0,0.0,0.0,0.0,1.0,0.0
1862911,0.0,0.0,0.0,0.0,0.0,0.0,0.0
1862965,0.0,0.0,0.0,0.0,0.0,1.0,0.0
1863465,0.0,0.0,0.0,0.0,0.0,0.0,0.0
1864698,0.0,0.0,0.0,0.0,0.0,1.0,0.0
1865198,0.0,0.0,0.0,0.0,0.0,0.0,0.0
1865439,0.0,0.0,0.0,0.0,0.0,1.0,0.0
1865537,0.0,0.0,0.0,0.0,0.0,2.0,0.0
1866037,0.0,0.0,0.0,0.0,0.0,0.0,0.0
1866320,0.0,0.0,0.0,0.0,0.0,1.0,0.0
1866820,0.0,0.0,0.0,0.0,0.0,0.0,0.0
1867593,0.0,0.0,0.0,0.0,0.0,1.0,0.0
1867633,0.0,0.0,0.0,0.0,0.0,2.0,0.0
1868133,0.0,0.0,0.0,0.0,0.0,0.0,0.0
1869232,0.0,0.0,0.0,0.0,0.0,1.0,0.0
1869267,0.0,0.0,0.0,0.0,0.0,2.0,0.0
1869767,0.0,0.0,0.0,0.0,0.0,0.0,0.0
1869789,0.0,0.0,0.0,0.0,0.0,1.0,0.0
1870104,0.0,0.0,0.0,0.0,0.0,2.0,0.0
1870604,0.0,0.0,0.0,0.0,0.0,0.0,0.0
1870994,0.0,0.0,0.0,0.0,0.0,1.0,0.0
1871494,0.0,0.0,0.0,0.0,0.0,0.0,0.0
1871515,0.0,0.0,0.0,0.0,0.0,1.0,0.0
1872015,0.0,0.0,0.0,0.0,0.0,0.0,0.0
1872384,0.0,0.0,0.0,0.0,0.0,1.0,0.0
1872884,0.0,0.0,0.0,0.0,0.0,0.0,0.0
1873033,0.0,0.0,0.0,0.0,0.0,1.0,0.0
1873315,0.0,0.0,0.0,0.0,0.0,2.0,0.0
1873815,0.0,0.0,0.0,0.0,0.0,0.0,0.0
1874459,0.0,0.0,0.0,0.0,0.0,1.0,0.0
1874934,0.0,0.0,0.0,0.0,0.0,2.0,0.0
1875434,0.0,0.0,0.0,0.0,0.0,0.0,0.0
1875653,0.0,0.0,0.0,0.0,0.0,1.0,0.0
1876153,0.0,0.0,0.0,0.0,0.0,0.0,0.0
1876160,0.0,0.0,0.0,0.0,0.0,1.0,0.0
1876162,0.0,0.0,0.0,0.0,0.0,2.0,0.0
1876196,0.0,2.0,0.0,0.0,0.0,2.0,0.0
1876662,0.0,2.0,0.0,0.0,0.0,0.0,0.0
1876696,0.0,0.0,0.0,0.0,0.0,0.0,0.0
1877006,0.0,0.0,0.0,0.0,0.0,1.0,0.0
1877028,0.0,0.0,0.0,0.0,0.0,2.0,0.0
1877528,0.0,0.0,0.0,0.0,0.0,0.0,0.0
1877873,0.0,0.0,0.0,0.0,0.0,1.0,0.0
1877875,0.0,0.0,0.0,0.0,0.0,2.0,0.0
1878375,0.0,0.0,0.0,0.0,0.0,0.0,0.0
1878577,0.0,0.0,0.0,0.0,0.0,1.0,0.0
1879077,0.0,0.0,0.0,0.0,0.0,0.0,0.0
1879095,0.0,0.0,0.0,0.0,0.0,1.0,0.0
1879100,0.0,0.0,0.0,0.0,0.0,2.0,0.0
1879600,0.0,0.0,0.0,0.0,0.0,0.0,0.0
1879685,0.0,0.0,0.0,0.0,0.0,1.0,0.0
1879699,0.0,0.0,0.0,0.0,0.0,2.0,0.0
1880199,0.0,0.0,0.0,0.0,0.0,0.0,0.0
1880407,0.0,0.0,0.0,0.0,0.0,1.0,0.0
1880735,0.0,0.0,0.0,0.0,0.0,2.0,0.0
1881235,0.0,0.0,0.0,0.0,0.0,0.0,0.0
1881522,0.0,2.0,0.0,0.0,0.0,0.0,0.0
1882022,0.0,0.0,0.0,0.0,0.0,0.0,0.0
1882659,0.0,0.0,0.0,0.0,0.0,1.0,0.0
1883154,0.0,0.0,0.0,0.0,0.0,2.0,0.0
1883654,0.0,0.0,0.0,0.0,0.0,0.0,0.0
1883867,0.0,2.0,0.0,0.0,0.0,0.0,0.0
1884367,0.0,0.0,0.0,0.0,0.0,0.0,0.0
1884528,0.0,0.0,0.0,0.0,0.0,1.0,0.0
1885028,0.0,0.0,0.0,0.0,0.0,0.0,0.0
1885691,0.0,0.0,0.0,0.0,0.0,1.0,0.0
1886191,0.0,0.0,0.0,0.0,0.0,0.0,0.0
1886751,0.0,0.0,0.0,0.0,0.0,1.0,0.0
1887144,0.0,0.0,0.0,0.0,0.0,2.0,0.0
1887644,0.0,0.0,0.0,0.0,0.0,0.0,0.0
1887811,0.0,0.0,0.0,0.0,0.0,1.0,0.0
1887977,0.0,0.0,0.0,0.0,0.0,2.0,0.0
1888477,0.0,0.0,0.0,0.0,0.0,0.0,0.0
1888535,0.0,0.0,0.0,0.0,0.0,1.0,0.0
1888540,0.0,0.0,0.0,0.0,0.0,2.0,0.0
1889040,0.0,0.0,0.0,0.0,0.0,0.0,0.0
1890489,0.0,0.0,0.0,0.0,0.0,1.0,0.0
1890718,0.0,0.0,0.0,0.0,0.0,2.0,0.0
1891218,0.0,0.0,0.0,0.0,0.0,0.0,0.0
1892184,0.0,0.0,0.0,0.0,0.0,1.0,0.0
1892684,0.0,0.0,0.0,0.0,0.0,0.0,0.0
1892806,0.0,0.0,0.0,0.0,0.0,1.0,0.0
1893306,0.0,0.0,0.0,0.0,0.0,0.0,0.0
1893331,0.0,0.0,0.0,0.0,0.0,1.0,0.0
1893334,0.0,0.0,0.0,0.0,0.0,2.0,0.0
1893834,0.0,0.0,0.0,0.0,0.0,0.0,0.0
1894225,0.0,0.0,0.0,0.0,0.0,1.0,0.0
1894725,0.0,0.0,0.0,0.0,0.0,0.0,0.0
1895434,0.0,0.0,0.0,0.0,0.0,1.0,0.0
1895934,0.0,0.0,0.0,0.0,0.0,0.0,0.0
1896273,0.0,0.0,0.0,0.0,0.0,1.0,0.0
1896288,0.0,0.0,0.0,0.0,0.0,2.0,0.0
1896788,0.0,0.0,0.0,0.0,0.0,0.0,0.0
1897175,0.0,0.0,0.0,0.0,0.0,1.0,0.0
1897675,0.0,0.0,0.0,0.0,0.0,0.0,0.0
1897848,0.0,0.0,0.0,0.0,0.0,1.0,0.0
1898348,0.0,0.0,0.0,0.0,0.0,0.0,0.0
1898465,0.0,0.0,0.0,0.0,0.0,1.0,0.0
1898614,0.0,0.0,0.0,0.0,0.0,2.0,0.0
1899114,0.0,0.0,0.0,0.0,0.0,0.0,0.0
1899761,0.0,0.0,0.0,0.0,0.0,1.0,0.0
1900261,0.0,0.0,0.0,0.0,0.0,0.0,0.0
1900507,0.0,0.0,0.0,0.0,0.0,1.0,0.0
1900515,0.0,0.0,0.0,0.0,0.0,2.0,0.0
1901015,0.0,0.0,0.0,0.0,0.0,0.0,0.0
1901028,0.0,0.0,0.0,0.0,0.0,1.0,0.0
1901031,0.0,0.0,0.0,0.0,0.0,2.0,0.0
1901531,0.0,0.0,0.0,0.0,0.0,0.0,0.0
1901752,0.0,0.0,0.0,0.0,0.0,1.0,0.0
1902119,0.0,0.0,0.0,0.0,0.0,2.0,0.0
1902619,0.0,0.0,0.0,0.0,0.0,0.0,0.0
1902634,0.0,0.0,0.0,0.0,0.0,1.0,0.0
1903134,0.0,0.0,0.0,0.0,0.0,0.0,0.0
1904033,0.0,0.0,0.0,0.0,0.0,1.0,0.0
1904041,0.0,0.0,0.0,0.0,0.0,2.0,0.0
1904058,0.0,0.0,0.0,0.0,1.0,2.0,0.0
1904541,0.0,0.0,0.0,0.0,1.0,0.0,0.0
1904558,0.0,0.0,0.0,0.0,0.0,0.0,0.0
1904842,0.0,0.0,0.0,0.0,0.0,1.0,0.0
1905842,0.0,0.0,0.0,0.0,0.0,0.0,0.0
1905898,0.0,0.0,0.0,0.0,0.0,1.0,0.0
1906398,0.0,0.0,0.0,0.0,0.0,0.0,0.0
1906534,0.0,0.0,0.0,0.0,0.0,1.0,0.0
1907034,0.0,0.0,0.0,0.0,0.0,0.0,0.0
1907179,0.0,0.0,0.0,0.0,0.0,1.0,0.0
1907679,0.0,0.0,0.0,0.0,0.0,0.0,0.0
1907974,0.0,0.0,0.0,0.0,0.0,1.0,0.0
1907979,0.0,0.0,0.0,0.0,0.0,2.0,0.0
1908479,0.0,0.0,0.0,0.0,0.0,0.0,0.0
1908920,0.0,0.0,0.0,0.0,0.0,1.0,0.0
1909182,0.0,0.0,0.0,0.0,0.0,2.0,0.0
1909682,0.0,0.0,0.0,0.0,0.0,0.0,0.0
1910121,0.0,0.0,0.0,0.0,0.0,1.0,0.0
1910144,0.0,0.0,0.0,0.0,0.0,2.0,0.0
1910644,0.0,0.0,0.0,0.0,0.0,0.0,0.0
1911736,0.0,0.0,0.0,0.0,0.0,1.0,0.0
1912236,0.0,0.0,0.0,0.0,0.0,0.0,0.0
1912268,0.0,0.0,0.0,0.0,0.0,1.0,0.0
1912276,0.0,0.0,0.0,0.0,0.0,2.0,0.0
1912776,0.0,0.0,0.0,0.0,0.0,0.0,0.0
1912968,0.0,0.0,0.0,0.0,0.0,1.0,0.0
1913468,0.0,0.0,0.0,0.0,0.0,0.0,0.0
1913855,0.0,0.0,0.0,0.0,0.0,1.0,0.0
1914355,0.0,0.0,0.0,0.0,0.0,0.0,0.0
1914583,0.0,0.0,0.0,0.0,0.0,1.0,0.0
1915083,0.0,0.0,0.0,0.0,0.0,0.0,0.0
1915210,0.0,0.0,0.0,0.0,0.0,1.0,0.0
1915539,0.0,0.0,0.0,0.0,0.0,2.0,0.0
1915604,0.0,0.0,0.0,0.0,1.0,2.0,0.0
1916039,0.0,0.0,0.0,0.0,1.0,0.0,0.0
1916104,0.0,0.0,0.0,0.0,0.0,0.0,0.0
1916249,0.0,0.0,0.0,0.0,0.0,1.0,0.0
1916749,0.0,0.0,0.0,0.0,0.0,0.0,0.0
1917266,0.0,0.0,0.0,0.0,0.0,1.0,0.0
1917766,0.0,0.0,0.0,0.0,0.0,0.0,0.0
1917900,0.0,0.0,0.0,0.0,0.0,1.0,0.0
1917908,0.0,0.0,0.0,0.0,0.0,2.0,0.0
1917930,0.0,2.0,0.0,0.0,0.0,2.0,0.0
1918408,0.0,2.0,0.0,0.0,0.0,0.0,0.0
1918430,0.0,0.0,0.0,0.0,0.0,0.0,0.0
2005343,0.0,2.0,0.0,0.0,0.0,0.0,0.0
2005843,0.0,0.0,0.0,0.0,0.0,0.0,0.0
2019000,0.0,0.0,0.0,0.0,0.0,0.0,1.0
2019472,0.0,0.0,0.0,0.0,0.0,1.0,1.0
2019480,0.0,0.0,0.0,0.0,0.0,2.0,1.0
2019487,2.0,0.0,0.0,0.0,0.0,2.0,1.0
2019500,2.0,0.0,0.0,0.0,0.0,2.0,0.0
2019549,2.0,2.0,0.0,0.0,0.0,2.0,0.0
2019945,2.0,2.0,0.0,0.0,1.0,2.0,0.0
2019980,2.0,2.0,0.0,0.0,1.0,0.0,0.0
2019987,0.0,2.0,0.0,0.0,1.0,0.0,0.0
2020049,0.0,0.0,0.0,0.0,1.0,0.0,0.0
2020072,0.0,0.0,0.0,0.0,2.0,0.0,0.0
2020191,2.0,0.0,0.0,0.0,2.0,0.0,0.0
2020266,2.0,2.0,0.0,0.0,2.0,0.0,0.0
