,ADWIN,CUSUM,DDM,GeometricMovingAverage,HDDMAverage,HDDMWeighted,Ground-truth
47,0.0,0.0,1.0,0.0,0.0,0.0,0.0
118,0.0,0.0,1.0,0.0,0.0,1.0,0.0
618,0.0,0.0,1.0,0.0,0.0,0.0,0.0
945,0.0,0.0,1.0,0.0,1.0,0.0,0.0
968,0.0,0.0,1.0,0.0,1.0,1.0,0.0
1445,0.0,0.0,1.0,0.0,0.0,1.0,0.0
1468,0.0,0.0,1.0,0.0,0.0,0.0,0.0
1547,0.0,0.0,0.0,0.0,0.0,0.0,0.0
1575,0.0,0.0,1.0,0.0,0.0,0.0,0.0
1714,0.0,0.0,1.0,0.0,0.0,1.0,0.0
2214,0.0,0.0,1.0,0.0,0.0,0.0,0.0
2279,0.0,0.0,1.0,0.0,0.0,1.0,0.0
2779,0.0,0.0,1.0,0.0,0.0,0.0,0.0
3190,0.0,0.0,1.0,0.0,0.0,1.0,0.0
3192,0.0,0.0,1.0,0.0,0.0,2.0,0.0
3692,0.0,0.0,1.0,0.0,0.0,0.0,0.0
3821,0.0,0.0,1.0,0.0,0.0,1.0,0.0
4067,0.0,0.0,1.0,0.0,0.0,2.0,0.0
4567,0.0,0.0,1.0,0.0,0.0,0.0,0.0
4669,0.0,0.0,1.0,0.0,0.0,1.0,0.0
5169,0.0,0.0,1.0,0.0,0.0,0.0,0.0
5233,0.0,2.0,1.0,0.0,0.0,0.0,0.0
5733,0.0,0.0,1.0,0.0,0.0,0.0,0.0
6720,0.0,0.0,1.0,0.0,0.0,1.0,0.0
7720,0.0,0.0,1.0,0.0,0.0,0.0,0.0
7801,0.0,0.0,1.0,0.0,0.0,1.0,0.0
8301,0.0,0.0,1.0,0.0,0.0,0.0,0.0
8309,0.0,0.0,1.0,0.0,0.0,1.0,0.0
8476,0.0,0.0,1.0,0.0,0.0,2.0,0.0
8526,0.0,0.0,1.0,0.0,1.0,2.0,0.0
8861,0.0,0.0,1.0,0.0,2.0,2.0,0.0
8976,0.0,0.0,1.0,0.0,2.0,0.0,0.0
9216,0.0,0.0,1.0,0.0,2.0,1.0,0.0
9353,0.0,2.0,1.0,0.0,2.0,2.0,0.0
9361,0.0,2.0,1.0,0.0,0.0,2.0,0.0
9853,0.0,0.0,1.0,0.0,0.0,0.0,0.0
9953,0.0,0.0,1.0,0.0,0.0,1.0,0.0
10453,0.0,0.0,1.0,0.0,0.0,0.0,0.0
10515,0.0,0.0,1.0,0.0,0.0,1.0,0.0
10517,0.0,0.0,1.0,0.0,0.0,2.0,0.0
11017,0.0,0.0,1.0,0.0,0.0,0.0,0.0
11274,0.0,0.0,1.0,0.0,1.0,1.0,0.0
11774,0.0,0.0,1.0,0.0,0.0,0.0,0.0
11844,0.0,0.0,1.0,0.0,0.0,1.0,0.0
12344,0.0,0.0,1.0,0.0,0.0,0.0,0.0
14060,0.0,0.0,1.0,0.0,0.0,1.0,0.0
14560,0.0,0.0,1.0,0.0,0.0,0.0,0.0
14854,0.0,0.0,1.0,0.0,0.0,1.0,0.0
15354,0.0,0.0,1.0,0.0,0.0,0.0,0.0
15385,0.0,0.0,1.0,0.0,0.0,1.0,0.0
15390,0.0,0.0,1.0,0.0,0.0,2.0,0.0
15890,0.0,0.0,1.0,0.0,0.0,0.0,0.0
16100,0.0,0.0,1.0,0.0,0.0,1.0,0.0
16120,0.0,0.0,1.0,0.0,0.0,2.0,0.0
16620,0.0,0.0,1.0,0.0,0.0,0.0,0.0
17168,0.0,0.0,1.0,0.0,0.0,1.0,0.0
17427,0.0,0.0,1.0,0.0,0.0,2.0,0.0
17927,0.0,0.0,1.0,0.0,0.0,0.0,0.0
19116,0.0,0.0,1.0,0.0,0.0,1.0,0.0
19616,0.0,0.0,1.0,0.0,0.0,0.0,0.0
20081,0.0,0.0,1.0,0.0,0.0,1.0,0.0
20581,0.0,0.0,1.0,0.0,0.0,0.0,0.0
20810,0.0,0.0,1.0,0.0,0.0,1.0,0.0
21164,0.0,0.0,1.0,0.0,0.0,2.0,0.0
21664,0.0,0.0,1.0,0.0,0.0,0.0,0.0
22189,0.0,0.0,1.0,0.0,0.0,1.0,0.0
22191,0.0,0.0,1.0,0.0,0.0,2.0,0.0
22691,0.0,0.0,1.0,0.0,0.0,0.0,0.0
22845,0.0,0.0,1.0,0.0,0.0,1.0,0.0
23345,0.0,0.0,1.0,0.0,0.0,0.0,0.0
23460,0.0,0.0,1.0,0.0,0.0,1.0,0.0
23960,0.0,0.0,1.0,0.0,0.0,0.0,0.0
24548,0.0,0.0,1.0,0.0,0.0,1.0,0.0
24571,0.0,0.0,1.0,0.0,0.0,2.0,0.0
25071,0.0,0.0,1.0,0.0,0.0,0.0,0.0
25887,0.0,0.0,1.0,0.0,0.0,1.0,0.0
25954,0.0,0.0,1.0,0.0,0.0,2.0,0.0
26454,0.0,0.0,1.0,0.0,0.0,0.0,0.0
26565,0.0,0.0,1.0,0.0,0.0,1.0,0.0
27065,0.0,0.0,1.0,0.0,0.0,0.0,0.0
27323,0.0,0.0,1.0,0.0,0.0,1.0,0.0
27823,0.0,0.0,1.0,0.0,0.0,0.0,0.0
28279,0.0,0.0,1.0,0.0,0.0,1.0,0.0
28451,0.0,0.0,1.0,0.0,0.0,2.0,0.0
28951,0.0,0.0,1.0,0.0,0.0,0.0,0.0
29504,0.0,0.0,1.0,0.0,0.0,1.0,0.0
30004,0.0,0.0,1.0,0.0,0.0,0.0,0.0
30247,0.0,0.0,1.0,0.0,0.0,1.0,0.0
30257,0.0,0.0,1.0,0.0,0.0,2.0,0.0
30757,0.0,0.0,1.0,0.0,0.0,0.0,0.0
30780,0.0,0.0,1.0,0.0,1.0,0.0,0.0
31280,0.0,0.0,1.0,0.0,0.0,0.0,0.0
31414,0.0,0.0,1.0,0.0,0.0,1.0,0.0
31914,0.0,0.0,1.0,0.0,0.0,0.0,0.0
32314,0.0,0.0,1.0,0.0,0.0,1.0,0.0
32370,0.0,0.0,1.0,0.0,0.0,2.0,0.0
32870,0.0,0.0,1.0,0.0,0.0,0.0,0.0
33020,0.0,0.0,1.0,0.0,0.0,1.0,0.0
33520,0.0,0.0,1.0,0.0,0.0,0.0,0.0
33550,0.0,0.0,1.0,0.0,0.0,1.0,0.0
34050,0.0,0.0,1.0,0.0,0.0,0.0,0.0
34115,0.0,0.0,1.0,0.0,0.0,1.0,0.0
34615,0.0,0.0,1.0,0.0,0.0,0.0,0.0
35220,0.0,0.0,1.0,0.0,0.0,1.0,0.0
35720,0.0,0.0,1.0,0.0,0.0,0.0,0.0
36224,0.0,0.0,1.0,0.0,0.0,1.0,0.0
36724,0.0,0.0,1.0,0.0,0.0,0.0,0.0
36927,0.0,0.0,1.0,0.0,0.0,1.0,0.0
37009,0.0,0.0,1.0,0.0,0.0,2.0,0.0
37509,0.0,0.0,1.0,0.0,0.0,0.0,0.0
37542,0.0,0.0,1.0,0.0,0.0,1.0,0.0
37546,0.0,0.0,1.0,0.0,0.0,2.0,0.0
38046,0.0,0.0,1.0,0.0,0.0,0.0,0.0
39271,0.0,0.0,1.0,0.0,0.0,1.0,0.0
39771,0.0,0.0,1.0,0.0,0.0,0.0,0.0
40241,0.0,0.0,1.0,0.0,0.0,1.0,0.0
40741,0.0,0.0,1.0,0.0,0.0,0.0,0.0
41741,0.0,0.0,1.0,0.0,0.0,1.0,0.0
42241,0.0,0.0,1.0,0.0,0.0,0.0,0.0
43319,0.0,2.0,1.0,0.0,0.0,0.0,0.0
43494,0.0,2.0,1.0,0.0,0.0,1.0,0.0
43819,0.0,0.0,1.0,0.0,0.0,1.0,0.0
43994,0.0,0.0,1.0,0.0,0.0,0.0,0.0
44313,0.0,0.0,1.0,0.0,0.0,1.0,0.0
44813,0.0,0.0,1.0,0.0,0.0,0.0,0.0
45310,0.0,0.0,1.0,0.0,0.0,1.0,0.0
45810,0.0,0.0,1.0,0.0,0.0,0.0,0.0
47372,0.0,0.0,1.0,0.0,0.0,1.0,0.0
47872,0.0,0.0,1.0,0.0,0.0,0.0,0.0
48365,0.0,0.0,1.0,0.0,0.0,1.0,0.0
48865,0.0,0.0,1.0,0.0,0.0,0.0,0.0
49446,0.0,0.0,1.0,0.0,0.0,1.0,0.0
49938,0.0,0.0,1.0,0.0,0.0,2.0,0.0
50438,0.0,0.0,1.0,0.0,0.0,0.0,0.0
50726,0.0,0.0,1.0,0.0,0.0,1.0,0.0
51226,0.0,0.0,1.0,0.0,0.0,0.0,0.0
52994,0.0,0.0,1.0,0.0,0.0,1.0,0.0
53494,0.0,0.0,1.0,0.0,0.0,0.0,0.0
54354,0.0,0.0,1.0,0.0,0.0,1.0,0.0
54359,0.0,0.0,1.0,0.0,0.0,2.0,0.0
54859,0.0,0.0,1.0,0.0,0.0,0.0,0.0
55085,0.0,0.0,1.0,0.0,0.0,1.0,0.0
55585,0.0,0.0,1.0,0.0,0.0,0.0,0.0
55955,0.0,0.0,1.0,0.0,0.0,1.0,0.0
55957,0.0,0.0,1.0,0.0,0.0,2.0,0.0
56457,0.0,0.0,1.0,0.0,0.0,0.0,0.0
56631,0.0,0.0,1.0,0.0,0.0,1.0,0.0
57131,0.0,0.0,1.0,0.0,0.0,0.0,0.0
57493,0.0,0.0,1.0,0.0,0.0,1.0,0.0
57993,0.0,0.0,1.0,0.0,0.0,0.0,0.0
58227,0.0,0.0,1.0,0.0,0.0,1.0,0.0
58727,0.0,0.0,1.0,0.0,0.0,0.0,0.0
59695,0.0,0.0,1.0,0.0,0.0,1.0,0.0
59700,0.0,0.0,1.0,0.0,0.0,2.0,0.0
60075,0.0,2.0,1.0,0.0,0.0,2.0,0.0
60200,0.0,2.0,1.0,0.0,0.0,0.0,0.0
60575,0.0,0.0,1.0,0.0,0.0,0.0,0.0
61118,0.0,0.0,1.0,0.0,0.0,1.0,0.0
61139,0.0,0.0,1.0,0.0,0.0,2.0,0.0
61639,0.0,0.0,1.0,0.0,0.0,0.0,0.0
61831,0.0,0.0,1.0,0.0,0.0,1.0,0.0
62331,0.0,0.0,1.0,0.0,0.0,0.0,0.0
62372,0.0,0.0,1.0,0.0,0.0,1.0,0.0
62584,0.0,0.0,1.0,0.0,0.0,2.0,0.0
63084,0.0,0.0,1.0,0.0,0.0,0.0,0.0
63271,0.0,0.0,1.0,0.0,0.0,1.0,0.0
63771,0.0,0.0,1.0,0.0,0.0,0.0,0.0
64340,0.0,0.0,1.0,0.0,0.0,1.0,0.0
64840,0.0,0.0,1.0,0.0,0.0,0.0,0.0
65096,0.0,0.0,1.0,0.0,0.0,1.0,0.0
65596,0.0,0.0,1.0,0.0,0.0,0.0,0.0
65852,0.0,0.0,1.0,0.0,0.0,1.0,0.0
66352,0.0,0.0,1.0,0.0,0.0,0.0,0.0
67147,0.0,0.0,1.0,0.0,0.0,1.0,0.0
67358,0.0,0.0,1.0,0.0,0.0,2.0,0.0
67858,0.0,0.0,1.0,0.0,0.0,0.0,0.0
68924,0.0,0.0,1.0,0.0,0.0,1.0,0.0
69424,0.0,0.0,1.0,0.0,0.0,0.0,0.0
69966,0.0,0.0,1.0,0.0,0.0,1.0,0.0
70466,0.0,0.0,1.0,0.0,0.0,0.0,0.0
70502,0.0,0.0,1.0,0.0,0.0,1.0,0.0
71002,0.0,0.0,1.0,0.0,0.0,0.0,0.0
71043,0.0,0.0,1.0,0.0,0.0,1.0,0.0
71059,0.0,0.0,1.0,0.0,0.0,2.0,0.0
71559,0.0,0.0,1.0,0.0,0.0,0.0,0.0
71825,0.0,0.0,1.0,0.0,0.0,1.0,0.0
71826,0.0,0.0,1.0,0.0,1.0,1.0,0.0
71827,0.0,0.0,1.0,0.0,1.0,2.0,0.0
72326,0.0,0.0,1.0,0.0,0.0,2.0,0.0
72327,0.0,0.0,1.0,0.0,0.0,0.0,0.0
73720,0.0,0.0,1.0,0.0,0.0,1.0,0.0
74220,0.0,0.0,1.0,0.0,0.0,0.0,0.0
74908,0.0,0.0,1.0,0.0,0.0,1.0,0.0
74910,0.0,0.0,1.0,0.0,0.0,2.0,0.0
75410,0.0,0.0,1.0,0.0,0.0,0.0,0.0
75756,0.0,0.0,1.0,0.0,0.0,1.0,0.0
76256,0.0,0.0,1.0,0.0,0.0,0.0,0.0
76275,0.0,0.0,1.0,0.0,0.0,1.0,0.0
76775,0.0,0.0,1.0,0.0,0.0,0.0,0.0
77523,0.0,0.0,1.0,0.0,0.0,1.0,0.0
78023,0.0,0.0,1.0,0.0,0.0,0.0,0.0
78804,0.0,0.0,1.0,0.0,0.0,1.0,0.0
78808,0.0,0.0,1.0,0.0,0.0,2.0,0.0
79308,0.0,0.0,1.0,0.0,0.0,0.0,0.0
79706,0.0,0.0,1.0,0.0,0.0,1.0,0.0
79922,0.0,0.0,1.0,0.0,0.0,2.0,0.0
80422,0.0,0.0,1.0,0.0,0.0,0.0,0.0
81207,0.0,0.0,1.0,0.0,0.0,1.0,0.0
81483,0.0,0.0,1.0,0.0,0.0,2.0,0.0
81983,0.0,0.0,1.0,0.0,0.0,0.0,0.0
82158,0.0,2.0,1.0,0.0,0.0,0.0,0.0
82165,0.0,2.0,1.0,0.0,0.0,1.0,0.0
82658,0.0,0.0,1.0,0.0,0.0,1.0,0.0
82665,0.0,0.0,1.0,0.0,0.0,0.0,0.0
83126,0.0,0.0,1.0,0.0,0.0,1.0,0.0
83626,0.0,0.0,1.0,0.0,0.0,0.0,0.0
83962,0.0,0.0,1.0,0.0,0.0,1.0,0.0
84200,0.0,0.0,1.0,0.0,0.0,2.0,0.0
84700,0.0,0.0,1.0,0.0,0.0,0.0,0.0
84869,0.0,0.0,1.0,0.0,0.0,1.0,0.0
85369,0.0,0.0,1.0,0.0,0.0,0.0,0.0
85498,0.0,0.0,1.0,0.0,0.0,1.0,0.0
85998,0.0,0.0,1.0,0.0,0.0,0.0,0.0
86208,0.0,0.0,1.0,0.0,0.0,1.0,0.0
86280,0.0,0.0,1.0,0.0,0.0,2.0,0.0
86292,0.0,2.0,1.0,0.0,0.0,2.0,0.0
86780,0.0,2.0,1.0,0.0,0.0,0.0,0.0
86792,0.0,0.0,1.0,0.0,0.0,0.0,0.0
87033,0.0,0.0,1.0,0.0,0.0,1.0,0.0
87043,0.0,0.0,1.0,0.0,0.0,2.0,0.0
87543,0.0,0.0,1.0,0.0,0.0,0.0,0.0
88565,0.0,0.0,1.0,0.0,0.0,1.0,0.0
89065,0.0,0.0,1.0,0.0,0.0,0.0,0.0
89087,0.0,0.0,1.0,0.0,0.0,1.0,0.0
89117,0.0,0.0,1.0,0.0,0.0,2.0,0.0
89617,0.0,0.0,1.0,0.0,0.0,0.0,0.0
89634,0.0,0.0,1.0,0.0,0.0,1.0,0.0
90134,0.0,0.0,1.0,0.0,0.0,0.0,0.0
91014,0.0,0.0,1.0,0.0,0.0,1.0,0.0
91514,0.0,0.0,1.0,0.0,0.0,0.0,0.0
91701,0.0,2.0,1.0,0.0,0.0,0.0,0.0
92201,0.0,0.0,1.0,0.0,0.0,0.0,0.0
92208,0.0,0.0,1.0,0.0,0.0,1.0,0.0
92708,0.0,0.0,1.0,0.0,0.0,0.0,0.0
92879,0.0,0.0,1.0,0.0,0.0,1.0,0.0
92886,0.0,0.0,1.0,0.0,0.0,2.0,0.0
93386,0.0,0.0,1.0,0.0,0.0,0.0,0.0
93421,0.0,0.0,1.0,0.0,0.0,1.0,0.0
93542,0.0,0.0,1.0,0.0,0.0,2.0,0.0
94042,0.0,0.0,1.0,0.0,0.0,0.0,0.0
94105,0.0,0.0,1.0,0.0,0.0,1.0,0.0
94605,0.0,0.0,1.0,0.0,0.0,0.0,0.0
94766,0.0,0.0,1.0,0.0,0.0,1.0,0.0
95266,0.0,0.0,1.0,0.0,0.0,0.0,0.0
95640,0.0,0.0,1.0,0.0,0.0,1.0,0.0
95749,0.0,0.0,1.0,0.0,0.0,2.0,0.0
96249,0.0,0.0,1.0,0.0,0.0,0.0,0.0
96574,0.0,0.0,1.0,0.0,0.0,1.0,0.0
97074,0.0,0.0,1.0,0.0,0.0,0.0,0.0
97460,0.0,2.0,1.0,0.0,0.0,0.0,0.0
97960,0.0,0.0,1.0,0.0,0.0,0.0,0.0
98752,0.0,0.0,1.0,0.0,0.0,1.0,0.0
99252,0.0,0.0,1.0,0.0,0.0,0.0,0.0
100544,0.0,0.0,1.0,0.0,1.0,0.0,0.0
101044,0.0,0.0,1.0,0.0,0.0,0.0,0.0
101931,0.0,0.0,1.0,0.0,0.0,1.0,0.0
102431,0.0,0.0,1.0,0.0,0.0,0.0,0.0
102521,0.0,0.0,1.0,0.0,0.0,1.0,0.0
103021,0.0,0.0,1.0,0.0,0.0,0.0,0.0
104306,0.0,0.0,1.0,0.0,0.0,1.0,0.0
104575,0.0,0.0,0.0,0.0,0.0,1.0,0.0
104629,0.0,0.0,0.0,0.0,0.0,2.0,0.0
105129,0.0,0.0,0.0,0.0,0.0,0.0,0.0
111422,0.0,0.0,0.0,0.0,0.0,1.0,0.0
111425,0.0,0.0,0.0,0.0,0.0,2.0,0.0
111925,0.0,0.0,0.0,0.0,0.0,0.0,0.0
112671,0.0,0.0,0.0,0.0,0.0,1.0,0.0
113171,0.0,0.0,0.0,0.0,0.0,0.0,0.0
113990,0.0,0.0,0.0,0.0,0.0,1.0,0.0
114490,0.0,0.0,0.0,0.0,0.0,0.0,0.0
114741,0.0,0.0,0.0,0.0,0.0,1.0,0.0
115241,0.0,0.0,0.0,0.0,0.0,0.0,0.0
115366,0.0,0.0,0.0,0.0,0.0,1.0,0.0
115866,0.0,0.0,0.0,0.0,0.0,0.0,0.0
118207,0.0,0.0,0.0,0.0,0.0,1.0,0.0
118222,0.0,0.0,0.0,0.0,0.0,2.0,0.0
118722,0.0,0.0,0.0,0.0,0.0,0.0,0.0
119149,0.0,0.0,0.0,0.0,1.0,0.0,0.0
119153,0.0,0.0,0.0,0.0,1.0,1.0,0.0
119649,0.0,0.0,0.0,0.0,0.0,1.0,0.0
119653,0.0,0.0,0.0,0.0,0.0,0.0,0.0
120384,0.0,0.0,0.0,0.0,0.0,1.0,0.0
120884,0.0,0.0,0.0,0.0,0.0,0.0,0.0
126594,0.0,0.0,0.0,0.0,0.0,1.0,0.0
127094,0.0,0.0,0.0,0.0,0.0,0.0,0.0
127447,0.0,0.0,0.0,0.0,0.0,1.0,0.0
127947,0.0,0.0,0.0,0.0,0.0,0.0,0.0
131236,0.0,0.0,0.0,0.0,0.0,1.0,0.0
131736,0.0,0.0,0.0,0.0,0.0,0.0,0.0
132093,0.0,0.0,0.0,0.0,0.0,1.0,0.0
132593,0.0,0.0,0.0,0.0,0.0,0.0,0.0
133114,0.0,0.0,0.0,0.0,0.0,1.0,0.0
133614,0.0,0.0,0.0,0.0,0.0,0.0,0.0
133717,0.0,0.0,0.0,0.0,0.0,1.0,0.0
133719,0.0,0.0,0.0,0.0,0.0,2.0,0.0
134219,0.0,0.0,0.0,0.0,0.0,0.0,0.0
134247,0.0,0.0,0.0,0.0,0.0,1.0,0.0
134747,0.0,0.0,0.0,0.0,0.0,0.0,0.0
135188,0.0,0.0,0.0,0.0,0.0,1.0,0.0
135688,0.0,0.0,0.0,0.0,0.0,0.0,0.0
141165,0.0,0.0,0.0,0.0,0.0,1.0,0.0
141665,0.0,0.0,0.0,0.0,0.0,0.0,0.0
144447,0.0,0.0,0.0,0.0,0.0,1.0,0.0
144947,0.0,0.0,0.0,0.0,0.0,0.0,0.0
146659,0.0,0.0,0.0,0.0,0.0,1.0,0.0
147159,0.0,0.0,0.0,0.0,0.0,0.0,0.0
148269,0.0,0.0,0.0,0.0,0.0,1.0,0.0
148769,0.0,0.0,0.0,0.0,0.0,0.0,0.0
149134,0.0,0.0,0.0,0.0,0.0,1.0,0.0
149634,0.0,0.0,0.0,0.0,0.0,0.0,0.0
149872,0.0,0.0,0.0,0.0,0.0,1.0,0.0
150372,0.0,0.0,0.0,0.0,0.0,0.0,0.0
150580,0.0,0.0,0.0,0.0,0.0,1.0,0.0
151080,0.0,0.0,0.0,0.0,0.0,0.0,0.0
154838,0.0,0.0,0.0,0.0,0.0,1.0,0.0
155338,0.0,0.0,0.0,0.0,0.0,0.0,0.0
156670,0.0,0.0,0.0,0.0,0.0,1.0,0.0
157170,0.0,0.0,0.0,0.0,0.0,0.0,0.0
160211,0.0,0.0,0.0,0.0,0.0,1.0,0.0
160711,0.0,0.0,0.0,0.0,0.0,0.0,0.0
165956,0.0,0.0,0.0,0.0,0.0,1.0,0.0
166456,0.0,0.0,0.0,0.0,0.0,0.0,0.0
167854,0.0,0.0,0.0,0.0,0.0,1.0,0.0
168354,0.0,0.0,0.0,0.0,0.0,0.0,0.0
172902,0.0,0.0,0.0,0.0,0.0,1.0,0.0
173402,0.0,0.0,0.0,0.0,0.0,0.0,0.0
175401,0.0,0.0,0.0,0.0,0.0,1.0,0.0
175901,0.0,0.0,0.0,0.0,0.0,0.0,0.0
177838,0.0,0.0,0.0,0.0,0.0,1.0,0.0
178338,0.0,0.0,0.0,0.0,0.0,0.0,0.0
181661,0.0,0.0,0.0,0.0,0.0,1.0,0.0
182161,0.0,0.0,0.0,0.0,0.0,0.0,0.0
184883,0.0,0.0,0.0,0.0,0.0,1.0,0.0
184956,0.0,0.0,0.0,0.0,0.0,2.0,0.0
185456,0.0,0.0,0.0,0.0,0.0,0.0,0.0
188261,0.0,0.0,0.0,0.0,0.0,1.0,0.0
188761,0.0,0.0,0.0,0.0,0.0,0.0,0.0
189355,0.0,0.0,0.0,0.0,0.0,1.0,0.0
189855,0.0,0.0,0.0,0.0,0.0,0.0,0.0
193911,0.0,0.0,0.0,0.0,0.0,1.0,0.0
194411,0.0,0.0,0.0,0.0,0.0,0.0,0.0
196101,0.0,0.0,0.0,0.0,0.0,1.0,0.0
196601,0.0,0.0,0.0,0.0,0.0,0.0,0.0
196719,0.0,0.0,0.0,0.0,0.0,1.0,0.0
197219,0.0,0.0,0.0,0.0,0.0,0.0,0.0
197264,0.0,0.0,0.0,0.0,0.0,1.0,0.0
197764,0.0,0.0,0.0,0.0,0.0,0.0,0.0
197990,0.0,0.0,0.0,0.0,0.0,1.0,0.0
198490,0.0,0.0,0.0,0.0,0.0,0.0,0.0
200000,0.0,0.0,0.0,0.0,0.0,0.0,1.0
200028,0.0,0.0,0.0,0.0,0.0,1.0,1.0
200060,0.0,0.0,0.0,0.0,0.0,2.0,1.0
200127,2.0,0.0,0.0,0.0,0.0,2.0,1.0
200252,2.0,2.0,0.0,0.0,0.0,2.0,1.0
200498,2.0,2.0,0.0,0.0,1.0,2.0,1.0
200500,2.0,2.0,0.0,0.0,1.0,2.0,0.0
200560,2.0,2.0,0.0,0.0,1.0,0.0,0.0
200601,2.0,2.0,0.0,0.0,2.0,0.0,0.0
200627,0.0,2.0,0.0,0.0,2.0,0.0,0.0
200752,0.0,0.0,0.0,0.0,2.0,0.0,0.0
201070,0.0,0.0,0.0,0.0,2.0,1.0,0.0
201101,0.0,0.0,0.0,0.0,0.0,1.0,0.0
201439,2.0,0.0,0.0,0.0,0.0,1.0,0.0
201570,2.0,0.0,0.0,0.0,0.0,0.0,0.0
201939,0.0,0.0,0.0,0.0,0.0,0.0,0.0
202769,0.0,0.0,1.0,0.0,0.0,0.0,0.0
202776,0.0,0.0,1.0,0.0,0.0,1.0,0.0
203276,0.0,0.0,1.0,0.0,0.0,0.0,0.0
203282,0.0,0.0,1.0,0.0,0.0,1.0,0.0
203782,0.0,0.0,1.0,0.0,0.0,0.0,0.0
204088,0.0,0.0,1.0,0.0,0.0,1.0,0.0
204090,0.0,0.0,1.0,0.0,0.0,2.0,0.0
204590,0.0,0.0,1.0,0.0,0.0,0.0,0.0
204893,0.0,0.0,1.0,0.0,0.0,1.0,0.0
205393,0.0,0.0,1.0,0.0,0.0,0.0,0.0
205499,0.0,0.0,1.0,0.0,0.0,1.0,0.0
205533,0.0,0.0,2.0,0.0,0.0,1.0,0.0
205999,0.0,0.0,2.0,0.0,0.0,0.0,0.0
206010,0.0,0.0,2.0,0.0,0.0,1.0,0.0
206033,0.0,0.0,1.0,0.0,0.0,1.0,0.0
206510,0.0,0.0,1.0,0.0,0.0,0.0,0.0
207016,0.0,0.0,1.0,0.0,0.0,1.0,0.0
207018,0.0,0.0,1.0,0.0,0.0,2.0,0.0
207518,0.0,0.0,1.0,0.0,0.0,0.0,0.0
207695,0.0,0.0,1.0,0.0,0.0,1.0,0.0
207697,0.0,0.0,1.0,0.0,0.0,2.0,0.0
208197,0.0,0.0,1.0,0.0,0.0,0.0,0.0
208642,0.0,0.0,1.0,0.0,0.0,1.0,0.0
209142,0.0,0.0,1.0,0.0,0.0,0.0,0.0
209462,0.0,0.0,1.0,0.0,0.0,1.0,0.0
209472,0.0,0.0,1.0,0.0,0.0,2.0,0.0
209972,0.0,0.0,1.0,0.0,0.0,0.0,0.0
210077,0.0,0.0,1.0,0.0,0.0,1.0,0.0
210305,0.0,0.0,1.0,0.0,0.0,2.0,0.0
210805,0.0,0.0,1.0,0.0,0.0,0.0,0.0
211034,0.0,0.0,1.0,0.0,0.0,1.0,0.0
211534,0.0,0.0,1.0,0.0,0.0,0.0,0.0
211707,0.0,0.0,1.0,0.0,0.0,1.0,0.0
212207,0.0,0.0,1.0,0.0,0.0,0.0,0.0
212212,0.0,0.0,1.0,0.0,0.0,1.0,0.0
212488,0.0,2.0,1.0,0.0,0.0,1.0,0.0
212712,0.0,2.0,1.0,0.0,0.0,0.0,0.0
212988,0.0,0.0,1.0,0.0,0.0,0.0,0.0
213089,0.0,0.0,1.0,0.0,0.0,1.0,0.0
213098,0.0,0.0,1.0,0.0,0.0,2.0,0.0
213598,0.0,0.0,1.0,0.0,0.0,0.0,0.0
215420,0.0,0.0,1.0,0.0,0.0,1.0,0.0
215920,0.0,0.0,1.0,0.0,0.0,0.0,0.0
215965,0.0,0.0,1.0,0.0,0.0,1.0,0.0
216465,0.0,0.0,1.0,0.0,0.0,0.0,0.0
218213,0.0,0.0,1.0,0.0,0.0,1.0,0.0
218216,0.0,0.0,1.0,0.0,0.0,2.0,0.0
218716,0.0,0.0,1.0,0.0,0.0,0.0,0.0
219048,0.0,0.0,1.0,0.0,0.0,1.0,0.0
219226,0.0,2.0,1.0,0.0,0.0,1.0,0.0
219230,0.0,2.0,1.0,0.0,0.0,2.0,0.0
219726,0.0,0.0,1.0,0.0,0.0,2.0,0.0
219730,0.0,0.0,1.0,0.0,0.0,0.0,0.0
220102,0.0,0.0,1.0,0.0,0.0,1.0,0.0
220602,0.0,0.0,1.0,0.0,0.0,0.0,0.0
220697,0.0,0.0,1.0,0.0,0.0,1.0,0.0
221197,0.0,0.0,1.0,0.0,0.0,0.0,0.0
221581,0.0,0.0,1.0,0.0,0.0,1.0,0.0
221583,0.0,0.0,1.0,0.0,0.0,2.0,0.0
222083,0.0,0.0,1.0,0.0,0.0,0.0,0.0
222714,0.0,0.0,1.0,0.0,0.0,1.0,0.0
222716,0.0,0.0,1.0,0.0,0.0,2.0,0.0
223216,0.0,0.0,1.0,0.0,0.0,0.0,0.0
223931,0.0,0.0,1.0,0.0,0.0,1.0,0.0
224431,0.0,0.0,1.0,0.0,0.0,0.0,0.0
224831,0.0,0.0,1.0,0.0,0.0,1.0,0.0
224960,0.0,0.0,1.0,0.0,0.0,2.0,0.0
224963,0.0,0.0,1.0,0.0,1.0,2.0,0.0
225460,0.0,0.0,1.0,0.0,1.0,0.0,0.0
225463,0.0,0.0,1.0,0.0,0.0,0.0,0.0
225550,0.0,0.0,1.0,0.0,0.0,1.0,0.0
225555,0.0,0.0,1.0,0.0,0.0,2.0,0.0
226055,0.0,0.0,1.0,0.0,0.0,0.0,0.0
226208,0.0,0.0,1.0,0.0,0.0,1.0,0.0
226708,0.0,0.0,1.0,0.0,0.0,0.0,0.0
227049,0.0,0.0,1.0,0.0,0.0,1.0,0.0
227324,0.0,0.0,1.0,0.0,0.0,2.0,0.0
227824,0.0,0.0,1.0,0.0,0.0,0.0,0.0
228155,0.0,0.0,1.0,0.0,0.0,1.0,0.0
228479,0.0,0.0,1.0,0.0,0.0,2.0,0.0
228979,0.0,0.0,1.0,0.0,0.0,0.0,0.0
229297,0.0,0.0,1.0,0.0,0.0,1.0,0.0
229797,0.0,0.0,1.0,0.0,0.0,0.0,0.0
230161,0.0,0.0,1.0,0.0,0.0,1.0,0.0
231161,0.0,0.0,1.0,0.0,0.0,0.0,0.0
231358,0.0,0.0,1.0,0.0,0.0,1.0,0.0
231858,0.0,0.0,1.0,0.0,0.0,0.0,0.0
231864,0.0,0.0,1.0,0.0,0.0,1.0,0.0
232123,0.0,0.0,1.0,0.0,0.0,2.0,0.0
232623,0.0,0.0,1.0,0.0,0.0,0.0,0.0
233603,0.0,0.0,1.0,0.0,0.0,1.0,0.0
234103,0.0,0.0,1.0,0.0,0.0,0.0,0.0
234992,0.0,0.0,1.0,0.0,0.0,1.0,0.0
234997,0.0,0.0,1.0,0.0,0.0,2.0,0.0
235497,0.0,0.0,1.0,0.0,0.0,0.0,0.0
235796,0.0,0.0,1.0,0.0,0.0,1.0,0.0
235850,0.0,0.0,1.0,0.0,0.0,2.0,0.0
236350,0.0,0.0,1.0,0.0,0.0,0.0,0.0
237215,0.0,2.0,1.0,0.0,0.0,0.0,0.0
237680,0.0,2.0,1.0,0.0,0.0,1.0,0.0
237715,0.0,0.0,1.0,0.0,0.0,1.0,0.0
237739,0.0,0.0,1.0,0.0,0.0,2.0,0.0
238239,0.0,0.0,1.0,0.0,0.0,0.0,0.0
239703,0.0,0.0,1.0,0.0,0.0,1.0,0.0
239713,0.0,0.0,1.0,0.0,0.0,2.0,0.0
240213,0.0,0.0,1.0,0.0,0.0,0.0,0.0
240335,0.0,0.0,1.0,0.0,0.0,1.0,0.0
240835,0.0,0.0,1.0,0.0,0.0,0.0,0.0
241147,0.0,0.0,1.0,0.0,0.0,1.0,0.0
241647,0.0,0.0,1.0,0.0,0.0,0.0,0.0
242234,0.0,0.0,1.0,0.0,0.0,1.0,0.0
242241,0.0,0.0,1.0,0.0,0.0,2.0,0.0
242741,0.0,0.0,1.0,0.0,0.0,0.0,0.0
243106,0.0,0.0,1.0,0.0,0.0,1.0,0.0
243606,0.0,0.0,1.0,0.0,0.0,0.0,0.0
243655,0.0,0.0,1.0,0.0,0.0,1.0,0.0
243935,0.0,0.0,1.0,0.0,0.0,2.0,0.0
244435,0.0,0.0,1.0,0.0,0.0,1.0,0.0
244436,0.0,0.0,1.0,0.0,0.0,2.0,0.0
244936,0.0,0.0,1.0,0.0,0.0,0.0,0.0
245039,0.0,0.0,1.0,0.0,0.0,1.0,0.0
245539,0.0,0.0,1.0,0.0,0.0,0.0,0.0
245758,0.0,0.0,1.0,0.0,0.0,1.0,0.0
245762,0.0,0.0,1.0,0.0,0.0,2.0,0.0
246262,0.0,0.0,1.0,0.0,0.0,0.0,0.0
246526,0.0,0.0,1.0,0.0,0.0,1.0,0.0
246999,0.0,0.0,1.0,0.0,0.0,2.0,0.0
247499,0.0,0.0,1.0,0.0,0.0,0.0,0.0
247606,0.0,0.0,1.0,0.0,0.0,1.0,0.0
248070,0.0,0.0,1.0,0.0,0.0,2.0,0.0
248570,0.0,0.0,1.0,0.0,0.0,0.0,0.0
249466,0.0,0.0,1.0,0.0,0.0,1.0,0.0
249966,0.0,0.0,1.0,0.0,0.0,0.0,0.0
251438,0.0,0.0,1.0,0.0,0.0,1.0,0.0
251938,0.0,0.0,1.0,0.0,0.0,0.0,0.0
251993,0.0,0.0,1.0,0.0,0.0,1.0,0.0
252493,0.0,0.0,1.0,0.0,0.0,0.0,0.0
253183,0.0,0.0,1.0,0.0,0.0,1.0,0.0
253248,0.0,0.0,1.0,0.0,0.0,2.0,0.0
253748,0.0,0.0,1.0,0.0,0.0,0.0,0.0
255176,0.0,0.0,1.0,0.0,0.0,1.0,0.0
255676,0.0,0.0,1.0,0.0,0.0,0.0,0.0
256308,0.0,0.0,1.0,0.0,0.0,1.0,0.0
256385,0.0,0.0,1.0,0.0,0.0,2.0,0.0
256885,0.0,0.0,1.0,0.0,0.0,0.0,0.0
257933,0.0,0.0,1.0,0.0,0.0,1.0,0.0
258433,0.0,0.0,1.0,0.0,0.0,0.0,0.0
258701,0.0,0.0,1.0,0.0,0.0,1.0,0.0
259020,0.0,0.0,1.0,0.0,0.0,2.0,0.0
259072,0.0,0.0,1.0,0.0,1.0,2.0,0.0
259520,0.0,0.0,1.0,0.0,1.0,0.0,0.0
259572,0.0,0.0,1.0,0.0,0.0,0.0,0.0
260159,0.0,0.0,1.0,0.0,0.0,1.0,0.0
260167,0.0,0.0,1.0,0.0,0.0,2.0,0.0
260667,0.0,0.0,1.0,0.0,0.0,0.0,0.0
261463,0.0,0.0,1.0,0.0,0.0,1.0,0.0
261521,0.0,0.0,1.0,0.0,1.0,2.0,0.0
262021,0.0,0.0,1.0,0.0,0.0,0.0,0.0
262072,0.0,0.0,1.0,0.0,0.0,1.0,0.0
262572,0.0,0.0,1.0,0.0,0.0,0.0,0.0
262804,0.0,0.0,1.0,0.0,0.0,1.0,0.0
263304,0.0,0.0,1.0,0.0,0.0,0.0,0.0
263810,0.0,0.0,1.0,0.0,0.0,1.0,0.0
264234,0.0,0.0,1.0,0.0,0.0,2.0,0.0
264734,0.0,0.0,1.0,0.0,0.0,0.0,0.0
264921,0.0,0.0,1.0,0.0,0.0,1.0,0.0
264923,0.0,0.0,1.0,0.0,0.0,2.0,0.0
264926,0.0,0.0,1.0,0.0,1.0,2.0,0.0
265423,0.0,0.0,1.0,0.0,1.0,0.0,0.0
265426,0.0,0.0,1.0,0.0,0.0,0.0,0.0
265545,0.0,0.0,1.0,0.0,0.0,1.0,0.0
266045,0.0,0.0,1.0,0.0,0.0,0.0,0.0
266438,0.0,0.0,1.0,0.0,0.0,1.0,0.0
266938,0.0,0.0,1.0,0.0,0.0,0.0,0.0
267092,0.0,0.0,1.0,0.0,0.0,1.0,0.0
267592,0.0,0.0,1.0,0.0,0.0,0.0,0.0
267627,0.0,0.0,1.0,0.0,0.0,1.0,0.0
268127,0.0,0.0,1.0,0.0,0.0,0.0,0.0
268521,0.0,0.0,1.0,0.0,0.0,1.0,0.0
269021,0.0,0.0,1.0,0.0,0.0,0.0,0.0
269341,0.0,0.0,1.0,0.0,0.0,1.0,0.0
269350,0.0,0.0,1.0,0.0,0.0,2.0,0.0
269850,0.0,0.0,1.0,0.0,0.0,0.0,0.0
270400,0.0,0.0,1.0,0.0,0.0,1.0,0.0
270402,0.0,0.0,1.0,0.0,0.0,2.0,0.0
270483,0.0,2.0,1.0,0.0,0.0,2.0,0.0
270902,0.0,2.0,1.0,0.0,0.0,0.0,0.0
270983,0.0,0.0,1.0,0.0,0.0,0.0,0.0
271579,0.0,0.0,1.0,0.0,0.0,1.0,0.0
272079,0.0,0.0,1.0,0.0,0.0,0.0,0.0
272915,0.0,0.0,1.0,0.0,0.0,1.0,0.0
273392,0.0,0.0,1.0,0.0,0.0,2.0,0.0
273892,0.0,0.0,1.0,0.0,0.0,0.0,0.0
274272,0.0,0.0,1.0,0.0,0.0,1.0,0.0
274772,0.0,0.0,1.0,0.0,0.0,0.0,0.0
275257,0.0,0.0,1.0,0.0,0.0,1.0,0.0
275429,0.0,0.0,1.0,0.0,0.0,2.0,0.0
275875,0.0,0.0,1.0,0.0,1.0,2.0,0.0
275929,0.0,0.0,1.0,0.0,1.0,0.0,0.0
276375,0.0,0.0,1.0,0.0,0.0,0.0,0.0
276496,0.0,0.0,1.0,0.0,0.0,1.0,0.0
276996,0.0,0.0,1.0,0.0,0.0,0.0,0.0
277484,0.0,0.0,1.0,0.0,0.0,1.0,0.0
277984,0.0,0.0,1.0,0.0,0.0,0.0,0.0
278036,0.0,0.0,1.0,0.0,0.0,1.0,0.0
278040,0.0,0.0,1.0,0.0,0.0,2.0,0.0
278540,0.0,0.0,1.0,0.0,0.0,0.0,0.0
279128,0.0,0.0,1.0,0.0,0.0,1.0,0.0
279628,0.0,0.0,1.0,0.0,0.0,0.0,0.0
280534,0.0,0.0,1.0,0.0,0.0,1.0,0.0
280985,0.0,2.0,1.0,0.0,0.0,1.0,0.0
281034,0.0,2.0,1.0,0.0,0.0,0.0,0.0
281307,0.0,2.0,1.0,0.0,0.0,1.0,0.0
281485,0.0,0.0,1.0,0.0,0.0,1.0,0.0
281807,0.0,0.0,1.0,0.0,0.0,0.0,0.0
282200,0.0,0.0,1.0,0.0,0.0,1.0,0.0
282700,0.0,0.0,1.0,0.0,0.0,0.0,0.0
283354,0.0,0.0,1.0,0.0,0.0,1.0,0.0
283854,0.0,0.0,1.0,0.0,0.0,0.0,0.0
284202,0.0,0.0,1.0,0.0,0.0,1.0,0.0
284204,0.0,0.0,1.0,0.0,0.0,2.0,0.0
284556,0.0,2.0,1.0,0.0,0.0,2.0,0.0
284704,0.0,2.0,1.0,0.0,0.0,0.0,0.0
285056,0.0,0.0,1.0,0.0,0.0,0.0,0.0
285247,0.0,0.0,1.0,0.0,0.0,1.0,0.0
285747,0.0,0.0,1.0,0.0,0.0,0.0,0.0
286356,0.0,0.0,1.0,0.0,0.0,1.0,0.0
286856,0.0,0.0,1.0,0.0,0.0,0.0,0.0
286858,0.0,0.0,1.0,0.0,0.0,1.0,0.0
287247,0.0,0.0,1.0,0.0,0.0,2.0,0.0
287747,0.0,0.0,1.0,0.0,0.0,0.0,0.0
287797,0.0,0.0,1.0,0.0,0.0,1.0,0.0
287960,0.0,0.0,1.0,0.0,0.0,2.0,0.0
288460,0.0,0.0,1.0,0.0,0.0,0.0,0.0
288960,0.0,0.0,1.0,0.0,0.0,1.0,0.0
289460,0.0,0.0,1.0,0.0,0.0,0.0,0.0
290205,0.0,0.0,1.0,0.0,0.0,1.0,0.0
290705,0.0,0.0,1.0,0.0,0.0,0.0,0.0
290826,0.0,0.0,1.0,0.0,0.0,1.0,0.0
291326,0.0,0.0,1.0,0.0,0.0,0.0,0.0
291563,0.0,0.0,1.0,0.0,0.0,1.0,0.0
292063,0.0,0.0,1.0,0.0,0.0,0.0,0.0
292247,0.0,0.0,1.0,0.0,0.0,1.0,0.0
292747,0.0,0.0,1.0,0.0,0.0,0.0,0.0
292803,0.0,0.0,1.0,0.0,0.0,1.0,0.0
292856,0.0,0.0,1.0,0.0,0.0,2.0,0.0
293356,0.0,0.0,1.0,0.0,0.0,0.0,0.0
293756,0.0,0.0,1.0,0.0,0.0,1.0,0.0
293758,0.0,0.0,1.0,0.0,0.0,2.0,0.0
294258,0.0,0.0,1.0,0.0,0.0,0.0,0.0
295770,0.0,0.0,1.0,0.0,0.0,1.0,0.0
296270,0.0,0.0,1.0,0.0,0.0,0.0,0.0
298383,0.0,0.0,1.0,0.0,0.0,1.0,0.0
298883,0.0,0.0,1.0,0.0,0.0,0.0,0.0
298889,0.0,0.0,1.0,0.0,0.0,1.0,0.0
299389,0.0,0.0,1.0,0.0,0.0,0.0,0.0
299673,0.0,0.0,1.0,0.0,0.0,1.0,0.0
299805,0.0,0.0,1.0,0.0,0.0,2.0,0.0
300305,0.0,0.0,1.0,0.0,0.0,0.0,0.0
300571,0.0,0.0,1.0,0.0,0.0,1.0,0.0
301071,0.0,0.0,1.0,0.0,0.0,0.0,0.0
302696,0.0,0.0,1.0,0.0,1.0,0.0,0.0
302703,0.0,0.0,1.0,0.0,1.0,1.0,0.0
303196,0.0,0.0,1.0,0.0,0.0,1.0,0.0
303203,0.0,0.0,1.0,0.0,0.0,0.0,0.0
305663,0.0,0.0,1.0,0.0,0.0,1.0,0.0
306163,0.0,0.0,1.0,0.0,0.0,0.0,0.0
306702,0.0,0.0,1.0,0.0,0.0,1.0,0.0
307202,0.0,0.0,1.0,0.0,0.0,0.0,0.0
307479,0.0,0.0,1.0,0.0,0.0,1.0,0.0
307979,0.0,0.0,1.0,0.0,0.0,0.0,0.0
308538,0.0,0.0,1.0,0.0,0.0,1.0,0.0
309038,0.0,0.0,1.0,0.0,0.0,0.0,0.0
311478,0.0,0.0,1.0,0.0,0.0,1.0,0.0
311978,0.0,0.0,1.0,0.0,0.0,0.0,0.0
311990,0.0,0.0,1.0,0.0,0.0,1.0,0.0
312490,0.0,0.0,1.0,0.0,0.0,0.0,0.0
312528,0.0,0.0,1.0,0.0,0.0,1.0,0.0
313028,0.0,0.0,1.0,0.0,0.0,0.0,0.0
313370,0.0,0.0,1.0,0.0,0.0,1.0,0.0
313870,0.0,0.0,1.0,0.0,0.0,0.0,0.0
314533,0.0,0.0,0.0,0.0,0.0,0.0,0.0
315191,0.0,0.0,0.0,0.0,0.0,1.0,0.0
315691,0.0,0.0,0.0,0.0,0.0,0.0,0.0
316443,0.0,0.0,0.0,0.0,0.0,1.0,0.0
316943,0.0,0.0,0.0,0.0,0.0,0.0,0.0
318252,0.0,0.0,0.0,0.0,0.0,1.0,0.0
318752,0.0,0.0,0.0,0.0,0.0,0.0,0.0
321068,0.0,0.0,0.0,0.0,0.0,1.0,0.0
321568,0.0,0.0,0.0,0.0,0.0,0.0,0.0
322036,0.0,0.0,0.0,0.0,0.0,1.0,0.0
322536,0.0,0.0,0.0,0.0,0.0,0.0,0.0
322608,0.0,0.0,0.0,0.0,0.0,1.0,0.0
323108,0.0,0.0,0.0,0.0,0.0,0.0,0.0
324238,0.0,0.0,0.0,0.0,0.0,1.0,0.0
324738,0.0,0.0,0.0,0.0,0.0,0.0,0.0
324989,0.0,0.0,0.0,0.0,0.0,1.0,0.0
325489,0.0,0.0,0.0,0.0,0.0,0.0,0.0
325885,0.0,0.0,0.0,0.0,0.0,1.0,0.0
326385,0.0,0.0,0.0,0.0,0.0,0.0,0.0
331649,0.0,0.0,0.0,0.0,0.0,1.0,0.0
332149,0.0,0.0,0.0,0.0,0.0,0.0,0.0
333204,0.0,0.0,0.0,0.0,0.0,1.0,0.0
333704,0.0,0.0,0.0,0.0,0.0,0.0,0.0
333947,0.0,0.0,0.0,0.0,0.0,1.0,0.0
334447,0.0,0.0,0.0,0.0,0.0,0.0,0.0
335948,0.0,0.0,0.0,0.0,0.0,1.0,0.0
336448,0.0,0.0,0.0,0.0,0.0,0.0,0.0
337277,0.0,0.0,0.0,0.0,0.0,1.0,0.0
337287,0.0,0.0,0.0,0.0,0.0,2.0,0.0
337787,0.0,0.0,0.0,0.0,0.0,0.0,0.0
347156,0.0,0.0,0.0,0.0,0.0,1.0,0.0
347656,0.0,0.0,0.0,0.0,0.0,0.0,0.0
347810,0.0,0.0,0.0,0.0,0.0,1.0,0.0
348310,0.0,0.0,0.0,0.0,0.0,0.0,0.0
352876,0.0,0.0,0.0,0.0,0.0,1.0,0.0
353376,0.0,0.0,0.0,0.0,0.0,0.0,0.0
360697,0.0,0.0,0.0,0.0,0.0,1.0,0.0
360698,0.0,0.0,0.0,0.0,0.0,2.0,0.0
361198,0.0,0.0,0.0,0.0,0.0,0.0,0.0
363308,0.0,0.0,0.0,0.0,0.0,1.0,0.0
363729,0.0,0.0,0.0,0.0,0.0,2.0,0.0
364229,0.0,0.0,0.0,0.0,0.0,0.0,0.0
365611,0.0,0.0,0.0,0.0,0.0,1.0,0.0
366111,0.0,0.0,0.0,0.0,0.0,0.0,0.0
369664,0.0,0.0,0.0,0.0,0.0,1.0,0.0
370164,0.0,0.0,0.0,0.0,0.0,0.0,0.0
372060,0.0,0.0,0.0,0.0,0.0,1.0,0.0
372560,0.0,0.0,0.0,0.0,0.0,0.0,0.0
373238,0.0,0.0,0.0,0.0,0.0,1.0,0.0
373738,0.0,0.0,0.0,0.0,0.0,0.0,0.0
374833,0.0,0.0,0.0,0.0,0.0,1.0,0.0
375333,0.0,0.0,0.0,0.0,0.0,0.0,0.0
376380,0.0,0.0,0.0,0.0,0.0,1.0,0.0
376880,0.0,0.0,0.0,0.0,0.0,0.0,0.0
380012,0.0,0.0,0.0,0.0,0.0,1.0,0.0
380512,0.0,0.0,0.0,0.0,0.0,0.0,0.0
380671,0.0,0.0,0.0,0.0,0.0,1.0,0.0
381171,0.0,0.0,0.0,0.0,0.0,0.0,0.0
383232,0.0,0.0,0.0,0.0,0.0,1.0,0.0
383732,0.0,0.0,0.0,0.0,0.0,0.0,0.0
385018,0.0,0.0,0.0,0.0,0.0,1.0,0.0
385518,0.0,0.0,0.0,0.0,0.0,0.0,0.0
387801,0.0,0.0,0.0,0.0,0.0,1.0,0.0
388301,0.0,0.0,0.0,0.0,0.0,0.0,0.0
388749,0.0,0.0,0.0,0.0,0.0,1.0,0.0
389249,0.0,0.0,0.0,0.0,0.0,0.0,0.0
392831,0.0,0.0,0.0,0.0,0.0,1.0,0.0
393331,0.0,0.0,0.0,0.0,0.0,0.0,0.0
393474,0.0,0.0,0.0,0.0,0.0,1.0,0.0
393974,0.0,0.0,0.0,0.0,0.0,0.0,0.0
395588,0.0,0.0,0.0,0.0,0.0,1.0,0.0
396088,0.0,0.0,0.0,0.0,0.0,0.0,0.0
398173,0.0,0.0,0.0,0.0,0.0,1.0,0.0
398673,0.0,0.0,0.0,0.0,0.0,0.0,0.0
399655,0.0,0.0,0.0,0.0,0.0,1.0,0.0
400000,0.0,0.0,0.0,0.0,0.0,1.0,1.0
400027,0.0,0.0,0.0,0.0,0.0,2.0,1.0
400159,2.0,0.0,0.0,0.0,1.0,2.0,1.0
400186,2.0,0.0,0.0,0.0,2.0,2.0,1.0
400306,2.0,2.0,0.0,0.0,2.0,2.0,1.0
400500,2.0,2.0,0.0,0.0,2.0,2.0,0.0
400527,2.0,2.0,0.0,0.0,2.0,0.0,0.0
400659,0.0,2.0,0.0,0.0,2.0,0.0,0.0
400686,0.0,2.0,0.0,0.0,0.0,0.0,0.0
400747,0.0,2.0,0.0,0.0,0.0,1.0,0.0
400806,0.0,0.0,0.0,0.0,0.0,1.0,0.0
401151,0.0,0.0,0.0,0.0,1.0,1.0,0.0
401200,0.0,0.0,0.0,0.0,1.0,2.0,0.0
401651,0.0,0.0,0.0,0.0,0.0,2.0,0.0
401700,0.0,0.0,0.0,0.0,0.0,0.0,0.0
401708,0.0,0.0,0.0,0.0,0.0,1.0,0.0
402208,0.0,0.0,0.0,0.0,0.0,0.0,0.0
403063,0.0,0.0,0.0,0.0,0.0,1.0,0.0
403563,0.0,0.0,0.0,0.0,0.0,0.0,0.0
404548,0.0,0.0,0.0,0.0,0.0,1.0,0.0
405048,0.0,0.0,0.0,0.0,0.0,0.0,0.0
405085,0.0,0.0,0.0,0.0,0.0,1.0,0.0
405585,0.0,0.0,0.0,0.0,0.0,0.0,0.0
406370,0.0,0.0,0.0,0.0,0.0,1.0,0.0
406372,0.0,0.0,0.0,0.0,0.0,2.0,0.0
406872,0.0,0.0,0.0,0.0,0.0,0.0,0.0
407434,0.0,0.0,0.0,0.0,0.0,1.0,0.0
407934,0.0,0.0,0.0,0.0,0.0,0.0,0.0
408006,0.0,0.0,0.0,0.0,0.0,1.0,0.0
408407,0.0,0.0,0.0,0.0,0.0,2.0,0.0
408688,0.0,2.0,0.0,0.0,0.0,2.0,0.0
408907,0.0,2.0,0.0,0.0,0.0,0.0,0.0
409188,0.0,0.0,0.0,0.0,0.0,0.0,0.0
410413,0.0,0.0,0.0,0.0,0.0,1.0,0.0
410913,0.0,0.0,0.0,0.0,0.0,0.0,0.0
411323,0.0,0.0,0.0,0.0,0.0,1.0,0.0
411823,0.0,0.0,0.0,0.0,0.0,0.0,0.0
411931,0.0,0.0,0.0,0.0,0.0,1.0,0.0
412323,0.0,0.0,0.0,0.0,0.0,2.0,0.0
412823,0.0,0.0,0.0,0.0,0.0,1.0,0.0
413323,0.0,0.0,0.0,0.0,0.0,0.0,0.0
413929,0.0,0.0,0.0,0.0,0.0,1.0,0.0
414318,0.0,2.0,0.0,0.0,0.0,1.0,0.0
414429,0.0,2.0,0.0,0.0,0.0,0.0,0.0
414818,0.0,0.0,0.0,0.0,0.0,0.0,0.0
414932,0.0,0.0,0.0,0.0,0.0,1.0,0.0
415432,0.0,0.0,0.0,0.0,0.0,0.0,0.0
415577,0.0,0.0,0.0,0.0,0.0,1.0,0.0
415842,0.0,0.0,0.0,0.0,0.0,2.0,0.0
416342,0.0,0.0,0.0,0.0,0.0,0.0,0.0
416737,0.0,0.0,0.0,0.0,0.0,1.0,0.0
417237,0.0,0.0,0.0,0.0,0.0,0.0,0.0
417256,0.0,0.0,0.0,0.0,0.0,1.0,0.0
417383,0.0,2.0,0.0,0.0,0.0,1.0,0.0
417756,0.0,2.0,0.0,0.0,0.0,0.0,0.0
417883,0.0,0.0,0.0,0.0,0.0,0.0,0.0
418724,0.0,0.0,0.0,0.0,0.0,1.0,0.0
418732,0.0,0.0,0.0,0.0,0.0,2.0,0.0
419232,0.0,0.0,0.0,0.0,0.0,0.0,0.0
419235,0.0,0.0,0.0,0.0,0.0,1.0,0.0
419735,0.0,0.0,0.0,0.0,0.0,0.0,0.0
419823,0.0,0.0,0.0,0.0,0.0,1.0,0.0
419984,0.0,0.0,0.0,0.0,0.0,2.0,0.0
420484,0.0,0.0,0.0,0.0,0.0,0.0,0.0
420840,0.0,0.0,0.0,0.0,0.0,1.0,0.0
421293,0.0,0.0,0.0,0.0,0.0,2.0,0.0
421793,0.0,0.0,0.0,0.0,0.0,0.0,0.0
421854,0.0,0.0,0.0,0.0,0.0,1.0,0.0
422354,0.0,0.0,0.0,0.0,0.0,0.0,0.0
423505,0.0,0.0,0.0,0.0,0.0,1.0,0.0
424005,0.0,0.0,0.0,0.0,0.0,0.0,0.0
424731,0.0,0.0,0.0,0.0,0.0,1.0,0.0
424751,0.0,0.0,0.0,0.0,0.0,2.0,0.0
425251,0.0,0.0,0.0,0.0,0.0,0.0,0.0
426576,0.0,0.0,0.0,0.0,0.0,1.0,0.0
427076,0.0,0.0,0.0,0.0,0.0,0.0,0.0
427693,0.0,0.0,0.0,0.0,0.0,1.0,0.0
428139,0.0,0.0,0.0,0.0,0.0,2.0,0.0
428639,0.0,0.0,0.0,0.0,0.0,0.0,0.0
429011,0.0,0.0,0.0,0.0,0.0,1.0,0.0
429511,0.0,0.0,0.0,0.0,0.0,0.0,0.0
429717,0.0,0.0,0.0,0.0,0.0,1.0,0.0
430217,0.0,0.0,0.0,0.0,0.0,0.0,0.0
430712,0.0,0.0,0.0,0.0,0.0,1.0,0.0
431212,0.0,0.0,0.0,0.0,0.0,0.0,0.0
431420,0.0,0.0,0.0,0.0,0.0,1.0,0.0
431920,0.0,0.0,0.0,0.0,0.0,0.0,0.0
431985,0.0,0.0,0.0,0.0,0.0,1.0,0.0
431987,0.0,0.0,0.0,0.0,0.0,2.0,0.0
432487,0.0,0.0,0.0,0.0,0.0,0.0,0.0
432799,0.0,0.0,0.0,0.0,0.0,1.0,0.0
433299,0.0,0.0,0.0,0.0,0.0,0.0,0.0
433965,0.0,0.0,0.0,0.0,0.0,1.0,0.0
433969,0.0,0.0,0.0,0.0,0.0,2.0,0.0
434469,0.0,0.0,0.0,0.0,0.0,0.0,0.0
435251,0.0,0.0,0.0,0.0,0.0,1.0,0.0
435751,0.0,0.0,0.0,0.0,0.0,0.0,0.0
436123,0.0,0.0,0.0,0.0,0.0,1.0,0.0
436214,0.0,0.0,0.0,0.0,0.0,2.0,0.0
436714,0.0,0.0,0.0,0.0,0.0,0.0,0.0
437942,0.0,0.0,0.0,0.0,0.0,1.0,0.0
437946,0.0,0.0,0.0,0.0,0.0,2.0,0.0
438446,0.0,0.0,0.0,0.0,0.0,0.0,0.0
438546,0.0,0.0,0.0,0.0,0.0,1.0,0.0
439046,0.0,0.0,0.0,0.0,0.0,0.0,0.0
439202,0.0,0.0,0.0,0.0,0.0,1.0,0.0
439702,0.0,0.0,0.0,0.0,0.0,0.0,0.0
439709,0.0,0.0,0.0,0.0,0.0,1.0,0.0
440209,0.0,0.0,0.0,0.0,0.0,0.0,0.0
440369,0.0,0.0,0.0,0.0,0.0,1.0,0.0
440837,0.0,0.0,0.0,0.0,0.0,2.0,0.0
441337,0.0,0.0,0.0,0.0,0.0,0.0,0.0
442354,0.0,0.0,0.0,0.0,0.0,1.0,0.0
442854,0.0,0.0,0.0,0.0,0.0,0.0,0.0
443793,0.0,0.0,0.0,0.0,0.0,1.0,0.0
444293,0.0,0.0,0.0,0.0,0.0,0.0,0.0
444898,0.0,0.0,0.0,0.0,0.0,1.0,0.0
444963,0.0,0.0,0.0,0.0,0.0,2.0,0.0
445463,0.0,0.0,0.0,0.0,0.0,0.0,0.0
445553,0.0,0.0,0.0,0.0,0.0,1.0,0.0
446053,0.0,0.0,0.0,0.0,0.0,0.0,0.0
446436,0.0,0.0,0.0,0.0,0.0,1.0,0.0
446936,0.0,0.0,0.0,0.0,0.0,0.0,0.0
447167,0.0,0.0,0.0,0.0,0.0,1.0,0.0
447169,0.0,0.0,0.0,0.0,0.0,2.0,0.0
447669,0.0,0.0,0.0,0.0,0.0,0.0,0.0
447820,0.0,0.0,0.0,0.0,0.0,1.0,0.0
448092,0.0,0.0,0.0,0.0,0.0,2.0,0.0
448592,0.0,0.0,0.0,0.0,0.0,0.0,0.0
449793,0.0,0.0,0.0,0.0,0.0,1.0,0.0
449801,0.0,0.0,0.0,0.0,0.0,2.0,0.0
450301,0.0,0.0,0.0,0.0,0.0,0.0,0.0
452060,0.0,0.0,0.0,0.0,0.0,1.0,0.0
452560,0.0,0.0,0.0,0.0,0.0,0.0,0.0
452818,0.0,0.0,0.0,0.0,0.0,1.0,0.0
452850,0.0,0.0,0.0,0.0,0.0,2.0,0.0
453350,0.0,0.0,0.0,0.0,0.0,0.0,0.0
453565,0.0,0.0,0.0,0.0,0.0,1.0,0.0
453670,0.0,0.0,0.0,0.0,0.0,2.0,0.0
454170,0.0,0.0,0.0,0.0,0.0,0.0,0.0
454561,0.0,0.0,0.0,0.0,0.0,1.0,0.0
455061,0.0,0.0,0.0,0.0,0.0,0.0,0.0
455150,0.0,0.0,0.0,0.0,0.0,1.0,0.0
455650,0.0,0.0,0.0,0.0,0.0,0.0,0.0
455733,0.0,0.0,0.0,0.0,0.0,1.0,0.0
455740,0.0,0.0,0.0,0.0,0.0,2.0,0.0
456240,0.0,0.0,0.0,0.0,0.0,0.0,0.0
456328,0.0,0.0,0.0,0.0,0.0,1.0,0.0
456659,0.0,0.0,0.0,0.0,0.0,2.0,0.0
457159,0.0,0.0,0.0,0.0,0.0,0.0,0.0
457360,0.0,0.0,0.0,0.0,0.0,1.0,0.0
457860,0.0,0.0,0.0,0.0,0.0,0.0,0.0
457920,0.0,0.0,0.0,0.0,0.0,1.0,0.0
458420,0.0,0.0,0.0,0.0,0.0,0.0,0.0
458728,0.0,0.0,0.0,0.0,0.0,1.0,0.0
459228,0.0,0.0,0.0,0.0,0.0,0.0,0.0
459400,0.0,0.0,0.0,0.0,0.0,1.0,0.0
459817,0.0,0.0,0.0,0.0,0.0,2.0,0.0
460317,0.0,0.0,0.0,0.0,0.0,0.0,0.0
460683,0.0,0.0,0.0,0.0,0.0,1.0,0.0
461183,0.0,0.0,0.0,0.0,0.0,0.0,0.0
462110,0.0,0.0,0.0,0.0,0.0,1.0,0.0
462610,0.0,0.0,0.0,0.0,0.0,0.0,0.0
463071,0.0,0.0,0.0,0.0,0.0,1.0,0.0
463571,0.0,0.0,0.0,0.0,0.0,0.0,0.0
463597,0.0,0.0,0.0,0.0,0.0,1.0,0.0
464097,0.0,0.0,0.0,0.0,0.0,0.0,0.0
464189,0.0,0.0,0.0,0.0,0.0,1.0,0.0
464689,0.0,0.0,0.0,0.0,0.0,0.0,0.0
464703,0.0,0.0,0.0,0.0,0.0,1.0,0.0
464915,0.0,0.0,0.0,0.0,0.0,2.0,0.0
465415,0.0,0.0,0.0,0.0,0.0,0.0,0.0
465485,0.0,0.0,0.0,0.0,0.0,1.0,0.0
465558,0.0,0.0,0.0,0.0,0.0,2.0,0.0
466058,0.0,0.0,0.0,0.0,0.0,0.0,0.0
466313,0.0,0.0,0.0,0.0,0.0,1.0,0.0
466320,0.0,0.0,0.0,0.0,0.0,2.0,0.0
466820,0.0,0.0,0.0,0.0,0.0,0.0,0.0
467228,0.0,0.0,0.0,0.0,0.0,1.0,0.0
467234,0.0,0.0,0.0,0.0,0.0,2.0,0.0
467734,0.0,0.0,0.0,0.0,0.0,0.0,0.0
468141,0.0,0.0,0.0,0.0,0.0,1.0,0.0
468641,0.0,0.0,0.0,0.0,0.0,0.0,0.0
468740,0.0,0.0,0.0,0.0,0.0,1.0,0.0
469240,0.0,0.0,0.0,0.0,0.0,0.0,0.0
469295,0.0,0.0,0.0,0.0,0.0,1.0,0.0
469795,0.0,0.0,0.0,0.0,0.0,0.0,0.0
471343,0.0,0.0,0.0,0.0,0.0,1.0,0.0
471655,0.0,0.0,0.0,0.0,0.0,2.0,0.0
472155,0.0,0.0,0.0,0.0,0.0,0.0,0.0
472413,0.0,0.0,0.0,0.0,0.0,1.0,0.0
472913,0.0,0.0,0.0,0.0,0.0,0.0,0.0
473334,0.0,0.0,0.0,0.0,0.0,1.0,0.0
473834,0.0,0.0,0.0,0.0,0.0,0.0,0.0
473949,0.0,0.0,0.0,0.0,0.0,1.0,0.0
474051,0.0,0.0,0.0,0.0,0.0,2.0,0.0
474157,0.0,2.0,0.0,0.0,0.0,2.0,0.0
474551,0.0,2.0,0.0,0.0,0.0,1.0,0.0
474554,0.0,2.0,0.0,0.0,0.0,2.0,0.0
474657,0.0,0.0,0.0,0.0,0.0,2.0,0.0
475054,0.0,0.0,0.0,0.0,0.0,0.0,0.0
475212,0.0,0.0,0.0,0.0,0.0,1.0,0.0
475712,0.0,0.0,0.0,0.0,0.0,0.0,0.0
475730,0.0,0.0,0.0,0.0,0.0,1.0,0.0
475734,0.0,0.0,0.0,0.0,0.0,2.0,0.0
476234,0.0,0.0,0.0,0.0,0.0,0.0,0.0
476649,0.0,0.0,0.0,0.0,0.0,1.0,0.0
477149,0.0,0.0,0.0,0.0,0.0,0.0,0.0
478173,0.0,0.0,0.0,0.0,0.0,1.0,0.0
478673,0.0,0.0,0.0,0.0,0.0,0.0,0.0
479255,0.0,0.0,0.0,0.0,0.0,1.0,0.0
479257,0.0,0.0,0.0,0.0,0.0,2.0,0.0
479757,0.0,0.0,0.0,0.0,0.0,0.0,0.0
480511,0.0,0.0,0.0,0.0,0.0,1.0,0.0
481011,0.0,0.0,0.0,0.0,0.0,0.0,0.0
482024,0.0,0.0,0.0,0.0,0.0,1.0,0.0
482034,0.0,0.0,0.0,0.0,0.0,2.0,0.0
482534,0.0,0.0,0.0,0.0,0.0,0.0,0.0
484537,0.0,0.0,0.0,0.0,0.0,1.0,0.0
485037,0.0,0.0,0.0,0.0,0.0,0.0,0.0
485609,0.0,0.0,0.0,0.0,0.0,1.0,0.0
485614,0.0,0.0,0.0,0.0,0.0,2.0,0.0
486114,0.0,0.0,0.0,0.0,0.0,0.0,0.0
486718,0.0,0.0,0.0,0.0,0.0,1.0,0.0
486895,0.0,0.0,0.0,0.0,0.0,2.0,0.0
487395,0.0,0.0,0.0,0.0,0.0,0.0,0.0
487726,0.0,0.0,0.0,0.0,0.0,1.0,0.0
488226,0.0,0.0,0.0,0.0,0.0,0.0,0.0
488605,0.0,0.0,0.0,0.0,0.0,1.0,0.0
488608,0.0,0.0,0.0,0.0,0.0,2.0,0.0
489108,0.0,0.0,0.0,0.0,0.0,0.0,0.0
489187,0.0,0.0,0.0,0.0,0.0,1.0,0.0
489687,0.0,0.0,0.0,0.0,0.0,0.0,0.0
489827,0.0,0.0,0.0,0.0,0.0,1.0,0.0
489837,0.0,0.0,0.0,0.0,0.0,2.0,0.0
490337,0.0,0.0,0.0,0.0,0.0,0.0,0.0
490542,0.0,0.0,0.0,0.0,0.0,1.0,0.0
490941,0.0,0.0,0.0,0.0,0.0,2.0,0.0
491441,0.0,0.0,0.0,0.0,0.0,0.0,0.0
491717,0.0,0.0,0.0,0.0,0.0,1.0,0.0
491796,0.0,0.0,0.0,0.0,0.0,2.0,0.0
492296,0.0,0.0,0.0,0.0,0.0,0.0,0.0
493206,0.0,0.0,0.0,0.0,0.0,1.0,0.0
493687,0.0,2.0,0.0,0.0,0.0,1.0,0.0
493706,0.0,2.0,0.0,0.0,0.0,0.0,0.0
494187,0.0,0.0,0.0,0.0,0.0,0.0,0.0
494552,0.0,0.0,0.0,0.0,0.0,1.0,0.0
495052,0.0,0.0,0.0,0.0,0.0,0.0,0.0
495060,0.0,0.0,0.0,0.0,0.0,1.0,0.0
495560,0.0,0.0,0.0,0.0,0.0,0.0,0.0
496045,0.0,0.0,0.0,0.0,0.0,1.0,0.0
496545,0.0,0.0,0.0,0.0,0.0,0.0,0.0
497381,0.0,0.0,0.0,0.0,0.0,1.0,0.0
497881,0.0,0.0,0.0,0.0,0.0,0.0,0.0
497954,0.0,0.0,0.0,0.0,0.0,1.0,0.0
497987,0.0,0.0,0.0,0.0,0.0,2.0,0.0
498487,0.0,0.0,0.0,0.0,0.0,0.0,0.0
500219,0.0,0.0,0.0,0.0,0.0,1.0,0.0
500719,0.0,0.0,0.0,0.0,0.0,0.0,0.0
500998,0.0,0.0,0.0,0.0,0.0,1.0,0.0
501498,0.0,0.0,0.0,0.0,0.0,0.0,0.0
503191,0.0,0.0,0.0,0.0,0.0,1.0,0.0
503691,0.0,0.0,0.0,0.0,0.0,0.0,0.0
503809,0.0,0.0,0.0,0.0,0.0,1.0,0.0
504132,0.0,0.0,0.0,0.0,0.0,2.0,0.0
504632,0.0,0.0,0.0,0.0,0.0,0.0,0.0
506252,0.0,0.0,0.0,0.0,0.0,1.0,0.0
506752,0.0,0.0,0.0,0.0,0.0,0.0,0.0
510628,0.0,0.0,0.0,0.0,0.0,1.0,0.0
511128,0.0,0.0,0.0,0.0,0.0,0.0,0.0
513727,0.0,0.0,0.0,0.0,0.0,1.0,0.0
514227,0.0,0.0,0.0,0.0,0.0,0.0,0.0
514432,0.0,0.0,0.0,0.0,0.0,1.0,0.0
514932,0.0,0.0,0.0,0.0,0.0,0.0,0.0
518607,0.0,0.0,0.0,0.0,0.0,1.0,0.0
519107,0.0,0.0,0.0,0.0,0.0,0.0,0.0
519261,0.0,0.0,0.0,0.0,0.0,1.0,0.0
519761,0.0,0.0,0.0,0.0,0.0,0.0,0.0
524232,0.0,0.0,0.0,0.0,0.0,1.0,0.0
524732,0.0,0.0,0.0,0.0,0.0,0.0,0.0
525536,0.0,0.0,0.0,0.0,0.0,1.0,0.0
525539,0.0,0.0,0.0,0.0,0.0,2.0,0.0
526039,0.0,0.0,0.0,0.0,0.0,0.0,0.0
527900,0.0,0.0,0.0,0.0,0.0,1.0,0.0
528400,0.0,0.0,0.0,0.0,0.0,0.0,0.0
529487,0.0,0.0,0.0,0.0,0.0,1.0,0.0
529987,0.0,0.0,0.0,0.0,0.0,0.0,0.0
530734,0.0,0.0,0.0,0.0,0.0,1.0,0.0
531234,0.0,0.0,0.0,0.0,0.0,0.0,0.0
532845,0.0,0.0,0.0,0.0,0.0,1.0,0.0
533345,0.0,0.0,0.0,0.0,0.0,0.0,0.0
533688,0.0,0.0,0.0,0.0,0.0,1.0,0.0
533689,0.0,0.0,0.0,0.0,0.0,2.0,0.0
534189,0.0,0.0,0.0,0.0,0.0,0.0,0.0
535876,0.0,0.0,0.0,0.0,0.0,1.0,0.0
536376,0.0,0.0,0.0,0.0,0.0,0.0,0.0
536582,0.0,0.0,0.0,0.0,0.0,1.0,0.0
537082,0.0,0.0,0.0,0.0,0.0,0.0,0.0
538885,0.0,0.0,0.0,0.0,0.0,1.0,0.0
539385,0.0,0.0,0.0,0.0,0.0,0.0,0.0
539557,0.0,0.0,0.0,0.0,0.0,1.0,0.0
540057,0.0,0.0,0.0,0.0,0.0,0.0,0.0
540266,0.0,0.0,0.0,0.0,0.0,1.0,0.0
540766,0.0,0.0,0.0,0.0,0.0,0.0,0.0
540887,0.0,0.0,0.0,0.0,0.0,1.0,0.0
541387,0.0,0.0,0.0,0.0,0.0,0.0,0.0
541629,0.0,0.0,0.0,0.0,0.0,1.0,0.0
542129,0.0,0.0,0.0,0.0,0.0,0.0,0.0
542845,0.0,0.0,0.0,0.0,0.0,1.0,0.0
543022,0.0,0.0,0.0,0.0,1.0,1.0,0.0
543026,0.0,0.0,0.0,0.0,1.0,2.0,0.0
543522,0.0,0.0,0.0,0.0,0.0,2.0,0.0
543526,0.0,0.0,0.0,0.0,0.0,0.0,0.0
544743,0.0,0.0,0.0,0.0,0.0,1.0,0.0
544790,0.0,0.0,0.0,0.0,0.0,2.0,0.0
545290,0.0,0.0,0.0,0.0,0.0,0.0,0.0
549550,0.0,0.0,0.0,0.0,0.0,1.0,0.0
550050,0.0,0.0,0.0,0.0,0.0,0.0,0.0
550795,0.0,0.0,0.0,0.0,0.0,1.0,0.0
551295,0.0,0.0,0.0,0.0,0.0,0.0,0.0
552640,0.0,0.0,0.0,0.0,0.0,1.0,0.0
553140,0.0,0.0,0.0,0.0,0.0,0.0,0.0
554492,0.0,0.0,0.0,0.0,0.0,1.0,0.0
554495,0.0,0.0,0.0,0.0,0.0,2.0,0.0
554995,0.0,0.0,0.0,0.0,0.0,0.0,0.0
559845,0.0,0.0,0.0,0.0,0.0,1.0,0.0
560345,0.0,0.0,0.0,0.0,0.0,0.0,0.0
561714,0.0,0.0,0.0,0.0,0.0,1.0,0.0
562214,0.0,0.0,0.0,0.0,0.0,0.0,0.0
564303,0.0,0.0,0.0,0.0,0.0,1.0,0.0
564803,0.0,0.0,0.0,0.0,0.0,0.0,0.0
565425,0.0,0.0,0.0,0.0,0.0,1.0,0.0
565925,0.0,0.0,0.0,0.0,0.0,0.0,0.0
568924,0.0,0.0,0.0,0.0,0.0,1.0,0.0
569424,0.0,0.0,0.0,0.0,0.0,0.0,0.0
572791,0.0,0.0,0.0,0.0,0.0,1.0,0.0
573291,0.0,0.0,0.0,0.0,0.0,0.0,0.0
573505,0.0,0.0,0.0,0.0,0.0,1.0,0.0
574005,0.0,0.0,0.0,0.0,0.0,0.0,0.0
578798,0.0,0.0,0.0,0.0,0.0,1.0,0.0
579298,0.0,0.0,0.0,0.0,0.0,0.0,0.0
580211,0.0,0.0,0.0,0.0,0.0,1.0,0.0
580711,0.0,0.0,0.0,0.0,0.0,0.0,0.0
583265,0.0,0.0,0.0,0.0,0.0,1.0,0.0
583765,0.0,0.0,0.0,0.0,0.0,0.0,0.0
585663,0.0,0.0,0.0,0.0,0.0,1.0,0.0
586163,0.0,0.0,0.0,0.0,0.0,0.0,0.0
586307,0.0,0.0,0.0,0.0,0.0,1.0,0.0
586807,0.0,0.0,0.0,0.0,0.0,0.0,0.0
589899,0.0,0.0,0.0,0.0,0.0,1.0,0.0
590399,0.0,0.0,0.0,0.0,0.0,0.0,0.0
591377,0.0,0.0,0.0,0.0,0.0,1.0,0.0
591877,0.0,0.0,0.0,0.0,0.0,0.0,0.0
592886,0.0,0.0,0.0,0.0,0.0,1.0,0.0
593386,0.0,0.0,0.0,0.0,0.0,0.0,0.0
594412,0.0,0.0,0.0,0.0,0.0,1.0,0.0
594912,0.0,0.0,0.0,0.0,0.0,0.0,0.0
598662,0.0,0.0,0.0,0.0,0.0,1.0,0.0
599162,0.0,0.0,0.0,0.0,0.0,0.0,0.0
599467,0.0,0.0,0.0,0.0,0.0,1.0,0.0
599967,0.0,0.0,0.0,0.0,0.0,0.0,0.0
600000,0.0,0.0,0.0,0.0,0.0,0.0,1.0
600043,0.0,0.0,0.0,0.0,0.0,1.0,1.0
600044,0.0,0.0,0.0,0.0,0.0,2.0,1.0
600159,2.0,0.0,0.0,0.0,0.0,2.0,1.0
600311,2.0,2.0,0.0,0.0,0.0,2.0,1.0
600339,2.0,2.0,0.0,0.0,1.0,2.0,1.0
600385,2.0,2.0,0.0,0.0,2.0,2.0,1.0
600500,2.0,2.0,0.0,0.0,2.0,2.0,0.0
600544,2.0,2.0,0.0,0.0,2.0,0.0,0.0
600554,2.0,2.0,0.0,0.0,2.0,1.0,0.0
600659,0.0,2.0,0.0,0.0,2.0,1.0,0.0
600811,0.0,0.0,0.0,0.0,2.0,1.0,0.0
600885,0.0,0.0,0.0,0.0,0.0,1.0,0.0
601054,0.0,0.0,0.0,0.0,0.0,0.0,0.0
601676,0.0,0.0,0.0,0.0,0.0,1.0,0.0
601680,0.0,0.0,0.0,0.0,0.0,2.0,0.0
602180,0.0,0.0,0.0,0.0,0.0,0.0,0.0
602676,0.0,0.0,0.0,0.0,0.0,1.0,0.0
603176,0.0,0.0,0.0,0.0,0.0,0.0,0.0
603843,0.0,0.0,0.0,0.0,0.0,1.0,0.0
603846,0.0,0.0,0.0,0.0,0.0,2.0,0.0
604346,0.0,0.0,0.0,0.0,0.0,0.0,0.0
604811,0.0,0.0,0.0,0.0,0.0,1.0,0.0
605311,0.0,0.0,0.0,0.0,0.0,0.0,0.0
605786,0.0,0.0,0.0,0.0,0.0,1.0,0.0
605967,0.0,0.0,0.0,0.0,0.0,2.0,0.0
606467,0.0,0.0,0.0,0.0,0.0,0.0,0.0
606657,0.0,0.0,0.0,0.0,0.0,1.0,0.0
607157,0.0,0.0,0.0,0.0,0.0,0.0,0.0
607568,0.0,0.0,0.0,0.0,0.0,1.0,0.0
608068,0.0,0.0,0.0,0.0,0.0,0.0,0.0
609025,0.0,0.0,0.0,0.0,0.0,1.0,0.0
609029,0.0,0.0,0.0,0.0,0.0,2.0,0.0
609529,0.0,0.0,0.0,0.0,0.0,0.0,0.0
610299,0.0,0.0,0.0,0.0,0.0,1.0,0.0
610303,0.0,0.0,0.0,0.0,0.0,2.0,0.0
610803,0.0,0.0,0.0,0.0,0.0,0.0,0.0
610860,0.0,0.0,0.0,0.0,0.0,1.0,0.0
611360,0.0,0.0,0.0,0.0,0.0,0.0,0.0
611502,0.0,0.0,0.0,0.0,0.0,1.0,0.0
611509,0.0,0.0,0.0,0.0,0.0,2.0,0.0
612009,0.0,0.0,0.0,0.0,0.0,0.0,0.0
612189,0.0,0.0,0.0,0.0,0.0,1.0,0.0
612689,0.0,0.0,0.0,0.0,0.0,0.0,0.0
613062,0.0,0.0,0.0,0.0,0.0,1.0,0.0
613562,0.0,0.0,0.0,0.0,0.0,0.0,0.0
614023,0.0,0.0,0.0,0.0,0.0,1.0,0.0
614439,0.0,0.0,0.0,0.0,0.0,2.0,0.0
614939,0.0,0.0,0.0,0.0,0.0,0.0,0.0
614967,0.0,0.0,0.0,0.0,0.0,1.0,0.0
615467,0.0,0.0,0.0,0.0,0.0,0.0,0.0
615887,0.0,0.0,0.0,0.0,0.0,1.0,0.0
616387,0.0,0.0,0.0,0.0,0.0,0.0,0.0
616711,0.0,0.0,0.0,0.0,0.0,1.0,0.0
616736,0.0,0.0,0.0,0.0,0.0,2.0,0.0
617236,0.0,0.0,0.0,0.0,0.0,0.0,0.0
619174,0.0,0.0,0.0,0.0,0.0,1.0,0.0
619178,0.0,0.0,0.0,0.0,0.0,2.0,0.0
619678,0.0,0.0,0.0,0.0,0.0,0.0,0.0
620279,0.0,0.0,0.0,0.0,0.0,1.0,0.0
620779,0.0,0.0,0.0,0.0,0.0,0.0,0.0
620814,0.0,0.0,0.0,0.0,0.0,1.0,0.0
620821,0.0,0.0,0.0,0.0,0.0,2.0,0.0
621321,0.0,0.0,0.0,0.0,0.0,0.0,0.0
621992,0.0,0.0,0.0,0.0,0.0,1.0,0.0
622016,0.0,0.0,0.0,0.0,0.0,2.0,0.0
622279,0.0,2.0,0.0,0.0,0.0,2.0,0.0
622516,0.0,2.0,0.0,0.0,0.0,0.0,0.0
622779,0.0,0.0,0.0,0.0,0.0,0.0,0.0
623099,0.0,0.0,0.0,0.0,0.0,1.0,0.0
623599,0.0,0.0,0.0,0.0,0.0,0.0,0.0
624702,0.0,0.0,0.0,0.0,0.0,1.0,0.0
625202,0.0,0.0,0.0,0.0,0.0,0.0,0.0
625265,0.0,0.0,0.0,0.0,0.0,1.0,0.0
625765,0.0,0.0,0.0,0.0,0.0,0.0,0.0
627239,0.0,0.0,0.0,0.0,0.0,1.0,0.0
627259,0.0,0.0,0.0,0.0,0.0,2.0,0.0
627759,0.0,0.0,0.0,0.0,0.0,0.0,0.0
628815,0.0,0.0,0.0,0.0,0.0,1.0,0.0
628817,0.0,0.0,0.0,0.0,0.0,2.0,0.0
629317,0.0,0.0,0.0,0.0,0.0,0.0,0.0
629370,0.0,0.0,0.0,0.0,0.0,1.0,0.0
629372,0.0,0.0,0.0,0.0,0.0,2.0,0.0
629872,0.0,0.0,0.0,0.0,0.0,0.0,0.0
630393,0.0,0.0,0.0,0.0,0.0,1.0,0.0
630398,0.0,0.0,0.0,0.0,0.0,2.0,0.0
630898,0.0,0.0,0.0,0.0,0.0,0.0,0.0
632560,0.0,0.0,0.0,0.0,1.0,0.0,0.0
632561,0.0,0.0,0.0,0.0,1.0,1.0,0.0
633060,0.0,0.0,0.0,0.0,0.0,1.0,0.0
633061,0.0,0.0,0.0,0.0,0.0,0.0,0.0
633467,0.0,0.0,0.0,0.0,0.0,1.0,0.0
633471,0.0,0.0,0.0,0.0,0.0,2.0,0.0
633971,0.0,0.0,0.0,0.0,0.0,0.0,0.0
634626,0.0,0.0,0.0,0.0,0.0,1.0,0.0
634675,0.0,0.0,0.0,0.0,0.0,2.0,0.0
634917,0.0,2.0,0.0,0.0,0.0,2.0,0.0
635175,0.0,2.0,0.0,0.0,0.0,0.0,0.0
635417,0.0,0.0,0.0,0.0,0.0,0.0,0.0
635624,0.0,0.0,0.0,0.0,0.0,1.0,0.0
636124,0.0,0.0,0.0,0.0,0.0,0.0,0.0
636148,0.0,0.0,0.0,0.0,0.0,1.0,0.0
636648,0.0,0.0,0.0,0.0,0.0,0.0,0.0
636656,0.0,0.0,0.0,0.0,0.0,1.0,0.0
637156,0.0,0.0,0.0,0.0,0.0,0.0,0.0
637444,0.0,0.0,0.0,0.0,0.0,1.0,0.0
637944,0.0,0.0,0.0,0.0,0.0,0.0,0.0
638141,0.0,0.0,0.0,0.0,0.0,1.0,0.0
638243,0.0,0.0,0.0,0.0,0.0,2.0,0.0
638743,0.0,0.0,0.0,0.0,0.0,0.0,0.0
639142,0.0,0.0,0.0,0.0,0.0,1.0,0.0
639642,0.0,0.0,0.0,0.0,0.0,0.0,0.0
639680,0.0,0.0,0.0,0.0,0.0,1.0,0.0
640180,0.0,0.0,0.0,0.0,0.0,0.0,0.0
640851,0.0,0.0,0.0,0.0,0.0,1.0,0.0
641351,0.0,0.0,0.0,0.0,0.0,0.0,0.0
641799,0.0,0.0,0.0,0.0,0.0,1.0,0.0
642119,0.0,0.0,0.0,0.0,0.0,2.0,0.0
642619,0.0,0.0,0.0,0.0,0.0,0.0,0.0
643230,0.0,0.0,0.0,0.0,0.0,1.0,0.0
643730,0.0,0.0,0.0,0.0,0.0,0.0,0.0
643765,0.0,0.0,0.0,0.0,0.0,1.0,0.0
644265,0.0,0.0,0.0,0.0,0.0,0.0,0.0
644326,0.0,0.0,0.0,0.0,0.0,1.0,0.0
644515,0.0,0.0,0.0,0.0,0.0,2.0,0.0
645015,0.0,0.0,0.0,0.0,0.0,0.0,0.0
645754,0.0,0.0,0.0,0.0,0.0,1.0,0.0
646254,0.0,0.0,0.0,0.0,0.0,0.0,0.0
646653,0.0,0.0,0.0,0.0,0.0,1.0,0.0
647153,0.0,0.0,0.0,0.0,0.0,0.0,0.0
647161,0.0,0.0,0.0,0.0,0.0,1.0,0.0
647180,0.0,0.0,0.0,0.0,0.0,2.0,0.0
647181,0.0,0.0,0.0,0.0,1.0,2.0,0.0
647680,0.0,0.0,0.0,0.0,1.0,0.0,0.0
647681,0.0,0.0,0.0,0.0,0.0,0.0,0.0
648013,0.0,0.0,0.0,0.0,0.0,1.0,0.0
648316,0.0,0.0,0.0,0.0,0.0,2.0,0.0
648816,0.0,0.0,0.0,0.0,0.0,0.0,0.0
648955,0.0,0.0,0.0,0.0,0.0,1.0,0.0
649455,0.0,0.0,0.0,0.0,0.0,0.0,0.0
650659,0.0,0.0,0.0,0.0,0.0,1.0,0.0
651159,0.0,0.0,0.0,0.0,0.0,0.0,0.0
651666,0.0,0.0,0.0,0.0,0.0,1.0,0.0
651669,0.0,0.0,0.0,0.0,0.0,2.0,0.0
652169,0.0,0.0,0.0,0.0,0.0,0.0,0.0
652263,0.0,0.0,0.0,0.0,0.0,1.0,0.0
652559,0.0,0.0,0.0,0.0,0.0,2.0,0.0
653059,0.0,0.0,0.0,0.0,0.0,0.0,0.0
654688,0.0,0.0,0.0,0.0,0.0,1.0,0.0
654693,0.0,0.0,0.0,0.0,0.0,2.0,0.0
655193,0.0,0.0,0.0,0.0,0.0,0.0,0.0
655430,0.0,0.0,0.0,0.0,0.0,1.0,0.0
655876,0.0,0.0,0.0,0.0,0.0,2.0,0.0
655925,0.0,2.0,0.0,0.0,0.0,2.0,0.0
656376,0.0,2.0,0.0,0.0,0.0,0.0,0.0
656425,0.0,0.0,0.0,0.0,0.0,0.0,0.0
656522,0.0,0.0,0.0,0.0,0.0,1.0,0.0
657022,0.0,0.0,0.0,0.0,0.0,0.0,0.0
658391,0.0,0.0,0.0,0.0,0.0,1.0,0.0
658622,0.0,0.0,0.0,0.0,0.0,2.0,0.0
659122,0.0,0.0,0.0,0.0,0.0,0.0,0.0
659919,0.0,0.0,0.0,0.0,0.0,1.0,0.0
659921,0.0,0.0,0.0,0.0,0.0,2.0,0.0
660421,0.0,0.0,0.0,0.0,0.0,0.0,0.0
661449,0.0,0.0,0.0,0.0,0.0,1.0,0.0
661949,0.0,0.0,0.0,0.0,0.0,0.0,0.0
662167,0.0,0.0,0.0,0.0,0.0,1.0,0.0
662221,0.0,0.0,0.0,0.0,0.0,2.0,0.0
662721,0.0,0.0,0.0,0.0,0.0,0.0,0.0
663202,0.0,0.0,0.0,0.0,0.0,1.0,0.0
663299,0.0,2.0,0.0,0.0,0.0,1.0,0.0
663702,0.0,2.0,0.0,0.0,0.0,0.0,0.0
663799,0.0,0.0,0.0,0.0,0.0,0.0,0.0
663950,0.0,0.0,0.0,0.0,0.0,1.0,0.0
663954,0.0,0.0,0.0,0.0,0.0,2.0,0.0
664454,0.0,0.0,0.0,0.0,0.0,0.0,0.0
664501,0.0,0.0,0.0,0.0,0.0,1.0,0.0
665001,0.0,0.0,0.0,0.0,0.0,0.0,0.0
665028,0.0,0.0,0.0,0.0,0.0,1.0,0.0
665362,0.0,0.0,0.0,0.0,0.0,2.0,0.0
665862,0.0,0.0,0.0,0.0,0.0,0.0,0.0
666999,0.0,0.0,0.0,0.0,0.0,1.0,0.0
667023,0.0,0.0,0.0,0.0,0.0,2.0,0.0
667523,0.0,0.0,0.0,0.0,0.0,0.0,0.0
667706,0.0,0.0,0.0,0.0,0.0,1.0,0.0
667708,0.0,0.0,0.0,0.0,0.0,2.0,0.0
668208,0.0,0.0,0.0,0.0,0.0,0.0,0.0
668888,0.0,0.0,0.0,0.0,0.0,1.0,0.0
668890,0.0,0.0,0.0,0.0,0.0,2.0,0.0
668893,0.0,0.0,0.0,0.0,1.0,2.0,0.0
668914,0.0,0.0,0.0,0.0,2.0,2.0,0.0
669390,0.0,0.0,0.0,0.0,2.0,0.0,0.0
669414,0.0,0.0,0.0,0.0,0.0,0.0,0.0
670753,0.0,0.0,0.0,0.0,0.0,1.0,0.0
671253,0.0,0.0,0.0,0.0,0.0,0.0,0.0
671275,0.0,0.0,0.0,0.0,0.0,1.0,0.0
671775,0.0,0.0,0.0,0.0,0.0,0.0,0.0
671896,0.0,0.0,0.0,0.0,0.0,1.0,0.0
672396,0.0,0.0,0.0,0.0,0.0,0.0,0.0
672468,0.0,0.0,0.0,0.0,0.0,1.0,0.0
672968,0.0,0.0,0.0,0.0,0.0,0.0,0.0
673146,0.0,0.0,0.0,0.0,1.0,0.0,0.0
673229,0.0,0.0,0.0,0.0,1.0,1.0,0.0
673231,0.0,0.0,0.0,0.0,1.0,2.0,0.0
673646,0.0,0.0,0.0,0.0,0.0,2.0,0.0
673731,0.0,0.0,0.0,0.0,0.0,0.0,0.0
675026,0.0,0.0,0.0,0.0,0.0,1.0,0.0
675035,0.0,0.0,0.0,0.0,0.0,2.0,0.0
675074,0.0,0.0,0.0,0.0,1.0,2.0,0.0
675080,0.0,0.0,0.0,0.0,2.0,2.0,0.0
675535,0.0,0.0,0.0,0.0,2.0,0.0,0.0
675580,0.0,0.0,0.0,0.0,0.0,0.0,0.0
676282,0.0,0.0,0.0,0.0,0.0,1.0,0.0
676284,0.0,0.0,0.0,0.0,0.0,2.0,0.0
676784,0.0,0.0,0.0,0.0,0.0,0.0,0.0
677011,0.0,0.0,0.0,0.0,0.0,1.0,0.0
677511,0.0,0.0,0.0,0.0,0.0,0.0,0.0
677904,0.0,0.0,0.0,0.0,0.0,1.0,0.0
678404,0.0,0.0,0.0,0.0,0.0,0.0,0.0
679230,0.0,0.0,0.0,0.0,0.0,1.0,0.0
679730,0.0,0.0,0.0,0.0,0.0,0.0,0.0
679828,0.0,0.0,0.0,0.0,0.0,1.0,0.0
680328,0.0,0.0,0.0,0.0,0.0,0.0,0.0
680400,0.0,0.0,0.0,0.0,0.0,1.0,0.0
680900,0.0,0.0,0.0,0.0,0.0,0.0,0.0
682638,0.0,0.0,0.0,0.0,0.0,1.0,0.0
683138,0.0,0.0,0.0,0.0,0.0,0.0,0.0
683245,0.0,0.0,0.0,0.0,0.0,1.0,0.0
683374,0.0,0.0,0.0,0.0,0.0,2.0,0.0
683874,0.0,0.0,0.0,0.0,0.0,0.0,0.0
685140,0.0,0.0,0.0,0.0,0.0,1.0,0.0
685640,0.0,0.0,0.0,0.0,0.0,0.0,0.0
686321,0.0,0.0,0.0,0.0,0.0,1.0,0.0
686364,0.0,0.0,0.0,0.0,0.0,2.0,0.0
686864,0.0,0.0,0.0,0.0,0.0,0.0,0.0
687550,0.0,0.0,0.0,0.0,0.0,1.0,0.0
687775,0.0,0.0,0.0,0.0,0.0,2.0,0.0
688275,0.0,0.0,0.0,0.0,0.0,0.0,0.0
688618,0.0,0.0,0.0,0.0,0.0,1.0,0.0
689118,0.0,0.0,0.0,0.0,0.0,0.0,0.0
689314,0.0,0.0,0.0,0.0,0.0,1.0,0.0
689668,0.0,0.0,0.0,0.0,0.0,2.0,0.0
690168,0.0,0.0,0.0,0.0,0.0,0.0,0.0
690187,0.0,0.0,0.0,0.0,0.0,1.0,0.0
690598,0.0,0.0,0.0,0.0,0.0,2.0,0.0
691098,0.0,0.0,0.0,0.0,0.0,0.0,0.0
691341,0.0,0.0,0.0,0.0,0.0,1.0,0.0
691774,0.0,0.0,0.0,0.0,0.0,2.0,0.0
692274,0.0,0.0,0.0,0.0,0.0,0.0,0.0
692791,0.0,0.0,0.0,0.0,0.0,1.0,0.0
692832,0.0,0.0,0.0,0.0,0.0,2.0,0.0
693332,0.0,0.0,0.0,0.0,0.0,0.0,0.0
693823,0.0,0.0,0.0,0.0,0.0,1.0,0.0
694106,0.0,0.0,0.0,0.0,0.0,2.0,0.0
694606,0.0,0.0,0.0,0.0,0.0,0.0,0.0
694817,0.0,0.0,0.0,0.0,0.0,1.0,0.0
695317,0.0,0.0,0.0,0.0,0.0,0.0,0.0
696168,0.0,0.0,0.0,0.0,0.0,1.0,0.0
696501,0.0,0.0,0.0,0.0,1.0,1.0,0.0
696631,0.0,0.0,0.0,0.0,1.0,2.0,0.0
697001,0.0,0.0,0.0,0.0,0.0,2.0,0.0
697131,0.0,0.0,0.0,0.0,0.0,0.0,0.0
697358,0.0,0.0,0.0,0.0,0.0,1.0,0.0
697858,0.0,0.0,0.0,0.0,0.0,0.0,0.0
698872,0.0,0.0,0.0,0.0,0.0,1.0,0.0
698977,0.0,2.0,0.0,0.0,0.0,1.0,0.0
699372,0.0,2.0,0.0,0.0,0.0,0.0,0.0
699477,0.0,0.0,0.0,0.0,0.0,0.0,0.0
699535,0.0,0.0,0.0,0.0,0.0,1.0,0.0
700035,0.0,0.0,0.0,0.0,0.0,0.0,0.0
701048,0.0,0.0,0.0,0.0,0.0,1.0,0.0
701087,0.0,0.0,0.0,0.0,1.0,1.0,0.0
701478,0.0,0.0,0.0,0.0,2.0,1.0,0.0
701548,0.0,0.0,0.0,0.0,2.0,0.0,0.0
701978,0.0,0.0,0.0,0.0,0.0,0.0,0.0
702572,0.0,0.0,0.0,0.0,0.0,1.0,0.0
703072,0.0,0.0,0.0,0.0,0.0,0.0,0.0
704398,0.0,0.0,0.0,0.0,0.0,1.0,0.0
704898,0.0,0.0,0.0,0.0,0.0,0.0,0.0
705344,0.0,0.0,0.0,0.0,0.0,1.0,0.0
705844,0.0,0.0,0.0,0.0,0.0,0.0,0.0
707298,0.0,0.0,0.0,0.0,0.0,1.0,0.0
707798,0.0,0.0,0.0,0.0,0.0,0.0,0.0
708470,0.0,0.0,0.0,0.0,0.0,1.0,0.0
708970,0.0,0.0,0.0,0.0,0.0,0.0,0.0
709166,0.0,0.0,0.0,0.0,0.0,1.0,0.0
709666,0.0,0.0,0.0,0.0,0.0,0.0,0.0
711522,0.0,0.0,0.0,0.0,0.0,1.0,0.0
712022,0.0,0.0,0.0,0.0,0.0,0.0,0.0
714669,0.0,0.0,0.0,0.0,1.0,0.0,0.0
715169,0.0,0.0,0.0,0.0,0.0,0.0,0.0
716486,0.0,0.0,0.0,0.0,0.0,1.0,0.0
716986,0.0,0.0,0.0,0.0,0.0,0.0,0.0
717706,0.0,0.0,0.0,0.0,0.0,1.0,0.0
718206,0.0,0.0,0.0,0.0,0.0,0.0,0.0
719624,0.0,0.0,0.0,0.0,0.0,1.0,0.0
720124,0.0,0.0,0.0,0.0,0.0,0.0,0.0
723885,0.0,0.0,0.0,0.0,0.0,1.0,0.0
724385,0.0,0.0,0.0,0.0,0.0,0.0,0.0
725889,0.0,0.0,0.0,0.0,0.0,1.0,0.0
726389,0.0,0.0,0.0,0.0,0.0,0.0,0.0
727111,0.0,0.0,0.0,0.0,0.0,1.0,0.0
727611,0.0,0.0,0.0,0.0,0.0,0.0,0.0
731303,0.0,0.0,0.0,0.0,0.0,1.0,0.0
731803,0.0,0.0,0.0,0.0,0.0,0.0,0.0
731871,0.0,0.0,0.0,0.0,0.0,1.0,0.0
731872,0.0,0.0,0.0,0.0,0.0,2.0,0.0
732372,0.0,0.0,0.0,0.0,0.0,0.0,0.0
737012,0.0,0.0,0.0,0.0,0.0,1.0,0.0
737512,0.0,0.0,0.0,0.0,0.0,0.0,0.0
739595,0.0,0.0,0.0,0.0,0.0,1.0,0.0
740095,0.0,0.0,0.0,0.0,0.0,0.0,0.0
740259,0.0,0.0,0.0,0.0,0.0,1.0,0.0
740706,0.0,0.0,0.0,0.0,0.0,2.0,0.0
741206,0.0,0.0,0.0,0.0,0.0,0.0,0.0
741210,0.0,0.0,0.0,0.0,0.0,1.0,0.0
741619,0.0,0.0,0.0,0.0,1.0,1.0,0.0
741710,0.0,0.0,0.0,0.0,1.0,0.0,0.0
742119,0.0,0.0,0.0,0.0,0.0,0.0,0.0
743363,0.0,0.0,0.0,0.0,0.0,1.0,0.0
743863,0.0,0.0,0.0,0.0,0.0,0.0,0.0
744742,0.0,0.0,0.0,0.0,0.0,1.0,0.0
745005,0.0,0.0,0.0,0.0,0.0,2.0,0.0
745505,0.0,0.0,0.0,0.0,0.0,0.0,0.0
745524,0.0,0.0,0.0,0.0,0.0,1.0,0.0
746024,0.0,0.0,0.0,0.0,0.0,0.0,0.0
746493,0.0,2.0,0.0,0.0,0.0,0.0,0.0
746500,0.0,2.0,0.0,0.0,0.0,1.0,0.0
746993,0.0,0.0,0.0,0.0,0.0,1.0,0.0
747000,0.0,0.0,0.0,0.0,0.0,0.0,0.0
751323,0.0,0.0,0.0,0.0,0.0,1.0,0.0
751823,0.0,0.0,0.0,0.0,0.0,0.0,0.0
753247,0.0,0.0,0.0,0.0,0.0,1.0,0.0
753747,0.0,0.0,0.0,0.0,0.0,0.0,0.0
755304,0.0,0.0,0.0,0.0,0.0,1.0,0.0
755804,0.0,0.0,0.0,0.0,0.0,0.0,0.0
757080,0.0,0.0,0.0,0.0,0.0,1.0,0.0
757580,0.0,0.0,0.0,0.0,0.0,0.0,0.0
759073,0.0,0.0,0.0,0.0,0.0,1.0,0.0
759573,0.0,0.0,0.0,0.0,0.0,0.0,0.0
760041,0.0,0.0,0.0,0.0,0.0,1.0,0.0
760541,0.0,0.0,0.0,0.0,0.0,0.0,0.0
760829,0.0,0.0,0.0,0.0,0.0,1.0,0.0
760832,0.0,0.0,0.0,0.0,0.0,2.0,0.0
761332,0.0,0.0,0.0,0.0,0.0,0.0,0.0
761448,0.0,0.0,0.0,0.0,0.0,1.0,0.0
761948,0.0,0.0,0.0,0.0,0.0,0.0,0.0
767173,0.0,0.0,0.0,0.0,0.0,1.0,0.0
767673,0.0,0.0,0.0,0.0,0.0,0.0,0.0
769425,0.0,0.0,0.0,0.0,0.0,1.0,0.0
769925,0.0,0.0,0.0,0.0,0.0,0.0,0.0
771702,0.0,0.0,0.0,0.0,0.0,1.0,0.0
772202,0.0,0.0,0.0,0.0,0.0,0.0,0.0
773443,0.0,0.0,0.0,0.0,0.0,1.0,0.0
773943,0.0,0.0,0.0,0.0,0.0,0.0,0.0
774528,0.0,0.0,0.0,0.0,0.0,1.0,0.0
775028,0.0,0.0,0.0,0.0,0.0,0.0,0.0
775101,0.0,0.0,0.0,0.0,0.0,1.0,0.0
775601,0.0,0.0,0.0,0.0,0.0,0.0,0.0
777057,0.0,0.0,0.0,0.0,0.0,1.0,0.0
777557,0.0,0.0,0.0,0.0,0.0,0.0,0.0
781699,0.0,0.0,0.0,0.0,0.0,1.0,0.0
782199,0.0,0.0,0.0,0.0,0.0,0.0,0.0
783086,0.0,0.0,0.0,0.0,0.0,1.0,0.0
783586,0.0,0.0,0.0,0.0,0.0,0.0,0.0
784342,0.0,0.0,0.0,0.0,0.0,1.0,0.0
784842,0.0,0.0,0.0,0.0,0.0,0.0,0.0
786851,0.0,0.0,0.0,0.0,0.0,1.0,0.0
786863,0.0,0.0,0.0,0.0,0.0,2.0,0.0
787363,0.0,0.0,0.0,0.0,0.0,0.0,0.0
788507,0.0,0.0,0.0,0.0,0.0,1.0,0.0
789007,0.0,0.0,0.0,0.0,0.0,0.0,0.0
790298,0.0,0.0,0.0,0.0,0.0,1.0,0.0
790303,0.0,0.0,0.0,0.0,0.0,2.0,0.0
790803,0.0,0.0,0.0,0.0,0.0,0.0,0.0
797630,0.0,0.0,0.0,0.0,0.0,1.0,0.0
797632,0.0,0.0,0.0,0.0,0.0,2.0,0.0
798132,0.0,0.0,0.0,0.0,0.0,0.0,0.0
800000,0.0,0.0,0.0,0.0,0.0,0.0,1.0
800046,0.0,0.0,0.0,0.0,0.0,1.0,1.0
800056,0.0,0.0,0.0,0.0,0.0,2.0,1.0
800343,0.0,2.0,0.0,0.0,0.0,2.0,1.0
800351,2.0,2.0,0.0,0.0,0.0,2.0,1.0
800500,2.0,2.0,0.0,0.0,0.0,2.0,0.0
800556,2.0,2.0,0.0,0.0,0.0,0.0,0.0
800659,2.0,2.0,0.0,0.0,1.0,0.0,0.0
800783,2.0,2.0,0.0,0.0,2.0,0.0,0.0
800843,2.0,0.0,0.0,0.0,2.0,0.0,0.0
800851,0.0,0.0,0.0,0.0,2.0,0.0,0.0
801283,0.0,0.0,0.0,0.0,0.0,0.0,0.0
801641,0.0,0.0,0.0,0.0,0.0,1.0,0.0
802141,0.0,0.0,0.0,0.0,0.0,0.0,0.0
802267,0.0,0.0,0.0,0.0,0.0,1.0,0.0
802767,0.0,0.0,0.0,0.0,0.0,0.0,0.0
802783,2.0,0.0,0.0,0.0,0.0,0.0,0.0
803283,0.0,0.0,0.0,0.0,0.0,0.0,0.0
803385,0.0,0.0,0.0,0.0,0.0,1.0,0.0
803833,0.0,0.0,0.0,0.0,0.0,2.0,0.0
804333,0.0,0.0,0.0,0.0,0.0,0.0,0.0
804939,0.0,0.0,0.0,0.0,0.0,1.0,0.0
805439,0.0,0.0,0.0,0.0,0.0,0.0,0.0
808108,0.0,0.0,0.0,0.0,0.0,1.0,0.0
808608,0.0,0.0,0.0,0.0,0.0,0.0,0.0
808610,0.0,0.0,0.0,0.0,0.0,1.0,0.0
809110,0.0,0.0,0.0,0.0,0.0,0.0,0.0
809125,0.0,0.0,0.0,0.0,0.0,1.0,0.0
809130,0.0,0.0,0.0,0.0,0.0,2.0,0.0
809630,0.0,0.0,0.0,0.0,0.0,0.0,0.0
810264,0.0,0.0,0.0,0.0,0.0,1.0,0.0
810266,0.0,0.0,0.0,0.0,0.0,2.0,0.0
810766,0.0,0.0,0.0,0.0,0.0,0.0,0.0
811254,0.0,0.0,0.0,0.0,0.0,1.0,0.0
811754,0.0,0.0,0.0,0.0,0.0,0.0,0.0
812555,0.0,0.0,0.0,0.0,0.0,1.0,0.0
813055,0.0,0.0,0.0,0.0,0.0,0.0,0.0
813115,0.0,0.0,0.0,0.0,0.0,1.0,0.0
813123,0.0,0.0,0.0,0.0,0.0,2.0,0.0
813623,0.0,0.0,0.0,0.0,0.0,0.0,0.0
814514,0.0,0.0,0.0,0.0,0.0,1.0,0.0
815014,0.0,0.0,0.0,0.0,0.0,0.0,0.0
816515,0.0,0.0,0.0,0.0,0.0,1.0,0.0
817015,0.0,0.0,0.0,0.0,0.0,0.0,0.0
817364,0.0,0.0,0.0,0.0,0.0,1.0,0.0
817368,0.0,0.0,0.0,0.0,0.0,2.0,0.0
817552,0.0,2.0,0.0,0.0,0.0,2.0,0.0
817868,0.0,2.0,0.0,0.0,0.0,0.0,0.0
817944,0.0,2.0,0.0,0.0,0.0,1.0,0.0
818052,0.0,0.0,0.0,0.0,0.0,1.0,0.0
818444,0.0,0.0,0.0,0.0,0.0,0.0,0.0
818500,0.0,0.0,0.0,0.0,0.0,1.0,0.0
818502,0.0,0.0,0.0,0.0,0.0,2.0,0.0
819002,0.0,0.0,0.0,0.0,0.0,0.0,0.0
820239,0.0,0.0,0.0,0.0,0.0,1.0,0.0
820959,0.0,0.0,0.0,0.0,0.0,2.0,0.0
821459,0.0,0.0,0.0,0.0,0.0,0.0,0.0
822251,0.0,0.0,0.0,0.0,0.0,1.0,0.0
822751,0.0,0.0,0.0,0.0,0.0,0.0,0.0
823183,0.0,0.0,0.0,0.0,0.0,1.0,0.0
823201,0.0,0.0,0.0,0.0,0.0,2.0,0.0
823701,0.0,0.0,0.0,0.0,0.0,0.0,0.0
825483,0.0,0.0,0.0,0.0,0.0,1.0,0.0
825983,0.0,0.0,0.0,0.0,0.0,0.0,0.0
826018,0.0,0.0,0.0,0.0,0.0,1.0,0.0
826022,0.0,0.0,0.0,0.0,0.0,2.0,0.0
826522,0.0,0.0,0.0,0.0,0.0,0.0,0.0
829634,0.0,0.0,0.0,0.0,0.0,1.0,0.0
830134,0.0,0.0,0.0,0.0,0.0,0.0,0.0
830371,0.0,0.0,0.0,0.0,0.0,1.0,0.0
830871,0.0,0.0,0.0,0.0,0.0,0.0,0.0
830909,0.0,0.0,0.0,0.0,0.0,1.0,0.0
831409,0.0,0.0,0.0,0.0,0.0,0.0,0.0
831505,0.0,0.0,0.0,0.0,0.0,1.0,0.0
831516,0.0,0.0,0.0,0.0,0.0,2.0,0.0
832016,0.0,0.0,0.0,0.0,0.0,0.0,0.0
832142,0.0,0.0,0.0,0.0,0.0,1.0,0.0
832642,0.0,0.0,0.0,0.0,0.0,0.0,0.0
832827,0.0,0.0,0.0,0.0,0.0,1.0,0.0
833327,0.0,0.0,0.0,0.0,0.0,0.0,0.0
834843,0.0,0.0,0.0,0.0,0.0,1.0,0.0
835343,0.0,0.0,0.0,0.0,0.0,0.0,0.0
835505,0.0,0.0,0.0,0.0,0.0,1.0,0.0
836005,0.0,0.0,0.0,0.0,0.0,0.0,0.0
836217,0.0,0.0,0.0,0.0,0.0,1.0,0.0
836717,0.0,0.0,0.0,0.0,0.0,0.0,0.0
837389,0.0,0.0,0.0,0.0,0.0,1.0,0.0
837391,0.0,0.0,0.0,0.0,0.0,2.0,0.0
837891,0.0,0.0,0.0,0.0,0.0,0.0,0.0
839376,0.0,0.0,0.0,0.0,0.0,1.0,0.0
839876,0.0,0.0,0.0,0.0,0.0,0.0,0.0
839948,0.0,0.0,0.0,0.0,0.0,1.0,0.0
839950,0.0,0.0,0.0,0.0,0.0,2.0,0.0
840450,0.0,0.0,0.0,0.0,0.0,0.0,0.0
841364,0.0,0.0,0.0,0.0,0.0,1.0,0.0
841864,0.0,0.0,0.0,0.0,0.0,0.0,0.0
842229,0.0,0.0,0.0,0.0,0.0,1.0,0.0
842729,0.0,0.0,0.0,0.0,0.0,0.0,0.0
843091,0.0,0.0,0.0,0.0,0.0,1.0,0.0
843093,0.0,0.0,0.0,0.0,0.0,2.0,0.0
843593,0.0,0.0,0.0,0.0,0.0,0.0,0.0
843845,0.0,0.0,0.0,0.0,0.0,1.0,0.0
844345,0.0,0.0,0.0,0.0,0.0,0.0,0.0
844596,0.0,0.0,0.0,0.0,0.0,1.0,0.0
845096,0.0,0.0,0.0,0.0,0.0,0.0,0.0
845618,0.0,0.0,0.0,0.0,0.0,1.0,0.0
845628,0.0,0.0,0.0,0.0,0.0,2.0,0.0
845647,0.0,0.0,0.0,0.0,1.0,2.0,0.0
846128,0.0,0.0,0.0,0.0,1.0,0.0,0.0
846147,0.0,0.0,0.0,0.0,0.0,0.0,0.0
846205,0.0,0.0,0.0,0.0,0.0,1.0,0.0
846705,0.0,0.0,0.0,0.0,0.0,0.0,0.0
846945,0.0,0.0,0.0,0.0,0.0,1.0,0.0
846947,0.0,0.0,0.0,0.0,0.0,2.0,0.0
847447,0.0,0.0,0.0,0.0,0.0,0.0,0.0
847704,0.0,0.0,0.0,0.0,0.0,1.0,0.0
848204,0.0,0.0,0.0,0.0,0.0,0.0,0.0
848683,0.0,0.0,0.0,0.0,0.0,1.0,0.0
849183,0.0,0.0,0.0,0.0,0.0,0.0,0.0
849212,0.0,0.0,0.0,0.0,0.0,1.0,0.0
849712,0.0,0.0,0.0,0.0,0.0,0.0,0.0
850243,0.0,0.0,0.0,0.0,0.0,1.0,0.0
850246,0.0,0.0,0.0,0.0,0.0,2.0,0.0
850684,0.0,2.0,0.0,0.0,0.0,2.0,0.0
850746,0.0,2.0,0.0,0.0,0.0,0.0,0.0
851184,0.0,0.0,0.0,0.0,0.0,0.0,0.0
852663,0.0,0.0,0.0,0.0,0.0,1.0,0.0
852668,0.0,0.0,0.0,0.0,0.0,2.0,0.0
853168,0.0,0.0,0.0,0.0,0.0,0.0,0.0
853375,0.0,0.0,0.0,0.0,0.0,1.0,0.0
853875,0.0,0.0,0.0,0.0,0.0,0.0,0.0
853876,0.0,0.0,0.0,0.0,0.0,1.0,0.0
854376,0.0,0.0,0.0,0.0,0.0,0.0,0.0
854739,0.0,0.0,0.0,0.0,0.0,1.0,0.0
855239,0.0,0.0,0.0,0.0,0.0,0.0,0.0
855663,0.0,0.0,0.0,0.0,0.0,1.0,0.0
855720,0.0,0.0,0.0,0.0,0.0,2.0,0.0
856220,0.0,0.0,0.0,0.0,0.0,0.0,0.0
856510,0.0,0.0,0.0,0.0,0.0,1.0,0.0
856805,0.0,0.0,0.0,0.0,0.0,2.0,0.0
857305,0.0,0.0,0.0,0.0,0.0,0.0,0.0
857347,0.0,0.0,0.0,0.0,0.0,1.0,0.0
857847,0.0,0.0,0.0,0.0,0.0,0.0,0.0
860187,0.0,0.0,0.0,0.0,0.0,1.0,0.0
860687,0.0,0.0,0.0,0.0,0.0,0.0,0.0
861122,0.0,0.0,0.0,0.0,0.0,1.0,0.0
861128,0.0,0.0,0.0,0.0,0.0,2.0,0.0
861628,0.0,0.0,0.0,0.0,0.0,0.0,0.0
861915,0.0,0.0,0.0,0.0,0.0,1.0,0.0
862054,0.0,0.0,0.0,0.0,0.0,2.0,0.0
862554,0.0,0.0,0.0,0.0,0.0,0.0,0.0
863690,0.0,0.0,0.0,0.0,0.0,1.0,0.0
863703,0.0,0.0,0.0,0.0,0.0,2.0,0.0
864203,0.0,0.0,0.0,0.0,0.0,0.0,0.0
864564,0.0,0.0,0.0,0.0,0.0,1.0,0.0
864566,0.0,0.0,0.0,0.0,0.0,2.0,0.0
864569,0.0,0.0,0.0,0.0,1.0,2.0,0.0
865066,0.0,0.0,0.0,0.0,1.0,0.0,0.0
865069,0.0,0.0,0.0,0.0,0.0,0.0,0.0
865094,0.0,0.0,0.0,0.0,0.0,1.0,0.0
865594,0.0,0.0,0.0,0.0,0.0,0.0,0.0
865617,0.0,0.0,0.0,0.0,0.0,1.0,0.0
866117,0.0,0.0,0.0,0.0,0.0,0.0,0.0
867002,0.0,0.0,0.0,0.0,0.0,1.0,0.0
867019,0.0,0.0,0.0,0.0,0.0,2.0,0.0
867519,0.0,0.0,0.0,0.0,0.0,0.0,0.0
867628,0.0,0.0,0.0,0.0,0.0,1.0,0.0
867638,0.0,0.0,0.0,0.0,0.0,2.0,0.0
868138,0.0,0.0,0.0,0.0,0.0,0.0,0.0
868536,0.0,0.0,0.0,0.0,0.0,1.0,0.0
868542,0.0,0.0,0.0,0.0,0.0,2.0,0.0
869042,0.0,0.0,0.0,0.0,0.0,0.0,0.0
869293,0.0,0.0,0.0,0.0,0.0,1.0,0.0
869793,0.0,0.0,0.0,0.0,0.0,0.0,0.0
870357,0.0,0.0,0.0,0.0,0.0,1.0,0.0
870692,0.0,0.0,0.0,0.0,0.0,2.0,0.0
871192,0.0,0.0,0.0,0.0,0.0,0.0,0.0
871793,0.0,0.0,0.0,0.0,0.0,1.0,0.0
872293,0.0,0.0,0.0,0.0,0.0,0.0,0.0
873810,0.0,0.0,0.0,0.0,0.0,1.0,0.0
874310,0.0,0.0,0.0,0.0,0.0,0.0,0.0
874882,0.0,0.0,0.0,0.0,0.0,1.0,0.0
875382,0.0,0.0,0.0,0.0,0.0,0.0,0.0
875724,0.0,0.0,0.0,0.0,0.0,1.0,0.0
876026,0.0,0.0,0.0,0.0,0.0,2.0,0.0
876526,0.0,0.0,0.0,0.0,0.0,0.0,0.0
876950,0.0,0.0,0.0,0.0,0.0,1.0,0.0
876954,0.0,0.0,0.0,0.0,0.0,2.0,0.0
877454,0.0,0.0,0.0,0.0,0.0,0.0,0.0
878314,0.0,0.0,0.0,0.0,0.0,1.0,0.0
878814,0.0,0.0,0.0,0.0,0.0,0.0,0.0
878974,0.0,0.0,0.0,0.0,0.0,1.0,0.0
878983,0.0,0.0,0.0,0.0,0.0,2.0,0.0
879483,0.0,0.0,0.0,0.0,0.0,0.0,0.0
879720,0.0,0.0,0.0,0.0,0.0,1.0,0.0
880220,0.0,0.0,0.0,0.0,0.0,0.0,0.0
880260,0.0,0.0,0.0,0.0,0.0,1.0,0.0
880343,0.0,0.0,0.0,0.0,0.0,2.0,0.0
880843,0.0,0.0,0.0,0.0,0.0,0.0,0.0
881024,0.0,0.0,0.0,0.0,0.0,1.0,0.0
881524,0.0,0.0,0.0,0.0,0.0,0.0,0.0
881840,0.0,0.0,0.0,0.0,0.0,1.0,0.0
882340,0.0,0.0,0.0,0.0,0.0,0.0,0.0
882356,0.0,0.0,0.0,0.0,0.0,1.0,0.0
882387,0.0,0.0,0.0,0.0,0.0,2.0,0.0
882887,0.0,0.0,0.0,0.0,0.0,0.0,0.0
882889,0.0,0.0,0.0,0.0,0.0,1.0,0.0
883389,0.0,0.0,0.0,0.0,0.0,0.0,0.0
883836,0.0,0.0,0.0,0.0,0.0,1.0,0.0
884336,0.0,0.0,0.0,0.0,0.0,0.0,0.0
884784,0.0,0.0,0.0,0.0,0.0,1.0,0.0
885284,0.0,0.0,0.0,0.0,0.0,0.0,0.0
885441,0.0,0.0,0.0,0.0,0.0,1.0,0.0
885936,0.0,0.0,0.0,0.0,0.0,2.0,0.0
886436,0.0,0.0,0.0,0.0,0.0,0.0,0.0
886620,0.0,0.0,0.0,0.0,0.0,1.0,0.0
886932,0.0,0.0,0.0,0.0,0.0,2.0,0.0
887432,0.0,0.0,0.0,0.0,0.0,0.0,0.0
888480,0.0,0.0,0.0,0.0,0.0,1.0,0.0
888980,0.0,0.0,0.0,0.0,0.0,0.0,0.0
889236,0.0,0.0,0.0,0.0,0.0,1.0,0.0
889736,0.0,0.0,0.0,0.0,0.0,0.0,0.0
891270,0.0,0.0,0.0,0.0,0.0,1.0,0.0
891735,0.0,0.0,0.0,0.0,1.0,1.0,0.0
891770,0.0,0.0,0.0,0.0,1.0,0.0,0.0
892235,0.0,0.0,0.0,0.0,0.0,0.0,0.0
892956,0.0,0.0,0.0,0.0,0.0,1.0,0.0
893456,0.0,0.0,0.0,0.0,0.0,0.0,0.0
893493,0.0,2.0,0.0,0.0,0.0,0.0,0.0
893573,0.0,2.0,0.0,0.0,0.0,1.0,0.0
893993,0.0,0.0,0.0,0.0,0.0,1.0,0.0
894073,0.0,0.0,0.0,0.0,0.0,0.0,0.0
894377,0.0,0.0,0.0,0.0,0.0,1.0,0.0
894877,0.0,0.0,0.0,0.0,0.0,0.0,0.0
894998,0.0,0.0,0.0,0.0,0.0,1.0,0.0
895324,0.0,0.0,0.0,0.0,0.0,2.0,0.0
895824,0.0,0.0,0.0,0.0,0.0,0.0,0.0
896043,0.0,0.0,0.0,0.0,0.0,1.0,0.0
896045,0.0,0.0,0.0,0.0,0.0,2.0,0.0
896417,0.0,0.0,0.0,0.0,1.0,2.0,0.0
896545,0.0,0.0,0.0,0.0,1.0,0.0,0.0
896917,0.0,0.0,0.0,0.0,0.0,0.0,0.0
897009,0.0,0.0,0.0,0.0,0.0,1.0,0.0
897509,0.0,0.0,0.0,0.0,0.0,0.0,0.0
897884,0.0,0.0,0.0,0.0,0.0,1.0,0.0
898384,0.0,0.0,0.0,0.0,0.0,0.0,0.0
898439,0.0,0.0,0.0,0.0,0.0,1.0,0.0
898939,0.0,0.0,0.0,0.0,0.0,0.0,0.0
898980,0.0,0.0,0.0,0.0,0.0,1.0,0.0
899357,0.0,0.0,0.0,0.0,0.0,2.0,0.0
899857,0.0,0.0,0.0,0.0,0.0,0.0,0.0
901900,0.0,0.0,0.0,0.0,0.0,1.0,0.0
902400,0.0,0.0,0.0,0.0,0.0,0.0,0.0
904039,0.0,0.0,0.0,0.0,0.0,1.0,0.0
904539,0.0,0.0,0.0,0.0,0.0,0.0,0.0
906327,0.0,0.0,0.0,0.0,0.0,1.0,0.0
906827,0.0,0.0,0.0,0.0,0.0,0.0,0.0
908232,0.0,0.0,0.0,0.0,0.0,1.0,0.0
908732,0.0,0.0,0.0,0.0,0.0,0.0,0.0
909878,0.0,0.0,0.0,0.0,0.0,1.0,0.0
910378,0.0,0.0,0.0,0.0,0.0,0.0,0.0
911024,0.0,0.0,0.0,0.0,0.0,1.0,0.0
911524,0.0,0.0,0.0,0.0,0.0,0.0,0.0
911870,0.0,0.0,0.0,0.0,0.0,1.0,0.0
912370,0.0,0.0,0.0,0.0,0.0,0.0,0.0
913261,0.0,0.0,0.0,0.0,0.0,1.0,0.0
913761,0.0,0.0,0.0,0.0,0.0,0.0,0.0
914141,0.0,0.0,0.0,0.0,0.0,1.0,0.0
914641,0.0,0.0,0.0,0.0,0.0,0.0,0.0
915324,0.0,0.0,0.0,0.0,0.0,1.0,0.0
915824,0.0,0.0,0.0,0.0,0.0,0.0,0.0
916725,0.0,0.0,0.0,0.0,0.0,1.0,0.0
916728,0.0,0.0,0.0,0.0,0.0,2.0,0.0
917228,0.0,0.0,0.0,0.0,0.0,0.0,0.0
917926,0.0,0.0,0.0,0.0,0.0,1.0,0.0
918426,0.0,0.0,0.0,0.0,0.0,0.0,0.0
918802,0.0,0.0,0.0,0.0,0.0,1.0,0.0
919302,0.0,0.0,0.0,0.0,0.0,0.0,0.0
919954,0.0,0.0,0.0,0.0,0.0,1.0,0.0
920454,0.0,0.0,0.0,0.0,0.0,0.0,0.0
921303,0.0,0.0,0.0,0.0,0.0,1.0,0.0
921803,0.0,0.0,0.0,0.0,0.0,0.0,0.0
921844,0.0,0.0,0.0,0.0,0.0,1.0,0.0
922344,0.0,0.0,0.0,0.0,0.0,0.0,0.0
923189,0.0,0.0,0.0,0.0,0.0,1.0,0.0
923689,0.0,0.0,0.0,0.0,0.0,0.0,0.0
926078,0.0,0.0,0.0,0.0,0.0,1.0,0.0
926578,0.0,0.0,0.0,0.0,0.0,0.0,0.0
927573,0.0,0.0,0.0,0.0,0.0,1.0,0.0
928073,0.0,0.0,0.0,0.0,0.0,0.0,0.0
929372,0.0,0.0,0.0,0.0,0.0,1.0,0.0
929374,0.0,0.0,0.0,0.0,0.0,2.0,0.0
929874,0.0,0.0,0.0,0.0,0.0,0.0,0.0
933776,0.0,0.0,0.0,0.0,0.0,1.0,0.0
934276,0.0,0.0,0.0,0.0,0.0,0.0,0.0
934703,0.0,0.0,0.0,0.0,0.0,1.0,0.0
935203,0.0,0.0,0.0,0.0,0.0,0.0,0.0
936969,0.0,0.0,0.0,0.0,0.0,1.0,0.0
937469,0.0,0.0,0.0,0.0,0.0,0.0,0.0
938025,0.0,0.0,0.0,0.0,0.0,1.0,0.0
938525,0.0,0.0,0.0,0.0,0.0,0.0,0.0
941933,0.0,0.0,0.0,0.0,0.0,1.0,0.0
942433,0.0,0.0,0.0,0.0,0.0,0.0,0.0
944014,0.0,0.0,0.0,0.0,0.0,1.0,0.0
944514,0.0,0.0,0.0,0.0,0.0,0.0,0.0
944884,0.0,0.0,0.0,0.0,0.0,1.0,0.0
945384,0.0,0.0,0.0,0.0,0.0,0.0,0.0
946578,0.0,0.0,0.0,0.0,0.0,1.0,0.0
947078,0.0,0.0,0.0,0.0,0.0,0.0,0.0
947256,0.0,0.0,0.0,0.0,0.0,1.0,0.0
947756,0.0,0.0,0.0,0.0,0.0,0.0,0.0
949286,0.0,0.0,0.0,0.0,0.0,1.0,0.0
949786,0.0,0.0,0.0,0.0,0.0,0.0,0.0
950617,0.0,0.0,0.0,0.0,0.0,1.0,0.0
951117,0.0,0.0,0.0,0.0,0.0,0.0,0.0
951624,0.0,0.0,0.0,0.0,0.0,1.0,0.0
951629,0.0,0.0,0.0,0.0,0.0,2.0,0.0
952129,0.0,0.0,0.0,0.0,0.0,0.0,0.0
953664,0.0,0.0,0.0,0.0,0.0,1.0,0.0
953666,0.0,0.0,0.0,0.0,0.0,2.0,0.0
954166,0.0,0.0,0.0,0.0,0.0,0.0,0.0
954756,0.0,0.0,0.0,0.0,0.0,1.0,0.0
955256,0.0,0.0,0.0,0.0,0.0,0.0,0.0
956416,0.0,0.0,0.0,0.0,0.0,1.0,0.0
956916,0.0,0.0,0.0,0.0,0.0,0.0,0.0
957160,0.0,0.0,0.0,0.0,0.0,1.0,0.0
957167,0.0,0.0,0.0,0.0,0.0,2.0,0.0
957667,0.0,0.0,0.0,0.0,0.0,0.0,0.0
959139,0.0,0.0,0.0,0.0,0.0,1.0,0.0
959639,0.0,0.0,0.0,0.0,0.0,0.0,0.0
960863,0.0,0.0,0.0,0.0,1.0,0.0,0.0
960929,0.0,0.0,0.0,0.0,1.0,1.0,0.0
961363,0.0,0.0,0.0,0.0,0.0,1.0,0.0
961429,0.0,0.0,0.0,0.0,0.0,0.0,0.0
963690,0.0,0.0,0.0,0.0,0.0,1.0,0.0
964190,0.0,0.0,0.0,0.0,0.0,0.0,0.0
964419,0.0,0.0,0.0,0.0,0.0,1.0,0.0
964919,0.0,0.0,0.0,0.0,0.0,0.0,0.0
965362,0.0,0.0,0.0,0.0,0.0,1.0,0.0
965862,0.0,0.0,0.0,0.0,0.0,0.0,0.0
967157,0.0,0.0,0.0,0.0,0.0,1.0,0.0
967162,0.0,0.0,0.0,0.0,0.0,2.0,0.0
967662,0.0,0.0,0.0,0.0,0.0,0.0,0.0
970238,0.0,0.0,0.0,0.0,0.0,1.0,0.0
970738,0.0,0.0,0.0,0.0,0.0,0.0,0.0
971089,0.0,0.0,0.0,0.0,0.0,1.0,0.0
971589,0.0,0.0,0.0,0.0,0.0,0.0,0.0
974876,0.0,0.0,0.0,0.0,0.0,1.0,0.0
975376,0.0,0.0,0.0,0.0,0.0,0.0,0.0
975948,0.0,0.0,0.0,0.0,0.0,1.0,0.0
976448,0.0,0.0,0.0,0.0,0.0,0.0,0.0
978853,0.0,0.0,0.0,0.0,0.0,1.0,0.0
979353,0.0,0.0,0.0,0.0,0.0,0.0,0.0
979406,0.0,0.0,0.0,0.0,0.0,1.0,0.0
979906,0.0,0.0,0.0,0.0,0.0,0.0,0.0
980196,0.0,0.0,0.0,0.0,0.0,1.0,0.0
980696,0.0,0.0,0.0,0.0,0.0,0.0,0.0
983997,0.0,0.0,0.0,0.0,0.0,1.0,0.0
984497,0.0,0.0,0.0,0.0,0.0,0.0,0.0
985167,0.0,0.0,0.0,0.0,0.0,1.0,0.0
985667,0.0,0.0,0.0,0.0,0.0,0.0,0.0
987164,0.0,0.0,0.0,0.0,0.0,1.0,0.0
987664,0.0,0.0,0.0,0.0,0.0,0.0,0.0
989716,0.0,0.0,0.0,0.0,0.0,1.0,0.0
990216,0.0,0.0,0.0,0.0,0.0,0.0,0.0
990929,0.0,0.0,0.0,0.0,0.0,1.0,0.0
991429,0.0,0.0,0.0,0.0,0.0,0.0,0.0
991548,0.0,0.0,0.0,0.0,0.0,1.0,0.0
991657,0.0,0.0,0.0,0.0,0.0,2.0,0.0
992157,0.0,0.0,0.0,0.0,0.0,0.0,0.0
994712,0.0,0.0,0.0,0.0,0.0,1.0,0.0
994714,0.0,0.0,0.0,0.0,0.0,2.0,0.0
995214,0.0,0.0,0.0,0.0,0.0,0.0,0.0
996629,0.0,0.0,0.0,0.0,0.0,1.0,0.0
997129,0.0,0.0,0.0,0.0,0.0,0.0,0.0
997879,0.0,0.0,0.0,0.0,0.0,1.0,0.0
997890,0.0,0.0,0.0,0.0,0.0,2.0,0.0
998390,0.0,0.0,0.0,0.0,0.0,0.0,0.0
998438,0.0,0.0,0.0,0.0,0.0,1.0,0.0
998938,0.0,0.0,0.0,0.0,0.0,0.0,0.0
1000000,0.0,0.0,0.0,0.0,0.0,0.0,1.0
1000024,0.0,0.0,0.0,0.0,0.0,1.0,1.0
1000031,0.0,0.0,0.0,0.0,0.0,2.0,1.0
1000159,2.0,0.0,0.0,0.0,0.0,2.0,1.0
1000312,2.0,2.0,0.0,0.0,0.0,2.0,1.0
1000496,2.0,2.0,0.0,0.0,1.0,2.0,1.0
1000500,2.0,2.0,0.0,0.0,1.0,2.0,0.0
1000531,2.0,2.0,0.0,0.0,1.0,0.0,0.0
1000659,0.0,2.0,0.0,0.0,1.0,0.0,0.0
1000673,0.0,2.0,0.0,0.0,2.0,0.0,0.0
1000812,0.0,0.0,0.0,0.0,2.0,0.0,0.0
1001173,0.0,0.0,0.0,0.0,0.0,0.0,0.0
1001251,0.0,0.0,0.0,0.0,0.0,1.0,0.0
1001255,0.0,0.0,0.0,0.0,0.0,2.0,0.0
1001755,0.0,0.0,0.0,0.0,0.0,0.0,0.0
1002071,0.0,0.0,0.0,0.0,0.0,1.0,0.0
1002317,0.0,0.0,0.0,0.0,0.0,2.0,0.0
1002817,0.0,0.0,0.0,0.0,0.0,0.0,0.0
1004431,0.0,0.0,0.0,0.0,0.0,1.0,0.0
1004596,0.0,0.0,0.0,0.0,0.0,2.0,0.0
1005096,0.0,0.0,0.0,0.0,0.0,0.0,0.0
1005152,0.0,0.0,0.0,0.0,0.0,1.0,0.0
1005652,0.0,0.0,0.0,0.0,0.0,0.0,0.0
1005879,0.0,2.0,0.0,0.0,0.0,0.0,0.0
1006379,0.0,0.0,0.0,0.0,0.0,0.0,0.0
1006671,0.0,0.0,0.0,0.0,0.0,1.0,0.0
1006898,0.0,0.0,0.0,0.0,0.0,2.0,0.0
1007398,0.0,0.0,0.0,0.0,0.0,0.0,0.0
1007732,0.0,0.0,0.0,0.0,0.0,1.0,0.0
1008232,0.0,0.0,0.0,0.0,0.0,0.0,0.0
1008241,0.0,0.0,0.0,0.0,0.0,1.0,0.0
1008741,0.0,0.0,0.0,0.0,0.0,0.0,0.0
1008817,0.0,0.0,0.0,0.0,0.0,1.0,0.0
1009317,0.0,0.0,0.0,0.0,0.0,0.0,0.0
1009546,0.0,0.0,0.0,0.0,0.0,1.0,0.0
1009563,0.0,0.0,0.0,0.0,0.0,2.0,0.0
1010063,0.0,0.0,0.0,0.0,0.0,0.0,0.0
1010312,0.0,0.0,0.0,0.0,0.0,1.0,0.0
1010812,0.0,0.0,0.0,0.0,0.0,0.0,0.0
1010912,0.0,0.0,0.0,0.0,0.0,1.0,0.0
1011412,0.0,0.0,0.0,0.0,0.0,0.0,0.0
1012068,0.0,0.0,0.0,0.0,0.0,1.0,0.0
1012444,0.0,0.0,0.0,0.0,0.0,2.0,0.0
1012944,0.0,0.0,0.0,0.0,0.0,0.0,0.0
1014252,0.0,0.0,0.0,0.0,0.0,1.0,0.0
1014752,0.0,0.0,0.0,0.0,0.0,0.0,0.0
1015190,0.0,0.0,0.0,0.0,0.0,1.0,0.0
1015690,0.0,0.0,0.0,0.0,0.0,0.0,0.0
1015793,0.0,0.0,0.0,0.0,0.0,1.0,0.0
1016293,0.0,0.0,0.0,0.0,0.0,0.0,0.0
1017093,0.0,0.0,0.0,0.0,0.0,1.0,0.0
1017593,0.0,0.0,0.0,0.0,0.0,0.0,0.0
1018376,0.0,0.0,0.0,0.0,0.0,1.0,0.0
1018876,0.0,0.0,0.0,0.0,0.0,0.0,0.0
1018946,0.0,0.0,0.0,0.0,0.0,1.0,0.0
1018952,0.0,0.0,0.0,0.0,0.0,2.0,0.0
1019452,0.0,0.0,0.0,0.0,0.0,0.0,0.0
1019663,0.0,0.0,0.0,0.0,0.0,1.0,0.0
1020163,0.0,0.0,0.0,0.0,0.0,0.0,0.0
1020308,0.0,0.0,0.0,0.0,0.0,1.0,0.0
1020521,0.0,2.0,0.0,0.0,0.0,1.0,0.0
1020808,0.0,2.0,0.0,0.0,0.0,0.0,0.0
1020969,0.0,2.0,0.0,0.0,0.0,1.0,0.0
1021021,0.0,0.0,0.0,0.0,0.0,1.0,0.0
1021469,0.0,0.0,0.0,0.0,0.0,0.0,0.0
1021512,0.0,0.0,0.0,0.0,0.0,1.0,0.0
1022012,0.0,0.0,0.0,0.0,0.0,0.0,0.0
1022269,0.0,0.0,0.0,0.0,0.0,1.0,0.0
1022769,0.0,0.0,0.0,0.0,0.0,0.0,0.0
1022948,0.0,0.0,0.0,0.0,0.0,1.0,0.0
1023448,0.0,0.0,0.0,0.0,0.0,0.0,0.0
1024248,0.0,0.0,0.0,0.0,0.0,1.0,0.0
1024250,0.0,0.0,0.0,0.0,0.0,2.0,0.0
1024750,0.0,0.0,0.0,0.0,0.0,0.0,0.0
1025626,0.0,0.0,0.0,0.0,0.0,1.0,0.0
1025985,0.0,0.0,0.0,0.0,0.0,2.0,0.0
1026485,0.0,0.0,0.0,0.0,0.0,0.0,0.0
1027476,0.0,0.0,0.0,0.0,0.0,1.0,0.0
1027480,0.0,0.0,0.0,0.0,0.0,2.0,0.0
1027980,0.0,0.0,0.0,0.0,0.0,0.0,0.0
1028367,0.0,0.0,0.0,0.0,0.0,1.0,0.0
1028867,0.0,0.0,0.0,0.0,0.0,0.0,0.0
1029163,0.0,0.0,0.0,0.0,0.0,1.0,0.0
1029663,0.0,0.0,0.0,0.0,0.0,0.0,0.0
1029799,0.0,0.0,0.0,0.0,0.0,1.0,0.0
1030299,0.0,0.0,0.0,0.0,0.0,0.0,0.0
1031481,0.0,0.0,0.0,0.0,0.0,1.0,0.0
1031981,0.0,0.0,0.0,0.0,0.0,0.0,0.0
1032499,0.0,0.0,0.0,0.0,0.0,1.0,0.0
1032514,0.0,0.0,0.0,0.0,0.0,2.0,0.0
1033014,0.0,0.0,0.0,0.0,0.0,0.0,0.0
1033844,0.0,0.0,0.0,0.0,0.0,1.0,0.0
1033849,0.0,0.0,0.0,0.0,0.0,2.0,0.0
1034349,0.0,0.0,0.0,0.0,0.0,0.0,0.0
1036590,0.0,0.0,0.0,0.0,0.0,1.0,0.0
1036848,0.0,0.0,0.0,0.0,0.0,2.0,0.0
1037348,0.0,0.0,0.0,0.0,0.0,0.0,0.0
1037647,0.0,0.0,0.0,0.0,0.0,1.0,0.0
1037652,0.0,0.0,0.0,0.0,0.0,2.0,0.0
1038152,0.0,0.0,0.0,0.0,0.0,0.0,0.0
1039650,0.0,0.0,0.0,0.0,0.0,1.0,0.0
1040150,0.0,0.0,0.0,0.0,0.0,0.0,0.0
1041358,0.0,0.0,0.0,0.0,0.0,1.0,0.0
1041858,0.0,0.0,0.0,0.0,0.0,0.0,0.0
1043210,0.0,0.0,0.0,0.0,0.0,1.0,0.0
1043212,0.0,0.0,0.0,0.0,0.0,2.0,0.0
1043712,0.0,0.0,0.0,0.0,0.0,0.0,0.0
1044218,0.0,0.0,0.0,0.0,0.0,1.0,0.0
1044718,0.0,0.0,0.0,0.0,0.0,0.0,0.0
1044794,0.0,0.0,0.0,0.0,0.0,1.0,0.0
1044827,0.0,0.0,0.0,0.0,0.0,2.0,0.0
1045327,0.0,0.0,0.0,0.0,0.0,0.0,0.0
1045341,0.0,0.0,0.0,0.0,0.0,1.0,0.0
1045343,0.0,0.0,0.0,0.0,0.0,2.0,0.0
1045843,0.0,0.0,0.0,0.0,0.0,0.0,0.0
1046823,0.0,0.0,0.0,0.0,0.0,1.0,0.0
1046903,0.0,0.0,0.0,0.0,0.0,2.0,0.0
1047403,0.0,0.0,0.0,0.0,0.0,0.0,0.0
1047533,0.0,0.0,0.0,0.0,0.0,1.0,0.0
1047730,0.0,0.0,0.0,0.0,0.0,2.0,0.0
1048230,0.0,0.0,0.0,0.0,0.0,0.0,0.0
1048291,0.0,0.0,0.0,0.0,0.0,1.0,0.0
1048791,0.0,0.0,0.0,0.0,0.0,0.0,0.0
1049576,0.0,0.0,0.0,0.0,1.0,1.0,0.0
1049578,0.0,0.0,0.0,0.0,2.0,1.0,0.0
1050076,0.0,0.0,0.0,0.0,2.0,0.0,0.0
1050078,0.0,0.0,0.0,0.0,0.0,0.0,0.0
1052325,0.0,0.0,0.0,0.0,0.0,1.0,0.0
1052825,0.0,0.0,0.0,0.0,0.0,0.0,0.0
1052943,0.0,0.0,0.0,0.0,1.0,1.0,0.0
1053443,0.0,0.0,0.0,0.0,0.0,0.0,0.0
1053549,0.0,0.0,0.0,0.0,0.0,1.0,0.0
1054049,0.0,0.0,0.0,0.0,0.0,0.0,0.0
1054086,0.0,0.0,0.0,0.0,0.0,1.0,0.0
1054585,0.0,0.0,0.0,0.0,0.0,2.0,0.0
1055085,0.0,0.0,0.0,0.0,0.0,0.0,0.0
1055884,0.0,0.0,0.0,0.0,0.0,1.0,0.0
1056384,0.0,0.0,0.0,0.0,0.0,0.0,0.0
1057187,0.0,0.0,0.0,0.0,0.0,1.0,0.0
1057687,0.0,0.0,0.0,0.0,0.0,0.0,0.0
1057713,0.0,0.0,0.0,0.0,0.0,1.0,0.0
1058213,0.0,0.0,0.0,0.0,0.0,0.0,0.0
1058348,0.0,0.0,0.0,0.0,0.0,1.0,0.0
1058350,0.0,0.0,0.0,0.0,0.0,2.0,0.0
1058850,0.0,0.0,0.0,0.0,0.0,0.0,0.0
1059489,0.0,0.0,0.0,0.0,0.0,1.0,0.0
1059989,0.0,0.0,0.0,0.0,0.0,0.0,0.0
1060120,0.0,0.0,0.0,0.0,0.0,1.0,0.0
1060413,0.0,0.0,0.0,0.0,0.0,2.0,0.0
1060913,0.0,0.0,0.0,0.0,0.0,0.0,0.0
1062301,0.0,0.0,0.0,0.0,0.0,1.0,0.0
1062801,0.0,0.0,0.0,0.0,0.0,0.0,0.0
1064187,0.0,0.0,0.0,0.0,0.0,1.0,0.0
1064687,0.0,0.0,0.0,0.0,0.0,0.0,0.0
1065070,0.0,0.0,0.0,0.0,0.0,1.0,0.0
1065570,0.0,0.0,0.0,0.0,0.0,0.0,0.0
1065627,0.0,0.0,0.0,0.0,0.0,1.0,0.0
1065738,0.0,0.0,0.0,0.0,0.0,2.0,0.0
1066238,0.0,0.0,0.0,0.0,0.0,0.0,0.0
1067434,0.0,0.0,0.0,0.0,0.0,1.0,0.0
1067454,0.0,0.0,0.0,0.0,0.0,2.0,0.0
1067954,0.0,0.0,0.0,0.0,0.0,0.0,0.0
1068065,0.0,0.0,0.0,0.0,0.0,1.0,0.0
1068527,0.0,0.0,0.0,0.0,0.0,2.0,0.0
1069027,0.0,0.0,0.0,0.0,0.0,0.0,0.0
1069604,0.0,0.0,0.0,0.0,0.0,1.0,0.0
1070104,0.0,0.0,0.0,0.0,0.0,0.0,0.0
1070213,0.0,0.0,0.0,0.0,0.0,1.0,0.0
1070713,0.0,0.0,0.0,0.0,0.0,0.0,0.0
1072665,0.0,0.0,0.0,0.0,0.0,1.0,0.0
1073165,0.0,0.0,0.0,0.0,0.0,0.0,0.0
1073424,0.0,0.0,0.0,0.0,0.0,1.0,0.0
1073924,0.0,0.0,0.0,0.0,0.0,0.0,0.0
1074521,0.0,0.0,0.0,0.0,0.0,1.0,0.0
1074526,0.0,0.0,0.0,0.0,0.0,2.0,0.0
1075026,0.0,0.0,0.0,0.0,0.0,0.0,0.0
1075495,0.0,0.0,0.0,0.0,0.0,1.0,0.0
1075995,0.0,0.0,0.0,0.0,0.0,0.0,0.0
1077816,0.0,0.0,0.0,0.0,0.0,1.0,0.0
1078316,0.0,0.0,0.0,0.0,0.0,0.0,0.0
1078350,0.0,0.0,0.0,0.0,0.0,1.0,0.0
1078364,0.0,0.0,0.0,0.0,0.0,2.0,0.0
1078864,0.0,0.0,0.0,0.0,0.0,0.0,0.0
1079025,0.0,0.0,0.0,0.0,0.0,1.0,0.0
1079525,0.0,0.0,0.0,0.0,0.0,0.0,0.0
1079620,0.0,0.0,0.0,0.0,0.0,1.0,0.0
1080120,0.0,0.0,0.0,0.0,0.0,0.0,0.0
1080350,0.0,0.0,0.0,0.0,0.0,1.0,0.0
1080850,0.0,0.0,0.0,0.0,0.0,0.0,0.0
1080924,0.0,0.0,0.0,0.0,0.0,1.0,0.0
1081424,0.0,0.0,0.0,0.0,0.0,0.0,0.0
1081465,0.0,0.0,0.0,0.0,0.0,1.0,0.0
1081467,0.0,0.0,0.0,0.0,0.0,2.0,0.0
1081967,0.0,0.0,0.0,0.0,0.0,0.0,0.0
1083349,0.0,0.0,0.0,0.0,0.0,1.0,0.0
1083352,0.0,0.0,0.0,0.0,0.0,2.0,0.0
1083852,0.0,0.0,0.0,0.0,0.0,0.0,0.0
1084982,0.0,0.0,0.0,0.0,0.0,1.0,0.0
1085482,0.0,0.0,0.0,0.0,0.0,0.0,0.0
1085828,0.0,0.0,0.0,0.0,0.0,1.0,0.0
1085836,0.0,0.0,0.0,0.0,0.0,2.0,0.0
1086336,0.0,0.0,0.0,0.0,0.0,0.0,0.0
1086472,0.0,0.0,0.0,0.0,0.0,1.0,0.0
1086479,0.0,0.0,0.0,0.0,0.0,2.0,0.0
1086979,0.0,0.0,0.0,0.0,0.0,0.0,0.0
1087132,0.0,0.0,0.0,0.0,0.0,1.0,0.0
1087632,0.0,0.0,0.0,0.0,0.0,0.0,0.0
1088821,0.0,0.0,0.0,0.0,0.0,1.0,0.0
1089225,0.0,0.0,0.0,0.0,0.0,2.0,0.0
1089725,0.0,0.0,0.0,0.0,0.0,0.0,0.0
1089807,0.0,0.0,0.0,0.0,0.0,1.0,0.0
1090307,0.0,0.0,0.0,0.0,0.0,0.0,0.0
1090508,0.0,0.0,0.0,0.0,0.0,1.0,0.0
1090553,0.0,0.0,0.0,0.0,0.0,2.0,0.0
1091053,0.0,0.0,0.0,0.0,0.0,0.0,0.0
1091776,0.0,0.0,0.0,0.0,0.0,1.0,0.0
1091784,0.0,0.0,0.0,0.0,0.0,2.0,0.0
1092284,0.0,0.0,0.0,0.0,0.0,0.0,0.0
1093784,0.0,0.0,0.0,0.0,0.0,1.0,0.0
1094284,0.0,0.0,0.0,0.0,0.0,0.0,0.0
1094296,0.0,0.0,0.0,0.0,0.0,1.0,0.0
1094796,0.0,0.0,0.0,0.0,0.0,0.0,0.0
1094822,0.0,0.0,0.0,0.0,0.0,1.0,0.0
1095322,0.0,0.0,0.0,0.0,0.0,0.0,0.0
1095434,0.0,0.0,0.0,0.0,0.0,1.0,0.0
1095436,0.0,0.0,0.0,0.0,0.0,2.0,0.0
1095936,0.0,0.0,0.0,0.0,0.0,0.0,0.0
1096027,0.0,0.0,0.0,0.0,0.0,1.0,0.0
1096527,0.0,0.0,0.0,0.0,0.0,0.0,0.0
1096528,0.0,0.0,0.0,0.0,0.0,1.0,0.0
1097010,0.0,0.0,0.0,0.0,0.0,2.0,0.0
1097510,0.0,0.0,0.0,0.0,0.0,0.0,0.0
1097863,0.0,0.0,0.0,0.0,0.0,1.0,0.0
1098363,0.0,0.0,0.0,0.0,0.0,0.0,0.0
1098467,0.0,0.0,0.0,0.0,0.0,1.0,0.0
1098967,0.0,0.0,0.0,0.0,0.0,0.0,0.0
1099148,0.0,0.0,0.0,0.0,0.0,1.0,0.0
1099648,0.0,0.0,0.0,0.0,0.0,0.0,0.0
1099759,0.0,0.0,0.0,0.0,0.0,1.0,0.0
1100259,0.0,0.0,0.0,0.0,0.0,0.0,0.0
1101345,0.0,0.0,0.0,0.0,0.0,1.0,0.0
1101349,0.0,0.0,0.0,0.0,0.0,2.0,0.0
1101824,0.0,0.0,0.0,0.0,1.0,2.0,0.0
1101825,0.0,0.0,0.0,0.0,2.0,2.0,0.0
1101849,0.0,0.0,0.0,0.0,2.0,0.0,0.0
1102325,0.0,0.0,0.0,0.0,0.0,0.0,0.0
1103157,0.0,0.0,0.0,0.0,0.0,1.0,0.0
1103657,0.0,0.0,0.0,0.0,0.0,0.0,0.0
1104787,0.0,0.0,0.0,0.0,0.0,1.0,0.0
1105287,0.0,0.0,0.0,0.0,0.0,0.0,0.0
1106058,0.0,0.0,0.0,0.0,0.0,1.0,0.0
1106558,0.0,0.0,0.0,0.0,0.0,0.0,0.0
1108328,0.0,0.0,0.0,0.0,0.0,1.0,0.0
1108828,0.0,0.0,0.0,0.0,0.0,0.0,0.0
1110271,0.0,0.0,0.0,0.0,1.0,0.0,0.0
1110272,0.0,0.0,0.0,0.0,2.0,0.0,0.0
1110772,0.0,0.0,0.0,0.0,0.0,0.0,0.0
1110924,0.0,0.0,0.0,0.0,0.0,1.0,0.0
1111406,0.0,0.0,0.0,0.0,0.0,2.0,0.0
1111906,0.0,0.0,0.0,0.0,0.0,0.0,0.0
1112948,0.0,0.0,0.0,0.0,0.0,1.0,0.0
1113448,0.0,0.0,0.0,0.0,0.0,0.0,0.0
1115601,0.0,0.0,0.0,0.0,0.0,1.0,0.0
1116101,0.0,0.0,0.0,0.0,0.0,0.0,0.0
1116938,0.0,0.0,0.0,0.0,0.0,1.0,0.0
1117438,0.0,0.0,0.0,0.0,0.0,0.0,0.0
1117473,0.0,0.0,0.0,0.0,0.0,1.0,0.0
1117973,0.0,0.0,0.0,0.0,0.0,0.0,0.0
1118649,0.0,0.0,0.0,0.0,0.0,1.0,0.0
1119149,0.0,0.0,0.0,0.0,0.0,0.0,0.0
1121746,0.0,0.0,0.0,0.0,0.0,1.0,0.0
1121748,0.0,0.0,0.0,0.0,0.0,2.0,0.0
1122248,0.0,0.0,0.0,0.0,0.0,0.0,0.0
1123746,0.0,0.0,0.0,0.0,0.0,1.0,0.0
1124246,0.0,0.0,0.0,0.0,0.0,0.0,0.0
1124494,0.0,0.0,0.0,0.0,0.0,1.0,0.0
1124994,0.0,0.0,0.0,0.0,0.0,0.0,0.0
1126103,0.0,0.0,0.0,0.0,0.0,1.0,0.0
1126603,0.0,0.0,0.0,0.0,0.0,0.0,0.0
1126728,0.0,0.0,0.0,0.0,0.0,1.0,0.0
1127228,0.0,0.0,0.0,0.0,0.0,0.0,0.0
1127427,0.0,0.0,0.0,0.0,0.0,1.0,0.0
1127927,0.0,0.0,0.0,0.0,0.0,0.0,0.0
1129327,0.0,0.0,0.0,0.0,0.0,1.0,0.0
1129348,0.0,0.0,0.0,0.0,0.0,2.0,0.0
1129848,0.0,0.0,0.0,0.0,0.0,0.0,0.0
1138090,0.0,0.0,0.0,0.0,0.0,1.0,0.0
1138475,0.0,0.0,0.0,0.0,0.0,2.0,0.0
1138975,0.0,0.0,0.0,0.0,0.0,0.0,0.0
1139990,0.0,0.0,0.0,0.0,0.0,1.0,0.0
1140490,0.0,0.0,0.0,0.0,0.0,0.0,0.0
1147809,0.0,0.0,0.0,0.0,0.0,1.0,0.0
1148309,0.0,0.0,0.0,0.0,0.0,0.0,0.0
1148385,0.0,0.0,0.0,0.0,0.0,1.0,0.0
1148397,0.0,0.0,0.0,0.0,0.0,2.0,0.0
1148897,0.0,0.0,0.0,0.0,0.0,0.0,0.0
1150765,0.0,0.0,0.0,0.0,0.0,1.0,0.0
1151265,0.0,0.0,0.0,0.0,0.0,0.0,0.0
1154796,0.0,0.0,0.0,0.0,0.0,1.0,0.0
1155296,0.0,0.0,0.0,0.0,0.0,0.0,0.0
1156415,0.0,0.0,0.0,0.0,0.0,1.0,0.0
1156915,0.0,0.0,0.0,0.0,0.0,0.0,0.0
1158790,0.0,0.0,0.0,0.0,0.0,1.0,0.0
1159290,0.0,0.0,0.0,0.0,0.0,0.0,0.0
1159321,0.0,0.0,0.0,0.0,0.0,1.0,0.0
1159821,0.0,0.0,0.0,0.0,0.0,0.0,0.0
1162190,0.0,0.0,0.0,0.0,0.0,1.0,0.0
1162690,0.0,0.0,0.0,0.0,0.0,0.0,0.0
1168659,0.0,0.0,0.0,0.0,0.0,1.0,0.0
1169159,0.0,0.0,0.0,0.0,0.0,0.0,0.0
1172159,0.0,0.0,0.0,0.0,0.0,1.0,0.0
1172659,0.0,0.0,0.0,0.0,0.0,0.0,0.0
1173541,0.0,0.0,0.0,0.0,0.0,1.0,0.0
1174041,0.0,0.0,0.0,0.0,0.0,0.0,0.0
1174587,0.0,0.0,0.0,0.0,0.0,1.0,0.0
1174589,0.0,0.0,0.0,0.0,0.0,2.0,0.0
1175089,0.0,0.0,0.0,0.0,0.0,0.0,0.0
1175516,0.0,0.0,0.0,0.0,0.0,1.0,0.0
1176016,0.0,0.0,0.0,0.0,0.0,0.0,0.0
1179391,0.0,0.0,0.0,0.0,0.0,1.0,0.0
1179891,0.0,0.0,0.0,0.0,0.0,0.0,0.0
1180067,0.0,0.0,0.0,0.0,0.0,1.0,0.0
1180337,0.0,0.0,0.0,0.0,0.0,2.0,0.0
1180837,0.0,0.0,0.0,0.0,0.0,0.0,0.0
1183369,0.0,0.0,0.0,0.0,0.0,1.0,0.0
1183528,0.0,0.0,0.0,0.0,0.0,2.0,0.0
1184028,0.0,0.0,0.0,0.0,0.0,0.0,0.0
1188778,0.0,0.0,0.0,0.0,0.0,1.0,0.0
1189278,0.0,0.0,0.0,0.0,0.0,0.0,0.0
1190629,0.0,0.0,0.0,0.0,0.0,1.0,0.0
1191129,0.0,0.0,0.0,0.0,0.0,0.0,0.0
1192060,0.0,0.0,0.0,0.0,0.0,1.0,0.0
1192560,0.0,0.0,0.0,0.0,0.0,0.0,0.0
1195458,0.0,0.0,0.0,0.0,0.0,1.0,0.0
1195958,0.0,0.0,0.0,0.0,0.0,0.0,0.0
1198493,0.0,0.0,0.0,0.0,0.0,1.0,0.0
1198993,0.0,0.0,0.0,0.0,0.0,0.0,0.0
1200000,0.0,0.0,0.0,0.0,0.0,0.0,1.0
1200020,0.0,0.0,0.0,0.0,0.0,1.0,1.0
1200199,0.0,0.0,0.0,0.0,1.0,1.0,1.0
1200208,0.0,0.0,0.0,0.0,2.0,2.0,1.0
1200223,2.0,0.0,0.0,0.0,2.0,2.0,1.0
1200500,2.0,0.0,0.0,0.0,2.0,2.0,0.0
1200553,2.0,2.0,0.0,0.0,2.0,2.0,0.0
1200708,2.0,2.0,0.0,0.0,0.0,0.0,0.0
1200723,0.0,2.0,0.0,0.0,0.0,0.0,0.0
1201053,0.0,0.0,0.0,0.0,0.0,0.0,0.0
1202191,0.0,0.0,0.0,0.0,0.0,1.0,0.0
1202691,0.0,0.0,0.0,0.0,0.0,0.0,0.0
1202694,0.0,0.0,0.0,0.0,0.0,1.0,0.0
1202701,0.0,0.0,0.0,0.0,0.0,2.0,0.0
1203201,0.0,0.0,0.0,0.0,0.0,0.0,0.0
1203458,0.0,0.0,0.0,0.0,0.0,1.0,0.0
1203958,0.0,0.0,0.0,0.0,0.0,0.0,0.0
1203978,0.0,0.0,0.0,0.0,0.0,1.0,0.0
1204478,0.0,0.0,0.0,0.0,0.0,0.0,0.0
1204508,0.0,0.0,0.0,0.0,0.0,1.0,0.0
1204527,0.0,0.0,0.0,0.0,0.0,2.0,0.0
1205027,0.0,0.0,0.0,0.0,0.0,0.0,0.0
1205422,0.0,0.0,0.0,0.0,0.0,1.0,0.0
1205922,0.0,0.0,0.0,0.0,0.0,0.0,0.0
1205946,0.0,0.0,0.0,0.0,0.0,1.0,0.0
1206163,0.0,0.0,0.0,0.0,1.0,1.0,0.0
1206446,0.0,0.0,0.0,0.0,1.0,0.0,0.0
1206601,0.0,0.0,0.0,0.0,1.0,1.0,0.0
1206663,0.0,0.0,0.0,0.0,0.0,1.0,0.0
1207101,0.0,0.0,0.0,0.0,0.0,0.0,0.0
1207117,0.0,0.0,0.0,0.0,0.0,1.0,0.0
1207617,0.0,0.0,0.0,0.0,0.0,0.0,0.0
1207732,0.0,0.0,0.0,0.0,0.0,1.0,0.0
1208232,0.0,0.0,0.0,0.0,0.0,0.0,0.0
1208754,0.0,0.0,0.0,0.0,0.0,1.0,0.0
1209253,0.0,0.0,0.0,0.0,0.0,2.0,0.0
1209753,0.0,0.0,0.0,0.0,0.0,0.0,0.0
1210076,0.0,0.0,0.0,0.0,0.0,1.0,0.0
1210080,0.0,0.0,0.0,0.0,0.0,2.0,0.0
1210580,0.0,0.0,0.0,0.0,0.0,0.0,0.0
1210990,0.0,0.0,0.0,0.0,0.0,1.0,0.0
1211490,0.0,0.0,0.0,0.0,0.0,0.0,0.0
1211523,0.0,0.0,0.0,0.0,0.0,1.0,0.0
1212023,0.0,0.0,0.0,0.0,0.0,0.0,0.0
1212133,0.0,0.0,0.0,0.0,0.0,1.0,0.0
1212633,0.0,0.0,0.0,0.0,0.0,0.0,0.0
1212866,0.0,0.0,0.0,0.0,0.0,1.0,0.0
1213366,0.0,0.0,0.0,0.0,0.0,0.0,0.0
1213748,0.0,0.0,0.0,0.0,0.0,1.0,0.0
1213754,0.0,0.0,0.0,0.0,0.0,2.0,0.0
1214254,0.0,0.0,0.0,0.0,0.0,0.0,0.0
1216847,0.0,0.0,0.0,0.0,0.0,1.0,0.0
1217347,0.0,0.0,0.0,0.0,0.0,0.0,0.0
1217991,0.0,0.0,0.0,0.0,0.0,1.0,0.0
1218491,0.0,0.0,0.0,0.0,0.0,0.0,0.0
1219072,0.0,0.0,0.0,0.0,0.0,1.0,0.0
1219101,0.0,0.0,0.0,0.0,0.0,2.0,0.0
1219601,0.0,0.0,0.0,0.0,0.0,0.0,0.0
1219770,0.0,0.0,0.0,0.0,0.0,1.0,0.0
1219982,0.0,0.0,0.0,0.0,0.0,2.0,0.0
1220482,0.0,0.0,0.0,0.0,0.0,0.0,0.0
1220883,0.0,0.0,0.0,0.0,0.0,1.0,0.0
1220905,0.0,0.0,0.0,0.0,0.0,2.0,0.0
1221405,0.0,0.0,0.0,0.0,0.0,0.0,0.0
1221513,0.0,0.0,0.0,0.0,0.0,1.0,0.0
1221517,0.0,0.0,0.0,0.0,0.0,2.0,0.0
1221584,0.0,0.0,0.0,0.0,1.0,2.0,0.0
1222017,0.0,0.0,0.0,0.0,1.0,0.0,0.0
1222084,0.0,0.0,0.0,0.0,0.0,0.0,0.0
1223033,0.0,0.0,0.0,0.0,0.0,1.0,0.0
1223035,0.0,0.0,0.0,0.0,0.0,2.0,0.0
1223535,0.0,0.0,0.0,0.0,0.0,0.0,0.0
1224024,0.0,0.0,0.0,0.0,0.0,1.0,0.0
1224524,0.0,0.0,0.0,0.0,0.0,0.0,0.0
1224761,0.0,0.0,0.0,0.0,0.0,1.0,0.0
1224788,0.0,0.0,0.0,0.0,0.0,2.0,0.0
1225288,0.0,0.0,0.0,0.0,0.0,0.0,0.0
1225601,0.0,0.0,0.0,0.0,0.0,1.0,0.0
1226101,0.0,0.0,0.0,0.0,0.0,0.0,0.0
1226172,0.0,0.0,0.0,0.0,0.0,1.0,0.0
1226672,0.0,0.0,0.0,0.0,0.0,0.0,0.0
1226830,0.0,0.0,0.0,0.0,0.0,1.0,0.0
1227330,0.0,0.0,0.0,0.0,0.0,0.0,0.0
1227871,0.0,0.0,0.0,0.0,0.0,1.0,0.0
1228138,0.0,0.0,0.0,0.0,1.0,1.0,0.0
1228371,0.0,0.0,0.0,0.0,1.0,0.0,0.0
1228638,0.0,0.0,0.0,0.0,0.0,0.0,0.0
1230721,0.0,0.0,0.0,0.0,0.0,1.0,0.0
1231221,0.0,0.0,0.0,0.0,0.0,0.0,0.0
1231637,0.0,0.0,0.0,0.0,0.0,1.0,0.0
1231940,0.0,0.0,0.0,0.0,0.0,2.0,0.0
1232440,0.0,0.0,0.0,0.0,0.0,0.0,0.0
1232985,0.0,0.0,0.0,0.0,0.0,1.0,0.0
1233485,0.0,0.0,0.0,0.0,0.0,0.0,0.0
1234826,0.0,0.0,0.0,0.0,0.0,1.0,0.0
1235326,0.0,0.0,0.0,0.0,0.0,0.0,0.0
1235421,0.0,0.0,0.0,0.0,0.0,1.0,0.0
1235846,0.0,0.0,0.0,0.0,0.0,2.0,0.0
1236346,0.0,0.0,0.0,0.0,0.0,0.0,0.0
1236425,0.0,0.0,0.0,0.0,0.0,1.0,0.0
1236808,0.0,0.0,0.0,0.0,0.0,2.0,0.0
1237308,0.0,0.0,0.0,0.0,0.0,0.0,0.0
1237510,0.0,0.0,0.0,0.0,0.0,1.0,0.0
1238010,0.0,0.0,0.0,0.0,0.0,0.0,0.0
1238515,0.0,0.0,0.0,0.0,0.0,1.0,0.0
1239015,0.0,0.0,0.0,0.0,0.0,0.0,0.0
1240402,0.0,0.0,0.0,0.0,0.0,1.0,0.0
1240414,0.0,0.0,0.0,0.0,0.0,2.0,0.0
1240914,0.0,0.0,0.0,0.0,0.0,0.0,0.0
1241129,0.0,0.0,0.0,0.0,0.0,1.0,0.0
1241629,0.0,0.0,0.0,0.0,0.0,0.0,0.0
1241879,0.0,0.0,0.0,0.0,0.0,1.0,0.0
1242379,0.0,0.0,0.0,0.0,0.0,0.0,0.0
1243046,0.0,0.0,0.0,0.0,0.0,1.0,0.0
1243048,0.0,0.0,0.0,0.0,0.0,2.0,0.0
1243548,0.0,0.0,0.0,0.0,0.0,0.0,0.0
1244314,0.0,0.0,0.0,0.0,0.0,1.0,0.0
1244814,0.0,0.0,0.0,0.0,0.0,0.0,0.0
1245284,0.0,0.0,0.0,0.0,0.0,1.0,0.0
1245784,0.0,0.0,0.0,0.0,0.0,0.0,0.0
1246797,0.0,0.0,0.0,0.0,0.0,1.0,0.0
1246807,0.0,0.0,0.0,0.0,0.0,2.0,0.0
1247307,0.0,0.0,0.0,0.0,0.0,0.0,0.0
1247513,0.0,0.0,0.0,0.0,0.0,1.0,0.0
1247916,0.0,0.0,0.0,0.0,0.0,2.0,0.0
1248416,0.0,0.0,0.0,0.0,0.0,0.0,0.0
1249201,0.0,0.0,0.0,0.0,0.0,1.0,0.0
1249289,0.0,0.0,0.0,0.0,0.0,2.0,0.0
1249789,0.0,0.0,0.0,0.0,0.0,0.0,0.0
1249843,0.0,0.0,0.0,0.0,0.0,1.0,0.0
1250343,0.0,0.0,0.0,0.0,0.0,0.0,0.0
1250368,0.0,0.0,0.0,0.0,0.0,1.0,0.0
1250868,0.0,0.0,0.0,0.0,0.0,0.0,0.0
1251397,0.0,0.0,0.0,0.0,0.0,1.0,0.0
1251897,0.0,0.0,0.0,0.0,0.0,0.0,0.0
1253149,0.0,0.0,0.0,0.0,0.0,1.0,0.0
1253649,0.0,0.0,0.0,0.0,0.0,0.0,0.0
1253741,0.0,0.0,0.0,0.0,0.0,1.0,0.0
1254241,0.0,0.0,0.0,0.0,0.0,0.0,0.0
1254649,0.0,0.0,0.0,0.0,0.0,1.0,0.0
1255149,0.0,0.0,0.0,0.0,0.0,0.0,0.0
1256265,0.0,0.0,0.0,0.0,0.0,1.0,0.0
1256272,0.0,0.0,0.0,0.0,0.0,2.0,0.0
1256772,0.0,0.0,0.0,0.0,0.0,0.0,0.0
1257219,0.0,0.0,0.0,0.0,0.0,1.0,0.0
1257394,0.0,0.0,0.0,0.0,0.0,2.0,0.0
1257894,0.0,0.0,0.0,0.0,0.0,0.0,0.0
1258140,0.0,0.0,0.0,0.0,0.0,1.0,0.0
1258157,0.0,0.0,0.0,0.0,0.0,2.0,0.0
1258657,0.0,0.0,0.0,0.0,0.0,0.0,0.0
1258670,0.0,0.0,0.0,0.0,0.0,1.0,0.0
1258672,0.0,0.0,0.0,0.0,0.0,2.0,0.0
1259172,0.0,0.0,0.0,0.0,0.0,0.0,0.0
1259241,0.0,0.0,0.0,0.0,0.0,1.0,0.0
1259741,0.0,0.0,0.0,0.0,0.0,0.0,0.0
1259791,0.0,0.0,0.0,0.0,0.0,1.0,0.0
1260223,0.0,0.0,0.0,0.0,0.0,2.0,0.0
1260723,0.0,0.0,0.0,0.0,0.0,0.0,0.0
1260736,0.0,0.0,0.0,0.0,0.0,1.0,0.0
1261236,0.0,0.0,0.0,0.0,0.0,0.0,0.0
1261816,0.0,0.0,0.0,0.0,0.0,1.0,0.0
1261820,0.0,0.0,0.0,0.0,0.0,2.0,0.0
1262320,0.0,0.0,0.0,0.0,0.0,0.0,0.0
1262724,0.0,0.0,0.0,0.0,0.0,1.0,0.0
1263224,0.0,0.0,0.0,0.0,0.0,0.0,0.0
1264087,0.0,0.0,0.0,0.0,0.0,1.0,0.0
1264587,0.0,0.0,0.0,0.0,0.0,0.0,0.0
1266299,0.0,0.0,0.0,0.0,0.0,1.0,0.0
1266799,0.0,0.0,0.0,0.0,0.0,0.0,0.0
1267225,0.0,0.0,0.0,0.0,0.0,1.0,0.0
1267569,0.0,0.0,0.0,0.0,0.0,2.0,0.0
1268069,0.0,0.0,0.0,0.0,0.0,0.0,0.0
1268515,0.0,0.0,0.0,0.0,0.0,1.0,0.0
1268517,0.0,0.0,0.0,0.0,0.0,2.0,0.0
1269017,0.0,0.0,0.0,0.0,0.0,0.0,0.0
1269879,0.0,0.0,0.0,0.0,0.0,1.0,0.0
1270379,0.0,0.0,0.0,0.0,0.0,0.0,0.0
1271111,0.0,0.0,0.0,0.0,0.0,1.0,0.0
1271158,0.0,0.0,0.0,0.0,0.0,2.0,0.0
1271658,0.0,0.0,0.0,0.0,0.0,0.0,0.0
1272701,0.0,0.0,0.0,0.0,0.0,1.0,0.0
1273201,0.0,0.0,0.0,0.0,0.0,0.0,0.0
1273587,0.0,0.0,0.0,0.0,0.0,1.0,0.0
1274087,0.0,0.0,0.0,0.0,0.0,0.0,0.0
1274439,0.0,0.0,0.0,0.0,0.0,1.0,0.0
1274442,0.0,0.0,0.0,0.0,0.0,2.0,0.0
1274942,0.0,0.0,0.0,0.0,0.0,0.0,0.0
1275925,0.0,0.0,0.0,0.0,0.0,1.0,0.0
1276425,0.0,0.0,0.0,0.0,0.0,0.0,0.0
1276492,0.0,0.0,0.0,0.0,0.0,1.0,0.0
1276992,0.0,0.0,0.0,0.0,0.0,0.0,0.0
1277457,0.0,0.0,0.0,0.0,0.0,1.0,0.0
1277791,0.0,0.0,0.0,0.0,0.0,2.0,0.0
1278291,0.0,0.0,0.0,0.0,0.0,0.0,0.0
1279067,0.0,0.0,0.0,0.0,0.0,1.0,0.0
1279567,0.0,0.0,0.0,0.0,0.0,0.0,0.0
1279726,0.0,0.0,0.0,0.0,0.0,1.0,0.0
1280226,0.0,0.0,0.0,0.0,0.0,0.0,0.0
1280978,0.0,0.0,0.0,0.0,0.0,1.0,0.0
1281478,0.0,0.0,0.0,0.0,0.0,0.0,0.0
1281790,0.0,0.0,0.0,0.0,0.0,1.0,0.0
1282290,0.0,0.0,0.0,0.0,0.0,0.0,0.0
1282657,0.0,0.0,0.0,0.0,0.0,1.0,0.0
1283157,0.0,0.0,0.0,0.0,0.0,0.0,0.0
1283949,0.0,0.0,0.0,0.0,0.0,1.0,0.0
1284449,0.0,0.0,0.0,0.0,0.0,0.0,0.0
1284458,0.0,0.0,0.0,0.0,0.0,1.0,0.0
1284460,0.0,0.0,0.0,0.0,0.0,2.0,0.0
1284960,0.0,0.0,0.0,0.0,0.0,0.0,0.0
1285202,0.0,0.0,0.0,0.0,0.0,1.0,0.0
1285204,0.0,0.0,0.0,0.0,0.0,2.0,0.0
1285704,0.0,0.0,0.0,0.0,0.0,0.0,0.0
1286199,0.0,2.0,0.0,0.0,0.0,0.0,0.0
1286511,0.0,2.0,0.0,0.0,0.0,1.0,0.0
1286513,0.0,2.0,0.0,0.0,0.0,2.0,0.0
1286699,0.0,0.0,0.0,0.0,0.0,2.0,0.0
1287013,0.0,0.0,0.0,0.0,0.0,0.0,0.0
1287285,0.0,0.0,0.0,0.0,0.0,1.0,0.0
1287520,0.0,0.0,0.0,0.0,0.0,2.0,0.0
1288020,0.0,0.0,0.0,0.0,0.0,0.0,0.0
1288569,0.0,0.0,0.0,0.0,0.0,1.0,0.0
1289069,0.0,0.0,0.0,0.0,0.0,0.0,0.0
1289153,0.0,0.0,0.0,0.0,0.0,1.0,0.0
1289653,0.0,0.0,0.0,0.0,0.0,0.0,0.0
1289905,0.0,0.0,0.0,0.0,0.0,1.0,0.0
1290405,0.0,0.0,0.0,0.0,0.0,0.0,0.0
1290930,0.0,0.0,0.0,0.0,0.0,1.0,0.0
1291430,0.0,0.0,0.0,0.0,0.0,0.0,0.0
1291778,0.0,0.0,0.0,0.0,0.0,1.0,0.0
1292278,0.0,0.0,0.0,0.0,0.0,0.0,0.0
1292480,0.0,0.0,0.0,0.0,0.0,1.0,0.0
1292980,0.0,0.0,0.0,0.0,0.0,0.0,0.0
1294262,0.0,0.0,0.0,0.0,0.0,1.0,0.0
1294269,0.0,0.0,0.0,0.0,0.0,2.0,0.0
1294769,0.0,0.0,0.0,0.0,0.0,0.0,0.0
1295114,0.0,0.0,0.0,0.0,0.0,1.0,0.0
1295614,0.0,0.0,0.0,0.0,0.0,0.0,0.0
1295872,0.0,0.0,0.0,0.0,0.0,1.0,0.0
1296211,0.0,0.0,0.0,0.0,0.0,2.0,0.0
1296711,0.0,0.0,0.0,0.0,0.0,0.0,0.0
1296792,0.0,0.0,0.0,0.0,0.0,1.0,0.0
1297123,0.0,0.0,0.0,0.0,0.0,2.0,0.0
1297623,0.0,0.0,0.0,0.0,0.0,0.0,0.0
1297793,0.0,0.0,0.0,0.0,0.0,1.0,0.0
1297811,0.0,0.0,0.0,0.0,0.0,2.0,0.0
1298311,0.0,0.0,0.0,0.0,0.0,0.0,0.0
1299186,0.0,0.0,0.0,0.0,0.0,1.0,0.0
1299686,0.0,0.0,0.0,0.0,0.0,0.0,0.0
1301007,0.0,0.0,0.0,0.0,1.0,1.0,0.0
1301507,0.0,0.0,0.0,0.0,0.0,0.0,0.0
1301763,0.0,0.0,0.0,0.0,1.0,0.0,0.0
1301864,0.0,0.0,0.0,0.0,1.0,1.0,0.0
1302263,0.0,0.0,0.0,0.0,0.0,1.0,0.0
1302364,0.0,0.0,0.0,0.0,0.0,0.0,0.0
1304386,0.0,0.0,0.0,0.0,0.0,1.0,0.0
1304886,0.0,0.0,0.0,0.0,0.0,0.0,0.0
1307437,0.0,0.0,0.0,0.0,0.0,1.0,0.0
1307937,0.0,0.0,0.0,0.0,0.0,0.0,0.0
1308852,0.0,0.0,0.0,0.0,1.0,0.0,0.0
1309352,0.0,0.0,0.0,0.0,0.0,0.0,0.0
1309516,0.0,0.0,0.0,0.0,0.0,1.0,0.0
1310016,0.0,0.0,0.0,0.0,0.0,0.0,0.0
1313017,0.0,0.0,0.0,0.0,0.0,1.0,0.0
1313517,0.0,0.0,0.0,0.0,0.0,0.0,0.0
1313853,0.0,0.0,0.0,0.0,0.0,1.0,0.0
1314353,0.0,0.0,0.0,0.0,0.0,0.0,0.0
1314555,0.0,0.0,0.0,0.0,0.0,1.0,0.0
1315055,0.0,0.0,0.0,0.0,0.0,0.0,0.0
1317595,0.0,0.0,0.0,0.0,0.0,1.0,0.0
1318095,0.0,0.0,0.0,0.0,0.0,0.0,0.0
1318159,0.0,0.0,0.0,0.0,0.0,1.0,0.0
1318165,0.0,0.0,0.0,0.0,0.0,2.0,0.0
1318665,0.0,0.0,0.0,0.0,0.0,0.0,0.0
1321902,0.0,0.0,0.0,0.0,0.0,1.0,0.0
1322402,0.0,0.0,0.0,0.0,0.0,0.0,0.0
1326379,0.0,0.0,0.0,0.0,0.0,1.0,0.0
1326879,0.0,0.0,0.0,0.0,0.0,0.0,0.0
1328650,0.0,0.0,0.0,0.0,0.0,1.0,0.0
1329150,0.0,0.0,0.0,0.0,0.0,0.0,0.0
1329336,0.0,0.0,0.0,0.0,0.0,1.0,0.0
1329836,0.0,0.0,0.0,0.0,0.0,0.0,0.0
1331911,0.0,0.0,0.0,0.0,0.0,1.0,0.0
1332411,0.0,0.0,0.0,0.0,0.0,0.0,0.0
1335518,0.0,0.0,0.0,0.0,0.0,1.0,0.0
1336018,0.0,0.0,0.0,0.0,0.0,0.0,0.0
1336356,0.0,0.0,0.0,0.0,0.0,1.0,0.0
1336856,0.0,0.0,0.0,0.0,0.0,0.0,0.0
1337165,0.0,0.0,0.0,0.0,0.0,1.0,0.0
1337665,0.0,0.0,0.0,0.0,0.0,0.0,0.0
1338290,0.0,0.0,0.0,0.0,0.0,1.0,0.0
1338333,0.0,0.0,0.0,0.0,0.0,2.0,0.0
1338833,0.0,0.0,0.0,0.0,0.0,0.0,0.0
1340675,0.0,0.0,0.0,0.0,0.0,1.0,0.0
1341175,0.0,0.0,0.0,0.0,0.0,0.0,0.0
1342261,0.0,0.0,0.0,0.0,0.0,1.0,0.0
1342761,0.0,0.0,0.0,0.0,0.0,0.0,0.0
1343624,0.0,0.0,0.0,0.0,0.0,1.0,0.0
1344124,0.0,0.0,0.0,0.0,0.0,0.0,0.0
1344358,0.0,0.0,0.0,0.0,0.0,1.0,0.0
1344374,0.0,0.0,0.0,0.0,0.0,2.0,0.0
1344874,0.0,0.0,0.0,0.0,0.0,0.0,0.0
1347908,0.0,0.0,0.0,0.0,0.0,1.0,0.0
1347913,0.0,0.0,0.0,0.0,0.0,2.0,0.0
1348413,0.0,0.0,0.0,0.0,0.0,0.0,0.0
1348448,0.0,0.0,0.0,0.0,0.0,1.0,0.0
1348948,0.0,0.0,0.0,0.0,0.0,0.0,0.0
1352097,0.0,0.0,0.0,0.0,0.0,1.0,0.0
1352597,0.0,0.0,0.0,0.0,0.0,0.0,0.0
1356897,0.0,0.0,0.0,0.0,0.0,1.0,0.0
1357397,0.0,0.0,0.0,0.0,0.0,0.0,0.0
1358383,0.0,0.0,0.0,0.0,0.0,1.0,0.0
1358883,0.0,0.0,0.0,0.0,0.0,0.0,0.0
1360052,0.0,0.0,0.0,0.0,0.0,1.0,0.0
1360552,0.0,0.0,0.0,0.0,0.0,0.0,0.0
1360973,0.0,0.0,0.0,0.0,0.0,1.0,0.0
1360975,0.0,0.0,0.0,0.0,0.0,2.0,0.0
1361475,0.0,0.0,0.0,0.0,0.0,0.0,0.0
1362728,0.0,0.0,0.0,0.0,0.0,1.0,0.0
1363228,0.0,0.0,0.0,0.0,0.0,0.0,0.0
1363462,0.0,0.0,0.0,0.0,0.0,1.0,0.0
1363962,0.0,0.0,0.0,0.0,0.0,0.0,0.0
1366659,0.0,0.0,0.0,0.0,0.0,1.0,0.0
1367159,0.0,0.0,0.0,0.0,0.0,0.0,0.0
1368548,0.0,0.0,0.0,0.0,0.0,1.0,0.0
1369048,0.0,0.0,0.0,0.0,0.0,0.0,0.0
1374844,0.0,0.0,0.0,0.0,0.0,1.0,0.0
1375344,0.0,0.0,0.0,0.0,0.0,0.0,0.0
1376651,0.0,0.0,0.0,0.0,0.0,1.0,0.0
1377151,0.0,0.0,0.0,0.0,0.0,0.0,0.0
1378798,0.0,0.0,0.0,0.0,0.0,1.0,0.0
1378805,0.0,0.0,0.0,0.0,0.0,2.0,0.0
1379305,0.0,0.0,0.0,0.0,0.0,0.0,0.0
1381068,0.0,0.0,0.0,0.0,0.0,1.0,0.0
1381568,0.0,0.0,0.0,0.0,0.0,0.0,0.0
1385873,0.0,0.0,0.0,0.0,0.0,1.0,0.0
1386373,0.0,0.0,0.0,0.0,0.0,0.0,0.0
1387204,0.0,0.0,0.0,0.0,0.0,1.0,0.0
1387704,0.0,0.0,0.0,0.0,0.0,0.0,0.0
1389837,0.0,0.0,0.0,0.0,0.0,1.0,0.0
1389873,0.0,0.0,0.0,0.0,0.0,2.0,0.0
1390373,0.0,0.0,0.0,0.0,0.0,0.0,0.0
1393024,0.0,0.0,0.0,0.0,0.0,1.0,0.0
1393524,0.0,0.0,0.0,0.0,0.0,0.0,0.0
1396025,0.0,0.0,0.0,0.0,0.0,1.0,0.0
1396525,0.0,0.0,0.0,0.0,0.0,0.0,0.0
1396908,0.0,0.0,0.0,0.0,0.0,1.0,0.0
1397408,0.0,0.0,0.0,0.0,0.0,0.0,0.0
1399214,0.0,0.0,0.0,0.0,0.0,1.0,0.0
1399714,0.0,0.0,0.0,0.0,0.0,0.0,0.0
1400000,0.0,0.0,0.0,0.0,0.0,0.0,1.0
1400006,0.0,0.0,0.0,0.0,0.0,1.0,1.0
1400070,0.0,0.0,0.0,0.0,0.0,2.0,1.0
1400223,2.0,0.0,0.0,0.0,0.0,2.0,1.0
1400348,2.0,2.0,0.0,0.0,0.0,2.0,1.0
1400500,2.0,2.0,0.0,0.0,0.0,2.0,0.0
1400570,2.0,2.0,0.0,0.0,0.0,0.0,0.0
1400723,0.0,2.0,0.0,0.0,0.0,0.0,0.0
1400848,0.0,0.0,0.0,0.0,0.0,0.0,0.0
1401154,0.0,0.0,0.0,0.0,0.0,1.0,0.0
1401439,0.0,0.0,0.0,0.0,1.0,1.0,0.0
1401655,0.0,0.0,0.0,0.0,1.0,2.0,0.0
1401726,0.0,0.0,0.0,0.0,2.0,2.0,0.0
1402155,0.0,0.0,0.0,0.0,2.0,0.0,0.0
1402226,0.0,0.0,0.0,0.0,0.0,0.0,0.0
1402804,0.0,0.0,0.0,0.0,0.0,1.0,0.0
1403304,0.0,0.0,0.0,0.0,0.0,0.0,0.0
1403347,0.0,0.0,0.0,0.0,1.0,0.0,0.0
1403348,0.0,0.0,0.0,0.0,1.0,1.0,0.0
1403351,0.0,0.0,0.0,0.0,2.0,1.0,0.0
1403357,0.0,0.0,0.0,0.0,2.0,2.0,0.0
1403851,0.0,0.0,0.0,0.0,0.0,2.0,0.0
1403857,0.0,0.0,0.0,0.0,0.0,0.0,0.0
1404028,0.0,0.0,0.0,0.0,1.0,0.0,0.0
1404148,0.0,0.0,0.0,0.0,1.0,1.0,0.0
1404528,0.0,0.0,0.0,0.0,0.0,1.0,0.0
1404648,0.0,0.0,0.0,0.0,0.0,0.0,0.0
1405137,0.0,0.0,0.0,0.0,0.0,1.0,0.0
1405637,0.0,0.0,0.0,0.0,0.0,0.0,0.0
1405651,0.0,0.0,0.0,0.0,0.0,1.0,0.0
1405970,0.0,0.0,0.0,0.0,0.0,2.0,0.0
1406470,0.0,0.0,0.0,0.0,0.0,0.0,0.0
1406575,0.0,0.0,0.0,0.0,0.0,1.0,0.0
1407075,0.0,0.0,0.0,0.0,0.0,0.0,0.0
1407405,0.0,0.0,0.0,0.0,0.0,1.0,0.0
1407407,0.0,0.0,0.0,0.0,0.0,2.0,0.0
1407907,0.0,0.0,0.0,0.0,0.0,0.0,0.0
1408660,0.0,0.0,0.0,0.0,0.0,1.0,0.0
1408662,0.0,0.0,0.0,0.0,0.0,2.0,0.0
1409162,0.0,0.0,0.0,0.0,0.0,0.0,0.0
1409891,0.0,0.0,0.0,0.0,0.0,1.0,0.0
1409938,0.0,0.0,0.0,0.0,0.0,2.0,0.0
1409948,0.0,0.0,0.0,0.0,1.0,2.0,0.0
1409955,0.0,0.0,0.0,0.0,2.0,2.0,0.0
1410438,0.0,0.0,0.0,0.0,2.0,0.0,0.0
1410455,0.0,0.0,0.0,0.0,0.0,0.0,0.0
1411193,0.0,2.0,0.0,0.0,0.0,0.0,0.0
1411693,0.0,0.0,0.0,0.0,0.0,0.0,0.0
1411716,0.0,0.0,0.0,0.0,0.0,1.0,0.0
1412216,0.0,0.0,0.0,0.0,0.0,0.0,0.0
1412613,0.0,0.0,0.0,0.0,0.0,1.0,0.0
1413113,0.0,0.0,0.0,0.0,0.0,0.0,0.0
1413444,0.0,0.0,0.0,0.0,0.0,1.0,0.0
1413448,0.0,0.0,0.0,0.0,1.0,1.0,0.0
1413449,0.0,0.0,0.0,0.0,1.0,2.0,0.0
1413948,0.0,0.0,0.0,0.0,0.0,2.0,0.0
1413949,0.0,0.0,0.0,0.0,0.0,0.0,0.0
1415100,0.0,0.0,0.0,0.0,0.0,1.0,0.0
1415600,0.0,0.0,0.0,0.0,0.0,0.0,0.0
1415923,0.0,0.0,0.0,0.0,0.0,1.0,0.0
1415926,0.0,0.0,0.0,0.0,0.0,2.0,0.0
1416426,0.0,0.0,0.0,0.0,0.0,0.0,0.0
1416980,0.0,0.0,0.0,0.0,0.0,1.0,0.0
1417480,0.0,0.0,0.0,0.0,0.0,0.0,0.0
1418523,0.0,0.0,0.0,0.0,0.0,1.0,0.0
1419023,0.0,0.0,0.0,0.0,0.0,0.0,0.0
1419823,0.0,0.0,0.0,0.0,0.0,1.0,0.0
1420323,0.0,0.0,0.0,0.0,0.0,0.0,0.0
1421400,0.0,0.0,0.0,0.0,0.0,1.0,0.0
1421900,0.0,0.0,0.0,0.0,0.0,0.0,0.0
1421998,0.0,0.0,0.0,0.0,0.0,1.0,0.0
1422498,0.0,0.0,0.0,0.0,0.0,0.0,0.0
1422681,0.0,0.0,0.0,0.0,0.0,1.0,0.0
1422725,0.0,0.0,0.0,0.0,0.0,2.0,0.0
1423225,0.0,0.0,0.0,0.0,0.0,0.0,0.0
1423961,0.0,0.0,0.0,0.0,0.0,1.0,0.0
1423965,0.0,0.0,0.0,0.0,0.0,2.0,0.0
1423967,0.0,0.0,0.0,0.0,1.0,2.0,0.0
1424465,0.0,0.0,0.0,0.0,1.0,0.0,0.0
1424467,0.0,0.0,0.0,0.0,0.0,0.0,0.0
1424785,0.0,0.0,0.0,0.0,0.0,1.0,0.0
1424805,0.0,0.0,0.0,0.0,0.0,2.0,0.0
1425305,0.0,0.0,0.0,0.0,0.0,0.0,0.0
1425310,0.0,0.0,0.0,0.0,0.0,1.0,0.0
1425810,0.0,0.0,0.0,0.0,0.0,0.0,0.0
1426332,0.0,0.0,0.0,0.0,0.0,1.0,0.0
1426337,0.0,0.0,0.0,0.0,0.0,2.0,0.0
1426837,0.0,0.0,0.0,0.0,0.0,0.0,0.0
1427614,0.0,0.0,0.0,0.0,0.0,1.0,0.0
1427623,0.0,0.0,0.0,0.0,0.0,2.0,0.0
1427626,0.0,0.0,0.0,0.0,1.0,2.0,0.0
1428123,0.0,0.0,0.0,0.0,1.0,0.0,0.0
1428126,0.0,0.0,0.0,0.0,0.0,0.0,0.0
1428709,0.0,0.0,0.0,0.0,0.0,1.0,0.0
1428734,0.0,0.0,0.0,0.0,0.0,2.0,0.0
1429234,0.0,0.0,0.0,0.0,0.0,0.0,0.0
1429298,0.0,0.0,0.0,0.0,0.0,1.0,0.0
1429798,0.0,0.0,0.0,0.0,0.0,0.0,0.0
1429872,0.0,0.0,0.0,0.0,0.0,1.0,0.0
1430372,0.0,0.0,0.0,0.0,0.0,0.0,0.0
1430715,0.0,0.0,0.0,0.0,0.0,1.0,0.0
1430840,0.0,0.0,0.0,0.0,0.0,2.0,0.0
1431340,0.0,0.0,0.0,0.0,0.0,0.0,0.0
1431990,0.0,0.0,0.0,0.0,0.0,1.0,0.0
1432490,0.0,0.0,0.0,0.0,0.0,0.0,0.0
1432949,0.0,0.0,0.0,0.0,0.0,1.0,0.0
1433449,0.0,0.0,0.0,0.0,0.0,0.0,0.0
1433526,0.0,0.0,0.0,0.0,0.0,1.0,0.0
1434026,0.0,0.0,0.0,0.0,0.0,0.0,0.0
1434311,0.0,0.0,0.0,0.0,0.0,1.0,0.0
1434338,0.0,0.0,0.0,0.0,0.0,2.0,0.0
1434838,0.0,0.0,0.0,0.0,0.0,0.0,0.0
1435269,0.0,0.0,0.0,0.0,0.0,1.0,0.0
1435769,0.0,0.0,0.0,0.0,0.0,0.0,0.0
1436171,0.0,0.0,0.0,0.0,0.0,1.0,0.0
1436173,0.0,2.0,0.0,0.0,0.0,1.0,0.0
1436671,0.0,2.0,0.0,0.0,0.0,0.0,0.0
1436673,0.0,0.0,0.0,0.0,0.0,0.0,0.0
1437587,0.0,0.0,0.0,0.0,0.0,1.0,0.0
1438087,0.0,0.0,0.0,0.0,0.0,0.0,0.0
1438147,0.0,0.0,0.0,0.0,0.0,1.0,0.0
1438647,0.0,0.0,0.0,0.0,0.0,0.0,0.0
1439484,0.0,0.0,0.0,0.0,0.0,1.0,0.0
1439984,0.0,0.0,0.0,0.0,0.0,0.0,0.0
1440171,0.0,0.0,0.0,0.0,0.0,1.0,0.0
1440671,0.0,0.0,0.0,0.0,0.0,0.0,0.0
1441537,0.0,0.0,0.0,0.0,0.0,1.0,0.0
1441570,0.0,0.0,0.0,0.0,0.0,2.0,0.0
1442070,0.0,0.0,0.0,0.0,0.0,0.0,0.0
1442710,0.0,0.0,0.0,0.0,0.0,1.0,0.0
1442712,0.0,0.0,0.0,0.0,0.0,2.0,0.0
1443212,0.0,0.0,0.0,0.0,0.0,0.0,0.0
1443324,0.0,0.0,0.0,0.0,0.0,1.0,0.0
1443824,0.0,0.0,0.0,0.0,0.0,0.0,0.0
1444041,0.0,0.0,0.0,0.0,0.0,1.0,0.0
1444056,0.0,2.0,0.0,0.0,0.0,1.0,0.0
1444541,0.0,2.0,0.0,0.0,0.0,0.0,0.0
1444556,0.0,0.0,0.0,0.0,0.0,0.0,0.0
1445598,0.0,0.0,0.0,0.0,0.0,1.0,0.0
1446098,0.0,0.0,0.0,0.0,0.0,0.0,0.0
1446664,0.0,0.0,0.0,0.0,0.0,1.0,0.0
1447164,0.0,0.0,0.0,0.0,0.0,0.0,0.0
1447413,0.0,0.0,0.0,0.0,0.0,1.0,0.0
1447913,0.0,0.0,0.0,0.0,0.0,0.0,0.0
1448622,0.0,0.0,0.0,0.0,0.0,1.0,0.0
1449122,0.0,0.0,0.0,0.0,0.0,0.0,0.0
1449424,0.0,0.0,0.0,0.0,0.0,1.0,0.0
1449924,0.0,0.0,0.0,0.0,0.0,0.0,0.0
1450424,0.0,0.0,0.0,0.0,0.0,1.0,0.0
1450427,0.0,0.0,0.0,0.0,0.0,2.0,0.0
1450927,0.0,0.0,0.0,0.0,0.0,0.0,0.0
1451613,0.0,0.0,0.0,0.0,0.0,1.0,0.0
1452113,0.0,0.0,0.0,0.0,0.0,0.0,0.0
1453343,0.0,0.0,0.0,0.0,0.0,1.0,0.0
1453843,0.0,0.0,0.0,0.0,0.0,0.0,0.0
1454997,0.0,0.0,0.0,0.0,0.0,1.0,0.0
1455014,0.0,0.0,0.0,0.0,0.0,2.0,0.0
1455514,0.0,0.0,0.0,0.0,0.0,0.0,0.0
1456260,0.0,0.0,0.0,0.0,0.0,1.0,0.0
1456760,0.0,0.0,0.0,0.0,0.0,0.0,0.0
1457840,0.0,0.0,0.0,0.0,0.0,1.0,0.0
1458340,0.0,0.0,0.0,0.0,0.0,0.0,0.0
1458543,0.0,0.0,0.0,0.0,0.0,1.0,0.0
1458609,0.0,0.0,0.0,0.0,0.0,2.0,0.0
1459109,0.0,0.0,0.0,0.0,0.0,0.0,0.0
1459507,0.0,0.0,0.0,0.0,0.0,1.0,0.0
1460007,0.0,0.0,0.0,0.0,0.0,0.0,0.0
1461484,0.0,0.0,0.0,0.0,0.0,1.0,0.0
1461697,0.0,0.0,0.0,0.0,0.0,2.0,0.0
1462197,0.0,0.0,0.0,0.0,0.0,0.0,0.0
1462359,0.0,0.0,0.0,0.0,0.0,1.0,0.0
1462859,0.0,0.0,0.0,0.0,0.0,0.0,0.0
1464434,0.0,0.0,0.0,0.0,0.0,1.0,0.0
1464443,0.0,0.0,0.0,0.0,0.0,2.0,0.0
1464943,0.0,0.0,0.0,0.0,0.0,0.0,0.0
1466248,0.0,0.0,0.0,0.0,0.0,1.0,0.0
1466450,0.0,0.0,0.0,0.0,0.0,2.0,0.0
1466950,0.0,0.0,0.0,0.0,0.0,0.0,0.0
1468439,0.0,0.0,0.0,0.0,0.0,1.0,0.0
1468939,0.0,0.0,0.0,0.0,0.0,0.0,0.0
1469096,0.0,0.0,0.0,0.0,0.0,1.0,0.0
1469596,0.0,0.0,0.0,0.0,0.0,0.0,0.0
1469650,0.0,0.0,0.0,0.0,1.0,1.0,0.0
1470150,0.0,0.0,0.0,0.0,0.0,0.0,0.0
1470258,0.0,0.0,0.0,0.0,0.0,1.0,0.0
1470758,0.0,0.0,0.0,0.0,0.0,0.0,0.0
1471044,0.0,0.0,0.0,0.0,0.0,1.0,0.0
1471046,0.0,0.0,0.0,0.0,0.0,2.0,0.0
1471546,0.0,0.0,0.0,0.0,0.0,0.0,0.0
1472898,0.0,0.0,0.0,0.0,0.0,1.0,0.0
1472900,0.0,0.0,0.0,0.0,1.0,2.0,0.0
1473400,0.0,0.0,0.0,0.0,0.0,0.0,0.0
1474733,0.0,0.0,0.0,0.0,0.0,1.0,0.0
1475233,0.0,0.0,0.0,0.0,0.0,0.0,0.0
1476276,0.0,0.0,0.0,0.0,0.0,1.0,0.0
1476776,0.0,0.0,0.0,0.0,0.0,0.0,0.0
1476839,0.0,0.0,0.0,0.0,0.0,1.0,0.0
1476843,0.0,0.0,0.0,0.0,0.0,2.0,0.0
1477343,0.0,0.0,0.0,0.0,0.0,0.0,0.0
1478078,0.0,0.0,0.0,0.0,0.0,1.0,0.0
1478578,0.0,0.0,0.0,0.0,0.0,0.0,0.0
1479268,0.0,0.0,0.0,0.0,0.0,1.0,0.0
1479768,0.0,0.0,0.0,0.0,0.0,0.0,0.0
1480695,0.0,0.0,0.0,0.0,0.0,1.0,0.0
1481195,0.0,0.0,0.0,0.0,0.0,0.0,0.0
1481354,0.0,0.0,0.0,0.0,0.0,1.0,0.0
1481854,0.0,0.0,0.0,0.0,0.0,0.0,0.0
1482240,0.0,0.0,0.0,0.0,0.0,1.0,0.0
1482264,0.0,0.0,0.0,0.0,0.0,2.0,0.0
1482764,0.0,0.0,0.0,0.0,0.0,0.0,0.0
1483245,0.0,0.0,0.0,0.0,0.0,1.0,0.0
1483249,0.0,0.0,0.0,0.0,0.0,2.0,0.0
1483749,0.0,0.0,0.0,0.0,0.0,0.0,0.0
1483922,0.0,0.0,0.0,0.0,0.0,1.0,0.0
1484422,0.0,0.0,0.0,0.0,0.0,0.0,0.0
1484451,0.0,0.0,0.0,0.0,0.0,1.0,0.0
1484951,0.0,0.0,0.0,0.0,0.0,0.0,0.0
1485879,0.0,0.0,0.0,0.0,0.0,1.0,0.0
1485881,0.0,0.0,0.0,0.0,0.0,2.0,0.0
1486381,0.0,0.0,0.0,0.0,0.0,0.0,0.0
1487022,0.0,0.0,0.0,0.0,0.0,1.0,0.0
1487522,0.0,0.0,0.0,0.0,0.0,0.0,0.0
1487527,0.0,0.0,0.0,0.0,0.0,1.0,0.0
1487549,0.0,0.0,0.0,0.0,0.0,2.0,0.0
1488049,0.0,0.0,0.0,0.0,0.0,0.0,0.0
1488192,0.0,0.0,0.0,0.0,0.0,1.0,0.0
1488226,0.0,0.0,0.0,0.0,0.0,2.0,0.0
1488296,0.0,2.0,0.0,0.0,0.0,2.0,0.0
1488726,0.0,2.0,0.0,0.0,0.0,0.0,0.0
1488796,0.0,0.0,0.0,0.0,0.0,0.0,0.0
1491689,0.0,0.0,0.0,0.0,0.0,1.0,0.0
1491719,0.0,0.0,0.0,0.0,0.0,2.0,0.0
1492219,0.0,0.0,0.0,0.0,0.0,0.0,0.0
1492731,0.0,0.0,0.0,0.0,0.0,1.0,0.0
1493231,0.0,0.0,0.0,0.0,0.0,0.0,0.0
1493252,0.0,0.0,0.0,0.0,0.0,1.0,0.0
1493255,0.0,0.0,0.0,0.0,0.0,2.0,0.0
1493755,0.0,0.0,0.0,0.0,0.0,0.0,0.0
1493939,0.0,0.0,0.0,0.0,0.0,1.0,0.0
1493943,0.0,0.0,0.0,0.0,0.0,2.0,0.0
1494443,0.0,0.0,0.0,0.0,0.0,0.0,0.0
1494675,0.0,0.0,0.0,0.0,0.0,1.0,0.0
1495175,0.0,0.0,0.0,0.0,0.0,0.0,0.0
1495256,0.0,0.0,0.0,0.0,0.0,1.0,0.0
1495364,0.0,0.0,0.0,0.0,0.0,2.0,0.0
1495864,0.0,0.0,0.0,0.0,0.0,0.0,0.0
1497183,0.0,0.0,0.0,0.0,0.0,1.0,0.0
1497184,0.0,0.0,0.0,0.0,1.0,1.0,0.0
1497185,0.0,0.0,0.0,0.0,1.0,2.0,0.0
1497684,0.0,0.0,0.0,0.0,0.0,2.0,0.0
1497685,0.0,0.0,0.0,0.0,0.0,0.0,0.0
1497872,0.0,2.0,0.0,0.0,0.0,0.0,0.0
1498372,0.0,0.0,0.0,0.0,0.0,0.0,0.0
1499199,0.0,0.0,0.0,0.0,0.0,1.0,0.0
1499699,0.0,0.0,0.0,0.0,0.0,0.0,0.0
1499772,0.0,0.0,0.0,0.0,0.0,1.0,0.0
1500272,0.0,0.0,0.0,0.0,0.0,0.0,0.0
1500530,0.0,0.0,0.0,0.0,0.0,1.0,0.0
1501030,0.0,0.0,0.0,0.0,0.0,0.0,0.0
1502341,0.0,0.0,0.0,0.0,0.0,1.0,0.0
1502841,0.0,0.0,0.0,0.0,0.0,0.0,0.0
1504390,0.0,0.0,0.0,0.0,0.0,1.0,0.0
1504890,0.0,0.0,0.0,0.0,0.0,0.0,0.0
1506410,0.0,0.0,0.0,0.0,0.0,1.0,0.0
1506910,0.0,0.0,0.0,0.0,0.0,0.0,0.0
1510767,0.0,0.0,0.0,0.0,0.0,1.0,0.0
1511267,0.0,0.0,0.0,0.0,0.0,0.0,0.0
1513738,0.0,0.0,0.0,0.0,0.0,1.0,0.0
1514238,0.0,0.0,0.0,0.0,0.0,0.0,0.0
1516310,0.0,0.0,0.0,0.0,0.0,1.0,0.0
1516810,0.0,0.0,0.0,0.0,0.0,0.0,0.0
1520173,0.0,0.0,0.0,0.0,0.0,1.0,0.0
1520673,0.0,0.0,0.0,0.0,0.0,0.0,0.0
1521267,0.0,0.0,0.0,0.0,0.0,1.0,0.0
1521767,0.0,0.0,0.0,0.0,0.0,0.0,0.0
1524678,0.0,0.0,0.0,0.0,0.0,1.0,0.0
1525178,0.0,0.0,0.0,0.0,0.0,0.0,0.0
1526080,0.0,0.0,0.0,0.0,0.0,1.0,0.0
1526580,0.0,0.0,0.0,0.0,0.0,0.0,0.0
1526689,0.0,0.0,0.0,0.0,0.0,1.0,0.0
1527189,0.0,0.0,0.0,0.0,0.0,0.0,0.0
1528343,0.0,0.0,0.0,0.0,0.0,1.0,0.0
1528355,0.0,0.0,0.0,0.0,0.0,2.0,0.0
1528855,0.0,0.0,0.0,0.0,0.0,0.0,0.0
1530493,0.0,0.0,0.0,0.0,0.0,1.0,0.0
1530495,0.0,0.0,0.0,0.0,0.0,2.0,0.0
1530995,0.0,0.0,0.0,0.0,0.0,0.0,0.0
1535367,0.0,0.0,0.0,0.0,0.0,1.0,0.0
1535867,0.0,0.0,0.0,0.0,0.0,0.0,0.0
1538098,0.0,0.0,0.0,0.0,0.0,1.0,0.0
1538598,0.0,0.0,0.0,0.0,0.0,0.0,0.0
1539807,0.0,0.0,0.0,0.0,0.0,1.0,0.0
1540307,0.0,0.0,0.0,0.0,0.0,0.0,0.0
1541794,0.0,0.0,0.0,0.0,0.0,1.0,0.0
1542294,0.0,0.0,0.0,0.0,0.0,0.0,0.0
1544158,0.0,0.0,0.0,0.0,0.0,1.0,0.0
1544658,0.0,0.0,0.0,0.0,0.0,0.0,0.0
1546000,0.0,0.0,0.0,0.0,0.0,1.0,0.0
1546500,0.0,0.0,0.0,0.0,0.0,0.0,0.0
1548545,0.0,0.0,0.0,0.0,0.0,1.0,0.0
1549045,0.0,0.0,0.0,0.0,0.0,0.0,0.0
1549477,0.0,0.0,0.0,0.0,0.0,1.0,0.0
1549977,0.0,0.0,0.0,0.0,0.0,0.0,0.0
1551480,0.0,0.0,0.0,0.0,0.0,1.0,0.0
1551980,0.0,0.0,0.0,0.0,0.0,0.0,0.0
1553462,0.0,0.0,0.0,0.0,0.0,1.0,0.0
1553962,0.0,0.0,0.0,0.0,0.0,0.0,0.0
1554615,0.0,0.0,0.0,0.0,0.0,1.0,0.0
1555115,0.0,0.0,0.0,0.0,0.0,0.0,0.0
1555137,0.0,0.0,0.0,0.0,0.0,1.0,0.0
1555637,0.0,0.0,0.0,0.0,0.0,0.0,0.0
1555664,0.0,0.0,0.0,0.0,0.0,1.0,0.0
1555677,0.0,0.0,0.0,0.0,0.0,2.0,0.0
1556177,0.0,0.0,0.0,0.0,0.0,0.0,0.0
1559003,0.0,0.0,0.0,0.0,0.0,1.0,0.0
1559503,0.0,0.0,0.0,0.0,0.0,0.0,0.0
1560742,0.0,0.0,0.0,0.0,0.0,1.0,0.0
1561242,0.0,0.0,0.0,0.0,0.0,0.0,0.0
1562561,0.0,0.0,0.0,0.0,0.0,1.0,0.0
1563061,0.0,0.0,0.0,0.0,0.0,0.0,0.0
1566463,0.0,0.0,0.0,0.0,0.0,1.0,0.0
1566963,0.0,0.0,0.0,0.0,0.0,0.0,0.0
1568790,0.0,0.0,0.0,0.0,0.0,1.0,0.0
1568797,0.0,0.0,0.0,0.0,0.0,2.0,0.0
1569297,0.0,0.0,0.0,0.0,0.0,0.0,0.0
1572184,0.0,0.0,0.0,0.0,0.0,1.0,0.0
1572684,0.0,0.0,0.0,0.0,0.0,0.0,0.0
1577536,0.0,0.0,0.0,0.0,0.0,1.0,0.0
1578036,0.0,0.0,0.0,0.0,0.0,0.0,0.0
1582222,0.0,0.0,0.0,0.0,0.0,1.0,0.0
1582722,0.0,0.0,0.0,0.0,0.0,0.0,0.0
1584401,0.0,0.0,0.0,0.0,0.0,1.0,0.0
1584901,0.0,0.0,0.0,0.0,0.0,0.0,0.0
1587195,0.0,0.0,0.0,0.0,0.0,1.0,0.0
1587695,0.0,0.0,0.0,0.0,0.0,0.0,0.0
1587933,0.0,0.0,0.0,0.0,0.0,1.0,0.0
1587938,0.0,0.0,0.0,0.0,0.0,2.0,0.0
1588438,0.0,0.0,0.0,0.0,0.0,0.0,0.0
1588603,0.0,0.0,0.0,0.0,0.0,1.0,0.0
1589103,0.0,0.0,0.0,0.0,0.0,0.0,0.0
1593083,0.0,0.0,0.0,0.0,0.0,1.0,0.0
1593583,0.0,0.0,0.0,0.0,0.0,0.0,0.0
1593722,0.0,0.0,0.0,0.0,0.0,1.0,0.0
1593749,0.0,0.0,0.0,0.0,0.0,2.0,0.0
1594249,0.0,0.0,0.0,0.0,0.0,0.0,0.0
1595308,0.0,0.0,0.0,0.0,0.0,1.0,0.0
1595808,0.0,0.0,0.0,0.0,0.0,0.0,0.0
1599158,0.0,0.0,0.0,0.0,0.0,1.0,0.0
1599569,0.0,0.0,0.0,0.0,0.0,2.0,0.0
1600000,0.0,0.0,0.0,0.0,0.0,2.0,1.0
1600069,0.0,0.0,0.0,0.0,0.0,0.0,1.0
1600112,0.0,0.0,0.0,0.0,0.0,1.0,1.0
1600132,0.0,0.0,0.0,0.0,0.0,2.0,1.0
1600255,2.0,0.0,0.0,0.0,0.0,2.0,1.0
1600313,2.0,2.0,0.0,0.0,0.0,2.0,1.0
1600500,2.0,2.0,0.0,0.0,0.0,2.0,0.0
1600632,2.0,2.0,0.0,0.0,0.0,0.0,0.0
1600732,2.0,2.0,0.0,0.0,0.0,1.0,0.0
1600755,0.0,2.0,0.0,0.0,0.0,1.0,0.0
1600813,0.0,0.0,0.0,0.0,0.0,1.0,0.0
1600887,0.0,0.0,0.0,0.0,1.0,1.0,0.0
1601115,0.0,0.0,0.0,0.0,2.0,1.0,0.0
1601232,0.0,0.0,0.0,0.0,2.0,0.0,0.0
1601615,0.0,0.0,0.0,0.0,0.0,0.0,0.0
1603538,0.0,0.0,0.0,0.0,0.0,1.0,0.0
1603848,0.0,0.0,0.0,0.0,0.0,2.0,0.0
1604348,0.0,0.0,0.0,0.0,0.0,0.0,0.0
1604978,0.0,0.0,0.0,0.0,0.0,1.0,0.0
1605478,0.0,0.0,0.0,0.0,0.0,0.0,0.0
1606396,0.0,0.0,0.0,0.0,0.0,1.0,0.0
1606405,0.0,0.0,0.0,0.0,0.0,2.0,0.0
1606905,0.0,0.0,0.0,0.0,0.0,0.0,0.0
1607497,0.0,0.0,0.0,0.0,0.0,1.0,0.0
1607980,0.0,0.0,0.0,0.0,0.0,2.0,0.0
1608480,0.0,0.0,0.0,0.0,0.0,0.0,0.0
1609071,0.0,0.0,0.0,0.0,0.0,1.0,0.0
1609073,0.0,0.0,0.0,0.0,0.0,2.0,0.0
1609573,0.0,0.0,0.0,0.0,0.0,0.0,0.0
1610135,0.0,0.0,0.0,0.0,0.0,1.0,0.0
1610635,0.0,0.0,0.0,0.0,0.0,0.0,0.0
1611229,0.0,0.0,0.0,0.0,0.0,1.0,0.0
1611729,0.0,0.0,0.0,0.0,0.0,0.0,0.0
1612046,0.0,0.0,0.0,0.0,0.0,1.0,0.0
1612546,0.0,0.0,0.0,0.0,0.0,0.0,0.0
1613619,0.0,0.0,0.0,0.0,0.0,1.0,0.0
1613621,0.0,0.0,0.0,0.0,0.0,2.0,0.0
1614121,0.0,0.0,0.0,0.0,0.0,0.0,0.0
1614129,0.0,0.0,0.0,0.0,0.0,1.0,0.0
1614134,0.0,0.0,0.0,0.0,0.0,2.0,0.0
1614634,0.0,0.0,0.0,0.0,0.0,0.0,0.0
1614686,0.0,0.0,0.0,0.0,0.0,1.0,0.0
1615024,0.0,0.0,0.0,0.0,0.0,2.0,0.0
1615524,0.0,0.0,0.0,0.0,0.0,0.0,0.0
1616567,0.0,0.0,0.0,0.0,0.0,1.0,0.0
1617067,0.0,0.0,0.0,0.0,0.0,0.0,0.0
1617087,0.0,0.0,0.0,0.0,0.0,1.0,0.0
1617587,0.0,0.0,0.0,0.0,0.0,0.0,0.0
1617836,0.0,0.0,0.0,0.0,0.0,1.0,0.0
1617842,0.0,0.0,0.0,0.0,0.0,2.0,0.0
1618342,0.0,0.0,0.0,0.0,0.0,0.0,0.0
1619099,0.0,0.0,0.0,0.0,0.0,1.0,0.0
1619599,0.0,0.0,0.0,0.0,0.0,0.0,0.0
1619609,0.0,0.0,0.0,0.0,0.0,1.0,0.0
1619734,0.0,0.0,0.0,0.0,0.0,2.0,0.0
1620234,0.0,0.0,0.0,0.0,0.0,0.0,0.0
1620272,0.0,0.0,0.0,0.0,0.0,1.0,0.0
1620772,0.0,0.0,0.0,0.0,0.0,0.0,0.0
1621148,0.0,0.0,0.0,0.0,0.0,1.0,0.0
1621163,0.0,0.0,0.0,0.0,0.0,2.0,0.0
1621663,0.0,0.0,0.0,0.0,0.0,0.0,0.0
1622344,0.0,0.0,0.0,0.0,0.0,1.0,0.0
1622755,0.0,0.0,0.0,0.0,0.0,2.0,0.0
1623255,0.0,0.0,0.0,0.0,0.0,0.0,0.0
1623525,0.0,0.0,0.0,0.0,0.0,1.0,0.0
1624025,0.0,0.0,0.0,0.0,0.0,0.0,0.0
1624050,0.0,0.0,0.0,0.0,0.0,1.0,0.0
1624550,0.0,0.0,0.0,0.0,0.0,0.0,0.0
1624888,0.0,0.0,0.0,0.0,0.0,1.0,0.0
1624998,0.0,0.0,0.0,0.0,0.0,2.0,0.0
1625498,0.0,0.0,0.0,0.0,0.0,0.0,0.0
1625549,0.0,0.0,0.0,0.0,0.0,1.0,0.0
1626049,0.0,0.0,0.0,0.0,0.0,0.0,0.0
1626436,0.0,0.0,0.0,0.0,0.0,1.0,0.0
1626544,0.0,0.0,0.0,0.0,0.0,2.0,0.0
1627044,0.0,0.0,0.0,0.0,0.0,0.0,0.0
1627218,0.0,0.0,0.0,0.0,0.0,1.0,0.0
1627718,0.0,0.0,0.0,0.0,0.0,0.0,0.0
1628025,0.0,0.0,0.0,0.0,0.0,1.0,0.0
1628525,0.0,0.0,0.0,0.0,0.0,0.0,0.0
1629037,0.0,0.0,0.0,0.0,0.0,1.0,0.0
1629064,0.0,0.0,0.0,0.0,0.0,2.0,0.0
1629067,0.0,0.0,0.0,0.0,1.0,2.0,0.0
1629564,0.0,0.0,0.0,0.0,1.0,0.0,0.0
1629567,0.0,0.0,0.0,0.0,0.0,0.0,0.0
1629748,0.0,0.0,0.0,0.0,0.0,1.0,0.0
1630248,0.0,0.0,0.0,0.0,0.0,0.0,0.0
1630265,0.0,0.0,0.0,0.0,0.0,1.0,0.0
1630765,0.0,0.0,0.0,0.0,0.0,0.0,0.0
1631068,0.0,0.0,0.0,0.0,0.0,1.0,0.0
1631070,0.0,0.0,0.0,0.0,0.0,2.0,0.0
1631570,0.0,0.0,0.0,0.0,0.0,0.0,0.0
1631595,0.0,0.0,0.0,0.0,0.0,1.0,0.0
1631602,0.0,0.0,0.0,0.0,0.0,2.0,0.0
1632102,0.0,0.0,0.0,0.0,0.0,0.0,0.0
1633192,0.0,0.0,0.0,0.0,0.0,1.0,0.0
1633692,0.0,0.0,0.0,0.0,0.0,0.0,0.0
1634205,0.0,0.0,0.0,0.0,0.0,1.0,0.0
1634305,0.0,0.0,0.0,0.0,0.0,2.0,0.0
1634341,0.0,0.0,0.0,0.0,1.0,2.0,0.0
1634805,0.0,0.0,0.0,0.0,1.0,0.0,0.0
1634841,0.0,0.0,0.0,0.0,0.0,0.0,0.0
1634985,0.0,0.0,0.0,0.0,0.0,1.0,0.0
1635112,0.0,0.0,0.0,0.0,0.0,2.0,0.0
1635612,0.0,0.0,0.0,0.0,0.0,0.0,0.0
1636164,0.0,0.0,0.0,0.0,0.0,1.0,0.0
1636664,0.0,0.0,0.0,0.0,0.0,0.0,0.0
1637086,0.0,0.0,0.0,0.0,1.0,0.0,0.0
1637087,0.0,0.0,0.0,0.0,1.0,1.0,0.0
1637088,0.0,0.0,0.0,0.0,2.0,1.0,0.0
1637587,0.0,0.0,0.0,0.0,2.0,0.0,0.0
1637588,0.0,0.0,0.0,0.0,0.0,0.0,0.0
1638284,0.0,0.0,0.0,0.0,0.0,1.0,0.0
1638784,0.0,0.0,0.0,0.0,0.0,0.0,0.0
1639497,0.0,0.0,0.0,0.0,0.0,1.0,0.0
1639997,0.0,0.0,0.0,0.0,0.0,0.0,0.0
1640211,0.0,0.0,0.0,0.0,0.0,1.0,0.0
1640711,0.0,0.0,0.0,0.0,0.0,0.0,0.0
1641170,0.0,0.0,0.0,0.0,0.0,1.0,0.0
1641670,0.0,0.0,0.0,0.0,0.0,0.0,0.0
1642132,0.0,0.0,0.0,0.0,0.0,1.0,0.0
1642632,0.0,0.0,0.0,0.0,0.0,0.0,0.0
1643098,0.0,0.0,0.0,0.0,0.0,1.0,0.0
1643598,0.0,0.0,0.0,0.0,0.0,0.0,0.0
1643933,0.0,0.0,0.0,0.0,0.0,1.0,0.0
1643935,0.0,0.0,0.0,0.0,0.0,2.0,0.0
1644435,0.0,0.0,0.0,0.0,0.0,0.0,0.0
1644581,0.0,0.0,0.0,0.0,0.0,1.0,0.0
1644585,0.0,0.0,0.0,0.0,0.0,2.0,0.0
1645085,0.0,0.0,0.0,0.0,0.0,0.0,0.0
1645661,0.0,0.0,0.0,0.0,0.0,1.0,0.0
1646161,0.0,0.0,0.0,0.0,0.0,0.0,0.0
1646255,0.0,0.0,0.0,0.0,0.0,1.0,0.0
1646257,0.0,0.0,0.0,0.0,0.0,2.0,0.0
1646757,0.0,0.0,0.0,0.0,0.0,0.0,0.0
1647760,0.0,0.0,0.0,0.0,0.0,1.0,0.0
1648260,0.0,0.0,0.0,0.0,0.0,0.0,0.0
1649014,0.0,0.0,0.0,0.0,1.0,1.0,0.0
1649514,0.0,0.0,0.0,0.0,0.0,0.0,0.0
1649695,0.0,0.0,0.0,0.0,0.0,1.0,0.0
1650195,0.0,0.0,0.0,0.0,0.0,0.0,0.0
1650591,0.0,0.0,0.0,0.0,0.0,1.0,0.0
1650595,0.0,0.0,0.0,0.0,0.0,2.0,0.0
1651095,0.0,0.0,0.0,0.0,0.0,0.0,0.0
1653126,0.0,0.0,0.0,0.0,0.0,1.0,0.0
1653626,0.0,0.0,0.0,0.0,0.0,0.0,0.0
1653792,0.0,0.0,0.0,0.0,0.0,1.0,0.0
1654292,0.0,0.0,0.0,0.0,0.0,0.0,0.0
1654323,0.0,0.0,0.0,0.0,0.0,1.0,0.0
1654342,0.0,0.0,0.0,0.0,0.0,2.0,0.0
1654842,0.0,0.0,0.0,0.0,0.0,0.0,0.0
1655812,0.0,0.0,0.0,0.0,0.0,1.0,0.0
1656312,0.0,0.0,0.0,0.0,0.0,0.0,0.0
1656487,0.0,0.0,0.0,0.0,0.0,1.0,0.0
1656987,0.0,0.0,0.0,0.0,0.0,0.0,0.0
1657033,0.0,0.0,0.0,0.0,0.0,1.0,0.0
1657042,0.0,0.0,0.0,0.0,0.0,2.0,0.0
1657542,0.0,0.0,0.0,0.0,0.0,0.0,0.0
1658254,0.0,0.0,0.0,0.0,0.0,1.0,0.0
1658754,0.0,0.0,0.0,0.0,0.0,0.0,0.0
1659130,0.0,0.0,0.0,0.0,0.0,1.0,0.0
1659135,0.0,0.0,0.0,0.0,0.0,2.0,0.0
1659635,0.0,0.0,0.0,0.0,0.0,0.0,0.0
1659865,0.0,0.0,0.0,0.0,0.0,1.0,0.0
1660208,0.0,0.0,0.0,0.0,0.0,2.0,0.0
1660708,0.0,0.0,0.0,0.0,0.0,0.0,0.0
1661066,0.0,0.0,0.0,0.0,0.0,1.0,0.0
1661070,0.0,0.0,0.0,0.0,0.0,2.0,0.0
1661570,0.0,0.0,0.0,0.0,0.0,0.0,0.0
1662217,0.0,0.0,0.0,0.0,0.0,1.0,0.0
1662609,0.0,0.0,0.0,0.0,0.0,2.0,0.0
1663109,0.0,0.0,0.0,0.0,0.0,0.0,0.0
1663410,0.0,2.0,0.0,0.0,0.0,0.0,0.0
1663910,0.0,0.0,0.0,0.0,0.0,0.0,0.0
1664538,0.0,0.0,0.0,0.0,0.0,1.0,0.0
1664546,0.0,0.0,0.0,0.0,0.0,2.0,0.0
1665046,0.0,0.0,0.0,0.0,0.0,0.0,0.0
1665637,0.0,0.0,0.0,0.0,0.0,1.0,0.0
1666137,0.0,0.0,0.0,0.0,0.0,0.0,0.0
1666186,0.0,0.0,0.0,0.0,0.0,1.0,0.0
1666202,0.0,0.0,0.0,0.0,0.0,2.0,0.0
1666702,0.0,0.0,0.0,0.0,0.0,0.0,0.0
1667503,0.0,0.0,0.0,0.0,0.0,1.0,0.0
1667972,0.0,0.0,0.0,0.0,0.0,2.0,0.0
1668472,0.0,0.0,0.0,0.0,0.0,0.0,0.0
1668916,0.0,0.0,0.0,0.0,0.0,1.0,0.0
1669416,0.0,0.0,0.0,0.0,0.0,0.0,0.0
1670310,0.0,0.0,0.0,0.0,0.0,1.0,0.0
1670810,0.0,0.0,0.0,0.0,0.0,0.0,0.0
1670881,0.0,0.0,0.0,0.0,0.0,1.0,0.0
1671381,0.0,0.0,0.0,0.0,0.0,0.0,0.0
1671503,0.0,0.0,0.0,0.0,0.0,1.0,0.0
1672003,0.0,0.0,0.0,0.0,0.0,0.0,0.0
1672453,0.0,0.0,0.0,0.0,0.0,1.0,0.0
1672953,0.0,0.0,0.0,0.0,0.0,0.0,0.0
1673138,0.0,0.0,0.0,0.0,0.0,1.0,0.0
1673575,0.0,0.0,0.0,0.0,0.0,2.0,0.0
1674075,0.0,0.0,0.0,0.0,0.0,0.0,0.0
1674774,0.0,0.0,0.0,0.0,0.0,1.0,0.0
1675274,0.0,0.0,0.0,0.0,0.0,0.0,0.0
1676002,0.0,0.0,0.0,0.0,0.0,1.0,0.0
1676502,0.0,0.0,0.0,0.0,0.0,0.0,0.0
1677338,0.0,0.0,0.0,0.0,0.0,1.0,0.0
1677698,0.0,0.0,0.0,0.0,0.0,2.0,0.0
1678198,0.0,0.0,0.0,0.0,0.0,0.0,0.0
1678454,0.0,0.0,0.0,0.0,0.0,1.0,0.0
1678954,0.0,0.0,0.0,0.0,0.0,0.0,0.0
1679540,0.0,0.0,0.0,0.0,0.0,1.0,0.0
1679554,0.0,0.0,0.0,0.0,0.0,2.0,0.0
1680054,0.0,0.0,0.0,0.0,0.0,0.0,0.0
1680061,0.0,0.0,0.0,0.0,0.0,1.0,0.0
1680070,0.0,0.0,0.0,0.0,0.0,2.0,0.0
1680570,0.0,0.0,0.0,0.0,0.0,0.0,0.0
1680697,0.0,0.0,0.0,0.0,0.0,1.0,0.0
1681197,0.0,0.0,0.0,0.0,0.0,0.0,0.0
1683187,0.0,0.0,0.0,0.0,0.0,1.0,0.0
1683189,0.0,0.0,0.0,0.0,0.0,2.0,0.0
1683689,0.0,0.0,0.0,0.0,0.0,0.0,0.0
1683728,0.0,0.0,0.0,0.0,0.0,1.0,0.0
1684228,0.0,0.0,0.0,0.0,0.0,0.0,0.0
1684289,0.0,0.0,0.0,0.0,0.0,1.0,0.0
1684789,0.0,0.0,0.0,0.0,0.0,0.0,0.0
1684805,0.0,0.0,0.0,0.0,0.0,1.0,0.0
1685305,0.0,0.0,0.0,0.0,0.0,0.0,0.0
1686140,0.0,0.0,0.0,0.0,0.0,1.0,0.0
1686640,0.0,0.0,0.0,0.0,0.0,0.0,0.0
1686748,0.0,0.0,0.0,0.0,0.0,1.0,0.0
1687248,0.0,0.0,0.0,0.0,0.0,0.0,0.0
1687617,0.0,0.0,0.0,0.0,0.0,1.0,0.0
1687751,0.0,2.0,0.0,0.0,0.0,1.0,0.0
1688117,0.0,2.0,0.0,0.0,0.0,0.0,0.0
1688251,0.0,0.0,0.0,0.0,0.0,0.0,0.0
1688653,0.0,0.0,0.0,0.0,0.0,1.0,0.0
1689653,0.0,0.0,0.0,0.0,0.0,0.0,0.0
1689774,0.0,0.0,0.0,0.0,0.0,1.0,0.0
1690274,0.0,0.0,0.0,0.0,0.0,0.0,0.0
1691245,0.0,0.0,0.0,0.0,0.0,1.0,0.0
1691247,0.0,0.0,0.0,0.0,0.0,2.0,0.0
1691747,0.0,0.0,0.0,0.0,0.0,0.0,0.0
1692941,0.0,0.0,0.0,0.0,0.0,1.0,0.0
1693441,0.0,0.0,0.0,0.0,0.0,0.0,0.0
1694045,0.0,0.0,0.0,0.0,0.0,1.0,0.0
1694053,0.0,0.0,0.0,0.0,0.0,2.0,0.0
1694553,0.0,0.0,0.0,0.0,0.0,0.0,0.0
1694587,0.0,0.0,0.0,0.0,0.0,1.0,0.0
1695087,0.0,0.0,0.0,0.0,0.0,0.0,0.0
1695761,0.0,2.0,0.0,0.0,0.0,0.0,0.0
1696261,0.0,0.0,0.0,0.0,0.0,0.0,0.0
1697636,0.0,0.0,0.0,0.0,0.0,1.0,0.0
1698136,0.0,0.0,0.0,0.0,0.0,0.0,0.0
1698143,0.0,0.0,0.0,0.0,0.0,1.0,0.0
1698643,0.0,0.0,0.0,0.0,0.0,0.0,0.0
1698774,0.0,0.0,0.0,0.0,0.0,1.0,0.0
1698964,0.0,0.0,0.0,0.0,0.0,2.0,0.0
1699464,0.0,0.0,0.0,0.0,0.0,0.0,0.0
1706430,0.0,0.0,0.0,0.0,0.0,1.0,0.0
1706432,0.0,0.0,0.0,0.0,0.0,2.0,0.0
1706932,0.0,0.0,0.0,0.0,0.0,0.0,0.0
1711326,0.0,0.0,0.0,0.0,0.0,1.0,0.0
1711826,0.0,0.0,0.0,0.0,0.0,0.0,0.0
1714934,0.0,0.0,0.0,0.0,0.0,1.0,0.0
1715434,0.0,0.0,0.0,0.0,0.0,0.0,0.0
1715643,0.0,0.0,0.0,0.0,0.0,1.0,0.0
1716143,0.0,0.0,0.0,0.0,0.0,0.0,0.0
1718113,0.0,0.0,0.0,0.0,0.0,1.0,0.0
1718613,0.0,0.0,0.0,0.0,0.0,0.0,0.0
1720198,0.0,0.0,0.0,0.0,0.0,1.0,0.0
1720698,0.0,0.0,0.0,0.0,0.0,0.0,0.0
1721532,0.0,0.0,0.0,0.0,0.0,1.0,0.0
1722032,0.0,0.0,0.0,0.0,0.0,0.0,0.0
1725648,0.0,0.0,0.0,0.0,0.0,1.0,0.0
1726148,0.0,0.0,0.0,0.0,0.0,0.0,0.0
1727034,0.0,0.0,0.0,0.0,0.0,1.0,0.0
1727534,0.0,0.0,0.0,0.0,0.0,0.0,0.0
1727758,0.0,0.0,0.0,0.0,0.0,1.0,0.0
1728258,0.0,0.0,0.0,0.0,0.0,0.0,0.0
1729235,0.0,0.0,0.0,0.0,0.0,1.0,0.0
1729735,0.0,0.0,0.0,0.0,0.0,0.0,0.0
1729779,0.0,0.0,0.0,0.0,0.0,1.0,0.0
1729786,0.0,0.0,0.0,0.0,0.0,2.0,0.0
1730286,0.0,0.0,0.0,0.0,0.0,0.0,0.0
1730585,0.0,0.0,0.0,0.0,0.0,1.0,0.0
1731085,0.0,0.0,0.0,0.0,0.0,0.0,0.0
1731547,0.0,0.0,0.0,0.0,0.0,1.0,0.0
1732047,0.0,0.0,0.0,0.0,0.0,0.0,0.0
1733641,0.0,0.0,0.0,0.0,0.0,1.0,0.0
1733643,0.0,0.0,0.0,0.0,0.0,2.0,0.0
1734143,0.0,0.0,0.0,0.0,0.0,0.0,0.0
1734248,0.0,0.0,0.0,0.0,0.0,1.0,0.0
1734748,0.0,0.0,0.0,0.0,0.0,0.0,0.0
1736072,0.0,0.0,0.0,0.0,0.0,1.0,0.0
1736572,0.0,0.0,0.0,0.0,0.0,0.0,0.0
1738292,0.0,0.0,0.0,0.0,0.0,1.0,0.0
1738792,0.0,0.0,0.0,0.0,0.0,0.0,0.0
1739716,0.0,0.0,0.0,0.0,0.0,1.0,0.0
1740216,0.0,0.0,0.0,0.0,0.0,0.0,0.0
1740793,0.0,0.0,0.0,0.0,0.0,1.0,0.0
1741293,0.0,0.0,0.0,0.0,0.0,0.0,0.0
1741603,0.0,0.0,0.0,0.0,0.0,1.0,0.0
1742103,0.0,0.0,0.0,0.0,0.0,0.0,0.0
1742223,0.0,0.0,0.0,0.0,0.0,1.0,0.0
1742723,0.0,0.0,0.0,0.0,0.0,0.0,0.0
1742973,0.0,0.0,0.0,0.0,0.0,1.0,0.0
1743473,0.0,0.0,0.0,0.0,0.0,0.0,0.0
1744111,0.0,0.0,0.0,0.0,0.0,1.0,0.0
1744611,0.0,0.0,0.0,0.0,0.0,0.0,0.0
1745470,0.0,0.0,0.0,0.0,0.0,1.0,0.0
1745970,0.0,0.0,0.0,0.0,0.0,0.0,0.0
1746528,0.0,0.0,0.0,0.0,0.0,1.0,0.0
1747028,0.0,0.0,0.0,0.0,0.0,0.0,0.0
1747809,0.0,0.0,0.0,0.0,0.0,1.0,0.0
1748309,0.0,0.0,0.0,0.0,0.0,0.0,0.0
1749394,0.0,0.0,0.0,0.0,0.0,1.0,0.0
1749894,0.0,0.0,0.0,0.0,0.0,0.0,0.0
1750700,0.0,0.0,0.0,0.0,0.0,1.0,0.0
1750701,0.0,0.0,0.0,0.0,0.0,2.0,0.0
1751201,0.0,0.0,0.0,0.0,0.0,0.0,0.0
1752731,0.0,0.0,0.0,0.0,0.0,1.0,0.0
1753231,0.0,0.0,0.0,0.0,0.0,0.0,0.0
1755501,0.0,0.0,0.0,0.0,0.0,1.0,0.0
1755508,0.0,0.0,0.0,0.0,0.0,2.0,0.0
1756008,0.0,0.0,0.0,0.0,0.0,0.0,0.0
1758464,0.0,0.0,0.0,0.0,0.0,1.0,0.0
1758795,0.0,0.0,0.0,0.0,0.0,2.0,0.0
1759295,0.0,0.0,0.0,0.0,0.0,0.0,0.0
1762000,0.0,0.0,0.0,0.0,0.0,1.0,0.0
1762004,0.0,0.0,0.0,0.0,0.0,2.0,0.0
1762504,0.0,0.0,0.0,0.0,0.0,0.0,0.0
1764890,0.0,0.0,0.0,0.0,0.0,1.0,0.0
1765390,0.0,0.0,0.0,0.0,0.0,0.0,0.0
1765420,0.0,0.0,0.0,0.0,0.0,1.0,0.0
1765920,0.0,0.0,0.0,0.0,0.0,0.0,0.0
1768629,0.0,0.0,0.0,0.0,0.0,1.0,0.0
1769129,0.0,0.0,0.0,0.0,0.0,0.0,0.0
1770554,0.0,0.0,0.0,0.0,0.0,1.0,0.0
1771054,0.0,0.0,0.0,0.0,0.0,0.0,0.0
1771260,0.0,0.0,0.0,0.0,0.0,1.0,0.0
1771760,0.0,0.0,0.0,0.0,0.0,0.0,0.0
1772490,0.0,0.0,0.0,0.0,0.0,1.0,0.0
1772990,0.0,0.0,0.0,0.0,0.0,0.0,0.0
1773076,0.0,0.0,0.0,0.0,0.0,1.0,0.0
1773576,0.0,0.0,0.0,0.0,0.0,0.0,0.0
1774533,0.0,0.0,0.0,0.0,0.0,1.0,0.0
1774610,0.0,0.0,0.0,0.0,0.0,2.0,0.0
1775110,0.0,0.0,0.0,0.0,0.0,0.0,0.0
1775659,0.0,0.0,0.0,0.0,0.0,1.0,0.0
1776159,0.0,0.0,0.0,0.0,0.0,0.0,0.0
1777147,0.0,0.0,0.0,0.0,0.0,1.0,0.0
1777647,0.0,0.0,0.0,0.0,0.0,0.0,0.0
1779572,0.0,0.0,0.0,0.0,0.0,1.0,0.0
1780072,0.0,0.0,0.0,0.0,0.0,0.0,0.0
1780686,0.0,0.0,0.0,0.0,0.0,1.0,0.0
1781186,0.0,0.0,0.0,0.0,0.0,0.0,0.0
1781516,0.0,0.0,0.0,0.0,0.0,1.0,0.0
1782016,0.0,0.0,0.0,0.0,0.0,0.0,0.0
1783333,0.0,0.0,0.0,0.0,0.0,1.0,0.0
1783342,0.0,0.0,0.0,0.0,0.0,2.0,0.0
1783842,0.0,0.0,0.0,0.0,0.0,0.0,0.0
1785091,0.0,0.0,0.0,0.0,0.0,1.0,0.0
1785591,0.0,0.0,0.0,0.0,0.0,0.0,0.0
1788250,0.0,0.0,0.0,0.0,0.0,1.0,0.0
1788750,0.0,0.0,0.0,0.0,0.0,0.0,0.0
1790511,0.0,0.0,0.0,0.0,0.0,1.0,0.0
1791011,0.0,0.0,0.0,0.0,0.0,0.0,0.0
1792186,0.0,0.0,0.0,0.0,0.0,1.0,0.0
1792686,0.0,0.0,0.0,0.0,0.0,0.0,0.0
1793703,0.0,0.0,0.0,0.0,0.0,1.0,0.0
1793988,0.0,2.0,0.0,0.0,0.0,2.0,0.0
1794488,0.0,0.0,0.0,0.0,0.0,0.0,0.0
1797401,0.0,0.0,0.0,0.0,0.0,1.0,0.0
1797901,0.0,0.0,0.0,0.0,0.0,0.0,0.0
1798598,0.0,0.0,0.0,0.0,0.0,1.0,0.0
1799098,0.0,0.0,0.0,0.0,0.0,0.0,0.0
1799333,0.0,0.0,0.0,0.0,0.0,1.0,0.0
1799833,0.0,0.0,0.0,0.0,0.0,0.0,0.0
1800000,0.0,0.0,0.0,0.0,0.0,0.0,1.0
1800179,0.0,0.0,0.0,0.0,0.0,1.0,1.0
1800191,0.0,0.0,0.0,0.0,0.0,2.0,1.0
1800415,2.0,0.0,0.0,0.0,0.0,2.0,1.0
1800422,2.0,2.0,0.0,0.0,0.0,2.0,1.0
1800500,2.0,2.0,0.0,0.0,0.0,2.0,0.0
1800691,2.0,2.0,0.0,0.0,0.0,0.0,0.0
1800915,0.0,2.0,0.0,0.0,0.0,0.0,0.0
1800922,0.0,0.0,0.0,0.0,0.0,0.0,0.0
1800924,0.0,0.0,0.0,0.0,1.0,0.0,0.0
1801099,0.0,0.0,0.0,0.0,1.0,1.0,0.0
1801106,0.0,0.0,0.0,0.0,2.0,1.0,0.0
1801599,0.0,0.0,0.0,0.0,2.0,0.0,0.0
1801606,0.0,0.0,0.0,0.0,0.0,0.0,0.0
1802208,0.0,0.0,0.0,0.0,0.0,1.0,0.0
1802212,0.0,0.0,0.0,0.0,0.0,2.0,0.0
1802712,0.0,0.0,0.0,0.0,0.0,0.0,0.0
1803439,0.0,0.0,0.0,0.0,0.0,1.0,0.0
1803939,0.0,0.0,0.0,0.0,0.0,0.0,0.0
1804771,0.0,0.0,0.0,0.0,0.0,1.0,0.0
1805271,0.0,0.0,0.0,0.0,0.0,0.0,0.0
1805705,0.0,0.0,0.0,0.0,0.0,1.0,0.0
1806205,0.0,0.0,0.0,0.0,0.0,0.0,0.0
1806693,0.0,0.0,0.0,0.0,0.0,1.0,0.0
1807035,0.0,0.0,0.0,0.0,0.0,2.0,0.0
1807535,0.0,0.0,0.0,0.0,0.0,0.0,0.0
1807555,0.0,0.0,0.0,0.0,0.0,1.0,0.0
1808055,0.0,0.0,0.0,0.0,0.0,0.0,0.0
1808075,0.0,0.0,0.0,0.0,0.0,1.0,0.0
1808575,0.0,0.0,0.0,0.0,0.0,0.0,0.0
1808614,0.0,0.0,0.0,0.0,0.0,1.0,0.0
1809114,0.0,0.0,0.0,0.0,0.0,0.0,0.0
1809557,0.0,0.0,0.0,0.0,0.0,1.0,0.0
1809567,0.0,0.0,0.0,0.0,0.0,2.0,0.0
1810067,0.0,0.0,0.0,0.0,0.0,0.0,0.0
1811213,0.0,0.0,0.0,0.0,0.0,1.0,0.0
1811217,0.0,0.0,0.0,0.0,0.0,2.0,0.0
1811717,0.0,0.0,0.0,0.0,0.0,0.0,0.0
1811944,0.0,0.0,0.0,0.0,0.0,1.0,0.0
1811947,0.0,0.0,0.0,0.0,0.0,2.0,0.0
1812447,0.0,0.0,0.0,0.0,0.0,0.0,0.0
1812914,0.0,0.0,0.0,0.0,0.0,1.0,0.0
1813414,0.0,0.0,0.0,0.0,0.0,0.0,0.0
1814078,0.0,0.0,0.0,0.0,0.0,1.0,0.0
1814578,0.0,0.0,0.0,0.0,0.0,0.0,0.0
1815283,0.0,0.0,0.0,0.0,0.0,1.0,0.0
1815783,0.0,0.0,0.0,0.0,0.0,0.0,0.0
1816286,0.0,0.0,0.0,0.0,0.0,1.0,0.0
1816786,0.0,0.0,0.0,0.0,0.0,0.0,0.0
1816985,0.0,0.0,0.0,0.0,0.0,1.0,0.0
1817485,0.0,0.0,0.0,0.0,0.0,0.0,0.0
1817499,0.0,0.0,0.0,0.0,0.0,1.0,0.0
1817999,0.0,0.0,0.0,0.0,0.0,0.0,0.0
1818189,0.0,0.0,0.0,0.0,0.0,1.0,0.0
1818689,0.0,0.0,0.0,0.0,0.0,0.0,0.0
1819000,0.0,0.0,0.0,0.0,0.0,1.0,0.0
1819500,0.0,0.0,0.0,0.0,0.0,0.0,0.0
1820135,0.0,0.0,0.0,0.0,0.0,1.0,0.0
1820635,0.0,0.0,0.0,0.0,0.0,0.0,0.0
1820778,0.0,0.0,0.0,0.0,0.0,1.0,0.0
1821278,0.0,0.0,0.0,0.0,0.0,0.0,0.0
1821525,0.0,0.0,0.0,0.0,0.0,1.0,0.0
1822025,0.0,0.0,0.0,0.0,0.0,0.0,0.0
1822045,0.0,0.0,0.0,0.0,0.0,1.0,0.0
1822406,0.0,0.0,0.0,0.0,0.0,2.0,0.0
1822882,0.0,2.0,0.0,0.0,0.0,2.0,0.0
1822906,0.0,2.0,0.0,0.0,0.0,0.0,0.0
1823382,0.0,0.0,0.0,0.0,0.0,0.0,0.0
1824522,0.0,0.0,0.0,0.0,0.0,1.0,0.0
1825022,0.0,0.0,0.0,0.0,0.0,0.0,0.0
1825271,0.0,0.0,0.0,0.0,0.0,1.0,0.0
1825470,0.0,0.0,0.0,0.0,0.0,2.0,0.0
1825970,0.0,0.0,0.0,0.0,0.0,0.0,0.0
1827686,0.0,0.0,0.0,0.0,0.0,1.0,0.0
1827688,0.0,0.0,0.0,0.0,0.0,2.0,0.0
1828188,0.0,0.0,0.0,0.0,0.0,0.0,0.0
1829132,0.0,0.0,0.0,0.0,0.0,1.0,0.0
1829632,0.0,0.0,0.0,0.0,0.0,0.0,0.0
1829643,0.0,0.0,0.0,0.0,0.0,1.0,0.0
1829973,0.0,0.0,0.0,0.0,0.0,2.0,0.0
1830473,0.0,0.0,0.0,0.0,0.0,0.0,0.0
1830492,0.0,0.0,0.0,0.0,0.0,1.0,0.0
1830992,0.0,0.0,0.0,0.0,0.0,0.0,0.0
1831080,0.0,0.0,0.0,0.0,0.0,1.0,0.0
1831558,0.0,0.0,0.0,0.0,0.0,2.0,0.0
1832058,0.0,0.0,0.0,0.0,0.0,0.0,0.0
1832410,0.0,0.0,0.0,0.0,0.0,1.0,0.0
1832910,0.0,0.0,0.0,0.0,0.0,0.0,0.0
1833860,0.0,0.0,0.0,0.0,0.0,1.0,0.0
1834104,0.0,0.0,0.0,0.0,0.0,2.0,0.0
1834604,0.0,0.0,0.0,0.0,0.0,0.0,0.0
1835016,0.0,0.0,0.0,0.0,0.0,1.0,0.0
1835516,0.0,0.0,0.0,0.0,0.0,0.0,0.0
1835551,0.0,0.0,0.0,0.0,0.0,1.0,0.0
1836051,0.0,0.0,0.0,0.0,0.0,0.0,0.0
1836293,0.0,0.0,0.0,0.0,0.0,1.0,0.0
1836793,0.0,0.0,0.0,0.0,0.0,0.0,0.0
1836964,0.0,0.0,0.0,0.0,0.0,1.0,0.0
1837464,0.0,0.0,0.0,0.0,0.0,0.0,0.0
1839294,0.0,0.0,0.0,0.0,0.0,1.0,0.0
1839794,0.0,0.0,0.0,0.0,0.0,0.0,0.0
1840107,0.0,0.0,0.0,0.0,0.0,1.0,0.0
1840607,0.0,0.0,0.0,0.0,0.0,0.0,0.0
1840669,0.0,0.0,0.0,0.0,0.0,1.0,0.0
1841169,0.0,0.0,0.0,0.0,0.0,0.0,0.0
1841286,0.0,0.0,0.0,0.0,0.0,1.0,0.0
1841786,0.0,0.0,0.0,0.0,0.0,0.0,0.0
1841835,0.0,0.0,0.0,0.0,0.0,1.0,0.0
1841837,0.0,0.0,0.0,0.0,0.0,2.0,0.0
1842337,0.0,0.0,0.0,0.0,0.0,0.0,0.0
1843273,0.0,2.0,0.0,0.0,0.0,0.0,0.0
1843725,0.0,2.0,0.0,0.0,0.0,1.0,0.0
1843773,0.0,0.0,0.0,0.0,0.0,1.0,0.0
1844225,0.0,0.0,0.0,0.0,0.0,0.0,0.0
1844419,0.0,0.0,0.0,0.0,0.0,1.0,0.0
1844919,0.0,0.0,0.0,0.0,0.0,0.0,0.0
1845030,0.0,0.0,0.0,0.0,0.0,1.0,0.0
1845530,0.0,0.0,0.0,0.0,0.0,0.0,0.0
1846053,0.0,0.0,0.0,0.0,0.0,1.0,0.0
1846553,0.0,0.0,0.0,0.0,0.0,0.0,0.0
1847058,0.0,0.0,0.0,0.0,0.0,1.0,0.0
1847084,0.0,0.0,0.0,0.0,0.0,2.0,0.0
1847584,0.0,0.0,0.0,0.0,0.0,0.0,0.0
1848238,0.0,0.0,0.0,0.0,0.0,1.0,0.0
1848738,0.0,0.0,0.0,0.0,0.0,0.0,0.0
1849998,0.0,0.0,0.0,0.0,0.0,1.0,0.0
1850498,0.0,0.0,0.0,0.0,0.0,0.0,0.0
1850551,0.0,0.0,0.0,0.0,0.0,1.0,0.0
1851051,0.0,0.0,0.0,0.0,0.0,0.0,0.0
1851342,0.0,0.0,0.0,0.0,0.0,1.0,0.0
1851748,0.0,0.0,0.0,0.0,0.0,2.0,0.0
1852248,0.0,0.0,0.0,0.0,0.0,0.0,0.0
1852576,0.0,0.0,0.0,0.0,0.0,1.0,0.0
1853076,0.0,0.0,0.0,0.0,0.0,0.0,0.0
1854416,0.0,0.0,0.0,0.0,0.0,1.0,0.0
1854916,0.0,0.0,0.0,0.0,0.0,0.0,0.0
1855006,0.0,0.0,0.0,0.0,0.0,1.0,0.0
1855506,0.0,0.0,0.0,0.0,0.0,0.0,0.0
1855531,0.0,0.0,0.0,0.0,0.0,1.0,0.0
1855751,0.0,0.0,0.0,0.0,0.0,2.0,0.0
1856251,0.0,0.0,0.0,0.0,0.0,0.0,0.0
1857128,0.0,0.0,0.0,0.0,0.0,1.0,0.0
1857628,0.0,0.0,0.0,0.0,0.0,0.0,0.0
1857710,0.0,0.0,0.0,0.0,0.0,1.0,0.0
1858210,0.0,0.0,0.0,0.0,0.0,0.0,0.0
1858277,0.0,0.0,0.0,0.0,0.0,1.0,0.0
1858400,0.0,0.0,0.0,0.0,0.0,2.0,0.0
1858900,0.0,0.0,0.0,0.0,0.0,0.0,0.0
1860132,0.0,0.0,0.0,0.0,0.0,1.0,0.0
1860151,0.0,0.0,0.0,0.0,0.0,2.0,0.0
1860651,0.0,0.0,0.0,0.0,0.0,0.0,0.0
1860758,0.0,0.0,0.0,0.0,0.0,1.0,0.0
1860762,0.0,0.0,0.0,0.0,0.0,2.0,0.0
1861262,0.0,0.0,0.0,0.0,0.0,0.0,0.0
1861307,0.0,0.0,0.0,0.0,0.0,1.0,0.0
1861582,0.0,0.0,0.0,0.0,0.0,2.0,0.0
1862082,0.0,0.0,0.0,0.0,0.0,0.0,0.0
1862760,0.0,0.0,0.0,0.0,0.0,1.0,0.0
1863260,0.0,0.0,0.0,0.0,0.0,0.0,0.0
1863988,0.0,0.0,0.0,0.0,0.0,1.0,0.0
1864005,0.0,0.0,0.0,0.0,0.0,2.0,0.0
1864505,0.0,0.0,0.0,0.0,0.0,0.0,0.0
1866345,0.0,0.0,0.0,0.0,0.0,1.0,0.0
1866845,0.0,0.0,0.0,0.0,0.0,0.0,0.0
1866986,0.0,0.0,0.0,0.0,0.0,1.0,0.0
1867486,0.0,0.0,0.0,0.0,0.0,0.0,0.0
1867706,0.0,0.0,0.0,0.0,0.0,1.0,0.0
1868090,0.0,0.0,0.0,0.0,0.0,2.0,0.0
1868590,0.0,0.0,0.0,0.0,0.0,0.0,0.0
1868828,0.0,0.0,0.0,0.0,0.0,1.0,0.0
1868832,0.0,0.0,0.0,0.0,0.0,2.0,0.0
1869332,0.0,0.0,0.0,0.0,0.0,0.0,0.0
1870620,0.0,0.0,0.0,0.0,0.0,1.0,0.0
1871120,0.0,0.0,0.0,0.0,0.0,0.0,0.0
1871294,0.0,0.0,0.0,0.0,0.0,1.0,0.0
1871794,0.0,0.0,0.0,0.0,0.0,0.0,0.0
1872141,0.0,0.0,0.0,0.0,0.0,1.0,0.0
1872587,0.0,0.0,0.0,0.0,0.0,2.0,0.0
1873087,0.0,0.0,0.0,0.0,0.0,0.0,0.0
1873322,0.0,0.0,0.0,0.0,0.0,1.0,0.0
1873328,0.0,0.0,0.0,0.0,0.0,2.0,0.0
1873828,0.0,0.0,0.0,0.0,0.0,0.0,0.0
1874020,0.0,0.0,0.0,0.0,0.0,1.0,0.0
1874520,0.0,0.0,0.0,0.0,0.0,0.0,0.0
1875296,0.0,0.0,0.0,0.0,0.0,1.0,0.0
1875796,0.0,0.0,0.0,0.0,0.0,0.0,0.0
1876220,0.0,0.0,0.0,0.0,0.0,1.0,0.0
1876222,0.0,0.0,0.0,0.0,0.0,2.0,0.0
1876722,0.0,0.0,0.0,0.0,0.0,0.0,0.0
1877558,0.0,0.0,0.0,0.0,0.0,1.0,0.0
1877562,0.0,0.0,0.0,0.0,0.0,2.0,0.0
1878062,0.0,0.0,0.0,0.0,0.0,0.0,0.0
1878467,0.0,0.0,0.0,0.0,0.0,1.0,0.0
1878471,0.0,0.0,0.0,0.0,0.0,2.0,0.0
1878971,0.0,0.0,0.0,0.0,0.0,0.0,0.0
1879818,0.0,0.0,0.0,0.0,0.0,1.0,0.0
1879820,0.0,0.0,0.0,0.0,0.0,2.0,0.0
1880320,0.0,0.0,0.0,0.0,0.0,0.0,0.0
1880447,0.0,0.0,0.0,0.0,0.0,1.0,0.0
1880884,0.0,0.0,0.0,0.0,0.0,2.0,0.0
1881384,0.0,0.0,0.0,0.0,0.0,0.0,0.0
1882366,0.0,0.0,0.0,0.0,0.0,1.0,0.0
1882368,0.0,0.0,0.0,0.0,0.0,2.0,0.0
1882868,0.0,0.0,0.0,0.0,0.0,0.0,0.0
1883597,0.0,0.0,0.0,0.0,0.0,1.0,0.0
1884097,0.0,0.0,0.0,0.0,0.0,0.0,0.0
1884183,0.0,0.0,0.0,0.0,0.0,1.0,0.0
1884590,0.0,0.0,0.0,0.0,0.0,2.0,0.0
1885090,0.0,0.0,0.0,0.0,0.0,0.0,0.0
1885535,0.0,0.0,0.0,0.0,0.0,1.0,0.0
1885547,0.0,0.0,0.0,0.0,0.0,2.0,0.0
1886047,0.0,0.0,0.0,0.0,0.0,0.0,0.0
1887283,0.0,0.0,0.0,0.0,0.0,1.0,0.0
1887783,0.0,0.0,0.0,0.0,0.0,0.0,0.0
1888850,0.0,0.0,0.0,0.0,0.0,1.0,0.0
1889350,0.0,0.0,0.0,0.0,0.0,0.0,0.0
1889422,0.0,0.0,0.0,0.0,0.0,1.0,0.0
1889593,0.0,0.0,0.0,0.0,0.0,2.0,0.0
1890093,0.0,0.0,0.0,0.0,0.0,0.0,0.0
1890149,0.0,0.0,0.0,0.0,0.0,1.0,0.0
1890155,0.0,0.0,0.0,0.0,0.0,2.0,0.0
1890655,0.0,0.0,0.0,0.0,0.0,0.0,0.0
1891339,0.0,0.0,0.0,0.0,0.0,1.0,0.0
1891839,0.0,0.0,0.0,0.0,0.0,0.0,0.0
1892050,0.0,0.0,0.0,0.0,0.0,1.0,0.0
1892550,0.0,0.0,0.0,0.0,0.0,0.0,0.0
1893355,0.0,0.0,0.0,0.0,0.0,1.0,0.0
1893855,0.0,0.0,0.0,0.0,0.0,0.0,0.0
1894920,0.0,0.0,0.0,0.0,0.0,1.0,0.0
1895067,0.0,0.0,0.0,0.0,0.0,2.0,0.0
1895567,0.0,0.0,0.0,0.0,0.0,0.0,0.0
1895686,0.0,0.0,0.0,0.0,0.0,1.0,0.0
1895689,0.0,0.0,0.0,0.0,0.0,2.0,0.0
1896189,0.0,0.0,0.0,0.0,0.0,0.0,0.0
1896858,0.0,0.0,0.0,0.0,0.0,1.0,0.0
1897358,0.0,0.0,0.0,0.0,0.0,0.0,0.0
1897773,0.0,0.0,0.0,0.0,0.0,1.0,0.0
1898273,0.0,0.0,0.0,0.0,0.0,0.0,0.0
1899799,0.0,0.0,0.0,0.0,0.0,1.0,0.0
1900299,0.0,0.0,0.0,0.0,0.0,0.0,0.0
1900970,0.0,0.0,0.0,0.0,0.0,1.0,0.0
1901470,0.0,0.0,0.0,0.0,0.0,0.0,0.0
1902197,0.0,0.0,0.0,0.0,0.0,1.0,0.0
1902697,0.0,0.0,0.0,0.0,0.0,0.0,0.0
1904167,0.0,0.0,0.0,0.0,0.0,1.0,0.0
1904667,0.0,0.0,0.0,0.0,0.0,0.0,0.0
1905786,0.0,0.0,0.0,0.0,0.0,1.0,0.0
1906286,0.0,0.0,0.0,0.0,0.0,0.0,0.0
1908142,0.0,0.0,0.0,0.0,0.0,1.0,0.0
1908642,0.0,0.0,0.0,0.0,0.0,0.0,0.0
1908758,0.0,0.0,0.0,0.0,0.0,1.0,0.0
1909258,0.0,0.0,0.0,0.0,0.0,0.0,0.0
1909345,0.0,0.0,0.0,0.0,0.0,1.0,0.0
1909845,0.0,0.0,0.0,0.0,0.0,0.0,0.0
1909903,0.0,0.0,0.0,0.0,0.0,1.0,0.0
1910403,0.0,0.0,0.0,0.0,0.0,0.0,0.0
1912051,0.0,0.0,0.0,0.0,0.0,1.0,0.0
1912551,0.0,0.0,0.0,0.0,0.0,0.0,0.0
1912941,0.0,0.0,0.0,0.0,0.0,1.0,0.0
1913441,0.0,0.0,0.0,0.0,0.0,0.0,0.0
1913641,0.0,0.0,0.0,0.0,0.0,1.0,0.0
1914141,0.0,0.0,0.0,0.0,0.0,0.0,0.0
1914699,0.0,0.0,0.0,0.0,0.0,1.0,0.0
1914700,0.0,0.0,0.0,0.0,0.0,2.0,0.0
1915200,0.0,0.0,0.0,0.0,0.0,0.0,0.0
1915377,0.0,0.0,0.0,0.0,0.0,1.0,0.0
1915380,0.0,0.0,0.0,0.0,0.0,2.0,0.0
1915880,0.0,0.0,0.0,0.0,0.0,0.0,0.0
1920093,0.0,0.0,0.0,0.0,0.0,1.0,0.0
1920593,0.0,0.0,0.0,0.0,0.0,0.0,0.0
1921620,0.0,0.0,0.0,0.0,0.0,1.0,0.0
1921623,0.0,0.0,0.0,0.0,0.0,2.0,0.0
1922123,0.0,0.0,0.0,0.0,0.0,0.0,0.0
1923550,0.0,0.0,0.0,0.0,0.0,1.0,0.0
1924050,0.0,0.0,0.0,0.0,0.0,0.0,0.0
1924618,0.0,0.0,0.0,0.0,0.0,1.0,0.0
1925118,0.0,0.0,0.0,0.0,0.0,0.0,0.0
1925132,0.0,0.0,0.0,0.0,0.0,1.0,0.0
1925302,0.0,0.0,0.0,0.0,0.0,2.0,0.0
1925802,0.0,0.0,0.0,0.0,0.0,0.0,0.0
1928357,0.0,0.0,0.0,0.0,0.0,1.0,0.0
1929357,0.0,0.0,0.0,0.0,0.0,0.0,0.0
1932152,0.0,0.0,0.0,0.0,0.0,1.0,0.0
1932652,0.0,0.0,0.0,0.0,0.0,0.0,0.0
1933384,0.0,0.0,0.0,0.0,0.0,1.0,0.0
1933884,0.0,0.0,0.0,0.0,0.0,0.0,0.0
1934916,0.0,0.0,0.0,0.0,0.0,1.0,0.0
1935416,0.0,0.0,0.0,0.0,0.0,0.0,0.0
1937653,0.0,0.0,0.0,0.0,0.0,1.0,0.0
1938153,0.0,0.0,0.0,0.0,0.0,0.0,0.0
1938988,0.0,0.0,0.0,0.0,0.0,1.0,0.0
1939488,0.0,0.0,0.0,0.0,0.0,0.0,0.0
1940104,0.0,0.0,0.0,0.0,0.0,1.0,0.0
1940604,0.0,0.0,0.0,0.0,0.0,0.0,0.0
1941502,0.0,0.0,0.0,0.0,0.0,1.0,0.0
1941715,0.0,0.0,0.0,0.0,0.0,2.0,0.0
1942215,0.0,0.0,0.0,0.0,0.0,0.0,0.0
1943163,0.0,0.0,0.0,0.0,0.0,1.0,0.0
1943663,0.0,0.0,0.0,0.0,0.0,0.0,0.0
1945847,0.0,0.0,0.0,0.0,0.0,1.0,0.0
1946347,0.0,0.0,0.0,0.0,0.0,0.0,0.0
1946928,0.0,0.0,0.0,0.0,0.0,1.0,0.0
1947428,0.0,0.0,0.0,0.0,0.0,0.0,0.0
1950499,0.0,0.0,0.0,0.0,0.0,1.0,0.0
1950999,0.0,0.0,0.0,0.0,0.0,0.0,0.0
1952319,0.0,0.0,0.0,0.0,0.0,1.0,0.0
1952819,0.0,0.0,0.0,0.0,0.0,0.0,0.0
1952872,0.0,0.0,0.0,0.0,0.0,1.0,0.0
1953372,0.0,0.0,0.0,0.0,0.0,0.0,0.0
1957127,0.0,0.0,0.0,0.0,0.0,1.0,0.0
1957627,0.0,0.0,0.0,0.0,0.0,0.0,0.0
1958484,0.0,0.0,0.0,0.0,0.0,1.0,0.0
1958984,0.0,0.0,0.0,0.0,0.0,0.0,0.0
1963073,0.0,0.0,0.0,0.0,0.0,1.0,0.0
1963573,0.0,0.0,0.0,0.0,0.0,0.0,0.0
1964672,0.0,0.0,0.0,0.0,0.0,1.0,0.0
1965172,0.0,0.0,0.0,0.0,0.0,0.0,0.0
1966936,0.0,0.0,0.0,0.0,0.0,1.0,0.0
1967436,0.0,0.0,0.0,0.0,0.0,0.0,0.0
1967678,0.0,0.0,0.0,0.0,0.0,1.0,0.0
1968178,0.0,0.0,0.0,0.0,0.0,0.0,0.0
1968713,0.0,0.0,0.0,0.0,0.0,1.0,0.0
1968951,0.0,0.0,0.0,0.0,1.0,1.0,0.0
1969213,0.0,0.0,0.0,0.0,1.0,0.0,0.0
1969451,0.0,0.0,0.0,0.0,0.0,0.0,0.0
1971220,0.0,0.0,0.0,0.0,0.0,1.0,0.0
1971720,0.0,0.0,0.0,0.0,0.0,0.0,0.0
1973496,0.0,0.0,0.0,0.0,0.0,1.0,0.0
1973996,0.0,0.0,0.0,0.0,0.0,0.0,0.0
1977633,0.0,0.0,0.0,0.0,0.0,1.0,0.0
1978133,0.0,0.0,0.0,0.0,0.0,0.0,0.0
1980240,0.0,0.0,0.0,0.0,0.0,1.0,0.0
1980740,0.0,0.0,0.0,0.0,0.0,0.0,0.0
1982121,0.0,0.0,0.0,0.0,0.0,1.0,0.0
1982621,0.0,0.0,0.0,0.0,0.0,0.0,0.0
1982856,0.0,0.0,0.0,0.0,0.0,1.0,0.0
1983356,0.0,0.0,0.0,0.0,0.0,0.0,0.0
1984898,0.0,0.0,0.0,0.0,0.0,1.0,0.0
1985398,0.0,0.0,0.0,0.0,0.0,0.0,0.0
1985541,0.0,0.0,0.0,0.0,0.0,1.0,0.0
1986041,0.0,0.0,0.0,0.0,0.0,0.0,0.0
1988604,0.0,0.0,0.0,0.0,0.0,1.0,0.0
1989104,0.0,0.0,0.0,0.0,0.0,0.0,0.0
1994146,0.0,0.0,0.0,0.0,0.0,1.0,0.0
1994646,0.0,0.0,0.0,0.0,0.0,0.0,0.0
1996325,0.0,0.0,0.0,0.0,0.0,1.0,0.0
1996825,0.0,0.0,0.0,0.0,0.0,0.0,0.0
1996954,0.0,0.0,0.0,0.0,0.0,1.0,0.0
1997454,0.0,0.0,0.0,0.0,0.0,0.0,0.0
1997579,0.0,0.0,0.0,0.0,0.0,1.0,0.0
1997620,0.0,0.0,0.0,0.0,0.0,2.0,0.0
1998120,0.0,0.0,0.0,0.0,0.0,0.0,0.0
1999165,0.0,0.0,0.0,0.0,0.0,1.0,0.0
1999665,0.0,0.0,0.0,0.0,0.0,0.0,0.0
1999770,0.0,0.0,0.0,0.0,0.0,1.0,0.0
2000000,0.0,0.0,0.0,0.0,0.0,1.0,1.0
2000058,0.0,0.0,0.0,0.0,0.0,2.0,1.0
2000183,0.0,0.0,0.0,0.0,1.0,2.0,1.0
2000210,0.0,0.0,0.0,0.0,2.0,2.0,1.0
2000223,2.0,0.0,0.0,0.0,2.0,2.0,1.0
