Hora de inicio 2026-05-05 18:32:21.191994
Semilla: 1 
 Tasa de error baja: 0.01 
 Aumento de la tasa de error: 0.3 
 Ruido del concepto estable: 0.0 
 Duración del concepto estable: 5000 
 Duración del cambio: 1000 
 Número de cambios: 10 
Retreaso aceptable: 500
Nuevos elementos de entrenamiento en la iteración (120500, 1)
Número y fracción de estados no visitados 88 0.12071330589849108
[11000, 23000, 35000, 47000, 59000, 71000, 83000, 95000, 107000, 119000] [2558, 11507, 12128, 23414, 24222, 35528, 36508, 40296, 47564, 48111, 59454, 60881, 71412, 72362, 83564, 84577, 95435, 96313, 107538, 109279, 110199, 119586]
DriftDetectionMetrics(fp=7, tp=15, fn=0, precision=0.6818181818181818, recall=1.0, episode_recall=1.0, f1=0.8108108108108109, mdt=np.float64(500.2), far=0.058091286307053944, ar=0.1825726141078838, n_episodes=10, n_alarms=22)
Duración del procesamiento de stream 0:00:28.862360 10516.756771853145
Duración de test: 0:00:11.457905
Tiempo total transcurrido 0:00:28.862360
Hora del sistema 2026-05-05 18:32:50.054354
Semilla: 1 
 Tasa de error baja: 0.01 
 Aumento de la tasa de error: 0.3 
 Ruido del concepto estable: 0.0 
 Duración del concepto estable: 5000 
 Duración del cambio: 1000 
 Número de cambios: 20 
Retreaso aceptable: 500
Nuevos elementos de entrenamiento en la iteración (120000, 1)
Número y fracción de estados no visitados 115 0.15775034293552812
[11000, 23000, 35000, 47000, 59000, 71000, 83000, 95000, 107000, 119000, 131000, 143000, 155000, 167000, 179000, 191000, 203000, 215000, 227000, 239000] [2558, 11262, 12089, 23289, 24018, 35378, 36256, 40296, 47336, 48005, 59301, 60239, 71343, 72363, 83307, 84234, 95306, 96153, 107353, 107972, 110199, 119319, 119963, 131291, 132062, 143294, 144163, 148269, 155373, 156354, 167266, 167934, 179294, 180244, 191444, 192326, 203398, 203998, 215326, 216085, 227381, 228166, 239270, 240034]
DriftDetectionMetrics(fp=4, tp=40, fn=0, precision=0.9090909090909091, recall=1.0, episode_recall=1.0, f1=0.9523809523809523, mdt=np.float64(326.55), far=0.016632016632016633, ar=0.18295218295218296, n_episodes=20, n_alarms=44)
Duración del procesamiento de stream 0:00:42.217409 9815.26888531195
Duración de test: 0:00:24.502640
Tiempo total transcurrido 0:01:11.079769
Hora del sistema 2026-05-05 18:33:32.271763
Semilla: 1 
 Tasa de error baja: 0.01 
 Aumento de la tasa de error: 0.3 
 Ruido del concepto estable: 0.0 
 Duración del concepto estable: 5000 
 Duración del cambio: 1000 
 Número de cambios: 30 
Retreaso aceptable: 500
Nuevos elementos de entrenamiento en la iteración (120000, 1)
Número y fracción de estados no visitados 127 0.17421124828532236
[11000, 23000, 35000, 47000, 59000, 71000, 83000, 95000, 107000, 119000, 131000, 143000, 155000, 167000, 179000, 191000, 203000, 215000, 227000, 239000, 251000, 263000, 275000, 287000, 299000, 311000, 323000, 335000, 347000, 359000] [555, 1444, 2558, 3373, 3770, 11258, 11924, 12098, 12195, 13480, 13795, 15179, 16372, 23348, 23923, 24223, 25814, 28248, 28723, 28894, 29196, 35472, 35855, 36027, 36348, 36588, 36845, 37350, 37665, 37906, 38180, 40294, 41332, 47348, 47848, 49187, 49856, 50345, 50460, 51205, 52673, 59297, 59636, 59857, 60658, 61692, 62984, 63791, 64654, 65312, 71387, 72003, 72237, 72346, 72626, 73666, 73974, 74589, 75229, 76479, 83327, 83952, 84460, 85554, 86516, 87633, 88411, 88697, 95289, 95960, 96155, 97801, 98399, 99475, 100637, 107357, 107788, 109272, 110187, 111961, 119321, 119819, 120610, 120918, 121106, 121616, 122775, 123734, 124365, 124678, 124788, 124960, 125102, 131310, 131806, 131997, 132411, 132523, 132612, 134845, 143293, 144021, 144208, 145851, 146865, 146923, 147355, 147834, 155386, 155788, 156368, 157015, 157770, 158484, 167252, 167806, 170013, 170981, 171581, 179293, 180128, 180604, 180798, 181837, 182317, 182742, 184005, 184229, 191429, 191738, 192214, 192462, 193360, 193554, 194758, 195723, 195813, 196238, 203406, 203944, 206012, 206537, 208985, 209491, 215561, 216056, 217379, 217867, 218509, 219216, 220236, 220673, 227393, 227918, 228143, 228840, 229099, 229860, 230751, 231889, 239249, 239871, 240043, 242026, 242184, 242397, 243668, 251284, 251576, 251741, 251868, 252366, 252752, 253157, 253706, 254450, 254636, 255845, 256084, 256844, 263276, 263633, 264273, 264878, 265626, 265792, 267718, 268470, 275318, 276005, 276104, 276413, 276875, 277146, 277396, 278378, 279668, 280369, 287409, 287924, 289459, 289944, 291313, 292521, 299305, 299801, 300245, 300431, 301474, 301927, 302058, 311434, 311970, 313000, 313732, 323332, 324203, 325808, 326911, 327012, 327954, 328129, 328504, 335384, 335767, 335968, 336327, 338090, 338188, 338791, 338956, 339151, 339613, 340159, 340466, 347282, 347976, 348095, 350103, 350668, 352117, 359349, 359880]
DriftDetectionMetrics(fp=154, tp=89, fn=0, precision=0.3662551440329218, recall=1.0, episode_recall=1.0, f1=0.536144578313253, mdt=np.float64(344.96666666666664), far=0.4271844660194175, ar=0.6740638002773925, n_episodes=30, n_alarms=243)
Duración del procesamiento de stream 0:00:53.157600 10122.21031673084
Duración de test: 0:00:35.614751
Tiempo total transcurrido 0:02:04.237369
Hora del sistema 2026-05-05 18:34:25.429363
Semilla: 1 
 Tasa de error baja: 0.01 
 Aumento de la tasa de error: 0.3 
 Ruido del concepto estable: 0.0 
 Duración del concepto estable: 5000 
 Duración del cambio: 1000 
 Número de cambios: 40 
Retreaso aceptable: 500
Nuevos elementos de entrenamiento en la iteración (120000, 1)
Número y fracción de estados no visitados 141 0.1934156378600823
[11000, 23000, 35000, 47000, 59000, 71000, 83000, 95000, 107000, 119000, 131000, 143000, 155000, 167000, 179000, 191000, 203000, 215000, 227000, 239000, 251000, 263000, 275000, 287000, 299000, 311000, 323000, 335000, 347000, 359000, 371000, 383000, 395000, 407000, 419000, 431000, 443000, 455000, 467000, 479000] [2557, 11507, 12090, 23414, 24214, 35560, 36341, 40287, 41333, 47559, 48016, 50349, 50459, 59466, 60883, 64150, 64615, 71472, 72003, 72372, 72570, 83564, 83985, 85155, 85588, 95435, 96155, 107538, 108014, 110192, 119545, 121228, 124482, 124678, 131523, 132917, 134929, 143542, 144208, 145873, 146939, 155555, 167438, 168012, 179411, 180355, 191604, 193866, 197089, 203590, 204009, 215582, 216257, 217867, 227566, 228540, 239411, 240027, 251474, 251939, 263598, 267718, 268474, 275479, 277020, 277396, 287669, 299456, 300167, 304833, 311593, 312890, 313939, 323490, 324477, 335617, 338956, 347441, 348077, 359553, 361035, 364536, 371532, 372189, 373227, 383526, 385175, 386232, 395486, 395975, 398007, 399594, 407497, 407990, 419556, 419901, 431481, 432125, 443587, 444239, 455578, 456390, 467559, 468613, 479423, 480099]
DriftDetectionMetrics(fp=39, tp=67, fn=0, precision=0.6320754716981132, recall=1.0, episode_recall=1.0, f1=0.7745664739884393, mdt=np.float64(521.925), far=0.08116545265348596, ar=0.22060353798126953, n_episodes=40, n_alarms=106)
Duración del procesamiento de stream 0:01:03.141006 10512.447810236337
Duración de test: 0:00:45.707718
Tiempo total transcurrido 0:03:07.378375
Hora del sistema 2026-05-05 18:35:28.570369
Semilla: 1 
 Tasa de error baja: 0.01 
 Aumento de la tasa de error: 0.3 
 Ruido del concepto estable: 0.0 
 Duración del concepto estable: 5000 
 Duración del cambio: 0 
 Número de cambios: 10 
Retreaso aceptable: 500
Nuevos elementos de entrenamiento en la iteración (100500, 1)
Número y fracción de estados no visitados 85 0.11659807956104253
[10000, 20000, 30000, 40000, 50000, 60000, 70000, 80000, 90000, 100000] [2558, 10046, 12099, 12310, 20031, 21979, 23239, 24224, 30048, 31847, 40010, 40287, 41333, 42481, 42664, 50036, 50346, 50465, 60027, 62992, 64149, 64615, 70039, 72376, 72570, 73974, 74595, 80021, 90024, 92808, 100040]
DriftDetectionMetrics(fp=18, tp=13, fn=0, precision=0.41935483870967744, recall=1.0, episode_recall=1.0, f1=0.5909090909090909, mdt=np.float64(32.2), far=0.17910447761194032, ar=0.30845771144278605, n_episodes=10, n_alarms=31)
Duración del procesamiento de stream 0:00:24.454848 10605.663593205156
Duración de test: 0:00:09.476069
Tiempo total transcurrido 0:03:31.833223
Hora del sistema 2026-05-05 18:35:53.025217
Semilla: 1 
 Tasa de error baja: 0.01 
 Aumento de la tasa de error: 0.3 
 Ruido del concepto estable: 0.0 
 Duración del concepto estable: 5000 
 Duración del cambio: 0 
 Número de cambios: 20 
Retreaso aceptable: 500
Nuevos elementos de entrenamiento en la iteración (100000, 1)
Número y fracción de estados no visitados 107 0.1467764060356653
[10000, 20000, 30000, 40000, 50000, 60000, 70000, 80000, 90000, 100000, 110000, 120000, 130000, 140000, 150000, 160000, 170000, 180000, 190000, 200000] [2558, 10046, 20031, 23250, 30034, 40010, 40294, 50036, 50349, 50465, 60027, 64150, 70038, 80021, 90024, 100040, 110010, 110196, 120023, 120923, 124678, 130047, 130983, 140039, 144166, 150033, 160049, 170012, 180028, 190044, 200060]
DriftDetectionMetrics(fp=7, tp=24, fn=0, precision=0.7741935483870968, recall=1.0, episode_recall=1.0, f1=0.8727272727272727, mdt=np.float64(32.6), far=0.03491271820448878, ar=0.1546134663341646, n_episodes=20, n_alarms=31)
Duración del procesamiento de stream 0:00:32.875689 10888.675592737682
Duración de test: 0:00:18.413626
Tiempo total transcurrido 0:04:04.708912
Hora del sistema 2026-05-05 18:36:25.900906
Semilla: 1 
 Tasa de error baja: 0.01 
 Aumento de la tasa de error: 0.3 
 Ruido del concepto estable: 0.0 
 Duración del concepto estable: 5000 
 Duración del cambio: 0 
 Número de cambios: 30 
Retreaso aceptable: 500
Nuevos elementos de entrenamiento en la iteración (100000, 1)
Número y fracción de estados no visitados 112 0.15363511659807957
[10000, 20000, 30000, 40000, 50000, 60000, 70000, 80000, 90000, 100000, 110000, 120000, 130000, 140000, 150000, 160000, 170000, 180000, 190000, 200000, 210000, 220000, 230000, 240000, 250000, 260000, 270000, 280000, 290000, 300000] [2558, 10046, 20031, 23250, 30034, 40010, 40294, 50036, 50349, 50465, 60027, 64150, 70038, 80021, 90024, 100040, 110010, 110196, 120023, 120923, 124678, 130047, 130983, 140039, 144166, 150033, 160049, 170012, 180028, 190044, 200060, 203225, 210041, 212221, 213636, 220036, 230052, 240036, 250052, 260033, 270049, 270856, 280040, 290013, 300047]
DriftDetectionMetrics(fp=11, tp=34, fn=0, precision=0.7555555555555555, recall=1.0, episode_recall=1.0, f1=0.8607594936708861, mdt=np.float64(35.03333333333333), far=0.03660565723793677, ar=0.1497504159733777, n_episodes=30, n_alarms=45)
Duración del procesamiento de stream 0:00:43.794511 10473.346465968769
Duración de test: 0:00:28.691880
Tiempo total transcurrido 0:04:48.503423
Hora del sistema 2026-05-05 18:37:09.695417
Semilla: 1 
 Tasa de error baja: 0.01 
 Aumento de la tasa de error: 0.3 
 Ruido del concepto estable: 0.0 
 Duración del concepto estable: 5000 
 Duración del cambio: 0 
 Número de cambios: 40 
Retreaso aceptable: 500
Nuevos elementos de entrenamiento en la iteración (100000, 1)
Número y fracción de estados no visitados 116 0.15912208504801098
[10000, 20000, 30000, 40000, 50000, 60000, 70000, 80000, 90000, 100000, 110000, 120000, 130000, 140000, 150000, 160000, 170000, 180000, 190000, 200000, 210000, 220000, 230000, 240000, 250000, 260000, 270000, 280000, 290000, 300000, 310000, 320000, 330000, 340000, 350000, 360000, 370000, 380000, 390000, 400000] [2557, 10032, 20028, 23239, 30019, 30114, 40010, 40287, 42484, 50034, 50346, 50465, 60025, 60241, 64150, 64615, 70036, 72376, 72551, 80019, 80258, 90021, 100041, 102825, 110006, 110199, 110362, 111982, 120022, 120923, 124490, 124678, 130040, 130982, 140038, 144165, 150021, 151269, 160044, 170011, 180027, 190039, 200055, 203225, 210041, 211806, 212220, 213634, 213858, 220029, 220236, 230060, 240035, 250036, 250486, 251868, 260016, 261587, 270048, 270831, 280031, 290006, 300032, 310021, 320007, 330028, 340024, 342098, 350013, 360035, 364459, 370018, 373227, 380033, 380188, 381700, 390030, 400039]
DriftDetectionMetrics(fp=27, tp=51, fn=0, precision=0.6538461538461539, recall=1.0, episode_recall=1.0, f1=0.7906976744186047, mdt=np.float64(28.75), far=0.06741573033707865, ar=0.1947565543071161, n_episodes=40, n_alarms=78)
Duración del procesamiento de stream 0:00:54.958706 9919.74984298064
Duración de test: 0:00:40.374002
Tiempo total transcurrido 0:05:43.462129
Hora del sistema 2026-05-05 18:38:04.654123
Semilla: 1 
 Tasa de error baja: 0.01 
 Aumento de la tasa de error: 0.3 
 Ruido del concepto estable: 0.0 
 Duración del concepto estable: 100000 
 Duración del cambio: 1000 
 Número de cambios: 10 
Retreaso aceptable: 500
Nuevos elementos de entrenamiento en la iteración (2020500, 1)
Número y fracción de estados no visitados 95 0.13031550068587106
[201000, 403000, 605000, 807000, 1009000, 1211000, 1413000, 1615000, 1817000, 2019000] [201292, 205359, 403279, 605295, 617325, 807277, 809795, 1009347, 1211299, 1213960, 1413384, 1615304, 1618139, 1817307, 2019323]
DriftDetectionMetrics(fp=5, tp=10, fn=0, precision=0.6666666666666666, recall=1.0, episode_recall=1.0, f1=0.8, mdt=np.float64(310.7), far=0.0024746349913387774, ar=0.007423904974016332, n_episodes=10, n_alarms=15)
Duración del procesamiento de stream 0:08:00.008985 10571.33799434203
Duración de test: 0:03:11.130016
Tiempo total transcurrido 0:13:43.471114
Hora del sistema 2026-05-05 18:46:04.663108
Semilla: 1 
 Tasa de error baja: 0.01 
 Aumento de la tasa de error: 0.3 
 Ruido del concepto estable: 0.0 
 Duración del concepto estable: 100000 
 Duración del cambio: 1000 
 Número de cambios: 20 
Retreaso aceptable: 500
Nuevos elementos de entrenamiento en la iteración (2020000, 1)
Número y fracción de estados no visitados 110 0.15089163237311384
[201000, 403000, 605000, 807000, 1009000, 1211000, 1413000, 1615000, 1817000, 2019000, 2221000, 2423000, 2625000, 2827000, 3029000, 3231000, 3433000, 3635000, 3837000, 4039000] [6009, 201305, 403289, 605337, 617325, 686761, 807273, 809795, 1009347, 1211299, 1213960, 1413384, 1615304, 1618139, 1817307, 2019323, 2221339, 2223601, 2423313, 2625297, 2627675, 2827387, 2829910, 3029398, 3031524, 3231268, 3433284, 3635364, 3837316, 3839583, 4039327]
DriftDetectionMetrics(fp=11, tp=20, fn=0, precision=0.6451612903225806, recall=1.0, episode_recall=1.0, f1=0.7843137254901961, mdt=np.float64(323.05), far=0.0027224353421606237, ar=0.007672317782452666, n_episodes=20, n_alarms=31)
Duración del procesamiento de stream 0:11:31.628087 10312.026454384106
Duración de test: 0:06:31.824053
Tiempo total transcurrido 0:25:15.099201
Hora del sistema 2026-05-05 18:57:36.291195
Semilla: 1 
 Tasa de error baja: 0.01 
 Aumento de la tasa de error: 0.3 
 Ruido del concepto estable: 0.0 
 Duración del concepto estable: 100000 
 Duración del cambio: 1000 
 Número de cambios: 30 
Retreaso aceptable: 500
Nuevos elementos de entrenamiento en la iteración (2020000, 1)
Número y fracción de estados no visitados 113 0.1550068587105624
[201000, 403000, 605000, 807000, 1009000, 1211000, 1413000, 1615000, 1817000, 2019000, 2221000, 2423000, 2625000, 2827000, 3029000, 3231000, 3433000, 3635000, 3837000, 4039000, 4241000, 4443000, 4645000, 4847000, 5049000, 5251000, 5453000, 5655000, 5857000, 6059000] [1, 2558, 5398, 23251, 201299, 202219, 213636, 403300, 404051, 499072, 605312, 606696, 617201, 622340, 664724, 686756, 807236, 808083, 809692, 1009340, 1010151, 1011318, 1211318, 1212187, 1413371, 1414520, 1414840, 1449315, 1615299, 1615936, 1617567, 1650388, 1817300, 1818202, 1847434, 1868055, 1899174, 2019302, 2019926, 2221334, 2222191, 2224080, 2292432, 2305495, 2423319, 2424058, 2625306, 2626201, 2827385, 2828127, 2828636, 2829475, 3029379, 3030082, 3231298, 3232354, 3433282, 3434118, 3461144, 3467870, 3635358, 3635856, 3837328, 3838205, 3840877, 3842091, 3846578, 3916358, 4039302, 4039970, 4084688, 4241328, 4242187, 4249148, 4262905, 4304922, 4308545, 4443393, 4444350, 4477174, 4527457, 4645313, 4646287, 4662476, 4671421, 4847357, 4848207, 4861329, 4865621, 4913770, 4942679, 5049303, 5049454, 5049971, 5251315, 5252576, 5258607, 5271192, 5276322, 5302830, 5303004, 5325173, 5453237, 5454200, 5655352, 5656262, 5857318, 5858231, 6059287, 6060161]
DriftDetectionMetrics(fp=52, tp=58, fn=0, precision=0.5272727272727272, recall=1.0, episode_recall=1.0, f1=0.6904761904761904, mdt=np.float64(319.03333333333336), far=0.00858015015262767, ar=0.018150317630558535, n_episodes=30, n_alarms=110)
Duración del procesamiento de stream 0:15:17.061098 10152.193738304133
Duración de test: 0:09:56.964573
Tiempo total transcurrido 0:40:32.160299
Hora del sistema 2026-05-05 19:12:53.352293
Semilla: 1 
 Tasa de error baja: 0.01 
 Aumento de la tasa de error: 0.3 
 Ruido del concepto estable: 0.0 
 Duración del concepto estable: 100000 
 Duración del cambio: 1000 
 Número de cambios: 40 
Retreaso aceptable: 500
Nuevos elementos de entrenamiento en la iteración (2020000, 1)
Número y fracción de estados no visitados 118 0.16186556927297668
[201000, 403000, 605000, 807000, 1009000, 1211000, 1413000, 1615000, 1817000, 2019000, 2221000, 2423000, 2625000, 2827000, 3029000, 3231000, 3433000, 3635000, 3837000, 4039000, 4241000, 4443000, 4645000, 4847000, 5049000, 5251000, 5453000, 5655000, 5857000, 6059000, 6261000, 6463000, 6665000, 6867000, 7069000, 7271000, 7473000, 7675000, 7877000, 8079000] [5398, 201302, 202218, 213636, 403300, 404233, 499072, 605312, 606696, 617201, 622340, 664724, 686756, 807236, 808087, 809692, 1009340, 1010151, 1211303, 1212264, 1413384, 1414935, 1449315, 1615299, 1616054, 1617568, 1650388, 1817300, 1818225, 1847434, 1868238, 1899174, 2019302, 2019926, 2221334, 2222191, 2224080, 2292432, 2305495, 2423319, 2424058, 2625306, 2627477, 2827381, 2828637, 3029373, 3030059, 3231275, 3232004, 3433284, 3434120, 3461147, 3467846, 3635366, 3635998, 3837310, 3838530, 3840877, 3842092, 3846578, 3916358, 4039302, 4040199, 4241351, 4242277, 4249146, 4262905, 4304922, 4308545, 4443393, 4444350, 4477175, 4527457, 4645313, 4646671, 4662476, 4671421, 4847357, 4848468, 4861331, 4865799, 4913770, 4942679, 5049303, 5049945, 5251321, 5252577, 5258607, 5271192, 5276322, 5302830, 5303839, 5346403, 5453251, 5454306, 5655330, 5656103, 5857319, 5858233, 6059257, 6060132, 6085292, 6145926, 6158713, 6261273, 6261964, 6263250, 6463378, 6464295, 6549223, 6665223, 6666678, 6867254, 6868301, 7069325, 7070097, 7271249, 7272208, 7371354, 7473338, 7474038, 7675286, 7676232, 7757268, 7877236, 7878064, 8079280, 8080048]
DriftDetectionMetrics(fp=56, tp=72, fn=0, precision=0.5625, recall=1.0, episode_recall=1.0, f1=0.72, mdt=np.float64(309.125), far=0.006930264216323248, ar=0.015840603923024565, n_episodes=40, n_alarms=128)
Duración del procesamiento de stream 0:20:58.420966 9080.530017158759
Duración de test: 0:14:49.870964
Tiempo total transcurrido 1:01:30.581265
Hora del sistema 2026-05-05 19:33:51.773259
Semilla: 1 
 Tasa de error baja: 0.01 
 Aumento de la tasa de error: 0.3 
 Ruido del concepto estable: 0.0 
 Duración del concepto estable: 100000 
 Duración del cambio: 0 
 Número de cambios: 10 
Retreaso aceptable: 500
Nuevos elementos de entrenamiento en la iteración (2000500, 1)
Número y fracción de estados no visitados 77 0.1056241426611797
[200000, 400000, 600000, 800000, 1000000, 1200000, 1400000, 1600000, 1800000, 2000000] [200086, 400054, 600056, 800089, 1000057, 1200104, 1400049, 1600076, 1800083, 2000053]
DriftDetectionMetrics(fp=0, tp=10, fn=0, precision=1.0, recall=1.0, episode_recall=1.0, f1=1.0, mdt=np.float64(70.7), far=0.0, ar=0.0049987503124218945, n_episodes=10, n_alarms=10)
Duración del procesamiento de stream 0:08:10.124700 10636.795800451584
Duración de test: 0:03:08.073555
Tiempo total transcurrido 1:09:40.705965
Hora del sistema 2026-05-05 19:42:01.897959
Semilla: 1 
 Tasa de error baja: 0.01 
 Aumento de la tasa de error: 0.3 
 Ruido del concepto estable: 0.0 
 Duración del concepto estable: 100000 
 Duración del cambio: 0 
 Número de cambios: 20 
Retreaso aceptable: 500
Nuevos elementos de entrenamiento en la iteración (2000000, 1)
Número y fracción de estados no visitados 92 0.1262002743484225
[200000, 400000, 600000, 800000, 1000000, 1200000, 1400000, 1600000, 1800000, 2000000, 2200000, 2400000, 2600000, 2800000, 3000000, 3200000, 3400000, 3600000, 3800000, 4000000] [200065, 400065, 600065, 800033, 1000065, 1200033, 1400033, 1600033, 1800065, 2000065, 2200033, 2400065, 2600033, 2800033, 3000033, 3200065, 3400065, 3466753, 3600033, 3800033, 4000033]
DriftDetectionMetrics(fp=1, tp=20, fn=0, precision=0.9523809523809523, recall=1.0, episode_recall=1.0, f1=0.975609756097561, mdt=np.float64(47.4), far=0.0002499687539057618, ar=0.005249343832020997, n_episodes=20, n_alarms=21)
Duración del procesamiento de stream 0:11:20.835425 10524.827543314512
Duración de test: 0:06:20.101240
Tiempo total transcurrido 1:21:01.541390
Hora del sistema 2026-05-05 19:53:22.733384
Semilla: 1 
 Tasa de error baja: 0.01 
 Aumento de la tasa de error: 0.3 
 Ruido del concepto estable: 0.0 
 Duración del concepto estable: 100000 
 Duración del cambio: 0 
 Número de cambios: 30 
Retreaso aceptable: 500
Nuevos elementos de entrenamiento en la iteración (2000000, 1)
Número y fracción de estados no visitados 98 0.13443072702331962
[200000, 400000, 600000, 800000, 1000000, 1200000, 1400000, 1600000, 1800000, 2000000, 2200000, 2400000, 2600000, 2800000, 3000000, 3200000, 3400000, 3600000, 3800000, 4000000, 4200000, 4400000, 4600000, 4800000, 5000000, 5200000, 5400000, 5600000, 5800000, 6000000] [200086, 400054, 600056, 800089, 1000057, 1200104, 1400049, 1600076, 1800083, 2000053, 2200100, 2400082, 2600050, 2800059, 3000027, 3200072, 3400048, 3600059, 3800059, 4000077, 4200150, 4400074, 4600042, 4800143, 5000079, 5200047, 5400052, 5600052, 5800053, 6000053]
DriftDetectionMetrics(fp=0, tp=30, fn=0, precision=1.0, recall=1.0, episode_recall=1.0, f1=1.0, mdt=np.float64(69.5), far=0.0, ar=0.004999583368052662, n_episodes=30, n_alarms=30)
Duración del procesamiento de stream 0:15:17.437821 10051.030861731719
Duración de test: 0:09:57.003440
Tiempo total transcurrido 1:36:18.979211
Hora del sistema 2026-05-05 20:08:40.171205
Semilla: 1 
 Tasa de error baja: 0.01 
 Aumento de la tasa de error: 0.3 
 Ruido del concepto estable: 0.0 
 Duración del concepto estable: 100000 
 Duración del cambio: 0 
 Número de cambios: 40 
Retreaso aceptable: 500
Nuevos elementos de entrenamiento en la iteración (2000000, 1)
Número y fracción de estados no visitados 103 0.1412894375857339
[200000, 400000, 600000, 800000, 1000000, 1200000, 1400000, 1600000, 1800000, 2000000, 2200000, 2400000, 2600000, 2800000, 3000000, 3200000, 3400000, 3600000, 3800000, 4000000, 4200000, 4400000, 4600000, 4800000, 5000000, 5200000, 5400000, 5600000, 5800000, 6000000, 6200000, 6400000, 6600000, 6800000, 7000000, 7200000, 7400000, 7600000, 7800000, 8000000] [400065, 600065, 800089, 1001081, 1400049, 1600705, 2000693, 2200100, 2400678, 2800059, 3000027, 3400059, 4200150, 4600037, 4800143, 5000079, 5200047, 5400052, 5600052, 5800053, 6000053, 6400053, 6800053, 7000053, 7400090, 7600080, 8000090]
DriftDetectionMetrics(fp=4, tp=23, fn=17, precision=0.8518518518518519, recall=0.575, episode_recall=0.575, f1=0.6865671641791045, mdt=np.float64(69.47826086956522), far=0.000499968751953003, ar=0.0033747890756827695, n_episodes=40, n_alarms=27)
Duración del procesamiento de stream 0:19:59.045034 9606.078142715935
Duración de test: 0:13:52.858101
Tiempo total transcurrido 1:56:18.024245
Hora del sistema 2026-05-05 20:28:39.216239
Hora estimada de finalización 2026-05-06 17:47:57.482934
Semilla: 1 
 Tasa de error baja: 0.01 
 Aumento de la tasa de error: 0.3 
 Ruido del concepto estable: 0.1 
 Duración del concepto estable: 5000 
 Duración del cambio: 1000 
 Número de cambios: 10 
Retreaso aceptable: 500
Nuevos elementos de entrenamiento en la iteración (120500, 1)
Número y fracción de estados no visitados 79 0.1083676268861454
[11000, 23000, 35000, 47000, 59000, 71000, 83000, 95000, 107000, 119000] [11308, 12071, 23335, 24049, 35345, 36017, 37861, 47397, 48225, 59393, 60599, 71415, 71891, 83347, 84106, 95306, 96275, 97810, 107378, 108124, 109512, 119464]
DriftDetectionMetrics(fp=4, tp=18, fn=0, precision=0.8181818181818182, recall=1.0, episode_recall=1.0, f1=0.9, mdt=np.float64(368.8), far=0.03319502074688797, ar=0.1825726141078838, n_episodes=10, n_alarms=22)
Duración del procesamiento de stream 0:00:35.390243 9928.387897583529
Duración de test: 0:00:12.136915
Tiempo total transcurrido 1:56:53.414488
Hora del sistema 2026-05-05 20:29:14.606482
Semilla: 1 
 Tasa de error baja: 0.01 
 Aumento de la tasa de error: 0.3 
 Ruido del concepto estable: 0.1 
 Duración del concepto estable: 5000 
 Duración del cambio: 1000 
 Número de cambios: 20 
Retreaso aceptable: 500
Nuevos elementos de entrenamiento en la iteración (120000, 1)
Número y fracción de estados no visitados 109 0.149519890260631
[11000, 23000, 35000, 47000, 59000, 71000, 83000, 95000, 107000, 119000, 131000, 143000, 155000, 167000, 179000, 191000, 203000, 215000, 227000, 239000] [1266, 1345, 1430, 1534, 1645, 1734, 1735, 1736, 1737, 1851, 1949, 1950, 1951, 1952, 1953, 1954, 1955, 1956, 1957, 2051, 2165, 2166, 2167, 2168, 2169, 2170, 2171, 2287, 2406, 2506, 2626, 2627, 2628, 2760, 2868, 2956, 3175, 3304, 3391, 3507, 3508, 3602, 3709, 3819, 3915, 3916, 3917, 3918, 3919, 4015, 4131, 4132, 4133, 4134, 4135, 4136, 4137, 4138, 4139, 4140, 4141, 4142, 4143, 4144, 4145, 4146, 4147, 4234, 4342, 4455, 4565, 4666, 4782, 4878, 4977, 4978, 4979, 4980, 4981, 4982, 5066, 5186, 5187, 5294, 5423, 5424, 5425, 5643, 6647, 6648, 6649, 6650, 8679, 8680, 8681, 8682, 8683, 8684, 8685, 8686, 8687, 8688, 8689, 8690, 8691, 8692, 8693, 8694, 8695, 8696, 8697, 8698, 8699, 8700, 8701, 8702, 8703, 8704, 8705, 8706, 8707, 8708, 8709, 8710, 8711, 8712, 8713, 8714, 8715, 8716, 8717, 8718, 8719, 8720, 8721, 8722, 8723, 8724, 8725, 8726, 8727, 8728, 8729, 8730, 8731, 8732, 8733, 8734, 8735, 8736, 8737, 8738, 8739, 8740, 8741, 8742, 10221, 10222, 10223, 10224, 10225, 10226, 10227, 10228, 10229, 10230, 10231, 10232, 10233, 10234, 10235, 10236, 10237, 10238, 10239, 10240, 10241, 11207, 11402, 11539, 11729, 11863, 11864, 11865, 11866, 11867, 11868, 11869, 11870, 11871, 11872, 11873, 11979, 12064, 12188, 12296, 12415, 12514, 12515, 12594, 12595, 12596, 12691, 12835, 12928, 13019, 13020, 13021, 13022, 13023, 13024, 13116, 13217, 13218, 13219, 13220, 13338, 13458, 13582, 13677, 13755, 13888, 14009, 14112, 14216, 14297, 14404, 14528, 14709, 14710, 14711, 14712, 14713, 14714, 14815, 14816, 14817, 14818, 14819, 14820, 14821, 14822, 14823, 14824, 14825, 14826, 14827, 14828, 15107, 15108, 15206, 15316, 15317, 15318, 15319, 15320, 15321, 15322, 15323, 15418, 15505, 15587, 15679, 15782, 15783, 15784, 15869, 15870, 15871, 15872, 15873, 15874, 15875, 15876, 15995, 16101, 16188, 16189, 16190, 16191, 16272, 16361, 16468, 16469, 16470, 16471, 16472, 16473, 16474, 16584, 16739, 16740, 16741, 16742, 16743, 16744, 16849, 16968, 17062, 17190, 17343, 17344, 17345, 17346, 17347, 17842, 17843, 17844, 17845, 17846, 17847, 17848, 17849, 17850, 17851, 17852, 17853, 17854, 17855, 17856, 17857, 17858, 17859, 17860, 17861, 19057, 20973, 20974, 20975, 20976, 20977, 20978, 20979, 20980, 20981, 20982, 20983, 20984, 20985, 20986, 20987, 20988, 20989, 20990, 20991, 20992, 20993, 20994, 20995, 20996, 20997, 20998, 20999, 21000, 21001, 21002, 21003, 21004, 21005, 21006, 21007, 21008, 21009, 21010, 21011, 21012, 22557, 23332, 23552, 23723, 23724, 23725, 23726, 23727, 23728, 23729, 23730, 23731, 23732, 23733, 23798, 23914, 23915, 24024, 24137, 24138, 24139, 24240, 24241, 24242, 24243, 24343, 24344, 24584, 24585, 24586, 24587, 24588, 24589, 24590, 24591, 24592, 24689, 24798, 24799, 24800, 24801, 24915, 24916, 25005, 25120, 25210, 25327, 25328, 25455, 25569, 25694, 25783, 25877, 25971, 26068, 26167, 26260, 26296, 26382, 26383, 26384, 26385, 26386, 26387, 26388, 26502, 26503, 26504, 26505, 26582, 26681, 26836, 26837, 26838, 26839, 26840, 26841, 26842, 26843, 26951, 26952, 26953, 26954, 26955, 26956, 26957, 26958, 27045, 27148, 27231, 27232, 27233, 27234, 27235, 27236, 27237, 27238, 27393, 27546, 27620, 27695, 27781, 27782, 27783, 27784, 27785, 27786, 27787, 27788, 27789, 27790, 27904, 27999, 28000, 28001, 28080, 28171, 28322, 28323, 28436, 28527, 28638, 28747, 28850, 28851, 28947, 35396, 35397, 35398, 35399, 35620, 35729, 35855, 35981, 35982, 36086, 36087, 36088, 36089, 36185, 36285, 36371, 36471, 36571, 36667, 36768, 36915, 36916, 36917, 36918, 36919, 36920, 36921, 36922, 37014, 37095, 37096, 37197, 37312, 37313, 37417, 37511, 37512, 37599, 37684, 37787, 37860, 37963, 38078, 38179, 38269, 38270, 38271, 38272, 38273, 38274, 38275, 38276, 38277, 38278, 38419, 38420, 38421, 38507, 38620, 38719, 38812, 38813, 38814, 38815, 38816, 38817, 38818, 38976, 38977, 38978, 38979, 38980, 39072, 39186, 39187, 39188, 39189, 39271, 39372, 39373, 39374, 39375, 39376, 39377, 39467, 39574, 39667, 39753, 39847, 39918, 40056, 40136, 40137, 40174, 40296, 40417, 40496, 40497, 40600, 41199, 41200, 41201, 41202, 41354, 41355, 41356, 41357, 41358, 41359, 41497, 41498, 41499, 41500, 41501, 42499, 42500, 42501, 42502, 42503, 42504, 42505, 42506, 42507, 42508, 42509, 42510, 42511, 42512, 42513, 42514, 42515, 42516, 42517, 42518, 42519, 42520, 42521, 42522, 42523, 42524, 42525, 42526, 42527, 42528, 42529, 42530, 42531, 42532, 42533, 43453, 43454, 43455, 43456, 43457, 43458, 43459, 43460, 43461, 43462, 43463, 43464, 43465, 43466, 43467, 43468, 43469, 43470, 43471, 43472, 43473, 43474, 43475, 43476, 43477, 43478, 43479, 43480, 43481, 43482, 43483, 43484, 43485, 43486, 43487, 43488, 43489, 43490, 43491, 43492, 43493, 43494, 43495, 43496, 43497, 43498, 43499, 43500, 43501, 43502, 43503, 43504, 43505, 43506, 43507, 43508, 43509, 43510, 43511, 43512, 43513, 43514, 43515, 43516, 43517, 43518, 43519, 43520, 43521, 43522, 43523, 43524, 43525, 43526, 43527, 43528, 43529, 43530, 43531, 43532, 43533, 43534, 43535, 43536, 43537, 43538, 43539, 43540, 43541, 43542, 43543, 43544, 43545, 43546, 43547, 43548, 43549, 43550, 43551, 43552, 43553, 43554, 43555, 43556, 43557, 43558, 43559, 43560, 43561, 43562, 43563, 43564, 43565, 43566, 43567, 43568, 43569, 43570, 43571, 43572, 43573, 43574, 43575, 43576, 43577, 43578, 43579, 43580, 43581, 43582, 43583, 43584, 43585, 43586, 43587, 43588, 43589, 43590, 43591, 43592, 43593, 43594, 43595, 43596, 43597, 43598, 43599, 43600, 43601, 45008, 45009, 45010, 45011, 45012, 45013, 45014, 45015, 45016, 45017, 45018, 45019, 45020, 45021, 45022, 45023, 45024, 45025, 45026, 45027, 45028, 45029, 45030, 45031, 45032, 45033, 45034, 45035, 45036, 45037, 45038, 45039, 45040, 45041, 45042, 45043, 45044, 45045, 45046, 45047, 45048, 45049, 45050, 45051, 45052, 45053, 45054, 45055, 45056, 45057, 45058, 45059, 45060, 45061, 45062, 45063, 45064, 45920, 47151, 47420, 47561, 47734, 47852, 47966, 48060, 48061, 48062, 48153, 48154, 48155, 48234, 48336, 48337, 48338, 48339, 48340, 48341, 48342, 48442, 48520, 48661, 48662, 48663, 48664, 48665, 48666, 48765, 48766, 48767, 48870, 48977, 49117, 49118, 49119, 49249, 49250, 49251, 49252, 49374, 49375, 49484, 49485, 49582, 49670, 49756, 49829, 49944, 50043, 50128, 50214, 50309, 50428, 50429, 50430, 50431, 50542, 50659, 50748, 50749, 50750, 50751, 50752, 50753, 50754, 50755, 50850, 50851, 50852, 50950, 51045, 51173, 51174, 51175, 54199, 55313, 56525, 56526, 56527, 56528, 56529, 56530, 56531, 56532, 56533, 56534, 56535, 57402, 58653, 58654, 58655, 58656, 58657, 59296, 59483, 59650, 59820, 59821, 59822, 59823, 59931, 60013, 60134, 60241, 60242, 60243, 60244, 60305, 60413, 60521, 60615, 60730, 60940, 60941, 60942, 60943, 60944, 60945, 60946, 60947, 60948, 60949, 61035, 61136, 61263, 61264, 61265, 61266, 61267, 61268, 61269, 61270, 61271, 61272, 61273, 61274, 61275, 61276, 61277, 61278, 61279, 61280, 61386, 61468, 61469, 61575, 61684, 61685, 61686, 61687, 61688, 61814, 61815, 61816, 61817, 61929, 62034, 62057, 62185, 62186, 62187, 62188, 62189, 62190, 62191, 62258, 62380, 62381, 62382, 62383, 62384, 62385, 62490, 62590, 62715, 62716, 62717, 62759, 62979, 62980, 62981, 62982, 63097, 63098, 63099, 63100, 63101, 63102, 63187, 63321, 63412, 63491, 63627, 63707, 63796, 63891, 64000, 64106, 64107, 64193, 64194, 64195, 64196, 64197, 64298, 64390, 64391, 64484, 64485, 64486, 64487, 64488, 64489, 64583, 64808, 64911, 64912, 65054, 65055, 65056, 65057, 65193, 65331, 65332, 65475, 67197, 67198, 67199, 67200, 67201, 67202, 67203, 67204, 67205, 67206, 67207, 67208, 67209, 67210, 67211, 67212, 67213, 67214, 67215, 67216, 67217, 67218, 67219, 67220, 67221, 67222, 67223, 67224, 67225, 67226, 67227, 67228, 67229, 67230, 67231, 67232, 67233, 67234, 67235, 67236, 67237, 67238, 67239, 67240, 67241, 67242, 67243, 67244, 67245, 67246, 67247, 67248, 67249, 67250, 67251, 67252, 67253, 67254, 67255, 67256, 67257, 69085, 69086, 69087, 69088, 69089, 69090, 69091, 69092, 69093, 69094, 69095, 69096, 70793, 71304, 71509, 71714, 71715, 71716, 71717, 71718, 71825, 72123, 72124, 72237, 72238, 72340, 72445, 72446, 72530, 72629, 72630, 72631, 72632, 72633, 72634, 72732, 72835, 72836, 72837, 72932, 73037, 73143, 73144, 73145, 73146, 73147, 73232, 73350, 73457, 73627, 73628, 73629, 73630, 73915, 74004, 74108, 74109, 74203, 74289, 74290, 74291, 74292, 74293, 74370, 74474, 74565, 74681, 74761, 74762, 74763, 74764, 74885, 74886, 74887, 74888, 75015, 75016, 75017, 75018, 75019, 75020, 75021, 75149, 75150, 75240, 75337, 75338, 75432, 75510, 75511, 75512, 75600, 75691, 75692, 75781, 75810, 75953, 75954, 76077, 76182, 76301, 76302, 76409, 76410, 76411, 76412, 76413, 76414, 76415, 76527, 76598, 76672, 76759, 76847, 76937, 77039, 77205, 77206, 77207, 77208, 77209, 77331, 77511, 77512, 77513, 77514, 77515, 77743, 79618, 79619, 79620, 79621, 79622, 79623, 79624, 79625, 79626, 79627, 79628, 79629, 79630, 79631, 79632, 79633, 79634, 79635, 79636, 79637, 79638, 79639, 79640, 79641, 79642, 79643, 79644, 79645, 79646, 79647, 79648, 79649, 79650, 81080, 82725, 83304, 83471, 83637, 83803, 83914, 84006, 84007, 84104, 84105, 84194, 84301, 84433, 84434, 84506, 84507, 84613, 84695, 84809, 84924, 85004, 85051, 85154, 85268, 85385, 85478, 85606, 85702, 85971, 85972, 85973, 85974, 85975, 85976, 85977, 85978, 86062, 86177, 86273, 86274, 86374, 86375, 86376, 86377, 86378, 86497, 86591, 86592, 86593, 86594, 86595, 86705, 86706, 86794, 86896, 86999, 87102, 87206, 87403, 87404, 87405, 87406, 87407, 87408, 87409, 87507, 87629, 87743, 87744, 87745, 87852, 87992, 88127, 88128, 88129, 88226, 88227, 88228, 88318, 88416, 88417, 88512, 88513, 88514, 88515, 88590, 88675, 88779, 88780, 88781, 88782, 88783, 88784, 88785, 88892, 89022, 89108, 89109, 89110, 89241, 89518, 89519, 89520, 89521, 89522, 89523, 89524, 89525, 89526, 89527, 89748, 91469, 91470, 91471, 91472, 91473, 91474, 91475, 91476, 91477, 91478, 91479, 91480, 91481, 91482, 91483, 91484, 91485, 91486, 91487, 91488, 91489, 91490, 91491, 91492, 91493, 92541, 92542, 92543, 92544, 92545, 92546, 92547, 92548, 92549, 92550, 92551, 92552, 92553, 92554, 92555, 92556, 92557, 92558, 92559, 92560, 92561, 92562, 92563, 92564, 92565, 92566, 92567, 92568, 92569, 92570, 92571, 92572, 92573, 92574, 92575, 92576, 92577, 92578, 92579, 92580, 92581, 92582, 92583, 92584, 92585, 92586, 92587, 92588, 92589, 92590, 92591, 92592, 92593, 92594, 92595, 92596, 92597, 92598, 92599, 92600, 92601, 92602, 92603, 92604, 92605, 92606, 92607, 92608, 92609, 92610, 92611, 92612, 92613, 92614, 92615, 92616, 92617, 92618, 92619, 92620, 92621, 92622, 94850, 94851, 94852, 94853, 94854, 94855, 94856, 94857, 94858, 94859, 94860, 94861, 94862, 94863, 94864, 94865, 94866, 95293, 95515, 95681, 95828, 95829, 95830, 95958, 96092, 96178, 96179, 96275, 96366, 96470, 96471, 96587, 96588, 96589, 96690, 96790, 96900, 96981, 96982, 96983, 97075, 97181, 97275, 97276, 97369, 97461, 97609, 97610, 97711, 97807, 97888, 97889, 97890, 97891, 97892, 97978, 98129, 98261, 98375, 98502, 98503, 98504, 98505, 98595, 98714, 98825, 98826, 98911, 98912, 98913, 98914, 98915, 99022, 99127, 99244, 99361, 99362, 99363, 99483, 99484, 99485, 99486, 99487, 99488, 99489, 99578, 99714, 99715, 99716, 99717, 99718, 99719, 99720, 99807, 99912, 99913, 99914, 99999, 100110, 100228, 100300, 100392, 100704, 100836, 100837, 100838, 100839, 100840, 100841, 100935, 101061, 101173, 101174, 101309, 101463, 101464, 101465, 101597, 102084, 102085, 103086, 104531, 105983, 107081, 107387, 107585, 107710, 107711, 107712, 107713, 107714, 107715, 107716, 107717, 107718, 107719, 107720, 107721, 107722, 107723, 107724, 107725, 107858, 107972, 108065, 108066, 108168, 108169, 108278, 108441, 108442, 108443, 108444, 108445, 108446, 108447, 108448, 108616, 108718, 108855, 108950, 109046, 109133, 109265, 109266, 109267, 109268, 109359, 109472, 109509, 109606, 109699, 109815, 109925, 110031, 110139, 110231, 110342, 110343, 110344, 110446, 110447, 110448, 110541, 110645, 110646, 110647, 110759, 110760, 110761, 110762, 110763, 110885, 110886, 110887, 110888, 110965, 111068, 111069, 111070, 111071, 111072, 111073, 111074, 111075, 111076, 111191, 111306, 111398, 111399, 111400, 111538, 111539, 111540, 111541, 111662, 111663, 111664, 111665, 111774, 111910, 111987, 111988, 112238, 112239, 112355, 112441, 112524, 112614, 112615, 112616, 112617, 112706, 112806, 112807, 112896, 112897, 112898, 112988, 113099, 113189, 113190, 113317, 113510, 115443, 115444, 115445, 115446, 115447, 115448, 115449, 115450, 116808, 116809, 116810, 116811, 116812, 116813, 117907, 119164, 119478, 119614, 119757, 119876, 119877, 119878, 119971, 120082, 120201, 120283, 120372, 120460, 120461, 120557, 120558, 120559, 120560, 120561, 120562, 120659, 120786, 120787, 120788, 120883, 121042, 121043, 121044, 121045, 121152, 121244, 121386, 121387, 121488, 121610, 121689, 121766, 121863, 122010, 122011, 122012, 122013, 122014, 122015, 122016, 122017, 122100, 122293, 122294, 122295, 122296, 122411, 122412, 122552, 122650, 122752, 122888, 122977, 123078, 123173, 123243, 123397, 123469, 123470, 123555, 123673, 123674, 123675, 123676, 123677, 123678, 123679, 123680, 123681, 123682, 123789, 123790, 123871, 123965, 124117, 124118, 126234, 127821, 129292, 131107, 131108, 131109, 131110, 131415, 131609, 131610, 131759, 131871, 131965, 132057, 132192, 132193, 132194, 132195, 132284, 132393, 132495, 132604, 132699, 132767, 132867, 132954, 133045, 133046, 133047, 133048, 133049, 133050, 133152, 133266, 133357, 133424, 133425, 133526, 133617, 133722, 133723, 133724, 133725, 133726, 133817, 133939, 134067, 134174, 134293, 134444, 134445, 134446, 134447, 134448, 134449, 134546, 134547, 134548, 134549, 134644, 134645, 134747, 134833, 134942, 134943, 135099, 135100, 135189, 135289, 135394, 135528, 135609, 135692, 135693, 135791, 135876, 135877, 135878, 135879, 135880, 135881, 135967, 136073, 136164, 136257, 136341, 136448, 136449, 136537, 136692, 136693, 136694, 136695, 136696, 136697, 136698, 136699, 136804, 136892, 136893, 137006, 137007, 137089, 137198, 137297, 137463, 137788, 139035, 139036, 139037, 139038, 139039, 139040, 139041, 139042, 139043, 139044, 139045, 139046, 139047, 139048, 139049, 139050, 139051, 139052, 139053, 139054, 139055, 139056, 139057, 139058, 139059, 139060, 139061, 139062, 139063, 139064, 139065, 139066, 139067, 139068, 139069, 139070, 139071, 139072, 139073, 139074, 139075, 139076, 139077, 139078, 139079, 139080, 139081, 139082, 139083, 139084, 139085, 139086, 139087, 139088, 139089, 139090, 139091, 139092, 139093, 139094, 139095, 139096, 139097, 139098, 139099, 139100, 139101, 139102, 139103, 139104, 139105, 139106, 139107, 139108, 139109, 139110, 139111, 139112, 139113, 139114, 139115, 139116, 139117, 139118, 139119, 139120, 139121, 139122, 139123, 139124, 139125, 139126, 139127, 139128, 139129, 139130, 139131, 139132, 139133, 139134, 139135, 139136, 139137, 139138, 139139, 139140, 139141, 139142, 139143, 139144, 139145, 139146, 139147, 139148, 139149, 139150, 139151, 139152, 139153, 139154, 139155, 139156, 139157, 139158, 139159, 139160, 139161, 139162, 139163, 139164, 139165, 139166, 139167, 139168, 139169, 139170, 139171, 139172, 139173, 139174, 139175, 139176, 139177, 139178, 139179, 139180, 139181, 139182, 139183, 139184, 139185, 139186, 139187, 139188, 139189, 139190, 139191, 139192, 139193, 139194, 139195, 139196, 139197, 139198, 139199, 139200, 139201, 139202, 139203, 139204, 139205, 139206, 139207, 139208, 139209, 139210, 139211, 139212, 139213, 139214, 139215, 139216, 139217, 139218, 139219, 139220, 139221, 139222, 139223, 139224, 139225, 139226, 139227, 139228, 139229, 139230, 139231, 139232, 139233, 139234, 139235, 139236, 139237, 139238, 139239, 139240, 139241, 139242, 139243, 139244, 139245, 139246, 139247, 139248, 139249, 139250, 139251, 139252, 139253, 139254, 139255, 139256, 139257, 139258, 139259, 139260, 139261, 139262, 139263, 139264, 139265, 139266, 139267, 139268, 139269, 139270, 139271, 139272, 139273, 139274, 139275, 139276, 139277, 139278, 139279, 139280, 139281, 139282, 139283, 139284, 139285, 139286, 139287, 139288, 139289, 139290, 139291, 140731, 140732, 140733, 140734, 140735, 140736, 140737, 140738, 140739, 140740, 140741, 140742, 140743, 140744, 140745, 140746, 140747, 140748, 140749, 140750, 140751, 140752, 140753, 140754, 140755, 140756, 140757, 140758, 140759, 140760, 140761, 140762, 140763, 140764, 140765, 140766, 140767, 140768, 140769, 140770, 140771, 140772, 140773, 140774, 140775, 140776, 140777, 140778, 140779, 140780, 140781, 140782, 140783, 140784, 140785, 140786, 140787, 140788, 140789, 140790, 140791, 140792, 140793, 140794, 140795, 140796, 140797, 140798, 140799, 140800, 140801, 140802, 140803, 140804, 140805, 140806, 140807, 140808, 140809, 140810, 140811, 140812, 140813, 140814, 140815, 140816, 140817, 140818, 140819, 140820, 140821, 140822, 140823, 140824, 140825, 140826, 140827, 140828, 140829, 140830, 140831, 140832, 140833, 140834, 140835, 140836, 140837, 140838, 140839, 140840, 140841, 140842, 140843, 140844, 140845, 140846, 140847, 140848, 140849, 140850, 140851, 140852, 140853, 140854, 140855, 140856, 140857, 140858, 140859, 140860, 140861, 140862, 140863, 140864, 140865, 140866, 140867, 140868, 140869, 140870, 142678, 142679, 142680, 142681, 142682, 142683, 142684, 142685, 142686, 142687, 142688, 142689, 142690, 142691, 142692, 142693, 142694, 142695, 142696, 142697, 142698, 142699, 142700, 142701, 142702, 142703, 142704, 142705, 142706, 142707, 142708, 142709, 142710, 142711, 142712, 142713, 142714, 142715, 142716, 142717, 142718, 142719, 142720, 142721, 142722, 142723, 142724, 142725, 142726, 142727, 142728, 142729, 142730, 142731, 142732, 142733, 142734, 142735, 142736, 143302, 143534, 143686, 143687, 143688, 143794, 143930, 144067, 144169, 144170, 144171, 144278, 144400, 144508, 144509, 144613, 144703, 144797, 144893, 144962, 145049, 145176, 145177, 145263, 145264, 145265, 145266, 145267, 145268, 145269, 145374, 145531, 145622, 145732, 145733, 145852, 145952, 145953, 146068, 146069, 146070, 146071, 146072, 146174, 146175, 146176, 146260, 146351, 146477, 146478, 146577, 146681, 146987, 146988, 146989, 146990, 146991, 146992, 146993, 146994, 147077, 147175, 147302, 147303, 147396, 147397, 147398, 147399, 147400, 147539, 147540, 147541, 147542, 147543, 147544, 147658, 147759, 147842, 147843, 147844, 147984, 147985, 148111, 148112, 148113, 148114, 148115, 148116, 148117, 148118, 148119, 148223, 148365, 148452, 148590, 148665, 148666, 148667, 148668, 148669, 148764, 148980, 148981, 148982, 149086, 149207, 149208, 149209, 149210, 149211, 149368, 149511, 149764, 149765, 149766, 149767, 149768, 149769, 150898, 150899, 150900, 150901, 150902, 150903, 150904, 150905, 150906, 150907, 150908, 150909, 150910, 150911, 150912, 150913, 150914, 150915, 150916, 150917, 150918, 150919, 150920, 150921, 150922, 150923, 150924, 150925, 150926, 150927, 150928, 150929, 150930, 150931, 150932, 150933, 150934, 150935, 150936, 150937, 150938, 152743, 152744, 152745, 152746, 152747, 152748, 152749, 152750, 152751, 152752, 152753, 152754, 152755, 152756, 152757, 152758, 152759, 152760, 152761, 152762, 152763, 152764, 152765, 152766, 152767, 152768, 152769, 152770, 152771, 152772, 152773, 152774, 152775, 152776, 152777, 152778, 152779, 152780, 152781, 152782, 152783, 152784, 152785, 152786, 152787, 152788, 152789, 152790, 152791, 152792, 152793, 152794, 152795, 152796, 152797, 152798, 152799, 152800, 152801, 152802, 152803, 152804, 152805, 152806, 152807, 152808, 152809, 152810, 152811, 152812, 152813, 152814, 152815, 152816, 152817, 152818, 152819, 152820, 152821, 152822, 152823, 152824, 152825, 152826, 152827, 152828, 152829, 152830, 152831, 152832, 152833, 152834, 152835, 152836, 152837, 152838, 152839, 152840, 152841, 152842, 152843, 152844, 152845, 152846, 152847, 152848, 152849, 152850, 152851, 152852, 152853, 152854, 152855, 152856, 152857, 152858, 152859, 152860, 152861, 152862, 152863, 152864, 152865, 152866, 152867, 152868, 152869, 152870, 152871, 152872, 152873, 152874, 152875, 152876, 152877, 152878, 152879, 154768, 154769, 154770, 154771, 154772, 154773, 154774, 154775, 154776, 154777, 154778, 154779, 154780, 154781, 154782, 154783, 154784, 154785, 154786, 154787, 154788, 154789, 154790, 154791, 154792, 154793, 154794, 154795, 154796, 154797, 154798, 154799, 154800, 154801, 154802, 154803, 154804, 154805, 154806, 154807, 154808, 154809, 154810, 154811, 154812, 154813, 154814, 154815, 154816, 154817, 154818, 154819, 154820, 154821, 155393, 155562, 155698, 155847, 156027, 156109, 156110, 156193, 156283, 156378, 156379, 156380, 156381, 156467, 156571, 156763, 156764, 156765, 156766, 156767, 156853, 156854, 156945, 157051, 157136, 157204, 157205, 157206, 157207, 157208, 157209, 157309, 157403, 157472, 157594, 157595, 157596, 157597, 157598, 157599, 157600, 157601, 157602, 157603, 157604, 157700, 157798, 157884, 157973, 158061, 158149, 158244, 158245, 158346, 158347, 158475, 158476, 158573, 158574, 158575, 158675, 158801, 158897, 159018, 159123, 159214, 159308, 159309, 159416, 159505, 159506, 159507, 159508, 159509, 159510, 159511, 159512, 159513, 159514, 159515, 159516, 159517, 159518, 159519, 159520, 159612, 159712, 159713, 159714, 159715, 159716, 159717, 159718, 159719, 159839, 159912, 159913, 159914, 159915, 160009, 160010, 160011, 160012, 160013, 160014, 160015, 160121, 160216, 160305, 160401, 160553, 160554, 160555, 160556, 160557, 160558, 160559, 160560, 160561, 160562, 160563, 160650, 160651, 160741, 160875, 160876, 160877, 160878, 160966, 161060, 161291, 161292, 161293, 161294, 161295, 161519, 161520, 161521, 161522, 161523, 161524, 161525, 161526, 161527, 161528, 161529, 161530, 161767, 161768, 161769, 161770, 161771, 161772, 161773, 161774, 161775, 161776, 161777, 161778, 161779, 161780, 161781, 161782, 161783, 161784, 161785, 162898, 162899, 162900, 164194, 165795, 165796, 165797, 165798, 165799, 167173, 167466, 167749, 167750, 167751, 167752, 167753, 167754, 167755, 167887, 168040, 168041, 168140, 168239, 168240, 168241, 168242, 168359, 168479, 168597, 168598, 168599, 168688, 168805, 168806, 168807, 168808, 168809, 168917, 168918, 168919, 169001, 169002, 169003, 169109, 169110, 169111, 169112, 169221, 169330, 169439, 169440, 169441, 169442, 169443, 169555, 169641, 169745, 169843, 169920, 170007, 170008, 170009, 170094, 170095, 170096, 170097, 170098, 170187, 170260, 170347, 170348, 170461, 170579, 170703, 170704, 170808, 170809, 170810, 170811, 170812, 170813, 170814, 170815, 170816, 170817, 170898, 171004, 171087, 171233, 171234, 171368, 171463, 171598, 171679, 171763, 171764, 171863, 171973, 172141, 172142, 172231, 172329, 172405, 172406, 172407, 172508, 172603, 172707, 172815, 172920, 173050, 173161, 173162, 173163, 173164, 173165, 173166, 173167, 173279, 173280, 173439, 173440, 173441, 173442, 173598, 173599, 173600, 173601, 173602, 173603, 173604, 173605, 173606, 173607, 173608, 173609, 173610, 173611, 173612, 173613, 173614, 173615, 173616, 173617, 173618, 173619, 173620, 173621, 173622, 173623, 173624, 173625, 175962, 175963, 175964, 175965, 175966, 175967, 175968, 175969, 175970, 175971, 175972, 175973, 175974, 175975, 175976, 175977, 175978, 177056, 178364, 179221, 179494, 179662, 179781, 179899, 180029, 180137, 180138, 180139, 180298, 180387, 180496, 180673, 180767, 180880, 180985, 181077, 181186, 181187, 181188, 181189, 181310, 181442, 181443, 181444, 181541, 181542, 181637, 181638, 181639, 181640, 181731, 181838, 181839, 181840, 181841, 181842, 181843, 181916, 182027, 182028, 182029, 182118, 182119, 182120, 182121, 182122, 182123, 182124, 182125, 182212, 182461, 182462, 182585, 182693, 182694, 182695, 182696, 182697, 182802, 182945, 182946, 183046, 183047, 183048, 183163, 183267, 183268, 183269, 183373, 183374, 183375, 183376, 183377, 183496, 183497, 183498, 183499, 183615, 183713, 183802, 183803, 183804, 183805, 183806, 183807, 183808, 183809, 183810, 183811, 183812, 183924, 184027, 184106, 184223, 184224, 184225, 184226, 184227, 184228, 184229, 184230, 184231, 184232, 184233, 184234, 184235, 184236, 184237, 184238, 184353, 184354, 184355, 184356, 184357, 184358, 184359, 184360, 184509, 184510, 184511, 184512, 184513, 184581, 184667, 184668, 184669, 184670, 184773, 184871, 184978, 185003, 185114, 185115, 185116, 185230, 185338, 185503, 185781, 187250, 187251, 187252, 187253, 187254, 187255, 189262, 189263, 189264, 189265, 189266, 189267, 189268, 189269, 189270, 189271, 189272, 189273, 189274, 189275, 189276, 189277, 189278, 189279, 189280, 189281, 189282, 189283, 189284, 189285, 189286, 189287, 189288, 189289, 189290, 190948, 190949, 190950, 190951, 190952, 190953, 190954, 190955, 190956, 190957, 190958, 190959, 190960, 190961, 191344, 191552, 191694, 191810, 191886, 192145, 192146, 192234, 192322, 192323, 192324, 192325, 192326, 192443, 192554, 192661, 192662, 192663, 192664, 192758, 192759, 192760, 192761, 192762, 192763, 192764, 192765, 192766, 192767, 192768, 192882, 193105, 193233, 193234, 193360, 193480, 193584, 193685, 193774, 193865, 194000, 194001, 194002, 194003, 194146, 194221, 194301, 194302, 194303, 194304, 194418, 194419, 194420, 194421, 194422, 194423, 194424, 194425, 194426, 194427, 194505, 194506, 194507, 194508, 194587, 194680, 194759, 194760, 194761, 194762, 194763, 194868, 194869, 194870, 194871, 194980, 195069, 195169, 195270, 195404, 195405, 195406, 195407, 195534, 195535, 195641, 195888, 195889, 196016, 196096, 196193, 196194, 196195, 196196, 196197, 196198, 196199, 196200, 196408, 196409, 196410, 196411, 196412, 196413, 196503, 196504, 196505, 196506, 196596, 196844, 196845, 196846, 196847, 196953, 197058, 197173, 197309, 197310, 197460, 197707, 198501, 198502, 198503, 198504, 198505, 198506, 198507, 198508, 198509, 198510, 198511, 198512, 198513, 198514, 198515, 198516, 198517, 198518, 198519, 198520, 198521, 198522, 198523, 198524, 198525, 198526, 198527, 198528, 200827, 200828, 200829, 203130, 203131, 203132, 203133, 203134, 203135, 203136, 203137, 203138, 203139, 203140, 203141, 203337, 203575, 203714, 203873, 203989, 204053, 204165, 204270, 204399, 204400, 204401, 204402, 204403, 204404, 204503, 204594, 204778, 204779, 204780, 204781, 204782, 204783, 204784, 204873, 204956, 204957, 204958, 204959, 205067, 205150, 205247, 205354, 205355, 205458, 205577, 205683, 205801, 205802, 205803, 205804, 205805, 205964, 205965, 205966, 205967, 205968, 205969, 205970, 205971, 206077, 206240, 206241, 206242, 206243, 206244, 206245, 206246, 206363, 206364, 206365, 206366, 206367, 206368, 206459, 206571, 206754, 206846, 206974, 206975, 207062, 207154, 207316, 207404, 207405, 207406, 207407, 207408, 207492, 207493, 207566, 207567, 207568, 207569, 207570, 207680, 207681, 207682, 207683, 207790, 207894, 207895, 207896, 207897, 208011, 208101, 208186, 208187, 208188, 208189, 208274, 208275, 208276, 208277, 208393, 208394, 208395, 208549, 208550, 208551, 208622, 208725, 208848, 208849, 208850, 208969, 208970, 208971, 208972, 208973, 208974, 208975, 215375, 215578, 215727, 215861, 215973, 216096, 216186, 216290, 216385, 216482, 216572, 216573, 216574, 216575, 216576, 216577, 216578, 216659, 216724, 216725, 216726, 216727, 216728, 216729, 216866, 216949, 217041, 217042, 217043, 217044, 217045, 217175, 217176, 217177, 217178, 217258, 217259, 217260, 217261, 217262, 217263, 217370, 217498, 217597, 217598, 217599, 217600, 217601, 217685, 217822, 217937, 218030, 218108, 218194, 218327, 218491, 218492, 218493, 218584, 218673, 218797, 218892, 219080, 219170, 219285, 219286, 219287, 219288, 219289, 219290, 219291, 219377, 219378, 219379, 219484, 219584, 219689, 219690, 219691, 219692, 219693, 219694, 219695, 219696, 219697, 219698, 219699, 219700, 219798, 219921, 220024, 220144, 220257, 220390, 220503, 220613, 220614, 220615, 220616, 220617, 220709, 220825, 220901, 221022, 221109, 221227, 221348, 221502, 221718, 222497, 223801, 225249, 226636, 227341, 227537, 227719, 227814, 227815, 227816, 227817, 227818, 227925, 227985, 228103, 228104, 228105, 228106, 228107, 228108, 228221, 228222, 228223, 228224, 228225, 228314, 228315, 228380, 228483, 228484, 228485, 228599, 228710, 228797, 228798, 228887, 228888, 228889, 228890, 228891, 228892, 228893, 228994, 229104, 229283, 229284, 229285, 229391, 229504, 229595, 229683, 229798, 229799, 229902, 229997, 229998, 229999, 230095, 230096, 230097, 230098, 230099, 230172, 230258, 230389, 230390, 230391, 230478, 230594, 230674, 230675, 230676, 230677, 230678, 230679, 230680, 230752, 230753, 230754, 230868, 230960, 231082, 231196, 231270, 231356, 231467, 231515, 231620, 231748, 231749, 231750, 232523, 232628, 232744, 232843, 232982, 233081, 233082, 233083, 233084, 233085, 233208, 233209, 233210, 233211, 233336, 233443, 238755, 238756, 238757, 238758, 238759, 238760, 238761, 238762, 238763, 238764, 238765, 238766, 238767, 238768, 238769, 238770, 238771, 238772, 238773, 238774, 238775, 238776, 238777, 238778, 238779, 238780, 238781, 238782, 238783, 238784, 238785, 238786, 238787, 238788, 238789, 238790, 238791, 238792, 238793, 238794, 238795, 238796, 239389, 239591, 239727, 239852, 239986, 240103, 240206, 240207, 240208, 240337, 240428]
DriftDetectionMetrics(fp=3492, tp=354, fn=0, precision=0.09204368174726989, recall=1.0, episode_recall=1.0, f1=0.16857142857142857, mdt=np.float64(265.15), far=14.51975051975052, ar=15.991683991683992, n_episodes=20, n_alarms=3846)
Duración del procesamiento de stream 0:00:42.495814 9597.883788344194
Duración de test: 0:00:25.057607
Tiempo total transcurrido 1:57:35.910302
Hora del sistema 2026-05-05 20:29:57.102296
Semilla: 1 
 Tasa de error baja: 0.01 
 Aumento de la tasa de error: 0.3 
 Ruido del concepto estable: 0.1 
 Duración del concepto estable: 5000 
 Duración del cambio: 1000 
 Número de cambios: 30 
Retreaso aceptable: 500
Nuevos elementos de entrenamiento en la iteración (120000, 1)
Número y fracción de estados no visitados 136 0.18655692729766804
[11000, 23000, 35000, 47000, 59000, 71000, 83000, 95000, 107000, 119000, 131000, 143000, 155000, 167000, 179000, 191000, 203000, 215000, 227000, 239000, 251000, 263000, 275000, 287000, 299000, 311000, 323000, 335000, 347000, 359000] [11403, 12785, 23498, 24301, 35613, 47515, 48574, 59598, 63998, 71530, 71893, 83461, 84122, 95476, 96395, 97810, 107582, 119538, 121286, 123195, 131450, 132061, 132706, 143539, 144868, 155570, 156463, 167518, 168968, 179647, 191598, 194714, 203344, 204081, 215509, 216388, 227559, 228042, 239610, 240950, 243447, 251586, 251734, 253021, 255431, 263537, 264872, 275603, 276021, 287587, 288500, 299498, 301439, 311567, 312561, 323535, 326477, 335537, 336277, 347603, 348802, 350840, 359637]
DriftDetectionMetrics(fp=20, tp=43, fn=0, precision=0.6825396825396826, recall=1.0, episode_recall=1.0, f1=0.8113207547169812, mdt=np.float64(541.6), far=0.05547850208044383, ar=0.17475728155339804, n_episodes=30, n_alarms=63)
Duración del procesamiento de stream 0:00:51.299328 10501.092929283514
Duración de test: 0:00:34.329760
Tiempo total transcurrido 1:58:27.209630
Hora del sistema 2026-05-05 20:30:48.401624
Semilla: 1 
 Tasa de error baja: 0.01 
 Aumento de la tasa de error: 0.3 
 Ruido del concepto estable: 0.1 
 Duración del concepto estable: 5000 
 Duración del cambio: 1000 
 Número de cambios: 40 
Retreaso aceptable: 500
Nuevos elementos de entrenamiento en la iteración (120000, 1)
Número y fracción de estados no visitados 141 0.1934156378600823
[11000, 23000, 35000, 47000, 59000, 71000, 83000, 95000, 107000, 119000, 131000, 143000, 155000, 167000, 179000, 191000, 203000, 215000, 227000, 239000, 251000, 263000, 275000, 287000, 299000, 311000, 323000, 335000, 347000, 359000, 371000, 383000, 395000, 407000, 419000, 431000, 443000, 455000, 467000, 479000] [145, 11438, 12861, 23325, 24030, 35390, 36353, 47393, 48255, 59391, 60577, 71425, 71893, 83349, 84113, 95281, 96267, 97810, 107378, 108124, 109512, 119464, 121050, 131481, 132471, 132761, 143321, 144420, 155396, 156182, 167517, 168990, 179454, 180361, 191337, 191876, 195272, 203476, 204052, 215380, 216356, 227396, 227987, 239411, 240530, 251474, 251947, 263371, 264719, 275407, 275966, 287422, 288035, 299331, 300292, 311396, 312236, 323308, 324155, 327976, 335432, 336277, 347285, 347952, 352963, 359614, 371422, 372211, 373021, 383453, 384118, 395382, 396230, 407430, 408261, 419397, 419990, 423542, 431414, 432547, 443331, 444244, 455316, 456592, 467408, 467986, 479218, 480003]
DriftDetectionMetrics(fp=17, tp=71, fn=0, precision=0.8068181818181818, recall=1.0, episode_recall=1.0, f1=0.8930817610062893, mdt=np.float64(395.35), far=0.035379812695109265, ar=0.18314255983350677, n_episodes=40, n_alarms=88)
Duración del procesamiento de stream 0:01:03.389421 10414.272837866374
Duración de test: 0:00:46.138603
Tiempo total transcurrido 1:59:30.599051
Hora del sistema 2026-05-05 20:31:51.791045
Semilla: 1 
 Tasa de error baja: 0.01 
 Aumento de la tasa de error: 0.3 
 Ruido del concepto estable: 0.1 
 Duración del concepto estable: 5000 
 Duración del cambio: 0 
 Número de cambios: 10 
Retreaso aceptable: 500
Nuevos elementos de entrenamiento en la iteración (100500, 1)
Número y fracción de estados no visitados 60 0.0823045267489712
[10000, 20000, 30000, 40000, 50000, 60000, 70000, 80000, 90000, 100000] [10025, 20041, 30057, 34483, 40080, 50029, 54396, 60060, 60305, 60744, 70024, 80040, 90083, 100067, 100286]
DriftDetectionMetrics(fp=3, tp=12, fn=0, precision=0.8, recall=1.0, episode_recall=1.0, f1=0.888888888888889, mdt=np.float64(50.6), far=0.029850746268656716, ar=0.1492537313432836, n_episodes=10, n_alarms=15)
Duración del procesamiento de stream 0:00:23.888640 10310.832088253335
Duración de test: 0:00:09.747031
Tiempo total transcurrido 1:59:54.487691
Hora del sistema 2026-05-05 20:32:15.679685
Semilla: 1 
 Tasa de error baja: 0.01 
 Aumento de la tasa de error: 0.3 
 Ruido del concepto estable: 0.1 
 Duración del concepto estable: 5000 
 Duración del cambio: 0 
 Número de cambios: 20 
Retreaso aceptable: 500
Nuevos elementos de entrenamiento en la iteración (100000, 1)
Número y fracción de estados no visitados 99 0.13580246913580246
[10000, 20000, 30000, 40000, 50000, 60000, 70000, 80000, 90000, 100000, 110000, 120000, 130000, 140000, 150000, 160000, 170000, 180000, 190000, 200000] [10027, 10538, 20042, 30058, 34483, 40080, 50031, 60047, 60305, 60744, 70029, 80045, 90061, 100045, 100286, 101108, 103598, 110014, 120062, 123187, 124745, 130044, 132704, 140061, 150075, 160044, 160776, 163963, 170043, 180038, 190045, 191093, 200065]
DriftDetectionMetrics(fp=11, tp=22, fn=0, precision=0.6666666666666666, recall=1.0, episode_recall=1.0, f1=0.8, mdt=np.float64(47.8), far=0.05486284289276808, ar=0.16458852867830426, n_episodes=20, n_alarms=33)
Duración del procesamiento de stream 0:00:33.477493 10186.619375011018
Duración de test: 0:00:19.682683
Tiempo total transcurrido 2:00:27.965184
Hora del sistema 2026-05-05 20:32:49.157178
Semilla: 1 
 Tasa de error baja: 0.01 
 Aumento de la tasa de error: 0.3 
 Ruido del concepto estable: 0.1 
 Duración del concepto estable: 5000 
 Duración del cambio: 0 
 Número de cambios: 30 
Retreaso aceptable: 500
Nuevos elementos de entrenamiento en la iteración (100000, 1)
Número y fracción de estados no visitados 119 0.16323731138545952
[10000, 20000, 30000, 40000, 50000, 60000, 70000, 80000, 90000, 100000, 110000, 120000, 130000, 140000, 150000, 160000, 170000, 180000, 190000, 200000, 210000, 220000, 230000, 240000, 250000, 260000, 270000, 280000, 290000, 300000] [10027, 10538, 20042, 30058, 34483, 40083, 50031, 60047, 60305, 60744, 70029, 80045, 90061, 100045, 100286, 103602, 110014, 120062, 130044, 132704, 140061, 150075, 160044, 160776, 163995, 170089, 180038, 190045, 191093, 200065, 210014, 220062, 230046, 231515, 240028, 250076, 251736, 260037, 262987, 270091, 280061, 281412, 290044, 300043]
DriftDetectionMetrics(fp=12, tp=32, fn=0, precision=0.7272727272727273, recall=1.0, episode_recall=1.0, f1=0.8421052631578948, mdt=np.float64(50.233333333333334), far=0.03993344425956739, ar=0.14642262895174707, n_episodes=30, n_alarms=44)
Duración del procesamiento de stream 0:00:42.392084 10518.350250842526
Duración de test: 0:00:28.569119
Tiempo total transcurrido 2:01:10.357268
Hora del sistema 2026-05-05 20:33:31.549262
Semilla: 1 
 Tasa de error baja: 0.01 
 Aumento de la tasa de error: 0.3 
 Ruido del concepto estable: 0.1 
 Duración del concepto estable: 5000 
 Duración del cambio: 0 
 Número de cambios: 40 
Retreaso aceptable: 500
Nuevos elementos de entrenamiento en la iteración (100000, 1)
Número y fracción de estados no visitados 131 0.17969821673525377
[10000, 20000, 30000, 40000, 50000, 60000, 70000, 80000, 90000, 100000, 110000, 120000, 130000, 140000, 150000, 160000, 170000, 180000, 190000, 200000, 210000, 220000, 230000, 240000, 250000, 260000, 270000, 280000, 290000, 300000, 310000, 320000, 330000, 340000, 350000, 360000, 370000, 380000, 390000, 400000] [1357, 2777, 3844, 10027, 10538, 11377, 12069, 14272, 20063, 20465, 20668, 20796, 22049, 22434, 22773, 23653, 24307, 30057, 31077, 31808, 32026, 33486, 33690, 34237, 34618, 40058, 41147, 42950, 43421, 50033, 50691, 51585, 51964, 52391, 52686, 53416, 54064, 54402, 60066, 60305, 60744, 62231, 62786, 63373, 64002, 64300, 70057, 73640, 74768, 80048, 81580, 82085, 82172, 82363, 83098, 83374, 84462, 90062, 91684, 92484, 94595, 100067, 100286, 101086, 102738, 103055, 103284, 103554, 110033, 110921, 111224, 112525, 113430, 114956, 120096, 120371, 122081, 122639, 123175, 123410, 124144, 124540, 124723, 130044, 130830, 132060, 132692, 134798, 140046, 141219, 141679, 142778, 144931, 150200, 153084, 153526, 153962, 160074, 160776, 161341, 162635, 163547, 163914, 164580, 170019, 171016, 171463, 171861, 172159, 173053, 173859, 180038, 181017, 181579, 184168, 184567, 190107, 190483, 191092, 191838, 192895, 194148, 200068, 200437, 203145, 203998, 204601, 210030, 212811, 214487, 214852, 220068, 220833, 223689, 224822, 230038, 230258, 230633, 231263, 232102, 233907, 234970, 240206, 240545, 242346, 242508, 242767, 243173, 244603, 250075, 251949, 252434, 253801, 253940, 254368, 260032, 260307, 260561, 260802, 261866, 262936, 264755, 270067, 271389, 272139, 273717, 274775, 280055, 281412, 282249, 282951, 283398, 283989, 284873, 290058, 291949, 293135, 294923, 300038, 301763, 303976, 310053, 312053, 313635, 320020, 321532, 323091, 323524, 323927, 330042, 330880, 333548, 334599, 340070, 340857, 342295, 342578, 342761, 343686, 344002, 350036, 350826, 352291, 352447, 352768, 353816, 360028, 360349, 360501, 360602, 361488, 361793, 361955, 363550, 364156, 370044, 370602, 371835, 372070, 372742, 372990, 373133, 373933, 374191, 374902, 380035, 381609, 381872, 382247, 382384, 384080, 384837, 390075, 390929, 391838, 392834, 400018]
DriftDetectionMetrics(fp=188, tp=49, fn=0, precision=0.20675105485232068, recall=1.0, episode_recall=1.0, f1=0.34265734265734266, mdt=np.float64(58.775), far=0.46941323345817726, ar=0.5917602996254682, n_episodes=40, n_alarms=237)
Duración del procesamiento de stream 0:00:53.150480 10318.779431387587
Duración de test: 0:00:38.812730
Tiempo total transcurrido 2:02:03.507748
Hora del sistema 2026-05-05 20:34:24.699742
Semilla: 1 
 Tasa de error baja: 0.01 
 Aumento de la tasa de error: 0.3 
 Ruido del concepto estable: 0.1 
 Duración del concepto estable: 100000 
 Duración del cambio: 1000 
 Número de cambios: 10 
Retreaso aceptable: 500
Nuevos elementos de entrenamiento en la iteración (2020500, 1)
Número y fracción de estados no visitados 91 0.12482853223593965
[201000, 403000, 605000, 807000, 1009000, 1211000, 1413000, 1615000, 1817000, 2019000] [201700, 403816, 605519, 645407, 807692, 1009587, 1211859, 1413452, 1615578, 1617658, 1817604, 2019809]
DriftDetectionMetrics(fp=2, tp=10, fn=0, precision=0.8333333333333334, recall=1.0, episode_recall=1.0, f1=0.9090909090909091, mdt=np.float64(661.6), far=0.000989853996535511, ar=0.005939123979213067, n_episodes=10, n_alarms=12)
Duración del procesamiento de stream 0:08:04.292538 10717.991827399943
Duración de test: 0:03:08.514792
Tiempo total transcurrido 2:10:07.800286
Hora del sistema 2026-05-05 20:42:28.992280
Semilla: 1 
 Tasa de error baja: 0.01 
 Aumento de la tasa de error: 0.3 
 Ruido del concepto estable: 0.1 
 Duración del concepto estable: 100000 
 Duración del cambio: 1000 
 Número de cambios: 20 
Retreaso aceptable: 500
Nuevos elementos de entrenamiento en la iteración (2020000, 1)
Número y fracción de estados no visitados 108 0.14814814814814814
[201000, 403000, 605000, 807000, 1009000, 1211000, 1413000, 1615000, 1817000, 2019000, 2221000, 2423000, 2625000, 2827000, 3029000, 3231000, 3433000, 3635000, 3837000, 4039000] [201845, 403820, 605519, 645516, 807693, 1009587, 1211880, 1413940, 1615578, 1617658, 1817654, 2019809, 2221757, 2423837, 2625784, 2827723, 3029661, 3231503, 3259023, 3433523, 3635884, 3837843, 4039570]
DriftDetectionMetrics(fp=3, tp=20, fn=0, precision=0.8695652173913043, recall=1.0, episode_recall=1.0, f1=0.9302325581395349, mdt=np.float64(720.5), far=0.0007424823660438065, ar=0.00569236480633585, n_episodes=20, n_alarms=23)
Duración del procesamiento de stream 0:11:31.439942 10367.582782255446
Duración de test: 0:06:29.724402
Tiempo total transcurrido 2:21:39.240228
Hora del sistema 2026-05-05 20:54:00.432222
Semilla: 1 
 Tasa de error baja: 0.01 
 Aumento de la tasa de error: 0.3 
 Ruido del concepto estable: 0.1 
 Duración del concepto estable: 100000 
 Duración del cambio: 1000 
 Número de cambios: 30 
Retreaso aceptable: 500
Nuevos elementos de entrenamiento en la iteración (2020000, 1)
Número y fracción de estados no visitados 116 0.15912208504801098
[201000, 403000, 605000, 807000, 1009000, 1211000, 1413000, 1615000, 1817000, 2019000, 2221000, 2423000, 2625000, 2827000, 3029000, 3231000, 3433000, 3635000, 3837000, 4039000, 4241000, 4443000, 4645000, 4847000, 5049000, 5251000, 5453000, 5655000, 5857000, 6059000] [201374, 228376, 403448, 605368, 645516, 807372, 1009292, 1211372, 1216764, 1413308, 1416380, 1615356, 1617666, 1817378, 2019298, 2221410, 2223787, 2423403, 2625387, 2827275, 3029323, 3231371, 3259051, 3433323, 3635371, 3837323, 4039339, 4241355, 4443403, 4645387, 4847307, 5049323, 5251403, 5453355, 5655403, 5857387, 6059339]
DriftDetectionMetrics(fp=7, tp=30, fn=0, precision=0.8108108108108109, recall=1.0, episode_recall=1.0, f1=0.8955223880597014, mdt=np.float64(358.43333333333334), far=0.001155020212853725, ar=0.006105106839369689, n_episodes=30, n_alarms=37)
Duración del procesamiento de stream 0:15:18.712792 10154.689916016752
Duración de test: 0:09:56.817830
Tiempo total transcurrido 2:36:57.953020
Hora del sistema 2026-05-05 21:09:19.145014
Semilla: 1 
 Tasa de error baja: 0.01 
 Aumento de la tasa de error: 0.3 
 Ruido del concepto estable: 0.1 
 Duración del concepto estable: 100000 
 Duración del cambio: 1000 
 Número de cambios: 40 
Retreaso aceptable: 500
Nuevos elementos de entrenamiento en la iteración (2020000, 1)
Número y fracción de estados no visitados 124 0.1700960219478738
[201000, 403000, 605000, 807000, 1009000, 1211000, 1413000, 1615000, 1817000, 2019000, 2221000, 2423000, 2625000, 2827000, 3029000, 3231000, 3433000, 3635000, 3837000, 4039000, 4241000, 4443000, 4645000, 4847000, 5049000, 5251000, 5453000, 5655000, 5857000, 6059000, 6261000, 6463000, 6665000, 6867000, 7069000, 7271000, 7473000, 7675000, 7877000, 8079000] [1305, 201401, 203558, 228375, 251736, 256914, 403410, 403943, 423542, 469665, 605345, 605508, 645317, 807365, 808209, 1009297, 1011634, 1211378, 1212842, 1413322, 1414203, 1417692, 1615356, 1617666, 1627825, 1817361, 1818047, 1821147, 2019291, 2021417, 2221417, 2222201, 2239267, 2423395, 2425461, 2625397, 2627393, 2627502, 2660342, 2827318, 2829489, 2837816, 3029304, 3029722, 3231354, 3231503, 3258862, 3433326, 3433518, 3498893, 3635373, 3637500, 3656458, 3681714, 3837330, 3838571, 4039339, 4040655, 4040748, 4241356, 4242266, 4443386, 4513107, 4645395, 4646181, 4701210, 4847322, 4849712, 4911943, 4928678, 5049318, 5051463, 5083143, 5251367, 5253608, 5281283, 5453347, 5453945, 5655417, 5656758, 5659346, 5754398, 5857374, 6059358, 6061408, 6090937, 6157673, 6261321, 6263473, 6334067, 6463315, 6466975, 6665375, 6666359, 6761673, 6867433, 6869705, 6881808, 7069392, 7069675, 7115468, 7271436, 7272184, 7473336, 7476084, 7675348, 7675917, 7877325, 7879678, 8079390]
DriftDetectionMetrics(fp=54, tp=56, fn=0, precision=0.509090909090909, recall=1.0, episode_recall=1.0, f1=0.6746987951807228, mdt=np.float64(359.75), far=0.006682754780025988, ar=0.013613018996349235, n_episodes=40, n_alarms=110)
Duración del procesamiento de stream 0:19:53.473797 9655.282562576063
Duración de test: 0:13:56.899381
Tiempo total transcurrido 2:56:51.426817
Hora del sistema 2026-05-05 21:29:12.618811
Semilla: 1 
 Tasa de error baja: 0.01 
 Aumento de la tasa de error: 0.3 
 Ruido del concepto estable: 0.1 
 Duración del concepto estable: 100000 
 Duración del cambio: 0 
 Número de cambios: 10 
Retreaso aceptable: 500
Nuevos elementos de entrenamiento en la iteración (2000500, 1)
Número y fracción de estados no visitados 79 0.1083676268861454
[200000, 400000, 600000, 800000, 1000000, 1200000, 1400000, 1600000, 1800000, 2000000] [200076, 400044, 600044, 800044, 1000044, 1200044, 1400076, 1600076, 1800044, 2000044]
DriftDetectionMetrics(fp=0, tp=10, fn=0, precision=1.0, recall=1.0, episode_recall=1.0, f1=1.0, mdt=np.float64(53.6), far=0.0, ar=0.0049987503124218945, n_episodes=10, n_alarms=10)
Duración del procesamiento de stream 0:07:55.875970 10944.731137495837
Duración de test: 0:03:02.782014
Tiempo total transcurrido 3:04:47.302787
Hora del sistema 2026-05-05 21:37:08.494781
Semilla: 1 
 Tasa de error baja: 0.01 
 Aumento de la tasa de error: 0.3 
 Ruido del concepto estable: 0.1 
 Duración del concepto estable: 100000 
 Duración del cambio: 0 
 Número de cambios: 20 
Retreaso aceptable: 500
Nuevos elementos de entrenamiento en la iteración (2000000, 1)
Número y fracción de estados no visitados 89 0.12208504801097393
[200000, 400000, 600000, 800000, 1000000, 1200000, 1400000, 1600000, 1800000, 2000000, 2200000, 2400000, 2600000, 2800000, 3000000, 3200000, 3400000, 3600000, 3800000, 4000000] [459, 11410, 200091, 203648, 400032, 447966, 600062, 616416, 800035, 878319, 1000047, 1077825, 1200065, 1227206, 1400087, 1433085, 1480686, 1600192, 1615405, 1617259, 1660185, 1800025, 1834690, 2000047, 2016493, 2200047, 2400065, 2600065, 2651529, 2674503, 2688295, 2800039, 2864237, 3000045, 3051453, 3085322, 3200071, 3237269, 3259125, 3400127, 3445107, 3600051, 3619242, 3631775, 3659410, 3800114, 4000050]
DriftDetectionMetrics(fp=27, tp=20, fn=0, precision=0.425531914893617, recall=1.0, episode_recall=1.0, f1=0.5970149253731344, mdt=np.float64(67.85), far=0.006749156355455568, ar=0.011748531433570804, n_episodes=20, n_alarms=47)
Duración del procesamiento de stream 0:11:18.819888 10516.891535579023
Duración de test: 0:06:20.388063
Tiempo total transcurrido 3:16:06.122675
Hora del sistema 2026-05-05 21:48:27.314669
Semilla: 1 
 Tasa de error baja: 0.01 
 Aumento de la tasa de error: 0.3 
 Ruido del concepto estable: 0.1 
 Duración del concepto estable: 100000 
 Duración del cambio: 0 
 Número de cambios: 30 
Retreaso aceptable: 500
Nuevos elementos de entrenamiento en la iteración (2000000, 1)
Número y fracción de estados no visitados 101 0.13854595336076816
[200000, 400000, 600000, 800000, 1000000, 1200000, 1400000, 1600000, 1800000, 2000000, 2200000, 2400000, 2600000, 2800000, 3000000, 3200000, 3400000, 3600000, 3800000, 4000000, 4200000, 4400000, 4600000, 4800000, 5000000, 5200000, 5400000, 5600000, 5800000, 6000000] [328, 200072, 400040, 600040, 800040, 1000040, 1200040, 1400072, 1600072, 1800040, 2000040, 2200040, 2400040, 2600040, 2800040, 3000040, 3200040, 3259296, 3400064, 3600064, 3800064, 4000064, 4200064, 4400064, 4600064, 4800064, 5000064, 5200032, 5400096, 5600032, 5800064, 6000064]
DriftDetectionMetrics(fp=2, tp=30, fn=0, precision=0.9375, recall=1.0, episode_recall=1.0, f1=0.967741935483871, mdt=np.float64(53.333333333333336), far=0.00033330555787017746, ar=0.005332888925922839, n_episodes=30, n_alarms=32)
Duración del procesamiento de stream 0:15:02.303474 10330.01441042605
Duración de test: 0:09:40.880119
Tiempo total transcurrido 3:31:08.426149
Hora del sistema 2026-05-05 22:03:29.618143
Semilla: 1 
 Tasa de error baja: 0.01 
 Aumento de la tasa de error: 0.3 
 Ruido del concepto estable: 0.1 
 Duración del concepto estable: 100000 
 Duración del cambio: 0 
 Número de cambios: 40 
Retreaso aceptable: 500
Nuevos elementos de entrenamiento en la iteración (2000000, 1)
Número y fracción de estados no visitados 105 0.1440329218106996
[200000, 400000, 600000, 800000, 1000000, 1200000, 1400000, 1600000, 1800000, 2000000, 2200000, 2400000, 2600000, 2800000, 3000000, 3200000, 3400000, 3600000, 3800000, 4000000, 4200000, 4400000, 4600000, 4800000, 5000000, 5200000, 5400000, 5600000, 5800000, 6000000, 6200000, 6400000, 6600000, 6800000, 7000000, 7200000, 7400000, 7600000, 7800000, 8000000] [200091, 400027, 423542, 469269, 600053, 645317, 800037, 1000045, 1058028, 1200052, 1400087, 1600192, 1609636, 1800036, 1821391, 2000047, 2200047, 2400065, 2600065, 2659620, 2800031, 3000063, 3007589, 3200071, 3200530, 3259298, 3400127, 3600063, 3800114, 4000050, 4200072, 4400076, 4600186, 4800062, 4813857, 5000046, 5200040, 5400126, 5600065, 5614003, 5654972, 5800156, 6000090, 6090937, 6200057, 6212149, 6400053, 6600056, 6800024, 7000111, 7200116, 7400052, 7600052, 7672481, 7800033, 7814641, 8000061]
DriftDetectionMetrics(fp=17, tp=40, fn=0, precision=0.7017543859649122, recall=1.0, episode_recall=1.0, f1=0.8247422680412371, mdt=np.float64(72.425), far=0.0021248671958002626, ar=0.0071245547153302915, n_episodes=40, n_alarms=57)
Duración del procesamiento de stream 0:18:58.485936 10072.070413119745
Duración de test: 0:13:14.325265
Tiempo total transcurrido 3:50:06.912085
Hora del sistema 2026-05-05 22:22:28.104079
Hora estimada de finalización 2026-05-06 17:33:02.664504
Semilla: 1 
 Tasa de error baja: 0.01 
 Aumento de la tasa de error: 0.05 
 Ruido del concepto estable: 0.0 
 Duración del concepto estable: 5000 
 Duración del cambio: 1000 
 Número de cambios: 10 
Retreaso aceptable: 500
Nuevos elementos de entrenamiento en la iteración (120500, 1)
Número y fracción de estados no visitados 88 0.12071330589849108
[11000, 23000, 35000, 47000, 59000, 71000, 83000, 95000, 107000, 119000] [12810, 27406, 37341, 49086, 61307, 74979, 85886, 98318, 109768]
DriftDetectionMetrics(fp=9, tp=0, fn=10, precision=0.0, recall=0.0, episode_recall=0.0, f1=0.0, mdt=nan, far=0.07468879668049792, ar=0.07468879668049792, n_episodes=10, n_alarms=9)
Duración del procesamiento de stream 0:00:34.881908 9948.47186931291
Duración de test: 0:00:12.112413
Tiempo total transcurrido 3:50:41.793993
Hora del sistema 2026-05-05 22:23:02.985987
Semilla: 1 
 Tasa de error baja: 0.01 
 Aumento de la tasa de error: 0.05 
 Ruido del concepto estable: 0.0 
 Duración del concepto estable: 5000 
 Duración del cambio: 1000 
 Número de cambios: 20 
Retreaso aceptable: 500
Nuevos elementos de entrenamiento en la iteración (120000, 1)
Número y fracción de estados no visitados 121 0.16598079561042525
[11000, 23000, 35000, 47000, 59000, 71000, 83000, 95000, 107000, 119000, 131000, 143000, 155000, 167000, 179000, 191000, 203000, 215000, 227000, 239000] [12875, 27386, 37341, 49086, 61307, 74979, 85886, 98318, 109768, 121518, 133183, 144907, 158479, 169071, 181190, 193904, 205665, 217610, 230024]
DriftDetectionMetrics(fp=19, tp=0, fn=20, precision=0.0, recall=0.0, episode_recall=0.0, f1=0.0, mdt=nan, far=0.079002079002079, ar=0.079002079002079, n_episodes=20, n_alarms=19)
Duración del procesamiento de stream 0:00:39.231050 10640.096244868919
Duración de test: 0:00:22.603179
Tiempo total transcurrido 3:51:21.025043
Hora del sistema 2026-05-05 22:23:42.217037
Semilla: 1 
 Tasa de error baja: 0.01 
 Aumento de la tasa de error: 0.05 
 Ruido del concepto estable: 0.0 
 Duración del concepto estable: 5000 
 Duración del cambio: 1000 
 Número de cambios: 30 
Retreaso aceptable: 500
Nuevos elementos de entrenamiento en la iteración (120000, 1)
Número y fracción de estados no visitados 133 0.18244170096021947
[11000, 23000, 35000, 47000, 59000, 71000, 83000, 95000, 107000, 119000, 131000, 143000, 155000, 167000, 179000, 191000, 203000, 215000, 227000, 239000, 251000, 263000, 275000, 287000, 299000, 311000, 323000, 335000, 347000, 359000] [1, 934, 1367, 2000, 3176, 3909, 4356, 4987, 11921, 12364, 12810, 13439, 13949, 14500, 15117, 15938, 16465, 16937, 24037, 24781, 25577, 26153, 26682, 27226, 27628, 28189, 28722, 29327, 35685, 36259, 36795, 39490, 40022, 40428, 41327, 45719, 47749, 48095, 48597, 49060, 59748, 60259, 60795, 61471, 61881, 62308, 62715, 63300, 63887, 64499, 65295, 71829, 72392, 72923, 73400, 75666, 76290, 76695, 84072, 84938, 85463, 85938, 86353, 86888, 87373, 87833, 88324, 88756, 89334, 95319, 96096, 96610, 97192, 97679, 98364, 98828, 99629, 100121, 100591, 107951, 108633, 109365, 109768, 110196, 110729, 111274, 111756, 112582, 119583, 120218, 121230, 121789, 122377, 122856, 123477, 124193, 124838, 131977, 132484, 132951, 133353, 134109, 134593, 135122, 135733, 136249, 136803, 143919, 144352, 147245, 147752, 148237, 155957, 156418, 157155, 167875, 168286, 168718, 169273, 169827, 170412, 170934, 171494, 172043, 172605, 173194, 179676, 180124, 180750, 181950, 184796, 191868, 192273, 192779, 194286, 194765, 195414, 195796, 196719, 203856, 204237, 204767, 205464, 205804, 206255, 206802, 207553, 208097, 216225, 217191, 217662, 218292, 218964, 219583, 220198, 220753, 221319, 224233, 227081, 228092, 239996, 240396, 240862, 241386, 242018, 242305, 242826, 243382, 244191, 244583, 245062, 245902, 248282, 251382, 251904, 252941, 253719, 264023, 264589, 265254, 269278, 275551, 276075, 276567, 276989, 279741, 280309, 280959, 287842, 288238, 289092, 289781, 290299, 290766, 291142, 291478, 291893, 292621, 293437, 296056, 299394, 300012, 300589, 301017, 301522, 303131, 303688, 311816, 312474, 313012, 313826, 314373, 314786, 315340, 315882, 316732, 317501, 320034, 323638, 324476, 325452, 326064, 326517, 327187, 328113, 328913, 335936, 336412, 336767, 338234, 339522, 340101, 340532, 340946, 347914, 348450, 348845, 349335, 350041, 350429, 350865, 351304, 360296]
DriftDetectionMetrics(fp=189, tp=54, fn=0, precision=0.2222222222222222, recall=1.0, episode_recall=1.0, f1=0.3636363636363636, mdt=np.float64(803.8666666666667), far=0.5242718446601942, ar=0.6740638002773925, n_episodes=30, n_alarms=243)
Duración del procesamiento de stream 0:00:50.407067 10638.144674518218
Duración de test: 0:00:33.887488
Tiempo total transcurrido 3:52:11.432110
Hora del sistema 2026-05-05 22:24:32.624104
Semilla: 1 
 Tasa de error baja: 0.01 
 Aumento de la tasa de error: 0.05 
 Ruido del concepto estable: 0.0 
 Duración del concepto estable: 5000 
 Duración del cambio: 1000 
 Número de cambios: 40 
Retreaso aceptable: 500
Nuevos elementos de entrenamiento en la iteración (120000, 1)
Número y fracción de estados no visitados 150 0.205761316872428
[11000, 23000, 35000, 47000, 59000, 71000, 83000, 95000, 107000, 119000, 131000, 143000, 155000, 167000, 179000, 191000, 203000, 215000, 227000, 239000, 251000, 263000, 275000, 287000, 299000, 311000, 323000, 335000, 347000, 359000, 371000, 383000, 395000, 407000, 419000, 431000, 443000, 455000, 467000, 479000] [11956, 27586, 37907, 40282, 48872, 61027, 75064, 86703, 97820, 109849, 121240, 132999, 144536, 158035, 179763, 192839, 205544, 218673, 229930, 239978, 253298, 266383, 277851, 291310, 301551, 313095, 327050, 336888, 350045, 362809, 374512, 385619, 397688, 409741, 419981, 433485, 445100, 458371, 469901]
DriftDetectionMetrics(fp=35, tp=4, fn=36, precision=0.10256410256410256, recall=0.1, episode_recall=0.1, f1=0.10126582278481013, mdt=np.float64(919.5), far=0.07284079084287201, ar=0.08116545265348596, n_episodes=40, n_alarms=39)
Duración del procesamiento de stream 0:01:02.460499 10642.097190807488
Duración de test: 0:00:45.150875
Tiempo total transcurrido 3:53:13.892609
Hora del sistema 2026-05-05 22:25:35.084603
Semilla: 1 
 Tasa de error baja: 0.01 
 Aumento de la tasa de error: 0.05 
 Ruido del concepto estable: 0.0 
 Duración del concepto estable: 5000 
 Duración del cambio: 0 
 Número de cambios: 10 
Retreaso aceptable: 500
Nuevos elementos de entrenamiento en la iteración (100500, 1)
Número y fracción de estados no visitados 85 0.11659807956104253
[10000, 20000, 30000, 40000, 50000, 60000, 70000, 80000, 90000, 100000] [10668, 20268, 62712, 71834, 80122, 90586, 100346]
DriftDetectionMetrics(fp=4, tp=3, fn=7, precision=0.42857142857142855, recall=0.3, episode_recall=0.3, f1=0.3529411764705882, mdt=np.float64(245.33333333333334), far=0.03980099502487562, ar=0.06965174129353234, n_episodes=10, n_alarms=7)
Duración del procesamiento de stream 0:00:24.573775 10937.317201243915
Duración de test: 0:00:09.188725
Tiempo total transcurrido 3:53:38.466384
Hora del sistema 2026-05-05 22:25:59.658378
Semilla: 1 
 Tasa de error baja: 0.01 
 Aumento de la tasa de error: 0.05 
 Ruido del concepto estable: 0.0 
 Duración del concepto estable: 5000 
 Duración del cambio: 0 
 Número de cambios: 20 
Retreaso aceptable: 500
Nuevos elementos de entrenamiento en la iteración (100000, 1)
Número y fracción de estados no visitados 111 0.1522633744855967
[10000, 20000, 30000, 40000, 50000, 60000, 70000, 80000, 90000, 100000, 110000, 120000, 130000, 140000, 150000, 160000, 170000, 180000, 190000, 200000] [10630, 20262, 30342, 40198, 50502, 60262, 70694, 80166, 90566, 100358, 110214, 120294, 130342, 140358, 151118, 160334, 170382, 180142, 190382, 200302]
DriftDetectionMetrics(fp=5, tp=15, fn=5, precision=0.75, recall=0.75, episode_recall=0.75, f1=0.75, mdt=np.float64(289.2), far=0.02493765586034913, ar=0.09975062344139651, n_episodes=20, n_alarms=20)
Duración del procesamiento de stream 0:00:33.084627 10684.656822145389
Duración de test: 0:00:18.765226
Tiempo total transcurrido 3:54:11.551011
Hora del sistema 2026-05-05 22:26:32.743005
Semilla: 1 
 Tasa de error baja: 0.01 
 Aumento de la tasa de error: 0.05 
 Ruido del concepto estable: 0.0 
 Duración del concepto estable: 5000 
 Duración del cambio: 0 
 Número de cambios: 30 
Retreaso aceptable: 500
Nuevos elementos de entrenamiento en la iteración (100000, 1)
Número y fracción de estados no visitados 121 0.16598079561042525
[10000, 20000, 30000, 40000, 50000, 60000, 70000, 80000, 90000, 100000, 110000, 120000, 130000, 140000, 150000, 160000, 170000, 180000, 190000, 200000, 210000, 220000, 230000, 240000, 250000, 260000, 270000, 280000, 290000, 300000] [10650, 20282, 30330, 40218, 50522, 60378, 70714, 80122, 90586, 100346, 110202, 120282, 130330, 140314, 150266, 160314, 170362, 180186, 190362, 200474, 210266, 220538, 230362, 240154, 250490, 260154, 270202, 280250, 290330]
DriftDetectionMetrics(fp=5, tp=24, fn=6, precision=0.8275862068965517, recall=0.8, episode_recall=0.8, f1=0.8135593220338982, mdt=np.float64(290.6666666666667), far=0.016638935108153077, ar=0.09650582362728785, n_episodes=30, n_alarms=29)
Duración del procesamiento de stream 0:00:42.641152 10429.119935330433
Duración de test: 0:00:28.813553
Tiempo total transcurrido 3:54:54.192163
Hora del sistema 2026-05-05 22:27:15.384157
Semilla: 1 
 Tasa de error baja: 0.01 
 Aumento de la tasa de error: 0.05 
 Ruido del concepto estable: 0.0 
 Duración del concepto estable: 5000 
 Duración del cambio: 0 
 Número de cambios: 40 
Retreaso aceptable: 500
Nuevos elementos de entrenamiento en la iteración (100000, 1)
Número y fracción de estados no visitados 140 0.19204389574759945
[10000, 20000, 30000, 40000, 50000, 60000, 70000, 80000, 90000, 100000, 110000, 120000, 130000, 140000, 150000, 160000, 170000, 180000, 190000, 200000, 210000, 220000, 230000, 240000, 250000, 260000, 270000, 280000, 290000, 300000, 310000, 320000, 330000, 340000, 350000, 360000, 370000, 380000, 390000, 400000] [10630, 20262, 30342, 40198, 50502, 60262, 70694, 80166, 90566, 100358, 110214, 120294, 130342, 140358, 150246, 160326, 170374, 180166, 190310, 200294, 210278, 220518, 230342, 240230, 250438, 260166, 270214, 280262, 290310, 300454, 310182, 320326, 330246, 340422, 350150, 360390, 370278, 380358, 390310, 400326]
DriftDetectionMetrics(fp=5, tp=35, fn=5, precision=0.875, recall=0.875, episode_recall=0.875, f1=0.875, mdt=np.float64(291.25714285714287), far=0.012484394506866416, ar=0.09987515605493133, n_episodes=40, n_alarms=40)
Duración del procesamiento de stream 0:00:50.714264 10919.543332428688
Duración de test: 0:00:36.677358
Tiempo total transcurrido 3:55:44.906427
Hora del sistema 2026-05-05 22:28:06.098421
Semilla: 1 
 Tasa de error baja: 0.01 
 Aumento de la tasa de error: 0.05 
 Ruido del concepto estable: 0.0 
 Duración del concepto estable: 100000 
 Duración del cambio: 1000 
 Número de cambios: 10 
Retreaso aceptable: 500
Nuevos elementos de entrenamiento en la iteración (2020500, 1)
Número y fracción de estados no visitados 95 0.13031550068587106
[201000, 403000, 605000, 807000, 1009000, 1211000, 1413000, 1615000, 1817000, 2019000] [201996, 403756, 605676, 807756, 1009708, 1211820, 1413708, 1616012, 1818188, 2019852]
DriftDetectionMetrics(fp=0, tp=10, fn=0, precision=1.0, recall=1.0, episode_recall=1.0, f1=1.0, mdt=np.float64(847.2), far=0.0, ar=0.004949269982677555, n_episodes=10, n_alarms=10)
Duración del procesamiento de stream 0:07:57.133740 10750.231894819115
Duración de test: 0:03:07.949434
Tiempo total transcurrido 4:03:42.040167
Hora del sistema 2026-05-05 22:36:03.232161
Semilla: 1 
 Tasa de error baja: 0.01 
 Aumento de la tasa de error: 0.05 
 Ruido del concepto estable: 0.0 
 Duración del concepto estable: 100000 
 Duración del cambio: 1000 
 Número de cambios: 20 
Retreaso aceptable: 500
Nuevos elementos de entrenamiento en la iteración (2020000, 1)
Número y fracción de estados no visitados 120 0.1646090534979424
[201000, 403000, 605000, 807000, 1009000, 1211000, 1413000, 1615000, 1817000, 2019000, 2221000, 2423000, 2625000, 2827000, 3029000, 3231000, 3433000, 3635000, 3837000, 4039000] [202008, 403768, 605688, 807736, 1009688, 1211832, 1413688, 1615992, 1818232, 2019864, 2221784, 2423896, 2625848, 2828056, 3029720, 3231832, 3433976, 3635832, 3837880, 4039736]
DriftDetectionMetrics(fp=0, tp=20, fn=0, precision=1.0, recall=1.0, episode_recall=1.0, f1=1.0, mdt=np.float64(852.8), far=0.0, ar=0.004949882440292043, n_episodes=20, n_alarms=20)
Duración del procesamiento de stream 0:11:19.698630 10524.46875168535
Duración de test: 0:06:23.914865
Tiempo total transcurrido 4:15:01.738797
Hora del sistema 2026-05-05 22:47:22.930791
Semilla: 1 
 Tasa de error baja: 0.01 
 Aumento de la tasa de error: 0.05 
 Ruido del concepto estable: 0.0 
 Duración del concepto estable: 100000 
 Duración del cambio: 1000 
 Número de cambios: 30 
Retreaso aceptable: 500
Nuevos elementos de entrenamiento en la iteración (2020000, 1)
Número y fracción de estados no visitados 129 0.17695473251028807
[201000, 403000, 605000, 807000, 1009000, 1211000, 1413000, 1615000, 1817000, 2019000, 2221000, 2423000, 2625000, 2827000, 3029000, 3231000, 3433000, 3635000, 3837000, 4039000, 4241000, 4443000, 4645000, 4847000, 5049000, 5251000, 5453000, 5655000, 5857000, 6059000] [203448, 404495, 607623, 808704, 1010921, 1213214, 1236903, 1414826, 1618100, 1819723, 2021671, 2222672, 2424627, 2627159, 2829166, 3030588, 3232787, 3435099, 3637351, 3838921, 4041255, 4243474, 4444569, 4647111, 4849463, 5051309, 5252809, 5455611, 5656985, 5859109]
DriftDetectionMetrics(fp=29, tp=1, fn=29, precision=0.03333333333333333, recall=0.03333333333333333, episode_recall=0.03333333333333333, f1=0.03333333333333333, mdt=np.float64(1495.0), far=0.004785083738965432, ar=0.004950086626515964, n_episodes=30, n_alarms=30)
Duración del procesamiento de stream 0:14:59.812034 10329.634126677245
Duración de test: 0:09:46.710035
Tiempo total transcurrido 4:30:01.550831
Hora del sistema 2026-05-05 23:02:22.742825
Semilla: 1 
 Tasa de error baja: 0.01 
 Aumento de la tasa de error: 0.05 
 Ruido del concepto estable: 0.0 
 Duración del concepto estable: 100000 
 Duración del cambio: 1000 
 Número de cambios: 40 
Retreaso aceptable: 500
Nuevos elementos de entrenamiento en la iteración (2020000, 1)
Número y fracción de estados no visitados 137 0.18792866941015088
[201000, 403000, 605000, 807000, 1009000, 1211000, 1413000, 1615000, 1817000, 2019000, 2221000, 2423000, 2625000, 2827000, 3029000, 3231000, 3433000, 3635000, 3837000, 4039000, 4241000, 4443000, 4645000, 4847000, 5049000, 5251000, 5453000, 5655000, 5857000, 6059000, 6261000, 6463000, 6665000, 6867000, 7069000, 7271000, 7473000, 7675000, 7877000, 8079000] [1, 201985, 403745, 605665, 807745, 1009697, 1211777, 1413729, 1616033, 1818209, 2019841, 2221793, 2423905, 2625857, 2828065, 3029729, 3231841, 3433953, 3635841, 3837857, 4039745, 4241985, 4443937, 4645857, 4848065, 5049953, 5251809, 5453793, 5655841, 5857729, 6059937, 6261985, 6463745, 6665633, 6867745, 7069921, 7271841, 7473665, 7675905, 7877857, 8080161]
DriftDetectionMetrics(fp=1, tp=40, fn=0, precision=0.975609756097561, recall=1.0, episode_recall=1.0, f1=0.9876543209876543, mdt=np.float64(859.4), far=0.0001237547181486294, ar=0.005073943444093806, n_episodes=40, n_alarms=41)
Duración del procesamiento de stream 0:19:28.727293 9856.488081979955
Duración de test: 0:13:39.815327
Tiempo total transcurrido 4:49:30.278124
Hora del sistema 2026-05-05 23:21:51.470118
Semilla: 1 
 Tasa de error baja: 0.01 
 Aumento de la tasa de error: 0.05 
 Ruido del concepto estable: 0.0 
 Duración del concepto estable: 100000 
 Duración del cambio: 0 
 Número de cambios: 10 
Retreaso aceptable: 500
Nuevos elementos de entrenamiento en la iteración (2000500, 1)
Número y fracción de estados no visitados 77 0.1056241426611797
[200000, 400000, 600000, 800000, 1000000, 1200000, 1400000, 1600000, 1800000, 2000000] []
DriftDetectionMetrics(fp=0, tp=0, fn=10, precision=0.0, recall=0.0, episode_recall=0.0, f1=0.0, mdt=nan, far=0.0, ar=0.0, n_episodes=10, n_alarms=0)
Duración del procesamiento de stream 0:07:57.269536 11036.33983973701
Duración de test: 0:03:01.264806
Tiempo total transcurrido 4:57:27.547660
Hora del sistema 2026-05-05 23:29:48.739654
Semilla: 1 
 Tasa de error baja: 0.01 
 Aumento de la tasa de error: 0.05 
 Ruido del concepto estable: 0.0 
 Duración del concepto estable: 100000 
 Duración del cambio: 0 
 Número de cambios: 20 
Retreaso aceptable: 500
Nuevos elementos de entrenamiento en la iteración (2000000, 1)
Número y fracción de estados no visitados 96 0.13168724279835392
[200000, 400000, 600000, 800000, 1000000, 1200000, 1400000, 1600000, 1800000, 2000000, 2200000, 2400000, 2600000, 2800000, 3000000, 3200000, 3400000, 3600000, 3800000, 4000000] [1, 200257, 400257, 600225, 800417, 1000257, 1200449, 1400257, 1600321, 1800289, 2000289, 2200417, 2400321, 2600481, 2800321, 3000225, 3200257, 3400161, 3600321, 3800353]
DriftDetectionMetrics(fp=1, tp=19, fn=1, precision=0.95, recall=0.95, episode_recall=0.95, f1=0.9500000000000001, mdt=np.float64(309.2105263157895), far=0.0002499687539057618, ar=0.004999375078115236, n_episodes=20, n_alarms=20)
Duración del procesamiento de stream 0:11:08.395488 10831.782149746126
Duración de test: 0:06:09.329806
Tiempo total transcurrido 5:08:35.943148
Hora del sistema 2026-05-05 23:40:57.135142
Semilla: 1 
 Tasa de error baja: 0.01 
 Aumento de la tasa de error: 0.05 
 Ruido del concepto estable: 0.0 
 Duración del concepto estable: 100000 
 Duración del cambio: 0 
 Número de cambios: 30 
Retreaso aceptable: 500
Nuevos elementos de entrenamiento en la iteración (2000000, 1)
Número y fracción de estados no visitados 106 0.14540466392318244
[200000, 400000, 600000, 800000, 1000000, 1200000, 1400000, 1600000, 1800000, 2000000, 2200000, 2400000, 2600000, 2800000, 3000000, 3200000, 3400000, 3600000, 3800000, 4000000, 4200000, 4400000, 4600000, 4800000, 5000000, 5200000, 5400000, 5600000, 5800000, 6000000] []
DriftDetectionMetrics(fp=0, tp=0, fn=30, precision=0.0, recall=0.0, episode_recall=0.0, f1=0.0, mdt=nan, far=0.0, ar=0.0, n_episodes=30, n_alarms=0)
Duración del procesamiento de stream 0:14:54.078537 10382.596438017266
Duración de test: 0:09:37.938287
Tiempo total transcurrido 5:23:30.021685
Hora del sistema 2026-05-05 23:55:51.213679
Semilla: 1 
 Tasa de error baja: 0.01 
 Aumento de la tasa de error: 0.05 
 Ruido del concepto estable: 0.0 
 Duración del concepto estable: 100000 
 Duración del cambio: 0 
 Número de cambios: 40 
Retreaso aceptable: 500
Nuevos elementos de entrenamiento en la iteración (2000000, 1)
Número y fracción de estados no visitados 120 0.1646090534979424
[200000, 400000, 600000, 800000, 1000000, 1200000, 1400000, 1600000, 1800000, 2000000, 2200000, 2400000, 2600000, 2800000, 3000000, 3200000, 3400000, 3600000, 3800000, 4000000, 4200000, 4400000, 4600000, 4800000, 5000000, 5200000, 5400000, 5600000, 5800000, 6000000, 6200000, 6400000, 6600000, 6800000, 7000000, 7200000, 7400000, 7600000, 7800000, 8000000] [1, 200257, 400257, 600225, 800417, 1000257, 1200449, 1400257, 1600321, 1800289, 2000289, 2097217, 2200417, 2400321, 2600481, 2800321, 3000225, 3200257, 3400161, 3600321, 3800353, 4000545, 4200353, 4400353, 4600097, 4662881, 4800321, 5000417, 5200257, 5400257, 5600321, 5800257, 6000225, 6200321, 6400385, 6600193, 6800193, 7000225, 7200289, 7400321, 7600321, 7800385, 8000417]
DriftDetectionMetrics(fp=4, tp=39, fn=1, precision=0.9069767441860465, recall=0.975, episode_recall=0.975, f1=0.9397590361445783, mdt=np.float64(302.12820512820514), far=0.000499968751953003, ar=0.005374664083494782, n_episodes=40, n_alarms=43)
Duración del procesamiento de stream 0:18:51.296343 10284.383719479538
Duración de test: 0:12:57.927022
Tiempo total transcurrido 5:42:21.318028
Hora del sistema 2026-05-06 00:14:42.510022
Hora estimada de finalización 2026-05-06 17:21:46.464106
Semilla: 1 
 Tasa de error baja: 0.01 
 Aumento de la tasa de error: 0.05 
 Ruido del concepto estable: 0.1 
 Duración del concepto estable: 5000 
 Duración del cambio: 1000 
 Número de cambios: 10 
Retreaso aceptable: 500
Nuevos elementos de entrenamiento en la iteración (120500, 1)
Número y fracción de estados no visitados 79 0.1083676268861454
[11000, 23000, 35000, 47000, 59000, 71000, 83000, 95000, 107000, 119000] [12012, 26700, 37578, 62882, 73377, 87215, 97433, 108217]
DriftDetectionMetrics(fp=6, tp=2, fn=8, precision=0.25, recall=0.2, episode_recall=0.2, f1=0.22222222222222224, mdt=np.float64(1114.5), far=0.049792531120331954, ar=0.06639004149377593, n_episodes=10, n_alarms=8)
Duración del procesamiento de stream 0:00:32.835224 10866.122873576403
Duración de test: 0:00:11.089512
Tiempo total transcurrido 5:42:54.153252
Hora del sistema 2026-05-06 00:15:15.345246
Semilla: 1 
 Tasa de error baja: 0.01 
 Aumento de la tasa de error: 0.05 
 Ruido del concepto estable: 0.1 
 Duración del concepto estable: 5000 
 Duración del cambio: 1000 
 Número de cambios: 20 
Retreaso aceptable: 500
Nuevos elementos de entrenamiento en la iteración (120000, 1)
Número y fracción de estados no visitados 110 0.15089163237311384
[11000, 23000, 35000, 47000, 59000, 71000, 83000, 95000, 107000, 119000, 131000, 143000, 155000, 167000, 179000, 191000, 203000, 215000, 227000, 239000] [27635, 38083, 51202, 62959, 74357, 86181, 98400, 111218, 121191, 133412, 145595, 158112, 170800, 182262, 194266, 206080, 219622, 228813]
DriftDetectionMetrics(fp=18, tp=0, fn=20, precision=0.0, recall=0.0, episode_recall=0.0, f1=0.0, mdt=nan, far=0.07484407484407485, ar=0.07484407484407485, n_episodes=20, n_alarms=18)
Duración del procesamiento de stream 0:00:39.403949 10908.727875863848
Duración de test: 0:00:22.046567
Tiempo total transcurrido 5:43:33.557201
Hora del sistema 2026-05-06 00:15:54.749195
Semilla: 1 
 Tasa de error baja: 0.01 
 Aumento de la tasa de error: 0.05 
 Ruido del concepto estable: 0.1 
 Duración del concepto estable: 5000 
 Duración del cambio: 1000 
 Número de cambios: 30 
Retreaso aceptable: 500
Nuevos elementos de entrenamiento en la iteración (120000, 1)
Número y fracción de estados no visitados 140 0.19204389574759945
[11000, 23000, 35000, 47000, 59000, 71000, 83000, 95000, 107000, 119000, 131000, 143000, 155000, 167000, 179000, 191000, 203000, 215000, 227000, 239000, 251000, 263000, 275000, 287000, 299000, 311000, 323000, 335000, 347000, 359000] [16374, 25281, 37779, 62092, 73485, 87215, 97433, 111876, 120940, 134550, 145522, 157463, 170004, 181535, 193873, 208910, 217371, 228847, 243413, 253265, 266218, 278020, 289229, 304317, 313062, 325715, 339872, 349577]
DriftDetectionMetrics(fp=28, tp=0, fn=30, precision=0.0, recall=0.0, episode_recall=0.0, f1=0.0, mdt=nan, far=0.07766990291262135, ar=0.07766990291262135, n_episodes=30, n_alarms=28)
Duración del procesamiento de stream 0:00:52.117138 10437.811317494421
Duración de test: 0:00:34.537892
Tiempo total transcurrido 5:44:25.674339
Hora del sistema 2026-05-06 00:16:46.866333
Semilla: 1 
 Tasa de error baja: 0.01 
 Aumento de la tasa de error: 0.05 
 Ruido del concepto estable: 0.1 
 Duración del concepto estable: 5000 
 Duración del cambio: 1000 
 Número de cambios: 40 
Retreaso aceptable: 500
Nuevos elementos de entrenamiento en la iteración (120000, 1)
Número y fracción de estados no visitados 153 0.20987654320987653
[11000, 23000, 35000, 47000, 59000, 71000, 83000, 95000, 107000, 119000, 131000, 143000, 155000, 167000, 179000, 191000, 203000, 215000, 227000, 239000, 251000, 263000, 275000, 287000, 299000, 311000, 323000, 335000, 347000, 359000, 371000, 383000, 395000, 407000, 419000, 431000, 443000, 455000, 467000, 479000] [76636, 85013, 97734, 111056, 121007, 133413, 145591, 157461, 170007, 181535, 193873, 206124, 218590, 228790, 242988, 253323, 266183, 278035, 289229, 303600, 313144, 325709, 339875, 349577, 361304, 373789, 385714, 397579, 409834, 423767, 432994, 445947, 457141, 470898]
DriftDetectionMetrics(fp=34, tp=0, fn=40, precision=0.0, recall=0.0, episode_recall=0.0, f1=0.0, mdt=nan, far=0.07075962539021853, ar=0.07075962539021853, n_episodes=40, n_alarms=34)
Duración del procesamiento de stream 0:01:02.044245 10768.011078434572
Duración de test: 0:00:44.622911
Tiempo total transcurrido 5:45:27.718584
Hora del sistema 2026-05-06 00:17:48.910578
Semilla: 1 
 Tasa de error baja: 0.01 
 Aumento de la tasa de error: 0.05 
 Ruido del concepto estable: 0.1 
 Duración del concepto estable: 5000 
 Duración del cambio: 0 
 Número de cambios: 10 
Retreaso aceptable: 500
Nuevos elementos de entrenamiento en la iteración (100500, 1)
Número y fracción de estados no visitados 60 0.0823045267489712
[10000, 20000, 30000, 40000, 50000, 60000, 70000, 80000, 90000, 100000] [10220, 20652, 30700, 40940, 50892, 61484, 63891, 71027, 80467, 90419]
DriftDetectionMetrics(fp=7, tp=3, fn=7, precision=0.3, recall=0.3, episode_recall=0.3, f1=0.3, mdt=np.float64(368.6666666666667), far=0.06965174129353234, ar=0.09950248756218905, n_episodes=10, n_alarms=10)
Duración del procesamiento de stream 0:00:24.450821 10391.886841968664
Duración de test: 0:00:09.671006
Tiempo total transcurrido 5:45:52.169405
Hora del sistema 2026-05-06 00:18:13.361399
Semilla: 1 
 Tasa de error baja: 0.01 
 Aumento de la tasa de error: 0.05 
 Ruido del concepto estable: 0.1 
 Duración del concepto estable: 5000 
 Duración del cambio: 0 
 Número de cambios: 20 
Retreaso aceptable: 500
Nuevos elementos de entrenamiento en la iteración (100000, 1)
Número y fracción de estados no visitados 106 0.14540466392318244
[10000, 20000, 30000, 40000, 50000, 60000, 70000, 80000, 90000, 100000, 110000, 120000, 130000, 140000, 150000, 160000, 170000, 180000, 190000, 200000] [10207, 40735, 62205, 92460, 111818, 121255, 130889, 144687, 151587, 173507, 184159, 192560]
DriftDetectionMetrics(fp=11, tp=1, fn=19, precision=0.08333333333333333, recall=0.05, episode_recall=0.05, f1=0.0625, mdt=np.float64(207.0), far=0.05486284289276808, ar=0.059850374064837904, n_episodes=20, n_alarms=12)
Duración del procesamiento de stream 0:00:33.135265 10661.62140662148
Duración de test: 0:00:18.805770
Tiempo total transcurrido 5:46:25.304670
Hora del sistema 2026-05-06 00:18:46.496664
Semilla: 1 
 Tasa de error baja: 0.01 
 Aumento de la tasa de error: 0.05 
 Ruido del concepto estable: 0.1 
 Duración del concepto estable: 5000 
 Duración del cambio: 0 
 Número de cambios: 30 
Retreaso aceptable: 500
Nuevos elementos de entrenamiento en la iteración (100000, 1)
Número y fracción de estados no visitados 138 0.18930041152263374
[10000, 20000, 30000, 40000, 50000, 60000, 70000, 80000, 90000, 100000, 110000, 120000, 130000, 140000, 150000, 160000, 170000, 180000, 190000, 200000, 210000, 220000, 230000, 240000, 250000, 260000, 270000, 280000, 290000, 300000] [10236, 20860, 33783, 51698, 71980, 84696, 91420, 100700, 112289, 120527, 130895, 141181, 151091, 160595, 170355, 180499, 190547, 201380, 210372, 220740, 230724, 241431, 250749, 261053, 273597, 281597, 292420]
DriftDetectionMetrics(fp=23, tp=4, fn=26, precision=0.14814814814814814, recall=0.13333333333333333, episode_recall=0.13333333333333333, f1=0.14035087719298248, mdt=np.float64(365.5), far=0.07653910149750416, ar=0.08985024958402663, n_episodes=30, n_alarms=27)
Duración del procesamiento de stream 0:00:42.892544 10545.771949102911
Duración de test: 0:00:28.494832
Tiempo total transcurrido 5:47:08.197214
Hora del sistema 2026-05-06 00:19:29.389208
Semilla: 1 
 Tasa de error baja: 0.01 
 Aumento de la tasa de error: 0.05 
 Ruido del concepto estable: 0.1 
 Duración del concepto estable: 5000 
 Duración del cambio: 0 
 Número de cambios: 40 
Retreaso aceptable: 500
Nuevos elementos de entrenamiento en la iteración (100000, 1)
Número y fracción de estados no visitados 155 0.21262002743484226
[10000, 20000, 30000, 40000, 50000, 60000, 70000, 80000, 90000, 100000, 110000, 120000, 130000, 140000, 150000, 160000, 170000, 180000, 190000, 200000, 210000, 220000, 230000, 240000, 250000, 260000, 270000, 280000, 290000, 300000, 310000, 320000, 330000, 340000, 350000, 360000, 370000, 380000, 390000, 400000] [10224, 20880, 43096, 51123, 62921, 71978, 81831, 91913, 101852, 112410, 120570, 133052, 141181, 152412, 162118, 170978, 182678, 191831, 203557, 211349, 223333, 231904, 242653, 251419, 260747, 270699, 282013, 291980, 303024, 311696, 341555, 350625, 362529, 380193, 391889]
DriftDetectionMetrics(fp=33, tp=2, fn=38, precision=0.05714285714285714, recall=0.05, episode_recall=0.05, f1=0.05333333333333333, mdt=np.float64(208.5), far=0.08239700374531835, ar=0.08739076154806491, n_episodes=40, n_alarms=35)
Duración del procesamiento de stream 0:00:52.983305 10365.400691062945
Duración de test: 0:00:38.638159
Tiempo total transcurrido 5:48:01.180519
Hora del sistema 2026-05-06 00:20:22.372513
Semilla: 1 
 Tasa de error baja: 0.01 
 Aumento de la tasa de error: 0.05 
 Ruido del concepto estable: 0.1 
 Duración del concepto estable: 100000 
 Duración del cambio: 1000 
 Número de cambios: 10 
Retreaso aceptable: 500
Nuevos elementos de entrenamiento en la iteración (2020500, 1)
Número y fracción de estados no visitados 91 0.12482853223593965
[201000, 403000, 605000, 807000, 1009000, 1211000, 1413000, 1615000, 1817000, 2019000] [204396, 405798, 607615, 810241, 1011624, 1214179, 1415363, 1617635, 1819197]
DriftDetectionMetrics(fp=9, tp=0, fn=10, precision=0.0, recall=0.0, episode_recall=0.0, f1=0.0, mdt=nan, far=0.004454342984409799, ar=0.004454342984409799, n_episodes=10, n_alarms=9)
Duración del procesamiento de stream 0:07:53.658831 10922.538878724432
Duración de test: 0:03:04.984464
Tiempo total transcurrido 5:55:54.839350
Hora del sistema 2026-05-06 00:28:16.031344
Semilla: 1 
 Tasa de error baja: 0.01 
 Aumento de la tasa de error: 0.05 
 Ruido del concepto estable: 0.1 
 Duración del concepto estable: 100000 
 Duración del cambio: 1000 
 Número de cambios: 20 
Retreaso aceptable: 500
Nuevos elementos de entrenamiento en la iteración (2020000, 1)
Número y fracción de estados no visitados 115 0.15775034293552812
[201000, 403000, 605000, 807000, 1009000, 1211000, 1413000, 1615000, 1817000, 2019000, 2221000, 2423000, 2625000, 2827000, 3029000, 3231000, 3433000, 3635000, 3837000, 4039000] [1, 202017, 404417, 605793, 807841, 1009985, 1413889, 1616097, 1818017, 2020225, 2222113, 2424065, 2626529, 2828065, 3030433, 3232001, 3433633, 3636097, 3838017, 4039873]
DriftDetectionMetrics(fp=2, tp=18, fn=2, precision=0.9, recall=0.9, episode_recall=0.9, f1=0.9, mdt=np.float64(1032.111111111111), far=0.0004949882440292043, ar=0.004949882440292043, n_episodes=20, n_alarms=20)
Duración del procesamiento de stream 0:11:24.604210 10510.135196105077
Duración de test: 0:06:24.438442
Tiempo total transcurrido 6:07:19.443560
Hora del sistema 2026-05-06 00:39:40.635554
Semilla: 1 
 Tasa de error baja: 0.01 
 Aumento de la tasa de error: 0.05 
 Ruido del concepto estable: 0.1 
 Duración del concepto estable: 100000 
 Duración del cambio: 1000 
 Número de cambios: 30 
Retreaso aceptable: 500
Nuevos elementos de entrenamiento en la iteración (2020000, 1)
Número y fracción de estados no visitados 127 0.17421124828532236
[201000, 403000, 605000, 807000, 1009000, 1211000, 1413000, 1615000, 1817000, 2019000, 2221000, 2423000, 2625000, 2827000, 3029000, 3231000, 3433000, 3635000, 3837000, 4039000, 4241000, 4443000, 4645000, 4847000, 5049000, 5251000, 5453000, 5655000, 5857000, 6059000] [201997, 404397, 605773, 807885, 1009965, 1413901, 1616109, 1817965, 2020205, 2222093, 2424045, 2626285, 2828013, 3030253, 3232013, 3433645, 3636109, 3838029, 4039885, 4242221, 4443949, 4645965, 4848013, 5050093, 5252013, 5453869, 5655629, 5857837, 6060269]
DriftDetectionMetrics(fp=0, tp=29, fn=1, precision=1.0, recall=0.9666666666666667, episode_recall=0.9666666666666667, f1=0.983050847457627, mdt=np.float64(1014.6551724137931), far=0.0, ar=0.004785083738965432, n_episodes=30, n_alarms=29)
Duración del procesamiento de stream 0:14:44.455173 10452.073954649977
Duración de test: 0:09:39.837076
Tiempo total transcurrido 6:22:03.898733
Hora del sistema 2026-05-06 00:54:25.090727
Semilla: 1 
 Tasa de error baja: 0.01 
 Aumento de la tasa de error: 0.05 
 Ruido del concepto estable: 0.1 
 Duración del concepto estable: 100000 
 Duración del cambio: 1000 
 Número de cambios: 40 
Retreaso aceptable: 500
Nuevos elementos de entrenamiento en la iteración (2020000, 1)
Número y fracción de estados no visitados 136 0.18655692729766804
[201000, 403000, 605000, 807000, 1009000, 1211000, 1413000, 1615000, 1817000, 2019000, 2221000, 2423000, 2625000, 2827000, 3029000, 3231000, 3433000, 3635000, 3837000, 4039000, 4241000, 4443000, 4645000, 4847000, 5049000, 5251000, 5453000, 5655000, 5857000, 6059000, 6261000, 6463000, 6665000, 6867000, 7069000, 7271000, 7473000, 7675000, 7877000, 8079000] [201945, 404409, 605785, 807897, 1009945, 1212089, 1413913, 1616121, 1817977, 2020217, 2222105, 2424057, 2626329, 2827993, 3030425, 3231993, 3433625, 3636121, 3838009, 4039897, 4242169, 4443929, 4645913, 4848025, 5050105, 5252089, 5453849, 5655641, 5857881, 6060313, 6262169, 6463993, 6665945, 6868089, 6954297, 7069913, 7272089, 7473785, 7675961, 7877721, 8080313]
DriftDetectionMetrics(fp=1, tp=40, fn=0, precision=0.975609756097561, recall=1.0, episode_recall=1.0, f1=0.9876543209876543, mdt=np.float64(1018.6), far=0.0001237547181486294, ar=0.005073943444093806, n_episodes=40, n_alarms=41)
Duración del procesamiento de stream 0:18:56.356630 10172.269348393682
Duración de test: 0:13:14.365517
Tiempo total transcurrido 6:41:00.255363
Hora del sistema 2026-05-06 01:13:21.447357
Semilla: 1 
 Tasa de error baja: 0.01 
 Aumento de la tasa de error: 0.05 
 Ruido del concepto estable: 0.1 
 Duración del concepto estable: 100000 
 Duración del cambio: 0 
 Número de cambios: 10 
Retreaso aceptable: 500
Nuevos elementos de entrenamiento en la iteración (2000500, 1)
Número y fracción de estados no visitados 79 0.1083676268861454
[200000, 400000, 600000, 800000, 1000000, 1200000, 1400000, 1600000, 1800000, 2000000] [200620, 400492, 600588, 800300, 1000396, 1200236, 1400364, 1600364, 1800364]
DriftDetectionMetrics(fp=2, tp=7, fn=3, precision=0.7777777777777778, recall=0.7, episode_recall=0.7, f1=0.7368421052631577, mdt=np.float64(359.42857142857144), far=0.0009997500624843788, ar=0.004498875281179706, n_episodes=10, n_alarms=9)
Duración del procesamiento de stream 0:07:56.384399 10866.027910434208
Duración de test: 0:03:04.105914
Tiempo total transcurrido 6:48:56.639762
Hora del sistema 2026-05-06 01:21:17.831756
Semilla: 1 
 Tasa de error baja: 0.01 
 Aumento de la tasa de error: 0.05 
 Ruido del concepto estable: 0.1 
 Duración del concepto estable: 100000 
 Duración del cambio: 0 
 Número de cambios: 20 
Retreaso aceptable: 500
Nuevos elementos de entrenamiento en la iteración (2000000, 1)
Número y fracción de estados no visitados 91 0.12482853223593965
[200000, 400000, 600000, 800000, 1000000, 1200000, 1400000, 1600000, 1800000, 2000000, 2200000, 2400000, 2600000, 2800000, 3000000, 3200000, 3400000, 3600000, 3800000, 4000000] [200632, 400536, 600504, 800280, 1000376, 1200248, 1400344, 1600440, 1800152, 2000568, 2200312, 2400376, 2600344, 2800440, 3000280, 3200568, 3400440, 3600504, 3800632, 4000216]
DriftDetectionMetrics(fp=7, tp=13, fn=7, precision=0.65, recall=0.65, episode_recall=0.65, f1=0.65, mdt=np.float64(326.7692307692308), far=0.0017497812773403325, ar=0.004999375078115236, n_episodes=20, n_alarms=20)
Duración del procesamiento de stream 0:11:11.696334 10731.093478414463
Duración de test: 0:06:12.795187
Tiempo total transcurrido 7:00:08.336096
Hora del sistema 2026-05-06 01:32:29.528090
Semilla: 1 
 Tasa de error baja: 0.01 
 Aumento de la tasa de error: 0.05 
 Ruido del concepto estable: 0.1 
 Duración del concepto estable: 100000 
 Duración del cambio: 0 
 Número de cambios: 30 
Retreaso aceptable: 500
Nuevos elementos de entrenamiento en la iteración (2000000, 1)
Número y fracción de estados no visitados 110 0.15089163237311384
[200000, 400000, 600000, 800000, 1000000, 1200000, 1400000, 1600000, 1800000, 2000000, 2200000, 2400000, 2600000, 2800000, 3000000, 3200000, 3400000, 3600000, 3800000, 4000000, 4200000, 4400000, 4600000, 4800000, 5000000, 5200000, 5400000, 5600000, 5800000, 6000000] [200580, 400452, 600580, 800260, 1000324, 1200260, 1400452, 1600388, 1800356, 2000580, 2200292, 2400388, 2600356, 2800452, 3000388, 3200580, 3400420, 3600484, 3800612, 4000196, 4200612, 4400772, 4600516, 4800452, 5000324, 5200420, 5400292, 5600420, 5800548, 6000484]
DriftDetectionMetrics(fp=9, tp=21, fn=9, precision=0.7, recall=0.7, episode_recall=0.7, f1=0.7, mdt=np.float64(374.2857142857143), far=0.0014998750104157988, ar=0.004999583368052662, n_episodes=30, n_alarms=30)
Duración del procesamiento de stream 0:14:41.045211 10530.745427813757
Duración de test: 0:09:29.807716
Tiempo total transcurrido 7:14:49.381307
Hora del sistema 2026-05-06 01:47:10.573301
Semilla: 1 
 Tasa de error baja: 0.01 
 Aumento de la tasa de error: 0.05 
 Ruido del concepto estable: 0.1 
 Duración del concepto estable: 100000 
 Duración del cambio: 0 
 Número de cambios: 40 
Retreaso aceptable: 500
Nuevos elementos de entrenamiento en la iteración (2000000, 1)
Número y fracción de estados no visitados 114 0.15637860082304528
[200000, 400000, 600000, 800000, 1000000, 1200000, 1400000, 1600000, 1800000, 2000000, 2200000, 2400000, 2600000, 2800000, 3000000, 3200000, 3400000, 3600000, 3800000, 4000000, 4200000, 4400000, 4600000, 4800000, 5000000, 5200000, 5400000, 5600000, 5800000, 6000000, 6200000, 6400000, 6600000, 6800000, 7000000, 7200000, 7400000, 7600000, 7800000, 8000000] [200592, 400464, 600592, 800304, 1000368, 1200240, 1400432, 1600368, 1800336, 2000560, 2200304, 2400368, 2600336, 2800464, 3000400, 3200560, 3400432, 3600432, 3800656, 4000304, 4200528, 4400784, 4600528, 4800432, 5000304, 5200432, 5400272, 5600560, 5800560, 6000464, 6200560, 6251989, 6400437, 6600821, 6800373, 7000597, 7200405, 7400469, 7600245, 7800149, 8000437]
DriftDetectionMetrics(fp=14, tp=27, fn=13, precision=0.6585365853658537, recall=0.675, episode_recall=0.675, f1=0.6666666666666667, mdt=np.float64(369.2962962962963), far=0.0017498906318355104, ar=0.00512467970751828, n_episodes=40, n_alarms=41)
Duración del procesamiento de stream 0:18:40.746839 10215.721876579268
Duración de test: 0:13:03.155620
Tiempo total transcurrido 7:33:30.128146
Hora del sistema 2026-05-06 02:05:51.320140
Hora estimada de finalización 2026-05-06 17:12:51.576432
Semilla: 2 
 Tasa de error baja: 0.01 
 Aumento de la tasa de error: 0.3 
 Ruido del concepto estable: 0.0 
 Duración del concepto estable: 5000 
 Duración del cambio: 1000 
 Número de cambios: 10 
Retreaso aceptable: 500
Nuevos elementos de entrenamiento en la iteración (120500, 1)
Número y fracción de estados no visitados 89 0.12208504801097393
[11000, 23000, 35000, 47000, 59000, 71000, 83000, 95000, 107000, 119000] [2662, 11446, 12761, 23466, 23862, 35315, 36512, 40575, 40760, 47542, 49036, 59464, 60628, 71484, 72532, 83302, 84107, 95442, 96502, 100487, 107482, 108819, 119496, 120047]
DriftDetectionMetrics(fp=11, tp=13, fn=0, precision=0.5416666666666666, recall=1.0, episode_recall=1.0, f1=0.7027027027027027, mdt=np.float64(443.9), far=0.0912863070539419, ar=0.19917012448132781, n_episodes=10, n_alarms=24)
Duración del procesamiento de stream 0:00:33.251257 10488.713100185054
Duración de test: 0:00:11.488540
Tiempo total transcurrido 7:34:03.379403
Hora del sistema 2026-05-06 02:06:24.571397
Semilla: 2 
 Tasa de error baja: 0.01 
 Aumento de la tasa de error: 0.3 
 Ruido del concepto estable: 0.0 
 Duración del concepto estable: 5000 
 Duración del cambio: 1000 
 Número de cambios: 20 
Retreaso aceptable: 500
Nuevos elementos de entrenamiento en la iteración (120000, 1)
Número y fracción de estados no visitados 109 0.149519890260631
[11000, 23000, 35000, 47000, 59000, 71000, 83000, 95000, 107000, 119000, 131000, 143000, 155000, 167000, 179000, 191000, 203000, 215000, 227000, 239000] [11446, 12761, 23466, 23736, 35315, 36279, 39873, 40544, 40761, 47583, 49354, 59464, 59998, 60351, 64181, 64741, 71526, 72008, 83446, 84123, 85021, 95442, 96583, 100294, 107482, 108111, 119496, 119968, 123126, 131602, 133189, 143448, 144167, 145216, 155578, 156271, 167476, 169125, 172701, 179508, 183651, 191634, 196002, 203462, 203844, 208554, 215365, 216022, 227508, 228409, 239506, 239971]
DriftDetectionMetrics(fp=18, tp=34, fn=0, precision=0.6538461538461539, recall=1.0, episode_recall=1.0, f1=0.7906976744186047, mdt=np.float64(487.65), far=0.07484407484407485, ar=0.2162162162162162, n_episodes=20, n_alarms=52)
Duración del procesamiento de stream 0:00:38.571406 10798.21869351701
Duración de test: 0:00:22.272192
Tiempo total transcurrido 7:34:41.950809
Hora del sistema 2026-05-06 02:07:03.142803
Semilla: 2 
 Tasa de error baja: 0.01 
 Aumento de la tasa de error: 0.3 
 Ruido del concepto estable: 0.0 
 Duración del concepto estable: 5000 
 Duración del cambio: 1000 
 Número de cambios: 30 
Retreaso aceptable: 500
Nuevos elementos de entrenamiento en la iteración (120000, 1)
Número y fracción de estados no visitados 134 0.18381344307270234
[11000, 23000, 35000, 47000, 59000, 71000, 83000, 95000, 107000, 119000, 131000, 143000, 155000, 167000, 179000, 191000, 203000, 215000, 227000, 239000, 251000, 263000, 275000, 287000, 299000, 311000, 323000, 335000, 347000, 359000] [268, 379, 11323, 11804, 13453, 23466, 23736, 35224, 35940, 40573, 40760, 47542, 49032, 49488, 59344, 59997, 60351, 64742, 71501, 72442, 83302, 84040, 85024, 95264, 95980, 97681, 107377, 108136, 119304, 119980, 131557, 132335, 143311, 144075, 145216, 155296, 155908, 167268, 167940, 172709, 179365, 180106, 191306, 192121, 203257, 204065, 208558, 215278, 216018, 227314, 228160, 239328, 239897, 251257, 251943, 263335, 264136, 275240, 276151, 287351, 288751, 290179, 299363, 300265, 311337, 311997, 323325, 323930, 335322, 335976, 347336, 347920, 349250, 349292, 350488, 350594, 359503]
DriftDetectionMetrics(fp=19, tp=58, fn=0, precision=0.7532467532467533, recall=1.0, episode_recall=1.0, f1=0.8592592592592593, mdt=np.float64(343.2), far=0.05270457697642164, ar=0.21359223300970875, n_episodes=30, n_alarms=77)
Duración del procesamiento de stream 0:00:49.952350 11037.998700914815
Duración de test: 0:00:32.659906
Tiempo total transcurrido 7:35:31.903159
Hora del sistema 2026-05-06 02:07:53.095153
Semilla: 2 
 Tasa de error baja: 0.01 
 Aumento de la tasa de error: 0.3 
 Ruido del concepto estable: 0.0 
 Duración del concepto estable: 5000 
 Duración del cambio: 1000 
 Número de cambios: 40 
Retreaso aceptable: 500
Nuevos elementos de entrenamiento en la iteración (120000, 1)
Número y fracción de estados no visitados 157 0.21536351165980797
[11000, 23000, 35000, 47000, 59000, 71000, 83000, 95000, 107000, 119000, 131000, 143000, 155000, 167000, 179000, 191000, 203000, 215000, 227000, 239000, 251000, 263000, 275000, 287000, 299000, 311000, 323000, 335000, 347000, 359000, 371000, 383000, 395000, 407000, 419000, 431000, 443000, 455000, 467000, 479000] [667, 11446, 12761, 23466, 23862, 35315, 36512, 40575, 40760, 47542, 49141, 59464, 60628, 71484, 72532, 83302, 84107, 95442, 96583, 100294, 107482, 108819, 119496, 120047, 131579, 133190, 143448, 144342, 155578, 159472, 167476, 169125, 172709, 179508, 181414, 191546, 193151, 203485, 204819, 208556, 215367, 216099, 227508, 228431, 239506, 239971, 251503, 253391, 263486, 264613, 275458, 276712, 287468, 289754, 299497, 300537, 311547, 312075, 323472, 323952, 335448, 336481, 347550, 347912, 349252, 349291, 359503, 360869, 371558, 371745, 383560, 395385, 396090, 407514, 408597, 419508, 420159, 431567, 433238, 443552, 444003, 455531, 455982, 459490, 467488, 468567, 479595]
DriftDetectionMetrics(fp=31, tp=56, fn=0, precision=0.6436781609195402, recall=1.0, episode_recall=1.0, f1=0.7832167832167831, mdt=np.float64(490.75), far=0.06451612903225806, ar=0.18106139438085328, n_episodes=40, n_alarms=87)
Duración del procesamiento de stream 0:01:02.562308 10589.235998633383
Duración de test: 0:00:45.376267
Tiempo total transcurrido 7:36:34.465467
Hora del sistema 2026-05-06 02:08:55.657461
Semilla: 2 
 Tasa de error baja: 0.01 
 Aumento de la tasa de error: 0.3 
 Ruido del concepto estable: 0.0 
 Duración del concepto estable: 5000 
 Duración del cambio: 0 
 Número de cambios: 10 
Retreaso aceptable: 500
Nuevos elementos de entrenamiento en la iteración (100500, 1)
Número y fracción de estados no visitados 60 0.0823045267489712
[10000, 20000, 30000, 40000, 50000, 60000, 70000, 80000, 90000, 100000] [588, 10053, 20006, 30043, 30670, 30803, 32015, 40041, 40566, 40759, 50039, 50905, 60025, 60348, 64181, 64438, 64741, 70004, 80041, 90029, 92133, 100018]
DriftDetectionMetrics(fp=11, tp=11, fn=0, precision=0.5, recall=1.0, episode_recall=1.0, f1=0.6666666666666666, mdt=np.float64(29.9), far=0.10945273631840796, ar=0.21890547263681592, n_episodes=10, n_alarms=22)
Duración del procesamiento de stream 0:00:24.748590 10376.960380765266
Duración de test: 0:00:09.684917
Tiempo total transcurrido 7:36:59.214057
Hora del sistema 2026-05-06 02:09:20.406051
Semilla: 2 
 Tasa de error baja: 0.01 
 Aumento de la tasa de error: 0.3 
 Ruido del concepto estable: 0.0 
 Duración del concepto estable: 5000 
 Duración del cambio: 0 
 Número de cambios: 20 
Retreaso aceptable: 500
Nuevos elementos de entrenamiento en la iteración (100000, 1)
Número y fracción de estados no visitados 81 0.1111111111111111
[10000, 20000, 30000, 40000, 50000, 60000, 70000, 80000, 90000, 100000, 110000, 120000, 130000, 140000, 150000, 160000, 170000, 180000, 190000, 200000] [10053, 11804, 12766, 20006, 30043, 30670, 30803, 32014, 40041, 40558, 40759, 42268, 50055, 50905, 53165, 60025, 60348, 62701, 64181, 64438, 64741, 70004, 80041, 83024, 90029, 90676, 92133, 100018, 110052, 110478, 111697, 113260, 120045, 123114, 123235, 124629, 130054, 130508, 133800, 140019, 141416, 141651, 142935, 143097, 150025, 151760, 160049, 160581, 163415, 163685, 163939, 164164, 170008, 171320, 172701, 173156, 180036, 190006, 191009, 192524, 193250, 200047]
DriftDetectionMetrics(fp=40, tp=22, fn=0, precision=0.3548387096774194, recall=1.0, episode_recall=1.0, f1=0.5238095238095238, mdt=np.float64(32.8), far=0.19950124688279303, ar=0.3092269326683292, n_episodes=20, n_alarms=62)
Duración del procesamiento de stream 0:00:32.518631 10519.223080088328
Duración de test: 0:00:19.060343
Tiempo total transcurrido 7:37:31.732688
Hora del sistema 2026-05-06 02:09:52.924682
Semilla: 2 
 Tasa de error baja: 0.01 
 Aumento de la tasa de error: 0.3 
 Ruido del concepto estable: 0.0 
 Duración del concepto estable: 5000 
 Duración del cambio: 0 
 Número de cambios: 30 
Retreaso aceptable: 500
Nuevos elementos de entrenamiento en la iteración (100000, 1)
Número y fracción de estados no visitados 103 0.1412894375857339
[10000, 20000, 30000, 40000, 50000, 60000, 70000, 80000, 90000, 100000, 110000, 120000, 130000, 140000, 150000, 160000, 170000, 180000, 190000, 200000, 210000, 220000, 230000, 240000, 250000, 260000, 270000, 280000, 290000, 300000] [10053, 20006, 30043, 30670, 30803, 32015, 40041, 40566, 40759, 50039, 50905, 60025, 60348, 64181, 64438, 64741, 70004, 80041, 90029, 92133, 100018, 110052, 113260, 120044, 123126, 130054, 130512, 140019, 141421, 141651, 150025, 151762, 160049, 170008, 172701, 173156, 180036, 190006, 200047, 210023, 220035, 230015, 240031, 244693, 250040, 260050, 260150, 270038, 280020, 284845, 290102, 290179, 291917, 292440, 292963, 300008]
DriftDetectionMetrics(fp=23, tp=33, fn=0, precision=0.5892857142857143, recall=1.0, episode_recall=1.0, f1=0.7415730337078651, mdt=np.float64(33.36666666666667), far=0.07653910149750416, ar=0.18635607321131448, n_episodes=30, n_alarms=56)
Duración del procesamiento de stream 0:00:42.970034 10536.884970702726
Duración de test: 0:00:28.518865
Tiempo total transcurrido 7:38:14.702722
Hora del sistema 2026-05-06 02:10:35.894716
Semilla: 2 
 Tasa de error baja: 0.01 
 Aumento de la tasa de error: 0.3 
 Ruido del concepto estable: 0.0 
 Duración del concepto estable: 5000 
 Duración del cambio: 0 
 Número de cambios: 40 
Retreaso aceptable: 500
Nuevos elementos de entrenamiento en la iteración (100000, 1)
Número y fracción de estados no visitados 118 0.16186556927297668
[10000, 20000, 30000, 40000, 50000, 60000, 70000, 80000, 90000, 100000, 110000, 120000, 130000, 140000, 150000, 160000, 170000, 180000, 190000, 200000, 210000, 220000, 230000, 240000, 250000, 260000, 270000, 280000, 290000, 300000, 310000, 320000, 330000, 340000, 350000, 360000, 370000, 380000, 390000, 400000] [10057, 20006, 30054, 30670, 30808, 32015, 40045, 40566, 40760, 50040, 60033, 70004, 80045, 90031, 92133, 100037, 110052, 120053, 123126, 130057, 130512, 140021, 141421, 150032, 151760, 160048, 170009, 172701, 180061, 190019, 200061, 210043, 220035, 230024, 240038, 244808, 250047, 260050, 270045, 280025, 284845, 290102, 291917, 292440, 292963, 300028, 310036, 320037, 321966, 323953, 330031, 340079, 350040, 350488, 350594, 360034, 360812, 370060, 380044, 390054, 392672, 400032, 400261]
DriftDetectionMetrics(fp=21, tp=42, fn=0, precision=0.6666666666666666, recall=1.0, episode_recall=1.0, f1=0.8, mdt=np.float64(41.225), far=0.05243445692883895, ar=0.15730337078651685, n_episodes=40, n_alarms=63)
Duración del procesamiento de stream 0:00:52.164446 10635.611213041251
Duración de test: 0:00:37.656510
Tiempo total transcurrido 7:39:06.867168
Hora del sistema 2026-05-06 02:11:28.059162
Semilla: 2 
 Tasa de error baja: 0.01 
 Aumento de la tasa de error: 0.3 
 Ruido del concepto estable: 0.0 
 Duración del concepto estable: 100000 
 Duración del cambio: 1000 
 Número de cambios: 10 
Retreaso aceptable: 500
Nuevos elementos de entrenamiento en la iteración (2020500, 1)
Número y fracción de estados no visitados 85 0.11659807956104253
[201000, 403000, 605000, 807000, 1009000, 1211000, 1413000, 1615000, 1817000, 2019000] [684, 201356, 201955, 208561, 403377, 404672, 605312, 606055, 606229, 619167, 658293, 660513, 807265, 808058, 1009402, 1010415, 1044122, 1211322, 1212372, 1218434, 1218588, 1413308, 1414077, 1481509, 1496406, 1615286, 1616008, 1680128, 1817248, 1818436, 2019268, 2019552, 2020140]
DriftDetectionMetrics(fp=12, tp=21, fn=0, precision=0.6363636363636364, recall=1.0, episode_recall=1.0, f1=0.7777777777777778, mdt=np.float64(314.4), far=0.005939123979213067, ar=0.016332590942835932, n_episodes=10, n_alarms=33)
Duración del procesamiento de stream 0:07:56.677524 10706.830051957086
Duración de test: 0:03:08.711317
Tiempo total transcurrido 7:47:03.544692
Hora del sistema 2026-05-06 02:19:24.736686
Semilla: 2 
 Tasa de error baja: 0.01 
 Aumento de la tasa de error: 0.3 
 Ruido del concepto estable: 0.0 
 Duración del concepto estable: 100000 
 Duración del cambio: 1000 
 Número de cambios: 20 
Retreaso aceptable: 500
Nuevos elementos de entrenamiento en la iteración (2020000, 1)
Número y fracción de estados no visitados 118 0.16186556927297668
[201000, 403000, 605000, 807000, 1009000, 1211000, 1413000, 1615000, 1817000, 2019000, 2221000, 2423000, 2625000, 2827000, 3029000, 3231000, 3433000, 3635000, 3837000, 4039000] [408, 201368, 403352, 605336, 807256, 811138, 1009410, 1211330, 1413282, 1615266, 1817218, 2019266, 2221314, 2223509, 2423253, 2625333, 2668835, 2827299, 2830106, 3029242, 3231226, 3433306, 3635322, 3637444, 3837348, 3908516, 4039268]
DriftDetectionMetrics(fp=7, tp=20, fn=0, precision=0.7407407407407407, recall=1.0, episode_recall=1.0, f1=0.851063829787234, mdt=np.float64(299.75), far=0.001732458854102215, ar=0.006682341294394258, n_episodes=20, n_alarms=27)
Duración del procesamiento de stream 0:11:10.035436 10786.566579502238
Duración de test: 0:06:14.586294
Tiempo total transcurrido 7:58:13.580128
Hora del sistema 2026-05-06 02:30:34.772122
Semilla: 2 
 Tasa de error baja: 0.01 
 Aumento de la tasa de error: 0.3 
 Ruido del concepto estable: 0.0 
 Duración del concepto estable: 100000 
 Duración del cambio: 1000 
 Número de cambios: 30 
Retreaso aceptable: 500
Nuevos elementos de entrenamiento en la iteración (2020000, 1)
Número y fracción de estados no visitados 121 0.16598079561042525
[201000, 403000, 605000, 807000, 1009000, 1211000, 1413000, 1615000, 1817000, 2019000, 2221000, 2423000, 2625000, 2827000, 3029000, 3231000, 3433000, 3635000, 3837000, 4039000, 4241000, 4443000, 4645000, 4847000, 5049000, 5251000, 5453000, 5655000, 5857000, 6059000] [1, 35740, 40575, 40760, 83193, 97683, 201363, 202106, 208561, 224315, 403355, 404212, 409705, 605321, 606074, 606229, 619167, 658293, 660513, 807265, 808058, 878061, 902196, 1009396, 1010269, 1044122, 1044693, 1211317, 1212372, 1218434, 1218588, 1238813, 1285812, 1413300, 1414065, 1481509, 1496406, 1615286, 1616008, 1680128, 1817248, 1818436, 1858836, 1871056, 2019280, 2019552, 2020140, 2051200, 2054734, 2221294, 2221886, 2259578, 2262342, 2263355, 2423259, 2424215, 2425526, 2625334, 2625879, 2640098, 2659620, 2663431, 2668835, 2676993, 2681309, 2827293, 2828436, 2841253, 3029253, 3030289, 3033556, 3085670, 3096165, 3103566, 3113468, 3118069, 3231221, 3232081, 3249633, 3433313, 3433992, 3447114, 3447929, 3486972, 3490382, 3490772, 3635316, 3635838, 3693314, 3837378, 3838044, 3886980, 3908419, 4039267, 4040062, 4041163, 4086457, 4110938, 4139737, 4241305, 4242096, 4270818, 4304107, 4317424, 4443184, 4443850, 4469576, 4645320, 4646663, 4651914, 4847274, 4848053, 4869975, 4931569, 4947198, 5049246, 5049972, 5058792, 5074492, 5094972, 5251356, 5252171, 5256837, 5265561, 5268567, 5281684, 5322432, 5329070, 5350828, 5453324, 5454123, 5473651, 5543775, 5655327, 5657008, 5702217, 5716790, 5723306, 5739078, 5857222, 5857999, 5861341, 5878622, 5881891, 5900617, 5924530, 5929570, 6059266, 6059508, 6060350, 6060484]
DriftDetectionMetrics(fp=89, tp=62, fn=0, precision=0.4105960264900662, recall=1.0, episode_recall=1.0, f1=0.5821596244131456, mdt=np.float64(296.1), far=0.01468525699199736, ar=0.02491543602013035, n_episodes=30, n_alarms=151)
Duración del procesamiento de stream 0:14:53.550828 10448.417188408119
Duración de test: 0:09:40.040009
Tiempo total transcurrido 8:13:07.130956
Hora del sistema 2026-05-06 02:45:28.322950
Semilla: 2 
 Tasa de error baja: 0.01 
 Aumento de la tasa de error: 0.3 
 Ruido del concepto estable: 0.0 
 Duración del concepto estable: 100000 
 Duración del cambio: 1000 
 Número de cambios: 40 
Retreaso aceptable: 500
Nuevos elementos de entrenamiento en la iteración (2020000, 1)
Número y fracción de estados no visitados 124 0.1700960219478738
[201000, 403000, 605000, 807000, 1009000, 1211000, 1413000, 1615000, 1817000, 2019000, 2221000, 2423000, 2625000, 2827000, 3029000, 3231000, 3433000, 3635000, 3837000, 4039000, 4241000, 4443000, 4645000, 4847000, 5049000, 5251000, 5453000, 5655000, 5857000, 6059000, 6261000, 6463000, 6665000, 6867000, 7069000, 7271000, 7473000, 7675000, 7877000, 8079000] [587, 201742, 208561, 403718, 409200, 605513, 607913, 619167, 658293, 660513, 807470, 809935, 1009684, 1044122, 1044693, 1211464, 1212392, 1218434, 1218588, 1413555, 1481508, 1496406, 1615572, 1817424, 1819933, 1828543, 2019619, 2020187, 2050266, 2051200, 2054734, 2221617, 2221895, 2254004, 2262342, 2263355, 2423749, 2425526, 2625621, 2659620, 2663431, 2668835, 2676993, 2681309, 2827676, 2866193, 2871449, 3029416, 3031552, 3033556, 3113472, 3118069, 3231564, 3433571, 3434526, 3447114, 3447929, 3532125, 3635652, 3693314, 3837579, 3908523, 4039508, 4040063, 4041163, 4091955, 4110938, 4241490, 4243459, 4317424, 4443466, 4469576, 4645668, 4847568, 4848165, 4869975, 4931569, 4947198, 5049527, 5050873, 5058792, 5094972, 5251556, 5253772, 5453593, 5456360, 5655504, 5656056, 5716790, 5723306, 5739078, 5857449, 5858372, 5929593, 6059496, 6060484, 6140495, 6261576, 6338913, 6463421, 6464355, 6500779, 6501198, 6501583, 6517267, 6533871, 6539961, 6665561, 6668253, 6683275, 6867725, 6871053, 6878951, 6919135, 6920743, 7069655, 7072523, 7120644, 7123452, 7271745, 7291337, 7473632, 7473922, 7478454, 7490218, 7675648, 7676126, 7877478, 7879046, 8079647]
DriftDetectionMetrics(fp=79, tp=51, fn=0, precision=0.3923076923076923, recall=1.0, episode_recall=1.0, f1=0.56353591160221, mdt=np.float64(577.975), far=0.009776622733741724, ar=0.016088113359321823, n_episodes=40, n_alarms=130)
Duración del procesamiento de stream 0:19:04.180046 10265.881790149184
Duración de test: 0:13:07.121863
Tiempo total transcurrido 8:32:11.311002
Hora del sistema 2026-05-06 03:04:32.502996
Semilla: 2 
 Tasa de error baja: 0.01 
 Aumento de la tasa de error: 0.3 
 Ruido del concepto estable: 0.0 
 Duración del concepto estable: 100000 
 Duración del cambio: 0 
 Número de cambios: 10 
Retreaso aceptable: 500
Nuevos elementos de entrenamiento en la iteración (2000500, 1)
Número y fracción de estados no visitados 71 0.09739368998628258
[200000, 400000, 600000, 800000, 1000000, 1200000, 1400000, 1600000, 1800000, 2000000] [30670, 32015, 40571, 200059, 208554, 244808, 246429, 249437, 250068, 290179, 291917, 292440, 292963, 400035, 400261, 401707, 401967, 408602, 464108, 489425, 495572, 496166, 600038, 619150, 619574, 620223, 623185, 626380, 628466, 633858, 634812, 657878, 660512, 800064, 806715, 809672, 869997, 881194, 1000074, 1001711, 1005342, 1007481, 1017557, 1021177, 1021704, 1044120, 1044695, 1072894, 1076945, 1078684, 1079892, 1080823, 1081861, 1083797, 1200053, 1400053, 1404433, 1432348, 1433532, 1437256, 1472065, 1472279, 1473087, 1476609, 1476792, 1496381, 1600029, 1612599, 1615269, 1625076, 1631302, 1658506, 1658768, 1661528, 1672028, 1672597, 1677277, 1678667, 1680127, 1800031, 1802161, 2000049]
DriftDetectionMetrics(fp=71, tp=11, fn=0, precision=0.13414634146341464, recall=1.0, episode_recall=1.0, f1=0.23655913978494622, mdt=np.float64(48.5), far=0.03549112721819545, ar=0.040989752561859535, n_episodes=10, n_alarms=82)
Duración del procesamiento de stream 0:07:57.283116 10646.476228978418
Duración de test: 0:03:07.902547
Tiempo total transcurrido 8:40:08.594118
Hora del sistema 2026-05-06 03:12:29.786112
Semilla: 2 
 Tasa de error baja: 0.01 
 Aumento de la tasa de error: 0.3 
 Ruido del concepto estable: 0.0 
 Duración del concepto estable: 100000 
 Duración del cambio: 0 
 Número de cambios: 20 
Retreaso aceptable: 500
Nuevos elementos de entrenamiento en la iteración (2000000, 1)
Número y fracción de estados no visitados 83 0.11385459533607682
[200000, 400000, 600000, 800000, 1000000, 1200000, 1400000, 1600000, 1800000, 2000000, 2200000, 2400000, 2600000, 2800000, 3000000, 3200000, 3400000, 3600000, 3800000, 4000000] [200083, 400051, 600068, 800069, 1000130, 1200034, 1400034, 1600052, 1800052, 2000086, 2200112, 2400179, 2600019, 2800053, 3000072, 3200040, 3400074, 3600062, 3800030, 4000062]
DriftDetectionMetrics(fp=0, tp=20, fn=0, precision=1.0, recall=1.0, episode_recall=1.0, f1=1.0, mdt=np.float64(68.1), far=0.0, ar=0.004999375078115236, n_episodes=20, n_alarms=20)
Duración del procesamiento de stream 0:11:09.764731 10699.624180147148
Duración de test: 0:06:13.891637
Tiempo total transcurrido 8:51:18.358849
Hora del sistema 2026-05-06 03:23:39.550843
Semilla: 2 
 Tasa de error baja: 0.01 
 Aumento de la tasa de error: 0.3 
 Ruido del concepto estable: 0.0 
 Duración del concepto estable: 100000 
 Duración del cambio: 0 
 Número de cambios: 30 
Retreaso aceptable: 500
Nuevos elementos de entrenamiento en la iteración (2000000, 1)
Número y fracción de estados no visitados 89 0.12208504801097393
[200000, 400000, 600000, 800000, 1000000, 1200000, 1400000, 1600000, 1800000, 2000000, 2200000, 2400000, 2600000, 2800000, 3000000, 3200000, 3400000, 3600000, 3800000, 4000000, 4200000, 4400000, 4600000, 4800000, 5000000, 5200000, 5400000, 5600000, 5800000, 6000000] [200083, 400051, 600068, 800069, 1000130, 1200034, 1400034, 1600052, 1800052, 2000086, 2200112, 2400179, 2600019, 2800053, 3000072, 3200040, 3400074, 3600062, 3800030, 4000062, 4200142, 4400046, 4600046, 4800057, 5000054, 5200189, 5400029, 5600064, 5800032, 6000086]
DriftDetectionMetrics(fp=0, tp=30, fn=0, precision=1.0, recall=1.0, episode_recall=1.0, f1=1.0, mdt=np.float64(70.23333333333333), far=0.0, ar=0.004999583368052662, n_episodes=30, n_alarms=30)
Duración del procesamiento de stream 0:14:48.494223 10447.620004392058
Duración de test: 0:09:34.341333
Tiempo total transcurrido 9:06:06.853072
Hora del sistema 2026-05-06 03:38:28.045066
Semilla: 2 
 Tasa de error baja: 0.01 
 Aumento de la tasa de error: 0.3 
 Ruido del concepto estable: 0.0 
 Duración del concepto estable: 100000 
 Duración del cambio: 0 
 Número de cambios: 40 
Retreaso aceptable: 500
Nuevos elementos de entrenamiento en la iteración (2000000, 1)
Número y fracción de estados no visitados 98 0.13443072702331962
[200000, 400000, 600000, 800000, 1000000, 1200000, 1400000, 1600000, 1800000, 2000000, 2200000, 2400000, 2600000, 2800000, 3000000, 3200000, 3400000, 3600000, 3800000, 4000000, 4200000, 4400000, 4600000, 4800000, 5000000, 5200000, 5400000, 5600000, 5800000, 6000000, 6200000, 6400000, 6600000, 6800000, 7000000, 7200000, 7400000, 7600000, 7800000, 8000000] [83130, 200058, 286117, 400037, 443188, 474356, 600052, 645243, 800059, 1000059, 1077054, 1200030, 1214783, 1221581, 1238806, 1285812, 1400052, 1487595, 1600043, 1625072, 1657094, 1800038, 1812598, 1824592, 1887235, 2000067, 2075594, 2094891, 2200043, 2215428, 2247686, 2400070, 2476525, 2600013, 2603174, 2800038, 2841356, 2885532, 3000060, 3200060, 3249598, 3294534, 3400038, 3486972, 3496206, 3600046, 3654850, 3699471, 3800047, 3825692, 4000060, 4054227, 4086387, 4200051, 4276075, 4400043, 4443585, 4472393, 4475187, 4600019, 4617612, 4690383, 4800047, 4821864, 5000040, 5010567, 5061272, 5074371, 5200067, 5212134, 5258752, 5400032, 5410302, 5473649, 5600049, 5634893, 5800045, 5827026, 6000050, 6200050, 6212498, 6228357, 6279213, 6400093, 6451021, 6473975, 6496832, 6600064, 6642919, 6800039, 6840386, 7000034, 7072516, 7079109, 7096169, 7200041, 7291338, 7400042, 7483051, 7498522, 7600058, 7687560, 7800040, 7832052, 8000052]
DriftDetectionMetrics(fp=65, tp=40, fn=0, precision=0.38095238095238093, recall=1.0, episode_recall=1.0, f1=0.5517241379310345, mdt=np.float64(48.15), far=0.008124492219236298, ar=0.013124179738766327, n_episodes=40, n_alarms=105)
Duración del procesamiento de stream 0:18:41.231702 10345.17276342828
Duración de test: 0:12:53.355862
Tiempo total transcurrido 9:24:48.084774
Hora del sistema 2026-05-06 03:57:09.276768
Hora estimada de finalización 2026-05-06 17:07:52.595452
Semilla: 2 
 Tasa de error baja: 0.01 
 Aumento de la tasa de error: 0.3 
 Ruido del concepto estable: 0.1 
 Duración del concepto estable: 5000 
 Duración del cambio: 1000 
 Número de cambios: 10 
Retreaso aceptable: 500
Nuevos elementos de entrenamiento en la iteración (120500, 1)
Número y fracción de estados no visitados 79 0.1083676268861454
[11000, 23000, 35000, 47000, 59000, 71000, 83000, 95000, 107000, 119000] [11372, 11989, 23349, 23859, 35443, 38165, 38339, 47331, 47968, 59665, 71313, 72115, 83411, 84158, 84616, 95400, 97731, 99846, 107334, 108215, 119479, 120032]
DriftDetectionMetrics(fp=5, tp=17, fn=0, precision=0.7727272727272727, recall=1.0, episode_recall=1.0, f1=0.8717948717948718, mdt=np.float64(409.7), far=0.04149377593360996, ar=0.1825726141078838, n_episodes=10, n_alarms=22)
Duración del procesamiento de stream 0:00:33.479850 10574.794954287048
Duración de test: 0:00:11.395020
Tiempo total transcurrido 9:25:21.564624
Hora del sistema 2026-05-06 03:57:42.756618
Semilla: 2 
 Tasa de error baja: 0.01 
 Aumento de la tasa de error: 0.3 
 Ruido del concepto estable: 0.1 
 Duración del concepto estable: 5000 
 Duración del cambio: 1000 
 Número de cambios: 20 
Retreaso aceptable: 500
Nuevos elementos de entrenamiento en la iteración (120000, 1)
Número y fracción de estados no visitados 103 0.1412894375857339
[11000, 23000, 35000, 47000, 59000, 71000, 83000, 95000, 107000, 119000, 131000, 143000, 155000, 167000, 179000, 191000, 203000, 215000, 227000, 239000] [11629, 23492, 23857, 35518, 38166, 38339, 47490, 47968, 59602, 60765, 60928, 71438, 72094, 83443, 84089, 84615, 95531, 99848, 107542, 109447, 119598, 120010, 131564, 132996, 134424, 143549, 144780, 155499, 157675, 167531, 168741, 179388, 180447, 181751, 191479, 191628, 192489, 203485, 203922, 215417, 216149, 227562, 228184, 239533]
DriftDetectionMetrics(fp=13, tp=31, fn=0, precision=0.7045454545454546, recall=1.0, episode_recall=1.0, f1=0.8266666666666667, mdt=np.float64(514.5), far=0.05405405405405405, ar=0.18295218295218296, n_episodes=20, n_alarms=44)
Duración del procesamiento de stream 0:00:39.439319 10909.869507980762
Duración de test: 0:00:22.044260
Tiempo total transcurrido 9:26:01.003943
Hora del sistema 2026-05-06 03:58:22.195937
Semilla: 2 
 Tasa de error baja: 0.01 
 Aumento de la tasa de error: 0.3 
 Ruido del concepto estable: 0.1 
 Duración del concepto estable: 5000 
 Duración del cambio: 1000 
 Número de cambios: 30 
Retreaso aceptable: 500
Nuevos elementos de entrenamiento en la iteración (120000, 1)
Número y fracción de estados no visitados 132 0.18106995884773663
[11000, 23000, 35000, 47000, 59000, 71000, 83000, 95000, 107000, 119000, 131000, 143000, 155000, 167000, 179000, 191000, 203000, 215000, 227000, 239000, 251000, 263000, 275000, 287000, 299000, 311000, 323000, 335000, 347000, 359000] [39, 11661, 15300, 23573, 23860, 35558, 36476, 38165, 38339, 47580, 48483, 59665, 60930, 71503, 72545, 83505, 84419, 84616, 86654, 95572, 99789, 107589, 108649, 108962, 119707, 122735, 131600, 132991, 143578, 144780, 155520, 157623, 167570, 168773, 179468, 182166, 191538, 191628, 192479, 203635, 207975, 208196, 215447, 216117, 227636, 228902, 231768, 239568, 241205, 244163, 251643, 253026, 263486, 264368, 275453, 276326, 287666, 290031, 299671, 301329, 311557, 314801, 314876, 316184, 323564, 324710, 326123, 335507, 336835, 347517, 347846, 359614]
DriftDetectionMetrics(fp=32, tp=40, fn=0, precision=0.5555555555555556, recall=1.0, episode_recall=1.0, f1=0.7142857142857143, mdt=np.float64(571.7), far=0.08876560332871011, ar=0.1997226074895978, n_episodes=30, n_alarms=72)
Duración del procesamiento de stream 0:00:52.039869 10344.466427830488
Duración de test: 0:00:34.849550
Tiempo total transcurrido 9:26:53.043812
Hora del sistema 2026-05-06 03:59:14.235806
Semilla: 2 
 Tasa de error baja: 0.01 
 Aumento de la tasa de error: 0.3 
 Ruido del concepto estable: 0.1 
 Duración del concepto estable: 5000 
 Duración del cambio: 1000 
 Número de cambios: 40 
Retreaso aceptable: 500
Nuevos elementos de entrenamiento en la iteración (120000, 1)
Número y fracción de estados no visitados 134 0.18381344307270234
[11000, 23000, 35000, 47000, 59000, 71000, 83000, 95000, 107000, 119000, 131000, 143000, 155000, 167000, 179000, 191000, 203000, 215000, 227000, 239000, 251000, 263000, 275000, 287000, 299000, 311000, 323000, 335000, 347000, 359000, 371000, 383000, 395000, 407000, 419000, 431000, 443000, 455000, 467000, 479000] [1, 555, 1310, 1524, 2400, 11360, 11764, 13135, 13271, 13513, 14016, 15295, 23263, 23850, 24465, 24664, 28998, 35430, 36026, 36380, 37501, 38126, 38363, 38945, 39543, 39754, 40070, 40315, 47323, 47486, 47817, 48480, 49995, 50278, 50714, 51328, 51708, 52333, 52504, 52847, 59375, 59989, 60398, 60927, 61217, 61703, 62554, 62660, 63350, 64057, 64257, 64710, 71334, 72091, 73429, 75303, 76234, 83402, 83914, 84010, 84614, 85282, 86654, 88369, 95409, 95777, 96985, 98070, 98446, 99733, 101133, 107309, 107767, 107984, 108371, 110164, 110934, 111941, 119493, 119972, 120484, 121320, 122131, 122727, 123276, 124613, 124815, 131375, 131713, 131948, 132988, 134424, 134589, 136403, 143443, 144128, 145345, 146658, 146722, 155426, 156229, 157600, 157989, 158347, 159841, 167329, 167514, 168069, 168166, 169432, 170847, 171328, 171788, 172540, 179292, 179674, 179914, 181751, 182079, 182759, 182997, 183525, 183701, 184348, 184957, 191421, 191624, 192146, 192404, 193142, 193363, 193514, 194340, 203300, 203856, 204242, 204958, 207313, 208055, 208190, 208912, 215344, 215995, 227451, 227901, 229155, 230259, 231189, 231759, 232726, 232749, 239309, 240238, 241222, 242284, 242302, 243101, 243557, 243997, 244163, 251395, 251944, 253029, 253752, 253791, 254183, 254841, 255698, 256474, 263386, 264086, 264812, 266343, 267890, 268134, 268499, 275347, 275954, 276365, 276790, 277736, 277958, 278166, 279448, 279831, 281051, 281281, 287457, 287939, 288872, 289614, 289879, 291102, 299454, 300093, 300787, 301006, 301589, 302782, 303631, 304650, 311370, 311982, 312488, 313395, 314877, 315593, 316183, 323447, 324688, 325286, 325557, 326110, 326542, 326978, 327197, 328233, 328486, 335366, 336072, 336848, 338632, 339351, 339834, 347386, 348133, 348639, 349395, 349783, 351290, 351816, 352596, 359380, 359765, 360396, 360864, 361241, 362073, 362652, 362984, 363100, 363185, 363412, 364137, 371497, 372141, 372897, 374097, 374686, 375168, 376051, 376231, 383335, 384065, 386238, 386414, 386707, 386931, 387058, 388599, 395447, 395956, 396553, 398227, 398483, 399190, 399415, 400434, 407410, 407801, 408269, 408544, 408742, 408977, 410768, 411666, 419314, 420228, 420650, 421206, 421369, 422571, 423705, 424396, 431340, 431943, 432461, 433474, 434273, 434860, 435120, 435757, 435861, 436977, 443409, 444033, 445067, 445628, 446696, 447009, 447623, 448509, 455357, 455795, 456450, 457912, 458312, 458840, 459606, 459898, 460241, 460389, 460829, 467389, 468001, 468196, 468348, 468871, 479431, 479830, 480060]
DriftDetectionMetrics(fp=217, tp=104, fn=0, precision=0.32398753894080995, recall=1.0, episode_recall=1.0, f1=0.4894117647058823, mdt=np.float64(382.625), far=0.45161290322580644, ar=0.668054110301769, n_episodes=40, n_alarms=321)
Duración del procesamiento de stream 0:01:03.467677 10329.249170424786
Duración de test: 0:00:46.518386
Tiempo total transcurrido 9:27:56.511489
Hora del sistema 2026-05-06 04:00:17.703483
Semilla: 2 
 Tasa de error baja: 0.01 
 Aumento de la tasa de error: 0.3 
 Ruido del concepto estable: 0.1 
 Duración del concepto estable: 5000 
 Duración del cambio: 0 
 Número de cambios: 10 
Retreaso aceptable: 500
Nuevos elementos de entrenamiento en la iteración (100500, 1)
Número y fracción de estados no visitados 78 0.10699588477366255
[10000, 20000, 30000, 40000, 50000, 60000, 70000, 80000, 90000, 100000] [10060, 20044, 20111, 30063, 40047, 50063, 60047, 60410, 70042, 70637, 80045, 90039, 91865, 100057]
DriftDetectionMetrics(fp=2, tp=12, fn=0, precision=0.8571428571428571, recall=1.0, episode_recall=1.0, f1=0.923076923076923, mdt=np.float64(50.7), far=0.01990049751243781, ar=0.13930348258706468, n_episodes=10, n_alarms=14)
Duración del procesamiento de stream 0:00:24.099943 10578.508638694353
Duración de test: 0:00:09.500394
Tiempo total transcurrido 9:28:20.611432
Hora del sistema 2026-05-06 04:00:41.803426
Semilla: 2 
 Tasa de error baja: 0.01 
 Aumento de la tasa de error: 0.3 
 Ruido del concepto estable: 0.1 
 Duración del concepto estable: 5000 
 Duración del cambio: 0 
 Número de cambios: 20 
Retreaso aceptable: 500
Nuevos elementos de entrenamiento en la iteración (100000, 1)
Número y fracción de estados no visitados 107 0.1467764060356653
[10000, 20000, 30000, 40000, 50000, 60000, 70000, 80000, 90000, 100000, 110000, 120000, 130000, 140000, 150000, 160000, 170000, 180000, 190000, 200000] [859, 10019, 20028, 20107, 30066, 40050, 50066, 60050, 60398, 70041, 70637, 71853, 80045, 90037, 91863, 100055, 107306, 110048, 112150, 112243, 120020, 130049, 140097, 142513, 150007, 160023, 162468, 162893, 170048, 170196, 180043, 190022, 200070]
DriftDetectionMetrics(fp=10, tp=23, fn=0, precision=0.696969696969697, recall=1.0, episode_recall=1.0, f1=0.8214285714285715, mdt=np.float64(44.2), far=0.04987531172069826, ar=0.16458852867830426, n_episodes=20, n_alarms=33)
Duración del procesamiento de stream 0:00:34.890621 9830.893915093438
Duración de test: 0:00:20.394890
Tiempo total transcurrido 9:28:55.502053
Hora del sistema 2026-05-06 04:01:16.694047
Semilla: 2 
 Tasa de error baja: 0.01 
 Aumento de la tasa de error: 0.3 
 Ruido del concepto estable: 0.1 
 Duración del concepto estable: 5000 
 Duración del cambio: 0 
 Número de cambios: 30 
Retreaso aceptable: 500
Nuevos elementos de entrenamiento en la iteración (100000, 1)
Número y fracción de estados no visitados 125 0.17146776406035666
[10000, 20000, 30000, 40000, 50000, 60000, 70000, 80000, 90000, 100000, 110000, 120000, 130000, 140000, 150000, 160000, 170000, 180000, 190000, 200000, 210000, 220000, 230000, 240000, 250000, 260000, 270000, 280000, 290000, 300000] [10023, 10107, 12045, 13135, 14018, 20031, 20107, 20702, 24492, 24664, 30072, 40056, 50072, 52506, 60058, 60410, 60929, 61220, 61828, 63365, 64057, 70041, 70637, 71858, 73430, 80054, 83402, 84619, 90039, 91865, 92297, 100067, 100330, 101656, 102528, 103898, 110042, 112150, 120020, 122731, 130052, 131683, 132990, 134436, 140125, 142513, 150008, 154424, 160061, 161162, 162469, 170081, 172540, 173429, 180049, 181776, 182106, 182999, 190023, 192456, 193149, 193514, 194344, 200072, 210026, 210196, 210988, 211782, 212475, 220055, 221746, 221916, 222001, 222292, 222664, 223812, 224428, 230028, 231761, 240073, 244163, 250051, 254848, 260033, 261607, 270044, 272917, 273834, 280070, 281282, 290021, 294704, 300048]
DriftDetectionMetrics(fp=58, tp=35, fn=0, precision=0.3763440860215054, recall=1.0, episode_recall=1.0, f1=0.546875, mdt=np.float64(49.833333333333336), far=0.1930116472545757, ar=0.30948419301164726, n_episodes=30, n_alarms=93)
Duración del procesamiento de stream 0:00:42.584324 10555.303449870089
Duración de test: 0:00:28.469101
Tiempo total transcurrido 9:29:38.086377
Hora del sistema 2026-05-06 04:01:59.278371
Semilla: 2 
 Tasa de error baja: 0.01 
 Aumento de la tasa de error: 0.3 
 Ruido del concepto estable: 0.1 
 Duración del concepto estable: 5000 
 Duración del cambio: 0 
 Número de cambios: 40 
Retreaso aceptable: 500
Nuevos elementos de entrenamiento en la iteración (100000, 1)
Número y fracción de estados no visitados 145 0.19890260631001372
[10000, 20000, 30000, 40000, 50000, 60000, 70000, 80000, 90000, 100000, 110000, 120000, 130000, 140000, 150000, 160000, 170000, 180000, 190000, 200000, 210000, 220000, 230000, 240000, 250000, 260000, 270000, 280000, 290000, 300000, 310000, 320000, 330000, 340000, 350000, 360000, 370000, 380000, 390000, 400000] [10023, 10107, 20029, 20107, 30072, 40056, 50088, 60072, 60410, 70041, 70637, 71858, 80067, 90039, 91865, 100059, 110048, 112150, 120020, 130052, 140109, 142513, 150008, 160059, 162468, 170081, 180049, 190023, 200071, 210026, 210196, 220055, 230039, 231766, 240073, 250057, 260033, 270044, 272917, 273834, 280070, 290021, 300050, 310043, 320016, 330059, 340027, 350042, 351447, 352596, 360036, 370084, 370280, 380077, 381511, 381712, 381949, 384204, 390029, 392090, 400036]
DriftDetectionMetrics(fp=16, tp=45, fn=0, precision=0.7377049180327869, recall=1.0, episode_recall=1.0, f1=0.8490566037735848, mdt=np.float64(49.575), far=0.039950062421972535, ar=0.1523096129837703, n_episodes=40, n_alarms=61)
Duración del procesamiento de stream 0:00:52.252360 10607.405462789977
Duración de test: 0:00:37.756641
Tiempo total transcurrido 9:30:30.338737
Hora del sistema 2026-05-06 04:02:51.530731
Semilla: 2 
 Tasa de error baja: 0.01 
 Aumento de la tasa de error: 0.3 
 Ruido del concepto estable: 0.1 
 Duración del concepto estable: 100000 
 Duración del cambio: 1000 
 Número de cambios: 10 
Retreaso aceptable: 500
Nuevos elementos de entrenamiento en la iteración (2020500, 1)
Número y fracción de estados no visitados 89 0.12208504801097393
[201000, 403000, 605000, 807000, 1009000, 1211000, 1413000, 1615000, 1817000, 2019000] [1900, 201484, 403372, 605388, 807404, 1009228, 1211180, 1213787, 1413403, 1483882, 1615306, 1617891, 1817379, 2019299]
DriftDetectionMetrics(fp=4, tp=10, fn=0, precision=0.7142857142857143, recall=1.0, episode_recall=1.0, f1=0.8333333333333333, mdt=np.float64(344.3), far=0.001979707993071022, ar=0.006928977975748577, n_episodes=10, n_alarms=14)
Duración del procesamiento de stream 0:08:04.322941 10462.006450768065
Duración de test: 0:03:13.127390
Tiempo total transcurrido 9:38:34.661678
Hora del sistema 2026-05-06 04:10:55.853672
Semilla: 2 
 Tasa de error baja: 0.01 
 Aumento de la tasa de error: 0.3 
 Ruido del concepto estable: 0.1 
 Duración del concepto estable: 100000 
 Duración del cambio: 1000 
 Número de cambios: 20 
Retreaso aceptable: 500
Nuevos elementos de entrenamiento en la iteración (2020000, 1)
Número y fracción de estados no visitados 106 0.14540466392318244
[201000, 403000, 605000, 807000, 1009000, 1211000, 1413000, 1615000, 1817000, 2019000, 2221000, 2423000, 2625000, 2827000, 3029000, 3231000, 3433000, 3635000, 3837000, 4039000] [1, 20115, 99897, 201465, 202518, 403382, 416613, 451610, 605370, 606106, 607031, 807415, 808392, 812393, 815317, 818038, 821781, 831897, 1009209, 1009932, 1211180, 1211968, 1286985, 1413385, 1414002, 1482834, 1486472, 1615304, 1616252, 1619411, 1648050, 1817426, 1823404, 1835494, 2019302, 2020072, 2032547, 2221443, 2223450, 2423386, 2424082, 2500632, 2508831, 2625311, 2626296, 2637303, 2827383, 2828097, 2869781, 3029397, 3030567, 3119471, 3231343, 3233372, 3240781, 3433389, 3433899, 3529823, 3635391, 3642081, 3837281, 3838413, 4039309, 4039934]
DriftDetectionMetrics(fp=31, tp=33, fn=0, precision=0.515625, recall=1.0, episode_recall=1.0, f1=0.6804123711340206, mdt=np.float64(353.55), far=0.007672317782452666, ar=0.015839623808934538, n_episodes=20, n_alarms=64)
Duración del procesamiento de stream 0:11:16.275301 10588.970239272621
Duración de test: 0:06:21.576292
Tiempo total transcurrido 9:49:50.936979
Hora del sistema 2026-05-06 04:22:12.128973
Semilla: 2 
 Tasa de error baja: 0.01 
 Aumento de la tasa de error: 0.3 
 Ruido del concepto estable: 0.1 
 Duración del concepto estable: 100000 
 Duración del cambio: 1000 
 Número de cambios: 30 
Retreaso aceptable: 500
Nuevos elementos de entrenamiento en la iteración (2020000, 1)
Número y fracción de estados no visitados 117 0.16049382716049382
[201000, 403000, 605000, 807000, 1009000, 1211000, 1413000, 1615000, 1817000, 2019000, 2221000, 2423000, 2625000, 2827000, 3029000, 3231000, 3433000, 3635000, 3837000, 4039000, 4241000, 4443000, 4645000, 4847000, 5049000, 5251000, 5453000, 5655000, 5857000, 6059000] [201828, 403585, 605654, 807780, 821781, 1009684, 1211609, 1213744, 1413788, 1482812, 1615662, 1617868, 1817588, 2019684, 2221732, 2423654, 2509234, 2625697, 2637601, 2827822, 3029732, 3231720, 3433700, 3635576, 3837775, 4039588, 4241891, 4443542, 4645535, 4847731, 5049655, 5251766, 5453711, 5655753, 5857632, 6059583]
DriftDetectionMetrics(fp=6, tp=30, fn=0, precision=0.8333333333333334, recall=1.0, episode_recall=1.0, f1=0.9090909090909091, mdt=np.float64(688.5666666666667), far=0.0009900173253031927, ar=0.005940103951819157, n_episodes=30, n_alarms=36)
Duración del procesamiento de stream 0:14:58.565340 10378.65894543533
Duración de test: 0:09:43.938641
Tiempo total transcurrido 10:04:49.502319
Hora del sistema 2026-05-06 04:37:10.694313
Semilla: 2 
 Tasa de error baja: 0.01 
 Aumento de la tasa de error: 0.3 
 Ruido del concepto estable: 0.1 
 Duración del concepto estable: 100000 
 Duración del cambio: 1000 
 Número de cambios: 40 
Retreaso aceptable: 500
Nuevos elementos de entrenamiento en la iteración (2020000, 1)
Número y fracción de estados no visitados 124 0.1700960219478738
[201000, 403000, 605000, 807000, 1009000, 1211000, 1413000, 1615000, 1817000, 2019000, 2221000, 2423000, 2625000, 2827000, 3029000, 3231000, 3433000, 3635000, 3837000, 4039000, 4241000, 4443000, 4645000, 4847000, 5049000, 5251000, 5453000, 5655000, 5857000, 6059000, 6261000, 6463000, 6665000, 6867000, 7069000, 7271000, 7473000, 7675000, 7877000, 8079000] [99897, 201526, 202707, 403466, 451610, 605505, 605837, 607031, 807667, 812377, 815317, 818038, 821781, 831897, 1009627, 1211467, 1212191, 1286985, 1413751, 1482839, 1486472, 1615502, 1616362, 1619411, 1648050, 1817588, 1835494, 2019684, 2032547, 2221732, 2423583, 2500632, 2508831, 2625647, 2827678, 2831647, 2869781, 3029732, 3119471, 3231446, 3433498, 3529823, 3635545, 3837476, 3839101, 3839270, 4039453, 4039934, 4068466, 4241444, 4242077, 4245455, 4443542, 4645535, 4646101, 4650758, 4688096, 4847604, 4899679, 5049479, 5049838, 5057803, 5251573, 5315848, 5453673, 5655591, 5656450, 5857560, 5859393, 5866710, 6059529, 6076551, 6093801, 6111464, 6126992, 6261642, 6463596, 6506755, 6665561, 6694103, 6867715, 7069496, 7071164, 7271570, 7290519, 7365653, 7366784, 7473657, 7675553, 7675992, 7676568, 7739365, 7751918, 7762898, 7877644, 7915591, 8079677]
DriftDetectionMetrics(fp=48, tp=49, fn=0, precision=0.5051546391752577, recall=1.0, episode_recall=1.0, f1=0.6712328767123288, mdt=np.float64(580.35), far=0.005940226471134212, ar=0.012004207660417054, n_episodes=40, n_alarms=97)
Duración del procesamiento de stream 0:18:55.079963 10253.945661313535
Duración de test: 0:13:08.038114
Tiempo total transcurrido 10:23:44.582282
Hora del sistema 2026-05-06 04:56:05.774276
Semilla: 2 
 Tasa de error baja: 0.01 
 Aumento de la tasa de error: 0.3 
 Ruido del concepto estable: 0.1 
 Duración del concepto estable: 100000 
 Duración del cambio: 0 
 Número de cambios: 10 
Retreaso aceptable: 500
Nuevos elementos de entrenamiento en la iteración (2000500, 1)
Número y fracción de estados no visitados 69 0.09465020576131687
[200000, 400000, 600000, 800000, 1000000, 1200000, 1400000, 1600000, 1800000, 2000000] [200282, 400058, 600240, 800209, 1000057, 1200068, 1400383, 1600259, 1800050, 2000054]
DriftDetectionMetrics(fp=0, tp=10, fn=0, precision=1.0, recall=1.0, episode_recall=1.0, f1=1.0, mdt=np.float64(166.0), far=0.0, ar=0.0049987503124218945, n_episodes=10, n_alarms=10)
Duración del procesamiento de stream 0:08:00.090292 10705.89450550161
Duración de test: 0:03:06.859678
Tiempo total transcurrido 10:31:44.672574
Hora del sistema 2026-05-06 05:04:05.864568
Semilla: 2 
 Tasa de error baja: 0.01 
 Aumento de la tasa de error: 0.3 
 Ruido del concepto estable: 0.1 
 Duración del concepto estable: 100000 
 Duración del cambio: 0 
 Número de cambios: 20 
Retreaso aceptable: 500
Nuevos elementos de entrenamiento en la iteración (2000000, 1)
Número y fracción de estados no visitados 83 0.11385459533607682
[200000, 400000, 600000, 800000, 1000000, 1200000, 1400000, 1600000, 1800000, 2000000, 2200000, 2400000, 2600000, 2800000, 3000000, 3200000, 3400000, 3600000, 3800000, 4000000] [1378, 200066, 400034, 600034, 800034, 1000066, 1200066, 1400066, 1483169, 1600065, 1800065, 2000065, 2200065, 2400065, 2600065, 2800065, 3000065, 3200065, 3400065, 3600033, 3800065, 4000065]
DriftDetectionMetrics(fp=2, tp=20, fn=0, precision=0.9090909090909091, recall=1.0, episode_recall=1.0, f1=0.9523809523809523, mdt=np.float64(58.95), far=0.0004999375078115236, ar=0.0054993125859267595, n_episodes=20, n_alarms=22)
Duración del procesamiento de stream 0:11:11.033282 10722.303405823288
Duración de test: 0:06:13.100802
Tiempo total transcurrido 10:42:55.705856
Hora del sistema 2026-05-06 05:15:16.897850
Semilla: 2 
 Tasa de error baja: 0.01 
 Aumento de la tasa de error: 0.3 
 Ruido del concepto estable: 0.1 
 Duración del concepto estable: 100000 
 Duración del cambio: 0 
 Número de cambios: 30 
Retreaso aceptable: 500
Nuevos elementos de entrenamiento en la iteración (2000000, 1)
Número y fracción de estados no visitados 85 0.11659807956104253
[200000, 400000, 600000, 800000, 1000000, 1200000, 1400000, 1600000, 1800000, 2000000, 2200000, 2400000, 2600000, 2800000, 3000000, 3200000, 3400000, 3600000, 3800000, 4000000, 4200000, 4400000, 4600000, 4800000, 5000000, 5200000, 5400000, 5600000, 5800000, 6000000] [200077, 400045, 600045, 800045, 1000045, 1200077, 1400045, 1600077, 1800045, 2000077, 2200077, 2400045, 2600077, 2800045, 3000045, 3200045, 3400045, 3600045, 3800045, 4000045, 4200045, 4400045, 4600045, 4800045, 5000045, 5200077, 5400077, 5600045, 5800045, 5855280, 6000048]
DriftDetectionMetrics(fp=1, tp=30, fn=0, precision=0.967741935483871, recall=1.0, episode_recall=1.0, f1=0.9836065573770492, mdt=np.float64(53.63333333333333), far=0.00016665277893508873, ar=0.00516623614698775, n_episodes=30, n_alarms=31)
Duración del procesamiento de stream 0:14:41.533632 10590.173150928236
Duración de test: 0:09:26.610188
Tiempo total transcurrido 10:57:37.239488
Hora del sistema 2026-05-06 05:29:58.431482
Semilla: 2 
 Tasa de error baja: 0.01 
 Aumento de la tasa de error: 0.3 
 Ruido del concepto estable: 0.1 
 Duración del concepto estable: 100000 
 Duración del cambio: 0 
 Número de cambios: 40 
Retreaso aceptable: 500
Nuevos elementos de entrenamiento en la iteración (2000000, 1)
Número y fracción de estados no visitados 92 0.1262002743484225
[200000, 400000, 600000, 800000, 1000000, 1200000, 1400000, 1600000, 1800000, 2000000, 2200000, 2400000, 2600000, 2800000, 3000000, 3200000, 3400000, 3600000, 3800000, 4000000, 4200000, 4400000, 4600000, 4800000, 5000000, 5200000, 5400000, 5600000, 5800000, 6000000, 6200000, 6400000, 6600000, 6800000, 7000000, 7200000, 7400000, 7600000, 7800000, 8000000] [1, 20111, 28998, 38170, 38338, 59074, 60403, 78287, 79971, 91866, 99898, 200083, 245024, 272917, 273834, 286865, 400049, 436284, 439668, 444036, 445073, 445628, 448530, 451608, 452138, 453524, 454298, 465935, 466474, 466833, 480424, 491614, 499528, 499667, 600023, 604082, 605842, 607029, 609706, 610279, 618523, 621000, 622675, 630118, 630198, 634500, 634693, 638109, 697596, 800019, 801266, 812360, 815313, 817736, 821780, 828414, 831600, 831895, 832105, 837965, 840883, 842500, 873934, 883533, 887075, 887383, 889485, 1000045, 1003626, 1004976, 1005113, 1025234, 1031603, 1044234, 1045429, 1200053, 1200975, 1203739, 1232875, 1250276, 1286972, 1400060, 1400878, 1407026, 1422223, 1435082, 1437027, 1438697, 1465817, 1467029, 1482378, 1486470, 1497174, 1600086, 1600302, 1611748, 1616511, 1619385, 1639087, 1647647, 1653247, 1660992, 1665024, 1676415, 1800063, 1801822, 1813115, 1814845, 1814918, 1818997, 1824222, 1835484, 1835696, 1852582, 1852752, 1858435, 1859012, 1862020, 1899476, 2000052, 2001653, 2003122, 2003464, 2032550, 2076701, 2077285, 2078153, 2078608, 2082729, 2088426, 2089042, 2089939, 2090991, 2200079, 2207832, 2209318, 2213561, 2215347, 2226234, 2227300, 2230823, 2237896, 2245308, 2246712, 2250905, 2280547, 2291356, 2400051, 2402820, 2417445, 2424508, 2425981, 2427971, 2447246, 2447611, 2458485, 2461126, 2465447, 2484946, 2485405, 2487230, 2600062, 2636996, 2684580, 2693270, 2699805, 2800044, 2815328, 2817115, 2823824, 2824831, 2830684, 2869751, 2880895, 3000052, 3003980, 3022356, 3055048, 3055649, 3200065, 3219385, 3224152, 3229253, 3232899, 3235976, 3239487, 3240741, 3241506, 3245433, 3248091, 3249825, 3251333, 3251506, 3258344, 3268860, 3400060, 3400427, 3415392, 3415914, 3416107, 3460553, 3473712, 3475059, 3491780, 3494708, 3600052, 3600477, 3601850, 3610910, 3616031, 3620041, 3664536, 3672895, 3685112, 3692206, 3800046, 3841711, 3846238, 4000062, 4026692, 4028710, 4040095, 4043617, 4058902, 4068462, 4071984, 4072768, 4084651, 4200043, 4214712, 4215647, 4224143, 4227421, 4229585, 4229958, 4248806, 4250054, 4253210, 4255976, 4277189, 4285972, 4295944, 4296892, 4400060, 4408605, 4409071, 4414329, 4418044, 4418509, 4420481, 4422519, 4424016, 4425307, 4443666, 4445834, 4447762, 4449326, 4453436, 4455688, 4461392, 4476317, 4480867, 4600035, 4600659, 4603598, 4606735, 4607277, 4608003, 4625943, 4645537, 4650757, 4653171, 4688063, 4800031, 4800848, 4804816, 4812134, 4814038, 4872005, 4899649, 5000011, 5001050, 5008247, 5009001, 5010350, 5030076, 5032498, 5036528, 5050326, 5051666, 5055049, 5057794, 5062475, 5062616, 5086088, 5090173, 5200061, 5204612, 5208671, 5208938, 5212865, 5214455, 5229063, 5253490, 5257024, 5258821, 5270415, 5273130, 5274643, 5275221, 5400085, 5407947, 5412864, 5413795, 5422271, 5600025, 5601715, 5621006, 5621868, 5622492, 5627600, 5655332, 5659414, 5663829, 5688545, 5690568, 5699011, 5800035, 5813987, 5815727, 5815879, 5825716, 5831190, 5832600, 5844914, 5845473, 5855190, 5859387, 5860885, 5866704, 5870956, 5887849, 5890821, 5891175, 6000039, 6000216, 6046635, 6050035, 6052380, 6076550, 6089157, 6093801, 6200041, 6209246, 6216409, 6234106, 6237127, 6238280, 6238808, 6247161, 6249003, 6256398, 6256834, 6292528, 6293735, 6400071, 6407372, 6410462, 6418516, 6432620, 6435592, 6435701, 6441404, 6444936, 6467440, 6485324, 6495841, 6600033, 6622924, 6624980, 6628059, 6654690, 6655010, 6656706, 6668529, 6694103, 6696730, 6800058, 6812417, 6812939, 7000043, 7022156, 7028556, 7029253, 7032084, 7032553, 7041784, 7200056, 7200245, 7203280, 7209759, 7223673, 7227051, 7230838, 7236834, 7236992, 7240772, 7243616, 7244114, 7244748, 7254129, 7269886, 7282951, 7284150, 7284455, 7290513, 7400081, 7401249, 7600065, 7617161, 7621097, 7623304, 7634271, 7635992, 7643865, 7651760, 7676567, 7684431, 7685099, 7800107, 7802088, 7804472, 7813010, 7817903, 7857613, 7857826, 7857890, 7886716, 7888603, 7893223, 8000039]
DriftDetectionMetrics(fp=396, tp=45, fn=0, precision=0.10204081632653061, recall=1.0, episode_recall=1.0, f1=0.1851851851851852, mdt=np.float64(53.125), far=0.04949690644334729, ar=0.05512155490281857, n_episodes=40, n_alarms=441)
Duración del procesamiento de stream 0:18:38.211118 10474.47873911371
Duración de test: 0:12:43.808892
Tiempo total transcurrido 11:16:15.450606
Hora del sistema 2026-05-06 05:48:36.642600
Hora estimada de finalización 2026-05-06 17:04:52.093206
Semilla: 2 
 Tasa de error baja: 0.01 
 Aumento de la tasa de error: 0.05 
 Ruido del concepto estable: 0.0 
 Duración del concepto estable: 5000 
 Duración del cambio: 1000 
 Número de cambios: 10 
Retreaso aceptable: 500
Nuevos elementos de entrenamiento en la iteración (120500, 1)
Número y fracción de estados no visitados 89 0.12208504801097393
[11000, 23000, 35000, 47000, 59000, 71000, 83000, 95000, 107000, 119000] [13081, 25846, 37066, 49801, 61804, 73799, 86256, 98138, 109956]
DriftDetectionMetrics(fp=9, tp=0, fn=10, precision=0.0, recall=0.0, episode_recall=0.0, f1=0.0, mdt=nan, far=0.07468879668049792, ar=0.07468879668049792, n_episodes=10, n_alarms=9)
Duración del procesamiento de stream 0:00:32.858489 10524.426495178197
Duración de test: 0:00:11.449555
Tiempo total transcurrido 11:16:48.309095
Hora del sistema 2026-05-06 05:49:09.501089
Semilla: 2 
 Tasa de error baja: 0.01 
 Aumento de la tasa de error: 0.05 
 Ruido del concepto estable: 0.0 
 Duración del concepto estable: 5000 
 Duración del cambio: 1000 
 Número de cambios: 20 
Retreaso aceptable: 500
Nuevos elementos de entrenamiento en la iteración (120000, 1)
Número y fracción de estados no visitados 120 0.1646090534979424
[11000, 23000, 35000, 47000, 59000, 71000, 83000, 95000, 107000, 119000, 131000, 143000, 155000, 167000, 179000, 191000, 203000, 215000, 227000, 239000] [13081, 25846, 37066, 49801, 61804, 73799, 86256, 98138, 109956, 122941, 133565, 145613, 157946, 169745, 181553, 195655, 205131, 218109, 230093]
DriftDetectionMetrics(fp=19, tp=0, fn=20, precision=0.0, recall=0.0, episode_recall=0.0, f1=0.0, mdt=nan, far=0.079002079002079, ar=0.079002079002079, n_episodes=20, n_alarms=19)
Duración del procesamiento de stream 0:00:38.869421 10876.933668930833
Duración de test: 0:00:22.111011
Tiempo total transcurrido 11:17:27.178516
Hora del sistema 2026-05-06 05:49:48.370510
Semilla: 2 
 Tasa de error baja: 0.01 
 Aumento de la tasa de error: 0.05 
 Ruido del concepto estable: 0.0 
 Duración del concepto estable: 5000 
 Duración del cambio: 1000 
 Número de cambios: 30 
Retreaso aceptable: 500
Nuevos elementos de entrenamiento en la iteración (120000, 1)
Número y fracción de estados no visitados 146 0.20027434842249658
[11000, 23000, 35000, 47000, 59000, 71000, 83000, 95000, 107000, 119000, 131000, 143000, 155000, 167000, 179000, 191000, 203000, 215000, 227000, 239000, 251000, 263000, 275000, 287000, 299000, 311000, 323000, 335000, 347000, 359000] [13081, 50057, 62171, 74579, 87178, 99629, 134351, 145624, 158386, 170044, 196444, 206116, 218710, 266825, 278390, 290840, 302952, 327334, 338864]
DriftDetectionMetrics(fp=19, tp=0, fn=30, precision=0.0, recall=0.0, episode_recall=0.0, f1=0.0, mdt=nan, far=0.05270457697642164, ar=0.05270457697642164, n_episodes=30, n_alarms=19)
Duración del procesamiento de stream 0:00:50.310768 10615.74782731273
Duración de test: 0:00:33.958983
Tiempo total transcurrido 11:18:17.489284
Hora del sistema 2026-05-06 05:50:38.681278
Semilla: 2 
 Tasa de error baja: 0.01 
 Aumento de la tasa de error: 0.05 
 Ruido del concepto estable: 0.0 
 Duración del concepto estable: 5000 
 Duración del cambio: 1000 
 Número de cambios: 40 
Retreaso aceptable: 500
Nuevos elementos de entrenamiento en la iteración (120000, 1)
Número y fracción de estados no visitados 164 0.22496570644718794
[11000, 23000, 35000, 47000, 59000, 71000, 83000, 95000, 107000, 119000, 131000, 143000, 155000, 167000, 179000, 191000, 203000, 215000, 227000, 239000, 251000, 263000, 275000, 287000, 299000, 311000, 323000, 335000, 347000, 359000, 371000, 383000, 395000, 407000, 419000, 431000, 443000, 455000, 467000, 479000] [1213, 11645, 35773, 50162, 61714, 73799, 86256, 98138, 109956, 122941, 133565, 145613, 157946, 167706, 179834, 195375, 205134, 218109, 230093, 240959, 251775, 266138, 277669, 290268, 302856, 313341, 325903, 337411, 348131, 361601, 374249, 385512, 400055, 408901, 433192, 447290, 457818, 470659]
DriftDetectionMetrics(fp=32, tp=6, fn=34, precision=0.15789473684210525, recall=0.15, episode_recall=0.15, f1=0.15384615384615385, mdt=np.float64(810.6666666666666), far=0.06659729448491156, ar=0.07908428720083246, n_episodes=40, n_alarms=38)
Duración del procesamiento de stream 0:01:01.457468 10816.301429093415
Duración de test: 0:00:44.423688
Tiempo total transcurrido 11:19:18.946752
Hora del sistema 2026-05-06 05:51:40.138746
Semilla: 2 
 Tasa de error baja: 0.01 
 Aumento de la tasa de error: 0.05 
 Ruido del concepto estable: 0.0 
 Duración del concepto estable: 5000 
 Duración del cambio: 0 
 Número de cambios: 10 
Retreaso aceptable: 500
Nuevos elementos de entrenamiento en la iteración (100500, 1)
Número y fracción de estados no visitados 60 0.0823045267489712
[10000, 20000, 30000, 40000, 50000, 60000, 70000, 80000, 90000, 100000] [10732, 11395, 21243, 31230, 40318, 50334, 60222, 70743, 80907, 90795]
DriftDetectionMetrics(fp=7, tp=3, fn=7, precision=0.3, recall=0.3, episode_recall=0.3, f1=0.3, mdt=np.float64(291.3333333333333), far=0.06965174129353234, ar=0.09950248756218905, n_episodes=10, n_alarms=10)
Duración del procesamiento de stream 0:00:24.136184 10864.005140349975
Duración de test: 0:00:09.250732
Tiempo total transcurrido 11:19:43.082936
Hora del sistema 2026-05-06 05:52:04.274930
Semilla: 2 
 Tasa de error baja: 0.01 
 Aumento de la tasa de error: 0.05 
 Ruido del concepto estable: 0.0 
 Duración del concepto estable: 5000 
 Duración del cambio: 0 
 Número de cambios: 20 
Retreaso aceptable: 500
Nuevos elementos de entrenamiento en la iteración (100000, 1)
Número y fracción de estados no visitados 94 0.1289437585733882
[10000, 20000, 30000, 40000, 50000, 60000, 70000, 80000, 90000, 100000, 110000, 120000, 130000, 140000, 150000, 160000, 170000, 180000, 190000, 200000] [10711, 11395, 23733, 32606, 41490, 50322, 60242, 72201, 81505, 91499, 102007, 111698, 122239, 131637, 133935, 142417, 150833, 160209, 172128, 180384, 191939]
DriftDetectionMetrics(fp=17, tp=4, fn=16, precision=0.19047619047619047, recall=0.2, episode_recall=0.2, f1=0.1951219512195122, mdt=np.float64(289.25), far=0.08478802992518703, ar=0.10473815461346633, n_episodes=20, n_alarms=21)
Duración del procesamiento de stream 0:00:32.465961 10743.418289927511
Duración de test: 0:00:18.662589
Tiempo total transcurrido 11:20:15.548897
Hora del sistema 2026-05-06 05:52:36.740891
Semilla: 2 
 Tasa de error baja: 0.01 
 Aumento de la tasa de error: 0.05 
 Ruido del concepto estable: 0.0 
 Duración del concepto estable: 5000 
 Duración del cambio: 0 
 Número de cambios: 30 
Retreaso aceptable: 500
Nuevos elementos de entrenamiento en la iteración (100000, 1)
Número y fracción de estados no visitados 123 0.16872427983539096
[10000, 20000, 30000, 40000, 50000, 60000, 70000, 80000, 90000, 100000, 110000, 120000, 130000, 140000, 150000, 160000, 170000, 180000, 190000, 200000, 210000, 220000, 230000, 240000, 250000, 260000, 270000, 280000, 290000, 300000] [10927, 20495, 32659, 42054, 52237, 61925, 74703, 80917, 92270, 103857, 110805, 120149, 133055, 153468, 163912, 172172, 180428, 190949, 211412, 222790, 231586, 242452, 251665, 262409, 272165, 282901, 292158]
DriftDetectionMetrics(fp=24, tp=3, fn=27, precision=0.1111111111111111, recall=0.1, episode_recall=0.1, f1=0.10526315789473685, mdt=np.float64(357.3333333333333), far=0.07986688851913477, ar=0.08985024958402663, n_episodes=30, n_alarms=27)
Duración del procesamiento de stream 0:00:42.794745 10517.76746682668
Duración de test: 0:00:28.570702
Tiempo total transcurrido 11:20:58.343642
Hora del sistema 2026-05-06 05:53:19.535636
Semilla: 2 
 Tasa de error baja: 0.01 
 Aumento de la tasa de error: 0.05 
 Ruido del concepto estable: 0.0 
 Duración del concepto estable: 5000 
 Duración del cambio: 0 
 Número de cambios: 40 
Retreaso aceptable: 500
Nuevos elementos de entrenamiento en la iteración (100000, 1)
Número y fracción de estados no visitados 135 0.18518518518518517
[10000, 20000, 30000, 40000, 50000, 60000, 70000, 80000, 90000, 100000, 110000, 120000, 130000, 140000, 150000, 160000, 170000, 180000, 190000, 200000, 210000, 220000, 230000, 240000, 250000, 260000, 270000, 280000, 290000, 300000, 310000, 320000, 330000, 340000, 350000, 360000, 370000, 380000, 390000, 400000] [10794, 20394, 30474, 40330, 50346, 60234, 70218, 80362, 90506, 100394, 110250, 120170, 130186, 140298, 150890, 160202, 170186, 180394, 190474, 200426, 210410, 220234, 230852, 240516, 250404, 260292, 270756, 280196, 290180, 300644, 310244, 320292, 330468, 340292, 350404, 360292, 370500, 380324, 390564]
DriftDetectionMetrics(fp=8, tp=31, fn=9, precision=0.7948717948717948, recall=0.775, episode_recall=0.775, f1=0.7848101265822786, mdt=np.float64(318.38709677419354), far=0.019975031210986267, ar=0.09737827715355805, n_episodes=40, n_alarms=39)
Duración del procesamiento de stream 0:00:51.454093 10751.64783432551
Duración de test: 0:00:37.250104
Tiempo total transcurrido 11:21:49.797735
Hora del sistema 2026-05-06 05:54:10.989729
Semilla: 2 
 Tasa de error baja: 0.01 
 Aumento de la tasa de error: 0.05 
 Ruido del concepto estable: 0.0 
 Duración del concepto estable: 100000 
 Duración del cambio: 1000 
 Número de cambios: 10 
Retreaso aceptable: 500
Nuevos elementos de entrenamiento en la iteración (2020500, 1)
Número y fracción de estados no visitados 85 0.11659807956104253
[201000, 403000, 605000, 807000, 1009000, 1211000, 1413000, 1615000, 1817000, 2019000] [201932, 403916, 605804, 656525, 807789, 1010125, 1211885, 1413773, 1615693, 1818061, 2019885]
DriftDetectionMetrics(fp=1, tp=10, fn=0, precision=0.9090909090909091, recall=1.0, episode_recall=1.0, f1=0.9523809523809523, mdt=np.float64(886.3), far=0.0004949269982677555, ar=0.00544419698094531, n_episodes=10, n_alarms=11)
Duración del procesamiento de stream 0:07:56.432867 10720.24045597499
Duración de test: 0:03:08.475250
Tiempo total transcurrido 11:29:46.230602
Hora del sistema 2026-05-06 06:02:07.422596
Semilla: 2 
 Tasa de error baja: 0.01 
 Aumento de la tasa de error: 0.05 
 Ruido del concepto estable: 0.0 
 Duración del concepto estable: 100000 
 Duración del cambio: 1000 
 Número de cambios: 20 
Retreaso aceptable: 500
Nuevos elementos de entrenamiento en la iteración (2020000, 1)
Número y fracción de estados no visitados 117 0.16049382716049382
[201000, 403000, 605000, 807000, 1009000, 1211000, 1413000, 1615000, 1817000, 2019000, 2221000, 2423000, 2625000, 2827000, 3029000, 3231000, 3433000, 3635000, 3837000, 4039000] [201881, 403897, 605785, 807769, 1010137, 1211897, 1413785, 1615705, 1818073, 2019897, 2221625, 2423929, 2625817, 2827865, 3029785, 3231609, 3433881, 3635737, 3837689, 4039929]
DriftDetectionMetrics(fp=0, tp=20, fn=0, precision=1.0, recall=1.0, episode_recall=1.0, f1=1.0, mdt=np.float64(834.6), far=0.0, ar=0.004949882440292043, n_episodes=20, n_alarms=20)
Duración del procesamiento de stream 0:11:26.955545 10532.814566039242
Duración de test: 0:06:23.610665
Tiempo total transcurrido 11:41:13.186147
Hora del sistema 2026-05-06 06:13:34.378141
Semilla: 2 
 Tasa de error baja: 0.01 
 Aumento de la tasa de error: 0.05 
 Ruido del concepto estable: 0.0 
 Duración del concepto estable: 100000 
 Duración del cambio: 1000 
 Número de cambios: 30 
Retreaso aceptable: 500
Nuevos elementos de entrenamiento en la iteración (2020000, 1)
Número y fracción de estados no visitados 131 0.17969821673525377
[201000, 403000, 605000, 807000, 1009000, 1211000, 1413000, 1615000, 1817000, 2019000, 2221000, 2423000, 2625000, 2827000, 3029000, 3231000, 3433000, 3635000, 3837000, 4039000, 4241000, 4443000, 4645000, 4847000, 5049000, 5251000, 5453000, 5655000, 5857000, 6059000] [35973, 201925, 403909, 605765, 807781, 1010117, 1211877, 1413765, 1615717, 1818053, 2221637, 2423941, 2625829, 2827877, 3029797, 3231621, 3433893, 3635749, 3837701, 4039909, 4241733, 4443781, 4646501, 4847845, 5049893, 5252101, 5453797, 5655781, 5857829, 6059717]
DriftDetectionMetrics(fp=2, tp=28, fn=2, precision=0.9333333333333333, recall=0.9333333333333333, episode_recall=0.9333333333333333, f1=0.9333333333333333, mdt=np.float64(833.5714285714286), far=0.00033000577510106425, ar=0.004950086626515964, n_episodes=30, n_alarms=30)
Duración del procesamiento de stream 0:14:46.479825 10454.958873593685
Duración de test: 0:09:39.677077
Tiempo total transcurrido 11:55:59.665972
Hora del sistema 2026-05-06 06:28:20.857966
Semilla: 2 
 Tasa de error baja: 0.01 
 Aumento de la tasa de error: 0.05 
 Ruido del concepto estable: 0.0 
 Duración del concepto estable: 100000 
 Duración del cambio: 1000 
 Número de cambios: 40 
Retreaso aceptable: 500
Nuevos elementos de entrenamiento en la iteración (2020000, 1)
Número y fracción de estados no visitados 140 0.19204389574759945
[201000, 403000, 605000, 807000, 1009000, 1211000, 1413000, 1615000, 1817000, 2019000, 2221000, 2423000, 2625000, 2827000, 3029000, 3231000, 3433000, 3635000, 3837000, 4039000, 4241000, 4443000, 4645000, 4847000, 5049000, 5251000, 5453000, 5655000, 5857000, 6059000, 6261000, 6463000, 6665000, 6867000, 7069000, 7271000, 7473000, 7675000, 7877000, 8079000] [204622, 406689, 607649, 809268, 1012783, 1213237, 1416779, 1618353, 1820411, 2021687, 2223247, 2426342, 2627545, 2830845, 3032206, 3234172, 3637527, 3840991, 4041188, 4243475, 4447188, 4648481, 4850829, 5051534, 5254707, 5456098, 5658307, 5861153, 6061724, 6264114, 6465703, 6668003, 6869588, 7072083, 7274741, 7476252, 7677307, 7881110]
DriftDetectionMetrics(fp=38, tp=0, fn=40, precision=0.0, recall=0.0, episode_recall=0.0, f1=0.0, mdt=nan, far=0.004702679289647918, ar=0.004702679289647918, n_episodes=40, n_alarms=38)
Duración del procesamiento de stream 0:18:49.344384 10295.65842449338
Duración de test: 0:13:04.845385
Tiempo total transcurrido 12:14:49.010356
Hora del sistema 2026-05-06 06:47:10.202350
Semilla: 2 
 Tasa de error baja: 0.01 
 Aumento de la tasa de error: 0.05 
 Ruido del concepto estable: 0.0 
 Duración del concepto estable: 100000 
 Duración del cambio: 0 
 Número de cambios: 10 
Retreaso aceptable: 500
Nuevos elementos de entrenamiento en la iteración (2000500, 1)
Número y fracción de estados no visitados 71 0.09739368998628258
[200000, 400000, 600000, 800000, 1000000, 1200000, 1400000, 1600000, 1800000, 2000000] [35980, 200236, 400492, 600204, 800332, 1000268, 1200172, 1400236, 1600204, 1800300, 2000236]
DriftDetectionMetrics(fp=1, tp=10, fn=0, precision=0.9090909090909091, recall=1.0, episode_recall=1.0, f1=0.9523809523809523, mdt=np.float64(268.0), far=0.0004998750312421894, ar=0.005498625343664084, n_episodes=10, n_alarms=11)
Duración del procesamiento de stream 0:07:58.366524 10599.134951640659
Duración de test: 0:03:08.741818
Tiempo total transcurrido 12:22:47.376880
Hora del sistema 2026-05-06 06:55:08.568874
Semilla: 2 
 Tasa de error baja: 0.01 
 Aumento de la tasa de error: 0.05 
 Ruido del concepto estable: 0.0 
 Duración del concepto estable: 100000 
 Duración del cambio: 0 
 Número de cambios: 20 
Retreaso aceptable: 500
Nuevos elementos de entrenamiento en la iteración (2000000, 1)
Número y fracción de estados no visitados 100 0.13717421124828533
[200000, 400000, 600000, 800000, 1000000, 1200000, 1400000, 1600000, 1800000, 2000000, 2200000, 2400000, 2600000, 2800000, 3000000, 3200000, 3400000, 3600000, 3800000, 4000000] []
DriftDetectionMetrics(fp=0, tp=0, fn=20, precision=0.0, recall=0.0, episode_recall=0.0, f1=0.0, mdt=nan, far=0.0, ar=0.0, n_episodes=20, n_alarms=0)
Duración del procesamiento de stream 0:11:11.609000 10718.2641715848
Duración de test: 0:06:13.241407
Tiempo total transcurrido 12:33:58.985880
Hora del sistema 2026-05-06 07:06:20.177874
Semilla: 2 
 Tasa de error baja: 0.01 
 Aumento de la tasa de error: 0.05 
 Ruido del concepto estable: 0.0 
 Duración del concepto estable: 100000 
 Duración del cambio: 0 
 Número de cambios: 30 
Retreaso aceptable: 500
Nuevos elementos de entrenamiento en la iteración (2000000, 1)
Número y fracción de estados no visitados 118 0.16186556927297668
[200000, 400000, 600000, 800000, 1000000, 1200000, 1400000, 1600000, 1800000, 2000000, 2200000, 2400000, 2600000, 2800000, 3000000, 3200000, 3400000, 3600000, 3800000, 4000000, 4200000, 4400000, 4600000, 4800000, 5000000, 5200000, 5400000, 5600000, 5800000, 6000000] [1, 200257, 400481, 600193, 800353, 1000257, 1200193, 1400225, 1600225, 1800225, 2000257, 2200385, 2400257, 2600321, 2800353, 3000289, 3200065, 3400353, 3600257, 3800321, 4000257, 4200225, 4400353, 4600257, 4800225, 5000161, 5200257, 5400353, 5600225, 5800289, 6000449]
DriftDetectionMetrics(fp=1, tp=30, fn=0, precision=0.967741935483871, recall=1.0, episode_recall=1.0, f1=0.9836065573770492, mdt=np.float64(277.26666666666665), far=0.00016665277893508873, ar=0.00516623614698775, n_episodes=30, n_alarms=31)
Duración del procesamiento de stream 0:14:43.969761 10560.35122547275
Duración de test: 0:09:28.210268
Tiempo total transcurrido 12:48:42.955641
Hora del sistema 2026-05-06 07:21:04.147635
Semilla: 2 
 Tasa de error baja: 0.01 
 Aumento de la tasa de error: 0.05 
 Ruido del concepto estable: 0.0 
 Duración del concepto estable: 100000 
 Duración del cambio: 0 
 Número de cambios: 40 
Retreaso aceptable: 500
Nuevos elementos de entrenamiento en la iteración (2000000, 1)
Número y fracción de estados no visitados 127 0.17421124828532236
[200000, 400000, 600000, 800000, 1000000, 1200000, 1400000, 1600000, 1800000, 2000000, 2200000, 2400000, 2600000, 2800000, 3000000, 3200000, 3400000, 3600000, 3800000, 4000000, 4200000, 4400000, 4600000, 4800000, 5000000, 5200000, 5400000, 5600000, 5800000, 6000000, 6200000, 6400000, 6600000, 6800000, 7000000, 7200000, 7400000, 7600000, 7800000, 8000000] [200237, 400493, 600205, 800333, 1000269, 1200173, 1400237, 1600205, 1800301, 2000237, 2200365, 2400269, 2600269, 2800365, 3000269, 3200077, 3400333, 3600269, 3800397, 4000365, 4200237, 4400365, 4600269, 4800269, 5000173, 5200237, 5400365, 5600237, 5800269, 6000397, 6200173, 6400269, 6600365, 6800397, 7000301, 7200397, 7400173, 7600301, 7800269]
DriftDetectionMetrics(fp=0, tp=39, fn=1, precision=1.0, recall=0.975, episode_recall=0.975, f1=0.9873417721518987, mdt=np.float64(285.4102564102564), far=0.0, ar=0.0048746953315417785, n_episodes=40, n_alarms=39)
Duración del procesamiento de stream 0:18:33.553861 10442.11847392035
Duración de test: 0:12:46.175946
Tiempo total transcurrido 13:07:16.509502
Hora del sistema 2026-05-06 07:39:37.701496
Hora estimada de finalización 2026-05-06 17:01:58.065426
Semilla: 2 
 Tasa de error baja: 0.01 
 Aumento de la tasa de error: 0.05 
 Ruido del concepto estable: 0.1 
 Duración del concepto estable: 5000 
 Duración del cambio: 1000 
 Número de cambios: 10 
Retreaso aceptable: 500
Nuevos elementos de entrenamiento en la iteración (120500, 1)
Número y fracción de estados no visitados 79 0.1083676268861454
[11000, 23000, 35000, 47000, 59000, 71000, 83000, 95000, 107000, 119000] [12204, 24300, 40499, 50285, 64323, 75054, 85871, 95791, 112949]
DriftDetectionMetrics(fp=6, tp=3, fn=7, precision=0.3333333333333333, recall=0.3, episode_recall=0.3, f1=0.3157894736842105, mdt=np.float64(1098.3333333333333), far=0.049792531120331954, ar=0.07468879668049792, n_episodes=10, n_alarms=9)
Duración del procesamiento de stream 0:00:32.242318 10849.45565444817
Duración de test: 0:00:11.106548
Tiempo total transcurrido 13:07:48.751820
Hora del sistema 2026-05-06 07:40:09.943814
Semilla: 2 
 Tasa de error baja: 0.01 
 Aumento de la tasa de error: 0.05 
 Ruido del concepto estable: 0.1 
 Duración del concepto estable: 5000 
 Duración del cambio: 1000 
 Número de cambios: 20 
Retreaso aceptable: 500
Nuevos elementos de entrenamiento en la iteración (120000, 1)
Número y fracción de estados no visitados 111 0.1522633744855967
[11000, 23000, 35000, 47000, 59000, 71000, 83000, 95000, 107000, 119000, 131000, 143000, 155000, 167000, 179000, 191000, 203000, 215000, 227000, 239000] [13510, 28064, 38225, 50619, 62589, 74169, 85340, 98114, 107306, 108690, 120947, 135275, 145779, 157600, 170257, 182747, 194348, 206442, 218655, 231031]
DriftDetectionMetrics(fp=19, tp=1, fn=19, precision=0.05, recall=0.05, episode_recall=0.05, f1=0.05000000000000001, mdt=np.float64(306.0), far=0.079002079002079, ar=0.08316008316008316, n_episodes=20, n_alarms=20)
Duración del procesamiento de stream 0:00:39.807440 10819.21377200889
Duración de test: 0:00:22.228972
Tiempo total transcurrido 13:08:28.559260
Hora del sistema 2026-05-06 07:40:49.751254
Semilla: 2 
 Tasa de error baja: 0.01 
 Aumento de la tasa de error: 0.05 
 Ruido del concepto estable: 0.1 
 Duración del concepto estable: 5000 
 Duración del cambio: 1000 
 Número de cambios: 30 
Retreaso aceptable: 500
Nuevos elementos de entrenamiento en la iteración (120000, 1)
Número y fracción de estados no visitados 144 0.19753086419753085
[11000, 23000, 35000, 47000, 59000, 71000, 83000, 95000, 107000, 119000, 131000, 143000, 155000, 167000, 179000, 191000, 203000, 215000, 227000, 239000, 251000, 263000, 275000, 287000, 299000, 311000, 323000, 335000, 347000, 359000] [14386, 26227, 38957, 50443, 62587, 74394, 85729, 97988, 111607, 122034, 134799, 145796, 159057, 171399, 181867, 194619, 206671, 218655, 231031, 242277, 254455, 266933, 278460, 290822, 301611, 315262, 326750, 337962, 350716]
DriftDetectionMetrics(fp=29, tp=0, fn=30, precision=0.0, recall=0.0, episode_recall=0.0, f1=0.0, mdt=nan, far=0.08044382801664354, ar=0.08044382801664354, n_episodes=30, n_alarms=29)
Duración del procesamiento de stream 0:00:50.420358 10827.981992450208
Duración de test: 0:00:33.293369
Tiempo total transcurrido 13:09:18.979618
Hora del sistema 2026-05-06 07:41:40.171612
Semilla: 2 
 Tasa de error baja: 0.01 
 Aumento de la tasa de error: 0.05 
 Ruido del concepto estable: 0.1 
 Duración del concepto estable: 5000 
 Duración del cambio: 1000 
 Número de cambios: 40 
Retreaso aceptable: 500
Nuevos elementos de entrenamiento en la iteración (120000, 1)
Número y fracción de estados no visitados 150 0.205761316872428
[11000, 23000, 35000, 47000, 59000, 71000, 83000, 95000, 107000, 119000, 131000, 143000, 155000, 167000, 179000, 191000, 203000, 215000, 227000, 239000, 251000, 263000, 275000, 287000, 299000, 311000, 323000, 335000, 347000, 359000, 371000, 383000, 395000, 407000, 419000, 431000, 443000, 455000, 467000, 479000] [12168, 24360, 38153, 49702, 61417, 73716, 84308, 95796, 107306, 108690, 120210, 132050, 143922, 157540, 167908, 182759, 192295, 206266, 217829, 230377, 241335, 252279, 264791, 277599, 288447, 299775, 313422, 326119, 336964, 347876, 360164, 374971, 385173, 396341, 410540, 422891, 431947, 445117, 456029, 472585, 480388]
DriftDetectionMetrics(fp=22, tp=19, fn=21, precision=0.4634146341463415, recall=0.475, episode_recall=0.475, f1=0.4691358024691358, mdt=np.float64(1082.578947368421), far=0.045785639958376693, ar=0.08532778355879293, n_episodes=40, n_alarms=41)
Duración del procesamiento de stream 0:01:03.361316 10425.38205824944
Duración de test: 0:00:46.089438
Tiempo total transcurrido 13:10:22.340934
Hora del sistema 2026-05-06 07:42:43.532928
Semilla: 2 
 Tasa de error baja: 0.01 
 Aumento de la tasa de error: 0.05 
 Ruido del concepto estable: 0.1 
 Duración del concepto estable: 5000 
 Duración del cambio: 0 
 Número de cambios: 10 
Retreaso aceptable: 500
Nuevos elementos de entrenamiento en la iteración (100500, 1)
Número y fracción de estados no visitados 78 0.10699588477366255
[10000, 20000, 30000, 40000, 50000, 60000, 70000, 80000, 90000, 100000] [10796, 20268, 30284, 40332, 50540, 60364, 70284, 80492, 90572, 100396]
DriftDetectionMetrics(fp=3, tp=7, fn=3, precision=0.7, recall=0.7, episode_recall=0.7, f1=0.7, mdt=np.float64(345.7142857142857), far=0.029850746268656716, ar=0.09950248756218905, n_episodes=10, n_alarms=10)
Duración del procesamiento de stream 0:00:23.909831 10323.420965994857
Duración de test: 0:00:09.735145
Tiempo total transcurrido 13:10:46.250765
Hora del sistema 2026-05-06 07:43:07.442759
Semilla: 2 
 Tasa de error baja: 0.01 
 Aumento de la tasa de error: 0.05 
 Ruido del concepto estable: 0.1 
 Duración del concepto estable: 5000 
 Duración del cambio: 0 
 Número de cambios: 20 
Retreaso aceptable: 500
Nuevos elementos de entrenamiento en la iteración (100000, 1)
Número y fracción de estados no visitados 104 0.14266117969821673
[10000, 20000, 30000, 40000, 50000, 60000, 70000, 80000, 90000, 100000, 110000, 120000, 130000, 140000, 150000, 160000, 170000, 180000, 190000, 200000] [10776, 20280, 30296, 40312, 50552, 60376, 70296, 80344, 90552, 100440, 110296, 120312, 130520, 141016, 150584, 160408, 170360, 180632, 191096, 200216]
DriftDetectionMetrics(fp=8, tp=12, fn=8, precision=0.6, recall=0.6, episode_recall=0.6, f1=0.6, mdt=np.float64(328.0), far=0.0399002493765586, ar=0.09975062344139651, n_episodes=20, n_alarms=20)
Duración del procesamiento de stream 0:00:32.872453 10688.161403284692
Duración de test: 0:00:18.759073
Tiempo total transcurrido 13:11:19.123218
Hora del sistema 2026-05-06 07:43:40.315212
Semilla: 2 
 Tasa de error baja: 0.01 
 Aumento de la tasa de error: 0.05 
 Ruido del concepto estable: 0.1 
 Duración del concepto estable: 5000 
 Duración del cambio: 0 
 Número de cambios: 30 
Retreaso aceptable: 500
Nuevos elementos de entrenamiento en la iteración (100000, 1)
Número y fracción de estados no visitados 131 0.17969821673525377
[10000, 20000, 30000, 40000, 50000, 60000, 70000, 80000, 90000, 100000, 110000, 120000, 130000, 140000, 150000, 160000, 170000, 180000, 190000, 200000, 210000, 220000, 230000, 240000, 250000, 260000, 270000, 280000, 290000, 300000] [12444, 32923, 44223, 54758, 61413, 294977]
DriftDetectionMetrics(fp=6, tp=0, fn=30, precision=0.0, recall=0.0, episode_recall=0.0, f1=0.0, mdt=nan, far=0.019966722129783693, ar=0.019966722129783693, n_episodes=30, n_alarms=6)
Duración del procesamiento de stream 0:00:42.540584 10540.337696986371
Duración de test: 0:00:28.509523
Tiempo total transcurrido 13:12:01.663802
Hora del sistema 2026-05-06 07:44:22.855796
Semilla: 2 
 Tasa de error baja: 0.01 
 Aumento de la tasa de error: 0.05 
 Ruido del concepto estable: 0.1 
 Duración del concepto estable: 5000 
 Duración del cambio: 0 
 Número de cambios: 40 
Retreaso aceptable: 500
Nuevos elementos de entrenamiento en la iteración (100000, 1)
Número y fracción de estados no visitados 151 0.20713305898491083
[10000, 20000, 30000, 40000, 50000, 60000, 70000, 80000, 90000, 100000, 110000, 120000, 130000, 140000, 150000, 160000, 170000, 180000, 190000, 200000, 210000, 220000, 230000, 240000, 250000, 260000, 270000, 280000, 290000, 300000, 310000, 320000, 330000, 340000, 350000, 360000, 370000, 380000, 390000, 400000] [12444, 32923, 44223, 54758, 61178, 71354, 112949, 124868, 133928, 144286, 151825, 294980, 301045, 310963, 384436, 391073]
DriftDetectionMetrics(fp=16, tp=0, fn=40, precision=0.0, recall=0.0, episode_recall=0.0, f1=0.0, mdt=nan, far=0.039950062421972535, ar=0.039950062421972535, n_episodes=40, n_alarms=16)
Duración del procesamiento de stream 0:00:52.486687 10419.202363621422
Duración de test: 0:00:38.438643
Tiempo total transcurrido 13:12:54.150489
Hora del sistema 2026-05-06 07:45:15.342483
Semilla: 2 
 Tasa de error baja: 0.01 
 Aumento de la tasa de error: 0.05 
 Ruido del concepto estable: 0.1 
 Duración del concepto estable: 100000 
 Duración del cambio: 1000 
 Número de cambios: 10 
Retreaso aceptable: 500
Nuevos elementos de entrenamiento en la iteración (2020500, 1)
Número y fracción de estados no visitados 89 0.12208504801097393
[201000, 403000, 605000, 807000, 1009000, 1211000, 1413000, 1615000, 1817000, 2019000] [202156, 403852, 605740, 807916, 1009804, 1212300, 1413868, 1616268, 1817932, 2020012]
DriftDetectionMetrics(fp=0, tp=10, fn=0, precision=1.0, recall=1.0, episode_recall=1.0, f1=1.0, mdt=np.float64(984.8), far=0.0, ar=0.004949269982677555, n_episodes=10, n_alarms=10)
Duración del procesamiento de stream 0:08:00.469186 10669.858974406501
Duración de test: 0:03:09.365202
Tiempo total transcurrido 13:20:54.619675
Hora del sistema 2026-05-06 07:53:15.811669
Semilla: 2 
 Tasa de error baja: 0.01 
 Aumento de la tasa de error: 0.05 
 Ruido del concepto estable: 0.1 
 Duración del concepto estable: 100000 
 Duración del cambio: 1000 
 Número de cambios: 20 
Retreaso aceptable: 500
Nuevos elementos de entrenamiento en la iteración (2020000, 1)
Número y fracción de estados no visitados 118 0.16186556927297668
[201000, 403000, 605000, 807000, 1009000, 1211000, 1413000, 1615000, 1817000, 2019000, 2221000, 2423000, 2625000, 2827000, 3029000, 3231000, 3433000, 3635000, 3837000, 4039000] [202580, 404820, 606697, 809403, 1011222, 1213271, 1415301, 1617559, 1819827, 1832228, 2022156, 2224861, 2255735, 2425407, 2627574, 2829698, 3033422, 3232298, 3434792, 3637295, 3839061]
DriftDetectionMetrics(fp=20, tp=1, fn=19, precision=0.047619047619047616, recall=0.05, episode_recall=0.05, f1=0.04878048780487805, mdt=np.float64(1298.0), far=0.004949882440292043, ar=0.005197376562306645, n_episodes=20, n_alarms=21)
Duración del procesamiento de stream 0:11:11.721764 10692.846742760797
Duración de test: 0:06:17.869439
Tiempo total transcurrido 13:32:06.341439
Hora del sistema 2026-05-06 08:04:27.533433
Semilla: 2 
 Tasa de error baja: 0.01 
 Aumento de la tasa de error: 0.05 
 Ruido del concepto estable: 0.1 
 Duración del concepto estable: 100000 
 Duración del cambio: 1000 
 Número de cambios: 30 
Retreaso aceptable: 500
Nuevos elementos de entrenamiento en la iteración (2020000, 1)
Número y fracción de estados no visitados 133 0.18244170096021947
[201000, 403000, 605000, 807000, 1009000, 1211000, 1413000, 1615000, 1817000, 2019000, 2221000, 2423000, 2625000, 2827000, 3029000, 3231000, 3433000, 3635000, 3837000, 4039000, 4241000, 4443000, 4645000, 4847000, 5049000, 5251000, 5453000, 5655000, 5857000, 6059000] [1, 202145, 403873, 605729, 807905, 1009825, 1212289, 1413889, 1616257, 1817921, 2020033, 2221825, 2424033, 2626049, 2828321, 3029857, 3231713, 3433665, 3636065, 3838113, 4040065, 4242241, 4444097, 4646241, 4848161, 5049793, 5251905, 5453793, 5656065, 5858049, 6059905]
DriftDetectionMetrics(fp=1, tp=30, fn=0, precision=0.967741935483871, recall=1.0, episode_recall=1.0, f1=0.9836065573770492, mdt=np.float64(994.0666666666667), far=0.00016500288755053212, ar=0.005115089514066497, n_episodes=30, n_alarms=31)
Duración del procesamiento de stream 0:14:58.267281 10442.922483622619
Duración de test: 0:09:40.345206
Tiempo total transcurrido 13:47:04.608720
Hora del sistema 2026-05-06 08:19:25.800714
Semilla: 2 
 Tasa de error baja: 0.01 
 Aumento de la tasa de error: 0.05 
 Ruido del concepto estable: 0.1 
 Duración del concepto estable: 100000 
 Duración del cambio: 1000 
 Número de cambios: 40 
Retreaso aceptable: 500
Nuevos elementos de entrenamiento en la iteración (2020000, 1)
Número y fracción de estados no visitados 140 0.19204389574759945
[201000, 403000, 605000, 807000, 1009000, 1211000, 1413000, 1615000, 1817000, 2019000, 2221000, 2423000, 2625000, 2827000, 3029000, 3231000, 3433000, 3635000, 3837000, 4039000, 4241000, 4443000, 4645000, 4847000, 5049000, 5251000, 5453000, 5655000, 5857000, 6059000, 6261000, 6463000, 6665000, 6867000, 7069000, 7271000, 7473000, 7675000, 7877000, 8079000] [202580, 404820, 606697, 809403, 1011222, 1213271, 1415301, 1617559, 1819827, 2022156, 2225770, 2425407, 2627574, 2829698, 3033785, 3232298, 3434792, 3637295, 3839061, 4041010, 4243278, 4445404, 4647237, 4848733, 5050019, 5253172, 5455241, 5656808, 5859444, 6060979, 6263572, 6465195, 6666579, 6869765, 7071615, 7272681, 7476105, 7677142, 7878777]
DriftDetectionMetrics(fp=37, tp=2, fn=38, precision=0.05128205128205128, recall=0.05, episode_recall=0.05, f1=0.05063291139240506, mdt=np.float64(1158.5), far=0.004578924571499289, ar=0.004826434007796547, n_episodes=40, n_alarms=39)
Duración del procesamiento de stream 0:18:39.038435 10426.944975577102
Duración de test: 0:12:54.963330
Tiempo total transcurrido 14:05:43.647155
Hora del sistema 2026-05-06 08:38:04.839149
Semilla: 2 
 Tasa de error baja: 0.01 
 Aumento de la tasa de error: 0.05 
 Ruido del concepto estable: 0.1 
 Duración del concepto estable: 100000 
 Duración del cambio: 0 
 Número de cambios: 10 
Retreaso aceptable: 500
Nuevos elementos de entrenamiento en la iteración (2000500, 1)
Número y fracción de estados no visitados 69 0.09465020576131687
[200000, 400000, 600000, 800000, 1000000, 1200000, 1400000, 1600000, 1800000, 2000000] [1202200, 1403006]
DriftDetectionMetrics(fp=2, tp=0, fn=10, precision=0.0, recall=0.0, episode_recall=0.0, f1=0.0, mdt=nan, far=0.0009997500624843788, ar=0.0009997500624843788, n_episodes=10, n_alarms=2)
Duración del procesamiento de stream 0:07:59.129422 10850.07621764987
Duración de test: 0:03:04.376585
Tiempo total transcurrido 14:13:42.776577
Hora del sistema 2026-05-06 08:46:03.968571
Semilla: 2 
 Tasa de error baja: 0.01 
 Aumento de la tasa de error: 0.05 
 Ruido del concepto estable: 0.1 
 Duración del concepto estable: 100000 
 Duración del cambio: 0 
 Número de cambios: 20 
Retreaso aceptable: 500
Nuevos elementos de entrenamiento en la iteración (2000000, 1)
Número y fracción de estados no visitados 95 0.13031550068587106
[200000, 400000, 600000, 800000, 1000000, 1200000, 1400000, 1600000, 1800000, 2000000, 2200000, 2400000, 2600000, 2800000, 3000000, 3200000, 3400000, 3600000, 3800000, 4000000] [200202, 400426, 600522, 800106, 1000490, 1200362, 1400842, 1600298, 1800394, 2000394, 2200490, 2400586, 2600394, 2800554, 3000554, 3200202, 3400234, 3600458, 3800298, 4000426]
DriftDetectionMetrics(fp=5, tp=15, fn=5, precision=0.75, recall=0.75, episode_recall=0.75, f1=0.75, mdt=np.float64(344.93333333333334), far=0.001249843769528809, ar=0.004999375078115236, n_episodes=20, n_alarms=20)
Duración del procesamiento de stream 0:11:09.068954 10737.176593751625
Duración de test: 0:06:12.583981
Tiempo total transcurrido 14:24:51.845531
Hora del sistema 2026-05-06 08:57:13.037525
Semilla: 2 
 Tasa de error baja: 0.01 
 Aumento de la tasa de error: 0.05 
 Ruido del concepto estable: 0.1 
 Duración del concepto estable: 100000 
 Duración del cambio: 0 
 Número de cambios: 30 
Retreaso aceptable: 500
Nuevos elementos de entrenamiento en la iteración (2000000, 1)
Número y fracción de estados no visitados 101 0.13854595336076816
[200000, 400000, 600000, 800000, 1000000, 1200000, 1400000, 1600000, 1800000, 2000000, 2200000, 2400000, 2600000, 2800000, 3000000, 3200000, 3400000, 3600000, 3800000, 4000000, 4200000, 4400000, 4600000, 4800000, 5000000, 5200000, 5400000, 5600000, 5800000, 6000000] [200214, 400438, 600502, 800118, 1000502, 1200374, 1400854, 1600310, 1800406, 2000406, 2200502, 2400598, 2600374, 2800566, 3000534, 3200214, 3400278, 3600438, 3800278, 4000438, 4200630, 4400182, 4600374, 4800182, 5000534, 5200758, 5401142, 5600214, 5800150]
DriftDetectionMetrics(fp=11, tp=18, fn=12, precision=0.6206896551724138, recall=0.6, episode_recall=0.6, f1=0.6101694915254238, mdt=np.float64(299.3333333333333), far=0.0018331805682859762, ar=0.004832930589117574, n_episodes=30, n_alarms=29)
Duración del procesamiento de stream 0:14:37.416663 10586.382617745825
Duración de test: 0:09:26.813067
Tiempo total transcurrido 14:39:29.262194
Hora del sistema 2026-05-06 09:11:50.454188
Semilla: 2 
 Tasa de error baja: 0.01 
 Aumento de la tasa de error: 0.05 
 Ruido del concepto estable: 0.1 
 Duración del concepto estable: 100000 
 Duración del cambio: 0 
 Número de cambios: 40 
Retreaso aceptable: 500
Nuevos elementos de entrenamiento en la iteración (2000000, 1)
Número y fracción de estados no visitados 111 0.1522633744855967
[200000, 400000, 600000, 800000, 1000000, 1200000, 1400000, 1600000, 1800000, 2000000, 2200000, 2400000, 2600000, 2800000, 3000000, 3200000, 3400000, 3600000, 3800000, 4000000, 4200000, 4400000, 4600000, 4800000, 5000000, 5200000, 5400000, 5600000, 5800000, 6000000, 6200000, 6400000, 6600000, 6800000, 7000000, 7200000, 7400000, 7600000, 7800000, 8000000] [200194, 400386, 600482, 800130, 1000514, 1200354, 1400866, 1600258, 1800386, 2000418, 2200482, 2400610, 2600354, 2800546, 3000546, 3200226, 3400226, 3600354, 3800258, 4000418, 4200642, 4400194, 4600354, 4800162, 5000546, 5200738, 5401090, 5600226, 5800130, 6000482, 6200386, 6400738, 6600194, 6800194, 7000482, 7200418, 7400290, 7600418, 7800418]
DriftDetectionMetrics(fp=10, tp=29, fn=11, precision=0.7435897435897436, recall=0.725, episode_recall=0.725, f1=0.7341772151898733, mdt=np.float64(319.7931034482759), far=0.0012499218798825073, ar=0.0048746953315417785, n_episodes=40, n_alarms=39)
Duración del procesamiento de stream 0:23:46.328072 7920.937917303384
Duración de test: 0:16:50.044528
Tiempo total transcurrido 15:03:15.590266
Hora del sistema 2026-05-06 09:35:36.782260
Hora estimada de finalización 2026-05-06 17:07:14.577393
Semilla: 3 
 Tasa de error baja: 0.01 
 Aumento de la tasa de error: 0.3 
 Ruido del concepto estable: 0.0 
 Duración del concepto estable: 5000 
 Duración del cambio: 1000 
 Número de cambios: 10 
Retreaso aceptable: 500
Nuevos elementos de entrenamiento en la iteración (120500, 1)
Número y fracción de estados no visitados 90 0.12345679012345678
[11000, 23000, 35000, 47000, 59000, 71000, 83000, 95000, 107000, 119000] [531, 11402, 12653, 23578, 25310, 35448, 36089, 36504, 47425, 48068, 59552, 62444, 71475, 74270, 83477, 84483, 95456, 96589, 107492, 108866, 119499]
DriftDetectionMetrics(fp=8, tp=13, fn=0, precision=0.6190476190476191, recall=1.0, episode_recall=1.0, f1=0.7647058823529412, mdt=np.float64(480.4), far=0.06639004149377593, ar=0.17427385892116184, n_episodes=10, n_alarms=21)
Duración del procesamiento de stream 0:00:44.221767 7988.176702976521
Duración de test: 0:00:15.084794
Tiempo total transcurrido 15:03:59.812033
Hora del sistema 2026-05-06 09:36:21.004027
Semilla: 3 
 Tasa de error baja: 0.01 
 Aumento de la tasa de error: 0.3 
 Ruido del concepto estable: 0.0 
 Duración del concepto estable: 5000 
 Duración del cambio: 1000 
 Número de cambios: 20 
Retreaso aceptable: 500
Nuevos elementos de entrenamiento en la iteración (120000, 1)
Número y fracción de estados no visitados 101 0.13854595336076816
[11000, 23000, 35000, 47000, 59000, 71000, 83000, 95000, 107000, 119000, 131000, 143000, 155000, 167000, 179000, 191000, 203000, 215000, 227000, 239000] [11402, 12653, 23578, 25310, 28919, 35663, 37031, 47425, 48068, 59552, 62444, 71475, 74270, 83490, 84380, 95518, 98086, 107492, 108866, 119499, 120727, 131377, 132280, 143546, 144024, 155488, 156557, 167637, 170283, 179450, 180221, 191640, 193930, 203615, 205685, 215583, 227537, 228518, 230631, 239457]
DriftDetectionMetrics(fp=15, tp=25, fn=0, precision=0.625, recall=1.0, episode_recall=1.0, f1=0.7692307692307693, mdt=np.float64(521.2), far=0.062370062370062374, ar=0.16632016632016633, n_episodes=20, n_alarms=40)
Duración del procesamiento de stream 0:00:52.464134 7925.717212321264
Duración de test: 0:00:30.344257
Tiempo total transcurrido 15:04:52.276167
Hora del sistema 2026-05-06 09:37:13.468161
Semilla: 3 
 Tasa de error baja: 0.01 
 Aumento de la tasa de error: 0.3 
 Ruido del concepto estable: 0.0 
 Duración del concepto estable: 5000 
 Duración del cambio: 1000 
 Número de cambios: 30 
Retreaso aceptable: 500
Nuevos elementos de entrenamiento en la iteración (120000, 1)
Número y fracción de estados no visitados 114 0.15637860082304528
[11000, 23000, 35000, 47000, 59000, 71000, 83000, 95000, 107000, 119000, 131000, 143000, 155000, 167000, 179000, 191000, 203000, 215000, 227000, 239000, 251000, 263000, 275000, 287000, 299000, 311000, 323000, 335000, 347000, 359000] [173, 11277, 12106, 23370, 24210, 28592, 35448, 36088, 36504, 39499, 47275, 48032, 59360, 60300, 71372, 73437, 83357, 84139, 86854, 95517, 98100, 107220, 107826, 119314, 119946, 121187, 131235, 132118, 143382, 144006, 155366, 156212, 167380, 167989, 179317, 180148, 191380, 191980, 203340, 203861, 203988, 215284, 215849, 227369, 228040, 229507, 230622, 239294, 240139, 240183, 242334, 251428, 252033, 263297, 264044, 275308, 275983, 287279, 288076, 289627, 299355, 299975, 311239, 311779, 313598, 323326, 324322, 327096, 335384, 336754, 347488, 349199, 359279, 359919, 360476]
DriftDetectionMetrics(fp=16, tp=59, fn=0, precision=0.7866666666666666, recall=1.0, episode_recall=1.0, f1=0.8805970149253731, mdt=np.float64(341.3333333333333), far=0.04438280166435506, ar=0.20804438280166437, n_episodes=30, n_alarms=75)
Duración del procesamiento de stream 0:01:06.346934 8161.251108702002
Duración de test: 0:00:44.172149
Tiempo total transcurrido 15:05:58.623101
Hora del sistema 2026-05-06 09:38:19.815095
Semilla: 3 
 Tasa de error baja: 0.01 
 Aumento de la tasa de error: 0.3 
 Ruido del concepto estable: 0.0 
 Duración del concepto estable: 5000 
 Duración del cambio: 1000 
 Número de cambios: 40 
Retreaso aceptable: 500
Nuevos elementos de entrenamiento en la iteración (120000, 1)
Número y fracción de estados no visitados 126 0.1728395061728395
[11000, 23000, 35000, 47000, 59000, 71000, 83000, 95000, 107000, 119000, 131000, 143000, 155000, 167000, 179000, 191000, 203000, 215000, 227000, 239000, 251000, 263000, 275000, 287000, 299000, 311000, 323000, 335000, 347000, 359000, 371000, 383000, 395000, 407000, 419000, 431000, 443000, 455000, 467000, 479000] [11471, 12069, 23578, 24288, 25017, 25311, 26476, 27833, 28620, 35502, 36086, 36505, 39492, 39900, 47425, 48041, 59562, 62417, 71523, 74677, 83512, 84144, 86854, 95539, 96104, 107492, 108866, 110486, 119509, 120632, 121187, 131377, 132119, 143546, 144005, 155488, 156134, 167622, 171451, 179498, 180172, 191640, 193930, 203615, 205685, 215616, 227537, 228303, 230621, 239457, 240529, 241709, 242328, 251469, 252017, 263503, 264536, 275482, 276041, 287401, 288106, 289627, 291742, 299552, 300057, 311473, 313322, 323481, 324246, 327096, 335520, 337497, 347483, 349199, 359373, 359883, 360476, 360550, 360701, 362431, 371447, 372671, 383486, 384067, 384114, 385967, 386294, 388063, 395497, 396116, 407602, 409583, 419448, 420309, 423202, 431583, 432245, 443434, 444209, 455537, 455973, 467487, 468011, 472691, 479568, 480066]
DriftDetectionMetrics(fp=39, tp=67, fn=0, precision=0.6320754716981132, recall=1.0, episode_recall=1.0, f1=0.7745664739884393, mdt=np.float64(508.375), far=0.08116545265348596, ar=0.22060353798126953, n_episodes=40, n_alarms=106)
Duración del procesamiento de stream 0:01:21.705054 8046.859685793993
Duración de test: 0:00:59.712735
Tiempo total transcurrido 15:07:20.328155
Hora del sistema 2026-05-06 09:39:41.520149
Semilla: 3 
 Tasa de error baja: 0.01 
 Aumento de la tasa de error: 0.3 
 Ruido del concepto estable: 0.0 
 Duración del concepto estable: 5000 
 Duración del cambio: 0 
 Número de cambios: 10 
Retreaso aceptable: 500
Nuevos elementos de entrenamiento en la iteración (100500, 1)
Número y fracción de estados no visitados 84 0.11522633744855967
[10000, 20000, 30000, 40000, 50000, 60000, 70000, 80000, 90000, 100000] [332, 10060, 12074, 20042, 30039, 32411, 40009, 50039, 50638, 54935, 60042, 70039, 80006, 80810, 82432, 90048, 100052]
DriftDetectionMetrics(fp=7, tp=10, fn=0, precision=0.5882352941176471, recall=1.0, episode_recall=1.0, f1=0.7407407407407407, mdt=np.float64(37.6), far=0.06965174129353234, ar=0.1691542288557214, n_episodes=10, n_alarms=17)
Duración del procesamiento de stream 0:00:32.280164 8004.86249597666
Duración de test: 0:00:12.554869
Tiempo total transcurrido 15:07:52.608319
Hora del sistema 2026-05-06 09:40:13.800313
Semilla: 3 
 Tasa de error baja: 0.01 
 Aumento de la tasa de error: 0.3 
 Ruido del concepto estable: 0.0 
 Duración del concepto estable: 5000 
 Duración del cambio: 0 
 Número de cambios: 20 
Retreaso aceptable: 500
Nuevos elementos de entrenamiento en la iteración (100000, 1)
Número y fracción de estados no visitados 110 0.15089163237311384
[10000, 20000, 30000, 40000, 50000, 60000, 70000, 80000, 90000, 100000, 110000, 120000, 130000, 140000, 150000, 160000, 170000, 180000, 190000, 200000] [740, 1219, 1528, 1644, 2607, 3863, 4284, 4732, 10040, 11303, 12074, 13193, 14038, 14542, 14822, 20049, 21140, 21416, 22880, 24227, 24883, 30038, 31868, 32221, 32355, 32409, 34323, 34661, 34862, 40008, 41679, 43047, 43785, 44327, 44624, 50035, 50638, 51732, 52860, 53218, 54553, 54934, 60036, 61672, 62415, 63249, 63531, 64602, 64651, 64822, 70037, 71121, 71594, 72118, 73686, 73842, 73947, 80005, 80571, 80809, 80895, 80960, 82432, 84140, 84697, 90053, 90482, 91225, 91470, 91570, 91873, 92267, 93370, 93722, 94113, 94383, 100047, 100943, 101985, 102887, 103996, 104126, 110029, 110123, 110485, 111271, 111738, 112114, 114645, 120042, 120529, 121185, 122474, 123107, 123846, 123922, 124426, 124615, 130014, 130544, 132478, 133629, 134036, 134455, 140016, 140615, 141810, 142654, 143556, 143942, 144024, 150014, 150171, 151702, 152184, 152410, 153863, 154577, 160009, 160657, 160800, 161126, 163470, 170026, 170189, 170751, 170975, 172726, 172784, 174341, 180019, 180232, 181328, 182390, 183526, 184038, 184707, 190040, 190670, 191868, 192772, 193392, 193897, 200019]
DriftDetectionMetrics(fp=118, tp=26, fn=0, precision=0.18055555555555555, recall=1.0, episode_recall=1.0, f1=0.30588235294117644, mdt=np.float64(28.8), far=0.5885286783042394, ar=0.7182044887780549, n_episodes=20, n_alarms=144)
Duración del procesamiento de stream 0:00:42.840921 8136.203206889567
Duración de test: 0:00:24.642944
Tiempo total transcurrido 15:08:35.449240
Hora del sistema 2026-05-06 09:40:56.641234
Semilla: 3 
 Tasa de error baja: 0.01 
 Aumento de la tasa de error: 0.3 
 Ruido del concepto estable: 0.0 
 Duración del concepto estable: 5000 
 Duración del cambio: 0 
 Número de cambios: 30 
Retreaso aceptable: 500
Nuevos elementos de entrenamiento en la iteración (100000, 1)
Número y fracción de estados no visitados 115 0.15775034293552812
[10000, 20000, 30000, 40000, 50000, 60000, 70000, 80000, 90000, 100000, 110000, 120000, 130000, 140000, 150000, 160000, 170000, 180000, 190000, 200000, 210000, 220000, 230000, 240000, 250000, 260000, 270000, 280000, 290000, 300000] [575, 739, 1532, 10044, 12074, 20042, 30039, 32411, 40009, 50039, 50638, 54935, 60042, 70039, 80006, 80810, 82432, 90048, 100052, 110036, 110486, 120044, 120545, 121187, 130021, 130548, 140017, 150015, 152203, 160010, 161135, 170027, 180021, 190053, 200022, 210102, 220048, 230054, 230614, 234668, 240042, 240185, 241709, 242328, 250040, 260036, 270065, 273414, 273486, 280030, 290035, 291742, 300052]
DriftDetectionMetrics(fp=21, tp=32, fn=0, precision=0.6037735849056604, recall=1.0, episode_recall=1.0, f1=0.7529411764705882, mdt=np.float64(37.666666666666664), far=0.06988352745424294, ar=0.17637271214642264, n_episodes=30, n_alarms=53)
Duración del procesamiento de stream 0:00:52.589395 8354.155475086922
Duración de test: 0:00:35.970123
Tiempo total transcurrido 15:09:28.038635
Hora del sistema 2026-05-06 09:41:49.230629
Semilla: 3 
 Tasa de error baja: 0.01 
 Aumento de la tasa de error: 0.3 
 Ruido del concepto estable: 0.0 
 Duración del concepto estable: 5000 
 Duración del cambio: 0 
 Número de cambios: 40 
Retreaso aceptable: 500
Nuevos elementos de entrenamiento en la iteración (100000, 1)
Número y fracción de estados no visitados 138 0.18930041152263374
[10000, 20000, 30000, 40000, 50000, 60000, 70000, 80000, 90000, 100000, 110000, 120000, 130000, 140000, 150000, 160000, 170000, 180000, 190000, 200000, 210000, 220000, 230000, 240000, 250000, 260000, 270000, 280000, 290000, 300000, 310000, 320000, 330000, 340000, 350000, 360000, 370000, 380000, 390000, 400000] [10048, 12106, 20042, 30058, 40042, 50048, 60032, 70041, 80057, 80812, 90060, 100044, 110039, 120047, 130044, 130549, 140020, 150028, 160016, 170030, 180033, 190049, 200022, 210102, 220054, 230070, 230622, 234677, 240053, 250037, 260037, 270085, 280037, 290053, 300037, 310080, 320032, 330048, 340032, 350048, 360032, 360704, 370048, 380043, 390049, 393558, 400054]
DriftDetectionMetrics(fp=7, tp=40, fn=0, precision=0.851063829787234, recall=1.0, episode_recall=1.0, f1=0.9195402298850576, mdt=np.float64(45.775), far=0.017478152309612985, ar=0.11735330836454431, n_episodes=40, n_alarms=47)
Duración del procesamiento de stream 0:01:08.642605 7944.045042675886
Duración de test: 0:00:50.415122
Tiempo total transcurrido 15:10:36.681240
Hora del sistema 2026-05-06 09:42:57.873234
Semilla: 3 
 Tasa de error baja: 0.01 
 Aumento de la tasa de error: 0.3 
 Ruido del concepto estable: 0.0 
 Duración del concepto estable: 100000 
 Duración del cambio: 1000 
 Número de cambios: 10 
Retreaso aceptable: 500
Nuevos elementos de entrenamiento en la iteración (2020500, 1)
Número y fracción de estados no visitados 92 0.1262002743484225
[201000, 403000, 605000, 807000, 1009000, 1211000, 1413000, 1615000, 1817000, 2019000] [740, 201565, 403687, 605905, 807863, 1009829, 1211706, 1413760, 1615716, 1644464, 1817813, 2019595]
DriftDetectionMetrics(fp=2, tp=10, fn=0, precision=0.8333333333333334, recall=1.0, episode_recall=1.0, f1=0.9090909090909091, mdt=np.float64(743.9), far=0.000989853996535511, ar=0.005939123979213067, n_episodes=10, n_alarms=12)
Duración del procesamiento de stream 0:08:27.826740 9847.753055414649
Duración de test: 0:03:25.173707
Tiempo total transcurrido 15:19:04.507980
Hora del sistema 2026-05-06 09:51:25.699974
Semilla: 3 
 Tasa de error baja: 0.01 
 Aumento de la tasa de error: 0.3 
 Ruido del concepto estable: 0.0 
 Duración del concepto estable: 100000 
 Duración del cambio: 1000 
 Número de cambios: 20 
Retreaso aceptable: 500
Nuevos elementos de entrenamiento en la iteración (2020000, 1)
Número y fracción de estados no visitados 122 0.1673525377229081
[201000, 403000, 605000, 807000, 1009000, 1211000, 1413000, 1615000, 1817000, 2019000, 2221000, 2423000, 2625000, 2827000, 3029000, 3231000, 3433000, 3635000, 3837000, 4039000] [1532, 201336, 403687, 605482, 807463, 809521, 1009455, 1211550, 1413527, 1415444, 1615504, 1620416, 1644464, 1817436, 1819286, 2019595, 2221474, 2423690, 2625522, 2827733, 3029635, 3231670, 3433551, 3439919, 3635507, 3837583, 4039543]
DriftDetectionMetrics(fp=7, tp=20, fn=0, precision=0.7407407407407407, recall=1.0, episode_recall=1.0, f1=0.851063829787234, mdt=np.float64(547.15), far=0.001732458854102215, ar=0.006682341294394258, n_episodes=20, n_alarms=27)
Duración del procesamiento de stream 0:11:35.500451 10289.50251939889
Duración de test: 0:06:32.681764
Tiempo total transcurrido 15:30:40.008431
Hora del sistema 2026-05-06 10:03:01.200425
Semilla: 3 
 Tasa de error baja: 0.01 
 Aumento de la tasa de error: 0.3 
 Ruido del concepto estable: 0.0 
 Duración del concepto estable: 100000 
 Duración del cambio: 1000 
 Número de cambios: 30 
Retreaso aceptable: 500
Nuevos elementos de entrenamiento en la iteración (2020000, 1)
Número y fracción de estados no visitados 136 0.18655692729766804
[201000, 403000, 605000, 807000, 1009000, 1211000, 1413000, 1615000, 1817000, 2019000, 2221000, 2423000, 2625000, 2827000, 3029000, 3231000, 3433000, 3635000, 3837000, 4039000, 4241000, 4443000, 4645000, 4847000, 5049000, 5251000, 5453000, 5655000, 5857000, 6059000] [1473, 201249, 403361, 406998, 605238, 607717, 807365, 809526, 1009302, 1011731, 1211379, 1213475, 1413347, 1415443, 1615315, 1623369, 1817289, 1819545, 2019257, 2221337, 2223427, 2423395, 2625347, 2627632, 2827248, 3029328, 3033099, 3231403, 3433259, 3635339, 3837355, 3839461, 4039269, 4094296, 4241368, 4443352, 4645272, 4847320, 5049304, 5051528, 5251432, 5453256, 5455423, 5655327, 5857343, 5861334, 5908953, 6059225]
DriftDetectionMetrics(fp=18, tp=30, fn=0, precision=0.625, recall=1.0, episode_recall=1.0, f1=0.7692307692307693, mdt=np.float64(319.3666666666667), far=0.0029700519759095784, ar=0.007920138602425542, n_episodes=30, n_alarms=48)
Duración del procesamiento de stream 0:15:38.263854 10110.23762361488
Duración de test: 0:09:59.441895
Tiempo total transcurrido 15:46:18.272285
Hora del sistema 2026-05-06 10:18:39.464279
Semilla: 3 
 Tasa de error baja: 0.01 
 Aumento de la tasa de error: 0.3 
 Ruido del concepto estable: 0.0 
 Duración del concepto estable: 100000 
 Duración del cambio: 1000 
 Número de cambios: 40 
Retreaso aceptable: 500
Nuevos elementos de entrenamiento en la iteración (2020000, 1)
Número y fracción de estados no visitados 139 0.1906721536351166
[201000, 403000, 605000, 807000, 1009000, 1211000, 1413000, 1615000, 1817000, 2019000, 2221000, 2423000, 2625000, 2827000, 3029000, 3231000, 3433000, 3635000, 3837000, 4039000, 4241000, 4443000, 4645000, 4847000, 5049000, 5251000, 5453000, 5655000, 5857000, 6059000, 6261000, 6463000, 6665000, 6867000, 7069000, 7271000, 7473000, 7675000, 7877000, 8079000] [1, 28919, 80812, 201414, 403778, 462493, 493964, 605539, 625239, 663763, 807500, 808323, 1009476, 1013032, 1021908, 1090068, 1211605, 1213034, 1302768, 1413575, 1436030, 1615519, 1617314, 1621909, 1643840, 1644839, 1817483, 1818316, 1849854, 1870258, 2019616, 2045636, 2057218, 2059627, 2097752, 2221497, 2221959, 2303883, 2423681, 2625558, 2827840, 2855110, 3029635, 3029839, 3231670, 3263742, 3326888, 3327230, 3433569, 3434435, 3434976, 3439919, 3635539, 3837622, 4039549, 4040735, 4078050, 4122152, 4241537, 4242149, 4443574, 4520139, 4524498, 4645653, 4646417, 4732277, 4847527, 4848128, 4858733, 5049637, 5251611, 5262985, 5279736, 5334368, 5453709, 5519436, 5655793, 5857561, 5861270, 6059532, 6060127, 6086957, 6261485, 6262299, 6335856, 6336099, 6463557, 6665695, 6867752, 7069505, 7071023, 7084601, 7085464, 7120476, 7271692, 7281940, 7473522, 7474145, 7675455, 7677781, 7877590, 8079462, 8080115]
DriftDetectionMetrics(fp=51, tp=52, fn=0, precision=0.5048543689320388, recall=1.0, episode_recall=1.0, f1=0.6709677419354839, mdt=np.float64(587.85), far=0.0063114906255801, ar=0.01274673596930883, n_episodes=40, n_alarms=103)
Duración del procesamiento de stream 0:19:26.418201 10064.236357038333
Duración de test: 0:13:22.892511
Tiempo total transcurrido 16:05:44.690486
Hora del sistema 2026-05-06 10:38:05.882480
Semilla: 3 
 Tasa de error baja: 0.01 
 Aumento de la tasa de error: 0.3 
 Ruido del concepto estable: 0.0 
 Duración del concepto estable: 100000 
 Duración del cambio: 0 
 Número de cambios: 10 
Retreaso aceptable: 500
Nuevos elementos de entrenamiento en la iteración (2000500, 1)
Número y fracción de estados no visitados 87 0.11934156378600823
[200000, 400000, 600000, 800000, 1000000, 1200000, 1400000, 1600000, 1800000, 2000000] [200044, 400044, 600044, 800044, 1000044, 1200044, 1400044, 1600044, 1800044, 2000044]
DriftDetectionMetrics(fp=0, tp=10, fn=0, precision=1.0, recall=1.0, episode_recall=1.0, f1=1.0, mdt=np.float64(44.0), far=0.0, ar=0.0049987503124218945, n_episodes=10, n_alarms=10)
Duración del procesamiento de stream 0:07:59.733428 10862.61393771596
Duración de test: 0:03:04.163776
Tiempo total transcurrido 16:13:44.423914
Hora del sistema 2026-05-06 10:46:05.615908
Semilla: 3 
 Tasa de error baja: 0.01 
 Aumento de la tasa de error: 0.3 
 Ruido del concepto estable: 0.0 
 Duración del concepto estable: 100000 
 Duración del cambio: 0 
 Número de cambios: 20 
Retreaso aceptable: 500
Nuevos elementos de entrenamiento en la iteración (2000000, 1)
Número y fracción de estados no visitados 100 0.13717421124828533
[200000, 400000, 600000, 800000, 1000000, 1200000, 1400000, 1600000, 1800000, 2000000, 2200000, 2400000, 2600000, 2800000, 3000000, 3200000, 3400000, 3600000, 3800000, 4000000] [423, 8017, 8663, 9333, 12106, 28621, 35762, 36505, 39499, 48179, 80812, 82436, 200036, 216347, 229507, 230622, 234668, 235326, 236323, 236404, 241740, 242334, 248709, 251139, 259898, 273548, 285814, 289627, 298651, 400128, 408695, 454769, 457211, 462491, 472691, 474035, 483104, 492400, 495435, 600170, 617708, 625239, 663762, 691010, 800034, 862412, 868806, 1000038, 1004575, 1006090, 1021888, 1024459, 1024961, 1071236, 1072563, 1078421, 1090068, 1200020, 1203070, 1204913, 1208833, 1400065, 1426819, 1436030, 1448906, 1457613, 1472110, 1479677, 1499577, 1600025, 1620892, 1636588, 1643754, 1644848, 1658404, 1660982, 1665392, 1675017, 1684196, 1689096, 1800040, 1828021, 1843977, 1849849, 1859914, 1870258, 1896505, 2000057, 2027445, 2097748, 2200052, 2200993, 2211208, 2229499, 2235363, 2241550, 2250423, 2254518, 2272469, 2285302, 2285682, 2400050, 2414695, 2439451, 2439965, 2440744, 2445236, 2449757, 2459064, 2479776, 2484547, 2497990, 2600038, 2619285, 2650190, 2670022, 2684514, 2694467, 2699926, 2800054, 2815217, 2888357, 2889104, 3000048, 3027430, 3029317, 3052391, 3055884, 3056871, 3097817, 3200057, 3209251, 3211215, 3219038, 3225089, 3263736, 3280685, 3400042, 3401485, 3437807, 3440758, 3446788, 3481242, 3600019, 3610330, 3610677, 3617437, 3619195, 3619736, 3674541, 3674869, 3677249, 3679107, 3681118, 3800030, 3862663, 3866249, 3885465, 4000057]
DriftDetectionMetrics(fp=139, tp=20, fn=0, precision=0.12578616352201258, recall=1.0, episode_recall=1.0, f1=0.223463687150838, mdt=np.float64(53.0), far=0.03474565679290089, ar=0.03974503187101612, n_episodes=20, n_alarms=159)
Duración del procesamiento de stream 0:11:10.326228 10752.268712571966
Duración de test: 0:06:12.061014
Tiempo total transcurrido 16:24:54.750142
Hora del sistema 2026-05-06 10:57:15.942136
Semilla: 3 
 Tasa de error baja: 0.01 
 Aumento de la tasa de error: 0.3 
 Ruido del concepto estable: 0.0 
 Duración del concepto estable: 100000 
 Duración del cambio: 0 
 Número de cambios: 30 
Retreaso aceptable: 500
Nuevos elementos de entrenamiento en la iteración (2000000, 1)
Número y fracción de estados no visitados 107 0.1467764060356653
[200000, 400000, 600000, 800000, 1000000, 1200000, 1400000, 1600000, 1800000, 2000000, 2200000, 2400000, 2600000, 2800000, 3000000, 3200000, 3400000, 3600000, 3800000, 4000000, 4200000, 4400000, 4600000, 4800000, 5000000, 5200000, 5400000, 5600000, 5800000, 6000000] [965, 200037, 285812, 400052, 600079, 800047, 868806, 1000038, 1071236, 1200036, 1400045, 1426819, 1499588, 1600036, 1620904, 1800040, 1896560, 2000048, 2200640, 2228073, 2291396, 2400098, 2439927, 2490122, 2619304, 2800090, 2888319, 3000063, 3200037, 3268330, 3400543, 3600520, 3604313, 3620038, 3674869, 3800059, 4000580, 4043754, 4065617, 4094296, 4099866, 4400041, 4439124, 4484447, 4600077, 4800145, 4805960, 4864627, 5000268, 5200537, 5400523, 5452641, 5600075, 5800056, 5806581, 5861509, 6000059]
DriftDetectionMetrics(fp=35, tp=22, fn=8, precision=0.38596491228070173, recall=0.7333333333333333, episode_recall=0.7333333333333333, f1=0.5057471264367815, mdt=np.float64(69.36363636363636), far=0.005832847262728106, ar=0.009499208399300059, n_episodes=30, n_alarms=57)
Duración del procesamiento de stream 0:14:45.533922 10547.941857388972
Duración de test: 0:09:28.878752
Tiempo total transcurrido 16:39:40.284064
Hora del sistema 2026-05-06 11:12:01.476058
Semilla: 3 
 Tasa de error baja: 0.01 
 Aumento de la tasa de error: 0.3 
 Ruido del concepto estable: 0.0 
 Duración del concepto estable: 100000 
 Duración del cambio: 0 
 Número de cambios: 40 
Retreaso aceptable: 500
Nuevos elementos de entrenamiento en la iteración (2000000, 1)
Número y fracción de estados no visitados 110 0.15089163237311384
[200000, 400000, 600000, 800000, 1000000, 1200000, 1400000, 1600000, 1800000, 2000000, 2200000, 2400000, 2600000, 2800000, 3000000, 3200000, 3400000, 3600000, 3800000, 4000000, 4200000, 4400000, 4600000, 4800000, 5000000, 5200000, 5400000, 5600000, 5800000, 6000000, 6200000, 6400000, 6600000, 6800000, 7000000, 7200000, 7400000, 7600000, 7800000, 8000000] [743, 1532, 8017, 8663, 9333, 12074, 28623, 32411, 35762, 36503, 39492, 39900, 48179, 50644, 54935, 80810, 82432, 200032, 248709, 251139, 251634, 259897, 273414, 277147, 289627, 291742, 298649, 400057, 408695, 442189, 454769, 462491, 472691, 474035, 483104, 495440, 600153, 615679, 617708, 625239, 625395, 627365, 630129, 663761, 691010, 692323, 800035, 1000035, 1001089, 1004574, 1006089, 1021888, 1022350, 1024442, 1090065, 1200049, 1203068, 1204913, 1208833, 1400065, 1600033, 1615787, 1615945, 1616365, 1617247, 1618339, 1636587, 1643754, 1644833, 1658404, 1660979, 1665392, 1800039, 1828021, 1849849, 1859694, 1870258, 2000050, 2000389, 2006222, 2007391, 2097748, 2200052, 2200992, 2211208, 2285302, 2285682, 2400050, 2414695, 2600039, 2650190, 2800078, 2815217, 3000049, 3001886, 3002247, 3002365, 3002467, 3091989, 3097817, 3200057, 3202774, 3209018, 3209226, 3211197, 3215933, 3219047, 3225089, 3231420, 3231508, 3253814, 3258647, 3263736, 3266567, 3280626, 3292950, 3400042, 3401481, 3437801, 3439912, 3440757, 3446312, 3600019, 3614585, 3617437, 3619195, 3619450, 3634442, 3636240, 3800048, 3812371, 3839190, 3840256, 3862354, 3866243, 3883656, 3884411, 3885110, 4000054, 4004342, 4007605, 4008791, 4012555, 4023985, 4031605, 4033737, 4037583, 4065949, 4078045, 4079992, 4082094, 4092535, 4094255, 4099851, 4200061, 4200721, 4202201, 4202826, 4208005, 4228154, 4228745, 4255059, 4256940, 4272786, 4275305, 4400041, 4402183, 4404310, 4472372, 4482180, 4600036, 4602986, 4617188, 4626811, 4676785, 4681436, 4685262, 4800046, 4800918, 4802196, 4813460, 4813568, 4814223, 4815252, 4818285, 4828631, 4836005, 4843294, 4845571, 4847145, 4857672, 4858723, 4860664, 5000056, 5000338, 5002575, 5003073, 5079312, 5085725, 5086976, 5093815, 5200036, 5200451, 5217557, 5218224, 5221803, 5248401, 5249011, 5262975, 5264032, 5268284, 5400022, 5600054, 5603183, 5606575, 5608755, 5621515, 5630454, 5800054, 5800790, 5802639, 5809562, 5824915, 5842296, 5856554, 6000042, 6002616, 6019626, 6041057, 6059776, 6063348, 6063420, 6086955, 6093692, 6200028, 6201098, 6205918, 6229681, 6251193, 6286549, 6298508, 6400044, 6403894, 6410149, 6412297, 6417850, 6422223, 6422683, 6423365, 6429146, 6458094, 6472070, 6474410, 6490366, 6600041, 6615467, 6628151, 6655112, 6668945, 6676870, 6679141, 6680802, 6800034, 6864763, 7000059, 7010907, 7011624, 7023028, 7066296, 7067983, 7074925, 7084580, 7085452, 7086507, 7200043, 7201496, 7206678, 7247869, 7252430, 7257730, 7262042, 7262225, 7262891, 7266728, 7281646, 7400046, 7400277, 7400517, 7403821, 7404257, 7404935, 7410919, 7413920, 7419257, 7428957, 7433361, 7433740, 7497730, 7600008, 7602450, 7800034, 7801058, 7834263, 7839291, 7843413, 7862810, 7863274, 7871066, 7872927, 7873291, 8000035, 8000082]
DriftDetectionMetrics(fp=267, tp=45, fn=0, precision=0.14423076923076922, recall=1.0, episode_recall=1.0, f1=0.25210084033613445, mdt=np.float64(46.4), far=0.033372914192862944, ar=0.03899756265233423, n_episodes=40, n_alarms=312)
Duración del procesamiento de stream 0:18:45.261836 10352.950958788851
Duración de test: 0:12:52.774838
Tiempo total transcurrido 16:58:25.545900
Hora del sistema 2026-05-06 11:30:46.737894
Hora estimada de finalización 2026-05-06 17:10:15.253194
Semilla: 3 
 Tasa de error baja: 0.01 
 Aumento de la tasa de error: 0.3 
 Ruido del concepto estable: 0.1 
 Duración del concepto estable: 5000 
 Duración del cambio: 1000 
 Número de cambios: 10 
Retreaso aceptable: 500
Nuevos elementos de entrenamiento en la iteración (120500, 1)
Número y fracción de estados no visitados 71 0.09739368998628258
[11000, 23000, 35000, 47000, 59000, 71000, 83000, 95000, 107000, 119000] [11340, 11797, 15318, 23478, 24545, 26239, 29083, 35323, 36417, 37214, 47422, 47801, 59417, 60424, 71400, 72489, 76024, 83416, 83887, 95375, 95993, 107385, 107926, 108510, 119422, 120028]
DriftDetectionMetrics(fp=7, tp=19, fn=0, precision=0.7307692307692307, recall=1.0, episode_recall=1.0, f1=0.8444444444444443, mdt=np.float64(397.8), far=0.058091286307053944, ar=0.2157676348547718, n_episodes=10, n_alarms=26)
Duración del procesamiento de stream 0:00:32.724342 10686.892238433878
Duración de test: 0:00:11.275495
Tiempo total transcurrido 16:58:58.270242
Hora del sistema 2026-05-06 11:31:19.462236
Semilla: 3 
 Tasa de error baja: 0.01 
 Aumento de la tasa de error: 0.3 
 Ruido del concepto estable: 0.1 
 Duración del concepto estable: 5000 
 Duración del cambio: 1000 
 Número de cambios: 20 
Retreaso aceptable: 500
Nuevos elementos de entrenamiento en la iteración (120000, 1)
Número y fracción de estados no visitados 104 0.14266117969821673
[11000, 23000, 35000, 47000, 59000, 71000, 83000, 95000, 107000, 119000, 131000, 143000, 155000, 167000, 179000, 191000, 203000, 215000, 227000, 239000] [11422, 11937, 15246, 23582, 25203, 26943, 29024, 35527, 37601, 40568, 47606, 48108, 59539, 60741, 71496, 72765, 76024, 83555, 84167, 87892, 95462, 95995, 107538, 107965, 108516, 119581, 120030, 131555, 134473, 136479, 143444, 144250, 149446, 155501, 167532, 168204, 169556, 171278, 179529, 181363, 182451, 191516, 192147, 192587, 194932, 203535, 207806, 215494, 216921, 220723, 227373, 228072, 239581, 240331]
DriftDetectionMetrics(fp=23, tp=31, fn=0, precision=0.5740740740740741, recall=1.0, episode_recall=1.0, f1=0.7294117647058824, mdt=np.float64(518.4), far=0.09563409563409564, ar=0.22453222453222454, n_episodes=20, n_alarms=54)
Duración del procesamiento de stream 0:00:40.207179 10784.047806020224
Duración de test: 0:00:22.301459
Tiempo total transcurrido 16:59:38.477421
Hora del sistema 2026-05-06 11:31:59.669415
Semilla: 3 
 Tasa de error baja: 0.01 
 Aumento de la tasa de error: 0.3 
 Ruido del concepto estable: 0.1 
 Duración del concepto estable: 5000 
 Duración del cambio: 1000 
 Número de cambios: 30 
Retreaso aceptable: 500
Nuevos elementos de entrenamiento en la iteración (120000, 1)
Número y fracción de estados no visitados 129 0.17695473251028807
[11000, 23000, 35000, 47000, 59000, 71000, 83000, 95000, 107000, 119000, 131000, 143000, 155000, 167000, 179000, 191000, 203000, 215000, 227000, 239000, 251000, 263000, 275000, 287000, 299000, 311000, 323000, 335000, 347000, 359000] [1, 103, 196, 285, 387, 475, 11466, 11675, 13846, 13974, 14102, 15690, 15797, 15857, 16060, 16152, 16272, 16349, 16472, 16780, 16829, 16911, 17059, 17178, 23571, 23706, 23841, 23864, 23996, 24099, 24203, 24356, 24467, 26239, 26343, 26424, 26518, 26633, 26760, 26857, 26942, 27251, 27692, 27866, 27974, 28357, 28452, 28541, 28642, 29026, 35330, 35535, 35674, 35824, 35932, 36114, 36229, 36347, 36443, 36555, 36671, 37216, 37310, 37444, 37543, 37641, 37734, 37814, 37918, 38041, 38144, 38256, 38387, 39790, 39878, 39979, 40111, 40216, 40345, 40468, 47606, 47736, 47844, 47945, 48024, 48099, 48177, 48280, 48359, 48455, 48542, 48636, 48715, 48910, 49026, 49141, 49236, 49347, 49448, 49540, 49653, 49759, 49833, 49947, 50045, 50138, 50238, 50378, 50492, 50590, 50699, 50801, 50887, 51012, 51127, 51236, 51369, 51744, 51821, 52023, 52109, 52228, 59562, 59725, 59824, 59969, 60076, 60202, 60305, 60396, 60495, 60779, 60868, 60994, 61145, 61252, 61452, 61588, 61679, 61784, 71491, 71648, 71759, 71884, 71996, 72107, 72196, 72289, 72405, 72487, 72588, 72798, 72902, 73092, 73178, 73280, 73370, 73509, 73644, 73738, 73829, 73943, 74032, 74133, 74282, 74402, 74539, 74632, 77524, 83468, 83867, 83994, 84101, 84235, 84458, 85635, 85734, 88318, 88823, 88936, 89042, 95462, 95658, 95961, 96054, 99474, 99554, 99637, 99966, 100064, 100187, 107536, 107726, 107857, 107945, 108043, 108181, 108510, 108595, 111373, 111500, 111614, 111743, 111823, 111914, 112037, 112124, 112229, 112344, 112561, 119581, 119719, 119853, 119973, 120050, 120156, 120382, 120503, 120608, 120690, 120788, 120988, 121099, 121195, 121315, 121403, 121511, 121595, 121683, 121766, 121870, 131555, 131678, 131804, 131907, 132041, 132146, 132240, 132357, 132456, 132487, 132587, 132744, 135456, 135628, 136458, 136545, 136664, 136773, 136868, 137005, 137120, 137368, 143486, 143901, 144110, 144211, 149446, 155325, 155507, 155644, 155757, 155938, 156039, 156232, 156382, 156623, 156717, 156829, 157014, 157116, 157225, 158011, 158159, 158265, 158410, 158506, 158597, 158692, 167532, 167715, 167820, 167926, 168047, 168159, 168283, 168381, 168637, 168770, 168864, 168995, 169111, 169550, 169629, 169796, 169937, 170292, 170391, 170576, 171275, 171367, 171463, 171571, 179529, 179685, 179882, 179986, 180105, 180235, 180325, 180453, 180535, 180581, 180679, 180755, 180874, 181370, 181455, 181543, 181631, 181772, 182451, 182557, 182655, 182762, 182871, 191516, 191722, 192587, 194932, 198037, 199212, 200479, 202181, 203233, 203500, 203687, 203806, 203914, 204014, 207162, 207257, 215404, 215571, 215774, 216925, 217004, 222223, 224490, 225837, 226753, 227294, 227509, 227668, 227802, 227920, 228078, 228191, 228293, 228365, 228508, 228624, 228901, 229070, 229168, 229298, 229397, 229481, 229618, 229704, 229810, 229916, 230073, 230204, 230276, 230378, 230605, 230690, 230773, 230880, 230958, 231058, 231502, 231617, 231734, 234134, 239370, 239577, 239759, 239906, 244445, 244578, 244664, 244759, 244861, 244979, 245120, 251474, 251679, 251787, 251921, 252254, 252396, 258164, 260560, 262501, 263321, 263527, 263713, 263832, 263941, 264095, 264191, 264309, 264401, 264502, 264590, 264668, 264767, 266777, 266874, 267463, 267560, 267659, 267749, 267921, 268217, 268336, 268429, 268527, 268621, 268712, 268783, 275534, 275701, 275823, 275904, 280926, 281056, 281156, 281303, 287583, 287838, 288025, 288143, 299558, 299692, 299841, 299966, 300056, 300169, 300352, 300589, 300758, 300853, 300931, 301045, 301157, 305011, 305106, 305300, 311477, 311662, 311769, 311906, 311989, 312132, 312216, 312417, 312512, 312620, 312772, 312870, 312979, 313089, 313213, 313367, 313446, 315679, 315773, 315874, 316050, 316182, 316305, 316454, 316590, 316773, 316955, 323496, 323694, 323846, 323950, 324022, 335475, 335641, 335795, 335946, 336045, 336167, 336305, 336428, 336742, 336829, 337064, 337406, 337536, 337665, 337737, 337874, 337943, 338041, 338181, 338296, 338432, 338520, 338594, 338733, 338826, 338914, 338987, 339078, 339178, 339312, 340893, 340972, 341023, 341131, 347500, 347678, 347781, 347891, 348242, 348355, 359583, 359819, 359977, 360174]
DriftDetectionMetrics(fp=342, tp=195, fn=0, precision=0.36312849162011174, recall=1.0, episode_recall=1.0, f1=0.5327868852459016, mdt=np.float64(477.26666666666665), far=0.9486823855755894, ar=1.4895977808599168, n_episodes=30, n_alarms=537)
Duración del procesamiento de stream 0:00:51.226215 10549.487234930233
Duración de test: 0:00:34.172277
Tiempo total transcurrido 17:00:29.703636
Hora del sistema 2026-05-06 11:32:50.895630
Semilla: 3 
 Tasa de error baja: 0.01 
 Aumento de la tasa de error: 0.3 
 Ruido del concepto estable: 0.1 
 Duración del concepto estable: 5000 
 Duración del cambio: 1000 
 Número de cambios: 40 
Retreaso aceptable: 500
Nuevos elementos de entrenamiento en la iteración (120000, 1)
Número y fracción de estados no visitados 145 0.19890260631001372
[11000, 23000, 35000, 47000, 59000, 71000, 83000, 95000, 107000, 119000, 131000, 143000, 155000, 167000, 179000, 191000, 203000, 215000, 227000, 239000, 251000, 263000, 275000, 287000, 299000, 311000, 323000, 335000, 347000, 359000, 371000, 383000, 395000, 407000, 419000, 431000, 443000, 455000, 467000, 479000] [11354, 11879, 15246, 23470, 23870, 26948, 29024, 35533, 37313, 47425, 47802, 59582, 60783, 71407, 72485, 76024, 83416, 83890, 95378, 95993, 107385, 108021, 108516, 119428, 120041, 131401, 131924, 137369, 143486, 144352, 149446, 155501, 167373, 168203, 169556, 179444, 180684, 182453, 191381, 191919, 192590, 194933, 203413, 204357, 207804, 215530, 216919, 220723, 227283, 227932, 239452, 240351, 244441, 251510, 251798, 253742, 254184, 257281, 263721, 275401, 275915, 280926, 287608, 288469, 299445, 300591, 304188, 311565, 314336, 323392, 324002, 335362, 336468, 340894, 347358, 348384, 359360, 360555, 362498, 371394, 372304, 383344, 384000, 384391, 385135, 395375, 396126, 398054, 407634, 410945, 419457, 419923, 424726, 431572, 431978, 434920, 437323, 443473, 444202, 455434, 456284, 460513, 467393, 468610, 479458]
DriftDetectionMetrics(fp=36, tp=69, fn=0, precision=0.6571428571428571, recall=1.0, episode_recall=1.0, f1=0.7931034482758621, mdt=np.float64(447.45), far=0.07492195629552549, ar=0.21852237252861603, n_episodes=40, n_alarms=105)
Duración del procesamiento de stream 0:01:01.668450 10762.477760252446
Duración de test: 0:00:44.645853
Tiempo total transcurrido 17:01:31.372086
Hora del sistema 2026-05-06 11:33:52.564080
Semilla: 3 
 Tasa de error baja: 0.01 
 Aumento de la tasa de error: 0.3 
 Ruido del concepto estable: 0.1 
 Duración del concepto estable: 5000 
 Duración del cambio: 0 
 Número de cambios: 10 
Retreaso aceptable: 500
Nuevos elementos de entrenamiento en la iteración (100500, 1)
Número y fracción de estados no visitados 76 0.10425240054869685
[10000, 20000, 30000, 40000, 50000, 60000, 70000, 80000, 90000, 100000] [2466, 10082, 11374, 20078, 30056, 30378, 30899, 40027, 50043, 50887, 51823, 53648, 60032, 61815, 70026, 70688, 80028, 81096, 82067, 83887, 90031, 100047]
DriftDetectionMetrics(fp=11, tp=11, fn=0, precision=0.5, recall=1.0, episode_recall=1.0, f1=0.6666666666666666, mdt=np.float64(45.0), far=0.10945273631840796, ar=0.21890547263681592, n_episodes=10, n_alarms=22)
Duración del procesamiento de stream 0:00:24.033761 10875.255730826924
Duración de test: 0:00:09.241162
Tiempo total transcurrido 17:01:55.405847
Hora del sistema 2026-05-06 11:34:16.597841
Semilla: 3 
 Tasa de error baja: 0.01 
 Aumento de la tasa de error: 0.3 
 Ruido del concepto estable: 0.1 
 Duración del concepto estable: 5000 
 Duración del cambio: 0 
 Número de cambios: 20 
Retreaso aceptable: 500
Nuevos elementos de entrenamiento en la iteración (100000, 1)
Número y fracción de estados no visitados 93 0.12757201646090535
[10000, 20000, 30000, 40000, 50000, 60000, 70000, 80000, 90000, 100000, 110000, 120000, 130000, 140000, 150000, 160000, 170000, 180000, 190000, 200000] [10168, 11374, 20097, 30049, 30378, 40027, 50053, 50887, 60032, 70026, 80028, 82067, 90035, 100059, 110004, 114045, 120030, 130090, 140018, 150054, 151916, 160017, 170183, 171278, 180090, 190045, 192590, 194932, 200035]
DriftDetectionMetrics(fp=8, tp=21, fn=0, precision=0.7241379310344828, recall=1.0, episode_recall=1.0, f1=0.8400000000000001, mdt=np.float64(57.0), far=0.0399002493765586, ar=0.14463840399002495, n_episodes=20, n_alarms=29)
Duración del procesamiento de stream 0:00:33.231242 10811.961599363598
Duración de test: 0:00:18.544276
Tiempo total transcurrido 17:02:28.637089
Hora del sistema 2026-05-06 11:34:49.829083
Semilla: 3 
 Tasa de error baja: 0.01 
 Aumento de la tasa de error: 0.3 
 Ruido del concepto estable: 0.1 
 Duración del concepto estable: 5000 
 Duración del cambio: 0 
 Número de cambios: 30 
Retreaso aceptable: 500
Nuevos elementos de entrenamiento en la iteración (100000, 1)
Número y fracción de estados no visitados 111 0.1522633744855967
[10000, 20000, 30000, 40000, 50000, 60000, 70000, 80000, 90000, 100000, 110000, 120000, 130000, 140000, 150000, 160000, 170000, 180000, 190000, 200000, 210000, 220000, 230000, 240000, 250000, 260000, 270000, 280000, 290000, 300000] [111, 10095, 11374, 20078, 30056, 30389, 40084, 50036, 51385, 51822, 60033, 70070, 70562, 70691, 80035, 82067, 90035, 100051, 110004, 114045, 120029, 130077, 140027, 150070, 151916, 160018, 170066, 170613, 171278, 180078, 190030, 192590, 194932, 200043, 210027, 213328, 220048, 220723, 230061, 233898, 240073, 244444, 250075, 260059, 260670, 270024, 271118, 274400, 280032, 280924, 281374, 290040, 292060, 300044]
DriftDetectionMetrics(fp=23, tp=31, fn=0, precision=0.5740740740740741, recall=1.0, episode_recall=1.0, f1=0.7294117647058824, mdt=np.float64(49.93333333333333), far=0.07653910149750416, ar=0.17970049916805325, n_episodes=30, n_alarms=54)
Duración del procesamiento de stream 0:00:42.002181 10791.882091308014
Duración de test: 0:00:27.845004
Tiempo total transcurrido 17:03:10.639270
Hora del sistema 2026-05-06 11:35:31.831264
Semilla: 3 
 Tasa de error baja: 0.01 
 Aumento de la tasa de error: 0.3 
 Ruido del concepto estable: 0.1 
 Duración del concepto estable: 5000 
 Duración del cambio: 0 
 Número de cambios: 40 
Retreaso aceptable: 500
Nuevos elementos de entrenamiento en la iteración (100000, 1)
Número y fracción de estados no visitados 122 0.1673525377229081
[10000, 20000, 30000, 40000, 50000, 60000, 70000, 80000, 90000, 100000, 110000, 120000, 130000, 140000, 150000, 160000, 170000, 180000, 190000, 200000, 210000, 220000, 230000, 240000, 250000, 260000, 270000, 280000, 290000, 300000, 310000, 320000, 330000, 340000, 350000, 360000, 370000, 380000, 390000, 400000] [927, 1157, 1454, 2462, 3425, 4048, 10173, 10758, 11065, 11374, 11793, 14187, 14588, 20107, 21588, 22024, 22845, 23592, 23869, 24976, 30030, 30389, 30507, 30720, 30899, 32133, 32347, 32661, 33146, 33313, 33773, 34396, 34635, 40084, 40568, 41145, 41259, 41756, 43121, 43566, 44138, 44331, 50045, 51385, 51822, 52247, 53305, 53418, 54100, 60033, 60789, 61514, 61813, 63906, 64495, 64596, 70070, 70554, 70688, 71654, 72450, 73190, 73399, 73509, 73653, 80040, 80767, 81063, 82011, 82066, 83666, 83890, 84924, 90019, 90401, 91085, 92425, 92843, 93837, 100045, 100709, 101818, 102435, 102610, 103553, 104708, 110004, 112580, 113686, 114041, 114477, 120029, 120567, 121403, 121887, 122855, 123537, 124007, 124605, 130053, 130522, 131625, 133949, 134252, 140027, 141313, 142145, 143199, 150070, 150207, 151170, 151611, 151851, 153813, 160018, 160116, 160851, 162556, 164013, 170061, 170592, 171278, 171593, 173772, 174781, 180101, 180467, 181379, 181963, 182452, 182878, 190032, 191778, 191918, 192584, 193198, 193530, 194077, 194822, 200043, 202024, 202346, 202978, 203880, 204357, 204758, 210027, 211903, 213307, 213479, 220094, 220723, 221348, 221510, 222248, 222670, 223299, 223692, 224076, 230061, 231501, 231926, 233898, 240064, 241487, 243172, 243413, 244444, 250075, 251798, 252665, 253740, 253871, 254172, 260069, 260525, 260669, 261634, 263129, 264640, 264854, 270024, 270138, 271113, 271410, 271547, 272059, 272416, 273233, 274400, 280032, 280924, 281374, 282167, 283822, 284253, 284844, 290038, 290159, 290445, 291244, 291428, 291856, 291969, 292974, 294975, 300044, 300590, 301834, 302961, 303208, 303511, 304141, 310061, 310957, 311772, 311923, 312221, 313216, 313370, 313882, 314168, 320088, 321256, 322026, 323423, 323986, 330061, 331624, 333027, 333287, 333592, 334250, 334948, 340089, 340892, 342430, 343223, 350036, 351113, 351772, 352330, 352692, 353080, 354218, 354689, 360125, 360578, 360844, 361703, 362497, 362923, 363373, 363509, 364798, 370033, 370199, 370838, 372489, 372842, 373315, 373664, 374404, 380063, 380321, 382190, 382780, 383139, 384050, 384383, 384769, 390014, 390716, 391098, 391332, 391786, 393440, 394209, 394823, 400091]
DriftDetectionMetrics(fp=230, tp=50, fn=0, precision=0.17857142857142858, recall=1.0, episode_recall=1.0, f1=0.30303030303030304, mdt=np.float64(56.825), far=0.5742821473158553, ar=0.6991260923845193, n_episodes=40, n_alarms=280)
Duración del procesamiento de stream 0:00:52.741306 10351.484193477485
Duración de test: 0:00:38.690104
Tiempo total transcurrido 17:04:03.380576
Hora del sistema 2026-05-06 11:36:24.572570
Semilla: 3 
 Tasa de error baja: 0.01 
 Aumento de la tasa de error: 0.3 
 Ruido del concepto estable: 0.1 
 Duración del concepto estable: 100000 
 Duración del cambio: 1000 
 Número de cambios: 10 
Retreaso aceptable: 500
Nuevos elementos de entrenamiento en la iteración (2020500, 1)
Número y fracción de estados no visitados 95 0.13031550068587106
[201000, 403000, 605000, 807000, 1009000, 1211000, 1413000, 1615000, 1817000, 2019000] [908, 203400, 405766, 607420, 809132, 1213318, 1415230, 1617311, 1819222, 2019678]
DriftDetectionMetrics(fp=9, tp=1, fn=9, precision=0.1, recall=0.1, episode_recall=0.1, f1=0.10000000000000002, mdt=np.float64(678.0), far=0.004454342984409799, ar=0.004949269982677555, n_episodes=10, n_alarms=10)
Duración del procesamiento de stream 0:08:02.420516 10541.32481053788
Duración de test: 0:03:11.674200
Tiempo total transcurrido 17:12:05.801092
Hora del sistema 2026-05-06 11:44:26.993086
Semilla: 3 
 Tasa de error baja: 0.01 
 Aumento de la tasa de error: 0.3 
 Ruido del concepto estable: 0.1 
 Duración del concepto estable: 100000 
 Duración del cambio: 1000 
 Número de cambios: 20 
Retreaso aceptable: 500
Nuevos elementos de entrenamiento en la iteración (2020000, 1)
Número y fracción de estados no visitados 131 0.17969821673525377
[201000, 403000, 605000, 807000, 1009000, 1211000, 1413000, 1615000, 1817000, 2019000, 2221000, 2423000, 2625000, 2827000, 3029000, 3231000, 3433000, 3635000, 3837000, 4039000] [201899, 403725, 434922, 464451, 465835, 605841, 624043, 807650, 810205, 834540, 1009760, 1211762, 1413729, 1615809, 1817721, 1852933, 1865697, 1867111, 1870724, 1875814, 2019678, 2020962, 2031491, 2048877, 2221824, 2241334, 2423801, 2426794, 2430129, 2438601, 2625653, 2827674, 2915381, 3029737, 3031995, 3231583, 3233645, 3234071, 3320683, 3433730, 3435302, 3635640, 3675859, 3680226, 3837838, 3902822, 4039745]
DriftDetectionMetrics(fp=27, tp=20, fn=0, precision=0.425531914893617, recall=1.0, episode_recall=1.0, f1=0.5970149253731344, mdt=np.float64(739.95), far=0.006682341294394258, ar=0.011632223734686302, n_episodes=20, n_alarms=47)
Duración del procesamiento de stream 0:11:16.613040 10599.46942159447
Duración de test: 0:06:21.198326
Tiempo total transcurrido 17:23:22.414132
Hora del sistema 2026-05-06 11:55:43.606126
Semilla: 3 
 Tasa de error baja: 0.01 
 Aumento de la tasa de error: 0.3 
 Ruido del concepto estable: 0.1 
 Duración del concepto estable: 100000 
 Duración del cambio: 1000 
 Número de cambios: 30 
Retreaso aceptable: 500
Nuevos elementos de entrenamiento en la iteración (2020000, 1)
Número y fracción de estados no visitados 140 0.19204389574759945
[201000, 403000, 605000, 807000, 1009000, 1211000, 1413000, 1615000, 1817000, 2019000, 2221000, 2423000, 2625000, 2827000, 3029000, 3231000, 3433000, 3635000, 3837000, 4039000, 4241000, 4443000, 4645000, 4847000, 5049000, 5251000, 5453000, 5655000, 5857000, 6059000] [201389, 203944, 403336, 605320, 607690, 807402, 1009354, 1211338, 1413450, 1615338, 1617770, 1817386, 2019306, 2221386, 2423402, 2625290, 2827306, 3029290, 3032508, 3231452, 3433372, 3635324, 3837340, 3839563, 4039339, 4241259, 4443307, 4645387, 4847339, 5049291, 5251275, 5253910, 5453366, 5655254, 5658357, 5857493, 6059381]
DriftDetectionMetrics(fp=7, tp=30, fn=0, precision=0.8108108108108109, recall=1.0, episode_recall=1.0, f1=0.8955223880597014, mdt=np.float64(349.06666666666666), far=0.001155020212853725, ar=0.006105106839369689, n_episodes=30, n_alarms=37)
Duración del procesamiento de stream 0:14:45.358780 10556.98883887896
Duración de test: 0:09:34.074681
Tiempo total transcurrido 17:38:07.772912
Hora del sistema 2026-05-06 12:10:28.964906
Semilla: 3 
 Tasa de error baja: 0.01 
 Aumento de la tasa de error: 0.3 
 Ruido del concepto estable: 0.1 
 Duración del concepto estable: 100000 
 Duración del cambio: 1000 
 Número de cambios: 40 
Retreaso aceptable: 500
Nuevos elementos de entrenamiento en la iteración (2020000, 1)
Número y fracción de estados no visitados 154 0.2112482853223594
[201000, 403000, 605000, 807000, 1009000, 1211000, 1413000, 1615000, 1817000, 2019000, 2221000, 2423000, 2625000, 2827000, 3029000, 3231000, 3433000, 3635000, 3837000, 4039000, 4241000, 4443000, 4645000, 4847000, 5049000, 5251000, 5453000, 5655000, 5857000, 6059000, 6261000, 6463000, 6665000, 6867000, 7069000, 7271000, 7473000, 7675000, 7877000, 8079000] [98, 201378, 202085, 237038, 280926, 403326, 404149, 434922, 464451, 465835, 487930, 494478, 494833, 605297, 606054, 624043, 634876, 662693, 675958, 807382, 808012, 810238, 834540, 865260, 1009356, 1009926, 1035136, 1069406, 1211326, 1211849, 1245532, 1295340, 1413420, 1415455, 1615327, 1616031, 1642129, 1817393, 1819079, 1852933, 1865697, 1867111, 1870724, 1875814, 2019302, 2020347, 2031491, 2048877, 2096278, 2221398, 2221996, 2241334, 2293162, 2298952, 2423400, 2424116, 2426794, 2430129, 2438601, 2625289, 2625896, 2649612, 2671507, 2827283, 2827936, 2915381, 3029269, 3030164, 3031995, 3103382, 3231446, 3233195, 3272929, 3320683, 3433355, 3434042, 3435303, 3635335, 3636174, 3675859, 3680226, 3837346, 3837910, 3854578, 3889748, 3902822, 4039334, 4040140, 4083933, 4121607, 4241255, 4241644, 4242490, 4246010, 4443322, 4444172, 4449191, 4493097, 4530047, 4645407, 4650155, 4659694, 4670847, 4847359, 4934203, 5049307, 5050298, 5054026, 5063172, 5251300, 5251839, 5279782, 5453382, 5455123, 5655251, 5656161, 5662417, 5714772, 5857460, 5859192, 5883215, 5883584, 5913339, 5942698, 5956513, 6059393, 6061814, 6261302, 6262429, 6463357, 6464029, 6487889, 6534667, 6665323, 6666212, 6867300, 6867990, 6880646, 6881448, 7069288, 7070132, 7271380, 7271917, 7274948, 7279161, 7309971, 7327467, 7473387, 7474426, 7675322, 7675989, 7676351, 7683289, 7877401, 7878041, 7879681, 7892608, 7921924, 7936855, 8079351, 8079973]
DriftDetectionMetrics(fp=87, tp=74, fn=0, precision=0.45962732919254656, recall=1.0, episode_recall=1.0, f1=0.6297872340425532, mdt=np.float64(345.225), far=0.010766660478930759, ar=0.019924509621929338, n_episodes=40, n_alarms=161)
Duración del procesamiento de stream 0:19:05.158238 10019.533856541186
Duración de test: 0:13:26.474644
Tiempo total transcurrido 17:57:12.931150
Hora del sistema 2026-05-06 12:29:34.123144
Semilla: 3 
 Tasa de error baja: 0.01 
 Aumento de la tasa de error: 0.3 
 Ruido del concepto estable: 0.1 
 Duración del concepto estable: 100000 
 Duración del cambio: 0 
 Número de cambios: 10 
Retreaso aceptable: 500
Nuevos elementos de entrenamiento en la iteración (2000500, 1)
Número y fracción de estados no visitados 71 0.09739368998628258
[200000, 400000, 600000, 800000, 1000000, 1200000, 1400000, 1600000, 1800000, 2000000] [200044, 400076, 600044, 800044, 1000044, 1200044, 1400044, 1600044, 1800044, 2000044]
DriftDetectionMetrics(fp=0, tp=10, fn=0, precision=1.0, recall=1.0, episode_recall=1.0, f1=1.0, mdt=np.float64(47.2), far=0.0, ar=0.0049987503124218945, n_episodes=10, n_alarms=10)
Duración del procesamiento de stream 0:08:03.979939 10563.452050587555
Duración de test: 0:03:09.379380
Tiempo total transcurrido 18:05:16.911089
Hora del sistema 2026-05-06 12:37:38.103083
Semilla: 3 
 Tasa de error baja: 0.01 
 Aumento de la tasa de error: 0.3 
 Ruido del concepto estable: 0.1 
 Duración del concepto estable: 100000 
 Duración del cambio: 0 
 Número de cambios: 20 
Retreaso aceptable: 500
Nuevos elementos de entrenamiento en la iteración (2000000, 1)
Número y fracción de estados no visitados 86 0.11796982167352538
[200000, 400000, 600000, 800000, 1000000, 1200000, 1400000, 1600000, 1800000, 2000000, 2200000, 2400000, 2600000, 2800000, 3000000, 3200000, 3400000, 3600000, 3800000, 4000000] [200066, 400102, 1000044, 1400045, 1600067, 1800067, 2000035, 2200067, 2400035, 2600086, 2800054, 3000054, 3200079, 3400067, 3800035]
DriftDetectionMetrics(fp=0, tp=15, fn=5, precision=1.0, recall=0.75, episode_recall=0.75, f1=0.8571428571428571, mdt=np.float64(60.2), far=0.0, ar=0.0037495313085864268, n_episodes=20, n_alarms=15)
Duración del procesamiento de stream 0:11:07.586809 10729.99513640608
Duración de test: 0:06:12.833347
Tiempo total transcurrido 18:16:24.497898
Hora del sistema 2026-05-06 12:48:45.689892
Semilla: 3 
 Tasa de error baja: 0.01 
 Aumento de la tasa de error: 0.3 
 Ruido del concepto estable: 0.1 
 Duración del concepto estable: 100000 
 Duración del cambio: 0 
 Número de cambios: 30 
Retreaso aceptable: 500
Nuevos elementos de entrenamiento en la iteración (2000000, 1)
Número y fracción de estados no visitados 94 0.1289437585733882
[200000, 400000, 600000, 800000, 1000000, 1200000, 1400000, 1600000, 1800000, 2000000, 2200000, 2400000, 2600000, 2800000, 3000000, 3200000, 3400000, 3600000, 3800000, 4000000, 4200000, 4400000, 4600000, 4800000, 5000000, 5200000, 5400000, 5600000, 5800000, 6000000] [1, 200065, 400065, 434922, 464451, 465835, 600075, 622208, 624043, 800043, 810334, 834540, 1000044, 1200044, 1203071, 1400051, 1600051, 1800051, 1812279, 1852933, 1865697, 1867111, 1870724, 1875814, 2000038, 2031491, 2048877, 2200045, 2208315, 2400027, 2430153, 2438601, 2600073, 2800041, 3000041, 3200073, 3213991, 3221857, 3400033, 3435302, 3600064, 3600755, 3675860, 3680726, 3800022, 4000054, 4200054, 4400086, 4493106, 4600050, 4800049, 5000049, 5063173, 5200037, 5400069, 5400148, 5600052, 5603311, 5800028, 5822681, 5844390, 5892280, 6000056]
DriftDetectionMetrics(fp=32, tp=31, fn=0, precision=0.49206349206349204, recall=1.0, episode_recall=1.0, f1=0.6595744680851063, mdt=np.float64(51.0), far=0.005332888925922839, ar=0.01049912507291059, n_episodes=30, n_alarms=63)
Duración del procesamiento de stream 0:14:38.714368 10574.851146479612
Duración de test: 0:09:27.431155
Tiempo total transcurrido 18:31:03.212266
Hora del sistema 2026-05-06 13:03:24.404260
Semilla: 3 
 Tasa de error baja: 0.01 
 Aumento de la tasa de error: 0.3 
 Ruido del concepto estable: 0.1 
 Duración del concepto estable: 100000 
 Duración del cambio: 0 
 Número de cambios: 40 
Retreaso aceptable: 500
Nuevos elementos de entrenamiento en la iteración (2000000, 1)
Número y fracción de estados no visitados 98 0.13443072702331962
[200000, 400000, 600000, 800000, 1000000, 1200000, 1400000, 1600000, 1800000, 2000000, 2200000, 2400000, 2600000, 2800000, 3000000, 3200000, 3400000, 3600000, 3800000, 4000000, 4200000, 4400000, 4600000, 4800000, 5000000, 5200000, 5400000, 5600000, 5800000, 6000000, 6200000, 6400000, 6600000, 6800000, 7000000, 7200000, 7400000, 7600000, 7800000, 8000000] [932, 200068, 400068, 600036, 800036, 1000036, 1200036, 1400036, 1600068, 1800068, 2000036, 2200068, 2400036, 2600068, 2800036, 3000036, 3200068, 3400036, 3600068, 3800036, 4000068, 4200068, 4400068, 4600068, 4800036, 5000068, 5200036, 5400068, 5600068, 5800036, 6000068, 6200068, 6400068, 6600068, 6800068, 7000068, 7200036, 7400068, 7600068, 7800068, 8000068]
DriftDetectionMetrics(fp=1, tp=40, fn=0, precision=0.975609756097561, recall=1.0, episode_recall=1.0, f1=0.9876543209876543, mdt=np.float64(56.0), far=0.00012499218798825074, ar=0.00512467970751828, n_episodes=40, n_alarms=41)
Duración del procesamiento de stream 0:18:34.135007 10341.172718224085
Duración de test: 0:12:53.655002
Tiempo total transcurrido 18:49:37.347273
Hora del sistema 2026-05-06 13:21:58.539267
Hora estimada de finalización 2026-05-06 17:07:54.008722
Semilla: 3 
 Tasa de error baja: 0.01 
 Aumento de la tasa de error: 0.05 
 Ruido del concepto estable: 0.0 
 Duración del concepto estable: 5000 
 Duración del cambio: 1000 
 Número de cambios: 10 
Retreaso aceptable: 500
Nuevos elementos de entrenamiento en la iteración (120500, 1)
Número y fracción de estados no visitados 90 0.12345679012345678
[11000, 23000, 35000, 47000, 59000, 71000, 83000, 95000, 107000, 119000] [12076, 24236, 37780, 48052, 59604, 73616, 83856, 95888, 107792, 119952]
DriftDetectionMetrics(fp=2, tp=8, fn=2, precision=0.8, recall=0.8, episode_recall=0.8, f1=0.8000000000000002, mdt=np.float64(932.0), far=0.016597510373443983, ar=0.08298755186721991, n_episodes=10, n_alarms=10)
Duración del procesamiento de stream 0:00:33.774590 10870.38986089419
Duración de test: 0:00:11.085159
Tiempo total transcurrido 18:50:11.121863
Hora del sistema 2026-05-06 13:22:32.313857
Semilla: 3 
 Tasa de error baja: 0.01 
 Aumento de la tasa de error: 0.05 
 Ruido del concepto estable: 0.0 
 Duración del concepto estable: 5000 
 Duración del cambio: 1000 
 Número de cambios: 20 
Retreaso aceptable: 500
Nuevos elementos de entrenamiento en la iteración (120000, 1)
Número y fracción de estados no visitados 108 0.14814814814814814
[11000, 23000, 35000, 47000, 59000, 71000, 83000, 95000, 107000, 119000, 131000, 143000, 155000, 167000, 179000, 191000, 203000, 215000, 227000, 239000] [13729, 25931, 37614, 51054, 61891, 73676, 85580, 97472, 109435, 121454, 131918, 143982, 156142, 168206, 181408, 192064, 206044, 216060, 228028, 239548]
DriftDetectionMetrics(fp=12, tp=8, fn=12, precision=0.4, recall=0.4, episode_recall=0.4, f1=0.4000000000000001, mdt=np.float64(993.5), far=0.0498960498960499, ar=0.08316008316008316, n_episodes=20, n_alarms=20)
Duración del procesamiento de stream 0:00:38.852020 10986.353441542597
Duración de test: 0:00:21.890794
Tiempo total transcurrido 18:50:49.973883
Hora del sistema 2026-05-06 13:23:11.165877
Semilla: 3 
 Tasa de error baja: 0.01 
 Aumento de la tasa de error: 0.05 
 Ruido del concepto estable: 0.0 
 Duración del concepto estable: 5000 
 Duración del cambio: 1000 
 Número de cambios: 30 
Retreaso aceptable: 500
Nuevos elementos de entrenamiento en la iteración (120000, 1)
Número y fracción de estados no visitados 121 0.16598079561042525
[11000, 23000, 35000, 47000, 59000, 71000, 83000, 95000, 107000, 119000, 131000, 143000, 155000, 167000, 179000, 191000, 203000, 215000, 227000, 239000, 251000, 263000, 275000, 287000, 299000, 311000, 323000, 335000, 347000, 359000] [13729, 25931, 37614, 51277, 61672, 73830, 85721, 97802, 109752, 121409, 135206, 145094, 158674, 169779, 181659, 193619, 206037, 217228, 229182, 241306, 253782, 265821, 277227, 290493, 301605, 314268, 325665, 338799, 350205]
DriftDetectionMetrics(fp=29, tp=0, fn=30, precision=0.0, recall=0.0, episode_recall=0.0, f1=0.0, mdt=nan, far=0.08044382801664354, ar=0.08044382801664354, n_episodes=30, n_alarms=29)
Duración del procesamiento de stream 0:00:49.820240 10860.136682878647
Duración de test: 0:00:33.194794
Tiempo total transcurrido 18:51:39.794123
Hora del sistema 2026-05-06 13:24:00.986117
Semilla: 3 
 Tasa de error baja: 0.01 
 Aumento de la tasa de error: 0.05 
 Ruido del concepto estable: 0.0 
 Duración del concepto estable: 5000 
 Duración del cambio: 1000 
 Número de cambios: 40 
Retreaso aceptable: 500
Nuevos elementos de entrenamiento en la iteración (120000, 1)
Número y fracción de estados no visitados 136 0.18655692729766804
[11000, 23000, 35000, 47000, 59000, 71000, 83000, 95000, 107000, 119000, 131000, 143000, 155000, 167000, 179000, 191000, 203000, 215000, 227000, 239000, 251000, 263000, 275000, 287000, 299000, 311000, 323000, 335000, 347000, 359000, 371000, 383000, 395000, 407000, 419000, 431000, 443000, 455000, 467000, 479000] [925, 15384, 25619, 37710, 51148, 61672, 73830, 85721, 97802, 109752, 121409, 135206, 145094, 158674, 169779, 181659, 193619, 206037, 217228, 229182, 241306, 253782, 265821, 277227, 290493, 301605, 314268, 325665, 338799, 350205, 360676, 374554, 385548, 397080, 409255, 422426, 433271, 445751, 457791, 469433]
DriftDetectionMetrics(fp=40, tp=0, fn=40, precision=0.0, recall=0.0, episode_recall=0.0, f1=0.0, mdt=nan, far=0.08324661810613944, ar=0.08324661810613944, n_episodes=40, n_alarms=40)
Duración del procesamiento de stream 0:01:01.094037 10839.638389663322
Duración de test: 0:00:44.328047
Tiempo total transcurrido 18:52:40.888160
Hora del sistema 2026-05-06 13:25:02.080154
Semilla: 3 
 Tasa de error baja: 0.01 
 Aumento de la tasa de error: 0.05 
 Ruido del concepto estable: 0.0 
 Duración del concepto estable: 5000 
 Duración del cambio: 0 
 Número de cambios: 10 
Retreaso aceptable: 500
Nuevos elementos de entrenamiento en la iteración (100500, 1)
Número y fracción de estados no visitados 84 0.11522633744855967
[10000, 20000, 30000, 40000, 50000, 60000, 70000, 80000, 90000, 100000] [10252, 20460, 30188, 40268, 50636, 60396, 70220, 80236, 90508, 100460]
DriftDetectionMetrics(fp=2, tp=8, fn=2, precision=0.8, recall=0.8, episode_recall=0.8, f1=0.8000000000000002, mdt=np.float64(310.0), far=0.01990049751243781, ar=0.09950248756218905, n_episodes=10, n_alarms=10)
Duración del procesamiento de stream 0:00:24.636609 10515.253709530398
Duración de test: 0:00:09.557544
Tiempo total transcurrido 18:53:05.524769
Hora del sistema 2026-05-06 13:25:26.716763
Semilla: 3 
 Tasa de error baja: 0.01 
 Aumento de la tasa de error: 0.05 
 Ruido del concepto estable: 0.0 
 Duración del concepto estable: 5000 
 Duración del cambio: 0 
 Número de cambios: 20 
Retreaso aceptable: 500
Nuevos elementos de entrenamiento en la iteración (100000, 1)
Número y fracción de estados no visitados 123 0.16872427983539096
[10000, 20000, 30000, 40000, 50000, 60000, 70000, 80000, 90000, 100000, 110000, 120000, 130000, 140000, 150000, 160000, 170000, 180000, 190000, 200000] [10264, 20440, 30232, 40280, 50648, 60408, 70232, 80248, 90488, 100472, 110392, 120184, 130264, 140280, 150712, 160472, 170264, 180248, 190808, 200248]
DriftDetectionMetrics(fp=3, tp=17, fn=3, precision=0.85, recall=0.85, episode_recall=0.85, f1=0.85, mdt=np.float64(318.5882352941176), far=0.014962593516209476, ar=0.09975062344139651, n_episodes=20, n_alarms=20)
Duración del procesamiento de stream 0:00:34.492557 10304.162958923906
Duración de test: 0:00:19.458155
Tiempo total transcurrido 18:53:40.017326
Hora del sistema 2026-05-06 13:26:01.209320
Semilla: 3 
 Tasa de error baja: 0.01 
 Aumento de la tasa de error: 0.05 
 Ruido del concepto estable: 0.0 
 Duración del concepto estable: 5000 
 Duración del cambio: 0 
 Número de cambios: 30 
Retreaso aceptable: 500
Nuevos elementos de entrenamiento en la iteración (100000, 1)
Número y fracción de estados no visitados 137 0.18792866941015088
[10000, 20000, 30000, 40000, 50000, 60000, 70000, 80000, 90000, 100000, 110000, 120000, 130000, 140000, 150000, 160000, 170000, 180000, 190000, 200000, 210000, 220000, 230000, 240000, 250000, 260000, 270000, 280000, 290000, 300000] [10276, 20622, 30222, 40540, 50815, 84273, 90977, 100449, 110784, 120160, 130550, 142096, 152694, 184192, 191502, 201697, 210401, 220353, 233317, 243666, 252466, 264964, 270861, 280333, 290381]
DriftDetectionMetrics(fp=17, tp=8, fn=22, precision=0.32, recall=0.26666666666666666, episode_recall=0.26666666666666666, f1=0.2909090909090909, mdt=np.float64(321.875), far=0.056572379367720464, ar=0.08319467554076539, n_episodes=30, n_alarms=25)
Duración del procesamiento de stream 0:00:42.803001 10676.81104652361
Duración de test: 0:00:28.145108
Tiempo total transcurrido 18:54:22.820327
Hora del sistema 2026-05-06 13:26:44.012321
Semilla: 3 
 Tasa de error baja: 0.01 
 Aumento de la tasa de error: 0.05 
 Ruido del concepto estable: 0.0 
 Duración del concepto estable: 5000 
 Duración del cambio: 0 
 Número de cambios: 40 
Retreaso aceptable: 500
Nuevos elementos de entrenamiento en la iteración (100000, 1)
Número y fracción de estados no visitados 156 0.2139917695473251
[10000, 20000, 30000, 40000, 50000, 60000, 70000, 80000, 90000, 100000, 110000, 120000, 130000, 140000, 150000, 160000, 170000, 180000, 190000, 200000, 210000, 220000, 230000, 240000, 250000, 260000, 270000, 280000, 290000, 300000, 310000, 320000, 330000, 340000, 350000, 360000, 370000, 380000, 390000, 400000] [10265, 20441, 30233, 40281, 50649, 60409, 70233, 80249, 90489, 100473, 110393, 120185, 130265, 140281, 150713, 160473, 170265, 180249, 190809, 200249, 210361, 220345, 230457, 240409, 250393, 260569, 270329, 280313, 290489, 300441, 310297, 320441, 330265, 340633, 350329, 360217, 370521, 380217, 390233, 400377]
DriftDetectionMetrics(fp=6, tp=34, fn=6, precision=0.85, recall=0.85, episode_recall=0.85, f1=0.85, mdt=np.float64(333.70588235294116), far=0.0149812734082397, ar=0.09987515605493133, n_episodes=40, n_alarms=40)
Duración del procesamiento de stream 0:00:53.598890 10370.954139951533
Duración de test: 0:00:38.617469
Tiempo total transcurrido 18:55:16.419217
Hora del sistema 2026-05-06 13:27:37.611211
Semilla: 3 
 Tasa de error baja: 0.01 
 Aumento de la tasa de error: 0.05 
 Ruido del concepto estable: 0.0 
 Duración del concepto estable: 100000 
 Duración del cambio: 1000 
 Número de cambios: 10 
Retreaso aceptable: 500
Nuevos elementos de entrenamiento en la iteración (2020500, 1)
Número y fracción de estados no visitados 92 0.1262002743484225
[201000, 403000, 605000, 807000, 1009000, 1211000, 1413000, 1615000, 1817000, 2019000] [406420, 607873, 809090, 1011781, 1214346, 1415581, 1618341, 1819537]
DriftDetectionMetrics(fp=8, tp=0, fn=10, precision=0.0, recall=0.0, episode_recall=0.0, f1=0.0, mdt=nan, far=0.003959415986142044, ar=0.003959415986142044, n_episodes=10, n_alarms=8)
Duración del procesamiento de stream 0:08:00.984427 10573.585704022305
Duración de test: 0:03:11.089386
Tiempo total transcurrido 19:03:17.403644
Hora del sistema 2026-05-06 13:35:38.595638
Semilla: 3 
 Tasa de error baja: 0.01 
 Aumento de la tasa de error: 0.05 
 Ruido del concepto estable: 0.0 
 Duración del concepto estable: 100000 
 Duración del cambio: 1000 
 Número de cambios: 20 
Retreaso aceptable: 500
Nuevos elementos de entrenamiento en la iteración (2020000, 1)
Número y fracción de estados no visitados 123 0.16872427983539096
[201000, 403000, 605000, 807000, 1009000, 1211000, 1413000, 1615000, 1817000, 2019000, 2221000, 2423000, 2625000, 2827000, 3029000, 3231000, 3433000, 3635000, 3837000, 4039000] [202523, 607042, 808465, 1010673, 1213068, 1414412, 1617248, 1818814, 2021497, 2222597, 2426908, 2627636, 3030884, 3233154, 3435730, 3636600, 3839626]
DriftDetectionMetrics(fp=15, tp=2, fn=18, precision=0.11764705882352941, recall=0.1, episode_recall=0.1, f1=0.1081081081081081, mdt=np.float64(1438.5), far=0.0037124118302190325, ar=0.004207400074248236, n_episodes=20, n_alarms=17)
Duración del procesamiento de stream 0:11:12.344240 10622.434127112787
Duración de test: 0:06:20.374211
Tiempo total transcurrido 19:14:29.747884
Hora del sistema 2026-05-06 13:46:50.939878
Semilla: 3 
 Tasa de error baja: 0.01 
 Aumento de la tasa de error: 0.05 
 Ruido del concepto estable: 0.0 
 Duración del concepto estable: 100000 
 Duración del cambio: 1000 
 Número de cambios: 30 
Retreaso aceptable: 500
Nuevos elementos de entrenamiento en la iteración (2020000, 1)
Número y fracción de estados no visitados 135 0.18518518518518517
[201000, 403000, 605000, 807000, 1009000, 1211000, 1413000, 1615000, 1817000, 2019000, 2221000, 2423000, 2625000, 2827000, 3029000, 3231000, 3433000, 3635000, 3837000, 4039000, 4241000, 4443000, 4645000, 4847000, 5049000, 5251000, 5453000, 5655000, 5857000, 6059000] [406420, 608775, 2023326, 2427313, 2830110, 3438430, 3841425, 5050920, 5255464, 5658154, 5861618]
DriftDetectionMetrics(fp=11, tp=0, fn=30, precision=0.0, recall=0.0, episode_recall=0.0, f1=0.0, mdt=nan, far=0.0018150317630558535, ar=0.0018150317630558535, n_episodes=30, n_alarms=11)
Duración del procesamiento de stream 0:14:45.045832 10506.159149774305
Duración de test: 0:09:36.852103
Tiempo total transcurrido 19:29:14.793716
Hora del sistema 2026-05-06 14:01:35.985710
Semilla: 3 
 Tasa de error baja: 0.01 
 Aumento de la tasa de error: 0.05 
 Ruido del concepto estable: 0.0 
 Duración del concepto estable: 100000 
 Duración del cambio: 1000 
 Número de cambios: 40 
Retreaso aceptable: 500
Nuevos elementos de entrenamiento en la iteración (2020000, 1)
Número y fracción de estados no visitados 140 0.19204389574759945
[201000, 403000, 605000, 807000, 1009000, 1211000, 1413000, 1615000, 1817000, 2019000, 2221000, 2423000, 2625000, 2827000, 3029000, 3231000, 3433000, 3635000, 3837000, 4039000, 4241000, 4443000, 4645000, 4847000, 5049000, 5251000, 5453000, 5655000, 5857000, 6059000, 6261000, 6463000, 6665000, 6867000, 7069000, 7271000, 7473000, 7675000, 7877000, 8079000] [202802, 406984, 607274, 808701, 1010876, 1213372, 1414702, 1617651, 1818986, 2021825, 2223016, 2427449, 2629079, 3031653, 3233437, 3436196, 3636749, 3839924, 4041331, 4243097, 4445377, 4647341, 4849371, 5050920, 5253023, 5455745, 5658154, 5860117, 6060960, 6262803, 6464912, 6667734, 6870520, 7071622, 7274204, 7475622, 7677578, 7879326]
DriftDetectionMetrics(fp=38, tp=0, fn=40, precision=0.0, recall=0.0, episode_recall=0.0, f1=0.0, mdt=nan, far=0.004702679289647918, ar=0.004702679289647918, n_episodes=40, n_alarms=38)
Duración del procesamiento de stream 0:18:35.821851 10339.159688554902
Duración de test: 0:13:01.543205
Tiempo total transcurrido 19:47:50.615567
Hora del sistema 2026-05-06 14:20:11.807561
Semilla: 3 
 Tasa de error baja: 0.01 
 Aumento de la tasa de error: 0.05 
 Ruido del concepto estable: 0.0 
 Duración del concepto estable: 100000 
 Duración del cambio: 0 
 Número de cambios: 10 
Retreaso aceptable: 500
Nuevos elementos de entrenamiento en la iteración (2000500, 1)
Número y fracción de estados no visitados 87 0.11934156378600823
[200000, 400000, 600000, 800000, 1000000, 1200000, 1400000, 1600000, 1800000, 2000000] [200236, 400172, 600140, 800492, 1000300, 1200172, 1400172, 1600236, 1800524, 2000332]
DriftDetectionMetrics(fp=1, tp=9, fn=1, precision=0.9, recall=0.9, episode_recall=0.9, f1=0.9, mdt=np.float64(250.22222222222223), far=0.0004998750312421894, ar=0.0049987503124218945, n_episodes=10, n_alarms=10)
Duración del procesamiento de stream 0:07:58.324093 10762.671989098933
Duración de test: 0:03:05.873917
Tiempo total transcurrido 19:55:48.939660
Hora del sistema 2026-05-06 14:28:10.131654
Semilla: 3 
 Tasa de error baja: 0.01 
 Aumento de la tasa de error: 0.05 
 Ruido del concepto estable: 0.0 
 Duración del concepto estable: 100000 
 Duración del cambio: 0 
 Número de cambios: 20 
Retreaso aceptable: 500
Nuevos elementos de entrenamiento en la iteración (2000000, 1)
Número y fracción de estados no visitados 107 0.1467764060356653
[200000, 400000, 600000, 800000, 1000000, 1200000, 1400000, 1600000, 1800000, 2000000, 2200000, 2400000, 2600000, 2800000, 3000000, 3200000, 3400000, 3600000, 3800000, 4000000] [200248, 400184, 600152, 800504, 1000312, 1200184, 1400184, 1600248, 1800536, 2000344, 2200216, 2400248, 2600248, 2800152, 3000280, 3200248, 3400184, 3600280, 3800344, 4000440]
DriftDetectionMetrics(fp=2, tp=18, fn=2, precision=0.9, recall=0.9, episode_recall=0.9, f1=0.9, mdt=np.float64(249.77777777777777), far=0.0004999375078115236, ar=0.004999375078115236, n_episodes=20, n_alarms=20)
Duración del procesamiento de stream 0:11:06.117271 10748.28062773344
Duración de test: 0:06:12.199065
Tiempo total transcurrido 20:06:55.056931
Hora del sistema 2026-05-06 14:39:16.248925
Semilla: 3 
 Tasa de error baja: 0.01 
 Aumento de la tasa de error: 0.05 
 Ruido del concepto estable: 0.0 
 Duración del concepto estable: 100000 
 Duración del cambio: 0 
 Número de cambios: 30 
Retreaso aceptable: 500
Nuevos elementos de entrenamiento en la iteración (2000000, 1)
Número y fracción de estados no visitados 114 0.15637860082304528
[200000, 400000, 600000, 800000, 1000000, 1200000, 1400000, 1600000, 1800000, 2000000, 2200000, 2400000, 2600000, 2800000, 3000000, 3200000, 3400000, 3600000, 3800000, 4000000, 4200000, 4400000, 4600000, 4800000, 5000000, 5200000, 5400000, 5600000, 5800000, 6000000] [200228, 400196, 600164, 800484, 1000324, 1200164, 1400164, 1600228, 1800516, 2000324, 2200196, 2400260, 2603335, 2800167, 3000295, 3200263, 3400263, 3600295, 3800327, 4000423, 4200263, 4400071, 4600327, 4800167, 5000327, 5200135, 5400359, 5600423, 5800167, 6000231]
DriftDetectionMetrics(fp=2, tp=28, fn=2, precision=0.9333333333333333, recall=0.9333333333333333, episode_recall=0.9333333333333333, f1=0.9333333333333333, mdt=np.float64(258.39285714285717), far=0.00033330555787017746, ar=0.004999583368052662, n_episodes=30, n_alarms=30)
Duración del procesamiento de stream 0:14:40.804031 10489.955792593884
Duración de test: 0:09:32.023383
Tiempo total transcurrido 20:21:35.860962
Hora del sistema 2026-05-06 14:53:57.052956
Semilla: 3 
 Tasa de error baja: 0.01 
 Aumento de la tasa de error: 0.05 
 Ruido del concepto estable: 0.0 
 Duración del concepto estable: 100000 
 Duración del cambio: 0 
 Número de cambios: 40 
Retreaso aceptable: 500
Nuevos elementos de entrenamiento en la iteración (2000000, 1)
Número y fracción de estados no visitados 119 0.16323731138545952
[200000, 400000, 600000, 800000, 1000000, 1200000, 1400000, 1600000, 1800000, 2000000, 2200000, 2400000, 2600000, 2800000, 3000000, 3200000, 3400000, 3600000, 3800000, 4000000, 4200000, 4400000, 4600000, 4800000, 5000000, 5200000, 5400000, 5600000, 5800000, 6000000, 6200000, 6400000, 6600000, 6800000, 7000000, 7200000, 7400000, 7600000, 7800000, 8000000] [201325, 401279, 600989, 801525, 1002035, 1201491, 1402463, 1601874, 1801796, 2001611, 2201221, 2401733, 2602426, 2802468, 3001424, 3201642, 3400684, 3601296, 3802480, 4000947, 4202533, 4401034, 4601928, 4801501, 5002365, 5200529, 5401035, 5600829, 5801793, 6002024, 6202554, 6401017, 6600641, 6801570, 7002240, 7201376, 7402582, 7601230, 7801134]
DriftDetectionMetrics(fp=39, tp=0, fn=40, precision=0.0, recall=0.0, episode_recall=0.0, f1=0.0, mdt=nan, far=0.0048746953315417785, ar=0.0048746953315417785, n_episodes=40, n_alarms=39)
Duración del procesamiento de stream 0:20:27.897172 9510.30484055711
Duración de test: 0:14:01.245379
Tiempo total transcurrido 20:42:03.758134
Hora del sistema 2026-05-06 15:14:24.950128
Hora estimada de finalización 2026-05-06 17:07:19.837231
Semilla: 3 
 Tasa de error baja: 0.01 
 Aumento de la tasa de error: 0.05 
 Ruido del concepto estable: 0.1 
 Duración del concepto estable: 5000 
 Duración del cambio: 1000 
 Número de cambios: 10 
Retreaso aceptable: 500
Nuevos elementos de entrenamiento en la iteración (120500, 1)
Número y fracción de estados no visitados 71 0.09739368998628258
[11000, 23000, 35000, 47000, 59000, 71000, 83000, 95000, 107000, 119000] [12428, 24140, 36108, 48076, 60524, 72108, 83820, 96044, 108748, 111762, 120004]
DriftDetectionMetrics(fp=3, tp=8, fn=2, precision=0.7272727272727273, recall=0.8, episode_recall=0.8, f1=0.761904761904762, mdt=np.float64(1091.0), far=0.024896265560165977, ar=0.0912863070539419, n_episodes=10, n_alarms=11)
Duración del procesamiento de stream 0:00:35.344074 10291.49089284192
Duración de test: 0:00:11.708702
Tiempo total transcurrido 20:42:39.102208
Hora del sistema 2026-05-06 15:15:00.294202
Semilla: 3 
 Tasa de error baja: 0.01 
 Aumento de la tasa de error: 0.05 
 Ruido del concepto estable: 0.1 
 Duración del concepto estable: 5000 
 Duración del cambio: 1000 
 Número de cambios: 20 
Retreaso aceptable: 500
Nuevos elementos de entrenamiento en la iteración (120000, 1)
Número y fracción de estados no visitados 108 0.14814814814814814
[11000, 23000, 35000, 47000, 59000, 71000, 83000, 95000, 107000, 119000, 131000, 143000, 155000, 167000, 179000, 191000, 203000, 215000, 227000, 239000] [15049, 25464, 37745, 39677, 48669, 61795, 73178, 85515, 97749, 110405, 111762, 120382, 133539, 147026, 156717, 169519, 182445, 193691, 205786, 217186, 230681]
DriftDetectionMetrics(fp=20, tp=1, fn=19, precision=0.047619047619047616, recall=0.05, episode_recall=0.05, f1=0.04878048780487805, mdt=np.float64(1382.0), far=0.08316008316008316, ar=0.08731808731808732, n_episodes=20, n_alarms=21)
Duración del procesamiento de stream 0:00:45.033710 8890.412889257765
Duración de test: 0:00:27.051612
Tiempo total transcurrido 20:43:24.135918
Hora del sistema 2026-05-06 15:15:45.327912
Semilla: 3 
 Tasa de error baja: 0.01 
 Aumento de la tasa de error: 0.05 
 Ruido del concepto estable: 0.1 
 Duración del concepto estable: 5000 
 Duración del cambio: 1000 
 Número de cambios: 30 
Retreaso aceptable: 500
Nuevos elementos de entrenamiento en la iteración (120000, 1)
Número y fracción de estados no visitados 140 0.19204389574759945
[11000, 23000, 35000, 47000, 59000, 71000, 83000, 95000, 107000, 119000, 131000, 143000, 155000, 167000, 179000, 191000, 203000, 215000, 227000, 239000, 251000, 263000, 275000, 287000, 299000, 311000, 323000, 335000, 347000, 359000] [15874, 16832, 18168, 20894, 22188, 23476, 38672, 39140, 39407, 39844, 40300, 40763, 41148, 44043, 45260, 46934, 47736, 48096, 48485, 48737, 49297, 49776, 50293, 50834, 51562, 51973, 52281, 53207, 60513, 73368, 74105, 74719, 75136, 76201, 76820, 77163, 80360, 81985, 83224, 83776, 84140, 84607, 85154, 85565, 85965, 86425, 86902, 87373, 87775, 88329, 96213, 96752, 97405, 97783, 98158, 98781, 99154, 99661, 100018, 100437, 100890, 101398, 107481, 108076, 108647, 109057, 109662, 110097, 110548, 110961, 111593, 111951, 120296, 120794, 121241, 121759, 122195, 122617, 123119, 123493, 132592, 133025, 133568, 133951, 134411, 135178, 135725, 136129, 136462, 137023, 144031, 144490, 144979, 146143, 146942, 147431, 147926, 148345, 148981, 155582, 155944, 156434, 156739, 157196, 157621, 158103, 158565, 168737, 169187, 169560, 169958, 170427, 171703, 172292, 173146, 180453, 180842, 181482, 193691, 194134, 194712, 195141, 195776, 196381, 196841, 197469, 198692, 203241, 203770, 204180, 205172, 205704, 206133, 206660, 207801, 208148, 208546, 215874, 216350, 216811, 217181, 217629, 218037, 218561, 218997, 219368, 220036, 220510, 220936, 221502, 225359, 226536, 227417, 228062, 228458, 229062, 229574, 229950, 230423, 230789, 232204, 240735, 241401, 241841, 243657, 244087, 244538, 245088, 252129, 252653, 253161, 253603, 253962, 254378, 254789, 255192, 255989, 256309, 256892, 263956, 264639, 265018, 265388, 265747, 266191, 266668, 267026, 267507, 267985, 268580, 269023, 275927, 276393, 276880, 289977, 290426, 290858, 292179, 292663, 293043, 300068, 300732, 301185, 301796, 302243, 302621, 303134, 303586, 304358, 304809, 305335, 309601, 310709, 311661, 312401, 313410, 325485, 325975, 326488, 326896, 327292, 327952, 336724, 337232, 337896, 338540, 349141, 350129, 350568, 351148, 351655, 352028, 352564, 353238, 354162, 356289, 357981, 359298, 359893, 360341]
DriftDetectionMetrics(fp=205, tp=35, fn=12, precision=0.14583333333333334, recall=0.7446808510638298, episode_recall=0.6, f1=0.24390243902439024, mdt=np.float64(781.2777777777778), far=0.5686546463245492, ar=0.6657420249653259, n_episodes=30, n_alarms=240)
Duración del procesamiento de stream 0:00:56.483493 10006.574360991404
Duración de test: 0:00:36.026315
Tiempo total transcurrido 20:44:20.619411
Hora del sistema 2026-05-06 15:16:41.811405
Semilla: 3 
 Tasa de error baja: 0.01 
 Aumento de la tasa de error: 0.05 
 Ruido del concepto estable: 0.1 
 Duración del concepto estable: 5000 
 Duración del cambio: 1000 
 Número de cambios: 40 
Retreaso aceptable: 500
Nuevos elementos de entrenamiento en la iteración (120000, 1)
Número y fracción de estados no visitados 159 0.21810699588477367
[11000, 23000, 35000, 47000, 59000, 71000, 83000, 95000, 107000, 119000, 131000, 143000, 155000, 167000, 179000, 191000, 203000, 215000, 227000, 239000, 251000, 263000, 275000, 287000, 299000, 311000, 323000, 335000, 347000, 359000, 371000, 383000, 395000, 407000, 419000, 431000, 443000, 455000, 467000, 479000] [1482, 15758, 25391, 38432, 48064, 62156, 73114, 83802, 95962, 110775, 120667, 133854, 146133, 156748, 169572, 182319, 193691, 205786, 217629, 230390, 243028, 254235, 265518, 277876, 289931, 302954, 313491, 323923, 338876, 349372, 360252, 373381, 385240, 398541, 410370, 422177, 433825, 446208, 458827, 469539]
DriftDetectionMetrics(fp=35, tp=5, fn=35, precision=0.125, recall=0.125, episode_recall=0.125, f1=0.125, mdt=np.float64(1000.6), far=0.07284079084287201, ar=0.08324661810613944, n_episodes=40, n_alarms=40)
Duración del procesamiento de stream 0:01:03.711821 10548.34999218917
Duración de test: 0:00:45.552148
Tiempo total transcurrido 20:45:24.331232
Hora del sistema 2026-05-06 15:17:45.523226
Semilla: 3 
 Tasa de error baja: 0.01 
 Aumento de la tasa de error: 0.05 
 Ruido del concepto estable: 0.1 
 Duración del concepto estable: 5000 
 Duración del cambio: 0 
 Número de cambios: 10 
Retreaso aceptable: 500
Nuevos elementos de entrenamiento en la iteración (100500, 1)
Número y fracción de estados no visitados 76 0.10425240054869685
[10000, 20000, 30000, 40000, 50000, 60000, 70000, 80000, 90000, 100000] [10668, 20364, 30892, 40524, 50252, 60556, 70604, 80204, 90476, 100460]
DriftDetectionMetrics(fp=5, tp=5, fn=5, precision=0.5, recall=0.5, episode_recall=0.5, f1=0.5, mdt=np.float64(351.2), far=0.04975124378109452, ar=0.09950248756218905, n_episodes=10, n_alarms=10)
Duración del procesamiento de stream 0:00:24.914444 10857.349231661585
Duración de test: 0:00:09.256403
Tiempo total transcurrido 20:45:49.245676
Hora del sistema 2026-05-06 15:18:10.437670
Semilla: 3 
 Tasa de error baja: 0.01 
 Aumento de la tasa de error: 0.05 
 Ruido del concepto estable: 0.1 
 Duración del concepto estable: 5000 
 Duración del cambio: 0 
 Número de cambios: 20 
Retreaso aceptable: 500
Nuevos elementos de entrenamiento en la iteración (100000, 1)
Número y fracción de estados no visitados 100 0.13717421124828533
[10000, 20000, 30000, 40000, 50000, 60000, 70000, 80000, 90000, 100000, 110000, 120000, 130000, 140000, 150000, 160000, 170000, 180000, 190000, 200000] [13484, 24133, 33936, 42231, 62105, 73194, 81544, 91303, 101552, 120866, 132369, 142425, 142950]
DriftDetectionMetrics(fp=13, tp=0, fn=20, precision=0.0, recall=0.0, episode_recall=0.0, f1=0.0, mdt=nan, far=0.06483790523690773, ar=0.06483790523690773, n_episodes=20, n_alarms=13)
Duración del procesamiento de stream 0:00:33.549146 10242.21170472802
Duración de test: 0:00:19.575850
Tiempo total transcurrido 20:46:22.794822
Hora del sistema 2026-05-06 15:18:43.986816
Semilla: 3 
 Tasa de error baja: 0.01 
 Aumento de la tasa de error: 0.05 
 Ruido del concepto estable: 0.1 
 Duración del concepto estable: 5000 
 Duración del cambio: 0 
 Número de cambios: 30 
Retreaso aceptable: 500
Nuevos elementos de entrenamiento en la iteración (100000, 1)
Número y fracción de estados no visitados 129 0.17695473251028807
[10000, 20000, 30000, 40000, 50000, 60000, 70000, 80000, 90000, 100000, 110000, 120000, 130000, 140000, 150000, 160000, 170000, 180000, 190000, 200000, 210000, 220000, 230000, 240000, 250000, 260000, 270000, 280000, 290000, 300000] [53398, 60671, 70783, 80223, 90954, 100537, 110297, 120345, 130947, 140483, 150773, 160661, 170485, 180757, 201219, 210947, 220611, 231282, 242113, 251482, 260634, 270330, 281620, 290452]
DriftDetectionMetrics(fp=17, tp=7, fn=23, precision=0.2916666666666667, recall=0.23333333333333334, episode_recall=0.23333333333333334, f1=0.2592592592592593, mdt=np.float64(373.57142857142856), far=0.056572379367720464, ar=0.07986688851913477, n_episodes=30, n_alarms=24)
Duración del procesamiento de stream 0:00:43.415574 10514.501316796956
Duración de test: 0:00:28.579577
Tiempo total transcurrido 20:47:06.210396
Hora del sistema 2026-05-06 15:19:27.402390
Semilla: 3 
 Tasa de error baja: 0.01 
 Aumento de la tasa de error: 0.05 
 Ruido del concepto estable: 0.1 
 Duración del concepto estable: 5000 
 Duración del cambio: 0 
 Número de cambios: 40 
Retreaso aceptable: 500
Nuevos elementos de entrenamiento en la iteración (100000, 1)
Número y fracción de estados no visitados 144 0.19753086419753085
[10000, 20000, 30000, 40000, 50000, 60000, 70000, 80000, 90000, 100000, 110000, 120000, 130000, 140000, 150000, 160000, 170000, 180000, 190000, 200000, 210000, 220000, 230000, 240000, 250000, 260000, 270000, 280000, 290000, 300000, 310000, 320000, 330000, 340000, 350000, 360000, 370000, 380000, 390000, 400000] [10560, 80192, 214014, 240702, 300734, 332471, 390775]
DriftDetectionMetrics(fp=6, tp=1, fn=39, precision=0.14285714285714285, recall=0.025, episode_recall=0.025, f1=0.0425531914893617, mdt=np.float64(192.0), far=0.0149812734082397, ar=0.017478152309612985, n_episodes=40, n_alarms=7)
Duración del procesamiento de stream 0:00:53.659808 10193.67083758759
Duración de test: 0:00:39.289085
Tiempo total transcurrido 20:47:59.870204
Hora del sistema 2026-05-06 15:20:21.062198
Semilla: 3 
 Tasa de error baja: 0.01 
 Aumento de la tasa de error: 0.05 
 Ruido del concepto estable: 0.1 
 Duración del concepto estable: 100000 
 Duración del cambio: 1000 
 Número de cambios: 10 
Retreaso aceptable: 500
Nuevos elementos de entrenamiento en la iteración (2020500, 1)
Número y fracción de estados no visitados 95 0.13031550068587106
[201000, 403000, 605000, 807000, 1009000, 1211000, 1413000, 1615000, 1817000, 2019000] []
DriftDetectionMetrics(fp=0, tp=0, fn=10, precision=0.0, recall=0.0, episode_recall=0.0, f1=0.0, mdt=nan, far=0.0, ar=0.0, n_episodes=10, n_alarms=0)
Duración del procesamiento de stream 0:08:02.608393 10610.493560197116
Duración de test: 0:03:10.424695
Tiempo total transcurrido 20:56:02.478597
Hora del sistema 2026-05-06 15:28:23.670591
Semilla: 3 
 Tasa de error baja: 0.01 
 Aumento de la tasa de error: 0.05 
 Ruido del concepto estable: 0.1 
 Duración del concepto estable: 100000 
 Duración del cambio: 1000 
 Número de cambios: 20 
Retreaso aceptable: 500
Nuevos elementos de entrenamiento en la iteración (2020000, 1)
Número y fracción de estados no visitados 131 0.17969821673525377
[201000, 403000, 605000, 807000, 1009000, 1211000, 1413000, 1615000, 1817000, 2019000, 2221000, 2423000, 2625000, 2827000, 3029000, 3231000, 3433000, 3635000, 3837000, 4039000] [203601, 406355, 607408, 810347, 1213844, 1416440, 1618750, 2022165, 2223958, 2628862, 2829954, 3032846, 3235232, 3638039, 3839695]
DriftDetectionMetrics(fp=15, tp=0, fn=20, precision=0.0, recall=0.0, episode_recall=0.0, f1=0.0, mdt=nan, far=0.0037124118302190325, ar=0.0037124118302190325, n_episodes=20, n_alarms=15)
Duración del procesamiento de stream 0:11:22.145155 10541.330410705887
Duración de test: 0:06:23.300764
Tiempo total transcurrido 21:07:24.623752
Hora del sistema 2026-05-06 15:39:45.815746
Semilla: 3 
 Tasa de error baja: 0.01 
 Aumento de la tasa de error: 0.05 
 Ruido del concepto estable: 0.1 
 Duración del concepto estable: 100000 
 Duración del cambio: 1000 
 Número de cambios: 30 
Retreaso aceptable: 500
Nuevos elementos de entrenamiento en la iteración (2020000, 1)
Número y fracción de estados no visitados 146 0.20027434842249658
[201000, 403000, 605000, 807000, 1009000, 1211000, 1413000, 1615000, 1817000, 2019000, 2221000, 2423000, 2625000, 2827000, 3029000, 3231000, 3433000, 3635000, 3837000, 4039000, 4241000, 4443000, 4645000, 4847000, 5049000, 5251000, 5453000, 5655000, 5857000, 6059000] [1, 202049, 404001, 605761, 678766, 807950, 1010222, 1211918, 1414222, 1616494, 1817806, 2019854, 2223536, 2423824, 2626128, 2828048, 3030384, 3232112, 3434000, 3635856, 3837744, 4040144, 4241904, 4444144, 4645712, 4847952, 5050256, 5251984, 5454128, 5655952, 5858128, 6059760]
DriftDetectionMetrics(fp=3, tp=29, fn=1, precision=0.90625, recall=0.9666666666666667, episode_recall=0.9666666666666667, f1=0.9354838709677419, mdt=np.float64(1015.0689655172414), far=0.0004950086626515964, ar=0.005280092401617028, n_episodes=30, n_alarms=32)
Duración del procesamiento de stream 0:14:55.403511 10379.246269873918
Duración de test: 0:09:43.905598
Tiempo total transcurrido 21:22:20.027263
Hora del sistema 2026-05-06 15:54:41.219257
Semilla: 3 
 Tasa de error baja: 0.01 
 Aumento de la tasa de error: 0.05 
 Ruido del concepto estable: 0.1 
 Duración del concepto estable: 100000 
 Duración del cambio: 1000 
 Número de cambios: 40 
Retreaso aceptable: 500
Nuevos elementos de entrenamiento en la iteración (2020000, 1)
Número y fracción de estados no visitados 166 0.22770919067215364
[201000, 403000, 605000, 807000, 1009000, 1211000, 1413000, 1615000, 1817000, 2019000, 2221000, 2423000, 2625000, 2827000, 3029000, 3231000, 3433000, 3635000, 3837000, 4039000, 4241000, 4443000, 4645000, 4847000, 5049000, 5251000, 5453000, 5655000, 5857000, 6059000, 6261000, 6463000, 6665000, 6867000, 7069000, 7271000, 7473000, 7675000, 7877000, 8079000] [202044, 404028, 605788, 678766, 807950, 1010222, 1211918, 1414222, 1616494, 1817806, 2019854, 2223536, 2423824, 2626128, 2828048, 3030384, 3232112, 3434000, 3635856, 3837744, 4040144, 4241904, 4444144, 4645712, 4847952, 5050256, 5251984, 5454128, 5655952, 5858128, 6059760, 6261872, 6463600, 6666352, 6868144, 7069872, 7272144, 7474064, 7675824, 7878032, 8080176]
DriftDetectionMetrics(fp=2, tp=39, fn=1, precision=0.9512195121951219, recall=0.975, episode_recall=0.975, f1=0.9629629629629629, mdt=np.float64(1014.5128205128206), far=0.0002475094362972588, ar=0.005073943444093806, n_episodes=40, n_alarms=41)
Duración del procesamiento de stream 0:18:51.785117 10198.777074428954
Duración de test: 0:13:12.300875
Tiempo total transcurrido 21:41:11.812380
Hora del sistema 2026-05-06 16:13:33.004374
Semilla: 3 
 Tasa de error baja: 0.01 
 Aumento de la tasa de error: 0.05 
 Ruido del concepto estable: 0.1 
 Duración del concepto estable: 100000 
 Duración del cambio: 0 
 Número de cambios: 10 
Retreaso aceptable: 500
Nuevos elementos de entrenamiento en la iteración (2000500, 1)
Número y fracción de estados no visitados 71 0.09739368998628258
[200000, 400000, 600000, 800000, 1000000, 1200000, 1400000, 1600000, 1800000, 2000000] [200396, 400620, 600524, 800172, 1000492, 1200204, 1400876, 1600492, 1800460]
DriftDetectionMetrics(fp=3, tp=6, fn=4, precision=0.6666666666666666, recall=0.6, episode_recall=0.6, f1=0.631578947368421, mdt=np.float64(369.3333333333333), far=0.0014996250937265685, ar=0.004498875281179706, n_episodes=10, n_alarms=9)
Duración del procesamiento de stream 0:07:56.972333 10771.604113153588
Duración de test: 0:03:05.719785
Tiempo total transcurrido 21:49:08.784713
Hora del sistema 2026-05-06 16:21:29.976707
Semilla: 3 
 Tasa de error baja: 0.01 
 Aumento de la tasa de error: 0.05 
 Ruido del concepto estable: 0.1 
 Duración del concepto estable: 100000 
 Duración del cambio: 0 
 Número de cambios: 20 
Retreaso aceptable: 500
Nuevos elementos de entrenamiento en la iteración (2000000, 1)
Número y fracción de estados no visitados 91 0.12482853223593965
[200000, 400000, 600000, 800000, 1000000, 1200000, 1400000, 1600000, 1800000, 2000000, 2200000, 2400000, 2600000, 2800000, 3000000, 3200000, 3400000, 3600000, 3800000, 4000000] []
DriftDetectionMetrics(fp=0, tp=0, fn=20, precision=0.0, recall=0.0, episode_recall=0.0, f1=0.0, mdt=nan, far=0.0, ar=0.0, n_episodes=20, n_alarms=0)
Duración del procesamiento de stream 0:11:19.156535 10637.078551595825
Duración de test: 0:06:16.090106
Tiempo total transcurrido 22:00:27.941248
Hora del sistema 2026-05-06 16:32:49.133242
Semilla: 3 
 Tasa de error baja: 0.01 
 Aumento de la tasa de error: 0.05 
 Ruido del concepto estable: 0.1 
 Duración del concepto estable: 100000 
 Duración del cambio: 0 
 Número de cambios: 30 
Retreaso aceptable: 500
Nuevos elementos de entrenamiento en la iteración (2000000, 1)
Número y fracción de estados no visitados 105 0.1440329218106996
[200000, 400000, 600000, 800000, 1000000, 1200000, 1400000, 1600000, 1800000, 2000000, 2200000, 2400000, 2600000, 2800000, 3000000, 3200000, 3400000, 3600000, 3800000, 4000000, 4200000, 4400000, 4600000, 4800000, 5000000, 5200000, 5400000, 5600000, 5800000, 6000000] [1, 200417, 400577, 600545, 800193, 1000513, 1200161, 1400897, 1600321, 1800481, 2000545, 2200705, 2400257, 2600385, 2800129, 3000513, 3200481, 3400641, 3600513, 3800321, 4000353, 4200705, 4400385, 4600673, 4800193, 5000321, 5200193, 5400289, 5600449, 5800449, 6000321]
DriftDetectionMetrics(fp=12, tp=19, fn=11, precision=0.6129032258064516, recall=0.6333333333333333, episode_recall=0.6333333333333333, f1=0.6229508196721313, mdt=np.float64(321.0), far=0.0019998333472210647, ar=0.00516623614698775, n_episodes=30, n_alarms=31)
Duración del procesamiento de stream 0:14:56.903097 10388.683220681203
Duración de test: 0:09:37.599670
Tiempo total transcurrido 22:15:24.844345
Hora del sistema 2026-05-06 16:47:46.036339
Semilla: 3 
 Tasa de error baja: 0.01 
 Aumento de la tasa de error: 0.05 
 Ruido del concepto estable: 0.1 
 Duración del concepto estable: 100000 
 Duración del cambio: 0 
 Número de cambios: 40 
Retreaso aceptable: 500
Nuevos elementos de entrenamiento en la iteración (2000000, 1)
Número y fracción de estados no visitados 113 0.1550068587105624
[200000, 400000, 600000, 800000, 1000000, 1200000, 1400000, 1600000, 1800000, 2000000, 2200000, 2400000, 2600000, 2800000, 3000000, 3200000, 3400000, 3600000, 3800000, 4000000, 4200000, 4400000, 4600000, 4800000, 5000000, 5200000, 5400000, 5600000, 5800000, 6000000, 6200000, 6400000, 6600000, 6800000, 7000000, 7200000, 7400000, 7600000, 7800000, 8000000] []
DriftDetectionMetrics(fp=0, tp=0, fn=40, precision=0.0, recall=0.0, episode_recall=0.0, f1=0.0, mdt=nan, far=0.0, ar=0.0, n_episodes=40, n_alarms=0)
Duración del procesamiento de stream 0:16:21.633583 12470.669687884163
Duración de test: 0:10:41.545338
Tiempo total transcurrido 22:31:46.477928
Hora del sistema 2026-05-06 17:04:07.669922
Hora estimada de finalización 2026-05-06 17:04:07.669922
