,ADWIN,CUSUM,DDM,GeometricMovingAverage,HDDMAverage,HDDMWeighted,Ground-truth
360,0.0,0.0,1.0,0.0,0.0,0.0,0.0
1360,0.0,0.0,0.0,0.0,0.0,0.0,0.0
1592,0.0,0.0,0.0,0.0,0.0,1.0,0.0
2092,0.0,0.0,0.0,0.0,0.0,0.0,0.0
4070,0.0,0.0,0.0,0.0,0.0,1.0,0.0
4570,0.0,0.0,0.0,0.0,0.0,0.0,0.0
4573,0.0,0.0,0.0,0.0,0.0,1.0,0.0
5073,0.0,0.0,0.0,0.0,0.0,0.0,0.0
5173,0.0,0.0,0.0,0.0,0.0,1.0,0.0
5673,0.0,0.0,0.0,0.0,0.0,0.0,0.0
5804,0.0,0.0,0.0,0.0,0.0,1.0,0.0
6304,0.0,0.0,0.0,0.0,0.0,0.0,0.0
6473,0.0,0.0,0.0,0.0,0.0,1.0,0.0
6973,0.0,0.0,0.0,0.0,0.0,0.0,0.0
7284,0.0,0.0,0.0,0.0,0.0,1.0,0.0
7784,0.0,0.0,0.0,0.0,0.0,0.0,0.0
8034,0.0,0.0,0.0,0.0,0.0,1.0,0.0
8431,0.0,0.0,0.0,0.0,0.0,2.0,0.0
8931,0.0,0.0,0.0,0.0,0.0,0.0,0.0
9385,0.0,0.0,0.0,0.0,0.0,1.0,0.0
9885,0.0,0.0,0.0,0.0,0.0,0.0,0.0
10244,0.0,0.0,0.0,0.0,1.0,1.0,0.0
10744,0.0,0.0,0.0,0.0,0.0,0.0,0.0
10946,0.0,0.0,0.0,0.0,0.0,1.0,0.0
11446,0.0,0.0,0.0,0.0,0.0,0.0,0.0
13831,0.0,0.0,0.0,0.0,0.0,1.0,0.0
13838,0.0,0.0,0.0,0.0,0.0,2.0,0.0
14338,0.0,0.0,0.0,0.0,0.0,0.0,0.0
16795,0.0,0.0,0.0,0.0,0.0,1.0,0.0
17295,0.0,0.0,0.0,0.0,0.0,0.0,0.0
17606,0.0,0.0,0.0,0.0,0.0,1.0,0.0
18106,0.0,0.0,0.0,0.0,0.0,0.0,0.0
18476,0.0,0.0,0.0,0.0,0.0,1.0,0.0
18976,0.0,0.0,0.0,0.0,0.0,0.0,0.0
19090,0.0,0.0,0.0,0.0,0.0,1.0,0.0
19091,0.0,0.0,0.0,0.0,0.0,2.0,0.0
19591,0.0,0.0,0.0,0.0,0.0,0.0,0.0
21286,0.0,0.0,0.0,0.0,0.0,1.0,0.0
21786,0.0,0.0,0.0,0.0,0.0,0.0,0.0
22014,0.0,0.0,0.0,0.0,0.0,1.0,0.0
22020,0.0,0.0,0.0,0.0,0.0,2.0,0.0
22520,0.0,0.0,0.0,0.0,0.0,0.0,0.0
23540,0.0,0.0,0.0,0.0,0.0,1.0,0.0
24040,0.0,0.0,0.0,0.0,0.0,0.0,0.0
25753,0.0,0.0,0.0,0.0,0.0,1.0,0.0
26253,0.0,0.0,0.0,0.0,0.0,0.0,0.0
26981,0.0,0.0,0.0,0.0,0.0,1.0,0.0
26983,0.0,0.0,0.0,0.0,0.0,2.0,0.0
27483,0.0,0.0,0.0,0.0,0.0,0.0,0.0
27609,0.0,0.0,0.0,0.0,0.0,1.0,0.0
27613,0.0,0.0,0.0,0.0,0.0,2.0,0.0
28113,0.0,0.0,0.0,0.0,0.0,0.0,0.0
28464,0.0,0.0,0.0,0.0,0.0,1.0,0.0
28964,0.0,0.0,0.0,0.0,0.0,0.0,0.0
29280,0.0,0.0,0.0,0.0,0.0,1.0,0.0
29780,0.0,0.0,0.0,0.0,0.0,0.0,0.0
29943,0.0,0.0,0.0,0.0,0.0,1.0,0.0
30443,0.0,0.0,0.0,0.0,0.0,0.0,0.0
31283,0.0,0.0,0.0,0.0,0.0,1.0,0.0
31783,0.0,0.0,0.0,0.0,0.0,0.0,0.0
32414,0.0,0.0,0.0,0.0,0.0,1.0,0.0
32914,0.0,0.0,0.0,0.0,0.0,0.0,0.0
32950,0.0,0.0,0.0,0.0,0.0,1.0,0.0
32957,0.0,0.0,0.0,0.0,0.0,2.0,0.0
33457,0.0,0.0,0.0,0.0,0.0,0.0,0.0
34237,0.0,0.0,1.0,0.0,0.0,0.0,0.0
34737,0.0,0.0,0.0,0.0,0.0,0.0,0.0
35356,0.0,0.0,0.0,0.0,0.0,1.0,0.0
35856,0.0,0.0,0.0,0.0,0.0,0.0,0.0
35857,0.0,0.0,0.0,0.0,0.0,1.0,0.0
36105,0.0,0.0,0.0,0.0,0.0,2.0,0.0
36110,0.0,0.0,1.0,0.0,0.0,2.0,0.0
36605,0.0,0.0,1.0,0.0,0.0,0.0,0.0
36744,0.0,0.0,1.0,0.0,0.0,1.0,0.0
37244,0.0,0.0,1.0,0.0,0.0,0.0,0.0
38106,0.0,0.0,1.0,0.0,0.0,1.0,0.0
38402,0.0,2.0,1.0,0.0,0.0,1.0,0.0
38606,0.0,2.0,1.0,0.0,0.0,0.0,0.0
38902,0.0,0.0,1.0,0.0,0.0,0.0,0.0
39101,0.0,0.0,1.0,0.0,0.0,1.0,0.0
39601,0.0,0.0,1.0,0.0,0.0,0.0,0.0
40183,0.0,0.0,1.0,0.0,0.0,1.0,0.0
40540,0.0,0.0,1.0,0.0,0.0,2.0,0.0
41040,0.0,0.0,1.0,0.0,0.0,0.0,0.0
42218,0.0,0.0,1.0,0.0,0.0,1.0,0.0
42718,0.0,0.0,1.0,0.0,0.0,0.0,0.0
43190,0.0,0.0,1.0,0.0,0.0,1.0,0.0
43195,0.0,0.0,1.0,0.0,0.0,2.0,0.0
43695,0.0,0.0,1.0,0.0,0.0,0.0,0.0
45239,0.0,0.0,1.0,0.0,0.0,1.0,0.0
45694,0.0,0.0,1.0,0.0,0.0,2.0,0.0
46194,0.0,0.0,1.0,0.0,0.0,0.0,0.0
48214,0.0,0.0,1.0,0.0,0.0,1.0,0.0
48216,0.0,0.0,1.0,0.0,0.0,2.0,0.0
48716,0.0,0.0,1.0,0.0,0.0,0.0,0.0
50169,0.0,0.0,1.0,0.0,0.0,1.0,0.0
50669,0.0,0.0,1.0,0.0,0.0,0.0,0.0
50775,0.0,0.0,1.0,0.0,0.0,1.0,0.0
51275,0.0,0.0,1.0,0.0,0.0,0.0,0.0
51397,0.0,0.0,1.0,0.0,0.0,1.0,0.0
51897,0.0,0.0,1.0,0.0,0.0,0.0,0.0
52179,0.0,0.0,1.0,0.0,0.0,1.0,0.0
52372,0.0,0.0,1.0,0.0,0.0,2.0,0.0
52872,0.0,0.0,1.0,0.0,0.0,0.0,0.0
54308,0.0,0.0,1.0,0.0,0.0,1.0,0.0
54808,0.0,0.0,1.0,0.0,0.0,0.0,0.0
56546,0.0,0.0,1.0,0.0,0.0,1.0,0.0
57046,0.0,0.0,1.0,0.0,0.0,0.0,0.0
57189,0.0,0.0,1.0,0.0,0.0,1.0,0.0
57537,0.0,2.0,1.0,0.0,0.0,1.0,0.0
57689,0.0,2.0,1.0,0.0,0.0,0.0,0.0
58037,0.0,0.0,1.0,0.0,0.0,0.0,0.0
58520,0.0,0.0,1.0,0.0,0.0,1.0,0.0
59020,0.0,0.0,1.0,0.0,0.0,0.0,0.0
61024,0.0,0.0,1.0,0.0,0.0,1.0,0.0
61524,0.0,0.0,1.0,0.0,0.0,0.0,0.0
62170,0.0,0.0,1.0,0.0,0.0,1.0,0.0
62670,0.0,0.0,1.0,0.0,0.0,0.0,0.0
62820,0.0,0.0,1.0,0.0,0.0,1.0,0.0
63320,0.0,0.0,1.0,0.0,0.0,0.0,0.0
65839,0.0,0.0,1.0,0.0,0.0,1.0,0.0
65841,0.0,0.0,1.0,0.0,0.0,2.0,0.0
66341,0.0,0.0,1.0,0.0,0.0,0.0,0.0
67459,0.0,0.0,1.0,0.0,0.0,1.0,0.0
67959,0.0,0.0,1.0,0.0,0.0,0.0,0.0
68893,0.0,0.0,1.0,0.0,0.0,1.0,0.0
69393,0.0,0.0,1.0,0.0,0.0,0.0,0.0
70163,0.0,0.0,1.0,0.0,0.0,1.0,0.0
70660,0.0,0.0,1.0,0.0,0.0,2.0,0.0
71160,0.0,0.0,1.0,0.0,0.0,0.0,0.0
73863,0.0,0.0,1.0,0.0,0.0,1.0,0.0
74363,0.0,0.0,1.0,0.0,0.0,0.0,0.0
74877,0.0,0.0,1.0,0.0,0.0,1.0,0.0
75377,0.0,0.0,1.0,0.0,0.0,0.0,0.0
75657,0.0,0.0,1.0,0.0,0.0,1.0,0.0
76157,0.0,0.0,1.0,0.0,0.0,0.0,0.0
76496,0.0,0.0,1.0,0.0,0.0,1.0,0.0
76996,0.0,0.0,1.0,0.0,0.0,0.0,0.0
77229,0.0,0.0,1.0,0.0,0.0,1.0,0.0
77729,0.0,0.0,1.0,0.0,0.0,0.0,0.0
79741,0.0,0.0,1.0,0.0,0.0,1.0,0.0
80241,0.0,0.0,1.0,0.0,0.0,0.0,0.0
80390,0.0,0.0,1.0,0.0,0.0,1.0,0.0
80396,0.0,0.0,1.0,0.0,0.0,2.0,0.0
80896,0.0,0.0,1.0,0.0,0.0,0.0,0.0
80925,0.0,0.0,1.0,0.0,0.0,1.0,0.0
81425,0.0,0.0,1.0,0.0,0.0,0.0,0.0
82087,0.0,0.0,1.0,0.0,0.0,1.0,0.0
82587,0.0,0.0,1.0,0.0,0.0,0.0,0.0
83480,0.0,0.0,1.0,0.0,0.0,1.0,0.0
83980,0.0,0.0,1.0,0.0,0.0,0.0,0.0
84040,0.0,0.0,1.0,0.0,0.0,1.0,0.0
84050,0.0,0.0,1.0,0.0,0.0,2.0,0.0
84550,0.0,0.0,1.0,0.0,0.0,0.0,0.0
84810,0.0,0.0,1.0,0.0,0.0,1.0,0.0
85310,0.0,0.0,1.0,0.0,0.0,0.0,0.0
87861,0.0,0.0,1.0,0.0,0.0,1.0,0.0
88361,0.0,0.0,1.0,0.0,0.0,0.0,0.0
88568,0.0,0.0,1.0,0.0,0.0,1.0,0.0
89068,0.0,0.0,1.0,0.0,0.0,0.0,0.0
90255,0.0,0.0,1.0,0.0,1.0,1.0,0.0
90755,0.0,0.0,1.0,0.0,0.0,0.0,0.0
91878,0.0,0.0,1.0,0.0,0.0,1.0,0.0
92378,0.0,0.0,1.0,0.0,0.0,0.0,0.0
95117,0.0,0.0,1.0,0.0,0.0,1.0,0.0
95617,0.0,0.0,1.0,0.0,0.0,0.0,0.0
96403,0.0,0.0,1.0,0.0,0.0,1.0,0.0
96405,0.0,0.0,1.0,0.0,0.0,2.0,0.0
96905,0.0,0.0,1.0,0.0,0.0,0.0,0.0
99925,0.0,0.0,1.0,0.0,0.0,1.0,0.0
100425,0.0,0.0,1.0,0.0,0.0,0.0,0.0
103610,0.0,0.0,0.0,0.0,0.0,0.0,0.0
104059,0.0,0.0,0.0,0.0,0.0,1.0,0.0
104559,0.0,0.0,0.0,0.0,0.0,0.0,0.0
106084,0.0,0.0,0.0,0.0,0.0,1.0,0.0
106540,0.0,0.0,0.0,0.0,1.0,1.0,0.0
106584,0.0,0.0,0.0,0.0,1.0,0.0,0.0
107040,0.0,0.0,0.0,0.0,0.0,0.0,0.0
107589,0.0,0.0,0.0,0.0,0.0,1.0,0.0
107591,0.0,0.0,0.0,0.0,0.0,2.0,0.0
108091,0.0,0.0,0.0,0.0,0.0,0.0,0.0
109698,0.0,0.0,0.0,0.0,0.0,1.0,0.0
110198,0.0,0.0,0.0,0.0,0.0,0.0,0.0
111177,0.0,0.0,0.0,0.0,0.0,1.0,0.0
111677,0.0,0.0,0.0,0.0,0.0,0.0,0.0
112002,0.0,0.0,0.0,0.0,0.0,1.0,0.0
112502,0.0,0.0,0.0,0.0,0.0,0.0,0.0
113441,0.0,0.0,0.0,0.0,0.0,1.0,0.0
113670,0.0,0.0,0.0,0.0,1.0,1.0,0.0
113941,0.0,0.0,0.0,0.0,1.0,0.0,0.0
114170,0.0,0.0,0.0,0.0,0.0,0.0,0.0
119348,0.0,0.0,0.0,0.0,0.0,1.0,0.0
119848,0.0,0.0,0.0,0.0,0.0,0.0,0.0
121310,0.0,0.0,0.0,0.0,0.0,1.0,0.0
121810,0.0,0.0,0.0,0.0,0.0,0.0,0.0
122755,0.0,0.0,0.0,0.0,0.0,1.0,0.0
123255,0.0,0.0,0.0,0.0,0.0,0.0,0.0
128448,0.0,0.0,0.0,0.0,0.0,1.0,0.0
128948,0.0,0.0,0.0,0.0,0.0,0.0,0.0
130707,0.0,0.0,0.0,0.0,0.0,1.0,0.0
131207,0.0,0.0,0.0,0.0,0.0,0.0,0.0
133930,0.0,0.0,0.0,0.0,0.0,1.0,0.0
134430,0.0,0.0,0.0,0.0,0.0,0.0,0.0
135757,0.0,0.0,0.0,0.0,0.0,1.0,0.0
136257,0.0,0.0,0.0,0.0,0.0,0.0,0.0
136860,0.0,0.0,0.0,0.0,0.0,1.0,0.0
136862,0.0,0.0,0.0,0.0,0.0,2.0,0.0
137362,0.0,0.0,0.0,0.0,0.0,0.0,0.0
137982,0.0,0.0,0.0,0.0,0.0,1.0,0.0
138482,0.0,0.0,0.0,0.0,0.0,0.0,0.0
139630,0.0,0.0,0.0,0.0,0.0,1.0,0.0
140130,0.0,0.0,0.0,0.0,0.0,0.0,0.0
142454,0.0,0.0,0.0,0.0,0.0,1.0,0.0
142954,0.0,0.0,0.0,0.0,0.0,0.0,0.0
145476,0.0,0.0,0.0,0.0,0.0,1.0,0.0
145976,0.0,0.0,0.0,0.0,0.0,0.0,0.0
147706,0.0,0.0,0.0,0.0,0.0,1.0,0.0
148206,0.0,0.0,0.0,0.0,0.0,0.0,0.0
148481,0.0,0.0,0.0,0.0,0.0,1.0,0.0
148981,0.0,0.0,0.0,0.0,0.0,0.0,0.0
150645,0.0,0.0,0.0,0.0,0.0,1.0,0.0
151145,0.0,0.0,0.0,0.0,0.0,0.0,0.0
154513,0.0,0.0,0.0,0.0,0.0,1.0,0.0
155013,0.0,0.0,0.0,0.0,0.0,0.0,0.0
156463,0.0,0.0,0.0,0.0,0.0,1.0,0.0
156963,0.0,0.0,0.0,0.0,0.0,0.0,0.0
157869,0.0,0.0,0.0,0.0,0.0,1.0,0.0
157879,0.0,0.0,0.0,0.0,0.0,2.0,0.0
158379,0.0,0.0,0.0,0.0,0.0,0.0,0.0
162262,0.0,0.0,0.0,0.0,0.0,1.0,0.0
162762,0.0,0.0,0.0,0.0,0.0,0.0,0.0
166914,0.0,0.0,0.0,0.0,0.0,1.0,0.0
167414,0.0,0.0,0.0,0.0,0.0,0.0,0.0
168440,0.0,0.0,0.0,0.0,0.0,1.0,0.0
168940,0.0,0.0,0.0,0.0,0.0,0.0,0.0
170445,0.0,0.0,0.0,0.0,0.0,1.0,0.0
170945,0.0,0.0,0.0,0.0,0.0,0.0,0.0
174584,0.0,0.0,0.0,0.0,0.0,1.0,0.0
175084,0.0,0.0,0.0,0.0,0.0,0.0,0.0
175116,0.0,0.0,0.0,0.0,0.0,1.0,0.0
175616,0.0,0.0,0.0,0.0,0.0,0.0,0.0
175724,0.0,0.0,0.0,0.0,0.0,1.0,0.0
176224,0.0,0.0,0.0,0.0,0.0,0.0,0.0
178432,0.0,0.0,0.0,0.0,0.0,1.0,0.0
178932,0.0,0.0,0.0,0.0,0.0,0.0,0.0
181196,0.0,0.0,0.0,0.0,0.0,1.0,0.0
181696,0.0,0.0,0.0,0.0,0.0,0.0,0.0
182554,0.0,0.0,0.0,0.0,0.0,1.0,0.0
183054,0.0,0.0,0.0,0.0,0.0,0.0,0.0
183823,0.0,0.0,0.0,0.0,0.0,1.0,0.0
184323,0.0,0.0,0.0,0.0,0.0,0.0,0.0
185952,0.0,0.0,0.0,0.0,0.0,1.0,0.0
186452,0.0,0.0,0.0,0.0,0.0,0.0,0.0
187299,0.0,0.0,0.0,0.0,0.0,1.0,0.0
187799,0.0,0.0,0.0,0.0,0.0,0.0,0.0
190496,0.0,0.0,0.0,0.0,0.0,1.0,0.0
190996,0.0,0.0,0.0,0.0,0.0,0.0,0.0
191318,0.0,0.0,0.0,0.0,0.0,1.0,0.0
191575,0.0,0.0,0.0,0.0,0.0,2.0,0.0
192075,0.0,0.0,0.0,0.0,0.0,0.0,0.0
192838,0.0,0.0,0.0,0.0,0.0,1.0,0.0
193338,0.0,0.0,0.0,0.0,0.0,0.0,0.0
194553,0.0,0.0,0.0,0.0,0.0,1.0,0.0
195053,0.0,0.0,0.0,0.0,0.0,0.0,0.0
195325,0.0,0.0,0.0,0.0,0.0,1.0,0.0
195825,0.0,0.0,0.0,0.0,0.0,0.0,0.0
198753,0.0,0.0,0.0,0.0,0.0,1.0,0.0
199253,0.0,0.0,0.0,0.0,0.0,0.0,0.0
199515,0.0,0.0,0.0,0.0,0.0,1.0,0.0
200000,0.0,0.0,0.0,0.0,0.0,1.0,1.0
200015,0.0,0.0,0.0,0.0,0.0,0.0,1.0
200160,0.0,0.0,0.0,0.0,0.0,1.0,1.0
200384,0.0,0.0,0.0,0.0,0.0,2.0,1.0
200500,0.0,0.0,0.0,0.0,0.0,2.0,0.0
200884,0.0,0.0,0.0,0.0,0.0,0.0,0.0
201023,2.0,0.0,0.0,0.0,0.0,0.0,0.0
201027,2.0,2.0,0.0,0.0,0.0,0.0,0.0
201523,0.0,2.0,0.0,0.0,0.0,0.0,0.0
201527,0.0,0.0,0.0,0.0,0.0,0.0,0.0
201695,2.0,0.0,0.0,0.0,0.0,0.0,0.0
202019,2.0,0.0,0.0,0.0,1.0,0.0,0.0
202195,0.0,0.0,0.0,0.0,1.0,0.0,0.0
202492,0.0,0.0,0.0,0.0,1.0,1.0,0.0
202695,0.0,0.0,0.0,0.0,2.0,1.0,0.0
202992,0.0,0.0,0.0,0.0,2.0,0.0,0.0
203195,0.0,0.0,0.0,0.0,0.0,0.0,0.0
203227,0.0,0.0,0.0,0.0,0.0,1.0,0.0
203343,0.0,0.0,0.0,0.0,0.0,2.0,0.0
203455,2.0,0.0,0.0,0.0,0.0,2.0,0.0
203843,2.0,0.0,0.0,0.0,0.0,0.0,0.0
203955,0.0,0.0,0.0,0.0,0.0,0.0,0.0
204201,0.0,0.0,0.0,0.0,0.0,1.0,0.0
204701,0.0,0.0,0.0,0.0,0.0,0.0,0.0
204721,0.0,0.0,0.0,0.0,0.0,1.0,0.0
204863,2.0,0.0,0.0,0.0,0.0,1.0,0.0
205221,2.0,0.0,0.0,0.0,0.0,0.0,0.0
205363,0.0,0.0,0.0,0.0,0.0,0.0,0.0
205843,0.0,0.0,0.0,0.0,0.0,1.0,0.0
206343,0.0,0.0,0.0,0.0,0.0,0.0,0.0
207351,0.0,0.0,0.0,0.0,0.0,1.0,0.0
207353,0.0,0.0,0.0,0.0,0.0,2.0,0.0
207450,0.0,0.0,1.0,0.0,0.0,2.0,0.0
207853,0.0,0.0,1.0,0.0,0.0,0.0,0.0
208167,0.0,0.0,1.0,0.0,0.0,1.0,0.0
208667,0.0,0.0,1.0,0.0,0.0,0.0,0.0
208692,0.0,0.0,1.0,0.0,0.0,1.0,0.0
209192,0.0,0.0,1.0,0.0,0.0,0.0,0.0
209721,0.0,0.0,1.0,0.0,0.0,1.0,0.0
210221,0.0,0.0,1.0,0.0,0.0,0.0,0.0
210407,0.0,0.0,1.0,0.0,1.0,0.0,0.0
210411,0.0,0.0,1.0,0.0,2.0,0.0,0.0
210453,0.0,0.0,1.0,0.0,2.0,1.0,0.0
210911,0.0,0.0,1.0,0.0,0.0,1.0,0.0
210953,0.0,0.0,1.0,0.0,0.0,0.0,0.0
211230,0.0,0.0,1.0,0.0,0.0,1.0,0.0
211730,0.0,0.0,1.0,0.0,0.0,0.0,0.0
212904,0.0,0.0,1.0,0.0,0.0,1.0,0.0
213404,0.0,0.0,1.0,0.0,0.0,0.0,0.0
214053,0.0,0.0,1.0,0.0,0.0,1.0,0.0
214553,0.0,0.0,1.0,0.0,0.0,0.0,0.0
215528,0.0,0.0,2.0,0.0,0.0,0.0,0.0
215593,0.0,0.0,2.0,0.0,0.0,1.0,0.0
216028,0.0,0.0,0.0,0.0,0.0,1.0,0.0
216042,0.0,0.0,1.0,0.0,0.0,1.0,0.0
216093,0.0,0.0,1.0,0.0,0.0,0.0,0.0
216542,0.0,0.0,0.0,0.0,0.0,0.0,0.0
217250,0.0,0.0,0.0,0.0,0.0,1.0,0.0
217389,0.0,0.0,1.0,0.0,0.0,1.0,0.0
217750,0.0,0.0,1.0,0.0,0.0,0.0,0.0
217858,0.0,0.0,1.0,0.0,0.0,1.0,0.0
218358,0.0,0.0,1.0,0.0,0.0,0.0,0.0
219122,0.0,0.0,1.0,0.0,0.0,1.0,0.0
219126,0.0,0.0,1.0,0.0,0.0,2.0,0.0
219626,0.0,0.0,1.0,0.0,0.0,0.0,0.0
220217,0.0,2.0,1.0,0.0,0.0,0.0,0.0
220219,0.0,2.0,1.0,0.0,0.0,1.0,0.0
220717,0.0,0.0,1.0,0.0,0.0,1.0,0.0
220719,0.0,0.0,1.0,0.0,0.0,0.0,0.0
221514,0.0,0.0,1.0,0.0,0.0,1.0,0.0
222014,0.0,0.0,1.0,0.0,0.0,0.0,0.0
223889,0.0,0.0,0.0,0.0,0.0,0.0,0.0
224927,0.0,0.0,0.0,0.0,0.0,1.0,0.0
225427,0.0,0.0,0.0,0.0,0.0,0.0,0.0
226136,0.0,0.0,0.0,0.0,0.0,1.0,0.0
226138,0.0,0.0,0.0,0.0,0.0,2.0,0.0
226638,0.0,0.0,0.0,0.0,0.0,0.0,0.0
228689,0.0,0.0,0.0,0.0,0.0,1.0,0.0
228996,0.0,2.0,0.0,0.0,0.0,1.0,0.0
229189,0.0,2.0,0.0,0.0,0.0,0.0,0.0
229496,0.0,0.0,0.0,0.0,0.0,0.0,0.0
229922,0.0,0.0,0.0,0.0,0.0,1.0,0.0
229924,0.0,0.0,0.0,0.0,0.0,2.0,0.0
230424,0.0,0.0,0.0,0.0,0.0,0.0,0.0
231108,0.0,0.0,0.0,0.0,0.0,1.0,0.0
231608,0.0,0.0,0.0,0.0,0.0,0.0,0.0
231620,0.0,0.0,0.0,0.0,0.0,1.0,0.0
231777,0.0,0.0,0.0,0.0,0.0,2.0,0.0
232277,0.0,0.0,0.0,0.0,0.0,0.0,0.0
232843,0.0,0.0,0.0,0.0,0.0,1.0,0.0
233343,0.0,0.0,0.0,0.0,0.0,0.0,0.0
233649,0.0,0.0,0.0,0.0,0.0,1.0,0.0
234149,0.0,0.0,0.0,0.0,0.0,0.0,0.0
234466,0.0,0.0,0.0,0.0,0.0,1.0,0.0
234476,0.0,0.0,0.0,0.0,0.0,2.0,0.0
234976,0.0,0.0,0.0,0.0,0.0,0.0,0.0
236106,0.0,0.0,0.0,0.0,0.0,1.0,0.0
236606,0.0,0.0,0.0,0.0,0.0,0.0,0.0
237203,0.0,0.0,0.0,0.0,0.0,1.0,0.0
237703,0.0,0.0,0.0,0.0,0.0,0.0,0.0
237905,0.0,0.0,0.0,0.0,0.0,1.0,0.0
237950,0.0,0.0,0.0,0.0,0.0,2.0,0.0
238450,0.0,0.0,0.0,0.0,0.0,0.0,0.0
241375,0.0,0.0,0.0,0.0,0.0,1.0,0.0
241875,0.0,0.0,0.0,0.0,0.0,0.0,0.0
242683,0.0,0.0,0.0,0.0,0.0,1.0,0.0
243183,0.0,0.0,0.0,0.0,0.0,0.0,0.0
243666,0.0,0.0,0.0,0.0,0.0,1.0,0.0
243755,0.0,2.0,0.0,0.0,0.0,1.0,0.0
244166,0.0,2.0,0.0,0.0,0.0,0.0,0.0
244255,0.0,0.0,0.0,0.0,0.0,0.0,0.0
247099,0.0,0.0,0.0,0.0,0.0,1.0,0.0
247599,0.0,0.0,0.0,0.0,0.0,0.0,0.0
247896,0.0,0.0,0.0,0.0,1.0,1.0,0.0
248396,0.0,0.0,0.0,0.0,0.0,0.0,0.0
249027,0.0,0.0,0.0,0.0,0.0,1.0,0.0
249527,0.0,0.0,0.0,0.0,0.0,0.0,0.0
250377,0.0,2.0,0.0,0.0,0.0,0.0,0.0
250534,0.0,2.0,0.0,0.0,0.0,1.0,0.0
250536,0.0,2.0,0.0,0.0,0.0,2.0,0.0
250877,0.0,0.0,0.0,0.0,0.0,2.0,0.0
251036,0.0,0.0,0.0,0.0,0.0,0.0,0.0
253059,0.0,0.0,0.0,0.0,0.0,1.0,0.0
253559,0.0,0.0,0.0,0.0,0.0,0.0,0.0
254899,0.0,0.0,0.0,0.0,0.0,1.0,0.0
254931,0.0,0.0,0.0,0.0,0.0,2.0,0.0
255429,0.0,2.0,0.0,0.0,0.0,2.0,0.0
255431,0.0,2.0,0.0,0.0,0.0,0.0,0.0
255929,0.0,0.0,0.0,0.0,0.0,0.0,0.0
258181,0.0,0.0,0.0,0.0,0.0,1.0,0.0
258681,0.0,0.0,0.0,0.0,0.0,0.0,0.0
262021,0.0,0.0,0.0,0.0,0.0,1.0,0.0
262521,0.0,0.0,0.0,0.0,0.0,0.0,0.0
262622,0.0,0.0,0.0,0.0,0.0,1.0,0.0
263122,0.0,0.0,0.0,0.0,0.0,0.0,0.0
264044,0.0,0.0,0.0,0.0,0.0,1.0,0.0
264544,0.0,0.0,0.0,0.0,0.0,0.0,0.0
264560,0.0,0.0,0.0,0.0,0.0,1.0,0.0
264565,0.0,0.0,0.0,0.0,0.0,2.0,0.0
265065,0.0,0.0,0.0,0.0,0.0,0.0,0.0
267096,0.0,0.0,0.0,0.0,0.0,1.0,0.0
267596,0.0,0.0,0.0,0.0,0.0,0.0,0.0
268762,0.0,0.0,0.0,0.0,0.0,1.0,0.0
269262,0.0,0.0,0.0,0.0,0.0,0.0,0.0
269792,0.0,0.0,0.0,0.0,0.0,1.0,0.0
270292,0.0,0.0,0.0,0.0,0.0,0.0,0.0
270386,0.0,0.0,0.0,0.0,0.0,1.0,0.0
270418,0.0,0.0,0.0,0.0,0.0,2.0,0.0
270918,0.0,0.0,0.0,0.0,0.0,0.0,0.0
271106,0.0,0.0,0.0,0.0,0.0,1.0,0.0
271606,0.0,0.0,0.0,0.0,0.0,0.0,0.0
271867,0.0,0.0,0.0,0.0,0.0,1.0,0.0
272367,0.0,0.0,0.0,0.0,0.0,0.0,0.0
273042,0.0,0.0,0.0,0.0,0.0,1.0,0.0
273044,0.0,0.0,0.0,0.0,0.0,2.0,0.0
273544,0.0,0.0,0.0,0.0,0.0,0.0,0.0
274100,0.0,2.0,0.0,0.0,0.0,0.0,0.0
274600,0.0,0.0,0.0,0.0,0.0,0.0,0.0
276588,0.0,0.0,0.0,0.0,0.0,1.0,0.0
277088,0.0,0.0,0.0,0.0,0.0,0.0,0.0
277654,0.0,0.0,0.0,0.0,0.0,1.0,0.0
278154,0.0,0.0,0.0,0.0,0.0,0.0,0.0
279140,0.0,0.0,0.0,0.0,0.0,1.0,0.0
279142,0.0,0.0,0.0,0.0,0.0,2.0,0.0
279642,0.0,0.0,0.0,0.0,0.0,0.0,0.0
282854,0.0,0.0,0.0,0.0,0.0,1.0,0.0
283354,0.0,0.0,0.0,0.0,0.0,0.0,0.0
283579,0.0,0.0,0.0,0.0,0.0,1.0,0.0
284079,0.0,0.0,0.0,0.0,0.0,0.0,0.0
284188,0.0,0.0,0.0,0.0,0.0,1.0,0.0
284190,0.0,0.0,0.0,0.0,0.0,2.0,0.0
284690,0.0,0.0,0.0,0.0,0.0,0.0,0.0
288110,0.0,0.0,0.0,0.0,0.0,1.0,0.0
288610,0.0,0.0,0.0,0.0,0.0,0.0,0.0
288939,0.0,0.0,0.0,0.0,0.0,1.0,0.0
289289,0.0,2.0,0.0,0.0,0.0,1.0,0.0
289439,0.0,2.0,0.0,0.0,0.0,0.0,0.0
289789,0.0,0.0,0.0,0.0,0.0,0.0,0.0
290708,0.0,0.0,0.0,0.0,0.0,1.0,0.0
291208,0.0,0.0,0.0,0.0,0.0,0.0,0.0
292309,0.0,0.0,0.0,0.0,0.0,1.0,0.0
292310,0.0,0.0,0.0,0.0,0.0,2.0,0.0
292810,0.0,0.0,0.0,0.0,0.0,0.0,0.0
293075,0.0,0.0,0.0,0.0,0.0,1.0,0.0
293575,0.0,0.0,0.0,0.0,0.0,0.0,0.0
294573,0.0,0.0,0.0,0.0,0.0,1.0,0.0
295073,0.0,0.0,0.0,0.0,0.0,0.0,0.0
296037,0.0,0.0,0.0,0.0,1.0,0.0,0.0
296038,0.0,0.0,0.0,0.0,2.0,0.0,0.0
296538,0.0,0.0,0.0,0.0,0.0,0.0,0.0
297062,0.0,0.0,0.0,0.0,0.0,1.0,0.0
297562,0.0,0.0,0.0,0.0,0.0,0.0,0.0
298134,0.0,0.0,0.0,0.0,0.0,1.0,0.0
298634,0.0,0.0,0.0,0.0,0.0,0.0,0.0
300819,0.0,0.0,0.0,0.0,0.0,1.0,0.0
300835,0.0,0.0,0.0,0.0,0.0,2.0,0.0
300842,0.0,0.0,0.0,0.0,1.0,2.0,0.0
301335,0.0,0.0,0.0,0.0,1.0,0.0,0.0
301342,0.0,0.0,0.0,0.0,0.0,0.0,0.0
309805,0.0,0.0,0.0,0.0,0.0,1.0,0.0
310305,0.0,0.0,0.0,0.0,0.0,0.0,0.0
310471,0.0,0.0,0.0,0.0,0.0,1.0,0.0
310971,0.0,0.0,0.0,0.0,0.0,0.0,0.0
311045,0.0,0.0,0.0,0.0,0.0,1.0,0.0
311152,0.0,0.0,0.0,0.0,0.0,2.0,0.0
311652,0.0,0.0,0.0,0.0,0.0,0.0,0.0
317935,0.0,0.0,0.0,0.0,0.0,1.0,0.0
318435,0.0,0.0,0.0,0.0,0.0,0.0,0.0
321270,0.0,0.0,0.0,0.0,0.0,1.0,0.0
321770,0.0,0.0,0.0,0.0,0.0,0.0,0.0
324241,0.0,0.0,0.0,0.0,0.0,1.0,0.0
324741,0.0,0.0,0.0,0.0,0.0,0.0,0.0
325453,0.0,0.0,0.0,0.0,0.0,1.0,0.0
325953,0.0,0.0,0.0,0.0,0.0,0.0,0.0
326149,0.0,0.0,0.0,0.0,0.0,1.0,0.0
326649,0.0,0.0,0.0,0.0,0.0,0.0,0.0
330028,0.0,0.0,0.0,0.0,0.0,1.0,0.0
330528,0.0,0.0,0.0,0.0,0.0,0.0,0.0
331163,0.0,0.0,0.0,0.0,0.0,1.0,0.0
331663,0.0,0.0,0.0,0.0,0.0,0.0,0.0
331783,0.0,0.0,0.0,0.0,0.0,1.0,0.0
332283,0.0,0.0,0.0,0.0,0.0,0.0,0.0
332304,0.0,0.0,0.0,0.0,0.0,1.0,0.0
332804,0.0,0.0,0.0,0.0,0.0,0.0,0.0
332834,0.0,0.0,0.0,0.0,0.0,1.0,0.0
333334,0.0,0.0,0.0,0.0,0.0,0.0,0.0
334345,0.0,0.0,0.0,0.0,0.0,1.0,0.0
334350,0.0,0.0,0.0,0.0,0.0,2.0,0.0
334850,0.0,0.0,0.0,0.0,0.0,0.0,0.0
337815,0.0,0.0,0.0,0.0,0.0,1.0,0.0
337819,0.0,0.0,0.0,0.0,0.0,2.0,0.0
338319,0.0,0.0,0.0,0.0,0.0,0.0,0.0
340715,0.0,0.0,0.0,0.0,0.0,1.0,0.0
341215,0.0,0.0,0.0,0.0,0.0,0.0,0.0
343247,0.0,0.0,0.0,0.0,0.0,1.0,0.0
343747,0.0,0.0,0.0,0.0,0.0,0.0,0.0
346359,0.0,0.0,0.0,0.0,0.0,1.0,0.0
346859,0.0,0.0,0.0,0.0,0.0,0.0,0.0
350125,0.0,0.0,0.0,0.0,0.0,1.0,0.0
350625,0.0,0.0,0.0,0.0,0.0,0.0,0.0
354505,0.0,0.0,0.0,0.0,0.0,1.0,0.0
355005,0.0,0.0,0.0,0.0,0.0,0.0,0.0
358937,0.0,0.0,0.0,0.0,0.0,1.0,0.0
359437,0.0,0.0,0.0,0.0,0.0,0.0,0.0
360799,0.0,0.0,0.0,0.0,0.0,1.0,0.0
361299,0.0,0.0,0.0,0.0,0.0,0.0,0.0
361938,0.0,0.0,0.0,0.0,0.0,1.0,0.0
362438,0.0,0.0,0.0,0.0,0.0,0.0,0.0
362626,0.0,0.0,0.0,0.0,0.0,1.0,0.0
363126,0.0,0.0,0.0,0.0,0.0,0.0,0.0
363395,0.0,0.0,0.0,0.0,0.0,1.0,0.0
363895,0.0,0.0,0.0,0.0,0.0,0.0,0.0
366620,0.0,0.0,0.0,0.0,0.0,1.0,0.0
367120,0.0,0.0,0.0,0.0,0.0,0.0,0.0
367265,0.0,0.0,0.0,0.0,0.0,1.0,0.0
367765,0.0,0.0,0.0,0.0,0.0,0.0,0.0
369057,0.0,0.0,0.0,0.0,0.0,1.0,0.0
369557,0.0,0.0,0.0,0.0,0.0,0.0,0.0
371726,0.0,0.0,0.0,0.0,0.0,1.0,0.0
372226,0.0,0.0,0.0,0.0,0.0,0.0,0.0
373064,0.0,0.0,0.0,0.0,0.0,1.0,0.0
373564,0.0,0.0,0.0,0.0,0.0,0.0,0.0
373710,0.0,0.0,0.0,0.0,0.0,1.0,0.0
374210,0.0,0.0,0.0,0.0,0.0,0.0,0.0
375114,0.0,0.0,0.0,0.0,0.0,1.0,0.0
375614,0.0,0.0,0.0,0.0,0.0,0.0,0.0
378984,0.0,0.0,0.0,0.0,0.0,1.0,0.0
379484,0.0,0.0,0.0,0.0,0.0,0.0,0.0
379550,0.0,0.0,0.0,0.0,0.0,1.0,0.0
380050,0.0,0.0,0.0,0.0,0.0,0.0,0.0
381929,0.0,0.0,0.0,0.0,0.0,1.0,0.0
381937,0.0,0.0,0.0,0.0,0.0,2.0,0.0
382437,0.0,0.0,0.0,0.0,0.0,0.0,0.0
384436,0.0,0.0,0.0,0.0,0.0,1.0,0.0
384936,0.0,0.0,0.0,0.0,0.0,0.0,0.0
386236,0.0,0.0,0.0,0.0,0.0,1.0,0.0
386736,0.0,0.0,0.0,0.0,0.0,0.0,0.0
387281,0.0,0.0,0.0,0.0,0.0,1.0,0.0
387781,0.0,0.0,0.0,0.0,0.0,0.0,0.0
387901,0.0,0.0,0.0,0.0,0.0,1.0,0.0
388401,0.0,0.0,0.0,0.0,0.0,0.0,0.0
391689,0.0,0.0,0.0,0.0,0.0,1.0,0.0
392189,0.0,0.0,0.0,0.0,0.0,0.0,0.0
394560,0.0,0.0,0.0,0.0,0.0,1.0,0.0
395060,0.0,0.0,0.0,0.0,0.0,0.0,0.0
397175,0.0,0.0,0.0,0.0,0.0,1.0,0.0
397675,0.0,0.0,0.0,0.0,0.0,0.0,0.0
398160,0.0,0.0,0.0,0.0,0.0,1.0,0.0
398660,0.0,0.0,0.0,0.0,0.0,0.0,0.0
400000,0.0,0.0,0.0,0.0,0.0,0.0,1.0
400479,0.0,0.0,0.0,0.0,0.0,1.0,1.0
400500,0.0,0.0,0.0,0.0,0.0,1.0,0.0
400979,0.0,0.0,0.0,0.0,0.0,0.0,0.0
401136,0.0,2.0,0.0,0.0,0.0,0.0,0.0
401357,0.0,2.0,0.0,0.0,0.0,1.0,0.0
401636,0.0,0.0,0.0,0.0,0.0,1.0,0.0
401857,0.0,0.0,0.0,0.0,0.0,0.0,0.0
402047,2.0,0.0,0.0,0.0,0.0,0.0,0.0
402079,2.0,0.0,0.0,0.0,0.0,1.0,0.0
402547,0.0,0.0,0.0,0.0,0.0,1.0,0.0
402579,0.0,0.0,0.0,0.0,0.0,0.0,0.0
402636,0.0,0.0,0.0,0.0,0.0,1.0,0.0
403136,0.0,0.0,0.0,0.0,0.0,0.0,0.0
403523,0.0,0.0,0.0,0.0,0.0,1.0,0.0
403525,0.0,0.0,0.0,0.0,0.0,2.0,0.0
404025,0.0,0.0,0.0,0.0,0.0,0.0,0.0
404191,2.0,0.0,0.0,0.0,0.0,0.0,0.0
404304,2.0,0.0,0.0,0.0,0.0,1.0,0.0
404395,2.0,0.0,0.0,0.0,1.0,1.0,0.0
404691,0.0,0.0,0.0,0.0,1.0,1.0,0.0
404804,0.0,0.0,0.0,0.0,1.0,0.0,0.0
405028,0.0,0.0,0.0,0.0,2.0,0.0,0.0
405119,2.0,0.0,0.0,0.0,2.0,0.0,0.0
405383,2.0,0.0,0.0,0.0,2.0,1.0,0.0
405528,2.0,0.0,0.0,0.0,0.0,1.0,0.0
405619,0.0,0.0,0.0,0.0,0.0,1.0,0.0
405883,0.0,0.0,0.0,0.0,0.0,0.0,0.0
406368,0.0,0.0,0.0,0.0,0.0,1.0,0.0
406868,0.0,0.0,0.0,0.0,0.0,0.0,0.0
407084,0.0,0.0,0.0,0.0,0.0,1.0,0.0
407584,0.0,0.0,0.0,0.0,0.0,0.0,0.0
407646,0.0,0.0,0.0,0.0,0.0,1.0,0.0
407669,0.0,0.0,1.0,0.0,0.0,1.0,0.0
408146,0.0,0.0,1.0,0.0,0.0,0.0,0.0
408529,0.0,0.0,1.0,0.0,0.0,1.0,0.0
409029,0.0,0.0,1.0,0.0,0.0,0.0,0.0
411474,0.0,0.0,1.0,0.0,0.0,1.0,0.0
411974,0.0,0.0,1.0,0.0,0.0,0.0,0.0
415054,0.0,0.0,1.0,0.0,0.0,1.0,0.0
415554,0.0,0.0,1.0,0.0,0.0,0.0,0.0
416039,0.0,0.0,2.0,0.0,0.0,0.0,0.0
416539,0.0,0.0,0.0,0.0,0.0,0.0,0.0
416563,0.0,0.0,0.0,0.0,0.0,1.0,0.0
417063,0.0,0.0,0.0,0.0,0.0,0.0,0.0
419044,0.0,0.0,0.0,0.0,0.0,1.0,0.0
419544,0.0,0.0,0.0,0.0,0.0,0.0,0.0
419759,0.0,2.0,0.0,0.0,0.0,0.0,0.0
419961,0.0,2.0,0.0,0.0,0.0,1.0,0.0
419963,0.0,2.0,0.0,0.0,0.0,2.0,0.0
420259,0.0,0.0,0.0,0.0,0.0,2.0,0.0
420463,0.0,0.0,0.0,0.0,0.0,0.0,0.0
420576,0.0,0.0,0.0,0.0,0.0,1.0,0.0
420588,0.0,0.0,0.0,0.0,0.0,2.0,0.0
421088,0.0,0.0,0.0,0.0,0.0,0.0,0.0
423918,0.0,0.0,0.0,0.0,0.0,1.0,0.0
424418,0.0,0.0,0.0,0.0,0.0,0.0,0.0
425285,0.0,0.0,0.0,0.0,0.0,1.0,0.0
425785,0.0,0.0,0.0,0.0,0.0,0.0,0.0
426100,0.0,0.0,0.0,0.0,0.0,1.0,0.0
426600,0.0,0.0,0.0,0.0,0.0,0.0,0.0
426658,0.0,0.0,0.0,0.0,0.0,1.0,0.0
427158,0.0,0.0,0.0,0.0,0.0,0.0,0.0
427171,0.0,0.0,0.0,0.0,0.0,1.0,0.0
427671,0.0,0.0,0.0,0.0,0.0,0.0,0.0
428324,0.0,0.0,0.0,0.0,0.0,1.0,0.0
428824,0.0,0.0,0.0,0.0,0.0,0.0,0.0
428850,0.0,0.0,0.0,0.0,0.0,1.0,0.0
429350,0.0,0.0,0.0,0.0,0.0,0.0,0.0
429876,0.0,0.0,0.0,0.0,0.0,1.0,0.0
430376,0.0,0.0,0.0,0.0,0.0,0.0,0.0
432139,0.0,0.0,0.0,0.0,0.0,1.0,0.0
432639,0.0,0.0,0.0,0.0,0.0,0.0,0.0
433048,0.0,0.0,0.0,0.0,0.0,1.0,0.0
433548,0.0,0.0,0.0,0.0,0.0,0.0,0.0
433854,0.0,0.0,0.0,0.0,0.0,1.0,0.0
434354,0.0,0.0,0.0,0.0,0.0,0.0,0.0
435433,0.0,0.0,0.0,0.0,0.0,1.0,0.0
435434,0.0,0.0,0.0,0.0,1.0,1.0,0.0
435440,0.0,0.0,0.0,0.0,1.0,2.0,0.0
435934,0.0,0.0,0.0,0.0,0.0,2.0,0.0
435940,0.0,0.0,0.0,0.0,0.0,0.0,0.0
436739,0.0,0.0,0.0,0.0,0.0,1.0,0.0
436925,0.0,0.0,0.0,0.0,0.0,2.0,0.0
437425,0.0,0.0,0.0,0.0,0.0,0.0,0.0
439529,0.0,0.0,0.0,0.0,0.0,1.0,0.0
439540,0.0,0.0,0.0,0.0,0.0,2.0,0.0
440040,0.0,0.0,0.0,0.0,0.0,0.0,0.0
440276,0.0,0.0,0.0,0.0,0.0,1.0,0.0
440692,0.0,0.0,0.0,0.0,0.0,2.0,0.0
441192,0.0,0.0,0.0,0.0,0.0,0.0,0.0
442329,0.0,0.0,0.0,0.0,0.0,1.0,0.0
442333,0.0,0.0,0.0,0.0,0.0,2.0,0.0
442833,0.0,0.0,0.0,0.0,0.0,0.0,0.0
444462,0.0,0.0,0.0,0.0,0.0,1.0,0.0
444493,0.0,0.0,0.0,0.0,0.0,2.0,0.0
444993,0.0,0.0,0.0,0.0,0.0,0.0,0.0
445063,0.0,0.0,0.0,0.0,0.0,1.0,0.0
445563,0.0,0.0,0.0,0.0,0.0,0.0,0.0
445729,0.0,0.0,0.0,0.0,0.0,1.0,0.0
446229,0.0,0.0,0.0,0.0,0.0,0.0,0.0
447629,0.0,0.0,0.0,0.0,0.0,1.0,0.0
448129,0.0,0.0,0.0,0.0,0.0,0.0,0.0
449346,0.0,0.0,0.0,0.0,0.0,1.0,0.0
449846,0.0,0.0,0.0,0.0,0.0,0.0,0.0
449855,0.0,0.0,0.0,0.0,0.0,1.0,0.0
450355,0.0,0.0,0.0,0.0,0.0,0.0,0.0
450449,0.0,0.0,0.0,0.0,0.0,1.0,0.0
450762,0.0,0.0,0.0,0.0,0.0,2.0,0.0
451262,0.0,0.0,0.0,0.0,0.0,0.0,0.0
451898,0.0,0.0,0.0,0.0,0.0,1.0,0.0
451902,0.0,0.0,0.0,0.0,0.0,2.0,0.0
452402,0.0,0.0,0.0,0.0,0.0,0.0,0.0
452671,0.0,0.0,0.0,0.0,0.0,1.0,0.0
452716,0.0,0.0,0.0,0.0,0.0,2.0,0.0
453216,0.0,0.0,0.0,0.0,0.0,0.0,0.0
454188,0.0,0.0,0.0,0.0,0.0,1.0,0.0
454190,0.0,0.0,0.0,0.0,0.0,2.0,0.0
454690,0.0,0.0,0.0,0.0,0.0,0.0,0.0
455328,0.0,0.0,0.0,0.0,0.0,1.0,0.0
455828,0.0,0.0,0.0,0.0,0.0,0.0,0.0
456312,0.0,0.0,0.0,0.0,0.0,1.0,0.0
456812,0.0,0.0,0.0,0.0,0.0,0.0,0.0
457041,0.0,0.0,0.0,0.0,0.0,1.0,0.0
457541,0.0,0.0,0.0,0.0,0.0,0.0,0.0
457638,0.0,0.0,1.0,0.0,0.0,0.0,0.0
457847,0.0,2.0,1.0,0.0,0.0,0.0,0.0
457941,0.0,2.0,1.0,0.0,0.0,1.0,0.0
458347,0.0,0.0,1.0,0.0,0.0,1.0,0.0
458441,0.0,0.0,1.0,0.0,0.0,0.0,0.0
458638,0.0,0.0,0.0,0.0,0.0,0.0,0.0
458718,0.0,0.0,0.0,0.0,0.0,1.0,0.0
459218,0.0,0.0,0.0,0.0,0.0,0.0,0.0
459341,0.0,0.0,0.0,0.0,0.0,1.0,0.0
459841,0.0,0.0,0.0,0.0,0.0,0.0,0.0
460173,0.0,0.0,0.0,0.0,0.0,1.0,0.0
460175,0.0,0.0,0.0,0.0,0.0,2.0,0.0
460675,0.0,0.0,0.0,0.0,0.0,0.0,0.0
461212,0.0,0.0,0.0,0.0,0.0,1.0,0.0
461213,0.0,0.0,1.0,0.0,0.0,1.0,0.0
461712,0.0,0.0,1.0,0.0,0.0,0.0,0.0
461713,0.0,0.0,0.0,0.0,0.0,0.0,0.0
461878,0.0,0.0,0.0,0.0,0.0,1.0,0.0
462209,0.0,0.0,1.0,0.0,0.0,1.0,0.0
462378,0.0,0.0,1.0,0.0,0.0,0.0,0.0
462405,0.0,0.0,1.0,0.0,0.0,1.0,0.0
462409,0.0,0.0,1.0,0.0,0.0,2.0,0.0
462909,0.0,0.0,1.0,0.0,0.0,0.0,0.0
464080,0.0,0.0,1.0,0.0,0.0,1.0,0.0
464082,0.0,0.0,1.0,0.0,0.0,2.0,0.0
464582,0.0,0.0,1.0,0.0,0.0,0.0,0.0
465675,0.0,0.0,1.0,0.0,0.0,1.0,0.0
466175,0.0,0.0,1.0,0.0,0.0,0.0,0.0
466709,0.0,0.0,0.0,0.0,0.0,0.0,0.0
466738,0.0,0.0,1.0,0.0,0.0,0.0,0.0
466743,0.0,0.0,1.0,0.0,0.0,1.0,0.0
467238,0.0,0.0,0.0,0.0,0.0,1.0,0.0
467243,0.0,0.0,0.0,0.0,0.0,0.0,0.0
467330,0.0,0.0,1.0,0.0,0.0,0.0,0.0
467345,0.0,0.0,1.0,0.0,0.0,1.0,0.0
467830,0.0,0.0,0.0,0.0,0.0,1.0,0.0
467845,0.0,0.0,0.0,0.0,0.0,0.0,0.0
469305,0.0,0.0,0.0,0.0,0.0,1.0,0.0
469805,0.0,0.0,0.0,0.0,0.0,0.0,0.0
469947,0.0,0.0,0.0,0.0,0.0,1.0,0.0
470447,0.0,0.0,0.0,0.0,0.0,0.0,0.0
470700,0.0,0.0,0.0,0.0,0.0,1.0,0.0
471200,0.0,0.0,0.0,0.0,0.0,0.0,0.0
471213,0.0,0.0,0.0,0.0,0.0,1.0,0.0
471713,0.0,0.0,0.0,0.0,0.0,0.0,0.0
472190,0.0,0.0,0.0,0.0,0.0,1.0,0.0
472690,0.0,0.0,0.0,0.0,0.0,0.0,0.0
473485,0.0,0.0,0.0,0.0,0.0,1.0,0.0
473487,0.0,0.0,0.0,0.0,0.0,2.0,0.0
473987,0.0,0.0,0.0,0.0,0.0,0.0,0.0
473991,0.0,0.0,0.0,0.0,0.0,1.0,0.0
474491,0.0,0.0,0.0,0.0,0.0,0.0,0.0
476453,0.0,0.0,0.0,0.0,1.0,0.0,0.0
476953,0.0,0.0,0.0,0.0,0.0,0.0,0.0
478647,0.0,0.0,0.0,0.0,0.0,1.0,0.0
478649,0.0,0.0,0.0,0.0,0.0,2.0,0.0
479149,0.0,0.0,0.0,0.0,0.0,0.0,0.0
480235,0.0,0.0,0.0,0.0,0.0,1.0,0.0
480735,0.0,0.0,0.0,0.0,0.0,0.0,0.0
481439,0.0,0.0,0.0,0.0,0.0,1.0,0.0
481939,0.0,0.0,0.0,0.0,0.0,0.0,0.0
482891,0.0,0.0,0.0,0.0,0.0,1.0,0.0
483391,0.0,0.0,0.0,0.0,0.0,0.0,0.0
483947,0.0,0.0,0.0,0.0,0.0,1.0,0.0
484447,0.0,0.0,0.0,0.0,0.0,0.0,0.0
486136,0.0,0.0,0.0,0.0,0.0,1.0,0.0
486636,0.0,0.0,0.0,0.0,0.0,0.0,0.0
487386,0.0,0.0,0.0,0.0,0.0,1.0,0.0
487886,0.0,0.0,0.0,0.0,0.0,0.0,0.0
490373,0.0,0.0,0.0,0.0,0.0,1.0,0.0
490873,0.0,0.0,0.0,0.0,0.0,0.0,0.0
491015,0.0,0.0,0.0,0.0,0.0,1.0,0.0
491084,0.0,0.0,0.0,0.0,0.0,2.0,0.0
491584,0.0,0.0,0.0,0.0,0.0,0.0,0.0
492643,0.0,0.0,0.0,0.0,0.0,1.0,0.0
493143,0.0,0.0,0.0,0.0,0.0,0.0,0.0
493705,0.0,0.0,0.0,0.0,0.0,1.0,0.0
494205,0.0,0.0,0.0,0.0,0.0,0.0,0.0
495647,0.0,0.0,0.0,0.0,0.0,1.0,0.0
495650,0.0,0.0,0.0,0.0,0.0,2.0,0.0
496150,0.0,0.0,0.0,0.0,0.0,0.0,0.0
497302,0.0,0.0,0.0,0.0,0.0,1.0,0.0
497306,0.0,0.0,0.0,0.0,0.0,2.0,0.0
497806,0.0,0.0,0.0,0.0,0.0,0.0,0.0
497830,0.0,0.0,0.0,0.0,0.0,1.0,0.0
497833,0.0,0.0,0.0,0.0,0.0,2.0,0.0
498333,0.0,0.0,0.0,0.0,0.0,0.0,0.0
502628,0.0,0.0,0.0,0.0,0.0,1.0,0.0
502633,0.0,0.0,0.0,0.0,0.0,2.0,0.0
503133,0.0,0.0,0.0,0.0,0.0,0.0,0.0
508852,0.0,0.0,0.0,0.0,0.0,1.0,0.0
509352,0.0,0.0,0.0,0.0,0.0,0.0,0.0
510066,0.0,0.0,0.0,0.0,1.0,0.0,0.0
510067,0.0,0.0,0.0,0.0,2.0,1.0,0.0
510072,0.0,0.0,0.0,0.0,2.0,2.0,0.0
510567,0.0,0.0,0.0,0.0,0.0,2.0,0.0
510572,0.0,0.0,0.0,0.0,0.0,0.0,0.0
521042,0.0,0.0,0.0,0.0,0.0,1.0,0.0
521048,0.0,0.0,0.0,0.0,0.0,2.0,0.0
521548,0.0,0.0,0.0,0.0,0.0,0.0,0.0
528639,0.0,0.0,0.0,0.0,0.0,1.0,0.0
529139,0.0,0.0,0.0,0.0,0.0,0.0,0.0
529442,0.0,0.0,0.0,0.0,0.0,1.0,0.0
529942,0.0,0.0,0.0,0.0,0.0,0.0,0.0
534624,0.0,0.0,0.0,0.0,0.0,1.0,0.0
535124,0.0,0.0,0.0,0.0,0.0,0.0,0.0
544188,0.0,0.0,0.0,0.0,0.0,1.0,0.0
544688,0.0,0.0,0.0,0.0,0.0,0.0,0.0
545532,0.0,0.0,0.0,0.0,0.0,1.0,0.0
545541,0.0,0.0,0.0,0.0,0.0,2.0,0.0
546041,0.0,0.0,0.0,0.0,0.0,0.0,0.0
553920,0.0,0.0,0.0,0.0,0.0,1.0,0.0
554420,0.0,0.0,0.0,0.0,0.0,0.0,0.0
554599,0.0,0.0,0.0,0.0,0.0,1.0,0.0
555099,0.0,0.0,0.0,0.0,0.0,0.0,0.0
555339,0.0,0.0,0.0,0.0,0.0,1.0,0.0
555839,0.0,0.0,0.0,0.0,0.0,0.0,0.0
555912,0.0,0.0,0.0,0.0,0.0,1.0,0.0
555931,0.0,0.0,0.0,0.0,0.0,2.0,0.0
556431,0.0,0.0,0.0,0.0,0.0,0.0,0.0
557331,0.0,0.0,0.0,0.0,0.0,1.0,0.0
557831,0.0,0.0,0.0,0.0,0.0,0.0,0.0
557945,0.0,0.0,0.0,0.0,0.0,1.0,0.0
558445,0.0,0.0,0.0,0.0,0.0,0.0,0.0
558829,0.0,0.0,0.0,0.0,0.0,1.0,0.0
559329,0.0,0.0,0.0,0.0,0.0,0.0,0.0
560327,0.0,0.0,0.0,0.0,0.0,1.0,0.0
560827,0.0,0.0,0.0,0.0,0.0,0.0,0.0
561709,0.0,0.0,0.0,0.0,0.0,1.0,0.0
562209,0.0,0.0,0.0,0.0,0.0,0.0,0.0
562744,0.0,0.0,0.0,0.0,1.0,0.0,0.0
563062,0.0,0.0,0.0,0.0,1.0,1.0,0.0
563244,0.0,0.0,0.0,0.0,0.0,1.0,0.0
563562,0.0,0.0,0.0,0.0,0.0,0.0,0.0
570986,0.0,0.0,0.0,0.0,0.0,1.0,0.0
571486,0.0,0.0,0.0,0.0,0.0,0.0,0.0
571748,0.0,0.0,0.0,0.0,0.0,1.0,0.0
571755,0.0,0.0,0.0,0.0,0.0,2.0,0.0
572255,0.0,0.0,0.0,0.0,0.0,0.0,0.0
572330,0.0,0.0,0.0,0.0,0.0,1.0,0.0
572379,0.0,0.0,0.0,0.0,0.0,2.0,0.0
572879,0.0,0.0,0.0,0.0,0.0,0.0,0.0
573263,0.0,0.0,0.0,0.0,0.0,1.0,0.0
573763,0.0,0.0,0.0,0.0,0.0,0.0,0.0
576537,0.0,0.0,0.0,0.0,0.0,1.0,0.0
577037,0.0,0.0,0.0,0.0,0.0,0.0,0.0
577353,0.0,0.0,0.0,0.0,0.0,1.0,0.0
577853,0.0,0.0,0.0,0.0,0.0,0.0,0.0
580051,0.0,0.0,0.0,0.0,0.0,1.0,0.0
580551,0.0,0.0,0.0,0.0,0.0,0.0,0.0
584524,0.0,0.0,0.0,0.0,0.0,1.0,0.0
585024,0.0,0.0,0.0,0.0,0.0,0.0,0.0
585047,0.0,0.0,0.0,0.0,0.0,1.0,0.0
585051,0.0,0.0,0.0,0.0,0.0,2.0,0.0
585551,0.0,0.0,0.0,0.0,0.0,0.0,0.0
587272,0.0,0.0,0.0,0.0,0.0,1.0,0.0
587772,0.0,0.0,0.0,0.0,0.0,0.0,0.0
587774,0.0,0.0,0.0,0.0,0.0,1.0,0.0
588274,0.0,0.0,0.0,0.0,0.0,0.0,0.0
593003,0.0,0.0,0.0,0.0,0.0,1.0,0.0
593503,0.0,0.0,0.0,0.0,0.0,0.0,0.0
597119,0.0,0.0,0.0,0.0,0.0,1.0,0.0
597129,0.0,0.0,0.0,0.0,0.0,2.0,0.0
597629,0.0,0.0,0.0,0.0,0.0,0.0,0.0
599753,0.0,0.0,0.0,0.0,0.0,1.0,0.0
600000,0.0,0.0,0.0,0.0,0.0,1.0,1.0
600253,0.0,0.0,0.0,0.0,0.0,0.0,1.0
600500,0.0,0.0,0.0,0.0,0.0,0.0,0.0
601734,0.0,0.0,0.0,0.0,0.0,1.0,0.0
602188,0.0,2.0,0.0,0.0,0.0,1.0,0.0
602234,0.0,2.0,0.0,0.0,0.0,0.0,0.0
602489,0.0,2.0,0.0,0.0,0.0,1.0,0.0
602495,2.0,2.0,0.0,0.0,0.0,1.0,0.0
602599,2.0,2.0,0.0,0.0,0.0,2.0,0.0
602688,2.0,0.0,0.0,0.0,0.0,2.0,0.0
602995,0.0,0.0,0.0,0.0,0.0,2.0,0.0
603099,0.0,0.0,0.0,0.0,0.0,0.0,0.0
603263,2.0,0.0,0.0,0.0,0.0,0.0,0.0
603763,0.0,0.0,0.0,0.0,0.0,0.0,0.0
603876,0.0,0.0,0.0,0.0,0.0,1.0,0.0
604292,0.0,0.0,0.0,0.0,1.0,1.0,0.0
604376,0.0,0.0,0.0,0.0,1.0,0.0,0.0
604393,0.0,0.0,0.0,0.0,1.0,1.0,0.0
604893,0.0,0.0,0.0,0.0,1.0,0.0,0.0
604977,0.0,0.0,0.0,0.0,1.0,1.0,0.0
605010,0.0,0.0,0.0,0.0,2.0,1.0,0.0
605023,2.0,0.0,0.0,0.0,2.0,1.0,0.0
605319,2.0,0.0,0.0,0.0,2.0,2.0,0.0
605510,2.0,0.0,0.0,0.0,0.0,2.0,0.0
605523,0.0,0.0,0.0,0.0,0.0,2.0,0.0
605791,2.0,0.0,0.0,0.0,0.0,2.0,0.0
605819,2.0,0.0,0.0,0.0,0.0,0.0,0.0
606291,0.0,0.0,0.0,0.0,0.0,0.0,0.0
607496,0.0,0.0,0.0,0.0,1.0,0.0,0.0
607795,0.0,0.0,0.0,0.0,1.0,1.0,0.0
607935,2.0,0.0,0.0,0.0,1.0,1.0,0.0
607996,2.0,0.0,0.0,0.0,0.0,1.0,0.0
608295,2.0,0.0,0.0,0.0,0.0,0.0,0.0
608435,0.0,0.0,0.0,0.0,0.0,0.0,0.0
609018,0.0,0.0,0.0,0.0,0.0,1.0,0.0
609518,0.0,0.0,0.0,0.0,0.0,0.0,0.0
609761,0.0,0.0,1.0,0.0,0.0,0.0,0.0
610698,0.0,0.0,1.0,0.0,1.0,0.0,0.0
610735,0.0,0.0,1.0,0.0,1.0,1.0,0.0
610790,0.0,0.0,1.0,0.0,1.0,2.0,0.0
611198,0.0,0.0,1.0,0.0,0.0,2.0,0.0
611290,0.0,0.0,1.0,0.0,0.0,0.0,0.0
611872,0.0,0.0,1.0,0.0,0.0,1.0,0.0
612372,0.0,0.0,1.0,0.0,0.0,0.0,0.0
613801,0.0,0.0,1.0,0.0,0.0,1.0,0.0
614010,0.0,0.0,1.0,0.0,0.0,2.0,0.0
614510,0.0,0.0,1.0,0.0,0.0,0.0,0.0
615666,0.0,0.0,1.0,0.0,0.0,1.0,0.0
616166,0.0,0.0,1.0,0.0,0.0,0.0,0.0
616546,0.0,0.0,2.0,0.0,0.0,0.0,0.0
616987,0.0,0.0,2.0,0.0,0.0,1.0,0.0
617046,0.0,0.0,0.0,0.0,0.0,1.0,0.0
617487,0.0,0.0,0.0,0.0,0.0,0.0,0.0
618490,0.0,0.0,0.0,0.0,0.0,1.0,0.0
618962,0.0,0.0,0.0,0.0,0.0,2.0,0.0
619462,0.0,0.0,0.0,0.0,0.0,0.0,0.0
619874,0.0,0.0,0.0,0.0,0.0,1.0,0.0
620374,0.0,0.0,0.0,0.0,0.0,0.0,0.0
621255,0.0,0.0,0.0,0.0,0.0,1.0,0.0
621648,0.0,0.0,0.0,0.0,0.0,2.0,0.0
622148,0.0,0.0,0.0,0.0,0.0,0.0,0.0
623490,0.0,0.0,0.0,0.0,0.0,1.0,0.0
623552,0.0,0.0,0.0,0.0,0.0,2.0,0.0
624052,0.0,0.0,0.0,0.0,0.0,0.0,0.0
625548,0.0,0.0,0.0,0.0,0.0,1.0,0.0
626048,0.0,0.0,0.0,0.0,0.0,0.0,0.0
627407,0.0,0.0,0.0,0.0,0.0,1.0,0.0
627907,0.0,0.0,0.0,0.0,0.0,0.0,0.0
628075,0.0,0.0,0.0,0.0,0.0,1.0,0.0
628575,0.0,0.0,0.0,0.0,0.0,0.0,0.0
629017,0.0,0.0,0.0,0.0,0.0,1.0,0.0
629517,0.0,0.0,0.0,0.0,0.0,0.0,0.0
631034,0.0,0.0,0.0,0.0,0.0,1.0,0.0
631534,0.0,0.0,0.0,0.0,0.0,0.0,0.0
631829,0.0,0.0,0.0,0.0,0.0,1.0,0.0
632329,0.0,0.0,0.0,0.0,0.0,0.0,0.0
632427,0.0,0.0,0.0,0.0,0.0,1.0,0.0
632927,0.0,0.0,0.0,0.0,0.0,0.0,0.0
634711,0.0,0.0,0.0,0.0,0.0,1.0,0.0
634730,0.0,0.0,0.0,0.0,0.0,2.0,0.0
635230,0.0,0.0,0.0,0.0,0.0,0.0,0.0
635854,0.0,0.0,0.0,0.0,0.0,1.0,0.0
636354,0.0,0.0,0.0,0.0,0.0,0.0,0.0
636463,0.0,0.0,0.0,0.0,0.0,1.0,0.0
636963,0.0,0.0,0.0,0.0,0.0,0.0,0.0
637239,0.0,0.0,0.0,0.0,0.0,1.0,0.0
637241,0.0,0.0,0.0,0.0,0.0,2.0,0.0
637741,0.0,0.0,0.0,0.0,0.0,0.0,0.0
637772,0.0,0.0,0.0,0.0,0.0,1.0,0.0
638272,0.0,0.0,0.0,0.0,0.0,0.0,0.0
639417,0.0,0.0,0.0,0.0,0.0,1.0,0.0
639419,0.0,0.0,0.0,0.0,0.0,2.0,0.0
639919,0.0,0.0,0.0,0.0,0.0,0.0,0.0
640242,0.0,0.0,0.0,0.0,0.0,1.0,0.0
640742,0.0,0.0,0.0,0.0,0.0,0.0,0.0
643548,0.0,0.0,0.0,0.0,0.0,1.0,0.0
643638,0.0,0.0,0.0,0.0,1.0,1.0,0.0
644048,0.0,0.0,0.0,0.0,1.0,0.0,0.0
644138,0.0,0.0,0.0,0.0,0.0,0.0,0.0
644261,0.0,0.0,0.0,0.0,0.0,1.0,0.0
644761,0.0,0.0,0.0,0.0,0.0,0.0,0.0
646089,0.0,0.0,0.0,0.0,0.0,1.0,0.0
646589,0.0,0.0,0.0,0.0,0.0,0.0,0.0
648328,0.0,0.0,0.0,0.0,0.0,1.0,0.0
648828,0.0,0.0,0.0,0.0,0.0,0.0,0.0
648841,0.0,0.0,0.0,0.0,0.0,1.0,0.0
649341,0.0,0.0,0.0,0.0,0.0,0.0,0.0
651609,0.0,0.0,0.0,0.0,0.0,1.0,0.0
652109,0.0,0.0,0.0,0.0,0.0,0.0,0.0
652137,0.0,0.0,0.0,0.0,0.0,1.0,0.0
652637,0.0,0.0,0.0,0.0,0.0,0.0,0.0
653468,0.0,0.0,0.0,0.0,0.0,1.0,0.0
653968,0.0,0.0,0.0,0.0,0.0,0.0,0.0
654009,0.0,0.0,0.0,0.0,0.0,1.0,0.0
654509,0.0,0.0,0.0,0.0,0.0,0.0,0.0
654924,0.0,0.0,0.0,0.0,0.0,1.0,0.0
655424,0.0,0.0,0.0,0.0,0.0,0.0,0.0
655700,0.0,2.0,0.0,0.0,0.0,0.0,0.0
656165,0.0,2.0,0.0,0.0,0.0,1.0,0.0
656200,0.0,0.0,0.0,0.0,0.0,1.0,0.0
656665,0.0,0.0,0.0,0.0,0.0,0.0,0.0
660901,0.0,0.0,0.0,0.0,0.0,1.0,0.0
660905,0.0,0.0,0.0,0.0,0.0,2.0,0.0
661405,0.0,0.0,0.0,0.0,0.0,0.0,0.0
661411,0.0,0.0,0.0,0.0,0.0,1.0,0.0
661911,0.0,0.0,0.0,0.0,0.0,0.0,0.0
662442,0.0,0.0,0.0,0.0,0.0,1.0,0.0
662942,0.0,0.0,0.0,0.0,0.0,0.0,0.0
663504,0.0,0.0,0.0,0.0,0.0,1.0,0.0
664004,0.0,0.0,0.0,0.0,0.0,0.0,0.0
664182,0.0,0.0,0.0,0.0,0.0,1.0,0.0
664682,0.0,0.0,0.0,0.0,0.0,0.0,0.0
664894,0.0,0.0,0.0,0.0,0.0,1.0,0.0
665310,0.0,2.0,0.0,0.0,0.0,1.0,0.0
665394,0.0,2.0,0.0,0.0,0.0,0.0,0.0
665605,0.0,2.0,0.0,0.0,0.0,1.0,0.0
665810,0.0,0.0,0.0,0.0,0.0,1.0,0.0
666105,0.0,0.0,0.0,0.0,0.0,0.0,0.0
666512,0.0,0.0,0.0,0.0,0.0,1.0,0.0
667012,0.0,0.0,0.0,0.0,0.0,0.0,0.0
668576,0.0,0.0,0.0,0.0,0.0,1.0,0.0
669076,0.0,0.0,0.0,0.0,0.0,0.0,0.0
669336,0.0,0.0,0.0,0.0,0.0,1.0,0.0
669836,0.0,0.0,0.0,0.0,0.0,0.0,0.0
670360,0.0,0.0,0.0,0.0,0.0,1.0,0.0
670860,0.0,0.0,0.0,0.0,0.0,0.0,0.0
671536,0.0,0.0,0.0,0.0,0.0,1.0,0.0
671566,0.0,0.0,0.0,0.0,0.0,2.0,0.0
672066,0.0,0.0,0.0,0.0,0.0,0.0,0.0
672117,0.0,0.0,0.0,0.0,0.0,1.0,0.0
672617,0.0,0.0,0.0,0.0,0.0,0.0,0.0
672777,0.0,0.0,0.0,0.0,0.0,1.0,0.0
673777,0.0,0.0,0.0,0.0,0.0,0.0,0.0
675217,0.0,0.0,0.0,0.0,0.0,1.0,0.0
675457,0.0,0.0,0.0,0.0,1.0,1.0,0.0
675717,0.0,0.0,0.0,0.0,1.0,0.0,0.0
675957,0.0,0.0,0.0,0.0,0.0,0.0,0.0
676064,0.0,0.0,0.0,0.0,0.0,1.0,0.0
676564,0.0,0.0,0.0,0.0,0.0,0.0,0.0
677686,0.0,0.0,0.0,0.0,0.0,1.0,0.0
678186,0.0,0.0,0.0,0.0,0.0,0.0,0.0
678211,0.0,0.0,0.0,0.0,0.0,1.0,0.0
678543,0.0,0.0,0.0,0.0,0.0,2.0,0.0
679043,0.0,0.0,0.0,0.0,0.0,0.0,0.0
679694,0.0,0.0,0.0,0.0,0.0,1.0,0.0
680194,0.0,0.0,0.0,0.0,0.0,0.0,0.0
680363,0.0,0.0,0.0,0.0,0.0,1.0,0.0
680863,0.0,0.0,0.0,0.0,0.0,0.0,0.0
681090,0.0,0.0,0.0,0.0,0.0,1.0,0.0
681572,0.0,0.0,0.0,0.0,0.0,2.0,0.0
682072,0.0,0.0,0.0,0.0,0.0,0.0,0.0
682750,0.0,0.0,0.0,0.0,0.0,1.0,0.0
683173,0.0,0.0,0.0,0.0,0.0,2.0,0.0
683673,0.0,0.0,0.0,0.0,0.0,0.0,0.0
685574,0.0,0.0,0.0,0.0,0.0,1.0,0.0
686074,0.0,0.0,0.0,0.0,0.0,0.0,0.0
687601,0.0,0.0,0.0,0.0,0.0,1.0,0.0
688101,0.0,0.0,0.0,0.0,0.0,0.0,0.0
688360,0.0,0.0,0.0,0.0,0.0,1.0,0.0
688860,0.0,0.0,0.0,0.0,0.0,0.0,0.0
689113,0.0,0.0,0.0,0.0,0.0,1.0,0.0
689613,0.0,0.0,0.0,0.0,0.0,0.0,0.0
689784,0.0,0.0,0.0,0.0,0.0,1.0,0.0
690284,0.0,0.0,0.0,0.0,0.0,0.0,0.0
690307,0.0,0.0,0.0,0.0,0.0,1.0,0.0
690807,0.0,0.0,0.0,0.0,0.0,0.0,0.0
691820,0.0,0.0,0.0,0.0,0.0,1.0,0.0
691821,0.0,0.0,0.0,0.0,0.0,2.0,0.0
692321,0.0,0.0,0.0,0.0,0.0,0.0,0.0
692758,0.0,0.0,0.0,0.0,0.0,1.0,0.0
693258,0.0,0.0,0.0,0.0,0.0,0.0,0.0
693378,0.0,0.0,0.0,0.0,0.0,1.0,0.0
693878,0.0,0.0,0.0,0.0,0.0,0.0,0.0
694941,0.0,0.0,0.0,0.0,0.0,1.0,0.0
694943,0.0,0.0,0.0,0.0,0.0,2.0,0.0
695443,0.0,0.0,0.0,0.0,0.0,0.0,0.0
697073,0.0,0.0,0.0,0.0,0.0,1.0,0.0
697075,0.0,0.0,0.0,0.0,0.0,2.0,0.0
697575,0.0,0.0,0.0,0.0,0.0,0.0,0.0
697923,0.0,0.0,0.0,0.0,0.0,1.0,0.0
698423,0.0,0.0,0.0,0.0,0.0,0.0,0.0
698632,0.0,2.0,0.0,0.0,0.0,0.0,0.0
698633,0.0,2.0,0.0,0.0,0.0,1.0,0.0
699132,0.0,0.0,0.0,0.0,0.0,1.0,0.0
699133,0.0,0.0,0.0,0.0,0.0,0.0,0.0
699661,0.0,0.0,0.0,0.0,0.0,1.0,0.0
699663,0.0,0.0,0.0,0.0,0.0,2.0,0.0
700163,0.0,0.0,0.0,0.0,0.0,0.0,0.0
701314,0.0,0.0,0.0,0.0,0.0,1.0,0.0
701315,0.0,0.0,0.0,0.0,0.0,2.0,0.0
701815,0.0,0.0,0.0,0.0,0.0,0.0,0.0
717007,0.0,0.0,0.0,0.0,0.0,1.0,0.0
717507,0.0,0.0,0.0,0.0,0.0,0.0,0.0
718075,0.0,0.0,0.0,0.0,0.0,1.0,0.0
718575,0.0,0.0,0.0,0.0,0.0,0.0,0.0
719915,0.0,0.0,0.0,0.0,0.0,1.0,0.0
719935,0.0,0.0,0.0,0.0,1.0,1.0,0.0
719936,0.0,0.0,0.0,0.0,1.0,2.0,0.0
720435,0.0,0.0,0.0,0.0,0.0,2.0,0.0
720436,0.0,0.0,0.0,0.0,0.0,0.0,0.0
723037,0.0,0.0,0.0,0.0,0.0,1.0,0.0
723537,0.0,0.0,0.0,0.0,0.0,0.0,0.0
724083,0.0,0.0,0.0,0.0,0.0,1.0,0.0
724583,0.0,0.0,0.0,0.0,0.0,0.0,0.0
728907,0.0,0.0,0.0,0.0,0.0,1.0,0.0
728937,0.0,0.0,0.0,0.0,0.0,2.0,0.0
728940,0.0,0.0,0.0,0.0,1.0,2.0,0.0
729437,0.0,0.0,0.0,0.0,1.0,0.0,0.0
729440,0.0,0.0,0.0,0.0,0.0,0.0,0.0
729749,0.0,0.0,0.0,0.0,0.0,1.0,0.0
730249,0.0,0.0,0.0,0.0,0.0,0.0,0.0
733462,0.0,0.0,0.0,0.0,0.0,1.0,0.0
733962,0.0,0.0,0.0,0.0,0.0,0.0,0.0
735095,0.0,0.0,0.0,0.0,0.0,1.0,0.0
735595,0.0,0.0,0.0,0.0,0.0,0.0,0.0
738758,0.0,0.0,0.0,0.0,0.0,1.0,0.0
739258,0.0,0.0,0.0,0.0,0.0,0.0,0.0
739741,0.0,0.0,0.0,0.0,0.0,1.0,0.0
740241,0.0,0.0,0.0,0.0,0.0,0.0,0.0
741113,0.0,0.0,0.0,0.0,0.0,1.0,0.0
741613,0.0,0.0,0.0,0.0,0.0,0.0,0.0
747897,0.0,0.0,0.0,0.0,0.0,1.0,0.0
748397,0.0,0.0,0.0,0.0,0.0,0.0,0.0
750688,0.0,0.0,0.0,0.0,0.0,1.0,0.0
751188,0.0,0.0,0.0,0.0,0.0,0.0,0.0
753268,0.0,0.0,0.0,0.0,0.0,1.0,0.0
753768,0.0,0.0,0.0,0.0,0.0,0.0,0.0
754573,0.0,0.0,0.0,0.0,0.0,1.0,0.0
755073,0.0,0.0,0.0,0.0,0.0,0.0,0.0
755329,0.0,0.0,0.0,0.0,0.0,1.0,0.0
755829,0.0,0.0,0.0,0.0,0.0,0.0,0.0
759588,0.0,0.0,0.0,0.0,0.0,1.0,0.0
759596,0.0,0.0,0.0,0.0,0.0,2.0,0.0
760096,0.0,0.0,0.0,0.0,0.0,0.0,0.0
760846,0.0,0.0,0.0,0.0,0.0,1.0,0.0
761346,0.0,0.0,0.0,0.0,0.0,0.0,0.0
761609,0.0,2.0,0.0,0.0,0.0,0.0,0.0
761610,0.0,2.0,0.0,0.0,0.0,1.0,0.0
762109,0.0,0.0,0.0,0.0,0.0,1.0,0.0
762110,0.0,0.0,0.0,0.0,0.0,0.0,0.0
766598,0.0,0.0,0.0,0.0,0.0,1.0,0.0
767098,0.0,0.0,0.0,0.0,0.0,0.0,0.0
767530,0.0,0.0,0.0,0.0,0.0,1.0,0.0
768030,0.0,0.0,0.0,0.0,0.0,0.0,0.0
768628,0.0,0.0,0.0,0.0,0.0,1.0,0.0
769128,0.0,0.0,0.0,0.0,0.0,0.0,0.0
769748,0.0,0.0,0.0,0.0,0.0,1.0,0.0
770248,0.0,0.0,0.0,0.0,0.0,0.0,0.0
771048,0.0,0.0,0.0,0.0,0.0,1.0,0.0
771548,0.0,0.0,0.0,0.0,0.0,0.0,0.0
773608,0.0,0.0,0.0,0.0,0.0,1.0,0.0
773616,0.0,0.0,0.0,0.0,0.0,2.0,0.0
774116,0.0,0.0,0.0,0.0,0.0,0.0,0.0
779564,0.0,0.0,0.0,0.0,0.0,1.0,0.0
780064,0.0,0.0,0.0,0.0,0.0,0.0,0.0
780517,0.0,0.0,0.0,0.0,0.0,1.0,0.0
781017,0.0,0.0,0.0,0.0,0.0,0.0,0.0
781681,0.0,0.0,0.0,0.0,0.0,1.0,0.0
782181,0.0,0.0,0.0,0.0,0.0,0.0,0.0
782951,0.0,0.0,0.0,0.0,0.0,1.0,0.0
783451,0.0,0.0,0.0,0.0,0.0,0.0,0.0
784139,0.0,0.0,0.0,0.0,0.0,1.0,0.0
784639,0.0,0.0,0.0,0.0,0.0,0.0,0.0
785341,0.0,0.0,0.0,0.0,0.0,1.0,0.0
785841,0.0,0.0,0.0,0.0,0.0,0.0,0.0
786545,0.0,0.0,0.0,0.0,0.0,1.0,0.0
787045,0.0,0.0,0.0,0.0,0.0,0.0,0.0
787676,0.0,0.0,0.0,0.0,0.0,1.0,0.0
787901,0.0,0.0,0.0,0.0,0.0,2.0,0.0
788094,0.0,2.0,0.0,0.0,0.0,2.0,0.0
788401,0.0,2.0,0.0,0.0,0.0,0.0,0.0
788594,0.0,0.0,0.0,0.0,0.0,0.0,0.0
789867,0.0,0.0,0.0,0.0,0.0,1.0,0.0
789869,0.0,0.0,0.0,0.0,0.0,2.0,0.0
790369,0.0,0.0,0.0,0.0,0.0,0.0,0.0
791545,0.0,0.0,0.0,0.0,0.0,1.0,0.0
792045,0.0,0.0,0.0,0.0,0.0,0.0,0.0
794516,0.0,0.0,0.0,0.0,0.0,1.0,0.0
795016,0.0,0.0,0.0,0.0,0.0,0.0,0.0
796558,0.0,0.0,0.0,0.0,0.0,1.0,0.0
797058,0.0,0.0,0.0,0.0,0.0,0.0,0.0
799509,0.0,0.0,0.0,0.0,0.0,1.0,0.0
800000,0.0,0.0,0.0,0.0,0.0,1.0,1.0
800009,0.0,0.0,0.0,0.0,0.0,0.0,1.0
800420,0.0,2.0,0.0,0.0,0.0,0.0,1.0
800500,0.0,2.0,0.0,0.0,0.0,0.0,0.0
800920,0.0,0.0,0.0,0.0,0.0,0.0,0.0
801375,2.0,0.0,0.0,0.0,0.0,0.0,0.0
801875,0.0,0.0,0.0,0.0,0.0,0.0,0.0
802047,2.0,0.0,0.0,0.0,0.0,0.0,0.0
802058,2.0,0.0,0.0,0.0,0.0,1.0,0.0
802547,0.0,0.0,0.0,0.0,0.0,1.0,0.0
802558,0.0,0.0,0.0,0.0,0.0,0.0,0.0
803275,0.0,0.0,0.0,0.0,0.0,1.0,0.0
803743,2.0,0.0,0.0,0.0,0.0,1.0,0.0
803775,2.0,0.0,0.0,0.0,0.0,0.0,0.0
803793,2.0,0.0,0.0,0.0,0.0,1.0,0.0
804108,2.0,0.0,0.0,0.0,1.0,1.0,0.0
804243,0.0,0.0,0.0,0.0,1.0,1.0,0.0
804293,0.0,0.0,0.0,0.0,1.0,0.0,0.0
804469,0.0,0.0,0.0,0.0,1.0,1.0,0.0
804511,2.0,0.0,0.0,0.0,1.0,1.0,0.0
804969,2.0,0.0,0.0,0.0,1.0,0.0,0.0
804987,2.0,2.0,0.0,0.0,1.0,0.0,0.0
805011,0.0,2.0,0.0,0.0,1.0,0.0,0.0
805427,0.0,2.0,0.0,0.0,2.0,0.0,0.0
805487,0.0,0.0,0.0,0.0,2.0,0.0,0.0
805654,0.0,0.0,0.0,0.0,2.0,1.0,0.0
805714,0.0,0.0,1.0,0.0,2.0,1.0,0.0
805927,0.0,0.0,1.0,0.0,0.0,1.0,0.0
806049,0.0,0.0,1.0,0.0,0.0,2.0,0.0
806549,0.0,0.0,1.0,0.0,0.0,0.0,0.0
808456,0.0,0.0,1.0,0.0,0.0,1.0,0.0
808460,0.0,0.0,1.0,0.0,0.0,2.0,0.0
808960,0.0,0.0,1.0,0.0,0.0,0.0,0.0
809134,0.0,0.0,1.0,0.0,0.0,1.0,0.0
809145,0.0,0.0,1.0,0.0,0.0,2.0,0.0
809645,0.0,0.0,1.0,0.0,0.0,0.0,0.0
810068,0.0,0.0,1.0,0.0,0.0,1.0,0.0
810568,0.0,0.0,1.0,0.0,0.0,0.0,0.0
812020,0.0,0.0,1.0,0.0,0.0,1.0,0.0
812520,0.0,0.0,1.0,0.0,0.0,0.0,0.0
812850,0.0,0.0,1.0,0.0,0.0,1.0,0.0
813350,0.0,0.0,1.0,0.0,0.0,0.0,0.0
813474,0.0,0.0,1.0,0.0,0.0,1.0,0.0
813711,0.0,0.0,2.0,0.0,0.0,1.0,0.0
813974,0.0,0.0,2.0,0.0,0.0,0.0,0.0
814211,0.0,0.0,0.0,0.0,0.0,0.0,0.0
814247,0.0,0.0,0.0,0.0,0.0,1.0,0.0
814263,0.0,0.0,1.0,0.0,0.0,1.0,0.0
814747,0.0,0.0,1.0,0.0,0.0,0.0,0.0
815212,0.0,0.0,1.0,0.0,0.0,1.0,0.0
815263,0.0,0.0,0.0,0.0,0.0,1.0,0.0
815712,0.0,0.0,0.0,0.0,0.0,0.0,0.0
816561,0.0,0.0,0.0,0.0,0.0,1.0,0.0
816567,0.0,0.0,0.0,0.0,0.0,2.0,0.0
817067,0.0,0.0,0.0,0.0,0.0,0.0,0.0
817658,0.0,0.0,0.0,0.0,0.0,1.0,0.0
818158,0.0,0.0,0.0,0.0,0.0,0.0,0.0
819792,0.0,0.0,0.0,0.0,0.0,1.0,0.0
820292,0.0,0.0,0.0,0.0,0.0,0.0,0.0
822103,0.0,0.0,0.0,0.0,0.0,1.0,0.0
822114,0.0,0.0,0.0,0.0,0.0,2.0,0.0
822614,0.0,0.0,0.0,0.0,0.0,0.0,0.0
823137,0.0,0.0,0.0,0.0,0.0,1.0,0.0
823637,0.0,0.0,0.0,0.0,0.0,0.0,0.0
823690,0.0,0.0,0.0,0.0,0.0,1.0,0.0
824190,0.0,0.0,0.0,0.0,0.0,0.0,0.0
824229,0.0,0.0,0.0,0.0,0.0,1.0,0.0
824729,0.0,0.0,0.0,0.0,0.0,0.0,0.0
824792,0.0,0.0,0.0,0.0,0.0,1.0,0.0
824810,0.0,0.0,0.0,0.0,0.0,2.0,0.0
825310,0.0,0.0,0.0,0.0,0.0,0.0,0.0
826500,0.0,0.0,0.0,0.0,0.0,1.0,0.0
827000,0.0,0.0,0.0,0.0,0.0,0.0,0.0
829938,0.0,0.0,0.0,0.0,0.0,1.0,0.0
830438,0.0,0.0,0.0,0.0,0.0,0.0,0.0
830878,0.0,0.0,0.0,0.0,0.0,1.0,0.0
831378,0.0,0.0,0.0,0.0,0.0,0.0,0.0
831412,0.0,0.0,0.0,0.0,0.0,1.0,0.0
831912,0.0,0.0,0.0,0.0,0.0,0.0,0.0
832962,0.0,0.0,0.0,0.0,0.0,1.0,0.0
833462,0.0,0.0,0.0,0.0,0.0,0.0,0.0
834684,0.0,0.0,0.0,0.0,0.0,1.0,0.0
834696,0.0,0.0,0.0,0.0,0.0,2.0,0.0
835196,0.0,0.0,0.0,0.0,0.0,0.0,0.0
836599,0.0,0.0,0.0,0.0,0.0,1.0,0.0
837099,0.0,0.0,0.0,0.0,0.0,0.0,0.0
838139,0.0,0.0,0.0,0.0,0.0,1.0,0.0
838144,0.0,0.0,0.0,0.0,0.0,2.0,0.0
838644,0.0,0.0,0.0,0.0,0.0,0.0,0.0
839085,0.0,0.0,0.0,0.0,0.0,1.0,0.0
839154,0.0,0.0,0.0,0.0,0.0,2.0,0.0
839654,0.0,0.0,0.0,0.0,0.0,0.0,0.0
843424,0.0,0.0,0.0,0.0,0.0,1.0,0.0
843428,0.0,0.0,0.0,0.0,0.0,2.0,0.0
843928,0.0,0.0,0.0,0.0,0.0,0.0,0.0
843988,0.0,0.0,0.0,0.0,0.0,1.0,0.0
844488,0.0,0.0,0.0,0.0,0.0,0.0,0.0
845145,0.0,0.0,0.0,0.0,0.0,1.0,0.0
845645,0.0,0.0,0.0,0.0,0.0,0.0,0.0
845703,0.0,0.0,0.0,0.0,0.0,1.0,0.0
846203,0.0,0.0,0.0,0.0,0.0,0.0,0.0
846828,0.0,0.0,0.0,0.0,0.0,1.0,0.0
846987,0.0,0.0,0.0,0.0,0.0,2.0,0.0
847487,0.0,0.0,0.0,0.0,0.0,0.0,0.0
848305,0.0,0.0,0.0,0.0,0.0,1.0,0.0
848805,0.0,0.0,0.0,0.0,0.0,0.0,0.0
848895,0.0,0.0,0.0,0.0,0.0,1.0,0.0
849395,0.0,0.0,0.0,0.0,0.0,0.0,0.0
849674,0.0,0.0,0.0,0.0,0.0,1.0,0.0
850174,0.0,0.0,0.0,0.0,0.0,0.0,0.0
852063,0.0,0.0,0.0,0.0,0.0,1.0,0.0
852563,0.0,0.0,0.0,0.0,0.0,0.0,0.0
852609,0.0,0.0,0.0,0.0,0.0,1.0,0.0
853109,0.0,0.0,0.0,0.0,0.0,0.0,0.0
853356,0.0,0.0,0.0,0.0,0.0,1.0,0.0
853366,0.0,0.0,0.0,0.0,0.0,2.0,0.0
853866,0.0,0.0,0.0,0.0,0.0,0.0,0.0
855003,0.0,0.0,0.0,0.0,0.0,1.0,0.0
855503,0.0,0.0,0.0,0.0,0.0,0.0,0.0
856626,0.0,0.0,0.0,0.0,0.0,1.0,0.0
857126,0.0,0.0,0.0,0.0,0.0,0.0,0.0
857158,0.0,0.0,0.0,0.0,0.0,1.0,0.0
857160,0.0,0.0,0.0,0.0,0.0,2.0,0.0
857660,0.0,0.0,0.0,0.0,0.0,0.0,0.0
858446,0.0,0.0,0.0,0.0,0.0,1.0,0.0
858946,0.0,0.0,0.0,0.0,0.0,0.0,0.0
858997,0.0,0.0,0.0,0.0,0.0,1.0,0.0
859497,0.0,0.0,0.0,0.0,0.0,0.0,0.0
860892,0.0,0.0,0.0,0.0,0.0,1.0,0.0
861198,0.0,2.0,0.0,0.0,0.0,1.0,0.0
861392,0.0,2.0,0.0,0.0,0.0,0.0,0.0
861698,0.0,0.0,0.0,0.0,0.0,0.0,0.0
862043,0.0,0.0,0.0,0.0,0.0,1.0,0.0
862543,0.0,0.0,0.0,0.0,0.0,0.0,0.0
864192,0.0,0.0,0.0,0.0,0.0,1.0,0.0
864692,0.0,0.0,0.0,0.0,0.0,0.0,0.0
867913,0.0,0.0,0.0,0.0,0.0,1.0,0.0
868413,0.0,0.0,0.0,0.0,0.0,0.0,0.0
869620,0.0,0.0,0.0,0.0,0.0,1.0,0.0
869622,0.0,0.0,0.0,0.0,0.0,2.0,0.0
870122,0.0,0.0,0.0,0.0,0.0,0.0,0.0
870320,0.0,0.0,0.0,0.0,0.0,1.0,0.0
870820,0.0,0.0,0.0,0.0,0.0,0.0,0.0
871794,0.0,0.0,0.0,0.0,0.0,1.0,0.0
872294,0.0,0.0,0.0,0.0,0.0,0.0,0.0
874910,0.0,0.0,0.0,0.0,0.0,1.0,0.0
875410,0.0,0.0,0.0,0.0,0.0,0.0,0.0
876000,0.0,0.0,0.0,0.0,0.0,1.0,0.0
876500,0.0,0.0,0.0,0.0,0.0,0.0,0.0
876511,0.0,0.0,0.0,0.0,0.0,1.0,0.0
876527,0.0,0.0,0.0,0.0,0.0,2.0,0.0
877027,0.0,0.0,0.0,0.0,0.0,0.0,0.0
877672,0.0,0.0,0.0,0.0,0.0,1.0,0.0
878172,0.0,0.0,0.0,0.0,0.0,0.0,0.0
879147,0.0,0.0,0.0,0.0,0.0,1.0,0.0
879543,0.0,0.0,0.0,0.0,0.0,2.0,0.0
880043,0.0,0.0,0.0,0.0,0.0,0.0,0.0
881376,0.0,0.0,0.0,0.0,0.0,1.0,0.0
881876,0.0,0.0,0.0,0.0,0.0,0.0,0.0
882019,0.0,0.0,0.0,0.0,0.0,1.0,0.0
882519,0.0,0.0,0.0,0.0,0.0,0.0,0.0
882868,0.0,0.0,0.0,0.0,0.0,1.0,0.0
882870,0.0,0.0,0.0,0.0,1.0,2.0,0.0
882873,0.0,0.0,0.0,0.0,2.0,2.0,0.0
883370,0.0,0.0,0.0,0.0,2.0,0.0,0.0
883373,0.0,0.0,0.0,0.0,0.0,0.0,0.0
886377,0.0,0.0,0.0,0.0,0.0,1.0,0.0
886877,0.0,0.0,0.0,0.0,0.0,0.0,0.0
886919,0.0,0.0,0.0,0.0,1.0,0.0,0.0
887130,0.0,0.0,0.0,0.0,1.0,1.0,0.0
887419,0.0,0.0,0.0,0.0,0.0,1.0,0.0
887630,0.0,0.0,0.0,0.0,0.0,0.0,0.0
889006,0.0,0.0,0.0,0.0,0.0,1.0,0.0
889506,0.0,0.0,0.0,0.0,0.0,0.0,0.0
890150,0.0,0.0,0.0,0.0,0.0,1.0,0.0
890157,0.0,0.0,0.0,0.0,0.0,2.0,0.0
890657,0.0,0.0,0.0,0.0,0.0,0.0,0.0
890893,0.0,0.0,0.0,0.0,0.0,1.0,0.0
891393,0.0,0.0,0.0,0.0,0.0,0.0,0.0
892026,0.0,0.0,0.0,0.0,0.0,1.0,0.0
892526,0.0,0.0,0.0,0.0,0.0,0.0,0.0
892673,0.0,0.0,0.0,0.0,0.0,1.0,0.0
893173,0.0,0.0,0.0,0.0,0.0,0.0,0.0
893889,0.0,0.0,0.0,0.0,0.0,1.0,0.0
894389,0.0,0.0,0.0,0.0,0.0,0.0,0.0
895078,0.0,0.0,0.0,0.0,0.0,1.0,0.0
895093,0.0,0.0,0.0,0.0,0.0,2.0,0.0
895593,0.0,0.0,0.0,0.0,0.0,0.0,0.0
895928,0.0,0.0,0.0,0.0,0.0,1.0,0.0
896428,0.0,0.0,0.0,0.0,0.0,0.0,0.0
897685,0.0,0.0,0.0,0.0,0.0,1.0,0.0
898185,0.0,0.0,0.0,0.0,0.0,0.0,0.0
898542,0.0,0.0,0.0,0.0,0.0,1.0,0.0
898550,0.0,0.0,0.0,0.0,0.0,2.0,0.0
899050,0.0,0.0,0.0,0.0,0.0,0.0,0.0
901396,0.0,0.0,0.0,0.0,1.0,0.0,0.0
901397,0.0,0.0,0.0,0.0,1.0,1.0,0.0
901896,0.0,0.0,0.0,0.0,0.0,1.0,0.0
901897,0.0,0.0,0.0,0.0,0.0,0.0,0.0
902970,0.0,0.0,0.0,0.0,0.0,1.0,0.0
902980,0.0,0.0,0.0,0.0,0.0,2.0,0.0
903480,0.0,0.0,0.0,0.0,0.0,0.0,0.0
903787,0.0,0.0,0.0,0.0,1.0,0.0,0.0
904287,0.0,0.0,0.0,0.0,0.0,0.0,0.0
905575,0.0,0.0,0.0,0.0,1.0,0.0,0.0
906075,0.0,0.0,0.0,0.0,0.0,0.0,0.0
907934,0.0,0.0,0.0,0.0,0.0,1.0,0.0
908434,0.0,0.0,0.0,0.0,0.0,0.0,0.0
908906,0.0,0.0,0.0,0.0,0.0,1.0,0.0
909406,0.0,0.0,0.0,0.0,0.0,0.0,0.0
911738,0.0,0.0,0.0,0.0,0.0,1.0,0.0
912238,0.0,0.0,0.0,0.0,0.0,0.0,0.0
915837,0.0,0.0,0.0,0.0,0.0,1.0,0.0
916337,0.0,0.0,0.0,0.0,0.0,0.0,0.0
916898,0.0,0.0,0.0,0.0,0.0,1.0,0.0
917398,0.0,0.0,0.0,0.0,0.0,0.0,0.0
918464,0.0,0.0,0.0,0.0,0.0,1.0,0.0
918964,0.0,0.0,0.0,0.0,0.0,0.0,0.0
918986,0.0,0.0,0.0,0.0,0.0,1.0,0.0
919486,0.0,0.0,0.0,0.0,0.0,0.0,0.0
919679,0.0,0.0,0.0,0.0,0.0,1.0,0.0
920179,0.0,0.0,0.0,0.0,0.0,0.0,0.0
921480,0.0,0.0,0.0,0.0,0.0,1.0,0.0
921980,0.0,0.0,0.0,0.0,0.0,0.0,0.0
924188,0.0,0.0,0.0,0.0,0.0,1.0,0.0
924688,0.0,0.0,0.0,0.0,0.0,0.0,0.0
926577,0.0,0.0,0.0,0.0,0.0,1.0,0.0
927077,0.0,0.0,0.0,0.0,0.0,0.0,0.0
928462,0.0,0.0,0.0,0.0,0.0,1.0,0.0
928962,0.0,0.0,0.0,0.0,0.0,0.0,0.0
931010,0.0,0.0,0.0,0.0,0.0,1.0,0.0
931510,0.0,0.0,0.0,0.0,0.0,0.0,0.0
935252,0.0,0.0,0.0,0.0,0.0,1.0,0.0
935752,0.0,0.0,0.0,0.0,0.0,0.0,0.0
937414,0.0,0.0,0.0,0.0,0.0,1.0,0.0
937914,0.0,0.0,0.0,0.0,0.0,0.0,0.0
941549,0.0,0.0,0.0,0.0,0.0,1.0,0.0
942049,0.0,0.0,0.0,0.0,0.0,0.0,0.0
942878,0.0,0.0,0.0,0.0,0.0,1.0,0.0
942882,0.0,0.0,0.0,0.0,0.0,2.0,0.0
943382,0.0,0.0,0.0,0.0,0.0,0.0,0.0
946701,0.0,0.0,0.0,0.0,0.0,1.0,0.0
947201,0.0,0.0,0.0,0.0,0.0,0.0,0.0
948111,0.0,0.0,0.0,0.0,0.0,1.0,0.0
948611,0.0,0.0,0.0,0.0,0.0,0.0,0.0
949733,0.0,0.0,0.0,0.0,0.0,1.0,0.0
950233,0.0,0.0,0.0,0.0,0.0,0.0,0.0
951353,0.0,0.0,0.0,0.0,0.0,1.0,0.0
951368,0.0,0.0,0.0,0.0,0.0,2.0,0.0
951868,0.0,0.0,0.0,0.0,0.0,0.0,0.0
960167,0.0,0.0,0.0,0.0,0.0,1.0,0.0
960667,0.0,0.0,0.0,0.0,0.0,0.0,0.0
962472,0.0,0.0,0.0,0.0,0.0,1.0,0.0
962972,0.0,0.0,0.0,0.0,0.0,0.0,0.0
965731,0.0,0.0,0.0,0.0,0.0,1.0,0.0
966231,0.0,0.0,0.0,0.0,0.0,0.0,0.0
967700,0.0,0.0,0.0,0.0,0.0,1.0,0.0
968200,0.0,0.0,0.0,0.0,0.0,0.0,0.0
973396,0.0,0.0,0.0,0.0,0.0,1.0,0.0
973896,0.0,0.0,0.0,0.0,0.0,0.0,0.0
975350,0.0,0.0,0.0,0.0,0.0,1.0,0.0
975850,0.0,0.0,0.0,0.0,0.0,0.0,0.0
976771,0.0,0.0,0.0,0.0,0.0,1.0,0.0
976969,0.0,0.0,0.0,0.0,0.0,2.0,0.0
977469,0.0,0.0,0.0,0.0,0.0,0.0,0.0
979893,0.0,0.0,0.0,0.0,0.0,1.0,0.0
980393,0.0,0.0,0.0,0.0,0.0,0.0,0.0
983563,0.0,0.0,0.0,0.0,0.0,1.0,0.0
984063,0.0,0.0,0.0,0.0,0.0,0.0,0.0
985294,0.0,0.0,0.0,0.0,0.0,1.0,0.0
985794,0.0,0.0,0.0,0.0,0.0,0.0,0.0
989040,0.0,0.0,0.0,0.0,0.0,1.0,0.0
989043,0.0,0.0,0.0,0.0,0.0,2.0,0.0
989543,0.0,0.0,0.0,0.0,0.0,0.0,0.0
994013,0.0,0.0,0.0,0.0,0.0,1.0,0.0
994513,0.0,0.0,0.0,0.0,0.0,0.0,0.0
995205,0.0,0.0,0.0,0.0,0.0,1.0,0.0
995705,0.0,0.0,0.0,0.0,0.0,0.0,0.0
998704,0.0,0.0,0.0,0.0,0.0,1.0,0.0
999204,0.0,0.0,0.0,0.0,0.0,0.0,0.0
999919,0.0,0.0,0.0,0.0,0.0,1.0,0.0
1000000,0.0,0.0,0.0,0.0,0.0,1.0,1.0
1000345,0.0,0.0,0.0,0.0,1.0,1.0,1.0
1000346,0.0,0.0,0.0,0.0,1.0,2.0,1.0
1000500,0.0,0.0,0.0,0.0,1.0,2.0,0.0
1000845,0.0,0.0,0.0,0.0,0.0,2.0,0.0
1000846,0.0,0.0,0.0,0.0,0.0,0.0,0.0
1002092,0.0,0.0,0.0,0.0,1.0,0.0,0.0
1002405,0.0,2.0,0.0,0.0,1.0,0.0,0.0
1002618,0.0,2.0,0.0,0.0,2.0,0.0,0.0
1002751,2.0,2.0,0.0,0.0,2.0,0.0,0.0
1002905,2.0,0.0,0.0,0.0,2.0,0.0,0.0
1003118,2.0,0.0,0.0,0.0,0.0,0.0,0.0
1003251,0.0,0.0,0.0,0.0,0.0,0.0,0.0
1003364,0.0,0.0,0.0,0.0,0.0,1.0,0.0
1003391,2.0,0.0,0.0,0.0,0.0,1.0,0.0
1003864,2.0,0.0,0.0,0.0,0.0,0.0,0.0
1003891,0.0,0.0,0.0,0.0,0.0,0.0,0.0
1004085,0.0,0.0,0.0,0.0,1.0,1.0,0.0
1004585,0.0,0.0,0.0,0.0,0.0,0.0,0.0
1004633,0.0,0.0,0.0,0.0,0.0,1.0,0.0
1004889,0.0,0.0,0.0,0.0,1.0,1.0,0.0
1005133,0.0,0.0,0.0,0.0,1.0,0.0,0.0
1005305,0.0,0.0,0.0,0.0,1.0,1.0,0.0
1005389,0.0,0.0,0.0,0.0,0.0,1.0,0.0
1005727,2.0,0.0,0.0,0.0,0.0,1.0,0.0
1005805,2.0,0.0,0.0,0.0,0.0,0.0,0.0
1006010,2.0,0.0,0.0,0.0,0.0,1.0,0.0
1006227,0.0,0.0,0.0,0.0,0.0,1.0,0.0
1006500,0.0,0.0,1.0,0.0,0.0,1.0,0.0
1006510,0.0,0.0,1.0,0.0,0.0,0.0,0.0
1006720,0.0,0.0,1.0,0.0,0.0,1.0,0.0
1007220,0.0,0.0,1.0,0.0,0.0,0.0,0.0
1008495,0.0,0.0,1.0,0.0,0.0,1.0,0.0
1008497,0.0,0.0,1.0,0.0,0.0,2.0,0.0
1008997,0.0,0.0,1.0,0.0,0.0,0.0,0.0
1010782,0.0,0.0,1.0,0.0,0.0,1.0,0.0
1011226,0.0,0.0,1.0,0.0,0.0,2.0,0.0
1011227,0.0,0.0,1.0,0.0,1.0,2.0,0.0
1011726,0.0,0.0,1.0,0.0,1.0,0.0,0.0
1011727,0.0,0.0,1.0,0.0,0.0,0.0,0.0
1011850,0.0,0.0,1.0,0.0,0.0,1.0,0.0
1011852,0.0,0.0,1.0,0.0,0.0,2.0,0.0
1012352,0.0,0.0,1.0,0.0,0.0,0.0,0.0
1014734,0.0,0.0,2.0,0.0,0.0,0.0,0.0
1014811,0.0,0.0,2.0,0.0,0.0,1.0,0.0
1015234,0.0,0.0,0.0,0.0,0.0,1.0,0.0
1015311,0.0,0.0,0.0,0.0,0.0,0.0,0.0
1015865,0.0,0.0,0.0,0.0,0.0,1.0,0.0
1016365,0.0,0.0,0.0,0.0,0.0,0.0,0.0
1016417,0.0,0.0,0.0,0.0,0.0,1.0,0.0
1016917,0.0,0.0,0.0,0.0,0.0,0.0,0.0
1016925,0.0,0.0,0.0,0.0,0.0,1.0,0.0
1016948,0.0,0.0,0.0,0.0,0.0,2.0,0.0
1017448,0.0,0.0,0.0,0.0,0.0,0.0,0.0
1017981,0.0,0.0,0.0,0.0,0.0,1.0,0.0
1018481,0.0,0.0,0.0,0.0,0.0,0.0,0.0
1018690,0.0,0.0,0.0,0.0,0.0,1.0,0.0
1018694,0.0,0.0,0.0,0.0,0.0,2.0,0.0
1019194,0.0,0.0,0.0,0.0,0.0,0.0,0.0
1020999,0.0,0.0,0.0,0.0,0.0,1.0,0.0
1021499,0.0,0.0,0.0,0.0,0.0,0.0,0.0
1023088,0.0,0.0,0.0,0.0,0.0,1.0,0.0
1023588,0.0,0.0,0.0,0.0,0.0,0.0,0.0
1023677,0.0,0.0,0.0,0.0,0.0,1.0,0.0
1024177,0.0,0.0,0.0,0.0,0.0,0.0,0.0
1024420,0.0,0.0,0.0,0.0,0.0,1.0,0.0
1024920,0.0,0.0,0.0,0.0,0.0,0.0,0.0
1025124,0.0,0.0,0.0,0.0,0.0,1.0,0.0
1025624,0.0,0.0,0.0,0.0,0.0,0.0,0.0
1028690,0.0,0.0,0.0,0.0,0.0,1.0,0.0
1028692,0.0,0.0,0.0,0.0,0.0,2.0,0.0
1029192,0.0,0.0,0.0,0.0,0.0,0.0,0.0
1030068,0.0,0.0,0.0,0.0,0.0,1.0,0.0
1030568,0.0,0.0,0.0,0.0,0.0,0.0,0.0
1031080,0.0,0.0,0.0,0.0,0.0,1.0,0.0
1031580,0.0,0.0,0.0,0.0,0.0,0.0,0.0
1033044,0.0,0.0,0.0,0.0,0.0,1.0,0.0
1033544,0.0,0.0,0.0,0.0,0.0,0.0,0.0
1036663,0.0,0.0,0.0,0.0,0.0,1.0,0.0
1036767,0.0,0.0,0.0,0.0,0.0,2.0,0.0
1037267,0.0,0.0,0.0,0.0,0.0,0.0,0.0
1037454,0.0,0.0,0.0,0.0,0.0,1.0,0.0
1037954,0.0,0.0,0.0,0.0,0.0,0.0,0.0
1039045,0.0,0.0,0.0,0.0,0.0,1.0,0.0
1039545,0.0,0.0,0.0,0.0,0.0,0.0,0.0
1041003,0.0,0.0,0.0,0.0,0.0,1.0,0.0
1041503,0.0,0.0,0.0,0.0,0.0,0.0,0.0
1042115,0.0,0.0,0.0,0.0,0.0,1.0,0.0
1042615,0.0,0.0,0.0,0.0,0.0,0.0,0.0
1044512,0.0,0.0,0.0,0.0,0.0,1.0,0.0
1044514,0.0,0.0,0.0,0.0,0.0,2.0,0.0
1045014,0.0,0.0,0.0,0.0,0.0,0.0,0.0
1045696,0.0,0.0,0.0,0.0,0.0,1.0,0.0
1045706,0.0,0.0,0.0,0.0,0.0,2.0,0.0
1046206,0.0,0.0,0.0,0.0,0.0,0.0,0.0
1046862,0.0,0.0,0.0,0.0,0.0,1.0,0.0
1047362,0.0,0.0,0.0,0.0,0.0,0.0,0.0
1047953,0.0,0.0,0.0,0.0,0.0,1.0,0.0
1048453,0.0,0.0,0.0,0.0,0.0,0.0,0.0
1048481,0.0,0.0,0.0,0.0,0.0,1.0,0.0
1048981,0.0,0.0,0.0,0.0,0.0,0.0,0.0
1050190,0.0,0.0,0.0,0.0,0.0,1.0,0.0
1050690,0.0,0.0,0.0,0.0,0.0,0.0,0.0
1052577,0.0,0.0,0.0,0.0,1.0,0.0,0.0
1053032,0.0,0.0,0.0,0.0,1.0,1.0,0.0
1053077,0.0,0.0,0.0,0.0,0.0,1.0,0.0
1053470,0.0,0.0,0.0,0.0,0.0,2.0,0.0
1053970,0.0,0.0,0.0,0.0,0.0,0.0,0.0
1054432,0.0,0.0,0.0,0.0,0.0,1.0,0.0
1054433,0.0,0.0,0.0,0.0,0.0,2.0,0.0
1054933,0.0,0.0,0.0,0.0,0.0,0.0,0.0
1055085,0.0,0.0,0.0,0.0,0.0,1.0,0.0
1055585,0.0,0.0,0.0,0.0,0.0,0.0,0.0
1056437,0.0,0.0,0.0,0.0,0.0,1.0,0.0
1056937,0.0,0.0,0.0,0.0,0.0,0.0,0.0
1057641,0.0,0.0,0.0,0.0,0.0,1.0,0.0
1058141,0.0,0.0,0.0,0.0,0.0,0.0,0.0
1058627,0.0,0.0,0.0,0.0,0.0,1.0,0.0
1058628,0.0,0.0,0.0,0.0,0.0,2.0,0.0
1059128,0.0,0.0,0.0,0.0,0.0,0.0,0.0
1059139,0.0,0.0,0.0,0.0,0.0,1.0,0.0
1059639,0.0,0.0,0.0,0.0,0.0,0.0,0.0
1059903,0.0,0.0,0.0,0.0,0.0,1.0,0.0
1060403,0.0,0.0,0.0,0.0,0.0,0.0,0.0
1060515,0.0,0.0,0.0,0.0,0.0,1.0,0.0
1060517,0.0,0.0,0.0,0.0,0.0,2.0,0.0
1061017,0.0,0.0,0.0,0.0,0.0,0.0,0.0
1062188,0.0,0.0,0.0,0.0,0.0,1.0,0.0
1062688,0.0,0.0,0.0,0.0,0.0,0.0,0.0
1063629,0.0,0.0,0.0,0.0,0.0,1.0,0.0
1064129,0.0,0.0,0.0,0.0,0.0,0.0,0.0
1065126,0.0,0.0,0.0,0.0,0.0,1.0,0.0
1065264,0.0,0.0,0.0,0.0,0.0,2.0,0.0
1065764,0.0,0.0,0.0,0.0,0.0,0.0,0.0
1065768,0.0,0.0,0.0,0.0,0.0,1.0,0.0
1066268,0.0,0.0,0.0,0.0,0.0,0.0,0.0
1066782,0.0,0.0,0.0,0.0,0.0,1.0,0.0
1067282,0.0,0.0,0.0,0.0,0.0,0.0,0.0
1067739,0.0,0.0,0.0,0.0,0.0,1.0,0.0
1067829,0.0,0.0,0.0,0.0,0.0,2.0,0.0
1068329,0.0,0.0,0.0,0.0,0.0,0.0,0.0
1068370,0.0,0.0,0.0,0.0,0.0,1.0,0.0
1068870,0.0,0.0,0.0,0.0,0.0,0.0,0.0
1069855,0.0,0.0,0.0,0.0,0.0,1.0,0.0
1070343,0.0,0.0,0.0,0.0,0.0,2.0,0.0
1070843,0.0,0.0,0.0,0.0,0.0,0.0,0.0
1071193,0.0,0.0,0.0,0.0,0.0,1.0,0.0
1071693,0.0,0.0,0.0,0.0,0.0,0.0,0.0
1072200,0.0,0.0,0.0,0.0,0.0,1.0,0.0
1072700,0.0,0.0,0.0,0.0,0.0,0.0,0.0
1072850,0.0,0.0,0.0,0.0,0.0,1.0,0.0
1073350,0.0,0.0,0.0,0.0,0.0,0.0,0.0
1073498,0.0,0.0,0.0,0.0,0.0,1.0,0.0
1073998,0.0,0.0,0.0,0.0,0.0,0.0,0.0
1074246,0.0,0.0,0.0,0.0,0.0,1.0,0.0
1074746,0.0,0.0,0.0,0.0,0.0,0.0,0.0
1075838,0.0,0.0,0.0,0.0,0.0,1.0,0.0
1076021,0.0,0.0,0.0,0.0,0.0,2.0,0.0
1076521,0.0,0.0,0.0,0.0,0.0,0.0,0.0
1076802,0.0,0.0,0.0,0.0,0.0,1.0,0.0
1077075,0.0,0.0,0.0,0.0,0.0,2.0,0.0
1077575,0.0,0.0,0.0,0.0,0.0,0.0,0.0
1080959,0.0,0.0,0.0,0.0,0.0,1.0,0.0
1081459,0.0,0.0,0.0,0.0,0.0,0.0,0.0
1081918,0.0,0.0,0.0,0.0,0.0,1.0,0.0
1081920,0.0,0.0,0.0,0.0,0.0,2.0,0.0
1082420,0.0,0.0,0.0,0.0,0.0,0.0,0.0
1082426,0.0,0.0,0.0,0.0,0.0,1.0,0.0
1082926,0.0,0.0,0.0,0.0,0.0,0.0,0.0
1083416,0.0,0.0,0.0,0.0,0.0,1.0,0.0
1083916,0.0,0.0,0.0,0.0,0.0,0.0,0.0
1084921,0.0,0.0,0.0,0.0,0.0,1.0,0.0
1085167,0.0,0.0,0.0,0.0,0.0,2.0,0.0
1085667,0.0,0.0,0.0,0.0,0.0,0.0,0.0
1086349,0.0,0.0,0.0,0.0,0.0,1.0,0.0
1086849,0.0,0.0,0.0,0.0,0.0,0.0,0.0
1087042,0.0,0.0,0.0,0.0,0.0,1.0,0.0
1087542,0.0,0.0,0.0,0.0,0.0,0.0,0.0
1087851,0.0,0.0,0.0,0.0,0.0,1.0,0.0
1088351,0.0,0.0,0.0,0.0,0.0,0.0,0.0
1088736,0.0,0.0,0.0,0.0,0.0,1.0,0.0
1089236,0.0,0.0,0.0,0.0,0.0,0.0,0.0
1090523,0.0,0.0,0.0,0.0,0.0,1.0,0.0
1091023,0.0,0.0,0.0,0.0,0.0,0.0,0.0
1091727,0.0,0.0,0.0,0.0,0.0,1.0,0.0
1091743,0.0,0.0,0.0,0.0,0.0,2.0,0.0
1092243,0.0,0.0,0.0,0.0,0.0,0.0,0.0
1093156,0.0,0.0,0.0,0.0,0.0,1.0,0.0
1093656,0.0,0.0,0.0,0.0,0.0,0.0,0.0
1094744,0.0,0.0,0.0,0.0,0.0,1.0,0.0
1095244,0.0,0.0,0.0,0.0,0.0,0.0,0.0
1096652,0.0,0.0,0.0,0.0,0.0,1.0,0.0
1097152,0.0,0.0,0.0,0.0,0.0,0.0,0.0
1097500,0.0,0.0,0.0,0.0,0.0,1.0,0.0
1098000,0.0,0.0,0.0,0.0,0.0,0.0,0.0
1098101,0.0,0.0,0.0,0.0,0.0,1.0,0.0
1098601,0.0,0.0,0.0,0.0,0.0,0.0,0.0
1099247,0.0,0.0,0.0,0.0,0.0,1.0,0.0
1099747,0.0,0.0,0.0,0.0,0.0,0.0,0.0
1100691,0.0,0.0,0.0,0.0,0.0,1.0,0.0
1101191,0.0,0.0,0.0,0.0,0.0,0.0,0.0
1101722,0.0,0.0,0.0,0.0,0.0,1.0,0.0
1102222,0.0,0.0,0.0,0.0,0.0,0.0,0.0
1102950,0.0,0.0,0.0,0.0,0.0,1.0,0.0
1102957,0.0,0.0,0.0,0.0,0.0,2.0,0.0
1103457,0.0,0.0,0.0,0.0,0.0,0.0,0.0
1106116,0.0,0.0,0.0,0.0,0.0,1.0,0.0
1106616,0.0,0.0,0.0,0.0,0.0,0.0,0.0
1113256,0.0,0.0,0.0,0.0,0.0,1.0,0.0
1113756,0.0,0.0,0.0,0.0,0.0,0.0,0.0
1114560,0.0,0.0,0.0,0.0,1.0,1.0,0.0
1115060,0.0,0.0,0.0,0.0,0.0,0.0,0.0
1117146,0.0,0.0,0.0,0.0,0.0,1.0,0.0
1117646,0.0,0.0,0.0,0.0,0.0,0.0,0.0
1120547,0.0,0.0,0.0,0.0,0.0,1.0,0.0
1121047,0.0,0.0,0.0,0.0,0.0,0.0,0.0
1122306,0.0,0.0,0.0,0.0,0.0,1.0,0.0
1122806,0.0,0.0,0.0,0.0,0.0,0.0,0.0
1123569,0.0,0.0,0.0,0.0,0.0,1.0,0.0
1124069,0.0,0.0,0.0,0.0,0.0,0.0,0.0
1124765,0.0,0.0,0.0,0.0,1.0,0.0,0.0
1125265,0.0,0.0,0.0,0.0,0.0,0.0,0.0
1126787,0.0,0.0,0.0,0.0,1.0,0.0,0.0
1127287,0.0,0.0,0.0,0.0,0.0,0.0,0.0
1128679,0.0,0.0,0.0,0.0,1.0,0.0,0.0
1129179,0.0,0.0,0.0,0.0,0.0,0.0,0.0
1129588,0.0,0.0,0.0,0.0,0.0,1.0,0.0
1130088,0.0,0.0,0.0,0.0,0.0,0.0,0.0
1131214,0.0,0.0,0.0,0.0,0.0,1.0,0.0
1131714,0.0,0.0,0.0,0.0,0.0,0.0,0.0
1133220,0.0,0.0,0.0,0.0,0.0,1.0,0.0
1133720,0.0,0.0,0.0,0.0,0.0,0.0,0.0
1135633,0.0,0.0,0.0,0.0,0.0,1.0,0.0
1136133,0.0,0.0,0.0,0.0,0.0,0.0,0.0
1139533,0.0,0.0,0.0,0.0,0.0,1.0,0.0
1140033,0.0,0.0,0.0,0.0,0.0,0.0,0.0
1140818,0.0,0.0,0.0,0.0,0.0,1.0,0.0
1141018,0.0,0.0,0.0,0.0,0.0,2.0,0.0
1141518,0.0,0.0,0.0,0.0,0.0,0.0,0.0
1143042,0.0,0.0,0.0,0.0,0.0,1.0,0.0
1143542,0.0,0.0,0.0,0.0,0.0,0.0,0.0
1143910,0.0,0.0,0.0,0.0,0.0,1.0,0.0
1144410,0.0,0.0,0.0,0.0,0.0,0.0,0.0
1149244,0.0,0.0,0.0,0.0,0.0,1.0,0.0
1149744,0.0,0.0,0.0,0.0,0.0,0.0,0.0
1150816,0.0,0.0,0.0,0.0,0.0,1.0,0.0
1151316,0.0,0.0,0.0,0.0,0.0,0.0,0.0
1152734,0.0,0.0,0.0,0.0,0.0,1.0,0.0
1153234,0.0,0.0,0.0,0.0,0.0,0.0,0.0
1153288,0.0,0.0,0.0,0.0,0.0,1.0,0.0
1153293,0.0,0.0,0.0,0.0,0.0,2.0,0.0
1153793,0.0,0.0,0.0,0.0,0.0,0.0,0.0
1153823,0.0,0.0,0.0,0.0,0.0,1.0,0.0
1154323,0.0,0.0,0.0,0.0,0.0,0.0,0.0
1156107,0.0,0.0,0.0,0.0,0.0,1.0,0.0
1156607,0.0,0.0,0.0,0.0,0.0,0.0,0.0
1159059,0.0,0.0,0.0,0.0,1.0,0.0,0.0
1159559,0.0,0.0,0.0,0.0,0.0,0.0,0.0
1160052,0.0,0.0,0.0,0.0,0.0,1.0,0.0
1160552,0.0,0.0,0.0,0.0,0.0,0.0,0.0
1161617,0.0,0.0,0.0,0.0,0.0,1.0,0.0
1162117,0.0,0.0,0.0,0.0,0.0,0.0,0.0
1163111,0.0,0.0,0.0,0.0,0.0,1.0,0.0
1163611,0.0,0.0,0.0,0.0,0.0,0.0,0.0
1164465,0.0,0.0,0.0,0.0,0.0,1.0,0.0
1164472,0.0,0.0,0.0,0.0,0.0,2.0,0.0
1164972,0.0,0.0,0.0,0.0,0.0,0.0,0.0
1168052,0.0,0.0,0.0,0.0,0.0,1.0,0.0
1168552,0.0,0.0,0.0,0.0,0.0,0.0,0.0
1169605,0.0,0.0,0.0,0.0,0.0,1.0,0.0
1170105,0.0,0.0,0.0,0.0,0.0,0.0,0.0
1172470,0.0,0.0,0.0,0.0,0.0,1.0,0.0
1172474,0.0,0.0,0.0,0.0,0.0,2.0,0.0
1172974,0.0,0.0,0.0,0.0,0.0,0.0,0.0
1176519,0.0,0.0,0.0,0.0,0.0,1.0,0.0
1177019,0.0,0.0,0.0,0.0,0.0,0.0,0.0
1177142,0.0,0.0,0.0,0.0,0.0,1.0,0.0
1177642,0.0,0.0,0.0,0.0,0.0,0.0,0.0
1180210,0.0,0.0,0.0,0.0,0.0,1.0,0.0
1180710,0.0,0.0,0.0,0.0,0.0,0.0,0.0
1181998,0.0,0.0,0.0,0.0,0.0,1.0,0.0
1182498,0.0,0.0,0.0,0.0,0.0,0.0,0.0
1183356,0.0,0.0,0.0,0.0,0.0,1.0,0.0
1183856,0.0,0.0,0.0,0.0,0.0,0.0,0.0
1183877,0.0,0.0,0.0,0.0,0.0,1.0,0.0
1184377,0.0,0.0,0.0,0.0,0.0,0.0,0.0
1185764,0.0,0.0,0.0,0.0,0.0,1.0,0.0
1186264,0.0,0.0,0.0,0.0,0.0,0.0,0.0
1191518,0.0,0.0,0.0,0.0,0.0,1.0,0.0
1192018,0.0,0.0,0.0,0.0,0.0,0.0,0.0
1192490,0.0,0.0,0.0,0.0,0.0,1.0,0.0
1192990,0.0,0.0,0.0,0.0,0.0,0.0,0.0
1194219,0.0,0.0,0.0,0.0,0.0,1.0,0.0
1194719,0.0,0.0,0.0,0.0,0.0,0.0,0.0
1197122,0.0,0.0,0.0,0.0,0.0,1.0,0.0
1197622,0.0,0.0,0.0,0.0,0.0,0.0,0.0
1200000,0.0,0.0,0.0,0.0,0.0,0.0,1.0
1200058,0.0,0.0,0.0,0.0,0.0,1.0,1.0
1200193,0.0,0.0,0.0,0.0,0.0,2.0,1.0
1200500,0.0,0.0,0.0,0.0,0.0,2.0,0.0
1200693,0.0,0.0,0.0,0.0,0.0,0.0,0.0
1201727,2.0,0.0,0.0,0.0,0.0,0.0,0.0
1202052,2.0,0.0,0.0,0.0,0.0,1.0,0.0
1202059,2.0,2.0,0.0,0.0,0.0,1.0,0.0
1202227,0.0,2.0,0.0,0.0,0.0,1.0,0.0
1202495,2.0,2.0,0.0,0.0,0.0,1.0,0.0
1202552,2.0,2.0,0.0,0.0,0.0,0.0,0.0
1202559,2.0,0.0,0.0,0.0,0.0,0.0,0.0
1202812,2.0,0.0,0.0,0.0,1.0,0.0,0.0
1202946,2.0,0.0,0.0,0.0,1.0,1.0,0.0
1202995,0.0,0.0,0.0,0.0,1.0,1.0,0.0
1203446,0.0,0.0,0.0,0.0,1.0,0.0,0.0
1203487,2.0,0.0,0.0,0.0,1.0,0.0,0.0
1203826,2.0,0.0,0.0,0.0,2.0,0.0,0.0
1203862,2.0,0.0,0.0,0.0,2.0,1.0,0.0
1203987,0.0,0.0,0.0,0.0,2.0,1.0,0.0
1204326,0.0,0.0,0.0,0.0,0.0,1.0,0.0
1204362,0.0,0.0,0.0,0.0,0.0,0.0,0.0
1204472,0.0,0.0,0.0,0.0,0.0,1.0,0.0
1204474,0.0,0.0,0.0,0.0,0.0,2.0,0.0
1204488,0.0,0.0,0.0,0.0,1.0,2.0,0.0
1204974,0.0,0.0,0.0,0.0,1.0,0.0,0.0
1204988,0.0,0.0,0.0,0.0,0.0,0.0,0.0
1205673,0.0,0.0,0.0,0.0,0.0,1.0,0.0
1206005,0.0,0.0,1.0,0.0,0.0,1.0,0.0
1206173,0.0,0.0,1.0,0.0,0.0,0.0,0.0
1206637,0.0,0.0,1.0,0.0,0.0,1.0,0.0
1206815,2.0,0.0,1.0,0.0,0.0,1.0,0.0
1207137,2.0,0.0,1.0,0.0,0.0,0.0,0.0
1207315,0.0,0.0,1.0,0.0,0.0,0.0,0.0
1208769,0.0,0.0,1.0,0.0,0.0,1.0,0.0
1209269,0.0,0.0,1.0,0.0,0.0,0.0,0.0
1209295,0.0,0.0,1.0,0.0,0.0,1.0,0.0
1209795,0.0,0.0,1.0,0.0,0.0,0.0,0.0
1210753,0.0,0.0,1.0,0.0,0.0,1.0,0.0
1211253,0.0,0.0,1.0,0.0,0.0,0.0,0.0
1211520,0.0,0.0,1.0,0.0,0.0,1.0,0.0
1212020,0.0,0.0,1.0,0.0,0.0,0.0,0.0
1212178,0.0,0.0,1.0,0.0,0.0,1.0,0.0
1212678,0.0,0.0,1.0,0.0,0.0,0.0,0.0
1213526,0.0,0.0,1.0,0.0,0.0,1.0,0.0
1213615,0.0,0.0,2.0,0.0,0.0,1.0,0.0
1214026,0.0,0.0,2.0,0.0,0.0,0.0,0.0
1214115,0.0,0.0,0.0,0.0,0.0,0.0,0.0
1214253,0.0,0.0,0.0,0.0,1.0,0.0,0.0
1214563,0.0,0.0,1.0,0.0,1.0,0.0,0.0
1214564,0.0,0.0,1.0,0.0,1.0,1.0,0.0
1214568,0.0,0.0,1.0,0.0,1.0,2.0,0.0
1214753,0.0,0.0,1.0,0.0,0.0,2.0,0.0
1215068,0.0,0.0,1.0,0.0,0.0,0.0,0.0
1215563,0.0,0.0,0.0,0.0,0.0,0.0,0.0
1216810,0.0,0.0,0.0,0.0,0.0,1.0,0.0
1217248,0.0,0.0,0.0,0.0,0.0,2.0,0.0
1217748,0.0,0.0,0.0,0.0,0.0,0.0,0.0
1217937,0.0,0.0,1.0,0.0,0.0,0.0,0.0
1219988,0.0,0.0,2.0,0.0,0.0,0.0,0.0
1220056,0.0,0.0,2.0,0.0,0.0,1.0,0.0
1220350,0.0,2.0,2.0,0.0,0.0,1.0,0.0
1220488,0.0,2.0,0.0,0.0,0.0,1.0,0.0
1220556,0.0,2.0,0.0,0.0,0.0,0.0,0.0
1220850,0.0,0.0,0.0,0.0,0.0,0.0,0.0
1220980,0.0,0.0,0.0,0.0,0.0,1.0,0.0
1221021,0.0,0.0,1.0,0.0,0.0,1.0,0.0
1221480,0.0,0.0,1.0,0.0,0.0,0.0,0.0
1221521,0.0,0.0,0.0,0.0,0.0,0.0,0.0
1221528,0.0,0.0,1.0,0.0,0.0,0.0,0.0
1222184,0.0,0.0,1.0,0.0,0.0,1.0,0.0
1222684,0.0,0.0,1.0,0.0,0.0,0.0,0.0
1222779,0.0,0.0,1.0,0.0,0.0,1.0,0.0
1223279,0.0,0.0,1.0,0.0,0.0,0.0,0.0
1223538,0.0,0.0,1.0,0.0,0.0,1.0,0.0
1224038,0.0,0.0,1.0,0.0,0.0,0.0,0.0
1225028,0.0,0.0,0.0,0.0,0.0,0.0,0.0
1226538,0.0,0.0,0.0,0.0,0.0,1.0,0.0
1227038,0.0,0.0,0.0,0.0,0.0,0.0,0.0
1227946,0.0,0.0,0.0,0.0,0.0,1.0,0.0
1227952,0.0,0.0,0.0,0.0,0.0,2.0,0.0
1228452,0.0,0.0,0.0,0.0,0.0,0.0,0.0
1230671,0.0,0.0,0.0,0.0,0.0,1.0,0.0
1230952,0.0,0.0,0.0,0.0,0.0,2.0,0.0
1231452,0.0,0.0,0.0,0.0,0.0,0.0,0.0
1231691,0.0,0.0,0.0,0.0,0.0,1.0,0.0
1232191,0.0,0.0,0.0,0.0,0.0,0.0,0.0
1232528,0.0,0.0,0.0,0.0,0.0,1.0,0.0
1233028,0.0,0.0,0.0,0.0,0.0,0.0,0.0
1235277,0.0,0.0,0.0,0.0,0.0,1.0,0.0
1235777,0.0,0.0,0.0,0.0,0.0,0.0,0.0
1235841,0.0,0.0,0.0,0.0,0.0,1.0,0.0
1236341,0.0,0.0,0.0,0.0,0.0,0.0,0.0
1236840,0.0,0.0,0.0,0.0,0.0,1.0,0.0
1237340,0.0,0.0,0.0,0.0,0.0,0.0,0.0
1237621,0.0,0.0,0.0,0.0,0.0,1.0,0.0
1238121,0.0,0.0,0.0,0.0,0.0,0.0,0.0
1238403,0.0,0.0,0.0,0.0,0.0,1.0,0.0
1238903,0.0,0.0,0.0,0.0,0.0,0.0,0.0
1240397,0.0,0.0,0.0,0.0,0.0,1.0,0.0
1240897,0.0,0.0,0.0,0.0,0.0,0.0,0.0
1241340,0.0,0.0,0.0,0.0,0.0,1.0,0.0
1241840,0.0,0.0,0.0,0.0,0.0,0.0,0.0
1242518,0.0,0.0,0.0,0.0,0.0,1.0,0.0
1242525,0.0,0.0,0.0,0.0,0.0,2.0,0.0
1243025,0.0,0.0,0.0,0.0,0.0,0.0,0.0
1243741,0.0,0.0,0.0,0.0,0.0,1.0,0.0
1244241,0.0,0.0,0.0,0.0,0.0,0.0,0.0
1244508,0.0,0.0,0.0,0.0,0.0,1.0,0.0
1245008,0.0,0.0,0.0,0.0,0.0,0.0,0.0
1246106,0.0,0.0,0.0,0.0,0.0,1.0,0.0
1246606,0.0,0.0,0.0,0.0,0.0,0.0,0.0
1247194,0.0,0.0,0.0,0.0,0.0,1.0,0.0
1247694,0.0,0.0,0.0,0.0,0.0,0.0,0.0
1247867,0.0,0.0,0.0,0.0,0.0,1.0,0.0
1248367,0.0,0.0,0.0,0.0,0.0,0.0,0.0
1248392,0.0,0.0,0.0,0.0,0.0,1.0,0.0
1248892,0.0,0.0,0.0,0.0,0.0,0.0,0.0
1249527,0.0,0.0,0.0,0.0,0.0,1.0,0.0
1250027,0.0,0.0,0.0,0.0,0.0,0.0,0.0
1250309,0.0,0.0,0.0,0.0,0.0,1.0,0.0
1250809,0.0,0.0,0.0,0.0,0.0,0.0,0.0
1254163,0.0,0.0,0.0,0.0,0.0,1.0,0.0
1254663,0.0,0.0,0.0,0.0,0.0,0.0,0.0
1256798,0.0,0.0,0.0,0.0,0.0,1.0,0.0
1256981,0.0,0.0,0.0,0.0,0.0,2.0,0.0
1257481,0.0,0.0,0.0,0.0,0.0,0.0,0.0
1257897,0.0,0.0,0.0,0.0,0.0,1.0,0.0
1258397,0.0,0.0,0.0,0.0,0.0,0.0,0.0
1258563,0.0,0.0,0.0,0.0,0.0,1.0,0.0
1258565,0.0,0.0,0.0,0.0,0.0,2.0,0.0
1259065,0.0,0.0,0.0,0.0,0.0,0.0,0.0
1259720,0.0,0.0,0.0,0.0,0.0,1.0,0.0
1260220,0.0,0.0,0.0,0.0,0.0,0.0,0.0
1262275,0.0,0.0,0.0,0.0,0.0,1.0,0.0
1262775,0.0,0.0,0.0,0.0,0.0,0.0,0.0
1263906,0.0,0.0,0.0,0.0,0.0,1.0,0.0
1264406,0.0,0.0,0.0,0.0,0.0,0.0,0.0
1265621,0.0,0.0,0.0,0.0,0.0,1.0,0.0
1265623,0.0,0.0,0.0,0.0,0.0,2.0,0.0
1266123,0.0,0.0,0.0,0.0,0.0,0.0,0.0
1271948,0.0,0.0,0.0,0.0,0.0,1.0,0.0
1272415,0.0,0.0,0.0,0.0,0.0,2.0,0.0
1272915,0.0,0.0,0.0,0.0,0.0,0.0,0.0
1273588,0.0,0.0,0.0,0.0,0.0,1.0,0.0
1274088,0.0,0.0,0.0,0.0,0.0,0.0,0.0
1274103,0.0,0.0,0.0,0.0,0.0,1.0,0.0
1274114,0.0,0.0,0.0,0.0,0.0,2.0,0.0
1274614,0.0,0.0,0.0,0.0,0.0,0.0,0.0
1277176,0.0,0.0,0.0,0.0,0.0,1.0,0.0
1277676,0.0,0.0,0.0,0.0,0.0,0.0,0.0
1278150,0.0,0.0,0.0,0.0,0.0,1.0,0.0
1278650,0.0,0.0,0.0,0.0,0.0,0.0,0.0
1278932,0.0,0.0,0.0,0.0,0.0,1.0,0.0
1279432,0.0,0.0,0.0,0.0,0.0,0.0,0.0
1279476,0.0,0.0,0.0,0.0,0.0,1.0,0.0
1279976,0.0,0.0,0.0,0.0,0.0,0.0,0.0
1280302,0.0,0.0,0.0,0.0,0.0,1.0,0.0
1280548,0.0,0.0,0.0,0.0,0.0,2.0,0.0
1281048,0.0,0.0,0.0,0.0,0.0,0.0,0.0
1282987,0.0,2.0,0.0,0.0,0.0,0.0,0.0
1283487,0.0,0.0,0.0,0.0,0.0,0.0,0.0
1284104,0.0,0.0,0.0,0.0,0.0,1.0,0.0
1284549,0.0,0.0,0.0,0.0,0.0,2.0,0.0
1285049,0.0,0.0,0.0,0.0,0.0,0.0,0.0
1287082,0.0,0.0,0.0,0.0,0.0,1.0,0.0
1287582,0.0,0.0,0.0,0.0,0.0,0.0,0.0
1287829,0.0,0.0,0.0,0.0,0.0,1.0,0.0
1287831,0.0,0.0,0.0,0.0,0.0,2.0,0.0
1288331,0.0,0.0,0.0,0.0,0.0,0.0,0.0
1288727,0.0,0.0,0.0,0.0,0.0,1.0,0.0
1289227,0.0,0.0,0.0,0.0,0.0,0.0,0.0
1289708,0.0,0.0,0.0,0.0,0.0,1.0,0.0
1289710,0.0,0.0,0.0,0.0,0.0,2.0,0.0
1290210,0.0,0.0,0.0,0.0,0.0,0.0,0.0
1291065,0.0,0.0,0.0,0.0,0.0,1.0,0.0
1291565,0.0,0.0,0.0,0.0,0.0,0.0,0.0
1292935,0.0,0.0,0.0,0.0,0.0,1.0,0.0
1292951,0.0,0.0,0.0,0.0,0.0,2.0,0.0
1293451,0.0,0.0,0.0,0.0,0.0,0.0,0.0
1294448,0.0,0.0,0.0,0.0,0.0,1.0,0.0
1294948,0.0,0.0,0.0,0.0,0.0,0.0,0.0
1295559,0.0,0.0,0.0,0.0,0.0,1.0,0.0
1295563,0.0,0.0,0.0,0.0,0.0,2.0,0.0
1296063,0.0,0.0,0.0,0.0,0.0,0.0,0.0
1296902,0.0,0.0,0.0,0.0,0.0,1.0,0.0
1296907,0.0,0.0,0.0,0.0,0.0,2.0,0.0
1297407,0.0,0.0,0.0,0.0,0.0,0.0,0.0
1297977,0.0,0.0,0.0,0.0,0.0,1.0,0.0
1298477,0.0,0.0,0.0,0.0,0.0,0.0,0.0
1299133,0.0,0.0,0.0,0.0,0.0,1.0,0.0
1299633,0.0,0.0,0.0,0.0,0.0,0.0,0.0
1299701,0.0,0.0,0.0,0.0,0.0,1.0,0.0
1300201,0.0,0.0,0.0,0.0,0.0,0.0,0.0
1302086,0.0,0.0,0.0,0.0,0.0,1.0,0.0
1302586,0.0,0.0,0.0,0.0,0.0,0.0,0.0
1303817,0.0,0.0,0.0,0.0,0.0,1.0,0.0
1304317,0.0,0.0,0.0,0.0,0.0,0.0,0.0
1309036,0.0,0.0,0.0,0.0,0.0,1.0,0.0
1309536,0.0,0.0,0.0,0.0,0.0,0.0,0.0
1309640,0.0,0.0,0.0,0.0,0.0,1.0,0.0
1309642,0.0,0.0,0.0,0.0,0.0,2.0,0.0
1310142,0.0,0.0,0.0,0.0,0.0,0.0,0.0
1311211,0.0,0.0,0.0,0.0,0.0,1.0,0.0
1311711,0.0,0.0,0.0,0.0,0.0,0.0,0.0
1317012,0.0,0.0,0.0,0.0,0.0,1.0,0.0
1317424,0.0,0.0,0.0,0.0,0.0,2.0,0.0
1317434,0.0,0.0,0.0,0.0,1.0,2.0,0.0
1317924,0.0,0.0,0.0,0.0,1.0,0.0,0.0
1317934,0.0,0.0,0.0,0.0,0.0,0.0,0.0
1320492,0.0,0.0,0.0,0.0,0.0,1.0,0.0
1320992,0.0,0.0,0.0,0.0,0.0,0.0,0.0
1322168,0.0,0.0,0.0,0.0,0.0,1.0,0.0
1322668,0.0,0.0,0.0,0.0,0.0,0.0,0.0
1325024,0.0,0.0,0.0,0.0,0.0,1.0,0.0
1325524,0.0,0.0,0.0,0.0,0.0,0.0,0.0
1325821,0.0,0.0,0.0,0.0,0.0,1.0,0.0
1325822,0.0,0.0,0.0,0.0,0.0,2.0,0.0
1326322,0.0,0.0,0.0,0.0,0.0,0.0,0.0
1327040,0.0,0.0,0.0,0.0,0.0,1.0,0.0
1327540,0.0,0.0,0.0,0.0,0.0,0.0,0.0
1328798,0.0,0.0,0.0,0.0,0.0,1.0,0.0
1329298,0.0,0.0,0.0,0.0,0.0,0.0,0.0
1330957,0.0,0.0,0.0,0.0,0.0,1.0,0.0
1331457,0.0,0.0,0.0,0.0,0.0,0.0,0.0
1333702,0.0,0.0,0.0,0.0,0.0,1.0,0.0
1334202,0.0,0.0,0.0,0.0,0.0,0.0,0.0
1342692,0.0,0.0,0.0,0.0,0.0,1.0,0.0
1343192,0.0,0.0,0.0,0.0,0.0,0.0,0.0
1345532,0.0,0.0,0.0,0.0,0.0,1.0,0.0
1345646,0.0,0.0,0.0,0.0,1.0,1.0,0.0
1345719,0.0,0.0,0.0,0.0,2.0,1.0,0.0
1346032,0.0,0.0,0.0,0.0,2.0,0.0,0.0
1346219,0.0,0.0,0.0,0.0,0.0,0.0,0.0
1347015,0.0,0.0,0.0,0.0,0.0,1.0,0.0
1347515,0.0,0.0,0.0,0.0,0.0,0.0,0.0
1347998,0.0,0.0,0.0,0.0,0.0,1.0,0.0
1348498,0.0,0.0,0.0,0.0,0.0,0.0,0.0
1348619,0.0,0.0,0.0,0.0,0.0,1.0,0.0
1349119,0.0,0.0,0.0,0.0,0.0,0.0,0.0
1353953,0.0,0.0,0.0,0.0,0.0,1.0,0.0
1354453,0.0,0.0,0.0,0.0,0.0,0.0,0.0
1355162,0.0,0.0,0.0,0.0,0.0,1.0,0.0
1355662,0.0,0.0,0.0,0.0,0.0,0.0,0.0
1356248,0.0,0.0,0.0,0.0,0.0,1.0,0.0
1356251,0.0,0.0,0.0,0.0,0.0,2.0,0.0
1356751,0.0,0.0,0.0,0.0,0.0,0.0,0.0
1357141,0.0,0.0,0.0,0.0,0.0,1.0,0.0
1357142,0.0,0.0,0.0,0.0,0.0,2.0,0.0
1357642,0.0,0.0,0.0,0.0,0.0,0.0,0.0
1360190,0.0,0.0,0.0,0.0,0.0,1.0,0.0
1360690,0.0,0.0,0.0,0.0,0.0,0.0,0.0
1362223,0.0,0.0,0.0,0.0,0.0,1.0,0.0
1362723,0.0,0.0,0.0,0.0,0.0,0.0,0.0
1363246,0.0,0.0,0.0,0.0,0.0,1.0,0.0
1363746,0.0,0.0,0.0,0.0,0.0,0.0,0.0
1366156,0.0,0.0,0.0,0.0,0.0,1.0,0.0
1366256,0.0,0.0,0.0,0.0,0.0,2.0,0.0
1366756,0.0,0.0,0.0,0.0,0.0,0.0,0.0
1370303,0.0,0.0,0.0,0.0,0.0,1.0,0.0
1370803,0.0,0.0,0.0,0.0,0.0,0.0,0.0
1374043,0.0,0.0,0.0,0.0,0.0,1.0,0.0
1374543,0.0,0.0,0.0,0.0,0.0,0.0,0.0
1376822,0.0,0.0,0.0,0.0,0.0,1.0,0.0
1377322,0.0,0.0,0.0,0.0,0.0,0.0,0.0
1378511,0.0,0.0,0.0,0.0,0.0,1.0,0.0
1379011,0.0,0.0,0.0,0.0,0.0,0.0,0.0
1379043,0.0,0.0,0.0,0.0,0.0,1.0,0.0
1379543,0.0,0.0,0.0,0.0,0.0,0.0,0.0
1379628,0.0,0.0,0.0,0.0,0.0,1.0,0.0
1380128,0.0,0.0,0.0,0.0,0.0,0.0,0.0
1381174,0.0,0.0,0.0,0.0,0.0,1.0,0.0
1381674,0.0,0.0,0.0,0.0,0.0,0.0,0.0
1382317,0.0,0.0,0.0,0.0,0.0,1.0,0.0
1382817,0.0,0.0,0.0,0.0,0.0,0.0,0.0
1383285,0.0,0.0,0.0,0.0,0.0,1.0,0.0
1383785,0.0,0.0,0.0,0.0,0.0,0.0,0.0
1385595,0.0,0.0,0.0,0.0,0.0,1.0,0.0
1386095,0.0,0.0,0.0,0.0,0.0,0.0,0.0
1386608,0.0,0.0,0.0,0.0,0.0,1.0,0.0
1386637,0.0,0.0,0.0,0.0,0.0,2.0,0.0
1387137,0.0,0.0,0.0,0.0,0.0,0.0,0.0
1388972,0.0,0.0,0.0,0.0,0.0,1.0,0.0
1388977,0.0,0.0,0.0,0.0,0.0,2.0,0.0
1389042,0.0,0.0,0.0,0.0,1.0,2.0,0.0
1389122,0.0,0.0,0.0,0.0,2.0,2.0,0.0
1389477,0.0,0.0,0.0,0.0,2.0,0.0,0.0
1389622,0.0,0.0,0.0,0.0,0.0,0.0,0.0
1390063,0.0,0.0,0.0,0.0,0.0,1.0,0.0
1390544,0.0,0.0,0.0,0.0,0.0,2.0,0.0
1391044,0.0,0.0,0.0,0.0,0.0,0.0,0.0
1394108,0.0,0.0,0.0,0.0,0.0,1.0,0.0
1394608,0.0,0.0,0.0,0.0,0.0,0.0,0.0
1395940,0.0,0.0,0.0,0.0,0.0,1.0,0.0
1396440,0.0,0.0,0.0,0.0,0.0,0.0,0.0
1397765,0.0,0.0,0.0,0.0,0.0,1.0,0.0
1398265,0.0,0.0,0.0,0.0,0.0,0.0,0.0
1398634,0.0,0.0,0.0,0.0,0.0,1.0,0.0
1399134,0.0,0.0,0.0,0.0,0.0,0.0,0.0
1400000,0.0,0.0,0.0,0.0,0.0,0.0,1.0
1400159,0.0,0.0,0.0,0.0,0.0,1.0,1.0
1400160,0.0,0.0,0.0,0.0,0.0,2.0,1.0
1400365,0.0,0.0,0.0,0.0,1.0,2.0,1.0
1400439,0.0,2.0,0.0,0.0,1.0,2.0,1.0
1400442,0.0,2.0,0.0,0.0,2.0,2.0,1.0
1400500,0.0,2.0,0.0,0.0,2.0,2.0,0.0
1400660,0.0,2.0,0.0,0.0,2.0,0.0,0.0
1400735,2.0,2.0,0.0,0.0,2.0,0.0,0.0
1400939,2.0,0.0,0.0,0.0,2.0,0.0,0.0
1400942,2.0,0.0,0.0,0.0,0.0,0.0,0.0
1401235,0.0,0.0,0.0,0.0,0.0,0.0,0.0
1402841,0.0,0.0,0.0,0.0,0.0,1.0,0.0
1403341,0.0,0.0,0.0,0.0,0.0,0.0,0.0
1403464,0.0,0.0,0.0,0.0,0.0,1.0,0.0
1403964,0.0,0.0,0.0,0.0,0.0,0.0,0.0
1404933,0.0,0.0,0.0,0.0,0.0,1.0,0.0
1404935,0.0,0.0,0.0,0.0,1.0,2.0,0.0
1405435,0.0,0.0,0.0,0.0,0.0,0.0,0.0
1406776,0.0,0.0,0.0,0.0,0.0,1.0,0.0
1406930,0.0,0.0,1.0,0.0,0.0,1.0,0.0
1407276,0.0,0.0,1.0,0.0,0.0,0.0,0.0
1411233,0.0,0.0,1.0,0.0,0.0,1.0,0.0
1411502,0.0,0.0,1.0,0.0,0.0,2.0,0.0
1412002,0.0,0.0,1.0,0.0,0.0,0.0,0.0
1413299,0.0,0.0,1.0,0.0,0.0,1.0,0.0
1413799,0.0,0.0,1.0,0.0,0.0,0.0,0.0
1415735,0.0,0.0,1.0,0.0,0.0,1.0,0.0
1416235,0.0,0.0,1.0,0.0,0.0,0.0,0.0
1416276,0.0,0.0,1.0,0.0,0.0,1.0,0.0
1416617,0.0,0.0,2.0,0.0,0.0,1.0,0.0
1416776,0.0,0.0,2.0,0.0,0.0,0.0,0.0
1416787,0.0,0.0,2.0,0.0,0.0,1.0,0.0
1417117,0.0,0.0,0.0,0.0,0.0,1.0,0.0
1417287,0.0,0.0,0.0,0.0,0.0,0.0,0.0
1417727,0.0,0.0,1.0,0.0,0.0,0.0,0.0
1418051,0.0,0.0,1.0,0.0,0.0,1.0,0.0
1418087,0.0,2.0,1.0,0.0,0.0,1.0,0.0
1418227,0.0,2.0,0.0,0.0,0.0,1.0,0.0
1418551,0.0,2.0,0.0,0.0,0.0,0.0,0.0
1418587,0.0,0.0,0.0,0.0,0.0,0.0,0.0
1418649,0.0,0.0,0.0,0.0,0.0,1.0,0.0
1419149,0.0,0.0,0.0,0.0,0.0,0.0,0.0
1419672,0.0,0.0,0.0,0.0,0.0,1.0,0.0
1420172,0.0,0.0,0.0,0.0,0.0,0.0,0.0
1420534,0.0,0.0,0.0,0.0,0.0,1.0,0.0
1421034,0.0,0.0,0.0,0.0,0.0,0.0,0.0
1421120,0.0,0.0,0.0,0.0,0.0,1.0,0.0
1421620,0.0,0.0,0.0,0.0,0.0,0.0,0.0
1421821,0.0,0.0,0.0,0.0,0.0,1.0,0.0
1422321,0.0,0.0,0.0,0.0,0.0,0.0,0.0
1422518,0.0,0.0,0.0,0.0,0.0,1.0,0.0
1422520,0.0,0.0,0.0,0.0,0.0,2.0,0.0
1422623,0.0,2.0,0.0,0.0,0.0,2.0,0.0
1423020,0.0,2.0,0.0,0.0,0.0,0.0,0.0
1423123,0.0,0.0,0.0,0.0,0.0,0.0,0.0
1423365,0.0,0.0,0.0,0.0,0.0,1.0,0.0
1423865,0.0,0.0,0.0,0.0,0.0,0.0,0.0
1426929,0.0,0.0,0.0,0.0,0.0,1.0,0.0
1427429,0.0,0.0,0.0,0.0,0.0,0.0,0.0
1427805,0.0,0.0,0.0,0.0,0.0,1.0,0.0
1428305,0.0,0.0,0.0,0.0,0.0,0.0,0.0
1428329,0.0,0.0,0.0,0.0,0.0,1.0,0.0
1428829,0.0,0.0,0.0,0.0,0.0,0.0,0.0
1429507,0.0,0.0,0.0,0.0,0.0,1.0,0.0
1430007,0.0,0.0,0.0,0.0,0.0,0.0,0.0
1430185,0.0,0.0,0.0,0.0,0.0,1.0,0.0
1430685,0.0,0.0,0.0,0.0,0.0,0.0,0.0
1431301,0.0,0.0,0.0,0.0,0.0,1.0,0.0
1431801,0.0,0.0,0.0,0.0,0.0,0.0,0.0
1432758,0.0,0.0,0.0,0.0,0.0,1.0,0.0
1433258,0.0,0.0,0.0,0.0,0.0,0.0,0.0
1434262,0.0,0.0,0.0,0.0,0.0,1.0,0.0
1434762,0.0,0.0,0.0,0.0,0.0,0.0,0.0
1435069,0.0,0.0,0.0,0.0,0.0,1.0,0.0
1435071,0.0,0.0,0.0,0.0,0.0,2.0,0.0
1435571,0.0,0.0,0.0,0.0,0.0,0.0,0.0
1435672,0.0,0.0,0.0,0.0,0.0,1.0,0.0
1436172,0.0,0.0,0.0,0.0,0.0,0.0,0.0
1436421,0.0,0.0,0.0,0.0,0.0,1.0,0.0
1436921,0.0,0.0,0.0,0.0,0.0,0.0,0.0
1437125,0.0,0.0,0.0,0.0,0.0,1.0,0.0
1437625,0.0,0.0,0.0,0.0,0.0,0.0,0.0
1437903,0.0,0.0,0.0,0.0,0.0,1.0,0.0
1438403,0.0,0.0,0.0,0.0,0.0,0.0,0.0
1438816,0.0,0.0,0.0,0.0,0.0,1.0,0.0
1439316,0.0,0.0,0.0,0.0,0.0,0.0,0.0
1440884,0.0,0.0,0.0,0.0,0.0,1.0,0.0
1441384,0.0,0.0,0.0,0.0,0.0,0.0,0.0
1442948,0.0,0.0,0.0,0.0,0.0,1.0,0.0
1443448,0.0,0.0,0.0,0.0,0.0,0.0,0.0
1444582,0.0,0.0,0.0,0.0,0.0,1.0,0.0
1444956,0.0,0.0,0.0,0.0,0.0,2.0,0.0
1445456,0.0,0.0,0.0,0.0,0.0,0.0,0.0
1445783,0.0,0.0,0.0,0.0,0.0,1.0,0.0
1446283,0.0,0.0,0.0,0.0,0.0,0.0,0.0
1446894,0.0,0.0,0.0,0.0,0.0,1.0,0.0
1447394,0.0,0.0,0.0,0.0,0.0,0.0,0.0
1448155,0.0,0.0,0.0,0.0,0.0,1.0,0.0
1448655,0.0,0.0,0.0,0.0,0.0,0.0,0.0
1448824,0.0,0.0,0.0,0.0,0.0,1.0,0.0
1449324,0.0,0.0,0.0,0.0,0.0,0.0,0.0
1449366,0.0,0.0,0.0,0.0,0.0,1.0,0.0
1449866,0.0,0.0,0.0,0.0,0.0,0.0,0.0
1450187,0.0,0.0,0.0,0.0,0.0,1.0,0.0
1450190,0.0,0.0,0.0,0.0,0.0,2.0,0.0
1450690,0.0,0.0,0.0,0.0,0.0,0.0,0.0
1452956,0.0,0.0,0.0,0.0,0.0,1.0,0.0
1453285,0.0,0.0,0.0,0.0,0.0,2.0,0.0
1453785,0.0,0.0,0.0,0.0,0.0,0.0,0.0
1453977,0.0,0.0,0.0,0.0,0.0,1.0,0.0
1454477,0.0,0.0,0.0,0.0,0.0,0.0,0.0
1459967,0.0,0.0,0.0,0.0,0.0,1.0,0.0
1460467,0.0,0.0,0.0,0.0,0.0,0.0,0.0
1463559,0.0,0.0,0.0,0.0,0.0,1.0,0.0
1464059,0.0,0.0,0.0,0.0,0.0,0.0,0.0
1464834,0.0,0.0,0.0,0.0,0.0,1.0,0.0
1465334,0.0,0.0,0.0,0.0,0.0,0.0,0.0
1465882,0.0,0.0,0.0,0.0,0.0,1.0,0.0
1466382,0.0,0.0,0.0,0.0,0.0,0.0,0.0
1466575,0.0,0.0,0.0,0.0,0.0,1.0,0.0
1467075,0.0,0.0,0.0,0.0,0.0,0.0,0.0
1468187,0.0,0.0,0.0,0.0,0.0,1.0,0.0
1468189,0.0,0.0,0.0,0.0,0.0,2.0,0.0
1468689,0.0,0.0,0.0,0.0,0.0,0.0,0.0
1468904,0.0,0.0,0.0,0.0,0.0,1.0,0.0
1469404,0.0,0.0,0.0,0.0,0.0,0.0,0.0
1469666,0.0,0.0,0.0,0.0,0.0,1.0,0.0
1469673,0.0,0.0,0.0,0.0,0.0,2.0,0.0
1470173,0.0,0.0,0.0,0.0,0.0,0.0,0.0
1471866,0.0,0.0,0.0,0.0,0.0,1.0,0.0
1471869,0.0,0.0,0.0,0.0,0.0,2.0,0.0
1472369,0.0,0.0,0.0,0.0,0.0,0.0,0.0
1472960,0.0,0.0,0.0,0.0,0.0,1.0,0.0
1473460,0.0,0.0,0.0,0.0,0.0,0.0,0.0
1473934,0.0,0.0,0.0,0.0,0.0,1.0,0.0
1474158,0.0,0.0,0.0,0.0,0.0,2.0,0.0
1474658,0.0,0.0,0.0,0.0,0.0,0.0,0.0
1475015,0.0,0.0,0.0,0.0,0.0,1.0,0.0
1475515,0.0,0.0,0.0,0.0,0.0,0.0,0.0
1475906,0.0,0.0,0.0,0.0,0.0,1.0,0.0
1476406,0.0,0.0,0.0,0.0,0.0,0.0,0.0
1476847,0.0,0.0,0.0,0.0,1.0,0.0,0.0
1477318,0.0,0.0,0.0,0.0,1.0,1.0,0.0
1477347,0.0,0.0,0.0,0.0,0.0,1.0,0.0
1477818,0.0,0.0,0.0,0.0,0.0,0.0,0.0
1478642,0.0,0.0,0.0,0.0,0.0,1.0,0.0
1479142,0.0,0.0,0.0,0.0,0.0,0.0,0.0
1479172,0.0,0.0,0.0,0.0,0.0,1.0,0.0
1479174,0.0,0.0,0.0,0.0,0.0,2.0,0.0
1479674,0.0,0.0,0.0,0.0,0.0,0.0,0.0
1480266,0.0,0.0,0.0,0.0,0.0,1.0,0.0
1480268,0.0,0.0,0.0,0.0,0.0,2.0,0.0
1480768,0.0,0.0,0.0,0.0,0.0,0.0,0.0
1481903,0.0,0.0,0.0,0.0,0.0,1.0,0.0
1482085,0.0,0.0,0.0,0.0,0.0,2.0,0.0
1482585,0.0,0.0,0.0,0.0,0.0,0.0,0.0
1482677,0.0,0.0,0.0,0.0,0.0,1.0,0.0
1483177,0.0,0.0,0.0,0.0,0.0,0.0,0.0
1483206,0.0,0.0,0.0,0.0,0.0,1.0,0.0
1483706,0.0,0.0,0.0,0.0,0.0,0.0,0.0
1484005,0.0,0.0,0.0,0.0,0.0,1.0,0.0
1484015,0.0,0.0,0.0,0.0,0.0,2.0,0.0
1484379,0.0,2.0,0.0,0.0,0.0,2.0,0.0
1484515,0.0,2.0,0.0,0.0,0.0,0.0,0.0
1484879,0.0,0.0,0.0,0.0,0.0,0.0,0.0
1484932,0.0,0.0,0.0,0.0,0.0,1.0,0.0
1485432,0.0,0.0,0.0,0.0,0.0,0.0,0.0
1486511,0.0,0.0,0.0,0.0,0.0,1.0,0.0
1487011,0.0,0.0,0.0,0.0,0.0,0.0,0.0
1487329,0.0,0.0,0.0,0.0,0.0,1.0,0.0
1487829,0.0,0.0,0.0,0.0,0.0,0.0,0.0
1488425,0.0,0.0,0.0,0.0,0.0,1.0,0.0
1488925,0.0,0.0,0.0,0.0,0.0,0.0,0.0
1489708,0.0,0.0,0.0,0.0,0.0,1.0,0.0
1490074,0.0,0.0,0.0,0.0,0.0,2.0,0.0
1490574,0.0,0.0,0.0,0.0,0.0,0.0,0.0
1491062,0.0,0.0,0.0,0.0,0.0,1.0,0.0
1491562,0.0,0.0,0.0,0.0,0.0,0.0,0.0
1492423,0.0,0.0,0.0,0.0,0.0,1.0,0.0
1492923,0.0,0.0,0.0,0.0,0.0,0.0,0.0
1493642,0.0,0.0,0.0,0.0,0.0,1.0,0.0
1494142,0.0,0.0,0.0,0.0,0.0,0.0,0.0
1494486,0.0,0.0,0.0,0.0,0.0,1.0,0.0
1494986,0.0,0.0,0.0,0.0,0.0,0.0,0.0
1495302,0.0,0.0,0.0,0.0,0.0,1.0,0.0
1495802,0.0,0.0,0.0,0.0,0.0,0.0,0.0
1496281,0.0,0.0,0.0,0.0,0.0,1.0,0.0
1496781,0.0,0.0,0.0,0.0,0.0,0.0,0.0
1499125,0.0,0.0,0.0,0.0,0.0,1.0,0.0
1499625,0.0,0.0,0.0,0.0,0.0,0.0,0.0
1501576,0.0,0.0,0.0,0.0,0.0,1.0,0.0
1502076,0.0,0.0,0.0,0.0,0.0,0.0,0.0
1504216,0.0,0.0,0.0,0.0,0.0,1.0,0.0
1504716,0.0,0.0,0.0,0.0,0.0,0.0,0.0
1505264,0.0,0.0,0.0,0.0,0.0,1.0,0.0
1505764,0.0,0.0,0.0,0.0,0.0,0.0,0.0
1508497,0.0,0.0,0.0,0.0,0.0,1.0,0.0
1508997,0.0,0.0,0.0,0.0,0.0,0.0,0.0
1513346,0.0,0.0,0.0,0.0,0.0,1.0,0.0
1513846,0.0,0.0,0.0,0.0,0.0,0.0,0.0
1515207,0.0,0.0,0.0,0.0,0.0,1.0,0.0
1515707,0.0,0.0,0.0,0.0,0.0,0.0,0.0
1518143,0.0,0.0,0.0,0.0,0.0,1.0,0.0
1518643,0.0,0.0,0.0,0.0,0.0,0.0,0.0
1519598,0.0,0.0,0.0,0.0,0.0,1.0,0.0
1520098,0.0,0.0,0.0,0.0,0.0,0.0,0.0
1520848,0.0,0.0,0.0,0.0,0.0,1.0,0.0
1520954,0.0,0.0,0.0,0.0,0.0,2.0,0.0
1521454,0.0,0.0,0.0,0.0,0.0,0.0,0.0
1521798,0.0,0.0,0.0,0.0,0.0,1.0,0.0
1521803,0.0,0.0,0.0,0.0,0.0,2.0,0.0
1522303,0.0,0.0,0.0,0.0,0.0,0.0,0.0
1525405,0.0,0.0,0.0,0.0,0.0,1.0,0.0
1525905,0.0,0.0,0.0,0.0,0.0,0.0,0.0
1526559,0.0,0.0,0.0,0.0,0.0,1.0,0.0
1527059,0.0,0.0,0.0,0.0,0.0,0.0,0.0
1528143,0.0,0.0,0.0,0.0,0.0,1.0,0.0
1528643,0.0,0.0,0.0,0.0,0.0,0.0,0.0
1529736,0.0,0.0,0.0,0.0,0.0,1.0,0.0
1530236,0.0,0.0,0.0,0.0,0.0,0.0,0.0
1530510,0.0,0.0,0.0,0.0,0.0,1.0,0.0
1531010,0.0,0.0,0.0,0.0,0.0,0.0,0.0
1532762,0.0,0.0,0.0,0.0,0.0,1.0,0.0
1533262,0.0,0.0,0.0,0.0,0.0,0.0,0.0
1535515,0.0,0.0,0.0,0.0,0.0,1.0,0.0
1536015,0.0,0.0,0.0,0.0,0.0,0.0,0.0
1536247,0.0,0.0,0.0,0.0,0.0,1.0,0.0
1536334,0.0,0.0,0.0,0.0,0.0,2.0,0.0
1536834,0.0,0.0,0.0,0.0,0.0,0.0,0.0
1537307,0.0,0.0,0.0,0.0,0.0,1.0,0.0
1537807,0.0,0.0,0.0,0.0,0.0,0.0,0.0
1542305,0.0,0.0,0.0,0.0,0.0,1.0,0.0
1542805,0.0,0.0,0.0,0.0,0.0,0.0,0.0
1544045,0.0,0.0,0.0,0.0,0.0,1.0,0.0
1544545,0.0,0.0,0.0,0.0,0.0,0.0,0.0
1544772,0.0,0.0,0.0,0.0,0.0,1.0,0.0
1545272,0.0,0.0,0.0,0.0,0.0,0.0,0.0
1549930,0.0,0.0,0.0,0.0,0.0,1.0,0.0
1550430,0.0,0.0,0.0,0.0,0.0,0.0,0.0
1554170,0.0,0.0,0.0,0.0,0.0,1.0,0.0
1554670,0.0,0.0,0.0,0.0,0.0,0.0,0.0
1554758,0.0,0.0,0.0,0.0,0.0,1.0,0.0
1555258,0.0,0.0,0.0,0.0,0.0,0.0,0.0
1555782,0.0,0.0,0.0,0.0,0.0,1.0,0.0
1556282,0.0,0.0,0.0,0.0,0.0,0.0,0.0
1557088,0.0,0.0,0.0,0.0,0.0,1.0,0.0
1557588,0.0,0.0,0.0,0.0,0.0,0.0,0.0
1559015,0.0,0.0,0.0,0.0,0.0,1.0,0.0
1559515,0.0,0.0,0.0,0.0,0.0,0.0,0.0
1560282,0.0,0.0,0.0,0.0,0.0,1.0,0.0
1560782,0.0,0.0,0.0,0.0,0.0,0.0,0.0
1560864,0.0,0.0,0.0,0.0,0.0,1.0,0.0
1561364,0.0,0.0,0.0,0.0,0.0,0.0,0.0
1562848,0.0,0.0,0.0,0.0,0.0,1.0,0.0
1563348,0.0,0.0,0.0,0.0,0.0,0.0,0.0
1563422,0.0,0.0,0.0,0.0,0.0,1.0,0.0
1563922,0.0,0.0,0.0,0.0,0.0,0.0,0.0
1564070,0.0,0.0,0.0,0.0,0.0,1.0,0.0
1564570,0.0,0.0,0.0,0.0,0.0,0.0,0.0
1565260,0.0,0.0,0.0,0.0,0.0,1.0,0.0
1565760,0.0,0.0,0.0,0.0,0.0,0.0,0.0
1566733,0.0,0.0,0.0,0.0,0.0,1.0,0.0
1567233,0.0,0.0,0.0,0.0,0.0,0.0,0.0
1568116,0.0,0.0,0.0,0.0,0.0,1.0,0.0
1568456,0.0,0.0,0.0,0.0,0.0,2.0,0.0
1568956,0.0,0.0,0.0,0.0,0.0,0.0,0.0
1572908,0.0,0.0,0.0,0.0,0.0,1.0,0.0
1572910,0.0,0.0,0.0,0.0,0.0,2.0,0.0
1573200,0.0,0.0,0.0,0.0,1.0,2.0,0.0
1573281,0.0,2.0,0.0,0.0,1.0,2.0,0.0
1573410,0.0,2.0,0.0,0.0,1.0,0.0,0.0
1573781,0.0,0.0,0.0,0.0,1.0,0.0,0.0
1574085,0.0,0.0,0.0,0.0,1.0,1.0,0.0
1574089,0.0,0.0,0.0,0.0,1.0,2.0,0.0
1574589,0.0,0.0,0.0,0.0,1.0,0.0,0.0
1574700,0.0,0.0,0.0,0.0,0.0,0.0,0.0
1574828,0.0,0.0,0.0,0.0,1.0,0.0,0.0
1575314,0.0,0.0,0.0,0.0,1.0,1.0,0.0
1575814,0.0,0.0,0.0,0.0,1.0,0.0,0.0
1577328,0.0,0.0,0.0,0.0,0.0,0.0,0.0
1577397,0.0,0.0,0.0,0.0,1.0,0.0,0.0
1578397,0.0,0.0,0.0,0.0,0.0,0.0,0.0
1579540,0.0,0.0,0.0,0.0,0.0,1.0,0.0
1580040,0.0,0.0,0.0,0.0,0.0,0.0,0.0
1580877,0.0,0.0,0.0,0.0,0.0,1.0,0.0
1581377,0.0,0.0,0.0,0.0,0.0,0.0,0.0
1587179,0.0,0.0,0.0,0.0,0.0,1.0,0.0
1587180,0.0,0.0,0.0,0.0,0.0,2.0,0.0
1587680,0.0,0.0,0.0,0.0,0.0,0.0,0.0
1588177,0.0,0.0,0.0,0.0,0.0,1.0,0.0
1588677,0.0,0.0,0.0,0.0,0.0,0.0,0.0
1589227,0.0,0.0,0.0,0.0,0.0,1.0,0.0
1589727,0.0,0.0,0.0,0.0,0.0,0.0,0.0
1595754,0.0,0.0,0.0,0.0,0.0,1.0,0.0
1596254,0.0,0.0,0.0,0.0,0.0,0.0,0.0
1597619,0.0,0.0,0.0,0.0,0.0,1.0,0.0
1597623,0.0,0.0,0.0,0.0,0.0,2.0,0.0
1598123,0.0,0.0,0.0,0.0,0.0,0.0,0.0
1600000,0.0,0.0,0.0,0.0,0.0,0.0,1.0
1600187,0.0,0.0,0.0,0.0,0.0,1.0,1.0
1600500,0.0,0.0,0.0,0.0,0.0,1.0,0.0
1601187,0.0,0.0,0.0,0.0,0.0,0.0,0.0
1601208,0.0,2.0,0.0,0.0,0.0,0.0,0.0
1601215,0.0,2.0,0.0,0.0,0.0,1.0,0.0
1601407,2.0,2.0,0.0,0.0,0.0,1.0,0.0
1601708,2.0,0.0,0.0,0.0,0.0,1.0,0.0
1601715,2.0,0.0,0.0,0.0,0.0,0.0,0.0
1601907,0.0,0.0,0.0,0.0,0.0,0.0,0.0
1602429,0.0,0.0,0.0,0.0,0.0,1.0,0.0
1602440,0.0,0.0,0.0,0.0,1.0,1.0,0.0
1602463,2.0,0.0,0.0,0.0,1.0,1.0,0.0
1602929,2.0,0.0,0.0,0.0,1.0,0.0,0.0
1602963,0.0,0.0,0.0,0.0,1.0,0.0,0.0
1603973,0.0,0.0,0.0,0.0,2.0,0.0,0.0
1604473,0.0,0.0,0.0,0.0,0.0,0.0,0.0
1604567,0.0,0.0,0.0,0.0,0.0,1.0,0.0
1604569,0.0,0.0,0.0,0.0,1.0,2.0,0.0
1604571,0.0,0.0,0.0,0.0,2.0,2.0,0.0
1605069,0.0,0.0,0.0,0.0,2.0,0.0,0.0
1605071,0.0,0.0,0.0,0.0,0.0,0.0,0.0
1605082,0.0,0.0,0.0,0.0,0.0,1.0,0.0
1605086,0.0,0.0,0.0,0.0,1.0,2.0,0.0
1605343,2.0,0.0,0.0,0.0,1.0,2.0,0.0
1605586,2.0,0.0,0.0,0.0,0.0,0.0,0.0
1605843,0.0,0.0,0.0,0.0,0.0,0.0,0.0
1606024,0.0,0.0,1.0,0.0,0.0,0.0,0.0
1606870,0.0,0.0,1.0,0.0,0.0,1.0,0.0
1607263,2.0,0.0,1.0,0.0,0.0,1.0,0.0
1607370,2.0,0.0,1.0,0.0,0.0,0.0,0.0
1607763,0.0,0.0,1.0,0.0,0.0,0.0,0.0
1608369,0.0,0.0,1.0,0.0,0.0,1.0,0.0
1608869,0.0,0.0,1.0,0.0,0.0,0.0,0.0
1608880,0.0,0.0,1.0,0.0,0.0,1.0,0.0
1609380,0.0,0.0,1.0,0.0,0.0,0.0,0.0
1610607,0.0,0.0,1.0,0.0,0.0,1.0,0.0
1610988,0.0,0.0,1.0,0.0,0.0,2.0,0.0
1611488,0.0,0.0,1.0,0.0,0.0,0.0,0.0
1612579,0.0,0.0,2.0,0.0,0.0,0.0,0.0
1612619,0.0,0.0,2.0,0.0,0.0,1.0,0.0
1613079,0.0,0.0,0.0,0.0,0.0,1.0,0.0
1613119,0.0,0.0,0.0,0.0,0.0,0.0,0.0
1613274,0.0,0.0,0.0,0.0,0.0,1.0,0.0
1613373,0.0,0.0,1.0,0.0,0.0,1.0,0.0
1613774,0.0,0.0,1.0,0.0,0.0,0.0,0.0
1613829,0.0,0.0,1.0,0.0,0.0,1.0,0.0
1613873,0.0,0.0,0.0,0.0,0.0,1.0,0.0
1614329,0.0,0.0,0.0,0.0,0.0,0.0,0.0
1615999,0.0,0.0,0.0,0.0,1.0,0.0,0.0
1616222,0.0,0.0,0.0,0.0,1.0,1.0,0.0
1616238,0.0,0.0,0.0,0.0,1.0,2.0,0.0
1616499,0.0,0.0,0.0,0.0,0.0,2.0,0.0
1616738,0.0,0.0,0.0,0.0,0.0,0.0,0.0
1617960,0.0,0.0,0.0,0.0,0.0,1.0,0.0
1618460,0.0,0.0,0.0,0.0,0.0,0.0,0.0
1618539,0.0,0.0,0.0,0.0,0.0,1.0,0.0
1619039,0.0,0.0,0.0,0.0,0.0,0.0,0.0
1620240,0.0,0.0,0.0,0.0,0.0,1.0,0.0
1620740,0.0,0.0,0.0,0.0,0.0,0.0,0.0
1620825,0.0,0.0,0.0,0.0,0.0,1.0,0.0
1621325,0.0,0.0,0.0,0.0,0.0,0.0,0.0
1622717,0.0,0.0,0.0,0.0,0.0,1.0,0.0
1623217,0.0,0.0,0.0,0.0,0.0,0.0,0.0
1624169,0.0,0.0,0.0,0.0,0.0,1.0,0.0
1624669,0.0,0.0,0.0,0.0,0.0,0.0,0.0
1624709,0.0,0.0,0.0,0.0,0.0,1.0,0.0
1625209,0.0,0.0,0.0,0.0,0.0,0.0,0.0
1626477,0.0,0.0,0.0,0.0,0.0,1.0,0.0
1626977,0.0,0.0,0.0,0.0,0.0,0.0,0.0
1627172,0.0,0.0,0.0,0.0,0.0,1.0,0.0
1627672,0.0,0.0,0.0,0.0,0.0,0.0,0.0
1627697,0.0,0.0,0.0,0.0,0.0,1.0,0.0
1628033,0.0,0.0,0.0,0.0,0.0,2.0,0.0
1628533,0.0,0.0,0.0,0.0,0.0,0.0,0.0
1630059,0.0,0.0,0.0,0.0,0.0,1.0,0.0
1630559,0.0,0.0,0.0,0.0,0.0,0.0,0.0
1630877,0.0,0.0,0.0,0.0,0.0,1.0,0.0
1631377,0.0,0.0,0.0,0.0,0.0,0.0,0.0
1632361,0.0,0.0,0.0,0.0,0.0,1.0,0.0
1632363,0.0,0.0,0.0,0.0,1.0,2.0,0.0
1632863,0.0,0.0,0.0,0.0,0.0,0.0,0.0
1633408,0.0,0.0,0.0,0.0,0.0,1.0,0.0
1633433,0.0,0.0,0.0,0.0,0.0,2.0,0.0
1633933,0.0,0.0,0.0,0.0,0.0,0.0,0.0
1634677,0.0,0.0,0.0,0.0,0.0,1.0,0.0
1635177,0.0,0.0,0.0,0.0,0.0,0.0,0.0
1637502,0.0,0.0,0.0,0.0,0.0,1.0,0.0
1638002,0.0,0.0,0.0,0.0,0.0,0.0,0.0
1638367,0.0,0.0,0.0,0.0,0.0,1.0,0.0
1638867,0.0,0.0,0.0,0.0,0.0,0.0,0.0
1638949,0.0,0.0,0.0,0.0,0.0,1.0,0.0
1639449,0.0,0.0,0.0,0.0,0.0,0.0,0.0
1639671,0.0,0.0,0.0,0.0,0.0,1.0,0.0
1640171,0.0,0.0,0.0,0.0,0.0,0.0,0.0
1640179,0.0,0.0,0.0,0.0,0.0,1.0,0.0
1640679,0.0,0.0,0.0,0.0,0.0,0.0,0.0
1642680,0.0,0.0,0.0,0.0,0.0,1.0,0.0
1643180,0.0,0.0,0.0,0.0,0.0,0.0,0.0
1643884,0.0,0.0,0.0,0.0,0.0,1.0,0.0
1644384,0.0,0.0,0.0,0.0,0.0,0.0,0.0
1647476,0.0,0.0,0.0,0.0,0.0,1.0,0.0
1647976,0.0,0.0,0.0,0.0,0.0,0.0,0.0
1648153,0.0,0.0,0.0,0.0,0.0,1.0,0.0
1648653,0.0,0.0,0.0,0.0,0.0,0.0,0.0
1649299,0.0,0.0,0.0,0.0,0.0,1.0,0.0
1649799,0.0,0.0,0.0,0.0,0.0,0.0,0.0
1649843,0.0,0.0,0.0,0.0,0.0,1.0,0.0
1649845,0.0,0.0,0.0,0.0,0.0,2.0,0.0
1650345,0.0,0.0,0.0,0.0,0.0,0.0,0.0
1650642,0.0,0.0,0.0,0.0,0.0,1.0,0.0
1651142,0.0,0.0,0.0,0.0,0.0,0.0,0.0
1651258,0.0,0.0,0.0,0.0,0.0,1.0,0.0
1651758,0.0,0.0,0.0,0.0,0.0,0.0,0.0
1654113,0.0,0.0,0.0,0.0,0.0,1.0,0.0
1654117,0.0,0.0,0.0,0.0,0.0,2.0,0.0
1654617,0.0,0.0,0.0,0.0,0.0,0.0,0.0
1654724,0.0,0.0,0.0,0.0,0.0,1.0,0.0
1655224,0.0,0.0,0.0,0.0,0.0,0.0,0.0
1656531,0.0,0.0,0.0,0.0,0.0,1.0,0.0
1657031,0.0,0.0,0.0,0.0,0.0,0.0,0.0
1658108,0.0,0.0,0.0,0.0,0.0,1.0,0.0
1658110,0.0,0.0,0.0,0.0,0.0,2.0,0.0
1658610,0.0,0.0,0.0,0.0,0.0,0.0,0.0
1659194,0.0,0.0,0.0,0.0,1.0,0.0,0.0
1659195,0.0,0.0,0.0,0.0,2.0,0.0,0.0
1659695,0.0,0.0,0.0,0.0,0.0,0.0,0.0
1660948,0.0,0.0,0.0,0.0,0.0,1.0,0.0
1660952,0.0,0.0,0.0,0.0,0.0,2.0,0.0
1661452,0.0,0.0,0.0,0.0,0.0,0.0,0.0
1662488,0.0,0.0,0.0,0.0,0.0,1.0,0.0
1662489,0.0,0.0,0.0,0.0,1.0,1.0,0.0
1662988,0.0,0.0,0.0,0.0,1.0,0.0,0.0
1662989,0.0,0.0,0.0,0.0,0.0,0.0,0.0
1664242,0.0,0.0,0.0,0.0,0.0,1.0,0.0
1664243,0.0,0.0,0.0,0.0,1.0,1.0,0.0
1664742,0.0,0.0,0.0,0.0,1.0,0.0,0.0
1664743,0.0,0.0,0.0,0.0,0.0,0.0,0.0
1668393,0.0,0.0,0.0,0.0,0.0,1.0,0.0
1668893,0.0,0.0,0.0,0.0,0.0,0.0,0.0
1669327,0.0,0.0,0.0,0.0,0.0,1.0,0.0
1669328,0.0,0.0,0.0,0.0,1.0,1.0,0.0
1669827,0.0,0.0,0.0,0.0,1.0,0.0,0.0
1669828,0.0,0.0,0.0,0.0,0.0,0.0,0.0
1670119,0.0,0.0,0.0,0.0,0.0,1.0,0.0
1670619,0.0,0.0,0.0,0.0,0.0,0.0,0.0
1670908,0.0,0.0,0.0,0.0,0.0,1.0,0.0
1671408,0.0,0.0,0.0,0.0,0.0,0.0,0.0
1671483,0.0,0.0,0.0,0.0,0.0,1.0,0.0
1671983,0.0,0.0,0.0,0.0,0.0,0.0,0.0
1673664,0.0,0.0,0.0,0.0,0.0,1.0,0.0
1674164,0.0,0.0,0.0,0.0,0.0,0.0,0.0
1674785,0.0,0.0,0.0,0.0,0.0,1.0,0.0
1675285,0.0,0.0,0.0,0.0,0.0,0.0,0.0
1675611,0.0,0.0,0.0,0.0,0.0,1.0,0.0
1675750,0.0,0.0,0.0,0.0,0.0,2.0,0.0
1676250,0.0,0.0,0.0,0.0,0.0,0.0,0.0
1677942,0.0,0.0,0.0,0.0,0.0,1.0,0.0
1677946,0.0,0.0,0.0,0.0,0.0,2.0,0.0
1678446,0.0,0.0,0.0,0.0,0.0,0.0,0.0
1679286,0.0,0.0,0.0,0.0,0.0,1.0,0.0
1679786,0.0,0.0,0.0,0.0,0.0,0.0,0.0
1680607,0.0,0.0,0.0,0.0,0.0,1.0,0.0
1681107,0.0,0.0,0.0,0.0,0.0,0.0,0.0
1681784,0.0,0.0,0.0,0.0,0.0,1.0,0.0
1682284,0.0,0.0,0.0,0.0,0.0,0.0,0.0
1683228,0.0,0.0,0.0,0.0,0.0,1.0,0.0
1683232,0.0,0.0,0.0,0.0,0.0,2.0,0.0
1683271,0.0,0.0,0.0,0.0,1.0,2.0,0.0
1683732,0.0,0.0,0.0,0.0,1.0,0.0,0.0
1683771,0.0,0.0,0.0,0.0,0.0,0.0,0.0
1685563,0.0,0.0,0.0,0.0,0.0,1.0,0.0
1686063,0.0,0.0,0.0,0.0,0.0,0.0,0.0
1686375,0.0,0.0,0.0,0.0,0.0,1.0,0.0
1686875,0.0,0.0,0.0,0.0,0.0,0.0,0.0
1688096,0.0,0.0,0.0,0.0,0.0,1.0,0.0
1688117,0.0,0.0,0.0,0.0,1.0,2.0,0.0
1688617,0.0,0.0,0.0,0.0,0.0,0.0,0.0
1690885,0.0,0.0,0.0,0.0,0.0,1.0,0.0
1690887,0.0,0.0,0.0,0.0,0.0,2.0,0.0
1691387,0.0,0.0,0.0,0.0,0.0,0.0,0.0
1692934,0.0,0.0,0.0,0.0,0.0,1.0,0.0
1692953,0.0,0.0,0.0,0.0,0.0,2.0,0.0
1693453,0.0,0.0,0.0,0.0,0.0,0.0,0.0
1693829,0.0,0.0,0.0,0.0,0.0,1.0,0.0
1694329,0.0,0.0,0.0,0.0,0.0,0.0,0.0
1694422,0.0,0.0,0.0,0.0,0.0,1.0,0.0
1694427,0.0,0.0,0.0,0.0,0.0,2.0,0.0
1694502,0.0,2.0,0.0,0.0,0.0,2.0,0.0
1694927,0.0,2.0,0.0,0.0,0.0,0.0,0.0
1695002,0.0,0.0,0.0,0.0,0.0,0.0,0.0
1698444,0.0,0.0,0.0,0.0,0.0,1.0,0.0
1698944,0.0,0.0,0.0,0.0,0.0,0.0,0.0
1700180,0.0,0.0,0.0,0.0,0.0,1.0,0.0
1700680,0.0,0.0,0.0,0.0,0.0,0.0,0.0
1702026,0.0,0.0,0.0,0.0,0.0,1.0,0.0
1702038,0.0,0.0,0.0,0.0,0.0,2.0,0.0
1702538,0.0,0.0,0.0,0.0,0.0,0.0,0.0
1703222,0.0,0.0,0.0,0.0,1.0,0.0,0.0
1703722,0.0,0.0,0.0,0.0,0.0,0.0,0.0
1704274,0.0,0.0,0.0,0.0,0.0,1.0,0.0
1704774,0.0,0.0,0.0,0.0,0.0,0.0,0.0
1705349,0.0,0.0,0.0,0.0,0.0,1.0,0.0
1705849,0.0,0.0,0.0,0.0,0.0,0.0,0.0
1707091,0.0,0.0,0.0,0.0,0.0,1.0,0.0
1707591,0.0,0.0,0.0,0.0,0.0,0.0,0.0
1709280,0.0,0.0,0.0,0.0,0.0,1.0,0.0
1709780,0.0,0.0,0.0,0.0,0.0,0.0,0.0
1711578,0.0,0.0,0.0,0.0,0.0,1.0,0.0
1711579,0.0,0.0,0.0,0.0,0.0,2.0,0.0
1711580,0.0,0.0,0.0,0.0,1.0,2.0,0.0
1711617,0.0,0.0,0.0,0.0,2.0,2.0,0.0
1712079,0.0,0.0,0.0,0.0,2.0,0.0,0.0
1712117,0.0,0.0,0.0,0.0,0.0,0.0,0.0
1713552,0.0,0.0,0.0,0.0,1.0,0.0,0.0
1713557,0.0,0.0,0.0,0.0,1.0,1.0,0.0
1714052,0.0,0.0,0.0,0.0,0.0,1.0,0.0
1714057,0.0,0.0,0.0,0.0,0.0,0.0,0.0
1715678,0.0,0.0,0.0,0.0,0.0,1.0,0.0
1716178,0.0,0.0,0.0,0.0,0.0,0.0,0.0
1722821,0.0,0.0,0.0,0.0,0.0,1.0,0.0
1723321,0.0,0.0,0.0,0.0,0.0,0.0,0.0
1723862,0.0,0.0,0.0,0.0,0.0,1.0,0.0
1724362,0.0,0.0,0.0,0.0,0.0,0.0,0.0
1725836,0.0,0.0,0.0,0.0,0.0,1.0,0.0
1726336,0.0,0.0,0.0,0.0,0.0,0.0,0.0
1727135,0.0,0.0,0.0,0.0,1.0,0.0,0.0
1727635,0.0,0.0,0.0,0.0,0.0,0.0,0.0
1733582,0.0,0.0,0.0,0.0,0.0,1.0,0.0
1733780,0.0,0.0,0.0,0.0,0.0,2.0,0.0
1734280,0.0,0.0,0.0,0.0,0.0,0.0,0.0
1742914,0.0,0.0,0.0,0.0,0.0,1.0,0.0
1742917,0.0,0.0,0.0,0.0,0.0,2.0,0.0
1743417,0.0,0.0,0.0,0.0,0.0,0.0,0.0
1744569,0.0,0.0,0.0,0.0,0.0,1.0,0.0
1745069,0.0,0.0,0.0,0.0,0.0,0.0,0.0
1750165,0.0,0.0,0.0,0.0,0.0,1.0,0.0
1750665,0.0,0.0,0.0,0.0,0.0,0.0,0.0
1753496,0.0,0.0,0.0,0.0,0.0,1.0,0.0
1753996,0.0,0.0,0.0,0.0,0.0,0.0,0.0
1754516,0.0,0.0,0.0,0.0,0.0,1.0,0.0
1754523,0.0,0.0,0.0,0.0,0.0,2.0,0.0
1755023,0.0,0.0,0.0,0.0,0.0,0.0,0.0
1756767,0.0,0.0,0.0,0.0,0.0,1.0,0.0
1757267,0.0,0.0,0.0,0.0,0.0,0.0,0.0
1757906,0.0,0.0,0.0,0.0,0.0,1.0,0.0
1758043,0.0,2.0,0.0,0.0,0.0,1.0,0.0
1758406,0.0,2.0,0.0,0.0,0.0,0.0,0.0
1758543,0.0,0.0,0.0,0.0,0.0,0.0,0.0
1759727,0.0,0.0,0.0,0.0,0.0,1.0,0.0
1760227,0.0,0.0,0.0,0.0,0.0,0.0,0.0
1761813,0.0,0.0,0.0,0.0,0.0,1.0,0.0
1762313,0.0,0.0,0.0,0.0,0.0,0.0,0.0
1762396,0.0,0.0,0.0,0.0,0.0,1.0,0.0
1762896,0.0,0.0,0.0,0.0,0.0,0.0,0.0
1764919,0.0,0.0,0.0,0.0,0.0,1.0,0.0
1764927,0.0,0.0,0.0,0.0,0.0,2.0,0.0
1765427,0.0,0.0,0.0,0.0,0.0,0.0,0.0
1766276,0.0,0.0,0.0,0.0,0.0,1.0,0.0
1766776,0.0,0.0,0.0,0.0,0.0,0.0,0.0
1773411,0.0,0.0,0.0,0.0,0.0,1.0,0.0
1773911,0.0,0.0,0.0,0.0,0.0,0.0,0.0
1774572,0.0,0.0,0.0,0.0,0.0,1.0,0.0
1775072,0.0,0.0,0.0,0.0,0.0,0.0,0.0
1776548,0.0,0.0,0.0,0.0,0.0,1.0,0.0
1777048,0.0,0.0,0.0,0.0,0.0,0.0,0.0
1778519,0.0,0.0,0.0,0.0,0.0,1.0,0.0
1779019,0.0,0.0,0.0,0.0,0.0,0.0,0.0
1779491,0.0,0.0,0.0,0.0,0.0,1.0,0.0
1779991,0.0,0.0,0.0,0.0,0.0,0.0,0.0
1781018,0.0,0.0,0.0,0.0,0.0,1.0,0.0
1781518,0.0,0.0,0.0,0.0,0.0,0.0,0.0
1781602,0.0,0.0,0.0,0.0,0.0,1.0,0.0
1782102,0.0,0.0,0.0,0.0,0.0,0.0,0.0
1784485,0.0,0.0,0.0,0.0,0.0,1.0,0.0
1784985,0.0,0.0,0.0,0.0,0.0,0.0,0.0
1785573,0.0,0.0,0.0,0.0,0.0,1.0,0.0
1785574,0.0,0.0,0.0,0.0,0.0,2.0,0.0
1786074,0.0,0.0,0.0,0.0,0.0,0.0,0.0
1790503,0.0,0.0,0.0,0.0,0.0,1.0,0.0
1790681,0.0,0.0,0.0,0.0,0.0,2.0,0.0
1791181,0.0,0.0,0.0,0.0,0.0,0.0,0.0
1792792,0.0,0.0,0.0,0.0,0.0,1.0,0.0
1793292,0.0,0.0,0.0,0.0,0.0,0.0,0.0
1794261,0.0,0.0,0.0,0.0,0.0,1.0,0.0
1794761,0.0,0.0,0.0,0.0,0.0,0.0,0.0
1796840,0.0,0.0,0.0,0.0,0.0,1.0,0.0
1796848,0.0,0.0,0.0,0.0,0.0,2.0,0.0
1797348,0.0,0.0,0.0,0.0,0.0,0.0,0.0
1798190,0.0,0.0,0.0,0.0,0.0,1.0,0.0
1798690,0.0,0.0,0.0,0.0,0.0,0.0,0.0
1799397,0.0,0.0,0.0,0.0,0.0,1.0,0.0
1799897,0.0,0.0,0.0,0.0,0.0,0.0,0.0
1800000,0.0,0.0,0.0,0.0,0.0,0.0,1.0
1800211,0.0,0.0,0.0,0.0,0.0,1.0,1.0
1800421,0.0,2.0,0.0,0.0,0.0,1.0,1.0
1800500,0.0,2.0,0.0,0.0,0.0,1.0,0.0
1800711,0.0,2.0,0.0,0.0,0.0,0.0,0.0
1800921,0.0,0.0,0.0,0.0,0.0,0.0,0.0
1800941,0.0,0.0,0.0,0.0,0.0,1.0,0.0
1800943,0.0,0.0,0.0,0.0,0.0,2.0,0.0
1801443,0.0,0.0,0.0,0.0,0.0,0.0,0.0
1801892,0.0,0.0,0.0,0.0,1.0,0.0,0.0
1801898,0.0,0.0,0.0,0.0,1.0,1.0,0.0
1802175,2.0,0.0,0.0,0.0,1.0,1.0,0.0
1802348,2.0,0.0,0.0,0.0,2.0,1.0,0.0
1802398,2.0,0.0,0.0,0.0,2.0,0.0,0.0
1802482,2.0,0.0,0.0,0.0,2.0,1.0,0.0
1802675,0.0,0.0,0.0,0.0,2.0,1.0,0.0
1802848,0.0,0.0,0.0,0.0,0.0,1.0,0.0
1802982,0.0,0.0,0.0,0.0,0.0,0.0,0.0
1803379,0.0,0.0,0.0,0.0,0.0,1.0,0.0
1803879,0.0,0.0,0.0,0.0,0.0,0.0,0.0
1803987,0.0,0.0,0.0,0.0,0.0,1.0,0.0
1804141,0.0,0.0,0.0,0.0,0.0,2.0,0.0
1804142,0.0,0.0,0.0,0.0,1.0,2.0,0.0
1804641,0.0,0.0,0.0,0.0,1.0,0.0,0.0
1804642,0.0,0.0,0.0,0.0,0.0,0.0,0.0
1805695,0.0,0.0,0.0,0.0,0.0,1.0,0.0
1805983,2.0,0.0,0.0,0.0,0.0,1.0,0.0
1806195,2.0,0.0,0.0,0.0,0.0,0.0,0.0
1806471,2.0,0.0,0.0,0.0,0.0,1.0,0.0
1806483,0.0,0.0,0.0,0.0,0.0,1.0,0.0
1806875,0.0,0.0,1.0,0.0,0.0,1.0,0.0
1806971,0.0,0.0,1.0,0.0,0.0,0.0,0.0
1807321,0.0,0.0,1.0,0.0,0.0,1.0,0.0
1807553,0.0,0.0,1.0,0.0,0.0,2.0,0.0
1808053,0.0,0.0,1.0,0.0,0.0,0.0,0.0
1808378,0.0,0.0,1.0,0.0,0.0,1.0,0.0
1808823,0.0,0.0,1.0,0.0,0.0,2.0,0.0
1809323,0.0,0.0,1.0,0.0,0.0,0.0,0.0
1810266,0.0,0.0,1.0,0.0,0.0,1.0,0.0
1810303,2.0,0.0,1.0,0.0,0.0,1.0,0.0
1810766,2.0,0.0,1.0,0.0,0.0,0.0,0.0
1810803,0.0,0.0,1.0,0.0,0.0,0.0,0.0
1811474,0.0,2.0,1.0,0.0,0.0,1.0,0.0
1811974,0.0,0.0,1.0,0.0,0.0,0.0,0.0
1812357,0.0,0.0,2.0,0.0,0.0,0.0,0.0
1812857,0.0,0.0,0.0,0.0,0.0,0.0,0.0
1814778,0.0,0.0,0.0,0.0,0.0,1.0,0.0
1815278,0.0,0.0,0.0,0.0,0.0,0.0,0.0
1815574,0.0,0.0,0.0,0.0,0.0,1.0,0.0
1815817,0.0,0.0,0.0,0.0,0.0,2.0,0.0
1816317,0.0,0.0,0.0,0.0,0.0,0.0,0.0
1816421,0.0,0.0,0.0,0.0,0.0,1.0,0.0
1816921,0.0,0.0,0.0,0.0,0.0,0.0,0.0
1817245,0.0,0.0,0.0,0.0,0.0,1.0,0.0
1817295,0.0,0.0,0.0,0.0,0.0,2.0,0.0
1817795,0.0,0.0,0.0,0.0,0.0,0.0,0.0
1818836,0.0,0.0,0.0,0.0,0.0,1.0,0.0
1818883,0.0,0.0,0.0,0.0,1.0,1.0,0.0
1819336,0.0,0.0,0.0,0.0,1.0,0.0,0.0
1819383,0.0,0.0,0.0,0.0,0.0,0.0,0.0
1821783,0.0,0.0,0.0,0.0,0.0,1.0,0.0
1822283,0.0,0.0,0.0,0.0,0.0,0.0,0.0
1823086,0.0,0.0,0.0,0.0,0.0,1.0,0.0
1823586,0.0,0.0,0.0,0.0,0.0,0.0,0.0
1823949,0.0,0.0,0.0,0.0,0.0,1.0,0.0
1824449,0.0,0.0,0.0,0.0,0.0,0.0,0.0
1824592,0.0,0.0,0.0,0.0,0.0,1.0,0.0
1825092,0.0,0.0,0.0,0.0,0.0,0.0,0.0
1825945,0.0,0.0,0.0,0.0,0.0,1.0,0.0
1825949,0.0,0.0,0.0,0.0,0.0,2.0,0.0
1826449,0.0,0.0,0.0,0.0,0.0,0.0,0.0
1828268,0.0,0.0,0.0,0.0,0.0,1.0,0.0
1828768,0.0,0.0,0.0,0.0,0.0,0.0,0.0
1829207,0.0,0.0,0.0,0.0,0.0,1.0,0.0
1829707,0.0,0.0,0.0,0.0,0.0,0.0,0.0
1829731,0.0,0.0,0.0,0.0,0.0,1.0,0.0
1830231,0.0,0.0,0.0,0.0,0.0,0.0,0.0
1830933,0.0,0.0,0.0,0.0,0.0,1.0,0.0
1831433,0.0,0.0,0.0,0.0,0.0,0.0,0.0
1831782,0.0,0.0,0.0,0.0,0.0,1.0,0.0
1831923,0.0,2.0,0.0,0.0,0.0,1.0,0.0
1832282,0.0,2.0,0.0,0.0,0.0,0.0,0.0
1832423,0.0,0.0,0.0,0.0,0.0,0.0,0.0
1833435,0.0,0.0,0.0,0.0,0.0,1.0,0.0
1833647,0.0,0.0,0.0,0.0,0.0,2.0,0.0
1834147,0.0,0.0,0.0,0.0,0.0,0.0,0.0
1835158,0.0,2.0,0.0,0.0,0.0,0.0,0.0
1835658,0.0,0.0,0.0,0.0,0.0,0.0,0.0
1836698,0.0,0.0,0.0,0.0,0.0,1.0,0.0
1837198,0.0,0.0,0.0,0.0,0.0,0.0,0.0
1837203,0.0,0.0,0.0,0.0,0.0,1.0,0.0
1837703,0.0,0.0,0.0,0.0,0.0,0.0,0.0
1838318,0.0,0.0,0.0,0.0,0.0,1.0,0.0
1838818,0.0,0.0,0.0,0.0,0.0,0.0,0.0
1838874,0.0,0.0,0.0,0.0,0.0,1.0,0.0
1839374,0.0,0.0,0.0,0.0,0.0,0.0,0.0
1840810,0.0,0.0,0.0,0.0,0.0,1.0,0.0
1841310,0.0,0.0,0.0,0.0,0.0,0.0,0.0
1841719,0.0,0.0,0.0,0.0,0.0,1.0,0.0
1841727,0.0,0.0,0.0,0.0,0.0,2.0,0.0
1842227,0.0,0.0,0.0,0.0,0.0,0.0,0.0
1843684,0.0,0.0,0.0,0.0,0.0,1.0,0.0
1844184,0.0,0.0,0.0,0.0,0.0,0.0,0.0
1845575,0.0,0.0,0.0,0.0,0.0,1.0,0.0
1846075,0.0,0.0,0.0,0.0,0.0,0.0,0.0
1846513,0.0,0.0,0.0,0.0,0.0,1.0,0.0
1847013,0.0,0.0,0.0,0.0,0.0,0.0,0.0
1847255,0.0,0.0,0.0,0.0,0.0,1.0,0.0
1847755,0.0,0.0,0.0,0.0,0.0,0.0,0.0
1848272,0.0,0.0,0.0,0.0,0.0,1.0,0.0
1848772,0.0,0.0,0.0,0.0,0.0,0.0,0.0
1849031,0.0,0.0,0.0,0.0,0.0,1.0,0.0
1849531,0.0,0.0,0.0,0.0,0.0,0.0,0.0
1849788,0.0,0.0,0.0,0.0,0.0,1.0,0.0
1850288,0.0,0.0,0.0,0.0,0.0,0.0,0.0
1850520,0.0,0.0,0.0,0.0,0.0,1.0,0.0
1850534,0.0,2.0,0.0,0.0,0.0,1.0,0.0
1851020,0.0,2.0,0.0,0.0,0.0,0.0,0.0
1851034,0.0,0.0,0.0,0.0,0.0,0.0,0.0
1851042,0.0,0.0,0.0,0.0,0.0,1.0,0.0
1851043,0.0,0.0,0.0,0.0,0.0,2.0,0.0
1851543,0.0,0.0,0.0,0.0,0.0,0.0,0.0
1852041,0.0,2.0,0.0,0.0,0.0,1.0,0.0
1852541,0.0,0.0,0.0,0.0,0.0,0.0,0.0
1853003,0.0,0.0,0.0,0.0,0.0,1.0,0.0
1853503,0.0,0.0,0.0,0.0,0.0,0.0,0.0
1853641,0.0,0.0,0.0,0.0,0.0,1.0,0.0
1853646,0.0,0.0,0.0,0.0,0.0,2.0,0.0
1854146,0.0,0.0,0.0,0.0,0.0,0.0,0.0
1854623,0.0,0.0,0.0,0.0,0.0,1.0,0.0
1854625,0.0,0.0,0.0,0.0,0.0,2.0,0.0
1855125,0.0,0.0,0.0,0.0,0.0,0.0,0.0
1855954,0.0,0.0,0.0,0.0,0.0,1.0,0.0
1856454,0.0,0.0,0.0,0.0,0.0,0.0,0.0
1859691,0.0,0.0,0.0,0.0,0.0,1.0,0.0
1860191,0.0,0.0,0.0,0.0,0.0,0.0,0.0
1860473,0.0,0.0,0.0,0.0,0.0,1.0,0.0
1860973,0.0,0.0,0.0,0.0,0.0,0.0,0.0
1861769,0.0,0.0,0.0,0.0,0.0,1.0,0.0
1861989,0.0,0.0,0.0,0.0,0.0,2.0,0.0
1862489,0.0,0.0,0.0,0.0,0.0,0.0,0.0
1864722,0.0,0.0,0.0,0.0,0.0,1.0,0.0
1865222,0.0,0.0,0.0,0.0,0.0,0.0,0.0
1867124,0.0,0.0,0.0,0.0,0.0,1.0,0.0
1867614,0.0,0.0,0.0,0.0,0.0,2.0,0.0
1868114,0.0,0.0,0.0,0.0,0.0,0.0,0.0
1868147,0.0,0.0,0.0,0.0,0.0,1.0,0.0
1868537,0.0,0.0,0.0,0.0,0.0,2.0,0.0
1868849,0.0,2.0,0.0,0.0,0.0,2.0,0.0
1869037,0.0,2.0,0.0,0.0,0.0,0.0,0.0
1869349,0.0,0.0,0.0,0.0,0.0,0.0,0.0
1870063,0.0,0.0,0.0,0.0,0.0,1.0,0.0
1870563,0.0,0.0,0.0,0.0,0.0,0.0,0.0
1871099,0.0,0.0,0.0,0.0,0.0,1.0,0.0
1871599,0.0,0.0,0.0,0.0,0.0,0.0,0.0
1871620,0.0,0.0,0.0,0.0,0.0,1.0,0.0
1872120,0.0,0.0,0.0,0.0,0.0,0.0,0.0
1872748,0.0,0.0,0.0,0.0,0.0,1.0,0.0
1873248,0.0,0.0,0.0,0.0,0.0,0.0,0.0
1874430,0.0,0.0,0.0,0.0,0.0,1.0,0.0
1874930,0.0,0.0,0.0,0.0,0.0,0.0,0.0
1875275,0.0,0.0,0.0,0.0,0.0,1.0,0.0
1875775,0.0,0.0,0.0,0.0,0.0,0.0,0.0
1876531,0.0,0.0,0.0,0.0,0.0,1.0,0.0
1877031,0.0,0.0,0.0,0.0,0.0,0.0,0.0
1878363,0.0,0.0,0.0,0.0,0.0,1.0,0.0
1878863,0.0,0.0,0.0,0.0,0.0,0.0,0.0
1879274,0.0,0.0,0.0,0.0,0.0,1.0,0.0
1879774,0.0,0.0,0.0,0.0,0.0,0.0,0.0
1879930,0.0,0.0,0.0,0.0,0.0,1.0,0.0
1879934,0.0,0.0,0.0,0.0,0.0,2.0,0.0
1880434,0.0,0.0,0.0,0.0,0.0,0.0,0.0
1881494,0.0,0.0,0.0,0.0,0.0,1.0,0.0
1881495,0.0,2.0,0.0,0.0,0.0,1.0,0.0
1881496,0.0,2.0,0.0,0.0,0.0,2.0,0.0
1881995,0.0,0.0,0.0,0.0,0.0,2.0,0.0
1881996,0.0,0.0,0.0,0.0,0.0,0.0,0.0
1884317,0.0,0.0,0.0,0.0,0.0,1.0,0.0
1884324,0.0,0.0,0.0,0.0,0.0,2.0,0.0
1884824,0.0,0.0,0.0,0.0,0.0,0.0,0.0
1885960,0.0,0.0,0.0,0.0,0.0,1.0,0.0
1886460,0.0,0.0,0.0,0.0,0.0,0.0,0.0
1886962,0.0,0.0,0.0,0.0,0.0,1.0,0.0
1887462,0.0,0.0,0.0,0.0,0.0,0.0,0.0
1888649,0.0,0.0,0.0,0.0,0.0,1.0,0.0
1888924,0.0,0.0,0.0,0.0,0.0,2.0,0.0
1889424,0.0,0.0,0.0,0.0,0.0,0.0,0.0
1889517,0.0,0.0,0.0,0.0,1.0,0.0,0.0
1889523,0.0,0.0,0.0,0.0,2.0,1.0,0.0
1889525,0.0,0.0,0.0,0.0,2.0,2.0,0.0
1890023,0.0,0.0,0.0,0.0,0.0,2.0,0.0
1890025,0.0,0.0,0.0,0.0,0.0,0.0,0.0
1890239,0.0,0.0,0.0,0.0,0.0,1.0,0.0
1890739,0.0,0.0,0.0,0.0,0.0,0.0,0.0
1891502,0.0,0.0,0.0,0.0,0.0,1.0,0.0
1892002,0.0,0.0,0.0,0.0,0.0,0.0,0.0
1893463,0.0,0.0,0.0,0.0,0.0,1.0,0.0
1893963,0.0,0.0,0.0,0.0,0.0,0.0,0.0
1894138,0.0,0.0,0.0,0.0,0.0,1.0,0.0
1894638,0.0,0.0,0.0,0.0,0.0,0.0,0.0
1895840,0.0,0.0,0.0,0.0,0.0,1.0,0.0
1895842,0.0,0.0,0.0,0.0,0.0,2.0,0.0
1896342,0.0,0.0,0.0,0.0,0.0,0.0,0.0
1896533,0.0,0.0,0.0,0.0,0.0,1.0,0.0
1897033,0.0,0.0,0.0,0.0,0.0,0.0,0.0
1898715,0.0,0.0,0.0,0.0,0.0,1.0,0.0
1898716,0.0,0.0,0.0,0.0,0.0,2.0,0.0
1899216,0.0,0.0,0.0,0.0,0.0,0.0,0.0
1899820,0.0,0.0,0.0,0.0,0.0,1.0,0.0
1900320,0.0,0.0,0.0,0.0,0.0,0.0,0.0
1901105,0.0,0.0,0.0,0.0,0.0,1.0,0.0
1901605,0.0,0.0,0.0,0.0,0.0,0.0,0.0
1903969,0.0,0.0,0.0,0.0,0.0,1.0,0.0
1904469,0.0,0.0,0.0,0.0,0.0,0.0,0.0
1907291,0.0,0.0,0.0,0.0,0.0,1.0,0.0
1907791,0.0,0.0,0.0,0.0,0.0,0.0,0.0
1909431,0.0,0.0,0.0,0.0,0.0,1.0,0.0
1909931,0.0,0.0,0.0,0.0,0.0,0.0,0.0
1910317,0.0,0.0,0.0,0.0,0.0,1.0,0.0
1910319,0.0,0.0,0.0,0.0,0.0,2.0,0.0
1910819,0.0,0.0,0.0,0.0,0.0,0.0,0.0
1911318,0.0,0.0,0.0,0.0,0.0,1.0,0.0
1911818,0.0,0.0,0.0,0.0,0.0,0.0,0.0
1911996,0.0,0.0,0.0,0.0,0.0,1.0,0.0
1912496,0.0,0.0,0.0,0.0,0.0,0.0,0.0
1913668,0.0,0.0,0.0,0.0,0.0,1.0,0.0
1914168,0.0,0.0,0.0,0.0,0.0,0.0,0.0
1915014,0.0,0.0,0.0,0.0,0.0,1.0,0.0
1915514,0.0,0.0,0.0,0.0,0.0,0.0,0.0
1915522,0.0,0.0,0.0,0.0,0.0,1.0,0.0
1916022,0.0,0.0,0.0,0.0,0.0,0.0,0.0
1916558,0.0,0.0,0.0,0.0,0.0,1.0,0.0
1916570,0.0,0.0,0.0,0.0,0.0,2.0,0.0
1917070,0.0,0.0,0.0,0.0,0.0,0.0,0.0
1918514,0.0,0.0,0.0,0.0,0.0,1.0,0.0
1919014,0.0,0.0,0.0,0.0,0.0,0.0,0.0
1919115,0.0,0.0,0.0,0.0,0.0,1.0,0.0
1919615,0.0,0.0,0.0,0.0,0.0,0.0,0.0
1924993,0.0,0.0,0.0,0.0,1.0,0.0,0.0
1925025,0.0,0.0,0.0,0.0,1.0,1.0,0.0
1925493,0.0,0.0,0.0,0.0,0.0,1.0,0.0
1925525,0.0,0.0,0.0,0.0,0.0,0.0,0.0
1925569,0.0,0.0,0.0,0.0,0.0,1.0,0.0
1926069,0.0,0.0,0.0,0.0,0.0,0.0,0.0
1926142,0.0,0.0,0.0,0.0,1.0,0.0,0.0
1926200,0.0,0.0,0.0,0.0,1.0,1.0,0.0
1926642,0.0,0.0,0.0,0.0,0.0,1.0,0.0
1926700,0.0,0.0,0.0,0.0,0.0,0.0,0.0
1927116,0.0,0.0,0.0,0.0,0.0,1.0,0.0
1927496,0.0,0.0,0.0,0.0,0.0,2.0,0.0
1927996,0.0,0.0,0.0,0.0,0.0,0.0,0.0
1929315,0.0,0.0,0.0,0.0,0.0,1.0,0.0
1929815,0.0,0.0,0.0,0.0,0.0,0.0,0.0
1930494,0.0,0.0,0.0,0.0,0.0,1.0,0.0
1930994,0.0,0.0,0.0,0.0,0.0,0.0,0.0
1932348,0.0,0.0,0.0,0.0,0.0,1.0,0.0
1932848,0.0,0.0,0.0,0.0,0.0,0.0,0.0
1934368,0.0,0.0,0.0,0.0,0.0,1.0,0.0
1934868,0.0,0.0,0.0,0.0,0.0,0.0,0.0
1935632,0.0,0.0,0.0,0.0,0.0,1.0,0.0
1936132,0.0,0.0,0.0,0.0,0.0,0.0,0.0
1936942,0.0,0.0,0.0,0.0,0.0,1.0,0.0
1937442,0.0,0.0,0.0,0.0,0.0,0.0,0.0
1938223,0.0,0.0,0.0,0.0,0.0,1.0,0.0
1938723,0.0,0.0,0.0,0.0,0.0,0.0,0.0
1939281,0.0,0.0,0.0,0.0,0.0,1.0,0.0
1939781,0.0,0.0,0.0,0.0,0.0,0.0,0.0
1939895,0.0,0.0,0.0,0.0,0.0,1.0,0.0
1940395,0.0,0.0,0.0,0.0,0.0,0.0,0.0
1941240,0.0,0.0,0.0,0.0,0.0,1.0,0.0
1941327,0.0,0.0,0.0,0.0,0.0,2.0,0.0
1941827,0.0,0.0,0.0,0.0,0.0,0.0,0.0
1942016,0.0,0.0,0.0,0.0,0.0,1.0,0.0
1942032,0.0,0.0,0.0,0.0,0.0,2.0,0.0
1942532,0.0,0.0,0.0,0.0,0.0,0.0,0.0
1942721,0.0,0.0,0.0,0.0,0.0,1.0,0.0
1943221,0.0,0.0,0.0,0.0,0.0,0.0,0.0
1944082,0.0,0.0,0.0,0.0,0.0,1.0,0.0
1944582,0.0,0.0,0.0,0.0,0.0,0.0,0.0
1950368,0.0,0.0,0.0,0.0,0.0,1.0,0.0
1950868,0.0,0.0,0.0,0.0,0.0,0.0,0.0
1950889,0.0,0.0,0.0,0.0,0.0,1.0,0.0
1951389,0.0,0.0,0.0,0.0,0.0,0.0,0.0
1952019,0.0,0.0,0.0,0.0,0.0,1.0,0.0
1952519,0.0,0.0,0.0,0.0,0.0,0.0,0.0
1952976,0.0,0.0,0.0,0.0,0.0,1.0,0.0
1953476,0.0,0.0,0.0,0.0,0.0,0.0,0.0
1953485,0.0,0.0,0.0,0.0,0.0,1.0,0.0
1953985,0.0,0.0,0.0,0.0,0.0,0.0,0.0
1954048,0.0,0.0,0.0,0.0,0.0,1.0,0.0
1954050,0.0,0.0,0.0,0.0,0.0,2.0,0.0
1954550,0.0,0.0,0.0,0.0,0.0,0.0,0.0
1955732,0.0,0.0,0.0,0.0,0.0,1.0,0.0
1956232,0.0,0.0,0.0,0.0,0.0,0.0,0.0
1956422,0.0,0.0,0.0,0.0,0.0,1.0,0.0
1956922,0.0,0.0,0.0,0.0,0.0,0.0,0.0
1957258,0.0,0.0,0.0,0.0,0.0,1.0,0.0
1957758,0.0,0.0,0.0,0.0,0.0,0.0,0.0
1958747,0.0,0.0,0.0,0.0,0.0,1.0,0.0
1959247,0.0,0.0,0.0,0.0,0.0,0.0,0.0
1962052,0.0,0.0,0.0,0.0,0.0,1.0,0.0
1962552,0.0,0.0,0.0,0.0,0.0,0.0,0.0
1962962,0.0,0.0,0.0,0.0,0.0,1.0,0.0
1963201,0.0,0.0,0.0,0.0,0.0,2.0,0.0
1963701,0.0,0.0,0.0,0.0,0.0,0.0,0.0
1965398,0.0,0.0,0.0,0.0,0.0,1.0,0.0
1965400,0.0,0.0,0.0,0.0,0.0,2.0,0.0
1965900,0.0,0.0,0.0,0.0,0.0,0.0,0.0
1968406,0.0,0.0,0.0,0.0,0.0,1.0,0.0
1968906,0.0,0.0,0.0,0.0,0.0,0.0,0.0
1971346,0.0,0.0,0.0,0.0,0.0,1.0,0.0
1971846,0.0,0.0,0.0,0.0,0.0,0.0,0.0
1972562,0.0,0.0,0.0,0.0,0.0,1.0,0.0
1972564,0.0,0.0,0.0,0.0,0.0,2.0,0.0
1972959,2.0,0.0,0.0,0.0,0.0,2.0,0.0
1973064,2.0,0.0,0.0,0.0,0.0,0.0,0.0
1973459,0.0,0.0,0.0,0.0,0.0,0.0,0.0
1974659,0.0,0.0,0.0,0.0,0.0,1.0,0.0
1975159,0.0,0.0,0.0,0.0,0.0,0.0,0.0
1975638,0.0,0.0,0.0,0.0,0.0,1.0,0.0
1975639,0.0,0.0,0.0,0.0,0.0,2.0,0.0
1976139,0.0,0.0,0.0,0.0,0.0,0.0,0.0
1976282,0.0,0.0,0.0,0.0,0.0,1.0,0.0
1976782,0.0,0.0,0.0,0.0,0.0,0.0,0.0
1977196,0.0,0.0,0.0,0.0,0.0,1.0,0.0
1977696,0.0,0.0,0.0,0.0,0.0,0.0,0.0
1978013,0.0,0.0,0.0,0.0,0.0,1.0,0.0
1978513,0.0,0.0,0.0,0.0,0.0,0.0,0.0
1980576,0.0,0.0,0.0,0.0,0.0,1.0,0.0
1981076,0.0,0.0,0.0,0.0,0.0,0.0,0.0
1982095,0.0,0.0,0.0,0.0,0.0,1.0,0.0
1982595,0.0,0.0,0.0,0.0,0.0,0.0,0.0
1983751,0.0,0.0,0.0,0.0,0.0,1.0,0.0
1984251,0.0,0.0,0.0,0.0,0.0,0.0,0.0
1984615,0.0,0.0,0.0,0.0,0.0,1.0,0.0
1985115,0.0,0.0,0.0,0.0,0.0,0.0,0.0
1986883,0.0,0.0,0.0,0.0,0.0,1.0,0.0
1987383,0.0,0.0,0.0,0.0,0.0,0.0,0.0
1988553,0.0,0.0,0.0,0.0,0.0,1.0,0.0
1988555,0.0,0.0,0.0,0.0,0.0,2.0,0.0
1988557,0.0,0.0,0.0,0.0,1.0,2.0,0.0
1989055,0.0,0.0,0.0,0.0,1.0,0.0,0.0
1989057,0.0,0.0,0.0,0.0,0.0,0.0,0.0
1989115,0.0,0.0,0.0,0.0,0.0,1.0,0.0
1989615,0.0,0.0,0.0,0.0,0.0,0.0,0.0
1992941,0.0,0.0,0.0,0.0,0.0,1.0,0.0
1993441,0.0,0.0,0.0,0.0,0.0,0.0,0.0
1994659,0.0,0.0,0.0,0.0,0.0,1.0,0.0
1995159,0.0,0.0,0.0,0.0,0.0,0.0,0.0
1995214,0.0,0.0,0.0,0.0,0.0,1.0,0.0
1995714,0.0,0.0,0.0,0.0,0.0,0.0,0.0
1996637,0.0,0.0,0.0,0.0,1.0,0.0,0.0
1997137,0.0,0.0,0.0,0.0,0.0,0.0,0.0
1998888,0.0,0.0,0.0,0.0,0.0,1.0,0.0
1999388,0.0,0.0,0.0,0.0,0.0,0.0,0.0
2000000,0.0,0.0,0.0,0.0,0.0,0.0,1.0
2000002,0.0,0.0,0.0,0.0,0.0,1.0,1.0
2000296,0.0,0.0,0.0,0.0,0.0,2.0,1.0
