,ADWIN,CUSUM,DDM,GeometricMovingAverage,HDDMAverage,HDDMWeighted,Ground-truth
360,0.0,0.0,1.0,0.0,0.0,0.0,0.0
1360,0.0,0.0,0.0,0.0,0.0,0.0,0.0
1592,0.0,0.0,0.0,0.0,0.0,1.0,0.0
2092,0.0,0.0,0.0,0.0,0.0,0.0,0.0
4070,0.0,0.0,0.0,0.0,0.0,1.0,0.0
4570,0.0,0.0,0.0,0.0,0.0,0.0,0.0
4573,0.0,0.0,0.0,0.0,0.0,1.0,0.0
5073,0.0,0.0,0.0,0.0,0.0,0.0,0.0
5173,0.0,0.0,0.0,0.0,0.0,1.0,0.0
5673,0.0,0.0,0.0,0.0,0.0,0.0,0.0
5804,0.0,0.0,0.0,0.0,0.0,1.0,0.0
6304,0.0,0.0,0.0,0.0,0.0,0.0,0.0
6473,0.0,0.0,0.0,0.0,0.0,1.0,0.0
6973,0.0,0.0,0.0,0.0,0.0,0.0,0.0
7284,0.0,0.0,0.0,0.0,0.0,1.0,0.0
7784,0.0,0.0,0.0,0.0,0.0,0.0,0.0
8034,0.0,0.0,0.0,0.0,0.0,1.0,0.0
8431,0.0,0.0,0.0,0.0,0.0,2.0,0.0
8931,0.0,0.0,0.0,0.0,0.0,0.0,0.0
9385,0.0,0.0,0.0,0.0,0.0,1.0,0.0
9885,0.0,0.0,0.0,0.0,0.0,0.0,0.0
10244,0.0,0.0,0.0,0.0,1.0,1.0,0.0
10744,0.0,0.0,0.0,0.0,0.0,0.0,0.0
10946,0.0,0.0,0.0,0.0,0.0,1.0,0.0
11446,0.0,0.0,0.0,0.0,0.0,0.0,0.0
13831,0.0,0.0,0.0,0.0,0.0,1.0,0.0
13838,0.0,0.0,0.0,0.0,0.0,2.0,0.0
14338,0.0,0.0,0.0,0.0,0.0,0.0,0.0
16795,0.0,0.0,0.0,0.0,0.0,1.0,0.0
17295,0.0,0.0,0.0,0.0,0.0,0.0,0.0
17606,0.0,0.0,0.0,0.0,0.0,1.0,0.0
18106,0.0,0.0,0.0,0.0,0.0,0.0,0.0
18476,0.0,0.0,0.0,0.0,0.0,1.0,0.0
18976,0.0,0.0,0.0,0.0,0.0,0.0,0.0
19090,0.0,0.0,0.0,0.0,0.0,1.0,0.0
19091,0.0,0.0,0.0,0.0,0.0,2.0,0.0
19591,0.0,0.0,0.0,0.0,0.0,0.0,0.0
21286,0.0,0.0,0.0,0.0,0.0,1.0,0.0
21786,0.0,0.0,0.0,0.0,0.0,0.0,0.0
22014,0.0,0.0,0.0,0.0,0.0,1.0,0.0
22020,0.0,0.0,0.0,0.0,0.0,2.0,0.0
22520,0.0,0.0,0.0,0.0,0.0,0.0,0.0
23540,0.0,0.0,0.0,0.0,0.0,1.0,0.0
24040,0.0,0.0,0.0,0.0,0.0,0.0,0.0
25753,0.0,0.0,0.0,0.0,0.0,1.0,0.0
26253,0.0,0.0,0.0,0.0,0.0,0.0,0.0
26981,0.0,0.0,0.0,0.0,0.0,1.0,0.0
26983,0.0,0.0,0.0,0.0,0.0,2.0,0.0
27483,0.0,0.0,0.0,0.0,0.0,0.0,0.0
27609,0.0,0.0,0.0,0.0,0.0,1.0,0.0
27613,0.0,0.0,0.0,0.0,0.0,2.0,0.0
28113,0.0,0.0,0.0,0.0,0.0,0.0,0.0
28464,0.0,0.0,0.0,0.0,0.0,1.0,0.0
28964,0.0,0.0,0.0,0.0,0.0,0.0,0.0
29280,0.0,0.0,0.0,0.0,0.0,1.0,0.0
29780,0.0,0.0,0.0,0.0,0.0,0.0,0.0
29943,0.0,0.0,0.0,0.0,0.0,1.0,0.0
30443,0.0,0.0,0.0,0.0,0.0,0.0,0.0
31283,0.0,0.0,0.0,0.0,0.0,1.0,0.0
31783,0.0,0.0,0.0,0.0,0.0,0.0,0.0
32414,0.0,0.0,0.0,0.0,0.0,1.0,0.0
32914,0.0,0.0,0.0,0.0,0.0,0.0,0.0
32950,0.0,0.0,0.0,0.0,0.0,1.0,0.0
32957,0.0,0.0,0.0,0.0,0.0,2.0,0.0
33457,0.0,0.0,0.0,0.0,0.0,0.0,0.0
34237,0.0,0.0,1.0,0.0,0.0,0.0,0.0
34737,0.0,0.0,0.0,0.0,0.0,0.0,0.0
35356,0.0,0.0,0.0,0.0,0.0,1.0,0.0
35856,0.0,0.0,0.0,0.0,0.0,0.0,0.0
35857,0.0,0.0,0.0,0.0,0.0,1.0,0.0
36105,0.0,0.0,0.0,0.0,0.0,2.0,0.0
36110,0.0,0.0,1.0,0.0,0.0,2.0,0.0
36605,0.0,0.0,1.0,0.0,0.0,0.0,0.0
36744,0.0,0.0,1.0,0.0,0.0,1.0,0.0
37244,0.0,0.0,1.0,0.0,0.0,0.0,0.0
38106,0.0,0.0,1.0,0.0,0.0,1.0,0.0
38402,0.0,2.0,1.0,0.0,0.0,1.0,0.0
38606,0.0,2.0,1.0,0.0,0.0,0.0,0.0
38902,0.0,0.0,1.0,0.0,0.0,0.0,0.0
39101,0.0,0.0,1.0,0.0,0.0,1.0,0.0
39601,0.0,0.0,1.0,0.0,0.0,0.0,0.0
40183,0.0,0.0,1.0,0.0,0.0,1.0,0.0
40540,0.0,0.0,1.0,0.0,0.0,2.0,0.0
41040,0.0,0.0,1.0,0.0,0.0,0.0,0.0
42218,0.0,0.0,1.0,0.0,0.0,1.0,0.0
42718,0.0,0.0,1.0,0.0,0.0,0.0,0.0
43190,0.0,0.0,1.0,0.0,0.0,1.0,0.0
43195,0.0,0.0,1.0,0.0,0.0,2.0,0.0
43695,0.0,0.0,1.0,0.0,0.0,0.0,0.0
45239,0.0,0.0,1.0,0.0,0.0,1.0,0.0
45694,0.0,0.0,1.0,0.0,0.0,2.0,0.0
46194,0.0,0.0,1.0,0.0,0.0,0.0,0.0
48214,0.0,0.0,1.0,0.0,0.0,1.0,0.0
48216,0.0,0.0,1.0,0.0,0.0,2.0,0.0
48716,0.0,0.0,1.0,0.0,0.0,0.0,0.0
50169,0.0,0.0,1.0,0.0,0.0,1.0,0.0
50669,0.0,0.0,1.0,0.0,0.0,0.0,0.0
50775,0.0,0.0,1.0,0.0,0.0,1.0,0.0
51275,0.0,0.0,1.0,0.0,0.0,0.0,0.0
51397,0.0,0.0,1.0,0.0,0.0,1.0,0.0
51897,0.0,0.0,1.0,0.0,0.0,0.0,0.0
52179,0.0,0.0,1.0,0.0,0.0,1.0,0.0
52372,0.0,0.0,1.0,0.0,0.0,2.0,0.0
52872,0.0,0.0,1.0,0.0,0.0,0.0,0.0
54308,0.0,0.0,1.0,0.0,0.0,1.0,0.0
54808,0.0,0.0,1.0,0.0,0.0,0.0,0.0
56546,0.0,0.0,1.0,0.0,0.0,1.0,0.0
57046,0.0,0.0,1.0,0.0,0.0,0.0,0.0
57189,0.0,0.0,1.0,0.0,0.0,1.0,0.0
57537,0.0,2.0,1.0,0.0,0.0,1.0,0.0
57689,0.0,2.0,1.0,0.0,0.0,0.0,0.0
58037,0.0,0.0,1.0,0.0,0.0,0.0,0.0
58520,0.0,0.0,1.0,0.0,0.0,1.0,0.0
59020,0.0,0.0,1.0,0.0,0.0,0.0,0.0
61024,0.0,0.0,1.0,0.0,0.0,1.0,0.0
61524,0.0,0.0,1.0,0.0,0.0,0.0,0.0
62170,0.0,0.0,1.0,0.0,0.0,1.0,0.0
62670,0.0,0.0,1.0,0.0,0.0,0.0,0.0
62820,0.0,0.0,1.0,0.0,0.0,1.0,0.0
63320,0.0,0.0,1.0,0.0,0.0,0.0,0.0
65839,0.0,0.0,1.0,0.0,0.0,1.0,0.0
65841,0.0,0.0,1.0,0.0,0.0,2.0,0.0
66341,0.0,0.0,1.0,0.0,0.0,0.0,0.0
67459,0.0,0.0,1.0,0.0,0.0,1.0,0.0
67959,0.0,0.0,1.0,0.0,0.0,0.0,0.0
68893,0.0,0.0,1.0,0.0,0.0,1.0,0.0
69393,0.0,0.0,1.0,0.0,0.0,0.0,0.0
70163,0.0,0.0,1.0,0.0,0.0,1.0,0.0
70660,0.0,0.0,1.0,0.0,0.0,2.0,0.0
71160,0.0,0.0,1.0,0.0,0.0,0.0,0.0
73863,0.0,0.0,1.0,0.0,0.0,1.0,0.0
74363,0.0,0.0,1.0,0.0,0.0,0.0,0.0
74877,0.0,0.0,1.0,0.0,0.0,1.0,0.0
75377,0.0,0.0,1.0,0.0,0.0,0.0,0.0
75657,0.0,0.0,1.0,0.0,0.0,1.0,0.0
76157,0.0,0.0,1.0,0.0,0.0,0.0,0.0
76496,0.0,0.0,1.0,0.0,0.0,1.0,0.0
76996,0.0,0.0,1.0,0.0,0.0,0.0,0.0
77229,0.0,0.0,1.0,0.0,0.0,1.0,0.0
77729,0.0,0.0,1.0,0.0,0.0,0.0,0.0
79741,0.0,0.0,1.0,0.0,0.0,1.0,0.0
80241,0.0,0.0,1.0,0.0,0.0,0.0,0.0
80390,0.0,0.0,1.0,0.0,0.0,1.0,0.0
80396,0.0,0.0,1.0,0.0,0.0,2.0,0.0
80896,0.0,0.0,1.0,0.0,0.0,0.0,0.0
80925,0.0,0.0,1.0,0.0,0.0,1.0,0.0
81425,0.0,0.0,1.0,0.0,0.0,0.0,0.0
82087,0.0,0.0,1.0,0.0,0.0,1.0,0.0
82587,0.0,0.0,1.0,0.0,0.0,0.0,0.0
83480,0.0,0.0,1.0,0.0,0.0,1.0,0.0
83980,0.0,0.0,1.0,0.0,0.0,0.0,0.0
84040,0.0,0.0,1.0,0.0,0.0,1.0,0.0
84050,0.0,0.0,1.0,0.0,0.0,2.0,0.0
84550,0.0,0.0,1.0,0.0,0.0,0.0,0.0
84810,0.0,0.0,1.0,0.0,0.0,1.0,0.0
85310,0.0,0.0,1.0,0.0,0.0,0.0,0.0
87861,0.0,0.0,1.0,0.0,0.0,1.0,0.0
88361,0.0,0.0,1.0,0.0,0.0,0.0,0.0
88568,0.0,0.0,1.0,0.0,0.0,1.0,0.0
89068,0.0,0.0,1.0,0.0,0.0,0.0,0.0
90255,0.0,0.0,1.0,0.0,1.0,1.0,0.0
90755,0.0,0.0,1.0,0.0,0.0,0.0,0.0
91878,0.0,0.0,1.0,0.0,0.0,1.0,0.0
92378,0.0,0.0,1.0,0.0,0.0,0.0,0.0
95117,0.0,0.0,1.0,0.0,0.0,1.0,0.0
95617,0.0,0.0,1.0,0.0,0.0,0.0,0.0
96403,0.0,0.0,1.0,0.0,0.0,1.0,0.0
96405,0.0,0.0,1.0,0.0,0.0,2.0,0.0
96905,0.0,0.0,1.0,0.0,0.0,0.0,0.0
99925,0.0,0.0,1.0,0.0,0.0,1.0,0.0
100425,0.0,0.0,1.0,0.0,0.0,0.0,0.0
103610,0.0,0.0,0.0,0.0,0.0,0.0,0.0
104118,0.0,0.0,0.0,0.0,0.0,1.0,0.0
104618,0.0,0.0,0.0,0.0,0.0,0.0,0.0
106143,0.0,0.0,0.0,0.0,0.0,1.0,0.0
106621,0.0,0.0,0.0,0.0,1.0,1.0,0.0
106643,0.0,0.0,0.0,0.0,1.0,0.0,0.0
107121,0.0,0.0,0.0,0.0,0.0,0.0,0.0
107648,0.0,0.0,0.0,0.0,0.0,1.0,0.0
107650,0.0,0.0,0.0,0.0,0.0,2.0,0.0
108150,0.0,0.0,0.0,0.0,0.0,0.0,0.0
109757,0.0,0.0,0.0,0.0,0.0,1.0,0.0
110257,0.0,0.0,0.0,0.0,0.0,0.0,0.0
111236,0.0,0.0,0.0,0.0,0.0,1.0,0.0
111736,0.0,0.0,0.0,0.0,0.0,0.0,0.0
112061,0.0,0.0,0.0,0.0,0.0,1.0,0.0
112561,0.0,0.0,0.0,0.0,0.0,0.0,0.0
113500,0.0,0.0,0.0,0.0,0.0,1.0,0.0
113729,0.0,0.0,0.0,0.0,1.0,1.0,0.0
114000,0.0,0.0,0.0,0.0,1.0,0.0,0.0
114229,0.0,0.0,0.0,0.0,0.0,0.0,0.0
119407,0.0,0.0,0.0,0.0,0.0,1.0,0.0
119907,0.0,0.0,0.0,0.0,0.0,0.0,0.0
121369,0.0,0.0,0.0,0.0,0.0,1.0,0.0
121869,0.0,0.0,0.0,0.0,0.0,0.0,0.0
122814,0.0,0.0,0.0,0.0,0.0,1.0,0.0
123314,0.0,0.0,0.0,0.0,0.0,0.0,0.0
128507,0.0,0.0,0.0,0.0,0.0,1.0,0.0
129007,0.0,0.0,0.0,0.0,0.0,0.0,0.0
130766,0.0,0.0,0.0,0.0,0.0,1.0,0.0
131266,0.0,0.0,0.0,0.0,0.0,0.0,0.0
133989,0.0,0.0,0.0,0.0,0.0,1.0,0.0
134489,0.0,0.0,0.0,0.0,0.0,0.0,0.0
135816,0.0,0.0,0.0,0.0,0.0,1.0,0.0
136316,0.0,0.0,0.0,0.0,0.0,0.0,0.0
136919,0.0,0.0,0.0,0.0,0.0,1.0,0.0
136921,0.0,0.0,0.0,0.0,0.0,2.0,0.0
137421,0.0,0.0,0.0,0.0,0.0,0.0,0.0
138041,0.0,0.0,0.0,0.0,0.0,1.0,0.0
138541,0.0,0.0,0.0,0.0,0.0,0.0,0.0
139689,0.0,0.0,0.0,0.0,0.0,1.0,0.0
140189,0.0,0.0,0.0,0.0,0.0,0.0,0.0
142513,0.0,0.0,0.0,0.0,0.0,1.0,0.0
143013,0.0,0.0,0.0,0.0,0.0,0.0,0.0
145535,0.0,0.0,0.0,0.0,0.0,1.0,0.0
146035,0.0,0.0,0.0,0.0,0.0,0.0,0.0
147765,0.0,0.0,0.0,0.0,0.0,1.0,0.0
148265,0.0,0.0,0.0,0.0,0.0,0.0,0.0
148540,0.0,0.0,0.0,0.0,0.0,1.0,0.0
149040,0.0,0.0,0.0,0.0,0.0,0.0,0.0
150704,0.0,0.0,0.0,0.0,0.0,1.0,0.0
151204,0.0,0.0,0.0,0.0,0.0,0.0,0.0
154572,0.0,0.0,0.0,0.0,0.0,1.0,0.0
155072,0.0,0.0,0.0,0.0,0.0,0.0,0.0
156522,0.0,0.0,0.0,0.0,0.0,1.0,0.0
157022,0.0,0.0,0.0,0.0,0.0,0.0,0.0
157928,0.0,0.0,0.0,0.0,0.0,1.0,0.0
157938,0.0,0.0,0.0,0.0,0.0,2.0,0.0
158438,0.0,0.0,0.0,0.0,0.0,0.0,0.0
162321,0.0,0.0,0.0,0.0,0.0,1.0,0.0
162821,0.0,0.0,0.0,0.0,0.0,0.0,0.0
166973,0.0,0.0,0.0,0.0,0.0,1.0,0.0
167473,0.0,0.0,0.0,0.0,0.0,0.0,0.0
168499,0.0,0.0,0.0,0.0,0.0,1.0,0.0
168999,0.0,0.0,0.0,0.0,0.0,0.0,0.0
170504,0.0,0.0,0.0,0.0,0.0,1.0,0.0
171004,0.0,0.0,0.0,0.0,0.0,0.0,0.0
174643,0.0,0.0,0.0,0.0,0.0,1.0,0.0
175143,0.0,0.0,0.0,0.0,0.0,0.0,0.0
175175,0.0,0.0,0.0,0.0,0.0,1.0,0.0
175675,0.0,0.0,0.0,0.0,0.0,0.0,0.0
175783,0.0,0.0,0.0,0.0,0.0,1.0,0.0
176283,0.0,0.0,0.0,0.0,0.0,0.0,0.0
178491,0.0,0.0,0.0,0.0,0.0,1.0,0.0
178991,0.0,0.0,0.0,0.0,0.0,0.0,0.0
181255,0.0,0.0,0.0,0.0,0.0,1.0,0.0
181755,0.0,0.0,0.0,0.0,0.0,0.0,0.0
182613,0.0,0.0,0.0,0.0,0.0,1.0,0.0
183113,0.0,0.0,0.0,0.0,0.0,0.0,0.0
183882,0.0,0.0,0.0,0.0,0.0,1.0,0.0
184382,0.0,0.0,0.0,0.0,0.0,0.0,0.0
186011,0.0,0.0,0.0,0.0,0.0,1.0,0.0
186511,0.0,0.0,0.0,0.0,0.0,0.0,0.0
187358,0.0,0.0,0.0,0.0,0.0,1.0,0.0
187858,0.0,0.0,0.0,0.0,0.0,0.0,0.0
190555,0.0,0.0,0.0,0.0,0.0,1.0,0.0
191055,0.0,0.0,0.0,0.0,0.0,0.0,0.0
191377,0.0,0.0,0.0,0.0,0.0,1.0,0.0
191634,0.0,0.0,0.0,0.0,0.0,2.0,0.0
192134,0.0,0.0,0.0,0.0,0.0,0.0,0.0
192897,0.0,0.0,0.0,0.0,0.0,1.0,0.0
193397,0.0,0.0,0.0,0.0,0.0,0.0,0.0
194612,0.0,0.0,0.0,0.0,0.0,1.0,0.0
195112,0.0,0.0,0.0,0.0,0.0,0.0,0.0
195384,0.0,0.0,0.0,0.0,0.0,1.0,0.0
195884,0.0,0.0,0.0,0.0,0.0,0.0,0.0
198812,0.0,0.0,0.0,0.0,0.0,1.0,0.0
199312,0.0,0.0,0.0,0.0,0.0,0.0,0.0
199574,0.0,0.0,0.0,0.0,0.0,1.0,0.0
200074,0.0,0.0,0.0,0.0,0.0,0.0,0.0
200438,0.0,0.0,0.0,0.0,0.0,1.0,0.0
200443,0.0,0.0,0.0,0.0,0.0,2.0,0.0
200943,0.0,0.0,0.0,0.0,0.0,0.0,0.0
201000,0.0,0.0,0.0,0.0,0.0,0.0,1.0
201500,0.0,0.0,0.0,0.0,0.0,0.0,0.0
202612,0.0,0.0,0.0,0.0,0.0,1.0,0.0
203112,0.0,0.0,0.0,0.0,0.0,0.0,0.0
203347,0.0,0.0,0.0,0.0,0.0,1.0,0.0
203423,2.0,0.0,0.0,0.0,0.0,1.0,0.0
203461,2.0,2.0,0.0,0.0,0.0,1.0,0.0
203463,2.0,2.0,0.0,0.0,0.0,2.0,0.0
203891,2.0,2.0,0.0,0.0,1.0,2.0,0.0
203923,0.0,2.0,0.0,0.0,1.0,2.0,0.0
203961,0.0,0.0,0.0,0.0,1.0,2.0,0.0
203963,0.0,0.0,0.0,0.0,1.0,0.0,0.0
203967,2.0,0.0,0.0,0.0,1.0,0.0,0.0
204321,2.0,0.0,0.0,0.0,1.0,1.0,0.0
204467,0.0,0.0,0.0,0.0,1.0,1.0,0.0
204799,2.0,0.0,0.0,0.0,1.0,1.0,0.0
204821,2.0,0.0,0.0,0.0,1.0,0.0,0.0
204834,2.0,0.0,0.0,0.0,2.0,0.0,0.0
204841,2.0,0.0,0.0,0.0,2.0,1.0,0.0
205299,0.0,0.0,0.0,0.0,2.0,1.0,0.0
205334,0.0,0.0,0.0,0.0,0.0,1.0,0.0
205341,0.0,0.0,0.0,0.0,0.0,0.0,0.0
205631,2.0,0.0,0.0,0.0,0.0,0.0,0.0
205963,2.0,0.0,0.0,0.0,0.0,1.0,0.0
206131,0.0,0.0,0.0,0.0,0.0,1.0,0.0
206463,0.0,0.0,0.0,0.0,0.0,0.0,0.0
207471,0.0,0.0,0.0,0.0,0.0,1.0,0.0
207473,0.0,0.0,0.0,0.0,0.0,2.0,0.0
207615,2.0,0.0,0.0,0.0,0.0,2.0,0.0
207973,2.0,0.0,0.0,0.0,0.0,0.0,0.0
208115,0.0,0.0,0.0,0.0,0.0,0.0,0.0
208287,0.0,0.0,0.0,0.0,0.0,1.0,0.0
208787,0.0,0.0,0.0,0.0,0.0,0.0,0.0
208812,0.0,0.0,0.0,0.0,0.0,1.0,0.0
209089,0.0,0.0,1.0,0.0,0.0,1.0,0.0
209312,0.0,0.0,1.0,0.0,0.0,0.0,0.0
209841,0.0,0.0,1.0,0.0,0.0,1.0,0.0
210341,0.0,0.0,1.0,0.0,0.0,0.0,0.0
210527,0.0,0.0,1.0,0.0,1.0,0.0,0.0
210531,0.0,0.0,1.0,0.0,2.0,0.0,0.0
210573,0.0,0.0,1.0,0.0,2.0,1.0,0.0
211031,0.0,0.0,1.0,0.0,0.0,1.0,0.0
211073,0.0,0.0,1.0,0.0,0.0,0.0,0.0
211350,0.0,0.0,1.0,0.0,0.0,1.0,0.0
211850,0.0,0.0,1.0,0.0,0.0,0.0,0.0
213024,0.0,0.0,1.0,0.0,0.0,1.0,0.0
213524,0.0,0.0,1.0,0.0,0.0,0.0,0.0
214173,0.0,0.0,1.0,0.0,0.0,1.0,0.0
214673,0.0,0.0,1.0,0.0,0.0,0.0,0.0
215713,0.0,0.0,1.0,0.0,0.0,1.0,0.0
216213,0.0,0.0,1.0,0.0,0.0,0.0,0.0
217370,0.0,0.0,1.0,0.0,0.0,1.0,0.0
217774,0.0,0.0,2.0,0.0,0.0,1.0,0.0
217870,0.0,0.0,2.0,0.0,0.0,0.0,0.0
217978,0.0,0.0,2.0,0.0,0.0,1.0,0.0
218274,0.0,0.0,0.0,0.0,0.0,1.0,0.0
218478,0.0,0.0,0.0,0.0,0.0,0.0,0.0
219242,0.0,0.0,0.0,0.0,0.0,1.0,0.0
219246,0.0,0.0,0.0,0.0,0.0,2.0,0.0
219746,0.0,0.0,0.0,0.0,0.0,0.0,0.0
220339,0.0,0.0,0.0,0.0,0.0,1.0,0.0
220839,0.0,0.0,0.0,0.0,0.0,0.0,0.0
221634,0.0,0.0,0.0,0.0,0.0,1.0,0.0
222134,0.0,0.0,0.0,0.0,0.0,0.0,0.0
225047,0.0,0.0,0.0,0.0,0.0,1.0,0.0
225547,0.0,0.0,0.0,0.0,0.0,0.0,0.0
226256,0.0,0.0,0.0,0.0,0.0,1.0,0.0
226258,0.0,0.0,0.0,0.0,0.0,2.0,0.0
226758,0.0,0.0,0.0,0.0,0.0,0.0,0.0
228809,0.0,0.0,0.0,0.0,0.0,1.0,0.0
229309,0.0,0.0,0.0,0.0,0.0,0.0,0.0
230042,0.0,0.0,0.0,0.0,0.0,1.0,0.0
230044,0.0,0.0,0.0,0.0,0.0,2.0,0.0
230544,0.0,0.0,0.0,0.0,0.0,0.0,0.0
231228,0.0,0.0,0.0,0.0,0.0,1.0,0.0
231728,0.0,0.0,0.0,0.0,0.0,0.0,0.0
231740,0.0,0.0,0.0,0.0,0.0,1.0,0.0
231897,0.0,0.0,0.0,0.0,0.0,2.0,0.0
232397,0.0,0.0,0.0,0.0,0.0,0.0,0.0
232963,0.0,0.0,0.0,0.0,0.0,1.0,0.0
233463,0.0,0.0,0.0,0.0,0.0,0.0,0.0
233769,0.0,0.0,0.0,0.0,0.0,1.0,0.0
234269,0.0,0.0,0.0,0.0,0.0,0.0,0.0
234586,0.0,0.0,0.0,0.0,0.0,1.0,0.0
234596,0.0,0.0,0.0,0.0,0.0,2.0,0.0
235096,0.0,0.0,0.0,0.0,0.0,0.0,0.0
236226,0.0,0.0,0.0,0.0,0.0,1.0,0.0
236726,0.0,0.0,0.0,0.0,0.0,0.0,0.0
237323,0.0,0.0,0.0,0.0,0.0,1.0,0.0
237823,0.0,0.0,0.0,0.0,0.0,0.0,0.0
238025,0.0,0.0,0.0,0.0,0.0,1.0,0.0
238070,0.0,0.0,0.0,0.0,0.0,2.0,0.0
238570,0.0,0.0,0.0,0.0,0.0,0.0,0.0
241495,0.0,0.0,0.0,0.0,0.0,1.0,0.0
241995,0.0,0.0,0.0,0.0,0.0,0.0,0.0
242803,0.0,0.0,0.0,0.0,0.0,1.0,0.0
243303,0.0,0.0,0.0,0.0,0.0,0.0,0.0
243786,0.0,0.0,0.0,0.0,0.0,1.0,0.0
244145,0.0,2.0,0.0,0.0,0.0,1.0,0.0
244286,0.0,2.0,0.0,0.0,0.0,0.0,0.0
244645,0.0,0.0,0.0,0.0,0.0,0.0,0.0
247219,0.0,0.0,0.0,0.0,0.0,1.0,0.0
247719,0.0,0.0,0.0,0.0,0.0,0.0,0.0
248016,0.0,0.0,0.0,0.0,1.0,1.0,0.0
248516,0.0,0.0,0.0,0.0,0.0,0.0,0.0
249147,0.0,0.0,0.0,0.0,0.0,1.0,0.0
249647,0.0,0.0,0.0,0.0,0.0,0.0,0.0
250341,0.0,2.0,0.0,0.0,0.0,0.0,0.0
250654,0.0,2.0,0.0,0.0,0.0,1.0,0.0
250656,0.0,2.0,0.0,0.0,0.0,2.0,0.0
250841,0.0,0.0,0.0,0.0,0.0,2.0,0.0
251156,0.0,0.0,0.0,0.0,0.0,0.0,0.0
253179,0.0,0.0,0.0,0.0,0.0,1.0,0.0
253679,0.0,0.0,0.0,0.0,0.0,0.0,0.0
255019,0.0,0.0,0.0,0.0,0.0,1.0,0.0
255051,0.0,0.0,0.0,0.0,0.0,2.0,0.0
255551,0.0,0.0,0.0,0.0,0.0,0.0,0.0
255942,0.0,2.0,0.0,0.0,0.0,0.0,0.0
256442,0.0,0.0,0.0,0.0,0.0,0.0,0.0
258301,0.0,0.0,0.0,0.0,0.0,1.0,0.0
258801,0.0,0.0,0.0,0.0,0.0,0.0,0.0
262141,0.0,0.0,0.0,0.0,0.0,1.0,0.0
262641,0.0,0.0,0.0,0.0,0.0,0.0,0.0
262742,0.0,0.0,0.0,0.0,0.0,1.0,0.0
263242,0.0,0.0,0.0,0.0,0.0,0.0,0.0
264164,0.0,0.0,0.0,0.0,0.0,1.0,0.0
264664,0.0,0.0,0.0,0.0,0.0,0.0,0.0
264680,0.0,0.0,0.0,0.0,0.0,1.0,0.0
264685,0.0,0.0,0.0,0.0,0.0,2.0,0.0
265185,0.0,0.0,0.0,0.0,0.0,0.0,0.0
267216,0.0,0.0,0.0,0.0,0.0,1.0,0.0
267716,0.0,0.0,0.0,0.0,0.0,0.0,0.0
268882,0.0,0.0,0.0,0.0,0.0,1.0,0.0
269382,0.0,0.0,0.0,0.0,0.0,0.0,0.0
269912,0.0,0.0,0.0,0.0,0.0,1.0,0.0
270412,0.0,0.0,0.0,0.0,0.0,0.0,0.0
270506,0.0,0.0,0.0,0.0,0.0,1.0,0.0
270538,0.0,0.0,0.0,0.0,0.0,2.0,0.0
271038,0.0,0.0,0.0,0.0,0.0,0.0,0.0
271226,0.0,0.0,0.0,0.0,0.0,1.0,0.0
271726,0.0,0.0,0.0,0.0,0.0,0.0,0.0
271987,0.0,0.0,0.0,0.0,0.0,1.0,0.0
272487,0.0,0.0,0.0,0.0,0.0,0.0,0.0
273162,0.0,0.0,0.0,0.0,0.0,1.0,0.0
273164,0.0,0.0,0.0,0.0,0.0,2.0,0.0
273664,0.0,0.0,0.0,0.0,0.0,0.0,0.0
274192,0.0,2.0,0.0,0.0,0.0,0.0,0.0
274692,0.0,0.0,0.0,0.0,0.0,0.0,0.0
276708,0.0,0.0,0.0,0.0,0.0,1.0,0.0
277208,0.0,0.0,0.0,0.0,0.0,0.0,0.0
277774,0.0,0.0,0.0,0.0,0.0,1.0,0.0
278274,0.0,0.0,0.0,0.0,0.0,0.0,0.0
279260,0.0,0.0,0.0,0.0,0.0,1.0,0.0
279262,0.0,0.0,0.0,0.0,0.0,2.0,0.0
279762,0.0,0.0,0.0,0.0,0.0,0.0,0.0
282974,0.0,0.0,0.0,0.0,0.0,1.0,0.0
283474,0.0,0.0,0.0,0.0,0.0,0.0,0.0
283699,0.0,0.0,0.0,0.0,0.0,1.0,0.0
284199,0.0,0.0,0.0,0.0,0.0,0.0,0.0
284308,0.0,0.0,0.0,0.0,0.0,1.0,0.0
284310,0.0,0.0,0.0,0.0,0.0,2.0,0.0
284810,0.0,0.0,0.0,0.0,0.0,0.0,0.0
288230,0.0,0.0,0.0,0.0,0.0,1.0,0.0
288730,0.0,0.0,0.0,0.0,0.0,0.0,0.0
289059,0.0,0.0,0.0,0.0,0.0,1.0,0.0
289425,0.0,2.0,0.0,0.0,0.0,1.0,0.0
289559,0.0,2.0,0.0,0.0,0.0,0.0,0.0
289925,0.0,0.0,0.0,0.0,0.0,0.0,0.0
290828,0.0,0.0,0.0,0.0,0.0,1.0,0.0
291328,0.0,0.0,0.0,0.0,0.0,0.0,0.0
292429,0.0,0.0,0.0,0.0,0.0,1.0,0.0
292430,0.0,0.0,0.0,0.0,0.0,2.0,0.0
292930,0.0,0.0,0.0,0.0,0.0,0.0,0.0
293195,0.0,0.0,0.0,0.0,0.0,1.0,0.0
293695,0.0,0.0,0.0,0.0,0.0,0.0,0.0
294693,0.0,0.0,0.0,0.0,0.0,1.0,0.0
295193,0.0,0.0,0.0,0.0,0.0,0.0,0.0
296157,0.0,0.0,0.0,0.0,1.0,0.0,0.0
296158,0.0,0.0,0.0,0.0,2.0,0.0,0.0
296658,0.0,0.0,0.0,0.0,0.0,0.0,0.0
297182,0.0,0.0,0.0,0.0,0.0,1.0,0.0
297682,0.0,0.0,0.0,0.0,0.0,0.0,0.0
298254,0.0,0.0,0.0,0.0,0.0,1.0,0.0
298754,0.0,0.0,0.0,0.0,0.0,0.0,0.0
300613,0.0,0.0,0.0,0.0,0.0,1.0,0.0
300954,0.0,0.0,0.0,0.0,0.0,2.0,0.0
301454,0.0,0.0,0.0,0.0,0.0,0.0,0.0
309985,0.0,0.0,0.0,0.0,0.0,1.0,0.0
310485,0.0,0.0,0.0,0.0,0.0,0.0,0.0
310651,0.0,0.0,0.0,0.0,0.0,1.0,0.0
311151,0.0,0.0,0.0,0.0,0.0,0.0,0.0
311227,0.0,0.0,0.0,0.0,0.0,1.0,0.0
311727,0.0,0.0,0.0,0.0,0.0,0.0,0.0
318115,0.0,0.0,0.0,0.0,0.0,1.0,0.0
318615,0.0,0.0,0.0,0.0,0.0,0.0,0.0
321450,0.0,0.0,0.0,0.0,0.0,1.0,0.0
321950,0.0,0.0,0.0,0.0,0.0,0.0,0.0
323029,0.0,0.0,0.0,0.0,0.0,1.0,0.0
323529,0.0,0.0,0.0,0.0,0.0,0.0,0.0
324422,0.0,0.0,0.0,0.0,0.0,1.0,0.0
324922,0.0,0.0,0.0,0.0,0.0,0.0,0.0
325333,0.0,0.0,0.0,0.0,0.0,1.0,0.0
325833,0.0,0.0,0.0,0.0,0.0,0.0,0.0
325999,0.0,0.0,0.0,0.0,0.0,1.0,0.0
326499,0.0,0.0,0.0,0.0,0.0,0.0,0.0
326568,0.0,0.0,0.0,0.0,0.0,1.0,0.0
327068,0.0,0.0,0.0,0.0,0.0,0.0,0.0
330208,0.0,0.0,0.0,0.0,0.0,1.0,0.0
330708,0.0,0.0,0.0,0.0,0.0,0.0,0.0
331343,0.0,0.0,0.0,0.0,0.0,1.0,0.0
331843,0.0,0.0,0.0,0.0,0.0,0.0,0.0
331963,0.0,0.0,0.0,0.0,0.0,1.0,0.0
332463,0.0,0.0,0.0,0.0,0.0,0.0,0.0
332484,0.0,0.0,0.0,0.0,0.0,1.0,0.0
332984,0.0,0.0,0.0,0.0,0.0,0.0,0.0
333014,0.0,0.0,0.0,0.0,0.0,1.0,0.0
333514,0.0,0.0,0.0,0.0,0.0,0.0,0.0
334525,0.0,0.0,0.0,0.0,0.0,1.0,0.0
334530,0.0,0.0,0.0,0.0,0.0,2.0,0.0
335030,0.0,0.0,0.0,0.0,0.0,0.0,0.0
337995,0.0,0.0,0.0,0.0,0.0,1.0,0.0
337999,0.0,0.0,0.0,0.0,0.0,2.0,0.0
338499,0.0,0.0,0.0,0.0,0.0,0.0,0.0
340895,0.0,0.0,0.0,0.0,0.0,1.0,0.0
341395,0.0,0.0,0.0,0.0,0.0,0.0,0.0
343427,0.0,0.0,0.0,0.0,0.0,1.0,0.0
343927,0.0,0.0,0.0,0.0,0.0,0.0,0.0
346539,0.0,0.0,0.0,0.0,0.0,1.0,0.0
347039,0.0,0.0,0.0,0.0,0.0,0.0,0.0
350305,0.0,0.0,0.0,0.0,0.0,1.0,0.0
350805,0.0,0.0,0.0,0.0,0.0,0.0,0.0
354685,0.0,0.0,0.0,0.0,0.0,1.0,0.0
355185,0.0,0.0,0.0,0.0,0.0,0.0,0.0
359117,0.0,0.0,0.0,0.0,0.0,1.0,0.0
359617,0.0,0.0,0.0,0.0,0.0,0.0,0.0
360979,0.0,0.0,0.0,0.0,0.0,1.0,0.0
361479,0.0,0.0,0.0,0.0,0.0,0.0,0.0
362118,0.0,0.0,0.0,0.0,0.0,1.0,0.0
362618,0.0,0.0,0.0,0.0,0.0,0.0,0.0
362806,0.0,0.0,0.0,0.0,0.0,1.0,0.0
363306,0.0,0.0,0.0,0.0,0.0,0.0,0.0
363575,0.0,0.0,0.0,0.0,0.0,1.0,0.0
364075,0.0,0.0,0.0,0.0,0.0,0.0,0.0
366800,0.0,0.0,0.0,0.0,0.0,1.0,0.0
367300,0.0,0.0,0.0,0.0,0.0,0.0,0.0
367445,0.0,0.0,0.0,0.0,0.0,1.0,0.0
367945,0.0,0.0,0.0,0.0,0.0,0.0,0.0
369237,0.0,0.0,0.0,0.0,0.0,1.0,0.0
369737,0.0,0.0,0.0,0.0,0.0,0.0,0.0
371906,0.0,0.0,0.0,0.0,0.0,1.0,0.0
372406,0.0,0.0,0.0,0.0,0.0,0.0,0.0
373244,0.0,0.0,0.0,0.0,0.0,1.0,0.0
373744,0.0,0.0,0.0,0.0,0.0,0.0,0.0
373890,0.0,0.0,0.0,0.0,0.0,1.0,0.0
374390,0.0,0.0,0.0,0.0,0.0,0.0,0.0
375294,0.0,0.0,0.0,0.0,0.0,1.0,0.0
375794,0.0,0.0,0.0,0.0,0.0,0.0,0.0
379164,0.0,0.0,0.0,0.0,0.0,1.0,0.0
379664,0.0,0.0,0.0,0.0,0.0,0.0,0.0
379730,0.0,0.0,0.0,0.0,0.0,1.0,0.0
380230,0.0,0.0,0.0,0.0,0.0,0.0,0.0
382109,0.0,0.0,0.0,0.0,0.0,1.0,0.0
382117,0.0,0.0,0.0,0.0,0.0,2.0,0.0
382617,0.0,0.0,0.0,0.0,0.0,0.0,0.0
384616,0.0,0.0,0.0,0.0,0.0,1.0,0.0
385116,0.0,0.0,0.0,0.0,0.0,0.0,0.0
386416,0.0,0.0,0.0,0.0,0.0,1.0,0.0
386916,0.0,0.0,0.0,0.0,0.0,0.0,0.0
387461,0.0,0.0,0.0,0.0,0.0,1.0,0.0
387961,0.0,0.0,0.0,0.0,0.0,0.0,0.0
388081,0.0,0.0,0.0,0.0,0.0,1.0,0.0
388581,0.0,0.0,0.0,0.0,0.0,0.0,0.0
391869,0.0,0.0,0.0,0.0,0.0,1.0,0.0
392369,0.0,0.0,0.0,0.0,0.0,0.0,0.0
394740,0.0,0.0,0.0,0.0,0.0,1.0,0.0
395240,0.0,0.0,0.0,0.0,0.0,0.0,0.0
397355,0.0,0.0,0.0,0.0,0.0,1.0,0.0
397855,0.0,0.0,0.0,0.0,0.0,0.0,0.0
398340,0.0,0.0,0.0,0.0,0.0,1.0,0.0
398840,0.0,0.0,0.0,0.0,0.0,0.0,0.0
403000,0.0,0.0,0.0,0.0,0.0,0.0,1.0
403500,0.0,0.0,0.0,0.0,0.0,0.0,0.0
403751,0.0,0.0,0.0,0.0,0.0,1.0,0.0
404251,0.0,0.0,0.0,0.0,0.0,0.0,0.0
404406,0.0,0.0,0.0,0.0,0.0,1.0,0.0
404423,0.0,0.0,0.0,0.0,1.0,1.0,0.0
404648,0.0,2.0,0.0,0.0,2.0,1.0,0.0
404703,2.0,2.0,0.0,0.0,2.0,1.0,0.0
404906,2.0,2.0,0.0,0.0,2.0,0.0,0.0
405148,2.0,0.0,0.0,0.0,0.0,0.0,0.0
405203,0.0,0.0,0.0,0.0,0.0,0.0,0.0
405625,0.0,0.0,0.0,0.0,0.0,1.0,0.0
405626,0.0,0.0,0.0,0.0,0.0,2.0,0.0
406126,0.0,0.0,0.0,0.0,0.0,0.0,0.0
406611,0.0,0.0,0.0,0.0,0.0,1.0,0.0
407111,0.0,0.0,0.0,0.0,0.0,0.0,0.0
407327,0.0,0.0,0.0,0.0,0.0,1.0,0.0
407827,0.0,0.0,0.0,0.0,0.0,0.0,0.0
407889,0.0,0.0,0.0,0.0,0.0,1.0,0.0
408389,0.0,0.0,0.0,0.0,0.0,0.0,0.0
408772,0.0,0.0,0.0,0.0,0.0,1.0,0.0
409272,0.0,0.0,0.0,0.0,0.0,0.0,0.0
409530,0.0,0.0,1.0,0.0,0.0,0.0,0.0
411717,0.0,0.0,1.0,0.0,0.0,1.0,0.0
412217,0.0,0.0,1.0,0.0,0.0,0.0,0.0
415297,0.0,0.0,1.0,0.0,0.0,1.0,0.0
415797,0.0,0.0,1.0,0.0,0.0,0.0,0.0
416806,0.0,0.0,1.0,0.0,0.0,1.0,0.0
417306,0.0,0.0,1.0,0.0,0.0,0.0,0.0
417343,0.0,0.0,2.0,0.0,0.0,0.0,0.0
417843,0.0,0.0,1.0,0.0,0.0,0.0,0.0
417930,0.0,0.0,2.0,0.0,0.0,0.0,0.0
417951,2.0,0.0,2.0,0.0,0.0,0.0,0.0
418430,2.0,0.0,1.0,0.0,0.0,0.0,0.0
418451,0.0,0.0,1.0,0.0,0.0,0.0,0.0
419287,0.0,0.0,1.0,0.0,0.0,1.0,0.0
419430,0.0,0.0,0.0,0.0,0.0,1.0,0.0
419436,0.0,0.0,1.0,0.0,0.0,1.0,0.0
419787,0.0,0.0,1.0,0.0,0.0,0.0,0.0
420204,0.0,0.0,1.0,0.0,0.0,1.0,0.0
420206,0.0,0.0,1.0,0.0,0.0,2.0,0.0
420706,0.0,0.0,1.0,0.0,0.0,0.0,0.0
420819,0.0,0.0,1.0,0.0,0.0,1.0,0.0
420831,0.0,0.0,1.0,0.0,0.0,2.0,0.0
420860,0.0,2.0,1.0,0.0,0.0,2.0,0.0
421331,0.0,2.0,1.0,0.0,0.0,0.0,0.0
421360,0.0,0.0,1.0,0.0,0.0,0.0,0.0
421936,0.0,0.0,0.0,0.0,0.0,0.0,0.0
424161,0.0,0.0,0.0,0.0,0.0,1.0,0.0
424661,0.0,0.0,0.0,0.0,0.0,0.0,0.0
425528,0.0,0.0,0.0,0.0,0.0,1.0,0.0
426028,0.0,0.0,0.0,0.0,0.0,0.0,0.0
426343,0.0,0.0,0.0,0.0,0.0,1.0,0.0
426843,0.0,0.0,0.0,0.0,0.0,0.0,0.0
426901,0.0,0.0,0.0,0.0,0.0,1.0,0.0
427401,0.0,0.0,0.0,0.0,0.0,0.0,0.0
427414,0.0,0.0,0.0,0.0,0.0,1.0,0.0
427914,0.0,0.0,0.0,0.0,0.0,0.0,0.0
428567,0.0,0.0,0.0,0.0,0.0,1.0,0.0
429067,0.0,0.0,0.0,0.0,0.0,0.0,0.0
429093,0.0,0.0,0.0,0.0,0.0,1.0,0.0
429593,0.0,0.0,0.0,0.0,0.0,0.0,0.0
430119,0.0,0.0,0.0,0.0,0.0,1.0,0.0
430372,0.0,2.0,0.0,0.0,0.0,1.0,0.0
430619,0.0,2.0,0.0,0.0,0.0,0.0,0.0
430872,0.0,0.0,0.0,0.0,0.0,0.0,0.0
432382,0.0,0.0,0.0,0.0,0.0,1.0,0.0
432882,0.0,0.0,0.0,0.0,0.0,0.0,0.0
433291,0.0,0.0,0.0,0.0,0.0,1.0,0.0
433791,0.0,0.0,0.0,0.0,0.0,0.0,0.0
434097,0.0,0.0,0.0,0.0,0.0,1.0,0.0
434597,0.0,0.0,0.0,0.0,0.0,0.0,0.0
435676,0.0,0.0,0.0,0.0,0.0,1.0,0.0
435677,0.0,0.0,0.0,0.0,1.0,1.0,0.0
435683,0.0,0.0,0.0,0.0,1.0,2.0,0.0
436177,0.0,0.0,0.0,0.0,0.0,2.0,0.0
436183,0.0,0.0,0.0,0.0,0.0,0.0,0.0
436982,0.0,0.0,0.0,0.0,0.0,1.0,0.0
437168,0.0,0.0,0.0,0.0,0.0,2.0,0.0
437668,0.0,0.0,0.0,0.0,0.0,0.0,0.0
439772,0.0,0.0,0.0,0.0,0.0,1.0,0.0
439783,0.0,0.0,0.0,0.0,0.0,2.0,0.0
440283,0.0,0.0,0.0,0.0,0.0,0.0,0.0
440519,0.0,0.0,0.0,0.0,0.0,1.0,0.0
440935,0.0,0.0,0.0,0.0,0.0,2.0,0.0
441435,0.0,0.0,0.0,0.0,0.0,0.0,0.0
442572,0.0,0.0,0.0,0.0,0.0,1.0,0.0
442576,0.0,0.0,0.0,0.0,0.0,2.0,0.0
443076,0.0,0.0,0.0,0.0,0.0,0.0,0.0
444705,0.0,0.0,0.0,0.0,0.0,1.0,0.0
444736,0.0,0.0,0.0,0.0,0.0,2.0,0.0
445236,0.0,0.0,0.0,0.0,0.0,0.0,0.0
445306,0.0,0.0,0.0,0.0,0.0,1.0,0.0
445806,0.0,0.0,0.0,0.0,0.0,0.0,0.0
445972,0.0,0.0,0.0,0.0,0.0,1.0,0.0
446472,0.0,0.0,0.0,0.0,0.0,0.0,0.0
447872,0.0,0.0,0.0,0.0,0.0,1.0,0.0
448372,0.0,0.0,0.0,0.0,0.0,0.0,0.0
448697,0.0,2.0,0.0,0.0,0.0,0.0,0.0
449197,0.0,0.0,0.0,0.0,0.0,0.0,0.0
449589,0.0,0.0,0.0,0.0,0.0,1.0,0.0
450089,0.0,0.0,0.0,0.0,0.0,0.0,0.0
450098,0.0,0.0,0.0,0.0,0.0,1.0,0.0
450598,0.0,0.0,0.0,0.0,0.0,0.0,0.0
450692,0.0,0.0,0.0,0.0,0.0,1.0,0.0
451005,0.0,0.0,0.0,0.0,0.0,2.0,0.0
451505,0.0,0.0,0.0,0.0,0.0,0.0,0.0
452141,0.0,0.0,0.0,0.0,0.0,1.0,0.0
452145,0.0,0.0,0.0,0.0,0.0,2.0,0.0
452645,0.0,0.0,0.0,0.0,0.0,0.0,0.0
452914,0.0,0.0,0.0,0.0,0.0,1.0,0.0
452959,0.0,0.0,0.0,0.0,0.0,2.0,0.0
453459,0.0,0.0,0.0,0.0,0.0,0.0,0.0
454431,0.0,0.0,0.0,0.0,0.0,1.0,0.0
454433,0.0,0.0,0.0,0.0,0.0,2.0,0.0
454933,0.0,0.0,0.0,0.0,0.0,0.0,0.0
455571,0.0,0.0,0.0,0.0,0.0,1.0,0.0
456071,0.0,0.0,0.0,0.0,0.0,0.0,0.0
456555,0.0,0.0,0.0,0.0,0.0,1.0,0.0
457055,0.0,0.0,0.0,0.0,0.0,0.0,0.0
457284,0.0,0.0,0.0,0.0,0.0,1.0,0.0
457784,0.0,0.0,0.0,0.0,0.0,0.0,0.0
458184,0.0,0.0,0.0,0.0,0.0,1.0,0.0
458684,0.0,0.0,0.0,0.0,0.0,0.0,0.0
458961,0.0,0.0,0.0,0.0,0.0,1.0,0.0
459461,0.0,0.0,0.0,0.0,0.0,0.0,0.0
459584,0.0,0.0,0.0,0.0,0.0,1.0,0.0
460084,0.0,0.0,0.0,0.0,0.0,0.0,0.0
460416,0.0,0.0,0.0,0.0,0.0,1.0,0.0
460418,0.0,0.0,0.0,0.0,0.0,2.0,0.0
460918,0.0,0.0,0.0,0.0,0.0,0.0,0.0
461455,0.0,0.0,0.0,0.0,0.0,1.0,0.0
461955,0.0,0.0,0.0,0.0,0.0,0.0,0.0
462121,0.0,0.0,0.0,0.0,0.0,1.0,0.0
462621,0.0,0.0,0.0,0.0,0.0,0.0,0.0
462648,0.0,0.0,0.0,0.0,0.0,1.0,0.0
462652,0.0,0.0,0.0,0.0,0.0,2.0,0.0
463152,0.0,0.0,0.0,0.0,0.0,0.0,0.0
464323,0.0,0.0,0.0,0.0,0.0,1.0,0.0
464325,0.0,0.0,0.0,0.0,0.0,2.0,0.0
464825,0.0,0.0,0.0,0.0,0.0,0.0,0.0
465918,0.0,0.0,0.0,0.0,0.0,1.0,0.0
466418,0.0,0.0,0.0,0.0,0.0,0.0,0.0
466986,0.0,0.0,0.0,0.0,0.0,1.0,0.0
467486,0.0,0.0,0.0,0.0,0.0,0.0,0.0
467588,0.0,0.0,0.0,0.0,0.0,1.0,0.0
468088,0.0,0.0,0.0,0.0,0.0,0.0,0.0
469548,0.0,0.0,0.0,0.0,0.0,1.0,0.0
470048,0.0,0.0,0.0,0.0,0.0,0.0,0.0
470190,0.0,0.0,0.0,0.0,0.0,1.0,0.0
470690,0.0,0.0,0.0,0.0,0.0,0.0,0.0
470943,0.0,0.0,0.0,0.0,0.0,1.0,0.0
471443,0.0,0.0,0.0,0.0,0.0,0.0,0.0
471456,0.0,0.0,0.0,0.0,0.0,1.0,0.0
471956,0.0,0.0,0.0,0.0,0.0,0.0,0.0
472433,0.0,0.0,0.0,0.0,0.0,1.0,0.0
472933,0.0,0.0,0.0,0.0,0.0,0.0,0.0
473728,0.0,0.0,0.0,0.0,0.0,1.0,0.0
473730,0.0,0.0,0.0,0.0,0.0,2.0,0.0
474230,0.0,0.0,0.0,0.0,0.0,0.0,0.0
474234,0.0,0.0,0.0,0.0,0.0,1.0,0.0
474734,0.0,0.0,0.0,0.0,0.0,0.0,0.0
476696,0.0,0.0,0.0,0.0,1.0,0.0,0.0
477196,0.0,0.0,0.0,0.0,0.0,0.0,0.0
478890,0.0,0.0,0.0,0.0,0.0,1.0,0.0
478892,0.0,0.0,0.0,0.0,0.0,2.0,0.0
479392,0.0,0.0,0.0,0.0,0.0,0.0,0.0
480478,0.0,0.0,0.0,0.0,0.0,1.0,0.0
480978,0.0,0.0,0.0,0.0,0.0,0.0,0.0
481682,0.0,0.0,0.0,0.0,0.0,1.0,0.0
482182,0.0,0.0,0.0,0.0,0.0,0.0,0.0
483134,0.0,0.0,0.0,0.0,0.0,1.0,0.0
483634,0.0,0.0,0.0,0.0,0.0,0.0,0.0
484190,0.0,0.0,0.0,0.0,0.0,1.0,0.0
484690,0.0,0.0,0.0,0.0,0.0,0.0,0.0
486379,0.0,0.0,0.0,0.0,0.0,1.0,0.0
486879,0.0,0.0,0.0,0.0,0.0,0.0,0.0
487629,0.0,0.0,0.0,0.0,0.0,1.0,0.0
488129,0.0,0.0,0.0,0.0,0.0,0.0,0.0
490616,0.0,0.0,0.0,0.0,0.0,1.0,0.0
491116,0.0,0.0,0.0,0.0,0.0,0.0,0.0
491258,0.0,0.0,0.0,0.0,0.0,1.0,0.0
491327,0.0,0.0,0.0,0.0,0.0,2.0,0.0
491827,0.0,0.0,0.0,0.0,0.0,0.0,0.0
492886,0.0,0.0,0.0,0.0,0.0,1.0,0.0
493386,0.0,0.0,0.0,0.0,0.0,0.0,0.0
493948,0.0,0.0,0.0,0.0,0.0,1.0,0.0
494448,0.0,0.0,0.0,0.0,0.0,0.0,0.0
495890,0.0,0.0,0.0,0.0,0.0,1.0,0.0
495893,0.0,0.0,0.0,0.0,0.0,2.0,0.0
496393,0.0,0.0,0.0,0.0,0.0,0.0,0.0
497545,0.0,0.0,0.0,0.0,0.0,1.0,0.0
497549,0.0,0.0,0.0,0.0,0.0,2.0,0.0
498049,0.0,0.0,0.0,0.0,0.0,0.0,0.0
498073,0.0,0.0,0.0,0.0,0.0,1.0,0.0
498076,0.0,0.0,0.0,0.0,0.0,2.0,0.0
498576,0.0,0.0,0.0,0.0,0.0,0.0,0.0
502875,0.0,0.0,0.0,0.0,0.0,1.0,0.0
503375,0.0,0.0,0.0,0.0,0.0,0.0,0.0
504025,0.0,0.0,0.0,0.0,0.0,1.0,0.0
504027,0.0,0.0,0.0,0.0,0.0,2.0,0.0
504527,0.0,0.0,0.0,0.0,0.0,0.0,0.0
509144,0.0,0.0,0.0,0.0,0.0,1.0,0.0
509644,0.0,0.0,0.0,0.0,0.0,0.0,0.0
510357,0.0,0.0,0.0,0.0,1.0,0.0,0.0
510359,0.0,0.0,0.0,0.0,2.0,1.0,0.0
510364,0.0,0.0,0.0,0.0,2.0,2.0,0.0
510859,0.0,0.0,0.0,0.0,0.0,2.0,0.0
510864,0.0,0.0,0.0,0.0,0.0,0.0,0.0
521334,0.0,0.0,0.0,0.0,0.0,1.0,0.0
521340,0.0,0.0,0.0,0.0,0.0,2.0,0.0
521840,0.0,0.0,0.0,0.0,0.0,0.0,0.0
528931,0.0,0.0,0.0,0.0,0.0,1.0,0.0
529431,0.0,0.0,0.0,0.0,0.0,0.0,0.0
529734,0.0,0.0,0.0,0.0,0.0,1.0,0.0
530234,0.0,0.0,0.0,0.0,0.0,0.0,0.0
534916,0.0,0.0,0.0,0.0,0.0,1.0,0.0
535416,0.0,0.0,0.0,0.0,0.0,0.0,0.0
544480,0.0,0.0,0.0,0.0,0.0,1.0,0.0
544980,0.0,0.0,0.0,0.0,0.0,0.0,0.0
545824,0.0,0.0,0.0,0.0,0.0,1.0,0.0
545833,0.0,0.0,0.0,0.0,0.0,2.0,0.0
546333,0.0,0.0,0.0,0.0,0.0,0.0,0.0
554212,0.0,0.0,0.0,0.0,0.0,1.0,0.0
554712,0.0,0.0,0.0,0.0,0.0,0.0,0.0
554891,0.0,0.0,0.0,0.0,0.0,1.0,0.0
555391,0.0,0.0,0.0,0.0,0.0,0.0,0.0
555631,0.0,0.0,0.0,0.0,0.0,1.0,0.0
556131,0.0,0.0,0.0,0.0,0.0,0.0,0.0
556204,0.0,0.0,0.0,0.0,0.0,1.0,0.0
556223,0.0,0.0,0.0,0.0,0.0,2.0,0.0
556723,0.0,0.0,0.0,0.0,0.0,0.0,0.0
557623,0.0,0.0,0.0,0.0,0.0,1.0,0.0
558123,0.0,0.0,0.0,0.0,0.0,0.0,0.0
558237,0.0,0.0,0.0,0.0,0.0,1.0,0.0
558737,0.0,0.0,0.0,0.0,0.0,0.0,0.0
559121,0.0,0.0,0.0,0.0,0.0,1.0,0.0
559621,0.0,0.0,0.0,0.0,0.0,0.0,0.0
560619,0.0,0.0,0.0,0.0,0.0,1.0,0.0
561119,0.0,0.0,0.0,0.0,0.0,0.0,0.0
562001,0.0,0.0,0.0,0.0,0.0,1.0,0.0
562501,0.0,0.0,0.0,0.0,0.0,0.0,0.0
563036,0.0,0.0,0.0,0.0,1.0,0.0,0.0
563354,0.0,0.0,0.0,0.0,1.0,1.0,0.0
563536,0.0,0.0,0.0,0.0,0.0,1.0,0.0
563854,0.0,0.0,0.0,0.0,0.0,0.0,0.0
571278,0.0,0.0,0.0,0.0,0.0,1.0,0.0
571778,0.0,0.0,0.0,0.0,0.0,0.0,0.0
572040,0.0,0.0,0.0,0.0,0.0,1.0,0.0
572047,0.0,0.0,0.0,0.0,0.0,2.0,0.0
572547,0.0,0.0,0.0,0.0,0.0,0.0,0.0
572622,0.0,0.0,0.0,0.0,0.0,1.0,0.0
572671,0.0,0.0,0.0,0.0,0.0,2.0,0.0
573171,0.0,0.0,0.0,0.0,0.0,0.0,0.0
573555,0.0,0.0,0.0,0.0,0.0,1.0,0.0
574055,0.0,0.0,0.0,0.0,0.0,0.0,0.0
576829,0.0,0.0,0.0,0.0,0.0,1.0,0.0
577329,0.0,0.0,0.0,0.0,0.0,0.0,0.0
577645,0.0,0.0,0.0,0.0,0.0,1.0,0.0
578145,0.0,0.0,0.0,0.0,0.0,0.0,0.0
580343,0.0,0.0,0.0,0.0,0.0,1.0,0.0
580843,0.0,0.0,0.0,0.0,0.0,0.0,0.0
584816,0.0,0.0,0.0,0.0,0.0,1.0,0.0
585316,0.0,0.0,0.0,0.0,0.0,0.0,0.0
585339,0.0,0.0,0.0,0.0,0.0,1.0,0.0
585343,0.0,0.0,0.0,0.0,0.0,2.0,0.0
585843,0.0,0.0,0.0,0.0,0.0,0.0,0.0
587564,0.0,0.0,0.0,0.0,0.0,1.0,0.0
588064,0.0,0.0,0.0,0.0,0.0,0.0,0.0
588066,0.0,0.0,0.0,0.0,0.0,1.0,0.0
588566,0.0,0.0,0.0,0.0,0.0,0.0,0.0
593295,0.0,0.0,0.0,0.0,0.0,1.0,0.0
593795,0.0,0.0,0.0,0.0,0.0,0.0,0.0
597411,0.0,0.0,0.0,0.0,0.0,1.0,0.0
597421,0.0,0.0,0.0,0.0,0.0,2.0,0.0
597921,0.0,0.0,0.0,0.0,0.0,0.0,0.0
600045,0.0,0.0,0.0,0.0,0.0,1.0,0.0
600545,0.0,0.0,0.0,0.0,0.0,0.0,0.0
603782,0.0,0.0,0.0,0.0,1.0,0.0,0.0
604177,0.0,0.0,0.0,0.0,1.0,1.0,0.0
604282,0.0,0.0,0.0,0.0,0.0,1.0,0.0
604677,0.0,0.0,0.0,0.0,0.0,0.0,0.0
605000,0.0,0.0,0.0,0.0,0.0,0.0,1.0
605500,0.0,0.0,0.0,0.0,0.0,0.0,0.0
605659,0.0,0.0,0.0,0.0,0.0,1.0,0.0
605665,0.0,0.0,0.0,0.0,0.0,2.0,0.0
605784,0.0,0.0,0.0,0.0,1.0,2.0,0.0
606157,0.0,0.0,0.0,0.0,2.0,2.0,0.0
606165,0.0,0.0,0.0,0.0,2.0,0.0,0.0
606188,0.0,0.0,0.0,0.0,2.0,1.0,0.0
606207,2.0,0.0,0.0,0.0,2.0,1.0,0.0
606657,2.0,0.0,0.0,0.0,0.0,1.0,0.0
606688,2.0,0.0,0.0,0.0,0.0,0.0,0.0
606707,0.0,0.0,0.0,0.0,0.0,0.0,0.0
606885,0.0,2.0,0.0,0.0,0.0,0.0,0.0
606975,2.0,2.0,0.0,0.0,0.0,0.0,0.0
607385,2.0,0.0,0.0,0.0,0.0,0.0,0.0
607475,0.0,0.0,0.0,0.0,0.0,0.0,0.0
607853,0.0,0.0,0.0,0.0,1.0,0.0,0.0
607871,2.0,0.0,0.0,0.0,1.0,0.0,0.0
608152,2.0,0.0,0.0,0.0,1.0,1.0,0.0
608353,2.0,0.0,0.0,0.0,0.0,1.0,0.0
608371,0.0,0.0,0.0,0.0,0.0,1.0,0.0
608652,0.0,0.0,0.0,0.0,0.0,0.0,0.0
609375,0.0,0.0,0.0,0.0,0.0,1.0,0.0
609875,0.0,0.0,0.0,0.0,0.0,0.0,0.0
611092,0.0,0.0,0.0,0.0,0.0,1.0,0.0
611147,0.0,0.0,0.0,0.0,0.0,2.0,0.0
611647,0.0,0.0,0.0,0.0,0.0,0.0,0.0
612229,0.0,0.0,0.0,0.0,0.0,1.0,0.0
612729,0.0,0.0,0.0,0.0,0.0,0.0,0.0
614158,0.0,0.0,0.0,0.0,0.0,1.0,0.0
614367,0.0,0.0,0.0,0.0,0.0,2.0,0.0
614867,0.0,0.0,0.0,0.0,0.0,0.0,0.0
616023,0.0,0.0,0.0,0.0,0.0,1.0,0.0
616523,0.0,0.0,0.0,0.0,0.0,0.0,0.0
617344,0.0,0.0,0.0,0.0,0.0,1.0,0.0
617844,0.0,0.0,0.0,0.0,0.0,0.0,0.0
618847,0.0,0.0,0.0,0.0,0.0,1.0,0.0
619319,0.0,0.0,0.0,0.0,0.0,2.0,0.0
619819,0.0,0.0,0.0,0.0,0.0,0.0,0.0
620231,0.0,0.0,0.0,0.0,0.0,1.0,0.0
620731,0.0,0.0,0.0,0.0,0.0,0.0,0.0
621612,0.0,0.0,0.0,0.0,0.0,1.0,0.0
622005,0.0,0.0,0.0,0.0,0.0,2.0,0.0
622505,0.0,0.0,0.0,0.0,0.0,0.0,0.0
623847,0.0,0.0,0.0,0.0,0.0,1.0,0.0
623909,0.0,0.0,0.0,0.0,0.0,2.0,0.0
624409,0.0,0.0,0.0,0.0,0.0,0.0,0.0
625905,0.0,0.0,0.0,0.0,0.0,1.0,0.0
626405,0.0,0.0,0.0,0.0,0.0,0.0,0.0
627764,0.0,0.0,0.0,0.0,0.0,1.0,0.0
628264,0.0,0.0,0.0,0.0,0.0,0.0,0.0
628432,0.0,0.0,0.0,0.0,0.0,1.0,0.0
628932,0.0,0.0,0.0,0.0,0.0,0.0,0.0
629374,0.0,0.0,0.0,0.0,0.0,1.0,0.0
629874,0.0,0.0,0.0,0.0,0.0,0.0,0.0
631391,0.0,0.0,0.0,0.0,0.0,1.0,0.0
631891,0.0,0.0,0.0,0.0,0.0,0.0,0.0
632186,0.0,0.0,0.0,0.0,0.0,1.0,0.0
632686,0.0,0.0,0.0,0.0,0.0,0.0,0.0
632784,0.0,0.0,0.0,0.0,0.0,1.0,0.0
633284,0.0,0.0,0.0,0.0,0.0,0.0,0.0
635068,0.0,0.0,0.0,0.0,0.0,1.0,0.0
635087,0.0,0.0,0.0,0.0,0.0,2.0,0.0
635587,0.0,0.0,0.0,0.0,0.0,0.0,0.0
636211,0.0,0.0,0.0,0.0,0.0,1.0,0.0
636711,0.0,0.0,0.0,0.0,0.0,0.0,0.0
636820,0.0,0.0,0.0,0.0,0.0,1.0,0.0
637320,0.0,0.0,0.0,0.0,0.0,0.0,0.0
637596,0.0,0.0,0.0,0.0,0.0,1.0,0.0
637598,0.0,0.0,0.0,0.0,0.0,2.0,0.0
638098,0.0,0.0,0.0,0.0,0.0,0.0,0.0
638129,0.0,0.0,0.0,0.0,0.0,1.0,0.0
638629,0.0,0.0,0.0,0.0,0.0,0.0,0.0
639774,0.0,0.0,0.0,0.0,0.0,1.0,0.0
639776,0.0,0.0,0.0,0.0,0.0,2.0,0.0
640276,0.0,0.0,0.0,0.0,0.0,0.0,0.0
640599,0.0,0.0,0.0,0.0,0.0,1.0,0.0
641099,0.0,0.0,0.0,0.0,0.0,0.0,0.0
643905,0.0,0.0,0.0,0.0,0.0,1.0,0.0
643995,0.0,0.0,0.0,0.0,1.0,1.0,0.0
644405,0.0,0.0,0.0,0.0,1.0,0.0,0.0
644495,0.0,0.0,0.0,0.0,0.0,0.0,0.0
644618,0.0,0.0,0.0,0.0,0.0,1.0,0.0
645118,0.0,0.0,0.0,0.0,0.0,0.0,0.0
646446,0.0,0.0,0.0,0.0,0.0,1.0,0.0
646946,0.0,0.0,0.0,0.0,0.0,0.0,0.0
648685,0.0,0.0,0.0,0.0,0.0,1.0,0.0
649185,0.0,0.0,0.0,0.0,0.0,0.0,0.0
649198,0.0,0.0,0.0,0.0,0.0,1.0,0.0
649698,0.0,0.0,0.0,0.0,0.0,0.0,0.0
651966,0.0,0.0,0.0,0.0,0.0,1.0,0.0
652466,0.0,0.0,0.0,0.0,0.0,0.0,0.0
652494,0.0,0.0,0.0,0.0,0.0,1.0,0.0
652994,0.0,0.0,0.0,0.0,0.0,0.0,0.0
653825,0.0,0.0,0.0,0.0,0.0,1.0,0.0
654325,0.0,0.0,0.0,0.0,0.0,0.0,0.0
654366,0.0,0.0,0.0,0.0,0.0,1.0,0.0
654866,0.0,0.0,0.0,0.0,0.0,0.0,0.0
655281,0.0,0.0,0.0,0.0,0.0,1.0,0.0
655781,0.0,0.0,0.0,0.0,0.0,0.0,0.0
656139,0.0,2.0,0.0,0.0,0.0,0.0,0.0
656522,0.0,2.0,0.0,0.0,0.0,1.0,0.0
656639,0.0,0.0,0.0,0.0,0.0,1.0,0.0
657022,0.0,0.0,0.0,0.0,0.0,0.0,0.0
661258,0.0,0.0,0.0,0.0,0.0,1.0,0.0
661262,0.0,0.0,0.0,0.0,0.0,2.0,0.0
661762,0.0,0.0,0.0,0.0,0.0,0.0,0.0
661768,0.0,0.0,0.0,0.0,0.0,1.0,0.0
662268,0.0,0.0,0.0,0.0,0.0,0.0,0.0
662799,0.0,0.0,0.0,0.0,0.0,1.0,0.0
663299,0.0,0.0,0.0,0.0,0.0,0.0,0.0
663861,0.0,0.0,0.0,0.0,0.0,1.0,0.0
664361,0.0,0.0,0.0,0.0,0.0,0.0,0.0
664539,0.0,0.0,0.0,0.0,0.0,1.0,0.0
665039,0.0,0.0,0.0,0.0,0.0,0.0,0.0
665251,0.0,0.0,0.0,0.0,0.0,1.0,0.0
665667,0.0,2.0,0.0,0.0,0.0,1.0,0.0
665751,0.0,2.0,0.0,0.0,0.0,0.0,0.0
665962,0.0,2.0,0.0,0.0,0.0,1.0,0.0
666167,0.0,0.0,0.0,0.0,0.0,1.0,0.0
666462,0.0,0.0,0.0,0.0,0.0,0.0,0.0
666869,0.0,0.0,0.0,0.0,0.0,1.0,0.0
667369,0.0,0.0,0.0,0.0,0.0,0.0,0.0
668933,0.0,0.0,0.0,0.0,0.0,1.0,0.0
669433,0.0,0.0,0.0,0.0,0.0,0.0,0.0
669693,0.0,0.0,0.0,0.0,0.0,1.0,0.0
670193,0.0,0.0,0.0,0.0,0.0,0.0,0.0
670717,0.0,0.0,0.0,0.0,0.0,1.0,0.0
671217,0.0,0.0,0.0,0.0,0.0,0.0,0.0
671893,0.0,0.0,0.0,0.0,0.0,1.0,0.0
671923,0.0,0.0,0.0,0.0,0.0,2.0,0.0
672423,0.0,0.0,0.0,0.0,0.0,0.0,0.0
672474,0.0,0.0,0.0,0.0,0.0,1.0,0.0
672974,0.0,0.0,0.0,0.0,0.0,0.0,0.0
673134,0.0,0.0,0.0,0.0,0.0,1.0,0.0
674134,0.0,0.0,0.0,0.0,0.0,0.0,0.0
675574,0.0,0.0,0.0,0.0,0.0,1.0,0.0
675814,0.0,0.0,0.0,0.0,1.0,1.0,0.0
676074,0.0,0.0,0.0,0.0,1.0,0.0,0.0
676314,0.0,0.0,0.0,0.0,0.0,0.0,0.0
676421,0.0,0.0,0.0,0.0,0.0,1.0,0.0
676921,0.0,0.0,0.0,0.0,0.0,0.0,0.0
678043,0.0,0.0,0.0,0.0,0.0,1.0,0.0
678543,0.0,0.0,0.0,0.0,0.0,0.0,0.0
678568,0.0,0.0,0.0,0.0,0.0,1.0,0.0
678900,0.0,0.0,0.0,0.0,0.0,2.0,0.0
679400,0.0,0.0,0.0,0.0,0.0,0.0,0.0
680051,0.0,0.0,0.0,0.0,0.0,1.0,0.0
680551,0.0,0.0,0.0,0.0,0.0,0.0,0.0
680720,0.0,0.0,0.0,0.0,0.0,1.0,0.0
681220,0.0,0.0,0.0,0.0,0.0,0.0,0.0
681447,0.0,0.0,0.0,0.0,0.0,1.0,0.0
681929,0.0,0.0,0.0,0.0,0.0,2.0,0.0
682429,0.0,0.0,0.0,0.0,0.0,0.0,0.0
683107,0.0,0.0,0.0,0.0,0.0,1.0,0.0
683530,0.0,0.0,0.0,0.0,0.0,2.0,0.0
684030,0.0,0.0,0.0,0.0,0.0,0.0,0.0
685931,0.0,0.0,0.0,0.0,0.0,1.0,0.0
686431,0.0,0.0,0.0,0.0,0.0,0.0,0.0
687958,0.0,0.0,0.0,0.0,0.0,1.0,0.0
688458,0.0,0.0,0.0,0.0,0.0,0.0,0.0
688717,0.0,0.0,0.0,0.0,0.0,1.0,0.0
689217,0.0,0.0,0.0,0.0,0.0,0.0,0.0
689470,0.0,0.0,0.0,0.0,0.0,1.0,0.0
689970,0.0,0.0,0.0,0.0,0.0,0.0,0.0
690141,0.0,0.0,0.0,0.0,0.0,1.0,0.0
690641,0.0,0.0,0.0,0.0,0.0,0.0,0.0
690664,0.0,0.0,0.0,0.0,0.0,1.0,0.0
691164,0.0,0.0,0.0,0.0,0.0,0.0,0.0
692177,0.0,0.0,0.0,0.0,0.0,1.0,0.0
692178,0.0,0.0,0.0,0.0,0.0,2.0,0.0
692678,0.0,0.0,0.0,0.0,0.0,0.0,0.0
693115,0.0,0.0,0.0,0.0,0.0,1.0,0.0
693615,0.0,0.0,0.0,0.0,0.0,0.0,0.0
693735,0.0,0.0,0.0,0.0,0.0,1.0,0.0
694235,0.0,0.0,0.0,0.0,0.0,0.0,0.0
695298,0.0,0.0,0.0,0.0,0.0,1.0,0.0
695300,0.0,0.0,0.0,0.0,0.0,2.0,0.0
695800,0.0,0.0,0.0,0.0,0.0,0.0,0.0
697430,0.0,0.0,0.0,0.0,0.0,1.0,0.0
697432,0.0,0.0,0.0,0.0,0.0,2.0,0.0
697932,0.0,0.0,0.0,0.0,0.0,0.0,0.0
698280,0.0,0.0,0.0,0.0,0.0,1.0,0.0
698780,0.0,0.0,0.0,0.0,0.0,0.0,0.0
698989,0.0,2.0,0.0,0.0,0.0,0.0,0.0
698990,0.0,2.0,0.0,0.0,0.0,1.0,0.0
699489,0.0,0.0,0.0,0.0,0.0,1.0,0.0
699490,0.0,0.0,0.0,0.0,0.0,0.0,0.0
700018,0.0,0.0,0.0,0.0,0.0,1.0,0.0
700020,0.0,0.0,0.0,0.0,0.0,2.0,0.0
700520,0.0,0.0,0.0,0.0,0.0,0.0,0.0
701913,0.0,0.0,0.0,0.0,0.0,1.0,0.0
702413,0.0,0.0,0.0,0.0,0.0,0.0,0.0
703764,0.0,0.0,0.0,0.0,0.0,1.0,0.0
704264,0.0,0.0,0.0,0.0,0.0,0.0,0.0
706410,0.0,0.0,0.0,0.0,0.0,1.0,0.0
706910,0.0,0.0,0.0,0.0,0.0,0.0,0.0
717417,0.0,0.0,0.0,0.0,0.0,1.0,0.0
717917,0.0,0.0,0.0,0.0,0.0,0.0,0.0
718485,0.0,0.0,0.0,0.0,0.0,1.0,0.0
718985,0.0,0.0,0.0,0.0,0.0,0.0,0.0
720325,0.0,0.0,0.0,0.0,0.0,1.0,0.0
720346,0.0,0.0,0.0,0.0,0.0,2.0,0.0
720846,0.0,0.0,0.0,0.0,0.0,0.0,0.0
723447,0.0,0.0,0.0,0.0,0.0,1.0,0.0
723947,0.0,0.0,0.0,0.0,0.0,0.0,0.0
724493,0.0,0.0,0.0,0.0,0.0,1.0,0.0
724993,0.0,0.0,0.0,0.0,0.0,0.0,0.0
729317,0.0,0.0,0.0,0.0,0.0,1.0,0.0
729347,0.0,0.0,0.0,0.0,0.0,2.0,0.0
729350,0.0,0.0,0.0,0.0,1.0,2.0,0.0
729847,0.0,0.0,0.0,0.0,1.0,0.0,0.0
729850,0.0,0.0,0.0,0.0,0.0,0.0,0.0
730159,0.0,0.0,0.0,0.0,0.0,1.0,0.0
730659,0.0,0.0,0.0,0.0,0.0,0.0,0.0
733872,0.0,0.0,0.0,0.0,0.0,1.0,0.0
734372,0.0,0.0,0.0,0.0,0.0,0.0,0.0
735505,0.0,0.0,0.0,0.0,0.0,1.0,0.0
736005,0.0,0.0,0.0,0.0,0.0,0.0,0.0
739168,0.0,0.0,0.0,0.0,0.0,1.0,0.0
739668,0.0,0.0,0.0,0.0,0.0,0.0,0.0
740151,0.0,0.0,0.0,0.0,0.0,1.0,0.0
740651,0.0,0.0,0.0,0.0,0.0,0.0,0.0
741523,0.0,0.0,0.0,0.0,0.0,1.0,0.0
742023,0.0,0.0,0.0,0.0,0.0,0.0,0.0
748307,0.0,0.0,0.0,0.0,0.0,1.0,0.0
748807,0.0,0.0,0.0,0.0,0.0,0.0,0.0
751098,0.0,0.0,0.0,0.0,0.0,1.0,0.0
751598,0.0,0.0,0.0,0.0,0.0,0.0,0.0
753678,0.0,0.0,0.0,0.0,0.0,1.0,0.0
754178,0.0,0.0,0.0,0.0,0.0,0.0,0.0
754983,0.0,0.0,0.0,0.0,0.0,1.0,0.0
755483,0.0,0.0,0.0,0.0,0.0,0.0,0.0
755739,0.0,0.0,0.0,0.0,0.0,1.0,0.0
756239,0.0,0.0,0.0,0.0,0.0,0.0,0.0
759998,0.0,0.0,0.0,0.0,0.0,1.0,0.0
760006,0.0,0.0,0.0,0.0,0.0,2.0,0.0
760506,0.0,0.0,0.0,0.0,0.0,0.0,0.0
761256,0.0,0.0,0.0,0.0,0.0,1.0,0.0
761756,0.0,0.0,0.0,0.0,0.0,0.0,0.0
762020,0.0,0.0,0.0,0.0,0.0,1.0,0.0
762520,0.0,0.0,0.0,0.0,0.0,0.0,0.0
767008,0.0,0.0,0.0,0.0,0.0,1.0,0.0
767508,0.0,0.0,0.0,0.0,0.0,0.0,0.0
767940,0.0,0.0,0.0,0.0,0.0,1.0,0.0
768440,0.0,0.0,0.0,0.0,0.0,0.0,0.0
769038,0.0,0.0,0.0,0.0,0.0,1.0,0.0
769538,0.0,0.0,0.0,0.0,0.0,0.0,0.0
770158,0.0,0.0,0.0,0.0,0.0,1.0,0.0
770658,0.0,0.0,0.0,0.0,0.0,0.0,0.0
771458,0.0,0.0,0.0,0.0,0.0,1.0,0.0
771958,0.0,0.0,0.0,0.0,0.0,0.0,0.0
774018,0.0,0.0,0.0,0.0,0.0,1.0,0.0
774026,0.0,0.0,0.0,0.0,0.0,2.0,0.0
774526,0.0,0.0,0.0,0.0,0.0,0.0,0.0
779974,0.0,0.0,0.0,0.0,0.0,1.0,0.0
780474,0.0,0.0,0.0,0.0,0.0,0.0,0.0
780927,0.0,0.0,0.0,0.0,0.0,1.0,0.0
781427,0.0,0.0,0.0,0.0,0.0,0.0,0.0
782091,0.0,0.0,0.0,0.0,0.0,1.0,0.0
782591,0.0,0.0,0.0,0.0,0.0,0.0,0.0
783361,0.0,0.0,0.0,0.0,0.0,1.0,0.0
783861,0.0,0.0,0.0,0.0,0.0,0.0,0.0
784549,0.0,0.0,0.0,0.0,0.0,1.0,0.0
785049,0.0,0.0,0.0,0.0,0.0,0.0,0.0
785751,0.0,0.0,0.0,0.0,0.0,1.0,0.0
786251,0.0,0.0,0.0,0.0,0.0,0.0,0.0
786955,0.0,0.0,0.0,0.0,0.0,1.0,0.0
787455,0.0,0.0,0.0,0.0,0.0,0.0,0.0
788086,0.0,0.0,0.0,0.0,0.0,1.0,0.0
788311,0.0,0.0,0.0,0.0,0.0,2.0,0.0
788554,0.0,2.0,0.0,0.0,0.0,2.0,0.0
788811,0.0,2.0,0.0,0.0,0.0,0.0,0.0
789054,0.0,0.0,0.0,0.0,0.0,0.0,0.0
790277,0.0,0.0,0.0,0.0,0.0,1.0,0.0
790279,0.0,0.0,0.0,0.0,0.0,2.0,0.0
790779,0.0,0.0,0.0,0.0,0.0,0.0,0.0
791955,0.0,0.0,0.0,0.0,0.0,1.0,0.0
792455,0.0,0.0,0.0,0.0,0.0,0.0,0.0
794926,0.0,0.0,0.0,0.0,0.0,1.0,0.0
795426,0.0,0.0,0.0,0.0,0.0,0.0,0.0
796968,0.0,0.0,0.0,0.0,0.0,1.0,0.0
797468,0.0,0.0,0.0,0.0,0.0,0.0,0.0
799919,0.0,0.0,0.0,0.0,0.0,1.0,0.0
800419,0.0,0.0,0.0,0.0,0.0,0.0,0.0
807000,0.0,0.0,0.0,0.0,0.0,0.0,1.0
807500,0.0,0.0,0.0,0.0,0.0,0.0,0.0
807867,0.0,0.0,0.0,0.0,0.0,1.0,0.0
808367,0.0,0.0,0.0,0.0,0.0,0.0,0.0
808918,0.0,0.0,0.0,0.0,0.0,1.0,0.0
808919,0.0,2.0,0.0,0.0,0.0,1.0,0.0
808920,0.0,2.0,0.0,0.0,0.0,2.0,0.0
809419,0.0,0.0,0.0,0.0,0.0,2.0,0.0
809420,0.0,0.0,0.0,0.0,0.0,0.0,0.0
809598,0.0,0.0,0.0,0.0,0.0,1.0,0.0
809609,0.0,0.0,0.0,0.0,0.0,2.0,0.0
810015,2.0,0.0,0.0,0.0,0.0,2.0,0.0
810109,2.0,0.0,0.0,0.0,0.0,0.0,0.0
810515,0.0,0.0,0.0,0.0,0.0,0.0,0.0
810532,0.0,0.0,0.0,0.0,0.0,1.0,0.0
810559,2.0,0.0,0.0,0.0,0.0,1.0,0.0
811032,2.0,0.0,0.0,0.0,0.0,0.0,0.0
811059,0.0,0.0,0.0,0.0,0.0,0.0,0.0
811694,0.0,0.0,0.0,0.0,1.0,0.0,0.0
812484,0.0,0.0,0.0,0.0,1.0,1.0,0.0
812984,0.0,0.0,0.0,0.0,1.0,0.0,0.0
813314,0.0,0.0,0.0,0.0,1.0,1.0,0.0
813439,2.0,0.0,0.0,0.0,1.0,1.0,0.0
813569,2.0,0.0,0.0,0.0,2.0,1.0,0.0
813814,2.0,0.0,0.0,0.0,2.0,0.0,0.0
813938,2.0,0.0,0.0,0.0,2.0,1.0,0.0
813939,0.0,0.0,0.0,0.0,2.0,1.0,0.0
814069,0.0,0.0,0.0,0.0,0.0,1.0,0.0
814438,0.0,0.0,0.0,0.0,0.0,0.0,0.0
814711,0.0,0.0,0.0,0.0,0.0,1.0,0.0
815211,0.0,0.0,0.0,0.0,0.0,0.0,0.0
815676,0.0,0.0,0.0,0.0,0.0,1.0,0.0
816176,0.0,0.0,0.0,0.0,0.0,0.0,0.0
817025,0.0,0.0,0.0,0.0,0.0,1.0,0.0
817031,0.0,0.0,0.0,0.0,0.0,2.0,0.0
817503,2.0,0.0,0.0,0.0,0.0,2.0,0.0
817531,2.0,0.0,0.0,0.0,0.0,0.0,0.0
818003,0.0,0.0,0.0,0.0,0.0,0.0,0.0
818122,0.0,0.0,0.0,0.0,0.0,1.0,0.0
818622,0.0,0.0,0.0,0.0,0.0,0.0,0.0
820256,0.0,0.0,0.0,0.0,0.0,1.0,0.0
820756,0.0,0.0,0.0,0.0,0.0,0.0,0.0
822567,0.0,0.0,0.0,0.0,0.0,1.0,0.0
822578,0.0,0.0,0.0,0.0,0.0,2.0,0.0
823078,0.0,0.0,0.0,0.0,0.0,0.0,0.0
823601,0.0,0.0,0.0,0.0,0.0,1.0,0.0
824101,0.0,0.0,0.0,0.0,0.0,0.0,0.0
824154,0.0,0.0,0.0,0.0,0.0,1.0,0.0
824654,0.0,0.0,0.0,0.0,0.0,0.0,0.0
824693,0.0,0.0,0.0,0.0,0.0,1.0,0.0
825193,0.0,0.0,0.0,0.0,0.0,0.0,0.0
825256,0.0,0.0,0.0,0.0,0.0,1.0,0.0
825274,0.0,0.0,0.0,0.0,0.0,2.0,0.0
825774,0.0,0.0,0.0,0.0,0.0,0.0,0.0
826964,0.0,0.0,0.0,0.0,0.0,1.0,0.0
827464,0.0,0.0,0.0,0.0,0.0,0.0,0.0
830402,0.0,0.0,0.0,0.0,0.0,1.0,0.0
830902,0.0,0.0,0.0,0.0,0.0,0.0,0.0
831342,0.0,0.0,0.0,0.0,0.0,1.0,0.0
831842,0.0,0.0,0.0,0.0,0.0,0.0,0.0
831876,0.0,0.0,0.0,0.0,0.0,1.0,0.0
832376,0.0,0.0,0.0,0.0,0.0,0.0,0.0
833426,0.0,0.0,0.0,0.0,0.0,1.0,0.0
833926,0.0,0.0,0.0,0.0,0.0,0.0,0.0
835148,0.0,0.0,0.0,0.0,0.0,1.0,0.0
835160,0.0,0.0,0.0,0.0,0.0,2.0,0.0
835660,0.0,0.0,0.0,0.0,0.0,0.0,0.0
837063,0.0,0.0,0.0,0.0,0.0,1.0,0.0
837563,0.0,0.0,0.0,0.0,0.0,0.0,0.0
838603,0.0,0.0,0.0,0.0,0.0,1.0,0.0
838608,0.0,0.0,0.0,0.0,0.0,2.0,0.0
839108,0.0,0.0,0.0,0.0,0.0,0.0,0.0
839549,0.0,0.0,0.0,0.0,0.0,1.0,0.0
839618,0.0,0.0,0.0,0.0,0.0,2.0,0.0
840118,0.0,0.0,0.0,0.0,0.0,0.0,0.0
843888,0.0,0.0,0.0,0.0,0.0,1.0,0.0
843892,0.0,0.0,0.0,0.0,0.0,2.0,0.0
844392,0.0,0.0,0.0,0.0,0.0,0.0,0.0
844452,0.0,0.0,0.0,0.0,0.0,1.0,0.0
844952,0.0,0.0,0.0,0.0,0.0,0.0,0.0
845609,0.0,0.0,0.0,0.0,0.0,1.0,0.0
846109,0.0,0.0,0.0,0.0,0.0,0.0,0.0
846167,0.0,0.0,0.0,0.0,0.0,1.0,0.0
846667,0.0,0.0,0.0,0.0,0.0,0.0,0.0
847292,0.0,0.0,0.0,0.0,0.0,1.0,0.0
847451,0.0,0.0,0.0,0.0,0.0,2.0,0.0
847951,0.0,0.0,0.0,0.0,0.0,0.0,0.0
848769,0.0,0.0,0.0,0.0,0.0,1.0,0.0
849269,0.0,0.0,0.0,0.0,0.0,0.0,0.0
849359,0.0,0.0,0.0,0.0,0.0,1.0,0.0
849859,0.0,0.0,0.0,0.0,0.0,0.0,0.0
850138,0.0,0.0,0.0,0.0,0.0,1.0,0.0
850638,0.0,0.0,0.0,0.0,0.0,0.0,0.0
852527,0.0,0.0,0.0,0.0,0.0,1.0,0.0
853027,0.0,0.0,0.0,0.0,0.0,0.0,0.0
853073,0.0,0.0,0.0,0.0,0.0,1.0,0.0
853573,0.0,0.0,0.0,0.0,0.0,0.0,0.0
853820,0.0,0.0,0.0,0.0,0.0,1.0,0.0
853830,0.0,0.0,0.0,0.0,0.0,2.0,0.0
854330,0.0,0.0,0.0,0.0,0.0,0.0,0.0
855467,0.0,0.0,0.0,0.0,0.0,1.0,0.0
855967,0.0,0.0,0.0,0.0,0.0,0.0,0.0
857090,0.0,0.0,0.0,0.0,0.0,1.0,0.0
857590,0.0,0.0,0.0,0.0,0.0,0.0,0.0
857622,0.0,0.0,0.0,0.0,0.0,1.0,0.0
857624,0.0,0.0,0.0,0.0,0.0,2.0,0.0
858124,0.0,0.0,0.0,0.0,0.0,0.0,0.0
858910,0.0,0.0,0.0,0.0,0.0,1.0,0.0
859410,0.0,0.0,0.0,0.0,0.0,0.0,0.0
859461,0.0,0.0,0.0,0.0,0.0,1.0,0.0
859961,0.0,0.0,0.0,0.0,0.0,0.0,0.0
861356,0.0,0.0,0.0,0.0,0.0,1.0,0.0
861656,0.0,2.0,0.0,0.0,0.0,1.0,0.0
861856,0.0,2.0,0.0,0.0,0.0,0.0,0.0
862156,0.0,0.0,0.0,0.0,0.0,0.0,0.0
862507,0.0,0.0,0.0,0.0,0.0,1.0,0.0
863007,0.0,0.0,0.0,0.0,0.0,0.0,0.0
864656,0.0,0.0,0.0,0.0,0.0,1.0,0.0
865156,0.0,0.0,0.0,0.0,0.0,0.0,0.0
868377,0.0,0.0,0.0,0.0,0.0,1.0,0.0
868877,0.0,0.0,0.0,0.0,0.0,0.0,0.0
870084,0.0,0.0,0.0,0.0,0.0,1.0,0.0
870086,0.0,0.0,0.0,0.0,0.0,2.0,0.0
870586,0.0,0.0,0.0,0.0,0.0,0.0,0.0
870784,0.0,0.0,0.0,0.0,0.0,1.0,0.0
871284,0.0,0.0,0.0,0.0,0.0,0.0,0.0
872258,0.0,0.0,0.0,0.0,0.0,1.0,0.0
872758,0.0,0.0,0.0,0.0,0.0,0.0,0.0
875374,0.0,0.0,0.0,0.0,0.0,1.0,0.0
875874,0.0,0.0,0.0,0.0,0.0,0.0,0.0
876464,0.0,0.0,0.0,0.0,0.0,1.0,0.0
876964,0.0,0.0,0.0,0.0,0.0,0.0,0.0
876975,0.0,0.0,0.0,0.0,0.0,1.0,0.0
876991,0.0,0.0,0.0,0.0,0.0,2.0,0.0
877491,0.0,0.0,0.0,0.0,0.0,0.0,0.0
878136,0.0,0.0,0.0,0.0,0.0,1.0,0.0
878636,0.0,0.0,0.0,0.0,0.0,0.0,0.0
879611,0.0,0.0,0.0,0.0,0.0,1.0,0.0
880007,0.0,0.0,0.0,0.0,0.0,2.0,0.0
880507,0.0,0.0,0.0,0.0,0.0,0.0,0.0
881840,0.0,0.0,0.0,0.0,0.0,1.0,0.0
882340,0.0,0.0,0.0,0.0,0.0,0.0,0.0
882483,0.0,0.0,0.0,0.0,0.0,1.0,0.0
882983,0.0,0.0,0.0,0.0,0.0,0.0,0.0
883332,0.0,0.0,0.0,0.0,0.0,1.0,0.0
883334,0.0,0.0,0.0,0.0,1.0,2.0,0.0
883337,0.0,0.0,0.0,0.0,2.0,2.0,0.0
883834,0.0,0.0,0.0,0.0,2.0,0.0,0.0
883837,0.0,0.0,0.0,0.0,0.0,0.0,0.0
886841,0.0,0.0,0.0,0.0,0.0,1.0,0.0
887341,0.0,0.0,0.0,0.0,0.0,0.0,0.0
887383,0.0,0.0,0.0,0.0,1.0,0.0,0.0
887594,0.0,0.0,0.0,0.0,1.0,1.0,0.0
887883,0.0,0.0,0.0,0.0,0.0,1.0,0.0
888094,0.0,0.0,0.0,0.0,0.0,0.0,0.0
889470,0.0,0.0,0.0,0.0,0.0,1.0,0.0
889970,0.0,0.0,0.0,0.0,0.0,0.0,0.0
890614,0.0,0.0,0.0,0.0,0.0,1.0,0.0
890621,0.0,0.0,0.0,0.0,0.0,2.0,0.0
891121,0.0,0.0,0.0,0.0,0.0,0.0,0.0
891357,0.0,0.0,0.0,0.0,0.0,1.0,0.0
891857,0.0,0.0,0.0,0.0,0.0,0.0,0.0
892490,0.0,0.0,0.0,0.0,0.0,1.0,0.0
892990,0.0,0.0,0.0,0.0,0.0,0.0,0.0
893137,0.0,0.0,0.0,0.0,0.0,1.0,0.0
893637,0.0,0.0,0.0,0.0,0.0,0.0,0.0
894353,0.0,0.0,0.0,0.0,0.0,1.0,0.0
894853,0.0,0.0,0.0,0.0,0.0,0.0,0.0
895542,0.0,0.0,0.0,0.0,0.0,1.0,0.0
895557,0.0,0.0,0.0,0.0,0.0,2.0,0.0
896057,0.0,0.0,0.0,0.0,0.0,0.0,0.0
896392,0.0,0.0,0.0,0.0,0.0,1.0,0.0
896892,0.0,0.0,0.0,0.0,0.0,0.0,0.0
898149,0.0,0.0,0.0,0.0,0.0,1.0,0.0
898649,0.0,0.0,0.0,0.0,0.0,0.0,0.0
899006,0.0,0.0,0.0,0.0,0.0,1.0,0.0
899014,0.0,0.0,0.0,0.0,0.0,2.0,0.0
899514,0.0,0.0,0.0,0.0,0.0,0.0,0.0
900512,0.0,0.0,0.0,0.0,0.0,1.0,0.0
901012,0.0,0.0,0.0,0.0,0.0,0.0,0.0
901174,0.0,0.0,0.0,0.0,0.0,1.0,0.0
901674,0.0,0.0,0.0,0.0,0.0,0.0,0.0
902233,0.0,0.0,0.0,0.0,0.0,1.0,0.0
902733,0.0,0.0,0.0,0.0,0.0,0.0,0.0
902847,0.0,0.0,0.0,0.0,0.0,1.0,0.0
902848,0.0,0.0,0.0,0.0,0.0,2.0,0.0
903348,0.0,0.0,0.0,0.0,0.0,0.0,0.0
903435,0.0,0.0,0.0,0.0,0.0,1.0,0.0
903935,0.0,0.0,0.0,0.0,0.0,0.0,0.0
906214,0.0,0.0,0.0,0.0,0.0,1.0,0.0
906714,0.0,0.0,0.0,0.0,0.0,0.0,0.0
912266,0.0,0.0,0.0,0.0,0.0,1.0,0.0
912766,0.0,0.0,0.0,0.0,0.0,0.0,0.0
916365,0.0,0.0,0.0,0.0,0.0,1.0,0.0
916865,0.0,0.0,0.0,0.0,0.0,0.0,0.0
917426,0.0,0.0,0.0,0.0,0.0,1.0,0.0
917926,0.0,0.0,0.0,0.0,0.0,0.0,0.0
918992,0.0,0.0,0.0,0.0,0.0,1.0,0.0
919492,0.0,0.0,0.0,0.0,0.0,0.0,0.0
919514,0.0,0.0,0.0,0.0,0.0,1.0,0.0
920014,0.0,0.0,0.0,0.0,0.0,0.0,0.0
920207,0.0,0.0,0.0,0.0,0.0,1.0,0.0
920707,0.0,0.0,0.0,0.0,0.0,0.0,0.0
922008,0.0,0.0,0.0,0.0,0.0,1.0,0.0
922508,0.0,0.0,0.0,0.0,0.0,0.0,0.0
924771,0.0,0.0,0.0,0.0,0.0,1.0,0.0
925271,0.0,0.0,0.0,0.0,0.0,0.0,0.0
927105,0.0,0.0,0.0,0.0,0.0,1.0,0.0
927605,0.0,0.0,0.0,0.0,0.0,0.0,0.0
929022,0.0,0.0,0.0,0.0,0.0,1.0,0.0
929522,0.0,0.0,0.0,0.0,0.0,0.0,0.0
931538,0.0,0.0,0.0,0.0,0.0,1.0,0.0
932038,0.0,0.0,0.0,0.0,0.0,0.0,0.0
935780,0.0,0.0,0.0,0.0,0.0,1.0,0.0
936280,0.0,0.0,0.0,0.0,0.0,0.0,0.0
937942,0.0,0.0,0.0,0.0,0.0,1.0,0.0
938442,0.0,0.0,0.0,0.0,0.0,0.0,0.0
942077,0.0,0.0,0.0,0.0,0.0,1.0,0.0
942577,0.0,0.0,0.0,0.0,0.0,0.0,0.0
943408,0.0,0.0,0.0,0.0,0.0,1.0,0.0
943410,0.0,0.0,0.0,0.0,0.0,2.0,0.0
943910,0.0,0.0,0.0,0.0,0.0,0.0,0.0
947229,0.0,0.0,0.0,0.0,0.0,1.0,0.0
947729,0.0,0.0,0.0,0.0,0.0,0.0,0.0
948639,0.0,0.0,0.0,0.0,0.0,1.0,0.0
949139,0.0,0.0,0.0,0.0,0.0,0.0,0.0
950261,0.0,0.0,0.0,0.0,0.0,1.0,0.0
950761,0.0,0.0,0.0,0.0,0.0,0.0,0.0
951881,0.0,0.0,0.0,0.0,0.0,1.0,0.0
951896,0.0,0.0,0.0,0.0,0.0,2.0,0.0
952396,0.0,0.0,0.0,0.0,0.0,0.0,0.0
960695,0.0,0.0,0.0,0.0,0.0,1.0,0.0
961195,0.0,0.0,0.0,0.0,0.0,0.0,0.0
963000,0.0,0.0,0.0,0.0,0.0,1.0,0.0
963500,0.0,0.0,0.0,0.0,0.0,0.0,0.0
966259,0.0,0.0,0.0,0.0,0.0,1.0,0.0
966759,0.0,0.0,0.0,0.0,0.0,0.0,0.0
968228,0.0,0.0,0.0,0.0,0.0,1.0,0.0
968728,0.0,0.0,0.0,0.0,0.0,0.0,0.0
973924,0.0,0.0,0.0,0.0,0.0,1.0,0.0
974424,0.0,0.0,0.0,0.0,0.0,0.0,0.0
975878,0.0,0.0,0.0,0.0,0.0,1.0,0.0
976378,0.0,0.0,0.0,0.0,0.0,0.0,0.0
977299,0.0,0.0,0.0,0.0,0.0,1.0,0.0
977497,0.0,0.0,0.0,0.0,0.0,2.0,0.0
977997,0.0,0.0,0.0,0.0,0.0,0.0,0.0
980421,0.0,0.0,0.0,0.0,0.0,1.0,0.0
980921,0.0,0.0,0.0,0.0,0.0,0.0,0.0
984091,0.0,0.0,0.0,0.0,0.0,1.0,0.0
984591,0.0,0.0,0.0,0.0,0.0,0.0,0.0
985822,0.0,0.0,0.0,0.0,0.0,1.0,0.0
986322,0.0,0.0,0.0,0.0,0.0,0.0,0.0
989568,0.0,0.0,0.0,0.0,0.0,1.0,0.0
989571,0.0,0.0,0.0,0.0,0.0,2.0,0.0
990071,0.0,0.0,0.0,0.0,0.0,0.0,0.0
994541,0.0,0.0,0.0,0.0,0.0,1.0,0.0
995041,0.0,0.0,0.0,0.0,0.0,0.0,0.0
995733,0.0,0.0,0.0,0.0,0.0,1.0,0.0
996233,0.0,0.0,0.0,0.0,0.0,0.0,0.0
999232,0.0,0.0,0.0,0.0,0.0,1.0,0.0
999732,0.0,0.0,0.0,0.0,0.0,0.0,0.0
1000447,0.0,0.0,0.0,0.0,0.0,1.0,0.0
1000947,0.0,0.0,0.0,0.0,0.0,0.0,0.0
1003499,0.0,0.0,0.0,0.0,0.0,1.0,0.0
1003999,0.0,0.0,0.0,0.0,0.0,0.0,0.0
1004727,0.0,0.0,0.0,0.0,0.0,1.0,0.0
1005227,0.0,0.0,0.0,0.0,0.0,0.0,0.0
1005867,0.0,0.0,0.0,0.0,0.0,1.0,0.0
1006367,0.0,0.0,0.0,0.0,0.0,0.0,0.0
1006416,0.0,0.0,0.0,0.0,0.0,1.0,0.0
1006595,0.0,0.0,0.0,0.0,0.0,2.0,0.0
1007095,0.0,0.0,0.0,0.0,0.0,0.0,0.0
1009000,0.0,0.0,0.0,0.0,0.0,0.0,1.0
1009500,0.0,0.0,0.0,0.0,0.0,0.0,0.0
1011382,0.0,0.0,0.0,0.0,0.0,1.0,0.0
1011394,0.0,2.0,0.0,0.0,0.0,1.0,0.0
1011423,2.0,2.0,0.0,0.0,0.0,1.0,0.0
1011728,2.0,2.0,0.0,0.0,1.0,1.0,0.0
1011826,2.0,2.0,0.0,0.0,1.0,2.0,0.0
1011894,2.0,0.0,0.0,0.0,1.0,2.0,0.0
1011923,0.0,0.0,0.0,0.0,1.0,2.0,0.0
1011935,2.0,0.0,0.0,0.0,1.0,2.0,0.0
1012222,2.0,0.0,0.0,0.0,2.0,2.0,0.0
1012326,2.0,0.0,0.0,0.0,2.0,0.0,0.0
1012435,0.0,0.0,0.0,0.0,2.0,0.0,0.0
1012451,0.0,0.0,0.0,0.0,2.0,1.0,0.0
1012453,0.0,0.0,0.0,0.0,2.0,2.0,0.0
1012722,0.0,0.0,0.0,0.0,0.0,2.0,0.0
1012953,0.0,0.0,0.0,0.0,0.0,0.0,0.0
1012991,2.0,0.0,0.0,0.0,0.0,0.0,0.0
1013491,0.0,0.0,0.0,0.0,0.0,0.0,0.0
1015412,0.0,0.0,0.0,0.0,0.0,1.0,0.0
1015912,0.0,0.0,0.0,0.0,0.0,0.0,0.0
1016223,2.0,0.0,0.0,0.0,0.0,0.0,0.0
1016466,2.0,0.0,0.0,0.0,0.0,1.0,0.0
1016723,0.0,0.0,0.0,0.0,0.0,1.0,0.0
1016966,0.0,0.0,0.0,0.0,0.0,0.0,0.0
1017018,0.0,0.0,0.0,0.0,0.0,1.0,0.0
1017518,0.0,0.0,0.0,0.0,0.0,0.0,0.0
1017526,0.0,0.0,0.0,0.0,0.0,1.0,0.0
1017549,0.0,0.0,0.0,0.0,0.0,2.0,0.0
1017551,0.0,2.0,0.0,0.0,0.0,2.0,0.0
1018049,0.0,2.0,0.0,0.0,0.0,0.0,0.0
1018051,0.0,0.0,0.0,0.0,0.0,0.0,0.0
1018582,0.0,0.0,0.0,0.0,0.0,1.0,0.0
1019082,0.0,0.0,0.0,0.0,0.0,0.0,0.0
1019291,0.0,0.0,0.0,0.0,0.0,1.0,0.0
1019295,0.0,0.0,0.0,0.0,0.0,2.0,0.0
1019795,0.0,0.0,0.0,0.0,0.0,0.0,0.0
1021600,0.0,0.0,0.0,0.0,0.0,1.0,0.0
1022100,0.0,0.0,0.0,0.0,0.0,0.0,0.0
1023689,0.0,0.0,0.0,0.0,0.0,1.0,0.0
1024189,0.0,0.0,0.0,0.0,0.0,0.0,0.0
1024278,0.0,0.0,0.0,0.0,0.0,1.0,0.0
1024778,0.0,0.0,0.0,0.0,0.0,0.0,0.0
1025021,0.0,0.0,0.0,0.0,0.0,1.0,0.0
1025521,0.0,0.0,0.0,0.0,0.0,0.0,0.0
1025725,0.0,0.0,0.0,0.0,0.0,1.0,0.0
1026225,0.0,0.0,0.0,0.0,0.0,0.0,0.0
1026943,2.0,0.0,0.0,0.0,0.0,0.0,0.0
1027443,0.0,0.0,0.0,0.0,0.0,0.0,0.0
1029291,0.0,0.0,0.0,0.0,0.0,1.0,0.0
1029293,0.0,0.0,0.0,0.0,0.0,2.0,0.0
1029793,0.0,0.0,0.0,0.0,0.0,0.0,0.0
1030669,0.0,0.0,0.0,0.0,0.0,1.0,0.0
1031169,0.0,0.0,0.0,0.0,0.0,0.0,0.0
1031681,0.0,0.0,0.0,0.0,0.0,1.0,0.0
1032181,0.0,0.0,0.0,0.0,0.0,0.0,0.0
1033645,0.0,0.0,0.0,0.0,0.0,1.0,0.0
1034145,0.0,0.0,0.0,0.0,0.0,0.0,0.0
1037264,0.0,0.0,0.0,0.0,0.0,1.0,0.0
1037368,0.0,0.0,0.0,0.0,0.0,2.0,0.0
1037868,0.0,0.0,0.0,0.0,0.0,0.0,0.0
1038055,0.0,0.0,0.0,0.0,0.0,1.0,0.0
1038555,0.0,0.0,0.0,0.0,0.0,0.0,0.0
1039646,0.0,0.0,0.0,0.0,0.0,1.0,0.0
1040146,0.0,0.0,0.0,0.0,0.0,0.0,0.0
1041604,0.0,0.0,0.0,0.0,0.0,1.0,0.0
1042104,0.0,0.0,0.0,0.0,0.0,0.0,0.0
1042716,0.0,0.0,0.0,0.0,0.0,1.0,0.0
1043216,0.0,0.0,0.0,0.0,0.0,0.0,0.0
1045113,0.0,0.0,0.0,0.0,0.0,1.0,0.0
1045115,0.0,0.0,0.0,0.0,0.0,2.0,0.0
1045615,0.0,0.0,0.0,0.0,0.0,0.0,0.0
1046297,0.0,0.0,0.0,0.0,0.0,1.0,0.0
1046307,0.0,0.0,0.0,0.0,0.0,2.0,0.0
1046807,0.0,0.0,0.0,0.0,0.0,0.0,0.0
1047463,0.0,0.0,0.0,0.0,0.0,1.0,0.0
1047963,0.0,0.0,0.0,0.0,0.0,0.0,0.0
1048554,0.0,0.0,0.0,0.0,0.0,1.0,0.0
1049054,0.0,0.0,0.0,0.0,0.0,0.0,0.0
1049082,0.0,0.0,0.0,0.0,0.0,1.0,0.0
1049582,0.0,0.0,0.0,0.0,0.0,0.0,0.0
1050791,0.0,0.0,0.0,0.0,0.0,1.0,0.0
1051291,0.0,0.0,0.0,0.0,0.0,0.0,0.0
1053178,0.0,0.0,0.0,0.0,1.0,0.0,0.0
1053633,0.0,0.0,0.0,0.0,1.0,1.0,0.0
1053678,0.0,0.0,0.0,0.0,0.0,1.0,0.0
1054071,0.0,0.0,0.0,0.0,0.0,2.0,0.0
1054571,0.0,0.0,0.0,0.0,0.0,0.0,0.0
1055033,0.0,0.0,0.0,0.0,0.0,1.0,0.0
1055034,0.0,0.0,0.0,0.0,0.0,2.0,0.0
1055534,0.0,0.0,0.0,0.0,0.0,0.0,0.0
1055686,0.0,0.0,0.0,0.0,0.0,1.0,0.0
1056186,0.0,0.0,0.0,0.0,0.0,0.0,0.0
1057038,0.0,0.0,0.0,0.0,0.0,1.0,0.0
1057538,0.0,0.0,0.0,0.0,0.0,0.0,0.0
1058242,0.0,0.0,0.0,0.0,0.0,1.0,0.0
1058742,0.0,0.0,0.0,0.0,0.0,0.0,0.0
1059228,0.0,0.0,0.0,0.0,0.0,1.0,0.0
1059229,0.0,0.0,0.0,0.0,0.0,2.0,0.0
1059729,0.0,0.0,0.0,0.0,0.0,0.0,0.0
1059740,0.0,0.0,0.0,0.0,0.0,1.0,0.0
1060240,0.0,0.0,0.0,0.0,0.0,0.0,0.0
1060504,0.0,0.0,0.0,0.0,0.0,1.0,0.0
1061004,0.0,0.0,0.0,0.0,0.0,0.0,0.0
1061116,0.0,0.0,0.0,0.0,0.0,1.0,0.0
1061118,0.0,0.0,0.0,0.0,0.0,2.0,0.0
1061618,0.0,0.0,0.0,0.0,0.0,0.0,0.0
1062789,0.0,0.0,0.0,0.0,0.0,1.0,0.0
1063289,0.0,0.0,0.0,0.0,0.0,0.0,0.0
1064230,0.0,0.0,0.0,0.0,0.0,1.0,0.0
1064730,0.0,0.0,0.0,0.0,0.0,0.0,0.0
1065727,0.0,0.0,0.0,0.0,0.0,1.0,0.0
1065865,0.0,0.0,0.0,0.0,0.0,2.0,0.0
1066365,0.0,0.0,0.0,0.0,0.0,0.0,0.0
1066369,0.0,0.0,0.0,0.0,0.0,1.0,0.0
1066869,0.0,0.0,0.0,0.0,0.0,0.0,0.0
1067383,0.0,0.0,0.0,0.0,0.0,1.0,0.0
1067883,0.0,0.0,0.0,0.0,0.0,0.0,0.0
1068340,0.0,0.0,0.0,0.0,0.0,1.0,0.0
1068430,0.0,0.0,0.0,0.0,0.0,2.0,0.0
1068930,0.0,0.0,0.0,0.0,0.0,0.0,0.0
1068971,0.0,0.0,0.0,0.0,0.0,1.0,0.0
1069471,0.0,0.0,0.0,0.0,0.0,0.0,0.0
1070456,0.0,0.0,0.0,0.0,0.0,1.0,0.0
1070944,0.0,0.0,0.0,0.0,0.0,2.0,0.0
1071444,0.0,0.0,0.0,0.0,0.0,0.0,0.0
1071794,0.0,0.0,0.0,0.0,0.0,1.0,0.0
1072294,0.0,0.0,0.0,0.0,0.0,0.0,0.0
1072801,0.0,0.0,0.0,0.0,0.0,1.0,0.0
1073301,0.0,0.0,0.0,0.0,0.0,0.0,0.0
1073451,0.0,0.0,0.0,0.0,0.0,1.0,0.0
1073951,0.0,0.0,0.0,0.0,0.0,0.0,0.0
1074099,0.0,0.0,0.0,0.0,0.0,1.0,0.0
1074599,0.0,0.0,0.0,0.0,0.0,0.0,0.0
1074847,0.0,0.0,0.0,0.0,0.0,1.0,0.0
1075347,0.0,0.0,0.0,0.0,0.0,0.0,0.0
1076439,0.0,0.0,0.0,0.0,0.0,1.0,0.0
1076622,0.0,0.0,0.0,0.0,0.0,2.0,0.0
1077122,0.0,0.0,0.0,0.0,0.0,0.0,0.0
1077403,0.0,0.0,0.0,0.0,0.0,1.0,0.0
1077676,0.0,0.0,0.0,0.0,0.0,2.0,0.0
1078176,0.0,0.0,0.0,0.0,0.0,0.0,0.0
1081560,0.0,0.0,0.0,0.0,0.0,1.0,0.0
1082060,0.0,0.0,0.0,0.0,0.0,0.0,0.0
1082519,0.0,0.0,0.0,0.0,0.0,1.0,0.0
1082521,0.0,0.0,0.0,0.0,0.0,2.0,0.0
1083021,0.0,0.0,0.0,0.0,0.0,0.0,0.0
1083027,0.0,0.0,0.0,0.0,0.0,1.0,0.0
1083527,0.0,0.0,0.0,0.0,0.0,0.0,0.0
1084017,0.0,0.0,0.0,0.0,0.0,1.0,0.0
1084517,0.0,0.0,0.0,0.0,0.0,0.0,0.0
1085522,0.0,0.0,0.0,0.0,0.0,1.0,0.0
1085768,0.0,0.0,0.0,0.0,0.0,2.0,0.0
1086268,0.0,0.0,0.0,0.0,0.0,0.0,0.0
1086950,0.0,0.0,0.0,0.0,0.0,1.0,0.0
1087450,0.0,0.0,0.0,0.0,0.0,0.0,0.0
1087643,0.0,0.0,0.0,0.0,0.0,1.0,0.0
1088143,0.0,0.0,0.0,0.0,0.0,0.0,0.0
1088452,0.0,0.0,0.0,0.0,0.0,1.0,0.0
1088952,0.0,0.0,0.0,0.0,0.0,0.0,0.0
1089337,0.0,0.0,0.0,0.0,0.0,1.0,0.0
1089837,0.0,0.0,0.0,0.0,0.0,0.0,0.0
1091124,0.0,0.0,0.0,0.0,0.0,1.0,0.0
1091624,0.0,0.0,0.0,0.0,0.0,0.0,0.0
1092328,0.0,0.0,0.0,0.0,0.0,1.0,0.0
1092344,0.0,0.0,0.0,0.0,0.0,2.0,0.0
1092844,0.0,0.0,0.0,0.0,0.0,0.0,0.0
1093757,0.0,0.0,0.0,0.0,0.0,1.0,0.0
1094257,0.0,0.0,0.0,0.0,0.0,0.0,0.0
1095345,0.0,0.0,0.0,0.0,0.0,1.0,0.0
1095845,0.0,0.0,0.0,0.0,0.0,0.0,0.0
1097253,0.0,0.0,0.0,0.0,0.0,1.0,0.0
1097753,0.0,0.0,0.0,0.0,0.0,0.0,0.0
1098101,0.0,0.0,0.0,0.0,0.0,1.0,0.0
1098601,0.0,0.0,0.0,0.0,0.0,0.0,0.0
1098702,0.0,0.0,0.0,0.0,0.0,1.0,0.0
1099202,0.0,0.0,0.0,0.0,0.0,0.0,0.0
1099848,0.0,0.0,0.0,0.0,0.0,1.0,0.0
1100348,0.0,0.0,0.0,0.0,0.0,0.0,0.0
1101286,0.0,0.0,0.0,0.0,0.0,1.0,0.0
1101786,0.0,0.0,0.0,0.0,0.0,0.0,0.0
1102324,0.0,0.0,0.0,0.0,0.0,1.0,0.0
1102824,0.0,0.0,0.0,0.0,0.0,0.0,0.0
1103455,0.0,0.0,0.0,0.0,0.0,1.0,0.0
1103559,0.0,0.0,0.0,0.0,0.0,2.0,0.0
1104059,0.0,0.0,0.0,0.0,0.0,0.0,0.0
1104314,0.0,2.0,0.0,0.0,0.0,0.0,0.0
1104814,0.0,0.0,0.0,0.0,0.0,0.0,0.0
1104981,0.0,0.0,0.0,0.0,0.0,1.0,0.0
1104984,0.0,0.0,0.0,0.0,0.0,2.0,0.0
1105484,0.0,0.0,0.0,0.0,0.0,0.0,0.0
1108168,0.0,0.0,0.0,0.0,0.0,1.0,0.0
1108668,0.0,0.0,0.0,0.0,0.0,0.0,0.0
1109504,0.0,0.0,0.0,0.0,0.0,1.0,0.0
1110004,0.0,0.0,0.0,0.0,0.0,0.0,0.0
1110479,0.0,0.0,0.0,0.0,0.0,1.0,0.0
1110979,0.0,0.0,0.0,0.0,0.0,0.0,0.0
1113922,0.0,0.0,0.0,0.0,0.0,1.0,0.0
1114422,0.0,0.0,0.0,0.0,0.0,0.0,0.0
1115224,0.0,0.0,0.0,0.0,1.0,1.0,0.0
1115724,0.0,0.0,0.0,0.0,0.0,0.0,0.0
1117810,0.0,0.0,0.0,0.0,0.0,1.0,0.0
1118310,0.0,0.0,0.0,0.0,0.0,0.0,0.0
1121211,0.0,0.0,0.0,0.0,0.0,1.0,0.0
1121711,0.0,0.0,0.0,0.0,0.0,0.0,0.0
1122970,0.0,0.0,0.0,0.0,0.0,1.0,0.0
1123470,0.0,0.0,0.0,0.0,0.0,0.0,0.0
1124233,0.0,0.0,0.0,0.0,0.0,1.0,0.0
1124733,0.0,0.0,0.0,0.0,0.0,0.0,0.0
1125429,0.0,0.0,0.0,0.0,1.0,0.0,0.0
1125929,0.0,0.0,0.0,0.0,0.0,0.0,0.0
1127451,0.0,0.0,0.0,0.0,1.0,0.0,0.0
1127951,0.0,0.0,0.0,0.0,0.0,0.0,0.0
1129343,0.0,0.0,0.0,0.0,1.0,0.0,0.0
1129843,0.0,0.0,0.0,0.0,0.0,0.0,0.0
1130252,0.0,0.0,0.0,0.0,0.0,1.0,0.0
1130752,0.0,0.0,0.0,0.0,0.0,0.0,0.0
1131878,0.0,0.0,0.0,0.0,0.0,1.0,0.0
1132378,0.0,0.0,0.0,0.0,0.0,0.0,0.0
1133884,0.0,0.0,0.0,0.0,0.0,1.0,0.0
1134384,0.0,0.0,0.0,0.0,0.0,0.0,0.0
1136297,0.0,0.0,0.0,0.0,0.0,1.0,0.0
1136797,0.0,0.0,0.0,0.0,0.0,0.0,0.0
1140197,0.0,0.0,0.0,0.0,0.0,1.0,0.0
1140697,0.0,0.0,0.0,0.0,0.0,0.0,0.0
1141482,0.0,0.0,0.0,0.0,0.0,1.0,0.0
1141682,0.0,0.0,0.0,0.0,0.0,2.0,0.0
1142182,0.0,0.0,0.0,0.0,0.0,0.0,0.0
1143706,0.0,0.0,0.0,0.0,0.0,1.0,0.0
1144206,0.0,0.0,0.0,0.0,0.0,0.0,0.0
1144574,0.0,0.0,0.0,0.0,0.0,1.0,0.0
1145074,0.0,0.0,0.0,0.0,0.0,0.0,0.0
1149908,0.0,0.0,0.0,0.0,0.0,1.0,0.0
1150408,0.0,0.0,0.0,0.0,0.0,0.0,0.0
1151480,0.0,0.0,0.0,0.0,0.0,1.0,0.0
1151980,0.0,0.0,0.0,0.0,0.0,0.0,0.0
1153398,0.0,0.0,0.0,0.0,0.0,1.0,0.0
1153898,0.0,0.0,0.0,0.0,0.0,0.0,0.0
1153952,0.0,0.0,0.0,0.0,0.0,1.0,0.0
1153957,0.0,0.0,0.0,0.0,0.0,2.0,0.0
1154457,0.0,0.0,0.0,0.0,0.0,0.0,0.0
1154487,0.0,0.0,0.0,0.0,0.0,1.0,0.0
1154987,0.0,0.0,0.0,0.0,0.0,0.0,0.0
1156771,0.0,0.0,0.0,0.0,0.0,1.0,0.0
1157271,0.0,0.0,0.0,0.0,0.0,0.0,0.0
1159723,0.0,0.0,0.0,0.0,1.0,0.0,0.0
1160223,0.0,0.0,0.0,0.0,0.0,0.0,0.0
1160716,0.0,0.0,0.0,0.0,0.0,1.0,0.0
1161216,0.0,0.0,0.0,0.0,0.0,0.0,0.0
1162281,0.0,0.0,0.0,0.0,0.0,1.0,0.0
1162781,0.0,0.0,0.0,0.0,0.0,0.0,0.0
1163775,0.0,0.0,0.0,0.0,0.0,1.0,0.0
1164275,0.0,0.0,0.0,0.0,0.0,0.0,0.0
1165129,0.0,0.0,0.0,0.0,0.0,1.0,0.0
1165136,0.0,0.0,0.0,0.0,0.0,2.0,0.0
1165636,0.0,0.0,0.0,0.0,0.0,0.0,0.0
1168716,0.0,0.0,0.0,0.0,0.0,1.0,0.0
1169216,0.0,0.0,0.0,0.0,0.0,0.0,0.0
1170269,0.0,0.0,0.0,0.0,0.0,1.0,0.0
1170769,0.0,0.0,0.0,0.0,0.0,0.0,0.0
1173134,0.0,0.0,0.0,0.0,0.0,1.0,0.0
1173138,0.0,0.0,0.0,0.0,0.0,2.0,0.0
1173638,0.0,0.0,0.0,0.0,0.0,0.0,0.0
1177183,0.0,0.0,0.0,0.0,0.0,1.0,0.0
1177683,0.0,0.0,0.0,0.0,0.0,0.0,0.0
1177806,0.0,0.0,0.0,0.0,0.0,1.0,0.0
1178306,0.0,0.0,0.0,0.0,0.0,0.0,0.0
1180874,0.0,0.0,0.0,0.0,0.0,1.0,0.0
1181374,0.0,0.0,0.0,0.0,0.0,0.0,0.0
1182662,0.0,0.0,0.0,0.0,0.0,1.0,0.0
1183162,0.0,0.0,0.0,0.0,0.0,0.0,0.0
1184020,0.0,0.0,0.0,0.0,0.0,1.0,0.0
1184520,0.0,0.0,0.0,0.0,0.0,0.0,0.0
1184541,0.0,0.0,0.0,0.0,0.0,1.0,0.0
1185041,0.0,0.0,0.0,0.0,0.0,0.0,0.0
1185320,0.0,2.0,0.0,0.0,0.0,0.0,0.0
1185820,0.0,0.0,0.0,0.0,0.0,0.0,0.0
1186428,0.0,0.0,0.0,0.0,0.0,1.0,0.0
1186928,0.0,0.0,0.0,0.0,0.0,0.0,0.0
1188844,0.0,2.0,0.0,0.0,0.0,0.0,0.0
1189344,0.0,0.0,0.0,0.0,0.0,0.0,0.0
1192182,0.0,0.0,0.0,0.0,0.0,1.0,0.0
1192682,0.0,0.0,0.0,0.0,0.0,0.0,0.0
1193154,0.0,0.0,0.0,0.0,0.0,1.0,0.0
1193654,0.0,0.0,0.0,0.0,0.0,0.0,0.0
1194883,0.0,0.0,0.0,0.0,0.0,1.0,0.0
1195383,0.0,0.0,0.0,0.0,0.0,0.0,0.0
1197786,0.0,0.0,0.0,0.0,0.0,1.0,0.0
1198286,0.0,0.0,0.0,0.0,0.0,0.0,0.0
1200859,0.0,0.0,0.0,0.0,0.0,1.0,0.0
1201359,0.0,0.0,0.0,0.0,0.0,0.0,0.0
1202715,0.0,0.0,0.0,0.0,0.0,1.0,0.0
1203215,0.0,0.0,0.0,0.0,0.0,0.0,0.0
1203985,0.0,0.0,0.0,0.0,0.0,1.0,0.0
1204485,0.0,0.0,0.0,0.0,0.0,0.0,0.0
1205138,0.0,0.0,0.0,0.0,0.0,1.0,0.0
1205139,0.0,0.0,0.0,0.0,0.0,2.0,0.0
1205639,0.0,0.0,0.0,0.0,0.0,0.0,0.0
1211000,0.0,0.0,0.0,0.0,0.0,0.0,1.0
1211500,0.0,0.0,0.0,0.0,0.0,0.0,0.0
1211752,0.0,0.0,0.0,0.0,0.0,1.0,0.0
1212252,0.0,0.0,0.0,0.0,0.0,0.0,0.0
1212393,0.0,0.0,0.0,0.0,0.0,1.0,0.0
1212540,0.0,2.0,0.0,0.0,0.0,1.0,0.0
1212863,2.0,2.0,0.0,0.0,0.0,1.0,0.0
1212893,2.0,2.0,0.0,0.0,0.0,0.0,0.0
1212896,2.0,2.0,0.0,0.0,0.0,1.0,0.0
1213040,2.0,0.0,0.0,0.0,0.0,1.0,0.0
1213363,0.0,0.0,0.0,0.0,0.0,1.0,0.0
1213396,0.0,0.0,0.0,0.0,0.0,0.0,0.0
1213864,0.0,0.0,0.0,0.0,0.0,1.0,0.0
1214248,0.0,0.0,0.0,0.0,0.0,2.0,0.0
1214748,0.0,0.0,0.0,0.0,0.0,0.0,0.0
1215103,0.0,0.0,0.0,0.0,1.0,0.0,0.0
1215286,0.0,0.0,0.0,0.0,1.0,1.0,0.0
1215786,0.0,0.0,0.0,0.0,1.0,0.0,0.0
1217529,0.0,0.0,0.0,0.0,1.0,1.0,0.0
1217634,0.0,0.0,0.0,0.0,2.0,1.0,0.0
1217967,0.0,0.0,0.0,0.0,2.0,2.0,0.0
1218134,0.0,0.0,0.0,0.0,0.0,2.0,0.0
1218467,0.0,0.0,0.0,0.0,0.0,0.0,0.0
1220773,0.0,2.0,0.0,0.0,0.0,0.0,0.0
1220775,0.0,2.0,0.0,0.0,0.0,1.0,0.0
1221273,0.0,0.0,0.0,0.0,0.0,1.0,0.0
1221275,0.0,0.0,0.0,0.0,0.0,0.0,0.0
1221699,0.0,0.0,0.0,0.0,0.0,1.0,0.0
1222199,0.0,0.0,0.0,0.0,0.0,0.0,0.0
1222903,0.0,0.0,0.0,0.0,0.0,1.0,0.0
1223403,0.0,0.0,0.0,0.0,0.0,0.0,0.0
1223498,0.0,0.0,0.0,0.0,0.0,1.0,0.0
1223998,0.0,0.0,0.0,0.0,0.0,0.0,0.0
1224257,0.0,0.0,0.0,0.0,0.0,1.0,0.0
1224757,0.0,0.0,0.0,0.0,0.0,0.0,0.0
1227257,0.0,0.0,0.0,0.0,0.0,1.0,0.0
1227757,0.0,0.0,0.0,0.0,0.0,0.0,0.0
1228665,0.0,0.0,0.0,0.0,0.0,1.0,0.0
1228671,0.0,0.0,0.0,0.0,0.0,2.0,0.0
1229137,0.0,0.0,0.0,0.0,1.0,2.0,0.0
1229171,0.0,0.0,0.0,0.0,1.0,0.0,0.0
1229637,0.0,0.0,0.0,0.0,0.0,0.0,0.0
1231390,0.0,0.0,0.0,0.0,0.0,1.0,0.0
1231671,0.0,0.0,0.0,0.0,0.0,2.0,0.0
1232171,0.0,0.0,0.0,0.0,0.0,0.0,0.0
1232410,0.0,0.0,0.0,0.0,0.0,1.0,0.0
1232910,0.0,0.0,0.0,0.0,0.0,0.0,0.0
1233247,0.0,0.0,0.0,0.0,1.0,1.0,0.0
1233747,0.0,0.0,0.0,0.0,0.0,0.0,0.0
1235996,0.0,0.0,0.0,0.0,0.0,1.0,0.0
1236496,0.0,0.0,0.0,0.0,0.0,0.0,0.0
1236560,0.0,0.0,0.0,0.0,0.0,1.0,0.0
1237060,0.0,0.0,0.0,0.0,0.0,0.0,0.0
1237559,0.0,0.0,0.0,0.0,0.0,1.0,0.0
1238059,0.0,0.0,0.0,0.0,0.0,0.0,0.0
1238340,0.0,0.0,0.0,0.0,0.0,1.0,0.0
1238840,0.0,0.0,0.0,0.0,0.0,0.0,0.0
1239122,0.0,0.0,0.0,0.0,0.0,1.0,0.0
1239622,0.0,0.0,0.0,0.0,0.0,0.0,0.0
1241116,0.0,0.0,0.0,0.0,0.0,1.0,0.0
1241616,0.0,0.0,0.0,0.0,0.0,0.0,0.0
1242059,0.0,0.0,0.0,0.0,0.0,1.0,0.0
1242559,0.0,0.0,0.0,0.0,0.0,0.0,0.0
1243237,0.0,0.0,0.0,0.0,0.0,1.0,0.0
1243244,0.0,0.0,0.0,0.0,0.0,2.0,0.0
1243744,0.0,0.0,0.0,0.0,0.0,0.0,0.0
1244460,0.0,0.0,0.0,0.0,0.0,1.0,0.0
1244960,0.0,0.0,0.0,0.0,0.0,0.0,0.0
1245227,0.0,0.0,0.0,0.0,0.0,1.0,0.0
1245727,0.0,0.0,0.0,0.0,0.0,0.0,0.0
1246825,0.0,0.0,0.0,0.0,0.0,1.0,0.0
1247325,0.0,0.0,0.0,0.0,0.0,0.0,0.0
1247913,0.0,0.0,0.0,0.0,0.0,1.0,0.0
1248413,0.0,0.0,0.0,0.0,0.0,0.0,0.0
1248586,0.0,0.0,0.0,0.0,0.0,1.0,0.0
1249086,0.0,0.0,0.0,0.0,0.0,0.0,0.0
1249111,0.0,0.0,0.0,0.0,0.0,1.0,0.0
1249611,0.0,0.0,0.0,0.0,0.0,0.0,0.0
1250246,0.0,0.0,0.0,0.0,0.0,1.0,0.0
1250746,0.0,0.0,0.0,0.0,0.0,0.0,0.0
1251028,0.0,0.0,0.0,0.0,0.0,1.0,0.0
1251528,0.0,0.0,0.0,0.0,0.0,0.0,0.0
1254882,0.0,0.0,0.0,0.0,0.0,1.0,0.0
1255382,0.0,0.0,0.0,0.0,0.0,0.0,0.0
1257517,0.0,0.0,0.0,0.0,0.0,1.0,0.0
1257700,0.0,0.0,0.0,0.0,0.0,2.0,0.0
1258200,0.0,0.0,0.0,0.0,0.0,0.0,0.0
1258616,0.0,0.0,0.0,0.0,0.0,1.0,0.0
1259116,0.0,0.0,0.0,0.0,0.0,0.0,0.0
1259282,0.0,0.0,0.0,0.0,0.0,1.0,0.0
1259284,0.0,0.0,0.0,0.0,0.0,2.0,0.0
1259784,0.0,0.0,0.0,0.0,0.0,0.0,0.0
1260439,0.0,0.0,0.0,0.0,0.0,1.0,0.0
1260939,0.0,0.0,0.0,0.0,0.0,0.0,0.0
1262994,0.0,0.0,0.0,0.0,0.0,1.0,0.0
1263494,0.0,0.0,0.0,0.0,0.0,0.0,0.0
1264625,0.0,0.0,0.0,0.0,0.0,1.0,0.0
1265125,0.0,0.0,0.0,0.0,0.0,0.0,0.0
1266340,0.0,0.0,0.0,0.0,0.0,1.0,0.0
1266342,0.0,0.0,0.0,0.0,0.0,2.0,0.0
1266842,0.0,0.0,0.0,0.0,0.0,0.0,0.0
1272667,0.0,0.0,0.0,0.0,0.0,1.0,0.0
1273134,0.0,0.0,0.0,0.0,0.0,2.0,0.0
1273634,0.0,0.0,0.0,0.0,0.0,0.0,0.0
1274307,0.0,0.0,0.0,0.0,0.0,1.0,0.0
1274807,0.0,0.0,0.0,0.0,0.0,0.0,0.0
1274822,0.0,0.0,0.0,0.0,0.0,1.0,0.0
1274833,0.0,0.0,0.0,0.0,0.0,2.0,0.0
1275333,0.0,0.0,0.0,0.0,0.0,0.0,0.0
1277895,0.0,0.0,0.0,0.0,0.0,1.0,0.0
1278395,0.0,0.0,0.0,0.0,0.0,0.0,0.0
1278869,0.0,0.0,0.0,0.0,0.0,1.0,0.0
1279369,0.0,0.0,0.0,0.0,0.0,0.0,0.0
1279651,0.0,0.0,0.0,0.0,0.0,1.0,0.0
1280151,0.0,0.0,0.0,0.0,0.0,0.0,0.0
1280195,0.0,0.0,0.0,0.0,0.0,1.0,0.0
1280695,0.0,0.0,0.0,0.0,0.0,0.0,0.0
1281021,0.0,0.0,0.0,0.0,0.0,1.0,0.0
1281267,0.0,0.0,0.0,0.0,0.0,2.0,0.0
1281767,0.0,0.0,0.0,0.0,0.0,0.0,0.0
1283769,0.0,2.0,0.0,0.0,0.0,0.0,0.0
1284269,0.0,0.0,0.0,0.0,0.0,0.0,0.0
1284823,0.0,0.0,0.0,0.0,0.0,1.0,0.0
1285268,0.0,0.0,0.0,0.0,0.0,2.0,0.0
1285768,0.0,0.0,0.0,0.0,0.0,0.0,0.0
1287801,0.0,0.0,0.0,0.0,0.0,1.0,0.0
1288259,0.0,2.0,0.0,0.0,0.0,1.0,0.0
1288301,0.0,2.0,0.0,0.0,0.0,0.0,0.0
1288548,0.0,2.0,0.0,0.0,0.0,1.0,0.0
1288550,0.0,2.0,0.0,0.0,0.0,2.0,0.0
1288759,0.0,0.0,0.0,0.0,0.0,2.0,0.0
1289050,0.0,0.0,0.0,0.0,0.0,0.0,0.0
1289446,0.0,0.0,0.0,0.0,0.0,1.0,0.0
1289946,0.0,0.0,0.0,0.0,0.0,0.0,0.0
1290427,0.0,0.0,0.0,0.0,0.0,1.0,0.0
1290429,0.0,0.0,0.0,0.0,0.0,2.0,0.0
1290929,0.0,0.0,0.0,0.0,0.0,0.0,0.0
1291784,0.0,0.0,0.0,0.0,0.0,1.0,0.0
1292284,0.0,0.0,0.0,0.0,0.0,0.0,0.0
1293654,0.0,0.0,0.0,0.0,0.0,1.0,0.0
1293670,0.0,0.0,0.0,0.0,0.0,2.0,0.0
1294170,0.0,0.0,0.0,0.0,0.0,0.0,0.0
1295167,0.0,0.0,0.0,0.0,0.0,1.0,0.0
1295667,0.0,0.0,0.0,0.0,0.0,0.0,0.0
1296278,0.0,0.0,0.0,0.0,0.0,1.0,0.0
1296282,0.0,0.0,0.0,0.0,0.0,2.0,0.0
1296782,0.0,0.0,0.0,0.0,0.0,0.0,0.0
1297621,0.0,0.0,0.0,0.0,0.0,1.0,0.0
1297626,0.0,0.0,0.0,0.0,0.0,2.0,0.0
1298126,0.0,0.0,0.0,0.0,0.0,0.0,0.0
1298696,0.0,0.0,0.0,0.0,0.0,1.0,0.0
1299196,0.0,0.0,0.0,0.0,0.0,0.0,0.0
1299852,0.0,0.0,0.0,0.0,0.0,1.0,0.0
1300352,0.0,0.0,0.0,0.0,0.0,0.0,0.0
1300420,0.0,0.0,0.0,0.0,0.0,1.0,0.0
1300920,0.0,0.0,0.0,0.0,0.0,0.0,0.0
1302031,0.0,0.0,0.0,0.0,0.0,1.0,0.0
1302531,0.0,0.0,0.0,0.0,0.0,0.0,0.0
1302805,0.0,0.0,0.0,0.0,0.0,1.0,0.0
1302960,0.0,0.0,0.0,0.0,1.0,2.0,0.0
1303460,0.0,0.0,0.0,0.0,0.0,0.0,0.0
1306126,0.0,0.0,0.0,0.0,0.0,1.0,0.0
1306626,0.0,0.0,0.0,0.0,0.0,0.0,0.0
1307137,0.0,0.0,0.0,0.0,0.0,1.0,0.0
1307637,0.0,0.0,0.0,0.0,0.0,0.0,0.0
1307897,0.0,0.0,0.0,0.0,0.0,1.0,0.0
1308397,0.0,0.0,0.0,0.0,0.0,0.0,0.0
1309751,0.0,0.0,0.0,0.0,0.0,1.0,0.0
1309760,0.0,0.0,0.0,0.0,0.0,2.0,0.0
1310260,0.0,0.0,0.0,0.0,0.0,0.0,0.0
1310360,0.0,0.0,0.0,0.0,0.0,1.0,0.0
1310364,0.0,0.0,0.0,0.0,0.0,2.0,0.0
1310864,0.0,0.0,0.0,0.0,0.0,0.0,0.0
1311263,0.0,0.0,0.0,0.0,0.0,1.0,0.0
1311763,0.0,0.0,0.0,0.0,0.0,0.0,0.0
1311930,0.0,0.0,0.0,0.0,0.0,1.0,0.0
1312430,0.0,0.0,0.0,0.0,0.0,0.0,0.0
1317798,0.0,0.0,0.0,0.0,0.0,1.0,0.0
1318218,0.0,0.0,0.0,0.0,1.0,1.0,0.0
1318298,0.0,0.0,0.0,0.0,1.0,0.0,0.0
1318718,0.0,0.0,0.0,0.0,0.0,0.0,0.0
1321278,0.0,0.0,0.0,0.0,0.0,1.0,0.0
1321778,0.0,0.0,0.0,0.0,0.0,0.0,0.0
1322954,0.0,0.0,0.0,0.0,0.0,1.0,0.0
1323454,0.0,0.0,0.0,0.0,0.0,0.0,0.0
1326607,0.0,0.0,0.0,0.0,0.0,1.0,0.0
1327107,0.0,0.0,0.0,0.0,0.0,0.0,0.0
1327825,0.0,0.0,0.0,0.0,0.0,1.0,0.0
1328325,0.0,0.0,0.0,0.0,0.0,0.0,0.0
1329582,0.0,0.0,0.0,0.0,0.0,1.0,0.0
1330082,0.0,0.0,0.0,0.0,0.0,0.0,0.0
1331743,0.0,0.0,0.0,0.0,0.0,1.0,0.0
1332243,0.0,0.0,0.0,0.0,0.0,0.0,0.0
1334488,0.0,0.0,0.0,0.0,0.0,1.0,0.0
1334988,0.0,0.0,0.0,0.0,0.0,0.0,0.0
1343478,0.0,0.0,0.0,0.0,0.0,1.0,0.0
1343978,0.0,0.0,0.0,0.0,0.0,0.0,0.0
1346318,0.0,0.0,0.0,0.0,0.0,1.0,0.0
1346432,0.0,0.0,0.0,0.0,1.0,1.0,0.0
1346504,0.0,0.0,0.0,0.0,2.0,1.0,0.0
1346818,0.0,0.0,0.0,0.0,2.0,0.0,0.0
1347004,0.0,0.0,0.0,0.0,0.0,0.0,0.0
1347801,0.0,0.0,0.0,0.0,0.0,1.0,0.0
1348301,0.0,0.0,0.0,0.0,0.0,0.0,0.0
1348784,0.0,0.0,0.0,0.0,0.0,1.0,0.0
1349284,0.0,0.0,0.0,0.0,0.0,0.0,0.0
1349405,0.0,0.0,0.0,0.0,0.0,1.0,0.0
1349905,0.0,0.0,0.0,0.0,0.0,0.0,0.0
1354739,0.0,0.0,0.0,0.0,0.0,1.0,0.0
1355239,0.0,0.0,0.0,0.0,0.0,0.0,0.0
1355948,0.0,0.0,0.0,0.0,0.0,1.0,0.0
1356448,0.0,0.0,0.0,0.0,0.0,0.0,0.0
1357034,0.0,0.0,0.0,0.0,0.0,1.0,0.0
1357037,0.0,0.0,0.0,0.0,0.0,2.0,0.0
1357537,0.0,0.0,0.0,0.0,0.0,0.0,0.0
1357927,0.0,0.0,0.0,0.0,0.0,1.0,0.0
1357928,0.0,0.0,0.0,0.0,0.0,2.0,0.0
1358428,0.0,0.0,0.0,0.0,0.0,0.0,0.0
1360976,0.0,0.0,0.0,0.0,0.0,1.0,0.0
1361476,0.0,0.0,0.0,0.0,0.0,0.0,0.0
1363009,0.0,0.0,0.0,0.0,0.0,1.0,0.0
1363509,0.0,0.0,0.0,0.0,0.0,0.0,0.0
1364032,0.0,0.0,0.0,0.0,0.0,1.0,0.0
1364532,0.0,0.0,0.0,0.0,0.0,0.0,0.0
1366942,0.0,0.0,0.0,0.0,0.0,1.0,0.0
1367042,0.0,0.0,0.0,0.0,0.0,2.0,0.0
1367542,0.0,0.0,0.0,0.0,0.0,0.0,0.0
1371089,0.0,0.0,0.0,0.0,0.0,1.0,0.0
1371589,0.0,0.0,0.0,0.0,0.0,0.0,0.0
1374829,0.0,0.0,0.0,0.0,0.0,1.0,0.0
1375329,0.0,0.0,0.0,0.0,0.0,0.0,0.0
1377608,0.0,0.0,0.0,0.0,0.0,1.0,0.0
1378108,0.0,0.0,0.0,0.0,0.0,0.0,0.0
1379297,0.0,0.0,0.0,0.0,0.0,1.0,0.0
1379797,0.0,0.0,0.0,0.0,0.0,0.0,0.0
1379829,0.0,0.0,0.0,0.0,0.0,1.0,0.0
1380329,0.0,0.0,0.0,0.0,0.0,0.0,0.0
1380414,0.0,0.0,0.0,0.0,0.0,1.0,0.0
1380914,0.0,0.0,0.0,0.0,0.0,0.0,0.0
1381960,0.0,0.0,0.0,0.0,0.0,1.0,0.0
1382460,0.0,0.0,0.0,0.0,0.0,0.0,0.0
1383103,0.0,0.0,0.0,0.0,0.0,1.0,0.0
1383603,0.0,0.0,0.0,0.0,0.0,0.0,0.0
1384071,0.0,0.0,0.0,0.0,0.0,1.0,0.0
1384571,0.0,0.0,0.0,0.0,0.0,0.0,0.0
1386381,0.0,0.0,0.0,0.0,0.0,1.0,0.0
1386881,0.0,0.0,0.0,0.0,0.0,0.0,0.0
1387394,0.0,0.0,0.0,0.0,0.0,1.0,0.0
1387423,0.0,0.0,0.0,0.0,0.0,2.0,0.0
1387923,0.0,0.0,0.0,0.0,0.0,0.0,0.0
1389758,0.0,0.0,0.0,0.0,0.0,1.0,0.0
1389763,0.0,0.0,0.0,0.0,0.0,2.0,0.0
1389828,0.0,0.0,0.0,0.0,1.0,2.0,0.0
1389908,0.0,0.0,0.0,0.0,2.0,2.0,0.0
1390263,0.0,0.0,0.0,0.0,2.0,0.0,0.0
1390408,0.0,0.0,0.0,0.0,0.0,0.0,0.0
1390849,0.0,0.0,0.0,0.0,0.0,1.0,0.0
1391330,0.0,0.0,0.0,0.0,0.0,2.0,0.0
1391830,0.0,0.0,0.0,0.0,0.0,0.0,0.0
1394894,0.0,0.0,0.0,0.0,0.0,1.0,0.0
1395394,0.0,0.0,0.0,0.0,0.0,0.0,0.0
1396726,0.0,0.0,0.0,0.0,0.0,1.0,0.0
1397226,0.0,0.0,0.0,0.0,0.0,0.0,0.0
1398551,0.0,0.0,0.0,0.0,0.0,1.0,0.0
1399051,0.0,0.0,0.0,0.0,0.0,0.0,0.0
1399420,0.0,0.0,0.0,0.0,0.0,1.0,0.0
1399920,0.0,0.0,0.0,0.0,0.0,0.0,0.0
1401729,0.0,0.0,0.0,0.0,0.0,1.0,0.0
1402229,0.0,0.0,0.0,0.0,0.0,0.0,0.0
1412332,0.0,0.0,0.0,0.0,0.0,1.0,0.0
1412832,0.0,0.0,0.0,0.0,0.0,0.0,0.0
1413000,0.0,0.0,0.0,0.0,0.0,0.0,1.0
1413500,0.0,0.0,0.0,0.0,0.0,0.0,0.0
1413744,0.0,0.0,0.0,0.0,0.0,1.0,0.0
1414231,0.0,0.0,0.0,0.0,1.0,1.0,0.0
1414244,0.0,0.0,0.0,0.0,1.0,0.0,0.0
1414351,0.0,0.0,0.0,0.0,1.0,1.0,0.0
1414539,0.0,2.0,0.0,0.0,1.0,1.0,0.0
1414851,0.0,2.0,0.0,0.0,1.0,0.0,0.0
1414987,0.0,2.0,0.0,0.0,2.0,0.0,0.0
1414997,0.0,2.0,0.0,0.0,2.0,1.0,0.0
1415039,0.0,0.0,0.0,0.0,2.0,1.0,0.0
1415071,2.0,0.0,0.0,0.0,2.0,1.0,0.0
1415487,2.0,0.0,0.0,0.0,0.0,1.0,0.0
1415497,2.0,0.0,0.0,0.0,0.0,0.0,0.0
1415571,0.0,0.0,0.0,0.0,0.0,0.0,0.0
1416014,0.0,0.0,0.0,0.0,0.0,1.0,0.0
1416514,0.0,0.0,0.0,0.0,0.0,0.0,0.0
1416565,0.0,0.0,0.0,0.0,0.0,1.0,0.0
1416593,0.0,0.0,0.0,0.0,0.0,2.0,0.0
1417093,0.0,0.0,0.0,0.0,0.0,0.0,0.0
1417131,0.0,0.0,0.0,0.0,0.0,1.0,0.0
1417151,2.0,0.0,0.0,0.0,0.0,1.0,0.0
1417631,2.0,0.0,0.0,0.0,0.0,0.0,0.0
1417651,0.0,0.0,0.0,0.0,0.0,0.0,0.0
1418905,0.0,0.0,0.0,0.0,0.0,1.0,0.0
1419405,0.0,0.0,0.0,0.0,0.0,0.0,0.0
1419503,0.0,0.0,0.0,0.0,0.0,1.0,0.0
1420003,0.0,0.0,0.0,0.0,0.0,0.0,0.0
1420526,0.0,0.0,0.0,0.0,0.0,1.0,0.0
1421026,0.0,0.0,0.0,0.0,0.0,0.0,0.0
1421388,0.0,0.0,0.0,0.0,0.0,1.0,0.0
1421888,0.0,0.0,0.0,0.0,0.0,0.0,0.0
1421974,0.0,0.0,0.0,0.0,0.0,1.0,0.0
1422474,0.0,0.0,0.0,0.0,0.0,0.0,0.0
1422675,0.0,0.0,0.0,0.0,0.0,1.0,0.0
1423175,0.0,0.0,0.0,0.0,0.0,0.0,0.0
1423372,0.0,0.0,0.0,0.0,0.0,1.0,0.0
1423374,0.0,0.0,0.0,0.0,0.0,2.0,0.0
1423874,0.0,0.0,0.0,0.0,0.0,0.0,0.0
1424219,0.0,0.0,0.0,0.0,0.0,1.0,0.0
1424719,0.0,0.0,0.0,0.0,0.0,0.0,0.0
1425247,2.0,0.0,0.0,0.0,0.0,0.0,0.0
1425587,2.0,2.0,0.0,0.0,0.0,0.0,0.0
1425747,0.0,2.0,0.0,0.0,0.0,0.0,0.0
1426087,0.0,0.0,0.0,0.0,0.0,0.0,0.0
1427783,0.0,0.0,0.0,0.0,0.0,1.0,0.0
1428283,0.0,0.0,0.0,0.0,0.0,0.0,0.0
1428652,0.0,0.0,0.0,0.0,1.0,0.0,0.0
1428653,0.0,0.0,0.0,0.0,2.0,0.0,0.0
1428659,0.0,0.0,0.0,0.0,2.0,1.0,0.0
1429153,0.0,0.0,0.0,0.0,0.0,1.0,0.0
1429159,0.0,0.0,0.0,0.0,0.0,0.0,0.0
1429183,0.0,0.0,0.0,0.0,0.0,1.0,0.0
1429683,0.0,0.0,0.0,0.0,0.0,0.0,0.0
1430361,0.0,0.0,0.0,0.0,0.0,1.0,0.0
1430861,0.0,0.0,0.0,0.0,0.0,0.0,0.0
1431039,0.0,0.0,0.0,0.0,0.0,1.0,0.0
1431539,0.0,0.0,0.0,0.0,0.0,0.0,0.0
1432155,0.0,0.0,0.0,0.0,0.0,1.0,0.0
1432655,0.0,0.0,0.0,0.0,0.0,0.0,0.0
1433612,0.0,0.0,0.0,0.0,0.0,1.0,0.0
1434112,0.0,0.0,0.0,0.0,0.0,0.0,0.0
1435116,0.0,0.0,0.0,0.0,0.0,1.0,0.0
1435616,0.0,0.0,0.0,0.0,0.0,0.0,0.0
1435923,0.0,0.0,0.0,0.0,0.0,1.0,0.0
1435925,0.0,0.0,0.0,0.0,0.0,2.0,0.0
1436425,0.0,0.0,0.0,0.0,0.0,0.0,0.0
1436526,0.0,0.0,0.0,0.0,0.0,1.0,0.0
1437026,0.0,0.0,0.0,0.0,0.0,0.0,0.0
1437275,0.0,0.0,0.0,0.0,0.0,1.0,0.0
1437775,0.0,0.0,0.0,0.0,0.0,0.0,0.0
1437979,0.0,0.0,0.0,0.0,0.0,1.0,0.0
1438479,0.0,0.0,0.0,0.0,0.0,0.0,0.0
1438757,0.0,0.0,0.0,0.0,0.0,1.0,0.0
1439257,0.0,0.0,0.0,0.0,0.0,0.0,0.0
1439670,0.0,0.0,0.0,0.0,0.0,1.0,0.0
1440170,0.0,0.0,0.0,0.0,0.0,0.0,0.0
1441738,0.0,0.0,0.0,0.0,0.0,1.0,0.0
1442238,0.0,0.0,0.0,0.0,0.0,0.0,0.0
1443802,0.0,0.0,0.0,0.0,0.0,1.0,0.0
1444302,0.0,0.0,0.0,0.0,0.0,0.0,0.0
1445436,0.0,0.0,0.0,0.0,0.0,1.0,0.0
1445810,0.0,0.0,0.0,0.0,0.0,2.0,0.0
1446310,0.0,0.0,0.0,0.0,0.0,0.0,0.0
1446637,0.0,0.0,0.0,0.0,0.0,1.0,0.0
1447137,0.0,0.0,0.0,0.0,0.0,0.0,0.0
1447748,0.0,0.0,0.0,0.0,0.0,1.0,0.0
1448248,0.0,0.0,0.0,0.0,0.0,0.0,0.0
1449009,0.0,0.0,0.0,0.0,0.0,1.0,0.0
1449509,0.0,0.0,0.0,0.0,0.0,0.0,0.0
1449678,0.0,0.0,0.0,0.0,0.0,1.0,0.0
1450178,0.0,0.0,0.0,0.0,0.0,0.0,0.0
1450220,0.0,0.0,0.0,0.0,0.0,1.0,0.0
1450720,0.0,0.0,0.0,0.0,0.0,0.0,0.0
1451041,0.0,0.0,0.0,0.0,0.0,1.0,0.0
1451044,0.0,0.0,0.0,0.0,0.0,2.0,0.0
1451544,0.0,0.0,0.0,0.0,0.0,0.0,0.0
1453810,0.0,0.0,0.0,0.0,0.0,1.0,0.0
1454139,0.0,0.0,0.0,0.0,0.0,2.0,0.0
1454639,0.0,0.0,0.0,0.0,0.0,0.0,0.0
1454831,0.0,0.0,0.0,0.0,0.0,1.0,0.0
1455331,0.0,0.0,0.0,0.0,0.0,0.0,0.0
1460821,0.0,0.0,0.0,0.0,0.0,1.0,0.0
1461321,0.0,0.0,0.0,0.0,0.0,0.0,0.0
1464413,0.0,0.0,0.0,0.0,0.0,1.0,0.0
1464913,0.0,0.0,0.0,0.0,0.0,0.0,0.0
1465688,0.0,0.0,0.0,0.0,0.0,1.0,0.0
1466188,0.0,0.0,0.0,0.0,0.0,0.0,0.0
1466736,0.0,0.0,0.0,0.0,0.0,1.0,0.0
1467236,0.0,0.0,0.0,0.0,0.0,0.0,0.0
1467429,0.0,0.0,0.0,0.0,0.0,1.0,0.0
1467929,0.0,0.0,0.0,0.0,0.0,0.0,0.0
1469041,0.0,0.0,0.0,0.0,0.0,1.0,0.0
1469043,0.0,0.0,0.0,0.0,0.0,2.0,0.0
1469543,0.0,0.0,0.0,0.0,0.0,0.0,0.0
1469758,0.0,0.0,0.0,0.0,0.0,1.0,0.0
1470258,0.0,0.0,0.0,0.0,0.0,0.0,0.0
1470520,0.0,0.0,0.0,0.0,0.0,1.0,0.0
1470527,0.0,0.0,0.0,0.0,0.0,2.0,0.0
1471027,0.0,0.0,0.0,0.0,0.0,0.0,0.0
1472720,0.0,0.0,0.0,0.0,0.0,1.0,0.0
1472723,0.0,0.0,0.0,0.0,0.0,2.0,0.0
1473223,0.0,0.0,0.0,0.0,0.0,0.0,0.0
1473814,0.0,0.0,0.0,0.0,0.0,1.0,0.0
1474314,0.0,0.0,0.0,0.0,0.0,0.0,0.0
1474788,0.0,0.0,0.0,0.0,0.0,1.0,0.0
1475012,0.0,0.0,0.0,0.0,0.0,2.0,0.0
1475512,0.0,0.0,0.0,0.0,0.0,0.0,0.0
1475869,0.0,0.0,0.0,0.0,0.0,1.0,0.0
1476369,0.0,0.0,0.0,0.0,0.0,0.0,0.0
1476760,0.0,0.0,0.0,0.0,0.0,1.0,0.0
1477260,0.0,0.0,0.0,0.0,0.0,0.0,0.0
1477701,0.0,0.0,0.0,0.0,1.0,0.0,0.0
1478172,0.0,0.0,0.0,0.0,1.0,1.0,0.0
1478201,0.0,0.0,0.0,0.0,0.0,1.0,0.0
1478672,0.0,0.0,0.0,0.0,0.0,0.0,0.0
1479496,0.0,0.0,0.0,0.0,0.0,1.0,0.0
1479996,0.0,0.0,0.0,0.0,0.0,0.0,0.0
1480026,0.0,0.0,0.0,0.0,0.0,1.0,0.0
1480028,0.0,0.0,0.0,0.0,0.0,2.0,0.0
1480528,0.0,0.0,0.0,0.0,0.0,0.0,0.0
1481120,0.0,0.0,0.0,0.0,0.0,1.0,0.0
1481122,0.0,0.0,0.0,0.0,0.0,2.0,0.0
1481622,0.0,0.0,0.0,0.0,0.0,0.0,0.0
1482757,0.0,0.0,0.0,0.0,0.0,1.0,0.0
1482939,0.0,0.0,0.0,0.0,0.0,2.0,0.0
1483439,0.0,0.0,0.0,0.0,0.0,0.0,0.0
1483531,0.0,0.0,0.0,0.0,0.0,1.0,0.0
1484031,0.0,0.0,0.0,0.0,0.0,0.0,0.0
1484060,0.0,0.0,0.0,0.0,0.0,1.0,0.0
1484560,0.0,0.0,0.0,0.0,0.0,0.0,0.0
1484859,0.0,0.0,0.0,0.0,0.0,1.0,0.0
1484869,0.0,0.0,0.0,0.0,0.0,2.0,0.0
1484874,0.0,2.0,0.0,0.0,0.0,2.0,0.0
1485369,0.0,2.0,0.0,0.0,0.0,0.0,0.0
1485374,0.0,0.0,0.0,0.0,0.0,0.0,0.0
1485786,0.0,0.0,0.0,0.0,0.0,1.0,0.0
1486286,0.0,0.0,0.0,0.0,0.0,0.0,0.0
1487365,0.0,0.0,0.0,0.0,0.0,1.0,0.0
1487865,0.0,0.0,0.0,0.0,0.0,0.0,0.0
1488183,0.0,0.0,0.0,0.0,0.0,1.0,0.0
1488683,0.0,0.0,0.0,0.0,0.0,0.0,0.0
1489279,0.0,0.0,0.0,0.0,0.0,1.0,0.0
1489779,0.0,0.0,0.0,0.0,0.0,0.0,0.0
1490562,0.0,0.0,0.0,0.0,0.0,1.0,0.0
1490928,0.0,0.0,0.0,0.0,0.0,2.0,0.0
1491428,0.0,0.0,0.0,0.0,0.0,0.0,0.0
1491916,0.0,0.0,0.0,0.0,0.0,1.0,0.0
1492416,0.0,0.0,0.0,0.0,0.0,0.0,0.0
1493277,0.0,0.0,0.0,0.0,0.0,1.0,0.0
1493777,0.0,0.0,0.0,0.0,0.0,0.0,0.0
1494496,0.0,0.0,0.0,0.0,0.0,1.0,0.0
1494996,0.0,0.0,0.0,0.0,0.0,0.0,0.0
1495340,0.0,0.0,0.0,0.0,0.0,1.0,0.0
1495840,0.0,0.0,0.0,0.0,0.0,0.0,0.0
1496156,0.0,0.0,0.0,0.0,0.0,1.0,0.0
1496656,0.0,0.0,0.0,0.0,0.0,0.0,0.0
1497135,0.0,0.0,0.0,0.0,0.0,1.0,0.0
1497635,0.0,0.0,0.0,0.0,0.0,0.0,0.0
1499979,0.0,0.0,0.0,0.0,0.0,1.0,0.0
1500479,0.0,0.0,0.0,0.0,0.0,0.0,0.0
1502430,0.0,0.0,0.0,0.0,0.0,1.0,0.0
1502930,0.0,0.0,0.0,0.0,0.0,0.0,0.0
1503806,0.0,0.0,0.0,0.0,0.0,1.0,0.0
1504306,0.0,0.0,0.0,0.0,0.0,0.0,0.0
1505067,0.0,0.0,0.0,0.0,0.0,1.0,0.0
1505567,0.0,0.0,0.0,0.0,0.0,0.0,0.0
1505579,0.0,0.0,0.0,0.0,0.0,1.0,0.0
1505583,0.0,0.0,0.0,0.0,0.0,2.0,0.0
1506083,0.0,0.0,0.0,0.0,0.0,0.0,0.0
1508692,0.0,0.0,0.0,0.0,0.0,1.0,0.0
1509192,0.0,0.0,0.0,0.0,0.0,0.0,0.0
1509382,0.0,0.0,0.0,0.0,0.0,1.0,0.0
1509882,0.0,0.0,0.0,0.0,0.0,0.0,0.0
1510550,0.0,0.0,0.0,0.0,0.0,1.0,0.0
1511050,0.0,0.0,0.0,0.0,0.0,0.0,0.0
1512979,0.0,0.0,0.0,0.0,0.0,1.0,0.0
1513479,0.0,0.0,0.0,0.0,0.0,0.0,0.0
1519058,0.0,0.0,0.0,0.0,0.0,1.0,0.0
1519558,0.0,0.0,0.0,0.0,0.0,0.0,0.0
1520512,0.0,0.0,0.0,0.0,0.0,1.0,0.0
1521012,0.0,0.0,0.0,0.0,0.0,0.0,0.0
1521867,0.0,0.0,0.0,0.0,0.0,1.0,0.0
1521868,0.0,0.0,0.0,0.0,0.0,2.0,0.0
1522368,0.0,0.0,0.0,0.0,0.0,0.0,0.0
1522712,0.0,0.0,0.0,0.0,0.0,1.0,0.0
1522717,0.0,0.0,0.0,0.0,0.0,2.0,0.0
1523217,0.0,0.0,0.0,0.0,0.0,0.0,0.0
1526319,0.0,0.0,0.0,0.0,0.0,1.0,0.0
1526819,0.0,0.0,0.0,0.0,0.0,0.0,0.0
1527473,0.0,0.0,0.0,0.0,0.0,1.0,0.0
1527973,0.0,0.0,0.0,0.0,0.0,0.0,0.0
1529057,0.0,0.0,0.0,0.0,0.0,1.0,0.0
1529557,0.0,0.0,0.0,0.0,0.0,0.0,0.0
1530650,0.0,0.0,0.0,0.0,0.0,1.0,0.0
1531150,0.0,0.0,0.0,0.0,0.0,0.0,0.0
1531424,0.0,0.0,0.0,0.0,0.0,1.0,0.0
1531924,0.0,0.0,0.0,0.0,0.0,0.0,0.0
1533676,0.0,0.0,0.0,0.0,0.0,1.0,0.0
1534176,0.0,0.0,0.0,0.0,0.0,0.0,0.0
1536429,0.0,0.0,0.0,0.0,0.0,1.0,0.0
1536929,0.0,0.0,0.0,0.0,0.0,0.0,0.0
1537161,0.0,0.0,0.0,0.0,0.0,1.0,0.0
1537248,0.0,0.0,0.0,0.0,0.0,2.0,0.0
1537748,0.0,0.0,0.0,0.0,0.0,0.0,0.0
1538221,0.0,0.0,0.0,0.0,0.0,1.0,0.0
1538721,0.0,0.0,0.0,0.0,0.0,0.0,0.0
1543219,0.0,0.0,0.0,0.0,0.0,1.0,0.0
1543719,0.0,0.0,0.0,0.0,0.0,0.0,0.0
1544959,0.0,0.0,0.0,0.0,0.0,1.0,0.0
1545459,0.0,0.0,0.0,0.0,0.0,0.0,0.0
1545686,0.0,0.0,0.0,0.0,0.0,1.0,0.0
1546186,0.0,0.0,0.0,0.0,0.0,0.0,0.0
1550844,0.0,0.0,0.0,0.0,0.0,1.0,0.0
1551344,0.0,0.0,0.0,0.0,0.0,0.0,0.0
1555084,0.0,0.0,0.0,0.0,0.0,1.0,0.0
1555584,0.0,0.0,0.0,0.0,0.0,0.0,0.0
1555672,0.0,0.0,0.0,0.0,0.0,1.0,0.0
1556172,0.0,0.0,0.0,0.0,0.0,0.0,0.0
1556696,0.0,0.0,0.0,0.0,0.0,1.0,0.0
1557196,0.0,0.0,0.0,0.0,0.0,0.0,0.0
1558002,0.0,0.0,0.0,0.0,0.0,1.0,0.0
1558502,0.0,0.0,0.0,0.0,0.0,0.0,0.0
1559929,0.0,0.0,0.0,0.0,0.0,1.0,0.0
1560429,0.0,0.0,0.0,0.0,0.0,0.0,0.0
1561196,0.0,0.0,0.0,0.0,0.0,1.0,0.0
1561696,0.0,0.0,0.0,0.0,0.0,0.0,0.0
1561778,0.0,0.0,0.0,0.0,0.0,1.0,0.0
1562278,0.0,0.0,0.0,0.0,0.0,0.0,0.0
1563762,0.0,0.0,0.0,0.0,0.0,1.0,0.0
1564262,0.0,0.0,0.0,0.0,0.0,0.0,0.0
1564336,0.0,0.0,0.0,0.0,0.0,1.0,0.0
1564836,0.0,0.0,0.0,0.0,0.0,0.0,0.0
1564984,0.0,0.0,0.0,0.0,0.0,1.0,0.0
1565484,0.0,0.0,0.0,0.0,0.0,0.0,0.0
1566174,0.0,0.0,0.0,0.0,0.0,1.0,0.0
1566674,0.0,0.0,0.0,0.0,0.0,0.0,0.0
1567647,0.0,0.0,0.0,0.0,0.0,1.0,0.0
1568147,0.0,0.0,0.0,0.0,0.0,0.0,0.0
1569030,0.0,0.0,0.0,0.0,0.0,1.0,0.0
1569370,0.0,0.0,0.0,0.0,0.0,2.0,0.0
1569870,0.0,0.0,0.0,0.0,0.0,0.0,0.0
1573822,0.0,0.0,0.0,0.0,0.0,1.0,0.0
1573824,0.0,0.0,0.0,0.0,0.0,2.0,0.0
1574324,0.0,0.0,0.0,0.0,0.0,0.0,0.0
1574548,0.0,0.0,0.0,0.0,1.0,0.0,0.0
1574999,0.0,0.0,0.0,0.0,1.0,1.0,0.0
1575003,0.0,0.0,0.0,0.0,1.0,2.0,0.0
1575048,0.0,0.0,0.0,0.0,0.0,2.0,0.0
1575053,0.0,0.0,0.0,0.0,1.0,2.0,0.0
1575503,0.0,0.0,0.0,0.0,1.0,0.0,0.0
1575553,0.0,0.0,0.0,0.0,0.0,0.0,0.0
1576228,0.0,0.0,0.0,0.0,0.0,1.0,0.0
1576583,0.0,0.0,0.0,0.0,1.0,1.0,0.0
1576728,0.0,0.0,0.0,0.0,1.0,0.0,0.0
1577083,0.0,0.0,0.0,0.0,0.0,0.0,0.0
1580454,0.0,0.0,0.0,0.0,0.0,1.0,0.0
1580954,0.0,0.0,0.0,0.0,0.0,0.0,0.0
1581791,0.0,0.0,0.0,0.0,0.0,1.0,0.0
1582291,0.0,0.0,0.0,0.0,0.0,0.0,0.0
1588093,0.0,0.0,0.0,0.0,0.0,1.0,0.0
1588094,0.0,0.0,0.0,0.0,0.0,2.0,0.0
1588594,0.0,0.0,0.0,0.0,0.0,0.0,0.0
1589091,0.0,0.0,0.0,0.0,0.0,1.0,0.0
1589591,0.0,0.0,0.0,0.0,0.0,0.0,0.0
1590141,0.0,0.0,0.0,0.0,0.0,1.0,0.0
1590641,0.0,0.0,0.0,0.0,0.0,0.0,0.0
1596668,0.0,0.0,0.0,0.0,0.0,1.0,0.0
1597168,0.0,0.0,0.0,0.0,0.0,0.0,0.0
1598533,0.0,0.0,0.0,0.0,0.0,1.0,0.0
1598537,0.0,0.0,0.0,0.0,0.0,2.0,0.0
1599037,0.0,0.0,0.0,0.0,0.0,0.0,0.0
1603343,0.0,0.0,0.0,0.0,0.0,1.0,0.0
1603843,0.0,0.0,0.0,0.0,0.0,0.0,0.0
1605481,0.0,0.0,0.0,0.0,0.0,1.0,0.0
1605483,0.0,0.0,0.0,0.0,0.0,2.0,0.0
1605983,0.0,0.0,0.0,0.0,0.0,0.0,0.0
1606000,0.0,0.0,0.0,0.0,0.0,1.0,0.0
1606500,0.0,0.0,0.0,0.0,0.0,0.0,0.0
1606677,0.0,0.0,0.0,0.0,0.0,1.0,0.0
1607177,0.0,0.0,0.0,0.0,0.0,0.0,0.0
1609642,0.0,0.0,0.0,0.0,0.0,1.0,0.0
1610142,0.0,0.0,0.0,0.0,0.0,0.0,0.0
1613533,0.0,0.0,0.0,0.0,0.0,1.0,0.0
1614033,0.0,0.0,0.0,0.0,0.0,0.0,0.0
1614188,0.0,0.0,0.0,0.0,0.0,1.0,0.0
1614688,0.0,0.0,0.0,0.0,0.0,0.0,0.0
1615000,0.0,0.0,0.0,0.0,0.0,0.0,1.0
1615500,0.0,0.0,0.0,0.0,0.0,0.0,0.0
1616419,0.0,0.0,0.0,0.0,0.0,1.0,0.0
1616919,0.0,0.0,0.0,0.0,0.0,0.0,0.0
1617114,0.0,0.0,0.0,0.0,0.0,1.0,0.0
1617198,0.0,0.0,0.0,0.0,0.0,2.0,0.0
1617211,0.0,2.0,0.0,0.0,0.0,2.0,0.0
1617698,0.0,2.0,0.0,0.0,0.0,0.0,0.0
1617711,0.0,0.0,0.0,0.0,0.0,0.0,0.0
1617727,2.0,0.0,0.0,0.0,0.0,0.0,0.0
1618227,0.0,0.0,0.0,0.0,0.0,0.0,0.0
1618527,2.0,0.0,0.0,0.0,0.0,0.0,0.0
1618935,2.0,0.0,0.0,0.0,0.0,1.0,0.0
1619027,0.0,0.0,0.0,0.0,0.0,1.0,0.0
1619327,2.0,0.0,0.0,0.0,0.0,1.0,0.0
1619435,2.0,0.0,0.0,0.0,0.0,0.0,0.0
1619514,2.0,0.0,0.0,0.0,0.0,1.0,0.0
1619827,0.0,0.0,0.0,0.0,0.0,1.0,0.0
1620014,0.0,0.0,0.0,0.0,0.0,0.0,0.0
1620163,0.0,0.0,0.0,0.0,1.0,0.0,0.0
1620671,2.0,0.0,0.0,0.0,1.0,0.0,0.0
1621171,0.0,0.0,0.0,0.0,1.0,0.0,0.0
1621215,0.0,0.0,0.0,0.0,1.0,1.0,0.0
1621674,0.0,0.0,0.0,0.0,2.0,1.0,0.0
1621715,0.0,0.0,0.0,0.0,2.0,0.0,0.0
1621800,0.0,0.0,0.0,0.0,2.0,1.0,0.0
1622174,0.0,0.0,0.0,0.0,0.0,1.0,0.0
1622300,0.0,0.0,0.0,0.0,0.0,0.0,0.0
1623692,0.0,0.0,0.0,0.0,0.0,1.0,0.0
1624192,0.0,0.0,0.0,0.0,0.0,0.0,0.0
1625144,0.0,0.0,0.0,0.0,0.0,1.0,0.0
1625644,0.0,0.0,0.0,0.0,0.0,0.0,0.0
1625684,0.0,0.0,0.0,0.0,0.0,1.0,0.0
1626184,0.0,0.0,0.0,0.0,0.0,0.0,0.0
1627452,0.0,0.0,0.0,0.0,0.0,1.0,0.0
1627952,0.0,0.0,0.0,0.0,0.0,0.0,0.0
1628147,0.0,0.0,0.0,0.0,0.0,1.0,0.0
1628647,0.0,0.0,0.0,0.0,0.0,0.0,0.0
1628672,0.0,0.0,0.0,0.0,0.0,1.0,0.0
1629008,0.0,0.0,0.0,0.0,0.0,2.0,0.0
1629508,0.0,0.0,0.0,0.0,0.0,0.0,0.0
1631034,0.0,0.0,0.0,0.0,0.0,1.0,0.0
1631534,0.0,0.0,0.0,0.0,0.0,0.0,0.0
1631852,0.0,0.0,0.0,0.0,0.0,1.0,0.0
1632352,0.0,0.0,0.0,0.0,0.0,0.0,0.0
1633336,0.0,0.0,0.0,0.0,0.0,1.0,0.0
1633338,0.0,0.0,0.0,0.0,0.0,2.0,0.0
1633838,0.0,0.0,0.0,0.0,0.0,0.0,0.0
1634383,0.0,0.0,0.0,0.0,0.0,1.0,0.0
1634408,0.0,0.0,0.0,0.0,0.0,2.0,0.0
1634908,0.0,0.0,0.0,0.0,0.0,0.0,0.0
1635652,0.0,0.0,0.0,0.0,0.0,1.0,0.0
1636152,0.0,0.0,0.0,0.0,0.0,0.0,0.0
1638477,0.0,0.0,0.0,0.0,0.0,1.0,0.0
1638977,0.0,0.0,0.0,0.0,0.0,0.0,0.0
1639342,0.0,0.0,0.0,0.0,0.0,1.0,0.0
1639842,0.0,0.0,0.0,0.0,0.0,0.0,0.0
1639924,0.0,0.0,0.0,0.0,0.0,1.0,0.0
1640424,0.0,0.0,0.0,0.0,0.0,0.0,0.0
1640646,0.0,0.0,0.0,0.0,0.0,1.0,0.0
1641146,0.0,0.0,0.0,0.0,0.0,0.0,0.0
1641154,0.0,0.0,0.0,0.0,0.0,1.0,0.0
1641654,0.0,0.0,0.0,0.0,0.0,0.0,0.0
1643655,0.0,0.0,0.0,0.0,0.0,1.0,0.0
1644155,0.0,0.0,0.0,0.0,0.0,0.0,0.0
1644859,0.0,0.0,0.0,0.0,0.0,1.0,0.0
1645359,0.0,0.0,0.0,0.0,0.0,0.0,0.0
1648451,0.0,0.0,0.0,0.0,0.0,1.0,0.0
1648951,0.0,0.0,0.0,0.0,0.0,0.0,0.0
1649128,0.0,0.0,0.0,0.0,0.0,1.0,0.0
1649628,0.0,0.0,0.0,0.0,0.0,0.0,0.0
1650274,0.0,0.0,0.0,0.0,0.0,1.0,0.0
1650774,0.0,0.0,0.0,0.0,0.0,0.0,0.0
1650818,0.0,0.0,0.0,0.0,0.0,1.0,0.0
1650820,0.0,0.0,0.0,0.0,0.0,2.0,0.0
1651320,0.0,0.0,0.0,0.0,0.0,0.0,0.0
1651617,0.0,0.0,0.0,0.0,0.0,1.0,0.0
1652117,0.0,0.0,0.0,0.0,0.0,0.0,0.0
1652233,0.0,0.0,0.0,0.0,0.0,1.0,0.0
1652733,0.0,0.0,0.0,0.0,0.0,0.0,0.0
1655088,0.0,0.0,0.0,0.0,0.0,1.0,0.0
1655092,0.0,0.0,0.0,0.0,0.0,2.0,0.0
1655592,0.0,0.0,0.0,0.0,0.0,0.0,0.0
1655699,0.0,0.0,0.0,0.0,0.0,1.0,0.0
1656199,0.0,0.0,0.0,0.0,0.0,0.0,0.0
1657506,0.0,0.0,0.0,0.0,0.0,1.0,0.0
1658006,0.0,0.0,0.0,0.0,0.0,0.0,0.0
1659083,0.0,0.0,0.0,0.0,0.0,1.0,0.0
1659085,0.0,0.0,0.0,0.0,0.0,2.0,0.0
1659585,0.0,0.0,0.0,0.0,0.0,0.0,0.0
1660169,0.0,0.0,0.0,0.0,1.0,0.0,0.0
1660170,0.0,0.0,0.0,0.0,2.0,0.0,0.0
1660670,0.0,0.0,0.0,0.0,0.0,0.0,0.0
1661923,0.0,0.0,0.0,0.0,0.0,1.0,0.0
1661927,0.0,0.0,0.0,0.0,0.0,2.0,0.0
1662427,0.0,0.0,0.0,0.0,0.0,0.0,0.0
1663463,0.0,0.0,0.0,0.0,0.0,1.0,0.0
1663464,0.0,0.0,0.0,0.0,1.0,1.0,0.0
1663963,0.0,0.0,0.0,0.0,1.0,0.0,0.0
1663964,0.0,0.0,0.0,0.0,0.0,0.0,0.0
1665217,0.0,0.0,0.0,0.0,0.0,1.0,0.0
1665218,0.0,0.0,0.0,0.0,1.0,1.0,0.0
1665717,0.0,0.0,0.0,0.0,1.0,0.0,0.0
1665718,0.0,0.0,0.0,0.0,0.0,0.0,0.0
1669368,0.0,0.0,0.0,0.0,0.0,1.0,0.0
1669868,0.0,0.0,0.0,0.0,0.0,0.0,0.0
1670302,0.0,0.0,0.0,0.0,0.0,1.0,0.0
1670303,0.0,0.0,0.0,0.0,1.0,1.0,0.0
1670802,0.0,0.0,0.0,0.0,1.0,0.0,0.0
1670803,0.0,0.0,0.0,0.0,0.0,0.0,0.0
1671094,0.0,0.0,0.0,0.0,0.0,1.0,0.0
1671594,0.0,0.0,0.0,0.0,0.0,0.0,0.0
1671883,0.0,0.0,0.0,0.0,0.0,1.0,0.0
1672383,0.0,0.0,0.0,0.0,0.0,0.0,0.0
1672458,0.0,0.0,0.0,0.0,0.0,1.0,0.0
1672958,0.0,0.0,0.0,0.0,0.0,0.0,0.0
1674639,0.0,0.0,0.0,0.0,0.0,1.0,0.0
1675139,0.0,0.0,0.0,0.0,0.0,0.0,0.0
1675760,0.0,0.0,0.0,0.0,0.0,1.0,0.0
1676260,0.0,0.0,0.0,0.0,0.0,0.0,0.0
1676586,0.0,0.0,0.0,0.0,0.0,1.0,0.0
1676725,0.0,0.0,0.0,0.0,0.0,2.0,0.0
1677225,0.0,0.0,0.0,0.0,0.0,0.0,0.0
1678917,0.0,0.0,0.0,0.0,0.0,1.0,0.0
1678921,0.0,0.0,0.0,0.0,0.0,2.0,0.0
1679421,0.0,0.0,0.0,0.0,0.0,0.0,0.0
1680261,0.0,0.0,0.0,0.0,0.0,1.0,0.0
1680761,0.0,0.0,0.0,0.0,0.0,0.0,0.0
1681582,0.0,0.0,0.0,0.0,0.0,1.0,0.0
1682082,0.0,0.0,0.0,0.0,0.0,0.0,0.0
1682759,0.0,0.0,0.0,0.0,0.0,1.0,0.0
1683259,0.0,0.0,0.0,0.0,0.0,0.0,0.0
1684203,0.0,0.0,0.0,0.0,0.0,1.0,0.0
1684207,0.0,0.0,0.0,0.0,0.0,2.0,0.0
1684246,0.0,0.0,0.0,0.0,1.0,2.0,0.0
1684707,0.0,0.0,0.0,0.0,1.0,0.0,0.0
1684746,0.0,0.0,0.0,0.0,0.0,0.0,0.0
1686538,0.0,0.0,0.0,0.0,0.0,1.0,0.0
1687038,0.0,0.0,0.0,0.0,0.0,0.0,0.0
1687350,0.0,0.0,0.0,0.0,0.0,1.0,0.0
1687850,0.0,0.0,0.0,0.0,0.0,0.0,0.0
1689071,0.0,0.0,0.0,0.0,0.0,1.0,0.0
1689092,0.0,0.0,0.0,0.0,1.0,2.0,0.0
1689592,0.0,0.0,0.0,0.0,0.0,0.0,0.0
1691860,0.0,0.0,0.0,0.0,0.0,1.0,0.0
1691862,0.0,0.0,0.0,0.0,0.0,2.0,0.0
1692362,0.0,0.0,0.0,0.0,0.0,0.0,0.0
1693909,0.0,0.0,0.0,0.0,0.0,1.0,0.0
1693928,0.0,0.0,0.0,0.0,0.0,2.0,0.0
1694428,0.0,0.0,0.0,0.0,0.0,0.0,0.0
1694804,0.0,0.0,0.0,0.0,0.0,1.0,0.0
1695304,0.0,0.0,0.0,0.0,0.0,0.0,0.0
1695397,0.0,0.0,0.0,0.0,0.0,1.0,0.0
1695402,0.0,0.0,0.0,0.0,0.0,2.0,0.0
1695463,0.0,2.0,0.0,0.0,0.0,2.0,0.0
1695902,0.0,2.0,0.0,0.0,0.0,0.0,0.0
1695963,0.0,0.0,0.0,0.0,0.0,0.0,0.0
1699419,0.0,0.0,0.0,0.0,0.0,1.0,0.0
1699919,0.0,0.0,0.0,0.0,0.0,0.0,0.0
1701638,0.0,0.0,0.0,0.0,0.0,1.0,0.0
1702138,0.0,0.0,0.0,0.0,0.0,0.0,0.0
1703013,0.0,0.0,0.0,0.0,0.0,1.0,0.0
1703513,0.0,0.0,0.0,0.0,0.0,0.0,0.0
1704991,0.0,0.0,0.0,0.0,0.0,1.0,0.0
1705491,0.0,0.0,0.0,0.0,0.0,0.0,0.0
1706044,0.0,0.0,0.0,0.0,0.0,1.0,0.0
1706048,0.0,0.0,0.0,0.0,0.0,2.0,0.0
1706548,0.0,0.0,0.0,0.0,0.0,0.0,0.0
1707249,0.0,0.0,0.0,0.0,1.0,0.0,0.0
1707250,0.0,0.0,0.0,0.0,2.0,0.0,0.0
1707750,0.0,0.0,0.0,0.0,0.0,0.0,0.0
1707833,0.0,0.0,0.0,0.0,0.0,1.0,0.0
1707849,0.0,0.0,0.0,0.0,1.0,2.0,0.0
1708349,0.0,0.0,0.0,0.0,0.0,0.0,0.0
1709238,0.0,0.0,0.0,0.0,0.0,1.0,0.0
1709738,0.0,0.0,0.0,0.0,0.0,0.0,0.0
1711742,0.0,0.0,0.0,0.0,1.0,0.0,0.0
1712242,0.0,0.0,0.0,0.0,0.0,0.0,0.0
1712554,0.0,0.0,0.0,0.0,0.0,1.0,0.0
1712555,0.0,0.0,0.0,0.0,0.0,2.0,0.0
1712640,0.0,0.0,0.0,0.0,1.0,2.0,0.0
1713055,0.0,0.0,0.0,0.0,1.0,0.0,0.0
1713135,0.0,0.0,0.0,0.0,1.0,1.0,0.0
1713140,0.0,0.0,0.0,0.0,0.0,1.0,0.0
1713635,0.0,0.0,0.0,0.0,0.0,0.0,0.0
1713873,0.0,0.0,0.0,0.0,0.0,1.0,0.0
1714373,0.0,0.0,0.0,0.0,0.0,0.0,0.0
1714455,0.0,0.0,0.0,0.0,0.0,1.0,0.0
1714531,0.0,0.0,0.0,0.0,0.0,2.0,0.0
1715031,0.0,0.0,0.0,0.0,0.0,0.0,0.0
1716259,0.0,0.0,0.0,0.0,0.0,1.0,0.0
1716759,0.0,0.0,0.0,0.0,0.0,0.0,0.0
1723856,0.0,0.0,0.0,0.0,0.0,1.0,0.0
1724356,0.0,0.0,0.0,0.0,0.0,0.0,0.0
1726871,0.0,0.0,0.0,0.0,0.0,1.0,0.0
1727371,0.0,0.0,0.0,0.0,0.0,0.0,0.0
1728169,0.0,0.0,0.0,0.0,1.0,0.0,0.0
1728669,0.0,0.0,0.0,0.0,0.0,0.0,0.0
1734617,0.0,0.0,0.0,0.0,0.0,1.0,0.0
1734814,0.0,0.0,0.0,0.0,0.0,2.0,0.0
1735314,0.0,0.0,0.0,0.0,0.0,0.0,0.0
1743948,0.0,0.0,0.0,0.0,0.0,1.0,0.0
1743951,0.0,0.0,0.0,0.0,0.0,2.0,0.0
1744451,0.0,0.0,0.0,0.0,0.0,0.0,0.0
1745603,0.0,0.0,0.0,0.0,0.0,1.0,0.0
1746103,0.0,0.0,0.0,0.0,0.0,0.0,0.0
1751199,0.0,0.0,0.0,0.0,0.0,1.0,0.0
1751699,0.0,0.0,0.0,0.0,0.0,0.0,0.0
1754530,0.0,0.0,0.0,0.0,0.0,1.0,0.0
1755030,0.0,0.0,0.0,0.0,0.0,0.0,0.0
1755550,0.0,0.0,0.0,0.0,0.0,1.0,0.0
1755557,0.0,0.0,0.0,0.0,0.0,2.0,0.0
1756057,0.0,0.0,0.0,0.0,0.0,0.0,0.0
1757801,0.0,0.0,0.0,0.0,1.0,1.0,0.0
1758301,0.0,0.0,0.0,0.0,0.0,0.0,0.0
1758940,0.0,0.0,0.0,0.0,0.0,1.0,0.0
1759080,0.0,0.0,0.0,0.0,1.0,1.0,0.0
1759440,0.0,0.0,0.0,0.0,1.0,0.0,0.0
1759580,0.0,0.0,0.0,0.0,0.0,0.0,0.0
1760761,0.0,0.0,0.0,0.0,0.0,1.0,0.0
1761261,0.0,0.0,0.0,0.0,0.0,0.0,0.0
1762847,0.0,0.0,0.0,0.0,0.0,1.0,0.0
1763347,0.0,0.0,0.0,0.0,0.0,0.0,0.0
1763430,0.0,0.0,0.0,0.0,0.0,1.0,0.0
1763930,0.0,0.0,0.0,0.0,0.0,0.0,0.0
1765953,0.0,0.0,0.0,0.0,0.0,1.0,0.0
1765961,0.0,0.0,0.0,0.0,0.0,2.0,0.0
1766461,0.0,0.0,0.0,0.0,0.0,0.0,0.0
1767310,0.0,0.0,0.0,0.0,0.0,1.0,0.0
1767810,0.0,0.0,0.0,0.0,0.0,0.0,0.0
1774445,0.0,0.0,0.0,0.0,0.0,1.0,0.0
1774945,0.0,0.0,0.0,0.0,0.0,0.0,0.0
1775606,0.0,0.0,0.0,0.0,0.0,1.0,0.0
1776106,0.0,0.0,0.0,0.0,0.0,0.0,0.0
1777582,0.0,0.0,0.0,0.0,0.0,1.0,0.0
1778082,0.0,0.0,0.0,0.0,0.0,0.0,0.0
1779553,0.0,0.0,0.0,0.0,0.0,1.0,0.0
1780053,0.0,0.0,0.0,0.0,0.0,0.0,0.0
1780525,0.0,0.0,0.0,0.0,0.0,1.0,0.0
1781025,0.0,0.0,0.0,0.0,0.0,0.0,0.0
1782052,0.0,0.0,0.0,0.0,0.0,1.0,0.0
1782552,0.0,0.0,0.0,0.0,0.0,0.0,0.0
1782636,0.0,0.0,0.0,0.0,0.0,1.0,0.0
1783136,0.0,0.0,0.0,0.0,0.0,0.0,0.0
1785519,0.0,0.0,0.0,0.0,0.0,1.0,0.0
1786019,0.0,0.0,0.0,0.0,0.0,0.0,0.0
1786607,0.0,0.0,0.0,0.0,0.0,1.0,0.0
1786608,0.0,0.0,0.0,0.0,0.0,2.0,0.0
1787108,0.0,0.0,0.0,0.0,0.0,0.0,0.0
1791537,0.0,0.0,0.0,0.0,0.0,1.0,0.0
1791715,0.0,0.0,0.0,0.0,0.0,2.0,0.0
1792215,0.0,0.0,0.0,0.0,0.0,0.0,0.0
1793826,0.0,0.0,0.0,0.0,0.0,1.0,0.0
1794326,0.0,0.0,0.0,0.0,0.0,0.0,0.0
1795295,0.0,0.0,0.0,0.0,0.0,1.0,0.0
1795795,0.0,0.0,0.0,0.0,0.0,0.0,0.0
1797874,0.0,0.0,0.0,0.0,0.0,1.0,0.0
1797882,0.0,0.0,0.0,0.0,0.0,2.0,0.0
1798382,0.0,0.0,0.0,0.0,0.0,0.0,0.0
1799224,0.0,0.0,0.0,0.0,0.0,1.0,0.0
1799724,0.0,0.0,0.0,0.0,0.0,0.0,0.0
1800431,0.0,0.0,0.0,0.0,0.0,1.0,0.0
1800931,0.0,0.0,0.0,0.0,0.0,0.0,0.0
1801976,0.0,0.0,0.0,0.0,0.0,1.0,0.0
1802476,0.0,0.0,0.0,0.0,0.0,0.0,0.0
1806737,0.0,0.0,0.0,0.0,0.0,1.0,0.0
1807237,0.0,0.0,0.0,0.0,0.0,0.0,0.0
1807504,0.0,0.0,0.0,0.0,0.0,1.0,0.0
1808004,0.0,0.0,0.0,0.0,0.0,0.0,0.0
1811299,0.0,0.0,0.0,0.0,0.0,1.0,0.0
1811301,0.0,0.0,0.0,0.0,0.0,2.0,0.0
1811801,0.0,0.0,0.0,0.0,0.0,0.0,0.0
1816851,0.0,0.0,0.0,0.0,0.0,1.0,0.0
1817000,0.0,0.0,0.0,0.0,0.0,1.0,1.0
1817351,0.0,0.0,0.0,0.0,0.0,0.0,1.0
1817490,0.0,0.0,0.0,0.0,0.0,1.0,1.0
1817500,0.0,0.0,0.0,0.0,0.0,1.0,0.0
1817990,0.0,0.0,0.0,0.0,0.0,0.0,0.0
1818338,0.0,0.0,0.0,0.0,0.0,1.0,0.0
1818388,0.0,0.0,0.0,0.0,0.0,2.0,0.0
1818790,0.0,0.0,0.0,0.0,1.0,2.0,0.0
1818888,0.0,0.0,0.0,0.0,1.0,0.0,0.0
1819085,0.0,2.0,0.0,0.0,1.0,0.0,0.0
1819263,2.0,2.0,0.0,0.0,1.0,0.0,0.0
1819281,2.0,2.0,0.0,0.0,2.0,0.0,0.0
1819585,2.0,0.0,0.0,0.0,2.0,0.0,0.0
1819763,0.0,0.0,0.0,0.0,2.0,0.0,0.0
1819781,0.0,0.0,0.0,0.0,0.0,0.0,0.0
1819930,0.0,0.0,0.0,0.0,0.0,1.0,0.0
1819945,0.0,0.0,0.0,0.0,1.0,1.0,0.0
1819967,2.0,0.0,0.0,0.0,1.0,1.0,0.0
1820430,2.0,0.0,0.0,0.0,1.0,0.0,0.0
1820445,2.0,0.0,0.0,0.0,0.0,0.0,0.0
1820467,0.0,0.0,0.0,0.0,0.0,0.0,0.0
1822877,0.0,0.0,0.0,0.0,0.0,1.0,0.0
1823377,0.0,0.0,0.0,0.0,0.0,0.0,0.0
1824180,0.0,0.0,0.0,0.0,0.0,1.0,0.0
1824680,0.0,0.0,0.0,0.0,0.0,0.0,0.0
1825043,0.0,0.0,0.0,0.0,0.0,1.0,0.0
1825543,0.0,0.0,0.0,0.0,0.0,0.0,0.0
1825686,0.0,0.0,0.0,0.0,0.0,1.0,0.0
1826186,0.0,0.0,0.0,0.0,0.0,0.0,0.0
1827039,0.0,0.0,0.0,0.0,0.0,1.0,0.0
1827043,0.0,0.0,0.0,0.0,0.0,2.0,0.0
1827543,0.0,0.0,0.0,0.0,0.0,0.0,0.0
1829362,0.0,0.0,0.0,0.0,0.0,1.0,0.0
1829862,0.0,0.0,0.0,0.0,0.0,0.0,0.0
1830301,0.0,0.0,0.0,0.0,0.0,1.0,0.0
1830801,0.0,0.0,0.0,0.0,0.0,0.0,0.0
1830825,0.0,0.0,0.0,0.0,0.0,1.0,0.0
1831325,0.0,0.0,0.0,0.0,0.0,0.0,0.0
1832027,0.0,0.0,0.0,0.0,0.0,1.0,0.0
1832527,0.0,0.0,0.0,0.0,0.0,0.0,0.0
1832671,2.0,0.0,0.0,0.0,0.0,0.0,0.0
1832876,2.0,0.0,0.0,0.0,0.0,1.0,0.0
1833006,2.0,2.0,0.0,0.0,0.0,1.0,0.0
1833171,0.0,2.0,0.0,0.0,0.0,1.0,0.0
1833376,0.0,2.0,0.0,0.0,0.0,0.0,0.0
1833506,0.0,0.0,0.0,0.0,0.0,0.0,0.0
1834529,0.0,0.0,0.0,0.0,0.0,1.0,0.0
1834741,0.0,0.0,0.0,0.0,0.0,2.0,0.0
1835241,0.0,0.0,0.0,0.0,0.0,0.0,0.0
1836252,0.0,2.0,0.0,0.0,0.0,0.0,0.0
1836752,0.0,0.0,0.0,0.0,0.0,0.0,0.0
1837792,0.0,0.0,0.0,0.0,0.0,1.0,0.0
1838292,0.0,0.0,0.0,0.0,0.0,0.0,0.0
1838297,0.0,0.0,0.0,0.0,0.0,1.0,0.0
1838797,0.0,0.0,0.0,0.0,0.0,0.0,0.0
1839412,0.0,0.0,0.0,0.0,0.0,1.0,0.0
1839912,0.0,0.0,0.0,0.0,0.0,0.0,0.0
1839968,0.0,0.0,0.0,0.0,0.0,1.0,0.0
1840468,0.0,0.0,0.0,0.0,0.0,0.0,0.0
1841904,0.0,0.0,0.0,0.0,0.0,1.0,0.0
1842404,0.0,0.0,0.0,0.0,0.0,0.0,0.0
1842813,0.0,0.0,0.0,0.0,0.0,1.0,0.0
1842821,0.0,0.0,0.0,0.0,0.0,2.0,0.0
1843321,0.0,0.0,0.0,0.0,0.0,0.0,0.0
1844778,0.0,0.0,0.0,0.0,0.0,1.0,0.0
1845278,0.0,0.0,0.0,0.0,0.0,0.0,0.0
1846669,0.0,0.0,0.0,0.0,0.0,1.0,0.0
1847169,0.0,0.0,0.0,0.0,0.0,0.0,0.0
1847607,0.0,0.0,0.0,0.0,0.0,1.0,0.0
1848107,0.0,0.0,0.0,0.0,0.0,0.0,0.0
1848349,0.0,0.0,0.0,0.0,0.0,1.0,0.0
1848849,0.0,0.0,0.0,0.0,0.0,0.0,0.0
1849366,0.0,0.0,0.0,0.0,0.0,1.0,0.0
1849866,0.0,0.0,0.0,0.0,0.0,0.0,0.0
1850125,0.0,0.0,0.0,0.0,0.0,1.0,0.0
1850625,0.0,0.0,0.0,0.0,0.0,0.0,0.0
1850882,0.0,0.0,0.0,0.0,0.0,1.0,0.0
1851382,0.0,0.0,0.0,0.0,0.0,0.0,0.0
1851614,0.0,0.0,0.0,0.0,0.0,1.0,0.0
1851628,0.0,2.0,0.0,0.0,0.0,1.0,0.0
1852114,0.0,2.0,0.0,0.0,0.0,0.0,0.0
1852128,0.0,0.0,0.0,0.0,0.0,0.0,0.0
1852136,0.0,0.0,0.0,0.0,0.0,1.0,0.0
1852137,0.0,0.0,0.0,0.0,0.0,2.0,0.0
1852637,0.0,0.0,0.0,0.0,0.0,0.0,0.0
1853135,0.0,2.0,0.0,0.0,0.0,1.0,0.0
1853294,0.0,2.0,0.0,0.0,1.0,1.0,0.0
1853635,0.0,0.0,0.0,0.0,1.0,0.0,0.0
1853794,0.0,0.0,0.0,0.0,0.0,0.0,0.0
1854097,0.0,0.0,0.0,0.0,0.0,1.0,0.0
1854597,0.0,0.0,0.0,0.0,0.0,0.0,0.0
1854735,0.0,0.0,0.0,0.0,0.0,1.0,0.0
1854740,0.0,0.0,0.0,0.0,0.0,2.0,0.0
1855240,0.0,0.0,0.0,0.0,0.0,0.0,0.0
1855717,0.0,0.0,0.0,0.0,0.0,1.0,0.0
1855719,0.0,0.0,0.0,0.0,0.0,2.0,0.0
1856219,0.0,0.0,0.0,0.0,0.0,0.0,0.0
1857048,0.0,0.0,0.0,0.0,0.0,1.0,0.0
1857548,0.0,0.0,0.0,0.0,0.0,0.0,0.0
1860785,0.0,0.0,0.0,0.0,0.0,1.0,0.0
1861285,0.0,0.0,0.0,0.0,0.0,0.0,0.0
1861567,0.0,0.0,0.0,0.0,0.0,1.0,0.0
1862067,0.0,0.0,0.0,0.0,0.0,0.0,0.0
1862863,0.0,0.0,0.0,0.0,0.0,1.0,0.0
1863083,0.0,0.0,0.0,0.0,0.0,2.0,0.0
1863583,0.0,0.0,0.0,0.0,0.0,0.0,0.0
1865816,0.0,0.0,0.0,0.0,0.0,1.0,0.0
1866316,0.0,0.0,0.0,0.0,0.0,0.0,0.0
1868218,0.0,0.0,0.0,0.0,0.0,1.0,0.0
1868708,0.0,0.0,0.0,0.0,0.0,2.0,0.0
1869208,0.0,0.0,0.0,0.0,0.0,0.0,0.0
1869241,0.0,0.0,0.0,0.0,0.0,1.0,0.0
1869631,0.0,0.0,0.0,0.0,0.0,2.0,0.0
1869943,0.0,2.0,0.0,0.0,0.0,2.0,0.0
1870131,0.0,2.0,0.0,0.0,0.0,0.0,0.0
1870443,0.0,0.0,0.0,0.0,0.0,0.0,0.0
1871157,0.0,0.0,0.0,0.0,0.0,1.0,0.0
1871657,0.0,0.0,0.0,0.0,0.0,0.0,0.0
1872193,0.0,0.0,0.0,0.0,0.0,1.0,0.0
1872693,0.0,0.0,0.0,0.0,0.0,0.0,0.0
1872714,0.0,0.0,0.0,0.0,0.0,1.0,0.0
1873214,0.0,0.0,0.0,0.0,0.0,0.0,0.0
1873842,0.0,0.0,0.0,0.0,0.0,1.0,0.0
1874342,0.0,0.0,0.0,0.0,0.0,0.0,0.0
1875524,0.0,0.0,0.0,0.0,0.0,1.0,0.0
1876024,0.0,0.0,0.0,0.0,0.0,0.0,0.0
1876369,0.0,0.0,0.0,0.0,0.0,1.0,0.0
1876869,0.0,0.0,0.0,0.0,0.0,0.0,0.0
1877625,0.0,0.0,0.0,0.0,0.0,1.0,0.0
1878125,0.0,0.0,0.0,0.0,0.0,0.0,0.0
1879457,0.0,0.0,0.0,0.0,0.0,1.0,0.0
1879957,0.0,0.0,0.0,0.0,0.0,0.0,0.0
1880368,0.0,0.0,0.0,0.0,0.0,1.0,0.0
1880868,0.0,0.0,0.0,0.0,0.0,0.0,0.0
1881024,0.0,0.0,0.0,0.0,0.0,1.0,0.0
1881028,0.0,0.0,0.0,0.0,0.0,2.0,0.0
1881528,0.0,0.0,0.0,0.0,0.0,0.0,0.0
1882588,0.0,0.0,0.0,0.0,0.0,1.0,0.0
1882589,0.0,2.0,0.0,0.0,0.0,1.0,0.0
1882590,0.0,2.0,0.0,0.0,0.0,2.0,0.0
1883089,0.0,0.0,0.0,0.0,0.0,2.0,0.0
1883090,0.0,0.0,0.0,0.0,0.0,0.0,0.0
1885411,0.0,0.0,0.0,0.0,0.0,1.0,0.0
1885418,0.0,0.0,0.0,0.0,0.0,2.0,0.0
1885918,0.0,0.0,0.0,0.0,0.0,0.0,0.0
1887054,0.0,0.0,0.0,0.0,0.0,1.0,0.0
1887554,0.0,0.0,0.0,0.0,0.0,0.0,0.0
1888056,0.0,0.0,0.0,0.0,0.0,1.0,0.0
1888556,0.0,0.0,0.0,0.0,0.0,0.0,0.0
1889743,0.0,0.0,0.0,0.0,0.0,1.0,0.0
1890018,0.0,0.0,0.0,0.0,0.0,2.0,0.0
1890518,0.0,0.0,0.0,0.0,0.0,0.0,0.0
1890611,0.0,0.0,0.0,0.0,1.0,0.0,0.0
1890617,0.0,0.0,0.0,0.0,2.0,1.0,0.0
1890619,0.0,0.0,0.0,0.0,2.0,2.0,0.0
1891117,0.0,0.0,0.0,0.0,0.0,2.0,0.0
1891119,0.0,0.0,0.0,0.0,0.0,0.0,0.0
1891333,0.0,0.0,0.0,0.0,0.0,1.0,0.0
1891833,0.0,0.0,0.0,0.0,0.0,0.0,0.0
1892596,0.0,0.0,0.0,0.0,0.0,1.0,0.0
1893096,0.0,0.0,0.0,0.0,0.0,0.0,0.0
1894557,0.0,0.0,0.0,0.0,0.0,1.0,0.0
1895057,0.0,0.0,0.0,0.0,0.0,0.0,0.0
1895232,0.0,0.0,0.0,0.0,0.0,1.0,0.0
1895732,0.0,0.0,0.0,0.0,0.0,0.0,0.0
1896934,0.0,0.0,0.0,0.0,0.0,1.0,0.0
1896936,0.0,0.0,0.0,0.0,0.0,2.0,0.0
1897436,0.0,0.0,0.0,0.0,0.0,0.0,0.0
1897627,0.0,0.0,0.0,0.0,0.0,1.0,0.0
1898127,0.0,0.0,0.0,0.0,0.0,0.0,0.0
1899809,0.0,0.0,0.0,0.0,0.0,1.0,0.0
1899810,0.0,0.0,0.0,0.0,0.0,2.0,0.0
1900310,0.0,0.0,0.0,0.0,0.0,0.0,0.0
1900914,0.0,0.0,0.0,0.0,0.0,1.0,0.0
1901414,0.0,0.0,0.0,0.0,0.0,0.0,0.0
1901562,0.0,0.0,0.0,0.0,0.0,1.0,0.0
1902062,0.0,0.0,0.0,0.0,0.0,0.0,0.0
1902193,0.0,0.0,0.0,0.0,0.0,1.0,0.0
1902693,0.0,0.0,0.0,0.0,0.0,0.0,0.0
1905074,0.0,0.0,0.0,0.0,0.0,1.0,0.0
1905574,0.0,0.0,0.0,0.0,0.0,0.0,0.0
1906479,0.0,0.0,0.0,0.0,0.0,1.0,0.0
1906979,0.0,0.0,0.0,0.0,0.0,0.0,0.0
1907552,0.0,0.0,0.0,0.0,0.0,1.0,0.0
1908052,0.0,0.0,0.0,0.0,0.0,0.0,0.0
1908593,0.0,0.0,0.0,0.0,0.0,1.0,0.0
1908597,0.0,0.0,0.0,0.0,0.0,2.0,0.0
1909097,0.0,0.0,0.0,0.0,0.0,0.0,0.0
1909802,0.0,0.0,0.0,0.0,0.0,1.0,0.0
1910302,0.0,0.0,0.0,0.0,0.0,0.0,0.0
1910526,0.0,0.0,0.0,0.0,0.0,1.0,0.0
1911026,0.0,0.0,0.0,0.0,0.0,0.0,0.0
1911412,0.0,0.0,0.0,0.0,0.0,1.0,0.0
1911912,0.0,0.0,0.0,0.0,0.0,0.0,0.0
1912091,0.0,0.0,0.0,0.0,0.0,1.0,0.0
1912591,0.0,0.0,0.0,0.0,0.0,0.0,0.0
1913186,0.0,0.0,0.0,0.0,0.0,1.0,0.0
1913686,0.0,0.0,0.0,0.0,0.0,0.0,0.0
1913887,0.0,0.0,0.0,0.0,0.0,1.0,0.0
1913901,0.0,0.0,0.0,0.0,0.0,2.0,0.0
1914401,0.0,0.0,0.0,0.0,0.0,0.0,0.0
1914742,0.0,0.0,0.0,0.0,0.0,1.0,0.0
1915242,0.0,0.0,0.0,0.0,0.0,0.0,0.0
1916107,0.0,2.0,0.0,0.0,0.0,0.0,0.0
1916605,0.0,2.0,0.0,0.0,0.0,1.0,0.0
1916607,0.0,0.0,0.0,0.0,0.0,1.0,0.0
1916609,0.0,0.0,0.0,0.0,0.0,2.0,0.0
1917109,0.0,0.0,0.0,0.0,0.0,0.0,0.0
1917340,0.0,0.0,0.0,0.0,0.0,1.0,0.0
1917664,0.0,0.0,0.0,0.0,0.0,2.0,0.0
1918164,0.0,0.0,0.0,0.0,0.0,0.0,0.0
1919681,0.0,0.0,0.0,0.0,0.0,1.0,0.0
1920181,0.0,0.0,0.0,0.0,0.0,0.0,0.0
1926157,0.0,0.0,0.0,0.0,1.0,0.0,0.0
1926190,0.0,0.0,0.0,0.0,1.0,1.0,0.0
1926657,0.0,0.0,0.0,0.0,0.0,1.0,0.0
1926690,0.0,0.0,0.0,0.0,0.0,0.0,0.0
1926734,0.0,0.0,0.0,0.0,0.0,1.0,0.0
1927234,0.0,0.0,0.0,0.0,0.0,0.0,0.0
1927365,0.0,0.0,0.0,0.0,0.0,1.0,0.0
1927865,0.0,0.0,0.0,0.0,0.0,0.0,0.0
1928281,0.0,0.0,0.0,0.0,0.0,1.0,0.0
1928661,0.0,0.0,0.0,0.0,0.0,2.0,0.0
1929161,0.0,0.0,0.0,0.0,0.0,0.0,0.0
1930480,0.0,0.0,0.0,0.0,0.0,1.0,0.0
1930980,0.0,0.0,0.0,0.0,0.0,0.0,0.0
1931659,0.0,0.0,0.0,0.0,0.0,1.0,0.0
1932159,0.0,0.0,0.0,0.0,0.0,0.0,0.0
1933513,0.0,0.0,0.0,0.0,0.0,1.0,0.0
1934013,0.0,0.0,0.0,0.0,0.0,0.0,0.0
1935533,0.0,0.0,0.0,0.0,0.0,1.0,0.0
1936033,0.0,0.0,0.0,0.0,0.0,0.0,0.0
1936797,0.0,0.0,0.0,0.0,0.0,1.0,0.0
1937297,0.0,0.0,0.0,0.0,0.0,0.0,0.0
1938107,0.0,0.0,0.0,0.0,0.0,1.0,0.0
1938607,0.0,0.0,0.0,0.0,0.0,0.0,0.0
1939388,0.0,0.0,0.0,0.0,0.0,1.0,0.0
1939888,0.0,0.0,0.0,0.0,0.0,0.0,0.0
1940446,0.0,0.0,0.0,0.0,0.0,1.0,0.0
1940946,0.0,0.0,0.0,0.0,0.0,0.0,0.0
1941060,0.0,0.0,0.0,0.0,0.0,1.0,0.0
1941560,0.0,0.0,0.0,0.0,0.0,0.0,0.0
1942405,0.0,0.0,0.0,0.0,0.0,1.0,0.0
1942492,0.0,0.0,0.0,0.0,0.0,2.0,0.0
1942992,0.0,0.0,0.0,0.0,0.0,0.0,0.0
1943181,0.0,0.0,0.0,0.0,0.0,1.0,0.0
1943197,0.0,0.0,0.0,0.0,0.0,2.0,0.0
1943697,0.0,0.0,0.0,0.0,0.0,0.0,0.0
1943886,0.0,0.0,0.0,0.0,0.0,1.0,0.0
1944386,0.0,0.0,0.0,0.0,0.0,0.0,0.0
1945247,0.0,0.0,0.0,0.0,0.0,1.0,0.0
1945747,0.0,0.0,0.0,0.0,0.0,0.0,0.0
1951533,0.0,0.0,0.0,0.0,0.0,1.0,0.0
1952033,0.0,0.0,0.0,0.0,0.0,0.0,0.0
1952054,0.0,0.0,0.0,0.0,0.0,1.0,0.0
1952554,0.0,0.0,0.0,0.0,0.0,0.0,0.0
1953184,0.0,0.0,0.0,0.0,0.0,1.0,0.0
1953684,0.0,0.0,0.0,0.0,0.0,0.0,0.0
1954141,0.0,0.0,0.0,0.0,0.0,1.0,0.0
1954641,0.0,0.0,0.0,0.0,0.0,0.0,0.0
1954650,0.0,0.0,0.0,0.0,0.0,1.0,0.0
1955150,0.0,0.0,0.0,0.0,0.0,0.0,0.0
1955213,0.0,0.0,0.0,0.0,0.0,1.0,0.0
1955215,0.0,0.0,0.0,0.0,0.0,2.0,0.0
1955715,0.0,0.0,0.0,0.0,0.0,0.0,0.0
1956897,0.0,0.0,0.0,0.0,0.0,1.0,0.0
1957397,0.0,0.0,0.0,0.0,0.0,0.0,0.0
1957587,0.0,0.0,0.0,0.0,0.0,1.0,0.0
1958087,0.0,0.0,0.0,0.0,0.0,0.0,0.0
1958423,0.0,0.0,0.0,0.0,0.0,1.0,0.0
1958923,0.0,0.0,0.0,0.0,0.0,0.0,0.0
1959912,0.0,0.0,0.0,0.0,0.0,1.0,0.0
1960412,0.0,0.0,0.0,0.0,0.0,0.0,0.0
1963217,0.0,0.0,0.0,0.0,0.0,1.0,0.0
1963717,0.0,0.0,0.0,0.0,0.0,0.0,0.0
1964127,0.0,0.0,0.0,0.0,0.0,1.0,0.0
1964366,0.0,0.0,0.0,0.0,0.0,2.0,0.0
1964866,0.0,0.0,0.0,0.0,0.0,0.0,0.0
1966563,0.0,0.0,0.0,0.0,0.0,1.0,0.0
1966565,0.0,0.0,0.0,0.0,0.0,2.0,0.0
1967065,0.0,0.0,0.0,0.0,0.0,0.0,0.0
1969571,0.0,0.0,0.0,0.0,0.0,1.0,0.0
1970071,0.0,0.0,0.0,0.0,0.0,0.0,0.0
1972511,0.0,0.0,0.0,0.0,0.0,1.0,0.0
1973011,0.0,0.0,0.0,0.0,0.0,0.0,0.0
1973727,0.0,0.0,0.0,0.0,0.0,1.0,0.0
1973729,0.0,0.0,0.0,0.0,0.0,2.0,0.0
1974229,0.0,0.0,0.0,0.0,0.0,0.0,0.0
1975824,0.0,0.0,0.0,0.0,0.0,1.0,0.0
1976324,0.0,0.0,0.0,0.0,0.0,0.0,0.0
1976803,0.0,0.0,0.0,0.0,0.0,1.0,0.0
1976804,0.0,0.0,0.0,0.0,0.0,2.0,0.0
1977304,0.0,0.0,0.0,0.0,0.0,0.0,0.0
1977447,0.0,0.0,0.0,0.0,0.0,1.0,0.0
1977947,0.0,0.0,0.0,0.0,0.0,0.0,0.0
1978361,0.0,0.0,0.0,0.0,0.0,1.0,0.0
1978861,0.0,0.0,0.0,0.0,0.0,0.0,0.0
1979178,0.0,0.0,0.0,0.0,0.0,1.0,0.0
1979678,0.0,0.0,0.0,0.0,0.0,0.0,0.0
1981741,0.0,0.0,0.0,0.0,0.0,1.0,0.0
1982241,0.0,0.0,0.0,0.0,0.0,0.0,0.0
1983260,0.0,0.0,0.0,0.0,0.0,1.0,0.0
1983760,0.0,0.0,0.0,0.0,0.0,0.0,0.0
1984916,0.0,0.0,0.0,0.0,0.0,1.0,0.0
1985416,0.0,0.0,0.0,0.0,0.0,0.0,0.0
1985780,0.0,0.0,0.0,0.0,0.0,1.0,0.0
1986280,0.0,0.0,0.0,0.0,0.0,0.0,0.0
1988048,0.0,0.0,0.0,0.0,0.0,1.0,0.0
1988548,0.0,0.0,0.0,0.0,0.0,0.0,0.0
1989718,0.0,0.0,0.0,0.0,0.0,1.0,0.0
1989720,0.0,0.0,0.0,0.0,0.0,2.0,0.0
1989722,0.0,0.0,0.0,0.0,1.0,2.0,0.0
1990220,0.0,0.0,0.0,0.0,1.0,0.0,0.0
1990222,0.0,0.0,0.0,0.0,0.0,0.0,0.0
1990280,0.0,0.0,0.0,0.0,0.0,1.0,0.0
1990780,0.0,0.0,0.0,0.0,0.0,0.0,0.0
1994106,0.0,0.0,0.0,0.0,0.0,1.0,0.0
1994606,0.0,0.0,0.0,0.0,0.0,0.0,0.0
1995824,0.0,0.0,0.0,0.0,0.0,1.0,0.0
1996324,0.0,0.0,0.0,0.0,0.0,0.0,0.0
1996379,0.0,0.0,0.0,0.0,0.0,1.0,0.0
1996879,0.0,0.0,0.0,0.0,0.0,0.0,0.0
1997802,0.0,0.0,0.0,0.0,1.0,0.0,0.0
1998302,0.0,0.0,0.0,0.0,0.0,0.0,0.0
2000053,0.0,0.0,0.0,0.0,0.0,1.0,0.0
2000553,0.0,0.0,0.0,0.0,0.0,0.0,0.0
2001167,0.0,0.0,0.0,0.0,0.0,1.0,0.0
2001461,0.0,0.0,0.0,0.0,0.0,2.0,0.0
2001961,0.0,0.0,0.0,0.0,0.0,0.0,0.0
2008065,0.0,0.0,0.0,0.0,0.0,1.0,0.0
2008565,0.0,0.0,0.0,0.0,0.0,0.0,0.0
2009401,0.0,0.0,0.0,0.0,1.0,0.0,0.0
2009703,0.0,0.0,0.0,0.0,1.0,1.0,0.0
2009719,0.0,0.0,0.0,0.0,1.0,2.0,0.0
2009901,0.0,0.0,0.0,0.0,0.0,2.0,0.0
2010219,0.0,0.0,0.0,0.0,0.0,0.0,0.0
2011260,0.0,0.0,0.0,0.0,0.0,1.0,0.0
2011760,0.0,0.0,0.0,0.0,0.0,0.0,0.0
2013590,0.0,0.0,0.0,0.0,0.0,1.0,0.0
2014090,0.0,0.0,0.0,0.0,0.0,0.0,0.0
2016423,0.0,0.0,0.0,0.0,0.0,1.0,0.0
2016923,0.0,0.0,0.0,0.0,0.0,0.0,0.0
2019000,0.0,0.0,0.0,0.0,0.0,0.0,1.0
2019500,0.0,0.0,0.0,0.0,0.0,0.0,0.0
2019986,0.0,0.0,0.0,0.0,0.0,1.0,0.0
2020364,0.0,0.0,0.0,0.0,0.0,2.0,0.0
