,ADWIN,CUSUM,DDM,GeometricMovingAverage,HDDMAverage,HDDMWeighted,Ground-truth
101,0.0,0.0,1.0,0.0,0.0,0.0,0.0
601,0.0,0.0,0.0,0.0,0.0,0.0,0.0
1364,0.0,0.0,0.0,0.0,1.0,1.0,0.0
1864,0.0,0.0,0.0,0.0,0.0,0.0,0.0
4528,0.0,0.0,0.0,0.0,0.0,1.0,0.0
5028,0.0,0.0,0.0,0.0,0.0,0.0,0.0
5065,0.0,0.0,0.0,0.0,0.0,1.0,0.0
5068,0.0,0.0,0.0,0.0,1.0,1.0,0.0
5392,0.0,0.0,1.0,0.0,1.0,1.0,0.0
5565,0.0,0.0,1.0,0.0,1.0,0.0,0.0
5568,0.0,0.0,1.0,0.0,0.0,0.0,0.0
5892,0.0,0.0,0.0,0.0,0.0,0.0,0.0
5907,0.0,0.0,1.0,0.0,0.0,0.0,0.0
5935,0.0,0.0,1.0,0.0,0.0,1.0,0.0
5942,0.0,0.0,1.0,0.0,0.0,2.0,0.0
6407,0.0,0.0,0.0,0.0,0.0,2.0,0.0
6442,0.0,0.0,0.0,0.0,0.0,0.0,0.0
6556,0.0,0.0,1.0,0.0,0.0,0.0,0.0
6986,0.0,0.0,1.0,0.0,0.0,1.0,0.0
7486,0.0,0.0,1.0,0.0,0.0,0.0,0.0
8056,0.0,0.0,0.0,0.0,0.0,0.0,0.0
8764,0.0,0.0,0.0,0.0,0.0,1.0,0.0
9120,0.0,0.0,1.0,0.0,0.0,1.0,0.0
9264,0.0,0.0,1.0,0.0,0.0,0.0,0.0
9620,0.0,0.0,0.0,0.0,0.0,0.0,0.0
10536,0.0,0.0,0.0,0.0,0.0,1.0,0.0
10538,0.0,0.0,1.0,0.0,0.0,1.0,0.0
11036,0.0,0.0,1.0,0.0,0.0,0.0,0.0
11376,0.0,0.0,1.0,0.0,0.0,1.0,0.0
11876,0.0,0.0,1.0,0.0,0.0,0.0,0.0
12070,0.0,0.0,1.0,0.0,0.0,1.0,0.0
12570,0.0,0.0,1.0,0.0,0.0,0.0,0.0
13538,0.0,0.0,0.0,0.0,0.0,0.0,0.0
13555,0.0,0.0,1.0,0.0,0.0,0.0,0.0
14055,0.0,0.0,0.0,0.0,0.0,0.0,0.0
15680,0.0,0.0,0.0,0.0,0.0,1.0,0.0
16180,0.0,0.0,0.0,0.0,0.0,0.0,0.0
16261,0.0,0.0,0.0,0.0,0.0,1.0,0.0
16761,0.0,0.0,0.0,0.0,0.0,0.0,0.0
17050,0.0,0.0,0.0,0.0,0.0,1.0,0.0
17550,0.0,0.0,0.0,0.0,0.0,0.0,0.0
18497,0.0,0.0,0.0,0.0,0.0,1.0,0.0
18997,0.0,0.0,0.0,0.0,0.0,0.0,0.0
19587,0.0,0.0,0.0,0.0,0.0,1.0,0.0
20087,0.0,0.0,0.0,0.0,0.0,0.0,0.0
20795,0.0,0.0,0.0,0.0,0.0,1.0,0.0
21295,0.0,0.0,0.0,0.0,0.0,0.0,0.0
21734,0.0,0.0,0.0,0.0,0.0,1.0,0.0
21866,0.0,0.0,0.0,0.0,0.0,2.0,0.0
22366,0.0,0.0,0.0,0.0,0.0,0.0,0.0
22439,0.0,0.0,0.0,0.0,0.0,1.0,0.0
22939,0.0,0.0,0.0,0.0,0.0,0.0,0.0
24307,0.0,0.0,0.0,0.0,0.0,1.0,0.0
24807,0.0,0.0,0.0,0.0,0.0,0.0,0.0
26606,0.0,0.0,0.0,0.0,0.0,1.0,0.0
27106,0.0,0.0,0.0,0.0,0.0,0.0,0.0
27587,0.0,0.0,0.0,0.0,0.0,1.0,0.0
28087,0.0,0.0,0.0,0.0,0.0,0.0,0.0
30661,0.0,0.0,0.0,0.0,0.0,1.0,0.0
30675,0.0,0.0,0.0,0.0,0.0,2.0,0.0
31175,0.0,0.0,0.0,0.0,0.0,0.0,0.0
32026,0.0,0.0,0.0,0.0,0.0,1.0,0.0
32526,0.0,0.0,0.0,0.0,0.0,0.0,0.0
35095,0.0,0.0,0.0,0.0,0.0,1.0,0.0
35595,0.0,0.0,0.0,0.0,0.0,0.0,0.0
35620,0.0,0.0,0.0,0.0,0.0,1.0,0.0
36120,0.0,0.0,0.0,0.0,0.0,0.0,0.0
37106,0.0,0.0,0.0,0.0,0.0,1.0,0.0
37606,0.0,0.0,0.0,0.0,0.0,0.0,0.0
37739,0.0,0.0,0.0,0.0,0.0,1.0,0.0
37861,0.0,0.0,0.0,0.0,0.0,2.0,0.0
38361,0.0,0.0,0.0,0.0,0.0,0.0,0.0
38843,0.0,0.0,0.0,0.0,0.0,1.0,0.0
38847,0.0,0.0,0.0,0.0,0.0,2.0,0.0
39347,0.0,0.0,0.0,0.0,0.0,0.0,0.0
39732,0.0,0.0,0.0,0.0,0.0,1.0,0.0
40087,0.0,0.0,0.0,0.0,0.0,2.0,0.0
40587,0.0,0.0,0.0,0.0,0.0,0.0,0.0
42948,0.0,0.0,0.0,0.0,0.0,1.0,0.0
43448,0.0,0.0,0.0,0.0,0.0,0.0,0.0
43695,0.0,0.0,0.0,0.0,0.0,1.0,0.0
44195,0.0,0.0,0.0,0.0,0.0,0.0,0.0
44240,0.0,2.0,0.0,0.0,0.0,0.0,0.0
44740,0.0,0.0,0.0,0.0,0.0,0.0,0.0
44949,0.0,0.0,0.0,0.0,0.0,1.0,0.0
45449,0.0,0.0,0.0,0.0,0.0,0.0,0.0
46248,0.0,0.0,0.0,0.0,0.0,1.0,0.0
46250,0.0,0.0,0.0,0.0,0.0,2.0,0.0
46750,0.0,0.0,0.0,0.0,0.0,0.0,0.0
47616,0.0,0.0,1.0,0.0,0.0,0.0,0.0
48538,0.0,0.0,1.0,0.0,0.0,1.0,0.0
49038,0.0,0.0,1.0,0.0,0.0,0.0,0.0
49825,0.0,0.0,1.0,0.0,0.0,1.0,0.0
50325,0.0,0.0,1.0,0.0,0.0,0.0,0.0
50616,0.0,0.0,0.0,0.0,0.0,0.0,0.0
50684,0.0,0.0,1.0,0.0,0.0,0.0,0.0
51184,0.0,0.0,0.0,0.0,0.0,0.0,0.0
51189,0.0,0.0,0.0,0.0,0.0,1.0,0.0
51204,0.0,0.0,1.0,0.0,0.0,1.0,0.0
51689,0.0,0.0,1.0,0.0,0.0,0.0,0.0
51704,0.0,0.0,0.0,0.0,0.0,0.0,0.0
54418,0.0,0.0,0.0,0.0,0.0,1.0,0.0
54918,0.0,0.0,0.0,0.0,0.0,0.0,0.0
55343,0.0,0.0,0.0,0.0,0.0,1.0,0.0
55843,0.0,0.0,0.0,0.0,0.0,0.0,0.0
56064,0.0,0.0,0.0,0.0,0.0,1.0,0.0
56564,0.0,0.0,0.0,0.0,0.0,0.0,0.0
57614,0.0,0.0,0.0,0.0,0.0,1.0,0.0
57725,0.0,0.0,1.0,0.0,0.0,1.0,0.0
57896,0.0,0.0,1.0,0.0,0.0,2.0,0.0
58396,0.0,0.0,1.0,0.0,0.0,0.0,0.0
59658,0.0,0.0,1.0,0.0,0.0,1.0,0.0
60158,0.0,0.0,1.0,0.0,0.0,0.0,0.0
60305,0.0,0.0,1.0,0.0,0.0,1.0,0.0
60805,0.0,0.0,1.0,0.0,0.0,0.0,0.0
62227,0.0,0.0,1.0,0.0,0.0,1.0,0.0
62727,0.0,0.0,1.0,0.0,0.0,0.0,0.0
63786,0.0,0.0,1.0,0.0,0.0,1.0,0.0
64286,0.0,0.0,1.0,0.0,0.0,0.0,0.0
64399,0.0,0.0,1.0,0.0,0.0,1.0,0.0
64899,0.0,0.0,1.0,0.0,0.0,0.0,0.0
67267,0.0,0.0,1.0,0.0,0.0,1.0,0.0
67767,0.0,0.0,1.0,0.0,0.0,0.0,0.0
68015,0.0,0.0,1.0,0.0,0.0,1.0,0.0
68515,0.0,0.0,1.0,0.0,0.0,0.0,0.0
69082,0.0,0.0,1.0,0.0,0.0,1.0,0.0
69088,0.0,0.0,1.0,0.0,0.0,2.0,0.0
69588,0.0,0.0,1.0,0.0,0.0,0.0,0.0
71418,0.0,0.0,1.0,0.0,0.0,1.0,0.0
71918,0.0,0.0,1.0,0.0,0.0,0.0,0.0
73249,0.0,0.0,1.0,0.0,0.0,1.0,0.0
73749,0.0,0.0,1.0,0.0,0.0,0.0,0.0
75435,0.0,0.0,1.0,0.0,0.0,1.0,0.0
75935,0.0,0.0,1.0,0.0,0.0,0.0,0.0
76565,0.0,0.0,1.0,0.0,0.0,1.0,0.0
76584,0.0,0.0,1.0,0.0,0.0,2.0,0.0
77084,0.0,0.0,1.0,0.0,0.0,0.0,0.0
77697,0.0,0.0,1.0,0.0,0.0,1.0,0.0
78197,0.0,0.0,1.0,0.0,0.0,0.0,0.0
79546,0.0,0.0,1.0,0.0,0.0,1.0,0.0
80046,0.0,0.0,1.0,0.0,0.0,0.0,0.0
80399,0.0,0.0,1.0,0.0,0.0,1.0,0.0
80899,0.0,0.0,1.0,0.0,0.0,0.0,0.0
81378,0.0,0.0,1.0,0.0,0.0,1.0,0.0
81878,0.0,0.0,1.0,0.0,0.0,0.0,0.0
82084,0.0,0.0,1.0,0.0,0.0,1.0,0.0
82338,0.0,0.0,1.0,0.0,0.0,2.0,0.0
82838,0.0,0.0,1.0,0.0,0.0,0.0,0.0
83098,0.0,0.0,1.0,0.0,0.0,1.0,0.0
83113,0.0,2.0,1.0,0.0,0.0,1.0,0.0
83598,0.0,2.0,1.0,0.0,0.0,0.0,0.0
83613,0.0,0.0,1.0,0.0,0.0,0.0,0.0
84625,0.0,0.0,1.0,0.0,0.0,1.0,0.0
85125,0.0,0.0,1.0,0.0,0.0,0.0,0.0
86742,0.0,0.0,1.0,0.0,0.0,1.0,0.0
87242,0.0,0.0,1.0,0.0,0.0,0.0,0.0
91915,0.0,0.0,1.0,0.0,0.0,1.0,0.0
92415,0.0,0.0,1.0,0.0,0.0,0.0,0.0
92483,0.0,0.0,1.0,0.0,0.0,1.0,0.0
92983,0.0,0.0,1.0,0.0,0.0,0.0,0.0
93492,0.0,0.0,1.0,0.0,0.0,1.0,0.0
93494,0.0,0.0,1.0,0.0,0.0,2.0,0.0
93994,0.0,0.0,1.0,0.0,0.0,0.0,0.0
94597,0.0,0.0,1.0,0.0,0.0,1.0,0.0
95097,0.0,0.0,1.0,0.0,0.0,0.0,0.0
95322,0.0,0.0,1.0,0.0,0.0,1.0,0.0
95822,0.0,0.0,1.0,0.0,0.0,0.0,0.0
97466,0.0,0.0,1.0,0.0,0.0,1.0,0.0
97471,0.0,0.0,1.0,0.0,0.0,2.0,0.0
97971,0.0,0.0,1.0,0.0,0.0,0.0,0.0
100276,0.0,0.0,1.0,0.0,0.0,1.0,0.0
100776,0.0,0.0,1.0,0.0,0.0,0.0,0.0
101108,0.0,0.0,1.0,0.0,0.0,1.0,0.0
101225,0.0,0.0,0.0,0.0,0.0,1.0,0.0
101608,0.0,0.0,0.0,0.0,0.0,0.0,0.0
103283,0.0,0.0,0.0,0.0,0.0,1.0,0.0
103783,0.0,0.0,0.0,0.0,0.0,0.0,0.0
103898,0.0,0.0,0.0,0.0,0.0,1.0,0.0
104358,0.0,0.0,0.0,0.0,1.0,1.0,0.0
104398,0.0,0.0,0.0,0.0,1.0,0.0,0.0
104858,0.0,0.0,0.0,0.0,0.0,0.0,0.0
104860,0.0,0.0,0.0,0.0,0.0,1.0,0.0
105360,0.0,0.0,0.0,0.0,0.0,0.0,0.0
105850,0.0,0.0,0.0,0.0,0.0,1.0,0.0
106268,0.0,0.0,0.0,0.0,0.0,2.0,0.0
106768,0.0,0.0,0.0,0.0,0.0,0.0,0.0
112939,0.0,0.0,0.0,0.0,0.0,1.0,0.0
113439,0.0,0.0,0.0,0.0,0.0,0.0,0.0
114012,0.0,0.0,0.0,0.0,0.0,1.0,0.0
114512,0.0,0.0,0.0,0.0,0.0,0.0,0.0
115022,0.0,0.0,0.0,0.0,0.0,1.0,0.0
115522,0.0,0.0,0.0,0.0,0.0,0.0,0.0
117421,0.0,0.0,0.0,0.0,0.0,1.0,0.0
117921,0.0,0.0,0.0,0.0,0.0,0.0,0.0
117935,0.0,0.0,0.0,0.0,0.0,1.0,0.0
118435,0.0,0.0,0.0,0.0,0.0,0.0,0.0
123174,0.0,0.0,0.0,0.0,0.0,1.0,0.0
123674,0.0,0.0,0.0,0.0,0.0,0.0,0.0
123729,0.0,0.0,0.0,0.0,0.0,1.0,0.0
124229,0.0,0.0,0.0,0.0,0.0,0.0,0.0
124722,0.0,0.0,0.0,0.0,0.0,1.0,0.0
125222,0.0,0.0,0.0,0.0,0.0,0.0,0.0
126827,0.0,0.0,0.0,0.0,0.0,1.0,0.0
127327,0.0,0.0,0.0,0.0,0.0,0.0,0.0
128389,0.0,0.0,0.0,0.0,0.0,1.0,0.0
128889,0.0,0.0,0.0,0.0,0.0,0.0,0.0
133418,0.0,0.0,0.0,0.0,0.0,1.0,0.0
133918,0.0,0.0,0.0,0.0,0.0,0.0,0.0
135851,0.0,0.0,0.0,0.0,0.0,1.0,0.0
136351,0.0,0.0,0.0,0.0,0.0,0.0,0.0
136538,0.0,0.0,0.0,0.0,0.0,1.0,0.0
136554,0.0,0.0,0.0,0.0,0.0,2.0,0.0
137054,0.0,0.0,0.0,0.0,0.0,0.0,0.0
138178,0.0,0.0,0.0,0.0,0.0,1.0,0.0
138189,0.0,0.0,0.0,0.0,0.0,2.0,0.0
138689,0.0,0.0,0.0,0.0,0.0,0.0,0.0
141677,0.0,0.0,0.0,0.0,0.0,1.0,0.0
142177,0.0,0.0,0.0,0.0,0.0,0.0,0.0
142337,0.0,0.0,0.0,0.0,0.0,1.0,0.0
142837,0.0,0.0,0.0,0.0,0.0,0.0,0.0
144961,0.0,0.0,0.0,0.0,0.0,1.0,0.0
145461,0.0,0.0,0.0,0.0,0.0,0.0,0.0
145622,0.0,0.0,0.0,0.0,0.0,1.0,0.0
145623,0.0,0.0,0.0,0.0,0.0,2.0,0.0
146123,0.0,0.0,0.0,0.0,0.0,0.0,0.0
146696,0.0,0.0,0.0,0.0,0.0,1.0,0.0
147196,0.0,0.0,0.0,0.0,0.0,0.0,0.0
148257,0.0,0.0,0.0,0.0,0.0,1.0,0.0
148757,0.0,0.0,0.0,0.0,0.0,0.0,0.0
152408,0.0,0.0,0.0,0.0,1.0,0.0,0.0
152906,0.0,0.0,0.0,0.0,1.0,1.0,0.0
152908,0.0,0.0,0.0,0.0,0.0,1.0,0.0
153406,0.0,0.0,0.0,0.0,0.0,0.0,0.0
153655,0.0,0.0,0.0,0.0,0.0,1.0,0.0
154155,0.0,0.0,0.0,0.0,0.0,0.0,0.0
155403,0.0,0.0,0.0,0.0,0.0,1.0,0.0
155903,0.0,0.0,0.0,0.0,0.0,0.0,0.0
158153,0.0,0.0,0.0,0.0,0.0,1.0,0.0
158653,0.0,0.0,0.0,0.0,0.0,0.0,0.0
160776,0.0,0.0,0.0,0.0,0.0,1.0,0.0
161276,0.0,0.0,0.0,0.0,0.0,0.0,0.0
163906,0.0,0.0,0.0,0.0,0.0,1.0,0.0
164406,0.0,0.0,0.0,0.0,0.0,0.0,0.0
167233,0.0,0.0,0.0,0.0,0.0,1.0,0.0
167733,0.0,0.0,0.0,0.0,0.0,0.0,0.0
174110,0.0,0.0,0.0,0.0,0.0,1.0,0.0
174610,0.0,0.0,0.0,0.0,0.0,0.0,0.0
175620,0.0,0.0,0.0,0.0,0.0,1.0,0.0
176120,0.0,0.0,0.0,0.0,0.0,0.0,0.0
176461,0.0,0.0,0.0,0.0,0.0,1.0,0.0
176961,0.0,0.0,0.0,0.0,0.0,0.0,0.0
180541,0.0,0.0,0.0,0.0,0.0,1.0,0.0
181041,0.0,0.0,0.0,0.0,0.0,0.0,0.0
184222,0.0,0.0,0.0,0.0,0.0,1.0,0.0
184722,0.0,0.0,0.0,0.0,0.0,0.0,0.0
191693,0.0,0.0,0.0,0.0,0.0,1.0,0.0
192193,0.0,0.0,0.0,0.0,0.0,0.0,0.0
194208,0.0,0.0,0.0,0.0,0.0,1.0,0.0
194708,0.0,0.0,0.0,0.0,0.0,0.0,0.0
196021,0.0,0.0,0.0,0.0,0.0,1.0,0.0
196521,0.0,0.0,0.0,0.0,0.0,0.0,0.0
196524,0.0,0.0,0.0,0.0,0.0,1.0,0.0
197024,0.0,0.0,0.0,0.0,0.0,0.0,0.0
198466,0.0,0.0,0.0,0.0,0.0,1.0,0.0
198605,0.0,0.0,0.0,0.0,0.0,2.0,0.0
199105,0.0,0.0,0.0,0.0,0.0,0.0,0.0
200000,0.0,0.0,0.0,0.0,0.0,0.0,1.0
200436,0.0,0.0,0.0,0.0,0.0,1.0,1.0
200500,0.0,0.0,0.0,0.0,0.0,1.0,0.0
200936,0.0,0.0,0.0,0.0,0.0,0.0,0.0
202460,0.0,2.0,0.0,0.0,0.0,0.0,0.0
202960,0.0,0.0,0.0,0.0,0.0,0.0,0.0
203152,0.0,0.0,0.0,0.0,0.0,1.0,0.0
203455,2.0,0.0,0.0,0.0,0.0,1.0,0.0
203652,2.0,0.0,0.0,0.0,0.0,0.0,0.0
203712,2.0,0.0,0.0,0.0,1.0,0.0,0.0
203955,0.0,0.0,0.0,0.0,1.0,0.0,0.0
204051,0.0,0.0,0.0,0.0,1.0,1.0,0.0
204287,2.0,0.0,0.0,0.0,1.0,1.0,0.0
204475,2.0,0.0,0.0,0.0,2.0,1.0,0.0
204551,2.0,0.0,0.0,0.0,2.0,0.0,0.0
204599,2.0,0.0,0.0,0.0,2.0,1.0,0.0
204601,2.0,0.0,0.0,0.0,2.0,2.0,0.0
204787,0.0,0.0,0.0,0.0,2.0,2.0,0.0
204959,2.0,0.0,0.0,0.0,2.0,2.0,0.0
204975,2.0,0.0,0.0,0.0,0.0,2.0,0.0
205101,2.0,0.0,0.0,0.0,0.0,0.0,0.0
205459,0.0,0.0,0.0,0.0,0.0,0.0,0.0
206292,0.0,0.0,0.0,0.0,0.0,1.0,0.0
206792,0.0,0.0,0.0,0.0,0.0,0.0,0.0
208102,0.0,0.0,0.0,0.0,0.0,1.0,0.0
208111,0.0,0.0,0.0,0.0,0.0,2.0,0.0
208611,0.0,0.0,0.0,0.0,0.0,0.0,0.0
208895,2.0,0.0,0.0,0.0,0.0,0.0,0.0
209042,2.0,0.0,0.0,0.0,0.0,1.0,0.0
209395,0.0,0.0,0.0,0.0,0.0,1.0,0.0
209542,0.0,0.0,0.0,0.0,0.0,0.0,0.0
209544,0.0,0.0,0.0,0.0,0.0,1.0,0.0
210044,0.0,0.0,0.0,0.0,0.0,0.0,0.0
211030,0.0,0.0,1.0,0.0,0.0,0.0,0.0
212883,0.0,0.0,1.0,0.0,1.0,0.0,0.0
212884,0.0,0.0,1.0,0.0,1.0,1.0,0.0
213383,0.0,0.0,1.0,0.0,0.0,1.0,0.0
213384,0.0,0.0,1.0,0.0,0.0,0.0,0.0
213449,0.0,0.0,1.0,0.0,0.0,1.0,0.0
213949,0.0,0.0,1.0,0.0,0.0,0.0,0.0
214850,0.0,0.0,1.0,0.0,0.0,1.0,0.0
215350,0.0,0.0,1.0,0.0,0.0,0.0,0.0
215386,0.0,0.0,1.0,0.0,0.0,1.0,0.0
215886,0.0,0.0,1.0,0.0,0.0,0.0,0.0
217526,0.0,0.0,1.0,0.0,1.0,0.0,0.0
217716,0.0,0.0,1.0,0.0,1.0,1.0,0.0
218026,0.0,0.0,1.0,0.0,0.0,1.0,0.0
218216,0.0,0.0,1.0,0.0,0.0,0.0,0.0
219590,0.0,0.0,1.0,0.0,0.0,1.0,0.0
219653,0.0,0.0,2.0,0.0,0.0,1.0,0.0
220090,0.0,0.0,2.0,0.0,0.0,0.0,0.0
220153,0.0,0.0,0.0,0.0,0.0,0.0,0.0
221098,0.0,0.0,1.0,0.0,0.0,0.0,0.0
221928,0.0,0.0,1.0,0.0,0.0,1.0,0.0
222428,0.0,0.0,1.0,0.0,0.0,0.0,0.0
225562,0.0,0.0,1.0,0.0,0.0,1.0,0.0
226062,0.0,0.0,1.0,0.0,0.0,0.0,0.0
226429,0.0,0.0,1.0,0.0,0.0,1.0,0.0
226929,0.0,0.0,1.0,0.0,0.0,0.0,0.0
226993,0.0,0.0,1.0,0.0,0.0,1.0,0.0
227493,0.0,0.0,1.0,0.0,0.0,0.0,0.0
227498,0.0,0.0,1.0,0.0,0.0,1.0,0.0
227558,0.0,2.0,1.0,0.0,0.0,1.0,0.0
227935,2.0,2.0,1.0,0.0,0.0,1.0,0.0
227948,2.0,2.0,2.0,0.0,0.0,1.0,0.0
227988,2.0,2.0,2.0,0.0,0.0,2.0,0.0
228022,2.0,2.0,2.0,0.0,1.0,2.0,0.0
228058,2.0,0.0,2.0,0.0,1.0,2.0,0.0
228435,0.0,0.0,2.0,0.0,1.0,2.0,0.0
228448,0.0,0.0,0.0,0.0,1.0,2.0,0.0
228488,0.0,0.0,0.0,0.0,1.0,0.0,0.0
229522,0.0,0.0,0.0,0.0,0.0,0.0,0.0
230636,0.0,0.0,0.0,0.0,0.0,1.0,0.0
230646,0.0,0.0,0.0,0.0,0.0,2.0,0.0
231146,0.0,0.0,0.0,0.0,0.0,0.0,0.0
231263,0.0,0.0,0.0,0.0,0.0,1.0,0.0
231763,0.0,0.0,0.0,0.0,0.0,0.0,0.0
233782,0.0,0.0,0.0,0.0,0.0,1.0,0.0
234282,0.0,0.0,0.0,0.0,0.0,0.0,0.0
236159,0.0,0.0,0.0,0.0,0.0,1.0,0.0
236473,0.0,0.0,0.0,0.0,0.0,2.0,0.0
236973,0.0,0.0,0.0,0.0,0.0,0.0,0.0
237292,0.0,0.0,0.0,0.0,0.0,1.0,0.0
237792,0.0,0.0,0.0,0.0,0.0,0.0,0.0
238547,0.0,0.0,0.0,0.0,0.0,1.0,0.0
239047,0.0,0.0,0.0,0.0,0.0,0.0,0.0
239736,0.0,0.0,0.0,0.0,0.0,1.0,0.0
240236,0.0,0.0,0.0,0.0,0.0,0.0,0.0
240545,0.0,0.0,0.0,0.0,0.0,1.0,0.0
240546,0.0,0.0,0.0,0.0,0.0,2.0,0.0
241046,0.0,0.0,0.0,0.0,0.0,0.0,0.0
241498,0.0,0.0,0.0,0.0,1.0,0.0,0.0
241998,0.0,0.0,0.0,0.0,0.0,0.0,0.0
242386,0.0,0.0,0.0,0.0,0.0,1.0,0.0
242511,0.0,0.0,0.0,0.0,0.0,2.0,0.0
243011,0.0,0.0,0.0,0.0,0.0,0.0,0.0
243175,0.0,0.0,0.0,0.0,0.0,1.0,0.0
243675,0.0,0.0,0.0,0.0,0.0,0.0,0.0
244221,0.0,0.0,0.0,0.0,0.0,1.0,0.0
244721,0.0,0.0,0.0,0.0,0.0,0.0,0.0
244977,0.0,0.0,1.0,0.0,0.0,0.0,0.0
245477,0.0,0.0,0.0,0.0,0.0,0.0,0.0
245502,0.0,0.0,1.0,0.0,0.0,0.0,0.0
246002,0.0,0.0,0.0,0.0,0.0,0.0,0.0
247505,0.0,0.0,0.0,0.0,0.0,1.0,0.0
247512,0.0,0.0,0.0,0.0,0.0,2.0,0.0
248012,0.0,0.0,0.0,0.0,0.0,0.0,0.0
248705,0.0,0.0,0.0,0.0,0.0,1.0,0.0
249205,0.0,0.0,0.0,0.0,0.0,0.0,0.0
249456,0.0,0.0,0.0,0.0,0.0,1.0,0.0
249773,0.0,0.0,0.0,0.0,0.0,2.0,0.0
250273,0.0,0.0,0.0,0.0,0.0,0.0,0.0
251735,0.0,0.0,0.0,0.0,0.0,1.0,0.0
252235,0.0,0.0,0.0,0.0,0.0,0.0,0.0
252434,0.0,0.0,0.0,0.0,0.0,1.0,0.0
252436,0.0,0.0,0.0,0.0,0.0,2.0,0.0
252936,0.0,0.0,0.0,0.0,0.0,0.0,0.0
254160,0.0,0.0,0.0,0.0,0.0,1.0,0.0
254660,0.0,0.0,0.0,0.0,0.0,0.0,0.0
255405,0.0,0.0,0.0,0.0,0.0,1.0,0.0
255412,0.0,0.0,0.0,0.0,0.0,2.0,0.0
255912,0.0,0.0,0.0,0.0,0.0,0.0,0.0
257790,0.0,0.0,0.0,0.0,0.0,1.0,0.0
258290,0.0,0.0,0.0,0.0,0.0,0.0,0.0
258519,0.0,0.0,0.0,0.0,0.0,1.0,0.0
258521,0.0,0.0,0.0,0.0,0.0,2.0,0.0
259021,0.0,0.0,0.0,0.0,0.0,0.0,0.0
260813,0.0,0.0,0.0,0.0,0.0,1.0,0.0
261313,0.0,0.0,0.0,0.0,0.0,0.0,0.0
262208,0.0,0.0,0.0,0.0,0.0,1.0,0.0
262708,0.0,0.0,0.0,0.0,0.0,0.0,0.0
262990,0.0,0.0,0.0,0.0,0.0,1.0,0.0
262994,0.0,0.0,0.0,0.0,0.0,2.0,0.0
263494,0.0,0.0,0.0,0.0,0.0,0.0,0.0
265224,0.0,0.0,0.0,0.0,0.0,1.0,0.0
265724,0.0,0.0,0.0,0.0,0.0,0.0,0.0
266262,0.0,0.0,0.0,0.0,0.0,1.0,0.0
266762,0.0,0.0,0.0,0.0,0.0,0.0,0.0
268434,0.0,0.0,0.0,0.0,0.0,1.0,0.0
268934,0.0,0.0,0.0,0.0,0.0,0.0,0.0
269421,0.0,0.0,0.0,0.0,0.0,1.0,0.0
269921,0.0,0.0,0.0,0.0,0.0,0.0,0.0
270700,0.0,0.0,0.0,0.0,0.0,1.0,0.0
271200,0.0,0.0,0.0,0.0,0.0,0.0,0.0
272126,0.0,0.0,0.0,0.0,0.0,1.0,0.0
272626,0.0,0.0,0.0,0.0,0.0,0.0,0.0
273425,0.0,0.0,0.0,0.0,0.0,1.0,0.0
273925,0.0,0.0,0.0,0.0,0.0,0.0,0.0
275402,0.0,0.0,0.0,0.0,0.0,1.0,0.0
275404,0.0,0.0,0.0,0.0,0.0,2.0,0.0
275904,0.0,0.0,0.0,0.0,0.0,0.0,0.0
276672,0.0,0.0,0.0,0.0,0.0,1.0,0.0
277172,0.0,0.0,0.0,0.0,0.0,0.0,0.0
277600,0.0,0.0,0.0,0.0,0.0,1.0,0.0
277854,0.0,0.0,0.0,0.0,1.0,1.0,0.0
277867,0.0,0.0,0.0,0.0,2.0,2.0,0.0
278367,0.0,0.0,0.0,0.0,0.0,0.0,0.0
279243,0.0,0.0,0.0,0.0,1.0,0.0,0.0
279743,0.0,0.0,0.0,0.0,0.0,0.0,0.0
279848,0.0,0.0,0.0,0.0,0.0,1.0,0.0
279850,0.0,0.0,0.0,0.0,0.0,2.0,0.0
280350,0.0,0.0,0.0,0.0,0.0,0.0,0.0
281411,0.0,0.0,0.0,0.0,0.0,1.0,0.0
281911,0.0,0.0,0.0,0.0,0.0,0.0,0.0
282071,0.0,0.0,0.0,0.0,0.0,1.0,0.0
282119,0.0,2.0,0.0,0.0,0.0,1.0,0.0
282571,0.0,2.0,0.0,0.0,0.0,0.0,0.0
282619,0.0,0.0,0.0,0.0,0.0,0.0,0.0
283416,0.0,0.0,0.0,0.0,0.0,1.0,0.0
283916,0.0,0.0,0.0,0.0,0.0,0.0,0.0
286607,0.0,0.0,0.0,0.0,0.0,1.0,0.0
287107,0.0,0.0,0.0,0.0,0.0,0.0,0.0
288032,0.0,0.0,0.0,0.0,0.0,1.0,0.0
288532,0.0,0.0,0.0,0.0,0.0,0.0,0.0
288677,0.0,0.0,0.0,0.0,0.0,1.0,0.0
289177,0.0,0.0,0.0,0.0,0.0,0.0,0.0
289865,0.0,0.0,0.0,0.0,0.0,1.0,0.0
290365,0.0,0.0,0.0,0.0,0.0,0.0,0.0
291952,0.0,0.0,0.0,0.0,0.0,1.0,0.0
291954,0.0,0.0,0.0,0.0,0.0,2.0,0.0
292454,0.0,0.0,0.0,0.0,0.0,0.0,0.0
293269,0.0,0.0,0.0,0.0,0.0,1.0,0.0
293769,0.0,0.0,0.0,0.0,0.0,0.0,0.0
294921,0.0,0.0,0.0,0.0,0.0,1.0,0.0
295421,0.0,0.0,0.0,0.0,0.0,0.0,0.0
296103,0.0,0.0,0.0,0.0,0.0,1.0,0.0
296603,0.0,0.0,0.0,0.0,0.0,0.0,0.0
297050,0.0,0.0,0.0,0.0,0.0,1.0,0.0
297550,0.0,0.0,0.0,0.0,0.0,0.0,0.0
298151,0.0,0.0,0.0,0.0,0.0,1.0,0.0
298651,0.0,0.0,0.0,0.0,0.0,0.0,0.0
298848,0.0,0.0,0.0,0.0,0.0,1.0,0.0
299348,0.0,0.0,0.0,0.0,0.0,0.0,0.0
299984,0.0,0.0,0.0,0.0,0.0,1.0,0.0
300484,0.0,0.0,0.0,0.0,0.0,0.0,0.0
301762,0.0,0.0,0.0,0.0,1.0,1.0,0.0
302262,0.0,0.0,0.0,0.0,0.0,0.0,0.0
305078,0.0,0.0,0.0,0.0,0.0,1.0,0.0
305172,0.0,0.0,0.0,0.0,0.0,2.0,0.0
305672,0.0,0.0,0.0,0.0,0.0,0.0,0.0
308278,0.0,0.0,0.0,0.0,0.0,1.0,0.0
308778,0.0,0.0,0.0,0.0,0.0,0.0,0.0
308807,0.0,0.0,0.0,0.0,0.0,1.0,0.0
308812,0.0,0.0,0.0,0.0,0.0,2.0,0.0
309312,0.0,0.0,0.0,0.0,0.0,0.0,0.0
315892,0.0,0.0,0.0,0.0,0.0,1.0,0.0
316392,0.0,0.0,0.0,0.0,0.0,0.0,0.0
316624,0.0,0.0,0.0,0.0,0.0,1.0,0.0
317124,0.0,0.0,0.0,0.0,0.0,0.0,0.0
318765,0.0,0.0,0.0,0.0,1.0,0.0,0.0
319265,0.0,0.0,0.0,0.0,0.0,0.0,0.0
319694,0.0,0.0,0.0,0.0,0.0,1.0,0.0
320194,0.0,0.0,0.0,0.0,0.0,0.0,0.0
320574,0.0,0.0,0.0,0.0,0.0,1.0,0.0
321074,0.0,0.0,0.0,0.0,0.0,0.0,0.0
321541,0.0,0.0,0.0,0.0,0.0,1.0,0.0
321546,0.0,0.0,0.0,0.0,0.0,2.0,0.0
322046,0.0,0.0,0.0,0.0,0.0,0.0,0.0
323090,0.0,0.0,0.0,0.0,0.0,1.0,0.0
323590,0.0,0.0,0.0,0.0,0.0,0.0,0.0
323652,0.0,0.0,0.0,0.0,0.0,1.0,0.0
324152,0.0,0.0,0.0,0.0,0.0,0.0,0.0
330880,0.0,0.0,0.0,0.0,0.0,1.0,0.0
331380,0.0,0.0,0.0,0.0,0.0,0.0,0.0
342577,0.0,0.0,0.0,0.0,0.0,1.0,0.0
342584,0.0,0.0,0.0,0.0,0.0,2.0,0.0
343084,0.0,0.0,0.0,0.0,0.0,0.0,0.0
343512,0.0,0.0,0.0,0.0,0.0,1.0,0.0
344012,0.0,0.0,0.0,0.0,0.0,0.0,0.0
344342,0.0,0.0,0.0,0.0,0.0,1.0,0.0
344842,0.0,0.0,0.0,0.0,0.0,0.0,0.0
345063,0.0,0.0,0.0,0.0,0.0,1.0,0.0
345563,0.0,0.0,0.0,0.0,0.0,0.0,0.0
346871,0.0,0.0,0.0,0.0,0.0,1.0,0.0
347371,0.0,0.0,0.0,0.0,0.0,0.0,0.0
347951,0.0,0.0,0.0,0.0,0.0,1.0,0.0
348451,0.0,0.0,0.0,0.0,0.0,0.0,0.0
348769,0.0,0.0,0.0,0.0,0.0,1.0,0.0
349269,0.0,0.0,0.0,0.0,0.0,0.0,0.0
350816,0.0,0.0,0.0,0.0,0.0,1.0,0.0
351316,0.0,0.0,0.0,0.0,0.0,0.0,0.0
352289,0.0,0.0,0.0,0.0,0.0,1.0,0.0
352789,0.0,0.0,0.0,0.0,0.0,0.0,0.0
355049,0.0,0.0,0.0,0.0,0.0,1.0,0.0
355549,0.0,0.0,0.0,0.0,0.0,0.0,0.0
356677,0.0,0.0,0.0,0.0,0.0,1.0,0.0
357177,0.0,0.0,0.0,0.0,0.0,0.0,0.0
357357,0.0,0.0,0.0,0.0,0.0,1.0,0.0
357362,0.0,0.0,0.0,0.0,0.0,2.0,0.0
357862,0.0,0.0,0.0,0.0,0.0,0.0,0.0
360600,0.0,0.0,0.0,0.0,0.0,1.0,0.0
360602,0.0,0.0,0.0,0.0,0.0,2.0,0.0
361102,0.0,0.0,0.0,0.0,0.0,0.0,0.0
364169,0.0,0.0,0.0,0.0,0.0,1.0,0.0
364669,0.0,0.0,0.0,0.0,0.0,0.0,0.0
367609,0.0,0.0,0.0,0.0,0.0,1.0,0.0
367777,0.0,0.0,0.0,0.0,0.0,2.0,0.0
368277,0.0,0.0,0.0,0.0,0.0,0.0,0.0
368665,0.0,0.0,0.0,0.0,0.0,1.0,0.0
369165,0.0,0.0,0.0,0.0,0.0,0.0,0.0
369186,0.0,0.0,0.0,0.0,0.0,1.0,0.0
369686,0.0,0.0,0.0,0.0,0.0,0.0,0.0
370116,0.0,0.0,0.0,0.0,0.0,1.0,0.0
370616,0.0,0.0,0.0,0.0,0.0,0.0,0.0
371724,0.0,0.0,0.0,0.0,0.0,1.0,0.0
372224,0.0,0.0,0.0,0.0,0.0,0.0,0.0
373156,0.0,0.0,0.0,0.0,0.0,1.0,0.0
373158,0.0,0.0,0.0,0.0,0.0,2.0,0.0
373658,0.0,0.0,0.0,0.0,0.0,0.0,0.0
379156,0.0,0.0,0.0,0.0,0.0,1.0,0.0
379656,0.0,0.0,0.0,0.0,0.0,0.0,0.0
380040,0.0,0.0,0.0,0.0,0.0,1.0,0.0
380540,0.0,0.0,0.0,0.0,0.0,0.0,0.0
380657,0.0,0.0,0.0,0.0,0.0,1.0,0.0
381157,0.0,0.0,0.0,0.0,0.0,0.0,0.0
382388,0.0,0.0,0.0,0.0,0.0,1.0,0.0
382888,0.0,0.0,0.0,0.0,0.0,0.0,0.0
387328,0.0,0.0,0.0,0.0,0.0,1.0,0.0
387828,0.0,0.0,0.0,0.0,0.0,0.0,0.0
389483,0.0,0.0,0.0,0.0,0.0,1.0,0.0
389983,0.0,0.0,0.0,0.0,0.0,0.0,0.0
392079,0.0,0.0,0.0,0.0,0.0,1.0,0.0
392579,0.0,0.0,0.0,0.0,0.0,0.0,0.0
393592,0.0,0.0,0.0,0.0,0.0,1.0,0.0
394092,0.0,0.0,0.0,0.0,0.0,0.0,0.0
394718,0.0,0.0,0.0,0.0,0.0,1.0,0.0
394720,0.0,0.0,0.0,0.0,0.0,2.0,0.0
395220,0.0,0.0,0.0,0.0,0.0,0.0,0.0
397481,0.0,0.0,0.0,0.0,0.0,1.0,0.0
397981,0.0,0.0,0.0,0.0,0.0,0.0,0.0
400000,0.0,0.0,0.0,0.0,0.0,0.0,1.0
400125,0.0,0.0,0.0,0.0,0.0,1.0,1.0
400500,0.0,0.0,0.0,0.0,0.0,1.0,0.0
400625,0.0,0.0,0.0,0.0,0.0,0.0,0.0
400693,0.0,2.0,0.0,0.0,0.0,0.0,0.0
400735,2.0,2.0,0.0,0.0,0.0,0.0,0.0
400767,2.0,2.0,0.0,0.0,0.0,1.0,0.0
400846,2.0,2.0,0.0,0.0,0.0,2.0,0.0
401193,2.0,0.0,0.0,0.0,0.0,2.0,0.0
401235,0.0,0.0,0.0,0.0,0.0,2.0,0.0
401346,0.0,0.0,0.0,0.0,0.0,0.0,0.0
401382,0.0,0.0,0.0,0.0,1.0,0.0,0.0
401894,0.0,0.0,0.0,0.0,1.0,1.0,0.0
402164,0.0,0.0,0.0,0.0,2.0,1.0,0.0
402394,0.0,0.0,0.0,0.0,2.0,0.0,0.0
402664,0.0,0.0,0.0,0.0,0.0,0.0,0.0
404872,0.0,0.0,0.0,0.0,0.0,1.0,0.0
404873,0.0,0.0,0.0,0.0,0.0,2.0,0.0
405373,0.0,0.0,0.0,0.0,0.0,0.0,0.0
406456,0.0,0.0,1.0,0.0,0.0,0.0,0.0
406879,2.0,0.0,1.0,0.0,0.0,0.0,0.0
407379,0.0,0.0,1.0,0.0,0.0,0.0,0.0
408251,0.0,0.0,1.0,0.0,0.0,1.0,0.0
408751,0.0,0.0,1.0,0.0,0.0,0.0,0.0
409644,0.0,0.0,1.0,0.0,0.0,1.0,0.0
409645,0.0,0.0,1.0,0.0,0.0,2.0,0.0
410145,0.0,0.0,1.0,0.0,0.0,0.0,0.0
412081,0.0,0.0,1.0,0.0,0.0,1.0,0.0
412581,0.0,0.0,1.0,0.0,0.0,0.0,0.0
412967,0.0,0.0,1.0,0.0,0.0,1.0,0.0
413467,0.0,0.0,1.0,0.0,0.0,0.0,0.0
413620,0.0,0.0,2.0,0.0,0.0,0.0,0.0
413705,0.0,0.0,2.0,0.0,0.0,1.0,0.0
413718,0.0,0.0,2.0,0.0,0.0,2.0,0.0
414120,0.0,0.0,0.0,0.0,0.0,2.0,0.0
414218,0.0,0.0,0.0,0.0,0.0,0.0,0.0
415437,0.0,0.0,1.0,0.0,0.0,1.0,0.0
415937,0.0,0.0,0.0,0.0,0.0,0.0,0.0
416001,0.0,0.0,1.0,0.0,0.0,0.0,0.0
416003,0.0,0.0,1.0,0.0,0.0,1.0,0.0
416501,0.0,0.0,0.0,0.0,0.0,1.0,0.0
416503,0.0,0.0,0.0,0.0,0.0,0.0,0.0
416644,0.0,0.0,1.0,0.0,0.0,0.0,0.0
417106,0.0,0.0,1.0,0.0,0.0,1.0,0.0
417144,0.0,0.0,0.0,0.0,0.0,1.0,0.0
417145,0.0,0.0,1.0,0.0,0.0,1.0,0.0
417606,0.0,0.0,1.0,0.0,0.0,0.0,0.0
417918,0.0,0.0,1.0,0.0,0.0,1.0,0.0
418418,0.0,0.0,1.0,0.0,0.0,0.0,0.0
419610,0.0,0.0,1.0,0.0,0.0,1.0,0.0
419612,0.0,0.0,1.0,0.0,0.0,2.0,0.0
420112,0.0,0.0,1.0,0.0,0.0,0.0,0.0
420645,0.0,0.0,0.0,0.0,0.0,0.0,0.0
423540,0.0,0.0,0.0,0.0,0.0,1.0,0.0
423542,0.0,0.0,0.0,0.0,0.0,2.0,0.0
424042,0.0,0.0,0.0,0.0,0.0,0.0,0.0
424507,0.0,0.0,0.0,0.0,0.0,1.0,0.0
424512,0.0,0.0,0.0,0.0,0.0,2.0,0.0
425012,0.0,0.0,0.0,0.0,0.0,0.0,0.0
425542,0.0,0.0,0.0,0.0,0.0,1.0,0.0
426042,0.0,0.0,0.0,0.0,0.0,0.0,0.0
426223,0.0,0.0,0.0,0.0,0.0,1.0,0.0
426723,0.0,0.0,0.0,0.0,0.0,0.0,0.0
427510,0.0,0.0,0.0,0.0,0.0,1.0,0.0
427522,0.0,0.0,0.0,0.0,0.0,2.0,0.0
428022,0.0,0.0,0.0,0.0,0.0,0.0,0.0
428937,0.0,0.0,0.0,0.0,0.0,1.0,0.0
429437,0.0,0.0,0.0,0.0,0.0,0.0,0.0
433378,0.0,0.0,0.0,0.0,0.0,1.0,0.0
433380,0.0,0.0,0.0,0.0,0.0,2.0,0.0
433880,0.0,0.0,0.0,0.0,0.0,0.0,0.0
434439,0.0,0.0,0.0,0.0,0.0,1.0,0.0
434939,0.0,0.0,0.0,0.0,0.0,0.0,0.0
435023,0.0,0.0,0.0,0.0,0.0,1.0,0.0
435523,0.0,0.0,0.0,0.0,0.0,0.0,0.0
435997,0.0,0.0,0.0,0.0,0.0,1.0,0.0
436497,0.0,0.0,0.0,0.0,0.0,0.0,0.0
438268,0.0,0.0,0.0,0.0,0.0,1.0,0.0
438768,0.0,0.0,0.0,0.0,0.0,0.0,0.0
440024,0.0,0.0,0.0,0.0,0.0,1.0,0.0
440524,0.0,0.0,0.0,0.0,0.0,0.0,0.0
440741,0.0,0.0,0.0,0.0,0.0,1.0,0.0
441241,0.0,0.0,0.0,0.0,0.0,0.0,0.0
441734,0.0,0.0,0.0,0.0,0.0,1.0,0.0
441736,0.0,0.0,0.0,0.0,0.0,2.0,0.0
442236,0.0,0.0,0.0,0.0,0.0,0.0,0.0
442990,0.0,2.0,0.0,0.0,0.0,0.0,0.0
443490,0.0,0.0,0.0,0.0,0.0,0.0,0.0
444977,0.0,0.0,0.0,0.0,0.0,1.0,0.0
445477,0.0,0.0,0.0,0.0,0.0,0.0,0.0
446183,0.0,0.0,0.0,0.0,0.0,1.0,0.0
446683,0.0,0.0,0.0,0.0,0.0,0.0,0.0
447395,0.0,0.0,0.0,0.0,0.0,1.0,0.0
447397,0.0,0.0,0.0,0.0,0.0,2.0,0.0
447897,0.0,0.0,0.0,0.0,0.0,0.0,0.0
450038,0.0,0.0,0.0,0.0,0.0,1.0,0.0
450047,0.0,0.0,0.0,0.0,0.0,2.0,0.0
450547,0.0,0.0,0.0,0.0,0.0,0.0,0.0
450947,0.0,0.0,0.0,0.0,0.0,1.0,0.0
451447,0.0,0.0,0.0,0.0,0.0,0.0,0.0
451749,0.0,0.0,0.0,0.0,0.0,1.0,0.0
452249,0.0,0.0,0.0,0.0,0.0,0.0,0.0
453369,0.0,0.0,0.0,0.0,0.0,1.0,0.0
453869,0.0,0.0,0.0,0.0,0.0,0.0,0.0
454157,0.0,0.0,0.0,0.0,0.0,1.0,0.0
454159,0.0,0.0,0.0,0.0,0.0,2.0,0.0
454659,0.0,0.0,0.0,0.0,0.0,0.0,0.0
455085,0.0,0.0,0.0,0.0,0.0,1.0,0.0
455585,0.0,0.0,0.0,0.0,0.0,0.0,0.0
455877,0.0,0.0,0.0,0.0,0.0,1.0,0.0
456277,0.0,0.0,0.0,0.0,0.0,2.0,0.0
456777,0.0,0.0,0.0,0.0,0.0,0.0,0.0
456887,0.0,0.0,0.0,0.0,0.0,1.0,0.0
457387,0.0,0.0,0.0,0.0,0.0,0.0,0.0
457715,0.0,0.0,0.0,0.0,0.0,1.0,0.0
458215,0.0,0.0,0.0,0.0,0.0,0.0,0.0
458256,0.0,0.0,0.0,0.0,0.0,1.0,0.0
458756,0.0,0.0,0.0,0.0,0.0,0.0,0.0
459595,0.0,0.0,0.0,0.0,0.0,1.0,0.0
460095,0.0,0.0,0.0,0.0,0.0,0.0,0.0
460218,0.0,0.0,0.0,0.0,0.0,1.0,0.0
460718,0.0,0.0,0.0,0.0,0.0,0.0,0.0
461316,0.0,0.0,0.0,0.0,0.0,1.0,0.0
461816,0.0,0.0,0.0,0.0,0.0,0.0,0.0
462029,0.0,0.0,0.0,0.0,0.0,1.0,0.0
462529,0.0,0.0,0.0,0.0,0.0,0.0,0.0
464410,0.0,0.0,0.0,0.0,0.0,1.0,0.0
464910,0.0,0.0,0.0,0.0,0.0,0.0,0.0
465901,0.0,0.0,0.0,0.0,0.0,1.0,0.0
466058,0.0,0.0,0.0,0.0,0.0,2.0,0.0
466558,0.0,0.0,0.0,0.0,0.0,0.0,0.0
467503,0.0,0.0,0.0,0.0,0.0,1.0,0.0
467511,0.0,0.0,0.0,0.0,0.0,2.0,0.0
467748,0.0,2.0,0.0,0.0,0.0,2.0,0.0
468011,0.0,2.0,0.0,0.0,0.0,0.0,0.0
468159,0.0,2.0,0.0,0.0,0.0,1.0,0.0
468248,0.0,0.0,0.0,0.0,0.0,1.0,0.0
468659,0.0,0.0,0.0,0.0,0.0,0.0,0.0
472373,0.0,0.0,0.0,0.0,0.0,1.0,0.0
472873,0.0,0.0,0.0,0.0,0.0,0.0,0.0
473040,0.0,0.0,0.0,0.0,0.0,1.0,0.0
473540,0.0,0.0,0.0,0.0,0.0,0.0,0.0
473958,0.0,0.0,0.0,0.0,0.0,1.0,0.0
474458,0.0,0.0,0.0,0.0,0.0,0.0,0.0
475116,0.0,0.0,0.0,0.0,0.0,1.0,0.0
475616,0.0,0.0,0.0,0.0,0.0,0.0,0.0
475724,0.0,0.0,0.0,0.0,0.0,1.0,0.0
476224,0.0,0.0,0.0,0.0,0.0,0.0,0.0
476462,0.0,0.0,0.0,0.0,0.0,1.0,0.0
476962,0.0,0.0,0.0,0.0,0.0,0.0,0.0
477854,0.0,0.0,0.0,0.0,0.0,1.0,0.0
477877,0.0,0.0,0.0,0.0,0.0,2.0,0.0
478377,0.0,0.0,0.0,0.0,0.0,0.0,0.0
480533,0.0,0.0,0.0,0.0,0.0,1.0,0.0
481033,0.0,0.0,0.0,0.0,0.0,0.0,0.0
481277,0.0,0.0,0.0,0.0,0.0,1.0,0.0
481777,0.0,0.0,0.0,0.0,0.0,0.0,0.0
482586,0.0,0.0,0.0,0.0,0.0,1.0,0.0
483086,0.0,0.0,0.0,0.0,0.0,0.0,0.0
484039,0.0,0.0,0.0,0.0,0.0,1.0,0.0
484539,0.0,0.0,0.0,0.0,0.0,0.0,0.0
487344,0.0,0.0,0.0,0.0,0.0,1.0,0.0
487844,0.0,0.0,0.0,0.0,0.0,0.0,0.0
489383,0.0,0.0,0.0,0.0,0.0,1.0,0.0
489883,0.0,0.0,0.0,0.0,0.0,0.0,0.0
491092,0.0,0.0,0.0,0.0,0.0,1.0,0.0
491592,0.0,0.0,0.0,0.0,0.0,0.0,0.0
492392,0.0,0.0,0.0,0.0,0.0,1.0,0.0
492892,0.0,0.0,0.0,0.0,0.0,0.0,0.0
493469,0.0,0.0,0.0,0.0,0.0,1.0,0.0
493969,0.0,0.0,0.0,0.0,0.0,0.0,0.0
494813,0.0,0.0,0.0,0.0,0.0,1.0,0.0
495313,0.0,0.0,0.0,0.0,0.0,0.0,0.0
497623,0.0,0.0,0.0,0.0,0.0,1.0,0.0
498123,0.0,0.0,0.0,0.0,0.0,0.0,0.0
499493,0.0,0.0,0.0,0.0,0.0,1.0,0.0
499499,0.0,0.0,0.0,0.0,0.0,2.0,0.0
499999,0.0,0.0,0.0,0.0,0.0,0.0,0.0
501094,0.0,0.0,0.0,0.0,0.0,1.0,0.0
501594,0.0,0.0,0.0,0.0,0.0,0.0,0.0
505740,0.0,0.0,0.0,0.0,1.0,0.0,0.0
505929,0.0,0.0,0.0,0.0,1.0,1.0,0.0
506240,0.0,0.0,0.0,0.0,0.0,1.0,0.0
506429,0.0,0.0,0.0,0.0,0.0,0.0,0.0
507568,0.0,0.0,0.0,0.0,0.0,1.0,0.0
508068,0.0,0.0,0.0,0.0,0.0,0.0,0.0
508282,0.0,0.0,0.0,0.0,0.0,1.0,0.0
508782,0.0,0.0,0.0,0.0,0.0,0.0,0.0
508874,0.0,0.0,0.0,0.0,0.0,1.0,0.0
508877,0.0,0.0,0.0,0.0,0.0,2.0,0.0
509377,0.0,0.0,0.0,0.0,0.0,0.0,0.0
510248,0.0,0.0,0.0,0.0,0.0,1.0,0.0
510748,0.0,0.0,0.0,0.0,0.0,0.0,0.0
513761,0.0,0.0,0.0,0.0,0.0,1.0,0.0
514261,0.0,0.0,0.0,0.0,0.0,0.0,0.0
516011,0.0,0.0,0.0,0.0,0.0,1.0,0.0
516511,0.0,0.0,0.0,0.0,0.0,0.0,0.0
521239,0.0,0.0,0.0,0.0,0.0,1.0,0.0
521739,0.0,0.0,0.0,0.0,0.0,0.0,0.0
521758,0.0,0.0,0.0,0.0,0.0,1.0,0.0
522258,0.0,0.0,0.0,0.0,0.0,0.0,0.0
522671,0.0,0.0,0.0,0.0,0.0,1.0,0.0
523171,0.0,0.0,0.0,0.0,0.0,0.0,0.0
524557,0.0,0.0,0.0,0.0,0.0,1.0,0.0
525057,0.0,0.0,0.0,0.0,0.0,0.0,0.0
526046,0.0,0.0,0.0,0.0,0.0,1.0,0.0
526546,0.0,0.0,0.0,0.0,0.0,0.0,0.0
527508,0.0,0.0,0.0,0.0,0.0,1.0,0.0
528008,0.0,0.0,0.0,0.0,0.0,0.0,0.0
532533,0.0,0.0,0.0,0.0,0.0,1.0,0.0
533033,0.0,0.0,0.0,0.0,0.0,0.0,0.0
535582,0.0,0.0,0.0,0.0,0.0,1.0,0.0
536082,0.0,0.0,0.0,0.0,0.0,0.0,0.0
537511,0.0,0.0,0.0,0.0,0.0,1.0,0.0
538011,0.0,0.0,0.0,0.0,0.0,0.0,0.0
538543,0.0,0.0,0.0,0.0,0.0,1.0,0.0
539043,0.0,0.0,0.0,0.0,0.0,0.0,0.0
541536,0.0,0.0,0.0,0.0,0.0,1.0,0.0
542036,0.0,0.0,0.0,0.0,0.0,0.0,0.0
542848,0.0,0.0,0.0,0.0,0.0,1.0,0.0
543348,0.0,0.0,0.0,0.0,0.0,0.0,0.0
544268,0.0,0.0,0.0,0.0,0.0,1.0,0.0
544387,0.0,0.0,0.0,0.0,0.0,2.0,0.0
544887,0.0,0.0,0.0,0.0,0.0,0.0,0.0
544994,0.0,0.0,0.0,0.0,0.0,1.0,0.0
545494,0.0,0.0,0.0,0.0,0.0,0.0,0.0
545615,0.0,0.0,0.0,0.0,0.0,1.0,0.0
546115,0.0,0.0,0.0,0.0,0.0,0.0,0.0
546719,0.0,0.0,0.0,0.0,0.0,1.0,0.0
547219,0.0,0.0,0.0,0.0,0.0,0.0,0.0
549814,0.0,0.0,0.0,0.0,0.0,1.0,0.0
550314,0.0,0.0,0.0,0.0,0.0,0.0,0.0
553025,0.0,0.0,0.0,0.0,0.0,1.0,0.0
553525,0.0,0.0,0.0,0.0,0.0,0.0,0.0
553897,0.0,0.0,0.0,0.0,0.0,1.0,0.0
554397,0.0,0.0,0.0,0.0,0.0,0.0,0.0
554846,0.0,0.0,0.0,0.0,0.0,1.0,0.0
555346,0.0,0.0,0.0,0.0,0.0,0.0,0.0
555486,0.0,0.0,0.0,0.0,0.0,1.0,0.0
555892,0.0,0.0,0.0,0.0,0.0,2.0,0.0
556392,0.0,0.0,0.0,0.0,0.0,0.0,0.0
560909,0.0,0.0,0.0,0.0,0.0,1.0,0.0
561409,0.0,0.0,0.0,0.0,0.0,0.0,0.0
561562,0.0,0.0,0.0,0.0,0.0,1.0,0.0
562062,0.0,0.0,0.0,0.0,0.0,0.0,0.0
562385,0.0,0.0,0.0,0.0,0.0,1.0,0.0
562388,0.0,0.0,0.0,0.0,0.0,2.0,0.0
562888,0.0,0.0,0.0,0.0,0.0,0.0,0.0
566708,0.0,0.0,0.0,0.0,0.0,1.0,0.0
567208,0.0,0.0,0.0,0.0,0.0,0.0,0.0
570271,0.0,0.0,0.0,0.0,0.0,1.0,0.0
570771,0.0,0.0,0.0,0.0,0.0,0.0,0.0
572009,0.0,0.0,0.0,0.0,0.0,1.0,0.0
572509,0.0,0.0,0.0,0.0,0.0,0.0,0.0
572514,0.0,0.0,0.0,0.0,0.0,1.0,0.0
573014,0.0,0.0,0.0,0.0,0.0,0.0,0.0
577033,0.0,0.0,0.0,0.0,0.0,1.0,0.0
577533,0.0,0.0,0.0,0.0,0.0,0.0,0.0
578724,0.0,0.0,0.0,0.0,0.0,1.0,0.0
579224,0.0,0.0,0.0,0.0,0.0,0.0,0.0
579481,0.0,0.0,0.0,0.0,0.0,1.0,0.0
579981,0.0,0.0,0.0,0.0,0.0,0.0,0.0
580921,0.0,0.0,0.0,0.0,0.0,1.0,0.0
581421,0.0,0.0,0.0,0.0,0.0,0.0,0.0
587937,0.0,0.0,0.0,0.0,0.0,1.0,0.0
588437,0.0,0.0,0.0,0.0,0.0,0.0,0.0
590403,0.0,0.0,0.0,0.0,0.0,1.0,0.0
590903,0.0,0.0,0.0,0.0,0.0,0.0,0.0
594963,0.0,0.0,0.0,0.0,0.0,1.0,0.0
595072,0.0,0.0,0.0,0.0,0.0,2.0,0.0
595107,0.0,0.0,0.0,0.0,1.0,2.0,0.0
595572,0.0,0.0,0.0,0.0,1.0,0.0,0.0
595607,0.0,0.0,0.0,0.0,0.0,0.0,0.0
600000,0.0,0.0,0.0,0.0,0.0,0.0,1.0
600285,0.0,0.0,0.0,0.0,0.0,1.0,1.0
600295,0.0,0.0,0.0,0.0,0.0,2.0,1.0
600500,0.0,0.0,0.0,0.0,0.0,2.0,0.0
600735,2.0,0.0,0.0,0.0,0.0,2.0,0.0
600750,2.0,2.0,0.0,0.0,0.0,2.0,0.0
600795,2.0,2.0,0.0,0.0,0.0,0.0,0.0
601235,0.0,2.0,0.0,0.0,0.0,0.0,0.0
601250,0.0,0.0,0.0,0.0,0.0,0.0,0.0
601414,0.0,0.0,0.0,0.0,0.0,1.0,0.0
601791,2.0,0.0,0.0,0.0,0.0,1.0,0.0
601914,2.0,0.0,0.0,0.0,0.0,0.0,0.0
602283,2.0,0.0,0.0,0.0,1.0,0.0,0.0
602291,0.0,0.0,0.0,0.0,1.0,0.0,0.0
602432,0.0,0.0,0.0,0.0,1.0,1.0,0.0
602435,0.0,0.0,0.0,0.0,1.0,2.0,0.0
602525,0.0,0.0,0.0,0.0,2.0,2.0,0.0
602527,2.0,0.0,0.0,0.0,2.0,2.0,0.0
602935,2.0,0.0,0.0,0.0,2.0,0.0,0.0
603025,2.0,0.0,0.0,0.0,0.0,0.0,0.0
603027,0.0,0.0,0.0,0.0,0.0,0.0,0.0
603851,0.0,0.0,0.0,0.0,0.0,1.0,0.0
603904,0.0,0.0,0.0,0.0,1.0,1.0,0.0
604351,0.0,0.0,0.0,0.0,1.0,0.0,0.0
604404,0.0,0.0,0.0,0.0,0.0,0.0,0.0
604608,0.0,0.0,0.0,0.0,0.0,1.0,0.0
605108,0.0,0.0,0.0,0.0,0.0,0.0,0.0
605517,0.0,0.0,0.0,0.0,0.0,1.0,0.0
605816,0.0,0.0,1.0,0.0,0.0,1.0,0.0
606017,0.0,0.0,1.0,0.0,0.0,0.0,0.0
606770,0.0,0.0,1.0,0.0,0.0,1.0,0.0
607270,0.0,0.0,1.0,0.0,0.0,0.0,0.0
607779,0.0,0.0,1.0,0.0,0.0,1.0,0.0
608279,0.0,0.0,1.0,0.0,0.0,0.0,0.0
609463,0.0,0.0,1.0,0.0,0.0,1.0,0.0
609963,0.0,0.0,1.0,0.0,0.0,0.0,0.0
612756,0.0,0.0,1.0,0.0,0.0,1.0,0.0
612779,0.0,0.0,1.0,0.0,1.0,2.0,0.0
613279,0.0,0.0,1.0,0.0,0.0,0.0,0.0
614471,0.0,0.0,2.0,0.0,0.0,0.0,0.0
614485,0.0,0.0,2.0,0.0,0.0,1.0,0.0
614581,0.0,0.0,2.0,0.0,0.0,2.0,0.0
614971,0.0,0.0,0.0,0.0,0.0,2.0,0.0
615081,0.0,0.0,0.0,0.0,0.0,0.0,0.0
615222,0.0,0.0,0.0,0.0,0.0,1.0,0.0
615722,0.0,0.0,0.0,0.0,0.0,0.0,0.0
615723,0.0,0.0,0.0,0.0,0.0,1.0,0.0
616223,0.0,0.0,0.0,0.0,0.0,0.0,0.0
616415,0.0,0.0,0.0,0.0,0.0,1.0,0.0
616915,0.0,0.0,0.0,0.0,0.0,0.0,0.0
617110,0.0,0.0,0.0,0.0,0.0,1.0,0.0
617545,0.0,2.0,0.0,0.0,0.0,1.0,0.0
617610,0.0,2.0,0.0,0.0,0.0,0.0,0.0
618045,0.0,0.0,0.0,0.0,0.0,0.0,0.0
618069,0.0,0.0,0.0,0.0,0.0,1.0,0.0
618569,0.0,0.0,0.0,0.0,0.0,0.0,0.0
619165,0.0,0.0,0.0,0.0,0.0,1.0,0.0
619665,0.0,0.0,0.0,0.0,0.0,0.0,0.0
620177,0.0,0.0,0.0,0.0,0.0,1.0,0.0
620677,0.0,0.0,0.0,0.0,0.0,0.0,0.0
620999,0.0,0.0,0.0,0.0,0.0,1.0,0.0
621499,0.0,0.0,0.0,0.0,0.0,0.0,0.0
622087,0.0,0.0,0.0,0.0,0.0,1.0,0.0
622587,0.0,0.0,0.0,0.0,0.0,0.0,0.0
622988,0.0,0.0,0.0,0.0,0.0,1.0,0.0
623488,0.0,0.0,0.0,0.0,0.0,0.0,0.0
623921,0.0,0.0,0.0,0.0,0.0,1.0,0.0
623930,0.0,0.0,0.0,0.0,0.0,2.0,0.0
624430,0.0,0.0,0.0,0.0,0.0,0.0,0.0
625782,0.0,0.0,0.0,0.0,0.0,1.0,0.0
626282,0.0,0.0,0.0,0.0,0.0,0.0,0.0
626932,0.0,0.0,0.0,0.0,0.0,1.0,0.0
627432,0.0,0.0,0.0,0.0,0.0,0.0,0.0
627458,0.0,0.0,0.0,0.0,0.0,1.0,0.0
627460,0.0,0.0,0.0,0.0,0.0,2.0,0.0
627960,0.0,0.0,0.0,0.0,0.0,0.0,0.0
628246,0.0,0.0,0.0,0.0,0.0,1.0,0.0
628248,0.0,0.0,0.0,0.0,0.0,2.0,0.0
628748,0.0,0.0,0.0,0.0,0.0,0.0,0.0
628866,0.0,0.0,0.0,0.0,0.0,1.0,0.0
629366,0.0,0.0,0.0,0.0,0.0,0.0,0.0
630483,0.0,2.0,0.0,0.0,0.0,0.0,0.0
630893,0.0,2.0,1.0,0.0,0.0,0.0,0.0
630908,0.0,2.0,1.0,0.0,0.0,1.0,0.0
630983,0.0,0.0,1.0,0.0,0.0,1.0,0.0
631393,0.0,0.0,0.0,0.0,0.0,1.0,0.0
631408,0.0,0.0,0.0,0.0,0.0,0.0,0.0
633341,0.0,0.0,0.0,0.0,0.0,1.0,0.0
633841,0.0,0.0,0.0,0.0,0.0,0.0,0.0
634293,0.0,0.0,0.0,0.0,0.0,1.0,0.0
634793,0.0,0.0,0.0,0.0,0.0,0.0,0.0
636312,0.0,0.0,0.0,0.0,0.0,1.0,0.0
636812,0.0,0.0,0.0,0.0,0.0,0.0,0.0
637404,0.0,0.0,0.0,0.0,0.0,1.0,0.0
637904,0.0,0.0,0.0,0.0,0.0,0.0,0.0
637961,0.0,0.0,0.0,0.0,0.0,1.0,0.0
638282,0.0,0.0,0.0,0.0,0.0,2.0,0.0
638782,0.0,0.0,0.0,0.0,0.0,0.0,0.0
639341,0.0,0.0,0.0,0.0,0.0,1.0,0.0
639841,0.0,0.0,0.0,0.0,0.0,0.0,0.0
643538,0.0,0.0,0.0,0.0,0.0,1.0,0.0
644038,0.0,0.0,0.0,0.0,0.0,0.0,0.0
644720,0.0,0.0,0.0,0.0,0.0,1.0,0.0
644803,0.0,0.0,0.0,0.0,0.0,2.0,0.0
645303,0.0,0.0,0.0,0.0,0.0,0.0,0.0
645460,0.0,2.0,0.0,0.0,0.0,0.0,0.0
645528,0.0,2.0,0.0,0.0,1.0,0.0,0.0
645714,0.0,2.0,0.0,0.0,1.0,1.0,0.0
645960,0.0,0.0,0.0,0.0,1.0,1.0,0.0
646028,0.0,0.0,0.0,0.0,0.0,1.0,0.0
646214,0.0,0.0,0.0,0.0,0.0,0.0,0.0
646465,0.0,0.0,0.0,0.0,0.0,1.0,0.0
646965,0.0,0.0,0.0,0.0,0.0,0.0,0.0
647070,0.0,0.0,0.0,0.0,0.0,1.0,0.0
647570,0.0,0.0,0.0,0.0,0.0,0.0,0.0
649511,0.0,0.0,0.0,0.0,0.0,1.0,0.0
649516,0.0,0.0,0.0,0.0,0.0,2.0,0.0
650016,0.0,0.0,0.0,0.0,0.0,0.0,0.0
651694,0.0,0.0,0.0,0.0,0.0,1.0,0.0
651709,0.0,0.0,0.0,0.0,0.0,2.0,0.0
652209,0.0,0.0,0.0,0.0,0.0,0.0,0.0
657145,0.0,0.0,0.0,0.0,0.0,1.0,0.0
657645,0.0,0.0,0.0,0.0,0.0,0.0,0.0
657981,0.0,0.0,0.0,0.0,0.0,1.0,0.0
657983,0.0,0.0,0.0,0.0,1.0,1.0,0.0
658481,0.0,0.0,0.0,0.0,1.0,0.0,0.0
658483,0.0,0.0,0.0,0.0,0.0,0.0,0.0
659626,0.0,0.0,0.0,0.0,0.0,1.0,0.0
660126,0.0,0.0,0.0,0.0,0.0,0.0,0.0
660936,0.0,0.0,0.0,0.0,0.0,1.0,0.0
661434,0.0,0.0,0.0,0.0,0.0,2.0,0.0
661934,0.0,0.0,0.0,0.0,0.0,0.0,0.0
662190,0.0,0.0,0.0,0.0,0.0,1.0,0.0
662690,0.0,0.0,0.0,0.0,0.0,0.0,0.0
663894,0.0,0.0,0.0,0.0,0.0,1.0,0.0
664394,0.0,0.0,0.0,0.0,0.0,0.0,0.0
664588,0.0,0.0,0.0,0.0,0.0,1.0,0.0
665088,0.0,0.0,0.0,0.0,0.0,0.0,0.0
665235,0.0,0.0,0.0,0.0,0.0,1.0,0.0
665735,0.0,0.0,0.0,0.0,0.0,0.0,0.0
666224,0.0,0.0,0.0,0.0,0.0,1.0,0.0
666724,0.0,0.0,0.0,0.0,0.0,0.0,0.0
669136,0.0,0.0,0.0,0.0,0.0,1.0,0.0
669636,0.0,0.0,0.0,0.0,0.0,0.0,0.0
670382,0.0,0.0,0.0,0.0,1.0,0.0,0.0
670867,0.0,0.0,0.0,0.0,1.0,1.0,0.0
670882,0.0,0.0,0.0,0.0,0.0,1.0,0.0
671367,0.0,0.0,0.0,0.0,0.0,0.0,0.0
671953,0.0,0.0,0.0,0.0,0.0,1.0,0.0
672115,0.0,0.0,0.0,0.0,0.0,2.0,0.0
672615,0.0,0.0,0.0,0.0,0.0,0.0,0.0
675271,0.0,0.0,0.0,0.0,0.0,1.0,0.0
675771,0.0,0.0,0.0,0.0,0.0,0.0,0.0
677428,0.0,0.0,0.0,0.0,0.0,1.0,0.0
677928,0.0,0.0,0.0,0.0,0.0,0.0,0.0
678075,0.0,0.0,0.0,0.0,0.0,1.0,0.0
678084,0.0,0.0,0.0,0.0,0.0,2.0,0.0
678584,0.0,0.0,0.0,0.0,0.0,0.0,0.0
679446,0.0,0.0,0.0,0.0,0.0,1.0,0.0
679946,0.0,0.0,0.0,0.0,0.0,0.0,0.0
680028,0.0,0.0,0.0,0.0,0.0,1.0,0.0
680528,0.0,0.0,0.0,0.0,0.0,0.0,0.0
681634,0.0,2.0,0.0,0.0,0.0,0.0,0.0
681635,0.0,2.0,0.0,0.0,0.0,1.0,0.0
681638,0.0,2.0,0.0,0.0,0.0,2.0,0.0
682134,0.0,0.0,0.0,0.0,0.0,2.0,0.0
682138,0.0,0.0,0.0,0.0,0.0,0.0,0.0
682357,0.0,0.0,1.0,0.0,0.0,0.0,0.0
683857,0.0,0.0,0.0,0.0,0.0,0.0,0.0
683905,0.0,0.0,0.0,0.0,0.0,1.0,0.0
683967,0.0,0.0,1.0,0.0,0.0,1.0,0.0
684405,0.0,0.0,1.0,0.0,0.0,0.0,0.0
684467,0.0,0.0,0.0,0.0,0.0,0.0,0.0
684474,0.0,0.0,1.0,0.0,0.0,0.0,0.0
684974,0.0,0.0,0.0,0.0,0.0,0.0,0.0
685020,0.0,0.0,1.0,0.0,0.0,0.0,0.0
685136,0.0,0.0,1.0,0.0,0.0,1.0,0.0
685636,0.0,0.0,1.0,0.0,0.0,0.0,0.0
686294,0.0,0.0,1.0,0.0,0.0,1.0,0.0
686725,0.0,0.0,1.0,0.0,0.0,2.0,0.0
687225,0.0,0.0,1.0,0.0,0.0,1.0,0.0
687725,0.0,0.0,1.0,0.0,0.0,0.0,0.0
688633,0.0,0.0,1.0,0.0,0.0,1.0,0.0
689133,0.0,0.0,1.0,0.0,0.0,0.0,0.0
691006,0.0,0.0,1.0,0.0,0.0,1.0,0.0
691050,0.0,0.0,1.0,0.0,0.0,2.0,0.0
691550,0.0,0.0,1.0,0.0,0.0,0.0,0.0
692020,0.0,0.0,0.0,0.0,0.0,0.0,0.0
692091,0.0,0.0,1.0,0.0,0.0,0.0,0.0
692591,0.0,0.0,0.0,0.0,0.0,0.0,0.0
692745,0.0,0.0,1.0,0.0,0.0,0.0,0.0
693115,0.0,0.0,1.0,0.0,0.0,1.0,0.0
693615,0.0,0.0,1.0,0.0,0.0,0.0,0.0
694819,0.0,0.0,1.0,0.0,0.0,1.0,0.0
695319,0.0,0.0,1.0,0.0,0.0,0.0,0.0
695369,0.0,0.0,1.0,0.0,0.0,1.0,0.0
695869,0.0,0.0,1.0,0.0,0.0,0.0,0.0
695984,0.0,0.0,1.0,0.0,0.0,1.0,0.0
696484,0.0,0.0,1.0,0.0,0.0,0.0,0.0
696893,0.0,0.0,1.0,0.0,0.0,1.0,0.0
697393,0.0,0.0,1.0,0.0,0.0,0.0,0.0
697402,0.0,0.0,1.0,0.0,0.0,1.0,0.0
697404,0.0,0.0,1.0,0.0,0.0,2.0,0.0
697904,0.0,0.0,1.0,0.0,0.0,0.0,0.0
699475,0.0,0.0,1.0,0.0,0.0,1.0,0.0
699975,0.0,0.0,1.0,0.0,0.0,0.0,0.0
700745,0.0,0.0,0.0,0.0,0.0,0.0,0.0
706213,0.0,0.0,0.0,0.0,0.0,1.0,0.0
706713,0.0,0.0,0.0,0.0,0.0,0.0,0.0
708656,0.0,0.0,0.0,0.0,0.0,1.0,0.0
708657,0.0,0.0,0.0,0.0,0.0,2.0,0.0
709157,0.0,0.0,0.0,0.0,0.0,0.0,0.0
709904,0.0,0.0,0.0,0.0,1.0,0.0,0.0
710404,0.0,0.0,0.0,0.0,0.0,0.0,0.0
712241,0.0,0.0,0.0,0.0,0.0,1.0,0.0
712741,0.0,0.0,0.0,0.0,0.0,0.0,0.0
713340,0.0,0.0,0.0,0.0,0.0,1.0,0.0
713840,0.0,0.0,0.0,0.0,0.0,0.0,0.0
714543,0.0,0.0,0.0,0.0,0.0,1.0,0.0
714545,0.0,0.0,0.0,0.0,0.0,2.0,0.0
715045,0.0,0.0,0.0,0.0,0.0,0.0,0.0
721147,0.0,0.0,0.0,0.0,0.0,1.0,0.0
721647,0.0,0.0,0.0,0.0,0.0,0.0,0.0
722181,0.0,0.0,0.0,0.0,0.0,1.0,0.0
722681,0.0,0.0,0.0,0.0,0.0,0.0,0.0
722700,0.0,0.0,0.0,0.0,0.0,1.0,0.0
723200,0.0,0.0,0.0,0.0,0.0,0.0,0.0
725266,0.0,0.0,0.0,0.0,0.0,1.0,0.0
725766,0.0,0.0,0.0,0.0,0.0,0.0,0.0
726222,0.0,0.0,0.0,0.0,0.0,1.0,0.0
726722,0.0,0.0,0.0,0.0,0.0,0.0,0.0
727782,0.0,0.0,0.0,0.0,0.0,1.0,0.0
728282,0.0,0.0,0.0,0.0,0.0,0.0,0.0
733997,0.0,0.0,0.0,0.0,0.0,1.0,0.0
734497,0.0,0.0,0.0,0.0,0.0,0.0,0.0
734604,0.0,0.0,0.0,0.0,0.0,1.0,0.0
735104,0.0,0.0,0.0,0.0,0.0,0.0,0.0
735992,0.0,0.0,0.0,0.0,0.0,1.0,0.0
736492,0.0,0.0,0.0,0.0,0.0,0.0,0.0
738041,0.0,0.0,0.0,0.0,0.0,1.0,0.0
738541,0.0,0.0,0.0,0.0,0.0,0.0,0.0
739444,0.0,0.0,0.0,0.0,0.0,1.0,0.0
739944,0.0,0.0,0.0,0.0,0.0,0.0,0.0
740188,0.0,0.0,0.0,0.0,0.0,1.0,0.0
740688,0.0,0.0,0.0,0.0,0.0,0.0,0.0
741716,0.0,0.0,0.0,0.0,0.0,1.0,0.0
742216,0.0,0.0,0.0,0.0,0.0,0.0,0.0
750889,0.0,0.0,0.0,0.0,0.0,1.0,0.0
751389,0.0,0.0,0.0,0.0,0.0,0.0,0.0
754027,0.0,0.0,0.0,0.0,0.0,1.0,0.0
754527,0.0,0.0,0.0,0.0,0.0,0.0,0.0
754834,0.0,0.0,0.0,0.0,0.0,1.0,0.0
755334,0.0,0.0,0.0,0.0,0.0,0.0,0.0
755389,0.0,0.0,0.0,0.0,0.0,1.0,0.0
755889,0.0,0.0,0.0,0.0,0.0,0.0,0.0
757523,0.0,0.0,0.0,0.0,0.0,1.0,0.0
758023,0.0,0.0,0.0,0.0,0.0,0.0,0.0
759875,0.0,0.0,0.0,0.0,0.0,1.0,0.0
759880,0.0,0.0,0.0,0.0,0.0,2.0,0.0
760380,0.0,0.0,0.0,0.0,0.0,0.0,0.0
764221,0.0,0.0,0.0,0.0,0.0,1.0,0.0
764721,0.0,0.0,0.0,0.0,0.0,0.0,0.0
766195,0.0,0.0,0.0,0.0,0.0,1.0,0.0
766695,0.0,0.0,0.0,0.0,0.0,0.0,0.0
766706,0.0,0.0,0.0,0.0,0.0,1.0,0.0
767206,0.0,0.0,0.0,0.0,0.0,0.0,0.0
767218,0.0,0.0,0.0,0.0,0.0,1.0,0.0
767221,0.0,0.0,0.0,0.0,0.0,2.0,0.0
767721,0.0,0.0,0.0,0.0,0.0,0.0,0.0
767991,0.0,0.0,0.0,0.0,0.0,1.0,0.0
768491,0.0,0.0,0.0,0.0,0.0,0.0,0.0
772204,0.0,0.0,0.0,0.0,0.0,1.0,0.0
772704,0.0,0.0,0.0,0.0,0.0,0.0,0.0
773487,0.0,0.0,0.0,0.0,0.0,1.0,0.0
773987,0.0,0.0,0.0,0.0,0.0,0.0,0.0
774723,0.0,0.0,0.0,0.0,0.0,1.0,0.0
775223,0.0,0.0,0.0,0.0,0.0,0.0,0.0
775374,0.0,0.0,0.0,0.0,0.0,1.0,0.0
775376,0.0,0.0,0.0,0.0,0.0,2.0,0.0
775876,0.0,0.0,0.0,0.0,0.0,0.0,0.0
778501,0.0,0.0,0.0,0.0,0.0,1.0,0.0
778665,0.0,0.0,0.0,0.0,0.0,2.0,0.0
778666,0.0,0.0,0.0,0.0,1.0,2.0,0.0
779165,0.0,0.0,0.0,0.0,1.0,0.0,0.0
779166,0.0,0.0,0.0,0.0,0.0,0.0,0.0
782424,0.0,0.0,0.0,0.0,0.0,1.0,0.0
782436,0.0,0.0,0.0,0.0,0.0,2.0,0.0
782936,0.0,0.0,0.0,0.0,0.0,0.0,0.0
783549,0.0,0.0,0.0,0.0,0.0,1.0,0.0
784049,0.0,0.0,0.0,0.0,0.0,0.0,0.0
784779,0.0,0.0,0.0,0.0,0.0,1.0,0.0
785279,0.0,0.0,0.0,0.0,0.0,0.0,0.0
785482,0.0,0.0,0.0,0.0,0.0,1.0,0.0
785492,0.0,0.0,0.0,0.0,0.0,2.0,0.0
785992,0.0,0.0,0.0,0.0,0.0,0.0,0.0
787538,0.0,0.0,0.0,0.0,0.0,1.0,0.0
788038,0.0,0.0,0.0,0.0,0.0,0.0,0.0
788266,0.0,0.0,0.0,0.0,0.0,1.0,0.0
788766,0.0,0.0,0.0,0.0,0.0,0.0,0.0
789927,0.0,0.0,0.0,0.0,0.0,1.0,0.0
790427,0.0,0.0,0.0,0.0,0.0,0.0,0.0
791120,0.0,0.0,0.0,0.0,0.0,1.0,0.0
791620,0.0,0.0,0.0,0.0,0.0,0.0,0.0
792273,0.0,0.0,0.0,0.0,1.0,1.0,0.0
792773,0.0,0.0,0.0,0.0,0.0,0.0,0.0
793479,0.0,0.0,0.0,0.0,0.0,1.0,0.0
793979,0.0,0.0,0.0,0.0,0.0,0.0,0.0
794624,0.0,0.0,0.0,0.0,0.0,1.0,0.0
795124,0.0,0.0,0.0,0.0,0.0,0.0,0.0
795366,0.0,0.0,0.0,0.0,0.0,1.0,0.0
795866,0.0,0.0,0.0,0.0,0.0,0.0,0.0
797934,0.0,0.0,0.0,0.0,0.0,1.0,0.0
798434,0.0,0.0,0.0,0.0,0.0,0.0,0.0
798760,0.0,0.0,0.0,0.0,0.0,1.0,0.0
799260,0.0,0.0,0.0,0.0,0.0,0.0,0.0
799565,0.0,0.0,0.0,0.0,0.0,1.0,0.0
800000,0.0,0.0,0.0,0.0,0.0,1.0,1.0
800049,0.0,0.0,0.0,0.0,0.0,2.0,1.0
800500,0.0,0.0,0.0,0.0,0.0,2.0,0.0
800549,0.0,0.0,0.0,0.0,0.0,0.0,0.0
800942,0.0,0.0,0.0,0.0,0.0,1.0,0.0
801442,0.0,0.0,0.0,0.0,0.0,0.0,0.0
801480,0.0,2.0,0.0,0.0,0.0,0.0,0.0
801547,0.0,2.0,0.0,0.0,1.0,0.0,0.0
801631,2.0,2.0,0.0,0.0,1.0,0.0,0.0
801653,2.0,2.0,0.0,0.0,2.0,0.0,0.0
801879,2.0,2.0,0.0,0.0,2.0,1.0,0.0
801886,2.0,2.0,0.0,0.0,2.0,2.0,0.0
801980,2.0,0.0,0.0,0.0,2.0,2.0,0.0
802131,0.0,0.0,0.0,0.0,2.0,2.0,0.0
802153,0.0,0.0,0.0,0.0,0.0,2.0,0.0
802386,0.0,0.0,0.0,0.0,0.0,0.0,0.0
803172,0.0,0.0,0.0,0.0,0.0,1.0,0.0
803672,0.0,0.0,0.0,0.0,0.0,0.0,0.0
805091,0.0,0.0,0.0,0.0,0.0,1.0,0.0
805591,0.0,0.0,0.0,0.0,0.0,0.0,0.0
806250,0.0,0.0,0.0,0.0,0.0,1.0,0.0
806496,0.0,0.0,1.0,0.0,0.0,1.0,0.0
806750,0.0,0.0,1.0,0.0,0.0,0.0,0.0
806781,0.0,0.0,1.0,0.0,0.0,1.0,0.0
806957,0.0,0.0,1.0,0.0,0.0,2.0,0.0
807457,0.0,0.0,1.0,0.0,0.0,0.0,0.0
807550,0.0,0.0,1.0,0.0,0.0,1.0,0.0
808050,0.0,0.0,1.0,0.0,0.0,0.0,0.0
809677,0.0,0.0,1.0,0.0,0.0,1.0,0.0
810177,0.0,0.0,1.0,0.0,0.0,0.0,0.0
810256,0.0,0.0,1.0,0.0,0.0,1.0,0.0
810260,0.0,0.0,1.0,0.0,0.0,2.0,0.0
810760,0.0,0.0,1.0,0.0,0.0,0.0,0.0
812259,0.0,0.0,1.0,0.0,0.0,1.0,0.0
812759,0.0,0.0,1.0,0.0,0.0,0.0,0.0
813134,0.0,0.0,1.0,0.0,0.0,1.0,0.0
813634,0.0,0.0,1.0,0.0,0.0,0.0,0.0
814287,0.0,0.0,1.0,0.0,0.0,1.0,0.0
814787,0.0,0.0,1.0,0.0,0.0,0.0,0.0
815766,0.0,0.0,1.0,0.0,0.0,1.0,0.0
816266,0.0,0.0,1.0,0.0,0.0,0.0,0.0
816682,0.0,0.0,1.0,0.0,0.0,1.0,0.0
816751,0.0,0.0,2.0,0.0,0.0,1.0,0.0
817182,0.0,0.0,2.0,0.0,0.0,0.0,0.0
817251,0.0,0.0,0.0,0.0,0.0,0.0,0.0
817747,0.0,0.0,0.0,0.0,0.0,1.0,0.0
818247,0.0,0.0,0.0,0.0,0.0,0.0,0.0
818820,0.0,0.0,0.0,0.0,0.0,1.0,0.0
819320,0.0,0.0,0.0,0.0,0.0,0.0,0.0
819968,0.0,0.0,0.0,0.0,0.0,1.0,0.0
819982,0.0,0.0,0.0,0.0,0.0,2.0,0.0
820482,0.0,0.0,0.0,0.0,0.0,0.0,0.0
821173,0.0,0.0,0.0,0.0,0.0,1.0,0.0
821673,0.0,0.0,0.0,0.0,0.0,0.0,0.0
823256,0.0,0.0,0.0,0.0,0.0,1.0,0.0
823756,0.0,0.0,0.0,0.0,0.0,0.0,0.0
824359,0.0,0.0,0.0,0.0,0.0,1.0,0.0
824859,0.0,0.0,0.0,0.0,0.0,0.0,0.0
824894,0.0,0.0,0.0,0.0,0.0,1.0,0.0
825394,0.0,0.0,0.0,0.0,0.0,0.0,0.0
825623,0.0,0.0,0.0,0.0,0.0,1.0,0.0
825632,0.0,0.0,0.0,0.0,0.0,2.0,0.0
826132,0.0,0.0,0.0,0.0,0.0,0.0,0.0
826474,0.0,0.0,0.0,0.0,0.0,1.0,0.0
826974,0.0,0.0,0.0,0.0,0.0,0.0,0.0
828135,0.0,0.0,0.0,0.0,0.0,1.0,0.0
828635,0.0,0.0,0.0,0.0,0.0,0.0,0.0
828912,0.0,0.0,0.0,0.0,0.0,1.0,0.0
829412,0.0,0.0,0.0,0.0,0.0,0.0,0.0
829638,0.0,0.0,0.0,0.0,0.0,1.0,0.0
830006,0.0,0.0,0.0,0.0,0.0,2.0,0.0
830506,0.0,0.0,0.0,0.0,0.0,0.0,0.0
832287,0.0,0.0,0.0,0.0,0.0,1.0,0.0
832609,0.0,0.0,0.0,0.0,0.0,2.0,0.0
833109,0.0,0.0,0.0,0.0,0.0,0.0,0.0
833816,0.0,0.0,0.0,0.0,0.0,1.0,0.0
834316,0.0,0.0,0.0,0.0,0.0,0.0,0.0
834467,0.0,0.0,0.0,0.0,0.0,1.0,0.0
834574,0.0,0.0,1.0,0.0,0.0,1.0,0.0
834967,0.0,0.0,1.0,0.0,0.0,0.0,0.0
835074,0.0,0.0,0.0,0.0,0.0,0.0,0.0
835078,0.0,0.0,1.0,0.0,0.0,0.0,0.0
835576,0.0,0.0,1.0,0.0,0.0,1.0,0.0
835578,0.0,0.0,0.0,0.0,0.0,1.0,0.0
835602,0.0,0.0,1.0,0.0,0.0,1.0,0.0
836076,0.0,0.0,1.0,0.0,0.0,0.0,0.0
836102,0.0,0.0,0.0,0.0,0.0,0.0,0.0
836253,0.0,0.0,1.0,0.0,0.0,0.0,0.0
836255,0.0,0.0,1.0,0.0,0.0,1.0,0.0
836279,0.0,0.0,1.0,0.0,0.0,2.0,0.0
836779,0.0,0.0,1.0,0.0,0.0,0.0,0.0
837253,0.0,0.0,0.0,0.0,0.0,0.0,0.0
837318,0.0,0.0,1.0,0.0,0.0,0.0,0.0
837511,0.0,0.0,1.0,0.0,0.0,1.0,0.0
838011,0.0,0.0,1.0,0.0,0.0,0.0,0.0
838318,0.0,0.0,0.0,0.0,0.0,0.0,0.0
838351,0.0,0.0,1.0,0.0,0.0,1.0,0.0
838851,0.0,0.0,1.0,0.0,0.0,0.0,0.0
839851,0.0,0.0,0.0,0.0,0.0,0.0,0.0
840369,0.0,0.0,0.0,0.0,0.0,1.0,0.0
840869,0.0,0.0,0.0,0.0,0.0,0.0,0.0
841401,0.0,0.0,0.0,0.0,0.0,1.0,0.0
841900,0.0,0.0,0.0,0.0,0.0,2.0,0.0
842400,0.0,0.0,0.0,0.0,0.0,0.0,0.0
844142,0.0,0.0,0.0,0.0,0.0,1.0,0.0
844151,0.0,0.0,0.0,0.0,0.0,2.0,0.0
844651,0.0,0.0,0.0,0.0,0.0,0.0,0.0
844895,0.0,0.0,1.0,0.0,0.0,0.0,0.0
845272,0.0,0.0,1.0,0.0,0.0,1.0,0.0
845772,0.0,0.0,1.0,0.0,0.0,0.0,0.0
845895,0.0,0.0,0.0,0.0,0.0,0.0,0.0
845928,0.0,0.0,1.0,0.0,0.0,0.0,0.0
846428,0.0,0.0,0.0,0.0,0.0,0.0,0.0
846857,0.0,0.0,1.0,0.0,0.0,0.0,0.0
847357,0.0,0.0,0.0,0.0,0.0,0.0,0.0
848340,0.0,0.0,1.0,0.0,0.0,0.0,0.0
848840,0.0,0.0,0.0,0.0,0.0,0.0,0.0
848863,0.0,0.0,0.0,0.0,0.0,1.0,0.0
848868,0.0,0.0,0.0,0.0,0.0,2.0,0.0
849368,0.0,0.0,0.0,0.0,0.0,0.0,0.0
849653,0.0,0.0,0.0,0.0,0.0,1.0,0.0
850153,0.0,0.0,0.0,0.0,0.0,0.0,0.0
851209,0.0,0.0,0.0,0.0,0.0,1.0,0.0
851709,0.0,0.0,0.0,0.0,0.0,0.0,0.0
852358,0.0,0.0,0.0,0.0,0.0,1.0,0.0
852858,0.0,0.0,0.0,0.0,0.0,0.0,0.0
852990,0.0,0.0,0.0,0.0,0.0,1.0,0.0
853490,0.0,0.0,0.0,0.0,0.0,0.0,0.0
853957,0.0,0.0,0.0,0.0,0.0,1.0,0.0
854457,0.0,0.0,0.0,0.0,0.0,0.0,0.0
854498,0.0,0.0,0.0,0.0,0.0,1.0,0.0
854545,0.0,0.0,0.0,0.0,0.0,2.0,0.0
855045,0.0,0.0,0.0,0.0,0.0,0.0,0.0
857376,0.0,0.0,0.0,0.0,0.0,1.0,0.0
857876,0.0,0.0,0.0,0.0,0.0,0.0,0.0
859732,0.0,0.0,0.0,0.0,0.0,1.0,0.0
859744,0.0,0.0,0.0,0.0,0.0,2.0,0.0
860244,0.0,0.0,0.0,0.0,0.0,0.0,0.0
860652,0.0,0.0,0.0,0.0,0.0,1.0,0.0
861152,0.0,0.0,0.0,0.0,0.0,0.0,0.0
861281,0.0,0.0,0.0,0.0,0.0,1.0,0.0
861288,0.0,0.0,0.0,0.0,0.0,2.0,0.0
861788,0.0,0.0,0.0,0.0,0.0,0.0,0.0
865814,0.0,0.0,0.0,0.0,0.0,1.0,0.0
866314,0.0,0.0,0.0,0.0,0.0,0.0,0.0
867100,0.0,0.0,0.0,0.0,0.0,1.0,0.0
867600,0.0,0.0,0.0,0.0,0.0,0.0,0.0
867892,0.0,0.0,0.0,0.0,0.0,1.0,0.0
868392,0.0,0.0,0.0,0.0,0.0,0.0,0.0
869312,0.0,0.0,0.0,0.0,0.0,1.0,0.0
869812,0.0,0.0,0.0,0.0,0.0,0.0,0.0
872727,0.0,0.0,0.0,0.0,0.0,1.0,0.0
873227,0.0,0.0,0.0,0.0,0.0,0.0,0.0
873908,0.0,0.0,0.0,0.0,0.0,1.0,0.0
874408,0.0,0.0,0.0,0.0,0.0,0.0,0.0
874497,0.0,0.0,0.0,0.0,0.0,1.0,0.0
874997,0.0,0.0,0.0,0.0,0.0,0.0,0.0
877376,0.0,0.0,0.0,0.0,0.0,1.0,0.0
877876,0.0,0.0,0.0,0.0,0.0,0.0,0.0
878229,0.0,0.0,0.0,0.0,0.0,1.0,0.0
878261,0.0,2.0,0.0,0.0,0.0,1.0,0.0
878729,0.0,2.0,0.0,0.0,0.0,0.0,0.0
878761,0.0,0.0,0.0,0.0,0.0,0.0,0.0
879261,0.0,0.0,0.0,0.0,0.0,1.0,0.0
879761,0.0,0.0,0.0,0.0,0.0,0.0,0.0
879866,0.0,0.0,0.0,0.0,0.0,1.0,0.0
880366,0.0,0.0,0.0,0.0,0.0,0.0,0.0
881341,0.0,0.0,0.0,0.0,0.0,1.0,0.0
881841,0.0,0.0,0.0,0.0,0.0,0.0,0.0
881906,0.0,0.0,0.0,0.0,0.0,1.0,0.0
882406,0.0,0.0,0.0,0.0,0.0,0.0,0.0
885998,0.0,0.0,0.0,0.0,0.0,1.0,0.0
886498,0.0,0.0,0.0,0.0,0.0,0.0,0.0
888262,0.0,0.0,0.0,0.0,0.0,1.0,0.0
888762,0.0,0.0,0.0,0.0,0.0,0.0,0.0
890103,0.0,0.0,0.0,0.0,0.0,1.0,0.0
890603,0.0,0.0,0.0,0.0,0.0,0.0,0.0
890940,0.0,0.0,0.0,0.0,0.0,1.0,0.0
891440,0.0,0.0,0.0,0.0,0.0,0.0,0.0
891733,0.0,0.0,0.0,0.0,0.0,1.0,0.0
892233,0.0,0.0,0.0,0.0,0.0,0.0,0.0
892782,0.0,0.0,0.0,0.0,0.0,1.0,0.0
893282,0.0,0.0,0.0,0.0,0.0,0.0,0.0
893463,0.0,0.0,0.0,0.0,0.0,1.0,0.0
893467,0.0,0.0,0.0,0.0,0.0,2.0,0.0
893967,0.0,0.0,0.0,0.0,0.0,0.0,0.0
894870,0.0,0.0,0.0,0.0,0.0,1.0,0.0
895370,0.0,0.0,0.0,0.0,0.0,0.0,0.0
895452,0.0,0.0,0.0,0.0,0.0,1.0,0.0
895952,0.0,0.0,0.0,0.0,0.0,0.0,0.0
897293,0.0,0.0,0.0,0.0,0.0,1.0,0.0
897793,0.0,0.0,0.0,0.0,0.0,0.0,0.0
898089,0.0,0.0,0.0,0.0,0.0,1.0,0.0
898102,0.0,0.0,0.0,0.0,0.0,2.0,0.0
898602,0.0,0.0,0.0,0.0,0.0,0.0,0.0
899485,0.0,0.0,0.0,0.0,0.0,1.0,0.0
899985,0.0,0.0,0.0,0.0,0.0,0.0,0.0
900850,0.0,0.0,0.0,0.0,0.0,1.0,0.0
901350,0.0,0.0,0.0,0.0,0.0,0.0,0.0
905760,0.0,0.0,0.0,0.0,0.0,1.0,0.0
906260,0.0,0.0,0.0,0.0,0.0,0.0,0.0
907296,0.0,0.0,0.0,0.0,0.0,1.0,0.0
907796,0.0,0.0,0.0,0.0,0.0,0.0,0.0
907921,0.0,0.0,0.0,0.0,0.0,1.0,0.0
908421,0.0,0.0,0.0,0.0,0.0,0.0,0.0
909902,0.0,0.0,0.0,0.0,0.0,1.0,0.0
910402,0.0,0.0,0.0,0.0,0.0,0.0,0.0
911540,0.0,0.0,0.0,0.0,0.0,1.0,0.0
912040,0.0,0.0,0.0,0.0,0.0,0.0,0.0
912541,0.0,0.0,0.0,0.0,0.0,1.0,0.0
913041,0.0,0.0,0.0,0.0,0.0,0.0,0.0
914140,0.0,0.0,0.0,0.0,1.0,0.0,0.0
914640,0.0,0.0,0.0,0.0,0.0,0.0,0.0
916444,0.0,0.0,0.0,0.0,0.0,1.0,0.0
916944,0.0,0.0,0.0,0.0,0.0,0.0,0.0
917476,0.0,0.0,0.0,0.0,0.0,1.0,0.0
917481,0.0,0.0,0.0,0.0,0.0,2.0,0.0
917981,0.0,0.0,0.0,0.0,0.0,0.0,0.0
919035,0.0,0.0,0.0,0.0,0.0,1.0,0.0
919535,0.0,0.0,0.0,0.0,0.0,0.0,0.0
921372,0.0,0.0,0.0,0.0,0.0,1.0,0.0
921374,0.0,0.0,0.0,0.0,0.0,2.0,0.0
921874,0.0,0.0,0.0,0.0,0.0,0.0,0.0
929018,0.0,0.0,0.0,0.0,0.0,1.0,0.0
929518,0.0,0.0,0.0,0.0,0.0,0.0,0.0
929959,0.0,0.0,0.0,0.0,0.0,1.0,0.0
929968,0.0,0.0,0.0,0.0,0.0,2.0,0.0
930468,0.0,0.0,0.0,0.0,0.0,0.0,0.0
931002,0.0,0.0,0.0,0.0,0.0,1.0,0.0
931502,0.0,0.0,0.0,0.0,0.0,0.0,0.0
932296,0.0,0.0,0.0,0.0,0.0,1.0,0.0
932796,0.0,0.0,0.0,0.0,0.0,0.0,0.0
936054,0.0,0.0,0.0,0.0,0.0,1.0,0.0
936056,0.0,0.0,0.0,0.0,0.0,2.0,0.0
936556,0.0,0.0,0.0,0.0,0.0,0.0,0.0
942274,0.0,0.0,0.0,0.0,0.0,1.0,0.0
942774,0.0,0.0,0.0,0.0,0.0,0.0,0.0
945690,0.0,0.0,0.0,0.0,0.0,1.0,0.0
946190,0.0,0.0,0.0,0.0,0.0,0.0,0.0
946666,0.0,0.0,0.0,0.0,0.0,1.0,0.0
947166,0.0,0.0,0.0,0.0,0.0,0.0,0.0
947569,0.0,0.0,0.0,0.0,0.0,1.0,0.0
948069,0.0,0.0,0.0,0.0,0.0,0.0,0.0
950590,0.0,0.0,0.0,0.0,0.0,1.0,0.0
951090,0.0,0.0,0.0,0.0,0.0,0.0,0.0
951273,0.0,0.0,0.0,0.0,0.0,1.0,0.0
951773,0.0,0.0,0.0,0.0,0.0,0.0,0.0
953630,0.0,0.0,0.0,0.0,0.0,1.0,0.0
953632,0.0,0.0,0.0,0.0,0.0,2.0,0.0
954132,0.0,0.0,0.0,0.0,0.0,0.0,0.0
954207,0.0,0.0,0.0,0.0,0.0,1.0,0.0
954298,0.0,0.0,0.0,0.0,0.0,2.0,0.0
954798,0.0,0.0,0.0,0.0,0.0,0.0,0.0
957412,0.0,0.0,0.0,0.0,0.0,1.0,0.0
957416,0.0,0.0,0.0,0.0,0.0,2.0,0.0
957916,0.0,0.0,0.0,0.0,0.0,0.0,0.0
958831,0.0,0.0,0.0,0.0,0.0,1.0,0.0
959331,0.0,0.0,0.0,0.0,0.0,0.0,0.0
960911,0.0,0.0,0.0,0.0,0.0,1.0,0.0
961411,0.0,0.0,0.0,0.0,0.0,0.0,0.0
963555,0.0,0.0,0.0,0.0,0.0,1.0,0.0
964055,0.0,0.0,0.0,0.0,0.0,0.0,0.0
967387,0.0,0.0,0.0,0.0,0.0,1.0,0.0
967887,0.0,0.0,0.0,0.0,0.0,0.0,0.0
969465,0.0,0.0,0.0,0.0,0.0,1.0,0.0
969965,0.0,0.0,0.0,0.0,0.0,0.0,0.0
970041,0.0,0.0,0.0,0.0,0.0,1.0,0.0
970541,0.0,0.0,0.0,0.0,0.0,0.0,0.0
976332,0.0,0.0,0.0,0.0,0.0,1.0,0.0
976832,0.0,0.0,0.0,0.0,0.0,0.0,0.0
978192,0.0,0.0,0.0,0.0,0.0,1.0,0.0
978692,0.0,0.0,0.0,0.0,0.0,0.0,0.0
979625,0.0,0.0,0.0,0.0,0.0,1.0,0.0
980125,0.0,0.0,0.0,0.0,0.0,0.0,0.0
983067,0.0,0.0,0.0,0.0,0.0,1.0,0.0
983567,0.0,0.0,0.0,0.0,0.0,0.0,0.0
985309,0.0,0.0,0.0,0.0,0.0,1.0,0.0
985809,0.0,0.0,0.0,0.0,0.0,0.0,0.0
986609,0.0,0.0,0.0,0.0,0.0,1.0,0.0
987109,0.0,0.0,0.0,0.0,0.0,0.0,0.0
987707,0.0,0.0,0.0,0.0,0.0,1.0,0.0
988207,0.0,0.0,0.0,0.0,0.0,0.0,0.0
988379,0.0,0.0,0.0,0.0,0.0,1.0,0.0
988879,0.0,0.0,0.0,0.0,0.0,0.0,0.0
990248,0.0,0.0,0.0,0.0,0.0,1.0,0.0
990748,0.0,0.0,0.0,0.0,0.0,0.0,0.0
992727,0.0,0.0,0.0,0.0,0.0,1.0,0.0
993227,0.0,0.0,0.0,0.0,0.0,0.0,0.0
996350,0.0,0.0,0.0,0.0,0.0,1.0,0.0
996850,0.0,0.0,0.0,0.0,0.0,0.0,0.0
997054,0.0,0.0,0.0,0.0,0.0,1.0,0.0
997554,0.0,0.0,0.0,0.0,0.0,0.0,0.0
998059,0.0,0.0,0.0,0.0,0.0,1.0,0.0
998559,0.0,0.0,0.0,0.0,0.0,0.0,0.0
999392,0.0,0.0,0.0,0.0,0.0,1.0,0.0
999892,0.0,0.0,0.0,0.0,0.0,0.0,0.0
1000000,0.0,0.0,0.0,0.0,0.0,0.0,1.0
1000153,0.0,0.0,0.0,0.0,0.0,1.0,1.0
1000500,0.0,0.0,0.0,0.0,0.0,1.0,0.0
1000653,0.0,0.0,0.0,0.0,0.0,0.0,0.0
1000698,0.0,0.0,0.0,0.0,0.0,1.0,0.0
1000936,0.0,0.0,0.0,0.0,0.0,2.0,0.0
1001363,0.0,2.0,0.0,0.0,0.0,2.0,0.0
1001436,0.0,2.0,0.0,0.0,0.0,0.0,0.0
1001789,0.0,2.0,0.0,0.0,0.0,1.0,0.0
1001863,0.0,0.0,0.0,0.0,0.0,1.0,0.0
1002079,2.0,0.0,0.0,0.0,0.0,1.0,0.0
1002268,2.0,0.0,0.0,0.0,0.0,2.0,0.0
1002579,0.0,0.0,0.0,0.0,0.0,2.0,0.0
1002768,0.0,0.0,0.0,0.0,0.0,0.0,0.0
1002847,2.0,0.0,0.0,0.0,0.0,0.0,0.0
1003347,0.0,0.0,0.0,0.0,0.0,0.0,0.0
1003487,2.0,0.0,0.0,0.0,0.0,0.0,0.0
1003987,0.0,0.0,0.0,0.0,0.0,0.0,0.0
1004225,0.0,0.0,0.0,0.0,0.0,1.0,0.0
1004445,0.0,0.0,0.0,0.0,1.0,1.0,0.0
1004725,0.0,0.0,0.0,0.0,1.0,0.0,0.0
1004786,0.0,0.0,0.0,0.0,1.0,1.0,0.0
1005104,0.0,0.0,0.0,0.0,2.0,1.0,0.0
1005286,0.0,0.0,0.0,0.0,2.0,0.0,0.0
1005376,0.0,0.0,0.0,0.0,2.0,1.0,0.0
1005383,0.0,0.0,0.0,0.0,2.0,2.0,0.0
1005604,0.0,0.0,0.0,0.0,0.0,2.0,0.0
1005883,0.0,2.0,0.0,0.0,0.0,0.0,0.0
1005964,0.0,2.0,1.0,0.0,0.0,0.0,0.0
1006383,0.0,0.0,1.0,0.0,0.0,0.0,0.0
1007938,0.0,0.0,1.0,0.0,0.0,1.0,0.0
1008438,0.0,0.0,1.0,0.0,0.0,0.0,0.0
1009247,2.0,0.0,1.0,0.0,0.0,0.0,0.0
1009747,0.0,0.0,1.0,0.0,0.0,0.0,0.0
1011052,0.0,0.0,1.0,0.0,1.0,0.0,0.0
1011552,0.0,0.0,1.0,0.0,0.0,0.0,0.0
1012185,0.0,0.0,2.0,0.0,0.0,0.0,0.0
1012685,0.0,0.0,0.0,0.0,0.0,0.0,0.0
1013097,0.0,0.0,0.0,0.0,0.0,1.0,0.0
1013597,0.0,0.0,0.0,0.0,0.0,0.0,0.0
1013949,0.0,0.0,0.0,0.0,0.0,1.0,0.0
1014449,0.0,0.0,0.0,0.0,0.0,0.0,0.0
1015655,0.0,0.0,0.0,0.0,0.0,1.0,0.0
1016155,0.0,0.0,0.0,0.0,0.0,0.0,0.0
1016288,0.0,0.0,0.0,0.0,0.0,1.0,0.0
1016788,0.0,0.0,0.0,0.0,0.0,0.0,0.0
1019701,0.0,0.0,0.0,0.0,0.0,1.0,0.0
1020201,0.0,0.0,0.0,0.0,0.0,0.0,0.0
1023385,0.0,0.0,0.0,0.0,0.0,1.0,0.0
1023885,0.0,0.0,0.0,0.0,0.0,0.0,0.0
1024635,0.0,0.0,0.0,0.0,0.0,1.0,0.0
1025135,0.0,0.0,0.0,0.0,0.0,0.0,0.0
1025137,0.0,0.0,0.0,0.0,0.0,1.0,0.0
1025637,0.0,0.0,0.0,0.0,0.0,0.0,0.0
1025717,0.0,0.0,0.0,0.0,0.0,1.0,0.0
1026217,0.0,0.0,0.0,0.0,0.0,0.0,0.0
1027473,0.0,0.0,0.0,0.0,0.0,1.0,0.0
1027973,0.0,0.0,0.0,0.0,0.0,0.0,0.0
1028122,0.0,0.0,0.0,0.0,0.0,1.0,0.0
1028214,0.0,0.0,0.0,0.0,0.0,2.0,0.0
1028714,0.0,0.0,0.0,0.0,0.0,0.0,0.0
1028861,0.0,0.0,0.0,0.0,0.0,1.0,0.0
1029361,0.0,0.0,0.0,0.0,0.0,0.0,0.0
1029648,0.0,0.0,0.0,0.0,0.0,1.0,0.0
1030148,0.0,0.0,0.0,0.0,0.0,0.0,0.0
1031451,0.0,0.0,0.0,0.0,0.0,1.0,0.0
1031951,0.0,0.0,0.0,0.0,0.0,0.0,0.0
1033617,0.0,0.0,0.0,0.0,0.0,1.0,0.0
1034117,0.0,0.0,0.0,0.0,0.0,0.0,0.0
1036275,0.0,0.0,0.0,0.0,0.0,1.0,0.0
1036775,0.0,0.0,0.0,0.0,0.0,0.0,0.0
1038405,0.0,0.0,0.0,0.0,0.0,1.0,0.0
1038905,0.0,0.0,0.0,0.0,0.0,0.0,0.0
1039969,0.0,0.0,0.0,0.0,0.0,1.0,0.0
1040469,0.0,0.0,0.0,0.0,0.0,0.0,0.0
1040774,0.0,0.0,0.0,0.0,0.0,1.0,0.0
1041274,0.0,0.0,0.0,0.0,0.0,0.0,0.0
1041535,0.0,0.0,0.0,0.0,0.0,1.0,0.0
1041555,0.0,0.0,0.0,0.0,0.0,2.0,0.0
1042055,0.0,0.0,0.0,0.0,0.0,0.0,0.0
1042634,0.0,0.0,0.0,0.0,0.0,1.0,0.0
1043134,0.0,0.0,0.0,0.0,0.0,0.0,0.0
1043501,0.0,0.0,0.0,0.0,0.0,1.0,0.0
1044001,0.0,0.0,0.0,0.0,0.0,0.0,0.0
1045787,0.0,0.0,0.0,0.0,0.0,1.0,0.0
1045803,0.0,0.0,0.0,0.0,0.0,2.0,0.0
1046303,0.0,0.0,0.0,0.0,0.0,1.0,0.0
1046307,0.0,0.0,0.0,0.0,0.0,2.0,0.0
1046807,0.0,0.0,0.0,0.0,0.0,0.0,0.0
1046889,0.0,0.0,0.0,0.0,0.0,1.0,0.0
1047389,0.0,0.0,0.0,0.0,0.0,0.0,0.0
1047766,0.0,0.0,0.0,0.0,0.0,1.0,0.0
1047770,0.0,0.0,0.0,0.0,0.0,2.0,0.0
1048270,0.0,0.0,0.0,0.0,0.0,0.0,0.0
1052017,0.0,0.0,0.0,0.0,0.0,1.0,0.0
1052517,0.0,0.0,0.0,0.0,0.0,0.0,0.0
1054689,0.0,0.0,0.0,0.0,0.0,1.0,0.0
1055189,0.0,0.0,0.0,0.0,0.0,0.0,0.0
1055335,0.0,0.0,0.0,0.0,0.0,1.0,0.0
1055343,0.0,0.0,0.0,0.0,0.0,2.0,0.0
1055843,0.0,0.0,0.0,0.0,0.0,0.0,0.0
1058575,0.0,0.0,0.0,0.0,0.0,1.0,0.0
1059075,0.0,0.0,0.0,0.0,0.0,0.0,0.0
1059619,0.0,0.0,0.0,0.0,0.0,1.0,0.0
1060119,0.0,0.0,0.0,0.0,0.0,0.0,0.0
1060205,0.0,0.0,0.0,0.0,0.0,1.0,0.0
1060247,0.0,0.0,0.0,0.0,0.0,2.0,0.0
1060747,0.0,0.0,0.0,0.0,0.0,0.0,0.0
1062101,0.0,0.0,0.0,0.0,0.0,1.0,0.0
1062102,0.0,0.0,0.0,0.0,0.0,2.0,0.0
1062602,0.0,0.0,0.0,0.0,0.0,0.0,0.0
1063746,0.0,0.0,0.0,0.0,0.0,1.0,0.0
1064246,0.0,0.0,0.0,0.0,0.0,0.0,0.0
1065231,0.0,0.0,0.0,0.0,0.0,1.0,0.0
1065731,0.0,0.0,0.0,0.0,0.0,0.0,0.0
1065752,0.0,0.0,0.0,0.0,0.0,1.0,0.0
1066252,0.0,0.0,0.0,0.0,0.0,0.0,0.0
1067811,0.0,0.0,0.0,0.0,0.0,1.0,0.0
1068311,0.0,0.0,0.0,0.0,0.0,0.0,0.0
1068425,0.0,0.0,0.0,0.0,0.0,1.0,0.0
1068925,0.0,0.0,0.0,0.0,0.0,0.0,0.0
1069200,0.0,0.0,0.0,0.0,0.0,1.0,0.0
1069700,0.0,0.0,0.0,0.0,0.0,0.0,0.0
1070283,0.0,0.0,0.0,0.0,0.0,1.0,0.0
1070685,0.0,0.0,0.0,0.0,0.0,2.0,0.0
1071185,0.0,0.0,0.0,0.0,0.0,0.0,0.0
1071523,0.0,0.0,0.0,0.0,0.0,1.0,0.0
1071525,0.0,0.0,0.0,0.0,0.0,2.0,0.0
1072025,0.0,0.0,0.0,0.0,0.0,0.0,0.0
1072150,0.0,0.0,0.0,0.0,0.0,1.0,0.0
1072650,0.0,0.0,0.0,0.0,0.0,0.0,0.0
1073710,0.0,0.0,0.0,0.0,0.0,1.0,0.0
1074210,0.0,0.0,0.0,0.0,0.0,0.0,0.0
1075637,0.0,0.0,0.0,0.0,0.0,1.0,0.0
1075638,0.0,0.0,0.0,0.0,0.0,2.0,0.0
1076138,0.0,0.0,0.0,0.0,0.0,0.0,0.0
1076733,0.0,0.0,0.0,0.0,0.0,1.0,0.0
1077233,0.0,0.0,0.0,0.0,0.0,0.0,0.0
1079013,0.0,0.0,0.0,0.0,0.0,1.0,0.0
1079034,0.0,0.0,0.0,0.0,0.0,2.0,0.0
1079534,0.0,0.0,0.0,0.0,0.0,0.0,0.0
1081143,0.0,0.0,0.0,0.0,0.0,1.0,0.0
1081147,0.0,0.0,0.0,0.0,0.0,2.0,0.0
1081208,0.0,2.0,0.0,0.0,0.0,2.0,0.0
1081647,0.0,2.0,0.0,0.0,0.0,0.0,0.0
1081708,0.0,0.0,0.0,0.0,0.0,0.0,0.0
1082143,0.0,0.0,0.0,0.0,0.0,1.0,0.0
1082643,0.0,0.0,0.0,0.0,0.0,0.0,0.0
1082747,0.0,0.0,0.0,0.0,0.0,1.0,0.0
1083247,0.0,0.0,0.0,0.0,0.0,0.0,0.0
1083442,0.0,0.0,0.0,0.0,0.0,1.0,0.0
1083942,0.0,0.0,0.0,0.0,0.0,0.0,0.0
1084035,0.0,0.0,0.0,0.0,0.0,1.0,0.0
1084037,0.0,0.0,0.0,0.0,0.0,2.0,0.0
1084537,0.0,0.0,0.0,0.0,0.0,0.0,0.0
1084610,0.0,0.0,0.0,0.0,0.0,1.0,0.0
1085110,0.0,0.0,0.0,0.0,0.0,0.0,0.0
1085210,0.0,0.0,0.0,0.0,0.0,1.0,0.0
1085710,0.0,0.0,0.0,0.0,0.0,0.0,0.0
1086607,0.0,0.0,0.0,0.0,0.0,1.0,0.0
1087107,0.0,0.0,0.0,0.0,0.0,0.0,0.0
1087658,0.0,0.0,0.0,0.0,0.0,1.0,0.0
1087660,0.0,0.0,0.0,0.0,0.0,2.0,0.0
1088160,0.0,0.0,0.0,0.0,0.0,0.0,0.0
1090064,0.0,0.0,0.0,0.0,0.0,1.0,0.0
1090284,0.0,0.0,0.0,0.0,0.0,2.0,0.0
1090784,0.0,0.0,0.0,0.0,0.0,0.0,0.0
1092856,0.0,0.0,0.0,0.0,0.0,1.0,0.0
1093356,0.0,0.0,0.0,0.0,0.0,0.0,0.0
1094492,0.0,0.0,0.0,0.0,0.0,1.0,0.0
1094509,0.0,0.0,0.0,0.0,0.0,2.0,0.0
1095009,0.0,0.0,0.0,0.0,0.0,0.0,0.0
1095653,0.0,0.0,0.0,0.0,0.0,1.0,0.0
1096153,0.0,0.0,0.0,0.0,0.0,0.0,0.0
1097642,0.0,0.0,0.0,0.0,0.0,1.0,0.0
1098142,0.0,0.0,0.0,0.0,0.0,0.0,0.0
1098681,0.0,0.0,0.0,0.0,0.0,1.0,0.0
1099181,0.0,0.0,0.0,0.0,0.0,0.0,0.0
1101004,0.0,0.0,0.0,0.0,0.0,1.0,0.0
1101006,0.0,0.0,0.0,0.0,0.0,2.0,0.0
1101506,0.0,0.0,0.0,0.0,0.0,0.0,0.0
1103024,0.0,0.0,0.0,0.0,0.0,1.0,0.0
1103524,0.0,0.0,0.0,0.0,0.0,0.0,0.0
1106685,0.0,0.0,0.0,0.0,0.0,1.0,0.0
1107185,0.0,0.0,0.0,0.0,0.0,0.0,0.0
1107476,0.0,0.0,0.0,0.0,0.0,1.0,0.0
1107976,0.0,0.0,0.0,0.0,0.0,0.0,0.0
1108163,0.0,0.0,0.0,0.0,0.0,1.0,0.0
1108663,0.0,0.0,0.0,0.0,0.0,0.0,0.0
1109790,0.0,0.0,0.0,0.0,0.0,1.0,0.0
1110290,0.0,0.0,0.0,0.0,0.0,0.0,0.0
1111541,0.0,0.0,0.0,0.0,0.0,1.0,0.0
1111543,0.0,0.0,0.0,0.0,0.0,2.0,0.0
1112043,0.0,0.0,0.0,0.0,0.0,0.0,0.0
1113272,0.0,0.0,0.0,0.0,0.0,1.0,0.0
1113772,0.0,0.0,0.0,0.0,0.0,0.0,0.0
1114321,0.0,0.0,0.0,0.0,0.0,1.0,0.0
1114821,0.0,0.0,0.0,0.0,0.0,0.0,0.0
1119978,0.0,0.0,0.0,0.0,0.0,1.0,0.0
1120478,0.0,0.0,0.0,0.0,0.0,0.0,0.0
1120605,0.0,0.0,0.0,0.0,0.0,1.0,0.0
1121105,0.0,0.0,0.0,0.0,0.0,0.0,0.0
1122984,0.0,0.0,0.0,0.0,0.0,1.0,0.0
1123484,0.0,0.0,0.0,0.0,0.0,0.0,0.0
1124112,0.0,0.0,0.0,0.0,0.0,1.0,0.0
1124612,0.0,0.0,0.0,0.0,0.0,0.0,0.0
1126122,0.0,0.0,0.0,0.0,0.0,1.0,0.0
1126622,0.0,0.0,0.0,0.0,0.0,0.0,0.0
1127980,0.0,0.0,0.0,0.0,0.0,1.0,0.0
1127982,0.0,0.0,0.0,0.0,1.0,2.0,0.0
1128482,0.0,0.0,0.0,0.0,0.0,0.0,0.0
1132189,0.0,0.0,0.0,0.0,0.0,1.0,0.0
1132689,0.0,0.0,0.0,0.0,0.0,0.0,0.0
1133649,0.0,0.0,0.0,0.0,0.0,1.0,0.0
1134149,0.0,0.0,0.0,0.0,0.0,0.0,0.0
1134819,0.0,0.0,0.0,0.0,0.0,1.0,0.0
1135319,0.0,0.0,0.0,0.0,0.0,0.0,0.0
1135570,0.0,0.0,0.0,0.0,0.0,1.0,0.0
1136070,0.0,0.0,0.0,0.0,0.0,0.0,0.0
1136580,0.0,0.0,0.0,0.0,0.0,1.0,0.0
1136585,0.0,0.0,0.0,0.0,0.0,2.0,0.0
1137085,0.0,0.0,0.0,0.0,0.0,0.0,0.0
1138781,0.0,0.0,0.0,0.0,0.0,1.0,0.0
1139281,0.0,0.0,0.0,0.0,0.0,0.0,0.0
1141378,0.0,0.0,0.0,0.0,1.0,0.0,0.0
1141389,0.0,0.0,0.0,0.0,1.0,1.0,0.0
1141390,0.0,0.0,0.0,0.0,2.0,1.0,0.0
1141889,0.0,0.0,0.0,0.0,2.0,0.0,0.0
1141890,0.0,0.0,0.0,0.0,0.0,0.0,0.0
1148452,0.0,0.0,0.0,0.0,0.0,1.0,0.0
1148454,0.0,0.0,0.0,0.0,0.0,2.0,0.0
1148954,0.0,0.0,0.0,0.0,0.0,0.0,0.0
1149085,0.0,0.0,0.0,0.0,0.0,1.0,0.0
1149585,0.0,0.0,0.0,0.0,0.0,0.0,0.0
1149940,0.0,0.0,0.0,0.0,0.0,1.0,0.0
1150440,0.0,0.0,0.0,0.0,0.0,0.0,0.0
1151791,0.0,0.0,0.0,0.0,0.0,1.0,0.0
1151802,0.0,0.0,0.0,0.0,0.0,2.0,0.0
1152302,0.0,0.0,0.0,0.0,0.0,0.0,0.0
1153236,0.0,0.0,0.0,0.0,0.0,1.0,0.0
1153387,0.0,0.0,0.0,0.0,0.0,2.0,0.0
1153887,0.0,0.0,0.0,0.0,0.0,0.0,0.0
1154924,0.0,0.0,0.0,0.0,0.0,1.0,0.0
1155424,0.0,0.0,0.0,0.0,0.0,0.0,0.0
1156581,0.0,0.0,0.0,0.0,0.0,1.0,0.0
1156587,0.0,0.0,0.0,0.0,1.0,1.0,0.0
1157081,0.0,0.0,0.0,0.0,1.0,0.0,0.0
1157087,0.0,0.0,0.0,0.0,0.0,0.0,0.0
1158352,0.0,0.0,0.0,0.0,0.0,1.0,0.0
1158852,0.0,0.0,0.0,0.0,0.0,0.0,0.0
1160508,0.0,0.0,0.0,0.0,1.0,0.0,0.0
1161008,0.0,0.0,0.0,0.0,0.0,0.0,0.0
1163810,0.0,0.0,0.0,0.0,0.0,1.0,0.0
1164310,0.0,0.0,0.0,0.0,0.0,0.0,0.0
1167323,0.0,0.0,0.0,0.0,0.0,1.0,0.0
1167823,0.0,0.0,0.0,0.0,0.0,0.0,0.0
1168361,0.0,0.0,0.0,0.0,0.0,1.0,0.0
1168861,0.0,0.0,0.0,0.0,0.0,0.0,0.0
1169743,0.0,0.0,0.0,0.0,0.0,1.0,0.0
1170243,0.0,0.0,0.0,0.0,0.0,0.0,0.0
1171442,0.0,0.0,0.0,0.0,0.0,1.0,0.0
1171942,0.0,0.0,0.0,0.0,0.0,0.0,0.0
1172128,0.0,0.0,0.0,0.0,0.0,1.0,0.0
1172628,0.0,0.0,0.0,0.0,0.0,0.0,0.0
1176639,0.0,0.0,0.0,0.0,0.0,1.0,0.0
1177139,0.0,0.0,0.0,0.0,0.0,0.0,0.0
1178134,0.0,0.0,0.0,0.0,0.0,1.0,0.0
1178634,0.0,0.0,0.0,0.0,0.0,0.0,0.0
1179692,0.0,0.0,0.0,0.0,0.0,1.0,0.0
1179700,0.0,0.0,0.0,0.0,0.0,2.0,0.0
1180200,0.0,0.0,0.0,0.0,0.0,0.0,0.0
1185056,0.0,0.0,0.0,0.0,0.0,1.0,0.0
1185556,0.0,0.0,0.0,0.0,0.0,0.0,0.0
1185794,0.0,0.0,0.0,0.0,0.0,1.0,0.0
1186294,0.0,0.0,0.0,0.0,0.0,0.0,0.0
1188710,0.0,0.0,0.0,0.0,0.0,1.0,0.0
1188714,0.0,0.0,0.0,0.0,0.0,2.0,0.0
1189214,0.0,0.0,0.0,0.0,0.0,0.0,0.0
1195190,0.0,0.0,0.0,0.0,0.0,1.0,0.0
1195690,0.0,0.0,0.0,0.0,0.0,0.0,0.0
1196892,0.0,0.0,0.0,0.0,0.0,1.0,0.0
1197392,0.0,0.0,0.0,0.0,0.0,0.0,0.0
1199225,0.0,0.0,0.0,0.0,0.0,1.0,0.0
1199725,0.0,0.0,0.0,0.0,0.0,0.0,0.0
1200000,0.0,0.0,0.0,0.0,0.0,0.0,1.0
1200259,0.0,0.0,0.0,0.0,0.0,1.0,1.0
1200474,0.0,0.0,0.0,0.0,1.0,1.0,1.0
1200498,0.0,2.0,0.0,0.0,1.0,1.0,1.0
1200500,0.0,2.0,0.0,0.0,1.0,1.0,0.0
1200619,0.0,2.0,0.0,0.0,2.0,1.0,0.0
1200759,0.0,2.0,0.0,0.0,2.0,0.0,0.0
1200998,0.0,0.0,0.0,0.0,2.0,0.0,0.0
1201119,0.0,0.0,0.0,0.0,0.0,0.0,0.0
1201215,2.0,0.0,0.0,0.0,0.0,0.0,0.0
1201257,2.0,0.0,0.0,0.0,0.0,1.0,0.0
1201264,2.0,0.0,0.0,0.0,0.0,2.0,0.0
1201715,0.0,0.0,0.0,0.0,0.0,2.0,0.0
1201759,2.0,0.0,0.0,0.0,0.0,2.0,0.0
1201764,2.0,0.0,0.0,0.0,0.0,0.0,0.0
1202259,0.0,0.0,0.0,0.0,0.0,0.0,0.0
1202489,0.0,0.0,0.0,0.0,0.0,1.0,0.0
1202495,2.0,0.0,0.0,0.0,0.0,1.0,0.0
1202989,2.0,0.0,0.0,0.0,0.0,0.0,0.0
1202995,0.0,0.0,0.0,0.0,0.0,0.0,0.0
1203539,0.0,0.0,0.0,0.0,0.0,1.0,0.0
1203871,2.0,0.0,0.0,0.0,0.0,1.0,0.0
1204039,2.0,0.0,0.0,0.0,0.0,0.0,0.0
1204371,0.0,0.0,0.0,0.0,0.0,0.0,0.0
1205295,0.0,0.0,0.0,0.0,0.0,1.0,0.0
1205795,0.0,0.0,0.0,0.0,0.0,0.0,0.0
1206946,0.0,0.0,1.0,0.0,0.0,0.0,0.0
1209028,0.0,0.0,1.0,0.0,0.0,1.0,0.0
1209528,0.0,0.0,1.0,0.0,0.0,0.0,0.0
1211156,0.0,0.0,1.0,0.0,0.0,1.0,0.0
1211656,0.0,0.0,1.0,0.0,0.0,0.0,0.0
1214168,0.0,0.0,1.0,0.0,0.0,1.0,0.0
1214668,0.0,0.0,1.0,0.0,0.0,0.0,0.0
1214760,0.0,0.0,1.0,0.0,0.0,1.0,0.0
1215260,0.0,0.0,1.0,0.0,0.0,0.0,0.0
1215725,0.0,0.0,1.0,0.0,0.0,1.0,0.0
1215727,0.0,0.0,1.0,0.0,0.0,2.0,0.0
1216227,0.0,0.0,1.0,0.0,0.0,0.0,0.0
1216762,0.0,0.0,1.0,0.0,0.0,1.0,0.0
1216903,0.0,0.0,2.0,0.0,0.0,1.0,0.0
1217262,0.0,0.0,2.0,0.0,0.0,0.0,0.0
1217403,0.0,0.0,0.0,0.0,0.0,0.0,0.0
1218950,0.0,0.0,0.0,0.0,0.0,1.0,0.0
1218957,0.0,0.0,0.0,0.0,0.0,2.0,0.0
1219314,0.0,0.0,1.0,0.0,0.0,2.0,0.0
1219457,0.0,0.0,1.0,0.0,0.0,0.0,0.0
1219814,0.0,0.0,0.0,0.0,0.0,0.0,0.0
1219824,0.0,0.0,1.0,0.0,0.0,0.0,0.0
1220324,0.0,0.0,0.0,0.0,0.0,0.0,0.0
1220351,0.0,0.0,0.0,0.0,0.0,1.0,0.0
1220851,0.0,0.0,0.0,0.0,0.0,0.0,0.0
1222176,0.0,0.0,0.0,0.0,0.0,1.0,0.0
1222183,0.0,0.0,0.0,0.0,0.0,2.0,0.0
1222683,0.0,0.0,0.0,0.0,0.0,0.0,0.0
1223543,0.0,0.0,0.0,0.0,1.0,1.0,0.0
1224043,0.0,0.0,0.0,0.0,0.0,0.0,0.0
1224629,0.0,0.0,0.0,0.0,0.0,1.0,0.0
1225129,0.0,0.0,0.0,0.0,0.0,0.0,0.0
1225729,0.0,0.0,0.0,0.0,0.0,1.0,0.0
1225742,0.0,0.0,0.0,0.0,0.0,2.0,0.0
1226242,0.0,0.0,0.0,0.0,0.0,0.0,0.0
1228092,0.0,0.0,0.0,0.0,0.0,1.0,0.0
1228592,0.0,0.0,0.0,0.0,0.0,0.0,0.0
1228650,0.0,0.0,0.0,0.0,0.0,1.0,0.0
1229150,0.0,0.0,0.0,0.0,0.0,0.0,0.0
1229517,0.0,0.0,0.0,0.0,0.0,1.0,0.0
1230017,0.0,0.0,0.0,0.0,0.0,0.0,0.0
1230077,0.0,0.0,0.0,0.0,0.0,1.0,0.0
1230079,0.0,2.0,0.0,0.0,0.0,1.0,0.0
1230087,0.0,2.0,1.0,0.0,0.0,1.0,0.0
1230088,0.0,2.0,1.0,0.0,0.0,2.0,0.0
1230579,0.0,0.0,1.0,0.0,0.0,2.0,0.0
1230587,0.0,0.0,0.0,0.0,0.0,2.0,0.0
1230588,0.0,0.0,0.0,0.0,0.0,0.0,0.0
1230832,0.0,0.0,0.0,0.0,0.0,1.0,0.0
1230900,0.0,0.0,1.0,0.0,0.0,1.0,0.0
1231332,0.0,0.0,1.0,0.0,0.0,0.0,0.0
1231400,0.0,0.0,0.0,0.0,0.0,0.0,0.0
1232131,0.0,0.0,0.0,0.0,0.0,1.0,0.0
1232631,0.0,0.0,0.0,0.0,0.0,0.0,0.0
1233304,0.0,0.0,1.0,0.0,0.0,0.0,0.0
1233804,0.0,0.0,0.0,0.0,0.0,0.0,0.0
1234052,0.0,0.0,0.0,0.0,0.0,1.0,0.0
1234552,0.0,0.0,0.0,0.0,0.0,0.0,0.0
1235472,0.0,0.0,0.0,0.0,0.0,1.0,0.0
1235559,0.0,0.0,0.0,0.0,0.0,2.0,0.0
1236059,0.0,0.0,0.0,0.0,0.0,0.0,0.0
1238015,0.0,0.0,0.0,0.0,0.0,1.0,0.0
1238515,0.0,0.0,0.0,0.0,0.0,0.0,0.0
1238910,0.0,0.0,0.0,0.0,0.0,1.0,0.0
1238935,0.0,0.0,0.0,0.0,0.0,2.0,0.0
1239435,0.0,0.0,0.0,0.0,0.0,0.0,0.0
1240177,0.0,0.0,0.0,0.0,0.0,1.0,0.0
1240462,0.0,2.0,0.0,0.0,0.0,1.0,0.0
1240677,0.0,2.0,0.0,0.0,0.0,0.0,0.0
1240962,0.0,0.0,0.0,0.0,0.0,0.0,0.0
1241273,0.0,0.0,0.0,0.0,0.0,1.0,0.0
1241286,0.0,0.0,0.0,0.0,0.0,2.0,0.0
1241786,0.0,0.0,0.0,0.0,0.0,0.0,0.0
1242428,0.0,0.0,0.0,0.0,0.0,1.0,0.0
1242928,0.0,0.0,0.0,0.0,0.0,0.0,0.0
1243929,0.0,0.0,1.0,0.0,0.0,0.0,0.0
1244800,0.0,0.0,1.0,0.0,0.0,1.0,0.0
1244803,0.0,0.0,1.0,0.0,0.0,2.0,0.0
1245303,0.0,0.0,1.0,0.0,0.0,0.0,0.0
1246807,0.0,0.0,1.0,0.0,0.0,1.0,0.0
1247307,0.0,0.0,1.0,0.0,0.0,0.0,0.0
1249256,0.0,0.0,1.0,0.0,0.0,1.0,0.0
1249756,0.0,0.0,1.0,0.0,0.0,0.0,0.0
1251947,0.0,0.0,1.0,0.0,0.0,1.0,0.0
1252447,0.0,0.0,1.0,0.0,0.0,0.0,0.0
1253234,0.0,0.0,1.0,0.0,0.0,1.0,0.0
1253238,0.0,0.0,1.0,0.0,0.0,2.0,0.0
1253738,0.0,0.0,1.0,0.0,0.0,0.0,0.0
1255697,0.0,0.0,1.0,0.0,0.0,1.0,0.0
1256197,0.0,0.0,1.0,0.0,0.0,0.0,0.0
1257456,0.0,0.0,1.0,0.0,0.0,1.0,0.0
1257956,0.0,0.0,1.0,0.0,0.0,0.0,0.0
1259429,0.0,0.0,0.0,0.0,0.0,0.0,0.0
1259652,0.0,0.0,0.0,0.0,0.0,1.0,0.0
1260152,0.0,0.0,0.0,0.0,0.0,0.0,0.0
1260227,0.0,0.0,1.0,0.0,0.0,0.0,0.0
1260231,0.0,0.0,1.0,0.0,0.0,1.0,0.0
1260731,0.0,0.0,1.0,0.0,0.0,0.0,0.0
1261140,0.0,0.0,1.0,0.0,0.0,1.0,0.0
1261640,0.0,0.0,1.0,0.0,0.0,0.0,0.0
1261737,0.0,0.0,1.0,0.0,0.0,1.0,0.0
1262237,0.0,0.0,1.0,0.0,0.0,0.0,0.0
1262693,0.0,0.0,1.0,0.0,0.0,1.0,0.0
1262727,0.0,0.0,0.0,0.0,0.0,1.0,0.0
1263046,0.0,0.0,1.0,0.0,0.0,1.0,0.0
1263193,0.0,0.0,1.0,0.0,0.0,0.0,0.0
1263373,0.0,0.0,1.0,0.0,0.0,1.0,0.0
1263546,0.0,0.0,0.0,0.0,0.0,1.0,0.0
1263553,0.0,0.0,1.0,0.0,0.0,1.0,0.0
1263737,0.0,0.0,1.0,0.0,0.0,2.0,0.0
1264053,0.0,0.0,0.0,0.0,0.0,2.0,0.0
1264119,0.0,0.0,1.0,0.0,0.0,2.0,0.0
1264237,0.0,0.0,1.0,0.0,0.0,0.0,0.0
1264362,0.0,0.0,1.0,0.0,0.0,1.0,0.0
1264862,0.0,0.0,1.0,0.0,0.0,0.0,0.0
1265561,0.0,0.0,1.0,0.0,0.0,1.0,0.0
1266061,0.0,0.0,1.0,0.0,0.0,0.0,0.0
1266248,0.0,0.0,1.0,0.0,0.0,1.0,0.0
1266748,0.0,0.0,1.0,0.0,0.0,0.0,0.0
1266913,0.0,0.0,1.0,0.0,0.0,1.0,0.0
1267413,0.0,0.0,1.0,0.0,0.0,0.0,0.0
1268402,0.0,0.0,1.0,0.0,0.0,1.0,0.0
1268902,0.0,0.0,1.0,0.0,0.0,0.0,0.0
1269669,0.0,0.0,1.0,0.0,0.0,1.0,0.0
1270169,0.0,0.0,1.0,0.0,0.0,0.0,0.0
1271119,0.0,0.0,0.0,0.0,0.0,0.0,0.0
1271131,0.0,0.0,1.0,0.0,0.0,0.0,0.0
1271631,0.0,0.0,0.0,0.0,0.0,0.0,0.0
1272900,0.0,0.0,0.0,0.0,0.0,1.0,0.0
1273400,0.0,0.0,0.0,0.0,0.0,0.0,0.0
1273644,0.0,0.0,0.0,0.0,0.0,1.0,0.0
1274144,0.0,0.0,0.0,0.0,0.0,0.0,0.0
1274458,0.0,0.0,0.0,0.0,0.0,1.0,0.0
1274474,0.0,0.0,0.0,0.0,0.0,2.0,0.0
1274974,0.0,0.0,0.0,0.0,0.0,0.0,0.0
1275223,0.0,0.0,1.0,0.0,0.0,0.0,0.0
1276223,0.0,0.0,0.0,0.0,0.0,0.0,0.0
1276400,0.0,0.0,1.0,0.0,0.0,0.0,0.0
1277433,0.0,0.0,1.0,0.0,0.0,1.0,0.0
1277933,0.0,0.0,1.0,0.0,0.0,0.0,0.0
1279400,0.0,0.0,0.0,0.0,0.0,0.0,0.0
1279685,0.0,0.0,1.0,0.0,0.0,0.0,0.0
1280185,0.0,0.0,0.0,0.0,0.0,0.0,0.0
1280193,0.0,0.0,1.0,0.0,0.0,0.0,0.0
1280288,0.0,0.0,1.0,0.0,0.0,1.0,0.0
1280788,0.0,0.0,1.0,0.0,0.0,0.0,0.0
1281403,0.0,0.0,1.0,0.0,0.0,1.0,0.0
1281478,0.0,0.0,1.0,0.0,0.0,2.0,0.0
1281978,0.0,0.0,1.0,0.0,0.0,0.0,0.0
1282193,0.0,0.0,0.0,0.0,0.0,0.0,0.0
1283675,0.0,0.0,0.0,0.0,0.0,1.0,0.0
1283682,0.0,0.0,0.0,0.0,0.0,2.0,0.0
1283692,0.0,0.0,0.0,0.0,1.0,2.0,0.0
1284182,0.0,0.0,0.0,0.0,1.0,0.0,0.0
1284192,0.0,0.0,0.0,0.0,0.0,0.0,0.0
1284468,0.0,0.0,0.0,0.0,0.0,1.0,0.0
1284968,0.0,0.0,0.0,0.0,0.0,0.0,0.0
1285272,0.0,0.0,0.0,0.0,0.0,1.0,0.0
1285339,0.0,0.0,0.0,0.0,0.0,2.0,0.0
1285839,0.0,0.0,0.0,0.0,0.0,0.0,0.0
1286220,0.0,0.0,0.0,0.0,0.0,1.0,0.0
1286720,0.0,0.0,0.0,0.0,0.0,0.0,0.0
1286796,0.0,0.0,0.0,0.0,0.0,1.0,0.0
1287296,0.0,0.0,0.0,0.0,0.0,0.0,0.0
1287611,0.0,0.0,0.0,0.0,0.0,1.0,0.0
1287612,0.0,0.0,0.0,0.0,0.0,2.0,0.0
1288112,0.0,0.0,0.0,0.0,0.0,0.0,0.0
1289724,0.0,0.0,0.0,0.0,0.0,1.0,0.0
1289726,0.0,0.0,0.0,0.0,0.0,2.0,0.0
1290226,0.0,0.0,0.0,0.0,0.0,0.0,0.0
1290309,0.0,0.0,0.0,0.0,0.0,1.0,0.0
1290809,0.0,0.0,0.0,0.0,0.0,0.0,0.0
1293416,0.0,0.0,0.0,0.0,0.0,1.0,0.0
1293446,0.0,0.0,0.0,0.0,0.0,2.0,0.0
1293946,0.0,0.0,0.0,0.0,0.0,0.0,0.0
1295661,0.0,0.0,0.0,0.0,0.0,1.0,0.0
1296161,0.0,0.0,0.0,0.0,0.0,0.0,0.0
1297504,0.0,0.0,0.0,0.0,0.0,1.0,0.0
1298004,0.0,0.0,0.0,0.0,0.0,0.0,0.0
1298274,0.0,0.0,0.0,0.0,0.0,1.0,0.0
1298774,0.0,0.0,0.0,0.0,0.0,0.0,0.0
1299126,0.0,0.0,0.0,0.0,0.0,1.0,0.0
1299626,0.0,0.0,0.0,0.0,0.0,0.0,0.0
1300637,0.0,0.0,0.0,0.0,0.0,1.0,0.0
1301137,0.0,0.0,0.0,0.0,0.0,0.0,0.0
1304585,0.0,0.0,0.0,0.0,0.0,1.0,0.0
1305085,0.0,0.0,0.0,0.0,0.0,0.0,0.0
1305191,0.0,0.0,0.0,0.0,0.0,1.0,0.0
1305691,0.0,0.0,0.0,0.0,0.0,0.0,0.0
1305944,0.0,0.0,0.0,0.0,1.0,0.0,0.0
1306444,0.0,0.0,0.0,0.0,0.0,0.0,0.0
1314089,0.0,0.0,0.0,0.0,0.0,1.0,0.0
1314589,0.0,0.0,0.0,0.0,0.0,0.0,0.0
1318002,0.0,0.0,0.0,0.0,0.0,1.0,0.0
1318502,0.0,0.0,0.0,0.0,0.0,0.0,0.0
1318974,0.0,0.0,0.0,0.0,0.0,1.0,0.0
1319474,0.0,0.0,0.0,0.0,0.0,0.0,0.0
1320148,0.0,0.0,0.0,0.0,0.0,1.0,0.0
1320648,0.0,0.0,0.0,0.0,0.0,0.0,0.0
1321671,0.0,0.0,0.0,0.0,0.0,1.0,0.0
1322171,0.0,0.0,0.0,0.0,0.0,0.0,0.0
1324793,0.0,0.0,0.0,0.0,0.0,1.0,0.0
1325293,0.0,0.0,0.0,0.0,0.0,0.0,0.0
1326007,0.0,0.0,0.0,0.0,0.0,1.0,0.0
1326009,0.0,0.0,0.0,0.0,0.0,2.0,0.0
1326509,0.0,0.0,0.0,0.0,0.0,0.0,0.0
1329810,0.0,0.0,0.0,0.0,0.0,1.0,0.0
1330128,0.0,0.0,0.0,0.0,0.0,2.0,0.0
1330628,0.0,0.0,0.0,0.0,0.0,0.0,0.0
1333206,0.0,0.0,0.0,0.0,0.0,1.0,0.0
1333706,0.0,0.0,0.0,0.0,0.0,0.0,0.0
1334966,0.0,0.0,0.0,0.0,0.0,1.0,0.0
1334968,0.0,0.0,0.0,0.0,0.0,2.0,0.0
1335468,0.0,0.0,0.0,0.0,0.0,0.0,0.0
1335831,0.0,0.0,0.0,0.0,0.0,1.0,0.0
1336331,0.0,0.0,0.0,0.0,0.0,0.0,0.0
1338066,0.0,0.0,0.0,0.0,0.0,1.0,0.0
1338566,0.0,0.0,0.0,0.0,0.0,0.0,0.0
1340703,0.0,0.0,0.0,0.0,0.0,1.0,0.0
1341203,0.0,0.0,0.0,0.0,0.0,0.0,0.0
1342833,0.0,0.0,0.0,0.0,0.0,1.0,0.0
1342838,0.0,0.0,0.0,0.0,0.0,2.0,0.0
1343338,0.0,0.0,0.0,0.0,0.0,0.0,0.0
1343636,0.0,0.0,0.0,0.0,0.0,1.0,0.0
1344136,0.0,0.0,0.0,0.0,0.0,0.0,0.0
1352665,0.0,0.0,0.0,0.0,0.0,1.0,0.0
1353165,0.0,0.0,0.0,0.0,0.0,0.0,0.0
1356240,0.0,0.0,0.0,0.0,0.0,1.0,0.0
1356740,0.0,0.0,0.0,0.0,0.0,0.0,0.0
1358571,0.0,0.0,0.0,0.0,0.0,1.0,0.0
1359071,0.0,0.0,0.0,0.0,0.0,0.0,0.0
1360229,0.0,0.0,0.0,0.0,0.0,1.0,0.0
1360729,0.0,0.0,0.0,0.0,0.0,0.0,0.0
1362200,0.0,0.0,0.0,0.0,0.0,1.0,0.0
1362572,0.0,0.0,0.0,0.0,1.0,1.0,0.0
1362576,0.0,0.0,0.0,0.0,2.0,1.0,0.0
1362700,0.0,0.0,0.0,0.0,2.0,0.0,0.0
1363076,0.0,0.0,0.0,0.0,0.0,0.0,0.0
1363399,0.0,0.0,0.0,0.0,0.0,1.0,0.0
1363899,0.0,0.0,0.0,0.0,0.0,0.0,0.0
1364205,0.0,0.0,0.0,0.0,1.0,0.0,0.0
1364583,0.0,0.0,0.0,0.0,1.0,1.0,0.0
1364705,0.0,0.0,0.0,0.0,0.0,1.0,0.0
1365083,0.0,0.0,0.0,0.0,0.0,0.0,0.0
1366336,0.0,0.0,0.0,0.0,0.0,1.0,0.0
1366836,0.0,0.0,0.0,0.0,0.0,0.0,0.0
1367908,0.0,0.0,0.0,0.0,0.0,1.0,0.0
1367909,0.0,0.0,0.0,0.0,0.0,2.0,0.0
1368409,0.0,0.0,0.0,0.0,0.0,0.0,0.0
1368469,0.0,0.0,0.0,0.0,1.0,0.0,0.0
1368969,0.0,0.0,0.0,0.0,0.0,0.0,0.0
1371922,0.0,0.0,0.0,0.0,1.0,0.0,0.0
1371940,0.0,0.0,0.0,0.0,1.0,1.0,0.0
1372422,0.0,0.0,0.0,0.0,0.0,1.0,0.0
1372440,0.0,0.0,0.0,0.0,0.0,0.0,0.0
1373194,0.0,0.0,0.0,0.0,0.0,1.0,0.0
1373694,0.0,0.0,0.0,0.0,0.0,0.0,0.0
1376051,0.0,0.0,0.0,0.0,0.0,1.0,0.0
1376056,0.0,0.0,0.0,0.0,0.0,2.0,0.0
1376556,0.0,0.0,0.0,0.0,0.0,0.0,0.0
1378762,0.0,0.0,0.0,0.0,0.0,1.0,0.0
1379262,0.0,0.0,0.0,0.0,0.0,0.0,0.0
1385032,0.0,0.0,0.0,0.0,0.0,1.0,0.0
1385035,0.0,0.0,0.0,0.0,1.0,2.0,0.0
1385042,0.0,0.0,0.0,0.0,2.0,2.0,0.0
1385535,0.0,0.0,0.0,0.0,2.0,0.0,0.0
1385542,0.0,0.0,0.0,0.0,0.0,0.0,0.0
1386631,0.0,0.0,0.0,0.0,0.0,1.0,0.0
1386633,0.0,0.0,0.0,0.0,0.0,2.0,0.0
1387133,0.0,0.0,0.0,0.0,0.0,0.0,0.0
1387553,0.0,0.0,0.0,0.0,1.0,0.0,0.0
1388053,0.0,0.0,0.0,0.0,0.0,0.0,0.0
1388545,0.0,0.0,0.0,0.0,0.0,1.0,0.0
1389045,0.0,0.0,0.0,0.0,0.0,0.0,0.0
1391617,0.0,0.0,0.0,0.0,0.0,1.0,0.0
1392117,0.0,0.0,0.0,0.0,0.0,0.0,0.0
1396801,0.0,0.0,0.0,0.0,0.0,1.0,0.0
1397301,0.0,0.0,0.0,0.0,0.0,0.0,0.0
1397302,0.0,0.0,0.0,0.0,0.0,1.0,0.0
1397802,0.0,0.0,0.0,0.0,0.0,0.0,0.0
1398047,0.0,0.0,0.0,0.0,0.0,1.0,0.0
1398049,0.0,0.0,0.0,0.0,0.0,2.0,0.0
1398549,0.0,0.0,0.0,0.0,0.0,0.0,0.0
1400000,0.0,0.0,0.0,0.0,0.0,0.0,1.0
1400500,0.0,0.0,0.0,0.0,0.0,0.0,0.0
1400997,0.0,0.0,0.0,0.0,0.0,1.0,0.0
1401497,0.0,0.0,0.0,0.0,0.0,0.0,0.0
1401738,0.0,0.0,0.0,0.0,1.0,1.0,0.0
1401740,0.0,0.0,0.0,0.0,1.0,2.0,0.0
1401759,2.0,0.0,0.0,0.0,1.0,2.0,0.0
1401768,2.0,2.0,0.0,0.0,1.0,2.0,0.0
1402095,2.0,2.0,0.0,0.0,2.0,2.0,0.0
1402240,2.0,2.0,0.0,0.0,2.0,0.0,0.0
1402259,0.0,2.0,0.0,0.0,2.0,0.0,0.0
1402268,0.0,0.0,0.0,0.0,2.0,0.0,0.0
1402595,0.0,0.0,0.0,0.0,0.0,0.0,0.0
1402943,2.0,0.0,0.0,0.0,0.0,0.0,0.0
1403443,0.0,0.0,0.0,0.0,0.0,0.0,0.0
1404028,0.0,0.0,0.0,0.0,0.0,1.0,0.0
1404528,0.0,0.0,0.0,0.0,0.0,0.0,0.0
1405055,0.0,0.0,0.0,0.0,0.0,1.0,0.0
1405183,2.0,0.0,0.0,0.0,0.0,1.0,0.0
1405472,2.0,0.0,1.0,0.0,0.0,1.0,0.0
1405555,2.0,0.0,1.0,0.0,0.0,0.0,0.0
1405683,0.0,0.0,1.0,0.0,0.0,0.0,0.0
1405869,0.0,0.0,1.0,0.0,0.0,1.0,0.0
1406369,0.0,0.0,1.0,0.0,0.0,0.0,0.0
1406472,0.0,0.0,0.0,0.0,0.0,0.0,0.0
1406485,0.0,0.0,1.0,0.0,0.0,0.0,0.0
1406735,0.0,0.0,1.0,0.0,0.0,1.0,0.0
1407235,0.0,0.0,1.0,0.0,0.0,0.0,0.0
1410793,0.0,0.0,1.0,0.0,0.0,1.0,0.0
1411293,0.0,0.0,1.0,0.0,0.0,0.0,0.0
1411305,0.0,0.0,1.0,0.0,0.0,1.0,0.0
1411316,0.0,0.0,1.0,0.0,0.0,2.0,0.0
1411816,0.0,0.0,1.0,0.0,0.0,0.0,0.0
1413193,0.0,0.0,2.0,0.0,0.0,0.0,0.0
1413501,0.0,0.0,2.0,0.0,0.0,1.0,0.0
1413693,0.0,0.0,0.0,0.0,0.0,1.0,0.0
1414001,0.0,0.0,0.0,0.0,0.0,0.0,0.0
1416189,0.0,0.0,0.0,0.0,0.0,1.0,0.0
1416447,0.0,0.0,1.0,0.0,0.0,1.0,0.0
1416689,0.0,0.0,1.0,0.0,0.0,0.0,0.0
1416889,0.0,0.0,1.0,0.0,0.0,1.0,0.0
1417389,0.0,0.0,1.0,0.0,0.0,0.0,0.0
1417447,0.0,0.0,0.0,0.0,0.0,0.0,0.0
1417738,0.0,0.0,1.0,0.0,0.0,0.0,0.0
1418728,0.0,0.0,1.0,0.0,0.0,1.0,0.0
1418738,0.0,0.0,0.0,0.0,0.0,1.0,0.0
1419228,0.0,0.0,0.0,0.0,0.0,0.0,0.0
1419461,0.0,0.0,0.0,0.0,0.0,1.0,0.0
1419961,0.0,0.0,0.0,0.0,0.0,0.0,0.0
1419972,0.0,0.0,0.0,0.0,0.0,1.0,0.0
1420122,0.0,0.0,1.0,0.0,0.0,1.0,0.0
1420472,0.0,0.0,1.0,0.0,0.0,0.0,0.0
1420613,0.0,0.0,1.0,0.0,0.0,1.0,0.0
1420622,0.0,0.0,0.0,0.0,0.0,1.0,0.0
1421113,0.0,0.0,0.0,0.0,0.0,0.0,0.0
1421645,0.0,0.0,0.0,0.0,0.0,1.0,0.0
1422145,0.0,0.0,0.0,0.0,0.0,0.0,0.0
1422151,0.0,0.0,0.0,0.0,0.0,1.0,0.0
1422651,0.0,0.0,0.0,0.0,0.0,0.0,0.0
1423112,0.0,0.0,0.0,0.0,0.0,1.0,0.0
1423118,0.0,0.0,0.0,0.0,1.0,1.0,0.0
1423121,0.0,0.0,0.0,0.0,1.0,2.0,0.0
1423618,0.0,0.0,0.0,0.0,0.0,2.0,0.0
1423621,0.0,0.0,0.0,0.0,0.0,0.0,0.0
1423632,0.0,0.0,0.0,0.0,0.0,1.0,0.0
1424132,0.0,0.0,0.0,0.0,0.0,0.0,0.0
1424495,0.0,0.0,0.0,0.0,0.0,1.0,0.0
1424995,0.0,0.0,0.0,0.0,0.0,0.0,0.0
1425730,0.0,0.0,0.0,0.0,1.0,0.0,0.0
1425731,0.0,0.0,0.0,0.0,2.0,0.0,0.0
1426231,0.0,0.0,0.0,0.0,0.0,0.0,0.0
1426841,0.0,0.0,0.0,0.0,0.0,1.0,0.0
1427341,0.0,0.0,0.0,0.0,0.0,0.0,0.0
1427473,0.0,0.0,0.0,0.0,0.0,1.0,0.0
1427973,0.0,0.0,0.0,0.0,0.0,0.0,0.0
1429603,0.0,0.0,0.0,0.0,0.0,1.0,0.0
1430103,0.0,0.0,0.0,0.0,0.0,0.0,0.0
1431130,0.0,0.0,0.0,0.0,0.0,1.0,0.0
1431630,0.0,0.0,0.0,0.0,0.0,0.0,0.0
1432782,0.0,0.0,0.0,0.0,0.0,1.0,0.0
1433068,0.0,0.0,0.0,0.0,1.0,1.0,0.0
1433282,0.0,0.0,0.0,0.0,1.0,0.0,0.0
1433568,0.0,0.0,0.0,0.0,0.0,0.0,0.0
1435249,0.0,0.0,0.0,0.0,0.0,1.0,0.0
1435575,0.0,0.0,0.0,0.0,0.0,2.0,0.0
1436075,0.0,0.0,0.0,0.0,0.0,1.0,0.0
1436575,0.0,0.0,0.0,0.0,0.0,0.0,0.0
1436679,0.0,0.0,0.0,0.0,0.0,1.0,0.0
1436695,0.0,2.0,0.0,0.0,0.0,1.0,0.0
1437179,0.0,2.0,0.0,0.0,0.0,0.0,0.0
1437195,0.0,0.0,0.0,0.0,0.0,0.0,0.0
1439029,0.0,0.0,0.0,0.0,0.0,1.0,0.0
1439529,0.0,0.0,0.0,0.0,0.0,0.0,0.0
1439837,0.0,0.0,0.0,0.0,0.0,1.0,0.0
1439839,0.0,0.0,0.0,0.0,0.0,2.0,0.0
1440137,0.0,2.0,0.0,0.0,0.0,2.0,0.0
1440339,0.0,2.0,0.0,0.0,0.0,0.0,0.0
1440611,0.0,2.0,0.0,0.0,0.0,1.0,0.0
1440637,0.0,0.0,0.0,0.0,0.0,1.0,0.0
1441111,0.0,0.0,0.0,0.0,0.0,0.0,0.0
1443003,0.0,0.0,0.0,0.0,0.0,1.0,0.0
1443005,0.0,0.0,0.0,0.0,0.0,2.0,0.0
1443505,0.0,0.0,0.0,0.0,0.0,0.0,0.0
1444757,0.0,0.0,0.0,0.0,0.0,1.0,0.0
1445257,0.0,0.0,0.0,0.0,0.0,0.0,0.0
1446127,0.0,0.0,0.0,0.0,0.0,1.0,0.0
1446627,0.0,0.0,0.0,0.0,0.0,0.0,0.0
1447007,0.0,0.0,0.0,0.0,0.0,1.0,0.0
1447507,0.0,0.0,0.0,0.0,0.0,0.0,0.0
1449680,0.0,0.0,0.0,0.0,0.0,1.0,0.0
1450180,0.0,0.0,0.0,0.0,0.0,0.0,0.0
1452384,0.0,0.0,0.0,0.0,0.0,1.0,0.0
1452884,0.0,0.0,0.0,0.0,0.0,0.0,0.0
1453423,0.0,0.0,0.0,0.0,0.0,1.0,0.0
1453433,0.0,0.0,0.0,0.0,0.0,2.0,0.0
1453933,0.0,0.0,0.0,0.0,0.0,0.0,0.0
1454992,0.0,0.0,0.0,0.0,0.0,1.0,0.0
1455492,0.0,0.0,0.0,0.0,0.0,0.0,0.0
1456016,0.0,0.0,0.0,0.0,0.0,1.0,0.0
1456073,0.0,0.0,0.0,0.0,0.0,2.0,0.0
1456573,0.0,0.0,0.0,0.0,0.0,0.0,0.0
1456678,0.0,0.0,0.0,0.0,0.0,1.0,0.0
1457178,0.0,0.0,0.0,0.0,0.0,0.0,0.0
1457951,0.0,0.0,0.0,0.0,0.0,1.0,0.0
1457952,0.0,0.0,0.0,0.0,1.0,1.0,0.0
1457956,0.0,0.0,0.0,0.0,1.0,2.0,0.0
1457959,0.0,0.0,0.0,0.0,2.0,2.0,0.0
1458456,0.0,0.0,0.0,0.0,2.0,0.0,0.0
1458459,0.0,0.0,0.0,0.0,0.0,0.0,0.0
1458519,0.0,0.0,0.0,0.0,0.0,1.0,0.0
1458520,0.0,0.0,0.0,0.0,0.0,2.0,0.0
1459020,0.0,0.0,0.0,0.0,0.0,0.0,0.0
1459530,0.0,0.0,0.0,0.0,0.0,1.0,0.0
1460030,0.0,0.0,0.0,0.0,0.0,0.0,0.0
1460487,0.0,0.0,0.0,0.0,0.0,1.0,0.0
1460987,0.0,0.0,0.0,0.0,0.0,0.0,0.0
1461374,0.0,0.0,0.0,0.0,0.0,1.0,0.0
1461835,0.0,0.0,0.0,0.0,0.0,2.0,0.0
1462335,0.0,0.0,0.0,0.0,0.0,0.0,0.0
1464471,0.0,0.0,0.0,0.0,0.0,1.0,0.0
1464971,0.0,0.0,0.0,0.0,0.0,0.0,0.0
1465601,0.0,0.0,0.0,0.0,0.0,1.0,0.0
1466101,0.0,0.0,0.0,0.0,0.0,0.0,0.0
1467198,0.0,0.0,0.0,0.0,0.0,1.0,0.0
1467698,0.0,0.0,0.0,0.0,0.0,0.0,0.0
1468646,0.0,0.0,0.0,0.0,0.0,1.0,0.0
1469146,0.0,0.0,0.0,0.0,0.0,0.0,0.0
1469528,0.0,0.0,0.0,0.0,0.0,1.0,0.0
1469653,0.0,0.0,0.0,0.0,0.0,2.0,0.0
1470072,0.0,0.0,0.0,0.0,1.0,2.0,0.0
1470153,0.0,0.0,0.0,0.0,1.0,0.0,0.0
1470160,0.0,0.0,0.0,0.0,1.0,1.0,0.0
1470572,0.0,0.0,0.0,0.0,0.0,1.0,0.0
1470660,0.0,0.0,0.0,0.0,0.0,0.0,0.0
1470735,0.0,0.0,0.0,0.0,0.0,1.0,0.0
1471235,0.0,0.0,0.0,0.0,0.0,0.0,0.0
1472078,0.0,0.0,0.0,0.0,0.0,1.0,0.0
1472578,0.0,0.0,0.0,0.0,0.0,0.0,0.0
1472880,0.0,0.0,0.0,0.0,0.0,1.0,0.0
1473380,0.0,0.0,0.0,0.0,0.0,0.0,0.0
1474674,0.0,0.0,0.0,0.0,0.0,1.0,0.0
1475174,0.0,0.0,0.0,0.0,0.0,0.0,0.0
1475509,0.0,0.0,0.0,0.0,0.0,1.0,0.0
1476009,0.0,0.0,0.0,0.0,0.0,0.0,0.0
1476470,0.0,0.0,0.0,0.0,0.0,1.0,0.0
1476499,0.0,0.0,0.0,0.0,0.0,2.0,0.0
1476999,0.0,0.0,0.0,0.0,0.0,0.0,0.0
1477186,0.0,0.0,0.0,0.0,0.0,1.0,0.0
1477686,0.0,0.0,0.0,0.0,0.0,0.0,0.0
1480224,0.0,0.0,0.0,0.0,0.0,1.0,0.0
1480724,0.0,0.0,0.0,0.0,0.0,0.0,0.0
1481504,0.0,0.0,0.0,0.0,0.0,1.0,0.0
1482004,0.0,0.0,0.0,0.0,0.0,0.0,0.0
1482884,0.0,0.0,0.0,0.0,1.0,0.0,0.0
1483046,0.0,0.0,0.0,0.0,1.0,1.0,0.0
1483384,0.0,0.0,0.0,0.0,0.0,1.0,0.0
1483546,0.0,0.0,0.0,0.0,0.0,0.0,0.0
1484377,0.0,0.0,0.0,0.0,0.0,1.0,0.0
1484877,0.0,0.0,0.0,0.0,0.0,0.0,0.0
1485867,0.0,0.0,0.0,0.0,0.0,1.0,0.0
1486367,0.0,0.0,0.0,0.0,0.0,0.0,0.0
1486970,0.0,0.0,0.0,0.0,0.0,1.0,0.0
1487470,0.0,0.0,0.0,0.0,0.0,0.0,0.0
1488460,0.0,0.0,0.0,0.0,0.0,1.0,0.0
1488911,0.0,0.0,0.0,0.0,0.0,2.0,0.0
1489411,0.0,0.0,0.0,0.0,0.0,0.0,0.0
1489595,0.0,0.0,0.0,0.0,0.0,1.0,0.0
1490095,0.0,0.0,0.0,0.0,0.0,0.0,0.0
1490383,0.0,0.0,0.0,0.0,0.0,1.0,0.0
1490883,0.0,0.0,0.0,0.0,0.0,0.0,0.0
1491091,0.0,0.0,0.0,0.0,0.0,1.0,0.0
1491095,0.0,0.0,0.0,0.0,0.0,2.0,0.0
1491595,0.0,0.0,0.0,0.0,0.0,0.0,0.0
1491666,0.0,2.0,0.0,0.0,0.0,0.0,0.0
1492166,0.0,0.0,0.0,0.0,0.0,0.0,0.0
1492681,0.0,0.0,0.0,0.0,0.0,1.0,0.0
1493038,0.0,0.0,0.0,0.0,0.0,2.0,0.0
1493538,0.0,0.0,0.0,0.0,0.0,0.0,0.0
1493600,0.0,0.0,0.0,0.0,0.0,1.0,0.0
1494100,0.0,0.0,0.0,0.0,0.0,0.0,0.0
1494987,0.0,0.0,0.0,0.0,0.0,1.0,0.0
1495487,0.0,0.0,0.0,0.0,0.0,0.0,0.0
1495500,0.0,0.0,0.0,0.0,0.0,1.0,0.0
1496000,0.0,0.0,0.0,0.0,0.0,0.0,0.0
1496271,0.0,0.0,0.0,0.0,0.0,1.0,0.0
1496771,0.0,0.0,0.0,0.0,0.0,0.0,0.0
1497279,0.0,0.0,0.0,0.0,0.0,1.0,0.0
1497779,0.0,0.0,0.0,0.0,0.0,0.0,0.0
1498823,0.0,0.0,0.0,0.0,0.0,1.0,0.0
1498830,0.0,0.0,0.0,0.0,0.0,2.0,0.0
1499330,0.0,0.0,0.0,0.0,0.0,0.0,0.0
1499723,0.0,0.0,0.0,0.0,0.0,1.0,0.0
1500223,0.0,0.0,0.0,0.0,0.0,0.0,0.0
1502584,0.0,0.0,0.0,0.0,0.0,1.0,0.0
1503084,0.0,0.0,0.0,0.0,0.0,0.0,0.0
1503588,0.0,0.0,0.0,0.0,0.0,1.0,0.0
1504088,0.0,0.0,0.0,0.0,0.0,0.0,0.0
1517052,0.0,0.0,0.0,0.0,0.0,1.0,0.0
1517552,0.0,0.0,0.0,0.0,0.0,0.0,0.0
1517661,0.0,0.0,0.0,0.0,0.0,1.0,0.0
1518161,0.0,0.0,0.0,0.0,0.0,0.0,0.0
1518754,0.0,0.0,0.0,0.0,0.0,1.0,0.0
1519219,0.0,0.0,0.0,0.0,1.0,1.0,0.0
1519254,0.0,0.0,0.0,0.0,1.0,0.0,0.0
1519719,0.0,0.0,0.0,0.0,0.0,0.0,0.0
1520293,0.0,0.0,0.0,0.0,0.0,1.0,0.0
1520793,0.0,0.0,0.0,0.0,0.0,0.0,0.0
1522329,0.0,0.0,0.0,0.0,0.0,1.0,0.0
1522829,0.0,0.0,0.0,0.0,0.0,0.0,0.0
1526515,0.0,0.0,0.0,0.0,0.0,1.0,0.0
1527015,0.0,0.0,0.0,0.0,0.0,0.0,0.0
1529513,0.0,0.0,0.0,0.0,0.0,1.0,0.0
1529516,0.0,0.0,0.0,0.0,1.0,1.0,0.0
1530013,0.0,0.0,0.0,0.0,1.0,0.0,0.0
1530016,0.0,0.0,0.0,0.0,0.0,0.0,0.0
1530947,0.0,0.0,0.0,0.0,0.0,1.0,0.0
1531040,0.0,0.0,0.0,0.0,0.0,2.0,0.0
1531540,0.0,0.0,0.0,0.0,0.0,0.0,0.0
1533468,0.0,0.0,0.0,0.0,1.0,0.0,0.0
1533968,0.0,0.0,0.0,0.0,0.0,0.0,0.0
1534071,0.0,0.0,0.0,0.0,0.0,1.0,0.0
1534571,0.0,0.0,0.0,0.0,0.0,0.0,0.0
1536967,0.0,0.0,0.0,0.0,0.0,1.0,0.0
1537467,0.0,0.0,0.0,0.0,0.0,0.0,0.0
1539043,0.0,0.0,0.0,0.0,0.0,1.0,0.0
1539543,0.0,0.0,0.0,0.0,0.0,0.0,0.0
1540716,0.0,0.0,0.0,0.0,0.0,1.0,0.0
1541216,0.0,0.0,0.0,0.0,0.0,0.0,0.0
1541363,0.0,0.0,0.0,0.0,0.0,1.0,0.0
1541863,0.0,0.0,0.0,0.0,0.0,0.0,0.0
1549547,0.0,0.0,0.0,0.0,0.0,1.0,0.0
1550047,0.0,0.0,0.0,0.0,0.0,0.0,0.0
1550675,0.0,0.0,0.0,0.0,0.0,1.0,0.0
1550677,0.0,0.0,0.0,0.0,0.0,2.0,0.0
1551177,0.0,0.0,0.0,0.0,0.0,0.0,0.0
1551475,0.0,0.0,0.0,0.0,0.0,1.0,0.0
1551479,0.0,0.0,0.0,0.0,0.0,2.0,0.0
1551979,0.0,0.0,0.0,0.0,0.0,0.0,0.0
1552648,0.0,0.0,0.0,0.0,0.0,1.0,0.0
1553148,0.0,0.0,0.0,0.0,0.0,0.0,0.0
1554752,0.0,0.0,0.0,0.0,0.0,1.0,0.0
1554754,0.0,0.0,0.0,0.0,0.0,2.0,0.0
1555254,0.0,0.0,0.0,0.0,0.0,0.0,0.0
1556328,0.0,0.0,0.0,0.0,0.0,1.0,0.0
1556828,0.0,0.0,0.0,0.0,0.0,0.0,0.0
1560838,0.0,0.0,0.0,0.0,0.0,1.0,0.0
1561338,0.0,0.0,0.0,0.0,0.0,0.0,0.0
1562144,0.0,0.0,0.0,0.0,0.0,1.0,0.0
1562644,0.0,0.0,0.0,0.0,0.0,0.0,0.0
1565412,0.0,0.0,0.0,0.0,0.0,1.0,0.0
1565547,0.0,0.0,0.0,0.0,0.0,2.0,0.0
1566047,0.0,0.0,0.0,0.0,0.0,0.0,0.0
1566322,0.0,0.0,0.0,0.0,0.0,1.0,0.0
1566822,0.0,0.0,0.0,0.0,0.0,0.0,0.0
1571034,0.0,0.0,0.0,0.0,0.0,1.0,0.0
1571534,0.0,0.0,0.0,0.0,0.0,0.0,0.0
1574397,0.0,0.0,0.0,0.0,0.0,1.0,0.0
1574897,0.0,0.0,0.0,0.0,0.0,0.0,0.0
1575036,0.0,0.0,0.0,0.0,0.0,1.0,0.0
1575536,0.0,0.0,0.0,0.0,0.0,0.0,0.0
1576052,0.0,0.0,0.0,0.0,0.0,1.0,0.0
1576552,0.0,0.0,0.0,0.0,0.0,0.0,0.0
1579364,0.0,0.0,0.0,0.0,0.0,1.0,0.0
1579864,0.0,0.0,0.0,0.0,0.0,0.0,0.0
1582689,0.0,0.0,0.0,0.0,0.0,1.0,0.0
1582691,0.0,0.0,0.0,0.0,0.0,2.0,0.0
1583191,0.0,0.0,0.0,0.0,0.0,0.0,0.0
1586591,0.0,0.0,0.0,0.0,0.0,1.0,0.0
1587091,0.0,0.0,0.0,0.0,0.0,0.0,0.0
1587100,0.0,0.0,0.0,0.0,0.0,1.0,0.0
1587600,0.0,0.0,0.0,0.0,0.0,0.0,0.0
1588959,0.0,0.0,0.0,0.0,0.0,1.0,0.0
1589459,0.0,0.0,0.0,0.0,0.0,0.0,0.0
1589880,0.0,0.0,0.0,0.0,0.0,1.0,0.0
1590380,0.0,0.0,0.0,0.0,0.0,0.0,0.0
1591294,0.0,0.0,0.0,0.0,0.0,1.0,0.0
1591794,0.0,0.0,0.0,0.0,0.0,0.0,0.0
1592474,0.0,0.0,0.0,0.0,0.0,1.0,0.0
1592482,0.0,0.0,0.0,0.0,1.0,1.0,0.0
1592974,0.0,0.0,0.0,0.0,1.0,0.0,0.0
1592982,0.0,0.0,0.0,0.0,0.0,0.0,0.0
1593146,0.0,0.0,0.0,0.0,0.0,1.0,0.0
1593646,0.0,0.0,0.0,0.0,0.0,0.0,0.0
1593703,0.0,0.0,0.0,0.0,0.0,1.0,0.0
1594203,0.0,0.0,0.0,0.0,0.0,0.0,0.0
1594824,0.0,0.0,0.0,0.0,0.0,1.0,0.0
1595324,0.0,0.0,0.0,0.0,0.0,0.0,0.0
1596625,0.0,0.0,0.0,0.0,0.0,1.0,0.0
1597125,0.0,0.0,0.0,0.0,0.0,0.0,0.0
1597410,0.0,0.0,0.0,0.0,0.0,1.0,0.0
1597910,0.0,0.0,0.0,0.0,0.0,0.0,0.0
1598231,0.0,0.0,0.0,0.0,0.0,1.0,0.0
1598731,0.0,0.0,0.0,0.0,0.0,0.0,0.0
1598908,0.0,0.0,0.0,0.0,0.0,1.0,0.0
1599408,0.0,0.0,0.0,0.0,0.0,0.0,0.0
1599768,0.0,0.0,0.0,0.0,0.0,1.0,0.0
1600000,0.0,0.0,0.0,0.0,0.0,1.0,1.0
1600268,0.0,0.0,0.0,0.0,0.0,0.0,1.0
1600457,0.0,0.0,0.0,0.0,0.0,1.0,1.0
1600500,0.0,0.0,0.0,0.0,0.0,1.0,0.0
1600720,0.0,2.0,0.0,0.0,0.0,1.0,0.0
1600957,0.0,2.0,0.0,0.0,0.0,0.0,0.0
1601220,0.0,0.0,0.0,0.0,0.0,0.0,0.0
1601491,0.0,0.0,0.0,0.0,0.0,1.0,0.0
1601515,0.0,0.0,0.0,0.0,1.0,1.0,0.0
1601599,2.0,0.0,0.0,0.0,1.0,1.0,0.0
1601846,2.0,0.0,0.0,0.0,2.0,1.0,0.0
1601991,2.0,0.0,0.0,0.0,2.0,0.0,0.0
1602020,2.0,0.0,0.0,0.0,2.0,1.0,0.0
1602099,0.0,0.0,0.0,0.0,2.0,1.0,0.0
1602335,2.0,0.0,0.0,0.0,2.0,1.0,0.0
1602346,2.0,0.0,0.0,0.0,0.0,1.0,0.0
1602379,2.0,0.0,0.0,0.0,0.0,2.0,0.0
1602835,0.0,0.0,0.0,0.0,0.0,2.0,0.0
1602879,0.0,0.0,0.0,0.0,0.0,0.0,0.0
1603140,0.0,0.0,0.0,0.0,0.0,1.0,0.0
1603281,0.0,0.0,0.0,0.0,1.0,1.0,0.0
1603640,0.0,0.0,0.0,0.0,1.0,0.0,0.0
1603781,0.0,0.0,0.0,0.0,0.0,0.0,0.0
1603906,0.0,0.0,0.0,0.0,0.0,1.0,0.0
1604406,0.0,0.0,0.0,0.0,0.0,0.0,0.0
1604503,0.0,0.0,0.0,0.0,0.0,1.0,0.0
1605003,0.0,0.0,0.0,0.0,0.0,0.0,0.0
1606544,0.0,0.0,0.0,0.0,0.0,1.0,0.0
1607044,0.0,0.0,0.0,0.0,0.0,0.0,0.0
1607586,0.0,0.0,0.0,0.0,0.0,1.0,0.0
1607618,0.0,0.0,1.0,0.0,0.0,1.0,0.0
1608086,0.0,0.0,1.0,0.0,0.0,0.0,0.0
1608803,0.0,0.0,1.0,0.0,0.0,1.0,0.0
1608808,0.0,0.0,1.0,0.0,0.0,2.0,0.0
1609308,0.0,0.0,1.0,0.0,0.0,0.0,0.0
1609634,0.0,0.0,1.0,0.0,0.0,1.0,0.0
1609636,0.0,0.0,1.0,0.0,0.0,2.0,0.0
1609791,2.0,0.0,1.0,0.0,0.0,2.0,0.0
1610136,2.0,0.0,1.0,0.0,0.0,0.0,0.0
1610291,0.0,0.0,1.0,0.0,0.0,0.0,0.0
1611292,0.0,0.0,1.0,0.0,0.0,1.0,0.0
1611792,0.0,0.0,1.0,0.0,0.0,0.0,0.0
1612376,0.0,0.0,1.0,0.0,0.0,1.0,0.0
1612378,0.0,0.0,1.0,0.0,0.0,2.0,0.0
1612878,0.0,0.0,1.0,0.0,0.0,0.0,0.0
1612995,0.0,0.0,1.0,0.0,0.0,1.0,0.0
1613110,0.0,0.0,2.0,0.0,0.0,1.0,0.0
1613495,0.0,0.0,2.0,0.0,0.0,0.0,0.0
1613560,0.0,2.0,2.0,0.0,0.0,0.0,0.0
1613564,0.0,2.0,2.0,0.0,0.0,1.0,0.0
1613610,0.0,2.0,0.0,0.0,0.0,1.0,0.0
1613650,0.0,2.0,1.0,0.0,0.0,1.0,0.0
1614060,0.0,0.0,1.0,0.0,0.0,1.0,0.0
1614064,0.0,0.0,1.0,0.0,0.0,0.0,0.0
1614150,0.0,0.0,0.0,0.0,0.0,0.0,0.0
1616888,0.0,0.0,0.0,0.0,0.0,1.0,0.0
1616889,0.0,0.0,0.0,0.0,0.0,2.0,0.0
1617252,0.0,0.0,1.0,0.0,0.0,2.0,0.0
1617389,0.0,0.0,1.0,0.0,0.0,0.0,0.0
1617752,0.0,0.0,0.0,0.0,0.0,0.0,0.0
1618292,0.0,0.0,0.0,0.0,0.0,1.0,0.0
1618296,0.0,0.0,0.0,0.0,0.0,2.0,0.0
1618796,0.0,0.0,0.0,0.0,0.0,0.0,0.0
1619752,0.0,0.0,0.0,0.0,0.0,1.0,0.0
1620252,0.0,0.0,0.0,0.0,0.0,0.0,0.0
1622983,0.0,0.0,0.0,0.0,0.0,1.0,0.0
1623483,0.0,0.0,0.0,0.0,0.0,0.0,0.0
1623597,0.0,0.0,0.0,0.0,0.0,1.0,0.0
1624097,0.0,0.0,0.0,0.0,0.0,0.0,0.0
1626963,0.0,0.0,0.0,0.0,0.0,1.0,0.0
1627463,0.0,0.0,0.0,0.0,0.0,0.0,0.0
1627640,0.0,0.0,0.0,0.0,1.0,0.0,0.0
1627822,0.0,0.0,0.0,0.0,2.0,0.0,0.0
1627823,0.0,0.0,0.0,0.0,2.0,1.0,0.0
1628322,0.0,0.0,0.0,0.0,0.0,1.0,0.0
1628323,0.0,0.0,0.0,0.0,0.0,0.0,0.0
1629507,0.0,0.0,0.0,0.0,0.0,1.0,0.0
1630007,0.0,0.0,0.0,0.0,0.0,0.0,0.0
1630396,0.0,0.0,0.0,0.0,0.0,1.0,0.0
1630896,0.0,0.0,0.0,0.0,0.0,0.0,0.0
1631023,0.0,0.0,0.0,0.0,0.0,1.0,0.0
1631523,0.0,0.0,0.0,0.0,0.0,0.0,0.0
1631975,0.0,0.0,0.0,0.0,0.0,1.0,0.0
1632475,0.0,0.0,0.0,0.0,0.0,0.0,0.0
1634960,0.0,0.0,0.0,0.0,0.0,1.0,0.0
1635460,0.0,0.0,0.0,0.0,0.0,0.0,0.0
1635666,0.0,0.0,0.0,0.0,0.0,1.0,0.0
1636166,0.0,0.0,0.0,0.0,0.0,0.0,0.0
1636799,0.0,0.0,0.0,0.0,1.0,0.0,0.0
1636800,0.0,0.0,0.0,0.0,2.0,0.0,0.0
1636978,0.0,0.0,0.0,0.0,2.0,1.0,0.0
1636979,0.0,0.0,0.0,0.0,2.0,2.0,0.0
1637300,0.0,0.0,0.0,0.0,0.0,2.0,0.0
1637479,0.0,0.0,0.0,0.0,0.0,0.0,0.0
1638047,0.0,0.0,0.0,0.0,0.0,1.0,0.0
1638547,0.0,0.0,0.0,0.0,0.0,0.0,0.0
1639081,0.0,0.0,0.0,0.0,0.0,1.0,0.0
1639092,0.0,0.0,0.0,0.0,0.0,2.0,0.0
1639592,0.0,0.0,0.0,0.0,0.0,0.0,0.0
1640199,0.0,0.0,0.0,0.0,0.0,1.0,0.0
1640699,0.0,0.0,0.0,0.0,0.0,0.0,0.0
1641541,0.0,0.0,0.0,0.0,0.0,1.0,0.0
1642041,0.0,0.0,0.0,0.0,0.0,0.0,0.0
1642490,0.0,0.0,0.0,0.0,0.0,1.0,0.0
1642943,0.0,0.0,0.0,0.0,0.0,2.0,0.0
1643443,0.0,0.0,0.0,0.0,0.0,0.0,0.0
1645533,0.0,0.0,0.0,0.0,0.0,1.0,0.0
1646033,0.0,0.0,0.0,0.0,0.0,0.0,0.0
1647475,0.0,0.0,0.0,0.0,0.0,1.0,0.0
1647975,0.0,0.0,0.0,0.0,0.0,0.0,0.0
1648285,0.0,0.0,0.0,0.0,0.0,1.0,0.0
1648294,0.0,0.0,0.0,0.0,0.0,2.0,0.0
1648321,0.0,0.0,0.0,0.0,1.0,2.0,0.0
1648335,0.0,0.0,0.0,0.0,2.0,2.0,0.0
1648794,0.0,0.0,0.0,0.0,2.0,0.0,0.0
1648835,0.0,0.0,0.0,0.0,0.0,0.0,0.0
1649495,0.0,0.0,0.0,0.0,1.0,0.0,0.0
1649995,0.0,0.0,0.0,0.0,0.0,0.0,0.0
1650265,0.0,0.0,0.0,0.0,0.0,1.0,0.0
1650765,0.0,0.0,0.0,0.0,0.0,0.0,0.0
1651220,0.0,0.0,0.0,0.0,0.0,1.0,0.0
1651720,0.0,0.0,0.0,0.0,0.0,0.0,0.0
1651934,0.0,0.0,0.0,0.0,0.0,1.0,0.0
1652434,0.0,0.0,0.0,0.0,0.0,0.0,0.0
1652799,0.0,0.0,0.0,0.0,0.0,1.0,0.0
1653299,0.0,0.0,0.0,0.0,0.0,0.0,0.0
1654005,0.0,0.0,0.0,0.0,0.0,1.0,0.0
1654505,0.0,0.0,0.0,0.0,0.0,0.0,0.0
1654928,0.0,0.0,0.0,0.0,0.0,1.0,0.0
1654932,0.0,0.0,0.0,0.0,0.0,2.0,0.0
1655432,0.0,0.0,0.0,0.0,0.0,0.0,0.0
1658318,0.0,0.0,0.0,0.0,0.0,1.0,0.0
1658818,0.0,0.0,0.0,0.0,0.0,0.0,0.0
1658916,0.0,0.0,0.0,0.0,0.0,1.0,0.0
1659416,0.0,0.0,0.0,0.0,0.0,0.0,0.0
1659425,0.0,0.0,0.0,0.0,0.0,1.0,0.0
1659925,0.0,0.0,0.0,0.0,0.0,0.0,0.0
1659973,0.0,0.0,0.0,0.0,0.0,1.0,0.0
1660473,0.0,0.0,0.0,0.0,0.0,0.0,0.0
1663063,0.0,0.0,0.0,0.0,0.0,1.0,0.0
1663446,0.0,0.0,0.0,0.0,0.0,2.0,0.0
1663946,0.0,0.0,0.0,0.0,0.0,0.0,0.0
1664194,0.0,0.0,0.0,0.0,0.0,1.0,0.0
1664694,0.0,0.0,0.0,0.0,0.0,0.0,0.0
1666341,0.0,0.0,0.0,0.0,0.0,1.0,0.0
1666841,0.0,0.0,0.0,0.0,0.0,0.0,0.0
1667254,0.0,0.0,0.0,0.0,0.0,1.0,0.0
1667256,0.0,0.0,0.0,0.0,0.0,2.0,0.0
1667756,0.0,0.0,0.0,0.0,0.0,0.0,0.0
1668518,0.0,0.0,0.0,0.0,0.0,1.0,0.0
1669018,0.0,0.0,0.0,0.0,0.0,0.0,0.0
1669062,0.0,0.0,0.0,0.0,0.0,1.0,0.0
1669562,0.0,0.0,0.0,0.0,0.0,0.0,0.0
1669570,0.0,0.0,0.0,0.0,0.0,1.0,0.0
1670070,0.0,0.0,0.0,0.0,0.0,0.0,0.0
1670306,0.0,0.0,0.0,0.0,0.0,1.0,0.0
1670806,0.0,0.0,0.0,0.0,0.0,0.0,0.0
1672701,0.0,0.0,0.0,0.0,0.0,1.0,0.0
1672943,0.0,0.0,0.0,0.0,0.0,2.0,0.0
1673443,0.0,0.0,0.0,0.0,0.0,0.0,0.0
1674096,0.0,0.0,0.0,0.0,0.0,1.0,0.0
1674596,0.0,0.0,0.0,0.0,0.0,0.0,0.0
1674716,0.0,0.0,0.0,0.0,0.0,1.0,0.0
1675216,0.0,0.0,0.0,0.0,0.0,0.0,0.0
1676313,0.0,0.0,0.0,0.0,0.0,1.0,0.0
1676323,0.0,0.0,0.0,0.0,0.0,2.0,0.0
1676823,0.0,0.0,0.0,0.0,0.0,0.0,0.0
1678529,0.0,0.0,0.0,0.0,0.0,1.0,0.0
1679029,0.0,0.0,0.0,0.0,0.0,0.0,0.0
1679305,0.0,0.0,0.0,0.0,0.0,1.0,0.0
1679805,0.0,0.0,0.0,0.0,0.0,0.0,0.0
1680009,0.0,0.0,0.0,0.0,0.0,1.0,0.0
1680509,0.0,0.0,0.0,0.0,0.0,0.0,0.0
1681167,0.0,0.0,0.0,0.0,0.0,1.0,0.0
1681667,0.0,0.0,0.0,0.0,0.0,0.0,0.0
1681783,0.0,0.0,0.0,0.0,1.0,1.0,0.0
1681794,0.0,0.0,0.0,0.0,1.0,2.0,0.0
1682283,0.0,0.0,0.0,0.0,0.0,2.0,0.0
1682294,0.0,0.0,0.0,0.0,0.0,0.0,0.0
1682802,0.0,0.0,0.0,0.0,0.0,1.0,0.0
1683302,0.0,0.0,0.0,0.0,0.0,0.0,0.0
1684662,0.0,0.0,0.0,0.0,0.0,1.0,0.0
1685162,0.0,0.0,0.0,0.0,0.0,0.0,0.0
1687012,0.0,0.0,0.0,0.0,0.0,1.0,0.0
1687250,0.0,0.0,0.0,0.0,0.0,2.0,0.0
1687750,0.0,0.0,0.0,0.0,0.0,0.0,0.0
1688046,0.0,0.0,0.0,0.0,0.0,1.0,0.0
1688546,0.0,0.0,0.0,0.0,0.0,0.0,0.0
1689774,0.0,0.0,0.0,0.0,0.0,1.0,0.0
1689935,0.0,0.0,0.0,0.0,0.0,2.0,0.0
1690435,0.0,0.0,0.0,0.0,0.0,0.0,0.0
1690450,0.0,0.0,0.0,0.0,0.0,1.0,0.0
1690950,0.0,0.0,0.0,0.0,0.0,0.0,0.0
1692362,0.0,0.0,0.0,0.0,0.0,1.0,0.0
1692862,0.0,0.0,0.0,0.0,0.0,0.0,0.0
1695061,0.0,0.0,0.0,0.0,0.0,1.0,0.0
1695561,0.0,0.0,0.0,0.0,0.0,0.0,0.0
1697248,0.0,0.0,0.0,0.0,0.0,1.0,0.0
1697748,0.0,0.0,0.0,0.0,0.0,0.0,0.0
1698313,0.0,0.0,0.0,0.0,0.0,1.0,0.0
1698813,0.0,0.0,0.0,0.0,0.0,0.0,0.0
1699077,0.0,0.0,0.0,0.0,0.0,1.0,0.0
1699087,0.0,0.0,0.0,0.0,0.0,2.0,0.0
1699587,0.0,0.0,0.0,0.0,0.0,0.0,0.0
1704968,0.0,0.0,0.0,0.0,0.0,1.0,0.0
1705468,0.0,0.0,0.0,0.0,0.0,0.0,0.0
1706086,0.0,0.0,0.0,0.0,0.0,1.0,0.0
1706586,0.0,0.0,0.0,0.0,0.0,0.0,0.0
1711189,0.0,0.0,0.0,0.0,0.0,1.0,0.0
1711689,0.0,0.0,0.0,0.0,0.0,0.0,0.0
1712852,0.0,0.0,0.0,0.0,0.0,1.0,0.0
1713352,0.0,0.0,0.0,0.0,0.0,0.0,0.0
1713932,0.0,0.0,0.0,0.0,0.0,1.0,0.0
1714432,0.0,0.0,0.0,0.0,0.0,0.0,0.0
1714734,0.0,0.0,0.0,0.0,0.0,1.0,0.0
1715234,0.0,0.0,0.0,0.0,0.0,0.0,0.0
1716556,0.0,0.0,0.0,0.0,0.0,1.0,0.0
1717056,0.0,0.0,0.0,0.0,0.0,0.0,0.0
1720481,0.0,0.0,0.0,0.0,0.0,1.0,0.0
1720981,0.0,0.0,0.0,0.0,0.0,0.0,0.0
1721428,0.0,0.0,0.0,0.0,0.0,1.0,0.0
1721515,0.0,0.0,0.0,0.0,0.0,2.0,0.0
1722015,0.0,0.0,0.0,0.0,0.0,0.0,0.0
1722921,0.0,0.0,0.0,0.0,0.0,1.0,0.0
1723421,0.0,0.0,0.0,0.0,0.0,0.0,0.0
1728808,0.0,0.0,0.0,0.0,0.0,1.0,0.0
1729308,0.0,0.0,0.0,0.0,0.0,0.0,0.0
1729815,0.0,0.0,0.0,0.0,0.0,1.0,0.0
1729818,0.0,0.0,0.0,0.0,0.0,2.0,0.0
1730318,0.0,0.0,0.0,0.0,0.0,0.0,0.0
1732595,0.0,0.0,0.0,0.0,0.0,1.0,0.0
1732600,0.0,0.0,0.0,0.0,0.0,2.0,0.0
1733100,0.0,0.0,0.0,0.0,0.0,0.0,0.0
1734173,0.0,0.0,0.0,0.0,0.0,1.0,0.0
1734673,0.0,0.0,0.0,0.0,0.0,0.0,0.0
1735708,0.0,0.0,0.0,0.0,0.0,1.0,0.0
1736208,0.0,0.0,0.0,0.0,0.0,0.0,0.0
1737912,0.0,0.0,0.0,0.0,0.0,1.0,0.0
1738412,0.0,0.0,0.0,0.0,0.0,0.0,0.0
1740616,0.0,0.0,0.0,0.0,0.0,1.0,0.0
1741116,0.0,0.0,0.0,0.0,0.0,0.0,0.0
1742823,0.0,0.0,0.0,0.0,0.0,1.0,0.0
1743323,0.0,0.0,0.0,0.0,0.0,0.0,0.0
1750790,0.0,0.0,0.0,0.0,0.0,1.0,0.0
1751290,0.0,0.0,0.0,0.0,0.0,0.0,0.0
1755963,0.0,0.0,0.0,0.0,1.0,0.0,0.0
1756463,0.0,0.0,0.0,0.0,0.0,0.0,0.0
1762052,0.0,0.0,0.0,0.0,0.0,1.0,0.0
1762552,0.0,0.0,0.0,0.0,0.0,0.0,0.0
1766501,0.0,0.0,0.0,0.0,0.0,1.0,0.0
1767001,0.0,0.0,0.0,0.0,0.0,0.0,0.0
1769768,0.0,0.0,0.0,0.0,0.0,1.0,0.0
1770268,0.0,0.0,0.0,0.0,0.0,0.0,0.0
1770610,0.0,0.0,0.0,0.0,0.0,1.0,0.0
1771110,0.0,0.0,0.0,0.0,0.0,0.0,0.0
1773006,0.0,0.0,0.0,0.0,0.0,1.0,0.0
1773506,0.0,0.0,0.0,0.0,0.0,0.0,0.0
1779568,0.0,0.0,0.0,0.0,0.0,1.0,0.0
1779570,0.0,0.0,0.0,0.0,0.0,2.0,0.0
1780070,0.0,0.0,0.0,0.0,0.0,0.0,0.0
1780432,0.0,0.0,0.0,0.0,0.0,1.0,0.0
1780932,0.0,0.0,0.0,0.0,0.0,0.0,0.0
1782443,0.0,0.0,0.0,0.0,0.0,1.0,0.0
1782445,0.0,0.0,0.0,0.0,0.0,2.0,0.0
1782945,0.0,0.0,0.0,0.0,0.0,0.0,0.0
1783672,0.0,0.0,0.0,0.0,0.0,1.0,0.0
1784172,0.0,0.0,0.0,0.0,0.0,0.0,0.0
1785083,0.0,0.0,0.0,0.0,0.0,1.0,0.0
1785583,0.0,0.0,0.0,0.0,0.0,0.0,0.0
1785677,0.0,0.0,0.0,0.0,0.0,1.0,0.0
1786177,0.0,0.0,0.0,0.0,0.0,0.0,0.0
1789878,0.0,0.0,0.0,0.0,0.0,1.0,0.0
1790378,0.0,0.0,0.0,0.0,0.0,0.0,0.0
1790413,0.0,0.0,0.0,0.0,0.0,1.0,0.0
1790539,0.0,0.0,0.0,0.0,0.0,2.0,0.0
1791039,0.0,0.0,0.0,0.0,0.0,0.0,0.0
1791501,0.0,0.0,0.0,0.0,1.0,0.0,0.0
1792001,0.0,0.0,0.0,0.0,0.0,0.0,0.0
1794279,0.0,0.0,0.0,0.0,0.0,1.0,0.0
1794779,0.0,0.0,0.0,0.0,0.0,0.0,0.0
1797547,0.0,0.0,0.0,0.0,0.0,1.0,0.0
1798047,0.0,0.0,0.0,0.0,0.0,0.0,0.0
1798693,0.0,0.0,0.0,0.0,0.0,1.0,0.0
1799193,0.0,0.0,0.0,0.0,0.0,0.0,0.0
1800000,0.0,0.0,0.0,0.0,0.0,0.0,1.0
1800007,0.0,0.0,0.0,0.0,0.0,1.0,1.0
1800340,0.0,0.0,0.0,0.0,0.0,2.0,1.0
1800500,0.0,0.0,0.0,0.0,0.0,2.0,0.0
1800840,0.0,0.0,0.0,0.0,0.0,0.0,0.0
1801375,2.0,0.0,0.0,0.0,0.0,0.0,0.0
1801381,2.0,0.0,0.0,0.0,0.0,1.0,0.0
1801537,2.0,2.0,0.0,0.0,0.0,1.0,0.0
1801610,2.0,2.0,0.0,0.0,1.0,1.0,0.0
1801875,0.0,2.0,0.0,0.0,1.0,1.0,0.0
1801881,0.0,2.0,0.0,0.0,1.0,0.0,0.0
1801941,0.0,2.0,0.0,0.0,1.0,1.0,0.0
1801983,2.0,2.0,0.0,0.0,1.0,1.0,0.0
1802037,2.0,0.0,0.0,0.0,1.0,1.0,0.0
1802058,2.0,0.0,0.0,0.0,2.0,1.0,0.0
1802441,2.0,0.0,0.0,0.0,2.0,0.0,0.0
1802483,0.0,0.0,0.0,0.0,2.0,0.0,0.0
1802558,0.0,0.0,0.0,0.0,0.0,0.0,0.0
1802973,0.0,0.0,0.0,0.0,0.0,1.0,0.0
1803473,0.0,0.0,0.0,0.0,0.0,0.0,0.0
1803743,2.0,0.0,0.0,0.0,0.0,0.0,0.0
1804243,0.0,0.0,0.0,0.0,0.0,0.0,0.0
1805962,0.0,0.0,1.0,0.0,0.0,0.0,0.0
1806286,0.0,0.0,1.0,0.0,0.0,1.0,0.0
1806786,0.0,0.0,1.0,0.0,0.0,0.0,0.0
1806813,0.0,0.0,1.0,0.0,0.0,1.0,0.0
1806815,0.0,0.0,1.0,0.0,0.0,2.0,0.0
1807315,0.0,0.0,1.0,0.0,0.0,0.0,0.0
1808232,0.0,0.0,1.0,0.0,0.0,1.0,0.0
1808732,0.0,0.0,1.0,0.0,0.0,0.0,0.0
1810074,0.0,0.0,1.0,0.0,0.0,1.0,0.0
1810077,0.0,0.0,1.0,0.0,0.0,2.0,0.0
1810577,0.0,0.0,1.0,0.0,0.0,0.0,0.0
1812098,0.0,0.0,2.0,0.0,0.0,0.0,0.0
1812598,0.0,0.0,1.0,0.0,0.0,0.0,0.0
1814636,0.0,0.0,1.0,0.0,0.0,1.0,0.0
1815136,0.0,0.0,1.0,0.0,0.0,0.0,0.0
1815253,0.0,0.0,1.0,0.0,0.0,1.0,0.0
1815753,0.0,0.0,1.0,0.0,0.0,0.0,0.0
1816281,0.0,0.0,1.0,0.0,1.0,0.0,0.0
1816679,0.0,0.0,1.0,0.0,1.0,1.0,0.0
1816781,0.0,0.0,1.0,0.0,0.0,1.0,0.0
1817179,0.0,0.0,1.0,0.0,0.0,0.0,0.0
1818021,0.0,0.0,1.0,0.0,0.0,1.0,0.0
1818309,0.0,0.0,1.0,0.0,1.0,1.0,0.0
1818521,0.0,0.0,1.0,0.0,1.0,0.0,0.0
1818726,0.0,0.0,1.0,0.0,1.0,1.0,0.0
1818799,0.0,0.0,1.0,0.0,1.0,2.0,0.0
1818809,0.0,0.0,1.0,0.0,0.0,2.0,0.0
1819299,0.0,0.0,1.0,0.0,0.0,0.0,0.0
1821143,0.0,0.0,1.0,0.0,1.0,0.0,0.0
1821643,0.0,0.0,1.0,0.0,0.0,0.0,0.0
1822661,0.0,0.0,1.0,0.0,0.0,1.0,0.0
1823161,0.0,0.0,1.0,0.0,0.0,0.0,0.0
1825323,0.0,0.0,1.0,0.0,0.0,1.0,0.0
1825823,0.0,0.0,1.0,0.0,0.0,0.0,0.0
1826973,0.0,0.0,1.0,0.0,0.0,1.0,0.0
1827473,0.0,0.0,1.0,0.0,0.0,0.0,0.0
1828158,0.0,0.0,1.0,0.0,0.0,1.0,0.0
1828658,0.0,0.0,1.0,0.0,0.0,0.0,0.0
1829409,0.0,0.0,1.0,0.0,1.0,0.0,0.0
1829557,0.0,0.0,1.0,0.0,1.0,1.0,0.0
1829559,0.0,0.0,1.0,0.0,1.0,2.0,0.0
1829909,0.0,0.0,1.0,0.0,0.0,2.0,0.0
1830059,0.0,0.0,1.0,0.0,0.0,0.0,0.0
1830300,0.0,0.0,1.0,0.0,0.0,1.0,0.0
1830800,0.0,0.0,1.0,0.0,0.0,0.0,0.0
1831197,0.0,0.0,1.0,0.0,0.0,1.0,0.0
1831518,0.0,0.0,1.0,0.0,0.0,2.0,0.0
1832018,0.0,0.0,1.0,0.0,0.0,0.0,0.0
1832493,0.0,0.0,1.0,0.0,0.0,1.0,0.0
1832993,0.0,0.0,1.0,0.0,0.0,0.0,0.0
1833149,0.0,0.0,1.0,0.0,0.0,1.0,0.0
1833649,0.0,0.0,1.0,0.0,0.0,0.0,0.0
1834348,0.0,0.0,1.0,0.0,0.0,1.0,0.0
1834369,0.0,0.0,1.0,0.0,0.0,2.0,0.0
1834869,0.0,0.0,1.0,0.0,0.0,0.0,0.0
1835321,0.0,0.0,1.0,0.0,0.0,1.0,0.0
1835362,0.0,0.0,1.0,0.0,0.0,2.0,0.0
1835390,0.0,2.0,1.0,0.0,0.0,2.0,0.0
1835862,0.0,2.0,1.0,0.0,0.0,0.0,0.0
1835890,0.0,0.0,1.0,0.0,0.0,0.0,0.0
1836698,0.0,0.0,1.0,0.0,0.0,1.0,0.0
1837198,0.0,0.0,1.0,0.0,0.0,0.0,0.0
1838327,0.0,0.0,1.0,0.0,0.0,1.0,0.0
1838827,0.0,0.0,1.0,0.0,0.0,0.0,0.0
1840121,0.0,0.0,1.0,0.0,0.0,1.0,0.0
1840621,0.0,0.0,1.0,0.0,0.0,0.0,0.0
1841033,0.0,0.0,1.0,0.0,0.0,1.0,0.0
1841035,0.0,0.0,1.0,0.0,0.0,2.0,0.0
1841535,0.0,0.0,1.0,0.0,0.0,0.0,0.0
1842098,0.0,0.0,1.0,0.0,0.0,1.0,0.0
1842102,0.0,0.0,1.0,0.0,0.0,2.0,0.0
1842602,0.0,0.0,1.0,0.0,0.0,0.0,0.0
1843413,0.0,0.0,1.0,0.0,0.0,1.0,0.0
1843913,0.0,0.0,1.0,0.0,0.0,0.0,0.0
1844779,0.0,0.0,1.0,0.0,0.0,1.0,0.0
1845279,0.0,0.0,1.0,0.0,0.0,0.0,0.0
1845422,0.0,0.0,1.0,0.0,0.0,1.0,0.0
1845922,0.0,0.0,1.0,0.0,0.0,0.0,0.0
1845929,0.0,0.0,1.0,0.0,0.0,1.0,0.0
1845931,0.0,0.0,1.0,0.0,0.0,2.0,0.0
1846431,0.0,0.0,1.0,0.0,0.0,0.0,0.0
1846447,0.0,0.0,1.0,0.0,0.0,1.0,0.0
1846947,0.0,0.0,1.0,0.0,0.0,0.0,0.0
1847122,0.0,0.0,1.0,0.0,0.0,1.0,0.0
1847622,0.0,0.0,1.0,0.0,0.0,0.0,0.0
1847741,0.0,0.0,1.0,0.0,0.0,1.0,0.0
1848241,0.0,0.0,1.0,0.0,0.0,0.0,0.0
1848265,0.0,0.0,1.0,0.0,0.0,1.0,0.0
1848765,0.0,0.0,1.0,0.0,0.0,0.0,0.0
1849162,0.0,0.0,1.0,0.0,0.0,1.0,0.0
1849662,0.0,0.0,1.0,0.0,0.0,0.0,0.0
1849881,0.0,0.0,1.0,0.0,0.0,1.0,0.0
1850381,0.0,0.0,1.0,0.0,0.0,0.0,0.0
1850686,0.0,0.0,1.0,0.0,0.0,1.0,0.0
1851186,0.0,0.0,1.0,0.0,0.0,0.0,0.0
1851892,0.0,0.0,1.0,0.0,0.0,1.0,0.0
1852392,0.0,0.0,1.0,0.0,0.0,0.0,0.0
1852779,0.0,0.0,1.0,0.0,0.0,1.0,0.0
1852882,0.0,0.0,1.0,0.0,0.0,2.0,0.0
1853382,0.0,0.0,1.0,0.0,0.0,0.0,0.0
1854159,0.0,0.0,1.0,0.0,0.0,1.0,0.0
1854659,0.0,0.0,1.0,0.0,0.0,0.0,0.0
1859201,0.0,0.0,1.0,0.0,0.0,1.0,0.0
1859701,0.0,0.0,1.0,0.0,0.0,0.0,0.0
1859962,0.0,0.0,1.0,0.0,0.0,1.0,0.0
1860462,0.0,0.0,1.0,0.0,0.0,0.0,0.0
1862992,0.0,0.0,1.0,0.0,0.0,1.0,0.0
1863187,0.0,0.0,1.0,0.0,1.0,1.0,0.0
1863369,0.0,0.0,1.0,0.0,1.0,2.0,0.0
1863687,0.0,0.0,1.0,0.0,0.0,2.0,0.0
1863869,0.0,0.0,1.0,0.0,0.0,0.0,0.0
1864060,0.0,0.0,1.0,0.0,0.0,1.0,0.0
1864560,0.0,0.0,1.0,0.0,0.0,0.0,0.0
1865097,0.0,0.0,1.0,0.0,0.0,1.0,0.0
1865101,0.0,0.0,1.0,0.0,0.0,2.0,0.0
1865601,0.0,0.0,1.0,0.0,0.0,0.0,0.0
1867612,0.0,0.0,1.0,0.0,0.0,1.0,0.0
1868612,0.0,0.0,1.0,0.0,0.0,0.0,0.0
1868636,0.0,0.0,1.0,0.0,0.0,1.0,0.0
1869136,0.0,0.0,1.0,0.0,0.0,0.0,0.0
1870321,0.0,0.0,1.0,0.0,0.0,1.0,0.0
1870821,0.0,0.0,1.0,0.0,0.0,0.0,0.0
1871381,0.0,0.0,1.0,0.0,0.0,1.0,0.0
1871881,0.0,0.0,1.0,0.0,0.0,0.0,0.0
1872697,0.0,0.0,1.0,0.0,1.0,0.0,0.0
1873197,0.0,0.0,1.0,0.0,0.0,0.0,0.0
1873374,0.0,0.0,1.0,0.0,0.0,1.0,0.0
1873874,0.0,0.0,1.0,0.0,0.0,0.0,0.0
1874763,0.0,0.0,1.0,0.0,0.0,1.0,0.0
1875186,0.0,0.0,1.0,0.0,0.0,2.0,0.0
1875686,0.0,0.0,1.0,0.0,0.0,0.0,0.0
1876023,0.0,0.0,1.0,0.0,0.0,1.0,0.0
1876076,0.0,0.0,1.0,0.0,0.0,2.0,0.0
1876576,0.0,0.0,1.0,0.0,0.0,0.0,0.0
1876824,0.0,0.0,1.0,0.0,0.0,1.0,0.0
1877324,0.0,0.0,1.0,0.0,0.0,0.0,0.0
1880005,0.0,0.0,1.0,0.0,0.0,1.0,0.0
1880505,0.0,0.0,1.0,0.0,0.0,0.0,0.0
1881010,0.0,0.0,1.0,0.0,0.0,1.0,0.0
1881510,0.0,0.0,1.0,0.0,0.0,0.0,0.0
1881536,0.0,0.0,1.0,0.0,0.0,1.0,0.0
1882036,0.0,0.0,1.0,0.0,0.0,0.0,0.0
1882218,0.0,0.0,1.0,0.0,0.0,1.0,0.0
1882718,0.0,0.0,1.0,0.0,0.0,0.0,0.0
1882772,0.0,0.0,1.0,0.0,0.0,1.0,0.0
1883272,0.0,0.0,1.0,0.0,0.0,0.0,0.0
1883350,0.0,0.0,1.0,0.0,0.0,1.0,0.0
1883850,0.0,0.0,1.0,0.0,0.0,0.0,0.0
1884403,0.0,0.0,1.0,0.0,0.0,1.0,0.0
1884903,0.0,0.0,1.0,0.0,0.0,0.0,0.0
1885253,0.0,0.0,1.0,0.0,0.0,1.0,0.0
1885753,0.0,0.0,1.0,0.0,0.0,0.0,0.0
1886844,0.0,0.0,1.0,0.0,0.0,1.0,0.0
1887344,0.0,0.0,1.0,0.0,0.0,0.0,0.0
1887549,0.0,0.0,1.0,0.0,0.0,1.0,0.0
1888049,0.0,0.0,1.0,0.0,0.0,0.0,0.0
1888322,0.0,0.0,1.0,0.0,0.0,1.0,0.0
1888822,0.0,0.0,1.0,0.0,0.0,0.0,0.0
1889091,0.0,0.0,1.0,0.0,0.0,1.0,0.0
1889129,0.0,0.0,1.0,0.0,0.0,2.0,0.0
1889629,0.0,0.0,1.0,0.0,0.0,0.0,0.0
1889872,0.0,0.0,1.0,0.0,0.0,1.0,0.0
1890372,0.0,0.0,1.0,0.0,0.0,0.0,0.0
1890763,0.0,0.0,1.0,0.0,0.0,1.0,0.0
1891263,0.0,0.0,1.0,0.0,0.0,0.0,0.0
1891805,0.0,0.0,1.0,0.0,0.0,1.0,0.0
1892305,0.0,0.0,1.0,0.0,0.0,0.0,0.0
1892941,0.0,0.0,1.0,0.0,0.0,1.0,0.0
1893441,0.0,0.0,1.0,0.0,0.0,0.0,0.0
1893578,0.0,0.0,1.0,0.0,0.0,1.0,0.0
1894078,0.0,0.0,1.0,0.0,0.0,0.0,0.0
1894293,0.0,0.0,1.0,0.0,0.0,1.0,0.0
1894793,0.0,0.0,1.0,0.0,0.0,0.0,0.0
1894837,0.0,0.0,1.0,0.0,0.0,1.0,0.0
1895337,0.0,0.0,1.0,0.0,0.0,0.0,0.0
1897166,0.0,0.0,1.0,0.0,0.0,1.0,0.0
1897172,0.0,0.0,1.0,0.0,0.0,2.0,0.0
1897672,0.0,0.0,1.0,0.0,0.0,0.0,0.0
1898678,0.0,0.0,1.0,0.0,0.0,1.0,0.0
1898679,0.0,0.0,1.0,0.0,1.0,1.0,0.0
1898680,0.0,0.0,1.0,0.0,2.0,2.0,0.0
1899180,0.0,0.0,1.0,0.0,0.0,0.0,0.0
1899747,0.0,0.0,1.0,0.0,0.0,1.0,0.0
1900247,0.0,0.0,1.0,0.0,0.0,0.0,0.0
1900625,0.0,0.0,1.0,0.0,0.0,1.0,0.0
1901125,0.0,0.0,1.0,0.0,0.0,0.0,0.0
1904585,0.0,0.0,1.0,0.0,0.0,1.0,0.0
1905085,0.0,0.0,1.0,0.0,0.0,0.0,0.0
1908018,0.0,0.0,1.0,0.0,0.0,1.0,0.0
1908021,0.0,0.0,1.0,0.0,0.0,2.0,0.0
1908521,0.0,0.0,1.0,0.0,0.0,0.0,0.0
1909214,0.0,0.0,1.0,0.0,0.0,1.0,0.0
1909714,0.0,0.0,1.0,0.0,0.0,0.0,0.0
1909782,0.0,0.0,1.0,0.0,0.0,1.0,0.0
1910282,0.0,0.0,1.0,0.0,0.0,0.0,0.0
1913180,0.0,0.0,1.0,0.0,0.0,1.0,0.0
1913680,0.0,0.0,1.0,0.0,0.0,0.0,0.0
1915245,0.0,0.0,1.0,0.0,0.0,1.0,0.0
1915598,0.0,0.0,0.0,0.0,0.0,1.0,0.0
1915745,0.0,0.0,0.0,0.0,0.0,0.0,0.0
1917096,0.0,0.0,0.0,0.0,0.0,1.0,0.0
1917596,0.0,0.0,0.0,0.0,0.0,0.0,0.0
1918321,0.0,0.0,0.0,0.0,0.0,1.0,0.0
1918322,0.0,0.0,0.0,0.0,0.0,2.0,0.0
1918822,0.0,0.0,0.0,0.0,0.0,0.0,0.0
1920427,0.0,0.0,0.0,0.0,0.0,1.0,0.0
1920927,0.0,0.0,0.0,0.0,0.0,0.0,0.0
1924736,0.0,0.0,0.0,0.0,0.0,1.0,0.0
1925236,0.0,0.0,0.0,0.0,0.0,0.0,0.0
1925687,0.0,0.0,0.0,0.0,0.0,1.0,0.0
1926187,0.0,0.0,0.0,0.0,0.0,0.0,0.0
1927325,0.0,0.0,0.0,0.0,0.0,1.0,0.0
1927825,0.0,0.0,0.0,0.0,0.0,0.0,0.0
1930163,0.0,0.0,0.0,0.0,0.0,1.0,0.0
1930663,0.0,0.0,0.0,0.0,0.0,0.0,0.0
1934468,0.0,0.0,0.0,0.0,0.0,1.0,0.0
1934968,0.0,0.0,0.0,0.0,0.0,0.0,0.0
1935173,0.0,0.0,0.0,0.0,0.0,1.0,0.0
1935673,0.0,0.0,0.0,0.0,0.0,0.0,0.0
1935963,0.0,0.0,0.0,0.0,0.0,1.0,0.0
1935964,0.0,0.0,0.0,0.0,0.0,2.0,0.0
1936464,0.0,0.0,0.0,0.0,0.0,0.0,0.0
1940224,0.0,0.0,0.0,0.0,0.0,1.0,0.0
1940724,0.0,0.0,0.0,0.0,0.0,0.0,0.0
1941722,0.0,0.0,0.0,0.0,0.0,1.0,0.0
1942222,0.0,0.0,0.0,0.0,0.0,0.0,0.0
1944932,0.0,0.0,0.0,0.0,1.0,0.0,0.0
1945432,0.0,0.0,0.0,0.0,0.0,0.0,0.0
1946307,0.0,0.0,0.0,0.0,0.0,1.0,0.0
1946309,0.0,0.0,0.0,0.0,0.0,2.0,0.0
1946809,0.0,0.0,0.0,0.0,0.0,0.0,0.0
1949326,0.0,0.0,0.0,0.0,0.0,1.0,0.0
1949826,0.0,0.0,0.0,0.0,0.0,0.0,0.0
1952078,0.0,0.0,0.0,0.0,0.0,1.0,0.0
1952578,0.0,0.0,0.0,0.0,0.0,0.0,0.0
1953402,0.0,0.0,0.0,0.0,0.0,1.0,0.0
1953902,0.0,0.0,0.0,0.0,0.0,0.0,0.0
1954217,0.0,0.0,0.0,0.0,0.0,1.0,0.0
1954717,0.0,0.0,0.0,0.0,0.0,0.0,0.0
1958378,0.0,0.0,0.0,0.0,0.0,1.0,0.0
1958878,0.0,0.0,0.0,0.0,0.0,0.0,0.0
1958882,0.0,0.0,0.0,0.0,0.0,1.0,0.0
1959382,0.0,0.0,0.0,0.0,0.0,0.0,0.0
1960436,0.0,0.0,0.0,0.0,0.0,1.0,0.0
1960936,0.0,0.0,0.0,0.0,0.0,0.0,0.0
1961281,0.0,0.0,0.0,0.0,0.0,1.0,0.0
1961781,0.0,0.0,0.0,0.0,0.0,0.0,0.0
1965366,0.0,0.0,0.0,0.0,0.0,1.0,0.0
1965866,0.0,0.0,0.0,0.0,0.0,0.0,0.0
1967834,0.0,0.0,0.0,0.0,0.0,1.0,0.0
1968334,0.0,0.0,0.0,0.0,0.0,0.0,0.0
1968692,0.0,0.0,0.0,0.0,0.0,1.0,0.0
1969192,0.0,0.0,0.0,0.0,0.0,0.0,0.0
1969637,0.0,0.0,0.0,0.0,0.0,1.0,0.0
1970137,0.0,0.0,0.0,0.0,0.0,0.0,0.0
1970503,0.0,0.0,0.0,0.0,0.0,1.0,0.0
1970505,0.0,0.0,0.0,0.0,0.0,2.0,0.0
1971005,0.0,0.0,0.0,0.0,0.0,0.0,0.0
1973198,0.0,0.0,0.0,0.0,0.0,1.0,0.0
1973698,0.0,0.0,0.0,0.0,0.0,0.0,0.0
1974409,0.0,0.0,0.0,0.0,0.0,1.0,0.0
1974415,0.0,0.0,0.0,0.0,1.0,1.0,0.0
1974418,0.0,0.0,0.0,0.0,2.0,2.0,0.0
1974918,0.0,0.0,0.0,0.0,0.0,0.0,0.0
1976253,0.0,0.0,0.0,0.0,0.0,1.0,0.0
1976753,0.0,0.0,0.0,0.0,0.0,0.0,0.0
1977083,0.0,0.0,0.0,0.0,0.0,1.0,0.0
1977583,0.0,0.0,0.0,0.0,0.0,0.0,0.0
1977798,0.0,0.0,0.0,0.0,0.0,1.0,0.0
1978298,0.0,0.0,0.0,0.0,0.0,0.0,0.0
1978396,0.0,0.0,0.0,0.0,0.0,1.0,0.0
1978896,0.0,0.0,0.0,0.0,0.0,0.0,0.0
1984011,0.0,0.0,0.0,0.0,0.0,1.0,0.0
1984511,0.0,0.0,0.0,0.0,0.0,0.0,0.0
1985665,0.0,0.0,0.0,0.0,0.0,1.0,0.0
1986165,0.0,0.0,0.0,0.0,0.0,0.0,0.0
1989278,0.0,0.0,0.0,0.0,1.0,0.0,0.0
1989665,0.0,0.0,0.0,0.0,1.0,1.0,0.0
1989669,0.0,0.0,0.0,0.0,1.0,2.0,0.0
1989778,0.0,0.0,0.0,0.0,0.0,2.0,0.0
1990169,0.0,0.0,0.0,0.0,0.0,0.0,0.0
1993966,0.0,0.0,0.0,0.0,0.0,1.0,0.0
1994466,0.0,0.0,0.0,0.0,0.0,0.0,0.0
1995577,0.0,0.0,0.0,0.0,0.0,1.0,0.0
1996077,0.0,0.0,0.0,0.0,0.0,0.0,0.0
1996698,0.0,0.0,0.0,0.0,0.0,1.0,0.0
1997198,0.0,0.0,0.0,0.0,0.0,0.0,0.0
1999154,0.0,0.0,0.0,0.0,0.0,1.0,0.0
1999654,0.0,0.0,0.0,0.0,0.0,0.0,0.0
2000000,0.0,0.0,0.0,0.0,0.0,0.0,1.0
2000047,0.0,0.0,0.0,0.0,0.0,1.0,1.0
